year,month,day_of_week,hour_of_day,province,district,road_type,road_condition,weather_condition,lighting_condition,vehicle_type,vehicles_involved,accident_cause,is_rush_hour,is_weekend,is_night,is_foggy_month,num_injured,num_killed,severity
2020,4,Thursday,15,Islamabad,Islamabad,National Highway,Good,Rainy,Daylight,Motorcycle,3,Pedestrian Error,0,0,0,0,4,2,High
2018,8,Thursday,19,Balochistan,Sibi,National Highway,Good,Rainy,Street Light,Motorcycle,1,Over Speeding,1,0,0,0,11,3,High
2021,7,Friday,20,Punjab,Multan,Provincial Highway,Good,Dusty/Smoggy,Street Light,Car/Taxi,2,Wrong Overtaking,1,0,0,0,5,0,Medium
2021,11,Sunday,15,Punjab,Sheikhupura,Provincial Highway,Under Repair,Clear,Daylight,Motorcycle,2,Drunk Driving,0,1,0,1,4,4,High
2018,10,Wednesday,11,Punjab,Lahore,National Highway,Average,Extreme Heat,Street Light,Motorcycle,2,Signal Violation,0,0,0,0,7,1,High
2018,5,Wednesday,18,Punjab,Sheikhupura,Urban Road,Average,Clear,Daylight,Car/Taxi,2,Road Condition,1,0,0,0,1,0,Low
2022,10,Tuesday,18,Punjab,Bahawalpur,Rural Road,Under Repair,Foggy,Daylight,Rickshaw,2,Over Speeding,1,0,0,0,1,0,Low
2019,8,Friday,20,KPK,Mardan,Urban Road,Poor,Clear,No Light,Motorcycle,3,Wrong Overtaking,1,0,0,0,2,0,Medium
2020,2,Wednesday,21,Punjab,Sargodha,Rural Road,Under Repair,Foggy,Street Light,Truck/Lorry,4,Wrong Overtaking,0,0,0,1,5,1,Medium
2022,2,Tuesday,8,Punjab,Sargodha,Provincial Highway,Good,Clear,Daylight,Car/Taxi,3,Wrong Overtaking,1,0,0,1,2,0,Low
2022,3,Sunday,9,Balochistan,Turbat,Rural Road,Good,Dusty/Smoggy,Daylight,Motorcycle,4,Signal Violation,1,1,0,0,2,0,Low
2022,1,Friday,9,Punjab,Bahawalpur,National Highway,Average,Clear,Daylight,Car/Taxi,2,Signal Violation,1,0,0,1,2,0,Medium
2019,7,Sunday,8,KPK,Mansehra,Rural Road,Average,Clear,Daylight,Rickshaw,1,Pedestrian Error,1,1,0,0,2,0,Low
2021,6,Friday,20,Punjab,Sialkot,National Highway,Average,Rainy,Street Light,Motorcycle,2,Drunk Driving,1,0,0,0,9,2,High
2021,12,Saturday,16,Punjab,Gujranwala,Urban Road,Good,Rainy,Daylight,Motorcycle,1,Signal Violation,0,1,0,1,6,1,High
2021,5,Friday,10,KPK,Charsadda,National Highway,Good,Clear,Daylight,Rickshaw,2,Wrong Overtaking,0,0,0,0,1,0,Low
2020,6,Thursday,8,Sindh,Kashmore,Provincial Highway,Poor,Clear,Daylight,Motorcycle,4,Over Speeding,1,0,0,0,4,1,High
2022,6,Friday,12,Balochistan,Sibi,Provincial Highway,Average,Foggy,Daylight,Motorcycle,2,Wrong Overtaking,1,0,0,0,3,3,High
2023,7,Thursday,9,KPK,Kohat,Motorway,Good,Rainy,Daylight,Motorcycle,2,Over Speeding,1,0,0,0,6,3,High
2018,7,Monday,20,KPK,Peshawar,Provincial Highway,Poor,Clear,No Light,Motorcycle,1,Drunk Driving,1,0,0,0,4,3,High
2021,12,Sunday,18,Punjab,Sialkot,Urban Road,Poor,Clear,Street Light,Car/Taxi,2,Road Condition,1,1,0,1,2,0,Low
2023,1,Thursday,17,Punjab,Lahore,Provincial Highway,Good,Clear,Daylight,Motorcycle,3,Wrong Overtaking,1,0,0,1,2,0,Medium
2021,6,Wednesday,13,KPK,Kohat,Provincial Highway,Good,Extreme Heat,Daylight,Bus/Coach,3,Signal Violation,1,0,0,0,2,0,Medium
2021,9,Tuesday,5,KPK,Mansehra,Urban Road,Poor,Clear,Street Light,Motorcycle,1,Drunk Driving,0,0,1,0,5,0,Medium
2019,7,Thursday,20,Gilgit-Baltistan,Hunza,National Highway,Good,Clear,Street Light,Rickshaw,2,Road Condition,1,0,0,0,0,0,Low
2020,6,Friday,9,Punjab,Lahore,Urban Road,Average,Extreme Heat,Daylight,Car/Taxi,1,Signal Violation,1,0,0,0,2,0,Low
2022,11,Thursday,22,Punjab,Faisalabad,Urban Road,Poor,Clear,No Light,Rickshaw,2,Wrong Overtaking,0,0,1,1,1,1,Medium
2023,1,Tuesday,14,KPK,Abbottabad,Rural Road,Good,Clear,Daylight,Car/Taxi,4,Wrong Overtaking,0,0,0,1,0,0,Low
2020,12,Friday,10,Punjab,Rawalpindi,Urban Road,Average,Clear,Daylight,Car/Taxi,4,Over Speeding,0,0,0,1,1,0,Low
2023,12,Thursday,15,Islamabad,Islamabad,Provincial Highway,Poor,Foggy,Daylight,Motorcycle,1,Drunk Driving,0,0,0,1,4,0,High
2022,5,Sunday,11,Balochistan,Turbat,Provincial Highway,Good,Clear,Dawn/Dusk,Car/Taxi,2,Mobile Phone Use,0,1,0,0,0,0,Low
2023,6,Monday,18,Sindh,Nawabshah,Rural Road,Poor,Foggy,Daylight,Motorcycle,2,Pedestrian Error,1,0,0,0,4,1,Medium
2020,11,Saturday,13,KPK,Nowshera,Rural Road,Good,Foggy,Street Light,Motorcycle,2,Signal Violation,1,1,0,1,9,2,High
2021,7,Saturday,16,KPK,Kohat,Provincial Highway,Average,Clear,Daylight,Motorcycle,1,Pedestrian Error,0,1,0,0,0,0,Low
2023,6,Friday,6,Punjab,Sargodha,Rural Road,Good,Dusty/Smoggy,Daylight,Bus/Coach,2,Mechanical Failure,0,0,0,0,2,0,Low
2023,11,Friday,17,Balochistan,Khuzdar,Rural Road,Good,Clear,Daylight,Motorcycle,3,Wrong Overtaking,1,0,0,1,2,0,Medium
2023,9,Saturday,8,Sindh,Mirpur Khas,National Highway,Average,Foggy,Street Light,Rickshaw,1,Pedestrian Error,1,1,0,0,1,0,Medium
2018,12,Monday,7,KPK,Abbottabad,Provincial Highway,Average,Clear,Daylight,Car/Taxi,2,Over Speeding,1,0,0,1,2,0,Low
2022,8,Thursday,14,Punjab,Multan,Rural Road,Average,Foggy,Daylight,Rickshaw,2,Signal Violation,0,0,0,0,0,0,Low
2019,12,Saturday,19,Balochistan,Zhob,National Highway,Good,Clear,No Light,Motorcycle,4,Over Speeding,1,1,0,1,9,1,High
2020,11,Sunday,19,Punjab,Multan,National Highway,Average,Clear,Dawn/Dusk,Motorcycle,4,Over Speeding,1,1,0,1,7,2,High
2020,8,Tuesday,13,Punjab,Multan,Urban Road,Good,Clear,Street Light,Rickshaw,2,Road Condition,1,0,0,0,2,0,Low
2023,12,Friday,18,Balochistan,Loralai,National Highway,Average,Foggy,Daylight,Bus/Coach,2,Road Condition,1,0,0,1,10,0,High
2019,2,Friday,22,Punjab,Sialkot,Provincial Highway,Under Repair,Clear,Street Light,Car/Taxi,1,Pedestrian Error,0,0,1,1,5,0,Medium
2023,5,Tuesday,19,Punjab,Lahore,Provincial Highway,Average,Foggy,Street Light,Motorcycle,3,Wrong Overtaking,1,0,0,0,3,1,Medium
2020,12,Sunday,12,Islamabad,Islamabad,Rural Road,Good,Clear,Daylight,Van/Pickup,2,Over Speeding,1,1,0,1,1,0,Low
2021,4,Thursday,20,Islamabad,Islamabad,National Highway,Poor,Clear,No Light,Rickshaw,3,Wrong Overtaking,1,0,0,0,4,0,Medium
2019,6,Sunday,14,Sindh,Thatta,Urban Road,Poor,Clear,No Light,Bicycle,1,Pedestrian Error,0,1,0,0,2,0,Low
2023,5,Wednesday,16,Sindh,Karachi,Rural Road,Average,Rainy,Daylight,Car/Taxi,4,Mobile Phone Use,0,0,0,0,0,0,Low
2021,2,Wednesday,19,Sindh,Dadu,National Highway,Good,Clear,Dawn/Dusk,Motorcycle,3,Over Speeding,1,0,0,1,11,2,High
2023,1,Tuesday,22,Punjab,Multan,National Highway,Average,Rainy,No Light,Motorcycle,4,Mechanical Failure,0,0,1,1,5,1,High
2020,1,Friday,19,Punjab,Sargodha,Rural Road,Good,Clear,Dawn/Dusk,Motorcycle,4,Signal Violation,1,0,0,1,5,0,Medium
2021,9,Wednesday,16,KPK,Kohat,National Highway,Average,Clear,Daylight,Van/Pickup,2,Signal Violation,0,0,0,0,1,0,Medium
2018,1,Wednesday,18,KPK,Dera Ismail Khan,Provincial Highway,Poor,Clear,Daylight,Car/Taxi,1,Pedestrian Error,1,0,0,1,2,0,Low
2019,11,Saturday,19,KPK,Abbottabad,Provincial Highway,Good,Foggy,No Light,Car/Taxi,1,Driver Fatigue,1,1,0,1,10,4,High
2023,2,Wednesday,15,KPK,Charsadda,Provincial Highway,Good,Foggy,No Light,Motorcycle,3,Over Speeding,0,0,0,1,5,2,High
2022,4,Tuesday,21,Punjab,Rahim Yar Khan,Provincial Highway,Good,Rainy,No Light,Motorcycle,2,Mechanical Failure,0,0,0,0,1,1,Medium
2020,12,Thursday,16,Sindh,Hyderabad,Urban Road,Average,Rainy,Daylight,Rickshaw,1,Over Speeding,0,0,0,1,3,2,Medium
2021,5,Friday,8,Punjab,Rahim Yar Khan,Rural Road,Under Repair,Clear,No Light,Motorcycle,2,Over Speeding,1,0,0,0,4,0,Medium
2022,9,Tuesday,12,Sindh,Sukkur,Provincial Highway,Poor,Clear,Daylight,Car/Taxi,4,Wrong Overtaking,1,0,0,0,1,0,Low
2023,4,Friday,5,Sindh,Mirpur Khas,National Highway,Poor,Rainy,Street Light,Car/Taxi,3,Wrong Overtaking,0,0,1,0,11,0,High
2021,8,Saturday,19,Balochistan,Hub,Rural Road,Under Repair,Foggy,Dawn/Dusk,Car/Taxi,2,Over Speeding,1,1,0,0,1,2,Medium
2023,10,Saturday,7,Punjab,Gujranwala,Motorway,Good,Foggy,Daylight,Car/Taxi,3,Pedestrian Error,1,1,0,0,0,0,Low
2022,1,Tuesday,22,Punjab,Sargodha,National Highway,Good,Clear,Street Light,Motorcycle,3,Over Speeding,0,0,1,1,7,0,High
2021,12,Thursday,14,Punjab,Bahawalpur,National Highway,Poor,Clear,Street Light,Motorcycle,3,Road Condition,0,0,0,1,2,2,Medium
2018,8,Sunday,15,KPK,Charsadda,Motorway,Average,Extreme Heat,Daylight,Truck/Lorry,1,Over Speeding,0,1,0,0,3,1,Medium
2019,7,Saturday,20,Sindh,Sukkur,National Highway,Good,Dusty/Smoggy,No Light,Motorcycle,1,Signal Violation,1,1,0,0,8,1,High
2022,8,Tuesday,16,Punjab,Bahawalpur,Provincial Highway,Average,Clear,Dawn/Dusk,Motorcycle,1,Over Speeding,0,0,0,0,3,1,High
2021,7,Monday,7,Punjab,Rahim Yar Khan,National Highway,Good,Foggy,Dawn/Dusk,Motorcycle,3,Signal Violation,1,0,0,0,11,1,High
2023,9,Sunday,20,KPK,Mardan,Provincial Highway,Good,Dusty/Smoggy,No Light,Motorcycle,2,Signal Violation,1,1,0,0,3,0,Medium
2018,11,Wednesday,21,Punjab,Multan,National Highway,Poor,Clear,No Light,Car/Taxi,2,Over Speeding,0,0,0,1,10,4,High
2021,12,Tuesday,22,KPK,Mardan,Motorway,Good,Extreme Heat,No Light,Car/Taxi,3,Road Condition,0,0,1,1,2,1,Medium
2018,11,Saturday,18,KPK,Kohat,National Highway,Good,Clear,Daylight,Motorcycle,1,Wrong Overtaking,1,1,0,1,4,0,High
2020,12,Monday,13,Punjab,Rawalpindi,Provincial Highway,Good,Dusty/Smoggy,Daylight,Car/Taxi,1,Over Speeding,1,0,0,1,5,0,Medium
2018,7,Saturday,11,Punjab,Rahim Yar Khan,National Highway,Poor,Rainy,Daylight,Car/Taxi,4,Drunk Driving,0,1,0,0,8,1,High
2022,2,Wednesday,7,AJK,Mirpur,Urban Road,Poor,Clear,Daylight,Motorcycle,2,Over Speeding,1,0,0,1,2,1,Medium
2022,11,Thursday,16,Punjab,Rawalpindi,Motorway,Good,Clear,Dawn/Dusk,Car/Taxi,2,Wrong Overtaking,0,0,0,1,2,0,Medium
2023,10,Sunday,18,Punjab,Gujranwala,National Highway,Under Repair,Extreme Heat,Daylight,Motorcycle,2,Over Speeding,1,1,0,0,2,1,High
2022,5,Sunday,13,KPK,Swat,Urban Road,Good,Foggy,Daylight,Car/Taxi,3,Over Speeding,1,1,0,0,1,1,Medium
2020,6,Friday,21,Islamabad,Islamabad,National Highway,Good,Clear,Street Light,Truck/Lorry,3,Pedestrian Error,0,0,0,0,4,0,Medium
2022,2,Saturday,3,AJK,Mirpur,National Highway,Poor,Foggy,No Light,Bus/Coach,4,Pedestrian Error,0,1,1,1,2,1,Medium
2023,7,Tuesday,21,KPK,Kohat,Provincial Highway,Good,Clear,No Light,Car/Taxi,1,Wrong Overtaking,0,0,0,0,1,0,Low
2022,4,Monday,8,Punjab,Rahim Yar Khan,Rural Road,Good,Rainy,Dawn/Dusk,Motorcycle,2,Pedestrian Error,1,0,0,0,4,0,Medium
2018,1,Tuesday,7,Punjab,Gujranwala,Provincial Highway,Poor,Foggy,Daylight,Car/Taxi,1,Wrong Overtaking,1,0,0,1,3,0,Medium
2023,7,Friday,11,KPK,Abbottabad,Provincial Highway,Poor,Rainy,Street Light,Other,2,Road Condition,0,0,0,0,0,1,Low
2018,10,Wednesday,15,Sindh,Larkana,National Highway,Average,Clear,Daylight,Car/Taxi,1,Over Speeding,0,0,0,0,5,1,Medium
2018,12,Saturday,11,Sindh,Sukkur,Urban Road,Poor,Clear,Street Light,Motorcycle,3,Wrong Overtaking,0,1,0,1,1,0,Medium
2022,6,Thursday,3,Balochistan,Khuzdar,Provincial Highway,Average,Clear,No Light,Motorcycle,2,Pedestrian Error,0,0,1,0,2,0,Medium
2023,4,Wednesday,8,Punjab,Rahim Yar Khan,Provincial Highway,Average,Clear,Daylight,Motorcycle,3,Over Speeding,1,0,0,0,11,1,High
2022,12,Wednesday,19,Sindh,Dadu,Urban Road,Good,Foggy,Dawn/Dusk,Rickshaw,3,Drunk Driving,1,0,0,1,1,1,Medium
2022,7,Saturday,14,Punjab,Rahim Yar Khan,National Highway,Good,Rainy,Daylight,Motorcycle,1,Wrong Overtaking,0,1,0,0,2,1,High
2022,5,Tuesday,18,Sindh,Nawabshah,Rural Road,Poor,Foggy,Daylight,Motorcycle,4,Wrong Overtaking,1,0,0,0,9,1,High
2019,12,Saturday,8,Punjab,Rahim Yar Khan,Rural Road,Poor,Foggy,Daylight,Car/Taxi,2,Pedestrian Error,1,1,0,1,2,1,Low
2022,1,Tuesday,8,Punjab,Faisalabad,Provincial Highway,Good,Extreme Heat,Dawn/Dusk,Motorcycle,1,Wrong Overtaking,1,0,0,1,3,1,Medium
2019,6,Thursday,23,Punjab,Lahore,Rural Road,Poor,Clear,Street Light,Motorcycle,2,Over Speeding,0,0,1,0,10,3,High
2022,2,Monday,5,Sindh,Sukkur,Motorway,Good,Rainy,Street Light,Motorcycle,1,Signal Violation,0,0,1,1,11,3,High
2023,9,Sunday,18,KPK,Abbottabad,National Highway,Average,Foggy,Daylight,Van/Pickup,2,Over Speeding,1,1,0,0,4,0,Medium
2023,8,Sunday,10,Sindh,Larkana,Rural Road,Under Repair,Clear,Daylight,Car/Taxi,2,Over Speeding,0,1,0,0,5,0,Medium
2020,12,Friday,3,Islamabad,Islamabad,Provincial Highway,Good,Rainy,No Light,Van/Pickup,4,Driver Fatigue,0,0,1,1,10,1,High
2021,6,Tuesday,5,Punjab,Multan,Motorway,Average,Clear,No Light,Motorcycle,3,Over Speeding,0,0,1,0,8,1,High
2022,6,Friday,6,Punjab,Gujranwala,Provincial Highway,Average,Rainy,Daylight,Motorcycle,1,Signal Violation,0,0,0,0,6,0,High
2023,1,Thursday,21,Balochistan,Gwadar,Rural Road,Good,Clear,No Light,Car/Taxi,2,Mechanical Failure,0,0,0,1,1,0,Low
2019,3,Monday,17,Punjab,Faisalabad,National Highway,Good,Foggy,Daylight,Rickshaw,2,Wrong Overtaking,1,0,0,0,4,0,Medium
2023,11,Sunday,7,Islamabad,Islamabad,Rural Road,Poor,Clear,Street Light,Car/Taxi,2,Over Speeding,1,1,0,1,2,0,Low
2023,10,Wednesday,19,Punjab,Lahore,Urban Road,Poor,Extreme Heat,No Light,Motorcycle,2,Pedestrian Error,1,0,0,0,5,2,Medium
2018,6,Monday,13,Islamabad,Islamabad,National Highway,Average,Rainy,Dawn/Dusk,Rickshaw,2,Mobile Phone Use,1,0,0,0,0,0,Low
2023,11,Sunday,19,Punjab,Rahim Yar Khan,Urban Road,Average,Clear,Street Light,Van/Pickup,3,Driver Fatigue,1,1,0,1,3,1,Medium
2021,5,Monday,22,Balochistan,Loralai,Provincial Highway,Poor,Foggy,No Light,Van/Pickup,3,Signal Violation,0,0,1,0,9,0,High
2018,12,Friday,13,Sindh,Dadu,Rural Road,Good,Dusty/Smoggy,Daylight,Motorcycle,4,Wrong Overtaking,1,0,0,1,1,0,Low
2021,9,Thursday,5,Gilgit-Baltistan,Gilgit,National Highway,Good,Dusty/Smoggy,No Light,Truck/Lorry,2,Weather Condition,0,0,1,0,2,0,High
2021,5,Thursday,8,Punjab,Lahore,Provincial Highway,Good,Clear,Street Light,Rickshaw,4,Road Condition,1,0,0,0,2,0,Low
2023,12,Friday,13,Sindh,Dadu,Urban Road,Average,Rainy,Daylight,Car/Taxi,2,Pedestrian Error,1,0,0,1,0,0,Low
2023,11,Sunday,16,Islamabad,Islamabad,Provincial Highway,Poor,Foggy,Daylight,Van/Pickup,2,Wrong Overtaking,0,1,0,1,2,0,Medium
2020,4,Monday,15,Sindh,Karachi,Provincial Highway,Average,Foggy,Daylight,Motorcycle,2,Wrong Overtaking,0,0,0,0,1,0,Medium
2023,4,Friday,3,Sindh,Karachi,National Highway,Poor,Clear,No Light,Bicycle,2,Wrong Overtaking,0,0,1,0,4,3,High
2019,10,Thursday,12,KPK,Mardan,Provincial Highway,Good,Clear,Daylight,Van/Pickup,2,Driver Fatigue,1,0,0,0,2,1,Medium
2020,7,Friday,16,Sindh,Kashmore,Rural Road,Average,Clear,Daylight,Van/Pickup,2,Drunk Driving,0,0,0,0,1,0,Low
2019,12,Friday,20,Sindh,Nawabshah,Provincial Highway,Good,Foggy,Street Light,Car/Taxi,2,Mechanical Failure,1,0,0,1,2,0,Medium
2020,6,Wednesday,23,Sindh,Dadu,Motorway,Average,Clear,Street Light,Motorcycle,3,Signal Violation,0,0,1,0,6,0,High
2023,1,Thursday,1,Balochistan,Hub,Provincial Highway,Good,Extreme Heat,No Light,Car/Taxi,2,Over Speeding,0,0,1,1,2,0,High
2023,1,Thursday,19,Punjab,Sheikhupura,Urban Road,Average,Clear,Street Light,Bus/Coach,2,Mechanical Failure,1,0,0,1,0,0,Low
2022,4,Sunday,20,Punjab,Sheikhupura,National Highway,Good,Clear,Street Light,Car/Taxi,2,Mechanical Failure,1,1,0,0,1,0,Medium
2023,7,Friday,18,Islamabad,Islamabad,National Highway,Good,Clear,Daylight,Motorcycle,2,Drunk Driving,1,0,0,0,8,0,High
2022,11,Tuesday,13,Balochistan,Chaman,Provincial Highway,Poor,Clear,Daylight,Truck/Lorry,2,Road Condition,1,0,0,1,0,0,Low
2023,10,Saturday,11,Sindh,Jacobabad,Provincial Highway,Good,Clear,Daylight,Motorcycle,4,Over Speeding,0,1,0,0,2,0,High
2023,5,Thursday,1,Sindh,Sukkur,Urban Road,Average,Foggy,Street Light,Van/Pickup,2,Mechanical Failure,0,0,1,0,2,0,Low
2023,1,Sunday,20,Punjab,Rahim Yar Khan,Provincial Highway,Average,Rainy,Street Light,Motorcycle,1,Mechanical Failure,1,1,0,1,10,2,High
2023,3,Friday,18,Punjab,Rawalpindi,National Highway,Good,Clear,Daylight,Motorcycle,4,Mobile Phone Use,1,0,0,0,2,0,Medium
2023,3,Sunday,3,Sindh,Larkana,Urban Road,Average,Dusty/Smoggy,Street Light,Bus/Coach,3,Road Condition,0,1,1,0,5,0,Medium
2022,10,Sunday,15,Punjab,Sheikhupura,National Highway,Average,Clear,Daylight,Motorcycle,2,Driver Fatigue,0,1,0,0,8,2,High
2022,11,Friday,14,Sindh,Sukkur,Rural Road,Good,Rainy,Daylight,Motorcycle,1,Over Speeding,0,0,0,1,3,3,High
2019,11,Thursday,15,Punjab,Bahawalpur,Urban Road,Good,Clear,Dawn/Dusk,Car/Taxi,2,Mechanical Failure,0,0,0,1,0,0,Low
2022,9,Tuesday,9,AJK,Mirpur,Provincial Highway,Average,Foggy,Daylight,Rickshaw,3,Over Speeding,1,0,0,0,11,1,High
2021,9,Monday,8,AJK,Mirpur,National Highway,Poor,Dusty/Smoggy,Daylight,Motorcycle,2,Signal Violation,1,0,0,0,7,2,High
2022,5,Friday,15,KPK,Mansehra,Rural Road,Good,Clear,Daylight,Bus/Coach,2,Mechanical Failure,0,0,0,0,1,0,Low
2020,10,Wednesday,18,Sindh,Larkana,National Highway,Average,Clear,Daylight,Car/Taxi,1,Wrong Overtaking,1,0,0,0,5,1,Medium
2018,9,Sunday,1,Punjab,Sargodha,National Highway,Under Repair,Rainy,Street Light,Truck/Lorry,1,Wrong Overtaking,0,1,1,0,6,2,High
2018,2,Saturday,17,KPK,Peshawar,Provincial Highway,Poor,Clear,Daylight,Car/Taxi,2,Pedestrian Error,1,1,0,1,0,1,Low
2022,7,Wednesday,20,KPK,Abbottabad,Urban Road,Average,Clear,No Light,Motorcycle,3,Drunk Driving,1,0,0,0,3,1,Medium
2022,2,Tuesday,15,Punjab,Bahawalpur,National Highway,Good,Clear,No Light,Motorcycle,1,Wrong Overtaking,0,0,0,1,4,2,Medium
2023,5,Friday,9,Balochistan,Quetta,Rural Road,Average,Rainy,Dawn/Dusk,Bus/Coach,1,Over Speeding,1,0,0,0,7,1,High
2021,2,Monday,4,KPK,Dera Ismail Khan,National Highway,Good,Foggy,No Light,Motorcycle,2,Wrong Overtaking,0,0,1,1,2,3,High
2023,6,Saturday,12,Islamabad,Islamabad,National Highway,Poor,Rainy,Street Light,Motorcycle,1,Over Speeding,1,1,0,0,8,2,High
2023,9,Friday,18,KPK,Abbottabad,National Highway,Poor,Clear,No Light,Bicycle,2,Driver Fatigue,1,0,0,0,5,1,High
2020,2,Sunday,12,Sindh,Sukkur,Rural Road,Poor,Rainy,Daylight,Van/Pickup,2,Wrong Overtaking,1,1,0,1,2,0,Low
2023,10,Friday,8,Punjab,Bahawalpur,Urban Road,Good,Clear,Daylight,Motorcycle,1,Signal Violation,1,0,0,0,1,0,Low
2021,12,Saturday,6,Islamabad,Islamabad,Urban Road,Average,Clear,Daylight,Motorcycle,3,Signal Violation,0,1,0,1,0,1,Low
2018,11,Thursday,19,Balochistan,Quetta,Provincial Highway,Good,Clear,Dawn/Dusk,Truck/Lorry,2,Road Condition,1,0,0,1,5,0,Medium
2023,7,Tuesday,12,Punjab,Rahim Yar Khan,Urban Road,Average,Rainy,Daylight,Motorcycle,3,Pedestrian Error,1,0,0,0,5,2,Medium
2020,12,Saturday,9,Punjab,Gujranwala,National Highway,Average,Clear,Daylight,Motorcycle,2,Wrong Overtaking,1,1,0,1,1,1,Medium
2022,9,Monday,22,Punjab,Sargodha,Rural Road,Good,Clear,Street Light,Motorcycle,2,Pedestrian Error,0,0,1,0,3,0,Medium
2021,7,Monday,20,KPK,Swat,Urban Road,Good,Clear,Street Light,Truck/Lorry,1,Road Condition,1,0,0,0,1,0,Low
2023,5,Monday,20,AJK,Rawalakot,Urban Road,Good,Clear,No Light,Car/Taxi,2,Over Speeding,1,0,0,0,1,1,Medium
2020,11,Friday,7,Punjab,Rahim Yar Khan,Motorway,Average,Rainy,Daylight,Other,1,Wrong Overtaking,1,0,0,1,6,2,High
2022,1,Thursday,9,Sindh,Sukkur,Provincial Highway,Poor,Clear,Daylight,Motorcycle,2,Road Condition,1,0,0,1,1,0,Low
2019,3,Wednesday,13,Punjab,Rahim Yar Khan,National Highway,Good,Dusty/Smoggy,Daylight,Motorcycle,2,Wrong Overtaking,1,0,0,0,3,2,Medium
2018,11,Monday,7,Islamabad,Islamabad,National Highway,Average,Extreme Heat,Daylight,Motorcycle,2,Over Speeding,1,0,0,1,4,3,High
2019,6,Friday,21,Balochistan,Zhob,National Highway,Average,Clear,Street Light,Motorcycle,1,Road Condition,0,0,0,0,2,0,High
2020,11,Monday,8,KPK,Kohat,Rural Road,Poor,Extreme Heat,Daylight,Van/Pickup,1,Over Speeding,1,0,0,1,5,0,Medium
2022,4,Sunday,22,Sindh,Hyderabad,National Highway,Average,Rainy,Street Light,Bus/Coach,1,Driver Fatigue,0,1,1,0,6,1,High
2020,8,Sunday,7,Punjab,Sialkot,National Highway,Under Repair,Clear,Daylight,Bus/Coach,2,Driver Fatigue,1,1,0,0,1,0,Medium
2023,3,Sunday,10,Punjab,Rawalpindi,Provincial Highway,Good,Clear,Daylight,Motorcycle,2,Drunk Driving,0,1,0,0,1,1,Medium
2021,5,Friday,16,Punjab,Sheikhupura,National Highway,Poor,Clear,Daylight,Van/Pickup,2,Wrong Overtaking,0,0,0,0,4,0,Medium
2018,7,Monday,15,Balochistan,Khuzdar,Urban Road,Poor,Clear,Daylight,Motorcycle,1,Pedestrian Error,0,0,0,0,0,0,Low
2021,1,Sunday,13,KPK,Bannu,National Highway,Under Repair,Foggy,Daylight,Motorcycle,2,Road Condition,1,1,0,1,6,1,High
2022,2,Friday,14,Gilgit-Baltistan,Skardu,Rural Road,Poor,Clear,Daylight,Car/Taxi,3,Signal Violation,0,0,0,1,1,0,Low
2022,12,Monday,19,Gilgit-Baltistan,Gilgit,National Highway,Good,Dusty/Smoggy,Dawn/Dusk,Motorcycle,1,Driver Fatigue,1,0,0,1,6,0,High
2020,6,Wednesday,11,Sindh,Thatta,National Highway,Good,Clear,Daylight,Motorcycle,3,Pedestrian Error,0,0,0,0,10,2,High
2019,10,Saturday,14,KPK,Mardan,Urban Road,Good,Extreme Heat,Daylight,Car/Taxi,2,Signal Violation,0,1,0,0,2,0,Low
2019,6,Monday,10,Islamabad,Islamabad,National Highway,Average,Rainy,Daylight,Motorcycle,3,Signal Violation,0,0,0,0,9,0,High
2022,9,Thursday,9,Balochistan,Khuzdar,National Highway,Good,Clear,Daylight,Bus/Coach,3,Mobile Phone Use,1,0,0,0,2,0,Low
2022,8,Friday,10,Punjab,Bahawalpur,National Highway,Under Repair,Dusty/Smoggy,No Light,Truck/Lorry,1,Road Condition,0,0,0,0,2,1,Medium
2018,6,Friday,22,Sindh,Mirpur Khas,Provincial Highway,Good,Clear,Street Light,Rickshaw,3,Over Speeding,0,0,1,0,2,2,Medium
2022,9,Saturday,14,Punjab,Rahim Yar Khan,Provincial Highway,Average,Rainy,Daylight,Motorcycle,1,Over Speeding,0,1,0,0,11,2,High
2021,1,Friday,13,Islamabad,Islamabad,Provincial Highway,Average,Rainy,Daylight,Bus/Coach,4,Wrong Overtaking,1,0,0,1,4,1,Medium
2020,10,Tuesday,15,Sindh,Larkana,Provincial Highway,Average,Clear,Daylight,Motorcycle,2,Over Speeding,0,0,0,0,10,4,High
2021,9,Thursday,6,Punjab,Sialkot,Provincial Highway,Poor,Clear,Daylight,Car/Taxi,1,Mechanical Failure,0,0,0,0,1,0,Low
2022,7,Friday,16,KPK,Mansehra,Provincial Highway,Good,Foggy,Daylight,Van/Pickup,1,Signal Violation,0,0,0,0,3,1,Medium
2019,12,Thursday,17,Sindh,Jacobabad,National Highway,Poor,Clear,Daylight,Car/Taxi,2,Wrong Overtaking,1,0,0,1,1,0,Medium
2023,7,Tuesday,21,Punjab,Gujranwala,National Highway,Average,Clear,No Light,Van/Pickup,2,Over Speeding,0,0,0,0,5,2,High
2020,6,Saturday,12,Punjab,Lahore,Provincial Highway,Average,Foggy,Daylight,Car/Taxi,1,Mechanical Failure,1,1,0,0,1,0,Low
2019,7,Tuesday,13,KPK,Charsadda,Provincial Highway,Under Repair,Clear,Dawn/Dusk,Bus/Coach,1,Signal Violation,1,0,0,0,4,0,Medium