year,month,day_of_week,hour_of_day,province,district,road_type,road_condition,weather_condition,lighting_condition,vehicle_type,vehicles_involved,accident_cause,is_rush_hour,is_weekend,is_night,is_foggy_month,num_injured,num_killed,severity
2022,8,Thursday,17,Sindh,Karachi,Motorway,Under Repair,Foggy,Dawn/Dusk,Car/Taxi,4,Signal Violation,1,0,0,0,5,0,Medium
2022,7,Wednesday,13,KPK,Swat,Urban Road,Poor,Clear,Daylight,Car/Taxi,1,Over Speeding,1,0,0,0,3,0,Medium
2018,9,Monday,23,Sindh,Sukkur,Rural Road,Good,Foggy,Street Light,Motorcycle,1,Signal Violation,0,0,1,0,11,0,High
2023,12,Sunday,10,Balochistan,Khuzdar,Provincial Highway,Average,Foggy,Street Light,Motorcycle,2,Road Condition,0,1,0,1,2,1,Medium
2021,2,Friday,18,Sindh,Nawabshah,Urban Road,Poor,Rainy,Daylight,Motorcycle,2,Mechanical Failure,1,0,0,1,1,0,Low
2023,10,Thursday,18,Sindh,Thatta,Urban Road,Average,Clear,Dawn/Dusk,Car/Taxi,1,Road Condition,1,0,0,0,1,0,Low
2023,12,Tuesday,15,Balochistan,Hub,National Highway,Average,Clear,Daylight,Bus/Coach,1,Over Speeding,0,0,0,1,8,2,High
2023,11,Thursday,11,Punjab,Sialkot,Provincial Highway,Poor,Rainy,Daylight,Bus/Coach,1,Over Speeding,0,0,0,1,2,3,High
2022,2,Thursday,16,Punjab,Sialkot,Provincial Highway,Average,Rainy,Daylight,Van/Pickup,1,Mechanical Failure,0,0,0,1,2,0,Medium
2022,9,Sunday,7,Punjab,Lahore,Provincial Highway,Good,Clear,Dawn/Dusk,Motorcycle,2,Mechanical Failure,1,1,0,0,0,0,Low
2018,5,Wednesday,15,KPK,Nowshera,National Highway,Poor,Clear,Daylight,Van/Pickup,1,Over Speeding,0,0,0,0,4,0,Medium
2021,12,Sunday,17,Sindh,Karachi,Provincial Highway,Poor,Dusty/Smoggy,Daylight,Bus/Coach,3,Over Speeding,1,1,0,1,3,2,Medium
2020,11,Monday,12,KPK,Nowshera,Rural Road,Good,Clear,Daylight,Motorcycle,3,Mechanical Failure,1,0,0,1,2,1,Medium
2023,6,Sunday,8,Punjab,Bahawalpur,Rural Road,Average,Clear,Daylight,Motorcycle,2,Mobile Phone Use,1,1,0,0,0,0,Low
2020,6,Sunday,12,Punjab,Multan,Provincial Highway,Good,Rainy,Daylight,Bus/Coach,2,Wrong Overtaking,1,1,0,0,2,1,High
2022,1,Friday,12,Punjab,Bahawalpur,National Highway,Average,Extreme Heat,Daylight,Car/Taxi,2,Mechanical Failure,1,0,0,1,1,2,Medium
2020,9,Saturday,5,Punjab,Sialkot,National Highway,Average,Rainy,Dawn/Dusk,Car/Taxi,4,Over Speeding,0,1,1,0,4,2,High
2018,7,Wednesday,18,Sindh,Nawabshah,Urban Road,Good,Foggy,Daylight,Motorcycle,4,Wrong Overtaking,1,0,0,0,10,0,High
2023,12,Thursday,10,Punjab,Sheikhupura,Urban Road,Average,Rainy,Daylight,Bus/Coach,1,Wrong Overtaking,0,0,0,1,1,0,Medium
2022,8,Friday,8,Sindh,Nawabshah,Provincial Highway,Good,Rainy,Daylight,Rickshaw,1,Road Condition,1,0,0,0,0,0,Low
2021,10,Friday,11,Balochistan,Hub,Rural Road,Good,Foggy,Daylight,Motorcycle,2,Wrong Overtaking,0,0,0,0,4,1,Medium
2023,8,Wednesday,13,Punjab,Rahim Yar Khan,Provincial Highway,Poor,Dusty/Smoggy,Street Light,Car/Taxi,1,Over Speeding,1,0,0,0,4,0,Medium
2023,2,Wednesday,10,Sindh,Kashmore,Rural Road,Poor,Dusty/Smoggy,Daylight,Motorcycle,3,Wrong Overtaking,0,0,0,1,0,0,Low
2021,12,Sunday,18,KPK,Mansehra,Provincial Highway,Poor,Clear,Daylight,Van/Pickup,2,Wrong Overtaking,1,1,0,1,2,0,Medium
2022,5,Tuesday,10,Punjab,Bahawalpur,National Highway,Average,Dusty/Smoggy,Daylight,Car/Taxi,1,Over Speeding,0,0,0,0,4,2,High
2020,3,Tuesday,15,Sindh,Dadu,National Highway,Good,Clear,Daylight,Motorcycle,1,Drunk Driving,0,0,0,0,11,2,High
2023,12,Sunday,11,Balochistan,Dera Bugti,National Highway,Average,Clear,Daylight,Truck/Lorry,2,Driver Fatigue,0,1,0,1,7,0,High
2019,2,Monday,22,Islamabad,Islamabad,Urban Road,Poor,Clear,No Light,Motorcycle,1,Road Condition,0,0,1,1,3,0,Medium
2022,9,Friday,9,Punjab,Rahim Yar Khan,Rural Road,Average,Rainy,Street Light,Car/Taxi,2,Wrong Overtaking,1,0,0,0,1,0,Low
2023,6,Monday,8,Islamabad,Islamabad,Provincial Highway,Good,Clear,Daylight,Motorcycle,3,Pedestrian Error,1,0,0,0,1,0,Low
2023,4,Sunday,19,Sindh,Thatta,Rural Road,Good,Clear,Street Light,Motorcycle,2,Road Condition,1,1,0,0,1,0,Low
2023,6,Saturday,12,Punjab,Bahawalpur,Provincial Highway,Poor,Clear,Daylight,Motorcycle,2,Drunk Driving,1,1,0,0,4,3,High
2018,4,Saturday,6,Sindh,Jacobabad,National Highway,Poor,Rainy,Daylight,Motorcycle,2,Over Speeding,0,1,0,0,2,0,High
2022,8,Saturday,19,AJK,Muzaffarabad,National Highway,Average,Clear,Dawn/Dusk,Car/Taxi,3,Wrong Overtaking,1,1,0,0,2,0,Low
2019,9,Sunday,16,Sindh,Karachi,National Highway,Good,Clear,Daylight,Bus/Coach,1,Over Speeding,0,1,0,0,7,1,High
2018,6,Thursday,14,Punjab,Multan,Rural Road,Good,Clear,Daylight,Car/Taxi,4,Over Speeding,0,0,0,0,2,0,Low
2022,7,Monday,4,Sindh,Larkana,National Highway,Good,Clear,No Light,Car/Taxi,3,Over Speeding,0,0,1,0,4,1,High
2022,1,Thursday,5,Punjab,Rawalpindi,Urban Road,Average,Clear,No Light,Car/Taxi,2,Wrong Overtaking,0,0,1,1,0,0,Low
2019,9,Saturday,21,Punjab,Multan,National Highway,Good,Clear,Street Light,Motorcycle,2,Weather Condition,0,1,0,0,3,0,High
2022,10,Friday,16,Punjab,Faisalabad,Rural Road,Poor,Dusty/Smoggy,Daylight,Bus/Coach,2,Drunk Driving,0,0,0,0,5,0,Medium
2021,8,Friday,13,Punjab,Rawalpindi,National Highway,Poor,Foggy,Street Light,Other,1,Over Speeding,1,0,0,0,3,1,High
2022,7,Monday,13,Punjab,Rawalpindi,Rural Road,Under Repair,Clear,Daylight,Motorcycle,2,Wrong Overtaking,1,0,0,0,1,0,Medium
2019,3,Sunday,15,Punjab,Rahim Yar Khan,Urban Road,Poor,Clear,No Light,Van/Pickup,1,Signal Violation,0,1,0,0,0,0,Low
2022,6,Saturday,19,Sindh,Karachi,Urban Road,Good,Clear,Dawn/Dusk,Motorcycle,1,Wrong Overtaking,1,1,0,0,3,1,Medium
2019,11,Monday,18,Punjab,Sargodha,Urban Road,Good,Clear,Daylight,Motorcycle,2,Over Speeding,1,0,0,1,7,1,High
2019,12,Sunday,16,Punjab,Multan,National Highway,Average,Clear,Daylight,Rickshaw,2,Over Speeding,0,1,0,1,11,1,High
2023,11,Saturday,6,Balochistan,Chaman,Provincial Highway,Poor,Clear,Street Light,Bus/Coach,2,Drunk Driving,0,1,0,1,2,2,Medium
2023,11,Friday,16,Sindh,Dadu,Rural Road,Good,Clear,Daylight,Truck/Lorry,1,Wrong Overtaking,0,0,0,1,2,0,Low
2021,6,Saturday,20,KPK,Mardan,National Highway,Good,Clear,No Light,Bus/Coach,2,Wrong Overtaking,1,1,0,0,8,2,High
2023,5,Sunday,23,Punjab,Faisalabad,Provincial Highway,Good,Clear,Street Light,Car/Taxi,3,Pedestrian Error,0,1,1,0,0,0,Low
2020,1,Tuesday,11,Punjab,Faisalabad,Provincial Highway,Poor,Dusty/Smoggy,Daylight,Car/Taxi,2,Over Speeding,0,0,0,1,1,1,Medium
2019,6,Sunday,12,Punjab,Bahawalpur,Urban Road,Average,Rainy,Daylight,Motorcycle,1,Drunk Driving,1,1,0,0,2,1,High
2022,3,Friday,18,Punjab,Faisalabad,Provincial Highway,Good,Clear,Dawn/Dusk,Bicycle,2,Driver Fatigue,1,0,0,0,6,3,High
2023,11,Monday,11,Punjab,Sialkot,Provincial Highway,Good,Rainy,Street Light,Car/Taxi,3,Driver Fatigue,0,0,0,1,2,2,High
2021,12,Friday,19,Punjab,Gujranwala,Urban Road,Good,Foggy,Dawn/Dusk,Rickshaw,2,Over Speeding,1,0,0,1,5,0,Medium
2021,4,Tuesday,22,Punjab,Rahim Yar Khan,National Highway,Under Repair,Dusty/Smoggy,No Light,Motorcycle,1,Over Speeding,0,0,1,0,8,0,High
2022,1,Saturday,15,Punjab,Sheikhupura,Urban Road,Good,Clear,Dawn/Dusk,Car/Taxi,2,Signal Violation,0,1,0,1,0,0,Low
2020,4,Friday,20,Sindh,Hyderabad,Rural Road,Poor,Clear,No Light,Truck/Lorry,1,Mobile Phone Use,1,0,0,0,2,1,Low
2019,11,Sunday,7,Punjab,Lahore,Motorway,Under Repair,Clear,Daylight,Motorcycle,2,Mechanical Failure,1,1,0,1,11,4,High
2022,2,Wednesday,12,Punjab,Faisalabad,Rural Road,Good,Foggy,Daylight,Car/Taxi,1,Road Condition,1,0,0,1,0,0,Low
2023,3,Saturday,14,Sindh,Kashmore,Urban Road,Poor,Foggy,Daylight,Motorcycle,2,Signal Violation,0,1,0,0,1,1,Medium
2023,5,Sunday,11,KPK,Kohat,Provincial Highway,Poor,Clear,No Light,Car/Taxi,1,Pedestrian Error,0,1,0,0,0,0,Low
2022,10,Monday,12,Punjab,Bahawalpur,Provincial Highway,Poor,Clear,Daylight,Motorcycle,2,Over Speeding,1,0,0,0,3,0,Medium
2020,8,Thursday,22,KPK,Charsadda,Provincial Highway,Average,Clear,Street Light,Truck/Lorry,1,Signal Violation,0,0,1,0,2,1,High
2022,12,Sunday,12,Sindh,Hyderabad,Urban Road,Average,Clear,Street Light,Rickshaw,3,Road Condition,1,1,0,1,1,0,Low
2019,5,Tuesday,16,Punjab,Gujranwala,National Highway,Good,Foggy,Daylight,Motorcycle,3,Signal Violation,0,0,0,0,6,0,High
2018,9,Monday,8,Balochistan,Turbat,Urban Road,Average,Clear,Daylight,Motorcycle,2,Weather Condition,1,0,0,0,4,0,Medium
2018,5,Wednesday,7,Islamabad,Islamabad,National Highway,Good,Clear,Daylight,Car/Taxi,1,Over Speeding,1,0,0,0,3,1,Medium
2021,2,Tuesday,10,Punjab,Sargodha,National Highway,Good,Clear,No Light,Bus/Coach,2,Wrong Overtaking,0,0,0,1,11,0,High
2023,3,Saturday,21,Punjab,Rahim Yar Khan,National Highway,Average,Dusty/Smoggy,No Light,Car/Taxi,2,Over Speeding,0,1,0,0,4,1,Medium
2020,12,Saturday,20,KPK,Charsadda,Provincial Highway,Average,Foggy,No Light,Car/Taxi,1,Over Speeding,1,1,0,1,3,1,Medium
2020,12,Sunday,3,KPK,Kohat,Provincial Highway,Good,Rainy,Street Light,Motorcycle,2,Pedestrian Error,0,1,1,1,11,0,High
2020,12,Wednesday,14,Punjab,Lahore,Urban Road,Average,Clear,Daylight,Car/Taxi,2,Road Condition,0,0,0,1,1,0,Low
2020,4,Wednesday,14,Punjab,Sargodha,Provincial Highway,Average,Rainy,Daylight,Truck/Lorry,3,Wrong Overtaking,0,0,0,0,5,1,High
2018,3,Thursday,19,Punjab,Rawalpindi,Urban Road,Good,Clear,Daylight,Car/Taxi,4,Drunk Driving,1,0,0,0,2,0,Low
2023,12,Sunday,16,Sindh,Hyderabad,National Highway,Poor,Clear,Daylight,Truck/Lorry,1,Over Speeding,0,1,0,1,9,1,High
2020,1,Saturday,3,Sindh,Nawabshah,National Highway,Good,Rainy,No Light,Rickshaw,1,Wrong Overtaking,0,1,1,1,8,0,High
2023,9,Monday,8,Punjab,Faisalabad,National Highway,Good,Clear,Daylight,Rickshaw,2,Pedestrian Error,1,0,0,0,2,0,Low
2021,9,Monday,20,Sindh,Kashmore,National Highway,Average,Clear,No Light,Truck/Lorry,2,Wrong Overtaking,1,0,0,0,9,3,High
2021,12,Tuesday,11,KPK,Charsadda,National Highway,Good,Clear,Daylight,Motorcycle,2,Wrong Overtaking,0,0,0,1,2,4,High
2021,3,Thursday,16,Punjab,Rawalpindi,Urban Road,Poor,Rainy,Daylight,Truck/Lorry,1,Over Speeding,0,0,0,0,2,1,Medium
2021,8,Friday,23,Punjab,Faisalabad,Rural Road,Average,Clear,Street Light,Motorcycle,1,Over Speeding,0,0,1,0,11,0,High
2018,9,Sunday,5,KPK,Charsadda,Urban Road,Poor,Clear,No Light,Bus/Coach,2,Pedestrian Error,0,1,1,0,0,0,Low
2019,6,Sunday,19,Balochistan,Zhob,Urban Road,Good,Foggy,Dawn/Dusk,Motorcycle,2,Wrong Overtaking,1,1,0,0,1,0,Medium
2023,3,Wednesday,20,Sindh,Larkana,Urban Road,Poor,Clear,Street Light,Truck/Lorry,1,Over Speeding,1,0,0,0,1,0,Medium
2023,1,Tuesday,22,Sindh,Mirpur Khas,Rural Road,Good,Rainy,No Light,Car/Taxi,1,Road Condition,0,0,1,1,1,0,Medium
2019,6,Thursday,22,Punjab,Rahim Yar Khan,Rural Road,Good,Clear,No Light,Van/Pickup,1,Over Speeding,0,0,1,0,1,0,Medium
2022,11,Sunday,20,Sindh,Jacobabad,Provincial Highway,Good,Clear,No Light,Motorcycle,1,Wrong Overtaking,1,1,0,1,1,2,Medium
2021,3,Thursday,8,Sindh,Larkana,Provincial Highway,Good,Foggy,Daylight,Motorcycle,1,Over Speeding,1,0,0,0,4,3,High
2022,10,Monday,13,Punjab,Sargodha,Rural Road,Average,Clear,Daylight,Bicycle,2,Wrong Overtaking,1,0,0,0,1,0,Low
2021,1,Friday,10,Punjab,Sialkot,National Highway,Good,Dusty/Smoggy,Daylight,Motorcycle,3,Mechanical Failure,0,0,0,1,7,2,High
2022,12,Wednesday,19,Punjab,Gujranwala,Rural Road,Poor,Clear,Dawn/Dusk,Rickshaw,2,Over Speeding,1,0,0,1,1,0,Low
2018,7,Saturday,8,Punjab,Rawalpindi,Rural Road,Average,Rainy,Daylight,Car/Taxi,1,Drunk Driving,1,1,0,0,1,0,Medium
2021,1,Saturday,21,Punjab,Lahore,Provincial Highway,Good,Clear,No Light,Bus/Coach,2,Road Condition,0,1,0,1,0,0,Low
2021,8,Sunday,19,Punjab,Bahawalpur,Provincial Highway,Good,Clear,Dawn/Dusk,Motorcycle,1,Road Condition,1,1,0,0,1,0,Medium
2019,11,Sunday,10,Punjab,Sargodha,Provincial Highway,Average,Clear,Daylight,Rickshaw,3,Mechanical Failure,0,1,0,1,1,0,Low
2022,4,Friday,12,Punjab,Sialkot,National Highway,Good,Clear,Daylight,Motorcycle,1,Signal Violation,1,0,0,0,5,0,Medium
2022,5,Thursday,7,Balochistan,Gwadar,National Highway,Average,Clear,Daylight,Truck/Lorry,4,Over Speeding,1,0,0,0,7,1,High
2021,7,Saturday,23,Sindh,Mirpur Khas,Provincial Highway,Good,Dusty/Smoggy,Street Light,Rickshaw,2,Wrong Overtaking,0,1,1,0,0,0,Low
2022,7,Tuesday,7,KPK,Kohat,Provincial Highway,Average,Dusty/Smoggy,Daylight,Motorcycle,2,Signal Violation,1,0,0,0,4,0,Medium
2020,11,Monday,14,KPK,Mardan,Rural Road,Average,Foggy,Daylight,Motorcycle,2,Over Speeding,0,0,0,1,9,0,High
2021,1,Tuesday,13,Sindh,Nawabshah,Provincial Highway,Good,Rainy,Street Light,Car/Taxi,3,Drunk Driving,1,0,0,1,5,0,Medium
2021,11,Friday,11,Punjab,Gujranwala,Urban Road,Average,Foggy,Daylight,Car/Taxi,2,Signal Violation,0,0,0,1,2,1,Low
2020,3,Monday,16,Sindh,Karachi,National Highway,Average,Clear,Daylight,Rickshaw,2,Pedestrian Error,0,0,0,0,1,1,Low
2018,8,Saturday,6,Sindh,Dadu,Provincial Highway,Average,Dusty/Smoggy,Daylight,Car/Taxi,2,Wrong Overtaking,0,1,0,0,1,0,Medium
2018,11,Thursday,22,KPK,Nowshera,Provincial Highway,Poor,Clear,No Light,Motorcycle,2,Road Condition,0,0,1,1,5,0,Medium
2020,5,Tuesday,9,Sindh,Hyderabad,Provincial Highway,Average,Foggy,Daylight,Motorcycle,2,Wrong Overtaking,1,0,0,0,2,4,High
2023,10,Sunday,18,Punjab,Sialkot,Provincial Highway,Good,Clear,Daylight,Motorcycle,4,Signal Violation,1,1,0,0,1,1,Medium
2019,4,Friday,13,Punjab,Lahore,Urban Road,Average,Foggy,Dawn/Dusk,Bus/Coach,1,Drunk Driving,1,0,0,0,4,1,Medium
2021,3,Sunday,21,Punjab,Faisalabad,Rural Road,Good,Dusty/Smoggy,No Light,Bus/Coach,2,Road Condition,0,1,0,0,0,0,Low
2018,11,Thursday,16,Sindh,Jacobabad,Urban Road,Poor,Clear,Dawn/Dusk,Car/Taxi,3,Pedestrian Error,0,0,0,1,0,0,Low
2019,1,Thursday,10,Sindh,Sukkur,Provincial Highway,Good,Clear,Daylight,Bus/Coach,3,Mechanical Failure,0,0,0,1,0,0,Low
2018,1,Tuesday,10,Punjab,Sargodha,Rural Road,Average,Clear,Daylight,Bicycle,1,Pedestrian Error,0,0,0,1,2,0,Low
2022,5,Sunday,10,AJK,Mirpur,Urban Road,Good,Clear,Daylight,Motorcycle,2,Over Speeding,0,1,0,0,7,1,High
2023,3,Friday,18,Sindh,Mirpur Khas,Urban Road,Good,Clear,No Light,Motorcycle,2,Wrong Overtaking,1,0,0,0,1,1,Medium
2019,6,Wednesday,8,Punjab,Rahim Yar Khan,Rural Road,Average,Clear,Daylight,Rickshaw,1,Pedestrian Error,1,0,0,0,1,0,Low
2022,11,Wednesday,5,Punjab,Sheikhupura,National Highway,Poor,Clear,Dawn/Dusk,Rickshaw,2,Mechanical Failure,0,0,1,1,0,1,Low
2018,1,Sunday,20,Punjab,Rahim Yar Khan,Provincial Highway,Average,Foggy,Street Light,Motorcycle,4,Over Speeding,1,1,0,1,5,1,High
2023,1,Monday,7,Punjab,Gujranwala,National Highway,Good,Clear,Street Light,Motorcycle,2,Driver Fatigue,1,0,0,1,11,3,High
2020,3,Sunday,9,Punjab,Gujranwala,Rural Road,Good,Clear,Daylight,Motorcycle,3,Over Speeding,1,1,0,0,3,1,Medium
2018,4,Tuesday,11,Punjab,Bahawalpur,Urban Road,Average,Clear,Daylight,Motorcycle,4,Wrong Overtaking,0,0,0,0,5,1,Medium
2020,2,Saturday,8,Punjab,Sargodha,Motorway,Poor,Rainy,No Light,Truck/Lorry,1,Over Speeding,1,1,0,1,3,1,High
2019,3,Tuesday,13,Punjab,Lahore,Urban Road,Poor,Clear,Daylight,Car/Taxi,3,Mechanical Failure,1,0,0,0,1,0,Low
2022,7,Saturday,17,Balochistan,Dera Bugti,National Highway,Good,Clear,No Light,Rickshaw,2,Wrong Overtaking,1,1,0,0,2,0,Low
2023,8,Wednesday,9,Punjab,Faisalabad,National Highway,Good,Clear,Daylight,Motorcycle,2,Pedestrian Error,1,0,0,0,1,0,Medium
2021,6,Saturday,17,Sindh,Larkana,Rural Road,Poor,Clear,Daylight,Car/Taxi,2,Weather Condition,1,1,0,0,1,0,Low
2018,9,Friday,6,Punjab,Sheikhupura,Motorway,Good,Clear,Street Light,Truck/Lorry,2,Over Speeding,0,0,0,0,3,0,Medium
2020,1,Wednesday,16,AJK,Rawalakot,National Highway,Poor,Clear,Daylight,Motorcycle,4,Over Speeding,0,0,0,1,2,3,High
2022,3,Friday,20,Punjab,Faisalabad,Provincial Highway,Good,Clear,Street Light,Motorcycle,1,Over Speeding,1,0,0,0,9,2,High
2021,10,Friday,10,Punjab,Bahawalpur,Provincial Highway,Average,Clear,Daylight,Motorcycle,3,Over Speeding,0,0,0,0,4,1,Medium
2022,8,Wednesday,11,Islamabad,Islamabad,National Highway,Average,Clear,Dawn/Dusk,Bus/Coach,1,Over Speeding,0,0,0,0,9,1,High
2021,7,Saturday,16,Balochistan,Quetta,Provincial Highway,Good,Clear,Street Light,Motorcycle,4,Wrong Overtaking,0,1,0,0,2,1,High
2018,8,Tuesday,12,KPK,Charsadda,Provincial Highway,Good,Clear,Daylight,Motorcycle,2,Pedestrian Error,1,0,0,0,1,0,Low
2023,4,Wednesday,16,Punjab,Gujranwala,Urban Road,Under Repair,Rainy,Daylight,Motorcycle,2,Driver Fatigue,0,0,0,0,4,0,High
2020,2,Saturday,12,Punjab,Lahore,Provincial Highway,Good,Rainy,Daylight,Car/Taxi,3,Driver Fatigue,1,1,0,1,1,1,Medium
2020,2,Monday,13,KPK,Abbottabad,Rural Road,Average,Foggy,Dawn/Dusk,Truck/Lorry,3,Mechanical Failure,1,0,0,1,1,0,Low
2023,8,Monday,17,Islamabad,Islamabad,Rural Road,Good,Clear,Daylight,Motorcycle,2,Road Condition,1,0,0,0,3,0,Medium
2022,6,Sunday,10,Sindh,Jacobabad,Provincial Highway,Poor,Dusty/Smoggy,Dawn/Dusk,Motorcycle,2,Driver Fatigue,0,1,0,0,4,4,High
2022,10,Sunday,18,Sindh,Jacobabad,Provincial Highway,Average,Foggy,Daylight,Motorcycle,1,Pedestrian Error,1,1,0,0,4,0,Medium
2023,9,Tuesday,18,Punjab,Bahawalpur,Urban Road,Good,Clear,Daylight,Car/Taxi,2,Pedestrian Error,1,0,0,0,0,0,Low
2021,1,Thursday,8,KPK,Swat,Rural Road,Under Repair,Clear,Daylight,Car/Taxi,4,Signal Violation,1,0,0,1,1,0,Low
2019,3,Saturday,18,Punjab,Sialkot,National Highway,Under Repair,Clear,Daylight,Motorcycle,2,Over Speeding,1,1,0,0,10,3,High
2022,6,Sunday,19,Punjab,Sargodha,Urban Road,Poor,Clear,Dawn/Dusk,Other,2,Over Speeding,1,1,0,0,1,0,Low
2019,7,Sunday,10,Sindh,Thatta,Rural Road,Good,Clear,Daylight,Van/Pickup,3,Driver Fatigue,0,1,0,0,1,1,Medium
2022,12,Tuesday,23,Sindh,Sukkur,Urban Road,Average,Clear,No Light,Motorcycle,4,Over Speeding,0,0,1,1,8,2,High
2023,12,Thursday,8,Punjab,Gujranwala,Urban Road,Good,Rainy,No Light,Rickshaw,1,Wrong Overtaking,1,0,0,1,2,0,Low
2021,4,Sunday,16,Punjab,Bahawalpur,Rural Road,Poor,Clear,Daylight,Bus/Coach,1,Driver Fatigue,0,1,0,0,0,0,Low
2023,9,Friday,18,Sindh,Nawabshah,Urban Road,Average,Clear,Daylight,Truck/Lorry,1,Over Speeding,1,0,0,0,2,0,Medium
2019,9,Thursday,10,Punjab,Lahore,Provincial Highway,Poor,Foggy,Daylight,Motorcycle,2,Driver Fatigue,0,0,0,0,4,0,High
2022,11,Friday,8,Sindh,Hyderabad,Rural Road,Under Repair,Foggy,Daylight,Van/Pickup,1,Wrong Overtaking,1,0,0,1,0,0,Low
2023,3,Friday,15,Punjab,Rawalpindi,Provincial Highway,Average,Clear,Daylight,Motorcycle,2,Over Speeding,0,0,0,0,2,0,Medium
2022,7,Tuesday,16,Sindh,Jacobabad,Rural Road,Good,Clear,Daylight,Bicycle,1,Wrong Overtaking,0,0,0,0,3,1,Medium
2023,7,Sunday,14,Sindh,Kashmore,Urban Road,Average,Dusty/Smoggy,Street Light,Motorcycle,2,Drunk Driving,0,1,0,0,1,0,Medium
2022,10,Sunday,2,Punjab,Rawalpindi,Urban Road,Good,Rainy,Street Light,Motorcycle,1,Wrong Overtaking,0,1,1,0,3,1,High
2020,11,Sunday,11,Punjab,Sheikhupura,Urban Road,Under Repair,Extreme Heat,Daylight,Motorcycle,2,Wrong Overtaking,0,1,0,1,5,1,Medium
2023,11,Sunday,8,Punjab,Sheikhupura,Urban Road,Average,Clear,Street Light,Rickshaw,2,Weather Condition,1,1,0,1,1,1,Low
2022,6,Tuesday,20,Punjab,Bahawalpur,Provincial Highway,Average,Extreme Heat,No Light,Motorcycle,2,Over Speeding,1,0,0,0,10,0,High
2019,11,Friday,16,AJK,Muzaffarabad,Rural Road,Good,Clear,Daylight,Motorcycle,1,Signal Violation,0,0,0,1,0,0,Low
2018,7,Sunday,8,Punjab,Bahawalpur,Urban Road,Poor,Dusty/Smoggy,Daylight,Motorcycle,2,Mechanical Failure,1,1,0,0,2,0,Low
2023,1,Tuesday,10,KPK,Bannu,Urban Road,Good,Clear,Daylight,Van/Pickup,1,Mobile Phone Use,0,0,0,1,2,0,Low
2022,7,Thursday,16,Punjab,Multan,Urban Road,Good,Clear,Daylight,Motorcycle,4,Over Speeding,0,0,0,0,1,0,Medium
2022,6,Thursday,17,KPK,Swat,Provincial Highway,Average,Foggy,Daylight,Car/Taxi,2,Over Speeding,1,0,0,0,2,1,Medium
2023,6,Friday,19,KPK,Kohat,Motorway,Good,Clear,Street Light,Van/Pickup,2,Driver Fatigue,1,0,0,0,4,0,Medium
2023,2,Thursday,21,Sindh,Jacobabad,Provincial Highway,Average,Dusty/Smoggy,Street Light,Car/Taxi,1,Road Condition,0,0,0,1,0,0,Low
2023,12,Sunday,8,Sindh,Dadu,Provincial Highway,Average,Extreme Heat,Daylight,Bicycle,2,Over Speeding,1,1,0,1,11,1,High
2020,2,Friday,6,Punjab,Multan,Provincial Highway,Good,Foggy,Daylight,Motorcycle,2,Pedestrian Error,0,0,0,1,4,1,Medium
2020,12,Tuesday,13,Punjab,Sargodha,Provincial Highway,Average,Clear,Dawn/Dusk,Bus/Coach,4,Signal Violation,1,0,0,1,4,1,Medium
2019,5,Sunday,12,Islamabad,Islamabad,Motorway,Average,Clear,Daylight,Motorcycle,1,Road Condition,1,1,0,0,5,0,Medium
2021,9,Friday,6,KPK,Mansehra,Motorway,Average,Clear,Daylight,Motorcycle,1,Over Speeding,0,0,0,0,6,1,High
2021,5,Saturday,14,Islamabad,Islamabad,Rural Road,Good,Clear,Daylight,Motorcycle,1,Driver Fatigue,0,1,0,0,7,4,High
2023,11,Saturday,14,Punjab,Sheikhupura,Provincial Highway,Under Repair,Dusty/Smoggy,Daylight,Motorcycle,1,Pedestrian Error,0,1,0,1,5,2,Medium
2022,5,Tuesday,5,KPK,Bannu,Urban Road,Average,Clear,Dawn/Dusk,Motorcycle,2,Mobile Phone Use,0,0,1,0,1,0,Low
2020,2,Thursday,11,Islamabad,Islamabad,National Highway,Good,Clear,Daylight,Motorcycle,2,Road Condition,0,0,0,1,10,4,High
2021,2,Wednesday,13,Punjab,Sheikhupura,Urban Road,Average,Clear,Daylight,Truck/Lorry,2,Pedestrian Error,1,0,0,1,2,0,Low
2022,1,Sunday,22,Punjab,Gujranwala,National Highway,Good,Clear,Street Light,Car/Taxi,1,Over Speeding,0,1,1,1,3,2,High
2022,9,Monday,16,KPK,Abbottabad,Urban Road,Under Repair,Clear,Dawn/Dusk,Car/Taxi,1,Wrong Overtaking,0,0,0,0,2,0,Low
2023,1,Friday,10,Sindh,Nawabshah,Urban Road,Good,Foggy,Daylight,Rickshaw,1,Over Speeding,0,0,0,1,5,0,Medium
2022,4,Wednesday,8,Balochistan,Turbat,Motorway,Good,Clear,Daylight,Truck/Lorry,1,Over Speeding,1,0,0,0,4,1,High
2018,1,Monday,5,Punjab,Sargodha,Rural Road,Good,Extreme Heat,No Light,Bus/Coach,2,Over Speeding,0,0,1,1,2,1,High
2022,3,Sunday,8,KPK,Nowshera,Urban Road,Average,Clear,Daylight,Car/Taxi,2,Over Speeding,1,1,0,0,2,0,Low
2022,11,Sunday,17,Punjab,Faisalabad,Provincial Highway,Good,Clear,Daylight,Motorcycle,2,Over Speeding,1,1,0,1,4,2,Medium
2019,1,Monday,20,Punjab,Sialkot,National Highway,Good,Clear,Street Light,Motorcycle,1,Over Speeding,1,0,0,1,10,0,High
2023,5,Thursday,10,Punjab,Multan,Rural Road,Good,Clear,Daylight,Motorcycle,2,Signal Violation,0,0,0,0,2,0,Low