year,month,day_of_week,hour_of_day,province,district,road_type,road_condition,weather_condition,lighting_condition,vehicle_type,vehicles_involved,accident_cause,is_rush_hour,is_weekend,is_night,is_foggy_month,num_injured,num_killed,severity
2021,10,Sunday,12,KPK,Nowshera,National Highway,Good,Clear,Daylight,Van/Pickup,1,Drunk Driving,1,1,0,0,2,2,Medium
2020,6,Wednesday,18,KPK,Charsadda,National Highway,Poor,Dusty/Smoggy,Daylight,Car/Taxi,2,Mechanical Failure,1,0,0,0,1,0,Low
2023,12,Monday,17,Sindh,Kashmore,Provincial Highway,Poor,Extreme Heat,Daylight,Motorcycle,2,Pedestrian Error,1,0,0,1,2,0,Low
2023,12,Friday,9,Punjab,Lahore,National Highway,Under Repair,Dusty/Smoggy,Daylight,Car/Taxi,2,Driver Fatigue,1,0,0,1,5,0,Medium
2022,12,Monday,12,Balochistan,Hub,Provincial Highway,Good,Clear,Daylight,Car/Taxi,3,Road Condition,1,0,0,1,2,0,Low
2019,4,Wednesday,11,Punjab,Sheikhupura,Rural Road,Good,Extreme Heat,Daylight,Car/Taxi,1,Over Speeding,0,0,0,0,5,0,Medium
2020,8,Wednesday,13,KPK,Mardan,Motorway,Average,Clear,Daylight,Car/Taxi,1,Wrong Overtaking,1,0,0,0,2,0,Medium
2023,9,Sunday,22,Sindh,Larkana,National Highway,Good,Clear,No Light,Motorcycle,1,Over Speeding,0,1,1,0,4,3,High
2021,5,Thursday,22,Punjab,Bahawalpur,Rural Road,Poor,Dusty/Smoggy,Street Light,Motorcycle,1,Road Condition,0,0,1,0,2,0,Low
2018,2,Thursday,13,Sindh,Mirpur Khas,Rural Road,Good,Extreme Heat,Daylight,Car/Taxi,2,Pedestrian Error,1,0,0,1,1,0,Low
2020,6,Friday,17,Punjab,Bahawalpur,Provincial Highway,Good,Foggy,Daylight,Motorcycle,2,Over Speeding,1,0,0,0,8,1,High
2019,3,Friday,11,KPK,Dera Ismail Khan,Provincial Highway,Good,Clear,Daylight,Car/Taxi,2,Signal Violation,0,0,0,0,1,0,Low
2021,2,Tuesday,22,Sindh,Kashmore,National Highway,Good,Dusty/Smoggy,No Light,Rickshaw,2,Signal Violation,0,0,1,1,5,2,Medium
2020,9,Friday,12,Punjab,Lahore,National Highway,Under Repair,Clear,Daylight,Motorcycle,1,Driver Fatigue,1,0,0,0,4,0,High
2019,7,Friday,8,Balochistan,Loralai,National Highway,Good,Dusty/Smoggy,Daylight,Car/Taxi,2,Drunk Driving,1,0,0,0,1,1,Medium
2023,3,Tuesday,4,Punjab,Sialkot,Provincial Highway,Good,Rainy,No Light,Motorcycle,3,Road Condition,0,0,1,0,7,0,High
2023,7,Saturday,16,Sindh,Hyderabad,Provincial Highway,Poor,Foggy,Daylight,Motorcycle,2,Over Speeding,0,1,0,0,5,2,High
2023,8,Saturday,10,Balochistan,Loralai,National Highway,Poor,Clear,Dawn/Dusk,Motorcycle,2,Drunk Driving,0,1,0,0,6,2,High
2019,6,Tuesday,2,Sindh,Sukkur,National Highway,Poor,Foggy,No Light,Motorcycle,2,Over Speeding,0,0,1,0,9,4,High
2019,7,Wednesday,3,Punjab,Multan,Provincial Highway,Average,Rainy,Street Light,Car/Taxi,2,Driver Fatigue,0,0,1,0,4,1,High
2018,5,Friday,18,Islamabad,Islamabad,Rural Road,Good,Foggy,No Light,Motorcycle,4,Mobile Phone Use,1,0,0,0,5,2,Medium
2020,11,Monday,20,Sindh,Nawabshah,Provincial Highway,Average,Clear,Street Light,Motorcycle,2,Drunk Driving,1,0,0,1,10,1,High
2023,1,Friday,16,Punjab,Rawalpindi,Urban Road,Average,Clear,No Light,Rickshaw,2,Over Speeding,0,0,0,1,5,0,Medium
2023,4,Tuesday,13,Punjab,Lahore,Provincial Highway,Good,Foggy,Daylight,Motorcycle,4,Road Condition,1,0,0,0,4,0,Medium
2019,10,Friday,17,KPK,Dera Ismail Khan,Provincial Highway,Poor,Clear,Daylight,Car/Taxi,4,Wrong Overtaking,1,0,0,0,0,0,Low
2023,2,Friday,10,Sindh,Karachi,Rural Road,Good,Clear,Daylight,Car/Taxi,2,Mechanical Failure,0,0,0,1,2,1,Low
2019,8,Saturday,17,Sindh,Nawabshah,Rural Road,Good,Clear,Street Light,Rickshaw,1,Wrong Overtaking,1,1,0,0,2,0,Low
2019,11,Friday,9,Balochistan,Gwadar,National Highway,Good,Foggy,Daylight,Bus/Coach,1,Road Condition,1,0,0,1,3,0,Medium
2021,11,Sunday,21,KPK,Nowshera,Rural Road,Poor,Clear,Street Light,Car/Taxi,3,Wrong Overtaking,0,1,0,1,0,0,Low
2022,5,Sunday,1,Punjab,Sheikhupura,National Highway,Poor,Clear,Street Light,Car/Taxi,1,Pedestrian Error,0,1,1,0,2,0,Low
2020,12,Saturday,11,Punjab,Bahawalpur,National Highway,Poor,Dusty/Smoggy,No Light,Motorcycle,2,Pedestrian Error,0,1,0,1,4,1,Medium
2019,6,Tuesday,11,Punjab,Rawalpindi,Rural Road,Good,Rainy,Dawn/Dusk,Motorcycle,2,Signal Violation,0,0,0,0,5,1,Medium
2022,5,Tuesday,19,KPK,Nowshera,National Highway,Poor,Clear,No Light,Motorcycle,2,Road Condition,1,0,0,0,4,0,Medium
2021,8,Thursday,9,Punjab,Lahore,National Highway,Good,Clear,Daylight,Bus/Coach,1,Mobile Phone Use,1,0,0,0,1,0,Medium
2021,6,Friday,17,Sindh,Hyderabad,Urban Road,Poor,Clear,Daylight,Motorcycle,1,Signal Violation,1,0,0,0,2,0,Medium
2023,9,Monday,17,KPK,Bannu,Provincial Highway,Good,Clear,Daylight,Car/Taxi,2,Mechanical Failure,1,0,0,0,2,0,Low
2020,12,Saturday,14,Balochistan,Dera Bugti,Urban Road,Good,Clear,Daylight,Motorcycle,2,Drunk Driving,0,1,0,1,3,0,Medium
2021,6,Tuesday,9,Punjab,Bahawalpur,National Highway,Good,Rainy,Daylight,Car/Taxi,1,Mobile Phone Use,1,0,0,0,3,1,Medium
2021,9,Tuesday,18,KPK,Nowshera,Provincial Highway,Good,Clear,No Light,Motorcycle,3,Over Speeding,1,0,0,0,4,1,High
2018,3,Thursday,14,Punjab,Rahim Yar Khan,Provincial Highway,Poor,Clear,Street Light,Car/Taxi,4,Drunk Driving,0,0,0,0,2,0,Medium
2020,5,Friday,15,Balochistan,Turbat,National Highway,Average,Clear,Dawn/Dusk,Motorcycle,2,Signal Violation,0,0,0,0,8,1,High
2021,6,Thursday,11,Punjab,Faisalabad,Provincial Highway,Good,Dusty/Smoggy,Daylight,Car/Taxi,2,Road Condition,0,0,0,0,2,0,Low
2020,3,Thursday,21,Punjab,Sargodha,Provincial Highway,Good,Foggy,No Light,Motorcycle,2,Road Condition,0,0,0,0,9,4,High
2021,10,Saturday,10,KPK,Nowshera,Rural Road,Good,Foggy,Street Light,Motorcycle,1,Over Speeding,0,1,0,0,2,0,High
2021,5,Sunday,14,Punjab,Sialkot,Rural Road,Average,Foggy,No Light,Car/Taxi,3,Wrong Overtaking,0,1,0,0,2,1,Low
2023,12,Tuesday,8,Punjab,Rahim Yar Khan,Rural Road,Good,Rainy,Daylight,Rickshaw,4,Wrong Overtaking,1,0,0,1,1,0,Low
2018,1,Wednesday,8,KPK,Kohat,National Highway,Average,Clear,Daylight,Rickshaw,2,Over Speeding,1,0,0,1,4,0,Medium
2023,7,Sunday,6,KPK,Mansehra,Provincial Highway,Good,Dusty/Smoggy,Street Light,Truck/Lorry,2,Over Speeding,0,1,0,0,6,0,High
2023,6,Sunday,19,Sindh,Dadu,National Highway,Good,Clear,No Light,Motorcycle,4,Over Speeding,1,1,0,0,9,1,High
2018,7,Thursday,16,KPK,Swat,Provincial Highway,Good,Dusty/Smoggy,Daylight,Motorcycle,3,Wrong Overtaking,0,0,0,0,4,0,Medium
2022,7,Monday,11,Sindh,Kashmore,National Highway,Good,Clear,Daylight,Van/Pickup,3,Drunk Driving,0,0,0,0,5,0,Medium
2021,11,Tuesday,17,Punjab,Lahore,National Highway,Poor,Rainy,Daylight,Car/Taxi,2,Over Speeding,1,0,0,1,1,1,Medium
2023,4,Sunday,0,Punjab,Sheikhupura,Urban Road,Good,Clear,Street Light,Other,3,Over Speeding,0,1,1,0,1,0,Medium
2022,9,Friday,6,Punjab,Bahawalpur,Urban Road,Under Repair,Foggy,Daylight,Bus/Coach,2,Road Condition,0,0,0,0,1,0,Low
2022,8,Tuesday,10,Balochistan,Turbat,Provincial Highway,Good,Clear,Street Light,Motorcycle,2,Wrong Overtaking,0,0,0,0,2,0,Medium
2021,7,Wednesday,2,Sindh,Larkana,National Highway,Poor,Clear,No Light,Car/Taxi,1,Wrong Overtaking,0,0,1,0,10,0,High
2021,3,Saturday,21,Punjab,Rawalpindi,National Highway,Average,Foggy,No Light,Motorcycle,1,Road Condition,0,1,0,0,1,0,Medium
2023,8,Thursday,20,Sindh,Sukkur,Rural Road,Good,Clear,Street Light,Motorcycle,3,Wrong Overtaking,1,0,0,0,2,0,Low
2020,6,Saturday,13,Islamabad,Islamabad,Urban Road,Average,Rainy,Daylight,Truck/Lorry,2,Mechanical Failure,1,1,0,0,3,0,Medium
2018,12,Sunday,23,Punjab,Sialkot,National Highway,Under Repair,Clear,No Light,Bus/Coach,2,Road Condition,0,1,1,1,8,2,High
2023,11,Sunday,10,Sindh,Jacobabad,National Highway,Average,Clear,Daylight,Van/Pickup,2,Wrong Overtaking,0,1,0,1,3,0,Medium
2019,3,Thursday,7,Sindh,Thatta,Rural Road,Good,Clear,Daylight,Rickshaw,4,Over Speeding,1,0,0,0,2,1,Low
2022,2,Thursday,21,Sindh,Jacobabad,Urban Road,Good,Clear,No Light,Truck/Lorry,3,Signal Violation,0,0,0,1,2,0,Low
2022,7,Saturday,9,Punjab,Sheikhupura,Urban Road,Good,Clear,Daylight,Motorcycle,1,Over Speeding,1,1,0,0,5,1,High
2019,2,Monday,6,Balochistan,Turbat,National Highway,Poor,Clear,Daylight,Motorcycle,1,Wrong Overtaking,0,0,0,1,7,0,High
2022,10,Thursday,12,Islamabad,Islamabad,Urban Road,Average,Clear,Daylight,Rickshaw,4,Mechanical Failure,1,0,0,0,0,0,Low
2019,6,Monday,12,Sindh,Kashmore,Urban Road,Good,Clear,Daylight,Car/Taxi,2,Drunk Driving,1,0,0,0,2,1,Low
2018,5,Friday,22,KPK,Swat,Urban Road,Good,Clear,No Light,Bus/Coach,1,Signal Violation,0,0,1,0,2,0,Low
2018,4,Sunday,8,Islamabad,Islamabad,Rural Road,Average,Clear,Daylight,Motorcycle,1,Mobile Phone Use,1,1,0,0,3,0,Medium
2023,11,Tuesday,9,KPK,Mardan,National Highway,Average,Rainy,Daylight,Rickshaw,1,Driver Fatigue,1,0,0,1,5,1,High
2021,5,Sunday,18,Punjab,Rawalpindi,National Highway,Average,Foggy,Street Light,Bicycle,2,Signal Violation,1,1,0,0,3,3,High
2021,12,Monday,8,Sindh,Kashmore,National Highway,Poor,Rainy,Daylight,Motorcycle,2,Wrong Overtaking,1,0,0,1,6,0,High
2022,2,Friday,11,Sindh,Karachi,National Highway,Average,Extreme Heat,Daylight,Bus/Coach,4,Over Speeding,0,0,0,1,9,0,High
2022,11,Friday,19,Sindh,Thatta,Urban Road,Poor,Rainy,Dawn/Dusk,Bus/Coach,3,Driver Fatigue,1,0,0,1,2,0,Medium
2022,8,Thursday,11,KPK,Kohat,National Highway,Average,Foggy,Daylight,Motorcycle,1,Driver Fatigue,0,0,0,0,9,0,High
2022,8,Wednesday,9,Islamabad,Islamabad,Provincial Highway,Good,Clear,Dawn/Dusk,Motorcycle,1,Signal Violation,1,0,0,0,4,0,Medium
2021,11,Wednesday,17,Islamabad,Islamabad,Rural Road,Poor,Clear,Street Light,Other,2,Drunk Driving,1,0,0,1,1,1,Low
2018,6,Saturday,18,Sindh,Mirpur Khas,Rural Road,Good,Clear,Daylight,Car/Taxi,3,Over Speeding,1,1,0,0,1,0,Low
2022,7,Wednesday,14,Punjab,Bahawalpur,Provincial Highway,Average,Clear,Daylight,Motorcycle,4,Wrong Overtaking,0,0,0,0,8,1,High
2021,7,Friday,21,AJK,Rawalakot,Urban Road,Average,Foggy,Street Light,Motorcycle,1,Over Speeding,0,0,0,0,6,4,High
2021,6,Tuesday,16,KPK,Bannu,National Highway,Good,Rainy,Daylight,Truck/Lorry,3,Signal Violation,0,0,0,0,7,0,High
2022,10,Tuesday,17,Punjab,Sheikhupura,National Highway,Good,Clear,Daylight,Motorcycle,2,Wrong Overtaking,1,0,0,0,5,1,Medium
2023,1,Friday,19,Islamabad,Islamabad,Urban Road,Poor,Clear,Dawn/Dusk,Car/Taxi,4,Road Condition,1,0,0,1,1,0,Low
2022,1,Monday,18,Balochistan,Dera Bugti,National Highway,Under Repair,Clear,Daylight,Motorcycle,2,Mobile Phone Use,1,0,0,1,2,1,Medium
2018,12,Monday,8,Sindh,Dadu,Rural Road,Average,Clear,Dawn/Dusk,Car/Taxi,2,Signal Violation,1,0,0,1,0,0,Low
2022,8,Wednesday,9,Sindh,Hyderabad,Provincial Highway,Good,Clear,Daylight,Car/Taxi,1,Over Speeding,1,0,0,0,0,0,Low
2021,7,Friday,19,Punjab,Sargodha,National Highway,Poor,Clear,Street Light,Bus/Coach,1,Wrong Overtaking,1,0,0,0,2,1,Medium
2023,1,Tuesday,11,Punjab,Sargodha,Provincial Highway,Average,Clear,Daylight,Motorcycle,4,Signal Violation,0,0,0,1,2,0,Medium
2022,3,Saturday,8,Punjab,Multan,Motorway,Average,Clear,Dawn/Dusk,Rickshaw,2,Mechanical Failure,1,1,0,0,5,0,Medium
2022,6,Tuesday,6,KPK,Kohat,Urban Road,Good,Clear,Daylight,Motorcycle,4,Signal Violation,0,0,0,0,2,0,Medium
2022,3,Thursday,19,Punjab,Sialkot,Urban Road,Good,Clear,Dawn/Dusk,Motorcycle,3,Pedestrian Error,1,0,0,0,2,0,Low
2023,12,Monday,9,Punjab,Sargodha,Provincial Highway,Good,Clear,Dawn/Dusk,Rickshaw,2,Over Speeding,1,0,0,1,2,0,Low
2020,1,Wednesday,23,Punjab,Faisalabad,Provincial Highway,Under Repair,Dusty/Smoggy,Street Light,Other,3,Wrong Overtaking,0,0,1,1,3,1,Medium
2021,12,Tuesday,8,Sindh,Kashmore,Rural Road,Average,Clear,Daylight,Motorcycle,3,Over Speeding,1,0,0,1,1,1,Medium
2023,12,Monday,20,Balochistan,Turbat,National Highway,Good,Clear,No Light,Motorcycle,2,Drunk Driving,1,0,0,1,2,3,High
2019,8,Thursday,13,Punjab,Faisalabad,National Highway,Good,Foggy,Daylight,Car/Taxi,2,Mechanical Failure,1,0,0,0,1,1,Medium
2022,1,Saturday,10,Punjab,Gujranwala,Urban Road,Good,Clear,Dawn/Dusk,Car/Taxi,3,Over Speeding,0,1,0,1,0,0,Low
2022,11,Saturday,10,KPK,Mansehra,National Highway,Under Repair,Foggy,No Light,Truck/Lorry,3,Driver Fatigue,0,1,0,1,8,4,High
2022,12,Friday,23,Sindh,Nawabshah,Motorway,Average,Foggy,No Light,Motorcycle,3,Pedestrian Error,0,0,1,1,6,2,High
2023,2,Thursday,13,Punjab,Rawalpindi,Motorway,Average,Clear,Daylight,Rickshaw,1,Drunk Driving,1,0,0,1,2,0,Medium
2021,10,Monday,19,Sindh,Larkana,Urban Road,Poor,Rainy,Dawn/Dusk,Motorcycle,1,Driver Fatigue,1,0,0,0,5,1,Medium
2023,5,Monday,13,Punjab,Sargodha,Provincial Highway,Good,Clear,Daylight,Car/Taxi,4,Over Speeding,1,0,0,0,2,0,Low
2023,8,Friday,8,Punjab,Sargodha,National Highway,Average,Clear,Dawn/Dusk,Motorcycle,1,Pedestrian Error,1,0,0,0,5,0,Medium
2021,2,Wednesday,11,Sindh,Nawabshah,Urban Road,Poor,Rainy,Daylight,Rickshaw,2,Over Speeding,0,0,0,1,5,0,Medium
2018,11,Wednesday,12,Punjab,Lahore,National Highway,Good,Foggy,Daylight,Rickshaw,1,Signal Violation,1,0,0,1,4,1,High
2021,1,Saturday,16,Balochistan,Dera Bugti,Rural Road,Poor,Clear,Street Light,Rickshaw,3,Wrong Overtaking,0,1,0,1,1,0,Low
2019,1,Thursday,17,Punjab,Sialkot,National Highway,Poor,Clear,Daylight,Motorcycle,4,Mechanical Failure,1,0,0,1,2,2,Medium
2020,6,Wednesday,11,Sindh,Karachi,National Highway,Poor,Clear,Daylight,Motorcycle,3,Mechanical Failure,0,0,0,0,6,0,High
2020,9,Sunday,21,Sindh,Mirpur Khas,Urban Road,Under Repair,Clear,Street Light,Truck/Lorry,1,Pedestrian Error,0,1,0,0,2,0,Low
2021,7,Friday,19,Punjab,Sialkot,National Highway,Good,Clear,Street Light,Motorcycle,2,Drunk Driving,1,0,0,0,7,3,High
2023,1,Thursday,17,KPK,Nowshera,Urban Road,Good,Clear,Daylight,Rickshaw,3,Wrong Overtaking,1,0,0,1,1,0,Low
2022,6,Saturday,20,Punjab,Bahawalpur,Rural Road,Average,Clear,No Light,Car/Taxi,2,Signal Violation,1,1,0,0,2,0,Low
2020,6,Sunday,1,Islamabad,Islamabad,National Highway,Poor,Clear,Street Light,Car/Taxi,2,Drunk Driving,0,1,1,0,6,3,High
2020,7,Monday,19,Punjab,Sheikhupura,National Highway,Poor,Clear,Street Light,Bicycle,1,Over Speeding,1,0,0,0,4,2,High
2023,12,Saturday,6,Punjab,Sialkot,National Highway,Average,Clear,Daylight,Car/Taxi,3,Pedestrian Error,0,1,0,1,2,0,Low
2022,1,Sunday,12,Punjab,Sargodha,Urban Road,Average,Clear,Daylight,Bus/Coach,2,Wrong Overtaking,1,1,0,1,3,2,Medium
2019,9,Friday,23,Gilgit-Baltistan,Hunza,Rural Road,Good,Clear,Street Light,Rickshaw,1,Over Speeding,0,0,1,0,1,0,Medium
2020,6,Friday,15,Sindh,Larkana,Rural Road,Average,Clear,Daylight,Motorcycle,2,Signal Violation,0,0,0,0,5,0,Medium
2018,4,Saturday,10,Sindh,Kashmore,National Highway,Good,Clear,Daylight,Motorcycle,3,Over Speeding,0,1,0,0,5,2,High
2020,1,Saturday,7,Punjab,Sargodha,Provincial Highway,Average,Clear,No Light,Motorcycle,2,Signal Violation,1,1,0,1,3,0,Medium
2022,1,Wednesday,3,KPK,Dera Ismail Khan,Rural Road,Under Repair,Rainy,Street Light,Motorcycle,3,Pedestrian Error,0,0,1,1,5,0,Medium
2022,2,Friday,12,Punjab,Lahore,National Highway,Average,Clear,Daylight,Rickshaw,3,Driver Fatigue,1,0,0,1,2,0,Medium
2020,3,Friday,7,Balochistan,Khuzdar,National Highway,Good,Clear,Daylight,Motorcycle,2,Wrong Overtaking,1,0,0,0,1,0,Medium
2019,1,Tuesday,8,Punjab,Lahore,National Highway,Poor,Clear,Daylight,Rickshaw,2,Mechanical Failure,1,0,0,1,2,0,Medium
2023,12,Wednesday,10,Punjab,Bahawalpur,Rural Road,Average,Clear,Daylight,Rickshaw,3,Over Speeding,0,0,0,1,1,0,Medium
2019,6,Friday,11,Punjab,Rawalpindi,Provincial Highway,Good,Rainy,Daylight,Car/Taxi,2,Over Speeding,0,0,0,0,3,3,High
2019,7,Wednesday,19,Sindh,Jacobabad,National Highway,Good,Clear,Dawn/Dusk,Other,2,Mobile Phone Use,1,0,0,0,0,0,Low
2019,7,Thursday,9,Sindh,Hyderabad,Motorway,Average,Foggy,Daylight,Motorcycle,3,Road Condition,1,0,0,0,8,1,High
2020,3,Thursday,9,Punjab,Gujranwala,Motorway,Average,Clear,Daylight,Van/Pickup,4,Over Speeding,1,0,0,0,11,3,High
2019,1,Saturday,23,KPK,Abbottabad,Provincial Highway,Average,Rainy,Street Light,Car/Taxi,2,Driver Fatigue,0,1,1,1,8,2,High
2023,11,Sunday,9,Sindh,Kashmore,National Highway,Good,Clear,Daylight,Bus/Coach,2,Pedestrian Error,1,1,0,1,5,1,Medium
2023,8,Saturday,5,Sindh,Sukkur,Urban Road,Poor,Clear,Dawn/Dusk,Motorcycle,2,Over Speeding,0,1,1,0,8,3,High
2022,7,Thursday,17,Sindh,Mirpur Khas,National Highway,Average,Clear,Daylight,Motorcycle,2,Signal Violation,1,0,0,0,4,1,High
2023,5,Tuesday,9,Punjab,Bahawalpur,Urban Road,Good,Rainy,Street Light,Bicycle,1,Road Condition,1,0,0,0,4,0,Medium
2021,8,Sunday,2,Sindh,Hyderabad,Urban Road,Poor,Dusty/Smoggy,Street Light,Motorcycle,4,Over Speeding,0,1,1,0,8,0,High
2022,7,Friday,22,Punjab,Multan,National Highway,Average,Clear,No Light,Car/Taxi,2,Over Speeding,0,0,1,0,8,0,High
2020,7,Saturday,18,Punjab,Multan,Rural Road,Good,Clear,Daylight,Van/Pickup,1,Wrong Overtaking,1,1,0,0,0,0,Low
2023,5,Thursday,10,Balochistan,Hub,Motorway,Poor,Rainy,Daylight,Car/Taxi,2,Over Speeding,0,0,0,0,1,0,Medium
2018,12,Thursday,21,Islamabad,Islamabad,Provincial Highway,Average,Clear,Street Light,Truck/Lorry,3,Mechanical Failure,0,0,0,1,2,0,Low
2022,8,Wednesday,0,Punjab,Sialkot,Motorway,Average,Foggy,No Light,Motorcycle,1,Mechanical Failure,0,0,1,0,10,2,High
2018,7,Wednesday,15,Punjab,Sheikhupura,National Highway,Poor,Clear,Daylight,Bus/Coach,4,Over Speeding,0,0,0,0,5,0,Medium
2022,6,Sunday,7,Sindh,Mirpur Khas,Rural Road,Average,Clear,Dawn/Dusk,Van/Pickup,1,Over Speeding,1,1,0,0,2,0,Low
2020,9,Tuesday,18,Punjab,Rahim Yar Khan,Urban Road,Average,Clear,Daylight,Car/Taxi,2,Mobile Phone Use,1,0,0,0,2,0,Low
2019,2,Tuesday,19,Punjab,Bahawalpur,National Highway,Poor,Clear,Dawn/Dusk,Truck/Lorry,2,Over Speeding,1,0,0,1,4,1,Medium
2019,7,Sunday,16,Punjab,Gujranwala,National Highway,Poor,Clear,Daylight,Motorcycle,1,Mobile Phone Use,0,1,0,0,5,0,Medium
2018,10,Friday,20,KPK,Abbottabad,Provincial Highway,Good,Clear,Street Light,Truck/Lorry,1,Drunk Driving,1,0,0,0,5,0,Medium
2021,12,Friday,17,Sindh,Nawabshah,National Highway,Good,Foggy,Daylight,Motorcycle,2,Road Condition,1,0,0,1,9,2,High
2023,2,Sunday,12,Punjab,Multan,Rural Road,Good,Clear,Dawn/Dusk,Motorcycle,1,Pedestrian Error,1,1,0,1,1,0,Low
2022,11,Monday,15,Punjab,Gujranwala,National Highway,Good,Rainy,Daylight,Motorcycle,1,Over Speeding,0,0,0,1,3,2,High
2020,8,Thursday,5,Punjab,Bahawalpur,Rural Road,Under Repair,Dusty/Smoggy,No Light,Car/Taxi,1,Over Speeding,0,0,1,0,0,0,Low
2019,12,Monday,0,KPK,Swat,Provincial Highway,Good,Clear,Street Light,Rickshaw,1,Over Speeding,0,0,1,1,10,1,High
2023,9,Monday,17,Punjab,Sargodha,National Highway,Good,Extreme Heat,Daylight,Car/Taxi,2,Pedestrian Error,1,0,0,0,0,0,Low
2020,12,Wednesday,17,Punjab,Rawalpindi,Provincial Highway,Poor,Clear,Daylight,Motorcycle,4,Over Speeding,1,0,0,1,5,2,High
2022,4,Monday,6,KPK,Swat,Urban Road,Poor,Clear,Daylight,Van/Pickup,1,Driver Fatigue,0,0,0,0,2,0,Low
2018,12,Tuesday,13,Punjab,Bahawalpur,Provincial Highway,Poor,Rainy,Daylight,Truck/Lorry,1,Signal Violation,1,0,0,1,11,3,High
2019,6,Friday,18,Sindh,Thatta,Provincial Highway,Good,Clear,Daylight,Car/Taxi,2,Mechanical Failure,1,0,0,0,0,0,Low
2021,5,Monday,13,Punjab,Sheikhupura,Rural Road,Average,Dusty/Smoggy,Daylight,Car/Taxi,1,Weather Condition,1,0,0,0,0,0,Low
2023,3,Friday,13,Punjab,Multan,Motorway,Average,Rainy,Daylight,Motorcycle,4,Signal Violation,1,0,0,0,2,2,High
2019,4,Wednesday,0,Punjab,Rahim Yar Khan,National Highway,Good,Clear,No Light,Car/Taxi,3,Signal Violation,0,0,1,0,2,0,Medium
2019,1,Saturday,19,KPK,Swat,Provincial Highway,Good,Foggy,Dawn/Dusk,Rickshaw,1,Drunk Driving,1,1,0,1,10,0,High
2022,9,Monday,13,Balochistan,Hub,Provincial Highway,Average,Rainy,Street Light,Car/Taxi,3,Drunk Driving,1,0,0,0,5,2,Medium
2019,2,Sunday,8,KPK,Kohat,Urban Road,Good,Clear,Dawn/Dusk,Truck/Lorry,3,Mechanical Failure,1,1,0,1,0,0,Low
2022,12,Monday,17,Punjab,Rawalpindi,Urban Road,Poor,Clear,Daylight,Motorcycle,2,Pedestrian Error,1,0,0,1,0,0,Low
2021,12,Tuesday,5,KPK,Peshawar,National Highway,Good,Clear,No Light,Bicycle,2,Signal Violation,0,0,1,1,7,4,High
2022,8,Thursday,17,Punjab,Rahim Yar Khan,Urban Road,Average,Clear,No Light,Car/Taxi,3,Signal Violation,1,0,0,0,2,0,Low
2020,8,Tuesday,16,Punjab,Lahore,Urban Road,Good,Clear,Daylight,Motorcycle,2,Wrong Overtaking,0,0,0,0,3,2,Medium
2023,7,Friday,18,Balochistan,Chaman,Rural Road,Average,Foggy,Daylight,Motorcycle,1,Over Speeding,1,0,0,0,11,2,High
2023,11,Wednesday,8,Punjab,Multan,Rural Road,Good,Clear,Daylight,Bicycle,1,Over Speeding,1,0,0,1,1,0,Medium
2022,10,Wednesday,17,Punjab,Rahim Yar Khan,Rural Road,Average,Rainy,Street Light,Truck/Lorry,1,Driver Fatigue,1,0,0,0,3,0,Medium
2018,3,Saturday,14,Punjab,Faisalabad,National Highway,Average,Clear,Daylight,Car/Taxi,1,Pedestrian Error,0,1,0,0,2,0,Low
2019,7,Thursday,13,Punjab,Sialkot,Urban Road,Poor,Clear,No Light,Rickshaw,2,Mechanical Failure,1,0,0,0,0,0,Low
2020,6,Tuesday,0,Punjab,Sheikhupura,Urban Road,Under Repair,Clear,Street Light,Truck/Lorry,4,Over Speeding,0,0,1,0,7,4,High
2022,3,Friday,12,Sindh,Mirpur Khas,Rural Road,Average,Clear,Daylight,Car/Taxi,1,Over Speeding,1,0,0,0,1,1,Low
2019,11,Thursday,12,Sindh,Sukkur,National Highway,Good,Clear,Daylight,Car/Taxi,2,Over Speeding,1,0,0,1,9,0,High
2022,1,Thursday,6,Balochistan,Gwadar,Provincial Highway,Good,Rainy,Dawn/Dusk,Motorcycle,2,Over Speeding,0,0,0,1,7,0,High
2021,11,Wednesday,8,KPK,Mardan,Provincial Highway,Good,Clear,Daylight,Rickshaw,1,Mechanical Failure,1,0,0,1,0,0,Low
2020,11,Tuesday,9,Punjab,Sargodha,Urban Road,Good,Clear,Daylight,Car/Taxi,3,Driver Fatigue,1,0,0,1,0,0,Low
2023,6,Friday,10,Punjab,Multan,Provincial Highway,Average,Clear,Street Light,Rickshaw,3,Drunk Driving,0,0,0,0,4,0,Medium
2020,10,Friday,8,Punjab,Multan,Provincial Highway,Average,Foggy,Daylight,Car/Taxi,3,Over Speeding,1,0,0,0,2,0,Medium
2023,2,Sunday,20,Sindh,Thatta,Provincial Highway,Under Repair,Clear,Street Light,Motorcycle,4,Over Speeding,1,1,0,1,5,2,Medium
2018,6,Monday,8,Punjab,Rahim Yar Khan,Rural Road,Average,Clear,Daylight,Truck/Lorry,2,Over Speeding,1,0,0,0,1,0,Low
2020,7,Friday,10,Sindh,Mirpur Khas,Provincial Highway,Poor,Clear,Daylight,Rickshaw,2,Wrong Overtaking,0,0,0,0,2,0,Low
2023,9,Friday,10,Punjab,Rawalpindi,Provincial Highway,Good,Foggy,Daylight,Motorcycle,2,Wrong Overtaking,0,0,0,0,9,0,High
2020,3,Tuesday,12,Sindh,Nawabshah,Rural Road,Good,Clear,Daylight,Bus/Coach,2,Wrong Overtaking,1,0,0,0,1,0,Low