year,month,day_of_week,hour_of_day,province,district,road_type,road_condition,weather_condition,lighting_condition,vehicle_type,vehicles_involved,accident_cause,is_rush_hour,is_weekend,is_night,is_foggy_month,num_injured,num_killed,severity
2023,10,Wednesday,2,Sindh,Thatta,National Highway,Good,Clear,No Light,Bicycle,2,Road Condition,0,0,1,0,6,2,High
2020,1,Sunday,20,Punjab,Rahim Yar Khan,Provincial Highway,Good,Clear,No Light,Motorcycle,2,Signal Violation,1,1,0,1,2,0,Medium
2021,7,Friday,1,Islamabad,Islamabad,Urban Road,Average,Rainy,Street Light,Other,1,Wrong Overtaking,0,0,1,0,5,1,Medium
2023,3,Saturday,17,KPK,Peshawar,National Highway,Poor,Extreme Heat,Daylight,Rickshaw,2,Over Speeding,1,1,0,0,4,0,Medium
2021,6,Friday,15,Punjab,Sheikhupura,Urban Road,Average,Clear,Daylight,Motorcycle,1,Pedestrian Error,0,0,0,0,4,0,Medium
2023,8,Tuesday,13,Balochistan,Gwadar,Provincial Highway,Average,Foggy,Daylight,Rickshaw,3,Wrong Overtaking,1,0,0,0,2,0,Low
2022,7,Saturday,19,Sindh,Mirpur Khas,Urban Road,Poor,Clear,Dawn/Dusk,Motorcycle,2,Weather Condition,1,1,0,0,4,0,Medium
2023,1,Wednesday,22,Balochistan,Dera Bugti,Provincial Highway,Good,Clear,No Light,Car/Taxi,1,Wrong Overtaking,0,0,1,1,2,0,Low
2022,1,Thursday,19,KPK,Abbottabad,National Highway,Good,Clear,Street Light,Van/Pickup,1,Over Speeding,1,0,0,1,9,3,High
2018,7,Monday,23,Sindh,Dadu,National Highway,Good,Clear,Street Light,Motorcycle,2,Pedestrian Error,0,0,1,0,2,1,High
2023,12,Tuesday,14,Punjab,Sialkot,Provincial Highway,Poor,Rainy,Street Light,Truck/Lorry,1,Road Condition,0,0,0,1,2,0,Low
2023,6,Wednesday,9,Punjab,Lahore,Rural Road,Average,Dusty/Smoggy,Daylight,Motorcycle,2,Wrong Overtaking,1,0,0,0,0,1,Low
2023,10,Saturday,10,Sindh,Dadu,National Highway,Good,Foggy,Street Light,Motorcycle,3,Signal Violation,0,1,0,0,3,0,High
2022,2,Tuesday,13,Sindh,Mirpur Khas,Provincial Highway,Good,Foggy,No Light,Motorcycle,2,Driver Fatigue,1,0,0,1,3,2,High
2023,6,Saturday,12,Punjab,Rawalpindi,Motorway,Under Repair,Clear,Daylight,Rickshaw,2,Mechanical Failure,1,1,0,0,2,0,Low
2023,12,Friday,16,Punjab,Multan,National Highway,Poor,Clear,Street Light,Truck/Lorry,2,Pedestrian Error,0,0,0,1,0,0,Low
2021,7,Tuesday,19,KPK,Kohat,National Highway,Under Repair,Foggy,No Light,Car/Taxi,2,Drunk Driving,1,0,0,0,3,0,Medium
2018,2,Monday,8,AJK,Muzaffarabad,Provincial Highway,Average,Rainy,Daylight,Truck/Lorry,2,Driver Fatigue,1,0,0,1,3,0,Medium
2021,4,Sunday,10,Sindh,Kashmore,National Highway,Good,Clear,Daylight,Car/Taxi,2,Wrong Overtaking,0,1,0,0,3,0,Medium
2022,6,Friday,1,Punjab,Rawalpindi,National Highway,Good,Extreme Heat,No Light,Car/Taxi,1,Signal Violation,0,0,1,0,4,0,Medium
2018,7,Saturday,8,Punjab,Sargodha,Provincial Highway,Good,Rainy,Dawn/Dusk,Van/Pickup,1,Wrong Overtaking,1,1,0,0,2,1,Medium
2020,3,Thursday,17,Punjab,Sheikhupura,National Highway,Average,Clear,Daylight,Motorcycle,2,Signal Violation,1,0,0,0,3,0,Medium
2020,6,Sunday,21,Balochistan,Zhob,Provincial Highway,Under Repair,Extreme Heat,No Light,Bus/Coach,2,Signal Violation,0,1,0,0,5,2,Medium
2018,6,Monday,0,Punjab,Multan,National Highway,Poor,Foggy,Street Light,Motorcycle,1,Mobile Phone Use,0,0,1,0,2,3,High
2022,6,Thursday,18,Sindh,Larkana,Urban Road,Average,Foggy,Daylight,Truck/Lorry,1,Pedestrian Error,1,0,0,0,3,1,Medium
2023,7,Sunday,20,Punjab,Sheikhupura,Provincial Highway,Poor,Foggy,No Light,Car/Taxi,2,Wrong Overtaking,1,1,0,0,4,0,Medium
2022,9,Saturday,18,Sindh,Karachi,Urban Road,Good,Clear,Daylight,Motorcycle,3,Wrong Overtaking,1,1,0,0,4,0,Medium
2023,9,Thursday,14,Sindh,Nawabshah,Rural Road,Under Repair,Clear,Daylight,Motorcycle,3,Drunk Driving,0,0,0,0,3,0,High
2020,5,Tuesday,18,KPK,Swat,Provincial Highway,Poor,Clear,No Light,Car/Taxi,2,Mechanical Failure,1,0,0,0,0,0,Low
2021,7,Monday,19,Punjab,Rawalpindi,National Highway,Average,Extreme Heat,Dawn/Dusk,Other,2,Signal Violation,1,0,0,0,4,2,Medium
2021,4,Saturday,8,Punjab,Lahore,Urban Road,Good,Rainy,Dawn/Dusk,Motorcycle,2,Road Condition,1,1,0,0,3,2,Medium
2023,11,Saturday,8,Punjab,Gujranwala,National Highway,Good,Rainy,Daylight,Car/Taxi,1,Signal Violation,1,1,0,1,3,0,Medium
2021,5,Monday,21,Balochistan,Gwadar,National Highway,Average,Clear,No Light,Motorcycle,1,Over Speeding,0,0,0,0,2,4,High
2022,8,Monday,17,Balochistan,Dera Bugti,National Highway,Good,Clear,Daylight,Rickshaw,2,Signal Violation,1,0,0,0,1,0,Low
2023,1,Wednesday,12,Sindh,Larkana,National Highway,Good,Dusty/Smoggy,Daylight,Motorcycle,2,Over Speeding,1,0,0,1,10,2,High
2019,1,Sunday,23,Sindh,Thatta,National Highway,Average,Clear,Street Light,Motorcycle,2,Over Speeding,0,1,1,1,4,1,High
2022,3,Saturday,12,KPK,Mardan,Urban Road,Average,Foggy,Daylight,Motorcycle,2,Wrong Overtaking,1,1,0,0,1,0,Medium
2018,8,Friday,14,Punjab,Rahim Yar Khan,National Highway,Poor,Clear,Daylight,Rickshaw,2,Road Condition,0,0,0,0,2,0,Medium
2023,10,Tuesday,12,Balochistan,Dera Bugti,National Highway,Average,Foggy,Dawn/Dusk,Motorcycle,3,Over Speeding,1,0,0,0,7,1,High
2022,11,Saturday,10,Punjab,Multan,Rural Road,Poor,Foggy,Daylight,Car/Taxi,1,Wrong Overtaking,0,1,0,1,2,0,Low
2020,5,Sunday,14,Punjab,Lahore,Provincial Highway,Good,Clear,Daylight,Motorcycle,3,Road Condition,0,1,0,0,4,0,Medium
2022,5,Sunday,10,Sindh,Hyderabad,National Highway,Poor,Clear,No Light,Car/Taxi,2,Wrong Overtaking,0,1,0,0,2,0,Medium
2019,6,Monday,9,Punjab,Rahim Yar Khan,National Highway,Good,Clear,Street Light,Bicycle,2,Wrong Overtaking,1,0,0,0,10,2,High
2022,12,Saturday,6,Punjab,Rahim Yar Khan,Provincial Highway,Good,Dusty/Smoggy,Daylight,Motorcycle,2,Mobile Phone Use,0,1,0,1,0,0,Low
2021,2,Friday,13,KPK,Abbottabad,National Highway,Good,Clear,Daylight,Bus/Coach,2,Mobile Phone Use,1,0,0,1,5,0,Medium
2023,11,Friday,17,Punjab,Lahore,Motorway,Average,Dusty/Smoggy,Daylight,Van/Pickup,2,Road Condition,1,0,0,1,2,0,Low
2021,7,Sunday,3,Sindh,Hyderabad,Provincial Highway,Good,Clear,No Light,Motorcycle,2,Driver Fatigue,0,1,1,0,7,1,High
2021,2,Friday,8,Punjab,Sargodha,Provincial Highway,Average,Clear,Daylight,Car/Taxi,3,Wrong Overtaking,1,0,0,1,2,0,Medium
2020,6,Thursday,18,Punjab,Rahim Yar Khan,Motorway,Poor,Clear,Daylight,Motorcycle,2,Over Speeding,1,0,0,0,10,0,High
2018,5,Sunday,2,Punjab,Rahim Yar Khan,Provincial Highway,Average,Clear,No Light,Truck/Lorry,1,Mechanical Failure,0,1,1,0,1,2,Medium
2020,3,Tuesday,13,Punjab,Sialkot,National Highway,Average,Clear,Street Light,Rickshaw,3,Road Condition,1,0,0,0,2,0,Low
2021,11,Wednesday,17,KPK,Mardan,Provincial Highway,Good,Clear,Daylight,Rickshaw,2,Pedestrian Error,1,0,0,1,2,1,Low
2018,4,Tuesday,23,Punjab,Lahore,Urban Road,Good,Foggy,Street Light,Rickshaw,2,Signal Violation,0,0,1,0,1,0,Medium
2018,8,Wednesday,13,Sindh,Kashmore,Urban Road,Average,Clear,Daylight,Van/Pickup,3,Drunk Driving,1,0,0,0,1,0,Low
2018,5,Friday,8,Sindh,Dadu,Rural Road,Average,Clear,Street Light,Car/Taxi,1,Mechanical Failure,1,0,0,0,2,0,Low
2023,12,Saturday,11,KPK,Peshawar,Motorway,Good,Clear,Daylight,Truck/Lorry,3,Road Condition,0,1,0,1,5,2,Medium
2021,7,Saturday,20,Islamabad,Islamabad,National Highway,Average,Clear,No Light,Car/Taxi,1,Mobile Phone Use,1,1,0,0,0,0,Low
2023,1,Sunday,22,KPK,Dera Ismail Khan,National Highway,Good,Clear,Street Light,Motorcycle,2,Mechanical Failure,0,1,1,1,4,1,High
2020,11,Sunday,7,Punjab,Gujranwala,Rural Road,Average,Clear,Street Light,Motorcycle,3,Mobile Phone Use,1,1,0,1,1,0,Low
2023,9,Thursday,20,Punjab,Sheikhupura,Rural Road,Under Repair,Rainy,Street Light,Motorcycle,3,Pedestrian Error,1,0,0,0,5,0,Medium
2022,10,Thursday,12,Punjab,Sheikhupura,National Highway,Poor,Foggy,Daylight,Car/Taxi,2,Over Speeding,1,0,0,0,9,2,High
2021,7,Saturday,21,Sindh,Nawabshah,Urban Road,Good,Rainy,Street Light,Motorcycle,2,Pedestrian Error,0,1,0,0,5,0,Medium
2021,9,Saturday,21,Punjab,Rawalpindi,Provincial Highway,Average,Clear,No Light,Bicycle,1,Wrong Overtaking,0,1,0,0,2,0,Medium
2018,9,Sunday,11,Sindh,Hyderabad,Provincial Highway,Average,Clear,Dawn/Dusk,Truck/Lorry,1,Road Condition,0,1,0,0,1,0,Low
2020,2,Tuesday,21,Sindh,Sukkur,National Highway,Average,Clear,No Light,Rickshaw,1,Over Speeding,0,0,0,1,4,0,Medium
2022,9,Wednesday,23,Punjab,Lahore,Urban Road,Good,Clear,Street Light,Bicycle,4,Mobile Phone Use,0,0,1,0,1,1,Medium
2021,4,Friday,17,KPK,Abbottabad,Provincial Highway,Good,Clear,Daylight,Motorcycle,4,Wrong Overtaking,1,0,0,0,2,0,Medium
2023,1,Monday,11,Punjab,Faisalabad,Urban Road,Good,Extreme Heat,Daylight,Car/Taxi,4,Signal Violation,0,0,0,1,1,0,Low
2021,1,Monday,7,Punjab,Bahawalpur,National Highway,Average,Clear,Daylight,Motorcycle,1,Over Speeding,1,0,0,1,8,4,High
2020,12,Monday,18,KPK,Dera Ismail Khan,Motorway,Average,Clear,Daylight,Car/Taxi,2,Over Speeding,1,0,0,1,3,1,Medium
2022,11,Thursday,13,Sindh,Jacobabad,National Highway,Good,Clear,Daylight,Truck/Lorry,2,Over Speeding,1,0,0,1,1,1,Medium
2020,7,Thursday,20,KPK,Peshawar,Provincial Highway,Average,Clear,No Light,Car/Taxi,2,Pedestrian Error,1,0,0,0,1,0,Low
2019,9,Friday,8,Sindh,Karachi,Provincial Highway,Average,Clear,Daylight,Motorcycle,2,Signal Violation,1,0,0,0,1,2,Medium
2023,1,Tuesday,9,Punjab,Gujranwala,Urban Road,Good,Rainy,Daylight,Motorcycle,2,Driver Fatigue,1,0,0,1,3,3,High
2021,2,Thursday,14,KPK,Swat,National Highway,Average,Clear,Daylight,Car/Taxi,1,Mechanical Failure,0,0,0,1,0,0,Low
2021,7,Thursday,8,KPK,Charsadda,Provincial Highway,Poor,Clear,Daylight,Motorcycle,2,Over Speeding,1,0,0,0,2,1,Medium
2021,2,Monday,13,KPK,Charsadda,Rural Road,Poor,Clear,Daylight,Motorcycle,3,Road Condition,1,0,0,1,1,1,Medium
2021,7,Monday,10,Punjab,Rawalpindi,Provincial Highway,Good,Extreme Heat,Daylight,Car/Taxi,3,Wrong Overtaking,0,0,0,0,2,2,Medium
2022,1,Monday,13,Sindh,Mirpur Khas,National Highway,Good,Dusty/Smoggy,Daylight,Motorcycle,2,Wrong Overtaking,1,0,0,1,6,1,High
2021,6,Saturday,13,Punjab,Sargodha,Rural Road,Average,Dusty/Smoggy,Dawn/Dusk,Bus/Coach,1,Road Condition,1,1,0,0,1,1,Low
2020,5,Saturday,9,Punjab,Bahawalpur,Urban Road,Average,Clear,Daylight,Van/Pickup,2,Pedestrian Error,1,1,0,0,1,0,Low
2020,4,Wednesday,18,Balochistan,Khuzdar,Provincial Highway,Good,Clear,Daylight,Car/Taxi,1,Wrong Overtaking,1,0,0,0,2,0,Low
2018,2,Friday,0,Punjab,Bahawalpur,Rural Road,Good,Rainy,Street Light,Rickshaw,1,Pedestrian Error,0,0,1,1,1,1,Medium
2019,1,Friday,19,Islamabad,Islamabad,Urban Road,Average,Rainy,Street Light,Motorcycle,1,Over Speeding,1,0,0,1,2,2,High
2020,11,Saturday,18,Sindh,Kashmore,Urban Road,Good,Clear,Daylight,Rickshaw,2,Wrong Overtaking,1,1,0,1,2,0,Low
2023,7,Wednesday,16,Punjab,Sheikhupura,Provincial Highway,Average,Clear,Daylight,Motorcycle,2,Drunk Driving,0,0,0,0,11,3,High
2019,1,Saturday,17,Sindh,Sukkur,Urban Road,Good,Clear,Street Light,Motorcycle,2,Over Speeding,1,1,0,1,2,1,Medium
2019,4,Saturday,20,Balochistan,Turbat,Provincial Highway,Poor,Clear,Street Light,Van/Pickup,2,Over Speeding,1,1,0,0,1,1,Medium
2019,8,Wednesday,12,KPK,Mardan,Provincial Highway,Good,Clear,Daylight,Truck/Lorry,4,Driver Fatigue,1,0,0,0,5,1,Medium
2020,1,Thursday,7,KPK,Kohat,National Highway,Good,Clear,Daylight,Car/Taxi,2,Mechanical Failure,1,0,0,1,1,1,Medium
2022,8,Sunday,6,Sindh,Kashmore,National Highway,Average,Clear,Daylight,Motorcycle,2,Wrong Overtaking,0,1,0,0,5,2,Medium
2020,12,Sunday,7,KPK,Peshawar,Motorway,Good,Clear,Daylight,Rickshaw,2,Wrong Overtaking,1,1,0,1,0,0,Low
2021,5,Monday,5,Balochistan,Zhob,Rural Road,Average,Foggy,No Light,Van/Pickup,1,Over Speeding,0,0,1,0,2,1,High
2022,5,Thursday,7,Punjab,Sargodha,Urban Road,Good,Foggy,Daylight,Car/Taxi,2,Over Speeding,1,0,0,0,2,0,Low
2018,4,Wednesday,22,Sindh,Mirpur Khas,Provincial Highway,Good,Rainy,No Light,Van/Pickup,1,Driver Fatigue,0,0,1,0,4,0,Medium
2018,10,Friday,14,Punjab,Bahawalpur,National Highway,Average,Dusty/Smoggy,Daylight,Car/Taxi,3,Over Speeding,0,0,0,0,11,0,High
2019,5,Friday,17,AJK,Mirpur,Urban Road,Average,Foggy,Street Light,Van/Pickup,2,Over Speeding,1,0,0,0,2,0,Low
2020,10,Tuesday,18,Islamabad,Islamabad,National Highway,Good,Clear,Daylight,Car/Taxi,4,Signal Violation,1,0,0,0,2,0,Low
2023,6,Monday,16,Punjab,Lahore,Urban Road,Average,Rainy,No Light,Car/Taxi,3,Pedestrian Error,0,0,0,0,2,0,Low
2018,5,Sunday,15,KPK,Bannu,Rural Road,Average,Foggy,Street Light,Bicycle,1,Over Speeding,0,1,0,0,2,2,High
2022,2,Monday,6,Islamabad,Islamabad,Rural Road,Good,Clear,Daylight,Car/Taxi,2,Over Speeding,0,0,0,1,2,0,Low
2022,6,Friday,8,Punjab,Gujranwala,Motorway,Poor,Foggy,Daylight,Car/Taxi,2,Over Speeding,1,0,0,0,4,1,High
2019,6,Sunday,19,Sindh,Mirpur Khas,Rural Road,Average,Foggy,No Light,Motorcycle,2,Pedestrian Error,1,1,0,0,2,0,Low
2023,6,Saturday,14,Balochistan,Quetta,National Highway,Average,Clear,Daylight,Car/Taxi,1,Pedestrian Error,0,1,0,0,4,0,Medium
2022,1,Thursday,17,Punjab,Gujranwala,National Highway,Average,Clear,Street Light,Motorcycle,2,Mobile Phone Use,1,0,0,1,5,1,Medium
2018,6,Saturday,16,KPK,Abbottabad,Urban Road,Good,Clear,Daylight,Motorcycle,2,Wrong Overtaking,0,1,0,0,0,0,Low
2022,6,Wednesday,13,Punjab,Rahim Yar Khan,Urban Road,Poor,Foggy,Daylight,Motorcycle,2,Over Speeding,1,0,0,0,4,1,High
2020,12,Wednesday,14,Islamabad,Islamabad,Provincial Highway,Good,Clear,Daylight,Motorcycle,2,Pedestrian Error,0,0,0,1,1,0,Medium
2023,2,Friday,18,AJK,Muzaffarabad,National Highway,Average,Clear,Daylight,Motorcycle,3,Signal Violation,1,0,0,1,5,1,High
2020,12,Thursday,8,Islamabad,Islamabad,Urban Road,Average,Foggy,Daylight,Car/Taxi,1,Driver Fatigue,1,0,0,1,5,0,Medium
2020,6,Friday,13,Sindh,Sukkur,National Highway,Good,Dusty/Smoggy,No Light,Motorcycle,1,Over Speeding,1,0,0,0,11,2,High
2019,3,Monday,17,Balochistan,Dera Bugti,Urban Road,Average,Clear,Daylight,Car/Taxi,1,Wrong Overtaking,1,0,0,0,1,0,Low
2023,9,Friday,4,Balochistan,Chaman,National Highway,Average,Clear,No Light,Truck/Lorry,1,Over Speeding,0,0,1,0,10,2,High
2019,5,Saturday,8,Punjab,Sheikhupura,National Highway,Average,Foggy,Daylight,Truck/Lorry,3,Pedestrian Error,1,1,0,0,5,1,High
2021,10,Thursday,19,KPK,Mansehra,Urban Road,Good,Clear,Dawn/Dusk,Rickshaw,2,Wrong Overtaking,1,0,0,0,0,0,Low
2022,9,Tuesday,21,Punjab,Rawalpindi,Urban Road,Average,Clear,Street Light,Rickshaw,1,Road Condition,0,0,0,0,1,0,Low
2023,10,Tuesday,17,Sindh,Thatta,Urban Road,Good,Foggy,Daylight,Car/Taxi,1,Drunk Driving,1,0,0,0,1,0,Low
2019,1,Friday,1,Punjab,Rawalpindi,National Highway,Poor,Clear,Street Light,Bus/Coach,2,Over Speeding,0,0,1,1,9,1,High
2020,7,Sunday,17,Punjab,Sargodha,Provincial Highway,Average,Clear,Dawn/Dusk,Motorcycle,2,Road Condition,1,1,0,0,1,0,Medium
2019,4,Friday,18,Punjab,Faisalabad,National Highway,Poor,Clear,Daylight,Bicycle,2,Road Condition,1,0,0,0,1,0,Medium
2023,9,Thursday,14,KPK,Mansehra,Rural Road,Good,Clear,Daylight,Motorcycle,2,Over Speeding,0,0,0,0,2,0,Medium
2020,11,Wednesday,1,Punjab,Bahawalpur,Rural Road,Good,Rainy,No Light,Bus/Coach,2,Signal Violation,0,0,1,1,1,1,Medium
2019,8,Thursday,9,KPK,Abbottabad,Urban Road,Average,Rainy,Daylight,Bus/Coach,2,Mechanical Failure,1,0,0,0,1,0,Low
2020,8,Thursday,6,Punjab,Sheikhupura,Provincial Highway,Good,Rainy,Daylight,Bus/Coach,2,Drunk Driving,0,0,0,0,5,0,Medium
2023,6,Thursday,20,Punjab,Sheikhupura,Provincial Highway,Poor,Clear,Street Light,Car/Taxi,2,Over Speeding,1,0,0,0,1,1,Medium
2022,5,Tuesday,17,Sindh,Sukkur,Rural Road,Good,Foggy,Daylight,Motorcycle,1,Driver Fatigue,1,0,0,0,3,1,Medium
2020,1,Wednesday,4,KPK,Abbottabad,Provincial Highway,Average,Dusty/Smoggy,Street Light,Rickshaw,1,Over Speeding,0,0,1,1,1,0,Medium
2019,10,Thursday,11,Punjab,Gujranwala,National Highway,Good,Rainy,Dawn/Dusk,Motorcycle,1,Drunk Driving,0,0,0,0,6,3,High
2022,1,Thursday,19,Sindh,Dadu,Urban Road,Average,Clear,Dawn/Dusk,Other,3,Wrong Overtaking,1,0,0,1,1,0,Low
2019,11,Friday,17,Balochistan,Quetta,Rural Road,Good,Clear,Daylight,Motorcycle,3,Signal Violation,1,0,0,1,1,1,Low
2020,2,Monday,15,Sindh,Karachi,Urban Road,Good,Clear,Daylight,Motorcycle,2,Signal Violation,0,0,0,1,2,0,Medium
2022,8,Thursday,18,Punjab,Lahore,National Highway,Average,Clear,Daylight,Motorcycle,1,Driver Fatigue,1,0,0,0,2,0,High
2018,12,Tuesday,11,Punjab,Multan,Urban Road,Average,Foggy,Daylight,Car/Taxi,1,Pedestrian Error,0,0,0,1,2,0,Low
2021,2,Sunday,6,Balochistan,Loralai,Urban Road,Poor,Foggy,Daylight,Motorcycle,2,Pedestrian Error,0,1,0,1,4,2,Medium
2018,2,Thursday,16,Punjab,Faisalabad,Urban Road,Average,Foggy,Daylight,Rickshaw,2,Wrong Overtaking,0,0,0,1,2,0,Low
2021,1,Sunday,5,Balochistan,Khuzdar,Provincial Highway,Under Repair,Foggy,Street Light,Motorcycle,3,Signal Violation,0,1,1,1,2,1,High
2022,5,Saturday,20,Sindh,Larkana,Urban Road,Under Repair,Clear,Street Light,Van/Pickup,2,Over Speeding,1,1,0,0,3,1,Medium
2023,4,Sunday,11,Islamabad,Islamabad,National Highway,Average,Clear,Daylight,Motorcycle,1,Wrong Overtaking,0,1,0,0,1,0,Medium
2020,7,Wednesday,22,KPK,Peshawar,National Highway,Under Repair,Clear,Street Light,Motorcycle,2,Over Speeding,0,0,1,0,4,0,High
2021,12,Monday,8,Gilgit-Baltistan,Skardu,National Highway,Good,Rainy,Daylight,Car/Taxi,2,Wrong Overtaking,1,0,0,1,4,0,High
2020,2,Wednesday,13,Punjab,Faisalabad,Provincial Highway,Poor,Clear,Daylight,Van/Pickup,1,Drunk Driving,1,0,0,1,2,0,Low
2021,2,Tuesday,19,KPK,Mansehra,Urban Road,Average,Clear,Dawn/Dusk,Motorcycle,4,Wrong Overtaking,1,0,0,1,5,2,Medium
2019,10,Tuesday,20,Punjab,Multan,Provincial Highway,Good,Clear,No Light,Car/Taxi,2,Over Speeding,1,0,0,0,5,2,Medium
2022,2,Friday,15,Sindh,Jacobabad,Provincial Highway,Average,Foggy,Daylight,Car/Taxi,1,Mechanical Failure,0,0,0,1,1,0,Medium
2023,8,Tuesday,19,Sindh,Thatta,Urban Road,Average,Clear,Street Light,Rickshaw,3,Pedestrian Error,1,0,0,0,0,0,Low
2022,11,Friday,8,Balochistan,Turbat,Provincial Highway,Under Repair,Dusty/Smoggy,Daylight,Motorcycle,3,Over Speeding,1,0,0,1,5,0,Medium
2019,1,Sunday,18,AJK,Mirpur,Motorway,Average,Clear,Daylight,Motorcycle,3,Pedestrian Error,1,1,0,1,5,1,High
2023,1,Thursday,2,KPK,Kohat,National Highway,Poor,Clear,Street Light,Car/Taxi,2,Driver Fatigue,0,0,1,1,3,0,High
2020,5,Sunday,19,Punjab,Multan,Provincial Highway,Average,Dusty/Smoggy,Daylight,Car/Taxi,1,Driver Fatigue,1,1,0,0,2,2,Medium
2023,7,Monday,17,Sindh,Kashmore,Motorway,Good,Clear,Daylight,Motorcycle,1,Pedestrian Error,1,0,0,0,10,0,High
2021,7,Thursday,17,KPK,Mardan,Rural Road,Good,Extreme Heat,Daylight,Car/Taxi,1,Wrong Overtaking,1,0,0,0,1,0,Low
2018,12,Wednesday,20,Punjab,Sheikhupura,Rural Road,Average,Foggy,No Light,Motorcycle,2,Signal Violation,1,0,0,1,7,3,High
2021,5,Saturday,18,Punjab,Sheikhupura,National Highway,Good,Foggy,Daylight,Car/Taxi,3,Drunk Driving,1,1,0,0,9,2,High
2019,1,Wednesday,18,Punjab,Rahim Yar Khan,Rural Road,Good,Clear,Daylight,Motorcycle,2,Signal Violation,1,0,0,1,2,0,Low
2020,12,Sunday,21,Punjab,Multan,National Highway,Good,Dusty/Smoggy,No Light,Bus/Coach,2,Drunk Driving,0,1,0,1,4,0,High
2022,6,Tuesday,9,Punjab,Faisalabad,National Highway,Average,Clear,Daylight,Motorcycle,1,Driver Fatigue,1,0,0,0,10,1,High
2023,2,Thursday,5,Punjab,Rawalpindi,National Highway,Under Repair,Rainy,No Light,Bus/Coach,1,Over Speeding,0,0,1,1,4,2,High
2018,8,Monday,15,Punjab,Bahawalpur,Urban Road,Under Repair,Clear,Daylight,Car/Taxi,2,Signal Violation,0,0,0,0,0,0,Low
2022,12,Monday,18,Punjab,Bahawalpur,Urban Road,Poor,Rainy,Daylight,Truck/Lorry,3,Mechanical Failure,1,0,0,1,5,0,Medium
2022,3,Monday,16,AJK,Mirpur,National Highway,Poor,Foggy,Street Light,Car/Taxi,2,Wrong Overtaking,0,0,0,0,1,1,Medium
2020,8,Monday,7,Sindh,Jacobabad,Urban Road,Poor,Clear,Daylight,Rickshaw,1,Over Speeding,1,0,0,0,1,0,Low
2022,11,Saturday,8,Punjab,Multan,Provincial Highway,Average,Clear,Street Light,Motorcycle,3,Wrong Overtaking,1,1,0,1,9,1,High
2020,6,Saturday,14,KPK,Peshawar,Motorway,Good,Clear,Dawn/Dusk,Rickshaw,2,Road Condition,0,1,0,0,1,0,Low
2019,8,Friday,15,Punjab,Rahim Yar Khan,Provincial Highway,Average,Clear,Street Light,Rickshaw,2,Drunk Driving,0,0,0,0,0,0,Low
2022,12,Tuesday,9,Islamabad,Islamabad,Urban Road,Average,Foggy,Daylight,Motorcycle,2,Mechanical Failure,1,0,0,1,3,1,Medium
2019,7,Friday,17,KPK,Bannu,National Highway,Average,Clear,Daylight,Motorcycle,2,Wrong Overtaking,1,0,0,0,5,2,High
2022,4,Friday,14,Punjab,Sargodha,National Highway,Poor,Foggy,No Light,Car/Taxi,2,Drunk Driving,0,0,0,0,2,2,High
2022,8,Sunday,21,Punjab,Lahore,Urban Road,Poor,Extreme Heat,Street Light,Truck/Lorry,1,Pedestrian Error,0,1,0,0,1,0,Low
2019,1,Friday,12,Balochistan,Hub,National Highway,Average,Foggy,Daylight,Motorcycle,2,Drunk Driving,1,0,0,1,10,1,High
2018,10,Tuesday,14,Islamabad,Islamabad,Rural Road,Good,Dusty/Smoggy,Street Light,Car/Taxi,4,Wrong Overtaking,0,0,0,0,2,0,Low
2023,1,Friday,18,Sindh,Sukkur,National Highway,Good,Clear,Daylight,Motorcycle,3,Pedestrian Error,1,0,0,1,5,0,Medium
2023,11,Wednesday,8,Sindh,Hyderabad,Rural Road,Good,Clear,Daylight,Motorcycle,1,Mechanical Failure,1,0,0,1,1,0,Low
2021,4,Thursday,10,Punjab,Rawalpindi,National Highway,Average,Clear,Daylight,Rickshaw,1,Over Speeding,0,0,0,0,3,0,High
2023,12,Tuesday,21,Gilgit-Baltistan,Skardu,Urban Road,Good,Rainy,No Light,Car/Taxi,3,Wrong Overtaking,0,0,0,1,2,0,Low
2022,10,Thursday,21,Punjab,Sargodha,Rural Road,Under Repair,Dusty/Smoggy,Street Light,Car/Taxi,1,Signal Violation,0,0,0,0,2,0,Low
2019,5,Friday,7,Islamabad,Islamabad,Provincial Highway,Poor,Rainy,Daylight,Car/Taxi,4,Wrong Overtaking,1,0,0,0,2,0,Medium
2023,8,Friday,21,Sindh,Kashmore,Urban Road,Poor,Clear,No Light,Rickshaw,2,Over Speeding,0,0,0,0,0,0,Low
2019,4,Monday,9,Sindh,Dadu,National Highway,Good,Foggy,Daylight,Car/Taxi,1,Over Speeding,1,0,0,0,2,0,High
2023,2,Friday,13,Sindh,Kashmore,Provincial Highway,Average,Foggy,Daylight,Motorcycle,2,Over Speeding,1,0,0,1,7,0,High
2021,11,Friday,7,Punjab,Sargodha,National Highway,Good,Dusty/Smoggy,Daylight,Rickshaw,2,Signal Violation,1,0,0,1,4,0,Medium
2018,5,Tuesday,14,Punjab,Lahore,National Highway,Good,Rainy,Daylight,Van/Pickup,1,Over Speeding,0,0,0,0,2,0,Medium
2020,3,Thursday,21,Punjab,Sargodha,Rural Road,Average,Clear,Street Light,Car/Taxi,1,Over Speeding,0,0,0,0,2,0,Low