year,month,day_of_week,hour_of_day,province,district,road_type,road_condition,weather_condition,lighting_condition,vehicle_type,vehicles_involved,accident_cause,is_rush_hour,is_weekend,is_night,is_foggy_month,num_injured,num_killed,severity
2021,4,Friday,12,Punjab,Lahore,Urban Road,Good,Foggy,Daylight,Van/Pickup,2,Pedestrian Error,1,0,0,0,1,0,Low
2023,6,Friday,19,KPK,Charsadda,Rural Road,Good,Clear,Street Light,Car/Taxi,1,Pedestrian Error,1,0,0,0,2,0,Low
2019,1,Wednesday,19,Punjab,Faisalabad,Provincial Highway,Poor,Clear,Street Light,Motorcycle,3,Driver Fatigue,1,0,0,1,2,0,High
2023,8,Monday,17,Punjab,Faisalabad,National Highway,Under Repair,Foggy,Daylight,Motorcycle,1,Signal Violation,1,0,0,0,3,2,High
2018,10,Sunday,19,Islamabad,Islamabad,Rural Road,Average,Clear,Dawn/Dusk,Truck/Lorry,2,Wrong Overtaking,1,1,0,0,0,0,Low
2019,7,Saturday,16,Balochistan,Quetta,Motorway,Poor,Clear,Daylight,Motorcycle,4,Over Speeding,0,1,0,0,7,4,High
2023,4,Sunday,12,Islamabad,Islamabad,Rural Road,Good,Rainy,No Light,Motorcycle,2,Road Condition,1,1,0,0,1,0,Medium
2022,10,Thursday,14,Gilgit-Baltistan,Gilgit,Urban Road,Good,Clear,Daylight,Rickshaw,1,Pedestrian Error,0,0,0,0,1,0,Low
2021,7,Wednesday,7,Punjab,Bahawalpur,Provincial Highway,Average,Dusty/Smoggy,Daylight,Car/Taxi,2,Signal Violation,1,0,0,0,0,0,Low
2020,5,Monday,2,Punjab,Sheikhupura,Rural Road,Poor,Dusty/Smoggy,Street Light,Car/Taxi,2,Over Speeding,0,0,1,0,5,0,Medium
2022,1,Saturday,17,KPK,Charsadda,Provincial Highway,Good,Clear,Daylight,Motorcycle,2,Pedestrian Error,1,1,0,1,3,1,Medium
2022,4,Friday,8,KPK,Swat,Urban Road,Good,Clear,Daylight,Truck/Lorry,3,Road Condition,1,0,0,0,2,0,Low
2019,2,Friday,16,Punjab,Sheikhupura,Provincial Highway,Under Repair,Foggy,Daylight,Motorcycle,2,Over Speeding,0,0,0,1,3,0,High
2019,1,Wednesday,8,KPK,Charsadda,National Highway,Good,Clear,Street Light,Motorcycle,2,Over Speeding,1,0,0,1,2,0,High
2019,7,Thursday,2,Punjab,Lahore,Rural Road,Good,Dusty/Smoggy,No Light,Motorcycle,1,Road Condition,0,0,1,0,2,0,Low
2018,2,Monday,23,Punjab,Rahim Yar Khan,Urban Road,Good,Dusty/Smoggy,Street Light,Motorcycle,2,Over Speeding,0,0,1,1,3,1,High
2020,6,Tuesday,16,Sindh,Mirpur Khas,Provincial Highway,Poor,Clear,Daylight,Motorcycle,1,Wrong Overtaking,0,0,0,0,3,0,Medium
2018,6,Wednesday,8,Sindh,Dadu,National Highway,Average,Clear,Daylight,Motorcycle,3,Mechanical Failure,1,0,0,0,2,0,High
2022,2,Friday,9,Sindh,Thatta,National Highway,Good,Clear,Daylight,Motorcycle,2,Over Speeding,1,0,0,1,2,4,High
2018,2,Saturday,14,Punjab,Lahore,Urban Road,Average,Clear,Daylight,Motorcycle,1,Drunk Driving,0,1,0,1,3,1,Medium
2021,12,Wednesday,7,Balochistan,Zhob,Rural Road,Average,Clear,Daylight,Bus/Coach,2,Pedestrian Error,1,0,0,1,2,0,Low
2023,5,Monday,8,Punjab,Sialkot,Provincial Highway,Good,Dusty/Smoggy,Daylight,Motorcycle,1,Signal Violation,1,0,0,0,1,0,Medium
2020,9,Tuesday,9,Punjab,Faisalabad,Provincial Highway,Poor,Clear,Daylight,Motorcycle,1,Over Speeding,1,0,0,0,2,2,High
2018,9,Thursday,15,Balochistan,Turbat,Urban Road,Average,Clear,Daylight,Truck/Lorry,3,Pedestrian Error,0,0,0,0,0,0,Low
2019,12,Saturday,18,Islamabad,Islamabad,Rural Road,Good,Clear,Daylight,Motorcycle,2,Over Speeding,1,1,0,1,4,0,Medium
2021,6,Sunday,7,Balochistan,Quetta,Rural Road,Poor,Clear,Daylight,Motorcycle,3,Road Condition,1,1,0,0,2,0,Low
2022,11,Monday,9,KPK,Mansehra,Urban Road,Good,Clear,Daylight,Car/Taxi,3,Driver Fatigue,1,0,0,1,5,0,Medium
2020,8,Saturday,18,Sindh,Dadu,National Highway,Poor,Clear,Daylight,Motorcycle,3,Drunk Driving,1,1,0,0,5,4,High
2023,11,Saturday,12,Sindh,Thatta,National Highway,Good,Rainy,No Light,Car/Taxi,2,Signal Violation,1,1,0,1,2,0,Medium
2023,12,Thursday,9,Punjab,Gujranwala,National Highway,Poor,Clear,Street Light,Van/Pickup,1,Wrong Overtaking,1,0,0,1,1,0,Medium
2020,4,Tuesday,13,Punjab,Bahawalpur,Motorway,Poor,Foggy,Daylight,Motorcycle,3,Drunk Driving,1,0,0,0,2,2,High
2023,7,Monday,18,Punjab,Faisalabad,Provincial Highway,Average,Clear,Daylight,Van/Pickup,3,Over Speeding,1,0,0,0,4,1,Medium
2020,3,Wednesday,14,Punjab,Sialkot,National Highway,Good,Clear,Dawn/Dusk,Bus/Coach,1,Driver Fatigue,0,0,0,0,8,0,High
2020,1,Saturday,9,KPK,Mardan,National Highway,Under Repair,Rainy,Daylight,Car/Taxi,1,Road Condition,1,1,0,1,2,0,Low
2019,11,Saturday,12,Sindh,Thatta,National Highway,Good,Clear,Daylight,Car/Taxi,1,Wrong Overtaking,1,1,0,1,2,0,Low
2022,12,Wednesday,9,Punjab,Faisalabad,Provincial Highway,Good,Rainy,Daylight,Car/Taxi,2,Road Condition,1,0,0,1,1,0,Medium
2023,6,Tuesday,20,Punjab,Gujranwala,Rural Road,Poor,Dusty/Smoggy,Street Light,Motorcycle,2,Mobile Phone Use,1,0,0,0,2,0,Low
2020,1,Tuesday,17,KPK,Nowshera,Motorway,Average,Extreme Heat,Daylight,Car/Taxi,1,Over Speeding,1,0,0,1,5,1,Medium
2023,7,Friday,1,Punjab,Sargodha,Provincial Highway,Good,Dusty/Smoggy,Street Light,Car/Taxi,2,Drunk Driving,0,0,1,0,2,0,Medium
2023,4,Thursday,19,Balochistan,Gwadar,Provincial Highway,Average,Foggy,Dawn/Dusk,Car/Taxi,2,Over Speeding,1,0,0,0,2,0,Medium
2018,12,Thursday,19,Sindh,Thatta,National Highway,Average,Dusty/Smoggy,Dawn/Dusk,Motorcycle,2,Pedestrian Error,1,0,0,1,3,1,Medium
2022,2,Thursday,9,Sindh,Jacobabad,National Highway,Average,Rainy,Daylight,Car/Taxi,2,Over Speeding,1,0,0,1,6,3,High
2021,11,Saturday,5,Sindh,Kashmore,Urban Road,Good,Rainy,Dawn/Dusk,Motorcycle,3,Over Speeding,0,1,1,1,4,1,High
2021,12,Sunday,22,KPK,Kohat,Rural Road,Poor,Clear,No Light,Car/Taxi,1,Mechanical Failure,0,1,1,1,2,0,Low
2023,2,Thursday,18,Punjab,Multan,Provincial Highway,Good,Clear,Daylight,Motorcycle,4,Over Speeding,1,0,0,1,7,1,High
2018,10,Wednesday,21,KPK,Mardan,National Highway,Poor,Extreme Heat,Street Light,Truck/Lorry,2,Wrong Overtaking,0,0,0,0,1,0,Medium
2020,2,Sunday,10,Sindh,Hyderabad,Rural Road,Good,Clear,Street Light,Rickshaw,3,Signal Violation,0,1,0,1,0,0,Low
2023,7,Friday,21,Punjab,Multan,Motorway,Good,Rainy,Street Light,Motorcycle,2,Road Condition,0,0,0,0,6,1,High
2019,5,Friday,19,Balochistan,Chaman,Rural Road,Average,Clear,No Light,Van/Pickup,2,Over Speeding,1,0,0,0,4,1,Medium
2022,6,Saturday,11,KPK,Mansehra,Rural Road,Good,Extreme Heat,Daylight,Car/Taxi,1,Over Speeding,0,1,0,0,4,0,Medium
2022,12,Friday,9,Sindh,Dadu,Rural Road,Average,Dusty/Smoggy,Daylight,Car/Taxi,4,Mechanical Failure,1,0,0,1,2,0,Low
2019,11,Monday,21,Balochistan,Turbat,National Highway,Average,Foggy,No Light,Motorcycle,1,Over Speeding,0,0,0,1,8,1,High
2019,8,Monday,17,Balochistan,Loralai,Provincial Highway,Good,Clear,Daylight,Motorcycle,1,Pedestrian Error,1,0,0,0,2,0,Low
2023,8,Sunday,23,KPK,Peshawar,Urban Road,Poor,Clear,No Light,Motorcycle,3,Wrong Overtaking,0,1,1,0,8,1,High
2019,11,Monday,5,KPK,Mardan,Rural Road,Poor,Rainy,Daylight,Car/Taxi,3,Wrong Overtaking,0,0,1,1,0,0,Low
2019,6,Monday,20,KPK,Bannu,National Highway,Poor,Clear,No Light,Motorcycle,4,Driver Fatigue,1,0,0,0,10,1,High
2018,6,Wednesday,20,KPK,Charsadda,Urban Road,Good,Rainy,Street Light,Motorcycle,4,Wrong Overtaking,1,0,0,0,2,1,High
2021,5,Thursday,11,Sindh,Dadu,National Highway,Average,Clear,Daylight,Truck/Lorry,3,Over Speeding,0,0,0,0,5,1,Medium
2021,5,Wednesday,15,KPK,Nowshera,Rural Road,Average,Extreme Heat,Daylight,Motorcycle,1,Road Condition,0,0,0,0,4,1,Medium
2023,2,Friday,23,Punjab,Rahim Yar Khan,Provincial Highway,Under Repair,Rainy,Street Light,Bus/Coach,2,Driver Fatigue,0,0,1,1,7,3,High
2022,6,Thursday,23,Balochistan,Sibi,National Highway,Average,Clear,No Light,Truck/Lorry,2,Wrong Overtaking,0,0,1,0,5,0,Medium
2019,7,Thursday,6,Balochistan,Gwadar,Rural Road,Good,Rainy,Daylight,Car/Taxi,2,Pedestrian Error,0,0,0,0,2,0,Low
2020,12,Saturday,18,Punjab,Rawalpindi,National Highway,Under Repair,Clear,Daylight,Bicycle,1,Mechanical Failure,1,1,0,1,1,1,Medium
2021,6,Monday,12,KPK,Swat,Provincial Highway,Average,Dusty/Smoggy,Daylight,Motorcycle,2,Drunk Driving,1,0,0,0,4,0,Medium
2018,6,Tuesday,15,Punjab,Gujranwala,National Highway,Average,Rainy,Daylight,Bus/Coach,1,Wrong Overtaking,0,0,0,0,7,1,High
2023,7,Sunday,8,Punjab,Rahim Yar Khan,Provincial Highway,Average,Foggy,Daylight,Van/Pickup,4,Road Condition,1,1,0,0,1,0,Medium
2020,7,Sunday,22,KPK,Swat,Rural Road,Poor,Foggy,No Light,Motorcycle,1,Wrong Overtaking,0,1,1,0,10,0,High
2019,10,Wednesday,18,Punjab,Multan,Urban Road,Poor,Clear,Daylight,Motorcycle,3,Wrong Overtaking,1,0,0,0,1,0,Low
2022,6,Sunday,20,KPK,Nowshera,Motorway,Good,Foggy,Street Light,Bus/Coach,3,Over Speeding,1,1,0,0,6,2,High
2021,12,Saturday,11,KPK,Swat,Provincial Highway,Average,Rainy,Daylight,Bus/Coach,1,Pedestrian Error,0,1,0,1,2,0,Low
2023,6,Friday,17,Sindh,Larkana,Rural Road,Good,Rainy,Daylight,Truck/Lorry,1,Mechanical Failure,1,0,0,0,2,0,Medium
2023,3,Wednesday,16,Punjab,Sheikhupura,Rural Road,Average,Foggy,Daylight,Bus/Coach,2,Mobile Phone Use,0,0,0,0,0,0,Low
2023,1,Wednesday,13,Punjab,Sheikhupura,National Highway,Good,Clear,Daylight,Motorcycle,4,Wrong Overtaking,1,0,0,1,11,2,High
2020,12,Tuesday,8,Sindh,Mirpur Khas,Motorway,Poor,Clear,Daylight,Bus/Coach,1,Driver Fatigue,1,0,0,1,2,0,Medium
2019,8,Wednesday,21,AJK,Muzaffarabad,Rural Road,Good,Rainy,No Light,Car/Taxi,1,Over Speeding,0,0,0,0,0,0,Low
2023,1,Sunday,7,Sindh,Hyderabad,Urban Road,Average,Dusty/Smoggy,Daylight,Motorcycle,1,Wrong Overtaking,1,1,0,1,0,1,Low
2023,5,Thursday,17,Punjab,Gujranwala,Provincial Highway,Good,Clear,Daylight,Motorcycle,2,Wrong Overtaking,1,0,0,0,1,0,Medium
2019,9,Tuesday,19,Sindh,Jacobabad,Provincial Highway,Average,Clear,Dawn/Dusk,Motorcycle,2,Over Speeding,1,0,0,0,7,1,High
2018,10,Monday,17,Sindh,Thatta,Urban Road,Under Repair,Rainy,Street Light,Motorcycle,2,Over Speeding,1,0,0,0,2,2,High
2021,10,Friday,20,KPK,Kohat,Urban Road,Average,Rainy,No Light,Motorcycle,2,Wrong Overtaking,1,0,0,0,3,0,Medium
2021,2,Saturday,12,Punjab,Sheikhupura,Urban Road,Average,Clear,Daylight,Rickshaw,1,Over Speeding,1,1,0,1,4,0,Medium
2023,6,Friday,4,KPK,Abbottabad,Provincial Highway,Good,Clear,Street Light,Van/Pickup,2,Mechanical Failure,0,0,1,0,1,0,Low
2023,3,Saturday,20,Sindh,Thatta,Urban Road,Good,Clear,Street Light,Motorcycle,2,Over Speeding,1,1,0,0,2,2,High
2019,11,Saturday,11,Islamabad,Islamabad,National Highway,Average,Foggy,Daylight,Car/Taxi,1,Over Speeding,0,1,0,1,5,0,Medium
2020,10,Tuesday,18,Punjab,Sheikhupura,National Highway,Average,Extreme Heat,Daylight,Motorcycle,3,Over Speeding,1,0,0,0,2,1,High
2023,2,Monday,13,Sindh,Jacobabad,National Highway,Poor,Foggy,Daylight,Car/Taxi,2,Road Condition,1,0,0,1,5,0,Medium
2023,3,Wednesday,7,Islamabad,Islamabad,Urban Road,Poor,Clear,Daylight,Bus/Coach,1,Over Speeding,1,0,0,0,3,0,Medium
2023,1,Wednesday,10,Punjab,Gujranwala,Rural Road,Average,Clear,Daylight,Car/Taxi,1,Wrong Overtaking,0,0,0,1,2,0,Low
2022,4,Sunday,20,Islamabad,Islamabad,National Highway,Good,Clear,Street Light,Car/Taxi,2,Pedestrian Error,1,1,0,0,0,0,Low
2021,1,Monday,20,KPK,Bannu,Rural Road,Good,Clear,Street Light,Rickshaw,2,Pedestrian Error,1,0,0,1,1,0,Low
2022,9,Thursday,16,Punjab,Bahawalpur,Provincial Highway,Good,Clear,Daylight,Motorcycle,3,Signal Violation,0,0,0,0,5,0,Medium
2021,11,Saturday,9,Punjab,Bahawalpur,Urban Road,Under Repair,Clear,No Light,Car/Taxi,1,Over Speeding,1,1,0,1,5,2,Medium
2023,6,Saturday,16,KPK,Mansehra,National Highway,Average,Clear,No Light,Motorcycle,1,Driver Fatigue,0,1,0,0,5,2,High
2022,6,Thursday,23,Punjab,Faisalabad,Provincial Highway,Good,Rainy,No Light,Motorcycle,2,Signal Violation,0,0,1,0,8,2,High
2021,6,Tuesday,5,Sindh,Larkana,Provincial Highway,Poor,Rainy,Dawn/Dusk,Motorcycle,1,Mechanical Failure,0,0,1,0,7,2,High
2023,2,Friday,20,Punjab,Lahore,Provincial Highway,Poor,Clear,Street Light,Bus/Coach,2,Signal Violation,1,0,0,1,1,0,Medium
2019,8,Friday,11,Sindh,Kashmore,Rural Road,Average,Rainy,Daylight,Motorcycle,4,Pedestrian Error,0,0,0,0,2,0,Medium
2023,2,Sunday,5,Punjab,Gujranwala,Urban Road,Good,Clear,Dawn/Dusk,Rickshaw,1,Over Speeding,0,1,1,1,2,2,Medium
2020,6,Tuesday,11,Balochistan,Dera Bugti,Provincial Highway,Average,Clear,Dawn/Dusk,Motorcycle,2,Drunk Driving,0,0,0,0,6,2,High
2023,11,Thursday,17,AJK,Muzaffarabad,Rural Road,Average,Foggy,Daylight,Car/Taxi,2,Over Speeding,1,0,0,1,1,1,Medium
2022,9,Sunday,12,Islamabad,Islamabad,Urban Road,Under Repair,Clear,Street Light,Rickshaw,1,Driver Fatigue,1,1,0,0,0,0,Low
2018,3,Wednesday,14,KPK,Mansehra,National Highway,Good,Clear,Daylight,Bus/Coach,2,Over Speeding,0,0,0,0,3,1,Medium
2023,10,Saturday,11,Punjab,Rahim Yar Khan,Provincial Highway,Average,Clear,Daylight,Motorcycle,2,Over Speeding,0,1,0,0,8,1,High
2021,12,Monday,17,KPK,Charsadda,Rural Road,Average,Clear,Daylight,Motorcycle,3,Over Speeding,1,0,0,1,2,0,High
2021,4,Saturday,23,Punjab,Rahim Yar Khan,Urban Road,Poor,Foggy,No Light,Car/Taxi,1,Wrong Overtaking,0,1,1,0,0,0,Low
2023,2,Monday,6,Punjab,Lahore,Urban Road,Average,Rainy,Daylight,Van/Pickup,2,Over Speeding,0,0,0,1,1,0,Low
2020,7,Friday,0,Punjab,Sialkot,Urban Road,Poor,Clear,Street Light,Motorcycle,2,Mobile Phone Use,0,0,1,0,2,1,Medium
2019,3,Thursday,18,Sindh,Larkana,Rural Road,Good,Rainy,Daylight,Car/Taxi,2,Driver Fatigue,1,0,0,0,1,0,Medium
2020,4,Thursday,22,KPK,Bannu,Provincial Highway,Under Repair,Foggy,No Light,Motorcycle,3,Drunk Driving,0,0,1,0,11,3,High
2021,4,Sunday,21,KPK,Charsadda,Urban Road,Average,Clear,Street Light,Motorcycle,2,Pedestrian Error,0,1,0,0,2,0,Low
2019,10,Sunday,22,Sindh,Larkana,Rural Road,Average,Clear,Street Light,Car/Taxi,3,Road Condition,0,1,1,0,1,0,Low
2022,6,Tuesday,19,Punjab,Faisalabad,Urban Road,Poor,Rainy,Street Light,Car/Taxi,1,Wrong Overtaking,1,0,0,0,2,0,Low
2023,11,Friday,11,Gilgit-Baltistan,Gilgit,Provincial Highway,Good,Clear,Daylight,Motorcycle,1,Weather Condition,0,0,0,1,0,0,Low
2022,9,Monday,9,Sindh,Nawabshah,National Highway,Poor,Rainy,Dawn/Dusk,Truck/Lorry,1,Mechanical Failure,1,0,0,0,4,0,Medium
2018,7,Sunday,10,Sindh,Sukkur,Motorway,Good,Clear,Street Light,Rickshaw,2,Mechanical Failure,0,1,0,0,2,0,Low
2022,12,Thursday,7,Punjab,Lahore,Rural Road,Average,Clear,Daylight,Car/Taxi,1,Wrong Overtaking,1,0,0,1,0,1,Low
2019,3,Thursday,18,KPK,Nowshera,National Highway,Average,Clear,Daylight,Motorcycle,2,Road Condition,1,0,0,0,5,1,Medium
2021,8,Friday,7,KPK,Swat,National Highway,Under Repair,Clear,Dawn/Dusk,Car/Taxi,2,Driver Fatigue,1,0,0,0,3,0,Medium
2022,3,Saturday,15,Punjab,Sheikhupura,National Highway,Under Repair,Clear,Daylight,Bus/Coach,2,Road Condition,0,1,0,0,5,1,Medium
2022,1,Friday,20,Punjab,Rahim Yar Khan,National Highway,Average,Clear,Street Light,Car/Taxi,1,Over Speeding,1,0,0,1,6,0,High
2021,12,Sunday,11,KPK,Dera Ismail Khan,Urban Road,Poor,Clear,Daylight,Motorcycle,2,Signal Violation,0,1,0,1,3,1,Medium
2020,7,Thursday,22,Sindh,Sukkur,Provincial Highway,Average,Clear,Street Light,Motorcycle,2,Over Speeding,0,0,1,0,2,1,High
2018,2,Thursday,9,Punjab,Rahim Yar Khan,National Highway,Poor,Clear,Daylight,Rickshaw,3,Signal Violation,1,0,0,1,4,0,Medium
2023,3,Sunday,20,Islamabad,Islamabad,National Highway,Good,Clear,No Light,Motorcycle,2,Mechanical Failure,1,1,0,0,5,1,Medium
2022,7,Tuesday,2,Punjab,Rahim Yar Khan,Urban Road,Under Repair,Extreme Heat,Street Light,Car/Taxi,2,Over Speeding,0,0,1,0,2,0,Medium
2022,1,Friday,16,Sindh,Kashmore,National Highway,Good,Clear,Daylight,Car/Taxi,2,Wrong Overtaking,0,0,0,1,1,0,Low
2020,7,Sunday,12,Islamabad,Islamabad,National Highway,Poor,Dusty/Smoggy,Street Light,Rickshaw,2,Road Condition,1,1,0,0,2,0,Low
2020,7,Sunday,17,Punjab,Lahore,National Highway,Good,Rainy,Dawn/Dusk,Motorcycle,2,Signal Violation,1,1,0,0,10,1,High
2023,11,Monday,16,Sindh,Hyderabad,National Highway,Poor,Clear,Daylight,Rickshaw,2,Driver Fatigue,0,0,0,1,2,0,Medium
2022,10,Sunday,17,Punjab,Multan,Urban Road,Under Repair,Clear,No Light,Van/Pickup,4,Signal Violation,1,1,0,0,2,0,Low
2022,3,Wednesday,21,Punjab,Sargodha,Urban Road,Average,Extreme Heat,No Light,Motorcycle,2,Signal Violation,0,0,0,0,1,1,Medium
2021,11,Friday,19,AJK,Mirpur,Provincial Highway,Average,Foggy,No Light,Bicycle,4,Weather Condition,1,0,0,1,3,0,Medium
2022,12,Tuesday,6,Punjab,Bahawalpur,National Highway,Poor,Clear,Daylight,Motorcycle,3,Mechanical Failure,0,0,0,1,4,0,High
2022,2,Sunday,16,Balochistan,Gwadar,Provincial Highway,Good,Rainy,Daylight,Van/Pickup,3,Over Speeding,0,1,0,1,3,0,Medium
2021,12,Thursday,20,Punjab,Rawalpindi,Provincial Highway,Good,Rainy,Street Light,Car/Taxi,1,Over Speeding,1,0,0,1,2,0,Medium
2023,7,Friday,7,Punjab,Rahim Yar Khan,Rural Road,Good,Foggy,Street Light,Car/Taxi,1,Over Speeding,1,0,0,0,3,0,Medium
2021,2,Saturday,9,Punjab,Sheikhupura,Provincial Highway,Good,Clear,Street Light,Bus/Coach,1,Wrong Overtaking,1,1,0,1,3,1,Medium
2019,6,Tuesday,19,Sindh,Thatta,National Highway,Good,Clear,No Light,Motorcycle,1,Pedestrian Error,1,0,0,0,4,2,Medium
2018,1,Friday,2,Punjab,Sialkot,Motorway,Good,Rainy,No Light,Motorcycle,3,Over Speeding,0,0,1,1,7,0,High
2018,6,Thursday,16,Balochistan,Sibi,National Highway,Poor,Rainy,Daylight,Motorcycle,3,Over Speeding,0,0,0,0,9,2,High
2020,1,Saturday,10,Sindh,Thatta,Provincial Highway,Poor,Clear,Daylight,Bus/Coach,2,Over Speeding,0,1,0,1,8,1,High
2020,2,Monday,12,Islamabad,Islamabad,Provincial Highway,Good,Clear,Daylight,Motorcycle,1,Pedestrian Error,1,0,0,1,5,1,Medium
2019,9,Monday,9,Punjab,Sargodha,Urban Road,Good,Clear,Daylight,Motorcycle,2,Signal Violation,1,0,0,0,1,1,Low
2021,1,Saturday,0,Balochistan,Zhob,National Highway,Poor,Foggy,No Light,Car/Taxi,1,Signal Violation,0,1,1,1,4,1,High
2023,5,Sunday,6,KPK,Dera Ismail Khan,Provincial Highway,Under Repair,Extreme Heat,Daylight,Motorcycle,3,Over Speeding,0,1,0,0,9,2,High
2020,11,Friday,14,KPK,Abbottabad,Provincial Highway,Good,Clear,Dawn/Dusk,Motorcycle,1,Pedestrian Error,0,0,0,1,2,0,Medium
2023,8,Tuesday,11,Balochistan,Zhob,Urban Road,Good,Foggy,Daylight,Motorcycle,2,Signal Violation,0,0,0,0,1,0,Medium
2019,9,Sunday,18,KPK,Swat,Urban Road,Good,Rainy,Daylight,Motorcycle,1,Road Condition,1,1,0,0,2,0,Medium
2021,12,Saturday,5,Sindh,Mirpur Khas,National Highway,Average,Clear,No Light,Truck/Lorry,4,Wrong Overtaking,0,1,1,1,2,1,High
2023,4,Wednesday,17,Punjab,Sargodha,Urban Road,Poor,Clear,Daylight,Truck/Lorry,2,Signal Violation,1,0,0,0,0,0,Low
2018,7,Thursday,0,Punjab,Sargodha,Provincial Highway,Under Repair,Extreme Heat,No Light,Car/Taxi,1,Wrong Overtaking,0,0,1,0,3,0,Medium
2022,12,Wednesday,18,Islamabad,Islamabad,National Highway,Average,Clear,Daylight,Bicycle,3,Pedestrian Error,1,0,0,1,1,0,Medium
2023,6,Tuesday,11,Sindh,Dadu,Provincial Highway,Good,Clear,Street Light,Bus/Coach,2,Road Condition,0,0,0,0,2,0,Low
2022,11,Saturday,23,KPK,Bannu,Provincial Highway,Poor,Dusty/Smoggy,No Light,Motorcycle,1,Over Speeding,0,1,1,1,4,1,High
2021,8,Sunday,14,Sindh,Nawabshah,Provincial Highway,Poor,Clear,Daylight,Motorcycle,3,Signal Violation,0,1,0,0,4,0,Medium
2022,1,Saturday,12,Punjab,Sialkot,Rural Road,Average,Clear,Daylight,Motorcycle,2,Driver Fatigue,1,1,0,1,2,1,Medium
2021,4,Saturday,14,Punjab,Faisalabad,Rural Road,Good,Clear,Dawn/Dusk,Motorcycle,2,Over Speeding,0,1,0,0,1,0,Medium
2023,12,Tuesday,22,KPK,Charsadda,National Highway,Poor,Foggy,No Light,Car/Taxi,1,Driver Fatigue,0,0,1,1,8,2,High
2021,7,Tuesday,16,Sindh,Sukkur,Provincial Highway,Under Repair,Clear,Daylight,Rickshaw,2,Weather Condition,0,0,0,0,0,0,Low
2020,1,Thursday,18,Punjab,Lahore,National Highway,Average,Rainy,Daylight,Truck/Lorry,3,Over Speeding,1,0,0,1,5,1,High
2023,8,Monday,21,Sindh,Larkana,National Highway,Poor,Clear,Street Light,Bus/Coach,2,Driver Fatigue,0,0,0,0,2,1,High
2020,8,Tuesday,18,Punjab,Gujranwala,National Highway,Good,Clear,Daylight,Motorcycle,2,Wrong Overtaking,1,0,0,0,1,1,Medium
2023,9,Wednesday,9,Sindh,Sukkur,Motorway,Average,Foggy,Daylight,Motorcycle,2,Wrong Overtaking,1,0,0,0,7,0,High
2019,12,Sunday,19,Punjab,Sargodha,Rural Road,Poor,Extreme Heat,Daylight,Car/Taxi,2,Signal Violation,1,1,0,1,0,0,Low
2023,8,Saturday,16,KPK,Kohat,Urban Road,Good,Extreme Heat,Daylight,Bicycle,1,Wrong Overtaking,0,1,0,0,5,0,Medium
2019,9,Sunday,22,Punjab,Rahim Yar Khan,Provincial Highway,Good,Clear,Street Light,Car/Taxi,2,Over Speeding,0,1,1,0,7,1,High
2019,3,Friday,16,Sindh,Mirpur Khas,National Highway,Under Repair,Clear,Daylight,Car/Taxi,2,Over Speeding,0,0,0,0,6,0,High
2023,1,Saturday,6,Punjab,Sialkot,National Highway,Average,Clear,Daylight,Rickshaw,2,Road Condition,0,1,0,1,0,0,Low
2023,11,Monday,12,Punjab,Sialkot,National Highway,Good,Foggy,Daylight,Motorcycle,2,Signal Violation,1,0,0,1,6,2,High
2023,10,Saturday,17,Punjab,Sheikhupura,Provincial Highway,Poor,Foggy,Street Light,Bus/Coach,2,Over Speeding,1,1,0,0,9,4,High
2020,6,Saturday,14,Sindh,Sukkur,Urban Road,Good,Clear,Dawn/Dusk,Bus/Coach,1,Wrong Overtaking,0,1,0,0,3,0,Medium
2020,12,Wednesday,12,Sindh,Thatta,Urban Road,Poor,Rainy,Dawn/Dusk,Motorcycle,3,Pedestrian Error,1,0,0,1,1,0,Medium
2019,11,Wednesday,15,Punjab,Sargodha,Urban Road,Poor,Extreme Heat,Daylight,Motorcycle,2,Drunk Driving,0,0,0,1,2,0,High
2018,6,Wednesday,23,KPK,Bannu,Provincial Highway,Average,Clear,No Light,Motorcycle,1,Over Speeding,0,0,1,0,7,2,High
2022,8,Friday,8,Balochistan,Hub,Provincial Highway,Under Repair,Clear,Daylight,Motorcycle,2,Over Speeding,1,0,0,0,4,1,Medium
2021,1,Sunday,4,KPK,Nowshera,Motorway,Under Repair,Clear,No Light,Van/Pickup,4,Driver Fatigue,0,1,1,1,3,1,High
2021,12,Sunday,12,Punjab,Bahawalpur,Urban Road,Good,Foggy,Daylight,Motorcycle,4,Wrong Overtaking,1,1,0,1,5,0,Medium
2021,6,Tuesday,8,Sindh,Dadu,Rural Road,Good,Foggy,Daylight,Van/Pickup,2,Road Condition,1,0,0,0,2,1,Low
2022,9,Monday,11,Punjab,Bahawalpur,National Highway,Poor,Foggy,Daylight,Car/Taxi,1,Over Speeding,0,0,0,0,6,2,High
2022,5,Wednesday,20,Punjab,Faisalabad,Rural Road,Average,Rainy,No Light,Bicycle,2,Road Condition,1,0,0,0,4,0,Medium
2023,12,Saturday,12,AJK,Rawalakot,Urban Road,Good,Foggy,Street Light,Car/Taxi,2,Signal Violation,1,1,0,1,2,0,Low
2021,2,Friday,6,Punjab,Sialkot,National Highway,Good,Clear,Daylight,Bus/Coach,2,Signal Violation,0,0,0,1,2,0,Medium
2021,11,Friday,9,Sindh,Larkana,National Highway,Poor,Clear,Street Light,Motorcycle,1,Wrong Overtaking,1,0,0,1,9,4,High