year,month,day_of_week,hour_of_day,province,district,road_type,road_condition,weather_condition,lighting_condition,vehicle_type,vehicles_involved,accident_cause,is_rush_hour,is_weekend,is_night,is_foggy_month,num_injured,num_killed,severity
2019,12,Monday,9,Sindh,Larkana,National Highway,Good,Clear,Daylight,Motorcycle,4,Signal Violation,1,0,0,1,8,2,High
2022,1,Thursday,10,KPK,Bannu,Provincial Highway,Good,Foggy,Daylight,Rickshaw,2,Over Speeding,0,0,0,1,7,1,High
2021,1,Sunday,16,Sindh,Jacobabad,Provincial Highway,Average,Clear,Daylight,Truck/Lorry,1,Over Speeding,0,1,0,1,5,0,Medium
2023,11,Sunday,19,Punjab,Sialkot,Provincial Highway,Poor,Dusty/Smoggy,No Light,Motorcycle,3,Pedestrian Error,1,1,0,1,3,0,Medium
2019,1,Thursday,13,Punjab,Faisalabad,Provincial Highway,Poor,Clear,Daylight,Car/Taxi,3,Mechanical Failure,1,0,0,1,2,0,Low
2019,5,Sunday,14,Sindh,Karachi,Rural Road,Poor,Clear,Dawn/Dusk,Rickshaw,1,Driver Fatigue,0,1,0,0,5,0,Medium
2022,8,Sunday,17,Punjab,Rahim Yar Khan,National Highway,Average,Clear,Daylight,Rickshaw,3,Signal Violation,1,1,0,0,0,0,Low
2023,12,Saturday,10,Punjab,Multan,Rural Road,Under Repair,Rainy,Daylight,Motorcycle,3,Mobile Phone Use,0,1,0,1,3,0,Medium
2020,2,Tuesday,18,Punjab,Sheikhupura,Rural Road,Average,Rainy,Daylight,Truck/Lorry,2,Over Speeding,1,0,0,1,2,0,Medium
2018,7,Tuesday,18,Punjab,Multan,National Highway,Good,Clear,Daylight,Motorcycle,1,Over Speeding,1,0,0,0,6,1,High
2023,5,Monday,17,Punjab,Faisalabad,Provincial Highway,Good,Clear,Daylight,Motorcycle,4,Road Condition,1,0,0,0,0,0,Low
2023,9,Wednesday,22,Punjab,Bahawalpur,Urban Road,Poor,Clear,No Light,Motorcycle,2,Over Speeding,0,0,1,0,10,0,High
2019,11,Tuesday,9,Sindh,Nawabshah,Motorway,Good,Clear,Daylight,Car/Taxi,2,Over Speeding,1,0,0,1,1,0,Medium
2020,12,Thursday,19,KPK,Peshawar,Rural Road,Good,Clear,Daylight,Car/Taxi,2,Mechanical Failure,1,0,0,1,2,0,Low
2021,12,Monday,23,KPK,Swat,Urban Road,Average,Clear,No Light,Van/Pickup,2,Driver Fatigue,0,0,1,1,2,0,Low
2019,11,Tuesday,11,Punjab,Rahim Yar Khan,Rural Road,Good,Clear,Dawn/Dusk,Motorcycle,2,Mechanical Failure,0,0,0,1,2,0,Low
2018,10,Saturday,9,Punjab,Gujranwala,Motorway,Good,Foggy,Daylight,Motorcycle,1,Wrong Overtaking,1,1,0,0,7,1,High
2022,5,Saturday,12,Punjab,Lahore,Rural Road,Average,Clear,Daylight,Motorcycle,2,Over Speeding,1,1,0,0,5,0,Medium
2023,5,Friday,21,Sindh,Hyderabad,National Highway,Poor,Clear,No Light,Van/Pickup,2,Mechanical Failure,0,0,0,0,0,0,Low
2023,8,Friday,21,KPK,Bannu,Urban Road,Poor,Foggy,No Light,Motorcycle,1,Wrong Overtaking,0,0,0,0,1,1,Medium
2019,8,Saturday,10,Punjab,Lahore,Provincial Highway,Poor,Clear,Daylight,Bicycle,3,Signal Violation,0,1,0,0,5,0,Medium
2023,6,Sunday,13,Islamabad,Islamabad,Rural Road,Average,Foggy,Dawn/Dusk,Truck/Lorry,3,Mechanical Failure,1,1,0,0,2,0,Low
2019,12,Sunday,5,Punjab,Bahawalpur,National Highway,Under Repair,Clear,Street Light,Truck/Lorry,1,Signal Violation,0,1,1,1,1,1,Medium
2023,2,Saturday,16,Sindh,Dadu,Rural Road,Good,Clear,No Light,Car/Taxi,1,Road Condition,0,1,0,1,1,0,Low
2021,12,Saturday,16,KPK,Mardan,National Highway,Under Repair,Clear,Daylight,Bicycle,3,Mechanical Failure,0,1,0,1,1,1,Medium
2018,7,Sunday,4,Balochistan,Turbat,Rural Road,Poor,Clear,No Light,Motorcycle,1,Signal Violation,0,1,1,0,5,0,Medium
2020,8,Wednesday,14,KPK,Nowshera,National Highway,Average,Dusty/Smoggy,No Light,Motorcycle,3,Pedestrian Error,0,0,0,0,11,0,High
2023,6,Friday,0,KPK,Dera Ismail Khan,National Highway,Poor,Extreme Heat,No Light,Rickshaw,2,Mechanical Failure,0,0,1,0,0,0,Low
2023,5,Tuesday,19,Punjab,Sheikhupura,Urban Road,Average,Extreme Heat,Daylight,Rickshaw,1,Mobile Phone Use,1,0,0,0,2,0,Low
2023,3,Saturday,2,KPK,Dera Ismail Khan,Provincial Highway,Good,Foggy,Street Light,Bus/Coach,2,Pedestrian Error,0,1,1,0,5,0,Medium
2022,3,Friday,8,Punjab,Sheikhupura,Rural Road,Average,Foggy,Daylight,Rickshaw,2,Driver Fatigue,1,0,0,0,1,0,Low
2023,9,Saturday,19,Balochistan,Khuzdar,Rural Road,Poor,Clear,Daylight,Rickshaw,2,Over Speeding,1,1,0,0,0,0,Low
2019,8,Saturday,10,Sindh,Jacobabad,Provincial Highway,Good,Foggy,No Light,Bus/Coach,2,Pedestrian Error,0,1,0,0,2,2,Medium
2021,7,Sunday,17,KPK,Mansehra,Urban Road,Good,Clear,Daylight,Bicycle,2,Driver Fatigue,1,1,0,0,5,0,Medium
2023,2,Sunday,10,Sindh,Thatta,National Highway,Good,Rainy,Daylight,Car/Taxi,2,Over Speeding,0,1,0,1,4,1,High
2018,1,Wednesday,17,Sindh,Thatta,National Highway,Good,Clear,Daylight,Car/Taxi,2,Pedestrian Error,1,0,0,1,3,0,Medium
2021,2,Friday,8,Sindh,Thatta,Rural Road,Under Repair,Rainy,Daylight,Motorcycle,4,Over Speeding,1,0,0,1,10,1,High
2020,9,Saturday,7,KPK,Charsadda,National Highway,Poor,Clear,Daylight,Motorcycle,2,Signal Violation,1,1,0,0,9,0,High
2018,10,Thursday,7,Punjab,Rahim Yar Khan,Provincial Highway,Under Repair,Extreme Heat,Daylight,Car/Taxi,2,Over Speeding,1,0,0,0,1,0,Medium
2022,11,Sunday,9,Punjab,Sialkot,Provincial Highway,Good,Rainy,Daylight,Motorcycle,2,Road Condition,1,1,0,1,5,1,Medium
2023,2,Friday,16,Punjab,Sheikhupura,Urban Road,Good,Foggy,Street Light,Bicycle,2,Road Condition,0,0,0,1,3,0,Medium
2022,10,Saturday,5,Punjab,Gujranwala,Urban Road,Good,Clear,Dawn/Dusk,Motorcycle,2,Road Condition,0,1,1,0,0,0,Low
2019,6,Saturday,19,Balochistan,Gwadar,Provincial Highway,Good,Clear,Daylight,Other,2,Driver Fatigue,1,1,0,0,2,1,Medium
2021,1,Saturday,15,Punjab,Sargodha,Provincial Highway,Poor,Rainy,Daylight,Motorcycle,2,Pedestrian Error,0,1,0,1,10,1,High
2021,5,Friday,15,AJK,Rawalakot,Urban Road,Poor,Dusty/Smoggy,Daylight,Rickshaw,2,Mobile Phone Use,0,0,0,0,2,0,Low
2023,7,Saturday,15,Punjab,Bahawalpur,Urban Road,Poor,Rainy,Daylight,Car/Taxi,2,Over Speeding,0,1,0,0,1,0,Low
2023,4,Wednesday,21,Punjab,Bahawalpur,Rural Road,Good,Foggy,Street Light,Motorcycle,1,Drunk Driving,0,0,0,0,3,3,High
2021,4,Saturday,19,KPK,Kohat,Urban Road,Average,Foggy,Dawn/Dusk,Motorcycle,3,Road Condition,1,1,0,0,4,1,Medium
2020,4,Saturday,11,Sindh,Kashmore,National Highway,Good,Rainy,Daylight,Bicycle,2,Over Speeding,0,1,0,0,8,0,High
2021,4,Saturday,12,Sindh,Thatta,National Highway,Good,Clear,Daylight,Car/Taxi,1,Pedestrian Error,1,1,0,0,1,0,Low
2019,1,Thursday,8,Sindh,Sukkur,National Highway,Average,Foggy,Daylight,Bus/Coach,2,Wrong Overtaking,1,0,0,1,8,2,High
2022,7,Tuesday,8,KPK,Abbottabad,Rural Road,Poor,Clear,Daylight,Truck/Lorry,1,Driver Fatigue,1,0,0,0,0,0,Low
2019,7,Friday,20,Punjab,Multan,Provincial Highway,Average,Foggy,No Light,Motorcycle,2,Drunk Driving,1,0,0,0,7,1,High
2019,11,Monday,14,Gilgit-Baltistan,Gilgit,Provincial Highway,Average,Clear,Daylight,Rickshaw,2,Driver Fatigue,0,0,0,1,4,0,Medium
2020,5,Saturday,13,AJK,Muzaffarabad,Urban Road,Under Repair,Clear,Daylight,Car/Taxi,2,Over Speeding,1,1,0,0,2,0,Medium
2021,11,Saturday,11,Sindh,Dadu,National Highway,Under Repair,Clear,Daylight,Motorcycle,3,Mechanical Failure,0,1,0,1,6,3,High
2022,12,Tuesday,11,Punjab,Gujranwala,Urban Road,Average,Foggy,Street Light,Car/Taxi,2,Over Speeding,0,0,0,1,5,2,Medium
2019,8,Tuesday,18,KPK,Mansehra,Provincial Highway,Under Repair,Clear,Daylight,Van/Pickup,2,Road Condition,1,0,0,0,2,0,Low
2021,7,Wednesday,18,Punjab,Multan,Provincial Highway,Average,Clear,No Light,Car/Taxi,2,Driver Fatigue,1,0,0,0,0,0,Low
2020,3,Sunday,8,Punjab,Sheikhupura,Urban Road,Good,Clear,Daylight,Motorcycle,1,Signal Violation,1,1,0,0,5,0,Medium
2023,9,Saturday,20,Punjab,Multan,National Highway,Average,Clear,Street Light,Car/Taxi,1,Signal Violation,1,1,0,0,1,0,Medium
2023,9,Tuesday,17,Sindh,Sukkur,National Highway,Average,Clear,Daylight,Car/Taxi,2,Pedestrian Error,1,0,0,0,1,0,Low
2019,12,Friday,5,Balochistan,Turbat,Provincial Highway,Good,Rainy,Dawn/Dusk,Motorcycle,2,Over Speeding,0,0,1,1,5,3,High
2019,6,Wednesday,17,KPK,Abbottabad,National Highway,Under Repair,Foggy,Daylight,Car/Taxi,2,Wrong Overtaking,1,0,0,0,4,0,Medium
2021,10,Tuesday,17,KPK,Peshawar,Provincial Highway,Average,Clear,Daylight,Car/Taxi,3,Over Speeding,1,0,0,0,0,0,Low
2022,11,Monday,18,Sindh,Thatta,Urban Road,Average,Clear,Daylight,Motorcycle,4,Road Condition,1,0,0,1,1,0,Low
2021,1,Monday,14,Punjab,Lahore,Urban Road,Poor,Dusty/Smoggy,Dawn/Dusk,Other,1,Over Speeding,0,0,0,1,1,0,Low
2018,10,Monday,10,Punjab,Sialkot,National Highway,Under Repair,Clear,Daylight,Motorcycle,2,Mechanical Failure,0,0,0,0,4,0,Medium
2018,8,Sunday,12,AJK,Rawalakot,Urban Road,Average,Rainy,Daylight,Rickshaw,1,Wrong Overtaking,1,1,0,0,2,0,Low
2021,3,Tuesday,19,Punjab,Faisalabad,National Highway,Average,Foggy,No Light,Van/Pickup,1,Over Speeding,1,0,0,0,2,0,Medium
2020,11,Thursday,19,Balochistan,Khuzdar,Rural Road,Under Repair,Foggy,Street Light,Motorcycle,1,Wrong Overtaking,1,0,0,1,9,0,High
2023,8,Monday,14,Sindh,Dadu,National Highway,Average,Rainy,Daylight,Motorcycle,2,Drunk Driving,0,0,0,0,6,2,High
2023,6,Friday,20,Sindh,Dadu,Provincial Highway,Good,Extreme Heat,No Light,Motorcycle,1,Pedestrian Error,1,0,0,0,2,0,Medium
2022,5,Wednesday,3,KPK,Mansehra,National Highway,Poor,Rainy,Street Light,Bus/Coach,2,Over Speeding,0,0,1,0,4,0,High
2021,2,Friday,12,Sindh,Jacobabad,Provincial Highway,Poor,Clear,Daylight,Car/Taxi,2,Wrong Overtaking,1,0,0,1,0,0,Low
2023,6,Wednesday,22,Balochistan,Hub,Rural Road,Good,Clear,No Light,Car/Taxi,2,Over Speeding,0,0,1,0,2,0,Low
2018,12,Thursday,10,Balochistan,Loralai,National Highway,Under Repair,Foggy,Daylight,Car/Taxi,3,Wrong Overtaking,0,0,0,1,5,0,Medium
2021,6,Saturday,11,Sindh,Nawabshah,Rural Road,Good,Clear,Daylight,Car/Taxi,1,Mechanical Failure,0,1,0,0,1,0,Low
2022,11,Sunday,15,Punjab,Gujranwala,Provincial Highway,Good,Clear,Daylight,Motorcycle,2,Wrong Overtaking,0,1,0,1,4,0,High
2023,8,Thursday,17,Sindh,Sukkur,National Highway,Average,Dusty/Smoggy,Daylight,Bus/Coach,2,Road Condition,1,0,0,0,3,0,Medium
2020,12,Thursday,14,Balochistan,Turbat,Rural Road,Average,Clear,Daylight,Motorcycle,2,Pedestrian Error,0,0,0,1,0,0,Low
2023,3,Monday,17,Punjab,Gujranwala,Provincial Highway,Poor,Clear,No Light,Car/Taxi,1,Road Condition,1,0,0,0,1,0,Low
2021,7,Friday,10,Sindh,Thatta,Provincial Highway,Poor,Rainy,Daylight,Motorcycle,3,Mechanical Failure,0,0,0,0,8,2,High
2020,9,Friday,20,Sindh,Mirpur Khas,Urban Road,Average,Rainy,Street Light,Motorcycle,3,Road Condition,1,0,0,0,1,0,Medium
2022,8,Sunday,21,KPK,Abbottabad,Rural Road,Average,Extreme Heat,Street Light,Rickshaw,1,Over Speeding,0,1,0,0,0,0,Low
2022,1,Monday,6,Punjab,Rahim Yar Khan,Provincial Highway,Average,Dusty/Smoggy,Daylight,Motorcycle,2,Pedestrian Error,0,0,0,1,0,0,Low
2019,5,Thursday,3,KPK,Abbottabad,Urban Road,Average,Clear,No Light,Bus/Coach,2,Wrong Overtaking,0,0,1,0,0,0,Low
2022,10,Tuesday,18,Balochistan,Hub,National Highway,Good,Extreme Heat,Daylight,Motorcycle,2,Road Condition,1,0,0,0,2,0,Medium
2019,1,Wednesday,19,Punjab,Sheikhupura,National Highway,Good,Foggy,No Light,Truck/Lorry,2,Mobile Phone Use,1,0,0,1,10,0,High
2020,5,Tuesday,17,Punjab,Bahawalpur,National Highway,Average,Clear,Daylight,Motorcycle,2,Over Speeding,1,0,0,0,4,3,High
2022,9,Saturday,17,AJK,Rawalakot,National Highway,Poor,Dusty/Smoggy,Daylight,Bus/Coach,1,Wrong Overtaking,1,1,0,0,4,0,Medium
2023,7,Saturday,13,Punjab,Gujranwala,Provincial Highway,Average,Rainy,Daylight,Car/Taxi,2,Road Condition,1,1,0,0,1,0,Low
2022,5,Monday,17,Balochistan,Sibi,Provincial Highway,Good,Clear,Street Light,Car/Taxi,1,Wrong Overtaking,1,0,0,0,2,1,Medium
2018,3,Saturday,16,Sindh,Hyderabad,Rural Road,Poor,Clear,Daylight,Car/Taxi,2,Over Speeding,0,1,0,0,2,0,Low
2019,5,Friday,21,Punjab,Sialkot,National Highway,Under Repair,Clear,Street Light,Motorcycle,2,Wrong Overtaking,0,0,0,0,3,0,Medium
2020,9,Monday,11,Balochistan,Loralai,Urban Road,Average,Foggy,Dawn/Dusk,Rickshaw,4,Mechanical Failure,0,0,0,0,1,0,Low
2021,6,Tuesday,9,Sindh,Jacobabad,Provincial Highway,Good,Clear,Street Light,Bus/Coach,1,Over Speeding,1,0,0,0,3,1,Medium
2023,11,Sunday,15,Sindh,Larkana,Provincial Highway,Good,Foggy,Daylight,Motorcycle,2,Driver Fatigue,0,1,0,1,6,4,High
2021,12,Friday,17,Punjab,Faisalabad,National Highway,Good,Rainy,Daylight,Bus/Coach,1,Over Speeding,1,0,0,1,8,0,High
2021,6,Thursday,15,Sindh,Karachi,Urban Road,Poor,Rainy,Daylight,Rickshaw,1,Over Speeding,0,0,0,0,0,0,Low
2019,12,Friday,23,Punjab,Lahore,Rural Road,Poor,Clear,No Light,Truck/Lorry,2,Driver Fatigue,0,0,1,1,1,1,Medium
2023,12,Saturday,8,Punjab,Rawalpindi,National Highway,Average,Clear,Dawn/Dusk,Van/Pickup,2,Over Speeding,1,1,0,1,3,0,Medium
2022,6,Wednesday,2,Islamabad,Islamabad,Provincial Highway,Poor,Clear,No Light,Motorcycle,4,Mobile Phone Use,0,0,1,0,5,2,High
2018,7,Thursday,9,Punjab,Sargodha,Provincial Highway,Average,Foggy,Street Light,Motorcycle,3,Signal Violation,1,0,0,0,10,0,High
2021,6,Tuesday,19,Sindh,Mirpur Khas,Rural Road,Good,Extreme Heat,No Light,Truck/Lorry,2,Wrong Overtaking,1,0,0,0,1,0,Low
2018,4,Tuesday,5,Punjab,Sargodha,Rural Road,Poor,Dusty/Smoggy,No Light,Bus/Coach,2,Road Condition,0,0,1,0,5,0,Medium
2019,12,Sunday,11,KPK,Bannu,Provincial Highway,Average,Dusty/Smoggy,Daylight,Motorcycle,1,Wrong Overtaking,0,1,0,1,3,1,Medium
2022,11,Monday,0,Punjab,Bahawalpur,National Highway,Average,Rainy,No Light,Rickshaw,2,Over Speeding,0,0,1,1,6,1,High
2023,11,Thursday,19,Islamabad,Islamabad,Urban Road,Under Repair,Clear,No Light,Motorcycle,1,Over Speeding,1,0,0,1,4,0,Medium
2021,1,Friday,20,Sindh,Karachi,Provincial Highway,Good,Rainy,No Light,Car/Taxi,3,Pedestrian Error,1,0,0,1,0,0,Low
2019,6,Tuesday,10,Punjab,Multan,Rural Road,Average,Clear,Daylight,Car/Taxi,4,Signal Violation,0,0,0,0,2,0,Low
2020,12,Saturday,19,Punjab,Gujranwala,National Highway,Good,Clear,No Light,Van/Pickup,2,Over Speeding,1,1,0,1,2,2,Medium
2020,12,Saturday,4,Punjab,Sargodha,Rural Road,Good,Extreme Heat,Street Light,Motorcycle,2,Wrong Overtaking,0,1,1,1,4,1,Medium
2022,10,Monday,23,Sindh,Thatta,Urban Road,Poor,Clear,No Light,Motorcycle,2,Signal Violation,0,0,1,0,1,0,Medium
2022,9,Monday,16,Punjab,Bahawalpur,National Highway,Average,Clear,Daylight,Car/Taxi,2,Pedestrian Error,0,0,0,0,1,0,Medium
2019,11,Saturday,17,KPK,Swat,National Highway,Good,Foggy,Daylight,Motorcycle,1,Over Speeding,1,1,0,1,9,1,High
2023,8,Wednesday,13,Sindh,Jacobabad,National Highway,Under Repair,Clear,Dawn/Dusk,Other,1,Wrong Overtaking,1,0,0,0,2,0,Low
2018,4,Wednesday,17,Punjab,Faisalabad,Provincial Highway,Poor,Clear,Daylight,Motorcycle,2,Over Speeding,1,0,0,0,11,2,High
2023,1,Sunday,10,Sindh,Dadu,Rural Road,Average,Clear,Daylight,Car/Taxi,3,Signal Violation,0,1,0,1,0,0,Low
2020,5,Saturday,18,KPK,Mansehra,Urban Road,Average,Clear,Daylight,Car/Taxi,2,Signal Violation,1,1,0,0,0,0,Low
2018,6,Tuesday,20,Punjab,Multan,Provincial Highway,Under Repair,Extreme Heat,No Light,Motorcycle,1,Signal Violation,1,0,0,0,11,1,High
2022,9,Friday,14,Punjab,Sialkot,Urban Road,Under Repair,Foggy,Daylight,Motorcycle,1,Mechanical Failure,0,0,0,0,4,0,Medium
2022,12,Wednesday,9,Punjab,Sargodha,Urban Road,Under Repair,Rainy,Daylight,Rickshaw,3,Driver Fatigue,1,0,0,1,2,0,Medium
2021,10,Sunday,8,KPK,Dera Ismail Khan,National Highway,Under Repair,Clear,Daylight,Truck/Lorry,1,Driver Fatigue,1,1,0,0,7,1,High
2023,4,Sunday,8,KPK,Charsadda,National Highway,Good,Clear,Dawn/Dusk,Motorcycle,3,Pedestrian Error,1,1,0,0,4,0,Medium
2023,3,Tuesday,22,Sindh,Larkana,National Highway,Average,Foggy,No Light,Truck/Lorry,1,Driver Fatigue,0,0,1,0,10,2,High
2022,1,Sunday,6,Balochistan,Sibi,Provincial Highway,Good,Foggy,Daylight,Van/Pickup,3,Over Speeding,0,1,0,1,4,0,High
2021,7,Saturday,17,KPK,Mansehra,Urban Road,Poor,Foggy,Daylight,Bicycle,2,Over Speeding,1,1,0,0,2,2,High
2021,11,Sunday,21,Sindh,Karachi,Rural Road,Good,Foggy,No Light,Rickshaw,2,Wrong Overtaking,0,1,0,1,2,0,Low
2023,7,Tuesday,7,Balochistan,Khuzdar,Urban Road,Poor,Extreme Heat,No Light,Car/Taxi,1,Over Speeding,1,0,0,0,0,0,Low
2023,8,Saturday,6,Punjab,Lahore,Urban Road,Poor,Clear,Daylight,Truck/Lorry,1,Weather Condition,0,1,0,0,1,0,Low
2022,7,Saturday,6,Punjab,Sialkot,National Highway,Average,Clear,Street Light,Car/Taxi,2,Over Speeding,0,1,0,0,4,0,Medium
2022,2,Monday,17,Punjab,Sialkot,National Highway,Poor,Clear,Daylight,Bus/Coach,2,Over Speeding,1,0,0,1,4,1,High
2023,1,Wednesday,22,Punjab,Sargodha,National Highway,Good,Clear,No Light,Van/Pickup,2,Signal Violation,0,0,1,1,9,2,High
2019,3,Tuesday,10,Sindh,Karachi,Urban Road,Good,Clear,Daylight,Car/Taxi,1,Mobile Phone Use,0,0,0,0,1,0,Low
2020,3,Monday,13,Islamabad,Islamabad,Urban Road,Good,Clear,Daylight,Rickshaw,1,Mobile Phone Use,1,0,0,0,0,0,Low
2022,8,Thursday,8,Punjab,Lahore,Rural Road,Good,Rainy,Daylight,Rickshaw,2,Wrong Overtaking,1,0,0,0,0,0,Low
2021,10,Tuesday,13,Punjab,Gujranwala,National Highway,Good,Clear,Dawn/Dusk,Bus/Coach,1,Over Speeding,1,0,0,0,5,4,High
2023,12,Saturday,14,Sindh,Mirpur Khas,Urban Road,Under Repair,Rainy,Daylight,Motorcycle,2,Driver Fatigue,0,1,0,1,4,0,High
2018,11,Saturday,15,Islamabad,Islamabad,Provincial Highway,Under Repair,Foggy,Daylight,Truck/Lorry,1,Road Condition,0,1,0,1,0,0,Low
2022,9,Wednesday,19,Punjab,Lahore,Urban Road,Good,Rainy,Dawn/Dusk,Truck/Lorry,3,Over Speeding,1,0,0,0,5,0,High
2021,2,Thursday,13,Sindh,Jacobabad,Provincial Highway,Poor,Rainy,Street Light,Bus/Coach,2,Over Speeding,1,0,0,1,10,2,High
2022,11,Monday,16,Punjab,Sargodha,National Highway,Good,Clear,Daylight,Motorcycle,1,Mechanical Failure,0,0,0,1,4,0,Medium
2020,1,Friday,4,Punjab,Sialkot,Rural Road,Poor,Clear,No Light,Car/Taxi,1,Road Condition,0,0,1,1,2,1,Low
2018,8,Sunday,22,AJK,Muzaffarabad,Urban Road,Under Repair,Clear,No Light,Truck/Lorry,1,Pedestrian Error,0,1,1,0,2,0,Low
2023,5,Sunday,21,Islamabad,Islamabad,Urban Road,Poor,Clear,Street Light,Bus/Coach,2,Wrong Overtaking,0,1,0,0,1,0,Low
2022,9,Thursday,19,Punjab,Sargodha,Provincial Highway,Average,Clear,Dawn/Dusk,Truck/Lorry,2,Road Condition,1,0,0,0,0,0,Low
2023,9,Saturday,10,Islamabad,Islamabad,Motorway,Poor,Clear,Dawn/Dusk,Truck/Lorry,1,Wrong Overtaking,0,1,0,0,1,0,Medium
2018,6,Monday,8,Sindh,Nawabshah,National Highway,Poor,Clear,Street Light,Truck/Lorry,4,Pedestrian Error,1,0,0,0,2,0,Low
2021,8,Monday,4,Balochistan,Dera Bugti,Provincial Highway,Average,Foggy,Street Light,Truck/Lorry,1,Mechanical Failure,0,0,1,0,11,1,High
2019,6,Thursday,18,Sindh,Hyderabad,National Highway,Poor,Clear,Daylight,Motorcycle,1,Over Speeding,1,0,0,0,3,2,High
2019,8,Saturday,8,Sindh,Mirpur Khas,National Highway,Poor,Rainy,Daylight,Motorcycle,1,Over Speeding,1,1,0,0,10,1,High
2020,6,Wednesday,10,Sindh,Jacobabad,Provincial Highway,Average,Clear,Daylight,Motorcycle,2,Road Condition,0,0,0,0,5,1,Medium
2021,1,Saturday,2,KPK,Mardan,Urban Road,Poor,Dusty/Smoggy,No Light,Motorcycle,4,Road Condition,0,1,1,1,3,1,Medium
2020,5,Tuesday,6,Punjab,Gujranwala,National Highway,Good,Clear,No Light,Bus/Coach,2,Mechanical Failure,0,0,0,0,5,1,Medium
2023,3,Friday,11,Punjab,Rawalpindi,Urban Road,Average,Clear,Street Light,Motorcycle,1,Over Speeding,0,0,0,0,1,0,Medium
2019,11,Thursday,11,Punjab,Sheikhupura,Rural Road,Average,Clear,Daylight,Motorcycle,1,Over Speeding,0,0,0,1,11,3,High
2022,9,Monday,20,KPK,Dera Ismail Khan,Rural Road,Good,Extreme Heat,Street Light,Motorcycle,2,Wrong Overtaking,1,0,0,0,5,1,Medium
2022,5,Sunday,15,Punjab,Lahore,National Highway,Good,Clear,Daylight,Car/Taxi,2,Over Speeding,0,1,0,0,5,1,Medium
2022,7,Friday,12,KPK,Nowshera,Rural Road,Average,Rainy,Daylight,Rickshaw,2,Over Speeding,1,0,0,0,3,0,Medium
2023,12,Saturday,19,Islamabad,Islamabad,Rural Road,Average,Clear,Dawn/Dusk,Motorcycle,2,Driver Fatigue,1,1,0,1,2,1,High
2021,7,Thursday,19,Punjab,Rahim Yar Khan,National Highway,Good,Clear,No Light,Motorcycle,2,Pedestrian Error,1,0,0,0,3,2,High
2021,7,Wednesday,18,KPK,Swat,Urban Road,Good,Clear,Dawn/Dusk,Car/Taxi,2,Road Condition,1,0,0,0,0,0,Low
2018,3,Sunday,0,Sindh,Mirpur Khas,Urban Road,Poor,Foggy,Street Light,Truck/Lorry,2,Signal Violation,0,1,1,0,3,1,Medium
2022,11,Thursday,20,Balochistan,Quetta,Rural Road,Poor,Extreme Heat,Street Light,Motorcycle,2,Over Speeding,1,0,0,1,4,1,Medium
2018,1,Wednesday,14,Punjab,Gujranwala,National Highway,Good,Rainy,Dawn/Dusk,Rickshaw,1,Drunk Driving,0,0,0,1,6,2,High
2019,6,Friday,20,KPK,Charsadda,National Highway,Average,Foggy,Street Light,Motorcycle,3,Mechanical Failure,1,0,0,0,2,0,Medium
2022,12,Tuesday,9,KPK,Mansehra,Urban Road,Average,Clear,Daylight,Car/Taxi,1,Signal Violation,1,0,0,1,0,0,Low
2018,8,Sunday,6,Islamabad,Islamabad,National Highway,Average,Clear,Daylight,Rickshaw,2,Wrong Overtaking,0,1,0,0,1,0,Medium
2020,9,Saturday,11,KPK,Mardan,National Highway,Good,Foggy,Daylight,Motorcycle,3,Driver Fatigue,0,1,0,0,4,2,High
2021,2,Monday,23,Sindh,Hyderabad,Rural Road,Good,Foggy,Street Light,Motorcycle,1,Wrong Overtaking,0,0,1,1,2,1,Medium
2023,8,Friday,13,Sindh,Dadu,Urban Road,Good,Foggy,Daylight,Rickshaw,1,Over Speeding,1,0,0,0,0,0,Low
2022,6,Saturday,6,Balochistan,Quetta,Urban Road,Average,Clear,Daylight,Motorcycle,3,Wrong Overtaking,0,1,0,0,5,0,Medium
2022,5,Sunday,20,Sindh,Hyderabad,Motorway,Under Repair,Rainy,Street Light,Bus/Coach,1,Over Speeding,1,1,0,0,4,1,High
2020,6,Saturday,21,Punjab,Bahawalpur,National Highway,Good,Clear,No Light,Rickshaw,1,Over Speeding,0,1,0,0,6,4,High
2022,6,Sunday,19,Islamabad,Islamabad,Urban Road,Average,Dusty/Smoggy,Dawn/Dusk,Truck/Lorry,2,Wrong Overtaking,1,1,0,0,0,0,Low
2023,3,Thursday,20,KPK,Mansehra,Provincial Highway,Poor,Foggy,Street Light,Rickshaw,2,Wrong Overtaking,1,0,0,0,3,0,Medium
2020,11,Tuesday,17,KPK,Abbottabad,Provincial Highway,Under Repair,Rainy,Daylight,Rickshaw,1,Over Speeding,1,0,0,1,5,2,High
2022,11,Thursday,20,Punjab,Rawalpindi,Urban Road,Good,Clear,No Light,Bus/Coach,3,Wrong Overtaking,1,0,0,1,2,0,Low
2020,5,Tuesday,9,Sindh,Dadu,Rural Road,Average,Clear,Daylight,Car/Taxi,3,Mechanical Failure,1,0,0,0,0,0,Low
2019,12,Sunday,17,Punjab,Faisalabad,Urban Road,Poor,Clear,Dawn/Dusk,Truck/Lorry,2,Pedestrian Error,1,1,0,1,0,0,Low
2018,8,Tuesday,4,Sindh,Kashmore,National Highway,Good,Extreme Heat,No Light,Bicycle,2,Wrong Overtaking,0,0,1,0,5,0,High