year,month,day_of_week,hour_of_day,province,district,road_type,road_condition,weather_condition,lighting_condition,vehicle_type,vehicles_involved,accident_cause,is_rush_hour,is_weekend,is_night,is_foggy_month,num_injured,num_killed,severity
2019,5,Thursday,8,Punjab,Gujranwala,Urban Road,Good,Rainy,Daylight,Rickshaw,2,Signal Violation,1,0,0,0,2,0,Medium
2020,10,Saturday,5,Sindh,Jacobabad,National Highway,Good,Foggy,Dawn/Dusk,Motorcycle,2,Road Condition,0,1,1,0,5,1,High
2022,12,Wednesday,13,Gilgit-Baltistan,Skardu,National Highway,Under Repair,Foggy,Daylight,Car/Taxi,2,Drunk Driving,1,0,0,1,10,2,High
2023,11,Saturday,13,Punjab,Lahore,Provincial Highway,Poor,Foggy,Street Light,Car/Taxi,3,Wrong Overtaking,1,1,0,1,4,1,Medium
2023,11,Wednesday,21,AJK,Muzaffarabad,National Highway,Good,Rainy,No Light,Car/Taxi,3,Pedestrian Error,0,0,0,1,2,1,Medium
2020,9,Thursday,19,Punjab,Rahim Yar Khan,Provincial Highway,Good,Clear,Street Light,Rickshaw,4,Signal Violation,1,0,0,0,2,0,Low
2018,1,Wednesday,19,Balochistan,Khuzdar,Urban Road,Good,Clear,Dawn/Dusk,Motorcycle,2,Wrong Overtaking,1,0,0,1,3,0,Medium
2020,2,Friday,12,KPK,Kohat,Urban Road,Poor,Clear,Daylight,Motorcycle,2,Over Speeding,1,0,0,1,1,0,Medium
2021,10,Monday,14,Sindh,Sukkur,Provincial Highway,Average,Foggy,Daylight,Car/Taxi,2,Wrong Overtaking,0,0,0,0,3,1,Medium
2020,8,Saturday,22,KPK,Abbottabad,National Highway,Average,Foggy,Street Light,Motorcycle,2,Wrong Overtaking,0,1,1,0,10,2,High
2018,11,Tuesday,8,Balochistan,Hub,Provincial Highway,Good,Rainy,Daylight,Motorcycle,3,Over Speeding,1,0,0,1,9,2,High
2018,3,Friday,8,Punjab,Bahawalpur,National Highway,Under Repair,Clear,Daylight,Rickshaw,2,Mobile Phone Use,1,0,0,0,2,0,Low
2020,6,Saturday,7,Punjab,Rahim Yar Khan,Provincial Highway,Poor,Clear,Daylight,Bus/Coach,1,Mechanical Failure,1,1,0,0,1,1,Medium
2022,7,Tuesday,12,KPK,Charsadda,Rural Road,Poor,Dusty/Smoggy,Dawn/Dusk,Van/Pickup,1,Drunk Driving,1,0,0,0,0,0,Low
2021,1,Saturday,7,KPK,Charsadda,Rural Road,Average,Clear,Daylight,Truck/Lorry,2,Road Condition,1,1,0,1,1,0,Low
2019,8,Saturday,9,KPK,Mansehra,Rural Road,Under Repair,Foggy,Daylight,Rickshaw,2,Over Speeding,1,1,0,0,0,0,Low
2020,5,Thursday,18,KPK,Bannu,National Highway,Average,Dusty/Smoggy,Daylight,Van/Pickup,2,Driver Fatigue,1,0,0,0,3,0,Medium
2023,1,Saturday,11,Sindh,Mirpur Khas,Provincial Highway,Average,Dusty/Smoggy,Street Light,Van/Pickup,2,Pedestrian Error,0,1,0,1,0,1,Low
2020,7,Saturday,16,KPK,Dera Ismail Khan,Provincial Highway,Good,Clear,No Light,Motorcycle,2,Mechanical Failure,0,1,0,0,2,0,Low
2023,11,Wednesday,19,Punjab,Sargodha,Provincial Highway,Good,Foggy,Dawn/Dusk,Motorcycle,2,Drunk Driving,1,0,0,1,2,1,High
2020,3,Sunday,2,Sindh,Karachi,Provincial Highway,Good,Clear,No Light,Car/Taxi,1,Over Speeding,0,1,1,0,9,3,High
2018,8,Monday,21,Punjab,Multan,Provincial Highway,Average,Foggy,No Light,Motorcycle,2,Over Speeding,0,0,0,0,9,0,High
2022,1,Monday,10,Punjab,Lahore,National Highway,Average,Clear,Daylight,Bicycle,2,Driver Fatigue,0,0,0,1,2,2,High
2022,12,Monday,10,Punjab,Rahim Yar Khan,National Highway,Average,Clear,Daylight,Rickshaw,2,Over Speeding,0,0,0,1,4,0,Medium
2020,4,Tuesday,22,Punjab,Faisalabad,Provincial Highway,Average,Clear,No Light,Motorcycle,2,Road Condition,0,0,1,0,9,3,High
2020,12,Tuesday,16,KPK,Mansehra,National Highway,Average,Clear,Daylight,Motorcycle,1,Over Speeding,0,0,0,1,11,0,High
2023,11,Friday,8,Punjab,Lahore,Rural Road,Average,Foggy,Daylight,Bus/Coach,4,Wrong Overtaking,1,0,0,1,2,0,Low
2023,1,Thursday,10,Sindh,Dadu,Rural Road,Average,Clear,Daylight,Rickshaw,2,Signal Violation,0,0,0,1,1,0,Low
2021,3,Wednesday,12,Punjab,Sialkot,Urban Road,Good,Foggy,Daylight,Car/Taxi,1,Wrong Overtaking,1,0,0,0,0,0,Low
2022,1,Thursday,18,Punjab,Bahawalpur,Motorway,Average,Clear,Daylight,Truck/Lorry,2,Over Speeding,1,0,0,1,3,0,Medium
2019,4,Friday,14,Punjab,Rahim Yar Khan,National Highway,Under Repair,Clear,Daylight,Motorcycle,1,Signal Violation,0,0,0,0,4,2,High
2019,9,Friday,17,Punjab,Rahim Yar Khan,Provincial Highway,Under Repair,Rainy,Daylight,Motorcycle,2,Road Condition,1,0,0,0,4,0,Medium
2021,6,Sunday,21,Sindh,Thatta,Motorway,Average,Clear,No Light,Truck/Lorry,3,Mobile Phone Use,0,1,0,0,2,0,Low
2019,7,Wednesday,6,KPK,Mardan,Urban Road,Good,Clear,Daylight,Motorcycle,1,Wrong Overtaking,0,0,0,0,0,0,Low
2022,6,Friday,11,Sindh,Hyderabad,Motorway,Under Repair,Clear,Daylight,Bicycle,2,Over Speeding,0,0,0,0,5,1,High
2021,6,Monday,19,Sindh,Sukkur,National Highway,Average,Clear,Street Light,Motorcycle,2,Over Speeding,1,0,0,0,11,2,High
2021,8,Thursday,5,Punjab,Bahawalpur,Provincial Highway,Average,Clear,Street Light,Car/Taxi,1,Road Condition,0,0,1,0,0,0,Low
2021,6,Saturday,23,Balochistan,Chaman,National Highway,Good,Rainy,Street Light,Truck/Lorry,1,Pedestrian Error,0,1,1,0,8,1,High
2023,8,Friday,19,Sindh,Mirpur Khas,Rural Road,Good,Rainy,Street Light,Motorcycle,1,Driver Fatigue,1,0,0,0,10,1,High
2018,9,Sunday,6,Sindh,Hyderabad,Urban Road,Average,Clear,Daylight,Motorcycle,1,Over Speeding,0,1,0,0,2,0,Medium
2022,11,Monday,22,Punjab,Multan,Urban Road,Average,Foggy,Street Light,Motorcycle,1,Drunk Driving,0,0,1,1,9,1,High
2021,6,Friday,6,Punjab,Multan,Urban Road,Good,Foggy,No Light,Truck/Lorry,2,Wrong Overtaking,0,0,0,0,1,0,Medium
2023,3,Tuesday,14,Punjab,Sargodha,Rural Road,Average,Dusty/Smoggy,Daylight,Car/Taxi,2,Signal Violation,0,0,0,0,1,0,Low
2022,12,Monday,19,Punjab,Multan,Provincial Highway,Average,Clear,Dawn/Dusk,Motorcycle,4,Mobile Phone Use,1,0,0,1,2,1,Medium
2020,7,Monday,18,Sindh,Kashmore,Rural Road,Average,Clear,Daylight,Bus/Coach,1,Road Condition,1,0,0,0,2,0,Low
2019,11,Sunday,20,Sindh,Nawabshah,National Highway,Under Repair,Clear,Street Light,Motorcycle,3,Drunk Driving,1,1,0,1,6,2,High
2023,7,Sunday,15,Sindh,Hyderabad,Rural Road,Good,Clear,Dawn/Dusk,Motorcycle,3,Signal Violation,0,1,0,0,4,0,Medium
2019,12,Wednesday,7,KPK,Mardan,National Highway,Under Repair,Dusty/Smoggy,Daylight,Car/Taxi,3,Over Speeding,1,0,0,1,11,1,High
2021,12,Sunday,13,KPK,Kohat,Provincial Highway,Poor,Clear,Daylight,Bus/Coach,2,Over Speeding,1,1,0,1,3,0,Medium
2018,12,Tuesday,7,KPK,Peshawar,Provincial Highway,Under Repair,Clear,Daylight,Bus/Coach,3,Over Speeding,1,0,0,1,7,1,High
2020,8,Monday,21,Islamabad,Islamabad,Urban Road,Good,Foggy,No Light,Car/Taxi,3,Wrong Overtaking,0,0,0,0,4,0,Medium
2023,3,Monday,14,Punjab,Faisalabad,Rural Road,Average,Clear,Daylight,Van/Pickup,1,Over Speeding,0,0,0,0,1,0,Low
2020,1,Tuesday,9,Punjab,Rawalpindi,Rural Road,Average,Dusty/Smoggy,Daylight,Other,2,Mechanical Failure,1,0,0,1,1,0,Low
2018,11,Tuesday,18,Punjab,Sheikhupura,Rural Road,Under Repair,Dusty/Smoggy,Daylight,Motorcycle,1,Over Speeding,1,0,0,1,1,0,Medium
2021,12,Saturday,13,Sindh,Dadu,Motorway,Average,Clear,Daylight,Motorcycle,3,Driver Fatigue,1,1,0,1,2,0,High
2023,11,Wednesday,7,Balochistan,Loralai,National Highway,Good,Clear,Daylight,Car/Taxi,2,Wrong Overtaking,1,0,0,1,1,0,Medium
2020,4,Wednesday,9,Punjab,Gujranwala,Urban Road,Good,Clear,Dawn/Dusk,Car/Taxi,3,Over Speeding,1,0,0,0,0,0,Low
2022,12,Wednesday,10,Islamabad,Islamabad,National Highway,Average,Rainy,Daylight,Motorcycle,2,Road Condition,0,0,0,1,6,1,High
2018,10,Monday,12,Punjab,Faisalabad,Provincial Highway,Good,Clear,Daylight,Motorcycle,2,Over Speeding,1,0,0,0,7,2,High
2023,12,Sunday,23,Islamabad,Islamabad,Provincial Highway,Poor,Foggy,No Light,Rickshaw,2,Driver Fatigue,0,1,1,1,8,1,High
2022,10,Tuesday,19,Punjab,Faisalabad,National Highway,Poor,Dusty/Smoggy,No Light,Motorcycle,1,Road Condition,1,0,0,0,5,1,Medium
2022,12,Thursday,18,Punjab,Bahawalpur,Motorway,Average,Clear,Daylight,Motorcycle,2,Pedestrian Error,1,0,0,1,3,2,High
2019,10,Tuesday,10,Sindh,Sukkur,Rural Road,Poor,Foggy,Daylight,Bus/Coach,1,Signal Violation,0,0,0,0,2,0,Low
2021,2,Monday,13,Punjab,Sargodha,Provincial Highway,Good,Extreme Heat,Daylight,Motorcycle,4,Over Speeding,1,0,0,1,2,0,Medium
2020,7,Thursday,16,Punjab,Sialkot,Provincial Highway,Under Repair,Clear,Daylight,Truck/Lorry,1,Mechanical Failure,0,0,0,0,5,0,Medium
2022,1,Sunday,2,Punjab,Sialkot,Provincial Highway,Average,Clear,No Light,Motorcycle,3,Weather Condition,0,1,1,1,1,1,Medium
2022,1,Wednesday,19,KPK,Abbottabad,Provincial Highway,Poor,Clear,Street Light,Motorcycle,2,Weather Condition,1,0,0,1,0,0,Low
2018,11,Sunday,17,Sindh,Nawabshah,Provincial Highway,Under Repair,Clear,Daylight,Car/Taxi,2,Wrong Overtaking,1,1,0,1,2,0,Low
2019,6,Tuesday,12,Punjab,Multan,National Highway,Average,Clear,Daylight,Motorcycle,3,Over Speeding,1,0,0,0,8,2,High
2023,4,Saturday,18,Sindh,Karachi,Rural Road,Poor,Clear,No Light,Motorcycle,2,Pedestrian Error,1,1,0,0,3,0,Medium
2020,12,Saturday,10,KPK,Charsadda,National Highway,Good,Rainy,Daylight,Motorcycle,2,Over Speeding,0,1,0,1,9,0,High
2019,6,Wednesday,8,Punjab,Sheikhupura,Provincial Highway,Good,Foggy,Daylight,Motorcycle,2,Wrong Overtaking,1,0,0,0,3,2,High
2021,7,Monday,8,Punjab,Rawalpindi,Urban Road,Poor,Dusty/Smoggy,Daylight,Motorcycle,1,Over Speeding,1,0,0,0,9,2,High
2023,9,Friday,17,Punjab,Lahore,Motorway,Average,Foggy,Dawn/Dusk,Rickshaw,2,Road Condition,1,0,0,0,4,1,Medium
2020,12,Saturday,15,Punjab,Lahore,Urban Road,Average,Rainy,Daylight,Car/Taxi,2,Road Condition,0,1,0,1,1,0,Low
2020,12,Saturday,22,KPK,Peshawar,Provincial Highway,Under Repair,Rainy,Street Light,Rickshaw,2,Pedestrian Error,0,1,1,1,2,0,Low
2018,11,Sunday,14,Punjab,Sheikhupura,Provincial Highway,Average,Clear,Daylight,Car/Taxi,2,Wrong Overtaking,0,1,0,1,5,0,Medium
2022,9,Thursday,19,Sindh,Kashmore,Urban Road,Good,Clear,No Light,Motorcycle,2,Road Condition,1,0,0,0,2,1,Medium
2020,12,Sunday,10,KPK,Kohat,Urban Road,Average,Extreme Heat,Daylight,Van/Pickup,2,Wrong Overtaking,0,1,0,1,1,0,Low
2020,3,Thursday,3,Punjab,Rawalpindi,Motorway,Good,Clear,Street Light,Motorcycle,1,Over Speeding,0,0,1,0,3,2,High
2019,5,Thursday,7,Sindh,Kashmore,Provincial Highway,Good,Clear,Daylight,Motorcycle,1,Road Condition,1,0,0,0,2,0,Low
2021,1,Monday,20,Punjab,Sheikhupura,National Highway,Average,Dusty/Smoggy,Street Light,Motorcycle,1,Over Speeding,1,0,0,1,2,0,High
2023,6,Wednesday,15,Islamabad,Islamabad,Provincial Highway,Average,Rainy,Daylight,Car/Taxi,1,Pedestrian Error,0,0,0,0,1,0,Low
2022,3,Thursday,7,Sindh,Kashmore,National Highway,Average,Extreme Heat,Daylight,Motorcycle,2,Over Speeding,1,0,0,0,7,1,High
2019,3,Thursday,15,KPK,Bannu,National Highway,Poor,Foggy,No Light,Car/Taxi,2,Drunk Driving,0,0,0,0,1,0,Medium
2021,9,Sunday,20,Sindh,Nawabshah,Motorway,Good,Clear,Street Light,Car/Taxi,1,Drunk Driving,1,1,0,0,5,0,Medium
2021,4,Monday,20,Punjab,Gujranwala,National Highway,Good,Clear,Street Light,Car/Taxi,2,Signal Violation,1,0,0,0,0,0,Low
2023,12,Friday,7,Sindh,Karachi,Provincial Highway,Average,Rainy,Daylight,Motorcycle,2,Over Speeding,1,0,0,1,3,1,High
2018,5,Thursday,20,Islamabad,Islamabad,Provincial Highway,Good,Clear,No Light,Van/Pickup,2,Road Condition,1,0,0,0,2,1,Low
2018,11,Saturday,9,Sindh,Nawabshah,National Highway,Good,Clear,Daylight,Motorcycle,1,Over Speeding,1,1,0,1,8,2,High
2018,6,Friday,7,KPK,Kohat,Urban Road,Good,Clear,Daylight,Rickshaw,2,Over Speeding,1,0,0,0,0,0,Low
2019,6,Tuesday,19,Balochistan,Sibi,Rural Road,Good,Clear,Dawn/Dusk,Motorcycle,2,Signal Violation,1,0,0,0,1,1,Low
2020,7,Thursday,13,Punjab,Sargodha,Rural Road,Poor,Clear,Dawn/Dusk,Bus/Coach,3,Wrong Overtaking,1,0,0,0,0,0,Low
2018,10,Thursday,2,Punjab,Rawalpindi,Provincial Highway,Average,Foggy,No Light,Car/Taxi,2,Wrong Overtaking,0,0,1,0,4,0,Medium
2022,2,Monday,21,Sindh,Mirpur Khas,National Highway,Poor,Clear,No Light,Motorcycle,3,Driver Fatigue,0,0,0,1,3,4,High
2023,8,Saturday,19,Punjab,Sialkot,Provincial Highway,Poor,Extreme Heat,Dawn/Dusk,Motorcycle,2,Wrong Overtaking,1,1,0,0,6,1,High
2018,3,Saturday,13,KPK,Mardan,National Highway,Poor,Clear,Daylight,Motorcycle,2,Wrong Overtaking,1,1,0,0,1,0,Medium
2020,4,Tuesday,5,Balochistan,Loralai,Rural Road,Average,Clear,Dawn/Dusk,Motorcycle,2,Weather Condition,0,0,1,0,1,0,Medium
2021,2,Sunday,6,Punjab,Sheikhupura,Provincial Highway,Good,Clear,No Light,Bicycle,2,Over Speeding,0,1,0,1,7,1,High
2019,7,Saturday,7,Punjab,Rahim Yar Khan,Rural Road,Poor,Foggy,Daylight,Car/Taxi,2,Road Condition,1,1,0,0,1,0,Low
2022,9,Thursday,13,KPK,Bannu,National Highway,Good,Clear,Daylight,Motorcycle,2,Driver Fatigue,1,0,0,0,6,1,High
2018,7,Thursday,21,Punjab,Gujranwala,Rural Road,Good,Clear,Street Light,Rickshaw,2,Over Speeding,0,0,0,0,5,0,Medium
2022,12,Tuesday,12,KPK,Charsadda,National Highway,Good,Extreme Heat,Street Light,Car/Taxi,2,Signal Violation,1,0,0,1,1,0,Medium
2021,1,Thursday,13,Sindh,Dadu,Motorway,Average,Clear,Daylight,Motorcycle,2,Signal Violation,1,0,0,1,4,0,Medium
2019,11,Sunday,21,KPK,Mansehra,National Highway,Good,Dusty/Smoggy,Street Light,Motorcycle,1,Driver Fatigue,0,1,0,1,7,1,High
2021,12,Wednesday,14,Punjab,Multan,Rural Road,Good,Foggy,Street Light,Motorcycle,1,Weather Condition,0,0,0,1,1,0,Low
2023,11,Saturday,7,Sindh,Larkana,Provincial Highway,Poor,Clear,Daylight,Motorcycle,2,Road Condition,1,1,0,1,4,0,Medium
2018,8,Wednesday,16,Sindh,Sukkur,National Highway,Good,Clear,No Light,Motorcycle,2,Drunk Driving,0,0,0,0,6,0,High
2023,7,Saturday,1,Sindh,Dadu,Provincial Highway,Poor,Clear,Street Light,Van/Pickup,2,Road Condition,0,1,1,0,5,1,Medium
2019,10,Thursday,9,Punjab,Rahim Yar Khan,Provincial Highway,Poor,Rainy,Daylight,Motorcycle,2,Mechanical Failure,1,0,0,0,4,2,High
2022,12,Sunday,9,KPK,Mansehra,National Highway,Good,Foggy,Daylight,Motorcycle,4,Wrong Overtaking,1,1,0,1,10,3,High
2019,12,Thursday,11,Balochistan,Chaman,Urban Road,Average,Clear,No Light,Rickshaw,2,Drunk Driving,0,0,0,1,2,0,Low
2023,10,Saturday,18,Punjab,Faisalabad,Urban Road,Poor,Rainy,Daylight,Bus/Coach,2,Drunk Driving,1,1,0,0,1,0,Medium
2023,11,Friday,16,Punjab,Multan,National Highway,Good,Clear,Daylight,Motorcycle,2,Wrong Overtaking,0,0,0,1,8,0,High
2021,1,Saturday,16,Punjab,Faisalabad,Urban Road,Average,Extreme Heat,No Light,Rickshaw,1,Wrong Overtaking,0,1,0,1,2,0,Low
2023,6,Wednesday,1,Sindh,Sukkur,Provincial Highway,Good,Foggy,Street Light,Motorcycle,2,Driver Fatigue,0,0,1,0,2,1,High
2021,10,Sunday,14,Sindh,Hyderabad,Provincial Highway,Average,Clear,Daylight,Car/Taxi,1,Over Speeding,0,1,0,0,1,1,Medium
2019,1,Saturday,8,Sindh,Dadu,Urban Road,Good,Rainy,Daylight,Car/Taxi,1,Drunk Driving,1,1,0,1,5,1,Medium
2020,6,Saturday,22,Punjab,Sheikhupura,Provincial Highway,Average,Foggy,No Light,Car/Taxi,2,Over Speeding,0,1,1,0,8,1,High
2020,1,Saturday,13,Punjab,Sialkot,Urban Road,Good,Extreme Heat,Daylight,Motorcycle,3,Mobile Phone Use,1,1,0,1,1,0,Low
2021,7,Sunday,10,Sindh,Jacobabad,Provincial Highway,Under Repair,Clear,Street Light,Car/Taxi,2,Signal Violation,0,1,0,0,5,0,Medium
2020,1,Wednesday,18,Sindh,Mirpur Khas,National Highway,Poor,Extreme Heat,Daylight,Motorcycle,2,Pedestrian Error,1,0,0,1,2,0,Medium
2021,5,Saturday,14,AJK,Mirpur,Provincial Highway,Poor,Clear,Daylight,Motorcycle,2,Driver Fatigue,0,1,0,0,10,0,High
2023,6,Friday,12,Punjab,Lahore,Rural Road,Average,Extreme Heat,No Light,Truck/Lorry,3,Over Speeding,1,0,0,0,4,1,Medium
2021,2,Wednesday,10,KPK,Swat,National Highway,Average,Clear,Daylight,Motorcycle,2,Wrong Overtaking,0,0,0,1,5,1,High
2022,1,Thursday,2,Punjab,Multan,National Highway,Good,Extreme Heat,Street Light,Motorcycle,2,Wrong Overtaking,0,0,1,1,2,1,High
2019,6,Friday,10,Sindh,Thatta,Rural Road,Average,Foggy,Daylight,Car/Taxi,3,Driver Fatigue,0,0,0,0,3,0,Medium
2020,1,Sunday,17,KPK,Kohat,Rural Road,Average,Foggy,No Light,Motorcycle,3,Over Speeding,1,1,0,1,2,0,Medium
2022,7,Friday,14,KPK,Abbottabad,National Highway,Poor,Foggy,Daylight,Car/Taxi,1,Pedestrian Error,0,0,0,0,1,0,Medium
2022,2,Thursday,15,Gilgit-Baltistan,Gilgit,Rural Road,Average,Extreme Heat,Dawn/Dusk,Car/Taxi,3,Over Speeding,0,0,0,1,0,0,Low
2021,10,Saturday,7,Punjab,Lahore,National Highway,Good,Extreme Heat,Daylight,Bus/Coach,1,Signal Violation,1,1,0,0,11,2,High
2023,12,Friday,9,Punjab,Gujranwala,Provincial Highway,Good,Clear,Daylight,Bus/Coach,3,Wrong Overtaking,1,0,0,1,5,1,Medium
2019,5,Monday,9,KPK,Charsadda,National Highway,Average,Rainy,Daylight,Car/Taxi,2,Wrong Overtaking,1,0,0,0,2,0,Medium
2022,2,Friday,7,Sindh,Dadu,National Highway,Good,Clear,Daylight,Car/Taxi,2,Wrong Overtaking,1,0,0,1,0,0,Low
2018,7,Friday,19,Punjab,Rahim Yar Khan,National Highway,Average,Clear,Street Light,Car/Taxi,3,Over Speeding,1,0,0,0,6,0,High
2020,12,Saturday,11,Punjab,Rahim Yar Khan,Urban Road,Under Repair,Clear,Daylight,Car/Taxi,2,Pedestrian Error,0,1,0,1,0,0,Low
2020,5,Sunday,18,Punjab,Faisalabad,National Highway,Under Repair,Foggy,Daylight,Motorcycle,1,Wrong Overtaking,1,1,0,0,4,0,High
2022,7,Thursday,20,Balochistan,Hub,Provincial Highway,Good,Clear,Street Light,Car/Taxi,2,Over Speeding,1,0,0,0,4,1,Medium
2019,5,Monday,19,Punjab,Multan,Provincial Highway,Poor,Clear,Daylight,Truck/Lorry,3,Road Condition,1,0,0,0,2,0,Low
2022,2,Thursday,22,Punjab,Rawalpindi,National Highway,Good,Clear,No Light,Car/Taxi,1,Pedestrian Error,0,0,1,1,1,1,Medium
2023,5,Sunday,15,Punjab,Bahawalpur,National Highway,Average,Foggy,Daylight,Car/Taxi,2,Over Speeding,0,1,0,0,2,0,Medium
2020,2,Saturday,9,Punjab,Faisalabad,Urban Road,Average,Clear,Daylight,Rickshaw,4,Drunk Driving,1,1,0,1,2,1,Medium
2023,2,Thursday,17,Punjab,Faisalabad,Rural Road,Poor,Rainy,No Light,Other,2,Signal Violation,1,0,0,1,0,0,Low
2021,10,Friday,15,Sindh,Mirpur Khas,Provincial Highway,Average,Extreme Heat,Daylight,Car/Taxi,4,Wrong Overtaking,0,0,0,0,0,0,Low
2020,6,Thursday,16,Punjab,Rahim Yar Khan,Urban Road,Good,Clear,Daylight,Car/Taxi,1,Wrong Overtaking,0,0,0,0,0,0,Low
2019,1,Tuesday,6,KPK,Dera Ismail Khan,Urban Road,Average,Clear,Daylight,Car/Taxi,3,Mechanical Failure,0,0,0,1,2,0,Low
2021,6,Thursday,11,Punjab,Rahim Yar Khan,Rural Road,Good,Dusty/Smoggy,Daylight,Motorcycle,3,Weather Condition,0,0,0,0,1,0,Low
2021,9,Monday,12,Sindh,Karachi,Urban Road,Poor,Clear,Dawn/Dusk,Rickshaw,1,Driver Fatigue,1,0,0,0,2,0,Medium
2018,12,Saturday,21,Balochistan,Loralai,National Highway,Average,Clear,No Light,Rickshaw,1,Pedestrian Error,0,1,0,1,2,0,Medium
2023,5,Saturday,14,Sindh,Dadu,National Highway,Average,Clear,Daylight,Car/Taxi,3,Road Condition,0,1,0,0,4,0,Medium
2022,12,Monday,13,Sindh,Hyderabad,Rural Road,Average,Clear,Daylight,Motorcycle,2,Mechanical Failure,1,0,0,1,1,0,Low
2019,11,Saturday,12,Punjab,Rahim Yar Khan,Urban Road,Good,Foggy,Daylight,Motorcycle,2,Wrong Overtaking,1,1,0,1,1,0,Medium
2021,12,Monday,4,Punjab,Lahore,Urban Road,Good,Clear,Street Light,Bus/Coach,2,Drunk Driving,0,0,1,1,1,0,Medium
2023,11,Friday,21,KPK,Bannu,Rural Road,Average,Foggy,No Light,Motorcycle,2,Signal Violation,0,0,0,1,1,0,Medium
2023,6,Tuesday,21,Gilgit-Baltistan,Gilgit,Urban Road,Good,Dusty/Smoggy,No Light,Motorcycle,4,Wrong Overtaking,0,0,0,0,5,0,Medium
2020,4,Tuesday,22,KPK,Mardan,Urban Road,Average,Clear,No Light,Motorcycle,1,Wrong Overtaking,0,0,1,0,4,0,Medium
2018,11,Tuesday,18,Sindh,Dadu,Rural Road,Good,Clear,Daylight,Bus/Coach,1,Road Condition,1,0,0,1,1,0,Low
2022,10,Saturday,20,KPK,Charsadda,Rural Road,Good,Clear,No Light,Motorcycle,2,Over Speeding,1,1,0,0,11,1,High
2018,8,Wednesday,13,Sindh,Jacobabad,National Highway,Average,Foggy,Daylight,Car/Taxi,3,Wrong Overtaking,1,0,0,0,1,0,Medium
2022,1,Sunday,8,Punjab,Lahore,Provincial Highway,Poor,Dusty/Smoggy,Daylight,Van/Pickup,4,Wrong Overtaking,1,1,0,1,1,0,Low
2023,10,Friday,0,Sindh,Larkana,Urban Road,Good,Clear,No Light,Van/Pickup,2,Over Speeding,0,0,1,0,1,1,Medium
2020,12,Tuesday,6,Islamabad,Islamabad,National Highway,Good,Clear,Daylight,Car/Taxi,1,Over Speeding,0,0,0,1,4,0,Medium
2020,7,Tuesday,19,Punjab,Sargodha,Urban Road,Good,Foggy,Street Light,Rickshaw,1,Over Speeding,1,0,0,0,2,1,Medium
2023,10,Monday,16,KPK,Mansehra,Urban Road,Good,Foggy,Daylight,Motorcycle,2,Wrong Overtaking,0,0,0,0,5,2,Medium
2022,4,Friday,5,Punjab,Lahore,National Highway,Poor,Rainy,Street Light,Motorcycle,4,Signal Violation,0,0,1,0,6,2,High
2019,9,Wednesday,5,Sindh,Jacobabad,National Highway,Average,Rainy,Dawn/Dusk,Motorcycle,1,Driver Fatigue,0,0,1,0,8,3,High
2020,7,Saturday,10,Punjab,Faisalabad,Motorway,Average,Rainy,Daylight,Bus/Coach,4,Road Condition,0,1,0,0,6,1,High
2021,6,Saturday,18,Sindh,Thatta,Provincial Highway,Under Repair,Clear,Daylight,Bus/Coach,2,Signal Violation,1,1,0,0,1,1,Medium
2018,4,Saturday,14,KPK,Mardan,National Highway,Average,Rainy,Daylight,Car/Taxi,2,Mobile Phone Use,0,1,0,0,5,0,Medium
2021,10,Tuesday,9,Punjab,Multan,National Highway,Good,Clear,Daylight,Car/Taxi,2,Wrong Overtaking,1,0,0,0,0,0,Low
2023,8,Monday,8,KPK,Mansehra,Urban Road,Good,Extreme Heat,Daylight,Motorcycle,1,Drunk Driving,1,0,0,0,4,0,Medium
2023,10,Friday,5,KPK,Charsadda,Urban Road,Good,Clear,Dawn/Dusk,Car/Taxi,1,Mechanical Failure,0,0,1,0,1,0,Low
2021,7,Sunday,7,Islamabad,Islamabad,Rural Road,Average,Foggy,Daylight,Motorcycle,2,Drunk Driving,1,1,0,0,5,0,Medium
2018,11,Tuesday,12,Punjab,Rawalpindi,Urban Road,Good,Clear,Daylight,Car/Taxi,2,Over Speeding,1,0,0,1,5,1,Medium
2023,4,Monday,18,Punjab,Sialkot,Urban Road,Poor,Clear,Daylight,Car/Taxi,2,Wrong Overtaking,1,0,0,0,2,0,Low
2021,7,Saturday,20,Punjab,Sialkot,Urban Road,Poor,Clear,No Light,Motorcycle,1,Over Speeding,1,1,0,0,4,0,Medium
2021,1,Wednesday,20,Gilgit-Baltistan,Gilgit,Rural Road,Good,Clear,Street Light,Bus/Coach,2,Over Speeding,1,0,0,1,2,1,Medium
2018,3,Saturday,20,Islamabad,Islamabad,Urban Road,Good,Extreme Heat,Street Light,Car/Taxi,2,Signal Violation,1,1,0,0,0,0,Low
2022,4,Tuesday,12,Sindh,Nawabshah,National Highway,Average,Rainy,Daylight,Car/Taxi,1,Signal Violation,1,0,0,0,9,3,High
2018,2,Saturday,9,Balochistan,Quetta,Rural Road,Good,Clear,Daylight,Motorcycle,2,Signal Violation,1,1,0,1,2,0,Low
2023,3,Saturday,8,Sindh,Dadu,Motorway,Under Repair,Clear,Daylight,Motorcycle,2,Drunk Driving,1,1,0,0,2,1,High
2021,4,Tuesday,19,Sindh,Larkana,National Highway,Under Repair,Clear,Dawn/Dusk,Bus/Coach,1,Weather Condition,1,0,0,0,2,1,Medium
2020,12,Saturday,8,Punjab,Gujranwala,Provincial Highway,Good,Foggy,Daylight,Car/Taxi,2,Over Speeding,1,1,0,1,5,0,Medium