year,month,day_of_week,hour_of_day,province,district,road_type,road_condition,weather_condition,lighting_condition,vehicle_type,vehicles_involved,accident_cause,is_rush_hour,is_weekend,is_night,is_foggy_month,num_injured,num_killed,severity
2020,8,Friday,23,KPK,Peshawar,National Highway,Good,Clear,No Light,Motorcycle,2,Over Speeding,0,0,1,0,5,1,High
2020,12,Saturday,18,Punjab,Lahore,Motorway,Average,Dusty/Smoggy,Daylight,Motorcycle,1,Signal Violation,1,1,0,1,11,4,High
2020,6,Friday,15,KPK,Bannu,Motorway,Poor,Clear,Daylight,Car/Taxi,2,Drunk Driving,0,0,0,0,4,0,Medium
2018,1,Saturday,14,KPK,Mansehra,Urban Road,Average,Clear,Daylight,Motorcycle,1,Over Speeding,0,1,0,1,5,0,High
2023,6,Thursday,17,KPK,Dera Ismail Khan,Provincial Highway,Poor,Clear,Street Light,Car/Taxi,1,Over Speeding,1,0,0,0,3,0,Medium
2018,4,Tuesday,12,Punjab,Rahim Yar Khan,National Highway,Good,Clear,Street Light,Other,3,Road Condition,1,0,0,0,4,1,Medium
2021,7,Sunday,6,Punjab,Sialkot,Motorway,Good,Rainy,Daylight,Other,1,Mechanical Failure,0,1,0,0,1,1,Medium
2021,2,Saturday,11,Punjab,Gujranwala,Motorway,Good,Foggy,Daylight,Van/Pickup,2,Pedestrian Error,0,1,0,1,1,0,Low
2022,11,Friday,14,Punjab,Sialkot,Urban Road,Good,Dusty/Smoggy,Daylight,Motorcycle,2,Over Speeding,0,0,0,1,3,1,High
2023,10,Wednesday,20,Punjab,Bahawalpur,National Highway,Average,Clear,Street Light,Motorcycle,2,Signal Violation,1,0,0,0,2,0,Medium
2023,5,Monday,17,Islamabad,Islamabad,Rural Road,Poor,Rainy,Street Light,Car/Taxi,2,Wrong Overtaking,1,0,0,0,0,0,Low
2023,3,Tuesday,14,Sindh,Jacobabad,Urban Road,Poor,Foggy,No Light,Car/Taxi,3,Over Speeding,0,0,0,0,3,0,Medium
2018,5,Saturday,11,Punjab,Sargodha,Motorway,Good,Clear,No Light,Motorcycle,3,Signal Violation,0,1,0,0,2,3,High
2020,11,Wednesday,18,Punjab,Sheikhupura,Urban Road,Average,Foggy,Daylight,Motorcycle,1,Over Speeding,1,0,0,1,6,0,High
2022,2,Monday,19,Sindh,Dadu,Motorway,Good,Clear,Dawn/Dusk,Motorcycle,3,Road Condition,1,0,0,1,2,2,Medium
2019,7,Sunday,20,Sindh,Dadu,National Highway,Poor,Clear,No Light,Rickshaw,2,Wrong Overtaking,1,1,0,0,2,0,Low
2019,9,Wednesday,21,Sindh,Karachi,Urban Road,Good,Clear,Street Light,Car/Taxi,2,Signal Violation,0,0,0,0,0,1,Low
2023,12,Monday,19,Balochistan,Zhob,Rural Road,Average,Rainy,No Light,Bus/Coach,2,Wrong Overtaking,1,0,0,1,4,1,Medium
2023,2,Sunday,7,Sindh,Mirpur Khas,Urban Road,Good,Clear,Dawn/Dusk,Other,2,Pedestrian Error,1,1,0,1,2,0,Low
2018,12,Monday,9,Gilgit-Baltistan,Hunza,Provincial Highway,Average,Foggy,Street Light,Car/Taxi,1,Wrong Overtaking,1,0,0,1,0,0,Low
2023,1,Friday,9,Balochistan,Dera Bugti,Rural Road,Poor,Dusty/Smoggy,Daylight,Car/Taxi,2,Mechanical Failure,1,0,0,1,0,0,Low
2022,10,Thursday,18,Punjab,Bahawalpur,Rural Road,Average,Clear,Daylight,Van/Pickup,2,Pedestrian Error,1,0,0,0,0,0,Low
2022,7,Tuesday,8,Islamabad,Islamabad,Urban Road,Good,Foggy,Daylight,Truck/Lorry,1,Road Condition,1,0,0,0,0,0,Low
2022,2,Saturday,18,Punjab,Bahawalpur,Urban Road,Good,Clear,Daylight,Motorcycle,1,Mechanical Failure,1,1,0,1,1,0,Low
2023,7,Tuesday,17,KPK,Kohat,Provincial Highway,Good,Clear,Daylight,Motorcycle,2,Over Speeding,1,0,0,0,2,2,High
2019,6,Saturday,11,Punjab,Rahim Yar Khan,Provincial Highway,Poor,Clear,Daylight,Motorcycle,1,Pedestrian Error,0,1,0,0,5,1,Medium
2022,1,Friday,23,Balochistan,Dera Bugti,National Highway,Good,Clear,Street Light,Motorcycle,4,Wrong Overtaking,0,0,1,1,7,3,High
2021,10,Tuesday,18,Balochistan,Quetta,Urban Road,Good,Dusty/Smoggy,Daylight,Car/Taxi,4,Road Condition,1,0,0,0,0,0,Low
2022,8,Saturday,11,KPK,Swat,Rural Road,Under Repair,Clear,Daylight,Motorcycle,3,Wrong Overtaking,0,1,0,0,3,0,Medium
2019,6,Saturday,14,KPK,Nowshera,Urban Road,Average,Clear,Dawn/Dusk,Car/Taxi,2,Road Condition,0,1,0,0,0,0,Low
2020,11,Thursday,11,Punjab,Faisalabad,Provincial Highway,Average,Extreme Heat,Daylight,Rickshaw,1,Over Speeding,0,0,0,1,2,1,Medium
2019,7,Thursday,20,Punjab,Sargodha,Motorway,Poor,Clear,No Light,Car/Taxi,2,Wrong Overtaking,1,0,0,0,4,1,Medium
2018,4,Friday,10,Punjab,Gujranwala,National Highway,Good,Clear,Daylight,Bus/Coach,1,Wrong Overtaking,0,0,0,0,1,0,Medium
2023,5,Thursday,15,Punjab,Sialkot,Provincial Highway,Poor,Foggy,Daylight,Truck/Lorry,1,Signal Violation,0,0,0,0,2,0,High
2022,12,Thursday,13,KPK,Mansehra,Motorway,Good,Dusty/Smoggy,Daylight,Motorcycle,1,Wrong Overtaking,1,0,0,1,3,2,Medium
2020,3,Monday,10,Punjab,Gujranwala,Provincial Highway,Good,Clear,Daylight,Motorcycle,1,Pedestrian Error,0,0,0,0,1,0,Medium
2019,4,Tuesday,18,AJK,Mirpur,Urban Road,Good,Rainy,Daylight,Van/Pickup,2,Signal Violation,1,0,0,0,1,0,Low
2020,12,Friday,16,Sindh,Jacobabad,National Highway,Average,Rainy,Daylight,Car/Taxi,2,Wrong Overtaking,0,0,0,1,5,0,Medium
2020,1,Monday,21,KPK,Swat,Urban Road,Good,Dusty/Smoggy,No Light,Bus/Coach,1,Wrong Overtaking,0,0,0,1,2,0,Low
2023,5,Saturday,19,Punjab,Lahore,Urban Road,Average,Clear,Daylight,Car/Taxi,4,Signal Violation,1,1,0,0,1,0,Low
2023,10,Tuesday,18,Balochistan,Sibi,Urban Road,Average,Rainy,Dawn/Dusk,Car/Taxi,2,Over Speeding,1,0,0,0,1,1,Low
2020,9,Friday,18,Islamabad,Islamabad,Provincial Highway,Average,Clear,Daylight,Motorcycle,1,Wrong Overtaking,1,0,0,0,2,2,High
2023,10,Sunday,12,Sindh,Jacobabad,Motorway,Good,Clear,Daylight,Truck/Lorry,1,Wrong Overtaking,1,1,0,0,4,2,High
2022,5,Thursday,14,Sindh,Dadu,Urban Road,Average,Dusty/Smoggy,Street Light,Bus/Coach,2,Signal Violation,0,0,0,0,1,0,Low
2022,7,Sunday,13,KPK,Bannu,National Highway,Good,Clear,Daylight,Motorcycle,1,Over Speeding,1,1,0,0,7,2,High
2023,5,Monday,11,Punjab,Sargodha,Urban Road,Good,Clear,No Light,Motorcycle,3,Pedestrian Error,0,0,0,0,1,0,Low
2021,11,Friday,17,Sindh,Hyderabad,Provincial Highway,Good,Clear,Daylight,Motorcycle,2,Over Speeding,1,0,0,1,3,0,Medium
2023,3,Monday,14,Punjab,Faisalabad,Provincial Highway,Poor,Foggy,Daylight,Other,2,Over Speeding,0,0,0,0,9,2,High
2023,9,Saturday,5,Punjab,Multan,National Highway,Good,Clear,Dawn/Dusk,Car/Taxi,2,Road Condition,0,1,1,0,4,0,Medium
2020,12,Friday,13,Punjab,Sheikhupura,Urban Road,Good,Rainy,Daylight,Car/Taxi,4,Over Speeding,1,0,0,1,3,1,Medium
2022,6,Tuesday,11,Punjab,Sargodha,Motorway,Poor,Clear,Daylight,Bus/Coach,3,Drunk Driving,0,0,0,0,9,1,High
2021,4,Wednesday,17,Punjab,Sheikhupura,Rural Road,Average,Foggy,No Light,Motorcycle,3,Wrong Overtaking,1,0,0,0,4,0,Medium
2021,2,Wednesday,22,Punjab,Multan,Rural Road,Under Repair,Rainy,Street Light,Car/Taxi,1,Over Speeding,0,0,1,1,6,3,High
2019,1,Sunday,21,Islamabad,Islamabad,Rural Road,Good,Foggy,Street Light,Car/Taxi,1,Pedestrian Error,0,1,0,1,2,0,Low
2021,5,Saturday,11,Sindh,Dadu,National Highway,Good,Clear,Daylight,Car/Taxi,2,Driver Fatigue,0,1,0,0,3,0,Medium
2019,4,Monday,13,Islamabad,Islamabad,Urban Road,Good,Dusty/Smoggy,Daylight,Motorcycle,2,Over Speeding,1,0,0,0,4,1,High
2021,2,Thursday,21,Sindh,Jacobabad,Rural Road,Good,Foggy,No Light,Motorcycle,2,Signal Violation,0,0,0,1,4,2,High
2023,12,Wednesday,5,Punjab,Bahawalpur,Urban Road,Average,Clear,Dawn/Dusk,Rickshaw,2,Over Speeding,0,0,1,1,1,2,Medium
2023,8,Monday,20,Sindh,Karachi,Urban Road,Average,Foggy,No Light,Motorcycle,3,Over Speeding,1,0,0,0,2,0,High
2019,1,Friday,20,Sindh,Dadu,Provincial Highway,Poor,Clear,Street Light,Car/Taxi,2,Over Speeding,1,0,0,1,1,0,Medium
2022,1,Saturday,14,Punjab,Bahawalpur,Rural Road,Good,Clear,Street Light,Bus/Coach,2,Over Speeding,0,1,0,1,2,0,Medium
2020,12,Friday,22,Sindh,Karachi,National Highway,Good,Clear,Street Light,Motorcycle,2,Road Condition,0,0,1,1,9,2,High
2019,11,Wednesday,16,Punjab,Bahawalpur,National Highway,Good,Clear,No Light,Van/Pickup,3,Over Speeding,0,0,0,1,2,1,Medium
2019,1,Friday,12,Sindh,Mirpur Khas,Provincial Highway,Poor,Clear,Daylight,Motorcycle,2,Over Speeding,1,0,0,1,2,0,Medium
2018,6,Friday,11,Sindh,Sukkur,National Highway,Average,Clear,Daylight,Motorcycle,1,Wrong Overtaking,0,0,0,0,7,0,High
2022,3,Tuesday,13,Punjab,Bahawalpur,National Highway,Good,Clear,Dawn/Dusk,Motorcycle,2,Road Condition,1,0,0,0,7,2,High
2019,3,Saturday,20,Punjab,Rawalpindi,National Highway,Good,Clear,No Light,Motorcycle,1,Drunk Driving,1,1,0,0,5,1,High
2022,2,Saturday,13,KPK,Charsadda,National Highway,Poor,Foggy,Street Light,Car/Taxi,2,Wrong Overtaking,1,1,0,1,11,0,High
2023,7,Thursday,6,Sindh,Mirpur Khas,Rural Road,Good,Clear,Dawn/Dusk,Rickshaw,1,Driver Fatigue,0,0,0,0,0,0,Low
2023,5,Saturday,2,Punjab,Bahawalpur,Rural Road,Poor,Rainy,Street Light,Rickshaw,1,Weather Condition,0,1,1,0,1,1,Low
2023,12,Wednesday,9,Gilgit-Baltistan,Hunza,National Highway,Poor,Foggy,Daylight,Car/Taxi,2,Driver Fatigue,1,0,0,1,6,1,High
2018,5,Wednesday,0,Punjab,Rahim Yar Khan,National Highway,Average,Foggy,No Light,Motorcycle,2,Wrong Overtaking,0,0,1,0,5,3,High
2023,2,Wednesday,12,KPK,Mansehra,Provincial Highway,Poor,Rainy,Street Light,Motorcycle,3,Pedestrian Error,1,0,0,1,4,0,High
2021,6,Wednesday,20,AJK,Mirpur,Rural Road,Good,Clear,No Light,Motorcycle,3,Road Condition,1,0,0,0,2,0,Low
2022,1,Monday,5,Punjab,Multan,National Highway,Good,Rainy,Dawn/Dusk,Motorcycle,1,Mechanical Failure,0,0,1,1,8,2,High
2021,2,Wednesday,7,Punjab,Gujranwala,Provincial Highway,Good,Rainy,Dawn/Dusk,Motorcycle,2,Road Condition,1,0,0,1,5,0,Medium
2019,6,Wednesday,20,Punjab,Sargodha,Motorway,Poor,Extreme Heat,No Light,Motorcycle,1,Driver Fatigue,1,0,0,0,8,3,High
2022,9,Friday,5,Punjab,Lahore,Rural Road,Average,Foggy,Street Light,Car/Taxi,2,Signal Violation,0,0,1,0,2,0,Low
2022,1,Thursday,20,Punjab,Bahawalpur,National Highway,Under Repair,Clear,Street Light,Rickshaw,4,Over Speeding,1,0,0,1,3,1,Medium
2021,11,Sunday,10,KPK,Abbottabad,Provincial Highway,Good,Clear,Daylight,Car/Taxi,2,Over Speeding,0,1,0,1,1,0,Low
2021,11,Sunday,5,Punjab,Sargodha,Urban Road,Average,Rainy,No Light,Other,3,Signal Violation,0,1,1,1,1,1,Medium
2022,8,Monday,13,Sindh,Dadu,Urban Road,Poor,Foggy,Daylight,Car/Taxi,1,Signal Violation,1,0,0,0,5,1,Medium
2023,10,Sunday,20,Gilgit-Baltistan,Gilgit,Urban Road,Poor,Clear,Street Light,Motorcycle,4,Drunk Driving,1,1,0,0,7,1,High
2018,4,Tuesday,13,KPK,Mardan,National Highway,Under Repair,Clear,Daylight,Motorcycle,1,Signal Violation,1,0,0,0,5,1,High
2020,5,Tuesday,9,Sindh,Kashmore,Motorway,Average,Rainy,Daylight,Motorcycle,1,Over Speeding,1,0,0,0,3,3,High
2022,8,Thursday,10,Punjab,Rahim Yar Khan,National Highway,Good,Clear,Street Light,Car/Taxi,2,Signal Violation,0,0,0,0,2,0,Low
2023,1,Friday,19,Sindh,Jacobabad,National Highway,Good,Clear,Daylight,Motorcycle,2,Signal Violation,1,0,0,1,5,1,Medium
2019,8,Saturday,8,Sindh,Karachi,National Highway,Average,Clear,Street Light,Van/Pickup,3,Signal Violation,1,1,0,0,5,0,Medium
2021,6,Sunday,11,Sindh,Mirpur Khas,Provincial Highway,Average,Clear,Daylight,Bus/Coach,2,Road Condition,0,1,0,0,0,0,Low
2022,1,Wednesday,17,Punjab,Sargodha,Provincial Highway,Average,Foggy,Daylight,Van/Pickup,2,Wrong Overtaking,1,0,0,1,1,0,Low
2023,5,Saturday,7,Balochistan,Hub,Provincial Highway,Poor,Foggy,Daylight,Car/Taxi,2,Road Condition,1,1,0,0,2,0,Low
2023,7,Thursday,18,Sindh,Mirpur Khas,Rural Road,Average,Rainy,Daylight,Car/Taxi,1,Over Speeding,1,0,0,0,1,0,Low
2023,10,Friday,16,Punjab,Sialkot,National Highway,Good,Clear,Dawn/Dusk,Motorcycle,4,Over Speeding,0,0,0,0,6,1,High
2023,10,Monday,15,Punjab,Rahim Yar Khan,Provincial Highway,Poor,Clear,Daylight,Motorcycle,1,Over Speeding,0,0,0,0,5,2,High
2018,2,Friday,9,Punjab,Rahim Yar Khan,Motorway,Under Repair,Foggy,Dawn/Dusk,Van/Pickup,2,Signal Violation,1,0,0,1,1,2,Medium
2023,2,Wednesday,6,KPK,Mansehra,National Highway,Average,Extreme Heat,Daylight,Motorcycle,1,Signal Violation,0,0,0,1,2,2,Medium
2018,9,Friday,10,KPK,Dera Ismail Khan,Rural Road,Under Repair,Rainy,Daylight,Motorcycle,4,Road Condition,0,0,0,0,1,0,Low
2021,9,Friday,18,KPK,Mardan,Provincial Highway,Poor,Clear,Daylight,Rickshaw,3,Over Speeding,1,0,0,0,2,0,Medium
2023,1,Monday,7,Punjab,Rahim Yar Khan,Rural Road,Poor,Clear,Daylight,Car/Taxi,1,Over Speeding,1,0,0,1,1,0,Low
2022,4,Saturday,19,Punjab,Rahim Yar Khan,Urban Road,Poor,Dusty/Smoggy,Daylight,Bus/Coach,1,Signal Violation,1,1,0,0,2,0,Low
2022,5,Sunday,20,Sindh,Dadu,Rural Road,Under Repair,Rainy,No Light,Motorcycle,1,Mobile Phone Use,1,1,0,0,3,0,Medium
2022,3,Thursday,23,Punjab,Rawalpindi,Urban Road,Good,Clear,No Light,Motorcycle,1,Over Speeding,0,0,1,0,9,0,High
2023,4,Sunday,11,Punjab,Lahore,Rural Road,Good,Clear,Dawn/Dusk,Car/Taxi,2,Signal Violation,0,1,0,0,1,0,Low
2019,11,Wednesday,9,KPK,Peshawar,Rural Road,Average,Foggy,Street Light,Rickshaw,2,Signal Violation,1,0,0,1,2,1,Low
2020,1,Saturday,9,Punjab,Sheikhupura,National Highway,Average,Clear,Daylight,Motorcycle,3,Road Condition,1,1,0,1,5,3,High
2023,4,Saturday,8,Sindh,Nawabshah,Rural Road,Average,Dusty/Smoggy,Dawn/Dusk,Van/Pickup,1,Mechanical Failure,1,1,0,0,2,0,Low
2022,2,Wednesday,12,Punjab,Sargodha,Rural Road,Under Repair,Clear,Daylight,Motorcycle,1,Driver Fatigue,1,0,0,1,5,2,Medium
2018,9,Saturday,21,Punjab,Faisalabad,Urban Road,Poor,Extreme Heat,No Light,Van/Pickup,2,Signal Violation,0,1,0,0,1,0,Low
2020,6,Saturday,13,Punjab,Lahore,National Highway,Good,Rainy,No Light,Motorcycle,2,Drunk Driving,1,1,0,0,10,1,High
2022,6,Monday,9,AJK,Mirpur,National Highway,Good,Rainy,Street Light,Motorcycle,2,Over Speeding,1,0,0,0,6,1,High
2022,11,Monday,6,KPK,Abbottabad,Urban Road,Good,Clear,Dawn/Dusk,Motorcycle,3,Wrong Overtaking,0,0,0,1,2,2,Medium
2021,7,Sunday,15,Islamabad,Islamabad,Urban Road,Good,Foggy,Daylight,Motorcycle,2,Mobile Phone Use,0,1,0,0,2,1,Medium
2023,11,Friday,9,Sindh,Sukkur,Motorway,Average,Clear,Daylight,Car/Taxi,2,Over Speeding,1,0,0,1,4,1,Medium
2022,12,Monday,19,Punjab,Bahawalpur,Provincial Highway,Poor,Foggy,Daylight,Car/Taxi,1,Road Condition,1,0,0,1,2,0,Low
2018,12,Tuesday,19,Sindh,Larkana,Urban Road,Good,Clear,Street Light,Motorcycle,1,Over Speeding,1,0,0,1,5,0,Medium
2023,9,Thursday,20,Sindh,Karachi,Rural Road,Good,Clear,No Light,Car/Taxi,3,Road Condition,1,0,0,0,2,0,Low
2023,1,Friday,20,Balochistan,Turbat,Rural Road,Average,Clear,Street Light,Motorcycle,1,Wrong Overtaking,1,0,0,1,0,0,Low
2022,4,Saturday,14,Punjab,Sheikhupura,Provincial Highway,Poor,Foggy,Daylight,Car/Taxi,2,Signal Violation,0,1,0,0,5,0,Medium
2020,2,Wednesday,16,Sindh,Hyderabad,National Highway,Average,Clear,Daylight,Van/Pickup,1,Wrong Overtaking,0,0,0,1,2,0,Low
2021,12,Friday,17,Punjab,Sheikhupura,National Highway,Good,Rainy,Daylight,Motorcycle,1,Mobile Phone Use,1,0,0,1,10,2,High
2022,7,Wednesday,15,Punjab,Gujranwala,Urban Road,Poor,Clear,Street Light,Car/Taxi,1,Over Speeding,0,0,0,0,1,0,Medium
2019,8,Saturday,8,KPK,Swat,Provincial Highway,Poor,Clear,Daylight,Bus/Coach,2,Road Condition,1,1,0,0,5,0,Medium
2021,7,Wednesday,20,Sindh,Larkana,Provincial Highway,Poor,Clear,No Light,Truck/Lorry,3,Mechanical Failure,1,0,0,0,2,0,Low
2022,8,Saturday,21,Punjab,Rawalpindi,Motorway,Poor,Clear,No Light,Car/Taxi,1,Over Speeding,0,1,0,0,9,3,High
2019,9,Sunday,21,Punjab,Faisalabad,National Highway,Poor,Foggy,No Light,Van/Pickup,1,Drunk Driving,0,1,0,0,4,0,Medium
2022,10,Tuesday,14,Sindh,Thatta,National Highway,Good,Clear,Daylight,Rickshaw,2,Signal Violation,0,0,0,0,4,0,Medium
2022,12,Wednesday,22,KPK,Mansehra,Motorway,Good,Clear,No Light,Motorcycle,3,Wrong Overtaking,0,0,1,1,8,1,High
2022,11,Thursday,23,Balochistan,Sibi,Provincial Highway,Poor,Clear,No Light,Rickshaw,4,Wrong Overtaking,0,0,1,1,1,2,Medium
2022,4,Monday,6,Islamabad,Islamabad,Rural Road,Under Repair,Clear,Daylight,Truck/Lorry,2,Wrong Overtaking,0,0,0,0,2,0,Low
2022,2,Friday,11,KPK,Mardan,Rural Road,Average,Rainy,No Light,Rickshaw,4,Over Speeding,0,0,0,1,1,0,Medium
2018,2,Friday,19,Punjab,Lahore,Urban Road,Good,Clear,No Light,Rickshaw,4,Driver Fatigue,1,0,0,1,2,0,Low
2018,1,Saturday,19,KPK,Charsadda,Urban Road,Under Repair,Clear,Dawn/Dusk,Car/Taxi,3,Signal Violation,1,1,0,1,1,0,Low
2020,11,Saturday,22,Sindh,Thatta,National Highway,Average,Clear,No Light,Van/Pickup,1,Road Condition,0,1,1,1,1,0,Medium
2020,7,Thursday,21,Punjab,Gujranwala,National Highway,Good,Foggy,No Light,Motorcycle,1,Road Condition,0,0,0,0,8,3,High
2023,1,Thursday,13,Balochistan,Turbat,Provincial Highway,Average,Clear,Daylight,Bus/Coach,1,Over Speeding,1,0,0,1,2,2,Medium
2018,5,Tuesday,7,Punjab,Rahim Yar Khan,Provincial Highway,Poor,Clear,Daylight,Car/Taxi,4,Over Speeding,1,0,0,0,3,0,Medium
2023,2,Tuesday,10,Balochistan,Hub,Provincial Highway,Average,Clear,Dawn/Dusk,Motorcycle,1,Pedestrian Error,0,0,0,1,1,1,Medium
2022,7,Tuesday,18,Sindh,Thatta,Provincial Highway,Under Repair,Rainy,Daylight,Car/Taxi,1,Signal Violation,1,0,0,0,3,0,Medium
2023,1,Monday,16,Sindh,Larkana,Rural Road,Poor,Foggy,Daylight,Car/Taxi,1,Wrong Overtaking,0,0,0,1,0,0,Low
2019,5,Saturday,17,Sindh,Hyderabad,Motorway,Good,Foggy,Daylight,Car/Taxi,3,Over Speeding,1,1,0,0,7,2,High
2023,3,Sunday,21,Balochistan,Khuzdar,Rural Road,Average,Rainy,No Light,Motorcycle,2,Wrong Overtaking,0,1,0,0,2,0,Medium
2021,6,Sunday,6,Sindh,Sukkur,Urban Road,Good,Dusty/Smoggy,Daylight,Motorcycle,1,Pedestrian Error,0,1,0,0,2,0,Medium
2023,7,Tuesday,10,Sindh,Dadu,Urban Road,Poor,Clear,Daylight,Van/Pickup,3,Over Speeding,0,0,0,0,1,0,Low
2018,4,Saturday,9,Punjab,Rawalpindi,Urban Road,Average,Foggy,Daylight,Car/Taxi,2,Mechanical Failure,1,1,0,0,0,0,Low
2021,12,Monday,21,Sindh,Karachi,Rural Road,Poor,Clear,No Light,Van/Pickup,1,Weather Condition,0,0,0,1,2,0,Low
2019,7,Sunday,12,Punjab,Sargodha,National Highway,Good,Clear,Daylight,Car/Taxi,2,Over Speeding,1,1,0,0,5,1,Medium
2022,8,Sunday,21,KPK,Peshawar,National Highway,Good,Foggy,Street Light,Van/Pickup,4,Over Speeding,0,1,0,0,10,1,High
2020,7,Sunday,8,Sindh,Nawabshah,National Highway,Good,Clear,Daylight,Car/Taxi,2,Over Speeding,1,1,0,0,2,1,Medium
2022,2,Wednesday,8,KPK,Dera Ismail Khan,Rural Road,Average,Clear,Daylight,Rickshaw,1,Mechanical Failure,1,0,0,1,1,0,Low
2019,1,Saturday,7,Punjab,Multan,Urban Road,Average,Clear,Dawn/Dusk,Motorcycle,2,Signal Violation,1,1,0,1,1,0,Medium
2023,11,Saturday,20,Punjab,Sargodha,Provincial Highway,Good,Clear,No Light,Truck/Lorry,3,Signal Violation,1,1,0,1,0,0,Low
2019,8,Wednesday,19,KPK,Nowshera,Rural Road,Poor,Clear,Dawn/Dusk,Car/Taxi,3,Over Speeding,1,0,0,0,1,0,Low
2023,6,Thursday,18,Punjab,Sargodha,National Highway,Poor,Clear,Daylight,Motorcycle,3,Signal Violation,1,0,0,0,9,2,High
2020,9,Thursday,6,Punjab,Sialkot,Rural Road,Good,Clear,Daylight,Car/Taxi,1,Road Condition,0,0,0,0,0,0,Low
2020,8,Saturday,22,Punjab,Sargodha,Provincial Highway,Good,Foggy,Street Light,Motorcycle,1,Over Speeding,0,1,1,0,9,2,High
2023,6,Saturday,12,Islamabad,Islamabad,Urban Road,Poor,Extreme Heat,Daylight,Rickshaw,2,Over Speeding,1,1,0,0,3,1,Medium
2018,3,Sunday,19,KPK,Charsadda,Motorway,Good,Clear,Dawn/Dusk,Motorcycle,2,Over Speeding,1,1,0,0,4,0,High
2019,9,Sunday,15,Punjab,Rawalpindi,National Highway,Poor,Clear,Daylight,Motorcycle,1,Mechanical Failure,0,1,0,0,5,0,Medium
2019,10,Sunday,8,Punjab,Gujranwala,Motorway,Good,Clear,Street Light,Motorcycle,2,Over Speeding,1,1,0,0,5,0,High
2020,2,Monday,20,Punjab,Rahim Yar Khan,Urban Road,Under Repair,Rainy,Street Light,Van/Pickup,1,Drunk Driving,1,0,0,1,1,1,Medium
2020,10,Saturday,12,KPK,Bannu,Provincial Highway,Poor,Clear,Daylight,Motorcycle,2,Over Speeding,1,1,0,0,5,1,Medium
2020,1,Friday,19,KPK,Charsadda,National Highway,Average,Extreme Heat,Dawn/Dusk,Motorcycle,2,Over Speeding,1,0,0,1,11,1,High
2020,6,Saturday,8,Punjab,Sialkot,National Highway,Poor,Foggy,Daylight,Other,2,Wrong Overtaking,1,1,0,0,6,3,High
2021,9,Saturday,13,Punjab,Sheikhupura,Urban Road,Good,Rainy,Daylight,Truck/Lorry,2,Drunk Driving,1,1,0,0,3,2,Medium
2021,1,Tuesday,8,Punjab,Rahim Yar Khan,Provincial Highway,Average,Clear,Daylight,Bus/Coach,4,Over Speeding,1,0,0,1,4,0,Medium
2019,5,Saturday,21,KPK,Kohat,Provincial Highway,Under Repair,Clear,Street Light,Motorcycle,2,Wrong Overtaking,0,1,0,0,4,0,Medium
2020,6,Sunday,20,KPK,Mardan,National Highway,Average,Foggy,No Light,Motorcycle,3,Road Condition,1,1,0,0,11,0,High
2021,12,Friday,5,Punjab,Sheikhupura,National Highway,Good,Dusty/Smoggy,Dawn/Dusk,Motorcycle,3,Road Condition,0,0,1,1,1,0,Medium
2019,12,Tuesday,12,Punjab,Gujranwala,Rural Road,Average,Dusty/Smoggy,Daylight,Car/Taxi,2,Over Speeding,1,0,0,1,0,0,Low
2019,4,Monday,18,Punjab,Bahawalpur,National Highway,Poor,Foggy,Daylight,Rickshaw,1,Over Speeding,1,0,0,0,2,1,Medium
2020,5,Friday,18,Islamabad,Islamabad,Urban Road,Average,Foggy,Daylight,Bicycle,1,Over Speeding,1,0,0,0,2,0,Medium
2021,9,Monday,8,Punjab,Bahawalpur,Provincial Highway,Average,Clear,Daylight,Car/Taxi,2,Over Speeding,1,0,0,0,2,1,Medium
2019,7,Thursday,7,KPK,Swat,Urban Road,Good,Clear,Daylight,Motorcycle,3,Mechanical Failure,1,0,0,0,0,0,Low
2023,5,Friday,5,Sindh,Larkana,Urban Road,Good,Foggy,Dawn/Dusk,Motorcycle,2,Road Condition,0,0,1,0,3,2,Medium
2019,12,Friday,9,Punjab,Lahore,National Highway,Good,Clear,Daylight,Motorcycle,1,Mechanical Failure,1,0,0,1,4,1,Medium
2022,11,Tuesday,18,Punjab,Gujranwala,National Highway,Under Repair,Clear,Daylight,Car/Taxi,4,Over Speeding,1,0,0,1,1,0,Medium
2021,2,Friday,21,Punjab,Sheikhupura,National Highway,Good,Clear,Street Light,Car/Taxi,2,Over Speeding,0,0,0,1,1,0,Medium
2023,9,Saturday,8,Sindh,Mirpur Khas,Motorway,Average,Clear,No Light,Motorcycle,1,Wrong Overtaking,1,1,0,0,6,2,High
2021,3,Monday,19,KPK,Kohat,National Highway,Good,Clear,No Light,Car/Taxi,2,Over Speeding,1,0,0,0,6,1,High
2020,2,Friday,7,Sindh,Nawabshah,Provincial Highway,Poor,Clear,Daylight,Motorcycle,2,Over Speeding,1,0,0,1,4,0,Medium
2021,6,Monday,14,Sindh,Nawabshah,Provincial Highway,Average,Foggy,Daylight,Motorcycle,1,Wrong Overtaking,0,0,0,0,5,1,High
2020,3,Monday,3,Punjab,Bahawalpur,Provincial Highway,Good,Clear,No Light,Motorcycle,2,Over Speeding,0,0,1,0,3,2,High
2022,11,Tuesday,5,Islamabad,Islamabad,Urban Road,Good,Clear,Dawn/Dusk,Motorcycle,3,Wrong Overtaking,0,0,1,1,1,0,Medium
2019,10,Sunday,11,KPK,Peshawar,Urban Road,Poor,Clear,Daylight,Motorcycle,2,Pedestrian Error,0,1,0,0,1,1,Low