year,month,day_of_week,hour_of_day,province,district,road_type,road_condition,weather_condition,lighting_condition,vehicle_type,vehicles_involved,accident_cause,is_rush_hour,is_weekend,is_night,is_foggy_month,num_injured,num_killed,severity
2023,1,Friday,13,Punjab,Gujranwala,Rural Road,Poor,Dusty/Smoggy,Daylight,Motorcycle,1,Wrong Overtaking,1,0,0,1,1,0,Medium
2023,10,Friday,14,AJK,Muzaffarabad,Provincial Highway,Poor,Rainy,Daylight,Rickshaw,1,Pedestrian Error,0,0,0,0,1,0,Low
2022,4,Wednesday,19,Sindh,Sukkur,Provincial Highway,Under Repair,Extreme Heat,Dawn/Dusk,Motorcycle,3,Wrong Overtaking,1,0,0,0,2,1,Medium
2021,2,Monday,12,Sindh,Jacobabad,Provincial Highway,Good,Clear,Street Light,Bus/Coach,1,Wrong Overtaking,1,0,0,1,3,0,Medium
2021,5,Wednesday,12,KPK,Nowshera,National Highway,Under Repair,Clear,Daylight,Bus/Coach,3,Pedestrian Error,1,0,0,0,2,0,Low
2021,3,Friday,14,KPK,Dera Ismail Khan,Motorway,Good,Clear,Dawn/Dusk,Bus/Coach,1,Mobile Phone Use,0,0,0,0,0,0,Low
2020,8,Thursday,9,Sindh,Sukkur,National Highway,Poor,Clear,Daylight,Car/Taxi,1,Signal Violation,1,0,0,0,4,2,Medium
2022,12,Sunday,7,Punjab,Sargodha,National Highway,Poor,Clear,Daylight,Car/Taxi,3,Signal Violation,1,1,0,1,3,0,Medium
2019,11,Monday,6,Punjab,Rawalpindi,Urban Road,Good,Foggy,Daylight,Motorcycle,1,Over Speeding,0,0,0,1,10,4,High
2023,8,Saturday,16,Islamabad,Islamabad,Rural Road,Poor,Clear,Daylight,Motorcycle,2,Pedestrian Error,0,1,0,0,2,0,Low
2020,9,Wednesday,17,Punjab,Sialkot,Urban Road,Average,Clear,No Light,Car/Taxi,2,Driver Fatigue,1,0,0,0,1,0,Low
2020,1,Tuesday,9,Punjab,Bahawalpur,Urban Road,Poor,Foggy,Daylight,Car/Taxi,2,Wrong Overtaking,1,0,0,1,2,1,Low
2022,9,Saturday,11,Sindh,Thatta,Provincial Highway,Average,Clear,Daylight,Car/Taxi,2,Over Speeding,0,1,0,0,2,0,Low
2023,1,Thursday,3,Sindh,Nawabshah,Rural Road,Good,Clear,Street Light,Motorcycle,3,Over Speeding,0,0,1,1,6,3,High
2022,1,Monday,12,Sindh,Hyderabad,Motorway,Good,Extreme Heat,Daylight,Motorcycle,2,Road Condition,1,0,0,1,5,2,High
2023,11,Sunday,19,Islamabad,Islamabad,Urban Road,Average,Clear,No Light,Motorcycle,4,Road Condition,1,1,0,1,5,1,Medium
2022,1,Sunday,15,Punjab,Lahore,National Highway,Good,Clear,Street Light,Rickshaw,2,Over Speeding,0,1,0,1,5,2,Medium
2023,7,Friday,5,Punjab,Rawalpindi,National Highway,Good,Clear,Dawn/Dusk,Rickshaw,2,Mobile Phone Use,0,0,1,0,1,0,Low
2021,11,Saturday,6,Punjab,Rawalpindi,Provincial Highway,Good,Clear,Daylight,Van/Pickup,1,Road Condition,0,1,0,1,1,0,Low
2020,3,Monday,18,Balochistan,Loralai,Provincial Highway,Average,Clear,Daylight,Motorcycle,2,Mobile Phone Use,1,0,0,0,1,1,Medium
2021,5,Saturday,14,Sindh,Larkana,Urban Road,Average,Clear,No Light,Motorcycle,1,Signal Violation,0,1,0,0,4,0,Medium
2021,12,Wednesday,12,Punjab,Faisalabad,Motorway,Poor,Extreme Heat,Daylight,Car/Taxi,2,Road Condition,1,0,0,1,2,0,Low
2021,11,Sunday,16,KPK,Mardan,Urban Road,Poor,Clear,Dawn/Dusk,Van/Pickup,1,Driver Fatigue,0,1,0,1,2,1,Medium
2018,12,Sunday,10,Balochistan,Loralai,Rural Road,Good,Clear,Daylight,Motorcycle,2,Road Condition,0,1,0,1,0,0,Low
2021,2,Saturday,1,Balochistan,Chaman,Rural Road,Poor,Clear,No Light,Truck/Lorry,4,Mobile Phone Use,0,1,1,1,2,0,Low
2019,10,Friday,17,Balochistan,Hub,National Highway,Average,Rainy,Daylight,Van/Pickup,3,Road Condition,1,0,0,0,3,0,Medium
2020,9,Tuesday,10,Punjab,Faisalabad,Provincial Highway,Average,Foggy,Street Light,Bus/Coach,3,Wrong Overtaking,0,0,0,0,10,3,High
2019,1,Friday,11,KPK,Abbottabad,Urban Road,Good,Clear,Daylight,Motorcycle,2,Over Speeding,0,0,0,1,10,0,High
2020,1,Tuesday,11,Sindh,Karachi,Urban Road,Average,Clear,Street Light,Truck/Lorry,2,Wrong Overtaking,0,0,0,1,4,0,Medium
2021,7,Tuesday,16,Balochistan,Dera Bugti,Provincial Highway,Average,Extreme Heat,Daylight,Bus/Coach,2,Wrong Overtaking,0,0,0,0,2,0,Low
2020,11,Friday,22,KPK,Swat,Rural Road,Good,Rainy,Street Light,Motorcycle,1,Over Speeding,0,0,1,1,2,1,High
2022,6,Friday,10,KPK,Nowshera,Motorway,Poor,Rainy,Daylight,Car/Taxi,1,Over Speeding,0,0,0,0,3,0,Medium
2020,5,Thursday,7,Sindh,Kashmore,Provincial Highway,Poor,Rainy,Daylight,Truck/Lorry,2,Over Speeding,1,0,0,0,7,4,High
2022,2,Tuesday,17,Punjab,Sheikhupura,Provincial Highway,Average,Foggy,Daylight,Motorcycle,3,Mechanical Failure,1,0,0,1,3,0,Medium
2023,11,Wednesday,23,Sindh,Sukkur,National Highway,Poor,Clear,No Light,Car/Taxi,4,Mechanical Failure,0,0,1,1,5,0,Medium
2020,3,Sunday,10,AJK,Mirpur,Urban Road,Good,Clear,Daylight,Car/Taxi,2,Pedestrian Error,0,1,0,0,0,0,Low
2018,8,Tuesday,5,Islamabad,Islamabad,Urban Road,Good,Foggy,No Light,Car/Taxi,3,Wrong Overtaking,0,0,1,0,1,0,Low
2020,2,Thursday,17,Punjab,Lahore,National Highway,Good,Extreme Heat,Daylight,Motorcycle,1,Wrong Overtaking,1,0,0,1,2,2,High
2020,1,Tuesday,19,Punjab,Gujranwala,National Highway,Average,Clear,Daylight,Car/Taxi,1,Signal Violation,1,0,0,1,1,0,Medium
2020,6,Monday,16,Punjab,Rahim Yar Khan,National Highway,Good,Clear,Daylight,Motorcycle,2,Over Speeding,0,0,0,0,9,1,High
2022,6,Thursday,9,KPK,Kohat,Rural Road,Poor,Clear,Street Light,Bus/Coach,1,Weather Condition,1,0,0,0,1,0,Low
2020,2,Sunday,13,KPK,Dera Ismail Khan,Urban Road,Good,Foggy,Daylight,Other,1,Over Speeding,1,1,0,1,2,0,Low
2023,4,Wednesday,18,Punjab,Sheikhupura,Urban Road,Average,Clear,Dawn/Dusk,Bus/Coach,3,Driver Fatigue,1,0,0,0,5,0,Medium
2023,8,Sunday,10,Sindh,Dadu,Rural Road,Poor,Extreme Heat,Daylight,Motorcycle,1,Wrong Overtaking,0,1,0,0,4,0,Medium
2022,2,Thursday,7,Balochistan,Quetta,Motorway,Average,Extreme Heat,Daylight,Motorcycle,1,Over Speeding,1,0,0,1,4,2,High
2021,12,Sunday,1,KPK,Abbottabad,National Highway,Poor,Rainy,No Light,Truck/Lorry,2,Over Speeding,0,1,1,1,9,1,High
2023,7,Sunday,6,Sindh,Larkana,Rural Road,Poor,Clear,Daylight,Motorcycle,3,Over Speeding,0,1,0,0,6,2,High
2022,7,Friday,18,Sindh,Karachi,Provincial Highway,Under Repair,Clear,Daylight,Motorcycle,4,Over Speeding,1,0,0,0,7,0,High
2018,4,Friday,16,Sindh,Dadu,National Highway,Average,Clear,Daylight,Bus/Coach,2,Mobile Phone Use,0,0,0,0,2,0,Low
2020,2,Tuesday,5,Punjab,Faisalabad,Provincial Highway,Average,Clear,Street Light,Motorcycle,1,Pedestrian Error,0,0,1,1,2,0,Medium
2021,2,Tuesday,11,Sindh,Mirpur Khas,Rural Road,Poor,Clear,Street Light,Motorcycle,3,Signal Violation,0,0,0,1,2,0,Medium
2018,2,Tuesday,18,KPK,Abbottabad,Urban Road,Good,Rainy,No Light,Bus/Coach,1,Road Condition,1,0,0,1,2,0,Medium
2019,1,Sunday,11,Balochistan,Gwadar,Rural Road,Good,Rainy,Street Light,Motorcycle,3,Wrong Overtaking,0,1,0,1,4,2,High
2019,12,Saturday,21,Sindh,Larkana,Urban Road,Average,Foggy,No Light,Car/Taxi,3,Pedestrian Error,0,1,0,1,2,0,Low
2018,4,Saturday,8,KPK,Mardan,National Highway,Good,Clear,Daylight,Car/Taxi,1,Wrong Overtaking,1,1,0,0,2,1,Low
2021,1,Monday,7,Punjab,Faisalabad,Urban Road,Good,Clear,Street Light,Car/Taxi,2,Pedestrian Error,1,0,0,1,1,0,Low
2022,8,Friday,10,Sindh,Thatta,Motorway,Average,Foggy,Daylight,Rickshaw,3,Road Condition,0,0,0,0,1,1,Medium
2023,3,Thursday,16,Punjab,Faisalabad,Rural Road,Poor,Clear,Street Light,Motorcycle,2,Over Speeding,0,0,0,0,5,0,Medium
2019,8,Sunday,18,Punjab,Rahim Yar Khan,National Highway,Good,Clear,Daylight,Motorcycle,1,Signal Violation,1,1,0,0,4,1,Medium
2022,6,Wednesday,9,KPK,Nowshera,Provincial Highway,Poor,Clear,Street Light,Motorcycle,2,Wrong Overtaking,1,0,0,0,3,1,Medium
2019,8,Sunday,6,Gilgit-Baltistan,Gilgit,National Highway,Poor,Clear,Dawn/Dusk,Van/Pickup,2,Wrong Overtaking,0,1,0,0,2,0,Low
2020,11,Wednesday,18,Punjab,Lahore,Provincial Highway,Average,Clear,Street Light,Car/Taxi,1,Over Speeding,1,0,0,1,2,0,Medium
2022,7,Friday,20,Punjab,Rahim Yar Khan,Provincial Highway,Average,Clear,Street Light,Motorcycle,1,Over Speeding,1,0,0,0,3,1,Medium
2022,2,Saturday,19,KPK,Abbottabad,Urban Road,Average,Dusty/Smoggy,Dawn/Dusk,Truck/Lorry,2,Mechanical Failure,1,1,0,1,1,0,Low
2022,9,Thursday,14,Punjab,Rawalpindi,Rural Road,Good,Rainy,Dawn/Dusk,Car/Taxi,2,Pedestrian Error,0,0,0,0,2,1,Low
2019,12,Saturday,20,Sindh,Dadu,Urban Road,Average,Extreme Heat,No Light,Car/Taxi,1,Mechanical Failure,1,1,0,1,2,0,Low
2022,5,Sunday,17,KPK,Mardan,Provincial Highway,Good,Rainy,Daylight,Car/Taxi,2,Signal Violation,1,1,0,0,1,1,Medium
2019,1,Monday,17,Sindh,Larkana,Provincial Highway,Good,Dusty/Smoggy,Daylight,Truck/Lorry,3,Over Speeding,1,0,0,1,1,0,Medium
2021,11,Saturday,7,Punjab,Rawalpindi,National Highway,Good,Foggy,Dawn/Dusk,Rickshaw,1,Over Speeding,1,1,0,1,5,4,High
2023,9,Monday,18,Punjab,Sargodha,Provincial Highway,Average,Clear,Daylight,Truck/Lorry,1,Wrong Overtaking,1,0,0,0,2,0,Low
2022,2,Wednesday,20,KPK,Mansehra,Rural Road,Average,Dusty/Smoggy,No Light,Motorcycle,1,Over Speeding,1,0,0,1,5,0,Medium
2021,9,Monday,8,Sindh,Dadu,National Highway,Good,Foggy,Daylight,Car/Taxi,1,Wrong Overtaking,1,0,0,0,9,2,High
2021,8,Monday,11,Punjab,Bahawalpur,Urban Road,Under Repair,Clear,Daylight,Motorcycle,2,Over Speeding,0,0,0,0,9,3,High
2019,6,Tuesday,20,KPK,Mardan,Provincial Highway,Average,Rainy,Street Light,Motorcycle,2,Over Speeding,1,0,0,0,3,1,High
2023,6,Thursday,23,Punjab,Rawalpindi,Rural Road,Good,Clear,Street Light,Motorcycle,2,Signal Violation,0,0,1,0,2,0,Medium
2023,7,Sunday,23,KPK,Peshawar,Provincial Highway,Good,Foggy,Street Light,Van/Pickup,3,Over Speeding,0,1,1,0,5,0,Medium
2023,12,Sunday,12,Punjab,Bahawalpur,Rural Road,Good,Clear,Daylight,Truck/Lorry,2,Drunk Driving,1,1,0,1,1,0,Low
2023,5,Sunday,22,Islamabad,Islamabad,Urban Road,Good,Foggy,Street Light,Motorcycle,2,Over Speeding,0,1,1,0,5,2,High
2022,11,Friday,17,Punjab,Faisalabad,Provincial Highway,Average,Clear,Daylight,Motorcycle,3,Driver Fatigue,1,0,0,1,8,0,High
2020,12,Saturday,23,Punjab,Multan,National Highway,Poor,Extreme Heat,No Light,Motorcycle,2,Wrong Overtaking,0,1,1,1,4,0,High
2019,2,Saturday,9,Punjab,Faisalabad,Motorway,Good,Clear,Daylight,Motorcycle,1,Wrong Overtaking,1,1,0,1,3,1,Medium
2020,2,Saturday,11,Punjab,Faisalabad,National Highway,Poor,Clear,Daylight,Motorcycle,2,Over Speeding,0,1,0,1,2,1,High
2020,4,Tuesday,19,Balochistan,Khuzdar,Rural Road,Good,Clear,Street Light,Bus/Coach,1,Mechanical Failure,1,0,0,0,2,0,Low
2023,12,Tuesday,6,Gilgit-Baltistan,Skardu,Urban Road,Average,Extreme Heat,Dawn/Dusk,Truck/Lorry,2,Over Speeding,0,0,0,1,2,0,Low
2020,2,Tuesday,14,Punjab,Rahim Yar Khan,Provincial Highway,Average,Clear,Daylight,Motorcycle,2,Over Speeding,0,0,0,1,4,2,High
2020,11,Wednesday,12,Sindh,Mirpur Khas,Urban Road,Poor,Clear,Daylight,Motorcycle,2,Over Speeding,1,0,0,1,3,0,Medium
2019,5,Sunday,17,KPK,Charsadda,National Highway,Average,Clear,Daylight,Motorcycle,1,Mechanical Failure,1,1,0,0,3,1,High
2022,4,Monday,13,Balochistan,Dera Bugti,National Highway,Good,Rainy,Daylight,Motorcycle,2,Driver Fatigue,1,0,0,0,11,2,High
2022,8,Thursday,19,Sindh,Hyderabad,Urban Road,Good,Clear,Dawn/Dusk,Motorcycle,1,Mobile Phone Use,1,0,0,0,3,0,Medium
2018,11,Monday,9,Punjab,Gujranwala,National Highway,Under Repair,Clear,Daylight,Motorcycle,3,Signal Violation,1,0,0,1,1,1,Medium
2021,2,Saturday,9,Punjab,Multan,Rural Road,Under Repair,Clear,Daylight,Van/Pickup,3,Mechanical Failure,1,1,0,1,0,0,Low
2022,12,Monday,18,KPK,Abbottabad,Urban Road,Good,Foggy,Daylight,Motorcycle,4,Over Speeding,1,0,0,1,7,2,High
2019,5,Monday,15,Punjab,Rahim Yar Khan,National Highway,Poor,Foggy,Daylight,Motorcycle,2,Drunk Driving,0,0,0,0,2,0,High
2021,7,Thursday,16,Sindh,Nawabshah,Urban Road,Poor,Clear,Daylight,Rickshaw,1,Over Speeding,0,0,0,0,4,0,Medium
2019,11,Wednesday,19,Punjab,Sheikhupura,Provincial Highway,Good,Foggy,Dawn/Dusk,Truck/Lorry,2,Over Speeding,1,0,0,1,7,2,High
2019,1,Friday,21,KPK,Charsadda,National Highway,Under Repair,Rainy,No Light,Bus/Coach,2,Over Speeding,0,0,0,1,2,0,High
2019,8,Thursday,7,Punjab,Faisalabad,Provincial Highway,Good,Foggy,Street Light,Truck/Lorry,2,Wrong Overtaking,1,0,0,0,4,0,Medium
2022,8,Sunday,12,Sindh,Karachi,Urban Road,Average,Clear,Daylight,Car/Taxi,1,Over Speeding,1,1,0,0,0,0,Low
2018,2,Wednesday,18,Sindh,Thatta,Rural Road,Good,Clear,Street Light,Car/Taxi,2,Pedestrian Error,1,0,0,1,2,0,Low
2021,6,Tuesday,18,Sindh,Mirpur Khas,Provincial Highway,Good,Clear,Dawn/Dusk,Bus/Coach,2,Driver Fatigue,1,0,0,0,2,0,High
2023,6,Tuesday,20,Punjab,Faisalabad,Urban Road,Poor,Clear,No Light,Van/Pickup,3,Mechanical Failure,1,0,0,0,2,0,Low
2022,5,Wednesday,1,Sindh,Kashmore,Provincial Highway,Average,Foggy,No Light,Motorcycle,2,Mobile Phone Use,0,0,1,0,4,0,Medium
2021,11,Monday,20,Sindh,Karachi,National Highway,Under Repair,Clear,Street Light,Motorcycle,2,Signal Violation,1,0,0,1,7,2,High
2018,3,Tuesday,10,Sindh,Thatta,Motorway,Good,Clear,Daylight,Motorcycle,2,Signal Violation,0,0,0,0,5,0,Medium
2020,5,Thursday,0,Sindh,Thatta,National Highway,Poor,Clear,No Light,Car/Taxi,1,Over Speeding,0,0,1,0,4,2,High
2022,6,Saturday,13,KPK,Mansehra,Provincial Highway,Poor,Clear,Daylight,Motorcycle,4,Wrong Overtaking,1,1,0,0,5,3,High
2019,5,Thursday,19,KPK,Kohat,Urban Road,Poor,Clear,Dawn/Dusk,Car/Taxi,3,Driver Fatigue,1,0,0,0,2,0,Medium
2019,6,Monday,14,Punjab,Gujranwala,Urban Road,Poor,Foggy,Daylight,Motorcycle,2,Over Speeding,0,0,0,0,4,1,Medium
2021,9,Monday,12,KPK,Mansehra,Rural Road,Poor,Foggy,No Light,Motorcycle,3,Wrong Overtaking,1,0,0,0,1,0,Medium
2019,11,Thursday,18,Sindh,Mirpur Khas,Provincial Highway,Good,Clear,Daylight,Bus/Coach,2,Road Condition,1,0,0,1,2,0,Low
2020,12,Wednesday,23,Punjab,Faisalabad,Urban Road,Good,Foggy,No Light,Motorcycle,2,Wrong Overtaking,0,0,1,1,2,1,High
2020,7,Tuesday,9,Punjab,Sargodha,Urban Road,Average,Clear,Daylight,Truck/Lorry,1,Drunk Driving,1,0,0,0,5,1,Medium
2022,12,Thursday,16,Punjab,Multan,Motorway,Poor,Clear,Daylight,Bicycle,2,Signal Violation,0,0,0,1,7,1,High
2022,5,Sunday,1,KPK,Nowshera,Urban Road,Good,Rainy,Street Light,Rickshaw,1,Wrong Overtaking,0,1,1,0,4,0,Medium
2023,7,Monday,17,KPK,Peshawar,Rural Road,Under Repair,Foggy,Daylight,Bus/Coach,3,Pedestrian Error,1,0,0,0,4,0,Medium
2019,2,Wednesday,10,KPK,Mansehra,National Highway,Average,Foggy,Daylight,Car/Taxi,1,Signal Violation,0,0,0,1,1,0,Medium
2023,1,Wednesday,7,Sindh,Hyderabad,Provincial Highway,Poor,Clear,Daylight,Motorcycle,2,Wrong Overtaking,1,0,0,1,5,1,Medium
2020,7,Saturday,23,Sindh,Sukkur,Provincial Highway,Average,Foggy,No Light,Car/Taxi,4,Wrong Overtaking,0,1,1,0,5,0,Medium
2021,4,Monday,16,Punjab,Rawalpindi,Rural Road,Average,Clear,Daylight,Motorcycle,1,Over Speeding,0,0,0,0,4,0,Medium
2023,7,Monday,23,Punjab,Rahim Yar Khan,Provincial Highway,Good,Clear,Street Light,Motorcycle,2,Over Speeding,0,0,1,0,10,2,High
2020,9,Sunday,19,Sindh,Karachi,Urban Road,Average,Clear,Dawn/Dusk,Rickshaw,2,Wrong Overtaking,1,1,0,0,0,0,Low
2022,10,Wednesday,20,Punjab,Gujranwala,National Highway,Good,Foggy,No Light,Motorcycle,2,Over Speeding,1,0,0,0,5,2,High
2019,7,Friday,13,Punjab,Bahawalpur,National Highway,Average,Clear,Dawn/Dusk,Bicycle,3,Road Condition,1,0,0,0,3,1,Medium
2020,5,Thursday,15,Sindh,Thatta,Provincial Highway,Good,Clear,Daylight,Rickshaw,1,Road Condition,0,0,0,0,0,0,Low
2022,3,Thursday,13,KPK,Dera Ismail Khan,National Highway,Under Repair,Clear,Daylight,Van/Pickup,3,Over Speeding,1,0,0,0,7,1,High
2023,12,Tuesday,13,Gilgit-Baltistan,Hunza,National Highway,Average,Rainy,Daylight,Car/Taxi,2,Drunk Driving,1,0,0,1,5,0,Medium
2021,5,Monday,8,Islamabad,Islamabad,Urban Road,Poor,Foggy,Daylight,Car/Taxi,3,Wrong Overtaking,1,0,0,0,2,1,Low
2020,10,Tuesday,21,Sindh,Jacobabad,National Highway,Average,Clear,Street Light,Bus/Coach,2,Mechanical Failure,0,0,0,0,5,0,Medium
2020,12,Friday,18,Sindh,Jacobabad,National Highway,Poor,Clear,Street Light,Car/Taxi,3,Over Speeding,1,0,0,1,8,0,High
2019,12,Wednesday,6,Sindh,Thatta,National Highway,Poor,Clear,Dawn/Dusk,Motorcycle,3,Driver Fatigue,0,0,0,1,4,2,High
2022,6,Friday,20,KPK,Charsadda,Urban Road,Average,Dusty/Smoggy,No Light,Car/Taxi,2,Over Speeding,1,0,0,0,2,0,Medium
2020,10,Friday,13,Punjab,Gujranwala,Urban Road,Good,Clear,Daylight,Rickshaw,1,Wrong Overtaking,1,0,0,0,2,0,Low
2018,7,Saturday,8,Punjab,Sargodha,Rural Road,Average,Clear,Dawn/Dusk,Motorcycle,3,Road Condition,1,1,0,0,2,0,Low
2020,8,Friday,23,KPK,Mardan,National Highway,Good,Clear,Street Light,Motorcycle,2,Over Speeding,0,0,1,0,3,1,High
2019,11,Thursday,16,Punjab,Multan,Urban Road,Average,Clear,Daylight,Rickshaw,4,Over Speeding,0,0,0,1,2,0,Low
2022,5,Friday,13,Sindh,Nawabshah,Rural Road,Average,Clear,Daylight,Bus/Coach,2,Over Speeding,1,0,0,0,2,0,Medium
2022,12,Saturday,11,Sindh,Kashmore,Urban Road,Average,Foggy,Street Light,Motorcycle,2,Road Condition,0,1,0,1,5,0,Medium
2019,2,Wednesday,10,Punjab,Rawalpindi,Provincial Highway,Good,Clear,Daylight,Motorcycle,1,Over Speeding,0,0,0,1,8,1,High
2023,1,Thursday,14,Punjab,Faisalabad,Urban Road,Good,Clear,Dawn/Dusk,Van/Pickup,1,Wrong Overtaking,0,0,0,1,0,0,Low
2018,8,Friday,13,Punjab,Lahore,Urban Road,Average,Dusty/Smoggy,Dawn/Dusk,Car/Taxi,1,Road Condition,1,0,0,0,2,0,Low
2022,2,Saturday,11,Punjab,Multan,Rural Road,Good,Foggy,Daylight,Motorcycle,1,Over Speeding,0,1,0,1,5,3,High
2023,3,Thursday,5,Punjab,Faisalabad,Motorway,Average,Clear,Dawn/Dusk,Motorcycle,3,Over Speeding,0,0,1,0,4,1,High
2023,12,Thursday,20,KPK,Abbottabad,Provincial Highway,Poor,Clear,No Light,Car/Taxi,3,Mobile Phone Use,1,0,0,1,2,0,Low
2023,5,Saturday,18,Punjab,Rahim Yar Khan,National Highway,Good,Extreme Heat,Daylight,Motorcycle,2,Over Speeding,1,1,0,0,4,1,High
2022,6,Wednesday,7,Sindh,Nawabshah,Provincial Highway,Average,Clear,Daylight,Motorcycle,2,Over Speeding,1,0,0,0,2,3,High
2023,10,Friday,14,Punjab,Rahim Yar Khan,Provincial Highway,Poor,Foggy,Street Light,Van/Pickup,1,Mechanical Failure,0,0,0,0,2,0,Low
2018,3,Monday,8,Islamabad,Islamabad,Provincial Highway,Under Repair,Rainy,Daylight,Truck/Lorry,1,Signal Violation,1,0,0,0,4,1,Medium
2021,5,Thursday,20,Punjab,Rawalpindi,Urban Road,Under Repair,Foggy,Street Light,Truck/Lorry,1,Drunk Driving,1,0,0,0,5,0,Medium
2020,11,Friday,11,Sindh,Sukkur,National Highway,Good,Clear,Daylight,Bus/Coach,2,Wrong Overtaking,0,0,0,1,3,0,Medium
2021,1,Wednesday,21,Balochistan,Gwadar,Provincial Highway,Good,Foggy,No Light,Car/Taxi,2,Over Speeding,0,0,0,1,2,0,Medium
2019,7,Saturday,17,Balochistan,Khuzdar,Urban Road,Good,Clear,Daylight,Car/Taxi,1,Over Speeding,1,1,0,0,1,0,Low
2023,1,Friday,20,Punjab,Sialkot,Urban Road,Good,Clear,Street Light,Bus/Coach,2,Mobile Phone Use,1,0,0,1,1,0,Low
2022,8,Sunday,16,KPK,Bannu,Motorway,Good,Clear,Daylight,Motorcycle,2,Mechanical Failure,0,1,0,0,4,0,High
2019,8,Sunday,13,Sindh,Thatta,National Highway,Good,Rainy,Daylight,Car/Taxi,2,Wrong Overtaking,1,1,0,0,4,1,Medium
2020,9,Wednesday,9,Sindh,Hyderabad,Provincial Highway,Poor,Dusty/Smoggy,Daylight,Motorcycle,2,Over Speeding,1,0,0,0,6,1,High
2020,11,Wednesday,18,Punjab,Rawalpindi,Rural Road,Poor,Dusty/Smoggy,Daylight,Car/Taxi,1,Road Condition,1,0,0,1,0,0,Low
2021,10,Tuesday,15,Punjab,Bahawalpur,National Highway,Poor,Foggy,Daylight,Car/Taxi,1,Mechanical Failure,0,0,0,0,0,0,Low
2023,1,Friday,18,KPK,Abbottabad,Motorway,Under Repair,Clear,No Light,Motorcycle,2,Wrong Overtaking,1,0,0,1,9,2,High
2019,7,Friday,12,Sindh,Mirpur Khas,National Highway,Poor,Dusty/Smoggy,Daylight,Truck/Lorry,3,Pedestrian Error,1,0,0,0,0,0,Low
2023,11,Friday,8,Sindh,Dadu,Urban Road,Good,Foggy,Daylight,Car/Taxi,3,Road Condition,1,0,0,1,2,0,Low
2020,2,Monday,19,KPK,Mardan,National Highway,Good,Extreme Heat,Dawn/Dusk,Bus/Coach,2,Mechanical Failure,1,0,0,1,1,0,Medium
2019,7,Sunday,8,KPK,Bannu,Provincial Highway,Average,Rainy,Dawn/Dusk,Motorcycle,3,Road Condition,1,1,0,0,4,0,Medium
2023,5,Wednesday,22,Punjab,Rahim Yar Khan,National Highway,Good,Dusty/Smoggy,No Light,Rickshaw,3,Road Condition,0,0,1,0,4,1,Medium
2022,12,Sunday,18,Sindh,Mirpur Khas,Provincial Highway,Good,Rainy,Dawn/Dusk,Motorcycle,2,Wrong Overtaking,1,1,0,1,11,2,High
2020,12,Thursday,19,Punjab,Sheikhupura,Provincial Highway,Average,Clear,Dawn/Dusk,Motorcycle,2,Mechanical Failure,1,0,0,1,5,0,Medium
2018,9,Saturday,9,KPK,Swat,National Highway,Good,Rainy,No Light,Car/Taxi,1,Over Speeding,1,1,0,0,1,0,Medium
2022,8,Thursday,18,Sindh,Thatta,Rural Road,Average,Foggy,Daylight,Motorcycle,1,Wrong Overtaking,1,0,0,0,4,0,Medium
2021,3,Monday,16,Islamabad,Islamabad,National Highway,Good,Foggy,Street Light,Motorcycle,4,Wrong Overtaking,0,0,0,0,6,3,High
2022,9,Saturday,3,Punjab,Bahawalpur,Provincial Highway,Good,Clear,No Light,Car/Taxi,2,Road Condition,0,1,1,0,1,0,Low
2020,7,Saturday,17,Punjab,Rawalpindi,Motorway,Poor,Foggy,Dawn/Dusk,Rickshaw,3,Pedestrian Error,1,1,0,0,1,0,Medium
2019,10,Friday,16,Punjab,Gujranwala,Urban Road,Good,Clear,Daylight,Motorcycle,1,Signal Violation,0,0,0,0,2,1,Medium
2021,10,Friday,18,Punjab,Rahim Yar Khan,Urban Road,Poor,Foggy,Daylight,Rickshaw,3,Over Speeding,1,0,0,0,5,1,Medium
2023,12,Thursday,19,Punjab,Lahore,Urban Road,Good,Dusty/Smoggy,Dawn/Dusk,Motorcycle,1,Over Speeding,1,0,0,1,3,1,Medium
2020,7,Thursday,20,Balochistan,Zhob,Rural Road,Good,Clear,No Light,Car/Taxi,2,Over Speeding,1,0,0,0,1,0,Low
2023,11,Monday,18,Punjab,Sheikhupura,Rural Road,Good,Extreme Heat,Daylight,Bicycle,1,Mechanical Failure,1,0,0,1,3,0,Medium
2018,12,Thursday,21,Punjab,Lahore,Provincial Highway,Under Repair,Clear,Street Light,Motorcycle,4,Road Condition,0,0,0,1,1,0,Medium
2021,5,Wednesday,9,KPK,Mardan,Rural Road,Good,Clear,Daylight,Motorcycle,2,Driver Fatigue,1,0,0,0,4,0,Medium
2018,10,Saturday,13,Sindh,Jacobabad,National Highway,Average,Foggy,Daylight,Motorcycle,1,Pedestrian Error,1,1,0,0,8,1,High
2023,8,Tuesday,8,KPK,Mansehra,Provincial Highway,Average,Clear,Daylight,Car/Taxi,2,Driver Fatigue,1,0,0,0,3,1,Medium
2023,1,Saturday,21,Punjab,Rahim Yar Khan,Urban Road,Good,Extreme Heat,Street Light,Car/Taxi,1,Mechanical Failure,0,1,0,1,2,0,Low
2018,2,Saturday,21,Sindh,Sukkur,National Highway,Average,Rainy,No Light,Rickshaw,2,Mechanical Failure,0,1,0,1,4,1,Medium
2021,12,Monday,19,Punjab,Faisalabad,Provincial Highway,Good,Rainy,Dawn/Dusk,Car/Taxi,1,Over Speeding,1,0,0,1,9,2,High
2023,6,Saturday,23,Punjab,Sargodha,Provincial Highway,Good,Dusty/Smoggy,No Light,Car/Taxi,2,Mobile Phone Use,0,1,1,0,5,0,Medium