year,month,day_of_week,hour_of_day,province,district,road_type,road_condition,weather_condition,lighting_condition,vehicle_type,vehicles_involved,accident_cause,is_rush_hour,is_weekend,is_night,is_foggy_month,num_injured,num_killed,severity
2020,1,Friday,10,Balochistan,Dera Bugti,National Highway,Poor,Foggy,Daylight,Motorcycle,4,Mechanical Failure,0,0,0,1,4,1,High
2022,7,Monday,22,Punjab,Rahim Yar Khan,Urban Road,Poor,Foggy,No Light,Motorcycle,1,Road Condition,0,0,1,0,2,0,Medium
2019,4,Friday,11,Sindh,Mirpur Khas,Urban Road,Average,Foggy,Dawn/Dusk,Motorcycle,2,Over Speeding,0,0,0,0,3,0,Medium
2019,5,Monday,6,Punjab,Sialkot,Rural Road,Good,Extreme Heat,Daylight,Motorcycle,3,Signal Violation,0,0,0,0,5,0,Medium
2020,4,Tuesday,18,Punjab,Sheikhupura,National Highway,Good,Clear,Daylight,Motorcycle,4,Wrong Overtaking,1,0,0,0,3,0,Medium
2020,11,Friday,13,Balochistan,Loralai,Rural Road,Good,Clear,Daylight,Motorcycle,2,Wrong Overtaking,1,0,0,1,5,0,Medium
2022,6,Wednesday,21,Punjab,Multan,National Highway,Good,Clear,Street Light,Bus/Coach,1,Over Speeding,0,0,0,0,10,2,High
2020,6,Sunday,12,KPK,Bannu,Rural Road,Average,Rainy,Daylight,Motorcycle,3,Wrong Overtaking,1,1,0,0,3,0,Medium
2023,1,Monday,17,Islamabad,Islamabad,National Highway,Poor,Dusty/Smoggy,Daylight,Motorcycle,4,Pedestrian Error,1,0,0,1,5,0,Medium
2020,10,Friday,17,Sindh,Sukkur,Urban Road,Average,Clear,Daylight,Truck/Lorry,1,Wrong Overtaking,1,0,0,0,2,0,Low
2022,7,Wednesday,12,Islamabad,Islamabad,Urban Road,Good,Clear,Daylight,Motorcycle,2,Over Speeding,1,0,0,0,4,0,Medium
2020,4,Monday,16,Punjab,Multan,Provincial Highway,Average,Clear,Daylight,Motorcycle,2,Wrong Overtaking,0,0,0,0,1,0,Medium
2021,11,Tuesday,17,Punjab,Rahim Yar Khan,National Highway,Good,Rainy,Daylight,Bicycle,1,Signal Violation,1,0,0,1,10,3,High
2022,11,Monday,14,Punjab,Rawalpindi,National Highway,Average,Clear,Daylight,Motorcycle,1,Mechanical Failure,0,0,0,1,2,0,Medium
2021,8,Tuesday,14,KPK,Dera Ismail Khan,Urban Road,Average,Rainy,Daylight,Truck/Lorry,2,Driver Fatigue,0,0,0,0,5,1,High
2021,6,Saturday,18,AJK,Rawalakot,Urban Road,Good,Rainy,Street Light,Car/Taxi,4,Over Speeding,1,1,0,0,1,0,Medium
2023,12,Sunday,12,Punjab,Rawalpindi,Provincial Highway,Good,Rainy,Daylight,Motorcycle,2,Signal Violation,1,1,0,1,10,4,High
2022,1,Thursday,8,Sindh,Karachi,National Highway,Poor,Foggy,Street Light,Motorcycle,3,Road Condition,1,0,0,1,9,2,High
2022,6,Tuesday,20,Punjab,Gujranwala,National Highway,Good,Foggy,Street Light,Rickshaw,1,Over Speeding,1,0,0,0,3,0,Medium
2020,11,Friday,19,Sindh,Larkana,National Highway,Good,Clear,Dawn/Dusk,Rickshaw,3,Drunk Driving,1,0,0,1,1,0,Medium
2018,6,Tuesday,10,Sindh,Dadu,Rural Road,Average,Rainy,Daylight,Motorcycle,2,Road Condition,0,0,0,0,5,1,Medium
2023,11,Friday,10,AJK,Rawalakot,National Highway,Poor,Clear,Daylight,Bus/Coach,2,Over Speeding,0,0,0,1,2,0,High
2023,7,Thursday,18,Sindh,Larkana,Provincial Highway,Average,Foggy,Street Light,Car/Taxi,2,Mechanical Failure,1,0,0,0,1,0,Low
2020,6,Saturday,22,Punjab,Rawalpindi,Urban Road,Average,Dusty/Smoggy,Street Light,Car/Taxi,2,Weather Condition,0,1,1,0,0,0,Low
2023,12,Wednesday,20,Punjab,Sialkot,Rural Road,Good,Clear,Street Light,Truck/Lorry,3,Over Speeding,1,0,0,1,1,0,Medium
2021,7,Sunday,20,Punjab,Rahim Yar Khan,Provincial Highway,Poor,Clear,Street Light,Motorcycle,4,Over Speeding,1,1,0,0,8,1,High
2021,10,Saturday,15,Punjab,Gujranwala,Urban Road,Good,Clear,No Light,Rickshaw,4,Driver Fatigue,0,1,0,0,3,1,Medium
2021,5,Friday,21,Punjab,Multan,Provincial Highway,Poor,Clear,Street Light,Van/Pickup,2,Over Speeding,0,0,0,0,1,0,Medium
2020,2,Saturday,7,Balochistan,Quetta,Urban Road,Good,Clear,Daylight,Rickshaw,2,Pedestrian Error,1,1,0,1,0,0,Low
2019,6,Sunday,14,Sindh,Sukkur,Rural Road,Under Repair,Dusty/Smoggy,Daylight,Car/Taxi,3,Wrong Overtaking,0,1,0,0,2,0,Low
2023,2,Monday,22,Sindh,Larkana,Rural Road,Average,Rainy,Street Light,Truck/Lorry,2,Over Speeding,0,0,1,1,10,4,High
2019,1,Monday,11,Punjab,Rahim Yar Khan,Urban Road,Average,Clear,Dawn/Dusk,Car/Taxi,1,Over Speeding,0,0,0,1,1,0,Low
2020,3,Tuesday,16,Balochistan,Chaman,Rural Road,Good,Clear,Daylight,Car/Taxi,3,Mechanical Failure,0,0,0,0,0,0,Low
2023,2,Wednesday,16,KPK,Bannu,Rural Road,Good,Clear,Daylight,Bus/Coach,4,Road Condition,0,0,0,1,1,0,Low
2022,12,Wednesday,11,Punjab,Bahawalpur,Rural Road,Poor,Rainy,Daylight,Motorcycle,3,Signal Violation,0,0,0,1,4,1,Medium
2023,6,Monday,15,KPK,Bannu,Provincial Highway,Good,Clear,Street Light,Rickshaw,2,Wrong Overtaking,0,0,0,0,0,0,Low
2021,8,Thursday,17,Sindh,Kashmore,Rural Road,Average,Rainy,Daylight,Bus/Coach,2,Over Speeding,1,0,0,0,5,0,Medium
2023,9,Saturday,20,Punjab,Lahore,National Highway,Poor,Extreme Heat,No Light,Motorcycle,1,Over Speeding,1,1,0,0,7,2,High
2019,6,Tuesday,5,Sindh,Karachi,Provincial Highway,Good,Dusty/Smoggy,Street Light,Car/Taxi,4,Over Speeding,0,0,1,0,4,0,Medium
2019,3,Friday,13,Sindh,Sukkur,Rural Road,Good,Clear,Daylight,Motorcycle,2,Pedestrian Error,1,0,0,0,0,0,Low
2020,10,Sunday,14,Punjab,Multan,Provincial Highway,Poor,Clear,No Light,Car/Taxi,2,Over Speeding,0,1,0,0,3,2,Medium
2023,8,Monday,23,Islamabad,Islamabad,Rural Road,Good,Clear,No Light,Rickshaw,2,Over Speeding,0,0,1,0,1,1,Medium
2021,3,Saturday,10,Balochistan,Turbat,Urban Road,Good,Foggy,Daylight,Car/Taxi,2,Signal Violation,0,1,0,0,5,1,Medium
2019,6,Wednesday,14,KPK,Dera Ismail Khan,National Highway,Average,Rainy,Street Light,Van/Pickup,3,Over Speeding,0,0,0,0,4,0,Medium
2018,6,Tuesday,18,Sindh,Jacobabad,National Highway,Poor,Rainy,Daylight,Motorcycle,1,Pedestrian Error,1,0,0,0,9,0,High
2020,4,Saturday,17,Punjab,Sheikhupura,Urban Road,Average,Rainy,Street Light,Car/Taxi,2,Over Speeding,1,1,0,0,1,2,Medium
2020,9,Thursday,22,Sindh,Nawabshah,National Highway,Good,Clear,Street Light,Motorcycle,2,Wrong Overtaking,0,0,1,0,11,1,High
2022,12,Friday,21,Sindh,Larkana,Urban Road,Good,Clear,Street Light,Car/Taxi,2,Wrong Overtaking,0,0,0,1,2,0,Low
2018,4,Saturday,19,Punjab,Sialkot,Provincial Highway,Poor,Clear,Dawn/Dusk,Car/Taxi,2,Driver Fatigue,1,1,0,0,5,0,Medium
2023,11,Friday,11,Sindh,Karachi,Urban Road,Good,Clear,Daylight,Motorcycle,3,Over Speeding,0,0,0,1,11,0,High
2023,2,Monday,16,KPK,Mansehra,Urban Road,Poor,Clear,Dawn/Dusk,Motorcycle,2,Mechanical Failure,0,0,0,1,0,1,Low
2022,8,Wednesday,11,Sindh,Larkana,Urban Road,Average,Foggy,Street Light,Rickshaw,2,Road Condition,0,0,0,0,1,0,Low
2022,7,Tuesday,21,Punjab,Rawalpindi,Provincial Highway,Good,Foggy,No Light,Motorcycle,1,Signal Violation,0,0,0,0,4,3,High
2023,12,Saturday,8,KPK,Mansehra,Urban Road,Poor,Rainy,Daylight,Car/Taxi,3,Wrong Overtaking,1,1,0,1,1,0,Low
2022,7,Saturday,9,Punjab,Sheikhupura,Urban Road,Average,Foggy,Daylight,Car/Taxi,1,Signal Violation,1,1,0,0,3,0,Medium
2022,7,Wednesday,10,Punjab,Bahawalpur,National Highway,Good,Foggy,No Light,Motorcycle,2,Wrong Overtaking,0,0,0,0,4,1,High
2019,12,Monday,5,Punjab,Bahawalpur,Urban Road,Poor,Rainy,No Light,Motorcycle,1,Driver Fatigue,0,0,1,1,2,0,High
2022,4,Saturday,9,Punjab,Sheikhupura,National Highway,Good,Clear,Street Light,Bus/Coach,3,Wrong Overtaking,1,1,0,0,10,2,High
2020,6,Wednesday,7,KPK,Mansehra,Provincial Highway,Good,Clear,Dawn/Dusk,Bus/Coach,2,Wrong Overtaking,1,0,0,0,0,0,Low
2023,4,Friday,17,Sindh,Thatta,Rural Road,Under Repair,Rainy,Daylight,Van/Pickup,2,Over Speeding,1,0,0,0,3,1,Medium
2023,11,Sunday,1,Punjab,Sargodha,National Highway,Poor,Clear,No Light,Motorcycle,2,Pedestrian Error,0,1,1,1,8,2,High
2019,10,Sunday,21,Balochistan,Quetta,Provincial Highway,Poor,Foggy,No Light,Bus/Coach,3,Wrong Overtaking,0,1,0,0,4,1,Medium
2020,6,Thursday,17,Balochistan,Zhob,National Highway,Poor,Clear,Dawn/Dusk,Car/Taxi,3,Wrong Overtaking,1,0,0,0,1,0,Medium
2023,8,Saturday,11,Balochistan,Gwadar,Urban Road,Average,Foggy,Daylight,Car/Taxi,2,Driver Fatigue,0,1,0,0,1,0,Medium
2023,1,Tuesday,9,Punjab,Rawalpindi,Rural Road,Poor,Foggy,Daylight,Motorcycle,2,Mechanical Failure,1,0,0,1,2,0,Medium
2023,7,Friday,7,Sindh,Sukkur,Provincial Highway,Average,Clear,Street Light,Car/Taxi,2,Signal Violation,1,0,0,0,1,0,Low
2023,9,Thursday,23,AJK,Muzaffarabad,Provincial Highway,Poor,Dusty/Smoggy,Street Light,Bus/Coach,3,Driver Fatigue,0,0,1,0,2,2,High
2023,4,Thursday,14,KPK,Dera Ismail Khan,National Highway,Poor,Dusty/Smoggy,Daylight,Van/Pickup,1,Over Speeding,0,0,0,0,8,1,High
2022,12,Wednesday,16,Punjab,Bahawalpur,Urban Road,Average,Clear,Daylight,Truck/Lorry,4,Over Speeding,0,0,0,1,0,0,Low
2018,12,Saturday,10,Punjab,Lahore,Provincial Highway,Good,Clear,Dawn/Dusk,Motorcycle,1,Signal Violation,0,1,0,1,3,0,Medium
2019,2,Wednesday,12,Sindh,Jacobabad,National Highway,Under Repair,Clear,No Light,Rickshaw,3,Driver Fatigue,1,0,0,1,4,0,Medium
2020,12,Monday,2,Balochistan,Dera Bugti,National Highway,Average,Clear,No Light,Bicycle,1,Signal Violation,0,0,1,1,3,3,High
2023,7,Thursday,21,Sindh,Larkana,Rural Road,Good,Clear,Street Light,Car/Taxi,2,Road Condition,0,0,0,0,1,0,Low
2020,2,Monday,15,Sindh,Karachi,Urban Road,Good,Foggy,Daylight,Motorcycle,4,Drunk Driving,0,0,0,1,10,1,High
2023,12,Tuesday,14,Punjab,Faisalabad,Motorway,Good,Clear,Dawn/Dusk,Bus/Coach,3,Over Speeding,0,0,0,1,4,4,High
2022,2,Saturday,16,Sindh,Jacobabad,Urban Road,Poor,Clear,Daylight,Truck/Lorry,2,Wrong Overtaking,0,1,0,1,5,0,Medium
2018,1,Wednesday,12,KPK,Dera Ismail Khan,Motorway,Good,Rainy,Daylight,Motorcycle,3,Road Condition,1,0,0,1,5,2,High
2023,7,Wednesday,17,Punjab,Lahore,Urban Road,Poor,Foggy,Daylight,Motorcycle,2,Signal Violation,1,0,0,0,5,1,Medium
2023,2,Saturday,23,KPK,Mansehra,Provincial Highway,Under Repair,Foggy,Street Light,Car/Taxi,2,Road Condition,0,1,1,1,2,0,Medium
2019,1,Sunday,0,Islamabad,Islamabad,National Highway,Good,Clear,No Light,Bus/Coach,3,Over Speeding,0,1,1,1,6,0,High
2023,12,Saturday,15,Punjab,Multan,National Highway,Average,Clear,Daylight,Motorcycle,2,Over Speeding,0,1,0,1,3,2,High
2019,2,Wednesday,12,Sindh,Sukkur,National Highway,Average,Rainy,Daylight,Van/Pickup,2,Signal Violation,1,0,0,1,2,1,Medium
2022,12,Friday,14,Punjab,Sargodha,Rural Road,Good,Clear,Street Light,Motorcycle,1,Pedestrian Error,0,0,0,1,2,0,Low
2023,1,Monday,14,KPK,Bannu,Urban Road,Average,Rainy,Daylight,Motorcycle,1,Over Speeding,0,0,0,1,8,1,High
2019,12,Wednesday,18,Sindh,Mirpur Khas,National Highway,Poor,Clear,Dawn/Dusk,Motorcycle,1,Driver Fatigue,1,0,0,1,3,2,High
2023,1,Wednesday,18,Sindh,Nawabshah,Urban Road,Under Repair,Clear,Daylight,Motorcycle,3,Wrong Overtaking,1,0,0,1,0,1,Low
2020,12,Thursday,12,KPK,Nowshera,Rural Road,Average,Dusty/Smoggy,Daylight,Rickshaw,2,Over Speeding,1,0,0,1,2,1,Low
2018,12,Wednesday,8,Punjab,Rahim Yar Khan,National Highway,Poor,Rainy,Daylight,Car/Taxi,1,Wrong Overtaking,1,0,0,1,4,0,Medium
2023,4,Wednesday,14,Balochistan,Zhob,Rural Road,Under Repair,Clear,Daylight,Car/Taxi,4,Wrong Overtaking,0,0,0,0,2,0,Low
2021,4,Monday,16,Sindh,Nawabshah,Rural Road,Poor,Clear,Dawn/Dusk,Rickshaw,3,Over Speeding,0,0,0,0,3,0,Medium
2023,8,Monday,12,Punjab,Rawalpindi,Urban Road,Good,Clear,Daylight,Car/Taxi,2,Pedestrian Error,1,0,0,0,0,0,Low
2021,6,Monday,17,KPK,Abbottabad,Rural Road,Average,Clear,No Light,Car/Taxi,2,Driver Fatigue,1,0,0,0,4,0,Medium
2021,9,Wednesday,20,KPK,Kohat,Motorway,Good,Dusty/Smoggy,No Light,Motorcycle,2,Wrong Overtaking,1,0,0,0,2,1,Medium
2022,2,Friday,8,Punjab,Sargodha,Rural Road,Good,Clear,Daylight,Motorcycle,3,Road Condition,1,0,0,1,3,0,Medium
2023,10,Wednesday,19,Balochistan,Zhob,National Highway,Average,Rainy,No Light,Motorcycle,4,Over Speeding,1,0,0,0,7,1,High
2023,6,Tuesday,23,Balochistan,Turbat,National Highway,Good,Dusty/Smoggy,No Light,Car/Taxi,2,Wrong Overtaking,0,0,1,0,4,1,Medium
2020,7,Monday,7,Punjab,Rawalpindi,Provincial Highway,Good,Clear,Daylight,Truck/Lorry,2,Wrong Overtaking,1,0,0,0,5,1,Medium
2018,5,Thursday,10,AJK,Muzaffarabad,Provincial Highway,Poor,Clear,Dawn/Dusk,Motorcycle,3,Wrong Overtaking,0,0,0,0,3,1,Medium
2020,5,Tuesday,9,Punjab,Sargodha,National Highway,Poor,Foggy,Daylight,Rickshaw,3,Pedestrian Error,1,0,0,0,3,1,Medium
2023,11,Tuesday,21,Punjab,Sialkot,National Highway,Poor,Extreme Heat,No Light,Motorcycle,4,Over Speeding,0,0,0,1,9,1,High
2023,7,Thursday,18,Punjab,Rahim Yar Khan,National Highway,Good,Clear,Daylight,Motorcycle,1,Over Speeding,1,0,0,0,7,1,High
2019,7,Monday,19,Balochistan,Khuzdar,National Highway,Poor,Extreme Heat,No Light,Bus/Coach,1,Over Speeding,1,0,0,0,7,0,High
2023,11,Monday,19,Sindh,Jacobabad,Rural Road,Poor,Clear,Dawn/Dusk,Car/Taxi,2,Pedestrian Error,1,0,0,1,1,1,Low
2020,12,Tuesday,9,Punjab,Gujranwala,Motorway,Good,Foggy,Street Light,Van/Pickup,1,Wrong Overtaking,1,0,0,1,7,2,High
2020,1,Saturday,0,Sindh,Kashmore,Motorway,Poor,Clear,No Light,Bicycle,3,Road Condition,0,1,1,1,3,0,Medium
2022,12,Wednesday,9,Sindh,Larkana,Rural Road,Good,Clear,Daylight,Car/Taxi,3,Road Condition,1,0,0,1,1,0,Low
2023,10,Sunday,23,Punjab,Sialkot,Rural Road,Good,Foggy,Street Light,Motorcycle,2,Over Speeding,0,1,1,0,9,2,High
2018,12,Friday,23,Balochistan,Turbat,Rural Road,Good,Rainy,No Light,Motorcycle,1,Mobile Phone Use,0,0,1,1,3,1,Medium
2020,5,Monday,16,KPK,Nowshera,Provincial Highway,Good,Clear,Street Light,Motorcycle,1,Mechanical Failure,0,0,0,0,1,0,Low
2020,12,Sunday,1,Sindh,Hyderabad,Provincial Highway,Poor,Foggy,Street Light,Car/Taxi,1,Signal Violation,0,1,1,1,4,0,Medium
2021,10,Monday,18,Islamabad,Islamabad,Urban Road,Good,Clear,Street Light,Car/Taxi,3,Road Condition,1,0,0,0,2,0,Low
2018,1,Monday,8,Punjab,Sargodha,Urban Road,Average,Clear,Daylight,Motorcycle,2,Over Speeding,1,0,0,1,3,0,Medium
2021,9,Tuesday,20,AJK,Mirpur,Provincial Highway,Good,Foggy,Street Light,Rickshaw,2,Drunk Driving,1,0,0,0,4,1,High
2019,8,Monday,7,KPK,Charsadda,Motorway,Average,Extreme Heat,Daylight,Motorcycle,4,Road Condition,1,0,0,0,3,1,Medium
2020,8,Thursday,8,Sindh,Jacobabad,Provincial Highway,Poor,Clear,No Light,Truck/Lorry,4,Road Condition,1,0,0,0,1,0,Medium
2020,7,Sunday,14,Punjab,Rawalpindi,National Highway,Average,Foggy,Daylight,Motorcycle,2,Over Speeding,0,1,0,0,3,1,High
2020,2,Sunday,0,Balochistan,Loralai,Urban Road,Good,Foggy,Street Light,Van/Pickup,2,Signal Violation,0,1,1,1,1,0,Low
2023,8,Sunday,20,Sindh,Karachi,Rural Road,Good,Foggy,No Light,Rickshaw,2,Driver Fatigue,1,1,0,0,2,0,Medium
2019,1,Wednesday,13,Punjab,Faisalabad,Motorway,Good,Rainy,Dawn/Dusk,Car/Taxi,1,Mobile Phone Use,1,0,0,1,0,0,Low
2020,11,Tuesday,9,Punjab,Gujranwala,Rural Road,Under Repair,Rainy,Dawn/Dusk,Car/Taxi,2,Pedestrian Error,1,0,0,1,1,0,Low
2023,10,Friday,7,Sindh,Dadu,Provincial Highway,Average,Clear,Dawn/Dusk,Motorcycle,1,Mechanical Failure,1,0,0,0,1,0,Low
2023,12,Monday,2,Sindh,Karachi,Rural Road,Under Repair,Extreme Heat,Street Light,Car/Taxi,2,Wrong Overtaking,0,0,1,1,1,0,Low
2020,5,Saturday,14,KPK,Kohat,Urban Road,Poor,Dusty/Smoggy,Daylight,Motorcycle,4,Over Speeding,0,1,0,0,2,2,High
2023,8,Saturday,21,Balochistan,Zhob,Provincial Highway,Under Repair,Clear,Street Light,Motorcycle,1,Pedestrian Error,0,1,0,0,2,0,Low
2018,12,Friday,9,Punjab,Rawalpindi,National Highway,Average,Clear,Street Light,Van/Pickup,1,Road Condition,1,0,0,1,2,0,Low
2019,12,Sunday,20,KPK,Kohat,Rural Road,Average,Foggy,Street Light,Car/Taxi,1,Over Speeding,1,1,0,1,2,2,Medium
2022,12,Wednesday,17,Punjab,Faisalabad,Provincial Highway,Poor,Dusty/Smoggy,Street Light,Motorcycle,3,Over Speeding,1,0,0,1,11,1,High
2022,7,Saturday,20,Balochistan,Chaman,National Highway,Poor,Clear,Street Light,Other,3,Mechanical Failure,1,1,0,0,1,0,Low
2023,4,Wednesday,16,KPK,Abbottabad,Motorway,Average,Foggy,Daylight,Motorcycle,2,Road Condition,0,0,0,0,3,4,High
2023,10,Friday,13,Sindh,Mirpur Khas,Rural Road,Good,Foggy,Daylight,Van/Pickup,2,Wrong Overtaking,1,0,0,0,1,0,Low
2022,11,Wednesday,10,KPK,Peshawar,Urban Road,Average,Clear,Daylight,Van/Pickup,3,Over Speeding,0,0,0,1,1,0,Medium
2023,5,Thursday,8,Punjab,Gujranwala,National Highway,Poor,Clear,Street Light,Car/Taxi,3,Drunk Driving,1,0,0,0,1,0,Medium
2019,6,Sunday,9,Sindh,Karachi,Urban Road,Good,Clear,No Light,Car/Taxi,4,Over Speeding,1,1,0,0,4,0,Medium
2019,5,Saturday,17,KPK,Bannu,Urban Road,Average,Clear,Daylight,Car/Taxi,3,Over Speeding,1,1,0,0,5,0,Medium
2018,7,Monday,18,Sindh,Hyderabad,National Highway,Good,Dusty/Smoggy,Daylight,Car/Taxi,4,Signal Violation,1,0,0,0,4,0,Medium
2023,6,Saturday,9,Punjab,Sialkot,Provincial Highway,Good,Extreme Heat,Daylight,Car/Taxi,3,Pedestrian Error,1,1,0,0,0,0,Low
2022,5,Tuesday,9,Sindh,Dadu,Motorway,Average,Dusty/Smoggy,Daylight,Motorcycle,3,Drunk Driving,1,0,0,0,6,1,High
2023,4,Saturday,7,KPK,Abbottabad,National Highway,Good,Clear,Daylight,Rickshaw,2,Driver Fatigue,1,1,0,0,3,0,Medium
2020,3,Wednesday,20,Punjab,Sialkot,Provincial Highway,Good,Foggy,Street Light,Motorcycle,2,Driver Fatigue,1,0,0,0,4,4,High
2018,2,Friday,5,Punjab,Lahore,Urban Road,Good,Rainy,Dawn/Dusk,Car/Taxi,2,Over Speeding,0,0,1,1,4,0,Medium
2021,3,Monday,0,KPK,Nowshera,Rural Road,Average,Rainy,Street Light,Van/Pickup,1,Wrong Overtaking,0,0,1,0,4,1,Medium
2022,1,Friday,3,KPK,Mardan,Urban Road,Good,Clear,No Light,Bicycle,2,Over Speeding,0,0,1,1,2,0,Medium
2020,6,Monday,14,Punjab,Gujranwala,National Highway,Good,Foggy,Daylight,Motorcycle,4,Road Condition,0,0,0,0,6,2,High
2022,5,Tuesday,16,Punjab,Gujranwala,Provincial Highway,Average,Foggy,Daylight,Motorcycle,3,Over Speeding,0,0,0,0,5,2,High
2021,2,Sunday,12,Punjab,Lahore,National Highway,Good,Clear,Daylight,Motorcycle,2,Driver Fatigue,1,1,0,1,3,0,High
2020,7,Wednesday,16,Punjab,Sargodha,Rural Road,Poor,Clear,Daylight,Motorcycle,2,Signal Violation,0,0,0,0,4,0,Medium
2018,2,Monday,17,Sindh,Larkana,Urban Road,Poor,Foggy,Street Light,Bus/Coach,2,Wrong Overtaking,1,0,0,1,5,1,Medium
2020,7,Saturday,19,KPK,Swat,National Highway,Good,Dusty/Smoggy,Street Light,Motorcycle,2,Road Condition,1,1,0,0,2,1,High
2020,4,Friday,7,Sindh,Jacobabad,National Highway,Average,Clear,Daylight,Motorcycle,2,Road Condition,1,0,0,0,1,0,Medium
2018,4,Wednesday,18,Sindh,Kashmore,National Highway,Good,Clear,Daylight,Motorcycle,1,Pedestrian Error,1,0,0,0,5,1,High
2019,2,Sunday,20,Punjab,Lahore,Provincial Highway,Good,Clear,No Light,Car/Taxi,2,Signal Violation,1,1,0,1,2,0,Low
2019,6,Friday,10,Balochistan,Zhob,National Highway,Good,Foggy,Dawn/Dusk,Motorcycle,2,Road Condition,0,0,0,0,7,1,High
2020,3,Sunday,22,Sindh,Karachi,Motorway,Good,Clear,No Light,Motorcycle,2,Over Speeding,0,1,1,0,8,1,High
2021,2,Tuesday,1,AJK,Muzaffarabad,Provincial Highway,Poor,Clear,Street Light,Bicycle,2,Over Speeding,0,0,1,1,6,2,High
2020,10,Wednesday,13,Sindh,Nawabshah,Motorway,Under Repair,Foggy,Daylight,Motorcycle,1,Over Speeding,1,0,0,0,5,0,High
2023,8,Friday,18,Punjab,Rahim Yar Khan,Rural Road,Average,Clear,Daylight,Van/Pickup,2,Pedestrian Error,1,0,0,0,1,0,Low
2023,12,Thursday,14,KPK,Mardan,Rural Road,Poor,Clear,Daylight,Motorcycle,2,Over Speeding,0,0,0,1,3,0,Medium
2020,3,Saturday,23,Punjab,Rahim Yar Khan,Provincial Highway,Good,Clear,Street Light,Motorcycle,1,Signal Violation,0,1,1,0,8,2,High
2022,9,Wednesday,11,KPK,Peshawar,National Highway,Good,Clear,Daylight,Car/Taxi,2,Wrong Overtaking,0,0,0,0,1,0,Medium
2018,11,Thursday,6,Punjab,Bahawalpur,Rural Road,Average,Dusty/Smoggy,Daylight,Van/Pickup,2,Driver Fatigue,0,0,0,1,2,0,Medium
2023,5,Saturday,12,Punjab,Sargodha,National Highway,Average,Clear,Daylight,Motorcycle,2,Over Speeding,1,1,0,0,3,2,High
2022,10,Tuesday,10,Balochistan,Turbat,Provincial Highway,Poor,Clear,Daylight,Motorcycle,2,Road Condition,0,0,0,0,5,1,Medium
2023,5,Sunday,8,Punjab,Faisalabad,National Highway,Good,Dusty/Smoggy,Daylight,Car/Taxi,2,Signal Violation,1,1,0,0,4,1,Medium
2019,6,Friday,12,KPK,Kohat,Rural Road,Good,Clear,Street Light,Van/Pickup,4,Signal Violation,1,0,0,0,0,0,Low
2021,7,Wednesday,12,Punjab,Multan,Rural Road,Good,Rainy,No Light,Van/Pickup,1,Pedestrian Error,1,0,0,0,2,0,Low
2019,4,Saturday,18,Sindh,Larkana,National Highway,Good,Clear,Street Light,Car/Taxi,2,Signal Violation,1,1,0,0,3,0,Medium
2019,10,Tuesday,16,KPK,Bannu,Urban Road,Average,Clear,Daylight,Motorcycle,2,Pedestrian Error,0,0,0,0,2,0,Low
2020,1,Friday,14,Sindh,Karachi,National Highway,Good,Dusty/Smoggy,Daylight,Motorcycle,3,Over Speeding,0,0,0,1,9,0,High
2021,12,Monday,16,Punjab,Rahim Yar Khan,Provincial Highway,Average,Foggy,No Light,Motorcycle,2,Over Speeding,0,0,0,1,6,1,High
2018,7,Thursday,19,Punjab,Sheikhupura,Motorway,Poor,Dusty/Smoggy,Dawn/Dusk,Bus/Coach,2,Wrong Overtaking,1,0,0,0,3,0,Medium
2021,6,Thursday,11,Punjab,Rawalpindi,National Highway,Poor,Clear,Daylight,Car/Taxi,3,Over Speeding,0,0,0,0,7,0,High
2018,4,Wednesday,19,Punjab,Bahawalpur,National Highway,Poor,Clear,Dawn/Dusk,Motorcycle,4,Drunk Driving,1,0,0,0,9,1,High
2021,4,Friday,19,Sindh,Mirpur Khas,National Highway,Average,Dusty/Smoggy,Dawn/Dusk,Car/Taxi,2,Driver Fatigue,1,0,0,0,9,3,High
2022,10,Tuesday,9,Islamabad,Islamabad,Motorway,Good,Foggy,No Light,Car/Taxi,1,Over Speeding,1,0,0,0,5,0,High
2020,10,Friday,10,Balochistan,Dera Bugti,National Highway,Poor,Dusty/Smoggy,Dawn/Dusk,Motorcycle,1,Wrong Overtaking,0,0,0,0,5,2,High
2021,1,Friday,19,KPK,Abbottabad,National Highway,Good,Dusty/Smoggy,No Light,Motorcycle,2,Pedestrian Error,1,0,0,1,5,1,Medium
2023,1,Thursday,21,KPK,Bannu,National Highway,Poor,Clear,Street Light,Truck/Lorry,2,Road Condition,0,0,0,1,4,0,Medium
2023,6,Wednesday,19,KPK,Bannu,Rural Road,Good,Clear,Dawn/Dusk,Motorcycle,2,Road Condition,1,0,0,0,5,1,Medium
2018,9,Monday,12,Punjab,Bahawalpur,Provincial Highway,Good,Foggy,Daylight,Motorcycle,3,Over Speeding,1,0,0,0,6,0,High
2021,12,Tuesday,20,Balochistan,Khuzdar,Provincial Highway,Poor,Dusty/Smoggy,Street Light,Motorcycle,2,Drunk Driving,1,0,0,1,2,0,Medium
2018,8,Friday,18,KPK,Abbottabad,Urban Road,Poor,Clear,Daylight,Motorcycle,2,Signal Violation,1,0,0,0,4,0,Medium
2019,11,Saturday,9,Sindh,Kashmore,National Highway,Good,Foggy,No Light,Motorcycle,2,Over Speeding,1,1,0,1,10,3,High
2023,11,Monday,18,Punjab,Rahim Yar Khan,Urban Road,Good,Clear,Dawn/Dusk,Truck/Lorry,1,Signal Violation,1,0,0,1,3,0,Medium