year,month,day_of_week,hour_of_day,province,district,road_type,road_condition,weather_condition,lighting_condition,vehicle_type,vehicles_involved,accident_cause,is_rush_hour,is_weekend,is_night,is_foggy_month,num_injured,num_killed,severity
2023,10,Wednesday,17,Sindh,Sukkur,Provincial Highway,Good,Clear,Daylight,Car/Taxi,3,Signal Violation,1,0,0,0,0,0,Low
2018,5,Tuesday,13,Sindh,Nawabshah,Rural Road,Good,Clear,No Light,Rickshaw,2,Signal Violation,1,0,0,0,1,0,Low
2019,6,Friday,19,Balochistan,Turbat,Urban Road,Average,Clear,No Light,Motorcycle,2,Weather Condition,1,0,0,0,3,1,Medium
2022,8,Sunday,20,Sindh,Dadu,Rural Road,Poor,Clear,No Light,Van/Pickup,2,Mechanical Failure,1,1,0,0,1,0,Low
2019,6,Monday,6,Punjab,Faisalabad,National Highway,Average,Clear,Dawn/Dusk,Car/Taxi,2,Signal Violation,0,0,0,0,0,0,Low
2022,6,Sunday,19,AJK,Mirpur,National Highway,Good,Clear,Dawn/Dusk,Other,2,Driver Fatigue,1,1,0,0,5,1,Medium
2022,11,Friday,14,Punjab,Bahawalpur,Urban Road,Average,Clear,Daylight,Car/Taxi,1,Road Condition,0,0,0,1,1,0,Low
2020,7,Thursday,21,Sindh,Kashmore,Rural Road,Good,Clear,Street Light,Motorcycle,2,Mechanical Failure,0,0,0,0,2,0,Low
2020,12,Sunday,17,Punjab,Multan,Rural Road,Good,Foggy,No Light,Rickshaw,3,Signal Violation,1,1,0,1,2,1,Medium
2021,6,Friday,16,KPK,Swat,Rural Road,Good,Foggy,Daylight,Motorcycle,2,Over Speeding,0,0,0,0,1,2,Medium
2023,1,Tuesday,14,Balochistan,Hub,National Highway,Poor,Rainy,Daylight,Truck/Lorry,3,Mobile Phone Use,0,0,0,1,3,0,Medium
2018,5,Monday,8,Punjab,Lahore,National Highway,Average,Clear,No Light,Motorcycle,2,Over Speeding,1,0,0,0,6,3,High
2021,6,Friday,8,Balochistan,Gwadar,Urban Road,Good,Clear,Daylight,Rickshaw,2,Drunk Driving,1,0,0,0,1,0,Low
2018,3,Wednesday,2,Punjab,Sialkot,Provincial Highway,Good,Dusty/Smoggy,Street Light,Bus/Coach,2,Signal Violation,0,0,1,0,1,0,Medium
2018,2,Saturday,14,Balochistan,Dera Bugti,Urban Road,Good,Clear,Daylight,Motorcycle,2,Wrong Overtaking,0,1,0,1,2,0,Low
2021,12,Monday,2,KPK,Mardan,National Highway,Average,Extreme Heat,No Light,Van/Pickup,3,Driver Fatigue,0,0,1,1,1,0,Medium
2021,11,Friday,18,KPK,Abbottabad,Urban Road,Average,Rainy,Daylight,Bus/Coach,2,Over Speeding,1,0,0,1,11,2,High
2023,10,Thursday,7,Punjab,Multan,Rural Road,Good,Clear,Daylight,Motorcycle,2,Over Speeding,1,0,0,0,4,3,High
2021,8,Monday,15,Islamabad,Islamabad,National Highway,Poor,Clear,Daylight,Motorcycle,3,Pedestrian Error,0,0,0,0,5,2,Medium
2022,8,Saturday,9,KPK,Abbottabad,Urban Road,Average,Clear,Daylight,Motorcycle,3,Wrong Overtaking,1,1,0,0,2,0,Medium
2022,5,Friday,6,Punjab,Sheikhupura,Provincial Highway,Average,Rainy,Daylight,Van/Pickup,2,Driver Fatigue,0,0,0,0,2,1,Medium
2022,10,Wednesday,14,KPK,Mansehra,Provincial Highway,Good,Dusty/Smoggy,Daylight,Bus/Coach,2,Over Speeding,0,0,0,0,5,1,Medium
2021,2,Thursday,11,Punjab,Gujranwala,Provincial Highway,Good,Clear,Daylight,Van/Pickup,2,Drunk Driving,0,0,0,1,0,0,Low
2019,7,Wednesday,19,Balochistan,Hub,Provincial Highway,Poor,Clear,Street Light,Car/Taxi,2,Over Speeding,1,0,0,0,5,2,Medium
2022,12,Wednesday,11,Punjab,Faisalabad,Motorway,Average,Clear,Daylight,Rickshaw,4,Road Condition,0,0,0,1,0,0,Low
2021,12,Thursday,10,KPK,Bannu,National Highway,Average,Clear,Street Light,Rickshaw,1,Mechanical Failure,0,0,0,1,1,0,Low
2020,8,Friday,13,Sindh,Hyderabad,Urban Road,Under Repair,Clear,Daylight,Bus/Coach,2,Over Speeding,1,0,0,0,5,1,Medium
2020,8,Wednesday,0,Punjab,Gujranwala,National Highway,Good,Foggy,No Light,Truck/Lorry,2,Wrong Overtaking,0,0,1,0,6,1,High
2021,1,Wednesday,18,Punjab,Sargodha,Rural Road,Good,Clear,Daylight,Truck/Lorry,2,Wrong Overtaking,1,0,0,1,2,0,Low
2022,6,Wednesday,16,Punjab,Rawalpindi,Provincial Highway,Good,Clear,Daylight,Motorcycle,1,Wrong Overtaking,0,0,0,0,4,0,Medium
2018,3,Friday,19,Sindh,Thatta,National Highway,Good,Rainy,Dawn/Dusk,Car/Taxi,1,Over Speeding,1,0,0,0,6,1,High
2023,5,Thursday,3,Punjab,Gujranwala,Provincial Highway,Poor,Clear,No Light,Car/Taxi,2,Over Speeding,0,0,1,0,3,0,Medium
2022,11,Saturday,8,Sindh,Kashmore,Motorway,Average,Dusty/Smoggy,Daylight,Motorcycle,3,Over Speeding,1,1,0,1,2,1,High
2022,7,Wednesday,18,Punjab,Rawalpindi,National Highway,Good,Clear,Daylight,Motorcycle,1,Mechanical Failure,1,0,0,0,5,0,Medium
2023,8,Sunday,4,Punjab,Rawalpindi,Urban Road,Good,Foggy,Street Light,Motorcycle,3,Mechanical Failure,0,1,1,0,2,0,Medium
2020,4,Thursday,18,KPK,Abbottabad,Provincial Highway,Good,Clear,Dawn/Dusk,Motorcycle,1,Weather Condition,1,0,0,0,3,0,Medium
2019,6,Friday,21,Punjab,Rawalpindi,Urban Road,Good,Clear,Street Light,Truck/Lorry,1,Over Speeding,0,0,0,0,0,0,Low
2018,8,Friday,9,Balochistan,Gwadar,National Highway,Average,Dusty/Smoggy,Daylight,Car/Taxi,2,Wrong Overtaking,1,0,0,0,5,1,Medium
2018,4,Wednesday,6,Balochistan,Dera Bugti,Urban Road,Good,Clear,Daylight,Rickshaw,2,Driver Fatigue,0,0,0,0,3,1,Medium
2020,5,Tuesday,14,KPK,Peshawar,Rural Road,Good,Rainy,Daylight,Truck/Lorry,1,Driver Fatigue,0,0,0,0,3,1,Medium
2021,10,Tuesday,18,Sindh,Sukkur,National Highway,Average,Clear,Daylight,Car/Taxi,2,Over Speeding,1,0,0,0,2,0,Medium
2018,5,Monday,9,Balochistan,Dera Bugti,Rural Road,Poor,Rainy,Daylight,Car/Taxi,4,Road Condition,1,0,0,0,1,0,Low
2022,12,Wednesday,15,Punjab,Rahim Yar Khan,Provincial Highway,Average,Clear,Daylight,Car/Taxi,4,Mechanical Failure,0,0,0,1,2,0,Low
2018,2,Wednesday,22,Punjab,Gujranwala,National Highway,Poor,Foggy,No Light,Rickshaw,4,Wrong Overtaking,0,0,1,1,3,4,High
2021,11,Sunday,6,Punjab,Bahawalpur,Urban Road,Good,Clear,Daylight,Car/Taxi,2,Pedestrian Error,0,1,0,1,2,1,Low
2022,2,Thursday,13,KPK,Charsadda,Provincial Highway,Average,Rainy,Daylight,Van/Pickup,3,Mechanical Failure,1,0,0,1,1,0,Low
2023,1,Saturday,9,Punjab,Sheikhupura,Motorway,Good,Clear,Daylight,Motorcycle,2,Drunk Driving,1,1,0,1,7,1,High
2022,7,Friday,10,Sindh,Dadu,National Highway,Average,Clear,Daylight,Truck/Lorry,1,Over Speeding,0,0,0,0,5,1,Medium
2023,11,Monday,0,Gilgit-Baltistan,Gilgit,Urban Road,Average,Extreme Heat,No Light,Motorcycle,2,Wrong Overtaking,0,0,1,1,7,2,High
2020,1,Monday,18,Balochistan,Zhob,Provincial Highway,Good,Clear,Daylight,Rickshaw,1,Wrong Overtaking,1,0,0,1,1,0,Low
2021,10,Thursday,7,Sindh,Kashmore,Provincial Highway,Good,Clear,Street Light,Bus/Coach,1,Weather Condition,1,0,0,0,2,0,Low
2019,4,Sunday,10,Punjab,Sargodha,Provincial Highway,Average,Foggy,Daylight,Motorcycle,1,Driver Fatigue,0,1,0,0,6,2,High
2023,7,Wednesday,20,KPK,Swat,Provincial Highway,Good,Clear,No Light,Truck/Lorry,1,Pedestrian Error,1,0,0,0,1,0,Low
2022,5,Wednesday,21,Sindh,Sukkur,Provincial Highway,Good,Clear,No Light,Rickshaw,1,Over Speeding,0,0,0,0,1,0,Medium
2018,5,Wednesday,8,Punjab,Rawalpindi,Provincial Highway,Average,Clear,Daylight,Motorcycle,2,Road Condition,1,0,0,0,3,0,Medium
2020,12,Friday,17,Punjab,Faisalabad,Urban Road,Average,Clear,Daylight,Rickshaw,1,Mechanical Failure,1,0,0,1,1,0,Low
2020,1,Monday,3,Balochistan,Chaman,Urban Road,Average,Clear,Street Light,Bus/Coach,2,Over Speeding,0,0,1,1,10,1,High
2022,7,Thursday,19,KPK,Nowshera,Urban Road,Good,Clear,Street Light,Motorcycle,2,Signal Violation,1,0,0,0,1,2,Medium
2018,6,Thursday,17,KPK,Charsadda,Rural Road,Average,Clear,Daylight,Rickshaw,2,Signal Violation,1,0,0,0,1,0,Low
2019,6,Monday,11,Balochistan,Zhob,Provincial Highway,Good,Rainy,Dawn/Dusk,Car/Taxi,2,Signal Violation,0,0,0,0,3,1,Medium
2021,12,Saturday,10,Sindh,Kashmore,Urban Road,Average,Foggy,Daylight,Rickshaw,2,Signal Violation,0,1,0,1,2,0,Medium
2019,12,Thursday,8,Sindh,Kashmore,Provincial Highway,Good,Clear,Daylight,Bus/Coach,4,Road Condition,1,0,0,1,3,1,Medium
2020,4,Thursday,12,Sindh,Mirpur Khas,Urban Road,Average,Clear,Daylight,Van/Pickup,2,Mechanical Failure,1,0,0,0,1,0,Low
2020,5,Sunday,9,Punjab,Lahore,Provincial Highway,Average,Clear,Daylight,Motorcycle,2,Driver Fatigue,1,1,0,0,5,0,High
2023,4,Wednesday,9,Sindh,Thatta,National Highway,Average,Rainy,Daylight,Rickshaw,2,Signal Violation,1,0,0,0,3,1,High
2022,10,Friday,12,KPK,Mardan,Urban Road,Good,Rainy,Dawn/Dusk,Bicycle,1,Wrong Overtaking,1,0,0,0,2,0,Medium
2020,1,Tuesday,14,Sindh,Karachi,Provincial Highway,Under Repair,Extreme Heat,Daylight,Motorcycle,2,Pedestrian Error,0,0,0,1,0,0,Low
2022,9,Saturday,12,Balochistan,Sibi,Urban Road,Good,Foggy,Daylight,Rickshaw,1,Mechanical Failure,1,1,0,0,0,0,Low
2019,7,Wednesday,22,Sindh,Thatta,Urban Road,Average,Foggy,No Light,Motorcycle,4,Over Speeding,0,0,1,0,6,2,High
2021,1,Tuesday,8,Sindh,Dadu,Motorway,Average,Foggy,Daylight,Motorcycle,2,Road Condition,1,0,0,1,2,1,Medium
2023,4,Friday,12,Sindh,Mirpur Khas,Provincial Highway,Good,Foggy,Daylight,Bus/Coach,4,Wrong Overtaking,1,0,0,0,4,0,Medium
2023,2,Wednesday,14,Sindh,Sukkur,Urban Road,Good,Clear,Daylight,Rickshaw,2,Over Speeding,0,0,0,1,1,0,Low
2023,7,Tuesday,2,KPK,Charsadda,Urban Road,Under Repair,Clear,Street Light,Truck/Lorry,1,Over Speeding,0,0,1,0,1,0,Medium
2018,1,Friday,10,Punjab,Multan,Rural Road,Poor,Foggy,Daylight,Car/Taxi,1,Wrong Overtaking,0,0,0,1,2,0,Low
2020,1,Monday,12,Sindh,Karachi,Provincial Highway,Good,Clear,No Light,Truck/Lorry,2,Signal Violation,1,0,0,1,1,1,Medium
2020,12,Monday,23,Punjab,Sheikhupura,Urban Road,Poor,Clear,Street Light,Car/Taxi,1,Driver Fatigue,0,0,1,1,4,1,Medium
2021,10,Saturday,21,Punjab,Multan,Urban Road,Average,Clear,No Light,Motorcycle,1,Mechanical Failure,0,1,0,0,5,1,Medium
2020,9,Friday,12,Sindh,Hyderabad,Motorway,Poor,Clear,Daylight,Truck/Lorry,1,Over Speeding,1,0,0,0,3,1,Medium
2023,7,Tuesday,16,Sindh,Kashmore,Provincial Highway,Under Repair,Clear,Daylight,Motorcycle,3,Road Condition,0,0,0,0,3,0,Medium
2022,8,Friday,19,Islamabad,Islamabad,National Highway,Poor,Clear,No Light,Motorcycle,1,Drunk Driving,1,0,0,0,8,1,High
2021,12,Monday,16,Sindh,Sukkur,Urban Road,Good,Clear,Daylight,Bus/Coach,2,Over Speeding,0,0,0,1,1,0,Low
2021,4,Saturday,20,KPK,Mansehra,Provincial Highway,Average,Clear,Street Light,Van/Pickup,2,Over Speeding,1,1,0,0,0,0,Low
2021,11,Sunday,2,Sindh,Dadu,National Highway,Average,Extreme Heat,No Light,Car/Taxi,4,Pedestrian Error,0,1,1,1,4,0,Medium
2018,12,Tuesday,21,Sindh,Nawabshah,Provincial Highway,Under Repair,Rainy,No Light,Car/Taxi,3,Pedestrian Error,0,0,0,1,1,0,Low
2018,4,Friday,20,Punjab,Multan,Urban Road,Good,Foggy,No Light,Car/Taxi,2,Over Speeding,1,0,0,0,1,0,Medium
2021,9,Wednesday,8,Punjab,Lahore,Provincial Highway,Poor,Rainy,Daylight,Truck/Lorry,1,Signal Violation,1,0,0,0,4,0,Medium
2023,5,Friday,23,Punjab,Faisalabad,Urban Road,Average,Dusty/Smoggy,Street Light,Bicycle,3,Wrong Overtaking,0,0,1,0,2,1,Medium
2022,6,Monday,14,Sindh,Jacobabad,Urban Road,Average,Dusty/Smoggy,Daylight,Motorcycle,3,Road Condition,0,0,0,0,2,0,Low
2023,2,Thursday,18,Punjab,Rawalpindi,Provincial Highway,Good,Clear,Daylight,Motorcycle,2,Drunk Driving,1,0,0,1,2,1,High
2023,1,Friday,8,Punjab,Faisalabad,National Highway,Average,Dusty/Smoggy,Daylight,Truck/Lorry,3,Wrong Overtaking,1,0,0,1,6,2,High
2023,12,Wednesday,18,Punjab,Sialkot,Urban Road,Good,Clear,Dawn/Dusk,Rickshaw,3,Pedestrian Error,1,0,0,1,2,0,Low
2019,6,Sunday,22,AJK,Mirpur,National Highway,Poor,Extreme Heat,Street Light,Car/Taxi,2,Signal Violation,0,1,1,0,3,0,Medium
2023,6,Friday,16,Punjab,Multan,Urban Road,Average,Clear,Daylight,Motorcycle,2,Wrong Overtaking,0,0,0,0,2,2,Medium
2019,7,Saturday,16,Sindh,Karachi,Provincial Highway,Average,Clear,Dawn/Dusk,Car/Taxi,3,Weather Condition,0,1,0,0,0,0,Low
2021,12,Friday,17,Punjab,Sheikhupura,Provincial Highway,Good,Rainy,Daylight,Motorcycle,1,Road Condition,1,0,0,1,5,0,Medium
2018,7,Saturday,6,Sindh,Dadu,National Highway,Good,Clear,Daylight,Motorcycle,1,Pedestrian Error,0,1,0,0,1,1,Medium
2021,1,Friday,19,Punjab,Gujranwala,National Highway,Good,Clear,No Light,Motorcycle,2,Mobile Phone Use,1,0,0,1,3,1,Medium
2021,7,Monday,8,Punjab,Bahawalpur,Rural Road,Good,Rainy,Daylight,Truck/Lorry,2,Signal Violation,1,0,0,0,2,0,Medium
2020,3,Saturday,14,Sindh,Nawabshah,Provincial Highway,Average,Clear,Daylight,Rickshaw,2,Wrong Overtaking,0,1,0,0,0,0,Low
2023,11,Monday,6,Punjab,Sargodha,Rural Road,Good,Foggy,Daylight,Bicycle,2,Over Speeding,0,0,0,1,9,0,High
2019,6,Tuesday,6,Punjab,Sialkot,Rural Road,Good,Foggy,Daylight,Motorcycle,2,Driver Fatigue,0,0,0,0,3,0,Medium
2022,8,Friday,20,Punjab,Sargodha,National Highway,Good,Rainy,Street Light,Car/Taxi,2,Signal Violation,1,0,0,0,2,2,High
2022,6,Friday,6,Punjab,Rawalpindi,Rural Road,Good,Clear,Daylight,Truck/Lorry,3,Signal Violation,0,0,0,0,0,0,Low
2022,4,Friday,22,Punjab,Rawalpindi,Urban Road,Good,Clear,No Light,Bicycle,1,Road Condition,0,0,1,0,5,0,Medium
2023,2,Saturday,22,Punjab,Rahim Yar Khan,Provincial Highway,Average,Clear,No Light,Rickshaw,2,Wrong Overtaking,0,1,1,1,1,1,Medium
2021,6,Sunday,10,KPK,Abbottabad,Provincial Highway,Good,Clear,Daylight,Bus/Coach,1,Over Speeding,0,1,0,0,10,3,High
2023,10,Tuesday,12,Sindh,Kashmore,National Highway,Good,Rainy,Dawn/Dusk,Car/Taxi,2,Over Speeding,1,0,0,0,5,3,High
2018,8,Saturday,8,Sindh,Nawabshah,Provincial Highway,Good,Clear,Daylight,Car/Taxi,4,Over Speeding,1,1,0,0,4,1,Medium
2019,3,Sunday,11,Punjab,Lahore,Urban Road,Poor,Clear,Daylight,Motorcycle,3,Over Speeding,0,1,0,0,6,0,High
2020,5,Friday,13,Islamabad,Islamabad,Provincial Highway,Poor,Clear,Daylight,Car/Taxi,2,Road Condition,1,0,0,0,1,0,Low
2020,9,Monday,8,Punjab,Sheikhupura,Provincial Highway,Good,Clear,Daylight,Bus/Coach,3,Road Condition,1,0,0,0,0,0,Low
2019,8,Wednesday,18,Punjab,Sheikhupura,Provincial Highway,Good,Clear,Daylight,Car/Taxi,1,Over Speeding,1,0,0,0,2,0,Medium
2021,6,Sunday,11,Sindh,Larkana,National Highway,Poor,Clear,Daylight,Motorcycle,1,Over Speeding,0,1,0,0,2,3,High
2022,5,Monday,5,Punjab,Faisalabad,Urban Road,Good,Clear,No Light,Rickshaw,2,Driver Fatigue,0,0,1,0,3,0,Medium
2023,8,Saturday,21,Punjab,Sargodha,National Highway,Good,Foggy,Street Light,Car/Taxi,2,Drunk Driving,0,1,0,0,3,1,Medium
2022,2,Saturday,5,Sindh,Jacobabad,Provincial Highway,Poor,Extreme Heat,Dawn/Dusk,Car/Taxi,2,Wrong Overtaking,0,1,1,1,4,0,Medium
2020,12,Friday,21,Balochistan,Zhob,Rural Road,Average,Rainy,Street Light,Car/Taxi,3,Drunk Driving,0,0,0,1,3,2,Medium
2020,10,Saturday,23,Sindh,Thatta,Rural Road,Poor,Rainy,Street Light,Motorcycle,1,Wrong Overtaking,0,1,1,0,5,0,Medium
2020,2,Friday,9,KPK,Abbottabad,National Highway,Good,Clear,Daylight,Motorcycle,2,Road Condition,1,0,0,1,2,1,Medium
2021,6,Friday,22,Gilgit-Baltistan,Skardu,National Highway,Average,Clear,No Light,Car/Taxi,2,Wrong Overtaking,0,0,1,0,9,3,High
2018,3,Sunday,20,Punjab,Rahim Yar Khan,Provincial Highway,Under Repair,Clear,No Light,Car/Taxi,3,Over Speeding,1,1,0,0,4,0,Medium
2021,5,Wednesday,23,Punjab,Lahore,National Highway,Good,Rainy,No Light,Car/Taxi,1,Drunk Driving,0,0,1,0,8,1,High
2021,2,Friday,10,Punjab,Rawalpindi,Provincial Highway,Poor,Clear,Daylight,Bus/Coach,2,Over Speeding,0,0,0,1,4,2,Medium
2021,12,Saturday,19,Sindh,Thatta,Rural Road,Average,Clear,No Light,Motorcycle,1,Pedestrian Error,1,1,0,1,3,1,Medium
2023,12,Friday,22,Punjab,Bahawalpur,Provincial Highway,Good,Clear,Street Light,Truck/Lorry,2,Over Speeding,0,0,1,1,3,2,High
2023,2,Saturday,7,Balochistan,Loralai,Rural Road,Good,Dusty/Smoggy,Daylight,Bus/Coach,3,Road Condition,1,1,0,1,0,0,Low
2022,10,Tuesday,9,KPK,Mardan,Motorway,Under Repair,Rainy,Daylight,Van/Pickup,3,Signal Violation,1,0,0,0,4,0,Medium
2018,7,Sunday,19,Sindh,Sukkur,Urban Road,Average,Foggy,Dawn/Dusk,Motorcycle,2,Pedestrian Error,1,1,0,0,5,2,Medium
2022,3,Monday,6,Punjab,Sargodha,Rural Road,Average,Clear,Daylight,Car/Taxi,3,Wrong Overtaking,0,0,0,0,2,0,Low
2019,11,Friday,11,KPK,Charsadda,Rural Road,Average,Extreme Heat,No Light,Van/Pickup,2,Over Speeding,0,0,0,1,2,0,Low
2018,6,Friday,14,Islamabad,Islamabad,National Highway,Under Repair,Dusty/Smoggy,Daylight,Car/Taxi,2,Driver Fatigue,0,0,0,0,2,0,Medium
2022,7,Friday,21,KPK,Bannu,Urban Road,Good,Clear,Street Light,Car/Taxi,2,Over Speeding,0,0,0,0,2,0,Medium
2020,3,Sunday,22,Punjab,Sialkot,Rural Road,Average,Clear,Street Light,Motorcycle,1,Over Speeding,0,1,1,0,2,0,Medium
2019,1,Sunday,16,Sindh,Kashmore,Provincial Highway,Under Repair,Clear,Daylight,Motorcycle,4,Over Speeding,0,1,0,1,10,2,High
2022,2,Tuesday,15,Punjab,Rawalpindi,Rural Road,Poor,Clear,Daylight,Motorcycle,2,Wrong Overtaking,0,0,0,1,0,0,Low
2022,8,Monday,14,Punjab,Sheikhupura,Urban Road,Average,Rainy,Daylight,Motorcycle,2,Wrong Overtaking,0,0,0,0,1,0,Medium
2022,12,Monday,19,Punjab,Gujranwala,Urban Road,Average,Clear,No Light,Motorcycle,2,Mobile Phone Use,1,0,0,1,3,0,Medium
2021,11,Wednesday,12,Sindh,Larkana,Provincial Highway,Poor,Rainy,Daylight,Bicycle,4,Over Speeding,1,0,0,1,2,2,High
2020,3,Friday,19,KPK,Bannu,Rural Road,Average,Foggy,Dawn/Dusk,Motorcycle,1,Over Speeding,1,0,0,0,11,2,High
2018,11,Tuesday,0,Punjab,Rahim Yar Khan,Provincial Highway,Poor,Rainy,No Light,Car/Taxi,4,Weather Condition,0,0,1,1,4,0,Medium
2019,2,Monday,13,Punjab,Faisalabad,National Highway,Average,Clear,Daylight,Car/Taxi,2,Wrong Overtaking,1,0,0,1,3,0,Medium
2019,8,Monday,19,Sindh,Kashmore,Provincial Highway,Poor,Foggy,Dawn/Dusk,Rickshaw,2,Wrong Overtaking,1,0,0,0,1,0,Low
2023,6,Wednesday,10,Punjab,Multan,Provincial Highway,Poor,Clear,Daylight,Motorcycle,2,Mechanical Failure,0,0,0,0,1,0,Low
2018,10,Wednesday,5,Punjab,Sialkot,Urban Road,Average,Foggy,Street Light,Bus/Coach,2,Wrong Overtaking,0,0,1,0,1,0,Medium
2023,6,Saturday,15,Punjab,Sialkot,National Highway,Average,Clear,Dawn/Dusk,Motorcycle,1,Driver Fatigue,0,1,0,0,5,2,High
2023,9,Sunday,21,KPK,Dera Ismail Khan,Urban Road,Average,Foggy,No Light,Motorcycle,2,Wrong Overtaking,0,1,0,0,4,0,Medium
2022,9,Friday,16,Punjab,Gujranwala,Provincial Highway,Average,Clear,Dawn/Dusk,Car/Taxi,3,Signal Violation,0,0,0,0,1,0,Low
2019,3,Tuesday,13,Punjab,Rahim Yar Khan,Provincial Highway,Poor,Foggy,Daylight,Motorcycle,1,Wrong Overtaking,1,0,0,0,9,3,High
2021,1,Friday,3,Punjab,Sargodha,Provincial Highway,Good,Extreme Heat,Street Light,Rickshaw,1,Over Speeding,0,0,1,1,11,1,High
2022,8,Friday,21,Islamabad,Islamabad,Urban Road,Good,Clear,Street Light,Van/Pickup,2,Road Condition,0,0,0,0,1,0,Low
2023,11,Friday,5,KPK,Kohat,Urban Road,Average,Rainy,No Light,Car/Taxi,2,Driver Fatigue,0,0,1,1,3,1,Medium
2018,1,Tuesday,19,KPK,Mansehra,National Highway,Poor,Rainy,Dawn/Dusk,Motorcycle,2,Wrong Overtaking,1,0,0,1,6,1,High
2023,7,Sunday,7,Punjab,Lahore,National Highway,Good,Clear,Daylight,Motorcycle,2,Mechanical Failure,1,1,0,0,9,2,High
2018,1,Monday,14,Sindh,Thatta,Urban Road,Good,Clear,Daylight,Motorcycle,1,Wrong Overtaking,0,0,0,1,0,0,Low
2019,12,Friday,12,Punjab,Gujranwala,Rural Road,Good,Clear,Daylight,Van/Pickup,1,Wrong Overtaking,1,0,0,1,2,0,Low
2022,8,Wednesday,1,Sindh,Mirpur Khas,National Highway,Good,Extreme Heat,No Light,Bus/Coach,3,Road Condition,0,0,1,0,10,1,High
2018,7,Wednesday,6,Balochistan,Dera Bugti,Urban Road,Good,Clear,Daylight,Van/Pickup,1,Signal Violation,0,0,0,0,2,0,Low
2022,5,Thursday,18,Sindh,Nawabshah,National Highway,Under Repair,Extreme Heat,Daylight,Truck/Lorry,1,Over Speeding,1,0,0,0,3,1,High
2019,1,Saturday,21,Balochistan,Zhob,Motorway,Good,Foggy,Street Light,Car/Taxi,2,Road Condition,0,1,0,1,0,0,Low
2018,9,Saturday,20,KPK,Charsadda,Urban Road,Average,Foggy,Street Light,Van/Pickup,3,Pedestrian Error,1,1,0,0,0,0,Low
2023,4,Sunday,22,Punjab,Multan,Rural Road,Poor,Clear,Street Light,Rickshaw,2,Signal Violation,0,1,1,0,5,0,Medium
2020,11,Tuesday,11,Balochistan,Gwadar,National Highway,Average,Clear,Daylight,Van/Pickup,2,Over Speeding,0,0,0,1,6,0,High
2022,9,Monday,16,Punjab,Rawalpindi,Provincial Highway,Good,Clear,Daylight,Motorcycle,2,Over Speeding,0,0,0,0,4,1,High
2021,10,Sunday,10,Sindh,Dadu,National Highway,Average,Clear,Daylight,Truck/Lorry,1,Drunk Driving,0,1,0,0,4,1,High
2022,11,Tuesday,19,Punjab,Bahawalpur,Urban Road,Under Repair,Rainy,Dawn/Dusk,Bus/Coach,2,Signal Violation,1,0,0,1,2,1,Medium
2019,2,Monday,16,Punjab,Gujranwala,Motorway,Average,Extreme Heat,Daylight,Truck/Lorry,3,Drunk Driving,0,0,0,1,4,0,Medium
2020,9,Saturday,22,Sindh,Thatta,Provincial Highway,Good,Foggy,No Light,Bicycle,2,Driver Fatigue,0,1,1,0,10,2,High
2018,5,Tuesday,11,Punjab,Sialkot,National Highway,Poor,Rainy,Daylight,Rickshaw,3,Drunk Driving,0,0,0,0,1,0,Medium
2019,8,Saturday,8,Sindh,Mirpur Khas,National Highway,Average,Clear,Daylight,Motorcycle,1,Weather Condition,1,1,0,0,10,1,High
2020,8,Sunday,16,Sindh,Dadu,Urban Road,Good,Clear,Daylight,Motorcycle,1,Over Speeding,0,1,0,0,1,1,Medium
2021,4,Saturday,10,Punjab,Sheikhupura,National Highway,Good,Extreme Heat,Daylight,Rickshaw,2,Pedestrian Error,0,1,0,0,0,0,Low
2021,12,Friday,7,Punjab,Bahawalpur,Rural Road,Good,Clear,Daylight,Rickshaw,2,Pedestrian Error,1,0,0,1,0,0,Low
2023,1,Monday,9,Sindh,Kashmore,Urban Road,Good,Rainy,Daylight,Rickshaw,1,Over Speeding,1,0,0,1,1,0,Low
2021,12,Tuesday,9,Punjab,Rawalpindi,National Highway,Average,Clear,Daylight,Rickshaw,2,Driver Fatigue,1,0,0,1,11,1,High
2023,6,Thursday,16,KPK,Bannu,Rural Road,Good,Rainy,Street Light,Motorcycle,1,Pedestrian Error,0,0,0,0,5,0,Medium
2021,3,Saturday,8,Sindh,Nawabshah,National Highway,Good,Dusty/Smoggy,Daylight,Truck/Lorry,1,Mechanical Failure,1,1,0,0,2,0,Medium
2022,10,Wednesday,13,Balochistan,Sibi,Motorway,Average,Clear,Street Light,Bicycle,2,Drunk Driving,1,0,0,0,3,0,High
2022,9,Sunday,12,KPK,Peshawar,National Highway,Poor,Clear,Daylight,Car/Taxi,1,Over Speeding,1,1,0,0,4,1,Medium
2019,1,Saturday,12,Sindh,Karachi,National Highway,Poor,Dusty/Smoggy,Dawn/Dusk,Motorcycle,1,Over Speeding,1,1,0,1,7,2,High
2020,4,Wednesday,19,KPK,Mansehra,Urban Road,Average,Foggy,Street Light,Bus/Coach,2,Wrong Overtaking,1,0,0,0,4,1,Medium
2022,12,Monday,22,Punjab,Multan,Urban Road,Poor,Clear,Street Light,Car/Taxi,2,Drunk Driving,0,0,1,1,1,0,Low
2022,4,Friday,12,Punjab,Gujranwala,Urban Road,Poor,Foggy,Daylight,Motorcycle,4,Mobile Phone Use,1,0,0,0,1,0,Low
2023,7,Saturday,14,KPK,Kohat,National Highway,Good,Clear,No Light,Car/Taxi,2,Road Condition,0,1,0,0,2,0,Low
2020,2,Thursday,7,Sindh,Sukkur,Provincial Highway,Average,Foggy,Daylight,Car/Taxi,1,Pedestrian Error,1,0,0,1,0,0,Low