year,month,day_of_week,hour_of_day,province,district,road_type,road_condition,weather_condition,lighting_condition,vehicle_type,vehicles_involved,accident_cause,is_rush_hour,is_weekend,is_night,is_foggy_month,num_injured,num_killed,severity
2018,10,Wednesday,14,KPK,Bannu,Motorway,Average,Clear,Daylight,Other,2,Mechanical Failure,0,0,0,0,0,0,Low
2020,10,Friday,16,KPK,Peshawar,Provincial Highway,Poor,Clear,Daylight,Car/Taxi,1,Road Condition,0,0,0,0,0,0,Low
2021,5,Thursday,11,Balochistan,Zhob,National Highway,Average,Rainy,Daylight,Motorcycle,3,Driver Fatigue,0,0,0,0,7,3,High
2021,1,Friday,19,Balochistan,Turbat,Provincial Highway,Average,Clear,Dawn/Dusk,Bus/Coach,4,Signal Violation,1,0,0,1,5,0,Medium
2023,6,Sunday,16,Sindh,Hyderabad,National Highway,Good,Clear,Daylight,Motorcycle,1,Over Speeding,0,1,0,0,3,2,High
2019,4,Sunday,17,Punjab,Sheikhupura,National Highway,Under Repair,Clear,Daylight,Car/Taxi,2,Over Speeding,1,1,0,0,1,0,Medium
2023,7,Monday,16,Sindh,Kashmore,Provincial Highway,Good,Clear,Daylight,Car/Taxi,1,Wrong Overtaking,0,0,0,0,4,0,Medium
2018,7,Sunday,7,Punjab,Faisalabad,Provincial Highway,Under Repair,Clear,Street Light,Bus/Coach,1,Over Speeding,1,1,0,0,1,0,Medium
2021,5,Tuesday,19,Sindh,Dadu,National Highway,Average,Foggy,Dawn/Dusk,Motorcycle,1,Over Speeding,1,0,0,0,5,1,High
2021,1,Wednesday,13,KPK,Charsadda,National Highway,Poor,Dusty/Smoggy,Daylight,Car/Taxi,4,Over Speeding,1,0,0,1,3,0,Medium
2022,5,Saturday,7,KPK,Nowshera,Urban Road,Good,Rainy,Daylight,Motorcycle,1,Mechanical Failure,1,1,0,0,2,0,Low
2018,2,Wednesday,0,Punjab,Bahawalpur,National Highway,Poor,Clear,No Light,Motorcycle,1,Signal Violation,0,0,1,1,7,2,High
2022,6,Thursday,6,Punjab,Sheikhupura,Rural Road,Poor,Rainy,Daylight,Truck/Lorry,3,Driver Fatigue,0,0,0,0,5,0,High
2023,7,Friday,5,Sindh,Kashmore,Provincial Highway,Average,Clear,Street Light,Rickshaw,2,Pedestrian Error,0,0,1,0,3,1,Medium
2019,7,Thursday,12,Punjab,Sheikhupura,Provincial Highway,Good,Foggy,Daylight,Bus/Coach,2,Road Condition,1,0,0,0,4,0,Medium
2022,9,Saturday,22,Balochistan,Khuzdar,National Highway,Average,Foggy,No Light,Motorcycle,1,Over Speeding,0,1,1,0,9,0,High
2021,6,Sunday,17,Punjab,Rahim Yar Khan,National Highway,Average,Clear,Daylight,Motorcycle,1,Road Condition,1,1,0,0,4,0,Medium
2020,2,Saturday,15,Punjab,Lahore,Rural Road,Average,Clear,Street Light,Motorcycle,2,Over Speeding,0,1,0,1,2,1,Medium
2022,9,Wednesday,10,Punjab,Bahawalpur,Urban Road,Good,Clear,Daylight,Truck/Lorry,4,Driver Fatigue,0,0,0,0,1,2,Medium
2021,4,Thursday,19,Sindh,Kashmore,Rural Road,Average,Clear,Dawn/Dusk,Car/Taxi,3,Signal Violation,1,0,0,0,1,0,Low
2021,4,Saturday,19,Sindh,Larkana,National Highway,Good,Dusty/Smoggy,Street Light,Motorcycle,1,Pedestrian Error,1,1,0,0,6,2,High
2021,7,Friday,6,Punjab,Gujranwala,Urban Road,Average,Clear,Dawn/Dusk,Motorcycle,1,Weather Condition,0,0,0,0,5,1,Medium
2023,10,Wednesday,9,Punjab,Sialkot,National Highway,Poor,Clear,Street Light,Rickshaw,2,Road Condition,1,0,0,0,1,1,Medium
2023,7,Friday,18,Punjab,Sialkot,Urban Road,Average,Clear,Daylight,Motorcycle,2,Mechanical Failure,1,0,0,0,2,0,Low
2021,5,Tuesday,22,Punjab,Sargodha,Rural Road,Under Repair,Dusty/Smoggy,Street Light,Motorcycle,1,Over Speeding,0,0,1,0,2,1,High
2020,8,Sunday,2,KPK,Dera Ismail Khan,National Highway,Poor,Clear,Street Light,Truck/Lorry,3,Wrong Overtaking,0,1,1,0,5,0,High
2023,7,Monday,21,Sindh,Sukkur,Provincial Highway,Average,Clear,No Light,Motorcycle,1,Over Speeding,0,0,0,0,2,1,High
2021,6,Thursday,5,Punjab,Faisalabad,Urban Road,Good,Clear,Dawn/Dusk,Motorcycle,2,Wrong Overtaking,0,0,1,0,4,0,Medium
2022,9,Monday,9,Punjab,Sheikhupura,Rural Road,Poor,Clear,Daylight,Motorcycle,2,Pedestrian Error,1,0,0,0,2,0,Low
2022,11,Monday,12,AJK,Mirpur,National Highway,Poor,Foggy,Daylight,Car/Taxi,2,Over Speeding,1,0,0,1,5,1,Medium
2023,5,Monday,4,Sindh,Hyderabad,Urban Road,Good,Foggy,Street Light,Car/Taxi,1,Mechanical Failure,0,0,1,0,0,0,Low
2021,9,Sunday,20,KPK,Bannu,National Highway,Average,Rainy,No Light,Motorcycle,2,Driver Fatigue,1,1,0,0,3,1,High
2022,11,Sunday,7,Punjab,Rahim Yar Khan,Provincial Highway,Average,Clear,Daylight,Bus/Coach,1,Mechanical Failure,1,1,0,1,0,0,Low
2023,11,Tuesday,16,Sindh,Larkana,Provincial Highway,Average,Clear,Daylight,Motorcycle,1,Signal Violation,0,0,0,1,5,0,Medium
2018,12,Monday,9,Punjab,Lahore,Rural Road,Average,Clear,Daylight,Rickshaw,3,Over Speeding,1,0,0,1,0,0,Low
2021,1,Saturday,21,Sindh,Sukkur,Motorway,Good,Clear,Street Light,Car/Taxi,4,Over Speeding,0,1,0,1,2,0,Medium
2022,11,Wednesday,16,Islamabad,Islamabad,Urban Road,Poor,Foggy,Daylight,Motorcycle,2,Wrong Overtaking,0,0,0,1,1,0,Medium
2018,7,Sunday,3,Punjab,Rahim Yar Khan,Provincial Highway,Under Repair,Dusty/Smoggy,No Light,Motorcycle,3,Driver Fatigue,0,1,1,0,8,1,High
2023,5,Wednesday,14,Punjab,Faisalabad,Provincial Highway,Good,Dusty/Smoggy,Daylight,Van/Pickup,2,Wrong Overtaking,0,0,0,0,0,0,Low
2023,10,Thursday,18,Punjab,Multan,Urban Road,Good,Clear,Dawn/Dusk,Bicycle,2,Over Speeding,1,0,0,0,4,0,Medium
2023,6,Wednesday,8,Punjab,Faisalabad,National Highway,Good,Clear,Daylight,Car/Taxi,1,Over Speeding,1,0,0,0,1,0,Medium
2018,6,Sunday,13,Punjab,Rahim Yar Khan,National Highway,Poor,Rainy,Daylight,Motorcycle,2,Pedestrian Error,1,1,0,0,8,2,High
2018,7,Monday,20,Punjab,Sialkot,Provincial Highway,Average,Rainy,No Light,Motorcycle,2,Wrong Overtaking,1,0,0,0,6,2,High
2022,2,Saturday,20,KPK,Dera Ismail Khan,National Highway,Under Repair,Clear,No Light,Motorcycle,2,Road Condition,1,1,0,1,2,2,High
2023,7,Wednesday,13,Sindh,Karachi,Provincial Highway,Under Repair,Clear,Dawn/Dusk,Truck/Lorry,1,Over Speeding,1,0,0,0,4,1,Medium
2018,10,Saturday,9,Punjab,Gujranwala,National Highway,Good,Clear,Dawn/Dusk,Motorcycle,2,Over Speeding,1,1,0,0,7,1,High
2022,1,Friday,15,Balochistan,Sibi,National Highway,Poor,Clear,Daylight,Car/Taxi,2,Road Condition,0,0,0,1,2,0,Low
2023,6,Tuesday,19,Punjab,Lahore,National Highway,Poor,Dusty/Smoggy,Dawn/Dusk,Van/Pickup,2,Over Speeding,1,0,0,0,2,0,High
2020,4,Tuesday,1,Islamabad,Islamabad,Provincial Highway,Average,Clear,No Light,Other,2,Over Speeding,0,0,1,0,2,0,Medium
2023,4,Wednesday,9,Punjab,Multan,Provincial Highway,Average,Clear,No Light,Motorcycle,2,Over Speeding,1,0,0,0,5,2,Medium
2022,4,Saturday,2,Balochistan,Turbat,Rural Road,Poor,Clear,Street Light,Car/Taxi,1,Mechanical Failure,0,1,1,0,1,0,Low
2022,5,Sunday,17,Sindh,Hyderabad,National Highway,Average,Extreme Heat,Daylight,Motorcycle,2,Wrong Overtaking,1,1,0,0,2,1,Medium
2022,5,Monday,16,KPK,Kohat,National Highway,Poor,Clear,Daylight,Motorcycle,1,Driver Fatigue,0,0,0,0,4,3,High
2020,12,Wednesday,12,AJK,Mirpur,National Highway,Good,Rainy,Dawn/Dusk,Motorcycle,4,Driver Fatigue,1,0,0,1,4,1,High
2021,12,Friday,0,Punjab,Gujranwala,Provincial Highway,Poor,Clear,Street Light,Rickshaw,4,Driver Fatigue,0,0,1,1,7,2,High
2019,3,Thursday,20,Islamabad,Islamabad,Urban Road,Poor,Clear,No Light,Motorcycle,1,Signal Violation,1,0,0,0,4,1,Medium
2019,11,Saturday,16,Punjab,Lahore,Provincial Highway,Average,Dusty/Smoggy,Daylight,Motorcycle,2,Road Condition,0,1,0,1,2,0,Low
2018,11,Monday,22,Punjab,Gujranwala,Urban Road,Average,Clear,No Light,Car/Taxi,2,Road Condition,0,0,1,1,2,0,Low
2021,8,Monday,7,Punjab,Rawalpindi,Urban Road,Good,Clear,Daylight,Car/Taxi,1,Over Speeding,1,0,0,0,5,1,Medium
2019,7,Tuesday,6,Sindh,Hyderabad,Provincial Highway,Poor,Clear,Daylight,Bus/Coach,4,Pedestrian Error,0,0,0,0,0,0,Low
2020,11,Tuesday,18,Punjab,Multan,Rural Road,Poor,Dusty/Smoggy,No Light,Motorcycle,3,Signal Violation,1,0,0,1,4,0,Medium
2021,1,Monday,16,Sindh,Karachi,National Highway,Under Repair,Clear,Street Light,Car/Taxi,1,Road Condition,0,0,0,1,2,0,Low
2019,5,Saturday,20,Sindh,Sukkur,National Highway,Good,Rainy,No Light,Truck/Lorry,2,Over Speeding,1,1,0,0,9,2,High
2023,1,Friday,10,KPK,Peshawar,Urban Road,Poor,Foggy,Daylight,Car/Taxi,3,Signal Violation,0,0,0,1,1,1,Low
2023,7,Monday,15,KPK,Charsadda,Motorway,Average,Extreme Heat,Daylight,Bicycle,3,Wrong Overtaking,0,0,0,0,6,0,High
2022,9,Thursday,20,Sindh,Mirpur Khas,National Highway,Good,Clear,Street Light,Rickshaw,2,Road Condition,1,0,0,0,3,2,Medium
2019,6,Saturday,17,Punjab,Lahore,Urban Road,Poor,Foggy,Daylight,Motorcycle,4,Over Speeding,1,1,0,0,8,1,High
2022,2,Tuesday,21,Punjab,Faisalabad,National Highway,Good,Clear,No Light,Motorcycle,3,Road Condition,0,0,0,1,7,4,High
2022,3,Wednesday,9,Punjab,Sheikhupura,National Highway,Poor,Clear,Daylight,Car/Taxi,2,Mechanical Failure,1,0,0,0,2,0,Low
2019,3,Monday,8,Punjab,Sargodha,Provincial Highway,Good,Foggy,Daylight,Car/Taxi,3,Wrong Overtaking,1,0,0,0,1,0,Medium
2021,3,Wednesday,15,Punjab,Rawalpindi,National Highway,Average,Clear,Daylight,Bus/Coach,2,Pedestrian Error,0,0,0,0,3,0,Medium
2022,4,Thursday,23,Punjab,Lahore,Provincial Highway,Average,Clear,Street Light,Motorcycle,3,Driver Fatigue,0,0,1,0,5,1,High
2019,3,Thursday,15,Islamabad,Islamabad,Rural Road,Under Repair,Dusty/Smoggy,Dawn/Dusk,Car/Taxi,3,Drunk Driving,0,0,0,0,2,0,Low
2022,7,Thursday,10,Sindh,Hyderabad,Rural Road,Average,Clear,Daylight,Bicycle,4,Over Speeding,0,0,0,0,1,0,Medium
2022,7,Tuesday,8,Punjab,Sargodha,Provincial Highway,Average,Clear,Dawn/Dusk,Car/Taxi,3,Wrong Overtaking,1,0,0,0,3,2,Medium
2020,11,Saturday,21,Sindh,Thatta,Urban Road,Average,Dusty/Smoggy,Street Light,Rickshaw,1,Mobile Phone Use,0,1,0,1,2,0,Low
2021,5,Wednesday,16,Punjab,Gujranwala,National Highway,Poor,Clear,Daylight,Bicycle,1,Road Condition,0,0,0,0,4,1,High
2021,11,Sunday,10,Sindh,Larkana,Urban Road,Good,Clear,Dawn/Dusk,Rickshaw,1,Wrong Overtaking,0,1,0,1,2,0,Low
2023,7,Sunday,23,Sindh,Kashmore,Rural Road,Good,Clear,No Light,Motorcycle,4,Over Speeding,0,1,1,0,11,3,High
2021,1,Tuesday,9,Sindh,Larkana,Provincial Highway,Under Repair,Clear,Daylight,Rickshaw,2,Mechanical Failure,1,0,0,1,0,0,Low
2020,6,Monday,13,Punjab,Gujranwala,National Highway,Under Repair,Rainy,Daylight,Motorcycle,2,Over Speeding,1,0,0,0,2,1,High
2020,12,Sunday,23,Gilgit-Baltistan,Hunza,National Highway,Poor,Extreme Heat,No Light,Motorcycle,1,Over Speeding,0,1,1,1,6,2,High
2023,11,Tuesday,12,Balochistan,Loralai,National Highway,Average,Clear,No Light,Car/Taxi,2,Drunk Driving,1,0,0,1,2,1,Medium
2020,12,Saturday,12,Sindh,Jacobabad,National Highway,Poor,Clear,Daylight,Rickshaw,3,Over Speeding,1,1,0,1,3,1,Medium
2023,5,Thursday,12,Sindh,Larkana,National Highway,Average,Clear,Daylight,Motorcycle,1,Signal Violation,1,0,0,0,9,1,High
2021,9,Saturday,11,Sindh,Karachi,Provincial Highway,Average,Clear,Dawn/Dusk,Motorcycle,3,Wrong Overtaking,0,1,0,0,5,0,Medium
2020,9,Tuesday,11,Punjab,Gujranwala,National Highway,Average,Foggy,Daylight,Motorcycle,1,Road Condition,0,0,0,0,7,0,High
2023,11,Sunday,19,Punjab,Sargodha,Rural Road,Good,Clear,Street Light,Motorcycle,2,Wrong Overtaking,1,1,0,1,2,1,Medium
2018,8,Saturday,15,Punjab,Multan,Rural Road,Good,Foggy,Street Light,Motorcycle,3,Pedestrian Error,0,1,0,0,1,0,Low
2018,8,Sunday,7,Sindh,Jacobabad,Rural Road,Poor,Dusty/Smoggy,Daylight,Motorcycle,3,Pedestrian Error,1,1,0,0,4,0,Medium
2018,2,Thursday,9,Sindh,Thatta,Rural Road,Good,Clear,Daylight,Motorcycle,4,Driver Fatigue,1,0,0,1,2,1,Medium
2021,7,Tuesday,16,Punjab,Faisalabad,Provincial Highway,Poor,Clear,Daylight,Bus/Coach,1,Road Condition,0,0,0,0,1,0,Low
2023,1,Friday,10,Islamabad,Islamabad,Rural Road,Good,Clear,Daylight,Motorcycle,2,Drunk Driving,0,0,0,1,6,0,High
2023,5,Wednesday,10,Balochistan,Turbat,Provincial Highway,Poor,Clear,Daylight,Motorcycle,1,Signal Violation,0,0,0,0,3,1,Medium
2018,7,Thursday,18,KPK,Kohat,National Highway,Average,Clear,Street Light,Van/Pickup,2,Drunk Driving,1,0,0,0,3,2,High
2021,4,Sunday,13,Sindh,Sukkur,Provincial Highway,Poor,Clear,Daylight,Motorcycle,3,Signal Violation,1,1,0,0,3,0,Medium
2020,8,Sunday,9,Balochistan,Gwadar,Urban Road,Average,Rainy,Dawn/Dusk,Motorcycle,3,Wrong Overtaking,1,1,0,0,2,0,Medium
2019,7,Tuesday,6,Punjab,Lahore,Rural Road,Good,Rainy,Daylight,Motorcycle,1,Over Speeding,0,0,0,0,2,2,High
2021,5,Saturday,11,KPK,Swat,National Highway,Good,Clear,Daylight,Bicycle,2,Pedestrian Error,0,1,0,0,4,2,Medium
2019,8,Wednesday,10,Punjab,Multan,Provincial Highway,Good,Rainy,Daylight,Car/Taxi,1,Pedestrian Error,0,0,0,0,1,0,Medium
2021,9,Sunday,20,KPK,Swat,National Highway,Good,Clear,No Light,Car/Taxi,3,Pedestrian Error,1,1,0,0,2,0,Medium
2020,1,Tuesday,8,Punjab,Rawalpindi,National Highway,Average,Clear,Daylight,Motorcycle,3,Mechanical Failure,1,0,0,1,3,2,High
2023,2,Wednesday,15,Balochistan,Turbat,Provincial Highway,Average,Extreme Heat,No Light,Car/Taxi,1,Signal Violation,0,0,0,1,2,0,Medium
2019,1,Wednesday,17,Islamabad,Islamabad,Provincial Highway,Good,Foggy,Daylight,Car/Taxi,2,Wrong Overtaking,1,0,0,1,2,0,Low
2020,6,Saturday,20,Punjab,Multan,Urban Road,Good,Clear,Street Light,Car/Taxi,1,Mechanical Failure,1,1,0,0,1,0,Low
2020,7,Wednesday,14,Sindh,Thatta,Urban Road,Good,Clear,Daylight,Truck/Lorry,2,Road Condition,0,0,0,0,1,0,Low
2023,2,Tuesday,21,AJK,Rawalakot,Provincial Highway,Good,Foggy,Street Light,Motorcycle,3,Road Condition,0,0,0,1,11,0,High
2020,11,Sunday,7,Sindh,Nawabshah,Provincial Highway,Good,Rainy,Daylight,Motorcycle,1,Signal Violation,1,1,0,1,4,1,High
2020,3,Wednesday,13,Balochistan,Turbat,National Highway,Average,Extreme Heat,Street Light,Car/Taxi,2,Wrong Overtaking,1,0,0,0,1,0,Medium
2023,7,Friday,4,Sindh,Karachi,Provincial Highway,Poor,Clear,Street Light,Bus/Coach,2,Pedestrian Error,0,0,1,0,4,1,Medium
2019,7,Tuesday,6,Punjab,Sargodha,Provincial Highway,Average,Clear,Dawn/Dusk,Car/Taxi,2,Pedestrian Error,0,0,0,0,2,0,Low
2021,1,Thursday,10,Punjab,Sialkot,Urban Road,Average,Clear,Daylight,Rickshaw,2,Road Condition,0,0,0,1,2,0,Low
2020,12,Monday,14,Punjab,Rahim Yar Khan,National Highway,Good,Rainy,Street Light,Motorcycle,1,Drunk Driving,0,0,0,1,9,0,High
2023,2,Friday,12,KPK,Swat,National Highway,Under Repair,Clear,Daylight,Motorcycle,2,Road Condition,1,0,0,1,11,1,High
2022,4,Monday,10,Punjab,Sargodha,National Highway,Good,Clear,Street Light,Motorcycle,1,Over Speeding,0,0,0,0,11,0,High
2023,5,Wednesday,6,Sindh,Nawabshah,Motorway,Average,Clear,Daylight,Rickshaw,2,Signal Violation,0,0,0,0,5,1,Medium
2023,4,Friday,12,Sindh,Hyderabad,National Highway,Average,Dusty/Smoggy,Dawn/Dusk,Motorcycle,1,Over Speeding,1,0,0,0,11,4,High
2020,2,Saturday,5,Sindh,Larkana,Urban Road,Good,Clear,Dawn/Dusk,Motorcycle,3,Wrong Overtaking,0,1,1,1,3,0,Medium
2020,12,Tuesday,14,Balochistan,Sibi,Urban Road,Good,Clear,Daylight,Motorcycle,2,Driver Fatigue,0,0,0,1,5,1,Medium
2023,1,Tuesday,12,AJK,Mirpur,Rural Road,Average,Clear,Daylight,Motorcycle,2,Road Condition,1,0,0,1,0,0,Low
2018,9,Wednesday,13,Punjab,Lahore,Provincial Highway,Good,Clear,Daylight,Bus/Coach,1,Road Condition,1,0,0,0,4,0,Medium
2019,4,Tuesday,0,KPK,Nowshera,Urban Road,Average,Rainy,Street Light,Bus/Coach,2,Wrong Overtaking,0,0,1,0,5,2,Medium
2023,10,Monday,14,KPK,Peshawar,Provincial Highway,Poor,Dusty/Smoggy,Daylight,Motorcycle,1,Drunk Driving,0,0,0,0,7,1,High
2023,7,Saturday,18,Sindh,Thatta,National Highway,Poor,Rainy,Daylight,Motorcycle,2,Signal Violation,1,1,0,0,6,1,High
2020,8,Monday,22,Islamabad,Islamabad,Motorway,Under Repair,Clear,No Light,Car/Taxi,2,Wrong Overtaking,0,0,1,0,2,1,Medium
2019,6,Wednesday,15,Punjab,Rawalpindi,Rural Road,Average,Foggy,Daylight,Other,2,Mobile Phone Use,0,0,0,0,0,0,Low
2020,4,Friday,13,Punjab,Sheikhupura,Provincial Highway,Average,Extreme Heat,Daylight,Motorcycle,1,Driver Fatigue,1,0,0,0,4,2,High
2019,7,Thursday,11,Balochistan,Hub,Urban Road,Average,Clear,Daylight,Motorcycle,3,Mechanical Failure,0,0,0,0,1,1,Medium
2018,9,Saturday,15,Sindh,Nawabshah,Motorway,Good,Rainy,Daylight,Van/Pickup,3,Over Speeding,0,1,0,0,3,2,High
2022,11,Saturday,14,Balochistan,Gwadar,Provincial Highway,Good,Foggy,Street Light,Motorcycle,2,Wrong Overtaking,0,1,0,1,3,2,High
2020,1,Sunday,22,Balochistan,Zhob,Rural Road,Average,Foggy,Street Light,Bus/Coach,2,Over Speeding,0,1,1,1,4,2,High
2021,11,Friday,20,Punjab,Sheikhupura,Provincial Highway,Poor,Dusty/Smoggy,Street Light,Motorcycle,1,Pedestrian Error,1,0,0,1,2,0,Low
2022,7,Saturday,7,Balochistan,Loralai,Rural Road,Good,Clear,Street Light,Rickshaw,3,Over Speeding,1,1,0,0,0,0,Low
2022,12,Wednesday,12,Sindh,Hyderabad,Provincial Highway,Under Repair,Foggy,Daylight,Car/Taxi,2,Over Speeding,1,0,0,1,4,2,Medium
2023,4,Tuesday,13,Sindh,Nawabshah,Provincial Highway,Average,Rainy,Daylight,Motorcycle,1,Mobile Phone Use,1,0,0,0,10,4,High
2022,7,Tuesday,10,Sindh,Dadu,Urban Road,Good,Extreme Heat,Daylight,Rickshaw,2,Signal Violation,0,0,0,0,1,0,Low
2019,6,Monday,20,Islamabad,Islamabad,Rural Road,Poor,Clear,Street Light,Rickshaw,1,Over Speeding,1,0,0,0,1,0,Low
2020,7,Friday,7,Punjab,Bahawalpur,National Highway,Good,Clear,Daylight,Car/Taxi,2,Road Condition,1,0,0,0,2,0,Low
2021,4,Sunday,17,Sindh,Karachi,Urban Road,Good,Clear,Daylight,Van/Pickup,2,Road Condition,1,1,0,0,1,0,Low
2018,8,Thursday,13,KPK,Kohat,Rural Road,Good,Clear,Dawn/Dusk,Car/Taxi,1,Over Speeding,1,0,0,0,1,0,Low
2022,11,Monday,9,KPK,Mansehra,National Highway,Poor,Dusty/Smoggy,Daylight,Rickshaw,3,Road Condition,1,0,0,1,1,0,Low
2021,6,Monday,11,KPK,Bannu,National Highway,Good,Clear,Daylight,Bus/Coach,2,Pedestrian Error,0,0,0,0,3,0,Medium
2022,10,Saturday,9,Punjab,Multan,Provincial Highway,Poor,Dusty/Smoggy,No Light,Car/Taxi,1,Over Speeding,1,1,0,0,5,0,Medium
2021,5,Wednesday,8,Punjab,Lahore,Rural Road,Average,Foggy,Daylight,Motorcycle,2,Over Speeding,1,0,0,0,2,1,High
2023,7,Tuesday,16,Punjab,Sialkot,Urban Road,Under Repair,Rainy,Daylight,Motorcycle,2,Drunk Driving,0,0,0,0,3,1,Medium
2019,1,Tuesday,18,KPK,Bannu,Rural Road,Poor,Clear,Street Light,Motorcycle,1,Wrong Overtaking,1,0,0,1,4,0,Medium
2019,7,Saturday,19,Punjab,Sialkot,Provincial Highway,Average,Clear,No Light,Motorcycle,2,Signal Violation,1,1,0,0,2,2,Medium
2018,5,Thursday,16,Punjab,Sargodha,Provincial Highway,Poor,Clear,Daylight,Motorcycle,2,Mechanical Failure,0,0,0,0,3,0,Medium
2019,6,Tuesday,8,Islamabad,Islamabad,Urban Road,Good,Clear,Daylight,Truck/Lorry,3,Over Speeding,1,0,0,0,2,0,Medium
2022,8,Wednesday,9,Punjab,Rahim Yar Khan,Rural Road,Good,Foggy,Daylight,Motorcycle,2,Wrong Overtaking,1,0,0,0,4,2,Medium
2022,12,Monday,14,Gilgit-Baltistan,Gilgit,National Highway,Good,Clear,Daylight,Motorcycle,2,Over Speeding,0,0,0,1,7,1,High
2018,6,Friday,11,KPK,Mardan,Provincial Highway,Good,Clear,Dawn/Dusk,Motorcycle,1,Over Speeding,0,0,0,0,4,3,High
2019,5,Friday,21,KPK,Abbottabad,Provincial Highway,Under Repair,Dusty/Smoggy,Street Light,Car/Taxi,1,Weather Condition,0,0,0,0,0,0,Low
2019,6,Monday,18,Punjab,Lahore,Provincial Highway,Good,Dusty/Smoggy,Daylight,Motorcycle,1,Wrong Overtaking,1,0,0,0,5,0,Medium
2022,10,Thursday,0,Punjab,Faisalabad,Urban Road,Average,Clear,No Light,Motorcycle,1,Pedestrian Error,0,0,1,0,2,0,Low
2018,4,Saturday,23,KPK,Nowshera,Provincial Highway,Good,Extreme Heat,No Light,Motorcycle,2,Wrong Overtaking,0,1,1,0,9,3,High
2019,3,Friday,19,KPK,Bannu,National Highway,Good,Clear,Dawn/Dusk,Car/Taxi,2,Over Speeding,1,0,0,0,1,1,Medium
2020,7,Thursday,9,KPK,Bannu,National Highway,Good,Extreme Heat,No Light,Car/Taxi,1,Wrong Overtaking,1,0,0,0,0,0,Low
2021,12,Monday,16,Punjab,Sheikhupura,National Highway,Average,Extreme Heat,Daylight,Car/Taxi,2,Wrong Overtaking,0,0,0,1,3,1,Medium
2020,2,Tuesday,20,KPK,Peshawar,National Highway,Good,Extreme Heat,Street Light,Car/Taxi,1,Pedestrian Error,1,0,0,1,2,0,Low
2023,3,Tuesday,9,KPK,Nowshera,Urban Road,Average,Foggy,Daylight,Motorcycle,3,Pedestrian Error,1,0,0,0,2,0,Low
2022,8,Saturday,9,Sindh,Jacobabad,Urban Road,Good,Clear,Daylight,Bus/Coach,2,Signal Violation,1,1,0,0,1,0,Low
2023,10,Monday,13,KPK,Bannu,Urban Road,Poor,Clear,Street Light,Motorcycle,2,Signal Violation,1,0,0,0,2,2,Medium
2023,6,Tuesday,17,Balochistan,Sibi,Provincial Highway,Poor,Foggy,Daylight,Motorcycle,1,Wrong Overtaking,1,0,0,0,7,2,High
2023,9,Friday,22,Sindh,Karachi,Urban Road,Under Repair,Foggy,No Light,Bicycle,3,Over Speeding,0,0,1,0,9,2,High
2022,12,Friday,20,Punjab,Rahim Yar Khan,Urban Road,Under Repair,Clear,No Light,Bicycle,4,Pedestrian Error,1,0,0,1,0,0,Low
2023,2,Thursday,18,Sindh,Mirpur Khas,Urban Road,Good,Clear,Daylight,Car/Taxi,3,Wrong Overtaking,1,0,0,1,1,0,Low
2022,6,Sunday,18,Punjab,Faisalabad,Rural Road,Under Repair,Clear,Daylight,Car/Taxi,2,Mechanical Failure,1,1,0,0,1,0,Low
2023,1,Thursday,20,Punjab,Sialkot,National Highway,Average,Foggy,Street Light,Other,1,Road Condition,1,0,0,1,4,0,Medium
2022,6,Monday,5,Punjab,Faisalabad,National Highway,Average,Dusty/Smoggy,Dawn/Dusk,Car/Taxi,2,Pedestrian Error,0,0,1,0,0,0,Low
2022,11,Monday,4,Punjab,Sialkot,Urban Road,Average,Extreme Heat,Street Light,Car/Taxi,2,Wrong Overtaking,0,0,1,1,2,0,Low
2019,12,Sunday,16,Punjab,Sargodha,Motorway,Average,Rainy,Daylight,Motorcycle,1,Mobile Phone Use,0,1,0,1,3,1,Medium
2022,7,Saturday,21,Punjab,Sialkot,Urban Road,Good,Extreme Heat,No Light,Car/Taxi,2,Drunk Driving,0,1,0,0,4,1,Medium
2020,12,Friday,22,KPK,Peshawar,Provincial Highway,Good,Clear,Street Light,Motorcycle,1,Signal Violation,0,0,1,1,9,0,High
2021,11,Tuesday,21,Islamabad,Islamabad,Provincial Highway,Average,Clear,No Light,Truck/Lorry,1,Over Speeding,0,0,0,1,6,2,High
2021,1,Tuesday,9,Punjab,Multan,National Highway,Good,Clear,Daylight,Car/Taxi,1,Mechanical Failure,1,0,0,1,1,0,Low
2021,5,Saturday,16,Islamabad,Islamabad,Urban Road,Average,Clear,Daylight,Motorcycle,1,Pedestrian Error,0,1,0,0,3,0,Medium
2018,8,Saturday,13,Sindh,Sukkur,National Highway,Poor,Foggy,Daylight,Motorcycle,2,Signal Violation,1,1,0,0,6,1,High
2021,2,Saturday,14,Punjab,Gujranwala,Rural Road,Good,Clear,Daylight,Bus/Coach,1,Signal Violation,0,1,0,1,4,0,Medium
2018,12,Thursday,16,Punjab,Sargodha,National Highway,Good,Extreme Heat,Daylight,Van/Pickup,1,Pedestrian Error,0,0,0,1,3,0,Medium
2022,12,Friday,0,Sindh,Sukkur,National Highway,Poor,Rainy,Street Light,Motorcycle,2,Over Speeding,0,0,1,1,11,2,High