year,month,day_of_week,hour_of_day,province,district,road_type,road_condition,weather_condition,lighting_condition,vehicle_type,vehicles_involved,accident_cause,is_rush_hour,is_weekend,is_night,is_foggy_month,num_injured,num_killed,severity
2018,10,Thursday,1,KPK,Peshawar,Urban Road,Good,Clear,No Light,Motorcycle,2,Mechanical Failure,0,0,1,0,3,0,Medium
2022,10,Friday,20,KPK,Bannu,Rural Road,Average,Rainy,No Light,Truck/Lorry,1,Mechanical Failure,1,0,0,0,2,0,Medium
2022,9,Monday,8,Punjab,Sialkot,National Highway,Poor,Clear,Street Light,Car/Taxi,1,Wrong Overtaking,1,0,0,0,1,1,Medium
2023,8,Sunday,7,Punjab,Sialkot,National Highway,Average,Rainy,Daylight,Motorcycle,3,Road Condition,1,1,0,0,4,1,High
2023,10,Sunday,9,Punjab,Multan,National Highway,Good,Clear,Daylight,Bicycle,2,Over Speeding,1,1,0,0,5,1,High
2022,7,Thursday,20,Punjab,Lahore,Urban Road,Average,Clear,Street Light,Motorcycle,2,Mobile Phone Use,1,0,0,0,4,1,Medium
2023,11,Sunday,20,Punjab,Sheikhupura,Rural Road,Good,Foggy,Street Light,Car/Taxi,3,Wrong Overtaking,1,1,0,1,0,0,Low
2023,4,Tuesday,20,Punjab,Rahim Yar Khan,Urban Road,Good,Clear,Street Light,Motorcycle,3,Mechanical Failure,1,0,0,0,1,0,Low
2018,11,Sunday,21,KPK,Nowshera,Provincial Highway,Good,Rainy,No Light,Car/Taxi,2,Over Speeding,0,1,0,1,2,1,Medium
2021,4,Thursday,9,Islamabad,Islamabad,Urban Road,Average,Clear,Daylight,Car/Taxi,3,Wrong Overtaking,1,0,0,0,2,0,Low
2023,4,Monday,9,Punjab,Rahim Yar Khan,Provincial Highway,Average,Foggy,Daylight,Bicycle,2,Road Condition,1,0,0,0,4,2,Medium
2022,11,Monday,19,Balochistan,Loralai,Provincial Highway,Average,Clear,Dawn/Dusk,Car/Taxi,1,Road Condition,1,0,0,1,2,0,Low
2019,6,Wednesday,13,Punjab,Sargodha,Rural Road,Average,Rainy,No Light,Motorcycle,2,Signal Violation,1,0,0,0,1,1,Medium
2023,12,Monday,8,Sindh,Jacobabad,Motorway,Poor,Rainy,Dawn/Dusk,Car/Taxi,1,Over Speeding,1,0,0,1,9,0,High
2020,2,Saturday,8,Punjab,Bahawalpur,Rural Road,Good,Foggy,Street Light,Motorcycle,2,Over Speeding,1,1,0,1,7,4,High
2020,8,Friday,5,Sindh,Thatta,Urban Road,Good,Clear,Street Light,Car/Taxi,1,Pedestrian Error,0,0,1,0,1,1,Low
2020,11,Sunday,17,AJK,Rawalakot,Provincial Highway,Average,Clear,Daylight,Bus/Coach,2,Wrong Overtaking,1,1,0,1,3,1,Medium
2022,5,Sunday,23,Sindh,Thatta,National Highway,Poor,Rainy,Street Light,Motorcycle,2,Mechanical Failure,0,1,1,0,2,1,High
2021,1,Sunday,7,Punjab,Multan,Provincial Highway,Under Repair,Rainy,Daylight,Motorcycle,2,Road Condition,1,1,0,1,3,0,High
2021,7,Thursday,22,Sindh,Jacobabad,Rural Road,Poor,Clear,Street Light,Motorcycle,1,Signal Violation,0,0,1,0,3,0,Medium
2022,12,Thursday,10,Punjab,Gujranwala,National Highway,Poor,Foggy,Daylight,Car/Taxi,2,Signal Violation,0,0,0,1,3,1,Medium
2019,2,Tuesday,17,Balochistan,Gwadar,Provincial Highway,Good,Clear,Daylight,Rickshaw,2,Over Speeding,1,0,0,1,5,0,Medium
2021,3,Tuesday,18,Sindh,Larkana,Provincial Highway,Good,Clear,Daylight,Car/Taxi,3,Signal Violation,1,0,0,0,1,0,Low
2019,6,Friday,21,Sindh,Nawabshah,National Highway,Poor,Clear,Street Light,Car/Taxi,1,Over Speeding,0,0,0,0,8,1,High
2023,10,Tuesday,13,Sindh,Hyderabad,National Highway,Average,Rainy,Daylight,Car/Taxi,1,Driver Fatigue,1,0,0,0,10,0,High
2022,8,Monday,9,Sindh,Mirpur Khas,Urban Road,Good,Clear,Daylight,Car/Taxi,1,Wrong Overtaking,1,0,0,0,0,0,Low
2023,9,Monday,17,Punjab,Bahawalpur,Rural Road,Good,Clear,Daylight,Motorcycle,3,Over Speeding,1,0,0,0,2,0,Medium
2023,7,Tuesday,6,KPK,Mardan,Urban Road,Average,Clear,Daylight,Rickshaw,1,Wrong Overtaking,0,0,0,0,1,0,Low
2020,11,Friday,7,Punjab,Gujranwala,National Highway,Poor,Clear,Daylight,Motorcycle,2,Driver Fatigue,1,0,0,1,7,2,High
2019,3,Saturday,13,KPK,Nowshera,National Highway,Poor,Foggy,Daylight,Motorcycle,4,Driver Fatigue,1,1,0,0,2,1,High
2023,5,Monday,20,KPK,Kohat,Urban Road,Poor,Extreme Heat,No Light,Rickshaw,4,Wrong Overtaking,1,0,0,0,2,0,Low
2022,11,Tuesday,22,KPK,Dera Ismail Khan,Motorway,Good,Clear,No Light,Car/Taxi,2,Signal Violation,0,0,1,1,3,1,Medium
2018,4,Friday,17,Sindh,Dadu,Urban Road,Average,Foggy,Daylight,Motorcycle,4,Road Condition,1,0,0,0,2,0,Low
2020,7,Saturday,23,Sindh,Dadu,National Highway,Average,Clear,No Light,Truck/Lorry,1,Wrong Overtaking,0,1,1,0,10,0,High
2020,12,Saturday,15,Punjab,Bahawalpur,National Highway,Poor,Foggy,Daylight,Bus/Coach,2,Wrong Overtaking,0,1,0,1,5,1,High
2018,5,Monday,20,KPK,Bannu,Urban Road,Average,Foggy,No Light,Car/Taxi,1,Wrong Overtaking,1,0,0,0,0,0,Low
2018,11,Sunday,15,Punjab,Faisalabad,Urban Road,Under Repair,Foggy,Daylight,Car/Taxi,1,Road Condition,0,1,0,1,2,0,Low
2021,7,Wednesday,8,Sindh,Sukkur,National Highway,Average,Dusty/Smoggy,Dawn/Dusk,Rickshaw,2,Drunk Driving,1,0,0,0,4,0,Medium
2022,1,Tuesday,1,Punjab,Multan,Urban Road,Good,Clear,No Light,Motorcycle,3,Road Condition,0,0,1,1,1,0,Low
2023,8,Sunday,21,Punjab,Gujranwala,Rural Road,Poor,Foggy,Street Light,Rickshaw,3,Mobile Phone Use,0,1,0,0,2,0,Low
2019,6,Tuesday,17,Sindh,Kashmore,National Highway,Good,Clear,Street Light,Bus/Coach,2,Driver Fatigue,1,0,0,0,2,2,High
2023,1,Saturday,6,Punjab,Faisalabad,Urban Road,Poor,Foggy,Daylight,Motorcycle,3,Road Condition,0,1,0,1,0,0,Low
2021,8,Saturday,1,KPK,Dera Ismail Khan,Provincial Highway,Poor,Clear,No Light,Motorcycle,2,Over Speeding,0,1,1,0,10,1,High
2023,7,Tuesday,13,Punjab,Multan,Urban Road,Under Repair,Dusty/Smoggy,Street Light,Car/Taxi,3,Mechanical Failure,1,0,0,0,1,0,Low
2019,12,Wednesday,8,Punjab,Multan,Urban Road,Poor,Rainy,Daylight,Rickshaw,2,Driver Fatigue,1,0,0,1,0,0,Low
2020,6,Saturday,15,Sindh,Mirpur Khas,Rural Road,Average,Dusty/Smoggy,Daylight,Motorcycle,4,Signal Violation,0,1,0,0,0,0,Low
2020,8,Friday,0,Punjab,Sialkot,National Highway,Good,Clear,No Light,Car/Taxi,2,Wrong Overtaking,0,0,1,0,5,0,Medium
2020,12,Tuesday,7,Punjab,Lahore,National Highway,Poor,Foggy,Daylight,Car/Taxi,1,Wrong Overtaking,1,0,0,1,3,0,Medium
2023,11,Thursday,5,KPK,Mansehra,National Highway,Good,Clear,Dawn/Dusk,Car/Taxi,2,Over Speeding,0,0,1,1,3,0,Medium
2021,12,Saturday,14,Punjab,Sheikhupura,Urban Road,Good,Clear,No Light,Rickshaw,2,Road Condition,0,1,0,1,0,0,Low
2021,7,Thursday,16,KPK,Abbottabad,National Highway,Average,Clear,Daylight,Motorcycle,1,Road Condition,0,0,0,0,2,0,Medium
2019,5,Wednesday,8,Punjab,Faisalabad,Provincial Highway,Good,Clear,Daylight,Truck/Lorry,2,Wrong Overtaking,1,0,0,0,3,0,Medium
2021,12,Saturday,9,Punjab,Bahawalpur,Rural Road,Good,Clear,Daylight,Motorcycle,2,Over Speeding,1,1,0,1,2,2,High
2020,7,Saturday,7,KPK,Mardan,National Highway,Good,Rainy,Dawn/Dusk,Van/Pickup,2,Over Speeding,1,1,0,0,3,0,Medium
2021,12,Friday,16,Punjab,Bahawalpur,National Highway,Good,Clear,Street Light,Motorcycle,1,Over Speeding,0,0,0,1,7,1,High
2020,5,Sunday,7,Punjab,Rahim Yar Khan,Provincial Highway,Good,Clear,No Light,Car/Taxi,2,Signal Violation,1,1,0,0,1,0,Low
2020,12,Saturday,11,Punjab,Multan,Urban Road,Good,Rainy,Daylight,Motorcycle,1,Over Speeding,0,1,0,1,5,0,Medium
2019,1,Sunday,20,Punjab,Sheikhupura,Provincial Highway,Good,Dusty/Smoggy,No Light,Bus/Coach,3,Wrong Overtaking,1,1,0,1,1,0,Low
2021,5,Monday,8,Balochistan,Gwadar,Provincial Highway,Poor,Clear,Daylight,Truck/Lorry,4,Wrong Overtaking,1,0,0,0,4,0,Medium
2022,2,Friday,20,Punjab,Lahore,National Highway,Good,Foggy,No Light,Car/Taxi,2,Wrong Overtaking,1,0,0,1,4,0,Medium
2020,7,Saturday,19,KPK,Charsadda,National Highway,Poor,Clear,No Light,Motorcycle,2,Wrong Overtaking,1,1,0,0,4,1,Medium
2019,10,Saturday,18,Balochistan,Quetta,Urban Road,Under Repair,Clear,Daylight,Motorcycle,2,Signal Violation,1,1,0,0,5,1,Medium
2018,7,Friday,5,Sindh,Mirpur Khas,Rural Road,Average,Clear,Daylight,Car/Taxi,1,Pedestrian Error,0,0,1,0,0,0,Low
2021,12,Friday,20,Balochistan,Loralai,Provincial Highway,Poor,Clear,No Light,Motorcycle,2,Wrong Overtaking,1,0,0,1,4,0,Medium
2022,12,Wednesday,23,Punjab,Rawalpindi,Urban Road,Good,Clear,No Light,Car/Taxi,3,Driver Fatigue,0,0,1,1,3,0,Medium
2022,5,Tuesday,8,Islamabad,Islamabad,National Highway,Average,Clear,Daylight,Truck/Lorry,1,Drunk Driving,1,0,0,0,3,0,High
2022,12,Monday,12,Punjab,Sialkot,National Highway,Good,Foggy,Daylight,Truck/Lorry,3,Over Speeding,1,0,0,1,5,2,High
2023,9,Monday,19,KPK,Peshawar,National Highway,Good,Clear,Dawn/Dusk,Motorcycle,2,Wrong Overtaking,1,0,0,0,1,2,Medium
2019,2,Sunday,16,Sindh,Nawabshah,National Highway,Under Repair,Clear,Daylight,Car/Taxi,3,Mechanical Failure,0,1,0,1,4,0,Medium
2023,12,Monday,13,Punjab,Gujranwala,Urban Road,Good,Rainy,Daylight,Motorcycle,2,Mechanical Failure,1,0,0,1,0,0,Low
2022,12,Sunday,12,Sindh,Hyderabad,National Highway,Good,Foggy,No Light,Van/Pickup,3,Driver Fatigue,1,1,0,1,11,2,High
2019,2,Friday,19,KPK,Swat,National Highway,Average,Clear,Dawn/Dusk,Car/Taxi,3,Over Speeding,1,0,0,1,5,0,Medium
2022,7,Sunday,18,Punjab,Sargodha,Urban Road,Average,Foggy,Daylight,Car/Taxi,2,Over Speeding,1,1,0,0,5,1,Medium
2020,5,Sunday,8,Punjab,Sialkot,Provincial Highway,Good,Rainy,Daylight,Motorcycle,3,Signal Violation,1,1,0,0,10,2,High
2022,7,Tuesday,15,KPK,Dera Ismail Khan,Rural Road,Under Repair,Clear,Street Light,Motorcycle,2,Mechanical Failure,0,0,0,0,1,0,Low
2023,12,Thursday,18,KPK,Mansehra,Provincial Highway,Good,Clear,Street Light,Truck/Lorry,1,Wrong Overtaking,1,0,0,1,4,0,Medium
2022,5,Monday,16,Islamabad,Islamabad,Urban Road,Poor,Clear,No Light,Motorcycle,4,Signal Violation,0,0,0,0,4,0,Medium
2020,10,Thursday,21,KPK,Bannu,Rural Road,Average,Dusty/Smoggy,Street Light,Motorcycle,2,Wrong Overtaking,0,0,0,0,3,1,Medium
2021,1,Saturday,9,Islamabad,Islamabad,Rural Road,Poor,Foggy,Dawn/Dusk,Motorcycle,2,Road Condition,1,1,0,1,3,0,Medium
2022,11,Monday,1,KPK,Mardan,Urban Road,Poor,Clear,No Light,Motorcycle,3,Signal Violation,0,0,1,1,2,1,Medium
2020,10,Saturday,8,Punjab,Lahore,Provincial Highway,Good,Foggy,Daylight,Bus/Coach,2,Signal Violation,1,1,0,0,5,3,High
2020,4,Sunday,18,Punjab,Faisalabad,National Highway,Good,Foggy,Daylight,Motorcycle,2,Over Speeding,1,1,0,0,10,0,High
2023,7,Saturday,20,KPK,Abbottabad,Provincial Highway,Good,Clear,No Light,Truck/Lorry,1,Over Speeding,1,1,0,0,3,0,High
2022,2,Sunday,13,Sindh,Dadu,Provincial Highway,Under Repair,Extreme Heat,Daylight,Car/Taxi,4,Mechanical Failure,1,1,0,1,1,0,Low
2021,12,Friday,22,Punjab,Rahim Yar Khan,Rural Road,Good,Foggy,No Light,Rickshaw,4,Over Speeding,0,0,1,1,9,0,High
2023,10,Monday,12,Punjab,Sheikhupura,Provincial Highway,Average,Clear,Daylight,Motorcycle,2,Wrong Overtaking,1,0,0,0,2,1,High
2020,2,Friday,12,Islamabad,Islamabad,Urban Road,Average,Clear,Daylight,Van/Pickup,1,Over Speeding,1,0,0,1,2,0,Low
2019,6,Wednesday,8,Sindh,Mirpur Khas,Rural Road,Poor,Clear,Daylight,Motorcycle,2,Wrong Overtaking,1,0,0,0,3,2,Medium
2022,1,Friday,9,Sindh,Jacobabad,National Highway,Average,Clear,Daylight,Motorcycle,2,Signal Violation,1,0,0,1,2,0,High
2019,12,Monday,20,Sindh,Sukkur,Provincial Highway,Good,Clear,Street Light,Bus/Coach,2,Pedestrian Error,1,0,0,1,4,2,Medium
2019,6,Thursday,11,Punjab,Rahim Yar Khan,Provincial Highway,Good,Clear,Daylight,Motorcycle,3,Over Speeding,0,0,0,0,4,0,Medium
2020,11,Monday,18,Punjab,Faisalabad,National Highway,Average,Rainy,Daylight,Motorcycle,2,Signal Violation,1,0,0,1,5,3,High
2020,6,Sunday,21,Punjab,Sialkot,Rural Road,Good,Clear,No Light,Motorcycle,2,Over Speeding,0,1,0,0,8,0,High
2023,12,Thursday,17,Punjab,Sialkot,Urban Road,Under Repair,Clear,Daylight,Bus/Coach,2,Over Speeding,1,0,0,1,1,0,Medium
2019,6,Tuesday,15,KPK,Kohat,Motorway,Good,Foggy,Daylight,Motorcycle,1,Wrong Overtaking,0,0,0,0,8,1,High
2020,1,Saturday,23,Punjab,Lahore,Rural Road,Poor,Clear,No Light,Car/Taxi,2,Road Condition,0,1,1,1,0,1,Low
2023,10,Wednesday,6,KPK,Dera Ismail Khan,Rural Road,Average,Clear,No Light,Motorcycle,1,Over Speeding,0,0,0,0,1,1,Medium
2020,2,Monday,19,Balochistan,Turbat,National Highway,Average,Foggy,Street Light,Van/Pickup,2,Signal Violation,1,0,0,1,10,3,High
2020,5,Sunday,20,Punjab,Sargodha,National Highway,Average,Clear,No Light,Motorcycle,1,Wrong Overtaking,1,1,0,0,8,2,High
2018,12,Saturday,20,Sindh,Kashmore,Urban Road,Under Repair,Clear,No Light,Motorcycle,2,Over Speeding,1,1,0,1,1,0,Medium
2022,5,Thursday,3,Sindh,Hyderabad,Urban Road,Good,Clear,Street Light,Motorcycle,1,Signal Violation,0,0,1,0,5,0,Medium
2020,10,Sunday,9,Balochistan,Hub,National Highway,Poor,Clear,Dawn/Dusk,Car/Taxi,2,Pedestrian Error,1,1,0,0,0,0,Low
2019,12,Wednesday,7,Punjab,Rahim Yar Khan,National Highway,Good,Clear,Dawn/Dusk,Motorcycle,4,Pedestrian Error,1,0,0,1,6,0,High
2023,4,Tuesday,8,KPK,Swat,Provincial Highway,Poor,Clear,Dawn/Dusk,Rickshaw,1,Over Speeding,1,0,0,0,5,0,Medium
2020,12,Saturday,16,Sindh,Kashmore,Rural Road,Good,Clear,Daylight,Motorcycle,2,Driver Fatigue,0,1,0,1,2,1,Medium
2022,1,Monday,11,Punjab,Lahore,Urban Road,Good,Clear,Street Light,Motorcycle,2,Pedestrian Error,0,0,0,1,2,0,Low
2023,10,Thursday,19,Punjab,Gujranwala,Provincial Highway,Poor,Clear,Street Light,Motorcycle,2,Wrong Overtaking,1,0,0,0,3,2,Medium
2022,1,Friday,20,Sindh,Karachi,Provincial Highway,Good,Clear,No Light,Motorcycle,1,Wrong Overtaking,1,0,0,1,3,0,Medium
2023,6,Sunday,0,KPK,Abbottabad,Rural Road,Poor,Clear,Street Light,Van/Pickup,1,Over Speeding,0,1,1,0,1,0,Medium
2022,10,Monday,13,Punjab,Sheikhupura,Provincial Highway,Average,Clear,Street Light,Motorcycle,2,Signal Violation,1,0,0,0,10,0,High
2021,6,Friday,22,Sindh,Jacobabad,Urban Road,Average,Clear,No Light,Van/Pickup,1,Over Speeding,0,0,1,0,1,0,Medium
2022,8,Wednesday,18,Punjab,Faisalabad,Rural Road,Average,Foggy,Daylight,Rickshaw,4,Over Speeding,1,0,0,0,4,0,Medium
2020,3,Friday,19,KPK,Kohat,National Highway,Average,Clear,Street Light,Car/Taxi,2,Mechanical Failure,1,0,0,0,0,0,Low
2021,6,Friday,7,Punjab,Multan,Provincial Highway,Good,Rainy,Daylight,Car/Taxi,1,Driver Fatigue,1,0,0,0,5,0,Medium
2019,12,Saturday,18,Balochistan,Loralai,Provincial Highway,Good,Clear,Daylight,Motorcycle,2,Mechanical Failure,1,1,0,1,4,0,Medium
2018,11,Tuesday,12,Punjab,Multan,Provincial Highway,Good,Rainy,Dawn/Dusk,Motorcycle,1,Over Speeding,1,0,0,1,11,0,High
2023,8,Tuesday,11,Punjab,Sheikhupura,National Highway,Good,Clear,Daylight,Car/Taxi,1,Wrong Overtaking,0,0,0,0,1,0,Medium
2021,9,Friday,9,Punjab,Rawalpindi,Urban Road,Average,Rainy,Daylight,Motorcycle,2,Signal Violation,1,0,0,0,1,0,Medium
2019,5,Friday,18,Punjab,Sialkot,Urban Road,Poor,Extreme Heat,Daylight,Car/Taxi,1,Road Condition,1,0,0,0,0,0,Low
2018,6,Tuesday,10,Sindh,Mirpur Khas,Rural Road,Good,Clear,Daylight,Car/Taxi,1,Wrong Overtaking,0,0,0,0,1,0,Low
2022,10,Saturday,16,Punjab,Rahim Yar Khan,National Highway,Good,Clear,Daylight,Bus/Coach,2,Driver Fatigue,0,1,0,0,2,0,Medium
2019,11,Wednesday,19,KPK,Charsadda,Provincial Highway,Average,Clear,Daylight,Motorcycle,1,Mobile Phone Use,1,0,0,1,2,0,Low
2018,6,Tuesday,11,Punjab,Lahore,National Highway,Average,Extreme Heat,Daylight,Motorcycle,1,Signal Violation,0,0,0,0,4,0,Medium
2021,3,Friday,17,Punjab,Rahim Yar Khan,Urban Road,Good,Clear,Daylight,Car/Taxi,4,Pedestrian Error,1,0,0,0,2,0,Low
2022,1,Thursday,16,Punjab,Faisalabad,Rural Road,Poor,Clear,Dawn/Dusk,Bus/Coach,2,Mechanical Failure,0,0,0,1,2,0,Low
2022,12,Monday,16,Punjab,Sargodha,Provincial Highway,Poor,Foggy,Daylight,Van/Pickup,2,Mechanical Failure,0,0,0,1,1,0,Low
2022,10,Sunday,16,Punjab,Lahore,National Highway,Under Repair,Clear,No Light,Van/Pickup,1,Road Condition,0,1,0,0,5,1,Medium
2021,8,Friday,12,Punjab,Gujranwala,Urban Road,Under Repair,Foggy,Street Light,Motorcycle,2,Road Condition,1,0,0,0,2,0,Medium
2023,2,Tuesday,8,Sindh,Thatta,National Highway,Under Repair,Rainy,Daylight,Motorcycle,2,Signal Violation,1,0,0,1,6,2,High
2023,6,Saturday,15,Punjab,Rahim Yar Khan,Provincial Highway,Good,Rainy,Daylight,Rickshaw,3,Driver Fatigue,0,1,0,0,1,0,Medium
2023,5,Sunday,12,Sindh,Mirpur Khas,Urban Road,Poor,Clear,Street Light,Rickshaw,1,Pedestrian Error,1,1,0,0,2,0,Low
2021,3,Thursday,12,Sindh,Mirpur Khas,Rural Road,Good,Clear,Daylight,Car/Taxi,4,Over Speeding,1,0,0,0,1,0,Low
2018,1,Monday,12,Punjab,Sheikhupura,Urban Road,Average,Clear,Daylight,Motorcycle,2,Drunk Driving,1,0,0,1,3,2,Medium
2023,12,Saturday,20,Sindh,Mirpur Khas,Urban Road,Average,Dusty/Smoggy,Street Light,Motorcycle,1,Wrong Overtaking,1,1,0,1,5,0,Medium
2021,7,Saturday,19,Islamabad,Islamabad,Urban Road,Poor,Clear,Dawn/Dusk,Motorcycle,2,Wrong Overtaking,1,1,0,0,3,1,Medium
2019,3,Thursday,17,Sindh,Karachi,National Highway,Good,Foggy,Daylight,Car/Taxi,2,Over Speeding,1,0,0,0,3,0,Medium
2022,10,Friday,9,KPK,Abbottabad,Urban Road,Poor,Foggy,Daylight,Motorcycle,1,Signal Violation,1,0,0,0,3,2,Medium
2019,3,Friday,16,Punjab,Gujranwala,National Highway,Good,Clear,No Light,Truck/Lorry,2,Wrong Overtaking,0,0,0,0,3,1,Medium
2023,9,Saturday,19,KPK,Charsadda,Urban Road,Poor,Clear,Dawn/Dusk,Motorcycle,3,Over Speeding,1,1,0,0,2,0,Medium
2021,8,Monday,20,KPK,Dera Ismail Khan,Rural Road,Average,Extreme Heat,Street Light,Bus/Coach,4,Pedestrian Error,1,0,0,0,2,0,Low
2022,1,Wednesday,16,Sindh,Hyderabad,Provincial Highway,Average,Foggy,Daylight,Motorcycle,3,Over Speeding,0,0,0,1,10,2,High
2018,4,Saturday,19,AJK,Mirpur,National Highway,Poor,Extreme Heat,Dawn/Dusk,Bus/Coach,1,Over Speeding,1,1,0,0,11,2,High
2019,11,Saturday,20,Punjab,Multan,Urban Road,Good,Rainy,No Light,Rickshaw,1,Road Condition,1,1,0,1,2,0,Low
2023,6,Wednesday,4,Punjab,Multan,Provincial Highway,Average,Rainy,No Light,Motorcycle,2,Mechanical Failure,0,0,1,0,1,0,Medium
2022,6,Thursday,20,KPK,Abbottabad,Urban Road,Poor,Clear,No Light,Car/Taxi,2,Over Speeding,1,0,0,0,0,0,Low
2020,2,Tuesday,19,KPK,Mansehra,Provincial Highway,Poor,Clear,Daylight,Car/Taxi,2,Mobile Phone Use,1,0,0,1,1,0,Low
2022,12,Thursday,3,Punjab,Rahim Yar Khan,Urban Road,Good,Clear,No Light,Bus/Coach,1,Over Speeding,0,0,1,1,4,1,Medium
2021,4,Thursday,9,Punjab,Faisalabad,Provincial Highway,Poor,Dusty/Smoggy,Daylight,Motorcycle,3,Wrong Overtaking,1,0,0,0,4,0,Medium
2023,11,Thursday,10,Punjab,Rawalpindi,Provincial Highway,Good,Clear,Daylight,Rickshaw,2,Drunk Driving,0,0,0,1,1,0,Medium
2021,1,Monday,12,Punjab,Faisalabad,National Highway,Good,Rainy,No Light,Truck/Lorry,1,Pedestrian Error,1,0,0,1,7,1,High
2019,2,Monday,17,KPK,Dera Ismail Khan,National Highway,Average,Extreme Heat,Daylight,Bus/Coach,1,Mechanical Failure,1,0,0,1,0,0,Low
2022,8,Saturday,14,Sindh,Thatta,Provincial Highway,Good,Extreme Heat,Daylight,Van/Pickup,2,Over Speeding,0,1,0,0,0,0,Low
2021,6,Thursday,5,Punjab,Faisalabad,National Highway,Poor,Foggy,Dawn/Dusk,Motorcycle,2,Over Speeding,0,0,1,0,8,0,High
2019,9,Friday,10,Punjab,Gujranwala,National Highway,Poor,Foggy,Street Light,Car/Taxi,3,Driver Fatigue,0,0,0,0,11,1,High
2023,8,Tuesday,6,Punjab,Multan,Urban Road,Good,Extreme Heat,Daylight,Motorcycle,1,Mechanical Failure,0,0,0,0,2,0,Low
2018,2,Wednesday,22,Punjab,Lahore,Provincial Highway,Poor,Clear,No Light,Motorcycle,2,Mechanical Failure,0,0,1,1,2,2,High
2023,12,Saturday,22,Sindh,Jacobabad,National Highway,Average,Foggy,Street Light,Motorcycle,2,Over Speeding,0,1,1,1,2,0,High
2023,6,Sunday,14,AJK,Mirpur,National Highway,Good,Rainy,Daylight,Motorcycle,2,Driver Fatigue,0,1,0,0,8,0,High
2019,1,Sunday,13,Balochistan,Dera Bugti,Urban Road,Good,Foggy,Daylight,Motorcycle,2,Over Speeding,1,1,0,1,9,2,High
2022,3,Wednesday,19,Punjab,Lahore,National Highway,Good,Clear,Daylight,Other,2,Over Speeding,1,0,0,0,2,1,Medium
2022,6,Saturday,6,Balochistan,Sibi,Rural Road,Under Repair,Clear,Daylight,Motorcycle,2,Wrong Overtaking,0,1,0,0,2,0,Medium
2023,12,Wednesday,4,KPK,Swat,National Highway,Average,Rainy,Street Light,Bus/Coach,1,Wrong Overtaking,0,0,1,1,3,1,High
2020,5,Thursday,9,KPK,Peshawar,Rural Road,Good,Foggy,Daylight,Motorcycle,3,Drunk Driving,1,0,0,0,4,1,Medium
2020,9,Monday,8,Sindh,Thatta,Provincial Highway,Good,Foggy,Daylight,Car/Taxi,3,Driver Fatigue,1,0,0,0,10,2,High
2021,3,Saturday,7,Punjab,Lahore,National Highway,Average,Extreme Heat,Daylight,Motorcycle,2,Wrong Overtaking,1,1,0,0,2,0,Medium
2019,5,Tuesday,7,Punjab,Faisalabad,National Highway,Average,Rainy,Daylight,Rickshaw,3,Over Speeding,1,0,0,0,9,1,High
2020,6,Sunday,13,Punjab,Gujranwala,National Highway,Good,Clear,Daylight,Motorcycle,3,Pedestrian Error,1,1,0,0,2,0,High
2018,6,Thursday,20,Punjab,Lahore,Urban Road,Good,Clear,No Light,Motorcycle,3,Mobile Phone Use,1,0,0,0,1,0,Low
2019,9,Saturday,18,Punjab,Lahore,National Highway,Good,Foggy,Daylight,Motorcycle,3,Wrong Overtaking,1,1,0,0,3,0,High
2019,5,Sunday,23,Sindh,Nawabshah,Rural Road,Average,Clear,No Light,Motorcycle,2,Wrong Overtaking,0,1,1,0,6,0,High
2018,7,Saturday,2,KPK,Peshawar,Provincial Highway,Good,Clear,No Light,Motorcycle,3,Signal Violation,0,1,1,0,5,1,Medium
2020,10,Tuesday,10,Sindh,Mirpur Khas,National Highway,Good,Clear,Street Light,Motorcycle,3,Over Speeding,0,0,0,0,4,2,High
2018,12,Sunday,17,Punjab,Rahim Yar Khan,National Highway,Good,Extreme Heat,No Light,Motorcycle,2,Over Speeding,1,1,0,1,7,1,High
2019,9,Monday,9,Islamabad,Islamabad,Provincial Highway,Poor,Foggy,Dawn/Dusk,Car/Taxi,3,Wrong Overtaking,1,0,0,0,4,0,Medium
2020,1,Sunday,15,Islamabad,Islamabad,National Highway,Average,Clear,Daylight,Motorcycle,1,Over Speeding,0,1,0,1,7,3,High
2019,8,Saturday,10,KPK,Kohat,Rural Road,Average,Clear,Dawn/Dusk,Bus/Coach,1,Over Speeding,0,1,0,0,0,0,Low
2023,12,Saturday,17,Gilgit-Baltistan,Skardu,Motorway,Poor,Foggy,No Light,Car/Taxi,1,Pedestrian Error,1,1,0,1,5,0,Medium
2019,2,Wednesday,7,Sindh,Sukkur,Urban Road,Good,Clear,Daylight,Truck/Lorry,2,Road Condition,1,0,0,1,0,0,Low
2020,5,Tuesday,19,Islamabad,Islamabad,Urban Road,Good,Clear,Dawn/Dusk,Truck/Lorry,3,Over Speeding,1,0,0,0,5,0,Medium
2020,6,Sunday,13,Punjab,Rawalpindi,Rural Road,Average,Clear,Daylight,Motorcycle,2,Over Speeding,1,1,0,0,5,3,High
2023,5,Sunday,20,Punjab,Rawalpindi,National Highway,Under Repair,Clear,No Light,Motorcycle,2,Wrong Overtaking,1,1,0,0,2,0,Medium
2018,4,Sunday,15,Punjab,Rawalpindi,Provincial Highway,Poor,Rainy,Daylight,Motorcycle,2,Road Condition,0,1,0,0,2,3,High
2021,2,Saturday,13,Punjab,Multan,National Highway,Average,Extreme Heat,Daylight,Car/Taxi,2,Road Condition,1,1,0,1,0,0,Low