year,month,day_of_week,hour_of_day,province,district,road_type,road_condition,weather_condition,lighting_condition,vehicle_type,vehicles_involved,accident_cause,is_rush_hour,is_weekend,is_night,is_foggy_month,num_injured,num_killed,severity
2021,6,Thursday,18,Punjab,Rahim Yar Khan,Provincial Highway,Average,Clear,Daylight,Van/Pickup,3,Pedestrian Error,1,0,0,0,0,0,Low
2021,5,Wednesday,10,Sindh,Karachi,National Highway,Good,Foggy,Dawn/Dusk,Car/Taxi,3,Weather Condition,0,0,0,0,3,1,Medium
2022,12,Sunday,18,KPK,Swat,Rural Road,Poor,Clear,Daylight,Van/Pickup,2,Mechanical Failure,1,1,0,1,2,0,Low
2021,8,Sunday,11,Sindh,Larkana,Rural Road,Good,Foggy,Daylight,Bus/Coach,4,Road Condition,0,1,0,0,2,1,Low
2022,8,Thursday,14,Punjab,Bahawalpur,Provincial Highway,Good,Clear,Street Light,Car/Taxi,1,Signal Violation,0,0,0,0,2,0,Low
2022,10,Monday,5,KPK,Swat,Urban Road,Average,Foggy,Dawn/Dusk,Truck/Lorry,2,Signal Violation,0,0,1,0,2,1,Medium
2023,12,Monday,9,Sindh,Mirpur Khas,Provincial Highway,Good,Clear,Street Light,Truck/Lorry,2,Pedestrian Error,1,0,0,1,0,0,Low
2018,9,Thursday,15,Punjab,Multan,National Highway,Good,Foggy,Daylight,Car/Taxi,3,Pedestrian Error,0,0,0,0,5,1,Medium
2019,10,Saturday,13,KPK,Kohat,National Highway,Under Repair,Foggy,Daylight,Bus/Coach,1,Signal Violation,1,1,0,0,2,1,Medium
2022,7,Monday,18,Punjab,Rawalpindi,Provincial Highway,Good,Clear,Daylight,Truck/Lorry,1,Signal Violation,1,0,0,0,2,0,Low
2023,10,Saturday,12,Punjab,Rawalpindi,National Highway,Average,Dusty/Smoggy,Daylight,Car/Taxi,2,Over Speeding,1,1,0,0,3,0,Medium
2020,5,Friday,6,Balochistan,Chaman,Urban Road,Good,Rainy,Daylight,Car/Taxi,1,Over Speeding,0,0,0,0,0,0,Low
2020,11,Wednesday,9,Punjab,Lahore,Provincial Highway,Good,Rainy,No Light,Motorcycle,2,Road Condition,1,0,0,1,3,2,Medium
2021,11,Sunday,11,Sindh,Sukkur,National Highway,Average,Clear,Daylight,Car/Taxi,2,Wrong Overtaking,0,1,0,1,5,2,Medium
2021,12,Monday,8,Balochistan,Turbat,Urban Road,Under Repair,Clear,Daylight,Car/Taxi,1,Over Speeding,1,0,0,1,3,1,Medium
2020,8,Saturday,20,KPK,Dera Ismail Khan,Urban Road,Good,Extreme Heat,No Light,Car/Taxi,2,Wrong Overtaking,1,1,0,0,1,0,Low
2022,7,Thursday,11,Punjab,Sialkot,National Highway,Average,Clear,Dawn/Dusk,Car/Taxi,3,Wrong Overtaking,0,0,0,0,0,0,Low
2019,7,Wednesday,10,Punjab,Bahawalpur,National Highway,Average,Rainy,Daylight,Truck/Lorry,1,Over Speeding,0,0,0,0,7,1,High
2023,5,Friday,21,Punjab,Sialkot,Provincial Highway,Good,Clear,Street Light,Car/Taxi,3,Signal Violation,0,0,0,0,0,0,Low
2020,6,Tuesday,18,Sindh,Larkana,Urban Road,Average,Clear,Daylight,Motorcycle,4,Pedestrian Error,1,0,0,0,5,2,Medium
2019,12,Monday,19,Sindh,Sukkur,Urban Road,Good,Dusty/Smoggy,No Light,Motorcycle,2,Driver Fatigue,1,0,0,1,1,2,Medium
2018,4,Sunday,17,Punjab,Multan,Motorway,Good,Foggy,Daylight,Van/Pickup,2,Over Speeding,1,1,0,0,9,1,High
2021,6,Wednesday,20,Islamabad,Islamabad,Provincial Highway,Good,Clear,No Light,Motorcycle,3,Signal Violation,1,0,0,0,4,1,Medium
2018,12,Friday,13,Sindh,Thatta,Provincial Highway,Good,Rainy,Daylight,Rickshaw,1,Mobile Phone Use,1,0,0,1,2,0,Low
2022,12,Saturday,19,Punjab,Sheikhupura,Urban Road,Poor,Foggy,Street Light,Motorcycle,1,Mechanical Failure,1,1,0,1,0,0,Low
2018,1,Thursday,7,Sindh,Thatta,Motorway,Average,Clear,Daylight,Motorcycle,2,Mobile Phone Use,1,0,0,1,3,1,Medium
2022,2,Monday,10,KPK,Bannu,Rural Road,Good,Clear,Street Light,Bus/Coach,2,Signal Violation,0,0,0,1,0,0,Low
2019,8,Friday,13,Punjab,Bahawalpur,Provincial Highway,Good,Foggy,Daylight,Motorcycle,1,Signal Violation,1,0,0,0,6,1,High
2020,9,Wednesday,5,Punjab,Gujranwala,Urban Road,Average,Clear,Dawn/Dusk,Car/Taxi,2,Wrong Overtaking,0,0,1,0,0,0,Low
2023,8,Sunday,21,KPK,Kohat,National Highway,Good,Clear,No Light,Bus/Coach,4,Over Speeding,0,1,0,0,9,1,High
2018,4,Friday,21,Sindh,Karachi,Urban Road,Average,Foggy,Street Light,Car/Taxi,3,Wrong Overtaking,0,0,0,0,2,0,Low
2022,5,Tuesday,14,Sindh,Thatta,Provincial Highway,Good,Clear,Daylight,Motorcycle,2,Over Speeding,0,0,0,0,6,0,High
2021,7,Monday,10,Sindh,Hyderabad,National Highway,Good,Foggy,Daylight,Van/Pickup,2,Signal Violation,0,0,0,0,2,1,Medium
2018,1,Saturday,17,Punjab,Sialkot,National Highway,Poor,Clear,Daylight,Car/Taxi,2,Wrong Overtaking,1,1,0,1,0,1,Low
2023,5,Wednesday,7,Punjab,Sialkot,National Highway,Good,Dusty/Smoggy,Daylight,Motorcycle,3,Over Speeding,1,0,0,0,4,1,High
2020,4,Thursday,11,Sindh,Kashmore,Provincial Highway,Average,Clear,Daylight,Motorcycle,2,Signal Violation,0,0,0,0,4,2,Medium
2020,12,Sunday,10,Punjab,Multan,Rural Road,Good,Clear,Dawn/Dusk,Bus/Coach,2,Pedestrian Error,0,1,0,1,1,0,Low
2018,10,Monday,13,Punjab,Sheikhupura,National Highway,Average,Clear,Daylight,Car/Taxi,2,Over Speeding,1,0,0,0,11,0,High
2018,6,Tuesday,8,Balochistan,Khuzdar,National Highway,Poor,Clear,Daylight,Car/Taxi,3,Signal Violation,1,0,0,0,0,0,Low
2023,11,Tuesday,19,AJK,Mirpur,Rural Road,Average,Clear,Street Light,Motorcycle,2,Weather Condition,1,0,0,1,0,0,Low
2022,5,Wednesday,5,KPK,Kohat,Rural Road,Poor,Foggy,Dawn/Dusk,Bus/Coach,1,Drunk Driving,0,0,1,0,1,0,Medium
2023,6,Sunday,18,Balochistan,Zhob,National Highway,Under Repair,Foggy,Daylight,Truck/Lorry,1,Over Speeding,1,1,0,0,5,4,High
2022,9,Monday,17,Punjab,Faisalabad,National Highway,Good,Clear,Daylight,Car/Taxi,2,Pedestrian Error,1,0,0,0,0,1,Low
2022,6,Friday,18,Islamabad,Islamabad,National Highway,Poor,Foggy,Daylight,Bus/Coach,2,Mechanical Failure,1,0,0,0,4,0,Medium
2021,2,Sunday,14,Punjab,Sargodha,Provincial Highway,Under Repair,Clear,Daylight,Bus/Coach,1,Road Condition,0,1,0,1,4,2,Medium
2022,4,Saturday,13,Islamabad,Islamabad,National Highway,Good,Clear,Dawn/Dusk,Motorcycle,2,Mechanical Failure,1,1,0,0,4,2,High
2020,8,Friday,17,Gilgit-Baltistan,Hunza,Urban Road,Good,Clear,Daylight,Truck/Lorry,2,Mechanical Failure,1,0,0,0,0,0,Low
2022,8,Monday,21,KPK,Kohat,Urban Road,Good,Foggy,Street Light,Motorcycle,1,Wrong Overtaking,0,0,0,0,4,1,Medium
2023,3,Sunday,13,AJK,Mirpur,Urban Road,Good,Extreme Heat,Daylight,Car/Taxi,1,Weather Condition,1,1,0,0,1,0,Low
2021,12,Monday,17,Sindh,Larkana,Provincial Highway,Average,Clear,Daylight,Van/Pickup,1,Signal Violation,1,0,0,1,2,0,Low
2019,7,Tuesday,18,Punjab,Multan,Provincial Highway,Good,Foggy,Daylight,Motorcycle,1,Over Speeding,1,0,0,0,6,3,High
2023,2,Monday,19,Sindh,Hyderabad,Urban Road,Poor,Clear,Dawn/Dusk,Car/Taxi,2,Road Condition,1,0,0,1,0,0,Low
2018,11,Thursday,18,Sindh,Dadu,Provincial Highway,Good,Foggy,Street Light,Rickshaw,2,Over Speeding,1,0,0,1,3,2,Medium
2023,1,Saturday,7,Punjab,Lahore,National Highway,Good,Dusty/Smoggy,Daylight,Bus/Coach,1,Over Speeding,1,1,0,1,10,2,High
2020,12,Thursday,16,Sindh,Karachi,Provincial Highway,Average,Clear,Daylight,Motorcycle,2,Signal Violation,0,0,0,1,1,2,Medium
2023,1,Tuesday,22,AJK,Rawalakot,Motorway,Poor,Clear,No Light,Motorcycle,1,Mechanical Failure,0,0,1,1,5,1,Medium
2021,4,Thursday,5,Punjab,Sheikhupura,Provincial Highway,Average,Clear,Street Light,Van/Pickup,2,Over Speeding,0,0,1,0,7,0,High
2022,6,Sunday,11,KPK,Nowshera,Provincial Highway,Good,Clear,Daylight,Car/Taxi,1,Mechanical Failure,0,1,0,0,1,0,Low
2018,12,Friday,9,Balochistan,Turbat,Rural Road,Poor,Clear,Daylight,Rickshaw,3,Wrong Overtaking,1,0,0,1,1,1,Low
2020,9,Friday,18,Islamabad,Islamabad,Urban Road,Poor,Rainy,No Light,Motorcycle,2,Wrong Overtaking,1,0,0,0,10,0,High
2020,4,Wednesday,13,Islamabad,Islamabad,Provincial Highway,Good,Clear,Daylight,Motorcycle,2,Signal Violation,1,0,0,0,4,0,Medium
2018,6,Saturday,21,Sindh,Larkana,Urban Road,Good,Foggy,Street Light,Car/Taxi,2,Road Condition,0,1,0,0,0,0,Low
2022,8,Friday,20,AJK,Muzaffarabad,Provincial Highway,Good,Clear,No Light,Motorcycle,1,Signal Violation,1,0,0,0,3,4,High
2018,5,Thursday,20,KPK,Dera Ismail Khan,Rural Road,Good,Clear,Street Light,Rickshaw,2,Mobile Phone Use,1,0,0,0,2,0,Low
2022,5,Friday,12,Punjab,Multan,Urban Road,Poor,Clear,Daylight,Motorcycle,2,Mechanical Failure,1,0,0,0,2,0,Low
2018,9,Saturday,12,Sindh,Larkana,National Highway,Under Repair,Rainy,Daylight,Motorcycle,2,Signal Violation,1,1,0,0,4,1,High
2019,6,Sunday,14,KPK,Swat,Provincial Highway,Good,Clear,Daylight,Truck/Lorry,4,Over Speeding,0,1,0,0,3,0,Medium
2023,5,Tuesday,11,Punjab,Bahawalpur,National Highway,Average,Clear,Daylight,Rickshaw,4,Over Speeding,0,0,0,0,1,1,Medium
2021,3,Wednesday,9,Sindh,Jacobabad,Rural Road,Good,Clear,Daylight,Bus/Coach,3,Over Speeding,1,0,0,0,1,1,Medium
2021,4,Tuesday,21,KPK,Swat,National Highway,Good,Clear,No Light,Car/Taxi,2,Driver Fatigue,0,0,0,0,5,1,Medium
2022,10,Saturday,12,Punjab,Lahore,Urban Road,Poor,Rainy,Dawn/Dusk,Rickshaw,2,Over Speeding,1,1,0,0,2,0,Low
2022,8,Sunday,23,Sindh,Nawabshah,Rural Road,Good,Rainy,Street Light,Motorcycle,2,Road Condition,0,1,1,0,3,0,Medium
2023,5,Friday,11,KPK,Kohat,Motorway,Average,Foggy,Daylight,Motorcycle,2,Pedestrian Error,0,0,0,0,3,1,Medium
2019,12,Saturday,10,Sindh,Mirpur Khas,Provincial Highway,Good,Dusty/Smoggy,Street Light,Bus/Coach,3,Drunk Driving,0,1,0,1,4,0,Medium
2022,3,Thursday,6,Punjab,Sialkot,National Highway,Under Repair,Clear,Daylight,Rickshaw,4,Mechanical Failure,0,0,0,0,0,0,Low
2018,6,Saturday,11,Punjab,Bahawalpur,Motorway,Average,Clear,Daylight,Car/Taxi,2,Over Speeding,0,1,0,0,1,0,Medium
2021,11,Saturday,10,Punjab,Sialkot,National Highway,Good,Clear,Daylight,Motorcycle,1,Road Condition,0,1,0,1,5,0,Medium
2019,2,Thursday,22,Islamabad,Islamabad,National Highway,Good,Rainy,No Light,Truck/Lorry,1,Wrong Overtaking,0,0,1,1,6,3,High
2019,1,Saturday,10,Punjab,Sialkot,Rural Road,Average,Clear,Daylight,Motorcycle,2,Mechanical Failure,0,1,0,1,1,0,Low
2018,6,Monday,13,Sindh,Jacobabad,Rural Road,Good,Clear,Dawn/Dusk,Rickshaw,2,Over Speeding,1,0,0,0,1,0,Low
2023,5,Sunday,9,Punjab,Bahawalpur,Provincial Highway,Good,Foggy,Daylight,Car/Taxi,1,Wrong Overtaking,1,1,0,0,3,2,Medium
2021,5,Tuesday,19,Punjab,Multan,Urban Road,Good,Foggy,Dawn/Dusk,Bicycle,2,Over Speeding,1,0,0,0,9,1,High
2023,5,Sunday,11,Balochistan,Loralai,Provincial Highway,Average,Clear,Daylight,Car/Taxi,3,Signal Violation,0,1,0,0,1,0,Medium
2020,7,Sunday,19,KPK,Charsadda,Rural Road,Poor,Clear,Street Light,Motorcycle,3,Over Speeding,1,1,0,0,10,2,High
2022,10,Thursday,21,Punjab,Sialkot,Rural Road,Good,Clear,Street Light,Car/Taxi,2,Road Condition,0,0,0,0,1,0,Low
2019,11,Friday,16,Sindh,Dadu,Provincial Highway,Good,Clear,Daylight,Bus/Coach,4,Signal Violation,0,0,0,1,1,0,Medium
2022,1,Tuesday,11,Punjab,Sialkot,Provincial Highway,Under Repair,Clear,Daylight,Rickshaw,1,Over Speeding,0,0,0,1,1,0,Low
2019,6,Thursday,16,Sindh,Larkana,Urban Road,Under Repair,Clear,No Light,Motorcycle,1,Signal Violation,0,0,0,0,2,0,Medium
2020,7,Friday,12,KPK,Mansehra,Urban Road,Good,Foggy,Daylight,Motorcycle,2,Over Speeding,1,0,0,0,4,0,Medium
2020,10,Monday,17,Punjab,Faisalabad,National Highway,Good,Clear,Dawn/Dusk,Motorcycle,2,Over Speeding,1,0,0,0,4,2,High
2018,7,Thursday,18,Punjab,Bahawalpur,National Highway,Good,Rainy,Daylight,Car/Taxi,3,Wrong Overtaking,1,0,0,0,2,1,High
2022,9,Thursday,11,Punjab,Sialkot,Provincial Highway,Good,Rainy,Daylight,Motorcycle,3,Wrong Overtaking,0,0,0,0,8,0,High
2021,10,Tuesday,10,Balochistan,Gwadar,Urban Road,Average,Clear,Daylight,Motorcycle,2,Pedestrian Error,0,0,0,0,0,1,Low
2021,9,Thursday,4,Gilgit-Baltistan,Hunza,National Highway,Average,Rainy,Street Light,Car/Taxi,3,Over Speeding,0,0,1,0,4,0,High
2023,1,Sunday,5,Punjab,Bahawalpur,Provincial Highway,Average,Rainy,Dawn/Dusk,Motorcycle,2,Over Speeding,0,1,1,1,5,1,High
2021,9,Wednesday,12,KPK,Abbottabad,Provincial Highway,Poor,Clear,Daylight,Motorcycle,2,Wrong Overtaking,1,0,0,0,4,0,High
2022,12,Wednesday,19,Punjab,Rahim Yar Khan,Rural Road,Good,Clear,Daylight,Motorcycle,1,Wrong Overtaking,1,0,0,1,5,0,Medium
2023,8,Friday,20,Punjab,Rawalpindi,Provincial Highway,Good,Clear,Street Light,Motorcycle,2,Over Speeding,1,0,0,0,11,0,High
2023,3,Sunday,17,KPK,Dera Ismail Khan,National Highway,Poor,Foggy,Daylight,Rickshaw,1,Signal Violation,1,1,0,0,5,0,Medium
2022,6,Sunday,18,Balochistan,Khuzdar,Rural Road,Average,Foggy,Daylight,Bicycle,1,Over Speeding,1,1,0,0,5,0,Medium
2018,12,Thursday,7,Islamabad,Islamabad,National Highway,Good,Foggy,Daylight,Motorcycle,2,Over Speeding,1,0,0,1,5,2,High
2023,10,Monday,12,Sindh,Sukkur,Urban Road,Average,Extreme Heat,Daylight,Motorcycle,1,Drunk Driving,1,0,0,0,5,0,Medium
2018,12,Saturday,9,Punjab,Faisalabad,Provincial Highway,Average,Clear,Daylight,Car/Taxi,2,Over Speeding,1,1,0,1,3,1,Medium
2022,2,Friday,6,KPK,Kohat,Rural Road,Average,Foggy,Dawn/Dusk,Rickshaw,2,Mechanical Failure,0,0,0,1,0,0,Low
2021,7,Tuesday,11,Punjab,Sialkot,Urban Road,Good,Rainy,Daylight,Motorcycle,1,Over Speeding,0,0,0,0,10,0,High
2022,12,Thursday,4,Sindh,Karachi,Rural Road,Average,Clear,No Light,Bus/Coach,2,Pedestrian Error,0,0,1,1,2,0,Low
2020,6,Friday,23,Punjab,Sialkot,Urban Road,Poor,Clear,No Light,Car/Taxi,1,Road Condition,0,0,1,0,0,0,Low
2021,6,Sunday,1,Sindh,Jacobabad,Urban Road,Poor,Clear,Street Light,Car/Taxi,1,Over Speeding,0,1,1,0,4,1,Medium
2023,12,Saturday,17,Punjab,Faisalabad,Provincial Highway,Good,Rainy,Dawn/Dusk,Motorcycle,4,Over Speeding,1,1,0,1,11,1,High
2022,12,Saturday,8,Punjab,Lahore,Urban Road,Good,Clear,Dawn/Dusk,Motorcycle,1,Pedestrian Error,1,1,0,1,5,0,Medium
2023,9,Thursday,15,Balochistan,Loralai,Rural Road,Average,Foggy,Daylight,Bicycle,2,Over Speeding,0,0,0,0,11,1,High
2022,11,Tuesday,15,Punjab,Sialkot,Provincial Highway,Good,Clear,Daylight,Rickshaw,1,Pedestrian Error,0,0,0,1,2,0,Low
2022,12,Monday,16,Sindh,Sukkur,Urban Road,Good,Clear,Dawn/Dusk,Bus/Coach,2,Wrong Overtaking,0,0,0,1,1,0,Low
2023,6,Wednesday,13,Punjab,Faisalabad,Provincial Highway,Poor,Clear,Street Light,Motorcycle,2,Weather Condition,1,0,0,0,1,0,Medium
2023,9,Monday,13,Punjab,Faisalabad,National Highway,Poor,Foggy,Dawn/Dusk,Motorcycle,2,Wrong Overtaking,1,0,0,0,3,0,High
2019,6,Friday,6,Punjab,Faisalabad,Urban Road,Average,Clear,Daylight,Car/Taxi,2,Driver Fatigue,0,0,0,0,1,0,Low
2021,8,Saturday,20,Punjab,Bahawalpur,National Highway,Good,Clear,No Light,Rickshaw,2,Over Speeding,1,1,0,0,2,0,Medium
2018,4,Tuesday,21,Balochistan,Quetta,Urban Road,Poor,Foggy,No Light,Van/Pickup,3,Over Speeding,0,0,0,0,1,1,Medium
2018,5,Monday,14,Punjab,Rawalpindi,Rural Road,Good,Dusty/Smoggy,Daylight,Motorcycle,2,Wrong Overtaking,0,0,0,0,0,0,Low
2018,10,Friday,14,Islamabad,Islamabad,National Highway,Good,Foggy,Daylight,Rickshaw,3,Over Speeding,0,0,0,0,2,0,Medium
2020,10,Tuesday,11,Sindh,Thatta,Urban Road,Good,Foggy,Daylight,Motorcycle,2,Road Condition,0,0,0,0,1,1,Medium
2019,11,Saturday,5,Sindh,Nawabshah,National Highway,Average,Clear,Street Light,Rickshaw,3,Signal Violation,0,1,1,1,2,0,High
2020,2,Wednesday,22,Sindh,Jacobabad,National Highway,Average,Clear,Street Light,Rickshaw,2,Mechanical Failure,0,0,1,1,2,0,Medium
2021,1,Wednesday,15,Sindh,Hyderabad,National Highway,Average,Clear,Daylight,Motorcycle,3,Signal Violation,0,0,0,1,3,1,High
2023,2,Thursday,3,KPK,Bannu,National Highway,Average,Clear,Street Light,Car/Taxi,2,Over Speeding,0,0,1,1,6,3,High
2021,3,Saturday,8,Punjab,Sargodha,Rural Road,Poor,Clear,Daylight,Car/Taxi,3,Signal Violation,1,1,0,0,1,0,Low
2019,12,Monday,14,Punjab,Rawalpindi,Provincial Highway,Average,Foggy,Street Light,Motorcycle,2,Over Speeding,0,0,0,1,7,2,High
2019,10,Sunday,7,Balochistan,Sibi,National Highway,Poor,Clear,Daylight,Car/Taxi,4,Mechanical Failure,1,1,0,0,2,0,Low
2019,9,Friday,7,Islamabad,Islamabad,Urban Road,Under Repair,Clear,Street Light,Car/Taxi,2,Over Speeding,1,0,0,0,4,0,Medium
2022,9,Monday,22,Balochistan,Khuzdar,Rural Road,Good,Clear,Street Light,Motorcycle,2,Weather Condition,0,0,1,0,5,0,Medium
2023,2,Saturday,17,Punjab,Rahim Yar Khan,Provincial Highway,Under Repair,Foggy,Daylight,Motorcycle,1,Over Speeding,1,1,0,1,9,2,High
2023,1,Tuesday,19,KPK,Charsadda,Rural Road,Good,Rainy,Dawn/Dusk,Rickshaw,2,Mechanical Failure,1,0,0,1,2,0,Low
2020,5,Sunday,10,Sindh,Jacobabad,Rural Road,Poor,Foggy,Daylight,Motorcycle,4,Mobile Phone Use,0,1,0,0,2,0,Low
2021,3,Friday,14,Sindh,Sukkur,Urban Road,Average,Rainy,Daylight,Rickshaw,1,Driver Fatigue,0,0,0,0,4,0,Medium
2021,9,Tuesday,16,Punjab,Gujranwala,National Highway,Average,Clear,Daylight,Car/Taxi,4,Road Condition,0,0,0,0,3,0,Medium
2023,8,Friday,18,Sindh,Jacobabad,Provincial Highway,Good,Foggy,Daylight,Motorcycle,2,Mechanical Failure,1,0,0,0,2,1,Medium
2021,11,Tuesday,19,Punjab,Rawalpindi,National Highway,Under Repair,Rainy,Dawn/Dusk,Van/Pickup,2,Driver Fatigue,1,0,0,1,2,0,Medium
2022,11,Wednesday,8,Punjab,Faisalabad,Rural Road,Average,Foggy,Daylight,Car/Taxi,2,Signal Violation,1,0,0,1,2,0,Medium
2020,10,Tuesday,12,Balochistan,Sibi,Urban Road,Average,Clear,Daylight,Motorcycle,1,Over Speeding,1,0,0,0,3,2,High
2018,7,Wednesday,19,Punjab,Faisalabad,National Highway,Average,Clear,Street Light,Car/Taxi,1,Driver Fatigue,1,0,0,0,4,1,Medium
2021,2,Sunday,15,Punjab,Rawalpindi,Rural Road,Poor,Clear,Daylight,Motorcycle,2,Pedestrian Error,0,1,0,1,0,0,Low
2022,8,Sunday,19,Punjab,Lahore,National Highway,Poor,Dusty/Smoggy,Dawn/Dusk,Motorcycle,2,Wrong Overtaking,1,1,0,0,1,2,Medium
2023,7,Saturday,11,Islamabad,Islamabad,Urban Road,Poor,Extreme Heat,Daylight,Motorcycle,1,Pedestrian Error,0,1,0,0,2,0,Low
2019,6,Tuesday,10,Sindh,Karachi,Provincial Highway,Good,Dusty/Smoggy,Daylight,Bicycle,1,Mechanical Failure,0,0,0,0,5,1,Medium
2021,4,Wednesday,12,Punjab,Lahore,National Highway,Average,Clear,Daylight,Bicycle,4,Signal Violation,1,0,0,0,4,0,Medium
2021,7,Sunday,19,KPK,Dera Ismail Khan,Urban Road,Good,Foggy,Street Light,Motorcycle,3,Wrong Overtaking,1,1,0,0,3,1,Medium
2021,9,Tuesday,8,KPK,Abbottabad,Motorway,Good,Clear,Daylight,Motorcycle,2,Wrong Overtaking,1,0,0,0,5,0,Medium
2023,10,Monday,8,Punjab,Sialkot,Urban Road,Average,Extreme Heat,Daylight,Motorcycle,3,Over Speeding,1,0,0,0,1,1,Medium
2018,1,Sunday,4,KPK,Dera Ismail Khan,Rural Road,Average,Foggy,Street Light,Bicycle,2,Over Speeding,0,1,1,1,3,2,High
2022,10,Saturday,16,KPK,Abbottabad,Rural Road,Average,Clear,Daylight,Motorcycle,2,Pedestrian Error,0,1,0,0,0,0,Low
2021,1,Saturday,13,Sindh,Larkana,Provincial Highway,Good,Clear,Daylight,Motorcycle,3,Over Speeding,1,1,0,1,3,0,Medium
2021,2,Friday,0,Punjab,Faisalabad,Urban Road,Good,Extreme Heat,No Light,Car/Taxi,4,Wrong Overtaking,0,0,1,1,1,0,Low
2023,10,Friday,13,Balochistan,Loralai,Provincial Highway,Average,Rainy,Daylight,Motorcycle,3,Over Speeding,1,0,0,0,7,0,High
2023,4,Saturday,12,Sindh,Larkana,Provincial Highway,Good,Rainy,Daylight,Bus/Coach,3,Mechanical Failure,1,1,0,0,2,0,Low
2019,2,Saturday,19,Punjab,Lahore,National Highway,Poor,Rainy,Street Light,Rickshaw,1,Over Speeding,1,1,0,1,3,0,Medium
2020,7,Saturday,4,Sindh,Larkana,Rural Road,Average,Clear,No Light,Bus/Coach,2,Pedestrian Error,0,1,1,0,1,0,Low
2020,4,Tuesday,19,Punjab,Multan,National Highway,Good,Dusty/Smoggy,Dawn/Dusk,Car/Taxi,2,Over Speeding,1,0,0,0,2,0,Medium
2021,9,Friday,13,Punjab,Rawalpindi,Urban Road,Good,Clear,Street Light,Motorcycle,1,Wrong Overtaking,1,0,0,0,5,1,Medium
2021,1,Wednesday,14,KPK,Charsadda,National Highway,Average,Clear,Daylight,Car/Taxi,2,Over Speeding,0,0,0,1,1,0,Medium
2018,1,Monday,13,Punjab,Sargodha,Provincial Highway,Good,Clear,Daylight,Motorcycle,2,Driver Fatigue,1,0,0,1,3,1,High
2022,11,Wednesday,17,Punjab,Rahim Yar Khan,National Highway,Good,Clear,Daylight,Car/Taxi,1,Drunk Driving,1,0,0,1,10,0,High
2019,11,Sunday,5,Sindh,Kashmore,Urban Road,Under Repair,Rainy,Dawn/Dusk,Bus/Coach,1,Mechanical Failure,0,1,1,1,4,0,Medium
2020,12,Saturday,15,Punjab,Rawalpindi,Urban Road,Good,Foggy,Daylight,Car/Taxi,1,Mechanical Failure,0,1,0,1,0,0,Low
2019,12,Thursday,18,AJK,Rawalakot,Urban Road,Under Repair,Clear,Daylight,Car/Taxi,1,Over Speeding,1,0,0,1,3,1,Medium
2023,12,Sunday,16,Punjab,Rahim Yar Khan,Urban Road,Good,Clear,Daylight,Bus/Coach,1,Road Condition,0,1,0,1,2,0,Low
2021,4,Saturday,8,Punjab,Rawalpindi,Urban Road,Average,Clear,Dawn/Dusk,Motorcycle,1,Over Speeding,1,1,0,0,1,1,Medium
2019,5,Monday,12,Punjab,Gujranwala,Provincial Highway,Average,Clear,Daylight,Motorcycle,1,Over Speeding,1,0,0,0,3,1,High
2023,11,Wednesday,18,Punjab,Gujranwala,Provincial Highway,Average,Clear,Daylight,Car/Taxi,2,Wrong Overtaking,1,0,0,1,0,0,Low
2022,2,Sunday,12,Punjab,Gujranwala,Provincial Highway,Under Repair,Clear,Daylight,Car/Taxi,2,Road Condition,1,1,0,1,2,0,Low
2023,1,Thursday,23,KPK,Kohat,Provincial Highway,Poor,Clear,Street Light,Truck/Lorry,2,Road Condition,0,0,1,1,5,0,Medium
2022,1,Tuesday,8,Islamabad,Islamabad,Provincial Highway,Good,Foggy,Daylight,Motorcycle,3,Pedestrian Error,1,0,0,1,3,3,High
2022,9,Friday,21,Punjab,Sheikhupura,Provincial Highway,Good,Clear,No Light,Rickshaw,2,Over Speeding,0,0,0,0,2,2,Medium
2021,7,Thursday,20,KPK,Dera Ismail Khan,National Highway,Average,Extreme Heat,Street Light,Car/Taxi,3,Wrong Overtaking,1,0,0,0,2,0,Low
2023,12,Saturday,19,KPK,Kohat,Urban Road,Average,Foggy,Dawn/Dusk,Motorcycle,1,Over Speeding,1,1,0,1,5,0,Medium
2020,11,Saturday,5,Balochistan,Sibi,Motorway,Poor,Clear,Street Light,Rickshaw,2,Over Speeding,0,1,1,1,2,0,Medium
2018,9,Tuesday,21,Sindh,Dadu,Urban Road,Average,Foggy,No Light,Rickshaw,1,Over Speeding,0,0,0,0,5,1,Medium
2018,11,Sunday,12,Punjab,Rahim Yar Khan,Provincial Highway,Good,Dusty/Smoggy,Street Light,Car/Taxi,2,Over Speeding,1,1,0,1,3,0,Medium
2019,12,Thursday,15,Punjab,Multan,Rural Road,Good,Clear,Daylight,Motorcycle,1,Wrong Overtaking,0,0,0,1,2,0,Low
2020,7,Monday,14,KPK,Bannu,Urban Road,Good,Clear,Daylight,Motorcycle,2,Signal Violation,0,0,0,0,1,0,Low
2023,3,Saturday,12,KPK,Mardan,National Highway,Poor,Foggy,Daylight,Car/Taxi,4,Over Speeding,1,1,0,0,9,1,High
2022,12,Wednesday,20,Punjab,Rawalpindi,Urban Road,Average,Dusty/Smoggy,Street Light,Car/Taxi,1,Over Speeding,1,0,0,1,1,2,Medium
2022,11,Monday,0,Punjab,Lahore,Urban Road,Poor,Clear,No Light,Car/Taxi,1,Over Speeding,0,0,1,1,2,0,Low
2019,5,Tuesday,21,Balochistan,Loralai,Rural Road,Poor,Clear,No Light,Rickshaw,4,Wrong Overtaking,0,0,0,0,1,0,Low