year,month,day_of_week,hour_of_day,province,district,road_type,road_condition,weather_condition,lighting_condition,vehicle_type,vehicles_involved,accident_cause,is_rush_hour,is_weekend,is_night,is_foggy_month,num_injured,num_killed,severity
2019,5,Saturday,8,KPK,Dera Ismail Khan,National Highway,Average,Foggy,Daylight,Van/Pickup,2,Drunk Driving,1,1,0,0,8,2,High
2023,12,Sunday,10,AJK,Mirpur,Urban Road,Good,Clear,Daylight,Motorcycle,3,Wrong Overtaking,0,1,0,1,3,1,Medium
2020,1,Monday,19,KPK,Bannu,Rural Road,Poor,Rainy,Daylight,Car/Taxi,2,Over Speeding,1,0,0,1,1,1,Medium
2023,1,Sunday,10,Punjab,Rawalpindi,National Highway,Good,Clear,Daylight,Rickshaw,3,Over Speeding,0,1,0,1,9,4,High
2018,5,Wednesday,13,Sindh,Thatta,Rural Road,Average,Dusty/Smoggy,Daylight,Car/Taxi,2,Road Condition,1,0,0,0,1,0,Low
2023,7,Wednesday,10,KPK,Peshawar,Urban Road,Poor,Clear,Daylight,Car/Taxi,1,Mechanical Failure,0,0,0,0,2,0,Low
2018,12,Thursday,16,Punjab,Sialkot,Urban Road,Good,Rainy,Daylight,Car/Taxi,2,Wrong Overtaking,0,0,0,1,1,1,Low
2019,11,Saturday,17,Sindh,Nawabshah,Urban Road,Good,Clear,Daylight,Truck/Lorry,1,Pedestrian Error,1,1,0,1,1,0,Low
2023,11,Wednesday,12,KPK,Kohat,National Highway,Average,Clear,Daylight,Rickshaw,2,Wrong Overtaking,1,0,0,1,4,1,Medium
2022,9,Friday,17,Punjab,Multan,National Highway,Poor,Clear,Daylight,Motorcycle,2,Wrong Overtaking,1,0,0,0,8,4,High
2022,12,Monday,21,KPK,Abbottabad,National Highway,Good,Clear,Street Light,Motorcycle,1,Wrong Overtaking,0,0,0,1,10,2,High
2018,9,Wednesday,18,Sindh,Larkana,Provincial Highway,Good,Dusty/Smoggy,Daylight,Motorcycle,4,Signal Violation,1,0,0,0,10,1,High
2020,6,Saturday,20,Islamabad,Islamabad,Provincial Highway,Under Repair,Extreme Heat,No Light,Rickshaw,2,Over Speeding,1,1,0,0,2,0,Medium
2022,7,Wednesday,16,Punjab,Sargodha,National Highway,Good,Clear,Dawn/Dusk,Bus/Coach,4,Over Speeding,0,0,0,0,3,0,High
2020,12,Sunday,8,Punjab,Sargodha,Provincial Highway,Average,Foggy,Daylight,Truck/Lorry,2,Mechanical Failure,1,1,0,1,1,0,Low
2023,8,Monday,7,Sindh,Sukkur,National Highway,Good,Clear,Daylight,Motorcycle,2,Wrong Overtaking,1,0,0,0,11,0,High
2019,1,Tuesday,17,Punjab,Rahim Yar Khan,Rural Road,Average,Foggy,Daylight,Car/Taxi,2,Wrong Overtaking,1,0,0,1,5,0,Medium
2023,12,Thursday,7,KPK,Abbottabad,Urban Road,Good,Rainy,Daylight,Motorcycle,2,Over Speeding,1,0,0,1,11,1,High
2018,12,Wednesday,22,KPK,Abbottabad,National Highway,Poor,Foggy,No Light,Car/Taxi,1,Road Condition,0,0,1,1,4,0,Medium
2020,11,Thursday,8,Punjab,Gujranwala,Provincial Highway,Average,Clear,Daylight,Rickshaw,1,Signal Violation,1,0,0,1,1,0,Low
2023,6,Thursday,16,Sindh,Karachi,National Highway,Average,Clear,Daylight,Car/Taxi,2,Mobile Phone Use,0,0,0,0,4,2,Medium
2023,9,Sunday,17,Sindh,Kashmore,Provincial Highway,Good,Clear,Daylight,Motorcycle,1,Over Speeding,1,1,0,0,3,1,Medium
2022,1,Monday,17,Punjab,Sargodha,Rural Road,Poor,Rainy,Daylight,Rickshaw,4,Wrong Overtaking,1,0,0,1,0,0,Low
2021,2,Tuesday,11,Islamabad,Islamabad,Provincial Highway,Good,Rainy,Dawn/Dusk,Car/Taxi,1,Signal Violation,0,0,0,1,5,0,Medium
2020,1,Tuesday,9,KPK,Charsadda,National Highway,Poor,Clear,Daylight,Car/Taxi,3,Over Speeding,1,0,0,1,4,1,Medium
2021,4,Monday,16,KPK,Nowshera,Rural Road,Good,Clear,Daylight,Van/Pickup,3,Wrong Overtaking,0,0,0,0,0,0,Low
2023,4,Friday,6,KPK,Charsadda,Rural Road,Poor,Dusty/Smoggy,Daylight,Motorcycle,4,Over Speeding,0,0,0,0,3,1,Medium
2021,4,Thursday,15,Sindh,Dadu,National Highway,Good,Foggy,Daylight,Motorcycle,3,Signal Violation,0,0,0,0,5,1,High
2023,5,Wednesday,18,Islamabad,Islamabad,National Highway,Average,Clear,Daylight,Motorcycle,2,Signal Violation,1,0,0,0,10,2,High
2022,11,Friday,11,KPK,Swat,National Highway,Average,Clear,Street Light,Motorcycle,2,Wrong Overtaking,0,0,0,1,4,4,High
2018,2,Saturday,18,KPK,Abbottabad,Rural Road,Average,Clear,Daylight,Car/Taxi,2,Pedestrian Error,1,1,0,1,2,0,Low
2022,3,Thursday,3,Balochistan,Loralai,Urban Road,Good,Rainy,No Light,Car/Taxi,1,Drunk Driving,0,0,1,0,6,3,High
2022,8,Thursday,17,Punjab,Sheikhupura,Urban Road,Poor,Clear,Daylight,Car/Taxi,2,Mobile Phone Use,1,0,0,0,1,0,Low
2023,7,Saturday,19,KPK,Bannu,National Highway,Good,Foggy,Dawn/Dusk,Motorcycle,1,Mechanical Failure,1,1,0,0,5,0,Medium
2022,3,Thursday,2,Punjab,Bahawalpur,Motorway,Good,Clear,Street Light,Car/Taxi,3,Signal Violation,0,0,1,0,5,0,Medium
2023,5,Friday,13,Punjab,Rawalpindi,National Highway,Good,Dusty/Smoggy,Daylight,Motorcycle,2,Driver Fatigue,1,0,0,0,6,4,High
2023,6,Friday,17,Punjab,Sialkot,National Highway,Under Repair,Clear,Dawn/Dusk,Rickshaw,1,Mobile Phone Use,1,0,0,0,0,0,Low
2019,7,Wednesday,11,AJK,Mirpur,Provincial Highway,Good,Clear,Street Light,Motorcycle,4,Over Speeding,0,0,0,0,5,2,High
2023,9,Friday,7,Balochistan,Turbat,Urban Road,Average,Clear,Daylight,Bus/Coach,3,Drunk Driving,1,0,0,0,1,0,Medium
2020,4,Tuesday,20,KPK,Mansehra,Provincial Highway,Poor,Foggy,Street Light,Car/Taxi,2,Signal Violation,1,0,0,0,1,0,Medium
2022,8,Sunday,7,KPK,Kohat,Provincial Highway,Poor,Rainy,Daylight,Rickshaw,2,Signal Violation,1,1,0,0,1,1,Medium
2020,5,Wednesday,12,Sindh,Larkana,Urban Road,Good,Rainy,Daylight,Bicycle,3,Over Speeding,1,0,0,0,11,0,High
2018,7,Tuesday,8,Islamabad,Islamabad,National Highway,Good,Foggy,Daylight,Bus/Coach,3,Mechanical Failure,1,0,0,0,5,0,Medium
2020,5,Friday,10,Sindh,Sukkur,Rural Road,Average,Foggy,Street Light,Car/Taxi,1,Road Condition,0,0,0,0,1,0,Low
2021,2,Saturday,11,Punjab,Bahawalpur,National Highway,Average,Clear,Daylight,Motorcycle,4,Over Speeding,0,1,0,1,7,3,High
2021,7,Sunday,21,Punjab,Rahim Yar Khan,Motorway,Poor,Extreme Heat,No Light,Truck/Lorry,2,Over Speeding,0,1,0,0,1,0,Medium
2020,5,Tuesday,13,KPK,Mansehra,Motorway,Poor,Rainy,Dawn/Dusk,Motorcycle,1,Wrong Overtaking,1,0,0,0,8,1,High
2019,1,Tuesday,20,KPK,Bannu,Provincial Highway,Good,Clear,Street Light,Motorcycle,2,Wrong Overtaking,1,0,0,1,2,0,Medium
2022,6,Thursday,15,Punjab,Rawalpindi,Provincial Highway,Average,Foggy,Dawn/Dusk,Truck/Lorry,2,Signal Violation,0,0,0,0,10,1,High
2019,8,Saturday,17,Punjab,Gujranwala,Rural Road,Poor,Clear,Dawn/Dusk,Motorcycle,2,Signal Violation,1,1,0,0,4,1,Medium
2023,12,Thursday,13,KPK,Swat,Urban Road,Average,Clear,Daylight,Motorcycle,1,Over Speeding,1,0,0,1,3,0,Medium
2018,7,Monday,1,Punjab,Sialkot,Rural Road,Good,Rainy,Street Light,Bus/Coach,3,Signal Violation,0,0,1,0,4,1,Medium
2018,12,Monday,5,KPK,Mardan,Provincial Highway,Poor,Clear,Dawn/Dusk,Car/Taxi,1,Wrong Overtaking,0,0,1,1,2,0,Low
2019,4,Wednesday,4,AJK,Mirpur,Provincial Highway,Good,Clear,No Light,Truck/Lorry,4,Wrong Overtaking,0,0,1,0,9,0,High
2019,4,Tuesday,10,Sindh,Sukkur,Provincial Highway,Average,Extreme Heat,Daylight,Motorcycle,2,Road Condition,0,0,0,0,2,0,Medium
2018,7,Sunday,8,Punjab,Bahawalpur,Provincial Highway,Average,Clear,Daylight,Car/Taxi,1,Wrong Overtaking,1,1,0,0,2,0,Low
2020,4,Friday,18,KPK,Dera Ismail Khan,National Highway,Good,Foggy,Dawn/Dusk,Motorcycle,2,Road Condition,1,0,0,0,2,1,Medium
2020,8,Thursday,5,KPK,Dera Ismail Khan,Motorway,Under Repair,Rainy,Dawn/Dusk,Bus/Coach,4,Pedestrian Error,0,0,1,0,6,1,High
2019,4,Monday,20,Sindh,Nawabshah,Rural Road,Average,Clear,No Light,Motorcycle,2,Driver Fatigue,1,0,0,0,3,1,Medium
2022,10,Friday,11,Islamabad,Islamabad,Rural Road,Good,Clear,Daylight,Motorcycle,3,Mobile Phone Use,0,0,0,0,0,0,Low
2020,7,Monday,18,Punjab,Bahawalpur,Urban Road,Poor,Clear,Daylight,Car/Taxi,2,Signal Violation,1,0,0,0,0,0,Low
2019,5,Sunday,20,Sindh,Jacobabad,National Highway,Average,Clear,Street Light,Car/Taxi,1,Signal Violation,1,1,0,0,0,0,Low
2022,1,Saturday,12,KPK,Mansehra,National Highway,Poor,Clear,Daylight,Motorcycle,2,Driver Fatigue,1,1,0,1,9,2,High
2022,12,Friday,15,Balochistan,Sibi,National Highway,Under Repair,Foggy,Dawn/Dusk,Motorcycle,2,Over Speeding,0,0,0,1,8,1,High
2022,5,Sunday,20,Punjab,Sheikhupura,Rural Road,Under Repair,Clear,Street Light,Motorcycle,2,Wrong Overtaking,1,1,0,0,2,0,Medium
2022,5,Sunday,11,KPK,Dera Ismail Khan,Rural Road,Good,Clear,Daylight,Bus/Coach,1,Over Speeding,0,1,0,0,5,0,Medium
2021,1,Thursday,17,Sindh,Kashmore,Urban Road,Good,Rainy,Daylight,Truck/Lorry,1,Road Condition,1,0,0,1,4,0,Medium
2018,6,Sunday,16,Punjab,Multan,Rural Road,Average,Foggy,Street Light,Rickshaw,1,Over Speeding,0,1,0,0,1,0,Medium
2023,1,Friday,18,Punjab,Bahawalpur,Rural Road,Average,Rainy,Daylight,Motorcycle,3,Road Condition,1,0,0,1,2,0,Medium
2022,10,Monday,7,Balochistan,Khuzdar,National Highway,Good,Clear,Daylight,Motorcycle,2,Pedestrian Error,1,0,0,0,4,0,Medium
2018,6,Sunday,12,Punjab,Gujranwala,Provincial Highway,Good,Clear,Dawn/Dusk,Motorcycle,3,Signal Violation,1,1,0,0,3,1,Medium
2018,12,Tuesday,12,Punjab,Rawalpindi,National Highway,Good,Clear,Daylight,Truck/Lorry,2,Wrong Overtaking,1,0,0,1,5,1,Medium
2023,11,Friday,14,Punjab,Rahim Yar Khan,Provincial Highway,Good,Dusty/Smoggy,Daylight,Car/Taxi,2,Road Condition,0,0,0,1,2,0,Low
2018,3,Thursday,21,Balochistan,Gwadar,Provincial Highway,Average,Clear,No Light,Car/Taxi,3,Over Speeding,0,0,0,0,2,0,Low
2018,3,Monday,7,KPK,Kohat,Urban Road,Average,Rainy,Daylight,Car/Taxi,3,Signal Violation,1,0,0,0,2,0,Medium
2022,12,Wednesday,8,KPK,Charsadda,Urban Road,Average,Rainy,Daylight,Rickshaw,2,Pedestrian Error,1,0,0,1,1,1,Low
2023,1,Saturday,18,Punjab,Rahim Yar Khan,Motorway,Average,Clear,Daylight,Car/Taxi,3,Over Speeding,1,1,0,1,5,0,High
2021,4,Thursday,11,Sindh,Thatta,National Highway,Average,Clear,Street Light,Car/Taxi,4,Over Speeding,0,0,0,0,4,0,Medium
2022,7,Thursday,7,Sindh,Sukkur,National Highway,Good,Clear,Daylight,Van/Pickup,3,Over Speeding,1,0,0,0,6,0,High
2021,2,Saturday,12,KPK,Charsadda,Urban Road,Good,Clear,Daylight,Rickshaw,2,Signal Violation,1,1,0,1,2,0,Low
2021,12,Sunday,20,Balochistan,Dera Bugti,Urban Road,Average,Clear,No Light,Motorcycle,1,Pedestrian Error,1,1,0,1,1,0,Low
2021,11,Friday,17,Punjab,Multan,National Highway,Average,Foggy,Daylight,Motorcycle,1,Road Condition,1,0,0,1,2,0,Medium
2018,11,Thursday,19,KPK,Mardan,Rural Road,Good,Extreme Heat,Daylight,Bus/Coach,1,Over Speeding,1,0,0,1,2,1,Low
2022,9,Wednesday,9,Punjab,Rawalpindi,Provincial Highway,Average,Extreme Heat,Dawn/Dusk,Car/Taxi,3,Over Speeding,1,0,0,0,1,0,Medium
2020,2,Wednesday,20,Sindh,Thatta,Provincial Highway,Good,Dusty/Smoggy,Street Light,Motorcycle,1,Signal Violation,1,0,0,1,5,0,Medium
2023,10,Monday,10,Punjab,Gujranwala,Urban Road,Good,Extreme Heat,Daylight,Motorcycle,2,Over Speeding,0,0,0,0,5,0,Medium
2019,7,Thursday,9,Punjab,Faisalabad,Urban Road,Poor,Dusty/Smoggy,Daylight,Motorcycle,2,Wrong Overtaking,1,0,0,0,3,0,Medium
2018,12,Monday,8,Punjab,Sargodha,Urban Road,Poor,Foggy,Daylight,Car/Taxi,2,Wrong Overtaking,1,0,0,1,1,1,Medium
2020,1,Monday,20,Sindh,Mirpur Khas,National Highway,Poor,Clear,No Light,Motorcycle,2,Over Speeding,1,0,0,1,10,0,High
2018,6,Tuesday,7,Punjab,Sialkot,National Highway,Poor,Clear,Dawn/Dusk,Motorcycle,3,Over Speeding,1,0,0,0,10,0,High
2020,6,Thursday,13,KPK,Mardan,Rural Road,Good,Rainy,Daylight,Rickshaw,3,Over Speeding,1,0,0,0,2,1,Medium
2023,11,Sunday,10,Punjab,Sargodha,Rural Road,Average,Clear,Daylight,Van/Pickup,1,Over Speeding,0,1,0,1,0,1,Low
2020,8,Friday,10,Punjab,Lahore,Provincial Highway,Good,Clear,No Light,Motorcycle,3,Signal Violation,0,0,0,0,4,1,Medium
2018,9,Tuesday,12,KPK,Dera Ismail Khan,Motorway,Under Repair,Dusty/Smoggy,Daylight,Motorcycle,2,Signal Violation,1,0,0,0,1,1,Medium
2020,2,Friday,18,Punjab,Rahim Yar Khan,Rural Road,Good,Foggy,Dawn/Dusk,Motorcycle,1,Over Speeding,1,0,0,1,2,0,High
2020,11,Wednesday,18,Sindh,Mirpur Khas,Rural Road,Average,Rainy,Daylight,Car/Taxi,2,Wrong Overtaking,1,0,0,1,2,0,Low
2020,5,Wednesday,20,KPK,Bannu,Urban Road,Good,Extreme Heat,Street Light,Bus/Coach,1,Road Condition,1,0,0,0,1,0,Low
2021,6,Tuesday,17,Punjab,Sargodha,Provincial Highway,Good,Rainy,Daylight,Car/Taxi,3,Wrong Overtaking,1,0,0,0,1,0,Medium
2023,7,Tuesday,6,Punjab,Sheikhupura,National Highway,Good,Extreme Heat,Daylight,Motorcycle,1,Wrong Overtaking,0,0,0,0,3,0,Medium
2020,5,Sunday,19,Punjab,Sheikhupura,National Highway,Under Repair,Clear,Dawn/Dusk,Motorcycle,1,Pedestrian Error,1,1,0,0,10,3,High
2023,5,Sunday,14,Islamabad,Islamabad,National Highway,Poor,Rainy,Daylight,Motorcycle,4,Mechanical Failure,0,1,0,0,3,2,Medium
2021,11,Friday,6,Sindh,Karachi,Rural Road,Average,Clear,Daylight,Motorcycle,4,Pedestrian Error,0,0,0,1,0,0,Low
2023,10,Thursday,19,KPK,Charsadda,National Highway,Good,Clear,Daylight,Motorcycle,2,Over Speeding,1,0,0,0,2,0,High
2021,11,Sunday,6,Sindh,Jacobabad,National Highway,Average,Clear,Daylight,Motorcycle,2,Wrong Overtaking,0,1,0,1,8,1,High
2021,2,Wednesday,13,Punjab,Faisalabad,Urban Road,Average,Clear,Daylight,Car/Taxi,2,Mechanical Failure,1,0,0,1,0,0,Low
2019,5,Thursday,7,Punjab,Rawalpindi,Motorway,Good,Foggy,Dawn/Dusk,Bus/Coach,3,Mechanical Failure,1,0,0,0,9,0,High
2023,11,Monday,2,KPK,Mansehra,National Highway,Good,Clear,Street Light,Motorcycle,4,Signal Violation,0,0,1,1,7,1,High
2022,4,Wednesday,6,Punjab,Rawalpindi,National Highway,Average,Clear,Daylight,Motorcycle,3,Signal Violation,0,0,0,0,11,1,High
2019,10,Monday,16,Punjab,Bahawalpur,National Highway,Under Repair,Clear,Daylight,Rickshaw,2,Wrong Overtaking,0,0,0,0,5,1,Medium
2020,4,Tuesday,10,Punjab,Multan,National Highway,Average,Rainy,Daylight,Rickshaw,2,Over Speeding,0,0,0,0,1,0,Medium
2019,12,Saturday,17,Sindh,Jacobabad,Rural Road,Poor,Clear,Daylight,Motorcycle,2,Over Speeding,1,1,0,1,1,0,Medium
2021,10,Wednesday,8,AJK,Mirpur,National Highway,Average,Clear,Daylight,Car/Taxi,1,Drunk Driving,1,0,0,0,6,0,High
2021,5,Tuesday,6,Punjab,Sargodha,National Highway,Average,Clear,Daylight,Motorcycle,2,Wrong Overtaking,0,0,0,0,5,0,Medium
2022,9,Thursday,19,Sindh,Thatta,National Highway,Poor,Dusty/Smoggy,Street Light,Car/Taxi,2,Over Speeding,1,0,0,0,3,0,Medium
2022,12,Sunday,12,Punjab,Lahore,National Highway,Good,Clear,Daylight,Truck/Lorry,2,Over Speeding,1,1,0,1,2,1,Medium
2020,5,Wednesday,18,AJK,Muzaffarabad,Provincial Highway,Average,Clear,Daylight,Car/Taxi,1,Driver Fatigue,1,0,0,0,1,0,Low
2023,5,Monday,16,Punjab,Rahim Yar Khan,Rural Road,Good,Clear,Daylight,Car/Taxi,3,Signal Violation,0,0,0,0,0,0,Low
2018,5,Friday,15,Punjab,Bahawalpur,Provincial Highway,Good,Clear,Daylight,Van/Pickup,3,Wrong Overtaking,0,0,0,0,1,2,Medium
2021,8,Saturday,18,KPK,Peshawar,Provincial Highway,Good,Clear,Daylight,Rickshaw,1,Road Condition,1,1,0,0,0,0,Low
2022,11,Friday,9,KPK,Abbottabad,Urban Road,Average,Dusty/Smoggy,Daylight,Truck/Lorry,2,Over Speeding,1,0,0,1,0,0,Low
2019,6,Tuesday,18,Sindh,Hyderabad,Provincial Highway,Average,Foggy,Daylight,Motorcycle,1,Pedestrian Error,1,0,0,0,9,4,High
2022,2,Thursday,18,Punjab,Rawalpindi,Provincial Highway,Good,Clear,Daylight,Car/Taxi,1,Pedestrian Error,1,0,0,1,1,0,Low
2020,12,Saturday,17,Punjab,Rawalpindi,Urban Road,Poor,Clear,No Light,Motorcycle,2,Over Speeding,1,1,0,1,10,1,High
2021,10,Saturday,21,Punjab,Rawalpindi,Provincial Highway,Average,Foggy,No Light,Car/Taxi,2,Pedestrian Error,0,1,0,0,1,1,Medium
2018,12,Monday,12,Punjab,Lahore,National Highway,Poor,Clear,Daylight,Bus/Coach,1,Signal Violation,1,0,0,1,2,2,Medium
2020,9,Tuesday,19,Sindh,Sukkur,Rural Road,Poor,Clear,Dawn/Dusk,Motorcycle,1,Mechanical Failure,1,0,0,0,1,0,Low
2023,11,Tuesday,23,Punjab,Faisalabad,Urban Road,Good,Dusty/Smoggy,No Light,Rickshaw,2,Mechanical Failure,0,0,1,1,2,0,Low
2023,10,Saturday,6,Punjab,Sheikhupura,Rural Road,Good,Clear,Daylight,Car/Taxi,2,Road Condition,0,1,0,0,2,0,Low
2020,6,Saturday,9,Sindh,Kashmore,Provincial Highway,Good,Clear,Daylight,Motorcycle,2,Road Condition,1,1,0,0,4,0,Medium
2018,10,Wednesday,19,Islamabad,Islamabad,Urban Road,Good,Rainy,Dawn/Dusk,Bus/Coach,1,Driver Fatigue,1,0,0,0,1,1,Medium
2021,6,Friday,18,Sindh,Thatta,Rural Road,Good,Clear,Daylight,Car/Taxi,3,Road Condition,1,0,0,0,0,0,Low
2023,1,Friday,7,Punjab,Sialkot,Urban Road,Good,Foggy,Daylight,Motorcycle,4,Road Condition,1,0,0,1,5,0,Medium
2021,12,Wednesday,9,Punjab,Sargodha,Provincial Highway,Poor,Clear,Daylight,Motorcycle,3,Pedestrian Error,1,0,0,1,2,0,Low
2022,11,Monday,21,Islamabad,Islamabad,Provincial Highway,Good,Rainy,Street Light,Motorcycle,3,Road Condition,0,0,0,1,10,4,High
2019,6,Monday,21,Punjab,Lahore,National Highway,Good,Foggy,No Light,Car/Taxi,2,Road Condition,0,0,0,0,3,0,Medium
2020,9,Sunday,8,Punjab,Sargodha,Provincial Highway,Average,Clear,Daylight,Car/Taxi,1,Signal Violation,1,1,0,0,2,1,Low
2023,9,Friday,5,Sindh,Thatta,Rural Road,Average,Clear,Daylight,Van/Pickup,2,Signal Violation,0,0,1,0,4,1,Medium
2022,11,Thursday,18,Sindh,Thatta,National Highway,Average,Clear,Daylight,Motorcycle,4,Over Speeding,1,0,0,1,11,1,High
2020,8,Saturday,14,Sindh,Nawabshah,Urban Road,Average,Clear,Daylight,Motorcycle,2,Road Condition,0,1,0,0,1,0,Low
2023,4,Saturday,1,Punjab,Sargodha,Provincial Highway,Under Repair,Extreme Heat,No Light,Truck/Lorry,2,Drunk Driving,0,1,1,0,5,2,High
2023,7,Tuesday,6,Punjab,Faisalabad,Rural Road,Poor,Clear,Daylight,Motorcycle,2,Wrong Overtaking,0,0,0,0,5,0,Medium
2023,5,Friday,20,Islamabad,Islamabad,Provincial Highway,Good,Clear,No Light,Motorcycle,1,Driver Fatigue,1,0,0,0,4,0,Medium
2021,12,Tuesday,1,Punjab,Multan,Urban Road,Good,Clear,No Light,Motorcycle,2,Wrong Overtaking,0,0,1,1,4,2,Medium
2020,9,Friday,9,KPK,Charsadda,Rural Road,Average,Clear,Daylight,Motorcycle,1,Pedestrian Error,1,0,0,0,0,0,Low
2023,12,Wednesday,7,KPK,Swat,Provincial Highway,Good,Foggy,Daylight,Truck/Lorry,1,Pedestrian Error,1,0,0,1,2,1,Medium
2022,2,Thursday,18,Sindh,Thatta,Urban Road,Average,Rainy,Daylight,Motorcycle,2,Road Condition,1,0,0,1,1,0,Low
2022,11,Wednesday,8,Punjab,Rahim Yar Khan,National Highway,Average,Clear,Daylight,Car/Taxi,2,Driver Fatigue,1,0,0,1,3,0,Medium
2019,9,Tuesday,13,Punjab,Multan,National Highway,Average,Clear,Daylight,Bus/Coach,3,Driver Fatigue,1,0,0,0,9,1,High
2020,12,Saturday,17,Sindh,Dadu,Provincial Highway,Good,Clear,Daylight,Truck/Lorry,3,Wrong Overtaking,1,1,0,1,0,0,Low
2018,3,Monday,20,Balochistan,Quetta,Provincial Highway,Good,Rainy,Street Light,Car/Taxi,3,Mechanical Failure,1,0,0,0,4,0,Medium
2023,9,Thursday,22,Islamabad,Islamabad,Urban Road,Good,Extreme Heat,Street Light,Motorcycle,1,Driver Fatigue,0,0,1,0,8,0,High
2020,9,Saturday,13,Punjab,Sialkot,Provincial Highway,Good,Clear,Daylight,Car/Taxi,2,Driver Fatigue,1,1,0,0,0,0,Low
2023,2,Thursday,18,Punjab,Lahore,Rural Road,Poor,Clear,Dawn/Dusk,Car/Taxi,3,Pedestrian Error,1,0,0,1,1,0,Low
2023,5,Saturday,21,Islamabad,Islamabad,National Highway,Poor,Clear,Street Light,Motorcycle,2,Over Speeding,0,1,0,0,8,0,High
2019,7,Tuesday,18,KPK,Mansehra,National Highway,Poor,Clear,Daylight,Bus/Coach,2,Over Speeding,1,0,0,0,4,0,Medium
2023,1,Tuesday,12,Balochistan,Gwadar,Provincial Highway,Poor,Clear,Daylight,Car/Taxi,2,Over Speeding,1,0,0,1,1,0,Low
2023,5,Monday,8,Punjab,Bahawalpur,National Highway,Average,Rainy,No Light,Motorcycle,4,Driver Fatigue,1,0,0,0,6,3,High
2021,3,Thursday,1,Sindh,Thatta,Urban Road,Poor,Clear,No Light,Van/Pickup,2,Road Condition,0,0,1,0,0,0,Low
2022,4,Friday,11,KPK,Bannu,Urban Road,Poor,Clear,Daylight,Rickshaw,1,Over Speeding,0,0,0,0,2,0,Low
2022,4,Friday,14,KPK,Nowshera,Urban Road,Average,Clear,Daylight,Van/Pickup,2,Driver Fatigue,0,0,0,0,4,0,Medium
2020,11,Saturday,11,Punjab,Bahawalpur,Rural Road,Average,Clear,Dawn/Dusk,Car/Taxi,2,Over Speeding,0,1,0,1,1,1,Medium
2022,11,Thursday,2,Punjab,Rawalpindi,National Highway,Poor,Clear,Street Light,Rickshaw,1,Over Speeding,0,0,1,1,3,2,High
2022,4,Tuesday,12,Sindh,Kashmore,Provincial Highway,Poor,Foggy,Daylight,Motorcycle,2,Over Speeding,1,0,0,0,6,4,High
2020,9,Wednesday,22,Punjab,Multan,National Highway,Good,Clear,No Light,Motorcycle,4,Pedestrian Error,0,0,1,0,2,0,Medium
2023,1,Sunday,7,Sindh,Larkana,Urban Road,Good,Clear,Daylight,Motorcycle,2,Driver Fatigue,1,1,0,1,1,0,Medium
2020,12,Wednesday,7,Islamabad,Islamabad,Rural Road,Good,Dusty/Smoggy,Daylight,Motorcycle,3,Over Speeding,1,0,0,1,5,1,Medium
2020,9,Wednesday,21,Punjab,Sialkot,Motorway,Good,Clear,Street Light,Car/Taxi,1,Drunk Driving,0,0,0,0,5,2,Medium
2020,5,Tuesday,15,KPK,Nowshera,Motorway,Good,Clear,Dawn/Dusk,Motorcycle,1,Signal Violation,0,0,0,0,6,3,High
2023,7,Wednesday,15,Punjab,Sheikhupura,Urban Road,Average,Dusty/Smoggy,Daylight,Car/Taxi,3,Over Speeding,0,0,0,0,1,0,Low
2019,3,Tuesday,8,KPK,Dera Ismail Khan,Urban Road,Good,Rainy,Daylight,Bus/Coach,3,Signal Violation,1,0,0,0,1,0,Medium
2020,1,Thursday,18,AJK,Mirpur,National Highway,Good,Clear,Daylight,Car/Taxi,2,Over Speeding,1,0,0,1,4,1,Medium
2023,8,Friday,17,Punjab,Faisalabad,Urban Road,Average,Clear,Dawn/Dusk,Car/Taxi,2,Over Speeding,1,0,0,0,2,0,Low
2023,7,Sunday,18,Punjab,Rahim Yar Khan,Provincial Highway,Good,Foggy,Daylight,Van/Pickup,2,Over Speeding,1,1,0,0,7,1,High
2023,12,Tuesday,1,Sindh,Kashmore,National Highway,Average,Clear,No Light,Motorcycle,1,Pedestrian Error,0,0,1,1,8,3,High
2020,11,Tuesday,21,Punjab,Sargodha,Provincial Highway,Under Repair,Extreme Heat,Street Light,Bus/Coach,3,Signal Violation,0,0,0,1,1,0,Low
2021,3,Wednesday,8,KPK,Dera Ismail Khan,Provincial Highway,Average,Rainy,Daylight,Truck/Lorry,2,Pedestrian Error,1,0,0,0,2,1,Medium
2020,5,Thursday,6,Balochistan,Sibi,National Highway,Average,Clear,Dawn/Dusk,Truck/Lorry,1,Road Condition,0,0,0,0,0,0,Low
2020,1,Monday,21,Sindh,Thatta,Motorway,Average,Foggy,No Light,Car/Taxi,3,Wrong Overtaking,0,0,0,1,4,1,Medium
2020,3,Tuesday,8,Punjab,Multan,Motorway,Average,Clear,Daylight,Car/Taxi,1,Over Speeding,1,0,0,0,5,1,Medium
2018,4,Monday,7,Sindh,Hyderabad,Urban Road,Poor,Dusty/Smoggy,Daylight,Car/Taxi,3,Over Speeding,1,0,0,0,2,0,Low
2023,4,Thursday,18,KPK,Charsadda,Rural Road,Poor,Clear,No Light,Motorcycle,2,Over Speeding,1,0,0,0,7,1,High
2020,6,Saturday,14,Punjab,Sialkot,National Highway,Good,Clear,Daylight,Van/Pickup,2,Road Condition,0,1,0,0,1,0,Low
2019,11,Sunday,16,Sindh,Thatta,Rural Road,Good,Rainy,No Light,Rickshaw,4,Wrong Overtaking,0,1,0,1,0,0,Low
2022,3,Sunday,14,Sindh,Dadu,Rural Road,Good,Foggy,Dawn/Dusk,Bus/Coach,2,Over Speeding,0,1,0,0,4,0,Medium