year,month,day_of_week,hour_of_day,province,district,road_type,road_condition,weather_condition,lighting_condition,vehicle_type,vehicles_involved,accident_cause,is_rush_hour,is_weekend,is_night,is_foggy_month,num_injured,num_killed,severity
2019,5,Saturday,21,Sindh,Sukkur,Provincial Highway,Under Repair,Dusty/Smoggy,Street Light,Motorcycle,2,Road Condition,0,1,0,0,3,0,Medium
2022,6,Thursday,23,Punjab,Bahawalpur,Provincial Highway,Average,Foggy,No Light,Car/Taxi,1,Drunk Driving,0,0,1,0,8,1,High
2020,3,Wednesday,0,KPK,Dera Ismail Khan,Urban Road,Good,Foggy,No Light,Motorcycle,1,Driver Fatigue,0,0,1,0,5,0,High
2022,4,Wednesday,18,Punjab,Bahawalpur,Provincial Highway,Under Repair,Clear,Daylight,Bus/Coach,2,Road Condition,1,0,0,0,0,0,Low
2018,8,Monday,17,Punjab,Gujranwala,Provincial Highway,Good,Clear,No Light,Motorcycle,1,Over Speeding,1,0,0,0,2,0,Medium
2021,1,Saturday,17,Balochistan,Zhob,Rural Road,Poor,Rainy,No Light,Car/Taxi,2,Pedestrian Error,1,1,0,1,1,0,Low
2020,1,Tuesday,17,KPK,Kohat,National Highway,Average,Clear,Daylight,Motorcycle,2,Mechanical Failure,1,0,0,1,1,0,Medium
2021,9,Sunday,14,Punjab,Sialkot,Urban Road,Average,Foggy,Dawn/Dusk,Truck/Lorry,1,Road Condition,0,1,0,0,2,0,Low
2022,11,Thursday,9,Punjab,Lahore,Provincial Highway,Good,Foggy,Daylight,Car/Taxi,2,Wrong Overtaking,1,0,0,1,3,1,Medium
2021,10,Thursday,4,Punjab,Rahim Yar Khan,National Highway,Good,Extreme Heat,No Light,Motorcycle,2,Signal Violation,0,0,1,0,5,1,High
2018,6,Friday,12,Punjab,Rahim Yar Khan,Rural Road,Good,Clear,Daylight,Motorcycle,1,Mobile Phone Use,1,0,0,0,0,0,Low
2022,5,Monday,8,Punjab,Rahim Yar Khan,National Highway,Good,Clear,Daylight,Car/Taxi,2,Mechanical Failure,1,0,0,0,5,0,Medium
2019,6,Monday,16,Punjab,Faisalabad,Provincial Highway,Good,Clear,Street Light,Car/Taxi,2,Signal Violation,0,0,0,0,1,0,Low
2021,9,Saturday,23,Sindh,Thatta,Urban Road,Good,Clear,Street Light,Rickshaw,1,Mechanical Failure,0,1,1,0,1,0,Low
2019,5,Friday,8,KPK,Peshawar,National Highway,Poor,Clear,Daylight,Car/Taxi,2,Pedestrian Error,1,0,0,0,3,0,Medium
2020,9,Saturday,14,Sindh,Dadu,National Highway,Average,Clear,Daylight,Rickshaw,1,Pedestrian Error,0,1,0,0,1,0,Low
2019,7,Saturday,17,KPK,Nowshera,Urban Road,Average,Clear,No Light,Motorcycle,2,Wrong Overtaking,1,1,0,0,2,0,Low
2023,8,Friday,13,Punjab,Lahore,Urban Road,Average,Dusty/Smoggy,Daylight,Motorcycle,2,Over Speeding,1,0,0,0,6,2,High
2021,7,Wednesday,13,Islamabad,Islamabad,Urban Road,Poor,Rainy,Street Light,Motorcycle,2,Drunk Driving,1,0,0,0,5,0,Medium
2018,12,Sunday,18,KPK,Kohat,Urban Road,Average,Clear,Dawn/Dusk,Truck/Lorry,2,Mechanical Failure,1,1,0,1,1,0,Low
2023,9,Tuesday,18,KPK,Mardan,Rural Road,Good,Dusty/Smoggy,Daylight,Van/Pickup,3,Signal Violation,1,0,0,0,1,0,Low
2019,6,Wednesday,6,KPK,Peshawar,Provincial Highway,Good,Rainy,Daylight,Motorcycle,2,Road Condition,0,0,0,0,4,1,Medium
2023,1,Monday,10,Islamabad,Islamabad,National Highway,Average,Clear,Daylight,Motorcycle,1,Drunk Driving,0,0,0,1,9,1,High
2021,7,Sunday,17,Sindh,Karachi,Rural Road,Average,Dusty/Smoggy,Daylight,Bicycle,2,Driver Fatigue,1,1,0,0,3,0,Medium
2019,8,Monday,11,Punjab,Gujranwala,Urban Road,Average,Clear,Street Light,Motorcycle,1,Over Speeding,0,0,0,0,4,2,High
2023,7,Thursday,19,Sindh,Larkana,Rural Road,Poor,Clear,Street Light,Car/Taxi,2,Road Condition,1,0,0,0,0,0,Low
2018,6,Monday,12,KPK,Kohat,National Highway,Good,Clear,Street Light,Motorcycle,2,Driver Fatigue,1,0,0,0,3,2,High
2021,2,Thursday,8,KPK,Mansehra,Provincial Highway,Average,Clear,Dawn/Dusk,Truck/Lorry,2,Road Condition,1,0,0,1,5,1,Medium
2022,1,Friday,21,Sindh,Karachi,National Highway,Poor,Foggy,Street Light,Rickshaw,3,Mechanical Failure,0,0,0,1,2,0,Low
2023,12,Saturday,16,Punjab,Faisalabad,National Highway,Good,Extreme Heat,Daylight,Motorcycle,2,Over Speeding,0,1,0,1,8,3,High
2020,6,Tuesday,10,Punjab,Faisalabad,Provincial Highway,Poor,Foggy,Daylight,Car/Taxi,1,Over Speeding,0,0,0,0,3,0,Medium
2019,6,Friday,8,Islamabad,Islamabad,Urban Road,Poor,Rainy,Dawn/Dusk,Car/Taxi,2,Pedestrian Error,1,0,0,0,1,0,Low
2020,9,Tuesday,23,Sindh,Mirpur Khas,Rural Road,Poor,Clear,No Light,Bus/Coach,4,Over Speeding,0,0,1,0,5,0,Medium
2023,1,Sunday,20,Sindh,Kashmore,National Highway,Average,Dusty/Smoggy,No Light,Rickshaw,4,Road Condition,1,1,0,1,1,0,Low
2021,10,Monday,13,Punjab,Sheikhupura,Provincial Highway,Good,Clear,Daylight,Rickshaw,1,Wrong Overtaking,1,0,0,0,5,0,Medium
2023,3,Sunday,7,Punjab,Sargodha,Urban Road,Good,Clear,Daylight,Rickshaw,2,Signal Violation,1,1,0,0,2,0,Low
2019,12,Monday,7,Balochistan,Dera Bugti,Provincial Highway,Good,Dusty/Smoggy,Daylight,Truck/Lorry,2,Wrong Overtaking,1,0,0,1,1,1,Low
2023,8,Tuesday,15,KPK,Swat,Urban Road,Good,Clear,Daylight,Bus/Coach,3,Wrong Overtaking,0,0,0,0,1,0,Low
2020,8,Monday,16,KPK,Kohat,Motorway,Good,Clear,Daylight,Car/Taxi,1,Over Speeding,0,0,0,0,1,0,Medium
2018,7,Tuesday,18,Sindh,Jacobabad,Urban Road,Under Repair,Extreme Heat,Daylight,Truck/Lorry,2,Pedestrian Error,1,0,0,0,2,0,Low
2023,10,Tuesday,19,Sindh,Kashmore,National Highway,Poor,Rainy,Dawn/Dusk,Motorcycle,2,Wrong Overtaking,1,0,0,0,8,1,High
2018,3,Monday,15,Punjab,Sheikhupura,Urban Road,Poor,Clear,Daylight,Truck/Lorry,2,Over Speeding,0,0,0,0,2,1,Medium
2018,11,Friday,17,KPK,Dera Ismail Khan,Provincial Highway,Good,Clear,Daylight,Car/Taxi,1,Road Condition,1,0,0,1,0,1,Low
2023,8,Monday,14,Sindh,Jacobabad,National Highway,Good,Dusty/Smoggy,Daylight,Bus/Coach,1,Road Condition,0,0,0,0,0,0,Low
2018,1,Wednesday,10,Sindh,Hyderabad,Rural Road,Poor,Clear,Daylight,Rickshaw,1,Road Condition,0,0,0,1,2,0,Low
2022,9,Friday,12,Sindh,Larkana,Urban Road,Average,Clear,Daylight,Motorcycle,3,Road Condition,1,0,0,0,5,1,Medium
2023,11,Saturday,13,Islamabad,Islamabad,Rural Road,Good,Rainy,Daylight,Other,2,Mobile Phone Use,1,1,0,1,1,1,Low
2023,10,Saturday,20,Punjab,Rahim Yar Khan,Rural Road,Average,Clear,Street Light,Motorcycle,2,Wrong Overtaking,1,1,0,0,1,0,Medium
2023,1,Sunday,17,KPK,Swat,Provincial Highway,Average,Foggy,Daylight,Car/Taxi,1,Over Speeding,1,1,0,1,2,0,Medium
2021,4,Monday,12,Punjab,Sheikhupura,National Highway,Average,Clear,No Light,Motorcycle,2,Mechanical Failure,1,0,0,0,1,0,Medium
2022,11,Sunday,14,Sindh,Thatta,Provincial Highway,Average,Foggy,No Light,Car/Taxi,3,Pedestrian Error,0,1,0,1,1,0,Low
2020,7,Saturday,12,Punjab,Sialkot,Provincial Highway,Poor,Clear,No Light,Car/Taxi,3,Pedestrian Error,1,1,0,0,1,0,Low
2018,3,Sunday,12,Punjab,Bahawalpur,Urban Road,Good,Clear,Street Light,Motorcycle,3,Driver Fatigue,1,1,0,0,3,0,Medium
2023,12,Saturday,15,Sindh,Jacobabad,Rural Road,Good,Clear,Daylight,Car/Taxi,3,Wrong Overtaking,0,1,0,1,0,0,Low
2022,11,Wednesday,20,Punjab,Bahawalpur,Urban Road,Good,Rainy,No Light,Bus/Coach,2,Over Speeding,1,0,0,1,5,0,Medium
2020,12,Sunday,21,Sindh,Jacobabad,National Highway,Poor,Rainy,No Light,Truck/Lorry,2,Over Speeding,0,1,0,1,3,1,High
2023,4,Tuesday,12,Islamabad,Islamabad,Urban Road,Under Repair,Foggy,Daylight,Motorcycle,2,Over Speeding,1,0,0,0,7,2,High
2020,9,Monday,3,Punjab,Faisalabad,National Highway,Average,Clear,Street Light,Motorcycle,1,Pedestrian Error,0,0,1,0,4,1,Medium
2022,8,Monday,7,KPK,Mansehra,Provincial Highway,Average,Clear,Daylight,Motorcycle,1,Over Speeding,1,0,0,0,11,1,High
2021,8,Tuesday,19,Punjab,Multan,National Highway,Poor,Clear,Daylight,Motorcycle,3,Driver Fatigue,1,0,0,0,5,2,High
2022,3,Friday,17,Sindh,Larkana,Provincial Highway,Good,Rainy,Dawn/Dusk,Rickshaw,2,Wrong Overtaking,1,0,0,0,1,0,Low
2023,6,Saturday,8,Punjab,Rahim Yar Khan,Rural Road,Average,Clear,Dawn/Dusk,Bicycle,1,Mechanical Failure,1,1,0,0,2,1,Medium
2023,12,Thursday,1,Punjab,Sialkot,National Highway,Good,Dusty/Smoggy,No Light,Motorcycle,3,Over Speeding,0,0,1,1,11,1,High
2020,3,Monday,9,Punjab,Bahawalpur,National Highway,Average,Clear,No Light,Motorcycle,1,Drunk Driving,1,0,0,0,10,1,High
2022,2,Wednesday,15,Punjab,Gujranwala,Motorway,Average,Clear,Daylight,Rickshaw,3,Wrong Overtaking,0,0,0,1,3,2,Medium
2023,8,Saturday,20,Punjab,Rawalpindi,Provincial Highway,Poor,Extreme Heat,No Light,Rickshaw,2,Signal Violation,1,1,0,0,0,0,Low
2018,5,Thursday,16,KPK,Peshawar,Urban Road,Average,Clear,Daylight,Car/Taxi,2,Road Condition,0,0,0,0,1,0,Low
2018,12,Sunday,19,Balochistan,Hub,Rural Road,Average,Clear,Dawn/Dusk,Motorcycle,1,Wrong Overtaking,1,1,0,1,1,0,Medium
2020,7,Sunday,11,KPK,Abbottabad,Provincial Highway,Good,Rainy,Daylight,Car/Taxi,2,Driver Fatigue,0,1,0,0,9,0,High
2018,7,Sunday,5,KPK,Abbottabad,Provincial Highway,Good,Clear,No Light,Rickshaw,2,Mobile Phone Use,0,1,1,0,2,0,Low
2020,12,Sunday,16,Punjab,Multan,Rural Road,Average,Clear,Daylight,Car/Taxi,1,Road Condition,0,1,0,1,1,0,Low
2021,1,Wednesday,13,Punjab,Sheikhupura,Urban Road,Good,Foggy,Daylight,Truck/Lorry,2,Signal Violation,1,0,0,1,2,1,Medium
2022,5,Thursday,19,Punjab,Multan,National Highway,Good,Clear,No Light,Rickshaw,2,Over Speeding,1,0,0,0,3,0,Medium
2022,4,Saturday,8,Punjab,Gujranwala,Urban Road,Average,Rainy,Dawn/Dusk,Car/Taxi,1,Over Speeding,1,1,0,0,3,0,Medium
2023,4,Tuesday,17,Sindh,Kashmore,Motorway,Under Repair,Foggy,Daylight,Rickshaw,3,Over Speeding,1,0,0,0,9,1,High
2018,9,Sunday,21,Sindh,Mirpur Khas,Motorway,Average,Clear,No Light,Van/Pickup,1,Weather Condition,0,1,0,0,0,0,Low
2022,6,Sunday,13,Punjab,Lahore,Rural Road,Average,Clear,Daylight,Motorcycle,4,Wrong Overtaking,1,1,0,0,4,2,Medium
2018,2,Wednesday,15,Punjab,Sargodha,Urban Road,Good,Foggy,Daylight,Car/Taxi,1,Pedestrian Error,0,0,0,1,0,0,Low
2021,11,Sunday,1,KPK,Mardan,Rural Road,Average,Dusty/Smoggy,No Light,Motorcycle,3,Wrong Overtaking,0,1,1,1,7,1,High
2023,7,Friday,5,KPK,Mansehra,Provincial Highway,Good,Foggy,Dawn/Dusk,Motorcycle,3,Road Condition,0,0,1,0,3,1,High
2018,12,Tuesday,21,Punjab,Multan,Provincial Highway,Good,Dusty/Smoggy,No Light,Motorcycle,3,Wrong Overtaking,0,0,0,1,2,0,Medium
2018,7,Wednesday,21,Balochistan,Hub,Motorway,Good,Clear,No Light,Other,2,Pedestrian Error,0,0,0,0,4,2,Medium
2023,3,Tuesday,22,Islamabad,Islamabad,Rural Road,Good,Rainy,No Light,Car/Taxi,2,Over Speeding,0,0,1,0,9,2,High
2022,2,Monday,22,Punjab,Gujranwala,National Highway,Under Repair,Rainy,No Light,Motorcycle,1,Road Condition,0,0,1,1,2,0,High
2019,12,Thursday,18,Punjab,Multan,Rural Road,Good,Clear,Daylight,Van/Pickup,3,Driver Fatigue,1,0,0,1,1,0,Low
2021,6,Saturday,8,Sindh,Hyderabad,National Highway,Good,Clear,Daylight,Car/Taxi,2,Driver Fatigue,1,1,0,0,7,2,High
2021,2,Friday,6,Islamabad,Islamabad,Provincial Highway,Average,Clear,Street Light,Motorcycle,1,Over Speeding,0,0,0,1,9,2,High
2023,10,Monday,8,Balochistan,Chaman,National Highway,Average,Clear,Daylight,Truck/Lorry,1,Signal Violation,1,0,0,0,7,0,High
2020,6,Sunday,9,Punjab,Lahore,Provincial Highway,Average,Dusty/Smoggy,Street Light,Car/Taxi,1,Wrong Overtaking,1,1,0,0,4,0,Medium
2019,8,Sunday,21,Punjab,Sheikhupura,Rural Road,Good,Clear,Street Light,Car/Taxi,2,Mechanical Failure,0,1,0,0,1,0,Low
2020,7,Saturday,15,Sindh,Nawabshah,National Highway,Poor,Foggy,Dawn/Dusk,Motorcycle,3,Over Speeding,0,1,0,0,6,3,High
2020,1,Thursday,21,Sindh,Larkana,Provincial Highway,Good,Clear,No Light,Rickshaw,2,Mechanical Failure,0,0,0,1,0,0,Low
2023,7,Thursday,7,Punjab,Sialkot,National Highway,Average,Clear,Daylight,Truck/Lorry,3,Road Condition,1,0,0,0,1,0,Low
2022,12,Thursday,9,Balochistan,Sibi,National Highway,Poor,Clear,Dawn/Dusk,Car/Taxi,2,Wrong Overtaking,1,0,0,1,2,0,Medium
2022,3,Saturday,8,KPK,Bannu,Motorway,Poor,Clear,Daylight,Rickshaw,2,Signal Violation,1,1,0,0,3,0,Medium
2023,12,Monday,20,KPK,Abbottabad,Provincial Highway,Average,Clear,No Light,Motorcycle,2,Over Speeding,1,0,0,1,4,2,High
2018,4,Tuesday,7,Balochistan,Chaman,National Highway,Good,Clear,Daylight,Van/Pickup,4,Drunk Driving,1,0,0,0,5,0,Medium
2023,1,Monday,11,KPK,Peshawar,Urban Road,Good,Rainy,Daylight,Rickshaw,2,Signal Violation,0,0,0,1,4,2,Medium
2018,10,Wednesday,14,Sindh,Dadu,Provincial Highway,Under Repair,Foggy,Street Light,Motorcycle,2,Pedestrian Error,0,0,0,0,3,1,Medium
2019,11,Thursday,11,Sindh,Jacobabad,Rural Road,Under Repair,Clear,Street Light,Motorcycle,3,Over Speeding,0,0,0,1,2,1,Medium
2022,10,Saturday,7,Punjab,Rahim Yar Khan,Provincial Highway,Poor,Clear,Daylight,Van/Pickup,2,Pedestrian Error,1,1,0,0,0,0,Low
2021,2,Thursday,16,KPK,Nowshera,Rural Road,Poor,Clear,Daylight,Car/Taxi,2,Pedestrian Error,0,0,0,1,0,0,Low
2023,2,Thursday,14,Punjab,Sialkot,National Highway,Good,Clear,Daylight,Motorcycle,1,Wrong Overtaking,0,0,0,1,1,0,Medium
2022,5,Saturday,12,KPK,Peshawar,Provincial Highway,Average,Clear,Daylight,Car/Taxi,2,Over Speeding,1,1,0,0,1,0,Low
2021,11,Monday,7,Punjab,Faisalabad,Provincial Highway,Poor,Clear,No Light,Motorcycle,1,Pedestrian Error,1,0,0,1,0,0,Low
2021,10,Saturday,22,Punjab,Rawalpindi,National Highway,Average,Dusty/Smoggy,No Light,Rickshaw,2,Mechanical Failure,0,1,1,0,5,2,Medium
2021,7,Monday,20,Punjab,Lahore,National Highway,Good,Dusty/Smoggy,No Light,Motorcycle,1,Weather Condition,1,0,0,0,11,0,High
2023,7,Thursday,17,Punjab,Gujranwala,National Highway,Good,Clear,Daylight,Motorcycle,1,Signal Violation,1,0,0,0,10,1,High
2019,5,Saturday,6,KPK,Kohat,Urban Road,Poor,Foggy,Daylight,Motorcycle,1,Mechanical Failure,0,1,0,0,1,0,Low
2022,8,Thursday,17,KPK,Mansehra,National Highway,Good,Clear,Daylight,Bicycle,2,Signal Violation,1,0,0,0,2,1,High
2023,1,Thursday,8,Sindh,Jacobabad,National Highway,Average,Dusty/Smoggy,Dawn/Dusk,Rickshaw,2,Over Speeding,1,0,0,1,2,2,High
2020,1,Wednesday,16,Punjab,Rahim Yar Khan,National Highway,Poor,Rainy,Daylight,Motorcycle,2,Road Condition,0,0,0,1,9,2,High
2019,10,Friday,11,Punjab,Sheikhupura,Rural Road,Poor,Foggy,Daylight,Rickshaw,2,Driver Fatigue,0,0,0,0,2,0,Low
2021,7,Friday,17,Punjab,Sargodha,Urban Road,Good,Clear,Daylight,Truck/Lorry,2,Over Speeding,1,0,0,0,3,1,Medium
2018,3,Wednesday,7,Punjab,Sialkot,National Highway,Average,Clear,Daylight,Rickshaw,2,Wrong Overtaking,1,0,0,0,1,0,Low
2022,6,Sunday,10,Balochistan,Sibi,Motorway,Average,Clear,Daylight,Rickshaw,2,Mechanical Failure,0,1,0,0,0,0,Low
2021,3,Tuesday,5,Punjab,Faisalabad,Provincial Highway,Poor,Rainy,Dawn/Dusk,Rickshaw,3,Signal Violation,0,0,1,0,4,1,Medium
2022,6,Friday,9,Punjab,Sialkot,National Highway,Good,Extreme Heat,Daylight,Bus/Coach,4,Over Speeding,1,0,0,0,11,2,High
2019,8,Monday,12,Punjab,Gujranwala,Provincial Highway,Poor,Dusty/Smoggy,Daylight,Car/Taxi,1,Over Speeding,1,0,0,0,1,0,Low
2019,10,Saturday,16,Punjab,Sialkot,Provincial Highway,Poor,Rainy,Daylight,Motorcycle,2,Mechanical Failure,0,1,0,0,6,0,High
2022,12,Saturday,13,Sindh,Kashmore,Urban Road,Average,Extreme Heat,Daylight,Motorcycle,4,Signal Violation,1,1,0,1,0,1,Low
2021,11,Saturday,19,Sindh,Karachi,Urban Road,Average,Clear,No Light,Rickshaw,2,Signal Violation,1,1,0,1,2,0,Low
2020,7,Saturday,9,Punjab,Gujranwala,Provincial Highway,Good,Foggy,Daylight,Motorcycle,2,Over Speeding,1,1,0,0,11,0,High
2022,11,Thursday,9,Punjab,Bahawalpur,National Highway,Good,Clear,Daylight,Motorcycle,2,Pedestrian Error,1,0,0,1,1,0,Medium
2022,8,Monday,7,Punjab,Rawalpindi,Provincial Highway,Poor,Dusty/Smoggy,Dawn/Dusk,Bus/Coach,3,Wrong Overtaking,1,0,0,0,1,1,Medium
2021,11,Tuesday,4,Punjab,Rawalpindi,Provincial Highway,Poor,Extreme Heat,No Light,Car/Taxi,2,Over Speeding,0,0,1,1,5,0,Medium
2022,11,Tuesday,20,Punjab,Sargodha,Provincial Highway,Under Repair,Extreme Heat,No Light,Motorcycle,1,Over Speeding,1,0,0,1,11,0,High
2023,1,Saturday,7,Islamabad,Islamabad,National Highway,Average,Clear,Daylight,Car/Taxi,3,Wrong Overtaking,1,1,0,1,1,0,Low
2022,11,Thursday,20,Sindh,Jacobabad,Rural Road,Good,Clear,Street Light,Motorcycle,1,Road Condition,1,0,0,1,1,0,Low
2021,9,Sunday,8,Sindh,Hyderabad,Provincial Highway,Average,Clear,Street Light,Motorcycle,2,Pedestrian Error,1,1,0,0,5,2,Medium
2021,5,Saturday,19,Punjab,Bahawalpur,National Highway,Good,Foggy,Street Light,Motorcycle,1,Over Speeding,1,1,0,0,2,2,High
2022,4,Wednesday,20,Sindh,Mirpur Khas,National Highway,Poor,Clear,Street Light,Motorcycle,2,Driver Fatigue,1,0,0,0,8,2,High
2019,5,Sunday,1,Sindh,Dadu,Urban Road,Average,Foggy,No Light,Car/Taxi,2,Road Condition,0,1,1,0,0,0,Low
2021,4,Sunday,12,KPK,Peshawar,Urban Road,Poor,Rainy,Daylight,Car/Taxi,2,Signal Violation,1,1,0,0,5,2,Medium
2019,8,Saturday,14,KPK,Swat,Provincial Highway,Good,Clear,Street Light,Car/Taxi,2,Mechanical Failure,0,1,0,0,1,0,Low
2018,4,Tuesday,11,Punjab,Bahawalpur,Urban Road,Poor,Clear,Dawn/Dusk,Motorcycle,2,Driver Fatigue,0,0,0,0,2,0,Medium
2023,2,Friday,2,Sindh,Dadu,National Highway,Good,Foggy,No Light,Car/Taxi,2,Over Speeding,0,0,1,1,10,1,High
2022,5,Sunday,21,Punjab,Sheikhupura,Rural Road,Poor,Dusty/Smoggy,Street Light,Rickshaw,1,Road Condition,0,1,0,0,2,0,Low
2023,11,Saturday,17,Balochistan,Dera Bugti,National Highway,Good,Clear,Daylight,Van/Pickup,1,Road Condition,1,1,0,1,1,0,Medium
2022,9,Friday,21,Sindh,Karachi,Provincial Highway,Under Repair,Clear,No Light,Van/Pickup,2,Mechanical Failure,0,0,0,0,2,0,Low
2023,1,Friday,9,Sindh,Karachi,Urban Road,Poor,Clear,Daylight,Truck/Lorry,2,Over Speeding,1,0,0,1,1,1,Medium
2019,11,Saturday,12,Punjab,Sargodha,National Highway,Average,Foggy,Daylight,Motorcycle,1,Over Speeding,1,1,0,1,7,2,High
2021,6,Friday,13,Sindh,Nawabshah,Rural Road,Average,Clear,Dawn/Dusk,Truck/Lorry,1,Drunk Driving,1,0,0,0,4,0,Medium
2018,8,Wednesday,23,Punjab,Sargodha,National Highway,Good,Clear,No Light,Motorcycle,1,Signal Violation,0,0,1,0,2,2,High
2023,2,Sunday,7,Punjab,Bahawalpur,Rural Road,Good,Dusty/Smoggy,Daylight,Motorcycle,4,Pedestrian Error,1,1,0,1,1,0,Medium
2018,11,Friday,14,Punjab,Sialkot,Provincial Highway,Average,Rainy,No Light,Motorcycle,2,Pedestrian Error,0,0,0,1,6,1,High
2021,5,Monday,10,KPK,Dera Ismail Khan,National Highway,Average,Foggy,Daylight,Motorcycle,4,Road Condition,0,0,0,0,8,2,High
2023,10,Thursday,10,Punjab,Rahim Yar Khan,Rural Road,Average,Clear,Street Light,Rickshaw,1,Wrong Overtaking,0,0,0,0,2,0,Low
2022,3,Sunday,9,Punjab,Rahim Yar Khan,Urban Road,Good,Foggy,No Light,Car/Taxi,3,Road Condition,1,1,0,0,0,1,Low
2023,8,Thursday,23,Balochistan,Loralai,National Highway,Poor,Rainy,Street Light,Car/Taxi,3,Drunk Driving,0,0,1,0,4,0,High
2022,8,Monday,5,Punjab,Sargodha,Urban Road,Poor,Dusty/Smoggy,No Light,Rickshaw,4,Mechanical Failure,0,0,1,0,2,0,Low
2022,5,Monday,19,Sindh,Jacobabad,National Highway,Average,Dusty/Smoggy,No Light,Truck/Lorry,3,Wrong Overtaking,1,0,0,0,3,1,Medium
2020,8,Wednesday,3,Punjab,Faisalabad,Motorway,Average,Foggy,No Light,Motorcycle,2,Over Speeding,0,0,1,0,10,2,High
2018,5,Thursday,8,Punjab,Rawalpindi,Provincial Highway,Average,Rainy,Daylight,Truck/Lorry,1,Signal Violation,1,0,0,0,2,2,High
2021,5,Monday,8,KPK,Dera Ismail Khan,National Highway,Good,Clear,Daylight,Rickshaw,1,Pedestrian Error,1,0,0,0,1,0,Low
2023,12,Friday,13,Punjab,Sheikhupura,National Highway,Average,Clear,Daylight,Rickshaw,2,Over Speeding,1,0,0,1,1,0,Medium
2020,6,Saturday,23,Sindh,Karachi,Urban Road,Average,Dusty/Smoggy,No Light,Motorcycle,2,Road Condition,0,1,1,0,2,1,Medium
2020,6,Wednesday,19,Sindh,Thatta,Urban Road,Good,Rainy,No Light,Motorcycle,3,Over Speeding,1,0,0,0,4,2,Medium
2021,11,Saturday,8,Sindh,Jacobabad,Motorway,Average,Clear,Daylight,Motorcycle,1,Wrong Overtaking,1,1,0,1,4,0,Medium
2023,5,Tuesday,12,KPK,Mansehra,Provincial Highway,Good,Clear,Daylight,Van/Pickup,2,Signal Violation,1,0,0,0,5,1,Medium
2021,6,Saturday,18,Punjab,Lahore,Provincial Highway,Under Repair,Clear,Street Light,Car/Taxi,3,Over Speeding,1,1,0,0,2,0,Medium
2023,4,Sunday,9,Punjab,Sheikhupura,Urban Road,Good,Foggy,Street Light,Motorcycle,2,Wrong Overtaking,1,1,0,0,2,1,Medium
2021,5,Wednesday,20,KPK,Mardan,Rural Road,Average,Clear,No Light,Motorcycle,2,Mechanical Failure,1,0,0,0,1,0,Medium
2018,12,Tuesday,23,Sindh,Kashmore,Urban Road,Under Repair,Dusty/Smoggy,No Light,Motorcycle,2,Drunk Driving,0,0,1,1,10,1,High
2020,7,Sunday,19,KPK,Kohat,Urban Road,Poor,Clear,Dawn/Dusk,Van/Pickup,2,Mechanical Failure,1,1,0,0,2,0,Low
2020,3,Friday,12,KPK,Bannu,Urban Road,Average,Clear,Daylight,Bus/Coach,1,Road Condition,1,0,0,0,0,0,Low
2023,2,Tuesday,16,Balochistan,Chaman,National Highway,Under Repair,Clear,Street Light,Car/Taxi,1,Over Speeding,0,0,0,1,3,1,Medium
2023,1,Wednesday,13,Sindh,Kashmore,Rural Road,Average,Foggy,Daylight,Car/Taxi,4,Weather Condition,1,0,0,1,1,0,Low
2019,7,Friday,6,Punjab,Multan,Urban Road,Good,Clear,Daylight,Rickshaw,2,Over Speeding,0,0,0,0,3,0,Medium
2023,5,Wednesday,9,KPK,Charsadda,Provincial Highway,Average,Rainy,Daylight,Motorcycle,2,Driver Fatigue,1,0,0,0,7,2,High
2020,10,Saturday,9,Sindh,Dadu,Urban Road,Good,Clear,Daylight,Motorcycle,3,Signal Violation,1,1,0,0,1,0,Medium
2022,6,Sunday,20,Punjab,Gujranwala,Rural Road,Good,Clear,No Light,Car/Taxi,1,Signal Violation,1,1,0,0,0,0,Low
2023,12,Sunday,11,Balochistan,Quetta,Rural Road,Average,Foggy,Daylight,Motorcycle,1,Pedestrian Error,0,1,0,1,4,2,Medium
2021,11,Friday,9,Balochistan,Zhob,Provincial Highway,Average,Dusty/Smoggy,Street Light,Motorcycle,1,Wrong Overtaking,1,0,0,1,7,1,High
2022,3,Tuesday,10,Sindh,Larkana,National Highway,Under Repair,Clear,Daylight,Motorcycle,3,Wrong Overtaking,0,0,0,0,4,0,Medium
2020,10,Wednesday,13,Punjab,Sialkot,National Highway,Poor,Clear,Daylight,Car/Taxi,2,Signal Violation,1,0,0,0,0,0,Low
2018,12,Tuesday,19,Punjab,Lahore,Urban Road,Good,Foggy,Dawn/Dusk,Car/Taxi,2,Wrong Overtaking,1,0,0,1,2,1,Low
2023,5,Friday,15,KPK,Swat,Provincial Highway,Good,Clear,Dawn/Dusk,Bus/Coach,2,Mobile Phone Use,0,0,0,0,1,0,Low
2022,4,Wednesday,17,Balochistan,Hub,Provincial Highway,Average,Clear,Daylight,Car/Taxi,2,Signal Violation,1,0,0,0,3,1,Medium
2023,8,Sunday,8,Punjab,Sialkot,Provincial Highway,Good,Clear,Daylight,Rickshaw,4,Over Speeding,1,1,0,0,0,0,Low
2018,10,Thursday,12,Punjab,Gujranwala,National Highway,Average,Foggy,Daylight,Car/Taxi,2,Driver Fatigue,1,0,0,0,10,3,High
2021,7,Saturday,20,Balochistan,Turbat,Provincial Highway,Good,Dusty/Smoggy,No Light,Rickshaw,1,Mechanical Failure,1,1,0,0,2,0,Low