year,month,day_of_week,hour_of_day,province,district,road_type,road_condition,weather_condition,lighting_condition,vehicle_type,vehicles_involved,accident_cause,is_rush_hour,is_weekend,is_night,is_foggy_month,num_injured,num_killed,severity
2019,6,Monday,11,Punjab,Rawalpindi,Urban Road,Poor,Extreme Heat,Daylight,Rickshaw,2,Wrong Overtaking,0,0,0,0,0,0,Low
2020,5,Wednesday,17,Sindh,Mirpur Khas,Urban Road,Good,Extreme Heat,Daylight,Motorcycle,2,Driver Fatigue,1,0,0,0,3,0,Medium
2023,5,Sunday,11,Islamabad,Islamabad,National Highway,Average,Clear,No Light,Car/Taxi,1,Over Speeding,0,1,0,0,4,0,Medium
2022,5,Monday,2,Punjab,Sargodha,Rural Road,Average,Clear,No Light,Motorcycle,1,Over Speeding,0,0,1,0,5,0,Medium
2022,10,Friday,5,Sindh,Larkana,Motorway,Good,Clear,Street Light,Motorcycle,1,Over Speeding,0,0,1,0,4,0,High
2021,3,Tuesday,20,Punjab,Sialkot,National Highway,Good,Clear,Street Light,Car/Taxi,2,Over Speeding,1,0,0,0,5,1,High
2021,1,Wednesday,11,Punjab,Sheikhupura,Rural Road,Poor,Clear,Dawn/Dusk,Car/Taxi,1,Wrong Overtaking,0,0,0,1,1,0,Low
2021,6,Friday,23,KPK,Dera Ismail Khan,Rural Road,Good,Clear,Street Light,Van/Pickup,2,Wrong Overtaking,0,0,1,0,1,0,Low
2018,5,Sunday,2,Sindh,Jacobabad,Provincial Highway,Poor,Clear,No Light,Rickshaw,1,Over Speeding,0,1,1,0,5,1,Medium
2019,1,Wednesday,19,Gilgit-Baltistan,Hunza,National Highway,Under Repair,Clear,Dawn/Dusk,Rickshaw,3,Pedestrian Error,1,0,0,1,4,0,Medium
2023,9,Tuesday,22,Sindh,Mirpur Khas,National Highway,Under Repair,Clear,No Light,Truck/Lorry,1,Pedestrian Error,0,0,1,0,1,0,Medium
2018,10,Saturday,14,Punjab,Sheikhupura,National Highway,Good,Clear,No Light,Truck/Lorry,3,Signal Violation,0,1,0,0,4,0,Medium
2022,4,Thursday,9,Punjab,Gujranwala,Provincial Highway,Poor,Rainy,Daylight,Car/Taxi,1,Driver Fatigue,1,0,0,0,2,0,Medium
2023,6,Saturday,19,Punjab,Rawalpindi,Urban Road,Good,Clear,Dawn/Dusk,Motorcycle,3,Pedestrian Error,1,1,0,0,1,0,Low
2020,2,Thursday,5,Punjab,Bahawalpur,Provincial Highway,Poor,Clear,Street Light,Car/Taxi,4,Mechanical Failure,0,0,1,1,2,0,Medium
2022,6,Monday,11,Punjab,Sargodha,Urban Road,Good,Clear,Daylight,Car/Taxi,2,Wrong Overtaking,0,0,0,0,2,1,Low
2022,7,Monday,5,Punjab,Gujranwala,National Highway,Good,Rainy,No Light,Motorcycle,2,Signal Violation,0,0,1,0,4,1,High
2021,6,Thursday,14,Sindh,Mirpur Khas,National Highway,Good,Extreme Heat,Dawn/Dusk,Motorcycle,1,Over Speeding,0,0,0,0,2,1,High
2018,10,Sunday,9,KPK,Peshawar,National Highway,Good,Clear,Daylight,Car/Taxi,3,Wrong Overtaking,1,1,0,0,5,2,Medium
2019,8,Monday,12,Sindh,Thatta,National Highway,Average,Rainy,Daylight,Car/Taxi,2,Over Speeding,1,0,0,0,3,0,Medium
2018,6,Wednesday,7,KPK,Mansehra,National Highway,Poor,Extreme Heat,Daylight,Motorcycle,2,Driver Fatigue,1,0,0,0,6,0,High
2022,5,Tuesday,10,Punjab,Gujranwala,Provincial Highway,Good,Clear,Daylight,Car/Taxi,1,Signal Violation,0,0,0,0,1,1,Low
2019,6,Wednesday,17,Punjab,Sargodha,Rural Road,Average,Dusty/Smoggy,Daylight,Motorcycle,2,Over Speeding,1,0,0,0,8,1,High
2023,11,Monday,20,KPK,Mardan,Provincial Highway,Poor,Foggy,Street Light,Motorcycle,1,Wrong Overtaking,1,0,0,1,1,0,Medium
2023,12,Friday,16,Sindh,Sukkur,National Highway,Poor,Clear,Daylight,Motorcycle,3,Over Speeding,0,0,0,1,9,2,High
2021,11,Friday,15,Punjab,Sheikhupura,Rural Road,Good,Clear,No Light,Motorcycle,4,Over Speeding,0,0,0,1,3,0,Medium
2023,5,Monday,14,KPK,Kohat,National Highway,Good,Foggy,No Light,Motorcycle,2,Mechanical Failure,0,0,0,0,10,4,High
2018,2,Monday,10,KPK,Mansehra,Provincial Highway,Good,Clear,Daylight,Bus/Coach,1,Mechanical Failure,0,0,0,1,3,0,Medium
2023,6,Wednesday,10,Sindh,Thatta,Rural Road,Good,Rainy,Daylight,Bus/Coach,2,Over Speeding,0,0,0,0,3,0,High
2021,9,Thursday,21,Punjab,Rawalpindi,Urban Road,Under Repair,Clear,No Light,Car/Taxi,2,Wrong Overtaking,0,0,0,0,1,0,Low
2021,11,Saturday,5,KPK,Peshawar,Rural Road,Good,Clear,No Light,Motorcycle,2,Drunk Driving,0,1,1,1,10,4,High
2022,6,Wednesday,17,Sindh,Larkana,National Highway,Good,Rainy,Daylight,Motorcycle,1,Wrong Overtaking,1,0,0,0,5,1,High
2022,4,Sunday,12,KPK,Mardan,Rural Road,Average,Foggy,Daylight,Motorcycle,2,Road Condition,1,1,0,0,2,0,Low
2018,10,Tuesday,9,KPK,Bannu,Urban Road,Poor,Clear,Daylight,Motorcycle,3,Signal Violation,1,0,0,0,1,1,Medium
2023,7,Friday,11,KPK,Swat,Provincial Highway,Poor,Rainy,Daylight,Van/Pickup,2,Over Speeding,0,0,0,0,5,0,Medium
2020,11,Thursday,7,Sindh,Dadu,Urban Road,Good,Extreme Heat,No Light,Bicycle,2,Pedestrian Error,1,0,0,1,1,0,Low
2019,7,Tuesday,19,Punjab,Sargodha,Urban Road,Good,Clear,Street Light,Motorcycle,2,Signal Violation,1,0,0,0,2,0,Low
2023,11,Sunday,1,KPK,Nowshera,Rural Road,Good,Rainy,Street Light,Motorcycle,2,Mechanical Failure,0,1,1,1,2,1,Medium
2023,9,Monday,17,Sindh,Karachi,Provincial Highway,Average,Foggy,Daylight,Car/Taxi,3,Mechanical Failure,1,0,0,0,2,0,Low
2020,2,Monday,16,KPK,Mardan,National Highway,Under Repair,Rainy,Street Light,Bus/Coach,2,Wrong Overtaking,0,0,0,1,2,0,High
2023,1,Friday,10,Punjab,Sargodha,National Highway,Good,Foggy,Daylight,Car/Taxi,3,Wrong Overtaking,0,0,0,1,5,2,Medium
2021,9,Friday,12,Punjab,Gujranwala,Provincial Highway,Good,Clear,No Light,Motorcycle,2,Wrong Overtaking,1,0,0,0,4,0,Medium
2023,3,Monday,6,Balochistan,Loralai,Motorway,Good,Clear,Daylight,Car/Taxi,2,Over Speeding,0,0,0,0,5,2,Medium
2022,12,Wednesday,12,KPK,Abbottabad,Urban Road,Good,Clear,Daylight,Car/Taxi,1,Signal Violation,1,0,0,1,0,1,Low
2018,1,Thursday,21,Balochistan,Chaman,Urban Road,Poor,Foggy,No Light,Car/Taxi,3,Over Speeding,0,0,0,1,2,0,Low
2019,2,Monday,19,KPK,Swat,Motorway,Average,Foggy,Dawn/Dusk,Truck/Lorry,2,Over Speeding,1,0,0,1,9,0,High
2019,7,Sunday,12,Sindh,Thatta,Urban Road,Good,Rainy,No Light,Motorcycle,2,Driver Fatigue,1,1,0,0,2,1,Medium
2018,9,Saturday,15,Sindh,Nawabshah,Urban Road,Average,Dusty/Smoggy,Daylight,Motorcycle,4,Over Speeding,0,1,0,0,4,0,Medium
2020,1,Monday,19,Balochistan,Sibi,National Highway,Poor,Rainy,Dawn/Dusk,Car/Taxi,2,Pedestrian Error,1,0,0,1,1,0,Low
2023,2,Sunday,10,Sindh,Nawabshah,National Highway,Average,Rainy,Street Light,Motorcycle,2,Over Speeding,0,1,0,1,3,0,High
2019,8,Thursday,5,Sindh,Larkana,Rural Road,Average,Clear,Dawn/Dusk,Motorcycle,2,Over Speeding,0,0,1,0,11,1,High
2021,7,Tuesday,22,Punjab,Rawalpindi,Provincial Highway,Average,Foggy,Street Light,Rickshaw,2,Wrong Overtaking,0,0,1,0,4,0,Medium
2019,12,Friday,20,Sindh,Larkana,Rural Road,Good,Clear,Street Light,Car/Taxi,1,Mechanical Failure,1,0,0,1,2,0,Low
2023,4,Friday,15,KPK,Nowshera,National Highway,Average,Rainy,Dawn/Dusk,Motorcycle,1,Wrong Overtaking,0,0,0,0,4,0,High
2019,8,Saturday,8,Punjab,Bahawalpur,Provincial Highway,Good,Foggy,Daylight,Motorcycle,3,Over Speeding,1,1,0,0,8,3,High
2023,4,Wednesday,20,Punjab,Faisalabad,Provincial Highway,Good,Foggy,Street Light,Car/Taxi,1,Pedestrian Error,1,0,0,0,1,0,Low
2018,8,Thursday,18,Punjab,Sheikhupura,National Highway,Good,Foggy,Daylight,Motorcycle,2,Over Speeding,1,0,0,0,8,0,High
2020,3,Monday,23,Punjab,Sargodha,Rural Road,Average,Foggy,No Light,Car/Taxi,2,Over Speeding,0,0,1,0,9,4,High
2022,10,Sunday,16,Punjab,Sargodha,Rural Road,Average,Clear,No Light,Bicycle,2,Over Speeding,0,1,0,0,4,0,Medium
2019,12,Tuesday,19,Sindh,Kashmore,Rural Road,Average,Clear,Dawn/Dusk,Car/Taxi,3,Driver Fatigue,1,0,0,1,0,0,Low
2022,5,Monday,7,Balochistan,Gwadar,Provincial Highway,Average,Clear,Daylight,Motorcycle,3,Weather Condition,1,0,0,0,0,0,Low
2019,2,Sunday,8,Sindh,Jacobabad,Motorway,Poor,Clear,Daylight,Motorcycle,2,Road Condition,1,1,0,1,2,0,Medium
2020,2,Sunday,12,Punjab,Faisalabad,Provincial Highway,Good,Clear,Daylight,Motorcycle,2,Mechanical Failure,1,1,0,1,2,2,Medium
2020,10,Friday,7,Punjab,Rahim Yar Khan,Motorway,Average,Clear,Daylight,Car/Taxi,1,Mechanical Failure,1,0,0,0,1,0,Medium
2019,11,Saturday,13,KPK,Abbottabad,Urban Road,Under Repair,Foggy,Daylight,Motorcycle,2,Road Condition,1,1,0,1,5,1,Medium
2020,6,Wednesday,15,Punjab,Faisalabad,Urban Road,Average,Foggy,Daylight,Motorcycle,1,Over Speeding,0,0,0,0,6,2,High
2023,4,Thursday,9,KPK,Kohat,Rural Road,Good,Clear,Daylight,Car/Taxi,4,Road Condition,1,0,0,0,2,0,Low
2020,12,Thursday,10,Sindh,Karachi,Urban Road,Good,Clear,Daylight,Van/Pickup,1,Wrong Overtaking,0,0,0,1,1,0,Low
2021,12,Thursday,14,KPK,Mardan,Provincial Highway,Good,Clear,Daylight,Van/Pickup,1,Wrong Overtaking,0,0,0,1,5,0,Medium
2023,3,Friday,12,Punjab,Sialkot,Provincial Highway,Poor,Rainy,Daylight,Motorcycle,1,Wrong Overtaking,1,0,0,0,1,0,Medium
2023,3,Sunday,12,KPK,Mansehra,National Highway,Average,Clear,Street Light,Car/Taxi,1,Wrong Overtaking,1,1,0,0,3,0,Medium
2022,9,Tuesday,19,Punjab,Bahawalpur,Provincial Highway,Good,Rainy,Street Light,Motorcycle,3,Wrong Overtaking,1,0,0,0,2,1,Medium
2023,12,Thursday,18,Islamabad,Islamabad,Rural Road,Good,Dusty/Smoggy,Daylight,Motorcycle,2,Pedestrian Error,1,0,0,1,2,0,Low
2018,1,Sunday,21,Sindh,Dadu,National Highway,Average,Foggy,No Light,Rickshaw,2,Over Speeding,0,1,0,1,7,4,High
2022,9,Tuesday,19,Punjab,Sheikhupura,Rural Road,Good,Clear,Dawn/Dusk,Rickshaw,3,Road Condition,1,0,0,0,0,0,Low
2023,6,Sunday,3,Punjab,Sargodha,National Highway,Good,Clear,No Light,Car/Taxi,3,Road Condition,0,1,1,0,4,0,Medium
2019,1,Friday,9,Punjab,Rahim Yar Khan,Motorway,Poor,Clear,Daylight,Car/Taxi,2,Over Speeding,1,0,0,1,4,1,High
2020,7,Friday,18,KPK,Peshawar,Provincial Highway,Poor,Extreme Heat,Daylight,Motorcycle,2,Drunk Driving,1,0,0,0,6,1,High
2022,12,Wednesday,19,Punjab,Multan,National Highway,Average,Clear,Daylight,Car/Taxi,3,Over Speeding,1,0,0,1,2,0,Medium
2019,10,Saturday,20,Sindh,Jacobabad,National Highway,Good,Dusty/Smoggy,Street Light,Motorcycle,2,Over Speeding,1,1,0,0,3,1,High
2022,12,Friday,8,Punjab,Faisalabad,Urban Road,Poor,Clear,Daylight,Rickshaw,3,Drunk Driving,1,0,0,1,2,1,Low
2020,10,Tuesday,8,KPK,Bannu,Rural Road,Good,Clear,Street Light,Motorcycle,2,Pedestrian Error,1,0,0,0,5,1,Medium
2020,1,Thursday,8,KPK,Peshawar,National Highway,Average,Clear,Daylight,Motorcycle,1,Road Condition,1,0,0,1,5,0,Medium
2023,5,Friday,10,KPK,Bannu,Rural Road,Poor,Clear,Dawn/Dusk,Motorcycle,1,Signal Violation,0,0,0,0,5,0,Medium
2021,7,Sunday,10,KPK,Nowshera,National Highway,Good,Clear,Daylight,Car/Taxi,2,Over Speeding,0,1,0,0,2,1,High
2019,3,Friday,17,Punjab,Rahim Yar Khan,Provincial Highway,Good,Clear,Daylight,Motorcycle,3,Signal Violation,1,0,0,0,3,2,Medium
2018,4,Tuesday,21,Punjab,Sialkot,Provincial Highway,Poor,Dusty/Smoggy,No Light,Motorcycle,1,Over Speeding,0,0,0,0,11,0,High
2020,4,Wednesday,15,KPK,Nowshera,Rural Road,Average,Clear,Daylight,Bus/Coach,1,Wrong Overtaking,0,0,0,0,0,0,Low
2021,1,Friday,7,Punjab,Faisalabad,Urban Road,Poor,Clear,Dawn/Dusk,Bus/Coach,3,Wrong Overtaking,1,0,0,1,0,0,Low
2019,9,Friday,17,Sindh,Kashmore,Provincial Highway,Average,Clear,No Light,Motorcycle,1,Signal Violation,1,0,0,0,4,0,Medium
2019,5,Saturday,12,Punjab,Faisalabad,Urban Road,Average,Extreme Heat,Street Light,Motorcycle,4,Over Speeding,1,1,0,0,5,0,Medium
2021,12,Saturday,20,Punjab,Rawalpindi,Motorway,Under Repair,Dusty/Smoggy,Street Light,Motorcycle,2,Road Condition,1,1,0,1,1,1,Medium
2019,7,Friday,22,Punjab,Sialkot,National Highway,Good,Clear,Street Light,Motorcycle,2,Signal Violation,0,0,1,0,7,1,High
2022,8,Monday,1,Balochistan,Quetta,Urban Road,Good,Foggy,No Light,Bus/Coach,3,Pedestrian Error,0,0,1,0,4,0,Medium
2018,8,Sunday,23,Punjab,Multan,National Highway,Average,Foggy,Street Light,Motorcycle,2,Driver Fatigue,0,1,1,0,8,1,High
2023,5,Tuesday,21,Sindh,Thatta,National Highway,Average,Dusty/Smoggy,No Light,Motorcycle,2,Wrong Overtaking,0,0,0,0,4,0,Medium
2022,4,Tuesday,7,Punjab,Bahawalpur,Motorway,Poor,Clear,Daylight,Truck/Lorry,1,Mechanical Failure,1,0,0,0,4,1,Medium
2023,10,Saturday,19,KPK,Kohat,Rural Road,Good,Extreme Heat,Daylight,Motorcycle,3,Driver Fatigue,1,1,0,0,4,1,Medium
2022,1,Monday,8,Punjab,Sargodha,Rural Road,Good,Foggy,Daylight,Motorcycle,1,Over Speeding,1,0,0,1,2,2,High
2018,4,Tuesday,7,Balochistan,Hub,National Highway,Good,Foggy,Dawn/Dusk,Car/Taxi,1,Road Condition,1,0,0,0,1,2,Medium
2020,12,Monday,9,Balochistan,Gwadar,Provincial Highway,Good,Clear,Daylight,Motorcycle,2,Mechanical Failure,1,0,0,1,4,2,Medium
2021,9,Tuesday,16,Punjab,Sialkot,Urban Road,Average,Rainy,Daylight,Bus/Coach,1,Over Speeding,0,0,0,0,5,0,Medium
2021,9,Monday,14,Balochistan,Chaman,Urban Road,Average,Clear,Daylight,Truck/Lorry,2,Over Speeding,0,0,0,0,1,0,Low
2021,5,Friday,9,Gilgit-Baltistan,Skardu,National Highway,Good,Clear,Daylight,Bus/Coach,2,Over Speeding,1,0,0,0,5,2,High
2023,4,Saturday,7,KPK,Peshawar,Provincial Highway,Average,Clear,Dawn/Dusk,Car/Taxi,1,Road Condition,1,1,0,0,1,0,Low
2019,6,Thursday,3,Balochistan,Khuzdar,National Highway,Poor,Dusty/Smoggy,Street Light,Rickshaw,1,Road Condition,0,0,1,0,4,0,Medium
2023,7,Wednesday,2,Punjab,Multan,Provincial Highway,Good,Foggy,No Light,Van/Pickup,3,Wrong Overtaking,0,0,1,0,1,0,Medium
2018,5,Saturday,19,Sindh,Mirpur Khas,Rural Road,Average,Clear,Dawn/Dusk,Bus/Coach,1,Signal Violation,1,1,0,0,1,0,Low
2021,4,Sunday,10,Punjab,Lahore,National Highway,Good,Clear,Daylight,Van/Pickup,3,Wrong Overtaking,0,1,0,0,4,0,Medium
2023,7,Thursday,16,Punjab,Sheikhupura,Provincial Highway,Average,Foggy,Street Light,Van/Pickup,2,Wrong Overtaking,0,0,0,0,4,2,Medium
2020,11,Friday,19,Gilgit-Baltistan,Skardu,Provincial Highway,Good,Foggy,Dawn/Dusk,Car/Taxi,3,Over Speeding,1,0,0,1,2,0,Medium
2020,2,Saturday,12,Punjab,Gujranwala,National Highway,Poor,Clear,Daylight,Motorcycle,3,Mobile Phone Use,1,1,0,1,4,0,Medium
2021,12,Thursday,8,KPK,Bannu,Rural Road,Good,Clear,Dawn/Dusk,Motorcycle,1,Pedestrian Error,1,0,0,1,3,1,Medium
2020,8,Wednesday,20,KPK,Abbottabad,Provincial Highway,Good,Clear,No Light,Van/Pickup,3,Wrong Overtaking,1,0,0,0,3,2,Medium
2020,4,Friday,11,Balochistan,Hub,Provincial Highway,Under Repair,Clear,Daylight,Rickshaw,2,Drunk Driving,0,0,0,0,0,0,Low
2022,1,Monday,19,Gilgit-Baltistan,Gilgit,Provincial Highway,Good,Rainy,Dawn/Dusk,Motorcycle,2,Over Speeding,1,0,0,1,9,2,High
2020,8,Saturday,5,Punjab,Sialkot,Urban Road,Average,Clear,No Light,Truck/Lorry,2,Signal Violation,0,1,1,0,1,0,Low
2021,6,Tuesday,8,Punjab,Gujranwala,Urban Road,Good,Foggy,Daylight,Van/Pickup,2,Drunk Driving,1,0,0,0,3,0,Medium
2021,8,Friday,14,Punjab,Bahawalpur,Urban Road,Average,Clear,Daylight,Rickshaw,2,Over Speeding,0,0,0,0,2,0,Low
2023,12,Sunday,23,Punjab,Gujranwala,Provincial Highway,Poor,Clear,Street Light,Motorcycle,2,Over Speeding,0,1,1,1,9,3,High
2018,4,Thursday,13,Punjab,Sheikhupura,Provincial Highway,Poor,Clear,Daylight,Motorcycle,1,Pedestrian Error,1,0,0,0,4,0,Medium
2018,8,Sunday,6,Punjab,Rawalpindi,Urban Road,Poor,Clear,Daylight,Motorcycle,1,Wrong Overtaking,0,1,0,0,5,1,Medium
2021,8,Tuesday,12,KPK,Peshawar,Rural Road,Average,Clear,Daylight,Van/Pickup,1,Mobile Phone Use,1,0,0,0,2,0,Low
2022,12,Saturday,13,Sindh,Larkana,National Highway,Good,Foggy,Daylight,Motorcycle,3,Road Condition,1,1,0,1,6,2,High
2023,12,Thursday,23,Punjab,Sargodha,Rural Road,Good,Extreme Heat,Street Light,Bus/Coach,1,Signal Violation,0,0,1,1,3,2,Medium
2023,12,Friday,17,Sindh,Sukkur,Rural Road,Good,Clear,Daylight,Truck/Lorry,2,Over Speeding,1,0,0,1,4,0,Medium
2019,11,Saturday,16,Punjab,Rahim Yar Khan,Urban Road,Average,Clear,Daylight,Motorcycle,1,Wrong Overtaking,0,1,0,1,4,0,Medium
2019,1,Saturday,8,Punjab,Bahawalpur,Provincial Highway,Average,Dusty/Smoggy,No Light,Truck/Lorry,2,Driver Fatigue,1,1,0,1,3,0,Medium
2019,12,Saturday,18,KPK,Mardan,Urban Road,Good,Clear,Daylight,Car/Taxi,2,Pedestrian Error,1,1,0,1,1,0,Low
2020,1,Thursday,19,Sindh,Dadu,Provincial Highway,Good,Foggy,No Light,Car/Taxi,3,Mobile Phone Use,1,0,0,1,1,0,Low
2020,7,Sunday,14,KPK,Abbottabad,Provincial Highway,Average,Clear,Daylight,Motorcycle,1,Over Speeding,0,1,0,0,11,1,High
2019,9,Saturday,20,Punjab,Sialkot,Urban Road,Average,Clear,Street Light,Motorcycle,3,Drunk Driving,1,1,0,0,9,1,High
2021,12,Saturday,20,KPK,Nowshera,Provincial Highway,Good,Foggy,Street Light,Rickshaw,2,Over Speeding,1,1,0,1,5,0,Medium
2019,12,Sunday,8,Sindh,Mirpur Khas,Urban Road,Average,Rainy,Street Light,Motorcycle,1,Over Speeding,1,1,0,1,6,0,High
2019,2,Wednesday,7,Sindh,Kashmore,Urban Road,Poor,Rainy,Daylight,Car/Taxi,2,Signal Violation,1,0,0,1,0,0,Low
2021,5,Wednesday,23,Sindh,Mirpur Khas,National Highway,Under Repair,Rainy,No Light,Motorcycle,2,Over Speeding,0,0,1,0,2,0,High
2023,11,Wednesday,17,Balochistan,Quetta,Urban Road,Good,Rainy,Daylight,Car/Taxi,1,Wrong Overtaking,1,0,0,1,0,0,Low
2021,12,Saturday,14,Sindh,Larkana,Motorway,Good,Clear,Daylight,Car/Taxi,2,Over Speeding,0,1,0,1,5,0,High
2020,3,Saturday,17,Sindh,Karachi,National Highway,Good,Clear,Street Light,Car/Taxi,4,Mechanical Failure,1,1,0,0,4,0,Medium
2023,8,Thursday,13,Gilgit-Baltistan,Gilgit,Rural Road,Good,Clear,Daylight,Car/Taxi,3,Signal Violation,1,0,0,0,2,0,Low
2020,4,Friday,19,KPK,Bannu,Provincial Highway,Good,Clear,Dawn/Dusk,Motorcycle,1,Mechanical Failure,1,0,0,0,0,0,Low
2022,12,Friday,8,Sindh,Mirpur Khas,Rural Road,Average,Foggy,Daylight,Rickshaw,2,Pedestrian Error,1,0,0,1,0,1,Low
2021,2,Wednesday,19,KPK,Kohat,Provincial Highway,Average,Clear,Street Light,Car/Taxi,2,Driver Fatigue,1,0,0,1,4,0,Medium
2018,3,Monday,16,Punjab,Gujranwala,Urban Road,Good,Clear,No Light,Motorcycle,2,Over Speeding,0,0,0,0,2,0,Medium
2020,1,Thursday,6,Punjab,Sargodha,Urban Road,Average,Clear,No Light,Motorcycle,2,Wrong Overtaking,0,0,0,1,0,0,Low
2018,2,Saturday,10,Sindh,Nawabshah,Urban Road,Average,Dusty/Smoggy,Street Light,Motorcycle,3,Over Speeding,0,1,0,1,1,2,Medium
2023,9,Monday,2,Islamabad,Islamabad,Urban Road,Poor,Foggy,Street Light,Truck/Lorry,2,Over Speeding,0,0,1,0,10,1,High
2019,5,Sunday,14,Islamabad,Islamabad,Motorway,Good,Clear,Daylight,Car/Taxi,2,Over Speeding,0,1,0,0,4,0,Medium
2022,3,Thursday,9,Punjab,Faisalabad,National Highway,Average,Clear,Daylight,Rickshaw,3,Wrong Overtaking,1,0,0,0,1,0,Low
2021,9,Friday,6,Sindh,Kashmore,Rural Road,Poor,Foggy,No Light,Rickshaw,2,Mechanical Failure,0,0,0,0,2,0,Low
2018,12,Thursday,12,Punjab,Rawalpindi,National Highway,Poor,Clear,Daylight,Van/Pickup,2,Over Speeding,1,0,0,1,1,0,Medium
2018,3,Wednesday,2,Gilgit-Baltistan,Gilgit,Rural Road,Average,Foggy,No Light,Motorcycle,2,Over Speeding,0,0,1,0,2,1,High
2018,6,Wednesday,22,AJK,Rawalakot,Provincial Highway,Good,Clear,No Light,Rickshaw,1,Road Condition,0,0,1,0,1,0,Low
2022,2,Sunday,1,Sindh,Hyderabad,National Highway,Poor,Dusty/Smoggy,Street Light,Bus/Coach,2,Road Condition,0,1,1,1,5,0,Medium
2019,1,Thursday,10,KPK,Swat,National Highway,Good,Clear,Street Light,Truck/Lorry,2,Over Speeding,0,0,0,1,7,1,High
2021,3,Thursday,11,KPK,Peshawar,Provincial Highway,Good,Clear,Daylight,Car/Taxi,2,Signal Violation,0,0,0,0,2,0,Low
2022,7,Saturday,19,Sindh,Jacobabad,National Highway,Poor,Clear,Street Light,Motorcycle,2,Pedestrian Error,1,1,0,0,6,1,High
2019,1,Monday,10,Punjab,Faisalabad,Rural Road,Average,Extreme Heat,Street Light,Motorcycle,3,Driver Fatigue,0,0,0,1,2,1,Medium
2022,2,Saturday,22,Sindh,Thatta,National Highway,Under Repair,Clear,Street Light,Motorcycle,3,Over Speeding,0,1,1,1,4,1,High
2020,10,Friday,7,KPK,Dera Ismail Khan,Provincial Highway,Good,Clear,Daylight,Motorcycle,3,Signal Violation,1,0,0,0,1,0,Medium
2022,9,Friday,9,KPK,Peshawar,Provincial Highway,Under Repair,Rainy,Daylight,Motorcycle,4,Road Condition,1,0,0,0,3,1,Medium
2023,1,Monday,16,Punjab,Faisalabad,Provincial Highway,Average,Clear,Street Light,Motorcycle,2,Wrong Overtaking,0,0,0,1,2,0,Medium
2020,11,Friday,13,Islamabad,Islamabad,National Highway,Average,Dusty/Smoggy,Street Light,Rickshaw,1,Over Speeding,1,0,0,1,6,3,High
2021,4,Monday,19,Punjab,Bahawalpur,Rural Road,Good,Clear,Daylight,Car/Taxi,3,Pedestrian Error,1,0,0,0,0,0,Low
2019,12,Saturday,5,Sindh,Mirpur Khas,National Highway,Good,Rainy,No Light,Bus/Coach,2,Wrong Overtaking,0,1,1,1,10,4,High
2020,6,Thursday,15,KPK,Kohat,Urban Road,Good,Clear,Daylight,Car/Taxi,2,Over Speeding,0,0,0,0,0,0,Low
2022,11,Tuesday,11,KPK,Nowshera,Provincial Highway,Average,Dusty/Smoggy,Dawn/Dusk,Bus/Coach,1,Pedestrian Error,0,0,0,1,3,0,Medium
2023,12,Friday,22,Sindh,Larkana,National Highway,Good,Rainy,No Light,Car/Taxi,2,Over Speeding,0,0,1,1,8,3,High
2021,12,Thursday,11,Punjab,Sheikhupura,National Highway,Good,Rainy,Street Light,Motorcycle,1,Over Speeding,0,0,0,1,9,4,High
2018,6,Friday,9,Punjab,Rawalpindi,National Highway,Good,Clear,Daylight,Motorcycle,2,Road Condition,1,0,0,0,5,0,Medium
2023,7,Friday,10,Sindh,Thatta,Urban Road,Average,Rainy,Dawn/Dusk,Motorcycle,4,Wrong Overtaking,0,0,0,0,4,2,High
2021,5,Friday,19,Sindh,Sukkur,Rural Road,Average,Extreme Heat,No Light,Car/Taxi,2,Mechanical Failure,1,0,0,0,0,0,Low
2019,1,Friday,19,Punjab,Bahawalpur,Provincial Highway,Average,Foggy,No Light,Motorcycle,1,Over Speeding,1,0,0,1,8,2,High
2023,2,Monday,2,KPK,Peshawar,National Highway,Average,Foggy,Street Light,Motorcycle,3,Wrong Overtaking,0,0,1,1,4,3,High
2023,8,Friday,6,Sindh,Kashmore,National Highway,Average,Clear,Daylight,Motorcycle,1,Wrong Overtaking,0,0,0,0,1,0,Medium
2022,12,Friday,8,KPK,Dera Ismail Khan,Rural Road,Poor,Clear,Daylight,Rickshaw,1,Wrong Overtaking,1,0,0,1,1,0,Low
2022,6,Monday,12,KPK,Nowshera,National Highway,Good,Rainy,Daylight,Car/Taxi,2,Drunk Driving,1,0,0,0,5,3,High
2022,2,Sunday,20,Punjab,Lahore,Urban Road,Average,Foggy,Street Light,Rickshaw,3,Over Speeding,1,1,0,1,0,0,Low
2021,12,Tuesday,17,Punjab,Faisalabad,Provincial Highway,Average,Foggy,Daylight,Car/Taxi,4,Mobile Phone Use,1,0,0,1,1,0,Low
2023,6,Wednesday,13,KPK,Peshawar,Urban Road,Average,Foggy,Daylight,Motorcycle,1,Road Condition,1,0,0,0,0,0,Low
2023,2,Monday,13,Sindh,Kashmore,Urban Road,Good,Clear,Daylight,Truck/Lorry,3,Signal Violation,1,0,0,1,0,0,Low
2018,7,Wednesday,16,KPK,Abbottabad,Motorway,Poor,Clear,Daylight,Motorcycle,2,Road Condition,0,0,0,0,5,1,Medium
2018,5,Friday,10,KPK,Bannu,National Highway,Good,Clear,Daylight,Bus/Coach,2,Pedestrian Error,0,0,0,0,0,0,Low