year,month,day_of_week,hour_of_day,province,district,road_type,road_condition,weather_condition,lighting_condition,vehicle_type,vehicles_involved,accident_cause,is_rush_hour,is_weekend,is_night,is_foggy_month,num_injured,num_killed,severity
2022,6,Sunday,12,KPK,Peshawar,Urban Road,Poor,Clear,Daylight,Rickshaw,2,Mechanical Failure,1,1,0,0,0,0,Low
2018,2,Friday,13,Islamabad,Islamabad,National Highway,Poor,Dusty/Smoggy,Daylight,Van/Pickup,4,Signal Violation,1,0,0,1,3,1,Medium
2023,1,Tuesday,7,Sindh,Sukkur,National Highway,Average,Clear,Dawn/Dusk,Motorcycle,3,Mechanical Failure,1,0,0,1,3,1,Medium
2020,11,Monday,13,Sindh,Hyderabad,Urban Road,Good,Clear,No Light,Motorcycle,1,Drunk Driving,1,0,0,1,2,1,Medium
2021,11,Thursday,14,Punjab,Gujranwala,Urban Road,Under Repair,Rainy,Daylight,Car/Taxi,1,Mechanical Failure,0,0,0,1,2,0,Low
2021,2,Tuesday,20,Punjab,Sargodha,Provincial Highway,Poor,Rainy,No Light,Car/Taxi,3,Signal Violation,1,0,0,1,4,1,Medium
2018,2,Saturday,7,Sindh,Nawabshah,Rural Road,Good,Foggy,Street Light,Bus/Coach,2,Over Speeding,1,1,0,1,9,1,High
2023,6,Tuesday,21,Punjab,Rahim Yar Khan,Urban Road,Average,Clear,No Light,Car/Taxi,1,Mechanical Failure,0,0,0,0,1,0,Low
2018,3,Wednesday,8,Islamabad,Islamabad,National Highway,Good,Rainy,Dawn/Dusk,Car/Taxi,2,Pedestrian Error,1,0,0,0,1,0,Low
2019,1,Saturday,19,Sindh,Mirpur Khas,Urban Road,Average,Clear,Dawn/Dusk,Car/Taxi,1,Over Speeding,1,1,0,1,0,0,Low
2023,12,Monday,8,Sindh,Sukkur,Provincial Highway,Average,Dusty/Smoggy,Daylight,Motorcycle,2,Wrong Overtaking,1,0,0,1,2,0,Medium
2020,3,Sunday,5,Punjab,Sargodha,Provincial Highway,Good,Foggy,Dawn/Dusk,Motorcycle,1,Mechanical Failure,0,1,1,0,2,0,High
2023,7,Friday,4,Punjab,Sheikhupura,Provincial Highway,Good,Rainy,Street Light,Motorcycle,2,Wrong Overtaking,0,0,1,0,2,4,High
2020,6,Wednesday,20,Punjab,Faisalabad,Provincial Highway,Poor,Foggy,No Light,Motorcycle,1,Mechanical Failure,1,0,0,0,1,1,Medium
2023,11,Monday,21,Sindh,Nawabshah,Provincial Highway,Average,Rainy,No Light,Car/Taxi,4,Drunk Driving,0,0,0,1,4,2,High
2021,9,Monday,10,Punjab,Gujranwala,Urban Road,Average,Foggy,Daylight,Bicycle,2,Pedestrian Error,0,0,0,0,2,0,Low
2019,1,Thursday,4,Sindh,Dadu,National Highway,Poor,Dusty/Smoggy,Street Light,Car/Taxi,2,Over Speeding,0,0,1,1,10,0,High
2023,12,Friday,12,Balochistan,Chaman,Urban Road,Poor,Foggy,Daylight,Van/Pickup,2,Wrong Overtaking,1,0,0,1,1,0,Low
2020,8,Friday,20,Balochistan,Sibi,Provincial Highway,Good,Rainy,Street Light,Motorcycle,1,Wrong Overtaking,1,0,0,0,6,1,High
2023,5,Monday,18,Sindh,Jacobabad,Urban Road,Poor,Rainy,No Light,Motorcycle,1,Over Speeding,1,0,0,0,6,1,High
2019,11,Sunday,0,Punjab,Gujranwala,Provincial Highway,Poor,Extreme Heat,No Light,Car/Taxi,2,Drunk Driving,0,1,1,1,5,0,Medium
2022,4,Friday,19,Balochistan,Gwadar,National Highway,Average,Clear,Dawn/Dusk,Car/Taxi,1,Road Condition,1,0,0,0,0,0,Low
2023,1,Thursday,18,Balochistan,Chaman,National Highway,Average,Clear,Daylight,Car/Taxi,4,Over Speeding,1,0,0,1,7,1,High
2022,9,Thursday,8,Punjab,Faisalabad,Rural Road,Average,Clear,Daylight,Motorcycle,1,Drunk Driving,1,0,0,0,2,0,Medium
2020,7,Saturday,8,KPK,Peshawar,Provincial Highway,Good,Foggy,Dawn/Dusk,Motorcycle,2,Over Speeding,1,1,0,0,10,0,High
2020,5,Tuesday,19,Punjab,Rawalpindi,Urban Road,Good,Dusty/Smoggy,Dawn/Dusk,Rickshaw,1,Mechanical Failure,1,0,0,0,0,0,Low
2023,6,Friday,13,KPK,Nowshera,National Highway,Good,Clear,Street Light,Rickshaw,3,Driver Fatigue,1,0,0,0,5,0,Medium
2022,4,Friday,16,Gilgit-Baltistan,Gilgit,Provincial Highway,Poor,Clear,Daylight,Truck/Lorry,1,Over Speeding,0,0,0,0,7,2,High
2022,8,Thursday,4,Punjab,Gujranwala,Urban Road,Good,Clear,No Light,Motorcycle,2,Over Speeding,0,0,1,0,1,2,Medium
2021,4,Sunday,19,Balochistan,Hub,Motorway,Good,Clear,Street Light,Bus/Coach,2,Mobile Phone Use,1,1,0,0,2,0,Low
2021,7,Wednesday,5,Sindh,Sukkur,Urban Road,Poor,Extreme Heat,Dawn/Dusk,Car/Taxi,1,Over Speeding,0,0,1,0,3,0,Medium
2020,12,Monday,15,AJK,Rawalakot,National Highway,Average,Clear,Daylight,Motorcycle,3,Over Speeding,0,0,0,1,4,1,High
2022,12,Tuesday,3,Sindh,Karachi,National Highway,Good,Rainy,Street Light,Truck/Lorry,2,Wrong Overtaking,0,0,1,1,3,1,High
2023,6,Saturday,4,Balochistan,Hub,Provincial Highway,Average,Foggy,No Light,Rickshaw,1,Road Condition,0,1,1,0,2,0,Low
2023,2,Monday,12,Punjab,Bahawalpur,Provincial Highway,Average,Clear,Daylight,Car/Taxi,2,Driver Fatigue,1,0,0,1,1,0,Low
2023,10,Thursday,14,Punjab,Sheikhupura,Provincial Highway,Average,Foggy,Street Light,Car/Taxi,1,Driver Fatigue,0,0,0,0,5,0,Medium
2023,3,Thursday,6,Punjab,Sialkot,National Highway,Under Repair,Clear,Street Light,Rickshaw,2,Drunk Driving,0,0,0,0,1,0,Medium
2022,10,Thursday,19,AJK,Muzaffarabad,Urban Road,Good,Rainy,No Light,Car/Taxi,2,Pedestrian Error,1,0,0,0,0,0,Low
2020,7,Friday,15,KPK,Kohat,Urban Road,Average,Rainy,Daylight,Van/Pickup,4,Wrong Overtaking,0,0,0,0,0,0,Low
2022,12,Monday,2,Balochistan,Turbat,National Highway,Good,Foggy,No Light,Car/Taxi,1,Drunk Driving,0,0,1,1,6,2,High
2021,7,Thursday,20,Islamabad,Islamabad,Provincial Highway,Average,Dusty/Smoggy,Street Light,Van/Pickup,2,Over Speeding,1,0,0,0,5,1,Medium
2021,3,Wednesday,17,Punjab,Lahore,Provincial Highway,Poor,Clear,Daylight,Car/Taxi,3,Over Speeding,1,0,0,0,3,0,Medium
2022,12,Friday,14,Punjab,Rawalpindi,National Highway,Poor,Clear,Daylight,Motorcycle,2,Over Speeding,0,0,0,1,11,0,High
2018,5,Monday,13,Punjab,Rahim Yar Khan,National Highway,Under Repair,Rainy,Daylight,Motorcycle,2,Mechanical Failure,1,0,0,0,2,2,Medium
2023,8,Friday,19,Punjab,Gujranwala,Provincial Highway,Average,Clear,Dawn/Dusk,Car/Taxi,1,Wrong Overtaking,1,0,0,0,2,0,Low
2021,9,Friday,10,Punjab,Sheikhupura,Urban Road,Average,Clear,Daylight,Motorcycle,2,Over Speeding,0,0,0,0,1,1,Medium
2021,5,Monday,10,Sindh,Jacobabad,Urban Road,Good,Clear,Daylight,Rickshaw,1,Wrong Overtaking,0,0,0,0,1,0,Low
2018,9,Wednesday,11,Punjab,Sialkot,Provincial Highway,Average,Foggy,Daylight,Car/Taxi,3,Drunk Driving,0,0,0,0,2,2,Medium
2020,8,Monday,14,Punjab,Sheikhupura,Urban Road,Average,Clear,Dawn/Dusk,Car/Taxi,2,Drunk Driving,0,0,0,0,1,0,Low
2021,3,Monday,9,Punjab,Sialkot,National Highway,Good,Clear,Street Light,Rickshaw,1,Mechanical Failure,1,0,0,0,1,0,Low
2019,7,Monday,9,Punjab,Multan,Urban Road,Good,Rainy,Dawn/Dusk,Van/Pickup,3,Signal Violation,1,0,0,0,1,0,Low
2023,7,Friday,12,AJK,Rawalakot,Provincial Highway,Average,Clear,Daylight,Motorcycle,2,Drunk Driving,1,0,0,0,5,0,Medium
2018,10,Monday,19,KPK,Mardan,National Highway,Good,Clear,Street Light,Truck/Lorry,4,Pedestrian Error,1,0,0,0,1,0,Low
2021,4,Saturday,16,Islamabad,Islamabad,Provincial Highway,Average,Clear,Daylight,Motorcycle,3,Road Condition,0,1,0,0,2,0,Low
2018,9,Monday,12,Sindh,Hyderabad,Urban Road,Average,Foggy,Daylight,Rickshaw,1,Over Speeding,1,0,0,0,0,0,Low
2023,3,Wednesday,10,Punjab,Sialkot,National Highway,Average,Foggy,Daylight,Rickshaw,3,Signal Violation,0,0,0,0,5,1,High
2020,1,Tuesday,16,KPK,Kohat,Rural Road,Average,Clear,Daylight,Motorcycle,3,Over Speeding,0,0,0,1,1,0,Medium
2021,12,Monday,19,Punjab,Sialkot,Urban Road,Good,Foggy,Dawn/Dusk,Van/Pickup,1,Over Speeding,1,0,0,1,1,0,Medium
2018,3,Friday,17,Punjab,Faisalabad,National Highway,Poor,Clear,Daylight,Motorcycle,3,Pedestrian Error,1,0,0,0,5,2,Medium
2022,8,Tuesday,20,Punjab,Faisalabad,Motorway,Good,Clear,No Light,Truck/Lorry,3,Wrong Overtaking,1,0,0,0,11,1,High
2019,9,Wednesday,9,Punjab,Lahore,Rural Road,Good,Rainy,Daylight,Motorcycle,1,Signal Violation,1,0,0,0,3,1,High
2019,12,Friday,11,Punjab,Faisalabad,National Highway,Good,Extreme Heat,Daylight,Car/Taxi,2,Driver Fatigue,0,0,0,1,5,1,High
2021,11,Thursday,10,Punjab,Rahim Yar Khan,National Highway,Poor,Clear,Daylight,Motorcycle,1,Signal Violation,0,0,0,1,4,1,Medium
2023,6,Sunday,13,KPK,Nowshera,Provincial Highway,Good,Extreme Heat,Daylight,Bus/Coach,3,Wrong Overtaking,1,1,0,0,4,1,Medium
2018,10,Monday,14,Punjab,Faisalabad,Motorway,Poor,Rainy,Daylight,Motorcycle,3,Mechanical Failure,0,0,0,0,3,0,Medium
2019,7,Thursday,10,Punjab,Rawalpindi,Urban Road,Poor,Clear,Daylight,Car/Taxi,4,Mechanical Failure,0,0,0,0,0,0,Low
2019,5,Sunday,8,KPK,Mansehra,Rural Road,Poor,Clear,Dawn/Dusk,Van/Pickup,4,Over Speeding,1,1,0,0,1,0,Low
2022,8,Wednesday,16,Punjab,Sialkot,National Highway,Good,Clear,Daylight,Motorcycle,2,Road Condition,0,0,0,0,1,1,Medium
2022,4,Sunday,16,Punjab,Rahim Yar Khan,Rural Road,Average,Rainy,Daylight,Bicycle,1,Over Speeding,0,1,0,0,3,0,Medium
2022,12,Friday,10,Balochistan,Sibi,National Highway,Good,Clear,Street Light,Car/Taxi,4,Driver Fatigue,0,0,0,1,10,0,High
2023,9,Saturday,20,Punjab,Faisalabad,Motorway,Good,Clear,Street Light,Motorcycle,2,Signal Violation,1,1,0,0,11,2,High
2019,9,Sunday,11,Punjab,Sargodha,National Highway,Under Repair,Dusty/Smoggy,Daylight,Bicycle,1,Over Speeding,0,1,0,0,8,1,High
2019,1,Saturday,11,Sindh,Karachi,Provincial Highway,Poor,Clear,Daylight,Car/Taxi,2,Mobile Phone Use,0,1,0,1,0,1,Low
2019,12,Friday,12,Punjab,Sialkot,Rural Road,Good,Foggy,Daylight,Motorcycle,2,Signal Violation,1,0,0,1,1,0,Medium
2020,4,Saturday,1,Sindh,Dadu,Rural Road,Average,Clear,No Light,Bus/Coach,1,Wrong Overtaking,0,1,1,0,1,0,Medium
2021,11,Friday,3,KPK,Charsadda,Rural Road,Poor,Clear,Street Light,Motorcycle,1,Over Speeding,0,0,1,1,9,1,High
2022,3,Monday,9,Punjab,Sialkot,National Highway,Good,Foggy,Daylight,Car/Taxi,1,Over Speeding,1,0,0,0,6,4,High
2023,12,Sunday,2,Sindh,Nawabshah,Urban Road,Good,Clear,Street Light,Car/Taxi,2,Road Condition,0,1,1,1,2,0,Low
2022,12,Monday,21,Sindh,Nawabshah,National Highway,Poor,Rainy,No Light,Car/Taxi,2,Pedestrian Error,0,0,0,1,5,0,Medium
2019,5,Friday,20,Punjab,Bahawalpur,Provincial Highway,Average,Rainy,No Light,Car/Taxi,2,Pedestrian Error,1,0,0,0,0,0,Low
2019,2,Friday,19,Sindh,Hyderabad,Rural Road,Poor,Rainy,Dawn/Dusk,Motorcycle,2,Over Speeding,1,0,0,1,4,0,High
2021,12,Friday,13,Punjab,Sheikhupura,Provincial Highway,Poor,Extreme Heat,Daylight,Bus/Coach,3,Wrong Overtaking,1,0,0,1,1,1,Medium
2022,3,Thursday,17,Sindh,Kashmore,National Highway,Average,Clear,Daylight,Truck/Lorry,2,Over Speeding,1,0,0,0,7,3,High
2021,5,Wednesday,0,Punjab,Bahawalpur,National Highway,Average,Clear,No Light,Motorcycle,3,Wrong Overtaking,0,0,1,0,8,2,High
2018,1,Saturday,7,Sindh,Hyderabad,Rural Road,Good,Rainy,Daylight,Bus/Coach,2,Signal Violation,1,1,0,1,5,0,Medium
2023,8,Tuesday,13,Punjab,Bahawalpur,National Highway,Average,Foggy,Daylight,Truck/Lorry,1,Drunk Driving,1,0,0,0,9,2,High
2019,11,Friday,17,KPK,Peshawar,Rural Road,Average,Foggy,Street Light,Bus/Coach,2,Wrong Overtaking,1,0,0,1,1,0,Medium
2023,11,Tuesday,6,Punjab,Sialkot,National Highway,Poor,Foggy,No Light,Motorcycle,2,Road Condition,0,0,0,1,2,1,High
2018,11,Wednesday,9,Punjab,Sialkot,National Highway,Good,Clear,Dawn/Dusk,Motorcycle,2,Driver Fatigue,1,0,0,1,3,4,High
2018,2,Sunday,18,Sindh,Dadu,Urban Road,Good,Clear,Daylight,Motorcycle,1,Over Speeding,1,1,0,1,4,0,Medium
2020,6,Saturday,23,KPK,Bannu,National Highway,Poor,Clear,No Light,Motorcycle,2,Pedestrian Error,0,1,1,0,2,1,Medium
2023,4,Wednesday,23,Sindh,Mirpur Khas,Rural Road,Good,Clear,Street Light,Car/Taxi,1,Over Speeding,0,0,1,0,5,2,Medium
2022,10,Friday,20,KPK,Peshawar,National Highway,Average,Foggy,Street Light,Motorcycle,2,Pedestrian Error,1,0,0,0,5,0,Medium
2020,11,Friday,20,KPK,Peshawar,Provincial Highway,Good,Clear,No Light,Car/Taxi,3,Driver Fatigue,1,0,0,1,2,0,Medium
2020,1,Monday,12,Balochistan,Loralai,Rural Road,Poor,Clear,Daylight,Car/Taxi,2,Road Condition,1,0,0,1,2,0,Low
2018,2,Saturday,20,Punjab,Multan,Provincial Highway,Good,Clear,No Light,Motorcycle,2,Mobile Phone Use,1,1,0,1,3,0,Medium
2022,6,Wednesday,8,Sindh,Dadu,Urban Road,Good,Dusty/Smoggy,Daylight,Car/Taxi,2,Over Speeding,1,0,0,0,2,0,Low
2022,12,Monday,10,Balochistan,Khuzdar,Provincial Highway,Good,Clear,Daylight,Car/Taxi,3,Drunk Driving,0,0,0,1,2,0,Medium
2023,9,Friday,8,AJK,Rawalakot,Provincial Highway,Poor,Foggy,Daylight,Motorcycle,2,Signal Violation,1,0,0,0,3,2,High
2021,1,Sunday,21,Balochistan,Zhob,Provincial Highway,Average,Dusty/Smoggy,No Light,Motorcycle,4,Mechanical Failure,0,1,0,1,3,0,Medium
2018,2,Monday,6,Punjab,Sheikhupura,Provincial Highway,Average,Clear,Daylight,Motorcycle,1,Road Condition,0,0,0,1,1,1,Medium
2021,1,Friday,10,Punjab,Multan,Provincial Highway,Good,Foggy,Daylight,Car/Taxi,2,Wrong Overtaking,0,0,0,1,4,1,Medium
2021,5,Thursday,21,Sindh,Mirpur Khas,Urban Road,Good,Dusty/Smoggy,No Light,Motorcycle,1,Driver Fatigue,0,0,0,0,3,0,Medium
2022,8,Sunday,22,KPK,Kohat,Provincial Highway,Poor,Dusty/Smoggy,No Light,Car/Taxi,2,Driver Fatigue,0,1,1,0,4,0,Medium
2023,11,Wednesday,15,Sindh,Mirpur Khas,National Highway,Under Repair,Clear,Daylight,Bus/Coach,3,Wrong Overtaking,0,0,0,1,1,0,Medium
2022,9,Sunday,16,Sindh,Hyderabad,Urban Road,Average,Clear,Street Light,Bus/Coach,1,Road Condition,0,1,0,0,1,1,Low
2018,11,Thursday,9,KPK,Mardan,National Highway,Good,Extreme Heat,Street Light,Motorcycle,1,Over Speeding,1,0,0,1,3,1,High
2020,4,Thursday,11,Punjab,Lahore,National Highway,Poor,Clear,Daylight,Motorcycle,3,Mechanical Failure,0,0,0,0,2,0,Medium
2021,2,Saturday,18,Balochistan,Quetta,National Highway,Under Repair,Clear,Daylight,Rickshaw,2,Over Speeding,1,1,0,1,5,0,Medium
2023,3,Friday,14,Punjab,Multan,Provincial Highway,Poor,Clear,Street Light,Motorcycle,1,Drunk Driving,0,0,0,0,7,2,High
2023,3,Monday,19,Punjab,Rawalpindi,Motorway,Good,Foggy,Street Light,Car/Taxi,1,Over Speeding,1,0,0,0,6,2,High
2021,5,Saturday,22,Sindh,Larkana,National Highway,Good,Rainy,No Light,Rickshaw,3,Over Speeding,0,1,1,0,3,0,High
2019,10,Monday,12,KPK,Mansehra,Provincial Highway,Average,Clear,Daylight,Motorcycle,2,Signal Violation,1,0,0,0,1,0,Medium
2020,4,Wednesday,22,Punjab,Lahore,National Highway,Average,Clear,No Light,Rickshaw,4,Mechanical Failure,0,0,1,0,0,0,Low
2021,5,Monday,9,Punjab,Bahawalpur,Urban Road,Average,Clear,Daylight,Bicycle,2,Road Condition,1,0,0,0,2,1,Medium
2023,8,Sunday,11,Islamabad,Islamabad,Urban Road,Average,Extreme Heat,Daylight,Motorcycle,2,Mechanical Failure,0,1,0,0,2,0,Low
2022,6,Monday,0,Punjab,Bahawalpur,National Highway,Average,Rainy,No Light,Motorcycle,1,Signal Violation,0,0,1,0,6,3,High
2022,1,Thursday,12,Sindh,Jacobabad,Urban Road,Good,Clear,Daylight,Motorcycle,3,Signal Violation,1,0,0,1,4,0,Medium
2018,7,Thursday,23,Sindh,Larkana,National Highway,Good,Clear,No Light,Motorcycle,2,Signal Violation,0,0,1,0,9,0,High
2020,6,Saturday,2,Sindh,Thatta,National Highway,Poor,Dusty/Smoggy,Street Light,Car/Taxi,3,Wrong Overtaking,0,1,1,0,3,0,Medium
2022,1,Friday,20,Sindh,Dadu,National Highway,Average,Foggy,No Light,Motorcycle,2,Road Condition,1,0,0,1,11,2,High
2022,8,Saturday,18,Punjab,Gujranwala,Provincial Highway,Poor,Rainy,Daylight,Rickshaw,1,Over Speeding,1,1,0,0,11,2,High
2022,8,Sunday,18,Sindh,Nawabshah,Provincial Highway,Good,Clear,Daylight,Motorcycle,1,Road Condition,1,1,0,0,1,1,Low
2020,10,Saturday,17,Punjab,Rahim Yar Khan,National Highway,Under Repair,Clear,Daylight,Rickshaw,1,Mechanical Failure,1,1,0,0,0,0,Low
2019,3,Sunday,18,KPK,Charsadda,Provincial Highway,Poor,Clear,Daylight,Bus/Coach,3,Pedestrian Error,1,1,0,0,3,2,Medium
2022,8,Sunday,22,Punjab,Gujranwala,Urban Road,Poor,Foggy,No Light,Car/Taxi,3,Signal Violation,0,1,1,0,2,1,Medium
2022,12,Saturday,14,Sindh,Larkana,National Highway,Good,Extreme Heat,Daylight,Motorcycle,1,Driver Fatigue,0,1,0,1,9,0,High
2023,6,Wednesday,17,Punjab,Bahawalpur,National Highway,Good,Foggy,Daylight,Truck/Lorry,3,Road Condition,1,0,0,0,4,0,Medium
2020,9,Wednesday,8,Punjab,Rawalpindi,Rural Road,Good,Rainy,Street Light,Car/Taxi,1,Over Speeding,1,0,0,0,5,0,Medium
2021,3,Monday,22,Punjab,Sialkot,Urban Road,Under Repair,Clear,Street Light,Car/Taxi,1,Road Condition,0,0,1,0,0,0,Low
2018,9,Monday,18,Punjab,Sheikhupura,Provincial Highway,Good,Clear,Dawn/Dusk,Rickshaw,2,Signal Violation,1,0,0,0,1,0,Low
2021,12,Sunday,8,KPK,Mansehra,Urban Road,Average,Clear,Daylight,Bus/Coach,2,Over Speeding,1,1,0,1,0,0,Low
2023,7,Monday,13,Punjab,Sheikhupura,Provincial Highway,Average,Foggy,Daylight,Car/Taxi,2,Signal Violation,1,0,0,0,2,0,Low
2023,7,Saturday,21,Islamabad,Islamabad,Rural Road,Average,Clear,No Light,Bicycle,3,Over Speeding,0,1,0,0,5,0,Medium
2018,2,Wednesday,12,Islamabad,Islamabad,National Highway,Poor,Extreme Heat,Daylight,Motorcycle,2,Wrong Overtaking,1,0,0,1,9,1,High
2019,5,Sunday,18,Sindh,Thatta,National Highway,Poor,Clear,Daylight,Motorcycle,2,Mechanical Failure,1,1,0,0,5,0,Medium
2020,4,Thursday,8,Punjab,Sheikhupura,National Highway,Average,Extreme Heat,Daylight,Motorcycle,2,Mechanical Failure,1,0,0,0,2,1,High
2021,4,Monday,14,Punjab,Rahim Yar Khan,National Highway,Average,Foggy,Dawn/Dusk,Motorcycle,2,Over Speeding,0,0,0,0,10,3,High
2018,3,Saturday,7,KPK,Bannu,National Highway,Good,Clear,Daylight,Truck/Lorry,2,Signal Violation,1,1,0,0,10,1,High
2023,7,Tuesday,7,Punjab,Bahawalpur,Rural Road,Poor,Clear,Daylight,Motorcycle,2,Wrong Overtaking,1,0,0,0,2,0,Medium
2023,4,Sunday,18,Punjab,Sheikhupura,Provincial Highway,Good,Dusty/Smoggy,Street Light,Motorcycle,2,Pedestrian Error,1,1,0,0,2,0,Low
2019,11,Tuesday,19,Sindh,Jacobabad,National Highway,Poor,Clear,Dawn/Dusk,Car/Taxi,1,Signal Violation,1,0,0,1,5,0,Medium
2023,9,Sunday,14,Balochistan,Loralai,Rural Road,Good,Clear,No Light,Car/Taxi,2,Over Speeding,0,1,0,0,5,0,Medium
2022,12,Wednesday,10,KPK,Swat,National Highway,Good,Foggy,Daylight,Bus/Coach,2,Over Speeding,0,0,0,1,5,1,High
2019,3,Wednesday,10,Punjab,Lahore,National Highway,Poor,Clear,Daylight,Truck/Lorry,1,Signal Violation,0,0,0,0,4,1,High
2018,11,Sunday,17,KPK,Nowshera,Rural Road,Poor,Clear,Daylight,Bus/Coach,1,Over Speeding,1,1,0,1,3,0,Medium
2019,8,Friday,14,Punjab,Bahawalpur,Motorway,Average,Rainy,Street Light,Motorcycle,2,Road Condition,0,0,0,0,4,1,High
2020,8,Sunday,2,Punjab,Sheikhupura,Provincial Highway,Poor,Dusty/Smoggy,Street Light,Truck/Lorry,2,Pedestrian Error,0,1,1,0,2,2,Medium
2023,11,Friday,13,Balochistan,Quetta,Rural Road,Good,Foggy,Daylight,Car/Taxi,3,Signal Violation,1,0,0,1,5,0,Medium
2023,1,Saturday,5,Punjab,Sheikhupura,National Highway,Poor,Clear,No Light,Bus/Coach,1,Drunk Driving,0,1,1,1,2,0,High
2018,11,Friday,11,Punjab,Sargodha,Rural Road,Average,Foggy,Street Light,Motorcycle,1,Road Condition,0,0,0,1,2,0,Medium
2023,1,Monday,23,Punjab,Sargodha,Rural Road,Under Repair,Foggy,Street Light,Car/Taxi,1,Driver Fatigue,0,0,1,1,3,2,Medium
2022,11,Friday,9,Balochistan,Khuzdar,Urban Road,Poor,Dusty/Smoggy,Daylight,Rickshaw,3,Wrong Overtaking,1,0,0,1,2,0,Low
2022,2,Friday,17,KPK,Peshawar,Rural Road,Average,Clear,Street Light,Truck/Lorry,1,Over Speeding,1,0,0,1,1,1,Medium
2019,1,Thursday,12,Sindh,Jacobabad,Urban Road,Poor,Foggy,Daylight,Motorcycle,3,Pedestrian Error,1,0,0,1,1,0,Medium
2019,2,Saturday,17,KPK,Dera Ismail Khan,Provincial Highway,Average,Clear,Daylight,Truck/Lorry,2,Over Speeding,1,1,0,1,2,1,High
2022,12,Tuesday,22,Punjab,Bahawalpur,Urban Road,Average,Foggy,No Light,Bus/Coach,3,Over Speeding,0,0,1,1,10,1,High
2020,10,Wednesday,15,Sindh,Nawabshah,Urban Road,Poor,Rainy,Daylight,Motorcycle,3,Weather Condition,0,0,0,0,1,0,Medium
2023,4,Friday,9,Punjab,Sargodha,Urban Road,Average,Clear,Daylight,Car/Taxi,1,Over Speeding,1,0,0,0,2,0,Low
2023,2,Tuesday,19,Punjab,Sheikhupura,Rural Road,Good,Foggy,Dawn/Dusk,Truck/Lorry,1,Mobile Phone Use,1,0,0,1,0,0,Low
2020,12,Tuesday,12,Sindh,Thatta,National Highway,Good,Dusty/Smoggy,Daylight,Motorcycle,2,Drunk Driving,1,0,0,1,11,0,High
2018,1,Saturday,19,Islamabad,Islamabad,Urban Road,Good,Rainy,No Light,Car/Taxi,1,Over Speeding,1,1,0,1,2,1,Medium
2018,6,Tuesday,19,Punjab,Gujranwala,Urban Road,Poor,Clear,Street Light,Car/Taxi,3,Mechanical Failure,1,0,0,0,0,0,Low
2019,11,Wednesday,13,Punjab,Multan,National Highway,Under Repair,Foggy,Daylight,Bicycle,3,Driver Fatigue,1,0,0,1,2,2,High
2022,10,Saturday,22,Punjab,Multan,National Highway,Good,Clear,Street Light,Motorcycle,1,Wrong Overtaking,0,1,1,0,4,2,High
2019,10,Tuesday,6,Punjab,Multan,Provincial Highway,Average,Foggy,Daylight,Rickshaw,2,Driver Fatigue,0,0,0,0,4,0,High
2020,7,Monday,16,Balochistan,Turbat,National Highway,Good,Clear,No Light,Motorcycle,1,Driver Fatigue,0,0,0,0,6,1,High
2021,12,Wednesday,19,Sindh,Kashmore,Rural Road,Good,Rainy,Dawn/Dusk,Motorcycle,1,Wrong Overtaking,1,0,0,1,4,1,Medium
2021,1,Friday,2,Sindh,Kashmore,Provincial Highway,Good,Dusty/Smoggy,No Light,Rickshaw,2,Signal Violation,0,0,1,1,0,0,Low
2022,2,Saturday,7,KPK,Nowshera,Motorway,Good,Clear,Daylight,Motorcycle,2,Over Speeding,1,1,0,1,11,2,High
2023,6,Thursday,9,Punjab,Bahawalpur,Motorway,Good,Foggy,Daylight,Car/Taxi,2,Wrong Overtaking,1,0,0,0,3,2,High
2023,12,Sunday,10,Sindh,Jacobabad,Rural Road,Good,Clear,Daylight,Motorcycle,3,Weather Condition,0,1,0,1,1,0,Medium
2023,7,Thursday,14,Sindh,Kashmore,Urban Road,Good,Dusty/Smoggy,Daylight,Car/Taxi,2,Over Speeding,0,0,0,0,0,0,Low
2019,6,Saturday,11,Sindh,Thatta,Urban Road,Good,Dusty/Smoggy,Daylight,Car/Taxi,3,Road Condition,0,1,0,0,1,0,Low
2023,5,Tuesday,14,Gilgit-Baltistan,Hunza,National Highway,Good,Foggy,Daylight,Truck/Lorry,1,Pedestrian Error,0,0,0,0,10,1,High
2023,3,Wednesday,8,KPK,Bannu,Urban Road,Poor,Rainy,Dawn/Dusk,Motorcycle,3,Over Speeding,1,0,0,0,5,2,Medium
2019,7,Saturday,16,Punjab,Bahawalpur,Rural Road,Good,Clear,Street Light,Car/Taxi,2,Road Condition,0,1,0,0,2,1,Low
2023,5,Saturday,11,KPK,Kohat,Provincial Highway,Good,Foggy,Street Light,Motorcycle,3,Over Speeding,0,1,0,0,5,2,High
2023,10,Monday,20,Punjab,Multan,Rural Road,Good,Extreme Heat,No Light,Truck/Lorry,2,Driver Fatigue,1,0,0,0,1,0,Low
2019,1,Thursday,19,Punjab,Gujranwala,Provincial Highway,Average,Foggy,Dawn/Dusk,Bus/Coach,1,Wrong Overtaking,1,0,0,1,1,1,Medium
2018,7,Wednesday,13,Punjab,Lahore,Motorway,Average,Foggy,Street Light,Motorcycle,3,Signal Violation,1,0,0,0,3,4,High
2019,11,Saturday,22,Punjab,Gujranwala,Provincial Highway,Average,Rainy,No Light,Van/Pickup,2,Signal Violation,0,1,1,1,5,1,High
2023,4,Monday,17,Sindh,Nawabshah,Rural Road,Good,Clear,Daylight,Bus/Coach,2,Mechanical Failure,1,0,0,0,0,0,Low