year,month,day_of_week,hour_of_day,province,district,road_type,road_condition,weather_condition,lighting_condition,vehicle_type,vehicles_involved,accident_cause,is_rush_hour,is_weekend,is_night,is_foggy_month,num_injured,num_killed,severity
2023,1,Tuesday,10,Sindh,Dadu,Rural Road,Good,Clear,Street Light,Bus/Coach,1,Wrong Overtaking,0,0,0,1,2,0,Low
2023,1,Monday,6,Balochistan,Sibi,Urban Road,Average,Clear,Daylight,Motorcycle,3,Drunk Driving,0,0,0,1,1,0,Medium
2020,2,Monday,17,Sindh,Kashmore,Provincial Highway,Average,Clear,Daylight,Truck/Lorry,2,Pedestrian Error,1,0,0,1,3,0,Medium
2020,9,Monday,10,Sindh,Sukkur,National Highway,Average,Rainy,Daylight,Car/Taxi,1,Driver Fatigue,0,0,0,0,8,1,High
2020,4,Monday,6,Punjab,Bahawalpur,National Highway,Average,Clear,Street Light,Motorcycle,4,Drunk Driving,0,0,0,0,8,1,High
2020,1,Tuesday,8,Punjab,Bahawalpur,National Highway,Poor,Clear,Street Light,Motorcycle,2,Road Condition,1,0,0,1,4,0,High
2022,2,Wednesday,10,Sindh,Dadu,Urban Road,Poor,Extreme Heat,Daylight,Bicycle,2,Over Speeding,0,0,0,1,5,4,High
2023,9,Tuesday,20,Sindh,Karachi,Provincial Highway,Good,Rainy,No Light,Bicycle,3,Over Speeding,1,0,0,0,4,2,High
2022,12,Wednesday,1,KPK,Kohat,Provincial Highway,Under Repair,Clear,Street Light,Car/Taxi,2,Wrong Overtaking,0,0,1,1,4,0,Medium
2023,3,Sunday,16,Punjab,Gujranwala,National Highway,Good,Clear,Daylight,Bicycle,1,Driver Fatigue,0,1,0,0,11,1,High
2021,9,Tuesday,11,Punjab,Sargodha,National Highway,Good,Extreme Heat,Street Light,Truck/Lorry,3,Over Speeding,0,0,0,0,8,1,High
2020,1,Monday,8,Sindh,Thatta,Provincial Highway,Average,Clear,Daylight,Motorcycle,3,Wrong Overtaking,1,0,0,1,1,1,Medium
2019,9,Sunday,6,Punjab,Sargodha,National Highway,Good,Clear,Daylight,Rickshaw,1,Wrong Overtaking,0,1,0,0,0,0,Low
2022,1,Saturday,19,Punjab,Sialkot,Urban Road,Good,Foggy,Dawn/Dusk,Truck/Lorry,1,Pedestrian Error,1,1,0,1,1,0,Low
2023,1,Tuesday,18,KPK,Swat,Rural Road,Poor,Rainy,Daylight,Car/Taxi,3,Signal Violation,1,0,0,1,3,1,Medium
2023,11,Tuesday,8,Punjab,Sheikhupura,Urban Road,Good,Clear,Daylight,Bus/Coach,2,Road Condition,1,0,0,1,1,0,Low
2022,11,Tuesday,17,Sindh,Hyderabad,National Highway,Good,Clear,Daylight,Motorcycle,2,Pedestrian Error,1,0,0,1,3,1,Medium
2023,6,Monday,22,Punjab,Sialkot,Provincial Highway,Poor,Rainy,No Light,Van/Pickup,1,Signal Violation,0,0,1,0,2,0,Medium
2022,7,Tuesday,18,Punjab,Rahim Yar Khan,Urban Road,Poor,Clear,Daylight,Truck/Lorry,1,Wrong Overtaking,1,0,0,0,1,0,Low
2022,6,Thursday,11,Punjab,Sialkot,Urban Road,Under Repair,Clear,Daylight,Motorcycle,1,Road Condition,0,0,0,0,4,0,Medium
2019,2,Saturday,17,KPK,Swat,Urban Road,Average,Clear,Daylight,Motorcycle,3,Over Speeding,1,1,0,1,4,0,Medium
2019,9,Friday,11,Punjab,Rawalpindi,Rural Road,Poor,Rainy,Daylight,Car/Taxi,2,Over Speeding,0,0,0,0,2,0,Low
2023,2,Sunday,10,KPK,Abbottabad,National Highway,Average,Dusty/Smoggy,Daylight,Car/Taxi,1,Mechanical Failure,0,1,0,1,1,0,Low
2021,6,Thursday,11,Punjab,Faisalabad,National Highway,Good,Clear,Daylight,Motorcycle,2,Mechanical Failure,0,0,0,0,9,0,High
2018,6,Thursday,10,KPK,Abbottabad,Urban Road,Poor,Foggy,No Light,Motorcycle,2,Over Speeding,0,0,0,0,9,3,High
2023,7,Monday,17,Punjab,Multan,National Highway,Poor,Clear,Daylight,Motorcycle,1,Wrong Overtaking,1,0,0,0,4,1,Medium
2019,4,Saturday,9,KPK,Dera Ismail Khan,National Highway,Good,Clear,Daylight,Motorcycle,2,Over Speeding,1,1,0,0,4,3,High
2019,5,Sunday,9,Sindh,Larkana,National Highway,Good,Clear,Daylight,Motorcycle,3,Signal Violation,1,1,0,0,7,2,High
2019,11,Wednesday,10,Islamabad,Islamabad,National Highway,Average,Extreme Heat,Daylight,Rickshaw,1,Drunk Driving,0,0,0,1,4,1,Medium
2023,6,Wednesday,12,Punjab,Rahim Yar Khan,Urban Road,Good,Clear,Daylight,Truck/Lorry,3,Mechanical Failure,1,0,0,0,2,0,Low
2020,12,Thursday,5,Punjab,Sargodha,National Highway,Good,Clear,No Light,Motorcycle,2,Signal Violation,0,0,1,1,4,2,High
2019,9,Sunday,12,Punjab,Multan,Rural Road,Average,Foggy,Daylight,Rickshaw,3,Wrong Overtaking,1,1,0,0,5,0,Medium
2021,10,Friday,6,KPK,Bannu,Urban Road,Good,Clear,Daylight,Motorcycle,2,Over Speeding,0,0,0,0,11,0,High
2023,3,Friday,13,Sindh,Thatta,Provincial Highway,Poor,Rainy,Daylight,Motorcycle,2,Wrong Overtaking,1,0,0,0,4,0,High
2018,4,Saturday,8,KPK,Peshawar,Provincial Highway,Good,Foggy,Daylight,Motorcycle,1,Road Condition,1,1,0,0,11,2,High
2021,8,Thursday,15,Punjab,Rahim Yar Khan,National Highway,Good,Rainy,Daylight,Rickshaw,3,Road Condition,0,0,0,0,4,1,Medium
2023,7,Tuesday,7,Punjab,Lahore,National Highway,Average,Clear,No Light,Car/Taxi,1,Signal Violation,1,0,0,0,5,0,Medium
2018,7,Tuesday,21,Punjab,Sialkot,National Highway,Good,Clear,No Light,Motorcycle,4,Mobile Phone Use,0,0,0,0,2,2,Medium
2023,6,Monday,9,Islamabad,Islamabad,Rural Road,Poor,Foggy,Daylight,Motorcycle,1,Road Condition,1,0,0,0,1,0,Medium
2022,2,Sunday,12,KPK,Swat,Urban Road,Poor,Clear,Daylight,Motorcycle,2,Wrong Overtaking,1,1,0,1,1,2,Medium
2018,7,Friday,20,Islamabad,Islamabad,Provincial Highway,Good,Clear,No Light,Rickshaw,1,Wrong Overtaking,1,0,0,0,5,2,Medium
2019,11,Monday,8,Punjab,Rahim Yar Khan,National Highway,Average,Clear,Dawn/Dusk,Motorcycle,1,Over Speeding,1,0,0,1,10,1,High
2023,12,Monday,20,Sindh,Nawabshah,Rural Road,Good,Clear,No Light,Motorcycle,1,Signal Violation,1,0,0,1,1,0,Low
2019,12,Wednesday,8,KPK,Bannu,Urban Road,Average,Clear,Street Light,Car/Taxi,3,Over Speeding,1,0,0,1,1,0,Low
2022,6,Monday,9,Punjab,Rahim Yar Khan,National Highway,Average,Foggy,Daylight,Bicycle,2,Over Speeding,1,0,0,0,5,0,High
2021,5,Saturday,9,Balochistan,Hub,Provincial Highway,Average,Extreme Heat,Daylight,Rickshaw,1,Driver Fatigue,1,1,0,0,3,1,Medium
2023,8,Tuesday,14,Islamabad,Islamabad,Urban Road,Good,Rainy,No Light,Car/Taxi,1,Wrong Overtaking,0,0,0,0,3,1,Medium
2020,12,Monday,9,Balochistan,Chaman,National Highway,Average,Rainy,No Light,Motorcycle,4,Wrong Overtaking,1,0,0,1,9,1,High
2023,8,Monday,10,KPK,Mardan,Provincial Highway,Poor,Rainy,Daylight,Van/Pickup,3,Pedestrian Error,0,0,0,0,0,0,Low
2019,10,Saturday,11,Punjab,Bahawalpur,Urban Road,Poor,Clear,No Light,Car/Taxi,3,Road Condition,0,1,0,0,2,0,Low
2018,2,Wednesday,7,Punjab,Bahawalpur,National Highway,Average,Clear,Daylight,Motorcycle,4,Signal Violation,1,0,0,1,5,2,High
2018,6,Thursday,18,Islamabad,Islamabad,National Highway,Good,Extreme Heat,Dawn/Dusk,Motorcycle,3,Mechanical Failure,1,0,0,0,3,0,Medium
2020,2,Friday,9,Punjab,Faisalabad,Provincial Highway,Good,Clear,Daylight,Motorcycle,2,Driver Fatigue,1,0,0,1,8,2,High
2023,2,Monday,11,KPK,Nowshera,Urban Road,Poor,Clear,No Light,Car/Taxi,1,Driver Fatigue,0,0,0,1,4,0,Medium
2023,12,Wednesday,14,KPK,Charsadda,Urban Road,Average,Clear,Daylight,Motorcycle,1,Over Speeding,0,0,0,1,5,0,Medium
2021,7,Friday,18,Sindh,Jacobabad,National Highway,Good,Clear,Daylight,Motorcycle,2,Over Speeding,1,0,0,0,11,1,High
2021,2,Monday,20,Gilgit-Baltistan,Skardu,Rural Road,Good,Clear,No Light,Motorcycle,1,Wrong Overtaking,1,0,0,1,1,0,Medium
2021,11,Tuesday,13,Punjab,Rawalpindi,Provincial Highway,Good,Dusty/Smoggy,Daylight,Motorcycle,1,Over Speeding,1,0,0,1,5,2,Medium
2021,1,Saturday,7,Punjab,Rawalpindi,National Highway,Good,Foggy,Daylight,Bicycle,2,Road Condition,1,1,0,1,9,1,High
2022,4,Saturday,19,Punjab,Bahawalpur,National Highway,Good,Rainy,Dawn/Dusk,Rickshaw,2,Signal Violation,1,1,0,0,4,0,High
2022,9,Friday,7,Sindh,Larkana,Motorway,Good,Clear,Dawn/Dusk,Rickshaw,2,Wrong Overtaking,1,0,0,0,4,0,Medium
2018,2,Monday,8,Punjab,Rahim Yar Khan,Urban Road,Good,Dusty/Smoggy,Daylight,Car/Taxi,2,Wrong Overtaking,1,0,0,1,2,0,Low
2019,10,Sunday,11,Punjab,Bahawalpur,Provincial Highway,Good,Clear,Daylight,Van/Pickup,3,Wrong Overtaking,0,1,0,0,3,1,Medium
2020,2,Tuesday,11,KPK,Dera Ismail Khan,National Highway,Average,Clear,Street Light,Rickshaw,2,Drunk Driving,0,0,0,1,4,1,Medium
2020,8,Wednesday,19,Islamabad,Islamabad,Provincial Highway,Poor,Foggy,Street Light,Rickshaw,1,Signal Violation,1,0,0,0,0,0,Low
2023,5,Friday,22,Punjab,Sialkot,National Highway,Good,Dusty/Smoggy,No Light,Motorcycle,1,Drunk Driving,0,0,1,0,6,2,High
2019,7,Saturday,19,Punjab,Rawalpindi,National Highway,Good,Foggy,Street Light,Car/Taxi,1,Mechanical Failure,1,1,0,0,1,2,Medium
2022,6,Thursday,21,Islamabad,Islamabad,Urban Road,Good,Rainy,Street Light,Motorcycle,2,Over Speeding,0,0,0,0,5,1,High
2020,12,Saturday,17,Punjab,Rahim Yar Khan,Rural Road,Average,Clear,Daylight,Bicycle,3,Road Condition,1,1,0,1,1,0,Medium
2022,6,Friday,10,Punjab,Faisalabad,National Highway,Average,Foggy,Daylight,Rickshaw,2,Over Speeding,0,0,0,0,4,1,High
2022,2,Thursday,10,Punjab,Lahore,Urban Road,Good,Clear,Street Light,Motorcycle,2,Road Condition,0,0,0,1,1,0,Low
2020,1,Monday,18,Sindh,Larkana,Urban Road,Poor,Clear,Dawn/Dusk,Motorcycle,4,Mechanical Failure,1,0,0,1,0,0,Low
2021,11,Thursday,10,Punjab,Bahawalpur,Provincial Highway,Average,Clear,Street Light,Car/Taxi,2,Signal Violation,0,0,0,1,2,0,Low
2021,2,Friday,19,Islamabad,Islamabad,Rural Road,Good,Clear,Dawn/Dusk,Motorcycle,2,Over Speeding,1,0,0,1,7,0,High
2018,11,Thursday,16,Sindh,Larkana,Provincial Highway,Poor,Rainy,Daylight,Car/Taxi,2,Over Speeding,0,0,0,1,1,0,Medium
2018,12,Saturday,15,Sindh,Thatta,National Highway,Good,Clear,Daylight,Car/Taxi,2,Drunk Driving,0,1,0,1,1,0,Medium
2018,6,Tuesday,1,Punjab,Bahawalpur,Urban Road,Poor,Rainy,No Light,Motorcycle,3,Signal Violation,0,0,1,0,8,4,High
2022,8,Saturday,22,Sindh,Karachi,Urban Road,Good,Clear,No Light,Car/Taxi,2,Over Speeding,0,1,1,0,2,0,Low
2019,7,Wednesday,13,KPK,Mansehra,Motorway,Poor,Clear,Daylight,Rickshaw,2,Driver Fatigue,1,0,0,0,3,1,Medium
2021,12,Friday,16,KPK,Dera Ismail Khan,National Highway,Good,Foggy,Daylight,Bus/Coach,1,Pedestrian Error,0,0,0,1,2,0,Medium
2021,1,Thursday,7,KPK,Charsadda,Urban Road,Average,Clear,Daylight,Bus/Coach,1,Over Speeding,1,0,0,1,5,0,Medium
2021,5,Monday,9,Sindh,Thatta,Urban Road,Average,Rainy,Daylight,Car/Taxi,2,Weather Condition,1,0,0,0,1,0,Low
2021,7,Sunday,20,Balochistan,Quetta,Provincial Highway,Good,Clear,Street Light,Motorcycle,1,Road Condition,1,1,0,0,5,0,Medium
2018,6,Friday,12,KPK,Charsadda,Urban Road,Good,Clear,Daylight,Motorcycle,4,Pedestrian Error,1,0,0,0,1,0,Medium
2021,11,Saturday,18,KPK,Bannu,Provincial Highway,Under Repair,Clear,Street Light,Rickshaw,3,Signal Violation,1,1,0,1,2,0,Low
2023,12,Sunday,18,Punjab,Sialkot,Urban Road,Good,Clear,Daylight,Motorcycle,3,Wrong Overtaking,1,1,0,1,2,1,Medium
2022,1,Friday,6,Punjab,Sargodha,Provincial Highway,Poor,Clear,Daylight,Car/Taxi,2,Signal Violation,0,0,0,1,3,1,Medium
2020,5,Sunday,4,Punjab,Sialkot,Rural Road,Under Repair,Clear,No Light,Bus/Coach,2,Road Condition,0,1,1,0,1,0,Low
2023,7,Saturday,18,KPK,Kohat,Motorway,Good,Clear,Daylight,Car/Taxi,1,Signal Violation,1,1,0,0,1,0,Medium
2023,11,Thursday,14,Punjab,Lahore,Urban Road,Average,Clear,Daylight,Truck/Lorry,3,Pedestrian Error,0,0,0,1,2,0,Low
2021,11,Thursday,11,Punjab,Faisalabad,Rural Road,Average,Extreme Heat,Street Light,Other,2,Driver Fatigue,0,0,0,1,1,0,Low
2022,1,Wednesday,22,Balochistan,Dera Bugti,National Highway,Good,Rainy,No Light,Motorcycle,2,Over Speeding,0,0,1,1,7,1,High
2020,12,Saturday,20,Balochistan,Turbat,Rural Road,Good,Clear,Street Light,Car/Taxi,3,Signal Violation,1,1,0,1,0,0,Low
2018,10,Sunday,9,Balochistan,Sibi,Rural Road,Good,Dusty/Smoggy,Daylight,Motorcycle,2,Drunk Driving,1,1,0,0,10,1,High
2022,10,Sunday,2,Punjab,Sialkot,National Highway,Average,Clear,No Light,Motorcycle,1,Road Condition,0,1,1,0,2,0,Medium
2022,1,Tuesday,22,KPK,Abbottabad,Urban Road,Good,Rainy,No Light,Car/Taxi,2,Pedestrian Error,0,0,1,1,3,1,Medium
2020,11,Thursday,13,Punjab,Rawalpindi,Rural Road,Good,Clear,Daylight,Car/Taxi,1,Over Speeding,1,0,0,1,4,2,Medium
2021,10,Wednesday,9,Punjab,Rahim Yar Khan,Urban Road,Poor,Foggy,Street Light,Bicycle,4,Road Condition,1,0,0,0,0,0,Low
2023,12,Sunday,6,Punjab,Rahim Yar Khan,Rural Road,Poor,Clear,Daylight,Rickshaw,1,Wrong Overtaking,0,1,0,1,0,0,Low
2020,9,Thursday,1,Punjab,Faisalabad,Urban Road,Under Repair,Clear,Street Light,Motorcycle,4,Over Speeding,0,0,1,0,2,1,High
2023,5,Thursday,10,Sindh,Jacobabad,Provincial Highway,Good,Clear,Daylight,Motorcycle,1,Signal Violation,0,0,0,0,11,2,High
2023,9,Sunday,19,KPK,Peshawar,Motorway,Good,Foggy,Street Light,Car/Taxi,1,Drunk Driving,1,1,0,0,3,1,Medium
2023,1,Monday,11,Punjab,Lahore,Rural Road,Poor,Clear,Daylight,Bus/Coach,2,Over Speeding,0,0,0,1,1,1,Medium
2022,11,Friday,12,KPK,Dera Ismail Khan,National Highway,Good,Clear,Daylight,Motorcycle,2,Wrong Overtaking,1,0,0,1,7,2,High
2021,7,Saturday,18,Sindh,Sukkur,National Highway,Good,Clear,Daylight,Motorcycle,1,Wrong Overtaking,1,1,0,0,10,0,High
2020,11,Tuesday,3,Punjab,Lahore,Urban Road,Poor,Clear,Street Light,Motorcycle,2,Over Speeding,0,0,1,1,3,0,Medium
2023,7,Sunday,15,Sindh,Sukkur,Urban Road,Good,Foggy,Daylight,Car/Taxi,2,Drunk Driving,0,1,0,0,5,1,Medium
2022,1,Tuesday,21,Punjab,Sheikhupura,Rural Road,Average,Extreme Heat,Street Light,Car/Taxi,1,Signal Violation,0,0,0,1,2,0,Low
2019,3,Friday,7,Sindh,Jacobabad,National Highway,Average,Clear,Daylight,Car/Taxi,1,Wrong Overtaking,1,0,0,0,2,2,Medium
2019,11,Friday,21,Sindh,Dadu,Provincial Highway,Good,Clear,Street Light,Car/Taxi,2,Over Speeding,0,0,0,1,2,0,Medium
2019,4,Sunday,10,Punjab,Sargodha,Motorway,Good,Dusty/Smoggy,Daylight,Car/Taxi,4,Over Speeding,0,1,0,0,3,0,High
2019,12,Monday,19,Punjab,Sheikhupura,Rural Road,Good,Clear,No Light,Car/Taxi,4,Over Speeding,1,0,0,1,2,0,Low
2023,10,Sunday,13,Sindh,Sukkur,Rural Road,Good,Dusty/Smoggy,Daylight,Car/Taxi,2,Over Speeding,1,1,0,0,2,0,Low
2023,6,Thursday,16,Balochistan,Loralai,National Highway,Poor,Dusty/Smoggy,Daylight,Car/Taxi,1,Weather Condition,0,0,0,0,5,1,Medium
2022,4,Tuesday,8,Punjab,Sialkot,National Highway,Good,Foggy,Daylight,Rickshaw,2,Wrong Overtaking,1,0,0,0,3,1,Medium
2020,8,Monday,20,KPK,Mardan,Provincial Highway,Good,Clear,No Light,Motorcycle,1,Pedestrian Error,1,0,0,0,5,0,Medium
2023,7,Tuesday,10,Sindh,Nawabshah,Rural Road,Average,Dusty/Smoggy,Dawn/Dusk,Car/Taxi,1,Mechanical Failure,0,0,0,0,1,0,Low
2018,10,Saturday,17,Islamabad,Islamabad,Provincial Highway,Poor,Dusty/Smoggy,Daylight,Car/Taxi,2,Wrong Overtaking,1,1,0,0,0,0,Low
2018,5,Tuesday,1,KPK,Abbottabad,National Highway,Good,Clear,Street Light,Motorcycle,1,Over Speeding,0,0,1,0,2,0,High
2018,6,Wednesday,9,Sindh,Hyderabad,Urban Road,Good,Clear,Daylight,Car/Taxi,2,Pedestrian Error,1,0,0,0,0,0,Low
2020,6,Sunday,15,Sindh,Mirpur Khas,Rural Road,Good,Clear,Daylight,Truck/Lorry,3,Mobile Phone Use,0,1,0,0,1,0,Low
2023,1,Tuesday,16,Balochistan,Hub,National Highway,Good,Clear,Dawn/Dusk,Bus/Coach,3,Road Condition,0,0,0,1,1,0,Low
2020,5,Friday,12,Punjab,Faisalabad,Provincial Highway,Under Repair,Foggy,No Light,Motorcycle,1,Driver Fatigue,1,0,0,0,7,3,High
2023,11,Friday,12,Punjab,Rawalpindi,Motorway,Good,Clear,Street Light,Motorcycle,1,Road Condition,1,0,0,1,2,0,Medium
2019,1,Monday,18,Punjab,Bahawalpur,National Highway,Good,Clear,Street Light,Truck/Lorry,2,Over Speeding,1,0,0,1,4,1,High
2021,7,Thursday,21,KPK,Kohat,Provincial Highway,Average,Foggy,Street Light,Van/Pickup,2,Mechanical Failure,0,0,0,0,1,0,Medium
2022,10,Monday,19,KPK,Charsadda,National Highway,Good,Clear,Dawn/Dusk,Motorcycle,3,Signal Violation,1,0,0,0,3,2,High
2022,10,Friday,18,Punjab,Rahim Yar Khan,National Highway,Poor,Foggy,Daylight,Bus/Coach,3,Wrong Overtaking,1,0,0,0,3,2,High
2019,1,Saturday,10,Sindh,Larkana,Urban Road,Under Repair,Foggy,Dawn/Dusk,Motorcycle,1,Wrong Overtaking,0,1,0,1,5,4,High
2018,3,Sunday,11,Sindh,Larkana,National Highway,Average,Foggy,Daylight,Car/Taxi,2,Mechanical Failure,0,1,0,0,5,1,Medium
2020,5,Friday,22,Punjab,Sialkot,Rural Road,Average,Foggy,No Light,Car/Taxi,1,Pedestrian Error,0,0,1,0,2,0,Low
2022,12,Monday,5,AJK,Mirpur,Motorway,Average,Rainy,Street Light,Car/Taxi,2,Wrong Overtaking,0,0,1,1,8,3,High
2021,3,Wednesday,17,Punjab,Gujranwala,Urban Road,Poor,Clear,Daylight,Van/Pickup,2,Wrong Overtaking,1,0,0,0,1,0,Low
2022,11,Saturday,13,Punjab,Gujranwala,Urban Road,Poor,Clear,Daylight,Bus/Coach,2,Driver Fatigue,1,1,0,1,4,0,Medium
2023,7,Saturday,16,Sindh,Dadu,Rural Road,Good,Extreme Heat,Street Light,Motorcycle,4,Wrong Overtaking,0,1,0,0,4,0,Medium
2021,5,Tuesday,14,KPK,Mansehra,Urban Road,Good,Rainy,Daylight,Car/Taxi,4,Pedestrian Error,0,0,0,0,0,0,Low
2022,5,Friday,9,Punjab,Rawalpindi,National Highway,Good,Foggy,Daylight,Car/Taxi,1,Signal Violation,1,0,0,0,4,0,Medium
2021,12,Saturday,5,Sindh,Larkana,Provincial Highway,Poor,Clear,Daylight,Truck/Lorry,2,Wrong Overtaking,0,1,1,1,9,2,High
2021,12,Thursday,19,Sindh,Dadu,Provincial Highway,Good,Foggy,No Light,Motorcycle,1,Over Speeding,1,0,0,1,10,2,High
2020,12,Saturday,9,Punjab,Sialkot,Urban Road,Good,Clear,Daylight,Motorcycle,4,Road Condition,1,1,0,1,2,0,Low
2022,3,Tuesday,18,Punjab,Bahawalpur,Provincial Highway,Poor,Clear,Daylight,Motorcycle,3,Drunk Driving,1,0,0,0,3,1,Medium
2020,10,Thursday,12,Sindh,Jacobabad,Rural Road,Under Repair,Dusty/Smoggy,Daylight,Motorcycle,2,Over Speeding,1,0,0,0,4,1,High
2022,12,Monday,13,Punjab,Lahore,Urban Road,Under Repair,Clear,Daylight,Rickshaw,1,Wrong Overtaking,1,0,0,1,1,0,Low
2021,10,Saturday,20,Islamabad,Islamabad,Provincial Highway,Average,Foggy,Street Light,Motorcycle,3,Driver Fatigue,1,1,0,0,7,3,High
2022,8,Friday,10,KPK,Peshawar,Rural Road,Average,Clear,Daylight,Rickshaw,2,Signal Violation,0,0,0,0,0,0,Low
2023,8,Wednesday,16,AJK,Mirpur,National Highway,Under Repair,Clear,Dawn/Dusk,Motorcycle,2,Over Speeding,0,0,0,0,7,3,High
2022,5,Sunday,12,Punjab,Sargodha,Provincial Highway,Under Repair,Clear,Daylight,Bus/Coach,1,Mechanical Failure,1,1,0,0,2,0,Low
2019,6,Monday,6,Islamabad,Islamabad,National Highway,Poor,Clear,Daylight,Rickshaw,2,Pedestrian Error,0,0,0,0,2,0,Low
2023,11,Monday,12,Sindh,Hyderabad,Provincial Highway,Average,Clear,Street Light,Motorcycle,1,Wrong Overtaking,1,0,0,1,2,0,Medium
2023,1,Friday,21,Punjab,Sheikhupura,National Highway,Average,Clear,No Light,Motorcycle,2,Road Condition,0,0,0,1,2,2,High
2019,10,Sunday,21,Punjab,Rahim Yar Khan,Rural Road,Good,Clear,Street Light,Car/Taxi,2,Road Condition,0,1,0,0,1,0,Low
2021,7,Tuesday,19,Punjab,Sheikhupura,Provincial Highway,Average,Rainy,Daylight,Car/Taxi,2,Over Speeding,1,0,0,0,4,1,High
2020,3,Tuesday,8,KPK,Mardan,Provincial Highway,Under Repair,Rainy,Dawn/Dusk,Car/Taxi,2,Over Speeding,1,0,0,0,2,1,Medium
2020,8,Sunday,8,Sindh,Dadu,National Highway,Good,Clear,No Light,Car/Taxi,1,Over Speeding,1,1,0,0,1,0,Medium
2021,7,Sunday,21,Punjab,Sheikhupura,National Highway,Good,Clear,Street Light,Motorcycle,1,Over Speeding,0,1,0,0,9,3,High
2019,2,Friday,11,Sindh,Kashmore,National Highway,Poor,Clear,Daylight,Car/Taxi,1,Wrong Overtaking,0,0,0,1,1,1,Medium
2023,7,Monday,21,Punjab,Sialkot,Urban Road,Average,Clear,No Light,Bicycle,1,Over Speeding,0,0,0,0,1,1,Medium
2022,8,Thursday,19,Sindh,Mirpur Khas,Urban Road,Average,Clear,No Light,Motorcycle,1,Pedestrian Error,1,0,0,0,0,0,Low
2022,7,Thursday,22,Punjab,Rahim Yar Khan,Motorway,Average,Clear,No Light,Truck/Lorry,1,Mobile Phone Use,0,0,1,0,11,1,High
2020,12,Sunday,20,KPK,Mardan,Rural Road,Poor,Foggy,Street Light,Car/Taxi,2,Wrong Overtaking,1,1,0,1,1,0,Low
2020,9,Saturday,21,KPK,Mansehra,Urban Road,Average,Foggy,Street Light,Motorcycle,3,Drunk Driving,0,1,0,0,4,1,High
2022,1,Saturday,12,Sindh,Dadu,Urban Road,Good,Foggy,Daylight,Bus/Coach,2,Wrong Overtaking,1,1,0,1,1,0,Low
2021,9,Monday,19,Punjab,Rawalpindi,Provincial Highway,Under Repair,Clear,Dawn/Dusk,Car/Taxi,1,Pedestrian Error,1,0,0,0,2,1,Low
2020,5,Monday,10,Punjab,Rawalpindi,Motorway,Poor,Clear,Daylight,Van/Pickup,2,Over Speeding,0,0,0,0,2,1,Medium
2023,5,Thursday,1,KPK,Swat,Urban Road,Good,Clear,Street Light,Rickshaw,1,Signal Violation,0,0,1,0,0,0,Low
2023,3,Monday,9,Punjab,Rahim Yar Khan,National Highway,Good,Clear,Daylight,Van/Pickup,1,Road Condition,1,0,0,0,1,0,Low
2021,8,Thursday,17,Punjab,Multan,Provincial Highway,Average,Dusty/Smoggy,Daylight,Truck/Lorry,2,Drunk Driving,1,0,0,0,11,1,High
2018,12,Friday,16,Punjab,Lahore,National Highway,Good,Clear,Daylight,Motorcycle,3,Over Speeding,0,0,0,1,5,1,High
2019,12,Saturday,10,Sindh,Hyderabad,National Highway,Average,Clear,Daylight,Bus/Coach,2,Over Speeding,0,1,0,1,4,1,High
2022,12,Friday,10,Sindh,Nawabshah,Urban Road,Good,Foggy,Daylight,Rickshaw,3,Over Speeding,0,0,0,1,1,0,Medium
2021,12,Monday,19,Balochistan,Hub,Provincial Highway,Average,Clear,No Light,Motorcycle,1,Wrong Overtaking,1,0,0,1,5,2,Medium
2022,6,Wednesday,16,Punjab,Rahim Yar Khan,Provincial Highway,Under Repair,Dusty/Smoggy,Daylight,Bus/Coach,2,Mobile Phone Use,0,0,0,0,1,0,Medium
2021,9,Friday,17,Punjab,Multan,Provincial Highway,Under Repair,Rainy,Daylight,Motorcycle,3,Pedestrian Error,1,0,0,0,1,2,Medium
2018,11,Tuesday,11,KPK,Dera Ismail Khan,National Highway,Poor,Foggy,No Light,Motorcycle,3,Drunk Driving,0,0,0,1,3,0,High
2021,9,Saturday,17,KPK,Bannu,National Highway,Under Repair,Dusty/Smoggy,Daylight,Motorcycle,2,Road Condition,1,1,0,0,3,1,High
2019,3,Monday,14,Punjab,Faisalabad,Provincial Highway,Under Repair,Foggy,Daylight,Motorcycle,2,Over Speeding,0,0,0,0,2,1,High
2022,10,Thursday,17,Sindh,Thatta,National Highway,Under Repair,Clear,Daylight,Motorcycle,2,Over Speeding,1,0,0,0,2,1,High
2023,4,Friday,18,Punjab,Multan,Provincial Highway,Good,Clear,Daylight,Car/Taxi,2,Wrong Overtaking,1,0,0,0,2,0,Medium
2023,5,Monday,3,Islamabad,Islamabad,National Highway,Good,Clear,Street Light,Car/Taxi,2,Road Condition,0,0,1,0,2,0,Low
2019,12,Monday,12,Punjab,Sheikhupura,Rural Road,Poor,Clear,No Light,Truck/Lorry,4,Mechanical Failure,1,0,0,1,1,0,Low
2018,12,Sunday,19,Islamabad,Islamabad,National Highway,Average,Clear,No Light,Motorcycle,3,Over Speeding,1,1,0,1,11,2,High
2021,7,Monday,16,KPK,Swat,Urban Road,Under Repair,Clear,Daylight,Car/Taxi,2,Weather Condition,0,0,0,0,0,0,Low
2023,11,Monday,7,Sindh,Hyderabad,Urban Road,Poor,Foggy,Daylight,Bus/Coach,1,Over Speeding,1,0,0,1,2,0,High