year,month,day_of_week,hour_of_day,province,district,road_type,road_condition,weather_condition,lighting_condition,vehicle_type,vehicles_involved,accident_cause,is_rush_hour,is_weekend,is_night,is_foggy_month,num_injured,num_killed,severity
2022,7,Friday,11,Punjab,Sialkot,National Highway,Good,Clear,Daylight,Truck/Lorry,1,Pedestrian Error,0,0,0,0,2,0,Low
2023,9,Tuesday,5,Sindh,Dadu,Rural Road,Poor,Clear,Dawn/Dusk,Motorcycle,2,Mobile Phone Use,0,0,1,0,1,0,Low
2020,9,Friday,15,Punjab,Sargodha,Urban Road,Average,Clear,Daylight,Van/Pickup,4,Road Condition,0,0,0,0,0,0,Low
2023,1,Friday,13,Punjab,Lahore,Urban Road,Good,Foggy,Daylight,Rickshaw,2,Signal Violation,1,0,0,1,3,1,Medium
2018,5,Sunday,5,Sindh,Dadu,Urban Road,Good,Clear,Dawn/Dusk,Car/Taxi,3,Wrong Overtaking,0,1,1,0,1,0,Low
2023,3,Sunday,11,AJK,Mirpur,National Highway,Good,Rainy,Street Light,Car/Taxi,4,Pedestrian Error,0,1,0,0,3,1,Medium
2022,5,Monday,23,Sindh,Dadu,Provincial Highway,Average,Clear,Street Light,Bus/Coach,2,Over Speeding,0,0,1,0,9,0,High
2019,4,Thursday,22,KPK,Mardan,Motorway,Average,Foggy,Street Light,Motorcycle,4,Signal Violation,0,0,1,0,9,1,High
2022,12,Friday,9,Punjab,Sargodha,Rural Road,Under Repair,Foggy,Daylight,Motorcycle,2,Over Speeding,1,0,0,1,11,0,High
2023,11,Thursday,17,Punjab,Bahawalpur,Rural Road,Poor,Clear,Street Light,Motorcycle,3,Wrong Overtaking,1,0,0,1,1,2,Medium
2019,6,Wednesday,23,Punjab,Bahawalpur,National Highway,Poor,Clear,No Light,Motorcycle,1,Wrong Overtaking,0,0,1,0,3,1,High
2020,8,Tuesday,21,Sindh,Mirpur Khas,Rural Road,Good,Clear,Street Light,Motorcycle,3,Signal Violation,0,0,0,0,0,0,Low
2019,10,Sunday,19,Islamabad,Islamabad,Provincial Highway,Average,Clear,Street Light,Motorcycle,3,Drunk Driving,1,1,0,0,3,0,Medium
2020,11,Sunday,18,KPK,Nowshera,Provincial Highway,Average,Dusty/Smoggy,Daylight,Motorcycle,1,Signal Violation,1,1,0,1,3,0,High
2020,7,Thursday,20,Punjab,Sargodha,Provincial Highway,Poor,Clear,Street Light,Car/Taxi,2,Drunk Driving,1,0,0,0,2,1,Medium
2020,11,Friday,14,Punjab,Rawalpindi,National Highway,Average,Clear,Dawn/Dusk,Bus/Coach,2,Signal Violation,0,0,0,1,1,0,Medium
2020,10,Wednesday,22,Sindh,Hyderabad,National Highway,Average,Dusty/Smoggy,No Light,Car/Taxi,3,Signal Violation,0,0,1,0,6,0,High
2023,3,Thursday,12,Punjab,Gujranwala,Urban Road,Average,Foggy,Daylight,Motorcycle,3,Signal Violation,1,0,0,0,4,0,Medium
2021,3,Thursday,13,KPK,Swat,Provincial Highway,Good,Foggy,Daylight,Motorcycle,1,Wrong Overtaking,1,0,0,0,3,0,High
2022,10,Wednesday,19,KPK,Charsadda,Rural Road,Poor,Clear,Daylight,Motorcycle,1,Wrong Overtaking,1,0,0,0,0,1,Low
2022,12,Saturday,18,Sindh,Mirpur Khas,Rural Road,Under Repair,Foggy,Daylight,Truck/Lorry,1,Road Condition,1,1,0,1,0,0,Low
2021,7,Friday,17,Punjab,Sheikhupura,Provincial Highway,Average,Clear,Daylight,Rickshaw,2,Signal Violation,1,0,0,0,0,0,Low
2023,10,Thursday,18,Punjab,Sargodha,National Highway,Average,Extreme Heat,Daylight,Motorcycle,1,Driver Fatigue,1,0,0,0,3,3,High
2022,5,Sunday,3,Punjab,Lahore,National Highway,Poor,Clear,Street Light,Motorcycle,3,Wrong Overtaking,0,1,1,0,4,1,High
2022,10,Friday,9,Punjab,Faisalabad,Provincial Highway,Under Repair,Rainy,Daylight,Car/Taxi,2,Pedestrian Error,1,0,0,0,0,1,Low
2021,4,Friday,20,Punjab,Bahawalpur,Rural Road,Good,Extreme Heat,Street Light,Motorcycle,2,Driver Fatigue,1,0,0,0,5,0,Medium
2020,8,Thursday,21,KPK,Dera Ismail Khan,Provincial Highway,Poor,Clear,Street Light,Motorcycle,2,Driver Fatigue,0,0,0,0,11,2,High
2021,8,Thursday,18,Sindh,Thatta,Urban Road,Good,Clear,Daylight,Car/Taxi,2,Road Condition,1,0,0,0,0,0,Low
2022,10,Monday,9,Punjab,Faisalabad,Urban Road,Good,Clear,Daylight,Bicycle,1,Over Speeding,1,0,0,0,1,1,Medium
2020,2,Monday,0,Punjab,Sargodha,National Highway,Average,Clear,Street Light,Motorcycle,3,Mechanical Failure,0,0,1,1,8,1,High
2020,8,Monday,9,Punjab,Bahawalpur,Provincial Highway,Good,Extreme Heat,Daylight,Motorcycle,1,Wrong Overtaking,1,0,0,0,4,0,Medium
2022,5,Sunday,11,Punjab,Multan,Urban Road,Good,Rainy,Daylight,Motorcycle,3,Signal Violation,0,1,0,0,7,2,High
2019,9,Tuesday,20,KPK,Abbottabad,National Highway,Poor,Clear,No Light,Car/Taxi,3,Over Speeding,1,0,0,0,11,4,High
2022,1,Wednesday,19,Punjab,Rahim Yar Khan,Urban Road,Average,Clear,Dawn/Dusk,Rickshaw,2,Over Speeding,1,0,0,1,1,0,Low
2020,11,Saturday,15,Punjab,Sheikhupura,Rural Road,Under Repair,Extreme Heat,Daylight,Car/Taxi,2,Pedestrian Error,0,1,0,1,0,0,Low
2022,11,Wednesday,20,Punjab,Faisalabad,Rural Road,Poor,Clear,No Light,Van/Pickup,4,Mobile Phone Use,1,0,0,1,1,0,Low
2019,11,Saturday,8,Balochistan,Khuzdar,Rural Road,Good,Foggy,Daylight,Rickshaw,1,Over Speeding,1,1,0,1,5,0,Medium
2022,11,Tuesday,11,Sindh,Thatta,National Highway,Average,Clear,Daylight,Car/Taxi,1,Signal Violation,0,0,0,1,2,0,Low
2021,7,Saturday,18,Punjab,Faisalabad,Rural Road,Good,Rainy,Daylight,Motorcycle,3,Signal Violation,1,1,0,0,3,0,High
2023,9,Tuesday,22,Sindh,Mirpur Khas,National Highway,Average,Clear,No Light,Rickshaw,1,Road Condition,0,0,1,0,1,1,Medium
2023,5,Saturday,21,KPK,Dera Ismail Khan,Provincial Highway,Good,Clear,No Light,Motorcycle,2,Over Speeding,0,1,0,0,3,0,Medium
2023,6,Sunday,17,Islamabad,Islamabad,Provincial Highway,Good,Foggy,Dawn/Dusk,Van/Pickup,2,Signal Violation,1,1,0,0,1,0,Low
2022,3,Friday,9,Punjab,Bahawalpur,National Highway,Good,Clear,No Light,Car/Taxi,3,Over Speeding,1,0,0,0,4,0,High
2023,3,Wednesday,7,Balochistan,Loralai,Rural Road,Good,Foggy,Street Light,Rickshaw,1,Drunk Driving,1,0,0,0,2,0,Low
2021,4,Thursday,3,Islamabad,Islamabad,Urban Road,Good,Clear,No Light,Van/Pickup,2,Over Speeding,0,0,1,0,1,0,Medium
2023,6,Sunday,14,Balochistan,Gwadar,Urban Road,Under Repair,Clear,Daylight,Bus/Coach,2,Driver Fatigue,0,1,0,0,3,0,Medium
2019,11,Saturday,13,Sindh,Kashmore,Rural Road,Good,Clear,Daylight,Motorcycle,3,Wrong Overtaking,1,1,0,1,2,0,Medium
2020,12,Monday,9,Sindh,Dadu,Urban Road,Good,Extreme Heat,Street Light,Car/Taxi,2,Wrong Overtaking,1,0,0,1,2,0,Low
2018,11,Tuesday,3,Punjab,Faisalabad,Provincial Highway,Good,Extreme Heat,No Light,Motorcycle,2,Road Condition,0,0,1,1,2,0,Medium
2022,1,Saturday,14,KPK,Nowshera,National Highway,Poor,Clear,Daylight,Motorcycle,1,Over Speeding,0,1,0,1,10,2,High
2020,11,Thursday,20,Sindh,Jacobabad,Rural Road,Average,Clear,No Light,Van/Pickup,2,Driver Fatigue,1,0,0,1,1,0,Medium
2023,2,Friday,22,KPK,Nowshera,Urban Road,Average,Clear,Street Light,Motorcycle,2,Over Speeding,0,0,1,1,5,0,Medium
2022,12,Tuesday,20,Sindh,Jacobabad,Urban Road,Good,Rainy,No Light,Motorcycle,2,Over Speeding,1,0,0,1,8,0,High
2018,9,Saturday,14,KPK,Kohat,Urban Road,Poor,Extreme Heat,Street Light,Van/Pickup,2,Drunk Driving,0,1,0,0,2,0,Low
2020,10,Thursday,0,KPK,Peshawar,Urban Road,Good,Clear,Street Light,Motorcycle,2,Driver Fatigue,0,0,1,0,4,1,High
2022,8,Saturday,13,Punjab,Multan,Urban Road,Under Repair,Clear,Daylight,Car/Taxi,3,Mechanical Failure,1,1,0,0,1,1,Low
2018,12,Saturday,13,KPK,Kohat,Provincial Highway,Average,Clear,Daylight,Motorcycle,2,Pedestrian Error,1,1,0,1,4,1,Medium
2022,4,Friday,12,Sindh,Kashmore,Provincial Highway,Average,Foggy,Street Light,Rickshaw,1,Signal Violation,1,0,0,0,3,0,Medium
2022,5,Sunday,16,Balochistan,Gwadar,Rural Road,Poor,Rainy,No Light,Motorcycle,3,Road Condition,0,1,0,0,2,0,Medium
2021,6,Tuesday,21,Sindh,Jacobabad,Rural Road,Good,Clear,Street Light,Car/Taxi,4,Over Speeding,0,0,0,0,0,0,Low
2020,11,Thursday,20,Punjab,Faisalabad,Provincial Highway,Average,Clear,No Light,Car/Taxi,2,Over Speeding,1,0,0,1,1,0,Low
2022,2,Saturday,2,Balochistan,Turbat,Urban Road,Good,Clear,Street Light,Motorcycle,3,Signal Violation,0,1,1,1,4,3,High
2023,11,Thursday,7,Punjab,Faisalabad,Provincial Highway,Average,Foggy,Daylight,Car/Taxi,2,Signal Violation,1,0,0,1,2,0,Low
2020,2,Thursday,18,Balochistan,Dera Bugti,Provincial Highway,Average,Clear,Daylight,Rickshaw,4,Driver Fatigue,1,0,0,1,2,0,Low
2019,11,Wednesday,8,Sindh,Sukkur,Rural Road,Average,Clear,Daylight,Car/Taxi,2,Pedestrian Error,1,0,0,1,2,0,Low
2019,8,Wednesday,20,Sindh,Mirpur Khas,National Highway,Good,Clear,Street Light,Motorcycle,2,Signal Violation,1,0,0,0,5,1,High
2022,7,Wednesday,22,Punjab,Rahim Yar Khan,Provincial Highway,Good,Rainy,Street Light,Motorcycle,3,Mobile Phone Use,0,0,1,0,6,2,High
2022,7,Monday,21,Sindh,Dadu,Urban Road,Good,Clear,Street Light,Van/Pickup,2,Pedestrian Error,0,0,0,0,0,0,Low
2022,9,Saturday,7,Punjab,Rawalpindi,Urban Road,Good,Extreme Heat,Daylight,Truck/Lorry,2,Over Speeding,1,1,0,0,2,0,Low
2021,7,Monday,2,Punjab,Sialkot,Rural Road,Average,Foggy,No Light,Rickshaw,1,Driver Fatigue,0,0,1,0,10,1,High
2021,3,Monday,18,Punjab,Sialkot,National Highway,Poor,Clear,Daylight,Bus/Coach,1,Mechanical Failure,1,0,0,0,1,2,Medium
2021,2,Thursday,20,Punjab,Sialkot,Provincial Highway,Average,Foggy,Street Light,Truck/Lorry,2,Pedestrian Error,1,0,0,1,5,0,Medium
2022,12,Thursday,8,AJK,Muzaffarabad,National Highway,Average,Clear,Daylight,Rickshaw,1,Signal Violation,1,0,0,1,3,0,Medium
2020,11,Friday,11,Islamabad,Islamabad,Provincial Highway,Poor,Clear,Daylight,Rickshaw,2,Driver Fatigue,0,0,0,1,0,0,Low
2022,1,Saturday,9,Punjab,Faisalabad,National Highway,Poor,Clear,Daylight,Motorcycle,1,Road Condition,1,1,0,1,1,0,Medium
2020,2,Friday,12,KPK,Peshawar,National Highway,Good,Foggy,Daylight,Rickshaw,2,Over Speeding,1,0,0,1,8,1,High
2023,12,Tuesday,18,Punjab,Gujranwala,National Highway,Average,Clear,Daylight,Bus/Coach,1,Over Speeding,1,0,0,1,8,2,High
2021,8,Thursday,3,KPK,Charsadda,Urban Road,Good,Clear,No Light,Van/Pickup,3,Drunk Driving,0,0,1,0,1,1,Medium
2023,11,Monday,9,KPK,Dera Ismail Khan,Rural Road,Average,Clear,Daylight,Car/Taxi,2,Mobile Phone Use,1,0,0,1,2,0,Low
2020,7,Thursday,20,Islamabad,Islamabad,National Highway,Poor,Clear,Street Light,Bus/Coach,3,Over Speeding,1,0,0,0,1,0,Medium
2020,1,Monday,10,Punjab,Gujranwala,Rural Road,Poor,Foggy,Street Light,Motorcycle,3,Mechanical Failure,0,0,0,1,2,0,Medium
2021,1,Sunday,21,KPK,Abbottabad,Motorway,Good,Clear,No Light,Rickshaw,3,Signal Violation,0,1,0,1,3,1,Medium
2023,9,Thursday,9,Punjab,Rawalpindi,Provincial Highway,Poor,Clear,Daylight,Bus/Coach,2,Over Speeding,1,0,0,0,11,1,High
2022,4,Wednesday,8,Gilgit-Baltistan,Skardu,Provincial Highway,Good,Clear,Daylight,Motorcycle,3,Pedestrian Error,1,0,0,0,0,0,Low
2022,6,Tuesday,2,Punjab,Sargodha,Urban Road,Poor,Clear,No Light,Motorcycle,2,Drunk Driving,0,0,1,0,4,1,Medium
2021,11,Wednesday,20,Sindh,Hyderabad,Urban Road,Good,Clear,Street Light,Motorcycle,2,Pedestrian Error,1,0,0,1,1,0,Low
2019,8,Saturday,21,Sindh,Nawabshah,National Highway,Average,Clear,No Light,Bus/Coach,2,Over Speeding,0,1,0,0,9,1,High
2019,11,Monday,16,KPK,Charsadda,Rural Road,Poor,Foggy,Street Light,Van/Pickup,4,Over Speeding,0,0,0,1,2,0,Low
2023,8,Sunday,20,Punjab,Bahawalpur,National Highway,Poor,Clear,No Light,Motorcycle,2,Pedestrian Error,1,1,0,0,5,2,Medium
2021,12,Tuesday,21,Islamabad,Islamabad,Urban Road,Average,Clear,No Light,Van/Pickup,2,Signal Violation,0,0,0,1,2,0,Low
2020,4,Wednesday,14,Punjab,Faisalabad,Provincial Highway,Good,Foggy,Street Light,Car/Taxi,2,Mechanical Failure,0,0,0,0,2,0,Low
2021,11,Tuesday,19,Sindh,Nawabshah,Rural Road,Good,Clear,Street Light,Other,1,Pedestrian Error,1,0,0,1,0,0,Low
2023,4,Saturday,12,Punjab,Rawalpindi,National Highway,Average,Clear,Daylight,Car/Taxi,3,Pedestrian Error,1,1,0,0,1,0,Low
2022,3,Sunday,8,Punjab,Sheikhupura,Urban Road,Poor,Rainy,Daylight,Motorcycle,2,Road Condition,1,1,0,0,4,1,Medium
2020,12,Tuesday,21,Sindh,Sukkur,Rural Road,Poor,Clear,Street Light,Rickshaw,2,Wrong Overtaking,0,0,0,1,2,0,Low
2018,6,Tuesday,16,Punjab,Lahore,Urban Road,Good,Clear,Daylight,Motorcycle,1,Wrong Overtaking,0,0,0,0,3,0,Medium
2019,11,Wednesday,17,Punjab,Sheikhupura,Rural Road,Poor,Rainy,Daylight,Car/Taxi,1,Pedestrian Error,1,0,0,1,1,0,Low
2020,8,Sunday,8,Punjab,Bahawalpur,Rural Road,Average,Clear,Dawn/Dusk,Motorcycle,2,Wrong Overtaking,1,1,0,0,3,2,Medium
2021,1,Thursday,21,Punjab,Faisalabad,National Highway,Good,Extreme Heat,Street Light,Rickshaw,2,Wrong Overtaking,0,0,0,1,1,0,Low
2022,10,Sunday,18,KPK,Dera Ismail Khan,Rural Road,Under Repair,Dusty/Smoggy,Daylight,Motorcycle,2,Mechanical Failure,1,1,0,0,0,0,Low
2023,12,Monday,6,Balochistan,Dera Bugti,Urban Road,Under Repair,Rainy,Daylight,Car/Taxi,2,Wrong Overtaking,0,0,0,1,2,0,Low
2023,2,Monday,15,Punjab,Rawalpindi,Rural Road,Good,Clear,Daylight,Motorcycle,2,Over Speeding,0,0,0,1,5,2,Medium
2021,1,Tuesday,12,Punjab,Sargodha,National Highway,Poor,Dusty/Smoggy,Daylight,Van/Pickup,2,Pedestrian Error,1,0,0,1,2,0,Medium
2021,8,Sunday,17,Punjab,Sialkot,Provincial Highway,Average,Clear,Daylight,Motorcycle,2,Pedestrian Error,1,1,0,0,2,0,Medium
2020,6,Wednesday,17,Punjab,Bahawalpur,Urban Road,Average,Foggy,Daylight,Motorcycle,4,Signal Violation,1,0,0,0,3,0,Medium
2021,1,Tuesday,12,KPK,Dera Ismail Khan,Urban Road,Good,Clear,Daylight,Motorcycle,1,Mechanical Failure,1,0,0,1,5,0,Medium
2020,2,Tuesday,15,Sindh,Mirpur Khas,Motorway,Average,Clear,Daylight,Rickshaw,1,Weather Condition,0,0,0,1,0,0,Low
2023,1,Thursday,4,Punjab,Gujranwala,National Highway,Poor,Rainy,No Light,Motorcycle,1,Road Condition,0,0,1,1,3,2,High
2020,12,Friday,12,Punjab,Faisalabad,Provincial Highway,Poor,Foggy,Daylight,Motorcycle,2,Drunk Driving,1,0,0,1,5,3,High
2022,3,Monday,13,Punjab,Sialkot,Provincial Highway,Good,Clear,Daylight,Car/Taxi,3,Wrong Overtaking,1,0,0,0,3,2,Medium
2022,9,Thursday,16,KPK,Kohat,Rural Road,Good,Clear,Street Light,Motorcycle,2,Wrong Overtaking,0,0,0,0,1,0,Low
2023,5,Saturday,8,AJK,Muzaffarabad,National Highway,Average,Foggy,Daylight,Rickshaw,1,Over Speeding,1,1,0,0,4,0,Medium
2021,11,Monday,21,Punjab,Rawalpindi,National Highway,Average,Clear,No Light,Motorcycle,2,Mechanical Failure,0,0,0,1,5,1,Medium
2019,11,Friday,17,Punjab,Gujranwala,Provincial Highway,Good,Clear,Daylight,Car/Taxi,2,Wrong Overtaking,1,0,0,1,1,0,Low
2019,5,Saturday,18,Balochistan,Khuzdar,Urban Road,Average,Clear,Daylight,Car/Taxi,3,Pedestrian Error,1,1,0,0,2,0,Low
2023,4,Tuesday,20,Islamabad,Islamabad,Motorway,Good,Clear,Street Light,Motorcycle,1,Signal Violation,1,0,0,0,8,1,High
2021,5,Saturday,5,Punjab,Sheikhupura,Urban Road,Poor,Dusty/Smoggy,Dawn/Dusk,Car/Taxi,2,Wrong Overtaking,0,1,1,0,0,0,Low
2021,6,Saturday,1,Punjab,Sheikhupura,Urban Road,Good,Clear,Street Light,Car/Taxi,2,Wrong Overtaking,0,1,1,0,1,0,Low
2023,4,Saturday,14,Punjab,Rahim Yar Khan,National Highway,Good,Clear,Street Light,Motorcycle,1,Signal Violation,0,1,0,0,2,1,High
2022,7,Sunday,16,Sindh,Jacobabad,Urban Road,Poor,Foggy,Daylight,Bus/Coach,2,Over Speeding,0,1,0,0,10,2,High
2022,7,Monday,9,Punjab,Lahore,National Highway,Good,Foggy,Daylight,Car/Taxi,3,Signal Violation,1,0,0,0,5,0,High
2021,4,Tuesday,8,Punjab,Sheikhupura,Provincial Highway,Average,Rainy,Daylight,Car/Taxi,2,Mechanical Failure,1,0,0,0,1,0,Low
2019,6,Wednesday,7,Sindh,Dadu,National Highway,Average,Rainy,Dawn/Dusk,Van/Pickup,3,Wrong Overtaking,1,0,0,0,9,0,High
2019,11,Wednesday,12,Punjab,Rahim Yar Khan,Provincial Highway,Average,Clear,Daylight,Rickshaw,1,Over Speeding,1,0,0,1,5,2,Medium
2021,1,Sunday,20,KPK,Kohat,Rural Road,Average,Clear,Street Light,Motorcycle,2,Road Condition,1,1,0,1,4,0,Medium
2022,8,Thursday,8,Punjab,Faisalabad,National Highway,Poor,Clear,Daylight,Bus/Coach,2,Wrong Overtaking,1,0,0,0,5,0,Medium
2020,12,Sunday,7,Punjab,Lahore,Provincial Highway,Good,Dusty/Smoggy,Daylight,Motorcycle,3,Over Speeding,1,1,0,1,10,2,High
2023,7,Friday,16,Sindh,Hyderabad,National Highway,Average,Foggy,No Light,Rickshaw,2,Mechanical Failure,0,0,0,0,1,0,Medium
2020,6,Wednesday,7,Punjab,Multan,Urban Road,Good,Foggy,Daylight,Truck/Lorry,1,Over Speeding,1,0,0,0,2,3,High
2020,4,Sunday,14,AJK,Muzaffarabad,Urban Road,Good,Clear,Daylight,Truck/Lorry,3,Over Speeding,0,1,0,0,2,0,Low
2023,6,Monday,7,Sindh,Thatta,National Highway,Average,Clear,Daylight,Motorcycle,3,Over Speeding,1,0,0,0,10,3,High
2023,9,Friday,14,Punjab,Rahim Yar Khan,Provincial Highway,Good,Clear,Daylight,Car/Taxi,2,Over Speeding,0,0,0,0,0,0,Low
2022,6,Thursday,9,KPK,Charsadda,Urban Road,Poor,Rainy,Daylight,Car/Taxi,2,Driver Fatigue,1,0,0,0,4,1,Medium
2020,2,Friday,22,Punjab,Bahawalpur,Motorway,Average,Clear,Street Light,Car/Taxi,2,Over Speeding,0,0,1,1,6,1,High
2019,6,Thursday,17,Balochistan,Hub,National Highway,Good,Clear,Daylight,Motorcycle,3,Mechanical Failure,1,0,0,0,3,0,Medium
2021,8,Tuesday,20,Punjab,Rahim Yar Khan,National Highway,Poor,Clear,No Light,Rickshaw,2,Drunk Driving,1,0,0,0,1,1,Medium
2023,6,Friday,15,Sindh,Hyderabad,National Highway,Good,Foggy,Daylight,Car/Taxi,1,Pedestrian Error,0,0,0,0,2,0,Low
2022,7,Tuesday,10,Punjab,Multan,Urban Road,Good,Rainy,Dawn/Dusk,Bus/Coach,2,Wrong Overtaking,0,0,0,0,3,0,Medium
2023,8,Thursday,14,Sindh,Karachi,Urban Road,Good,Clear,Street Light,Van/Pickup,2,Signal Violation,0,0,0,0,1,1,Low
2021,12,Monday,14,KPK,Dera Ismail Khan,Provincial Highway,Average,Clear,Daylight,Motorcycle,3,Signal Violation,0,0,0,1,1,1,Medium
2022,11,Friday,15,KPK,Peshawar,Provincial Highway,Good,Rainy,Daylight,Rickshaw,2,Mechanical Failure,0,0,0,1,2,0,Medium
2018,11,Sunday,12,Punjab,Rahim Yar Khan,Provincial Highway,Average,Rainy,Daylight,Car/Taxi,2,Road Condition,1,1,0,1,0,0,Low
2022,11,Friday,18,Punjab,Rawalpindi,National Highway,Average,Clear,Daylight,Van/Pickup,2,Driver Fatigue,1,0,0,1,4,0,Medium
2022,10,Friday,22,KPK,Swat,Motorway,Good,Clear,Street Light,Bus/Coach,2,Over Speeding,0,0,1,0,4,1,High
2021,5,Thursday,19,Islamabad,Islamabad,Urban Road,Good,Foggy,No Light,Motorcycle,3,Road Condition,1,0,0,0,0,0,Low
2022,6,Wednesday,10,Punjab,Rawalpindi,Provincial Highway,Good,Clear,Daylight,Motorcycle,1,Wrong Overtaking,0,0,0,0,3,1,Medium
2022,5,Thursday,9,Sindh,Sukkur,Urban Road,Good,Clear,Daylight,Car/Taxi,1,Road Condition,1,0,0,0,1,0,Low
2021,8,Friday,15,Punjab,Bahawalpur,National Highway,Poor,Clear,Daylight,Motorcycle,2,Mechanical Failure,0,0,0,0,3,0,Medium
2019,6,Sunday,14,Balochistan,Gwadar,Rural Road,Poor,Clear,Daylight,Motorcycle,2,Over Speeding,0,1,0,0,2,1,Medium
2022,12,Saturday,13,Punjab,Rawalpindi,National Highway,Good,Clear,Daylight,Car/Taxi,2,Pedestrian Error,1,1,0,1,2,1,Medium
2023,6,Saturday,15,Punjab,Sheikhupura,National Highway,Good,Foggy,Daylight,Van/Pickup,2,Driver Fatigue,0,1,0,0,3,0,Medium
2019,5,Thursday,7,KPK,Peshawar,Rural Road,Under Repair,Clear,Daylight,Motorcycle,2,Over Speeding,1,0,0,0,4,2,High
2018,9,Saturday,12,Punjab,Bahawalpur,Urban Road,Under Repair,Rainy,Daylight,Bus/Coach,1,Driver Fatigue,1,1,0,0,4,0,Medium
2022,6,Friday,18,Sindh,Mirpur Khas,National Highway,Good,Clear,Daylight,Car/Taxi,3,Driver Fatigue,1,0,0,0,2,0,Medium
2023,4,Saturday,12,Sindh,Thatta,Rural Road,Poor,Rainy,Daylight,Truck/Lorry,3,Mechanical Failure,1,1,0,0,1,0,Low
2023,10,Saturday,8,Punjab,Rahim Yar Khan,Motorway,Poor,Clear,Daylight,Motorcycle,2,Wrong Overtaking,1,1,0,0,4,3,High
2022,8,Tuesday,9,Punjab,Rawalpindi,Urban Road,Good,Clear,Street Light,Car/Taxi,2,Mobile Phone Use,1,0,0,0,2,0,Low
2020,11,Monday,8,Sindh,Nawabshah,National Highway,Good,Rainy,Street Light,Car/Taxi,1,Over Speeding,1,0,0,1,9,1,High
2018,6,Monday,19,Punjab,Sargodha,Provincial Highway,Under Repair,Extreme Heat,Dawn/Dusk,Van/Pickup,1,Road Condition,1,0,0,0,2,0,Low
2021,4,Monday,5,Sindh,Thatta,Urban Road,Average,Dusty/Smoggy,Dawn/Dusk,Car/Taxi,1,Over Speeding,0,0,1,0,1,1,Medium
2021,6,Sunday,23,KPK,Nowshera,National Highway,Good,Extreme Heat,Street Light,Bus/Coach,1,Signal Violation,0,1,1,0,8,0,High
2020,11,Thursday,17,KPK,Nowshera,Provincial Highway,Good,Foggy,Daylight,Bicycle,2,Mechanical Failure,1,0,0,1,5,0,High
2022,12,Saturday,19,Punjab,Faisalabad,National Highway,Good,Extreme Heat,Street Light,Motorcycle,2,Over Speeding,1,1,0,1,6,2,High
2021,1,Tuesday,16,Punjab,Rawalpindi,Urban Road,Good,Dusty/Smoggy,Daylight,Other,1,Pedestrian Error,0,0,0,1,2,0,Low
2018,12,Thursday,5,Punjab,Sialkot,Provincial Highway,Good,Clear,Street Light,Motorcycle,1,Over Speeding,0,0,1,1,9,0,High
2023,1,Thursday,6,Punjab,Rawalpindi,Provincial Highway,Good,Rainy,Daylight,Rickshaw,2,Driver Fatigue,0,0,0,1,9,1,High
2022,8,Saturday,8,Punjab,Sheikhupura,Provincial Highway,Average,Extreme Heat,Daylight,Car/Taxi,2,Driver Fatigue,1,1,0,0,2,1,Medium
2020,12,Saturday,20,KPK,Bannu,National Highway,Good,Rainy,No Light,Motorcycle,2,Over Speeding,1,1,0,1,5,2,High
2019,8,Friday,18,Punjab,Sialkot,Urban Road,Average,Foggy,Street Light,Motorcycle,4,Over Speeding,1,0,0,0,3,0,Medium
2021,6,Wednesday,8,Punjab,Lahore,Urban Road,Poor,Clear,Daylight,Car/Taxi,3,Wrong Overtaking,1,0,0,0,0,0,Low
2021,9,Wednesday,8,Punjab,Lahore,National Highway,Good,Clear,Daylight,Car/Taxi,1,Road Condition,1,0,0,0,2,0,Low
2022,2,Friday,7,KPK,Swat,Rural Road,Poor,Clear,No Light,Motorcycle,1,Wrong Overtaking,1,0,0,1,2,2,Medium
2021,5,Friday,8,Punjab,Rahim Yar Khan,National Highway,Under Repair,Foggy,Daylight,Rickshaw,4,Over Speeding,1,0,0,0,4,1,High
2021,2,Friday,23,Sindh,Thatta,Urban Road,Poor,Clear,No Light,Motorcycle,2,Pedestrian Error,0,0,1,1,2,0,Medium
2021,11,Monday,21,Punjab,Rawalpindi,Provincial Highway,Good,Dusty/Smoggy,No Light,Bus/Coach,1,Signal Violation,0,0,0,1,3,1,Medium
2020,4,Friday,18,Balochistan,Gwadar,Urban Road,Good,Clear,Street Light,Motorcycle,1,Wrong Overtaking,1,0,0,0,1,0,Low
2020,12,Tuesday,13,Balochistan,Zhob,Provincial Highway,Average,Rainy,Daylight,Rickshaw,2,Road Condition,1,0,0,1,0,0,Low
2020,9,Tuesday,21,Punjab,Sheikhupura,Provincial Highway,Good,Clear,No Light,Truck/Lorry,3,Mechanical Failure,0,0,0,0,0,0,Low
2021,3,Monday,5,Punjab,Multan,National Highway,Good,Rainy,Dawn/Dusk,Truck/Lorry,3,Signal Violation,0,0,1,0,9,3,High
2023,9,Saturday,6,Punjab,Rawalpindi,Urban Road,Average,Rainy,Daylight,Rickshaw,1,Mechanical Failure,0,1,0,0,0,0,Low
2023,6,Wednesday,10,Punjab,Rahim Yar Khan,Provincial Highway,Good,Clear,Daylight,Motorcycle,2,Over Speeding,0,0,0,0,2,0,High
2023,9,Friday,20,KPK,Dera Ismail Khan,Provincial Highway,Good,Clear,Street Light,Car/Taxi,1,Over Speeding,1,0,0,0,1,0,Low