year,month,day_of_week,hour_of_day,province,district,road_type,road_condition,weather_condition,lighting_condition,vehicle_type,vehicles_involved,accident_cause,is_rush_hour,is_weekend,is_night,is_foggy_month,num_injured,num_killed,severity
2019,12,Sunday,11,KPK,Bannu,Urban Road,Average,Clear,Street Light,Motorcycle,1,Pedestrian Error,0,1,0,1,0,0,Low
2019,2,Wednesday,12,KPK,Nowshera,National Highway,Good,Dusty/Smoggy,Daylight,Car/Taxi,1,Driver Fatigue,1,0,0,1,1,1,Medium
2023,3,Tuesday,16,KPK,Bannu,Provincial Highway,Average,Extreme Heat,Daylight,Rickshaw,3,Pedestrian Error,0,0,0,0,1,0,Low
2021,5,Saturday,14,Punjab,Rahim Yar Khan,Provincial Highway,Average,Rainy,No Light,Truck/Lorry,2,Signal Violation,0,1,0,0,4,0,Medium
2019,8,Tuesday,10,Punjab,Sialkot,Urban Road,Poor,Extreme Heat,Daylight,Car/Taxi,2,Wrong Overtaking,0,0,0,0,1,0,Low
2020,4,Saturday,8,KPK,Swat,Motorway,Poor,Dusty/Smoggy,Daylight,Motorcycle,1,Road Condition,1,1,0,0,2,1,Medium
2023,9,Friday,7,Punjab,Gujranwala,Motorway,Under Repair,Clear,Daylight,Motorcycle,2,Signal Violation,1,0,0,0,8,0,High
2019,6,Wednesday,13,KPK,Dera Ismail Khan,Provincial Highway,Poor,Foggy,Daylight,Motorcycle,1,Over Speeding,1,0,0,0,7,1,High
2021,3,Sunday,11,Punjab,Faisalabad,National Highway,Under Repair,Clear,Dawn/Dusk,Truck/Lorry,1,Signal Violation,0,1,0,0,3,1,Medium
2018,7,Saturday,7,Punjab,Rawalpindi,Motorway,Poor,Clear,No Light,Car/Taxi,1,Wrong Overtaking,1,1,0,0,2,0,Low
2023,7,Saturday,9,Gilgit-Baltistan,Gilgit,Rural Road,Average,Foggy,No Light,Bus/Coach,1,Over Speeding,1,1,0,0,4,2,Medium
2019,5,Wednesday,13,Punjab,Rawalpindi,National Highway,Average,Rainy,Daylight,Car/Taxi,3,Signal Violation,1,0,0,0,8,1,High
2021,9,Monday,18,AJK,Rawalakot,National Highway,Poor,Clear,Daylight,Van/Pickup,1,Drunk Driving,1,0,0,0,3,1,High
2022,5,Monday,21,AJK,Muzaffarabad,National Highway,Average,Rainy,Street Light,Motorcycle,2,Signal Violation,0,0,0,0,9,0,High
2020,6,Friday,10,KPK,Swat,Motorway,Good,Foggy,Daylight,Truck/Lorry,1,Mobile Phone Use,0,0,0,0,6,3,High
2019,9,Friday,12,Sindh,Larkana,National Highway,Good,Clear,Street Light,Motorcycle,1,Signal Violation,1,0,0,0,4,0,High
2019,3,Tuesday,12,Sindh,Karachi,Provincial Highway,Poor,Clear,Daylight,Rickshaw,2,Signal Violation,1,0,0,0,0,0,Low
2018,11,Thursday,9,Balochistan,Loralai,Rural Road,Poor,Clear,Daylight,Rickshaw,1,Over Speeding,1,0,0,1,1,0,Low
2023,2,Sunday,16,Punjab,Rahim Yar Khan,Provincial Highway,Good,Clear,Dawn/Dusk,Motorcycle,1,Mechanical Failure,0,1,0,1,3,0,Medium
2023,4,Monday,12,Sindh,Dadu,Provincial Highway,Good,Rainy,Daylight,Truck/Lorry,3,Wrong Overtaking,1,0,0,0,5,0,Medium
2023,10,Sunday,14,Sindh,Thatta,Provincial Highway,Good,Clear,Daylight,Bus/Coach,2,Pedestrian Error,0,1,0,0,2,0,Low
2020,10,Monday,12,Punjab,Faisalabad,National Highway,Good,Dusty/Smoggy,Daylight,Truck/Lorry,4,Over Speeding,1,0,0,0,7,1,High
2023,8,Thursday,12,Sindh,Nawabshah,National Highway,Poor,Clear,Daylight,Motorcycle,2,Wrong Overtaking,1,0,0,0,6,1,High
2018,11,Monday,17,Punjab,Rahim Yar Khan,Urban Road,Average,Clear,Street Light,Motorcycle,2,Over Speeding,1,0,0,1,1,0,Medium
2018,8,Sunday,6,Sindh,Kashmore,Rural Road,Poor,Foggy,Daylight,Car/Taxi,2,Road Condition,0,1,0,0,0,0,Low
2020,6,Sunday,18,Balochistan,Hub,Urban Road,Good,Clear,Street Light,Truck/Lorry,1,Wrong Overtaking,1,1,0,0,1,0,Low
2020,10,Tuesday,17,Punjab,Bahawalpur,Urban Road,Under Repair,Foggy,Daylight,Bus/Coach,2,Over Speeding,1,0,0,0,5,0,Medium
2022,6,Saturday,22,Islamabad,Islamabad,National Highway,Poor,Rainy,Street Light,Rickshaw,3,Wrong Overtaking,0,1,1,0,10,1,High
2022,7,Friday,18,KPK,Peshawar,Urban Road,Average,Rainy,Daylight,Bicycle,1,Drunk Driving,1,0,0,0,3,2,High
2023,12,Friday,18,KPK,Bannu,Provincial Highway,Good,Rainy,Daylight,Car/Taxi,3,Signal Violation,1,0,0,1,1,1,Medium
2020,10,Tuesday,4,Sindh,Dadu,Provincial Highway,Average,Clear,No Light,Truck/Lorry,1,Mechanical Failure,0,0,1,0,5,1,Medium
2020,3,Saturday,23,KPK,Nowshera,Provincial Highway,Poor,Foggy,Street Light,Car/Taxi,2,Signal Violation,0,1,1,0,5,0,Medium
2022,8,Wednesday,16,Punjab,Bahawalpur,Rural Road,Average,Clear,Street Light,Bus/Coach,3,Mechanical Failure,0,0,0,0,1,0,Low
2023,5,Monday,23,KPK,Bannu,Rural Road,Good,Foggy,Street Light,Rickshaw,1,Over Speeding,0,0,1,0,2,1,Medium
2022,11,Tuesday,16,Punjab,Gujranwala,Rural Road,Poor,Clear,Daylight,Motorcycle,3,Road Condition,0,0,0,1,1,0,Low
2019,6,Saturday,0,Balochistan,Turbat,Provincial Highway,Good,Foggy,No Light,Motorcycle,3,Wrong Overtaking,0,1,1,0,7,3,High
2023,10,Sunday,8,Gilgit-Baltistan,Skardu,National Highway,Average,Rainy,Daylight,Bus/Coach,2,Wrong Overtaking,1,1,0,0,8,1,High
2023,4,Sunday,19,Punjab,Lahore,Provincial Highway,Good,Dusty/Smoggy,Dawn/Dusk,Motorcycle,2,Signal Violation,1,1,0,0,5,1,Medium
2023,6,Friday,16,Punjab,Gujranwala,Rural Road,Poor,Clear,Daylight,Motorcycle,1,Pedestrian Error,0,0,0,0,1,0,Low
2019,6,Sunday,18,KPK,Charsadda,National Highway,Good,Clear,Daylight,Motorcycle,1,Over Speeding,1,1,0,0,6,1,High
2022,1,Saturday,21,Punjab,Rahim Yar Khan,Urban Road,Good,Clear,Street Light,Motorcycle,2,Over Speeding,0,1,0,1,5,1,Medium
2022,12,Friday,8,Balochistan,Gwadar,Rural Road,Average,Clear,Daylight,Motorcycle,1,Over Speeding,1,0,0,1,3,1,High
2020,3,Saturday,4,Punjab,Multan,Provincial Highway,Good,Foggy,Street Light,Van/Pickup,2,Over Speeding,0,1,1,0,11,3,High
2019,6,Saturday,21,Punjab,Multan,National Highway,Good,Foggy,Street Light,Motorcycle,4,Road Condition,0,1,0,0,3,0,Medium
2022,1,Friday,21,AJK,Muzaffarabad,Provincial Highway,Good,Foggy,Street Light,Car/Taxi,2,Pedestrian Error,0,0,0,1,2,0,Low
2019,6,Monday,22,KPK,Nowshera,Urban Road,Poor,Clear,Street Light,Bus/Coach,1,Mobile Phone Use,0,0,1,0,1,0,Low
2019,6,Sunday,5,Balochistan,Quetta,Urban Road,Good,Dusty/Smoggy,Street Light,Car/Taxi,3,Pedestrian Error,0,1,1,0,1,0,Low
2023,8,Friday,17,Punjab,Rahim Yar Khan,Provincial Highway,Good,Extreme Heat,Daylight,Car/Taxi,2,Over Speeding,1,0,0,0,0,0,Low
2020,6,Tuesday,23,KPK,Mansehra,Urban Road,Good,Dusty/Smoggy,No Light,Truck/Lorry,2,Driver Fatigue,0,0,1,0,11,0,High
2023,6,Sunday,20,Sindh,Larkana,National Highway,Poor,Clear,No Light,Truck/Lorry,2,Mechanical Failure,1,1,0,0,5,0,Medium
2021,9,Thursday,12,Sindh,Hyderabad,National Highway,Average,Clear,Daylight,Truck/Lorry,2,Wrong Overtaking,1,0,0,0,4,0,Medium
2019,10,Friday,13,KPK,Abbottabad,Rural Road,Poor,Clear,Daylight,Car/Taxi,2,Pedestrian Error,1,0,0,0,2,1,Low
2023,6,Tuesday,16,Sindh,Larkana,National Highway,Poor,Clear,Daylight,Car/Taxi,2,Signal Violation,0,0,0,0,1,0,Medium
2023,3,Friday,12,Sindh,Kashmore,Urban Road,Average,Rainy,Daylight,Motorcycle,2,Wrong Overtaking,1,0,0,0,1,0,Medium
2022,11,Monday,22,Punjab,Sargodha,National Highway,Good,Clear,Street Light,Truck/Lorry,2,Mobile Phone Use,0,0,1,1,5,0,Medium
2019,9,Saturday,17,KPK,Peshawar,Provincial Highway,Good,Rainy,Daylight,Motorcycle,1,Driver Fatigue,1,1,0,0,9,0,High
2022,4,Tuesday,15,Punjab,Lahore,National Highway,Good,Clear,Dawn/Dusk,Motorcycle,3,Wrong Overtaking,0,0,0,0,2,2,High
2020,2,Saturday,8,KPK,Abbottabad,National Highway,Good,Extreme Heat,Daylight,Bicycle,1,Mobile Phone Use,1,1,0,1,4,0,Medium
2020,7,Tuesday,5,Punjab,Faisalabad,National Highway,Good,Clear,Street Light,Motorcycle,3,Pedestrian Error,0,0,1,0,9,0,High
2019,9,Sunday,7,Sindh,Sukkur,Motorway,Good,Clear,Daylight,Bicycle,2,Road Condition,1,1,0,0,5,1,Medium
2020,8,Sunday,8,KPK,Abbottabad,National Highway,Poor,Clear,Daylight,Van/Pickup,2,Drunk Driving,1,1,0,0,2,0,Medium
2022,6,Tuesday,18,Punjab,Lahore,Provincial Highway,Good,Rainy,Daylight,Truck/Lorry,2,Pedestrian Error,1,0,0,0,1,0,Medium
2021,10,Friday,22,Punjab,Sialkot,Urban Road,Poor,Clear,No Light,Van/Pickup,1,Over Speeding,0,0,1,0,5,0,Medium
2023,10,Saturday,11,Punjab,Bahawalpur,Rural Road,Good,Clear,Daylight,Car/Taxi,3,Signal Violation,0,1,0,0,2,0,Low
2021,3,Monday,7,Sindh,Mirpur Khas,Motorway,Under Repair,Clear,Daylight,Motorcycle,3,Pedestrian Error,1,0,0,0,3,0,Medium
2019,11,Tuesday,23,Balochistan,Quetta,Urban Road,Good,Clear,Street Light,Truck/Lorry,1,Signal Violation,0,0,1,1,5,0,Medium
2023,5,Thursday,2,Punjab,Rahim Yar Khan,Rural Road,Good,Clear,Street Light,Bicycle,3,Over Speeding,0,0,1,0,6,1,High
2023,12,Sunday,7,KPK,Nowshera,Rural Road,Poor,Rainy,Daylight,Bus/Coach,1,Drunk Driving,1,1,0,1,4,1,High
2022,5,Tuesday,6,Punjab,Rahim Yar Khan,Provincial Highway,Average,Clear,Daylight,Car/Taxi,1,Driver Fatigue,0,0,0,0,2,0,Medium
2023,1,Wednesday,21,Sindh,Dadu,National Highway,Good,Clear,No Light,Motorcycle,2,Pedestrian Error,0,0,0,1,2,0,Medium
2021,11,Saturday,9,Islamabad,Islamabad,Provincial Highway,Poor,Clear,Daylight,Van/Pickup,1,Mechanical Failure,1,1,0,1,0,0,Low
2023,6,Wednesday,1,Punjab,Sargodha,Provincial Highway,Poor,Clear,No Light,Motorcycle,1,Signal Violation,0,0,1,0,8,2,High
2021,12,Saturday,16,Sindh,Dadu,Provincial Highway,Under Repair,Clear,Street Light,Motorcycle,3,Mechanical Failure,0,1,0,1,1,1,Low
2018,5,Thursday,11,Punjab,Rahim Yar Khan,Provincial Highway,Average,Dusty/Smoggy,Dawn/Dusk,Motorcycle,1,Driver Fatigue,0,0,0,0,10,2,High
2020,7,Monday,7,Punjab,Sheikhupura,Urban Road,Good,Foggy,Daylight,Truck/Lorry,2,Pedestrian Error,1,0,0,0,1,0,Low
2021,10,Wednesday,10,Punjab,Faisalabad,Provincial Highway,Average,Clear,Daylight,Motorcycle,1,Driver Fatigue,0,0,0,0,10,4,High
2020,7,Wednesday,21,Punjab,Bahawalpur,Urban Road,Average,Foggy,No Light,Motorcycle,2,Wrong Overtaking,0,0,0,0,2,1,High
2019,7,Wednesday,4,Sindh,Jacobabad,Provincial Highway,Poor,Rainy,No Light,Motorcycle,2,Over Speeding,0,0,1,0,5,2,High
2023,1,Tuesday,10,Sindh,Jacobabad,Provincial Highway,Poor,Rainy,Daylight,Motorcycle,3,Drunk Driving,0,0,0,1,3,4,High
2020,10,Sunday,10,Sindh,Hyderabad,Urban Road,Good,Clear,Daylight,Car/Taxi,2,Signal Violation,0,1,0,0,2,0,Low
2021,6,Monday,21,Punjab,Lahore,National Highway,Good,Clear,No Light,Truck/Lorry,2,Driver Fatigue,0,0,0,0,3,0,High
2019,9,Wednesday,10,Punjab,Multan,Rural Road,Average,Clear,Daylight,Car/Taxi,2,Signal Violation,0,0,0,0,1,0,Low
2022,2,Saturday,12,KPK,Nowshera,Provincial Highway,Average,Clear,Dawn/Dusk,Motorcycle,1,Over Speeding,1,1,0,1,5,0,High
2023,12,Monday,13,Islamabad,Islamabad,Motorway,Good,Rainy,Daylight,Motorcycle,2,Mechanical Failure,1,0,0,1,7,4,High
2020,8,Thursday,22,Punjab,Sialkot,Provincial Highway,Poor,Rainy,Street Light,Motorcycle,4,Over Speeding,0,0,1,0,4,1,High
2020,7,Wednesday,19,Balochistan,Dera Bugti,National Highway,Poor,Foggy,Dawn/Dusk,Car/Taxi,1,Signal Violation,1,0,0,0,2,1,Medium
2018,5,Friday,14,Sindh,Hyderabad,Provincial Highway,Poor,Foggy,Daylight,Rickshaw,2,Over Speeding,0,0,0,0,5,0,Medium
2022,11,Monday,23,Sindh,Jacobabad,Provincial Highway,Average,Foggy,Street Light,Motorcycle,1,Wrong Overtaking,0,0,1,1,9,3,High
2021,11,Saturday,17,Sindh,Kashmore,Urban Road,Poor,Clear,Daylight,Bus/Coach,2,Over Speeding,1,1,0,1,0,0,Low
2021,1,Friday,20,Punjab,Sheikhupura,National Highway,Good,Clear,No Light,Motorcycle,4,Drunk Driving,1,0,0,1,11,0,High
2019,9,Wednesday,20,Punjab,Faisalabad,Provincial Highway,Average,Clear,No Light,Motorcycle,2,Road Condition,1,0,0,0,1,0,Low
2020,12,Wednesday,12,Sindh,Kashmore,Provincial Highway,Good,Clear,Street Light,Motorcycle,1,Over Speeding,1,0,0,1,7,2,High
2019,7,Friday,17,Punjab,Gujranwala,Rural Road,Average,Clear,Street Light,Motorcycle,1,Mechanical Failure,1,0,0,0,3,0,Medium
2019,7,Saturday,6,Balochistan,Turbat,National Highway,Good,Rainy,Daylight,Motorcycle,2,Mechanical Failure,0,1,0,0,8,1,High
2023,10,Friday,7,Punjab,Lahore,National Highway,Average,Rainy,Daylight,Motorcycle,1,Wrong Overtaking,1,0,0,0,8,1,High
2018,9,Saturday,20,Punjab,Sargodha,Provincial Highway,Good,Foggy,Street Light,Bus/Coach,2,Drunk Driving,1,1,0,0,4,2,High
2019,7,Saturday,17,KPK,Mardan,Motorway,Good,Extreme Heat,Dawn/Dusk,Motorcycle,2,Driver Fatigue,1,1,0,0,7,4,High
2020,3,Wednesday,3,Punjab,Sialkot,Urban Road,Average,Extreme Heat,Street Light,Bus/Coach,4,Signal Violation,0,0,1,0,0,0,Low
2022,9,Monday,21,Sindh,Jacobabad,Urban Road,Poor,Clear,No Light,Car/Taxi,3,Over Speeding,0,0,0,0,2,0,Low
2023,2,Friday,11,KPK,Peshawar,Rural Road,Poor,Foggy,Daylight,Truck/Lorry,2,Signal Violation,0,0,0,1,2,0,Medium
2023,6,Monday,18,Balochistan,Sibi,National Highway,Average,Clear,Street Light,Motorcycle,2,Over Speeding,1,0,0,0,5,2,High
2022,7,Friday,14,KPK,Mansehra,Provincial Highway,Good,Clear,Dawn/Dusk,Rickshaw,4,Pedestrian Error,0,0,0,0,0,0,Low
2022,7,Sunday,18,KPK,Mardan,National Highway,Good,Clear,Street Light,Motorcycle,1,Mechanical Failure,1,1,0,0,4,1,Medium
2021,6,Monday,18,KPK,Peshawar,Provincial Highway,Good,Clear,Street Light,Bus/Coach,1,Wrong Overtaking,1,0,0,0,2,1,Medium
2020,6,Friday,18,Islamabad,Islamabad,National Highway,Under Repair,Dusty/Smoggy,Daylight,Car/Taxi,2,Mechanical Failure,1,0,0,0,1,0,Low
2020,7,Saturday,22,Punjab,Lahore,Provincial Highway,Good,Clear,No Light,Van/Pickup,2,Wrong Overtaking,0,1,1,0,3,0,Medium
2021,5,Wednesday,14,Punjab,Faisalabad,National Highway,Average,Dusty/Smoggy,Daylight,Van/Pickup,1,Over Speeding,0,0,0,0,2,0,Medium
2021,1,Friday,4,Punjab,Sheikhupura,Urban Road,Poor,Clear,Street Light,Van/Pickup,3,Pedestrian Error,0,0,1,1,0,0,Low
2020,6,Friday,14,Punjab,Faisalabad,Provincial Highway,Good,Clear,Dawn/Dusk,Rickshaw,2,Over Speeding,0,0,0,0,2,0,Low
2020,2,Tuesday,20,KPK,Peshawar,Urban Road,Good,Foggy,No Light,Motorcycle,1,Signal Violation,1,0,0,1,5,1,Medium
2023,9,Tuesday,19,Sindh,Larkana,Provincial Highway,Good,Clear,Dawn/Dusk,Bus/Coach,3,Over Speeding,1,0,0,0,3,0,Medium
2023,9,Wednesday,16,Sindh,Dadu,Urban Road,Poor,Dusty/Smoggy,Daylight,Motorcycle,2,Wrong Overtaking,0,0,0,0,0,0,Low
2018,1,Sunday,9,Punjab,Bahawalpur,National Highway,Under Repair,Clear,Daylight,Rickshaw,1,Pedestrian Error,1,1,0,1,1,0,Low
2020,1,Thursday,13,KPK,Nowshera,National Highway,Good,Rainy,Daylight,Bicycle,2,Over Speeding,1,0,0,1,2,2,High
2019,11,Saturday,23,Punjab,Bahawalpur,Motorway,Good,Clear,No Light,Motorcycle,1,Mobile Phone Use,0,1,1,1,7,0,High
2023,6,Thursday,11,KPK,Mardan,Rural Road,Average,Clear,Daylight,Motorcycle,1,Over Speeding,0,0,0,0,4,2,Medium
2018,3,Sunday,19,Sindh,Mirpur Khas,Urban Road,Poor,Clear,Dawn/Dusk,Bus/Coach,1,Driver Fatigue,1,1,0,0,1,0,Low
2021,9,Tuesday,16,Punjab,Sargodha,Motorway,Average,Clear,Daylight,Bus/Coach,1,Road Condition,0,0,0,0,2,0,Low
2019,5,Friday,10,Punjab,Lahore,National Highway,Good,Clear,Dawn/Dusk,Motorcycle,1,Over Speeding,0,0,0,0,5,1,High
2023,10,Wednesday,7,Punjab,Sialkot,Motorway,Under Repair,Clear,Daylight,Car/Taxi,1,Over Speeding,1,0,0,0,4,0,Medium
2023,7,Sunday,13,KPK,Nowshera,National Highway,Average,Clear,Daylight,Car/Taxi,2,Signal Violation,1,1,0,0,2,1,Medium
2020,8,Sunday,10,Balochistan,Chaman,Urban Road,Average,Extreme Heat,Daylight,Motorcycle,2,Over Speeding,0,1,0,0,4,2,Medium
2018,12,Sunday,22,Sindh,Mirpur Khas,Urban Road,Average,Clear,No Light,Rickshaw,2,Wrong Overtaking,0,1,1,1,0,0,Low
2023,9,Saturday,7,Punjab,Bahawalpur,Rural Road,Average,Clear,Dawn/Dusk,Motorcycle,2,Road Condition,1,1,0,0,5,0,Medium
2022,11,Thursday,9,Punjab,Rahim Yar Khan,Urban Road,Average,Foggy,Daylight,Van/Pickup,3,Over Speeding,1,0,0,1,2,1,Medium
2021,7,Tuesday,18,KPK,Peshawar,National Highway,Good,Extreme Heat,Daylight,Bus/Coach,2,Mechanical Failure,1,0,0,0,3,1,Medium
2019,5,Monday,11,KPK,Swat,National Highway,Good,Rainy,Daylight,Bus/Coach,2,Over Speeding,0,0,0,0,11,0,High
2020,6,Sunday,21,Punjab,Sialkot,Urban Road,Good,Clear,Street Light,Rickshaw,2,Signal Violation,0,1,0,0,2,0,Low
2020,1,Friday,16,Punjab,Multan,Rural Road,Poor,Clear,Daylight,Car/Taxi,2,Road Condition,0,0,0,1,2,0,Low
2021,4,Friday,1,KPK,Kohat,Provincial Highway,Average,Clear,No Light,Motorcycle,1,Signal Violation,0,0,1,0,4,0,Medium
2023,5,Sunday,8,Punjab,Faisalabad,Rural Road,Good,Foggy,Daylight,Car/Taxi,2,Over Speeding,1,1,0,0,2,1,Medium
2020,2,Wednesday,18,Punjab,Sargodha,National Highway,Under Repair,Dusty/Smoggy,Daylight,Motorcycle,1,Road Condition,1,0,0,1,1,1,Medium
2018,11,Monday,18,Punjab,Sheikhupura,Provincial Highway,Good,Dusty/Smoggy,Daylight,Van/Pickup,2,Mobile Phone Use,1,0,0,1,2,0,Low
2020,11,Saturday,10,Sindh,Jacobabad,Provincial Highway,Good,Dusty/Smoggy,Daylight,Motorcycle,1,Signal Violation,0,1,0,1,1,1,Medium
2022,11,Friday,11,Balochistan,Quetta,Rural Road,Good,Clear,Daylight,Motorcycle,1,Pedestrian Error,0,0,0,1,2,0,Low
2023,9,Tuesday,8,Islamabad,Islamabad,Rural Road,Average,Clear,Daylight,Motorcycle,3,Over Speeding,1,0,0,0,6,2,High
2020,6,Tuesday,20,Sindh,Hyderabad,National Highway,Average,Dusty/Smoggy,Street Light,Bus/Coach,3,Over Speeding,1,0,0,0,9,1,High
2022,3,Friday,18,Sindh,Thatta,Urban Road,Average,Clear,Daylight,Car/Taxi,1,Over Speeding,1,0,0,0,2,0,Low
2022,7,Friday,21,Punjab,Lahore,Provincial Highway,Average,Clear,No Light,Motorcycle,2,Signal Violation,0,0,0,0,4,0,Medium
2020,5,Monday,8,Sindh,Hyderabad,Provincial Highway,Good,Clear,No Light,Bus/Coach,3,Over Speeding,1,0,0,0,4,1,Medium
2021,6,Tuesday,17,Punjab,Gujranwala,Rural Road,Good,Foggy,Daylight,Car/Taxi,3,Driver Fatigue,1,0,0,0,2,1,Medium
2021,1,Thursday,23,Sindh,Nawabshah,Urban Road,Good,Foggy,No Light,Car/Taxi,1,Wrong Overtaking,0,0,1,1,5,0,Medium
2023,8,Saturday,17,Punjab,Lahore,Provincial Highway,Poor,Clear,Daylight,Car/Taxi,2,Drunk Driving,1,1,0,0,1,0,Low
2019,2,Friday,11,Punjab,Lahore,Urban Road,Good,Clear,Daylight,Truck/Lorry,2,Mechanical Failure,0,0,0,1,0,0,Low
2021,12,Thursday,18,Punjab,Faisalabad,Rural Road,Average,Extreme Heat,Daylight,Motorcycle,2,Drunk Driving,1,0,0,1,8,2,High
2020,1,Wednesday,7,Punjab,Rawalpindi,Rural Road,Poor,Rainy,Daylight,Van/Pickup,2,Over Speeding,1,0,0,1,1,0,Low
2018,7,Thursday,20,Punjab,Sheikhupura,Provincial Highway,Average,Foggy,No Light,Motorcycle,3,Driver Fatigue,1,0,0,0,9,2,High
2018,6,Thursday,22,Punjab,Rawalpindi,National Highway,Average,Dusty/Smoggy,Street Light,Car/Taxi,2,Wrong Overtaking,0,0,1,0,4,1,Medium
2020,7,Tuesday,14,AJK,Mirpur,National Highway,Average,Foggy,Daylight,Rickshaw,2,Mobile Phone Use,0,0,0,0,2,1,Medium
2019,1,Saturday,5,Sindh,Kashmore,Provincial Highway,Poor,Clear,No Light,Car/Taxi,4,Mobile Phone Use,0,1,1,1,4,1,Medium
2020,6,Sunday,21,Sindh,Mirpur Khas,Motorway,Good,Foggy,No Light,Van/Pickup,4,Over Speeding,0,1,0,0,8,1,High
2023,5,Friday,18,Balochistan,Sibi,Rural Road,Average,Clear,Daylight,Motorcycle,2,Driver Fatigue,1,0,0,0,2,3,High
2020,3,Tuesday,5,Gilgit-Baltistan,Hunza,Rural Road,Average,Clear,Daylight,Rickshaw,2,Wrong Overtaking,0,0,1,0,0,0,Low
2023,8,Saturday,19,Sindh,Thatta,Urban Road,Good,Clear,Dawn/Dusk,Car/Taxi,2,Wrong Overtaking,1,1,0,0,2,0,Low
2020,3,Sunday,19,KPK,Abbottabad,Provincial Highway,Average,Foggy,Street Light,Motorcycle,3,Driver Fatigue,1,1,0,0,5,0,High
2022,10,Wednesday,17,Punjab,Sargodha,National Highway,Good,Clear,Daylight,Motorcycle,3,Wrong Overtaking,1,0,0,0,3,3,High
2019,1,Monday,15,Punjab,Multan,Urban Road,Under Repair,Rainy,Daylight,Motorcycle,1,Signal Violation,0,0,0,1,3,0,Medium
2018,10,Thursday,0,Punjab,Bahawalpur,Rural Road,Under Repair,Dusty/Smoggy,No Light,Motorcycle,2,Over Speeding,0,0,1,0,2,1,Medium
2020,11,Wednesday,17,KPK,Nowshera,Rural Road,Average,Clear,Dawn/Dusk,Car/Taxi,1,Mechanical Failure,1,0,0,1,1,0,Low
2020,12,Wednesday,18,KPK,Abbottabad,Urban Road,Average,Clear,Daylight,Van/Pickup,2,Drunk Driving,1,0,0,1,1,0,Low
2023,1,Saturday,5,Punjab,Sargodha,National Highway,Poor,Rainy,Dawn/Dusk,Motorcycle,1,Over Speeding,0,1,1,1,7,1,High
2021,9,Saturday,13,Punjab,Sialkot,Urban Road,Good,Clear,Daylight,Motorcycle,3,Mechanical Failure,1,1,0,0,1,0,Low
2023,9,Friday,5,Sindh,Nawabshah,National Highway,Poor,Foggy,Dawn/Dusk,Motorcycle,1,Driver Fatigue,0,0,1,0,8,1,High
2020,4,Saturday,22,Punjab,Rahim Yar Khan,Rural Road,Poor,Clear,No Light,Other,2,Mechanical Failure,0,1,1,0,1,0,Low
2021,12,Thursday,16,Sindh,Sukkur,Rural Road,Average,Foggy,No Light,Bus/Coach,3,Road Condition,0,0,0,1,2,0,Low
2019,1,Wednesday,13,KPK,Swat,Rural Road,Good,Rainy,Daylight,Motorcycle,2,Over Speeding,1,0,0,1,5,1,Medium
2023,8,Friday,12,KPK,Swat,Rural Road,Good,Clear,Dawn/Dusk,Motorcycle,3,Drunk Driving,1,0,0,0,7,2,High
2018,10,Tuesday,19,KPK,Mansehra,National Highway,Average,Dusty/Smoggy,Dawn/Dusk,Car/Taxi,2,Road Condition,1,0,0,0,2,0,Low
2023,1,Monday,12,Balochistan,Sibi,National Highway,Poor,Foggy,Daylight,Motorcycle,2,Over Speeding,1,0,0,1,3,1,High
2022,7,Tuesday,2,Sindh,Mirpur Khas,National Highway,Average,Rainy,No Light,Other,3,Drunk Driving,0,0,1,0,6,3,High
2021,5,Saturday,11,KPK,Charsadda,Urban Road,Average,Foggy,Daylight,Bus/Coach,2,Driver Fatigue,0,1,0,0,2,1,Medium
2021,2,Thursday,21,Sindh,Mirpur Khas,Motorway,Good,Clear,Street Light,Motorcycle,4,Signal Violation,0,0,0,1,8,2,High
2022,9,Sunday,20,Punjab,Sialkot,National Highway,Average,Clear,No Light,Motorcycle,2,Signal Violation,1,1,0,0,10,3,High
2019,7,Saturday,10,Punjab,Sialkot,Provincial Highway,Good,Extreme Heat,No Light,Motorcycle,1,Wrong Overtaking,0,1,0,0,5,0,Medium
2018,1,Monday,14,Punjab,Multan,National Highway,Average,Foggy,Dawn/Dusk,Bus/Coach,2,Signal Violation,0,0,0,1,3,1,High
2019,6,Thursday,8,Sindh,Kashmore,Urban Road,Under Repair,Extreme Heat,Daylight,Motorcycle,2,Over Speeding,1,0,0,0,2,1,Medium
2023,7,Tuesday,22,Sindh,Kashmore,Rural Road,Average,Extreme Heat,No Light,Motorcycle,1,Over Speeding,0,0,1,0,2,2,High
2019,7,Wednesday,19,Balochistan,Hub,Provincial Highway,Under Repair,Clear,Street Light,Rickshaw,1,Wrong Overtaking,1,0,0,0,1,0,Low
2019,6,Sunday,20,Punjab,Multan,Urban Road,Average,Clear,No Light,Bus/Coach,2,Pedestrian Error,1,1,0,0,0,0,Low
2019,6,Sunday,21,Punjab,Faisalabad,Provincial Highway,Poor,Clear,No Light,Bicycle,2,Signal Violation,0,1,0,0,4,0,Medium
2023,5,Thursday,16,Islamabad,Islamabad,Rural Road,Poor,Clear,Daylight,Truck/Lorry,3,Over Speeding,0,0,0,0,5,0,Medium
2018,8,Friday,21,Punjab,Faisalabad,National Highway,Good,Clear,Street Light,Rickshaw,1,Driver Fatigue,0,0,0,0,5,0,Medium
2022,10,Friday,5,Sindh,Thatta,Urban Road,Good,Clear,Dawn/Dusk,Motorcycle,2,Mechanical Failure,0,0,1,0,2,1,Medium