year,month,day_of_week,hour_of_day,province,district,road_type,road_condition,weather_condition,lighting_condition,vehicle_type,vehicles_involved,accident_cause,is_rush_hour,is_weekend,is_night,is_foggy_month,num_injured,num_killed,severity
2023,7,Wednesday,9,Sindh,Larkana,National Highway,Good,Rainy,No Light,Car/Taxi,3,Over Speeding,1,0,0,0,2,0,Medium
2019,8,Monday,23,Sindh,Dadu,Urban Road,Good,Dusty/Smoggy,Street Light,Car/Taxi,1,Over Speeding,0,0,1,0,3,0,Medium
2021,8,Friday,7,Punjab,Sialkot,Rural Road,Average,Clear,Daylight,Car/Taxi,2,Driver Fatigue,1,0,0,0,1,1,Low
2023,12,Thursday,15,Punjab,Gujranwala,Rural Road,Good,Clear,No Light,Bicycle,3,Over Speeding,0,0,0,1,5,2,Medium
2023,8,Wednesday,7,Punjab,Sargodha,National Highway,Average,Clear,Daylight,Bus/Coach,2,Over Speeding,1,0,0,0,9,2,High
2023,5,Thursday,11,Sindh,Nawabshah,National Highway,Good,Foggy,Daylight,Motorcycle,2,Wrong Overtaking,0,0,0,0,11,2,High
2019,5,Thursday,13,Sindh,Larkana,Rural Road,Poor,Dusty/Smoggy,No Light,Car/Taxi,2,Signal Violation,1,0,0,0,0,0,Low
2023,7,Tuesday,21,Punjab,Rahim Yar Khan,National Highway,Poor,Clear,No Light,Rickshaw,2,Mechanical Failure,0,0,0,0,2,0,Low
2022,9,Sunday,19,Sindh,Dadu,National Highway,Average,Clear,Street Light,Motorcycle,4,Over Speeding,1,1,0,0,8,1,High
2020,10,Saturday,16,KPK,Mansehra,National Highway,Average,Foggy,Daylight,Motorcycle,2,Wrong Overtaking,0,1,0,0,4,2,High
2020,7,Saturday,17,Punjab,Rawalpindi,Provincial Highway,Good,Clear,Dawn/Dusk,Motorcycle,1,Wrong Overtaking,1,1,0,0,2,0,Medium
2022,3,Friday,10,Sindh,Larkana,National Highway,Average,Dusty/Smoggy,Daylight,Motorcycle,4,Wrong Overtaking,0,0,0,0,3,2,High
2022,8,Tuesday,20,KPK,Swat,National Highway,Average,Foggy,Street Light,Car/Taxi,3,Pedestrian Error,1,0,0,0,3,0,Medium
2018,5,Saturday,23,Punjab,Bahawalpur,Urban Road,Poor,Foggy,Street Light,Car/Taxi,3,Wrong Overtaking,0,1,1,0,5,0,Medium
2021,11,Tuesday,23,Punjab,Gujranwala,Provincial Highway,Good,Dusty/Smoggy,Street Light,Other,1,Mobile Phone Use,0,0,1,1,2,0,Low
2019,10,Wednesday,15,Sindh,Thatta,Rural Road,Average,Dusty/Smoggy,Daylight,Bicycle,1,Drunk Driving,0,0,0,0,4,1,Medium
2022,6,Tuesday,18,Balochistan,Chaman,Urban Road,Good,Clear,Daylight,Bus/Coach,2,Mechanical Failure,1,0,0,0,1,0,Low
2019,10,Wednesday,7,KPK,Mansehra,Urban Road,Average,Clear,Daylight,Car/Taxi,2,Signal Violation,1,0,0,0,1,0,Low
2022,1,Tuesday,10,Sindh,Mirpur Khas,Rural Road,Under Repair,Foggy,Daylight,Motorcycle,1,Over Speeding,0,0,0,1,6,1,High
2021,2,Friday,10,KPK,Mardan,National Highway,Average,Clear,Daylight,Motorcycle,2,Over Speeding,0,0,0,1,8,1,High
2022,3,Tuesday,11,Punjab,Lahore,Provincial Highway,Poor,Rainy,Daylight,Car/Taxi,2,Driver Fatigue,0,0,0,0,5,2,High
2018,6,Saturday,16,Sindh,Jacobabad,Provincial Highway,Poor,Clear,No Light,Rickshaw,1,Wrong Overtaking,0,1,0,0,3,0,Medium
2022,7,Saturday,9,Sindh,Kashmore,Rural Road,Good,Clear,Daylight,Rickshaw,4,Signal Violation,1,1,0,0,1,0,Low
2019,5,Monday,22,Punjab,Rahim Yar Khan,Provincial Highway,Average,Clear,No Light,Bus/Coach,1,Pedestrian Error,0,0,1,0,5,0,Medium
2022,11,Sunday,9,KPK,Nowshera,Provincial Highway,Poor,Clear,Daylight,Van/Pickup,2,Pedestrian Error,1,1,0,1,2,1,Low
2020,7,Saturday,8,Sindh,Hyderabad,Provincial Highway,Good,Clear,Daylight,Car/Taxi,2,Over Speeding,1,1,0,0,5,1,Medium
2021,10,Saturday,22,Punjab,Rawalpindi,Rural Road,Good,Foggy,Street Light,Motorcycle,3,Over Speeding,0,1,1,0,10,1,High
2018,5,Saturday,5,Balochistan,Chaman,Urban Road,Poor,Foggy,No Light,Truck/Lorry,2,Mechanical Failure,0,1,1,0,1,0,Low
2018,6,Saturday,17,Punjab,Multan,Provincial Highway,Average,Clear,Daylight,Other,4,Over Speeding,1,1,0,0,4,0,Medium
2020,3,Tuesday,13,Punjab,Gujranwala,National Highway,Average,Foggy,Daylight,Rickshaw,2,Driver Fatigue,1,0,0,0,5,0,Medium
2022,10,Saturday,8,Punjab,Sargodha,Rural Road,Good,Rainy,Daylight,Motorcycle,2,Road Condition,1,1,0,0,2,1,Low
2023,12,Tuesday,7,KPK,Charsadda,Motorway,Poor,Rainy,Daylight,Car/Taxi,2,Over Speeding,1,0,0,1,5,0,High
2022,5,Sunday,21,KPK,Peshawar,Urban Road,Good,Clear,No Light,Motorcycle,2,Wrong Overtaking,0,1,0,0,3,0,Medium
2021,6,Tuesday,20,Punjab,Sargodha,Provincial Highway,Good,Rainy,Street Light,Car/Taxi,2,Over Speeding,1,0,0,0,2,0,Medium
2021,3,Friday,22,KPK,Abbottabad,Provincial Highway,Under Repair,Clear,No Light,Rickshaw,2,Pedestrian Error,0,0,1,0,0,0,Low
2021,8,Friday,11,Punjab,Gujranwala,Urban Road,Average,Clear,Daylight,Motorcycle,1,Signal Violation,0,0,0,0,1,1,Low
2022,1,Friday,12,KPK,Peshawar,National Highway,Good,Clear,Daylight,Truck/Lorry,2,Over Speeding,1,0,0,1,8,1,High
2019,8,Monday,18,Sindh,Sukkur,National Highway,Average,Foggy,Dawn/Dusk,Car/Taxi,3,Over Speeding,1,0,0,0,3,1,Medium
2021,7,Sunday,7,Punjab,Gujranwala,National Highway,Poor,Clear,Daylight,Bus/Coach,1,Over Speeding,1,1,0,0,1,1,Medium
2021,3,Friday,11,Islamabad,Islamabad,Motorway,Good,Dusty/Smoggy,Daylight,Truck/Lorry,1,Road Condition,0,0,0,0,2,0,Low
2019,4,Friday,0,Punjab,Lahore,Urban Road,Average,Clear,Street Light,Truck/Lorry,2,Signal Violation,0,0,1,0,2,0,Low
2018,10,Saturday,17,Punjab,Faisalabad,Urban Road,Good,Clear,Daylight,Car/Taxi,3,Over Speeding,1,1,0,0,1,0,Low
2023,2,Friday,9,Sindh,Sukkur,Rural Road,Average,Rainy,Daylight,Motorcycle,2,Drunk Driving,1,0,0,1,5,1,Medium
2023,11,Thursday,12,Islamabad,Islamabad,Provincial Highway,Poor,Clear,Daylight,Car/Taxi,3,Signal Violation,1,0,0,1,1,0,Medium
2021,1,Friday,20,Punjab,Bahawalpur,Provincial Highway,Poor,Clear,Street Light,Car/Taxi,3,Pedestrian Error,1,0,0,1,1,0,Low
2018,11,Tuesday,18,Punjab,Gujranwala,National Highway,Under Repair,Rainy,Street Light,Motorcycle,1,Over Speeding,1,0,0,1,7,2,High
2022,6,Sunday,18,Punjab,Gujranwala,Urban Road,Average,Clear,Daylight,Car/Taxi,2,Road Condition,1,1,0,0,0,0,Low
2020,1,Saturday,8,Sindh,Sukkur,Rural Road,Good,Foggy,Dawn/Dusk,Car/Taxi,1,Over Speeding,1,1,0,1,5,0,Medium
2023,7,Monday,15,Punjab,Sheikhupura,Urban Road,Poor,Extreme Heat,Daylight,Motorcycle,2,Over Speeding,0,0,0,0,4,2,High
2018,5,Friday,9,Sindh,Dadu,Urban Road,Poor,Foggy,Daylight,Car/Taxi,1,Mechanical Failure,1,0,0,0,1,0,Low
2021,8,Saturday,18,Gilgit-Baltistan,Skardu,Provincial Highway,Good,Clear,Daylight,Motorcycle,3,Over Speeding,1,1,0,0,7,0,High
2021,2,Thursday,19,Sindh,Hyderabad,Urban Road,Good,Foggy,Dawn/Dusk,Motorcycle,2,Road Condition,1,0,0,1,3,0,Medium
2021,6,Saturday,7,Punjab,Bahawalpur,Urban Road,Poor,Clear,Daylight,Car/Taxi,3,Over Speeding,1,1,0,0,1,0,Low
2018,6,Monday,20,Punjab,Lahore,Urban Road,Good,Rainy,No Light,Rickshaw,4,Signal Violation,1,0,0,0,0,0,Low
2022,5,Friday,12,Punjab,Gujranwala,Provincial Highway,Good,Clear,Daylight,Motorcycle,2,Over Speeding,1,0,0,0,11,2,High
2018,3,Monday,23,Balochistan,Loralai,Urban Road,Average,Foggy,No Light,Van/Pickup,2,Road Condition,0,0,1,0,2,0,Low
2020,2,Friday,14,Punjab,Bahawalpur,Provincial Highway,Under Repair,Clear,Street Light,Motorcycle,2,Over Speeding,0,0,0,1,11,1,High
2019,6,Tuesday,5,Punjab,Bahawalpur,Provincial Highway,Under Repair,Clear,Street Light,Motorcycle,2,Signal Violation,0,0,1,0,4,1,High
2019,3,Thursday,9,Sindh,Nawabshah,Provincial Highway,Good,Dusty/Smoggy,Daylight,Motorcycle,4,Driver Fatigue,1,0,0,0,7,0,High
2019,1,Friday,17,Sindh,Jacobabad,Rural Road,Average,Clear,Daylight,Motorcycle,2,Wrong Overtaking,1,0,0,1,5,0,Medium
2022,12,Sunday,14,Sindh,Larkana,Rural Road,Good,Dusty/Smoggy,Daylight,Car/Taxi,4,Signal Violation,0,1,0,1,2,0,Low
2018,2,Wednesday,22,Punjab,Rahim Yar Khan,Urban Road,Average,Foggy,No Light,Bus/Coach,1,Pedestrian Error,0,0,1,1,4,1,Medium
2021,9,Thursday,8,KPK,Nowshera,Rural Road,Good,Foggy,Daylight,Rickshaw,2,Road Condition,1,0,0,0,2,0,Low
2022,11,Thursday,19,Islamabad,Islamabad,National Highway,Average,Clear,Dawn/Dusk,Motorcycle,1,Wrong Overtaking,1,0,0,1,3,1,High
2018,4,Saturday,18,Sindh,Jacobabad,Rural Road,Poor,Dusty/Smoggy,Daylight,Truck/Lorry,1,Over Speeding,1,1,0,0,1,0,Medium
2021,4,Thursday,14,Islamabad,Islamabad,National Highway,Average,Clear,Dawn/Dusk,Motorcycle,2,Over Speeding,0,0,0,0,2,0,High
2019,7,Tuesday,8,Punjab,Sheikhupura,Rural Road,Good,Clear,Daylight,Car/Taxi,1,Mechanical Failure,1,0,0,0,1,0,Low
2019,7,Tuesday,8,Sindh,Hyderabad,National Highway,Average,Foggy,Daylight,Car/Taxi,2,Over Speeding,1,0,0,0,8,1,High
2020,11,Friday,14,Sindh,Thatta,National Highway,Average,Clear,Daylight,Car/Taxi,2,Over Speeding,0,0,0,1,1,0,Medium
2020,4,Wednesday,21,Sindh,Dadu,Rural Road,Average,Foggy,Street Light,Motorcycle,1,Over Speeding,0,0,0,0,5,2,Medium
2021,8,Thursday,11,Punjab,Rawalpindi,National Highway,Good,Extreme Heat,Daylight,Car/Taxi,2,Over Speeding,0,0,0,0,4,0,Medium
2023,12,Friday,13,Punjab,Bahawalpur,Rural Road,Average,Extreme Heat,Daylight,Motorcycle,2,Road Condition,1,0,0,1,1,1,Medium
2021,7,Monday,20,Punjab,Lahore,National Highway,Under Repair,Extreme Heat,No Light,Rickshaw,2,Over Speeding,1,0,0,0,8,3,High
2022,5,Tuesday,19,Punjab,Rahim Yar Khan,Provincial Highway,Good,Clear,Dawn/Dusk,Car/Taxi,1,Over Speeding,1,0,0,0,3,0,Medium
2021,11,Saturday,12,Punjab,Gujranwala,National Highway,Good,Dusty/Smoggy,Daylight,Motorcycle,1,Weather Condition,1,1,0,1,2,0,Medium
2019,8,Tuesday,1,KPK,Peshawar,Motorway,Good,Foggy,Street Light,Motorcycle,1,Over Speeding,0,0,1,0,8,1,High
2023,10,Sunday,19,Punjab,Lahore,Provincial Highway,Average,Foggy,No Light,Motorcycle,1,Over Speeding,1,1,0,0,3,1,High
2022,9,Wednesday,16,Punjab,Sialkot,Provincial Highway,Under Repair,Foggy,Daylight,Rickshaw,3,Pedestrian Error,0,0,0,0,3,0,Medium
2021,7,Thursday,8,Sindh,Mirpur Khas,National Highway,Good,Foggy,Street Light,Motorcycle,2,Signal Violation,1,0,0,0,9,1,High
2022,11,Tuesday,20,Sindh,Mirpur Khas,National Highway,Average,Foggy,No Light,Motorcycle,2,Mobile Phone Use,1,0,0,1,3,0,Medium
2023,4,Friday,3,Balochistan,Turbat,National Highway,Average,Clear,No Light,Bus/Coach,1,Over Speeding,0,0,1,0,6,2,High
2021,1,Tuesday,20,Sindh,Kashmore,National Highway,Poor,Clear,No Light,Car/Taxi,2,Over Speeding,1,0,0,1,5,0,Medium
2018,11,Friday,20,Punjab,Sheikhupura,National Highway,Poor,Clear,No Light,Truck/Lorry,1,Drunk Driving,1,0,0,1,10,2,High
2022,12,Sunday,5,KPK,Kohat,Rural Road,Poor,Dusty/Smoggy,Dawn/Dusk,Motorcycle,1,Over Speeding,0,1,1,1,7,0,High
2022,4,Tuesday,10,Sindh,Sukkur,Urban Road,Good,Clear,Daylight,Motorcycle,2,Road Condition,0,0,0,0,2,0,Low
2018,8,Monday,20,Punjab,Sargodha,National Highway,Good,Extreme Heat,No Light,Motorcycle,2,Driver Fatigue,1,0,0,0,3,1,High
2019,3,Friday,20,Sindh,Nawabshah,National Highway,Average,Clear,No Light,Other,2,Over Speeding,1,0,0,0,5,0,Medium
2018,5,Sunday,13,Balochistan,Zhob,Provincial Highway,Good,Clear,Daylight,Bus/Coach,1,Over Speeding,1,1,0,0,3,1,Medium
2018,3,Sunday,19,Punjab,Gujranwala,National Highway,Average,Clear,Dawn/Dusk,Rickshaw,2,Road Condition,1,1,0,0,2,0,Low
2018,12,Thursday,17,Punjab,Multan,National Highway,Average,Dusty/Smoggy,Daylight,Motorcycle,3,Pedestrian Error,1,0,0,1,5,0,Medium
2019,4,Tuesday,12,Punjab,Sialkot,Motorway,Good,Foggy,Daylight,Motorcycle,2,Drunk Driving,1,0,0,0,4,2,High
2022,5,Wednesday,10,Punjab,Sargodha,Motorway,Average,Clear,Daylight,Motorcycle,2,Pedestrian Error,0,0,0,0,4,1,Medium
2022,11,Thursday,20,Sindh,Thatta,Urban Road,Good,Clear,Street Light,Van/Pickup,2,Wrong Overtaking,1,0,0,1,1,0,Low
2023,10,Tuesday,12,Sindh,Hyderabad,Rural Road,Poor,Clear,Daylight,Motorcycle,2,Wrong Overtaking,1,0,0,0,1,0,Low
2019,5,Wednesday,12,Punjab,Multan,Provincial Highway,Good,Clear,Daylight,Rickshaw,2,Over Speeding,1,0,0,0,4,1,Medium
2022,11,Thursday,19,Islamabad,Islamabad,National Highway,Average,Rainy,Dawn/Dusk,Car/Taxi,1,Road Condition,1,0,0,1,2,0,Low
2020,12,Friday,12,KPK,Nowshera,Urban Road,Poor,Clear,Street Light,Motorcycle,2,Driver Fatigue,1,0,0,1,2,0,Medium
2023,11,Sunday,10,Sindh,Sukkur,National Highway,Under Repair,Foggy,No Light,Motorcycle,2,Mechanical Failure,0,1,0,1,4,1,High
2022,4,Saturday,10,KPK,Kohat,Urban Road,Poor,Extreme Heat,Daylight,Truck/Lorry,3,Signal Violation,0,1,0,0,2,0,Low
2022,6,Tuesday,15,Punjab,Rahim Yar Khan,Rural Road,Average,Clear,Daylight,Bicycle,1,Signal Violation,0,0,0,0,3,0,Medium
2019,6,Friday,6,Sindh,Jacobabad,Urban Road,Poor,Clear,Daylight,Motorcycle,1,Over Speeding,0,0,0,0,10,0,High
2022,5,Monday,8,Sindh,Dadu,National Highway,Good,Rainy,Daylight,Car/Taxi,2,Road Condition,1,0,0,0,0,0,Low
2022,12,Tuesday,14,KPK,Mansehra,Rural Road,Good,Clear,Daylight,Motorcycle,2,Wrong Overtaking,0,0,0,1,3,1,Medium
2019,6,Wednesday,22,KPK,Mardan,Urban Road,Good,Clear,Street Light,Motorcycle,4,Pedestrian Error,0,0,1,0,1,0,Low
2023,10,Saturday,18,Punjab,Sheikhupura,Rural Road,Poor,Clear,Street Light,Motorcycle,1,Road Condition,1,1,0,0,1,1,Medium
2023,10,Sunday,20,Islamabad,Islamabad,Urban Road,Poor,Clear,Street Light,Bus/Coach,1,Road Condition,1,1,0,0,1,0,Low
2023,4,Tuesday,17,Punjab,Sialkot,Motorway,Poor,Foggy,Daylight,Bicycle,2,Mechanical Failure,1,0,0,0,11,1,High
2020,2,Monday,1,Balochistan,Dera Bugti,Provincial Highway,Average,Rainy,No Light,Car/Taxi,3,Drunk Driving,0,0,1,1,7,2,High
2022,4,Friday,21,AJK,Mirpur,Provincial Highway,Good,Rainy,No Light,Motorcycle,2,Over Speeding,0,0,0,0,9,2,High
2019,2,Wednesday,18,Punjab,Lahore,National Highway,Good,Clear,Daylight,Rickshaw,1,Over Speeding,1,0,0,1,10,2,High
2023,5,Monday,14,KPK,Swat,Rural Road,Good,Clear,Daylight,Car/Taxi,2,Wrong Overtaking,0,0,0,0,0,0,Low
2022,10,Tuesday,17,Punjab,Faisalabad,Provincial Highway,Under Repair,Clear,Daylight,Car/Taxi,2,Over Speeding,1,0,0,0,3,0,Medium
2023,11,Friday,21,Punjab,Sargodha,Rural Road,Good,Rainy,Street Light,Bus/Coach,3,Over Speeding,0,0,0,1,1,1,Medium
2023,11,Sunday,9,Sindh,Jacobabad,Provincial Highway,Poor,Clear,Daylight,Motorcycle,3,Over Speeding,1,1,0,1,3,1,Medium
2020,11,Tuesday,7,Sindh,Sukkur,Rural Road,Average,Clear,Street Light,Motorcycle,3,Over Speeding,1,0,0,1,1,0,Medium
2018,11,Friday,18,Islamabad,Islamabad,Rural Road,Good,Clear,Daylight,Car/Taxi,1,Over Speeding,1,0,0,1,1,0,Low
2018,1,Saturday,9,KPK,Dera Ismail Khan,National Highway,Good,Clear,Daylight,Bus/Coach,2,Mobile Phone Use,1,1,0,1,2,0,Low
2021,11,Wednesday,7,Sindh,Karachi,Urban Road,Average,Extreme Heat,Daylight,Car/Taxi,3,Wrong Overtaking,1,0,0,1,2,0,Low
2022,10,Tuesday,22,KPK,Mardan,National Highway,Poor,Foggy,No Light,Car/Taxi,2,Pedestrian Error,0,0,1,0,2,1,Medium
2023,8,Friday,17,Islamabad,Islamabad,National Highway,Poor,Clear,Street Light,Van/Pickup,4,Over Speeding,1,0,0,0,7,3,High
2020,12,Friday,14,Punjab,Bahawalpur,National Highway,Poor,Rainy,Daylight,Van/Pickup,2,Mechanical Failure,0,0,0,1,0,0,Low
2019,3,Saturday,12,AJK,Rawalakot,National Highway,Under Repair,Extreme Heat,Daylight,Rickshaw,1,Road Condition,1,1,0,0,1,0,Low
2022,12,Monday,15,Punjab,Rahim Yar Khan,Provincial Highway,Good,Dusty/Smoggy,Daylight,Car/Taxi,2,Drunk Driving,0,0,0,1,4,1,Medium
2023,2,Tuesday,9,KPK,Nowshera,Provincial Highway,Poor,Clear,Daylight,Motorcycle,3,Signal Violation,1,0,0,1,9,2,High
2020,12,Wednesday,20,Punjab,Rahim Yar Khan,Provincial Highway,Poor,Clear,No Light,Motorcycle,2,Driver Fatigue,1,0,0,1,9,3,High
2022,9,Friday,16,Punjab,Multan,National Highway,Good,Extreme Heat,Daylight,Van/Pickup,2,Over Speeding,0,0,0,0,4,2,High
2021,11,Wednesday,3,Sindh,Hyderabad,National Highway,Good,Rainy,Street Light,Bus/Coach,4,Pedestrian Error,0,0,1,1,7,1,High
2020,1,Sunday,12,Sindh,Sukkur,Urban Road,Poor,Clear,Daylight,Van/Pickup,2,Pedestrian Error,1,1,0,1,0,0,Low
2023,4,Wednesday,21,Punjab,Multan,Provincial Highway,Average,Dusty/Smoggy,Street Light,Rickshaw,2,Driver Fatigue,0,0,0,0,3,0,Medium
2023,8,Sunday,15,Punjab,Lahore,National Highway,Average,Foggy,Daylight,Bus/Coach,2,Road Condition,0,1,0,0,5,3,High
2020,1,Saturday,8,Sindh,Thatta,Provincial Highway,Poor,Clear,Daylight,Bus/Coach,2,Over Speeding,1,1,0,1,3,0,High
2020,2,Tuesday,19,Balochistan,Chaman,Rural Road,Good,Clear,Dawn/Dusk,Van/Pickup,2,Over Speeding,1,0,0,1,5,0,Medium
2023,5,Tuesday,8,Punjab,Gujranwala,Rural Road,Good,Clear,Daylight,Rickshaw,1,Drunk Driving,1,0,0,0,1,0,Low
2020,8,Sunday,14,Punjab,Sialkot,Provincial Highway,Good,Clear,Street Light,Motorcycle,1,Road Condition,0,1,0,0,0,0,Low
2020,7,Thursday,14,Sindh,Larkana,Rural Road,Good,Dusty/Smoggy,Daylight,Motorcycle,1,Pedestrian Error,0,0,0,0,4,0,Medium
2019,6,Friday,7,Punjab,Rawalpindi,Provincial Highway,Poor,Dusty/Smoggy,Daylight,Car/Taxi,1,Over Speeding,1,0,0,0,2,0,Medium
2019,7,Friday,11,KPK,Abbottabad,National Highway,Good,Dusty/Smoggy,No Light,Truck/Lorry,1,Pedestrian Error,0,0,0,0,5,1,Medium
2021,3,Sunday,13,KPK,Swat,Provincial Highway,Average,Clear,Daylight,Motorcycle,2,Over Speeding,1,1,0,0,9,1,High
2023,8,Friday,7,Sindh,Nawabshah,Rural Road,Good,Clear,Daylight,Car/Taxi,2,Pedestrian Error,1,0,0,0,1,0,Low
2023,2,Tuesday,18,Punjab,Faisalabad,National Highway,Good,Clear,Daylight,Motorcycle,2,Signal Violation,1,0,0,1,4,1,Medium
2023,7,Monday,17,KPK,Mansehra,National Highway,Average,Clear,Daylight,Car/Taxi,3,Wrong Overtaking,1,0,0,0,1,1,Medium
2023,12,Thursday,16,Sindh,Thatta,National Highway,Good,Foggy,Daylight,Other,1,Pedestrian Error,0,0,0,1,1,0,Medium
2023,2,Wednesday,13,KPK,Bannu,Urban Road,Good,Foggy,No Light,Motorcycle,3,Over Speeding,1,0,0,1,1,0,Medium
2021,9,Saturday,10,Sindh,Larkana,Rural Road,Good,Clear,Daylight,Motorcycle,1,Over Speeding,0,1,0,0,1,0,Medium
2019,1,Thursday,19,KPK,Kohat,Rural Road,Good,Clear,Street Light,Rickshaw,2,Wrong Overtaking,1,0,0,1,1,0,Low
2021,6,Thursday,16,Sindh,Thatta,National Highway,Under Repair,Clear,Daylight,Car/Taxi,1,Mobile Phone Use,0,0,0,0,1,0,Low
2022,3,Saturday,12,Punjab,Rahim Yar Khan,Urban Road,Good,Dusty/Smoggy,Daylight,Car/Taxi,1,Over Speeding,1,1,0,0,0,0,Low
2018,2,Thursday,4,Islamabad,Islamabad,Provincial Highway,Poor,Dusty/Smoggy,No Light,Rickshaw,2,Over Speeding,0,0,1,1,9,2,High
2023,6,Wednesday,6,Sindh,Hyderabad,National Highway,Good,Foggy,Street Light,Car/Taxi,3,Wrong Overtaking,0,0,0,0,2,0,Medium
2022,10,Saturday,18,Sindh,Kashmore,Urban Road,Good,Clear,Daylight,Van/Pickup,1,Wrong Overtaking,1,1,0,0,2,0,Low
2022,12,Friday,9,Punjab,Faisalabad,National Highway,Under Repair,Clear,Daylight,Motorcycle,1,Over Speeding,1,0,0,1,8,2,High
2023,4,Tuesday,13,Sindh,Dadu,National Highway,Good,Clear,Daylight,Motorcycle,1,Over Speeding,1,0,0,0,10,1,High
2018,5,Tuesday,12,Sindh,Nawabshah,Rural Road,Average,Clear,Daylight,Rickshaw,4,Over Speeding,1,0,0,0,2,0,Low
2021,12,Thursday,15,Punjab,Rahim Yar Khan,Urban Road,Poor,Clear,Daylight,Bus/Coach,2,Road Condition,0,0,0,1,0,0,Low
2019,6,Tuesday,5,Punjab,Sheikhupura,National Highway,Good,Clear,Street Light,Motorcycle,1,Mechanical Failure,0,0,1,0,2,0,High
2021,6,Saturday,19,Sindh,Kashmore,Urban Road,Good,Rainy,Dawn/Dusk,Truck/Lorry,2,Mechanical Failure,1,1,0,0,0,0,Low
2022,6,Tuesday,17,KPK,Nowshera,National Highway,Under Repair,Clear,Daylight,Car/Taxi,1,Wrong Overtaking,1,0,0,0,5,0,Medium
2022,2,Thursday,19,Sindh,Mirpur Khas,Provincial Highway,Good,Clear,No Light,Car/Taxi,4,Drunk Driving,1,0,0,1,3,0,Medium
2021,2,Monday,7,Punjab,Sheikhupura,National Highway,Good,Clear,Daylight,Car/Taxi,2,Over Speeding,1,0,0,1,2,1,Medium
2021,12,Wednesday,14,KPK,Bannu,Urban Road,Average,Clear,Daylight,Motorcycle,3,Signal Violation,0,0,0,1,3,0,Medium
2023,1,Monday,8,Punjab,Faisalabad,National Highway,Average,Extreme Heat,Daylight,Truck/Lorry,2,Over Speeding,1,0,0,1,9,1,High
2018,3,Friday,21,Sindh,Thatta,National Highway,Good,Rainy,Street Light,Van/Pickup,4,Mechanical Failure,0,0,0,0,1,0,Medium
2019,7,Wednesday,13,Punjab,Bahawalpur,Motorway,Good,Dusty/Smoggy,Daylight,Car/Taxi,2,Wrong Overtaking,1,0,0,0,3,2,Medium
2021,11,Sunday,14,Punjab,Faisalabad,National Highway,Poor,Clear,Daylight,Motorcycle,1,Signal Violation,0,1,0,1,10,0,High
2020,4,Sunday,9,Punjab,Rahim Yar Khan,Urban Road,Poor,Clear,Daylight,Truck/Lorry,1,Wrong Overtaking,1,1,0,0,2,0,Medium
2023,12,Tuesday,21,Punjab,Sargodha,National Highway,Good,Clear,No Light,Motorcycle,3,Mechanical Failure,0,0,0,1,1,2,Medium
2021,7,Friday,18,Punjab,Lahore,Motorway,Good,Foggy,Daylight,Motorcycle,3,Over Speeding,1,0,0,0,2,2,High
2020,11,Friday,12,Punjab,Gujranwala,Provincial Highway,Average,Rainy,Daylight,Car/Taxi,2,Over Speeding,1,0,0,1,5,0,Medium
2018,12,Tuesday,10,Sindh,Mirpur Khas,Urban Road,Average,Foggy,Daylight,Rickshaw,2,Road Condition,0,0,0,1,0,0,Low
2019,5,Monday,20,Sindh,Kashmore,National Highway,Good,Foggy,Street Light,Motorcycle,2,Mechanical Failure,1,0,0,0,3,0,Medium
2023,12,Wednesday,11,Punjab,Gujranwala,Rural Road,Average,Clear,Dawn/Dusk,Motorcycle,2,Drunk Driving,0,0,0,1,5,1,Medium
2022,4,Saturday,10,KPK,Mardan,Urban Road,Good,Rainy,Dawn/Dusk,Van/Pickup,2,Wrong Overtaking,0,1,0,0,0,0,Low
2021,11,Friday,22,Punjab,Rawalpindi,National Highway,Average,Clear,Street Light,Motorcycle,2,Mechanical Failure,0,0,1,1,4,1,Medium
2022,7,Sunday,21,Sindh,Nawabshah,Provincial Highway,Good,Clear,No Light,Motorcycle,1,Over Speeding,0,1,0,0,11,0,High
2022,5,Tuesday,18,Punjab,Lahore,Rural Road,Good,Clear,Daylight,Bus/Coach,2,Over Speeding,1,0,0,0,3,0,Medium
2023,5,Thursday,14,Punjab,Sialkot,Urban Road,Average,Clear,Daylight,Car/Taxi,3,Pedestrian Error,0,0,0,0,0,1,Low
2020,1,Saturday,7,Sindh,Nawabshah,Rural Road,Good,Clear,Daylight,Motorcycle,3,Driver Fatigue,1,1,0,1,5,0,Medium
2020,2,Thursday,12,Sindh,Jacobabad,Rural Road,Poor,Dusty/Smoggy,Daylight,Bus/Coach,2,Wrong Overtaking,1,0,0,1,1,0,Low
2022,10,Thursday,18,Balochistan,Sibi,National Highway,Good,Foggy,Street Light,Car/Taxi,1,Mechanical Failure,1,0,0,0,3,0,Medium
2020,1,Friday,9,Sindh,Dadu,Urban Road,Under Repair,Rainy,Daylight,Motorcycle,4,Over Speeding,1,0,0,1,11,2,High
2018,3,Friday,15,Islamabad,Islamabad,National Highway,Average,Rainy,Daylight,Motorcycle,1,Pedestrian Error,0,0,0,0,5,0,Medium
2020,5,Friday,10,Punjab,Multan,National Highway,Poor,Rainy,Daylight,Car/Taxi,2,Road Condition,0,0,0,0,1,2,Medium
2022,12,Monday,10,Punjab,Faisalabad,National Highway,Good,Rainy,Daylight,Car/Taxi,2,Pedestrian Error,0,0,0,1,0,1,Low
2021,8,Saturday,13,Punjab,Gujranwala,Motorway,Poor,Clear,Daylight,Bus/Coach,2,Road Condition,1,1,0,0,2,0,Medium