year,month,day_of_week,hour_of_day,province,district,road_type,road_condition,weather_condition,lighting_condition,vehicle_type,vehicles_involved,accident_cause,is_rush_hour,is_weekend,is_night,is_foggy_month,num_injured,num_killed,severity
2020,7,Friday,19,Punjab,Lahore,National Highway,Good,Extreme Heat,Dawn/Dusk,Motorcycle,2,Over Speeding,1,0,0,0,5,3,High
2020,9,Monday,1,Sindh,Mirpur Khas,Urban Road,Good,Clear,No Light,Bus/Coach,2,Signal Violation,0,0,1,0,2,0,Low
2019,10,Thursday,19,Sindh,Kashmore,Urban Road,Poor,Clear,No Light,Car/Taxi,2,Over Speeding,1,0,0,0,2,0,Low
2018,5,Sunday,22,Punjab,Rawalpindi,Rural Road,Average,Clear,Street Light,Motorcycle,2,Over Speeding,0,1,1,0,2,2,Medium
2020,8,Friday,3,Islamabad,Islamabad,Urban Road,Average,Clear,No Light,Car/Taxi,2,Mechanical Failure,0,0,1,0,1,1,Low
2022,3,Saturday,10,Balochistan,Loralai,Rural Road,Good,Foggy,Daylight,Motorcycle,1,Mechanical Failure,0,1,0,0,1,0,Medium
2021,8,Saturday,8,Punjab,Sargodha,Rural Road,Average,Clear,Daylight,Motorcycle,1,Over Speeding,1,1,0,0,6,2,High
2019,7,Sunday,19,Punjab,Rawalpindi,National Highway,Under Repair,Clear,Dawn/Dusk,Motorcycle,3,Signal Violation,1,1,0,0,11,0,High
2019,12,Wednesday,13,Punjab,Gujranwala,Rural Road,Under Repair,Clear,Daylight,Car/Taxi,3,Over Speeding,1,0,0,1,2,0,Low
2023,8,Thursday,9,Punjab,Sheikhupura,National Highway,Average,Rainy,Daylight,Car/Taxi,3,Signal Violation,1,0,0,0,4,1,Medium
2022,12,Sunday,19,Punjab,Multan,Urban Road,Good,Foggy,Daylight,Van/Pickup,2,Pedestrian Error,1,1,0,1,1,0,Low
2022,12,Thursday,7,Sindh,Hyderabad,National Highway,Average,Clear,Daylight,Van/Pickup,3,Road Condition,1,0,0,1,2,0,Low
2022,1,Thursday,22,Punjab,Rawalpindi,Rural Road,Average,Foggy,Street Light,Car/Taxi,2,Over Speeding,0,0,1,1,4,0,Medium
2020,5,Monday,21,Punjab,Lahore,Urban Road,Good,Foggy,Street Light,Motorcycle,2,Driver Fatigue,0,0,0,0,9,1,High
2022,6,Tuesday,18,AJK,Muzaffarabad,Provincial Highway,Good,Clear,Dawn/Dusk,Motorcycle,2,Drunk Driving,1,0,0,0,9,3,High
2020,12,Wednesday,15,KPK,Bannu,Rural Road,Poor,Foggy,Daylight,Motorcycle,2,Mechanical Failure,0,0,0,1,2,0,Low
2020,3,Tuesday,17,Islamabad,Islamabad,National Highway,Poor,Clear,Dawn/Dusk,Car/Taxi,2,Road Condition,1,0,0,0,2,0,Low
2018,7,Thursday,9,Punjab,Faisalabad,Urban Road,Good,Clear,Dawn/Dusk,Car/Taxi,4,Over Speeding,1,0,0,0,1,0,Low
2023,3,Monday,14,Punjab,Rawalpindi,National Highway,Poor,Clear,Daylight,Motorcycle,2,Over Speeding,0,0,0,0,8,1,High
2021,7,Monday,14,Sindh,Sukkur,National Highway,Average,Rainy,Daylight,Bus/Coach,1,Over Speeding,0,0,0,0,6,1,High
2022,8,Monday,16,Punjab,Sargodha,Provincial Highway,Poor,Extreme Heat,Daylight,Motorcycle,1,Wrong Overtaking,0,0,0,0,4,0,Medium
2022,12,Wednesday,5,Punjab,Rahim Yar Khan,Urban Road,Average,Foggy,Dawn/Dusk,Truck/Lorry,3,Road Condition,0,0,1,1,1,0,Medium
2023,7,Monday,5,KPK,Nowshera,Rural Road,Good,Clear,Dawn/Dusk,Motorcycle,2,Mechanical Failure,0,0,1,0,1,0,Medium
2023,1,Saturday,22,Sindh,Karachi,Provincial Highway,Average,Foggy,No Light,Car/Taxi,1,Wrong Overtaking,0,1,1,1,5,0,Medium
2022,7,Thursday,22,Punjab,Rawalpindi,Urban Road,Good,Dusty/Smoggy,No Light,Truck/Lorry,4,Road Condition,0,0,1,0,0,0,Low
2023,8,Saturday,8,Sindh,Karachi,Rural Road,Average,Foggy,Dawn/Dusk,Truck/Lorry,2,Pedestrian Error,1,1,0,0,2,0,Low
2021,1,Tuesday,21,Punjab,Sheikhupura,Rural Road,Good,Clear,No Light,Car/Taxi,2,Pedestrian Error,0,0,0,1,1,0,Low
2023,5,Friday,7,Punjab,Sargodha,Motorway,Average,Rainy,Daylight,Motorcycle,1,Over Speeding,1,0,0,0,11,3,High
2019,5,Thursday,17,Punjab,Gujranwala,Rural Road,Average,Clear,Dawn/Dusk,Car/Taxi,3,Signal Violation,1,0,0,0,1,0,Low
2019,8,Tuesday,17,Punjab,Sargodha,National Highway,Average,Foggy,Daylight,Car/Taxi,2,Road Condition,1,0,0,0,5,0,Medium
2019,4,Saturday,20,Punjab,Rawalpindi,National Highway,Average,Dusty/Smoggy,Street Light,Other,2,Mobile Phone Use,1,1,0,0,1,0,Medium
2022,11,Thursday,17,Islamabad,Islamabad,Rural Road,Poor,Clear,Daylight,Bicycle,1,Driver Fatigue,1,0,0,1,5,0,Medium
2022,9,Thursday,9,Sindh,Sukkur,National Highway,Average,Foggy,Daylight,Truck/Lorry,1,Over Speeding,1,0,0,0,5,1,High
2021,10,Wednesday,15,KPK,Peshawar,National Highway,Poor,Clear,Daylight,Rickshaw,2,Road Condition,0,0,0,0,3,0,Medium
2018,2,Sunday,20,Punjab,Gujranwala,Motorway,Average,Rainy,No Light,Motorcycle,1,Mechanical Failure,1,1,0,1,4,0,Medium
2023,1,Saturday,18,Punjab,Sargodha,Provincial Highway,Poor,Clear,Daylight,Motorcycle,1,Driver Fatigue,1,1,0,1,3,1,High
2020,1,Wednesday,2,Punjab,Rawalpindi,Provincial Highway,Average,Foggy,No Light,Motorcycle,2,Over Speeding,0,0,1,1,10,3,High
2018,8,Saturday,13,Punjab,Gujranwala,National Highway,Average,Clear,Daylight,Bicycle,2,Road Condition,1,1,0,0,2,0,Medium
2021,10,Wednesday,11,Punjab,Rahim Yar Khan,Rural Road,Average,Dusty/Smoggy,Daylight,Car/Taxi,1,Over Speeding,0,0,0,0,5,0,Medium
2022,7,Wednesday,0,KPK,Peshawar,Provincial Highway,Good,Rainy,No Light,Motorcycle,3,Driver Fatigue,0,0,1,0,3,3,High
2022,3,Wednesday,9,KPK,Nowshera,Provincial Highway,Poor,Extreme Heat,Daylight,Motorcycle,1,Pedestrian Error,1,0,0,0,0,0,Low
2021,9,Saturday,23,Sindh,Thatta,Rural Road,Poor,Dusty/Smoggy,No Light,Bus/Coach,1,Over Speeding,0,1,1,0,3,2,Medium
2020,1,Friday,9,Sindh,Thatta,Rural Road,Average,Foggy,Daylight,Bicycle,2,Road Condition,1,0,0,1,4,0,Medium
2018,6,Monday,19,Islamabad,Islamabad,Urban Road,Average,Rainy,No Light,Car/Taxi,2,Signal Violation,1,0,0,0,2,0,Low
2019,12,Saturday,11,Punjab,Lahore,Provincial Highway,Good,Rainy,Daylight,Motorcycle,2,Over Speeding,0,1,0,1,8,1,High
2023,12,Wednesday,7,Punjab,Multan,National Highway,Average,Dusty/Smoggy,Daylight,Car/Taxi,1,Mechanical Failure,1,0,0,1,1,0,Low
2019,6,Tuesday,6,Punjab,Sheikhupura,Provincial Highway,Good,Foggy,No Light,Bicycle,1,Wrong Overtaking,0,0,0,0,8,2,High
2019,2,Thursday,17,KPK,Mardan,Urban Road,Average,Foggy,Daylight,Bus/Coach,2,Signal Violation,1,0,0,1,2,0,Low
2023,2,Wednesday,11,Gilgit-Baltistan,Gilgit,Urban Road,Good,Foggy,Daylight,Car/Taxi,2,Road Condition,0,0,0,1,1,0,Low
2023,4,Tuesday,3,Punjab,Sialkot,Urban Road,Good,Clear,No Light,Car/Taxi,1,Mechanical Failure,0,0,1,0,1,0,Low
2023,10,Sunday,21,Balochistan,Quetta,National Highway,Poor,Clear,No Light,Motorcycle,2,Over Speeding,0,1,0,0,10,1,High
2020,12,Wednesday,13,KPK,Mansehra,Urban Road,Poor,Clear,Daylight,Car/Taxi,2,Mechanical Failure,1,0,0,1,2,1,Low
2023,7,Sunday,10,Punjab,Lahore,Rural Road,Good,Foggy,Street Light,Car/Taxi,4,Mobile Phone Use,0,1,0,0,0,0,Low
2018,3,Tuesday,19,Punjab,Sialkot,National Highway,Average,Clear,No Light,Truck/Lorry,2,Mechanical Failure,1,0,0,0,5,1,Medium
2019,10,Saturday,17,Punjab,Sheikhupura,Urban Road,Under Repair,Clear,Daylight,Motorcycle,1,Drunk Driving,1,1,0,0,5,0,High
2018,3,Friday,16,AJK,Muzaffarabad,Urban Road,Poor,Foggy,Street Light,Bus/Coach,4,Mobile Phone Use,0,0,0,0,3,1,Medium
2020,8,Wednesday,7,Punjab,Gujranwala,Motorway,Good,Dusty/Smoggy,Daylight,Car/Taxi,2,Over Speeding,1,0,0,0,1,0,Medium
2018,2,Thursday,12,KPK,Swat,National Highway,Average,Clear,No Light,Motorcycle,3,Over Speeding,1,0,0,1,5,2,High
2023,9,Thursday,14,Punjab,Bahawalpur,Urban Road,Average,Rainy,Daylight,Motorcycle,3,Mechanical Failure,0,0,0,0,1,0,Medium
2019,12,Thursday,19,KPK,Swat,Urban Road,Good,Clear,Dawn/Dusk,Bus/Coach,2,Signal Violation,1,0,0,1,1,1,Low
2020,1,Sunday,22,Sindh,Larkana,Provincial Highway,Average,Extreme Heat,No Light,Motorcycle,2,Wrong Overtaking,0,1,1,1,3,1,Medium
2018,8,Saturday,11,Sindh,Dadu,National Highway,Average,Clear,Daylight,Rickshaw,1,Mobile Phone Use,0,1,0,0,0,1,Low
2018,11,Friday,11,KPK,Peshawar,Provincial Highway,Poor,Dusty/Smoggy,Daylight,Rickshaw,2,Mobile Phone Use,0,0,0,1,2,0,Low
2018,7,Saturday,20,KPK,Abbottabad,Rural Road,Good,Dusty/Smoggy,No Light,Motorcycle,2,Weather Condition,1,1,0,0,0,0,Low
2020,7,Thursday,9,Balochistan,Gwadar,Urban Road,Average,Clear,Daylight,Motorcycle,2,Weather Condition,1,0,0,0,1,0,Medium
2020,10,Sunday,9,Punjab,Bahawalpur,National Highway,Good,Rainy,Daylight,Motorcycle,2,Over Speeding,1,1,0,0,4,0,High
2023,12,Sunday,11,KPK,Peshawar,Motorway,Average,Clear,No Light,Motorcycle,1,Road Condition,0,1,0,1,3,0,Medium
2020,10,Sunday,19,Punjab,Rawalpindi,Urban Road,Average,Clear,No Light,Motorcycle,4,Over Speeding,1,1,0,0,11,4,High
2022,7,Sunday,11,Punjab,Faisalabad,National Highway,Good,Clear,Daylight,Bus/Coach,4,Driver Fatigue,0,1,0,0,3,1,Medium
2022,8,Wednesday,6,Sindh,Nawabshah,Rural Road,Good,Foggy,Daylight,Bus/Coach,3,Wrong Overtaking,0,0,0,0,4,1,Medium
2022,3,Saturday,18,Punjab,Sheikhupura,Rural Road,Average,Clear,Daylight,Motorcycle,2,Signal Violation,1,1,0,0,1,1,Medium
2022,6,Tuesday,6,Sindh,Kashmore,Rural Road,Average,Clear,Daylight,Car/Taxi,2,Over Speeding,0,0,0,0,2,0,Low
2023,11,Saturday,16,Gilgit-Baltistan,Gilgit,Urban Road,Good,Clear,Daylight,Truck/Lorry,2,Over Speeding,0,1,0,1,2,1,Medium
2021,9,Saturday,1,Punjab,Sheikhupura,National Highway,Under Repair,Clear,Street Light,Car/Taxi,2,Pedestrian Error,0,1,1,0,4,0,Medium
2022,1,Sunday,23,KPK,Dera Ismail Khan,Rural Road,Good,Foggy,No Light,Car/Taxi,2,Drunk Driving,0,1,1,1,8,1,High
2022,11,Saturday,13,Punjab,Gujranwala,Rural Road,Average,Clear,Daylight,Car/Taxi,4,Signal Violation,1,1,0,1,1,0,Low
2020,7,Tuesday,20,Punjab,Rawalpindi,Provincial Highway,Average,Rainy,Street Light,Motorcycle,2,Over Speeding,1,0,0,0,5,2,High
2023,2,Wednesday,13,Punjab,Bahawalpur,Urban Road,Good,Foggy,Daylight,Motorcycle,1,Road Condition,1,0,0,1,1,1,Medium
2020,7,Wednesday,13,Islamabad,Islamabad,Provincial Highway,Under Repair,Rainy,Street Light,Motorcycle,2,Wrong Overtaking,1,0,0,0,3,0,High
2021,5,Friday,7,Balochistan,Sibi,Urban Road,Average,Foggy,Daylight,Bicycle,2,Over Speeding,1,0,0,0,3,2,High
2022,1,Friday,13,Balochistan,Sibi,Urban Road,Good,Rainy,Daylight,Motorcycle,1,Road Condition,1,0,0,1,1,0,Medium
2022,1,Monday,7,Gilgit-Baltistan,Hunza,Provincial Highway,Average,Clear,Street Light,Bus/Coach,1,Drunk Driving,1,0,0,1,1,0,Medium
2022,12,Tuesday,14,Punjab,Lahore,Provincial Highway,Good,Clear,Daylight,Rickshaw,2,Over Speeding,0,0,0,1,3,0,Medium
2018,11,Sunday,11,Punjab,Rahim Yar Khan,Provincial Highway,Poor,Rainy,Daylight,Bus/Coach,1,Signal Violation,0,1,0,1,5,0,Medium
2022,2,Tuesday,7,KPK,Kohat,Urban Road,Good,Clear,Daylight,Motorcycle,2,Pedestrian Error,1,0,0,1,0,0,Low
2023,5,Saturday,19,Sindh,Kashmore,Provincial Highway,Poor,Foggy,No Light,Car/Taxi,2,Signal Violation,1,1,0,0,1,0,Medium
2023,8,Thursday,6,Punjab,Sheikhupura,Urban Road,Poor,Clear,Dawn/Dusk,Other,1,Over Speeding,0,0,0,0,3,0,Medium
2019,3,Friday,12,Punjab,Rawalpindi,National Highway,Poor,Clear,Daylight,Van/Pickup,1,Signal Violation,1,0,0,0,2,1,Medium
2022,8,Friday,8,Sindh,Jacobabad,Provincial Highway,Average,Clear,Daylight,Motorcycle,2,Wrong Overtaking,1,0,0,0,2,0,Medium
2020,1,Friday,14,Sindh,Dadu,National Highway,Poor,Rainy,Daylight,Bicycle,3,Over Speeding,0,0,0,1,4,1,High
2021,6,Saturday,8,Punjab,Faisalabad,Urban Road,Poor,Clear,Daylight,Van/Pickup,1,Over Speeding,1,1,0,0,1,0,Low
2021,1,Saturday,4,Sindh,Hyderabad,National Highway,Good,Clear,Street Light,Rickshaw,1,Driver Fatigue,0,1,1,1,1,1,Medium
2023,4,Tuesday,20,Sindh,Mirpur Khas,Provincial Highway,Good,Clear,No Light,Bus/Coach,2,Road Condition,1,0,0,0,1,1,Low
2023,11,Sunday,8,Sindh,Thatta,Urban Road,Good,Clear,Daylight,Bus/Coach,3,Pedestrian Error,1,1,0,1,2,0,Low
2018,4,Saturday,12,Punjab,Rahim Yar Khan,Provincial Highway,Good,Clear,Daylight,Car/Taxi,3,Drunk Driving,1,1,0,0,1,0,Medium
2021,11,Friday,18,KPK,Kohat,Urban Road,Average,Clear,Daylight,Rickshaw,3,Road Condition,1,0,0,1,2,0,Low
2021,2,Friday,16,Punjab,Bahawalpur,Rural Road,Average,Foggy,Daylight,Motorcycle,1,Mechanical Failure,0,0,0,1,4,0,Medium
2018,8,Sunday,5,Punjab,Multan,Urban Road,Average,Foggy,Daylight,Bicycle,1,Wrong Overtaking,0,1,1,0,2,2,High
2022,9,Saturday,17,KPK,Bannu,National Highway,Average,Clear,Daylight,Motorcycle,2,Pedestrian Error,1,1,0,0,2,1,High
2019,12,Tuesday,10,Sindh,Larkana,Provincial Highway,Good,Clear,Street Light,Truck/Lorry,2,Wrong Overtaking,0,0,0,1,3,1,Medium
2018,3,Friday,7,Punjab,Gujranwala,Urban Road,Average,Clear,Daylight,Motorcycle,2,Weather Condition,1,0,0,0,1,0,Low
2022,10,Friday,16,KPK,Nowshera,National Highway,Good,Clear,Daylight,Motorcycle,1,Driver Fatigue,0,0,0,0,2,0,High
2023,11,Monday,19,Sindh,Dadu,Rural Road,Average,Clear,No Light,Car/Taxi,1,Over Speeding,1,0,0,1,2,0,Low
2019,5,Monday,13,KPK,Kohat,Rural Road,Good,Extreme Heat,Daylight,Motorcycle,2,Signal Violation,1,0,0,0,2,0,Low
2023,7,Monday,11,KPK,Nowshera,Provincial Highway,Average,Foggy,Daylight,Motorcycle,3,Over Speeding,0,0,0,0,2,0,High
2020,1,Thursday,22,Sindh,Larkana,Urban Road,Poor,Rainy,No Light,Car/Taxi,1,Over Speeding,0,0,1,1,5,0,Medium
2022,7,Sunday,17,Sindh,Hyderabad,Provincial Highway,Poor,Rainy,Daylight,Motorcycle,2,Wrong Overtaking,1,1,0,0,5,1,High
2023,8,Friday,10,Punjab,Faisalabad,Urban Road,Poor,Dusty/Smoggy,Daylight,Motorcycle,1,Road Condition,0,0,0,0,2,1,Low
2023,12,Friday,6,Punjab,Gujranwala,Rural Road,Average,Dusty/Smoggy,Daylight,Van/Pickup,2,Over Speeding,0,0,0,1,1,1,Medium
2023,7,Saturday,7,Punjab,Faisalabad,National Highway,Good,Foggy,Daylight,Rickshaw,1,Wrong Overtaking,1,1,0,0,5,0,Medium
2022,10,Friday,18,Sindh,Hyderabad,Provincial Highway,Good,Clear,Dawn/Dusk,Van/Pickup,4,Signal Violation,1,0,0,0,0,0,Low
2021,2,Friday,16,Sindh,Hyderabad,Provincial Highway,Good,Rainy,Daylight,Bicycle,1,Signal Violation,0,0,0,1,3,2,High
2023,12,Thursday,22,Punjab,Multan,Rural Road,Average,Clear,Street Light,Truck/Lorry,3,Mobile Phone Use,0,0,1,1,2,0,Low
2022,10,Sunday,6,Punjab,Bahawalpur,National Highway,Good,Foggy,Daylight,Van/Pickup,1,Drunk Driving,0,1,0,0,8,0,High
2021,5,Wednesday,4,Sindh,Jacobabad,Rural Road,Good,Clear,No Light,Bus/Coach,1,Over Speeding,0,0,1,0,1,0,Medium
2019,1,Tuesday,9,Punjab,Gujranwala,Provincial Highway,Poor,Clear,Street Light,Car/Taxi,3,Wrong Overtaking,1,0,0,1,2,0,Low
2019,12,Tuesday,17,KPK,Nowshera,Rural Road,Good,Foggy,Daylight,Motorcycle,2,Wrong Overtaking,1,0,0,1,4,0,Medium
2019,6,Wednesday,13,Punjab,Sialkot,Provincial Highway,Average,Clear,Daylight,Car/Taxi,4,Signal Violation,1,0,0,0,4,1,Medium
2021,7,Sunday,19,Sindh,Thatta,Urban Road,Under Repair,Rainy,Street Light,Car/Taxi,2,Signal Violation,1,1,0,0,2,0,Low
2019,12,Monday,9,Islamabad,Islamabad,Motorway,Good,Clear,Daylight,Motorcycle,2,Wrong Overtaking,1,0,0,1,9,2,High
2022,7,Tuesday,12,Punjab,Bahawalpur,Urban Road,Under Repair,Clear,Daylight,Bus/Coach,3,Drunk Driving,1,0,0,0,1,0,Medium
2023,11,Wednesday,9,Sindh,Jacobabad,National Highway,Poor,Dusty/Smoggy,Daylight,Rickshaw,2,Over Speeding,1,0,0,1,3,0,Medium
2022,7,Wednesday,13,Punjab,Gujranwala,National Highway,Good,Foggy,Daylight,Motorcycle,1,Pedestrian Error,1,0,0,0,9,2,High
2021,2,Monday,18,Sindh,Nawabshah,Provincial Highway,Average,Clear,Daylight,Motorcycle,3,Drunk Driving,1,0,0,1,11,2,High
2022,9,Saturday,11,Sindh,Kashmore,Urban Road,Good,Rainy,Dawn/Dusk,Motorcycle,2,Signal Violation,0,1,0,0,3,0,Medium
2022,1,Monday,18,Punjab,Bahawalpur,National Highway,Under Repair,Clear,Daylight,Bicycle,1,Signal Violation,1,0,0,1,11,0,High
2019,9,Wednesday,14,Sindh,Jacobabad,National Highway,Average,Dusty/Smoggy,Daylight,Van/Pickup,2,Signal Violation,0,0,0,0,2,0,Medium
2019,1,Thursday,15,Balochistan,Hub,Provincial Highway,Average,Clear,Street Light,Motorcycle,1,Signal Violation,0,0,0,1,5,4,High
2023,11,Tuesday,20,Punjab,Rahim Yar Khan,Provincial Highway,Good,Clear,No Light,Truck/Lorry,2,Driver Fatigue,1,0,0,1,5,1,Medium
2021,6,Saturday,17,Punjab,Bahawalpur,National Highway,Poor,Clear,Daylight,Car/Taxi,1,Signal Violation,1,1,0,0,5,1,Medium
2019,1,Saturday,12,Balochistan,Gwadar,Provincial Highway,Poor,Foggy,Daylight,Rickshaw,2,Road Condition,1,1,0,1,0,0,Low
2022,12,Thursday,8,Sindh,Nawabshah,Rural Road,Poor,Dusty/Smoggy,Daylight,Motorcycle,2,Over Speeding,1,0,0,1,4,0,Medium
2023,11,Friday,12,Balochistan,Gwadar,Provincial Highway,Under Repair,Clear,Daylight,Motorcycle,1,Over Speeding,1,0,0,1,6,1,High
2019,2,Wednesday,20,Sindh,Mirpur Khas,Provincial Highway,Good,Clear,No Light,Motorcycle,3,Over Speeding,1,0,0,1,5,1,Medium
2020,2,Friday,21,KPK,Dera Ismail Khan,National Highway,Average,Clear,Street Light,Motorcycle,3,Wrong Overtaking,0,0,0,1,7,3,High
2021,5,Friday,21,Sindh,Sukkur,Motorway,Good,Foggy,Street Light,Motorcycle,2,Driver Fatigue,0,0,0,0,5,3,High
2020,4,Friday,19,KPK,Mardan,Provincial Highway,Average,Clear,Street Light,Motorcycle,4,Pedestrian Error,1,0,0,0,4,2,Medium
2023,12,Sunday,10,Balochistan,Quetta,Provincial Highway,Under Repair,Clear,No Light,Rickshaw,2,Over Speeding,0,1,0,1,1,0,Low
2023,2,Thursday,22,Sindh,Sukkur,National Highway,Good,Clear,No Light,Van/Pickup,2,Pedestrian Error,0,0,1,1,0,0,Low
2022,5,Wednesday,7,Punjab,Lahore,Urban Road,Average,Clear,Daylight,Motorcycle,3,Over Speeding,1,0,0,0,1,2,Medium
2022,5,Wednesday,19,Punjab,Sialkot,National Highway,Good,Clear,Dawn/Dusk,Motorcycle,2,Signal Violation,1,0,0,0,3,2,High
2018,10,Sunday,20,Punjab,Faisalabad,National Highway,Poor,Foggy,No Light,Motorcycle,1,Over Speeding,1,1,0,0,2,0,High
2018,10,Wednesday,21,Punjab,Rawalpindi,Urban Road,Poor,Clear,Street Light,Rickshaw,2,Wrong Overtaking,0,0,0,0,2,0,Low
2020,12,Saturday,12,Punjab,Bahawalpur,Provincial Highway,Good,Rainy,Daylight,Motorcycle,1,Over Speeding,1,1,0,1,7,2,High
2019,11,Wednesday,19,Sindh,Mirpur Khas,National Highway,Average,Dusty/Smoggy,No Light,Motorcycle,2,Road Condition,1,0,0,1,5,0,Medium
2020,9,Saturday,17,Sindh,Hyderabad,Rural Road,Good,Clear,Daylight,Car/Taxi,3,Wrong Overtaking,1,1,0,0,2,0,Low
2023,5,Thursday,9,Sindh,Hyderabad,Provincial Highway,Average,Clear,Daylight,Motorcycle,2,Drunk Driving,1,0,0,0,3,2,High
2022,10,Sunday,11,Sindh,Sukkur,National Highway,Average,Clear,Daylight,Rickshaw,4,Pedestrian Error,0,1,0,0,2,0,Low
2023,2,Thursday,19,Punjab,Rawalpindi,Provincial Highway,Under Repair,Clear,No Light,Bus/Coach,1,Wrong Overtaking,1,0,0,1,4,0,Medium
2019,3,Sunday,7,Punjab,Bahawalpur,National Highway,Poor,Clear,No Light,Van/Pickup,4,Road Condition,1,1,0,0,0,0,Low
2018,3,Thursday,1,Punjab,Gujranwala,Motorway,Good,Clear,No Light,Rickshaw,3,Pedestrian Error,0,0,1,0,5,2,Medium
2022,6,Sunday,21,Sindh,Thatta,Urban Road,Poor,Clear,No Light,Bus/Coach,3,Over Speeding,0,1,0,0,3,1,Medium
2019,6,Wednesday,11,Punjab,Multan,National Highway,Poor,Foggy,Daylight,Other,2,Wrong Overtaking,0,0,0,0,1,2,Medium
2019,2,Thursday,8,Punjab,Sheikhupura,National Highway,Good,Clear,Daylight,Car/Taxi,2,Over Speeding,1,0,0,1,11,3,High
2021,4,Friday,19,Punjab,Rawalpindi,Provincial Highway,Under Repair,Clear,Daylight,Car/Taxi,2,Wrong Overtaking,1,0,0,0,2,0,Low
2021,6,Friday,10,KPK,Mardan,Urban Road,Average,Dusty/Smoggy,Daylight,Bus/Coach,4,Mobile Phone Use,0,0,0,0,1,0,Low
2021,2,Sunday,21,Punjab,Sialkot,Urban Road,Good,Clear,Street Light,Rickshaw,2,Signal Violation,0,1,0,1,1,0,Low
2022,3,Thursday,6,Sindh,Larkana,Provincial Highway,Average,Clear,Daylight,Car/Taxi,1,Road Condition,0,0,0,0,0,0,Low
2018,5,Friday,8,KPK,Mardan,Provincial Highway,Average,Dusty/Smoggy,Dawn/Dusk,Motorcycle,3,Drunk Driving,1,0,0,0,5,0,Medium
2020,6,Saturday,7,KPK,Mansehra,National Highway,Poor,Dusty/Smoggy,Daylight,Motorcycle,1,Pedestrian Error,1,1,0,0,1,1,Medium
2021,4,Tuesday,20,Islamabad,Islamabad,Motorway,Good,Clear,Street Light,Motorcycle,1,Over Speeding,1,0,0,0,3,1,High
2022,10,Sunday,21,Punjab,Multan,Rural Road,Good,Rainy,Street Light,Car/Taxi,1,Over Speeding,0,1,0,0,3,0,Medium
2022,1,Friday,12,Punjab,Rahim Yar Khan,Provincial Highway,Good,Rainy,Street Light,Van/Pickup,2,Wrong Overtaking,1,0,0,1,1,0,Low
2019,7,Friday,7,Balochistan,Gwadar,National Highway,Good,Clear,Daylight,Rickshaw,4,Wrong Overtaking,1,0,0,0,1,0,Low
2023,5,Tuesday,20,Sindh,Kashmore,Urban Road,Good,Clear,No Light,Rickshaw,3,Road Condition,1,0,0,0,1,0,Low
2018,7,Monday,10,Sindh,Larkana,Rural Road,Poor,Clear,Daylight,Truck/Lorry,2,Wrong Overtaking,0,0,0,0,3,2,Medium
2021,12,Tuesday,23,KPK,Swat,Urban Road,Under Repair,Dusty/Smoggy,Street Light,Truck/Lorry,3,Mechanical Failure,0,0,1,1,2,0,Low
2022,12,Friday,14,KPK,Charsadda,National Highway,Average,Clear,Daylight,Rickshaw,2,Pedestrian Error,0,0,0,1,1,0,Low
2023,2,Saturday,19,Islamabad,Islamabad,Provincial Highway,Poor,Extreme Heat,Dawn/Dusk,Motorcycle,3,Driver Fatigue,1,1,0,1,5,1,Medium
2023,5,Wednesday,11,Gilgit-Baltistan,Gilgit,Urban Road,Average,Clear,Daylight,Motorcycle,2,Over Speeding,0,0,0,0,4,0,Medium
2022,3,Sunday,20,KPK,Bannu,National Highway,Average,Clear,No Light,Rickshaw,1,Mechanical Failure,1,1,0,0,1,0,Low
2020,5,Sunday,10,Punjab,Rawalpindi,Urban Road,Poor,Clear,Daylight,Car/Taxi,2,Signal Violation,0,1,0,0,0,0,Low
2023,1,Monday,9,Balochistan,Hub,Urban Road,Average,Clear,Daylight,Rickshaw,3,Weather Condition,1,0,0,1,0,0,Low
2023,7,Friday,12,Punjab,Gujranwala,National Highway,Good,Clear,Daylight,Rickshaw,4,Wrong Overtaking,1,0,0,0,0,0,Low
2022,1,Wednesday,10,Punjab,Multan,Urban Road,Good,Rainy,Daylight,Rickshaw,1,Mechanical Failure,0,0,0,1,2,0,Low
2020,8,Friday,10,Balochistan,Gwadar,Provincial Highway,Under Repair,Foggy,Daylight,Motorcycle,3,Over Speeding,0,0,0,0,5,1,High
2022,12,Tuesday,18,Punjab,Sargodha,National Highway,Average,Rainy,Daylight,Bicycle,3,Road Condition,1,0,0,1,4,1,Medium
2019,7,Tuesday,21,Punjab,Multan,Rural Road,Average,Extreme Heat,No Light,Rickshaw,1,Mechanical Failure,0,0,0,0,1,0,Low
2020,8,Saturday,6,Punjab,Rahim Yar Khan,Urban Road,Good,Extreme Heat,Daylight,Car/Taxi,1,Wrong Overtaking,0,1,0,0,2,0,Low
2021,5,Thursday,12,Balochistan,Khuzdar,Urban Road,Good,Clear,Dawn/Dusk,Motorcycle,1,Signal Violation,1,0,0,0,2,0,Medium
2019,4,Friday,17,Sindh,Dadu,Provincial Highway,Poor,Clear,Daylight,Car/Taxi,2,Signal Violation,1,0,0,0,3,0,Medium
2022,7,Tuesday,11,KPK,Swat,Urban Road,Good,Clear,Daylight,Bus/Coach,2,Road Condition,0,0,0,0,0,0,Low
2022,8,Monday,23,Punjab,Multan,Urban Road,Poor,Clear,No Light,Car/Taxi,2,Signal Violation,0,0,1,0,1,0,Low