year,month,day_of_week,hour_of_day,province,district,road_type,road_condition,weather_condition,lighting_condition,vehicle_type,vehicles_involved,accident_cause,is_rush_hour,is_weekend,is_night,is_foggy_month,num_injured,num_killed,severity
2022,2,Tuesday,19,KPK,Dera Ismail Khan,National Highway,Poor,Clear,Street Light,Rickshaw,2,Wrong Overtaking,1,0,0,1,0,0,Low
2022,6,Thursday,22,KPK,Charsadda,Rural Road,Average,Clear,No Light,Motorcycle,1,Mechanical Failure,0,0,1,0,1,0,Medium
2020,4,Tuesday,13,Punjab,Sargodha,Rural Road,Under Repair,Foggy,Daylight,Bus/Coach,4,Signal Violation,1,0,0,0,2,0,Low
2020,9,Tuesday,21,Punjab,Multan,National Highway,Poor,Clear,Street Light,Motorcycle,1,Mobile Phone Use,0,0,0,0,11,2,High
2022,11,Thursday,20,Punjab,Bahawalpur,Provincial Highway,Good,Clear,Street Light,Car/Taxi,2,Pedestrian Error,1,0,0,1,1,0,Low
2022,7,Tuesday,14,AJK,Mirpur,National Highway,Good,Clear,Daylight,Car/Taxi,2,Wrong Overtaking,0,0,0,0,5,1,Medium
2023,1,Monday,6,Sindh,Hyderabad,Provincial Highway,Good,Clear,Daylight,Motorcycle,2,Road Condition,0,0,0,1,1,1,Medium
2023,11,Saturday,6,Islamabad,Islamabad,Urban Road,Good,Clear,Street Light,Car/Taxi,3,Wrong Overtaking,0,1,0,1,2,0,Low
2023,1,Monday,18,Punjab,Sheikhupura,National Highway,Poor,Rainy,Daylight,Car/Taxi,1,Over Speeding,1,0,0,1,2,1,Medium
2022,6,Sunday,9,KPK,Mardan,Provincial Highway,Average,Clear,No Light,Bus/Coach,4,Wrong Overtaking,1,1,0,0,4,0,Medium
2022,5,Thursday,19,KPK,Dera Ismail Khan,Rural Road,Good,Clear,No Light,Car/Taxi,1,Driver Fatigue,1,0,0,0,0,0,Low
2018,6,Sunday,5,KPK,Abbottabad,Provincial Highway,Good,Foggy,Street Light,Bus/Coach,1,Pedestrian Error,0,1,1,0,2,2,High
2019,10,Saturday,21,Islamabad,Islamabad,Urban Road,Average,Clear,No Light,Car/Taxi,2,Over Speeding,0,1,0,0,4,0,Medium
2023,6,Sunday,6,Punjab,Sialkot,National Highway,Good,Rainy,Dawn/Dusk,Motorcycle,2,Wrong Overtaking,0,1,0,0,6,1,High
2018,12,Wednesday,21,Punjab,Sargodha,Urban Road,Good,Clear,Street Light,Motorcycle,3,Signal Violation,0,0,0,1,2,2,Medium
2022,9,Friday,20,KPK,Bannu,Rural Road,Under Repair,Foggy,No Light,Bus/Coach,2,Mechanical Failure,1,0,0,0,0,0,Low
2022,6,Tuesday,21,KPK,Charsadda,Provincial Highway,Average,Clear,No Light,Motorcycle,1,Wrong Overtaking,0,0,0,0,4,1,High
2021,5,Saturday,22,Sindh,Nawabshah,Urban Road,Under Repair,Clear,Street Light,Motorcycle,3,Driver Fatigue,0,1,1,0,9,1,High
2019,2,Monday,20,Punjab,Bahawalpur,Urban Road,Under Repair,Clear,No Light,Motorcycle,2,Pedestrian Error,1,0,0,1,3,1,Medium
2020,9,Wednesday,16,Sindh,Mirpur Khas,Urban Road,Poor,Clear,Daylight,Car/Taxi,3,Wrong Overtaking,0,0,0,0,1,0,Low
2018,2,Saturday,9,Punjab,Rahim Yar Khan,National Highway,Average,Clear,Street Light,Car/Taxi,2,Pedestrian Error,1,1,0,1,2,1,Medium
2022,8,Sunday,11,Sindh,Kashmore,Urban Road,Poor,Extreme Heat,Daylight,Car/Taxi,2,Over Speeding,0,1,0,0,0,0,Low
2022,4,Tuesday,14,Sindh,Dadu,National Highway,Good,Clear,Daylight,Motorcycle,3,Signal Violation,0,0,0,0,2,0,Medium
2018,7,Thursday,18,KPK,Swat,Urban Road,Good,Foggy,Street Light,Van/Pickup,3,Drunk Driving,1,0,0,0,5,2,Medium
2022,7,Monday,13,Punjab,Lahore,National Highway,Good,Clear,Daylight,Car/Taxi,2,Signal Violation,1,0,0,0,1,0,Low
2023,6,Saturday,17,Punjab,Bahawalpur,Urban Road,Average,Extreme Heat,Street Light,Rickshaw,1,Over Speeding,1,1,0,0,3,0,Medium
2020,7,Wednesday,18,Punjab,Gujranwala,National Highway,Good,Clear,Daylight,Car/Taxi,1,Over Speeding,1,0,0,0,2,1,Medium
2023,9,Friday,1,Punjab,Sheikhupura,Urban Road,Good,Clear,No Light,Motorcycle,1,Mechanical Failure,0,0,1,0,4,0,Medium
2022,7,Saturday,2,KPK,Abbottabad,National Highway,Under Repair,Rainy,No Light,Motorcycle,1,Wrong Overtaking,0,1,1,0,11,1,High
2023,11,Thursday,12,Balochistan,Sibi,National Highway,Good,Clear,Daylight,Bus/Coach,2,Mechanical Failure,1,0,0,1,0,0,Low
2022,1,Tuesday,16,Punjab,Bahawalpur,Rural Road,Poor,Clear,Daylight,Motorcycle,2,Over Speeding,0,0,0,1,3,1,High
2023,1,Wednesday,11,KPK,Mansehra,National Highway,Poor,Clear,Daylight,Bus/Coach,2,Driver Fatigue,0,0,0,1,3,1,Medium
2023,7,Friday,21,Balochistan,Dera Bugti,National Highway,Average,Foggy,No Light,Rickshaw,4,Pedestrian Error,0,0,0,0,1,0,Medium
2023,11,Thursday,9,Balochistan,Dera Bugti,Rural Road,Good,Clear,Dawn/Dusk,Car/Taxi,3,Driver Fatigue,1,0,0,1,0,0,Low
2020,7,Friday,12,Punjab,Bahawalpur,National Highway,Good,Clear,Street Light,Motorcycle,2,Driver Fatigue,1,0,0,0,10,2,High
2020,11,Thursday,21,Islamabad,Islamabad,Rural Road,Poor,Extreme Heat,Street Light,Car/Taxi,2,Wrong Overtaking,0,0,0,1,0,0,Low
2023,11,Monday,8,Punjab,Bahawalpur,National Highway,Average,Clear,Daylight,Car/Taxi,2,Pedestrian Error,1,0,0,1,4,0,Medium
2018,7,Saturday,20,Punjab,Sargodha,Urban Road,Good,Clear,Street Light,Motorcycle,4,Over Speeding,1,1,0,0,8,0,High
2023,3,Wednesday,10,Punjab,Sargodha,Urban Road,Average,Rainy,Daylight,Rickshaw,2,Driver Fatigue,0,0,0,0,1,0,Low
2022,5,Friday,9,Sindh,Sukkur,Urban Road,Poor,Clear,Daylight,Motorcycle,1,Mechanical Failure,1,0,0,0,1,0,Low
2018,8,Monday,7,Punjab,Sargodha,Urban Road,Good,Clear,Daylight,Car/Taxi,4,Mechanical Failure,1,0,0,0,0,0,Low
2023,6,Monday,9,Punjab,Rawalpindi,Provincial Highway,Good,Clear,Dawn/Dusk,Car/Taxi,2,Road Condition,1,0,0,0,0,0,Low
2021,2,Thursday,10,Punjab,Sheikhupura,Rural Road,Under Repair,Foggy,Daylight,Other,4,Mechanical Failure,0,0,0,1,2,1,Low
2023,9,Wednesday,12,KPK,Kohat,Provincial Highway,Good,Clear,Daylight,Van/Pickup,2,Driver Fatigue,1,0,0,0,4,1,Medium
2022,5,Monday,8,Balochistan,Chaman,Motorway,Good,Clear,Daylight,Car/Taxi,2,Over Speeding,1,0,0,0,10,1,High
2022,11,Saturday,17,Punjab,Rawalpindi,Provincial Highway,Good,Clear,Street Light,Bus/Coach,1,Signal Violation,1,1,0,1,0,0,Low
2021,1,Thursday,11,Balochistan,Khuzdar,Provincial Highway,Average,Clear,Daylight,Rickshaw,2,Wrong Overtaking,0,0,0,1,1,0,Medium
2022,10,Friday,20,Balochistan,Khuzdar,Urban Road,Average,Clear,Street Light,Motorcycle,2,Pedestrian Error,1,0,0,0,2,0,Low
2022,6,Saturday,9,KPK,Charsadda,Urban Road,Poor,Clear,Daylight,Van/Pickup,2,Drunk Driving,1,1,0,0,4,1,Medium
2023,12,Friday,16,Punjab,Sheikhupura,Urban Road,Average,Clear,Dawn/Dusk,Car/Taxi,2,Road Condition,0,0,0,1,1,0,Low
2020,9,Thursday,15,KPK,Nowshera,National Highway,Poor,Extreme Heat,Daylight,Car/Taxi,2,Signal Violation,0,0,0,0,1,1,Low
2022,6,Thursday,14,Islamabad,Islamabad,National Highway,Average,Rainy,Daylight,Truck/Lorry,2,Wrong Overtaking,0,0,0,0,5,2,Medium
2022,6,Friday,13,KPK,Peshawar,National Highway,Good,Foggy,Daylight,Truck/Lorry,2,Driver Fatigue,1,0,0,0,5,2,High
2022,10,Sunday,1,Punjab,Sialkot,Urban Road,Good,Clear,No Light,Bicycle,2,Mobile Phone Use,0,1,1,0,5,0,Medium
2022,5,Sunday,11,Sindh,Sukkur,Rural Road,Average,Extreme Heat,Dawn/Dusk,Motorcycle,2,Mobile Phone Use,0,1,0,0,1,0,Low
2022,11,Tuesday,13,Sindh,Karachi,Provincial Highway,Good,Clear,Dawn/Dusk,Rickshaw,2,Signal Violation,1,0,0,1,0,0,Low
2020,1,Wednesday,9,Sindh,Kashmore,Provincial Highway,Average,Clear,Daylight,Car/Taxi,2,Wrong Overtaking,1,0,0,1,3,1,Medium
2023,8,Wednesday,17,Punjab,Faisalabad,Urban Road,Average,Dusty/Smoggy,Daylight,Motorcycle,3,Pedestrian Error,1,0,0,0,0,1,Low
2023,11,Saturday,13,Punjab,Rawalpindi,Provincial Highway,Good,Clear,Daylight,Car/Taxi,3,Pedestrian Error,1,1,0,1,1,0,Low
2019,12,Wednesday,12,KPK,Nowshera,Rural Road,Good,Clear,Street Light,Car/Taxi,2,Over Speeding,1,0,0,1,0,0,Low
2020,12,Friday,13,Balochistan,Zhob,National Highway,Average,Foggy,Street Light,Motorcycle,2,Pedestrian Error,1,0,0,1,5,0,Medium
2021,2,Saturday,9,Punjab,Faisalabad,National Highway,Good,Foggy,Street Light,Car/Taxi,1,Signal Violation,1,1,0,1,5,2,Medium
2023,9,Wednesday,22,Islamabad,Islamabad,National Highway,Average,Clear,No Light,Van/Pickup,4,Pedestrian Error,0,0,1,0,2,1,Medium
2020,5,Thursday,19,Punjab,Gujranwala,National Highway,Poor,Clear,Daylight,Truck/Lorry,2,Pedestrian Error,1,0,0,0,3,0,Medium
2022,7,Monday,15,KPK,Peshawar,National Highway,Good,Rainy,Daylight,Motorcycle,3,Driver Fatigue,0,0,0,0,10,0,High
2018,2,Tuesday,19,KPK,Abbottabad,Motorway,Under Repair,Rainy,Dawn/Dusk,Motorcycle,4,Over Speeding,1,0,0,1,5,1,High
2018,6,Thursday,10,KPK,Peshawar,Provincial Highway,Average,Clear,Daylight,Car/Taxi,2,Over Speeding,0,0,0,0,5,1,Medium
2018,1,Tuesday,13,Islamabad,Islamabad,Provincial Highway,Average,Dusty/Smoggy,Dawn/Dusk,Bicycle,3,Drunk Driving,1,0,0,1,10,1,High
2020,1,Friday,20,Punjab,Rawalpindi,Rural Road,Under Repair,Clear,Street Light,Motorcycle,3,Signal Violation,1,0,0,1,0,0,Low
2022,9,Sunday,4,Balochistan,Turbat,Rural Road,Good,Clear,Street Light,Truck/Lorry,2,Wrong Overtaking,0,1,1,0,4,0,Medium
2018,8,Monday,7,Punjab,Multan,National Highway,Average,Clear,Daylight,Motorcycle,2,Signal Violation,1,0,0,0,9,1,High
2019,2,Thursday,6,KPK,Kohat,Rural Road,Good,Clear,Daylight,Motorcycle,1,Signal Violation,0,0,0,1,2,0,Medium
2018,5,Saturday,3,KPK,Abbottabad,National Highway,Average,Rainy,No Light,Motorcycle,1,Mechanical Failure,0,1,1,0,3,1,High
2023,5,Tuesday,20,KPK,Dera Ismail Khan,Urban Road,Under Repair,Clear,No Light,Other,2,Over Speeding,1,0,0,0,2,1,Medium
2019,1,Monday,11,Punjab,Gujranwala,National Highway,Poor,Clear,Daylight,Bus/Coach,3,Road Condition,0,0,0,1,2,0,Low
2023,3,Saturday,10,Balochistan,Loralai,National Highway,Good,Clear,Street Light,Car/Taxi,2,Wrong Overtaking,0,1,0,0,1,1,Medium
2019,10,Saturday,21,Punjab,Rahim Yar Khan,Rural Road,Poor,Foggy,No Light,Car/Taxi,2,Pedestrian Error,0,1,0,0,1,0,Low
2019,5,Friday,14,Punjab,Sheikhupura,Provincial Highway,Good,Clear,Daylight,Motorcycle,3,Mechanical Failure,0,0,0,0,2,0,Medium
2021,1,Sunday,23,KPK,Charsadda,Provincial Highway,Good,Clear,Street Light,Motorcycle,4,Road Condition,0,1,1,1,2,4,High
2022,6,Tuesday,21,Sindh,Nawabshah,Urban Road,Good,Clear,Street Light,Motorcycle,1,Wrong Overtaking,0,0,0,0,1,0,Medium
2022,7,Tuesday,8,Balochistan,Sibi,Urban Road,Good,Clear,Daylight,Motorcycle,2,Mechanical Failure,1,0,0,0,1,0,Low
2020,9,Saturday,8,Punjab,Bahawalpur,National Highway,Average,Clear,Daylight,Bicycle,1,Signal Violation,1,1,0,0,3,4,High
2021,5,Tuesday,21,Punjab,Multan,Rural Road,Average,Clear,Street Light,Motorcycle,2,Over Speeding,0,0,0,0,2,1,Medium
2021,11,Wednesday,13,KPK,Mardan,Urban Road,Poor,Clear,Street Light,Bus/Coach,1,Over Speeding,1,0,0,1,2,0,Medium
2022,1,Thursday,22,Sindh,Dadu,Urban Road,Good,Rainy,No Light,Bus/Coach,1,Wrong Overtaking,0,0,1,1,11,2,High
2023,10,Friday,8,Punjab,Sialkot,Urban Road,Average,Rainy,Daylight,Motorcycle,1,Driver Fatigue,1,0,0,0,4,2,High
2022,8,Tuesday,19,KPK,Dera Ismail Khan,Rural Road,Poor,Clear,Dawn/Dusk,Car/Taxi,3,Mechanical Failure,1,0,0,0,1,0,Low
2023,6,Friday,5,Sindh,Thatta,National Highway,Good,Clear,Dawn/Dusk,Car/Taxi,4,Over Speeding,0,0,1,0,8,1,High
2020,11,Friday,10,Sindh,Thatta,Rural Road,Average,Clear,Daylight,Motorcycle,2,Wrong Overtaking,0,0,0,1,3,1,Medium
2022,3,Thursday,18,Sindh,Larkana,Rural Road,Average,Rainy,Daylight,Motorcycle,2,Mechanical Failure,1,0,0,0,1,0,Low
2018,1,Tuesday,23,KPK,Dera Ismail Khan,National Highway,Good,Clear,No Light,Motorcycle,3,Mechanical Failure,0,0,1,1,9,0,High
2020,10,Tuesday,21,KPK,Kohat,Rural Road,Poor,Rainy,No Light,Bus/Coach,2,Wrong Overtaking,0,0,0,0,1,1,Medium
2022,6,Wednesday,8,KPK,Peshawar,Provincial Highway,Average,Foggy,Daylight,Van/Pickup,2,Signal Violation,1,0,0,0,2,0,Low
2021,3,Sunday,12,Punjab,Sheikhupura,Urban Road,Good,Extreme Heat,Dawn/Dusk,Rickshaw,2,Drunk Driving,1,1,0,0,2,0,Low
2022,10,Monday,19,KPK,Nowshera,Motorway,Good,Clear,No Light,Bus/Coach,1,Road Condition,1,0,0,0,2,0,Low
2018,8,Friday,8,KPK,Peshawar,National Highway,Good,Clear,Daylight,Car/Taxi,2,Wrong Overtaking,1,0,0,0,3,0,Medium
2022,7,Thursday,9,KPK,Dera Ismail Khan,Rural Road,Poor,Clear,Daylight,Motorcycle,3,Mechanical Failure,1,0,0,0,1,0,Medium
2023,12,Tuesday,22,Punjab,Rahim Yar Khan,Urban Road,Good,Clear,No Light,Van/Pickup,2,Mechanical Failure,0,0,1,1,2,0,Low
2020,2,Saturday,7,Balochistan,Khuzdar,Provincial Highway,Average,Foggy,Daylight,Motorcycle,2,Wrong Overtaking,1,1,0,1,1,0,Medium
2020,4,Wednesday,2,KPK,Bannu,Urban Road,Poor,Clear,No Light,Car/Taxi,2,Over Speeding,0,0,1,0,4,0,Medium
2023,12,Saturday,18,Punjab,Lahore,National Highway,Average,Clear,Street Light,Motorcycle,3,Mechanical Failure,1,1,0,1,11,0,High
2020,8,Thursday,17,Punjab,Sialkot,Provincial Highway,Average,Clear,Daylight,Bus/Coach,2,Over Speeding,1,0,0,0,10,1,High
2021,7,Wednesday,21,Balochistan,Hub,Rural Road,Poor,Clear,Street Light,Motorcycle,1,Over Speeding,0,0,0,0,2,1,Medium
2022,8,Wednesday,13,Punjab,Multan,National Highway,Good,Clear,Daylight,Car/Taxi,3,Over Speeding,1,0,0,0,5,0,High
2020,4,Tuesday,1,Islamabad,Islamabad,Urban Road,Good,Rainy,No Light,Bus/Coach,1,Mechanical Failure,0,0,1,0,0,0,Low
2023,3,Tuesday,12,KPK,Peshawar,National Highway,Good,Clear,Daylight,Motorcycle,3,Over Speeding,1,0,0,0,8,1,High
2020,4,Tuesday,15,Sindh,Jacobabad,Rural Road,Average,Rainy,Daylight,Bicycle,1,Over Speeding,0,0,0,0,6,2,High
2019,12,Sunday,7,Punjab,Lahore,Provincial Highway,Average,Foggy,Daylight,Rickshaw,3,Road Condition,1,1,0,1,1,2,Medium
2018,12,Tuesday,13,Punjab,Lahore,Provincial Highway,Good,Clear,Daylight,Rickshaw,2,Wrong Overtaking,1,0,0,1,1,0,Low
2023,10,Thursday,10,Islamabad,Islamabad,National Highway,Good,Clear,Daylight,Van/Pickup,1,Drunk Driving,0,0,0,0,1,0,Medium
2023,9,Friday,4,Punjab,Faisalabad,Urban Road,Poor,Clear,No Light,Rickshaw,3,Signal Violation,0,0,1,0,5,0,Medium
2022,7,Saturday,14,KPK,Bannu,National Highway,Poor,Extreme Heat,Daylight,Motorcycle,2,Wrong Overtaking,0,1,0,0,6,1,High
2022,12,Wednesday,17,Punjab,Lahore,National Highway,Good,Clear,Daylight,Car/Taxi,2,Over Speeding,1,0,0,1,10,1,High
2020,11,Monday,14,Punjab,Bahawalpur,National Highway,Good,Clear,Daylight,Rickshaw,2,Over Speeding,0,0,0,1,4,1,High
2019,5,Monday,11,Punjab,Lahore,Urban Road,Poor,Foggy,Daylight,Motorcycle,1,Driver Fatigue,0,0,0,0,9,1,High
2018,11,Monday,13,Sindh,Karachi,National Highway,Average,Clear,Daylight,Bus/Coach,1,Pedestrian Error,1,0,0,1,1,0,Low
2023,12,Saturday,10,AJK,Muzaffarabad,Provincial Highway,Average,Clear,Daylight,Car/Taxi,1,Driver Fatigue,0,1,0,1,1,0,Low
2022,2,Friday,17,Punjab,Bahawalpur,Rural Road,Under Repair,Foggy,Daylight,Car/Taxi,1,Over Speeding,1,0,0,1,2,0,Low
2023,2,Thursday,19,Punjab,Lahore,Provincial Highway,Poor,Clear,Street Light,Motorcycle,1,Signal Violation,1,0,0,1,4,0,Medium
2020,7,Sunday,15,Punjab,Sargodha,Urban Road,Good,Rainy,Daylight,Car/Taxi,2,Over Speeding,0,1,0,0,2,1,Medium
2022,4,Monday,7,Sindh,Thatta,Provincial Highway,Good,Clear,Daylight,Car/Taxi,4,Over Speeding,1,0,0,0,2,0,Low
2022,3,Thursday,9,Sindh,Hyderabad,National Highway,Average,Foggy,Daylight,Car/Taxi,1,Over Speeding,1,0,0,0,5,0,Medium
2019,6,Saturday,14,Balochistan,Gwadar,Motorway,Average,Clear,Daylight,Car/Taxi,3,Over Speeding,0,1,0,0,6,0,High
2021,2,Saturday,20,Sindh,Hyderabad,National Highway,Average,Foggy,No Light,Motorcycle,2,Pedestrian Error,1,1,0,1,5,0,High
2022,8,Sunday,20,Sindh,Nawabshah,Urban Road,Good,Clear,Street Light,Motorcycle,1,Over Speeding,1,1,0,0,1,0,Medium
2021,1,Thursday,20,Punjab,Gujranwala,National Highway,Good,Clear,No Light,Motorcycle,2,Over Speeding,1,0,0,1,8,2,High
2019,12,Sunday,7,AJK,Rawalakot,Rural Road,Average,Clear,Daylight,Car/Taxi,2,Over Speeding,1,1,0,1,0,0,Low
2018,12,Monday,18,Punjab,Gujranwala,Rural Road,Average,Rainy,No Light,Bus/Coach,3,Driver Fatigue,1,0,0,1,4,1,High
2022,12,Thursday,5,Punjab,Bahawalpur,Provincial Highway,Good,Clear,Dawn/Dusk,Car/Taxi,2,Weather Condition,0,0,1,1,1,0,Low
2021,1,Tuesday,11,KPK,Peshawar,National Highway,Average,Rainy,Daylight,Rickshaw,2,Signal Violation,0,0,0,1,2,1,Medium
2023,12,Monday,20,Sindh,Kashmore,National Highway,Under Repair,Foggy,No Light,Motorcycle,2,Wrong Overtaking,1,0,0,1,7,1,High
2020,6,Saturday,19,Punjab,Faisalabad,Provincial Highway,Under Repair,Rainy,No Light,Motorcycle,4,Over Speeding,1,1,0,0,5,1,High
2019,5,Monday,4,Sindh,Karachi,National Highway,Average,Clear,No Light,Van/Pickup,1,Wrong Overtaking,0,0,1,0,7,2,High
2021,1,Monday,11,KPK,Swat,Rural Road,Average,Clear,Dawn/Dusk,Car/Taxi,3,Drunk Driving,0,0,0,1,1,0,Low
2020,11,Friday,14,Punjab,Faisalabad,National Highway,Poor,Extreme Heat,Daylight,Motorcycle,2,Over Speeding,0,0,0,1,9,0,High
2019,8,Monday,11,KPK,Dera Ismail Khan,National Highway,Average,Rainy,Daylight,Rickshaw,2,Over Speeding,0,0,0,0,2,1,High
2019,2,Tuesday,7,Sindh,Jacobabad,Urban Road,Good,Dusty/Smoggy,Daylight,Truck/Lorry,1,Over Speeding,1,0,0,1,1,0,Medium
2022,6,Sunday,9,Punjab,Gujranwala,Provincial Highway,Poor,Clear,Daylight,Motorcycle,1,Over Speeding,1,1,0,0,7,2,High
2020,4,Saturday,20,Sindh,Mirpur Khas,Provincial Highway,Average,Dusty/Smoggy,No Light,Motorcycle,1,Road Condition,1,1,0,0,1,0,Medium
2021,8,Saturday,22,Punjab,Lahore,Provincial Highway,Good,Clear,No Light,Motorcycle,3,Over Speeding,0,1,1,0,8,1,High
2021,12,Monday,16,KPK,Mardan,Provincial Highway,Poor,Dusty/Smoggy,Daylight,Rickshaw,2,Road Condition,0,0,0,1,0,0,Low
2021,8,Sunday,19,Sindh,Mirpur Khas,Provincial Highway,Poor,Clear,Street Light,Rickshaw,1,Over Speeding,1,1,0,0,1,0,Low
2023,3,Monday,11,Punjab,Sargodha,Provincial Highway,Average,Dusty/Smoggy,Daylight,Car/Taxi,3,Mechanical Failure,0,0,0,0,2,0,Low
2019,3,Tuesday,8,Sindh,Karachi,Urban Road,Poor,Dusty/Smoggy,Daylight,Motorcycle,1,Signal Violation,1,0,0,0,2,1,Medium
2023,12,Friday,17,Gilgit-Baltistan,Hunza,National Highway,Poor,Rainy,Daylight,Rickshaw,1,Mobile Phone Use,1,0,0,1,2,1,Medium
2021,3,Saturday,21,Sindh,Hyderabad,National Highway,Good,Clear,Street Light,Other,2,Wrong Overtaking,0,1,0,0,1,1,Medium
2023,9,Saturday,4,Islamabad,Islamabad,Rural Road,Good,Clear,Street Light,Motorcycle,2,Over Speeding,0,1,1,0,4,1,High
2020,11,Tuesday,14,Punjab,Faisalabad,National Highway,Average,Extreme Heat,No Light,Rickshaw,1,Pedestrian Error,0,0,0,1,2,0,Low
2023,4,Sunday,13,Punjab,Sheikhupura,Motorway,Average,Rainy,Daylight,Bus/Coach,4,Driver Fatigue,1,1,0,0,11,2,High
2023,3,Tuesday,17,Punjab,Bahawalpur,Urban Road,Average,Clear,Daylight,Van/Pickup,1,Over Speeding,1,0,0,0,5,0,Medium
2021,6,Friday,9,Punjab,Rahim Yar Khan,Rural Road,Poor,Foggy,Daylight,Car/Taxi,4,Mechanical Failure,1,0,0,0,0,0,Low
2021,2,Saturday,11,Punjab,Multan,Motorway,Poor,Clear,No Light,Rickshaw,2,Over Speeding,0,1,0,1,3,1,Medium
2020,12,Saturday,22,Punjab,Gujranwala,Provincial Highway,Good,Clear,No Light,Motorcycle,3,Pedestrian Error,0,1,1,1,4,0,Medium
2021,11,Thursday,11,Balochistan,Sibi,National Highway,Average,Clear,Daylight,Motorcycle,4,Over Speeding,0,0,0,1,10,1,High
2022,11,Sunday,7,Balochistan,Gwadar,Rural Road,Average,Extreme Heat,Daylight,Van/Pickup,2,Pedestrian Error,1,1,0,1,1,0,Low
2020,11,Wednesday,20,KPK,Dera Ismail Khan,Rural Road,Average,Dusty/Smoggy,Street Light,Rickshaw,1,Over Speeding,1,0,0,1,0,0,Low
2022,4,Thursday,3,Punjab,Bahawalpur,National Highway,Average,Rainy,No Light,Truck/Lorry,3,Signal Violation,0,0,1,0,11,2,High
2020,8,Tuesday,10,Punjab,Gujranwala,National Highway,Good,Clear,Daylight,Motorcycle,1,Over Speeding,0,0,0,0,6,1,High
2021,7,Thursday,18,Punjab,Lahore,Motorway,Average,Rainy,Daylight,Car/Taxi,2,Pedestrian Error,1,0,0,0,1,0,Low
2019,5,Friday,11,KPK,Nowshera,Urban Road,Average,Foggy,Daylight,Rickshaw,2,Wrong Overtaking,0,0,0,0,0,0,Low
2022,6,Thursday,8,Islamabad,Islamabad,Provincial Highway,Poor,Clear,Daylight,Bicycle,3,Signal Violation,1,0,0,0,8,2,High
2023,3,Saturday,18,Sindh,Kashmore,Urban Road,Average,Foggy,Daylight,Motorcycle,1,Mechanical Failure,1,1,0,0,0,0,Low
2023,5,Saturday,19,Punjab,Rawalpindi,Rural Road,Under Repair,Clear,Daylight,Truck/Lorry,1,Wrong Overtaking,1,1,0,0,0,0,Low
2021,3,Friday,8,Sindh,Jacobabad,National Highway,Average,Foggy,Daylight,Van/Pickup,2,Pedestrian Error,1,0,0,0,1,0,Low
2023,6,Monday,9,Punjab,Bahawalpur,National Highway,Under Repair,Foggy,Daylight,Motorcycle,2,Mechanical Failure,1,0,0,0,10,0,High
2021,12,Friday,21,Punjab,Multan,Urban Road,Average,Foggy,No Light,Bus/Coach,2,Signal Violation,0,0,0,1,0,0,Low
2023,3,Saturday,19,Sindh,Nawabshah,Urban Road,Average,Clear,Daylight,Motorcycle,4,Over Speeding,1,1,0,0,11,3,High
2023,12,Saturday,2,KPK,Dera Ismail Khan,Motorway,Average,Clear,Street Light,Rickshaw,1,Wrong Overtaking,0,1,1,1,5,0,Medium
2020,6,Thursday,0,Punjab,Sargodha,National Highway,Good,Clear,Street Light,Car/Taxi,1,Over Speeding,0,0,1,0,10,2,High
2023,3,Tuesday,16,Punjab,Bahawalpur,National Highway,Average,Clear,Street Light,Motorcycle,1,Signal Violation,0,0,0,0,6,0,High
2023,9,Wednesday,18,Gilgit-Baltistan,Hunza,Provincial Highway,Good,Foggy,Daylight,Bus/Coach,2,Over Speeding,1,0,0,0,4,0,Medium
2021,1,Sunday,13,Punjab,Sargodha,Urban Road,Average,Clear,Daylight,Car/Taxi,2,Over Speeding,1,1,0,1,0,0,Low
2018,10,Monday,22,Punjab,Gujranwala,National Highway,Good,Dusty/Smoggy,No Light,Car/Taxi,4,Over Speeding,0,0,1,0,5,1,High
2021,3,Friday,11,Punjab,Sargodha,National Highway,Poor,Rainy,Daylight,Motorcycle,3,Over Speeding,0,0,0,0,2,2,High
2021,8,Wednesday,21,Punjab,Sialkot,National Highway,Average,Clear,Street Light,Car/Taxi,1,Signal Violation,0,0,0,0,1,0,Low
2022,2,Thursday,21,Punjab,Gujranwala,National Highway,Average,Foggy,No Light,Motorcycle,1,Over Speeding,0,0,0,1,8,1,High
2019,10,Thursday,13,KPK,Abbottabad,National Highway,Good,Clear,Daylight,Motorcycle,3,Pedestrian Error,1,0,0,0,8,3,High
2019,10,Friday,16,Punjab,Rahim Yar Khan,National Highway,Average,Clear,Daylight,Car/Taxi,2,Signal Violation,0,0,0,0,1,2,Medium
2020,6,Wednesday,18,Sindh,Hyderabad,Rural Road,Good,Clear,Daylight,Motorcycle,3,Wrong Overtaking,1,0,0,0,2,1,Medium
2023,11,Thursday,15,KPK,Abbottabad,Provincial Highway,Good,Foggy,Street Light,Bus/Coach,1,Driver Fatigue,0,0,0,1,3,2,High
2023,12,Saturday,0,Sindh,Hyderabad,Urban Road,Average,Clear,Street Light,Motorcycle,1,Over Speeding,0,1,1,1,5,2,High
2022,9,Thursday,17,Balochistan,Khuzdar,National Highway,Poor,Dusty/Smoggy,Daylight,Motorcycle,2,Pedestrian Error,1,0,0,0,4,0,High