year,month,day_of_week,hour_of_day,province,district,road_type,road_condition,weather_condition,lighting_condition,vehicle_type,vehicles_involved,accident_cause,is_rush_hour,is_weekend,is_night,is_foggy_month,num_injured,num_killed,severity
2019,2,Friday,18,Balochistan,Turbat,National Highway,Good,Clear,Daylight,Rickshaw,3,Over Speeding,1,0,0,1,4,0,High
2020,5,Friday,14,Punjab,Lahore,Motorway,Good,Foggy,Dawn/Dusk,Truck/Lorry,1,Over Speeding,0,0,0,0,3,0,High
2022,12,Saturday,14,KPK,Bannu,Rural Road,Average,Clear,Daylight,Motorcycle,2,Mechanical Failure,0,1,0,1,0,0,Low
2022,4,Saturday,21,Sindh,Kashmore,Rural Road,Average,Dusty/Smoggy,Street Light,Motorcycle,2,Signal Violation,0,1,0,0,4,0,Medium
2018,6,Thursday,11,AJK,Muzaffarabad,Urban Road,Good,Extreme Heat,Daylight,Motorcycle,2,Pedestrian Error,0,0,0,0,3,0,Medium
2021,5,Tuesday,18,Sindh,Dadu,National Highway,Poor,Rainy,Daylight,Motorcycle,1,Signal Violation,1,0,0,0,3,4,High
2022,6,Sunday,21,AJK,Mirpur,National Highway,Average,Foggy,No Light,Motorcycle,1,Drunk Driving,0,1,0,0,9,0,High
2023,1,Sunday,10,KPK,Nowshera,Urban Road,Poor,Clear,Daylight,Rickshaw,1,Wrong Overtaking,0,1,0,1,2,1,Low
2022,5,Monday,23,Punjab,Sialkot,Rural Road,Good,Clear,Street Light,Rickshaw,2,Drunk Driving,0,0,1,0,5,0,Medium
2023,7,Friday,12,Sindh,Larkana,Provincial Highway,Average,Clear,Street Light,Truck/Lorry,1,Wrong Overtaking,1,0,0,0,4,0,Medium
2022,7,Wednesday,13,Gilgit-Baltistan,Skardu,Urban Road,Average,Clear,Daylight,Rickshaw,3,Over Speeding,1,0,0,0,3,1,Medium
2022,9,Tuesday,15,Balochistan,Dera Bugti,Motorway,Good,Dusty/Smoggy,Street Light,Motorcycle,1,Driver Fatigue,0,0,0,0,2,2,High
2022,1,Tuesday,22,Punjab,Sargodha,Provincial Highway,Good,Rainy,Street Light,Bus/Coach,1,Driver Fatigue,0,0,1,1,9,2,High
2022,6,Saturday,10,KPK,Nowshera,Rural Road,Average,Rainy,Daylight,Car/Taxi,4,Signal Violation,0,1,0,0,1,0,Low
2022,3,Wednesday,3,Punjab,Lahore,Rural Road,Average,Clear,No Light,Car/Taxi,4,Road Condition,0,0,1,0,0,0,Low
2021,1,Sunday,21,Punjab,Sheikhupura,National Highway,Average,Rainy,Street Light,Car/Taxi,3,Road Condition,0,1,0,1,4,1,Medium
2023,3,Saturday,9,Punjab,Multan,Provincial Highway,Average,Clear,Daylight,Motorcycle,2,Wrong Overtaking,1,1,0,0,1,0,Medium
2019,9,Friday,11,Punjab,Sargodha,Urban Road,Good,Clear,Daylight,Truck/Lorry,2,Drunk Driving,0,0,0,0,4,0,Medium
2019,10,Friday,17,KPK,Bannu,National Highway,Average,Dusty/Smoggy,Daylight,Motorcycle,3,Wrong Overtaking,1,0,0,0,4,0,High
2019,2,Saturday,1,Punjab,Faisalabad,Provincial Highway,Average,Foggy,No Light,Car/Taxi,2,Signal Violation,0,1,1,1,5,2,Medium
2018,6,Sunday,14,KPK,Charsadda,Provincial Highway,Average,Clear,Daylight,Motorcycle,1,Pedestrian Error,0,1,0,0,2,0,Low
2023,2,Friday,21,Punjab,Multan,National Highway,Good,Clear,Street Light,Motorcycle,1,Over Speeding,0,0,0,1,2,1,High
2022,12,Monday,20,Punjab,Multan,National Highway,Good,Dusty/Smoggy,Street Light,Car/Taxi,2,Over Speeding,1,0,0,1,5,1,Medium
2023,11,Friday,18,Punjab,Rawalpindi,Provincial Highway,Average,Clear,Daylight,Motorcycle,1,Driver Fatigue,1,0,0,1,10,1,High
2023,8,Monday,10,Punjab,Rahim Yar Khan,Urban Road,Poor,Clear,Daylight,Motorcycle,2,Wrong Overtaking,0,0,0,0,2,0,Medium
2023,7,Monday,12,Punjab,Multan,Provincial Highway,Good,Clear,Daylight,Car/Taxi,1,Road Condition,1,0,0,0,1,0,Low
2022,7,Sunday,21,Punjab,Sheikhupura,National Highway,Average,Clear,No Light,Car/Taxi,2,Pedestrian Error,0,1,0,0,5,0,Medium
2021,10,Tuesday,13,Sindh,Karachi,National Highway,Good,Foggy,No Light,Motorcycle,1,Over Speeding,1,0,0,0,6,2,High
2022,11,Thursday,13,Punjab,Sheikhupura,Provincial Highway,Good,Clear,Daylight,Motorcycle,1,Pedestrian Error,1,0,0,1,1,2,Medium
2022,12,Friday,3,Punjab,Rahim Yar Khan,Motorway,Average,Rainy,Street Light,Motorcycle,1,Wrong Overtaking,0,0,1,1,3,2,High
2019,10,Monday,9,Punjab,Sheikhupura,Urban Road,Average,Extreme Heat,Daylight,Truck/Lorry,2,Wrong Overtaking,1,0,0,0,4,0,Medium
2021,12,Saturday,14,Balochistan,Quetta,National Highway,Good,Clear,Daylight,Truck/Lorry,3,Pedestrian Error,0,1,0,1,1,0,Medium
2020,2,Sunday,6,Balochistan,Sibi,National Highway,Good,Rainy,Daylight,Motorcycle,1,Mechanical Failure,0,1,0,1,2,1,Medium
2018,12,Thursday,16,Sindh,Nawabshah,Urban Road,Good,Foggy,Daylight,Car/Taxi,2,Pedestrian Error,0,0,0,1,2,0,Low
2022,11,Saturday,16,Punjab,Bahawalpur,National Highway,Poor,Dusty/Smoggy,Daylight,Rickshaw,2,Mechanical Failure,0,1,0,1,0,0,Low
2021,12,Monday,19,Punjab,Bahawalpur,Rural Road,Good,Foggy,Dawn/Dusk,Bicycle,2,Mobile Phone Use,1,0,0,1,1,0,Low
2021,7,Wednesday,9,Islamabad,Islamabad,National Highway,Poor,Extreme Heat,Daylight,Motorcycle,4,Mobile Phone Use,1,0,0,0,5,0,Medium
2020,6,Friday,9,Punjab,Bahawalpur,National Highway,Poor,Extreme Heat,Daylight,Bus/Coach,1,Signal Violation,1,0,0,0,3,3,High
2022,12,Tuesday,9,Punjab,Bahawalpur,Urban Road,Good,Rainy,Daylight,Motorcycle,2,Wrong Overtaking,1,0,0,1,7,2,High
2018,12,Saturday,18,Punjab,Lahore,Urban Road,Good,Clear,Daylight,Bicycle,3,Over Speeding,1,1,0,1,3,1,Medium
2023,1,Sunday,16,Punjab,Lahore,Urban Road,Under Repair,Clear,Daylight,Rickshaw,3,Over Speeding,0,1,0,1,1,0,Medium
2021,2,Wednesday,6,Punjab,Sargodha,Rural Road,Poor,Clear,Daylight,Rickshaw,2,Drunk Driving,0,0,0,1,4,1,Medium
2019,8,Thursday,15,KPK,Bannu,Motorway,Average,Clear,Daylight,Motorcycle,2,Pedestrian Error,0,0,0,0,4,0,High
2023,1,Friday,22,Punjab,Rahim Yar Khan,National Highway,Average,Foggy,No Light,Car/Taxi,1,Wrong Overtaking,0,0,1,1,4,0,Medium
2023,11,Monday,18,Sindh,Thatta,National Highway,Good,Clear,Daylight,Motorcycle,1,Pedestrian Error,1,0,0,1,7,1,High
2021,2,Friday,21,Punjab,Gujranwala,Provincial Highway,Average,Foggy,No Light,Motorcycle,2,Wrong Overtaking,0,0,0,1,7,1,High
2019,4,Monday,11,Punjab,Bahawalpur,Provincial Highway,Poor,Dusty/Smoggy,Daylight,Motorcycle,2,Pedestrian Error,0,0,0,0,3,1,Medium
2022,8,Friday,7,Balochistan,Sibi,Provincial Highway,Poor,Clear,Daylight,Truck/Lorry,2,Driver Fatigue,1,0,0,0,1,0,Medium
2022,3,Sunday,22,Punjab,Sargodha,National Highway,Average,Clear,No Light,Motorcycle,2,Road Condition,0,1,1,0,7,1,High
2022,10,Sunday,0,KPK,Dera Ismail Khan,Rural Road,Good,Dusty/Smoggy,No Light,Motorcycle,1,Road Condition,0,1,1,0,3,1,Medium
2020,5,Saturday,16,Sindh,Sukkur,Urban Road,Good,Clear,Daylight,Motorcycle,2,Over Speeding,0,1,0,0,2,0,Medium
2019,5,Friday,12,Punjab,Sheikhupura,Rural Road,Poor,Clear,No Light,Motorcycle,1,Over Speeding,1,0,0,0,2,1,Medium
2022,6,Friday,5,Islamabad,Islamabad,Motorway,Average,Clear,No Light,Rickshaw,2,Driver Fatigue,0,0,1,0,3,1,Medium
2023,6,Monday,16,Punjab,Gujranwala,Provincial Highway,Good,Clear,Daylight,Car/Taxi,3,Drunk Driving,0,0,0,0,2,0,Low
2021,9,Friday,10,Balochistan,Chaman,National Highway,Average,Clear,No Light,Motorcycle,2,Mobile Phone Use,0,0,0,0,7,0,High
2021,6,Wednesday,6,Punjab,Lahore,Rural Road,Good,Clear,Daylight,Car/Taxi,3,Drunk Driving,0,0,0,0,2,0,Medium
2019,7,Saturday,22,Balochistan,Quetta,Urban Road,Good,Clear,No Light,Truck/Lorry,3,Pedestrian Error,0,1,1,0,2,0,Medium
2020,10,Monday,17,Punjab,Rawalpindi,Urban Road,Good,Clear,Daylight,Car/Taxi,1,Over Speeding,1,0,0,0,1,0,Low
2019,12,Wednesday,6,Sindh,Hyderabad,National Highway,Average,Clear,Daylight,Motorcycle,3,Over Speeding,0,0,0,1,11,1,High
2020,7,Sunday,8,KPK,Kohat,Urban Road,Under Repair,Clear,Dawn/Dusk,Motorcycle,1,Pedestrian Error,1,1,0,0,4,0,Medium
2023,7,Saturday,2,Islamabad,Islamabad,Urban Road,Poor,Clear,Street Light,Rickshaw,2,Over Speeding,0,1,1,0,5,1,Medium
2018,5,Monday,7,Balochistan,Sibi,National Highway,Poor,Clear,Daylight,Car/Taxi,2,Road Condition,1,0,0,0,2,0,Low
2021,3,Saturday,17,KPK,Bannu,National Highway,Good,Foggy,Daylight,Car/Taxi,2,Wrong Overtaking,1,1,0,0,3,0,Medium
2023,5,Friday,9,Balochistan,Chaman,National Highway,Average,Clear,Daylight,Bus/Coach,2,Pedestrian Error,1,0,0,0,1,0,Low
2021,3,Wednesday,14,Punjab,Gujranwala,National Highway,Average,Foggy,Daylight,Car/Taxi,2,Signal Violation,0,0,0,0,5,2,Medium
2021,7,Friday,17,Punjab,Rawalpindi,National Highway,Average,Foggy,No Light,Car/Taxi,1,Over Speeding,1,0,0,0,9,2,High
2023,6,Tuesday,21,Punjab,Sialkot,Provincial Highway,Poor,Clear,Street Light,Truck/Lorry,1,Drunk Driving,0,0,0,0,11,4,High
2023,4,Sunday,12,Punjab,Bahawalpur,National Highway,Average,Clear,No Light,Van/Pickup,2,Pedestrian Error,1,1,0,0,1,1,Medium
2020,4,Saturday,20,Punjab,Sialkot,Provincial Highway,Good,Dusty/Smoggy,Street Light,Car/Taxi,2,Mobile Phone Use,1,1,0,0,2,0,Low
2021,7,Sunday,12,Sindh,Jacobabad,National Highway,Average,Foggy,Daylight,Truck/Lorry,2,Over Speeding,1,1,0,0,7,0,High
2023,1,Saturday,6,Punjab,Sargodha,Urban Road,Good,Foggy,No Light,Motorcycle,2,Mechanical Failure,0,1,0,1,0,0,Low
2023,6,Saturday,15,KPK,Nowshera,Provincial Highway,Average,Clear,Daylight,Motorcycle,2,Drunk Driving,0,1,0,0,10,1,High
2023,9,Friday,22,Punjab,Sheikhupura,National Highway,Good,Clear,No Light,Car/Taxi,2,Road Condition,0,0,1,0,2,1,Medium
2020,6,Friday,8,Punjab,Sheikhupura,Rural Road,Under Repair,Extreme Heat,Daylight,Bus/Coach,2,Over Speeding,1,0,0,0,1,0,Medium
2018,12,Sunday,12,Sindh,Karachi,Urban Road,Good,Clear,Daylight,Motorcycle,3,Wrong Overtaking,1,1,0,1,5,0,Medium
2020,8,Friday,12,KPK,Abbottabad,Rural Road,Good,Clear,Daylight,Truck/Lorry,1,Road Condition,1,0,0,0,2,0,Low
2020,1,Thursday,21,KPK,Kohat,Rural Road,Poor,Clear,Street Light,Motorcycle,1,Pedestrian Error,0,0,0,1,2,0,Low
2023,12,Friday,14,Sindh,Larkana,Urban Road,Average,Clear,Daylight,Truck/Lorry,1,Over Speeding,0,0,0,1,2,0,Low
2022,11,Friday,12,Punjab,Lahore,National Highway,Good,Clear,Daylight,Car/Taxi,1,Drunk Driving,1,0,0,1,9,1,High
2023,8,Thursday,22,Sindh,Karachi,National Highway,Average,Clear,No Light,Motorcycle,2,Wrong Overtaking,0,0,1,0,8,4,High
2023,1,Saturday,12,Punjab,Multan,National Highway,Good,Foggy,Daylight,Rickshaw,1,Weather Condition,1,1,0,1,2,0,Low
2020,5,Monday,12,Punjab,Gujranwala,National Highway,Under Repair,Dusty/Smoggy,Street Light,Rickshaw,2,Wrong Overtaking,1,0,0,0,5,1,Medium
2021,9,Sunday,7,Punjab,Multan,Rural Road,Poor,Dusty/Smoggy,Daylight,Motorcycle,2,Wrong Overtaking,1,1,0,0,0,0,Low
2023,5,Monday,8,Punjab,Faisalabad,National Highway,Average,Foggy,Dawn/Dusk,Rickshaw,2,Mechanical Failure,1,0,0,0,1,0,Medium
2022,12,Friday,16,Punjab,Gujranwala,National Highway,Average,Clear,Daylight,Rickshaw,3,Mechanical Failure,0,0,0,1,2,0,Medium
2019,7,Saturday,20,Islamabad,Islamabad,National Highway,Good,Clear,Street Light,Motorcycle,1,Over Speeding,1,1,0,0,8,1,High
2019,7,Thursday,9,Islamabad,Islamabad,Urban Road,Under Repair,Dusty/Smoggy,Daylight,Motorcycle,4,Signal Violation,1,0,0,0,3,0,Medium
2018,6,Wednesday,12,Punjab,Rahim Yar Khan,Provincial Highway,Average,Clear,Daylight,Motorcycle,2,Pedestrian Error,1,0,0,0,3,0,Medium
2020,10,Saturday,14,Punjab,Rawalpindi,Rural Road,Good,Clear,Street Light,Motorcycle,2,Drunk Driving,0,1,0,0,8,0,High
2020,10,Monday,13,Punjab,Sargodha,National Highway,Poor,Clear,Daylight,Bus/Coach,3,Driver Fatigue,1,0,0,0,3,1,Medium
2021,10,Monday,22,Punjab,Multan,Rural Road,Average,Clear,No Light,Bus/Coach,2,Pedestrian Error,0,0,1,0,5,0,Medium
2020,3,Monday,11,Islamabad,Islamabad,Urban Road,Good,Dusty/Smoggy,Daylight,Motorcycle,2,Signal Violation,0,0,0,0,3,0,Medium
2023,11,Thursday,19,Punjab,Faisalabad,Urban Road,Under Repair,Clear,Dawn/Dusk,Bus/Coach,2,Wrong Overtaking,1,0,0,1,5,2,Medium
2022,1,Saturday,9,KPK,Charsadda,Provincial Highway,Average,Clear,Daylight,Motorcycle,3,Road Condition,1,1,0,1,1,0,Low
2023,6,Saturday,19,Punjab,Rahim Yar Khan,National Highway,Good,Dusty/Smoggy,No Light,Van/Pickup,4,Mechanical Failure,1,1,0,0,2,0,Low
2019,3,Thursday,18,AJK,Mirpur,Provincial Highway,Good,Extreme Heat,No Light,Car/Taxi,2,Wrong Overtaking,1,0,0,0,4,0,Medium
2023,9,Thursday,3,Punjab,Sargodha,Urban Road,Average,Foggy,Street Light,Van/Pickup,2,Signal Violation,0,0,1,0,0,0,Low
2019,12,Thursday,23,KPK,Charsadda,Urban Road,Average,Foggy,Street Light,Motorcycle,2,Signal Violation,0,0,1,1,8,2,High
2022,7,Thursday,13,Punjab,Rahim Yar Khan,Urban Road,Good,Dusty/Smoggy,Daylight,Car/Taxi,1,Road Condition,1,0,0,0,2,0,Low
2023,6,Monday,17,Sindh,Sukkur,Motorway,Average,Clear,Daylight,Bus/Coach,4,Drunk Driving,1,0,0,0,4,0,Medium
2018,7,Wednesday,8,Punjab,Sialkot,Urban Road,Good,Dusty/Smoggy,Dawn/Dusk,Truck/Lorry,3,Signal Violation,1,0,0,0,1,0,Low
2022,5,Friday,20,Punjab,Multan,National Highway,Good,Clear,No Light,Motorcycle,1,Wrong Overtaking,1,0,0,0,4,0,High
2018,8,Wednesday,8,Islamabad,Islamabad,Rural Road,Poor,Clear,Daylight,Motorcycle,3,Driver Fatigue,1,0,0,0,1,0,Medium
2019,8,Monday,9,Balochistan,Turbat,Urban Road,Average,Clear,Daylight,Rickshaw,3,Over Speeding,1,0,0,0,4,0,Medium
2022,5,Friday,4,Balochistan,Chaman,Provincial Highway,Poor,Clear,Street Light,Motorcycle,2,Wrong Overtaking,0,0,1,0,9,2,High
2023,6,Friday,19,Sindh,Hyderabad,Rural Road,Average,Clear,Street Light,Motorcycle,1,Wrong Overtaking,1,0,0,0,0,0,Low
2022,7,Tuesday,12,KPK,Bannu,Urban Road,Good,Clear,Daylight,Other,2,Over Speeding,1,0,0,0,1,0,Low
2018,5,Tuesday,16,Punjab,Sheikhupura,Rural Road,Poor,Clear,Daylight,Car/Taxi,3,Driver Fatigue,0,0,0,0,2,0,Low
2019,1,Monday,19,Punjab,Bahawalpur,Provincial Highway,Good,Rainy,Daylight,Truck/Lorry,2,Mobile Phone Use,1,0,0,1,2,0,Medium
2022,12,Saturday,21,Punjab,Rahim Yar Khan,Urban Road,Average,Clear,No Light,Car/Taxi,2,Over Speeding,0,1,0,1,0,0,Low
2021,11,Friday,9,Sindh,Sukkur,Provincial Highway,Under Repair,Clear,Daylight,Car/Taxi,2,Over Speeding,1,0,0,1,5,0,Medium
2020,4,Sunday,9,Punjab,Bahawalpur,National Highway,Good,Clear,Dawn/Dusk,Car/Taxi,2,Wrong Overtaking,1,1,0,0,1,0,Low
2020,5,Thursday,18,Punjab,Gujranwala,Provincial Highway,Good,Clear,Daylight,Bicycle,2,Over Speeding,1,0,0,0,1,0,Medium
2023,6,Monday,13,Sindh,Kashmore,Urban Road,Good,Rainy,Street Light,Bicycle,3,Over Speeding,1,0,0,0,1,0,Medium
2021,6,Monday,13,KPK,Kohat,National Highway,Good,Rainy,Daylight,Bicycle,1,Pedestrian Error,1,0,0,0,1,0,Medium
2022,7,Tuesday,14,Punjab,Faisalabad,Provincial Highway,Poor,Foggy,Daylight,Motorcycle,2,Wrong Overtaking,0,0,0,0,4,0,Medium
2019,1,Saturday,13,Punjab,Rawalpindi,Urban Road,Under Repair,Rainy,Daylight,Motorcycle,4,Mechanical Failure,1,1,0,1,1,0,Low
2020,11,Thursday,9,Punjab,Bahawalpur,Provincial Highway,Poor,Clear,Daylight,Rickshaw,3,Wrong Overtaking,1,0,0,1,3,0,Medium
2022,1,Monday,14,Punjab,Lahore,Urban Road,Good,Rainy,Daylight,Car/Taxi,1,Signal Violation,0,0,0,1,1,0,Medium
2021,6,Saturday,7,Punjab,Multan,National Highway,Average,Rainy,Daylight,Truck/Lorry,2,Wrong Overtaking,1,1,0,0,8,2,High
2022,5,Wednesday,17,Sindh,Nawabshah,Urban Road,Average,Foggy,Daylight,Car/Taxi,2,Over Speeding,1,0,0,0,3,0,Medium
2018,10,Thursday,21,Sindh,Dadu,Urban Road,Good,Dusty/Smoggy,No Light,Motorcycle,2,Driver Fatigue,0,0,0,0,4,0,Medium
2018,2,Thursday,21,KPK,Charsadda,Provincial Highway,Good,Clear,No Light,Motorcycle,2,Wrong Overtaking,0,0,0,1,5,1,Medium
2020,3,Sunday,6,Punjab,Rahim Yar Khan,Urban Road,Good,Clear,Daylight,Motorcycle,2,Wrong Overtaking,0,1,0,0,1,1,Medium
2018,5,Thursday,5,KPK,Kohat,Urban Road,Poor,Rainy,Dawn/Dusk,Motorcycle,1,Over Speeding,0,0,1,0,11,2,High
2022,3,Sunday,9,Punjab,Sargodha,Urban Road,Average,Rainy,Daylight,Car/Taxi,2,Road Condition,1,1,0,0,1,0,Low
2021,9,Monday,22,Sindh,Thatta,National Highway,Poor,Extreme Heat,Street Light,Motorcycle,1,Wrong Overtaking,0,0,1,0,3,0,High
2020,5,Sunday,20,KPK,Bannu,Urban Road,Average,Foggy,No Light,Van/Pickup,2,Mobile Phone Use,1,1,0,0,0,1,Low
2018,8,Tuesday,11,Punjab,Rawalpindi,Urban Road,Poor,Dusty/Smoggy,Daylight,Van/Pickup,2,Wrong Overtaking,0,0,0,0,0,0,Low
2019,9,Friday,20,Punjab,Bahawalpur,Urban Road,Under Repair,Clear,Street Light,Car/Taxi,1,Over Speeding,1,0,0,0,5,0,Medium
2020,4,Tuesday,7,Balochistan,Khuzdar,National Highway,Good,Clear,Street Light,Motorcycle,4,Pedestrian Error,1,0,0,0,2,1,High
2018,9,Monday,5,Punjab,Lahore,National Highway,Good,Foggy,No Light,Motorcycle,2,Signal Violation,0,0,1,0,3,2,High
2020,8,Wednesday,2,KPK,Swat,Urban Road,Poor,Foggy,No Light,Bus/Coach,2,Road Condition,0,0,1,0,5,1,Medium
2021,6,Saturday,2,Punjab,Sargodha,National Highway,Under Repair,Clear,Street Light,Rickshaw,2,Mechanical Failure,0,1,1,0,5,1,Medium
2022,12,Sunday,19,KPK,Bannu,Rural Road,Average,Rainy,Street Light,Rickshaw,2,Over Speeding,1,1,0,1,2,0,Medium
2019,3,Wednesday,17,Punjab,Rahim Yar Khan,Rural Road,Average,Clear,Daylight,Motorcycle,2,Signal Violation,1,0,0,0,5,0,Medium
2021,11,Friday,11,Punjab,Sargodha,Rural Road,Good,Clear,Street Light,Motorcycle,1,Over Speeding,0,0,0,1,5,2,Medium
2023,3,Saturday,12,Sindh,Kashmore,National Highway,Poor,Clear,Daylight,Motorcycle,4,Wrong Overtaking,1,1,0,0,10,1,High
2021,5,Friday,9,Punjab,Gujranwala,Rural Road,Good,Clear,No Light,Rickshaw,2,Drunk Driving,1,0,0,0,2,0,Low
2022,7,Monday,16,Punjab,Lahore,National Highway,Poor,Rainy,Daylight,Car/Taxi,3,Mobile Phone Use,0,0,0,0,0,0,Low
2023,7,Saturday,18,Punjab,Lahore,National Highway,Average,Clear,Daylight,Car/Taxi,2,Wrong Overtaking,1,1,0,0,3,0,Medium
2023,9,Friday,20,Punjab,Sheikhupura,Rural Road,Good,Clear,Street Light,Bus/Coach,4,Driver Fatigue,1,0,0,0,1,0,Low
2019,12,Saturday,21,Punjab,Multan,National Highway,Good,Rainy,No Light,Truck/Lorry,4,Signal Violation,0,1,0,1,11,2,High
2022,1,Wednesday,11,Punjab,Rawalpindi,National Highway,Poor,Foggy,Daylight,Truck/Lorry,2,Over Speeding,0,0,0,1,9,1,High
2022,9,Saturday,6,Balochistan,Hub,Rural Road,Poor,Clear,Street Light,Rickshaw,1,Signal Violation,0,1,0,0,2,0,Low
2018,10,Sunday,14,Punjab,Sargodha,Motorway,Good,Clear,Daylight,Other,2,Wrong Overtaking,0,1,0,0,2,0,Medium
2019,9,Thursday,5,Sindh,Jacobabad,Urban Road,Good,Clear,Dawn/Dusk,Motorcycle,3,Signal Violation,0,0,1,0,5,1,Medium
2023,8,Thursday,18,Punjab,Gujranwala,Urban Road,Good,Clear,Dawn/Dusk,Motorcycle,1,Wrong Overtaking,1,0,0,0,2,0,Low
2018,3,Sunday,10,Punjab,Bahawalpur,Provincial Highway,Good,Foggy,Daylight,Bus/Coach,1,Over Speeding,0,1,0,0,9,0,High
2020,6,Saturday,9,Islamabad,Islamabad,National Highway,Average,Foggy,Daylight,Motorcycle,1,Wrong Overtaking,1,1,0,0,4,2,High
2023,7,Saturday,17,Punjab,Gujranwala,National Highway,Good,Dusty/Smoggy,Daylight,Truck/Lorry,1,Over Speeding,1,1,0,0,6,0,High
2022,6,Wednesday,14,Islamabad,Islamabad,Provincial Highway,Average,Rainy,No Light,Rickshaw,2,Mechanical Failure,0,0,0,0,0,0,Low
2020,3,Thursday,7,Punjab,Rahim Yar Khan,Rural Road,Average,Clear,No Light,Motorcycle,2,Road Condition,1,0,0,0,1,1,Low
2023,2,Tuesday,15,KPK,Swat,Rural Road,Good,Clear,Street Light,Car/Taxi,2,Mechanical Failure,0,0,0,1,1,0,Low
2019,2,Saturday,8,Sindh,Nawabshah,Provincial Highway,Good,Clear,Daylight,Motorcycle,2,Drunk Driving,1,1,0,1,11,1,High
2021,2,Sunday,10,Balochistan,Khuzdar,Rural Road,Good,Foggy,Daylight,Truck/Lorry,2,Road Condition,0,1,0,1,1,0,Low
2021,5,Friday,6,Sindh,Larkana,Urban Road,Under Repair,Dusty/Smoggy,Daylight,Motorcycle,2,Road Condition,0,0,0,0,2,0,Low
2021,7,Thursday,8,Sindh,Thatta,Urban Road,Good,Clear,Dawn/Dusk,Motorcycle,4,Signal Violation,1,0,0,0,2,2,Medium
2018,2,Thursday,1,Punjab,Rahim Yar Khan,Provincial Highway,Poor,Clear,Street Light,Rickshaw,2,Wrong Overtaking,0,0,1,1,0,0,Low
2020,8,Friday,0,Punjab,Rahim Yar Khan,National Highway,Good,Clear,No Light,Motorcycle,2,Road Condition,0,0,1,0,3,3,High
2021,11,Saturday,23,Balochistan,Khuzdar,Rural Road,Average,Rainy,No Light,Car/Taxi,1,Pedestrian Error,0,1,1,1,1,1,Medium
2022,4,Friday,14,Punjab,Rahim Yar Khan,Rural Road,Average,Clear,Daylight,Rickshaw,1,Over Speeding,0,0,0,0,1,0,Low
2018,11,Saturday,11,Punjab,Rawalpindi,Urban Road,Poor,Clear,Dawn/Dusk,Car/Taxi,3,Wrong Overtaking,0,1,0,1,2,0,Low
2023,8,Friday,16,KPK,Mansehra,Provincial Highway,Good,Clear,Daylight,Car/Taxi,4,Over Speeding,0,0,0,0,4,0,Medium
2020,8,Saturday,19,Punjab,Bahawalpur,Rural Road,Good,Rainy,Dawn/Dusk,Motorcycle,3,Mechanical Failure,1,1,0,0,4,1,Medium
2021,6,Tuesday,8,Islamabad,Islamabad,Urban Road,Average,Clear,Daylight,Motorcycle,2,Signal Violation,1,0,0,0,1,1,Medium
2018,5,Tuesday,19,KPK,Dera Ismail Khan,National Highway,Good,Clear,Street Light,Bus/Coach,3,Signal Violation,1,0,0,0,5,0,Medium
2018,5,Tuesday,19,Sindh,Hyderabad,Rural Road,Average,Clear,No Light,Motorcycle,2,Over Speeding,1,0,0,0,1,1,Medium
2022,1,Wednesday,10,Balochistan,Quetta,Provincial Highway,Good,Clear,Daylight,Motorcycle,1,Over Speeding,0,0,0,1,3,1,High
2022,1,Wednesday,14,Punjab,Rahim Yar Khan,National Highway,Good,Rainy,Daylight,Truck/Lorry,2,Wrong Overtaking,0,0,0,1,4,0,Medium
2021,12,Monday,21,Punjab,Lahore,National Highway,Average,Dusty/Smoggy,Street Light,Van/Pickup,1,Wrong Overtaking,0,0,0,1,0,0,Low
2021,6,Wednesday,16,Sindh,Jacobabad,Provincial Highway,Average,Clear,Dawn/Dusk,Van/Pickup,1,Over Speeding,0,0,0,0,3,0,Medium
2021,9,Friday,18,Punjab,Faisalabad,National Highway,Poor,Clear,Daylight,Motorcycle,2,Over Speeding,1,0,0,0,5,1,High
2021,4,Thursday,12,KPK,Bannu,Provincial Highway,Average,Clear,Daylight,Rickshaw,3,Signal Violation,1,0,0,0,2,0,Low
2023,5,Tuesday,18,Balochistan,Dera Bugti,National Highway,Poor,Foggy,Dawn/Dusk,Car/Taxi,2,Weather Condition,1,0,0,0,2,0,Medium
2022,10,Monday,20,Sindh,Larkana,National Highway,Poor,Clear,No Light,Car/Taxi,2,Drunk Driving,1,0,0,0,4,2,High
2022,4,Saturday,14,Punjab,Sargodha,National Highway,Average,Rainy,Daylight,Car/Taxi,1,Drunk Driving,0,1,0,0,9,2,High
2023,2,Wednesday,9,Islamabad,Islamabad,Urban Road,Good,Foggy,Daylight,Motorcycle,1,Road Condition,1,0,0,1,2,0,Medium
2018,12,Wednesday,4,Sindh,Mirpur Khas,Urban Road,Good,Clear,Street Light,Motorcycle,4,Over Speeding,0,0,1,1,2,0,High
2022,12,Tuesday,3,Sindh,Mirpur Khas,National Highway,Average,Dusty/Smoggy,No Light,Motorcycle,2,Signal Violation,0,0,1,1,8,2,High
2019,12,Friday,20,Punjab,Sargodha,Rural Road,Poor,Foggy,Street Light,Bus/Coach,2,Signal Violation,1,0,0,1,3,0,Medium
2022,12,Thursday,14,Balochistan,Sibi,Urban Road,Good,Clear,Daylight,Car/Taxi,1,Mechanical Failure,0,0,0,1,0,0,Low