year,month,day_of_week,hour_of_day,province,district,road_type,road_condition,weather_condition,lighting_condition,vehicle_type,vehicles_involved,accident_cause,is_rush_hour,is_weekend,is_night,is_foggy_month,num_injured,num_killed,severity
2018,9,Wednesday,17,Sindh,Larkana,National Highway,Good,Clear,Daylight,Motorcycle,2,Mobile Phone Use,1,0,0,0,1,1,Medium
2022,1,Sunday,1,KPK,Bannu,National Highway,Good,Clear,Street Light,Car/Taxi,1,Mechanical Failure,0,1,1,1,1,0,Medium
2023,10,Tuesday,1,KPK,Bannu,National Highway,Average,Rainy,No Light,Motorcycle,1,Road Condition,0,0,1,0,10,1,High
2022,3,Friday,14,Punjab,Bahawalpur,National Highway,Poor,Clear,No Light,Motorcycle,2,Wrong Overtaking,0,0,0,0,2,0,Medium
2023,10,Friday,11,Sindh,Karachi,Urban Road,Average,Foggy,Daylight,Car/Taxi,2,Mechanical Failure,0,0,0,0,2,0,Low
2022,11,Tuesday,18,Balochistan,Dera Bugti,National Highway,Good,Clear,Daylight,Motorcycle,2,Over Speeding,1,0,0,1,4,1,High
2021,5,Tuesday,18,Punjab,Sheikhupura,Provincial Highway,Good,Foggy,Daylight,Motorcycle,1,Wrong Overtaking,1,0,0,0,3,0,Medium
2021,7,Sunday,12,KPK,Abbottabad,Provincial Highway,Average,Clear,Street Light,Car/Taxi,2,Signal Violation,1,1,0,0,4,2,Medium
2022,8,Friday,8,Islamabad,Islamabad,National Highway,Poor,Rainy,Street Light,Car/Taxi,3,Over Speeding,1,0,0,0,3,2,High
2023,6,Sunday,19,Sindh,Thatta,Provincial Highway,Average,Clear,Dawn/Dusk,Motorcycle,2,Over Speeding,1,1,0,0,9,2,High
2023,7,Monday,16,KPK,Kohat,Urban Road,Average,Rainy,Daylight,Motorcycle,1,Mobile Phone Use,0,0,0,0,4,0,Medium
2022,6,Friday,7,KPK,Mansehra,Provincial Highway,Good,Rainy,Daylight,Van/Pickup,3,Pedestrian Error,1,0,0,0,0,0,Low
2023,12,Saturday,10,Balochistan,Khuzdar,Rural Road,Good,Clear,Daylight,Rickshaw,4,Wrong Overtaking,0,1,0,1,0,0,Low
2020,3,Friday,17,Punjab,Sargodha,National Highway,Under Repair,Clear,Street Light,Motorcycle,3,Signal Violation,1,0,0,0,2,2,High
2023,7,Saturday,5,Punjab,Faisalabad,Urban Road,Average,Clear,No Light,Motorcycle,2,Road Condition,0,1,1,0,0,0,Low
2023,7,Monday,5,Punjab,Rawalpindi,Provincial Highway,Good,Clear,Street Light,Truck/Lorry,3,Over Speeding,0,0,1,0,11,1,High
2020,9,Monday,21,KPK,Mardan,Provincial Highway,Good,Extreme Heat,Street Light,Truck/Lorry,1,Mechanical Failure,0,0,0,0,1,0,Low
2020,6,Saturday,13,Sindh,Dadu,Motorway,Good,Clear,Daylight,Motorcycle,2,Signal Violation,1,1,0,0,8,1,High
2022,5,Monday,22,KPK,Abbottabad,Rural Road,Poor,Clear,Street Light,Car/Taxi,2,Over Speeding,0,0,1,0,2,0,Medium
2021,10,Friday,7,Punjab,Bahawalpur,National Highway,Poor,Foggy,Daylight,Motorcycle,1,Over Speeding,1,0,0,0,8,1,High
2022,6,Sunday,9,Sindh,Nawabshah,Motorway,Good,Dusty/Smoggy,Daylight,Car/Taxi,2,Road Condition,1,1,0,0,0,0,Low
2021,5,Friday,18,Punjab,Lahore,National Highway,Poor,Clear,Daylight,Motorcycle,2,Road Condition,1,0,0,0,4,1,Medium
2022,8,Wednesday,15,KPK,Mansehra,National Highway,Average,Clear,Daylight,Motorcycle,1,Road Condition,0,0,0,0,3,2,High
2020,1,Friday,12,Sindh,Thatta,National Highway,Average,Clear,Daylight,Motorcycle,2,Signal Violation,1,0,0,1,8,1,High
2023,7,Friday,15,Punjab,Rahim Yar Khan,Provincial Highway,Poor,Rainy,Daylight,Motorcycle,3,Mechanical Failure,0,0,0,0,2,0,Medium
2019,12,Sunday,20,Punjab,Rawalpindi,Provincial Highway,Good,Rainy,Street Light,Van/Pickup,2,Over Speeding,1,1,0,1,4,0,Medium
2018,5,Sunday,5,KPK,Nowshera,National Highway,Poor,Rainy,Dawn/Dusk,Car/Taxi,1,Over Speeding,0,1,1,0,2,2,High
2021,11,Sunday,18,Sindh,Nawabshah,Urban Road,Good,Clear,Street Light,Rickshaw,2,Signal Violation,1,1,0,1,0,0,Low
2023,5,Saturday,17,Punjab,Lahore,Provincial Highway,Good,Rainy,Daylight,Motorcycle,2,Over Speeding,1,1,0,0,5,1,High
2023,2,Sunday,23,Islamabad,Islamabad,Rural Road,Under Repair,Clear,Street Light,Motorcycle,2,Pedestrian Error,0,1,1,1,1,0,Low
2023,5,Saturday,20,KPK,Mardan,Motorway,Good,Clear,Street Light,Rickshaw,3,Road Condition,1,1,0,0,4,0,Medium
2021,5,Tuesday,18,Islamabad,Islamabad,Urban Road,Poor,Clear,Dawn/Dusk,Motorcycle,1,Wrong Overtaking,1,0,0,0,4,1,Medium
2021,3,Friday,3,Sindh,Mirpur Khas,National Highway,Poor,Extreme Heat,Street Light,Car/Taxi,3,Driver Fatigue,0,0,1,0,5,1,Medium
2023,5,Tuesday,18,Sindh,Jacobabad,Provincial Highway,Average,Clear,Dawn/Dusk,Truck/Lorry,1,Road Condition,1,0,0,0,2,0,Low
2019,4,Thursday,19,Balochistan,Gwadar,Rural Road,Poor,Rainy,Dawn/Dusk,Bus/Coach,2,Signal Violation,1,0,0,0,1,0,Medium
2023,4,Thursday,17,Sindh,Nawabshah,Rural Road,Good,Foggy,Daylight,Van/Pickup,1,Pedestrian Error,1,0,0,0,0,0,Low
2019,5,Tuesday,5,KPK,Mardan,Provincial Highway,Average,Rainy,Daylight,Truck/Lorry,2,Mechanical Failure,0,0,1,0,2,0,Medium
2022,11,Friday,23,Punjab,Gujranwala,National Highway,Good,Rainy,Street Light,Motorcycle,1,Over Speeding,0,0,1,1,10,2,High
2019,5,Tuesday,6,Sindh,Kashmore,Provincial Highway,Good,Clear,Daylight,Car/Taxi,1,Pedestrian Error,0,0,0,0,2,0,Low
2022,7,Thursday,9,Punjab,Rawalpindi,Urban Road,Average,Foggy,Daylight,Van/Pickup,2,Over Speeding,1,0,0,0,1,0,Medium
2021,8,Saturday,19,Punjab,Lahore,National Highway,Under Repair,Clear,Dawn/Dusk,Motorcycle,2,Road Condition,1,1,0,0,3,0,Medium
2022,4,Saturday,4,Punjab,Sialkot,Urban Road,Average,Clear,No Light,Motorcycle,1,Road Condition,0,1,1,0,4,2,Medium
2019,7,Sunday,12,Punjab,Sheikhupura,Urban Road,Good,Foggy,Street Light,Truck/Lorry,2,Wrong Overtaking,1,1,0,0,3,1,Medium
2023,9,Sunday,23,AJK,Mirpur,Provincial Highway,Good,Clear,No Light,Motorcycle,2,Wrong Overtaking,0,1,1,0,7,1,High
2018,3,Friday,20,Punjab,Rahim Yar Khan,Provincial Highway,Good,Clear,Street Light,Car/Taxi,1,Over Speeding,1,0,0,0,3,1,Medium
2023,2,Sunday,18,KPK,Charsadda,National Highway,Average,Clear,Daylight,Truck/Lorry,1,Wrong Overtaking,1,1,0,1,3,1,Medium
2018,2,Monday,20,KPK,Swat,Urban Road,Average,Clear,Street Light,Car/Taxi,1,Road Condition,1,0,0,1,1,0,Low
2020,10,Monday,13,Sindh,Thatta,Urban Road,Poor,Clear,Street Light,Bus/Coach,3,Wrong Overtaking,1,0,0,0,0,1,Low
2020,11,Thursday,6,Punjab,Gujranwala,National Highway,Good,Foggy,Daylight,Car/Taxi,2,Pedestrian Error,0,0,0,1,5,1,Medium
2019,7,Saturday,15,KPK,Abbottabad,National Highway,Under Repair,Foggy,Daylight,Van/Pickup,2,Driver Fatigue,0,1,0,0,11,0,High
2022,2,Thursday,7,Sindh,Larkana,Provincial Highway,Poor,Rainy,Street Light,Car/Taxi,2,Over Speeding,1,0,0,1,8,1,High
2021,11,Thursday,20,KPK,Nowshera,Urban Road,Under Repair,Clear,No Light,Rickshaw,4,Weather Condition,1,0,0,1,1,0,Low
2022,2,Thursday,7,KPK,Kohat,Provincial Highway,Good,Foggy,Daylight,Car/Taxi,1,Wrong Overtaking,1,0,0,1,4,1,Medium
2019,7,Wednesday,17,AJK,Rawalakot,Urban Road,Good,Extreme Heat,Daylight,Motorcycle,2,Over Speeding,1,0,0,0,2,1,Medium
2023,2,Sunday,11,Sindh,Sukkur,Rural Road,Average,Clear,Daylight,Rickshaw,3,Wrong Overtaking,0,1,0,1,2,0,Low
2022,5,Saturday,11,Punjab,Rahim Yar Khan,National Highway,Average,Clear,Daylight,Car/Taxi,2,Over Speeding,0,1,0,0,2,1,Medium
2023,9,Wednesday,10,Sindh,Nawabshah,Provincial Highway,Average,Rainy,Street Light,Motorcycle,2,Over Speeding,0,0,0,0,2,0,High
2019,12,Wednesday,8,Punjab,Bahawalpur,Motorway,Poor,Clear,Dawn/Dusk,Motorcycle,2,Road Condition,1,0,0,1,5,1,Medium
2020,4,Friday,20,Balochistan,Gwadar,National Highway,Good,Rainy,No Light,Rickshaw,1,Over Speeding,1,0,0,0,3,1,High
2019,7,Sunday,18,Punjab,Lahore,Rural Road,Average,Clear,Dawn/Dusk,Motorcycle,2,Mobile Phone Use,1,1,0,0,4,0,Medium
2020,9,Friday,13,Punjab,Multan,National Highway,Under Repair,Clear,Street Light,Motorcycle,1,Over Speeding,1,0,0,0,4,2,High
2022,12,Wednesday,8,KPK,Kohat,Urban Road,Poor,Clear,Daylight,Motorcycle,2,Pedestrian Error,1,0,0,1,1,0,Low
2021,3,Tuesday,16,Sindh,Thatta,Rural Road,Good,Dusty/Smoggy,Dawn/Dusk,Motorcycle,4,Over Speeding,0,0,0,0,1,0,Medium
2021,9,Saturday,20,Punjab,Sargodha,Urban Road,Average,Foggy,No Light,Car/Taxi,2,Mechanical Failure,1,1,0,0,0,0,Low
2020,8,Wednesday,13,Sindh,Hyderabad,National Highway,Poor,Clear,No Light,Van/Pickup,1,Road Condition,1,0,0,0,2,0,Low
2019,1,Tuesday,8,Balochistan,Sibi,National Highway,Average,Clear,Daylight,Rickshaw,3,Drunk Driving,1,0,0,1,1,1,Medium
2020,8,Friday,13,Punjab,Rawalpindi,National Highway,Poor,Rainy,No Light,Car/Taxi,3,Pedestrian Error,1,0,0,0,4,1,Medium
2018,12,Sunday,9,Balochistan,Sibi,Provincial Highway,Poor,Rainy,Daylight,Car/Taxi,2,Wrong Overtaking,1,1,0,1,1,0,Medium
2021,6,Tuesday,14,Punjab,Lahore,Urban Road,Average,Clear,Daylight,Motorcycle,1,Over Speeding,0,0,0,0,2,1,Medium
2020,11,Monday,16,KPK,Bannu,Rural Road,Good,Foggy,Dawn/Dusk,Car/Taxi,2,Over Speeding,0,0,0,1,1,0,Medium
2023,9,Monday,7,Balochistan,Loralai,Urban Road,Poor,Clear,Dawn/Dusk,Bus/Coach,2,Wrong Overtaking,1,0,0,0,2,0,Low
2023,8,Thursday,4,Punjab,Faisalabad,Rural Road,Average,Rainy,Street Light,Bus/Coach,2,Wrong Overtaking,0,0,1,0,3,0,Medium
2021,1,Friday,21,Sindh,Kashmore,Urban Road,Good,Clear,Street Light,Car/Taxi,3,Driver Fatigue,0,0,0,1,0,0,Low
2019,8,Sunday,10,Punjab,Sargodha,Urban Road,Good,Clear,Daylight,Car/Taxi,3,Wrong Overtaking,0,1,0,0,2,0,Low
2023,7,Saturday,14,KPK,Peshawar,National Highway,Average,Clear,Daylight,Motorcycle,1,Driver Fatigue,0,1,0,0,2,0,High
2018,12,Saturday,13,Sindh,Sukkur,Rural Road,Poor,Rainy,Daylight,Van/Pickup,2,Pedestrian Error,1,1,0,1,1,0,Low
2018,7,Saturday,14,Sindh,Jacobabad,Provincial Highway,Average,Clear,Daylight,Rickshaw,1,Pedestrian Error,0,1,0,0,2,0,Low
2022,8,Friday,12,Punjab,Rawalpindi,Provincial Highway,Average,Clear,Daylight,Motorcycle,2,Pedestrian Error,1,0,0,0,5,0,Medium
2019,11,Saturday,9,Punjab,Faisalabad,National Highway,Good,Clear,Daylight,Motorcycle,2,Pedestrian Error,1,1,0,1,1,1,Medium
2022,6,Sunday,4,Punjab,Gujranwala,National Highway,Good,Clear,Street Light,Motorcycle,2,Over Speeding,0,1,1,0,2,2,High
2018,4,Sunday,14,Punjab,Rawalpindi,Provincial Highway,Under Repair,Clear,Dawn/Dusk,Rickshaw,3,Over Speeding,0,1,0,0,3,0,Medium
2022,3,Saturday,1,Sindh,Dadu,National Highway,Average,Foggy,No Light,Rickshaw,2,Wrong Overtaking,0,1,1,0,11,2,High
2019,7,Thursday,8,Balochistan,Loralai,Provincial Highway,Good,Rainy,Daylight,Bicycle,2,Mobile Phone Use,1,0,0,0,2,0,Medium
2018,6,Friday,8,KPK,Peshawar,Rural Road,Good,Dusty/Smoggy,Daylight,Van/Pickup,2,Over Speeding,1,0,0,0,2,1,Medium
2022,8,Sunday,2,Sindh,Karachi,Provincial Highway,Average,Clear,Street Light,Car/Taxi,2,Mechanical Failure,0,1,1,0,4,0,Medium
2022,5,Saturday,18,Islamabad,Islamabad,Urban Road,Good,Rainy,Daylight,Motorcycle,1,Signal Violation,1,1,0,0,7,3,High
2021,12,Sunday,11,KPK,Mansehra,Rural Road,Poor,Rainy,Street Light,Motorcycle,3,Signal Violation,0,1,0,1,3,0,Medium
2023,3,Wednesday,16,Islamabad,Islamabad,National Highway,Poor,Dusty/Smoggy,Dawn/Dusk,Motorcycle,2,Over Speeding,0,0,0,0,7,2,High
2018,5,Monday,15,Sindh,Larkana,Rural Road,Under Repair,Dusty/Smoggy,Daylight,Motorcycle,3,Pedestrian Error,0,0,0,0,2,1,Low
2023,11,Friday,15,Punjab,Lahore,Urban Road,Poor,Clear,Daylight,Car/Taxi,1,Over Speeding,0,0,0,1,0,0,Low
2020,12,Thursday,18,Punjab,Sheikhupura,Urban Road,Good,Rainy,Daylight,Motorcycle,1,Pedestrian Error,1,0,0,1,3,1,Medium
2020,8,Friday,13,KPK,Mardan,Rural Road,Good,Rainy,Daylight,Motorcycle,2,Road Condition,1,0,0,0,0,0,Low
2021,1,Monday,21,Punjab,Lahore,Rural Road,Under Repair,Dusty/Smoggy,Street Light,Motorcycle,3,Mechanical Failure,0,0,0,1,2,0,Low
2023,3,Sunday,6,Punjab,Rawalpindi,National Highway,Average,Clear,Daylight,Motorcycle,1,Pedestrian Error,0,1,0,0,4,1,Medium
2021,6,Thursday,21,Sindh,Kashmore,National Highway,Average,Dusty/Smoggy,No Light,Bus/Coach,1,Over Speeding,0,0,0,0,4,0,Medium
2018,2,Tuesday,14,Sindh,Karachi,National Highway,Average,Extreme Heat,Dawn/Dusk,Motorcycle,1,Over Speeding,0,0,0,1,3,0,High
2020,1,Saturday,13,Sindh,Larkana,National Highway,Poor,Rainy,Daylight,Rickshaw,2,Road Condition,1,1,0,1,0,0,Low
2022,5,Monday,14,Punjab,Multan,Rural Road,Good,Clear,Street Light,Truck/Lorry,4,Signal Violation,0,0,0,0,0,0,Low
2020,12,Monday,7,Punjab,Sialkot,Urban Road,Average,Clear,Dawn/Dusk,Car/Taxi,2,Pedestrian Error,1,0,0,1,1,0,Low
2022,6,Sunday,11,Sindh,Sukkur,National Highway,Poor,Clear,Daylight,Rickshaw,3,Over Speeding,0,1,0,0,2,1,High
2018,8,Sunday,14,Islamabad,Islamabad,Provincial Highway,Under Repair,Foggy,Daylight,Motorcycle,1,Mechanical Failure,0,1,0,0,5,0,High
2021,4,Saturday,23,KPK,Bannu,National Highway,Average,Foggy,No Light,Truck/Lorry,2,Wrong Overtaking,0,1,1,0,11,0,High
2021,3,Sunday,13,Islamabad,Islamabad,Rural Road,Good,Foggy,Daylight,Motorcycle,2,Over Speeding,1,1,0,0,7,4,High
2022,2,Saturday,18,KPK,Mansehra,Urban Road,Good,Clear,Daylight,Car/Taxi,2,Wrong Overtaking,1,1,0,1,1,0,Low
2023,1,Monday,15,Sindh,Jacobabad,National Highway,Average,Clear,Daylight,Motorcycle,4,Road Condition,0,0,0,1,4,0,Medium
2019,8,Saturday,12,Punjab,Sialkot,Rural Road,Good,Clear,Daylight,Car/Taxi,4,Road Condition,1,1,0,0,1,0,Low
2019,5,Saturday,16,KPK,Bannu,Rural Road,Good,Clear,Daylight,Rickshaw,2,Wrong Overtaking,0,1,0,0,1,0,Low
2023,7,Wednesday,7,Sindh,Hyderabad,Urban Road,Average,Clear,Daylight,Car/Taxi,2,Mechanical Failure,1,0,0,0,1,0,Low
2020,2,Tuesday,12,Sindh,Thatta,Provincial Highway,Poor,Clear,Daylight,Van/Pickup,1,Over Speeding,1,0,0,1,5,0,Medium
2023,8,Saturday,8,Sindh,Mirpur Khas,Rural Road,Average,Clear,Daylight,Rickshaw,2,Signal Violation,1,1,0,0,1,0,Low
2020,6,Monday,19,Sindh,Hyderabad,Provincial Highway,Poor,Foggy,Street Light,Car/Taxi,1,Pedestrian Error,1,0,0,0,0,0,Low
2021,12,Saturday,9,Punjab,Sargodha,Provincial Highway,Good,Clear,Daylight,Motorcycle,2,Over Speeding,1,1,0,1,7,1,High
2023,6,Friday,5,Sindh,Mirpur Khas,Provincial Highway,Average,Clear,Dawn/Dusk,Motorcycle,3,Over Speeding,0,0,1,0,9,2,High
2019,12,Wednesday,16,Punjab,Bahawalpur,Motorway,Poor,Clear,Daylight,Motorcycle,1,Mechanical Failure,0,0,0,1,5,1,Medium
2021,6,Monday,6,KPK,Dera Ismail Khan,Provincial Highway,Average,Clear,Dawn/Dusk,Motorcycle,2,Road Condition,0,0,0,0,3,0,Medium
2018,6,Tuesday,22,Punjab,Sialkot,Provincial Highway,Poor,Clear,Street Light,Motorcycle,2,Mobile Phone Use,0,0,1,0,10,2,High
2019,2,Thursday,10,Punjab,Sargodha,Rural Road,Under Repair,Extreme Heat,Daylight,Bus/Coach,2,Mobile Phone Use,0,0,0,1,2,0,Low
2018,12,Monday,14,Sindh,Karachi,National Highway,Poor,Foggy,Daylight,Motorcycle,2,Over Speeding,0,0,0,1,4,1,High
2023,11,Saturday,17,Sindh,Hyderabad,National Highway,Poor,Clear,Daylight,Rickshaw,2,Over Speeding,1,1,0,1,3,1,Medium
2020,1,Friday,16,Sindh,Dadu,Urban Road,Average,Clear,Daylight,Truck/Lorry,1,Driver Fatigue,0,0,0,1,4,0,Medium
2020,11,Sunday,23,Punjab,Sargodha,Urban Road,Good,Foggy,Street Light,Car/Taxi,2,Mechanical Failure,0,1,1,1,1,0,Medium
2018,8,Saturday,17,Sindh,Jacobabad,Urban Road,Poor,Clear,Daylight,Motorcycle,2,Wrong Overtaking,1,1,0,0,2,1,Medium
2023,10,Monday,19,Punjab,Multan,Urban Road,Good,Foggy,No Light,Motorcycle,1,Driver Fatigue,1,0,0,0,3,1,High
2021,5,Tuesday,22,Islamabad,Islamabad,National Highway,Average,Rainy,No Light,Car/Taxi,2,Driver Fatigue,0,0,1,0,10,4,High
2019,9,Thursday,6,Islamabad,Islamabad,Urban Road,Good,Clear,Dawn/Dusk,Motorcycle,1,Mechanical Failure,0,0,0,0,1,1,Medium
2023,11,Thursday,13,Sindh,Larkana,National Highway,Average,Extreme Heat,Daylight,Motorcycle,1,Wrong Overtaking,1,0,0,1,5,0,Medium
2021,6,Wednesday,7,Punjab,Rawalpindi,Motorway,Under Repair,Clear,Daylight,Motorcycle,2,Over Speeding,1,0,0,0,6,0,High
2019,2,Wednesday,12,KPK,Dera Ismail Khan,Urban Road,Average,Clear,Dawn/Dusk,Car/Taxi,1,Drunk Driving,1,0,0,1,1,0,Medium
2018,6,Friday,23,Punjab,Multan,National Highway,Average,Clear,No Light,Rickshaw,4,Road Condition,0,0,1,0,3,0,Medium
2019,12,Sunday,19,Sindh,Kashmore,Urban Road,Average,Dusty/Smoggy,No Light,Rickshaw,3,Pedestrian Error,1,1,0,1,1,0,Low
2022,9,Tuesday,10,Punjab,Sialkot,Urban Road,Good,Dusty/Smoggy,Daylight,Car/Taxi,2,Wrong Overtaking,0,0,0,0,2,1,Low
2020,5,Friday,19,Islamabad,Islamabad,Motorway,Average,Clear,Street Light,Car/Taxi,1,Driver Fatigue,1,0,0,0,4,1,Medium
2023,12,Friday,7,Punjab,Rawalpindi,National Highway,Poor,Clear,Daylight,Motorcycle,4,Over Speeding,1,0,0,1,10,3,High
2022,1,Monday,10,Sindh,Kashmore,National Highway,Good,Rainy,Daylight,Motorcycle,2,Pedestrian Error,0,0,0,1,9,0,High
2023,6,Wednesday,16,KPK,Charsadda,National Highway,Average,Dusty/Smoggy,Street Light,Truck/Lorry,1,Driver Fatigue,0,0,0,0,9,2,High
2022,11,Saturday,17,Sindh,Karachi,Provincial Highway,Good,Clear,Daylight,Car/Taxi,1,Wrong Overtaking,1,1,0,1,1,0,Low
2023,8,Thursday,15,Punjab,Sialkot,National Highway,Average,Extreme Heat,Daylight,Car/Taxi,3,Drunk Driving,0,0,0,0,7,2,High
2023,3,Saturday,16,AJK,Muzaffarabad,Urban Road,Average,Foggy,Dawn/Dusk,Car/Taxi,2,Wrong Overtaking,0,1,0,0,3,2,Medium
2021,8,Monday,18,Sindh,Hyderabad,National Highway,Poor,Clear,Daylight,Motorcycle,2,Over Speeding,1,0,0,0,7,1,High
2020,12,Sunday,15,Sindh,Karachi,National Highway,Average,Clear,Daylight,Motorcycle,1,Mechanical Failure,0,1,0,1,6,1,High
2023,2,Wednesday,10,Punjab,Multan,Provincial Highway,Good,Foggy,Daylight,Motorcycle,2,Mobile Phone Use,0,0,0,1,3,0,Medium
2021,12,Saturday,17,Sindh,Nawabshah,Urban Road,Good,Clear,Daylight,Motorcycle,3,Over Speeding,1,1,0,1,3,1,Medium
2023,5,Sunday,19,Sindh,Jacobabad,National Highway,Average,Clear,Daylight,Motorcycle,2,Drunk Driving,1,1,0,0,8,1,High
2023,9,Friday,23,Punjab,Lahore,Urban Road,Poor,Clear,Street Light,Motorcycle,1,Wrong Overtaking,0,0,1,0,3,2,High
2023,3,Thursday,2,Punjab,Rawalpindi,Provincial Highway,Good,Dusty/Smoggy,No Light,Rickshaw,2,Drunk Driving,0,0,1,0,5,0,Medium
2020,4,Sunday,11,KPK,Mansehra,Urban Road,Poor,Foggy,Daylight,Motorcycle,3,Mechanical Failure,0,1,0,0,1,1,Low
2022,10,Monday,17,Punjab,Sialkot,Urban Road,Under Repair,Clear,Daylight,Motorcycle,2,Road Condition,1,0,0,0,0,0,Low
2023,12,Sunday,7,Punjab,Rahim Yar Khan,Rural Road,Poor,Clear,Daylight,Motorcycle,2,Wrong Overtaking,1,1,0,1,1,2,Medium
2021,3,Wednesday,5,Sindh,Nawabshah,Motorway,Good,Foggy,Dawn/Dusk,Motorcycle,4,Over Speeding,0,0,1,0,9,3,High
2023,10,Friday,20,KPK,Nowshera,Rural Road,Under Repair,Extreme Heat,Street Light,Truck/Lorry,2,Mobile Phone Use,1,0,0,0,0,0,Low
2019,2,Saturday,13,Punjab,Sargodha,Rural Road,Good,Clear,Daylight,Motorcycle,1,Over Speeding,1,1,0,1,5,1,High
2020,2,Sunday,19,Sindh,Kashmore,Provincial Highway,Good,Clear,Street Light,Car/Taxi,4,Over Speeding,1,1,0,1,1,0,Medium
2021,8,Wednesday,18,Punjab,Bahawalpur,Provincial Highway,Poor,Dusty/Smoggy,Daylight,Motorcycle,2,Over Speeding,1,0,0,0,3,2,High
2019,8,Tuesday,6,Punjab,Faisalabad,National Highway,Average,Dusty/Smoggy,Daylight,Car/Taxi,2,Mechanical Failure,0,0,0,0,1,0,Low
2023,2,Friday,9,Punjab,Rahim Yar Khan,Provincial Highway,Poor,Clear,Daylight,Car/Taxi,1,Signal Violation,1,0,0,1,2,0,Low
2022,11,Friday,7,KPK,Peshawar,Provincial Highway,Poor,Rainy,Street Light,Rickshaw,1,Over Speeding,1,0,0,1,4,0,High
2020,2,Saturday,8,Punjab,Rahim Yar Khan,National Highway,Under Repair,Clear,Daylight,Car/Taxi,3,Weather Condition,1,1,0,1,1,0,Low
2018,12,Wednesday,12,Punjab,Sargodha,National Highway,Average,Clear,Daylight,Car/Taxi,2,Over Speeding,1,0,0,1,5,0,Medium
2020,12,Sunday,13,Sindh,Karachi,Provincial Highway,Average,Foggy,Daylight,Bus/Coach,2,Over Speeding,1,1,0,1,5,1,High
2022,11,Saturday,19,Balochistan,Turbat,Motorway,Average,Clear,Street Light,Car/Taxi,1,Over Speeding,1,1,0,1,6,1,High
2018,11,Friday,11,Punjab,Lahore,Urban Road,Good,Rainy,Dawn/Dusk,Car/Taxi,1,Wrong Overtaking,0,0,0,1,2,0,Medium
2023,6,Saturday,19,Sindh,Karachi,Rural Road,Good,Foggy,Dawn/Dusk,Truck/Lorry,1,Pedestrian Error,1,1,0,0,1,0,Low
2019,2,Wednesday,0,Punjab,Rawalpindi,Provincial Highway,Poor,Dusty/Smoggy,No Light,Bus/Coach,2,Road Condition,0,0,1,1,4,0,Medium
2020,11,Sunday,7,Sindh,Larkana,Motorway,Average,Clear,Daylight,Van/Pickup,1,Over Speeding,1,1,0,1,5,1,Medium
2022,4,Saturday,18,Sindh,Mirpur Khas,National Highway,Average,Clear,Daylight,Motorcycle,1,Wrong Overtaking,1,1,0,0,10,4,High
2022,3,Sunday,9,Sindh,Mirpur Khas,Urban Road,Average,Clear,Daylight,Motorcycle,1,Wrong Overtaking,1,1,0,0,2,0,Medium
2022,12,Saturday,18,Punjab,Faisalabad,National Highway,Good,Clear,Dawn/Dusk,Motorcycle,2,Mechanical Failure,1,1,0,1,7,1,High
2021,3,Thursday,21,Punjab,Rawalpindi,National Highway,Average,Rainy,No Light,Bicycle,3,Over Speeding,0,0,0,0,3,1,High
2019,10,Sunday,20,Punjab,Bahawalpur,Rural Road,Good,Rainy,No Light,Motorcycle,1,Road Condition,1,1,0,0,5,0,Medium
2020,8,Wednesday,6,Punjab,Faisalabad,Urban Road,Good,Foggy,Daylight,Van/Pickup,3,Wrong Overtaking,0,0,0,0,1,0,Low
2021,10,Saturday,19,Punjab,Multan,National Highway,Good,Clear,No Light,Car/Taxi,2,Wrong Overtaking,1,1,0,0,2,2,Medium
2020,8,Thursday,13,KPK,Nowshera,Provincial Highway,Poor,Clear,Daylight,Motorcycle,2,Drunk Driving,1,0,0,0,2,1,Medium
2019,9,Thursday,19,Islamabad,Islamabad,Rural Road,Good,Clear,Dawn/Dusk,Bus/Coach,4,Pedestrian Error,1,0,0,0,0,0,Low
2020,3,Sunday,10,AJK,Muzaffarabad,National Highway,Average,Dusty/Smoggy,Daylight,Motorcycle,2,Over Speeding,0,1,0,0,6,2,High
2018,3,Wednesday,14,Balochistan,Khuzdar,National Highway,Average,Dusty/Smoggy,Street Light,Rickshaw,4,Pedestrian Error,0,0,0,0,2,0,Medium
2020,11,Thursday,19,Sindh,Sukkur,Rural Road,Good,Clear,Dawn/Dusk,Bus/Coach,3,Wrong Overtaking,1,0,0,1,1,0,Low
2022,1,Friday,8,KPK,Nowshera,Urban Road,Poor,Rainy,Dawn/Dusk,Car/Taxi,1,Wrong Overtaking,1,0,0,1,2,0,Low
2023,7,Thursday,20,Punjab,Bahawalpur,National Highway,Good,Clear,Street Light,Rickshaw,2,Mechanical Failure,1,0,0,0,1,0,Low
2022,2,Wednesday,19,Sindh,Larkana,National Highway,Good,Clear,Dawn/Dusk,Rickshaw,2,Mechanical Failure,1,0,0,1,0,0,Low
2022,7,Friday,18,Sindh,Karachi,National Highway,Average,Clear,Daylight,Motorcycle,2,Signal Violation,1,0,0,0,8,0,High
2020,2,Tuesday,20,Sindh,Mirpur Khas,National Highway,Average,Clear,No Light,Car/Taxi,2,Mechanical Failure,1,0,0,1,0,1,Low
2019,1,Saturday,11,KPK,Swat,Rural Road,Good,Foggy,Daylight,Motorcycle,2,Mechanical Failure,0,1,0,1,3,0,Medium
2023,8,Monday,19,Punjab,Bahawalpur,Urban Road,Poor,Clear,Street Light,Motorcycle,2,Mechanical Failure,1,0,0,0,2,0,Medium