year,month,day_of_week,hour_of_day,province,district,road_type,road_condition,weather_condition,lighting_condition,vehicle_type,vehicles_involved,accident_cause,is_rush_hour,is_weekend,is_night,is_foggy_month,num_injured,num_killed,severity
2022,9,Wednesday,13,Punjab,Sargodha,Provincial Highway,Poor,Clear,Dawn/Dusk,Motorcycle,2,Mechanical Failure,1,0,0,0,2,0,Low
2023,3,Monday,16,Islamabad,Islamabad,Provincial Highway,Average,Clear,Daylight,Rickshaw,2,Over Speeding,0,0,0,0,5,0,Medium
2022,8,Thursday,20,Punjab,Faisalabad,Urban Road,Good,Foggy,No Light,Motorcycle,2,Mechanical Failure,1,0,0,0,1,0,Low
2020,10,Thursday,9,Sindh,Nawabshah,National Highway,Average,Foggy,Daylight,Bus/Coach,2,Over Speeding,1,0,0,0,6,3,High
2020,7,Thursday,11,Balochistan,Gwadar,National Highway,Good,Clear,Daylight,Van/Pickup,1,Driver Fatigue,0,0,0,0,1,2,Medium
2023,12,Saturday,16,Sindh,Jacobabad,Provincial Highway,Good,Dusty/Smoggy,Daylight,Truck/Lorry,2,Signal Violation,0,1,0,1,1,0,Low
2022,6,Friday,14,Sindh,Dadu,Rural Road,Good,Clear,Dawn/Dusk,Truck/Lorry,4,Drunk Driving,0,0,0,0,1,0,Low
2022,3,Monday,9,Punjab,Sargodha,Urban Road,Poor,Clear,Street Light,Car/Taxi,1,Over Speeding,1,0,0,0,2,0,Low
2019,11,Monday,10,Punjab,Faisalabad,Rural Road,Good,Clear,Dawn/Dusk,Motorcycle,2,Mechanical Failure,0,0,0,1,0,0,Low
2018,4,Thursday,9,Balochistan,Chaman,National Highway,Good,Dusty/Smoggy,No Light,Rickshaw,4,Signal Violation,1,0,0,0,5,1,Medium
2023,5,Friday,15,Sindh,Nawabshah,Motorway,Poor,Foggy,Street Light,Motorcycle,3,Wrong Overtaking,0,0,0,0,4,1,High
2021,6,Saturday,0,Sindh,Dadu,National Highway,Average,Extreme Heat,Street Light,Car/Taxi,2,Pedestrian Error,0,1,1,0,2,0,Low
2020,1,Sunday,13,Punjab,Sargodha,Provincial Highway,Average,Clear,Street Light,Rickshaw,3,Over Speeding,1,1,0,1,0,0,Low
2022,1,Wednesday,8,Punjab,Gujranwala,Provincial Highway,Average,Rainy,Daylight,Car/Taxi,1,Pedestrian Error,1,0,0,1,1,1,Medium
2020,1,Thursday,8,Islamabad,Islamabad,Urban Road,Good,Clear,Daylight,Motorcycle,1,Over Speeding,1,0,0,1,5,1,Medium
2019,12,Saturday,13,Punjab,Bahawalpur,Rural Road,Poor,Rainy,Dawn/Dusk,Motorcycle,2,Signal Violation,1,1,0,1,1,0,Medium
2023,12,Sunday,20,Sindh,Jacobabad,National Highway,Average,Clear,Street Light,Motorcycle,4,Signal Violation,1,1,0,1,11,2,High
2022,5,Sunday,21,Punjab,Lahore,National Highway,Poor,Foggy,No Light,Truck/Lorry,2,Wrong Overtaking,0,1,0,0,4,0,Medium
2022,7,Monday,6,KPK,Kohat,Provincial Highway,Good,Foggy,Daylight,Motorcycle,3,Signal Violation,0,0,0,0,5,3,High
2023,7,Tuesday,19,Islamabad,Islamabad,Urban Road,Poor,Foggy,Dawn/Dusk,Motorcycle,2,Wrong Overtaking,1,0,0,0,8,2,High
2022,7,Tuesday,7,Sindh,Jacobabad,National Highway,Good,Foggy,Street Light,Motorcycle,1,Over Speeding,1,0,0,0,10,1,High
2023,1,Thursday,11,Punjab,Rahim Yar Khan,National Highway,Under Repair,Foggy,Daylight,Motorcycle,2,Wrong Overtaking,0,0,0,1,7,1,High
2021,3,Friday,10,Sindh,Jacobabad,Rural Road,Under Repair,Clear,Dawn/Dusk,Motorcycle,2,Over Speeding,0,0,0,0,11,4,High
2020,2,Saturday,9,KPK,Abbottabad,Rural Road,Poor,Foggy,No Light,Bus/Coach,2,Mechanical Failure,1,1,0,1,2,0,Low
2022,5,Thursday,3,Punjab,Gujranwala,Urban Road,Under Repair,Clear,No Light,Motorcycle,2,Over Speeding,0,0,1,0,6,1,High
2020,12,Wednesday,19,Balochistan,Chaman,Provincial Highway,Average,Clear,Dawn/Dusk,Truck/Lorry,4,Road Condition,1,0,0,1,1,0,Low
2023,5,Sunday,8,Sindh,Dadu,Urban Road,Under Repair,Dusty/Smoggy,Daylight,Car/Taxi,2,Over Speeding,1,1,0,0,1,2,Medium
2022,6,Monday,14,Balochistan,Sibi,Urban Road,Good,Foggy,Daylight,Van/Pickup,2,Signal Violation,0,0,0,0,5,2,Medium
2022,3,Monday,7,Sindh,Kashmore,Urban Road,Good,Clear,Daylight,Bicycle,2,Road Condition,1,0,0,0,2,1,Low
2018,11,Tuesday,18,Punjab,Gujranwala,National Highway,Average,Clear,Daylight,Motorcycle,2,Signal Violation,1,0,0,1,2,1,High
2023,1,Monday,21,Punjab,Faisalabad,Provincial Highway,Good,Clear,Street Light,Motorcycle,1,Over Speeding,0,0,0,1,4,2,High
2020,7,Tuesday,7,Punjab,Bahawalpur,Motorway,Poor,Dusty/Smoggy,Street Light,Bus/Coach,1,Signal Violation,1,0,0,0,3,2,High
2023,2,Sunday,14,Balochistan,Loralai,National Highway,Poor,Foggy,Daylight,Car/Taxi,4,Over Speeding,0,1,0,1,9,1,High
2019,2,Saturday,13,KPK,Swat,National Highway,Average,Clear,Street Light,Car/Taxi,2,Over Speeding,1,1,0,1,3,2,High
2022,6,Friday,19,KPK,Kohat,National Highway,Poor,Clear,Dawn/Dusk,Bicycle,1,Mechanical Failure,1,0,0,0,3,0,Medium
2021,1,Sunday,16,Punjab,Rahim Yar Khan,Urban Road,Average,Clear,No Light,Bus/Coach,2,Pedestrian Error,0,1,0,1,0,0,Low
2022,5,Friday,3,Punjab,Rahim Yar Khan,Rural Road,Under Repair,Clear,No Light,Motorcycle,3,Over Speeding,0,0,1,0,4,4,High
2023,7,Sunday,6,KPK,Mardan,National Highway,Average,Extreme Heat,Dawn/Dusk,Car/Taxi,1,Drunk Driving,0,1,0,0,4,0,Medium
2018,10,Saturday,16,Sindh,Dadu,National Highway,Good,Foggy,Daylight,Car/Taxi,2,Over Speeding,0,1,0,0,3,0,High
2023,8,Saturday,19,Punjab,Sialkot,Urban Road,Good,Clear,No Light,Rickshaw,2,Over Speeding,1,1,0,0,1,0,Low
2021,12,Thursday,18,Sindh,Dadu,Urban Road,Poor,Rainy,Daylight,Car/Taxi,2,Mobile Phone Use,1,0,0,1,0,0,Low
2018,12,Tuesday,23,Punjab,Bahawalpur,National Highway,Good,Foggy,No Light,Car/Taxi,4,Pedestrian Error,0,0,1,1,8,1,High
2023,12,Saturday,5,Punjab,Lahore,National Highway,Poor,Foggy,Daylight,Rickshaw,1,Over Speeding,0,1,1,1,9,1,High
2019,2,Monday,20,Sindh,Dadu,Rural Road,Average,Extreme Heat,No Light,Motorcycle,2,Road Condition,1,0,0,1,3,0,Medium
2018,1,Wednesday,19,Punjab,Sheikhupura,Provincial Highway,Good,Clear,Street Light,Motorcycle,1,Over Speeding,1,0,0,1,2,0,Medium
2022,7,Thursday,19,AJK,Muzaffarabad,Provincial Highway,Average,Dusty/Smoggy,Dawn/Dusk,Motorcycle,4,Wrong Overtaking,1,0,0,0,5,1,High
2019,1,Wednesday,17,Punjab,Multan,Rural Road,Average,Clear,Daylight,Rickshaw,1,Road Condition,1,0,0,1,1,0,Low
2023,3,Monday,22,Punjab,Sialkot,National Highway,Average,Clear,Street Light,Motorcycle,1,Signal Violation,0,0,1,0,3,1,High
2020,9,Tuesday,5,Punjab,Multan,National Highway,Good,Rainy,No Light,Motorcycle,4,Mechanical Failure,0,0,1,0,8,0,High
2020,12,Thursday,19,KPK,Bannu,Urban Road,Under Repair,Rainy,Dawn/Dusk,Motorcycle,2,Over Speeding,1,0,0,1,3,1,High
2020,3,Friday,21,Sindh,Larkana,Urban Road,Under Repair,Clear,No Light,Bus/Coach,2,Drunk Driving,0,0,0,0,0,1,Low
2020,3,Friday,4,Sindh,Kashmore,Provincial Highway,Average,Clear,Street Light,Motorcycle,1,Wrong Overtaking,0,0,1,0,4,0,Medium
2019,1,Wednesday,22,Punjab,Bahawalpur,National Highway,Under Repair,Foggy,Street Light,Truck/Lorry,2,Over Speeding,0,0,1,1,3,2,High
2018,1,Friday,13,Punjab,Faisalabad,National Highway,Poor,Clear,Daylight,Bus/Coach,1,Pedestrian Error,1,0,0,1,2,1,Low
2018,8,Monday,18,Sindh,Jacobabad,National Highway,Average,Foggy,Daylight,Rickshaw,2,Over Speeding,1,0,0,0,5,1,Medium
2022,12,Wednesday,13,KPK,Charsadda,National Highway,Good,Foggy,Daylight,Motorcycle,2,Over Speeding,1,0,0,1,2,2,High
2023,9,Friday,15,Balochistan,Zhob,Provincial Highway,Poor,Clear,Daylight,Bicycle,3,Drunk Driving,0,0,0,0,4,1,High
2018,5,Friday,11,Punjab,Rahim Yar Khan,Provincial Highway,Poor,Foggy,Dawn/Dusk,Motorcycle,1,Wrong Overtaking,0,0,0,0,9,3,High
2021,5,Friday,19,Sindh,Nawabshah,National Highway,Average,Foggy,Dawn/Dusk,Motorcycle,3,Signal Violation,1,0,0,0,8,0,High
2020,9,Saturday,12,Balochistan,Chaman,National Highway,Poor,Extreme Heat,Daylight,Bus/Coach,3,Over Speeding,1,1,0,0,5,1,High
2022,7,Sunday,15,Punjab,Rawalpindi,Rural Road,Under Repair,Clear,Daylight,Rickshaw,3,Pedestrian Error,0,1,0,0,0,0,Low
2022,8,Tuesday,18,KPK,Mardan,National Highway,Good,Dusty/Smoggy,Daylight,Rickshaw,2,Pedestrian Error,1,0,0,0,2,1,Medium
2018,7,Thursday,3,Punjab,Sheikhupura,National Highway,Under Repair,Clear,No Light,Motorcycle,3,Over Speeding,0,0,1,0,9,1,High
2021,1,Wednesday,2,Islamabad,Islamabad,Provincial Highway,Average,Clear,No Light,Truck/Lorry,3,Wrong Overtaking,0,0,1,1,3,2,Medium
2023,7,Tuesday,21,KPK,Charsadda,National Highway,Good,Clear,No Light,Motorcycle,4,Over Speeding,0,0,0,0,8,0,High
2021,12,Sunday,7,Islamabad,Islamabad,Urban Road,Average,Rainy,Daylight,Motorcycle,2,Road Condition,1,1,0,1,2,1,Medium
2023,8,Tuesday,21,KPK,Dera Ismail Khan,National Highway,Poor,Rainy,No Light,Van/Pickup,1,Mechanical Failure,0,0,0,0,4,1,Medium
2022,1,Tuesday,13,Punjab,Gujranwala,Provincial Highway,Average,Dusty/Smoggy,Daylight,Motorcycle,2,Wrong Overtaking,1,0,0,1,5,1,Medium
2022,8,Saturday,12,Islamabad,Islamabad,Provincial Highway,Average,Clear,Dawn/Dusk,Motorcycle,2,Over Speeding,1,1,0,0,5,0,Medium
2020,12,Sunday,5,Punjab,Gujranwala,National Highway,Under Repair,Clear,Dawn/Dusk,Motorcycle,2,Pedestrian Error,0,1,1,1,7,1,High
2019,5,Sunday,22,Punjab,Sialkot,Urban Road,Under Repair,Clear,Street Light,Truck/Lorry,4,Mechanical Failure,0,1,1,0,1,0,Low
2020,6,Friday,23,KPK,Mansehra,National Highway,Under Repair,Dusty/Smoggy,No Light,Car/Taxi,3,Pedestrian Error,0,0,1,0,4,2,Medium
2019,8,Friday,8,KPK,Mardan,Urban Road,Good,Clear,Dawn/Dusk,Rickshaw,1,Signal Violation,1,0,0,0,0,0,Low
2021,10,Tuesday,21,Islamabad,Islamabad,Rural Road,Good,Clear,No Light,Van/Pickup,2,Driver Fatigue,0,0,0,0,0,0,Low
2021,5,Friday,6,Punjab,Sargodha,National Highway,Average,Clear,Daylight,Van/Pickup,2,Road Condition,0,0,0,0,2,0,Low
2023,1,Sunday,21,KPK,Abbottabad,Urban Road,Under Repair,Clear,Street Light,Motorcycle,1,Drunk Driving,0,1,0,1,11,2,High
2022,8,Monday,18,KPK,Charsadda,Rural Road,Good,Extreme Heat,Daylight,Motorcycle,2,Road Condition,1,0,0,0,2,0,Low
2022,5,Thursday,10,Punjab,Sheikhupura,National Highway,Poor,Clear,Street Light,Motorcycle,2,Mechanical Failure,0,0,0,0,1,0,Medium
2023,7,Saturday,18,Punjab,Rawalpindi,National Highway,Under Repair,Clear,Dawn/Dusk,Other,3,Wrong Overtaking,1,1,0,0,1,1,Medium
2018,1,Tuesday,20,Punjab,Sialkot,National Highway,Average,Clear,Street Light,Rickshaw,2,Road Condition,1,0,0,1,1,0,Low
2020,5,Wednesday,5,Punjab,Bahawalpur,National Highway,Poor,Clear,Dawn/Dusk,Car/Taxi,2,Wrong Overtaking,0,0,1,0,4,4,High
2019,1,Wednesday,11,AJK,Mirpur,Urban Road,Under Repair,Foggy,Daylight,Car/Taxi,2,Signal Violation,0,0,0,1,0,1,Low
2020,6,Monday,19,Sindh,Kashmore,Provincial Highway,Poor,Clear,Dawn/Dusk,Motorcycle,2,Over Speeding,1,0,0,0,2,1,High
2018,4,Tuesday,17,KPK,Abbottabad,Provincial Highway,Under Repair,Clear,Daylight,Car/Taxi,2,Mobile Phone Use,1,0,0,0,2,0,Low
2021,6,Thursday,7,AJK,Muzaffarabad,National Highway,Average,Clear,Daylight,Bus/Coach,2,Wrong Overtaking,1,0,0,0,4,4,High
2023,6,Sunday,15,Punjab,Lahore,Rural Road,Poor,Clear,Daylight,Motorcycle,1,Driver Fatigue,0,1,0,0,2,0,Medium
2020,8,Friday,6,KPK,Swat,Provincial Highway,Good,Rainy,Daylight,Car/Taxi,2,Wrong Overtaking,0,0,0,0,1,0,Medium
2019,5,Saturday,5,Sindh,Kashmore,Rural Road,Good,Rainy,Dawn/Dusk,Truck/Lorry,3,Wrong Overtaking,0,1,1,0,2,4,High
2018,2,Friday,10,Balochistan,Quetta,National Highway,Good,Clear,Daylight,Motorcycle,1,Signal Violation,0,0,0,1,1,1,Medium
2019,8,Sunday,20,Punjab,Bahawalpur,Urban Road,Poor,Rainy,Street Light,Car/Taxi,1,Over Speeding,1,1,0,0,0,0,Low
2022,12,Sunday,18,Islamabad,Islamabad,Provincial Highway,Average,Dusty/Smoggy,Daylight,Motorcycle,3,Wrong Overtaking,1,1,0,1,3,1,Medium
2018,12,Tuesday,7,Punjab,Sargodha,National Highway,Poor,Rainy,Daylight,Car/Taxi,4,Mechanical Failure,1,0,0,1,5,0,Medium
2020,3,Friday,22,Punjab,Sargodha,Urban Road,Good,Foggy,No Light,Rickshaw,1,Pedestrian Error,0,0,1,0,0,0,Low
2020,6,Wednesday,17,KPK,Mardan,Provincial Highway,Good,Clear,Street Light,Bus/Coach,2,Weather Condition,1,0,0,0,0,0,Low
2019,3,Sunday,20,Punjab,Rahim Yar Khan,Urban Road,Good,Clear,No Light,Motorcycle,2,Over Speeding,1,1,0,0,1,0,Medium
2022,5,Sunday,15,Sindh,Nawabshah,Urban Road,Good,Clear,Daylight,Motorcycle,3,Weather Condition,0,1,0,0,4,1,Medium
2023,12,Monday,8,Sindh,Thatta,National Highway,Poor,Dusty/Smoggy,Daylight,Motorcycle,1,Wrong Overtaking,1,0,0,1,9,1,High
2023,9,Friday,22,KPK,Charsadda,Urban Road,Good,Foggy,No Light,Bus/Coach,1,Over Speeding,0,0,1,0,4,0,High
2019,2,Monday,2,Punjab,Gujranwala,Provincial Highway,Average,Clear,No Light,Motorcycle,2,Road Condition,0,0,1,1,5,2,Medium
2021,12,Tuesday,18,Punjab,Bahawalpur,Rural Road,Average,Clear,Daylight,Bicycle,2,Over Speeding,1,0,0,1,8,4,High
2022,4,Saturday,13,Punjab,Faisalabad,Rural Road,Good,Rainy,Daylight,Bus/Coach,1,Pedestrian Error,1,1,0,0,0,0,Low
2023,4,Friday,21,Sindh,Larkana,Urban Road,Good,Dusty/Smoggy,No Light,Car/Taxi,1,Road Condition,0,0,0,0,0,0,Low
2018,7,Friday,16,Punjab,Rahim Yar Khan,Urban Road,Good,Clear,Daylight,Car/Taxi,3,Pedestrian Error,0,0,0,0,2,0,Low
2021,2,Friday,13,Punjab,Faisalabad,Rural Road,Good,Clear,No Light,Bicycle,1,Wrong Overtaking,1,0,0,1,2,0,Low
2022,9,Saturday,23,Punjab,Gujranwala,Rural Road,Under Repair,Rainy,No Light,Motorcycle,4,Pedestrian Error,0,1,1,0,1,0,Medium
2019,7,Sunday,20,Punjab,Rawalpindi,Motorway,Average,Clear,Street Light,Car/Taxi,2,Over Speeding,1,1,0,0,2,0,Medium
2018,8,Sunday,11,Sindh,Nawabshah,Rural Road,Good,Rainy,Daylight,Truck/Lorry,2,Over Speeding,0,1,0,0,2,0,High
2019,4,Friday,13,Balochistan,Loralai,Provincial Highway,Poor,Dusty/Smoggy,Daylight,Car/Taxi,2,Drunk Driving,1,0,0,0,1,2,Medium
2020,12,Sunday,11,Punjab,Sialkot,Urban Road,Good,Clear,Daylight,Car/Taxi,3,Drunk Driving,0,1,0,1,2,0,Low
2019,12,Thursday,22,Sindh,Hyderabad,Rural Road,Good,Clear,No Light,Rickshaw,2,Mobile Phone Use,0,0,1,1,0,0,Low
2022,12,Saturday,9,KPK,Mardan,Rural Road,Average,Clear,Daylight,Bicycle,2,Mobile Phone Use,1,1,0,1,1,0,Low
2019,11,Friday,3,Punjab,Multan,Urban Road,Good,Clear,Street Light,Motorcycle,1,Wrong Overtaking,0,0,1,1,6,1,High
2021,1,Friday,21,KPK,Nowshera,Provincial Highway,Average,Foggy,No Light,Bicycle,2,Over Speeding,0,0,0,1,7,0,High
2021,7,Monday,7,Punjab,Bahawalpur,National Highway,Average,Clear,Daylight,Bus/Coach,1,Wrong Overtaking,1,0,0,0,11,1,High
2020,8,Monday,10,Sindh,Mirpur Khas,Provincial Highway,Average,Clear,Daylight,Car/Taxi,1,Over Speeding,0,0,0,0,1,0,Medium
2023,12,Sunday,17,Punjab,Rahim Yar Khan,Urban Road,Good,Foggy,Daylight,Car/Taxi,3,Wrong Overtaking,1,1,0,1,1,0,Low
2023,8,Sunday,18,KPK,Peshawar,Urban Road,Good,Dusty/Smoggy,Daylight,Motorcycle,2,Over Speeding,1,1,0,0,3,0,Medium
2021,9,Saturday,18,KPK,Bannu,Urban Road,Good,Clear,Dawn/Dusk,Car/Taxi,4,Pedestrian Error,1,1,0,0,2,1,Low
2020,6,Friday,17,Punjab,Bahawalpur,Rural Road,Under Repair,Clear,Daylight,Truck/Lorry,3,Driver Fatigue,1,0,0,0,0,0,Low
2023,8,Sunday,8,Punjab,Lahore,Urban Road,Good,Clear,Street Light,Car/Taxi,4,Pedestrian Error,1,1,0,0,0,0,Low
2021,4,Thursday,8,AJK,Muzaffarabad,Urban Road,Average,Clear,Daylight,Bus/Coach,3,Road Condition,1,0,0,0,0,0,Low
2021,7,Monday,19,Sindh,Mirpur Khas,Provincial Highway,Average,Foggy,Street Light,Motorcycle,2,Signal Violation,1,0,0,0,4,0,High
2023,11,Thursday,15,Sindh,Thatta,National Highway,Good,Rainy,Daylight,Motorcycle,3,Road Condition,0,0,0,1,4,0,Medium
2020,11,Friday,16,Balochistan,Dera Bugti,Provincial Highway,Average,Clear,Dawn/Dusk,Motorcycle,2,Wrong Overtaking,0,0,0,1,4,1,Medium
2019,11,Monday,9,KPK,Dera Ismail Khan,Provincial Highway,Poor,Clear,Daylight,Motorcycle,2,Drunk Driving,1,0,0,1,4,1,High
2022,6,Wednesday,11,Sindh,Hyderabad,Provincial Highway,Average,Clear,Dawn/Dusk,Motorcycle,2,Pedestrian Error,0,0,0,0,5,0,Medium
2023,6,Thursday,14,KPK,Nowshera,Urban Road,Good,Dusty/Smoggy,Daylight,Van/Pickup,1,Drunk Driving,0,0,0,0,0,0,Low
2019,2,Saturday,12,Balochistan,Sibi,Urban Road,Good,Clear,Daylight,Bicycle,1,Over Speeding,1,1,0,1,6,2,High
2021,11,Saturday,1,Sindh,Jacobabad,National Highway,Poor,Foggy,No Light,Motorcycle,1,Over Speeding,0,1,1,1,10,1,High
2021,7,Tuesday,22,Sindh,Dadu,National Highway,Average,Clear,No Light,Car/Taxi,1,Signal Violation,0,0,1,0,2,1,High
2019,9,Tuesday,18,Punjab,Multan,National Highway,Poor,Extreme Heat,Daylight,Car/Taxi,2,Signal Violation,1,0,0,0,3,0,Medium
2021,1,Sunday,16,Islamabad,Islamabad,Provincial Highway,Average,Clear,Daylight,Rickshaw,2,Wrong Overtaking,0,1,0,1,2,0,Low
2021,7,Monday,17,KPK,Kohat,Provincial Highway,Good,Clear,Street Light,Motorcycle,2,Pedestrian Error,1,0,0,0,4,0,Medium
2018,5,Tuesday,8,Punjab,Sargodha,Urban Road,Average,Dusty/Smoggy,No Light,Bicycle,1,Over Speeding,1,0,0,0,4,0,Medium
2021,7,Saturday,4,Balochistan,Quetta,Urban Road,Good,Clear,No Light,Car/Taxi,3,Signal Violation,0,1,1,0,2,0,Low
2020,4,Tuesday,13,Sindh,Hyderabad,National Highway,Good,Clear,Daylight,Bicycle,3,Over Speeding,1,0,0,0,7,1,High
2022,9,Wednesday,14,Punjab,Faisalabad,Urban Road,Good,Rainy,Daylight,Truck/Lorry,1,Over Speeding,0,0,0,0,5,1,Medium
2023,1,Tuesday,17,Sindh,Kashmore,Motorway,Average,Rainy,Daylight,Motorcycle,2,Signal Violation,1,0,0,1,9,1,High
2018,2,Tuesday,9,Punjab,Sheikhupura,Motorway,Poor,Clear,Daylight,Car/Taxi,2,Over Speeding,1,0,0,1,5,0,Medium
2022,1,Friday,8,Balochistan,Khuzdar,Provincial Highway,Average,Foggy,Daylight,Motorcycle,2,Over Speeding,1,0,0,1,4,0,High
2020,1,Monday,16,Punjab,Sheikhupura,National Highway,Average,Clear,Daylight,Motorcycle,1,Over Speeding,0,0,0,1,10,2,High
2020,6,Friday,8,KPK,Peshawar,Rural Road,Average,Clear,Dawn/Dusk,Rickshaw,1,Mechanical Failure,1,0,0,0,0,0,Low
2022,10,Wednesday,17,Sindh,Sukkur,Urban Road,Poor,Foggy,Dawn/Dusk,Van/Pickup,1,Over Speeding,1,0,0,0,5,0,Medium
2023,2,Saturday,15,Punjab,Rahim Yar Khan,National Highway,Good,Foggy,Daylight,Motorcycle,1,Mobile Phone Use,0,1,0,1,4,0,Medium
2018,12,Tuesday,15,AJK,Rawalakot,Provincial Highway,Average,Dusty/Smoggy,Daylight,Motorcycle,2,Wrong Overtaking,0,0,0,1,2,0,Medium
2023,12,Friday,18,Sindh,Hyderabad,Provincial Highway,Average,Clear,Daylight,Motorcycle,2,Signal Violation,1,0,0,1,2,1,High
2022,2,Thursday,13,Punjab,Faisalabad,Provincial Highway,Poor,Dusty/Smoggy,Daylight,Car/Taxi,2,Driver Fatigue,1,0,0,1,2,1,Medium
2018,7,Tuesday,18,Sindh,Karachi,Urban Road,Average,Clear,Daylight,Car/Taxi,1,Pedestrian Error,1,0,0,0,0,0,Low
2020,11,Friday,12,Balochistan,Zhob,Urban Road,Poor,Foggy,Daylight,Bus/Coach,2,Over Speeding,1,0,0,1,9,0,High
2019,7,Saturday,7,Punjab,Gujranwala,Rural Road,Good,Rainy,Daylight,Motorcycle,4,Over Speeding,1,1,0,0,7,0,High
2020,6,Tuesday,14,Punjab,Gujranwala,National Highway,Good,Extreme Heat,Daylight,Van/Pickup,4,Road Condition,0,0,0,0,2,0,Low
2022,3,Saturday,17,Punjab,Sheikhupura,Provincial Highway,Average,Foggy,Daylight,Other,3,Over Speeding,1,1,0,0,2,1,Medium
2021,3,Wednesday,19,Punjab,Sialkot,Urban Road,Average,Rainy,Dawn/Dusk,Bicycle,2,Pedestrian Error,1,0,0,0,5,0,Medium
2018,9,Thursday,2,KPK,Bannu,Urban Road,Good,Clear,No Light,Motorcycle,2,Over Speeding,0,0,1,0,7,1,High
2018,3,Friday,21,Sindh,Larkana,Rural Road,Good,Clear,Street Light,Motorcycle,3,Mechanical Failure,0,0,0,0,2,0,Medium
2022,12,Friday,16,Punjab,Sargodha,Urban Road,Good,Clear,Dawn/Dusk,Motorcycle,3,Over Speeding,0,0,0,1,2,1,Medium
2019,5,Monday,9,Punjab,Multan,National Highway,Average,Dusty/Smoggy,Daylight,Bus/Coach,2,Over Speeding,1,0,0,0,2,1,Medium
2021,8,Monday,20,Punjab,Lahore,Urban Road,Poor,Foggy,No Light,Truck/Lorry,2,Pedestrian Error,1,0,0,0,2,0,Medium
2020,5,Monday,13,Islamabad,Islamabad,National Highway,Average,Rainy,Daylight,Motorcycle,1,Over Speeding,1,0,0,0,3,1,High
2021,9,Sunday,21,Punjab,Multan,Urban Road,Average,Rainy,Street Light,Motorcycle,1,Wrong Overtaking,0,1,0,0,1,0,Medium
2019,11,Wednesday,15,AJK,Mirpur,Urban Road,Average,Clear,Daylight,Bus/Coach,2,Over Speeding,0,0,0,1,1,0,Medium
2020,5,Monday,7,Sindh,Mirpur Khas,Rural Road,Average,Dusty/Smoggy,Street Light,Motorcycle,1,Mechanical Failure,1,0,0,0,2,0,Low
2023,11,Friday,18,Punjab,Faisalabad,Urban Road,Average,Clear,Daylight,Rickshaw,4,Road Condition,1,0,0,1,0,1,Low
2019,12,Sunday,13,Balochistan,Turbat,Urban Road,Good,Rainy,Daylight,Car/Taxi,2,Over Speeding,1,1,0,1,5,0,Medium
2018,12,Thursday,12,Sindh,Larkana,National Highway,Good,Clear,Dawn/Dusk,Rickshaw,3,Mobile Phone Use,1,0,0,1,5,1,Medium
2021,8,Wednesday,0,KPK,Nowshera,National Highway,Poor,Clear,No Light,Rickshaw,1,Road Condition,0,0,1,0,3,0,Medium
2023,8,Friday,2,AJK,Muzaffarabad,National Highway,Poor,Extreme Heat,No Light,Truck/Lorry,2,Pedestrian Error,0,0,1,0,9,2,High
2019,12,Thursday,18,Punjab,Rawalpindi,National Highway,Poor,Dusty/Smoggy,Daylight,Rickshaw,2,Signal Violation,1,0,0,1,3,2,Medium
2021,5,Saturday,15,Punjab,Sargodha,Provincial Highway,Average,Clear,Daylight,Bus/Coach,1,Pedestrian Error,0,1,0,0,5,0,Medium
2023,11,Tuesday,21,KPK,Bannu,Provincial Highway,Poor,Clear,Street Light,Motorcycle,2,Wrong Overtaking,0,0,0,1,5,0,Medium
2022,10,Thursday,20,Punjab,Rawalpindi,Provincial Highway,Under Repair,Clear,Street Light,Motorcycle,1,Over Speeding,1,0,0,0,2,0,Medium
2023,12,Tuesday,16,Punjab,Multan,Rural Road,Under Repair,Foggy,Street Light,Truck/Lorry,1,Wrong Overtaking,0,0,0,1,2,0,Low
2023,7,Thursday,14,Punjab,Lahore,National Highway,Good,Extreme Heat,Daylight,Rickshaw,2,Over Speeding,0,0,0,0,8,4,High
2018,5,Sunday,15,Punjab,Sargodha,National Highway,Poor,Clear,Daylight,Motorcycle,2,Over Speeding,0,1,0,0,8,3,High
2023,10,Friday,13,KPK,Peshawar,Provincial Highway,Good,Foggy,Daylight,Motorcycle,1,Wrong Overtaking,1,0,0,0,10,1,High
2018,1,Tuesday,21,Punjab,Rawalpindi,National Highway,Average,Clear,No Light,Motorcycle,1,Over Speeding,0,0,0,1,7,2,High
2022,2,Monday,22,Sindh,Dadu,National Highway,Good,Clear,Street Light,Motorcycle,3,Wrong Overtaking,0,0,1,1,11,1,High
2023,11,Sunday,11,Sindh,Mirpur Khas,Motorway,Average,Dusty/Smoggy,Daylight,Bus/Coach,2,Over Speeding,0,1,0,1,8,2,High
2018,2,Saturday,11,Sindh,Kashmore,Provincial Highway,Poor,Clear,No Light,Motorcycle,2,Road Condition,0,1,0,1,2,0,Medium
2018,5,Thursday,16,Punjab,Rahim Yar Khan,National Highway,Average,Foggy,Daylight,Truck/Lorry,1,Over Speeding,0,0,0,0,9,1,High
2019,8,Tuesday,21,KPK,Mardan,National Highway,Good,Clear,Street Light,Motorcycle,1,Wrong Overtaking,0,0,0,0,4,1,Medium
2019,3,Monday,19,Punjab,Sheikhupura,Urban Road,Poor,Clear,No Light,Motorcycle,2,Mechanical Failure,1,0,0,0,0,1,Low