year,month,day_of_week,hour_of_day,province,district,road_type,road_condition,weather_condition,lighting_condition,vehicle_type,vehicles_involved,accident_cause,is_rush_hour,is_weekend,is_night,is_foggy_month,num_injured,num_killed,severity
2020,10,Saturday,20,KPK,Mansehra,Provincial Highway,Average,Clear,No Light,Motorcycle,2,Wrong Overtaking,1,1,0,0,3,0,Medium
2020,10,Friday,7,Balochistan,Sibi,National Highway,Average,Dusty/Smoggy,Daylight,Car/Taxi,2,Wrong Overtaking,1,0,0,0,0,0,Low
2020,12,Monday,16,Sindh,Larkana,Urban Road,Good,Clear,No Light,Motorcycle,2,Wrong Overtaking,0,0,0,1,1,0,Low
2022,7,Thursday,17,Sindh,Nawabshah,Urban Road,Good,Clear,Daylight,Motorcycle,2,Road Condition,1,0,0,0,2,0,Low
2023,2,Monday,13,Sindh,Jacobabad,Provincial Highway,Under Repair,Foggy,Dawn/Dusk,Car/Taxi,2,Over Speeding,1,0,0,1,3,0,Medium
2020,1,Friday,16,Punjab,Sialkot,Motorway,Good,Foggy,Street Light,Van/Pickup,2,Over Speeding,0,0,0,1,4,4,High
2023,5,Friday,7,Balochistan,Gwadar,Provincial Highway,Good,Foggy,Daylight,Motorcycle,4,Over Speeding,1,0,0,0,3,2,High
2020,12,Thursday,0,Balochistan,Chaman,Provincial Highway,Good,Clear,Street Light,Motorcycle,1,Pedestrian Error,0,0,1,1,4,1,Medium
2019,8,Saturday,17,Punjab,Sialkot,Rural Road,Average,Clear,Daylight,Motorcycle,1,Pedestrian Error,1,1,0,0,3,1,Medium
2023,1,Saturday,6,Sindh,Hyderabad,Rural Road,Poor,Clear,Daylight,Motorcycle,2,Signal Violation,0,1,0,1,1,0,Low
2022,7,Wednesday,4,Islamabad,Islamabad,National Highway,Poor,Rainy,No Light,Car/Taxi,2,Over Speeding,0,0,1,0,8,3,High
2021,11,Saturday,19,Islamabad,Islamabad,Urban Road,Average,Clear,Daylight,Bicycle,4,Over Speeding,1,1,0,1,2,0,Medium
2018,9,Monday,13,Sindh,Nawabshah,Urban Road,Average,Clear,Daylight,Bicycle,3,Wrong Overtaking,1,0,0,0,5,1,Medium
2023,9,Wednesday,9,Sindh,Karachi,National Highway,Good,Foggy,No Light,Motorcycle,3,Drunk Driving,1,0,0,0,8,2,High
2020,9,Friday,15,Punjab,Sheikhupura,National Highway,Average,Extreme Heat,Street Light,Motorcycle,1,Pedestrian Error,0,0,0,0,4,1,Medium
2020,6,Tuesday,18,Islamabad,Islamabad,National Highway,Average,Clear,Dawn/Dusk,Motorcycle,2,Weather Condition,1,0,0,0,2,2,Medium
2023,7,Thursday,21,Punjab,Rahim Yar Khan,Rural Road,Average,Foggy,No Light,Car/Taxi,1,Over Speeding,0,0,0,0,2,0,Low
2021,3,Wednesday,9,Sindh,Jacobabad,Motorway,Good,Clear,Daylight,Bus/Coach,2,Mechanical Failure,1,0,0,0,2,0,Low
2019,5,Sunday,19,Punjab,Bahawalpur,Rural Road,Under Repair,Clear,No Light,Bus/Coach,1,Over Speeding,1,1,0,0,0,0,Low
2023,6,Sunday,9,Punjab,Multan,Provincial Highway,Average,Clear,Daylight,Van/Pickup,3,Over Speeding,1,1,0,0,3,0,Medium
2022,9,Tuesday,9,Punjab,Bahawalpur,Rural Road,Poor,Clear,Street Light,Car/Taxi,2,Drunk Driving,1,0,0,0,0,0,Low
2023,12,Saturday,10,Gilgit-Baltistan,Gilgit,National Highway,Good,Dusty/Smoggy,Daylight,Motorcycle,3,Pedestrian Error,0,1,0,1,3,1,Medium
2022,7,Friday,15,Punjab,Multan,Urban Road,Average,Clear,Daylight,Bus/Coach,1,Signal Violation,0,0,0,0,0,0,Low
2020,1,Sunday,8,Sindh,Nawabshah,National Highway,Good,Clear,Dawn/Dusk,Motorcycle,2,Drunk Driving,1,1,0,1,5,0,High
2019,9,Monday,19,Punjab,Rahim Yar Khan,National Highway,Good,Foggy,Dawn/Dusk,Car/Taxi,2,Over Speeding,1,0,0,0,10,0,High
2018,5,Wednesday,12,Punjab,Sargodha,National Highway,Good,Foggy,Dawn/Dusk,Motorcycle,2,Road Condition,1,0,0,0,10,4,High
2022,8,Monday,11,Sindh,Sukkur,Motorway,Poor,Dusty/Smoggy,Daylight,Motorcycle,3,Signal Violation,0,0,0,0,5,2,High
2019,6,Saturday,19,Sindh,Kashmore,Urban Road,Average,Rainy,Street Light,Other,1,Over Speeding,1,1,0,0,5,0,Medium
2019,5,Friday,23,Punjab,Rahim Yar Khan,Provincial Highway,Average,Foggy,No Light,Bus/Coach,1,Signal Violation,0,0,1,0,11,1,High
2019,7,Friday,3,Punjab,Faisalabad,Rural Road,Average,Clear,Street Light,Bicycle,2,Wrong Overtaking,0,0,1,0,2,1,Medium
2018,12,Sunday,7,Punjab,Sheikhupura,Provincial Highway,Good,Foggy,No Light,Motorcycle,1,Driver Fatigue,1,1,0,1,7,2,High
2023,4,Sunday,19,Punjab,Lahore,National Highway,Poor,Clear,No Light,Motorcycle,2,Mechanical Failure,1,1,0,0,3,0,Medium
2020,10,Friday,5,Islamabad,Islamabad,Urban Road,Average,Clear,Dawn/Dusk,Van/Pickup,1,Over Speeding,0,0,1,0,1,0,Low
2020,1,Wednesday,10,Islamabad,Islamabad,Rural Road,Average,Clear,Daylight,Motorcycle,2,Wrong Overtaking,0,0,0,1,4,0,Medium
2022,1,Friday,19,Punjab,Rahim Yar Khan,National Highway,Good,Dusty/Smoggy,Dawn/Dusk,Motorcycle,1,Over Speeding,1,0,0,1,2,1,High
2021,7,Saturday,23,Sindh,Karachi,Provincial Highway,Good,Clear,No Light,Car/Taxi,2,Driver Fatigue,0,1,1,0,5,0,Medium
2023,12,Friday,11,Balochistan,Dera Bugti,Urban Road,Average,Foggy,Daylight,Motorcycle,3,Wrong Overtaking,0,0,0,1,5,2,High
2023,12,Monday,12,Punjab,Faisalabad,Rural Road,Good,Clear,Daylight,Bus/Coach,2,Mechanical Failure,1,0,0,1,1,0,Low
2023,9,Friday,18,KPK,Kohat,Provincial Highway,Poor,Clear,Daylight,Motorcycle,2,Over Speeding,1,0,0,0,4,1,Medium
2020,12,Wednesday,12,Islamabad,Islamabad,National Highway,Good,Clear,Street Light,Motorcycle,2,Over Speeding,1,0,0,1,11,1,High
2019,10,Sunday,6,Punjab,Lahore,Urban Road,Under Repair,Clear,Daylight,Motorcycle,2,Road Condition,0,1,0,0,2,0,Low
2022,12,Tuesday,21,Punjab,Sialkot,Provincial Highway,Under Repair,Foggy,Street Light,Rickshaw,2,Over Speeding,0,0,0,1,5,1,Medium
2019,6,Friday,15,Islamabad,Islamabad,Rural Road,Poor,Clear,Daylight,Motorcycle,2,Over Speeding,0,0,0,0,2,1,Medium
2023,1,Sunday,6,Sindh,Thatta,National Highway,Average,Clear,Daylight,Van/Pickup,2,Road Condition,0,1,0,1,0,0,Low
2020,6,Saturday,2,Punjab,Rahim Yar Khan,Provincial Highway,Good,Clear,No Light,Bus/Coach,1,Road Condition,0,1,1,0,2,0,Low
2018,11,Saturday,13,Punjab,Faisalabad,Urban Road,Average,Clear,Daylight,Bicycle,3,Signal Violation,1,1,0,1,2,0,Low
2022,5,Thursday,2,Sindh,Mirpur Khas,National Highway,Good,Dusty/Smoggy,Street Light,Car/Taxi,1,Road Condition,0,0,1,0,1,0,Low
2022,4,Tuesday,21,KPK,Abbottabad,National Highway,Poor,Clear,Street Light,Motorcycle,2,Pedestrian Error,0,0,0,0,2,0,Medium
2018,2,Monday,15,KPK,Mardan,Urban Road,Good,Clear,Daylight,Motorcycle,3,Wrong Overtaking,0,0,0,1,4,1,Medium
2021,6,Friday,17,Gilgit-Baltistan,Skardu,National Highway,Average,Clear,Daylight,Motorcycle,2,Wrong Overtaking,1,0,0,0,3,1,Medium
2022,8,Sunday,21,Punjab,Sialkot,National Highway,Average,Clear,No Light,Motorcycle,1,Wrong Overtaking,0,1,0,0,3,2,High
2023,2,Thursday,7,Sindh,Karachi,National Highway,Poor,Foggy,Daylight,Rickshaw,4,Over Speeding,1,0,0,1,3,0,High
2022,7,Monday,7,Sindh,Thatta,Rural Road,Average,Clear,Daylight,Motorcycle,2,Signal Violation,1,0,0,0,0,0,Low
2020,11,Thursday,11,Punjab,Sialkot,Rural Road,Good,Dusty/Smoggy,Daylight,Car/Taxi,2,Over Speeding,0,0,0,1,3,0,Medium
2019,8,Thursday,12,Punjab,Multan,National Highway,Average,Clear,Daylight,Van/Pickup,2,Wrong Overtaking,1,0,0,0,2,0,Low
2022,11,Tuesday,20,AJK,Muzaffarabad,National Highway,Average,Clear,No Light,Motorcycle,2,Mechanical Failure,1,0,0,1,9,1,High
2023,2,Saturday,2,Balochistan,Turbat,Rural Road,Good,Extreme Heat,Street Light,Rickshaw,2,Mechanical Failure,0,1,1,1,2,0,Low
2020,4,Wednesday,18,Sindh,Thatta,Rural Road,Good,Clear,Daylight,Car/Taxi,2,Road Condition,1,0,0,0,2,1,Low
2019,3,Friday,14,Sindh,Nawabshah,Provincial Highway,Average,Rainy,Daylight,Car/Taxi,1,Wrong Overtaking,0,0,0,0,5,0,Medium
2023,12,Monday,14,Punjab,Sialkot,Rural Road,Poor,Clear,Street Light,Rickshaw,2,Over Speeding,0,0,0,1,2,0,Low
2023,9,Monday,13,Sindh,Sukkur,Rural Road,Average,Rainy,Street Light,Rickshaw,1,Mobile Phone Use,1,0,0,0,1,0,Low
2021,2,Tuesday,20,KPK,Peshawar,Provincial Highway,Average,Clear,No Light,Motorcycle,2,Driver Fatigue,1,0,0,1,2,1,High
2021,12,Friday,14,Sindh,Thatta,Provincial Highway,Average,Foggy,Daylight,Motorcycle,2,Drunk Driving,0,0,0,1,7,0,High
2022,11,Wednesday,20,Gilgit-Baltistan,Hunza,Urban Road,Good,Clear,Street Light,Van/Pickup,2,Over Speeding,1,0,0,1,1,0,Low
2019,2,Wednesday,19,Sindh,Karachi,Rural Road,Good,Clear,Dawn/Dusk,Motorcycle,3,Road Condition,1,0,0,1,1,0,Low
2023,12,Friday,18,Punjab,Bahawalpur,Provincial Highway,Poor,Clear,Daylight,Car/Taxi,1,Pedestrian Error,1,0,0,1,1,0,Low
2020,6,Wednesday,7,KPK,Dera Ismail Khan,Provincial Highway,Average,Clear,Dawn/Dusk,Motorcycle,2,Wrong Overtaking,1,0,0,0,4,2,Medium
2021,5,Wednesday,12,Punjab,Faisalabad,National Highway,Average,Extreme Heat,Daylight,Truck/Lorry,1,Over Speeding,1,0,0,0,5,1,High
2020,6,Sunday,2,Punjab,Bahawalpur,National Highway,Under Repair,Clear,No Light,Van/Pickup,2,Pedestrian Error,0,1,1,0,2,0,Medium
2022,5,Tuesday,23,Punjab,Gujranwala,Urban Road,Poor,Extreme Heat,No Light,Truck/Lorry,1,Driver Fatigue,0,0,1,0,2,1,Medium
2022,2,Wednesday,14,Sindh,Thatta,Provincial Highway,Average,Clear,Daylight,Van/Pickup,1,Over Speeding,0,0,0,1,2,0,Medium
2021,12,Tuesday,17,KPK,Mansehra,National Highway,Poor,Clear,Daylight,Truck/Lorry,2,Wrong Overtaking,1,0,0,1,5,1,Medium
2019,2,Saturday,6,Sindh,Hyderabad,National Highway,Good,Extreme Heat,Daylight,Motorcycle,2,Drunk Driving,0,1,0,1,2,0,High
2023,5,Monday,14,KPK,Nowshera,Urban Road,Poor,Rainy,Daylight,Car/Taxi,4,Signal Violation,0,0,0,0,3,0,Medium
2021,4,Saturday,11,Sindh,Nawabshah,Provincial Highway,Good,Clear,Dawn/Dusk,Car/Taxi,1,Pedestrian Error,0,1,0,0,1,0,Low
2021,12,Monday,8,Punjab,Multan,Rural Road,Poor,Foggy,No Light,Rickshaw,3,Weather Condition,1,0,0,1,0,1,Low
2019,10,Thursday,19,KPK,Bannu,Provincial Highway,Average,Clear,Street Light,Car/Taxi,1,Over Speeding,1,0,0,0,2,0,Medium
2022,5,Sunday,18,Punjab,Multan,National Highway,Average,Clear,Daylight,Rickshaw,1,Over Speeding,1,1,0,0,1,2,Medium
2023,7,Thursday,15,Punjab,Lahore,National Highway,Good,Dusty/Smoggy,Daylight,Car/Taxi,3,Over Speeding,0,0,0,0,5,2,Medium
2020,3,Monday,5,Sindh,Sukkur,National Highway,Good,Foggy,Dawn/Dusk,Motorcycle,2,Wrong Overtaking,0,0,1,0,4,0,High
2020,6,Friday,7,Punjab,Bahawalpur,Provincial Highway,Good,Clear,Daylight,Car/Taxi,2,Road Condition,1,0,0,0,2,0,Low
2022,12,Tuesday,23,Punjab,Rawalpindi,Provincial Highway,Good,Clear,No Light,Car/Taxi,2,Over Speeding,0,0,1,1,5,0,Medium
2021,7,Sunday,11,Sindh,Jacobabad,National Highway,Under Repair,Dusty/Smoggy,Daylight,Other,1,Road Condition,0,1,0,0,2,0,Low
2019,2,Sunday,22,Sindh,Karachi,National Highway,Good,Extreme Heat,Street Light,Car/Taxi,1,Over Speeding,0,1,1,1,2,1,High
2019,6,Monday,19,Sindh,Larkana,Motorway,Average,Extreme Heat,Daylight,Truck/Lorry,1,Road Condition,1,0,0,0,1,1,Medium
2019,5,Friday,17,Islamabad,Islamabad,Motorway,Good,Clear,Street Light,Motorcycle,2,Signal Violation,1,0,0,0,2,0,High
2023,8,Monday,7,Sindh,Larkana,Provincial Highway,Good,Rainy,Daylight,Motorcycle,3,Over Speeding,1,0,0,0,5,1,High
2021,12,Sunday,21,Balochistan,Sibi,National Highway,Poor,Clear,Street Light,Bus/Coach,1,Over Speeding,0,1,0,1,5,1,High
2022,5,Wednesday,7,Punjab,Lahore,National Highway,Poor,Foggy,Daylight,Bus/Coach,2,Over Speeding,1,0,0,0,9,1,High
2018,5,Thursday,14,Sindh,Dadu,National Highway,Good,Foggy,Dawn/Dusk,Motorcycle,2,Drunk Driving,0,0,0,0,4,1,High
2018,5,Thursday,15,Balochistan,Dera Bugti,National Highway,Average,Rainy,Dawn/Dusk,Car/Taxi,2,Road Condition,0,0,0,0,3,1,Medium
2020,3,Monday,15,Sindh,Thatta,National Highway,Good,Clear,Daylight,Motorcycle,3,Signal Violation,0,0,0,0,4,1,Medium
2022,10,Tuesday,18,KPK,Dera Ismail Khan,Provincial Highway,Good,Dusty/Smoggy,No Light,Car/Taxi,2,Mobile Phone Use,1,0,0,0,2,0,Low
2023,8,Sunday,8,Punjab,Sialkot,Urban Road,Under Repair,Clear,Daylight,Motorcycle,1,Drunk Driving,1,1,0,0,4,3,High
2022,7,Saturday,6,Punjab,Multan,National Highway,Poor,Clear,Daylight,Motorcycle,4,Over Speeding,0,1,0,0,9,0,High
2023,11,Friday,18,Sindh,Nawabshah,Provincial Highway,Good,Clear,Street Light,Motorcycle,1,Road Condition,1,0,0,1,5,2,Medium
2022,3,Thursday,8,Punjab,Sialkot,National Highway,Good,Rainy,Street Light,Car/Taxi,4,Wrong Overtaking,1,0,0,0,4,1,Medium
2020,7,Sunday,6,Balochistan,Turbat,Urban Road,Average,Clear,Street Light,Motorcycle,1,Drunk Driving,0,1,0,0,2,0,Medium
2023,10,Friday,11,Punjab,Sargodha,Provincial Highway,Average,Rainy,Daylight,Bus/Coach,2,Over Speeding,0,0,0,0,8,3,High
2020,6,Saturday,13,Islamabad,Islamabad,Rural Road,Good,Clear,Daylight,Bus/Coach,2,Over Speeding,1,1,0,0,4,1,Medium
2023,9,Sunday,14,Islamabad,Islamabad,Rural Road,Good,Clear,Street Light,Bus/Coach,3,Wrong Overtaking,0,1,0,0,5,0,Medium
2021,7,Monday,9,Punjab,Sheikhupura,National Highway,Good,Clear,Daylight,Motorcycle,2,Road Condition,1,0,0,0,1,0,Medium
2022,3,Friday,21,Punjab,Bahawalpur,Provincial Highway,Under Repair,Foggy,Street Light,Motorcycle,1,Over Speeding,0,0,0,0,4,1,High
2021,6,Thursday,16,Balochistan,Khuzdar,Provincial Highway,Average,Dusty/Smoggy,Daylight,Motorcycle,2,Road Condition,0,0,0,0,2,0,Low
2023,6,Saturday,8,Islamabad,Islamabad,Motorway,Poor,Clear,Daylight,Van/Pickup,3,Over Speeding,1,1,0,0,5,2,Medium
2023,1,Thursday,18,Sindh,Thatta,Rural Road,Average,Extreme Heat,Daylight,Car/Taxi,2,Road Condition,1,0,0,1,2,1,Low
2019,5,Sunday,7,Punjab,Multan,Motorway,Under Repair,Rainy,Daylight,Motorcycle,2,Wrong Overtaking,1,1,0,0,2,1,High
2022,7,Friday,18,Sindh,Kashmore,Provincial Highway,Poor,Rainy,Daylight,Car/Taxi,3,Mechanical Failure,1,0,0,0,4,0,Medium
2023,12,Saturday,14,KPK,Peshawar,Motorway,Average,Foggy,Daylight,Rickshaw,1,Over Speeding,0,1,0,1,1,0,Medium
2023,11,Wednesday,13,Punjab,Rawalpindi,National Highway,Under Repair,Clear,Daylight,Motorcycle,1,Over Speeding,1,0,0,1,7,0,High
2019,7,Tuesday,10,KPK,Peshawar,Motorway,Poor,Clear,Daylight,Bus/Coach,3,Mechanical Failure,0,0,0,0,0,0,Low
2023,12,Friday,19,Punjab,Gujranwala,National Highway,Good,Clear,Daylight,Bicycle,3,Driver Fatigue,1,0,0,1,3,0,High
2023,6,Sunday,0,Punjab,Rahim Yar Khan,Motorway,Average,Clear,Street Light,Truck/Lorry,2,Over Speeding,0,1,1,0,5,2,High
2018,3,Saturday,17,Punjab,Sheikhupura,Provincial Highway,Good,Clear,Daylight,Truck/Lorry,1,Road Condition,1,1,0,0,2,0,Low
2020,12,Wednesday,21,Punjab,Sargodha,Urban Road,Good,Dusty/Smoggy,No Light,Motorcycle,3,Over Speeding,0,0,0,1,5,0,Medium
2019,1,Friday,9,Punjab,Rawalpindi,Rural Road,Poor,Clear,Daylight,Car/Taxi,1,Driver Fatigue,1,0,0,1,2,0,Medium
2023,12,Tuesday,13,Sindh,Jacobabad,Motorway,Good,Clear,Dawn/Dusk,Car/Taxi,2,Wrong Overtaking,1,0,0,1,4,0,Medium
2018,9,Wednesday,14,Punjab,Bahawalpur,National Highway,Good,Rainy,Daylight,Rickshaw,2,Wrong Overtaking,0,0,0,0,5,0,Medium
2021,11,Thursday,21,Punjab,Multan,Urban Road,Poor,Clear,Street Light,Truck/Lorry,4,Signal Violation,0,0,0,1,2,1,Low
2020,11,Sunday,18,Punjab,Rawalpindi,Urban Road,Average,Dusty/Smoggy,Daylight,Motorcycle,1,Signal Violation,1,1,0,1,2,0,Low
2018,10,Monday,13,AJK,Mirpur,Urban Road,Poor,Clear,Daylight,Car/Taxi,1,Weather Condition,1,0,0,0,2,0,Low
2020,7,Wednesday,14,Punjab,Bahawalpur,National Highway,Good,Rainy,Daylight,Bus/Coach,3,Mobile Phone Use,0,0,0,0,11,0,High
2018,4,Saturday,17,Sindh,Sukkur,National Highway,Poor,Clear,Daylight,Truck/Lorry,1,Signal Violation,1,1,0,0,5,2,Medium
2023,10,Thursday,18,Sindh,Jacobabad,Provincial Highway,Poor,Clear,Dawn/Dusk,Car/Taxi,2,Signal Violation,1,0,0,0,0,0,Low
2022,5,Tuesday,20,AJK,Rawalakot,Rural Road,Average,Clear,No Light,Motorcycle,2,Mobile Phone Use,1,0,0,0,1,0,Low
2023,4,Friday,10,Punjab,Faisalabad,Motorway,Under Repair,Clear,Daylight,Car/Taxi,2,Mechanical Failure,0,0,0,0,1,0,Low
2023,2,Saturday,12,KPK,Kohat,Provincial Highway,Good,Foggy,Daylight,Motorcycle,3,Over Speeding,1,1,0,1,10,0,High
2020,5,Tuesday,19,KPK,Kohat,Rural Road,Good,Foggy,Dawn/Dusk,Car/Taxi,2,Wrong Overtaking,1,0,0,0,2,0,Low
2023,8,Sunday,17,Sindh,Dadu,Urban Road,Good,Clear,Daylight,Rickshaw,4,Over Speeding,1,1,0,0,1,0,Low
2023,6,Wednesday,13,Punjab,Bahawalpur,National Highway,Average,Clear,Daylight,Motorcycle,3,Over Speeding,1,0,0,0,11,3,High
2021,1,Sunday,3,KPK,Charsadda,Provincial Highway,Average,Clear,Street Light,Motorcycle,2,Over Speeding,0,1,1,1,2,2,High
2021,1,Saturday,3,Punjab,Rahim Yar Khan,Urban Road,Poor,Clear,Street Light,Motorcycle,1,Wrong Overtaking,0,1,1,1,3,0,Medium
2022,4,Tuesday,19,Sindh,Hyderabad,Provincial Highway,Average,Rainy,Street Light,Bus/Coach,2,Over Speeding,1,0,0,0,2,3,High
2022,11,Saturday,19,KPK,Mardan,Urban Road,Average,Foggy,Street Light,Car/Taxi,2,Over Speeding,1,1,0,1,2,0,Medium
2019,7,Tuesday,20,Punjab,Rahim Yar Khan,Urban Road,Good,Clear,Street Light,Truck/Lorry,2,Drunk Driving,1,0,0,0,1,1,Low
2022,6,Wednesday,0,Balochistan,Loralai,Motorway,Under Repair,Foggy,Street Light,Motorcycle,2,Over Speeding,0,0,1,0,10,1,High
2021,6,Wednesday,7,Punjab,Multan,Rural Road,Average,Clear,Daylight,Motorcycle,3,Over Speeding,1,0,0,0,9,0,High
2019,2,Wednesday,14,Balochistan,Khuzdar,Provincial Highway,Good,Clear,Daylight,Motorcycle,3,Over Speeding,0,0,0,1,3,0,Medium
2022,2,Sunday,13,Sindh,Sukkur,Rural Road,Good,Clear,Daylight,Motorcycle,2,Road Condition,1,1,0,1,4,0,Medium
2023,5,Wednesday,21,Punjab,Sargodha,Provincial Highway,Good,Clear,No Light,Motorcycle,2,Wrong Overtaking,0,0,0,0,5,1,High
2021,4,Saturday,7,Punjab,Lahore,Urban Road,Under Repair,Clear,Daylight,Motorcycle,2,Signal Violation,1,1,0,0,5,0,Medium
2019,4,Sunday,1,Islamabad,Islamabad,National Highway,Poor,Rainy,Street Light,Motorcycle,4,Mechanical Failure,0,1,1,0,3,1,High
2020,10,Tuesday,19,Punjab,Multan,Rural Road,Poor,Clear,Daylight,Rickshaw,2,Driver Fatigue,1,0,0,0,1,0,Low
2020,12,Friday,20,Punjab,Sialkot,Motorway,Poor,Foggy,No Light,Car/Taxi,3,Wrong Overtaking,1,0,0,1,6,1,High
2018,8,Monday,10,Punjab,Sheikhupura,Provincial Highway,Good,Clear,Daylight,Motorcycle,1,Over Speeding,0,0,0,0,10,1,High
2022,11,Thursday,12,Sindh,Karachi,Rural Road,Average,Clear,Daylight,Motorcycle,3,Pedestrian Error,1,0,0,1,3,0,Medium
2023,4,Wednesday,6,Sindh,Karachi,Rural Road,Under Repair,Clear,Daylight,Bus/Coach,2,Mobile Phone Use,0,0,0,0,0,0,Low
2019,2,Wednesday,19,Punjab,Faisalabad,National Highway,Good,Dusty/Smoggy,Dawn/Dusk,Rickshaw,1,Wrong Overtaking,1,0,0,1,0,0,Low
2019,4,Saturday,18,Punjab,Sargodha,National Highway,Average,Foggy,Daylight,Car/Taxi,2,Road Condition,1,1,0,0,2,0,Medium
2020,8,Saturday,17,Punjab,Sargodha,Provincial Highway,Good,Clear,Daylight,Van/Pickup,3,Road Condition,1,1,0,0,1,0,Low
2021,5,Wednesday,14,Punjab,Gujranwala,National Highway,Average,Rainy,Daylight,Car/Taxi,3,Mechanical Failure,0,0,0,0,3,0,Medium
2019,5,Thursday,7,Punjab,Multan,Provincial Highway,Good,Foggy,Daylight,Truck/Lorry,2,Over Speeding,1,0,0,0,5,0,High
2021,8,Friday,13,KPK,Dera Ismail Khan,Provincial Highway,Under Repair,Rainy,Daylight,Rickshaw,2,Pedestrian Error,1,0,0,0,0,1,Low
2020,6,Friday,12,Punjab,Sialkot,Provincial Highway,Poor,Clear,Daylight,Rickshaw,1,Pedestrian Error,1,0,0,0,1,0,Low
2020,5,Wednesday,22,Punjab,Bahawalpur,National Highway,Good,Dusty/Smoggy,Street Light,Motorcycle,3,Road Condition,0,0,1,0,8,0,High
2020,8,Sunday,13,Punjab,Sargodha,National Highway,Good,Clear,Dawn/Dusk,Car/Taxi,1,Over Speeding,1,1,0,0,1,1,Medium
2018,11,Tuesday,9,AJK,Mirpur,Provincial Highway,Poor,Foggy,Daylight,Motorcycle,2,Wrong Overtaking,1,0,0,1,6,3,High
2021,12,Saturday,9,Islamabad,Islamabad,Urban Road,Good,Rainy,Daylight,Motorcycle,3,Mechanical Failure,1,1,0,1,5,0,Medium
2021,2,Tuesday,14,KPK,Mardan,Urban Road,Good,Clear,Dawn/Dusk,Motorcycle,2,Road Condition,0,0,0,1,5,0,Medium
2019,6,Saturday,14,Punjab,Sialkot,National Highway,Average,Clear,No Light,Rickshaw,4,Road Condition,0,1,0,0,0,0,Low
2018,9,Wednesday,20,Punjab,Lahore,National Highway,Good,Clear,No Light,Motorcycle,3,Over Speeding,1,0,0,0,8,2,High
2022,10,Saturday,11,Punjab,Gujranwala,Provincial Highway,Good,Dusty/Smoggy,Dawn/Dusk,Van/Pickup,1,Pedestrian Error,0,1,0,0,0,0,Low
2023,2,Thursday,21,Punjab,Lahore,Provincial Highway,Good,Clear,No Light,Motorcycle,2,Road Condition,0,0,0,1,5,1,Medium
2023,4,Saturday,17,Sindh,Jacobabad,Provincial Highway,Poor,Foggy,Daylight,Motorcycle,2,Signal Violation,1,1,0,0,5,0,Medium
2022,12,Tuesday,8,KPK,Abbottabad,Provincial Highway,Good,Clear,Daylight,Rickshaw,2,Road Condition,1,0,0,1,1,0,Low
2022,5,Friday,3,Balochistan,Sibi,Rural Road,Poor,Foggy,Street Light,Motorcycle,2,Driver Fatigue,0,0,1,0,9,0,High
2021,9,Sunday,12,Balochistan,Hub,Rural Road,Poor,Dusty/Smoggy,Daylight,Car/Taxi,2,Drunk Driving,1,1,0,0,1,0,Low
2020,11,Saturday,13,Punjab,Lahore,Rural Road,Good,Rainy,Street Light,Rickshaw,2,Signal Violation,1,1,0,1,5,2,Medium
2020,12,Wednesday,18,KPK,Dera Ismail Khan,Provincial Highway,Average,Foggy,No Light,Car/Taxi,3,Over Speeding,1,0,0,1,3,1,Medium
2022,5,Saturday,3,Punjab,Multan,National Highway,Poor,Clear,No Light,Rickshaw,2,Road Condition,0,1,1,0,1,2,Medium
2023,1,Friday,8,Punjab,Bahawalpur,Urban Road,Average,Clear,No Light,Car/Taxi,2,Mechanical Failure,1,0,0,1,0,0,Low
2018,5,Wednesday,7,KPK,Nowshera,Urban Road,Good,Clear,Daylight,Motorcycle,2,Over Speeding,1,0,0,0,3,0,Medium
2020,8,Sunday,0,Punjab,Sialkot,Provincial Highway,Poor,Clear,Street Light,Truck/Lorry,2,Over Speeding,0,1,1,0,2,0,Medium
2020,9,Saturday,20,Punjab,Sheikhupura,Rural Road,Good,Rainy,Street Light,Motorcycle,1,Pedestrian Error,1,1,0,0,2,0,Medium
2023,1,Wednesday,14,Punjab,Multan,Urban Road,Good,Clear,Daylight,Car/Taxi,2,Signal Violation,0,0,0,1,0,0,Low
2022,2,Monday,16,KPK,Dera Ismail Khan,Motorway,Good,Rainy,Daylight,Motorcycle,2,Over Speeding,0,0,0,1,3,3,High
2022,9,Wednesday,10,KPK,Peshawar,Provincial Highway,Poor,Clear,Daylight,Car/Taxi,1,Pedestrian Error,0,0,0,0,0,0,Low
2019,4,Monday,20,Punjab,Rahim Yar Khan,Rural Road,Average,Extreme Heat,No Light,Motorcycle,4,Over Speeding,1,0,0,0,4,2,Medium
2022,5,Thursday,18,KPK,Mansehra,Provincial Highway,Good,Extreme Heat,Street Light,Car/Taxi,3,Drunk Driving,1,0,0,0,0,0,Low
2021,1,Friday,6,Punjab,Multan,Rural Road,Under Repair,Clear,Daylight,Bus/Coach,2,Over Speeding,0,0,0,1,1,0,Medium
2018,6,Saturday,18,Sindh,Karachi,Provincial Highway,Average,Extreme Heat,Daylight,Motorcycle,3,Signal Violation,1,1,0,0,1,2,Medium
2023,2,Wednesday,20,KPK,Dera Ismail Khan,Rural Road,Good,Clear,No Light,Other,1,Driver Fatigue,1,0,0,1,2,0,Low
2019,4,Tuesday,9,KPK,Abbottabad,National Highway,Average,Clear,Dawn/Dusk,Bicycle,1,Driver Fatigue,1,0,0,0,5,2,High