year,month,day_of_week,hour_of_day,province,district,road_type,road_condition,weather_condition,lighting_condition,vehicle_type,vehicles_involved,accident_cause,is_rush_hour,is_weekend,is_night,is_foggy_month,num_injured,num_killed,severity
2018,8,Friday,18,AJK,Rawalakot,Provincial Highway,Average,Clear,Daylight,Bus/Coach,2,Over Speeding,1,0,0,0,5,1,High
2021,6,Monday,23,Punjab,Lahore,National Highway,Poor,Clear,Street Light,Rickshaw,1,Signal Violation,0,0,1,0,4,1,High
2021,3,Thursday,20,KPK,Kohat,Provincial Highway,Average,Foggy,No Light,Rickshaw,1,Signal Violation,1,0,0,0,4,1,Medium
2021,6,Saturday,20,Sindh,Thatta,Provincial Highway,Good,Extreme Heat,No Light,Motorcycle,4,Wrong Overtaking,1,1,0,0,5,0,Medium
2023,7,Friday,16,Balochistan,Turbat,Rural Road,Average,Clear,Dawn/Dusk,Rickshaw,1,Driver Fatigue,0,0,0,0,2,0,Low
2023,7,Sunday,14,Punjab,Sialkot,Rural Road,Good,Clear,Street Light,Motorcycle,2,Drunk Driving,0,1,0,0,2,0,Medium
2023,1,Wednesday,12,KPK,Mansehra,National Highway,Good,Clear,Dawn/Dusk,Rickshaw,2,Wrong Overtaking,1,0,0,1,1,0,Medium
2021,3,Monday,14,Sindh,Mirpur Khas,Rural Road,Poor,Foggy,Daylight,Car/Taxi,1,Over Speeding,0,0,0,0,1,2,Medium
2019,7,Friday,7,Punjab,Sargodha,National Highway,Average,Clear,Daylight,Motorcycle,2,Signal Violation,1,0,0,0,5,1,High
2021,12,Friday,18,Sindh,Karachi,Urban Road,Poor,Clear,Daylight,Truck/Lorry,1,Wrong Overtaking,1,0,0,1,1,0,Low
2023,3,Friday,20,Punjab,Rahim Yar Khan,National Highway,Poor,Extreme Heat,No Light,Motorcycle,4,Mobile Phone Use,1,0,0,0,2,0,Medium
2023,7,Tuesday,21,Sindh,Larkana,Motorway,Good,Clear,No Light,Motorcycle,4,Wrong Overtaking,0,0,0,0,1,0,Medium
2022,3,Thursday,18,Balochistan,Zhob,Rural Road,Poor,Foggy,Daylight,Motorcycle,2,Signal Violation,1,0,0,0,5,1,Medium
2023,9,Monday,21,Sindh,Larkana,Provincial Highway,Good,Foggy,No Light,Truck/Lorry,2,Wrong Overtaking,0,0,0,0,8,2,High
2022,11,Thursday,18,Sindh,Nawabshah,National Highway,Under Repair,Clear,Daylight,Motorcycle,1,Mechanical Failure,1,0,0,1,1,0,Medium
2022,10,Thursday,6,Sindh,Hyderabad,Urban Road,Average,Clear,Daylight,Car/Taxi,2,Mobile Phone Use,0,0,0,0,0,1,Low
2021,1,Friday,16,Punjab,Sheikhupura,National Highway,Average,Foggy,Dawn/Dusk,Bus/Coach,2,Road Condition,0,0,0,1,2,0,Medium
2020,4,Monday,13,Punjab,Multan,National Highway,Poor,Clear,Daylight,Motorcycle,1,Signal Violation,1,0,0,0,11,3,High
2022,6,Saturday,19,Sindh,Mirpur Khas,Rural Road,Average,Foggy,Dawn/Dusk,Car/Taxi,1,Driver Fatigue,1,1,0,0,2,0,Medium
2018,12,Friday,19,Punjab,Sargodha,Urban Road,Good,Clear,Street Light,Bus/Coach,1,Over Speeding,1,0,0,1,2,0,Medium
2020,1,Wednesday,10,Punjab,Bahawalpur,Rural Road,Good,Clear,Daylight,Car/Taxi,2,Driver Fatigue,0,0,0,1,1,0,Low
2018,5,Tuesday,15,Sindh,Karachi,National Highway,Good,Clear,Dawn/Dusk,Motorcycle,3,Over Speeding,0,0,0,0,8,0,High
2020,2,Tuesday,9,Punjab,Sargodha,Provincial Highway,Under Repair,Foggy,Daylight,Motorcycle,1,Signal Violation,1,0,0,1,5,2,High
2021,5,Saturday,22,Punjab,Rahim Yar Khan,Rural Road,Average,Clear,No Light,Car/Taxi,1,Wrong Overtaking,0,1,1,0,1,0,Low
2018,7,Tuesday,16,Sindh,Dadu,Provincial Highway,Good,Clear,Daylight,Car/Taxi,4,Road Condition,0,0,0,0,2,0,Low
2020,2,Thursday,8,Punjab,Faisalabad,National Highway,Poor,Clear,Street Light,Car/Taxi,3,Over Speeding,1,0,0,1,4,1,Medium
2018,5,Thursday,11,Islamabad,Islamabad,Provincial Highway,Poor,Foggy,Daylight,Motorcycle,2,Over Speeding,0,0,0,0,9,0,High
2021,12,Monday,5,Balochistan,Turbat,Provincial Highway,Poor,Dusty/Smoggy,Dawn/Dusk,Bus/Coach,2,Driver Fatigue,0,0,1,1,11,2,High
2021,6,Wednesday,9,KPK,Swat,Rural Road,Poor,Rainy,Daylight,Motorcycle,2,Over Speeding,1,0,0,0,7,2,High
2018,3,Wednesday,6,Punjab,Lahore,Provincial Highway,Average,Clear,Daylight,Truck/Lorry,2,Over Speeding,0,0,0,0,1,1,Medium
2020,1,Friday,19,KPK,Bannu,National Highway,Good,Clear,Dawn/Dusk,Motorcycle,2,Over Speeding,1,0,0,1,6,0,High
2021,7,Saturday,19,KPK,Kohat,Urban Road,Average,Clear,Street Light,Other,3,Mechanical Failure,1,1,0,0,2,1,Low
2021,5,Monday,21,KPK,Abbottabad,Rural Road,Poor,Clear,No Light,Motorcycle,2,Road Condition,0,0,0,0,1,0,Low
2021,12,Sunday,12,Punjab,Sialkot,Rural Road,Average,Foggy,Street Light,Motorcycle,2,Over Speeding,1,1,0,1,6,1,High
2022,3,Saturday,10,Sindh,Jacobabad,Provincial Highway,Good,Extreme Heat,Daylight,Motorcycle,2,Wrong Overtaking,0,1,0,0,11,2,High
2021,7,Sunday,8,KPK,Swat,National Highway,Average,Clear,Dawn/Dusk,Car/Taxi,1,Pedestrian Error,1,1,0,0,2,0,Low
2022,5,Wednesday,21,Sindh,Hyderabad,Urban Road,Poor,Clear,Street Light,Car/Taxi,1,Road Condition,0,0,0,0,1,0,Low
2021,3,Saturday,9,Sindh,Mirpur Khas,Provincial Highway,Poor,Extreme Heat,Daylight,Car/Taxi,2,Mobile Phone Use,1,1,0,0,0,0,Low
2022,3,Tuesday,23,Sindh,Jacobabad,Rural Road,Good,Clear,No Light,Motorcycle,1,Over Speeding,0,0,1,0,2,1,High
2023,7,Saturday,18,Sindh,Kashmore,Rural Road,Average,Clear,Daylight,Motorcycle,2,Driver Fatigue,1,1,0,0,11,0,High
2020,7,Sunday,14,Punjab,Rahim Yar Khan,Rural Road,Poor,Clear,Daylight,Car/Taxi,2,Over Speeding,0,1,0,0,2,0,Medium
2023,10,Thursday,8,Sindh,Sukkur,Rural Road,Good,Dusty/Smoggy,Street Light,Motorcycle,2,Mechanical Failure,1,0,0,0,1,0,Low
2018,4,Tuesday,20,Punjab,Faisalabad,National Highway,Average,Rainy,No Light,Truck/Lorry,2,Mechanical Failure,1,0,0,0,4,0,Medium
2018,10,Sunday,20,Sindh,Hyderabad,Urban Road,Good,Clear,No Light,Car/Taxi,1,Pedestrian Error,1,1,0,0,0,0,Low
2023,3,Friday,12,Punjab,Multan,Rural Road,Average,Clear,Daylight,Bus/Coach,2,Wrong Overtaking,1,0,0,0,2,0,Low
2021,6,Sunday,19,Sindh,Larkana,Rural Road,Good,Dusty/Smoggy,No Light,Rickshaw,1,Over Speeding,1,1,0,0,2,1,Medium
2020,8,Saturday,17,Punjab,Gujranwala,Rural Road,Good,Dusty/Smoggy,No Light,Bicycle,2,Road Condition,1,1,0,0,1,0,Low
2021,11,Friday,9,KPK,Abbottabad,Provincial Highway,Average,Foggy,Daylight,Bus/Coach,1,Mechanical Failure,1,0,0,1,2,0,Medium
2018,7,Saturday,13,KPK,Peshawar,National Highway,Poor,Rainy,Daylight,Bicycle,2,Over Speeding,1,1,0,0,3,2,High
2023,1,Wednesday,12,Punjab,Multan,National Highway,Good,Clear,Daylight,Bus/Coach,1,Wrong Overtaking,1,0,0,1,3,0,Medium
2020,5,Saturday,20,Punjab,Lahore,National Highway,Under Repair,Extreme Heat,No Light,Car/Taxi,3,Signal Violation,1,1,0,0,1,0,Low
2020,3,Saturday,12,Punjab,Bahawalpur,National Highway,Average,Rainy,Daylight,Motorcycle,1,Over Speeding,1,1,0,0,7,1,High
2020,6,Thursday,9,Balochistan,Hub,Provincial Highway,Good,Clear,Street Light,Motorcycle,1,Over Speeding,1,0,0,0,4,0,High
2018,12,Sunday,17,Sindh,Hyderabad,Motorway,Average,Clear,Daylight,Van/Pickup,3,Over Speeding,1,1,0,1,3,0,Medium
2023,6,Friday,16,Sindh,Mirpur Khas,National Highway,Good,Foggy,Daylight,Car/Taxi,1,Signal Violation,0,0,0,0,3,2,High
2023,10,Thursday,10,Punjab,Gujranwala,Rural Road,Good,Clear,Daylight,Motorcycle,4,Driver Fatigue,0,0,0,0,8,1,High
2021,11,Sunday,11,Sindh,Karachi,Motorway,Good,Rainy,Daylight,Car/Taxi,2,Wrong Overtaking,0,1,0,1,2,0,High
2023,1,Tuesday,20,Balochistan,Hub,National Highway,Good,Clear,Street Light,Bus/Coach,2,Road Condition,1,0,0,1,2,0,Low
2019,2,Sunday,19,KPK,Charsadda,Rural Road,Poor,Extreme Heat,No Light,Car/Taxi,2,Over Speeding,1,1,0,1,1,0,Low
2023,2,Sunday,14,Sindh,Kashmore,Rural Road,Good,Foggy,Daylight,Car/Taxi,2,Over Speeding,0,1,0,1,5,0,Medium
2022,7,Saturday,20,Punjab,Faisalabad,National Highway,Good,Foggy,No Light,Bicycle,2,Pedestrian Error,1,1,0,0,3,3,High
2020,7,Saturday,2,Punjab,Bahawalpur,Provincial Highway,Average,Clear,Street Light,Car/Taxi,4,Wrong Overtaking,0,1,1,0,1,0,Low
2022,5,Tuesday,7,Punjab,Bahawalpur,Rural Road,Average,Foggy,Daylight,Motorcycle,1,Wrong Overtaking,1,0,0,0,4,1,Medium
2023,9,Saturday,7,Punjab,Lahore,National Highway,Good,Extreme Heat,Daylight,Bus/Coach,1,Over Speeding,1,1,0,0,1,1,Medium
2022,10,Sunday,14,Punjab,Multan,Urban Road,Under Repair,Dusty/Smoggy,Daylight,Motorcycle,2,Over Speeding,0,1,0,0,5,0,Medium
2018,1,Friday,12,Punjab,Gujranwala,National Highway,Poor,Clear,Daylight,Truck/Lorry,2,Over Speeding,1,0,0,1,1,1,Medium
2022,2,Tuesday,16,Punjab,Rahim Yar Khan,Urban Road,Poor,Clear,Street Light,Motorcycle,1,Mechanical Failure,0,0,0,1,0,0,Low
2018,1,Monday,21,Islamabad,Islamabad,Urban Road,Average,Clear,Street Light,Van/Pickup,1,Over Speeding,0,0,0,1,1,1,Medium
2023,1,Friday,21,Sindh,Thatta,Urban Road,Good,Foggy,Street Light,Rickshaw,2,Over Speeding,0,0,0,1,2,0,Low
2023,1,Sunday,18,KPK,Abbottabad,Rural Road,Average,Clear,Daylight,Bus/Coach,1,Over Speeding,1,1,0,1,2,0,Medium
2021,4,Friday,19,KPK,Peshawar,Urban Road,Average,Clear,Dawn/Dusk,Bicycle,2,Over Speeding,1,0,0,0,4,2,High
2023,1,Saturday,5,Punjab,Sargodha,National Highway,Good,Extreme Heat,Dawn/Dusk,Motorcycle,1,Over Speeding,0,1,1,1,11,1,High
2019,2,Saturday,10,KPK,Swat,National Highway,Good,Clear,Daylight,Motorcycle,3,Wrong Overtaking,0,1,0,1,11,1,High
2018,12,Friday,12,Punjab,Rahim Yar Khan,National Highway,Average,Clear,Daylight,Car/Taxi,2,Wrong Overtaking,1,0,0,1,3,2,Medium
2022,5,Tuesday,0,Sindh,Mirpur Khas,National Highway,Good,Rainy,Street Light,Car/Taxi,1,Over Speeding,0,0,1,0,10,3,High
2019,1,Sunday,23,Punjab,Sialkot,Provincial Highway,Average,Foggy,No Light,Car/Taxi,2,Wrong Overtaking,0,1,1,1,1,0,Medium
2020,12,Thursday,0,Gilgit-Baltistan,Gilgit,Provincial Highway,Under Repair,Clear,No Light,Car/Taxi,2,Pedestrian Error,0,0,1,1,0,0,Low
2022,10,Monday,18,Punjab,Bahawalpur,Urban Road,Poor,Rainy,Dawn/Dusk,Van/Pickup,1,Wrong Overtaking,1,0,0,0,5,0,Medium
2018,7,Saturday,7,Punjab,Sheikhupura,Provincial Highway,Good,Clear,Daylight,Motorcycle,3,Road Condition,1,1,0,0,0,0,Low
2021,6,Monday,0,Islamabad,Islamabad,Rural Road,Average,Extreme Heat,Street Light,Motorcycle,1,Over Speeding,0,0,1,0,7,0,High
2021,8,Sunday,8,Punjab,Rawalpindi,Provincial Highway,Good,Foggy,Daylight,Motorcycle,2,Pedestrian Error,1,1,0,0,5,1,Medium
2023,6,Monday,18,KPK,Dera Ismail Khan,Motorway,Average,Clear,Daylight,Car/Taxi,2,Weather Condition,1,0,0,0,0,0,Low
2018,3,Sunday,22,KPK,Swat,Provincial Highway,Poor,Clear,Street Light,Car/Taxi,3,Driver Fatigue,0,1,1,0,4,0,High
2018,3,Wednesday,11,KPK,Kohat,Rural Road,Good,Dusty/Smoggy,Daylight,Bicycle,1,Road Condition,0,0,0,0,2,0,Low
2020,8,Thursday,3,AJK,Mirpur,National Highway,Average,Clear,Street Light,Motorcycle,1,Road Condition,0,0,1,0,1,0,Medium
2023,5,Wednesday,14,AJK,Muzaffarabad,National Highway,Poor,Dusty/Smoggy,Daylight,Motorcycle,2,Mobile Phone Use,0,0,0,0,4,0,Medium
2018,2,Thursday,11,Punjab,Sheikhupura,Provincial Highway,Average,Clear,Daylight,Bus/Coach,2,Signal Violation,0,0,0,1,1,0,Low
2020,11,Sunday,10,KPK,Kohat,Provincial Highway,Good,Clear,Daylight,Motorcycle,2,Signal Violation,0,1,0,1,4,1,Medium
2022,7,Tuesday,17,Sindh,Jacobabad,Motorway,Good,Dusty/Smoggy,Dawn/Dusk,Truck/Lorry,2,Wrong Overtaking,1,0,0,0,4,2,Medium
2021,3,Sunday,19,Sindh,Sukkur,National Highway,Good,Clear,No Light,Motorcycle,2,Over Speeding,1,1,0,0,8,2,High
2021,7,Tuesday,19,Punjab,Lahore,National Highway,Good,Clear,Street Light,Motorcycle,2,Over Speeding,1,0,0,0,9,2,High
2018,4,Thursday,3,Sindh,Nawabshah,Provincial Highway,Poor,Clear,No Light,Motorcycle,2,Wrong Overtaking,0,0,1,0,7,0,High
2021,5,Tuesday,18,AJK,Muzaffarabad,Provincial Highway,Poor,Clear,Daylight,Motorcycle,1,Mobile Phone Use,1,0,0,0,2,0,Low
2021,2,Friday,17,Balochistan,Dera Bugti,Urban Road,Good,Clear,Daylight,Rickshaw,1,Road Condition,1,0,0,1,1,0,Low
2020,11,Sunday,17,Sindh,Karachi,National Highway,Under Repair,Clear,Daylight,Car/Taxi,2,Mechanical Failure,1,1,0,1,5,0,Medium
2019,12,Tuesday,14,Punjab,Sialkot,National Highway,Good,Clear,Daylight,Motorcycle,2,Wrong Overtaking,0,0,0,1,3,1,Medium
2020,2,Thursday,9,Punjab,Bahawalpur,Rural Road,Average,Extreme Heat,Daylight,Motorcycle,2,Pedestrian Error,1,0,0,1,0,0,Low
2019,11,Monday,1,KPK,Bannu,Provincial Highway,Poor,Clear,No Light,Rickshaw,3,Wrong Overtaking,0,0,1,1,2,0,Low
2018,1,Sunday,5,KPK,Charsadda,Rural Road,Good,Rainy,Dawn/Dusk,Rickshaw,1,Wrong Overtaking,0,1,1,1,2,0,Low
2023,7,Wednesday,22,Sindh,Mirpur Khas,Urban Road,Good,Clear,No Light,Bus/Coach,1,Mechanical Failure,0,0,1,0,0,0,Low
2021,7,Friday,14,Punjab,Sargodha,National Highway,Good,Clear,Daylight,Bicycle,1,Driver Fatigue,0,0,0,0,11,1,High
2023,2,Monday,21,Sindh,Nawabshah,National Highway,Good,Clear,No Light,Car/Taxi,2,Road Condition,0,0,0,1,2,0,Low
2018,7,Friday,19,Sindh,Dadu,Rural Road,Good,Clear,Daylight,Bus/Coach,2,Signal Violation,1,0,0,0,0,0,Low
2019,7,Thursday,5,Islamabad,Islamabad,National Highway,Good,Clear,Daylight,Motorcycle,1,Mechanical Failure,0,0,1,0,3,3,High
2022,7,Wednesday,15,Sindh,Larkana,National Highway,Good,Foggy,Daylight,Motorcycle,2,Over Speeding,0,0,0,0,9,0,High
2022,1,Sunday,14,Punjab,Bahawalpur,Rural Road,Poor,Foggy,Dawn/Dusk,Bus/Coach,2,Mechanical Failure,0,1,0,1,3,1,Medium
2018,10,Tuesday,11,Sindh,Dadu,Motorway,Poor,Clear,Daylight,Motorcycle,2,Road Condition,0,0,0,0,2,3,High
2021,4,Thursday,6,Punjab,Sargodha,Urban Road,Good,Dusty/Smoggy,Daylight,Rickshaw,1,Over Speeding,0,0,0,0,0,0,Low
2021,10,Friday,9,AJK,Rawalakot,National Highway,Average,Clear,Daylight,Motorcycle,2,Pedestrian Error,1,0,0,0,5,2,High
2022,4,Saturday,6,Punjab,Faisalabad,National Highway,Average,Clear,Dawn/Dusk,Motorcycle,2,Over Speeding,0,1,0,0,3,2,High
2023,12,Sunday,5,Sindh,Dadu,Urban Road,Good,Foggy,Street Light,Motorcycle,4,Driver Fatigue,0,1,1,1,4,1,High
2022,6,Sunday,5,Punjab,Gujranwala,National Highway,Poor,Clear,Dawn/Dusk,Truck/Lorry,4,Over Speeding,0,1,1,0,5,2,High
2021,7,Friday,11,KPK,Dera Ismail Khan,Provincial Highway,Average,Clear,Daylight,Motorcycle,1,Weather Condition,0,0,0,0,3,0,Medium
2021,6,Saturday,15,KPK,Abbottabad,Provincial Highway,Good,Clear,Daylight,Motorcycle,2,Over Speeding,0,1,0,0,1,0,Medium
2022,11,Saturday,23,KPK,Swat,National Highway,Average,Dusty/Smoggy,Street Light,Motorcycle,2,Over Speeding,0,1,1,1,4,0,High
2021,8,Wednesday,20,Punjab,Rahim Yar Khan,Motorway,Average,Foggy,No Light,Bicycle,3,Wrong Overtaking,1,0,0,0,3,1,High
2021,10,Tuesday,10,Punjab,Faisalabad,National Highway,Average,Clear,Daylight,Car/Taxi,2,Drunk Driving,0,0,0,0,4,1,High
2020,5,Sunday,17,Punjab,Rawalpindi,Provincial Highway,Good,Foggy,Daylight,Car/Taxi,3,Over Speeding,1,1,0,0,2,2,Medium
2018,3,Sunday,19,Sindh,Nawabshah,Rural Road,Average,Foggy,No Light,Truck/Lorry,3,Wrong Overtaking,1,1,0,0,2,1,Medium
2018,11,Sunday,21,Punjab,Lahore,Motorway,Poor,Clear,Street Light,Motorcycle,4,Signal Violation,0,1,0,1,5,2,High
2022,1,Thursday,8,Sindh,Hyderabad,National Highway,Average,Clear,Daylight,Motorcycle,1,Drunk Driving,1,0,0,1,10,1,High
2020,6,Wednesday,22,Balochistan,Gwadar,Motorway,Poor,Clear,Street Light,Motorcycle,2,Over Speeding,0,0,1,0,8,0,High
2022,1,Sunday,9,Balochistan,Quetta,Provincial Highway,Poor,Clear,Daylight,Motorcycle,2,Over Speeding,1,1,0,1,10,0,High
2019,5,Saturday,17,Sindh,Nawabshah,National Highway,Good,Clear,Daylight,Other,1,Wrong Overtaking,1,1,0,0,0,0,Low
2019,10,Thursday,8,Sindh,Larkana,Rural Road,Average,Extreme Heat,Daylight,Rickshaw,1,Driver Fatigue,1,0,0,0,4,1,Medium
2023,7,Saturday,14,Punjab,Faisalabad,Urban Road,Poor,Clear,Daylight,Bus/Coach,1,Mobile Phone Use,0,1,0,0,0,0,Low
2022,9,Wednesday,17,KPK,Dera Ismail Khan,National Highway,Good,Foggy,Dawn/Dusk,Truck/Lorry,3,Wrong Overtaking,1,0,0,0,10,2,High
2018,11,Thursday,19,KPK,Swat,Urban Road,Average,Rainy,Dawn/Dusk,Bus/Coach,2,Over Speeding,1,0,0,1,3,0,Medium
2021,1,Sunday,21,Punjab,Bahawalpur,Rural Road,Average,Rainy,No Light,Motorcycle,3,Pedestrian Error,0,1,0,1,1,0,Medium
2018,6,Wednesday,3,Sindh,Nawabshah,Provincial Highway,Good,Clear,Street Light,Motorcycle,2,Over Speeding,0,0,1,0,5,4,High
2022,12,Sunday,18,KPK,Peshawar,Provincial Highway,Average,Clear,Daylight,Motorcycle,1,Over Speeding,1,1,0,1,9,2,High
2019,1,Tuesday,21,Balochistan,Hub,National Highway,Poor,Dusty/Smoggy,Street Light,Motorcycle,2,Signal Violation,0,0,0,1,11,1,High
2022,3,Tuesday,10,Punjab,Sialkot,Urban Road,Average,Foggy,Daylight,Truck/Lorry,1,Pedestrian Error,0,0,0,0,2,0,Low
2023,4,Wednesday,8,Sindh,Larkana,Provincial Highway,Poor,Foggy,Dawn/Dusk,Car/Taxi,2,Mechanical Failure,1,0,0,0,0,1,Low
2020,10,Saturday,7,Punjab,Multan,Rural Road,Good,Clear,Daylight,Other,2,Signal Violation,1,1,0,0,0,0,Low
2020,11,Thursday,18,Punjab,Rawalpindi,Urban Road,Under Repair,Clear,Daylight,Motorcycle,2,Driver Fatigue,1,0,0,1,5,0,Medium
2020,3,Tuesday,17,Balochistan,Dera Bugti,Urban Road,Good,Rainy,Daylight,Motorcycle,2,Road Condition,1,0,0,0,2,0,Medium
2021,6,Thursday,13,KPK,Dera Ismail Khan,Rural Road,Good,Extreme Heat,Daylight,Motorcycle,2,Pedestrian Error,1,0,0,0,1,0,Low
2018,12,Monday,13,KPK,Mansehra,Urban Road,Good,Clear,Daylight,Motorcycle,1,Over Speeding,1,0,0,1,2,1,High
2022,6,Thursday,5,Punjab,Sheikhupura,Rural Road,Average,Clear,Street Light,Motorcycle,2,Road Condition,0,0,1,0,5,0,Medium
2022,2,Monday,9,Balochistan,Loralai,Rural Road,Poor,Clear,Daylight,Bicycle,4,Over Speeding,1,0,0,1,3,1,Medium
2021,5,Tuesday,8,Sindh,Dadu,Provincial Highway,Good,Foggy,Street Light,Motorcycle,3,Road Condition,1,0,0,0,2,0,Medium
2022,4,Friday,4,Punjab,Sialkot,National Highway,Poor,Clear,No Light,Van/Pickup,3,Signal Violation,0,0,1,0,1,1,Medium
2023,12,Sunday,12,Sindh,Hyderabad,Provincial Highway,Good,Clear,Daylight,Van/Pickup,1,Mobile Phone Use,1,1,0,1,0,0,Low
2020,4,Saturday,4,Punjab,Sialkot,Urban Road,Under Repair,Clear,No Light,Car/Taxi,3,Over Speeding,0,1,1,0,3,0,Medium
2022,6,Wednesday,20,KPK,Nowshera,National Highway,Poor,Clear,Street Light,Car/Taxi,2,Signal Violation,1,0,0,0,4,1,Medium
2023,11,Monday,9,Sindh,Hyderabad,National Highway,Good,Clear,Daylight,Motorcycle,2,Mobile Phone Use,1,0,0,1,2,1,Medium
2021,6,Sunday,20,Punjab,Lahore,National Highway,Good,Clear,Street Light,Motorcycle,2,Pedestrian Error,1,1,0,0,5,1,Medium
2022,5,Monday,19,Punjab,Sialkot,Urban Road,Average,Dusty/Smoggy,Dawn/Dusk,Motorcycle,2,Over Speeding,1,0,0,0,2,2,Medium
2023,5,Wednesday,6,Punjab,Bahawalpur,Rural Road,Average,Clear,Daylight,Motorcycle,2,Mechanical Failure,0,0,0,0,1,0,Low
2021,12,Sunday,1,Punjab,Sialkot,Rural Road,Under Repair,Dusty/Smoggy,No Light,Car/Taxi,2,Driver Fatigue,0,1,1,1,1,0,Medium
2021,1,Wednesday,22,Sindh,Thatta,Urban Road,Poor,Dusty/Smoggy,No Light,Bus/Coach,1,Pedestrian Error,0,0,1,1,1,0,Low
2022,6,Sunday,21,Balochistan,Zhob,National Highway,Poor,Dusty/Smoggy,No Light,Motorcycle,4,Road Condition,0,1,0,0,5,0,Medium
2022,6,Friday,12,Punjab,Sialkot,Urban Road,Poor,Clear,Daylight,Motorcycle,1,Pedestrian Error,1,0,0,0,5,2,Medium
2022,5,Sunday,19,Punjab,Bahawalpur,Provincial Highway,Average,Dusty/Smoggy,No Light,Motorcycle,3,Pedestrian Error,1,1,0,0,1,2,Medium
2018,5,Monday,18,Sindh,Sukkur,Rural Road,Good,Extreme Heat,Daylight,Motorcycle,2,Over Speeding,1,0,0,0,2,0,Medium
2022,4,Friday,6,KPK,Abbottabad,Provincial Highway,Average,Clear,Street Light,Motorcycle,2,Pedestrian Error,0,0,0,0,4,2,Medium
2022,4,Monday,1,Punjab,Sialkot,Urban Road,Good,Dusty/Smoggy,No Light,Bus/Coach,1,Driver Fatigue,0,0,1,0,10,1,High
2021,5,Sunday,18,Punjab,Multan,National Highway,Good,Foggy,Daylight,Car/Taxi,1,Over Speeding,1,1,0,0,2,0,Medium
2023,4,Sunday,17,Sindh,Jacobabad,Rural Road,Poor,Rainy,Street Light,Car/Taxi,1,Wrong Overtaking,1,1,0,0,2,0,Low
2022,5,Tuesday,0,Punjab,Sargodha,National Highway,Average,Rainy,No Light,Motorcycle,1,Over Speeding,0,0,1,0,5,0,High
2022,1,Sunday,8,Punjab,Sheikhupura,National Highway,Poor,Foggy,Daylight,Rickshaw,2,Mechanical Failure,1,1,0,1,3,0,Medium
2022,8,Thursday,9,KPK,Mardan,National Highway,Good,Clear,Daylight,Car/Taxi,2,Over Speeding,1,0,0,0,8,4,High
2022,9,Sunday,22,Sindh,Hyderabad,National Highway,Good,Clear,Street Light,Car/Taxi,2,Over Speeding,0,1,1,0,2,2,High
2022,11,Thursday,13,Sindh,Nawabshah,National Highway,Good,Extreme Heat,Dawn/Dusk,Bicycle,2,Signal Violation,1,0,0,1,2,0,High
2021,6,Friday,4,KPK,Bannu,National Highway,Good,Foggy,Street Light,Rickshaw,1,Road Condition,0,0,1,0,9,2,High
2020,6,Friday,8,KPK,Nowshera,Urban Road,Average,Dusty/Smoggy,Daylight,Bus/Coach,2,Signal Violation,1,0,0,0,1,0,Low
2023,2,Thursday,20,Punjab,Sialkot,Provincial Highway,Poor,Foggy,Street Light,Car/Taxi,3,Pedestrian Error,1,0,0,1,2,0,Medium
2019,6,Wednesday,13,Punjab,Gujranwala,Urban Road,Average,Clear,Daylight,Car/Taxi,2,Over Speeding,1,0,0,0,5,1,Medium
2022,9,Tuesday,6,Punjab,Bahawalpur,Rural Road,Good,Clear,Dawn/Dusk,Van/Pickup,2,Wrong Overtaking,0,0,0,0,1,0,Low
2021,12,Saturday,19,Punjab,Faisalabad,Provincial Highway,Good,Rainy,Dawn/Dusk,Bicycle,3,Driver Fatigue,1,1,0,1,9,3,High
2022,12,Sunday,19,KPK,Abbottabad,Urban Road,Under Repair,Clear,Dawn/Dusk,Motorcycle,2,Over Speeding,1,1,0,1,1,1,Medium
2019,11,Friday,17,Balochistan,Zhob,Rural Road,Poor,Rainy,Daylight,Car/Taxi,1,Wrong Overtaking,1,0,0,1,1,0,Low
2022,10,Tuesday,12,Islamabad,Islamabad,National Highway,Average,Clear,Daylight,Truck/Lorry,1,Mechanical Failure,1,0,0,0,1,0,Medium
2023,7,Sunday,20,Sindh,Karachi,Provincial Highway,Poor,Rainy,Street Light,Rickshaw,2,Over Speeding,1,1,0,0,2,1,Medium
2022,8,Saturday,13,Punjab,Bahawalpur,Provincial Highway,Good,Foggy,Daylight,Car/Taxi,2,Weather Condition,1,1,0,0,2,1,Low
2020,8,Thursday,17,Punjab,Sheikhupura,Urban Road,Average,Rainy,Daylight,Rickshaw,1,Driver Fatigue,1,0,0,0,3,0,Medium
2018,3,Sunday,12,KPK,Mardan,Provincial Highway,Poor,Extreme Heat,Daylight,Car/Taxi,2,Wrong Overtaking,1,1,0,0,2,2,Medium
2018,5,Saturday,20,Sindh,Dadu,Provincial Highway,Poor,Clear,Street Light,Bus/Coach,2,Wrong Overtaking,1,1,0,0,1,0,Low
2022,8,Friday,18,Sindh,Mirpur Khas,National Highway,Good,Foggy,Dawn/Dusk,Car/Taxi,2,Mechanical Failure,1,0,0,0,2,0,Low
2021,5,Tuesday,20,KPK,Charsadda,Provincial Highway,Average,Clear,No Light,Car/Taxi,3,Signal Violation,1,0,0,0,0,0,Low
2023,6,Friday,20,KPK,Peshawar,National Highway,Poor,Clear,No Light,Rickshaw,3,Driver Fatigue,1,0,0,0,2,1,Medium
2020,5,Wednesday,17,KPK,Peshawar,Provincial Highway,Good,Rainy,Daylight,Car/Taxi,2,Signal Violation,1,0,0,0,5,0,Medium