year,month,day_of_week,hour_of_day,province,district,road_type,road_condition,weather_condition,lighting_condition,vehicle_type,vehicles_involved,accident_cause,is_rush_hour,is_weekend,is_night,is_foggy_month,num_injured,num_killed,severity
2021,8,Wednesday,16,Punjab,Multan,Motorway,Under Repair,Clear,Daylight,Rickshaw,3,Wrong Overtaking,0,0,0,0,2,1,Low
2019,3,Tuesday,17,KPK,Peshawar,National Highway,Good,Clear,No Light,Motorcycle,3,Signal Violation,1,0,0,0,10,0,High
2023,7,Tuesday,20,Balochistan,Quetta,National Highway,Good,Extreme Heat,No Light,Motorcycle,1,Signal Violation,1,0,0,0,4,0,High
2022,10,Sunday,19,Punjab,Gujranwala,Urban Road,Average,Foggy,Dawn/Dusk,Rickshaw,2,Over Speeding,1,1,0,0,5,0,Medium
2019,12,Sunday,11,Sindh,Hyderabad,Urban Road,Poor,Foggy,Daylight,Bus/Coach,1,Wrong Overtaking,0,1,0,1,5,0,Medium
2019,3,Sunday,17,Punjab,Multan,Provincial Highway,Average,Dusty/Smoggy,Daylight,Car/Taxi,2,Drunk Driving,1,1,0,0,4,0,Medium
2019,10,Thursday,13,Islamabad,Islamabad,Rural Road,Average,Clear,Street Light,Car/Taxi,3,Wrong Overtaking,1,0,0,0,1,0,Low
2022,12,Tuesday,12,Punjab,Bahawalpur,Provincial Highway,Good,Clear,Dawn/Dusk,Motorcycle,2,Over Speeding,1,0,0,1,7,1,High
2023,8,Friday,11,Sindh,Nawabshah,National Highway,Good,Clear,Daylight,Motorcycle,2,Signal Violation,0,0,0,0,2,0,Medium
2020,1,Saturday,10,Punjab,Faisalabad,Provincial Highway,Average,Rainy,Daylight,Motorcycle,2,Pedestrian Error,0,1,0,1,3,1,Medium
2022,6,Monday,19,KPK,Abbottabad,Provincial Highway,Poor,Clear,No Light,Rickshaw,1,Wrong Overtaking,1,0,0,0,2,0,Low
2021,9,Tuesday,9,Punjab,Faisalabad,Provincial Highway,Good,Foggy,Daylight,Truck/Lorry,2,Signal Violation,1,0,0,0,4,1,High
2019,6,Saturday,18,Punjab,Multan,Rural Road,Good,Dusty/Smoggy,Daylight,Bicycle,1,Pedestrian Error,1,1,0,0,0,0,Low
2022,6,Saturday,8,Sindh,Mirpur Khas,Provincial Highway,Good,Dusty/Smoggy,Dawn/Dusk,Bicycle,2,Over Speeding,1,1,0,0,2,1,Medium
2019,4,Monday,19,Balochistan,Sibi,Urban Road,Average,Clear,Street Light,Van/Pickup,2,Signal Violation,1,0,0,0,2,0,Low
2019,5,Monday,21,Punjab,Sargodha,Provincial Highway,Poor,Clear,Street Light,Motorcycle,2,Pedestrian Error,0,0,0,0,2,0,Medium
2023,6,Saturday,22,Punjab,Bahawalpur,Urban Road,Poor,Clear,Street Light,Motorcycle,2,Over Speeding,0,1,1,0,9,0,High
2023,7,Wednesday,19,KPK,Nowshera,National Highway,Average,Rainy,No Light,Motorcycle,1,Wrong Overtaking,1,0,0,0,3,4,High
2018,6,Sunday,16,Sindh,Kashmore,Rural Road,Good,Clear,Dawn/Dusk,Motorcycle,2,Drunk Driving,0,1,0,0,2,0,Medium
2023,6,Tuesday,6,Balochistan,Chaman,Urban Road,Good,Foggy,Daylight,Motorcycle,3,Over Speeding,0,0,0,0,2,0,High
2018,5,Monday,7,Punjab,Gujranwala,Provincial Highway,Good,Clear,Daylight,Rickshaw,2,Over Speeding,1,0,0,0,5,0,Medium
2021,2,Wednesday,6,Sindh,Sukkur,National Highway,Average,Clear,Daylight,Truck/Lorry,4,Wrong Overtaking,0,0,0,1,5,1,Medium
2022,10,Sunday,14,Punjab,Sargodha,Urban Road,Good,Clear,Daylight,Motorcycle,3,Over Speeding,0,1,0,0,2,0,Medium
2020,12,Tuesday,15,Punjab,Lahore,National Highway,Poor,Clear,Daylight,Motorcycle,3,Wrong Overtaking,0,0,0,1,4,2,High
2023,8,Wednesday,0,KPK,Abbottabad,Provincial Highway,Good,Clear,No Light,Motorcycle,4,Signal Violation,0,0,1,0,11,1,High
2021,8,Monday,6,Sindh,Jacobabad,Urban Road,Under Repair,Foggy,Daylight,Motorcycle,3,Pedestrian Error,0,0,0,0,4,1,Medium
2018,7,Tuesday,11,KPK,Swat,Rural Road,Good,Rainy,Daylight,Truck/Lorry,1,Pedestrian Error,0,0,0,0,4,1,Medium
2022,1,Thursday,9,Punjab,Sargodha,Rural Road,Good,Rainy,Daylight,Car/Taxi,2,Mobile Phone Use,1,0,0,1,0,0,Low
2022,6,Sunday,20,Sindh,Kashmore,Urban Road,Good,Clear,No Light,Car/Taxi,1,Pedestrian Error,1,1,0,0,0,0,Low
2019,10,Monday,4,Punjab,Rahim Yar Khan,National Highway,Average,Rainy,No Light,Truck/Lorry,2,Mobile Phone Use,0,0,1,0,1,0,Medium
2023,9,Wednesday,9,AJK,Mirpur,National Highway,Average,Rainy,Daylight,Motorcycle,2,Pedestrian Error,1,0,0,0,1,0,Medium
2023,4,Wednesday,9,Punjab,Multan,Provincial Highway,Good,Foggy,Dawn/Dusk,Motorcycle,1,Weather Condition,1,0,0,0,4,1,High
2022,2,Saturday,10,Punjab,Sargodha,Rural Road,Under Repair,Foggy,Daylight,Motorcycle,2,Wrong Overtaking,0,1,0,1,9,0,High
2023,7,Monday,7,Punjab,Bahawalpur,Provincial Highway,Average,Rainy,No Light,Car/Taxi,2,Driver Fatigue,1,0,0,0,4,0,Medium
2022,3,Wednesday,3,Sindh,Thatta,Urban Road,Good,Clear,Street Light,Motorcycle,2,Over Speeding,0,0,1,0,2,0,High
2023,1,Friday,21,Punjab,Sargodha,Rural Road,Good,Clear,No Light,Bicycle,3,Drunk Driving,0,0,0,1,2,1,Medium
2020,11,Tuesday,9,Balochistan,Turbat,National Highway,Average,Rainy,Dawn/Dusk,Car/Taxi,4,Pedestrian Error,1,0,0,1,1,0,Low
2022,12,Tuesday,3,Punjab,Bahawalpur,Motorway,Average,Clear,No Light,Motorcycle,1,Road Condition,0,0,1,1,11,0,High
2022,6,Sunday,11,Balochistan,Hub,National Highway,Good,Rainy,Daylight,Rickshaw,3,Road Condition,0,1,0,0,2,0,Low
2018,10,Tuesday,20,Punjab,Sheikhupura,Urban Road,Average,Clear,No Light,Motorcycle,1,Wrong Overtaking,1,0,0,0,5,1,Medium
2021,5,Wednesday,3,Sindh,Nawabshah,Urban Road,Poor,Foggy,No Light,Bus/Coach,2,Pedestrian Error,0,0,1,0,2,0,Low
2021,6,Saturday,3,Balochistan,Gwadar,Urban Road,Good,Foggy,No Light,Car/Taxi,3,Wrong Overtaking,0,1,1,0,5,2,Medium
2020,9,Friday,11,Punjab,Sheikhupura,Urban Road,Good,Clear,Daylight,Car/Taxi,2,Signal Violation,0,0,0,0,0,0,Low
2020,11,Friday,9,Islamabad,Islamabad,National Highway,Under Repair,Rainy,Daylight,Car/Taxi,2,Over Speeding,1,0,0,1,6,2,High
2022,3,Thursday,12,Sindh,Karachi,National Highway,Average,Clear,Daylight,Motorcycle,2,Over Speeding,1,0,0,0,9,0,High
2019,6,Thursday,22,Islamabad,Islamabad,National Highway,Average,Clear,Street Light,Rickshaw,2,Pedestrian Error,0,0,1,0,2,0,Low
2022,12,Monday,11,KPK,Swat,Urban Road,Good,Clear,Daylight,Motorcycle,2,Pedestrian Error,0,0,0,1,1,0,Medium
2023,1,Sunday,12,Punjab,Gujranwala,Rural Road,Average,Clear,Daylight,Motorcycle,1,Over Speeding,1,1,0,1,5,1,High
2021,1,Friday,14,Punjab,Multan,Urban Road,Average,Clear,Daylight,Car/Taxi,2,Over Speeding,0,0,0,1,3,1,Medium
2019,7,Thursday,19,Punjab,Sheikhupura,Urban Road,Good,Rainy,Dawn/Dusk,Bus/Coach,3,Over Speeding,1,0,0,0,4,1,Medium
2021,8,Thursday,18,Punjab,Lahore,Provincial Highway,Average,Foggy,Dawn/Dusk,Motorcycle,2,Drunk Driving,1,0,0,0,11,0,High
2020,7,Monday,14,Punjab,Rawalpindi,Urban Road,Good,Clear,Daylight,Motorcycle,1,Wrong Overtaking,0,0,0,0,0,0,Low
2019,2,Thursday,15,Punjab,Sheikhupura,Urban Road,Poor,Clear,Daylight,Rickshaw,2,Wrong Overtaking,0,0,0,1,2,0,Low
2022,3,Wednesday,19,Sindh,Jacobabad,National Highway,Poor,Dusty/Smoggy,Dawn/Dusk,Motorcycle,4,Over Speeding,1,0,0,0,4,3,High
2022,12,Monday,20,KPK,Kohat,Urban Road,Good,Extreme Heat,Street Light,Motorcycle,2,Mechanical Failure,1,0,0,1,4,0,Medium
2021,1,Thursday,21,Punjab,Sialkot,National Highway,Average,Foggy,No Light,Bus/Coach,2,Pedestrian Error,0,0,0,1,2,0,Medium
2022,1,Friday,12,Punjab,Multan,National Highway,Good,Clear,No Light,Bicycle,2,Road Condition,1,0,0,1,2,2,Medium
2020,3,Wednesday,14,Sindh,Mirpur Khas,Provincial Highway,Average,Clear,Daylight,Rickshaw,1,Over Speeding,0,0,0,0,1,0,Low
2023,12,Tuesday,1,Punjab,Bahawalpur,National Highway,Good,Clear,No Light,Motorcycle,2,Drunk Driving,0,0,1,1,3,2,High
2019,7,Friday,20,Punjab,Gujranwala,Provincial Highway,Average,Clear,Street Light,Motorcycle,1,Mechanical Failure,1,0,0,0,4,0,Medium
2020,9,Tuesday,14,Punjab,Rahim Yar Khan,Urban Road,Poor,Clear,Dawn/Dusk,Rickshaw,2,Pedestrian Error,0,0,0,0,2,0,Low
2021,5,Friday,18,Islamabad,Islamabad,Rural Road,Under Repair,Clear,Daylight,Car/Taxi,2,Pedestrian Error,1,0,0,0,2,0,Low
2018,2,Sunday,20,KPK,Mardan,Urban Road,Good,Clear,No Light,Rickshaw,2,Mechanical Failure,1,1,0,1,0,0,Low
2023,8,Thursday,13,Punjab,Bahawalpur,Motorway,Good,Clear,Daylight,Truck/Lorry,1,Driver Fatigue,1,0,0,0,11,1,High
2020,5,Saturday,16,Sindh,Sukkur,Urban Road,Poor,Dusty/Smoggy,Daylight,Motorcycle,1,Driver Fatigue,0,1,0,0,3,1,Medium
2018,10,Saturday,23,Sindh,Mirpur Khas,Urban Road,Good,Clear,No Light,Car/Taxi,2,Over Speeding,0,1,1,0,0,0,Low
2021,8,Sunday,19,KPK,Mansehra,Motorway,Under Repair,Clear,Street Light,Car/Taxi,1,Mechanical Failure,1,1,0,0,1,0,Low
2018,5,Monday,18,KPK,Peshawar,National Highway,Average,Clear,Daylight,Rickshaw,1,Wrong Overtaking,1,0,0,0,4,1,Medium
2023,11,Tuesday,8,Sindh,Sukkur,Urban Road,Poor,Clear,Daylight,Car/Taxi,1,Over Speeding,1,0,0,1,0,0,Low
2022,12,Thursday,0,Punjab,Lahore,Rural Road,Good,Clear,Street Light,Car/Taxi,1,Mechanical Failure,0,0,1,1,2,0,Low
2019,11,Tuesday,18,Punjab,Sargodha,Motorway,Good,Clear,Street Light,Motorcycle,2,Signal Violation,1,0,0,1,10,1,High
2023,1,Tuesday,8,Sindh,Hyderabad,Provincial Highway,Under Repair,Foggy,Daylight,Motorcycle,2,Pedestrian Error,1,0,0,1,8,2,High
2018,12,Thursday,16,Balochistan,Dera Bugti,Provincial Highway,Poor,Foggy,Daylight,Motorcycle,2,Drunk Driving,0,0,0,1,6,1,High
2023,6,Tuesday,5,Sindh,Jacobabad,National Highway,Poor,Clear,No Light,Motorcycle,3,Over Speeding,0,0,1,0,4,4,High
2019,2,Monday,13,KPK,Abbottabad,Rural Road,Good,Foggy,Street Light,Motorcycle,3,Signal Violation,1,0,0,1,1,2,Medium
2022,5,Thursday,18,Gilgit-Baltistan,Hunza,Rural Road,Good,Clear,Dawn/Dusk,Car/Taxi,2,Signal Violation,1,0,0,0,2,0,Low
2021,1,Sunday,5,Punjab,Lahore,Rural Road,Good,Clear,No Light,Bicycle,4,Road Condition,0,1,1,1,2,0,Low
2018,6,Sunday,12,KPK,Nowshera,National Highway,Poor,Clear,Daylight,Rickshaw,1,Signal Violation,1,1,0,0,3,2,Medium
2022,12,Wednesday,19,KPK,Charsadda,Provincial Highway,Under Repair,Clear,No Light,Motorcycle,2,Driver Fatigue,1,0,0,1,10,1,High
2021,6,Tuesday,20,AJK,Rawalakot,Rural Road,Poor,Clear,No Light,Motorcycle,1,Pedestrian Error,1,0,0,0,4,1,Medium
2023,8,Friday,20,AJK,Muzaffarabad,Urban Road,Poor,Clear,Street Light,Car/Taxi,2,Over Speeding,1,0,0,0,5,1,Medium
2022,9,Tuesday,19,KPK,Swat,Urban Road,Poor,Clear,No Light,Motorcycle,1,Wrong Overtaking,1,0,0,0,5,0,Medium
2023,7,Friday,18,Punjab,Rahim Yar Khan,Provincial Highway,Poor,Dusty/Smoggy,Daylight,Bus/Coach,2,Over Speeding,1,0,0,0,2,1,Medium
2021,6,Wednesday,11,KPK,Kohat,Urban Road,Poor,Foggy,Street Light,Motorcycle,2,Road Condition,0,0,0,0,4,0,Medium
2018,2,Sunday,7,Punjab,Sialkot,National Highway,Good,Clear,Daylight,Bus/Coach,2,Mechanical Failure,1,1,0,1,3,0,Medium
2022,10,Wednesday,9,KPK,Bannu,Rural Road,Good,Foggy,Dawn/Dusk,Car/Taxi,2,Over Speeding,1,0,0,0,1,0,Low
2019,3,Tuesday,3,Balochistan,Sibi,Rural Road,Good,Foggy,Street Light,Motorcycle,2,Over Speeding,0,0,1,0,2,0,High
2023,1,Monday,7,Punjab,Bahawalpur,Rural Road,Good,Rainy,Daylight,Car/Taxi,1,Road Condition,1,0,0,1,1,1,Low
2018,3,Monday,13,Sindh,Kashmore,National Highway,Good,Clear,Daylight,Car/Taxi,2,Mechanical Failure,1,0,0,0,3,1,Medium
2020,12,Thursday,17,Sindh,Hyderabad,Rural Road,Average,Clear,Daylight,Motorcycle,1,Pedestrian Error,1,0,0,1,1,0,Low
2022,12,Friday,0,Sindh,Kashmore,Urban Road,Average,Clear,No Light,Motorcycle,2,Wrong Overtaking,0,0,1,1,2,1,Medium
2023,12,Friday,22,Punjab,Rahim Yar Khan,National Highway,Average,Clear,No Light,Motorcycle,2,Road Condition,0,0,1,1,11,2,High
2022,11,Monday,10,KPK,Peshawar,Rural Road,Average,Clear,Daylight,Car/Taxi,2,Signal Violation,0,0,0,1,0,0,Low
2023,1,Sunday,21,Islamabad,Islamabad,National Highway,Good,Clear,No Light,Rickshaw,2,Wrong Overtaking,0,1,0,1,1,0,Low
2018,7,Monday,12,Islamabad,Islamabad,Urban Road,Poor,Foggy,Daylight,Car/Taxi,2,Wrong Overtaking,1,0,0,0,1,1,Medium
2021,8,Thursday,6,Punjab,Faisalabad,Motorway,Average,Dusty/Smoggy,Dawn/Dusk,Car/Taxi,1,Wrong Overtaking,0,0,0,0,1,0,Low
2022,8,Saturday,15,Balochistan,Zhob,Provincial Highway,Poor,Clear,Daylight,Motorcycle,2,Road Condition,0,1,0,0,2,0,Medium
2019,5,Saturday,18,KPK,Nowshera,Urban Road,Good,Rainy,Dawn/Dusk,Motorcycle,1,Drunk Driving,1,1,0,0,10,0,High
2022,6,Thursday,15,Punjab,Sialkot,National Highway,Good,Foggy,Daylight,Van/Pickup,3,Pedestrian Error,0,0,0,0,1,0,Medium
2018,6,Wednesday,19,Punjab,Lahore,Provincial Highway,Poor,Clear,Dawn/Dusk,Car/Taxi,3,Mechanical Failure,1,0,0,0,0,0,Low
2020,2,Saturday,12,Punjab,Lahore,National Highway,Good,Foggy,Daylight,Car/Taxi,1,Pedestrian Error,1,1,0,1,1,0,Low
2022,6,Sunday,1,Balochistan,Quetta,Urban Road,Good,Clear,Street Light,Bus/Coach,2,Road Condition,0,1,1,0,1,0,Medium
2018,2,Thursday,5,Sindh,Karachi,Rural Road,Good,Dusty/Smoggy,No Light,Van/Pickup,3,Driver Fatigue,0,0,1,1,4,0,Medium
2020,1,Friday,8,KPK,Dera Ismail Khan,Urban Road,Good,Clear,Daylight,Bicycle,2,Mechanical Failure,1,0,0,1,3,0,Medium
2022,12,Sunday,16,Punjab,Rahim Yar Khan,Urban Road,Good,Clear,Daylight,Car/Taxi,2,Pedestrian Error,0,1,0,1,1,0,Low
2022,11,Wednesday,21,KPK,Peshawar,Urban Road,Average,Clear,Street Light,Bus/Coach,2,Signal Violation,0,0,0,1,3,0,Medium
2020,10,Wednesday,13,Punjab,Faisalabad,Rural Road,Poor,Rainy,Daylight,Truck/Lorry,3,Mobile Phone Use,1,0,0,0,1,0,Low
2022,8,Friday,9,Punjab,Faisalabad,Provincial Highway,Poor,Clear,Daylight,Motorcycle,2,Over Speeding,1,0,0,0,7,3,High
2023,6,Saturday,18,Sindh,Larkana,Provincial Highway,Poor,Clear,Daylight,Bus/Coach,2,Wrong Overtaking,1,1,0,0,2,0,Low
2018,5,Tuesday,8,Punjab,Rawalpindi,Provincial Highway,Average,Clear,Daylight,Car/Taxi,2,Drunk Driving,1,0,0,0,5,1,Medium
2023,12,Friday,13,KPK,Swat,Provincial Highway,Poor,Clear,Daylight,Car/Taxi,3,Driver Fatigue,1,0,0,1,3,0,Medium
2021,8,Sunday,12,Punjab,Gujranwala,Rural Road,Poor,Clear,Daylight,Motorcycle,2,Wrong Overtaking,1,1,0,0,0,0,Low
2023,8,Sunday,13,Sindh,Larkana,Rural Road,Average,Extreme Heat,Daylight,Motorcycle,1,Signal Violation,1,1,0,0,5,1,Medium
2023,11,Monday,19,Punjab,Rawalpindi,Provincial Highway,Average,Dusty/Smoggy,Street Light,Van/Pickup,4,Mechanical Failure,1,0,0,1,1,0,Low
2021,12,Saturday,18,Sindh,Sukkur,Provincial Highway,Good,Clear,Dawn/Dusk,Bus/Coach,3,Pedestrian Error,1,1,0,1,0,0,Low
2019,12,Friday,20,Punjab,Multan,Provincial Highway,Good,Clear,No Light,Motorcycle,2,Over Speeding,1,0,0,1,2,1,Medium
2018,12,Saturday,11,Punjab,Sialkot,Rural Road,Poor,Clear,Street Light,Motorcycle,2,Driver Fatigue,0,1,0,1,4,0,High
2022,1,Friday,20,Balochistan,Loralai,Rural Road,Good,Rainy,Street Light,Car/Taxi,4,Over Speeding,1,0,0,1,3,0,Medium
2020,8,Wednesday,11,Punjab,Multan,Rural Road,Good,Clear,Daylight,Van/Pickup,2,Wrong Overtaking,0,0,0,0,1,0,Low
2022,6,Sunday,20,KPK,Charsadda,National Highway,Average,Clear,No Light,Motorcycle,1,Over Speeding,1,1,0,0,9,4,High
2018,3,Saturday,15,Gilgit-Baltistan,Hunza,National Highway,Poor,Dusty/Smoggy,Daylight,Motorcycle,2,Wrong Overtaking,0,1,0,0,8,2,High
2021,1,Friday,19,Punjab,Sialkot,Rural Road,Poor,Clear,Dawn/Dusk,Rickshaw,3,Over Speeding,1,0,0,1,2,0,Low
2019,8,Friday,10,Punjab,Gujranwala,Provincial Highway,Good,Foggy,Daylight,Motorcycle,1,Drunk Driving,0,0,0,0,9,1,High
2023,8,Saturday,1,KPK,Charsadda,Provincial Highway,Good,Foggy,No Light,Car/Taxi,3,Over Speeding,0,1,1,0,4,2,Medium
2023,5,Tuesday,17,Islamabad,Islamabad,Provincial Highway,Good,Clear,Daylight,Truck/Lorry,3,Pedestrian Error,1,0,0,0,2,0,Medium
2023,10,Thursday,7,Balochistan,Zhob,Rural Road,Poor,Foggy,No Light,Van/Pickup,1,Road Condition,1,0,0,0,1,0,Low
2021,4,Thursday,19,Sindh,Karachi,Rural Road,Poor,Foggy,Dawn/Dusk,Motorcycle,2,Over Speeding,1,0,0,0,8,1,High
2018,6,Sunday,8,KPK,Peshawar,Rural Road,Good,Clear,Dawn/Dusk,Motorcycle,2,Over Speeding,1,1,0,0,2,0,Medium
2022,12,Tuesday,13,Punjab,Rahim Yar Khan,Rural Road,Average,Foggy,Dawn/Dusk,Car/Taxi,1,Over Speeding,1,0,0,1,5,0,Medium
2020,9,Thursday,14,AJK,Mirpur,National Highway,Good,Foggy,Daylight,Car/Taxi,3,Pedestrian Error,0,0,0,0,0,0,Low
2022,10,Thursday,22,Islamabad,Islamabad,Urban Road,Poor,Clear,No Light,Motorcycle,2,Wrong Overtaking,0,0,1,0,5,1,High
2023,11,Tuesday,20,Punjab,Sialkot,Urban Road,Good,Dusty/Smoggy,Street Light,Motorcycle,1,Over Speeding,1,0,0,1,3,0,Medium
2023,11,Wednesday,23,Punjab,Bahawalpur,National Highway,Good,Foggy,No Light,Rickshaw,1,Mechanical Failure,0,0,1,1,2,0,Medium
2021,9,Saturday,8,Punjab,Sheikhupura,Urban Road,Under Repair,Clear,Daylight,Motorcycle,2,Mechanical Failure,1,1,0,0,1,0,Low
2021,3,Tuesday,22,Punjab,Multan,Urban Road,Good,Rainy,Street Light,Truck/Lorry,1,Over Speeding,0,0,1,0,5,1,High
2021,5,Wednesday,5,KPK,Nowshera,Urban Road,Good,Clear,No Light,Rickshaw,1,Over Speeding,0,0,1,0,2,0,Medium
2021,1,Wednesday,13,Punjab,Sheikhupura,Provincial Highway,Good,Clear,Daylight,Rickshaw,1,Over Speeding,1,0,0,1,2,1,Medium
2020,5,Friday,13,Punjab,Bahawalpur,National Highway,Poor,Rainy,Daylight,Motorcycle,1,Over Speeding,1,0,0,0,10,1,High
2023,3,Tuesday,2,Punjab,Bahawalpur,National Highway,Average,Rainy,Street Light,Truck/Lorry,3,Over Speeding,0,0,1,0,7,2,High
2021,7,Friday,16,AJK,Muzaffarabad,National Highway,Poor,Foggy,Street Light,Bus/Coach,3,Wrong Overtaking,0,0,0,0,2,1,Medium
2021,1,Thursday,7,Sindh,Kashmore,Provincial Highway,Good,Clear,Daylight,Truck/Lorry,2,Signal Violation,1,0,0,1,0,0,Low
2023,11,Sunday,17,Punjab,Sialkot,National Highway,Good,Clear,Daylight,Car/Taxi,3,Over Speeding,1,1,0,1,5,1,High
2021,1,Thursday,9,Punjab,Sheikhupura,Provincial Highway,Average,Clear,Daylight,Motorcycle,2,Drunk Driving,1,0,0,1,8,1,High
2019,9,Wednesday,9,AJK,Rawalakot,Urban Road,Poor,Clear,Daylight,Motorcycle,4,Mechanical Failure,1,0,0,0,2,0,Low
2019,10,Tuesday,18,KPK,Charsadda,Provincial Highway,Under Repair,Clear,Daylight,Motorcycle,2,Over Speeding,1,0,0,0,8,1,High
2023,12,Wednesday,5,Punjab,Faisalabad,Provincial Highway,Average,Rainy,Dawn/Dusk,Motorcycle,3,Road Condition,0,0,1,1,1,1,Medium
2023,9,Thursday,16,Punjab,Gujranwala,Urban Road,Average,Dusty/Smoggy,Daylight,Motorcycle,2,Signal Violation,0,0,0,0,1,1,Medium
2020,6,Wednesday,10,Punjab,Multan,National Highway,Good,Clear,Daylight,Van/Pickup,1,Over Speeding,0,0,0,0,5,0,Medium
2021,1,Tuesday,9,Punjab,Bahawalpur,Motorway,Good,Clear,Daylight,Truck/Lorry,2,Wrong Overtaking,1,0,0,1,10,0,High
2023,1,Monday,0,Sindh,Dadu,Provincial Highway,Poor,Clear,Street Light,Van/Pickup,4,Over Speeding,0,0,1,1,5,0,Medium
2023,5,Sunday,19,Islamabad,Islamabad,Urban Road,Poor,Clear,Street Light,Motorcycle,2,Over Speeding,1,1,0,0,2,1,High
2023,4,Thursday,17,Sindh,Sukkur,National Highway,Poor,Rainy,Daylight,Rickshaw,3,Pedestrian Error,1,0,0,0,2,2,Medium
2021,7,Tuesday,12,Balochistan,Sibi,National Highway,Good,Clear,Daylight,Car/Taxi,1,Mechanical Failure,1,0,0,0,2,0,Medium
2018,2,Monday,18,Sindh,Karachi,Urban Road,Average,Clear,Street Light,Car/Taxi,2,Mobile Phone Use,1,0,0,1,0,0,Low
2020,5,Wednesday,18,KPK,Nowshera,Motorway,Good,Clear,Daylight,Motorcycle,1,Drunk Driving,1,0,0,0,7,3,High
2020,3,Saturday,13,KPK,Charsadda,Rural Road,Poor,Clear,Dawn/Dusk,Car/Taxi,3,Wrong Overtaking,1,1,0,0,0,0,Low
2021,6,Tuesday,11,Punjab,Sialkot,Rural Road,Under Repair,Clear,Daylight,Rickshaw,2,Mobile Phone Use,0,0,0,0,2,0,Low
2019,10,Friday,6,Punjab,Multan,Provincial Highway,Poor,Extreme Heat,Street Light,Car/Taxi,1,Mechanical Failure,0,0,0,0,2,0,Low
2018,10,Friday,8,Sindh,Larkana,Provincial Highway,Average,Clear,Dawn/Dusk,Truck/Lorry,2,Wrong Overtaking,1,0,0,0,0,0,Low
2020,3,Friday,11,Punjab,Sargodha,Urban Road,Poor,Foggy,Daylight,Motorcycle,2,Over Speeding,0,0,0,0,2,0,Medium
2019,6,Tuesday,5,Punjab,Rahim Yar Khan,Provincial Highway,Good,Rainy,Street Light,Motorcycle,2,Over Speeding,0,0,1,0,2,1,High
2021,5,Wednesday,10,Sindh,Nawabshah,Rural Road,Good,Clear,Street Light,Bus/Coach,1,Wrong Overtaking,0,0,0,0,2,0,Low
2018,12,Friday,17,Gilgit-Baltistan,Hunza,Urban Road,Average,Dusty/Smoggy,Daylight,Truck/Lorry,1,Mobile Phone Use,1,0,0,1,0,1,Low
2019,1,Tuesday,19,Sindh,Larkana,Provincial Highway,Average,Clear,Dawn/Dusk,Motorcycle,1,Pedestrian Error,1,0,0,1,4,0,Medium
2020,6,Sunday,15,KPK,Kohat,National Highway,Average,Rainy,Street Light,Motorcycle,1,Over Speeding,0,1,0,0,8,0,High
2022,5,Sunday,7,Sindh,Kashmore,National Highway,Good,Clear,Daylight,Truck/Lorry,2,Drunk Driving,1,1,0,0,9,0,High
2022,3,Thursday,18,KPK,Swat,Rural Road,Average,Extreme Heat,Daylight,Motorcycle,4,Driver Fatigue,1,0,0,0,4,0,High
2023,1,Thursday,20,Sindh,Karachi,Provincial Highway,Poor,Clear,No Light,Motorcycle,4,Pedestrian Error,1,0,0,1,2,0,Low
2023,9,Saturday,16,Balochistan,Gwadar,Rural Road,Good,Clear,Dawn/Dusk,Motorcycle,2,Wrong Overtaking,0,1,0,0,0,0,Low
2019,9,Thursday,15,Punjab,Sialkot,Urban Road,Poor,Clear,Daylight,Motorcycle,1,Mechanical Failure,0,0,0,0,4,0,Medium
2023,5,Saturday,20,Sindh,Hyderabad,Provincial Highway,Good,Clear,No Light,Van/Pickup,2,Over Speeding,1,1,0,0,4,0,Medium
2021,8,Saturday,18,Sindh,Jacobabad,Provincial Highway,Under Repair,Clear,Daylight,Motorcycle,4,Over Speeding,1,1,0,0,8,1,High
2021,2,Thursday,3,Punjab,Sheikhupura,Urban Road,Average,Foggy,Street Light,Motorcycle,2,Mechanical Failure,0,0,1,1,4,0,Medium
2022,10,Monday,19,Punjab,Rahim Yar Khan,Rural Road,Under Repair,Rainy,Street Light,Motorcycle,2,Over Speeding,1,0,0,0,1,2,Medium
2020,12,Thursday,10,Punjab,Faisalabad,National Highway,Poor,Dusty/Smoggy,Daylight,Motorcycle,1,Over Speeding,0,0,0,1,11,0,High
2022,9,Wednesday,9,Punjab,Sargodha,Motorway,Good,Foggy,Daylight,Rickshaw,3,Pedestrian Error,1,0,0,0,5,0,Medium
2022,3,Tuesday,16,Balochistan,Turbat,Provincial Highway,Good,Rainy,Daylight,Car/Taxi,2,Over Speeding,0,0,0,0,5,2,High
2022,12,Thursday,13,Punjab,Sheikhupura,National Highway,Good,Clear,Daylight,Motorcycle,1,Over Speeding,1,0,0,1,2,3,High
2022,9,Wednesday,13,Punjab,Lahore,Provincial Highway,Poor,Dusty/Smoggy,Daylight,Car/Taxi,3,Over Speeding,1,0,0,0,5,0,Medium
2018,4,Monday,6,KPK,Swat,Rural Road,Average,Foggy,Daylight,Bus/Coach,2,Road Condition,0,0,0,0,2,0,Low
2018,11,Tuesday,13,Punjab,Faisalabad,Urban Road,Good,Clear,Daylight,Motorcycle,3,Wrong Overtaking,1,0,0,1,3,0,Medium
2020,9,Saturday,12,Sindh,Karachi,National Highway,Good,Foggy,Daylight,Motorcycle,2,Signal Violation,1,1,0,0,7,1,High
2021,8,Tuesday,3,Punjab,Faisalabad,Provincial Highway,Poor,Clear,No Light,Car/Taxi,2,Road Condition,0,0,1,0,1,0,Low
2023,1,Tuesday,19,Islamabad,Islamabad,National Highway,Good,Rainy,No Light,Motorcycle,2,Wrong Overtaking,1,0,0,1,9,2,High