year,month,day_of_week,hour_of_day,province,district,road_type,road_condition,weather_condition,lighting_condition,vehicle_type,vehicles_involved,accident_cause,is_rush_hour,is_weekend,is_night,is_foggy_month,num_injured,num_killed,severity
2020,1,Monday,3,Balochistan,Dera Bugti,National Highway,Average,Clear,Street Light,Motorcycle,1,Signal Violation,0,0,1,1,3,1,High
2022,11,Friday,9,Balochistan,Zhob,National Highway,Poor,Clear,Daylight,Rickshaw,1,Signal Violation,1,0,0,1,4,0,Medium
2019,12,Saturday,19,Punjab,Gujranwala,Provincial Highway,Average,Rainy,Dawn/Dusk,Car/Taxi,3,Over Speeding,1,1,0,1,5,1,Medium
2023,1,Sunday,17,KPK,Peshawar,Urban Road,Good,Rainy,Daylight,Motorcycle,3,Over Speeding,1,1,0,1,6,2,High
2022,12,Wednesday,20,Punjab,Rawalpindi,National Highway,Poor,Clear,Street Light,Motorcycle,4,Pedestrian Error,1,0,0,1,10,1,High
2018,12,Monday,18,Punjab,Rahim Yar Khan,Provincial Highway,Poor,Extreme Heat,Daylight,Car/Taxi,2,Mechanical Failure,1,0,0,1,0,0,Low
2022,7,Friday,20,Punjab,Sialkot,Provincial Highway,Good,Rainy,No Light,Motorcycle,2,Road Condition,1,0,0,0,9,1,High
2022,10,Tuesday,22,Sindh,Mirpur Khas,Provincial Highway,Good,Clear,No Light,Car/Taxi,1,Over Speeding,0,0,1,0,10,3,High
2018,12,Tuesday,22,Sindh,Nawabshah,National Highway,Poor,Clear,Street Light,Motorcycle,3,Signal Violation,0,0,1,1,3,2,High
2019,6,Friday,9,Sindh,Thatta,Rural Road,Average,Clear,Daylight,Truck/Lorry,2,Over Speeding,1,0,0,0,1,0,Medium
2020,11,Sunday,22,Punjab,Sialkot,Provincial Highway,Good,Clear,No Light,Motorcycle,2,Wrong Overtaking,0,1,1,1,5,0,Medium
2023,1,Wednesday,17,Sindh,Mirpur Khas,Rural Road,Under Repair,Clear,Daylight,Motorcycle,2,Driver Fatigue,1,0,0,1,2,0,Medium
2023,5,Saturday,5,KPK,Swat,National Highway,Average,Extreme Heat,Street Light,Car/Taxi,2,Over Speeding,0,1,1,0,7,1,High
2022,8,Thursday,14,Sindh,Mirpur Khas,Urban Road,Average,Rainy,Daylight,Truck/Lorry,3,Driver Fatigue,0,0,0,0,2,0,Medium
2023,7,Sunday,14,KPK,Bannu,National Highway,Good,Rainy,Daylight,Rickshaw,4,Over Speeding,0,1,0,0,7,0,High
2021,12,Wednesday,15,Punjab,Rahim Yar Khan,Provincial Highway,Good,Clear,Street Light,Motorcycle,2,Signal Violation,0,0,0,1,1,0,Medium
2019,7,Saturday,8,KPK,Mansehra,Urban Road,Good,Clear,Daylight,Truck/Lorry,2,Drunk Driving,1,1,0,0,1,0,Low
2018,5,Wednesday,13,Sindh,Mirpur Khas,Provincial Highway,Poor,Foggy,Daylight,Motorcycle,1,Wrong Overtaking,1,0,0,0,1,0,Medium
2022,8,Wednesday,16,Punjab,Bahawalpur,National Highway,Good,Clear,Daylight,Car/Taxi,2,Mechanical Failure,0,0,0,0,1,0,Low
2023,9,Wednesday,22,Punjab,Gujranwala,Rural Road,Under Repair,Extreme Heat,No Light,Motorcycle,1,Wrong Overtaking,0,0,1,0,4,0,Medium
2018,6,Tuesday,13,Sindh,Mirpur Khas,Provincial Highway,Poor,Foggy,Daylight,Motorcycle,4,Over Speeding,1,0,0,0,2,1,High
2018,12,Saturday,14,KPK,Charsadda,Rural Road,Average,Rainy,Daylight,Car/Taxi,4,Drunk Driving,0,1,0,1,3,0,Medium
2022,1,Tuesday,11,Punjab,Sheikhupura,Rural Road,Good,Clear,Daylight,Rickshaw,1,Drunk Driving,0,0,0,1,2,0,Low
2020,1,Thursday,7,Punjab,Bahawalpur,Provincial Highway,Good,Clear,Daylight,Car/Taxi,2,Road Condition,1,0,0,1,2,0,Low
2023,7,Monday,10,Balochistan,Sibi,Provincial Highway,Good,Foggy,Daylight,Motorcycle,4,Signal Violation,0,0,0,0,4,0,Medium
2020,4,Sunday,9,KPK,Bannu,Urban Road,Good,Clear,Daylight,Car/Taxi,1,Over Speeding,1,1,0,0,3,1,Medium
2023,1,Friday,17,Sindh,Thatta,National Highway,Poor,Clear,Daylight,Car/Taxi,1,Over Speeding,1,0,0,1,10,1,High
2022,11,Monday,14,Sindh,Jacobabad,Urban Road,Poor,Clear,Daylight,Car/Taxi,3,Road Condition,0,0,0,1,0,0,Low
2020,8,Saturday,16,Punjab,Sargodha,Urban Road,Average,Foggy,Daylight,Other,4,Wrong Overtaking,0,1,0,0,0,0,Low
2021,5,Saturday,15,Sindh,Karachi,National Highway,Good,Foggy,Street Light,Truck/Lorry,2,Signal Violation,0,1,0,0,1,2,Medium
2019,7,Tuesday,14,Punjab,Sargodha,National Highway,Poor,Clear,Dawn/Dusk,Bus/Coach,2,Signal Violation,0,0,0,0,11,3,High
2021,5,Saturday,18,Gilgit-Baltistan,Hunza,Urban Road,Under Repair,Foggy,Street Light,Motorcycle,4,Pedestrian Error,1,1,0,0,1,0,Low
2018,3,Tuesday,19,Sindh,Kashmore,Provincial Highway,Poor,Clear,No Light,Car/Taxi,2,Pedestrian Error,1,0,0,0,0,0,Low
2022,12,Tuesday,22,Sindh,Nawabshah,Urban Road,Average,Clear,No Light,Van/Pickup,1,Wrong Overtaking,0,0,1,1,1,0,Low
2023,11,Friday,20,Sindh,Karachi,Urban Road,Poor,Rainy,Street Light,Rickshaw,1,Over Speeding,1,0,0,1,1,0,Medium
2022,12,Sunday,7,Balochistan,Dera Bugti,National Highway,Good,Clear,Daylight,Motorcycle,2,Over Speeding,1,1,0,1,8,1,High
2018,10,Friday,12,KPK,Dera Ismail Khan,Urban Road,Poor,Clear,Daylight,Car/Taxi,2,Driver Fatigue,1,0,0,0,1,0,Low
2020,2,Friday,19,Sindh,Thatta,Provincial Highway,Good,Foggy,Dawn/Dusk,Bicycle,3,Driver Fatigue,1,0,0,1,7,0,High
2020,2,Thursday,6,KPK,Bannu,National Highway,Poor,Clear,Daylight,Motorcycle,3,Wrong Overtaking,0,0,0,1,11,2,High
2022,10,Saturday,17,Sindh,Hyderabad,National Highway,Average,Dusty/Smoggy,Daylight,Motorcycle,4,Signal Violation,1,1,0,0,1,1,Medium
2022,12,Monday,16,Sindh,Larkana,Rural Road,Poor,Foggy,Daylight,Truck/Lorry,1,Pedestrian Error,0,0,0,1,3,0,Medium
2023,2,Wednesday,11,Punjab,Sargodha,Provincial Highway,Average,Clear,Street Light,Motorcycle,2,Over Speeding,0,0,0,1,4,0,High
2023,11,Wednesday,22,Sindh,Karachi,Urban Road,Average,Clear,No Light,Car/Taxi,2,Wrong Overtaking,0,0,1,1,2,0,Low
2021,10,Thursday,10,Punjab,Bahawalpur,Urban Road,Average,Clear,Dawn/Dusk,Car/Taxi,3,Over Speeding,0,0,0,0,0,0,Low
2023,8,Friday,18,Balochistan,Sibi,Urban Road,Good,Foggy,Street Light,Motorcycle,1,Pedestrian Error,1,0,0,0,4,0,Medium
2021,2,Friday,18,Punjab,Bahawalpur,Provincial Highway,Poor,Clear,Daylight,Motorcycle,3,Drunk Driving,1,0,0,1,3,1,High
2023,5,Friday,19,Islamabad,Islamabad,Provincial Highway,Average,Extreme Heat,Street Light,Motorcycle,2,Wrong Overtaking,1,0,0,0,4,2,Medium
2022,9,Friday,3,Sindh,Hyderabad,Urban Road,Good,Clear,Street Light,Bus/Coach,3,Over Speeding,0,0,1,0,2,1,Medium
2023,6,Monday,11,Sindh,Thatta,Urban Road,Good,Clear,Daylight,Rickshaw,2,Pedestrian Error,0,0,0,0,0,0,Low
2021,2,Friday,1,Sindh,Thatta,Urban Road,Good,Dusty/Smoggy,Street Light,Car/Taxi,1,Road Condition,0,0,1,1,0,0,Low
2022,2,Tuesday,16,Punjab,Faisalabad,Provincial Highway,Average,Foggy,Daylight,Bicycle,4,Over Speeding,0,0,0,1,6,1,High
2020,9,Monday,19,Punjab,Sheikhupura,Motorway,Good,Foggy,Dawn/Dusk,Rickshaw,1,Wrong Overtaking,1,0,0,0,9,2,High
2022,3,Thursday,23,Punjab,Lahore,National Highway,Good,Dusty/Smoggy,Street Light,Van/Pickup,1,Over Speeding,0,0,1,0,5,0,Medium
2023,10,Tuesday,18,Sindh,Jacobabad,National Highway,Good,Clear,Daylight,Car/Taxi,2,Signal Violation,1,0,0,0,2,0,Low
2020,2,Wednesday,9,Sindh,Hyderabad,National Highway,Average,Foggy,No Light,Bus/Coach,1,Signal Violation,1,0,0,1,10,0,High
2020,4,Tuesday,9,KPK,Charsadda,National Highway,Poor,Clear,Street Light,Motorcycle,1,Signal Violation,1,0,0,0,11,2,High
2019,4,Saturday,20,Punjab,Bahawalpur,Motorway,Good,Dusty/Smoggy,Street Light,Motorcycle,4,Driver Fatigue,1,1,0,0,8,4,High
2019,2,Wednesday,20,Punjab,Multan,National Highway,Average,Foggy,Street Light,Bus/Coach,1,Mechanical Failure,1,0,0,1,5,0,Medium
2022,1,Saturday,12,Punjab,Bahawalpur,Rural Road,Good,Clear,Dawn/Dusk,Truck/Lorry,1,Mechanical Failure,1,1,0,1,0,0,Low
2021,3,Tuesday,23,Islamabad,Islamabad,Provincial Highway,Poor,Clear,No Light,Motorcycle,3,Signal Violation,0,0,1,0,8,2,High
2021,11,Thursday,14,KPK,Kohat,Urban Road,Average,Clear,Daylight,Motorcycle,1,Over Speeding,0,0,0,1,3,1,Medium
2022,7,Monday,19,Punjab,Sheikhupura,Urban Road,Good,Extreme Heat,Dawn/Dusk,Motorcycle,1,Road Condition,1,0,0,0,0,0,Low
2021,6,Thursday,7,Sindh,Karachi,National Highway,Good,Clear,Daylight,Motorcycle,4,Wrong Overtaking,1,0,0,0,3,0,High
2022,12,Tuesday,23,Punjab,Gujranwala,Provincial Highway,Good,Rainy,No Light,Car/Taxi,1,Pedestrian Error,0,0,1,1,5,1,Medium
2021,7,Saturday,9,AJK,Mirpur,National Highway,Good,Rainy,Daylight,Motorcycle,1,Over Speeding,1,1,0,0,7,1,High
2020,12,Tuesday,13,KPK,Bannu,National Highway,Average,Clear,Daylight,Rickshaw,4,Over Speeding,1,0,0,1,2,2,Medium
2020,5,Friday,14,Punjab,Sialkot,Urban Road,Average,Clear,Daylight,Motorcycle,2,Pedestrian Error,0,0,0,0,0,0,Low
2019,12,Friday,22,Sindh,Larkana,National Highway,Average,Rainy,No Light,Car/Taxi,1,Road Condition,0,0,1,1,8,0,High
2020,1,Friday,18,Punjab,Lahore,National Highway,Good,Clear,Daylight,Motorcycle,2,Pedestrian Error,1,0,0,1,4,1,High
2020,12,Saturday,13,Islamabad,Islamabad,National Highway,Good,Clear,Daylight,Bus/Coach,2,Mechanical Failure,1,1,0,1,2,0,Medium
2019,1,Thursday,11,Punjab,Rahim Yar Khan,Rural Road,Good,Clear,Daylight,Motorcycle,3,Road Condition,0,0,0,1,2,1,Low
2023,7,Tuesday,9,Sindh,Nawabshah,Urban Road,Poor,Rainy,Daylight,Bus/Coach,2,Over Speeding,1,0,0,0,10,0,High
2022,8,Sunday,13,Punjab,Sargodha,National Highway,Good,Clear,Daylight,Rickshaw,3,Over Speeding,1,1,0,0,3,0,Medium
2020,8,Tuesday,23,KPK,Nowshera,Urban Road,Average,Rainy,Street Light,Truck/Lorry,2,Wrong Overtaking,0,0,1,0,3,1,Medium
2018,4,Tuesday,12,KPK,Bannu,National Highway,Average,Clear,Street Light,Van/Pickup,3,Driver Fatigue,1,0,0,0,4,0,High
2018,1,Friday,20,KPK,Swat,Provincial Highway,Poor,Clear,No Light,Motorcycle,1,Wrong Overtaking,1,0,0,1,1,2,Medium
2022,4,Friday,18,Sindh,Larkana,Urban Road,Poor,Clear,Daylight,Motorcycle,2,Driver Fatigue,1,0,0,0,7,1,High
2022,7,Saturday,9,Balochistan,Hub,National Highway,Poor,Rainy,Daylight,Rickshaw,1,Over Speeding,1,1,0,0,6,1,High
2023,8,Saturday,16,Punjab,Sheikhupura,Urban Road,Good,Clear,Daylight,Motorcycle,2,Signal Violation,0,1,0,0,2,0,Medium
2020,6,Monday,3,Punjab,Faisalabad,Provincial Highway,Good,Dusty/Smoggy,No Light,Bus/Coach,1,Road Condition,0,0,1,0,5,1,Medium
2023,12,Tuesday,14,Punjab,Multan,National Highway,Poor,Foggy,Daylight,Bus/Coach,2,Signal Violation,0,0,0,1,11,1,High
2021,11,Wednesday,9,AJK,Mirpur,Urban Road,Poor,Rainy,Dawn/Dusk,Truck/Lorry,3,Wrong Overtaking,1,0,0,1,1,2,Medium
2021,1,Wednesday,11,Punjab,Sheikhupura,National Highway,Poor,Foggy,No Light,Motorcycle,3,Road Condition,0,0,0,1,3,0,High
2018,10,Sunday,19,KPK,Mansehra,Provincial Highway,Good,Foggy,No Light,Other,2,Road Condition,1,1,0,0,1,0,Low
2022,12,Monday,9,KPK,Mansehra,Provincial Highway,Average,Foggy,Daylight,Car/Taxi,2,Mechanical Failure,1,0,0,1,2,0,Low
2023,2,Monday,22,Punjab,Sargodha,Provincial Highway,Good,Clear,Street Light,Rickshaw,2,Signal Violation,0,0,1,1,2,0,Low
2023,1,Tuesday,18,Punjab,Gujranwala,Urban Road,Good,Clear,Daylight,Bus/Coach,2,Over Speeding,1,0,0,1,4,1,Medium
2022,7,Friday,9,Punjab,Multan,Provincial Highway,Good,Foggy,Daylight,Car/Taxi,2,Pedestrian Error,1,0,0,0,2,0,Low
2023,8,Saturday,14,Punjab,Rawalpindi,Urban Road,Poor,Clear,Daylight,Rickshaw,2,Mobile Phone Use,0,1,0,0,1,0,Low
2018,11,Saturday,18,Punjab,Faisalabad,National Highway,Good,Clear,Daylight,Rickshaw,3,Pedestrian Error,1,1,0,1,1,0,Low
2021,12,Tuesday,17,Punjab,Sargodha,Provincial Highway,Good,Dusty/Smoggy,Daylight,Bus/Coach,2,Signal Violation,1,0,0,1,5,1,Medium
2023,11,Thursday,18,Balochistan,Hub,Provincial Highway,Poor,Extreme Heat,Daylight,Car/Taxi,2,Wrong Overtaking,1,0,0,1,2,0,Low
2021,4,Saturday,7,Islamabad,Islamabad,National Highway,Good,Foggy,Daylight,Van/Pickup,3,Over Speeding,1,1,0,0,3,0,Medium
2022,10,Tuesday,13,Punjab,Lahore,Rural Road,Poor,Foggy,Daylight,Motorcycle,2,Signal Violation,1,0,0,0,1,0,Medium
2021,3,Saturday,13,Punjab,Multan,Rural Road,Average,Clear,Daylight,Van/Pickup,3,Pedestrian Error,1,1,0,0,1,0,Low
2019,5,Monday,20,Punjab,Sheikhupura,Provincial Highway,Average,Clear,No Light,Motorcycle,3,Road Condition,1,0,0,0,1,0,Medium
2023,1,Saturday,10,KPK,Charsadda,Urban Road,Average,Clear,Daylight,Car/Taxi,2,Over Speeding,0,1,0,1,1,0,Medium
2020,3,Wednesday,3,KPK,Nowshera,Provincial Highway,Good,Clear,Street Light,Rickshaw,2,Signal Violation,0,0,1,0,1,0,Low
2022,3,Monday,17,Punjab,Gujranwala,Urban Road,Under Repair,Clear,Daylight,Truck/Lorry,1,Wrong Overtaking,1,0,0,0,1,0,Medium
2020,12,Sunday,18,Punjab,Lahore,National Highway,Good,Foggy,Daylight,Car/Taxi,2,Mechanical Failure,1,1,0,1,5,0,Medium
2022,6,Tuesday,18,KPK,Kohat,Provincial Highway,Poor,Clear,Daylight,Car/Taxi,1,Pedestrian Error,1,0,0,0,2,0,Low
2023,6,Saturday,0,Sindh,Thatta,National Highway,Average,Rainy,No Light,Motorcycle,1,Over Speeding,0,1,1,0,3,2,High
2023,2,Friday,14,Punjab,Multan,Urban Road,Good,Clear,Daylight,Car/Taxi,1,Wrong Overtaking,0,0,0,1,1,0,Low
2020,4,Saturday,3,Sindh,Mirpur Khas,Urban Road,Good,Clear,Street Light,Car/Taxi,1,Road Condition,0,1,1,0,2,1,Low
2023,7,Tuesday,7,Punjab,Bahawalpur,Rural Road,Under Repair,Dusty/Smoggy,Daylight,Motorcycle,2,Over Speeding,1,0,0,0,4,1,Medium
2020,4,Saturday,18,Punjab,Gujranwala,National Highway,Poor,Foggy,Daylight,Car/Taxi,2,Signal Violation,1,1,0,0,5,0,High
2023,7,Thursday,14,KPK,Swat,Provincial Highway,Poor,Extreme Heat,Daylight,Motorcycle,1,Wrong Overtaking,0,0,0,0,3,2,High
2019,2,Friday,6,KPK,Swat,Provincial Highway,Under Repair,Rainy,Daylight,Motorcycle,3,Over Speeding,0,0,0,1,10,0,High
2023,1,Friday,16,Punjab,Sialkot,National Highway,Poor,Rainy,Street Light,Motorcycle,2,Over Speeding,0,0,0,1,5,2,High
2022,8,Wednesday,19,Islamabad,Islamabad,National Highway,Average,Clear,Dawn/Dusk,Van/Pickup,2,Mechanical Failure,1,0,0,0,0,0,Low
2022,3,Friday,1,Punjab,Rahim Yar Khan,Rural Road,Poor,Foggy,No Light,Rickshaw,1,Road Condition,0,0,1,0,0,0,Low
2022,8,Sunday,3,KPK,Peshawar,Urban Road,Under Repair,Rainy,No Light,Motorcycle,4,Drunk Driving,0,1,1,0,2,4,High
2022,10,Tuesday,20,Sindh,Larkana,Rural Road,Good,Clear,No Light,Motorcycle,3,Mechanical Failure,1,0,0,0,2,0,Low
2019,6,Wednesday,21,Balochistan,Quetta,Rural Road,Average,Clear,No Light,Truck/Lorry,4,Signal Violation,0,0,0,0,2,0,Low
2020,9,Tuesday,11,Balochistan,Zhob,National Highway,Average,Clear,Daylight,Van/Pickup,2,Over Speeding,0,0,0,0,5,0,Medium
2021,2,Friday,15,Punjab,Bahawalpur,National Highway,Average,Dusty/Smoggy,Street Light,Bus/Coach,1,Over Speeding,0,0,0,1,2,1,Medium
2018,7,Thursday,8,Islamabad,Islamabad,Urban Road,Good,Rainy,Daylight,Truck/Lorry,3,Wrong Overtaking,1,0,0,0,2,0,Low
2023,6,Sunday,15,KPK,Swat,Urban Road,Good,Clear,Daylight,Truck/Lorry,2,Road Condition,0,1,0,0,1,0,Low
2019,8,Friday,5,KPK,Charsadda,Rural Road,Good,Clear,Dawn/Dusk,Motorcycle,3,Mobile Phone Use,0,0,1,0,0,0,Low
2018,2,Thursday,19,Punjab,Faisalabad,Provincial Highway,Poor,Foggy,Dawn/Dusk,Car/Taxi,2,Drunk Driving,1,0,0,1,3,4,High
2022,8,Tuesday,8,KPK,Kohat,Urban Road,Average,Clear,Dawn/Dusk,Rickshaw,3,Signal Violation,1,0,0,0,2,0,Low
2018,2,Sunday,21,Balochistan,Khuzdar,Provincial Highway,Good,Foggy,No Light,Van/Pickup,1,Over Speeding,0,1,0,1,8,1,High
2023,7,Saturday,9,Punjab,Sargodha,Urban Road,Poor,Clear,Dawn/Dusk,Car/Taxi,2,Wrong Overtaking,1,1,0,0,0,0,Low
2023,5,Saturday,12,Islamabad,Islamabad,Provincial Highway,Poor,Clear,Dawn/Dusk,Van/Pickup,4,Over Speeding,1,1,0,0,2,0,Medium
2023,2,Saturday,23,Punjab,Sheikhupura,Urban Road,Poor,Clear,No Light,Motorcycle,2,Wrong Overtaking,0,1,1,1,2,0,Medium
2022,5,Wednesday,8,Punjab,Lahore,Provincial Highway,Good,Clear,Dawn/Dusk,Rickshaw,2,Over Speeding,1,0,0,0,2,1,Low
2021,1,Saturday,16,Sindh,Thatta,Rural Road,Poor,Rainy,No Light,Motorcycle,1,Over Speeding,0,1,0,1,2,0,Medium
2021,1,Friday,7,Sindh,Larkana,Provincial Highway,Good,Clear,Daylight,Rickshaw,3,Over Speeding,1,0,0,1,2,0,Low
2022,8,Friday,19,Sindh,Kashmore,National Highway,Good,Clear,No Light,Motorcycle,3,Wrong Overtaking,1,0,0,0,3,0,High
2018,6,Sunday,19,Punjab,Gujranwala,Rural Road,Average,Clear,No Light,Motorcycle,2,Road Condition,1,1,0,0,1,0,Low
2021,3,Saturday,12,Islamabad,Islamabad,Provincial Highway,Poor,Clear,Daylight,Car/Taxi,3,Driver Fatigue,1,1,0,0,4,1,Medium
2021,1,Thursday,20,Punjab,Lahore,National Highway,Good,Rainy,No Light,Rickshaw,1,Signal Violation,1,0,0,1,4,0,Medium
2019,2,Tuesday,8,Punjab,Gujranwala,Rural Road,Under Repair,Dusty/Smoggy,Daylight,Motorcycle,3,Over Speeding,1,0,0,1,2,0,High
2023,3,Tuesday,2,Punjab,Sheikhupura,National Highway,Poor,Clear,Street Light,Motorcycle,3,Drunk Driving,0,0,1,0,6,1,High
2023,11,Saturday,11,Sindh,Thatta,National Highway,Average,Clear,Daylight,Van/Pickup,2,Wrong Overtaking,0,1,0,1,0,0,Low
2020,4,Friday,9,Islamabad,Islamabad,National Highway,Good,Clear,Daylight,Motorcycle,2,Mobile Phone Use,1,0,0,0,7,3,High
2023,2,Saturday,21,KPK,Charsadda,Urban Road,Good,Foggy,No Light,Car/Taxi,3,Over Speeding,0,1,0,1,5,0,Medium
2019,3,Wednesday,10,KPK,Mansehra,National Highway,Poor,Rainy,Daylight,Motorcycle,1,Signal Violation,0,0,0,0,10,4,High
2023,11,Tuesday,12,Punjab,Sheikhupura,Motorway,Good,Dusty/Smoggy,Daylight,Bicycle,2,Signal Violation,1,0,0,1,4,1,High
2022,10,Thursday,19,Sindh,Larkana,Provincial Highway,Average,Rainy,No Light,Truck/Lorry,2,Mobile Phone Use,1,0,0,0,1,2,Medium
2022,5,Friday,0,Sindh,Nawabshah,Urban Road,Good,Clear,Street Light,Car/Taxi,1,Road Condition,0,0,1,0,0,0,Low
2020,6,Friday,16,Sindh,Sukkur,Motorway,Under Repair,Clear,Dawn/Dusk,Motorcycle,1,Driver Fatigue,0,0,0,0,2,1,High
2019,7,Thursday,23,Punjab,Faisalabad,Provincial Highway,Average,Clear,No Light,Bus/Coach,1,Over Speeding,0,0,1,0,2,1,Medium
2023,7,Saturday,7,KPK,Bannu,Urban Road,Good,Rainy,Daylight,Motorcycle,2,Wrong Overtaking,1,1,0,0,10,0,High
2018,12,Friday,21,Sindh,Mirpur Khas,National Highway,Average,Extreme Heat,No Light,Motorcycle,2,Over Speeding,0,0,0,1,6,0,High
2022,12,Tuesday,16,KPK,Mardan,National Highway,Good,Clear,Daylight,Motorcycle,1,Over Speeding,0,0,0,1,6,1,High
2023,11,Monday,19,Sindh,Mirpur Khas,Urban Road,Average,Clear,Dawn/Dusk,Motorcycle,1,Over Speeding,1,0,0,1,2,1,Medium
2021,5,Sunday,20,Punjab,Sialkot,Rural Road,Good,Clear,No Light,Motorcycle,1,Over Speeding,1,1,0,0,5,0,Medium
2023,7,Sunday,17,Sindh,Thatta,Urban Road,Good,Clear,Daylight,Truck/Lorry,2,Over Speeding,1,1,0,0,4,0,Medium
2021,1,Saturday,9,Punjab,Gujranwala,National Highway,Good,Clear,Daylight,Bus/Coach,1,Over Speeding,1,1,0,1,7,0,High
2021,12,Monday,3,Balochistan,Turbat,Rural Road,Under Repair,Dusty/Smoggy,No Light,Car/Taxi,3,Signal Violation,0,0,1,1,2,0,Low
2022,4,Monday,11,Sindh,Jacobabad,Urban Road,Poor,Clear,Daylight,Motorcycle,2,Driver Fatigue,0,0,0,0,5,0,Medium
2019,2,Tuesday,20,Punjab,Gujranwala,National Highway,Average,Clear,No Light,Bus/Coach,1,Wrong Overtaking,1,0,0,1,5,0,Medium
2023,3,Sunday,14,Islamabad,Islamabad,Provincial Highway,Average,Clear,Daylight,Rickshaw,3,Wrong Overtaking,0,1,0,0,5,0,Medium
2023,6,Sunday,23,Sindh,Hyderabad,Rural Road,Average,Clear,No Light,Bus/Coach,3,Wrong Overtaking,0,1,1,0,2,1,Medium
2022,6,Tuesday,17,Punjab,Sialkot,National Highway,Good,Clear,Street Light,Motorcycle,1,Signal Violation,1,0,0,0,2,0,Medium
2022,3,Friday,8,Sindh,Jacobabad,Rural Road,Average,Clear,Daylight,Car/Taxi,1,Signal Violation,1,0,0,0,0,0,Low
2019,3,Monday,19,Punjab,Bahawalpur,Urban Road,Poor,Foggy,Dawn/Dusk,Motorcycle,1,Wrong Overtaking,1,0,0,0,8,1,High
2021,12,Tuesday,11,KPK,Abbottabad,Provincial Highway,Poor,Foggy,Daylight,Car/Taxi,2,Pedestrian Error,0,0,0,1,2,0,Low
2021,6,Wednesday,20,KPK,Swat,National Highway,Average,Rainy,Street Light,Bicycle,2,Mechanical Failure,1,0,0,0,3,2,High
2022,9,Friday,0,AJK,Mirpur,National Highway,Good,Clear,Street Light,Car/Taxi,1,Road Condition,0,0,1,0,3,1,Medium
2022,6,Friday,15,Sindh,Sukkur,Rural Road,Average,Clear,Daylight,Motorcycle,1,Wrong Overtaking,0,0,0,0,2,0,Medium
2022,2,Wednesday,17,Sindh,Nawabshah,National Highway,Poor,Clear,No Light,Motorcycle,2,Drunk Driving,1,0,0,1,6,2,High
2022,6,Friday,23,KPK,Bannu,Provincial Highway,Good,Foggy,No Light,Motorcycle,1,Driver Fatigue,0,0,1,0,7,2,High
2020,8,Friday,15,Punjab,Gujranwala,National Highway,Average,Dusty/Smoggy,Daylight,Motorcycle,4,Signal Violation,0,0,0,0,2,0,Medium
2022,5,Monday,16,Sindh,Hyderabad,National Highway,Average,Dusty/Smoggy,Daylight,Motorcycle,1,Driver Fatigue,0,0,0,0,3,0,High
2018,8,Wednesday,21,Sindh,Kashmore,National Highway,Average,Clear,Street Light,Motorcycle,1,Over Speeding,0,0,0,0,4,0,High
2018,2,Monday,5,Punjab,Faisalabad,Provincial Highway,Good,Clear,No Light,Rickshaw,1,Over Speeding,0,0,1,1,4,0,Medium
2020,3,Friday,20,Punjab,Sargodha,Urban Road,Poor,Clear,Street Light,Car/Taxi,2,Pedestrian Error,1,0,0,0,0,0,Low
2018,5,Tuesday,9,Balochistan,Gwadar,Provincial Highway,Poor,Clear,Daylight,Van/Pickup,2,Signal Violation,1,0,0,0,1,0,Low
2019,7,Friday,14,Balochistan,Sibi,Rural Road,Poor,Rainy,Daylight,Motorcycle,3,Over Speeding,0,0,0,0,5,4,High
2021,8,Monday,11,Punjab,Sheikhupura,National Highway,Good,Clear,Daylight,Bus/Coach,1,Wrong Overtaking,0,0,0,0,3,0,Medium
2023,6,Thursday,12,Punjab,Sialkot,Urban Road,Average,Clear,Daylight,Truck/Lorry,2,Over Speeding,1,0,0,0,2,1,Low
2018,10,Monday,21,Punjab,Rahim Yar Khan,Rural Road,Average,Rainy,Street Light,Motorcycle,1,Wrong Overtaking,0,0,0,0,3,0,Medium
2023,10,Friday,1,Balochistan,Hub,Urban Road,Good,Clear,No Light,Motorcycle,3,Pedestrian Error,0,0,1,0,1,2,Medium
2018,6,Wednesday,18,Punjab,Sargodha,Provincial Highway,Under Repair,Clear,No Light,Van/Pickup,1,Signal Violation,1,0,0,0,1,0,Medium
2021,8,Tuesday,19,KPK,Kohat,Urban Road,Poor,Clear,Dawn/Dusk,Motorcycle,2,Over Speeding,1,0,0,0,3,0,Medium
2022,12,Monday,18,Punjab,Sheikhupura,National Highway,Good,Foggy,Daylight,Van/Pickup,4,Wrong Overtaking,1,0,0,1,8,1,High
2021,9,Wednesday,22,Sindh,Dadu,Motorway,Average,Clear,Street Light,Motorcycle,2,Signal Violation,0,0,1,0,7,3,High
2022,5,Saturday,19,Punjab,Sargodha,Provincial Highway,Average,Clear,Dawn/Dusk,Truck/Lorry,2,Wrong Overtaking,1,1,0,0,5,2,Medium
2018,9,Wednesday,9,KPK,Swat,National Highway,Good,Clear,Dawn/Dusk,Car/Taxi,2,Over Speeding,1,0,0,0,7,2,High
2019,12,Saturday,21,Punjab,Lahore,Motorway,Average,Clear,Street Light,Car/Taxi,2,Over Speeding,0,1,0,1,4,0,Medium
2021,7,Friday,13,Sindh,Larkana,National Highway,Good,Clear,Daylight,Car/Taxi,1,Road Condition,1,0,0,0,4,1,Medium