year,month,day_of_week,hour_of_day,province,district,road_type,road_condition,weather_condition,lighting_condition,vehicle_type,vehicles_involved,accident_cause,is_rush_hour,is_weekend,is_night,is_foggy_month,num_injured,num_killed,severity
2022,12,Monday,16,Punjab,Rawalpindi,Rural Road,Good,Foggy,Dawn/Dusk,Bus/Coach,1,Wrong Overtaking,0,0,0,1,1,0,Low
2022,11,Monday,15,KPK,Peshawar,Provincial Highway,Average,Rainy,No Light,Motorcycle,1,Road Condition,0,0,0,1,2,1,High
2018,5,Sunday,18,Balochistan,Dera Bugti,Rural Road,Good,Clear,Daylight,Motorcycle,2,Driver Fatigue,1,1,0,0,10,2,High
2021,12,Wednesday,18,Punjab,Multan,Rural Road,Poor,Clear,Dawn/Dusk,Motorcycle,1,Road Condition,1,0,0,1,5,1,Medium
2023,11,Wednesday,12,Balochistan,Loralai,Provincial Highway,Under Repair,Clear,Daylight,Bicycle,1,Pedestrian Error,1,0,0,1,5,0,Medium
2023,12,Tuesday,12,Sindh,Hyderabad,Rural Road,Average,Clear,Daylight,Truck/Lorry,2,Road Condition,1,0,0,1,0,0,Low
2023,11,Wednesday,6,Punjab,Sargodha,Motorway,Poor,Rainy,Dawn/Dusk,Motorcycle,2,Road Condition,0,0,0,1,9,1,High
2020,11,Monday,21,Sindh,Nawabshah,Rural Road,Average,Foggy,Street Light,Van/Pickup,2,Over Speeding,0,0,0,1,2,0,Low
2022,10,Monday,21,Punjab,Sheikhupura,Provincial Highway,Average,Foggy,No Light,Car/Taxi,4,Over Speeding,0,0,0,0,1,1,Medium
2023,9,Tuesday,18,KPK,Mardan,National Highway,Average,Clear,Daylight,Motorcycle,3,Mobile Phone Use,1,0,0,0,1,0,Medium
2022,8,Sunday,4,KPK,Mansehra,Rural Road,Average,Dusty/Smoggy,No Light,Car/Taxi,2,Over Speeding,0,1,1,0,3,0,Medium
2021,11,Monday,20,Punjab,Sialkot,Rural Road,Poor,Clear,Street Light,Motorcycle,2,Over Speeding,1,0,0,1,6,0,High
2020,2,Wednesday,10,Sindh,Nawabshah,Motorway,Good,Dusty/Smoggy,Daylight,Motorcycle,1,Signal Violation,0,0,0,1,11,3,High
2022,3,Sunday,22,KPK,Abbottabad,Rural Road,Good,Clear,Street Light,Other,3,Pedestrian Error,0,1,1,0,0,0,Low
2019,6,Sunday,22,Islamabad,Islamabad,National Highway,Good,Rainy,No Light,Truck/Lorry,2,Signal Violation,0,1,1,0,4,0,High
2018,4,Tuesday,21,Sindh,Nawabshah,Urban Road,Poor,Clear,Street Light,Bicycle,2,Mobile Phone Use,0,0,0,0,0,0,Low
2019,11,Tuesday,5,Islamabad,Islamabad,Rural Road,Good,Clear,Daylight,Bus/Coach,3,Wrong Overtaking,0,0,1,1,1,1,Medium
2021,2,Monday,2,Sindh,Dadu,Provincial Highway,Average,Dusty/Smoggy,No Light,Motorcycle,3,Driver Fatigue,0,0,1,1,3,1,High
2022,7,Saturday,18,Punjab,Rawalpindi,Rural Road,Average,Clear,No Light,Rickshaw,3,Wrong Overtaking,1,1,0,0,0,0,Low
2018,3,Wednesday,18,Balochistan,Turbat,National Highway,Good,Clear,Daylight,Motorcycle,3,Road Condition,1,0,0,0,1,0,Medium
2022,3,Wednesday,12,Sindh,Thatta,Rural Road,Poor,Dusty/Smoggy,Dawn/Dusk,Car/Taxi,1,Over Speeding,1,0,0,0,0,0,Low
2023,6,Thursday,21,Sindh,Sukkur,National Highway,Average,Clear,Street Light,Truck/Lorry,3,Wrong Overtaking,0,0,0,0,2,0,Medium
2019,12,Sunday,5,Sindh,Mirpur Khas,Urban Road,Good,Clear,Dawn/Dusk,Car/Taxi,2,Road Condition,0,1,1,1,1,0,Low
2023,7,Tuesday,14,Balochistan,Hub,Provincial Highway,Poor,Clear,Street Light,Car/Taxi,1,Road Condition,0,0,0,0,1,0,Low
2022,5,Friday,12,KPK,Mardan,National Highway,Good,Rainy,Daylight,Bus/Coach,2,Wrong Overtaking,1,0,0,0,7,2,High
2022,8,Sunday,14,Punjab,Faisalabad,Provincial Highway,Good,Foggy,Daylight,Bicycle,2,Over Speeding,0,1,0,0,4,1,High
2022,9,Friday,16,Punjab,Sialkot,Urban Road,Under Repair,Clear,No Light,Bus/Coach,3,Road Condition,0,0,0,0,1,0,Low
2020,3,Wednesday,11,Sindh,Hyderabad,Urban Road,Average,Foggy,Daylight,Motorcycle,2,Over Speeding,0,0,0,0,9,0,High
2022,7,Thursday,21,Sindh,Nawabshah,Rural Road,Poor,Foggy,No Light,Motorcycle,1,Road Condition,0,0,0,0,5,0,Medium
2021,12,Monday,14,Punjab,Sargodha,Urban Road,Average,Clear,Dawn/Dusk,Rickshaw,2,Wrong Overtaking,0,0,0,1,0,0,Low
2019,7,Wednesday,5,KPK,Swat,Motorway,Poor,Clear,Dawn/Dusk,Motorcycle,1,Mechanical Failure,0,0,1,0,9,3,High
2020,4,Friday,10,Sindh,Kashmore,National Highway,Poor,Foggy,Daylight,Bicycle,1,Pedestrian Error,0,0,0,0,2,0,High
2023,8,Sunday,17,Punjab,Multan,National Highway,Good,Dusty/Smoggy,Daylight,Bus/Coach,2,Over Speeding,1,1,0,0,4,1,Medium
2021,1,Monday,11,Punjab,Rawalpindi,National Highway,Poor,Rainy,Daylight,Rickshaw,4,Signal Violation,0,0,0,1,2,0,Medium
2022,5,Sunday,10,Punjab,Lahore,Urban Road,Poor,Clear,No Light,Bus/Coach,2,Driver Fatigue,0,1,0,0,4,1,Medium
2018,7,Tuesday,13,Islamabad,Islamabad,Provincial Highway,Under Repair,Foggy,Daylight,Motorcycle,1,Over Speeding,1,0,0,0,4,0,High
2019,12,Thursday,9,Punjab,Multan,National Highway,Average,Clear,Street Light,Motorcycle,2,Road Condition,1,0,0,1,5,2,Medium
2020,1,Saturday,9,Punjab,Rawalpindi,National Highway,Poor,Clear,No Light,Motorcycle,2,Over Speeding,1,1,0,1,4,1,High
2020,1,Wednesday,20,Sindh,Thatta,Provincial Highway,Under Repair,Clear,Street Light,Car/Taxi,2,Pedestrian Error,1,0,0,1,0,0,Low
2023,6,Monday,17,Punjab,Gujranwala,Urban Road,Average,Clear,Daylight,Bus/Coach,2,Over Speeding,1,0,0,0,3,1,Medium
2020,5,Saturday,19,Punjab,Sargodha,Urban Road,Poor,Clear,Dawn/Dusk,Van/Pickup,1,Road Condition,1,1,0,0,2,0,Low
2018,7,Monday,3,Punjab,Rawalpindi,Rural Road,Under Repair,Foggy,No Light,Motorcycle,2,Driver Fatigue,0,0,1,0,8,2,High
2018,10,Tuesday,16,Sindh,Sukkur,Provincial Highway,Average,Clear,Daylight,Motorcycle,2,Mobile Phone Use,0,0,0,0,5,1,Medium
2021,8,Friday,15,Sindh,Nawabshah,Urban Road,Good,Extreme Heat,Daylight,Car/Taxi,2,Mechanical Failure,0,0,0,0,1,0,Low
2022,5,Saturday,23,Punjab,Rahim Yar Khan,Rural Road,Poor,Clear,No Light,Motorcycle,2,Wrong Overtaking,0,1,1,0,4,1,Medium
2022,1,Thursday,10,Sindh,Larkana,Rural Road,Poor,Dusty/Smoggy,Daylight,Truck/Lorry,4,Signal Violation,0,0,0,1,1,2,Medium
2022,1,Friday,13,Islamabad,Islamabad,Urban Road,Good,Foggy,Daylight,Truck/Lorry,1,Over Speeding,1,0,0,1,5,0,Medium
2019,9,Wednesday,9,Punjab,Bahawalpur,Rural Road,Average,Clear,Daylight,Bicycle,3,Signal Violation,1,0,0,0,2,2,Medium
2022,7,Monday,12,Punjab,Rawalpindi,National Highway,Average,Clear,No Light,Motorcycle,2,Mobile Phone Use,1,0,0,0,5,1,High
2019,12,Thursday,3,Punjab,Gujranwala,Provincial Highway,Good,Rainy,Street Light,Motorcycle,3,Mechanical Failure,0,0,1,1,3,2,Medium
2023,9,Saturday,9,Sindh,Karachi,National Highway,Average,Foggy,Daylight,Truck/Lorry,1,Mechanical Failure,1,1,0,0,5,1,Medium
2021,7,Friday,6,KPK,Peshawar,Provincial Highway,Average,Rainy,Daylight,Rickshaw,2,Over Speeding,0,0,0,0,11,0,High
2020,12,Monday,19,Punjab,Bahawalpur,National Highway,Good,Dusty/Smoggy,Daylight,Truck/Lorry,3,Mechanical Failure,1,0,0,1,1,0,Low
2020,9,Saturday,10,KPK,Nowshera,National Highway,Good,Rainy,Daylight,Bus/Coach,4,Pedestrian Error,0,1,0,0,3,0,Medium
2021,12,Thursday,12,Punjab,Lahore,National Highway,Poor,Clear,Daylight,Car/Taxi,2,Drunk Driving,1,0,0,1,7,1,High
2023,12,Sunday,9,Punjab,Sialkot,National Highway,Average,Clear,Daylight,Motorcycle,3,Over Speeding,1,1,0,1,9,2,High
2023,5,Saturday,23,KPK,Mardan,Provincial Highway,Average,Clear,No Light,Car/Taxi,3,Pedestrian Error,0,1,1,0,2,0,Low
2022,7,Thursday,20,Punjab,Lahore,National Highway,Poor,Foggy,Street Light,Car/Taxi,2,Over Speeding,1,0,0,0,6,2,High
2022,12,Saturday,23,Sindh,Kashmore,Rural Road,Poor,Clear,No Light,Car/Taxi,1,Mobile Phone Use,0,1,1,1,1,0,Low
2022,4,Friday,23,Punjab,Gujranwala,National Highway,Poor,Clear,No Light,Truck/Lorry,1,Road Condition,0,0,1,0,5,2,Medium
2021,6,Thursday,9,KPK,Kohat,Motorway,Poor,Clear,No Light,Motorcycle,2,Over Speeding,1,0,0,0,10,2,High
2021,2,Thursday,13,Punjab,Faisalabad,Urban Road,Average,Rainy,Daylight,Motorcycle,1,Wrong Overtaking,1,0,0,1,1,1,Medium
2023,12,Saturday,18,Balochistan,Hub,Urban Road,Good,Rainy,Dawn/Dusk,Motorcycle,2,Signal Violation,1,1,0,1,1,0,Medium
2021,7,Friday,13,Punjab,Sargodha,Urban Road,Poor,Clear,Daylight,Motorcycle,1,Pedestrian Error,1,0,0,0,2,0,Low
2019,11,Monday,12,Balochistan,Gwadar,Provincial Highway,Average,Rainy,Daylight,Motorcycle,2,Driver Fatigue,1,0,0,1,11,1,High
2021,9,Monday,16,Punjab,Faisalabad,Rural Road,Good,Clear,Street Light,Rickshaw,2,Weather Condition,0,0,0,0,0,0,Low
2021,7,Friday,22,KPK,Kohat,Motorway,Poor,Clear,No Light,Motorcycle,2,Road Condition,0,0,1,0,7,2,High
2023,7,Sunday,13,Punjab,Sialkot,National Highway,Good,Clear,Daylight,Rickshaw,2,Mechanical Failure,1,1,0,0,2,0,Low
2023,12,Friday,6,Balochistan,Chaman,Provincial Highway,Good,Foggy,Daylight,Bus/Coach,1,Drunk Driving,0,0,0,1,6,2,High
2020,7,Tuesday,5,Punjab,Sheikhupura,Provincial Highway,Average,Clear,Dawn/Dusk,Motorcycle,3,Over Speeding,0,0,1,0,6,1,High
2021,2,Wednesday,9,Punjab,Rahim Yar Khan,Rural Road,Poor,Rainy,Daylight,Rickshaw,4,Signal Violation,1,0,0,1,2,0,Low
2019,10,Saturday,8,Sindh,Thatta,Provincial Highway,Poor,Foggy,Daylight,Rickshaw,1,Drunk Driving,1,1,0,0,10,0,High
2018,10,Monday,17,Punjab,Sargodha,Urban Road,Average,Clear,Daylight,Motorcycle,1,Pedestrian Error,1,0,0,0,2,0,Low
2021,1,Thursday,19,Punjab,Sheikhupura,Provincial Highway,Good,Clear,Dawn/Dusk,Motorcycle,2,Over Speeding,1,0,0,1,3,0,Medium
2021,8,Friday,11,Islamabad,Islamabad,National Highway,Good,Clear,Daylight,Bicycle,2,Over Speeding,0,0,0,0,7,1,High
2018,10,Thursday,5,AJK,Muzaffarabad,Provincial Highway,Good,Clear,Daylight,Motorcycle,3,Signal Violation,0,0,1,0,4,1,Medium
2023,2,Wednesday,14,Punjab,Sialkot,Urban Road,Under Repair,Clear,Daylight,Car/Taxi,3,Wrong Overtaking,0,0,0,1,0,0,Low
2023,4,Friday,4,Islamabad,Islamabad,Urban Road,Good,Rainy,Street Light,Motorcycle,1,Signal Violation,0,0,1,0,5,1,High
2021,6,Wednesday,21,Sindh,Sukkur,Provincial Highway,Poor,Clear,No Light,Bus/Coach,4,Drunk Driving,0,0,0,0,2,0,Medium
2022,1,Monday,16,Punjab,Bahawalpur,Rural Road,Good,Foggy,Daylight,Motorcycle,1,Wrong Overtaking,0,0,0,1,5,1,Medium
2018,6,Wednesday,11,KPK,Abbottabad,Provincial Highway,Poor,Clear,Dawn/Dusk,Motorcycle,2,Over Speeding,0,0,0,0,4,0,Medium
2020,6,Thursday,11,Sindh,Karachi,Provincial Highway,Average,Clear,Daylight,Car/Taxi,2,Mechanical Failure,0,0,0,0,1,1,Low
2023,10,Sunday,20,AJK,Muzaffarabad,Provincial Highway,Average,Clear,Street Light,Car/Taxi,2,Road Condition,1,1,0,0,1,0,Low
2022,2,Friday,21,Punjab,Multan,Urban Road,Average,Clear,No Light,Truck/Lorry,2,Mechanical Failure,0,0,0,1,2,0,Low
2023,1,Thursday,12,KPK,Bannu,Provincial Highway,Average,Foggy,Daylight,Car/Taxi,2,Road Condition,1,0,0,1,4,1,Medium
2018,5,Thursday,19,Punjab,Bahawalpur,Urban Road,Poor,Foggy,Dawn/Dusk,Car/Taxi,1,Wrong Overtaking,1,0,0,0,0,0,Low
2022,1,Monday,18,Punjab,Sialkot,Provincial Highway,Good,Clear,Daylight,Rickshaw,2,Wrong Overtaking,1,0,0,1,0,0,Low
2023,7,Monday,9,Punjab,Rawalpindi,Urban Road,Good,Clear,Daylight,Car/Taxi,2,Signal Violation,1,0,0,0,0,0,Low
2021,3,Tuesday,2,Gilgit-Baltistan,Hunza,National Highway,Good,Clear,No Light,Bus/Coach,3,Signal Violation,0,0,1,0,11,1,High
2018,6,Saturday,18,KPK,Nowshera,National Highway,Poor,Clear,Daylight,Motorcycle,2,Signal Violation,1,1,0,0,3,1,High
2022,12,Friday,9,KPK,Kohat,Provincial Highway,Poor,Clear,Daylight,Car/Taxi,2,Wrong Overtaking,1,0,0,1,2,0,Low
2021,9,Tuesday,13,Sindh,Sukkur,National Highway,Poor,Clear,Daylight,Car/Taxi,2,Mechanical Failure,1,0,0,0,0,0,Low
2022,12,Wednesday,14,Punjab,Lahore,National Highway,Under Repair,Rainy,Daylight,Bicycle,1,Signal Violation,0,0,0,1,4,2,High
2018,6,Monday,20,Punjab,Sheikhupura,National Highway,Good,Clear,No Light,Motorcycle,2,Over Speeding,1,0,0,0,10,1,High
2020,12,Tuesday,20,Punjab,Gujranwala,Provincial Highway,Average,Dusty/Smoggy,No Light,Truck/Lorry,2,Driver Fatigue,1,0,0,1,4,2,High
2023,9,Thursday,17,Punjab,Sargodha,Provincial Highway,Poor,Clear,Daylight,Truck/Lorry,2,Wrong Overtaking,1,0,0,0,2,0,Low
2021,1,Saturday,18,KPK,Dera Ismail Khan,Urban Road,Average,Clear,Daylight,Car/Taxi,1,Mechanical Failure,1,1,0,1,1,0,Low
2019,2,Saturday,17,Sindh,Dadu,Provincial Highway,Good,Clear,Daylight,Car/Taxi,3,Road Condition,1,1,0,1,2,0,Low
2020,12,Wednesday,10,Punjab,Multan,National Highway,Good,Foggy,Daylight,Motorcycle,2,Road Condition,0,0,0,1,7,0,High
2019,8,Tuesday,18,Punjab,Gujranwala,Rural Road,Average,Extreme Heat,Daylight,Car/Taxi,1,Signal Violation,1,0,0,0,2,0,Low
2023,2,Monday,21,Punjab,Rawalpindi,Urban Road,Under Repair,Dusty/Smoggy,No Light,Motorcycle,1,Road Condition,0,0,0,1,1,0,Low
2022,2,Friday,18,Punjab,Sargodha,National Highway,Average,Clear,Street Light,Rickshaw,3,Wrong Overtaking,1,0,0,1,2,1,Medium
2022,7,Saturday,6,Islamabad,Islamabad,Provincial Highway,Average,Clear,Daylight,Motorcycle,1,Wrong Overtaking,0,1,0,0,9,1,High
2019,2,Thursday,12,Sindh,Karachi,Urban Road,Good,Clear,Daylight,Motorcycle,3,Mechanical Failure,1,0,0,1,2,0,Medium
2022,11,Saturday,18,KPK,Charsadda,National Highway,Poor,Clear,Daylight,Car/Taxi,2,Drunk Driving,1,1,0,1,4,0,Medium
2018,12,Saturday,22,Sindh,Sukkur,Provincial Highway,Poor,Clear,Street Light,Motorcycle,1,Mechanical Failure,0,1,1,1,2,0,Medium
2022,12,Thursday,15,Punjab,Multan,National Highway,Average,Dusty/Smoggy,Daylight,Car/Taxi,1,Signal Violation,0,0,0,1,2,0,Medium
2019,7,Sunday,16,Punjab,Rahim Yar Khan,Provincial Highway,Under Repair,Dusty/Smoggy,Dawn/Dusk,Motorcycle,2,Pedestrian Error,0,1,0,0,3,1,Medium
2023,1,Tuesday,20,Balochistan,Gwadar,Provincial Highway,Poor,Clear,No Light,Motorcycle,2,Over Speeding,1,0,0,1,2,0,Medium
2020,3,Wednesday,7,KPK,Nowshera,Provincial Highway,Average,Clear,Daylight,Van/Pickup,2,Over Speeding,1,0,0,0,4,2,Medium
2023,11,Sunday,12,Punjab,Sargodha,National Highway,Good,Rainy,Daylight,Bus/Coach,3,Over Speeding,1,1,0,1,5,2,High
2020,10,Wednesday,8,Sindh,Larkana,Urban Road,Good,Clear,Daylight,Motorcycle,4,Over Speeding,1,0,0,0,7,1,High
2019,10,Tuesday,11,Sindh,Nawabshah,Rural Road,Average,Clear,Daylight,Motorcycle,2,Over Speeding,0,0,0,0,4,0,Medium
2021,7,Thursday,15,Sindh,Thatta,Provincial Highway,Average,Clear,Daylight,Car/Taxi,2,Over Speeding,0,0,0,0,5,1,Medium
2019,10,Wednesday,9,Islamabad,Islamabad,National Highway,Average,Clear,Daylight,Van/Pickup,2,Over Speeding,1,0,0,0,5,1,Medium
2022,1,Sunday,20,Sindh,Kashmore,Rural Road,Poor,Foggy,Street Light,Bus/Coach,1,Over Speeding,1,1,0,1,6,2,High
2022,10,Tuesday,12,Sindh,Larkana,Provincial Highway,Poor,Clear,Daylight,Motorcycle,3,Wrong Overtaking,1,0,0,0,8,1,High
2023,10,Thursday,11,Punjab,Lahore,Urban Road,Poor,Clear,Daylight,Car/Taxi,1,Drunk Driving,0,0,0,0,1,0,Low
2019,3,Thursday,8,Punjab,Sargodha,Urban Road,Good,Rainy,Street Light,Truck/Lorry,1,Wrong Overtaking,1,0,0,0,1,1,Medium
2023,7,Saturday,2,Punjab,Faisalabad,Rural Road,Poor,Dusty/Smoggy,Street Light,Truck/Lorry,3,Pedestrian Error,0,1,1,0,0,0,Low
2018,5,Wednesday,22,Punjab,Rawalpindi,Provincial Highway,Poor,Foggy,No Light,Bus/Coach,1,Over Speeding,0,0,1,0,6,1,High
2022,5,Wednesday,6,KPK,Charsadda,Urban Road,Good,Clear,Daylight,Truck/Lorry,1,Mechanical Failure,0,0,0,0,0,0,Low
2023,1,Thursday,20,KPK,Mardan,National Highway,Poor,Clear,No Light,Truck/Lorry,2,Drunk Driving,1,0,0,1,2,1,High
2019,6,Thursday,18,Punjab,Faisalabad,National Highway,Average,Clear,Daylight,Motorcycle,1,Over Speeding,1,0,0,0,8,1,High
2019,11,Monday,21,KPK,Swat,Rural Road,Good,Foggy,Street Light,Car/Taxi,1,Mechanical Failure,0,0,0,1,2,0,Low
2020,10,Thursday,6,Punjab,Sialkot,Urban Road,Good,Foggy,Daylight,Motorcycle,1,Road Condition,0,0,0,0,2,0,Medium
2022,12,Friday,21,Punjab,Rahim Yar Khan,National Highway,Average,Rainy,No Light,Van/Pickup,2,Over Speeding,0,0,0,1,5,1,Medium
2023,8,Tuesday,6,Punjab,Faisalabad,Urban Road,Average,Clear,Daylight,Rickshaw,1,Drunk Driving,0,0,0,0,5,0,Medium
2021,8,Tuesday,6,Punjab,Sheikhupura,Provincial Highway,Good,Foggy,Street Light,Motorcycle,2,Wrong Overtaking,0,0,0,0,3,0,High
2018,11,Wednesday,7,Punjab,Faisalabad,National Highway,Good,Rainy,Daylight,Motorcycle,1,Wrong Overtaking,1,0,0,1,3,2,High
2022,5,Sunday,18,Sindh,Dadu,Rural Road,Poor,Clear,Daylight,Motorcycle,2,Over Speeding,1,1,0,0,3,0,Medium
2020,1,Thursday,9,Punjab,Sargodha,Rural Road,Average,Clear,Dawn/Dusk,Bus/Coach,2,Pedestrian Error,1,0,0,1,0,0,Low
2021,5,Sunday,14,AJK,Rawalakot,Urban Road,Poor,Clear,Daylight,Motorcycle,1,Wrong Overtaking,0,1,0,0,5,1,Medium
2020,6,Tuesday,7,Punjab,Rawalpindi,Motorway,Good,Foggy,Daylight,Motorcycle,3,Wrong Overtaking,1,0,0,0,6,2,High
2020,7,Monday,21,Punjab,Sheikhupura,National Highway,Average,Rainy,Street Light,Car/Taxi,2,Over Speeding,0,0,0,0,5,0,Medium
2019,2,Monday,17,Punjab,Sheikhupura,Rural Road,Poor,Clear,Daylight,Van/Pickup,2,Mechanical Failure,1,0,0,1,1,0,Low
2020,6,Wednesday,6,Sindh,Nawabshah,Urban Road,Good,Extreme Heat,Daylight,Bus/Coach,1,Mechanical Failure,0,0,0,0,0,0,Low
2020,8,Thursday,17,Punjab,Faisalabad,National Highway,Poor,Extreme Heat,Street Light,Truck/Lorry,2,Signal Violation,1,0,0,0,1,1,Medium
2019,2,Saturday,22,KPK,Nowshera,Urban Road,Average,Clear,Street Light,Rickshaw,2,Over Speeding,0,1,1,1,5,0,Medium
2020,1,Saturday,22,Sindh,Larkana,Motorway,Good,Foggy,Street Light,Motorcycle,4,Over Speeding,0,1,1,1,3,4,High
2020,10,Friday,21,Sindh,Larkana,National Highway,Under Repair,Clear,Street Light,Car/Taxi,1,Wrong Overtaking,0,0,0,0,2,1,Medium
2021,1,Sunday,7,Sindh,Jacobabad,Provincial Highway,Good,Foggy,Daylight,Motorcycle,3,Pedestrian Error,1,1,0,1,5,0,Medium
2020,10,Tuesday,19,Punjab,Gujranwala,National Highway,Good,Dusty/Smoggy,Daylight,Motorcycle,1,Over Speeding,1,0,0,0,10,0,High
2023,2,Sunday,7,Punjab,Lahore,National Highway,Good,Foggy,Dawn/Dusk,Car/Taxi,3,Driver Fatigue,1,1,0,1,2,0,High
2023,11,Wednesday,12,Punjab,Rawalpindi,National Highway,Under Repair,Clear,Daylight,Motorcycle,2,Over Speeding,1,0,0,1,2,3,High
2019,6,Friday,19,Sindh,Jacobabad,Urban Road,Poor,Extreme Heat,Dawn/Dusk,Car/Taxi,1,Pedestrian Error,1,0,0,0,0,0,Low
2023,9,Saturday,19,Punjab,Sheikhupura,National Highway,Poor,Dusty/Smoggy,No Light,Truck/Lorry,3,Over Speeding,1,1,0,0,5,1,Medium
2021,7,Wednesday,23,Punjab,Sheikhupura,Rural Road,Good,Clear,No Light,Bus/Coach,3,Over Speeding,0,0,1,0,3,2,Medium
2022,7,Friday,14,AJK,Rawalakot,Motorway,Average,Foggy,Daylight,Motorcycle,1,Over Speeding,0,0,0,0,2,2,High
2019,1,Sunday,10,Punjab,Gujranwala,Urban Road,Good,Clear,Dawn/Dusk,Motorcycle,1,Mobile Phone Use,0,1,0,1,0,0,Low
2018,4,Wednesday,13,KPK,Swat,Urban Road,Under Repair,Clear,Daylight,Truck/Lorry,2,Pedestrian Error,1,0,0,0,0,0,Low
2022,11,Friday,6,KPK,Bannu,Provincial Highway,Good,Clear,Daylight,Motorcycle,1,Over Speeding,0,0,0,1,3,2,Medium
2021,1,Sunday,22,Punjab,Sialkot,Rural Road,Good,Clear,No Light,Car/Taxi,3,Mobile Phone Use,0,1,1,1,0,0,Low
2018,11,Thursday,6,Punjab,Rahim Yar Khan,Rural Road,Poor,Foggy,No Light,Motorcycle,2,Wrong Overtaking,0,0,0,1,4,1,Medium
2021,10,Friday,6,Punjab,Faisalabad,National Highway,Poor,Clear,Daylight,Bus/Coach,2,Mechanical Failure,0,0,0,0,0,1,Low
2021,1,Thursday,14,KPK,Abbottabad,Urban Road,Average,Clear,Daylight,Motorcycle,2,Over Speeding,0,0,0,1,4,2,High
2020,9,Wednesday,17,Sindh,Jacobabad,National Highway,Good,Foggy,Daylight,Car/Taxi,2,Signal Violation,1,0,0,0,8,1,High
2020,1,Tuesday,17,KPK,Swat,National Highway,Good,Foggy,Daylight,Bicycle,1,Over Speeding,1,0,0,1,10,2,High
2022,2,Friday,21,Islamabad,Islamabad,Rural Road,Poor,Foggy,No Light,Motorcycle,1,Wrong Overtaking,0,0,0,1,5,2,Medium
2020,4,Thursday,7,KPK,Nowshera,Provincial Highway,Poor,Clear,Daylight,Car/Taxi,1,Signal Violation,1,0,0,0,1,1,Low
2021,11,Monday,17,Punjab,Gujranwala,Provincial Highway,Average,Clear,Dawn/Dusk,Motorcycle,3,Pedestrian Error,1,0,0,1,1,0,Low
2019,1,Tuesday,16,Punjab,Lahore,National Highway,Poor,Clear,No Light,Car/Taxi,2,Pedestrian Error,0,0,0,1,2,0,Medium
2023,1,Saturday,13,Balochistan,Dera Bugti,Urban Road,Good,Clear,Street Light,Car/Taxi,2,Signal Violation,1,1,0,1,1,1,Low
2022,7,Friday,23,Punjab,Rawalpindi,National Highway,Good,Rainy,Street Light,Motorcycle,1,Wrong Overtaking,0,0,1,0,3,1,High
2021,4,Wednesday,15,Punjab,Sheikhupura,Rural Road,Good,Clear,No Light,Car/Taxi,2,Over Speeding,0,0,0,0,2,0,Low
2022,4,Thursday,7,KPK,Swat,Provincial Highway,Good,Clear,Daylight,Car/Taxi,1,Mechanical Failure,1,0,0,0,1,1,Low
2023,8,Monday,22,Punjab,Gujranwala,Rural Road,Good,Rainy,No Light,Bus/Coach,1,Mobile Phone Use,0,0,1,0,5,0,Medium
2023,1,Tuesday,22,Islamabad,Islamabad,Provincial Highway,Poor,Clear,Street Light,Motorcycle,2,Pedestrian Error,0,0,1,1,11,0,High
2021,5,Friday,7,Sindh,Hyderabad,National Highway,Poor,Clear,Daylight,Van/Pickup,2,Wrong Overtaking,1,0,0,0,0,0,Low
2018,12,Monday,1,Punjab,Rahim Yar Khan,National Highway,Poor,Clear,Street Light,Bicycle,2,Road Condition,0,0,1,1,4,0,High
2019,12,Wednesday,15,Islamabad,Islamabad,Provincial Highway,Good,Clear,Daylight,Bus/Coach,3,Over Speeding,0,0,0,1,4,0,Medium
2022,5,Saturday,13,Punjab,Bahawalpur,Rural Road,Average,Clear,Daylight,Truck/Lorry,4,Signal Violation,1,1,0,0,2,0,Low
2020,12,Sunday,18,Punjab,Lahore,Rural Road,Under Repair,Dusty/Smoggy,Daylight,Rickshaw,2,Signal Violation,1,1,0,1,0,0,Low
2022,1,Saturday,9,Punjab,Multan,Motorway,Average,Clear,Daylight,Rickshaw,4,Over Speeding,1,1,0,1,2,0,Medium
2018,12,Saturday,13,Punjab,Sialkot,National Highway,Good,Clear,Daylight,Bus/Coach,4,Signal Violation,1,1,0,1,2,3,High
2023,9,Monday,13,Sindh,Thatta,Urban Road,Good,Dusty/Smoggy,Daylight,Motorcycle,2,Over Speeding,1,0,0,0,5,1,Medium
2020,8,Friday,18,Punjab,Multan,National Highway,Good,Rainy,Daylight,Truck/Lorry,1,Over Speeding,1,0,0,0,11,2,High
2023,5,Thursday,10,Punjab,Faisalabad,Rural Road,Good,Foggy,Street Light,Motorcycle,1,Road Condition,0,0,0,0,0,0,Low
2019,2,Tuesday,11,Punjab,Multan,Provincial Highway,Average,Clear,Daylight,Car/Taxi,1,Over Speeding,0,0,0,1,3,2,Medium
2021,9,Friday,13,KPK,Peshawar,Rural Road,Poor,Clear,Daylight,Van/Pickup,2,Over Speeding,1,0,0,0,2,0,Low
2018,12,Tuesday,10,KPK,Charsadda,National Highway,Average,Clear,Daylight,Car/Taxi,3,Driver Fatigue,0,0,0,1,2,1,High
2022,8,Wednesday,8,Punjab,Sheikhupura,National Highway,Average,Foggy,Dawn/Dusk,Car/Taxi,3,Mechanical Failure,1,0,0,0,1,2,Medium
2018,10,Monday,6,Punjab,Rawalpindi,National Highway,Good,Clear,Daylight,Car/Taxi,1,Over Speeding,0,0,0,0,5,1,High
2020,7,Friday,19,Punjab,Bahawalpur,Rural Road,Good,Clear,Dawn/Dusk,Bicycle,2,Over Speeding,1,0,0,0,1,0,Medium