year,month,day_of_week,hour_of_day,province,district,road_type,road_condition,weather_condition,lighting_condition,vehicle_type,vehicles_involved,accident_cause,is_rush_hour,is_weekend,is_night,is_foggy_month,num_injured,num_killed,severity
2018,6,Saturday,11,Punjab,Sheikhupura,Rural Road,Good,Rainy,Daylight,Motorcycle,1,Pedestrian Error,0,1,0,0,2,1,Medium
2018,9,Sunday,7,KPK,Charsadda,National Highway,Average,Rainy,Daylight,Motorcycle,1,Over Speeding,1,1,0,0,7,0,High
2022,6,Tuesday,16,KPK,Mardan,National Highway,Poor,Rainy,Daylight,Motorcycle,2,Mechanical Failure,0,0,0,0,3,1,High
2021,3,Monday,20,Punjab,Faisalabad,National Highway,Average,Clear,No Light,Car/Taxi,4,Over Speeding,1,0,0,0,3,0,Medium
2021,2,Friday,14,Punjab,Rahim Yar Khan,National Highway,Average,Foggy,Daylight,Bicycle,1,Mechanical Failure,0,0,0,1,1,0,Medium
2021,6,Tuesday,19,Punjab,Multan,National Highway,Average,Clear,Dawn/Dusk,Van/Pickup,2,Over Speeding,1,0,0,0,5,0,Medium
2023,11,Saturday,3,Sindh,Karachi,National Highway,Poor,Foggy,Street Light,Car/Taxi,2,Wrong Overtaking,0,1,1,1,1,1,Medium
2018,7,Monday,14,Punjab,Rawalpindi,National Highway,Good,Foggy,Daylight,Motorcycle,3,Mechanical Failure,0,0,0,0,4,0,Medium
2020,9,Sunday,17,AJK,Mirpur,Urban Road,Poor,Clear,Daylight,Car/Taxi,4,Road Condition,1,1,0,0,2,0,Low
2021,11,Monday,19,KPK,Nowshera,Motorway,Good,Clear,Street Light,Van/Pickup,2,Wrong Overtaking,1,0,0,1,4,2,Medium
2023,2,Monday,7,Punjab,Rahim Yar Khan,Urban Road,Average,Foggy,Street Light,Motorcycle,2,Signal Violation,1,0,0,1,3,2,Medium
2023,4,Friday,11,Sindh,Sukkur,National Highway,Good,Clear,No Light,Motorcycle,4,Pedestrian Error,0,0,0,0,4,1,Medium
2020,1,Friday,14,Balochistan,Loralai,National Highway,Good,Foggy,Daylight,Rickshaw,1,Over Speeding,0,0,0,1,1,2,Medium
2019,8,Wednesday,8,Sindh,Jacobabad,National Highway,Average,Clear,Daylight,Car/Taxi,2,Signal Violation,1,0,0,0,1,0,Medium
2018,7,Saturday,14,Punjab,Sheikhupura,Provincial Highway,Good,Rainy,No Light,Motorcycle,2,Over Speeding,0,1,0,0,4,4,High
2023,11,Tuesday,16,Punjab,Multan,National Highway,Poor,Clear,Daylight,Van/Pickup,2,Mechanical Failure,0,0,0,1,1,0,Medium
2022,8,Sunday,3,Balochistan,Gwadar,Motorway,Poor,Extreme Heat,No Light,Motorcycle,1,Mechanical Failure,0,1,1,0,5,0,Medium
2020,2,Monday,4,Sindh,Karachi,National Highway,Good,Clear,No Light,Bicycle,1,Over Speeding,0,0,1,1,8,2,High
2022,5,Monday,17,Sindh,Nawabshah,Urban Road,Poor,Clear,Daylight,Rickshaw,1,Signal Violation,1,0,0,0,0,0,Low
2022,10,Wednesday,4,Balochistan,Zhob,National Highway,Good,Foggy,Street Light,Van/Pickup,3,Over Speeding,0,0,1,0,9,0,High
2022,11,Saturday,20,Balochistan,Loralai,Provincial Highway,Poor,Rainy,Street Light,Car/Taxi,3,Mobile Phone Use,1,1,0,1,0,1,Low
2021,2,Thursday,12,Balochistan,Sibi,National Highway,Poor,Dusty/Smoggy,Daylight,Car/Taxi,1,Signal Violation,1,0,0,1,5,0,Medium
2019,6,Tuesday,12,Punjab,Rahim Yar Khan,National Highway,Under Repair,Clear,Daylight,Car/Taxi,2,Wrong Overtaking,1,0,0,0,5,0,Medium
2022,12,Saturday,6,Sindh,Kashmore,National Highway,Good,Clear,Daylight,Car/Taxi,1,Pedestrian Error,0,1,0,1,1,0,Low
2020,5,Monday,14,KPK,Dera Ismail Khan,National Highway,Average,Dusty/Smoggy,Daylight,Bus/Coach,1,Road Condition,0,0,0,0,4,0,Medium
2022,1,Friday,9,KPK,Bannu,National Highway,Good,Clear,Daylight,Motorcycle,3,Signal Violation,1,0,0,1,2,1,High
2021,7,Saturday,8,Sindh,Mirpur Khas,Provincial Highway,Average,Clear,Daylight,Motorcycle,1,Over Speeding,1,1,0,0,6,4,High
2023,3,Saturday,18,Punjab,Faisalabad,Provincial Highway,Average,Clear,Daylight,Car/Taxi,2,Over Speeding,1,1,0,0,1,1,Medium
2023,7,Sunday,17,KPK,Peshawar,National Highway,Under Repair,Foggy,Daylight,Car/Taxi,3,Over Speeding,1,1,0,0,7,0,High
2018,11,Sunday,22,KPK,Mardan,National Highway,Poor,Clear,Street Light,Bus/Coach,3,Wrong Overtaking,0,1,1,1,4,1,High
2018,6,Sunday,21,Punjab,Faisalabad,Rural Road,Good,Dusty/Smoggy,No Light,Truck/Lorry,2,Signal Violation,0,1,0,0,2,0,Low
2019,1,Friday,18,Sindh,Karachi,National Highway,Poor,Foggy,Dawn/Dusk,Car/Taxi,4,Signal Violation,1,0,0,1,5,1,Medium
2023,2,Saturday,17,Punjab,Bahawalpur,Rural Road,Under Repair,Rainy,Daylight,Motorcycle,3,Over Speeding,1,1,0,1,3,3,High
2018,1,Tuesday,21,Punjab,Rawalpindi,Provincial Highway,Good,Clear,No Light,Car/Taxi,1,Over Speeding,0,0,0,1,1,0,Low
2022,11,Friday,13,Punjab,Rahim Yar Khan,National Highway,Good,Clear,Daylight,Rickshaw,3,Wrong Overtaking,1,0,0,1,1,0,Medium
2020,6,Wednesday,12,Punjab,Rahim Yar Khan,Rural Road,Good,Clear,Daylight,Motorcycle,2,Mechanical Failure,1,0,0,0,0,0,Low
2023,3,Wednesday,8,Sindh,Thatta,Provincial Highway,Good,Clear,Daylight,Motorcycle,1,Over Speeding,1,0,0,0,6,0,High
2021,8,Saturday,1,Sindh,Nawabshah,Urban Road,Good,Clear,Street Light,Rickshaw,2,Over Speeding,0,1,1,0,1,0,Medium
2020,3,Monday,19,KPK,Peshawar,Provincial Highway,Good,Clear,Dawn/Dusk,Truck/Lorry,2,Pedestrian Error,1,0,0,0,2,0,Low
2019,1,Friday,7,KPK,Nowshera,Urban Road,Average,Clear,Daylight,Car/Taxi,2,Weather Condition,1,0,0,1,0,0,Low
2020,2,Saturday,12,Punjab,Rawalpindi,National Highway,Poor,Clear,Daylight,Motorcycle,1,Wrong Overtaking,1,1,0,1,2,0,Medium
2020,7,Wednesday,19,Punjab,Sheikhupura,Provincial Highway,Average,Clear,Dawn/Dusk,Motorcycle,2,Road Condition,1,0,0,0,0,0,Low
2020,12,Tuesday,6,Balochistan,Sibi,National Highway,Poor,Rainy,Daylight,Van/Pickup,3,Over Speeding,0,0,0,1,6,2,High
2021,12,Friday,19,Punjab,Multan,Rural Road,Average,Clear,No Light,Truck/Lorry,2,Drunk Driving,1,0,0,1,1,0,Medium
2021,2,Sunday,13,AJK,Mirpur,Rural Road,Average,Foggy,Dawn/Dusk,Motorcycle,4,Over Speeding,1,1,0,1,8,1,High
2023,10,Thursday,17,Balochistan,Dera Bugti,Motorway,Good,Foggy,Dawn/Dusk,Motorcycle,2,Mechanical Failure,1,0,0,0,8,2,High
2022,2,Saturday,23,Sindh,Dadu,Motorway,Good,Clear,Street Light,Car/Taxi,1,Mechanical Failure,0,1,1,1,2,0,Low
2022,11,Wednesday,23,AJK,Muzaffarabad,National Highway,Good,Clear,Street Light,Motorcycle,4,Road Condition,0,0,1,1,4,1,Medium
2021,5,Saturday,19,Punjab,Bahawalpur,Provincial Highway,Good,Clear,No Light,Motorcycle,4,Over Speeding,1,1,0,0,3,1,Medium
2022,12,Tuesday,14,Punjab,Sheikhupura,Urban Road,Average,Extreme Heat,Daylight,Car/Taxi,3,Drunk Driving,0,0,0,1,1,0,Low
2023,1,Sunday,7,Sindh,Karachi,Urban Road,Good,Clear,Daylight,Rickshaw,2,Road Condition,1,1,0,1,2,0,Low
2019,11,Saturday,21,Punjab,Rawalpindi,Provincial Highway,Good,Clear,Street Light,Car/Taxi,3,Road Condition,0,1,0,1,0,0,Low
2023,4,Saturday,21,Islamabad,Islamabad,National Highway,Poor,Foggy,No Light,Car/Taxi,2,Wrong Overtaking,0,1,0,0,1,0,Medium
2021,1,Wednesday,16,Punjab,Sargodha,Provincial Highway,Poor,Clear,Daylight,Truck/Lorry,3,Wrong Overtaking,0,0,0,1,1,0,Low
2021,7,Saturday,21,Sindh,Hyderabad,Motorway,Good,Rainy,No Light,Motorcycle,2,Mechanical Failure,0,1,0,0,3,0,High
2020,5,Tuesday,11,Sindh,Larkana,Provincial Highway,Good,Clear,No Light,Motorcycle,2,Signal Violation,0,0,0,0,1,0,Medium
2019,2,Monday,13,Sindh,Larkana,National Highway,Good,Clear,Daylight,Rickshaw,3,Driver Fatigue,1,0,0,1,5,0,Medium
2022,2,Saturday,1,Punjab,Sargodha,Provincial Highway,Good,Rainy,No Light,Car/Taxi,1,Over Speeding,0,1,1,1,6,2,High
2023,10,Wednesday,8,Punjab,Faisalabad,Provincial Highway,Average,Clear,Daylight,Motorcycle,2,Wrong Overtaking,1,0,0,0,5,0,Medium
2021,11,Saturday,16,Balochistan,Chaman,Urban Road,Average,Foggy,Daylight,Van/Pickup,2,Over Speeding,0,1,0,1,2,1,Medium
2020,7,Sunday,9,Punjab,Bahawalpur,National Highway,Poor,Foggy,Street Light,Rickshaw,3,Over Speeding,1,1,0,0,4,1,Medium
2023,5,Monday,6,KPK,Mansehra,Urban Road,Average,Rainy,Daylight,Van/Pickup,1,Drunk Driving,0,0,0,0,2,0,Low
2022,8,Thursday,16,Sindh,Larkana,National Highway,Good,Dusty/Smoggy,Daylight,Motorcycle,2,Mechanical Failure,0,0,0,0,5,0,Medium
2023,10,Tuesday,18,KPK,Mardan,Urban Road,Average,Clear,Daylight,Car/Taxi,1,Signal Violation,1,0,0,0,2,0,Low
2023,11,Saturday,0,KPK,Abbottabad,Provincial Highway,Poor,Foggy,No Light,Motorcycle,2,Over Speeding,0,1,1,1,4,0,High
2021,1,Wednesday,14,Punjab,Rawalpindi,Rural Road,Good,Clear,Daylight,Car/Taxi,2,Pedestrian Error,0,0,0,1,1,0,Low
2023,1,Wednesday,18,Sindh,Sukkur,Provincial Highway,Good,Clear,Street Light,Truck/Lorry,2,Mobile Phone Use,1,0,0,1,2,1,Low
2021,5,Wednesday,17,Balochistan,Gwadar,National Highway,Average,Rainy,Daylight,Truck/Lorry,1,Mobile Phone Use,1,0,0,0,5,1,Medium
2022,11,Tuesday,9,Sindh,Jacobabad,Provincial Highway,Good,Foggy,Daylight,Bicycle,2,Signal Violation,1,0,0,1,11,2,High
2019,11,Thursday,18,Islamabad,Islamabad,Urban Road,Average,Clear,Dawn/Dusk,Bicycle,1,Mechanical Failure,1,0,0,1,2,1,Medium
2021,9,Thursday,20,Sindh,Dadu,National Highway,Good,Rainy,No Light,Car/Taxi,2,Wrong Overtaking,1,0,0,0,7,2,High
2023,9,Thursday,19,Punjab,Rahim Yar Khan,Urban Road,Good,Extreme Heat,No Light,Motorcycle,2,Pedestrian Error,1,0,0,0,2,0,Low
2021,10,Sunday,17,Punjab,Multan,Urban Road,Average,Dusty/Smoggy,Dawn/Dusk,Van/Pickup,2,Over Speeding,1,1,0,0,2,0,Medium
2019,7,Monday,10,Islamabad,Islamabad,Rural Road,Poor,Clear,Daylight,Motorcycle,1,Wrong Overtaking,0,0,0,0,4,0,Medium
2020,4,Tuesday,8,Punjab,Sargodha,National Highway,Under Repair,Clear,Daylight,Motorcycle,4,Wrong Overtaking,1,0,0,0,1,0,Medium
2020,6,Friday,22,Balochistan,Dera Bugti,Provincial Highway,Average,Clear,Street Light,Other,1,Wrong Overtaking,0,0,1,0,2,0,Low
2023,8,Wednesday,0,Balochistan,Zhob,National Highway,Good,Dusty/Smoggy,No Light,Motorcycle,2,Drunk Driving,0,0,1,0,9,2,High
2023,8,Thursday,21,Punjab,Rahim Yar Khan,National Highway,Good,Clear,Street Light,Car/Taxi,4,Road Condition,0,0,0,0,0,0,Low
2022,1,Saturday,10,Punjab,Sheikhupura,Rural Road,Average,Clear,Daylight,Motorcycle,2,Signal Violation,0,1,0,1,5,2,Medium
2020,11,Thursday,10,KPK,Charsadda,Rural Road,Under Repair,Rainy,Dawn/Dusk,Motorcycle,2,Mechanical Failure,0,0,0,1,1,0,Medium
2023,6,Sunday,6,Punjab,Faisalabad,National Highway,Good,Clear,Daylight,Motorcycle,1,Over Speeding,0,1,0,0,11,4,High
2022,5,Saturday,8,KPK,Abbottabad,Provincial Highway,Good,Foggy,Daylight,Motorcycle,2,Signal Violation,1,1,0,0,1,2,Medium
2023,10,Friday,20,Sindh,Nawabshah,National Highway,Good,Clear,Street Light,Bus/Coach,1,Signal Violation,1,0,0,0,3,0,Medium
2023,1,Saturday,5,Sindh,Mirpur Khas,Urban Road,Poor,Clear,Dawn/Dusk,Truck/Lorry,2,Over Speeding,0,1,1,1,5,1,Medium
2020,1,Friday,8,KPK,Mardan,Urban Road,Good,Clear,Daylight,Motorcycle,1,Wrong Overtaking,1,0,0,1,1,0,Low
2019,5,Friday,8,Punjab,Faisalabad,Provincial Highway,Poor,Clear,Dawn/Dusk,Rickshaw,2,Pedestrian Error,1,0,0,0,0,0,Low
2020,6,Tuesday,22,Sindh,Mirpur Khas,Provincial Highway,Good,Clear,Street Light,Motorcycle,4,Over Speeding,0,0,1,0,2,1,High
2020,1,Friday,7,Punjab,Gujranwala,Urban Road,Poor,Clear,Daylight,Motorcycle,1,Drunk Driving,1,0,0,1,2,1,Medium
2018,8,Tuesday,5,Punjab,Lahore,Provincial Highway,Good,Clear,No Light,Motorcycle,4,Pedestrian Error,0,0,1,0,3,0,High
2021,7,Sunday,8,Sindh,Kashmore,Urban Road,Under Repair,Clear,No Light,Motorcycle,3,Over Speeding,1,1,0,0,4,1,Medium
2020,5,Monday,18,KPK,Abbottabad,Urban Road,Under Repair,Rainy,Daylight,Car/Taxi,3,Over Speeding,1,0,0,0,1,1,Medium
2021,12,Tuesday,9,Punjab,Sheikhupura,Provincial Highway,Good,Dusty/Smoggy,Daylight,Van/Pickup,2,Road Condition,1,0,0,1,1,0,Low
2021,10,Monday,8,Sindh,Kashmore,Urban Road,Average,Rainy,Daylight,Car/Taxi,2,Road Condition,1,0,0,0,1,0,Low
2019,3,Tuesday,18,KPK,Abbottabad,Provincial Highway,Average,Dusty/Smoggy,Dawn/Dusk,Truck/Lorry,3,Pedestrian Error,1,0,0,0,4,0,Medium
2018,4,Tuesday,12,Punjab,Sialkot,Urban Road,Average,Rainy,Daylight,Motorcycle,2,Road Condition,1,0,0,0,2,1,Medium
2021,4,Monday,19,Punjab,Sialkot,National Highway,Average,Clear,Dawn/Dusk,Car/Taxi,1,Driver Fatigue,1,0,0,0,2,0,Medium
2023,2,Saturday,9,Islamabad,Islamabad,Provincial Highway,Average,Foggy,Daylight,Motorcycle,2,Wrong Overtaking,1,1,0,1,8,0,High
2022,4,Monday,8,KPK,Mardan,National Highway,Poor,Clear,Street Light,Motorcycle,3,Wrong Overtaking,1,0,0,0,10,1,High
2022,10,Tuesday,3,Sindh,Jacobabad,Motorway,Poor,Clear,No Light,Motorcycle,4,Mechanical Failure,0,0,1,0,2,1,High
2022,2,Saturday,13,Sindh,Dadu,Urban Road,Poor,Clear,Daylight,Motorcycle,2,Signal Violation,1,1,0,1,2,0,Medium
2020,7,Sunday,16,Punjab,Sheikhupura,Urban Road,Good,Foggy,Daylight,Car/Taxi,2,Driver Fatigue,0,1,0,0,5,0,Medium
2020,11,Monday,18,Sindh,Thatta,Urban Road,Good,Clear,Daylight,Motorcycle,4,Signal Violation,1,0,0,1,2,0,Medium
2018,3,Friday,12,Sindh,Mirpur Khas,National Highway,Good,Clear,Daylight,Car/Taxi,2,Signal Violation,1,0,0,0,1,1,Medium
2021,12,Sunday,14,Sindh,Thatta,Urban Road,Under Repair,Clear,Daylight,Car/Taxi,1,Wrong Overtaking,0,1,0,1,1,0,Low
2020,3,Monday,13,Punjab,Sheikhupura,Rural Road,Poor,Clear,Daylight,Motorcycle,2,Driver Fatigue,1,0,0,0,5,3,High
2018,2,Tuesday,5,Punjab,Lahore,Provincial Highway,Poor,Foggy,Dawn/Dusk,Motorcycle,1,Signal Violation,0,0,1,1,5,0,High
2022,8,Wednesday,17,Punjab,Lahore,Urban Road,Poor,Clear,Daylight,Car/Taxi,1,Signal Violation,1,0,0,0,0,1,Low
2022,9,Saturday,21,Islamabad,Islamabad,National Highway,Average,Rainy,Street Light,Motorcycle,2,Road Condition,0,1,0,0,1,0,Medium
2022,10,Tuesday,11,Punjab,Gujranwala,National Highway,Poor,Foggy,Daylight,Car/Taxi,2,Wrong Overtaking,0,0,0,0,1,1,Medium
2023,9,Tuesday,7,Sindh,Jacobabad,National Highway,Good,Clear,Daylight,Bicycle,1,Over Speeding,1,0,0,0,11,4,High
2019,9,Sunday,9,Punjab,Sheikhupura,National Highway,Good,Clear,Daylight,Motorcycle,1,Road Condition,1,1,0,0,5,2,High
2023,10,Sunday,22,Punjab,Sheikhupura,Provincial Highway,Good,Rainy,No Light,Motorcycle,1,Pedestrian Error,0,1,1,0,2,0,Medium
2023,4,Monday,9,KPK,Abbottabad,National Highway,Average,Clear,Daylight,Bus/Coach,4,Over Speeding,1,0,0,0,2,0,Medium
2020,6,Tuesday,11,Sindh,Karachi,National Highway,Average,Rainy,Daylight,Motorcycle,1,Over Speeding,0,0,0,0,10,1,High
2022,12,Friday,9,Sindh,Sukkur,Motorway,Average,Foggy,Daylight,Car/Taxi,2,Mobile Phone Use,1,0,0,1,2,0,Low
2018,7,Monday,10,Punjab,Bahawalpur,National Highway,Poor,Clear,Daylight,Motorcycle,1,Wrong Overtaking,0,0,0,0,8,2,High
2021,1,Sunday,1,KPK,Nowshera,Urban Road,Good,Foggy,No Light,Rickshaw,2,Pedestrian Error,0,1,1,1,2,1,Medium
2021,1,Wednesday,7,Punjab,Gujranwala,Urban Road,Good,Clear,Daylight,Motorcycle,2,Pedestrian Error,1,0,0,1,2,0,Low
2019,4,Tuesday,9,Punjab,Rahim Yar Khan,Provincial Highway,Good,Dusty/Smoggy,Daylight,Bus/Coach,1,Over Speeding,1,0,0,0,4,1,Medium
2019,4,Saturday,9,Sindh,Dadu,National Highway,Average,Clear,Daylight,Car/Taxi,2,Over Speeding,1,1,0,0,7,3,High
2022,2,Sunday,1,Punjab,Multan,Provincial Highway,Good,Extreme Heat,No Light,Motorcycle,1,Over Speeding,0,1,1,1,2,0,High
2019,6,Sunday,16,Punjab,Sialkot,Motorway,Average,Clear,Dawn/Dusk,Car/Taxi,1,Wrong Overtaking,0,1,0,0,2,2,Medium
2018,5,Tuesday,15,Sindh,Mirpur Khas,National Highway,Average,Clear,Daylight,Van/Pickup,2,Wrong Overtaking,0,0,0,0,3,0,Medium
2019,6,Monday,21,Sindh,Nawabshah,National Highway,Good,Foggy,No Light,Truck/Lorry,2,Mechanical Failure,0,0,0,0,3,1,Medium
2021,5,Saturday,9,KPK,Swat,Rural Road,Poor,Rainy,Street Light,Bicycle,2,Over Speeding,1,1,0,0,7,0,High
2023,11,Monday,13,Punjab,Rawalpindi,National Highway,Good,Clear,Daylight,Motorcycle,1,Wrong Overtaking,1,0,0,1,6,1,High
2022,6,Saturday,20,Punjab,Gujranwala,Rural Road,Poor,Foggy,No Light,Bicycle,2,Road Condition,1,1,0,0,1,1,Medium
2020,11,Thursday,18,Punjab,Gujranwala,National Highway,Poor,Clear,Daylight,Motorcycle,3,Road Condition,1,0,0,1,10,0,High
2020,5,Wednesday,16,AJK,Mirpur,Rural Road,Good,Clear,No Light,Car/Taxi,2,Over Speeding,0,0,0,0,2,0,Low
2022,6,Friday,20,Sindh,Hyderabad,Rural Road,Good,Extreme Heat,Street Light,Car/Taxi,3,Road Condition,1,0,0,0,2,0,Low
2023,6,Sunday,8,KPK,Dera Ismail Khan,Urban Road,Good,Clear,Daylight,Van/Pickup,3,Over Speeding,1,1,0,0,1,1,Medium
2022,5,Sunday,17,Punjab,Multan,Rural Road,Good,Clear,Daylight,Bus/Coach,1,Drunk Driving,1,1,0,0,1,0,Low
2022,5,Friday,14,Sindh,Sukkur,Rural Road,Poor,Foggy,Daylight,Rickshaw,3,Signal Violation,0,0,0,0,0,0,Low
2022,3,Tuesday,11,Punjab,Sargodha,Provincial Highway,Poor,Rainy,Daylight,Motorcycle,2,Over Speeding,0,0,0,0,11,2,High
2023,11,Monday,8,Sindh,Mirpur Khas,Urban Road,Good,Clear,Street Light,Car/Taxi,2,Driver Fatigue,1,0,0,1,0,0,Low
2022,4,Saturday,10,Islamabad,Islamabad,Urban Road,Good,Clear,Dawn/Dusk,Bus/Coach,1,Road Condition,0,1,0,0,2,0,Low
2018,3,Monday,15,Islamabad,Islamabad,Provincial Highway,Average,Clear,Daylight,Car/Taxi,1,Pedestrian Error,0,0,0,0,0,0,Low
2018,5,Tuesday,11,Sindh,Nawabshah,Urban Road,Poor,Clear,Daylight,Motorcycle,3,Road Condition,0,0,0,0,1,0,Low
2022,2,Sunday,23,Sindh,Jacobabad,Provincial Highway,Good,Clear,No Light,Car/Taxi,1,Signal Violation,0,1,1,1,2,2,Medium
2020,3,Friday,20,Islamabad,Islamabad,National Highway,Under Repair,Clear,No Light,Car/Taxi,2,Pedestrian Error,1,0,0,0,2,0,Low
2020,8,Saturday,21,KPK,Mardan,National Highway,Good,Rainy,Street Light,Car/Taxi,2,Road Condition,0,1,0,0,0,0,Low
2023,1,Thursday,8,Punjab,Rahim Yar Khan,National Highway,Good,Rainy,Daylight,Rickshaw,1,Wrong Overtaking,1,0,0,1,9,0,High
2021,4,Tuesday,15,Sindh,Larkana,National Highway,Good,Rainy,Daylight,Car/Taxi,3,Signal Violation,0,0,0,0,4,1,Medium
2022,12,Wednesday,17,Punjab,Sialkot,National Highway,Average,Clear,Daylight,Rickshaw,2,Over Speeding,1,0,0,1,4,0,Medium
2022,4,Saturday,10,Sindh,Sukkur,Urban Road,Good,Clear,No Light,Car/Taxi,3,Driver Fatigue,0,1,0,0,1,1,Medium
2023,5,Monday,20,Sindh,Nawabshah,National Highway,Poor,Foggy,Street Light,Motorcycle,4,Driver Fatigue,1,0,0,0,4,2,High
2023,4,Thursday,17,Sindh,Kashmore,National Highway,Average,Clear,Daylight,Car/Taxi,2,Weather Condition,1,0,0,0,2,0,Low
2023,11,Monday,13,Punjab,Lahore,Provincial Highway,Average,Extreme Heat,Daylight,Truck/Lorry,2,Pedestrian Error,1,0,0,1,0,0,Low
2019,12,Wednesday,1,Punjab,Bahawalpur,Provincial Highway,Poor,Clear,No Light,Bus/Coach,3,Wrong Overtaking,0,0,1,1,5,0,Medium
2021,1,Wednesday,19,Sindh,Kashmore,Rural Road,Good,Clear,No Light,Rickshaw,1,Pedestrian Error,1,0,0,1,1,0,Low
2023,1,Thursday,10,KPK,Kohat,National Highway,Good,Clear,Dawn/Dusk,Rickshaw,3,Wrong Overtaking,0,0,0,1,2,0,Low
2020,7,Monday,16,KPK,Peshawar,Motorway,Poor,Rainy,Dawn/Dusk,Motorcycle,4,Road Condition,0,0,0,0,4,2,High
2023,3,Wednesday,5,Punjab,Rahim Yar Khan,Rural Road,Poor,Clear,Dawn/Dusk,Car/Taxi,2,Over Speeding,0,0,1,0,4,0,Medium
2021,5,Friday,16,Islamabad,Islamabad,Provincial Highway,Average,Clear,Daylight,Motorcycle,2,Road Condition,0,0,0,0,2,0,Low
2023,4,Saturday,17,Balochistan,Dera Bugti,National Highway,Average,Clear,Daylight,Bus/Coach,2,Road Condition,1,1,0,0,0,0,Low
2021,1,Monday,21,Punjab,Lahore,National Highway,Good,Clear,Street Light,Motorcycle,3,Road Condition,0,0,0,1,4,1,Medium
2021,5,Saturday,11,Punjab,Rahim Yar Khan,National Highway,Good,Foggy,Daylight,Motorcycle,2,Over Speeding,0,1,0,0,9,2,High
2018,5,Tuesday,15,KPK,Abbottabad,National Highway,Poor,Clear,Daylight,Rickshaw,2,Driver Fatigue,0,0,0,0,4,1,Medium
2018,10,Friday,1,KPK,Mansehra,Urban Road,Average,Clear,Street Light,Motorcycle,3,Drunk Driving,0,0,1,0,7,0,High
2020,8,Thursday,11,Islamabad,Islamabad,Motorway,Good,Clear,Daylight,Motorcycle,2,Mobile Phone Use,0,0,0,0,9,1,High
2022,6,Tuesday,2,Balochistan,Turbat,Urban Road,Good,Clear,Street Light,Car/Taxi,1,Over Speeding,0,0,1,0,5,1,Medium
2021,5,Saturday,13,Sindh,Thatta,Urban Road,Under Repair,Foggy,Dawn/Dusk,Other,1,Wrong Overtaking,1,1,0,0,0,0,Low
2022,12,Monday,18,Sindh,Kashmore,Rural Road,Average,Clear,Daylight,Car/Taxi,4,Pedestrian Error,1,0,0,1,2,0,Low
2023,5,Thursday,5,Punjab,Sargodha,National Highway,Poor,Clear,Dawn/Dusk,Rickshaw,2,Road Condition,0,0,1,0,3,1,Medium
2018,7,Sunday,6,Punjab,Faisalabad,National Highway,Average,Foggy,Daylight,Truck/Lorry,3,Signal Violation,0,1,0,0,3,1,High
2023,10,Friday,8,Sindh,Karachi,Rural Road,Average,Extreme Heat,Daylight,Bus/Coach,3,Road Condition,1,0,0,0,0,0,Low
2020,1,Wednesday,18,Sindh,Jacobabad,Urban Road,Average,Clear,Daylight,Truck/Lorry,2,Drunk Driving,1,0,0,1,0,0,Low
2019,4,Friday,20,Sindh,Jacobabad,National Highway,Good,Clear,No Light,Car/Taxi,3,Pedestrian Error,1,0,0,0,2,0,Low
2018,7,Wednesday,16,KPK,Abbottabad,National Highway,Good,Clear,Daylight,Other,2,Over Speeding,0,0,0,0,5,0,High
2023,6,Sunday,9,Punjab,Rahim Yar Khan,Urban Road,Poor,Rainy,Dawn/Dusk,Truck/Lorry,2,Signal Violation,1,1,0,0,2,2,Medium
2021,10,Friday,12,Sindh,Thatta,Urban Road,Average,Clear,Daylight,Motorcycle,2,Driver Fatigue,1,0,0,0,1,0,Medium
2022,7,Sunday,11,Punjab,Bahawalpur,Urban Road,Good,Foggy,Daylight,Car/Taxi,2,Signal Violation,0,1,0,0,0,0,Low
2020,11,Thursday,21,Punjab,Gujranwala,Urban Road,Good,Rainy,No Light,Motorcycle,1,Over Speeding,0,0,0,1,8,0,High
2019,11,Wednesday,6,KPK,Nowshera,Urban Road,Average,Foggy,Daylight,Car/Taxi,1,Mechanical Failure,0,0,0,1,1,0,Low
2018,3,Saturday,16,KPK,Abbottabad,Urban Road,Under Repair,Dusty/Smoggy,Daylight,Car/Taxi,2,Over Speeding,0,1,0,0,0,0,Low
2023,3,Thursday,18,Gilgit-Baltistan,Skardu,National Highway,Good,Foggy,Street Light,Motorcycle,1,Drunk Driving,1,0,0,0,4,1,High
2021,11,Thursday,7,Punjab,Rawalpindi,Urban Road,Average,Foggy,Daylight,Rickshaw,2,Road Condition,1,0,0,1,2,0,Low
2019,11,Saturday,23,Sindh,Dadu,National Highway,Average,Clear,No Light,Motorcycle,1,Signal Violation,0,1,1,1,11,1,High
2020,2,Sunday,23,Punjab,Sargodha,Provincial Highway,Good,Clear,No Light,Car/Taxi,1,Over Speeding,0,1,1,1,3,0,Medium
2023,2,Tuesday,14,Sindh,Karachi,National Highway,Poor,Extreme Heat,Daylight,Motorcycle,1,Road Condition,0,0,0,1,4,1,Medium
2019,3,Thursday,17,Balochistan,Chaman,Urban Road,Average,Clear,Daylight,Bus/Coach,2,Wrong Overtaking,1,0,0,0,0,0,Low
2023,7,Wednesday,16,KPK,Bannu,Provincial Highway,Good,Clear,Daylight,Rickshaw,2,Wrong Overtaking,0,0,0,0,0,1,Low
2020,12,Sunday,12,Balochistan,Dera Bugti,Rural Road,Good,Clear,Daylight,Bus/Coach,2,Wrong Overtaking,1,1,0,1,4,2,Medium