year,month,day_of_week,hour_of_day,province,district,road_type,road_condition,weather_condition,lighting_condition,vehicle_type,vehicles_involved,accident_cause,is_rush_hour,is_weekend,is_night,is_foggy_month,num_injured,num_killed,severity
2022,12,Sunday,12,Punjab,Faisalabad,National Highway,Good,Rainy,Daylight,Car/Taxi,2,Signal Violation,1,1,0,1,5,0,Medium
2018,12,Saturday,23,Balochistan,Quetta,Provincial Highway,Average,Clear,No Light,Motorcycle,2,Over Speeding,0,1,1,1,5,1,High
2021,7,Wednesday,20,Punjab,Multan,Provincial Highway,Poor,Clear,No Light,Car/Taxi,1,Over Speeding,1,0,0,0,3,1,Medium
2019,2,Tuesday,3,Balochistan,Sibi,National Highway,Good,Foggy,Street Light,Truck/Lorry,4,Road Condition,0,0,1,1,2,0,Medium
2021,9,Friday,11,Punjab,Sialkot,National Highway,Good,Rainy,Daylight,Truck/Lorry,1,Over Speeding,0,0,0,0,3,1,High
2021,5,Wednesday,20,Punjab,Rahim Yar Khan,National Highway,Good,Dusty/Smoggy,No Light,Motorcycle,1,Road Condition,1,0,0,0,3,1,High
2019,6,Monday,18,Sindh,Thatta,National Highway,Under Repair,Foggy,Daylight,Car/Taxi,2,Signal Violation,1,0,0,0,3,0,Medium
2018,7,Sunday,1,Islamabad,Islamabad,National Highway,Poor,Clear,Street Light,Car/Taxi,2,Drunk Driving,0,1,1,0,10,3,High
2021,4,Tuesday,11,Punjab,Sargodha,Rural Road,Average,Foggy,Daylight,Car/Taxi,2,Over Speeding,0,0,0,0,1,2,Medium
2022,5,Friday,21,Punjab,Gujranwala,Urban Road,Poor,Clear,No Light,Motorcycle,3,Weather Condition,0,0,0,0,1,0,Low
2022,1,Wednesday,9,Balochistan,Hub,National Highway,Poor,Clear,Daylight,Motorcycle,1,Mechanical Failure,1,0,0,1,3,1,Medium
2020,12,Saturday,17,Punjab,Sialkot,Rural Road,Good,Clear,Street Light,Motorcycle,2,Signal Violation,1,1,0,1,0,0,Low
2019,2,Monday,15,Punjab,Sialkot,Rural Road,Good,Clear,Daylight,Van/Pickup,2,Over Speeding,0,0,0,1,1,0,Low
2023,4,Wednesday,0,Sindh,Mirpur Khas,National Highway,Average,Clear,Street Light,Motorcycle,3,Pedestrian Error,0,0,1,0,2,0,High
2023,4,Monday,22,Punjab,Bahawalpur,National Highway,Good,Foggy,Street Light,Motorcycle,2,Over Speeding,0,0,1,0,5,1,High
2021,12,Saturday,1,Balochistan,Khuzdar,Urban Road,Good,Clear,Street Light,Car/Taxi,2,Drunk Driving,0,1,1,1,5,0,Medium
2021,6,Friday,17,KPK,Bannu,Urban Road,Average,Foggy,Daylight,Rickshaw,2,Pedestrian Error,1,0,0,0,1,0,Low
2022,1,Wednesday,3,Sindh,Mirpur Khas,Provincial Highway,Good,Clear,Street Light,Motorcycle,2,Road Condition,0,0,1,1,5,2,Medium
2018,6,Saturday,22,AJK,Muzaffarabad,National Highway,Average,Dusty/Smoggy,Street Light,Van/Pickup,2,Over Speeding,0,1,1,0,4,2,Medium
2021,10,Thursday,16,Sindh,Mirpur Khas,National Highway,Average,Rainy,Daylight,Van/Pickup,4,Driver Fatigue,0,0,0,0,9,3,High
2020,8,Friday,21,Punjab,Rawalpindi,Urban Road,Poor,Clear,Street Light,Van/Pickup,4,Mobile Phone Use,0,0,0,0,0,0,Low
2018,3,Tuesday,16,Punjab,Sheikhupura,Urban Road,Average,Clear,Daylight,Motorcycle,1,Mechanical Failure,0,0,0,0,1,0,Low
2018,6,Saturday,15,Sindh,Hyderabad,National Highway,Good,Clear,Daylight,Car/Taxi,1,Over Speeding,0,1,0,0,1,0,Medium
2021,8,Friday,15,Punjab,Gujranwala,Provincial Highway,Average,Clear,Daylight,Rickshaw,2,Wrong Overtaking,0,0,0,0,2,0,Medium
2019,7,Friday,13,Islamabad,Islamabad,Rural Road,Poor,Rainy,Daylight,Van/Pickup,2,Over Speeding,1,0,0,0,1,0,Medium
2023,10,Wednesday,8,KPK,Abbottabad,National Highway,Poor,Clear,Daylight,Car/Taxi,3,Over Speeding,1,0,0,0,3,0,Medium
2018,1,Saturday,11,Punjab,Sargodha,Rural Road,Poor,Extreme Heat,Daylight,Car/Taxi,2,Road Condition,0,1,0,1,2,0,Low
2023,11,Monday,9,Sindh,Larkana,National Highway,Poor,Clear,Daylight,Car/Taxi,1,Over Speeding,1,0,0,1,3,0,Medium
2021,2,Monday,7,KPK,Charsadda,Rural Road,Average,Clear,No Light,Motorcycle,2,Drunk Driving,1,0,0,1,4,1,Medium
2018,11,Thursday,18,Islamabad,Islamabad,Urban Road,Average,Rainy,No Light,Van/Pickup,2,Mechanical Failure,1,0,0,1,0,0,Low
2019,10,Saturday,15,Balochistan,Quetta,Urban Road,Good,Extreme Heat,Daylight,Car/Taxi,1,Over Speeding,0,1,0,0,4,0,Medium
2023,12,Friday,7,Sindh,Mirpur Khas,Provincial Highway,Average,Clear,Daylight,Motorcycle,3,Road Condition,1,0,0,1,1,1,Medium
2023,6,Monday,5,KPK,Charsadda,National Highway,Good,Dusty/Smoggy,Dawn/Dusk,Car/Taxi,1,Wrong Overtaking,0,0,1,0,3,0,Medium
2023,10,Monday,17,Sindh,Hyderabad,National Highway,Average,Clear,Daylight,Motorcycle,1,Driver Fatigue,1,0,0,0,2,2,High
2021,6,Tuesday,18,Sindh,Nawabshah,National Highway,Average,Clear,Daylight,Rickshaw,2,Over Speeding,1,0,0,0,5,0,Medium
2019,10,Friday,18,Punjab,Sargodha,National Highway,Poor,Dusty/Smoggy,Daylight,Bus/Coach,2,Signal Violation,1,0,0,0,5,1,High
2021,12,Monday,18,Punjab,Sialkot,Rural Road,Average,Clear,No Light,Truck/Lorry,2,Drunk Driving,1,0,0,1,1,0,Low
2022,5,Saturday,20,Sindh,Kashmore,Provincial Highway,Good,Clear,Street Light,Truck/Lorry,2,Road Condition,1,1,0,0,0,0,Low
2022,2,Wednesday,9,Punjab,Rawalpindi,National Highway,Average,Dusty/Smoggy,Daylight,Motorcycle,2,Road Condition,1,0,0,1,11,0,High
2023,6,Monday,12,Punjab,Sialkot,Urban Road,Average,Dusty/Smoggy,No Light,Truck/Lorry,2,Over Speeding,1,0,0,0,2,0,Medium
2020,6,Monday,7,KPK,Nowshera,National Highway,Good,Clear,Daylight,Car/Taxi,1,Over Speeding,1,0,0,0,6,1,High
2019,12,Wednesday,14,Punjab,Rawalpindi,National Highway,Poor,Foggy,No Light,Van/Pickup,3,Road Condition,0,0,0,1,5,1,Medium
2018,1,Sunday,9,Sindh,Kashmore,Urban Road,Under Repair,Clear,Daylight,Car/Taxi,2,Wrong Overtaking,1,1,0,1,1,0,Low
2023,7,Wednesday,13,Sindh,Hyderabad,Provincial Highway,Average,Rainy,Daylight,Bus/Coach,1,Over Speeding,1,0,0,0,6,1,High
2020,12,Wednesday,18,Islamabad,Islamabad,National Highway,Good,Dusty/Smoggy,Daylight,Truck/Lorry,2,Signal Violation,1,0,0,1,4,0,Medium
2022,2,Thursday,16,Sindh,Sukkur,National Highway,Average,Clear,Street Light,Motorcycle,4,Road Condition,0,0,0,1,2,0,Medium
2018,12,Thursday,17,Punjab,Lahore,Urban Road,Average,Foggy,Daylight,Motorcycle,1,Signal Violation,1,0,0,1,1,0,Medium
2020,9,Friday,0,Sindh,Jacobabad,Rural Road,Average,Foggy,Street Light,Van/Pickup,2,Drunk Driving,0,0,1,0,5,0,Medium
2023,7,Tuesday,14,Balochistan,Gwadar,Urban Road,Under Repair,Rainy,Daylight,Car/Taxi,2,Weather Condition,0,0,0,0,1,0,Low
2023,12,Tuesday,12,Gilgit-Baltistan,Hunza,National Highway,Good,Clear,Daylight,Bus/Coach,1,Pedestrian Error,1,0,0,1,4,0,Medium
2022,1,Friday,15,Sindh,Nawabshah,Urban Road,Good,Rainy,Street Light,Van/Pickup,1,Driver Fatigue,0,0,0,1,2,0,Low
2020,1,Monday,21,Punjab,Rawalpindi,National Highway,Good,Dusty/Smoggy,Street Light,Bus/Coach,3,Over Speeding,0,0,0,1,11,0,High
2022,2,Thursday,13,Balochistan,Dera Bugti,Urban Road,Poor,Foggy,Daylight,Motorcycle,2,Pedestrian Error,1,0,0,1,5,2,Medium
2019,7,Friday,12,Punjab,Rawalpindi,Urban Road,Average,Foggy,Daylight,Car/Taxi,4,Signal Violation,1,0,0,0,1,0,Low
2019,3,Tuesday,17,Sindh,Dadu,National Highway,Average,Clear,Daylight,Motorcycle,3,Signal Violation,1,0,0,0,8,0,High
2021,4,Friday,17,Punjab,Faisalabad,National Highway,Poor,Clear,Dawn/Dusk,Motorcycle,1,Wrong Overtaking,1,0,0,0,5,0,High
2022,10,Monday,17,Punjab,Gujranwala,Provincial Highway,Good,Clear,Daylight,Motorcycle,2,Over Speeding,1,0,0,0,3,0,Medium
2023,1,Friday,14,Punjab,Rahim Yar Khan,Urban Road,Good,Clear,Daylight,Rickshaw,1,Signal Violation,0,0,0,1,1,0,Low
2021,1,Tuesday,3,Punjab,Rahim Yar Khan,National Highway,Good,Clear,Street Light,Motorcycle,2,Over Speeding,0,0,1,1,4,3,High
2018,10,Wednesday,17,KPK,Mardan,Provincial Highway,Good,Rainy,Daylight,Motorcycle,4,Pedestrian Error,1,0,0,0,2,4,High
2021,1,Tuesday,16,Islamabad,Islamabad,Provincial Highway,Good,Clear,Dawn/Dusk,Bus/Coach,1,Road Condition,0,0,0,1,2,0,Low
2023,7,Sunday,19,Punjab,Sialkot,Urban Road,Under Repair,Clear,Street Light,Car/Taxi,1,Pedestrian Error,1,1,0,0,0,0,Low
2022,12,Saturday,14,KPK,Swat,National Highway,Average,Rainy,Dawn/Dusk,Rickshaw,3,Road Condition,0,1,0,1,2,0,Low
2021,5,Wednesday,9,Punjab,Sargodha,National Highway,Average,Clear,Daylight,Car/Taxi,3,Over Speeding,1,0,0,0,4,0,Medium
2021,9,Saturday,12,Sindh,Karachi,National Highway,Poor,Clear,Daylight,Motorcycle,3,Signal Violation,1,1,0,0,2,0,Medium
2018,6,Tuesday,21,Punjab,Bahawalpur,Provincial Highway,Good,Clear,No Light,Car/Taxi,1,Signal Violation,0,0,0,0,4,2,Medium
2018,4,Wednesday,17,Islamabad,Islamabad,National Highway,Average,Extreme Heat,Daylight,Truck/Lorry,3,Mechanical Failure,1,0,0,0,5,0,Medium
2023,4,Monday,9,KPK,Mardan,National Highway,Good,Foggy,Daylight,Rickshaw,4,Driver Fatigue,1,0,0,0,7,1,High
2023,12,Tuesday,15,Sindh,Larkana,Provincial Highway,Under Repair,Clear,Daylight,Car/Taxi,2,Mobile Phone Use,0,0,0,1,2,0,Low
2018,8,Tuesday,16,KPK,Nowshera,Urban Road,Poor,Clear,Daylight,Motorcycle,2,Over Speeding,0,0,0,0,7,2,High
2023,5,Tuesday,7,Sindh,Thatta,National Highway,Good,Foggy,Street Light,Motorcycle,2,Wrong Overtaking,1,0,0,0,7,4,High
2022,6,Friday,19,Islamabad,Islamabad,Urban Road,Good,Clear,Dawn/Dusk,Van/Pickup,2,Signal Violation,1,0,0,0,2,0,Low
2020,3,Friday,16,KPK,Bannu,Provincial Highway,Good,Foggy,Daylight,Motorcycle,3,Mechanical Failure,0,0,0,0,6,0,High
2020,1,Wednesday,1,Islamabad,Islamabad,Urban Road,Average,Clear,Street Light,Truck/Lorry,3,Over Speeding,0,0,1,1,3,1,Medium
2019,10,Friday,4,Sindh,Mirpur Khas,Urban Road,Good,Dusty/Smoggy,No Light,Truck/Lorry,3,Wrong Overtaking,0,0,1,0,2,0,Low
2020,6,Sunday,7,Punjab,Sheikhupura,National Highway,Good,Clear,Dawn/Dusk,Car/Taxi,2,Drunk Driving,1,1,0,0,8,2,High
2022,3,Tuesday,9,Sindh,Dadu,Provincial Highway,Good,Foggy,Street Light,Motorcycle,1,Wrong Overtaking,1,0,0,0,5,2,High
2023,5,Monday,0,Punjab,Rawalpindi,Rural Road,Good,Extreme Heat,No Light,Car/Taxi,1,Over Speeding,0,0,1,0,4,0,Medium
2019,12,Sunday,15,Sindh,Jacobabad,Provincial Highway,Average,Dusty/Smoggy,Daylight,Motorcycle,1,Drunk Driving,0,1,0,1,5,1,Medium
2018,6,Saturday,16,Sindh,Thatta,Rural Road,Average,Clear,Daylight,Motorcycle,3,Signal Violation,0,1,0,0,5,0,Medium
2023,4,Tuesday,8,Sindh,Karachi,Motorway,Under Repair,Rainy,Dawn/Dusk,Motorcycle,2,Road Condition,1,0,0,0,6,2,High
2023,9,Thursday,10,Punjab,Rahim Yar Khan,Urban Road,Good,Clear,Daylight,Rickshaw,1,Over Speeding,0,0,0,0,3,1,Medium
2022,6,Friday,0,Punjab,Gujranwala,Provincial Highway,Average,Clear,Street Light,Rickshaw,1,Pedestrian Error,0,0,1,0,1,1,Low
2020,5,Tuesday,13,Sindh,Karachi,Rural Road,Good,Clear,No Light,Motorcycle,3,Over Speeding,1,0,0,0,1,0,Medium
2022,10,Friday,23,Islamabad,Islamabad,Rural Road,Good,Foggy,No Light,Van/Pickup,1,Pedestrian Error,0,0,1,0,2,0,Low
2018,1,Thursday,18,Punjab,Rawalpindi,Urban Road,Poor,Foggy,Daylight,Motorcycle,1,Over Speeding,1,0,0,1,5,2,Medium
2019,10,Sunday,17,Sindh,Hyderabad,National Highway,Good,Clear,Daylight,Car/Taxi,3,Pedestrian Error,1,1,0,0,5,0,Medium
2023,8,Monday,12,KPK,Mardan,Urban Road,Good,Clear,Daylight,Car/Taxi,4,Wrong Overtaking,1,0,0,0,0,0,Low
2018,9,Wednesday,17,Sindh,Larkana,Rural Road,Average,Foggy,Daylight,Motorcycle,2,Over Speeding,1,0,0,0,5,2,High
2023,8,Friday,19,Punjab,Gujranwala,National Highway,Under Repair,Clear,Dawn/Dusk,Rickshaw,2,Wrong Overtaking,1,0,0,0,2,0,Low
2021,3,Friday,17,Punjab,Lahore,National Highway,Good,Clear,Daylight,Truck/Lorry,4,Driver Fatigue,1,0,0,0,9,1,High
2023,12,Friday,10,Punjab,Sialkot,Rural Road,Poor,Foggy,Dawn/Dusk,Motorcycle,3,Wrong Overtaking,0,0,0,1,4,0,High
2023,7,Saturday,18,Islamabad,Islamabad,Urban Road,Poor,Rainy,Daylight,Motorcycle,4,Wrong Overtaking,1,1,0,0,4,0,Medium
2018,1,Monday,4,Punjab,Gujranwala,National Highway,Poor,Clear,No Light,Motorcycle,1,Over Speeding,0,0,1,1,5,1,High
2022,6,Friday,9,Punjab,Multan,Urban Road,Good,Clear,Daylight,Car/Taxi,3,Over Speeding,1,0,0,0,1,0,Low
2022,2,Saturday,9,Punjab,Sialkot,Urban Road,Average,Clear,Daylight,Van/Pickup,2,Mechanical Failure,1,1,0,1,1,0,Low
2021,11,Saturday,12,Punjab,Faisalabad,National Highway,Average,Rainy,Daylight,Motorcycle,1,Mechanical Failure,1,1,0,1,8,3,High
2018,6,Friday,16,KPK,Charsadda,National Highway,Good,Clear,Daylight,Car/Taxi,2,Mechanical Failure,0,0,0,0,2,0,Low
2018,6,Tuesday,21,Punjab,Sialkot,Urban Road,Good,Clear,No Light,Van/Pickup,2,Drunk Driving,0,0,0,0,3,1,Medium
2020,3,Sunday,9,Punjab,Rawalpindi,Provincial Highway,Poor,Clear,Daylight,Motorcycle,4,Drunk Driving,1,1,0,0,2,0,High
2018,4,Tuesday,10,Sindh,Larkana,National Highway,Poor,Clear,Dawn/Dusk,Car/Taxi,1,Over Speeding,0,0,0,0,3,1,Medium
2021,5,Saturday,9,Punjab,Faisalabad,Urban Road,Under Repair,Foggy,Daylight,Rickshaw,1,Mobile Phone Use,1,1,0,0,0,0,Low
2023,11,Tuesday,11,Punjab,Multan,National Highway,Poor,Rainy,Daylight,Van/Pickup,2,Drunk Driving,0,0,0,1,3,2,Medium
2022,6,Tuesday,13,KPK,Bannu,National Highway,Average,Clear,Daylight,Truck/Lorry,2,Road Condition,1,0,0,0,2,0,Low
2022,3,Saturday,22,KPK,Swat,National Highway,Good,Clear,Street Light,Rickshaw,1,Signal Violation,0,1,1,0,8,1,High
2021,1,Monday,13,Balochistan,Chaman,Urban Road,Average,Clear,Daylight,Van/Pickup,1,Signal Violation,1,0,0,1,2,0,Low
2021,10,Tuesday,10,Balochistan,Khuzdar,Rural Road,Good,Clear,Daylight,Motorcycle,3,Pedestrian Error,0,0,0,0,5,0,Medium
2022,1,Friday,7,KPK,Kohat,National Highway,Average,Foggy,Daylight,Bus/Coach,1,Over Speeding,1,0,0,1,9,1,High
2022,4,Saturday,8,Punjab,Faisalabad,Provincial Highway,Under Repair,Clear,Daylight,Rickshaw,2,Driver Fatigue,1,1,0,0,1,0,Medium
2020,6,Friday,7,KPK,Bannu,National Highway,Good,Clear,Daylight,Bus/Coach,2,Wrong Overtaking,1,0,0,0,1,0,Medium
2023,5,Wednesday,4,Balochistan,Sibi,Urban Road,Good,Clear,No Light,Motorcycle,2,Over Speeding,0,0,1,0,1,1,Medium
2023,9,Saturday,11,KPK,Dera Ismail Khan,Provincial Highway,Average,Clear,Dawn/Dusk,Truck/Lorry,4,Over Speeding,0,1,0,0,4,0,Medium
2020,10,Friday,16,Sindh,Jacobabad,Urban Road,Good,Clear,Daylight,Truck/Lorry,3,Over Speeding,0,0,0,0,4,0,Medium
2020,12,Sunday,1,Punjab,Faisalabad,Rural Road,Average,Clear,Street Light,Motorcycle,4,Road Condition,0,1,1,1,3,0,Medium
2020,7,Sunday,12,Balochistan,Gwadar,Urban Road,Poor,Clear,Daylight,Motorcycle,2,Over Speeding,1,1,0,0,2,1,Medium
2020,8,Sunday,15,KPK,Mansehra,Provincial Highway,Good,Dusty/Smoggy,Daylight,Motorcycle,4,Drunk Driving,0,1,0,0,10,3,High
2018,12,Friday,11,AJK,Muzaffarabad,National Highway,Average,Rainy,Daylight,Car/Taxi,2,Over Speeding,0,0,0,1,7,1,High
2021,2,Friday,9,Punjab,Sialkot,Provincial Highway,Poor,Foggy,Dawn/Dusk,Truck/Lorry,2,Road Condition,1,0,0,1,3,0,Medium
2021,5,Sunday,19,Punjab,Multan,Urban Road,Good,Clear,Daylight,Motorcycle,2,Road Condition,1,1,0,0,5,0,Medium
2020,12,Monday,9,Punjab,Lahore,Urban Road,Good,Clear,Daylight,Motorcycle,2,Wrong Overtaking,1,0,0,1,2,0,Low
2022,1,Tuesday,14,KPK,Nowshera,National Highway,Average,Foggy,Daylight,Car/Taxi,4,Over Speeding,0,0,0,1,3,0,Medium
2023,5,Tuesday,19,Punjab,Sargodha,Urban Road,Under Repair,Foggy,No Light,Other,1,Wrong Overtaking,1,0,0,0,1,0,Low
2021,12,Tuesday,9,Punjab,Sialkot,National Highway,Poor,Rainy,Street Light,Motorcycle,3,Over Speeding,1,0,0,1,10,1,High
2023,11,Friday,4,Gilgit-Baltistan,Hunza,Urban Road,Under Repair,Rainy,Street Light,Bus/Coach,2,Mobile Phone Use,0,0,1,1,1,1,Low
2020,12,Tuesday,18,Punjab,Gujranwala,National Highway,Good,Dusty/Smoggy,Daylight,Motorcycle,3,Driver Fatigue,1,0,0,1,7,1,High
2021,7,Wednesday,9,KPK,Nowshera,Urban Road,Poor,Foggy,Street Light,Bus/Coach,4,Wrong Overtaking,1,0,0,0,5,0,Medium
2020,7,Friday,18,Punjab,Sialkot,National Highway,Good,Clear,Daylight,Car/Taxi,3,Drunk Driving,1,0,0,0,4,1,Medium
2020,2,Wednesday,17,Balochistan,Loralai,Motorway,Poor,Rainy,Daylight,Motorcycle,2,Wrong Overtaking,1,0,0,1,7,2,High
2021,11,Thursday,8,Sindh,Mirpur Khas,Urban Road,Good,Clear,Dawn/Dusk,Car/Taxi,2,Signal Violation,1,0,0,1,2,0,Low
2023,11,Tuesday,9,Balochistan,Quetta,National Highway,Average,Clear,Street Light,Car/Taxi,2,Over Speeding,1,0,0,1,5,1,High
2019,1,Wednesday,13,Islamabad,Islamabad,Rural Road,Average,Clear,Dawn/Dusk,Bus/Coach,3,Weather Condition,1,0,0,1,1,0,Low
2022,7,Tuesday,22,Punjab,Rahim Yar Khan,Motorway,Good,Dusty/Smoggy,Street Light,Bus/Coach,2,Driver Fatigue,0,0,1,0,3,0,High
2023,10,Wednesday,19,Punjab,Gujranwala,Provincial Highway,Good,Clear,Dawn/Dusk,Motorcycle,3,Wrong Overtaking,1,0,0,0,2,1,Medium
2022,3,Saturday,5,Punjab,Faisalabad,Provincial Highway,Good,Extreme Heat,Street Light,Bus/Coach,2,Over Speeding,0,1,1,0,7,1,High
2022,12,Thursday,15,KPK,Dera Ismail Khan,National Highway,Average,Clear,Street Light,Motorcycle,2,Mechanical Failure,0,0,0,1,5,1,Medium
2021,4,Wednesday,16,Balochistan,Dera Bugti,Urban Road,Average,Clear,Street Light,Motorcycle,3,Mobile Phone Use,0,0,0,0,2,0,Medium
2023,11,Friday,11,Sindh,Hyderabad,National Highway,Average,Clear,Daylight,Motorcycle,1,Road Condition,0,0,0,1,11,0,High
2018,5,Sunday,14,Sindh,Larkana,Rural Road,Poor,Clear,No Light,Motorcycle,2,Over Speeding,0,1,0,0,7,0,High
2020,9,Thursday,14,Punjab,Sialkot,National Highway,Good,Foggy,Street Light,Motorcycle,3,Drunk Driving,0,0,0,0,6,1,High
2020,5,Friday,8,KPK,Kohat,National Highway,Average,Foggy,Daylight,Van/Pickup,2,Over Speeding,1,0,0,0,5,0,Medium
2018,8,Saturday,9,Islamabad,Islamabad,Motorway,Average,Clear,Daylight,Car/Taxi,1,Wrong Overtaking,1,1,0,0,1,2,Medium
2019,12,Sunday,22,Punjab,Sargodha,Provincial Highway,Average,Foggy,Street Light,Motorcycle,1,Road Condition,0,1,1,1,2,1,Medium
2022,12,Monday,5,Sindh,Kashmore,Urban Road,Poor,Rainy,Street Light,Bus/Coach,1,Over Speeding,0,0,1,1,2,1,High
2023,11,Wednesday,6,Punjab,Bahawalpur,National Highway,Average,Clear,Daylight,Car/Taxi,3,Over Speeding,0,0,0,1,2,0,Medium
2021,9,Saturday,0,Sindh,Kashmore,National Highway,Poor,Clear,Street Light,Motorcycle,2,Wrong Overtaking,0,1,1,0,11,1,High
2021,7,Sunday,3,Sindh,Karachi,Provincial Highway,Poor,Clear,No Light,Car/Taxi,1,Pedestrian Error,0,1,1,0,4,0,Medium
2021,7,Monday,7,Punjab,Bahawalpur,Rural Road,Average,Clear,Dawn/Dusk,Rickshaw,1,Driver Fatigue,1,0,0,0,1,0,Medium
2021,1,Wednesday,14,Sindh,Sukkur,Urban Road,Poor,Extreme Heat,Daylight,Motorcycle,1,Over Speeding,0,0,0,1,2,0,Medium
2023,6,Saturday,16,Punjab,Rahim Yar Khan,Provincial Highway,Good,Rainy,Street Light,Bicycle,1,Over Speeding,0,1,0,0,6,1,High
2022,6,Sunday,23,Sindh,Kashmore,Provincial Highway,Good,Rainy,No Light,Rickshaw,1,Road Condition,0,1,1,0,3,0,Medium
2021,4,Monday,19,Sindh,Hyderabad,National Highway,Poor,Clear,Dawn/Dusk,Motorcycle,2,Over Speeding,1,0,0,0,8,2,High
2019,11,Thursday,16,Punjab,Faisalabad,Urban Road,Good,Clear,Dawn/Dusk,Car/Taxi,2,Wrong Overtaking,0,0,0,1,0,0,Low
2018,11,Monday,8,KPK,Kohat,National Highway,Poor,Clear,Daylight,Car/Taxi,1,Wrong Overtaking,1,0,0,1,4,0,Medium
2019,3,Monday,7,KPK,Mardan,Rural Road,Good,Dusty/Smoggy,Street Light,Car/Taxi,1,Driver Fatigue,1,0,0,0,1,0,Low
2019,10,Sunday,18,Punjab,Multan,Urban Road,Under Repair,Clear,Daylight,Motorcycle,2,Over Speeding,1,1,0,0,7,4,High
2020,8,Thursday,19,Punjab,Rawalpindi,Provincial Highway,Average,Clear,No Light,Motorcycle,1,Pedestrian Error,1,0,0,0,0,0,Low
2023,12,Tuesday,21,KPK,Charsadda,Rural Road,Under Repair,Clear,No Light,Truck/Lorry,2,Over Speeding,0,0,0,1,2,0,Medium
2023,6,Tuesday,23,Islamabad,Islamabad,Provincial Highway,Good,Clear,No Light,Motorcycle,2,Over Speeding,0,0,1,0,5,1,High
2022,6,Monday,9,Punjab,Sheikhupura,Provincial Highway,Good,Dusty/Smoggy,Street Light,Bicycle,2,Signal Violation,1,0,0,0,1,1,Medium
2022,11,Thursday,14,Punjab,Sialkot,Provincial Highway,Average,Clear,Daylight,Motorcycle,3,Mechanical Failure,0,0,0,1,1,2,Medium
2023,8,Sunday,17,Punjab,Multan,Provincial Highway,Good,Foggy,Daylight,Motorcycle,1,Signal Violation,1,1,0,0,2,0,Medium
2021,1,Thursday,18,Sindh,Hyderabad,Rural Road,Good,Clear,Daylight,Motorcycle,3,Pedestrian Error,1,0,0,1,0,0,Low
2019,7,Monday,23,Punjab,Bahawalpur,National Highway,Under Repair,Rainy,No Light,Rickshaw,4,Mechanical Failure,0,0,1,0,5,1,Medium
2022,3,Saturday,21,Punjab,Rawalpindi,Urban Road,Average,Foggy,Street Light,Rickshaw,1,Mechanical Failure,0,1,0,0,2,0,Low
2020,11,Saturday,13,KPK,Mardan,National Highway,Under Repair,Foggy,Daylight,Motorcycle,3,Over Speeding,1,1,0,1,4,2,High
2018,9,Wednesday,2,Sindh,Larkana,Motorway,Average,Extreme Heat,No Light,Car/Taxi,1,Mechanical Failure,0,0,1,0,2,0,Medium
2023,11,Wednesday,2,Punjab,Faisalabad,National Highway,Good,Clear,Street Light,Van/Pickup,1,Over Speeding,0,0,1,1,5,0,Medium
2019,10,Monday,17,Sindh,Sukkur,Rural Road,Under Repair,Clear,Daylight,Motorcycle,2,Over Speeding,1,0,0,0,3,0,Medium
2021,10,Wednesday,21,Sindh,Dadu,National Highway,Average,Clear,No Light,Motorcycle,1,Signal Violation,0,0,0,0,4,1,High
2019,5,Sunday,7,Punjab,Sargodha,Provincial Highway,Good,Foggy,No Light,Motorcycle,2,Drunk Driving,1,1,0,0,2,1,High
2019,7,Sunday,21,Punjab,Lahore,National Highway,Average,Clear,No Light,Bicycle,2,Drunk Driving,0,1,0,0,3,1,High
2022,2,Saturday,18,Balochistan,Dera Bugti,Urban Road,Average,Clear,Daylight,Motorcycle,2,Mechanical Failure,1,1,0,1,2,0,Low
2022,6,Friday,8,Punjab,Gujranwala,Urban Road,Average,Rainy,Daylight,Motorcycle,4,Driver Fatigue,1,0,0,0,11,2,High
2021,11,Saturday,22,KPK,Kohat,National Highway,Average,Foggy,Street Light,Car/Taxi,1,Mechanical Failure,0,1,1,1,5,0,Medium
2018,12,Tuesday,9,Islamabad,Islamabad,Rural Road,Average,Clear,Daylight,Motorcycle,2,Over Speeding,1,0,0,1,1,1,Medium
2021,8,Monday,14,Punjab,Sheikhupura,Rural Road,Good,Foggy,Daylight,Motorcycle,2,Mechanical Failure,0,0,0,0,4,0,Medium
2023,6,Wednesday,23,Punjab,Lahore,National Highway,Good,Clear,No Light,Motorcycle,1,Over Speeding,0,0,1,0,2,2,High
2021,7,Sunday,17,Sindh,Karachi,National Highway,Good,Rainy,Daylight,Car/Taxi,1,Driver Fatigue,1,1,0,0,10,2,High
2020,1,Thursday,15,Balochistan,Dera Bugti,National Highway,Average,Rainy,No Light,Motorcycle,2,Drunk Driving,0,0,0,1,9,0,High
2020,11,Friday,12,Islamabad,Islamabad,National Highway,Average,Clear,Daylight,Motorcycle,2,Over Speeding,1,0,0,1,6,2,High
2023,11,Sunday,19,KPK,Nowshera,Rural Road,Good,Clear,Dawn/Dusk,Motorcycle,3,Driver Fatigue,1,1,0,1,4,1,Medium
2020,8,Wednesday,18,Punjab,Sargodha,National Highway,Poor,Rainy,Daylight,Rickshaw,1,Road Condition,1,0,0,0,2,0,Low