year,month,day_of_week,hour_of_day,province,district,road_type,road_condition,weather_condition,lighting_condition,vehicle_type,vehicles_involved,accident_cause,is_rush_hour,is_weekend,is_night,is_foggy_month,num_injured,num_killed,severity
2019,11,Tuesday,19,KPK,Charsadda,Motorway,Average,Dusty/Smoggy,Street Light,Bicycle,2,Over Speeding,1,0,0,1,4,2,High
2022,5,Thursday,20,Punjab,Multan,Provincial Highway,Average,Clear,Street Light,Motorcycle,3,Over Speeding,1,0,0,0,10,1,High
2023,8,Saturday,13,Sindh,Jacobabad,Rural Road,Average,Rainy,Daylight,Rickshaw,3,Drunk Driving,1,1,0,0,5,0,Medium
2022,1,Wednesday,8,Punjab,Sialkot,Urban Road,Poor,Clear,Daylight,Rickshaw,1,Over Speeding,1,0,0,1,0,0,Low
2023,6,Tuesday,6,Punjab,Lahore,National Highway,Good,Clear,Daylight,Rickshaw,1,Over Speeding,0,0,0,0,3,1,Medium
2021,5,Saturday,6,KPK,Mardan,Rural Road,Good,Foggy,No Light,Car/Taxi,2,Drunk Driving,0,1,0,0,2,0,Medium
2023,1,Thursday,7,Sindh,Thatta,National Highway,Average,Clear,Street Light,Motorcycle,2,Mechanical Failure,1,0,0,1,5,2,Medium
2022,4,Sunday,22,Punjab,Sialkot,National Highway,Good,Foggy,No Light,Motorcycle,2,Over Speeding,0,1,1,0,4,2,High
2018,1,Tuesday,18,Punjab,Sargodha,Provincial Highway,Poor,Clear,Daylight,Motorcycle,3,Mechanical Failure,1,0,0,1,3,1,Medium
2019,11,Thursday,17,Balochistan,Chaman,Provincial Highway,Poor,Clear,Daylight,Car/Taxi,3,Drunk Driving,1,0,0,1,5,0,Medium
2019,5,Thursday,19,KPK,Kohat,Urban Road,Good,Foggy,Dawn/Dusk,Bus/Coach,4,Wrong Overtaking,1,0,0,0,1,0,Low
2019,12,Monday,5,Punjab,Gujranwala,National Highway,Average,Clear,Dawn/Dusk,Motorcycle,2,Signal Violation,0,0,1,1,3,0,High
2021,2,Friday,17,Punjab,Faisalabad,Urban Road,Average,Clear,Daylight,Motorcycle,3,Signal Violation,1,0,0,1,2,2,Medium
2022,7,Friday,18,Punjab,Multan,Provincial Highway,Under Repair,Extreme Heat,Daylight,Motorcycle,3,Road Condition,1,0,0,0,2,0,Medium
2018,2,Saturday,15,Islamabad,Islamabad,Provincial Highway,Good,Clear,Street Light,Car/Taxi,2,Road Condition,0,1,0,1,0,0,Low
2021,9,Sunday,8,Sindh,Hyderabad,Provincial Highway,Average,Extreme Heat,Daylight,Motorcycle,2,Signal Violation,1,1,0,0,5,0,Medium
2019,6,Wednesday,4,Sindh,Jacobabad,National Highway,Good,Dusty/Smoggy,No Light,Other,1,Mechanical Failure,0,0,1,0,0,1,Low
2022,4,Sunday,18,Sindh,Dadu,Provincial Highway,Good,Clear,Daylight,Motorcycle,2,Over Speeding,1,1,0,0,9,0,High
2018,12,Sunday,15,Punjab,Faisalabad,Provincial Highway,Average,Clear,Daylight,Motorcycle,2,Over Speeding,0,1,0,1,3,0,High
2020,5,Friday,18,KPK,Swat,Urban Road,Good,Clear,Daylight,Rickshaw,3,Wrong Overtaking,1,0,0,0,1,0,Low
2023,5,Saturday,7,Sindh,Thatta,National Highway,Good,Clear,Daylight,Car/Taxi,2,Wrong Overtaking,1,1,0,0,3,1,Medium
2022,10,Monday,16,Punjab,Sheikhupura,Urban Road,Good,Clear,Daylight,Car/Taxi,2,Road Condition,0,0,0,0,2,0,Low
2019,4,Friday,15,Punjab,Multan,Provincial Highway,Good,Clear,Daylight,Other,1,Over Speeding,0,0,0,0,1,0,Low
2019,12,Friday,8,Sindh,Thatta,Provincial Highway,Average,Rainy,Street Light,Motorcycle,1,Wrong Overtaking,1,0,0,1,1,0,Medium
2018,3,Sunday,18,Islamabad,Islamabad,Urban Road,Poor,Extreme Heat,Daylight,Motorcycle,1,Drunk Driving,1,1,0,0,4,1,Medium
2022,1,Wednesday,4,Punjab,Sargodha,Motorway,Average,Foggy,No Light,Motorcycle,1,Over Speeding,0,0,1,1,3,2,High
2020,6,Thursday,14,Balochistan,Hub,Provincial Highway,Average,Clear,Daylight,Bus/Coach,4,Over Speeding,0,0,0,0,5,0,Medium
2023,6,Monday,9,KPK,Swat,National Highway,Good,Clear,Daylight,Car/Taxi,2,Road Condition,1,0,0,0,4,0,Medium
2018,10,Sunday,8,Punjab,Sialkot,Urban Road,Good,Clear,Dawn/Dusk,Car/Taxi,1,Over Speeding,1,1,0,0,1,0,Medium
2021,11,Wednesday,19,Punjab,Sialkot,Motorway,Poor,Clear,Street Light,Motorcycle,2,Over Speeding,1,0,0,1,8,3,High
2019,3,Tuesday,12,Punjab,Faisalabad,National Highway,Good,Extreme Heat,Daylight,Bus/Coach,2,Over Speeding,1,0,0,0,5,1,Medium
2018,9,Monday,12,KPK,Abbottabad,National Highway,Average,Clear,Daylight,Motorcycle,2,Over Speeding,1,0,0,0,2,1,High
2022,8,Sunday,14,Punjab,Sialkot,Provincial Highway,Average,Clear,Daylight,Motorcycle,2,Over Speeding,0,1,0,0,10,1,High
2019,12,Friday,12,Punjab,Multan,National Highway,Average,Dusty/Smoggy,Daylight,Car/Taxi,2,Signal Violation,1,0,0,1,2,1,Medium
2022,12,Thursday,22,Sindh,Sukkur,Provincial Highway,Good,Clear,Street Light,Motorcycle,2,Driver Fatigue,0,0,1,1,9,2,High
2022,7,Monday,5,KPK,Swat,National Highway,Good,Rainy,Dawn/Dusk,Motorcycle,2,Driver Fatigue,0,0,1,0,11,1,High
2020,5,Saturday,19,Punjab,Sialkot,Urban Road,Good,Rainy,Dawn/Dusk,Bus/Coach,2,Over Speeding,1,1,0,0,3,0,Medium
2022,2,Sunday,5,Punjab,Rawalpindi,National Highway,Average,Dusty/Smoggy,Dawn/Dusk,Bicycle,2,Wrong Overtaking,0,1,1,1,9,2,High
2022,8,Tuesday,17,Sindh,Karachi,National Highway,Poor,Rainy,Dawn/Dusk,Rickshaw,2,Pedestrian Error,1,0,0,0,2,0,Low
2019,12,Saturday,18,Sindh,Nawabshah,Rural Road,Good,Clear,Daylight,Motorcycle,3,Signal Violation,1,1,0,1,4,1,Medium
2020,7,Sunday,21,KPK,Mardan,Urban Road,Under Repair,Rainy,No Light,Car/Taxi,2,Wrong Overtaking,0,1,0,0,2,0,Low
2020,6,Wednesday,7,Punjab,Sheikhupura,Rural Road,Good,Clear,Daylight,Rickshaw,1,Pedestrian Error,1,0,0,0,0,0,Low
2022,12,Saturday,21,KPK,Mansehra,Provincial Highway,Poor,Extreme Heat,No Light,Car/Taxi,1,Drunk Driving,0,1,0,1,1,1,Medium
2020,7,Monday,13,KPK,Peshawar,National Highway,Good,Dusty/Smoggy,Daylight,Truck/Lorry,4,Mobile Phone Use,1,0,0,0,2,0,Low
2021,4,Friday,20,Sindh,Larkana,Provincial Highway,Good,Dusty/Smoggy,Street Light,Motorcycle,3,Pedestrian Error,1,0,0,0,1,0,Medium
2020,7,Tuesday,19,KPK,Kohat,National Highway,Good,Clear,Daylight,Van/Pickup,2,Wrong Overtaking,1,0,0,0,5,0,Medium
2019,12,Sunday,17,Punjab,Bahawalpur,National Highway,Good,Extreme Heat,Daylight,Truck/Lorry,2,Over Speeding,1,1,0,1,2,0,High
2022,6,Sunday,21,Punjab,Rawalpindi,Rural Road,Good,Clear,Street Light,Van/Pickup,2,Mechanical Failure,0,1,0,0,0,0,Low
2022,3,Friday,13,KPK,Bannu,Rural Road,Average,Foggy,Daylight,Motorcycle,4,Driver Fatigue,1,0,0,0,4,0,High
2019,1,Tuesday,12,Sindh,Dadu,National Highway,Good,Clear,Daylight,Car/Taxi,2,Drunk Driving,1,0,0,1,3,0,Medium
2021,10,Thursday,14,Sindh,Kashmore,Provincial Highway,Good,Clear,Street Light,Motorcycle,3,Over Speeding,0,0,0,0,3,0,High
2022,6,Friday,17,Punjab,Gujranwala,Motorway,Good,Rainy,No Light,Car/Taxi,2,Drunk Driving,1,0,0,0,2,2,Medium
2019,10,Tuesday,17,Balochistan,Gwadar,Urban Road,Average,Clear,Daylight,Car/Taxi,1,Mechanical Failure,1,0,0,0,2,0,Low
2022,1,Saturday,12,Sindh,Jacobabad,Rural Road,Poor,Rainy,No Light,Motorcycle,2,Wrong Overtaking,1,1,0,1,4,0,Medium
2019,12,Saturday,8,Punjab,Sheikhupura,Provincial Highway,Good,Foggy,Daylight,Car/Taxi,1,Pedestrian Error,1,1,0,1,2,0,Low
2023,4,Wednesday,8,Sindh,Nawabshah,Provincial Highway,Good,Foggy,Street Light,Truck/Lorry,2,Mechanical Failure,1,0,0,0,1,0,Low
2020,1,Friday,22,KPK,Nowshera,Urban Road,Good,Foggy,No Light,Truck/Lorry,2,Wrong Overtaking,0,0,1,1,1,0,Medium
2023,8,Thursday,19,KPK,Peshawar,Provincial Highway,Average,Rainy,Dawn/Dusk,Car/Taxi,2,Pedestrian Error,1,0,0,0,2,0,Low
2019,8,Monday,13,Sindh,Larkana,Urban Road,Under Repair,Foggy,Dawn/Dusk,Car/Taxi,2,Signal Violation,1,0,0,0,2,0,Medium
2019,6,Friday,19,Balochistan,Turbat,Provincial Highway,Poor,Clear,Dawn/Dusk,Car/Taxi,2,Wrong Overtaking,1,0,0,0,5,1,Medium
2021,9,Friday,2,Punjab,Lahore,Urban Road,Average,Dusty/Smoggy,Street Light,Car/Taxi,3,Wrong Overtaking,0,0,1,0,0,0,Low
2023,9,Thursday,18,Punjab,Sargodha,National Highway,Average,Extreme Heat,Daylight,Car/Taxi,2,Wrong Overtaking,1,0,0,0,1,2,Medium
2021,3,Saturday,18,Balochistan,Dera Bugti,Urban Road,Average,Clear,Daylight,Motorcycle,1,Wrong Overtaking,1,1,0,0,2,0,Low
2019,4,Tuesday,14,Balochistan,Gwadar,Urban Road,Average,Extreme Heat,Street Light,Motorcycle,2,Wrong Overtaking,0,0,0,0,5,1,Medium
2018,11,Sunday,9,KPK,Mardan,Rural Road,Poor,Foggy,Street Light,Motorcycle,3,Over Speeding,1,1,0,1,7,2,High
2018,6,Saturday,0,Balochistan,Hub,Provincial Highway,Average,Clear,Street Light,Motorcycle,3,Over Speeding,0,1,1,0,11,2,High
2019,4,Friday,16,Punjab,Sargodha,Rural Road,Average,Clear,Daylight,Car/Taxi,3,Mechanical Failure,0,0,0,0,1,0,Low
2023,2,Saturday,11,Balochistan,Turbat,National Highway,Good,Foggy,Daylight,Motorcycle,2,Over Speeding,0,1,0,1,11,2,High
2020,5,Monday,12,Punjab,Sargodha,National Highway,Poor,Clear,Daylight,Car/Taxi,3,Over Speeding,1,0,0,0,3,0,Medium
2021,9,Friday,6,Punjab,Rawalpindi,National Highway,Poor,Clear,Daylight,Car/Taxi,1,Wrong Overtaking,0,0,0,0,5,0,Medium
2019,12,Saturday,11,Punjab,Bahawalpur,National Highway,Average,Dusty/Smoggy,Daylight,Car/Taxi,3,Mechanical Failure,0,1,0,1,2,1,Medium
2023,2,Tuesday,22,Punjab,Sargodha,Provincial Highway,Average,Clear,No Light,Car/Taxi,1,Wrong Overtaking,0,0,1,1,2,0,Medium
2019,6,Wednesday,8,Punjab,Lahore,Urban Road,Average,Foggy,Daylight,Rickshaw,2,Driver Fatigue,1,0,0,0,1,1,Medium
2023,7,Tuesday,18,Punjab,Sheikhupura,National Highway,Poor,Clear,Street Light,Motorcycle,2,Over Speeding,1,0,0,0,5,1,High
2023,7,Saturday,20,Punjab,Sialkot,National Highway,Average,Clear,Street Light,Motorcycle,3,Over Speeding,1,1,0,0,4,1,High
2018,6,Tuesday,10,Punjab,Multan,Urban Road,Under Repair,Clear,Daylight,Rickshaw,2,Wrong Overtaking,0,0,0,0,2,0,Low
2021,1,Thursday,17,Sindh,Nawabshah,Urban Road,Good,Foggy,Daylight,Motorcycle,3,Pedestrian Error,1,0,0,1,5,1,Medium
2018,8,Friday,19,Sindh,Hyderabad,Urban Road,Poor,Rainy,Dawn/Dusk,Bicycle,3,Wrong Overtaking,1,0,0,0,1,0,Medium
2023,12,Monday,21,Punjab,Faisalabad,Urban Road,Good,Clear,No Light,Motorcycle,2,Signal Violation,0,0,0,1,3,1,Medium
2021,12,Wednesday,21,KPK,Charsadda,Urban Road,Average,Foggy,Street Light,Car/Taxi,2,Road Condition,0,0,0,1,0,0,Low
2022,10,Friday,13,Balochistan,Dera Bugti,National Highway,Good,Rainy,Daylight,Car/Taxi,2,Signal Violation,1,0,0,0,3,0,Medium
2020,11,Sunday,19,KPK,Kohat,Provincial Highway,Good,Clear,Street Light,Car/Taxi,2,Weather Condition,1,1,0,1,0,0,Low
2023,6,Wednesday,21,Punjab,Sargodha,Urban Road,Average,Clear,Street Light,Car/Taxi,2,Mobile Phone Use,0,0,0,0,1,1,Low
2021,1,Saturday,19,KPK,Peshawar,Urban Road,Good,Clear,Street Light,Truck/Lorry,2,Signal Violation,1,1,0,1,2,0,Low
2021,2,Wednesday,7,Punjab,Sialkot,Provincial Highway,Average,Rainy,Dawn/Dusk,Car/Taxi,2,Signal Violation,1,0,0,1,5,1,Medium
2018,2,Thursday,21,Punjab,Rahim Yar Khan,Provincial Highway,Good,Rainy,Street Light,Motorcycle,2,Over Speeding,0,0,0,1,3,2,High
2018,4,Wednesday,16,Punjab,Sargodha,National Highway,Average,Clear,Daylight,Car/Taxi,2,Pedestrian Error,0,0,0,0,1,0,Low
2022,10,Sunday,12,KPK,Dera Ismail Khan,Provincial Highway,Good,Clear,Daylight,Motorcycle,2,Over Speeding,1,1,0,0,6,2,High
2021,6,Sunday,9,Punjab,Sargodha,Urban Road,Average,Foggy,Daylight,Truck/Lorry,2,Over Speeding,1,1,0,0,11,0,High
2023,2,Thursday,11,Punjab,Rahim Yar Khan,Provincial Highway,Good,Dusty/Smoggy,Daylight,Bus/Coach,2,Wrong Overtaking,0,0,0,1,1,0,Low
2022,11,Friday,16,Punjab,Rawalpindi,Urban Road,Average,Clear,Daylight,Car/Taxi,2,Over Speeding,0,0,0,1,4,0,Medium
2022,3,Saturday,4,Balochistan,Sibi,Rural Road,Poor,Foggy,No Light,Bicycle,2,Over Speeding,0,1,1,0,2,0,High
2021,9,Sunday,6,Sindh,Dadu,National Highway,Average,Clear,Dawn/Dusk,Rickshaw,1,Driver Fatigue,0,1,0,0,3,2,High
2023,11,Saturday,15,Punjab,Gujranwala,Urban Road,Poor,Clear,Daylight,Motorcycle,4,Driver Fatigue,0,1,0,1,4,0,Medium
2020,8,Friday,20,Sindh,Dadu,Urban Road,Good,Clear,No Light,Motorcycle,2,Signal Violation,1,0,0,0,4,0,Medium
2020,6,Wednesday,9,Sindh,Jacobabad,Provincial Highway,Average,Clear,Dawn/Dusk,Rickshaw,2,Driver Fatigue,1,0,0,0,5,0,Medium
2021,9,Friday,14,Sindh,Jacobabad,National Highway,Average,Extreme Heat,Daylight,Motorcycle,4,Mechanical Failure,0,0,0,0,5,0,Medium
2021,2,Friday,21,Punjab,Sheikhupura,Provincial Highway,Good,Clear,No Light,Bicycle,3,Over Speeding,0,0,0,1,11,4,High
2020,5,Sunday,19,Balochistan,Turbat,Provincial Highway,Poor,Clear,Dawn/Dusk,Car/Taxi,2,Over Speeding,1,1,0,0,1,1,Medium
2023,10,Thursday,4,Punjab,Rahim Yar Khan,Urban Road,Average,Clear,No Light,Motorcycle,1,Road Condition,0,0,1,0,2,0,Medium
2019,12,Tuesday,8,KPK,Kohat,Provincial Highway,Good,Clear,Dawn/Dusk,Motorcycle,1,Mechanical Failure,1,0,0,1,1,0,Low
2020,10,Friday,8,Punjab,Bahawalpur,Provincial Highway,Good,Clear,Daylight,Rickshaw,2,Over Speeding,1,0,0,0,3,0,Medium
2019,8,Saturday,17,Punjab,Bahawalpur,Urban Road,Poor,Rainy,Street Light,Motorcycle,2,Over Speeding,1,1,0,0,10,0,High
2023,1,Thursday,17,Punjab,Rawalpindi,National Highway,Poor,Clear,Daylight,Car/Taxi,2,Mobile Phone Use,1,0,0,1,1,0,Low
2019,2,Wednesday,21,Sindh,Mirpur Khas,Urban Road,Average,Clear,No Light,Van/Pickup,2,Drunk Driving,0,0,0,1,1,0,Medium
2020,1,Saturday,12,Punjab,Multan,Motorway,Poor,Foggy,Daylight,Bus/Coach,3,Over Speeding,1,1,0,1,7,2,High
2019,11,Tuesday,22,KPK,Swat,National Highway,Good,Clear,No Light,Rickshaw,1,Wrong Overtaking,0,0,1,1,4,0,Medium
2019,4,Tuesday,13,Punjab,Faisalabad,National Highway,Average,Dusty/Smoggy,Daylight,Motorcycle,2,Pedestrian Error,1,0,0,0,8,0,High
2018,6,Thursday,22,KPK,Mansehra,Rural Road,Good,Clear,No Light,Car/Taxi,4,Mechanical Failure,0,0,1,0,2,0,Low
2020,1,Thursday,6,KPK,Peshawar,Provincial Highway,Average,Clear,Daylight,Bicycle,1,Wrong Overtaking,0,0,0,1,5,1,Medium
2018,4,Thursday,7,Sindh,Thatta,Urban Road,Good,Dusty/Smoggy,Daylight,Car/Taxi,1,Over Speeding,1,0,0,0,0,0,Low
2021,1,Tuesday,19,KPK,Dera Ismail Khan,Provincial Highway,Good,Foggy,Dawn/Dusk,Motorcycle,1,Wrong Overtaking,1,0,0,1,8,0,High
2018,6,Monday,9,KPK,Bannu,Rural Road,Good,Rainy,Daylight,Car/Taxi,2,Mechanical Failure,1,0,0,0,0,0,Low
2018,5,Wednesday,12,Punjab,Gujranwala,Provincial Highway,Poor,Foggy,Street Light,Motorcycle,3,Road Condition,1,0,0,0,3,0,Medium
2019,7,Thursday,17,KPK,Mansehra,Provincial Highway,Average,Clear,Street Light,Motorcycle,3,Pedestrian Error,1,0,0,0,4,2,Medium
2022,5,Tuesday,20,Punjab,Lahore,Rural Road,Good,Clear,No Light,Truck/Lorry,2,Signal Violation,1,0,0,0,0,0,Low
2019,6,Tuesday,13,Sindh,Nawabshah,National Highway,Poor,Dusty/Smoggy,Street Light,Car/Taxi,2,Signal Violation,1,0,0,0,2,0,Low
2023,1,Friday,21,KPK,Peshawar,Urban Road,Poor,Clear,Street Light,Motorcycle,2,Over Speeding,0,0,0,1,1,0,Medium
2022,5,Saturday,11,Punjab,Gujranwala,Provincial Highway,Average,Clear,Daylight,Motorcycle,2,Wrong Overtaking,0,1,0,0,1,0,Medium
2019,9,Tuesday,17,Punjab,Sheikhupura,Provincial Highway,Good,Clear,Daylight,Motorcycle,3,Road Condition,1,0,0,0,2,0,Low
2023,4,Monday,18,Sindh,Mirpur Khas,Urban Road,Good,Rainy,Daylight,Rickshaw,1,Over Speeding,1,0,0,0,2,0,Medium
2020,6,Friday,20,KPK,Abbottabad,Urban Road,Poor,Extreme Heat,Street Light,Car/Taxi,3,Wrong Overtaking,1,0,0,0,2,1,Low
2021,6,Wednesday,23,Islamabad,Islamabad,Provincial Highway,Good,Clear,Street Light,Motorcycle,2,Signal Violation,0,0,1,0,5,2,Medium
2023,12,Wednesday,18,Sindh,Larkana,National Highway,Average,Dusty/Smoggy,Daylight,Car/Taxi,2,Road Condition,1,0,0,1,0,1,Low
2023,5,Sunday,14,KPK,Abbottabad,Urban Road,Poor,Clear,Daylight,Motorcycle,2,Wrong Overtaking,0,1,0,0,2,0,Medium
2022,12,Friday,4,Balochistan,Gwadar,Rural Road,Good,Clear,No Light,Motorcycle,3,Pedestrian Error,0,0,1,1,5,0,Medium
2020,6,Friday,15,Punjab,Rahim Yar Khan,Rural Road,Poor,Clear,Daylight,Car/Taxi,2,Road Condition,0,0,0,0,2,0,Low
2022,10,Wednesday,7,Punjab,Sialkot,National Highway,Good,Clear,Daylight,Car/Taxi,1,Signal Violation,1,0,0,0,2,0,Low
2023,11,Thursday,17,KPK,Abbottabad,Urban Road,Good,Clear,Daylight,Motorcycle,1,Pedestrian Error,1,0,0,1,0,1,Low
2023,8,Saturday,18,KPK,Kohat,National Highway,Good,Rainy,Daylight,Car/Taxi,1,Road Condition,1,1,0,0,0,0,Low
2020,12,Friday,8,Balochistan,Loralai,National Highway,Good,Rainy,Daylight,Car/Taxi,2,Wrong Overtaking,1,0,0,1,4,2,Medium
2023,8,Tuesday,4,Punjab,Lahore,National Highway,Average,Clear,Street Light,Car/Taxi,2,Over Speeding,0,0,1,0,4,0,Medium
2023,1,Tuesday,19,Punjab,Rawalpindi,National Highway,Average,Foggy,No Light,Motorcycle,3,Mobile Phone Use,1,0,0,1,4,1,High
2023,11,Friday,5,Sindh,Nawabshah,Rural Road,Average,Clear,Dawn/Dusk,Motorcycle,2,Wrong Overtaking,0,0,1,1,5,0,Medium
2021,1,Wednesday,11,Punjab,Rahim Yar Khan,Urban Road,Good,Extreme Heat,Street Light,Van/Pickup,1,Road Condition,0,0,0,1,2,0,Low
2020,1,Monday,22,Punjab,Faisalabad,Urban Road,Poor,Foggy,No Light,Truck/Lorry,1,Signal Violation,0,0,1,1,10,1,High
2020,2,Tuesday,16,KPK,Charsadda,Rural Road,Average,Foggy,Daylight,Motorcycle,1,Over Speeding,0,0,0,1,9,0,High
2023,12,Wednesday,17,Punjab,Sargodha,Rural Road,Good,Foggy,Daylight,Rickshaw,2,Signal Violation,1,0,0,1,0,0,Low
2023,4,Tuesday,11,KPK,Mardan,National Highway,Good,Rainy,Daylight,Car/Taxi,1,Wrong Overtaking,0,0,0,0,9,0,High
2021,7,Saturday,8,Sindh,Mirpur Khas,Urban Road,Average,Dusty/Smoggy,Daylight,Rickshaw,2,Driver Fatigue,1,1,0,0,1,0,Medium
2020,1,Thursday,5,Sindh,Larkana,Provincial Highway,Average,Clear,Street Light,Bus/Coach,1,Over Speeding,0,0,1,1,7,4,High
2019,9,Thursday,7,Punjab,Faisalabad,Provincial Highway,Good,Clear,Daylight,Car/Taxi,1,Over Speeding,1,0,0,0,2,1,Medium
2023,3,Friday,21,Punjab,Multan,Urban Road,Average,Rainy,No Light,Van/Pickup,4,Signal Violation,0,0,0,0,4,0,Medium
2022,2,Friday,3,Punjab,Sheikhupura,Provincial Highway,Average,Clear,Street Light,Car/Taxi,4,Mobile Phone Use,0,0,1,1,3,1,Medium
2019,7,Saturday,12,Islamabad,Islamabad,Motorway,Poor,Clear,Daylight,Motorcycle,1,Pedestrian Error,1,1,0,0,6,1,High
2020,11,Saturday,7,KPK,Dera Ismail Khan,Rural Road,Average,Rainy,Daylight,Rickshaw,1,Wrong Overtaking,1,1,0,1,5,0,Medium
2023,12,Sunday,1,Sindh,Hyderabad,National Highway,Good,Clear,No Light,Bus/Coach,2,Over Speeding,0,1,1,1,8,4,High
2021,11,Wednesday,5,Punjab,Rahim Yar Khan,Provincial Highway,Poor,Clear,Dawn/Dusk,Truck/Lorry,2,Wrong Overtaking,0,0,1,1,3,0,Medium
2019,12,Wednesday,10,Islamabad,Islamabad,Urban Road,Good,Dusty/Smoggy,Dawn/Dusk,Van/Pickup,2,Mechanical Failure,0,0,0,1,2,0,Low
2020,12,Wednesday,16,Punjab,Rahim Yar Khan,Provincial Highway,Good,Foggy,Dawn/Dusk,Car/Taxi,3,Wrong Overtaking,0,0,0,1,2,0,Medium
2018,2,Sunday,20,Punjab,Sialkot,National Highway,Good,Dusty/Smoggy,No Light,Motorcycle,2,Road Condition,1,1,0,1,4,1,Medium
2022,9,Friday,5,Sindh,Larkana,Provincial Highway,Good,Clear,Street Light,Car/Taxi,2,Signal Violation,0,0,1,0,1,1,Medium
2020,10,Monday,1,Islamabad,Islamabad,National Highway,Good,Clear,No Light,Car/Taxi,2,Wrong Overtaking,0,0,1,0,3,0,Medium
2022,12,Wednesday,5,Punjab,Bahawalpur,National Highway,Good,Clear,Dawn/Dusk,Bus/Coach,2,Mechanical Failure,0,0,1,1,2,0,Medium
2023,8,Sunday,8,Punjab,Multan,Urban Road,Good,Dusty/Smoggy,Street Light,Motorcycle,4,Over Speeding,1,1,0,0,5,1,Medium
2019,9,Monday,17,Islamabad,Islamabad,Provincial Highway,Poor,Rainy,Daylight,Motorcycle,2,Road Condition,1,0,0,0,8,3,High
2018,9,Saturday,6,Punjab,Sheikhupura,Provincial Highway,Under Repair,Clear,Daylight,Motorcycle,2,Over Speeding,0,1,0,0,11,2,High
2023,1,Tuesday,19,Punjab,Rahim Yar Khan,Urban Road,Poor,Clear,Dawn/Dusk,Motorcycle,2,Mechanical Failure,1,0,0,1,0,0,Low
2022,3,Tuesday,6,Sindh,Sukkur,Provincial Highway,Poor,Foggy,Daylight,Motorcycle,1,Road Condition,0,0,0,0,3,0,Medium
2021,12,Tuesday,8,Balochistan,Loralai,Provincial Highway,Good,Foggy,Daylight,Rickshaw,1,Over Speeding,1,0,0,1,9,3,High
2021,12,Friday,20,Sindh,Mirpur Khas,Urban Road,Under Repair,Foggy,No Light,Car/Taxi,2,Over Speeding,1,0,0,1,4,1,Medium
2020,12,Saturday,19,Gilgit-Baltistan,Skardu,Provincial Highway,Good,Rainy,Street Light,Motorcycle,1,Road Condition,1,1,0,1,4,2,High
2020,8,Friday,11,KPK,Peshawar,Rural Road,Good,Clear,Street Light,Car/Taxi,1,Wrong Overtaking,0,0,0,0,0,0,Low
2019,4,Friday,13,Punjab,Rawalpindi,Urban Road,Average,Clear,Daylight,Motorcycle,1,Road Condition,1,0,0,0,2,0,Low
2021,10,Tuesday,3,Gilgit-Baltistan,Gilgit,Provincial Highway,Average,Foggy,Street Light,Car/Taxi,2,Drunk Driving,0,0,1,0,1,0,Medium
2023,9,Sunday,20,Punjab,Sheikhupura,Rural Road,Good,Foggy,No Light,Motorcycle,1,Over Speeding,1,1,0,0,4,0,High
2019,7,Wednesday,12,Punjab,Gujranwala,Provincial Highway,Average,Rainy,Daylight,Motorcycle,2,Pedestrian Error,1,0,0,0,4,1,Medium
2019,3,Tuesday,12,Sindh,Mirpur Khas,Motorway,Poor,Clear,Dawn/Dusk,Rickshaw,1,Over Speeding,1,0,0,0,11,4,High
2018,1,Sunday,7,Punjab,Multan,Rural Road,Good,Rainy,Daylight,Car/Taxi,2,Wrong Overtaking,1,1,0,1,2,1,Low
2022,12,Tuesday,17,Punjab,Multan,Provincial Highway,Poor,Clear,Dawn/Dusk,Rickshaw,1,Over Speeding,1,0,0,1,4,0,Medium
2020,10,Friday,8,Punjab,Multan,National Highway,Good,Extreme Heat,Daylight,Rickshaw,2,Over Speeding,1,0,0,0,2,0,Medium
2021,2,Saturday,8,Sindh,Hyderabad,National Highway,Good,Dusty/Smoggy,Street Light,Rickshaw,2,Road Condition,1,1,0,1,5,1,Medium
2023,7,Tuesday,14,KPK,Nowshera,Provincial Highway,Good,Clear,No Light,Van/Pickup,2,Signal Violation,0,0,0,0,2,0,Medium
2022,1,Sunday,13,Sindh,Sukkur,Rural Road,Good,Clear,Daylight,Bus/Coach,2,Wrong Overtaking,1,1,0,1,1,0,Low
2021,9,Saturday,12,Gilgit-Baltistan,Gilgit,National Highway,Average,Clear,Daylight,Car/Taxi,4,Over Speeding,1,1,0,0,5,0,High
2020,2,Saturday,14,Punjab,Rahim Yar Khan,Motorway,Average,Clear,Daylight,Motorcycle,2,Signal Violation,0,1,0,1,2,0,Medium
2023,7,Monday,9,Punjab,Rawalpindi,Motorway,Good,Clear,Daylight,Motorcycle,3,Over Speeding,1,0,0,0,4,3,High
2022,9,Wednesday,18,Punjab,Sheikhupura,Provincial Highway,Poor,Rainy,Daylight,Motorcycle,3,Drunk Driving,1,0,0,0,4,1,High
2019,8,Friday,7,Punjab,Sheikhupura,National Highway,Good,Foggy,Daylight,Truck/Lorry,2,Mobile Phone Use,1,0,0,0,5,0,High
2021,3,Friday,9,Punjab,Rahim Yar Khan,Urban Road,Average,Rainy,Daylight,Truck/Lorry,2,Road Condition,1,0,0,0,1,1,Low
2018,12,Monday,17,KPK,Nowshera,Provincial Highway,Good,Clear,Daylight,Car/Taxi,3,Over Speeding,1,0,0,1,3,0,Medium
2023,9,Monday,8,Balochistan,Quetta,Provincial Highway,Good,Clear,Daylight,Truck/Lorry,1,Signal Violation,1,0,0,0,3,1,Medium