year,month,day_of_week,hour_of_day,province,district,road_type,road_condition,weather_condition,lighting_condition,vehicle_type,vehicles_involved,accident_cause,is_rush_hour,is_weekend,is_night,is_foggy_month,num_injured,num_killed,severity
2023,2,Friday,13,AJK,Mirpur,National Highway,Good,Dusty/Smoggy,Dawn/Dusk,Van/Pickup,3,Over Speeding,1,0,0,1,3,0,Medium
2020,5,Wednesday,20,Punjab,Rahim Yar Khan,Motorway,Under Repair,Clear,Street Light,Motorcycle,2,Wrong Overtaking,1,0,0,0,10,1,High
2021,3,Monday,10,Balochistan,Quetta,Rural Road,Good,Clear,Daylight,Motorcycle,1,Over Speeding,0,0,0,0,7,3,High
2023,1,Tuesday,8,Punjab,Faisalabad,National Highway,Good,Clear,Daylight,Car/Taxi,3,Over Speeding,1,0,0,1,5,2,Medium
2020,2,Thursday,6,Punjab,Rawalpindi,National Highway,Average,Dusty/Smoggy,Daylight,Motorcycle,3,Road Condition,0,0,0,1,4,0,Medium
2020,9,Wednesday,16,Balochistan,Zhob,Provincial Highway,Poor,Clear,Daylight,Motorcycle,1,Wrong Overtaking,0,0,0,0,1,0,Medium
2020,6,Sunday,10,Sindh,Jacobabad,National Highway,Poor,Extreme Heat,Street Light,Motorcycle,1,Signal Violation,0,1,0,0,10,0,High
2022,3,Thursday,6,Punjab,Bahawalpur,Provincial Highway,Good,Clear,Daylight,Rickshaw,2,Wrong Overtaking,0,0,0,0,1,0,Low
2023,11,Wednesday,13,Sindh,Dadu,Rural Road,Poor,Clear,Street Light,Motorcycle,2,Wrong Overtaking,1,0,0,1,3,0,Medium
2021,4,Saturday,17,Punjab,Sargodha,Provincial Highway,Poor,Dusty/Smoggy,Daylight,Motorcycle,4,Wrong Overtaking,1,1,0,0,7,0,High
2020,9,Thursday,12,KPK,Mansehra,Urban Road,Average,Dusty/Smoggy,No Light,Truck/Lorry,2,Over Speeding,1,0,0,0,0,0,Low
2023,4,Friday,12,Sindh,Mirpur Khas,Provincial Highway,Average,Clear,Daylight,Motorcycle,1,Driver Fatigue,1,0,0,0,2,2,Medium
2022,12,Sunday,18,AJK,Mirpur,Provincial Highway,Good,Clear,Dawn/Dusk,Car/Taxi,2,Mobile Phone Use,1,1,0,1,2,0,Low
2021,2,Sunday,11,Punjab,Faisalabad,Motorway,Average,Foggy,Daylight,Truck/Lorry,4,Wrong Overtaking,0,1,0,1,2,0,Medium
2021,9,Monday,8,Punjab,Bahawalpur,Provincial Highway,Good,Rainy,Daylight,Rickshaw,3,Wrong Overtaking,1,0,0,0,4,1,Medium
2020,12,Thursday,17,Sindh,Mirpur Khas,National Highway,Good,Clear,Dawn/Dusk,Car/Taxi,3,Over Speeding,1,0,0,1,3,1,High
2018,6,Sunday,23,Sindh,Kashmore,Rural Road,Poor,Clear,Street Light,Rickshaw,2,Mechanical Failure,0,1,1,0,2,0,Low
2018,4,Tuesday,18,Punjab,Faisalabad,Rural Road,Poor,Dusty/Smoggy,Daylight,Rickshaw,2,Pedestrian Error,1,0,0,0,0,0,Low
2021,4,Thursday,7,KPK,Abbottabad,Provincial Highway,Good,Extreme Heat,Daylight,Car/Taxi,2,Road Condition,1,0,0,0,2,0,Low
2018,5,Monday,17,Balochistan,Dera Bugti,National Highway,Average,Clear,Daylight,Van/Pickup,2,Wrong Overtaking,1,0,0,0,5,0,Medium
2018,9,Tuesday,16,Islamabad,Islamabad,National Highway,Good,Foggy,Daylight,Van/Pickup,3,Over Speeding,0,0,0,0,9,1,High
2023,12,Thursday,17,KPK,Dera Ismail Khan,Urban Road,Poor,Foggy,Daylight,Rickshaw,2,Over Speeding,1,0,0,1,2,0,Medium
2023,7,Wednesday,12,Balochistan,Loralai,National Highway,Good,Foggy,Daylight,Bus/Coach,1,Over Speeding,1,0,0,0,11,0,High
2021,9,Tuesday,13,Sindh,Kashmore,National Highway,Under Repair,Foggy,Daylight,Bus/Coach,2,Signal Violation,1,0,0,0,10,0,High
2021,8,Tuesday,17,KPK,Charsadda,Rural Road,Average,Dusty/Smoggy,Daylight,Bus/Coach,3,Driver Fatigue,1,0,0,0,4,0,Medium
2018,5,Tuesday,19,Punjab,Gujranwala,National Highway,Good,Clear,Dawn/Dusk,Bus/Coach,2,Wrong Overtaking,1,0,0,0,3,0,Medium
2018,8,Friday,17,Punjab,Rahim Yar Khan,Provincial Highway,Average,Foggy,Daylight,Motorcycle,3,Wrong Overtaking,1,0,0,0,5,4,High
2023,7,Saturday,17,Punjab,Bahawalpur,Provincial Highway,Good,Rainy,Street Light,Car/Taxi,1,Signal Violation,1,1,0,0,5,0,Medium
2022,9,Sunday,10,Sindh,Kashmore,Provincial Highway,Good,Clear,Daylight,Car/Taxi,1,Over Speeding,0,1,0,0,3,0,Medium
2021,11,Monday,22,Punjab,Rahim Yar Khan,Provincial Highway,Good,Foggy,No Light,Car/Taxi,1,Wrong Overtaking,0,0,1,1,4,0,Medium
2021,2,Friday,9,Islamabad,Islamabad,Provincial Highway,Poor,Clear,Daylight,Bus/Coach,1,Wrong Overtaking,1,0,0,1,1,0,Low
2022,7,Thursday,3,Punjab,Sialkot,Provincial Highway,Poor,Clear,No Light,Rickshaw,1,Road Condition,0,0,1,0,0,0,Low
2019,8,Sunday,10,Punjab,Faisalabad,National Highway,Poor,Foggy,Dawn/Dusk,Motorcycle,1,Road Condition,0,1,0,0,1,0,Medium
2023,7,Saturday,8,Sindh,Hyderabad,National Highway,Average,Clear,Daylight,Motorcycle,2,Road Condition,1,1,0,0,10,1,High
2023,5,Thursday,6,Punjab,Bahawalpur,National Highway,Poor,Foggy,Daylight,Motorcycle,2,Signal Violation,0,0,0,0,5,1,High
2022,11,Sunday,0,Punjab,Multan,National Highway,Poor,Rainy,No Light,Motorcycle,2,Pedestrian Error,0,1,1,1,4,2,High
2020,11,Wednesday,9,Punjab,Bahawalpur,Rural Road,Average,Clear,Daylight,Van/Pickup,2,Pedestrian Error,1,0,0,1,1,0,Low
2022,6,Tuesday,17,Sindh,Dadu,Rural Road,Poor,Clear,Dawn/Dusk,Motorcycle,2,Over Speeding,1,0,0,0,8,1,High
2023,8,Wednesday,20,Sindh,Nawabshah,Urban Road,Poor,Clear,No Light,Car/Taxi,1,Pedestrian Error,1,0,0,0,2,0,Low
2023,5,Tuesday,18,KPK,Bannu,National Highway,Good,Clear,Daylight,Motorcycle,2,Wrong Overtaking,1,0,0,0,7,2,High
2021,12,Saturday,22,KPK,Mansehra,Urban Road,Good,Clear,No Light,Motorcycle,1,Signal Violation,0,1,1,1,3,0,Medium
2018,5,Wednesday,11,Sindh,Sukkur,Rural Road,Good,Clear,Daylight,Car/Taxi,2,Over Speeding,0,0,0,0,5,0,Medium
2023,10,Sunday,9,Punjab,Bahawalpur,Provincial Highway,Average,Rainy,Daylight,Bus/Coach,2,Pedestrian Error,1,1,0,0,5,1,Medium
2023,5,Sunday,21,Punjab,Lahore,National Highway,Good,Clear,Street Light,Car/Taxi,4,Over Speeding,0,1,0,0,1,1,Medium
2020,12,Wednesday,19,KPK,Mansehra,Provincial Highway,Average,Clear,Dawn/Dusk,Truck/Lorry,2,Over Speeding,1,0,0,1,5,0,Medium
2020,10,Friday,13,Punjab,Rawalpindi,Urban Road,Good,Rainy,Daylight,Motorcycle,2,Signal Violation,1,0,0,0,5,0,Medium
2022,11,Saturday,12,Punjab,Rahim Yar Khan,Urban Road,Average,Clear,Daylight,Car/Taxi,2,Pedestrian Error,1,1,0,1,1,0,Low
2022,10,Thursday,22,KPK,Dera Ismail Khan,Urban Road,Poor,Foggy,Street Light,Car/Taxi,2,Wrong Overtaking,0,0,1,0,2,1,Low
2022,2,Monday,23,Sindh,Sukkur,National Highway,Average,Clear,Street Light,Motorcycle,2,Drunk Driving,0,0,1,1,4,1,High
2022,4,Tuesday,19,Punjab,Sheikhupura,Urban Road,Good,Dusty/Smoggy,No Light,Motorcycle,1,Over Speeding,1,0,0,0,3,0,Medium
2018,7,Saturday,12,Punjab,Sargodha,Provincial Highway,Good,Clear,Daylight,Motorcycle,1,Over Speeding,1,1,0,0,11,0,High
2022,12,Sunday,11,Islamabad,Islamabad,Urban Road,Good,Clear,Daylight,Motorcycle,2,Over Speeding,0,1,0,1,8,2,High
2018,6,Friday,12,Balochistan,Turbat,Provincial Highway,Average,Clear,Daylight,Motorcycle,1,Signal Violation,1,0,0,0,7,1,High
2022,5,Friday,7,KPK,Mansehra,Rural Road,Good,Clear,Daylight,Car/Taxi,2,Driver Fatigue,1,0,0,0,5,0,Medium
2023,5,Friday,20,Sindh,Larkana,Provincial Highway,Under Repair,Dusty/Smoggy,Street Light,Motorcycle,1,Signal Violation,1,0,0,0,1,0,Medium
2018,5,Wednesday,14,Sindh,Kashmore,National Highway,Good,Foggy,Daylight,Car/Taxi,1,Over Speeding,0,0,0,0,5,2,Medium
2022,3,Monday,3,AJK,Rawalakot,Motorway,Average,Extreme Heat,Street Light,Motorcycle,2,Wrong Overtaking,0,0,1,0,4,2,High
2020,5,Thursday,10,Islamabad,Islamabad,National Highway,Average,Clear,Daylight,Car/Taxi,1,Wrong Overtaking,0,0,0,0,2,0,Medium
2018,9,Friday,19,Punjab,Sargodha,Provincial Highway,Poor,Clear,Street Light,Motorcycle,1,Mechanical Failure,1,0,0,0,2,1,Low
2023,5,Saturday,16,KPK,Swat,Rural Road,Poor,Rainy,Street Light,Rickshaw,1,Driver Fatigue,0,1,0,0,5,0,Medium
2018,5,Sunday,19,Punjab,Sargodha,Provincial Highway,Good,Clear,Dawn/Dusk,Bus/Coach,1,Signal Violation,1,1,0,0,2,0,Medium
2023,6,Saturday,10,Punjab,Sialkot,Urban Road,Average,Clear,Street Light,Car/Taxi,1,Wrong Overtaking,0,1,0,0,0,0,Low
2022,9,Monday,21,KPK,Charsadda,Provincial Highway,Under Repair,Dusty/Smoggy,No Light,Rickshaw,1,Road Condition,0,0,0,0,2,0,Low
2020,5,Friday,22,Punjab,Sargodha,Urban Road,Average,Clear,Street Light,Rickshaw,2,Signal Violation,0,0,1,0,2,0,Medium
2018,2,Sunday,18,Islamabad,Islamabad,Provincial Highway,Poor,Clear,Daylight,Car/Taxi,3,Driver Fatigue,1,1,0,1,2,0,Medium
2023,7,Wednesday,0,Punjab,Sheikhupura,Motorway,Poor,Clear,Street Light,Motorcycle,2,Over Speeding,0,0,1,0,4,3,High
2023,7,Thursday,12,Sindh,Larkana,National Highway,Good,Extreme Heat,Daylight,Motorcycle,1,Wrong Overtaking,1,0,0,0,2,0,High
2023,11,Monday,16,Balochistan,Sibi,Rural Road,Poor,Clear,Daylight,Motorcycle,1,Wrong Overtaking,0,0,0,1,2,0,Low
2020,1,Thursday,15,Balochistan,Hub,Provincial Highway,Poor,Foggy,Daylight,Motorcycle,2,Signal Violation,0,0,0,1,7,0,High
2023,3,Saturday,16,Punjab,Sheikhupura,National Highway,Poor,Clear,Street Light,Motorcycle,1,Mechanical Failure,0,1,0,0,9,0,High
2023,11,Thursday,8,Punjab,Multan,Motorway,Average,Dusty/Smoggy,Daylight,Rickshaw,4,Wrong Overtaking,1,0,0,1,3,2,Medium
2022,8,Tuesday,6,Sindh,Sukkur,Rural Road,Good,Rainy,Daylight,Motorcycle,2,Over Speeding,0,0,0,0,2,1,Medium
2022,7,Tuesday,11,Punjab,Sargodha,National Highway,Good,Clear,Daylight,Rickshaw,2,Mechanical Failure,0,0,0,0,2,0,Low
2022,7,Sunday,16,Islamabad,Islamabad,Provincial Highway,Average,Clear,Dawn/Dusk,Motorcycle,1,Road Condition,0,1,0,0,3,0,Medium
2020,1,Sunday,9,Balochistan,Gwadar,Rural Road,Average,Clear,Daylight,Truck/Lorry,3,Mobile Phone Use,1,1,0,1,2,0,Low
2020,8,Friday,6,Punjab,Gujranwala,Provincial Highway,Average,Clear,Daylight,Rickshaw,2,Driver Fatigue,0,0,0,0,2,0,Low
2022,11,Tuesday,9,Punjab,Rawalpindi,Rural Road,Good,Clear,Daylight,Motorcycle,3,Over Speeding,1,0,0,1,11,1,High
2023,12,Wednesday,8,Punjab,Sialkot,Urban Road,Good,Rainy,Daylight,Rickshaw,2,Road Condition,1,0,0,1,1,0,Low
2023,12,Thursday,13,Balochistan,Gwadar,Rural Road,Average,Rainy,Daylight,Car/Taxi,2,Road Condition,1,0,0,1,0,0,Low
2020,3,Tuesday,6,Punjab,Lahore,Provincial Highway,Good,Rainy,Daylight,Rickshaw,3,Over Speeding,0,0,0,0,11,2,High
2021,6,Thursday,9,Punjab,Faisalabad,National Highway,Good,Clear,Daylight,Motorcycle,2,Wrong Overtaking,1,0,0,0,3,1,Medium
2021,4,Wednesday,21,Sindh,Thatta,National Highway,Poor,Foggy,Street Light,Car/Taxi,2,Over Speeding,0,0,0,0,2,2,Medium
2018,7,Saturday,6,Sindh,Larkana,National Highway,Good,Clear,Daylight,Motorcycle,2,Mobile Phone Use,0,1,0,0,1,1,Medium
2019,5,Monday,16,Punjab,Rahim Yar Khan,Rural Road,Average,Clear,Daylight,Van/Pickup,3,Mobile Phone Use,0,0,0,0,2,0,Low
2018,7,Tuesday,12,Punjab,Faisalabad,Rural Road,Good,Clear,Daylight,Car/Taxi,2,Over Speeding,1,0,0,0,3,1,Medium
2020,12,Monday,6,Islamabad,Islamabad,National Highway,Good,Extreme Heat,Daylight,Van/Pickup,1,Road Condition,0,0,0,1,0,0,Low
2022,5,Sunday,12,Balochistan,Gwadar,Provincial Highway,Average,Rainy,Daylight,Rickshaw,2,Driver Fatigue,1,1,0,0,1,0,Medium
2019,2,Saturday,21,KPK,Nowshera,Urban Road,Good,Foggy,Street Light,Motorcycle,2,Wrong Overtaking,0,1,0,1,4,0,Medium
2020,7,Saturday,18,Punjab,Faisalabad,Provincial Highway,Good,Clear,No Light,Motorcycle,2,Drunk Driving,1,1,0,0,4,0,Medium
2023,11,Wednesday,19,Punjab,Sialkot,Rural Road,Good,Dusty/Smoggy,Daylight,Van/Pickup,1,Drunk Driving,1,0,0,1,3,0,Medium
2023,10,Wednesday,23,Sindh,Karachi,Provincial Highway,Good,Dusty/Smoggy,Street Light,Motorcycle,3,Over Speeding,0,0,1,0,4,0,High
2018,9,Saturday,2,Punjab,Rawalpindi,Provincial Highway,Average,Foggy,Street Light,Motorcycle,3,Over Speeding,0,1,1,0,8,0,High
2019,6,Saturday,20,Balochistan,Sibi,Rural Road,Average,Clear,No Light,Motorcycle,2,Wrong Overtaking,1,1,0,0,1,1,Medium
2023,11,Wednesday,17,Sindh,Mirpur Khas,Provincial Highway,Average,Clear,Daylight,Motorcycle,3,Mechanical Failure,1,0,0,1,3,0,Medium
2021,5,Friday,8,Punjab,Bahawalpur,Urban Road,Good,Clear,Dawn/Dusk,Motorcycle,4,Signal Violation,1,0,0,0,5,0,Medium
2023,11,Friday,17,Balochistan,Quetta,Urban Road,Under Repair,Clear,Street Light,Motorcycle,2,Over Speeding,1,0,0,1,2,0,Medium
2022,5,Wednesday,18,Islamabad,Islamabad,Provincial Highway,Good,Dusty/Smoggy,Daylight,Van/Pickup,1,Mobile Phone Use,1,0,0,0,2,0,Low
2020,7,Sunday,21,Punjab,Multan,Urban Road,Good,Clear,No Light,Rickshaw,1,Over Speeding,0,1,0,0,2,0,Low
2021,7,Wednesday,6,Sindh,Sukkur,Provincial Highway,Good,Clear,Dawn/Dusk,Motorcycle,1,Mechanical Failure,0,0,0,0,1,1,Medium
2023,4,Wednesday,9,Punjab,Rahim Yar Khan,Urban Road,Good,Rainy,Daylight,Motorcycle,1,Driver Fatigue,1,0,0,0,2,0,Medium
2020,1,Friday,10,Punjab,Sheikhupura,Provincial Highway,Under Repair,Clear,Daylight,Motorcycle,3,Over Speeding,0,0,0,1,1,0,Medium
2023,4,Thursday,10,Punjab,Sargodha,National Highway,Poor,Extreme Heat,Daylight,Motorcycle,4,Pedestrian Error,0,0,0,0,2,1,Medium
2021,4,Saturday,0,Sindh,Sukkur,Urban Road,Good,Clear,No Light,Bus/Coach,3,Road Condition,0,1,1,0,2,0,Low
2021,9,Thursday,22,Islamabad,Islamabad,Provincial Highway,Poor,Extreme Heat,No Light,Motorcycle,1,Over Speeding,0,0,1,0,3,1,High
2018,7,Thursday,17,Sindh,Karachi,Urban Road,Good,Foggy,Street Light,Motorcycle,3,Mechanical Failure,1,0,0,0,1,0,Medium
2020,8,Friday,1,Punjab,Gujranwala,Rural Road,Poor,Foggy,No Light,Car/Taxi,3,Wrong Overtaking,0,0,1,0,5,0,Medium
2020,12,Monday,11,Sindh,Kashmore,Rural Road,Poor,Clear,Dawn/Dusk,Motorcycle,4,Over Speeding,0,0,0,1,3,0,Medium
2022,7,Thursday,10,Punjab,Rawalpindi,Urban Road,Poor,Clear,Daylight,Motorcycle,2,Signal Violation,0,0,0,0,1,0,Low
2023,11,Wednesday,18,Balochistan,Turbat,National Highway,Good,Clear,Daylight,Bus/Coach,1,Signal Violation,1,0,0,1,9,2,High
2022,3,Monday,13,Sindh,Sukkur,Provincial Highway,Good,Clear,Daylight,Motorcycle,2,Road Condition,1,0,0,0,4,0,Medium
2019,12,Saturday,5,Punjab,Gujranwala,Provincial Highway,Poor,Foggy,Dawn/Dusk,Van/Pickup,2,Mechanical Failure,0,1,1,1,1,0,Low
2018,1,Saturday,13,Punjab,Gujranwala,Urban Road,Under Repair,Clear,Daylight,Motorcycle,2,Signal Violation,1,1,0,1,2,1,Medium
2023,1,Friday,17,KPK,Dera Ismail Khan,Urban Road,Good,Extreme Heat,Daylight,Motorcycle,2,Driver Fatigue,1,0,0,1,5,0,Medium
2020,7,Thursday,7,Punjab,Bahawalpur,Urban Road,Good,Rainy,Daylight,Car/Taxi,2,Road Condition,1,0,0,0,0,0,Low
2023,11,Wednesday,8,KPK,Swat,National Highway,Good,Clear,Daylight,Truck/Lorry,2,Wrong Overtaking,1,0,0,1,5,0,High
2021,3,Sunday,13,Punjab,Faisalabad,Provincial Highway,Good,Clear,Daylight,Rickshaw,3,Wrong Overtaking,1,1,0,0,2,0,Low
2020,7,Saturday,8,Punjab,Bahawalpur,Provincial Highway,Average,Foggy,Daylight,Motorcycle,1,Over Speeding,1,1,0,0,10,1,High
2023,8,Wednesday,16,Sindh,Thatta,National Highway,Poor,Clear,Daylight,Motorcycle,2,Signal Violation,0,0,0,0,3,0,High
2018,7,Wednesday,16,Islamabad,Islamabad,Provincial Highway,Average,Clear,Daylight,Rickshaw,2,Wrong Overtaking,0,0,0,0,5,0,Medium
2020,8,Sunday,19,Islamabad,Islamabad,National Highway,Good,Extreme Heat,Dawn/Dusk,Motorcycle,4,Drunk Driving,1,1,0,0,6,3,High
2020,10,Saturday,22,Punjab,Rahim Yar Khan,Provincial Highway,Average,Extreme Heat,Street Light,Car/Taxi,3,Signal Violation,0,1,1,0,4,0,Medium
2022,7,Saturday,16,Punjab,Bahawalpur,Urban Road,Good,Clear,Daylight,Car/Taxi,1,Mobile Phone Use,0,1,0,0,0,0,Low
2023,12,Saturday,4,Punjab,Lahore,Rural Road,Under Repair,Clear,Street Light,Motorcycle,2,Wrong Overtaking,0,1,1,1,5,0,Medium
2022,5,Tuesday,11,Sindh,Dadu,Provincial Highway,Good,Clear,Street Light,Bicycle,2,Road Condition,0,0,0,0,4,0,Medium
2020,4,Thursday,1,Sindh,Larkana,Provincial Highway,Poor,Clear,No Light,Car/Taxi,2,Mechanical Failure,0,0,1,0,1,0,Medium
2023,9,Friday,18,Balochistan,Gwadar,Rural Road,Average,Clear,Daylight,Truck/Lorry,3,Signal Violation,1,0,0,0,2,1,Low
2023,5,Saturday,19,Islamabad,Islamabad,Provincial Highway,Poor,Clear,No Light,Car/Taxi,2,Wrong Overtaking,1,1,0,0,1,0,Medium
2020,4,Wednesday,14,Punjab,Bahawalpur,Provincial Highway,Good,Rainy,Daylight,Bus/Coach,3,Wrong Overtaking,0,0,0,0,2,1,Medium
2022,3,Thursday,12,Sindh,Thatta,Urban Road,Good,Extreme Heat,Daylight,Van/Pickup,1,Signal Violation,1,0,0,0,2,1,Low
2023,5,Friday,13,Balochistan,Zhob,National Highway,Average,Clear,Street Light,Van/Pickup,4,Over Speeding,1,0,0,0,4,0,High
2021,8,Wednesday,10,KPK,Swat,National Highway,Good,Extreme Heat,Daylight,Car/Taxi,3,Over Speeding,0,0,0,0,4,2,High
2023,5,Monday,12,Punjab,Rawalpindi,National Highway,Good,Rainy,Daylight,Bicycle,3,Road Condition,1,0,0,0,3,1,High
2020,2,Thursday,12,Punjab,Gujranwala,National Highway,Average,Clear,Daylight,Motorcycle,2,Wrong Overtaking,1,0,0,1,7,2,High
2022,9,Saturday,21,Sindh,Thatta,Rural Road,Good,Clear,No Light,Car/Taxi,2,Mobile Phone Use,0,1,0,0,0,0,Low
2022,11,Wednesday,13,Punjab,Sargodha,National Highway,Poor,Clear,Street Light,Bus/Coach,3,Mechanical Failure,1,0,0,1,5,0,Medium
2022,6,Friday,16,Punjab,Bahawalpur,Urban Road,Under Repair,Clear,Daylight,Motorcycle,3,Over Speeding,0,0,0,0,9,2,High
2019,1,Sunday,13,Punjab,Lahore,Provincial Highway,Good,Dusty/Smoggy,Daylight,Bus/Coach,3,Wrong Overtaking,1,1,0,1,2,0,Low
2020,12,Monday,12,Sindh,Larkana,National Highway,Average,Clear,Dawn/Dusk,Bicycle,2,Road Condition,1,0,0,1,7,0,High
2020,6,Saturday,5,Punjab,Sheikhupura,Rural Road,Good,Clear,Dawn/Dusk,Motorcycle,2,Signal Violation,0,1,1,0,8,2,High
2023,7,Tuesday,18,Punjab,Sialkot,Rural Road,Poor,Clear,Dawn/Dusk,Bus/Coach,2,Over Speeding,1,0,0,0,1,0,Medium
2020,12,Sunday,3,Punjab,Rahim Yar Khan,National Highway,Average,Clear,No Light,Car/Taxi,3,Over Speeding,0,1,1,1,6,0,High
2018,5,Thursday,6,KPK,Charsadda,Provincial Highway,Average,Clear,Daylight,Van/Pickup,2,Driver Fatigue,0,0,0,0,0,0,Low
2019,11,Tuesday,9,Balochistan,Chaman,National Highway,Good,Extreme Heat,Daylight,Car/Taxi,1,Over Speeding,1,0,0,1,8,1,High
2022,4,Sunday,18,Sindh,Mirpur Khas,Provincial Highway,Good,Clear,Daylight,Bus/Coach,3,Wrong Overtaking,1,1,0,0,1,0,Low
2020,7,Monday,11,Punjab,Bahawalpur,Urban Road,Good,Clear,Street Light,Rickshaw,1,Wrong Overtaking,0,0,0,0,2,0,Low
2019,5,Monday,10,AJK,Mirpur,Motorway,Good,Dusty/Smoggy,Daylight,Car/Taxi,1,Pedestrian Error,0,0,0,0,5,1,Medium
2023,2,Friday,15,Punjab,Sargodha,Provincial Highway,Poor,Foggy,Street Light,Truck/Lorry,3,Driver Fatigue,0,0,0,1,11,1,High
2022,12,Thursday,20,Punjab,Sialkot,National Highway,Poor,Clear,No Light,Truck/Lorry,3,Road Condition,1,0,0,1,0,0,Low
2023,6,Wednesday,18,Punjab,Sialkot,Urban Road,Poor,Rainy,Daylight,Bicycle,3,Mechanical Failure,1,0,0,0,3,2,Medium
2022,5,Wednesday,10,Punjab,Bahawalpur,Rural Road,Good,Rainy,Daylight,Motorcycle,1,Driver Fatigue,0,0,0,0,4,0,High
2021,9,Sunday,15,Punjab,Gujranwala,National Highway,Average,Clear,Daylight,Car/Taxi,2,Signal Violation,0,1,0,0,4,0,Medium
2020,3,Saturday,20,Balochistan,Chaman,National Highway,Poor,Foggy,No Light,Motorcycle,2,Wrong Overtaking,1,1,0,0,7,1,High
2021,4,Sunday,8,Sindh,Dadu,Urban Road,Poor,Clear,No Light,Truck/Lorry,1,Road Condition,1,1,0,0,1,0,Low
2018,10,Thursday,19,Punjab,Multan,National Highway,Under Repair,Clear,Street Light,Rickshaw,1,Over Speeding,1,0,0,0,1,0,Medium
2023,1,Sunday,3,Islamabad,Islamabad,Urban Road,Poor,Clear,No Light,Bus/Coach,2,Driver Fatigue,0,1,1,1,3,1,Medium
2022,3,Tuesday,7,Punjab,Rawalpindi,Urban Road,Average,Clear,Daylight,Truck/Lorry,3,Over Speeding,1,0,0,0,2,0,Medium
2020,7,Sunday,20,Punjab,Gujranwala,Rural Road,Average,Clear,Street Light,Car/Taxi,2,Over Speeding,1,1,0,0,2,0,Low
2018,8,Monday,17,Sindh,Kashmore,Rural Road,Under Repair,Clear,Daylight,Bicycle,2,Road Condition,1,0,0,0,4,1,Medium
2020,7,Sunday,6,Sindh,Kashmore,Rural Road,Poor,Clear,Dawn/Dusk,Car/Taxi,3,Road Condition,0,1,0,0,2,0,Low
2018,5,Tuesday,12,Punjab,Gujranwala,Rural Road,Good,Clear,Daylight,Car/Taxi,2,Wrong Overtaking,1,0,0,0,0,0,Low
2022,2,Wednesday,19,Punjab,Sargodha,Urban Road,Good,Extreme Heat,Dawn/Dusk,Motorcycle,2,Road Condition,1,0,0,1,1,0,Low
2019,6,Thursday,8,Sindh,Sukkur,National Highway,Poor,Clear,Daylight,Motorcycle,2,Driver Fatigue,1,0,0,0,2,2,High
2020,10,Monday,9,KPK,Dera Ismail Khan,Rural Road,Good,Clear,Daylight,Rickshaw,1,Over Speeding,1,0,0,0,3,0,Medium
2021,7,Monday,12,Sindh,Dadu,Motorway,Good,Foggy,Daylight,Car/Taxi,1,Road Condition,1,0,0,0,5,0,Medium
2022,6,Saturday,18,Punjab,Sialkot,National Highway,Good,Foggy,No Light,Bicycle,2,Mechanical Failure,1,1,0,0,5,0,Medium
2018,12,Monday,7,Punjab,Rahim Yar Khan,Urban Road,Good,Extreme Heat,Dawn/Dusk,Motorcycle,2,Mobile Phone Use,1,0,0,1,3,0,Medium
2023,7,Monday,17,Sindh,Dadu,Provincial Highway,Poor,Clear,Daylight,Bus/Coach,1,Signal Violation,1,0,0,0,1,0,Low
2018,12,Sunday,12,Punjab,Lahore,Provincial Highway,Good,Clear,Daylight,Rickshaw,3,Signal Violation,1,1,0,1,4,0,Medium
2019,7,Wednesday,12,Islamabad,Islamabad,Urban Road,Good,Dusty/Smoggy,Daylight,Motorcycle,4,Over Speeding,1,0,0,0,4,0,High
2022,7,Friday,7,Sindh,Hyderabad,Provincial Highway,Poor,Clear,Daylight,Motorcycle,2,Wrong Overtaking,1,0,0,0,2,0,Medium
2023,9,Monday,9,Punjab,Rahim Yar Khan,National Highway,Average,Clear,Daylight,Motorcycle,1,Wrong Overtaking,1,0,0,0,5,2,High
2023,9,Tuesday,8,KPK,Mardan,National Highway,Poor,Clear,Street Light,Motorcycle,2,Wrong Overtaking,1,0,0,0,9,0,High
2023,7,Wednesday,7,Sindh,Thatta,Provincial Highway,Good,Clear,Street Light,Motorcycle,2,Over Speeding,1,0,0,0,4,2,High
2021,7,Friday,15,Punjab,Multan,National Highway,Good,Clear,Street Light,Truck/Lorry,3,Pedestrian Error,0,0,0,0,0,0,Low
2018,7,Wednesday,18,KPK,Nowshera,Provincial Highway,Poor,Foggy,No Light,Rickshaw,1,Over Speeding,1,0,0,0,3,0,Medium
2019,6,Friday,17,Balochistan,Gwadar,Urban Road,Average,Clear,Daylight,Bus/Coach,3,Wrong Overtaking,1,0,0,0,1,0,Low
2023,1,Sunday,15,KPK,Swat,Urban Road,Average,Clear,Daylight,Motorcycle,2,Wrong Overtaking,0,1,0,1,5,1,Medium
2023,1,Thursday,18,Punjab,Bahawalpur,National Highway,Average,Clear,Daylight,Rickshaw,4,Over Speeding,1,0,0,1,3,2,Medium
2022,7,Saturday,1,Sindh,Kashmore,Provincial Highway,Average,Clear,Street Light,Car/Taxi,3,Over Speeding,0,1,1,0,3,0,Medium
2021,3,Wednesday,11,KPK,Swat,Urban Road,Good,Clear,Daylight,Bus/Coach,1,Drunk Driving,0,0,0,0,4,1,Medium
2019,9,Wednesday,7,Punjab,Rawalpindi,Provincial Highway,Average,Foggy,Daylight,Car/Taxi,2,Signal Violation,1,0,0,0,0,0,Low