year,month,day_of_week,hour_of_day,province,district,road_type,road_condition,weather_condition,lighting_condition,vehicle_type,vehicles_involved,accident_cause,is_rush_hour,is_weekend,is_night,is_foggy_month,num_injured,num_killed,severity
2019,8,Friday,14,Punjab,Rahim Yar Khan,Urban Road,Under Repair,Clear,Daylight,Motorcycle,1,Wrong Overtaking,0,0,0,0,1,0,Low
2022,8,Saturday,11,Balochistan,Sibi,Provincial Highway,Good,Clear,Daylight,Van/Pickup,3,Weather Condition,0,1,0,0,2,0,Low
2022,9,Saturday,7,Punjab,Rawalpindi,Urban Road,Under Repair,Foggy,Daylight,Car/Taxi,2,Road Condition,1,1,0,0,0,0,Low
2023,1,Saturday,18,KPK,Kohat,Motorway,Average,Clear,Street Light,Car/Taxi,1,Mobile Phone Use,1,1,0,1,2,0,Low
2021,9,Tuesday,15,Sindh,Karachi,Provincial Highway,Under Repair,Rainy,Daylight,Car/Taxi,2,Drunk Driving,0,0,0,0,4,2,Medium
2021,5,Wednesday,15,Sindh,Dadu,Provincial Highway,Good,Rainy,Daylight,Motorcycle,3,Mechanical Failure,0,0,0,0,8,4,High
2018,12,Friday,15,Punjab,Sialkot,Provincial Highway,Average,Dusty/Smoggy,Daylight,Motorcycle,1,Signal Violation,0,0,0,1,2,2,High
2023,1,Tuesday,7,KPK,Kohat,Motorway,Poor,Clear,Daylight,Rickshaw,4,Driver Fatigue,1,0,0,1,3,2,High
2019,4,Tuesday,5,Punjab,Multan,National Highway,Good,Clear,Street Light,Car/Taxi,1,Over Speeding,0,0,1,0,11,0,High
2022,5,Wednesday,13,Sindh,Thatta,Urban Road,Poor,Rainy,Daylight,Motorcycle,1,Pedestrian Error,1,0,0,0,2,0,Medium
2019,7,Friday,16,KPK,Mardan,Urban Road,Good,Foggy,Street Light,Car/Taxi,1,Wrong Overtaking,0,0,0,0,4,0,Medium
2019,1,Saturday,8,KPK,Dera Ismail Khan,Urban Road,Average,Clear,Daylight,Motorcycle,2,Driver Fatigue,1,1,0,1,6,0,High
2020,2,Sunday,2,Islamabad,Islamabad,Urban Road,Good,Clear,No Light,Car/Taxi,2,Over Speeding,0,1,1,1,1,1,Medium
2018,12,Thursday,17,Sindh,Mirpur Khas,Provincial Highway,Good,Foggy,Daylight,Truck/Lorry,2,Signal Violation,1,0,0,1,3,1,Medium
2018,7,Friday,8,Punjab,Bahawalpur,Rural Road,Poor,Clear,Dawn/Dusk,Motorcycle,2,Drunk Driving,1,0,0,0,3,0,Medium
2020,6,Friday,4,Islamabad,Islamabad,Rural Road,Good,Clear,No Light,Car/Taxi,3,Mechanical Failure,0,0,1,0,1,0,Low
2022,6,Monday,3,Sindh,Karachi,National Highway,Average,Clear,Street Light,Bus/Coach,2,Wrong Overtaking,0,0,1,0,7,2,High
2022,11,Thursday,5,Punjab,Rawalpindi,Provincial Highway,Good,Clear,Dawn/Dusk,Truck/Lorry,1,Wrong Overtaking,0,0,1,1,4,0,Medium
2021,6,Tuesday,13,Punjab,Sargodha,Provincial Highway,Good,Rainy,Daylight,Motorcycle,3,Mechanical Failure,1,0,0,0,5,1,Medium
2020,10,Wednesday,15,Balochistan,Dera Bugti,Rural Road,Good,Clear,Daylight,Motorcycle,1,Road Condition,0,0,0,0,1,0,Low
2021,10,Saturday,9,Punjab,Gujranwala,Rural Road,Poor,Clear,Daylight,Car/Taxi,2,Wrong Overtaking,1,1,0,0,0,0,Low
2018,3,Saturday,15,KPK,Dera Ismail Khan,Provincial Highway,Average,Foggy,Daylight,Car/Taxi,3,Wrong Overtaking,0,1,0,0,1,0,Low
2023,5,Friday,9,Sindh,Dadu,Provincial Highway,Average,Clear,Daylight,Car/Taxi,1,Mechanical Failure,1,0,0,0,1,1,Low
2020,8,Wednesday,20,Punjab,Lahore,Urban Road,Good,Clear,Street Light,Motorcycle,1,Over Speeding,1,0,0,0,2,0,Medium
2021,8,Saturday,12,Sindh,Jacobabad,National Highway,Average,Clear,Daylight,Motorcycle,2,Over Speeding,1,1,0,0,5,2,High
2023,6,Wednesday,20,Punjab,Rahim Yar Khan,Provincial Highway,Poor,Clear,No Light,Car/Taxi,2,Wrong Overtaking,1,0,0,0,0,0,Low
2021,12,Friday,12,Punjab,Sialkot,Urban Road,Good,Foggy,Daylight,Motorcycle,3,Wrong Overtaking,1,0,0,1,3,2,Medium
2020,12,Thursday,16,Sindh,Kashmore,National Highway,Poor,Clear,Daylight,Motorcycle,2,Signal Violation,0,0,0,1,4,0,Medium
2019,9,Monday,9,Sindh,Larkana,Provincial Highway,Good,Clear,Street Light,Bus/Coach,2,Pedestrian Error,1,0,0,0,0,0,Low
2021,2,Wednesday,20,KPK,Dera Ismail Khan,Urban Road,Average,Clear,Street Light,Car/Taxi,1,Wrong Overtaking,1,0,0,1,2,0,Low
2018,7,Friday,3,KPK,Dera Ismail Khan,Motorway,Good,Foggy,No Light,Truck/Lorry,3,Driver Fatigue,0,0,1,0,4,0,High
2022,10,Friday,17,KPK,Mansehra,National Highway,Good,Clear,Street Light,Bus/Coach,3,Signal Violation,1,0,0,0,5,1,Medium
2018,1,Saturday,15,Punjab,Rahim Yar Khan,National Highway,Average,Rainy,Daylight,Motorcycle,1,Over Speeding,0,1,0,1,8,0,High
2020,2,Friday,3,Punjab,Sheikhupura,National Highway,Average,Clear,Street Light,Car/Taxi,2,Pedestrian Error,0,0,1,1,5,0,Medium
2020,2,Saturday,17,Sindh,Dadu,National Highway,Poor,Clear,Daylight,Motorcycle,2,Road Condition,1,1,0,1,2,0,Medium
2020,12,Friday,8,Islamabad,Islamabad,National Highway,Poor,Clear,Daylight,Bicycle,2,Drunk Driving,1,0,0,1,8,0,High
2020,11,Monday,10,KPK,Mardan,Provincial Highway,Good,Clear,Daylight,Car/Taxi,1,Road Condition,0,0,0,1,0,0,Low
2021,7,Friday,6,Balochistan,Sibi,National Highway,Good,Clear,Dawn/Dusk,Rickshaw,2,Signal Violation,0,0,0,0,1,2,Medium
2023,1,Wednesday,18,Punjab,Faisalabad,National Highway,Poor,Clear,Daylight,Motorcycle,2,Pedestrian Error,1,0,0,1,3,0,Medium
2022,4,Saturday,19,Sindh,Nawabshah,National Highway,Good,Clear,Dawn/Dusk,Car/Taxi,1,Over Speeding,1,1,0,0,4,1,Medium
2023,4,Saturday,7,Sindh,Jacobabad,Urban Road,Average,Clear,Daylight,Motorcycle,2,Road Condition,1,1,0,0,0,0,Low
2023,8,Saturday,1,Punjab,Sheikhupura,Urban Road,Average,Clear,Street Light,Motorcycle,1,Driver Fatigue,0,1,1,0,9,1,High
2022,5,Friday,8,Punjab,Sialkot,Rural Road,Average,Foggy,Street Light,Motorcycle,1,Wrong Overtaking,1,0,0,0,5,0,Medium
2022,6,Thursday,14,Islamabad,Islamabad,National Highway,Good,Foggy,Daylight,Car/Taxi,1,Mechanical Failure,0,0,0,0,2,1,Low
2018,12,Tuesday,15,Punjab,Bahawalpur,National Highway,Good,Clear,Daylight,Truck/Lorry,2,Drunk Driving,0,0,0,1,5,3,High
2022,1,Saturday,14,Punjab,Rahim Yar Khan,National Highway,Poor,Extreme Heat,Daylight,Car/Taxi,1,Over Speeding,0,1,0,1,1,1,Medium
2021,8,Saturday,12,Punjab,Rawalpindi,Provincial Highway,Average,Foggy,Dawn/Dusk,Motorcycle,2,Pedestrian Error,1,1,0,0,5,1,Medium
2020,9,Wednesday,7,Islamabad,Islamabad,Urban Road,Good,Clear,Daylight,Car/Taxi,2,Wrong Overtaking,1,0,0,0,2,0,Low
2020,3,Sunday,11,Sindh,Kashmore,National Highway,Good,Clear,Daylight,Car/Taxi,2,Signal Violation,0,1,0,0,3,1,Medium
2022,3,Saturday,18,KPK,Mansehra,Urban Road,Poor,Rainy,Dawn/Dusk,Car/Taxi,2,Mobile Phone Use,1,1,0,0,2,0,Low
2023,4,Thursday,21,Balochistan,Turbat,National Highway,Good,Rainy,No Light,Motorcycle,2,Drunk Driving,0,0,0,0,2,0,High
2022,11,Monday,12,Punjab,Lahore,National Highway,Good,Extreme Heat,Daylight,Car/Taxi,2,Wrong Overtaking,1,0,0,1,1,0,Low
2020,8,Thursday,20,Sindh,Nawabshah,Urban Road,Average,Clear,Street Light,Car/Taxi,2,Road Condition,1,0,0,0,1,0,Low
2019,8,Sunday,21,Punjab,Rawalpindi,Motorway,Average,Clear,Street Light,Motorcycle,2,Pedestrian Error,0,1,0,0,5,2,Medium
2023,8,Monday,12,Punjab,Gujranwala,Rural Road,Average,Clear,Daylight,Rickshaw,1,Mechanical Failure,1,0,0,0,2,0,Low
2023,4,Monday,14,KPK,Mansehra,National Highway,Good,Clear,Daylight,Bus/Coach,1,Road Condition,0,0,0,0,4,1,Medium
2020,1,Wednesday,6,KPK,Dera Ismail Khan,Motorway,Average,Clear,Daylight,Motorcycle,2,Mechanical Failure,0,0,0,1,10,1,High
2019,9,Wednesday,9,Punjab,Sialkot,Provincial Highway,Under Repair,Foggy,Daylight,Van/Pickup,1,Wrong Overtaking,1,0,0,0,3,0,Medium
2020,5,Saturday,12,Punjab,Rahim Yar Khan,Urban Road,Good,Clear,Daylight,Bus/Coach,2,Signal Violation,1,1,0,0,5,1,Medium
2021,1,Saturday,7,Sindh,Jacobabad,Provincial Highway,Average,Foggy,Dawn/Dusk,Truck/Lorry,4,Over Speeding,1,1,0,1,5,0,High
2019,4,Friday,18,Punjab,Sargodha,Rural Road,Good,Clear,Daylight,Bus/Coach,2,Drunk Driving,1,0,0,0,3,1,Medium
2020,2,Tuesday,20,Punjab,Sialkot,Urban Road,Average,Clear,No Light,Bicycle,2,Driver Fatigue,1,0,0,1,5,0,Medium
2022,9,Tuesday,20,Punjab,Lahore,Rural Road,Good,Dusty/Smoggy,No Light,Motorcycle,2,Pedestrian Error,1,0,0,0,2,1,Medium
2019,12,Monday,19,Punjab,Bahawalpur,National Highway,Good,Clear,Street Light,Motorcycle,4,Wrong Overtaking,1,0,0,1,11,0,High
2023,7,Wednesday,19,KPK,Dera Ismail Khan,Urban Road,Under Repair,Clear,Dawn/Dusk,Truck/Lorry,2,Pedestrian Error,1,0,0,0,1,0,Low
2022,3,Sunday,18,Punjab,Multan,Provincial Highway,Good,Clear,Daylight,Car/Taxi,1,Wrong Overtaking,1,1,0,0,1,1,Low
2023,7,Sunday,20,Punjab,Lahore,Urban Road,Average,Clear,No Light,Motorcycle,2,Pedestrian Error,1,1,0,0,1,0,Low
2022,7,Monday,22,Sindh,Kashmore,Provincial Highway,Poor,Foggy,No Light,Van/Pickup,1,Pedestrian Error,0,0,1,0,2,0,Low
2020,6,Tuesday,10,Balochistan,Turbat,National Highway,Under Repair,Dusty/Smoggy,Daylight,Motorcycle,1,Mobile Phone Use,0,0,0,0,5,0,Medium
2021,12,Monday,9,Punjab,Rawalpindi,Urban Road,Good,Clear,Daylight,Motorcycle,2,Over Speeding,1,0,0,1,2,0,Medium
2019,10,Sunday,17,Punjab,Sialkot,Urban Road,Average,Dusty/Smoggy,No Light,Motorcycle,3,Wrong Overtaking,1,1,0,0,0,0,Low
2021,12,Monday,17,Punjab,Faisalabad,Rural Road,Under Repair,Clear,Daylight,Car/Taxi,1,Over Speeding,1,0,0,1,2,0,Low
2019,6,Friday,12,KPK,Mardan,Motorway,Average,Foggy,Daylight,Motorcycle,1,Driver Fatigue,1,0,0,0,2,0,High
2018,8,Thursday,1,Sindh,Nawabshah,National Highway,Good,Clear,No Light,Van/Pickup,2,Over Speeding,0,0,1,0,11,1,High
2019,2,Friday,5,KPK,Swat,National Highway,Under Repair,Foggy,Street Light,Motorcycle,2,Mechanical Failure,0,0,1,1,4,1,High
2019,12,Tuesday,14,Islamabad,Islamabad,Rural Road,Good,Dusty/Smoggy,Daylight,Motorcycle,3,Wrong Overtaking,0,0,0,1,5,1,Medium
2018,8,Tuesday,20,KPK,Kohat,Rural Road,Poor,Clear,No Light,Motorcycle,1,Wrong Overtaking,1,0,0,0,2,2,Medium
2023,1,Friday,17,Sindh,Thatta,National Highway,Good,Foggy,Daylight,Motorcycle,1,Signal Violation,1,0,0,1,2,2,High
2022,8,Tuesday,19,Sindh,Sukkur,National Highway,Poor,Dusty/Smoggy,Street Light,Rickshaw,2,Wrong Overtaking,1,0,0,0,3,2,Medium
2022,1,Friday,19,Punjab,Gujranwala,Rural Road,Average,Clear,No Light,Car/Taxi,3,Drunk Driving,1,0,0,1,1,1,Medium
2022,1,Saturday,10,AJK,Muzaffarabad,Motorway,Under Repair,Dusty/Smoggy,Dawn/Dusk,Motorcycle,1,Driver Fatigue,0,1,0,1,6,3,High
2021,2,Saturday,18,Punjab,Rahim Yar Khan,Provincial Highway,Average,Rainy,No Light,Motorcycle,4,Mobile Phone Use,1,1,0,1,3,1,Medium
2021,10,Monday,11,Punjab,Multan,Rural Road,Poor,Clear,Daylight,Motorcycle,1,Signal Violation,0,0,0,0,3,0,Medium
2020,7,Saturday,18,KPK,Kohat,Rural Road,Good,Dusty/Smoggy,Daylight,Motorcycle,3,Over Speeding,1,1,0,0,3,0,Medium
2019,6,Saturday,5,Punjab,Multan,National Highway,Good,Clear,Dawn/Dusk,Car/Taxi,2,Road Condition,0,1,1,0,0,0,Low
2022,5,Sunday,21,Sindh,Dadu,National Highway,Poor,Extreme Heat,No Light,Bicycle,3,Over Speeding,0,1,0,0,11,1,High
2023,2,Tuesday,9,Sindh,Thatta,National Highway,Good,Foggy,Dawn/Dusk,Rickshaw,2,Road Condition,1,0,0,1,0,0,Low
2020,1,Monday,13,Sindh,Hyderabad,Provincial Highway,Good,Clear,Daylight,Truck/Lorry,2,Mechanical Failure,1,0,0,1,2,0,Medium
2023,10,Saturday,19,KPK,Bannu,Provincial Highway,Good,Foggy,Dawn/Dusk,Car/Taxi,4,Mechanical Failure,1,1,0,0,2,0,Medium
2023,3,Thursday,0,Punjab,Faisalabad,Motorway,Average,Clear,Street Light,Car/Taxi,3,Drunk Driving,0,0,1,0,4,0,Medium
2022,7,Thursday,1,Sindh,Nawabshah,Provincial Highway,Good,Clear,Street Light,Motorcycle,3,Over Speeding,0,0,1,0,2,0,High
2019,1,Sunday,20,Sindh,Hyderabad,National Highway,Average,Clear,No Light,Motorcycle,1,Over Speeding,1,1,0,1,3,1,High
2020,9,Saturday,21,KPK,Mansehra,National Highway,Poor,Rainy,Street Light,Motorcycle,1,Pedestrian Error,0,1,0,0,3,1,High
2021,2,Saturday,1,KPK,Mansehra,Rural Road,Good,Dusty/Smoggy,No Light,Motorcycle,1,Signal Violation,0,1,1,1,3,0,Medium
2020,5,Friday,13,Punjab,Sargodha,Provincial Highway,Good,Foggy,Street Light,Motorcycle,3,Road Condition,1,0,0,0,4,3,High
2018,7,Sunday,8,Sindh,Kashmore,Rural Road,Good,Foggy,Daylight,Motorcycle,2,Over Speeding,1,1,0,0,3,0,Medium
2022,6,Tuesday,21,Punjab,Gujranwala,Motorway,Good,Clear,No Light,Van/Pickup,3,Road Condition,0,0,0,0,0,0,Low
2018,12,Monday,17,Islamabad,Islamabad,Motorway,Good,Foggy,Daylight,Motorcycle,3,Drunk Driving,1,0,0,1,6,3,High
2019,5,Tuesday,6,Punjab,Rawalpindi,Rural Road,Poor,Extreme Heat,Street Light,Motorcycle,2,Drunk Driving,0,0,0,0,2,1,Medium
2022,12,Friday,12,KPK,Mardan,Rural Road,Poor,Dusty/Smoggy,Daylight,Motorcycle,2,Signal Violation,1,0,0,1,2,0,Low
2023,10,Monday,19,Punjab,Multan,Urban Road,Good,Rainy,Dawn/Dusk,Motorcycle,2,Over Speeding,1,0,0,0,3,0,High
2022,11,Sunday,19,Punjab,Lahore,Motorway,Poor,Clear,Dawn/Dusk,Motorcycle,1,Over Speeding,1,1,0,1,8,1,High
2018,12,Wednesday,10,Sindh,Hyderabad,Rural Road,Average,Dusty/Smoggy,Daylight,Motorcycle,2,Signal Violation,0,0,0,1,5,0,Medium
2022,7,Friday,12,Balochistan,Chaman,Urban Road,Average,Dusty/Smoggy,Daylight,Rickshaw,2,Wrong Overtaking,1,0,0,0,0,0,Low
2023,11,Saturday,9,Sindh,Mirpur Khas,Rural Road,Good,Foggy,Daylight,Motorcycle,3,Wrong Overtaking,1,1,0,1,5,0,Medium
2023,12,Friday,22,Islamabad,Islamabad,Rural Road,Average,Foggy,No Light,Motorcycle,1,Driver Fatigue,0,0,1,1,5,0,High
2020,11,Tuesday,11,Sindh,Mirpur Khas,Provincial Highway,Poor,Foggy,Daylight,Truck/Lorry,2,Wrong Overtaking,0,0,0,1,1,0,Medium
2023,2,Monday,1,Sindh,Sukkur,National Highway,Under Repair,Clear,No Light,Motorcycle,1,Road Condition,0,0,1,1,4,2,High
2018,12,Saturday,13,Punjab,Lahore,National Highway,Good,Clear,Daylight,Motorcycle,2,Over Speeding,1,1,0,1,11,3,High
2023,10,Sunday,15,KPK,Mansehra,Motorway,Average,Rainy,Daylight,Motorcycle,3,Over Speeding,0,1,0,0,5,1,High
2021,7,Saturday,6,Punjab,Lahore,National Highway,Poor,Clear,Daylight,Truck/Lorry,4,Drunk Driving,0,1,0,0,7,3,High
2020,1,Monday,11,Balochistan,Gwadar,Rural Road,Average,Rainy,Daylight,Bicycle,2,Wrong Overtaking,0,0,0,1,4,1,Medium
2023,2,Tuesday,1,Balochistan,Gwadar,Provincial Highway,Poor,Clear,Street Light,Motorcycle,1,Road Condition,0,0,1,1,5,1,Medium
2018,1,Friday,4,Islamabad,Islamabad,Provincial Highway,Poor,Clear,Street Light,Car/Taxi,1,Mobile Phone Use,0,0,1,1,1,0,Low
2018,11,Wednesday,18,Sindh,Sukkur,National Highway,Poor,Foggy,Daylight,Motorcycle,1,Mechanical Failure,1,0,0,1,5,0,High
2022,7,Tuesday,15,KPK,Swat,National Highway,Under Repair,Clear,No Light,Van/Pickup,2,Over Speeding,0,0,0,0,2,0,Medium
2019,3,Tuesday,14,KPK,Mansehra,Provincial Highway,Good,Clear,Dawn/Dusk,Car/Taxi,2,Pedestrian Error,0,0,0,0,0,0,Low
2023,5,Sunday,8,Punjab,Sialkot,Urban Road,Poor,Clear,No Light,Motorcycle,2,Driver Fatigue,1,1,0,0,5,1,High
2021,10,Tuesday,20,Sindh,Nawabshah,National Highway,Under Repair,Clear,Street Light,Car/Taxi,3,Mechanical Failure,1,0,0,0,2,0,Low
2023,9,Thursday,3,Punjab,Sialkot,Urban Road,Average,Clear,Street Light,Car/Taxi,1,Over Speeding,0,0,1,0,1,0,Low
2021,3,Tuesday,17,Sindh,Larkana,Motorway,Average,Clear,Daylight,Motorcycle,1,Driver Fatigue,1,0,0,0,10,1,High
2023,8,Sunday,9,Punjab,Sargodha,Provincial Highway,Poor,Clear,Daylight,Motorcycle,2,Mechanical Failure,1,1,0,0,3,1,Medium
2019,4,Saturday,21,Punjab,Sargodha,Rural Road,Average,Rainy,No Light,Bicycle,2,Wrong Overtaking,0,1,0,0,3,1,High
2019,7,Friday,21,Punjab,Faisalabad,National Highway,Average,Clear,No Light,Bus/Coach,3,Road Condition,0,0,0,0,1,0,Low
2021,3,Monday,18,Sindh,Nawabshah,Provincial Highway,Good,Dusty/Smoggy,Daylight,Car/Taxi,2,Driver Fatigue,1,0,0,0,0,0,Low
2019,4,Saturday,7,Sindh,Mirpur Khas,Urban Road,Poor,Clear,Daylight,Motorcycle,1,Wrong Overtaking,1,1,0,0,0,0,Low
2023,1,Tuesday,18,Punjab,Rahim Yar Khan,National Highway,Average,Clear,Daylight,Motorcycle,2,Signal Violation,1,0,0,1,7,2,High
2018,2,Wednesday,8,Sindh,Karachi,Provincial Highway,Poor,Clear,Daylight,Bus/Coach,1,Drunk Driving,1,0,0,1,3,0,Medium
2023,10,Friday,14,Punjab,Rawalpindi,Provincial Highway,Good,Rainy,Daylight,Truck/Lorry,2,Over Speeding,0,0,0,0,11,2,High
2021,8,Sunday,12,Sindh,Dadu,Urban Road,Poor,Dusty/Smoggy,Daylight,Motorcycle,2,Over Speeding,1,1,0,0,5,1,High
2022,1,Thursday,22,Sindh,Dadu,National Highway,Poor,Clear,Street Light,Motorcycle,2,Weather Condition,0,0,1,1,7,3,High
2020,3,Sunday,17,Sindh,Kashmore,Provincial Highway,Good,Clear,Dawn/Dusk,Bicycle,3,Over Speeding,1,1,0,0,10,3,High
2022,10,Sunday,15,KPK,Bannu,Motorway,Good,Extreme Heat,Daylight,Car/Taxi,1,Mechanical Failure,0,1,0,0,1,0,Low
2020,2,Monday,14,Punjab,Rahim Yar Khan,National Highway,Poor,Foggy,Daylight,Bus/Coach,2,Drunk Driving,0,0,0,1,10,2,High
2020,5,Saturday,13,KPK,Kohat,Urban Road,Poor,Foggy,Dawn/Dusk,Car/Taxi,3,Wrong Overtaking,1,1,0,0,2,0,Low
2022,6,Friday,12,Sindh,Nawabshah,Rural Road,Poor,Foggy,Daylight,Motorcycle,4,Over Speeding,1,0,0,0,2,0,Medium
2022,9,Sunday,3,Sindh,Dadu,Urban Road,Average,Clear,Street Light,Car/Taxi,1,Pedestrian Error,0,1,1,0,2,0,Low
2020,1,Sunday,21,Sindh,Larkana,Rural Road,Good,Clear,No Light,Car/Taxi,2,Wrong Overtaking,0,1,0,1,1,0,Low
2023,11,Wednesday,9,Punjab,Multan,Motorway,Average,Rainy,Daylight,Car/Taxi,2,Wrong Overtaking,1,0,0,1,2,1,High
2021,10,Friday,7,Sindh,Dadu,Provincial Highway,Poor,Clear,Street Light,Truck/Lorry,2,Mechanical Failure,1,0,0,0,1,0,Low
2022,5,Saturday,5,Sindh,Jacobabad,National Highway,Average,Clear,Street Light,Motorcycle,3,Road Condition,0,1,1,0,1,1,Medium
2019,7,Thursday,7,Punjab,Sialkot,Provincial Highway,Average,Clear,Daylight,Car/Taxi,1,Mobile Phone Use,1,0,0,0,2,1,Low
2019,7,Thursday,23,Punjab,Rahim Yar Khan,Urban Road,Poor,Clear,Street Light,Motorcycle,3,Signal Violation,0,0,1,0,3,0,Medium
2020,10,Friday,9,Punjab,Sialkot,National Highway,Under Repair,Clear,Daylight,Car/Taxi,4,Wrong Overtaking,1,0,0,0,3,0,Medium
2021,4,Wednesday,18,Islamabad,Islamabad,National Highway,Good,Extreme Heat,Daylight,Car/Taxi,2,Wrong Overtaking,1,0,0,0,1,0,Low
2019,9,Thursday,11,KPK,Kohat,National Highway,Average,Clear,Daylight,Van/Pickup,3,Mobile Phone Use,0,0,0,0,1,0,Low
2021,3,Sunday,15,Punjab,Multan,National Highway,Good,Rainy,Daylight,Truck/Lorry,3,Over Speeding,0,1,0,0,6,2,High
2023,11,Tuesday,9,Punjab,Rawalpindi,National Highway,Poor,Rainy,Daylight,Motorcycle,3,Signal Violation,1,0,0,1,8,1,High
2018,6,Friday,17,Sindh,Jacobabad,Urban Road,Average,Clear,Daylight,Motorcycle,3,Over Speeding,1,0,0,0,8,1,High
2020,5,Monday,17,KPK,Kohat,Urban Road,Under Repair,Foggy,Daylight,Motorcycle,2,Road Condition,1,0,0,0,5,0,Medium
2022,4,Sunday,19,Punjab,Faisalabad,Provincial Highway,Good,Clear,Street Light,Rickshaw,2,Signal Violation,1,1,0,0,5,0,Medium
2020,7,Thursday,15,Punjab,Rawalpindi,National Highway,Under Repair,Clear,Daylight,Car/Taxi,1,Over Speeding,0,0,0,0,4,2,Medium
2022,1,Friday,16,Balochistan,Hub,Rural Road,Poor,Clear,Daylight,Truck/Lorry,1,Over Speeding,0,0,0,1,1,0,Low
2023,5,Thursday,4,Punjab,Sheikhupura,Urban Road,Average,Clear,No Light,Rickshaw,1,Road Condition,0,0,1,0,1,0,Low
2022,1,Friday,16,Punjab,Sialkot,National Highway,Good,Foggy,Daylight,Motorcycle,2,Wrong Overtaking,0,0,0,1,3,2,High
2021,9,Thursday,10,Islamabad,Islamabad,Urban Road,Average,Rainy,Daylight,Motorcycle,2,Road Condition,0,0,0,0,5,2,Medium
2020,5,Saturday,13,Sindh,Hyderabad,National Highway,Average,Extreme Heat,Daylight,Motorcycle,3,Mechanical Failure,1,1,0,0,2,0,Medium
2018,7,Sunday,20,Punjab,Bahawalpur,Provincial Highway,Good,Rainy,Street Light,Motorcycle,4,Pedestrian Error,1,1,0,0,4,0,Medium
2019,2,Tuesday,9,Punjab,Sialkot,Rural Road,Average,Rainy,Daylight,Bicycle,2,Over Speeding,1,0,0,1,4,0,Medium
2021,7,Thursday,19,Punjab,Sialkot,Provincial Highway,Good,Foggy,Dawn/Dusk,Motorcycle,3,Driver Fatigue,1,0,0,0,10,1,High
2023,12,Friday,6,Punjab,Bahawalpur,National Highway,Good,Clear,Daylight,Motorcycle,2,Wrong Overtaking,0,0,0,1,5,0,Medium
2023,8,Thursday,19,Balochistan,Loralai,Rural Road,Good,Dusty/Smoggy,Dawn/Dusk,Car/Taxi,1,Signal Violation,1,0,0,0,2,0,Low
2020,6,Monday,21,Punjab,Gujranwala,National Highway,Good,Clear,No Light,Motorcycle,3,Wrong Overtaking,0,0,0,0,4,1,High
2020,6,Thursday,23,KPK,Bannu,Provincial Highway,Average,Dusty/Smoggy,No Light,Motorcycle,4,Mechanical Failure,0,0,1,0,5,0,Medium
2018,9,Sunday,10,Balochistan,Quetta,Provincial Highway,Good,Clear,Street Light,Rickshaw,2,Wrong Overtaking,0,1,0,0,2,1,Medium
2020,1,Wednesday,13,Punjab,Multan,Rural Road,Good,Foggy,Daylight,Bus/Coach,2,Wrong Overtaking,1,0,0,1,3,2,Medium
2023,12,Sunday,20,Punjab,Rahim Yar Khan,Motorway,Good,Foggy,No Light,Rickshaw,1,Wrong Overtaking,1,1,0,1,3,1,Medium
2023,11,Monday,21,Sindh,Dadu,Provincial Highway,Good,Foggy,Street Light,Car/Taxi,1,Over Speeding,0,0,0,1,4,0,Medium
2018,1,Thursday,8,Balochistan,Turbat,Urban Road,Poor,Extreme Heat,Daylight,Motorcycle,2,Signal Violation,1,0,0,1,2,0,Low
2023,4,Sunday,19,KPK,Abbottabad,Provincial Highway,Average,Foggy,Street Light,Rickshaw,2,Wrong Overtaking,1,1,0,0,2,0,Medium
2019,8,Friday,7,Punjab,Rawalpindi,National Highway,Poor,Foggy,Daylight,Motorcycle,2,Driver Fatigue,1,0,0,0,5,3,High
2019,6,Monday,20,KPK,Mansehra,Rural Road,Average,Clear,Street Light,Rickshaw,1,Wrong Overtaking,1,0,0,0,0,1,Low
2022,10,Tuesday,15,Sindh,Sukkur,Provincial Highway,Good,Foggy,Daylight,Other,2,Signal Violation,0,0,0,0,4,0,Medium
2022,2,Tuesday,5,Balochistan,Khuzdar,Urban Road,Average,Foggy,Dawn/Dusk,Motorcycle,3,Road Condition,0,0,1,1,3,0,Medium
2022,11,Wednesday,21,Punjab,Gujranwala,Provincial Highway,Good,Rainy,Street Light,Bus/Coach,2,Wrong Overtaking,0,0,0,1,3,1,Medium
2023,1,Wednesday,7,Sindh,Sukkur,Rural Road,Average,Foggy,Street Light,Car/Taxi,3,Over Speeding,1,0,0,1,2,0,Low
2023,8,Tuesday,19,Balochistan,Hub,Urban Road,Poor,Rainy,No Light,Motorcycle,1,Drunk Driving,1,0,0,0,3,1,Medium
2019,6,Thursday,16,Punjab,Rawalpindi,Provincial Highway,Good,Rainy,Street Light,Car/Taxi,1,Road Condition,0,0,0,0,5,0,Medium
2023,4,Thursday,19,Sindh,Hyderabad,Provincial Highway,Average,Rainy,Dawn/Dusk,Bicycle,2,Over Speeding,1,0,0,0,3,0,High
2019,11,Saturday,18,Punjab,Bahawalpur,Provincial Highway,Good,Clear,Daylight,Rickshaw,2,Over Speeding,1,1,0,1,2,0,Medium
2018,8,Saturday,6,Punjab,Rawalpindi,Urban Road,Poor,Clear,Dawn/Dusk,Car/Taxi,3,Signal Violation,0,1,0,0,1,0,Low
2021,2,Monday,14,Punjab,Sialkot,Rural Road,Poor,Clear,Daylight,Van/Pickup,1,Road Condition,0,0,0,1,2,0,Low
2020,6,Sunday,20,Islamabad,Islamabad,Provincial Highway,Good,Clear,No Light,Car/Taxi,2,Over Speeding,1,1,0,0,1,1,Medium