year,month,day_of_week,hour_of_day,province,district,road_type,road_condition,weather_condition,lighting_condition,vehicle_type,vehicles_involved,accident_cause,is_rush_hour,is_weekend,is_night,is_foggy_month,num_injured,num_killed,severity
2020,12,Friday,16,Punjab,Faisalabad,Rural Road,Average,Foggy,Daylight,Motorcycle,1,Drunk Driving,0,0,0,1,4,1,Medium
2019,1,Thursday,10,Sindh,Karachi,Rural Road,Poor,Foggy,Daylight,Bus/Coach,4,Pedestrian Error,0,0,0,1,1,0,Low
2019,2,Tuesday,21,KPK,Charsadda,Provincial Highway,Average,Dusty/Smoggy,No Light,Car/Taxi,2,Wrong Overtaking,0,0,0,1,0,0,Low
2021,6,Sunday,19,Punjab,Rawalpindi,National Highway,Poor,Foggy,Dawn/Dusk,Car/Taxi,2,Road Condition,1,1,0,0,1,1,Medium
2021,2,Wednesday,22,Sindh,Hyderabad,Rural Road,Average,Clear,No Light,Motorcycle,2,Mechanical Failure,0,0,1,1,3,1,Medium
2022,3,Friday,21,KPK,Mardan,National Highway,Good,Extreme Heat,Street Light,Motorcycle,2,Pedestrian Error,0,0,0,0,10,2,High
2021,5,Friday,22,Balochistan,Hub,Provincial Highway,Average,Clear,No Light,Car/Taxi,1,Wrong Overtaking,0,0,1,0,3,1,Medium
2018,8,Thursday,0,Sindh,Nawabshah,Rural Road,Good,Clear,Street Light,Car/Taxi,3,Over Speeding,0,0,1,0,1,0,Medium
2018,7,Monday,21,KPK,Mardan,National Highway,Good,Clear,Street Light,Car/Taxi,1,Signal Violation,0,0,0,0,2,2,Medium
2022,3,Sunday,10,Punjab,Sialkot,Urban Road,Good,Clear,Daylight,Car/Taxi,2,Mechanical Failure,0,1,0,0,1,0,Low
2019,5,Sunday,20,Islamabad,Islamabad,Rural Road,Poor,Clear,No Light,Motorcycle,2,Wrong Overtaking,1,1,0,0,2,0,Low
2019,8,Friday,1,Punjab,Lahore,National Highway,Poor,Rainy,No Light,Motorcycle,4,Over Speeding,0,0,1,0,8,2,High
2023,10,Friday,18,KPK,Bannu,Provincial Highway,Good,Clear,Daylight,Van/Pickup,1,Mechanical Failure,1,0,0,0,0,0,Low
2022,6,Sunday,12,Punjab,Multan,National Highway,Good,Clear,Street Light,Truck/Lorry,1,Over Speeding,1,1,0,0,3,1,High
2022,4,Tuesday,23,Islamabad,Islamabad,Urban Road,Good,Foggy,No Light,Van/Pickup,1,Driver Fatigue,0,0,1,0,7,0,High
2022,10,Friday,23,KPK,Kohat,National Highway,Poor,Rainy,No Light,Bus/Coach,3,Wrong Overtaking,0,0,1,0,10,2,High
2020,4,Tuesday,14,KPK,Abbottabad,National Highway,Average,Clear,Daylight,Car/Taxi,1,Mobile Phone Use,0,0,0,0,4,2,Medium
2020,6,Wednesday,15,Punjab,Sialkot,National Highway,Poor,Clear,Daylight,Car/Taxi,2,Wrong Overtaking,0,0,0,0,2,0,Low
2020,8,Monday,13,Sindh,Karachi,Provincial Highway,Good,Foggy,Daylight,Motorcycle,1,Mechanical Failure,1,0,0,0,10,1,High
2021,11,Sunday,13,Sindh,Jacobabad,Urban Road,Good,Clear,Street Light,Bus/Coach,2,Pedestrian Error,1,1,0,1,0,0,Low
2022,1,Friday,12,KPK,Charsadda,Urban Road,Poor,Clear,Daylight,Motorcycle,1,Drunk Driving,1,0,0,1,2,1,Medium
2021,12,Friday,20,Punjab,Rawalpindi,Provincial Highway,Under Repair,Clear,No Light,Car/Taxi,4,Wrong Overtaking,1,0,0,1,3,1,Medium
2022,9,Friday,20,Islamabad,Islamabad,Provincial Highway,Average,Clear,No Light,Car/Taxi,2,Mechanical Failure,1,0,0,0,1,0,Low
2023,12,Saturday,10,Balochistan,Turbat,Urban Road,Average,Clear,Daylight,Car/Taxi,3,Pedestrian Error,0,1,0,1,0,0,Low
2021,6,Saturday,6,Punjab,Multan,Urban Road,Good,Clear,Daylight,Car/Taxi,2,Over Speeding,0,1,0,0,2,0,Medium
2022,1,Sunday,12,KPK,Charsadda,Urban Road,Average,Clear,Daylight,Bus/Coach,2,Pedestrian Error,1,1,0,1,0,1,Low
2018,2,Saturday,7,Sindh,Thatta,National Highway,Poor,Clear,Daylight,Motorcycle,1,Over Speeding,1,1,0,1,3,0,High
2018,6,Sunday,11,Sindh,Thatta,National Highway,Average,Rainy,Daylight,Bicycle,1,Signal Violation,0,1,0,0,2,1,High
2021,4,Monday,19,Punjab,Faisalabad,Provincial Highway,Under Repair,Clear,Daylight,Car/Taxi,2,Drunk Driving,1,0,0,0,1,1,Medium
2019,5,Thursday,10,Sindh,Larkana,Provincial Highway,Good,Clear,Street Light,Rickshaw,1,Over Speeding,0,0,0,0,3,1,Medium
2020,5,Friday,15,KPK,Dera Ismail Khan,Rural Road,Average,Foggy,Daylight,Car/Taxi,2,Mechanical Failure,0,0,0,0,0,0,Low
2022,7,Monday,18,Punjab,Lahore,National Highway,Average,Clear,Dawn/Dusk,Bus/Coach,2,Wrong Overtaking,1,0,0,0,2,0,Medium
2020,6,Wednesday,18,Sindh,Jacobabad,Rural Road,Good,Clear,Daylight,Motorcycle,1,Signal Violation,1,0,0,0,1,1,Medium
2021,8,Wednesday,22,KPK,Dera Ismail Khan,Motorway,Good,Clear,Street Light,Motorcycle,2,Over Speeding,0,0,1,0,10,2,High
2019,10,Wednesday,11,KPK,Mansehra,Rural Road,Average,Foggy,Daylight,Rickshaw,1,Driver Fatigue,0,0,0,0,2,0,Medium
2020,2,Friday,12,Punjab,Sargodha,Rural Road,Good,Dusty/Smoggy,Daylight,Car/Taxi,2,Road Condition,1,0,0,1,1,0,Low
2018,8,Thursday,18,Balochistan,Dera Bugti,National Highway,Average,Clear,Daylight,Bicycle,1,Driver Fatigue,1,0,0,0,7,3,High
2019,3,Monday,8,Sindh,Mirpur Khas,Rural Road,Average,Clear,No Light,Car/Taxi,2,Drunk Driving,1,0,0,0,0,0,Low
2021,2,Wednesday,12,Punjab,Sialkot,Urban Road,Good,Clear,Daylight,Motorcycle,1,Signal Violation,1,0,0,1,5,0,Medium
2020,9,Tuesday,9,Punjab,Sialkot,Urban Road,Average,Foggy,Daylight,Truck/Lorry,1,Mechanical Failure,1,0,0,0,1,0,Medium
2021,11,Friday,18,Sindh,Nawabshah,Provincial Highway,Average,Foggy,Daylight,Car/Taxi,1,Wrong Overtaking,1,0,0,1,1,0,Medium
2022,7,Thursday,11,Balochistan,Sibi,Rural Road,Average,Clear,Daylight,Motorcycle,2,Driver Fatigue,0,0,0,0,4,0,Medium
2022,2,Monday,17,Punjab,Multan,Provincial Highway,Good,Clear,Daylight,Rickshaw,2,Over Speeding,1,0,0,1,5,0,Medium
2021,12,Sunday,18,KPK,Mardan,Urban Road,Poor,Clear,Daylight,Motorcycle,3,Over Speeding,1,1,0,1,5,0,Medium
2020,1,Friday,22,Punjab,Sheikhupura,National Highway,Poor,Clear,No Light,Truck/Lorry,2,Signal Violation,0,0,1,1,5,0,Medium
2023,3,Friday,11,Sindh,Kashmore,Urban Road,Good,Clear,Daylight,Motorcycle,1,Mechanical Failure,0,0,0,0,1,0,Low
2021,12,Sunday,20,Gilgit-Baltistan,Hunza,National Highway,Average,Clear,No Light,Motorcycle,4,Road Condition,1,1,0,1,4,0,High
2018,2,Saturday,9,KPK,Kohat,National Highway,Poor,Clear,Daylight,Rickshaw,1,Wrong Overtaking,1,1,0,1,5,0,Medium
2022,12,Friday,14,Punjab,Sialkot,Provincial Highway,Good,Clear,Street Light,Motorcycle,2,Pedestrian Error,0,0,0,1,5,0,Medium
2018,7,Tuesday,11,Sindh,Jacobabad,Rural Road,Good,Clear,Daylight,Rickshaw,3,Wrong Overtaking,0,0,0,0,1,0,Low
2022,8,Tuesday,17,Punjab,Gujranwala,Rural Road,Poor,Clear,Street Light,Bus/Coach,3,Pedestrian Error,1,0,0,0,2,0,Low
2020,2,Thursday,21,Punjab,Gujranwala,Rural Road,Average,Clear,Street Light,Motorcycle,4,Wrong Overtaking,0,0,0,1,0,1,Low
2022,6,Saturday,9,KPK,Mansehra,Rural Road,Good,Extreme Heat,Dawn/Dusk,Motorcycle,3,Road Condition,1,1,0,0,0,0,Low
2019,12,Tuesday,13,KPK,Charsadda,Motorway,Good,Clear,Daylight,Rickshaw,1,Over Speeding,1,0,0,1,2,0,Medium
2023,7,Saturday,14,Punjab,Faisalabad,Urban Road,Average,Clear,Daylight,Car/Taxi,2,Over Speeding,0,1,0,0,0,0,Low
2021,12,Saturday,9,Islamabad,Islamabad,National Highway,Poor,Clear,Daylight,Motorcycle,2,Driver Fatigue,1,1,0,1,8,1,High
2020,11,Tuesday,0,Sindh,Kashmore,Urban Road,Good,Rainy,No Light,Motorcycle,1,Signal Violation,0,0,1,1,2,0,Medium
2022,10,Tuesday,19,Punjab,Sheikhupura,Urban Road,Good,Clear,Street Light,Motorcycle,2,Mechanical Failure,1,0,0,0,0,0,Low
2023,4,Saturday,15,Sindh,Kashmore,National Highway,Average,Clear,Daylight,Car/Taxi,2,Wrong Overtaking,0,1,0,0,4,1,Medium
2020,5,Friday,13,Sindh,Mirpur Khas,Urban Road,Good,Clear,Daylight,Motorcycle,1,Road Condition,1,0,0,0,1,0,Low
2022,4,Saturday,17,Sindh,Larkana,Provincial Highway,Average,Clear,Daylight,Motorcycle,3,Weather Condition,1,1,0,0,4,2,Medium
2021,5,Sunday,11,Sindh,Thatta,National Highway,Average,Foggy,Daylight,Bus/Coach,2,Wrong Overtaking,0,1,0,0,10,3,High
2019,6,Thursday,11,Sindh,Larkana,Rural Road,Poor,Dusty/Smoggy,Dawn/Dusk,Motorcycle,3,Pedestrian Error,0,0,0,0,1,0,Low
2020,6,Thursday,19,Punjab,Faisalabad,National Highway,Under Repair,Dusty/Smoggy,Dawn/Dusk,Truck/Lorry,1,Over Speeding,1,0,0,0,7,3,High
2023,9,Wednesday,12,KPK,Kohat,National Highway,Good,Foggy,Dawn/Dusk,Truck/Lorry,1,Pedestrian Error,1,0,0,0,2,1,Medium
2021,9,Friday,20,Sindh,Mirpur Khas,National Highway,Good,Clear,No Light,Motorcycle,1,Pedestrian Error,1,0,0,0,11,0,High
2021,2,Thursday,7,Punjab,Multan,Urban Road,Average,Rainy,Daylight,Rickshaw,2,Mobile Phone Use,1,0,0,1,2,0,Low
2021,4,Tuesday,9,KPK,Abbottabad,Rural Road,Poor,Clear,Dawn/Dusk,Rickshaw,2,Wrong Overtaking,1,0,0,0,1,0,Low
2022,11,Tuesday,11,Islamabad,Islamabad,National Highway,Poor,Extreme Heat,Daylight,Motorcycle,4,Signal Violation,0,0,0,1,3,0,High
2022,2,Tuesday,13,Islamabad,Islamabad,Provincial Highway,Good,Foggy,Dawn/Dusk,Bicycle,2,Over Speeding,1,0,0,1,11,2,High
2023,3,Wednesday,7,Punjab,Gujranwala,Urban Road,Good,Clear,Daylight,Truck/Lorry,2,Pedestrian Error,1,0,0,0,0,0,Low
2019,2,Wednesday,5,Punjab,Sheikhupura,Urban Road,Average,Clear,No Light,Motorcycle,2,Wrong Overtaking,0,0,1,1,10,1,High
2020,7,Saturday,7,Sindh,Dadu,Urban Road,Good,Clear,Daylight,Rickshaw,3,Over Speeding,1,1,0,0,1,0,Medium
2018,12,Friday,8,Punjab,Sheikhupura,Provincial Highway,Good,Foggy,Street Light,Bicycle,2,Wrong Overtaking,1,0,0,1,7,0,High
2021,5,Sunday,17,Islamabad,Islamabad,Provincial Highway,Good,Dusty/Smoggy,Dawn/Dusk,Van/Pickup,1,Wrong Overtaking,1,1,0,0,0,1,Low
2021,3,Saturday,19,Punjab,Sialkot,Rural Road,Good,Rainy,Daylight,Motorcycle,4,Over Speeding,1,1,0,0,2,1,High
2021,1,Thursday,16,Punjab,Bahawalpur,Motorway,Good,Clear,Daylight,Bicycle,2,Signal Violation,0,0,0,1,2,0,Medium
2022,5,Saturday,21,Punjab,Lahore,National Highway,Poor,Clear,No Light,Car/Taxi,1,Road Condition,0,1,0,0,2,0,Low
2018,2,Friday,12,Punjab,Lahore,Motorway,Good,Clear,Daylight,Motorcycle,4,Signal Violation,1,0,0,1,4,0,Medium
2018,9,Sunday,19,KPK,Nowshera,National Highway,Good,Extreme Heat,Dawn/Dusk,Rickshaw,2,Drunk Driving,1,1,0,0,2,0,Medium
2020,3,Monday,20,Sindh,Mirpur Khas,Rural Road,Poor,Clear,No Light,Bicycle,1,Drunk Driving,1,0,0,0,2,0,Medium
2021,4,Tuesday,11,Punjab,Faisalabad,National Highway,Average,Clear,Daylight,Motorcycle,2,Pedestrian Error,0,0,0,0,8,2,High
2022,12,Sunday,10,Punjab,Multan,Urban Road,Good,Clear,Daylight,Motorcycle,1,Driver Fatigue,0,1,0,1,4,2,Medium
2019,2,Tuesday,10,Sindh,Larkana,Urban Road,Average,Clear,Daylight,Motorcycle,4,Pedestrian Error,0,0,0,1,2,0,Low
2022,10,Saturday,20,Punjab,Sialkot,Motorway,Average,Foggy,Street Light,Motorcycle,1,Wrong Overtaking,1,1,0,0,7,2,High
2019,7,Tuesday,3,Sindh,Thatta,Provincial Highway,Good,Dusty/Smoggy,Street Light,Motorcycle,2,Over Speeding,0,0,1,0,8,2,High
2020,8,Sunday,22,Sindh,Sukkur,Urban Road,Poor,Clear,Street Light,Car/Taxi,1,Road Condition,0,1,1,0,2,0,Low
2020,6,Tuesday,13,KPK,Nowshera,Urban Road,Under Repair,Dusty/Smoggy,No Light,Motorcycle,2,Driver Fatigue,1,0,0,0,5,1,Medium
2021,8,Sunday,20,Islamabad,Islamabad,Urban Road,Under Repair,Clear,No Light,Motorcycle,2,Over Speeding,1,1,0,0,2,1,Medium
2023,12,Friday,21,Balochistan,Turbat,Urban Road,Average,Clear,No Light,Other,2,Wrong Overtaking,0,0,0,1,0,0,Low
2019,9,Friday,23,Islamabad,Islamabad,Rural Road,Good,Dusty/Smoggy,Street Light,Car/Taxi,1,Over Speeding,0,0,1,0,5,1,Medium
2021,11,Tuesday,0,Punjab,Sheikhupura,Urban Road,Good,Clear,Street Light,Motorcycle,2,Pedestrian Error,0,0,1,1,4,0,Medium
2020,12,Thursday,14,Punjab,Sargodha,Provincial Highway,Good,Rainy,Daylight,Bicycle,2,Wrong Overtaking,0,0,0,1,5,0,Medium
2018,4,Sunday,19,Punjab,Lahore,National Highway,Good,Clear,Dawn/Dusk,Motorcycle,2,Road Condition,1,1,0,0,6,1,High
2021,2,Friday,12,Balochistan,Gwadar,Rural Road,Good,Foggy,Daylight,Motorcycle,3,Over Speeding,1,0,0,1,2,2,High
2023,5,Friday,16,AJK,Mirpur,National Highway,Average,Clear,Daylight,Car/Taxi,3,Driver Fatigue,0,0,0,0,6,0,High
2023,2,Saturday,3,Balochistan,Dera Bugti,National Highway,Good,Dusty/Smoggy,Street Light,Other,1,Pedestrian Error,0,1,1,1,3,0,Medium
2020,4,Monday,9,Punjab,Gujranwala,Urban Road,Average,Foggy,Daylight,Other,2,Mechanical Failure,1,0,0,0,0,0,Low
2020,7,Friday,14,Islamabad,Islamabad,Rural Road,Good,Clear,Daylight,Car/Taxi,2,Wrong Overtaking,0,0,0,0,2,0,Low
2020,11,Wednesday,13,Sindh,Dadu,National Highway,Poor,Foggy,Daylight,Motorcycle,3,Over Speeding,1,0,0,1,7,0,High
2022,5,Friday,19,Punjab,Rawalpindi,Urban Road,Poor,Clear,Dawn/Dusk,Truck/Lorry,2,Over Speeding,1,0,0,0,0,0,Low
2023,1,Sunday,6,Sindh,Mirpur Khas,Provincial Highway,Good,Clear,Daylight,Car/Taxi,1,Drunk Driving,0,1,0,1,2,1,Medium
2018,11,Tuesday,6,Punjab,Rahim Yar Khan,National Highway,Under Repair,Dusty/Smoggy,Daylight,Rickshaw,1,Over Speeding,0,0,0,1,4,0,Medium
2021,8,Friday,8,Sindh,Hyderabad,Urban Road,Poor,Dusty/Smoggy,Daylight,Car/Taxi,2,Over Speeding,1,0,0,0,5,0,Medium
2023,6,Wednesday,8,Punjab,Multan,Urban Road,Average,Foggy,Daylight,Car/Taxi,1,Wrong Overtaking,1,0,0,0,2,0,Low
2021,2,Friday,4,Sindh,Hyderabad,National Highway,Poor,Rainy,Street Light,Car/Taxi,1,Signal Violation,0,0,1,1,9,0,High
2021,5,Friday,5,Sindh,Thatta,Rural Road,Average,Clear,Street Light,Motorcycle,1,Road Condition,0,0,1,0,2,0,Low
2023,1,Thursday,7,Balochistan,Loralai,National Highway,Poor,Clear,Daylight,Car/Taxi,2,Mechanical Failure,1,0,0,1,2,0,Low
2022,7,Friday,0,KPK,Nowshera,Rural Road,Poor,Foggy,Street Light,Car/Taxi,2,Over Speeding,0,0,1,0,10,1,High
2020,12,Monday,21,Sindh,Jacobabad,Provincial Highway,Good,Clear,Street Light,Car/Taxi,3,Signal Violation,0,0,0,1,2,0,Low
2021,11,Saturday,9,KPK,Bannu,National Highway,Good,Clear,Daylight,Motorcycle,4,Driver Fatigue,1,1,0,1,6,2,High
2022,6,Wednesday,8,Balochistan,Turbat,Urban Road,Poor,Rainy,Daylight,Bus/Coach,1,Mechanical Failure,1,0,0,0,4,1,Medium
2021,7,Saturday,19,Punjab,Sialkot,Provincial Highway,Under Repair,Clear,No Light,Car/Taxi,1,Driver Fatigue,1,1,0,0,4,2,Medium
2018,7,Saturday,22,Sindh,Larkana,Rural Road,Under Repair,Extreme Heat,Street Light,Bus/Coach,2,Signal Violation,0,1,1,0,4,1,Medium
2020,8,Saturday,18,Punjab,Rahim Yar Khan,Urban Road,Good,Clear,Daylight,Car/Taxi,1,Over Speeding,1,1,0,0,0,0,Low
2023,4,Wednesday,8,Punjab,Sialkot,Rural Road,Good,Clear,Daylight,Rickshaw,3,Wrong Overtaking,1,0,0,0,2,1,Low
2020,8,Friday,5,KPK,Bannu,National Highway,Good,Clear,Dawn/Dusk,Rickshaw,2,Mobile Phone Use,0,0,1,0,0,0,Low
2023,8,Friday,5,Balochistan,Quetta,Provincial Highway,Under Repair,Clear,Street Light,Car/Taxi,1,Pedestrian Error,0,0,1,0,2,0,Low
2019,2,Saturday,4,Punjab,Faisalabad,Provincial Highway,Good,Clear,Street Light,Van/Pickup,1,Signal Violation,0,1,1,1,1,0,Low
2020,12,Sunday,22,KPK,Mansehra,National Highway,Poor,Clear,No Light,Motorcycle,1,Mechanical Failure,0,1,1,1,9,0,High
2023,9,Thursday,9,Balochistan,Loralai,Motorway,Good,Dusty/Smoggy,Daylight,Van/Pickup,2,Over Speeding,1,0,0,0,4,1,High
2022,10,Tuesday,10,Balochistan,Khuzdar,Urban Road,Poor,Clear,Street Light,Truck/Lorry,3,Over Speeding,0,0,0,0,1,0,Low
2020,11,Friday,7,Punjab,Lahore,Provincial Highway,Good,Foggy,Daylight,Bus/Coach,2,Over Speeding,1,0,0,1,10,1,High
2021,7,Monday,15,Balochistan,Loralai,Provincial Highway,Average,Clear,Dawn/Dusk,Car/Taxi,2,Mobile Phone Use,0,0,0,0,2,0,Low
2023,2,Sunday,2,Punjab,Faisalabad,Provincial Highway,Good,Clear,No Light,Motorcycle,3,Drunk Driving,0,1,1,1,3,1,High
2021,11,Sunday,8,Sindh,Nawabshah,National Highway,Good,Rainy,Daylight,Motorcycle,2,Mechanical Failure,1,1,0,1,5,1,Medium
2021,3,Wednesday,16,Punjab,Multan,Rural Road,Good,Clear,Daylight,Rickshaw,2,Over Speeding,0,0,0,0,0,1,Low
2018,9,Sunday,13,Punjab,Rahim Yar Khan,Rural Road,Poor,Clear,Street Light,Other,2,Road Condition,1,1,0,0,2,0,Low
2020,4,Monday,14,KPK,Swat,Urban Road,Good,Clear,Daylight,Rickshaw,2,Pedestrian Error,0,0,0,0,0,0,Low
2021,1,Friday,9,Sindh,Dadu,Provincial Highway,Good,Clear,Daylight,Motorcycle,3,Mechanical Failure,1,0,0,1,4,0,Medium
2018,10,Sunday,4,Punjab,Sargodha,National Highway,Under Repair,Clear,Street Light,Van/Pickup,1,Signal Violation,0,1,1,0,2,0,Medium
2021,6,Tuesday,18,Punjab,Lahore,National Highway,Good,Dusty/Smoggy,Dawn/Dusk,Motorcycle,2,Signal Violation,1,0,0,0,6,2,High
2021,11,Saturday,4,KPK,Swat,Provincial Highway,Poor,Clear,No Light,Rickshaw,2,Mobile Phone Use,0,1,1,1,2,0,Low
2023,6,Tuesday,7,Punjab,Rahim Yar Khan,Rural Road,Good,Clear,Daylight,Motorcycle,3,Signal Violation,1,0,0,0,2,0,Medium
2020,7,Wednesday,13,KPK,Mansehra,Provincial Highway,Average,Extreme Heat,Dawn/Dusk,Motorcycle,2,Road Condition,1,0,0,0,3,0,Medium
2018,10,Monday,10,Punjab,Faisalabad,Rural Road,Good,Clear,Daylight,Rickshaw,1,Over Speeding,0,0,0,0,1,0,Low
2019,7,Thursday,11,Punjab,Multan,Urban Road,Good,Clear,Daylight,Motorcycle,1,Over Speeding,0,0,0,0,5,1,High
2018,5,Monday,6,Punjab,Faisalabad,Urban Road,Good,Foggy,Daylight,Car/Taxi,3,Wrong Overtaking,0,0,0,0,1,0,Low
2022,6,Wednesday,20,Sindh,Karachi,Rural Road,Poor,Foggy,Street Light,Car/Taxi,3,Road Condition,1,0,0,0,1,0,Low
2022,2,Tuesday,0,Punjab,Lahore,National Highway,Average,Rainy,No Light,Car/Taxi,4,Pedestrian Error,0,0,1,1,1,1,Medium
2018,8,Friday,22,Punjab,Sheikhupura,Provincial Highway,Good,Foggy,Street Light,Van/Pickup,2,Driver Fatigue,0,0,1,0,7,0,High
2019,1,Monday,5,Islamabad,Islamabad,National Highway,Average,Rainy,No Light,Motorcycle,2,Signal Violation,0,0,1,1,4,1,High
2022,12,Saturday,19,Sindh,Dadu,Motorway,Average,Clear,Dawn/Dusk,Motorcycle,2,Wrong Overtaking,1,1,0,1,6,2,High
2022,11,Friday,9,Punjab,Multan,Motorway,Good,Clear,Dawn/Dusk,Motorcycle,1,Driver Fatigue,1,0,0,1,10,1,High
2021,1,Tuesday,8,Sindh,Thatta,Urban Road,Under Repair,Foggy,Daylight,Motorcycle,3,Wrong Overtaking,1,0,0,1,8,2,High
2018,4,Tuesday,7,Balochistan,Dera Bugti,Rural Road,Poor,Clear,Daylight,Motorcycle,2,Mechanical Failure,1,0,0,0,5,1,Medium
2022,5,Tuesday,13,Punjab,Sargodha,Rural Road,Poor,Clear,Street Light,Rickshaw,2,Mechanical Failure,1,0,0,0,2,0,Low
2019,7,Thursday,19,Punjab,Gujranwala,Provincial Highway,Poor,Clear,Dawn/Dusk,Motorcycle,1,Wrong Overtaking,1,0,0,0,6,1,High
2023,4,Tuesday,11,KPK,Dera Ismail Khan,Urban Road,Average,Foggy,Daylight,Bus/Coach,4,Over Speeding,0,0,0,0,3,2,Medium
2023,2,Sunday,3,Sindh,Hyderabad,Urban Road,Good,Clear,Street Light,Car/Taxi,2,Driver Fatigue,0,1,1,1,1,1,Medium
2023,10,Saturday,8,Sindh,Dadu,Provincial Highway,Poor,Clear,Daylight,Motorcycle,2,Signal Violation,1,1,0,0,11,0,High
2022,7,Thursday,12,Punjab,Sargodha,Provincial Highway,Average,Clear,Dawn/Dusk,Car/Taxi,2,Wrong Overtaking,1,0,0,0,1,0,Low
2021,5,Wednesday,8,Punjab,Multan,Rural Road,Average,Clear,Dawn/Dusk,Motorcycle,1,Over Speeding,1,0,0,0,1,2,Medium
2021,2,Monday,16,Sindh,Kashmore,National Highway,Good,Clear,Street Light,Motorcycle,2,Pedestrian Error,0,0,0,1,6,3,High
2022,3,Monday,21,Punjab,Faisalabad,National Highway,Good,Foggy,Street Light,Car/Taxi,1,Wrong Overtaking,0,0,0,0,1,1,Medium
2021,5,Sunday,11,Sindh,Hyderabad,Urban Road,Good,Clear,Daylight,Car/Taxi,2,Signal Violation,0,1,0,0,2,0,Low
2018,1,Monday,7,Sindh,Sukkur,Provincial Highway,Average,Clear,Daylight,Motorcycle,1,Pedestrian Error,1,0,0,1,5,0,Medium
2018,5,Wednesday,14,Punjab,Sialkot,National Highway,Good,Clear,Daylight,Bicycle,3,Over Speeding,0,0,0,0,8,3,High
2018,8,Wednesday,6,Islamabad,Islamabad,Motorway,Good,Clear,Dawn/Dusk,Motorcycle,3,Drunk Driving,0,0,0,0,8,2,High
2018,11,Saturday,4,Balochistan,Quetta,Provincial Highway,Poor,Clear,No Light,Motorcycle,2,Over Speeding,0,1,1,1,4,1,High
2023,1,Friday,18,KPK,Kohat,Motorway,Good,Clear,Daylight,Motorcycle,2,Over Speeding,1,0,0,1,9,1,High
2023,9,Monday,8,Punjab,Rahim Yar Khan,Provincial Highway,Average,Rainy,Daylight,Motorcycle,2,Signal Violation,1,0,0,0,4,1,High
2023,12,Monday,5,Punjab,Rawalpindi,Rural Road,Poor,Clear,Dawn/Dusk,Van/Pickup,2,Signal Violation,0,0,1,1,1,0,Medium
2023,1,Monday,14,Sindh,Jacobabad,Urban Road,Average,Clear,Daylight,Truck/Lorry,4,Wrong Overtaking,0,0,0,1,2,0,Low
2023,12,Friday,11,Punjab,Sargodha,Provincial Highway,Good,Clear,Daylight,Motorcycle,2,Over Speeding,0,0,0,1,5,0,Medium
2023,7,Tuesday,12,AJK,Mirpur,National Highway,Poor,Clear,Daylight,Motorcycle,1,Over Speeding,1,0,0,0,6,2,High
2018,12,Wednesday,21,Punjab,Gujranwala,National Highway,Good,Rainy,No Light,Car/Taxi,1,Signal Violation,0,0,0,1,7,2,High
2018,4,Monday,10,Sindh,Dadu,National Highway,Good,Clear,Daylight,Car/Taxi,2,Over Speeding,0,0,0,0,4,2,Medium
2023,12,Sunday,12,Punjab,Rahim Yar Khan,Urban Road,Average,Extreme Heat,Daylight,Car/Taxi,3,Over Speeding,1,1,0,1,2,0,Low
2022,5,Tuesday,8,Sindh,Thatta,National Highway,Average,Clear,Daylight,Rickshaw,3,Over Speeding,1,0,0,0,4,2,Medium
2021,9,Friday,19,Punjab,Sheikhupura,National Highway,Poor,Clear,Dawn/Dusk,Truck/Lorry,1,Over Speeding,1,0,0,0,3,3,High
2022,12,Monday,12,Sindh,Nawabshah,National Highway,Good,Clear,Daylight,Motorcycle,1,Pedestrian Error,1,0,0,1,4,1,High
2020,11,Sunday,22,Punjab,Bahawalpur,Urban Road,Average,Clear,No Light,Car/Taxi,2,Wrong Overtaking,0,1,1,1,2,0,Low
2023,4,Wednesday,18,Balochistan,Dera Bugti,Urban Road,Poor,Clear,Daylight,Car/Taxi,1,Signal Violation,1,0,0,0,2,0,Low
2022,3,Friday,7,Punjab,Faisalabad,Provincial Highway,Good,Clear,Street Light,Motorcycle,1,Driver Fatigue,1,0,0,0,5,1,Medium
2023,2,Wednesday,17,Balochistan,Hub,Motorway,Good,Clear,Dawn/Dusk,Motorcycle,2,Drunk Driving,1,0,0,1,9,1,High
2018,8,Tuesday,14,KPK,Charsadda,National Highway,Poor,Clear,Dawn/Dusk,Rickshaw,4,Wrong Overtaking,0,0,0,0,3,0,Medium
2021,8,Thursday,1,Punjab,Faisalabad,Motorway,Under Repair,Foggy,Street Light,Motorcycle,1,Over Speeding,0,0,1,0,6,4,High
2020,4,Saturday,13,KPK,Mardan,Urban Road,Good,Clear,Daylight,Motorcycle,2,Wrong Overtaking,1,1,0,0,1,0,Medium
2019,11,Sunday,19,Punjab,Rawalpindi,Rural Road,Average,Clear,Dawn/Dusk,Motorcycle,4,Over Speeding,1,1,0,1,2,1,Medium
2023,11,Wednesday,15,Islamabad,Islamabad,National Highway,Poor,Rainy,Daylight,Car/Taxi,2,Wrong Overtaking,0,0,0,1,1,0,Medium
2022,11,Saturday,21,Sindh,Hyderabad,Motorway,Good,Rainy,Street Light,Truck/Lorry,2,Signal Violation,0,1,0,1,2,2,Medium
2018,4,Sunday,18,Punjab,Multan,Urban Road,Average,Rainy,Street Light,Motorcycle,2,Wrong Overtaking,1,1,0,0,3,0,Medium
2018,6,Tuesday,20,Punjab,Multan,Urban Road,Good,Foggy,Street Light,Motorcycle,2,Mechanical Failure,1,0,0,0,1,0,Medium
2021,3,Wednesday,17,Punjab,Lahore,National Highway,Poor,Foggy,Street Light,Motorcycle,3,Over Speeding,1,0,0,0,8,3,High