year,month,day_of_week,hour_of_day,province,district,road_type,road_condition,weather_condition,lighting_condition,vehicle_type,vehicles_involved,accident_cause,is_rush_hour,is_weekend,is_night,is_foggy_month,num_injured,num_killed,severity
2023,8,Saturday,8,AJK,Mirpur,National Highway,Good,Dusty/Smoggy,Daylight,Truck/Lorry,2,Over Speeding,1,1,0,0,9,3,High
2019,2,Wednesday,5,Punjab,Sargodha,National Highway,Average,Extreme Heat,Street Light,Motorcycle,2,Over Speeding,0,0,1,1,2,1,High
2022,5,Tuesday,0,Sindh,Jacobabad,Provincial Highway,Good,Rainy,Street Light,Motorcycle,2,Over Speeding,0,0,1,0,7,1,High
2022,6,Sunday,23,Sindh,Mirpur Khas,National Highway,Good,Foggy,Street Light,Motorcycle,1,Wrong Overtaking,0,1,1,0,7,1,High
2023,10,Friday,12,Islamabad,Islamabad,Rural Road,Good,Clear,Dawn/Dusk,Rickshaw,2,Wrong Overtaking,1,0,0,0,1,0,Low
2021,12,Friday,18,Punjab,Multan,Urban Road,Under Repair,Clear,Daylight,Motorcycle,2,Signal Violation,1,0,0,1,1,1,Medium
2019,6,Friday,12,Sindh,Hyderabad,Rural Road,Good,Dusty/Smoggy,Daylight,Truck/Lorry,2,Signal Violation,1,0,0,0,2,0,Low
2021,3,Sunday,6,Sindh,Mirpur Khas,Provincial Highway,Good,Clear,Daylight,Car/Taxi,1,Mechanical Failure,0,1,0,0,0,0,Low
2023,9,Friday,13,KPK,Swat,Rural Road,Average,Foggy,Daylight,Motorcycle,1,Over Speeding,1,0,0,0,8,1,High
2022,7,Tuesday,18,Punjab,Bahawalpur,Rural Road,Good,Dusty/Smoggy,Daylight,Rickshaw,2,Drunk Driving,1,0,0,0,2,2,Medium
2021,3,Saturday,18,Punjab,Rahim Yar Khan,Motorway,Average,Foggy,Daylight,Motorcycle,2,Wrong Overtaking,1,1,0,0,10,2,High
2022,12,Wednesday,19,Punjab,Lahore,Rural Road,Poor,Clear,No Light,Car/Taxi,1,Wrong Overtaking,1,0,0,1,2,0,Low
2023,8,Saturday,12,KPK,Nowshera,Rural Road,Under Repair,Rainy,Daylight,Car/Taxi,1,Signal Violation,1,1,0,0,2,0,Medium
2023,12,Saturday,19,Punjab,Gujranwala,Provincial Highway,Poor,Clear,Daylight,Motorcycle,1,Road Condition,1,1,0,1,3,0,Medium
2021,8,Saturday,14,Sindh,Kashmore,Urban Road,Average,Dusty/Smoggy,Dawn/Dusk,Motorcycle,3,Mechanical Failure,0,1,0,0,2,0,Low
2020,12,Sunday,8,Punjab,Gujranwala,Urban Road,Average,Clear,Daylight,Motorcycle,2,Drunk Driving,1,1,0,1,9,0,High
2023,11,Saturday,19,Balochistan,Quetta,Urban Road,Average,Clear,Dawn/Dusk,Motorcycle,4,Drunk Driving,1,1,0,1,8,1,High
2022,11,Sunday,11,Islamabad,Islamabad,Motorway,Good,Clear,Daylight,Motorcycle,1,Mechanical Failure,0,1,0,1,1,0,Medium
2020,11,Tuesday,13,Sindh,Dadu,Provincial Highway,Good,Clear,Daylight,Motorcycle,2,Signal Violation,1,0,0,1,9,4,High
2021,1,Wednesday,20,Punjab,Sargodha,Rural Road,Good,Rainy,Street Light,Truck/Lorry,1,Road Condition,1,0,0,1,0,0,Low
2023,5,Friday,15,Punjab,Faisalabad,National Highway,Average,Clear,Daylight,Rickshaw,1,Over Speeding,0,0,0,0,6,1,High
2021,4,Wednesday,22,Punjab,Gujranwala,Provincial Highway,Average,Clear,Street Light,Truck/Lorry,2,Over Speeding,0,0,1,0,4,0,Medium
2019,12,Thursday,9,Punjab,Bahawalpur,National Highway,Average,Clear,Daylight,Motorcycle,2,Road Condition,1,0,0,1,3,0,Medium
2023,10,Friday,19,Sindh,Jacobabad,Urban Road,Poor,Foggy,Street Light,Bicycle,2,Wrong Overtaking,1,0,0,0,3,0,Medium
2018,11,Sunday,14,Sindh,Hyderabad,Urban Road,Good,Dusty/Smoggy,Daylight,Car/Taxi,2,Over Speeding,0,1,0,1,5,1,Medium
2022,8,Saturday,5,Islamabad,Islamabad,Provincial Highway,Under Repair,Dusty/Smoggy,No Light,Motorcycle,2,Signal Violation,0,1,1,0,4,0,Medium
2023,4,Monday,9,Punjab,Sargodha,Rural Road,Good,Extreme Heat,No Light,Car/Taxi,3,Over Speeding,1,0,0,0,0,0,Low
2023,12,Friday,19,KPK,Mansehra,National Highway,Under Repair,Clear,No Light,Rickshaw,1,Over Speeding,1,0,0,1,3,0,Medium
2020,12,Sunday,19,Sindh,Thatta,Provincial Highway,Good,Clear,Dawn/Dusk,Truck/Lorry,2,Over Speeding,1,1,0,1,3,0,Medium
2018,9,Monday,14,Sindh,Dadu,Urban Road,Good,Clear,Daylight,Motorcycle,1,Pedestrian Error,0,0,0,0,0,0,Low
2022,3,Sunday,5,Punjab,Sargodha,National Highway,Poor,Clear,Street Light,Motorcycle,2,Drunk Driving,0,1,1,0,6,2,High
2021,8,Sunday,17,Sindh,Thatta,Rural Road,Average,Foggy,Street Light,Car/Taxi,1,Wrong Overtaking,1,1,0,0,3,1,Medium
2019,7,Friday,17,Sindh,Kashmore,Provincial Highway,Under Repair,Extreme Heat,Daylight,Van/Pickup,2,Over Speeding,1,0,0,0,3,0,Medium
2019,7,Tuesday,12,KPK,Nowshera,Provincial Highway,Average,Clear,Daylight,Motorcycle,2,Mobile Phone Use,1,0,0,0,3,1,Medium
2021,7,Monday,9,Islamabad,Islamabad,Provincial Highway,Poor,Clear,Daylight,Bus/Coach,1,Road Condition,1,0,0,0,0,0,Low
2022,11,Tuesday,19,Punjab,Sargodha,Urban Road,Good,Clear,No Light,Motorcycle,2,Wrong Overtaking,1,0,0,1,0,0,Low
2020,4,Tuesday,19,Punjab,Lahore,Rural Road,Poor,Foggy,Daylight,Rickshaw,2,Road Condition,1,0,0,0,1,0,Low
2020,12,Friday,18,Sindh,Mirpur Khas,Provincial Highway,Good,Clear,Daylight,Motorcycle,3,Road Condition,1,0,0,1,2,2,Medium
2019,4,Monday,20,Sindh,Kashmore,Provincial Highway,Good,Clear,No Light,Rickshaw,2,Mechanical Failure,1,0,0,0,2,0,Low
2019,12,Saturday,22,Punjab,Gujranwala,Rural Road,Average,Clear,No Light,Motorcycle,1,Signal Violation,0,1,1,1,5,0,High
2018,6,Thursday,4,KPK,Swat,Motorway,Good,Extreme Heat,No Light,Bicycle,3,Wrong Overtaking,0,0,1,0,7,1,High
2022,5,Wednesday,10,AJK,Rawalakot,National Highway,Poor,Clear,Daylight,Car/Taxi,1,Signal Violation,0,0,0,0,0,0,Low
2020,3,Sunday,16,Islamabad,Islamabad,National Highway,Good,Clear,Daylight,Motorcycle,3,Signal Violation,0,1,0,0,10,1,High
2022,11,Monday,7,Punjab,Lahore,National Highway,Good,Foggy,Daylight,Motorcycle,2,Over Speeding,1,0,0,1,2,2,High
2023,1,Wednesday,18,Balochistan,Loralai,National Highway,Poor,Clear,Daylight,Car/Taxi,2,Wrong Overtaking,1,0,0,1,4,0,Medium
2019,1,Monday,23,KPK,Charsadda,Provincial Highway,Good,Clear,Street Light,Rickshaw,3,Over Speeding,0,0,1,1,4,0,Medium
2021,8,Sunday,11,Sindh,Mirpur Khas,National Highway,Average,Rainy,Dawn/Dusk,Car/Taxi,2,Weather Condition,0,1,0,0,1,0,Low
2019,12,Tuesday,9,Sindh,Larkana,National Highway,Average,Foggy,No Light,Motorcycle,4,Road Condition,1,0,0,1,3,0,High
2018,11,Wednesday,21,Balochistan,Sibi,Rural Road,Poor,Rainy,No Light,Rickshaw,4,Over Speeding,0,0,0,1,5,0,Medium
2023,1,Tuesday,14,Sindh,Sukkur,National Highway,Good,Clear,Daylight,Bus/Coach,2,Pedestrian Error,0,0,0,1,2,0,Medium
2023,1,Friday,17,Punjab,Rawalpindi,Rural Road,Good,Clear,Street Light,Van/Pickup,3,Wrong Overtaking,1,0,0,1,1,1,Low
2022,11,Thursday,20,Sindh,Larkana,Urban Road,Good,Clear,Street Light,Bus/Coach,2,Signal Violation,1,0,0,1,1,0,Medium
2022,8,Sunday,17,Sindh,Jacobabad,National Highway,Average,Clear,Street Light,Motorcycle,2,Wrong Overtaking,1,1,0,0,2,0,Medium
2023,8,Sunday,15,Punjab,Faisalabad,Provincial Highway,Average,Clear,Daylight,Motorcycle,3,Over Speeding,0,1,0,0,11,1,High
2022,4,Monday,21,Balochistan,Chaman,National Highway,Poor,Rainy,No Light,Rickshaw,1,Mechanical Failure,0,0,0,0,3,0,Medium
2020,11,Saturday,6,KPK,Mardan,Urban Road,Poor,Rainy,Daylight,Van/Pickup,1,Over Speeding,0,1,0,1,2,1,Low
2022,4,Friday,21,Sindh,Larkana,National Highway,Average,Clear,No Light,Motorcycle,2,Wrong Overtaking,0,0,0,0,2,0,Medium
2019,10,Sunday,8,Punjab,Faisalabad,Urban Road,Good,Foggy,Daylight,Van/Pickup,2,Over Speeding,1,1,0,0,0,0,Low
2020,7,Wednesday,0,Sindh,Dadu,Provincial Highway,Poor,Clear,Street Light,Car/Taxi,1,Over Speeding,0,0,1,0,10,2,High
2022,3,Wednesday,10,Punjab,Multan,National Highway,Good,Clear,Daylight,Rickshaw,3,Over Speeding,0,0,0,0,4,1,Medium
2019,9,Monday,10,Punjab,Gujranwala,Rural Road,Average,Rainy,Daylight,Motorcycle,4,Over Speeding,0,0,0,0,5,0,Medium
2023,6,Thursday,12,Sindh,Dadu,National Highway,Under Repair,Rainy,Street Light,Car/Taxi,2,Mechanical Failure,1,0,0,0,2,0,Low
2023,2,Saturday,19,Punjab,Faisalabad,Rural Road,Average,Clear,Dawn/Dusk,Car/Taxi,2,Road Condition,1,1,0,1,0,0,Low
2019,7,Wednesday,14,Sindh,Larkana,National Highway,Good,Clear,Daylight,Motorcycle,3,Mobile Phone Use,0,0,0,0,3,0,Medium
2022,12,Thursday,8,Punjab,Sialkot,Motorway,Poor,Clear,Daylight,Motorcycle,1,Weather Condition,1,0,0,1,2,2,Medium
2022,1,Sunday,4,Sindh,Karachi,Motorway,Average,Dusty/Smoggy,Street Light,Rickshaw,2,Mechanical Failure,0,1,1,1,4,1,Medium
2022,7,Friday,4,Punjab,Lahore,National Highway,Poor,Clear,No Light,Bus/Coach,2,Driver Fatigue,0,0,1,0,11,0,High
2020,6,Saturday,14,AJK,Rawalakot,National Highway,Poor,Clear,Daylight,Car/Taxi,1,Over Speeding,0,1,0,0,10,4,High
2023,1,Friday,9,Sindh,Nawabshah,Rural Road,Poor,Clear,Daylight,Car/Taxi,2,Over Speeding,1,0,0,1,1,1,Medium
2018,2,Thursday,6,KPK,Swat,National Highway,Average,Extreme Heat,Daylight,Van/Pickup,4,Driver Fatigue,0,0,0,1,3,1,Medium
2023,10,Sunday,12,Punjab,Gujranwala,National Highway,Under Repair,Clear,Daylight,Van/Pickup,1,Over Speeding,1,1,0,0,3,0,Medium
2023,2,Sunday,9,Punjab,Gujranwala,Urban Road,Under Repair,Clear,No Light,Truck/Lorry,3,Wrong Overtaking,1,1,0,1,3,1,Medium
2022,8,Thursday,8,AJK,Muzaffarabad,National Highway,Good,Clear,Daylight,Van/Pickup,4,Wrong Overtaking,1,0,0,0,2,0,Medium
2020,4,Friday,21,Punjab,Gujranwala,Provincial Highway,Good,Foggy,Street Light,Car/Taxi,1,Wrong Overtaking,0,0,0,0,0,0,Low
2021,2,Saturday,18,Sindh,Hyderabad,Provincial Highway,Poor,Clear,Daylight,Rickshaw,2,Road Condition,1,1,0,1,1,0,Low
2022,1,Saturday,16,Sindh,Jacobabad,National Highway,Average,Clear,Dawn/Dusk,Car/Taxi,2,Drunk Driving,0,1,0,1,11,1,High
2023,6,Monday,4,Punjab,Rahim Yar Khan,National Highway,Good,Foggy,No Light,Bus/Coach,4,Over Speeding,0,0,1,0,10,1,High
2023,11,Tuesday,20,KPK,Bannu,Urban Road,Good,Clear,No Light,Bus/Coach,1,Signal Violation,1,0,0,1,0,0,Low
2023,4,Saturday,20,Sindh,Jacobabad,Provincial Highway,Poor,Extreme Heat,Street Light,Car/Taxi,2,Signal Violation,1,1,0,0,0,0,Low
2022,12,Monday,9,Punjab,Bahawalpur,Urban Road,Good,Foggy,Daylight,Motorcycle,3,Over Speeding,1,0,0,1,2,4,High
2020,11,Tuesday,18,Punjab,Rahim Yar Khan,Rural Road,Good,Clear,Daylight,Bus/Coach,3,Pedestrian Error,1,0,0,1,0,0,Low
2019,7,Friday,17,Punjab,Rawalpindi,National Highway,Good,Foggy,Daylight,Other,3,Wrong Overtaking,1,0,0,0,1,1,Medium
2018,6,Thursday,7,Balochistan,Sibi,Rural Road,Good,Foggy,Daylight,Rickshaw,2,Wrong Overtaking,1,0,0,0,2,0,Low
2022,9,Sunday,8,KPK,Nowshera,Motorway,Good,Clear,Street Light,Motorcycle,3,Pedestrian Error,1,1,0,0,5,2,Medium
2020,10,Saturday,18,Punjab,Rahim Yar Khan,National Highway,Good,Rainy,Daylight,Bus/Coach,2,Mechanical Failure,1,1,0,0,4,0,Medium
2019,11,Sunday,19,Punjab,Multan,Rural Road,Poor,Clear,Dawn/Dusk,Car/Taxi,2,Signal Violation,1,1,0,1,2,0,Low
2021,1,Friday,12,KPK,Dera Ismail Khan,National Highway,Average,Foggy,Dawn/Dusk,Truck/Lorry,1,Signal Violation,1,0,0,1,2,0,Medium
2022,5,Thursday,16,Sindh,Jacobabad,Rural Road,Good,Rainy,Daylight,Motorcycle,4,Road Condition,0,0,0,0,4,0,Medium
2018,1,Saturday,19,Punjab,Rawalpindi,Rural Road,Good,Clear,Dawn/Dusk,Bus/Coach,1,Over Speeding,1,1,0,1,3,0,Medium
2021,6,Wednesday,19,Punjab,Rahim Yar Khan,Motorway,Good,Clear,Dawn/Dusk,Van/Pickup,2,Road Condition,1,0,0,0,1,1,Medium
2023,8,Wednesday,19,Punjab,Sargodha,Urban Road,Good,Dusty/Smoggy,No Light,Car/Taxi,1,Mechanical Failure,1,0,0,0,1,0,Low
2019,10,Friday,8,KPK,Abbottabad,Provincial Highway,Poor,Foggy,Street Light,Car/Taxi,1,Mobile Phone Use,1,0,0,0,0,0,Low
2019,1,Saturday,10,AJK,Mirpur,National Highway,Average,Foggy,Daylight,Rickshaw,2,Road Condition,0,1,0,1,3,1,Medium
2023,1,Tuesday,5,Punjab,Lahore,Provincial Highway,Poor,Clear,Dawn/Dusk,Motorcycle,2,Over Speeding,0,0,1,1,11,2,High
2021,2,Monday,16,Sindh,Nawabshah,Rural Road,Good,Clear,Dawn/Dusk,Bus/Coach,2,Wrong Overtaking,0,0,0,1,1,1,Low
2022,2,Wednesday,16,Sindh,Sukkur,National Highway,Good,Foggy,Dawn/Dusk,Truck/Lorry,2,Wrong Overtaking,0,0,0,1,7,0,High
2023,11,Saturday,7,Sindh,Kashmore,Rural Road,Good,Clear,Daylight,Car/Taxi,1,Road Condition,1,1,0,1,1,0,Low
2023,12,Sunday,18,Punjab,Faisalabad,Urban Road,Poor,Foggy,Street Light,Car/Taxi,3,Over Speeding,1,1,0,1,5,0,Medium
2019,11,Thursday,19,KPK,Abbottabad,Urban Road,Average,Rainy,Dawn/Dusk,Bus/Coach,2,Signal Violation,1,0,0,1,4,2,Medium
2018,12,Tuesday,8,Sindh,Thatta,Urban Road,Average,Rainy,Daylight,Motorcycle,2,Mechanical Failure,1,0,0,1,2,1,Medium
2018,8,Monday,5,Sindh,Sukkur,Rural Road,Good,Dusty/Smoggy,Street Light,Motorcycle,2,Wrong Overtaking,0,0,1,0,3,0,Medium
2022,10,Sunday,16,Punjab,Multan,Urban Road,Good,Clear,Daylight,Motorcycle,1,Signal Violation,0,1,0,0,1,2,Medium
2023,6,Thursday,21,Punjab,Faisalabad,Provincial Highway,Poor,Rainy,Street Light,Motorcycle,1,Road Condition,0,0,0,0,4,3,High
2023,12,Monday,5,Punjab,Bahawalpur,Rural Road,Good,Foggy,Dawn/Dusk,Rickshaw,1,Over Speeding,0,0,1,1,3,1,Medium
2018,3,Monday,19,KPK,Mansehra,Motorway,Poor,Clear,Street Light,Motorcycle,1,Over Speeding,1,0,0,0,11,3,High
2022,11,Saturday,19,Punjab,Sheikhupura,Urban Road,Poor,Rainy,Dawn/Dusk,Truck/Lorry,2,Mechanical Failure,1,1,0,1,1,0,Low
2023,5,Sunday,14,KPK,Charsadda,Urban Road,Average,Clear,Daylight,Motorcycle,2,Signal Violation,0,1,0,0,1,0,Medium
2019,10,Tuesday,11,Punjab,Multan,Urban Road,Poor,Foggy,Daylight,Car/Taxi,1,Over Speeding,0,0,0,0,0,0,Low
2023,2,Thursday,18,Punjab,Bahawalpur,National Highway,Under Repair,Clear,Daylight,Rickshaw,3,Wrong Overtaking,1,0,0,1,1,0,Low
2023,1,Sunday,15,Sindh,Karachi,Urban Road,Average,Dusty/Smoggy,Daylight,Car/Taxi,1,Road Condition,0,1,0,1,2,0,Low
2023,4,Tuesday,6,Punjab,Sheikhupura,Urban Road,Good,Clear,Daylight,Motorcycle,1,Road Condition,0,0,0,0,2,0,Low
2019,2,Sunday,5,Punjab,Gujranwala,Provincial Highway,Good,Clear,Daylight,Motorcycle,3,Mobile Phone Use,0,1,1,1,1,0,Medium
2022,3,Saturday,12,Punjab,Multan,Urban Road,Good,Foggy,Daylight,Motorcycle,2,Over Speeding,1,1,0,0,2,0,Medium
2022,4,Saturday,13,KPK,Kohat,Provincial Highway,Average,Clear,Daylight,Motorcycle,1,Driver Fatigue,1,1,0,0,1,0,Medium
2022,2,Saturday,18,KPK,Peshawar,Rural Road,Average,Clear,Daylight,Motorcycle,2,Over Speeding,1,1,0,1,2,0,Medium
2023,1,Thursday,16,Punjab,Faisalabad,National Highway,Poor,Clear,Daylight,Rickshaw,4,Mobile Phone Use,0,0,0,1,2,0,Low
2020,10,Tuesday,20,Sindh,Hyderabad,Provincial Highway,Average,Clear,Street Light,Car/Taxi,3,Wrong Overtaking,1,0,0,0,1,0,Low
2018,12,Tuesday,18,Punjab,Sheikhupura,Urban Road,Poor,Clear,Daylight,Rickshaw,2,Over Speeding,1,0,0,1,1,0,Medium
2021,1,Sunday,7,Punjab,Sialkot,Urban Road,Good,Clear,No Light,Car/Taxi,1,Over Speeding,1,1,0,1,5,0,Medium
2022,4,Thursday,5,Punjab,Rawalpindi,National Highway,Good,Dusty/Smoggy,No Light,Motorcycle,3,Over Speeding,0,0,1,0,2,1,High
2021,6,Monday,12,Balochistan,Gwadar,Provincial Highway,Under Repair,Rainy,Daylight,Car/Taxi,2,Pedestrian Error,1,0,0,0,1,0,Medium
2019,12,Saturday,21,Punjab,Lahore,Urban Road,Average,Clear,Street Light,Motorcycle,2,Road Condition,0,1,0,1,0,0,Low
2021,8,Wednesday,20,Punjab,Sargodha,National Highway,Good,Clear,Street Light,Truck/Lorry,2,Over Speeding,1,0,0,0,11,0,High
2022,12,Monday,19,Punjab,Sargodha,Rural Road,Average,Clear,Dawn/Dusk,Car/Taxi,2,Wrong Overtaking,1,0,0,1,2,0,Low
2019,11,Monday,15,Punjab,Bahawalpur,Provincial Highway,Under Repair,Rainy,Daylight,Car/Taxi,2,Wrong Overtaking,0,0,0,1,4,0,Medium
2022,3,Thursday,9,Sindh,Karachi,Provincial Highway,Poor,Clear,Daylight,Car/Taxi,1,Wrong Overtaking,1,0,0,0,0,0,Low
2022,12,Saturday,17,Punjab,Sheikhupura,Urban Road,Good,Dusty/Smoggy,Daylight,Car/Taxi,1,Wrong Overtaking,1,1,0,1,1,0,Low
2018,9,Tuesday,0,Punjab,Faisalabad,National Highway,Good,Foggy,No Light,Motorcycle,2,Over Speeding,0,0,1,0,6,3,High
2020,5,Friday,14,Sindh,Karachi,Provincial Highway,Poor,Foggy,Daylight,Motorcycle,2,Wrong Overtaking,0,0,0,0,7,0,High
2020,2,Saturday,6,Punjab,Lahore,Urban Road,Average,Clear,Daylight,Car/Taxi,1,Over Speeding,0,1,0,1,1,0,Low
2018,1,Tuesday,13,KPK,Charsadda,Provincial Highway,Poor,Rainy,Daylight,Car/Taxi,3,Wrong Overtaking,1,0,0,1,2,0,Low
2020,9,Tuesday,15,Sindh,Sukkur,Rural Road,Poor,Clear,Daylight,Car/Taxi,2,Pedestrian Error,0,0,0,0,1,0,Low
2019,2,Saturday,22,Punjab,Sialkot,Rural Road,Poor,Foggy,Street Light,Car/Taxi,2,Wrong Overtaking,0,1,1,1,1,1,Medium
2022,9,Tuesday,13,Sindh,Nawabshah,National Highway,Poor,Foggy,No Light,Car/Taxi,1,Wrong Overtaking,1,0,0,0,7,0,High
2021,10,Saturday,9,Punjab,Faisalabad,National Highway,Poor,Clear,Daylight,Motorcycle,2,Wrong Overtaking,1,1,0,0,4,2,Medium
2021,11,Sunday,10,Sindh,Hyderabad,Provincial Highway,Good,Clear,Street Light,Motorcycle,1,Wrong Overtaking,0,1,0,1,5,3,High
2023,1,Friday,11,Sindh,Karachi,Urban Road,Under Repair,Clear,Daylight,Motorcycle,4,Wrong Overtaking,0,0,0,1,5,1,Medium
2019,5,Tuesday,9,Punjab,Sheikhupura,Rural Road,Average,Rainy,Daylight,Motorcycle,2,Over Speeding,1,0,0,0,2,2,High
2022,11,Tuesday,21,Sindh,Karachi,National Highway,Average,Extreme Heat,No Light,Rickshaw,2,Pedestrian Error,0,0,0,1,0,0,Low
2020,1,Sunday,2,Balochistan,Zhob,Rural Road,Average,Extreme Heat,Street Light,Van/Pickup,2,Over Speeding,0,1,1,1,5,0,Medium
2020,3,Monday,2,Gilgit-Baltistan,Gilgit,National Highway,Under Repair,Rainy,No Light,Motorcycle,2,Pedestrian Error,0,0,1,0,5,0,High
2023,1,Thursday,6,Sindh,Nawabshah,Urban Road,Good,Clear,Daylight,Motorcycle,1,Road Condition,0,0,0,1,1,1,Medium
2019,9,Thursday,11,Punjab,Sialkot,Urban Road,Good,Rainy,Dawn/Dusk,Motorcycle,4,Wrong Overtaking,0,0,0,0,4,1,High
2023,12,Friday,13,Punjab,Multan,Motorway,Good,Clear,Dawn/Dusk,Motorcycle,2,Wrong Overtaking,1,0,0,1,6,1,High
2019,11,Thursday,9,Punjab,Gujranwala,Urban Road,Average,Clear,Daylight,Motorcycle,4,Signal Violation,1,0,0,1,0,0,Low
2023,3,Sunday,12,Sindh,Karachi,Urban Road,Good,Clear,Daylight,Motorcycle,1,Over Speeding,1,1,0,0,4,0,Medium
2022,1,Monday,12,Punjab,Rawalpindi,National Highway,Poor,Foggy,Daylight,Rickshaw,1,Wrong Overtaking,1,0,0,1,7,2,High
2018,2,Friday,14,Balochistan,Zhob,Urban Road,Good,Clear,Daylight,Motorcycle,4,Pedestrian Error,0,0,0,1,2,0,Low
2018,4,Monday,10,Punjab,Faisalabad,Urban Road,Poor,Clear,Daylight,Rickshaw,1,Over Speeding,0,0,0,0,2,0,Low
2022,6,Sunday,5,Punjab,Lahore,Urban Road,Average,Foggy,Street Light,Car/Taxi,2,Pedestrian Error,0,1,1,0,1,0,Low
2023,2,Sunday,18,Punjab,Lahore,National Highway,Under Repair,Foggy,Daylight,Car/Taxi,3,Pedestrian Error,1,1,0,1,3,0,Medium
2019,10,Saturday,18,KPK,Peshawar,Provincial Highway,Average,Clear,Daylight,Car/Taxi,1,Mobile Phone Use,1,1,0,0,1,0,Low
2020,5,Tuesday,8,Sindh,Kashmore,National Highway,Under Repair,Clear,Dawn/Dusk,Car/Taxi,2,Over Speeding,1,0,0,0,5,0,Medium
2020,7,Tuesday,22,Sindh,Kashmore,Rural Road,Good,Foggy,No Light,Truck/Lorry,3,Wrong Overtaking,0,0,1,0,5,2,Medium
2022,9,Saturday,14,Punjab,Lahore,Provincial Highway,Good,Clear,Daylight,Car/Taxi,2,Drunk Driving,0,1,0,0,2,0,Low
2019,12,Sunday,19,KPK,Mansehra,Rural Road,Good,Clear,Daylight,Rickshaw,1,Signal Violation,1,1,0,1,0,0,Low
2018,6,Wednesday,22,Punjab,Rahim Yar Khan,Provincial Highway,Good,Foggy,No Light,Motorcycle,1,Wrong Overtaking,0,0,1,0,11,0,High
2020,6,Saturday,0,Balochistan,Gwadar,Urban Road,Poor,Foggy,No Light,Car/Taxi,2,Wrong Overtaking,0,1,1,0,0,0,Low
2019,8,Friday,10,Sindh,Larkana,National Highway,Good,Clear,Daylight,Car/Taxi,1,Over Speeding,0,0,0,0,2,0,Medium
2020,12,Sunday,14,Punjab,Multan,Urban Road,Good,Clear,Daylight,Bicycle,1,Drunk Driving,0,1,0,1,2,1,Medium
2023,7,Saturday,9,Sindh,Thatta,Urban Road,Average,Clear,Daylight,Motorcycle,1,Over Speeding,1,1,0,0,4,1,Medium
2021,12,Sunday,16,KPK,Nowshera,National Highway,Under Repair,Clear,Street Light,Motorcycle,2,Signal Violation,0,1,0,1,3,0,Medium
2023,2,Saturday,8,Punjab,Gujranwala,Provincial Highway,Poor,Clear,Daylight,Van/Pickup,2,Over Speeding,1,1,0,1,3,1,Medium
2023,1,Monday,17,Balochistan,Loralai,Urban Road,Average,Foggy,Daylight,Car/Taxi,2,Road Condition,1,0,0,1,1,0,Low
2021,9,Wednesday,9,Sindh,Thatta,Provincial Highway,Average,Rainy,Street Light,Motorcycle,2,Over Speeding,1,0,0,0,8,3,High
2021,12,Saturday,20,Punjab,Rahim Yar Khan,Rural Road,Good,Rainy,No Light,Motorcycle,2,Drunk Driving,1,1,0,1,2,0,Medium
2020,1,Friday,11,Punjab,Bahawalpur,National Highway,Good,Rainy,Daylight,Bicycle,3,Signal Violation,0,0,0,1,5,1,High
2022,5,Tuesday,20,Sindh,Jacobabad,Motorway,Good,Extreme Heat,Street Light,Motorcycle,2,Signal Violation,1,0,0,0,9,0,High
2021,3,Thursday,14,Sindh,Jacobabad,Provincial Highway,Average,Foggy,Daylight,Car/Taxi,2,Over Speeding,0,0,0,0,1,0,Medium
2018,1,Friday,11,Punjab,Sheikhupura,Motorway,Good,Clear,Daylight,Motorcycle,2,Signal Violation,0,0,0,1,3,0,Medium
2019,7,Saturday,19,KPK,Kohat,Provincial Highway,Poor,Rainy,Daylight,Motorcycle,2,Signal Violation,1,1,0,0,1,0,Medium
2023,7,Monday,23,Sindh,Thatta,Rural Road,Good,Foggy,No Light,Bus/Coach,2,Wrong Overtaking,0,0,1,0,4,1,Medium
2019,10,Saturday,8,Islamabad,Islamabad,Rural Road,Poor,Clear,Daylight,Car/Taxi,2,Mobile Phone Use,1,1,0,0,2,0,Low
2023,3,Thursday,18,Sindh,Hyderabad,Provincial Highway,Good,Clear,Daylight,Car/Taxi,3,Wrong Overtaking,1,0,0,0,5,1,Medium
2020,3,Saturday,17,KPK,Charsadda,Urban Road,Good,Clear,Daylight,Rickshaw,3,Over Speeding,1,1,0,0,2,1,Medium
2023,7,Wednesday,20,Punjab,Lahore,Urban Road,Average,Rainy,Street Light,Motorcycle,1,Driver Fatigue,1,0,0,0,2,1,Medium
2023,8,Sunday,20,Punjab,Sheikhupura,National Highway,Average,Rainy,No Light,Motorcycle,2,Over Speeding,1,1,0,0,9,0,High
2019,11,Thursday,16,Punjab,Lahore,Urban Road,Good,Clear,Daylight,Car/Taxi,2,Over Speeding,0,0,0,1,4,1,Medium
2023,6,Sunday,10,Sindh,Thatta,Urban Road,Average,Clear,Daylight,Bus/Coach,2,Mobile Phone Use,0,1,0,0,1,0,Low
2021,5,Sunday,12,Balochistan,Khuzdar,Provincial Highway,Poor,Foggy,Street Light,Car/Taxi,1,Wrong Overtaking,1,1,0,0,4,1,Medium
2023,11,Thursday,22,Punjab,Multan,National Highway,Good,Rainy,Street Light,Car/Taxi,3,Over Speeding,0,0,1,1,3,2,High
2020,5,Monday,19,Punjab,Rahim Yar Khan,Provincial Highway,Average,Dusty/Smoggy,Daylight,Motorcycle,1,Over Speeding,1,0,0,0,5,0,Medium
2020,11,Friday,11,Balochistan,Loralai,Urban Road,Poor,Dusty/Smoggy,Daylight,Bus/Coach,2,Mechanical Failure,0,0,0,1,2,1,Low