year,month,day_of_week,hour_of_day,province,district,road_type,road_condition,weather_condition,lighting_condition,vehicle_type,vehicles_involved,accident_cause,is_rush_hour,is_weekend,is_night,is_foggy_month,num_injured,num_killed,severity
2021,6,Wednesday,12,Punjab,Rahim Yar Khan,Rural Road,Good,Foggy,Daylight,Car/Taxi,3,Road Condition,1,0,0,0,1,0,Low
2021,8,Sunday,5,KPK,Abbottabad,Provincial Highway,Good,Rainy,Daylight,Bicycle,1,Over Speeding,0,1,1,0,3,1,High
2018,12,Saturday,19,Sindh,Dadu,Provincial Highway,Poor,Clear,Dawn/Dusk,Motorcycle,1,Over Speeding,1,1,0,1,3,2,High
2020,1,Friday,11,KPK,Abbottabad,National Highway,Under Repair,Clear,Daylight,Bus/Coach,2,Driver Fatigue,0,0,0,1,5,0,Medium
2023,12,Saturday,22,Punjab,Bahawalpur,Provincial Highway,Good,Clear,Street Light,Motorcycle,2,Driver Fatigue,0,1,1,1,6,3,High
2020,6,Wednesday,5,Punjab,Bahawalpur,National Highway,Under Repair,Clear,Street Light,Truck/Lorry,1,Signal Violation,0,0,1,0,5,0,Medium
2022,6,Wednesday,7,Sindh,Sukkur,Provincial Highway,Poor,Clear,Daylight,Motorcycle,2,Signal Violation,1,0,0,0,5,0,High
2022,11,Saturday,15,Islamabad,Islamabad,Provincial Highway,Average,Clear,Daylight,Motorcycle,1,Signal Violation,0,1,0,1,1,1,Medium
2023,2,Tuesday,17,Punjab,Rawalpindi,Urban Road,Good,Rainy,Daylight,Car/Taxi,1,Road Condition,1,0,0,1,0,0,Low
2020,11,Saturday,9,Punjab,Rahim Yar Khan,Urban Road,Average,Foggy,Daylight,Car/Taxi,2,Driver Fatigue,1,1,0,1,4,1,Medium
2023,11,Sunday,21,Sindh,Mirpur Khas,Motorway,Average,Foggy,Street Light,Motorcycle,2,Over Speeding,0,1,0,1,8,4,High
2023,10,Thursday,12,Islamabad,Islamabad,National Highway,Good,Clear,Daylight,Motorcycle,4,Over Speeding,1,0,0,0,10,2,High
2019,12,Sunday,23,KPK,Charsadda,National Highway,Average,Clear,No Light,Motorcycle,3,Wrong Overtaking,0,1,1,1,11,0,High
2019,11,Saturday,8,Gilgit-Baltistan,Skardu,Provincial Highway,Average,Clear,Daylight,Car/Taxi,3,Over Speeding,1,1,0,1,0,0,Low
2021,12,Friday,15,Punjab,Gujranwala,Motorway,Poor,Dusty/Smoggy,Daylight,Car/Taxi,3,Over Speeding,0,0,0,1,2,1,Medium
2021,7,Thursday,8,Punjab,Gujranwala,National Highway,Average,Clear,Daylight,Car/Taxi,2,Wrong Overtaking,1,0,0,0,1,0,Medium
2018,2,Friday,15,Sindh,Nawabshah,Rural Road,Good,Clear,Daylight,Car/Taxi,2,Drunk Driving,0,0,0,1,2,0,Low
2019,2,Sunday,9,KPK,Charsadda,Provincial Highway,Under Repair,Clear,Daylight,Van/Pickup,1,Wrong Overtaking,1,1,0,1,2,0,Low
2020,5,Monday,13,Punjab,Sialkot,Motorway,Good,Dusty/Smoggy,Daylight,Van/Pickup,3,Over Speeding,1,0,0,0,8,3,High
2022,7,Thursday,14,Punjab,Sargodha,National Highway,Good,Foggy,Daylight,Car/Taxi,2,Over Speeding,0,0,0,0,8,0,High
2020,12,Friday,13,KPK,Bannu,National Highway,Good,Clear,Daylight,Motorcycle,2,Road Condition,1,0,0,1,4,0,Medium
2021,7,Monday,7,Punjab,Sargodha,National Highway,Under Repair,Clear,Daylight,Motorcycle,2,Mechanical Failure,1,0,0,0,3,2,High
2020,3,Saturday,7,Punjab,Sheikhupura,Urban Road,Under Repair,Foggy,Daylight,Truck/Lorry,1,Mechanical Failure,1,1,0,0,0,1,Low
2023,6,Wednesday,7,Sindh,Kashmore,Urban Road,Poor,Foggy,Daylight,Car/Taxi,2,Wrong Overtaking,1,0,0,0,1,0,Low
2019,1,Tuesday,12,Sindh,Karachi,National Highway,Good,Dusty/Smoggy,Daylight,Bus/Coach,1,Pedestrian Error,1,0,0,1,5,0,Medium
2021,8,Thursday,13,KPK,Abbottabad,National Highway,Average,Clear,Daylight,Car/Taxi,2,Over Speeding,1,0,0,0,3,0,Medium
2023,6,Tuesday,9,Punjab,Sialkot,Rural Road,Average,Clear,Street Light,Motorcycle,2,Road Condition,1,0,0,0,5,1,Medium
2018,8,Monday,14,Sindh,Sukkur,Urban Road,Under Repair,Rainy,Daylight,Motorcycle,2,Over Speeding,0,0,0,0,7,3,High
2019,8,Thursday,5,Sindh,Hyderabad,Rural Road,Good,Foggy,Dawn/Dusk,Van/Pickup,2,Over Speeding,0,0,1,0,7,1,High
2018,2,Sunday,1,Sindh,Mirpur Khas,National Highway,Under Repair,Rainy,No Light,Car/Taxi,1,Driver Fatigue,0,1,1,1,5,0,High
2020,6,Saturday,17,Sindh,Karachi,Urban Road,Poor,Clear,Daylight,Car/Taxi,2,Wrong Overtaking,1,1,0,0,0,0,Low
2023,1,Thursday,20,Punjab,Gujranwala,Rural Road,Good,Clear,No Light,Motorcycle,1,Mechanical Failure,1,0,0,1,1,0,Low
2020,12,Sunday,10,Punjab,Bahawalpur,National Highway,Poor,Dusty/Smoggy,Daylight,Car/Taxi,1,Mechanical Failure,0,1,0,1,1,2,Medium
2019,10,Sunday,18,Punjab,Sheikhupura,Urban Road,Poor,Rainy,Daylight,Bus/Coach,2,Wrong Overtaking,1,1,0,0,4,0,Medium
2019,4,Monday,21,Punjab,Rahim Yar Khan,Urban Road,Average,Foggy,No Light,Bus/Coach,1,Mobile Phone Use,0,0,0,0,0,0,Low
2023,7,Tuesday,12,Sindh,Nawabshah,National Highway,Average,Dusty/Smoggy,Daylight,Car/Taxi,3,Road Condition,1,0,0,0,2,0,Medium
2020,10,Saturday,0,Balochistan,Gwadar,Rural Road,Under Repair,Foggy,Street Light,Motorcycle,1,Signal Violation,0,1,1,0,5,1,Medium
2021,1,Tuesday,20,KPK,Abbottabad,Rural Road,Poor,Dusty/Smoggy,No Light,Motorcycle,1,Signal Violation,1,0,0,1,4,0,Medium
2022,5,Saturday,15,KPK,Charsadda,National Highway,Average,Clear,Dawn/Dusk,Motorcycle,3,Over Speeding,0,1,0,0,3,2,High
2018,2,Friday,20,Punjab,Faisalabad,National Highway,Average,Clear,Street Light,Motorcycle,2,Over Speeding,1,0,0,1,2,0,High
2022,9,Sunday,19,Punjab,Bahawalpur,Urban Road,Poor,Foggy,Dawn/Dusk,Motorcycle,1,Wrong Overtaking,1,1,0,0,4,2,Medium
2022,12,Monday,4,Punjab,Sargodha,National Highway,Average,Foggy,Street Light,Motorcycle,1,Drunk Driving,0,0,1,1,2,1,High
2019,2,Saturday,16,Punjab,Faisalabad,Urban Road,Average,Clear,Daylight,Car/Taxi,2,Over Speeding,0,1,0,1,4,0,Medium
2021,12,Thursday,23,Punjab,Faisalabad,National Highway,Average,Clear,Street Light,Truck/Lorry,2,Signal Violation,0,0,1,1,11,2,High
2022,3,Saturday,9,Sindh,Hyderabad,Rural Road,Average,Extreme Heat,Daylight,Motorcycle,2,Pedestrian Error,1,1,0,0,0,0,Low
2020,3,Sunday,15,AJK,Rawalakot,Urban Road,Poor,Clear,Daylight,Motorcycle,1,Over Speeding,0,1,0,0,2,0,High
2021,8,Tuesday,12,Punjab,Lahore,Urban Road,Average,Dusty/Smoggy,Daylight,Truck/Lorry,3,Pedestrian Error,1,0,0,0,2,0,Low
2023,8,Wednesday,16,Punjab,Sargodha,Provincial Highway,Poor,Rainy,Daylight,Rickshaw,3,Mechanical Failure,0,0,0,0,2,0,Low
2020,6,Saturday,1,KPK,Charsadda,National Highway,Average,Clear,Street Light,Motorcycle,4,Over Speeding,0,1,1,0,10,1,High
2020,9,Thursday,11,Punjab,Sargodha,Rural Road,Good,Clear,Daylight,Bus/Coach,1,Drunk Driving,0,0,0,0,1,0,Low
2021,9,Friday,8,KPK,Swat,Provincial Highway,Poor,Foggy,Daylight,Car/Taxi,2,Drunk Driving,1,0,0,0,5,0,Medium
2021,5,Sunday,6,KPK,Bannu,Provincial Highway,Good,Rainy,Street Light,Motorcycle,4,Wrong Overtaking,0,1,0,0,10,1,High
2020,7,Saturday,13,Islamabad,Islamabad,Urban Road,Poor,Clear,Dawn/Dusk,Rickshaw,4,Over Speeding,1,1,0,0,2,0,Low
2019,3,Saturday,8,Punjab,Faisalabad,Provincial Highway,Good,Clear,Daylight,Rickshaw,2,Wrong Overtaking,1,1,0,0,1,0,Low
2019,7,Tuesday,12,KPK,Kohat,National Highway,Under Repair,Rainy,Daylight,Bus/Coach,3,Wrong Overtaking,1,0,0,0,3,1,Medium
2023,10,Sunday,18,Sindh,Hyderabad,National Highway,Good,Clear,Daylight,Car/Taxi,2,Drunk Driving,1,1,0,0,1,0,Medium
2021,9,Thursday,3,Sindh,Sukkur,National Highway,Average,Foggy,No Light,Motorcycle,1,Over Speeding,0,0,1,0,9,0,High
2018,7,Friday,13,Sindh,Hyderabad,National Highway,Good,Dusty/Smoggy,Daylight,Bus/Coach,2,Drunk Driving,1,0,0,0,2,1,High
2022,8,Wednesday,18,Punjab,Bahawalpur,Rural Road,Average,Clear,Daylight,Car/Taxi,1,Drunk Driving,1,0,0,0,1,0,Medium
2021,5,Friday,19,Sindh,Kashmore,National Highway,Good,Foggy,Dawn/Dusk,Car/Taxi,2,Wrong Overtaking,1,0,0,0,2,0,Medium
2023,3,Thursday,20,Sindh,Nawabshah,Rural Road,Average,Extreme Heat,Street Light,Rickshaw,3,Pedestrian Error,1,0,0,0,1,0,Low
2018,4,Tuesday,13,KPK,Kohat,Rural Road,Average,Clear,Daylight,Motorcycle,1,Over Speeding,1,0,0,0,2,1,High
2023,12,Wednesday,19,KPK,Kohat,Rural Road,Good,Clear,No Light,Motorcycle,1,Pedestrian Error,1,0,0,1,0,0,Low
2020,2,Thursday,7,KPK,Bannu,Rural Road,Poor,Clear,Daylight,Car/Taxi,2,Driver Fatigue,1,0,0,1,2,1,Medium
2018,8,Thursday,13,Punjab,Faisalabad,National Highway,Good,Clear,Daylight,Rickshaw,2,Pedestrian Error,1,0,0,0,3,0,Medium
2022,5,Monday,13,KPK,Peshawar,Motorway,Good,Rainy,Daylight,Car/Taxi,1,Over Speeding,1,0,0,0,10,1,High
2021,2,Sunday,9,Sindh,Nawabshah,Provincial Highway,Poor,Dusty/Smoggy,Daylight,Motorcycle,3,Drunk Driving,1,1,0,1,2,0,High
2022,12,Thursday,14,Balochistan,Chaman,Rural Road,Average,Clear,Street Light,Car/Taxi,2,Over Speeding,0,0,0,1,1,0,Low
2023,3,Sunday,12,Balochistan,Chaman,Provincial Highway,Average,Rainy,Daylight,Motorcycle,3,Over Speeding,1,1,0,0,8,1,High
2019,12,Tuesday,14,Punjab,Sialkot,National Highway,Good,Rainy,Street Light,Rickshaw,2,Over Speeding,0,0,0,1,2,0,High
2020,8,Thursday,19,KPK,Abbottabad,Rural Road,Poor,Clear,No Light,Motorcycle,2,Mobile Phone Use,1,0,0,0,2,0,Low
2019,11,Thursday,20,Punjab,Rawalpindi,Provincial Highway,Average,Clear,Street Light,Other,2,Wrong Overtaking,1,0,0,1,0,0,Low
2023,1,Monday,10,Punjab,Faisalabad,Motorway,Average,Rainy,Daylight,Motorcycle,3,Mobile Phone Use,0,0,0,1,5,2,Medium
2018,6,Saturday,22,Sindh,Hyderabad,Rural Road,Good,Clear,No Light,Car/Taxi,2,Pedestrian Error,0,1,1,0,0,0,Low
2020,6,Thursday,9,Punjab,Faisalabad,Urban Road,Good,Foggy,Dawn/Dusk,Truck/Lorry,3,Over Speeding,1,0,0,0,7,2,High
2019,8,Saturday,21,KPK,Nowshera,Urban Road,Good,Clear,Street Light,Bus/Coach,3,Over Speeding,0,1,0,0,1,0,Medium
2018,8,Sunday,14,Punjab,Rahim Yar Khan,Urban Road,Average,Foggy,Street Light,Rickshaw,2,Mobile Phone Use,0,1,0,0,1,0,Low
2019,12,Tuesday,23,Punjab,Sheikhupura,Rural Road,Average,Rainy,No Light,Motorcycle,2,Signal Violation,0,0,1,1,3,1,High
2019,6,Sunday,19,Sindh,Kashmore,Urban Road,Good,Rainy,Dawn/Dusk,Car/Taxi,2,Drunk Driving,1,1,0,0,0,0,Low
2022,5,Saturday,11,KPK,Nowshera,Motorway,Average,Rainy,Street Light,Rickshaw,1,Mechanical Failure,0,1,0,0,2,1,Medium
2023,1,Sunday,14,Balochistan,Chaman,Provincial Highway,Under Repair,Foggy,No Light,Rickshaw,3,Drunk Driving,0,1,0,1,2,0,High
2021,1,Wednesday,12,KPK,Kohat,National Highway,Good,Clear,Daylight,Car/Taxi,3,Signal Violation,1,0,0,1,1,0,Low
2021,4,Saturday,13,KPK,Mardan,Urban Road,Under Repair,Clear,Street Light,Rickshaw,1,Mechanical Failure,1,1,0,0,2,0,Low
2018,8,Friday,23,Punjab,Bahawalpur,National Highway,Good,Foggy,Street Light,Bus/Coach,2,Over Speeding,0,0,1,0,9,1,High
2022,4,Monday,11,Punjab,Gujranwala,Provincial Highway,Average,Clear,Daylight,Rickshaw,1,Driver Fatigue,0,0,0,0,4,1,Medium
2022,7,Tuesday,20,Punjab,Sheikhupura,Provincial Highway,Poor,Dusty/Smoggy,No Light,Motorcycle,2,Pedestrian Error,1,0,0,0,4,0,Medium
2018,8,Friday,13,Sindh,Nawabshah,Rural Road,Average,Foggy,Daylight,Motorcycle,1,Over Speeding,1,0,0,0,3,0,Medium
2022,1,Friday,22,KPK,Nowshera,Urban Road,Poor,Clear,No Light,Motorcycle,3,Over Speeding,0,0,1,1,2,2,High
2021,4,Saturday,16,Punjab,Lahore,Rural Road,Good,Foggy,Street Light,Motorcycle,3,Mechanical Failure,0,1,0,0,5,0,Medium
2023,4,Saturday,5,KPK,Charsadda,National Highway,Poor,Clear,Daylight,Car/Taxi,2,Pedestrian Error,0,1,1,0,1,0,Medium
2022,7,Tuesday,11,Sindh,Jacobabad,National Highway,Average,Foggy,Daylight,Rickshaw,3,Over Speeding,0,0,0,0,10,2,High
2018,9,Wednesday,16,Punjab,Sargodha,Provincial Highway,Good,Rainy,Daylight,Motorcycle,1,Road Condition,0,0,0,0,10,1,High
2019,9,Saturday,8,Punjab,Sargodha,Urban Road,Poor,Clear,Daylight,Car/Taxi,1,Mechanical Failure,1,1,0,0,0,0,Low
2022,3,Sunday,20,KPK,Nowshera,Urban Road,Good,Clear,No Light,Motorcycle,2,Over Speeding,1,1,0,0,3,1,Medium
2019,7,Saturday,6,KPK,Peshawar,National Highway,Good,Dusty/Smoggy,Daylight,Motorcycle,3,Driver Fatigue,0,1,0,0,4,1,High
2023,4,Monday,11,Balochistan,Sibi,Provincial Highway,Good,Clear,Daylight,Car/Taxi,3,Over Speeding,0,0,0,0,4,1,Medium
2022,12,Monday,13,Punjab,Sargodha,Provincial Highway,Average,Rainy,Daylight,Truck/Lorry,2,Pedestrian Error,1,0,0,1,5,0,Medium
2022,3,Saturday,15,Gilgit-Baltistan,Hunza,Urban Road,Average,Foggy,Street Light,Motorcycle,2,Wrong Overtaking,0,1,0,0,5,1,Medium
2023,10,Tuesday,18,Punjab,Lahore,Provincial Highway,Good,Clear,Daylight,Bicycle,3,Mobile Phone Use,1,0,0,0,1,0,Medium
2019,9,Wednesday,18,Punjab,Sialkot,Urban Road,Good,Clear,Daylight,Motorcycle,1,Over Speeding,1,0,0,0,5,0,Medium
2018,12,Tuesday,0,Gilgit-Baltistan,Skardu,Provincial Highway,Poor,Extreme Heat,Street Light,Motorcycle,3,Over Speeding,0,0,1,1,6,2,High
2023,8,Saturday,20,Punjab,Bahawalpur,Rural Road,Good,Rainy,Street Light,Car/Taxi,2,Drunk Driving,1,1,0,0,5,2,Medium
2022,12,Tuesday,12,KPK,Kohat,Motorway,Average,Foggy,Daylight,Car/Taxi,1,Road Condition,1,0,0,1,1,0,Low
2020,6,Tuesday,21,Punjab,Lahore,Urban Road,Average,Clear,Street Light,Motorcycle,1,Road Condition,0,0,0,0,2,1,Low
2023,4,Wednesday,6,Sindh,Mirpur Khas,Rural Road,Average,Extreme Heat,Daylight,Motorcycle,2,Road Condition,0,0,0,0,0,0,Low
2022,10,Sunday,19,Balochistan,Turbat,Urban Road,Average,Foggy,Street Light,Motorcycle,2,Wrong Overtaking,1,1,0,0,11,0,High
2022,12,Sunday,0,Punjab,Faisalabad,Urban Road,Poor,Rainy,No Light,Motorcycle,2,Signal Violation,0,1,1,1,1,0,Medium
2020,3,Thursday,2,KPK,Swat,Provincial Highway,Poor,Foggy,No Light,Motorcycle,2,Road Condition,0,0,1,0,8,1,High
2023,10,Thursday,12,Punjab,Multan,Urban Road,Average,Rainy,Daylight,Motorcycle,2,Driver Fatigue,1,0,0,0,5,0,High
2021,10,Sunday,17,Sindh,Kashmore,Provincial Highway,Good,Extreme Heat,Street Light,Motorcycle,1,Signal Violation,1,1,0,0,3,1,Medium
2023,9,Tuesday,10,Punjab,Sargodha,National Highway,Average,Rainy,Dawn/Dusk,Motorcycle,1,Mechanical Failure,0,0,0,0,4,0,Medium
2019,6,Wednesday,16,Punjab,Sheikhupura,Rural Road,Good,Extreme Heat,Daylight,Bicycle,1,Road Condition,0,0,0,0,1,0,Low
2022,7,Sunday,16,Punjab,Faisalabad,National Highway,Poor,Foggy,Daylight,Motorcycle,1,Road Condition,0,1,0,0,3,0,High
2023,3,Saturday,21,Punjab,Bahawalpur,Provincial Highway,Under Repair,Dusty/Smoggy,No Light,Car/Taxi,1,Over Speeding,0,1,0,0,1,0,Low
2020,5,Saturday,6,Balochistan,Chaman,Urban Road,Good,Clear,No Light,Motorcycle,3,Over Speeding,0,1,0,0,4,0,High
2019,1,Wednesday,8,Punjab,Bahawalpur,Rural Road,Good,Foggy,Daylight,Car/Taxi,2,Over Speeding,1,0,0,1,0,0,Low
2020,10,Thursday,16,Punjab,Sheikhupura,Provincial Highway,Average,Clear,Daylight,Rickshaw,4,Mobile Phone Use,0,0,0,0,1,0,Low
2018,7,Wednesday,10,Sindh,Dadu,Urban Road,Average,Clear,Daylight,Bus/Coach,2,Pedestrian Error,0,0,0,0,1,0,Low
2023,6,Tuesday,9,Punjab,Rahim Yar Khan,Provincial Highway,Poor,Rainy,Daylight,Bicycle,1,Drunk Driving,1,0,0,0,11,2,High
2019,2,Thursday,7,KPK,Nowshera,Rural Road,Poor,Foggy,No Light,Motorcycle,2,Over Speeding,1,0,0,1,5,2,High
2022,10,Saturday,19,AJK,Muzaffarabad,Urban Road,Good,Foggy,Street Light,Motorcycle,1,Driver Fatigue,1,1,0,0,8,0,High
2021,2,Thursday,10,Sindh,Jacobabad,National Highway,Good,Foggy,Street Light,Car/Taxi,2,Over Speeding,0,0,0,1,4,1,High
2023,3,Friday,15,Balochistan,Loralai,Urban Road,Poor,Rainy,Daylight,Motorcycle,2,Road Condition,0,0,0,0,0,0,Low
2021,11,Sunday,2,Sindh,Kashmore,Urban Road,Average,Clear,No Light,Motorcycle,2,Over Speeding,0,1,1,1,8,3,High
2020,5,Saturday,23,Punjab,Rahim Yar Khan,Rural Road,Good,Rainy,No Light,Bus/Coach,2,Mobile Phone Use,0,1,1,0,2,0,Low
2019,5,Saturday,6,KPK,Nowshera,National Highway,Average,Clear,Dawn/Dusk,Motorcycle,3,Wrong Overtaking,0,1,0,0,5,0,Medium
2018,8,Friday,7,Sindh,Thatta,Urban Road,Poor,Clear,Daylight,Car/Taxi,4,Over Speeding,1,0,0,0,0,0,Low
2019,10,Saturday,11,Sindh,Hyderabad,Provincial Highway,Good,Foggy,Daylight,Motorcycle,4,Over Speeding,0,1,0,0,3,3,High
2021,2,Saturday,16,Balochistan,Gwadar,Urban Road,Poor,Foggy,Daylight,Motorcycle,1,Mechanical Failure,0,1,0,1,3,0,Medium
2020,12,Sunday,9,Sindh,Dadu,Urban Road,Good,Clear,Dawn/Dusk,Bus/Coach,2,Mechanical Failure,1,1,0,1,1,0,Low
2021,7,Monday,9,Balochistan,Gwadar,National Highway,Good,Rainy,Daylight,Motorcycle,1,Mobile Phone Use,1,0,0,0,4,1,Medium
2021,11,Sunday,0,KPK,Mardan,Provincial Highway,Good,Extreme Heat,Street Light,Car/Taxi,4,Driver Fatigue,0,1,1,1,5,2,Medium
2018,7,Thursday,8,Sindh,Jacobabad,Provincial Highway,Good,Clear,Daylight,Rickshaw,2,Mechanical Failure,1,0,0,0,2,0,Low
2018,8,Thursday,19,Sindh,Nawabshah,Provincial Highway,Good,Rainy,Dawn/Dusk,Motorcycle,2,Driver Fatigue,1,0,0,0,5,0,High
2018,12,Sunday,13,Punjab,Multan,Provincial Highway,Good,Clear,Daylight,Motorcycle,2,Mechanical Failure,1,1,0,1,4,0,Medium
2023,12,Monday,16,AJK,Muzaffarabad,Rural Road,Poor,Clear,Street Light,Car/Taxi,2,Drunk Driving,0,0,0,1,1,0,Low
2023,12,Tuesday,14,KPK,Charsadda,National Highway,Poor,Dusty/Smoggy,Daylight,Motorcycle,1,Pedestrian Error,0,0,0,1,5,1,Medium
2023,3,Friday,17,Punjab,Sialkot,Provincial Highway,Poor,Clear,Daylight,Motorcycle,2,Over Speeding,1,0,0,0,5,0,Medium
2023,8,Sunday,19,Punjab,Bahawalpur,Urban Road,Poor,Rainy,Street Light,Motorcycle,2,Signal Violation,1,1,0,0,2,1,Medium
2022,5,Thursday,5,Sindh,Larkana,Rural Road,Good,Clear,Street Light,Truck/Lorry,2,Pedestrian Error,0,0,1,0,1,0,Low
2022,1,Tuesday,5,Punjab,Faisalabad,Urban Road,Poor,Rainy,Dawn/Dusk,Bicycle,2,Over Speeding,0,0,1,1,10,1,High
2023,12,Saturday,23,Punjab,Sialkot,National Highway,Poor,Clear,No Light,Motorcycle,1,Mechanical Failure,0,1,1,1,4,1,High
2020,4,Thursday,9,Sindh,Dadu,Urban Road,Average,Foggy,Daylight,Car/Taxi,4,Weather Condition,1,0,0,0,1,1,Low
2023,12,Saturday,14,Punjab,Sheikhupura,Provincial Highway,Average,Clear,Daylight,Motorcycle,1,Wrong Overtaking,0,1,0,1,1,2,Medium
2018,11,Thursday,17,Sindh,Dadu,Urban Road,Average,Clear,Daylight,Bicycle,2,Over Speeding,1,0,0,1,4,0,Medium
2019,3,Friday,12,Punjab,Rawalpindi,Urban Road,Poor,Rainy,Daylight,Motorcycle,3,Wrong Overtaking,1,0,0,0,3,1,Medium
2021,8,Sunday,5,Punjab,Rawalpindi,National Highway,Average,Clear,Dawn/Dusk,Motorcycle,3,Over Speeding,0,1,1,0,4,2,High
2021,11,Monday,5,KPK,Dera Ismail Khan,Rural Road,Average,Dusty/Smoggy,Dawn/Dusk,Car/Taxi,2,Over Speeding,0,0,1,1,5,0,Medium
2022,12,Friday,22,Sindh,Sukkur,Provincial Highway,Average,Clear,No Light,Motorcycle,3,Pedestrian Error,0,0,1,1,3,0,Medium
2019,10,Wednesday,19,Punjab,Gujranwala,Provincial Highway,Average,Clear,Dawn/Dusk,Car/Taxi,2,Signal Violation,1,0,0,0,3,0,Medium
2021,6,Thursday,21,Punjab,Gujranwala,National Highway,Under Repair,Clear,No Light,Motorcycle,1,Road Condition,0,0,0,0,5,0,Medium
2021,9,Thursday,8,Sindh,Mirpur Khas,Rural Road,Average,Rainy,Daylight,Rickshaw,2,Road Condition,1,0,0,0,2,0,Low
2020,1,Monday,23,Punjab,Bahawalpur,National Highway,Average,Clear,No Light,Motorcycle,2,Over Speeding,0,0,1,1,4,3,High
2021,9,Sunday,16,Punjab,Rahim Yar Khan,Rural Road,Poor,Rainy,Daylight,Bus/Coach,3,Pedestrian Error,0,1,0,0,1,0,Low
2021,2,Friday,23,Punjab,Bahawalpur,Provincial Highway,Good,Clear,Street Light,Motorcycle,2,Over Speeding,0,0,1,1,11,2,High
2023,8,Friday,12,KPK,Charsadda,Provincial Highway,Good,Clear,Dawn/Dusk,Car/Taxi,2,Pedestrian Error,1,0,0,0,1,0,Low
2021,1,Tuesday,16,KPK,Bannu,Provincial Highway,Poor,Foggy,Dawn/Dusk,Van/Pickup,2,Over Speeding,0,0,0,1,3,0,Medium
2023,12,Friday,21,KPK,Dera Ismail Khan,Rural Road,Poor,Clear,No Light,Truck/Lorry,3,Over Speeding,0,0,0,1,3,1,Medium
2020,3,Tuesday,13,KPK,Mansehra,Rural Road,Poor,Clear,Daylight,Bus/Coach,1,Signal Violation,1,0,0,0,0,0,Low
2021,10,Friday,19,KPK,Mardan,Urban Road,Average,Rainy,No Light,Motorcycle,1,Mechanical Failure,1,0,0,0,1,0,Medium
2018,1,Thursday,14,Sindh,Dadu,Provincial Highway,Poor,Foggy,Daylight,Motorcycle,1,Road Condition,0,0,0,1,4,0,High
2022,12,Thursday,11,Sindh,Nawabshah,Urban Road,Average,Foggy,Daylight,Truck/Lorry,3,Signal Violation,0,0,0,1,1,2,Medium
2023,7,Thursday,0,Punjab,Lahore,National Highway,Poor,Rainy,No Light,Rickshaw,2,Road Condition,0,0,1,0,9,1,High
2019,10,Saturday,21,Sindh,Mirpur Khas,Provincial Highway,Good,Clear,No Light,Car/Taxi,2,Mechanical Failure,0,1,0,0,0,0,Low
2020,12,Saturday,0,KPK,Nowshera,National Highway,Poor,Clear,No Light,Car/Taxi,3,Road Condition,0,1,1,1,0,0,Low
2023,12,Sunday,17,Sindh,Karachi,National Highway,Average,Clear,Daylight,Car/Taxi,2,Over Speeding,1,1,0,1,6,2,High
2019,6,Wednesday,9,Punjab,Sargodha,Urban Road,Average,Clear,Daylight,Car/Taxi,2,Over Speeding,1,0,0,0,0,0,Low
2023,3,Saturday,21,Punjab,Gujranwala,Rural Road,Average,Foggy,Street Light,Rickshaw,4,Pedestrian Error,0,1,0,0,0,0,Low
2021,10,Friday,19,Sindh,Mirpur Khas,Rural Road,Average,Clear,Dawn/Dusk,Car/Taxi,2,Wrong Overtaking,1,0,0,0,2,0,Low
2018,12,Thursday,3,KPK,Mardan,Rural Road,Average,Extreme Heat,Street Light,Van/Pickup,2,Over Speeding,0,0,1,1,1,0,Medium
2021,2,Thursday,20,Balochistan,Gwadar,National Highway,Poor,Extreme Heat,No Light,Car/Taxi,3,Wrong Overtaking,1,0,0,1,5,2,Medium
2023,12,Wednesday,18,Punjab,Sheikhupura,National Highway,Poor,Clear,Daylight,Rickshaw,2,Mechanical Failure,1,0,0,1,4,0,Medium
2020,2,Thursday,6,KPK,Mardan,Provincial Highway,Good,Clear,Daylight,Motorcycle,2,Wrong Overtaking,0,0,0,1,5,0,Medium
2023,6,Saturday,19,Sindh,Dadu,Provincial Highway,Average,Clear,Dawn/Dusk,Rickshaw,2,Over Speeding,1,1,0,0,0,0,Low
2019,5,Wednesday,15,Balochistan,Chaman,National Highway,Average,Clear,Daylight,Motorcycle,1,Over Speeding,0,0,0,0,9,2,High
2018,2,Monday,13,Sindh,Larkana,National Highway,Average,Clear,Daylight,Motorcycle,3,Wrong Overtaking,1,0,0,1,7,1,High
2019,7,Tuesday,7,Sindh,Hyderabad,Rural Road,Good,Clear,Daylight,Rickshaw,2,Pedestrian Error,1,0,0,0,2,0,Low
2020,7,Sunday,0,Sindh,Nawabshah,National Highway,Good,Foggy,Street Light,Rickshaw,2,Pedestrian Error,0,1,1,0,1,0,Medium
2019,12,Tuesday,9,KPK,Nowshera,Rural Road,Good,Clear,Daylight,Car/Taxi,2,Over Speeding,1,0,0,1,1,0,Low
2019,11,Wednesday,19,Islamabad,Islamabad,Provincial Highway,Average,Dusty/Smoggy,Dawn/Dusk,Bus/Coach,2,Road Condition,1,0,0,1,1,0,Low
2023,2,Wednesday,20,Punjab,Faisalabad,Rural Road,Good,Rainy,No Light,Motorcycle,3,Over Speeding,1,0,0,1,2,1,High
2021,2,Wednesday,9,Punjab,Bahawalpur,National Highway,Good,Extreme Heat,Daylight,Motorcycle,4,Signal Violation,1,0,0,1,11,1,High
2023,2,Wednesday,5,Islamabad,Islamabad,National Highway,Average,Clear,No Light,Motorcycle,1,Mechanical Failure,0,0,1,1,6,2,High
2019,7,Friday,19,Sindh,Dadu,Provincial Highway,Good,Clear,Dawn/Dusk,Motorcycle,1,Wrong Overtaking,1,0,0,0,1,1,Medium