year,month,day_of_week,hour_of_day,province,district,road_type,road_condition,weather_condition,lighting_condition,vehicle_type,vehicles_involved,accident_cause,is_rush_hour,is_weekend,is_night,is_foggy_month,num_injured,num_killed,severity
2020,8,Tuesday,6,Sindh,Mirpur Khas,National Highway,Good,Foggy,Daylight,Motorcycle,1,Signal Violation,0,0,0,0,11,0,High
2021,10,Sunday,9,Sindh,Nawabshah,National Highway,Good,Foggy,Daylight,Bicycle,1,Mechanical Failure,1,1,0,0,3,1,High
2022,10,Wednesday,12,Punjab,Sialkot,Provincial Highway,Poor,Rainy,Daylight,Motorcycle,3,Over Speeding,1,0,0,0,4,0,High
2018,8,Monday,8,KPK,Dera Ismail Khan,Urban Road,Good,Foggy,Daylight,Car/Taxi,2,Road Condition,1,0,0,0,1,0,Low
2022,6,Sunday,19,KPK,Mardan,Rural Road,Under Repair,Foggy,Dawn/Dusk,Rickshaw,1,Signal Violation,1,1,0,0,4,0,Medium
2021,5,Tuesday,11,Punjab,Lahore,Urban Road,Average,Rainy,Daylight,Motorcycle,1,Signal Violation,0,0,0,0,4,0,Medium
2023,8,Friday,18,Punjab,Gujranwala,Rural Road,Under Repair,Clear,Daylight,Motorcycle,1,Over Speeding,1,0,0,0,4,1,Medium
2022,6,Tuesday,18,KPK,Mansehra,Urban Road,Good,Clear,Daylight,Car/Taxi,2,Over Speeding,1,0,0,0,2,2,Medium
2018,5,Friday,18,Punjab,Lahore,National Highway,Average,Clear,Dawn/Dusk,Motorcycle,3,Drunk Driving,1,0,0,0,5,1,High
2018,10,Monday,23,Balochistan,Chaman,Provincial Highway,Good,Rainy,No Light,Motorcycle,1,Mobile Phone Use,0,0,1,0,2,1,Medium
2019,3,Friday,9,Punjab,Gujranwala,Motorway,Poor,Clear,Daylight,Motorcycle,3,Mechanical Failure,1,0,0,0,4,0,Medium
2018,10,Monday,18,Sindh,Mirpur Khas,Urban Road,Average,Foggy,Daylight,Truck/Lorry,2,Road Condition,1,0,0,0,1,0,Low
2019,4,Sunday,22,Islamabad,Islamabad,Urban Road,Poor,Clear,No Light,Car/Taxi,2,Road Condition,0,1,1,0,0,0,Low
2022,7,Wednesday,0,KPK,Charsadda,National Highway,Poor,Clear,No Light,Car/Taxi,1,Pedestrian Error,0,0,1,0,5,0,Medium
2020,6,Tuesday,9,Punjab,Bahawalpur,Provincial Highway,Average,Clear,Daylight,Rickshaw,1,Signal Violation,1,0,0,0,2,0,Low
2022,1,Sunday,22,KPK,Bannu,Rural Road,Good,Clear,Street Light,Van/Pickup,2,Road Condition,0,1,1,1,0,1,Low
2022,1,Saturday,17,Punjab,Multan,National Highway,Good,Clear,Daylight,Rickshaw,3,Over Speeding,1,1,0,1,2,1,High
2020,4,Wednesday,14,Punjab,Rawalpindi,Rural Road,Under Repair,Clear,Daylight,Van/Pickup,2,Drunk Driving,0,0,0,0,3,0,Medium
2022,12,Thursday,13,Gilgit-Baltistan,Skardu,Urban Road,Good,Rainy,Daylight,Bus/Coach,4,Drunk Driving,1,0,0,1,1,0,Medium
2021,3,Tuesday,14,KPK,Mardan,Provincial Highway,Under Repair,Rainy,Dawn/Dusk,Rickshaw,2,Pedestrian Error,0,0,0,0,1,0,Low
2022,6,Sunday,8,Sindh,Karachi,Rural Road,Good,Foggy,Daylight,Car/Taxi,1,Road Condition,1,1,0,0,0,1,Low
2022,11,Wednesday,19,Punjab,Rahim Yar Khan,National Highway,Poor,Foggy,No Light,Car/Taxi,1,Wrong Overtaking,1,0,0,1,7,2,High
2018,12,Tuesday,9,Punjab,Gujranwala,Rural Road,Poor,Clear,Daylight,Truck/Lorry,2,Signal Violation,1,0,0,1,0,0,Low
2023,1,Sunday,19,Punjab,Sialkot,Rural Road,Average,Clear,Dawn/Dusk,Car/Taxi,2,Signal Violation,1,1,0,1,1,0,Low
2021,2,Sunday,18,Sindh,Thatta,Motorway,Good,Foggy,Daylight,Truck/Lorry,2,Over Speeding,1,1,0,1,4,2,High
2020,2,Thursday,10,KPK,Mansehra,Provincial Highway,Poor,Clear,Daylight,Van/Pickup,1,Over Speeding,0,0,0,1,4,0,Medium
2023,9,Tuesday,6,Sindh,Hyderabad,Provincial Highway,Good,Clear,Daylight,Car/Taxi,2,Over Speeding,0,0,0,0,5,1,Medium
2018,1,Tuesday,9,Balochistan,Chaman,Urban Road,Average,Clear,Daylight,Motorcycle,1,Road Condition,1,0,0,1,2,0,Low
2021,1,Friday,12,Punjab,Gujranwala,National Highway,Good,Rainy,Daylight,Car/Taxi,4,Driver Fatigue,1,0,0,1,1,0,Medium
2023,10,Friday,22,Punjab,Rawalpindi,National Highway,Poor,Foggy,No Light,Bicycle,2,Wrong Overtaking,0,0,1,0,2,1,High
2019,10,Wednesday,0,Punjab,Sialkot,Provincial Highway,Good,Foggy,Street Light,Motorcycle,3,Weather Condition,0,0,1,0,4,1,Medium
2021,8,Thursday,5,Sindh,Nawabshah,Urban Road,Good,Clear,Street Light,Truck/Lorry,3,Road Condition,0,0,1,0,2,0,Low
2019,12,Thursday,19,Punjab,Rawalpindi,Provincial Highway,Good,Rainy,Dawn/Dusk,Truck/Lorry,4,Wrong Overtaking,1,0,0,1,2,1,Medium
2020,2,Friday,12,Islamabad,Islamabad,National Highway,Under Repair,Foggy,Daylight,Motorcycle,3,Wrong Overtaking,1,0,0,1,9,0,High
2022,5,Thursday,2,Punjab,Sargodha,National Highway,Good,Rainy,Street Light,Motorcycle,2,Drunk Driving,0,0,1,0,10,0,High
2022,9,Sunday,14,Islamabad,Islamabad,Urban Road,Poor,Foggy,Daylight,Truck/Lorry,3,Wrong Overtaking,0,1,0,0,1,0,Medium
2020,7,Wednesday,8,Sindh,Jacobabad,Rural Road,Average,Clear,Daylight,Car/Taxi,3,Driver Fatigue,1,0,0,0,4,0,Medium
2019,3,Friday,8,AJK,Rawalakot,Provincial Highway,Average,Rainy,Daylight,Motorcycle,2,Driver Fatigue,1,0,0,0,5,1,High
2018,11,Saturday,17,Sindh,Thatta,National Highway,Good,Dusty/Smoggy,Daylight,Bus/Coach,3,Over Speeding,1,1,0,1,9,0,High
2018,11,Monday,7,Islamabad,Islamabad,Urban Road,Average,Clear,Daylight,Motorcycle,1,Over Speeding,1,0,0,1,3,0,Medium
2019,2,Saturday,19,Punjab,Sargodha,Provincial Highway,Poor,Dusty/Smoggy,No Light,Motorcycle,1,Signal Violation,1,1,0,1,11,0,High
2023,7,Wednesday,20,KPK,Swat,Urban Road,Good,Clear,Street Light,Car/Taxi,1,Over Speeding,1,0,0,0,4,0,Medium
2019,1,Sunday,22,Balochistan,Hub,Rural Road,Good,Clear,No Light,Car/Taxi,1,Road Condition,0,1,1,1,2,0,Low
2023,9,Friday,22,Punjab,Multan,Provincial Highway,Good,Foggy,No Light,Bicycle,3,Mobile Phone Use,0,0,1,0,1,1,Medium
2019,2,Saturday,7,Punjab,Faisalabad,Rural Road,Poor,Foggy,Daylight,Motorcycle,3,Mobile Phone Use,1,1,0,1,4,1,Medium
2020,5,Tuesday,12,Sindh,Jacobabad,Provincial Highway,Poor,Clear,Daylight,Motorcycle,1,Mechanical Failure,1,0,0,0,1,0,Medium
2018,1,Saturday,20,Islamabad,Islamabad,Provincial Highway,Good,Clear,No Light,Motorcycle,2,Road Condition,1,1,0,1,5,1,Medium
2022,5,Thursday,10,Sindh,Sukkur,Urban Road,Poor,Foggy,Dawn/Dusk,Motorcycle,1,Wrong Overtaking,0,0,0,0,5,0,Medium
2021,3,Saturday,13,Sindh,Karachi,Urban Road,Good,Clear,Daylight,Rickshaw,3,Over Speeding,1,1,0,0,2,0,Medium
2022,5,Sunday,12,Punjab,Lahore,Provincial Highway,Poor,Clear,Street Light,Motorcycle,4,Over Speeding,1,1,0,0,3,0,Medium
2018,1,Sunday,18,Punjab,Sheikhupura,Rural Road,Average,Clear,Daylight,Bus/Coach,2,Over Speeding,1,1,0,1,1,0,Low
2019,1,Wednesday,7,KPK,Abbottabad,Urban Road,Poor,Clear,Daylight,Motorcycle,2,Over Speeding,1,0,0,1,6,2,High
2022,8,Tuesday,9,Punjab,Sargodha,Provincial Highway,Average,Rainy,Daylight,Motorcycle,2,Over Speeding,1,0,0,0,11,0,High
2022,7,Tuesday,14,Sindh,Dadu,Urban Road,Average,Rainy,Dawn/Dusk,Motorcycle,4,Drunk Driving,0,0,0,0,1,0,Medium
2021,8,Saturday,11,Balochistan,Loralai,Provincial Highway,Good,Foggy,Daylight,Motorcycle,2,Road Condition,0,1,0,0,4,0,Medium
2022,8,Saturday,8,Punjab,Bahawalpur,Urban Road,Good,Clear,Dawn/Dusk,Motorcycle,1,Pedestrian Error,1,1,0,0,1,0,Low
2020,7,Tuesday,11,KPK,Mansehra,Urban Road,Good,Clear,Daylight,Motorcycle,1,Driver Fatigue,0,0,0,0,5,0,Medium
2018,7,Saturday,12,Punjab,Rawalpindi,National Highway,Average,Extreme Heat,Daylight,Motorcycle,3,Over Speeding,1,1,0,0,8,1,High
2023,9,Sunday,9,Sindh,Karachi,Urban Road,Good,Foggy,Daylight,Motorcycle,3,Mechanical Failure,1,1,0,0,0,0,Low
2022,8,Thursday,22,Punjab,Rahim Yar Khan,National Highway,Poor,Clear,Street Light,Van/Pickup,2,Over Speeding,0,0,1,0,3,1,High
2023,3,Wednesday,16,KPK,Charsadda,National Highway,Good,Clear,Street Light,Motorcycle,1,Over Speeding,0,0,0,0,4,1,High
2022,12,Monday,18,Punjab,Sialkot,Urban Road,Good,Clear,Daylight,Motorcycle,1,Pedestrian Error,1,0,0,1,2,0,Low
2022,9,Monday,22,Sindh,Hyderabad,Provincial Highway,Average,Clear,No Light,Van/Pickup,3,Road Condition,0,0,1,0,0,0,Low
2022,9,Saturday,16,Sindh,Kashmore,National Highway,Poor,Clear,Daylight,Motorcycle,2,Pedestrian Error,0,1,0,0,2,0,Medium
2023,2,Thursday,21,Punjab,Bahawalpur,Motorway,Average,Clear,Street Light,Motorcycle,2,Mechanical Failure,0,0,0,1,4,2,Medium
2018,12,Tuesday,6,KPK,Swat,Rural Road,Average,Clear,Daylight,Truck/Lorry,1,Mobile Phone Use,0,0,0,1,0,0,Low
2022,12,Thursday,20,Punjab,Rahim Yar Khan,National Highway,Good,Rainy,Street Light,Car/Taxi,2,Wrong Overtaking,1,0,0,1,3,0,Medium
2021,12,Sunday,16,KPK,Bannu,Rural Road,Average,Foggy,Daylight,Bus/Coach,2,Wrong Overtaking,0,1,0,1,1,1,Medium
2020,5,Wednesday,18,Punjab,Sheikhupura,Urban Road,Good,Rainy,Daylight,Car/Taxi,1,Pedestrian Error,1,0,0,0,2,0,Low
2022,12,Wednesday,18,KPK,Bannu,Provincial Highway,Under Repair,Rainy,Daylight,Car/Taxi,1,Signal Violation,1,0,0,1,4,0,Medium
2018,9,Tuesday,12,Punjab,Multan,Provincial Highway,Good,Clear,Dawn/Dusk,Car/Taxi,2,Pedestrian Error,1,0,0,0,0,0,Low
2023,6,Saturday,10,Sindh,Nawabshah,Provincial Highway,Good,Clear,Daylight,Car/Taxi,3,Over Speeding,0,1,0,0,2,0,Low
2023,5,Tuesday,8,Punjab,Multan,National Highway,Poor,Clear,Daylight,Motorcycle,2,Over Speeding,1,0,0,0,6,0,High
2021,9,Saturday,17,KPK,Dera Ismail Khan,National Highway,Average,Clear,Daylight,Motorcycle,1,Signal Violation,1,1,0,0,5,2,High
2022,10,Saturday,12,Punjab,Rahim Yar Khan,National Highway,Poor,Clear,No Light,Rickshaw,1,Drunk Driving,1,1,0,0,3,0,Medium
2020,1,Monday,3,Balochistan,Hub,Urban Road,Average,Foggy,No Light,Motorcycle,4,Wrong Overtaking,0,0,1,1,5,0,Medium
2023,5,Saturday,22,Balochistan,Loralai,Motorway,Poor,Extreme Heat,Street Light,Bus/Coach,4,Over Speeding,0,1,1,0,6,1,High
2023,3,Sunday,19,Punjab,Sargodha,Provincial Highway,Average,Foggy,Dawn/Dusk,Motorcycle,3,Pedestrian Error,1,1,0,0,2,0,Medium
2022,4,Sunday,12,Sindh,Kashmore,Provincial Highway,Average,Foggy,Daylight,Motorcycle,1,Over Speeding,1,1,0,0,11,4,High
2023,7,Wednesday,13,Punjab,Sialkot,Rural Road,Good,Rainy,Daylight,Motorcycle,3,Signal Violation,1,0,0,0,4,1,Medium
2023,4,Saturday,10,Punjab,Rahim Yar Khan,Urban Road,Average,Clear,Street Light,Car/Taxi,1,Wrong Overtaking,0,1,0,0,0,0,Low
2021,12,Saturday,3,KPK,Swat,National Highway,Good,Clear,No Light,Truck/Lorry,2,Driver Fatigue,0,1,1,1,8,1,High
2021,3,Sunday,20,Sindh,Mirpur Khas,Provincial Highway,Good,Clear,Street Light,Motorcycle,2,Over Speeding,1,1,0,0,2,1,High
2023,1,Sunday,18,Sindh,Mirpur Khas,Rural Road,Good,Foggy,Dawn/Dusk,Motorcycle,1,Over Speeding,1,1,0,1,2,2,High
2023,9,Thursday,15,Punjab,Sheikhupura,Urban Road,Average,Rainy,Street Light,Motorcycle,1,Over Speeding,0,0,0,0,6,1,High
2018,3,Monday,13,Punjab,Sialkot,Provincial Highway,Good,Foggy,Daylight,Car/Taxi,2,Over Speeding,1,0,0,0,1,0,Medium
2018,2,Tuesday,22,Punjab,Multan,Provincial Highway,Good,Clear,Street Light,Rickshaw,1,Driver Fatigue,0,0,1,1,3,0,Medium
2023,1,Friday,20,KPK,Mansehra,Rural Road,Good,Rainy,No Light,Car/Taxi,1,Signal Violation,1,0,0,1,1,0,Low
2018,1,Monday,11,Sindh,Jacobabad,Urban Road,Good,Clear,Daylight,Motorcycle,3,Mobile Phone Use,0,0,0,1,2,1,Medium
2022,7,Saturday,13,KPK,Nowshera,Provincial Highway,Good,Clear,Daylight,Motorcycle,2,Signal Violation,1,1,0,0,1,0,Medium
2020,7,Sunday,14,Punjab,Rahim Yar Khan,Urban Road,Poor,Rainy,Daylight,Motorcycle,1,Pedestrian Error,0,1,0,0,2,0,Low
2022,12,Friday,9,Punjab,Rawalpindi,Urban Road,Poor,Clear,Daylight,Bus/Coach,3,Signal Violation,1,0,0,1,1,1,Medium
2023,12,Thursday,8,Punjab,Sialkot,Urban Road,Poor,Clear,Dawn/Dusk,Motorcycle,2,Wrong Overtaking,1,0,0,1,3,0,Medium
2019,5,Thursday,9,Punjab,Sargodha,Urban Road,Average,Clear,Daylight,Car/Taxi,1,Drunk Driving,1,0,0,0,2,0,Low
2023,11,Friday,15,Punjab,Lahore,Provincial Highway,Good,Clear,Daylight,Motorcycle,3,Over Speeding,0,0,0,1,8,1,High
2021,5,Friday,18,KPK,Swat,Provincial Highway,Good,Extreme Heat,Daylight,Motorcycle,4,Road Condition,1,0,0,0,3,0,Medium
2019,8,Wednesday,7,Balochistan,Loralai,Provincial Highway,Good,Dusty/Smoggy,Daylight,Truck/Lorry,1,Mechanical Failure,1,0,0,0,2,0,Low
2020,6,Friday,8,Sindh,Kashmore,National Highway,Good,Clear,Daylight,Car/Taxi,2,Road Condition,1,0,0,0,1,0,Medium
2019,10,Saturday,20,Sindh,Karachi,Rural Road,Poor,Extreme Heat,Street Light,Motorcycle,2,Weather Condition,1,1,0,0,2,1,Medium
2021,7,Saturday,19,Punjab,Bahawalpur,National Highway,Average,Foggy,Street Light,Motorcycle,2,Over Speeding,1,1,0,0,6,0,High
2023,5,Thursday,20,Balochistan,Zhob,National Highway,Good,Foggy,Street Light,Motorcycle,2,Pedestrian Error,1,0,0,0,4,0,High
2020,7,Sunday,21,Punjab,Sialkot,Provincial Highway,Average,Clear,No Light,Car/Taxi,3,Mechanical Failure,0,1,0,0,2,0,Low
2022,10,Sunday,13,Islamabad,Islamabad,Provincial Highway,Poor,Clear,Daylight,Bus/Coach,1,Wrong Overtaking,1,1,0,0,3,1,Medium
2020,2,Wednesday,5,Sindh,Sukkur,National Highway,Poor,Dusty/Smoggy,Street Light,Car/Taxi,1,Road Condition,0,0,1,1,2,0,Low
2018,2,Friday,14,Punjab,Sialkot,Motorway,Average,Clear,Daylight,Van/Pickup,3,Drunk Driving,0,0,0,1,9,1,High
2019,2,Saturday,1,Islamabad,Islamabad,National Highway,Poor,Clear,No Light,Motorcycle,4,Wrong Overtaking,0,1,1,1,3,0,High
2021,7,Saturday,8,Punjab,Multan,Urban Road,Good,Clear,Daylight,Rickshaw,2,Road Condition,1,1,0,0,1,0,Low
2021,10,Tuesday,19,Sindh,Dadu,Urban Road,Poor,Clear,Dawn/Dusk,Motorcycle,1,Mobile Phone Use,1,0,0,0,0,0,Low
2020,10,Monday,9,Sindh,Larkana,Urban Road,Poor,Clear,Daylight,Van/Pickup,2,Mechanical Failure,1,0,0,0,2,0,Low
2021,7,Thursday,7,Punjab,Sialkot,Rural Road,Good,Clear,Daylight,Motorcycle,1,Wrong Overtaking,1,0,0,0,0,0,Low
2022,1,Friday,6,Sindh,Nawabshah,Rural Road,Good,Rainy,Daylight,Motorcycle,2,Mobile Phone Use,0,0,0,1,0,0,Low
2023,1,Sunday,20,Sindh,Karachi,National Highway,Good,Extreme Heat,No Light,Van/Pickup,2,Wrong Overtaking,1,1,0,1,4,1,Medium
2019,6,Tuesday,11,KPK,Swat,Motorway,Average,Clear,Daylight,Van/Pickup,3,Driver Fatigue,0,0,0,0,1,0,Medium
2023,6,Thursday,20,Punjab,Sheikhupura,Provincial Highway,Good,Clear,Street Light,Motorcycle,2,Mechanical Failure,1,0,0,0,2,1,Medium
2023,7,Sunday,7,Islamabad,Islamabad,Rural Road,Good,Clear,Daylight,Rickshaw,1,Wrong Overtaking,1,1,0,0,1,0,Low
2022,8,Saturday,6,Punjab,Rahim Yar Khan,National Highway,Poor,Clear,Street Light,Car/Taxi,1,Road Condition,0,1,0,0,5,0,Medium
2021,6,Friday,19,Punjab,Sialkot,Urban Road,Average,Clear,Dawn/Dusk,Motorcycle,1,Wrong Overtaking,1,0,0,0,1,0,Low
2018,5,Tuesday,19,Punjab,Multan,Rural Road,Poor,Foggy,Street Light,Motorcycle,1,Mechanical Failure,1,0,0,0,2,0,Medium
2020,9,Thursday,8,Punjab,Sargodha,National Highway,Good,Clear,Daylight,Truck/Lorry,1,Wrong Overtaking,1,0,0,0,5,0,Medium
2021,4,Friday,19,Punjab,Rahim Yar Khan,Provincial Highway,Poor,Foggy,Street Light,Truck/Lorry,1,Wrong Overtaking,1,0,0,0,11,4,High
2023,3,Friday,16,AJK,Rawalakot,Provincial Highway,Good,Clear,Street Light,Motorcycle,3,Over Speeding,0,0,0,0,5,0,Medium
2020,6,Wednesday,11,Punjab,Gujranwala,Urban Road,Good,Foggy,Daylight,Motorcycle,2,Wrong Overtaking,0,0,0,0,4,2,Medium
2021,9,Sunday,19,Punjab,Multan,Provincial Highway,Average,Clear,Dawn/Dusk,Motorcycle,1,Over Speeding,1,1,0,0,5,3,High
2021,11,Sunday,5,Punjab,Multan,Urban Road,Good,Rainy,Dawn/Dusk,Motorcycle,1,Pedestrian Error,0,1,1,1,3,2,Medium
2018,1,Friday,7,KPK,Nowshera,Provincial Highway,Good,Clear,No Light,Van/Pickup,2,Drunk Driving,1,0,0,1,1,0,Low
2023,1,Friday,6,Balochistan,Zhob,Rural Road,Average,Foggy,Daylight,Car/Taxi,1,Over Speeding,0,0,0,1,4,1,Medium
2019,3,Wednesday,15,Punjab,Multan,Provincial Highway,Good,Clear,Dawn/Dusk,Motorcycle,3,Wrong Overtaking,0,0,0,0,1,0,Medium
2020,3,Sunday,21,Punjab,Rawalpindi,Provincial Highway,Good,Clear,No Light,Van/Pickup,3,Mechanical Failure,0,1,0,0,2,0,Low
2020,5,Sunday,18,Punjab,Faisalabad,Provincial Highway,Average,Clear,Daylight,Car/Taxi,2,Drunk Driving,1,1,0,0,1,0,Low
2018,5,Saturday,22,Punjab,Multan,Rural Road,Poor,Clear,No Light,Car/Taxi,2,Road Condition,0,1,1,0,0,1,Low
2018,7,Thursday,6,Punjab,Sargodha,Rural Road,Good,Foggy,Daylight,Car/Taxi,3,Mechanical Failure,0,0,0,0,0,0,Low
2023,6,Monday,9,Sindh,Hyderabad,Rural Road,Poor,Rainy,Street Light,Rickshaw,2,Over Speeding,1,0,0,0,2,0,Low
2023,12,Saturday,22,Punjab,Sheikhupura,National Highway,Under Repair,Foggy,Street Light,Van/Pickup,1,Over Speeding,0,1,1,1,4,3,High
2022,6,Thursday,2,Sindh,Dadu,Rural Road,Good,Clear,No Light,Motorcycle,2,Over Speeding,0,0,1,0,1,0,Medium
2023,7,Thursday,21,Punjab,Sialkot,National Highway,Good,Foggy,Street Light,Truck/Lorry,1,Over Speeding,0,0,0,0,3,3,High
2020,7,Monday,16,Islamabad,Islamabad,Rural Road,Good,Clear,Daylight,Motorcycle,1,Road Condition,0,0,0,0,0,0,Low
2023,10,Sunday,13,Balochistan,Sibi,Rural Road,Average,Clear,Street Light,Car/Taxi,2,Mechanical Failure,1,1,0,0,0,0,Low
2021,3,Friday,8,Sindh,Karachi,Provincial Highway,Good,Clear,Daylight,Car/Taxi,2,Over Speeding,1,0,0,0,0,0,Low
2023,12,Friday,15,Punjab,Sialkot,Rural Road,Good,Extreme Heat,Daylight,Bicycle,1,Road Condition,0,0,0,1,3,2,Medium
2023,3,Monday,18,Punjab,Rawalpindi,Urban Road,Poor,Clear,Daylight,Truck/Lorry,2,Mechanical Failure,1,0,0,0,0,0,Low
2023,3,Thursday,21,Punjab,Sialkot,National Highway,Good,Extreme Heat,No Light,Motorcycle,3,Over Speeding,0,0,0,0,5,3,High
2019,3,Saturday,14,KPK,Kohat,National Highway,Good,Clear,Daylight,Motorcycle,1,Mechanical Failure,0,1,0,0,2,2,Medium
2022,1,Monday,9,Sindh,Mirpur Khas,National Highway,Good,Foggy,Daylight,Car/Taxi,2,Signal Violation,1,0,0,1,5,1,Medium
2023,1,Thursday,9,Balochistan,Quetta,Rural Road,Good,Clear,Dawn/Dusk,Car/Taxi,3,Over Speeding,1,0,0,1,0,0,Low
2019,2,Wednesday,22,Islamabad,Islamabad,Urban Road,Under Repair,Foggy,Street Light,Rickshaw,2,Wrong Overtaking,0,0,1,1,1,0,Low
2022,11,Monday,9,Punjab,Gujranwala,Provincial Highway,Good,Clear,Daylight,Car/Taxi,1,Over Speeding,1,0,0,1,1,0,Medium
2018,1,Thursday,15,Sindh,Nawabshah,National Highway,Poor,Rainy,Daylight,Motorcycle,2,Road Condition,0,0,0,1,8,1,High
2023,12,Tuesday,19,Punjab,Lahore,Rural Road,Average,Rainy,Daylight,Truck/Lorry,1,Over Speeding,1,0,0,1,1,0,Medium
2023,8,Monday,9,Punjab,Rahim Yar Khan,National Highway,Under Repair,Clear,Daylight,Car/Taxi,4,Over Speeding,1,0,0,0,5,0,Medium
2020,11,Wednesday,14,Punjab,Sargodha,Provincial Highway,Good,Clear,Daylight,Motorcycle,2,Pedestrian Error,0,0,0,1,2,0,Low
2023,6,Monday,7,Punjab,Lahore,National Highway,Poor,Dusty/Smoggy,Daylight,Rickshaw,2,Over Speeding,1,0,0,0,5,0,Medium
2019,2,Tuesday,4,Balochistan,Loralai,Urban Road,Good,Clear,No Light,Bus/Coach,1,Over Speeding,0,0,1,1,5,1,Medium
2022,11,Friday,2,Punjab,Sheikhupura,National Highway,Average,Clear,No Light,Bicycle,1,Signal Violation,0,0,1,1,6,4,High
2023,8,Monday,9,Sindh,Jacobabad,Urban Road,Good,Clear,Daylight,Motorcycle,2,Driver Fatigue,1,0,0,0,1,0,Medium
2021,11,Saturday,8,Sindh,Kashmore,Urban Road,Poor,Foggy,Daylight,Motorcycle,1,Over Speeding,1,1,0,1,5,1,High
2023,7,Saturday,12,KPK,Kohat,Motorway,Good,Clear,Daylight,Truck/Lorry,1,Wrong Overtaking,1,1,0,0,4,0,Medium
2021,1,Wednesday,11,Punjab,Rawalpindi,Urban Road,Average,Rainy,Daylight,Motorcycle,1,Wrong Overtaking,0,0,0,1,3,0,Medium
2022,7,Saturday,7,Balochistan,Loralai,Provincial Highway,Poor,Clear,Daylight,Motorcycle,1,Signal Violation,1,1,0,0,2,0,Medium
2022,2,Saturday,9,Sindh,Nawabshah,Provincial Highway,Good,Foggy,Daylight,Truck/Lorry,2,Drunk Driving,1,1,0,1,10,1,High
2018,4,Monday,15,Sindh,Thatta,National Highway,Good,Foggy,Daylight,Car/Taxi,4,Signal Violation,0,0,0,0,5,0,Medium
2020,8,Tuesday,14,Punjab,Bahawalpur,Urban Road,Average,Clear,Daylight,Motorcycle,3,Pedestrian Error,0,0,0,0,4,0,Medium
2023,12,Sunday,11,Sindh,Kashmore,National Highway,Average,Clear,Daylight,Car/Taxi,1,Pedestrian Error,0,1,0,1,2,0,Low
2020,12,Friday,13,KPK,Mansehra,Provincial Highway,Good,Rainy,Daylight,Truck/Lorry,3,Over Speeding,1,0,0,1,3,3,High
2023,1,Thursday,19,Sindh,Jacobabad,National Highway,Poor,Clear,Dawn/Dusk,Rickshaw,1,Over Speeding,1,0,0,1,4,1,Medium
2021,8,Monday,18,KPK,Abbottabad,Urban Road,Average,Clear,Daylight,Car/Taxi,1,Wrong Overtaking,1,0,0,0,1,0,Low
2022,4,Sunday,16,Sindh,Larkana,Urban Road,Good,Foggy,Daylight,Truck/Lorry,1,Wrong Overtaking,0,1,0,0,1,0,Low
2019,9,Thursday,12,Punjab,Sargodha,National Highway,Good,Foggy,Street Light,Van/Pickup,3,Wrong Overtaking,1,0,0,0,1,1,Medium
2023,9,Saturday,20,Punjab,Sialkot,National Highway,Poor,Clear,No Light,Rickshaw,3,Pedestrian Error,1,1,0,0,1,0,Low
2020,5,Saturday,13,Punjab,Rawalpindi,Rural Road,Average,Clear,Daylight,Truck/Lorry,2,Mechanical Failure,1,1,0,0,0,0,Low
2020,12,Friday,5,KPK,Dera Ismail Khan,Urban Road,Poor,Clear,Daylight,Car/Taxi,2,Road Condition,0,0,1,1,1,0,Low
2018,1,Thursday,14,KPK,Nowshera,National Highway,Good,Clear,No Light,Rickshaw,1,Drunk Driving,0,0,0,1,5,0,Medium
2020,11,Sunday,16,Punjab,Rawalpindi,Provincial Highway,Good,Rainy,Daylight,Truck/Lorry,2,Over Speeding,0,1,0,1,7,3,High
2023,5,Sunday,4,Sindh,Kashmore,Provincial Highway,Good,Rainy,Street Light,Motorcycle,2,Over Speeding,0,1,1,0,2,0,High
2018,8,Friday,8,Sindh,Thatta,National Highway,Poor,Foggy,Daylight,Motorcycle,3,Wrong Overtaking,1,0,0,0,4,2,High
2022,6,Monday,9,Punjab,Sargodha,Provincial Highway,Good,Rainy,Daylight,Motorcycle,2,Over Speeding,1,0,0,0,11,2,High
2022,12,Friday,12,Punjab,Multan,Rural Road,Under Repair,Clear,Daylight,Motorcycle,2,Mechanical Failure,1,0,0,1,3,1,Medium
2022,12,Saturday,19,Punjab,Lahore,Rural Road,Poor,Rainy,Daylight,Motorcycle,2,Over Speeding,1,1,0,1,8,1,High
2022,3,Thursday,13,Punjab,Sialkot,Urban Road,Good,Clear,Dawn/Dusk,Truck/Lorry,1,Wrong Overtaking,1,0,0,0,1,0,Low
2022,7,Friday,17,Punjab,Gujranwala,Urban Road,Average,Clear,Daylight,Car/Taxi,1,Pedestrian Error,1,0,0,0,0,0,Low
2022,6,Sunday,9,Punjab,Sheikhupura,Urban Road,Poor,Foggy,Daylight,Motorcycle,2,Over Speeding,1,1,0,0,2,0,Medium
2022,11,Thursday,8,Punjab,Rahim Yar Khan,Motorway,Average,Foggy,Dawn/Dusk,Rickshaw,2,Wrong Overtaking,1,0,0,1,4,0,Medium
2019,6,Saturday,11,Sindh,Nawabshah,Rural Road,Average,Clear,Daylight,Car/Taxi,3,Driver Fatigue,0,1,0,0,1,0,Low
2022,10,Sunday,8,Punjab,Lahore,National Highway,Good,Rainy,Street Light,Car/Taxi,4,Pedestrian Error,1,1,0,0,2,0,Low
2019,8,Tuesday,11,AJK,Rawalakot,Provincial Highway,Average,Clear,Daylight,Motorcycle,1,Over Speeding,0,0,0,0,5,0,Medium