year,month,day_of_week,hour_of_day,province,district,road_type,road_condition,weather_condition,lighting_condition,vehicle_type,vehicles_involved,accident_cause,is_rush_hour,is_weekend,is_night,is_foggy_month,num_injured,num_killed,severity
2021,10,Sunday,19,Punjab,Faisalabad,Urban Road,Average,Rainy,Street Light,Car/Taxi,1,Over Speeding,1,1,0,0,3,1,Medium
2021,12,Friday,12,Punjab,Rawalpindi,Rural Road,Average,Clear,Daylight,Motorcycle,3,Driver Fatigue,1,0,0,1,3,1,Medium
2023,7,Saturday,14,Punjab,Lahore,National Highway,Under Repair,Clear,Daylight,Rickshaw,4,Wrong Overtaking,0,1,0,0,2,0,Low
2023,1,Monday,9,Punjab,Faisalabad,Urban Road,Good,Clear,Daylight,Motorcycle,1,Over Speeding,1,0,0,1,8,2,High
2018,1,Thursday,11,KPK,Charsadda,National Highway,Average,Clear,Daylight,Rickshaw,2,Mechanical Failure,0,0,0,1,1,1,Low
2023,1,Tuesday,4,Punjab,Rawalpindi,National Highway,Average,Foggy,Street Light,Bus/Coach,2,Signal Violation,0,0,1,1,10,0,High
2020,5,Saturday,15,Islamabad,Islamabad,Rural Road,Poor,Rainy,Daylight,Motorcycle,2,Weather Condition,0,1,0,0,1,0,Medium
2021,1,Saturday,10,Balochistan,Sibi,Rural Road,Good,Clear,Street Light,Motorcycle,2,Road Condition,0,1,0,1,3,1,Medium
2022,10,Friday,16,Sindh,Larkana,Urban Road,Good,Foggy,Daylight,Motorcycle,1,Over Speeding,0,0,0,0,7,3,High
2018,9,Monday,22,Sindh,Hyderabad,National Highway,Average,Rainy,Street Light,Car/Taxi,1,Over Speeding,0,0,1,0,5,2,High
2023,11,Monday,22,Sindh,Jacobabad,National Highway,Average,Clear,Street Light,Bicycle,3,Pedestrian Error,0,0,1,1,5,2,Medium
2023,12,Saturday,11,Punjab,Sheikhupura,Provincial Highway,Average,Clear,Daylight,Bus/Coach,2,Road Condition,0,1,0,1,4,0,Medium
2023,1,Tuesday,19,Sindh,Mirpur Khas,Rural Road,Good,Clear,Street Light,Motorcycle,1,Pedestrian Error,1,0,0,1,1,0,Low
2018,6,Thursday,17,Punjab,Lahore,Provincial Highway,Average,Dusty/Smoggy,Daylight,Bus/Coach,2,Signal Violation,1,0,0,0,2,1,Medium
2023,6,Wednesday,11,Punjab,Sheikhupura,Provincial Highway,Under Repair,Foggy,Daylight,Motorcycle,2,Signal Violation,0,0,0,0,9,1,High
2023,8,Friday,10,Sindh,Dadu,National Highway,Good,Dusty/Smoggy,Daylight,Motorcycle,2,Over Speeding,0,0,0,0,7,2,High
2023,10,Saturday,19,Sindh,Jacobabad,Rural Road,Poor,Foggy,Dawn/Dusk,Motorcycle,1,Over Speeding,1,1,0,0,1,0,Medium
2021,1,Monday,4,Balochistan,Quetta,Urban Road,Average,Clear,No Light,Motorcycle,2,Signal Violation,0,0,1,1,6,0,High
2022,11,Sunday,20,Punjab,Multan,Provincial Highway,Good,Foggy,Street Light,Motorcycle,2,Wrong Overtaking,1,1,0,1,3,1,Medium
2021,7,Friday,14,KPK,Peshawar,National Highway,Good,Clear,Daylight,Motorcycle,4,Pedestrian Error,0,0,0,0,6,2,High
2022,10,Thursday,14,Punjab,Rawalpindi,Provincial Highway,Under Repair,Clear,Daylight,Car/Taxi,1,Over Speeding,0,0,0,0,3,0,Medium
2020,12,Sunday,18,Punjab,Sargodha,National Highway,Good,Foggy,Daylight,Bicycle,1,Over Speeding,1,1,0,1,11,1,High
2023,11,Friday,23,Punjab,Lahore,Provincial Highway,Good,Clear,No Light,Truck/Lorry,2,Road Condition,0,0,1,1,1,0,Medium
2021,12,Saturday,13,Punjab,Bahawalpur,Provincial Highway,Good,Clear,Daylight,Car/Taxi,2,Drunk Driving,1,1,0,1,4,0,Medium
2020,5,Sunday,14,Punjab,Rahim Yar Khan,National Highway,Good,Foggy,Daylight,Bus/Coach,4,Pedestrian Error,0,1,0,0,3,0,Medium
2022,2,Wednesday,13,Sindh,Larkana,Motorway,Poor,Dusty/Smoggy,Daylight,Bus/Coach,3,Signal Violation,1,0,0,1,4,0,Medium
2022,1,Monday,17,KPK,Swat,Provincial Highway,Average,Rainy,Daylight,Motorcycle,1,Mechanical Failure,1,0,0,1,9,1,High
2018,1,Sunday,12,Sindh,Karachi,Rural Road,Under Repair,Clear,Daylight,Motorcycle,2,Driver Fatigue,1,1,0,1,5,1,Medium
2021,9,Saturday,13,Sindh,Mirpur Khas,National Highway,Poor,Clear,Street Light,Rickshaw,3,Drunk Driving,1,1,0,0,3,0,Medium
2018,8,Friday,19,Balochistan,Chaman,Urban Road,Poor,Rainy,Dawn/Dusk,Motorcycle,2,Drunk Driving,1,0,0,0,4,1,Medium
2021,12,Friday,3,KPK,Charsadda,Provincial Highway,Good,Clear,Street Light,Truck/Lorry,3,Over Speeding,0,0,1,1,5,4,High
2021,12,Tuesday,11,Sindh,Jacobabad,Motorway,Average,Dusty/Smoggy,Daylight,Truck/Lorry,1,Driver Fatigue,0,0,0,1,2,0,Medium
2019,2,Tuesday,15,Punjab,Sargodha,Rural Road,Good,Clear,Daylight,Car/Taxi,1,Over Speeding,0,0,0,1,1,0,Medium
2021,2,Thursday,20,Balochistan,Chaman,Provincial Highway,Average,Dusty/Smoggy,Street Light,Rickshaw,2,Road Condition,1,0,0,1,1,1,Low
2018,12,Sunday,7,Sindh,Thatta,Rural Road,Good,Foggy,Daylight,Motorcycle,3,Mechanical Failure,1,1,0,1,2,0,Medium
2019,11,Friday,20,Punjab,Lahore,Provincial Highway,Poor,Foggy,Street Light,Car/Taxi,3,Over Speeding,1,0,0,1,5,0,Medium
2021,7,Friday,14,Punjab,Faisalabad,Urban Road,Good,Clear,Dawn/Dusk,Bicycle,1,Wrong Overtaking,0,0,0,0,0,0,Low
2019,6,Friday,15,KPK,Dera Ismail Khan,National Highway,Poor,Foggy,Daylight,Van/Pickup,2,Mechanical Failure,0,0,0,0,2,0,Low
2020,12,Wednesday,13,Punjab,Bahawalpur,Provincial Highway,Average,Clear,Dawn/Dusk,Motorcycle,1,Over Speeding,1,0,0,1,2,2,High
2018,4,Thursday,12,Gilgit-Baltistan,Gilgit,Urban Road,Average,Clear,Daylight,Rickshaw,1,Signal Violation,1,0,0,0,1,0,Low
2018,11,Sunday,10,Punjab,Sheikhupura,Provincial Highway,Poor,Extreme Heat,Daylight,Motorcycle,2,Over Speeding,0,1,0,1,3,1,Medium
2021,5,Friday,21,KPK,Bannu,Provincial Highway,Good,Clear,No Light,Car/Taxi,2,Wrong Overtaking,0,0,0,0,2,0,Low
2022,5,Saturday,22,Punjab,Rahim Yar Khan,Rural Road,Good,Extreme Heat,No Light,Bus/Coach,2,Road Condition,0,1,1,0,2,0,Low
2022,8,Monday,18,Sindh,Hyderabad,Provincial Highway,Under Repair,Rainy,Daylight,Van/Pickup,3,Over Speeding,1,0,0,0,6,1,High
2023,5,Thursday,16,Balochistan,Zhob,Urban Road,Good,Foggy,Street Light,Motorcycle,3,Over Speeding,0,0,0,0,7,2,High
2023,12,Tuesday,10,Punjab,Multan,Provincial Highway,Good,Foggy,Daylight,Truck/Lorry,2,Wrong Overtaking,0,0,0,1,7,2,High
2018,10,Sunday,0,Sindh,Kashmore,Urban Road,Good,Foggy,No Light,Van/Pickup,2,Road Condition,0,1,1,0,2,0,Low
2020,11,Thursday,15,Punjab,Sargodha,Rural Road,Poor,Foggy,Daylight,Rickshaw,2,Mechanical Failure,0,0,0,1,0,0,Low
2023,11,Saturday,0,Punjab,Faisalabad,Provincial Highway,Average,Rainy,Street Light,Motorcycle,1,Wrong Overtaking,0,1,1,1,3,0,High
2020,1,Wednesday,17,Punjab,Rahim Yar Khan,National Highway,Poor,Clear,Daylight,Rickshaw,1,Signal Violation,1,0,0,1,2,1,Medium
2022,10,Thursday,20,KPK,Peshawar,Provincial Highway,Average,Clear,No Light,Rickshaw,1,Over Speeding,1,0,0,0,3,0,Medium
2018,12,Friday,15,Punjab,Sheikhupura,Rural Road,Average,Rainy,Daylight,Rickshaw,3,Over Speeding,0,0,0,1,2,2,Medium
2020,9,Wednesday,3,Punjab,Sheikhupura,National Highway,Poor,Clear,No Light,Other,2,Wrong Overtaking,0,0,1,0,4,1,Medium
2022,4,Thursday,18,Punjab,Sheikhupura,Urban Road,Good,Foggy,Daylight,Car/Taxi,2,Wrong Overtaking,1,0,0,0,2,0,Low
2022,5,Sunday,21,Sindh,Mirpur Khas,National Highway,Good,Clear,No Light,Motorcycle,4,Driver Fatigue,0,1,0,0,10,1,High
2022,2,Sunday,10,KPK,Abbottabad,Provincial Highway,Poor,Rainy,Daylight,Motorcycle,1,Over Speeding,0,1,0,1,2,0,High
2023,8,Monday,16,Punjab,Sialkot,Urban Road,Average,Rainy,Daylight,Bus/Coach,2,Wrong Overtaking,0,0,0,0,2,1,Medium
2023,3,Monday,17,Punjab,Rahim Yar Khan,Provincial Highway,Good,Clear,Daylight,Car/Taxi,3,Over Speeding,1,0,0,0,0,0,Low
2018,5,Monday,18,Islamabad,Islamabad,National Highway,Under Repair,Clear,Daylight,Motorcycle,1,Road Condition,1,0,0,0,2,0,Medium
2022,7,Thursday,14,Punjab,Lahore,Rural Road,Poor,Clear,Daylight,Motorcycle,1,Over Speeding,0,0,0,0,3,1,High
2023,2,Friday,19,Balochistan,Dera Bugti,Rural Road,Poor,Dusty/Smoggy,Dawn/Dusk,Car/Taxi,1,Pedestrian Error,1,0,0,1,2,0,Low
2023,12,Tuesday,21,Balochistan,Chaman,Rural Road,Average,Dusty/Smoggy,Street Light,Rickshaw,1,Over Speeding,0,0,0,1,3,0,Medium
2018,11,Saturday,7,KPK,Dera Ismail Khan,National Highway,Poor,Clear,No Light,Motorcycle,2,Over Speeding,1,1,0,1,7,0,High
2023,5,Wednesday,7,Punjab,Multan,Rural Road,Average,Clear,Daylight,Motorcycle,4,Road Condition,1,0,0,0,2,0,Low
2023,4,Wednesday,22,KPK,Mardan,Provincial Highway,Average,Clear,No Light,Bicycle,2,Road Condition,0,0,1,0,6,2,High
2020,6,Wednesday,7,KPK,Swat,Urban Road,Good,Clear,Daylight,Motorcycle,4,Road Condition,1,0,0,0,2,0,Low
2021,8,Tuesday,10,Sindh,Karachi,Provincial Highway,Good,Dusty/Smoggy,Daylight,Motorcycle,3,Wrong Overtaking,0,0,0,0,3,2,Medium
2020,4,Sunday,14,Punjab,Rahim Yar Khan,National Highway,Good,Clear,Daylight,Car/Taxi,1,Over Speeding,0,1,0,0,4,0,Medium
2023,12,Friday,21,Punjab,Rahim Yar Khan,Urban Road,Average,Dusty/Smoggy,Street Light,Motorcycle,2,Mechanical Failure,0,0,0,1,5,2,Medium
2022,7,Thursday,12,Punjab,Bahawalpur,Urban Road,Good,Clear,Daylight,Van/Pickup,2,Pedestrian Error,1,0,0,0,1,0,Low
2023,3,Friday,11,Sindh,Nawabshah,Provincial Highway,Average,Clear,Daylight,Van/Pickup,4,Drunk Driving,0,0,0,0,2,1,Medium
2022,8,Thursday,19,Sindh,Karachi,National Highway,Under Repair,Clear,Dawn/Dusk,Rickshaw,1,Mobile Phone Use,1,0,0,0,2,0,Low
2022,7,Friday,10,Punjab,Lahore,Provincial Highway,Good,Clear,Daylight,Car/Taxi,2,Drunk Driving,0,0,0,0,2,0,Medium
2022,12,Wednesday,19,Sindh,Hyderabad,Urban Road,Good,Foggy,Dawn/Dusk,Motorcycle,1,Over Speeding,1,0,0,1,6,2,High
2022,5,Saturday,19,Punjab,Sargodha,Rural Road,Poor,Dusty/Smoggy,No Light,Motorcycle,2,Wrong Overtaking,1,1,0,0,1,0,Low
2018,7,Friday,19,Sindh,Hyderabad,National Highway,Good,Clear,Street Light,Rickshaw,2,Over Speeding,1,0,0,0,4,1,Medium
2019,4,Tuesday,8,Balochistan,Khuzdar,National Highway,Average,Foggy,Daylight,Motorcycle,1,Over Speeding,1,0,0,0,11,1,High
2023,5,Thursday,11,Punjab,Sheikhupura,Rural Road,Under Repair,Clear,Daylight,Car/Taxi,1,Pedestrian Error,0,0,0,0,2,0,Low
2022,10,Sunday,1,Punjab,Lahore,Rural Road,Good,Clear,No Light,Car/Taxi,1,Wrong Overtaking,0,1,1,0,5,1,Medium
2021,9,Saturday,18,Punjab,Sheikhupura,Urban Road,Average,Dusty/Smoggy,Daylight,Motorcycle,2,Mechanical Failure,1,1,0,0,1,0,Medium
2023,7,Tuesday,22,Sindh,Nawabshah,National Highway,Poor,Clear,No Light,Motorcycle,3,Signal Violation,0,0,1,0,2,0,High
2020,3,Thursday,20,KPK,Bannu,National Highway,Average,Clear,No Light,Other,2,Road Condition,1,0,0,0,2,0,Low
2020,9,Wednesday,20,Islamabad,Islamabad,Urban Road,Poor,Rainy,Street Light,Rickshaw,2,Mechanical Failure,1,0,0,0,1,0,Low
2020,11,Friday,22,Punjab,Rahim Yar Khan,Rural Road,Average,Clear,No Light,Rickshaw,1,Drunk Driving,0,0,1,1,5,1,Medium
2022,10,Wednesday,12,Islamabad,Islamabad,National Highway,Average,Rainy,Daylight,Rickshaw,1,Signal Violation,1,0,0,0,3,1,High
2018,10,Wednesday,11,Punjab,Bahawalpur,National Highway,Average,Foggy,Daylight,Bus/Coach,2,Wrong Overtaking,0,0,0,0,4,1,High
2021,2,Monday,12,Sindh,Jacobabad,Motorway,Average,Extreme Heat,Daylight,Motorcycle,2,Pedestrian Error,1,0,0,1,8,2,High
2023,8,Thursday,17,Punjab,Rahim Yar Khan,National Highway,Good,Clear,Daylight,Motorcycle,2,Wrong Overtaking,1,0,0,0,3,0,Medium
2019,7,Thursday,7,Balochistan,Loralai,Urban Road,Good,Clear,Street Light,Car/Taxi,2,Mobile Phone Use,1,0,0,0,2,0,Low
2020,7,Thursday,14,Sindh,Nawabshah,Urban Road,Poor,Clear,Daylight,Motorcycle,2,Wrong Overtaking,0,0,0,0,1,0,Low
2021,11,Tuesday,13,KPK,Charsadda,Provincial Highway,Good,Clear,Daylight,Truck/Lorry,4,Over Speeding,1,0,0,1,10,1,High
2020,7,Sunday,22,KPK,Bannu,Rural Road,Under Repair,Dusty/Smoggy,No Light,Bicycle,2,Mechanical Failure,0,1,1,0,2,2,Medium
2023,7,Friday,10,Punjab,Bahawalpur,National Highway,Under Repair,Foggy,Daylight,Bus/Coach,2,Mobile Phone Use,0,0,0,0,4,0,Medium
2019,8,Tuesday,15,Punjab,Sheikhupura,National Highway,Good,Clear,Daylight,Motorcycle,1,Wrong Overtaking,0,0,0,0,2,0,Medium
2023,11,Monday,9,Balochistan,Hub,National Highway,Average,Clear,Daylight,Car/Taxi,2,Over Speeding,1,0,0,1,6,0,High
2023,11,Saturday,19,Punjab,Rawalpindi,Provincial Highway,Average,Foggy,Dawn/Dusk,Car/Taxi,3,Wrong Overtaking,1,1,0,1,4,1,Medium
2018,5,Saturday,20,Punjab,Multan,Urban Road,Average,Clear,Street Light,Car/Taxi,2,Over Speeding,1,1,0,0,2,0,Low
2020,2,Sunday,8,Sindh,Larkana,National Highway,Average,Clear,Daylight,Rickshaw,2,Wrong Overtaking,1,1,0,1,4,0,Medium
2022,5,Saturday,10,Sindh,Dadu,National Highway,Good,Clear,Daylight,Motorcycle,1,Drunk Driving,0,1,0,0,9,4,High
2019,2,Wednesday,14,Punjab,Sheikhupura,National Highway,Good,Foggy,Street Light,Rickshaw,2,Signal Violation,0,0,0,1,2,2,Medium
2020,12,Tuesday,13,Punjab,Lahore,Urban Road,Poor,Foggy,Dawn/Dusk,Bus/Coach,3,Mechanical Failure,1,0,0,1,1,0,Low
2020,7,Friday,19,Punjab,Gujranwala,Urban Road,Good,Clear,No Light,Motorcycle,1,Mechanical Failure,1,0,0,0,1,0,Medium
2018,12,Monday,11,Sindh,Hyderabad,Rural Road,Good,Dusty/Smoggy,Daylight,Car/Taxi,2,Mechanical Failure,0,0,0,1,0,0,Low
2022,5,Monday,7,Balochistan,Hub,National Highway,Average,Dusty/Smoggy,Street Light,Motorcycle,1,Signal Violation,1,0,0,0,11,2,High
2023,6,Friday,14,AJK,Rawalakot,Urban Road,Good,Foggy,Daylight,Motorcycle,1,Pedestrian Error,0,0,0,0,4,0,Medium
2023,1,Tuesday,13,Sindh,Mirpur Khas,National Highway,Average,Clear,Daylight,Car/Taxi,1,Mechanical Failure,1,0,0,1,0,0,Low
2023,12,Wednesday,7,Punjab,Rawalpindi,Urban Road,Good,Clear,Daylight,Bus/Coach,2,Signal Violation,1,0,0,1,0,0,Low
2020,8,Monday,23,Balochistan,Gwadar,Urban Road,Poor,Clear,No Light,Motorcycle,2,Over Speeding,0,0,1,0,2,3,High
2023,7,Monday,13,Sindh,Jacobabad,Provincial Highway,Good,Clear,Dawn/Dusk,Car/Taxi,3,Wrong Overtaking,1,0,0,0,2,1,Medium
2018,1,Saturday,12,Punjab,Rahim Yar Khan,Urban Road,Good,Rainy,Daylight,Motorcycle,2,Over Speeding,1,1,0,1,5,2,High
2018,5,Sunday,19,Islamabad,Islamabad,Rural Road,Good,Clear,Dawn/Dusk,Bus/Coach,3,Wrong Overtaking,1,1,0,0,1,0,Low
2022,11,Monday,10,KPK,Swat,National Highway,Average,Dusty/Smoggy,Daylight,Van/Pickup,2,Mechanical Failure,0,0,0,1,0,0,Low
2023,4,Saturday,4,KPK,Abbottabad,Urban Road,Poor,Clear,No Light,Motorcycle,1,Road Condition,0,1,1,0,5,0,Medium
2020,4,Saturday,17,KPK,Dera Ismail Khan,Motorway,Average,Clear,Daylight,Truck/Lorry,2,Wrong Overtaking,1,1,0,0,1,0,Medium
2019,1,Monday,10,Punjab,Multan,Rural Road,Average,Foggy,No Light,Motorcycle,3,Wrong Overtaking,0,0,0,1,2,0,Medium
2023,7,Friday,13,Punjab,Faisalabad,National Highway,Under Repair,Clear,Daylight,Motorcycle,2,Mechanical Failure,1,0,0,0,2,0,High
2019,6,Thursday,7,KPK,Peshawar,Rural Road,Good,Clear,Daylight,Car/Taxi,2,Drunk Driving,1,0,0,0,1,0,Medium
2023,9,Tuesday,6,Punjab,Gujranwala,Provincial Highway,Average,Dusty/Smoggy,Dawn/Dusk,Car/Taxi,2,Drunk Driving,0,0,0,0,2,0,Medium
2019,8,Tuesday,5,Sindh,Dadu,Rural Road,Average,Clear,Dawn/Dusk,Motorcycle,1,Road Condition,0,0,1,0,2,0,Low
2023,11,Saturday,8,KPK,Bannu,National Highway,Good,Dusty/Smoggy,Daylight,Bus/Coach,2,Signal Violation,1,1,0,1,8,0,High
2023,2,Sunday,17,KPK,Peshawar,Rural Road,Average,Clear,Dawn/Dusk,Motorcycle,2,Wrong Overtaking,1,1,0,1,5,1,Medium
2023,3,Sunday,3,Sindh,Karachi,Motorway,Good,Foggy,Street Light,Motorcycle,2,Driver Fatigue,0,1,1,0,8,1,High
2022,10,Saturday,11,KPK,Charsadda,Provincial Highway,Good,Clear,Daylight,Motorcycle,2,Wrong Overtaking,0,1,0,0,1,0,Medium
2018,6,Saturday,11,KPK,Nowshera,Provincial Highway,Good,Clear,Daylight,Motorcycle,2,Mechanical Failure,0,1,0,0,3,0,Medium
2022,12,Tuesday,14,Sindh,Jacobabad,National Highway,Average,Clear,No Light,Motorcycle,1,Wrong Overtaking,0,0,0,1,10,0,High
2022,12,Friday,13,Punjab,Sheikhupura,Urban Road,Average,Foggy,Daylight,Motorcycle,3,Wrong Overtaking,1,0,0,1,3,0,Medium
2018,4,Monday,7,Punjab,Gujranwala,National Highway,Poor,Clear,Daylight,Motorcycle,4,Pedestrian Error,1,0,0,0,7,1,High
2023,5,Sunday,12,Punjab,Bahawalpur,Urban Road,Good,Foggy,Dawn/Dusk,Motorcycle,2,Road Condition,1,1,0,0,4,0,Medium
2018,12,Sunday,4,Punjab,Sargodha,Provincial Highway,Good,Clear,Street Light,Rickshaw,2,Mobile Phone Use,0,1,1,1,1,0,Low
2022,6,Tuesday,23,Punjab,Faisalabad,National Highway,Poor,Rainy,No Light,Car/Taxi,2,Road Condition,0,0,1,0,8,0,High
2020,6,Wednesday,19,Punjab,Faisalabad,Rural Road,Under Repair,Foggy,Street Light,Car/Taxi,3,Over Speeding,1,0,0,0,3,0,Medium
2018,9,Friday,3,Sindh,Larkana,Urban Road,Poor,Foggy,No Light,Car/Taxi,1,Drunk Driving,0,0,1,0,1,1,Medium
2022,2,Friday,21,Balochistan,Quetta,National Highway,Good,Rainy,No Light,Car/Taxi,2,Over Speeding,0,0,0,1,4,0,High
2020,3,Thursday,14,Punjab,Rahim Yar Khan,Provincial Highway,Good,Foggy,Daylight,Motorcycle,1,Driver Fatigue,0,0,0,0,7,0,High
2019,11,Wednesday,5,KPK,Kohat,National Highway,Good,Clear,No Light,Car/Taxi,2,Drunk Driving,0,0,1,1,3,0,High
2022,11,Friday,3,KPK,Kohat,National Highway,Poor,Clear,Street Light,Truck/Lorry,3,Pedestrian Error,0,0,1,1,6,4,High
2018,6,Thursday,19,Punjab,Lahore,National Highway,Under Repair,Clear,Dawn/Dusk,Motorcycle,2,Over Speeding,1,0,0,0,6,1,High
2020,8,Monday,13,Islamabad,Islamabad,National Highway,Poor,Foggy,Daylight,Bus/Coach,2,Wrong Overtaking,1,0,0,0,7,3,High
2019,8,Thursday,9,Sindh,Mirpur Khas,Provincial Highway,Good,Foggy,Street Light,Van/Pickup,2,Over Speeding,1,0,0,0,2,0,Medium
2020,12,Thursday,22,Punjab,Multan,Urban Road,Good,Dusty/Smoggy,Street Light,Motorcycle,2,Pedestrian Error,0,0,1,1,2,1,Medium
2023,11,Friday,17,KPK,Dera Ismail Khan,National Highway,Average,Clear,Daylight,Motorcycle,3,Over Speeding,1,0,0,1,10,0,High
2023,10,Sunday,1,Punjab,Gujranwala,Urban Road,Poor,Clear,Street Light,Motorcycle,3,Wrong Overtaking,0,1,1,0,7,0,High
2018,8,Friday,12,KPK,Swat,Urban Road,Good,Clear,Daylight,Bicycle,2,Pedestrian Error,1,0,0,0,0,0,Low
2019,5,Thursday,9,Punjab,Sheikhupura,Provincial Highway,Good,Clear,Daylight,Motorcycle,2,Over Speeding,1,0,0,0,10,0,High
2018,2,Tuesday,7,KPK,Bannu,National Highway,Good,Dusty/Smoggy,Daylight,Car/Taxi,2,Drunk Driving,1,0,0,1,5,1,High
2022,12,Monday,16,Sindh,Sukkur,Urban Road,Good,Clear,Street Light,Truck/Lorry,3,Over Speeding,0,0,0,1,0,0,Low
2021,9,Monday,11,Sindh,Sukkur,National Highway,Good,Clear,Street Light,Motorcycle,2,Over Speeding,0,0,0,0,10,1,High
2018,12,Friday,19,Punjab,Rawalpindi,National Highway,Poor,Clear,Dawn/Dusk,Truck/Lorry,2,Pedestrian Error,1,0,0,1,4,0,Medium
2018,3,Friday,12,KPK,Nowshera,Urban Road,Average,Dusty/Smoggy,Daylight,Motorcycle,1,Road Condition,1,0,0,0,1,1,Medium
2023,7,Tuesday,19,KPK,Peshawar,Rural Road,Poor,Foggy,No Light,Car/Taxi,2,Over Speeding,1,0,0,0,1,0,Medium
2022,7,Wednesday,19,Sindh,Larkana,Urban Road,Good,Clear,Dawn/Dusk,Motorcycle,2,Over Speeding,1,0,0,0,2,0,Medium
2021,2,Monday,12,Sindh,Dadu,National Highway,Average,Clear,Daylight,Car/Taxi,1,Pedestrian Error,1,0,0,1,0,1,Low
2023,9,Wednesday,22,Sindh,Thatta,Rural Road,Average,Dusty/Smoggy,Street Light,Car/Taxi,1,Over Speeding,0,0,1,0,1,1,Medium
2020,11,Saturday,21,Balochistan,Khuzdar,Provincial Highway,Good,Rainy,Street Light,Rickshaw,2,Wrong Overtaking,0,1,0,1,2,0,Low
2021,2,Wednesday,13,Sindh,Thatta,National Highway,Good,Clear,Daylight,Bus/Coach,1,Over Speeding,1,0,0,1,3,1,High
2021,5,Saturday,19,Balochistan,Zhob,Provincial Highway,Good,Clear,Daylight,Bicycle,3,Pedestrian Error,1,1,0,0,5,2,Medium
2018,1,Saturday,10,KPK,Dera Ismail Khan,Rural Road,Average,Dusty/Smoggy,Daylight,Rickshaw,1,Over Speeding,0,1,0,1,4,2,Medium
2021,7,Tuesday,16,Punjab,Rawalpindi,Provincial Highway,Good,Foggy,Street Light,Car/Taxi,1,Over Speeding,0,0,0,0,1,1,Medium
2020,1,Wednesday,14,Punjab,Sheikhupura,Provincial Highway,Good,Rainy,Daylight,Bus/Coach,4,Drunk Driving,0,0,0,1,4,0,Medium
2022,11,Saturday,12,Punjab,Rahim Yar Khan,Motorway,Poor,Foggy,Daylight,Bus/Coach,4,Over Speeding,1,1,0,1,5,1,High
2019,4,Sunday,18,KPK,Nowshera,Provincial Highway,Good,Clear,Daylight,Truck/Lorry,2,Road Condition,1,1,0,0,5,0,Medium
2023,12,Saturday,2,Punjab,Bahawalpur,Provincial Highway,Average,Foggy,No Light,Truck/Lorry,2,Signal Violation,0,1,1,1,4,1,Medium
2020,12,Monday,18,Sindh,Kashmore,Urban Road,Average,Rainy,Daylight,Rickshaw,1,Drunk Driving,1,0,0,1,3,1,Medium
2020,6,Wednesday,17,KPK,Mardan,Motorway,Average,Foggy,Daylight,Rickshaw,2,Over Speeding,1,0,0,0,9,1,High
2019,11,Sunday,9,Punjab,Rawalpindi,Motorway,Good,Clear,Street Light,Motorcycle,1,Wrong Overtaking,1,1,0,1,1,0,Medium
2018,1,Sunday,12,Sindh,Jacobabad,Rural Road,Good,Clear,Daylight,Motorcycle,1,Road Condition,1,1,0,1,1,0,Low
2023,7,Sunday,1,Punjab,Faisalabad,Rural Road,Good,Foggy,No Light,Car/Taxi,2,Mobile Phone Use,0,1,1,0,0,0,Low
2023,8,Tuesday,9,Punjab,Sialkot,Rural Road,Poor,Foggy,Daylight,Motorcycle,1,Mechanical Failure,1,0,0,0,2,0,Low
2021,2,Wednesday,14,KPK,Nowshera,Urban Road,Poor,Clear,Daylight,Motorcycle,3,Road Condition,0,0,0,1,1,0,Low
2022,6,Wednesday,5,Punjab,Sialkot,Urban Road,Good,Dusty/Smoggy,Street Light,Car/Taxi,4,Drunk Driving,0,0,1,0,3,0,Medium
2021,12,Saturday,18,Punjab,Gujranwala,National Highway,Good,Dusty/Smoggy,Daylight,Bus/Coach,3,Driver Fatigue,1,1,0,1,2,2,High
2019,10,Friday,21,Balochistan,Sibi,Urban Road,Good,Dusty/Smoggy,No Light,Rickshaw,3,Over Speeding,0,0,0,0,2,0,Low
2023,2,Friday,17,Punjab,Rawalpindi,Provincial Highway,Average,Extreme Heat,Street Light,Motorcycle,3,Over Speeding,1,0,0,1,10,1,High
2021,11,Saturday,21,AJK,Muzaffarabad,Rural Road,Average,Extreme Heat,No Light,Motorcycle,2,Over Speeding,0,1,0,1,2,4,High
2019,9,Saturday,12,AJK,Muzaffarabad,National Highway,Average,Dusty/Smoggy,Daylight,Other,4,Over Speeding,1,1,0,0,3,0,Medium
2023,1,Wednesday,8,Punjab,Gujranwala,Rural Road,Good,Clear,Daylight,Car/Taxi,2,Over Speeding,1,0,0,1,0,1,Low
2023,2,Tuesday,12,Punjab,Bahawalpur,Rural Road,Poor,Clear,Daylight,Rickshaw,1,Driver Fatigue,1,0,0,1,3,0,Medium
2020,4,Thursday,6,KPK,Charsadda,National Highway,Average,Clear,Dawn/Dusk,Bus/Coach,3,Over Speeding,0,0,0,0,2,3,High
2022,12,Sunday,13,Sindh,Karachi,Rural Road,Good,Clear,Daylight,Car/Taxi,1,Wrong Overtaking,1,1,0,1,0,0,Low
2021,5,Saturday,18,Punjab,Sialkot,Urban Road,Good,Clear,Daylight,Motorcycle,1,Over Speeding,1,1,0,0,5,1,Medium
2019,9,Friday,6,KPK,Mansehra,National Highway,Good,Dusty/Smoggy,Daylight,Car/Taxi,1,Pedestrian Error,0,0,0,0,2,0,Low
2023,12,Wednesday,20,Punjab,Rahim Yar Khan,Urban Road,Good,Clear,Street Light,Car/Taxi,3,Over Speeding,1,0,0,1,2,1,Medium