year,month,day_of_week,hour_of_day,province,district,road_type,road_condition,weather_condition,lighting_condition,vehicle_type,vehicles_involved,accident_cause,is_rush_hour,is_weekend,is_night,is_foggy_month,num_injured,num_killed,severity
2022,4,Monday,22,Balochistan,Turbat,Rural Road,Average,Extreme Heat,Street Light,Car/Taxi,3,Over Speeding,0,0,1,0,4,1,Medium
2021,6,Saturday,18,Punjab,Gujranwala,Provincial Highway,Poor,Foggy,Daylight,Car/Taxi,1,Signal Violation,1,1,0,0,0,0,Low
2022,6,Monday,18,Punjab,Sialkot,Urban Road,Average,Foggy,Daylight,Van/Pickup,2,Wrong Overtaking,1,0,0,0,1,1,Medium
2019,9,Wednesday,21,Punjab,Rawalpindi,National Highway,Average,Clear,Street Light,Motorcycle,1,Road Condition,0,0,0,0,3,0,Medium
2020,2,Saturday,8,Islamabad,Islamabad,National Highway,Average,Clear,Daylight,Car/Taxi,3,Wrong Overtaking,1,1,0,1,5,1,Medium
2019,5,Wednesday,2,KPK,Peshawar,Rural Road,Poor,Clear,No Light,Rickshaw,2,Drunk Driving,0,0,1,0,1,0,Low
2023,6,Monday,13,KPK,Bannu,National Highway,Poor,Dusty/Smoggy,Dawn/Dusk,Car/Taxi,3,Driver Fatigue,1,0,0,0,10,0,High
2023,3,Tuesday,13,Punjab,Faisalabad,Provincial Highway,Average,Extreme Heat,Daylight,Motorcycle,2,Over Speeding,1,0,0,0,8,3,High
2020,7,Monday,23,Punjab,Multan,National Highway,Good,Clear,Street Light,Bicycle,3,Road Condition,0,0,1,0,4,0,Medium
2022,2,Wednesday,8,Punjab,Sheikhupura,Rural Road,Good,Rainy,Daylight,Motorcycle,2,Signal Violation,1,0,0,1,4,0,Medium
2022,6,Sunday,21,Sindh,Dadu,Rural Road,Under Repair,Dusty/Smoggy,No Light,Car/Taxi,2,Signal Violation,0,1,0,0,2,0,Low
2019,9,Friday,16,Sindh,Thatta,National Highway,Average,Clear,Street Light,Truck/Lorry,1,Signal Violation,0,0,0,0,6,0,High
2019,7,Monday,12,Sindh,Larkana,Rural Road,Average,Dusty/Smoggy,Daylight,Bus/Coach,3,Over Speeding,1,0,0,0,0,0,Low
2018,8,Wednesday,8,Punjab,Lahore,Provincial Highway,Good,Clear,Street Light,Car/Taxi,1,Mobile Phone Use,1,0,0,0,2,0,Low
2023,12,Sunday,21,Islamabad,Islamabad,Rural Road,Good,Rainy,No Light,Rickshaw,1,Road Condition,0,1,0,1,2,0,Low
2022,9,Monday,12,Punjab,Sargodha,National Highway,Good,Clear,Daylight,Motorcycle,3,Road Condition,1,0,0,0,1,1,Medium
2022,11,Friday,22,Islamabad,Islamabad,Provincial Highway,Good,Clear,No Light,Motorcycle,2,Over Speeding,0,0,1,1,8,2,High
2023,11,Saturday,17,Punjab,Faisalabad,National Highway,Good,Clear,Daylight,Bicycle,1,Driver Fatigue,1,1,0,1,11,2,High
2023,4,Saturday,18,Sindh,Thatta,Urban Road,Under Repair,Clear,Daylight,Bus/Coach,2,Over Speeding,1,1,0,0,1,0,Low
2019,12,Saturday,17,Punjab,Rahim Yar Khan,National Highway,Good,Foggy,Street Light,Motorcycle,2,Drunk Driving,1,1,0,1,11,2,High
2018,6,Sunday,14,Sindh,Kashmore,Urban Road,Average,Clear,Daylight,Van/Pickup,2,Road Condition,0,1,0,0,0,1,Low
2019,8,Sunday,12,Sindh,Hyderabad,Urban Road,Under Repair,Extreme Heat,Daylight,Car/Taxi,2,Road Condition,1,1,0,0,1,0,Low
2021,6,Friday,8,Sindh,Kashmore,National Highway,Average,Clear,Daylight,Truck/Lorry,2,Weather Condition,1,0,0,0,1,0,Medium
2022,11,Wednesday,0,Punjab,Rawalpindi,National Highway,Average,Extreme Heat,Street Light,Rickshaw,1,Over Speeding,0,0,1,1,2,3,High
2021,5,Thursday,13,KPK,Mansehra,Urban Road,Good,Foggy,Daylight,Rickshaw,4,Over Speeding,1,0,0,0,2,0,Medium
2023,11,Friday,18,KPK,Swat,Provincial Highway,Poor,Clear,Daylight,Motorcycle,2,Pedestrian Error,1,0,0,1,3,0,Medium
2020,8,Tuesday,13,KPK,Mardan,Urban Road,Poor,Foggy,Daylight,Truck/Lorry,3,Road Condition,1,0,0,0,2,0,Medium
2023,5,Sunday,0,Punjab,Lahore,Provincial Highway,Average,Clear,Street Light,Car/Taxi,3,Wrong Overtaking,0,1,1,0,3,0,Medium
2023,2,Thursday,6,Sindh,Sukkur,Provincial Highway,Good,Clear,Dawn/Dusk,Motorcycle,4,Wrong Overtaking,0,0,0,1,4,1,Medium
2023,2,Thursday,2,Sindh,Larkana,Provincial Highway,Good,Clear,Street Light,Car/Taxi,2,Mechanical Failure,0,0,1,1,2,0,Low
2023,2,Friday,18,Punjab,Sheikhupura,Urban Road,Poor,Rainy,Daylight,Bicycle,1,Mechanical Failure,1,0,0,1,1,0,Low
2018,12,Saturday,18,Sindh,Dadu,Urban Road,Average,Dusty/Smoggy,Daylight,Rickshaw,2,Wrong Overtaking,1,1,0,1,2,0,Low
2022,8,Sunday,16,Punjab,Gujranwala,Urban Road,Good,Clear,Daylight,Truck/Lorry,2,Wrong Overtaking,0,1,0,0,1,2,Medium
2022,1,Thursday,12,Punjab,Gujranwala,Provincial Highway,Good,Clear,Dawn/Dusk,Motorcycle,3,Over Speeding,1,0,0,1,4,1,High
2018,6,Saturday,17,Punjab,Sargodha,Urban Road,Good,Extreme Heat,Daylight,Truck/Lorry,2,Road Condition,1,1,0,0,0,0,Low
2022,5,Monday,8,Punjab,Bahawalpur,Rural Road,Poor,Rainy,Street Light,Motorcycle,2,Signal Violation,1,0,0,0,5,3,High
2021,7,Tuesday,23,KPK,Abbottabad,National Highway,Poor,Clear,No Light,Bicycle,1,Mobile Phone Use,0,0,1,0,5,0,Medium
2021,12,Sunday,8,KPK,Kohat,Provincial Highway,Good,Clear,Daylight,Car/Taxi,2,Mobile Phone Use,1,1,0,1,2,0,Low
2023,8,Monday,10,Islamabad,Islamabad,National Highway,Average,Rainy,Daylight,Motorcycle,3,Signal Violation,0,0,0,0,2,1,High
2019,12,Friday,11,KPK,Nowshera,Urban Road,Poor,Rainy,Daylight,Bus/Coach,1,Road Condition,0,0,0,1,2,0,Low
2022,2,Friday,16,Punjab,Faisalabad,Rural Road,Poor,Rainy,Daylight,Car/Taxi,2,Over Speeding,0,0,0,1,5,1,Medium
2023,3,Friday,8,Balochistan,Sibi,Provincial Highway,Poor,Dusty/Smoggy,Daylight,Car/Taxi,4,Wrong Overtaking,1,0,0,0,3,0,Medium
2021,10,Friday,19,Balochistan,Khuzdar,Urban Road,Good,Clear,Dawn/Dusk,Motorcycle,1,Over Speeding,1,0,0,0,2,0,Medium
2023,12,Friday,12,Sindh,Jacobabad,Provincial Highway,Good,Clear,No Light,Motorcycle,2,Mechanical Failure,1,0,0,1,4,1,Medium
2023,7,Monday,12,Sindh,Dadu,Urban Road,Average,Clear,Daylight,Motorcycle,2,Mechanical Failure,1,0,0,0,2,0,Low
2020,8,Wednesday,9,AJK,Muzaffarabad,Urban Road,Good,Clear,Street Light,Motorcycle,3,Weather Condition,1,0,0,0,0,1,Low
2018,1,Sunday,6,Sindh,Sukkur,Urban Road,Good,Dusty/Smoggy,Daylight,Motorcycle,2,Wrong Overtaking,0,1,0,1,1,0,Medium
2019,3,Saturday,22,Balochistan,Turbat,National Highway,Good,Clear,No Light,Motorcycle,2,Signal Violation,0,1,1,0,3,2,High
2022,5,Friday,6,Punjab,Gujranwala,National Highway,Average,Dusty/Smoggy,Daylight,Truck/Lorry,2,Mechanical Failure,0,0,0,0,3,0,Medium
2021,6,Friday,5,Punjab,Gujranwala,Urban Road,Average,Rainy,Street Light,Bus/Coach,2,Driver Fatigue,0,0,1,0,5,1,Medium
2023,9,Friday,8,Sindh,Thatta,National Highway,Good,Dusty/Smoggy,Daylight,Van/Pickup,1,Signal Violation,1,0,0,0,2,0,Medium
2018,5,Friday,12,Sindh,Nawabshah,National Highway,Good,Clear,No Light,Motorcycle,2,Weather Condition,1,0,0,0,4,0,Medium
2021,7,Sunday,19,KPK,Nowshera,National Highway,Good,Clear,No Light,Motorcycle,1,Wrong Overtaking,1,1,0,0,6,1,High
2021,9,Tuesday,10,AJK,Rawalakot,Provincial Highway,Average,Clear,Daylight,Car/Taxi,3,Wrong Overtaking,0,0,0,0,1,0,Low
2018,12,Saturday,10,Punjab,Bahawalpur,National Highway,Average,Foggy,Daylight,Rickshaw,3,Over Speeding,0,1,0,1,1,0,Medium
2021,3,Wednesday,21,Punjab,Sheikhupura,Motorway,Average,Dusty/Smoggy,No Light,Car/Taxi,1,Over Speeding,0,0,0,0,2,2,Medium
2023,5,Thursday,19,KPK,Swat,Urban Road,Poor,Foggy,No Light,Rickshaw,2,Weather Condition,1,0,0,0,1,0,Low
2023,8,Friday,19,Sindh,Mirpur Khas,National Highway,Good,Clear,Dawn/Dusk,Motorcycle,2,Mechanical Failure,1,0,0,0,7,2,High
2022,8,Friday,14,Punjab,Multan,Rural Road,Good,Clear,Daylight,Car/Taxi,2,Signal Violation,0,0,0,0,0,0,Low
2023,7,Saturday,13,Sindh,Dadu,National Highway,Under Repair,Extreme Heat,Daylight,Motorcycle,2,Mechanical Failure,1,1,0,0,2,2,Medium
2023,9,Thursday,18,KPK,Mardan,Rural Road,Good,Clear,Daylight,Motorcycle,2,Over Speeding,1,0,0,0,3,0,High
2021,12,Sunday,19,KPK,Charsadda,Provincial Highway,Good,Dusty/Smoggy,Dawn/Dusk,Motorcycle,2,Road Condition,1,1,0,1,2,0,Medium
2021,7,Wednesday,13,Sindh,Jacobabad,Provincial Highway,Average,Clear,Dawn/Dusk,Motorcycle,2,Pedestrian Error,1,0,0,0,3,0,Medium
2022,8,Monday,20,Punjab,Sargodha,Provincial Highway,Poor,Clear,No Light,Motorcycle,1,Wrong Overtaking,1,0,0,0,2,0,Medium
2020,10,Wednesday,21,AJK,Muzaffarabad,National Highway,Good,Clear,Street Light,Car/Taxi,2,Over Speeding,0,0,0,0,7,0,High
2019,7,Wednesday,17,KPK,Peshawar,Urban Road,Poor,Clear,Street Light,Motorcycle,2,Pedestrian Error,1,0,0,0,2,0,Low
2023,1,Tuesday,10,Punjab,Lahore,Provincial Highway,Good,Clear,Dawn/Dusk,Truck/Lorry,1,Over Speeding,0,0,0,1,4,2,High
2019,4,Saturday,8,Punjab,Sargodha,National Highway,Average,Rainy,Daylight,Rickshaw,1,Over Speeding,1,1,0,0,8,1,High
2018,12,Monday,14,KPK,Mardan,Provincial Highway,Average,Clear,Daylight,Motorcycle,1,Road Condition,0,0,0,1,2,0,Medium
2020,3,Wednesday,16,Punjab,Multan,Urban Road,Average,Clear,Daylight,Car/Taxi,1,Over Speeding,0,0,0,0,5,0,Medium
2022,8,Saturday,19,Punjab,Sialkot,National Highway,Poor,Clear,Dawn/Dusk,Car/Taxi,2,Over Speeding,1,1,0,0,11,2,High
2019,12,Friday,18,Sindh,Mirpur Khas,Urban Road,Under Repair,Rainy,No Light,Bus/Coach,1,Over Speeding,1,0,0,1,2,0,High
2019,1,Sunday,15,Punjab,Gujranwala,National Highway,Poor,Clear,Daylight,Motorcycle,1,Wrong Overtaking,0,1,0,1,7,0,High
2018,12,Saturday,3,Sindh,Nawabshah,Urban Road,Poor,Foggy,Street Light,Car/Taxi,3,Over Speeding,0,1,1,1,4,2,High
2023,9,Wednesday,10,Punjab,Rahim Yar Khan,Provincial Highway,Average,Clear,Dawn/Dusk,Car/Taxi,2,Signal Violation,0,0,0,0,2,0,Low
2023,7,Monday,19,Sindh,Jacobabad,National Highway,Good,Clear,Dawn/Dusk,Motorcycle,1,Road Condition,1,0,0,0,2,1,Medium
2022,12,Saturday,19,Punjab,Faisalabad,Urban Road,Average,Extreme Heat,Street Light,Bus/Coach,2,Mechanical Failure,1,1,0,1,1,0,Low
2021,4,Friday,20,Punjab,Multan,Urban Road,Good,Clear,Street Light,Motorcycle,2,Wrong Overtaking,1,0,0,0,4,0,Medium
2023,12,Sunday,12,Punjab,Sargodha,Urban Road,Good,Dusty/Smoggy,Daylight,Car/Taxi,4,Driver Fatigue,1,1,0,1,0,0,Low
2023,2,Friday,11,Islamabad,Islamabad,Motorway,Good,Extreme Heat,Daylight,Car/Taxi,3,Over Speeding,0,0,0,1,3,2,Medium
2021,2,Friday,22,Balochistan,Hub,Provincial Highway,Good,Clear,Street Light,Motorcycle,3,Over Speeding,0,0,1,1,4,0,High
2023,1,Sunday,19,Punjab,Rahim Yar Khan,Rural Road,Poor,Clear,No Light,Bus/Coach,1,Road Condition,1,1,0,1,1,0,Low
2020,4,Sunday,19,KPK,Bannu,National Highway,Poor,Clear,Dawn/Dusk,Motorcycle,2,Over Speeding,1,1,0,0,10,0,High
2023,10,Monday,2,Sindh,Nawabshah,Motorway,Good,Rainy,No Light,Motorcycle,1,Pedestrian Error,0,0,1,0,10,2,High
2022,1,Friday,12,AJK,Muzaffarabad,Urban Road,Average,Rainy,Daylight,Motorcycle,2,Signal Violation,1,0,0,1,2,1,Medium
2021,8,Thursday,17,Punjab,Multan,Provincial Highway,Average,Rainy,Dawn/Dusk,Truck/Lorry,2,Over Speeding,1,0,0,0,4,0,Medium
2020,12,Monday,5,KPK,Dera Ismail Khan,Rural Road,Good,Clear,Dawn/Dusk,Car/Taxi,1,Signal Violation,0,0,1,1,2,0,Low
2020,5,Monday,12,Punjab,Multan,Urban Road,Poor,Clear,Daylight,Motorcycle,3,Drunk Driving,1,0,0,0,4,1,Medium
2022,1,Friday,21,Punjab,Rawalpindi,Provincial Highway,Good,Rainy,No Light,Motorcycle,2,Drunk Driving,0,0,0,1,4,1,High
2019,2,Sunday,19,Islamabad,Islamabad,Provincial Highway,Average,Extreme Heat,Dawn/Dusk,Bus/Coach,2,Over Speeding,1,1,0,1,3,0,Medium
2020,12,Saturday,3,Sindh,Nawabshah,Urban Road,Poor,Dusty/Smoggy,No Light,Rickshaw,3,Over Speeding,0,1,1,1,1,0,Medium
2020,9,Wednesday,9,Punjab,Bahawalpur,National Highway,Average,Clear,Daylight,Motorcycle,1,Wrong Overtaking,1,0,0,0,11,2,High
2018,10,Friday,18,Punjab,Lahore,National Highway,Good,Clear,Street Light,Motorcycle,3,Signal Violation,1,0,0,0,10,0,High
2022,3,Wednesday,13,KPK,Mardan,National Highway,Good,Clear,Daylight,Car/Taxi,2,Road Condition,1,0,0,0,3,0,Medium
2019,1,Friday,10,Sindh,Larkana,Provincial Highway,Average,Clear,Daylight,Car/Taxi,3,Road Condition,0,0,0,1,1,0,Low
2022,6,Friday,23,Punjab,Sargodha,National Highway,Good,Clear,Street Light,Bus/Coach,3,Wrong Overtaking,0,0,1,0,6,1,High
2022,5,Monday,14,Islamabad,Islamabad,Rural Road,Poor,Rainy,Dawn/Dusk,Car/Taxi,4,Mechanical Failure,0,0,0,0,0,0,Low
2020,10,Wednesday,20,Punjab,Faisalabad,National Highway,Good,Foggy,No Light,Motorcycle,2,Road Condition,1,0,0,0,2,0,Medium
2023,12,Monday,18,Punjab,Rahim Yar Khan,Urban Road,Average,Clear,Street Light,Truck/Lorry,1,Wrong Overtaking,1,0,0,1,1,0,Low
2021,11,Monday,9,Islamabad,Islamabad,Provincial Highway,Good,Clear,Daylight,Rickshaw,2,Over Speeding,1,0,0,1,0,0,Low
2021,8,Thursday,15,Punjab,Bahawalpur,Urban Road,Average,Foggy,Daylight,Motorcycle,2,Mechanical Failure,0,0,0,0,4,0,Medium
2020,3,Saturday,7,Punjab,Rawalpindi,Provincial Highway,Good,Foggy,Daylight,Motorcycle,2,Mechanical Failure,1,1,0,0,5,1,Medium
2023,11,Thursday,20,Sindh,Hyderabad,Provincial Highway,Average,Rainy,Street Light,Car/Taxi,2,Driver Fatigue,1,0,0,1,1,1,Medium
2023,12,Thursday,8,KPK,Nowshera,Provincial Highway,Poor,Foggy,Daylight,Van/Pickup,4,Wrong Overtaking,1,0,0,1,4,1,Medium
2021,12,Saturday,16,Punjab,Rahim Yar Khan,Provincial Highway,Average,Clear,Daylight,Motorcycle,4,Mechanical Failure,0,1,0,1,5,0,Medium
2020,12,Friday,19,Islamabad,Islamabad,National Highway,Under Repair,Clear,Dawn/Dusk,Car/Taxi,2,Wrong Overtaking,1,0,0,1,5,2,Medium
2022,5,Sunday,18,KPK,Bannu,Provincial Highway,Average,Extreme Heat,Daylight,Rickshaw,2,Pedestrian Error,1,1,0,0,1,0,Low
2023,10,Thursday,20,Punjab,Multan,Urban Road,Average,Foggy,Street Light,Motorcycle,2,Wrong Overtaking,1,0,0,0,5,0,Medium
2023,12,Friday,13,KPK,Mardan,Provincial Highway,Poor,Clear,Daylight,Motorcycle,2,Pedestrian Error,1,0,0,1,5,0,Medium
2022,7,Thursday,22,Punjab,Sheikhupura,Rural Road,Average,Rainy,Street Light,Bus/Coach,2,Road Condition,0,0,1,0,2,1,Medium
2020,7,Monday,15,Punjab,Rahim Yar Khan,Rural Road,Good,Clear,Daylight,Car/Taxi,2,Wrong Overtaking,0,0,0,0,0,0,Low
2021,2,Monday,11,KPK,Kohat,National Highway,Poor,Foggy,Daylight,Van/Pickup,2,Wrong Overtaking,0,0,0,1,5,1,Medium
2021,2,Sunday,17,Islamabad,Islamabad,National Highway,Poor,Foggy,Street Light,Bus/Coach,2,Over Speeding,1,1,0,1,9,3,High
2020,12,Friday,22,Punjab,Rahim Yar Khan,National Highway,Poor,Clear,No Light,Motorcycle,3,Wrong Overtaking,0,0,1,1,8,1,High
2022,1,Friday,18,Sindh,Jacobabad,Provincial Highway,Poor,Clear,Daylight,Van/Pickup,1,Wrong Overtaking,1,0,0,1,4,1,Medium
2023,1,Saturday,22,Sindh,Kashmore,Rural Road,Poor,Dusty/Smoggy,Street Light,Motorcycle,3,Driver Fatigue,0,1,1,1,10,2,High
2021,2,Thursday,10,Punjab,Gujranwala,Rural Road,Average,Foggy,Dawn/Dusk,Truck/Lorry,3,Over Speeding,0,0,0,1,5,0,Medium
2022,4,Tuesday,7,Punjab,Gujranwala,Motorway,Good,Clear,Street Light,Car/Taxi,1,Road Condition,1,0,0,0,0,0,Low
2019,7,Friday,15,Punjab,Sialkot,National Highway,Poor,Clear,Daylight,Car/Taxi,3,Pedestrian Error,0,0,0,0,1,0,Low
2021,10,Saturday,16,KPK,Kohat,Urban Road,Good,Clear,Dawn/Dusk,Bus/Coach,1,Over Speeding,0,1,0,0,2,1,Medium
2022,11,Saturday,2,Sindh,Thatta,Provincial Highway,Average,Clear,Street Light,Other,3,Over Speeding,0,1,1,1,3,0,Medium
2023,7,Tuesday,15,Punjab,Multan,Urban Road,Average,Extreme Heat,Daylight,Bus/Coach,1,Drunk Driving,0,0,0,0,4,0,Medium
2021,11,Friday,18,KPK,Abbottabad,Urban Road,Average,Rainy,Daylight,Rickshaw,1,Signal Violation,1,0,0,1,1,0,Low
2018,1,Thursday,5,KPK,Abbottabad,National Highway,Good,Dusty/Smoggy,Street Light,Truck/Lorry,3,Drunk Driving,0,0,1,1,6,2,High
2020,1,Tuesday,12,Sindh,Hyderabad,National Highway,Poor,Rainy,Daylight,Motorcycle,4,Drunk Driving,1,0,0,1,5,2,High
2023,2,Thursday,17,Punjab,Bahawalpur,National Highway,Average,Clear,Daylight,Motorcycle,2,Over Speeding,1,0,0,1,3,0,High
2021,12,Thursday,19,Sindh,Jacobabad,National Highway,Good,Foggy,Dawn/Dusk,Rickshaw,3,Over Speeding,1,0,0,1,2,3,High
2018,10,Monday,10,Punjab,Sialkot,Urban Road,Poor,Dusty/Smoggy,Daylight,Truck/Lorry,1,Over Speeding,0,0,0,0,4,1,Medium
2022,8,Sunday,9,Punjab,Faisalabad,Urban Road,Good,Clear,Daylight,Motorcycle,3,Over Speeding,1,1,0,0,1,0,Medium
2022,11,Friday,18,KPK,Mardan,Provincial Highway,Average,Clear,Daylight,Motorcycle,4,Signal Violation,1,0,0,1,5,0,Medium
2023,4,Thursday,1,Punjab,Rahim Yar Khan,Rural Road,Poor,Clear,Street Light,Motorcycle,1,Over Speeding,0,0,1,0,4,1,Medium
2023,11,Tuesday,3,Punjab,Lahore,Urban Road,Good,Clear,No Light,Car/Taxi,2,Pedestrian Error,0,0,1,1,0,0,Low
2019,12,Monday,18,Punjab,Rahim Yar Khan,Motorway,Poor,Clear,Street Light,Motorcycle,2,Driver Fatigue,1,0,0,1,11,1,High
2022,12,Sunday,10,Punjab,Faisalabad,Urban Road,Poor,Foggy,Daylight,Car/Taxi,1,Over Speeding,0,1,0,1,2,2,Medium
2019,11,Sunday,13,Punjab,Sheikhupura,Urban Road,Average,Clear,Dawn/Dusk,Bus/Coach,3,Road Condition,1,1,0,1,0,0,Low
2022,6,Friday,18,Gilgit-Baltistan,Gilgit,Rural Road,Good,Clear,Daylight,Motorcycle,3,Mechanical Failure,1,0,0,0,5,2,Medium
2023,6,Monday,22,Punjab,Rahim Yar Khan,Rural Road,Good,Clear,No Light,Bus/Coach,1,Over Speeding,0,0,1,0,1,2,Medium
2022,6,Sunday,4,Punjab,Multan,National Highway,Average,Clear,No Light,Rickshaw,2,Wrong Overtaking,0,1,1,0,1,1,Medium
2023,9,Saturday,11,Punjab,Faisalabad,Urban Road,Good,Dusty/Smoggy,Daylight,Bus/Coach,1,Drunk Driving,0,1,0,0,2,0,Medium
2023,1,Tuesday,23,Islamabad,Islamabad,Provincial Highway,Good,Clear,Street Light,Motorcycle,1,Signal Violation,0,0,1,1,6,0,High
2022,9,Friday,11,Sindh,Mirpur Khas,National Highway,Under Repair,Foggy,Daylight,Van/Pickup,3,Mechanical Failure,0,0,0,0,1,0,Low
2018,10,Tuesday,20,Punjab,Rahim Yar Khan,National Highway,Average,Clear,No Light,Truck/Lorry,2,Mechanical Failure,1,0,0,0,5,0,Medium
2018,3,Saturday,17,Balochistan,Chaman,National Highway,Average,Clear,Daylight,Car/Taxi,4,Over Speeding,1,1,0,0,4,0,Medium
2020,11,Monday,19,Punjab,Lahore,Rural Road,Average,Clear,No Light,Car/Taxi,4,Weather Condition,1,0,0,1,2,0,Low
2022,2,Sunday,0,Punjab,Sheikhupura,National Highway,Poor,Clear,Street Light,Car/Taxi,2,Drunk Driving,0,1,1,1,3,0,Medium
2023,5,Saturday,18,Punjab,Sargodha,Motorway,Poor,Foggy,Daylight,Other,2,Signal Violation,1,1,0,0,4,2,Medium
2019,8,Friday,12,Punjab,Gujranwala,Motorway,Good,Clear,Street Light,Truck/Lorry,1,Signal Violation,1,0,0,0,4,0,Medium
2020,7,Monday,13,Punjab,Gujranwala,Provincial Highway,Under Repair,Extreme Heat,Daylight,Car/Taxi,2,Over Speeding,1,0,0,0,5,1,Medium
2023,11,Tuesday,14,KPK,Bannu,Urban Road,Poor,Clear,Daylight,Car/Taxi,2,Wrong Overtaking,0,0,0,1,2,0,Low
2019,1,Friday,20,Punjab,Sheikhupura,Provincial Highway,Poor,Clear,Street Light,Rickshaw,2,Mechanical Failure,1,0,0,1,0,0,Low
2021,9,Thursday,15,Sindh,Hyderabad,National Highway,Poor,Foggy,Daylight,Motorcycle,2,Over Speeding,0,0,0,0,4,0,High
2022,6,Saturday,16,Punjab,Bahawalpur,Urban Road,Average,Clear,Daylight,Car/Taxi,2,Drunk Driving,0,1,0,0,1,1,Low
2022,8,Friday,1,Punjab,Gujranwala,Provincial Highway,Poor,Clear,No Light,Motorcycle,3,Mechanical Failure,0,0,1,0,1,1,Medium
2023,8,Saturday,19,Punjab,Faisalabad,Rural Road,Poor,Clear,Dawn/Dusk,Motorcycle,3,Over Speeding,1,1,0,0,2,2,High
2023,3,Saturday,10,Islamabad,Islamabad,Rural Road,Good,Foggy,Daylight,Car/Taxi,3,Over Speeding,0,1,0,0,2,1,Medium
2021,8,Saturday,18,Punjab,Sheikhupura,Motorway,Average,Rainy,Daylight,Rickshaw,2,Road Condition,1,1,0,0,3,0,Medium
2020,8,Wednesday,21,KPK,Swat,Urban Road,Average,Clear,Street Light,Car/Taxi,2,Road Condition,0,0,0,0,0,0,Low
2018,7,Monday,11,Punjab,Gujranwala,Provincial Highway,Good,Foggy,Daylight,Motorcycle,2,Signal Violation,0,0,0,0,2,0,Medium
2020,11,Friday,12,Punjab,Sargodha,Urban Road,Good,Foggy,Daylight,Motorcycle,2,Over Speeding,1,0,0,1,2,0,Medium
2023,7,Tuesday,11,Punjab,Faisalabad,Provincial Highway,Good,Rainy,Daylight,Car/Taxi,2,Driver Fatigue,0,0,0,0,3,2,Medium
2023,8,Monday,12,Punjab,Gujranwala,Urban Road,Good,Clear,Daylight,Truck/Lorry,1,Driver Fatigue,1,0,0,0,2,0,Medium
2019,12,Sunday,11,Punjab,Bahawalpur,National Highway,Under Repair,Rainy,Daylight,Bus/Coach,2,Over Speeding,0,1,0,1,5,3,High
2021,6,Sunday,18,Punjab,Lahore,Motorway,Average,Rainy,Street Light,Motorcycle,4,Wrong Overtaking,1,1,0,0,5,0,High
2018,7,Tuesday,19,KPK,Charsadda,National Highway,Good,Clear,Street Light,Bus/Coach,1,Signal Violation,1,0,0,0,2,1,High
2019,1,Friday,12,Punjab,Faisalabad,Urban Road,Average,Foggy,Daylight,Car/Taxi,3,Mechanical Failure,1,0,0,1,0,0,Low
2019,2,Monday,19,Sindh,Larkana,National Highway,Average,Clear,Dawn/Dusk,Bus/Coach,2,Pedestrian Error,1,0,0,1,4,0,Medium
2020,12,Tuesday,15,Punjab,Rawalpindi,Rural Road,Poor,Clear,Daylight,Car/Taxi,3,Over Speeding,0,0,0,1,4,0,Medium
2023,10,Tuesday,18,Sindh,Hyderabad,Urban Road,Good,Foggy,No Light,Motorcycle,3,Wrong Overtaking,1,0,0,0,2,0,Medium
2023,9,Sunday,17,Sindh,Kashmore,Urban Road,Good,Clear,No Light,Motorcycle,2,Over Speeding,1,1,0,0,2,1,Medium
2021,8,Tuesday,19,Punjab,Rahim Yar Khan,Urban Road,Average,Dusty/Smoggy,No Light,Motorcycle,1,Road Condition,1,0,0,0,0,0,Low
2022,9,Friday,17,Punjab,Faisalabad,National Highway,Good,Foggy,Street Light,Car/Taxi,2,Mechanical Failure,1,0,0,0,5,1,Medium
2023,7,Wednesday,16,KPK,Dera Ismail Khan,Provincial Highway,Good,Rainy,Daylight,Motorcycle,2,Over Speeding,0,0,0,0,3,0,High
2020,5,Friday,13,Balochistan,Zhob,Provincial Highway,Poor,Clear,Daylight,Motorcycle,1,Over Speeding,1,0,0,0,8,1,High
2020,12,Saturday,15,Punjab,Rawalpindi,Provincial Highway,Good,Rainy,Daylight,Van/Pickup,3,Wrong Overtaking,0,1,0,1,2,0,Medium
2019,7,Saturday,3,Punjab,Rahim Yar Khan,National Highway,Good,Clear,Street Light,Car/Taxi,1,Road Condition,0,1,1,0,5,1,Medium
2022,12,Tuesday,16,Balochistan,Gwadar,Provincial Highway,Good,Foggy,Daylight,Motorcycle,1,Wrong Overtaking,0,0,0,1,5,1,Medium
2018,12,Friday,6,Punjab,Multan,Provincial Highway,Good,Clear,Daylight,Motorcycle,4,Wrong Overtaking,0,0,0,1,5,2,Medium
2020,6,Tuesday,6,Sindh,Hyderabad,National Highway,Under Repair,Clear,Street Light,Bus/Coach,1,Pedestrian Error,0,0,0,0,0,0,Low
2019,5,Saturday,5,Punjab,Multan,Urban Road,Poor,Extreme Heat,No Light,Car/Taxi,2,Wrong Overtaking,0,1,1,0,1,0,Medium
2023,8,Monday,23,Punjab,Faisalabad,National Highway,Good,Clear,Street Light,Car/Taxi,2,Over Speeding,0,0,1,0,5,2,High
2021,4,Tuesday,11,Sindh,Larkana,Rural Road,Good,Clear,Daylight,Car/Taxi,1,Signal Violation,0,0,0,0,1,0,Low
2023,12,Sunday,21,Sindh,Thatta,Provincial Highway,Poor,Foggy,Street Light,Motorcycle,2,Over Speeding,0,1,0,1,10,1,High