year,month,day_of_week,hour_of_day,province,district,road_type,road_condition,weather_condition,lighting_condition,vehicle_type,vehicles_involved,accident_cause,is_rush_hour,is_weekend,is_night,is_foggy_month,num_injured,num_killed,severity
2021,2,Tuesday,15,Punjab,Sheikhupura,Provincial Highway,Average,Foggy,Daylight,Rickshaw,2,Over Speeding,0,0,0,1,6,1,High
2022,7,Monday,8,Sindh,Larkana,National Highway,Average,Clear,Daylight,Rickshaw,1,Pedestrian Error,1,0,0,0,0,0,Low
2018,12,Friday,20,KPK,Swat,Provincial Highway,Average,Rainy,Street Light,Motorcycle,4,Over Speeding,1,0,0,1,10,1,High
2020,7,Tuesday,16,Sindh,Jacobabad,Rural Road,Poor,Dusty/Smoggy,Dawn/Dusk,Motorcycle,3,Over Speeding,0,0,0,0,5,2,High
2020,2,Monday,10,Punjab,Lahore,Urban Road,Poor,Clear,Daylight,Motorcycle,2,Road Condition,0,0,0,1,1,0,Low
2018,12,Monday,18,Sindh,Jacobabad,Rural Road,Good,Foggy,Daylight,Car/Taxi,4,Over Speeding,1,0,0,1,1,0,Medium
2021,12,Tuesday,19,KPK,Bannu,Motorway,Average,Rainy,Daylight,Car/Taxi,2,Over Speeding,1,0,0,1,7,1,High
2022,12,Friday,19,KPK,Swat,Urban Road,Average,Dusty/Smoggy,Dawn/Dusk,Rickshaw,2,Mobile Phone Use,1,0,0,1,1,1,Low
2020,10,Friday,22,Sindh,Hyderabad,National Highway,Average,Foggy,Street Light,Motorcycle,3,Signal Violation,0,0,1,0,10,1,High
2020,8,Thursday,19,Punjab,Multan,Provincial Highway,Good,Clear,Dawn/Dusk,Car/Taxi,2,Wrong Overtaking,1,0,0,0,1,1,Medium
2023,5,Wednesday,19,KPK,Mardan,Urban Road,Average,Clear,Dawn/Dusk,Bus/Coach,2,Signal Violation,1,0,0,0,1,0,Low
2019,5,Sunday,22,KPK,Dera Ismail Khan,Rural Road,Good,Rainy,No Light,Motorcycle,2,Over Speeding,0,1,1,0,3,1,High
2023,10,Monday,12,Punjab,Sargodha,Urban Road,Average,Clear,Daylight,Motorcycle,2,Signal Violation,1,0,0,0,4,0,Medium
2021,12,Saturday,16,Punjab,Sialkot,Urban Road,Average,Clear,Daylight,Motorcycle,1,Over Speeding,0,1,0,1,3,1,Medium
2018,2,Thursday,21,Punjab,Faisalabad,Rural Road,Good,Clear,Street Light,Car/Taxi,4,Over Speeding,0,0,0,1,2,0,Medium
2020,1,Sunday,6,KPK,Mansehra,Provincial Highway,Under Repair,Clear,Daylight,Car/Taxi,2,Over Speeding,0,1,0,1,2,0,Low
2019,1,Saturday,9,Punjab,Sheikhupura,Urban Road,Under Repair,Clear,Daylight,Motorcycle,2,Over Speeding,1,1,0,1,7,1,High
2020,10,Saturday,20,Sindh,Thatta,Provincial Highway,Average,Foggy,No Light,Motorcycle,4,Wrong Overtaking,1,1,0,0,3,1,Medium
2022,3,Monday,5,Balochistan,Sibi,Provincial Highway,Average,Foggy,Dawn/Dusk,Rickshaw,2,Driver Fatigue,0,0,1,0,11,1,High
2022,12,Saturday,11,KPK,Kohat,National Highway,Good,Foggy,Daylight,Car/Taxi,3,Signal Violation,0,1,0,1,1,0,Medium
2022,11,Friday,14,Islamabad,Islamabad,Rural Road,Good,Rainy,Daylight,Car/Taxi,2,Over Speeding,0,0,0,1,1,1,Low
2022,12,Tuesday,22,AJK,Mirpur,National Highway,Average,Clear,Street Light,Motorcycle,4,Over Speeding,0,0,1,1,4,0,High
2023,7,Friday,6,Punjab,Rahim Yar Khan,National Highway,Poor,Dusty/Smoggy,Daylight,Motorcycle,1,Drunk Driving,0,0,0,0,11,3,High
2023,9,Wednesday,13,Sindh,Hyderabad,National Highway,Average,Clear,Street Light,Motorcycle,4,Over Speeding,1,0,0,0,2,1,High
2023,8,Tuesday,18,Punjab,Gujranwala,Urban Road,Average,Foggy,Daylight,Motorcycle,2,Pedestrian Error,1,0,0,0,1,0,Low
2023,2,Sunday,8,Balochistan,Dera Bugti,National Highway,Average,Clear,Daylight,Motorcycle,3,Drunk Driving,1,1,0,1,5,0,High
2023,8,Sunday,17,Punjab,Rawalpindi,National Highway,Under Repair,Clear,Daylight,Car/Taxi,2,Road Condition,1,1,0,0,0,0,Low
2020,6,Friday,9,AJK,Mirpur,Urban Road,Poor,Clear,Daylight,Car/Taxi,3,Drunk Driving,1,0,0,0,4,0,Medium
2023,2,Sunday,20,Sindh,Larkana,Provincial Highway,Poor,Clear,Street Light,Motorcycle,2,Over Speeding,1,1,0,1,3,0,Medium
2018,1,Thursday,8,KPK,Nowshera,Rural Road,Good,Clear,Daylight,Rickshaw,3,Mechanical Failure,1,0,0,1,2,0,Low
2021,8,Friday,6,Punjab,Faisalabad,Rural Road,Under Repair,Clear,Dawn/Dusk,Motorcycle,2,Weather Condition,0,0,0,0,0,0,Low
2018,8,Saturday,16,Punjab,Sialkot,Provincial Highway,Good,Extreme Heat,Daylight,Bus/Coach,1,Over Speeding,0,1,0,0,5,1,Medium
2021,10,Saturday,13,KPK,Peshawar,National Highway,Good,Clear,Daylight,Car/Taxi,2,Wrong Overtaking,1,1,0,0,0,0,Low
2018,1,Sunday,20,Punjab,Rahim Yar Khan,Urban Road,Average,Foggy,Street Light,Motorcycle,2,Mechanical Failure,1,1,0,1,5,1,Medium
2023,7,Friday,14,KPK,Abbottabad,Motorway,Good,Clear,Daylight,Car/Taxi,3,Signal Violation,0,0,0,0,5,1,Medium
2022,2,Wednesday,11,Punjab,Sargodha,Urban Road,Average,Foggy,Daylight,Car/Taxi,2,Over Speeding,0,0,0,1,1,2,Medium
2023,6,Tuesday,18,Sindh,Mirpur Khas,Rural Road,Average,Clear,Daylight,Car/Taxi,1,Mobile Phone Use,1,0,0,0,1,0,Low
2022,1,Monday,12,Punjab,Bahawalpur,Provincial Highway,Under Repair,Rainy,No Light,Motorcycle,1,Road Condition,1,0,0,1,2,1,Medium
2020,5,Monday,8,Sindh,Jacobabad,National Highway,Average,Clear,Street Light,Rickshaw,4,Wrong Overtaking,1,0,0,0,4,0,Medium
2019,5,Monday,13,KPK,Nowshera,Rural Road,Poor,Foggy,Daylight,Bicycle,2,Wrong Overtaking,1,0,0,0,3,0,Medium
2019,6,Thursday,17,Punjab,Lahore,Provincial Highway,Good,Rainy,No Light,Motorcycle,2,Mechanical Failure,1,0,0,0,2,1,Medium
2023,4,Friday,4,Punjab,Lahore,National Highway,Average,Clear,No Light,Motorcycle,2,Wrong Overtaking,0,0,1,0,2,2,High
2020,12,Friday,6,Punjab,Sialkot,National Highway,Average,Clear,No Light,Bus/Coach,1,Pedestrian Error,0,0,0,1,0,0,Low
2022,6,Thursday,7,Sindh,Thatta,National Highway,Average,Foggy,Daylight,Bus/Coach,4,Road Condition,1,0,0,0,1,1,Medium
2022,11,Tuesday,18,Sindh,Sukkur,Provincial Highway,Average,Foggy,Daylight,Motorcycle,1,Over Speeding,1,0,0,1,4,1,High
2023,4,Saturday,21,KPK,Charsadda,Rural Road,Good,Extreme Heat,Street Light,Motorcycle,4,Wrong Overtaking,0,1,0,0,2,0,Medium
2023,1,Saturday,17,Sindh,Thatta,National Highway,Average,Foggy,Daylight,Truck/Lorry,2,Over Speeding,1,1,0,1,9,0,High
2022,8,Tuesday,8,Sindh,Karachi,Urban Road,Poor,Extreme Heat,Daylight,Car/Taxi,2,Road Condition,1,0,0,0,0,0,Low
2022,7,Wednesday,19,Punjab,Gujranwala,National Highway,Under Repair,Dusty/Smoggy,Street Light,Motorcycle,3,Wrong Overtaking,1,0,0,0,8,1,High
2019,7,Wednesday,22,Punjab,Sheikhupura,National Highway,Average,Foggy,Street Light,Motorcycle,2,Pedestrian Error,0,0,1,0,5,0,High
2019,11,Saturday,14,Punjab,Rahim Yar Khan,National Highway,Poor,Foggy,Daylight,Bicycle,1,Pedestrian Error,0,1,0,1,3,0,High
2021,7,Saturday,14,AJK,Mirpur,Provincial Highway,Good,Clear,Daylight,Motorcycle,2,Driver Fatigue,0,1,0,0,2,2,High
2022,5,Sunday,19,Balochistan,Dera Bugti,Rural Road,Good,Foggy,Street Light,Motorcycle,2,Road Condition,1,1,0,0,0,0,Low
2023,3,Friday,17,Punjab,Rawalpindi,Urban Road,Average,Foggy,Daylight,Motorcycle,2,Signal Violation,1,0,0,0,1,0,Medium
2023,11,Friday,6,Sindh,Dadu,Rural Road,Good,Dusty/Smoggy,Daylight,Motorcycle,2,Mobile Phone Use,0,0,0,1,5,0,Medium
2022,6,Saturday,16,Balochistan,Sibi,Rural Road,Average,Rainy,No Light,Car/Taxi,3,Wrong Overtaking,0,1,0,0,0,0,Low
2019,6,Thursday,22,Sindh,Karachi,National Highway,Good,Foggy,Street Light,Bus/Coach,2,Signal Violation,0,0,1,0,11,1,High
2023,7,Monday,21,Punjab,Faisalabad,Urban Road,Average,Rainy,Street Light,Car/Taxi,4,Road Condition,0,0,0,0,1,0,Low
2021,3,Wednesday,15,Punjab,Rawalpindi,Rural Road,Good,Foggy,Street Light,Motorcycle,3,Over Speeding,0,0,0,0,6,2,High
2022,9,Thursday,10,Sindh,Larkana,Rural Road,Good,Clear,Daylight,Motorcycle,2,Mobile Phone Use,0,0,0,0,1,0,Low
2020,1,Saturday,14,Islamabad,Islamabad,Urban Road,Good,Rainy,Daylight,Motorcycle,1,Over Speeding,0,1,0,1,10,1,High
2020,12,Monday,9,KPK,Kohat,Rural Road,Average,Clear,Dawn/Dusk,Motorcycle,2,Wrong Overtaking,1,0,0,1,0,0,Low
2021,5,Friday,13,Punjab,Gujranwala,Provincial Highway,Poor,Clear,Daylight,Motorcycle,2,Over Speeding,1,0,0,0,5,0,Medium
2021,4,Saturday,9,Punjab,Rahim Yar Khan,Urban Road,Good,Clear,Daylight,Car/Taxi,2,Mechanical Failure,1,1,0,0,1,0,Low
2023,12,Wednesday,7,KPK,Kohat,Provincial Highway,Good,Clear,Daylight,Motorcycle,3,Over Speeding,1,0,0,1,1,0,Medium
2019,3,Friday,17,Balochistan,Khuzdar,National Highway,Average,Clear,Daylight,Car/Taxi,2,Over Speeding,1,0,0,0,2,0,Medium
2023,1,Friday,7,Sindh,Nawabshah,National Highway,Poor,Rainy,Daylight,Car/Taxi,2,Over Speeding,1,0,0,1,9,0,High
2019,1,Saturday,12,Sindh,Larkana,Rural Road,Good,Dusty/Smoggy,Dawn/Dusk,Truck/Lorry,1,Wrong Overtaking,1,1,0,1,2,0,Low
2022,5,Sunday,7,Punjab,Sheikhupura,National Highway,Average,Rainy,Daylight,Motorcycle,2,Wrong Overtaking,1,1,0,0,11,0,High
2018,1,Wednesday,7,KPK,Mardan,Motorway,Under Repair,Clear,Daylight,Motorcycle,2,Signal Violation,1,0,0,1,2,2,High
2021,10,Monday,10,KPK,Peshawar,Provincial Highway,Poor,Dusty/Smoggy,Daylight,Car/Taxi,2,Over Speeding,0,0,0,0,4,2,Medium
2022,3,Wednesday,8,Punjab,Sargodha,Provincial Highway,Under Repair,Foggy,Daylight,Car/Taxi,3,Wrong Overtaking,1,0,0,0,4,0,Medium
2018,8,Thursday,3,KPK,Bannu,National Highway,Under Repair,Rainy,Street Light,Car/Taxi,2,Mechanical Failure,0,0,1,0,8,1,High
2020,7,Friday,9,Punjab,Rahim Yar Khan,National Highway,Poor,Clear,Daylight,Motorcycle,1,Wrong Overtaking,1,0,0,0,1,0,Medium
2023,7,Thursday,17,Punjab,Sheikhupura,Urban Road,Poor,Clear,Daylight,Car/Taxi,4,Wrong Overtaking,1,0,0,0,0,0,Low
2023,9,Tuesday,18,Punjab,Rawalpindi,Provincial Highway,Good,Extreme Heat,Daylight,Truck/Lorry,2,Over Speeding,1,0,0,0,8,0,High
2020,8,Sunday,19,Punjab,Lahore,National Highway,Poor,Extreme Heat,Dawn/Dusk,Motorcycle,1,Over Speeding,1,1,0,0,3,2,High
2023,1,Thursday,8,Punjab,Sheikhupura,National Highway,Average,Clear,Daylight,Motorcycle,3,Signal Violation,1,0,0,1,9,2,High
2018,12,Saturday,11,Punjab,Sargodha,National Highway,Under Repair,Clear,Daylight,Truck/Lorry,2,Over Speeding,0,1,0,1,5,1,Medium
2019,5,Thursday,14,Sindh,Thatta,Rural Road,Average,Clear,Daylight,Motorcycle,2,Over Speeding,0,0,0,0,7,3,High
2023,6,Saturday,19,Sindh,Nawabshah,Urban Road,Poor,Clear,Dawn/Dusk,Bus/Coach,3,Road Condition,1,1,0,0,2,0,Low
2022,7,Saturday,20,Punjab,Rahim Yar Khan,National Highway,Good,Rainy,Street Light,Rickshaw,2,Road Condition,1,1,0,0,0,0,Low
2023,12,Wednesday,12,Punjab,Sialkot,Urban Road,Good,Clear,Daylight,Motorcycle,1,Pedestrian Error,1,0,0,1,2,0,Medium
2022,2,Sunday,7,Sindh,Larkana,Provincial Highway,Average,Foggy,Daylight,Car/Taxi,1,Over Speeding,1,1,0,1,6,0,High
2022,7,Friday,0,Punjab,Faisalabad,Urban Road,Good,Clear,Street Light,Motorcycle,1,Over Speeding,0,0,1,0,6,2,High
2022,5,Monday,15,Punjab,Lahore,Provincial Highway,Average,Rainy,Daylight,Truck/Lorry,2,Over Speeding,0,0,0,0,7,1,High
2023,10,Saturday,21,Balochistan,Zhob,National Highway,Poor,Clear,Street Light,Rickshaw,3,Wrong Overtaking,0,1,0,0,4,0,Medium
2023,2,Saturday,12,KPK,Bannu,Provincial Highway,Poor,Clear,Street Light,Car/Taxi,1,Pedestrian Error,1,1,0,1,0,0,Low
2019,11,Wednesday,15,Balochistan,Dera Bugti,Urban Road,Good,Rainy,Daylight,Motorcycle,1,Signal Violation,0,0,0,1,5,0,Medium
2020,10,Sunday,13,Sindh,Kashmore,Urban Road,Poor,Dusty/Smoggy,Daylight,Bicycle,3,Wrong Overtaking,1,1,0,0,5,1,Medium
2023,5,Sunday,2,Punjab,Faisalabad,Provincial Highway,Average,Clear,No Light,Motorcycle,2,Wrong Overtaking,0,1,1,0,10,2,High
2018,2,Monday,16,KPK,Peshawar,Urban Road,Good,Dusty/Smoggy,Daylight,Rickshaw,1,Over Speeding,0,0,0,1,0,0,Low
2019,4,Wednesday,20,Punjab,Lahore,Provincial Highway,Average,Dusty/Smoggy,No Light,Van/Pickup,1,Over Speeding,1,0,0,0,0,0,Low
2023,10,Monday,17,Sindh,Jacobabad,Provincial Highway,Average,Clear,Daylight,Car/Taxi,2,Wrong Overtaking,1,0,0,0,4,0,Medium
2023,9,Sunday,10,Punjab,Lahore,Rural Road,Poor,Clear,Daylight,Motorcycle,2,Signal Violation,0,1,0,0,2,1,Low
2022,1,Sunday,18,KPK,Bannu,Provincial Highway,Average,Rainy,Daylight,Car/Taxi,2,Signal Violation,1,1,0,1,5,1,Medium
2023,4,Friday,12,Punjab,Sheikhupura,National Highway,Good,Dusty/Smoggy,Daylight,Car/Taxi,2,Wrong Overtaking,1,0,0,0,5,2,Medium
2019,9,Monday,6,Balochistan,Khuzdar,National Highway,Poor,Clear,Daylight,Car/Taxi,3,Driver Fatigue,0,0,0,0,10,4,High
2023,6,Wednesday,12,Balochistan,Turbat,National Highway,Average,Dusty/Smoggy,Daylight,Car/Taxi,3,Signal Violation,1,0,0,0,1,0,Low
2023,10,Saturday,22,Sindh,Dadu,National Highway,Good,Rainy,No Light,Motorcycle,3,Pedestrian Error,0,1,1,0,10,3,High
2018,7,Saturday,10,KPK,Abbottabad,Provincial Highway,Average,Clear,Daylight,Motorcycle,2,Over Speeding,0,1,0,0,6,1,High
2022,8,Sunday,0,Sindh,Hyderabad,Provincial Highway,Average,Rainy,No Light,Car/Taxi,2,Drunk Driving,0,1,1,0,5,0,Medium
2019,8,Sunday,14,KPK,Swat,National Highway,Good,Foggy,Daylight,Car/Taxi,2,Pedestrian Error,0,1,0,0,4,1,Medium
2021,1,Tuesday,17,Sindh,Jacobabad,National Highway,Good,Clear,Daylight,Motorcycle,1,Over Speeding,1,0,0,1,3,1,High
2022,11,Sunday,16,KPK,Swat,Rural Road,Average,Clear,Daylight,Bus/Coach,2,Road Condition,0,1,0,1,2,0,Low
2022,12,Saturday,8,Sindh,Thatta,Motorway,Average,Clear,Daylight,Motorcycle,2,Wrong Overtaking,1,1,0,1,2,2,High
2022,3,Sunday,19,Islamabad,Islamabad,Rural Road,Good,Clear,No Light,Car/Taxi,2,Mechanical Failure,1,1,0,0,1,1,Low
2022,2,Monday,16,Sindh,Mirpur Khas,Rural Road,Good,Clear,Daylight,Motorcycle,2,Mechanical Failure,0,0,0,1,1,0,Low
2022,4,Friday,13,Sindh,Hyderabad,Provincial Highway,Good,Extreme Heat,Street Light,Car/Taxi,3,Over Speeding,1,0,0,0,1,0,Medium
2019,12,Friday,20,KPK,Dera Ismail Khan,Rural Road,Average,Foggy,Street Light,Car/Taxi,3,Over Speeding,1,0,0,1,5,0,Medium
2018,8,Tuesday,7,KPK,Swat,Provincial Highway,Average,Clear,Dawn/Dusk,Motorcycle,2,Signal Violation,1,0,0,0,5,0,Medium
2023,2,Monday,17,Sindh,Jacobabad,Provincial Highway,Average,Dusty/Smoggy,Dawn/Dusk,Car/Taxi,2,Mechanical Failure,1,0,0,1,0,0,Low
2018,3,Monday,13,Punjab,Lahore,National Highway,Good,Clear,Daylight,Motorcycle,1,Road Condition,1,0,0,0,7,0,High
2023,6,Thursday,16,Sindh,Jacobabad,National Highway,Average,Rainy,No Light,Car/Taxi,2,Over Speeding,0,0,0,0,4,4,High
2023,3,Sunday,14,Islamabad,Islamabad,Provincial Highway,Good,Clear,Daylight,Motorcycle,2,Over Speeding,0,1,0,0,5,1,Medium
2019,3,Wednesday,23,KPK,Abbottabad,Urban Road,Poor,Dusty/Smoggy,No Light,Bicycle,4,Signal Violation,0,0,1,0,1,1,Medium
2019,5,Thursday,16,KPK,Nowshera,National Highway,Poor,Clear,Daylight,Bus/Coach,2,Wrong Overtaking,0,0,0,0,1,0,Medium
2023,9,Monday,9,Punjab,Rawalpindi,National Highway,Good,Clear,Dawn/Dusk,Rickshaw,3,Pedestrian Error,1,0,0,0,0,0,Low
2023,2,Monday,20,Sindh,Thatta,National Highway,Average,Extreme Heat,No Light,Car/Taxi,1,Wrong Overtaking,1,0,0,1,2,0,Low
2019,9,Friday,6,Sindh,Larkana,Provincial Highway,Poor,Clear,No Light,Motorcycle,1,Wrong Overtaking,0,0,0,0,5,1,Medium
2021,5,Thursday,7,KPK,Peshawar,Urban Road,Good,Clear,Street Light,Car/Taxi,1,Over Speeding,1,0,0,0,5,0,Medium
2020,1,Sunday,9,Punjab,Lahore,National Highway,Poor,Clear,Daylight,Van/Pickup,2,Over Speeding,1,1,0,1,3,0,Medium
2018,6,Friday,22,Balochistan,Gwadar,Provincial Highway,Good,Foggy,No Light,Van/Pickup,2,Wrong Overtaking,0,0,1,0,1,0,Medium
2019,9,Thursday,10,Sindh,Dadu,National Highway,Good,Clear,No Light,Car/Taxi,1,Over Speeding,0,0,0,0,6,0,High
2023,7,Sunday,9,Punjab,Gujranwala,Rural Road,Good,Clear,Daylight,Van/Pickup,1,Road Condition,1,1,0,0,0,0,Low
2021,10,Friday,6,Punjab,Gujranwala,Motorway,Good,Clear,Daylight,Car/Taxi,4,Mechanical Failure,0,0,0,0,2,0,Low
2019,6,Tuesday,1,Punjab,Rawalpindi,Provincial Highway,Average,Clear,No Light,Car/Taxi,2,Mechanical Failure,0,0,1,0,3,0,Medium
2019,12,Friday,6,Sindh,Mirpur Khas,Motorway,Good,Clear,Daylight,Bicycle,2,Mechanical Failure,0,0,0,1,4,0,Medium
2022,6,Saturday,9,Punjab,Sargodha,Motorway,Good,Clear,Dawn/Dusk,Car/Taxi,2,Road Condition,1,1,0,0,1,0,Low
2021,6,Wednesday,22,Punjab,Rawalpindi,Urban Road,Average,Rainy,No Light,Van/Pickup,1,Wrong Overtaking,0,0,1,0,4,2,Medium
2020,11,Friday,11,KPK,Kohat,Provincial Highway,Average,Foggy,No Light,Motorcycle,2,Mechanical Failure,0,0,0,1,1,0,Medium
2023,2,Saturday,11,Punjab,Rawalpindi,National Highway,Poor,Clear,Daylight,Motorcycle,1,Driver Fatigue,0,1,0,1,11,0,High
2021,8,Tuesday,8,Punjab,Lahore,Urban Road,Under Repair,Rainy,Daylight,Rickshaw,1,Over Speeding,1,0,0,0,0,0,Low
2018,11,Saturday,3,Sindh,Nawabshah,Rural Road,Average,Clear,No Light,Motorcycle,2,Pedestrian Error,0,1,1,1,1,1,Medium
2020,1,Wednesday,19,Sindh,Sukkur,Provincial Highway,Under Repair,Clear,Street Light,Motorcycle,1,Signal Violation,1,0,0,1,11,1,High
2022,7,Thursday,9,KPK,Mardan,Provincial Highway,Good,Clear,Daylight,Motorcycle,2,Mechanical Failure,1,0,0,0,2,0,Low
2019,9,Friday,10,Sindh,Sukkur,Provincial Highway,Good,Clear,Daylight,Motorcycle,1,Pedestrian Error,0,0,0,0,4,0,Medium
2023,11,Monday,21,KPK,Kohat,Urban Road,Poor,Clear,No Light,Motorcycle,3,Wrong Overtaking,0,0,0,1,4,1,Medium
2023,12,Monday,15,Sindh,Mirpur Khas,Urban Road,Poor,Dusty/Smoggy,Street Light,Truck/Lorry,1,Wrong Overtaking,0,0,0,1,1,0,Low
2021,11,Monday,5,Punjab,Sheikhupura,Provincial Highway,Good,Clear,Dawn/Dusk,Car/Taxi,1,Drunk Driving,0,0,1,1,2,0,High
2023,9,Friday,7,Punjab,Sheikhupura,National Highway,Good,Foggy,Daylight,Car/Taxi,1,Pedestrian Error,1,0,0,0,1,0,Low
2020,3,Monday,15,Sindh,Hyderabad,Urban Road,Average,Clear,Daylight,Rickshaw,3,Mechanical Failure,0,0,0,0,1,0,Low
2023,3,Friday,20,Punjab,Sialkot,Provincial Highway,Poor,Clear,No Light,Truck/Lorry,2,Over Speeding,1,0,0,0,11,0,High
2023,11,Saturday,16,KPK,Bannu,Urban Road,Average,Clear,Daylight,Motorcycle,3,Mechanical Failure,0,1,0,1,2,0,Medium
2019,1,Friday,12,Sindh,Dadu,Urban Road,Good,Clear,Dawn/Dusk,Car/Taxi,2,Driver Fatigue,1,0,0,1,2,1,Low
2019,5,Sunday,13,Punjab,Sialkot,National Highway,Under Repair,Foggy,Daylight,Motorcycle,1,Signal Violation,1,1,0,0,11,4,High
2022,9,Saturday,19,Punjab,Lahore,Urban Road,Average,Foggy,Daylight,Bus/Coach,3,Signal Violation,1,1,0,0,2,0,Medium
2022,12,Monday,17,Punjab,Lahore,Urban Road,Good,Clear,Daylight,Motorcycle,2,Over Speeding,1,0,0,1,2,1,Medium
2022,5,Saturday,18,Sindh,Dadu,Urban Road,Average,Clear,Daylight,Car/Taxi,4,Wrong Overtaking,1,1,0,0,1,0,Low
2021,10,Saturday,14,Sindh,Sukkur,Provincial Highway,Average,Dusty/Smoggy,Dawn/Dusk,Rickshaw,2,Signal Violation,0,1,0,0,1,1,Low
2020,7,Friday,18,Sindh,Mirpur Khas,Urban Road,Poor,Clear,Daylight,Car/Taxi,2,Road Condition,1,0,0,0,0,0,Low
2021,1,Friday,12,Punjab,Sialkot,Provincial Highway,Average,Clear,Daylight,Car/Taxi,1,Road Condition,1,0,0,1,1,1,Low
2022,4,Thursday,8,KPK,Peshawar,Provincial Highway,Poor,Rainy,Dawn/Dusk,Truck/Lorry,2,Drunk Driving,1,0,0,0,4,0,Medium
2019,10,Friday,6,Balochistan,Quetta,Urban Road,Average,Clear,Daylight,Motorcycle,3,Mechanical Failure,0,0,0,0,5,0,Medium
2020,6,Monday,20,Punjab,Multan,National Highway,Good,Clear,No Light,Bicycle,2,Road Condition,1,0,0,0,2,0,Medium
2022,5,Wednesday,10,Sindh,Nawabshah,National Highway,Average,Clear,Daylight,Rickshaw,1,Mobile Phone Use,0,0,0,0,5,0,Medium
2023,7,Tuesday,13,AJK,Rawalakot,National Highway,Under Repair,Clear,Daylight,Bus/Coach,2,Over Speeding,1,0,0,0,6,0,High
2020,11,Friday,18,Punjab,Faisalabad,Motorway,Good,Dusty/Smoggy,Daylight,Motorcycle,2,Wrong Overtaking,1,0,0,1,1,2,Medium
2022,6,Saturday,17,Sindh,Larkana,National Highway,Average,Rainy,Daylight,Car/Taxi,3,Over Speeding,1,1,0,0,6,0,High
2023,5,Saturday,23,Punjab,Gujranwala,Provincial Highway,Average,Foggy,No Light,Motorcycle,4,Driver Fatigue,0,1,1,0,2,0,High
2021,9,Monday,13,Sindh,Thatta,Urban Road,Good,Clear,Daylight,Motorcycle,1,Over Speeding,1,0,0,0,2,2,High
2022,3,Sunday,2,Punjab,Sargodha,National Highway,Good,Dusty/Smoggy,Street Light,Van/Pickup,3,Over Speeding,0,1,1,0,4,1,High
2021,3,Monday,18,Islamabad,Islamabad,National Highway,Good,Foggy,Daylight,Motorcycle,2,Drunk Driving,1,0,0,0,6,3,High
2022,12,Tuesday,8,KPK,Swat,National Highway,Good,Clear,Daylight,Rickshaw,2,Over Speeding,1,0,0,1,4,1,High
2023,8,Tuesday,20,KPK,Charsadda,National Highway,Good,Clear,Street Light,Motorcycle,3,Signal Violation,1,0,0,0,4,0,Medium
2022,3,Saturday,14,KPK,Charsadda,National Highway,Good,Foggy,Street Light,Other,3,Over Speeding,0,1,0,0,2,0,High
2022,6,Thursday,7,Sindh,Larkana,Urban Road,Under Repair,Clear,Daylight,Motorcycle,1,Pedestrian Error,1,0,0,0,1,0,Low
2022,4,Friday,4,Sindh,Hyderabad,National Highway,Good,Dusty/Smoggy,No Light,Motorcycle,3,Driver Fatigue,0,0,1,0,2,2,High
2018,6,Saturday,23,Balochistan,Khuzdar,Rural Road,Poor,Clear,Street Light,Bus/Coach,2,Over Speeding,0,1,1,0,5,1,Medium
2020,12,Thursday,9,Islamabad,Islamabad,Provincial Highway,Good,Rainy,Street Light,Rickshaw,2,Over Speeding,1,0,0,1,5,0,Medium
2018,7,Monday,15,Sindh,Mirpur Khas,National Highway,Good,Clear,Daylight,Truck/Lorry,1,Mechanical Failure,0,0,0,0,4,0,Medium
2022,8,Tuesday,4,Islamabad,Islamabad,National Highway,Poor,Clear,No Light,Car/Taxi,4,Signal Violation,0,0,1,0,9,0,High
2022,9,Friday,15,Sindh,Karachi,Urban Road,Good,Rainy,Daylight,Car/Taxi,2,Drunk Driving,0,0,0,0,2,0,Low
2022,4,Wednesday,22,Sindh,Mirpur Khas,National Highway,Poor,Dusty/Smoggy,No Light,Car/Taxi,4,Signal Violation,0,0,1,0,6,0,High
2021,4,Saturday,7,Sindh,Larkana,National Highway,Average,Rainy,Daylight,Car/Taxi,2,Over Speeding,1,1,0,0,10,2,High
2020,2,Tuesday,20,Punjab,Gujranwala,Rural Road,Under Repair,Clear,No Light,Motorcycle,2,Pedestrian Error,1,0,0,1,1,0,Low
2022,1,Monday,7,Punjab,Lahore,Provincial Highway,Good,Clear,Daylight,Rickshaw,4,Road Condition,1,0,0,1,0,0,Low
2018,2,Sunday,17,Punjab,Rahim Yar Khan,Rural Road,Good,Clear,Daylight,Motorcycle,1,Pedestrian Error,1,1,0,1,2,0,Low
2020,6,Tuesday,10,Sindh,Jacobabad,Motorway,Good,Clear,Daylight,Motorcycle,4,Road Condition,0,0,0,0,1,1,Medium
2022,7,Wednesday,18,Punjab,Rahim Yar Khan,Provincial Highway,Good,Clear,Daylight,Car/Taxi,2,Wrong Overtaking,1,0,0,0,1,1,Medium
2018,10,Sunday,8,Sindh,Dadu,Provincial Highway,Average,Foggy,Daylight,Motorcycle,1,Over Speeding,1,1,0,0,5,1,High
2023,8,Wednesday,17,AJK,Muzaffarabad,Provincial Highway,Poor,Clear,Daylight,Car/Taxi,3,Driver Fatigue,1,0,0,0,1,1,Low
2021,7,Wednesday,21,Punjab,Rawalpindi,Rural Road,Good,Clear,Street Light,Rickshaw,1,Driver Fatigue,0,0,0,0,2,0,Low