year,month,day_of_week,hour_of_day,province,district,road_type,road_condition,weather_condition,lighting_condition,vehicle_type,vehicles_involved,accident_cause,is_rush_hour,is_weekend,is_night,is_foggy_month,num_injured,num_killed,severity
2022,6,Tuesday,19,Sindh,Dadu,Motorway,Good,Rainy,Dawn/Dusk,Motorcycle,2,Signal Violation,1,0,0,0,9,0,High
2021,8,Tuesday,19,Punjab,Sialkot,Provincial Highway,Average,Clear,Dawn/Dusk,Motorcycle,2,Signal Violation,1,0,0,0,1,0,Medium
2022,11,Sunday,12,Punjab,Sialkot,Motorway,Good,Clear,Street Light,Car/Taxi,4,Wrong Overtaking,1,1,0,1,0,0,Low
2018,2,Wednesday,18,KPK,Dera Ismail Khan,Provincial Highway,Average,Rainy,Daylight,Car/Taxi,2,Road Condition,1,0,0,1,2,1,Low
2023,7,Sunday,11,Sindh,Kashmore,National Highway,Good,Clear,Street Light,Car/Taxi,4,Mechanical Failure,0,1,0,0,0,0,Low
2021,9,Saturday,10,KPK,Abbottabad,National Highway,Good,Clear,Daylight,Motorcycle,2,Signal Violation,0,1,0,0,3,3,High
2018,10,Saturday,12,Punjab,Lahore,Provincial Highway,Average,Rainy,Dawn/Dusk,Motorcycle,2,Wrong Overtaking,1,1,0,0,4,4,High
2019,4,Monday,5,Sindh,Larkana,Provincial Highway,Under Repair,Clear,Dawn/Dusk,Car/Taxi,2,Pedestrian Error,0,0,1,0,4,0,Medium
2020,5,Wednesday,20,Punjab,Multan,Rural Road,Average,Foggy,Street Light,Truck/Lorry,2,Over Speeding,1,0,0,0,1,0,Medium
2021,9,Tuesday,10,Punjab,Rawalpindi,Rural Road,Good,Clear,Street Light,Bus/Coach,1,Pedestrian Error,0,0,0,0,2,0,Low
2018,5,Friday,20,Punjab,Gujranwala,National Highway,Good,Extreme Heat,No Light,Car/Taxi,3,Road Condition,1,0,0,0,2,0,Medium
2023,5,Monday,9,Punjab,Sheikhupura,National Highway,Under Repair,Clear,Daylight,Van/Pickup,1,Over Speeding,1,0,0,0,3,0,Medium
2019,12,Saturday,17,Punjab,Sheikhupura,Urban Road,Poor,Clear,No Light,Bus/Coach,1,Over Speeding,1,1,0,1,4,2,Medium
2022,5,Saturday,12,Punjab,Bahawalpur,Provincial Highway,Good,Clear,Daylight,Car/Taxi,2,Over Speeding,1,1,0,0,2,2,Medium
2020,8,Monday,17,AJK,Mirpur,National Highway,Under Repair,Rainy,Street Light,Motorcycle,2,Mechanical Failure,1,0,0,0,2,0,High
2023,10,Friday,16,Punjab,Sialkot,National Highway,Good,Foggy,Dawn/Dusk,Car/Taxi,2,Wrong Overtaking,0,0,0,0,3,1,High
2023,11,Thursday,8,Punjab,Multan,National Highway,Good,Dusty/Smoggy,Daylight,Bus/Coach,3,Road Condition,1,0,0,1,5,0,Medium
2021,7,Monday,8,Punjab,Faisalabad,Motorway,Good,Clear,Daylight,Motorcycle,1,Wrong Overtaking,1,0,0,0,5,0,Medium
2023,8,Saturday,4,Sindh,Kashmore,National Highway,Good,Dusty/Smoggy,No Light,Motorcycle,1,Over Speeding,0,1,1,0,2,2,High
2021,1,Sunday,14,Punjab,Rawalpindi,Urban Road,Poor,Clear,Daylight,Truck/Lorry,1,Pedestrian Error,0,1,0,1,1,0,Low
2019,2,Tuesday,14,Balochistan,Sibi,National Highway,Poor,Rainy,Dawn/Dusk,Motorcycle,2,Road Condition,0,0,0,1,1,0,Medium
2022,5,Wednesday,21,Islamabad,Islamabad,Rural Road,Under Repair,Clear,Street Light,Bus/Coach,2,Signal Violation,0,0,0,0,1,0,Medium
2021,12,Sunday,19,Punjab,Lahore,Provincial Highway,Poor,Rainy,Dawn/Dusk,Motorcycle,3,Drunk Driving,1,1,0,1,5,2,High
2023,4,Friday,16,Sindh,Jacobabad,Rural Road,Average,Dusty/Smoggy,Daylight,Car/Taxi,2,Over Speeding,0,0,0,0,4,1,Medium
2020,12,Friday,7,Punjab,Rahim Yar Khan,Provincial Highway,Average,Clear,Street Light,Bus/Coach,3,Wrong Overtaking,1,0,0,1,5,0,Medium
2023,9,Friday,8,Sindh,Nawabshah,Provincial Highway,Good,Foggy,Daylight,Motorcycle,1,Over Speeding,1,0,0,0,5,3,High
2022,8,Monday,10,Punjab,Faisalabad,Urban Road,Good,Foggy,Daylight,Car/Taxi,1,Wrong Overtaking,0,0,0,0,0,0,Low
2023,1,Tuesday,20,Punjab,Gujranwala,Rural Road,Good,Clear,Street Light,Car/Taxi,1,Over Speeding,1,0,0,1,1,0,Medium
2018,10,Saturday,4,Punjab,Faisalabad,National Highway,Poor,Clear,Street Light,Car/Taxi,1,Signal Violation,0,1,1,0,4,4,High
2022,9,Monday,16,Sindh,Dadu,Provincial Highway,Poor,Clear,Daylight,Motorcycle,2,Over Speeding,0,0,0,0,10,1,High
2018,6,Sunday,11,Punjab,Gujranwala,Motorway,Good,Clear,Daylight,Car/Taxi,3,Driver Fatigue,0,1,0,0,5,1,Medium
2023,6,Sunday,22,Punjab,Sialkot,Provincial Highway,Good,Dusty/Smoggy,Street Light,Rickshaw,3,Wrong Overtaking,0,1,1,0,0,0,Low
2023,9,Tuesday,18,KPK,Swat,Rural Road,Good,Foggy,Daylight,Car/Taxi,1,Driver Fatigue,1,0,0,0,5,1,Medium
2020,12,Sunday,11,Sindh,Karachi,Urban Road,Good,Clear,Daylight,Motorcycle,4,Driver Fatigue,0,1,0,1,7,2,High
2019,11,Wednesday,12,Balochistan,Khuzdar,Provincial Highway,Average,Clear,Daylight,Motorcycle,1,Wrong Overtaking,1,0,0,1,1,1,Medium
2019,5,Saturday,23,Punjab,Gujranwala,Provincial Highway,Under Repair,Rainy,Street Light,Car/Taxi,1,Over Speeding,0,1,1,0,4,0,High
2021,3,Sunday,12,KPK,Abbottabad,Provincial Highway,Average,Clear,Daylight,Bicycle,1,Over Speeding,1,1,0,0,3,1,Medium
2021,5,Saturday,9,KPK,Charsadda,Urban Road,Average,Dusty/Smoggy,Dawn/Dusk,Rickshaw,2,Wrong Overtaking,1,1,0,0,2,1,Low
2019,10,Saturday,19,Punjab,Faisalabad,Urban Road,Poor,Foggy,Dawn/Dusk,Car/Taxi,2,Wrong Overtaking,1,1,0,0,0,0,Low
2023,10,Tuesday,20,KPK,Mardan,National Highway,Good,Clear,Street Light,Car/Taxi,2,Wrong Overtaking,1,0,0,0,1,0,Medium
2018,4,Monday,6,Sindh,Karachi,Urban Road,Poor,Clear,Street Light,Rickshaw,1,Driver Fatigue,0,0,0,0,2,0,Low
2018,4,Wednesday,12,Islamabad,Islamabad,Rural Road,Poor,Clear,No Light,Car/Taxi,1,Signal Violation,1,0,0,0,1,0,Low
2023,7,Wednesday,21,Punjab,Lahore,Provincial Highway,Average,Clear,No Light,Truck/Lorry,2,Over Speeding,0,0,0,0,3,0,Medium
2022,5,Friday,14,Sindh,Larkana,National Highway,Average,Dusty/Smoggy,Daylight,Motorcycle,1,Drunk Driving,0,0,0,0,2,2,High
2021,8,Wednesday,11,Punjab,Bahawalpur,Urban Road,Average,Rainy,Daylight,Rickshaw,2,Road Condition,0,0,0,0,2,0,Low
2022,1,Monday,18,Islamabad,Islamabad,National Highway,Under Repair,Foggy,No Light,Motorcycle,2,Mechanical Failure,1,0,0,1,7,2,High
2022,5,Sunday,9,Punjab,Bahawalpur,Rural Road,Good,Dusty/Smoggy,Daylight,Motorcycle,2,Over Speeding,1,1,0,0,8,0,High
2021,7,Monday,23,Islamabad,Islamabad,Provincial Highway,Good,Clear,No Light,Car/Taxi,2,Over Speeding,0,0,1,0,6,3,High
2018,5,Saturday,6,Balochistan,Chaman,Urban Road,Average,Clear,Daylight,Bicycle,1,Signal Violation,0,1,0,0,3,0,Medium
2021,12,Sunday,8,Punjab,Lahore,Provincial Highway,Average,Foggy,Daylight,Rickshaw,1,Pedestrian Error,1,1,0,1,1,0,Low
2019,7,Wednesday,20,KPK,Peshawar,Provincial Highway,Poor,Clear,Street Light,Motorcycle,2,Signal Violation,1,0,0,0,5,2,High
2021,9,Wednesday,11,Gilgit-Baltistan,Hunza,Urban Road,Average,Clear,No Light,Rickshaw,4,Signal Violation,0,0,0,0,0,0,Low
2023,9,Thursday,23,Punjab,Sargodha,Motorway,Average,Rainy,No Light,Motorcycle,3,Mechanical Failure,0,0,1,0,6,1,High
2021,3,Wednesday,22,Sindh,Kashmore,Urban Road,Good,Foggy,No Light,Bus/Coach,1,Over Speeding,0,0,1,0,5,0,Medium
2023,5,Saturday,15,Sindh,Mirpur Khas,Rural Road,Average,Clear,Daylight,Truck/Lorry,2,Wrong Overtaking,0,1,0,0,2,0,Medium
2022,10,Friday,5,Punjab,Bahawalpur,Motorway,Poor,Clear,Daylight,Bus/Coach,2,Over Speeding,0,0,1,0,10,2,High
2022,10,Monday,11,Punjab,Sialkot,Rural Road,Good,Dusty/Smoggy,Dawn/Dusk,Motorcycle,2,Wrong Overtaking,0,0,0,0,1,0,Medium
2021,5,Saturday,11,Punjab,Lahore,National Highway,Good,Dusty/Smoggy,Daylight,Car/Taxi,1,Over Speeding,0,1,0,0,5,0,Medium
2023,2,Thursday,14,Punjab,Sargodha,National Highway,Good,Foggy,Daylight,Bicycle,1,Wrong Overtaking,0,0,0,1,8,4,High
2023,3,Friday,17,Sindh,Thatta,Rural Road,Poor,Clear,Daylight,Van/Pickup,2,Signal Violation,1,0,0,0,1,0,Low
2019,7,Wednesday,16,Punjab,Bahawalpur,National Highway,Poor,Foggy,No Light,Other,3,Mechanical Failure,0,0,0,0,3,1,Medium
2018,4,Wednesday,16,Balochistan,Dera Bugti,Provincial Highway,Good,Clear,Daylight,Car/Taxi,2,Wrong Overtaking,0,0,0,0,0,0,Low
2023,8,Tuesday,16,KPK,Bannu,Urban Road,Good,Clear,Dawn/Dusk,Motorcycle,2,Mobile Phone Use,0,0,0,0,1,1,Low
2023,11,Tuesday,3,Punjab,Rawalpindi,Rural Road,Good,Clear,No Light,Car/Taxi,3,Signal Violation,0,0,1,1,1,1,Medium
2022,4,Monday,18,Sindh,Hyderabad,Provincial Highway,Average,Dusty/Smoggy,Daylight,Motorcycle,3,Over Speeding,1,0,0,0,9,1,High
2022,7,Monday,20,Sindh,Thatta,Rural Road,Good,Rainy,Street Light,Rickshaw,1,Over Speeding,1,0,0,0,4,0,Medium
2023,6,Wednesday,5,Islamabad,Islamabad,Provincial Highway,Poor,Clear,Daylight,Motorcycle,2,Wrong Overtaking,0,0,1,0,3,1,High
2023,7,Thursday,20,Punjab,Multan,National Highway,Average,Rainy,No Light,Bus/Coach,1,Wrong Overtaking,1,0,0,0,4,3,High
2019,10,Wednesday,20,Punjab,Faisalabad,Provincial Highway,Average,Extreme Heat,Street Light,Van/Pickup,1,Mechanical Failure,1,0,0,0,0,0,Low
2018,12,Monday,6,Islamabad,Islamabad,Provincial Highway,Poor,Clear,Daylight,Motorcycle,2,Road Condition,0,0,0,1,5,0,Medium
2023,8,Monday,13,Islamabad,Islamabad,Provincial Highway,Good,Extreme Heat,Daylight,Car/Taxi,3,Over Speeding,1,0,0,0,1,1,Medium
2022,9,Tuesday,5,KPK,Mardan,Rural Road,Good,Clear,No Light,Bus/Coach,2,Mechanical Failure,0,0,1,0,3,1,Medium
2018,4,Saturday,20,KPK,Mardan,Urban Road,Poor,Clear,No Light,Motorcycle,3,Wrong Overtaking,1,1,0,0,2,1,Medium
2018,12,Wednesday,18,Punjab,Gujranwala,National Highway,Good,Rainy,Daylight,Motorcycle,1,Over Speeding,1,0,0,1,7,2,High
2020,5,Monday,12,Sindh,Thatta,Provincial Highway,Good,Clear,Daylight,Motorcycle,1,Over Speeding,1,0,0,0,1,2,Medium
2018,9,Saturday,21,Punjab,Sheikhupura,Provincial Highway,Poor,Rainy,Street Light,Motorcycle,4,Mechanical Failure,0,1,0,0,1,0,Medium
2022,7,Thursday,8,Punjab,Sialkot,Rural Road,Under Repair,Foggy,Street Light,Truck/Lorry,2,Signal Violation,1,0,0,0,2,0,Medium
2023,11,Wednesday,18,KPK,Charsadda,Provincial Highway,Good,Foggy,Daylight,Motorcycle,2,Over Speeding,1,0,0,1,9,2,High
2023,7,Tuesday,19,Punjab,Sialkot,Provincial Highway,Poor,Clear,Dawn/Dusk,Motorcycle,2,Wrong Overtaking,1,0,0,0,3,0,Medium
2021,12,Saturday,8,Sindh,Karachi,National Highway,Average,Extreme Heat,Daylight,Truck/Lorry,4,Wrong Overtaking,1,1,0,1,1,0,Medium
2022,7,Sunday,18,Islamabad,Islamabad,Rural Road,Poor,Clear,Daylight,Bus/Coach,2,Mobile Phone Use,1,1,0,0,2,0,Low
2020,12,Thursday,1,Punjab,Sheikhupura,Rural Road,Average,Clear,Street Light,Motorcycle,1,Wrong Overtaking,0,0,1,1,7,4,High
2018,11,Saturday,12,AJK,Mirpur,National Highway,Good,Clear,Daylight,Rickshaw,1,Wrong Overtaking,1,1,0,1,4,2,Medium
2019,4,Tuesday,19,Gilgit-Baltistan,Hunza,Urban Road,Good,Rainy,Dawn/Dusk,Motorcycle,2,Mechanical Failure,1,0,0,0,1,0,Low
2020,7,Thursday,17,Sindh,Hyderabad,National Highway,Average,Foggy,Daylight,Motorcycle,2,Over Speeding,1,0,0,0,5,2,High
2019,4,Tuesday,9,Punjab,Rawalpindi,Urban Road,Good,Clear,Dawn/Dusk,Motorcycle,2,Over Speeding,1,0,0,0,4,0,Medium
2021,6,Saturday,5,Punjab,Faisalabad,Provincial Highway,Good,Clear,No Light,Motorcycle,2,Road Condition,0,1,1,0,4,0,Medium
2018,7,Friday,14,Sindh,Dadu,National Highway,Average,Clear,Daylight,Bus/Coach,2,Wrong Overtaking,0,0,0,0,4,1,High
2018,12,Saturday,5,Punjab,Bahawalpur,Urban Road,Average,Clear,Dawn/Dusk,Truck/Lorry,1,Driver Fatigue,0,1,1,1,5,3,High
2023,4,Saturday,12,Punjab,Gujranwala,National Highway,Good,Foggy,Dawn/Dusk,Truck/Lorry,2,Over Speeding,1,1,0,0,5,3,High
2023,9,Saturday,15,AJK,Rawalakot,Rural Road,Good,Clear,Dawn/Dusk,Motorcycle,1,Wrong Overtaking,0,1,0,0,2,0,Medium
2022,5,Wednesday,14,Punjab,Sheikhupura,National Highway,Good,Clear,Daylight,Car/Taxi,1,Driver Fatigue,0,0,0,0,5,1,High
2020,7,Friday,14,KPK,Charsadda,Provincial Highway,Good,Clear,Daylight,Motorcycle,2,Drunk Driving,0,0,0,0,6,1,High
2020,6,Wednesday,10,Punjab,Bahawalpur,Rural Road,Average,Clear,Dawn/Dusk,Truck/Lorry,3,Wrong Overtaking,0,0,0,0,2,0,Low
2023,6,Saturday,8,Sindh,Hyderabad,National Highway,Good,Clear,Dawn/Dusk,Van/Pickup,4,Over Speeding,1,1,0,0,8,2,High
2020,1,Friday,22,Balochistan,Dera Bugti,Rural Road,Average,Clear,No Light,Rickshaw,1,Signal Violation,0,0,1,1,0,1,Low
2019,1,Wednesday,8,Punjab,Sheikhupura,Urban Road,Good,Clear,Daylight,Motorcycle,2,Over Speeding,1,0,0,1,1,1,Medium
2022,2,Tuesday,18,Punjab,Faisalabad,National Highway,Poor,Clear,Daylight,Motorcycle,1,Road Condition,1,0,0,1,4,0,Medium
2022,6,Monday,11,Sindh,Thatta,Rural Road,Average,Clear,Daylight,Bus/Coach,1,Driver Fatigue,0,0,0,0,1,2,Medium
2022,11,Saturday,8,KPK,Kohat,Rural Road,Poor,Dusty/Smoggy,Daylight,Car/Taxi,1,Over Speeding,1,1,0,1,2,0,Low
2023,12,Sunday,8,KPK,Mansehra,Urban Road,Average,Rainy,Daylight,Motorcycle,1,Drunk Driving,1,1,0,1,2,0,Medium
2022,1,Thursday,7,Punjab,Rahim Yar Khan,Rural Road,Good,Clear,Dawn/Dusk,Other,2,Driver Fatigue,1,0,0,1,1,0,Low
2022,3,Saturday,14,Punjab,Sheikhupura,National Highway,Poor,Clear,Street Light,Car/Taxi,1,Road Condition,0,1,0,0,4,0,Medium
2019,11,Friday,8,Islamabad,Islamabad,Provincial Highway,Good,Clear,Street Light,Motorcycle,4,Wrong Overtaking,1,0,0,1,4,1,High
2019,2,Wednesday,18,Islamabad,Islamabad,Motorway,Good,Rainy,Daylight,Motorcycle,2,Driver Fatigue,1,0,0,1,10,3,High
2018,5,Sunday,2,Sindh,Thatta,National Highway,Average,Clear,No Light,Van/Pickup,4,Signal Violation,0,1,1,0,1,1,Medium
2019,9,Monday,16,Balochistan,Hub,Provincial Highway,Average,Dusty/Smoggy,No Light,Motorcycle,2,Wrong Overtaking,0,0,0,0,9,0,High
2023,11,Tuesday,8,Sindh,Nawabshah,Motorway,Average,Clear,Daylight,Car/Taxi,2,Over Speeding,1,0,0,1,1,1,Medium
2019,7,Thursday,21,Sindh,Mirpur Khas,Urban Road,Poor,Clear,No Light,Rickshaw,2,Over Speeding,0,0,0,0,1,0,Low
2018,11,Monday,8,Punjab,Sheikhupura,National Highway,Poor,Clear,Street Light,Car/Taxi,1,Drunk Driving,1,0,0,1,7,1,High
2023,11,Monday,11,Sindh,Mirpur Khas,Rural Road,Under Repair,Rainy,Daylight,Motorcycle,3,Over Speeding,0,0,0,1,1,1,Medium
2023,8,Tuesday,19,Sindh,Nawabshah,Provincial Highway,Under Repair,Clear,Dawn/Dusk,Car/Taxi,2,Wrong Overtaking,1,0,0,0,2,1,Low
2022,7,Friday,13,Punjab,Lahore,National Highway,Good,Clear,Daylight,Motorcycle,2,Mechanical Failure,1,0,0,0,1,0,Medium
2020,3,Sunday,13,Sindh,Thatta,Rural Road,Good,Clear,Daylight,Motorcycle,2,Wrong Overtaking,1,1,0,0,5,1,Medium
2023,8,Sunday,12,KPK,Charsadda,Urban Road,Average,Foggy,Daylight,Truck/Lorry,3,Pedestrian Error,1,1,0,0,0,0,Low
2018,2,Tuesday,10,KPK,Charsadda,Provincial Highway,Under Repair,Clear,Daylight,Motorcycle,2,Road Condition,0,0,0,1,2,0,Low
2018,11,Wednesday,20,Sindh,Jacobabad,Provincial Highway,Average,Dusty/Smoggy,No Light,Rickshaw,2,Road Condition,1,0,0,1,2,0,Low
2023,7,Thursday,22,Balochistan,Loralai,Urban Road,Average,Clear,No Light,Motorcycle,2,Over Speeding,0,0,1,0,3,3,High
2022,4,Sunday,12,Punjab,Sialkot,Urban Road,Average,Rainy,Dawn/Dusk,Rickshaw,3,Driver Fatigue,1,1,0,0,2,1,Medium
2021,2,Thursday,13,Sindh,Jacobabad,National Highway,Good,Clear,No Light,Car/Taxi,1,Over Speeding,1,0,0,1,1,1,Medium
2019,11,Saturday,21,KPK,Bannu,Rural Road,Good,Clear,No Light,Motorcycle,1,Signal Violation,0,1,0,1,5,0,Medium
2023,10,Friday,2,Sindh,Mirpur Khas,Provincial Highway,Good,Extreme Heat,No Light,Motorcycle,2,Over Speeding,0,0,1,0,8,1,High
2020,8,Tuesday,6,Punjab,Sheikhupura,Rural Road,Good,Clear,Daylight,Rickshaw,3,Signal Violation,0,0,0,0,0,0,Low
2019,12,Monday,17,Punjab,Sheikhupura,National Highway,Poor,Foggy,Daylight,Motorcycle,2,Over Speeding,1,0,0,1,9,3,High
2021,7,Monday,12,Balochistan,Gwadar,National Highway,Poor,Clear,Daylight,Rickshaw,2,Road Condition,1,0,0,0,2,0,Low
2018,2,Friday,17,Sindh,Dadu,Provincial Highway,Good,Foggy,No Light,Truck/Lorry,2,Road Condition,1,0,0,1,1,0,Low
2020,1,Friday,22,Balochistan,Chaman,Rural Road,Average,Clear,No Light,Motorcycle,1,Over Speeding,0,0,1,1,7,0,High
2018,2,Monday,14,Sindh,Mirpur Khas,Rural Road,Good,Foggy,Daylight,Motorcycle,2,Signal Violation,0,0,0,1,5,0,Medium
2018,8,Saturday,9,KPK,Dera Ismail Khan,Rural Road,Good,Clear,Street Light,Car/Taxi,1,Wrong Overtaking,1,1,0,0,1,0,Low
2019,1,Monday,4,KPK,Abbottabad,Urban Road,Average,Clear,No Light,Motorcycle,1,Over Speeding,0,0,1,1,1,0,Medium
2022,10,Thursday,18,Sindh,Dadu,Provincial Highway,Poor,Extreme Heat,Daylight,Van/Pickup,1,Pedestrian Error,1,0,0,0,1,0,Low
2018,1,Tuesday,2,Punjab,Rawalpindi,National Highway,Poor,Clear,No Light,Bicycle,2,Road Condition,0,0,1,1,3,4,High
2020,6,Sunday,21,Sindh,Sukkur,Urban Road,Poor,Clear,Street Light,Car/Taxi,1,Mobile Phone Use,0,1,0,0,1,0,Low
2019,8,Sunday,14,KPK,Abbottabad,Rural Road,Poor,Clear,Daylight,Motorcycle,3,Over Speeding,0,1,0,0,10,1,High
2021,11,Wednesday,14,Punjab,Lahore,Rural Road,Good,Foggy,Dawn/Dusk,Motorcycle,3,Over Speeding,0,0,0,1,1,0,Medium
2021,9,Saturday,8,Punjab,Sialkot,National Highway,Average,Foggy,Street Light,Car/Taxi,1,Wrong Overtaking,1,1,0,0,1,0,Medium
2020,12,Wednesday,6,Punjab,Rawalpindi,Urban Road,Average,Clear,Daylight,Truck/Lorry,1,Over Speeding,0,0,0,1,2,0,Medium
2018,12,Saturday,20,Balochistan,Dera Bugti,Rural Road,Good,Extreme Heat,Street Light,Bus/Coach,3,Over Speeding,1,1,0,1,5,0,Medium
2021,4,Saturday,11,Punjab,Rawalpindi,Rural Road,Average,Foggy,Daylight,Truck/Lorry,1,Signal Violation,0,1,0,0,0,0,Low
2018,1,Tuesday,19,Sindh,Dadu,National Highway,Poor,Rainy,No Light,Van/Pickup,3,Signal Violation,1,0,0,1,3,1,Medium
2023,12,Friday,1,Punjab,Sargodha,Provincial Highway,Average,Clear,Street Light,Motorcycle,2,Over Speeding,0,0,1,1,7,3,High
2021,9,Saturday,14,Punjab,Bahawalpur,National Highway,Good,Dusty/Smoggy,Daylight,Rickshaw,2,Mechanical Failure,0,1,0,0,4,0,Medium
2021,6,Tuesday,16,KPK,Peshawar,Rural Road,Average,Rainy,Daylight,Motorcycle,1,Road Condition,0,0,0,0,1,0,Low
2022,9,Monday,13,Punjab,Bahawalpur,Urban Road,Good,Clear,Street Light,Rickshaw,2,Over Speeding,1,0,0,0,2,0,Low
2021,4,Tuesday,18,Sindh,Thatta,Urban Road,Good,Rainy,Dawn/Dusk,Car/Taxi,2,Over Speeding,1,0,0,0,3,0,Medium
2021,10,Thursday,11,KPK,Charsadda,National Highway,Average,Foggy,Daylight,Motorcycle,1,Signal Violation,0,0,0,0,8,3,High
2018,7,Saturday,17,KPK,Mansehra,Urban Road,Good,Clear,Daylight,Motorcycle,1,Wrong Overtaking,1,1,0,0,2,0,Low
2023,10,Wednesday,19,Punjab,Rahim Yar Khan,National Highway,Good,Clear,No Light,Motorcycle,2,Wrong Overtaking,1,0,0,0,5,1,Medium
2018,12,Wednesday,18,Balochistan,Hub,Motorway,Good,Clear,Daylight,Motorcycle,1,Over Speeding,1,0,0,1,8,0,High
2021,6,Thursday,12,Sindh,Larkana,Rural Road,Good,Dusty/Smoggy,Daylight,Truck/Lorry,1,Wrong Overtaking,1,0,0,0,1,0,Low
2022,5,Saturday,12,Balochistan,Sibi,National Highway,Average,Clear,Daylight,Van/Pickup,3,Road Condition,1,1,0,0,0,0,Low
2021,9,Friday,10,Sindh,Jacobabad,Urban Road,Average,Clear,Daylight,Van/Pickup,2,Drunk Driving,0,0,0,0,5,0,Medium
2022,12,Monday,4,Sindh,Karachi,Provincial Highway,Poor,Clear,No Light,Motorcycle,1,Over Speeding,0,0,1,1,7,4,High
2018,10,Tuesday,18,Balochistan,Quetta,Urban Road,Good,Clear,No Light,Truck/Lorry,3,Signal Violation,1,0,0,0,0,0,Low
2020,8,Sunday,11,Balochistan,Quetta,National Highway,Average,Rainy,Street Light,Bus/Coach,1,Over Speeding,0,1,0,0,9,2,High
2023,11,Saturday,17,Sindh,Larkana,National Highway,Average,Foggy,Daylight,Van/Pickup,1,Wrong Overtaking,1,1,0,1,3,0,Medium
2023,11,Sunday,7,Punjab,Sheikhupura,National Highway,Good,Clear,Daylight,Car/Taxi,2,Over Speeding,1,1,0,1,4,1,Medium
2020,1,Thursday,7,Punjab,Rawalpindi,Provincial Highway,Good,Clear,Daylight,Motorcycle,2,Signal Violation,1,0,0,1,2,1,Medium
2021,11,Tuesday,22,Punjab,Rahim Yar Khan,Urban Road,Average,Clear,Street Light,Car/Taxi,2,Signal Violation,0,0,1,1,1,0,Low
2021,11,Thursday,18,Punjab,Lahore,Rural Road,Good,Rainy,Daylight,Rickshaw,2,Drunk Driving,1,0,0,1,5,1,Medium
2018,10,Sunday,0,Punjab,Lahore,National Highway,Average,Clear,No Light,Car/Taxi,2,Over Speeding,0,1,1,0,5,0,Medium
2018,7,Saturday,11,Balochistan,Khuzdar,Rural Road,Average,Clear,Street Light,Motorcycle,1,Drunk Driving,0,1,0,0,3,0,Medium
2023,7,Saturday,19,Punjab,Sargodha,Rural Road,Good,Clear,Dawn/Dusk,Van/Pickup,3,Over Speeding,1,1,0,0,5,0,Medium
2020,12,Monday,9,KPK,Charsadda,Urban Road,Average,Clear,Daylight,Motorcycle,3,Mechanical Failure,1,0,0,1,1,0,Low
2018,11,Monday,14,Punjab,Multan,Rural Road,Good,Clear,Dawn/Dusk,Motorcycle,3,Mechanical Failure,0,0,0,1,1,0,Low
2023,6,Thursday,23,Punjab,Faisalabad,Provincial Highway,Average,Clear,Street Light,Car/Taxi,2,Road Condition,0,0,1,0,0,0,Low
2022,7,Thursday,10,Punjab,Sargodha,Rural Road,Good,Dusty/Smoggy,Daylight,Motorcycle,4,Road Condition,0,0,0,0,0,0,Low
2021,8,Friday,11,Punjab,Sheikhupura,National Highway,Poor,Clear,Daylight,Rickshaw,3,Over Speeding,0,0,0,0,8,2,High
2022,6,Sunday,17,KPK,Dera Ismail Khan,Urban Road,Under Repair,Clear,Dawn/Dusk,Motorcycle,1,Mechanical Failure,1,1,0,0,3,0,Medium
2022,12,Wednesday,20,Balochistan,Zhob,Provincial Highway,Poor,Dusty/Smoggy,No Light,Motorcycle,3,Over Speeding,1,0,0,1,4,0,High
2023,8,Wednesday,15,Punjab,Faisalabad,Urban Road,Good,Dusty/Smoggy,Daylight,Van/Pickup,2,Wrong Overtaking,0,0,0,0,1,0,Low
2020,5,Tuesday,18,Sindh,Dadu,Provincial Highway,Under Repair,Clear,Daylight,Motorcycle,2,Signal Violation,1,0,0,0,4,0,High
2022,10,Tuesday,18,Sindh,Jacobabad,Rural Road,Good,Extreme Heat,Daylight,Rickshaw,2,Signal Violation,1,0,0,0,1,0,Low
2018,7,Friday,8,Balochistan,Sibi,National Highway,Under Repair,Rainy,No Light,Motorcycle,2,Over Speeding,1,0,0,0,6,1,High
2018,6,Thursday,17,KPK,Mardan,Urban Road,Poor,Clear,Daylight,Car/Taxi,2,Mechanical Failure,1,0,0,0,1,0,Low
2021,1,Wednesday,18,Sindh,Kashmore,National Highway,Good,Clear,Daylight,Rickshaw,2,Wrong Overtaking,1,0,0,1,0,0,Low
2018,5,Saturday,14,KPK,Swat,Motorway,Good,Clear,Daylight,Rickshaw,1,Signal Violation,0,1,0,0,0,0,Low
2021,4,Sunday,13,Balochistan,Zhob,National Highway,Under Repair,Clear,Dawn/Dusk,Bus/Coach,1,Signal Violation,1,1,0,0,1,0,Medium
2021,6,Thursday,9,Punjab,Rahim Yar Khan,Rural Road,Average,Clear,Daylight,Motorcycle,3,Pedestrian Error,1,0,0,0,2,0,Low
2020,10,Monday,20,Punjab,Sargodha,Urban Road,Poor,Clear,Street Light,Motorcycle,1,Road Condition,1,0,0,0,1,0,Medium
2023,9,Thursday,18,Balochistan,Khuzdar,Motorway,Poor,Clear,Daylight,Car/Taxi,2,Driver Fatigue,1,0,0,0,1,1,Medium
2020,6,Sunday,8,KPK,Dera Ismail Khan,Rural Road,Good,Clear,Street Light,Motorcycle,4,Over Speeding,1,1,0,0,8,3,High
2021,8,Saturday,7,Sindh,Mirpur Khas,Rural Road,Good,Clear,Daylight,Rickshaw,2,Wrong Overtaking,1,1,0,0,1,0,Low