year,month,day_of_week,hour_of_day,province,district,road_type,road_condition,weather_condition,lighting_condition,vehicle_type,vehicles_involved,accident_cause,is_rush_hour,is_weekend,is_night,is_foggy_month,num_injured,num_killed,severity
2023,12,Wednesday,2,Sindh,Larkana,Urban Road,Average,Dusty/Smoggy,No Light,Van/Pickup,2,Driver Fatigue,0,0,1,1,2,1,Medium
2022,1,Sunday,13,Punjab,Gujranwala,Provincial Highway,Average,Clear,Daylight,Rickshaw,1,Wrong Overtaking,1,1,0,1,2,0,Low
2019,11,Saturday,16,Sindh,Nawabshah,National Highway,Poor,Clear,Daylight,Car/Taxi,1,Over Speeding,0,1,0,1,4,1,Medium
2020,1,Thursday,5,Sindh,Nawabshah,Urban Road,Good,Rainy,Dawn/Dusk,Car/Taxi,4,Driver Fatigue,0,0,1,1,7,2,High
2018,12,Wednesday,9,Punjab,Sargodha,Urban Road,Good,Rainy,Daylight,Truck/Lorry,2,Weather Condition,1,0,0,1,1,0,Low
2023,7,Wednesday,11,KPK,Mansehra,Rural Road,Good,Rainy,Daylight,Car/Taxi,4,Pedestrian Error,0,0,0,0,1,0,Low
2018,5,Tuesday,16,Balochistan,Zhob,National Highway,Poor,Clear,Daylight,Car/Taxi,1,Driver Fatigue,0,0,0,0,5,1,Medium
2022,12,Wednesday,16,Punjab,Multan,Provincial Highway,Good,Foggy,Daylight,Motorcycle,2,Over Speeding,0,0,0,1,6,3,High
2018,7,Friday,15,Sindh,Hyderabad,Provincial Highway,Good,Dusty/Smoggy,No Light,Car/Taxi,2,Wrong Overtaking,0,0,0,0,1,0,Low
2020,4,Monday,13,Punjab,Rahim Yar Khan,Urban Road,Poor,Foggy,Daylight,Bus/Coach,3,Over Speeding,1,0,0,0,3,0,Medium
2021,12,Friday,6,KPK,Nowshera,Rural Road,Poor,Dusty/Smoggy,Daylight,Van/Pickup,2,Wrong Overtaking,0,0,0,1,1,0,Low
2021,10,Wednesday,21,Punjab,Sargodha,National Highway,Average,Extreme Heat,No Light,Bicycle,2,Signal Violation,0,0,0,0,6,1,High
2018,3,Friday,2,Sindh,Sukkur,Provincial Highway,Under Repair,Clear,Street Light,Motorcycle,3,Mobile Phone Use,0,0,1,0,3,0,Medium
2019,4,Saturday,5,Balochistan,Hub,National Highway,Good,Clear,Dawn/Dusk,Car/Taxi,3,Mechanical Failure,0,1,1,0,1,0,Medium
2022,2,Saturday,13,Punjab,Sialkot,Provincial Highway,Good,Clear,Daylight,Motorcycle,3,Over Speeding,1,1,0,1,9,1,High
2022,5,Saturday,3,Balochistan,Dera Bugti,Rural Road,Poor,Dusty/Smoggy,Street Light,Van/Pickup,1,Signal Violation,0,1,1,0,5,1,Medium
2021,10,Saturday,7,Gilgit-Baltistan,Gilgit,Rural Road,Average,Foggy,Daylight,Motorcycle,2,Pedestrian Error,1,1,0,0,3,0,Medium
2021,12,Tuesday,2,Punjab,Rawalpindi,Provincial Highway,Good,Clear,No Light,Motorcycle,3,Pedestrian Error,0,0,1,1,5,1,Medium
2021,11,Tuesday,12,Punjab,Rawalpindi,Provincial Highway,Good,Foggy,Street Light,Truck/Lorry,2,Road Condition,1,0,0,1,1,1,Medium
2023,1,Saturday,9,Islamabad,Islamabad,Provincial Highway,Average,Clear,Daylight,Truck/Lorry,2,Pedestrian Error,1,1,0,1,1,0,Low
2023,12,Tuesday,11,Islamabad,Islamabad,Urban Road,Average,Foggy,Daylight,Van/Pickup,1,Over Speeding,0,0,0,1,2,1,Medium
2018,12,Saturday,2,Punjab,Gujranwala,National Highway,Average,Clear,No Light,Motorcycle,2,Wrong Overtaking,0,1,1,1,4,3,High
2018,2,Wednesday,5,Punjab,Faisalabad,National Highway,Good,Rainy,Street Light,Motorcycle,2,Over Speeding,0,0,1,1,7,2,High
2018,1,Sunday,8,Punjab,Rawalpindi,National Highway,Good,Clear,Daylight,Car/Taxi,1,Over Speeding,1,1,0,1,1,1,Medium
2021,12,Sunday,18,Gilgit-Baltistan,Hunza,National Highway,Good,Foggy,Daylight,Car/Taxi,3,Road Condition,1,1,0,1,2,0,Low
2018,3,Sunday,20,Punjab,Sialkot,Rural Road,Poor,Clear,Street Light,Rickshaw,2,Wrong Overtaking,1,1,0,0,1,0,Low
2020,8,Tuesday,11,Sindh,Sukkur,Provincial Highway,Good,Rainy,Daylight,Motorcycle,3,Over Speeding,0,0,0,0,2,3,High
2018,2,Thursday,11,Balochistan,Quetta,Urban Road,Good,Clear,Dawn/Dusk,Bicycle,2,Road Condition,0,0,0,1,5,1,Medium
2019,2,Monday,10,Punjab,Sargodha,Provincial Highway,Poor,Rainy,Daylight,Motorcycle,4,Mechanical Failure,0,0,0,1,1,1,Medium
2023,2,Monday,7,Sindh,Jacobabad,Urban Road,Average,Rainy,Daylight,Car/Taxi,1,Over Speeding,1,0,0,1,3,0,Medium
2023,8,Friday,11,Punjab,Faisalabad,Provincial Highway,Average,Clear,Daylight,Rickshaw,3,Mechanical Failure,0,0,0,0,2,0,Low
2023,5,Saturday,9,Balochistan,Hub,Provincial Highway,Good,Clear,Daylight,Van/Pickup,2,Wrong Overtaking,1,1,0,0,0,0,Low
2019,8,Tuesday,8,Punjab,Sheikhupura,Rural Road,Average,Clear,Daylight,Car/Taxi,2,Over Speeding,1,0,0,0,0,0,Low
2022,8,Thursday,21,KPK,Abbottabad,Urban Road,Good,Clear,Street Light,Motorcycle,2,Drunk Driving,0,0,0,0,3,1,High
2019,9,Saturday,16,KPK,Charsadda,National Highway,Good,Clear,Dawn/Dusk,Car/Taxi,2,Wrong Overtaking,0,1,0,0,3,0,Medium
2023,7,Tuesday,17,Punjab,Multan,Urban Road,Average,Foggy,Daylight,Motorcycle,3,Pedestrian Error,1,0,0,0,3,0,Medium
2021,7,Saturday,16,Punjab,Rawalpindi,National Highway,Good,Clear,Daylight,Car/Taxi,1,Over Speeding,0,1,0,0,11,1,High
2022,10,Monday,6,Punjab,Faisalabad,Urban Road,Good,Rainy,Daylight,Motorcycle,2,Signal Violation,0,0,0,0,3,1,Medium
2020,1,Friday,16,Punjab,Sheikhupura,Urban Road,Good,Foggy,Dawn/Dusk,Motorcycle,3,Over Speeding,0,0,0,1,8,0,High
2020,1,Tuesday,19,KPK,Kohat,National Highway,Average,Rainy,Dawn/Dusk,Truck/Lorry,2,Over Speeding,1,0,0,1,4,1,High
2019,4,Sunday,18,KPK,Bannu,National Highway,Average,Clear,Daylight,Rickshaw,1,Mobile Phone Use,1,1,0,0,1,0,Medium
2021,2,Sunday,8,Sindh,Thatta,National Highway,Average,Foggy,Street Light,Rickshaw,2,Road Condition,1,1,0,1,2,0,Medium
2019,1,Monday,6,Sindh,Sukkur,Rural Road,Poor,Clear,Daylight,Motorcycle,2,Road Condition,0,0,0,1,4,1,Medium
2023,10,Thursday,11,Sindh,Larkana,National Highway,Average,Foggy,Daylight,Van/Pickup,2,Over Speeding,0,0,0,0,4,1,Medium
2020,6,Wednesday,11,KPK,Mansehra,Rural Road,Poor,Rainy,Daylight,Motorcycle,1,Driver Fatigue,0,0,0,0,4,1,Medium
2018,4,Sunday,9,Sindh,Kashmore,National Highway,Good,Clear,Street Light,Van/Pickup,2,Over Speeding,1,1,0,0,4,2,High
2023,7,Wednesday,19,Punjab,Gujranwala,Rural Road,Good,Foggy,No Light,Motorcycle,2,Drunk Driving,1,0,0,0,6,1,High
2019,4,Saturday,15,Punjab,Rahim Yar Khan,National Highway,Average,Clear,Daylight,Motorcycle,2,Wrong Overtaking,0,1,0,0,4,4,High
2021,12,Saturday,9,Sindh,Kashmore,National Highway,Good,Rainy,Daylight,Car/Taxi,1,Signal Violation,1,1,0,1,5,0,Medium
2022,12,Tuesday,20,Sindh,Sukkur,Urban Road,Average,Clear,No Light,Car/Taxi,3,Over Speeding,1,0,0,1,1,0,Low
2020,11,Saturday,20,Sindh,Mirpur Khas,Rural Road,Average,Clear,No Light,Bus/Coach,2,Pedestrian Error,1,1,0,1,0,0,Low
2021,11,Monday,16,Punjab,Gujranwala,Urban Road,Poor,Clear,Daylight,Car/Taxi,2,Over Speeding,0,0,0,1,2,0,Low
2023,6,Thursday,12,KPK,Bannu,Urban Road,Poor,Rainy,Daylight,Motorcycle,2,Over Speeding,1,0,0,0,6,1,High
2023,11,Sunday,13,Punjab,Multan,National Highway,Good,Clear,Daylight,Car/Taxi,1,Wrong Overtaking,1,1,0,1,5,0,Medium
2021,9,Tuesday,1,Punjab,Bahawalpur,Provincial Highway,Good,Clear,Street Light,Car/Taxi,1,Driver Fatigue,0,0,1,0,4,1,Medium
2022,1,Thursday,21,Punjab,Multan,Rural Road,Under Repair,Clear,Street Light,Van/Pickup,2,Drunk Driving,0,0,0,1,1,0,Low
2018,2,Sunday,23,Punjab,Rahim Yar Khan,Rural Road,Good,Dusty/Smoggy,No Light,Motorcycle,2,Over Speeding,0,1,1,1,8,3,High
2020,11,Wednesday,8,Sindh,Hyderabad,National Highway,Good,Clear,Daylight,Car/Taxi,1,Over Speeding,1,0,0,1,5,0,High
2023,11,Sunday,19,Punjab,Rawalpindi,Rural Road,Poor,Foggy,Street Light,Rickshaw,2,Over Speeding,1,1,0,1,1,2,Medium
2019,1,Thursday,14,Sindh,Larkana,National Highway,Good,Clear,Daylight,Car/Taxi,3,Signal Violation,0,0,0,1,0,0,Low
2021,2,Monday,6,Sindh,Thatta,Motorway,Average,Foggy,Daylight,Truck/Lorry,1,Signal Violation,0,0,0,1,5,0,Medium
2023,7,Thursday,7,Punjab,Sheikhupura,Urban Road,Good,Clear,Dawn/Dusk,Bicycle,2,Driver Fatigue,1,0,0,0,3,0,Medium
2023,11,Monday,16,Punjab,Sialkot,Urban Road,Average,Extreme Heat,Daylight,Motorcycle,3,Driver Fatigue,0,0,0,1,8,2,High
2023,12,Sunday,18,Balochistan,Chaman,Urban Road,Poor,Rainy,Daylight,Truck/Lorry,1,Signal Violation,1,1,0,1,5,1,Medium
2023,9,Friday,14,Sindh,Kashmore,Rural Road,Good,Foggy,Daylight,Car/Taxi,2,Pedestrian Error,0,0,0,0,0,0,Low
2019,10,Sunday,22,Punjab,Gujranwala,Rural Road,Good,Clear,No Light,Rickshaw,2,Wrong Overtaking,0,1,1,0,1,0,Low
2018,5,Sunday,13,Punjab,Gujranwala,National Highway,Average,Foggy,Daylight,Motorcycle,2,Over Speeding,1,1,0,0,10,2,High
2018,12,Monday,18,Sindh,Thatta,Rural Road,Under Repair,Foggy,Daylight,Bus/Coach,2,Driver Fatigue,1,0,0,1,3,0,Medium
2018,7,Friday,20,Sindh,Larkana,National Highway,Poor,Clear,No Light,Car/Taxi,1,Over Speeding,1,0,0,0,3,2,High
2021,11,Tuesday,23,Sindh,Sukkur,Provincial Highway,Good,Clear,Street Light,Rickshaw,2,Over Speeding,0,0,1,1,3,1,Medium
2019,10,Friday,15,KPK,Dera Ismail Khan,Rural Road,Poor,Clear,Daylight,Truck/Lorry,2,Mechanical Failure,0,0,0,0,0,0,Low
2019,6,Saturday,12,Punjab,Faisalabad,Provincial Highway,Good,Clear,Daylight,Car/Taxi,2,Mechanical Failure,1,1,0,0,0,0,Low
2023,6,Saturday,14,Punjab,Bahawalpur,Provincial Highway,Poor,Extreme Heat,Daylight,Car/Taxi,2,Wrong Overtaking,0,1,0,0,1,0,Low
2023,12,Sunday,7,KPK,Kohat,Provincial Highway,Good,Rainy,Daylight,Motorcycle,3,Pedestrian Error,1,1,0,1,9,3,High
2020,7,Friday,14,Islamabad,Islamabad,Urban Road,Good,Clear,No Light,Rickshaw,2,Drunk Driving,0,0,0,0,0,0,Low
2019,1,Thursday,10,Punjab,Sialkot,Rural Road,Good,Clear,Daylight,Motorcycle,2,Road Condition,0,0,0,1,0,0,Low
2018,10,Tuesday,10,Sindh,Dadu,Provincial Highway,Average,Clear,No Light,Truck/Lorry,1,Over Speeding,0,0,0,0,2,1,Medium
2018,1,Thursday,16,Punjab,Rawalpindi,Rural Road,Poor,Clear,Dawn/Dusk,Car/Taxi,2,Wrong Overtaking,0,0,0,1,1,0,Low
2021,5,Thursday,7,Punjab,Multan,Rural Road,Poor,Extreme Heat,Daylight,Truck/Lorry,2,Over Speeding,1,0,0,0,1,0,Low
2020,1,Monday,6,Punjab,Faisalabad,Urban Road,Average,Clear,Daylight,Truck/Lorry,1,Driver Fatigue,0,0,0,1,4,1,Medium
2022,8,Monday,9,Punjab,Sialkot,Provincial Highway,Poor,Clear,Daylight,Rickshaw,2,Signal Violation,1,0,0,0,0,1,Low
2020,7,Friday,4,KPK,Bannu,Provincial Highway,Under Repair,Clear,Street Light,Motorcycle,2,Pedestrian Error,0,0,1,0,4,0,Medium
2023,2,Wednesday,7,Sindh,Hyderabad,Urban Road,Poor,Clear,Daylight,Motorcycle,4,Over Speeding,1,0,0,1,1,0,Medium
2018,2,Tuesday,1,Punjab,Gujranwala,Rural Road,Poor,Dusty/Smoggy,No Light,Motorcycle,2,Road Condition,0,0,1,1,3,0,Medium
2022,1,Tuesday,0,Punjab,Rahim Yar Khan,Provincial Highway,Good,Clear,Street Light,Rickshaw,1,Wrong Overtaking,0,0,1,1,3,0,Medium
2023,2,Friday,21,KPK,Peshawar,Rural Road,Average,Clear,Street Light,Truck/Lorry,2,Over Speeding,0,0,0,1,5,0,Medium
2023,7,Sunday,9,Punjab,Multan,National Highway,Good,Clear,Street Light,Car/Taxi,3,Over Speeding,1,1,0,0,5,0,Medium
2023,6,Saturday,12,Sindh,Thatta,Rural Road,Good,Clear,Daylight,Motorcycle,2,Wrong Overtaking,1,1,0,0,0,0,Low
2018,12,Wednesday,15,Punjab,Rawalpindi,Urban Road,Average,Extreme Heat,Daylight,Motorcycle,4,Over Speeding,0,0,0,1,7,3,High
2023,5,Saturday,1,Sindh,Larkana,National Highway,Average,Extreme Heat,Street Light,Car/Taxi,2,Over Speeding,0,1,1,0,3,3,High
2020,3,Thursday,0,Punjab,Faisalabad,Provincial Highway,Good,Dusty/Smoggy,Street Light,Motorcycle,2,Over Speeding,0,0,1,0,6,3,High
2020,9,Thursday,8,Punjab,Sheikhupura,National Highway,Good,Foggy,Daylight,Bus/Coach,4,Pedestrian Error,1,0,0,0,11,1,High
2020,2,Sunday,12,Punjab,Gujranwala,Rural Road,Good,Rainy,Daylight,Car/Taxi,3,Wrong Overtaking,1,1,0,1,2,0,Low
2021,4,Thursday,11,Punjab,Rawalpindi,Urban Road,Good,Clear,Daylight,Motorcycle,2,Wrong Overtaking,0,0,0,0,4,1,Medium
2021,10,Saturday,16,Sindh,Kashmore,Urban Road,Poor,Rainy,Daylight,Van/Pickup,2,Signal Violation,0,1,0,0,2,0,Low
2023,2,Friday,8,Sindh,Jacobabad,Motorway,Under Repair,Clear,Daylight,Car/Taxi,1,Road Condition,1,0,0,1,1,0,Low
2022,1,Wednesday,12,Punjab,Lahore,Rural Road,Good,Foggy,Daylight,Motorcycle,2,Over Speeding,1,0,0,1,5,1,Medium
2023,7,Sunday,21,Punjab,Sheikhupura,Rural Road,Average,Foggy,Street Light,Rickshaw,1,Mechanical Failure,0,1,0,0,2,0,Low
2018,10,Saturday,5,Sindh,Jacobabad,Provincial Highway,Good,Clear,Street Light,Car/Taxi,1,Pedestrian Error,0,1,1,0,2,1,Low
2019,5,Sunday,8,Sindh,Karachi,National Highway,Average,Rainy,Daylight,Car/Taxi,2,Driver Fatigue,1,1,0,0,4,0,Medium
2021,9,Thursday,15,Islamabad,Islamabad,Urban Road,Average,Rainy,Daylight,Rickshaw,2,Mechanical Failure,0,0,0,0,1,0,Low
2022,4,Thursday,15,Sindh,Larkana,Provincial Highway,Good,Clear,Daylight,Motorcycle,2,Mobile Phone Use,0,0,0,0,1,0,Medium
2020,8,Sunday,18,Sindh,Jacobabad,National Highway,Good,Clear,Daylight,Van/Pickup,1,Pedestrian Error,1,1,0,0,2,0,Medium
2019,8,Friday,8,Sindh,Larkana,National Highway,Average,Clear,Daylight,Bus/Coach,1,Mechanical Failure,1,0,0,0,4,2,Medium
2023,4,Friday,20,Islamabad,Islamabad,National Highway,Poor,Clear,Street Light,Truck/Lorry,1,Driver Fatigue,1,0,0,0,2,4,High
2018,2,Sunday,14,KPK,Nowshera,Urban Road,Good,Foggy,No Light,Truck/Lorry,4,Road Condition,0,1,0,1,1,0,Low
2022,8,Monday,20,Punjab,Rawalpindi,National Highway,Average,Clear,No Light,Motorcycle,4,Signal Violation,1,0,0,0,3,1,High
2019,9,Thursday,4,Punjab,Multan,Urban Road,Average,Rainy,No Light,Motorcycle,1,Signal Violation,0,0,1,0,4,2,High
2023,7,Sunday,20,Punjab,Rawalpindi,National Highway,Good,Clear,Street Light,Car/Taxi,3,Mobile Phone Use,1,1,0,0,0,0,Low
2022,5,Saturday,10,Sindh,Larkana,Urban Road,Average,Rainy,Daylight,Motorcycle,2,Road Condition,0,1,0,0,1,0,Low
2018,10,Saturday,12,KPK,Dera Ismail Khan,Rural Road,Poor,Extreme Heat,Daylight,Car/Taxi,2,Over Speeding,1,1,0,0,1,0,Low
2023,4,Wednesday,10,Sindh,Sukkur,Urban Road,Good,Rainy,Daylight,Car/Taxi,1,Mechanical Failure,0,0,0,0,0,0,Low
2019,1,Sunday,19,Punjab,Rahim Yar Khan,Provincial Highway,Good,Dusty/Smoggy,Street Light,Motorcycle,1,Over Speeding,1,1,0,1,4,0,Medium
2023,12,Tuesday,16,KPK,Dera Ismail Khan,National Highway,Good,Clear,Daylight,Rickshaw,1,Over Speeding,0,0,0,1,2,2,Medium
2018,7,Sunday,21,KPK,Kohat,Provincial Highway,Poor,Clear,No Light,Van/Pickup,1,Driver Fatigue,0,1,0,0,1,1,Low
2022,12,Monday,18,Punjab,Multan,Provincial Highway,Good,Clear,Daylight,Motorcycle,2,Mechanical Failure,1,0,0,1,0,0,Low
2023,12,Monday,8,KPK,Abbottabad,Rural Road,Under Repair,Clear,Daylight,Motorcycle,1,Mobile Phone Use,1,0,0,1,2,0,Low
2018,1,Saturday,10,Sindh,Mirpur Khas,Motorway,Good,Rainy,Dawn/Dusk,Truck/Lorry,2,Road Condition,0,1,0,1,11,0,High
2020,3,Sunday,13,Balochistan,Dera Bugti,Rural Road,Poor,Foggy,Daylight,Motorcycle,1,Signal Violation,1,1,0,0,5,0,Medium
2023,1,Friday,19,Balochistan,Sibi,Provincial Highway,Average,Clear,Street Light,Motorcycle,3,Wrong Overtaking,1,0,0,1,1,0,Medium
2021,1,Wednesday,20,Sindh,Karachi,Provincial Highway,Good,Dusty/Smoggy,Street Light,Motorcycle,4,Over Speeding,1,0,0,1,6,2,High
2019,3,Thursday,6,KPK,Swat,National Highway,Average,Clear,Daylight,Rickshaw,2,Signal Violation,0,0,0,0,4,2,Medium
2023,8,Friday,20,Balochistan,Loralai,Provincial Highway,Good,Foggy,Street Light,Car/Taxi,2,Over Speeding,1,0,0,0,4,0,Medium
2022,11,Sunday,19,Sindh,Larkana,Rural Road,Average,Clear,Street Light,Motorcycle,2,Signal Violation,1,1,0,1,2,0,Low
2018,5,Tuesday,20,Punjab,Bahawalpur,Rural Road,Average,Foggy,No Light,Car/Taxi,1,Mechanical Failure,1,0,0,0,2,0,Low
2022,5,Friday,12,KPK,Nowshera,National Highway,Average,Clear,Daylight,Motorcycle,2,Pedestrian Error,1,0,0,0,5,0,Medium
2022,9,Friday,8,Punjab,Gujranwala,Provincial Highway,Good,Clear,Daylight,Motorcycle,2,Pedestrian Error,1,0,0,0,5,0,Medium
2023,9,Friday,2,Punjab,Rahim Yar Khan,Urban Road,Average,Foggy,Street Light,Truck/Lorry,2,Over Speeding,0,0,1,0,5,0,Medium
2021,5,Saturday,6,Balochistan,Gwadar,National Highway,Average,Clear,Daylight,Bus/Coach,1,Mechanical Failure,0,1,0,0,5,2,Medium
2021,12,Tuesday,23,KPK,Charsadda,Provincial Highway,Good,Clear,Street Light,Rickshaw,1,Wrong Overtaking,0,0,1,1,4,1,Medium
2022,4,Friday,13,Punjab,Lahore,Urban Road,Poor,Clear,Dawn/Dusk,Motorcycle,2,Over Speeding,1,0,0,0,1,0,Medium
2018,7,Saturday,18,Punjab,Faisalabad,Provincial Highway,Poor,Clear,Daylight,Motorcycle,2,Mechanical Failure,1,1,0,0,1,1,Low
2022,4,Sunday,14,Punjab,Gujranwala,Rural Road,Poor,Clear,Daylight,Rickshaw,1,Over Speeding,0,1,0,0,1,0,Low
2020,6,Sunday,17,Punjab,Rahim Yar Khan,Urban Road,Good,Clear,Daylight,Bus/Coach,2,Wrong Overtaking,1,1,0,0,1,0,Low
2021,8,Sunday,15,Punjab,Sargodha,Urban Road,Average,Clear,Daylight,Van/Pickup,2,Signal Violation,0,1,0,0,1,0,Low
2023,11,Saturday,12,KPK,Bannu,Provincial Highway,Poor,Clear,Daylight,Motorcycle,2,Over Speeding,1,1,0,1,10,2,High
2022,11,Wednesday,22,Punjab,Rawalpindi,Provincial Highway,Good,Clear,No Light,Motorcycle,1,Wrong Overtaking,0,0,1,1,7,2,High
2023,6,Saturday,22,Sindh,Mirpur Khas,Urban Road,Good,Clear,Street Light,Motorcycle,1,Wrong Overtaking,0,1,1,0,7,1,High
2021,11,Friday,18,Punjab,Faisalabad,Motorway,Poor,Clear,Daylight,Bicycle,2,Drunk Driving,1,0,0,1,4,1,High
2022,7,Tuesday,20,AJK,Mirpur,National Highway,Under Repair,Rainy,Street Light,Bus/Coach,2,Over Speeding,1,0,0,0,11,2,High
2020,12,Friday,21,Punjab,Sialkot,Urban Road,Good,Clear,Street Light,Car/Taxi,1,Mobile Phone Use,0,0,0,1,0,0,Low
2020,3,Monday,18,Punjab,Multan,Urban Road,Average,Rainy,Daylight,Rickshaw,3,Over Speeding,1,0,0,0,5,0,Medium
2022,6,Sunday,15,Punjab,Faisalabad,Rural Road,Good,Clear,No Light,Bus/Coach,1,Road Condition,0,1,0,0,2,0,Low
2023,2,Tuesday,17,Sindh,Thatta,Provincial Highway,Good,Clear,Daylight,Rickshaw,4,Over Speeding,1,0,0,1,2,0,Medium
2022,4,Tuesday,19,Sindh,Thatta,National Highway,Good,Clear,No Light,Motorcycle,2,Over Speeding,1,0,0,0,3,1,High
2020,11,Sunday,9,Punjab,Lahore,Rural Road,Average,Dusty/Smoggy,Daylight,Motorcycle,1,Wrong Overtaking,1,1,0,1,3,0,Medium
2022,4,Thursday,18,Sindh,Hyderabad,National Highway,Good,Foggy,No Light,Bus/Coach,1,Wrong Overtaking,1,0,0,0,6,4,High
2023,7,Thursday,9,Punjab,Multan,Provincial Highway,Under Repair,Rainy,No Light,Rickshaw,3,Wrong Overtaking,1,0,0,0,0,0,Low
2023,12,Saturday,16,Sindh,Karachi,Rural Road,Average,Dusty/Smoggy,Daylight,Truck/Lorry,1,Road Condition,0,1,0,1,0,0,Low
2022,2,Friday,18,Sindh,Nawabshah,Rural Road,Poor,Clear,Daylight,Motorcycle,2,Pedestrian Error,1,0,0,1,0,0,Low
2023,6,Friday,19,Punjab,Faisalabad,Urban Road,Average,Dusty/Smoggy,Dawn/Dusk,Motorcycle,2,Signal Violation,1,0,0,0,4,0,Medium
2022,2,Saturday,15,Punjab,Rawalpindi,Provincial Highway,Good,Rainy,Daylight,Motorcycle,2,Drunk Driving,0,1,0,1,4,1,High
2021,7,Friday,20,Punjab,Sheikhupura,Urban Road,Average,Clear,Street Light,Bus/Coach,2,Wrong Overtaking,1,0,0,0,1,0,Low
2021,5,Sunday,22,Punjab,Sargodha,Provincial Highway,Average,Rainy,No Light,Car/Taxi,1,Wrong Overtaking,0,1,1,0,3,0,Medium
2021,12,Tuesday,7,Sindh,Larkana,National Highway,Average,Extreme Heat,Street Light,Bicycle,1,Pedestrian Error,1,0,0,1,3,0,Medium
2020,10,Tuesday,7,Punjab,Rahim Yar Khan,Provincial Highway,Poor,Clear,Daylight,Bicycle,2,Over Speeding,1,0,0,0,7,2,High
2023,5,Wednesday,16,Punjab,Lahore,Urban Road,Good,Clear,Daylight,Rickshaw,2,Over Speeding,0,0,0,0,2,0,Low
2023,4,Saturday,20,Punjab,Multan,National Highway,Poor,Clear,No Light,Car/Taxi,2,Wrong Overtaking,1,1,0,0,4,0,Medium
2023,6,Wednesday,15,Islamabad,Islamabad,National Highway,Poor,Foggy,Daylight,Rickshaw,3,Wrong Overtaking,0,0,0,0,3,0,Medium
2022,9,Wednesday,21,Balochistan,Dera Bugti,National Highway,Under Repair,Clear,No Light,Motorcycle,3,Pedestrian Error,0,0,0,0,8,2,High
2022,10,Wednesday,18,Punjab,Sialkot,National Highway,Average,Dusty/Smoggy,Daylight,Motorcycle,1,Over Speeding,1,0,0,0,8,1,High
2023,3,Tuesday,20,Punjab,Bahawalpur,National Highway,Average,Extreme Heat,Street Light,Car/Taxi,1,Wrong Overtaking,1,0,0,0,0,0,Low
2023,9,Friday,7,Punjab,Sheikhupura,Urban Road,Good,Clear,Street Light,Rickshaw,1,Wrong Overtaking,1,0,0,0,0,0,Low
2019,7,Wednesday,9,Sindh,Larkana,Provincial Highway,Good,Clear,Daylight,Van/Pickup,1,Over Speeding,1,0,0,0,2,0,Medium
2022,8,Saturday,11,Punjab,Sialkot,National Highway,Good,Clear,Daylight,Motorcycle,3,Over Speeding,0,1,0,0,10,3,High
2022,6,Tuesday,17,KPK,Mardan,National Highway,Good,Clear,Daylight,Motorcycle,2,Road Condition,1,0,0,0,3,1,Medium
2023,7,Monday,20,Sindh,Hyderabad,Provincial Highway,Average,Rainy,No Light,Car/Taxi,2,Wrong Overtaking,1,0,0,0,2,0,Medium
2022,3,Monday,12,Balochistan,Zhob,Urban Road,Good,Foggy,Daylight,Motorcycle,2,Pedestrian Error,1,0,0,0,5,0,Medium
2020,11,Friday,13,Punjab,Sheikhupura,Motorway,Under Repair,Rainy,Daylight,Bus/Coach,1,Over Speeding,1,0,0,1,3,1,High
2021,6,Thursday,17,KPK,Abbottabad,Provincial Highway,Good,Clear,Daylight,Motorcycle,3,Road Condition,1,0,0,0,0,0,Low
2022,6,Monday,7,KPK,Swat,National Highway,Average,Clear,Street Light,Bus/Coach,2,Signal Violation,1,0,0,0,3,1,High
2023,1,Tuesday,15,Punjab,Sheikhupura,Urban Road,Good,Clear,Daylight,Motorcycle,3,Wrong Overtaking,0,0,0,1,0,0,Low
2023,12,Thursday,9,Punjab,Sheikhupura,Urban Road,Poor,Rainy,Dawn/Dusk,Motorcycle,2,Driver Fatigue,1,0,0,1,7,2,High
2018,6,Tuesday,19,Punjab,Gujranwala,Provincial Highway,Average,Clear,No Light,Motorcycle,1,Signal Violation,1,0,0,0,2,1,Medium
2023,5,Sunday,19,Punjab,Sheikhupura,Urban Road,Under Repair,Clear,Dawn/Dusk,Rickshaw,1,Road Condition,1,1,0,0,2,0,Low
2022,6,Friday,4,Punjab,Gujranwala,Rural Road,Under Repair,Dusty/Smoggy,Street Light,Motorcycle,1,Pedestrian Error,0,0,1,0,3,0,Medium
2023,4,Tuesday,13,Sindh,Mirpur Khas,National Highway,Average,Clear,Dawn/Dusk,Motorcycle,3,Drunk Driving,1,0,0,0,3,0,High
2023,5,Saturday,20,Punjab,Sargodha,National Highway,Average,Rainy,Street Light,Motorcycle,1,Over Speeding,1,1,0,0,6,1,High
2023,6,Saturday,13,Islamabad,Islamabad,National Highway,Good,Clear,Daylight,Truck/Lorry,4,Over Speeding,1,1,0,0,11,2,High
2022,5,Saturday,13,Punjab,Sialkot,Urban Road,Poor,Foggy,Daylight,Motorcycle,2,Drunk Driving,1,1,0,0,2,0,Medium
2021,6,Tuesday,4,AJK,Mirpur,Urban Road,Good,Clear,No Light,Van/Pickup,2,Driver Fatigue,0,0,1,0,0,0,Low
2019,5,Sunday,16,Punjab,Sargodha,National Highway,Good,Foggy,Daylight,Motorcycle,2,Road Condition,0,1,0,0,1,0,Medium
2019,8,Wednesday,9,KPK,Dera Ismail Khan,National Highway,Poor,Foggy,Daylight,Car/Taxi,2,Driver Fatigue,1,0,0,0,10,2,High