year,month,day_of_week,hour_of_day,province,district,road_type,road_condition,weather_condition,lighting_condition,vehicle_type,vehicles_involved,accident_cause,is_rush_hour,is_weekend,is_night,is_foggy_month,num_injured,num_killed,severity
2023,1,Tuesday,9,Punjab,Faisalabad,Rural Road,Good,Clear,Daylight,Motorcycle,2,Over Speeding,1,0,0,1,1,1,Medium
2020,7,Thursday,9,Punjab,Sheikhupura,Urban Road,Average,Clear,Daylight,Motorcycle,3,Over Speeding,1,0,0,0,4,0,Medium
2020,8,Sunday,15,Balochistan,Zhob,Provincial Highway,Good,Clear,Daylight,Motorcycle,1,Mechanical Failure,0,1,0,0,2,0,Medium
2020,1,Thursday,18,Punjab,Sheikhupura,Provincial Highway,Poor,Foggy,No Light,Car/Taxi,2,Over Speeding,1,0,0,1,5,2,Medium
2019,3,Wednesday,13,Sindh,Karachi,National Highway,Good,Rainy,Daylight,Bus/Coach,2,Mechanical Failure,1,0,0,0,5,1,Medium
2021,7,Monday,6,Sindh,Hyderabad,Provincial Highway,Good,Foggy,Daylight,Motorcycle,2,Wrong Overtaking,0,0,0,0,3,1,Medium
2021,8,Tuesday,6,Sindh,Jacobabad,Urban Road,Good,Clear,Daylight,Truck/Lorry,2,Mechanical Failure,0,0,0,0,0,1,Low
2021,12,Monday,14,Sindh,Hyderabad,Provincial Highway,Good,Clear,Daylight,Motorcycle,2,Wrong Overtaking,0,0,0,1,5,1,Medium
2023,7,Sunday,20,KPK,Mansehra,Provincial Highway,Average,Clear,Street Light,Rickshaw,2,Over Speeding,1,1,0,0,0,0,Low
2020,11,Saturday,17,Punjab,Faisalabad,National Highway,Under Repair,Clear,Daylight,Car/Taxi,1,Wrong Overtaking,1,1,0,1,1,0,Medium
2021,7,Wednesday,16,KPK,Dera Ismail Khan,Provincial Highway,Average,Rainy,Daylight,Motorcycle,4,Road Condition,0,0,0,0,2,4,High
2022,7,Thursday,9,Balochistan,Hub,Urban Road,Good,Clear,Daylight,Motorcycle,1,Over Speeding,1,0,0,0,1,0,Medium
2023,3,Wednesday,18,Punjab,Sialkot,Motorway,Under Repair,Rainy,Daylight,Rickshaw,1,Driver Fatigue,1,0,0,0,6,4,High
2022,2,Sunday,18,Punjab,Sargodha,Rural Road,Poor,Extreme Heat,Daylight,Motorcycle,2,Wrong Overtaking,1,1,0,1,4,0,Medium
2021,6,Friday,13,KPK,Peshawar,Rural Road,Poor,Foggy,Daylight,Motorcycle,4,Wrong Overtaking,1,0,0,0,4,2,Medium
2021,2,Friday,16,Sindh,Hyderabad,Urban Road,Average,Clear,Street Light,Motorcycle,1,Over Speeding,0,0,0,1,1,1,Medium
2023,9,Friday,20,Punjab,Faisalabad,Provincial Highway,Good,Clear,No Light,Motorcycle,2,Pedestrian Error,1,0,0,0,2,0,Low
2020,5,Thursday,18,Punjab,Lahore,Provincial Highway,Good,Clear,Daylight,Motorcycle,2,Over Speeding,1,0,0,0,2,3,High
2022,9,Monday,14,Sindh,Sukkur,Urban Road,Good,Clear,Daylight,Car/Taxi,3,Over Speeding,0,0,0,0,1,0,Low
2018,2,Tuesday,20,Punjab,Sialkot,National Highway,Good,Foggy,No Light,Motorcycle,2,Signal Violation,1,0,0,1,8,1,High
2018,10,Tuesday,19,Sindh,Dadu,Rural Road,Under Repair,Clear,Dawn/Dusk,Motorcycle,2,Mechanical Failure,1,0,0,0,5,1,Medium
2019,10,Friday,19,KPK,Abbottabad,National Highway,Average,Clear,Dawn/Dusk,Rickshaw,2,Over Speeding,1,0,0,0,2,0,Medium
2020,11,Friday,15,Punjab,Rawalpindi,National Highway,Average,Clear,Daylight,Rickshaw,1,Over Speeding,0,0,0,1,5,0,High
2019,3,Friday,20,Sindh,Hyderabad,National Highway,Under Repair,Rainy,No Light,Motorcycle,2,Over Speeding,1,0,0,0,4,0,High
2022,8,Friday,17,Gilgit-Baltistan,Gilgit,National Highway,Average,Extreme Heat,Dawn/Dusk,Car/Taxi,1,Over Speeding,1,0,0,0,3,2,High
2022,11,Sunday,19,KPK,Mardan,National Highway,Average,Rainy,Dawn/Dusk,Motorcycle,3,Over Speeding,1,1,0,1,6,1,High
2022,12,Tuesday,19,Balochistan,Loralai,National Highway,Average,Extreme Heat,Daylight,Motorcycle,3,Signal Violation,1,0,0,1,1,0,Medium
2023,11,Thursday,23,Punjab,Multan,Provincial Highway,Good,Foggy,No Light,Car/Taxi,3,Wrong Overtaking,0,0,1,1,3,0,Medium
2020,5,Sunday,5,KPK,Mansehra,Urban Road,Average,Foggy,Dawn/Dusk,Other,4,Mechanical Failure,0,1,1,0,2,1,Low
2023,7,Friday,15,Punjab,Bahawalpur,Provincial Highway,Good,Clear,Street Light,Motorcycle,2,Over Speeding,0,0,0,0,5,0,High
2020,9,Monday,22,Punjab,Gujranwala,National Highway,Good,Rainy,No Light,Motorcycle,3,Signal Violation,0,0,1,0,5,3,High
2018,7,Saturday,21,Punjab,Rawalpindi,Urban Road,Average,Rainy,Street Light,Car/Taxi,2,Road Condition,0,1,0,0,0,0,Low
2022,8,Tuesday,20,Punjab,Faisalabad,National Highway,Good,Foggy,Street Light,Motorcycle,2,Over Speeding,1,0,0,0,2,1,High
2021,10,Sunday,3,Balochistan,Zhob,Provincial Highway,Good,Extreme Heat,No Light,Motorcycle,3,Drunk Driving,0,1,1,0,3,1,High
2021,9,Friday,6,Punjab,Bahawalpur,Provincial Highway,Poor,Clear,Daylight,Car/Taxi,2,Wrong Overtaking,0,0,0,0,2,2,Medium
2023,5,Tuesday,7,Sindh,Kashmore,Provincial Highway,Poor,Clear,Daylight,Motorcycle,3,Wrong Overtaking,1,0,0,0,4,0,Medium
2022,1,Friday,19,KPK,Swat,National Highway,Good,Foggy,Dawn/Dusk,Motorcycle,1,Wrong Overtaking,1,0,0,1,10,2,High
2021,1,Saturday,17,Sindh,Hyderabad,National Highway,Good,Clear,Street Light,Motorcycle,1,Mobile Phone Use,1,1,0,1,4,0,Medium
2022,2,Thursday,20,Punjab,Rawalpindi,National Highway,Poor,Clear,No Light,Motorcycle,2,Driver Fatigue,1,0,0,1,7,2,High
2021,12,Saturday,17,Sindh,Sukkur,Rural Road,Under Repair,Clear,Daylight,Car/Taxi,1,Over Speeding,1,1,0,1,2,0,Low
2020,12,Monday,21,Punjab,Sheikhupura,Urban Road,Average,Clear,Street Light,Van/Pickup,3,Over Speeding,0,0,0,1,1,1,Low
2020,3,Saturday,21,Punjab,Rahim Yar Khan,Urban Road,Under Repair,Clear,Street Light,Motorcycle,2,Wrong Overtaking,0,1,0,0,0,0,Low
2019,5,Tuesday,7,Gilgit-Baltistan,Skardu,Urban Road,Good,Clear,Daylight,Car/Taxi,1,Signal Violation,1,0,0,0,2,0,Low
2023,11,Saturday,1,Punjab,Sheikhupura,National Highway,Average,Rainy,No Light,Motorcycle,2,Over Speeding,0,1,1,1,2,0,High
2021,1,Monday,13,Punjab,Rahim Yar Khan,Provincial Highway,Poor,Foggy,Daylight,Rickshaw,1,Mobile Phone Use,1,0,0,1,1,0,Low
2019,3,Saturday,23,Balochistan,Chaman,National Highway,Under Repair,Clear,Street Light,Motorcycle,1,Wrong Overtaking,0,1,1,0,10,0,High
2023,12,Sunday,9,Punjab,Sheikhupura,Rural Road,Good,Clear,Daylight,Car/Taxi,4,Wrong Overtaking,1,1,0,1,0,0,Low
2019,11,Saturday,18,Sindh,Nawabshah,National Highway,Poor,Clear,Daylight,Motorcycle,2,Drunk Driving,1,1,0,1,3,0,High
2019,12,Thursday,2,Punjab,Faisalabad,Motorway,Good,Clear,No Light,Motorcycle,2,Drunk Driving,0,0,1,1,11,2,High
2022,6,Friday,12,Punjab,Gujranwala,Motorway,Poor,Clear,Daylight,Car/Taxi,3,Wrong Overtaking,1,0,0,0,5,1,Medium
2020,3,Wednesday,19,Punjab,Rahim Yar Khan,National Highway,Poor,Clear,Street Light,Motorcycle,1,Mechanical Failure,1,0,0,0,3,0,High
2021,1,Wednesday,12,Punjab,Rawalpindi,National Highway,Poor,Rainy,Daylight,Rickshaw,2,Wrong Overtaking,1,0,0,1,2,1,Medium
2020,8,Tuesday,9,Punjab,Rawalpindi,National Highway,Good,Clear,Daylight,Rickshaw,1,Pedestrian Error,1,0,0,0,3,0,Medium
2018,6,Friday,15,KPK,Dera Ismail Khan,Provincial Highway,Average,Clear,Daylight,Motorcycle,2,Over Speeding,0,0,0,0,11,0,High
2020,1,Sunday,6,Sindh,Karachi,Rural Road,Under Repair,Clear,Daylight,Car/Taxi,3,Wrong Overtaking,0,1,0,1,2,0,Low
2021,1,Monday,11,Islamabad,Islamabad,Rural Road,Good,Clear,Daylight,Motorcycle,2,Over Speeding,0,0,0,1,1,0,Medium
2023,5,Sunday,23,Punjab,Multan,Provincial Highway,Good,Clear,No Light,Bicycle,3,Pedestrian Error,0,1,1,0,4,0,Medium
2020,1,Saturday,19,Sindh,Jacobabad,Rural Road,Good,Foggy,Daylight,Car/Taxi,2,Over Speeding,1,1,0,1,2,0,Medium
2023,7,Sunday,1,Sindh,Sukkur,Rural Road,Poor,Dusty/Smoggy,Street Light,Truck/Lorry,3,Wrong Overtaking,0,1,1,0,5,1,Medium
2020,2,Monday,12,Islamabad,Islamabad,Urban Road,Good,Rainy,Daylight,Car/Taxi,2,Over Speeding,1,0,0,1,3,0,Medium
2022,4,Sunday,10,Punjab,Sargodha,Provincial Highway,Average,Dusty/Smoggy,Daylight,Motorcycle,2,Road Condition,0,1,0,0,3,0,Medium
2023,8,Wednesday,8,Sindh,Nawabshah,Urban Road,Good,Clear,Daylight,Motorcycle,2,Over Speeding,1,0,0,0,3,0,Medium
2020,12,Saturday,17,Balochistan,Quetta,Urban Road,Good,Rainy,Daylight,Motorcycle,1,Over Speeding,1,1,0,1,5,1,High
2023,6,Tuesday,23,Punjab,Gujranwala,Provincial Highway,Good,Rainy,Street Light,Car/Taxi,2,Over Speeding,0,0,1,0,8,0,High
2021,8,Tuesday,19,Balochistan,Zhob,Rural Road,Poor,Foggy,No Light,Motorcycle,1,Signal Violation,1,0,0,0,11,0,High
2023,3,Sunday,13,Punjab,Sheikhupura,Rural Road,Good,Clear,Daylight,Truck/Lorry,3,Over Speeding,1,1,0,0,4,0,Medium
2021,7,Saturday,9,KPK,Dera Ismail Khan,Urban Road,Poor,Clear,Daylight,Bus/Coach,1,Pedestrian Error,1,1,0,0,0,0,Low
2020,5,Monday,22,Islamabad,Islamabad,National Highway,Average,Extreme Heat,Street Light,Car/Taxi,4,Signal Violation,0,0,1,0,4,0,Medium
2023,11,Wednesday,12,Sindh,Nawabshah,Provincial Highway,Good,Dusty/Smoggy,Daylight,Van/Pickup,1,Signal Violation,1,0,0,1,0,0,Low
2018,4,Thursday,23,Sindh,Thatta,Provincial Highway,Average,Clear,Street Light,Motorcycle,3,Over Speeding,0,0,1,0,5,1,High
2018,9,Thursday,20,Punjab,Faisalabad,Rural Road,Good,Clear,Street Light,Motorcycle,2,Pedestrian Error,1,0,0,0,4,1,Medium
2019,10,Tuesday,7,Islamabad,Islamabad,Provincial Highway,Average,Rainy,Street Light,Motorcycle,3,Road Condition,1,0,0,0,2,0,Medium
2023,1,Monday,2,Sindh,Karachi,Provincial Highway,Good,Clear,No Light,Car/Taxi,2,Signal Violation,0,0,1,1,2,0,Low
2019,4,Friday,16,Punjab,Lahore,Provincial Highway,Under Repair,Extreme Heat,Daylight,Car/Taxi,2,Signal Violation,0,0,0,0,0,0,Low
2023,11,Saturday,13,KPK,Nowshera,Urban Road,Under Repair,Clear,Daylight,Rickshaw,2,Driver Fatigue,1,1,0,1,4,1,Medium
2019,5,Monday,23,Sindh,Thatta,National Highway,Poor,Clear,Street Light,Truck/Lorry,1,Mechanical Failure,0,0,1,0,5,2,Medium
2022,10,Sunday,13,Punjab,Bahawalpur,Rural Road,Good,Foggy,Daylight,Motorcycle,2,Wrong Overtaking,1,1,0,0,5,0,Medium
2022,4,Friday,13,Punjab,Rawalpindi,Urban Road,Poor,Foggy,Daylight,Car/Taxi,3,Over Speeding,1,0,0,0,5,0,Medium
2018,10,Thursday,20,Punjab,Gujranwala,National Highway,Good,Clear,No Light,Motorcycle,1,Over Speeding,1,0,0,0,6,1,High
2021,2,Monday,20,Sindh,Jacobabad,National Highway,Average,Clear,Street Light,Motorcycle,2,Over Speeding,1,0,0,1,3,0,High
2023,7,Thursday,18,Sindh,Dadu,Rural Road,Average,Clear,Daylight,Truck/Lorry,1,Road Condition,1,0,0,0,2,0,Low
2023,5,Saturday,13,Sindh,Mirpur Khas,National Highway,Poor,Clear,Daylight,Car/Taxi,2,Road Condition,1,1,0,0,1,1,Medium
2021,4,Saturday,15,KPK,Swat,Provincial Highway,Poor,Foggy,Dawn/Dusk,Motorcycle,3,Wrong Overtaking,0,1,0,0,3,0,Medium
2023,10,Thursday,11,Balochistan,Gwadar,National Highway,Average,Clear,Daylight,Car/Taxi,1,Road Condition,0,0,0,0,2,0,Medium
2022,6,Sunday,7,Sindh,Nawabshah,Urban Road,Average,Foggy,Daylight,Car/Taxi,1,Mobile Phone Use,1,1,0,0,2,0,Low
2023,4,Friday,15,Punjab,Sheikhupura,National Highway,Under Repair,Foggy,Daylight,Bus/Coach,3,Signal Violation,0,0,0,0,4,1,High
2021,7,Sunday,12,KPK,Peshawar,National Highway,Average,Rainy,Street Light,Truck/Lorry,2,Road Condition,1,1,0,0,5,0,Medium
2018,10,Saturday,17,Punjab,Lahore,Provincial Highway,Poor,Dusty/Smoggy,Daylight,Motorcycle,1,Signal Violation,1,1,0,0,3,2,Medium
2019,1,Wednesday,17,Sindh,Karachi,Urban Road,Average,Foggy,Daylight,Car/Taxi,2,Over Speeding,1,0,0,1,2,0,Low
2021,12,Sunday,14,Sindh,Larkana,National Highway,Poor,Clear,Daylight,Motorcycle,2,Pedestrian Error,0,1,0,1,4,1,Medium
2021,2,Saturday,12,Punjab,Multan,National Highway,Average,Dusty/Smoggy,Daylight,Car/Taxi,1,Over Speeding,1,1,0,1,3,0,High
2022,11,Monday,22,Balochistan,Chaman,Urban Road,Average,Clear,Street Light,Car/Taxi,2,Over Speeding,0,0,1,1,4,1,Medium
2020,6,Sunday,12,Punjab,Gujranwala,Urban Road,Poor,Clear,Daylight,Motorcycle,2,Signal Violation,1,1,0,0,1,1,Medium
2019,2,Friday,10,KPK,Dera Ismail Khan,National Highway,Under Repair,Extreme Heat,Dawn/Dusk,Bicycle,1,Wrong Overtaking,0,0,0,1,9,1,High
2019,1,Sunday,6,Punjab,Multan,Rural Road,Poor,Clear,Daylight,Car/Taxi,3,Over Speeding,0,1,0,1,1,0,Low
2021,2,Wednesday,7,Islamabad,Islamabad,Provincial Highway,Good,Clear,Daylight,Motorcycle,2,Signal Violation,1,0,0,1,4,1,Medium
2019,11,Tuesday,8,Punjab,Bahawalpur,Provincial Highway,Average,Foggy,Dawn/Dusk,Car/Taxi,1,Driver Fatigue,1,0,0,1,4,1,Medium
2023,11,Wednesday,11,Punjab,Sargodha,Rural Road,Under Repair,Clear,Daylight,Motorcycle,3,Over Speeding,0,0,0,1,7,0,High
2023,5,Friday,20,Punjab,Sialkot,National Highway,Average,Clear,Street Light,Truck/Lorry,2,Over Speeding,1,0,0,0,11,4,High
2021,7,Wednesday,14,Punjab,Faisalabad,National Highway,Good,Clear,Daylight,Car/Taxi,1,Driver Fatigue,0,0,0,0,10,1,High
2019,6,Tuesday,7,Punjab,Gujranwala,Rural Road,Good,Clear,Daylight,Rickshaw,3,Over Speeding,1,0,0,0,0,0,Low
2018,1,Saturday,6,Sindh,Hyderabad,Urban Road,Poor,Foggy,Daylight,Car/Taxi,2,Road Condition,0,1,0,1,0,0,Low
2022,7,Saturday,11,Sindh,Nawabshah,Urban Road,Good,Clear,No Light,Bus/Coach,2,Mechanical Failure,0,1,0,0,0,0,Low
2018,1,Saturday,14,Punjab,Sheikhupura,Provincial Highway,Good,Clear,Dawn/Dusk,Car/Taxi,3,Mechanical Failure,0,1,0,1,1,0,Low
2023,11,Wednesday,13,Punjab,Sheikhupura,Provincial Highway,Average,Clear,Dawn/Dusk,Car/Taxi,2,Road Condition,1,0,0,1,2,0,Low
2023,12,Monday,5,KPK,Mansehra,Rural Road,Good,Rainy,Dawn/Dusk,Bus/Coach,1,Drunk Driving,0,0,1,1,1,1,Medium
2022,4,Sunday,5,KPK,Swat,Motorway,Poor,Foggy,Dawn/Dusk,Rickshaw,2,Drunk Driving,0,1,1,0,11,2,High
2018,1,Tuesday,18,KPK,Dera Ismail Khan,Provincial Highway,Good,Foggy,Daylight,Car/Taxi,1,Wrong Overtaking,1,0,0,1,2,0,Low
2018,12,Friday,14,KPK,Bannu,National Highway,Good,Clear,Street Light,Motorcycle,3,Mechanical Failure,0,0,0,1,3,0,Medium
2019,6,Friday,16,Punjab,Gujranwala,Provincial Highway,Under Repair,Clear,Daylight,Rickshaw,2,Drunk Driving,0,0,0,0,2,0,Medium
2023,12,Wednesday,19,Punjab,Bahawalpur,Provincial Highway,Poor,Clear,Dawn/Dusk,Rickshaw,3,Signal Violation,1,0,0,1,2,0,Medium
2020,6,Saturday,11,Punjab,Sheikhupura,Provincial Highway,Average,Foggy,Daylight,Rickshaw,2,Wrong Overtaking,0,1,0,0,0,1,Low
2021,11,Wednesday,21,KPK,Kohat,National Highway,Average,Clear,No Light,Bus/Coach,2,Wrong Overtaking,0,0,0,1,11,2,High
2023,4,Thursday,22,AJK,Mirpur,Provincial Highway,Average,Clear,No Light,Truck/Lorry,1,Mechanical Failure,0,0,1,0,4,0,Medium
2021,12,Tuesday,7,Sindh,Larkana,Motorway,Under Repair,Clear,Street Light,Car/Taxi,2,Drunk Driving,1,0,0,1,5,1,Medium
2019,10,Thursday,22,Punjab,Lahore,National Highway,Good,Clear,No Light,Bus/Coach,2,Wrong Overtaking,0,0,1,0,11,4,High
2020,8,Tuesday,12,Punjab,Lahore,Urban Road,Good,Rainy,Daylight,Motorcycle,1,Pedestrian Error,1,0,0,0,5,0,Medium
2020,6,Tuesday,15,Punjab,Gujranwala,Motorway,Under Repair,Foggy,Daylight,Bicycle,2,Over Speeding,0,0,0,0,11,4,High
2021,8,Tuesday,16,Sindh,Sukkur,Provincial Highway,Average,Clear,Daylight,Bus/Coach,2,Wrong Overtaking,0,0,0,0,2,0,Low
2022,1,Thursday,9,Punjab,Sargodha,Provincial Highway,Poor,Dusty/Smoggy,Daylight,Car/Taxi,1,Signal Violation,1,0,0,1,0,0,Low
2023,1,Thursday,8,Islamabad,Islamabad,National Highway,Average,Clear,Daylight,Car/Taxi,2,Signal Violation,1,0,0,1,5,1,Medium
2021,2,Tuesday,22,Punjab,Multan,Urban Road,Good,Clear,No Light,Car/Taxi,1,Over Speeding,0,0,1,1,5,0,Medium
2023,4,Wednesday,12,Balochistan,Gwadar,Provincial Highway,Poor,Rainy,Daylight,Truck/Lorry,1,Wrong Overtaking,1,0,0,0,7,3,High
2023,7,Friday,15,KPK,Swat,Urban Road,Good,Clear,Street Light,Bus/Coach,1,Pedestrian Error,0,0,0,0,2,0,Low
2019,12,Friday,10,KPK,Mansehra,Provincial Highway,Good,Foggy,Daylight,Motorcycle,4,Over Speeding,0,0,0,1,4,3,High
2019,6,Friday,21,Sindh,Dadu,National Highway,Average,Foggy,No Light,Rickshaw,3,Over Speeding,0,0,0,0,9,4,High
2019,6,Sunday,14,Sindh,Dadu,National Highway,Good,Clear,Dawn/Dusk,Rickshaw,2,Signal Violation,0,1,0,0,1,1,Medium
2020,7,Thursday,9,Sindh,Mirpur Khas,Rural Road,Good,Clear,Daylight,Motorcycle,1,Over Speeding,1,0,0,0,4,1,Medium
2019,6,Saturday,21,Sindh,Thatta,Urban Road,Average,Foggy,No Light,Car/Taxi,2,Signal Violation,0,1,0,0,0,0,Low
2020,4,Monday,19,Sindh,Larkana,National Highway,Good,Clear,Street Light,Car/Taxi,2,Over Speeding,1,0,0,0,2,1,Medium
2023,3,Tuesday,16,AJK,Mirpur,Provincial Highway,Good,Foggy,Street Light,Motorcycle,1,Over Speeding,0,0,0,0,11,1,High
2023,11,Saturday,23,KPK,Bannu,Urban Road,Average,Foggy,No Light,Motorcycle,1,Signal Violation,0,1,1,1,4,3,High
2023,12,Thursday,10,KPK,Charsadda,Urban Road,Good,Foggy,Daylight,Motorcycle,1,Road Condition,0,0,0,1,3,0,Medium
2022,5,Sunday,13,Balochistan,Chaman,Rural Road,Average,Clear,Daylight,Motorcycle,2,Over Speeding,1,1,0,0,3,2,Medium
2021,7,Thursday,12,Punjab,Sheikhupura,National Highway,Average,Dusty/Smoggy,Daylight,Van/Pickup,2,Over Speeding,1,0,0,0,7,3,High
2019,10,Monday,16,Punjab,Rahim Yar Khan,Rural Road,Good,Clear,No Light,Motorcycle,2,Over Speeding,0,0,0,0,11,0,High
2018,9,Sunday,23,Sindh,Thatta,Provincial Highway,Good,Rainy,No Light,Rickshaw,2,Pedestrian Error,0,1,1,0,0,0,Low
2023,5,Monday,18,Sindh,Larkana,Motorway,Average,Foggy,Daylight,Van/Pickup,3,Drunk Driving,1,0,0,0,9,1,High
2019,12,Saturday,13,KPK,Kohat,Rural Road,Poor,Foggy,Daylight,Car/Taxi,1,Over Speeding,1,1,0,1,2,0,Medium
2019,4,Thursday,18,Sindh,Kashmore,Rural Road,Good,Clear,Daylight,Motorcycle,2,Mechanical Failure,1,0,0,0,1,0,Medium
2023,2,Friday,7,Sindh,Nawabshah,Rural Road,Good,Extreme Heat,Street Light,Motorcycle,2,Over Speeding,1,0,0,1,3,1,Medium
2021,11,Wednesday,7,Sindh,Mirpur Khas,Urban Road,Poor,Rainy,Daylight,Car/Taxi,2,Over Speeding,1,0,0,1,1,0,Low
2018,6,Tuesday,18,Punjab,Sheikhupura,Rural Road,Average,Clear,Daylight,Car/Taxi,2,Over Speeding,1,0,0,0,1,0,Low
2018,6,Friday,7,Sindh,Hyderabad,Urban Road,Average,Clear,Daylight,Bus/Coach,3,Over Speeding,1,0,0,0,4,1,Medium
2021,9,Friday,18,KPK,Mansehra,Provincial Highway,Poor,Clear,Daylight,Motorcycle,2,Over Speeding,1,0,0,0,4,1,High
2022,6,Sunday,11,Punjab,Rahim Yar Khan,Provincial Highway,Good,Rainy,Daylight,Bus/Coach,3,Wrong Overtaking,0,1,0,0,1,0,Medium
2023,3,Friday,12,Sindh,Hyderabad,Provincial Highway,Good,Dusty/Smoggy,Daylight,Motorcycle,2,Drunk Driving,1,0,0,0,2,0,Medium
2021,8,Friday,21,Sindh,Thatta,Provincial Highway,Poor,Clear,No Light,Motorcycle,1,Signal Violation,0,0,0,0,3,0,Medium
2023,1,Thursday,19,Punjab,Bahawalpur,Urban Road,Average,Clear,Street Light,Motorcycle,4,Over Speeding,1,0,0,1,1,0,Medium
2023,1,Saturday,16,Punjab,Gujranwala,Provincial Highway,Under Repair,Clear,Daylight,Motorcycle,1,Pedestrian Error,0,1,0,1,5,0,Medium
2022,5,Saturday,9,AJK,Rawalakot,Urban Road,Under Repair,Clear,Street Light,Motorcycle,4,Signal Violation,1,1,0,0,3,0,Medium
2021,12,Thursday,9,Punjab,Rahim Yar Khan,Provincial Highway,Good,Clear,Daylight,Motorcycle,1,Over Speeding,1,0,0,1,3,0,High
2023,11,Thursday,12,Punjab,Bahawalpur,Urban Road,Good,Foggy,Daylight,Van/Pickup,2,Drunk Driving,1,0,0,1,5,0,Medium
2023,7,Monday,11,Punjab,Gujranwala,Urban Road,Good,Clear,Daylight,Motorcycle,1,Over Speeding,0,0,0,0,5,0,Medium
2021,6,Tuesday,6,KPK,Swat,Provincial Highway,Average,Clear,Daylight,Rickshaw,1,Wrong Overtaking,0,0,0,0,1,0,Low
2023,10,Sunday,11,Sindh,Dadu,Provincial Highway,Poor,Clear,Daylight,Motorcycle,2,Over Speeding,0,1,0,0,5,0,High
2018,5,Sunday,19,Sindh,Thatta,National Highway,Good,Foggy,Dawn/Dusk,Rickshaw,2,Signal Violation,1,1,0,0,4,1,High
2022,3,Saturday,22,Punjab,Multan,Provincial Highway,Good,Clear,No Light,Bus/Coach,1,Mechanical Failure,0,1,1,0,1,1,Medium
2019,4,Saturday,19,Balochistan,Turbat,Rural Road,Poor,Clear,Street Light,Car/Taxi,1,Signal Violation,1,1,0,0,1,0,Low
2023,6,Friday,20,Punjab,Faisalabad,National Highway,Poor,Clear,Street Light,Bus/Coach,2,Mechanical Failure,1,0,0,0,2,1,Medium
2023,11,Saturday,9,Punjab,Faisalabad,National Highway,Good,Dusty/Smoggy,Daylight,Motorcycle,2,Signal Violation,1,1,0,1,2,0,Medium
2022,1,Sunday,16,Sindh,Kashmore,Rural Road,Poor,Clear,Daylight,Motorcycle,1,Wrong Overtaking,0,1,0,1,0,1,Low
2022,6,Wednesday,17,Punjab,Bahawalpur,Provincial Highway,Poor,Rainy,Dawn/Dusk,Bus/Coach,3,Wrong Overtaking,1,0,0,0,4,0,High
2021,3,Tuesday,5,Balochistan,Zhob,Provincial Highway,Average,Rainy,Dawn/Dusk,Motorcycle,1,Over Speeding,0,0,1,0,6,3,High
2020,8,Wednesday,19,Islamabad,Islamabad,Rural Road,Good,Rainy,No Light,Car/Taxi,2,Road Condition,1,0,0,0,0,0,Low
2019,1,Tuesday,18,Punjab,Lahore,National Highway,Under Repair,Extreme Heat,Daylight,Rickshaw,3,Signal Violation,1,0,0,1,1,0,Low
2023,6,Wednesday,22,Balochistan,Dera Bugti,Rural Road,Average,Clear,No Light,Bus/Coach,3,Over Speeding,0,0,1,0,5,0,Medium
2018,9,Sunday,13,KPK,Swat,National Highway,Good,Clear,Street Light,Rickshaw,1,Mobile Phone Use,1,1,0,0,1,0,Low
2023,4,Thursday,12,Islamabad,Islamabad,National Highway,Poor,Clear,No Light,Motorcycle,3,Signal Violation,1,0,0,0,10,2,High
2019,9,Sunday,19,Punjab,Rawalpindi,Rural Road,Average,Foggy,Dawn/Dusk,Motorcycle,2,Mechanical Failure,1,1,0,0,5,0,Medium
2021,8,Friday,15,Sindh,Kashmore,National Highway,Poor,Rainy,Daylight,Motorcycle,2,Wrong Overtaking,0,0,0,0,8,2,High
2019,4,Tuesday,12,Punjab,Sargodha,National Highway,Good,Rainy,Daylight,Motorcycle,2,Wrong Overtaking,1,0,0,0,11,0,High
2021,8,Sunday,21,KPK,Dera Ismail Khan,National Highway,Average,Rainy,No Light,Car/Taxi,2,Wrong Overtaking,0,1,0,0,9,1,High
2019,8,Friday,18,Punjab,Gujranwala,Urban Road,Good,Clear,Daylight,Rickshaw,2,Road Condition,1,0,0,0,0,0,Low
2020,4,Tuesday,12,Sindh,Karachi,Rural Road,Under Repair,Clear,Street Light,Motorcycle,2,Pedestrian Error,1,0,0,0,1,0,Low
2022,3,Sunday,13,Punjab,Sialkot,National Highway,Poor,Dusty/Smoggy,Daylight,Motorcycle,2,Road Condition,1,1,0,0,2,1,Medium
2022,10,Sunday,16,Punjab,Multan,Provincial Highway,Poor,Clear,Daylight,Motorcycle,4,Over Speeding,0,1,0,0,9,2,High
2023,5,Sunday,15,Sindh,Kashmore,Urban Road,Average,Clear,Daylight,Car/Taxi,1,Over Speeding,0,1,0,0,5,2,Medium
2019,4,Friday,4,Balochistan,Zhob,Provincial Highway,Average,Clear,Street Light,Rickshaw,3,Over Speeding,0,0,1,0,11,0,High
2022,5,Tuesday,12,Sindh,Jacobabad,National Highway,Average,Clear,Daylight,Motorcycle,1,Over Speeding,1,0,0,0,11,1,High
2022,1,Sunday,19,Balochistan,Sibi,Rural Road,Under Repair,Clear,Dawn/Dusk,Car/Taxi,2,Signal Violation,1,1,0,1,2,0,Low
2023,9,Sunday,16,Punjab,Lahore,Urban Road,Good,Clear,Daylight,Car/Taxi,2,Over Speeding,0,1,0,0,2,0,Low