year,month,day_of_week,hour_of_day,province,district,road_type,road_condition,weather_condition,lighting_condition,vehicle_type,vehicles_involved,accident_cause,is_rush_hour,is_weekend,is_night,is_foggy_month,num_injured,num_killed,severity
2019,12,Saturday,21,Sindh,Nawabshah,Rural Road,Good,Clear,Street Light,Car/Taxi,1,Pedestrian Error,0,1,0,1,2,0,Low
2022,12,Friday,19,Sindh,Thatta,Rural Road,Good,Clear,No Light,Car/Taxi,2,Mechanical Failure,1,0,0,1,0,0,Low
2022,5,Wednesday,7,Punjab,Multan,Provincial Highway,Average,Foggy,Daylight,Motorcycle,1,Over Speeding,1,0,0,0,5,1,High
2019,5,Wednesday,20,Sindh,Kashmore,National Highway,Good,Dusty/Smoggy,No Light,Rickshaw,2,Pedestrian Error,1,0,0,0,1,0,Low
2019,7,Friday,14,KPK,Bannu,Provincial Highway,Good,Clear,Daylight,Car/Taxi,1,Signal Violation,0,0,0,0,1,0,Low
2022,9,Wednesday,16,Sindh,Larkana,Provincial Highway,Good,Clear,Daylight,Car/Taxi,2,Over Speeding,0,0,0,0,1,2,Medium
2019,1,Friday,17,KPK,Swat,Provincial Highway,Average,Clear,Street Light,Bus/Coach,1,Signal Violation,1,0,0,1,2,0,Low
2023,7,Saturday,2,Sindh,Dadu,National Highway,Poor,Rainy,No Light,Motorcycle,2,Wrong Overtaking,0,1,1,0,2,0,High
2022,9,Friday,1,Punjab,Multan,Provincial Highway,Good,Clear,Street Light,Rickshaw,2,Drunk Driving,0,0,1,0,10,1,High
2019,9,Saturday,17,Punjab,Sheikhupura,Provincial Highway,Poor,Foggy,Street Light,Bus/Coach,1,Over Speeding,1,1,0,0,4,0,High
2020,2,Tuesday,8,Sindh,Karachi,Urban Road,Average,Clear,Dawn/Dusk,Rickshaw,2,Signal Violation,1,0,0,1,2,0,Low
2019,1,Tuesday,18,Punjab,Bahawalpur,National Highway,Poor,Clear,Daylight,Car/Taxi,1,Mechanical Failure,1,0,0,1,5,0,Medium
2020,10,Thursday,2,Punjab,Faisalabad,Rural Road,Average,Clear,No Light,Motorcycle,2,Over Speeding,0,0,1,0,5,2,High
2021,3,Saturday,20,Sindh,Thatta,Rural Road,Good,Rainy,Street Light,Motorcycle,2,Drunk Driving,1,1,0,0,5,0,High
2023,5,Thursday,12,Sindh,Mirpur Khas,National Highway,Good,Clear,Daylight,Car/Taxi,2,Pedestrian Error,1,0,0,0,2,0,Low
2021,11,Sunday,13,Punjab,Lahore,Urban Road,Average,Foggy,Daylight,Other,1,Mechanical Failure,1,1,0,1,0,0,Low
2022,3,Thursday,12,KPK,Peshawar,Urban Road,Under Repair,Extreme Heat,Daylight,Motorcycle,2,Wrong Overtaking,1,0,0,0,1,0,Medium
2019,2,Saturday,9,Sindh,Nawabshah,Provincial Highway,Poor,Clear,Daylight,Motorcycle,2,Signal Violation,1,1,0,1,2,1,Medium
2021,6,Wednesday,14,Punjab,Lahore,National Highway,Good,Clear,No Light,Car/Taxi,2,Pedestrian Error,0,0,0,0,1,1,Medium
2022,2,Tuesday,10,KPK,Mardan,Urban Road,Average,Clear,Daylight,Motorcycle,2,Over Speeding,0,0,0,1,11,1,High
2021,7,Sunday,7,Sindh,Sukkur,Provincial Highway,Poor,Foggy,Daylight,Rickshaw,1,Over Speeding,1,1,0,0,6,2,High
2019,9,Saturday,10,Sindh,Hyderabad,National Highway,Good,Clear,Daylight,Motorcycle,3,Driver Fatigue,0,1,0,0,2,1,High
2022,11,Sunday,17,Sindh,Dadu,National Highway,Average,Clear,Daylight,Motorcycle,4,Mobile Phone Use,1,1,0,1,2,0,High
2023,1,Friday,19,Punjab,Rahim Yar Khan,Rural Road,Good,Clear,Dawn/Dusk,Car/Taxi,2,Mobile Phone Use,1,0,0,1,1,0,Low
2023,1,Tuesday,13,KPK,Mansehra,Provincial Highway,Average,Dusty/Smoggy,Daylight,Car/Taxi,3,Pedestrian Error,1,0,0,1,2,0,Low
2020,9,Monday,13,Punjab,Sheikhupura,Urban Road,Under Repair,Clear,Daylight,Rickshaw,2,Driver Fatigue,1,0,0,0,1,0,Low
2021,9,Sunday,9,Islamabad,Islamabad,National Highway,Good,Foggy,Daylight,Motorcycle,3,Signal Violation,1,1,0,0,2,1,High
2019,11,Saturday,6,KPK,Kohat,Urban Road,Under Repair,Dusty/Smoggy,Daylight,Motorcycle,2,Over Speeding,0,1,0,1,11,0,High
2023,7,Wednesday,9,Sindh,Larkana,National Highway,Average,Rainy,Daylight,Car/Taxi,2,Mechanical Failure,1,0,0,0,4,0,Medium
2023,7,Thursday,3,Punjab,Faisalabad,Provincial Highway,Poor,Clear,Street Light,Truck/Lorry,1,Over Speeding,0,0,1,0,4,1,High
2019,10,Thursday,14,Punjab,Multan,National Highway,Average,Clear,Daylight,Motorcycle,1,Mobile Phone Use,0,0,0,0,2,0,Medium
2021,7,Sunday,6,Punjab,Bahawalpur,Provincial Highway,Good,Dusty/Smoggy,Daylight,Motorcycle,3,Pedestrian Error,0,1,0,0,1,0,Low
2022,5,Saturday,6,Sindh,Hyderabad,Urban Road,Good,Clear,Daylight,Motorcycle,1,Signal Violation,0,1,0,0,3,1,Medium
2019,5,Wednesday,9,Punjab,Bahawalpur,Provincial Highway,Average,Dusty/Smoggy,Daylight,Car/Taxi,3,Pedestrian Error,1,0,0,0,0,0,Low
2021,12,Sunday,20,Sindh,Hyderabad,National Highway,Average,Clear,Street Light,Car/Taxi,1,Mechanical Failure,1,1,0,1,2,0,Low
2021,1,Tuesday,19,Punjab,Lahore,Urban Road,Average,Extreme Heat,Dawn/Dusk,Car/Taxi,2,Mechanical Failure,1,0,0,1,2,0,Low
2020,4,Wednesday,12,AJK,Rawalakot,Provincial Highway,Average,Rainy,Daylight,Motorcycle,1,Mechanical Failure,1,0,0,0,10,2,High
2022,4,Friday,6,Punjab,Faisalabad,Urban Road,Average,Clear,Daylight,Motorcycle,2,Mobile Phone Use,0,0,0,0,1,0,Low
2021,6,Monday,21,Islamabad,Islamabad,Provincial Highway,Good,Clear,Street Light,Motorcycle,3,Signal Violation,0,0,0,0,4,1,Medium
2019,6,Sunday,19,Balochistan,Khuzdar,National Highway,Good,Clear,Dawn/Dusk,Truck/Lorry,1,Wrong Overtaking,1,1,0,0,1,1,Medium
2019,5,Saturday,16,Sindh,Nawabshah,National Highway,Good,Clear,Street Light,Bus/Coach,2,Over Speeding,0,1,0,0,5,1,Medium
2019,6,Sunday,17,KPK,Mardan,Motorway,Good,Clear,Daylight,Car/Taxi,2,Over Speeding,1,1,0,0,6,0,High
2023,6,Monday,1,Sindh,Dadu,Urban Road,Good,Clear,No Light,Car/Taxi,2,Pedestrian Error,0,0,1,0,0,0,Low
2022,1,Saturday,19,Sindh,Nawabshah,National Highway,Good,Clear,Dawn/Dusk,Rickshaw,1,Over Speeding,1,1,0,1,7,3,High
2020,11,Tuesday,5,Punjab,Sialkot,Urban Road,Average,Clear,Dawn/Dusk,Motorcycle,2,Signal Violation,0,0,1,1,2,2,High
2020,7,Sunday,19,Punjab,Bahawalpur,National Highway,Average,Clear,Dawn/Dusk,Bicycle,1,Drunk Driving,1,1,0,0,10,1,High
2023,1,Sunday,13,Sindh,Karachi,National Highway,Good,Clear,No Light,Van/Pickup,2,Over Speeding,1,1,0,1,2,0,High
2022,7,Monday,7,Sindh,Kashmore,Rural Road,Good,Clear,Daylight,Motorcycle,2,Over Speeding,1,0,0,0,5,0,Medium
2019,8,Friday,17,Sindh,Sukkur,Rural Road,Good,Clear,Daylight,Bicycle,1,Over Speeding,1,0,0,0,10,0,High
2022,12,Thursday,10,Punjab,Faisalabad,Rural Road,Poor,Rainy,Dawn/Dusk,Car/Taxi,2,Pedestrian Error,0,0,0,1,1,1,Low
2020,12,Tuesday,23,Punjab,Lahore,Urban Road,Poor,Foggy,No Light,Car/Taxi,4,Over Speeding,0,0,1,1,3,1,Medium
2018,7,Wednesday,3,Punjab,Sialkot,Provincial Highway,Average,Clear,No Light,Car/Taxi,2,Signal Violation,0,0,1,0,3,0,Medium
2021,11,Tuesday,13,Punjab,Multan,National Highway,Good,Dusty/Smoggy,Dawn/Dusk,Bus/Coach,3,Over Speeding,1,0,0,1,4,2,Medium
2020,11,Wednesday,10,Punjab,Sialkot,Rural Road,Good,Dusty/Smoggy,Daylight,Car/Taxi,1,Driver Fatigue,0,0,0,1,1,0,Low
2018,1,Tuesday,8,Punjab,Bahawalpur,Urban Road,Good,Clear,Daylight,Car/Taxi,4,Wrong Overtaking,1,0,0,1,1,0,Low
2023,11,Wednesday,9,Punjab,Sargodha,Provincial Highway,Good,Clear,Daylight,Motorcycle,2,Over Speeding,1,0,0,1,10,4,High
2019,7,Thursday,5,KPK,Abbottabad,National Highway,Good,Clear,Dawn/Dusk,Car/Taxi,2,Mobile Phone Use,0,0,1,0,2,0,Medium
2018,9,Tuesday,18,Punjab,Rawalpindi,Provincial Highway,Poor,Clear,Daylight,Motorcycle,3,Pedestrian Error,1,0,0,0,2,0,Low
2023,11,Saturday,19,Sindh,Nawabshah,National Highway,Good,Foggy,No Light,Bus/Coach,2,Over Speeding,1,1,0,1,5,1,High
2023,7,Saturday,20,Punjab,Lahore,Urban Road,Average,Clear,Street Light,Motorcycle,2,Mechanical Failure,1,1,0,0,1,0,Low
2019,9,Saturday,8,Balochistan,Khuzdar,Urban Road,Poor,Foggy,Daylight,Car/Taxi,2,Drunk Driving,1,1,0,0,1,0,Low
2018,4,Saturday,20,Sindh,Thatta,National Highway,Average,Rainy,No Light,Car/Taxi,2,Pedestrian Error,1,1,0,0,1,0,Low
2020,11,Sunday,15,Punjab,Rawalpindi,Provincial Highway,Average,Clear,Daylight,Motorcycle,4,Road Condition,0,1,0,1,3,0,Medium
2023,2,Wednesday,5,Sindh,Karachi,National Highway,Average,Foggy,Daylight,Van/Pickup,2,Wrong Overtaking,0,0,1,1,1,1,Medium
2023,8,Monday,15,Punjab,Rahim Yar Khan,National Highway,Poor,Clear,Daylight,Motorcycle,1,Over Speeding,0,0,0,0,2,0,High
2022,4,Saturday,2,Sindh,Dadu,Provincial Highway,Poor,Clear,No Light,Truck/Lorry,1,Over Speeding,0,1,1,0,4,2,High
2021,1,Wednesday,15,Punjab,Faisalabad,Provincial Highway,Poor,Dusty/Smoggy,Daylight,Bus/Coach,3,Pedestrian Error,0,0,0,1,4,0,Medium
2023,5,Monday,19,Gilgit-Baltistan,Hunza,Urban Road,Good,Clear,Street Light,Car/Taxi,1,Road Condition,1,0,0,0,1,0,Low
2022,1,Wednesday,11,Sindh,Thatta,Provincial Highway,Average,Clear,Daylight,Motorcycle,2,Driver Fatigue,0,0,0,1,3,0,Medium
2023,7,Wednesday,6,Punjab,Rawalpindi,National Highway,Average,Rainy,Dawn/Dusk,Motorcycle,1,Pedestrian Error,0,0,0,0,1,0,Medium
2022,7,Monday,16,KPK,Nowshera,Urban Road,Good,Foggy,Daylight,Car/Taxi,2,Driver Fatigue,0,0,0,0,1,0,Medium
2018,12,Saturday,10,Punjab,Rahim Yar Khan,Rural Road,Good,Rainy,No Light,Motorcycle,1,Road Condition,0,1,0,1,4,0,Medium
2020,1,Friday,5,KPK,Swat,National Highway,Poor,Clear,Daylight,Motorcycle,3,Driver Fatigue,0,0,1,1,3,2,High
2022,6,Tuesday,20,Sindh,Hyderabad,National Highway,Average,Extreme Heat,Street Light,Bus/Coach,2,Pedestrian Error,1,0,0,0,0,0,Low
2022,5,Tuesday,17,KPK,Swat,Rural Road,Good,Foggy,Daylight,Motorcycle,1,Drunk Driving,1,0,0,0,3,0,Medium
2020,2,Sunday,21,Punjab,Bahawalpur,National Highway,Good,Clear,No Light,Car/Taxi,1,Driver Fatigue,0,1,0,1,2,0,High
2018,8,Friday,9,Balochistan,Turbat,Provincial Highway,Average,Clear,Street Light,Car/Taxi,4,Over Speeding,1,0,0,0,1,0,Medium
2020,1,Saturday,19,KPK,Mansehra,National Highway,Average,Clear,No Light,Bicycle,4,Over Speeding,1,1,0,1,11,0,High
2021,8,Thursday,0,Punjab,Rahim Yar Khan,Urban Road,Good,Clear,No Light,Motorcycle,1,Road Condition,0,0,1,0,0,0,Low
2018,6,Friday,5,Punjab,Rawalpindi,Provincial Highway,Average,Clear,Dawn/Dusk,Motorcycle,3,Over Speeding,0,0,1,0,9,2,High
2022,6,Saturday,17,Punjab,Rawalpindi,Provincial Highway,Poor,Clear,Daylight,Truck/Lorry,3,Wrong Overtaking,1,1,0,0,5,0,Medium
2021,11,Wednesday,10,AJK,Mirpur,National Highway,Poor,Foggy,Daylight,Motorcycle,2,Drunk Driving,0,0,0,1,9,2,High
2023,3,Monday,23,Punjab,Rawalpindi,Motorway,Average,Dusty/Smoggy,No Light,Car/Taxi,3,Wrong Overtaking,0,0,1,0,4,0,Medium
2020,6,Thursday,16,Sindh,Hyderabad,National Highway,Average,Clear,Daylight,Car/Taxi,1,Over Speeding,0,0,0,0,1,1,Medium
2019,11,Friday,15,Punjab,Faisalabad,National Highway,Poor,Clear,Daylight,Motorcycle,2,Signal Violation,0,0,0,1,4,2,High
2021,5,Sunday,16,Punjab,Rawalpindi,Provincial Highway,Poor,Clear,Daylight,Motorcycle,1,Wrong Overtaking,0,1,0,0,11,2,High
2023,11,Thursday,7,Sindh,Hyderabad,Rural Road,Average,Rainy,Daylight,Motorcycle,4,Mechanical Failure,1,0,0,1,2,1,Medium
2019,10,Friday,16,Islamabad,Islamabad,Motorway,Under Repair,Clear,Daylight,Car/Taxi,4,Road Condition,0,0,0,0,2,0,Medium
2020,1,Thursday,12,Sindh,Nawabshah,National Highway,Good,Clear,Daylight,Truck/Lorry,2,Signal Violation,1,0,0,1,5,0,High
2021,8,Friday,9,KPK,Swat,Motorway,Poor,Clear,Dawn/Dusk,Motorcycle,2,Road Condition,1,0,0,0,3,1,High
2020,12,Saturday,17,Sindh,Karachi,Motorway,Good,Rainy,Daylight,Car/Taxi,3,Mobile Phone Use,1,1,0,1,3,2,Medium
2019,1,Wednesday,14,Punjab,Rawalpindi,Rural Road,Good,Foggy,Dawn/Dusk,Motorcycle,2,Over Speeding,0,0,0,1,5,1,Medium
2023,7,Friday,6,Punjab,Rahim Yar Khan,Rural Road,Good,Clear,Dawn/Dusk,Van/Pickup,4,Wrong Overtaking,0,0,0,0,0,0,Low
2019,6,Thursday,16,Sindh,Sukkur,Rural Road,Average,Clear,Daylight,Truck/Lorry,2,Wrong Overtaking,0,0,0,0,1,0,Low
2022,9,Monday,21,Islamabad,Islamabad,Provincial Highway,Average,Foggy,No Light,Truck/Lorry,2,Over Speeding,0,0,0,0,2,0,Medium
2020,2,Thursday,13,Balochistan,Gwadar,Rural Road,Good,Foggy,Dawn/Dusk,Car/Taxi,1,Over Speeding,1,0,0,1,0,0,Low
2018,2,Thursday,9,Punjab,Sialkot,Provincial Highway,Average,Dusty/Smoggy,Daylight,Motorcycle,1,Wrong Overtaking,1,0,0,1,4,0,Medium
2019,2,Sunday,4,Punjab,Lahore,Provincial Highway,Good,Rainy,No Light,Bus/Coach,2,Over Speeding,0,1,1,1,7,2,High
2021,1,Monday,18,Punjab,Faisalabad,National Highway,Good,Rainy,Daylight,Rickshaw,2,Over Speeding,1,0,0,1,10,2,High
2022,12,Saturday,18,Islamabad,Islamabad,Provincial Highway,Good,Clear,Daylight,Car/Taxi,4,Mechanical Failure,1,1,0,1,2,0,Low
2021,10,Sunday,19,Balochistan,Dera Bugti,National Highway,Poor,Rainy,Dawn/Dusk,Car/Taxi,1,Mechanical Failure,1,1,0,0,1,0,Medium
2023,6,Sunday,20,KPK,Abbottabad,Provincial Highway,Poor,Clear,No Light,Bus/Coach,2,Wrong Overtaking,1,1,0,0,0,0,Low
2020,12,Wednesday,21,Punjab,Gujranwala,Provincial Highway,Average,Clear,No Light,Truck/Lorry,3,Drunk Driving,0,0,0,1,3,0,Medium
2023,5,Saturday,17,Sindh,Jacobabad,Urban Road,Average,Clear,Dawn/Dusk,Motorcycle,1,Mobile Phone Use,1,1,0,0,4,2,Medium
2022,3,Sunday,12,Sindh,Karachi,National Highway,Under Repair,Clear,Daylight,Car/Taxi,1,Over Speeding,1,1,0,0,3,1,Medium
2018,11,Sunday,6,Punjab,Faisalabad,Urban Road,Average,Foggy,Dawn/Dusk,Car/Taxi,2,Wrong Overtaking,0,1,0,1,3,0,Medium
2019,11,Sunday,17,Sindh,Larkana,Provincial Highway,Good,Dusty/Smoggy,Daylight,Motorcycle,2,Wrong Overtaking,1,1,0,1,2,0,Medium
2018,12,Sunday,19,Punjab,Rahim Yar Khan,Rural Road,Average,Clear,Dawn/Dusk,Bus/Coach,1,Over Speeding,1,1,0,1,0,0,Low
2023,4,Monday,17,Punjab,Lahore,Rural Road,Good,Rainy,Daylight,Bus/Coach,2,Road Condition,1,0,0,0,0,0,Low
2019,3,Wednesday,9,Balochistan,Quetta,National Highway,Under Repair,Clear,Daylight,Car/Taxi,2,Over Speeding,1,0,0,0,9,1,High
2021,3,Friday,20,KPK,Bannu,Rural Road,Average,Rainy,Street Light,Van/Pickup,1,Mobile Phone Use,1,0,0,0,0,0,Low
2020,4,Monday,12,Sindh,Nawabshah,Provincial Highway,Average,Clear,Daylight,Car/Taxi,4,Over Speeding,1,0,0,0,1,0,Medium
2021,4,Sunday,17,Sindh,Hyderabad,National Highway,Average,Clear,Daylight,Motorcycle,3,Over Speeding,1,1,0,0,11,3,High
2018,8,Monday,13,Punjab,Rahim Yar Khan,National Highway,Average,Foggy,Dawn/Dusk,Motorcycle,1,Signal Violation,1,0,0,0,2,1,High
2023,12,Friday,23,KPK,Nowshera,Urban Road,Poor,Rainy,No Light,Rickshaw,1,Wrong Overtaking,0,0,1,1,1,0,Low
2023,3,Friday,19,KPK,Dera Ismail Khan,Provincial Highway,Average,Clear,Street Light,Car/Taxi,4,Over Speeding,1,0,0,0,1,1,Medium
2021,9,Tuesday,13,KPK,Mansehra,Urban Road,Poor,Clear,Daylight,Motorcycle,3,Wrong Overtaking,1,0,0,0,2,0,Medium
2020,7,Saturday,6,KPK,Mansehra,Provincial Highway,Poor,Rainy,No Light,Van/Pickup,3,Over Speeding,0,1,0,0,4,0,Medium
2018,8,Wednesday,19,Punjab,Bahawalpur,National Highway,Average,Foggy,No Light,Motorcycle,2,Road Condition,1,0,0,0,5,1,High
2021,12,Wednesday,11,Punjab,Rahim Yar Khan,Provincial Highway,Good,Rainy,Daylight,Motorcycle,1,Drunk Driving,0,0,0,1,5,1,High
2018,1,Friday,5,Sindh,Sukkur,Rural Road,Average,Rainy,Dawn/Dusk,Motorcycle,1,Road Condition,0,0,1,1,3,1,High
2018,9,Wednesday,16,Punjab,Rahim Yar Khan,Provincial Highway,Good,Foggy,Daylight,Car/Taxi,2,Signal Violation,0,0,0,0,5,0,Medium
2022,4,Wednesday,10,KPK,Mardan,National Highway,Good,Clear,Daylight,Car/Taxi,1,Mechanical Failure,0,0,0,0,0,0,Low
2023,1,Thursday,10,Punjab,Sheikhupura,National Highway,Poor,Clear,Dawn/Dusk,Motorcycle,2,Over Speeding,0,0,0,1,3,1,High
2021,7,Sunday,15,Punjab,Gujranwala,National Highway,Good,Clear,Street Light,Van/Pickup,1,Drunk Driving,0,1,0,0,5,4,High
2023,2,Saturday,6,Punjab,Sialkot,Provincial Highway,Poor,Foggy,Daylight,Car/Taxi,3,Pedestrian Error,0,1,0,1,4,0,Medium
2022,3,Tuesday,12,AJK,Rawalakot,Rural Road,Poor,Foggy,Daylight,Rickshaw,4,Over Speeding,1,0,0,0,2,0,Medium
2019,2,Tuesday,21,Punjab,Sargodha,National Highway,Poor,Clear,Street Light,Motorcycle,1,Wrong Overtaking,0,0,0,1,4,1,High
2023,7,Monday,7,Sindh,Hyderabad,Rural Road,Good,Rainy,Daylight,Bus/Coach,2,Mechanical Failure,1,0,0,0,1,1,Low
2022,7,Tuesday,10,Sindh,Nawabshah,Provincial Highway,Good,Clear,Daylight,Rickshaw,3,Wrong Overtaking,0,0,0,0,5,0,Medium
2023,11,Thursday,20,Punjab,Lahore,Urban Road,Under Repair,Clear,Street Light,Bus/Coach,1,Wrong Overtaking,1,0,0,1,0,0,Low
2023,2,Sunday,13,Sindh,Dadu,Provincial Highway,Average,Foggy,Daylight,Motorcycle,3,Pedestrian Error,1,1,0,1,3,0,Medium
2022,10,Thursday,14,KPK,Mansehra,National Highway,Under Repair,Clear,Daylight,Van/Pickup,2,Weather Condition,0,0,0,0,3,2,Medium
2023,8,Thursday,21,Sindh,Jacobabad,National Highway,Average,Foggy,No Light,Van/Pickup,3,Wrong Overtaking,0,0,0,0,5,2,High
2022,7,Sunday,5,Balochistan,Hub,Provincial Highway,Under Repair,Clear,Street Light,Car/Taxi,3,Road Condition,0,1,1,0,0,0,Low
2019,6,Thursday,21,Punjab,Faisalabad,Provincial Highway,Good,Clear,No Light,Motorcycle,2,Wrong Overtaking,0,0,0,0,7,2,High
2022,4,Wednesday,2,Punjab,Multan,Urban Road,Poor,Foggy,Street Light,Car/Taxi,2,Mobile Phone Use,0,0,1,0,4,1,Medium
2018,2,Friday,10,Islamabad,Islamabad,Provincial Highway,Good,Clear,Daylight,Car/Taxi,2,Road Condition,0,0,0,1,1,0,Low
2021,9,Tuesday,19,Punjab,Gujranwala,Provincial Highway,Good,Extreme Heat,Dawn/Dusk,Bus/Coach,1,Signal Violation,1,0,0,0,2,2,Medium
2021,6,Tuesday,17,Sindh,Kashmore,Rural Road,Under Repair,Dusty/Smoggy,Daylight,Motorcycle,1,Mechanical Failure,1,0,0,0,2,0,Low
2021,9,Saturday,17,KPK,Mardan,National Highway,Good,Rainy,Daylight,Motorcycle,2,Driver Fatigue,1,1,0,0,11,1,High
2023,6,Wednesday,15,Punjab,Sheikhupura,Provincial Highway,Average,Clear,Daylight,Car/Taxi,2,Road Condition,0,0,0,0,0,0,Low
2020,12,Saturday,12,KPK,Mardan,National Highway,Under Repair,Clear,Street Light,Motorcycle,2,Wrong Overtaking,1,1,0,1,7,2,High
2022,3,Thursday,6,Punjab,Faisalabad,Rural Road,Under Repair,Clear,Daylight,Rickshaw,1,Wrong Overtaking,0,0,0,0,1,0,Low
2021,9,Friday,13,Punjab,Faisalabad,Rural Road,Poor,Dusty/Smoggy,Daylight,Motorcycle,1,Over Speeding,1,0,0,0,5,4,High
2020,9,Saturday,6,Punjab,Faisalabad,Rural Road,Good,Foggy,Dawn/Dusk,Bicycle,3,Signal Violation,0,1,0,0,2,1,Medium
2023,9,Sunday,20,KPK,Kohat,National Highway,Average,Clear,No Light,Car/Taxi,2,Pedestrian Error,1,1,0,0,3,0,Medium
2022,2,Saturday,1,Punjab,Sargodha,Rural Road,Poor,Clear,No Light,Bus/Coach,2,Wrong Overtaking,0,1,1,1,0,0,Low
2021,12,Wednesday,6,KPK,Peshawar,National Highway,Poor,Foggy,Daylight,Car/Taxi,3,Road Condition,0,0,0,1,5,2,Medium
2022,9,Monday,4,Islamabad,Islamabad,Provincial Highway,Good,Clear,No Light,Car/Taxi,2,Wrong Overtaking,0,0,1,0,1,1,Medium
2023,2,Sunday,14,Sindh,Dadu,National Highway,Good,Clear,Daylight,Car/Taxi,1,Wrong Overtaking,0,1,0,1,1,1,Low
2018,3,Tuesday,11,Sindh,Nawabshah,Rural Road,Average,Clear,Daylight,Van/Pickup,4,Over Speeding,0,0,0,0,2,0,Low
2020,6,Tuesday,13,Sindh,Karachi,Motorway,Average,Clear,Daylight,Bicycle,2,Signal Violation,1,0,0,0,10,0,High
2022,5,Wednesday,9,Punjab,Lahore,Provincial Highway,Poor,Clear,Daylight,Truck/Lorry,1,Wrong Overtaking,1,0,0,0,2,0,Low
2022,1,Wednesday,11,Sindh,Dadu,Rural Road,Good,Foggy,Daylight,Motorcycle,1,Signal Violation,0,0,0,1,9,2,High
2023,12,Wednesday,17,Sindh,Dadu,National Highway,Average,Clear,Daylight,Motorcycle,2,Wrong Overtaking,1,0,0,1,2,0,Medium
2023,8,Wednesday,15,AJK,Muzaffarabad,Rural Road,Under Repair,Rainy,Daylight,Motorcycle,1,Over Speeding,0,0,0,0,7,2,High
2018,4,Sunday,20,Islamabad,Islamabad,Provincial Highway,Good,Extreme Heat,Street Light,Car/Taxi,2,Wrong Overtaking,1,1,0,0,1,0,Low
2018,12,Sunday,11,Balochistan,Quetta,Urban Road,Average,Clear,Daylight,Car/Taxi,2,Wrong Overtaking,0,1,0,1,0,0,Low
2021,9,Wednesday,9,Balochistan,Hub,Provincial Highway,Good,Dusty/Smoggy,Street Light,Motorcycle,2,Wrong Overtaking,1,0,0,0,7,0,High
2019,10,Monday,17,Sindh,Mirpur Khas,Urban Road,Poor,Clear,Daylight,Bus/Coach,2,Mechanical Failure,1,0,0,0,2,1,Low
2023,5,Saturday,21,Sindh,Jacobabad,National Highway,Average,Clear,No Light,Car/Taxi,2,Wrong Overtaking,0,1,0,0,3,0,Medium
2023,1,Saturday,14,Balochistan,Gwadar,Urban Road,Average,Clear,Daylight,Truck/Lorry,2,Signal Violation,0,1,0,1,0,0,Low
2023,11,Thursday,7,Punjab,Rahim Yar Khan,Provincial Highway,Poor,Clear,Street Light,Car/Taxi,2,Drunk Driving,1,0,0,1,3,0,Medium
2020,12,Monday,14,Islamabad,Islamabad,Provincial Highway,Good,Clear,Dawn/Dusk,Car/Taxi,1,Road Condition,0,0,0,1,0,0,Low
2021,2,Tuesday,16,Punjab,Lahore,Provincial Highway,Good,Dusty/Smoggy,Daylight,Car/Taxi,4,Signal Violation,0,0,0,1,1,0,Low
2020,4,Thursday,9,Sindh,Nawabshah,Provincial Highway,Good,Clear,Daylight,Motorcycle,1,Drunk Driving,1,0,0,0,4,1,High
2023,9,Thursday,12,KPK,Dera Ismail Khan,Provincial Highway,Poor,Clear,Daylight,Car/Taxi,2,Signal Violation,1,0,0,0,0,0,Low
2022,8,Sunday,17,Islamabad,Islamabad,National Highway,Average,Foggy,Daylight,Motorcycle,2,Signal Violation,1,1,0,0,5,3,High
2020,11,Thursday,23,Punjab,Rawalpindi,Rural Road,Good,Clear,No Light,Car/Taxi,2,Over Speeding,0,0,1,1,0,0,Low
2022,1,Thursday,16,KPK,Nowshera,Urban Road,Good,Clear,Daylight,Motorcycle,2,Driver Fatigue,0,0,0,1,4,1,High
2023,11,Wednesday,19,Sindh,Karachi,Urban Road,Poor,Clear,Street Light,Car/Taxi,2,Over Speeding,1,0,0,1,1,0,Low
2021,1,Thursday,7,Punjab,Multan,National Highway,Average,Clear,Street Light,Car/Taxi,2,Pedestrian Error,1,0,0,1,2,0,Low
2021,2,Friday,13,KPK,Dera Ismail Khan,Rural Road,Average,Rainy,Daylight,Motorcycle,1,Mechanical Failure,1,0,0,1,1,0,Low
2018,12,Thursday,16,Sindh,Dadu,Rural Road,Average,Dusty/Smoggy,Dawn/Dusk,Car/Taxi,3,Signal Violation,0,0,0,1,0,1,Low
2022,12,Wednesday,12,KPK,Dera Ismail Khan,Rural Road,Under Repair,Dusty/Smoggy,Daylight,Motorcycle,3,Wrong Overtaking,1,0,0,1,5,1,Medium
2018,8,Tuesday,12,Punjab,Sialkot,Urban Road,Average,Clear,Street Light,Car/Taxi,3,Driver Fatigue,1,0,0,0,1,0,Low
2022,4,Thursday,15,Sindh,Hyderabad,Provincial Highway,Average,Foggy,Daylight,Bus/Coach,1,Over Speeding,0,0,0,0,2,2,High
2018,3,Sunday,20,Sindh,Nawabshah,Rural Road,Poor,Clear,No Light,Motorcycle,2,Road Condition,1,1,0,0,0,0,Low
2018,10,Friday,6,Punjab,Sheikhupura,Urban Road,Average,Rainy,Daylight,Other,3,Wrong Overtaking,0,0,0,0,4,0,Medium
2018,4,Sunday,12,Punjab,Lahore,National Highway,Good,Rainy,Daylight,Motorcycle,2,Road Condition,1,1,0,0,11,3,High
2022,8,Saturday,0,Islamabad,Islamabad,Provincial Highway,Poor,Foggy,No Light,Rickshaw,2,Mechanical Failure,0,1,1,0,4,0,Medium