year,month,day_of_week,hour_of_day,province,district,road_type,road_condition,weather_condition,lighting_condition,vehicle_type,vehicles_involved,accident_cause,is_rush_hour,is_weekend,is_night,is_foggy_month,num_injured,num_killed,severity
2018,5,Monday,11,Sindh,Mirpur Khas,Urban Road,Average,Dusty/Smoggy,Daylight,Bus/Coach,2,Over Speeding,0,0,0,0,2,0,Low
2023,4,Saturday,15,KPK,Charsadda,Provincial Highway,Good,Foggy,Daylight,Car/Taxi,3,Signal Violation,0,1,0,0,0,0,Low
2022,8,Friday,21,Punjab,Sargodha,Rural Road,Poor,Clear,No Light,Motorcycle,1,Drunk Driving,0,0,0,0,4,0,Medium
2020,10,Saturday,21,Punjab,Rahim Yar Khan,Provincial Highway,Good,Extreme Heat,Street Light,Motorcycle,3,Wrong Overtaking,0,1,0,0,4,2,High
2021,12,Thursday,11,Punjab,Faisalabad,Provincial Highway,Good,Clear,Dawn/Dusk,Motorcycle,1,Signal Violation,0,0,0,1,2,0,Medium
2018,7,Tuesday,17,Punjab,Bahawalpur,Provincial Highway,Good,Rainy,Daylight,Motorcycle,2,Over Speeding,1,0,0,0,2,0,High
2022,8,Saturday,21,Sindh,Dadu,Provincial Highway,Average,Foggy,Street Light,Motorcycle,2,Road Condition,0,1,0,0,6,2,High
2022,3,Wednesday,12,Sindh,Kashmore,Provincial Highway,Average,Foggy,Daylight,Motorcycle,2,Wrong Overtaking,1,0,0,0,2,0,High
2023,5,Sunday,19,Sindh,Thatta,Urban Road,Good,Clear,Dawn/Dusk,Motorcycle,2,Over Speeding,1,1,0,0,10,1,High
2022,9,Friday,12,Punjab,Sialkot,Rural Road,Good,Clear,Daylight,Bus/Coach,2,Road Condition,1,0,0,0,0,0,Low
2019,3,Thursday,8,Sindh,Dadu,Urban Road,Average,Dusty/Smoggy,Daylight,Motorcycle,3,Mechanical Failure,1,0,0,0,2,0,Low
2019,1,Thursday,8,Punjab,Bahawalpur,National Highway,Good,Rainy,Daylight,Car/Taxi,4,Mobile Phone Use,1,0,0,1,4,1,Medium
2019,9,Monday,14,Punjab,Multan,Provincial Highway,Average,Dusty/Smoggy,Street Light,Motorcycle,2,Driver Fatigue,0,0,0,0,4,1,High
2020,1,Sunday,17,Islamabad,Islamabad,Provincial Highway,Good,Rainy,Daylight,Motorcycle,2,Wrong Overtaking,1,1,0,1,3,3,High
2020,4,Wednesday,7,Sindh,Nawabshah,National Highway,Average,Rainy,Daylight,Motorcycle,2,Wrong Overtaking,1,0,0,0,8,0,High
2023,2,Thursday,13,Sindh,Mirpur Khas,Urban Road,Poor,Dusty/Smoggy,Daylight,Rickshaw,2,Mechanical Failure,1,0,0,1,0,0,Low
2018,8,Friday,19,Punjab,Rahim Yar Khan,National Highway,Good,Clear,No Light,Car/Taxi,4,Wrong Overtaking,1,0,0,0,3,0,Medium
2021,5,Sunday,11,Balochistan,Sibi,National Highway,Good,Clear,Daylight,Motorcycle,2,Over Speeding,0,1,0,0,7,3,High
2023,7,Wednesday,8,Sindh,Larkana,Provincial Highway,Good,Clear,Daylight,Car/Taxi,2,Driver Fatigue,1,0,0,0,3,0,Medium
2019,8,Thursday,16,KPK,Peshawar,National Highway,Good,Clear,Daylight,Car/Taxi,4,Road Condition,0,0,0,0,0,0,Low
2020,6,Friday,7,Punjab,Sheikhupura,Provincial Highway,Good,Dusty/Smoggy,Daylight,Car/Taxi,3,Road Condition,1,0,0,0,1,0,Low
2022,10,Monday,0,Islamabad,Islamabad,Urban Road,Under Repair,Clear,Street Light,Motorcycle,2,Signal Violation,0,0,1,0,1,1,Medium
2020,1,Wednesday,5,KPK,Bannu,National Highway,Under Repair,Clear,Dawn/Dusk,Car/Taxi,2,Over Speeding,0,0,1,1,7,3,High
2018,5,Tuesday,7,Balochistan,Loralai,Urban Road,Good,Foggy,Daylight,Truck/Lorry,2,Mechanical Failure,1,0,0,0,2,0,Low
2023,8,Thursday,11,Punjab,Gujranwala,National Highway,Average,Rainy,Daylight,Van/Pickup,1,Signal Violation,0,0,0,0,6,3,High
2023,2,Thursday,6,Punjab,Sargodha,Urban Road,Under Repair,Dusty/Smoggy,Dawn/Dusk,Car/Taxi,2,Road Condition,0,0,0,1,2,0,Low
2021,8,Friday,15,Punjab,Sheikhupura,Urban Road,Good,Clear,Daylight,Car/Taxi,1,Over Speeding,0,0,0,0,2,0,Low
2018,8,Friday,12,Punjab,Rawalpindi,Rural Road,Good,Clear,Daylight,Motorcycle,1,Over Speeding,1,0,0,0,1,0,Medium
2022,4,Saturday,5,Balochistan,Hub,Rural Road,Good,Dusty/Smoggy,Dawn/Dusk,Bus/Coach,2,Over Speeding,0,1,1,0,2,1,Medium
2022,5,Wednesday,9,Punjab,Rawalpindi,Urban Road,Good,Rainy,Daylight,Motorcycle,2,Mechanical Failure,1,0,0,0,3,1,Medium
2022,7,Thursday,16,Punjab,Bahawalpur,Urban Road,Average,Extreme Heat,Daylight,Motorcycle,2,Road Condition,0,0,0,0,2,0,Low
2021,5,Thursday,12,Punjab,Lahore,Urban Road,Poor,Clear,Daylight,Motorcycle,2,Mechanical Failure,1,0,0,0,3,1,Medium
2019,9,Tuesday,15,Punjab,Multan,Provincial Highway,Good,Clear,Daylight,Rickshaw,2,Driver Fatigue,0,0,0,0,2,0,Medium
2023,5,Wednesday,19,Punjab,Sargodha,Urban Road,Good,Rainy,Dawn/Dusk,Car/Taxi,2,Wrong Overtaking,1,0,0,0,0,0,Low
2023,12,Friday,15,KPK,Bannu,Rural Road,Good,Rainy,Daylight,Bus/Coach,1,Pedestrian Error,0,0,0,1,1,0,Medium
2019,11,Wednesday,6,Sindh,Kashmore,Urban Road,Average,Clear,Daylight,Motorcycle,1,Driver Fatigue,0,0,0,1,4,0,Medium
2018,6,Thursday,4,Punjab,Faisalabad,Provincial Highway,Average,Clear,No Light,Motorcycle,2,Over Speeding,0,0,1,0,11,2,High
2019,5,Tuesday,13,Sindh,Dadu,Urban Road,Good,Clear,Daylight,Motorcycle,1,Drunk Driving,1,0,0,0,4,0,Medium
2020,3,Saturday,11,Punjab,Sialkot,National Highway,Good,Clear,Daylight,Truck/Lorry,1,Driver Fatigue,0,1,0,0,5,0,Medium
2021,12,Sunday,1,Punjab,Sargodha,Provincial Highway,Poor,Clear,No Light,Car/Taxi,2,Pedestrian Error,0,1,1,1,0,0,Low
2019,3,Sunday,19,KPK,Swat,Provincial Highway,Poor,Clear,Street Light,Motorcycle,1,Wrong Overtaking,1,1,0,0,3,1,Medium
2022,1,Sunday,22,KPK,Kohat,Provincial Highway,Good,Extreme Heat,No Light,Motorcycle,2,Driver Fatigue,0,1,1,1,7,1,High
2023,6,Wednesday,13,KPK,Peshawar,Urban Road,Good,Clear,Dawn/Dusk,Rickshaw,3,Wrong Overtaking,1,0,0,0,0,1,Low
2019,12,Saturday,6,KPK,Swat,National Highway,Good,Clear,Daylight,Motorcycle,3,Mechanical Failure,0,1,0,1,1,0,Medium
2022,1,Thursday,20,Punjab,Bahawalpur,Rural Road,Poor,Dusty/Smoggy,No Light,Motorcycle,4,Over Speeding,1,0,0,1,8,0,High
2022,11,Sunday,20,Islamabad,Islamabad,National Highway,Good,Foggy,No Light,Rickshaw,1,Road Condition,1,1,0,1,2,0,Low
2022,12,Thursday,18,KPK,Mansehra,Urban Road,Good,Clear,Dawn/Dusk,Car/Taxi,2,Wrong Overtaking,1,0,0,1,1,0,Low
2018,4,Thursday,6,Balochistan,Loralai,Provincial Highway,Good,Clear,Daylight,Car/Taxi,1,Drunk Driving,0,0,0,0,3,1,Medium
2018,11,Friday,9,Punjab,Lahore,National Highway,Poor,Clear,Daylight,Motorcycle,2,Road Condition,1,0,0,1,3,1,Medium
2023,11,Tuesday,20,Islamabad,Islamabad,Provincial Highway,Good,Clear,No Light,Motorcycle,1,Over Speeding,1,0,0,1,5,1,Medium
2020,3,Sunday,21,KPK,Nowshera,Provincial Highway,Good,Clear,No Light,Motorcycle,2,Signal Violation,0,1,0,0,4,0,Medium
2021,1,Sunday,6,KPK,Mansehra,Rural Road,Good,Clear,Daylight,Car/Taxi,1,Over Speeding,0,1,0,1,1,0,Medium
2020,8,Wednesday,5,Punjab,Multan,Urban Road,Average,Rainy,No Light,Motorcycle,2,Over Speeding,0,0,1,0,4,0,High
2021,4,Sunday,12,KPK,Mardan,Rural Road,Average,Clear,Dawn/Dusk,Rickshaw,2,Road Condition,1,1,0,0,2,0,Low
2023,8,Saturday,17,Islamabad,Islamabad,National Highway,Average,Dusty/Smoggy,Daylight,Rickshaw,4,Mechanical Failure,1,1,0,0,2,0,Low
2023,11,Wednesday,20,KPK,Mardan,Rural Road,Average,Clear,No Light,Motorcycle,2,Over Speeding,1,0,0,1,1,0,Medium
2020,11,Friday,5,Sindh,Jacobabad,Provincial Highway,Poor,Dusty/Smoggy,Dawn/Dusk,Motorcycle,1,Wrong Overtaking,0,0,1,1,3,2,High
2020,3,Friday,22,Islamabad,Islamabad,National Highway,Average,Foggy,No Light,Rickshaw,3,Mechanical Failure,0,0,1,0,5,2,Medium
2020,6,Tuesday,0,Sindh,Sukkur,National Highway,Good,Dusty/Smoggy,No Light,Car/Taxi,1,Signal Violation,0,0,1,0,5,0,Medium
2019,12,Sunday,13,Sindh,Hyderabad,Provincial Highway,Poor,Clear,Daylight,Motorcycle,2,Driver Fatigue,1,1,0,1,3,1,High
2023,9,Sunday,2,Sindh,Kashmore,Provincial Highway,Poor,Foggy,Street Light,Car/Taxi,3,Pedestrian Error,0,1,1,0,5,0,Medium
2022,8,Tuesday,8,Islamabad,Islamabad,National Highway,Good,Clear,Daylight,Motorcycle,4,Mechanical Failure,1,0,0,0,2,3,High
2018,12,Saturday,20,Punjab,Rawalpindi,Urban Road,Good,Rainy,Street Light,Motorcycle,1,Pedestrian Error,1,1,0,1,2,1,Low
2023,7,Saturday,7,Sindh,Kashmore,National Highway,Poor,Clear,Street Light,Motorcycle,2,Mechanical Failure,1,1,0,0,5,0,Medium
2022,8,Tuesday,3,KPK,Mardan,Provincial Highway,Good,Clear,Street Light,Motorcycle,2,Drunk Driving,0,0,1,0,5,0,High
2018,6,Friday,16,KPK,Abbottabad,Provincial Highway,Average,Clear,Daylight,Car/Taxi,2,Pedestrian Error,0,0,0,0,2,0,Low
2023,5,Monday,16,Sindh,Mirpur Khas,Rural Road,Average,Clear,Daylight,Motorcycle,3,Road Condition,0,0,0,0,1,0,Low
2022,6,Friday,11,Balochistan,Dera Bugti,National Highway,Average,Clear,Daylight,Car/Taxi,4,Wrong Overtaking,0,0,0,0,4,0,Medium
2022,6,Tuesday,12,Islamabad,Islamabad,Urban Road,Good,Rainy,Daylight,Motorcycle,2,Mechanical Failure,1,0,0,0,2,1,Medium
2023,4,Tuesday,8,Punjab,Rahim Yar Khan,National Highway,Under Repair,Foggy,Dawn/Dusk,Motorcycle,2,Mechanical Failure,1,0,0,0,2,1,Medium
2022,5,Friday,7,Punjab,Rahim Yar Khan,Urban Road,Poor,Rainy,Daylight,Car/Taxi,1,Over Speeding,1,0,0,0,2,0,Low
2023,12,Saturday,3,Punjab,Gujranwala,Provincial Highway,Good,Clear,No Light,Rickshaw,3,Mechanical Failure,0,1,1,1,4,0,Medium
2023,7,Friday,10,Punjab,Sargodha,Motorway,Good,Rainy,Dawn/Dusk,Motorcycle,3,Over Speeding,0,0,0,0,3,3,High
2021,12,Monday,9,Sindh,Kashmore,Rural Road,Under Repair,Foggy,No Light,Car/Taxi,2,Over Speeding,1,0,0,1,3,0,Medium
2020,12,Monday,5,Balochistan,Khuzdar,Provincial Highway,Good,Clear,Dawn/Dusk,Motorcycle,3,Wrong Overtaking,0,0,1,1,4,1,High
2019,11,Tuesday,21,Balochistan,Khuzdar,Rural Road,Average,Clear,Street Light,Rickshaw,1,Over Speeding,0,0,0,1,4,1,Medium
2022,11,Sunday,8,Punjab,Sargodha,National Highway,Average,Extreme Heat,Daylight,Car/Taxi,3,Wrong Overtaking,1,1,0,1,1,1,Medium
2020,10,Sunday,6,Punjab,Sialkot,Rural Road,Good,Rainy,Daylight,Truck/Lorry,1,Over Speeding,0,1,0,0,1,1,Medium
2020,10,Sunday,8,Sindh,Nawabshah,Provincial Highway,Good,Clear,Daylight,Car/Taxi,2,Over Speeding,1,1,0,0,2,0,Low
2021,8,Wednesday,12,Sindh,Larkana,National Highway,Poor,Clear,Daylight,Motorcycle,2,Mobile Phone Use,1,0,0,0,1,0,Medium
2021,2,Sunday,7,Punjab,Multan,National Highway,Good,Rainy,Daylight,Car/Taxi,4,Signal Violation,1,1,0,1,10,0,High
2022,7,Thursday,8,Balochistan,Turbat,National Highway,Poor,Clear,Daylight,Bicycle,2,Road Condition,1,0,0,0,3,0,Medium
2023,6,Monday,21,Islamabad,Islamabad,Urban Road,Average,Clear,No Light,Bus/Coach,3,Over Speeding,0,0,0,0,4,1,Medium
2022,5,Sunday,9,Punjab,Sialkot,Rural Road,Average,Clear,Daylight,Bus/Coach,3,Over Speeding,1,1,0,0,1,0,Low
2019,12,Friday,12,Balochistan,Dera Bugti,Provincial Highway,Under Repair,Clear,Daylight,Rickshaw,2,Over Speeding,1,0,0,1,1,2,Medium
2022,12,Thursday,9,Punjab,Rawalpindi,Provincial Highway,Poor,Rainy,Street Light,Motorcycle,2,Wrong Overtaking,1,0,0,1,3,1,High
2021,2,Saturday,9,KPK,Mansehra,Provincial Highway,Good,Foggy,Daylight,Car/Taxi,2,Over Speeding,1,1,0,1,5,1,Medium
2020,5,Monday,14,Sindh,Sukkur,Urban Road,Under Repair,Clear,Daylight,Motorcycle,2,Mobile Phone Use,0,0,0,0,0,0,Low
2022,10,Friday,9,Punjab,Rawalpindi,Urban Road,Poor,Clear,Daylight,Car/Taxi,3,Road Condition,1,0,0,0,2,0,Low
2023,1,Friday,18,Islamabad,Islamabad,National Highway,Good,Extreme Heat,Daylight,Motorcycle,1,Wrong Overtaking,1,0,0,1,9,3,High
2023,11,Thursday,19,Sindh,Karachi,Provincial Highway,Under Repair,Clear,No Light,Motorcycle,3,Road Condition,1,0,0,1,2,0,Medium
2022,5,Sunday,15,KPK,Kohat,Urban Road,Average,Rainy,Daylight,Car/Taxi,2,Road Condition,0,1,0,0,0,0,Low
2023,8,Monday,19,Punjab,Faisalabad,Urban Road,Under Repair,Clear,Daylight,Car/Taxi,1,Signal Violation,1,0,0,0,0,1,Low
2020,11,Sunday,19,Punjab,Rahim Yar Khan,Provincial Highway,Good,Clear,Daylight,Motorcycle,2,Over Speeding,1,1,0,1,4,0,High
2019,7,Saturday,12,Punjab,Faisalabad,Rural Road,Good,Clear,Daylight,Motorcycle,1,Over Speeding,1,1,0,0,11,1,High
2021,7,Thursday,7,Sindh,Dadu,Urban Road,Good,Extreme Heat,Daylight,Truck/Lorry,1,Over Speeding,1,0,0,0,0,0,Low
2020,2,Saturday,8,KPK,Mardan,Urban Road,Poor,Clear,Daylight,Truck/Lorry,1,Wrong Overtaking,1,1,0,1,0,0,Low
2019,9,Tuesday,7,Punjab,Faisalabad,Urban Road,Poor,Rainy,No Light,Motorcycle,2,Over Speeding,1,0,0,0,5,0,Medium
2022,9,Tuesday,3,KPK,Mansehra,Rural Road,Poor,Clear,Street Light,Motorcycle,2,Wrong Overtaking,0,0,1,0,3,1,Medium
2023,2,Sunday,19,KPK,Dera Ismail Khan,Provincial Highway,Average,Rainy,Dawn/Dusk,Motorcycle,2,Wrong Overtaking,1,1,0,1,8,0,High
2020,4,Sunday,22,KPK,Peshawar,National Highway,Good,Rainy,No Light,Car/Taxi,1,Pedestrian Error,0,1,1,0,4,0,Medium
2023,1,Monday,3,Sindh,Thatta,National Highway,Good,Foggy,No Light,Rickshaw,3,Road Condition,0,0,1,1,4,1,Medium
2021,9,Friday,3,Balochistan,Quetta,Provincial Highway,Good,Foggy,No Light,Truck/Lorry,2,Pedestrian Error,0,0,1,0,2,0,Medium
2019,2,Monday,21,Sindh,Dadu,Provincial Highway,Average,Foggy,No Light,Motorcycle,2,Signal Violation,0,0,0,1,1,0,Medium
2020,6,Thursday,14,Sindh,Larkana,Provincial Highway,Good,Extreme Heat,Street Light,Car/Taxi,2,Over Speeding,0,0,0,0,1,0,Low
2020,1,Thursday,8,Punjab,Rawalpindi,Provincial Highway,Poor,Rainy,Street Light,Motorcycle,2,Road Condition,1,0,0,1,4,1,High
2022,5,Tuesday,3,Punjab,Sargodha,Provincial Highway,Good,Rainy,No Light,Motorcycle,3,Over Speeding,0,0,1,0,11,3,High
2022,4,Tuesday,18,Punjab,Bahawalpur,National Highway,Good,Clear,Daylight,Motorcycle,4,Pedestrian Error,1,0,0,0,3,0,Medium
2023,10,Thursday,11,Sindh,Mirpur Khas,Rural Road,Average,Clear,Daylight,Rickshaw,1,Over Speeding,0,0,0,0,0,0,Low
2020,5,Monday,10,Punjab,Rawalpindi,Rural Road,Poor,Foggy,Dawn/Dusk,Truck/Lorry,2,Over Speeding,0,0,0,0,5,0,Medium
2020,9,Friday,21,Punjab,Multan,Urban Road,Average,Foggy,No Light,Motorcycle,3,Over Speeding,0,0,0,0,10,1,High
2020,11,Sunday,17,KPK,Dera Ismail Khan,Provincial Highway,Poor,Clear,Daylight,Motorcycle,3,Road Condition,1,1,0,1,5,0,Medium
2021,6,Thursday,9,Punjab,Sialkot,National Highway,Good,Foggy,Daylight,Car/Taxi,2,Weather Condition,1,0,0,0,0,0,Low
2020,4,Tuesday,13,Punjab,Gujranwala,Rural Road,Good,Extreme Heat,Dawn/Dusk,Motorcycle,3,Mechanical Failure,1,0,0,0,1,0,Low
2020,7,Saturday,14,Punjab,Multan,Provincial Highway,Good,Foggy,Daylight,Car/Taxi,3,Mechanical Failure,0,1,0,0,3,1,Medium
2021,3,Friday,16,KPK,Abbottabad,Rural Road,Good,Rainy,Daylight,Motorcycle,4,Wrong Overtaking,0,0,0,0,2,1,Medium
2019,12,Saturday,12,Punjab,Sialkot,National Highway,Good,Rainy,Dawn/Dusk,Motorcycle,1,Signal Violation,1,1,0,1,4,1,High
2020,1,Thursday,3,Sindh,Jacobabad,Rural Road,Average,Clear,No Light,Motorcycle,2,Mobile Phone Use,0,0,1,1,1,1,Medium
2022,12,Thursday,16,Sindh,Hyderabad,Urban Road,Good,Clear,Daylight,Motorcycle,2,Road Condition,0,0,0,1,0,0,Low
2022,4,Monday,15,KPK,Mansehra,Provincial Highway,Average,Foggy,Daylight,Truck/Lorry,1,Over Speeding,0,0,0,0,1,0,Medium
2023,8,Saturday,12,Sindh,Sukkur,Urban Road,Poor,Clear,Daylight,Bus/Coach,1,Road Condition,1,1,0,0,0,0,Low
2020,5,Wednesday,10,KPK,Dera Ismail Khan,Provincial Highway,Good,Clear,Dawn/Dusk,Motorcycle,1,Over Speeding,0,0,0,0,1,0,Medium
2021,4,Friday,21,Punjab,Bahawalpur,National Highway,Poor,Foggy,Street Light,Car/Taxi,1,Over Speeding,0,0,0,0,7,1,High
2020,8,Monday,20,Punjab,Faisalabad,Rural Road,Good,Rainy,No Light,Car/Taxi,2,Wrong Overtaking,1,0,0,0,1,0,Low
2022,12,Sunday,17,Punjab,Gujranwala,Rural Road,Good,Foggy,Daylight,Bus/Coach,2,Pedestrian Error,1,1,0,1,5,2,Medium
2022,8,Monday,23,Punjab,Bahawalpur,National Highway,Average,Clear,Street Light,Motorcycle,3,Over Speeding,0,0,1,0,3,1,High
2022,5,Friday,18,Punjab,Sheikhupura,National Highway,Poor,Clear,Daylight,Motorcycle,3,Wrong Overtaking,1,0,0,0,4,1,Medium
2019,6,Friday,6,Punjab,Sargodha,Rural Road,Good,Clear,Daylight,Car/Taxi,3,Pedestrian Error,0,0,0,0,2,0,Low
2020,3,Sunday,8,Sindh,Dadu,Rural Road,Good,Clear,Daylight,Car/Taxi,2,Over Speeding,1,1,0,0,4,0,Medium
2018,12,Tuesday,7,KPK,Bannu,Urban Road,Good,Clear,Daylight,Motorcycle,1,Signal Violation,1,0,0,1,0,0,Low
2020,1,Friday,8,Punjab,Bahawalpur,Provincial Highway,Poor,Clear,Dawn/Dusk,Car/Taxi,2,Pedestrian Error,1,0,0,1,1,0,Low
2019,6,Friday,16,KPK,Nowshera,Provincial Highway,Average,Clear,Daylight,Bicycle,3,Pedestrian Error,0,0,0,0,2,0,Low
2021,3,Saturday,11,Punjab,Sialkot,Provincial Highway,Average,Foggy,Daylight,Rickshaw,2,Over Speeding,0,1,0,0,4,0,Medium
2023,6,Sunday,21,Punjab,Rawalpindi,Rural Road,Under Repair,Clear,Street Light,Bus/Coach,3,Signal Violation,0,1,0,0,1,0,Low
2020,5,Saturday,11,Sindh,Thatta,Urban Road,Good,Rainy,Dawn/Dusk,Motorcycle,1,Road Condition,0,1,0,0,5,2,Medium
2023,2,Wednesday,11,Punjab,Rawalpindi,Rural Road,Good,Clear,Daylight,Van/Pickup,3,Pedestrian Error,0,0,0,1,2,0,Low
2020,6,Tuesday,14,Punjab,Sheikhupura,Rural Road,Average,Clear,Daylight,Car/Taxi,1,Driver Fatigue,0,0,0,0,2,1,Low
2021,5,Sunday,6,Punjab,Sheikhupura,Urban Road,Average,Clear,Daylight,Truck/Lorry,1,Driver Fatigue,0,1,0,0,2,0,Medium
2023,12,Thursday,7,Islamabad,Islamabad,National Highway,Average,Clear,Daylight,Truck/Lorry,2,Mobile Phone Use,1,0,0,1,1,0,Low
2022,12,Monday,14,KPK,Dera Ismail Khan,Provincial Highway,Good,Clear,No Light,Rickshaw,2,Signal Violation,0,0,0,1,2,1,Medium
2022,5,Friday,19,Punjab,Rahim Yar Khan,Urban Road,Good,Foggy,Street Light,Motorcycle,1,Road Condition,1,0,0,0,2,0,Low
2018,2,Wednesday,12,Balochistan,Sibi,Provincial Highway,Average,Clear,Daylight,Motorcycle,1,Wrong Overtaking,1,0,0,1,4,0,Medium
2023,5,Tuesday,11,KPK,Swat,Provincial Highway,Under Repair,Clear,Daylight,Truck/Lorry,2,Wrong Overtaking,0,0,0,0,1,0,Low
2021,8,Monday,8,Sindh,Dadu,Provincial Highway,Average,Clear,Daylight,Motorcycle,1,Mechanical Failure,1,0,0,0,5,2,Medium
2021,7,Monday,12,KPK,Mardan,National Highway,Good,Clear,Daylight,Motorcycle,1,Pedestrian Error,1,0,0,0,9,1,High
2023,11,Monday,14,Punjab,Lahore,Provincial Highway,Average,Clear,Daylight,Van/Pickup,2,Road Condition,0,0,0,1,2,0,Low
2023,8,Friday,19,Punjab,Bahawalpur,Motorway,Good,Rainy,Dawn/Dusk,Car/Taxi,2,Wrong Overtaking,1,0,0,0,1,1,Medium
2018,2,Friday,14,Sindh,Nawabshah,National Highway,Good,Clear,Dawn/Dusk,Motorcycle,1,Over Speeding,0,0,0,1,6,2,High
2021,3,Friday,12,Sindh,Kashmore,Provincial Highway,Good,Clear,Daylight,Motorcycle,1,Signal Violation,1,0,0,0,4,1,High
2021,10,Thursday,13,Sindh,Dadu,Motorway,Good,Clear,Daylight,Motorcycle,1,Pedestrian Error,1,0,0,0,5,0,Medium
2021,5,Sunday,1,Sindh,Dadu,Provincial Highway,Average,Clear,Street Light,Bus/Coach,2,Signal Violation,0,1,1,0,5,1,Medium
2020,1,Thursday,16,Islamabad,Islamabad,Rural Road,Average,Rainy,Daylight,Motorcycle,1,Over Speeding,0,0,0,1,11,0,High
2020,5,Friday,8,Balochistan,Khuzdar,National Highway,Under Repair,Rainy,Daylight,Rickshaw,2,Signal Violation,1,0,0,0,5,2,Medium
2023,10,Wednesday,10,Balochistan,Turbat,Provincial Highway,Average,Rainy,Dawn/Dusk,Motorcycle,2,Road Condition,0,0,0,0,5,1,Medium
2023,7,Wednesday,21,KPK,Nowshera,Urban Road,Good,Clear,Street Light,Car/Taxi,2,Signal Violation,0,0,0,0,2,0,Low
2018,8,Thursday,11,Islamabad,Islamabad,National Highway,Average,Rainy,Daylight,Motorcycle,1,Mechanical Failure,0,0,0,0,6,2,High
2020,5,Friday,13,Punjab,Gujranwala,Provincial Highway,Good,Rainy,Daylight,Car/Taxi,2,Signal Violation,1,0,0,0,0,0,Low
2022,12,Tuesday,15,Punjab,Rahim Yar Khan,Provincial Highway,Average,Dusty/Smoggy,Daylight,Car/Taxi,2,Over Speeding,0,0,0,1,3,0,Medium
2020,7,Sunday,20,Sindh,Nawabshah,Rural Road,Good,Clear,Street Light,Motorcycle,3,Driver Fatigue,1,1,0,0,7,1,High
2021,11,Wednesday,7,Balochistan,Hub,Urban Road,Average,Dusty/Smoggy,Daylight,Van/Pickup,2,Over Speeding,1,0,0,1,1,1,Low
2018,12,Thursday,7,Sindh,Larkana,Rural Road,Under Repair,Clear,Daylight,Car/Taxi,1,Over Speeding,1,0,0,1,0,0,Low
2023,8,Thursday,19,KPK,Peshawar,Motorway,Good,Clear,Dawn/Dusk,Bicycle,3,Pedestrian Error,1,0,0,0,2,0,Medium
2023,12,Tuesday,13,Punjab,Multan,Provincial Highway,Good,Rainy,Street Light,Motorcycle,2,Signal Violation,1,0,0,1,4,1,High
2021,3,Thursday,7,Punjab,Rahim Yar Khan,Provincial Highway,Poor,Foggy,Dawn/Dusk,Car/Taxi,4,Over Speeding,1,0,0,0,3,1,Medium
2023,3,Monday,12,KPK,Abbottabad,Urban Road,Good,Rainy,Daylight,Motorcycle,1,Road Condition,1,0,0,0,0,0,Low
2022,12,Sunday,20,Punjab,Rawalpindi,Rural Road,Average,Foggy,Street Light,Motorcycle,1,Road Condition,1,1,0,1,2,1,Medium
2021,12,Friday,23,Punjab,Gujranwala,National Highway,Average,Clear,No Light,Motorcycle,1,Pedestrian Error,0,0,1,1,3,4,High
2018,12,Tuesday,18,Punjab,Lahore,National Highway,Average,Dusty/Smoggy,Daylight,Motorcycle,4,Over Speeding,1,0,0,1,8,0,High
2023,4,Monday,13,Punjab,Sialkot,Rural Road,Average,Foggy,Daylight,Motorcycle,1,Driver Fatigue,1,0,0,0,11,1,High
2019,10,Monday,18,KPK,Mardan,Provincial Highway,Good,Clear,Daylight,Motorcycle,2,Wrong Overtaking,1,0,0,0,4,1,High
2019,1,Friday,10,Punjab,Lahore,Rural Road,Good,Dusty/Smoggy,Daylight,Truck/Lorry,2,Road Condition,0,0,0,1,0,0,Low
2023,6,Monday,7,Sindh,Thatta,Urban Road,Good,Clear,Daylight,Bicycle,4,Wrong Overtaking,1,0,0,0,2,0,Medium
2018,1,Friday,21,Punjab,Rahim Yar Khan,Rural Road,Good,Clear,No Light,Motorcycle,2,Signal Violation,0,0,0,1,3,0,Medium
2021,5,Tuesday,13,KPK,Abbottabad,Provincial Highway,Poor,Clear,Dawn/Dusk,Motorcycle,2,Mechanical Failure,1,0,0,0,5,1,Medium
2019,4,Tuesday,12,Punjab,Sialkot,National Highway,Good,Foggy,Daylight,Bus/Coach,1,Over Speeding,1,0,0,0,7,1,High
2023,7,Tuesday,10,Sindh,Hyderabad,Urban Road,Average,Clear,Daylight,Motorcycle,1,Over Speeding,0,0,0,0,2,0,Medium
2022,3,Monday,10,KPK,Kohat,Provincial Highway,Good,Clear,Daylight,Motorcycle,3,Over Speeding,0,0,0,0,6,3,High
2022,7,Sunday,18,Punjab,Sheikhupura,Motorway,Poor,Clear,Dawn/Dusk,Car/Taxi,2,Road Condition,1,1,0,0,2,0,Medium
2020,12,Saturday,21,Balochistan,Loralai,National Highway,Poor,Clear,Street Light,Truck/Lorry,1,Wrong Overtaking,0,1,0,1,1,1,Medium
2022,10,Saturday,7,Sindh,Larkana,Urban Road,Average,Clear,Daylight,Bus/Coach,2,Wrong Overtaking,1,1,0,0,0,0,Low
2023,12,Friday,6,Sindh,Sukkur,Provincial Highway,Under Repair,Rainy,Daylight,Motorcycle,4,Wrong Overtaking,0,0,0,1,3,1,High
2021,9,Tuesday,8,Punjab,Sheikhupura,Provincial Highway,Poor,Rainy,Daylight,Bus/Coach,2,Wrong Overtaking,1,0,0,0,5,0,Medium
2019,1,Friday,16,Islamabad,Islamabad,National Highway,Average,Dusty/Smoggy,Daylight,Truck/Lorry,3,Over Speeding,0,0,0,1,2,4,High