year,month,day_of_week,hour_of_day,province,district,road_type,road_condition,weather_condition,lighting_condition,vehicle_type,vehicles_involved,accident_cause,is_rush_hour,is_weekend,is_night,is_foggy_month,num_injured,num_killed,severity
2022,9,Wednesday,22,KPK,Swat,Rural Road,Under Repair,Rainy,No Light,Van/Pickup,1,Over Speeding,0,0,1,0,1,1,Medium
2019,6,Saturday,16,Punjab,Gujranwala,Rural Road,Good,Clear,Daylight,Motorcycle,3,Over Speeding,0,1,0,0,6,0,High
2019,11,Tuesday,14,Punjab,Sialkot,Provincial Highway,Good,Clear,Daylight,Van/Pickup,1,Mobile Phone Use,0,0,0,1,1,0,Low
2023,12,Saturday,19,KPK,Dera Ismail Khan,National Highway,Poor,Foggy,No Light,Motorcycle,2,Pedestrian Error,1,1,0,1,1,0,Medium
2020,5,Sunday,5,KPK,Kohat,Urban Road,Average,Clear,Daylight,Bus/Coach,2,Over Speeding,0,1,1,0,11,3,High
2022,4,Sunday,7,KPK,Bannu,National Highway,Average,Clear,Daylight,Bus/Coach,4,Signal Violation,1,1,0,0,8,0,High
2018,7,Thursday,8,Sindh,Karachi,National Highway,Poor,Clear,Daylight,Rickshaw,1,Wrong Overtaking,1,0,0,0,2,0,Low
2021,12,Friday,17,KPK,Mansehra,Rural Road,Average,Clear,Daylight,Van/Pickup,2,Over Speeding,1,0,0,1,2,0,Low
2023,9,Monday,12,Punjab,Multan,National Highway,Average,Clear,Daylight,Motorcycle,2,Wrong Overtaking,1,0,0,0,1,1,Medium
2023,12,Wednesday,18,Punjab,Multan,Rural Road,Poor,Foggy,Daylight,Rickshaw,3,Wrong Overtaking,1,0,0,1,5,2,Medium
2023,10,Wednesday,11,Sindh,Sukkur,Urban Road,Average,Clear,No Light,Car/Taxi,2,Over Speeding,0,0,0,0,2,0,Low
2019,6,Thursday,18,AJK,Mirpur,National Highway,Average,Clear,Daylight,Van/Pickup,2,Over Speeding,1,0,0,0,2,0,High
2018,5,Sunday,12,Punjab,Gujranwala,National Highway,Good,Clear,Dawn/Dusk,Motorcycle,3,Mobile Phone Use,1,1,0,0,9,1,High
2022,7,Sunday,22,Sindh,Thatta,Motorway,Under Repair,Clear,Street Light,Motorcycle,3,Wrong Overtaking,0,1,1,0,5,3,High
2021,8,Saturday,15,KPK,Swat,Urban Road,Good,Clear,Daylight,Car/Taxi,2,Over Speeding,0,1,0,0,2,0,Low
2021,12,Saturday,23,Sindh,Jacobabad,Provincial Highway,Average,Clear,Street Light,Bus/Coach,1,Over Speeding,0,1,1,1,5,2,High
2022,12,Wednesday,20,Balochistan,Chaman,Motorway,Good,Dusty/Smoggy,No Light,Motorcycle,4,Signal Violation,1,0,0,1,3,1,Medium
2022,4,Thursday,18,KPK,Kohat,National Highway,Poor,Clear,Daylight,Car/Taxi,2,Pedestrian Error,1,0,0,0,2,0,Low
2019,12,Friday,16,Punjab,Rahim Yar Khan,Provincial Highway,Poor,Rainy,Dawn/Dusk,Van/Pickup,2,Over Speeding,0,0,0,1,3,1,High
2021,2,Wednesday,9,Gilgit-Baltistan,Gilgit,Rural Road,Average,Clear,Street Light,Rickshaw,1,Driver Fatigue,1,0,0,1,2,1,Low
2023,12,Thursday,11,KPK,Charsadda,Motorway,Average,Clear,Daylight,Motorcycle,2,Road Condition,0,0,0,1,4,0,Medium
2020,1,Tuesday,9,Balochistan,Dera Bugti,Rural Road,Under Repair,Rainy,Daylight,Car/Taxi,3,Wrong Overtaking,1,0,0,1,2,0,Medium
2019,6,Sunday,7,Sindh,Sukkur,Urban Road,Poor,Clear,Daylight,Motorcycle,2,Road Condition,1,1,0,0,2,1,Low
2021,7,Tuesday,9,Balochistan,Gwadar,National Highway,Good,Foggy,Dawn/Dusk,Rickshaw,1,Road Condition,1,0,0,0,3,0,Medium
2021,2,Wednesday,9,Punjab,Rahim Yar Khan,Provincial Highway,Poor,Clear,No Light,Rickshaw,2,Wrong Overtaking,1,0,0,1,2,0,Low
2018,11,Wednesday,2,Punjab,Sargodha,Urban Road,Good,Extreme Heat,No Light,Rickshaw,2,Mobile Phone Use,0,0,1,1,1,0,Low
2019,12,Saturday,0,Balochistan,Sibi,Rural Road,Good,Clear,Street Light,Van/Pickup,2,Signal Violation,0,1,1,1,2,0,Low
2020,7,Sunday,3,Punjab,Multan,Urban Road,Good,Clear,Street Light,Motorcycle,2,Mechanical Failure,0,1,1,0,2,0,Low
2020,12,Thursday,8,Punjab,Multan,Rural Road,Average,Extreme Heat,Daylight,Car/Taxi,3,Wrong Overtaking,1,0,0,1,2,0,Low
2023,11,Friday,16,KPK,Mansehra,Urban Road,Poor,Foggy,Daylight,Truck/Lorry,4,Wrong Overtaking,0,0,0,1,0,0,Low
2021,8,Sunday,10,KPK,Bannu,National Highway,Under Repair,Dusty/Smoggy,Daylight,Motorcycle,2,Over Speeding,0,1,0,0,9,1,High
2023,11,Saturday,13,Punjab,Multan,Urban Road,Poor,Clear,Street Light,Truck/Lorry,1,Over Speeding,1,1,0,1,2,0,Low
2022,9,Friday,19,Balochistan,Dera Bugti,Urban Road,Poor,Clear,Dawn/Dusk,Car/Taxi,1,Road Condition,1,0,0,0,2,0,Low
2018,5,Monday,18,KPK,Charsadda,Provincial Highway,Under Repair,Clear,Daylight,Rickshaw,1,Wrong Overtaking,1,0,0,0,1,0,Low
2019,12,Friday,19,Sindh,Sukkur,Rural Road,Good,Dusty/Smoggy,No Light,Motorcycle,1,Signal Violation,1,0,0,1,1,0,Medium
2021,10,Monday,7,KPK,Mardan,Rural Road,Average,Extreme Heat,Daylight,Van/Pickup,1,Weather Condition,1,0,0,0,1,0,Low
2022,3,Sunday,23,Punjab,Multan,Urban Road,Good,Clear,Street Light,Van/Pickup,2,Pedestrian Error,0,1,1,0,0,1,Low
2020,1,Friday,7,Punjab,Multan,Provincial Highway,Average,Clear,Daylight,Car/Taxi,2,Wrong Overtaking,1,0,0,1,2,0,Medium
2021,2,Friday,11,Punjab,Sargodha,Provincial Highway,Under Repair,Clear,Daylight,Bus/Coach,1,Driver Fatigue,0,0,0,1,3,0,Medium
2022,2,Tuesday,19,Sindh,Jacobabad,National Highway,Average,Foggy,No Light,Truck/Lorry,2,Signal Violation,1,0,0,1,2,2,Medium
2022,8,Tuesday,14,Sindh,Dadu,Rural Road,Good,Dusty/Smoggy,Daylight,Bus/Coach,1,Driver Fatigue,0,0,0,0,0,1,Low
2020,8,Sunday,8,KPK,Dera Ismail Khan,Urban Road,Good,Dusty/Smoggy,Daylight,Van/Pickup,1,Wrong Overtaking,1,1,0,0,2,0,Low
2020,12,Saturday,18,KPK,Mardan,Urban Road,Good,Clear,Daylight,Car/Taxi,3,Road Condition,1,1,0,1,1,0,Low
2022,9,Saturday,12,Sindh,Larkana,National Highway,Average,Clear,Daylight,Bicycle,1,Driver Fatigue,1,1,0,0,8,2,High
2023,11,Monday,12,KPK,Abbottabad,Urban Road,Average,Clear,Daylight,Rickshaw,2,Road Condition,1,0,0,1,2,0,Low
2019,10,Tuesday,10,Punjab,Rawalpindi,Motorway,Average,Clear,Daylight,Motorcycle,4,Signal Violation,0,0,0,0,2,1,High
2023,6,Saturday,14,Punjab,Sargodha,Provincial Highway,Good,Foggy,Daylight,Motorcycle,2,Over Speeding,0,1,0,0,5,1,High
2018,1,Sunday,16,Balochistan,Dera Bugti,Urban Road,Average,Clear,No Light,Motorcycle,1,Over Speeding,0,1,0,1,3,0,Medium
2019,10,Wednesday,19,Punjab,Sialkot,Rural Road,Good,Clear,Dawn/Dusk,Truck/Lorry,2,Wrong Overtaking,1,0,0,0,2,0,Low
2018,11,Thursday,21,Punjab,Rawalpindi,Rural Road,Good,Foggy,Street Light,Truck/Lorry,1,Over Speeding,0,0,0,1,3,0,Medium
2021,2,Tuesday,15,KPK,Charsadda,National Highway,Average,Extreme Heat,Daylight,Motorcycle,1,Over Speeding,0,0,0,1,8,2,High
2020,8,Monday,21,Punjab,Bahawalpur,Rural Road,Average,Clear,Street Light,Rickshaw,2,Drunk Driving,0,0,0,0,1,0,Low
2023,5,Saturday,22,Balochistan,Loralai,Urban Road,Under Repair,Clear,Street Light,Rickshaw,2,Over Speeding,0,1,1,0,1,0,Low
2021,1,Sunday,10,Punjab,Sheikhupura,Provincial Highway,Good,Clear,Daylight,Van/Pickup,2,Drunk Driving,0,1,0,1,2,0,Low
2022,8,Monday,14,Punjab,Rawalpindi,Urban Road,Average,Clear,Street Light,Truck/Lorry,1,Drunk Driving,0,0,0,0,2,0,Medium
2019,2,Wednesday,19,Punjab,Gujranwala,Provincial Highway,Under Repair,Foggy,Dawn/Dusk,Rickshaw,4,Driver Fatigue,1,0,0,1,8,0,High
2019,7,Wednesday,6,Sindh,Nawabshah,Provincial Highway,Under Repair,Foggy,Dawn/Dusk,Rickshaw,3,Over Speeding,0,0,0,0,4,1,Medium
2023,6,Thursday,14,Punjab,Sheikhupura,Urban Road,Good,Clear,No Light,Motorcycle,2,Road Condition,0,0,0,0,2,1,Medium
2023,1,Friday,15,Sindh,Larkana,Rural Road,Under Repair,Clear,Daylight,Car/Taxi,3,Over Speeding,0,0,0,1,2,1,Medium
2023,3,Friday,13,Balochistan,Hub,Provincial Highway,Poor,Rainy,Daylight,Car/Taxi,2,Over Speeding,1,0,0,0,1,0,Medium
2023,6,Sunday,7,Balochistan,Sibi,National Highway,Good,Clear,Daylight,Motorcycle,3,Over Speeding,1,1,0,0,4,1,High
2021,11,Monday,11,Punjab,Multan,Urban Road,Under Repair,Foggy,Daylight,Car/Taxi,3,Over Speeding,0,0,0,1,2,0,Medium
2018,6,Monday,21,Sindh,Hyderabad,Motorway,Poor,Clear,No Light,Car/Taxi,1,Signal Violation,0,0,0,0,1,0,Medium
2023,10,Tuesday,9,Sindh,Dadu,National Highway,Average,Clear,Dawn/Dusk,Motorcycle,2,Signal Violation,1,0,0,0,4,0,Medium
2023,3,Wednesday,11,Islamabad,Islamabad,National Highway,Good,Clear,Daylight,Truck/Lorry,1,Driver Fatigue,0,0,0,0,2,2,Medium
2020,2,Thursday,23,Gilgit-Baltistan,Hunza,Provincial Highway,Average,Foggy,No Light,Motorcycle,2,Driver Fatigue,0,0,1,1,11,2,High
2020,1,Sunday,13,Punjab,Rawalpindi,Provincial Highway,Average,Foggy,Daylight,Truck/Lorry,1,Mechanical Failure,1,1,0,1,1,0,Low
2019,3,Friday,19,KPK,Mansehra,Provincial Highway,Poor,Extreme Heat,No Light,Motorcycle,2,Over Speeding,1,0,0,0,3,0,Medium
2018,12,Thursday,20,Punjab,Sheikhupura,Provincial Highway,Under Repair,Extreme Heat,Street Light,Motorcycle,1,Over Speeding,1,0,0,1,2,1,Medium
2023,12,Sunday,8,Punjab,Rawalpindi,Rural Road,Good,Clear,Street Light,Rickshaw,1,Signal Violation,1,1,0,1,0,0,Low
2023,1,Saturday,11,Punjab,Bahawalpur,National Highway,Average,Extreme Heat,No Light,Motorcycle,1,Pedestrian Error,0,1,0,1,5,0,High
2023,12,Saturday,17,Sindh,Dadu,National Highway,Average,Rainy,Daylight,Motorcycle,3,Driver Fatigue,1,1,0,1,4,3,High
2020,1,Tuesday,9,Sindh,Sukkur,National Highway,Average,Foggy,Daylight,Motorcycle,2,Over Speeding,1,0,0,1,10,2,High
2020,8,Wednesday,12,Punjab,Rawalpindi,National Highway,Poor,Dusty/Smoggy,Daylight,Motorcycle,2,Road Condition,1,0,0,0,2,0,Medium
2019,6,Saturday,16,KPK,Swat,Rural Road,Average,Rainy,Daylight,Motorcycle,2,Signal Violation,0,1,0,0,5,1,Medium
2018,3,Monday,20,Punjab,Lahore,Provincial Highway,Poor,Clear,Street Light,Car/Taxi,2,Road Condition,1,0,0,0,0,0,Low
2022,7,Thursday,11,Sindh,Hyderabad,Rural Road,Average,Rainy,No Light,Motorcycle,4,Over Speeding,0,0,0,0,11,1,High
2019,3,Wednesday,10,Punjab,Lahore,Urban Road,Good,Rainy,Daylight,Motorcycle,3,Over Speeding,0,0,0,0,2,2,High
2022,11,Monday,14,Punjab,Rawalpindi,Provincial Highway,Poor,Clear,Daylight,Car/Taxi,2,Drunk Driving,0,0,0,1,4,1,Medium
2020,1,Tuesday,4,Punjab,Sialkot,National Highway,Average,Clear,No Light,Car/Taxi,1,Wrong Overtaking,0,0,1,1,2,0,Medium
2022,1,Saturday,18,Punjab,Bahawalpur,National Highway,Average,Clear,Daylight,Motorcycle,2,Over Speeding,1,1,0,1,7,1,High
2022,8,Monday,18,Sindh,Mirpur Khas,Urban Road,Average,Extreme Heat,Daylight,Car/Taxi,2,Signal Violation,1,0,0,0,2,0,Low
2019,5,Tuesday,8,Punjab,Bahawalpur,National Highway,Good,Foggy,Daylight,Car/Taxi,1,Wrong Overtaking,1,0,0,0,3,2,Medium
2020,10,Sunday,7,Sindh,Nawabshah,Provincial Highway,Average,Rainy,Daylight,Car/Taxi,2,Wrong Overtaking,1,1,0,0,2,0,Medium
2021,6,Thursday,19,Punjab,Lahore,Rural Road,Average,Foggy,Dawn/Dusk,Motorcycle,2,Over Speeding,1,0,0,0,10,1,High
2018,11,Sunday,23,KPK,Abbottabad,National Highway,Average,Rainy,Street Light,Car/Taxi,2,Signal Violation,0,1,1,1,3,0,Medium
2019,3,Sunday,21,KPK,Mardan,Urban Road,Average,Clear,Street Light,Motorcycle,1,Over Speeding,0,1,0,0,1,0,Medium
2022,10,Friday,12,Punjab,Sialkot,National Highway,Good,Clear,Street Light,Motorcycle,2,Over Speeding,1,0,0,0,3,1,High
2021,9,Wednesday,14,Sindh,Thatta,National Highway,Good,Clear,Daylight,Car/Taxi,2,Over Speeding,0,0,0,0,8,2,High
2020,6,Wednesday,0,Punjab,Sialkot,Urban Road,Good,Clear,No Light,Car/Taxi,2,Drunk Driving,0,0,1,0,1,0,Low
2023,1,Saturday,11,Sindh,Larkana,National Highway,Average,Dusty/Smoggy,Daylight,Bus/Coach,2,Signal Violation,0,1,0,1,1,1,Medium
2022,8,Tuesday,23,Punjab,Multan,Provincial Highway,Under Repair,Dusty/Smoggy,No Light,Van/Pickup,1,Over Speeding,0,0,1,0,5,2,High
2022,4,Thursday,14,Sindh,Dadu,Provincial Highway,Average,Clear,Daylight,Motorcycle,2,Driver Fatigue,0,0,0,0,5,0,High
2021,5,Saturday,15,Sindh,Karachi,Provincial Highway,Average,Foggy,No Light,Rickshaw,4,Pedestrian Error,0,1,0,0,5,0,Medium
2022,8,Saturday,14,Islamabad,Islamabad,Provincial Highway,Poor,Clear,Street Light,Car/Taxi,1,Over Speeding,0,1,0,0,3,0,Medium
2018,6,Monday,1,Sindh,Hyderabad,National Highway,Average,Foggy,Street Light,Car/Taxi,2,Driver Fatigue,0,0,1,0,6,0,High
2023,1,Tuesday,8,Sindh,Larkana,Rural Road,Average,Extreme Heat,Street Light,Car/Taxi,2,Over Speeding,1,0,0,1,3,1,Medium
2023,10,Wednesday,5,Punjab,Rawalpindi,National Highway,Good,Foggy,Street Light,Bus/Coach,3,Wrong Overtaking,0,0,1,0,4,1,High
2020,11,Wednesday,9,Islamabad,Islamabad,Rural Road,Under Repair,Clear,Dawn/Dusk,Motorcycle,3,Wrong Overtaking,1,0,0,1,5,0,Medium
2021,9,Tuesday,18,KPK,Bannu,Rural Road,Average,Foggy,Dawn/Dusk,Motorcycle,2,Wrong Overtaking,1,0,0,0,5,0,Medium
2020,8,Saturday,22,Punjab,Gujranwala,Rural Road,Good,Clear,Street Light,Motorcycle,1,Driver Fatigue,0,1,1,0,5,0,High
2019,10,Saturday,19,Balochistan,Chaman,National Highway,Good,Foggy,Dawn/Dusk,Car/Taxi,2,Signal Violation,1,1,0,0,3,1,Medium
2022,7,Tuesday,11,Sindh,Larkana,Rural Road,Good,Clear,Street Light,Motorcycle,3,Over Speeding,0,0,0,0,3,2,Medium
2022,4,Friday,4,KPK,Swat,Provincial Highway,Under Repair,Rainy,Street Light,Truck/Lorry,3,Driver Fatigue,0,0,1,0,8,0,High
2023,10,Saturday,0,KPK,Dera Ismail Khan,Urban Road,Poor,Dusty/Smoggy,No Light,Motorcycle,2,Drunk Driving,0,1,1,0,8,1,High
2019,6,Wednesday,10,Punjab,Rawalpindi,Rural Road,Good,Dusty/Smoggy,Daylight,Van/Pickup,1,Mechanical Failure,0,0,0,0,2,1,Low
2020,9,Wednesday,3,KPK,Bannu,National Highway,Good,Clear,Street Light,Truck/Lorry,2,Mechanical Failure,0,0,1,0,4,0,High
2022,12,Sunday,12,Punjab,Rahim Yar Khan,National Highway,Average,Foggy,Street Light,Truck/Lorry,1,Wrong Overtaking,1,1,0,1,2,1,High
2019,8,Thursday,20,Punjab,Faisalabad,National Highway,Average,Clear,No Light,Motorcycle,3,Over Speeding,1,0,0,0,5,0,High
2023,6,Monday,5,Punjab,Rawalpindi,Urban Road,Poor,Clear,No Light,Rickshaw,1,Pedestrian Error,0,0,1,0,2,0,Low
2021,5,Saturday,18,KPK,Abbottabad,Rural Road,Under Repair,Clear,Daylight,Motorcycle,3,Over Speeding,1,1,0,0,7,2,High
2022,9,Saturday,10,Punjab,Rawalpindi,Rural Road,Poor,Extreme Heat,Daylight,Motorcycle,1,Mechanical Failure,0,1,0,0,0,0,Low
2020,5,Sunday,11,Punjab,Multan,Rural Road,Good,Foggy,Daylight,Truck/Lorry,4,Mechanical Failure,0,1,0,0,0,0,Low
2022,7,Monday,4,KPK,Kohat,Urban Road,Average,Clear,No Light,Truck/Lorry,3,Wrong Overtaking,0,0,1,0,4,1,Medium
2019,1,Monday,11,Punjab,Sialkot,Urban Road,Good,Foggy,Daylight,Car/Taxi,2,Drunk Driving,0,0,0,1,1,0,Medium
2022,1,Saturday,7,Punjab,Gujranwala,National Highway,Good,Clear,Daylight,Motorcycle,4,Driver Fatigue,1,1,0,1,11,1,High
2023,12,Saturday,20,Punjab,Sheikhupura,Urban Road,Average,Foggy,Street Light,Motorcycle,1,Road Condition,1,1,0,1,4,0,Medium
2019,4,Tuesday,15,Punjab,Sargodha,Provincial Highway,Poor,Clear,Dawn/Dusk,Car/Taxi,2,Over Speeding,0,0,0,0,3,0,Medium
2023,11,Monday,18,Sindh,Jacobabad,National Highway,Average,Clear,Daylight,Bicycle,2,Wrong Overtaking,1,0,0,1,6,2,High
2020,5,Friday,19,Punjab,Sargodha,National Highway,Under Repair,Foggy,Daylight,Truck/Lorry,2,Over Speeding,1,0,0,0,8,1,High
2018,6,Monday,8,AJK,Muzaffarabad,Rural Road,Poor,Clear,Dawn/Dusk,Rickshaw,3,Pedestrian Error,1,0,0,0,0,0,Low
2022,7,Sunday,8,KPK,Nowshera,Urban Road,Good,Clear,Daylight,Motorcycle,3,Mechanical Failure,1,1,0,0,4,0,Medium
2022,3,Monday,18,Punjab,Faisalabad,Urban Road,Poor,Clear,Daylight,Rickshaw,2,Mechanical Failure,1,0,0,0,1,0,Low
2020,1,Wednesday,2,Punjab,Bahawalpur,National Highway,Under Repair,Clear,Street Light,Rickshaw,1,Over Speeding,0,0,1,1,6,3,High
2019,1,Friday,12,Sindh,Kashmore,Urban Road,Average,Foggy,Street Light,Motorcycle,1,Wrong Overtaking,1,0,0,1,2,0,Medium
2021,3,Tuesday,19,Sindh,Karachi,National Highway,Average,Dusty/Smoggy,Daylight,Rickshaw,2,Signal Violation,1,0,0,0,5,1,Medium
2019,1,Thursday,12,Punjab,Sialkot,Provincial Highway,Good,Clear,Daylight,Car/Taxi,2,Wrong Overtaking,1,0,0,1,1,1,Medium
2023,10,Thursday,13,Punjab,Rawalpindi,National Highway,Good,Clear,Daylight,Rickshaw,3,Driver Fatigue,1,0,0,0,5,1,Medium
2023,8,Sunday,7,Balochistan,Zhob,National Highway,Average,Clear,Street Light,Car/Taxi,2,Driver Fatigue,1,1,0,0,2,1,Medium
2022,9,Wednesday,20,Punjab,Sialkot,Rural Road,Average,Foggy,Street Light,Truck/Lorry,2,Over Speeding,1,0,0,0,3,1,Medium
2019,7,Sunday,19,Punjab,Bahawalpur,Urban Road,Average,Extreme Heat,Dawn/Dusk,Bus/Coach,1,Over Speeding,1,1,0,0,2,0,Low
2021,10,Wednesday,12,Balochistan,Gwadar,Rural Road,Average,Rainy,Daylight,Car/Taxi,2,Signal Violation,1,0,0,0,0,0,Low
2022,3,Tuesday,16,KPK,Abbottabad,Rural Road,Good,Rainy,Daylight,Rickshaw,4,Pedestrian Error,0,0,0,0,2,1,Low
2018,2,Wednesday,7,Punjab,Faisalabad,Provincial Highway,Good,Rainy,Daylight,Bus/Coach,2,Driver Fatigue,1,0,0,1,2,0,Medium
2022,12,Sunday,8,KPK,Mansehra,Urban Road,Poor,Rainy,Daylight,Car/Taxi,2,Mechanical Failure,1,1,0,1,0,0,Low
2018,11,Saturday,17,Punjab,Rawalpindi,Urban Road,Good,Clear,Daylight,Car/Taxi,2,Mobile Phone Use,1,1,0,1,1,0,Low
2018,1,Tuesday,10,KPK,Swat,National Highway,Good,Clear,Daylight,Car/Taxi,2,Road Condition,0,0,0,1,3,0,Medium
2020,5,Monday,6,Sindh,Dadu,Urban Road,Poor,Clear,Daylight,Motorcycle,1,Over Speeding,0,0,0,0,1,2,Medium
2019,2,Sunday,11,KPK,Nowshera,Rural Road,Poor,Foggy,Daylight,Bus/Coach,4,Signal Violation,0,1,0,1,1,0,Medium
2023,11,Sunday,13,Islamabad,Islamabad,Urban Road,Average,Clear,Daylight,Van/Pickup,2,Wrong Overtaking,1,1,0,1,1,0,Low
2023,10,Friday,18,Islamabad,Islamabad,Provincial Highway,Average,Rainy,Dawn/Dusk,Car/Taxi,1,Pedestrian Error,1,0,0,0,2,0,Medium
2019,12,Sunday,19,Balochistan,Quetta,Urban Road,Poor,Clear,Street Light,Truck/Lorry,1,Mechanical Failure,1,1,0,1,2,0,Low
2020,7,Tuesday,17,Sindh,Larkana,Urban Road,Poor,Clear,Daylight,Motorcycle,2,Over Speeding,1,0,0,0,3,0,Medium
2020,2,Thursday,21,Punjab,Bahawalpur,Rural Road,Poor,Clear,No Light,Car/Taxi,2,Wrong Overtaking,0,0,0,1,0,0,Low
2020,1,Friday,18,Sindh,Kashmore,National Highway,Good,Dusty/Smoggy,Daylight,Motorcycle,2,Over Speeding,1,0,0,1,7,2,High
2022,10,Thursday,19,KPK,Swat,National Highway,Poor,Rainy,Daylight,Motorcycle,1,Over Speeding,1,0,0,0,4,0,High
2020,12,Wednesday,11,Balochistan,Quetta,Provincial Highway,Average,Clear,Daylight,Car/Taxi,2,Signal Violation,0,0,0,1,0,0,Low
2020,9,Saturday,2,Punjab,Rahim Yar Khan,Urban Road,Average,Foggy,No Light,Motorcycle,3,Over Speeding,0,1,1,0,11,1,High
2021,6,Tuesday,7,Balochistan,Turbat,National Highway,Poor,Foggy,Daylight,Bus/Coach,3,Mechanical Failure,1,0,0,0,5,1,High
2021,10,Friday,9,KPK,Kohat,National Highway,Average,Rainy,Dawn/Dusk,Bicycle,1,Over Speeding,1,0,0,0,11,0,High
2023,2,Thursday,6,AJK,Mirpur,National Highway,Average,Clear,Daylight,Car/Taxi,3,Road Condition,0,0,0,1,5,1,Medium
2021,12,Wednesday,22,Balochistan,Quetta,Rural Road,Good,Clear,Street Light,Van/Pickup,3,Signal Violation,0,0,1,1,1,0,Low
2022,3,Thursday,8,Punjab,Gujranwala,Urban Road,Under Repair,Clear,Daylight,Motorcycle,1,Wrong Overtaking,1,0,0,0,3,0,Medium
2021,1,Monday,20,Punjab,Bahawalpur,Urban Road,Under Repair,Clear,No Light,Truck/Lorry,2,Road Condition,1,0,0,1,0,0,Low
2020,1,Tuesday,23,Punjab,Bahawalpur,Provincial Highway,Good,Extreme Heat,Street Light,Motorcycle,2,Over Speeding,0,0,1,1,10,1,High
2022,6,Sunday,16,Punjab,Faisalabad,Provincial Highway,Average,Clear,Daylight,Car/Taxi,3,Over Speeding,0,1,0,0,2,0,Low
2023,6,Tuesday,20,Sindh,Dadu,Provincial Highway,Good,Foggy,Street Light,Car/Taxi,1,Over Speeding,1,0,0,0,3,0,Medium
2023,7,Wednesday,8,KPK,Mardan,Rural Road,Poor,Foggy,Daylight,Bicycle,2,Mobile Phone Use,1,0,0,0,4,2,Medium
2021,8,Friday,7,Balochistan,Gwadar,Urban Road,Under Repair,Foggy,Daylight,Van/Pickup,3,Over Speeding,1,0,0,0,0,0,Low
2021,4,Thursday,16,Sindh,Kashmore,Urban Road,Poor,Extreme Heat,Dawn/Dusk,Motorcycle,1,Over Speeding,0,0,0,0,3,0,Medium
2021,5,Sunday,1,Punjab,Multan,National Highway,Good,Clear,No Light,Car/Taxi,1,Road Condition,0,1,1,0,1,0,Medium
2020,10,Tuesday,6,Punjab,Multan,Provincial Highway,Good,Clear,Dawn/Dusk,Bus/Coach,4,Over Speeding,0,0,0,0,1,1,Medium
2018,11,Wednesday,22,Punjab,Sargodha,Urban Road,Good,Clear,No Light,Car/Taxi,4,Wrong Overtaking,0,0,1,1,2,0,Medium
2019,7,Sunday,19,Punjab,Bahawalpur,Provincial Highway,Under Repair,Foggy,No Light,Bus/Coach,2,Signal Violation,1,1,0,0,2,0,Medium
2023,12,Thursday,16,Sindh,Thatta,Provincial Highway,Poor,Clear,Daylight,Rickshaw,3,Mechanical Failure,0,0,0,1,0,0,Low
2020,12,Saturday,18,Punjab,Multan,Rural Road,Good,Clear,Daylight,Motorcycle,2,Wrong Overtaking,1,1,0,1,1,0,Medium
2021,6,Tuesday,17,Punjab,Multan,National Highway,Poor,Extreme Heat,Daylight,Other,2,Over Speeding,1,0,0,0,8,0,High
2022,4,Monday,13,Punjab,Sialkot,Rural Road,Good,Clear,Daylight,Car/Taxi,2,Wrong Overtaking,1,0,0,0,1,0,Low
2022,11,Thursday,19,Sindh,Dadu,Urban Road,Good,Clear,Dawn/Dusk,Car/Taxi,2,Pedestrian Error,1,0,0,1,2,0,Low
2021,7,Friday,8,Sindh,Mirpur Khas,Provincial Highway,Under Repair,Clear,Daylight,Car/Taxi,3,Mechanical Failure,1,0,0,0,2,0,Low
2018,8,Tuesday,8,Sindh,Hyderabad,Urban Road,Average,Extreme Heat,Dawn/Dusk,Motorcycle,2,Over Speeding,1,0,0,0,5,2,Medium
2021,1,Monday,20,Sindh,Dadu,Urban Road,Good,Rainy,Street Light,Bicycle,1,Wrong Overtaking,1,0,0,1,3,0,Medium
2021,2,Wednesday,9,Islamabad,Islamabad,Rural Road,Average,Extreme Heat,Daylight,Rickshaw,4,Road Condition,1,0,0,1,2,0,Low
2023,12,Sunday,12,Punjab,Sheikhupura,Rural Road,Poor,Clear,Daylight,Motorcycle,2,Pedestrian Error,1,1,0,1,1,0,Low
2022,8,Thursday,10,Sindh,Karachi,Urban Road,Good,Clear,Dawn/Dusk,Bus/Coach,1,Over Speeding,0,0,0,0,1,0,Medium
2022,12,Saturday,15,KPK,Bannu,National Highway,Good,Rainy,Daylight,Motorcycle,1,Mechanical Failure,0,1,0,1,11,4,High
2023,8,Monday,14,Sindh,Jacobabad,Urban Road,Good,Extreme Heat,Daylight,Motorcycle,3,Wrong Overtaking,0,0,0,0,2,0,Low
2020,4,Sunday,12,Islamabad,Islamabad,Provincial Highway,Good,Clear,Daylight,Motorcycle,2,Mechanical Failure,1,1,0,0,0,0,Low
2020,8,Tuesday,13,Punjab,Lahore,Urban Road,Under Repair,Foggy,Dawn/Dusk,Motorcycle,2,Drunk Driving,1,0,0,0,4,0,High
2018,12,Friday,14,Sindh,Hyderabad,Urban Road,Average,Clear,Daylight,Van/Pickup,2,Signal Violation,0,0,0,1,1,0,Low
2021,5,Saturday,19,Punjab,Faisalabad,Urban Road,Average,Clear,Daylight,Car/Taxi,2,Drunk Driving,1,1,0,0,4,0,Medium
2023,1,Wednesday,14,Sindh,Thatta,Provincial Highway,Poor,Clear,Daylight,Motorcycle,2,Over Speeding,0,0,0,1,4,2,High
2022,2,Friday,20,Punjab,Lahore,Provincial Highway,Average,Clear,Street Light,Car/Taxi,1,Wrong Overtaking,1,0,0,1,1,0,Low