year,month,day_of_week,hour_of_day,province,district,road_type,road_condition,weather_condition,lighting_condition,vehicle_type,vehicles_involved,accident_cause,is_rush_hour,is_weekend,is_night,is_foggy_month,num_injured,num_killed,severity
2022,11,Thursday,17,Punjab,Rawalpindi,National Highway,Average,Clear,Daylight,Car/Taxi,3,Wrong Overtaking,1,0,0,1,2,1,Medium
2020,5,Tuesday,14,Sindh,Karachi,Rural Road,Poor,Rainy,Daylight,Truck/Lorry,2,Wrong Overtaking,0,0,0,0,2,1,Medium
2019,7,Tuesday,12,Sindh,Mirpur Khas,Motorway,Good,Rainy,Daylight,Truck/Lorry,2,Driver Fatigue,1,0,0,0,8,4,High
2018,3,Saturday,23,Punjab,Multan,Provincial Highway,Average,Clear,No Light,Motorcycle,1,Signal Violation,0,1,1,0,1,1,Medium
2021,1,Friday,2,KPK,Abbottabad,Provincial Highway,Good,Dusty/Smoggy,No Light,Car/Taxi,1,Over Speeding,0,0,1,1,1,0,Medium
2020,5,Tuesday,20,Sindh,Thatta,Provincial Highway,Average,Clear,No Light,Bus/Coach,3,Signal Violation,1,0,0,0,2,0,Low
2021,6,Thursday,18,Punjab,Sargodha,National Highway,Poor,Foggy,Daylight,Car/Taxi,1,Mechanical Failure,1,0,0,0,5,1,Medium
2020,12,Thursday,6,Sindh,Larkana,Provincial Highway,Average,Clear,Daylight,Bus/Coach,3,Over Speeding,0,0,0,1,4,1,High
2023,6,Saturday,12,KPK,Peshawar,Provincial Highway,Poor,Clear,Daylight,Motorcycle,1,Drunk Driving,1,1,0,0,5,0,High
2019,5,Friday,19,Sindh,Jacobabad,National Highway,Good,Clear,No Light,Car/Taxi,2,Mechanical Failure,1,0,0,0,0,0,Low
2022,4,Wednesday,5,Punjab,Rawalpindi,National Highway,Under Repair,Foggy,Daylight,Motorcycle,4,Pedestrian Error,0,0,1,0,2,1,High
2019,11,Thursday,11,Punjab,Gujranwala,National Highway,Average,Clear,Daylight,Truck/Lorry,2,Pedestrian Error,0,0,0,1,2,0,Low
2022,11,Sunday,3,Sindh,Thatta,National Highway,Good,Clear,No Light,Van/Pickup,4,Pedestrian Error,0,1,1,1,5,0,Medium
2021,10,Wednesday,11,Islamabad,Islamabad,National Highway,Good,Foggy,Daylight,Truck/Lorry,3,Pedestrian Error,0,0,0,0,1,1,Medium
2023,6,Wednesday,7,KPK,Bannu,National Highway,Average,Clear,Daylight,Car/Taxi,1,Over Speeding,1,0,0,0,6,1,High
2020,10,Monday,8,Punjab,Rahim Yar Khan,National Highway,Average,Clear,Daylight,Motorcycle,2,Over Speeding,1,0,0,0,7,3,High
2022,8,Friday,16,Sindh,Kashmore,Motorway,Good,Clear,Daylight,Truck/Lorry,2,Over Speeding,0,0,0,0,4,0,High
2022,10,Saturday,12,Balochistan,Loralai,National Highway,Good,Clear,No Light,Rickshaw,3,Wrong Overtaking,1,1,0,0,5,0,Medium
2021,11,Friday,2,Punjab,Sialkot,Rural Road,Average,Clear,Street Light,Motorcycle,2,Over Speeding,0,0,1,1,4,2,Medium
2018,3,Wednesday,8,AJK,Muzaffarabad,National Highway,Good,Dusty/Smoggy,Daylight,Car/Taxi,3,Driver Fatigue,1,0,0,0,2,0,Medium
2018,7,Sunday,7,Islamabad,Islamabad,Provincial Highway,Good,Rainy,Daylight,Bus/Coach,1,Road Condition,1,1,0,0,2,0,Low
2022,6,Saturday,8,Punjab,Gujranwala,Rural Road,Good,Rainy,Daylight,Motorcycle,1,Signal Violation,1,1,0,0,1,2,Medium
2023,8,Saturday,23,Islamabad,Islamabad,Provincial Highway,Average,Foggy,No Light,Truck/Lorry,1,Road Condition,0,1,1,0,2,2,Medium
2019,4,Thursday,6,Punjab,Multan,Urban Road,Good,Foggy,Dawn/Dusk,Bus/Coach,1,Driver Fatigue,0,0,0,0,1,1,Medium
2018,6,Friday,17,Balochistan,Loralai,Provincial Highway,Good,Foggy,Daylight,Van/Pickup,1,Over Speeding,1,0,0,0,2,0,Medium
2018,1,Tuesday,17,Punjab,Lahore,Rural Road,Average,Foggy,Daylight,Motorcycle,1,Mechanical Failure,1,0,0,1,3,1,Medium
2020,10,Saturday,2,Sindh,Sukkur,National Highway,Average,Extreme Heat,No Light,Motorcycle,3,Wrong Overtaking,0,1,1,0,7,0,High
2022,7,Wednesday,12,Sindh,Nawabshah,National Highway,Average,Clear,Daylight,Bus/Coach,1,Over Speeding,1,0,0,0,1,0,Medium
2022,7,Friday,6,KPK,Dera Ismail Khan,Provincial Highway,Average,Clear,Daylight,Motorcycle,2,Pedestrian Error,0,0,0,0,5,1,Medium
2022,10,Tuesday,6,Punjab,Lahore,Rural Road,Average,Clear,Daylight,Truck/Lorry,2,Signal Violation,0,0,0,0,0,0,Low
2022,5,Tuesday,16,Sindh,Jacobabad,Urban Road,Good,Rainy,Street Light,Motorcycle,2,Mobile Phone Use,0,0,0,0,2,2,Medium
2022,11,Saturday,13,Punjab,Faisalabad,Rural Road,Good,Clear,Street Light,Car/Taxi,3,Drunk Driving,1,1,0,1,1,0,Low
2019,10,Wednesday,22,Punjab,Sargodha,Rural Road,Average,Clear,No Light,Van/Pickup,1,Wrong Overtaking,0,0,1,0,2,0,Low
2021,9,Thursday,23,Punjab,Multan,Motorway,Good,Clear,Street Light,Rickshaw,2,Mobile Phone Use,0,0,1,0,3,0,Medium
2020,7,Monday,20,Sindh,Dadu,National Highway,Poor,Clear,No Light,Car/Taxi,2,Mobile Phone Use,1,0,0,0,3,1,Medium
2019,4,Wednesday,10,Punjab,Gujranwala,Provincial Highway,Good,Rainy,Daylight,Motorcycle,2,Signal Violation,0,0,0,0,6,1,High
2022,2,Friday,5,Punjab,Lahore,Provincial Highway,Good,Rainy,Dawn/Dusk,Motorcycle,2,Wrong Overtaking,0,0,1,1,7,1,High
2020,2,Wednesday,19,Punjab,Multan,National Highway,Poor,Rainy,Dawn/Dusk,Car/Taxi,2,Over Speeding,1,0,0,1,2,0,Medium
2020,12,Thursday,17,Punjab,Multan,Rural Road,Good,Extreme Heat,Dawn/Dusk,Car/Taxi,2,Over Speeding,1,0,0,1,2,0,Low
2019,9,Thursday,14,Sindh,Larkana,Provincial Highway,Good,Clear,Daylight,Truck/Lorry,2,Road Condition,0,0,0,0,2,0,Low
2021,3,Wednesday,19,Islamabad,Islamabad,Urban Road,Good,Clear,Dawn/Dusk,Rickshaw,2,Drunk Driving,1,0,0,0,1,1,Medium
2020,11,Thursday,17,Punjab,Rawalpindi,Urban Road,Average,Clear,Street Light,Bus/Coach,1,Wrong Overtaking,1,0,0,1,1,0,Medium
2019,5,Sunday,13,Islamabad,Islamabad,National Highway,Good,Clear,Daylight,Motorcycle,3,Mechanical Failure,1,1,0,0,4,1,High
2023,4,Saturday,5,KPK,Abbottabad,Urban Road,Good,Clear,Dawn/Dusk,Truck/Lorry,2,Wrong Overtaking,0,1,1,0,4,1,Medium
2018,6,Monday,6,Sindh,Kashmore,National Highway,Average,Rainy,Dawn/Dusk,Motorcycle,1,Over Speeding,0,0,0,0,3,0,High
2018,8,Sunday,7,Sindh,Mirpur Khas,National Highway,Good,Dusty/Smoggy,Daylight,Bus/Coach,2,Over Speeding,1,1,0,0,8,2,High
2022,5,Friday,9,KPK,Kohat,Urban Road,Poor,Extreme Heat,Street Light,Car/Taxi,1,Signal Violation,1,0,0,0,2,0,Low
2023,3,Saturday,17,Punjab,Faisalabad,Provincial Highway,Average,Rainy,Daylight,Rickshaw,1,Over Speeding,1,1,0,0,5,2,Medium
2019,7,Thursday,14,Sindh,Kashmore,Provincial Highway,Average,Rainy,Daylight,Bus/Coach,2,Mechanical Failure,0,0,0,0,0,0,Low
2019,12,Tuesday,18,KPK,Dera Ismail Khan,Provincial Highway,Good,Extreme Heat,Dawn/Dusk,Rickshaw,1,Over Speeding,1,0,0,1,3,0,Medium
2020,12,Saturday,4,Sindh,Dadu,Urban Road,Average,Clear,No Light,Other,2,Over Speeding,0,1,1,1,3,0,Medium
2023,7,Friday,18,KPK,Abbottabad,National Highway,Average,Clear,Street Light,Van/Pickup,2,Signal Violation,1,0,0,0,1,2,Medium
2018,11,Friday,21,Punjab,Multan,Provincial Highway,Poor,Rainy,No Light,Motorcycle,2,Over Speeding,0,0,0,1,3,2,High
2023,7,Friday,16,KPK,Mardan,Urban Road,Good,Clear,Daylight,Car/Taxi,2,Signal Violation,0,0,0,0,2,0,Low
2020,2,Sunday,21,Sindh,Thatta,Motorway,Average,Extreme Heat,No Light,Truck/Lorry,4,Road Condition,0,1,0,1,5,0,Medium
2023,4,Monday,3,Punjab,Sargodha,National Highway,Poor,Extreme Heat,Street Light,Motorcycle,3,Road Condition,0,0,1,0,8,1,High
2023,12,Wednesday,16,Punjab,Rawalpindi,Provincial Highway,Average,Clear,Street Light,Car/Taxi,2,Pedestrian Error,0,0,0,1,0,0,Low
2022,12,Wednesday,12,Sindh,Mirpur Khas,National Highway,Poor,Foggy,Daylight,Car/Taxi,2,Over Speeding,1,0,0,1,11,1,High
2022,5,Tuesday,16,Balochistan,Quetta,Urban Road,Good,Clear,Daylight,Motorcycle,1,Pedestrian Error,0,0,0,0,5,0,Medium
2022,10,Saturday,11,Sindh,Nawabshah,National Highway,Good,Foggy,Daylight,Rickshaw,3,Wrong Overtaking,0,1,0,0,1,0,Medium
2023,5,Saturday,3,KPK,Dera Ismail Khan,Provincial Highway,Average,Clear,Street Light,Bicycle,2,Over Speeding,0,1,1,0,8,0,High
2023,12,Monday,18,Punjab,Sialkot,Provincial Highway,Average,Foggy,Daylight,Motorcycle,3,Mechanical Failure,1,0,0,1,4,2,High
2023,1,Thursday,9,Punjab,Gujranwala,Rural Road,Average,Foggy,Daylight,Motorcycle,1,Pedestrian Error,1,0,0,1,4,0,Medium
2023,12,Thursday,8,Punjab,Sheikhupura,Rural Road,Good,Rainy,Daylight,Motorcycle,2,Wrong Overtaking,1,0,0,1,2,1,High
2023,1,Sunday,16,Punjab,Multan,Urban Road,Poor,Clear,Daylight,Car/Taxi,2,Over Speeding,0,1,0,1,2,0,Low
2018,6,Friday,14,Punjab,Faisalabad,Provincial Highway,Good,Extreme Heat,Daylight,Motorcycle,3,Mechanical Failure,0,0,0,0,2,1,Medium
2020,9,Monday,13,Punjab,Sargodha,Provincial Highway,Under Repair,Dusty/Smoggy,Street Light,Car/Taxi,2,Mechanical Failure,1,0,0,0,0,0,Low
2020,12,Friday,11,KPK,Kohat,Provincial Highway,Good,Foggy,Daylight,Car/Taxi,2,Mobile Phone Use,0,0,0,1,2,1,Medium
2022,8,Thursday,13,KPK,Nowshera,Provincial Highway,Good,Clear,Dawn/Dusk,Other,2,Driver Fatigue,1,0,0,0,2,2,Medium
2023,12,Saturday,19,Punjab,Sargodha,Urban Road,Good,Dusty/Smoggy,Dawn/Dusk,Car/Taxi,2,Driver Fatigue,1,1,0,1,0,0,Low
2021,12,Tuesday,11,Punjab,Sargodha,Provincial Highway,Good,Clear,Daylight,Rickshaw,2,Over Speeding,0,0,0,1,3,0,Medium
2020,9,Friday,12,Punjab,Rawalpindi,Urban Road,Average,Clear,Daylight,Motorcycle,2,Over Speeding,1,0,0,0,2,0,Medium
2022,12,Saturday,8,Sindh,Mirpur Khas,Rural Road,Good,Clear,Dawn/Dusk,Bicycle,2,Wrong Overtaking,1,1,0,1,1,0,Low
2019,10,Monday,20,Punjab,Lahore,National Highway,Poor,Clear,No Light,Bus/Coach,3,Signal Violation,1,0,0,0,10,0,High
2022,9,Tuesday,9,Punjab,Sialkot,National Highway,Good,Dusty/Smoggy,Street Light,Motorcycle,3,Over Speeding,1,0,0,0,11,1,High
2023,10,Sunday,9,Islamabad,Islamabad,Urban Road,Good,Clear,Daylight,Other,2,Mechanical Failure,1,1,0,0,2,0,Low
2022,12,Monday,17,KPK,Swat,Urban Road,Poor,Rainy,Street Light,Motorcycle,4,Mechanical Failure,1,0,0,1,3,1,Medium
2023,2,Saturday,12,Punjab,Faisalabad,Provincial Highway,Good,Rainy,Daylight,Motorcycle,3,Over Speeding,1,1,0,1,3,0,High
2020,2,Tuesday,16,Punjab,Rawalpindi,Rural Road,Good,Clear,Daylight,Motorcycle,2,Over Speeding,0,0,0,1,5,1,Medium
2022,11,Monday,20,Punjab,Rawalpindi,Urban Road,Average,Clear,Street Light,Car/Taxi,2,Weather Condition,1,0,0,1,1,0,Low
2019,7,Saturday,21,KPK,Peshawar,Motorway,Poor,Clear,No Light,Car/Taxi,3,Over Speeding,0,1,0,0,10,0,High
2021,5,Saturday,6,Sindh,Jacobabad,Rural Road,Good,Clear,Daylight,Truck/Lorry,2,Drunk Driving,0,1,0,0,1,0,Low
2020,7,Monday,21,Punjab,Rahim Yar Khan,National Highway,Average,Clear,No Light,Motorcycle,1,Road Condition,0,0,0,0,8,1,High
2021,10,Saturday,21,KPK,Abbottabad,Provincial Highway,Good,Clear,No Light,Car/Taxi,2,Pedestrian Error,0,1,0,0,0,0,Low
2021,11,Monday,9,Punjab,Sargodha,Provincial Highway,Good,Foggy,Daylight,Truck/Lorry,3,Mechanical Failure,1,0,0,1,5,1,Medium
2021,4,Friday,12,Punjab,Rahim Yar Khan,Rural Road,Good,Rainy,Daylight,Bus/Coach,1,Signal Violation,1,0,0,0,2,0,Medium
2021,1,Saturday,5,Punjab,Rahim Yar Khan,National Highway,Average,Clear,Daylight,Motorcycle,2,Signal Violation,0,1,1,1,11,1,High
2020,6,Monday,12,Sindh,Dadu,National Highway,Good,Clear,Daylight,Rickshaw,3,Signal Violation,1,0,0,0,1,0,Low
2022,10,Friday,13,Punjab,Sialkot,National Highway,Good,Clear,Daylight,Motorcycle,4,Drunk Driving,1,0,0,0,5,0,High
2022,1,Wednesday,20,Punjab,Bahawalpur,Urban Road,Under Repair,Foggy,No Light,Bus/Coach,3,Signal Violation,1,0,0,1,1,0,Medium
2023,6,Friday,19,Punjab,Lahore,Provincial Highway,Average,Rainy,Street Light,Motorcycle,2,Road Condition,1,0,0,0,10,2,High
2021,11,Friday,9,Punjab,Bahawalpur,National Highway,Poor,Dusty/Smoggy,Daylight,Motorcycle,2,Over Speeding,1,0,0,1,8,3,High
2021,4,Wednesday,14,KPK,Charsadda,Rural Road,Good,Clear,Dawn/Dusk,Bus/Coach,1,Over Speeding,0,0,0,0,3,0,Medium
2023,11,Sunday,9,Punjab,Rawalpindi,National Highway,Poor,Foggy,Daylight,Motorcycle,2,Signal Violation,1,1,0,1,8,1,High
2023,1,Tuesday,12,Punjab,Sialkot,Provincial Highway,Good,Rainy,Daylight,Motorcycle,2,Pedestrian Error,1,0,0,1,10,0,High
2022,8,Thursday,12,Sindh,Nawabshah,Provincial Highway,Average,Clear,Daylight,Motorcycle,2,Driver Fatigue,1,0,0,0,5,0,High
2019,4,Tuesday,9,KPK,Nowshera,Provincial Highway,Good,Clear,Daylight,Rickshaw,2,Road Condition,1,0,0,0,2,0,Low
2019,8,Friday,8,KPK,Abbottabad,Urban Road,Average,Foggy,Daylight,Motorcycle,2,Pedestrian Error,1,0,0,0,3,0,Medium
2023,1,Thursday,17,Sindh,Kashmore,National Highway,Poor,Rainy,Daylight,Motorcycle,1,Wrong Overtaking,1,0,0,1,10,0,High
2021,6,Tuesday,7,Punjab,Lahore,National Highway,Good,Dusty/Smoggy,Daylight,Bus/Coach,1,Over Speeding,1,0,0,0,2,1,High
2019,3,Sunday,12,KPK,Bannu,Rural Road,Average,Clear,Daylight,Bicycle,2,Road Condition,1,1,0,0,1,0,Medium
2021,1,Saturday,17,KPK,Mansehra,Provincial Highway,Good,Clear,Daylight,Motorcycle,1,Over Speeding,1,1,0,1,7,2,High
2018,12,Friday,10,Punjab,Gujranwala,Urban Road,Poor,Clear,Daylight,Rickshaw,2,Road Condition,0,0,0,1,1,0,Low
2022,7,Wednesday,6,Balochistan,Turbat,National Highway,Poor,Clear,Street Light,Car/Taxi,1,Mechanical Failure,0,0,0,0,2,0,Low
2022,1,Tuesday,9,Punjab,Multan,National Highway,Poor,Extreme Heat,Daylight,Motorcycle,2,Over Speeding,1,0,0,1,9,2,High
2019,7,Monday,8,AJK,Muzaffarabad,National Highway,Good,Clear,Daylight,Rickshaw,2,Over Speeding,1,0,0,0,1,0,Medium
2019,2,Tuesday,13,Balochistan,Dera Bugti,Rural Road,Poor,Clear,Daylight,Car/Taxi,1,Signal Violation,1,0,0,1,0,0,Low
2018,11,Friday,17,KPK,Swat,Provincial Highway,Good,Rainy,Daylight,Motorcycle,2,Driver Fatigue,1,0,0,1,5,1,High
2018,2,Thursday,1,Islamabad,Islamabad,Provincial Highway,Good,Clear,Street Light,Truck/Lorry,2,Signal Violation,0,0,1,1,1,0,Medium
2023,5,Wednesday,7,KPK,Dera Ismail Khan,National Highway,Poor,Clear,Daylight,Car/Taxi,2,Signal Violation,1,0,0,0,4,0,Medium
2021,6,Monday,19,Punjab,Multan,Provincial Highway,Under Repair,Dusty/Smoggy,Street Light,Motorcycle,2,Wrong Overtaking,1,0,0,0,1,0,Medium
2021,7,Tuesday,7,Sindh,Nawabshah,Urban Road,Good,Clear,Daylight,Car/Taxi,1,Road Condition,1,0,0,0,0,0,Low
2020,8,Monday,11,Punjab,Multan,Urban Road,Average,Rainy,Daylight,Rickshaw,1,Drunk Driving,0,0,0,0,2,0,Low
2023,2,Sunday,12,Punjab,Sheikhupura,National Highway,Average,Clear,Daylight,Motorcycle,3,Driver Fatigue,1,1,0,1,9,1,High
2021,10,Thursday,3,KPK,Mardan,National Highway,Good,Clear,No Light,Motorcycle,2,Pedestrian Error,0,0,1,0,2,1,Medium
2023,8,Thursday,10,Punjab,Gujranwala,Rural Road,Under Repair,Dusty/Smoggy,Daylight,Motorcycle,4,Road Condition,0,0,0,0,1,1,Medium
2020,12,Saturday,17,Punjab,Rawalpindi,National Highway,Good,Clear,Daylight,Van/Pickup,2,Signal Violation,1,1,0,1,0,0,Low
2018,2,Thursday,10,Sindh,Thatta,Urban Road,Good,Clear,Daylight,Car/Taxi,2,Signal Violation,0,0,0,1,1,1,Low
2019,1,Monday,12,Balochistan,Khuzdar,National Highway,Good,Rainy,Daylight,Bus/Coach,1,Mechanical Failure,1,0,0,1,2,0,High
2022,11,Tuesday,22,Punjab,Bahawalpur,Provincial Highway,Poor,Clear,Street Light,Motorcycle,3,Over Speeding,0,0,1,1,7,1,High
2022,1,Monday,22,Punjab,Bahawalpur,Provincial Highway,Average,Clear,Street Light,Truck/Lorry,3,Over Speeding,0,0,1,1,7,0,High
2018,12,Monday,11,Punjab,Faisalabad,Rural Road,Under Repair,Clear,Dawn/Dusk,Motorcycle,4,Over Speeding,0,0,0,1,2,0,Medium
2022,1,Saturday,13,KPK,Dera Ismail Khan,Rural Road,Average,Clear,Daylight,Motorcycle,4,Over Speeding,1,1,0,1,3,1,Medium
2018,6,Friday,11,Punjab,Sargodha,Rural Road,Good,Dusty/Smoggy,Daylight,Motorcycle,2,Pedestrian Error,0,0,0,0,1,0,Low
2020,3,Friday,8,KPK,Mansehra,Rural Road,Good,Clear,Daylight,Motorcycle,2,Signal Violation,1,0,0,0,3,0,Medium
2019,6,Monday,12,Punjab,Lahore,Provincial Highway,Good,Foggy,Daylight,Car/Taxi,2,Weather Condition,1,0,0,0,0,0,Low
2018,9,Thursday,21,Punjab,Faisalabad,National Highway,Good,Clear,No Light,Motorcycle,3,Over Speeding,0,0,0,0,5,2,High
2022,6,Sunday,9,Islamabad,Islamabad,Urban Road,Poor,Clear,Daylight,Motorcycle,3,Signal Violation,1,1,0,0,1,1,Medium
2019,10,Wednesday,19,Punjab,Multan,National Highway,Good,Dusty/Smoggy,Street Light,Motorcycle,2,Mechanical Failure,1,0,0,0,1,1,Medium
2022,4,Thursday,16,Sindh,Hyderabad,Motorway,Average,Dusty/Smoggy,Dawn/Dusk,Motorcycle,1,Over Speeding,0,0,0,0,5,0,High
2021,11,Wednesday,18,Punjab,Gujranwala,Urban Road,Good,Clear,Daylight,Rickshaw,2,Over Speeding,1,0,0,1,2,0,Low
2018,4,Saturday,12,Sindh,Sukkur,National Highway,Poor,Clear,No Light,Motorcycle,1,Over Speeding,1,1,0,0,8,1,High
2022,12,Saturday,15,Sindh,Nawabshah,Rural Road,Average,Rainy,Dawn/Dusk,Car/Taxi,2,Pedestrian Error,0,1,0,1,0,0,Low
2023,12,Tuesday,23,Punjab,Sheikhupura,Rural Road,Good,Foggy,Street Light,Bicycle,3,Over Speeding,0,0,1,1,6,2,High
2018,2,Saturday,8,Punjab,Rahim Yar Khan,National Highway,Under Repair,Rainy,Daylight,Motorcycle,2,Mechanical Failure,1,1,0,1,7,2,High
2019,9,Wednesday,2,Punjab,Sargodha,Urban Road,Poor,Clear,No Light,Car/Taxi,1,Wrong Overtaking,0,0,1,0,2,0,Medium
2019,2,Wednesday,5,KPK,Kohat,National Highway,Good,Clear,Street Light,Car/Taxi,1,Pedestrian Error,0,0,1,1,1,0,Medium
2018,5,Sunday,12,KPK,Peshawar,Urban Road,Under Repair,Clear,Daylight,Car/Taxi,1,Wrong Overtaking,1,1,0,0,1,0,Low
2018,6,Thursday,16,Sindh,Karachi,National Highway,Good,Clear,Daylight,Motorcycle,3,Drunk Driving,0,0,0,0,6,1,High
2022,1,Saturday,11,Sindh,Karachi,Provincial Highway,Under Repair,Foggy,Daylight,Bus/Coach,1,Over Speeding,0,1,0,1,3,2,High
2020,6,Tuesday,9,Punjab,Rawalpindi,Provincial Highway,Average,Rainy,Street Light,Motorcycle,1,Wrong Overtaking,1,0,0,0,9,0,High
2023,7,Friday,17,Punjab,Sargodha,National Highway,Poor,Extreme Heat,Daylight,Car/Taxi,1,Wrong Overtaking,1,0,0,0,1,1,Medium
2019,5,Monday,9,Punjab,Sheikhupura,National Highway,Good,Rainy,Daylight,Car/Taxi,2,Signal Violation,1,0,0,0,7,2,High
2019,6,Friday,18,Punjab,Sialkot,Rural Road,Good,Foggy,Daylight,Rickshaw,1,Driver Fatigue,1,0,0,0,0,0,Low
2021,8,Tuesday,19,Punjab,Sargodha,Provincial Highway,Good,Rainy,Street Light,Rickshaw,3,Mechanical Failure,1,0,0,0,0,1,Low
2023,11,Friday,10,Sindh,Sukkur,Urban Road,Average,Clear,Daylight,Van/Pickup,2,Driver Fatigue,0,0,0,1,1,0,Low
2023,5,Sunday,16,Sindh,Thatta,Rural Road,Average,Foggy,Dawn/Dusk,Van/Pickup,1,Over Speeding,0,1,0,0,1,0,Low
2023,3,Saturday,15,Islamabad,Islamabad,National Highway,Good,Clear,Daylight,Car/Taxi,1,Driver Fatigue,0,1,0,0,3,1,Medium
2020,2,Saturday,9,Punjab,Rahim Yar Khan,Urban Road,Poor,Extreme Heat,Daylight,Motorcycle,3,Mechanical Failure,1,1,0,1,2,0,Low
2022,12,Monday,18,Sindh,Nawabshah,Rural Road,Average,Foggy,Daylight,Motorcycle,1,Over Speeding,1,0,0,1,4,0,Medium
2020,3,Thursday,17,KPK,Abbottabad,Rural Road,Good,Rainy,Daylight,Car/Taxi,2,Over Speeding,1,0,0,0,5,0,Medium
2022,7,Thursday,20,Sindh,Hyderabad,National Highway,Good,Clear,No Light,Motorcycle,1,Wrong Overtaking,1,0,0,0,9,0,High
2023,6,Tuesday,8,Punjab,Sheikhupura,National Highway,Good,Rainy,Daylight,Motorcycle,1,Mobile Phone Use,1,0,0,0,4,0,Medium
2023,3,Wednesday,19,Punjab,Sargodha,National Highway,Good,Clear,Dawn/Dusk,Car/Taxi,2,Wrong Overtaking,1,0,0,0,2,1,Medium
2020,9,Thursday,0,Punjab,Rahim Yar Khan,National Highway,Under Repair,Clear,No Light,Motorcycle,1,Road Condition,0,0,1,0,10,1,High
2019,5,Friday,15,Punjab,Rahim Yar Khan,Rural Road,Average,Rainy,Daylight,Motorcycle,2,Over Speeding,0,0,0,0,3,1,High
2019,5,Tuesday,21,KPK,Bannu,Urban Road,Good,Clear,Street Light,Motorcycle,2,Over Speeding,0,0,0,0,4,0,Medium
2022,5,Monday,9,Punjab,Multan,Rural Road,Good,Dusty/Smoggy,Daylight,Motorcycle,3,Over Speeding,1,0,0,0,2,1,Medium
2021,1,Tuesday,19,Punjab,Multan,Provincial Highway,Average,Clear,Street Light,Motorcycle,4,Wrong Overtaking,1,0,0,1,4,1,Medium
2020,2,Tuesday,9,KPK,Mansehra,Rural Road,Good,Clear,Daylight,Motorcycle,1,Over Speeding,1,0,0,1,3,0,Medium
2023,9,Sunday,9,KPK,Mardan,Urban Road,Poor,Clear,Daylight,Motorcycle,3,Mechanical Failure,1,1,0,0,1,0,Medium
2019,8,Monday,13,Sindh,Kashmore,Rural Road,Average,Clear,Daylight,Car/Taxi,2,Mechanical Failure,1,0,0,0,1,0,Low
2023,5,Wednesday,23,KPK,Peshawar,Urban Road,Good,Clear,No Light,Bus/Coach,1,Signal Violation,0,0,1,0,1,0,Medium
2022,4,Tuesday,17,Punjab,Rahim Yar Khan,National Highway,Under Repair,Clear,Daylight,Bus/Coach,2,Over Speeding,1,0,0,0,2,0,Medium
2020,3,Thursday,9,Punjab,Rawalpindi,Urban Road,Poor,Clear,Daylight,Motorcycle,1,Over Speeding,1,0,0,0,2,1,Medium
2023,6,Tuesday,17,Punjab,Gujranwala,Urban Road,Average,Rainy,Daylight,Rickshaw,1,Wrong Overtaking,1,0,0,0,5,2,Medium
2022,10,Saturday,21,Sindh,Hyderabad,Urban Road,Average,Clear,Street Light,Bus/Coach,1,Over Speeding,0,1,0,0,5,0,Medium
2022,5,Saturday,2,Islamabad,Islamabad,Provincial Highway,Good,Clear,No Light,Motorcycle,2,Driver Fatigue,0,1,1,0,2,2,High
2020,5,Thursday,9,Punjab,Sheikhupura,National Highway,Good,Foggy,Daylight,Car/Taxi,2,Signal Violation,1,0,0,0,3,1,High
2022,11,Saturday,18,Sindh,Karachi,Urban Road,Good,Dusty/Smoggy,Daylight,Motorcycle,1,Over Speeding,1,1,0,1,3,2,Medium
2018,5,Sunday,2,Punjab,Rawalpindi,Rural Road,Average,Clear,Street Light,Motorcycle,2,Signal Violation,0,1,1,0,5,0,Medium
2022,3,Sunday,13,Sindh,Mirpur Khas,Rural Road,Average,Rainy,Daylight,Motorcycle,1,Over Speeding,1,1,0,0,9,2,High
2022,5,Friday,13,Punjab,Lahore,Rural Road,Good,Rainy,Street Light,Car/Taxi,2,Over Speeding,1,0,0,0,0,0,Low
2021,9,Tuesday,15,Punjab,Multan,Urban Road,Good,Foggy,Daylight,Car/Taxi,2,Road Condition,0,0,0,0,2,0,Low
2018,3,Friday,20,KPK,Dera Ismail Khan,Provincial Highway,Good,Dusty/Smoggy,No Light,Motorcycle,2,Over Speeding,1,0,0,0,2,2,Medium
2019,5,Friday,8,Sindh,Karachi,National Highway,Average,Clear,Daylight,Car/Taxi,3,Mechanical Failure,1,0,0,0,0,0,Low
2023,2,Tuesday,18,Sindh,Jacobabad,Provincial Highway,Good,Clear,Daylight,Car/Taxi,1,Over Speeding,1,0,0,1,1,0,Medium
2023,1,Friday,21,Punjab,Lahore,Rural Road,Poor,Clear,Street Light,Truck/Lorry,4,Wrong Overtaking,0,0,0,1,2,0,Low
2022,3,Sunday,12,Punjab,Rawalpindi,National Highway,Good,Clear,Daylight,Bus/Coach,1,Signal Violation,1,1,0,0,3,0,Medium
2018,12,Wednesday,11,Punjab,Multan,Rural Road,Good,Rainy,Daylight,Rickshaw,1,Over Speeding,0,0,0,1,4,0,Medium
2022,2,Sunday,19,KPK,Swat,National Highway,Under Repair,Clear,Dawn/Dusk,Motorcycle,2,Driver Fatigue,1,1,0,1,3,1,High
2023,3,Sunday,23,Islamabad,Islamabad,Provincial Highway,Good,Rainy,Street Light,Motorcycle,1,Over Speeding,0,1,1,0,11,1,High
2018,12,Thursday,13,Sindh,Jacobabad,National Highway,Average,Clear,Daylight,Rickshaw,1,Wrong Overtaking,1,0,0,1,1,0,Medium