year,month,day_of_week,hour_of_day,province,district,road_type,road_condition,weather_condition,lighting_condition,vehicle_type,vehicles_involved,accident_cause,is_rush_hour,is_weekend,is_night,is_foggy_month,num_injured,num_killed,severity
2019,9,Sunday,13,Punjab,Gujranwala,National Highway,Good,Clear,Daylight,Rickshaw,1,Wrong Overtaking,1,1,0,0,3,0,Medium
2022,10,Sunday,20,Balochistan,Chaman,Rural Road,Poor,Clear,No Light,Motorcycle,3,Road Condition,1,1,0,0,1,0,Low
2023,12,Sunday,10,Sindh,Sukkur,Urban Road,Poor,Clear,Daylight,Car/Taxi,2,Mechanical Failure,0,1,0,1,1,0,Low
2019,8,Sunday,8,Sindh,Thatta,National Highway,Average,Clear,Street Light,Car/Taxi,1,Over Speeding,1,1,0,0,3,0,Medium
2020,1,Thursday,23,Punjab,Sheikhupura,Provincial Highway,Good,Clear,No Light,Rickshaw,1,Wrong Overtaking,0,0,1,1,1,0,Low
2021,7,Saturday,22,KPK,Bannu,Provincial Highway,Good,Foggy,Street Light,Rickshaw,2,Mechanical Failure,0,1,1,0,3,0,Medium
2023,10,Saturday,14,Sindh,Dadu,Urban Road,Good,Clear,Dawn/Dusk,Rickshaw,1,Mechanical Failure,0,1,0,0,2,0,Low
2022,10,Saturday,10,KPK,Peshawar,Urban Road,Poor,Clear,No Light,Bus/Coach,3,Mechanical Failure,0,1,0,0,2,0,Low
2019,12,Wednesday,16,KPK,Bannu,Urban Road,Average,Clear,No Light,Motorcycle,1,Road Condition,0,0,0,1,2,0,Medium
2021,1,Friday,21,Punjab,Bahawalpur,Provincial Highway,Good,Clear,No Light,Other,3,Wrong Overtaking,0,0,0,1,4,0,Medium
2022,5,Friday,7,KPK,Mardan,National Highway,Poor,Foggy,Street Light,Car/Taxi,2,Pedestrian Error,1,0,0,0,0,0,Low
2021,4,Thursday,14,KPK,Abbottabad,Provincial Highway,Average,Rainy,Daylight,Motorcycle,1,Road Condition,0,0,0,0,1,0,Medium
2018,1,Wednesday,10,Punjab,Sargodha,Urban Road,Under Repair,Clear,Daylight,Car/Taxi,4,Mechanical Failure,0,0,0,1,1,1,Low
2022,1,Thursday,13,Punjab,Rawalpindi,Rural Road,Under Repair,Foggy,Daylight,Car/Taxi,1,Over Speeding,1,0,0,1,4,0,Medium
2020,2,Saturday,14,Punjab,Faisalabad,Urban Road,Under Repair,Clear,Street Light,Motorcycle,3,Over Speeding,0,1,0,1,5,1,High
2020,9,Monday,10,Sindh,Larkana,Provincial Highway,Average,Clear,Daylight,Bus/Coach,2,Signal Violation,0,0,0,0,1,0,Medium
2023,8,Wednesday,17,Punjab,Sheikhupura,Motorway,Poor,Clear,Street Light,Motorcycle,3,Over Speeding,1,0,0,0,5,0,High
2018,6,Tuesday,15,Sindh,Hyderabad,Rural Road,Average,Foggy,Daylight,Motorcycle,3,Mechanical Failure,0,0,0,0,0,0,Low
2023,6,Sunday,12,Punjab,Lahore,Rural Road,Good,Clear,Daylight,Motorcycle,2,Over Speeding,1,1,0,0,1,1,Medium
2020,2,Monday,23,Balochistan,Dera Bugti,National Highway,Average,Clear,No Light,Motorcycle,1,Signal Violation,0,0,1,1,11,2,High
2019,4,Thursday,6,Punjab,Sargodha,Motorway,Good,Clear,Daylight,Rickshaw,4,Mechanical Failure,0,0,0,0,1,0,Low
2022,6,Friday,19,Punjab,Lahore,National Highway,Good,Rainy,Dawn/Dusk,Car/Taxi,2,Wrong Overtaking,1,0,0,0,1,1,Medium
2020,12,Wednesday,22,Sindh,Nawabshah,National Highway,Average,Clear,No Light,Truck/Lorry,4,Pedestrian Error,0,0,1,1,3,2,Medium
2019,4,Sunday,8,Sindh,Mirpur Khas,National Highway,Under Repair,Clear,Daylight,Car/Taxi,2,Wrong Overtaking,1,1,0,0,5,0,Medium
2020,6,Friday,11,Punjab,Bahawalpur,Urban Road,Good,Clear,Daylight,Motorcycle,1,Pedestrian Error,0,0,0,0,2,0,Low
2022,8,Tuesday,16,Punjab,Rawalpindi,Provincial Highway,Good,Clear,No Light,Motorcycle,2,Wrong Overtaking,0,0,0,0,1,0,Medium
2021,8,Friday,1,Punjab,Rawalpindi,National Highway,Good,Foggy,No Light,Truck/Lorry,2,Wrong Overtaking,0,0,1,0,11,0,High
2020,9,Wednesday,11,KPK,Peshawar,Urban Road,Good,Rainy,Daylight,Car/Taxi,2,Over Speeding,0,0,0,0,3,2,Medium
2021,12,Saturday,6,KPK,Swat,National Highway,Poor,Foggy,Dawn/Dusk,Car/Taxi,4,Wrong Overtaking,0,1,0,1,2,0,Medium
2023,7,Thursday,19,Sindh,Kashmore,National Highway,Good,Clear,Dawn/Dusk,Truck/Lorry,2,Pedestrian Error,1,0,0,0,1,1,Medium
2023,12,Saturday,14,KPK,Dera Ismail Khan,Rural Road,Good,Clear,Daylight,Car/Taxi,1,Over Speeding,0,1,0,1,1,0,Medium
2023,5,Sunday,20,KPK,Mansehra,Provincial Highway,Good,Extreme Heat,No Light,Motorcycle,2,Over Speeding,1,1,0,0,9,3,High
2019,8,Sunday,16,Punjab,Gujranwala,Urban Road,Poor,Clear,Daylight,Bicycle,2,Mechanical Failure,0,1,0,0,2,0,Low
2020,9,Monday,13,Islamabad,Islamabad,Motorway,Under Repair,Clear,Daylight,Truck/Lorry,4,Pedestrian Error,1,0,0,0,1,0,Medium
2023,8,Friday,16,KPK,Nowshera,Motorway,Good,Clear,Street Light,Motorcycle,1,Driver Fatigue,0,0,0,0,3,2,High
2021,9,Sunday,3,Punjab,Rahim Yar Khan,Provincial Highway,Good,Clear,Street Light,Rickshaw,2,Mechanical Failure,0,1,1,0,0,0,Low
2018,7,Friday,9,Punjab,Lahore,Provincial Highway,Average,Rainy,Daylight,Motorcycle,2,Road Condition,1,0,0,0,8,0,High
2021,5,Sunday,12,Punjab,Rawalpindi,National Highway,Poor,Rainy,Daylight,Car/Taxi,2,Signal Violation,1,1,0,0,8,2,High
2019,2,Tuesday,18,Punjab,Multan,Provincial Highway,Average,Dusty/Smoggy,Daylight,Rickshaw,2,Drunk Driving,1,0,0,1,5,0,Medium
2019,11,Friday,18,KPK,Mansehra,National Highway,Good,Foggy,Daylight,Motorcycle,1,Pedestrian Error,1,0,0,1,6,1,High
2019,11,Monday,6,Sindh,Larkana,Urban Road,Poor,Clear,Daylight,Rickshaw,2,Wrong Overtaking,0,0,0,1,1,0,Low
2022,9,Friday,16,KPK,Nowshera,Provincial Highway,Good,Dusty/Smoggy,Daylight,Motorcycle,1,Wrong Overtaking,0,0,0,0,9,1,High
2023,3,Sunday,9,KPK,Dera Ismail Khan,National Highway,Average,Clear,Daylight,Car/Taxi,3,Wrong Overtaking,1,1,0,0,5,0,Medium
2023,5,Thursday,8,Sindh,Kashmore,Urban Road,Poor,Clear,Daylight,Car/Taxi,2,Road Condition,1,0,0,0,1,0,Low
2020,1,Wednesday,11,KPK,Abbottabad,National Highway,Poor,Clear,Daylight,Car/Taxi,2,Driver Fatigue,0,0,0,1,9,1,High
2019,7,Friday,20,Punjab,Bahawalpur,National Highway,Average,Clear,No Light,Other,2,Wrong Overtaking,1,0,0,0,2,0,Low
2020,4,Saturday,13,Punjab,Sargodha,National Highway,Good,Dusty/Smoggy,Daylight,Van/Pickup,2,Over Speeding,1,1,0,0,2,0,Medium
2020,7,Saturday,2,Sindh,Sukkur,Rural Road,Good,Clear,No Light,Rickshaw,2,Signal Violation,0,1,1,0,0,0,Low
2020,3,Thursday,16,Punjab,Sheikhupura,National Highway,Good,Clear,Daylight,Motorcycle,2,Over Speeding,0,0,0,0,4,2,High
2018,6,Friday,11,Punjab,Rahim Yar Khan,Urban Road,Poor,Clear,Daylight,Rickshaw,3,Road Condition,0,0,0,0,0,0,Low
2018,1,Friday,9,Balochistan,Hub,National Highway,Good,Clear,Daylight,Motorcycle,1,Wrong Overtaking,1,0,0,1,6,1,High
2023,3,Monday,20,KPK,Mardan,Urban Road,Average,Clear,No Light,Bus/Coach,3,Driver Fatigue,1,0,0,0,2,0,Low
2020,4,Saturday,16,Punjab,Sheikhupura,National Highway,Under Repair,Clear,Daylight,Motorcycle,2,Pedestrian Error,0,1,0,0,3,0,Medium
2022,1,Friday,18,KPK,Charsadda,Provincial Highway,Under Repair,Clear,Dawn/Dusk,Motorcycle,1,Mechanical Failure,1,0,0,1,1,0,Low
2023,1,Saturday,19,KPK,Charsadda,Provincial Highway,Under Repair,Clear,Dawn/Dusk,Motorcycle,2,Over Speeding,1,1,0,1,10,1,High
2023,12,Monday,8,Punjab,Lahore,Rural Road,Good,Clear,Daylight,Motorcycle,3,Pedestrian Error,1,0,0,1,0,0,Low
2021,5,Saturday,11,Punjab,Multan,Rural Road,Good,Clear,Daylight,Van/Pickup,1,Pedestrian Error,0,1,0,0,1,0,Low
2023,2,Tuesday,13,Islamabad,Islamabad,Rural Road,Average,Rainy,Daylight,Van/Pickup,3,Wrong Overtaking,1,0,0,1,2,0,Low
2019,5,Sunday,9,Punjab,Sargodha,National Highway,Good,Rainy,Street Light,Car/Taxi,2,Road Condition,1,1,0,0,0,0,Low
2019,5,Saturday,17,Punjab,Sialkot,Rural Road,Good,Rainy,Daylight,Car/Taxi,2,Driver Fatigue,1,1,0,0,4,1,Medium
2018,12,Sunday,12,Sindh,Dadu,National Highway,Good,Clear,Daylight,Rickshaw,3,Drunk Driving,1,1,0,1,6,2,High
2022,5,Wednesday,23,KPK,Charsadda,Rural Road,Under Repair,Rainy,No Light,Truck/Lorry,1,Pedestrian Error,0,0,1,0,4,1,Medium
2018,8,Sunday,16,Punjab,Sheikhupura,Rural Road,Average,Clear,Daylight,Van/Pickup,4,Mechanical Failure,0,1,0,0,1,0,Low
2020,9,Friday,7,Punjab,Multan,National Highway,Good,Clear,Daylight,Motorcycle,3,Wrong Overtaking,1,0,0,0,5,2,High
2022,10,Sunday,20,Punjab,Bahawalpur,National Highway,Good,Extreme Heat,No Light,Truck/Lorry,1,Over Speeding,1,1,0,0,3,1,High
2023,5,Saturday,8,Gilgit-Baltistan,Skardu,National Highway,Average,Extreme Heat,Daylight,Car/Taxi,2,Road Condition,1,1,0,0,4,0,Medium
2018,6,Monday,18,Punjab,Sialkot,National Highway,Good,Clear,Dawn/Dusk,Car/Taxi,3,Wrong Overtaking,1,0,0,0,1,0,Low
2019,11,Monday,20,Sindh,Dadu,Motorway,Good,Dusty/Smoggy,Street Light,Motorcycle,1,Pedestrian Error,1,0,0,1,6,2,High
2018,2,Wednesday,23,Islamabad,Islamabad,Provincial Highway,Poor,Dusty/Smoggy,No Light,Car/Taxi,2,Over Speeding,0,0,1,1,1,0,Medium
2022,8,Friday,10,Punjab,Rahim Yar Khan,National Highway,Average,Clear,No Light,Car/Taxi,1,Over Speeding,0,0,0,0,6,1,High
2018,4,Saturday,23,AJK,Muzaffarabad,Provincial Highway,Good,Dusty/Smoggy,Street Light,Rickshaw,1,Wrong Overtaking,0,1,1,0,1,0,Low
2021,3,Friday,14,Islamabad,Islamabad,National Highway,Under Repair,Clear,Street Light,Motorcycle,3,Signal Violation,0,0,0,0,10,1,High
2019,6,Wednesday,21,Balochistan,Zhob,Motorway,Poor,Clear,No Light,Motorcycle,1,Over Speeding,0,0,0,0,4,0,High
2021,3,Friday,16,Punjab,Rahim Yar Khan,Urban Road,Average,Clear,Daylight,Rickshaw,1,Signal Violation,0,0,0,0,1,0,Low
2020,8,Wednesday,15,Sindh,Kashmore,Provincial Highway,Good,Clear,Daylight,Truck/Lorry,2,Wrong Overtaking,0,0,0,0,1,1,Medium
2020,7,Monday,10,KPK,Mardan,National Highway,Poor,Clear,Daylight,Motorcycle,1,Road Condition,0,0,0,0,4,2,Medium
2020,8,Thursday,8,AJK,Rawalakot,National Highway,Poor,Extreme Heat,Daylight,Motorcycle,2,Mechanical Failure,1,0,0,0,4,0,Medium
2023,6,Thursday,21,Punjab,Rawalpindi,Rural Road,Good,Rainy,Street Light,Motorcycle,3,Signal Violation,0,0,0,0,1,0,Medium
2019,10,Monday,2,KPK,Bannu,Rural Road,Under Repair,Clear,Street Light,Motorcycle,2,Road Condition,0,0,1,0,1,0,Medium
2023,8,Saturday,3,Punjab,Gujranwala,Rural Road,Average,Rainy,No Light,Motorcycle,1,Mobile Phone Use,0,1,1,0,3,0,Medium
2020,5,Sunday,11,Punjab,Gujranwala,Urban Road,Poor,Clear,Daylight,Motorcycle,2,Over Speeding,0,1,0,0,1,0,Medium
2023,12,Thursday,22,Sindh,Karachi,Provincial Highway,Average,Foggy,No Light,Motorcycle,2,Drunk Driving,0,0,1,1,11,1,High
2018,1,Thursday,2,KPK,Dera Ismail Khan,Provincial Highway,Good,Foggy,Street Light,Truck/Lorry,1,Pedestrian Error,0,0,1,1,5,0,Medium
2023,5,Sunday,14,Sindh,Hyderabad,National Highway,Poor,Clear,Daylight,Motorcycle,2,Wrong Overtaking,0,1,0,0,2,3,High
2022,2,Monday,11,Sindh,Dadu,National Highway,Good,Dusty/Smoggy,Daylight,Rickshaw,3,Over Speeding,0,0,0,1,1,0,Medium
2022,5,Friday,9,Gilgit-Baltistan,Hunza,Rural Road,Average,Foggy,Daylight,Truck/Lorry,1,Over Speeding,1,0,0,0,4,1,Medium
2021,11,Thursday,8,Punjab,Multan,Rural Road,Average,Clear,Daylight,Motorcycle,1,Signal Violation,1,0,0,1,5,0,Medium
2023,7,Friday,23,Sindh,Jacobabad,National Highway,Good,Clear,Street Light,Motorcycle,2,Road Condition,0,0,1,0,5,2,High
2023,7,Friday,19,Punjab,Rahim Yar Khan,Provincial Highway,Average,Rainy,Daylight,Motorcycle,2,Wrong Overtaking,1,0,0,0,4,0,Medium
2020,12,Wednesday,8,Punjab,Faisalabad,National Highway,Average,Foggy,Daylight,Motorcycle,3,Road Condition,1,0,0,1,4,1,Medium
2022,2,Wednesday,10,KPK,Kohat,Urban Road,Under Repair,Clear,Daylight,Motorcycle,4,Mechanical Failure,0,0,0,1,1,0,Low
2020,1,Friday,20,Islamabad,Islamabad,National Highway,Average,Clear,Street Light,Motorcycle,2,Over Speeding,1,0,0,1,8,3,High
2022,7,Wednesday,9,Sindh,Dadu,Provincial Highway,Good,Clear,Daylight,Motorcycle,1,Mechanical Failure,1,0,0,0,1,1,Low
2022,3,Saturday,13,KPK,Mardan,Urban Road,Good,Clear,Daylight,Motorcycle,2,Weather Condition,1,1,0,0,0,0,Low
2022,3,Sunday,1,Punjab,Rawalpindi,Provincial Highway,Poor,Foggy,No Light,Bus/Coach,1,Mechanical Failure,0,1,1,0,5,1,Medium
2019,5,Friday,20,Punjab,Gujranwala,Urban Road,Poor,Foggy,No Light,Car/Taxi,2,Road Condition,1,0,0,0,1,0,Low
2022,7,Wednesday,8,Sindh,Mirpur Khas,Rural Road,Poor,Clear,Daylight,Car/Taxi,4,Over Speeding,1,0,0,0,5,0,Medium
2022,7,Sunday,21,Punjab,Bahawalpur,Urban Road,Poor,Clear,Street Light,Rickshaw,3,Wrong Overtaking,0,1,0,0,0,0,Low
2020,5,Wednesday,10,Punjab,Sargodha,Provincial Highway,Average,Extreme Heat,Daylight,Bus/Coach,2,Mechanical Failure,0,0,0,0,4,1,Medium
2021,4,Saturday,16,Sindh,Sukkur,Provincial Highway,Good,Rainy,Daylight,Car/Taxi,2,Signal Violation,0,1,0,0,2,0,Medium
2021,11,Saturday,22,Punjab,Gujranwala,Provincial Highway,Average,Clear,Street Light,Rickshaw,2,Mechanical Failure,0,1,1,1,1,0,Low
2021,7,Sunday,17,Punjab,Bahawalpur,Provincial Highway,Good,Foggy,Daylight,Car/Taxi,2,Signal Violation,1,1,0,0,1,0,Low
2023,8,Friday,6,Sindh,Mirpur Khas,National Highway,Under Repair,Foggy,Daylight,Van/Pickup,1,Pedestrian Error,0,0,0,0,2,0,Medium
2021,7,Sunday,17,Sindh,Hyderabad,National Highway,Good,Rainy,Daylight,Motorcycle,2,Signal Violation,1,1,0,0,2,3,High
2022,9,Tuesday,3,Islamabad,Islamabad,Provincial Highway,Under Repair,Clear,Street Light,Car/Taxi,3,Over Speeding,0,0,1,0,6,1,High
2023,8,Tuesday,20,Sindh,Kashmore,Rural Road,Average,Clear,Street Light,Car/Taxi,2,Signal Violation,1,0,0,0,0,0,Low
2023,10,Saturday,13,Punjab,Faisalabad,Rural Road,Good,Foggy,Daylight,Motorcycle,4,Over Speeding,1,1,0,0,5,0,High
2022,3,Friday,18,Islamabad,Islamabad,Urban Road,Good,Clear,Daylight,Motorcycle,2,Over Speeding,1,0,0,0,3,0,Medium
2023,5,Sunday,17,KPK,Peshawar,National Highway,Poor,Clear,Daylight,Bus/Coach,1,Wrong Overtaking,1,1,0,0,3,2,High
2022,6,Friday,12,Punjab,Sialkot,Provincial Highway,Average,Clear,Street Light,Motorcycle,3,Over Speeding,1,0,0,0,3,1,Medium
2023,5,Friday,10,Punjab,Lahore,Provincial Highway,Poor,Dusty/Smoggy,Daylight,Van/Pickup,1,Wrong Overtaking,0,0,0,0,1,0,Low
2020,2,Wednesday,21,KPK,Charsadda,National Highway,Good,Foggy,No Light,Van/Pickup,3,Mechanical Failure,0,0,0,1,4,0,Medium
2022,6,Saturday,16,Sindh,Karachi,Provincial Highway,Good,Rainy,Daylight,Van/Pickup,2,Pedestrian Error,0,1,0,0,4,1,Medium
2023,12,Monday,13,KPK,Charsadda,National Highway,Good,Rainy,Daylight,Car/Taxi,3,Over Speeding,1,0,0,1,6,0,High
2022,7,Wednesday,0,KPK,Mansehra,National Highway,Under Repair,Extreme Heat,Street Light,Rickshaw,3,Road Condition,0,0,1,0,3,1,Medium
2022,6,Tuesday,14,Sindh,Dadu,Provincial Highway,Average,Rainy,Daylight,Motorcycle,1,Over Speeding,0,0,0,0,6,1,High
2023,2,Saturday,19,AJK,Rawalakot,Provincial Highway,Good,Clear,Dawn/Dusk,Car/Taxi,3,Pedestrian Error,1,1,0,1,1,0,Low
2023,6,Saturday,15,Sindh,Jacobabad,Rural Road,Under Repair,Rainy,Daylight,Motorcycle,2,Pedestrian Error,0,1,0,0,2,0,Low
2022,9,Saturday,1,Punjab,Faisalabad,Urban Road,Good,Clear,No Light,Car/Taxi,1,Driver Fatigue,0,1,1,0,3,0,Medium
2022,6,Wednesday,6,KPK,Kohat,Urban Road,Under Repair,Foggy,Daylight,Motorcycle,1,Road Condition,0,0,0,0,1,0,Low
2023,5,Tuesday,10,Punjab,Lahore,Provincial Highway,Average,Clear,Daylight,Car/Taxi,2,Wrong Overtaking,0,0,0,0,2,0,Low
2019,11,Wednesday,6,KPK,Kohat,Provincial Highway,Good,Dusty/Smoggy,Daylight,Other,2,Over Speeding,0,0,0,1,0,0,Low
2018,7,Friday,7,Islamabad,Islamabad,Provincial Highway,Poor,Dusty/Smoggy,Daylight,Car/Taxi,2,Road Condition,1,0,0,0,0,0,Low
2022,7,Saturday,13,KPK,Charsadda,National Highway,Good,Clear,Daylight,Motorcycle,1,Road Condition,1,1,0,0,4,2,High
2022,4,Wednesday,9,Sindh,Kashmore,Motorway,Good,Clear,Daylight,Bus/Coach,4,Over Speeding,1,0,0,0,2,1,Medium
2020,7,Friday,10,Sindh,Sukkur,Urban Road,Under Repair,Rainy,Dawn/Dusk,Car/Taxi,3,Drunk Driving,0,0,0,0,2,1,Low
2022,7,Wednesday,18,Punjab,Sialkot,Provincial Highway,Good,Rainy,Daylight,Van/Pickup,1,Wrong Overtaking,1,0,0,0,4,0,Medium
2023,7,Friday,8,Punjab,Multan,National Highway,Poor,Rainy,No Light,Rickshaw,1,Signal Violation,1,0,0,0,3,2,Medium
2021,12,Sunday,18,Sindh,Thatta,National Highway,Good,Dusty/Smoggy,No Light,Rickshaw,3,Road Condition,1,1,0,1,2,1,Low
2023,2,Wednesday,17,KPK,Mardan,National Highway,Good,Clear,Dawn/Dusk,Rickshaw,2,Signal Violation,1,0,0,1,2,0,Low
2023,11,Sunday,22,KPK,Kohat,Rural Road,Good,Clear,Street Light,Motorcycle,2,Mechanical Failure,0,1,1,1,5,0,Medium
2022,11,Sunday,20,Punjab,Sialkot,Motorway,Average,Rainy,No Light,Car/Taxi,2,Over Speeding,1,1,0,1,9,2,High
2023,11,Friday,9,Sindh,Thatta,Urban Road,Poor,Dusty/Smoggy,Daylight,Rickshaw,1,Signal Violation,1,0,0,1,2,0,Low
2023,1,Monday,12,KPK,Mardan,Provincial Highway,Good,Clear,Daylight,Motorcycle,1,Signal Violation,1,0,0,1,3,0,Medium
2021,12,Sunday,19,Sindh,Dadu,Rural Road,Good,Foggy,No Light,Motorcycle,3,Road Condition,1,1,0,1,1,0,Low
2023,10,Thursday,13,Sindh,Jacobabad,Motorway,Good,Clear,Dawn/Dusk,Truck/Lorry,3,Over Speeding,1,0,0,0,4,3,High
2018,8,Monday,10,KPK,Dera Ismail Khan,Provincial Highway,Average,Clear,Daylight,Motorcycle,2,Pedestrian Error,0,0,0,0,0,0,Low
2023,10,Friday,8,KPK,Swat,Provincial Highway,Average,Clear,Street Light,Motorcycle,2,Wrong Overtaking,1,0,0,0,1,1,Medium
2022,7,Tuesday,19,Punjab,Rahim Yar Khan,Provincial Highway,Good,Clear,Daylight,Motorcycle,3,Pedestrian Error,1,0,0,0,2,0,Low
2022,9,Monday,9,Balochistan,Turbat,Provincial Highway,Average,Clear,Daylight,Car/Taxi,1,Over Speeding,1,0,0,0,2,0,Low
2021,5,Wednesday,16,Punjab,Bahawalpur,Urban Road,Good,Clear,Daylight,Van/Pickup,2,Driver Fatigue,0,0,0,0,1,0,Low
2019,9,Saturday,11,Gilgit-Baltistan,Skardu,Rural Road,Good,Clear,Daylight,Motorcycle,1,Over Speeding,0,1,0,0,3,1,High
2020,2,Friday,18,Punjab,Faisalabad,Rural Road,Poor,Clear,Daylight,Bicycle,3,Mobile Phone Use,1,0,0,1,1,0,Low
2019,1,Tuesday,10,Punjab,Sheikhupura,National Highway,Poor,Rainy,Daylight,Van/Pickup,2,Pedestrian Error,0,0,0,1,2,0,Low
2023,3,Saturday,12,Balochistan,Gwadar,National Highway,Good,Clear,Dawn/Dusk,Car/Taxi,1,Wrong Overtaking,1,1,0,0,2,0,Low
2023,5,Saturday,8,Punjab,Sargodha,Provincial Highway,Poor,Clear,Daylight,Car/Taxi,4,Pedestrian Error,1,1,0,0,2,0,Low
2023,2,Thursday,15,KPK,Dera Ismail Khan,National Highway,Average,Foggy,Daylight,Motorcycle,3,Wrong Overtaking,0,0,0,1,10,1,High
2019,12,Thursday,8,KPK,Swat,National Highway,Average,Dusty/Smoggy,Daylight,Car/Taxi,2,Over Speeding,1,0,0,1,5,0,Medium
2021,7,Saturday,18,Balochistan,Hub,National Highway,Average,Clear,Daylight,Motorcycle,1,Wrong Overtaking,1,1,0,0,2,1,High
2023,3,Thursday,20,Gilgit-Baltistan,Gilgit,Urban Road,Poor,Rainy,Street Light,Car/Taxi,1,Over Speeding,1,0,0,0,5,0,Medium
2021,11,Saturday,10,Punjab,Rahim Yar Khan,Provincial Highway,Average,Rainy,Daylight,Rickshaw,3,Road Condition,0,1,0,1,2,0,Medium
2020,9,Thursday,19,KPK,Peshawar,Urban Road,Average,Clear,Street Light,Motorcycle,2,Road Condition,1,0,0,0,3,1,Medium
2018,11,Wednesday,10,Punjab,Rahim Yar Khan,National Highway,Good,Foggy,Daylight,Motorcycle,3,Road Condition,0,0,0,1,4,1,High
2022,2,Sunday,10,Punjab,Rahim Yar Khan,Rural Road,Average,Clear,Daylight,Motorcycle,3,Signal Violation,0,1,0,1,2,2,Medium
2020,12,Friday,10,Balochistan,Khuzdar,Motorway,Poor,Clear,Daylight,Car/Taxi,3,Mechanical Failure,0,0,0,1,3,0,Medium
2023,3,Wednesday,9,Punjab,Sialkot,Rural Road,Good,Rainy,Daylight,Motorcycle,2,Signal Violation,1,0,0,0,9,0,High
2018,8,Friday,8,Sindh,Karachi,National Highway,Good,Foggy,Dawn/Dusk,Motorcycle,3,Pedestrian Error,1,0,0,0,5,2,High
2021,3,Sunday,21,Sindh,Larkana,Rural Road,Good,Clear,Street Light,Truck/Lorry,4,Over Speeding,0,1,0,0,3,2,Medium
2023,3,Friday,20,Sindh,Dadu,Provincial Highway,Good,Foggy,No Light,Motorcycle,2,Pedestrian Error,1,0,0,0,5,2,High
2022,12,Wednesday,12,AJK,Mirpur,Urban Road,Good,Clear,Daylight,Car/Taxi,2,Over Speeding,1,0,0,1,1,0,Low
2018,6,Monday,17,Punjab,Faisalabad,National Highway,Good,Rainy,Street Light,Bus/Coach,1,Over Speeding,1,0,0,0,4,2,High
2018,11,Thursday,2,Sindh,Hyderabad,Provincial Highway,Good,Clear,No Light,Motorcycle,2,Pedestrian Error,0,0,1,1,3,0,Medium
2023,10,Tuesday,18,Balochistan,Dera Bugti,Rural Road,Average,Clear,Dawn/Dusk,Car/Taxi,2,Mechanical Failure,1,0,0,0,0,0,Low
2023,10,Monday,12,Sindh,Kashmore,Provincial Highway,Poor,Clear,Dawn/Dusk,Rickshaw,3,Wrong Overtaking,1,0,0,0,2,0,Low
2023,9,Sunday,6,Punjab,Sargodha,Rural Road,Under Repair,Foggy,Daylight,Motorcycle,3,Over Speeding,0,1,0,0,6,1,High
2023,8,Saturday,17,Sindh,Jacobabad,Provincial Highway,Good,Rainy,Daylight,Motorcycle,1,Road Condition,1,1,0,0,1,0,Medium
2019,7,Friday,21,Punjab,Sialkot,Urban Road,Good,Rainy,No Light,Motorcycle,4,Over Speeding,0,0,0,0,2,0,High
2022,10,Monday,8,Punjab,Faisalabad,Provincial Highway,Good,Dusty/Smoggy,Street Light,Bus/Coach,3,Mechanical Failure,1,0,0,0,1,0,Low
2023,11,Thursday,2,Balochistan,Hub,National Highway,Good,Clear,No Light,Motorcycle,2,Over Speeding,0,0,1,1,10,1,High
2023,5,Sunday,15,Sindh,Nawabshah,Provincial Highway,Good,Clear,Daylight,Motorcycle,1,Pedestrian Error,0,1,0,0,2,0,Medium
2023,7,Wednesday,3,Islamabad,Islamabad,Provincial Highway,Good,Clear,No Light,Motorcycle,2,Wrong Overtaking,0,0,1,0,8,0,High
2020,4,Thursday,17,KPK,Mansehra,National Highway,Poor,Foggy,Dawn/Dusk,Rickshaw,2,Pedestrian Error,1,0,0,0,5,2,Medium
2022,12,Saturday,13,KPK,Dera Ismail Khan,Provincial Highway,Good,Extreme Heat,Daylight,Motorcycle,1,Driver Fatigue,1,1,0,1,8,3,High
2018,1,Saturday,12,Punjab,Sialkot,National Highway,Poor,Foggy,Daylight,Car/Taxi,1,Wrong Overtaking,1,1,0,1,2,0,Medium
2021,11,Thursday,22,Sindh,Nawabshah,National Highway,Good,Clear,No Light,Truck/Lorry,2,Driver Fatigue,0,0,1,1,6,2,High
2022,6,Monday,21,Punjab,Lahore,Rural Road,Average,Clear,Street Light,Motorcycle,3,Wrong Overtaking,0,0,0,0,0,0,Low
2019,4,Wednesday,9,Balochistan,Gwadar,Urban Road,Good,Dusty/Smoggy,Daylight,Car/Taxi,3,Drunk Driving,1,0,0,0,2,0,Low
2021,9,Wednesday,14,Punjab,Lahore,Urban Road,Good,Clear,No Light,Car/Taxi,2,Signal Violation,0,0,0,0,2,0,Low
2019,11,Sunday,18,Punjab,Rawalpindi,Provincial Highway,Poor,Rainy,Daylight,Rickshaw,2,Signal Violation,1,1,0,1,2,0,Low
2023,10,Monday,16,Sindh,Hyderabad,National Highway,Average,Clear,Daylight,Motorcycle,2,Wrong Overtaking,0,0,0,0,5,2,Medium
2018,4,Sunday,9,Punjab,Faisalabad,Urban Road,Poor,Rainy,Daylight,Motorcycle,4,Mechanical Failure,1,1,0,0,2,0,Medium
2020,12,Saturday,19,Punjab,Sialkot,National Highway,Average,Clear,Street Light,Motorcycle,2,Over Speeding,1,1,0,1,3,2,High