year,month,day_of_week,hour_of_day,province,district,road_type,road_condition,weather_condition,lighting_condition,vehicle_type,vehicles_involved,accident_cause,is_rush_hour,is_weekend,is_night,is_foggy_month,num_injured,num_killed,severity
2023,7,Saturday,18,Sindh,Karachi,Urban Road,Average,Clear,Daylight,Rickshaw,2,Over Speeding,1,1,0,0,2,0,Low
2019,3,Tuesday,13,Punjab,Multan,Provincial Highway,Good,Clear,Daylight,Bus/Coach,3,Over Speeding,1,0,0,0,3,0,Medium
2023,1,Sunday,13,Punjab,Sheikhupura,Rural Road,Average,Clear,No Light,Motorcycle,3,Road Condition,1,1,0,1,3,0,Medium
2021,7,Tuesday,17,Punjab,Rawalpindi,Rural Road,Good,Clear,Street Light,Motorcycle,4,Wrong Overtaking,1,0,0,0,1,1,Low
2019,5,Tuesday,8,KPK,Charsadda,Provincial Highway,Good,Clear,Daylight,Motorcycle,2,Drunk Driving,1,0,0,0,9,0,High
2022,9,Sunday,8,Sindh,Dadu,Motorway,Good,Clear,Dawn/Dusk,Bus/Coach,4,Over Speeding,1,1,0,0,5,1,High
2023,8,Friday,8,Sindh,Hyderabad,Urban Road,Poor,Foggy,Daylight,Car/Taxi,2,Over Speeding,1,0,0,0,0,1,Low
2022,5,Friday,4,Sindh,Mirpur Khas,Urban Road,Under Repair,Extreme Heat,Street Light,Motorcycle,2,Driver Fatigue,0,0,1,0,5,2,Medium
2023,7,Thursday,15,Punjab,Sialkot,National Highway,Good,Clear,Dawn/Dusk,Van/Pickup,3,Mechanical Failure,0,0,0,0,2,1,Low
2022,5,Sunday,23,Islamabad,Islamabad,Motorway,Good,Clear,Street Light,Motorcycle,1,Signal Violation,0,1,1,0,4,0,High
2021,7,Tuesday,20,Punjab,Gujranwala,National Highway,Average,Clear,Street Light,Rickshaw,2,Over Speeding,1,0,0,0,3,2,Medium
2019,10,Friday,16,KPK,Mansehra,National Highway,Good,Clear,Daylight,Motorcycle,3,Wrong Overtaking,0,0,0,0,8,0,High
2023,1,Wednesday,9,Balochistan,Hub,National Highway,Poor,Dusty/Smoggy,Daylight,Truck/Lorry,1,Over Speeding,1,0,0,1,10,2,High
2019,7,Monday,9,KPK,Nowshera,National Highway,Good,Clear,Daylight,Motorcycle,2,Road Condition,1,0,0,0,1,0,Medium
2019,5,Thursday,16,Punjab,Gujranwala,Motorway,Poor,Dusty/Smoggy,Daylight,Truck/Lorry,3,Over Speeding,0,0,0,0,4,0,Medium
2020,7,Sunday,15,Punjab,Gujranwala,Provincial Highway,Poor,Rainy,Daylight,Car/Taxi,2,Pedestrian Error,0,1,0,0,2,0,Medium
2022,12,Friday,14,KPK,Nowshera,National Highway,Average,Foggy,Street Light,Van/Pickup,2,Road Condition,0,0,0,1,1,0,Low
2023,7,Friday,19,Punjab,Rawalpindi,National Highway,Poor,Foggy,No Light,Motorcycle,1,Wrong Overtaking,1,0,0,0,6,1,High
2019,1,Tuesday,17,KPK,Dera Ismail Khan,National Highway,Average,Dusty/Smoggy,Daylight,Bus/Coach,3,Pedestrian Error,1,0,0,1,5,1,Medium
2019,7,Monday,20,KPK,Nowshera,National Highway,Good,Rainy,No Light,Car/Taxi,1,Road Condition,1,0,0,0,3,1,Medium
2021,2,Tuesday,10,KPK,Charsadda,National Highway,Average,Clear,Daylight,Motorcycle,2,Over Speeding,0,0,0,1,5,3,High
2023,2,Friday,22,Punjab,Gujranwala,National Highway,Good,Clear,No Light,Motorcycle,1,Wrong Overtaking,0,0,1,1,2,0,High
2020,3,Monday,9,KPK,Swat,National Highway,Good,Clear,Daylight,Car/Taxi,3,Mechanical Failure,1,0,0,0,2,0,Low
2021,11,Sunday,9,KPK,Mardan,Provincial Highway,Good,Clear,Daylight,Motorcycle,3,Signal Violation,1,1,0,1,3,0,Medium
2018,7,Saturday,6,KPK,Kohat,Motorway,Average,Rainy,Daylight,Motorcycle,4,Driver Fatigue,0,1,0,0,9,1,High
2023,10,Wednesday,20,Punjab,Sialkot,Urban Road,Poor,Foggy,No Light,Car/Taxi,2,Signal Violation,1,0,0,0,0,1,Low
2021,5,Friday,12,Punjab,Sheikhupura,Provincial Highway,Average,Clear,Daylight,Car/Taxi,1,Road Condition,1,0,0,0,2,0,Low
2020,11,Wednesday,3,Punjab,Sialkot,Motorway,Poor,Dusty/Smoggy,No Light,Car/Taxi,1,Signal Violation,0,0,1,1,3,0,Medium
2018,2,Saturday,17,Punjab,Sialkot,Urban Road,Under Repair,Rainy,Daylight,Bicycle,2,Over Speeding,1,1,0,1,5,1,Medium
2018,1,Saturday,17,Sindh,Nawabshah,Provincial Highway,Poor,Clear,Daylight,Truck/Lorry,2,Over Speeding,1,1,0,1,6,4,High
2019,12,Friday,5,Balochistan,Chaman,Rural Road,Poor,Clear,No Light,Truck/Lorry,2,Road Condition,0,0,1,1,0,0,Low
2023,4,Friday,8,Punjab,Sialkot,Provincial Highway,Good,Clear,Daylight,Motorcycle,2,Mechanical Failure,1,0,0,0,3,1,Medium
2023,12,Wednesday,21,Balochistan,Quetta,National Highway,Poor,Extreme Heat,No Light,Motorcycle,2,Driver Fatigue,0,0,0,1,2,1,High
2018,12,Saturday,20,Punjab,Lahore,Urban Road,Good,Clear,Street Light,Bicycle,1,Over Speeding,1,1,0,1,2,1,High
2018,12,Sunday,12,Punjab,Rahim Yar Khan,Urban Road,Average,Clear,Daylight,Bus/Coach,3,Drunk Driving,1,1,0,1,2,0,Low
2020,9,Friday,0,Punjab,Faisalabad,Motorway,Poor,Foggy,No Light,Motorcycle,4,Over Speeding,0,0,1,0,2,0,High
2021,1,Saturday,7,Punjab,Lahore,National Highway,Average,Clear,Daylight,Van/Pickup,1,Road Condition,1,1,0,1,0,0,Low
2023,5,Tuesday,11,Balochistan,Khuzdar,Provincial Highway,Good,Clear,Daylight,Bus/Coach,3,Mobile Phone Use,0,0,0,0,2,0,Medium
2022,1,Thursday,8,Punjab,Rawalpindi,Urban Road,Good,Rainy,Daylight,Rickshaw,2,Pedestrian Error,1,0,0,1,0,0,Low
2023,4,Wednesday,21,Sindh,Larkana,Urban Road,Average,Clear,Street Light,Rickshaw,2,Over Speeding,0,0,0,0,2,0,Low
2023,11,Friday,6,Sindh,Nawabshah,Provincial Highway,Good,Foggy,Daylight,Truck/Lorry,3,Over Speeding,0,0,0,1,8,1,High
2019,6,Saturday,5,Islamabad,Islamabad,National Highway,Good,Foggy,Street Light,Motorcycle,1,Drunk Driving,0,1,1,0,7,3,High
2022,1,Tuesday,13,Punjab,Rahim Yar Khan,National Highway,Good,Rainy,Daylight,Other,2,Road Condition,1,0,0,1,2,0,Low
2023,1,Thursday,8,Punjab,Sargodha,Motorway,Good,Clear,Daylight,Bicycle,4,Wrong Overtaking,1,0,0,1,2,2,High
2019,12,Tuesday,20,Punjab,Sheikhupura,National Highway,Good,Foggy,No Light,Motorcycle,2,Road Condition,1,0,0,1,9,0,High
2022,11,Sunday,9,Sindh,Thatta,Urban Road,Good,Clear,Daylight,Truck/Lorry,1,Mechanical Failure,1,1,0,1,0,0,Low
2018,3,Saturday,13,Punjab,Sialkot,National Highway,Good,Dusty/Smoggy,Daylight,Motorcycle,3,Mechanical Failure,1,1,0,0,2,0,Medium
2023,7,Saturday,20,Balochistan,Sibi,National Highway,Good,Extreme Heat,Street Light,Car/Taxi,2,Road Condition,1,1,0,0,3,0,Medium
2019,8,Thursday,18,Sindh,Larkana,Rural Road,Average,Clear,Daylight,Car/Taxi,2,Road Condition,1,0,0,0,2,0,Low
2021,12,Friday,17,Sindh,Nawabshah,Provincial Highway,Under Repair,Clear,Daylight,Motorcycle,2,Wrong Overtaking,1,0,0,1,10,1,High
2021,4,Wednesday,11,Sindh,Jacobabad,Motorway,Poor,Foggy,Daylight,Motorcycle,2,Drunk Driving,0,0,0,0,3,1,High
2022,3,Sunday,12,Punjab,Faisalabad,Urban Road,Average,Clear,Daylight,Bus/Coach,1,Road Condition,1,1,0,0,2,0,Low
2023,5,Sunday,20,Sindh,Karachi,Provincial Highway,Under Repair,Rainy,Street Light,Rickshaw,2,Mechanical Failure,1,1,0,0,0,0,Low
2021,5,Tuesday,14,Gilgit-Baltistan,Skardu,Provincial Highway,Good,Clear,Daylight,Motorcycle,2,Road Condition,0,0,0,0,4,0,Medium
2020,5,Saturday,16,KPK,Dera Ismail Khan,National Highway,Good,Clear,Daylight,Truck/Lorry,2,Pedestrian Error,0,1,0,0,2,0,Medium
2021,2,Tuesday,9,Balochistan,Chaman,Rural Road,Good,Foggy,Street Light,Car/Taxi,4,Mechanical Failure,1,0,0,1,0,0,Low
2022,10,Friday,11,KPK,Charsadda,National Highway,Average,Rainy,Daylight,Motorcycle,2,Over Speeding,0,0,0,0,8,2,High
2021,8,Thursday,19,Punjab,Sargodha,National Highway,Average,Foggy,No Light,Motorcycle,2,Over Speeding,1,0,0,0,8,0,High
2022,11,Friday,13,Punjab,Sheikhupura,Rural Road,Good,Dusty/Smoggy,Daylight,Truck/Lorry,3,Signal Violation,1,0,0,1,0,0,Low
2018,1,Sunday,9,Punjab,Sheikhupura,Motorway,Average,Rainy,Daylight,Motorcycle,3,Mechanical Failure,1,1,0,1,4,1,Medium
2022,12,Monday,17,Punjab,Rawalpindi,Provincial Highway,Good,Foggy,Daylight,Motorcycle,2,Road Condition,1,0,0,1,2,1,Medium
2020,6,Friday,6,Punjab,Lahore,Rural Road,Average,Clear,Daylight,Truck/Lorry,1,Pedestrian Error,0,0,0,0,0,0,Low
2020,10,Saturday,22,Sindh,Dadu,Rural Road,Average,Clear,Street Light,Motorcycle,1,Wrong Overtaking,0,1,1,0,7,2,High
2020,5,Saturday,18,KPK,Peshawar,Rural Road,Average,Clear,Daylight,Rickshaw,4,Road Condition,1,1,0,0,1,0,Low
2019,10,Monday,16,Balochistan,Quetta,Rural Road,Good,Clear,Daylight,Car/Taxi,1,Pedestrian Error,0,0,0,0,1,0,Low
2022,3,Monday,12,KPK,Kohat,Rural Road,Average,Clear,Daylight,Truck/Lorry,3,Driver Fatigue,1,0,0,0,4,0,Medium
2023,4,Friday,14,Islamabad,Islamabad,National Highway,Poor,Clear,Daylight,Motorcycle,2,Wrong Overtaking,0,0,0,0,11,1,High
2020,9,Saturday,20,Punjab,Faisalabad,Provincial Highway,Poor,Dusty/Smoggy,No Light,Car/Taxi,4,Wrong Overtaking,1,1,0,0,2,1,Low
2023,12,Saturday,20,Punjab,Faisalabad,Urban Road,Average,Foggy,Street Light,Motorcycle,2,Wrong Overtaking,1,1,0,1,4,3,High
2023,7,Monday,21,KPK,Kohat,National Highway,Average,Clear,No Light,Car/Taxi,3,Wrong Overtaking,0,0,0,0,0,0,Low
2023,6,Monday,21,Punjab,Sargodha,Provincial Highway,Good,Clear,No Light,Car/Taxi,3,Road Condition,0,0,0,0,2,0,Low
2023,6,Saturday,1,Punjab,Sialkot,Urban Road,Poor,Rainy,No Light,Car/Taxi,3,Drunk Driving,0,1,1,0,4,1,High
2019,8,Wednesday,10,Punjab,Gujranwala,National Highway,Average,Clear,Daylight,Rickshaw,3,Signal Violation,0,0,0,0,4,0,Medium
2018,1,Tuesday,12,Punjab,Rawalpindi,Urban Road,Good,Dusty/Smoggy,Daylight,Motorcycle,1,Wrong Overtaking,1,0,0,1,0,0,Low
2020,12,Tuesday,8,Sindh,Dadu,National Highway,Good,Extreme Heat,Daylight,Motorcycle,3,Over Speeding,1,0,0,1,4,0,High
2018,2,Wednesday,0,Sindh,Thatta,National Highway,Good,Foggy,No Light,Motorcycle,2,Wrong Overtaking,0,0,1,1,3,1,High
2018,8,Sunday,9,Sindh,Sukkur,Urban Road,Good,Rainy,Daylight,Motorcycle,2,Over Speeding,1,1,0,0,4,0,Medium
2020,6,Friday,10,KPK,Nowshera,Urban Road,Poor,Dusty/Smoggy,Daylight,Car/Taxi,1,Signal Violation,0,0,0,0,0,0,Low
2023,5,Sunday,13,Punjab,Rawalpindi,Urban Road,Average,Clear,No Light,Motorcycle,3,Over Speeding,1,1,0,0,7,2,High
2022,2,Friday,19,Punjab,Sialkot,National Highway,Average,Clear,Dawn/Dusk,Rickshaw,3,Signal Violation,1,0,0,1,2,0,Low
2022,7,Saturday,4,Punjab,Rawalpindi,National Highway,Poor,Clear,No Light,Motorcycle,4,Over Speeding,0,1,1,0,9,3,High
2020,12,Saturday,17,Punjab,Bahawalpur,Provincial Highway,Good,Rainy,Dawn/Dusk,Motorcycle,1,Over Speeding,1,1,0,1,9,1,High
2023,1,Saturday,18,KPK,Abbottabad,National Highway,Good,Foggy,Daylight,Motorcycle,2,Wrong Overtaking,1,1,0,1,6,1,High
2019,12,Friday,20,KPK,Kohat,Provincial Highway,Poor,Clear,Street Light,Car/Taxi,4,Drunk Driving,1,0,0,1,0,0,Low
2018,7,Saturday,22,KPK,Abbottabad,Urban Road,Under Repair,Rainy,Street Light,Motorcycle,2,Drunk Driving,0,1,1,0,10,4,High
2022,8,Wednesday,13,Punjab,Bahawalpur,Urban Road,Poor,Extreme Heat,Daylight,Truck/Lorry,2,Drunk Driving,1,0,0,0,3,1,Medium
2020,12,Friday,6,Sindh,Kashmore,National Highway,Poor,Clear,Daylight,Rickshaw,2,Pedestrian Error,0,0,0,1,0,0,Low
2019,6,Sunday,15,Sindh,Dadu,National Highway,Good,Foggy,Daylight,Motorcycle,1,Pedestrian Error,0,1,0,0,3,0,High
2020,12,Tuesday,20,Sindh,Nawabshah,National Highway,Poor,Clear,Street Light,Truck/Lorry,1,Pedestrian Error,1,0,0,1,2,0,Medium
2023,2,Sunday,19,Sindh,Kashmore,Rural Road,Poor,Rainy,No Light,Rickshaw,1,Signal Violation,1,1,0,1,2,0,Medium
2022,4,Tuesday,20,Sindh,Larkana,Urban Road,Under Repair,Clear,No Light,Bus/Coach,2,Wrong Overtaking,1,0,0,0,2,0,Low
2023,5,Sunday,21,Sindh,Kashmore,Rural Road,Poor,Dusty/Smoggy,Street Light,Car/Taxi,3,Over Speeding,0,1,0,0,0,1,Low
2021,2,Monday,19,KPK,Swat,National Highway,Average,Clear,No Light,Bus/Coach,2,Signal Violation,1,0,0,1,5,1,High
2018,5,Friday,9,Punjab,Gujranwala,Urban Road,Average,Foggy,Daylight,Motorcycle,2,Over Speeding,1,0,0,0,2,1,High
2023,7,Saturday,12,KPK,Abbottabad,Urban Road,Good,Clear,Dawn/Dusk,Truck/Lorry,2,Wrong Overtaking,1,1,0,0,1,0,Low
2022,3,Thursday,9,Punjab,Multan,National Highway,Good,Rainy,Daylight,Truck/Lorry,1,Driver Fatigue,1,0,0,0,9,0,High
2018,2,Saturday,19,Punjab,Multan,Urban Road,Good,Clear,Dawn/Dusk,Motorcycle,2,Over Speeding,1,1,0,1,4,0,Medium
2019,9,Friday,12,AJK,Muzaffarabad,National Highway,Average,Foggy,Daylight,Car/Taxi,3,Signal Violation,1,0,0,0,1,0,Medium
2023,6,Friday,18,Islamabad,Islamabad,Provincial Highway,Good,Foggy,Daylight,Motorcycle,3,Road Condition,1,0,0,0,2,0,Medium
2018,9,Sunday,17,Punjab,Lahore,Urban Road,Poor,Foggy,Daylight,Truck/Lorry,1,Over Speeding,1,1,0,0,2,0,Medium
2023,1,Monday,20,Sindh,Dadu,National Highway,Good,Foggy,No Light,Bus/Coach,2,Wrong Overtaking,1,0,0,1,3,0,High
2019,1,Friday,2,Punjab,Rawalpindi,Provincial Highway,Good,Rainy,Street Light,Car/Taxi,3,Drunk Driving,0,0,1,1,1,1,Medium
2018,12,Thursday,13,Sindh,Mirpur Khas,Urban Road,Good,Rainy,Daylight,Car/Taxi,4,Signal Violation,1,0,0,1,1,0,Low
2021,9,Friday,6,KPK,Mardan,National Highway,Average,Foggy,Dawn/Dusk,Rickshaw,2,Signal Violation,0,0,0,0,4,0,Medium
2019,5,Wednesday,20,Islamabad,Islamabad,Rural Road,Good,Clear,No Light,Motorcycle,2,Mobile Phone Use,1,0,0,0,0,0,Low
2023,6,Sunday,11,Sindh,Karachi,Provincial Highway,Poor,Dusty/Smoggy,Daylight,Rickshaw,4,Road Condition,0,1,0,0,1,0,Low
2020,10,Monday,7,Punjab,Sargodha,Provincial Highway,Average,Clear,Daylight,Bus/Coach,2,Over Speeding,1,0,0,0,5,2,Medium
2019,12,Sunday,19,Sindh,Kashmore,National Highway,Average,Clear,Dawn/Dusk,Bus/Coach,2,Over Speeding,1,1,0,1,2,0,Medium
2019,5,Sunday,9,Punjab,Sheikhupura,Motorway,Under Repair,Clear,Daylight,Truck/Lorry,2,Over Speeding,1,1,0,0,5,0,Medium
2022,4,Tuesday,12,Balochistan,Gwadar,Urban Road,Under Repair,Clear,Daylight,Rickshaw,2,Mechanical Failure,1,0,0,0,0,0,Low
2023,12,Friday,11,Balochistan,Gwadar,Urban Road,Average,Clear,Street Light,Bus/Coach,2,Road Condition,0,0,0,1,0,0,Low
2023,12,Friday,6,Sindh,Sukkur,Urban Road,Average,Rainy,Daylight,Truck/Lorry,4,Over Speeding,0,0,0,1,2,2,Medium
2020,5,Friday,19,Punjab,Rawalpindi,Provincial Highway,Good,Clear,Dawn/Dusk,Motorcycle,2,Mobile Phone Use,1,0,0,0,4,0,Medium
2019,1,Thursday,6,Punjab,Faisalabad,Provincial Highway,Good,Rainy,Daylight,Motorcycle,1,Mechanical Failure,0,0,0,1,4,4,High
2021,5,Saturday,4,Punjab,Rawalpindi,Provincial Highway,Good,Foggy,No Light,Bus/Coach,3,Signal Violation,0,1,1,0,1,1,Medium
2019,5,Wednesday,21,KPK,Kohat,National Highway,Good,Clear,No Light,Motorcycle,2,Wrong Overtaking,0,0,0,0,4,0,Medium
2018,10,Saturday,11,Sindh,Thatta,Urban Road,Good,Dusty/Smoggy,Daylight,Car/Taxi,3,Drunk Driving,0,1,0,0,2,0,Low
2021,1,Sunday,20,Punjab,Bahawalpur,Provincial Highway,Average,Foggy,No Light,Motorcycle,2,Pedestrian Error,1,1,0,1,2,2,Medium
2023,11,Monday,21,Sindh,Mirpur Khas,National Highway,Under Repair,Clear,Street Light,Car/Taxi,1,Pedestrian Error,0,0,0,1,0,0,Low
2022,1,Monday,10,KPK,Peshawar,Rural Road,Under Repair,Clear,Daylight,Truck/Lorry,1,Over Speeding,0,0,0,1,5,0,Medium
2023,9,Sunday,17,Punjab,Rahim Yar Khan,National Highway,Good,Clear,Daylight,Car/Taxi,2,Road Condition,1,1,0,0,2,0,Low
2021,2,Wednesday,11,Balochistan,Turbat,National Highway,Good,Foggy,Daylight,Motorcycle,1,Over Speeding,0,0,0,1,5,4,High
2023,2,Wednesday,9,Balochistan,Chaman,National Highway,Average,Rainy,Daylight,Car/Taxi,2,Driver Fatigue,1,0,0,1,10,0,High
2022,3,Sunday,20,Islamabad,Islamabad,Provincial Highway,Poor,Clear,No Light,Other,3,Signal Violation,1,1,0,0,2,0,Low
2021,5,Saturday,20,Punjab,Rahim Yar Khan,Urban Road,Average,Clear,Street Light,Motorcycle,2,Over Speeding,1,1,0,0,2,2,Medium
2022,5,Saturday,21,Punjab,Sheikhupura,National Highway,Poor,Foggy,No Light,Bus/Coach,2,Over Speeding,0,1,0,0,4,0,High
2019,5,Friday,4,Punjab,Sargodha,National Highway,Good,Dusty/Smoggy,No Light,Car/Taxi,1,Over Speeding,0,0,1,0,5,1,Medium
2022,10,Friday,20,Punjab,Sheikhupura,Urban Road,Poor,Clear,Street Light,Motorcycle,1,Mobile Phone Use,1,0,0,0,1,0,Medium
2018,12,Saturday,12,Punjab,Sheikhupura,Urban Road,Good,Foggy,Daylight,Motorcycle,3,Wrong Overtaking,1,1,0,1,3,0,Medium
2023,7,Tuesday,13,Sindh,Nawabshah,Motorway,Poor,Rainy,Daylight,Truck/Lorry,2,Over Speeding,1,0,0,0,3,2,High
2022,3,Tuesday,18,Sindh,Nawabshah,Urban Road,Average,Clear,No Light,Car/Taxi,4,Signal Violation,1,0,0,0,0,0,Low
2018,9,Monday,5,Balochistan,Loralai,Urban Road,Average,Dusty/Smoggy,No Light,Bus/Coach,1,Signal Violation,0,0,1,0,1,0,Low
2022,8,Saturday,21,Punjab,Lahore,Provincial Highway,Good,Clear,No Light,Van/Pickup,2,Over Speeding,0,1,0,0,2,0,Low
2021,12,Sunday,3,Sindh,Dadu,National Highway,Good,Dusty/Smoggy,No Light,Bus/Coach,3,Wrong Overtaking,0,1,1,1,4,4,High
2020,3,Wednesday,22,KPK,Peshawar,Motorway,Good,Rainy,Street Light,Motorcycle,3,Mobile Phone Use,0,0,1,0,2,1,High
2019,1,Friday,14,KPK,Charsadda,Urban Road,Average,Extreme Heat,Street Light,Motorcycle,2,Road Condition,0,0,0,1,1,2,Medium
2023,1,Saturday,0,Balochistan,Dera Bugti,Provincial Highway,Good,Foggy,No Light,Car/Taxi,2,Signal Violation,0,1,1,1,3,0,Medium
2020,7,Monday,20,KPK,Mardan,Provincial Highway,Good,Clear,No Light,Car/Taxi,2,Mobile Phone Use,1,0,0,0,2,0,Low
2020,11,Sunday,18,Islamabad,Islamabad,Motorway,Poor,Dusty/Smoggy,Daylight,Motorcycle,3,Over Speeding,1,1,0,1,3,1,High
2021,5,Friday,20,Punjab,Rahim Yar Khan,Provincial Highway,Under Repair,Clear,No Light,Car/Taxi,2,Weather Condition,1,0,0,0,1,0,Low
2023,12,Tuesday,7,Sindh,Jacobabad,Motorway,Good,Clear,Dawn/Dusk,Motorcycle,1,Wrong Overtaking,1,0,0,1,1,1,Medium
2020,12,Sunday,18,Punjab,Gujranwala,Urban Road,Average,Clear,Street Light,Motorcycle,2,Road Condition,1,1,0,1,2,0,Medium
2019,10,Friday,0,Punjab,Bahawalpur,Rural Road,Good,Foggy,Street Light,Motorcycle,1,Wrong Overtaking,0,0,1,0,6,4,High
2020,6,Wednesday,8,Punjab,Rahim Yar Khan,Urban Road,Poor,Rainy,Daylight,Motorcycle,1,Pedestrian Error,1,0,0,0,1,0,Medium
2018,3,Wednesday,14,Punjab,Sargodha,National Highway,Good,Rainy,Daylight,Bus/Coach,1,Road Condition,0,0,0,0,2,0,Medium
2023,12,Thursday,15,Punjab,Bahawalpur,Urban Road,Average,Clear,No Light,Motorcycle,4,Mechanical Failure,0,0,0,1,1,1,Medium
2021,5,Sunday,17,Punjab,Faisalabad,Motorway,Average,Clear,Daylight,Rickshaw,2,Driver Fatigue,1,1,0,0,1,1,Medium
2022,7,Wednesday,11,Punjab,Rahim Yar Khan,Provincial Highway,Good,Rainy,Daylight,Motorcycle,3,Over Speeding,0,0,0,0,10,2,High
2020,2,Tuesday,18,Balochistan,Sibi,Provincial Highway,Good,Clear,Daylight,Rickshaw,2,Over Speeding,1,0,0,1,4,1,Medium
2022,6,Thursday,18,Punjab,Sialkot,National Highway,Average,Foggy,Daylight,Motorcycle,2,Driver Fatigue,1,0,0,0,7,0,High
2018,3,Friday,18,KPK,Mansehra,Provincial Highway,Average,Foggy,Daylight,Rickshaw,1,Pedestrian Error,1,0,0,0,0,0,Low
2018,9,Thursday,10,Punjab,Sialkot,National Highway,Poor,Clear,Daylight,Rickshaw,1,Wrong Overtaking,0,0,0,0,1,0,Medium
2022,12,Monday,12,Balochistan,Quetta,Rural Road,Poor,Rainy,Dawn/Dusk,Rickshaw,2,Over Speeding,1,0,0,1,4,0,Medium
2022,12,Sunday,20,Balochistan,Loralai,National Highway,Average,Clear,No Light,Truck/Lorry,4,Wrong Overtaking,1,1,0,1,4,0,Medium
2021,2,Wednesday,20,Sindh,Hyderabad,Urban Road,Under Repair,Rainy,No Light,Car/Taxi,2,Wrong Overtaking,1,0,0,1,0,0,Low
2022,12,Friday,10,KPK,Mardan,Provincial Highway,Good,Clear,Daylight,Car/Taxi,3,Mechanical Failure,0,0,0,1,1,0,Low
2022,2,Friday,19,Punjab,Gujranwala,Rural Road,Poor,Clear,Street Light,Car/Taxi,2,Mechanical Failure,1,0,0,1,0,0,Low
2019,7,Friday,16,AJK,Muzaffarabad,Urban Road,Average,Clear,Daylight,Rickshaw,4,Signal Violation,0,0,0,0,2,0,Low
2019,7,Tuesday,18,Balochistan,Zhob,Rural Road,Average,Clear,Daylight,Car/Taxi,1,Over Speeding,1,0,0,0,2,0,Low
2022,7,Wednesday,6,Balochistan,Quetta,National Highway,Average,Clear,Daylight,Motorcycle,3,Signal Violation,0,0,0,0,4,0,Medium
2022,2,Friday,14,Sindh,Karachi,Rural Road,Good,Clear,Street Light,Truck/Lorry,3,Over Speeding,0,0,0,1,0,0,Low
2023,12,Saturday,18,Punjab,Lahore,National Highway,Good,Clear,Daylight,Rickshaw,1,Wrong Overtaking,1,1,0,1,5,0,Medium
2020,10,Thursday,6,Balochistan,Loralai,Rural Road,Average,Clear,Daylight,Bus/Coach,4,Over Speeding,0,0,0,0,4,0,Medium
2021,2,Friday,23,Punjab,Lahore,Rural Road,Average,Clear,No Light,Bus/Coach,4,Signal Violation,0,0,1,1,1,0,Medium
2020,10,Sunday,13,Sindh,Dadu,National Highway,Under Repair,Clear,Daylight,Motorcycle,1,Driver Fatigue,1,1,0,0,8,2,High
2018,7,Tuesday,9,Punjab,Rawalpindi,Urban Road,Good,Foggy,Daylight,Motorcycle,3,Signal Violation,1,0,0,0,5,1,Medium
2021,11,Sunday,14,Islamabad,Islamabad,Provincial Highway,Poor,Clear,Daylight,Motorcycle,2,Signal Violation,0,1,0,1,4,1,High
2022,11,Saturday,11,Punjab,Rahim Yar Khan,Provincial Highway,Good,Clear,Daylight,Truck/Lorry,2,Signal Violation,0,1,0,1,2,1,Medium
2020,6,Saturday,13,Punjab,Faisalabad,National Highway,Good,Clear,Daylight,Motorcycle,1,Drunk Driving,1,1,0,0,4,1,High
2023,12,Wednesday,12,Sindh,Nawabshah,Rural Road,Poor,Clear,Daylight,Motorcycle,2,Over Speeding,1,0,0,1,5,2,Medium
2022,8,Sunday,7,KPK,Mardan,National Highway,Average,Clear,Daylight,Truck/Lorry,1,Signal Violation,1,1,0,0,2,1,Medium
2023,1,Thursday,5,Sindh,Mirpur Khas,Urban Road,Poor,Clear,Street Light,Rickshaw,2,Drunk Driving,0,0,1,1,0,0,Low
2021,7,Saturday,8,Punjab,Gujranwala,Urban Road,Good,Dusty/Smoggy,Daylight,Car/Taxi,1,Over Speeding,1,1,0,0,1,0,Low
2023,4,Tuesday,21,Punjab,Sheikhupura,Motorway,Good,Clear,No Light,Car/Taxi,1,Weather Condition,0,0,0,0,3,0,Medium
2021,11,Friday,23,KPK,Swat,National Highway,Good,Clear,No Light,Car/Taxi,1,Wrong Overtaking,0,0,1,1,5,0,Medium
2019,3,Saturday,22,AJK,Rawalakot,Provincial Highway,Good,Rainy,No Light,Rickshaw,4,Signal Violation,0,1,1,0,2,0,Medium
2022,6,Wednesday,22,KPK,Nowshera,National Highway,Good,Clear,Street Light,Van/Pickup,4,Wrong Overtaking,0,0,1,0,4,0,Medium
2018,4,Saturday,13,Sindh,Karachi,Rural Road,Good,Clear,Street Light,Motorcycle,2,Wrong Overtaking,1,1,0,0,4,0,Medium
2018,1,Tuesday,19,Balochistan,Zhob,Provincial Highway,Poor,Clear,Dawn/Dusk,Motorcycle,2,Over Speeding,1,0,0,1,2,0,High
2023,2,Monday,11,Punjab,Sialkot,National Highway,Good,Rainy,Daylight,Truck/Lorry,2,Pedestrian Error,0,0,0,1,3,2,High
2020,10,Monday,20,Sindh,Kashmore,Urban Road,Good,Clear,No Light,Van/Pickup,2,Wrong Overtaking,1,0,0,0,0,0,Low
2018,8,Monday,12,Sindh,Thatta,Provincial Highway,Good,Foggy,Daylight,Motorcycle,2,Signal Violation,1,0,0,0,7,0,High
2023,12,Sunday,13,Sindh,Nawabshah,Rural Road,Good,Dusty/Smoggy,Daylight,Car/Taxi,3,Pedestrian Error,1,1,0,1,2,0,Low
2022,8,Saturday,19,KPK,Charsadda,Urban Road,Average,Clear,Dawn/Dusk,Bus/Coach,2,Road Condition,1,1,0,0,2,0,Low