year,month,day_of_week,hour_of_day,province,district,road_type,road_condition,weather_condition,lighting_condition,vehicle_type,vehicles_involved,accident_cause,is_rush_hour,is_weekend,is_night,is_foggy_month,num_injured,num_killed,severity
2023,12,Thursday,16,Sindh,Nawabshah,National Highway,Good,Clear,Street Light,Truck/Lorry,2,Wrong Overtaking,0,0,0,1,8,1,High
2019,7,Friday,8,Punjab,Bahawalpur,Rural Road,Under Repair,Clear,Daylight,Motorcycle,2,Road Condition,1,0,0,0,0,0,Low
2022,10,Tuesday,21,Punjab,Gujranwala,Motorway,Average,Foggy,Street Light,Motorcycle,4,Pedestrian Error,0,0,0,0,4,2,Medium
2023,10,Sunday,9,Punjab,Sheikhupura,Urban Road,Poor,Clear,Daylight,Car/Taxi,1,Pedestrian Error,1,1,0,0,2,0,Low
2023,10,Tuesday,2,Sindh,Larkana,Rural Road,Good,Extreme Heat,No Light,Car/Taxi,3,Signal Violation,0,0,1,0,3,1,Medium
2023,9,Thursday,17,Punjab,Sialkot,Rural Road,Good,Clear,Street Light,Motorcycle,3,Over Speeding,1,0,0,0,1,0,Medium
2023,8,Monday,4,Punjab,Faisalabad,Rural Road,Average,Clear,No Light,Car/Taxi,3,Road Condition,0,0,1,0,2,0,Low
2021,1,Wednesday,13,Sindh,Sukkur,Urban Road,Good,Foggy,Dawn/Dusk,Truck/Lorry,1,Over Speeding,1,0,0,1,2,1,High
2019,11,Friday,10,KPK,Swat,National Highway,Under Repair,Foggy,Daylight,Rickshaw,2,Mechanical Failure,0,0,0,1,3,0,Medium
2020,8,Monday,18,KPK,Abbottabad,Provincial Highway,Good,Dusty/Smoggy,Daylight,Motorcycle,3,Over Speeding,1,0,0,0,1,0,Medium
2022,12,Sunday,12,Sindh,Jacobabad,Rural Road,Good,Clear,Street Light,Car/Taxi,2,Weather Condition,1,1,0,1,2,0,Low
2023,2,Monday,8,Balochistan,Sibi,National Highway,Poor,Clear,Daylight,Truck/Lorry,3,Wrong Overtaking,1,0,0,1,5,2,High
2021,3,Thursday,1,Islamabad,Islamabad,Urban Road,Good,Rainy,Street Light,Truck/Lorry,3,Wrong Overtaking,0,0,1,0,9,0,High
2020,10,Monday,23,KPK,Mansehra,Provincial Highway,Average,Rainy,No Light,Car/Taxi,2,Over Speeding,0,0,1,0,1,2,Medium
2022,7,Tuesday,7,Sindh,Sukkur,Rural Road,Good,Dusty/Smoggy,Daylight,Motorcycle,1,Signal Violation,1,0,0,0,2,1,Medium
2023,4,Thursday,23,Punjab,Sheikhupura,Provincial Highway,Good,Clear,No Light,Car/Taxi,2,Over Speeding,0,0,1,0,2,0,Medium
2023,7,Wednesday,17,AJK,Muzaffarabad,National Highway,Good,Extreme Heat,Daylight,Rickshaw,1,Over Speeding,1,0,0,0,3,3,High
2021,5,Wednesday,15,Punjab,Gujranwala,Urban Road,Good,Rainy,Daylight,Motorcycle,2,Over Speeding,0,0,0,0,4,0,Medium
2021,7,Wednesday,10,Punjab,Rahim Yar Khan,National Highway,Poor,Foggy,Daylight,Motorcycle,1,Over Speeding,0,0,0,0,11,3,High
2023,6,Sunday,17,Sindh,Kashmore,National Highway,Average,Foggy,Dawn/Dusk,Bus/Coach,2,Wrong Overtaking,1,1,0,0,11,2,High
2023,9,Thursday,20,Punjab,Gujranwala,Provincial Highway,Under Repair,Rainy,Street Light,Car/Taxi,2,Over Speeding,1,0,0,0,5,3,High
2019,5,Monday,11,AJK,Mirpur,Rural Road,Poor,Clear,Dawn/Dusk,Car/Taxi,2,Signal Violation,0,0,0,0,0,0,Low
2018,12,Thursday,13,Sindh,Mirpur Khas,Provincial Highway,Good,Rainy,Daylight,Motorcycle,3,Driver Fatigue,1,0,0,1,8,1,High
2023,11,Wednesday,4,Sindh,Karachi,National Highway,Good,Clear,No Light,Bicycle,1,Mechanical Failure,0,0,1,1,11,0,High
2023,5,Saturday,23,Sindh,Karachi,National Highway,Poor,Rainy,Street Light,Motorcycle,1,Over Speeding,0,1,1,0,5,1,High
2021,4,Monday,16,Sindh,Larkana,Urban Road,Average,Rainy,Daylight,Van/Pickup,2,Signal Violation,0,0,0,0,5,0,Medium
2018,1,Sunday,22,Punjab,Sialkot,Provincial Highway,Good,Clear,Street Light,Bus/Coach,3,Road Condition,0,1,1,1,1,0,Low
2022,5,Friday,9,Sindh,Hyderabad,National Highway,Poor,Foggy,Daylight,Car/Taxi,3,Road Condition,1,0,0,0,1,0,Medium
2021,7,Thursday,10,KPK,Kohat,Urban Road,Average,Clear,No Light,Car/Taxi,1,Over Speeding,0,0,0,0,2,1,Medium
2020,7,Tuesday,11,Punjab,Rahim Yar Khan,Provincial Highway,Good,Clear,Street Light,Car/Taxi,2,Signal Violation,0,0,0,0,3,1,Medium
2022,4,Saturday,15,KPK,Kohat,National Highway,Good,Rainy,Daylight,Truck/Lorry,2,Over Speeding,0,1,0,0,10,1,High
2019,5,Saturday,1,Punjab,Rawalpindi,Urban Road,Poor,Clear,No Light,Car/Taxi,1,Mechanical Failure,0,1,1,0,2,0,Low
2019,7,Tuesday,21,Punjab,Multan,Rural Road,Average,Foggy,Street Light,Car/Taxi,2,Signal Violation,0,0,0,0,2,1,Low
2023,8,Wednesday,16,Punjab,Faisalabad,Urban Road,Poor,Clear,Daylight,Motorcycle,2,Signal Violation,0,0,0,0,0,0,Low
2020,8,Monday,18,Punjab,Sargodha,National Highway,Good,Foggy,Daylight,Car/Taxi,3,Road Condition,1,0,0,0,2,0,Medium
2021,8,Wednesday,18,Balochistan,Khuzdar,Rural Road,Average,Clear,Daylight,Motorcycle,2,Driver Fatigue,1,0,0,0,2,0,Medium
2023,9,Friday,7,KPK,Mansehra,National Highway,Poor,Clear,Daylight,Motorcycle,3,Over Speeding,1,0,0,0,7,1,High
2023,6,Tuesday,15,Punjab,Sheikhupura,National Highway,Good,Clear,Daylight,Motorcycle,2,Over Speeding,0,0,0,0,11,0,High
2021,6,Tuesday,18,Sindh,Jacobabad,National Highway,Poor,Rainy,Daylight,Car/Taxi,1,Drunk Driving,1,0,0,0,3,0,Medium
2019,11,Sunday,6,KPK,Swat,Provincial Highway,Good,Clear,Daylight,Motorcycle,4,Over Speeding,0,1,0,1,4,1,High
2021,7,Sunday,7,Punjab,Faisalabad,Provincial Highway,Average,Clear,Daylight,Motorcycle,3,Over Speeding,1,1,0,0,11,1,High
2023,3,Sunday,2,Punjab,Sargodha,Rural Road,Average,Foggy,Street Light,Truck/Lorry,2,Over Speeding,0,1,1,0,4,1,High
2019,9,Friday,14,AJK,Rawalakot,Rural Road,Good,Clear,Street Light,Bus/Coach,2,Over Speeding,0,0,0,0,1,2,Medium
2021,1,Friday,19,Sindh,Jacobabad,National Highway,Poor,Clear,Dawn/Dusk,Motorcycle,4,Road Condition,1,0,0,1,1,0,Medium
2022,12,Sunday,22,AJK,Muzaffarabad,Motorway,Poor,Rainy,No Light,Motorcycle,1,Over Speeding,0,1,1,1,2,2,High
2023,4,Saturday,10,Punjab,Bahawalpur,Provincial Highway,Average,Foggy,Daylight,Motorcycle,2,Mechanical Failure,0,1,0,0,11,1,High
2019,12,Friday,6,KPK,Nowshera,National Highway,Good,Clear,Daylight,Car/Taxi,1,Mechanical Failure,0,0,0,1,1,0,Low
2018,3,Friday,21,Punjab,Sialkot,Rural Road,Poor,Rainy,No Light,Car/Taxi,1,Road Condition,0,0,0,0,1,0,Low
2022,5,Saturday,4,Punjab,Rawalpindi,Urban Road,Average,Foggy,Street Light,Car/Taxi,1,Wrong Overtaking,0,1,1,0,3,0,Medium
2021,2,Friday,2,Sindh,Larkana,Urban Road,Under Repair,Clear,No Light,Motorcycle,2,Pedestrian Error,0,0,1,1,0,0,Low
2018,5,Thursday,10,Punjab,Bahawalpur,Urban Road,Under Repair,Clear,Daylight,Bicycle,3,Over Speeding,0,0,0,0,4,3,High
2023,12,Sunday,9,Punjab,Lahore,Urban Road,Good,Clear,Daylight,Rickshaw,2,Wrong Overtaking,1,1,0,1,1,0,Low
2020,12,Wednesday,18,Punjab,Faisalabad,Urban Road,Good,Clear,Street Light,Truck/Lorry,1,Pedestrian Error,1,0,0,1,0,0,Low
2022,12,Saturday,8,Punjab,Lahore,National Highway,Good,Foggy,Dawn/Dusk,Car/Taxi,1,Mechanical Failure,1,1,0,1,5,2,Medium
2023,12,Sunday,13,KPK,Swat,Urban Road,Poor,Foggy,Daylight,Rickshaw,2,Wrong Overtaking,1,1,0,1,2,0,Low
2020,2,Sunday,21,Sindh,Nawabshah,Urban Road,Average,Clear,Street Light,Bus/Coach,2,Wrong Overtaking,0,1,0,1,4,1,Medium
2021,5,Wednesday,6,Punjab,Gujranwala,National Highway,Under Repair,Extreme Heat,Dawn/Dusk,Motorcycle,2,Over Speeding,0,0,0,0,5,2,High
2023,2,Tuesday,17,Punjab,Sialkot,Urban Road,Good,Clear,Dawn/Dusk,Motorcycle,2,Over Speeding,1,0,0,1,2,0,Medium
2023,9,Friday,17,Punjab,Faisalabad,National Highway,Under Repair,Clear,Daylight,Motorcycle,3,Over Speeding,1,0,0,0,11,1,High
2022,6,Tuesday,19,Sindh,Mirpur Khas,Urban Road,Poor,Clear,No Light,Car/Taxi,4,Wrong Overtaking,1,0,0,0,2,0,Low
2018,2,Friday,18,Punjab,Lahore,National Highway,Good,Dusty/Smoggy,Daylight,Truck/Lorry,1,Over Speeding,1,0,0,1,5,4,High
2021,6,Friday,16,KPK,Mansehra,National Highway,Average,Clear,Daylight,Motorcycle,1,Over Speeding,0,0,0,0,5,2,High
2019,6,Sunday,7,Punjab,Multan,National Highway,Poor,Rainy,Daylight,Truck/Lorry,2,Signal Violation,1,1,0,0,10,3,High
2021,12,Saturday,4,Punjab,Rahim Yar Khan,Rural Road,Poor,Clear,No Light,Van/Pickup,1,Pedestrian Error,0,1,1,1,0,0,Low
2022,9,Thursday,7,Balochistan,Sibi,Provincial Highway,Average,Dusty/Smoggy,Daylight,Motorcycle,2,Signal Violation,1,0,0,0,11,1,High
2022,12,Sunday,10,KPK,Abbottabad,Rural Road,Average,Rainy,Daylight,Motorcycle,2,Drunk Driving,0,1,0,1,5,0,Medium
2018,5,Tuesday,9,Punjab,Rawalpindi,Provincial Highway,Good,Rainy,Daylight,Truck/Lorry,3,Road Condition,1,0,0,0,4,1,Medium
2019,4,Sunday,10,KPK,Bannu,Rural Road,Good,Rainy,Daylight,Motorcycle,3,Over Speeding,0,1,0,0,5,0,Medium
2021,11,Wednesday,12,Sindh,Larkana,Urban Road,Average,Clear,Daylight,Rickshaw,2,Signal Violation,1,0,0,1,1,0,Low
2022,8,Thursday,16,Balochistan,Loralai,Provincial Highway,Average,Rainy,Daylight,Car/Taxi,3,Over Speeding,0,0,0,0,3,2,Medium
2020,12,Saturday,13,Sindh,Kashmore,National Highway,Poor,Clear,Daylight,Rickshaw,3,Driver Fatigue,1,1,0,1,4,1,Medium
2018,8,Wednesday,15,KPK,Mardan,Provincial Highway,Good,Clear,Daylight,Motorcycle,3,Signal Violation,0,0,0,0,3,2,Medium
2018,1,Saturday,18,Gilgit-Baltistan,Gilgit,National Highway,Average,Foggy,Daylight,Rickshaw,2,Over Speeding,1,1,0,1,5,3,High
2021,5,Tuesday,15,Punjab,Rahim Yar Khan,Motorway,Average,Clear,No Light,Car/Taxi,1,Wrong Overtaking,0,0,0,0,4,0,Medium
2018,6,Sunday,6,Sindh,Karachi,Provincial Highway,Poor,Foggy,Daylight,Motorcycle,2,Wrong Overtaking,0,1,0,0,5,2,High
2023,2,Friday,12,Sindh,Nawabshah,Urban Road,Good,Clear,Daylight,Motorcycle,1,Wrong Overtaking,1,0,0,1,2,0,Low
2023,11,Friday,7,Punjab,Multan,Motorway,Good,Clear,Daylight,Car/Taxi,2,Signal Violation,1,0,0,1,2,0,Medium
2020,6,Sunday,19,Punjab,Faisalabad,Provincial Highway,Good,Clear,Dawn/Dusk,Rickshaw,2,Over Speeding,1,1,0,0,1,0,Low
2020,4,Tuesday,13,Punjab,Sargodha,Provincial Highway,Good,Foggy,Daylight,Car/Taxi,2,Over Speeding,1,0,0,0,3,0,Medium
2022,12,Wednesday,22,Sindh,Thatta,Urban Road,Good,Foggy,Street Light,Truck/Lorry,2,Over Speeding,0,0,1,1,2,2,Medium
2019,7,Wednesday,8,Sindh,Jacobabad,Rural Road,Average,Clear,Street Light,Car/Taxi,2,Mechanical Failure,1,0,0,0,2,0,Low
2020,5,Sunday,13,Sindh,Kashmore,Urban Road,Average,Clear,Daylight,Motorcycle,2,Driver Fatigue,1,1,0,0,1,1,Medium
2023,1,Saturday,5,Punjab,Sheikhupura,National Highway,Average,Rainy,Dawn/Dusk,Motorcycle,2,Driver Fatigue,0,1,1,1,11,1,High
2019,11,Thursday,21,Sindh,Karachi,National Highway,Good,Clear,Street Light,Rickshaw,2,Wrong Overtaking,0,0,0,1,5,1,Medium
2022,7,Tuesday,9,Islamabad,Islamabad,Urban Road,Under Repair,Rainy,Daylight,Motorcycle,3,Over Speeding,1,0,0,0,11,3,High
2019,2,Thursday,18,Punjab,Rahim Yar Khan,Rural Road,Good,Foggy,Daylight,Motorcycle,1,Over Speeding,1,0,0,1,10,4,High
2019,4,Monday,15,Sindh,Nawabshah,Urban Road,Average,Rainy,Street Light,Other,2,Over Speeding,0,0,0,0,4,0,Medium
2021,7,Tuesday,1,KPK,Charsadda,National Highway,Good,Clear,Street Light,Motorcycle,4,Mobile Phone Use,0,0,1,0,1,0,Medium
2023,3,Monday,22,KPK,Bannu,Provincial Highway,Poor,Foggy,Street Light,Motorcycle,2,Pedestrian Error,0,0,1,0,6,2,High
2022,1,Tuesday,21,Sindh,Thatta,Urban Road,Good,Clear,No Light,Bus/Coach,3,Wrong Overtaking,0,0,0,1,1,0,Medium
2019,9,Thursday,19,Balochistan,Zhob,Urban Road,Poor,Clear,Street Light,Motorcycle,1,Wrong Overtaking,1,0,0,0,3,1,Medium
2022,4,Thursday,22,Punjab,Bahawalpur,Provincial Highway,Good,Clear,Street Light,Motorcycle,2,Driver Fatigue,0,0,1,0,2,1,High
2021,12,Tuesday,18,Balochistan,Chaman,National Highway,Under Repair,Clear,Daylight,Car/Taxi,2,Driver Fatigue,1,0,0,1,2,0,Medium
2020,1,Tuesday,10,Punjab,Lahore,National Highway,Good,Clear,Daylight,Bicycle,4,Mechanical Failure,0,0,0,1,3,0,Medium
2019,6,Sunday,12,Punjab,Bahawalpur,National Highway,Average,Clear,Street Light,Car/Taxi,2,Mechanical Failure,1,1,0,0,3,1,Medium
2020,7,Thursday,8,Punjab,Sargodha,National Highway,Good,Clear,Daylight,Bicycle,2,Wrong Overtaking,1,0,0,0,10,3,High
2019,2,Wednesday,20,KPK,Charsadda,Provincial Highway,Average,Clear,Street Light,Motorcycle,2,Drunk Driving,1,0,0,1,1,0,Medium
2020,11,Saturday,12,Punjab,Bahawalpur,Urban Road,Average,Clear,Daylight,Motorcycle,2,Over Speeding,1,1,0,1,3,1,Medium
2022,12,Sunday,6,Punjab,Rahim Yar Khan,Rural Road,Good,Clear,Daylight,Motorcycle,4,Drunk Driving,0,1,0,1,4,0,Medium
2022,7,Wednesday,11,Punjab,Rahim Yar Khan,National Highway,Average,Clear,Daylight,Motorcycle,1,Mechanical Failure,0,0,0,0,3,0,Medium
2021,7,Wednesday,10,Balochistan,Zhob,National Highway,Good,Clear,Daylight,Rickshaw,3,Pedestrian Error,0,0,0,0,2,0,Low
2019,5,Tuesday,20,KPK,Bannu,Motorway,Under Repair,Foggy,Street Light,Motorcycle,1,Mechanical Failure,1,0,0,0,9,2,High
2020,8,Wednesday,5,Sindh,Sukkur,Urban Road,Good,Rainy,Dawn/Dusk,Motorcycle,3,Mechanical Failure,0,0,1,0,5,0,High
2020,11,Saturday,18,Sindh,Kashmore,National Highway,Good,Clear,Daylight,Truck/Lorry,3,Wrong Overtaking,1,1,0,1,2,0,Medium
2018,1,Saturday,6,Sindh,Karachi,National Highway,Poor,Clear,Daylight,Motorcycle,1,Wrong Overtaking,0,1,0,1,7,3,High
2021,4,Thursday,16,Punjab,Sheikhupura,Provincial Highway,Average,Clear,Daylight,Car/Taxi,2,Mobile Phone Use,0,0,0,0,0,0,Low
2021,12,Tuesday,10,Balochistan,Dera Bugti,Motorway,Good,Clear,Daylight,Motorcycle,2,Wrong Overtaking,0,0,0,1,3,1,High
2021,5,Thursday,8,Punjab,Rahim Yar Khan,National Highway,Average,Clear,Daylight,Motorcycle,2,Signal Violation,1,0,0,0,2,1,High
2021,5,Wednesday,15,Punjab,Faisalabad,Provincial Highway,Good,Foggy,Daylight,Motorcycle,2,Over Speeding,0,0,0,0,6,2,High
2022,1,Sunday,19,Punjab,Rawalpindi,Provincial Highway,Poor,Rainy,Daylight,Motorcycle,4,Signal Violation,1,1,0,1,3,0,High
2018,6,Sunday,11,Sindh,Larkana,Motorway,Average,Rainy,Daylight,Car/Taxi,3,Pedestrian Error,0,1,0,0,2,0,Medium
2021,2,Monday,18,Sindh,Thatta,National Highway,Good,Foggy,Daylight,Car/Taxi,1,Drunk Driving,1,0,0,1,2,1,Medium
2023,8,Thursday,12,Sindh,Dadu,Provincial Highway,Average,Clear,Daylight,Motorcycle,2,Signal Violation,1,0,0,0,2,0,Medium
2018,7,Friday,1,Punjab,Rawalpindi,Motorway,Poor,Dusty/Smoggy,No Light,Van/Pickup,1,Pedestrian Error,0,0,1,0,0,0,Low
2022,11,Tuesday,5,Sindh,Hyderabad,Urban Road,Good,Clear,Street Light,Motorcycle,1,Over Speeding,0,0,1,1,4,1,High
2019,6,Saturday,12,Punjab,Faisalabad,National Highway,Average,Foggy,Daylight,Bus/Coach,2,Wrong Overtaking,1,1,0,0,5,0,Medium
2023,5,Tuesday,13,Punjab,Sheikhupura,Rural Road,Good,Clear,Daylight,Truck/Lorry,3,Drunk Driving,1,0,0,0,2,0,Low
2018,5,Friday,18,Punjab,Bahawalpur,Provincial Highway,Average,Clear,Daylight,Bus/Coach,2,Over Speeding,1,0,0,0,4,0,Medium
2021,12,Sunday,18,KPK,Mardan,Rural Road,Poor,Clear,Daylight,Motorcycle,2,Over Speeding,1,1,0,1,5,1,Medium
2022,4,Tuesday,21,Sindh,Thatta,Rural Road,Poor,Dusty/Smoggy,No Light,Motorcycle,4,Driver Fatigue,0,0,0,0,2,1,Medium
2023,10,Sunday,9,Sindh,Larkana,Urban Road,Good,Clear,Daylight,Motorcycle,1,Wrong Overtaking,1,1,0,0,5,1,Medium
2022,5,Thursday,11,KPK,Mansehra,Rural Road,Good,Clear,Daylight,Motorcycle,2,Wrong Overtaking,0,0,0,0,5,0,Medium
2023,6,Monday,18,KPK,Kohat,Rural Road,Good,Clear,Street Light,Motorcycle,3,Wrong Overtaking,1,0,0,0,2,0,Medium
2023,11,Saturday,7,Sindh,Mirpur Khas,Rural Road,Poor,Foggy,Daylight,Car/Taxi,1,Road Condition,1,1,0,1,0,0,Low
2019,6,Saturday,20,Punjab,Rahim Yar Khan,Urban Road,Good,Clear,No Light,Motorcycle,2,Signal Violation,1,1,0,0,3,0,Medium
2018,2,Tuesday,11,Punjab,Rahim Yar Khan,Urban Road,Average,Clear,Daylight,Car/Taxi,2,Over Speeding,0,0,0,1,3,0,Medium
2019,11,Thursday,7,Sindh,Jacobabad,Provincial Highway,Average,Clear,Dawn/Dusk,Motorcycle,1,Pedestrian Error,1,0,0,1,3,1,Medium
2021,2,Friday,12,Sindh,Thatta,National Highway,Poor,Rainy,Daylight,Bus/Coach,3,Pedestrian Error,1,0,0,1,4,0,Medium
2021,5,Wednesday,12,Balochistan,Hub,Provincial Highway,Average,Clear,Daylight,Motorcycle,3,Over Speeding,1,0,0,0,7,1,High
2018,2,Sunday,13,Balochistan,Gwadar,Urban Road,Good,Clear,Daylight,Car/Taxi,1,Over Speeding,1,1,0,1,2,0,Medium
2023,1,Saturday,6,Punjab,Faisalabad,Provincial Highway,Good,Clear,Daylight,Bus/Coach,4,Wrong Overtaking,0,1,0,1,4,0,Medium
2019,12,Tuesday,5,Punjab,Gujranwala,Provincial Highway,Poor,Extreme Heat,Dawn/Dusk,Car/Taxi,4,Wrong Overtaking,0,0,1,1,3,2,Medium
2022,7,Thursday,20,Sindh,Thatta,National Highway,Average,Clear,No Light,Bus/Coach,1,Over Speeding,1,0,0,0,2,1,Medium
2023,7,Saturday,12,Punjab,Lahore,Provincial Highway,Average,Foggy,Daylight,Car/Taxi,2,Wrong Overtaking,1,1,0,0,3,1,Medium
2021,11,Thursday,5,Punjab,Sialkot,National Highway,Good,Rainy,Daylight,Car/Taxi,1,Mechanical Failure,0,0,1,1,7,0,High
2020,6,Monday,18,Balochistan,Turbat,National Highway,Poor,Foggy,Street Light,Car/Taxi,2,Mobile Phone Use,1,0,0,0,5,1,Medium
2023,4,Tuesday,6,Punjab,Faisalabad,Urban Road,Average,Rainy,Daylight,Motorcycle,3,Over Speeding,0,0,0,0,4,0,Medium
2018,7,Thursday,20,Islamabad,Islamabad,Urban Road,Good,Foggy,No Light,Bus/Coach,3,Over Speeding,1,0,0,0,8,2,High
2022,1,Thursday,4,KPK,Charsadda,Provincial Highway,Good,Clear,No Light,Truck/Lorry,2,Road Condition,0,0,1,1,4,2,Medium
2019,1,Saturday,9,KPK,Mansehra,National Highway,Good,Foggy,Daylight,Motorcycle,2,Mechanical Failure,1,1,0,1,11,0,High
2018,6,Wednesday,19,Punjab,Sialkot,Urban Road,Good,Clear,Street Light,Motorcycle,2,Over Speeding,1,0,0,0,2,2,High
2023,1,Saturday,19,Punjab,Sialkot,National Highway,Average,Clear,Street Light,Motorcycle,2,Wrong Overtaking,1,1,0,1,9,2,High
2022,7,Wednesday,20,Sindh,Dadu,Rural Road,Good,Rainy,No Light,Bus/Coach,4,Pedestrian Error,1,0,0,0,0,0,Low
2022,12,Thursday,17,Punjab,Rawalpindi,National Highway,Average,Clear,Daylight,Van/Pickup,3,Wrong Overtaking,1,0,0,1,5,0,Medium
2020,6,Monday,13,Punjab,Faisalabad,National Highway,Under Repair,Clear,Street Light,Car/Taxi,2,Mechanical Failure,1,0,0,0,4,2,Medium
2019,8,Friday,18,Punjab,Gujranwala,Rural Road,Good,Clear,Daylight,Motorcycle,2,Road Condition,1,0,0,0,4,0,Medium
2018,10,Tuesday,18,Punjab,Sialkot,National Highway,Good,Rainy,Daylight,Car/Taxi,2,Driver Fatigue,1,0,0,0,4,3,High
2023,7,Saturday,11,Punjab,Sheikhupura,Urban Road,Good,Foggy,Daylight,Motorcycle,2,Signal Violation,0,1,0,0,2,0,Medium
2020,9,Sunday,10,KPK,Bannu,Provincial Highway,Good,Foggy,Daylight,Car/Taxi,1,Driver Fatigue,0,1,0,0,2,0,Medium
2023,12,Wednesday,8,Punjab,Faisalabad,Rural Road,Average,Clear,No Light,Rickshaw,1,Over Speeding,1,0,0,1,0,0,Low
2023,12,Saturday,17,Punjab,Sheikhupura,Rural Road,Average,Foggy,Daylight,Motorcycle,1,Wrong Overtaking,1,1,0,1,2,2,Medium
2022,4,Monday,16,Sindh,Dadu,Rural Road,Good,Clear,Daylight,Car/Taxi,2,Over Speeding,0,0,0,0,4,0,Medium
2020,9,Monday,12,AJK,Muzaffarabad,Provincial Highway,Under Repair,Clear,Daylight,Motorcycle,1,Wrong Overtaking,1,0,0,0,3,2,High
2020,2,Tuesday,4,Punjab,Sialkot,National Highway,Average,Clear,No Light,Car/Taxi,2,Pedestrian Error,0,0,1,1,3,1,Medium
2019,5,Friday,18,Punjab,Lahore,National Highway,Average,Clear,Daylight,Car/Taxi,3,Over Speeding,1,0,0,0,11,1,High
2018,3,Sunday,18,Sindh,Thatta,Provincial Highway,Poor,Clear,Daylight,Motorcycle,2,Over Speeding,1,1,0,0,6,1,High
2022,7,Sunday,18,Balochistan,Chaman,Rural Road,Under Repair,Foggy,Daylight,Motorcycle,1,Signal Violation,1,1,0,0,4,2,High
2020,8,Sunday,15,KPK,Charsadda,Rural Road,Good,Clear,Daylight,Car/Taxi,2,Over Speeding,0,1,0,0,2,0,Low
2019,7,Friday,16,Sindh,Thatta,National Highway,Poor,Clear,Daylight,Car/Taxi,1,Wrong Overtaking,0,0,0,0,2,0,Low
2023,5,Tuesday,16,Punjab,Rahim Yar Khan,Provincial Highway,Poor,Clear,Daylight,Car/Taxi,2,Over Speeding,0,0,0,0,5,1,Medium
2021,6,Tuesday,10,Sindh,Mirpur Khas,Urban Road,Under Repair,Clear,Street Light,Rickshaw,1,Signal Violation,0,0,0,0,0,1,Low
2023,11,Friday,12,Punjab,Faisalabad,National Highway,Good,Clear,Daylight,Motorcycle,2,Wrong Overtaking,1,0,0,1,11,1,High
2020,7,Friday,22,KPK,Bannu,Provincial Highway,Poor,Foggy,Street Light,Bicycle,2,Road Condition,0,0,1,0,5,0,High
2019,1,Tuesday,9,KPK,Mansehra,Rural Road,Good,Clear,Daylight,Motorcycle,2,Pedestrian Error,1,0,0,1,4,1,Medium
2022,4,Friday,20,Islamabad,Islamabad,National Highway,Good,Foggy,No Light,Motorcycle,3,Pedestrian Error,1,0,0,0,5,1,High
2023,10,Saturday,1,Punjab,Rawalpindi,Provincial Highway,Poor,Rainy,No Light,Motorcycle,1,Signal Violation,0,1,1,0,10,1,High
2022,1,Saturday,6,Punjab,Lahore,Urban Road,Average,Foggy,Daylight,Car/Taxi,3,Mechanical Failure,0,1,0,1,0,1,Low
2021,5,Monday,2,Sindh,Mirpur Khas,National Highway,Good,Clear,Street Light,Car/Taxi,2,Driver Fatigue,0,0,1,0,3,1,Medium
2023,4,Friday,18,KPK,Swat,Urban Road,Good,Clear,Dawn/Dusk,Car/Taxi,2,Signal Violation,1,0,0,0,1,0,Low
2021,7,Friday,12,KPK,Swat,National Highway,Good,Extreme Heat,Daylight,Truck/Lorry,3,Signal Violation,1,0,0,0,1,1,Medium
2021,11,Sunday,13,Punjab,Sheikhupura,Urban Road,Average,Clear,Daylight,Motorcycle,2,Signal Violation,1,1,0,1,2,0,Medium
2021,6,Saturday,11,Punjab,Sialkot,Provincial Highway,Poor,Foggy,Daylight,Rickshaw,1,Over Speeding,0,1,0,0,9,1,High
2023,12,Friday,0,Sindh,Thatta,Urban Road,Poor,Foggy,No Light,Car/Taxi,2,Wrong Overtaking,0,0,1,1,3,0,Medium
2019,10,Monday,17,Punjab,Sheikhupura,Urban Road,Good,Clear,Daylight,Motorcycle,3,Pedestrian Error,1,0,0,0,1,0,Medium
2021,3,Monday,12,Balochistan,Quetta,Motorway,Poor,Dusty/Smoggy,Daylight,Rickshaw,4,Over Speeding,1,0,0,0,7,1,High
2023,3,Monday,11,Sindh,Jacobabad,National Highway,Good,Clear,Street Light,Motorcycle,2,Signal Violation,0,0,0,0,2,0,Medium
2021,5,Saturday,4,KPK,Nowshera,National Highway,Good,Dusty/Smoggy,No Light,Motorcycle,1,Signal Violation,0,1,1,0,9,1,High
2021,1,Wednesday,23,Sindh,Dadu,Urban Road,Good,Clear,Street Light,Motorcycle,3,Wrong Overtaking,0,0,1,1,4,1,Medium
2021,8,Saturday,17,KPK,Peshawar,Urban Road,Good,Extreme Heat,Daylight,Motorcycle,4,Mobile Phone Use,1,1,0,0,0,0,Low
2021,10,Friday,11,Punjab,Faisalabad,Rural Road,Good,Clear,Daylight,Motorcycle,2,Road Condition,0,0,0,0,1,0,Low
2020,3,Sunday,14,KPK,Mansehra,National Highway,Good,Dusty/Smoggy,Daylight,Motorcycle,2,Driver Fatigue,0,1,0,0,5,3,High
2020,11,Wednesday,21,Punjab,Multan,National Highway,Poor,Clear,Street Light,Bus/Coach,3,Over Speeding,0,0,0,1,1,2,Medium
2018,12,Thursday,20,Sindh,Mirpur Khas,National Highway,Good,Clear,Street Light,Motorcycle,1,Signal Violation,1,0,0,1,3,4,High