year,month,day_of_week,hour_of_day,province,district,road_type,road_condition,weather_condition,lighting_condition,vehicle_type,vehicles_involved,accident_cause,is_rush_hour,is_weekend,is_night,is_foggy_month,num_injured,num_killed,severity
2021,3,Monday,17,Punjab,Gujranwala,National Highway,Good,Foggy,Dawn/Dusk,Car/Taxi,1,Drunk Driving,1,0,0,0,7,2,High
2021,12,Wednesday,8,Sindh,Kashmore,National Highway,Poor,Clear,Daylight,Truck/Lorry,1,Over Speeding,1,0,0,1,5,4,High
2022,8,Sunday,3,Punjab,Lahore,Rural Road,Poor,Clear,No Light,Car/Taxi,2,Wrong Overtaking,0,1,1,0,2,0,Low
2022,3,Wednesday,7,Punjab,Lahore,National Highway,Average,Clear,Daylight,Truck/Lorry,1,Wrong Overtaking,1,0,0,0,2,1,Medium
2023,3,Friday,21,Islamabad,Islamabad,Provincial Highway,Good,Clear,No Light,Van/Pickup,1,Pedestrian Error,0,0,0,0,0,0,Low
2021,1,Sunday,5,Punjab,Sargodha,National Highway,Good,Clear,Dawn/Dusk,Motorcycle,2,Over Speeding,0,1,1,1,4,2,High
2022,5,Saturday,18,KPK,Abbottabad,Rural Road,Average,Dusty/Smoggy,Dawn/Dusk,Bus/Coach,1,Signal Violation,1,1,0,0,2,0,Low
2019,4,Friday,9,AJK,Muzaffarabad,National Highway,Good,Clear,Daylight,Rickshaw,2,Drunk Driving,1,0,0,0,2,0,Medium
2023,6,Tuesday,21,Punjab,Bahawalpur,Provincial Highway,Good,Clear,Street Light,Van/Pickup,2,Over Speeding,0,0,0,0,1,0,Low
2023,11,Wednesday,14,KPK,Kohat,Provincial Highway,Good,Clear,Daylight,Car/Taxi,2,Pedestrian Error,0,0,0,1,2,0,Low
2023,12,Wednesday,20,Punjab,Rahim Yar Khan,National Highway,Average,Foggy,Street Light,Rickshaw,1,Pedestrian Error,1,0,0,1,1,0,Low
2021,11,Wednesday,20,Punjab,Sheikhupura,Provincial Highway,Good,Rainy,Street Light,Motorcycle,2,Pedestrian Error,1,0,0,1,7,0,High
2019,12,Monday,6,Punjab,Multan,National Highway,Good,Clear,Daylight,Motorcycle,1,Over Speeding,0,0,0,1,10,0,High
2023,4,Thursday,18,Islamabad,Islamabad,Provincial Highway,Poor,Clear,Daylight,Car/Taxi,3,Signal Violation,1,0,0,0,5,0,Medium
2020,3,Sunday,18,Punjab,Sargodha,Provincial Highway,Average,Clear,Street Light,Rickshaw,2,Mechanical Failure,1,1,0,0,1,0,Low
2020,5,Wednesday,9,Sindh,Thatta,Urban Road,Good,Foggy,Daylight,Car/Taxi,2,Over Speeding,1,0,0,0,5,1,Medium
2021,1,Tuesday,8,Sindh,Jacobabad,Provincial Highway,Good,Rainy,Dawn/Dusk,Motorcycle,2,Pedestrian Error,1,0,0,1,8,3,High
2018,2,Friday,17,Balochistan,Gwadar,Provincial Highway,Poor,Clear,Daylight,Motorcycle,2,Over Speeding,1,0,0,1,10,3,High
2023,6,Saturday,12,Punjab,Bahawalpur,Urban Road,Good,Foggy,Daylight,Truck/Lorry,1,Over Speeding,1,1,0,0,4,0,Medium
2019,6,Saturday,3,KPK,Dera Ismail Khan,National Highway,Poor,Clear,No Light,Bus/Coach,2,Over Speeding,0,1,1,0,6,2,High
2019,5,Monday,7,KPK,Dera Ismail Khan,Provincial Highway,Average,Clear,Daylight,Car/Taxi,3,Over Speeding,1,0,0,0,4,0,Medium
2018,8,Sunday,9,KPK,Dera Ismail Khan,Motorway,Poor,Clear,Daylight,Car/Taxi,4,Mechanical Failure,1,1,0,0,2,0,Medium
2022,3,Thursday,23,Islamabad,Islamabad,Motorway,Good,Foggy,No Light,Car/Taxi,3,Signal Violation,0,0,1,0,2,1,Medium
2021,1,Wednesday,18,KPK,Swat,Urban Road,Under Repair,Clear,Daylight,Motorcycle,2,Wrong Overtaking,1,0,0,1,1,0,Low
2022,5,Monday,18,Punjab,Rahim Yar Khan,Provincial Highway,Under Repair,Dusty/Smoggy,Daylight,Car/Taxi,2,Wrong Overtaking,1,0,0,0,2,0,Low
2018,1,Saturday,21,Sindh,Thatta,National Highway,Average,Clear,Street Light,Motorcycle,1,Wrong Overtaking,0,1,0,1,11,2,High
2021,2,Tuesday,8,Punjab,Bahawalpur,Provincial Highway,Good,Dusty/Smoggy,Street Light,Motorcycle,2,Pedestrian Error,1,0,0,1,5,2,Medium
2022,2,Monday,23,Punjab,Multan,Urban Road,Average,Clear,Street Light,Bicycle,1,Signal Violation,0,0,1,1,4,0,Medium
2021,1,Friday,15,Sindh,Mirpur Khas,Rural Road,Good,Rainy,Daylight,Rickshaw,2,Drunk Driving,0,0,0,1,5,0,Medium
2023,1,Saturday,18,Punjab,Gujranwala,Rural Road,Good,Clear,Daylight,Motorcycle,2,Signal Violation,1,1,0,1,4,0,Medium
2019,11,Sunday,9,Sindh,Mirpur Khas,National Highway,Average,Rainy,Daylight,Car/Taxi,2,Pedestrian Error,1,1,0,1,1,0,Low
2022,10,Thursday,13,AJK,Rawalakot,Provincial Highway,Average,Dusty/Smoggy,Daylight,Rickshaw,3,Mechanical Failure,1,0,0,0,1,0,Low
2021,1,Tuesday,15,Punjab,Faisalabad,Urban Road,Average,Clear,Daylight,Bus/Coach,3,Wrong Overtaking,0,0,0,1,0,0,Low
2020,8,Tuesday,8,Islamabad,Islamabad,Urban Road,Good,Clear,Daylight,Car/Taxi,3,Wrong Overtaking,1,0,0,0,2,0,Low
2022,12,Sunday,17,Sindh,Karachi,Motorway,Good,Foggy,Daylight,Van/Pickup,1,Signal Violation,1,1,0,1,5,2,High
2019,3,Sunday,13,Sindh,Sukkur,National Highway,Under Repair,Clear,Daylight,Motorcycle,2,Wrong Overtaking,1,1,0,0,5,0,Medium
2022,9,Sunday,10,KPK,Bannu,Provincial Highway,Poor,Extreme Heat,Dawn/Dusk,Van/Pickup,2,Wrong Overtaking,0,1,0,0,1,0,Low
2021,6,Wednesday,8,Punjab,Sargodha,National Highway,Poor,Foggy,Daylight,Car/Taxi,2,Driver Fatigue,1,0,0,0,7,0,High
2019,2,Monday,20,Sindh,Hyderabad,Urban Road,Under Repair,Foggy,No Light,Motorcycle,2,Mobile Phone Use,1,0,0,1,2,0,Medium
2021,12,Friday,22,Punjab,Bahawalpur,Urban Road,Poor,Rainy,No Light,Truck/Lorry,2,Pedestrian Error,0,0,1,1,2,0,Medium
2021,11,Sunday,10,Punjab,Bahawalpur,National Highway,Average,Dusty/Smoggy,Daylight,Car/Taxi,2,Drunk Driving,0,1,0,1,5,0,Medium
2022,7,Tuesday,13,Islamabad,Islamabad,Provincial Highway,Average,Clear,Street Light,Motorcycle,2,Driver Fatigue,1,0,0,0,9,2,High
2021,10,Saturday,8,KPK,Nowshera,Motorway,Good,Extreme Heat,Dawn/Dusk,Bicycle,2,Mechanical Failure,1,1,0,0,7,0,High
2021,4,Friday,14,Punjab,Sialkot,National Highway,Good,Clear,Daylight,Motorcycle,1,Mobile Phone Use,0,0,0,0,3,1,Medium
2023,6,Wednesday,19,Punjab,Faisalabad,National Highway,Poor,Dusty/Smoggy,Street Light,Motorcycle,4,Signal Violation,1,0,0,0,3,1,High
2022,10,Monday,9,Sindh,Larkana,Provincial Highway,Average,Foggy,Daylight,Motorcycle,3,Over Speeding,1,0,0,0,2,0,High
2019,1,Saturday,8,Punjab,Lahore,Urban Road,Poor,Clear,Dawn/Dusk,Rickshaw,3,Mechanical Failure,1,1,0,1,0,0,Low
2019,7,Tuesday,9,Sindh,Jacobabad,Rural Road,Poor,Extreme Heat,Dawn/Dusk,Rickshaw,4,Mechanical Failure,1,0,0,0,0,0,Low
2022,5,Tuesday,15,Punjab,Faisalabad,National Highway,Good,Clear,Daylight,Truck/Lorry,1,Wrong Overtaking,0,0,0,0,3,0,Medium
2020,11,Tuesday,11,Sindh,Nawabshah,Provincial Highway,Good,Rainy,Daylight,Car/Taxi,1,Driver Fatigue,0,0,0,1,5,1,Medium
2019,11,Friday,9,Punjab,Sheikhupura,Rural Road,Under Repair,Rainy,Daylight,Rickshaw,3,Over Speeding,1,0,0,1,1,0,Low
2020,5,Saturday,6,Punjab,Gujranwala,Provincial Highway,Under Repair,Clear,Daylight,Van/Pickup,2,Over Speeding,0,1,0,0,1,0,Low
2023,3,Friday,14,KPK,Kohat,Rural Road,Good,Extreme Heat,Street Light,Motorcycle,2,Signal Violation,0,0,0,0,2,1,Low
2022,1,Friday,9,Sindh,Larkana,Rural Road,Under Repair,Clear,Daylight,Bicycle,2,Wrong Overtaking,1,0,0,1,4,0,Medium
2023,4,Tuesday,17,AJK,Muzaffarabad,Rural Road,Average,Extreme Heat,Daylight,Motorcycle,1,Road Condition,1,0,0,0,2,0,Low
2018,7,Monday,14,Balochistan,Gwadar,National Highway,Average,Clear,Daylight,Car/Taxi,4,Pedestrian Error,0,0,0,0,1,2,Medium
2018,10,Sunday,18,Punjab,Sheikhupura,Provincial Highway,Good,Rainy,No Light,Motorcycle,2,Road Condition,1,1,0,0,2,0,Medium
2020,1,Wednesday,17,Punjab,Sheikhupura,Rural Road,Under Repair,Rainy,Daylight,Motorcycle,2,Pedestrian Error,1,0,0,1,3,0,Medium
2021,9,Thursday,20,Balochistan,Loralai,Motorway,Good,Foggy,No Light,Motorcycle,1,Road Condition,1,0,0,0,11,1,High
2021,2,Wednesday,14,Balochistan,Gwadar,Provincial Highway,Good,Clear,Daylight,Van/Pickup,2,Wrong Overtaking,0,0,0,1,1,0,Low
2018,1,Wednesday,19,KPK,Bannu,Provincial Highway,Good,Clear,Dawn/Dusk,Motorcycle,2,Pedestrian Error,1,0,0,1,3,0,Medium
2023,7,Wednesday,17,Punjab,Gujranwala,National Highway,Good,Clear,Daylight,Rickshaw,2,Over Speeding,1,0,0,0,1,0,Medium
2021,1,Monday,19,Gilgit-Baltistan,Skardu,Motorway,Good,Dusty/Smoggy,Street Light,Motorcycle,1,Wrong Overtaking,1,0,0,1,1,1,Medium
2021,3,Sunday,21,Punjab,Faisalabad,Urban Road,Under Repair,Clear,Street Light,Car/Taxi,1,Driver Fatigue,0,1,0,0,2,1,Medium
2022,7,Thursday,18,KPK,Bannu,National Highway,Average,Rainy,Daylight,Rickshaw,3,Wrong Overtaking,1,0,0,0,2,1,Medium
2023,2,Wednesday,18,Balochistan,Zhob,Rural Road,Poor,Foggy,Daylight,Motorcycle,2,Over Speeding,1,0,0,1,4,2,High
2020,4,Monday,21,Punjab,Gujranwala,Urban Road,Poor,Clear,Street Light,Motorcycle,2,Mechanical Failure,0,0,0,0,1,0,Low
2020,4,Wednesday,16,Balochistan,Dera Bugti,Provincial Highway,Average,Clear,Street Light,Bicycle,1,Signal Violation,0,0,0,0,5,0,Medium
2022,3,Sunday,2,Punjab,Bahawalpur,National Highway,Good,Clear,No Light,Car/Taxi,1,Wrong Overtaking,0,1,1,0,8,2,High
2021,1,Saturday,19,AJK,Mirpur,Urban Road,Good,Clear,Daylight,Truck/Lorry,3,Pedestrian Error,1,1,0,1,0,0,Low
2023,9,Thursday,8,Punjab,Gujranwala,National Highway,Good,Clear,Dawn/Dusk,Motorcycle,1,Over Speeding,1,0,0,0,6,2,High
2020,1,Thursday,15,Islamabad,Islamabad,Rural Road,Poor,Clear,Daylight,Rickshaw,1,Over Speeding,0,0,0,1,1,0,Medium
2022,1,Saturday,19,Punjab,Rahim Yar Khan,Urban Road,Average,Clear,No Light,Motorcycle,2,Over Speeding,1,1,0,1,10,1,High
2021,6,Saturday,7,KPK,Charsadda,National Highway,Good,Clear,Daylight,Car/Taxi,2,Pedestrian Error,1,1,0,0,1,0,Low
2018,6,Sunday,6,Sindh,Larkana,Urban Road,Good,Foggy,Daylight,Other,4,Over Speeding,0,1,0,0,1,2,Medium
2019,1,Wednesday,10,Sindh,Kashmore,National Highway,Average,Clear,Daylight,Car/Taxi,1,Pedestrian Error,0,0,0,1,3,2,Medium
2022,9,Sunday,20,Punjab,Rahim Yar Khan,Rural Road,Poor,Clear,No Light,Motorcycle,2,Drunk Driving,1,1,0,0,5,1,Medium
2023,7,Friday,13,KPK,Bannu,Urban Road,Average,Clear,Daylight,Rickshaw,2,Wrong Overtaking,1,0,0,0,1,0,Low
2019,4,Friday,19,Punjab,Sargodha,Rural Road,Good,Foggy,Street Light,Motorcycle,2,Drunk Driving,1,0,0,0,9,0,High
2018,3,Thursday,9,Sindh,Jacobabad,Urban Road,Average,Clear,Daylight,Motorcycle,3,Wrong Overtaking,1,0,0,0,1,0,Low
2021,2,Tuesday,19,Punjab,Sheikhupura,Provincial Highway,Good,Rainy,Street Light,Rickshaw,3,Signal Violation,1,0,0,1,2,1,Medium
2021,5,Friday,11,Islamabad,Islamabad,Rural Road,Good,Clear,Daylight,Motorcycle,1,Road Condition,0,0,0,0,2,0,Medium
2019,4,Friday,13,Punjab,Rawalpindi,Rural Road,Average,Clear,Daylight,Bus/Coach,3,Over Speeding,1,0,0,0,1,0,Low
2019,7,Thursday,20,Punjab,Rawalpindi,Motorway,Average,Clear,No Light,Car/Taxi,1,Road Condition,1,0,0,0,2,0,Low
2023,12,Saturday,23,Punjab,Rahim Yar Khan,Urban Road,Poor,Rainy,Street Light,Motorcycle,1,Over Speeding,0,1,1,1,5,1,High
2020,5,Monday,18,Punjab,Sargodha,Urban Road,Average,Foggy,Dawn/Dusk,Bus/Coach,2,Wrong Overtaking,1,0,0,0,2,0,Medium
2022,4,Saturday,23,Punjab,Faisalabad,Provincial Highway,Average,Clear,Street Light,Bicycle,2,Drunk Driving,0,1,1,0,9,2,High
2023,4,Sunday,13,Sindh,Kashmore,National Highway,Average,Clear,Dawn/Dusk,Motorcycle,2,Wrong Overtaking,1,1,0,0,4,1,Medium
2021,11,Sunday,21,Balochistan,Khuzdar,National Highway,Average,Clear,Street Light,Bicycle,4,Pedestrian Error,0,1,0,1,2,1,High
2019,11,Monday,12,KPK,Mansehra,Urban Road,Average,Dusty/Smoggy,Daylight,Motorcycle,2,Pedestrian Error,1,0,0,1,0,0,Low
2019,9,Sunday,14,Sindh,Dadu,Provincial Highway,Good,Clear,Daylight,Car/Taxi,2,Pedestrian Error,0,1,0,0,1,0,Low
2021,4,Sunday,7,Punjab,Multan,Rural Road,Good,Foggy,Daylight,Motorcycle,1,Signal Violation,1,1,0,0,4,0,Medium
2020,10,Friday,14,KPK,Kohat,Provincial Highway,Average,Clear,Dawn/Dusk,Bus/Coach,4,Pedestrian Error,0,0,0,0,0,0,Low
2020,6,Friday,19,Punjab,Sialkot,Rural Road,Good,Dusty/Smoggy,Dawn/Dusk,Car/Taxi,2,Wrong Overtaking,1,0,0,0,0,0,Low
2023,8,Monday,20,KPK,Abbottabad,Provincial Highway,Poor,Rainy,Street Light,Car/Taxi,2,Road Condition,1,0,0,0,2,0,Low
2018,7,Saturday,14,Punjab,Faisalabad,Provincial Highway,Good,Rainy,Daylight,Van/Pickup,2,Wrong Overtaking,0,1,0,0,1,0,Medium
2021,11,Friday,3,Punjab,Multan,Urban Road,Average,Dusty/Smoggy,Street Light,Motorcycle,2,Weather Condition,0,0,1,1,2,0,Medium
2021,11,Monday,21,Punjab,Sialkot,Provincial Highway,Average,Clear,No Light,Rickshaw,2,Mechanical Failure,0,0,0,1,2,1,Low
2018,1,Monday,22,Balochistan,Gwadar,Urban Road,Poor,Clear,No Light,Van/Pickup,2,Pedestrian Error,0,0,1,1,2,0,Low
2021,9,Saturday,7,Punjab,Bahawalpur,National Highway,Poor,Foggy,Street Light,Van/Pickup,2,Pedestrian Error,1,1,0,0,0,0,Low
2023,10,Monday,18,Sindh,Dadu,National Highway,Good,Clear,Daylight,Bus/Coach,3,Road Condition,1,0,0,0,1,0,Medium
2019,9,Saturday,16,Punjab,Bahawalpur,National Highway,Good,Clear,Daylight,Van/Pickup,3,Signal Violation,0,1,0,0,0,0,Low
2023,9,Thursday,4,KPK,Nowshera,National Highway,Average,Clear,Street Light,Motorcycle,4,Driver Fatigue,0,0,1,0,4,1,High
2023,12,Friday,20,Balochistan,Turbat,Rural Road,Average,Foggy,No Light,Car/Taxi,1,Pedestrian Error,1,0,0,1,1,0,Low
2022,4,Wednesday,17,Sindh,Kashmore,Motorway,Poor,Extreme Heat,Dawn/Dusk,Car/Taxi,2,Wrong Overtaking,1,0,0,0,1,0,Low
2022,5,Tuesday,8,Sindh,Hyderabad,National Highway,Average,Foggy,Daylight,Car/Taxi,2,Over Speeding,1,0,0,0,1,1,Medium
2019,7,Thursday,12,Islamabad,Islamabad,Provincial Highway,Good,Clear,Dawn/Dusk,Rickshaw,1,Over Speeding,1,0,0,0,1,1,Medium
2019,3,Tuesday,8,Sindh,Kashmore,National Highway,Average,Rainy,Daylight,Motorcycle,3,Over Speeding,1,0,0,0,9,1,High
2022,6,Thursday,14,Sindh,Mirpur Khas,Rural Road,Poor,Dusty/Smoggy,Daylight,Truck/Lorry,2,Over Speeding,0,0,0,0,0,0,Low
2022,2,Tuesday,19,Sindh,Larkana,National Highway,Good,Dusty/Smoggy,Street Light,Van/Pickup,2,Signal Violation,1,0,0,1,4,0,Medium
2022,10,Sunday,20,KPK,Swat,National Highway,Good,Foggy,No Light,Motorcycle,2,Mechanical Failure,1,1,0,0,4,0,High
2020,6,Friday,11,Punjab,Multan,Urban Road,Poor,Clear,Daylight,Car/Taxi,2,Driver Fatigue,0,0,0,0,0,0,Low
2021,12,Tuesday,12,KPK,Nowshera,National Highway,Good,Foggy,Daylight,Van/Pickup,1,Signal Violation,1,0,0,1,4,2,Medium
2023,11,Tuesday,9,Sindh,Sukkur,Rural Road,Under Repair,Clear,Daylight,Motorcycle,2,Over Speeding,1,0,0,1,3,0,Medium
2022,3,Tuesday,13,Punjab,Faisalabad,Urban Road,Good,Clear,Dawn/Dusk,Van/Pickup,3,Drunk Driving,1,0,0,0,3,0,Medium
2022,1,Tuesday,19,KPK,Kohat,Motorway,Average,Clear,Dawn/Dusk,Bus/Coach,3,Wrong Overtaking,1,0,0,1,4,3,High
2019,5,Wednesday,6,Punjab,Sialkot,Provincial Highway,Under Repair,Foggy,Dawn/Dusk,Van/Pickup,2,Over Speeding,0,0,0,0,5,0,Medium
2023,7,Tuesday,9,Punjab,Bahawalpur,National Highway,Good,Clear,Daylight,Motorcycle,3,Signal Violation,1,0,0,0,11,1,High
2021,11,Thursday,17,Sindh,Sukkur,Rural Road,Good,Dusty/Smoggy,Daylight,Rickshaw,1,Over Speeding,1,0,0,1,0,0,Low
2023,4,Friday,9,Balochistan,Gwadar,Provincial Highway,Good,Clear,Street Light,Motorcycle,3,Wrong Overtaking,1,0,0,0,5,1,Medium
2021,8,Wednesday,22,Balochistan,Gwadar,Motorway,Good,Foggy,Street Light,Bus/Coach,1,Pedestrian Error,0,0,1,0,2,0,Medium
2023,4,Thursday,13,Islamabad,Islamabad,Motorway,Poor,Clear,Daylight,Bus/Coach,2,Mechanical Failure,1,0,0,0,1,0,Medium
2021,12,Friday,15,Balochistan,Gwadar,Rural Road,Poor,Clear,Daylight,Motorcycle,2,Over Speeding,0,0,0,1,3,0,Medium
2021,1,Thursday,16,Punjab,Sargodha,National Highway,Good,Rainy,Daylight,Motorcycle,2,Mobile Phone Use,0,0,0,1,10,1,High
2021,1,Monday,16,Punjab,Multan,National Highway,Average,Clear,Daylight,Motorcycle,3,Mechanical Failure,0,0,0,1,4,0,Medium
2020,1,Thursday,2,KPK,Nowshera,Urban Road,Poor,Clear,Street Light,Bus/Coach,1,Wrong Overtaking,0,0,1,1,2,0,Low
2018,1,Thursday,12,Punjab,Multan,Provincial Highway,Good,Clear,Daylight,Motorcycle,4,Over Speeding,1,0,0,1,4,0,Medium
2023,1,Friday,6,Sindh,Kashmore,Provincial Highway,Poor,Clear,Daylight,Car/Taxi,2,Wrong Overtaking,0,0,0,1,2,0,Low
2020,6,Saturday,7,Sindh,Thatta,National Highway,Average,Clear,Dawn/Dusk,Motorcycle,2,Mobile Phone Use,1,1,0,0,3,0,High
2023,5,Saturday,18,Punjab,Gujranwala,National Highway,Average,Foggy,Daylight,Motorcycle,2,Over Speeding,1,1,0,0,8,2,High
2023,12,Monday,15,Balochistan,Turbat,Provincial Highway,Good,Extreme Heat,Daylight,Car/Taxi,3,Weather Condition,0,0,0,1,0,0,Low
2022,10,Saturday,12,Sindh,Dadu,Urban Road,Poor,Clear,Street Light,Rickshaw,2,Pedestrian Error,1,1,0,0,1,0,Low
2020,12,Wednesday,7,Sindh,Dadu,National Highway,Good,Foggy,Daylight,Motorcycle,2,Signal Violation,1,0,0,1,9,1,High
2020,2,Wednesday,17,Gilgit-Baltistan,Hunza,Provincial Highway,Good,Clear,No Light,Rickshaw,1,Wrong Overtaking,1,0,0,1,1,1,Medium
2019,1,Friday,20,Sindh,Karachi,Urban Road,Poor,Dusty/Smoggy,No Light,Motorcycle,1,Over Speeding,1,0,0,1,3,1,Medium
2018,8,Wednesday,19,Punjab,Gujranwala,Provincial Highway,Average,Foggy,Street Light,Car/Taxi,2,Wrong Overtaking,1,0,0,0,5,0,Medium
2021,8,Saturday,15,Sindh,Sukkur,Urban Road,Under Repair,Clear,Daylight,Car/Taxi,2,Wrong Overtaking,0,1,0,0,0,0,Low
2023,4,Sunday,8,KPK,Dera Ismail Khan,National Highway,Poor,Foggy,Street Light,Car/Taxi,1,Pedestrian Error,1,1,0,0,3,0,Medium
2022,5,Saturday,12,KPK,Kohat,Rural Road,Good,Clear,Daylight,Motorcycle,2,Pedestrian Error,1,1,0,0,0,0,Low
2022,5,Thursday,17,KPK,Swat,National Highway,Good,Clear,Dawn/Dusk,Motorcycle,1,Signal Violation,1,0,0,0,1,0,Medium
2019,7,Saturday,22,KPK,Abbottabad,Urban Road,Poor,Rainy,Street Light,Truck/Lorry,2,Over Speeding,0,1,1,0,1,0,Medium
2020,9,Saturday,11,Punjab,Sargodha,National Highway,Poor,Foggy,Daylight,Bicycle,1,Over Speeding,0,1,0,0,2,1,High
2022,4,Friday,9,Balochistan,Hub,Motorway,Under Repair,Rainy,Daylight,Motorcycle,3,Road Condition,1,0,0,0,10,3,High
2023,3,Sunday,8,Balochistan,Quetta,Urban Road,Poor,Clear,Daylight,Bus/Coach,2,Road Condition,1,1,0,0,2,0,Low
2023,8,Thursday,13,Punjab,Multan,Provincial Highway,Good,Clear,Dawn/Dusk,Bicycle,1,Mobile Phone Use,1,0,0,0,3,0,Medium
2019,4,Tuesday,20,Punjab,Lahore,Rural Road,Average,Clear,No Light,Car/Taxi,2,Road Condition,1,0,0,0,2,0,Low
2023,1,Saturday,19,AJK,Rawalakot,National Highway,Good,Clear,No Light,Bus/Coach,2,Over Speeding,1,1,0,1,3,0,Medium
2021,8,Tuesday,14,Balochistan,Khuzdar,Provincial Highway,Good,Clear,Street Light,Car/Taxi,2,Signal Violation,0,0,0,0,2,0,Low
2022,9,Tuesday,22,Balochistan,Dera Bugti,Motorway,Under Repair,Clear,Street Light,Motorcycle,2,Over Speeding,0,0,1,0,5,2,High
2022,11,Saturday,20,Balochistan,Dera Bugti,Provincial Highway,Good,Clear,Street Light,Car/Taxi,1,Pedestrian Error,1,1,0,1,0,0,Low
2023,2,Thursday,1,Sindh,Mirpur Khas,Urban Road,Average,Clear,No Light,Car/Taxi,1,Signal Violation,0,0,1,1,0,0,Low
2022,3,Saturday,11,Sindh,Nawabshah,National Highway,Poor,Clear,Daylight,Bicycle,2,Over Speeding,0,1,0,0,11,1,High
2023,8,Saturday,22,Sindh,Karachi,National Highway,Average,Foggy,No Light,Motorcycle,1,Wrong Overtaking,0,1,1,0,7,4,High
2021,12,Tuesday,11,Punjab,Rahim Yar Khan,National Highway,Poor,Foggy,Daylight,Truck/Lorry,3,Signal Violation,0,0,0,1,3,1,Medium
2023,8,Friday,16,KPK,Bannu,Provincial Highway,Poor,Dusty/Smoggy,Daylight,Motorcycle,4,Signal Violation,0,0,0,0,2,0,Medium
2023,7,Monday,19,Sindh,Dadu,Urban Road,Good,Clear,Dawn/Dusk,Truck/Lorry,2,Wrong Overtaking,1,0,0,0,3,1,Medium
2018,9,Wednesday,13,Sindh,Karachi,Provincial Highway,Average,Foggy,Dawn/Dusk,Motorcycle,2,Wrong Overtaking,1,0,0,0,5,0,Medium
2020,3,Tuesday,15,Sindh,Jacobabad,Urban Road,Average,Foggy,Daylight,Motorcycle,2,Wrong Overtaking,0,0,0,0,5,0,Medium
2020,8,Monday,10,Sindh,Larkana,Urban Road,Average,Clear,Dawn/Dusk,Bus/Coach,2,Road Condition,0,0,0,0,1,0,Low
2020,9,Friday,17,Punjab,Faisalabad,National Highway,Under Repair,Clear,Daylight,Motorcycle,2,Road Condition,1,0,0,0,4,1,Medium
2020,5,Monday,10,Punjab,Faisalabad,Urban Road,Poor,Clear,Daylight,Motorcycle,1,Road Condition,0,0,0,0,1,1,Medium
2021,4,Monday,23,Punjab,Sialkot,Provincial Highway,Good,Clear,No Light,Van/Pickup,1,Over Speeding,0,0,1,0,4,0,Medium
2019,1,Friday,7,Punjab,Sialkot,National Highway,Good,Dusty/Smoggy,Daylight,Motorcycle,2,Over Speeding,1,0,0,1,6,0,High
2023,6,Wednesday,16,AJK,Muzaffarabad,Rural Road,Average,Clear,Daylight,Car/Taxi,2,Over Speeding,0,0,0,0,4,2,Medium
2023,5,Friday,6,Punjab,Rawalpindi,National Highway,Good,Clear,Daylight,Car/Taxi,2,Over Speeding,0,0,0,0,4,0,Medium
2018,9,Wednesday,23,Punjab,Sargodha,Provincial Highway,Good,Clear,Street Light,Car/Taxi,3,Mechanical Failure,0,0,1,0,0,0,Low
2023,11,Tuesday,13,Sindh,Sukkur,Rural Road,Average,Foggy,Daylight,Car/Taxi,1,Over Speeding,1,0,0,1,4,1,Medium
2019,12,Thursday,9,Sindh,Jacobabad,Provincial Highway,Good,Clear,Daylight,Rickshaw,1,Signal Violation,1,0,0,1,0,0,Low
2023,9,Thursday,18,Punjab,Faisalabad,National Highway,Average,Clear,Street Light,Bicycle,1,Wrong Overtaking,1,0,0,0,3,2,Medium
2019,11,Sunday,2,KPK,Charsadda,Motorway,Poor,Dusty/Smoggy,Street Light,Motorcycle,1,Over Speeding,0,1,1,1,2,1,High
2022,5,Wednesday,21,KPK,Mardan,Motorway,Poor,Clear,No Light,Motorcycle,2,Over Speeding,0,0,0,0,7,1,High
2019,7,Saturday,20,Punjab,Faisalabad,Urban Road,Poor,Clear,Street Light,Motorcycle,2,Over Speeding,1,1,0,0,5,2,Medium
2023,2,Saturday,11,Punjab,Multan,Rural Road,Average,Foggy,No Light,Car/Taxi,4,Wrong Overtaking,0,1,0,1,1,0,Low
2019,12,Sunday,11,Islamabad,Islamabad,Motorway,Average,Clear,Daylight,Truck/Lorry,2,Over Speeding,0,1,0,1,10,4,High
2020,6,Monday,18,KPK,Dera Ismail Khan,National Highway,Poor,Clear,Daylight,Rickshaw,2,Wrong Overtaking,1,0,0,0,5,0,Medium
2021,11,Sunday,19,KPK,Peshawar,Rural Road,Average,Clear,Dawn/Dusk,Van/Pickup,2,Over Speeding,1,1,0,1,0,0,Low
2022,7,Monday,10,Punjab,Sargodha,National Highway,Good,Dusty/Smoggy,Street Light,Motorcycle,1,Mechanical Failure,0,0,0,0,4,0,Medium
2023,2,Tuesday,17,Punjab,Faisalabad,Urban Road,Average,Clear,Daylight,Car/Taxi,1,Road Condition,1,0,0,1,1,0,Low
2023,6,Sunday,22,Sindh,Nawabshah,Urban Road,Good,Clear,Street Light,Motorcycle,2,Over Speeding,0,1,1,0,5,1,High
2020,8,Saturday,21,Punjab,Gujranwala,Provincial Highway,Good,Extreme Heat,Street Light,Motorcycle,1,Drunk Driving,0,1,0,0,3,0,Medium
2019,2,Tuesday,19,Sindh,Mirpur Khas,Urban Road,Average,Rainy,Dawn/Dusk,Car/Taxi,2,Over Speeding,1,0,0,1,3,1,Medium
2020,12,Tuesday,19,Sindh,Larkana,National Highway,Good,Dusty/Smoggy,Street Light,Car/Taxi,3,Over Speeding,1,0,0,1,5,0,Medium