year,month,day_of_week,hour_of_day,province,district,road_type,road_condition,weather_condition,lighting_condition,vehicle_type,vehicles_involved,accident_cause,is_rush_hour,is_weekend,is_night,is_foggy_month,num_injured,num_killed,severity
2019,3,Monday,15,Punjab,Gujranwala,National Highway,Good,Dusty/Smoggy,Daylight,Car/Taxi,1,Over Speeding,0,0,0,0,3,0,Medium
2021,12,Wednesday,16,KPK,Bannu,National Highway,Good,Rainy,No Light,Bus/Coach,2,Pedestrian Error,0,0,0,1,3,1,Medium
2023,5,Saturday,14,Balochistan,Quetta,Rural Road,Good,Clear,Dawn/Dusk,Motorcycle,2,Over Speeding,0,1,0,0,1,1,Medium
2021,10,Saturday,15,Punjab,Faisalabad,National Highway,Average,Dusty/Smoggy,Daylight,Truck/Lorry,2,Over Speeding,0,1,0,0,5,1,Medium
2021,1,Saturday,16,KPK,Nowshera,Urban Road,Average,Clear,Street Light,Motorcycle,2,Signal Violation,0,1,0,1,1,0,Medium
2019,2,Sunday,21,Punjab,Sheikhupura,Provincial Highway,Poor,Extreme Heat,No Light,Car/Taxi,1,Mobile Phone Use,0,1,0,1,2,0,Low
2020,8,Sunday,16,KPK,Abbottabad,Motorway,Average,Clear,Dawn/Dusk,Car/Taxi,1,Signal Violation,0,1,0,0,3,0,Medium
2021,11,Wednesday,21,Punjab,Sialkot,Motorway,Good,Foggy,No Light,Car/Taxi,3,Wrong Overtaking,0,0,0,1,2,0,Medium
2023,11,Monday,20,Punjab,Gujranwala,Provincial Highway,Poor,Clear,No Light,Motorcycle,2,Mobile Phone Use,1,0,0,1,2,0,Low
2022,10,Saturday,7,Sindh,Dadu,Provincial Highway,Good,Clear,Daylight,Motorcycle,4,Mechanical Failure,1,1,0,0,5,0,Medium
2021,12,Wednesday,6,Sindh,Dadu,Provincial Highway,Poor,Clear,Daylight,Motorcycle,3,Road Condition,0,0,0,1,4,0,Medium
2020,10,Friday,17,Balochistan,Dera Bugti,Provincial Highway,Under Repair,Clear,Daylight,Motorcycle,2,Over Speeding,1,0,0,0,6,2,High
2021,4,Tuesday,19,Punjab,Rawalpindi,National Highway,Good,Foggy,Dawn/Dusk,Motorcycle,1,Over Speeding,1,0,0,0,3,1,High
2020,12,Saturday,17,Punjab,Rahim Yar Khan,National Highway,Poor,Foggy,Daylight,Motorcycle,2,Over Speeding,1,1,0,1,7,2,High
2018,11,Thursday,23,Sindh,Kashmore,Urban Road,Average,Clear,No Light,Motorcycle,1,Over Speeding,0,0,1,1,5,0,Medium
2020,5,Monday,21,Sindh,Hyderabad,Urban Road,Under Repair,Clear,No Light,Motorcycle,3,Driver Fatigue,0,0,0,0,4,0,Medium
2022,5,Tuesday,21,Punjab,Rahim Yar Khan,National Highway,Good,Rainy,Street Light,Motorcycle,2,Signal Violation,0,0,0,0,8,2,High
2018,12,Friday,17,KPK,Swat,Provincial Highway,Good,Rainy,Daylight,Truck/Lorry,1,Road Condition,1,0,0,1,4,2,Medium
2020,7,Sunday,14,KPK,Bannu,Rural Road,Good,Rainy,Daylight,Truck/Lorry,1,Signal Violation,0,1,0,0,2,0,Medium
2021,9,Friday,8,Balochistan,Khuzdar,Provincial Highway,Good,Rainy,Daylight,Rickshaw,1,Over Speeding,1,0,0,0,2,0,Medium
2020,2,Saturday,21,AJK,Mirpur,Provincial Highway,Under Repair,Clear,Street Light,Truck/Lorry,1,Over Speeding,0,1,0,1,5,0,Medium
2020,9,Sunday,13,Punjab,Lahore,National Highway,Good,Clear,Daylight,Van/Pickup,2,Over Speeding,1,1,0,0,11,1,High
2018,7,Monday,5,KPK,Kohat,Rural Road,Good,Extreme Heat,Street Light,Motorcycle,2,Over Speeding,0,0,1,0,11,4,High
2023,12,Monday,7,Punjab,Multan,Urban Road,Average,Clear,Daylight,Motorcycle,1,Over Speeding,1,0,0,1,5,0,Medium
2021,1,Saturday,14,KPK,Dera Ismail Khan,National Highway,Average,Foggy,Daylight,Van/Pickup,2,Wrong Overtaking,0,1,0,1,4,2,Medium
2018,9,Thursday,18,Sindh,Hyderabad,Provincial Highway,Under Repair,Rainy,Street Light,Car/Taxi,2,Pedestrian Error,1,0,0,0,0,0,Low
2021,11,Monday,16,Gilgit-Baltistan,Skardu,Urban Road,Under Repair,Clear,Daylight,Car/Taxi,3,Mechanical Failure,0,0,0,1,0,0,Low
2023,12,Saturday,22,KPK,Kohat,National Highway,Average,Foggy,Street Light,Truck/Lorry,2,Signal Violation,0,1,1,1,6,0,High
2022,4,Saturday,12,Islamabad,Islamabad,Provincial Highway,Good,Rainy,Daylight,Other,1,Over Speeding,1,1,0,0,3,2,Medium
2019,5,Sunday,10,KPK,Peshawar,Provincial Highway,Average,Foggy,Daylight,Car/Taxi,2,Driver Fatigue,0,1,0,0,2,0,Medium
2020,2,Sunday,6,Balochistan,Dera Bugti,Urban Road,Good,Rainy,Dawn/Dusk,Truck/Lorry,2,Driver Fatigue,0,1,0,1,5,1,Medium
2023,12,Thursday,1,KPK,Abbottabad,Urban Road,Average,Clear,Street Light,Truck/Lorry,4,Pedestrian Error,0,0,1,1,2,0,Low
2021,9,Tuesday,20,Sindh,Larkana,Provincial Highway,Average,Clear,Street Light,Bicycle,2,Driver Fatigue,1,0,0,0,4,3,High
2019,7,Friday,14,Punjab,Lahore,National Highway,Good,Clear,Daylight,Motorcycle,3,Over Speeding,0,0,0,0,9,1,High
2023,1,Friday,19,Punjab,Bahawalpur,Provincial Highway,Good,Clear,Dawn/Dusk,Car/Taxi,1,Pedestrian Error,1,0,0,1,1,0,Low
2019,9,Sunday,5,Punjab,Rawalpindi,Provincial Highway,Average,Clear,Street Light,Motorcycle,1,Road Condition,0,1,1,0,2,1,High
2018,8,Monday,9,Sindh,Mirpur Khas,Rural Road,Poor,Clear,Daylight,Motorcycle,1,Signal Violation,1,0,0,0,2,1,Medium
2022,6,Tuesday,12,Sindh,Sukkur,Urban Road,Good,Clear,Dawn/Dusk,Motorcycle,1,Driver Fatigue,1,0,0,0,4,0,Medium
2020,6,Sunday,10,Sindh,Larkana,Provincial Highway,Poor,Foggy,Daylight,Motorcycle,3,Road Condition,0,1,0,0,1,0,Medium
2023,2,Saturday,0,AJK,Rawalakot,Provincial Highway,Average,Clear,Street Light,Rickshaw,2,Over Speeding,0,1,1,1,11,1,High
2019,7,Tuesday,10,Balochistan,Sibi,Urban Road,Good,Dusty/Smoggy,Daylight,Bicycle,2,Over Speeding,0,0,0,0,2,0,Medium
2020,1,Friday,6,Punjab,Rawalpindi,National Highway,Good,Clear,Daylight,Motorcycle,2,Drunk Driving,0,0,0,1,3,1,High
2021,11,Thursday,14,Punjab,Bahawalpur,Provincial Highway,Average,Clear,Daylight,Truck/Lorry,2,Wrong Overtaking,0,0,0,1,1,0,Low
2019,12,Friday,17,Sindh,Nawabshah,Urban Road,Average,Clear,Daylight,Van/Pickup,2,Pedestrian Error,1,0,0,1,1,0,Low
2020,6,Sunday,18,Punjab,Sialkot,Provincial Highway,Good,Clear,Daylight,Motorcycle,2,Pedestrian Error,1,1,0,0,5,0,Medium
2023,2,Thursday,21,KPK,Peshawar,National Highway,Poor,Clear,No Light,Motorcycle,4,Signal Violation,0,0,0,1,8,0,High
2022,7,Saturday,22,Sindh,Jacobabad,Provincial Highway,Good,Foggy,No Light,Van/Pickup,1,Over Speeding,0,1,1,0,1,0,Medium
2021,8,Saturday,18,Sindh,Larkana,National Highway,Under Repair,Rainy,Street Light,Bicycle,3,Over Speeding,1,1,0,0,9,1,High
2023,9,Friday,9,Balochistan,Chaman,Rural Road,Good,Clear,Daylight,Van/Pickup,4,Over Speeding,1,0,0,0,1,0,Low
2020,6,Friday,20,KPK,Bannu,Provincial Highway,Good,Foggy,No Light,Motorcycle,4,Over Speeding,1,0,0,0,3,0,High
2020,11,Monday,12,Punjab,Faisalabad,Motorway,Good,Clear,Daylight,Motorcycle,3,Wrong Overtaking,1,0,0,1,10,2,High
2019,7,Friday,15,KPK,Charsadda,Provincial Highway,Average,Rainy,Daylight,Motorcycle,2,Wrong Overtaking,0,0,0,0,3,0,Medium
2022,11,Saturday,17,Sindh,Thatta,National Highway,Good,Clear,Daylight,Bus/Coach,1,Wrong Overtaking,1,1,0,1,5,0,Medium
2019,8,Saturday,10,Punjab,Sialkot,Motorway,Average,Clear,Street Light,Car/Taxi,1,Over Speeding,0,1,0,0,1,0,Medium
2018,5,Sunday,0,Punjab,Rawalpindi,Provincial Highway,Average,Rainy,No Light,Car/Taxi,2,Road Condition,0,1,1,0,1,0,Low
2020,4,Sunday,8,Sindh,Mirpur Khas,Provincial Highway,Good,Extreme Heat,Street Light,Car/Taxi,2,Wrong Overtaking,1,1,0,0,2,0,Low
2022,3,Saturday,10,Punjab,Faisalabad,National Highway,Poor,Clear,Daylight,Bus/Coach,3,Signal Violation,0,1,0,0,4,1,Medium
2023,11,Monday,18,Punjab,Sialkot,National Highway,Good,Dusty/Smoggy,Daylight,Motorcycle,3,Road Condition,1,0,0,1,5,1,Medium
2020,8,Monday,23,KPK,Abbottabad,Rural Road,Average,Foggy,Street Light,Motorcycle,2,Pedestrian Error,0,0,1,0,2,0,Medium
2023,7,Tuesday,2,KPK,Swat,Urban Road,Average,Clear,No Light,Van/Pickup,2,Over Speeding,0,0,1,0,4,0,Medium
2023,4,Monday,6,Punjab,Sheikhupura,Provincial Highway,Under Repair,Clear,Daylight,Car/Taxi,3,Over Speeding,0,0,0,0,3,0,Medium
2023,11,Friday,17,Punjab,Rahim Yar Khan,Rural Road,Good,Clear,Daylight,Motorcycle,1,Road Condition,1,0,0,1,1,0,Medium
2023,1,Tuesday,20,Balochistan,Hub,Provincial Highway,Average,Foggy,No Light,Motorcycle,2,Mechanical Failure,1,0,0,1,4,1,High
2022,1,Tuesday,12,Punjab,Sargodha,Urban Road,Average,Clear,Dawn/Dusk,Rickshaw,2,Mobile Phone Use,1,0,0,1,2,0,Low
2020,6,Friday,13,Islamabad,Islamabad,Rural Road,Average,Rainy,Daylight,Motorcycle,2,Pedestrian Error,1,0,0,0,2,0,Low
2021,6,Sunday,22,Sindh,Dadu,Urban Road,Average,Clear,Street Light,Rickshaw,2,Road Condition,0,1,1,0,1,0,Low
2019,10,Friday,10,Punjab,Gujranwala,National Highway,Good,Clear,Daylight,Bicycle,2,Road Condition,0,0,0,0,2,0,Medium
2022,12,Wednesday,10,Punjab,Lahore,Provincial Highway,Poor,Foggy,Dawn/Dusk,Car/Taxi,2,Wrong Overtaking,0,0,0,1,3,1,Medium
2021,11,Wednesday,8,Punjab,Faisalabad,Urban Road,Average,Clear,No Light,Rickshaw,1,Over Speeding,1,0,0,1,1,0,Medium
2023,2,Monday,13,Punjab,Rawalpindi,National Highway,Good,Foggy,Daylight,Bus/Coach,3,Wrong Overtaking,1,0,0,1,5,1,Medium
2019,6,Monday,12,Punjab,Rawalpindi,National Highway,Average,Rainy,Daylight,Rickshaw,2,Signal Violation,1,0,0,0,2,0,Medium
2019,12,Thursday,8,Sindh,Karachi,Rural Road,Average,Clear,Street Light,Car/Taxi,1,Wrong Overtaking,1,0,0,1,2,0,Low
2018,7,Sunday,8,Punjab,Sheikhupura,Motorway,Average,Clear,No Light,Bus/Coach,2,Over Speeding,1,1,0,0,4,1,High
2022,11,Thursday,3,Sindh,Dadu,Motorway,Poor,Clear,No Light,Motorcycle,2,Over Speeding,0,0,1,1,4,4,High
2021,3,Saturday,11,Sindh,Larkana,Urban Road,Good,Rainy,Dawn/Dusk,Rickshaw,1,Mechanical Failure,0,1,0,0,1,0,Low
2021,7,Friday,12,Punjab,Sheikhupura,Urban Road,Good,Foggy,Daylight,Motorcycle,1,Pedestrian Error,1,0,0,0,2,0,Low
2020,5,Saturday,9,Punjab,Multan,Urban Road,Good,Foggy,Daylight,Truck/Lorry,3,Wrong Overtaking,1,1,0,0,1,0,Low
2020,6,Tuesday,21,Punjab,Bahawalpur,National Highway,Good,Clear,Street Light,Truck/Lorry,2,Over Speeding,0,0,0,0,3,0,Medium
2023,11,Saturday,1,Punjab,Rawalpindi,Provincial Highway,Under Repair,Clear,Street Light,Car/Taxi,1,Wrong Overtaking,0,1,1,1,5,1,Medium
2019,5,Sunday,17,KPK,Bannu,National Highway,Good,Clear,Daylight,Car/Taxi,2,Drunk Driving,1,1,0,0,2,1,Medium
2018,8,Thursday,5,Punjab,Multan,Provincial Highway,Poor,Clear,Daylight,Car/Taxi,3,Wrong Overtaking,0,0,1,0,2,0,Low
2023,1,Sunday,14,KPK,Charsadda,National Highway,Under Repair,Foggy,Daylight,Bicycle,2,Wrong Overtaking,0,1,0,1,9,1,High
2021,6,Friday,7,Sindh,Hyderabad,Rural Road,Average,Rainy,Daylight,Motorcycle,1,Signal Violation,1,0,0,0,11,2,High
2022,12,Sunday,13,Sindh,Jacobabad,Rural Road,Poor,Clear,Daylight,Motorcycle,2,Wrong Overtaking,1,1,0,1,1,1,Medium
2023,1,Wednesday,11,Sindh,Hyderabad,National Highway,Good,Clear,Daylight,Motorcycle,2,Over Speeding,0,0,0,1,6,1,High
2019,5,Tuesday,12,KPK,Kohat,Provincial Highway,Average,Clear,Daylight,Motorcycle,2,Over Speeding,1,0,0,0,6,2,High
2023,8,Wednesday,20,Punjab,Sheikhupura,Provincial Highway,Average,Clear,Street Light,Car/Taxi,4,Road Condition,1,0,0,0,1,0,Low
2019,4,Thursday,17,Punjab,Gujranwala,Urban Road,Poor,Rainy,Daylight,Rickshaw,3,Driver Fatigue,1,0,0,0,3,1,Medium
2018,6,Friday,13,Sindh,Larkana,Provincial Highway,Poor,Clear,Daylight,Car/Taxi,2,Wrong Overtaking,1,0,0,0,4,0,Medium
2018,11,Saturday,20,Punjab,Bahawalpur,Provincial Highway,Poor,Clear,No Light,Bus/Coach,1,Pedestrian Error,1,1,0,1,1,0,Low
2021,8,Saturday,18,Sindh,Mirpur Khas,National Highway,Average,Clear,Daylight,Rickshaw,3,Road Condition,1,1,0,0,1,0,Low
2018,10,Monday,9,Sindh,Dadu,National Highway,Poor,Rainy,Dawn/Dusk,Motorcycle,1,Wrong Overtaking,1,0,0,0,7,2,High
2019,2,Sunday,13,Sindh,Dadu,Urban Road,Good,Clear,Street Light,Motorcycle,2,Pedestrian Error,1,1,0,1,2,0,Low
2022,1,Saturday,12,Sindh,Hyderabad,National Highway,Average,Rainy,Daylight,Motorcycle,1,Road Condition,1,1,0,1,1,0,Medium
2022,6,Sunday,14,Sindh,Kashmore,Provincial Highway,Poor,Clear,Daylight,Motorcycle,1,Over Speeding,0,1,0,0,4,0,Medium
2018,11,Tuesday,10,KPK,Bannu,National Highway,Good,Clear,No Light,Car/Taxi,1,Wrong Overtaking,0,0,0,1,0,0,Low
2023,2,Saturday,6,KPK,Charsadda,National Highway,Good,Rainy,Daylight,Van/Pickup,2,Pedestrian Error,0,1,0,1,1,0,Medium
2019,7,Monday,20,Sindh,Kashmore,Provincial Highway,Poor,Dusty/Smoggy,Street Light,Bus/Coach,2,Road Condition,1,0,0,0,0,0,Low
2018,5,Monday,18,KPK,Nowshera,Provincial Highway,Average,Foggy,Daylight,Car/Taxi,3,Over Speeding,1,0,0,0,3,2,High
2023,1,Monday,9,Balochistan,Zhob,Urban Road,Good,Rainy,No Light,Motorcycle,4,Over Speeding,1,0,0,1,7,2,High
2023,10,Saturday,4,Sindh,Larkana,National Highway,Good,Foggy,No Light,Motorcycle,2,Road Condition,0,1,1,0,4,4,High
2019,7,Tuesday,6,Punjab,Sargodha,National Highway,Under Repair,Clear,Daylight,Rickshaw,2,Wrong Overtaking,0,0,0,0,3,0,Medium
2020,1,Wednesday,13,KPK,Mansehra,National Highway,Under Repair,Clear,Daylight,Motorcycle,2,Over Speeding,1,0,0,1,2,2,High
2020,11,Wednesday,17,Sindh,Thatta,Provincial Highway,Good,Rainy,Daylight,Motorcycle,2,Signal Violation,1,0,0,1,9,3,High
2018,4,Thursday,21,Punjab,Lahore,National Highway,Good,Clear,No Light,Van/Pickup,2,Wrong Overtaking,0,0,0,0,2,0,Low
2022,10,Tuesday,22,Balochistan,Khuzdar,National Highway,Good,Clear,Street Light,Motorcycle,2,Wrong Overtaking,0,0,1,0,11,1,High
2021,5,Sunday,15,Punjab,Bahawalpur,Provincial Highway,Good,Rainy,Daylight,Rickshaw,1,Over Speeding,0,1,0,0,2,1,Medium
2023,11,Monday,12,KPK,Mardan,Rural Road,Average,Clear,Daylight,Car/Taxi,1,Road Condition,1,0,0,1,2,0,Low
2020,10,Tuesday,7,KPK,Bannu,Urban Road,Good,Dusty/Smoggy,Daylight,Car/Taxi,1,Mechanical Failure,1,0,0,0,1,0,Low
2020,12,Monday,16,Islamabad,Islamabad,Urban Road,Under Repair,Clear,Daylight,Motorcycle,2,Mechanical Failure,0,0,0,1,0,0,Low
2019,1,Sunday,18,Punjab,Faisalabad,National Highway,Average,Clear,Daylight,Car/Taxi,2,Over Speeding,1,1,0,1,4,0,Medium
2020,7,Wednesday,13,Sindh,Dadu,Urban Road,Good,Rainy,Daylight,Bus/Coach,2,Wrong Overtaking,1,0,0,0,2,2,Medium
2021,6,Tuesday,16,Sindh,Jacobabad,National Highway,Good,Clear,Daylight,Car/Taxi,2,Drunk Driving,0,0,0,0,1,2,Medium
2018,12,Wednesday,16,Punjab,Multan,Provincial Highway,Poor,Dusty/Smoggy,Daylight,Car/Taxi,4,Wrong Overtaking,0,0,0,1,1,0,Low
2022,6,Wednesday,19,Punjab,Rawalpindi,Rural Road,Poor,Foggy,Dawn/Dusk,Car/Taxi,3,Signal Violation,1,0,0,0,4,1,Medium
2023,6,Monday,4,Sindh,Thatta,Provincial Highway,Under Repair,Dusty/Smoggy,No Light,Motorcycle,4,Road Condition,0,0,1,0,5,0,Medium
2019,8,Friday,21,Sindh,Kashmore,National Highway,Average,Rainy,Street Light,Motorcycle,2,Mechanical Failure,0,0,0,0,2,1,High
2019,9,Thursday,12,Punjab,Sargodha,Provincial Highway,Good,Dusty/Smoggy,No Light,Car/Taxi,3,Over Speeding,1,0,0,0,0,0,Low
2023,3,Friday,14,Sindh,Kashmore,Provincial Highway,Poor,Clear,Daylight,Rickshaw,2,Over Speeding,0,0,0,0,2,0,Medium
2020,7,Friday,7,KPK,Peshawar,Rural Road,Good,Clear,Daylight,Car/Taxi,3,Over Speeding,1,0,0,0,0,0,Low
2023,3,Friday,17,KPK,Nowshera,Urban Road,Good,Rainy,Daylight,Motorcycle,1,Wrong Overtaking,1,0,0,0,4,0,Medium
2020,3,Tuesday,8,Balochistan,Quetta,Motorway,Good,Clear,Street Light,Motorcycle,2,Over Speeding,1,0,0,0,5,4,High
2023,1,Thursday,23,Punjab,Lahore,Motorway,Poor,Clear,No Light,Bicycle,3,Pedestrian Error,0,0,1,1,4,2,High
2023,6,Monday,17,Islamabad,Islamabad,Provincial Highway,Poor,Foggy,Dawn/Dusk,Motorcycle,4,Road Condition,1,0,0,0,6,3,High
2020,1,Friday,21,Balochistan,Hub,Urban Road,Good,Clear,No Light,Motorcycle,1,Signal Violation,0,0,0,1,2,1,Medium
2020,1,Wednesday,17,Punjab,Rahim Yar Khan,Urban Road,Average,Clear,Street Light,Motorcycle,4,Over Speeding,1,0,0,1,5,1,Medium
2020,6,Wednesday,11,Punjab,Gujranwala,Urban Road,Average,Clear,No Light,Car/Taxi,1,Mobile Phone Use,0,0,0,0,0,0,Low
2023,4,Friday,9,Sindh,Hyderabad,Rural Road,Average,Clear,Daylight,Motorcycle,1,Over Speeding,1,0,0,0,2,1,High
2022,3,Tuesday,17,Punjab,Sargodha,National Highway,Good,Clear,Daylight,Motorcycle,1,Mechanical Failure,1,0,0,0,4,0,Medium
2021,2,Sunday,20,Sindh,Sukkur,Urban Road,Good,Clear,No Light,Motorcycle,2,Over Speeding,1,1,0,1,8,1,High
2022,11,Sunday,11,Sindh,Karachi,National Highway,Average,Clear,Daylight,Car/Taxi,1,Wrong Overtaking,0,1,0,1,2,1,Medium
2023,3,Saturday,19,KPK,Nowshera,Provincial Highway,Average,Clear,Dawn/Dusk,Motorcycle,2,Over Speeding,1,1,0,0,10,1,High
2019,12,Tuesday,19,Sindh,Larkana,National Highway,Good,Clear,Dawn/Dusk,Truck/Lorry,2,Mechanical Failure,1,0,0,1,2,0,Medium
2022,8,Monday,19,Punjab,Multan,Urban Road,Average,Foggy,Street Light,Motorcycle,3,Mechanical Failure,1,0,0,0,1,0,Low
2019,1,Saturday,9,Balochistan,Khuzdar,Rural Road,Under Repair,Rainy,Daylight,Rickshaw,3,Mechanical Failure,1,1,0,1,1,0,Low
2023,1,Saturday,11,Punjab,Sargodha,Urban Road,Good,Rainy,Daylight,Car/Taxi,1,Signal Violation,0,1,0,1,1,1,Medium
2020,10,Saturday,7,AJK,Mirpur,Motorway,Average,Clear,Daylight,Motorcycle,1,Signal Violation,1,1,0,0,11,0,High
2022,4,Sunday,11,Punjab,Sargodha,Motorway,Average,Dusty/Smoggy,Dawn/Dusk,Motorcycle,2,Mechanical Failure,0,1,0,0,5,0,Medium
2022,12,Sunday,20,Islamabad,Islamabad,Provincial Highway,Good,Foggy,No Light,Motorcycle,1,Road Condition,1,1,0,1,2,0,Medium
2019,3,Tuesday,1,Punjab,Rahim Yar Khan,National Highway,Average,Rainy,No Light,Motorcycle,2,Driver Fatigue,0,0,1,0,11,0,High
2023,7,Monday,18,Punjab,Bahawalpur,Urban Road,Good,Rainy,Street Light,Motorcycle,2,Drunk Driving,1,0,0,0,2,1,Medium
2022,1,Tuesday,15,Punjab,Faisalabad,Provincial Highway,Good,Rainy,No Light,Rickshaw,2,Over Speeding,0,0,0,1,9,1,High
2023,12,Saturday,14,KPK,Charsadda,Provincial Highway,Average,Foggy,Dawn/Dusk,Bicycle,2,Over Speeding,0,1,0,1,8,1,High
2023,1,Monday,18,Balochistan,Loralai,National Highway,Good,Clear,Daylight,Motorcycle,3,Mechanical Failure,1,0,0,1,5,2,Medium
2018,6,Saturday,19,Sindh,Kashmore,National Highway,Average,Rainy,Daylight,Bus/Coach,3,Pedestrian Error,1,1,0,0,1,0,Medium
2021,6,Wednesday,22,Islamabad,Islamabad,Urban Road,Average,Clear,Street Light,Motorcycle,3,Road Condition,0,0,1,0,0,0,Low
2022,3,Monday,20,Sindh,Thatta,Provincial Highway,Average,Extreme Heat,No Light,Motorcycle,2,Wrong Overtaking,1,0,0,0,4,0,Medium
2020,5,Saturday,4,Sindh,Sukkur,Provincial Highway,Under Repair,Clear,No Light,Motorcycle,2,Pedestrian Error,0,1,1,0,10,1,High
2021,8,Tuesday,2,Balochistan,Zhob,Provincial Highway,Good,Rainy,No Light,Motorcycle,3,Over Speeding,0,0,1,0,4,2,High
2023,1,Monday,22,Punjab,Lahore,Provincial Highway,Poor,Clear,No Light,Motorcycle,1,Over Speeding,0,0,1,1,3,0,High
2023,11,Sunday,12,Punjab,Sargodha,Urban Road,Average,Clear,Dawn/Dusk,Motorcycle,3,Signal Violation,1,1,0,1,4,0,Medium
2022,6,Sunday,20,Balochistan,Gwadar,Provincial Highway,Average,Foggy,No Light,Bus/Coach,2,Over Speeding,1,1,0,0,3,2,High
2023,5,Saturday,18,Balochistan,Gwadar,National Highway,Average,Clear,No Light,Motorcycle,2,Wrong Overtaking,1,1,0,0,2,0,Medium
2021,4,Thursday,20,AJK,Mirpur,National Highway,Poor,Clear,No Light,Motorcycle,2,Wrong Overtaking,1,0,0,0,10,2,High
2023,12,Tuesday,14,Balochistan,Sibi,National Highway,Average,Clear,Street Light,Bus/Coach,2,Wrong Overtaking,0,0,0,1,4,0,Medium
2023,10,Sunday,12,Punjab,Sargodha,National Highway,Average,Clear,Daylight,Bus/Coach,3,Signal Violation,1,1,0,0,7,2,High
2023,3,Monday,19,KPK,Charsadda,Rural Road,Good,Clear,Street Light,Motorcycle,1,Over Speeding,1,0,0,0,4,1,Medium
2022,12,Monday,17,Punjab,Sialkot,National Highway,Average,Rainy,Dawn/Dusk,Motorcycle,2,Over Speeding,1,0,0,1,4,2,High
2023,10,Tuesday,13,Gilgit-Baltistan,Skardu,Urban Road,Good,Clear,Dawn/Dusk,Car/Taxi,2,Mechanical Failure,1,0,0,0,1,0,Low
2023,10,Sunday,19,Sindh,Sukkur,Provincial Highway,Good,Clear,Daylight,Bicycle,2,Road Condition,1,1,0,0,2,0,Medium
2023,8,Tuesday,14,Sindh,Larkana,Rural Road,Poor,Foggy,Daylight,Rickshaw,1,Mobile Phone Use,0,0,0,0,1,0,Low
2021,2,Saturday,8,Sindh,Hyderabad,Urban Road,Good,Clear,Daylight,Motorcycle,1,Over Speeding,1,1,0,1,11,1,High
2023,5,Monday,7,Punjab,Lahore,Urban Road,Average,Clear,No Light,Motorcycle,2,Driver Fatigue,1,0,0,0,9,2,High
2021,6,Wednesday,21,Punjab,Sheikhupura,Provincial Highway,Poor,Clear,Street Light,Rickshaw,3,Over Speeding,0,0,0,0,2,0,Low
2020,5,Thursday,15,Balochistan,Dera Bugti,Rural Road,Poor,Foggy,Daylight,Rickshaw,2,Mobile Phone Use,0,0,0,0,0,0,Low
2018,8,Sunday,21,KPK,Mardan,National Highway,Average,Foggy,No Light,Motorcycle,3,Over Speeding,0,1,0,0,10,2,High
2021,11,Saturday,8,Punjab,Gujranwala,National Highway,Good,Clear,Daylight,Bus/Coach,3,Signal Violation,1,1,0,1,1,2,Medium
2019,7,Wednesday,11,KPK,Nowshera,Rural Road,Good,Foggy,Daylight,Bus/Coach,2,Over Speeding,0,0,0,0,5,1,High
2022,2,Monday,13,Sindh,Hyderabad,Motorway,Average,Clear,Daylight,Motorcycle,2,Over Speeding,1,0,0,1,11,0,High
2022,11,Tuesday,19,Punjab,Sialkot,Rural Road,Average,Dusty/Smoggy,Daylight,Motorcycle,1,Over Speeding,1,0,0,1,3,0,Medium
2022,6,Thursday,9,Punjab,Rahim Yar Khan,National Highway,Average,Clear,Dawn/Dusk,Motorcycle,2,Wrong Overtaking,1,0,0,0,11,1,High
2022,9,Tuesday,11,Balochistan,Chaman,Rural Road,Poor,Clear,Dawn/Dusk,Car/Taxi,1,Drunk Driving,0,0,0,0,3,0,Medium
2019,10,Tuesday,12,KPK,Nowshera,National Highway,Average,Clear,No Light,Motorcycle,1,Wrong Overtaking,1,0,0,0,3,0,Medium
2019,5,Monday,4,Sindh,Nawabshah,Rural Road,Poor,Rainy,No Light,Motorcycle,3,Over Speeding,0,0,1,0,6,1,High
2020,6,Thursday,12,Sindh,Thatta,Provincial Highway,Good,Rainy,Daylight,Truck/Lorry,2,Wrong Overtaking,1,0,0,0,1,1,Medium
2022,8,Tuesday,14,Punjab,Faisalabad,National Highway,Under Repair,Clear,Daylight,Motorcycle,1,Road Condition,0,0,0,0,4,1,Medium
2022,6,Friday,9,Sindh,Larkana,Urban Road,Poor,Clear,Daylight,Motorcycle,2,Road Condition,1,0,0,0,2,0,Low
2021,8,Monday,11,Punjab,Multan,Provincial Highway,Good,Clear,Daylight,Car/Taxi,2,Over Speeding,0,0,0,0,1,0,Low
2018,12,Sunday,16,Punjab,Sargodha,National Highway,Good,Clear,Daylight,Bus/Coach,1,Wrong Overtaking,0,1,0,1,2,1,High
2020,8,Monday,10,KPK,Nowshera,National Highway,Good,Rainy,Street Light,Bus/Coach,2,Pedestrian Error,0,0,0,0,4,1,High
2021,7,Friday,12,Balochistan,Khuzdar,Provincial Highway,Average,Foggy,Dawn/Dusk,Motorcycle,3,Over Speeding,1,0,0,0,3,2,High
2019,11,Friday,5,Punjab,Multan,Urban Road,Good,Clear,Dawn/Dusk,Car/Taxi,2,Over Speeding,0,0,1,1,3,0,Medium
2022,7,Friday,18,Punjab,Lahore,National Highway,Good,Foggy,Daylight,Rickshaw,1,Over Speeding,1,0,0,0,3,1,High