year,month,day_of_week,hour_of_day,province,district,road_type,road_condition,weather_condition,lighting_condition,vehicle_type,vehicles_involved,accident_cause,is_rush_hour,is_weekend,is_night,is_foggy_month,num_injured,num_killed,severity
2020,5,Wednesday,9,Sindh,Thatta,Provincial Highway,Poor,Extreme Heat,Daylight,Motorcycle,1,Signal Violation,1,0,0,0,4,0,Medium
2023,9,Wednesday,19,Balochistan,Gwadar,National Highway,Average,Dusty/Smoggy,Street Light,Motorcycle,2,Drunk Driving,1,0,0,0,5,0,High
2022,12,Sunday,5,KPK,Kohat,Rural Road,Good,Clear,No Light,Motorcycle,2,Over Speeding,0,1,1,1,5,1,High
2018,1,Thursday,10,Balochistan,Hub,Urban Road,Poor,Rainy,Daylight,Motorcycle,1,Mechanical Failure,0,0,0,1,2,0,Low
2023,1,Wednesday,20,Sindh,Karachi,National Highway,Good,Clear,No Light,Van/Pickup,2,Wrong Overtaking,1,0,0,1,2,0,Medium
2023,9,Friday,7,KPK,Peshawar,Provincial Highway,Good,Clear,Daylight,Truck/Lorry,2,Road Condition,1,0,0,0,2,0,Low
2018,5,Tuesday,21,Punjab,Sargodha,Urban Road,Average,Clear,Street Light,Truck/Lorry,2,Mechanical Failure,0,0,0,0,2,0,Low
2023,9,Sunday,19,Punjab,Lahore,National Highway,Good,Rainy,Street Light,Rickshaw,1,Over Speeding,1,1,0,0,6,1,High
2023,4,Thursday,9,Punjab,Sheikhupura,National Highway,Average,Clear,Dawn/Dusk,Bicycle,2,Pedestrian Error,1,0,0,0,4,0,Medium
2023,7,Thursday,7,Sindh,Nawabshah,Urban Road,Average,Clear,Dawn/Dusk,Car/Taxi,1,Wrong Overtaking,1,0,0,0,2,0,Low
2019,12,Saturday,16,Islamabad,Islamabad,Rural Road,Average,Clear,Dawn/Dusk,Motorcycle,1,Signal Violation,0,1,0,1,2,0,Medium
2022,5,Monday,7,Balochistan,Quetta,Provincial Highway,Good,Clear,Daylight,Other,2,Road Condition,1,0,0,0,1,0,Low
2021,6,Tuesday,8,Punjab,Lahore,National Highway,Good,Dusty/Smoggy,Daylight,Motorcycle,3,Over Speeding,1,0,0,0,4,3,High
2023,12,Thursday,7,Punjab,Gujranwala,Rural Road,Poor,Clear,Daylight,Rickshaw,2,Wrong Overtaking,1,0,0,1,2,0,Low
2023,6,Sunday,2,Punjab,Rawalpindi,Provincial Highway,Good,Extreme Heat,Street Light,Motorcycle,4,Over Speeding,0,1,1,0,8,4,High
2021,5,Thursday,12,Punjab,Bahawalpur,Provincial Highway,Good,Clear,Daylight,Rickshaw,1,Road Condition,1,0,0,0,0,0,Low
2019,2,Wednesday,20,Sindh,Thatta,Urban Road,Average,Clear,No Light,Van/Pickup,2,Wrong Overtaking,1,0,0,1,2,0,Low
2023,12,Friday,19,Balochistan,Dera Bugti,Rural Road,Poor,Clear,Dawn/Dusk,Motorcycle,3,Driver Fatigue,1,0,0,1,4,0,Medium
2023,7,Wednesday,6,Islamabad,Islamabad,Provincial Highway,Good,Rainy,Daylight,Motorcycle,1,Wrong Overtaking,0,0,0,0,4,0,Medium
2022,8,Friday,13,Sindh,Thatta,Rural Road,Good,Clear,Daylight,Bus/Coach,3,Mobile Phone Use,1,0,0,0,0,0,Low
2020,2,Thursday,19,KPK,Mansehra,Rural Road,Average,Rainy,Street Light,Car/Taxi,1,Road Condition,1,0,0,1,1,0,Low
2023,1,Monday,14,Sindh,Mirpur Khas,Motorway,Poor,Foggy,Daylight,Car/Taxi,2,Road Condition,0,0,0,1,3,1,Medium
2018,7,Saturday,9,Punjab,Gujranwala,Urban Road,Average,Foggy,Daylight,Car/Taxi,3,Wrong Overtaking,1,1,0,0,5,0,Medium
2018,1,Wednesday,18,Sindh,Nawabshah,Rural Road,Good,Clear,Daylight,Motorcycle,4,Signal Violation,1,0,0,1,5,1,Medium
2023,8,Friday,17,Sindh,Nawabshah,Rural Road,Good,Clear,Daylight,Rickshaw,2,Driver Fatigue,1,0,0,0,1,1,Medium
2023,1,Friday,8,KPK,Dera Ismail Khan,Rural Road,Good,Clear,Daylight,Rickshaw,3,Pedestrian Error,1,0,0,1,2,0,Low
2023,2,Friday,18,Punjab,Sheikhupura,National Highway,Good,Foggy,Daylight,Rickshaw,2,Wrong Overtaking,1,0,0,1,10,2,High
2022,10,Wednesday,5,Punjab,Sargodha,National Highway,Average,Dusty/Smoggy,Street Light,Motorcycle,4,Over Speeding,0,0,1,0,5,1,High
2019,12,Wednesday,13,Punjab,Sialkot,Urban Road,Good,Clear,Daylight,Rickshaw,2,Signal Violation,1,0,0,1,0,0,Low
2022,4,Friday,13,Islamabad,Islamabad,Urban Road,Average,Foggy,Daylight,Bicycle,2,Over Speeding,1,0,0,0,5,0,Medium
2019,5,Sunday,15,Sindh,Kashmore,National Highway,Poor,Clear,Daylight,Car/Taxi,2,Wrong Overtaking,0,1,0,0,4,2,Medium
2022,9,Tuesday,18,KPK,Nowshera,National Highway,Good,Clear,Daylight,Motorcycle,1,Over Speeding,1,0,0,0,10,2,High
2018,5,Tuesday,5,KPK,Abbottabad,Provincial Highway,Average,Extreme Heat,Street Light,Car/Taxi,3,Wrong Overtaking,0,0,1,0,2,0,Low
2018,7,Tuesday,2,Punjab,Faisalabad,Rural Road,Poor,Clear,Street Light,Motorcycle,2,Drunk Driving,0,0,1,0,2,0,Medium
2023,6,Friday,16,Sindh,Kashmore,National Highway,Good,Clear,Daylight,Car/Taxi,1,Pedestrian Error,0,0,0,0,3,0,Medium
2022,11,Sunday,6,Balochistan,Loralai,Rural Road,Average,Clear,Daylight,Car/Taxi,4,Signal Violation,0,1,0,1,2,0,Low
2022,3,Sunday,15,Sindh,Sukkur,Rural Road,Good,Foggy,Dawn/Dusk,Motorcycle,3,Over Speeding,0,1,0,0,4,0,Medium
2019,6,Friday,14,Islamabad,Islamabad,National Highway,Average,Foggy,Daylight,Car/Taxi,4,Over Speeding,0,0,0,0,2,2,High
2022,3,Tuesday,9,Punjab,Multan,Rural Road,Average,Clear,Daylight,Motorcycle,3,Driver Fatigue,1,0,0,0,7,1,High
2018,8,Sunday,22,Punjab,Faisalabad,Motorway,Poor,Extreme Heat,No Light,Van/Pickup,1,Road Condition,0,1,1,0,1,0,Medium
2022,7,Friday,9,Balochistan,Hub,National Highway,Under Repair,Clear,Daylight,Motorcycle,2,Mobile Phone Use,1,0,0,0,3,1,Medium
2018,2,Monday,20,Balochistan,Hub,Provincial Highway,Poor,Dusty/Smoggy,No Light,Motorcycle,3,Driver Fatigue,1,0,0,1,6,0,High
2021,9,Wednesday,18,Gilgit-Baltistan,Hunza,Rural Road,Average,Clear,Daylight,Car/Taxi,1,Mechanical Failure,1,0,0,0,1,0,Low
2023,12,Monday,18,KPK,Dera Ismail Khan,Provincial Highway,Good,Clear,Dawn/Dusk,Motorcycle,2,Over Speeding,1,0,0,1,2,1,Medium
2023,8,Saturday,8,Islamabad,Islamabad,National Highway,Poor,Clear,Daylight,Rickshaw,2,Over Speeding,1,1,0,0,7,4,High
2020,8,Sunday,13,KPK,Dera Ismail Khan,National Highway,Poor,Rainy,Street Light,Car/Taxi,2,Pedestrian Error,1,1,0,0,4,0,Medium
2020,7,Tuesday,13,Balochistan,Quetta,Provincial Highway,Good,Clear,Daylight,Rickshaw,4,Drunk Driving,1,0,0,0,3,2,Medium
2019,12,Thursday,11,Sindh,Larkana,National Highway,Under Repair,Rainy,Daylight,Motorcycle,3,Over Speeding,0,0,0,1,10,3,High
2023,1,Sunday,22,Punjab,Rawalpindi,National Highway,Good,Clear,Street Light,Other,1,Wrong Overtaking,0,1,1,1,4,2,Medium
2022,2,Saturday,20,Islamabad,Islamabad,Motorway,Good,Clear,Street Light,Van/Pickup,4,Over Speeding,1,1,0,1,8,0,High
2023,4,Thursday,20,Sindh,Jacobabad,National Highway,Average,Clear,Street Light,Motorcycle,3,Signal Violation,1,0,0,0,11,1,High
2023,5,Monday,18,Sindh,Mirpur Khas,National Highway,Good,Rainy,Dawn/Dusk,Van/Pickup,2,Pedestrian Error,1,0,0,0,4,0,Medium
2023,10,Tuesday,11,Sindh,Nawabshah,Urban Road,Average,Foggy,Daylight,Bicycle,3,Mechanical Failure,0,0,0,0,4,2,Medium
2019,8,Thursday,22,Sindh,Hyderabad,Rural Road,Good,Clear,Street Light,Car/Taxi,1,Road Condition,0,0,1,0,0,0,Low
2019,8,Wednesday,12,Sindh,Karachi,National Highway,Under Repair,Clear,Daylight,Motorcycle,4,Over Speeding,1,0,0,0,10,0,High
2023,4,Monday,20,Punjab,Rawalpindi,National Highway,Under Repair,Clear,No Light,Truck/Lorry,2,Signal Violation,1,0,0,0,3,1,Medium
2019,1,Thursday,20,Balochistan,Dera Bugti,National Highway,Poor,Extreme Heat,No Light,Bus/Coach,2,Signal Violation,1,0,0,1,10,1,High
2023,8,Sunday,12,Sindh,Sukkur,Provincial Highway,Average,Clear,Daylight,Car/Taxi,1,Signal Violation,1,1,0,0,2,1,Low
2018,1,Monday,7,Sindh,Kashmore,Motorway,Poor,Extreme Heat,Daylight,Truck/Lorry,2,Signal Violation,1,0,0,1,2,1,Medium
2020,7,Monday,7,Punjab,Sargodha,Urban Road,Average,Clear,Daylight,Car/Taxi,3,Mobile Phone Use,1,0,0,0,2,0,Low
2021,6,Thursday,18,Punjab,Sargodha,National Highway,Under Repair,Clear,Daylight,Car/Taxi,1,Driver Fatigue,1,0,0,0,10,2,High
2022,3,Tuesday,21,Punjab,Rahim Yar Khan,National Highway,Good,Extreme Heat,Street Light,Bus/Coach,2,Wrong Overtaking,0,0,0,0,2,1,High
2021,12,Wednesday,7,KPK,Mansehra,National Highway,Poor,Foggy,Dawn/Dusk,Motorcycle,3,Wrong Overtaking,1,0,0,1,11,3,High
2022,5,Monday,14,Punjab,Multan,Urban Road,Poor,Clear,Daylight,Motorcycle,1,Over Speeding,0,0,0,0,4,1,Medium
2020,7,Wednesday,19,Balochistan,Chaman,Provincial Highway,Average,Foggy,No Light,Motorcycle,2,Signal Violation,1,0,0,0,6,2,High
2018,2,Saturday,11,Punjab,Rahim Yar Khan,Urban Road,Average,Rainy,Daylight,Motorcycle,4,Road Condition,0,1,0,1,1,0,Low
2023,4,Monday,19,Punjab,Faisalabad,Urban Road,Average,Clear,Dawn/Dusk,Bicycle,2,Wrong Overtaking,1,0,0,0,0,0,Low
2022,11,Thursday,18,Punjab,Sargodha,National Highway,Average,Clear,Dawn/Dusk,Rickshaw,2,Over Speeding,1,0,0,1,8,1,High
2022,10,Wednesday,16,Punjab,Lahore,Provincial Highway,Good,Rainy,Street Light,Motorcycle,3,Over Speeding,0,0,0,0,4,2,High
2022,7,Friday,11,KPK,Charsadda,Urban Road,Poor,Rainy,Daylight,Motorcycle,3,Over Speeding,0,0,0,0,11,2,High
2022,5,Saturday,18,Balochistan,Hub,Rural Road,Poor,Foggy,Street Light,Motorcycle,1,Driver Fatigue,1,1,0,0,4,1,Medium
2019,7,Saturday,19,Sindh,Nawabshah,Rural Road,Average,Foggy,No Light,Van/Pickup,2,Pedestrian Error,1,1,0,0,1,0,Low
2018,6,Monday,19,Punjab,Sialkot,Urban Road,Under Repair,Foggy,Street Light,Car/Taxi,2,Drunk Driving,1,0,0,0,2,0,Low
2023,8,Friday,7,Punjab,Lahore,Rural Road,Poor,Dusty/Smoggy,Daylight,Car/Taxi,1,Road Condition,1,0,0,0,1,0,Low
2022,7,Saturday,13,Sindh,Jacobabad,Motorway,Average,Clear,Daylight,Motorcycle,2,Road Condition,1,1,0,0,4,0,High
2018,9,Monday,1,Islamabad,Islamabad,Urban Road,Good,Rainy,Street Light,Motorcycle,3,Over Speeding,0,0,1,0,3,0,High
2023,1,Friday,10,Punjab,Rawalpindi,National Highway,Good,Foggy,Daylight,Motorcycle,1,Mechanical Failure,0,0,0,1,4,0,Medium
2019,8,Sunday,6,KPK,Mardan,Provincial Highway,Good,Dusty/Smoggy,Daylight,Car/Taxi,2,Driver Fatigue,0,1,0,0,4,1,Medium
2022,12,Wednesday,12,Sindh,Jacobabad,Provincial Highway,Good,Rainy,Daylight,Van/Pickup,2,Over Speeding,1,0,0,1,5,1,High
2022,11,Tuesday,13,Punjab,Rahim Yar Khan,Provincial Highway,Poor,Clear,Daylight,Motorcycle,4,Road Condition,1,0,0,1,4,0,Medium
2022,3,Sunday,17,Sindh,Dadu,Urban Road,Good,Clear,Daylight,Motorcycle,3,Wrong Overtaking,1,1,0,0,3,2,Medium
2022,8,Monday,11,Punjab,Multan,Provincial Highway,Poor,Clear,Daylight,Motorcycle,3,Wrong Overtaking,0,0,0,0,3,1,Medium
2018,5,Saturday,17,KPK,Nowshera,Provincial Highway,Average,Clear,Street Light,Motorcycle,2,Signal Violation,1,1,0,0,5,1,Medium
2022,7,Friday,18,Punjab,Gujranwala,Urban Road,Good,Clear,Daylight,Motorcycle,2,Wrong Overtaking,1,0,0,0,2,0,Medium
2022,5,Thursday,12,KPK,Dera Ismail Khan,Rural Road,Poor,Rainy,Dawn/Dusk,Motorcycle,2,Drunk Driving,1,0,0,0,1,0,Medium
2021,7,Wednesday,13,Punjab,Rahim Yar Khan,Provincial Highway,Good,Clear,Daylight,Car/Taxi,1,Over Speeding,1,0,0,0,2,1,Medium
2018,10,Wednesday,19,Islamabad,Islamabad,Urban Road,Average,Clear,Dawn/Dusk,Car/Taxi,2,Pedestrian Error,1,0,0,0,0,0,Low
2020,3,Tuesday,17,Punjab,Sargodha,Provincial Highway,Average,Clear,Daylight,Bus/Coach,1,Mechanical Failure,1,0,0,0,2,0,Low
2019,2,Monday,13,Balochistan,Quetta,Motorway,Average,Clear,Daylight,Motorcycle,2,Mechanical Failure,1,0,0,1,2,1,Medium
2019,6,Thursday,0,KPK,Dera Ismail Khan,Rural Road,Average,Clear,Street Light,Truck/Lorry,2,Signal Violation,0,0,1,0,5,1,Medium
2023,1,Thursday,18,Islamabad,Islamabad,Provincial Highway,Good,Foggy,Daylight,Van/Pickup,1,Road Condition,1,0,0,1,2,2,Medium
2021,8,Wednesday,17,Sindh,Dadu,Rural Road,Average,Clear,Daylight,Car/Taxi,4,Pedestrian Error,1,0,0,0,2,0,Low
2020,6,Wednesday,15,KPK,Mansehra,Rural Road,Under Repair,Clear,Street Light,Motorcycle,3,Mechanical Failure,0,0,0,0,2,1,Medium
2022,7,Saturday,20,Punjab,Bahawalpur,National Highway,Poor,Clear,No Light,Motorcycle,2,Wrong Overtaking,1,1,0,0,4,0,High
2021,12,Monday,20,Punjab,Sheikhupura,Rural Road,Average,Clear,Street Light,Van/Pickup,1,Mechanical Failure,1,0,0,1,1,0,Low
2018,12,Saturday,21,Sindh,Karachi,Rural Road,Poor,Dusty/Smoggy,Street Light,Motorcycle,2,Driver Fatigue,0,1,0,1,11,0,High
2018,8,Monday,19,Punjab,Gujranwala,Rural Road,Poor,Extreme Heat,Daylight,Car/Taxi,2,Signal Violation,1,0,0,0,2,0,Low
2023,6,Tuesday,13,AJK,Rawalakot,Urban Road,Good,Rainy,Daylight,Car/Taxi,2,Driver Fatigue,1,0,0,0,5,0,Medium
2020,8,Sunday,14,Punjab,Bahawalpur,National Highway,Good,Foggy,Daylight,Car/Taxi,1,Mechanical Failure,0,1,0,0,2,0,Medium
2022,1,Thursday,20,Sindh,Sukkur,Provincial Highway,Good,Rainy,Street Light,Bus/Coach,3,Over Speeding,1,0,0,1,8,1,High
2020,2,Monday,19,Sindh,Thatta,Rural Road,Average,Dusty/Smoggy,Dawn/Dusk,Motorcycle,1,Over Speeding,1,0,0,1,3,2,Medium
2019,1,Friday,12,Sindh,Mirpur Khas,Provincial Highway,Under Repair,Clear,Street Light,Motorcycle,2,Drunk Driving,1,0,0,1,3,1,High
2023,1,Wednesday,12,KPK,Peshawar,Motorway,Under Repair,Foggy,Daylight,Truck/Lorry,3,Signal Violation,1,0,0,1,1,0,Medium
2020,12,Tuesday,19,Punjab,Multan,National Highway,Average,Clear,No Light,Motorcycle,2,Over Speeding,1,0,0,1,10,2,High
2023,7,Sunday,18,Sindh,Hyderabad,Rural Road,Average,Clear,Daylight,Bus/Coach,2,Wrong Overtaking,1,1,0,0,0,0,Low
2023,9,Sunday,19,Punjab,Gujranwala,Provincial Highway,Average,Foggy,Street Light,Car/Taxi,2,Road Condition,1,1,0,0,4,2,Medium
2019,1,Thursday,18,Islamabad,Islamabad,Rural Road,Average,Rainy,Daylight,Bus/Coach,1,Road Condition,1,0,0,1,2,0,Low
2020,4,Saturday,12,KPK,Swat,Provincial Highway,Average,Clear,Daylight,Rickshaw,2,Over Speeding,1,1,0,0,4,0,Medium
2023,9,Thursday,16,AJK,Mirpur,Rural Road,Poor,Clear,Daylight,Car/Taxi,1,Over Speeding,0,0,0,0,2,0,Medium
2019,1,Wednesday,23,Punjab,Sargodha,Urban Road,Good,Foggy,Street Light,Motorcycle,1,Over Speeding,0,0,1,1,9,2,High
2018,4,Monday,18,Punjab,Faisalabad,Rural Road,Under Repair,Dusty/Smoggy,Daylight,Motorcycle,3,Signal Violation,1,0,0,0,1,1,Medium
2019,7,Saturday,19,Punjab,Faisalabad,Provincial Highway,Average,Clear,No Light,Motorcycle,2,Over Speeding,1,1,0,0,2,0,Medium
2021,11,Sunday,0,Punjab,Multan,Rural Road,Average,Foggy,Street Light,Car/Taxi,2,Over Speeding,0,1,1,1,2,0,Medium
2021,10,Thursday,10,Punjab,Gujranwala,National Highway,Poor,Clear,Daylight,Bus/Coach,2,Road Condition,0,0,0,0,2,0,Low
2020,7,Saturday,9,KPK,Dera Ismail Khan,Rural Road,Good,Clear,Daylight,Car/Taxi,3,Mobile Phone Use,1,1,0,0,0,0,Low
2023,11,Sunday,12,Punjab,Rawalpindi,National Highway,Poor,Clear,Daylight,Motorcycle,2,Driver Fatigue,1,1,0,1,11,2,High
2020,11,Thursday,18,Sindh,Dadu,National Highway,Poor,Rainy,Daylight,Rickshaw,1,Over Speeding,1,0,0,1,9,1,High
2023,4,Wednesday,19,Balochistan,Dera Bugti,National Highway,Average,Dusty/Smoggy,No Light,Car/Taxi,1,Road Condition,1,0,0,0,1,1,Low
2022,5,Friday,5,KPK,Mansehra,Urban Road,Good,Foggy,No Light,Car/Taxi,3,Over Speeding,0,0,1,0,4,2,High
2021,12,Tuesday,19,Punjab,Bahawalpur,Urban Road,Average,Clear,Daylight,Bicycle,3,Over Speeding,1,0,0,1,3,0,Medium
2021,3,Sunday,9,Punjab,Gujranwala,Provincial Highway,Poor,Clear,Daylight,Car/Taxi,3,Mobile Phone Use,1,1,0,0,1,0,Low
2022,11,Saturday,19,Sindh,Thatta,Motorway,Poor,Clear,No Light,Van/Pickup,3,Driver Fatigue,1,1,0,1,1,0,Medium
2022,11,Sunday,11,Punjab,Rahim Yar Khan,National Highway,Average,Clear,Street Light,Bicycle,2,Over Speeding,0,1,0,1,8,1,High
2021,12,Monday,22,Sindh,Nawabshah,Urban Road,Good,Foggy,Street Light,Motorcycle,2,Wrong Overtaking,0,0,1,1,2,0,Medium
2022,8,Tuesday,12,Punjab,Sargodha,National Highway,Good,Clear,Daylight,Motorcycle,3,Wrong Overtaking,1,0,0,0,4,0,High
2022,7,Wednesday,15,Balochistan,Turbat,National Highway,Good,Rainy,Daylight,Car/Taxi,2,Wrong Overtaking,0,0,0,0,3,0,Medium
2023,12,Friday,7,KPK,Mansehra,Urban Road,Poor,Clear,Daylight,Truck/Lorry,1,Over Speeding,1,0,0,1,1,0,Medium
2022,9,Sunday,7,Sindh,Mirpur Khas,Provincial Highway,Good,Dusty/Smoggy,Daylight,Motorcycle,2,Mobile Phone Use,1,1,0,0,1,0,Low
2022,12,Wednesday,13,Punjab,Bahawalpur,Provincial Highway,Average,Clear,Daylight,Van/Pickup,3,Pedestrian Error,1,0,0,1,2,0,Low
2022,1,Wednesday,13,Punjab,Gujranwala,Provincial Highway,Good,Clear,Daylight,Car/Taxi,2,Pedestrian Error,1,0,0,1,1,1,Low
2021,11,Friday,14,KPK,Nowshera,National Highway,Poor,Clear,Daylight,Bus/Coach,4,Signal Violation,0,0,0,1,3,2,Medium
2021,7,Wednesday,18,Sindh,Larkana,Provincial Highway,Average,Clear,Dawn/Dusk,Motorcycle,3,Pedestrian Error,1,0,0,0,5,1,Medium
2022,12,Sunday,17,Punjab,Faisalabad,National Highway,Average,Clear,Daylight,Truck/Lorry,1,Wrong Overtaking,1,1,0,1,2,2,High
2023,8,Wednesday,15,Punjab,Rawalpindi,National Highway,Good,Foggy,No Light,Motorcycle,2,Mobile Phone Use,0,0,0,0,3,0,Medium
2021,2,Sunday,11,Punjab,Rahim Yar Khan,Urban Road,Poor,Clear,Daylight,Motorcycle,2,Signal Violation,0,1,0,1,1,0,Medium
2023,8,Monday,22,KPK,Swat,Urban Road,Poor,Clear,Street Light,Bus/Coach,3,Pedestrian Error,0,0,1,0,1,0,Low
2019,6,Saturday,11,Punjab,Rawalpindi,National Highway,Good,Clear,Dawn/Dusk,Bicycle,1,Mechanical Failure,0,1,0,0,7,1,High
2023,1,Saturday,11,Sindh,Jacobabad,Rural Road,Average,Clear,Street Light,Truck/Lorry,2,Over Speeding,0,1,0,1,4,1,Medium
2021,7,Saturday,9,Sindh,Mirpur Khas,National Highway,Under Repair,Clear,Daylight,Car/Taxi,2,Over Speeding,1,1,0,0,3,0,Medium
2023,6,Sunday,13,Sindh,Sukkur,Motorway,Poor,Rainy,Daylight,Motorcycle,3,Over Speeding,1,1,0,0,8,1,High
2020,5,Friday,16,Balochistan,Khuzdar,Urban Road,Good,Clear,Daylight,Motorcycle,3,Mobile Phone Use,0,0,0,0,3,0,Medium
2022,3,Friday,9,Balochistan,Sibi,Provincial Highway,Good,Clear,Dawn/Dusk,Car/Taxi,2,Driver Fatigue,1,0,0,0,0,1,Low
2022,5,Sunday,22,Sindh,Dadu,Urban Road,Good,Clear,Street Light,Rickshaw,1,Mechanical Failure,0,1,1,0,1,0,Low
2022,5,Thursday,6,Punjab,Gujranwala,National Highway,Good,Clear,Daylight,Bus/Coach,3,Pedestrian Error,0,0,0,0,3,0,Medium
2021,9,Sunday,13,Sindh,Hyderabad,Provincial Highway,Average,Foggy,Daylight,Bicycle,3,Mobile Phone Use,1,1,0,0,4,0,Medium
2020,5,Wednesday,21,Sindh,Kashmore,Urban Road,Good,Clear,No Light,Motorcycle,2,Signal Violation,0,0,0,0,0,0,Low
2022,1,Sunday,15,Sindh,Mirpur Khas,Urban Road,Good,Clear,Daylight,Car/Taxi,2,Over Speeding,0,1,0,1,0,1,Low
2022,2,Thursday,8,Sindh,Larkana,Rural Road,Good,Foggy,No Light,Motorcycle,1,Mechanical Failure,1,0,0,1,1,0,Low
2023,5,Wednesday,22,Punjab,Sialkot,National Highway,Average,Foggy,Street Light,Car/Taxi,2,Wrong Overtaking,0,0,1,0,2,2,Medium
2023,6,Saturday,13,Sindh,Kashmore,National Highway,Average,Clear,Daylight,Motorcycle,1,Wrong Overtaking,1,1,0,0,1,0,Medium
2020,3,Sunday,19,Punjab,Sialkot,Provincial Highway,Average,Clear,Dawn/Dusk,Motorcycle,1,Over Speeding,1,1,0,0,6,1,High
2018,9,Monday,14,KPK,Mansehra,National Highway,Poor,Extreme Heat,Daylight,Truck/Lorry,3,Wrong Overtaking,0,0,0,0,5,1,Medium
2022,5,Sunday,10,Punjab,Sargodha,Rural Road,Good,Extreme Heat,Daylight,Motorcycle,1,Over Speeding,0,1,0,0,3,0,Medium
2018,12,Thursday,10,KPK,Mardan,Motorway,Good,Rainy,Daylight,Motorcycle,1,Over Speeding,0,0,0,1,10,0,High
2019,11,Tuesday,14,Punjab,Multan,Urban Road,Poor,Rainy,Dawn/Dusk,Van/Pickup,1,Over Speeding,0,0,0,1,2,0,Low
2018,11,Tuesday,18,Punjab,Sheikhupura,Rural Road,Good,Clear,Daylight,Motorcycle,2,Wrong Overtaking,1,0,0,1,3,2,Medium
2023,4,Wednesday,21,KPK,Kohat,Urban Road,Poor,Rainy,Street Light,Motorcycle,1,Pedestrian Error,0,0,0,0,1,0,Low
2019,6,Friday,6,Punjab,Lahore,Provincial Highway,Good,Foggy,Daylight,Motorcycle,1,Driver Fatigue,0,0,0,0,8,3,High
2022,7,Friday,9,KPK,Mansehra,Rural Road,Good,Clear,Daylight,Car/Taxi,3,Road Condition,1,0,0,0,1,0,Low
2020,11,Thursday,11,Sindh,Mirpur Khas,Rural Road,Good,Clear,Daylight,Motorcycle,1,Signal Violation,0,0,0,1,2,0,Low
2020,7,Friday,13,Sindh,Hyderabad,Provincial Highway,Average,Clear,Daylight,Truck/Lorry,3,Signal Violation,1,0,0,0,2,0,Low
2022,11,Saturday,7,Punjab,Rawalpindi,Rural Road,Good,Clear,Daylight,Rickshaw,3,Signal Violation,1,1,0,1,1,0,Low
2022,6,Sunday,19,Sindh,Sukkur,Provincial Highway,Good,Foggy,Street Light,Motorcycle,1,Mechanical Failure,1,1,0,0,3,0,Medium
2020,3,Saturday,13,Sindh,Jacobabad,National Highway,Average,Dusty/Smoggy,Street Light,Motorcycle,1,Driver Fatigue,1,1,0,0,11,3,High
2023,2,Thursday,19,Sindh,Mirpur Khas,Provincial Highway,Good,Clear,Dawn/Dusk,Truck/Lorry,2,Over Speeding,1,0,0,1,4,1,Medium
2020,12,Monday,20,KPK,Bannu,National Highway,Poor,Clear,Street Light,Car/Taxi,2,Mechanical Failure,1,0,0,1,1,0,Low
2022,11,Saturday,15,Sindh,Karachi,Provincial Highway,Poor,Clear,Daylight,Truck/Lorry,3,Over Speeding,0,1,0,1,1,1,Medium
2022,1,Saturday,10,Punjab,Rawalpindi,Urban Road,Good,Clear,Daylight,Van/Pickup,3,Signal Violation,0,1,0,1,2,0,Low
2023,9,Sunday,12,Punjab,Rahim Yar Khan,National Highway,Average,Clear,Dawn/Dusk,Motorcycle,3,Road Condition,1,1,0,0,4,0,Medium
2022,9,Monday,17,Punjab,Bahawalpur,Urban Road,Good,Foggy,Daylight,Car/Taxi,2,Over Speeding,1,0,0,0,1,0,Medium
2022,5,Monday,10,Punjab,Rawalpindi,Rural Road,Good,Foggy,Daylight,Rickshaw,2,Wrong Overtaking,0,0,0,0,0,0,Low
2021,11,Sunday,18,KPK,Abbottabad,Provincial Highway,Under Repair,Clear,Daylight,Motorcycle,4,Wrong Overtaking,1,1,0,1,5,0,Medium
2018,8,Saturday,14,KPK,Charsadda,Motorway,Under Repair,Clear,Daylight,Motorcycle,2,Over Speeding,0,1,0,0,6,1,High
2018,9,Monday,2,Punjab,Rahim Yar Khan,Urban Road,Good,Clear,Street Light,Rickshaw,1,Over Speeding,0,0,1,0,3,0,Medium
2023,5,Saturday,5,Islamabad,Islamabad,Urban Road,Poor,Clear,Dawn/Dusk,Car/Taxi,3,Road Condition,0,1,1,0,0,0,Low
2021,7,Wednesday,8,Sindh,Sukkur,Provincial Highway,Average,Rainy,Daylight,Van/Pickup,1,Wrong Overtaking,1,0,0,0,4,1,Medium
2019,1,Sunday,15,Balochistan,Turbat,National Highway,Poor,Extreme Heat,Daylight,Motorcycle,3,Over Speeding,0,1,0,1,4,0,High
2022,4,Saturday,3,KPK,Abbottabad,Provincial Highway,Poor,Clear,No Light,Car/Taxi,2,Road Condition,0,1,1,0,4,0,Medium
2020,4,Monday,19,KPK,Mardan,Rural Road,Poor,Clear,Daylight,Truck/Lorry,1,Wrong Overtaking,1,0,0,0,3,0,Medium
2022,2,Thursday,9,Punjab,Bahawalpur,Rural Road,Poor,Clear,Street Light,Motorcycle,1,Wrong Overtaking,1,0,0,1,3,0,Medium
2020,5,Wednesday,18,Punjab,Gujranwala,Motorway,Good,Clear,Dawn/Dusk,Car/Taxi,2,Drunk Driving,1,0,0,0,2,0,Medium
2020,8,Tuesday,18,Punjab,Rawalpindi,Rural Road,Good,Clear,Daylight,Truck/Lorry,2,Over Speeding,1,0,0,0,0,0,Low
2021,4,Wednesday,21,KPK,Charsadda,Urban Road,Poor,Clear,No Light,Car/Taxi,1,Road Condition,0,0,0,0,1,0,Low