year,month,day_of_week,hour_of_day,province,district,road_type,road_condition,weather_condition,lighting_condition,vehicle_type,vehicles_involved,accident_cause,is_rush_hour,is_weekend,is_night,is_foggy_month,num_injured,num_killed,severity
2022,4,Monday,14,Punjab,Bahawalpur,National Highway,Poor,Clear,Daylight,Rickshaw,4,Over Speeding,0,0,0,0,1,2,Medium
2018,9,Saturday,8,KPK,Swat,Motorway,Average,Rainy,Daylight,Car/Taxi,2,Signal Violation,1,1,0,0,2,0,Medium
2020,11,Thursday,10,Punjab,Sheikhupura,National Highway,Good,Foggy,Dawn/Dusk,Motorcycle,3,Over Speeding,0,0,0,1,4,1,High
2018,8,Saturday,13,KPK,Peshawar,National Highway,Good,Clear,Dawn/Dusk,Car/Taxi,2,Over Speeding,1,1,0,0,9,1,High
2022,6,Tuesday,22,Punjab,Sargodha,National Highway,Average,Clear,Street Light,Motorcycle,4,Over Speeding,0,0,1,0,8,0,High
2018,8,Monday,3,Punjab,Gujranwala,Provincial Highway,Average,Foggy,No Light,Truck/Lorry,1,Driver Fatigue,0,0,1,0,6,0,High
2022,2,Wednesday,9,Punjab,Sargodha,Rural Road,Average,Foggy,Dawn/Dusk,Motorcycle,2,Wrong Overtaking,1,0,0,1,6,2,High
2020,1,Tuesday,6,Punjab,Rahim Yar Khan,Urban Road,Good,Clear,Street Light,Motorcycle,2,Driver Fatigue,0,0,0,1,4,0,Medium
2022,5,Saturday,19,Punjab,Bahawalpur,Urban Road,Average,Clear,Dawn/Dusk,Bus/Coach,1,Mechanical Failure,1,1,0,0,1,0,Low
2018,12,Monday,14,KPK,Abbottabad,Urban Road,Good,Clear,No Light,Motorcycle,3,Wrong Overtaking,0,0,0,1,2,0,Low
2019,7,Tuesday,18,Punjab,Rawalpindi,National Highway,Average,Rainy,Daylight,Motorcycle,1,Wrong Overtaking,1,0,0,0,11,1,High
2023,3,Sunday,7,Punjab,Lahore,National Highway,Average,Clear,Daylight,Truck/Lorry,1,Driver Fatigue,1,1,0,0,7,1,High
2021,12,Monday,21,KPK,Kohat,Provincial Highway,Average,Clear,Street Light,Car/Taxi,2,Wrong Overtaking,0,0,0,1,1,0,Low
2021,4,Sunday,10,Punjab,Bahawalpur,Urban Road,Poor,Clear,Street Light,Motorcycle,1,Wrong Overtaking,0,1,0,0,2,0,Low
2021,6,Monday,14,Islamabad,Islamabad,Urban Road,Average,Clear,Street Light,Motorcycle,1,Wrong Overtaking,0,0,0,0,1,0,Medium
2020,8,Thursday,19,AJK,Muzaffarabad,National Highway,Average,Clear,No Light,Truck/Lorry,3,Signal Violation,1,0,0,0,4,0,Medium
2020,4,Tuesday,9,Punjab,Faisalabad,Rural Road,Good,Clear,Daylight,Motorcycle,3,Over Speeding,1,0,0,0,2,0,Medium
2021,1,Monday,10,Punjab,Faisalabad,National Highway,Poor,Clear,Daylight,Van/Pickup,4,Pedestrian Error,0,0,0,1,3,1,Medium
2019,10,Wednesday,11,Punjab,Rahim Yar Khan,National Highway,Average,Rainy,Daylight,Motorcycle,2,Wrong Overtaking,0,0,0,0,10,0,High
2019,1,Wednesday,16,KPK,Mardan,Rural Road,Average,Clear,Daylight,Car/Taxi,1,Drunk Driving,0,0,0,1,0,0,Low
2023,6,Tuesday,20,Sindh,Mirpur Khas,Rural Road,Poor,Foggy,Street Light,Car/Taxi,1,Signal Violation,1,0,0,0,0,0,Low
2023,8,Tuesday,21,Sindh,Kashmore,National Highway,Poor,Extreme Heat,Street Light,Motorcycle,2,Drunk Driving,0,0,0,0,6,1,High
2021,7,Saturday,10,KPK,Nowshera,National Highway,Poor,Foggy,Daylight,Van/Pickup,4,Driver Fatigue,0,1,0,0,4,1,High
2018,11,Wednesday,12,Punjab,Rawalpindi,Urban Road,Good,Clear,Daylight,Truck/Lorry,2,Pedestrian Error,1,0,0,1,2,0,Low
2022,6,Monday,5,KPK,Peshawar,Rural Road,Poor,Rainy,Street Light,Bicycle,2,Over Speeding,0,0,1,0,10,1,High
2020,7,Tuesday,4,KPK,Bannu,Urban Road,Poor,Dusty/Smoggy,No Light,Car/Taxi,3,Wrong Overtaking,0,0,1,0,0,1,Low
2019,2,Monday,23,Sindh,Dadu,National Highway,Average,Clear,No Light,Motorcycle,4,Over Speeding,0,0,1,1,10,2,High
2021,5,Saturday,20,Balochistan,Gwadar,National Highway,Good,Clear,Street Light,Motorcycle,3,Over Speeding,1,1,0,0,8,2,High
2022,7,Tuesday,16,KPK,Kohat,National Highway,Good,Rainy,Daylight,Car/Taxi,1,Road Condition,0,0,0,0,1,0,Low
2023,11,Thursday,19,Punjab,Multan,National Highway,Average,Clear,Dawn/Dusk,Bus/Coach,2,Pedestrian Error,1,0,0,1,2,0,Low
2022,6,Tuesday,8,Sindh,Thatta,National Highway,Average,Clear,Daylight,Car/Taxi,2,Wrong Overtaking,1,0,0,0,1,0,Low
2019,12,Monday,9,Sindh,Karachi,Motorway,Poor,Clear,Street Light,Bus/Coach,1,Over Speeding,1,0,0,1,3,1,High
2022,10,Friday,18,Punjab,Multan,National Highway,Under Repair,Clear,Daylight,Motorcycle,2,Over Speeding,1,0,0,0,4,0,High
2022,5,Monday,20,Islamabad,Islamabad,Provincial Highway,Average,Rainy,Street Light,Car/Taxi,1,Over Speeding,1,0,0,0,1,0,Medium
2022,9,Saturday,12,Punjab,Multan,National Highway,Poor,Rainy,Daylight,Rickshaw,1,Driver Fatigue,1,1,0,0,1,0,Medium
2020,1,Wednesday,16,KPK,Abbottabad,Rural Road,Under Repair,Clear,Daylight,Car/Taxi,1,Mechanical Failure,0,0,0,1,0,0,Low
2023,12,Saturday,7,Sindh,Larkana,Urban Road,Average,Extreme Heat,Daylight,Truck/Lorry,2,Wrong Overtaking,1,1,0,1,2,0,Low
2020,6,Saturday,20,Punjab,Sargodha,Urban Road,Average,Clear,Street Light,Bus/Coach,2,Wrong Overtaking,1,1,0,0,2,0,Low
2020,2,Saturday,8,Islamabad,Islamabad,Rural Road,Good,Foggy,Street Light,Motorcycle,3,Weather Condition,1,1,0,1,4,0,Medium
2022,6,Sunday,18,Balochistan,Hub,Rural Road,Average,Clear,Daylight,Car/Taxi,3,Driver Fatigue,1,1,0,0,1,0,Low
2023,9,Tuesday,7,Sindh,Sukkur,National Highway,Good,Clear,No Light,Car/Taxi,2,Over Speeding,1,0,0,0,1,1,Medium
2019,1,Wednesday,21,Punjab,Sialkot,Urban Road,Average,Clear,Street Light,Car/Taxi,2,Over Speeding,0,0,0,1,2,0,Low
2018,12,Tuesday,18,Punjab,Rahim Yar Khan,Rural Road,Good,Clear,Street Light,Motorcycle,4,Road Condition,1,0,0,1,4,0,Medium
2022,6,Sunday,13,Punjab,Sheikhupura,National Highway,Average,Clear,No Light,Car/Taxi,3,Over Speeding,1,1,0,0,3,0,Medium
2022,10,Monday,6,Punjab,Rawalpindi,Provincial Highway,Average,Clear,Dawn/Dusk,Car/Taxi,2,Signal Violation,0,0,0,0,1,0,Low
2020,2,Saturday,18,Sindh,Hyderabad,National Highway,Poor,Clear,Daylight,Car/Taxi,1,Pedestrian Error,1,1,0,1,5,1,Medium
2022,10,Sunday,17,Islamabad,Islamabad,National Highway,Poor,Clear,Daylight,Bus/Coach,2,Signal Violation,1,1,0,0,1,1,Medium
2022,12,Friday,22,Sindh,Dadu,Rural Road,Average,Clear,Street Light,Car/Taxi,1,Over Speeding,0,0,1,1,5,0,Medium
2021,4,Wednesday,2,Balochistan,Hub,Provincial Highway,Average,Clear,No Light,Car/Taxi,1,Over Speeding,0,0,1,0,6,1,High
2023,9,Monday,19,Sindh,Kashmore,National Highway,Good,Clear,Dawn/Dusk,Motorcycle,4,Wrong Overtaking,1,0,0,0,8,0,High
2023,6,Tuesday,8,Sindh,Mirpur Khas,Urban Road,Good,Foggy,Daylight,Rickshaw,1,Over Speeding,1,0,0,0,1,0,Medium
2021,9,Friday,14,Balochistan,Loralai,Rural Road,Average,Clear,Daylight,Motorcycle,3,Mechanical Failure,0,0,0,0,2,0,Medium
2021,11,Monday,15,Sindh,Hyderabad,Urban Road,Average,Clear,No Light,Motorcycle,2,Over Speeding,0,0,0,1,2,0,High
2021,2,Thursday,19,Balochistan,Dera Bugti,Rural Road,Good,Clear,Dawn/Dusk,Rickshaw,2,Driver Fatigue,1,0,0,1,3,1,Medium
2022,3,Tuesday,18,Punjab,Gujranwala,National Highway,Average,Clear,Daylight,Bicycle,2,Over Speeding,1,0,0,0,9,1,High
2019,6,Tuesday,14,Punjab,Bahawalpur,Provincial Highway,Under Repair,Clear,No Light,Motorcycle,1,Wrong Overtaking,0,0,0,0,3,1,Medium
2022,8,Wednesday,9,Balochistan,Chaman,National Highway,Poor,Rainy,Daylight,Bus/Coach,2,Wrong Overtaking,1,0,0,0,1,0,Medium
2018,12,Wednesday,17,Sindh,Kashmore,National Highway,Average,Rainy,Dawn/Dusk,Van/Pickup,1,Wrong Overtaking,1,0,0,1,1,2,Medium
2022,12,Wednesday,11,Balochistan,Loralai,Provincial Highway,Average,Foggy,Daylight,Motorcycle,2,Road Condition,0,0,0,1,4,1,High
2022,1,Monday,8,Islamabad,Islamabad,Urban Road,Poor,Foggy,Daylight,Rickshaw,2,Mechanical Failure,1,0,0,1,2,0,Low
2022,12,Tuesday,17,Punjab,Gujranwala,Urban Road,Poor,Clear,Daylight,Motorcycle,2,Pedestrian Error,1,0,0,1,5,0,Medium
2019,9,Sunday,9,Sindh,Larkana,National Highway,Under Repair,Clear,Daylight,Motorcycle,2,Drunk Driving,1,1,0,0,4,2,High
2021,7,Saturday,8,Punjab,Faisalabad,Urban Road,Under Repair,Clear,Daylight,Motorcycle,2,Mechanical Failure,1,1,0,0,1,0,Low
2023,1,Sunday,23,Sindh,Hyderabad,Provincial Highway,Poor,Clear,Street Light,Motorcycle,2,Pedestrian Error,0,1,1,1,10,4,High
2021,5,Tuesday,13,KPK,Abbottabad,Rural Road,Average,Foggy,Daylight,Rickshaw,4,Over Speeding,1,0,0,0,3,0,Medium
2021,12,Wednesday,6,Punjab,Rawalpindi,Urban Road,Good,Rainy,Daylight,Motorcycle,4,Drunk Driving,0,0,0,1,4,0,High
2023,1,Saturday,12,Sindh,Jacobabad,Provincial Highway,Good,Foggy,Daylight,Motorcycle,1,Signal Violation,1,1,0,1,10,0,High
2018,7,Tuesday,6,KPK,Mansehra,National Highway,Under Repair,Clear,Daylight,Motorcycle,3,Signal Violation,0,0,0,0,5,0,Medium
2023,8,Friday,18,Punjab,Lahore,Rural Road,Average,Rainy,Daylight,Motorcycle,2,Over Speeding,1,0,0,0,3,1,Medium
2021,12,Saturday,3,KPK,Mansehra,National Highway,Poor,Dusty/Smoggy,Street Light,Car/Taxi,1,Over Speeding,0,1,1,1,5,2,High
2019,5,Friday,9,Sindh,Mirpur Khas,National Highway,Poor,Clear,Daylight,Car/Taxi,2,Driver Fatigue,1,0,0,0,3,1,High
2020,6,Thursday,13,Islamabad,Islamabad,Urban Road,Good,Clear,Daylight,Rickshaw,4,Wrong Overtaking,1,0,0,0,1,0,Low
2021,6,Thursday,9,Punjab,Sialkot,Provincial Highway,Average,Clear,Street Light,Car/Taxi,2,Over Speeding,1,0,0,0,1,1,Medium
2023,5,Friday,8,Punjab,Bahawalpur,National Highway,Good,Foggy,Daylight,Motorcycle,4,Mechanical Failure,1,0,0,0,11,1,High
2023,7,Friday,10,Sindh,Karachi,Provincial Highway,Average,Clear,No Light,Motorcycle,4,Wrong Overtaking,0,0,0,0,5,1,Medium
2022,4,Thursday,12,Punjab,Sialkot,National Highway,Average,Clear,Daylight,Motorcycle,1,Over Speeding,1,0,0,0,8,2,High
2020,6,Friday,16,Islamabad,Islamabad,National Highway,Good,Clear,Daylight,Motorcycle,1,Over Speeding,0,0,0,0,11,2,High
2020,11,Sunday,7,Punjab,Multan,National Highway,Poor,Clear,Daylight,Motorcycle,2,Weather Condition,1,1,0,1,1,0,Medium
2018,4,Thursday,12,KPK,Bannu,National Highway,Average,Foggy,Daylight,Bicycle,2,Over Speeding,1,0,0,0,2,0,High
2022,8,Sunday,16,Sindh,Kashmore,Motorway,Average,Clear,Daylight,Car/Taxi,2,Road Condition,0,1,0,0,2,0,Low
2023,8,Saturday,17,Punjab,Bahawalpur,Motorway,Poor,Rainy,Daylight,Truck/Lorry,2,Road Condition,1,1,0,0,3,1,Medium
2019,12,Tuesday,20,Punjab,Sargodha,Urban Road,Good,Clear,No Light,Car/Taxi,2,Over Speeding,1,0,0,1,1,1,Medium
2022,4,Wednesday,16,Sindh,Sukkur,Rural Road,Good,Extreme Heat,Daylight,Van/Pickup,1,Road Condition,0,0,0,0,0,0,Low
2018,12,Tuesday,8,Sindh,Dadu,Rural Road,Average,Clear,Daylight,Motorcycle,4,Over Speeding,1,0,0,1,6,0,High
2023,7,Saturday,19,Punjab,Rawalpindi,Provincial Highway,Under Repair,Rainy,Dawn/Dusk,Motorcycle,2,Signal Violation,1,1,0,0,6,0,High
2020,1,Tuesday,18,Balochistan,Zhob,Rural Road,Good,Foggy,Street Light,Motorcycle,2,Wrong Overtaking,1,0,0,1,4,4,High
2022,12,Monday,22,Punjab,Faisalabad,Rural Road,Average,Clear,Street Light,Car/Taxi,2,Wrong Overtaking,0,0,1,1,1,0,Medium
2020,8,Friday,3,Sindh,Thatta,National Highway,Good,Clear,No Light,Motorcycle,1,Over Speeding,0,0,1,0,10,0,High
2022,11,Friday,22,Sindh,Karachi,Rural Road,Average,Clear,Street Light,Car/Taxi,1,Drunk Driving,0,0,1,1,5,0,Medium
2023,4,Friday,18,Punjab,Lahore,National Highway,Good,Clear,Daylight,Motorcycle,2,Mechanical Failure,1,0,0,0,1,0,Medium
2022,1,Tuesday,7,Islamabad,Islamabad,Rural Road,Under Repair,Foggy,Daylight,Truck/Lorry,2,Drunk Driving,1,0,0,1,4,0,Medium
2021,5,Friday,19,Punjab,Bahawalpur,Urban Road,Average,Clear,No Light,Motorcycle,2,Over Speeding,1,0,0,0,4,0,Medium
2018,4,Thursday,20,Punjab,Sheikhupura,Motorway,Good,Clear,No Light,Bus/Coach,3,Wrong Overtaking,1,0,0,0,7,3,High
2018,11,Saturday,22,Punjab,Rahim Yar Khan,Provincial Highway,Average,Clear,No Light,Motorcycle,1,Over Speeding,0,1,1,1,10,1,High
2019,12,Sunday,6,Sindh,Dadu,Rural Road,Good,Rainy,Daylight,Rickshaw,2,Over Speeding,0,1,0,1,4,0,Medium
2021,6,Sunday,11,Sindh,Thatta,Motorway,Average,Clear,No Light,Motorcycle,4,Pedestrian Error,0,1,0,0,5,1,Medium
2022,8,Saturday,10,KPK,Dera Ismail Khan,National Highway,Good,Foggy,Daylight,Van/Pickup,2,Pedestrian Error,0,1,0,0,4,0,Medium
2022,8,Friday,12,Punjab,Bahawalpur,Rural Road,Good,Rainy,Daylight,Car/Taxi,2,Pedestrian Error,1,0,0,0,0,0,Low
2022,2,Friday,17,Punjab,Multan,Provincial Highway,Average,Clear,Dawn/Dusk,Motorcycle,2,Wrong Overtaking,1,0,0,1,2,1,Medium
2023,3,Thursday,9,KPK,Charsadda,Provincial Highway,Poor,Clear,Daylight,Motorcycle,1,Over Speeding,1,0,0,0,5,0,Medium
2023,4,Sunday,12,Punjab,Sargodha,Rural Road,Good,Clear,Daylight,Motorcycle,1,Signal Violation,1,1,0,0,4,0,Medium
2021,9,Saturday,22,Balochistan,Sibi,Provincial Highway,Poor,Clear,No Light,Car/Taxi,2,Mobile Phone Use,0,1,1,0,1,0,Low
2023,11,Tuesday,18,Punjab,Rahim Yar Khan,Provincial Highway,Good,Clear,Daylight,Van/Pickup,2,Wrong Overtaking,1,0,0,1,1,0,Medium
2019,5,Wednesday,12,KPK,Charsadda,National Highway,Good,Clear,Daylight,Car/Taxi,2,Over Speeding,1,0,0,0,1,0,Medium
2020,3,Thursday,22,Punjab,Rahim Yar Khan,Provincial Highway,Under Repair,Foggy,No Light,Bicycle,1,Over Speeding,0,0,1,0,7,3,High
2019,3,Tuesday,10,Sindh,Hyderabad,Urban Road,Poor,Foggy,Daylight,Motorcycle,1,Drunk Driving,0,0,0,0,10,0,High
2023,5,Sunday,21,Punjab,Bahawalpur,Urban Road,Average,Rainy,No Light,Car/Taxi,3,Mechanical Failure,0,1,0,0,1,0,Low
2021,12,Thursday,18,Punjab,Bahawalpur,Rural Road,Good,Rainy,Daylight,Car/Taxi,1,Over Speeding,1,0,0,1,2,0,Low
2018,12,Sunday,9,Punjab,Rahim Yar Khan,Urban Road,Average,Dusty/Smoggy,Daylight,Bus/Coach,1,Road Condition,1,1,0,1,2,0,Low
2018,12,Sunday,13,Punjab,Rahim Yar Khan,Provincial Highway,Good,Extreme Heat,No Light,Motorcycle,2,Signal Violation,1,1,0,1,5,0,Medium
2019,1,Monday,19,Punjab,Sheikhupura,Rural Road,Under Repair,Rainy,Dawn/Dusk,Car/Taxi,3,Over Speeding,1,0,0,1,3,2,Medium
2023,10,Tuesday,21,Sindh,Sukkur,National Highway,Average,Foggy,No Light,Motorcycle,4,Road Condition,0,0,0,0,6,1,High
2019,7,Friday,15,Sindh,Thatta,National Highway,Poor,Foggy,Street Light,Motorcycle,1,Mobile Phone Use,0,0,0,0,5,1,High
2023,7,Saturday,13,KPK,Charsadda,Motorway,Average,Clear,Daylight,Van/Pickup,2,Wrong Overtaking,1,1,0,0,5,0,Medium
2022,9,Tuesday,19,Sindh,Kashmore,Rural Road,Good,Dusty/Smoggy,Dawn/Dusk,Motorcycle,2,Over Speeding,1,0,0,0,8,0,High
2019,11,Sunday,6,Sindh,Larkana,Provincial Highway,Poor,Clear,Daylight,Motorcycle,1,Wrong Overtaking,0,1,0,1,7,1,High
2023,5,Thursday,13,Punjab,Gujranwala,Rural Road,Good,Clear,Street Light,Rickshaw,1,Wrong Overtaking,1,0,0,0,2,0,Low
2021,1,Sunday,21,Sindh,Hyderabad,Urban Road,Poor,Extreme Heat,Street Light,Motorcycle,3,Mobile Phone Use,0,1,0,1,1,0,Low
2021,6,Saturday,12,Punjab,Sialkot,National Highway,Good,Clear,Daylight,Truck/Lorry,2,Wrong Overtaking,1,1,0,0,4,0,Medium
2021,9,Thursday,14,Balochistan,Dera Bugti,Provincial Highway,Good,Foggy,Daylight,Motorcycle,2,Signal Violation,0,0,0,0,1,0,Medium
2020,1,Saturday,0,Punjab,Sheikhupura,National Highway,Good,Rainy,Street Light,Motorcycle,1,Signal Violation,0,1,1,1,10,1,High
2022,3,Sunday,7,Punjab,Rawalpindi,Provincial Highway,Under Repair,Clear,Daylight,Motorcycle,2,Signal Violation,1,1,0,0,7,0,High
2018,8,Friday,13,Sindh,Nawabshah,National Highway,Good,Rainy,Daylight,Motorcycle,2,Mobile Phone Use,1,0,0,0,11,4,High
2021,12,Saturday,11,Punjab,Bahawalpur,Rural Road,Under Repair,Clear,Street Light,Car/Taxi,3,Over Speeding,0,1,0,1,0,1,Low
2019,10,Tuesday,21,Balochistan,Turbat,Urban Road,Average,Clear,No Light,Car/Taxi,2,Mechanical Failure,0,0,0,0,2,0,Low
2023,6,Monday,0,Balochistan,Dera Bugti,National Highway,Average,Clear,Street Light,Truck/Lorry,2,Road Condition,0,0,1,0,4,1,Medium
2023,12,Sunday,8,Punjab,Lahore,Provincial Highway,Good,Rainy,Daylight,Motorcycle,3,Drunk Driving,1,1,0,1,8,2,High
2023,4,Monday,14,Punjab,Sialkot,Urban Road,Good,Extreme Heat,Daylight,Motorcycle,1,Wrong Overtaking,0,0,0,0,0,0,Low
2019,1,Thursday,10,Sindh,Sukkur,Urban Road,Under Repair,Clear,Daylight,Car/Taxi,3,Signal Violation,0,0,0,1,1,0,Low
2021,1,Tuesday,11,Sindh,Hyderabad,National Highway,Poor,Clear,Daylight,Truck/Lorry,1,Road Condition,0,0,0,1,5,1,Medium
2023,3,Thursday,18,Punjab,Rahim Yar Khan,National Highway,Under Repair,Foggy,Street Light,Bicycle,1,Drunk Driving,1,0,0,0,7,2,High
2022,9,Wednesday,11,KPK,Charsadda,Provincial Highway,Good,Clear,Dawn/Dusk,Car/Taxi,2,Wrong Overtaking,0,0,0,0,2,0,Low
2019,12,Saturday,16,Sindh,Dadu,National Highway,Good,Clear,Street Light,Van/Pickup,1,Wrong Overtaking,0,1,0,1,0,0,Low
2020,10,Wednesday,21,Punjab,Sargodha,National Highway,Good,Rainy,No Light,Car/Taxi,2,Over Speeding,0,0,0,0,2,2,Medium
2022,12,Monday,17,Punjab,Sheikhupura,Provincial Highway,Average,Clear,Daylight,Motorcycle,2,Signal Violation,1,0,0,1,2,0,Medium
2023,6,Tuesday,10,KPK,Nowshera,Provincial Highway,Average,Clear,Dawn/Dusk,Car/Taxi,2,Over Speeding,0,0,0,0,2,0,Low
2023,12,Saturday,19,Punjab,Rawalpindi,National Highway,Average,Clear,Dawn/Dusk,Truck/Lorry,1,Signal Violation,1,1,0,1,4,0,Medium
2018,12,Tuesday,19,KPK,Peshawar,Urban Road,Good,Clear,Dawn/Dusk,Motorcycle,1,Wrong Overtaking,1,0,0,1,1,1,Medium
2021,2,Monday,10,Sindh,Karachi,Provincial Highway,Average,Clear,No Light,Bicycle,1,Signal Violation,0,0,0,1,5,0,Medium
2019,4,Friday,3,Sindh,Mirpur Khas,Motorway,Average,Foggy,No Light,Other,3,Signal Violation,0,0,1,0,11,1,High
2022,12,Sunday,19,Balochistan,Sibi,National Highway,Good,Foggy,Dawn/Dusk,Motorcycle,2,Wrong Overtaking,1,1,0,1,6,1,High
2021,2,Saturday,14,Balochistan,Dera Bugti,National Highway,Good,Clear,Daylight,Motorcycle,1,Pedestrian Error,0,1,0,1,5,0,Medium
2022,6,Tuesday,15,Punjab,Sialkot,Provincial Highway,Poor,Rainy,No Light,Van/Pickup,2,Over Speeding,0,0,0,0,2,1,Medium
2022,12,Monday,20,Punjab,Faisalabad,Provincial Highway,Under Repair,Clear,No Light,Rickshaw,2,Driver Fatigue,1,0,0,1,5,0,Medium
2022,5,Wednesday,19,KPK,Mansehra,Provincial Highway,Good,Clear,Dawn/Dusk,Van/Pickup,2,Weather Condition,1,0,0,0,0,0,Low
2018,3,Monday,19,Sindh,Larkana,Provincial Highway,Average,Clear,Street Light,Car/Taxi,1,Mobile Phone Use,1,0,0,0,2,0,Low
2023,9,Monday,15,Punjab,Sheikhupura,Rural Road,Average,Clear,Street Light,Bus/Coach,4,Pedestrian Error,0,0,0,0,2,0,Low
2023,11,Thursday,6,Balochistan,Dera Bugti,National Highway,Average,Clear,No Light,Motorcycle,1,Road Condition,0,0,0,1,6,1,High
2022,11,Thursday,2,Punjab,Rawalpindi,Provincial Highway,Average,Clear,Street Light,Motorcycle,3,Pedestrian Error,0,0,1,1,7,2,High
2022,1,Friday,15,Punjab,Sargodha,Urban Road,Average,Rainy,Daylight,Rickshaw,2,Over Speeding,0,0,0,1,4,0,Medium
2019,2,Tuesday,22,Punjab,Rahim Yar Khan,Motorway,Good,Clear,No Light,Motorcycle,2,Road Condition,0,0,1,1,2,1,High
2018,5,Friday,9,Sindh,Thatta,Rural Road,Average,Rainy,Daylight,Motorcycle,1,Wrong Overtaking,1,0,0,0,5,0,Medium
2018,4,Wednesday,11,KPK,Mardan,National Highway,Poor,Rainy,Daylight,Truck/Lorry,3,Mechanical Failure,0,0,0,0,1,1,Medium
2022,6,Friday,8,Punjab,Rahim Yar Khan,Provincial Highway,Under Repair,Foggy,Daylight,Motorcycle,2,Wrong Overtaking,1,0,0,0,10,1,High
2023,5,Thursday,13,Punjab,Sargodha,Urban Road,Poor,Clear,No Light,Motorcycle,2,Over Speeding,1,0,0,0,4,0,Medium
2019,8,Sunday,11,Punjab,Gujranwala,Provincial Highway,Poor,Clear,Daylight,Bus/Coach,1,Signal Violation,0,1,0,0,3,0,Medium
2020,7,Wednesday,7,KPK,Peshawar,Provincial Highway,Good,Rainy,Street Light,Bus/Coach,2,Over Speeding,1,0,0,0,9,3,High
2023,1,Sunday,11,Punjab,Sargodha,National Highway,Average,Foggy,Daylight,Bicycle,1,Driver Fatigue,0,1,0,1,6,2,High
2019,7,Sunday,18,Islamabad,Islamabad,National Highway,Good,Clear,Daylight,Car/Taxi,3,Over Speeding,1,1,0,0,1,1,Medium
2022,10,Sunday,21,Punjab,Rahim Yar Khan,Rural Road,Poor,Clear,No Light,Motorcycle,1,Signal Violation,0,1,0,0,5,0,Medium
2018,7,Sunday,17,Gilgit-Baltistan,Gilgit,Provincial Highway,Average,Clear,Dawn/Dusk,Motorcycle,1,Over Speeding,1,1,0,0,2,2,High
2020,6,Wednesday,5,Punjab,Lahore,Rural Road,Average,Clear,Dawn/Dusk,Car/Taxi,2,Road Condition,0,0,1,0,0,0,Low
2023,10,Wednesday,11,KPK,Swat,National Highway,Under Repair,Clear,Daylight,Car/Taxi,2,Wrong Overtaking,0,0,0,0,1,0,Medium
2023,1,Saturday,9,Punjab,Multan,Provincial Highway,Good,Dusty/Smoggy,Daylight,Motorcycle,2,Over Speeding,1,1,0,1,11,1,High
2020,7,Friday,7,Punjab,Gujranwala,Provincial Highway,Good,Foggy,Daylight,Motorcycle,1,Mobile Phone Use,1,0,0,0,4,1,Medium
2023,11,Tuesday,12,Balochistan,Hub,Urban Road,Good,Foggy,Daylight,Rickshaw,4,Mechanical Failure,1,0,0,1,2,0,Low
2018,11,Saturday,18,Balochistan,Gwadar,Provincial Highway,Good,Clear,Daylight,Car/Taxi,3,Over Speeding,1,1,0,1,5,2,Medium
2023,7,Wednesday,12,Punjab,Lahore,Urban Road,Average,Clear,Daylight,Motorcycle,3,Mechanical Failure,1,0,0,0,2,0,Low
2019,2,Friday,13,KPK,Bannu,Provincial Highway,Good,Clear,Daylight,Rickshaw,2,Wrong Overtaking,1,0,0,1,1,0,Medium
2019,6,Friday,1,Sindh,Mirpur Khas,Rural Road,Poor,Rainy,No Light,Car/Taxi,2,Wrong Overtaking,0,0,1,0,3,1,Medium
2019,2,Monday,15,Balochistan,Quetta,Rural Road,Poor,Clear,Daylight,Motorcycle,1,Wrong Overtaking,0,0,0,1,0,0,Low
2021,11,Sunday,8,Punjab,Rawalpindi,Rural Road,Good,Foggy,Daylight,Car/Taxi,2,Over Speeding,1,1,0,1,1,1,Medium
2021,8,Tuesday,14,Sindh,Karachi,Motorway,Poor,Foggy,Dawn/Dusk,Bus/Coach,2,Driver Fatigue,0,0,0,0,7,1,High
2022,3,Thursday,20,Sindh,Jacobabad,National Highway,Under Repair,Rainy,No Light,Motorcycle,2,Driver Fatigue,1,0,0,0,11,0,High
2022,9,Saturday,17,Punjab,Rahim Yar Khan,Provincial Highway,Poor,Dusty/Smoggy,Daylight,Bus/Coach,1,Mechanical Failure,1,1,0,0,1,0,Medium
2023,8,Thursday,12,Balochistan,Dera Bugti,Urban Road,Poor,Clear,Daylight,Car/Taxi,1,Wrong Overtaking,1,0,0,0,1,1,Low
2022,8,Friday,5,Punjab,Rahim Yar Khan,Provincial Highway,Good,Foggy,No Light,Motorcycle,2,Signal Violation,0,0,1,0,3,1,High
2021,12,Sunday,10,Punjab,Sargodha,National Highway,Under Repair,Clear,Street Light,Motorcycle,2,Pedestrian Error,0,1,0,1,3,1,Medium
2022,6,Sunday,15,Sindh,Nawabshah,National Highway,Under Repair,Clear,No Light,Motorcycle,1,Over Speeding,0,1,0,0,3,1,High
2021,12,Monday,23,Sindh,Dadu,Rural Road,Average,Foggy,Street Light,Car/Taxi,2,Wrong Overtaking,0,0,1,1,1,1,Medium
2018,4,Monday,9,Punjab,Sargodha,National Highway,Good,Clear,Daylight,Car/Taxi,2,Over Speeding,1,0,0,0,3,0,Medium