year,month,day_of_week,hour_of_day,province,district,road_type,road_condition,weather_condition,lighting_condition,vehicle_type,vehicles_involved,accident_cause,is_rush_hour,is_weekend,is_night,is_foggy_month,num_injured,num_killed,severity
2022,4,Saturday,19,Punjab,Gujranwala,Provincial Highway,Good,Clear,Daylight,Car/Taxi,1,Road Condition,1,1,0,0,0,0,Low
2023,6,Friday,3,Islamabad,Islamabad,National Highway,Poor,Dusty/Smoggy,No Light,Rickshaw,2,Over Speeding,0,0,1,0,4,2,High
2018,5,Sunday,5,Punjab,Sargodha,Provincial Highway,Average,Dusty/Smoggy,Dawn/Dusk,Rickshaw,1,Driver Fatigue,0,1,1,0,5,0,Medium
2018,6,Thursday,18,KPK,Dera Ismail Khan,Rural Road,Good,Rainy,Dawn/Dusk,Bus/Coach,2,Over Speeding,1,0,0,0,6,4,High
2022,1,Thursday,7,KPK,Swat,Provincial Highway,Under Repair,Clear,Daylight,Car/Taxi,3,Pedestrian Error,1,0,0,1,2,0,Low
2018,3,Thursday,3,Sindh,Kashmore,Rural Road,Good,Clear,Street Light,Van/Pickup,2,Road Condition,0,0,1,0,2,0,Low
2019,11,Sunday,5,Islamabad,Islamabad,National Highway,Average,Clear,Daylight,Car/Taxi,3,Over Speeding,0,1,1,1,9,1,High
2022,1,Monday,11,KPK,Bannu,National Highway,Poor,Clear,No Light,Motorcycle,2,Pedestrian Error,0,0,0,1,2,4,High
2020,1,Friday,19,Sindh,Nawabshah,Urban Road,Good,Clear,No Light,Car/Taxi,4,Mechanical Failure,1,0,0,1,0,0,Low
2023,5,Saturday,5,Sindh,Larkana,Rural Road,Poor,Foggy,No Light,Truck/Lorry,2,Wrong Overtaking,0,1,1,0,2,0,Medium
2023,8,Tuesday,17,KPK,Kohat,National Highway,Average,Foggy,Daylight,Motorcycle,1,Signal Violation,1,0,0,0,9,1,High
2020,4,Sunday,11,Sindh,Thatta,National Highway,Poor,Clear,Daylight,Car/Taxi,4,Over Speeding,0,1,0,0,1,0,Medium
2019,3,Sunday,22,Balochistan,Loralai,National Highway,Under Repair,Dusty/Smoggy,Street Light,Motorcycle,2,Signal Violation,0,1,1,0,6,1,High
2023,7,Sunday,10,Punjab,Sialkot,Provincial Highway,Average,Clear,Dawn/Dusk,Bus/Coach,2,Signal Violation,0,1,0,0,3,0,Medium
2022,6,Monday,16,Punjab,Faisalabad,Urban Road,Average,Clear,Dawn/Dusk,Bicycle,2,Over Speeding,0,0,0,0,2,2,Medium
2023,1,Tuesday,14,Punjab,Rawalpindi,Provincial Highway,Poor,Clear,Daylight,Car/Taxi,3,Signal Violation,0,0,0,1,0,0,Low
2021,8,Friday,17,Punjab,Lahore,National Highway,Poor,Clear,No Light,Rickshaw,2,Mechanical Failure,1,0,0,0,2,1,Low
2022,8,Friday,17,Punjab,Rawalpindi,Rural Road,Good,Rainy,Daylight,Motorcycle,1,Driver Fatigue,1,0,0,0,11,2,High
2019,6,Sunday,21,Balochistan,Turbat,Rural Road,Good,Dusty/Smoggy,Street Light,Motorcycle,2,Wrong Overtaking,0,1,0,0,2,0,Medium
2023,6,Sunday,7,KPK,Dera Ismail Khan,Urban Road,Good,Foggy,Street Light,Motorcycle,3,Pedestrian Error,1,1,0,0,0,0,Low
2023,5,Monday,13,KPK,Mansehra,Provincial Highway,Good,Clear,Street Light,Car/Taxi,4,Signal Violation,1,0,0,0,2,0,Low
2019,12,Wednesday,16,Sindh,Larkana,Provincial Highway,Good,Rainy,Dawn/Dusk,Bus/Coach,2,Pedestrian Error,0,0,0,1,0,0,Low
2021,1,Sunday,8,Balochistan,Dera Bugti,Urban Road,Good,Clear,Daylight,Bus/Coach,2,Pedestrian Error,1,1,0,1,2,0,Low
2021,5,Wednesday,7,Sindh,Sukkur,National Highway,Good,Dusty/Smoggy,Daylight,Rickshaw,1,Over Speeding,1,0,0,0,2,0,Medium
2022,5,Tuesday,21,Balochistan,Chaman,National Highway,Good,Clear,Street Light,Car/Taxi,2,Over Speeding,0,0,0,0,4,1,Medium
2022,5,Friday,11,Punjab,Gujranwala,Motorway,Good,Clear,Daylight,Bus/Coach,3,Over Speeding,0,0,0,0,11,0,High
2022,8,Monday,8,Islamabad,Islamabad,Rural Road,Poor,Extreme Heat,Daylight,Car/Taxi,3,Mechanical Failure,1,0,0,0,2,0,Low
2023,8,Monday,3,KPK,Swat,Rural Road,Poor,Clear,Street Light,Car/Taxi,2,Road Condition,0,0,1,0,0,0,Low
2023,12,Wednesday,12,Punjab,Sialkot,Provincial Highway,Average,Foggy,Dawn/Dusk,Car/Taxi,1,Driver Fatigue,1,0,0,1,6,2,High
2021,2,Wednesday,17,Sindh,Larkana,National Highway,Average,Clear,Daylight,Rickshaw,1,Wrong Overtaking,1,0,0,1,4,0,Medium
2018,11,Saturday,1,Sindh,Kashmore,Provincial Highway,Good,Clear,Street Light,Car/Taxi,2,Over Speeding,0,1,1,1,4,0,High
2021,3,Saturday,7,Punjab,Rahim Yar Khan,Provincial Highway,Good,Extreme Heat,Daylight,Motorcycle,2,Wrong Overtaking,1,1,0,0,4,1,Medium
2023,1,Wednesday,20,Sindh,Mirpur Khas,Urban Road,Average,Clear,No Light,Motorcycle,2,Signal Violation,1,0,0,1,1,0,Low
2021,8,Friday,22,Punjab,Multan,Rural Road,Average,Clear,Street Light,Car/Taxi,3,Driver Fatigue,0,0,1,0,1,1,Medium
2022,12,Friday,7,Punjab,Sheikhupura,Provincial Highway,Good,Rainy,Daylight,Bicycle,2,Pedestrian Error,1,0,0,1,2,0,Medium
2023,7,Thursday,8,Islamabad,Islamabad,Rural Road,Poor,Rainy,Dawn/Dusk,Motorcycle,3,Over Speeding,1,0,0,0,3,0,Medium
2021,11,Monday,19,Sindh,Hyderabad,Provincial Highway,Poor,Foggy,Street Light,Motorcycle,3,Over Speeding,1,0,0,1,2,0,High
2023,11,Sunday,20,Balochistan,Quetta,Motorway,Good,Rainy,No Light,Motorcycle,2,Over Speeding,1,1,0,1,8,2,High
2020,7,Wednesday,22,KPK,Nowshera,Provincial Highway,Average,Clear,Street Light,Motorcycle,3,Driver Fatigue,0,0,1,0,9,2,High
2021,9,Saturday,16,Punjab,Sheikhupura,Urban Road,Good,Clear,Daylight,Rickshaw,2,Signal Violation,0,1,0,0,0,0,Low
2023,4,Saturday,12,Sindh,Dadu,Provincial Highway,Good,Extreme Heat,No Light,Bicycle,2,Over Speeding,1,1,0,0,3,3,High
2022,4,Friday,20,KPK,Swat,Provincial Highway,Good,Clear,Street Light,Rickshaw,2,Mechanical Failure,1,0,0,0,2,0,Low
2023,5,Thursday,20,Islamabad,Islamabad,Urban Road,Good,Foggy,No Light,Motorcycle,1,Over Speeding,1,0,0,0,10,0,High
2022,9,Wednesday,7,Punjab,Multan,Urban Road,Good,Rainy,Daylight,Motorcycle,2,Over Speeding,1,0,0,0,6,3,High
2020,12,Friday,5,Balochistan,Quetta,National Highway,Good,Clear,Dawn/Dusk,Car/Taxi,1,Mechanical Failure,0,0,1,1,4,0,Medium
2023,8,Saturday,18,Islamabad,Islamabad,Provincial Highway,Average,Clear,Daylight,Motorcycle,3,Wrong Overtaking,1,1,0,0,1,0,Medium
2018,10,Wednesday,12,KPK,Peshawar,National Highway,Poor,Clear,Daylight,Rickshaw,1,Over Speeding,1,0,0,0,4,0,Medium
2021,7,Friday,0,Islamabad,Islamabad,National Highway,Poor,Clear,Street Light,Bicycle,2,Mechanical Failure,0,0,1,0,9,4,High
2019,9,Saturday,11,Punjab,Lahore,National Highway,Poor,Clear,Daylight,Bus/Coach,1,Pedestrian Error,0,1,0,0,4,2,Medium
2018,1,Saturday,18,Islamabad,Islamabad,Urban Road,Poor,Clear,Daylight,Car/Taxi,1,Over Speeding,1,1,0,1,2,0,Medium
2019,6,Saturday,19,KPK,Mansehra,National Highway,Poor,Clear,Dawn/Dusk,Other,1,Driver Fatigue,1,1,0,0,3,0,Medium
2019,3,Sunday,19,Punjab,Sialkot,Rural Road,Poor,Clear,Daylight,Motorcycle,2,Over Speeding,1,1,0,0,3,0,Medium
2018,10,Tuesday,7,Balochistan,Hub,National Highway,Good,Clear,Daylight,Car/Taxi,2,Over Speeding,1,0,0,0,2,0,Medium
2023,1,Sunday,21,Sindh,Kashmore,Rural Road,Average,Clear,No Light,Motorcycle,3,Driver Fatigue,0,1,0,1,1,1,Medium
2022,11,Friday,7,Sindh,Kashmore,Motorway,Under Repair,Clear,Dawn/Dusk,Motorcycle,2,Over Speeding,1,0,0,1,2,1,High
2020,7,Monday,16,Sindh,Hyderabad,Provincial Highway,Average,Rainy,Daylight,Car/Taxi,1,Wrong Overtaking,0,0,0,0,3,1,Medium
2021,4,Thursday,17,Punjab,Sialkot,Provincial Highway,Poor,Foggy,Daylight,Bus/Coach,1,Wrong Overtaking,1,0,0,0,8,2,High
2018,4,Thursday,11,Sindh,Karachi,Provincial Highway,Good,Foggy,Daylight,Motorcycle,2,Over Speeding,0,0,0,0,2,2,High
2018,6,Thursday,9,KPK,Abbottabad,Rural Road,Average,Clear,Daylight,Motorcycle,1,Mobile Phone Use,1,0,0,0,2,0,Low
2020,6,Saturday,2,Punjab,Gujranwala,Provincial Highway,Average,Clear,Street Light,Rickshaw,2,Wrong Overtaking,0,1,1,0,1,0,Medium
2023,7,Tuesday,12,Punjab,Rahim Yar Khan,Motorway,Good,Clear,Dawn/Dusk,Motorcycle,3,Wrong Overtaking,1,0,0,0,2,1,Medium
2021,12,Sunday,20,Punjab,Gujranwala,Motorway,Good,Clear,No Light,Rickshaw,2,Wrong Overtaking,1,1,0,1,1,0,Low
2023,11,Tuesday,21,Punjab,Sargodha,Motorway,Poor,Clear,Street Light,Bicycle,2,Wrong Overtaking,0,0,0,1,2,0,Medium
2021,12,Sunday,21,KPK,Kohat,Provincial Highway,Poor,Foggy,No Light,Motorcycle,1,Pedestrian Error,0,1,0,1,5,1,High
2022,8,Monday,10,KPK,Dera Ismail Khan,National Highway,Average,Rainy,Daylight,Van/Pickup,2,Wrong Overtaking,0,0,0,0,2,0,Medium
2023,1,Sunday,16,Islamabad,Islamabad,Urban Road,Good,Rainy,Street Light,Van/Pickup,4,Wrong Overtaking,0,1,0,1,4,1,Medium
2021,2,Monday,9,Sindh,Nawabshah,Rural Road,Poor,Clear,Daylight,Motorcycle,2,Over Speeding,1,0,0,1,6,0,High
2021,10,Friday,8,Punjab,Sargodha,Provincial Highway,Average,Rainy,Daylight,Car/Taxi,2,Over Speeding,1,0,0,0,8,4,High
2022,3,Saturday,8,Islamabad,Islamabad,Motorway,Under Repair,Foggy,Daylight,Motorcycle,2,Over Speeding,1,1,0,0,2,1,High
2021,2,Wednesday,7,KPK,Mardan,Rural Road,Average,Clear,Daylight,Car/Taxi,1,Over Speeding,1,0,0,1,1,0,Medium
2018,4,Sunday,19,Sindh,Sukkur,Urban Road,Average,Foggy,Dawn/Dusk,Car/Taxi,1,Mechanical Failure,1,1,0,0,0,0,Low
2022,10,Sunday,15,KPK,Abbottabad,National Highway,Poor,Dusty/Smoggy,Daylight,Car/Taxi,1,Driver Fatigue,0,1,0,0,3,1,High
2020,6,Thursday,17,Islamabad,Islamabad,Rural Road,Poor,Clear,Dawn/Dusk,Bus/Coach,2,Over Speeding,1,0,0,0,2,0,Low
2018,8,Sunday,11,KPK,Peshawar,National Highway,Good,Foggy,Daylight,Rickshaw,1,Pedestrian Error,0,1,0,0,3,0,Medium
2021,5,Friday,16,Punjab,Sheikhupura,Provincial Highway,Good,Clear,No Light,Car/Taxi,1,Over Speeding,0,0,0,0,2,1,Medium
2020,12,Sunday,20,KPK,Dera Ismail Khan,National Highway,Poor,Rainy,Street Light,Car/Taxi,2,Wrong Overtaking,1,1,0,1,3,0,Medium
2019,12,Sunday,5,Punjab,Sheikhupura,National Highway,Average,Clear,Dawn/Dusk,Motorcycle,2,Over Speeding,0,1,1,1,4,3,High
2023,10,Saturday,7,Punjab,Sheikhupura,Urban Road,Good,Foggy,Daylight,Car/Taxi,2,Signal Violation,1,1,0,0,2,1,Medium
2022,1,Thursday,7,Punjab,Sheikhupura,National Highway,Average,Clear,Daylight,Rickshaw,1,Pedestrian Error,1,0,0,1,1,1,Low
2023,4,Thursday,18,Punjab,Bahawalpur,National Highway,Good,Clear,Daylight,Car/Taxi,1,Drunk Driving,1,0,0,0,2,2,Medium
2019,5,Monday,7,Punjab,Gujranwala,National Highway,Poor,Clear,Daylight,Bus/Coach,2,Wrong Overtaking,1,0,0,0,4,0,Medium
2023,4,Sunday,2,Punjab,Sheikhupura,National Highway,Good,Clear,No Light,Rickshaw,1,Over Speeding,0,1,1,0,2,0,Medium
2021,7,Saturday,12,Sindh,Jacobabad,Urban Road,Poor,Clear,Street Light,Car/Taxi,2,Drunk Driving,1,1,0,0,0,0,Low
2018,10,Friday,16,KPK,Mardan,Urban Road,Good,Rainy,Daylight,Motorcycle,2,Over Speeding,0,0,0,0,4,0,Medium
2021,8,Thursday,18,AJK,Rawalakot,National Highway,Good,Foggy,Daylight,Motorcycle,2,Pedestrian Error,1,0,0,0,9,1,High
2020,7,Wednesday,6,Punjab,Multan,Provincial Highway,Under Repair,Clear,Daylight,Motorcycle,3,Signal Violation,0,0,0,0,5,2,Medium
2022,1,Saturday,19,Sindh,Jacobabad,Provincial Highway,Under Repair,Clear,Dawn/Dusk,Motorcycle,2,Pedestrian Error,1,1,0,1,2,0,Low
2022,3,Friday,13,Islamabad,Islamabad,Provincial Highway,Poor,Clear,Daylight,Van/Pickup,3,Over Speeding,1,0,0,0,4,0,Medium
2021,7,Wednesday,8,Punjab,Sargodha,Provincial Highway,Good,Clear,Dawn/Dusk,Rickshaw,3,Wrong Overtaking,1,0,0,0,1,0,Low
2019,12,Sunday,13,KPK,Abbottabad,National Highway,Good,Clear,Daylight,Rickshaw,2,Over Speeding,1,1,0,1,4,1,Medium
2021,3,Thursday,18,KPK,Abbottabad,National Highway,Good,Clear,Daylight,Motorcycle,1,Over Speeding,1,0,0,0,5,3,High
2020,2,Wednesday,17,Punjab,Rahim Yar Khan,Rural Road,Good,Foggy,Daylight,Motorcycle,1,Over Speeding,1,0,0,1,5,1,Medium
2020,6,Friday,19,Balochistan,Dera Bugti,National Highway,Good,Clear,Dawn/Dusk,Motorcycle,4,Over Speeding,1,0,0,0,7,3,High
2023,12,Sunday,6,KPK,Mansehra,Rural Road,Good,Extreme Heat,Daylight,Motorcycle,2,Driver Fatigue,0,1,0,1,3,2,Medium
2020,1,Saturday,20,Punjab,Faisalabad,National Highway,Poor,Clear,No Light,Motorcycle,1,Road Condition,1,1,0,1,9,1,High
2023,12,Friday,16,Punjab,Bahawalpur,Urban Road,Average,Rainy,Daylight,Van/Pickup,2,Wrong Overtaking,0,0,0,1,3,1,Medium
2023,11,Friday,12,Punjab,Bahawalpur,Urban Road,Good,Foggy,Daylight,Motorcycle,1,Over Speeding,1,0,0,1,2,0,Medium
2023,6,Thursday,20,Punjab,Multan,Motorway,Good,Clear,Street Light,Motorcycle,2,Mechanical Failure,1,0,0,0,3,0,Medium
2018,6,Thursday,20,Sindh,Hyderabad,National Highway,Poor,Clear,No Light,Van/Pickup,3,Road Condition,1,0,0,0,1,0,Low
2021,8,Friday,12,Sindh,Dadu,National Highway,Good,Dusty/Smoggy,Daylight,Rickshaw,1,Pedestrian Error,1,0,0,0,0,1,Low
2023,1,Saturday,11,Punjab,Sheikhupura,Rural Road,Poor,Foggy,Daylight,Car/Taxi,2,Over Speeding,0,1,0,1,4,2,Medium
2021,9,Sunday,19,Balochistan,Turbat,Urban Road,Good,Clear,No Light,Motorcycle,2,Over Speeding,1,1,0,0,3,1,Medium
2023,8,Tuesday,19,Punjab,Rahim Yar Khan,Provincial Highway,Average,Clear,Street Light,Car/Taxi,4,Over Speeding,1,0,0,0,5,0,Medium
2023,4,Wednesday,21,Punjab,Multan,National Highway,Average,Clear,No Light,Motorcycle,2,Over Speeding,0,0,0,0,2,0,High
2021,6,Thursday,1,Punjab,Lahore,Urban Road,Average,Dusty/Smoggy,No Light,Rickshaw,4,Signal Violation,0,0,1,0,0,0,Low
2018,8,Tuesday,2,Sindh,Nawabshah,Provincial Highway,Average,Rainy,Street Light,Rickshaw,2,Mechanical Failure,0,0,1,0,3,1,Medium
2019,9,Monday,11,Punjab,Lahore,National Highway,Average,Clear,Daylight,Motorcycle,2,Wrong Overtaking,0,0,0,0,8,1,High
2023,9,Wednesday,17,Punjab,Sargodha,Urban Road,Good,Rainy,Street Light,Motorcycle,1,Signal Violation,1,0,0,0,3,1,High
2021,7,Wednesday,11,Punjab,Sheikhupura,Urban Road,Good,Clear,Daylight,Rickshaw,2,Wrong Overtaking,0,0,0,0,0,1,Low
2022,11,Sunday,6,KPK,Bannu,Urban Road,Good,Clear,Street Light,Bus/Coach,2,Pedestrian Error,0,1,0,1,1,0,Low
2018,2,Monday,1,Gilgit-Baltistan,Hunza,Urban Road,Average,Clear,No Light,Motorcycle,2,Signal Violation,0,0,1,1,4,0,Medium
2018,6,Tuesday,6,Punjab,Faisalabad,National Highway,Good,Foggy,Daylight,Bicycle,1,Over Speeding,0,0,0,0,10,1,High
2022,4,Thursday,22,Punjab,Bahawalpur,Rural Road,Average,Extreme Heat,Street Light,Motorcycle,4,Wrong Overtaking,0,0,1,0,11,4,High
2020,4,Monday,11,Sindh,Sukkur,National Highway,Average,Clear,Daylight,Motorcycle,3,Road Condition,0,0,0,0,4,1,Medium
2019,6,Monday,16,KPK,Kohat,National Highway,Poor,Rainy,Daylight,Motorcycle,2,Signal Violation,0,0,0,0,6,1,High
2023,7,Sunday,16,Punjab,Multan,National Highway,Good,Clear,Daylight,Motorcycle,3,Driver Fatigue,0,1,0,0,6,2,High
2019,4,Saturday,20,Balochistan,Zhob,Motorway,Average,Clear,Street Light,Motorcycle,2,Signal Violation,1,1,0,0,4,0,High
2023,2,Saturday,9,Sindh,Jacobabad,National Highway,Poor,Dusty/Smoggy,Daylight,Truck/Lorry,1,Mechanical Failure,1,1,0,1,2,0,Low
2018,9,Saturday,10,Sindh,Dadu,Rural Road,Good,Clear,Daylight,Motorcycle,2,Mechanical Failure,0,1,0,0,4,1,Medium
2022,7,Sunday,21,Sindh,Kashmore,Provincial Highway,Poor,Clear,Street Light,Motorcycle,2,Over Speeding,0,1,0,0,8,0,High
2022,4,Monday,18,Islamabad,Islamabad,Urban Road,Average,Rainy,Daylight,Motorcycle,2,Wrong Overtaking,1,0,0,0,4,1,Medium
2021,11,Monday,18,KPK,Kohat,National Highway,Poor,Clear,Daylight,Motorcycle,2,Signal Violation,1,0,0,1,5,2,High
2023,3,Saturday,0,Punjab,Faisalabad,Urban Road,Poor,Foggy,No Light,Motorcycle,4,Drunk Driving,0,1,1,0,4,1,High
2021,7,Saturday,22,Punjab,Multan,Rural Road,Average,Clear,No Light,Car/Taxi,3,Wrong Overtaking,0,1,1,0,2,0,Low
2020,12,Thursday,21,Sindh,Hyderabad,Urban Road,Good,Dusty/Smoggy,No Light,Motorcycle,4,Over Speeding,0,0,0,1,3,0,Medium
2023,11,Saturday,8,Punjab,Lahore,Rural Road,Average,Clear,Dawn/Dusk,Car/Taxi,2,Pedestrian Error,1,1,0,1,0,1,Low
2020,1,Monday,9,KPK,Mardan,Provincial Highway,Average,Dusty/Smoggy,Dawn/Dusk,Rickshaw,2,Signal Violation,1,0,0,1,2,0,Low
2021,6,Wednesday,5,KPK,Nowshera,Urban Road,Poor,Foggy,Dawn/Dusk,Car/Taxi,2,Over Speeding,0,0,1,0,2,0,High
2020,5,Wednesday,20,KPK,Mardan,National Highway,Good,Dusty/Smoggy,No Light,Rickshaw,2,Over Speeding,1,0,0,0,2,2,Medium
2021,9,Tuesday,5,AJK,Muzaffarabad,National Highway,Poor,Clear,Dawn/Dusk,Bicycle,2,Mechanical Failure,0,0,1,0,4,1,Medium
2021,10,Monday,16,Punjab,Rawalpindi,National Highway,Good,Rainy,Daylight,Motorcycle,3,Signal Violation,0,0,0,0,10,0,High
2023,10,Thursday,1,Balochistan,Gwadar,Provincial Highway,Average,Foggy,Street Light,Rickshaw,2,Over Speeding,0,0,1,0,10,0,High
2019,4,Thursday,16,KPK,Dera Ismail Khan,Rural Road,Good,Clear,Daylight,Motorcycle,4,Over Speeding,0,0,0,0,4,0,Medium
2019,8,Tuesday,20,Punjab,Rawalpindi,National Highway,Average,Rainy,Street Light,Motorcycle,2,Over Speeding,1,0,0,0,9,0,High
2022,10,Monday,16,KPK,Charsadda,National Highway,Average,Clear,Daylight,Van/Pickup,1,Over Speeding,0,0,0,0,3,0,Medium
2022,6,Tuesday,12,Punjab,Rahim Yar Khan,Provincial Highway,Good,Clear,Daylight,Car/Taxi,2,Mechanical Failure,1,0,0,0,1,0,Low
2023,6,Monday,17,KPK,Charsadda,National Highway,Good,Foggy,Street Light,Car/Taxi,1,Wrong Overtaking,1,0,0,0,1,2,Medium
2022,1,Monday,11,Sindh,Sukkur,National Highway,Good,Clear,Daylight,Motorcycle,2,Pedestrian Error,0,0,0,1,1,0,Medium
2019,11,Monday,10,Punjab,Sheikhupura,Rural Road,Average,Foggy,Daylight,Car/Taxi,2,Driver Fatigue,0,0,0,1,2,0,Medium
2020,5,Monday,8,Sindh,Dadu,Urban Road,Good,Clear,Daylight,Motorcycle,2,Over Speeding,1,0,0,0,6,0,High
2019,11,Thursday,7,Sindh,Jacobabad,Provincial Highway,Poor,Clear,Daylight,Bicycle,4,Drunk Driving,1,0,0,1,6,1,High
2021,8,Tuesday,15,Punjab,Lahore,National Highway,Under Repair,Rainy,Daylight,Motorcycle,2,Over Speeding,0,0,0,0,8,1,High
2020,11,Monday,21,Punjab,Rahim Yar Khan,National Highway,Good,Foggy,No Light,Rickshaw,1,Wrong Overtaking,0,0,0,1,11,1,High
2021,6,Tuesday,8,Sindh,Sukkur,Rural Road,Average,Rainy,Daylight,Van/Pickup,2,Over Speeding,1,0,0,0,1,2,Medium
2023,1,Wednesday,1,Sindh,Thatta,Provincial Highway,Poor,Rainy,No Light,Bus/Coach,1,Mobile Phone Use,0,0,1,1,2,1,Medium
2022,4,Saturday,13,Balochistan,Zhob,National Highway,Poor,Clear,Daylight,Bus/Coach,2,Wrong Overtaking,1,1,0,0,7,2,High
2022,9,Saturday,10,Islamabad,Islamabad,Provincial Highway,Average,Clear,Dawn/Dusk,Bus/Coach,1,Road Condition,0,1,0,0,2,1,Low
2018,3,Monday,23,Sindh,Dadu,Urban Road,Average,Clear,No Light,Car/Taxi,2,Over Speeding,0,0,1,0,3,0,Medium
2022,12,Monday,10,KPK,Dera Ismail Khan,Urban Road,Good,Clear,Street Light,Motorcycle,3,Driver Fatigue,0,0,0,1,2,2,Medium
2022,9,Tuesday,20,Sindh,Dadu,National Highway,Average,Extreme Heat,No Light,Truck/Lorry,1,Over Speeding,1,0,0,0,7,0,High
2022,11,Friday,0,KPK,Peshawar,Urban Road,Poor,Rainy,No Light,Motorcycle,2,Over Speeding,0,0,1,1,7,1,High
2020,5,Monday,1,Punjab,Sialkot,Rural Road,Under Repair,Clear,Street Light,Motorcycle,2,Driver Fatigue,0,0,1,0,8,3,High
2023,9,Friday,22,Punjab,Rawalpindi,Provincial Highway,Poor,Clear,No Light,Rickshaw,1,Over Speeding,0,0,1,0,9,1,High
2020,6,Sunday,14,Sindh,Mirpur Khas,Urban Road,Poor,Clear,Dawn/Dusk,Car/Taxi,3,Signal Violation,0,1,0,0,0,0,Low
2023,7,Wednesday,21,Punjab,Lahore,National Highway,Poor,Clear,No Light,Car/Taxi,1,Mechanical Failure,0,0,0,0,0,0,Low
2018,12,Saturday,9,KPK,Nowshera,Motorway,Average,Clear,Street Light,Car/Taxi,2,Signal Violation,1,1,0,1,1,1,Low
2023,11,Friday,17,KPK,Mansehra,National Highway,Good,Clear,Daylight,Motorcycle,2,Mechanical Failure,1,0,0,1,5,2,Medium
2020,5,Wednesday,11,Punjab,Rahim Yar Khan,National Highway,Average,Extreme Heat,Daylight,Motorcycle,1,Signal Violation,0,0,0,0,3,1,Medium
2020,5,Friday,6,Sindh,Mirpur Khas,Urban Road,Good,Foggy,Daylight,Van/Pickup,1,Signal Violation,0,0,0,0,0,0,Low
2018,8,Sunday,18,Balochistan,Turbat,Motorway,Good,Extreme Heat,Daylight,Rickshaw,2,Wrong Overtaking,1,1,0,0,1,0,Low
2019,12,Sunday,22,KPK,Charsadda,National Highway,Good,Foggy,No Light,Motorcycle,1,Signal Violation,0,1,1,1,7,1,High
2020,10,Friday,5,Punjab,Gujranwala,National Highway,Good,Clear,Street Light,Motorcycle,2,Over Speeding,0,0,1,0,5,0,High
2023,6,Sunday,23,Punjab,Faisalabad,National Highway,Good,Foggy,No Light,Car/Taxi,4,Wrong Overtaking,0,1,1,0,7,2,High
2021,12,Tuesday,12,KPK,Swat,Urban Road,Good,Clear,Dawn/Dusk,Motorcycle,2,Wrong Overtaking,1,0,0,1,2,0,Medium
2023,4,Saturday,0,Sindh,Kashmore,Provincial Highway,Under Repair,Clear,No Light,Motorcycle,4,Signal Violation,0,1,1,0,8,2,High
2021,4,Monday,9,Punjab,Bahawalpur,Rural Road,Good,Extreme Heat,Daylight,Car/Taxi,3,Wrong Overtaking,1,0,0,0,1,0,Low
2020,11,Monday,9,Punjab,Bahawalpur,National Highway,Poor,Clear,Dawn/Dusk,Motorcycle,2,Drunk Driving,1,0,0,1,8,2,High
2023,1,Thursday,9,Balochistan,Khuzdar,Provincial Highway,Under Repair,Dusty/Smoggy,Daylight,Car/Taxi,1,Wrong Overtaking,1,0,0,1,1,0,Medium
2021,8,Sunday,10,KPK,Dera Ismail Khan,Urban Road,Good,Rainy,Daylight,Motorcycle,1,Road Condition,0,1,0,0,2,0,Low
2021,6,Wednesday,20,AJK,Mirpur,Rural Road,Average,Foggy,Street Light,Rickshaw,3,Mobile Phone Use,1,0,0,0,0,0,Low
2022,3,Saturday,14,KPK,Bannu,Urban Road,Good,Clear,Daylight,Rickshaw,3,Drunk Driving,0,1,0,0,0,0,Low
2021,4,Saturday,13,Islamabad,Islamabad,National Highway,Average,Rainy,Daylight,Car/Taxi,2,Pedestrian Error,1,1,0,0,2,0,Low
2018,12,Monday,8,Punjab,Faisalabad,Rural Road,Poor,Clear,Dawn/Dusk,Motorcycle,3,Mechanical Failure,1,0,0,1,5,1,Medium
2022,5,Thursday,8,KPK,Mansehra,Rural Road,Good,Dusty/Smoggy,Daylight,Motorcycle,3,Over Speeding,1,0,0,0,4,1,High
2020,12,Wednesday,13,Punjab,Rawalpindi,Rural Road,Good,Extreme Heat,Daylight,Bus/Coach,4,Over Speeding,1,0,0,1,2,0,Low
2023,5,Saturday,15,KPK,Kohat,Urban Road,Average,Clear,Daylight,Motorcycle,3,Drunk Driving,0,1,0,0,4,0,Medium
2023,3,Monday,8,Sindh,Larkana,Motorway,Average,Dusty/Smoggy,Daylight,Car/Taxi,2,Over Speeding,1,0,0,0,4,2,Medium
2021,11,Monday,14,Punjab,Bahawalpur,Urban Road,Poor,Rainy,Daylight,Motorcycle,2,Over Speeding,0,0,0,1,1,0,Medium
2021,3,Tuesday,8,Balochistan,Loralai,National Highway,Poor,Foggy,Daylight,Car/Taxi,2,Mobile Phone Use,1,0,0,0,1,0,Medium
2019,9,Sunday,13,Balochistan,Loralai,Provincial Highway,Average,Dusty/Smoggy,Daylight,Car/Taxi,1,Signal Violation,1,1,0,0,2,1,Low
2020,7,Sunday,7,Punjab,Lahore,Rural Road,Good,Dusty/Smoggy,Daylight,Car/Taxi,2,Signal Violation,1,1,0,0,2,0,Low
2018,12,Thursday,12,Sindh,Nawabshah,Motorway,Good,Clear,Daylight,Motorcycle,3,Road Condition,1,0,0,1,1,0,Medium
2021,12,Tuesday,9,Punjab,Faisalabad,Rural Road,Poor,Clear,Daylight,Van/Pickup,2,Signal Violation,1,0,0,1,2,0,Low
2022,11,Saturday,19,Punjab,Bahawalpur,Provincial Highway,Average,Clear,Dawn/Dusk,Car/Taxi,2,Signal Violation,1,1,0,1,5,1,Medium