year,month,day_of_week,hour_of_day,province,district,road_type,road_condition,weather_condition,lighting_condition,vehicle_type,vehicles_involved,accident_cause,is_rush_hour,is_weekend,is_night,is_foggy_month,num_injured,num_killed,severity
2022,8,Saturday,3,KPK,Mansehra,National Highway,Average,Clear,No Light,Car/Taxi,3,Wrong Overtaking,0,1,1,0,3,0,Medium
2018,9,Thursday,14,Punjab,Sheikhupura,National Highway,Good,Foggy,Street Light,Car/Taxi,2,Mobile Phone Use,0,0,0,0,0,0,Low
2023,11,Monday,10,Islamabad,Islamabad,National Highway,Poor,Clear,Daylight,Car/Taxi,4,Over Speeding,0,0,0,1,5,1,Medium
2021,5,Friday,18,Punjab,Rahim Yar Khan,Rural Road,Good,Foggy,Daylight,Motorcycle,3,Over Speeding,1,0,0,0,4,1,High
2022,6,Saturday,13,KPK,Peshawar,Provincial Highway,Average,Clear,Daylight,Car/Taxi,2,Mechanical Failure,1,1,0,0,0,0,Low
2020,5,Wednesday,9,KPK,Charsadda,Urban Road,Average,Clear,Daylight,Motorcycle,1,Over Speeding,1,0,0,0,2,0,Medium
2021,12,Thursday,18,Punjab,Faisalabad,Provincial Highway,Average,Dusty/Smoggy,Daylight,Car/Taxi,2,Mechanical Failure,1,0,0,1,1,0,Low
2021,2,Friday,23,Punjab,Sargodha,National Highway,Average,Clear,No Light,Motorcycle,2,Signal Violation,0,0,1,1,4,3,High
2019,1,Sunday,12,KPK,Abbottabad,Provincial Highway,Good,Clear,Daylight,Motorcycle,2,Signal Violation,1,1,0,1,2,2,High
2018,9,Sunday,22,KPK,Nowshera,Provincial Highway,Under Repair,Clear,No Light,Car/Taxi,4,Mechanical Failure,0,1,1,0,5,1,Medium
2021,4,Tuesday,12,Punjab,Lahore,Rural Road,Good,Foggy,Street Light,Car/Taxi,1,Wrong Overtaking,1,0,0,0,0,0,Low
2019,11,Sunday,11,Sindh,Kashmore,Urban Road,Good,Foggy,Daylight,Truck/Lorry,3,Wrong Overtaking,0,1,0,1,1,1,Medium
2023,1,Wednesday,9,Punjab,Sheikhupura,Provincial Highway,Under Repair,Clear,Street Light,Motorcycle,2,Road Condition,1,0,0,1,2,0,Low
2018,3,Friday,14,Punjab,Sialkot,Rural Road,Good,Dusty/Smoggy,Daylight,Rickshaw,2,Road Condition,0,0,0,0,0,0,Low
2023,12,Monday,9,Sindh,Jacobabad,Urban Road,Average,Clear,Daylight,Motorcycle,1,Over Speeding,1,0,0,1,2,2,High
2021,10,Friday,15,Punjab,Sheikhupura,Provincial Highway,Average,Extreme Heat,Daylight,Motorcycle,1,Drunk Driving,0,0,0,0,4,1,Medium
2022,1,Friday,21,Balochistan,Dera Bugti,Rural Road,Poor,Dusty/Smoggy,No Light,Motorcycle,4,Road Condition,0,0,0,1,5,2,Medium
2020,11,Wednesday,22,KPK,Peshawar,Provincial Highway,Average,Rainy,Street Light,Motorcycle,1,Drunk Driving,0,0,1,1,6,1,High
2020,5,Saturday,11,Islamabad,Islamabad,National Highway,Good,Clear,Street Light,Motorcycle,1,Over Speeding,0,1,0,0,5,0,High
2020,6,Sunday,23,KPK,Charsadda,Rural Road,Average,Clear,No Light,Truck/Lorry,2,Wrong Overtaking,0,1,1,0,4,0,Medium
2022,11,Friday,11,Islamabad,Islamabad,Provincial Highway,Good,Clear,Daylight,Rickshaw,1,Over Speeding,0,0,0,1,1,2,Medium
2022,4,Sunday,21,Sindh,Jacobabad,Provincial Highway,Poor,Foggy,Street Light,Motorcycle,2,Over Speeding,0,1,0,0,8,1,High
2023,8,Tuesday,7,Sindh,Hyderabad,Rural Road,Good,Clear,Daylight,Car/Taxi,2,Wrong Overtaking,1,0,0,0,2,0,Low
2019,2,Tuesday,18,AJK,Muzaffarabad,National Highway,Good,Foggy,Daylight,Motorcycle,2,Road Condition,1,0,0,1,1,0,Medium
2019,11,Friday,9,Sindh,Kashmore,Motorway,Good,Clear,Daylight,Truck/Lorry,1,Wrong Overtaking,1,0,0,1,4,1,High
2022,5,Friday,2,Punjab,Lahore,National Highway,Good,Clear,Street Light,Motorcycle,2,Driver Fatigue,0,0,1,0,11,0,High
2023,9,Friday,17,KPK,Swat,Urban Road,Average,Foggy,Daylight,Van/Pickup,2,Mobile Phone Use,1,0,0,0,0,0,Low
2019,2,Wednesday,1,Balochistan,Hub,National Highway,Poor,Clear,No Light,Motorcycle,3,Wrong Overtaking,0,0,1,1,8,1,High
2020,7,Wednesday,15,KPK,Nowshera,National Highway,Average,Clear,Dawn/Dusk,Motorcycle,1,Signal Violation,0,0,0,0,3,1,Medium
2018,4,Thursday,16,Sindh,Thatta,Motorway,Good,Dusty/Smoggy,Daylight,Motorcycle,1,Over Speeding,0,0,0,0,6,1,High
2020,9,Tuesday,9,KPK,Mardan,Rural Road,Good,Foggy,Daylight,Bicycle,2,Signal Violation,1,0,0,0,2,0,Medium
2018,4,Monday,12,Gilgit-Baltistan,Gilgit,Rural Road,Average,Dusty/Smoggy,Daylight,Motorcycle,2,Over Speeding,1,0,0,0,3,1,Medium
2019,7,Wednesday,14,Punjab,Sheikhupura,Urban Road,Good,Clear,Daylight,Motorcycle,4,Road Condition,0,0,0,0,1,0,Low
2018,10,Monday,17,KPK,Nowshera,Provincial Highway,Good,Foggy,Daylight,Motorcycle,2,Signal Violation,1,0,0,0,6,3,High
2023,8,Sunday,12,Punjab,Sialkot,Urban Road,Average,Foggy,No Light,Car/Taxi,2,Road Condition,1,1,0,0,2,0,Low
2022,7,Saturday,23,Sindh,Thatta,Urban Road,Under Repair,Clear,Street Light,Motorcycle,2,Mobile Phone Use,0,1,1,0,3,1,Medium
2021,4,Tuesday,10,Sindh,Hyderabad,Rural Road,Good,Clear,Daylight,Motorcycle,2,Over Speeding,0,0,0,0,8,2,High
2020,2,Monday,4,Punjab,Lahore,Urban Road,Average,Clear,Street Light,Bus/Coach,2,Signal Violation,0,0,1,1,2,0,Low
2023,6,Monday,9,Punjab,Gujranwala,Urban Road,Poor,Rainy,Daylight,Motorcycle,3,Over Speeding,1,0,0,0,4,0,High
2021,12,Friday,8,Sindh,Dadu,National Highway,Good,Extreme Heat,No Light,Motorcycle,3,Over Speeding,1,0,0,1,7,2,High
2020,9,Monday,20,Punjab,Sargodha,Urban Road,Good,Clear,No Light,Rickshaw,1,Driver Fatigue,1,0,0,0,2,0,Low
2021,5,Sunday,21,Punjab,Sargodha,Provincial Highway,Poor,Dusty/Smoggy,Street Light,Motorcycle,4,Over Speeding,0,1,0,0,2,0,Medium
2023,8,Thursday,13,KPK,Bannu,Rural Road,Under Repair,Dusty/Smoggy,Daylight,Motorcycle,1,Signal Violation,1,0,0,0,2,0,Low
2021,4,Sunday,8,Punjab,Gujranwala,Provincial Highway,Average,Clear,Daylight,Rickshaw,2,Mechanical Failure,1,1,0,0,2,0,Low
2018,12,Monday,13,Sindh,Mirpur Khas,Provincial Highway,Good,Clear,Daylight,Motorcycle,2,Over Speeding,1,0,0,1,3,2,High
2021,10,Thursday,0,Islamabad,Islamabad,Provincial Highway,Average,Clear,Street Light,Motorcycle,2,Over Speeding,0,0,1,0,11,0,High
2021,1,Saturday,8,Punjab,Sargodha,Motorway,Average,Clear,Daylight,Bus/Coach,3,Road Condition,1,1,0,1,4,2,Medium
2023,2,Sunday,17,Punjab,Sialkot,Urban Road,Good,Rainy,Daylight,Motorcycle,4,Over Speeding,1,1,0,1,4,0,Medium
2018,10,Thursday,19,Sindh,Kashmore,Rural Road,Poor,Clear,Dawn/Dusk,Car/Taxi,1,Mechanical Failure,1,0,0,0,1,0,Low
2018,3,Friday,6,KPK,Mansehra,Rural Road,Good,Clear,Daylight,Car/Taxi,2,Signal Violation,0,0,0,0,0,0,Low
2023,2,Saturday,19,Balochistan,Chaman,Urban Road,Under Repair,Clear,No Light,Car/Taxi,2,Road Condition,1,1,0,1,2,0,Low
2019,12,Friday,15,Balochistan,Gwadar,Provincial Highway,Under Repair,Clear,Daylight,Motorcycle,2,Driver Fatigue,0,0,0,1,2,0,High
2023,1,Saturday,14,KPK,Mardan,Provincial Highway,Average,Clear,Street Light,Bus/Coach,2,Drunk Driving,0,1,0,1,6,2,High
2018,12,Sunday,12,Punjab,Rawalpindi,Rural Road,Poor,Clear,Daylight,Motorcycle,3,Wrong Overtaking,1,1,0,1,1,0,Medium
2021,8,Monday,14,Punjab,Rahim Yar Khan,National Highway,Good,Clear,Street Light,Rickshaw,2,Road Condition,0,0,0,0,2,0,Low
2020,7,Thursday,18,Punjab,Multan,Rural Road,Average,Dusty/Smoggy,Daylight,Car/Taxi,2,Over Speeding,1,0,0,0,1,0,Medium
2022,8,Tuesday,8,Punjab,Gujranwala,National Highway,Good,Clear,Street Light,Car/Taxi,3,Over Speeding,1,0,0,0,1,0,Medium
2023,6,Tuesday,19,KPK,Mardan,National Highway,Average,Clear,Dawn/Dusk,Van/Pickup,2,Signal Violation,1,0,0,0,5,0,Medium
2023,5,Wednesday,11,KPK,Charsadda,Provincial Highway,Average,Dusty/Smoggy,Daylight,Car/Taxi,4,Wrong Overtaking,0,0,0,0,1,0,Low
2022,12,Wednesday,14,Punjab,Gujranwala,Provincial Highway,Good,Clear,Daylight,Car/Taxi,1,Road Condition,0,0,0,1,2,0,Low
2018,4,Friday,23,KPK,Nowshera,National Highway,Poor,Clear,No Light,Motorcycle,1,Signal Violation,0,0,1,0,8,1,High
2019,8,Wednesday,11,Punjab,Sheikhupura,Urban Road,Good,Dusty/Smoggy,Daylight,Motorcycle,1,Pedestrian Error,0,0,0,0,3,0,Medium
2023,12,Thursday,22,Sindh,Jacobabad,Urban Road,Poor,Extreme Heat,No Light,Motorcycle,1,Signal Violation,0,0,1,1,4,1,Medium
2018,10,Tuesday,1,KPK,Swat,Urban Road,Average,Rainy,No Light,Motorcycle,3,Drunk Driving,0,0,1,0,6,1,High
2022,12,Monday,8,Sindh,Sukkur,Provincial Highway,Average,Rainy,Daylight,Car/Taxi,2,Wrong Overtaking,1,0,0,1,2,0,Low
2023,6,Monday,20,Sindh,Thatta,Provincial Highway,Poor,Rainy,No Light,Motorcycle,2,Wrong Overtaking,1,0,0,0,10,3,High
2021,2,Sunday,2,Punjab,Sheikhupura,National Highway,Average,Clear,No Light,Rickshaw,1,Over Speeding,0,1,1,1,7,1,High
2023,7,Monday,22,Punjab,Gujranwala,Provincial Highway,Average,Clear,Street Light,Car/Taxi,3,Signal Violation,0,0,1,0,2,1,Low
2021,1,Thursday,3,KPK,Mansehra,Motorway,Good,Clear,No Light,Motorcycle,3,Wrong Overtaking,0,0,1,1,3,0,High
2023,10,Thursday,18,Balochistan,Dera Bugti,Provincial Highway,Average,Foggy,Daylight,Car/Taxi,4,Over Speeding,1,0,0,0,3,0,Medium
2020,7,Friday,18,Punjab,Rahim Yar Khan,National Highway,Good,Foggy,Daylight,Motorcycle,2,Signal Violation,1,0,0,0,5,2,High
2021,6,Saturday,22,Sindh,Nawabshah,Provincial Highway,Good,Rainy,Street Light,Truck/Lorry,4,Wrong Overtaking,0,1,1,0,5,2,High
2022,1,Tuesday,7,KPK,Abbottabad,Rural Road,Under Repair,Clear,Daylight,Car/Taxi,1,Weather Condition,1,0,0,1,1,0,Low
2022,7,Sunday,11,Islamabad,Islamabad,Rural Road,Poor,Clear,Street Light,Car/Taxi,2,Pedestrian Error,0,1,0,0,2,0,Low
2022,12,Thursday,7,Punjab,Multan,National Highway,Under Repair,Clear,Dawn/Dusk,Motorcycle,2,Pedestrian Error,1,0,0,1,1,0,Medium
2022,12,Sunday,18,Sindh,Dadu,Provincial Highway,Poor,Clear,Daylight,Motorcycle,2,Mechanical Failure,1,1,0,1,1,0,Low
2019,10,Monday,21,KPK,Mansehra,Rural Road,Poor,Clear,Street Light,Motorcycle,3,Pedestrian Error,0,0,0,0,0,0,Low
2023,10,Tuesday,20,Sindh,Mirpur Khas,National Highway,Average,Clear,No Light,Bus/Coach,1,Over Speeding,1,0,0,0,6,0,High
2020,7,Wednesday,18,Punjab,Sheikhupura,National Highway,Good,Foggy,Daylight,Motorcycle,2,Mechanical Failure,1,0,0,0,2,1,High
2020,10,Saturday,23,Sindh,Thatta,Urban Road,Good,Clear,No Light,Car/Taxi,2,Driver Fatigue,0,1,1,0,2,0,Low
2018,5,Thursday,11,Punjab,Sheikhupura,Urban Road,Poor,Clear,Dawn/Dusk,Motorcycle,2,Wrong Overtaking,0,0,0,0,0,0,Low
2019,4,Friday,10,Sindh,Dadu,Urban Road,Poor,Clear,Daylight,Truck/Lorry,2,Pedestrian Error,0,0,0,0,2,0,Low
2019,11,Saturday,11,Sindh,Larkana,National Highway,Average,Clear,Daylight,Rickshaw,3,Wrong Overtaking,0,1,0,1,1,2,Medium
2021,1,Sunday,10,Balochistan,Chaman,Provincial Highway,Poor,Foggy,Daylight,Motorcycle,1,Over Speeding,0,1,0,1,9,1,High
2019,1,Friday,16,Sindh,Kashmore,Urban Road,Good,Clear,Daylight,Car/Taxi,2,Over Speeding,0,0,0,1,0,0,Low
2021,7,Sunday,19,Punjab,Sheikhupura,Urban Road,Poor,Clear,No Light,Car/Taxi,2,Road Condition,1,1,0,0,1,0,Low
2023,1,Monday,12,Punjab,Gujranwala,Provincial Highway,Good,Foggy,Daylight,Bicycle,1,Wrong Overtaking,1,0,0,1,5,0,Medium
2020,5,Sunday,18,Balochistan,Gwadar,Provincial Highway,Poor,Clear,Daylight,Car/Taxi,2,Drunk Driving,1,1,0,0,5,0,Medium
2023,5,Saturday,10,Punjab,Rahim Yar Khan,Provincial Highway,Under Repair,Rainy,Daylight,Rickshaw,2,Signal Violation,0,1,0,0,4,0,Medium
2023,12,Monday,20,Sindh,Karachi,National Highway,Under Repair,Foggy,Street Light,Rickshaw,2,Pedestrian Error,1,0,0,1,0,0,Low
2019,5,Saturday,10,Punjab,Rawalpindi,Rural Road,Poor,Rainy,Daylight,Car/Taxi,1,Signal Violation,0,1,0,0,2,0,Low
2018,6,Sunday,14,KPK,Dera Ismail Khan,Urban Road,Under Repair,Clear,Daylight,Car/Taxi,1,Drunk Driving,0,1,0,0,1,0,Low
2022,6,Friday,19,Sindh,Hyderabad,National Highway,Average,Foggy,Street Light,Motorcycle,2,Over Speeding,1,0,0,0,10,2,High
2023,8,Tuesday,7,Punjab,Sargodha,Provincial Highway,Average,Foggy,Street Light,Rickshaw,2,Over Speeding,1,0,0,0,4,0,Medium
2023,6,Wednesday,17,Punjab,Multan,National Highway,Under Repair,Foggy,Daylight,Motorcycle,2,Over Speeding,1,0,0,0,10,2,High
2019,12,Saturday,13,Balochistan,Sibi,National Highway,Under Repair,Rainy,Daylight,Motorcycle,1,Over Speeding,1,1,0,1,6,2,High
2020,7,Monday,19,Sindh,Dadu,Provincial Highway,Good,Clear,Dawn/Dusk,Bus/Coach,1,Signal Violation,1,0,0,0,3,0,Medium
2023,12,Sunday,16,KPK,Mardan,Rural Road,Poor,Clear,Dawn/Dusk,Motorcycle,3,Signal Violation,0,1,0,1,0,0,Low
2020,2,Sunday,11,Balochistan,Khuzdar,National Highway,Poor,Clear,Daylight,Motorcycle,1,Drunk Driving,0,1,0,1,10,0,High
2020,7,Friday,17,Balochistan,Chaman,Rural Road,Poor,Clear,Dawn/Dusk,Bus/Coach,3,Wrong Overtaking,1,0,0,0,0,0,Low
2020,6,Monday,19,Punjab,Rahim Yar Khan,National Highway,Good,Clear,Street Light,Motorcycle,2,Over Speeding,1,0,0,0,4,0,High
2021,11,Monday,7,Islamabad,Islamabad,Motorway,Good,Rainy,Daylight,Motorcycle,1,Over Speeding,1,0,0,1,5,1,High
2021,5,Sunday,9,Punjab,Rawalpindi,National Highway,Poor,Clear,No Light,Motorcycle,2,Road Condition,1,1,0,0,4,0,Medium
2023,8,Saturday,17,Punjab,Multan,Rural Road,Average,Clear,Daylight,Motorcycle,2,Pedestrian Error,1,1,0,0,1,0,Low
2021,12,Sunday,20,Balochistan,Khuzdar,Rural Road,Poor,Clear,No Light,Bus/Coach,2,Pedestrian Error,1,1,0,1,0,0,Low
2023,8,Tuesday,18,Punjab,Faisalabad,Rural Road,Good,Clear,Dawn/Dusk,Rickshaw,2,Over Speeding,1,0,0,0,1,0,Low
2022,8,Sunday,18,Punjab,Lahore,National Highway,Average,Foggy,Daylight,Car/Taxi,1,Over Speeding,1,1,0,0,5,0,Medium
2022,7,Tuesday,10,Punjab,Rawalpindi,Urban Road,Average,Clear,Daylight,Rickshaw,2,Signal Violation,0,0,0,0,0,0,Low
2023,2,Monday,14,Sindh,Dadu,Rural Road,Good,Foggy,Daylight,Car/Taxi,2,Road Condition,0,0,0,1,0,1,Low
2020,12,Tuesday,13,Sindh,Thatta,Urban Road,Good,Foggy,Dawn/Dusk,Car/Taxi,2,Over Speeding,1,0,0,1,3,0,Medium
2023,11,Saturday,17,KPK,Bannu,Provincial Highway,Average,Clear,Daylight,Motorcycle,1,Mechanical Failure,1,1,0,1,4,0,Medium
2019,7,Friday,10,Balochistan,Dera Bugti,Rural Road,Good,Dusty/Smoggy,Daylight,Van/Pickup,4,Signal Violation,0,0,0,0,1,0,Low
2022,4,Friday,11,KPK,Kohat,National Highway,Poor,Rainy,Daylight,Motorcycle,1,Over Speeding,0,0,0,0,2,3,High
2022,11,Thursday,11,Punjab,Gujranwala,Rural Road,Poor,Clear,Daylight,Motorcycle,1,Over Speeding,0,0,0,1,1,0,Medium
2020,5,Monday,8,Islamabad,Islamabad,National Highway,Good,Extreme Heat,Daylight,Other,1,Wrong Overtaking,1,0,0,0,1,0,Medium
2021,6,Thursday,10,Punjab,Bahawalpur,Provincial Highway,Average,Clear,Street Light,Motorcycle,3,Driver Fatigue,0,0,0,0,3,0,Medium
2023,8,Monday,20,Punjab,Gujranwala,Provincial Highway,Poor,Clear,No Light,Motorcycle,2,Pedestrian Error,1,0,0,0,4,0,Medium
2022,8,Wednesday,6,Punjab,Multan,National Highway,Good,Extreme Heat,Daylight,Car/Taxi,2,Over Speeding,0,0,0,0,7,1,High
2021,5,Tuesday,17,Sindh,Dadu,National Highway,Average,Clear,Daylight,Van/Pickup,1,Pedestrian Error,1,0,0,0,5,0,Medium
2020,11,Friday,7,Punjab,Lahore,Provincial Highway,Average,Rainy,Dawn/Dusk,Car/Taxi,2,Wrong Overtaking,1,0,0,1,1,1,Low
2022,11,Friday,22,Punjab,Sialkot,National Highway,Poor,Clear,Street Light,Car/Taxi,3,Wrong Overtaking,0,0,1,1,4,0,Medium
2023,10,Sunday,8,Punjab,Sargodha,National Highway,Good,Clear,Daylight,Motorcycle,4,Over Speeding,1,1,0,0,3,0,High
2020,4,Sunday,16,Punjab,Sialkot,Motorway,Good,Foggy,Daylight,Motorcycle,2,Road Condition,0,1,0,0,4,1,High
2022,4,Friday,15,Sindh,Kashmore,Urban Road,Poor,Clear,Daylight,Motorcycle,2,Signal Violation,0,0,0,0,1,0,Medium
2020,2,Saturday,21,KPK,Charsadda,Provincial Highway,Under Repair,Extreme Heat,No Light,Car/Taxi,2,Mobile Phone Use,0,1,0,1,2,0,Low
2023,9,Saturday,16,KPK,Charsadda,National Highway,Average,Clear,Daylight,Car/Taxi,1,Signal Violation,0,1,0,0,4,0,Medium
2019,9,Sunday,16,Punjab,Gujranwala,Urban Road,Good,Extreme Heat,Daylight,Motorcycle,1,Wrong Overtaking,0,1,0,0,1,0,Low
2022,1,Friday,7,Punjab,Multan,Provincial Highway,Poor,Foggy,Daylight,Motorcycle,1,Wrong Overtaking,1,0,0,1,10,0,High
2022,8,Monday,9,Islamabad,Islamabad,Urban Road,Good,Clear,Daylight,Motorcycle,2,Drunk Driving,1,0,0,0,1,0,Medium
2023,1,Wednesday,1,Punjab,Sargodha,Provincial Highway,Good,Dusty/Smoggy,Street Light,Bicycle,2,Over Speeding,0,0,1,1,5,1,High
2019,12,Saturday,23,Balochistan,Sibi,National Highway,Good,Clear,No Light,Motorcycle,1,Signal Violation,0,1,1,1,9,4,High
2022,12,Wednesday,8,Punjab,Faisalabad,Urban Road,Good,Dusty/Smoggy,Daylight,Motorcycle,3,Pedestrian Error,1,0,0,1,1,1,Medium
2022,11,Saturday,12,Islamabad,Islamabad,Rural Road,Under Repair,Clear,Daylight,Car/Taxi,2,Road Condition,1,1,0,1,1,0,Low
2020,11,Friday,0,Punjab,Sargodha,National Highway,Poor,Clear,No Light,Other,3,Wrong Overtaking,0,0,1,1,4,2,Medium
2021,7,Thursday,11,Sindh,Nawabshah,Urban Road,Good,Rainy,Daylight,Motorcycle,3,Mechanical Failure,0,0,0,0,0,0,Low
2018,8,Sunday,16,KPK,Abbottabad,Provincial Highway,Good,Foggy,Daylight,Car/Taxi,2,Signal Violation,0,1,0,0,1,0,Medium
2020,6,Tuesday,23,Sindh,Hyderabad,Rural Road,Poor,Rainy,No Light,Car/Taxi,2,Over Speeding,0,0,1,0,4,0,High
2023,11,Monday,20,Punjab,Lahore,Provincial Highway,Poor,Dusty/Smoggy,No Light,Motorcycle,1,Over Speeding,1,0,0,1,4,1,Medium
2023,1,Wednesday,18,Sindh,Hyderabad,National Highway,Poor,Clear,Daylight,Car/Taxi,2,Wrong Overtaking,1,0,0,1,2,0,Low
2022,9,Friday,18,KPK,Kohat,Provincial Highway,Average,Clear,Daylight,Motorcycle,1,Wrong Overtaking,1,0,0,0,1,0,Medium
2023,2,Tuesday,12,Punjab,Lahore,Urban Road,Average,Clear,Daylight,Car/Taxi,2,Road Condition,1,0,0,1,2,0,Low
2020,2,Tuesday,11,Punjab,Bahawalpur,Provincial Highway,Good,Clear,No Light,Bicycle,2,Mechanical Failure,0,0,0,1,2,1,Medium
2023,2,Monday,18,Sindh,Larkana,National Highway,Average,Foggy,Daylight,Motorcycle,2,Signal Violation,1,0,0,1,9,0,High
2020,3,Friday,23,Punjab,Rawalpindi,Urban Road,Average,Clear,No Light,Rickshaw,2,Over Speeding,0,0,1,0,4,0,Medium
2022,11,Saturday,12,KPK,Dera Ismail Khan,Provincial Highway,Average,Clear,Street Light,Car/Taxi,1,Drunk Driving,1,1,0,1,1,1,Medium
2021,3,Sunday,18,Punjab,Faisalabad,National Highway,Average,Extreme Heat,Dawn/Dusk,Car/Taxi,3,Drunk Driving,1,1,0,0,9,0,High
2020,8,Wednesday,20,Sindh,Karachi,National Highway,Average,Foggy,Street Light,Truck/Lorry,3,Wrong Overtaking,1,0,0,0,6,2,High
2023,4,Friday,23,Punjab,Bahawalpur,Provincial Highway,Good,Foggy,Street Light,Rickshaw,2,Driver Fatigue,0,0,1,0,10,0,High
2022,6,Saturday,15,Sindh,Dadu,Provincial Highway,Poor,Foggy,Daylight,Motorcycle,3,Pedestrian Error,0,1,0,0,1,0,Medium
2023,11,Saturday,20,Punjab,Rawalpindi,Urban Road,Average,Clear,Street Light,Car/Taxi,3,Pedestrian Error,1,1,0,1,1,0,Low
2023,1,Tuesday,12,Punjab,Rawalpindi,Provincial Highway,Average,Dusty/Smoggy,Daylight,Motorcycle,1,Over Speeding,1,0,0,1,8,2,High
2019,1,Tuesday,23,Punjab,Sheikhupura,Provincial Highway,Good,Extreme Heat,No Light,Motorcycle,2,Wrong Overtaking,0,0,1,1,3,1,High
2019,4,Monday,22,Islamabad,Islamabad,National Highway,Average,Clear,Street Light,Car/Taxi,1,Road Condition,0,0,1,0,2,0,Medium
2023,1,Friday,12,Punjab,Sargodha,Provincial Highway,Average,Clear,Daylight,Car/Taxi,2,Over Speeding,1,0,0,1,5,0,Medium
2023,11,Saturday,15,KPK,Bannu,National Highway,Average,Rainy,Daylight,Van/Pickup,2,Over Speeding,0,1,0,1,2,0,Medium
2022,6,Monday,2,Punjab,Faisalabad,Provincial Highway,Good,Foggy,No Light,Truck/Lorry,2,Drunk Driving,0,0,1,0,10,0,High
2023,6,Friday,7,Punjab,Sargodha,Provincial Highway,Average,Foggy,Street Light,Motorcycle,2,Wrong Overtaking,1,0,0,0,6,1,High
2022,12,Tuesday,7,Sindh,Thatta,Urban Road,Poor,Dusty/Smoggy,Daylight,Car/Taxi,2,Over Speeding,1,0,0,1,2,0,Low
2020,10,Friday,20,Sindh,Larkana,Urban Road,Average,Clear,Street Light,Motorcycle,2,Wrong Overtaking,1,0,0,0,3,2,Medium
2022,5,Friday,7,Islamabad,Islamabad,Provincial Highway,Good,Foggy,Daylight,Motorcycle,1,Signal Violation,1,0,0,0,2,1,Medium
2022,6,Sunday,11,Islamabad,Islamabad,Motorway,Average,Foggy,Street Light,Motorcycle,2,Driver Fatigue,0,1,0,0,10,1,High
2021,5,Monday,11,KPK,Dera Ismail Khan,National Highway,Average,Clear,Daylight,Car/Taxi,2,Wrong Overtaking,0,0,0,0,3,0,Medium
2021,4,Friday,18,Sindh,Larkana,National Highway,Good,Clear,Daylight,Motorcycle,3,Mechanical Failure,1,0,0,0,5,0,Medium
2021,12,Wednesday,11,Sindh,Hyderabad,Rural Road,Poor,Foggy,Daylight,Rickshaw,2,Over Speeding,0,0,0,1,5,1,Medium
2018,8,Saturday,2,Punjab,Faisalabad,Provincial Highway,Good,Rainy,Street Light,Motorcycle,2,Mobile Phone Use,0,1,1,0,5,2,High
2019,9,Sunday,21,Islamabad,Islamabad,National Highway,Average,Clear,Street Light,Rickshaw,2,Mechanical Failure,0,1,0,0,0,0,Low
2021,5,Thursday,21,Sindh,Larkana,Provincial Highway,Poor,Clear,Street Light,Car/Taxi,1,Road Condition,0,0,0,0,0,0,Low
2022,11,Tuesday,9,Sindh,Larkana,National Highway,Good,Clear,Daylight,Motorcycle,1,Signal Violation,1,0,0,1,11,0,High
2023,12,Sunday,17,Punjab,Gujranwala,Urban Road,Poor,Dusty/Smoggy,Daylight,Car/Taxi,2,Over Speeding,1,1,0,1,1,0,Low
2020,3,Saturday,7,Punjab,Rahim Yar Khan,Provincial Highway,Under Repair,Clear,Daylight,Car/Taxi,1,Driver Fatigue,1,1,0,0,2,0,Low
2023,10,Tuesday,15,Islamabad,Islamabad,Urban Road,Good,Rainy,Daylight,Car/Taxi,2,Signal Violation,0,0,0,0,0,0,Low
2019,8,Thursday,18,Punjab,Rahim Yar Khan,National Highway,Average,Clear,Street Light,Car/Taxi,1,Over Speeding,1,0,0,0,3,1,Medium
2023,3,Thursday,9,Sindh,Kashmore,Urban Road,Good,Extreme Heat,Daylight,Motorcycle,1,Road Condition,1,0,0,0,1,1,Medium
2023,8,Wednesday,11,Punjab,Sheikhupura,National Highway,Under Repair,Rainy,Daylight,Motorcycle,2,Pedestrian Error,0,0,0,0,1,1,Medium
2021,6,Sunday,17,KPK,Bannu,National Highway,Under Repair,Clear,Daylight,Bus/Coach,2,Pedestrian Error,1,1,0,0,2,0,Low
2020,8,Sunday,9,Punjab,Sargodha,Provincial Highway,Average,Clear,Daylight,Truck/Lorry,1,Signal Violation,1,1,0,0,3,0,Medium
2021,5,Saturday,18,KPK,Mansehra,Rural Road,Poor,Extreme Heat,Daylight,Rickshaw,3,Over Speeding,1,1,0,0,1,1,Medium
2020,1,Tuesday,12,Punjab,Rahim Yar Khan,Provincial Highway,Good,Clear,Daylight,Motorcycle,3,Drunk Driving,1,0,0,1,5,3,High
2021,4,Thursday,8,Balochistan,Hub,National Highway,Average,Foggy,Daylight,Rickshaw,1,Weather Condition,1,0,0,0,1,2,Medium
2022,12,Tuesday,8,KPK,Swat,Rural Road,Poor,Extreme Heat,No Light,Motorcycle,1,Over Speeding,1,0,0,1,2,0,Medium
2022,5,Sunday,19,Punjab,Faisalabad,Urban Road,Good,Extreme Heat,Street Light,Rickshaw,1,Over Speeding,1,1,0,0,0,0,Low
2023,12,Friday,14,Sindh,Larkana,Provincial Highway,Good,Rainy,Daylight,Bus/Coach,4,Mechanical Failure,0,0,0,1,5,0,Medium