year,month,day_of_week,hour_of_day,province,district,road_type,road_condition,weather_condition,lighting_condition,vehicle_type,vehicles_involved,accident_cause,is_rush_hour,is_weekend,is_night,is_foggy_month,num_injured,num_killed,severity
2022,6,Saturday,18,Punjab,Sargodha,Urban Road,Good,Clear,Daylight,Rickshaw,2,Road Condition,1,1,0,0,2,0,Low
2022,1,Friday,20,Punjab,Lahore,National Highway,Good,Clear,Street Light,Car/Taxi,2,Signal Violation,1,0,0,1,2,0,Low
2023,11,Wednesday,13,Balochistan,Khuzdar,Urban Road,Poor,Foggy,Daylight,Truck/Lorry,3,Mechanical Failure,1,0,0,1,1,1,Low
2023,6,Monday,13,Punjab,Multan,Rural Road,Good,Dusty/Smoggy,Daylight,Motorcycle,2,Over Speeding,1,0,0,0,1,2,Medium
2022,6,Friday,16,Punjab,Sargodha,National Highway,Average,Rainy,Daylight,Motorcycle,2,Over Speeding,0,0,0,0,10,0,High
2020,8,Thursday,6,Punjab,Rawalpindi,Rural Road,Good,Clear,No Light,Motorcycle,2,Wrong Overtaking,0,0,0,0,1,0,Low
2020,11,Monday,15,Punjab,Multan,Urban Road,Good,Extreme Heat,Daylight,Bus/Coach,1,Over Speeding,0,0,0,1,2,0,Low
2022,7,Sunday,5,Balochistan,Quetta,National Highway,Poor,Rainy,No Light,Motorcycle,2,Pedestrian Error,0,1,1,0,4,1,High
2020,1,Tuesday,21,Punjab,Lahore,National Highway,Good,Clear,No Light,Motorcycle,3,Wrong Overtaking,0,0,0,1,10,1,High
2019,10,Wednesday,9,Islamabad,Islamabad,Rural Road,Under Repair,Dusty/Smoggy,Street Light,Rickshaw,3,Over Speeding,1,0,0,0,4,0,Medium
2023,7,Thursday,21,Islamabad,Islamabad,Provincial Highway,Average,Clear,No Light,Truck/Lorry,2,Mobile Phone Use,0,0,0,0,0,0,Low
2021,7,Saturday,7,Punjab,Rahim Yar Khan,National Highway,Good,Clear,Daylight,Bus/Coach,3,Signal Violation,1,1,0,0,5,0,High
2018,1,Sunday,4,Punjab,Rawalpindi,National Highway,Poor,Clear,Street Light,Motorcycle,1,Signal Violation,0,1,1,1,10,1,High
2022,11,Thursday,3,Balochistan,Loralai,Provincial Highway,Average,Foggy,Street Light,Van/Pickup,2,Road Condition,0,0,1,1,1,1,Medium
2023,1,Sunday,12,Punjab,Sialkot,Rural Road,Poor,Clear,Daylight,Van/Pickup,4,Road Condition,1,1,0,1,1,0,Low
2022,5,Monday,15,Punjab,Gujranwala,National Highway,Poor,Rainy,Daylight,Car/Taxi,2,Mobile Phone Use,0,0,0,0,2,0,Medium
2020,9,Sunday,9,Punjab,Bahawalpur,National Highway,Average,Clear,Daylight,Van/Pickup,1,Drunk Driving,1,1,0,0,5,0,Medium
2019,2,Monday,8,Sindh,Thatta,Provincial Highway,Good,Clear,Daylight,Rickshaw,4,Road Condition,1,0,0,1,1,0,Low
2020,10,Friday,18,KPK,Swat,Rural Road,Under Repair,Rainy,Dawn/Dusk,Bus/Coach,1,Pedestrian Error,1,0,0,0,2,0,Low
2019,6,Saturday,16,Punjab,Rahim Yar Khan,Rural Road,Good,Clear,Daylight,Car/Taxi,1,Road Condition,0,1,0,0,1,0,Low
2020,4,Wednesday,10,Punjab,Sialkot,Rural Road,Poor,Clear,Daylight,Bus/Coach,2,Wrong Overtaking,0,0,0,0,1,0,Low
2022,5,Friday,13,Islamabad,Islamabad,Motorway,Under Repair,Clear,Daylight,Motorcycle,2,Road Condition,1,0,0,0,2,0,Medium
2019,6,Monday,17,KPK,Peshawar,National Highway,Poor,Foggy,Street Light,Motorcycle,2,Wrong Overtaking,1,0,0,0,11,2,High
2019,4,Sunday,18,Sindh,Kashmore,Rural Road,Good,Clear,Daylight,Rickshaw,2,Weather Condition,1,1,0,0,2,0,Low
2023,5,Saturday,23,KPK,Dera Ismail Khan,National Highway,Good,Clear,Street Light,Motorcycle,2,Wrong Overtaking,0,1,1,0,3,2,High
2019,1,Friday,5,Sindh,Dadu,Provincial Highway,Poor,Clear,No Light,Van/Pickup,2,Over Speeding,0,0,1,1,5,0,High
2021,4,Sunday,10,KPK,Kohat,National Highway,Average,Clear,Street Light,Rickshaw,2,Over Speeding,0,1,0,0,2,0,Medium
2021,6,Wednesday,12,Punjab,Bahawalpur,Provincial Highway,Under Repair,Foggy,Daylight,Bus/Coach,1,Mobile Phone Use,1,0,0,0,1,1,Medium
2019,3,Wednesday,8,Punjab,Rahim Yar Khan,Motorway,Average,Foggy,Daylight,Bus/Coach,2,Signal Violation,1,0,0,0,2,0,Medium
2022,12,Thursday,9,KPK,Dera Ismail Khan,Provincial Highway,Good,Rainy,Daylight,Rickshaw,1,Wrong Overtaking,1,0,0,1,3,1,Medium
2019,3,Saturday,11,Punjab,Lahore,Urban Road,Poor,Dusty/Smoggy,Daylight,Motorcycle,2,Pedestrian Error,0,1,0,0,5,1,Medium
2023,5,Tuesday,18,AJK,Mirpur,Urban Road,Poor,Clear,Daylight,Motorcycle,3,Over Speeding,1,0,0,0,1,0,Medium
2021,11,Monday,11,Punjab,Multan,Provincial Highway,Good,Clear,Daylight,Car/Taxi,1,Over Speeding,0,0,0,1,2,0,Medium
2020,9,Friday,4,Islamabad,Islamabad,National Highway,Average,Clear,No Light,Motorcycle,2,Over Speeding,0,0,1,0,9,1,High
2021,11,Saturday,19,Islamabad,Islamabad,Rural Road,Average,Foggy,Dawn/Dusk,Motorcycle,2,Over Speeding,1,1,0,1,3,0,Medium
2022,10,Friday,23,Punjab,Faisalabad,Rural Road,Poor,Rainy,No Light,Bus/Coach,2,Over Speeding,0,0,1,0,10,3,High
2021,6,Saturday,7,KPK,Mardan,Urban Road,Poor,Clear,Street Light,Bus/Coach,1,Road Condition,1,1,0,0,2,0,Low
2023,1,Wednesday,19,Sindh,Hyderabad,Rural Road,Good,Clear,No Light,Rickshaw,2,Over Speeding,1,0,0,1,0,0,Low
2022,11,Friday,16,Balochistan,Turbat,Provincial Highway,Average,Clear,Dawn/Dusk,Motorcycle,1,Over Speeding,0,0,0,1,6,0,High
2022,12,Thursday,20,Sindh,Thatta,Urban Road,Good,Clear,No Light,Rickshaw,1,Mechanical Failure,1,0,0,1,2,0,Low
2019,2,Saturday,7,KPK,Mansehra,Rural Road,Average,Foggy,Daylight,Motorcycle,2,Wrong Overtaking,1,1,0,1,4,0,Medium
2019,7,Saturday,20,Sindh,Dadu,Provincial Highway,Good,Extreme Heat,Street Light,Motorcycle,3,Over Speeding,1,1,0,0,5,0,Medium
2022,2,Tuesday,10,Punjab,Faisalabad,Motorway,Good,Foggy,Street Light,Bus/Coach,2,Over Speeding,0,0,0,1,11,2,High
2021,1,Friday,13,Punjab,Lahore,Rural Road,Good,Foggy,Daylight,Motorcycle,1,Over Speeding,1,0,0,1,4,1,High
2022,6,Saturday,18,Sindh,Thatta,Provincial Highway,Good,Clear,Daylight,Motorcycle,1,Over Speeding,1,1,0,0,1,0,Medium
2021,8,Sunday,1,KPK,Dera Ismail Khan,National Highway,Good,Clear,No Light,Motorcycle,1,Drunk Driving,0,1,1,0,11,2,High
2022,9,Wednesday,12,Sindh,Sukkur,Provincial Highway,Under Repair,Rainy,No Light,Motorcycle,1,Driver Fatigue,1,0,0,0,5,2,High
2022,6,Thursday,14,KPK,Abbottabad,National Highway,Good,Clear,Daylight,Motorcycle,1,Driver Fatigue,0,0,0,0,5,3,High
2023,6,Friday,23,Punjab,Bahawalpur,Provincial Highway,Average,Clear,No Light,Motorcycle,2,Over Speeding,0,0,1,0,11,0,High
2019,2,Friday,14,Sindh,Mirpur Khas,National Highway,Good,Clear,Daylight,Motorcycle,1,Drunk Driving,0,0,0,1,7,4,High
2020,1,Monday,7,Punjab,Bahawalpur,Rural Road,Average,Rainy,Daylight,Motorcycle,1,Pedestrian Error,1,0,0,1,5,1,Medium
2023,11,Saturday,1,KPK,Mardan,National Highway,Good,Clear,No Light,Motorcycle,1,Mechanical Failure,0,1,1,1,2,1,High
2022,8,Friday,19,AJK,Mirpur,Urban Road,Average,Dusty/Smoggy,Dawn/Dusk,Rickshaw,2,Wrong Overtaking,1,0,0,0,0,0,Low
2020,3,Saturday,16,Punjab,Sheikhupura,National Highway,Poor,Clear,Daylight,Car/Taxi,2,Over Speeding,0,1,0,0,2,2,Medium
2020,11,Tuesday,18,Punjab,Faisalabad,Urban Road,Average,Dusty/Smoggy,Daylight,Bicycle,2,Wrong Overtaking,1,0,0,1,4,0,Medium
2022,1,Friday,18,Punjab,Sheikhupura,Provincial Highway,Under Repair,Clear,Dawn/Dusk,Bus/Coach,2,Wrong Overtaking,1,0,0,1,1,1,Medium
2022,1,Friday,9,Sindh,Kashmore,Provincial Highway,Average,Clear,No Light,Car/Taxi,2,Drunk Driving,1,0,0,1,4,0,Medium
2022,7,Sunday,1,Sindh,Nawabshah,Provincial Highway,Good,Foggy,No Light,Motorcycle,1,Wrong Overtaking,0,1,1,0,9,3,High
2023,6,Wednesday,2,KPK,Kohat,Urban Road,Good,Extreme Heat,No Light,Bus/Coach,3,Over Speeding,0,0,1,0,3,0,Medium
2023,8,Monday,12,Punjab,Sargodha,Provincial Highway,Under Repair,Foggy,Daylight,Van/Pickup,2,Pedestrian Error,1,0,0,0,2,0,Low
2022,5,Sunday,21,KPK,Nowshera,Urban Road,Average,Clear,Street Light,Car/Taxi,3,Pedestrian Error,0,1,0,0,1,0,Low
2021,7,Monday,7,KPK,Swat,National Highway,Average,Clear,Daylight,Bus/Coach,3,Mechanical Failure,1,0,0,0,0,0,Low
2019,4,Friday,13,Punjab,Sargodha,Motorway,Poor,Foggy,Daylight,Motorcycle,2,Road Condition,1,0,0,0,3,2,Medium
2020,2,Friday,12,Sindh,Sukkur,Provincial Highway,Under Repair,Clear,Daylight,Motorcycle,4,Mobile Phone Use,1,0,0,1,0,0,Low
2018,12,Wednesday,23,Punjab,Rawalpindi,Urban Road,Average,Clear,Street Light,Motorcycle,1,Over Speeding,0,0,1,1,11,2,High
2023,12,Sunday,11,Sindh,Jacobabad,Urban Road,Good,Clear,Daylight,Bicycle,1,Road Condition,0,1,0,1,0,0,Low
2019,5,Sunday,7,Balochistan,Quetta,Urban Road,Poor,Dusty/Smoggy,Daylight,Motorcycle,3,Over Speeding,1,1,0,0,5,2,Medium
2022,6,Tuesday,12,Sindh,Thatta,Urban Road,Good,Clear,Daylight,Truck/Lorry,3,Signal Violation,1,0,0,0,2,1,Medium
2018,3,Tuesday,11,KPK,Mardan,National Highway,Average,Dusty/Smoggy,Daylight,Van/Pickup,1,Over Speeding,0,0,0,0,7,0,High
2022,5,Sunday,11,Sindh,Karachi,Provincial Highway,Poor,Clear,No Light,Truck/Lorry,2,Mechanical Failure,0,1,0,0,2,0,Low
2021,9,Sunday,17,Punjab,Sialkot,Rural Road,Average,Clear,Daylight,Rickshaw,2,Wrong Overtaking,1,1,0,0,0,0,Low
2023,12,Monday,17,Sindh,Larkana,Rural Road,Average,Clear,Daylight,Motorcycle,2,Wrong Overtaking,1,0,0,1,4,0,Medium
2023,4,Saturday,20,Sindh,Jacobabad,National Highway,Good,Clear,No Light,Car/Taxi,2,Mechanical Failure,1,1,0,0,1,0,Medium
2022,1,Thursday,21,Punjab,Rawalpindi,Urban Road,Good,Clear,No Light,Motorcycle,1,Driver Fatigue,0,0,0,1,8,1,High
2018,12,Wednesday,11,Punjab,Faisalabad,Rural Road,Average,Foggy,Daylight,Motorcycle,2,Over Speeding,0,0,0,1,3,2,High
2020,2,Thursday,16,Punjab,Multan,Provincial Highway,Average,Dusty/Smoggy,Street Light,Truck/Lorry,3,Mobile Phone Use,0,0,0,1,1,1,Low
2019,5,Friday,18,Punjab,Multan,Urban Road,Under Repair,Rainy,Daylight,Motorcycle,1,Signal Violation,1,0,0,0,5,2,Medium
2021,12,Saturday,17,Punjab,Multan,Urban Road,Good,Extreme Heat,Dawn/Dusk,Motorcycle,2,Pedestrian Error,1,1,0,1,2,0,Low
2021,12,Friday,14,Punjab,Rawalpindi,Rural Road,Good,Clear,Daylight,Rickshaw,2,Road Condition,0,0,0,1,0,1,Low
2023,6,Saturday,18,Punjab,Sargodha,Provincial Highway,Good,Dusty/Smoggy,Street Light,Motorcycle,4,Over Speeding,1,1,0,0,5,0,Medium
2022,6,Friday,16,Islamabad,Islamabad,Rural Road,Good,Clear,Daylight,Rickshaw,2,Pedestrian Error,0,0,0,0,1,0,Low
2022,4,Saturday,17,Punjab,Gujranwala,National Highway,Under Repair,Foggy,No Light,Rickshaw,1,Road Condition,1,1,0,0,4,0,Medium
2020,12,Monday,15,KPK,Swat,Urban Road,Under Repair,Clear,No Light,Motorcycle,1,Over Speeding,0,0,0,1,2,0,Medium
2022,5,Saturday,6,Sindh,Mirpur Khas,Provincial Highway,Poor,Dusty/Smoggy,Daylight,Truck/Lorry,2,Pedestrian Error,0,1,0,0,1,1,Medium
2021,1,Saturday,18,KPK,Nowshera,National Highway,Good,Clear,Daylight,Motorcycle,4,Over Speeding,1,1,0,1,8,2,High
2023,6,Tuesday,19,Punjab,Multan,National Highway,Good,Clear,Daylight,Bus/Coach,3,Signal Violation,1,0,0,0,3,1,Medium
2023,9,Friday,7,Islamabad,Islamabad,Urban Road,Average,Foggy,Street Light,Van/Pickup,4,Drunk Driving,1,0,0,0,1,1,Medium
2018,7,Thursday,22,Sindh,Kashmore,Rural Road,Good,Foggy,No Light,Motorcycle,2,Drunk Driving,0,0,1,0,8,2,High
2019,12,Sunday,6,KPK,Kohat,Rural Road,Average,Clear,Daylight,Rickshaw,2,Drunk Driving,0,1,0,1,1,0,Low
2019,7,Thursday,6,Punjab,Sialkot,Provincial Highway,Good,Clear,Daylight,Van/Pickup,2,Pedestrian Error,0,0,0,0,2,0,Low
2018,12,Saturday,17,Punjab,Sialkot,National Highway,Good,Rainy,Daylight,Car/Taxi,2,Wrong Overtaking,1,1,0,1,2,1,Medium
2018,12,Saturday,8,KPK,Nowshera,Rural Road,Average,Foggy,Street Light,Motorcycle,2,Over Speeding,1,1,0,1,5,1,Medium
2021,12,Wednesday,18,Punjab,Rahim Yar Khan,Provincial Highway,Average,Clear,Street Light,Bus/Coach,3,Driver Fatigue,1,0,0,1,1,0,Medium
2021,8,Friday,11,Sindh,Sukkur,Provincial Highway,Under Repair,Dusty/Smoggy,Daylight,Car/Taxi,2,Signal Violation,0,0,0,0,2,0,Low
2021,5,Monday,10,Punjab,Bahawalpur,Urban Road,Good,Foggy,Daylight,Bicycle,1,Mechanical Failure,0,0,0,0,5,0,Medium
2022,2,Wednesday,16,Sindh,Mirpur Khas,Provincial Highway,Average,Extreme Heat,Daylight,Motorcycle,2,Pedestrian Error,0,0,0,1,2,1,Medium
2020,6,Wednesday,21,AJK,Muzaffarabad,Provincial Highway,Poor,Foggy,Street Light,Motorcycle,2,Drunk Driving,0,0,0,0,8,0,High
2020,11,Sunday,16,Sindh,Larkana,Provincial Highway,Poor,Clear,Daylight,Van/Pickup,3,Wrong Overtaking,0,1,0,1,2,0,Low
2020,2,Sunday,9,KPK,Swat,Provincial Highway,Good,Dusty/Smoggy,Daylight,Car/Taxi,2,Over Speeding,1,1,0,1,4,2,Medium
2022,8,Friday,8,Sindh,Thatta,Urban Road,Poor,Clear,Daylight,Rickshaw,2,Over Speeding,1,0,0,0,0,0,Low
2019,3,Saturday,11,Sindh,Kashmore,National Highway,Good,Clear,No Light,Motorcycle,2,Pedestrian Error,0,1,0,0,1,0,Medium
2023,5,Wednesday,13,Islamabad,Islamabad,National Highway,Under Repair,Dusty/Smoggy,Dawn/Dusk,Rickshaw,2,Pedestrian Error,1,0,0,0,0,0,Low
2021,5,Wednesday,21,Balochistan,Sibi,National Highway,Average,Foggy,Street Light,Motorcycle,2,Drunk Driving,0,0,0,0,6,4,High
2021,2,Sunday,20,KPK,Abbottabad,Motorway,Poor,Rainy,No Light,Motorcycle,1,Over Speeding,1,1,0,1,8,2,High
2018,2,Saturday,23,Punjab,Rahim Yar Khan,Rural Road,Good,Extreme Heat,Street Light,Bus/Coach,2,Driver Fatigue,0,1,1,1,1,0,Medium
2021,8,Friday,7,Sindh,Karachi,Provincial Highway,Good,Clear,Daylight,Car/Taxi,2,Over Speeding,1,0,0,0,4,0,Medium
2022,11,Tuesday,7,Punjab,Bahawalpur,Urban Road,Average,Clear,Daylight,Truck/Lorry,4,Over Speeding,1,0,0,1,2,0,Medium
2023,1,Friday,10,Sindh,Dadu,National Highway,Average,Clear,Daylight,Rickshaw,2,Wrong Overtaking,0,0,0,1,5,0,Medium
2022,10,Monday,18,Sindh,Larkana,Rural Road,Good,Extreme Heat,Daylight,Motorcycle,4,Signal Violation,1,0,0,0,2,0,Low
2018,3,Sunday,18,KPK,Kohat,Rural Road,Average,Foggy,Daylight,Car/Taxi,2,Road Condition,1,1,0,0,1,0,Low
2019,12,Friday,9,Balochistan,Gwadar,National Highway,Average,Clear,Daylight,Car/Taxi,1,Road Condition,1,0,0,1,1,0,Low
2019,5,Saturday,12,Punjab,Multan,Rural Road,Poor,Rainy,Daylight,Motorcycle,2,Over Speeding,1,1,0,0,4,0,Medium
2023,3,Tuesday,8,Punjab,Rawalpindi,Provincial Highway,Poor,Rainy,Daylight,Car/Taxi,1,Over Speeding,1,0,0,0,1,1,Medium
2022,2,Sunday,16,Balochistan,Dera Bugti,Provincial Highway,Average,Extreme Heat,Daylight,Motorcycle,3,Mechanical Failure,0,1,0,1,0,0,Low
2018,1,Tuesday,17,Punjab,Multan,Urban Road,Average,Dusty/Smoggy,Daylight,Car/Taxi,1,Over Speeding,1,0,0,1,3,1,Medium
2019,4,Saturday,20,Sindh,Dadu,Provincial Highway,Under Repair,Foggy,No Light,Motorcycle,2,Pedestrian Error,1,1,0,0,1,0,Medium
2018,12,Friday,1,Punjab,Sargodha,Urban Road,Good,Clear,Street Light,Van/Pickup,3,Mechanical Failure,0,0,1,1,2,0,Low
2022,12,Saturday,2,Punjab,Sialkot,Provincial Highway,Average,Clear,No Light,Bus/Coach,2,Wrong Overtaking,0,1,1,1,2,0,Medium
2020,4,Sunday,20,AJK,Muzaffarabad,National Highway,Average,Clear,Street Light,Motorcycle,2,Signal Violation,1,1,0,0,5,2,Medium
2018,10,Wednesday,12,Punjab,Faisalabad,Urban Road,Good,Dusty/Smoggy,Daylight,Bus/Coach,4,Over Speeding,1,0,0,0,5,0,Medium
2019,6,Friday,16,Sindh,Larkana,National Highway,Good,Clear,Daylight,Car/Taxi,1,Driver Fatigue,0,0,0,0,5,0,High
2020,4,Monday,7,Punjab,Sheikhupura,National Highway,Good,Foggy,Daylight,Car/Taxi,2,Over Speeding,1,0,0,0,3,3,High
2021,5,Thursday,9,Balochistan,Chaman,Urban Road,Good,Clear,Daylight,Motorcycle,2,Over Speeding,1,0,0,0,5,0,Medium
2020,10,Monday,17,Balochistan,Quetta,Provincial Highway,Average,Foggy,Daylight,Bus/Coach,2,Over Speeding,1,0,0,0,5,1,Medium
2022,8,Saturday,11,Punjab,Sheikhupura,Provincial Highway,Average,Clear,Daylight,Car/Taxi,3,Road Condition,0,1,0,0,0,0,Low
2022,12,Saturday,14,Punjab,Rahim Yar Khan,National Highway,Poor,Clear,Daylight,Motorcycle,1,Over Speeding,0,1,0,1,7,2,High
2021,12,Wednesday,8,Sindh,Hyderabad,Urban Road,Good,Clear,Daylight,Motorcycle,2,Pedestrian Error,1,0,0,1,1,0,Medium
2023,8,Friday,7,Punjab,Lahore,National Highway,Average,Rainy,Daylight,Rickshaw,2,Signal Violation,1,0,0,0,2,0,Medium
2023,10,Tuesday,8,KPK,Mardan,National Highway,Good,Clear,Daylight,Motorcycle,1,Driver Fatigue,1,0,0,0,6,0,High
2018,3,Friday,20,Punjab,Rahim Yar Khan,Rural Road,Good,Clear,No Light,Car/Taxi,2,Over Speeding,1,0,0,0,0,0,Low
2018,5,Friday,19,Punjab,Sialkot,National Highway,Good,Clear,No Light,Bicycle,3,Driver Fatigue,1,0,0,0,5,2,High
2018,2,Wednesday,16,KPK,Mardan,Urban Road,Good,Clear,Daylight,Van/Pickup,1,Wrong Overtaking,0,0,0,1,1,0,Low
2020,12,Monday,17,Punjab,Lahore,National Highway,Under Repair,Extreme Heat,Daylight,Bicycle,2,Pedestrian Error,1,0,0,1,1,0,Medium
2021,9,Thursday,8,Balochistan,Hub,Rural Road,Average,Clear,Daylight,Rickshaw,2,Wrong Overtaking,1,0,0,0,1,0,Low
2023,8,Tuesday,21,Punjab,Faisalabad,Urban Road,Good,Clear,Street Light,Motorcycle,1,Over Speeding,0,0,0,0,2,1,Medium
2021,8,Wednesday,18,Punjab,Multan,National Highway,Average,Clear,Street Light,Bicycle,1,Pedestrian Error,1,0,0,0,3,1,High
2022,5,Friday,16,Gilgit-Baltistan,Hunza,National Highway,Good,Dusty/Smoggy,Daylight,Truck/Lorry,2,Over Speeding,0,0,0,0,9,1,High
2023,7,Thursday,20,Sindh,Thatta,Urban Road,Poor,Clear,No Light,Motorcycle,2,Wrong Overtaking,1,0,0,0,0,0,Low
2021,11,Wednesday,19,KPK,Dera Ismail Khan,Rural Road,Poor,Clear,Dawn/Dusk,Bus/Coach,1,Wrong Overtaking,1,0,0,1,5,0,Medium
2019,2,Friday,19,Punjab,Sialkot,Urban Road,Good,Foggy,Dawn/Dusk,Motorcycle,2,Wrong Overtaking,1,0,0,1,1,1,Medium
2018,2,Wednesday,17,Sindh,Thatta,National Highway,Good,Clear,Daylight,Rickshaw,2,Wrong Overtaking,1,0,0,1,3,0,Medium
2023,12,Saturday,23,KPK,Kohat,Urban Road,Poor,Clear,No Light,Motorcycle,1,Over Speeding,0,1,1,1,11,1,High
2021,2,Tuesday,17,Punjab,Faisalabad,National Highway,Under Repair,Clear,Dawn/Dusk,Motorcycle,4,Road Condition,1,0,0,1,5,0,Medium
2019,5,Sunday,15,KPK,Peshawar,Provincial Highway,Good,Foggy,Street Light,Rickshaw,2,Over Speeding,0,1,0,0,5,1,High
2019,12,Friday,20,Sindh,Thatta,National Highway,Average,Extreme Heat,Street Light,Motorcycle,2,Wrong Overtaking,1,0,0,1,3,0,High
2022,9,Wednesday,9,Punjab,Lahore,National Highway,Poor,Foggy,No Light,Motorcycle,2,Driver Fatigue,1,0,0,0,8,1,High
2019,7,Monday,15,Sindh,Kashmore,Motorway,Under Repair,Clear,Daylight,Motorcycle,2,Pedestrian Error,0,0,0,0,2,1,High
2022,7,Sunday,20,Sindh,Dadu,Urban Road,Poor,Clear,No Light,Truck/Lorry,3,Signal Violation,1,1,0,0,5,1,Medium
2022,9,Sunday,18,Punjab,Multan,National Highway,Poor,Extreme Heat,Daylight,Car/Taxi,2,Wrong Overtaking,1,1,0,0,0,0,Low
2021,8,Thursday,14,Punjab,Sialkot,National Highway,Good,Clear,Daylight,Car/Taxi,1,Driver Fatigue,0,0,0,0,11,3,High
2023,7,Wednesday,21,Punjab,Sialkot,National Highway,Under Repair,Clear,Street Light,Rickshaw,3,Driver Fatigue,0,0,0,0,3,0,Medium
2023,7,Sunday,19,Punjab,Rawalpindi,Provincial Highway,Average,Rainy,Dawn/Dusk,Truck/Lorry,1,Mechanical Failure,1,1,0,0,5,0,Medium
2019,7,Sunday,21,KPK,Peshawar,Rural Road,Average,Clear,Street Light,Rickshaw,1,Wrong Overtaking,0,1,0,0,1,1,Low
2019,1,Sunday,16,Sindh,Nawabshah,Urban Road,Average,Clear,Daylight,Van/Pickup,2,Road Condition,0,1,0,1,1,1,Low
2022,12,Saturday,19,Islamabad,Islamabad,Provincial Highway,Good,Dusty/Smoggy,Street Light,Motorcycle,2,Drunk Driving,1,1,0,1,11,0,High
2020,6,Friday,11,Punjab,Rahim Yar Khan,Provincial Highway,Average,Clear,No Light,Truck/Lorry,1,Over Speeding,0,0,0,0,4,1,Medium
2023,7,Saturday,21,Punjab,Gujranwala,National Highway,Under Repair,Dusty/Smoggy,No Light,Rickshaw,2,Over Speeding,0,1,0,0,4,2,Medium
2021,8,Sunday,8,KPK,Swat,National Highway,Poor,Clear,Dawn/Dusk,Car/Taxi,1,Over Speeding,1,1,0,0,5,2,High
2020,5,Tuesday,13,Sindh,Dadu,Rural Road,Under Repair,Foggy,Daylight,Motorcycle,3,Signal Violation,1,0,0,0,2,0,Medium
2018,1,Sunday,12,Sindh,Larkana,Provincial Highway,Poor,Extreme Heat,Daylight,Motorcycle,3,Over Speeding,1,1,0,1,2,1,Medium
2023,10,Monday,21,Punjab,Lahore,Rural Road,Under Repair,Clear,No Light,Motorcycle,3,Pedestrian Error,0,0,0,0,1,0,Low
2022,6,Sunday,13,Punjab,Rahim Yar Khan,Rural Road,Good,Rainy,Daylight,Car/Taxi,3,Over Speeding,1,1,0,0,5,0,Medium
2022,4,Saturday,4,Punjab,Sialkot,Urban Road,Average,Clear,Street Light,Rickshaw,2,Road Condition,0,1,1,0,0,0,Low
2020,7,Tuesday,8,Gilgit-Baltistan,Gilgit,Provincial Highway,Good,Clear,Daylight,Rickshaw,1,Pedestrian Error,1,0,0,0,1,0,Low
2021,9,Tuesday,12,Punjab,Sargodha,Provincial Highway,Average,Clear,Daylight,Motorcycle,2,Wrong Overtaking,1,0,0,0,2,1,Medium
2021,7,Tuesday,20,Balochistan,Quetta,National Highway,Average,Foggy,Street Light,Car/Taxi,3,Wrong Overtaking,1,0,0,0,5,0,High
2022,11,Friday,20,KPK,Bannu,Rural Road,Poor,Rainy,No Light,Motorcycle,2,Over Speeding,1,0,0,1,4,0,Medium
2022,9,Monday,19,Punjab,Rahim Yar Khan,Provincial Highway,Average,Clear,Street Light,Rickshaw,2,Drunk Driving,1,0,0,0,5,1,Medium
2018,11,Tuesday,8,Sindh,Hyderabad,Rural Road,Under Repair,Rainy,Daylight,Rickshaw,2,Wrong Overtaking,1,0,0,1,0,0,Low
2020,12,Wednesday,19,Balochistan,Loralai,National Highway,Good,Extreme Heat,Street Light,Truck/Lorry,1,Mechanical Failure,1,0,0,1,1,0,Medium
2020,3,Tuesday,8,Balochistan,Chaman,Provincial Highway,Good,Clear,Daylight,Bicycle,1,Wrong Overtaking,1,0,0,0,4,1,Medium
2019,7,Friday,12,Punjab,Bahawalpur,National Highway,Good,Clear,Daylight,Car/Taxi,1,Over Speeding,1,0,0,0,2,0,High
2023,7,Sunday,5,Punjab,Lahore,Urban Road,Good,Clear,No Light,Rickshaw,1,Signal Violation,0,1,1,0,2,0,Low
2023,1,Friday,21,Punjab,Rahim Yar Khan,Urban Road,Average,Foggy,No Light,Motorcycle,2,Wrong Overtaking,0,0,0,1,4,2,Medium
2020,6,Tuesday,8,Punjab,Lahore,Rural Road,Average,Clear,Daylight,Other,1,Pedestrian Error,1,0,0,0,0,0,Low
2018,11,Monday,15,Sindh,Kashmore,Provincial Highway,Average,Clear,Street Light,Car/Taxi,2,Over Speeding,0,0,0,1,5,1,Medium
2022,5,Monday,20,Balochistan,Gwadar,National Highway,Poor,Clear,Street Light,Motorcycle,2,Weather Condition,1,0,0,0,3,2,Medium
2018,2,Monday,14,Punjab,Faisalabad,Motorway,Poor,Foggy,Daylight,Car/Taxi,1,Mobile Phone Use,0,0,0,1,4,0,Medium
2021,6,Tuesday,3,KPK,Dera Ismail Khan,National Highway,Average,Foggy,No Light,Motorcycle,2,Over Speeding,0,0,1,0,3,0,High
2022,7,Monday,18,Sindh,Larkana,Provincial Highway,Poor,Dusty/Smoggy,Daylight,Motorcycle,3,Signal Violation,1,0,0,0,5,0,High
2023,9,Monday,20,Punjab,Sialkot,Provincial Highway,Poor,Clear,Street Light,Car/Taxi,1,Signal Violation,1,0,0,0,2,0,Low
2022,12,Saturday,18,Punjab,Rawalpindi,Urban Road,Average,Foggy,Daylight,Rickshaw,2,Drunk Driving,1,1,0,1,2,0,Medium