year,month,day_of_week,hour_of_day,province,district,road_type,road_condition,weather_condition,lighting_condition,vehicle_type,vehicles_involved,accident_cause,is_rush_hour,is_weekend,is_night,is_foggy_month,num_injured,num_killed,severity
2023,4,Wednesday,23,KPK,Dera Ismail Khan,Rural Road,Average,Clear,No Light,Motorcycle,4,Mechanical Failure,0,0,1,0,4,0,Medium
2023,7,Tuesday,13,Balochistan,Khuzdar,National Highway,Average,Foggy,Daylight,Bicycle,1,Over Speeding,1,0,0,0,8,0,High
2018,6,Wednesday,12,KPK,Peshawar,National Highway,Average,Clear,Daylight,Car/Taxi,4,Signal Violation,1,0,0,0,0,0,Low
2020,12,Wednesday,19,Punjab,Gujranwala,Urban Road,Poor,Extreme Heat,Daylight,Car/Taxi,1,Over Speeding,1,0,0,1,2,0,Medium
2022,8,Sunday,5,Punjab,Sargodha,Rural Road,Average,Foggy,Dawn/Dusk,Motorcycle,3,Driver Fatigue,0,1,1,0,7,1,High
2018,7,Monday,20,Punjab,Sialkot,National Highway,Under Repair,Rainy,No Light,Rickshaw,2,Road Condition,1,0,0,0,2,1,Medium
2019,12,Saturday,13,Sindh,Larkana,Motorway,Good,Clear,Daylight,Other,3,Signal Violation,1,1,0,1,2,0,Medium
2023,1,Thursday,10,KPK,Mansehra,Urban Road,Good,Clear,Street Light,Rickshaw,2,Signal Violation,0,0,0,1,0,0,Low
2023,6,Friday,18,Punjab,Rawalpindi,Provincial Highway,Average,Rainy,Daylight,Rickshaw,3,Drunk Driving,1,0,0,0,9,1,High
2023,9,Saturday,13,KPK,Abbottabad,Urban Road,Under Repair,Clear,Daylight,Motorcycle,3,Over Speeding,1,1,0,0,5,1,Medium
2021,3,Thursday,9,Sindh,Jacobabad,National Highway,Poor,Foggy,Daylight,Truck/Lorry,2,Signal Violation,1,0,0,0,10,2,High
2023,5,Tuesday,17,KPK,Bannu,Rural Road,Good,Foggy,Daylight,Truck/Lorry,1,Over Speeding,1,0,0,0,2,1,High
2020,12,Thursday,8,AJK,Muzaffarabad,Provincial Highway,Good,Rainy,Street Light,Truck/Lorry,3,Over Speeding,1,0,0,1,7,4,High
2022,7,Friday,17,Punjab,Multan,National Highway,Poor,Extreme Heat,Dawn/Dusk,Rickshaw,2,Drunk Driving,1,0,0,0,2,2,High
2018,12,Monday,13,Balochistan,Dera Bugti,Urban Road,Good,Clear,Daylight,Motorcycle,1,Wrong Overtaking,1,0,0,1,2,0,Low
2019,9,Saturday,18,Punjab,Gujranwala,National Highway,Good,Rainy,Daylight,Motorcycle,4,Drunk Driving,1,1,0,0,2,1,High
2022,8,Thursday,12,Punjab,Faisalabad,Provincial Highway,Good,Clear,Dawn/Dusk,Rickshaw,3,Driver Fatigue,1,0,0,0,4,1,Medium
2021,9,Friday,20,Balochistan,Dera Bugti,Rural Road,Average,Foggy,Street Light,Motorcycle,3,Over Speeding,1,0,0,0,3,0,Medium
2019,5,Saturday,23,Balochistan,Khuzdar,Urban Road,Average,Clear,No Light,Motorcycle,1,Road Condition,0,1,1,0,5,0,Medium
2023,4,Tuesday,16,Sindh,Mirpur Khas,National Highway,Good,Foggy,Dawn/Dusk,Truck/Lorry,1,Signal Violation,0,0,0,0,1,0,Medium
2021,11,Wednesday,21,Sindh,Thatta,Rural Road,Good,Clear,No Light,Car/Taxi,1,Driver Fatigue,0,0,0,1,2,0,Low
2023,6,Friday,18,KPK,Abbottabad,Rural Road,Good,Clear,Daylight,Motorcycle,3,Wrong Overtaking,1,0,0,0,5,0,Medium
2023,12,Friday,10,KPK,Abbottabad,Urban Road,Good,Foggy,Daylight,Motorcycle,4,Mechanical Failure,0,0,0,1,3,0,Medium
2018,2,Saturday,19,Punjab,Sialkot,National Highway,Good,Rainy,Street Light,Motorcycle,1,Mechanical Failure,1,1,0,1,4,0,Medium
2019,2,Sunday,8,KPK,Charsadda,Urban Road,Average,Rainy,Daylight,Car/Taxi,2,Over Speeding,1,1,0,1,1,0,Low
2019,6,Friday,21,Sindh,Karachi,Rural Road,Poor,Rainy,No Light,Car/Taxi,3,Mechanical Failure,0,0,0,0,2,0,Low
2021,3,Sunday,14,Sindh,Jacobabad,Urban Road,Poor,Foggy,Daylight,Motorcycle,3,Wrong Overtaking,0,1,0,0,2,0,Medium
2018,1,Saturday,18,Sindh,Jacobabad,Provincial Highway,Average,Rainy,Daylight,Car/Taxi,2,Pedestrian Error,1,1,0,1,1,0,Low
2022,9,Thursday,1,Sindh,Sukkur,Rural Road,Good,Clear,No Light,Motorcycle,2,Mobile Phone Use,0,0,1,0,1,1,Medium
2023,7,Thursday,19,Islamabad,Islamabad,National Highway,Under Repair,Foggy,Dawn/Dusk,Car/Taxi,2,Road Condition,1,0,0,0,1,0,Low
2019,6,Sunday,13,Sindh,Sukkur,Provincial Highway,Under Repair,Clear,Daylight,Motorcycle,3,Pedestrian Error,1,1,0,0,3,0,Medium
2019,6,Saturday,17,Islamabad,Islamabad,Provincial Highway,Poor,Clear,Dawn/Dusk,Car/Taxi,2,Over Speeding,1,1,0,0,1,0,Low
2023,11,Friday,7,Punjab,Sheikhupura,Rural Road,Good,Clear,Daylight,Bicycle,4,Pedestrian Error,1,0,0,1,3,0,Medium
2020,9,Sunday,9,KPK,Dera Ismail Khan,National Highway,Average,Clear,Daylight,Car/Taxi,1,Wrong Overtaking,1,1,0,0,0,0,Low
2020,7,Friday,14,KPK,Peshawar,Rural Road,Good,Dusty/Smoggy,Daylight,Motorcycle,4,Over Speeding,0,0,0,0,1,0,Medium
2022,2,Friday,12,KPK,Peshawar,Provincial Highway,Poor,Dusty/Smoggy,Street Light,Motorcycle,3,Road Condition,1,0,0,1,3,1,Medium
2019,9,Saturday,17,Sindh,Hyderabad,Urban Road,Poor,Clear,Daylight,Motorcycle,1,Over Speeding,1,1,0,0,8,1,High
2021,7,Wednesday,16,Sindh,Nawabshah,National Highway,Average,Foggy,Daylight,Truck/Lorry,2,Signal Violation,0,0,0,0,3,1,Medium
2020,12,Friday,12,Balochistan,Chaman,Urban Road,Good,Rainy,Daylight,Motorcycle,2,Road Condition,1,0,0,1,0,0,Low
2019,12,Friday,11,KPK,Dera Ismail Khan,National Highway,Poor,Extreme Heat,Daylight,Car/Taxi,4,Signal Violation,0,0,0,1,2,0,Medium
2021,7,Tuesday,13,Punjab,Lahore,Provincial Highway,Good,Clear,Daylight,Motorcycle,2,Over Speeding,1,0,0,0,8,0,High
2021,9,Monday,15,Balochistan,Quetta,Provincial Highway,Good,Clear,Daylight,Motorcycle,1,Wrong Overtaking,0,0,0,0,2,1,Medium
2023,10,Monday,18,Punjab,Faisalabad,Motorway,Average,Clear,Dawn/Dusk,Car/Taxi,1,Road Condition,1,0,0,0,5,1,Medium
2022,8,Tuesday,9,Punjab,Sargodha,Provincial Highway,Poor,Rainy,Dawn/Dusk,Motorcycle,4,Over Speeding,1,0,0,0,2,1,High
2020,12,Monday,15,Balochistan,Gwadar,Provincial Highway,Average,Clear,Daylight,Rickshaw,2,Wrong Overtaking,0,0,0,1,0,0,Low
2021,10,Tuesday,9,Sindh,Karachi,Urban Road,Average,Clear,Daylight,Motorcycle,2,Mechanical Failure,1,0,0,0,1,0,Low
2022,3,Sunday,9,KPK,Charsadda,Provincial Highway,Good,Clear,No Light,Motorcycle,2,Pedestrian Error,1,1,0,0,2,0,Low
2020,3,Saturday,14,Punjab,Multan,Rural Road,Average,Rainy,Daylight,Motorcycle,3,Wrong Overtaking,0,1,0,0,8,2,High
2022,5,Friday,2,Punjab,Sargodha,Provincial Highway,Average,Rainy,No Light,Motorcycle,4,Over Speeding,0,0,1,0,2,2,High
2019,6,Saturday,4,Sindh,Thatta,Rural Road,Poor,Clear,Street Light,Motorcycle,2,Driver Fatigue,0,1,1,0,5,2,High
2021,7,Saturday,18,Punjab,Lahore,Urban Road,Under Repair,Clear,Daylight,Motorcycle,2,Wrong Overtaking,1,1,0,0,1,0,Low
2021,1,Friday,21,KPK,Mardan,Urban Road,Under Repair,Clear,Street Light,Bus/Coach,1,Pedestrian Error,0,0,0,1,1,0,Low
2019,1,Saturday,1,Punjab,Faisalabad,Urban Road,Poor,Foggy,No Light,Car/Taxi,1,Over Speeding,0,1,1,1,4,0,Medium
2018,5,Monday,23,Sindh,Mirpur Khas,Provincial Highway,Poor,Dusty/Smoggy,No Light,Van/Pickup,2,Wrong Overtaking,0,0,1,0,0,0,Low
2022,12,Monday,19,Punjab,Gujranwala,Provincial Highway,Average,Rainy,Street Light,Bus/Coach,1,Wrong Overtaking,1,0,0,1,4,0,High
2020,12,Tuesday,18,Punjab,Sialkot,Rural Road,Average,Clear,Daylight,Motorcycle,2,Driver Fatigue,1,0,0,1,1,0,Medium
2022,12,Monday,9,KPK,Mardan,Urban Road,Good,Clear,Daylight,Car/Taxi,1,Road Condition,1,0,0,1,1,0,Low
2021,12,Sunday,6,Punjab,Bahawalpur,National Highway,Good,Clear,Daylight,Car/Taxi,2,Over Speeding,0,1,0,1,10,4,High
2022,3,Thursday,21,Sindh,Karachi,Urban Road,Poor,Rainy,No Light,Car/Taxi,1,Pedestrian Error,0,0,0,0,1,0,Low
2018,1,Wednesday,11,Balochistan,Sibi,National Highway,Good,Foggy,Street Light,Motorcycle,2,Over Speeding,0,0,0,1,4,4,High
2021,12,Saturday,13,KPK,Kohat,Motorway,Average,Rainy,Daylight,Bus/Coach,1,Over Speeding,1,1,0,1,11,1,High
2019,12,Thursday,17,KPK,Dera Ismail Khan,Provincial Highway,Good,Clear,Daylight,Motorcycle,1,Over Speeding,1,0,0,1,5,1,High
2023,1,Thursday,18,Punjab,Bahawalpur,National Highway,Poor,Foggy,Dawn/Dusk,Van/Pickup,2,Mobile Phone Use,1,0,0,1,2,0,Low
2019,1,Monday,21,Punjab,Bahawalpur,National Highway,Average,Foggy,No Light,Van/Pickup,1,Wrong Overtaking,0,0,0,1,3,1,Medium
2020,12,Tuesday,16,Balochistan,Turbat,Motorway,Good,Rainy,Daylight,Motorcycle,4,Over Speeding,0,0,0,1,7,1,High
2018,5,Sunday,13,KPK,Bannu,Provincial Highway,Poor,Clear,Daylight,Van/Pickup,1,Signal Violation,1,1,0,0,1,1,Low
2022,12,Thursday,22,Sindh,Nawabshah,Motorway,Average,Clear,Street Light,Motorcycle,2,Wrong Overtaking,0,0,1,1,6,2,High
2021,8,Sunday,16,KPK,Abbottabad,Provincial Highway,Poor,Foggy,Daylight,Motorcycle,3,Road Condition,0,1,0,0,2,0,Medium
2019,7,Friday,9,Punjab,Lahore,National Highway,Poor,Clear,Daylight,Motorcycle,4,Road Condition,1,0,0,0,3,0,Medium
2022,1,Thursday,15,Punjab,Sheikhupura,Rural Road,Poor,Foggy,Daylight,Motorcycle,3,Mechanical Failure,0,0,0,1,2,0,Medium
2022,7,Wednesday,19,KPK,Abbottabad,Rural Road,Poor,Clear,Street Light,Car/Taxi,2,Over Speeding,1,0,0,0,0,0,Low
2022,1,Saturday,16,KPK,Peshawar,Provincial Highway,Good,Clear,Daylight,Motorcycle,4,Pedestrian Error,0,1,0,1,0,0,Low
2022,1,Thursday,13,Sindh,Mirpur Khas,Urban Road,Poor,Dusty/Smoggy,Daylight,Van/Pickup,2,Pedestrian Error,1,0,0,1,0,0,Low
2023,9,Friday,10,Balochistan,Chaman,National Highway,Good,Foggy,Street Light,Bicycle,1,Mechanical Failure,0,0,0,0,2,0,Medium
2022,6,Thursday,10,Punjab,Sargodha,Urban Road,Average,Clear,Daylight,Motorcycle,1,Over Speeding,0,0,0,0,5,0,Medium
2022,1,Saturday,11,Punjab,Gujranwala,National Highway,Poor,Rainy,Daylight,Motorcycle,2,Road Condition,0,1,0,1,6,0,High
2020,7,Saturday,21,Balochistan,Turbat,Provincial Highway,Good,Dusty/Smoggy,Street Light,Car/Taxi,2,Wrong Overtaking,0,1,0,0,1,0,Low
2018,12,Thursday,7,KPK,Mardan,Provincial Highway,Good,Clear,Daylight,Bus/Coach,2,Pedestrian Error,1,0,0,1,1,0,Low
2022,12,Thursday,21,Sindh,Sukkur,Provincial Highway,Poor,Dusty/Smoggy,Street Light,Rickshaw,2,Over Speeding,0,0,0,1,3,0,Medium
2023,10,Monday,9,Punjab,Sialkot,Provincial Highway,Average,Clear,Daylight,Motorcycle,2,Signal Violation,1,0,0,0,3,2,Medium
2021,6,Wednesday,7,Punjab,Multan,Urban Road,Poor,Clear,Daylight,Motorcycle,1,Over Speeding,1,0,0,0,2,0,Medium
2021,2,Thursday,20,Sindh,Dadu,Provincial Highway,Poor,Clear,Street Light,Rickshaw,1,Mechanical Failure,1,0,0,1,0,0,Low
2023,6,Tuesday,6,Punjab,Rawalpindi,Provincial Highway,Poor,Clear,Daylight,Motorcycle,1,Pedestrian Error,0,0,0,0,0,0,Low
2019,7,Friday,20,KPK,Mansehra,Urban Road,Average,Clear,Street Light,Motorcycle,1,Drunk Driving,1,0,0,0,4,0,Medium
2019,1,Tuesday,6,Islamabad,Islamabad,Rural Road,Good,Extreme Heat,Daylight,Motorcycle,4,Driver Fatigue,0,0,0,1,4,2,High
2019,9,Monday,7,KPK,Swat,Provincial Highway,Average,Clear,Daylight,Car/Taxi,2,Pedestrian Error,1,0,0,0,1,0,Low
2020,11,Monday,23,Punjab,Lahore,Provincial Highway,Under Repair,Clear,Street Light,Van/Pickup,3,Wrong Overtaking,0,0,1,1,2,0,Medium
2018,6,Saturday,22,KPK,Peshawar,Rural Road,Good,Rainy,Street Light,Truck/Lorry,2,Weather Condition,0,1,1,0,5,0,Medium
2019,7,Thursday,14,Punjab,Bahawalpur,National Highway,Good,Foggy,No Light,Car/Taxi,3,Road Condition,0,0,0,0,5,0,Medium
2021,10,Sunday,14,Punjab,Rawalpindi,Provincial Highway,Average,Clear,Daylight,Rickshaw,2,Over Speeding,0,1,0,0,1,0,Medium
2019,5,Monday,15,Punjab,Faisalabad,National Highway,Average,Foggy,Daylight,Motorcycle,1,Weather Condition,0,0,0,0,4,4,High
2022,3,Wednesday,22,Punjab,Lahore,Provincial Highway,Poor,Foggy,Street Light,Bicycle,2,Wrong Overtaking,0,0,1,0,2,0,High
2020,6,Monday,6,Balochistan,Chaman,National Highway,Good,Dusty/Smoggy,Daylight,Motorcycle,2,Signal Violation,0,0,0,0,11,0,High
2022,8,Saturday,1,Punjab,Sheikhupura,Urban Road,Poor,Rainy,Street Light,Car/Taxi,2,Mechanical Failure,0,1,1,0,3,1,Medium
2021,2,Friday,21,Punjab,Lahore,Provincial Highway,Good,Dusty/Smoggy,No Light,Car/Taxi,3,Wrong Overtaking,0,0,0,1,1,0,Low
2020,8,Sunday,8,Islamabad,Islamabad,National Highway,Poor,Clear,Daylight,Bus/Coach,2,Over Speeding,1,1,0,0,10,2,High
2022,4,Wednesday,19,Punjab,Bahawalpur,Provincial Highway,Average,Rainy,Dawn/Dusk,Bicycle,1,Wrong Overtaking,1,0,0,0,4,3,High
2020,12,Wednesday,16,KPK,Peshawar,Urban Road,Average,Clear,Daylight,Motorcycle,1,Over Speeding,0,0,0,1,9,0,High
2019,1,Thursday,11,Punjab,Rahim Yar Khan,National Highway,Average,Foggy,Daylight,Car/Taxi,2,Pedestrian Error,0,0,0,1,1,0,Low
2021,1,Monday,16,Punjab,Faisalabad,National Highway,Good,Extreme Heat,Daylight,Van/Pickup,2,Over Speeding,0,0,0,1,9,0,High
2020,8,Wednesday,10,Balochistan,Quetta,Rural Road,Average,Rainy,Daylight,Car/Taxi,1,Mechanical Failure,0,0,0,0,1,0,Low
2019,2,Saturday,9,Punjab,Faisalabad,Urban Road,Under Repair,Clear,Daylight,Car/Taxi,1,Signal Violation,1,1,0,1,2,0,Low
2018,1,Tuesday,20,Sindh,Hyderabad,National Highway,Average,Clear,Street Light,Car/Taxi,2,Over Speeding,1,0,0,1,1,0,Medium
2021,6,Tuesday,9,Punjab,Gujranwala,Urban Road,Poor,Rainy,Dawn/Dusk,Motorcycle,2,Wrong Overtaking,1,0,0,0,5,4,High
2021,5,Monday,10,Punjab,Rahim Yar Khan,Rural Road,Average,Dusty/Smoggy,Daylight,Rickshaw,3,Wrong Overtaking,0,0,0,0,1,1,Low
2019,12,Friday,16,Punjab,Rawalpindi,Motorway,Average,Foggy,Daylight,Rickshaw,4,Road Condition,0,0,0,1,2,1,Medium
2020,3,Friday,10,Punjab,Lahore,Rural Road,Good,Foggy,Daylight,Van/Pickup,4,Wrong Overtaking,0,0,0,0,2,0,Low
2018,3,Tuesday,21,Punjab,Rahim Yar Khan,Urban Road,Good,Clear,No Light,Motorcycle,3,Over Speeding,0,0,0,0,5,0,Medium
2022,12,Friday,6,KPK,Mardan,Rural Road,Good,Clear,Daylight,Motorcycle,1,Wrong Overtaking,0,0,0,1,3,0,Medium
2019,3,Friday,8,Sindh,Larkana,Provincial Highway,Poor,Clear,Daylight,Motorcycle,2,Over Speeding,1,0,0,0,4,0,Medium
2023,10,Wednesday,21,Punjab,Sargodha,Provincial Highway,Good,Clear,Street Light,Rickshaw,4,Road Condition,0,0,0,0,0,0,Low
2020,5,Saturday,16,Punjab,Lahore,Urban Road,Poor,Extreme Heat,Daylight,Car/Taxi,2,Wrong Overtaking,0,1,0,0,1,0,Low
2023,12,Wednesday,17,Islamabad,Islamabad,Rural Road,Average,Clear,Daylight,Car/Taxi,2,Over Speeding,1,0,0,1,0,0,Low
2022,8,Saturday,17,Balochistan,Hub,National Highway,Poor,Clear,Daylight,Bus/Coach,1,Road Condition,1,1,0,0,1,1,Medium
2021,4,Tuesday,20,KPK,Mardan,Provincial Highway,Good,Dusty/Smoggy,Street Light,Bus/Coach,2,Road Condition,1,0,0,0,2,0,Medium
2020,7,Sunday,8,Balochistan,Chaman,Urban Road,Good,Clear,Dawn/Dusk,Car/Taxi,2,Pedestrian Error,1,1,0,0,0,0,Low
2023,4,Sunday,10,Punjab,Faisalabad,National Highway,Poor,Clear,Daylight,Motorcycle,1,Over Speeding,0,1,0,0,6,2,High
2021,12,Thursday,21,Punjab,Multan,National Highway,Poor,Dusty/Smoggy,Street Light,Motorcycle,2,Signal Violation,0,0,0,1,5,0,Medium
2018,3,Sunday,14,Sindh,Nawabshah,Provincial Highway,Poor,Clear,Daylight,Motorcycle,2,Over Speeding,0,1,0,0,3,1,High
2022,12,Tuesday,21,Sindh,Dadu,Motorway,Good,Clear,No Light,Car/Taxi,4,Over Speeding,0,0,0,1,7,0,High
2023,8,Sunday,11,Sindh,Kashmore,Urban Road,Average,Clear,Daylight,Motorcycle,1,Road Condition,0,1,0,0,2,1,Medium
2023,6,Saturday,20,Punjab,Multan,Rural Road,Good,Clear,No Light,Motorcycle,1,Signal Violation,1,1,0,0,1,0,Medium
2021,12,Saturday,21,AJK,Rawalakot,National Highway,Poor,Foggy,Street Light,Car/Taxi,3,Wrong Overtaking,0,1,0,1,3,0,Medium
2020,1,Saturday,10,KPK,Peshawar,Provincial Highway,Poor,Clear,No Light,Truck/Lorry,4,Road Condition,0,1,0,1,2,0,Low
2023,5,Tuesday,21,Sindh,Mirpur Khas,Rural Road,Poor,Clear,Street Light,Truck/Lorry,1,Over Speeding,0,0,0,0,2,1,Medium
2023,6,Friday,10,KPK,Kohat,Rural Road,Average,Clear,Daylight,Bus/Coach,1,Pedestrian Error,0,0,0,0,0,0,Low
2018,8,Saturday,22,Punjab,Lahore,Motorway,Good,Foggy,No Light,Rickshaw,2,Signal Violation,0,1,1,0,3,0,Medium
2020,5,Thursday,9,Punjab,Sialkot,Rural Road,Good,Clear,Daylight,Van/Pickup,2,Over Speeding,1,0,0,0,2,0,Low
2021,3,Thursday,20,Punjab,Sheikhupura,Rural Road,Poor,Foggy,No Light,Car/Taxi,2,Wrong Overtaking,1,0,0,0,4,0,Medium
2022,1,Tuesday,11,Punjab,Sargodha,National Highway,Poor,Clear,Street Light,Motorcycle,3,Driver Fatigue,0,0,0,1,5,1,High
2018,9,Tuesday,8,Punjab,Faisalabad,National Highway,Average,Clear,Daylight,Motorcycle,4,Driver Fatigue,1,0,0,0,8,0,High
2023,6,Tuesday,19,KPK,Swat,Urban Road,Poor,Foggy,Daylight,Motorcycle,1,Wrong Overtaking,1,0,0,0,5,0,Medium
2023,5,Monday,2,Punjab,Bahawalpur,Urban Road,Good,Rainy,Street Light,Car/Taxi,3,Over Speeding,0,0,1,0,5,2,Medium
2018,9,Thursday,20,Sindh,Karachi,Rural Road,Average,Clear,Street Light,Motorcycle,2,Mechanical Failure,1,0,0,0,0,0,Low
2022,2,Thursday,7,Punjab,Sialkot,Urban Road,Under Repair,Foggy,Daylight,Rickshaw,1,Over Speeding,1,0,0,1,2,0,Low
2018,2,Thursday,14,Punjab,Rawalpindi,Provincial Highway,Good,Foggy,Daylight,Car/Taxi,2,Wrong Overtaking,0,0,0,1,1,0,Low
2021,9,Friday,19,Balochistan,Khuzdar,Rural Road,Average,Extreme Heat,Street Light,Car/Taxi,1,Road Condition,1,0,0,0,1,0,Low
2020,4,Thursday,12,Sindh,Karachi,National Highway,Good,Dusty/Smoggy,Street Light,Motorcycle,2,Over Speeding,1,0,0,0,3,1,High
2023,11,Saturday,9,Islamabad,Islamabad,Provincial Highway,Good,Foggy,Daylight,Rickshaw,1,Over Speeding,1,1,0,1,2,0,High
2022,8,Saturday,21,Gilgit-Baltistan,Skardu,National Highway,Good,Dusty/Smoggy,Street Light,Truck/Lorry,3,Signal Violation,0,1,0,0,7,3,High
2018,12,Tuesday,20,Punjab,Bahawalpur,Rural Road,Average,Clear,No Light,Car/Taxi,2,Pedestrian Error,1,0,0,1,0,0,Low
2023,12,Friday,17,Punjab,Gujranwala,Urban Road,Good,Clear,Daylight,Motorcycle,1,Drunk Driving,1,0,0,1,11,2,High
2019,6,Wednesday,16,Balochistan,Quetta,National Highway,Good,Clear,Daylight,Car/Taxi,4,Wrong Overtaking,0,0,0,0,2,0,Medium
2018,6,Tuesday,10,Gilgit-Baltistan,Gilgit,Provincial Highway,Good,Clear,Street Light,Car/Taxi,2,Mechanical Failure,0,0,0,0,1,0,Low
2021,12,Friday,19,Sindh,Mirpur Khas,Urban Road,Average,Rainy,No Light,Motorcycle,2,Drunk Driving,1,0,0,1,7,0,High
2023,1,Thursday,20,KPK,Kohat,Rural Road,Poor,Rainy,Street Light,Rickshaw,1,Signal Violation,1,0,0,1,1,0,Low
2021,5,Thursday,17,KPK,Bannu,National Highway,Poor,Dusty/Smoggy,Daylight,Rickshaw,4,Over Speeding,1,0,0,0,1,0,Medium
2022,7,Sunday,20,Punjab,Rahim Yar Khan,National Highway,Good,Foggy,Street Light,Motorcycle,2,Over Speeding,1,1,0,0,6,3,High
2021,7,Wednesday,12,Sindh,Sukkur,Provincial Highway,Under Repair,Clear,Dawn/Dusk,Van/Pickup,1,Over Speeding,1,0,0,0,5,1,Medium
2019,6,Monday,5,KPK,Bannu,Urban Road,Average,Clear,Dawn/Dusk,Rickshaw,4,Road Condition,0,0,1,0,0,0,Low
2020,11,Sunday,13,KPK,Charsadda,Rural Road,Poor,Clear,Daylight,Car/Taxi,2,Driver Fatigue,1,1,0,1,2,0,Low
2022,6,Monday,19,Punjab,Rahim Yar Khan,Provincial Highway,Poor,Rainy,Street Light,Car/Taxi,4,Driver Fatigue,1,0,0,0,2,0,Medium
2020,4,Wednesday,16,Punjab,Faisalabad,Provincial Highway,Good,Foggy,Daylight,Motorcycle,1,Pedestrian Error,0,0,0,0,1,1,Medium
2022,12,Thursday,14,Punjab,Sheikhupura,Rural Road,Average,Foggy,Daylight,Bus/Coach,3,Wrong Overtaking,0,0,0,1,1,2,Medium
2019,10,Friday,17,Punjab,Gujranwala,Motorway,Good,Foggy,Daylight,Car/Taxi,2,Pedestrian Error,1,0,0,0,0,0,Low
2018,12,Saturday,13,Balochistan,Chaman,National Highway,Good,Clear,Daylight,Motorcycle,3,Over Speeding,1,1,0,1,4,1,High
2021,6,Friday,23,Punjab,Bahawalpur,Urban Road,Under Repair,Clear,No Light,Rickshaw,1,Mechanical Failure,0,0,1,0,0,0,Low
2023,11,Saturday,15,Punjab,Multan,Provincial Highway,Good,Clear,Daylight,Car/Taxi,1,Drunk Driving,0,1,0,1,4,2,Medium
2023,10,Friday,10,Punjab,Lahore,Rural Road,Poor,Clear,Daylight,Car/Taxi,2,Driver Fatigue,0,0,0,0,0,0,Low
2023,12,Monday,18,Sindh,Dadu,Provincial Highway,Poor,Clear,Daylight,Rickshaw,1,Road Condition,1,0,0,1,1,0,Low
2021,2,Sunday,13,Sindh,Nawabshah,Rural Road,Good,Clear,No Light,Car/Taxi,1,Driver Fatigue,1,1,0,1,4,0,Medium
2023,9,Wednesday,1,Punjab,Faisalabad,Provincial Highway,Under Repair,Clear,Street Light,Motorcycle,2,Pedestrian Error,0,0,1,0,5,2,Medium
2022,7,Friday,15,Punjab,Multan,Urban Road,Poor,Clear,Daylight,Motorcycle,2,Pedestrian Error,0,0,0,0,1,0,Low
2023,1,Friday,7,Punjab,Rahim Yar Khan,Provincial Highway,Good,Clear,Daylight,Car/Taxi,2,Signal Violation,1,0,0,1,1,1,Medium
2020,12,Tuesday,23,Sindh,Mirpur Khas,Provincial Highway,Under Repair,Clear,No Light,Motorcycle,4,Signal Violation,0,0,1,1,7,1,High
2023,1,Sunday,23,Punjab,Sialkot,Urban Road,Good,Rainy,No Light,Motorcycle,3,Road Condition,0,1,1,1,8,0,High
2023,9,Saturday,16,Islamabad,Islamabad,National Highway,Under Repair,Clear,Daylight,Motorcycle,3,Signal Violation,0,1,0,0,8,2,High
2022,1,Tuesday,16,Sindh,Mirpur Khas,National Highway,Average,Clear,Dawn/Dusk,Truck/Lorry,1,Pedestrian Error,0,0,0,1,2,0,Medium
2019,12,Thursday,18,Punjab,Sheikhupura,National Highway,Under Repair,Clear,Daylight,Motorcycle,2,Over Speeding,1,0,0,1,4,0,High
2019,3,Saturday,19,KPK,Dera Ismail Khan,Provincial Highway,Good,Foggy,Dawn/Dusk,Motorcycle,4,Road Condition,1,1,0,0,5,1,Medium
2023,2,Monday,18,Punjab,Faisalabad,Urban Road,Good,Dusty/Smoggy,Street Light,Motorcycle,3,Signal Violation,1,0,0,1,5,0,Medium
2023,12,Saturday,19,Sindh,Sukkur,National Highway,Under Repair,Dusty/Smoggy,Daylight,Motorcycle,2,Signal Violation,1,1,0,1,4,2,High
2022,6,Thursday,15,Punjab,Rahim Yar Khan,National Highway,Average,Dusty/Smoggy,Daylight,Car/Taxi,2,Road Condition,0,0,0,0,3,0,Medium
2022,1,Tuesday,10,Sindh,Sukkur,Rural Road,Under Repair,Foggy,Daylight,Car/Taxi,3,Over Speeding,0,0,0,1,1,1,Low
2023,2,Wednesday,7,KPK,Abbottabad,Provincial Highway,Poor,Clear,Dawn/Dusk,Van/Pickup,3,Pedestrian Error,1,0,0,1,2,0,Low
2023,10,Saturday,14,Islamabad,Islamabad,National Highway,Under Repair,Foggy,Dawn/Dusk,Motorcycle,1,Over Speeding,0,1,0,0,6,1,High
2020,11,Saturday,23,Punjab,Sialkot,Provincial Highway,Good,Clear,No Light,Bus/Coach,3,Over Speeding,0,1,1,1,11,1,High
2020,5,Sunday,14,Punjab,Bahawalpur,Provincial Highway,Good,Clear,Daylight,Bus/Coach,2,Wrong Overtaking,0,1,0,0,2,1,Medium
2020,8,Saturday,6,Sindh,Mirpur Khas,National Highway,Good,Clear,Daylight,Car/Taxi,2,Wrong Overtaking,0,1,0,0,2,0,Low
2020,12,Wednesday,9,Islamabad,Islamabad,Urban Road,Good,Clear,Daylight,Motorcycle,3,Signal Violation,1,0,0,1,1,0,Medium
2018,8,Saturday,4,Balochistan,Zhob,Rural Road,Good,Clear,No Light,Motorcycle,3,Wrong Overtaking,0,1,1,0,3,0,High
2020,12,Friday,6,Punjab,Lahore,Rural Road,Good,Clear,Daylight,Truck/Lorry,1,Mechanical Failure,0,0,0,1,2,0,Low