year,month,day_of_week,hour_of_day,province,district,road_type,road_condition,weather_condition,lighting_condition,vehicle_type,vehicles_involved,accident_cause,is_rush_hour,is_weekend,is_night,is_foggy_month,num_injured,num_killed,severity
2023,7,Saturday,0,Punjab,Rahim Yar Khan,Urban Road,Good,Extreme Heat,Street Light,Car/Taxi,3,Wrong Overtaking,0,1,1,0,2,0,Low
2020,1,Wednesday,12,Sindh,Sukkur,Provincial Highway,Average,Clear,Daylight,Motorcycle,1,Wrong Overtaking,1,0,0,1,11,3,High
2021,8,Friday,11,Punjab,Multan,Rural Road,Good,Clear,Dawn/Dusk,Car/Taxi,2,Mechanical Failure,0,0,0,0,2,0,Low
2021,11,Saturday,18,Punjab,Sargodha,National Highway,Good,Clear,Daylight,Rickshaw,2,Mechanical Failure,1,1,0,1,2,0,Low
2022,10,Sunday,12,Punjab,Gujranwala,Provincial Highway,Poor,Clear,Daylight,Bus/Coach,1,Wrong Overtaking,1,1,0,0,4,0,Medium
2023,1,Monday,19,Sindh,Karachi,Provincial Highway,Good,Dusty/Smoggy,Dawn/Dusk,Motorcycle,3,Road Condition,1,0,0,1,1,0,Low
2018,5,Thursday,16,Islamabad,Islamabad,Provincial Highway,Under Repair,Foggy,Daylight,Motorcycle,3,Driver Fatigue,0,0,0,0,9,1,High
2023,3,Monday,19,Gilgit-Baltistan,Hunza,Urban Road,Poor,Clear,Street Light,Car/Taxi,3,Driver Fatigue,1,0,0,0,1,0,Low
2023,5,Friday,16,Punjab,Faisalabad,Urban Road,Good,Foggy,Street Light,Car/Taxi,1,Mobile Phone Use,0,0,0,0,2,0,Low
2021,7,Saturday,20,Sindh,Nawabshah,Urban Road,Good,Clear,Street Light,Motorcycle,2,Road Condition,1,1,0,0,2,0,Medium
2019,5,Thursday,9,Balochistan,Hub,National Highway,Under Repair,Clear,Street Light,Bus/Coach,2,Wrong Overtaking,1,0,0,0,7,1,High
2022,12,Friday,18,Punjab,Rawalpindi,Provincial Highway,Average,Extreme Heat,No Light,Rickshaw,2,Wrong Overtaking,1,0,0,1,2,0,Low
2020,12,Thursday,10,KPK,Mardan,Urban Road,Average,Clear,Daylight,Bus/Coach,2,Mechanical Failure,0,0,0,1,0,0,Low
2020,11,Monday,21,Punjab,Lahore,Rural Road,Average,Dusty/Smoggy,Street Light,Motorcycle,2,Pedestrian Error,0,0,0,1,1,0,Low
2022,11,Friday,10,Punjab,Faisalabad,National Highway,Average,Clear,Daylight,Motorcycle,3,Over Speeding,0,0,0,1,7,1,High
2023,4,Wednesday,12,Punjab,Gujranwala,Provincial Highway,Good,Dusty/Smoggy,Daylight,Motorcycle,4,Over Speeding,1,0,0,0,3,0,High
2023,2,Sunday,20,Punjab,Gujranwala,Urban Road,Average,Foggy,Street Light,Rickshaw,2,Over Speeding,1,1,0,1,4,0,Medium
2019,2,Monday,9,KPK,Bannu,Provincial Highway,Good,Extreme Heat,Daylight,Rickshaw,2,Over Speeding,1,0,0,1,5,0,Medium
2021,9,Wednesday,23,Punjab,Sialkot,Provincial Highway,Good,Clear,Street Light,Motorcycle,2,Road Condition,0,0,1,0,3,1,High
2023,7,Tuesday,15,Punjab,Rawalpindi,National Highway,Poor,Clear,Daylight,Car/Taxi,1,Road Condition,0,0,0,0,0,0,Low
2023,8,Saturday,22,Punjab,Rahim Yar Khan,National Highway,Poor,Foggy,No Light,Motorcycle,2,Over Speeding,0,1,1,0,5,4,High
2021,2,Wednesday,22,Balochistan,Khuzdar,National Highway,Poor,Clear,Street Light,Truck/Lorry,2,Driver Fatigue,0,0,1,1,11,2,High
2020,12,Tuesday,17,Sindh,Sukkur,Urban Road,Average,Clear,Daylight,Bus/Coach,3,Wrong Overtaking,1,0,0,1,0,0,Low
2021,1,Tuesday,18,Sindh,Thatta,Provincial Highway,Good,Clear,Daylight,Rickshaw,2,Road Condition,1,0,0,1,2,0,Low
2020,5,Tuesday,20,Sindh,Dadu,National Highway,Good,Foggy,Street Light,Bus/Coach,4,Pedestrian Error,1,0,0,0,5,0,Medium
2018,3,Monday,15,Punjab,Rawalpindi,National Highway,Poor,Foggy,Daylight,Car/Taxi,4,Road Condition,0,0,0,0,3,0,Medium
2020,8,Wednesday,9,Punjab,Lahore,Urban Road,Good,Rainy,Daylight,Van/Pickup,1,Wrong Overtaking,1,0,0,0,1,0,Medium
2023,10,Thursday,20,KPK,Charsadda,National Highway,Good,Clear,No Light,Motorcycle,1,Wrong Overtaking,1,0,0,0,5,4,High
2020,1,Sunday,2,Punjab,Rahim Yar Khan,Urban Road,Poor,Clear,Street Light,Car/Taxi,2,Over Speeding,0,1,1,1,2,0,Medium
2019,7,Tuesday,16,Punjab,Faisalabad,Provincial Highway,Poor,Clear,Street Light,Motorcycle,2,Mechanical Failure,0,0,0,0,2,0,Low
2019,8,Wednesday,14,KPK,Nowshera,Provincial Highway,Average,Clear,Street Light,Other,2,Signal Violation,0,0,0,0,2,0,Low
2018,6,Saturday,23,Punjab,Sargodha,National Highway,Average,Rainy,No Light,Motorcycle,2,Pedestrian Error,0,1,1,0,7,2,High
2023,3,Tuesday,19,Punjab,Sheikhupura,Provincial Highway,Good,Clear,No Light,Bicycle,2,Driver Fatigue,1,0,0,0,10,0,High
2022,2,Thursday,19,Sindh,Thatta,Provincial Highway,Good,Dusty/Smoggy,Street Light,Rickshaw,3,Road Condition,1,0,0,1,0,0,Low
2021,5,Wednesday,11,Sindh,Dadu,Provincial Highway,Average,Rainy,Daylight,Car/Taxi,2,Pedestrian Error,0,0,0,0,2,0,Medium
2023,2,Tuesday,22,KPK,Peshawar,Rural Road,Good,Foggy,No Light,Car/Taxi,2,Road Condition,0,0,1,1,1,0,Low
2019,6,Wednesday,18,Sindh,Sukkur,Urban Road,Good,Clear,Street Light,Motorcycle,2,Over Speeding,1,0,0,0,4,1,Medium
2021,10,Wednesday,0,Sindh,Larkana,Urban Road,Under Repair,Clear,Street Light,Car/Taxi,1,Pedestrian Error,0,0,1,0,2,0,Low
2022,1,Saturday,19,KPK,Abbottabad,National Highway,Poor,Dusty/Smoggy,Dawn/Dusk,Motorcycle,1,Over Speeding,1,1,0,1,4,2,High
2021,12,Saturday,18,Punjab,Bahawalpur,Provincial Highway,Good,Foggy,Daylight,Truck/Lorry,1,Over Speeding,1,1,0,1,7,0,High
2021,4,Saturday,11,Punjab,Sargodha,National Highway,Average,Rainy,Daylight,Car/Taxi,1,Signal Violation,0,1,0,0,10,0,High
2018,9,Thursday,5,Sindh,Mirpur Khas,Rural Road,Poor,Clear,Dawn/Dusk,Motorcycle,2,Signal Violation,0,0,1,0,6,1,High
2021,10,Sunday,4,Punjab,Gujranwala,Provincial Highway,Under Repair,Dusty/Smoggy,No Light,Motorcycle,2,Signal Violation,0,1,1,0,2,0,Medium
2022,7,Monday,16,AJK,Muzaffarabad,Rural Road,Average,Foggy,Daylight,Motorcycle,2,Pedestrian Error,0,0,0,0,3,0,Medium
2023,3,Monday,7,KPK,Kohat,Provincial Highway,Good,Foggy,Daylight,Motorcycle,2,Wrong Overtaking,1,0,0,0,3,1,High
2022,4,Saturday,1,Punjab,Multan,Motorway,Good,Rainy,Street Light,Rickshaw,1,Wrong Overtaking,0,1,1,0,11,0,High
2023,12,Thursday,13,Punjab,Gujranwala,Urban Road,Average,Rainy,Daylight,Motorcycle,1,Road Condition,1,0,0,1,1,1,Medium
2018,9,Thursday,20,Punjab,Sargodha,Urban Road,Good,Clear,No Light,Car/Taxi,4,Over Speeding,1,0,0,0,2,0,Low
2018,10,Friday,18,Punjab,Sheikhupura,Urban Road,Under Repair,Rainy,Daylight,Truck/Lorry,4,Over Speeding,1,0,0,0,5,0,Medium
2022,8,Tuesday,13,Punjab,Sargodha,National Highway,Good,Clear,Daylight,Bicycle,1,Road Condition,1,0,0,0,1,0,Medium
2022,6,Sunday,11,Sindh,Karachi,Urban Road,Good,Rainy,Dawn/Dusk,Rickshaw,1,Drunk Driving,0,1,0,0,4,1,Medium
2023,9,Tuesday,17,Balochistan,Sibi,Provincial Highway,Good,Foggy,No Light,Rickshaw,2,Mobile Phone Use,1,0,0,0,2,2,Medium
2020,9,Friday,21,KPK,Abbottabad,Rural Road,Good,Foggy,No Light,Rickshaw,1,Mobile Phone Use,0,0,0,0,1,0,Low
2020,6,Saturday,19,Punjab,Faisalabad,Provincial Highway,Average,Clear,Daylight,Motorcycle,2,Over Speeding,1,1,0,0,4,1,Medium
2019,1,Saturday,7,Punjab,Rahim Yar Khan,Rural Road,Good,Foggy,Daylight,Rickshaw,3,Over Speeding,1,1,0,1,4,0,Medium
2018,6,Sunday,18,Sindh,Dadu,Provincial Highway,Good,Clear,Daylight,Car/Taxi,4,Wrong Overtaking,1,1,0,0,2,0,Medium
2022,12,Friday,20,KPK,Mardan,National Highway,Average,Foggy,No Light,Motorcycle,1,Drunk Driving,1,0,0,1,9,2,High
2021,2,Friday,19,KPK,Dera Ismail Khan,Provincial Highway,Good,Clear,Dawn/Dusk,Motorcycle,2,Road Condition,1,0,0,1,4,0,Medium
2023,6,Sunday,7,Balochistan,Sibi,Provincial Highway,Good,Foggy,Daylight,Car/Taxi,2,Mechanical Failure,1,1,0,0,1,0,Low
2018,11,Monday,9,Sindh,Mirpur Khas,National Highway,Average,Clear,Daylight,Motorcycle,2,Over Speeding,1,0,0,1,11,1,High
2022,5,Tuesday,20,KPK,Mansehra,Urban Road,Average,Clear,No Light,Car/Taxi,2,Road Condition,1,0,0,0,0,0,Low
2021,5,Friday,12,Punjab,Sargodha,Provincial Highway,Average,Foggy,Daylight,Motorcycle,1,Wrong Overtaking,1,0,0,0,3,0,Medium
2018,7,Saturday,20,Sindh,Jacobabad,Provincial Highway,Good,Clear,No Light,Motorcycle,1,Over Speeding,1,1,0,0,10,3,High
2023,5,Sunday,5,Punjab,Multan,Urban Road,Average,Rainy,Daylight,Bus/Coach,2,Mechanical Failure,0,1,1,0,2,2,Medium
2023,1,Sunday,5,Sindh,Larkana,National Highway,Poor,Clear,No Light,Bus/Coach,2,Over Speeding,0,1,1,1,3,1,High
2023,2,Sunday,22,Sindh,Mirpur Khas,National Highway,Good,Clear,No Light,Motorcycle,2,Wrong Overtaking,0,1,1,1,6,1,High
2023,1,Wednesday,7,Punjab,Sheikhupura,National Highway,Poor,Foggy,Daylight,Bus/Coach,2,Driver Fatigue,1,0,0,1,5,0,High
2020,5,Friday,12,Punjab,Rahim Yar Khan,Provincial Highway,Good,Dusty/Smoggy,Daylight,Bus/Coach,3,Over Speeding,1,0,0,0,3,1,Medium
2018,12,Saturday,15,Punjab,Lahore,Rural Road,Good,Clear,Daylight,Motorcycle,2,Over Speeding,0,1,0,1,4,0,Medium
2020,6,Sunday,19,Punjab,Bahawalpur,Provincial Highway,Good,Clear,No Light,Car/Taxi,2,Wrong Overtaking,1,1,0,0,0,0,Low
2022,7,Monday,13,Punjab,Bahawalpur,Provincial Highway,Good,Extreme Heat,Daylight,Van/Pickup,4,Over Speeding,1,0,0,0,4,0,Medium
2023,12,Tuesday,15,Punjab,Sargodha,National Highway,Good,Clear,Dawn/Dusk,Rickshaw,1,Mechanical Failure,0,0,0,1,0,0,Low
2020,8,Wednesday,10,Punjab,Sialkot,National Highway,Under Repair,Clear,Daylight,Car/Taxi,2,Signal Violation,0,0,0,0,4,1,Medium
2022,5,Friday,8,Punjab,Rawalpindi,National Highway,Average,Clear,Daylight,Van/Pickup,2,Mobile Phone Use,1,0,0,0,0,0,Low
2019,12,Sunday,15,AJK,Muzaffarabad,Provincial Highway,Good,Clear,Daylight,Car/Taxi,2,Mechanical Failure,0,1,0,1,1,0,Low
2021,12,Saturday,17,Punjab,Bahawalpur,Provincial Highway,Poor,Clear,Daylight,Van/Pickup,2,Road Condition,1,1,0,1,1,1,Low
2019,8,Sunday,19,Punjab,Sargodha,Provincial Highway,Poor,Rainy,Dawn/Dusk,Motorcycle,1,Over Speeding,1,1,0,0,5,2,High
2019,11,Tuesday,17,Sindh,Thatta,Provincial Highway,Average,Foggy,Daylight,Motorcycle,1,Wrong Overtaking,1,0,0,1,10,1,High
2022,10,Wednesday,13,Balochistan,Turbat,Provincial Highway,Good,Foggy,Daylight,Van/Pickup,1,Over Speeding,1,0,0,0,4,0,Medium
2023,7,Tuesday,10,KPK,Charsadda,Urban Road,Average,Dusty/Smoggy,Daylight,Rickshaw,4,Over Speeding,0,0,0,0,2,0,Low
2018,9,Tuesday,6,Punjab,Sargodha,Provincial Highway,Poor,Clear,Daylight,Car/Taxi,1,Over Speeding,0,0,0,0,1,0,Low
2020,1,Saturday,17,Sindh,Nawabshah,Rural Road,Poor,Clear,Daylight,Truck/Lorry,2,Over Speeding,1,1,0,1,2,0,Medium
2022,4,Sunday,17,KPK,Bannu,Rural Road,Poor,Clear,Daylight,Motorcycle,1,Wrong Overtaking,1,1,0,0,1,1,Medium
2020,7,Sunday,18,KPK,Charsadda,National Highway,Good,Clear,Dawn/Dusk,Motorcycle,2,Wrong Overtaking,1,1,0,0,7,0,High
2019,1,Tuesday,18,KPK,Kohat,National Highway,Good,Rainy,Daylight,Motorcycle,3,Over Speeding,1,0,0,1,5,3,High
2021,7,Tuesday,18,Balochistan,Hub,Rural Road,Poor,Clear,Daylight,Motorcycle,3,Signal Violation,1,0,0,0,3,0,Medium
2020,5,Friday,7,Balochistan,Sibi,National Highway,Poor,Clear,Dawn/Dusk,Car/Taxi,2,Drunk Driving,1,0,0,0,4,1,Medium
2022,8,Friday,19,Sindh,Thatta,Urban Road,Good,Clear,Dawn/Dusk,Car/Taxi,2,Road Condition,1,0,0,0,2,0,Low
2018,4,Sunday,9,Sindh,Larkana,Rural Road,Poor,Clear,Daylight,Motorcycle,2,Road Condition,1,1,0,0,1,0,Medium
2023,6,Friday,7,Sindh,Dadu,National Highway,Under Repair,Dusty/Smoggy,Daylight,Rickshaw,1,Wrong Overtaking,1,0,0,0,1,1,Medium
2018,2,Monday,21,KPK,Mansehra,National Highway,Good,Clear,No Light,Car/Taxi,3,Wrong Overtaking,0,0,0,1,1,2,Medium
2019,12,Wednesday,22,Punjab,Gujranwala,National Highway,Average,Rainy,No Light,Bus/Coach,4,Mechanical Failure,0,0,1,1,7,0,High
2021,4,Friday,19,Gilgit-Baltistan,Skardu,Urban Road,Good,Clear,Dawn/Dusk,Van/Pickup,1,Pedestrian Error,1,0,0,0,2,0,Low
2023,12,Saturday,16,Punjab,Sargodha,Urban Road,Good,Clear,Dawn/Dusk,Motorcycle,1,Road Condition,0,1,0,1,1,0,Low
2023,8,Thursday,17,Sindh,Dadu,Urban Road,Good,Foggy,Street Light,Truck/Lorry,2,Mobile Phone Use,1,0,0,0,2,1,Medium
2021,7,Sunday,7,Balochistan,Quetta,Rural Road,Average,Clear,Daylight,Motorcycle,2,Wrong Overtaking,1,1,0,0,5,1,Medium
2023,1,Tuesday,6,Punjab,Sheikhupura,Motorway,Poor,Dusty/Smoggy,Daylight,Motorcycle,2,Mechanical Failure,0,0,0,1,2,0,Medium
2019,8,Tuesday,9,Sindh,Kashmore,National Highway,Good,Foggy,Daylight,Truck/Lorry,3,Road Condition,1,0,0,0,2,0,Medium
2020,9,Sunday,8,Punjab,Gujranwala,Rural Road,Poor,Clear,Daylight,Car/Taxi,2,Wrong Overtaking,1,1,0,0,2,0,Low
2022,7,Friday,7,Punjab,Sheikhupura,National Highway,Good,Clear,No Light,Rickshaw,2,Over Speeding,1,0,0,0,10,1,High
2021,3,Thursday,9,Punjab,Gujranwala,National Highway,Poor,Rainy,Daylight,Bus/Coach,1,Pedestrian Error,1,0,0,0,4,2,Medium
2019,3,Saturday,17,Punjab,Sargodha,Rural Road,Under Repair,Clear,Street Light,Car/Taxi,2,Drunk Driving,1,1,0,0,0,0,Low
2022,11,Wednesday,15,Punjab,Sargodha,Urban Road,Average,Extreme Heat,Dawn/Dusk,Motorcycle,2,Mechanical Failure,0,0,0,1,1,1,Low
2023,6,Saturday,10,Gilgit-Baltistan,Gilgit,National Highway,Average,Clear,No Light,Motorcycle,3,Wrong Overtaking,0,1,0,0,6,2,High
2023,1,Monday,16,Gilgit-Baltistan,Hunza,National Highway,Average,Foggy,Daylight,Bicycle,3,Signal Violation,0,0,0,1,2,2,High
2022,7,Saturday,4,Punjab,Gujranwala,Urban Road,Poor,Clear,No Light,Bicycle,4,Wrong Overtaking,0,1,1,0,5,0,Medium
2023,7,Friday,20,KPK,Nowshera,National Highway,Poor,Clear,No Light,Motorcycle,2,Over Speeding,1,0,0,0,10,2,High
2023,9,Friday,3,Punjab,Gujranwala,National Highway,Poor,Clear,Street Light,Motorcycle,2,Driver Fatigue,0,0,1,0,10,3,High
2021,3,Tuesday,12,Punjab,Multan,Provincial Highway,Under Repair,Clear,Daylight,Bicycle,2,Wrong Overtaking,1,0,0,0,1,0,Medium
2022,5,Thursday,11,Punjab,Lahore,Rural Road,Average,Clear,Daylight,Rickshaw,2,Wrong Overtaking,0,0,0,0,2,0,Low
2023,4,Thursday,12,Islamabad,Islamabad,Rural Road,Good,Clear,Daylight,Bus/Coach,4,Over Speeding,1,0,0,0,2,0,Medium
2022,4,Monday,14,Islamabad,Islamabad,National Highway,Good,Clear,Daylight,Motorcycle,1,Signal Violation,0,0,0,0,5,0,Medium
2021,12,Monday,0,Punjab,Gujranwala,Provincial Highway,Average,Clear,Street Light,Motorcycle,2,Signal Violation,0,0,1,1,8,0,High
2018,10,Wednesday,1,Punjab,Multan,Provincial Highway,Under Repair,Rainy,No Light,Motorcycle,1,Mechanical Failure,0,0,1,0,11,4,High
2023,8,Wednesday,20,Punjab,Lahore,Provincial Highway,Good,Foggy,No Light,Motorcycle,2,Over Speeding,1,0,0,0,4,2,High
2020,6,Sunday,22,Sindh,Kashmore,Urban Road,Good,Clear,No Light,Bus/Coach,2,Over Speeding,0,1,1,0,4,0,Medium
2022,11,Sunday,1,Sindh,Karachi,Motorway,Average,Dusty/Smoggy,No Light,Motorcycle,2,Over Speeding,0,1,1,1,2,2,High
2018,9,Wednesday,20,Punjab,Gujranwala,Urban Road,Good,Clear,No Light,Truck/Lorry,4,Signal Violation,1,0,0,0,1,2,Medium
2021,5,Thursday,9,KPK,Bannu,National Highway,Poor,Clear,Daylight,Bus/Coach,2,Over Speeding,1,0,0,0,7,2,High
2019,5,Thursday,15,Punjab,Lahore,Provincial Highway,Average,Rainy,Daylight,Rickshaw,3,Drunk Driving,0,0,0,0,4,0,Medium
2020,8,Sunday,14,Islamabad,Islamabad,Provincial Highway,Good,Clear,Daylight,Car/Taxi,2,Wrong Overtaking,0,1,0,0,5,0,Medium
2023,1,Wednesday,12,Sindh,Thatta,Motorway,Under Repair,Clear,Daylight,Bus/Coach,2,Over Speeding,1,0,0,1,10,0,High
2021,1,Sunday,6,Sindh,Dadu,Provincial Highway,Poor,Clear,Daylight,Truck/Lorry,2,Wrong Overtaking,0,1,0,1,2,0,Low
2022,4,Wednesday,19,KPK,Dera Ismail Khan,Urban Road,Good,Rainy,Dawn/Dusk,Van/Pickup,2,Wrong Overtaking,1,0,0,0,4,1,Medium
2019,2,Saturday,10,KPK,Swat,National Highway,Good,Clear,Daylight,Rickshaw,1,Pedestrian Error,0,1,0,1,0,0,Low
2022,1,Wednesday,7,Punjab,Bahawalpur,Provincial Highway,Average,Foggy,Daylight,Car/Taxi,1,Signal Violation,1,0,0,1,1,1,Medium
2022,11,Friday,17,Punjab,Lahore,National Highway,Good,Clear,Daylight,Motorcycle,1,Wrong Overtaking,1,0,0,1,9,2,High
2021,2,Saturday,20,Islamabad,Islamabad,National Highway,Average,Clear,Street Light,Car/Taxi,1,Mechanical Failure,1,1,0,1,1,1,Medium
2023,10,Wednesday,18,Punjab,Multan,Provincial Highway,Average,Foggy,Daylight,Bus/Coach,4,Mechanical Failure,1,0,0,0,0,0,Low
2020,7,Thursday,12,Punjab,Rahim Yar Khan,Urban Road,Average,Clear,Street Light,Car/Taxi,1,Drunk Driving,1,0,0,0,1,0,Low
2022,11,Friday,16,Sindh,Hyderabad,Rural Road,Good,Clear,Daylight,Car/Taxi,1,Drunk Driving,0,0,0,1,1,0,Low
2023,1,Tuesday,21,KPK,Dera Ismail Khan,National Highway,Under Repair,Foggy,No Light,Bus/Coach,2,Drunk Driving,0,0,0,1,8,0,High
2022,2,Tuesday,7,KPK,Swat,Provincial Highway,Poor,Clear,Daylight,Car/Taxi,2,Signal Violation,1,0,0,1,5,0,Medium
2023,3,Thursday,12,Balochistan,Turbat,Urban Road,Poor,Clear,Dawn/Dusk,Motorcycle,1,Over Speeding,1,0,0,0,8,2,High
2018,8,Friday,9,Sindh,Sukkur,National Highway,Average,Clear,Daylight,Car/Taxi,1,Wrong Overtaking,1,0,0,0,2,0,Low
2022,8,Thursday,18,Punjab,Lahore,Rural Road,Poor,Clear,Daylight,Motorcycle,1,Signal Violation,1,0,0,0,4,1,Medium
2020,3,Saturday,8,Sindh,Kashmore,Rural Road,Poor,Clear,Daylight,Motorcycle,1,Pedestrian Error,1,1,0,0,0,0,Low
2022,8,Wednesday,18,KPK,Abbottabad,Rural Road,Average,Clear,Daylight,Motorcycle,1,Over Speeding,1,0,0,0,1,0,Medium
2022,3,Thursday,9,Punjab,Sargodha,Urban Road,Average,Clear,Daylight,Motorcycle,1,Pedestrian Error,1,0,0,0,4,0,Medium
2023,2,Tuesday,20,Punjab,Bahawalpur,Motorway,Average,Clear,No Light,Rickshaw,2,Signal Violation,1,0,0,1,0,0,Low
2023,4,Tuesday,20,Punjab,Sialkot,Rural Road,Good,Dusty/Smoggy,No Light,Van/Pickup,1,Mechanical Failure,1,0,0,0,2,0,Low
2019,3,Saturday,17,Sindh,Karachi,Provincial Highway,Average,Clear,Daylight,Truck/Lorry,3,Drunk Driving,1,1,0,0,1,0,Medium
2020,4,Monday,22,Balochistan,Loralai,Urban Road,Average,Clear,No Light,Rickshaw,2,Signal Violation,0,0,1,0,5,0,Medium
2022,1,Tuesday,11,KPK,Abbottabad,National Highway,Poor,Foggy,Daylight,Car/Taxi,1,Over Speeding,0,0,0,1,2,0,Medium
2022,5,Sunday,23,AJK,Mirpur,Rural Road,Average,Clear,No Light,Rickshaw,1,Wrong Overtaking,0,1,1,0,2,0,Low
2023,12,Saturday,8,Punjab,Sheikhupura,Motorway,Good,Clear,Daylight,Motorcycle,1,Mechanical Failure,1,1,0,1,1,2,Medium
2021,9,Sunday,6,Balochistan,Turbat,Rural Road,Average,Clear,Daylight,Motorcycle,2,Signal Violation,0,1,0,0,2,0,Low
2022,4,Friday,12,KPK,Bannu,National Highway,Good,Foggy,Daylight,Car/Taxi,2,Signal Violation,1,0,0,0,4,0,Medium
2018,5,Tuesday,12,Punjab,Rahim Yar Khan,National Highway,Average,Dusty/Smoggy,Dawn/Dusk,Motorcycle,3,Over Speeding,1,0,0,0,10,1,High
2019,11,Sunday,9,AJK,Mirpur,National Highway,Good,Clear,Daylight,Car/Taxi,3,Signal Violation,1,1,0,1,1,0,Medium
2022,4,Thursday,7,Punjab,Faisalabad,Provincial Highway,Poor,Foggy,Daylight,Motorcycle,2,Over Speeding,1,0,0,0,5,3,High
2021,9,Monday,18,Balochistan,Gwadar,National Highway,Under Repair,Dusty/Smoggy,Daylight,Motorcycle,4,Over Speeding,1,0,0,0,7,2,High
2020,5,Wednesday,13,Balochistan,Turbat,Rural Road,Average,Foggy,Daylight,Van/Pickup,4,Over Speeding,1,0,0,0,5,0,Medium
2022,8,Thursday,18,KPK,Nowshera,Urban Road,Good,Clear,Dawn/Dusk,Car/Taxi,2,Mechanical Failure,1,0,0,0,1,0,Low
2019,9,Saturday,12,Sindh,Sukkur,Urban Road,Poor,Clear,No Light,Rickshaw,3,Pedestrian Error,1,1,0,0,1,0,Low
2022,4,Monday,12,Punjab,Multan,Provincial Highway,Good,Clear,Daylight,Motorcycle,4,Driver Fatigue,1,0,0,0,2,0,Medium
2022,9,Friday,7,Sindh,Karachi,Provincial Highway,Good,Clear,Daylight,Bus/Coach,2,Over Speeding,1,0,0,0,1,0,Medium
2019,11,Friday,7,Punjab,Rahim Yar Khan,Provincial Highway,Good,Dusty/Smoggy,Daylight,Motorcycle,1,Over Speeding,1,0,0,1,1,0,Medium
2019,12,Tuesday,6,KPK,Swat,Provincial Highway,Good,Clear,Street Light,Motorcycle,2,Mechanical Failure,0,0,0,1,4,0,Medium
2022,11,Saturday,22,KPK,Swat,Urban Road,Average,Clear,Street Light,Car/Taxi,3,Pedestrian Error,0,1,1,1,0,0,Low
2018,10,Tuesday,22,Balochistan,Gwadar,National Highway,Average,Foggy,No Light,Motorcycle,2,Wrong Overtaking,0,0,1,0,11,2,High
2021,1,Friday,5,Punjab,Sheikhupura,Urban Road,Good,Rainy,Dawn/Dusk,Rickshaw,1,Wrong Overtaking,0,0,1,1,3,1,Medium
2021,6,Sunday,18,KPK,Abbottabad,Urban Road,Under Repair,Clear,Daylight,Motorcycle,1,Pedestrian Error,1,1,0,0,1,0,Low
2020,7,Sunday,8,Islamabad,Islamabad,Provincial Highway,Good,Clear,Daylight,Rickshaw,2,Wrong Overtaking,1,1,0,0,2,0,Low
2022,8,Monday,7,KPK,Nowshera,Motorway,Good,Clear,Daylight,Truck/Lorry,1,Driver Fatigue,1,0,0,0,3,0,Medium
2023,4,Wednesday,19,Punjab,Multan,Urban Road,Poor,Rainy,Dawn/Dusk,Truck/Lorry,1,Pedestrian Error,1,0,0,0,2,1,Low
2019,12,Sunday,17,Punjab,Lahore,Urban Road,Good,Extreme Heat,Daylight,Rickshaw,2,Mechanical Failure,1,1,0,1,0,0,Low
2019,2,Sunday,20,Punjab,Rahim Yar Khan,Rural Road,Average,Clear,No Light,Motorcycle,2,Signal Violation,1,1,0,1,4,0,Medium
2021,6,Monday,21,Sindh,Sukkur,Provincial Highway,Good,Foggy,No Light,Bicycle,1,Wrong Overtaking,0,0,0,0,2,0,Medium
2023,5,Wednesday,10,Sindh,Dadu,National Highway,Good,Clear,Daylight,Bus/Coach,2,Over Speeding,0,0,0,0,5,2,High
2023,7,Monday,21,AJK,Mirpur,Provincial Highway,Good,Clear,No Light,Van/Pickup,1,Mechanical Failure,0,0,0,0,1,0,Low
2022,6,Thursday,6,Punjab,Sialkot,Urban Road,Good,Clear,Street Light,Car/Taxi,4,Mechanical Failure,0,0,0,0,0,0,Low
2023,6,Friday,3,Punjab,Bahawalpur,Urban Road,Good,Rainy,Street Light,Bus/Coach,1,Mechanical Failure,0,0,1,0,2,0,Low
2022,11,Thursday,11,Sindh,Dadu,National Highway,Poor,Rainy,Daylight,Motorcycle,4,Wrong Overtaking,0,0,0,1,6,1,High
2023,12,Sunday,7,KPK,Charsadda,National Highway,Good,Dusty/Smoggy,Daylight,Motorcycle,2,Driver Fatigue,1,1,0,1,4,1,High
2023,7,Sunday,9,Islamabad,Islamabad,Rural Road,Good,Foggy,Dawn/Dusk,Car/Taxi,1,Over Speeding,1,1,0,0,2,0,Medium
2022,5,Thursday,19,KPK,Kohat,National Highway,Poor,Clear,Street Light,Motorcycle,1,Driver Fatigue,1,0,0,0,3,1,High
2022,9,Sunday,11,Sindh,Nawabshah,Provincial Highway,Good,Clear,Daylight,Motorcycle,1,Signal Violation,0,1,0,0,6,1,High
2019,7,Wednesday,7,Sindh,Kashmore,Provincial Highway,Good,Foggy,Daylight,Bicycle,1,Driver Fatigue,1,0,0,0,11,0,High
2023,11,Monday,14,Balochistan,Turbat,Provincial Highway,Good,Clear,Daylight,Motorcycle,1,Driver Fatigue,0,0,0,1,8,2,High
2023,7,Tuesday,17,Sindh,Dadu,Rural Road,Average,Clear,No Light,Motorcycle,3,Over Speeding,1,0,0,0,4,2,Medium
2021,8,Sunday,11,Punjab,Sialkot,Rural Road,Average,Dusty/Smoggy,Daylight,Car/Taxi,1,Mechanical Failure,0,1,0,0,0,0,Low
2022,6,Thursday,9,Punjab,Bahawalpur,Motorway,Poor,Clear,Street Light,Motorcycle,2,Over Speeding,1,0,0,0,2,2,High