year,month,day_of_week,hour_of_day,province,district,road_type,road_condition,weather_condition,lighting_condition,vehicle_type,vehicles_involved,accident_cause,is_rush_hour,is_weekend,is_night,is_foggy_month,num_injured,num_killed,severity
2020,6,Thursday,18,Punjab,Sargodha,National Highway,Under Repair,Clear,Daylight,Motorcycle,1,Mechanical Failure,1,0,0,0,2,0,High
2020,9,Monday,14,KPK,Dera Ismail Khan,National Highway,Good,Foggy,Daylight,Motorcycle,1,Over Speeding,0,0,0,0,5,0,High
2018,11,Saturday,4,Punjab,Faisalabad,National Highway,Poor,Rainy,No Light,Motorcycle,2,Wrong Overtaking,0,1,1,1,2,1,High
2019,11,Friday,19,Punjab,Faisalabad,Urban Road,Average,Dusty/Smoggy,Dawn/Dusk,Motorcycle,2,Over Speeding,1,0,0,1,5,0,Medium
2020,7,Thursday,21,Punjab,Gujranwala,Provincial Highway,Average,Foggy,Street Light,Car/Taxi,2,Over Speeding,0,0,0,0,3,0,Medium
2021,6,Saturday,11,Sindh,Sukkur,Provincial Highway,Good,Clear,Daylight,Motorcycle,2,Signal Violation,0,1,0,0,2,0,Medium
2019,11,Saturday,12,Punjab,Lahore,Motorway,Good,Extreme Heat,Dawn/Dusk,Motorcycle,4,Mechanical Failure,1,1,0,1,1,2,Medium
2021,6,Friday,6,KPK,Dera Ismail Khan,Provincial Highway,Average,Clear,Daylight,Rickshaw,1,Signal Violation,0,0,0,0,0,0,Low
2020,6,Sunday,15,Punjab,Rawalpindi,Rural Road,Good,Clear,Daylight,Car/Taxi,4,Mechanical Failure,0,1,0,0,1,0,Low
2021,11,Thursday,7,Punjab,Sargodha,Provincial Highway,Average,Rainy,Daylight,Motorcycle,1,Wrong Overtaking,1,0,0,1,6,4,High
2019,12,Friday,10,Sindh,Kashmore,Provincial Highway,Good,Clear,Daylight,Motorcycle,1,Wrong Overtaking,0,0,0,1,1,0,Medium
2019,6,Thursday,16,Punjab,Sheikhupura,Rural Road,Good,Clear,No Light,Motorcycle,1,Road Condition,0,0,0,0,0,0,Low
2023,6,Sunday,20,Punjab,Multan,Rural Road,Average,Clear,Street Light,Van/Pickup,2,Road Condition,1,1,0,0,2,1,Low
2019,7,Friday,15,Punjab,Bahawalpur,Rural Road,Poor,Rainy,Daylight,Truck/Lorry,1,Road Condition,0,0,0,0,0,0,Low
2021,4,Friday,15,Balochistan,Zhob,Provincial Highway,Good,Foggy,Street Light,Car/Taxi,2,Signal Violation,0,0,0,0,5,0,Medium
2023,12,Wednesday,6,KPK,Swat,Urban Road,Average,Rainy,Daylight,Truck/Lorry,2,Over Speeding,0,0,0,1,2,1,Medium
2019,11,Monday,7,Punjab,Rawalpindi,National Highway,Average,Foggy,Daylight,Car/Taxi,4,Wrong Overtaking,1,0,0,1,7,3,High
2022,3,Tuesday,9,Punjab,Gujranwala,National Highway,Poor,Clear,Daylight,Bus/Coach,3,Over Speeding,1,0,0,0,4,0,Medium
2022,1,Tuesday,11,AJK,Rawalakot,National Highway,Under Repair,Clear,Daylight,Car/Taxi,3,Over Speeding,0,0,0,1,11,1,High
2023,12,Tuesday,9,KPK,Charsadda,National Highway,Poor,Rainy,Street Light,Motorcycle,2,Over Speeding,1,0,0,1,4,1,High
2019,8,Saturday,21,Punjab,Sialkot,Provincial Highway,Good,Rainy,No Light,Motorcycle,3,Over Speeding,0,1,0,0,2,0,High
2023,12,Saturday,13,KPK,Mansehra,Urban Road,Average,Rainy,Street Light,Motorcycle,2,Over Speeding,1,1,0,1,2,0,Medium
2018,1,Thursday,8,KPK,Nowshera,National Highway,Average,Clear,Daylight,Motorcycle,2,Over Speeding,1,0,0,1,3,0,High
2023,1,Monday,8,KPK,Nowshera,National Highway,Poor,Foggy,No Light,Motorcycle,2,Driver Fatigue,1,0,0,1,11,0,High
2022,11,Tuesday,1,Sindh,Thatta,Provincial Highway,Good,Clear,No Light,Car/Taxi,2,Wrong Overtaking,0,0,1,1,5,0,Medium
2019,3,Monday,9,Sindh,Mirpur Khas,Rural Road,Poor,Rainy,Daylight,Motorcycle,1,Mobile Phone Use,1,0,0,0,4,1,Medium
2018,5,Monday,16,Punjab,Gujranwala,National Highway,Poor,Clear,Daylight,Car/Taxi,2,Road Condition,0,0,0,0,2,0,Medium
2021,11,Thursday,21,Islamabad,Islamabad,Urban Road,Poor,Clear,No Light,Truck/Lorry,3,Mechanical Failure,0,0,0,1,1,0,Low
2021,12,Saturday,10,Sindh,Nawabshah,Urban Road,Poor,Extreme Heat,Daylight,Motorcycle,2,Pedestrian Error,0,1,0,1,0,0,Low
2018,6,Sunday,21,Punjab,Multan,Provincial Highway,Average,Clear,No Light,Motorcycle,1,Pedestrian Error,0,1,0,0,0,1,Low
2022,6,Friday,19,Balochistan,Turbat,National Highway,Average,Foggy,No Light,Bus/Coach,3,Over Speeding,1,0,0,0,9,1,High
2023,11,Saturday,19,Balochistan,Turbat,Urban Road,Good,Rainy,No Light,Bus/Coach,1,Wrong Overtaking,1,1,0,1,2,2,Medium
2018,12,Monday,6,AJK,Mirpur,Provincial Highway,Poor,Clear,Street Light,Motorcycle,2,Wrong Overtaking,0,0,0,1,3,0,Medium
2022,7,Saturday,12,Balochistan,Turbat,Provincial Highway,Poor,Clear,No Light,Rickshaw,3,Drunk Driving,1,1,0,0,4,0,Medium
2022,2,Thursday,6,Gilgit-Baltistan,Hunza,Rural Road,Average,Clear,Daylight,Car/Taxi,4,Mobile Phone Use,0,0,0,1,1,0,Low
2020,7,Friday,20,Punjab,Gujranwala,Provincial Highway,Good,Dusty/Smoggy,No Light,Motorcycle,2,Over Speeding,1,0,0,0,4,0,Medium
2020,8,Saturday,20,Balochistan,Turbat,Urban Road,Good,Clear,Street Light,Motorcycle,2,Signal Violation,1,1,0,0,4,1,Medium
2022,1,Tuesday,21,KPK,Nowshera,National Highway,Poor,Rainy,Street Light,Car/Taxi,2,Pedestrian Error,0,0,0,1,3,1,Medium
2021,7,Thursday,20,Punjab,Multan,National Highway,Average,Foggy,Street Light,Car/Taxi,1,Over Speeding,1,0,0,0,2,3,High
2020,6,Monday,6,Punjab,Rahim Yar Khan,National Highway,Average,Foggy,Daylight,Motorcycle,3,Over Speeding,0,0,0,0,7,1,High
2018,5,Saturday,14,AJK,Muzaffarabad,Provincial Highway,Poor,Extreme Heat,Daylight,Motorcycle,2,Drunk Driving,0,1,0,0,8,0,High
2023,12,Tuesday,21,Punjab,Faisalabad,Urban Road,Good,Clear,Street Light,Car/Taxi,4,Wrong Overtaking,0,0,0,1,0,0,Low
2020,10,Monday,23,Balochistan,Quetta,Urban Road,Under Repair,Rainy,No Light,Motorcycle,3,Over Speeding,0,0,1,0,5,4,High
2022,5,Thursday,8,Punjab,Sheikhupura,Provincial Highway,Average,Clear,Daylight,Van/Pickup,1,Over Speeding,1,0,0,0,2,0,Low
2023,6,Tuesday,17,Punjab,Sialkot,Provincial Highway,Average,Rainy,Daylight,Rickshaw,2,Signal Violation,1,0,0,0,0,0,Low
2018,10,Saturday,23,Sindh,Mirpur Khas,Urban Road,Under Repair,Clear,Street Light,Other,2,Wrong Overtaking,0,1,1,0,0,0,Low
2021,2,Thursday,21,Punjab,Gujranwala,National Highway,Good,Clear,No Light,Motorcycle,2,Wrong Overtaking,0,0,0,1,4,0,Medium
2018,12,Friday,19,KPK,Mardan,National Highway,Good,Rainy,Dawn/Dusk,Motorcycle,3,Over Speeding,1,0,0,1,4,1,High
2023,9,Friday,13,Sindh,Thatta,National Highway,Good,Clear,Daylight,Motorcycle,4,Wrong Overtaking,1,0,0,0,5,0,Medium
2018,12,Thursday,23,Punjab,Multan,National Highway,Average,Clear,No Light,Bus/Coach,2,Mechanical Failure,0,0,1,1,4,1,Medium
2023,6,Sunday,19,Punjab,Multan,National Highway,Good,Clear,Street Light,Motorcycle,2,Wrong Overtaking,1,1,0,0,2,0,Medium
2022,4,Sunday,19,Punjab,Bahawalpur,Urban Road,Good,Clear,Street Light,Motorcycle,2,Over Speeding,1,1,0,0,5,0,Medium
2023,4,Sunday,12,Punjab,Multan,National Highway,Average,Foggy,Daylight,Motorcycle,2,Over Speeding,1,1,0,0,10,2,High
2021,5,Tuesday,12,KPK,Peshawar,Urban Road,Poor,Extreme Heat,Daylight,Car/Taxi,3,Mobile Phone Use,1,0,0,0,0,0,Low
2022,2,Thursday,13,Punjab,Multan,National Highway,Poor,Clear,Daylight,Motorcycle,2,Over Speeding,1,0,0,1,2,2,High
2019,7,Monday,10,Punjab,Rahim Yar Khan,National Highway,Average,Clear,Daylight,Bus/Coach,3,Signal Violation,0,0,0,0,5,1,Medium
2021,12,Friday,19,Sindh,Karachi,Urban Road,Average,Clear,No Light,Van/Pickup,1,Over Speeding,1,0,0,1,1,0,Low
2022,10,Saturday,14,Punjab,Sialkot,Urban Road,Poor,Clear,Daylight,Car/Taxi,2,Signal Violation,0,1,0,0,0,0,Low
2023,3,Tuesday,8,Punjab,Faisalabad,National Highway,Good,Clear,Daylight,Car/Taxi,2,Over Speeding,1,0,0,0,1,1,Medium
2019,10,Friday,4,Punjab,Sheikhupura,Urban Road,Good,Clear,No Light,Motorcycle,2,Pedestrian Error,0,0,1,0,1,0,Medium
2023,1,Monday,18,Balochistan,Dera Bugti,National Highway,Under Repair,Clear,Daylight,Truck/Lorry,2,Weather Condition,1,0,0,1,1,0,Medium
2022,2,Friday,22,Islamabad,Islamabad,Rural Road,Good,Dusty/Smoggy,Street Light,Motorcycle,3,Road Condition,0,0,1,1,5,1,Medium
2022,4,Saturday,12,KPK,Swat,National Highway,Good,Rainy,Daylight,Motorcycle,1,Over Speeding,1,1,0,0,2,1,High
2019,8,Wednesday,7,Punjab,Bahawalpur,Provincial Highway,Average,Rainy,Dawn/Dusk,Rickshaw,1,Wrong Overtaking,1,0,0,0,3,0,Medium
2021,2,Wednesday,6,Punjab,Faisalabad,Rural Road,Average,Clear,No Light,Rickshaw,1,Mobile Phone Use,0,0,0,1,0,0,Low
2018,1,Sunday,2,Sindh,Mirpur Khas,Urban Road,Average,Foggy,No Light,Rickshaw,2,Weather Condition,0,1,1,1,0,0,Low
2021,11,Friday,23,KPK,Charsadda,Urban Road,Average,Clear,No Light,Rickshaw,1,Over Speeding,0,0,1,1,4,0,Medium
2022,9,Monday,8,Gilgit-Baltistan,Gilgit,Urban Road,Good,Foggy,Daylight,Bus/Coach,2,Wrong Overtaking,1,0,0,0,2,0,Low
2020,7,Saturday,20,Punjab,Sialkot,Provincial Highway,Good,Clear,Street Light,Truck/Lorry,1,Over Speeding,1,1,0,0,4,1,Medium
2022,3,Thursday,12,Punjab,Faisalabad,National Highway,Good,Foggy,Daylight,Motorcycle,1,Over Speeding,1,0,0,0,2,1,High
2021,1,Monday,9,KPK,Kohat,Provincial Highway,Good,Clear,Daylight,Car/Taxi,2,Wrong Overtaking,1,0,0,1,2,1,Medium
2020,6,Sunday,2,KPK,Peshawar,National Highway,Poor,Rainy,Street Light,Motorcycle,2,Wrong Overtaking,0,1,1,0,7,2,High
2022,9,Saturday,9,Balochistan,Gwadar,National Highway,Poor,Dusty/Smoggy,Daylight,Car/Taxi,2,Road Condition,1,1,0,0,2,0,Medium
2022,1,Tuesday,12,KPK,Abbottabad,National Highway,Average,Clear,Daylight,Truck/Lorry,1,Over Speeding,1,0,0,1,4,2,High
2020,6,Sunday,8,Islamabad,Islamabad,Provincial Highway,Under Repair,Clear,No Light,Rickshaw,1,Over Speeding,1,1,0,0,1,0,Medium
2020,6,Saturday,12,Sindh,Kashmore,National Highway,Average,Foggy,Daylight,Motorcycle,3,Driver Fatigue,1,1,0,0,4,3,High
2018,8,Saturday,2,Balochistan,Hub,Urban Road,Poor,Clear,No Light,Car/Taxi,4,Over Speeding,0,1,1,0,1,0,Medium
2023,6,Thursday,18,Islamabad,Islamabad,Motorway,Average,Clear,Daylight,Motorcycle,2,Signal Violation,1,0,0,0,1,0,Medium
2022,12,Friday,5,Balochistan,Chaman,National Highway,Good,Clear,Dawn/Dusk,Motorcycle,2,Over Speeding,0,0,1,1,10,3,High
2023,6,Friday,20,Punjab,Sheikhupura,Urban Road,Good,Clear,Street Light,Motorcycle,1,Over Speeding,1,0,0,0,9,1,High
2023,8,Friday,3,Punjab,Gujranwala,National Highway,Good,Dusty/Smoggy,No Light,Car/Taxi,2,Mechanical Failure,0,0,1,0,1,1,Medium
2020,12,Saturday,22,Sindh,Dadu,Provincial Highway,Poor,Clear,No Light,Car/Taxi,2,Pedestrian Error,0,1,1,1,2,1,Medium
2023,2,Wednesday,9,Sindh,Kashmore,Rural Road,Poor,Foggy,Daylight,Motorcycle,1,Over Speeding,1,0,0,1,5,2,High
2021,3,Thursday,17,Balochistan,Gwadar,Urban Road,Good,Clear,No Light,Bus/Coach,1,Mobile Phone Use,1,0,0,0,0,0,Low
2020,10,Sunday,0,Punjab,Gujranwala,Urban Road,Good,Rainy,No Light,Rickshaw,2,Weather Condition,0,1,1,0,4,1,Medium
2019,9,Wednesday,4,Punjab,Sheikhupura,National Highway,Good,Rainy,Street Light,Motorcycle,1,Weather Condition,0,0,1,0,6,2,High
2022,9,Friday,7,KPK,Bannu,Rural Road,Good,Foggy,Daylight,Car/Taxi,1,Over Speeding,1,0,0,0,2,0,Medium
2020,9,Tuesday,20,Punjab,Faisalabad,National Highway,Good,Foggy,Street Light,Motorcycle,2,Mechanical Failure,1,0,0,0,10,0,High
2023,11,Tuesday,12,Punjab,Gujranwala,Urban Road,Good,Clear,Daylight,Truck/Lorry,3,Driver Fatigue,1,0,0,1,3,1,Medium
2022,11,Saturday,12,Punjab,Bahawalpur,Provincial Highway,Poor,Foggy,Daylight,Car/Taxi,1,Wrong Overtaking,1,1,0,1,1,0,Low
2022,12,Tuesday,19,Sindh,Karachi,Provincial Highway,Poor,Extreme Heat,Dawn/Dusk,Bus/Coach,2,Road Condition,1,0,0,1,2,0,Low
2022,2,Friday,9,Punjab,Multan,Provincial Highway,Poor,Foggy,Daylight,Motorcycle,2,Driver Fatigue,1,0,0,1,9,1,High
2020,1,Tuesday,8,Balochistan,Chaman,Urban Road,Good,Clear,Daylight,Rickshaw,1,Driver Fatigue,1,0,0,1,1,0,Low
2023,4,Sunday,14,Sindh,Kashmore,Provincial Highway,Average,Dusty/Smoggy,Daylight,Motorcycle,2,Over Speeding,0,1,0,0,2,1,Medium
2019,7,Friday,5,Balochistan,Turbat,Provincial Highway,Average,Clear,Dawn/Dusk,Motorcycle,1,Mechanical Failure,0,0,1,0,10,3,High
2022,5,Wednesday,20,Sindh,Karachi,Provincial Highway,Good,Foggy,No Light,Motorcycle,1,Wrong Overtaking,1,0,0,0,2,0,Medium
2019,8,Wednesday,18,Punjab,Sialkot,National Highway,Average,Clear,Daylight,Truck/Lorry,1,Road Condition,1,0,0,0,1,2,Medium
2023,6,Saturday,9,Punjab,Sialkot,Provincial Highway,Poor,Clear,Daylight,Van/Pickup,3,Pedestrian Error,1,1,0,0,0,0,Low
2023,8,Wednesday,8,Punjab,Lahore,Urban Road,Good,Dusty/Smoggy,Daylight,Car/Taxi,3,Wrong Overtaking,1,0,0,0,1,0,Low
2023,1,Saturday,13,Sindh,Sukkur,Motorway,Good,Clear,Daylight,Rickshaw,2,Over Speeding,1,1,0,1,10,2,High
2019,1,Sunday,4,Punjab,Rahim Yar Khan,National Highway,Poor,Clear,No Light,Motorcycle,2,Pedestrian Error,0,1,1,1,1,1,Medium
2019,7,Wednesday,3,Punjab,Bahawalpur,National Highway,Average,Foggy,No Light,Rickshaw,2,Wrong Overtaking,0,0,1,0,8,3,High
2018,3,Sunday,19,Sindh,Dadu,Provincial Highway,Average,Dusty/Smoggy,Dawn/Dusk,Bus/Coach,2,Driver Fatigue,1,1,0,0,2,0,Medium
2023,9,Monday,21,Punjab,Bahawalpur,Urban Road,Good,Clear,No Light,Rickshaw,2,Over Speeding,0,0,0,0,3,1,Medium
2020,11,Friday,12,Punjab,Lahore,Rural Road,Good,Foggy,Dawn/Dusk,Motorcycle,4,Driver Fatigue,1,0,0,1,1,0,Medium
2019,4,Wednesday,2,KPK,Swat,Rural Road,Poor,Clear,Street Light,Motorcycle,1,Signal Violation,0,0,1,0,11,0,High
2021,6,Friday,22,Islamabad,Islamabad,Provincial Highway,Poor,Clear,No Light,Car/Taxi,2,Over Speeding,0,0,1,0,1,2,Medium
2022,5,Tuesday,12,Punjab,Sheikhupura,Provincial Highway,Average,Clear,Daylight,Rickshaw,3,Weather Condition,1,0,0,0,0,0,Low
2023,9,Tuesday,23,Punjab,Lahore,Provincial Highway,Good,Clear,No Light,Car/Taxi,2,Wrong Overtaking,0,0,1,0,1,0,Medium
2023,12,Friday,6,Islamabad,Islamabad,Provincial Highway,Average,Foggy,Daylight,Motorcycle,4,Road Condition,0,0,0,1,1,1,Medium
2018,12,Tuesday,10,Punjab,Multan,Provincial Highway,Good,Dusty/Smoggy,Dawn/Dusk,Car/Taxi,2,Driver Fatigue,0,0,0,1,2,0,Low
2023,9,Wednesday,8,AJK,Mirpur,National Highway,Poor,Clear,Daylight,Motorcycle,2,Over Speeding,1,0,0,0,2,1,High
2021,12,Thursday,13,Punjab,Sargodha,Provincial Highway,Average,Clear,Daylight,Motorcycle,2,Wrong Overtaking,1,0,0,1,2,1,Medium
2023,7,Monday,8,Balochistan,Loralai,Urban Road,Poor,Rainy,Dawn/Dusk,Bicycle,2,Wrong Overtaking,1,0,0,0,1,0,Medium
2021,5,Monday,22,Punjab,Sargodha,Motorway,Good,Clear,Street Light,Other,1,Mechanical Failure,0,0,1,0,1,1,Medium
2023,1,Wednesday,8,Islamabad,Islamabad,Urban Road,Poor,Dusty/Smoggy,Daylight,Motorcycle,2,Over Speeding,1,0,0,1,10,0,High
2021,2,Monday,15,Punjab,Rahim Yar Khan,Urban Road,Average,Clear,Daylight,Bus/Coach,2,Over Speeding,0,0,0,1,2,0,Low
2021,5,Tuesday,21,Sindh,Larkana,Provincial Highway,Average,Clear,Street Light,Rickshaw,2,Road Condition,0,0,0,0,1,0,Low
2020,2,Saturday,21,Punjab,Bahawalpur,National Highway,Good,Rainy,Street Light,Motorcycle,1,Wrong Overtaking,0,1,0,1,10,0,High
2022,2,Thursday,14,Punjab,Rawalpindi,Urban Road,Under Repair,Foggy,Street Light,Car/Taxi,1,Drunk Driving,0,0,0,1,2,1,Medium
2023,10,Sunday,15,KPK,Bannu,National Highway,Poor,Clear,No Light,Car/Taxi,2,Drunk Driving,0,1,0,0,9,1,High
2023,6,Sunday,18,Sindh,Nawabshah,Urban Road,Good,Extreme Heat,Daylight,Motorcycle,2,Over Speeding,1,1,0,0,1,0,Medium
2020,2,Sunday,12,Islamabad,Islamabad,Urban Road,Good,Clear,Daylight,Car/Taxi,3,Wrong Overtaking,1,1,0,1,2,0,Low
2022,7,Thursday,17,Sindh,Jacobabad,National Highway,Average,Clear,Daylight,Motorcycle,1,Wrong Overtaking,1,0,0,0,3,4,High
2023,11,Thursday,7,Balochistan,Sibi,National Highway,Under Repair,Clear,Daylight,Motorcycle,2,Road Condition,1,0,0,1,4,1,Medium
2021,10,Thursday,18,Sindh,Larkana,Rural Road,Poor,Clear,Daylight,Bicycle,2,Signal Violation,1,0,0,0,4,1,Medium
2021,11,Saturday,17,AJK,Muzaffarabad,Motorway,Poor,Foggy,Street Light,Car/Taxi,4,Road Condition,1,1,0,1,2,0,Low
2020,1,Tuesday,8,Islamabad,Islamabad,Urban Road,Average,Dusty/Smoggy,Street Light,Motorcycle,1,Pedestrian Error,1,0,0,1,0,0,Low
2018,2,Sunday,8,Punjab,Lahore,Provincial Highway,Average,Clear,Daylight,Rickshaw,3,Signal Violation,1,1,0,1,0,0,Low
2018,2,Wednesday,18,Balochistan,Dera Bugti,Rural Road,Good,Extreme Heat,Daylight,Motorcycle,4,Wrong Overtaking,1,0,0,1,4,0,Medium
2022,10,Monday,16,Balochistan,Chaman,National Highway,Average,Clear,Daylight,Car/Taxi,4,Signal Violation,0,0,0,0,1,0,Low
2021,12,Saturday,0,Punjab,Faisalabad,Rural Road,Good,Clear,Street Light,Rickshaw,3,Pedestrian Error,0,1,1,1,1,0,Low
2022,6,Sunday,15,Sindh,Mirpur Khas,National Highway,Poor,Clear,Daylight,Motorcycle,3,Mechanical Failure,0,1,0,0,10,2,High
2023,11,Sunday,12,Punjab,Gujranwala,Motorway,Poor,Foggy,Daylight,Bus/Coach,1,Road Condition,1,1,0,1,1,0,Medium
2023,2,Sunday,18,KPK,Dera Ismail Khan,National Highway,Average,Clear,Daylight,Motorcycle,1,Wrong Overtaking,1,1,0,1,3,0,Medium
2020,11,Saturday,1,Punjab,Multan,Rural Road,Average,Rainy,Street Light,Motorcycle,2,Road Condition,0,1,1,1,7,2,High
2018,7,Saturday,12,Punjab,Multan,Rural Road,Poor,Clear,Daylight,Motorcycle,3,Over Speeding,1,1,0,0,5,0,Medium
2020,2,Thursday,16,Punjab,Faisalabad,National Highway,Good,Clear,Daylight,Motorcycle,2,Wrong Overtaking,0,0,0,1,2,0,Medium
2018,11,Tuesday,22,Sindh,Sukkur,Provincial Highway,Average,Clear,No Light,Bus/Coach,4,Mobile Phone Use,0,0,1,1,2,0,Medium
2022,8,Monday,21,Balochistan,Dera Bugti,National Highway,Poor,Rainy,No Light,Rickshaw,2,Pedestrian Error,0,0,0,0,2,0,Low
2023,6,Monday,12,AJK,Mirpur,Provincial Highway,Good,Clear,Dawn/Dusk,Car/Taxi,2,Road Condition,1,0,0,0,1,0,Low
2022,6,Saturday,10,Sindh,Karachi,National Highway,Poor,Rainy,Dawn/Dusk,Motorcycle,1,Pedestrian Error,0,1,0,0,5,0,Medium
2019,5,Monday,11,Punjab,Multan,National Highway,Good,Clear,Daylight,Motorcycle,3,Signal Violation,0,0,0,0,2,0,Medium
2019,6,Monday,15,KPK,Bannu,National Highway,Good,Extreme Heat,Daylight,Bicycle,1,Signal Violation,0,0,0,0,6,2,High
2022,1,Tuesday,20,Sindh,Nawabshah,Urban Road,Average,Clear,Street Light,Truck/Lorry,1,Driver Fatigue,1,0,0,1,5,1,Medium
2019,11,Sunday,13,Sindh,Thatta,Urban Road,Average,Clear,Street Light,Motorcycle,2,Over Speeding,1,1,0,1,2,1,Medium
2023,1,Saturday,22,Punjab,Faisalabad,National Highway,Average,Dusty/Smoggy,No Light,Truck/Lorry,4,Wrong Overtaking,0,1,1,1,11,2,High
2019,5,Friday,22,Sindh,Hyderabad,Urban Road,Good,Dusty/Smoggy,Street Light,Motorcycle,2,Road Condition,0,0,1,0,4,2,Medium
2022,12,Wednesday,21,Punjab,Faisalabad,National Highway,Good,Clear,No Light,Truck/Lorry,2,Wrong Overtaking,0,0,0,1,5,2,Medium
2021,11,Saturday,7,KPK,Charsadda,National Highway,Good,Foggy,Daylight,Bus/Coach,1,Over Speeding,1,1,0,1,11,0,High
2022,5,Wednesday,20,Sindh,Karachi,Provincial Highway,Average,Clear,Street Light,Van/Pickup,1,Road Condition,1,0,0,0,0,0,Low
2022,3,Monday,19,Balochistan,Hub,National Highway,Poor,Foggy,No Light,Van/Pickup,2,Over Speeding,1,0,0,0,3,1,Medium
2023,2,Saturday,16,Sindh,Larkana,Provincial Highway,Average,Clear,Daylight,Van/Pickup,3,Pedestrian Error,0,1,0,1,0,0,Low
2022,1,Thursday,18,Punjab,Lahore,National Highway,Good,Clear,Daylight,Motorcycle,2,Drunk Driving,1,0,0,1,10,2,High
2022,12,Saturday,14,Balochistan,Dera Bugti,Provincial Highway,Average,Rainy,Daylight,Car/Taxi,1,Driver Fatigue,0,1,0,1,3,2,Medium
2022,2,Wednesday,20,Sindh,Jacobabad,Rural Road,Good,Clear,No Light,Motorcycle,1,Mechanical Failure,1,0,0,1,2,0,Low
2023,12,Sunday,9,Punjab,Lahore,Urban Road,Poor,Clear,Daylight,Car/Taxi,1,Drunk Driving,1,1,0,1,4,2,Medium
2023,2,Thursday,3,Sindh,Nawabshah,Provincial Highway,Poor,Dusty/Smoggy,Street Light,Van/Pickup,1,Wrong Overtaking,0,0,1,1,5,0,Medium
2023,11,Wednesday,9,Punjab,Lahore,Provincial Highway,Average,Clear,No Light,Rickshaw,4,Over Speeding,1,0,0,1,0,0,Low
2018,5,Monday,9,Balochistan,Sibi,Provincial Highway,Good,Clear,Dawn/Dusk,Motorcycle,2,Over Speeding,1,0,0,0,2,1,High
2020,11,Monday,16,Sindh,Sukkur,National Highway,Good,Extreme Heat,Daylight,Rickshaw,1,Drunk Driving,0,0,0,1,7,0,High
2019,9,Friday,15,KPK,Mardan,Provincial Highway,Poor,Foggy,Daylight,Car/Taxi,1,Mechanical Failure,0,0,0,0,2,1,Low
2023,9,Friday,12,Punjab,Sargodha,Urban Road,Poor,Clear,Daylight,Motorcycle,2,Road Condition,1,0,0,0,1,1,Medium
2023,5,Monday,23,Punjab,Lahore,Rural Road,Good,Clear,Street Light,Bus/Coach,2,Pedestrian Error,0,0,1,0,0,0,Low
2020,10,Friday,16,AJK,Rawalakot,Urban Road,Average,Clear,Street Light,Truck/Lorry,1,Drunk Driving,0,0,0,0,1,2,Medium
2019,12,Sunday,0,KPK,Bannu,Urban Road,Good,Clear,No Light,Car/Taxi,1,Wrong Overtaking,0,1,1,1,0,0,Low
2019,10,Friday,18,Punjab,Multan,National Highway,Average,Rainy,Daylight,Motorcycle,3,Over Speeding,1,0,0,0,10,1,High
2023,12,Tuesday,0,Punjab,Rahim Yar Khan,National Highway,Average,Foggy,Street Light,Motorcycle,2,Mobile Phone Use,0,0,1,1,6,2,High
2018,10,Monday,16,Punjab,Faisalabad,National Highway,Poor,Clear,Daylight,Bus/Coach,1,Wrong Overtaking,0,0,0,0,9,2,High
2018,4,Sunday,10,Sindh,Larkana,National Highway,Good,Foggy,No Light,Motorcycle,4,Driver Fatigue,0,1,0,0,8,1,High
2021,5,Thursday,23,KPK,Bannu,Rural Road,Poor,Rainy,No Light,Motorcycle,2,Over Speeding,0,0,1,0,10,2,High
2019,3,Friday,10,KPK,Charsadda,Urban Road,Under Repair,Clear,Daylight,Rickshaw,1,Over Speeding,0,0,0,0,2,0,Medium
2023,7,Friday,5,Sindh,Mirpur Khas,Provincial Highway,Good,Clear,No Light,Car/Taxi,2,Over Speeding,0,0,1,0,10,0,High
2020,3,Tuesday,17,KPK,Charsadda,National Highway,Average,Foggy,Daylight,Car/Taxi,3,Signal Violation,1,0,0,0,11,1,High
2023,10,Thursday,11,Sindh,Jacobabad,Urban Road,Good,Clear,Dawn/Dusk,Rickshaw,2,Signal Violation,0,0,0,0,1,0,Low
2022,2,Wednesday,4,Punjab,Multan,Provincial Highway,Average,Foggy,Street Light,Motorcycle,2,Driver Fatigue,0,0,1,1,5,4,High
2022,10,Saturday,17,Sindh,Sukkur,National Highway,Poor,Clear,Daylight,Rickshaw,1,Road Condition,1,1,0,0,1,0,Low
2023,9,Saturday,7,Islamabad,Islamabad,Urban Road,Good,Clear,Daylight,Motorcycle,1,Wrong Overtaking,1,1,0,0,0,0,Low
2023,12,Friday,0,KPK,Peshawar,National Highway,Average,Clear,No Light,Motorcycle,2,Wrong Overtaking,0,0,1,1,10,0,High
2020,12,Saturday,10,Sindh,Sukkur,Provincial Highway,Average,Foggy,Dawn/Dusk,Rickshaw,2,Over Speeding,0,1,0,1,4,2,Medium
2020,1,Sunday,21,Sindh,Thatta,Provincial Highway,Good,Dusty/Smoggy,No Light,Motorcycle,1,Wrong Overtaking,0,1,0,1,3,2,Medium
2023,1,Tuesday,11,Islamabad,Islamabad,Provincial Highway,Under Repair,Rainy,Daylight,Motorcycle,1,Wrong Overtaking,0,0,0,1,3,0,Medium