year,month,day_of_week,hour_of_day,province,district,road_type,road_condition,weather_condition,lighting_condition,vehicle_type,vehicles_involved,accident_cause,is_rush_hour,is_weekend,is_night,is_foggy_month,num_injured,num_killed,severity
2023,8,Saturday,19,Sindh,Dadu,National Highway,Good,Clear,Dawn/Dusk,Motorcycle,1,Signal Violation,1,1,0,0,10,2,High
2023,6,Saturday,10,Punjab,Sheikhupura,National Highway,Good,Clear,Daylight,Motorcycle,1,Over Speeding,0,1,0,0,7,3,High
2021,3,Friday,16,AJK,Muzaffarabad,Rural Road,Under Repair,Clear,Daylight,Car/Taxi,1,Wrong Overtaking,0,0,0,0,0,0,Low
2022,11,Monday,5,Balochistan,Gwadar,National Highway,Good,Rainy,Daylight,Car/Taxi,2,Pedestrian Error,0,0,1,1,5,0,Medium
2023,10,Tuesday,18,Punjab,Sialkot,National Highway,Good,Clear,Daylight,Motorcycle,2,Road Condition,1,0,0,0,3,2,Medium
2018,9,Friday,13,Sindh,Jacobabad,Motorway,Good,Clear,Daylight,Motorcycle,3,Driver Fatigue,1,0,0,0,3,2,High
2023,10,Friday,20,Punjab,Sialkot,Rural Road,Poor,Dusty/Smoggy,Street Light,Motorcycle,2,Over Speeding,1,0,0,0,8,1,High
2018,6,Thursday,21,Punjab,Gujranwala,Provincial Highway,Average,Clear,No Light,Car/Taxi,2,Over Speeding,0,0,0,0,1,0,Low
2022,3,Saturday,13,Islamabad,Islamabad,Urban Road,Average,Rainy,Daylight,Rickshaw,1,Road Condition,1,1,0,0,1,1,Low
2019,9,Thursday,14,Punjab,Faisalabad,Rural Road,Good,Clear,Daylight,Motorcycle,2,Over Speeding,0,0,0,0,3,0,Medium
2023,3,Friday,0,Balochistan,Khuzdar,Rural Road,Average,Rainy,No Light,Car/Taxi,2,Signal Violation,0,0,1,0,5,0,Medium
2023,1,Friday,22,Punjab,Sheikhupura,Provincial Highway,Good,Clear,No Light,Motorcycle,2,Wrong Overtaking,0,0,1,1,6,0,High
2021,7,Wednesday,18,Sindh,Jacobabad,Provincial Highway,Good,Clear,Street Light,Motorcycle,2,Over Speeding,1,0,0,0,5,0,Medium
2022,9,Saturday,9,Punjab,Rahim Yar Khan,Urban Road,Average,Clear,Daylight,Bicycle,1,Over Speeding,1,1,0,0,3,0,Medium
2023,8,Saturday,19,KPK,Mardan,Provincial Highway,Good,Foggy,Dawn/Dusk,Car/Taxi,1,Drunk Driving,1,1,0,0,3,1,Medium
2020,6,Saturday,18,Sindh,Karachi,National Highway,Average,Clear,Daylight,Motorcycle,2,Pedestrian Error,1,1,0,0,3,0,Medium
2023,6,Wednesday,13,Sindh,Karachi,National Highway,Poor,Clear,Dawn/Dusk,Car/Taxi,2,Wrong Overtaking,1,0,0,0,1,0,Low
2022,6,Friday,18,Punjab,Lahore,Provincial Highway,Good,Clear,Dawn/Dusk,Bus/Coach,1,Road Condition,1,0,0,0,3,1,Medium
2020,10,Sunday,5,Punjab,Sialkot,Provincial Highway,Good,Clear,Dawn/Dusk,Car/Taxi,3,Over Speeding,0,1,1,0,4,0,Medium
2019,5,Saturday,21,Punjab,Gujranwala,Provincial Highway,Good,Clear,No Light,Motorcycle,1,Wrong Overtaking,0,1,0,0,3,0,Medium
2022,11,Thursday,18,Punjab,Sargodha,Provincial Highway,Average,Foggy,No Light,Rickshaw,2,Over Speeding,1,0,0,1,2,0,Medium
2023,12,Wednesday,19,Sindh,Mirpur Khas,Provincial Highway,Average,Foggy,Dawn/Dusk,Motorcycle,1,Road Condition,1,0,0,1,5,0,Medium
2021,2,Saturday,16,Sindh,Dadu,National Highway,Poor,Clear,Street Light,Bicycle,1,Over Speeding,0,1,0,1,8,1,High
2019,8,Monday,20,Sindh,Karachi,Urban Road,Good,Clear,Street Light,Car/Taxi,2,Over Speeding,1,0,0,0,1,1,Low
2018,5,Friday,7,Sindh,Dadu,Provincial Highway,Good,Clear,Daylight,Motorcycle,2,Drunk Driving,1,0,0,0,5,0,Medium
2019,3,Thursday,7,Punjab,Multan,Provincial Highway,Average,Foggy,Dawn/Dusk,Bus/Coach,2,Drunk Driving,1,0,0,0,3,2,High
2019,1,Saturday,17,Punjab,Rahim Yar Khan,Rural Road,Under Repair,Rainy,Daylight,Motorcycle,1,Wrong Overtaking,1,1,0,1,9,1,High
2018,3,Friday,13,Punjab,Sargodha,Urban Road,Good,Clear,Daylight,Motorcycle,2,Over Speeding,1,0,0,0,1,0,Medium
2021,3,Thursday,16,Balochistan,Turbat,Urban Road,Under Repair,Clear,Daylight,Motorcycle,3,Drunk Driving,0,0,0,0,2,0,High
2018,7,Friday,9,Sindh,Sukkur,Urban Road,Good,Clear,Daylight,Rickshaw,3,Weather Condition,1,0,0,0,0,0,Low
2020,2,Sunday,20,Punjab,Multan,Urban Road,Good,Clear,No Light,Bicycle,1,Over Speeding,1,1,0,1,2,3,High
2023,7,Sunday,18,Punjab,Gujranwala,Provincial Highway,Poor,Foggy,Daylight,Rickshaw,4,Driver Fatigue,1,1,0,0,1,0,Medium
2023,10,Tuesday,9,Balochistan,Turbat,National Highway,Under Repair,Clear,Street Light,Motorcycle,3,Over Speeding,1,0,0,0,10,2,High
2023,3,Monday,12,KPK,Nowshera,National Highway,Good,Clear,Daylight,Bus/Coach,1,Mechanical Failure,1,0,0,0,0,0,Low
2019,5,Saturday,8,Sindh,Nawabshah,Rural Road,Good,Foggy,Daylight,Truck/Lorry,1,Over Speeding,1,1,0,0,3,1,High
2022,3,Saturday,8,Punjab,Sheikhupura,National Highway,Average,Clear,Dawn/Dusk,Car/Taxi,3,Mechanical Failure,1,1,0,0,0,0,Low
2023,7,Tuesday,16,Punjab,Sargodha,Urban Road,Good,Clear,No Light,Van/Pickup,2,Drunk Driving,0,0,0,0,2,0,Low
2019,5,Wednesday,18,AJK,Mirpur,National Highway,Average,Foggy,Daylight,Bicycle,2,Wrong Overtaking,1,0,0,0,9,3,High
2023,4,Friday,18,KPK,Dera Ismail Khan,Rural Road,Poor,Clear,Daylight,Motorcycle,2,Road Condition,1,0,0,0,4,1,Medium
2020,12,Monday,17,Punjab,Faisalabad,National Highway,Poor,Clear,Daylight,Motorcycle,1,Road Condition,1,0,0,1,5,1,Medium
2021,5,Wednesday,12,Balochistan,Khuzdar,Rural Road,Average,Foggy,Dawn/Dusk,Rickshaw,1,Road Condition,1,0,0,0,0,1,Low
2023,12,Thursday,20,KPK,Abbottabad,Rural Road,Poor,Rainy,No Light,Motorcycle,1,Over Speeding,1,0,0,1,5,1,High
2023,12,Tuesday,3,Punjab,Bahawalpur,National Highway,Good,Foggy,No Light,Motorcycle,2,Drunk Driving,0,0,1,1,8,4,High
2021,11,Tuesday,13,Sindh,Thatta,Rural Road,Poor,Dusty/Smoggy,Dawn/Dusk,Motorcycle,1,Wrong Overtaking,1,0,0,1,1,0,Medium
2022,12,Friday,19,Punjab,Rawalpindi,National Highway,Good,Clear,Dawn/Dusk,Car/Taxi,2,Wrong Overtaking,1,0,0,1,3,0,Medium
2018,11,Friday,18,Punjab,Bahawalpur,Urban Road,Good,Dusty/Smoggy,Daylight,Car/Taxi,2,Driver Fatigue,1,0,0,1,1,1,Medium
2023,10,Monday,16,KPK,Kohat,Provincial Highway,Good,Foggy,Daylight,Car/Taxi,1,Pedestrian Error,0,0,0,0,5,0,Medium
2018,7,Sunday,19,Punjab,Multan,Motorway,Under Repair,Clear,Street Light,Motorcycle,1,Road Condition,1,1,0,0,10,2,High
2022,7,Monday,18,KPK,Swat,Provincial Highway,Average,Clear,Daylight,Truck/Lorry,2,Wrong Overtaking,1,0,0,0,2,1,Medium
2018,8,Tuesday,5,Gilgit-Baltistan,Hunza,National Highway,Good,Rainy,Dawn/Dusk,Car/Taxi,2,Drunk Driving,0,0,1,0,5,1,High
2020,10,Tuesday,22,Punjab,Lahore,National Highway,Good,Extreme Heat,Street Light,Car/Taxi,1,Road Condition,0,0,1,0,3,0,Medium
2019,1,Wednesday,8,Sindh,Jacobabad,Provincial Highway,Average,Dusty/Smoggy,Daylight,Bus/Coach,3,Driver Fatigue,1,0,0,1,5,2,High
2022,12,Wednesday,19,KPK,Dera Ismail Khan,Provincial Highway,Poor,Clear,Daylight,Motorcycle,2,Road Condition,1,0,0,1,0,0,Low
2022,6,Thursday,16,KPK,Dera Ismail Khan,Motorway,Average,Foggy,Daylight,Motorcycle,1,Wrong Overtaking,0,0,0,0,8,0,High
2022,6,Tuesday,9,KPK,Swat,Provincial Highway,Average,Clear,Daylight,Bus/Coach,1,Wrong Overtaking,1,0,0,0,2,0,Medium
2020,1,Saturday,5,Punjab,Faisalabad,Rural Road,Good,Clear,Street Light,Rickshaw,3,Signal Violation,0,1,1,1,1,0,Low
2021,12,Thursday,20,Sindh,Karachi,Rural Road,Poor,Clear,Street Light,Car/Taxi,1,Wrong Overtaking,1,0,0,1,0,0,Low
2020,1,Saturday,10,Sindh,Sukkur,National Highway,Good,Clear,Daylight,Motorcycle,1,Signal Violation,0,1,0,1,5,1,Medium
2021,11,Saturday,12,AJK,Muzaffarabad,Rural Road,Average,Clear,Street Light,Motorcycle,2,Signal Violation,1,1,0,1,2,0,Low
2023,11,Sunday,18,Punjab,Gujranwala,National Highway,Poor,Rainy,Street Light,Bus/Coach,2,Road Condition,1,1,0,1,4,2,Medium
2023,12,Sunday,20,Islamabad,Islamabad,Rural Road,Good,Dusty/Smoggy,Street Light,Motorcycle,1,Signal Violation,1,1,0,1,2,0,Medium
2020,6,Sunday,21,Punjab,Sialkot,Motorway,Average,Foggy,No Light,Rickshaw,2,Drunk Driving,0,1,0,0,3,0,Medium
2020,11,Sunday,11,AJK,Rawalakot,National Highway,Under Repair,Clear,Daylight,Van/Pickup,1,Road Condition,0,1,0,1,5,1,Medium
2019,6,Thursday,13,KPK,Mansehra,Urban Road,Good,Clear,Daylight,Car/Taxi,1,Over Speeding,1,0,0,0,5,0,Medium
2018,9,Tuesday,21,Sindh,Nawabshah,Provincial Highway,Average,Clear,No Light,Car/Taxi,1,Over Speeding,0,0,0,0,4,1,Medium
2022,10,Sunday,15,Sindh,Jacobabad,Provincial Highway,Average,Clear,Daylight,Motorcycle,1,Over Speeding,0,1,0,0,4,2,Medium
2023,9,Sunday,21,Punjab,Lahore,Urban Road,Under Repair,Clear,Street Light,Motorcycle,2,Pedestrian Error,0,1,0,0,0,0,Low
2023,4,Thursday,20,Punjab,Multan,Rural Road,Average,Extreme Heat,Street Light,Truck/Lorry,2,Pedestrian Error,1,0,0,0,2,0,Low
2019,11,Saturday,16,Punjab,Rahim Yar Khan,Urban Road,Good,Rainy,Daylight,Car/Taxi,1,Road Condition,0,1,0,1,0,0,Low
2023,12,Monday,12,Punjab,Rahim Yar Khan,Motorway,Good,Clear,Daylight,Van/Pickup,4,Pedestrian Error,1,0,0,1,1,0,Low
2018,9,Monday,6,Punjab,Sheikhupura,Motorway,Average,Rainy,Daylight,Car/Taxi,4,Over Speeding,0,0,0,0,9,4,High
2020,1,Sunday,19,KPK,Dera Ismail Khan,Rural Road,Good,Clear,Dawn/Dusk,Van/Pickup,2,Mechanical Failure,1,1,0,1,1,0,Low
2023,12,Tuesday,21,Sindh,Hyderabad,Urban Road,Average,Clear,No Light,Truck/Lorry,3,Over Speeding,0,0,0,1,5,0,Medium
2023,3,Tuesday,12,Punjab,Bahawalpur,National Highway,Good,Clear,Daylight,Car/Taxi,2,Wrong Overtaking,1,0,0,0,1,0,Medium
2020,5,Saturday,18,Balochistan,Loralai,Urban Road,Good,Foggy,Daylight,Car/Taxi,2,Wrong Overtaking,1,1,0,0,0,0,Low
2021,10,Sunday,15,Sindh,Jacobabad,National Highway,Good,Clear,Daylight,Bus/Coach,4,Mechanical Failure,0,1,0,0,4,0,Medium
2018,9,Sunday,23,Islamabad,Islamabad,Motorway,Good,Rainy,No Light,Car/Taxi,1,Road Condition,0,1,1,0,1,0,Medium
2022,8,Monday,23,KPK,Abbottabad,Motorway,Poor,Dusty/Smoggy,Street Light,Rickshaw,2,Signal Violation,0,0,1,0,4,1,Medium
2019,2,Tuesday,9,Punjab,Faisalabad,Provincial Highway,Good,Clear,Daylight,Rickshaw,2,Mobile Phone Use,1,0,0,1,1,0,Low
2022,9,Friday,16,Sindh,Hyderabad,National Highway,Good,Clear,Daylight,Rickshaw,1,Drunk Driving,0,0,0,0,3,2,Medium
2023,12,Friday,9,Sindh,Sukkur,Rural Road,Poor,Clear,Daylight,Truck/Lorry,2,Wrong Overtaking,1,0,0,1,0,0,Low
2023,2,Friday,16,Punjab,Rawalpindi,Provincial Highway,Poor,Clear,Daylight,Van/Pickup,3,Wrong Overtaking,0,0,0,1,3,0,Medium
2021,5,Friday,9,Punjab,Rahim Yar Khan,Provincial Highway,Good,Foggy,Daylight,Car/Taxi,2,Pedestrian Error,1,0,0,0,4,1,Medium
2018,1,Tuesday,19,Punjab,Faisalabad,Urban Road,Average,Clear,No Light,Motorcycle,2,Drunk Driving,1,0,0,1,2,0,Medium
2018,12,Friday,13,Punjab,Sargodha,National Highway,Good,Clear,Street Light,Motorcycle,2,Road Condition,1,0,0,1,5,0,Medium
2023,11,Monday,18,Sindh,Hyderabad,Provincial Highway,Under Repair,Clear,Daylight,Car/Taxi,2,Road Condition,1,0,0,1,0,0,Low
2018,8,Friday,18,Sindh,Nawabshah,Provincial Highway,Good,Clear,Daylight,Motorcycle,2,Road Condition,1,0,0,0,0,0,Low
2022,12,Monday,21,Punjab,Gujranwala,Motorway,Average,Clear,No Light,Motorcycle,1,Mechanical Failure,0,0,0,1,10,3,High
2023,5,Tuesday,19,KPK,Nowshera,National Highway,Average,Extreme Heat,No Light,Rickshaw,1,Over Speeding,1,0,0,0,4,0,Medium
2022,6,Tuesday,20,Sindh,Jacobabad,National Highway,Under Repair,Dusty/Smoggy,Street Light,Van/Pickup,2,Over Speeding,1,0,0,0,5,1,Medium
2023,7,Monday,13,Punjab,Bahawalpur,Urban Road,Good,Clear,Street Light,Motorcycle,1,Mechanical Failure,1,0,0,0,1,0,Medium
2021,5,Tuesday,10,Punjab,Multan,National Highway,Under Repair,Clear,Daylight,Car/Taxi,2,Road Condition,0,0,0,0,3,1,Medium
2020,6,Wednesday,17,Punjab,Rahim Yar Khan,Urban Road,Good,Clear,Daylight,Car/Taxi,2,Wrong Overtaking,1,0,0,0,1,0,Low
2023,6,Friday,12,Punjab,Gujranwala,Provincial Highway,Poor,Foggy,Daylight,Motorcycle,2,Drunk Driving,1,0,0,0,5,1,High
2018,4,Friday,17,Punjab,Rahim Yar Khan,National Highway,Average,Clear,Daylight,Motorcycle,4,Pedestrian Error,1,0,0,0,3,3,High
2023,1,Sunday,22,Punjab,Multan,Provincial Highway,Average,Foggy,No Light,Motorcycle,3,Over Speeding,0,1,1,1,2,1,High
2021,6,Sunday,13,Sindh,Jacobabad,Urban Road,Under Repair,Foggy,Daylight,Motorcycle,2,Over Speeding,1,1,0,0,10,1,High
2021,12,Monday,19,Sindh,Sukkur,National Highway,Under Repair,Rainy,Street Light,Car/Taxi,1,Drunk Driving,1,0,0,1,11,0,High
2022,2,Friday,18,Punjab,Rahim Yar Khan,National Highway,Average,Clear,Street Light,Car/Taxi,3,Driver Fatigue,1,0,0,1,2,1,High
2021,12,Friday,19,Punjab,Faisalabad,National Highway,Under Repair,Clear,Daylight,Bus/Coach,2,Signal Violation,1,0,0,1,4,1,Medium
2023,8,Thursday,22,Sindh,Larkana,Provincial Highway,Poor,Rainy,No Light,Car/Taxi,1,Wrong Overtaking,0,0,1,0,4,0,Medium
2019,5,Friday,13,Balochistan,Hub,Rural Road,Good,Foggy,No Light,Car/Taxi,1,Road Condition,1,0,0,0,1,0,Low
2020,11,Monday,6,KPK,Peshawar,National Highway,Poor,Clear,Daylight,Motorcycle,3,Over Speeding,0,0,0,1,5,2,High
2021,7,Sunday,18,Sindh,Sukkur,Rural Road,Poor,Rainy,Daylight,Car/Taxi,2,Over Speeding,1,1,0,0,5,0,Medium
2020,11,Sunday,8,Punjab,Bahawalpur,Rural Road,Good,Foggy,Dawn/Dusk,Truck/Lorry,2,Mechanical Failure,1,1,0,1,1,0,Low
2021,7,Friday,22,Punjab,Gujranwala,Provincial Highway,Average,Clear,No Light,Bus/Coach,2,Drunk Driving,0,0,1,0,4,0,High
2021,10,Wednesday,21,Balochistan,Quetta,National Highway,Good,Clear,No Light,Motorcycle,1,Pedestrian Error,0,0,0,0,9,3,High
2021,7,Sunday,9,Punjab,Multan,Urban Road,Good,Clear,Dawn/Dusk,Motorcycle,2,Over Speeding,1,1,0,0,5,0,Medium
2023,4,Saturday,16,AJK,Muzaffarabad,Urban Road,Good,Foggy,Dawn/Dusk,Bus/Coach,3,Over Speeding,0,1,0,0,11,0,High
2023,11,Tuesday,5,KPK,Charsadda,National Highway,Good,Clear,No Light,Motorcycle,2,Wrong Overtaking,0,0,1,1,10,1,High
2019,3,Wednesday,9,KPK,Mardan,Urban Road,Average,Foggy,Daylight,Bus/Coach,4,Driver Fatigue,1,0,0,0,10,1,High
2020,6,Thursday,13,Punjab,Sheikhupura,Rural Road,Average,Clear,Street Light,Truck/Lorry,2,Pedestrian Error,1,0,0,0,2,0,Low
2019,7,Thursday,7,Sindh,Kashmore,National Highway,Poor,Clear,Daylight,Bus/Coach,2,Drunk Driving,1,0,0,0,5,0,Medium
2018,8,Wednesday,14,Sindh,Karachi,National Highway,Average,Foggy,Daylight,Motorcycle,1,Over Speeding,0,0,0,0,6,2,High
2020,11,Monday,17,Punjab,Rahim Yar Khan,Urban Road,Good,Foggy,Daylight,Van/Pickup,1,Over Speeding,1,0,0,1,1,1,Medium
2023,8,Sunday,10,Punjab,Bahawalpur,Provincial Highway,Good,Clear,Daylight,Car/Taxi,1,Driver Fatigue,0,1,0,0,3,0,Medium
2022,11,Monday,18,Balochistan,Chaman,Rural Road,Poor,Dusty/Smoggy,Street Light,Motorcycle,2,Over Speeding,1,0,0,1,1,0,Medium
2023,4,Tuesday,21,Sindh,Nawabshah,Provincial Highway,Poor,Clear,No Light,Motorcycle,1,Road Condition,0,0,0,0,5,2,Medium
2022,7,Monday,11,Punjab,Lahore,Rural Road,Average,Clear,Daylight,Car/Taxi,1,Pedestrian Error,0,0,0,0,2,0,Low
2018,12,Tuesday,7,Punjab,Sheikhupura,Provincial Highway,Good,Dusty/Smoggy,Daylight,Motorcycle,2,Over Speeding,1,0,0,1,8,1,High
2021,1,Sunday,8,KPK,Dera Ismail Khan,National Highway,Average,Rainy,Dawn/Dusk,Car/Taxi,2,Over Speeding,1,1,0,1,9,2,High
2021,4,Monday,21,KPK,Abbottabad,Provincial Highway,Under Repair,Rainy,Street Light,Motorcycle,2,Over Speeding,0,0,0,0,7,1,High
2022,6,Thursday,8,Sindh,Karachi,Provincial Highway,Good,Rainy,Daylight,Car/Taxi,1,Driver Fatigue,1,0,0,0,4,0,Medium
2019,5,Tuesday,13,Sindh,Jacobabad,National Highway,Under Repair,Clear,Daylight,Motorcycle,3,Mechanical Failure,1,0,0,0,5,1,Medium
2021,3,Tuesday,14,Sindh,Kashmore,National Highway,Poor,Rainy,Daylight,Car/Taxi,2,Over Speeding,0,0,0,0,1,0,Medium
2021,3,Friday,17,Sindh,Mirpur Khas,Provincial Highway,Average,Dusty/Smoggy,Daylight,Truck/Lorry,2,Mechanical Failure,1,0,0,0,2,0,Low
2022,6,Thursday,8,Punjab,Faisalabad,Motorway,Under Repair,Rainy,Daylight,Bus/Coach,2,Drunk Driving,1,0,0,0,4,2,High
2023,2,Monday,6,Islamabad,Islamabad,Provincial Highway,Good,Foggy,Daylight,Car/Taxi,2,Over Speeding,0,0,0,1,2,2,Medium
2022,7,Sunday,8,Sindh,Karachi,National Highway,Good,Clear,Daylight,Motorcycle,3,Mechanical Failure,1,1,0,0,3,1,Medium
2022,12,Saturday,6,Punjab,Sialkot,National Highway,Good,Clear,Dawn/Dusk,Bus/Coach,3,Road Condition,0,1,0,1,3,0,Medium
2019,9,Wednesday,20,Sindh,Karachi,Provincial Highway,Average,Foggy,No Light,Motorcycle,2,Mechanical Failure,1,0,0,0,2,0,Medium
2021,10,Sunday,9,KPK,Mansehra,National Highway,Good,Clear,Street Light,Motorcycle,1,Wrong Overtaking,1,1,0,0,4,0,Medium
2022,10,Thursday,15,Punjab,Lahore,Urban Road,Average,Foggy,Daylight,Car/Taxi,1,Over Speeding,0,0,0,0,1,0,Low
2021,9,Friday,8,Punjab,Sargodha,Rural Road,Poor,Extreme Heat,Street Light,Motorcycle,2,Road Condition,1,0,0,0,2,0,Low
2020,10,Thursday,9,KPK,Nowshera,Rural Road,Good,Clear,Daylight,Motorcycle,2,Wrong Overtaking,1,0,0,0,3,0,Medium
2023,11,Tuesday,18,Punjab,Rahim Yar Khan,Rural Road,Good,Extreme Heat,Daylight,Rickshaw,2,Over Speeding,1,0,0,1,3,0,Medium
2022,7,Wednesday,15,KPK,Swat,Rural Road,Under Repair,Clear,Dawn/Dusk,Motorcycle,1,Signal Violation,0,0,0,0,5,0,Medium
2020,6,Monday,9,Punjab,Sargodha,Urban Road,Poor,Dusty/Smoggy,Daylight,Car/Taxi,2,Driver Fatigue,1,0,0,0,5,0,Medium
2021,1,Friday,8,KPK,Charsadda,Provincial Highway,Poor,Clear,Daylight,Motorcycle,4,Pedestrian Error,1,0,0,1,0,0,Low
2022,2,Friday,17,Punjab,Bahawalpur,Rural Road,Poor,Foggy,Daylight,Car/Taxi,3,Over Speeding,1,0,0,1,2,0,Low
2023,4,Saturday,10,Punjab,Rawalpindi,Motorway,Good,Clear,Daylight,Car/Taxi,2,Over Speeding,0,1,0,0,1,1,Medium
2019,12,Tuesday,7,Balochistan,Chaman,National Highway,Average,Clear,Daylight,Motorcycle,3,Drunk Driving,1,0,0,1,3,0,High
2020,12,Monday,11,Sindh,Sukkur,Provincial Highway,Poor,Rainy,Daylight,Bus/Coach,2,Wrong Overtaking,0,0,0,1,3,1,Medium
2023,1,Friday,12,Punjab,Gujranwala,Urban Road,Good,Clear,Daylight,Motorcycle,2,Signal Violation,1,0,0,1,1,0,Low
2022,10,Monday,18,Punjab,Lahore,Provincial Highway,Good,Extreme Heat,Daylight,Motorcycle,2,Mechanical Failure,1,0,0,0,2,0,Low
2022,12,Wednesday,3,Sindh,Jacobabad,Urban Road,Good,Clear,Street Light,Bicycle,1,Wrong Overtaking,0,0,1,1,6,1,High
2023,6,Thursday,23,Sindh,Kashmore,Rural Road,Average,Extreme Heat,No Light,Car/Taxi,1,Over Speeding,0,0,1,0,0,0,Low
2019,2,Tuesday,7,Gilgit-Baltistan,Hunza,Urban Road,Good,Clear,Daylight,Motorcycle,2,Over Speeding,1,0,0,1,8,0,High
2019,2,Thursday,17,AJK,Rawalakot,National Highway,Average,Foggy,Daylight,Motorcycle,2,Signal Violation,1,0,0,1,2,2,High
2021,1,Sunday,10,Sindh,Nawabshah,Rural Road,Poor,Clear,Daylight,Truck/Lorry,1,Wrong Overtaking,0,1,0,1,2,0,Medium
2020,2,Saturday,17,Sindh,Mirpur Khas,Provincial Highway,Average,Extreme Heat,Daylight,Car/Taxi,3,Road Condition,1,1,0,1,2,1,Low
2021,12,Monday,18,Sindh,Kashmore,Motorway,Good,Foggy,Daylight,Motorcycle,1,Over Speeding,1,0,0,1,4,0,High
2019,2,Friday,12,KPK,Swat,Provincial Highway,Average,Dusty/Smoggy,Daylight,Motorcycle,2,Mechanical Failure,1,0,0,1,0,0,Low
2023,1,Tuesday,18,Punjab,Gujranwala,National Highway,Good,Foggy,Daylight,Rickshaw,2,Wrong Overtaking,1,0,0,1,3,2,High
2021,3,Tuesday,16,Punjab,Sargodha,National Highway,Good,Clear,Daylight,Motorcycle,3,Driver Fatigue,0,0,0,0,6,1,High
2021,11,Wednesday,19,Punjab,Bahawalpur,Rural Road,Good,Clear,Dawn/Dusk,Motorcycle,4,Wrong Overtaking,1,0,0,1,2,0,Medium
2022,6,Saturday,9,Punjab,Multan,Provincial Highway,Poor,Rainy,Daylight,Motorcycle,3,Over Speeding,1,1,0,0,5,0,High
2023,6,Tuesday,1,Punjab,Gujranwala,Urban Road,Poor,Dusty/Smoggy,No Light,Truck/Lorry,2,Over Speeding,0,0,1,0,5,2,High
2020,4,Friday,20,Sindh,Nawabshah,Urban Road,Under Repair,Dusty/Smoggy,No Light,Rickshaw,1,Wrong Overtaking,1,0,0,0,0,0,Low
2022,3,Wednesday,16,KPK,Bannu,Provincial Highway,Poor,Clear,Daylight,Motorcycle,3,Over Speeding,0,0,0,0,1,0,Medium
2022,12,Friday,14,Sindh,Kashmore,Urban Road,Average,Clear,Daylight,Car/Taxi,1,Over Speeding,0,0,0,1,0,0,Low
2019,6,Saturday,3,Punjab,Sialkot,National Highway,Average,Clear,No Light,Truck/Lorry,2,Driver Fatigue,0,1,1,0,7,0,High
2018,5,Saturday,13,Punjab,Sargodha,Urban Road,Poor,Clear,Daylight,Car/Taxi,2,Wrong Overtaking,1,1,0,0,0,1,Low
2023,1,Monday,17,Sindh,Thatta,Urban Road,Good,Foggy,Daylight,Motorcycle,2,Over Speeding,1,0,0,1,5,2,High
2022,11,Saturday,20,Punjab,Rawalpindi,National Highway,Good,Foggy,Street Light,Motorcycle,2,Over Speeding,1,1,0,1,4,0,High
2018,6,Sunday,7,Sindh,Mirpur Khas,National Highway,Poor,Clear,Daylight,Rickshaw,3,Mobile Phone Use,1,1,0,0,0,0,Low
2020,9,Saturday,18,AJK,Muzaffarabad,National Highway,Poor,Clear,No Light,Motorcycle,2,Road Condition,1,1,0,0,2,1,Medium
2020,3,Friday,0,Punjab,Multan,Rural Road,Average,Clear,No Light,Rickshaw,1,Road Condition,0,0,1,0,1,0,Low
2018,7,Saturday,18,Punjab,Faisalabad,Provincial Highway,Good,Rainy,Daylight,Truck/Lorry,2,Pedestrian Error,1,1,0,0,5,0,Medium
2018,1,Sunday,11,Sindh,Larkana,Provincial Highway,Good,Foggy,Street Light,Motorcycle,2,Mechanical Failure,0,1,0,1,1,1,Medium
2021,7,Friday,6,Islamabad,Islamabad,Provincial Highway,Poor,Clear,Daylight,Bus/Coach,2,Mechanical Failure,0,0,0,0,2,0,Low
2023,12,Saturday,18,KPK,Mardan,Provincial Highway,Poor,Clear,Daylight,Motorcycle,3,Driver Fatigue,1,1,0,1,4,2,High
2021,1,Thursday,11,Balochistan,Gwadar,National Highway,Average,Rainy,Street Light,Motorcycle,3,Mechanical Failure,0,0,0,1,1,0,Medium
2023,8,Wednesday,0,Punjab,Multan,Urban Road,Poor,Clear,No Light,Motorcycle,2,Over Speeding,0,0,1,0,9,2,High
2018,1,Sunday,18,Gilgit-Baltistan,Gilgit,Rural Road,Average,Clear,Daylight,Motorcycle,3,Driver Fatigue,1,1,0,1,7,0,High
2023,12,Saturday,20,Punjab,Rawalpindi,Motorway,Poor,Dusty/Smoggy,Street Light,Bus/Coach,2,Over Speeding,1,1,0,1,2,1,Medium
2019,1,Saturday,4,Punjab,Gujranwala,Rural Road,Average,Clear,No Light,Bicycle,2,Pedestrian Error,0,1,1,1,3,1,Medium
2020,10,Wednesday,10,Balochistan,Sibi,Provincial Highway,Good,Foggy,Daylight,Motorcycle,1,Wrong Overtaking,0,0,0,0,6,1,High
2023,11,Saturday,21,Islamabad,Islamabad,Urban Road,Average,Clear,No Light,Car/Taxi,1,Wrong Overtaking,0,1,0,1,0,0,Low
2018,3,Wednesday,11,Punjab,Lahore,National Highway,Poor,Foggy,Daylight,Car/Taxi,4,Over Speeding,0,0,0,0,6,1,High
2019,4,Friday,8,Punjab,Sargodha,Provincial Highway,Good,Rainy,Daylight,Motorcycle,3,Over Speeding,1,0,0,0,8,1,High
2020,4,Wednesday,5,Punjab,Rahim Yar Khan,Urban Road,Poor,Clear,Street Light,Car/Taxi,1,Pedestrian Error,0,0,1,0,2,0,Low