year,month,day_of_week,hour_of_day,province,district,road_type,road_condition,weather_condition,lighting_condition,vehicle_type,vehicles_involved,accident_cause,is_rush_hour,is_weekend,is_night,is_foggy_month,num_injured,num_killed,severity
2018,3,Saturday,16,Punjab,Lahore,Rural Road,Average,Clear,Daylight,Rickshaw,2,Driver Fatigue,0,1,0,0,1,0,Low
2019,6,Sunday,5,Punjab,Rahim Yar Khan,National Highway,Average,Rainy,Dawn/Dusk,Motorcycle,2,Over Speeding,0,1,1,0,9,1,High
2022,8,Thursday,6,AJK,Rawalakot,National Highway,Average,Dusty/Smoggy,Daylight,Truck/Lorry,2,Over Speeding,0,0,0,0,6,3,High
2018,7,Saturday,13,KPK,Peshawar,National Highway,Poor,Rainy,Daylight,Car/Taxi,1,Over Speeding,1,1,0,0,11,0,High
2021,11,Monday,7,KPK,Mardan,National Highway,Good,Rainy,Daylight,Motorcycle,1,Driver Fatigue,1,0,0,1,4,1,High
2018,7,Friday,13,KPK,Dera Ismail Khan,Rural Road,Under Repair,Dusty/Smoggy,Daylight,Car/Taxi,1,Road Condition,1,0,0,0,2,1,Low
2021,1,Friday,10,Sindh,Nawabshah,Urban Road,Poor,Clear,Daylight,Car/Taxi,2,Wrong Overtaking,0,0,0,1,1,0,Low
2023,11,Thursday,15,KPK,Bannu,Rural Road,Good,Foggy,Daylight,Car/Taxi,2,Signal Violation,0,0,0,1,3,2,Medium
2020,9,Saturday,14,Sindh,Sukkur,National Highway,Good,Clear,Daylight,Rickshaw,1,Mechanical Failure,0,1,0,0,2,0,Low
2022,7,Wednesday,23,Punjab,Gujranwala,Urban Road,Good,Clear,Street Light,Bus/Coach,1,Signal Violation,0,0,1,0,2,0,Medium
2019,10,Wednesday,22,Sindh,Thatta,Provincial Highway,Good,Foggy,No Light,Motorcycle,2,Signal Violation,0,0,1,0,2,2,High
2020,7,Sunday,14,Sindh,Kashmore,National Highway,Good,Clear,Daylight,Van/Pickup,1,Pedestrian Error,0,1,0,0,5,0,Medium
2022,12,Monday,8,KPK,Mansehra,Rural Road,Average,Clear,Daylight,Motorcycle,2,Mechanical Failure,1,0,0,1,0,0,Low
2019,6,Saturday,5,AJK,Rawalakot,Urban Road,Average,Clear,Dawn/Dusk,Car/Taxi,2,Mobile Phone Use,0,1,1,0,1,0,Low
2021,7,Thursday,8,Punjab,Faisalabad,Urban Road,Poor,Clear,Daylight,Van/Pickup,2,Signal Violation,1,0,0,0,0,0,Low
2018,1,Wednesday,16,KPK,Abbottabad,National Highway,Poor,Foggy,Daylight,Van/Pickup,2,Driver Fatigue,0,0,0,1,4,0,Medium
2018,3,Tuesday,17,Punjab,Sialkot,Urban Road,Poor,Clear,Daylight,Bus/Coach,2,Signal Violation,1,0,0,0,2,0,Low
2023,5,Tuesday,21,KPK,Kohat,Provincial Highway,Poor,Clear,Street Light,Car/Taxi,2,Wrong Overtaking,0,0,0,0,1,0,Low
2021,4,Friday,15,Punjab,Bahawalpur,National Highway,Poor,Rainy,Daylight,Motorcycle,1,Road Condition,0,0,0,0,3,1,High
2023,5,Friday,16,Punjab,Rahim Yar Khan,Urban Road,Average,Clear,Daylight,Car/Taxi,1,Wrong Overtaking,0,0,0,0,0,0,Low
2021,1,Monday,12,Punjab,Faisalabad,National Highway,Good,Rainy,Street Light,Motorcycle,2,Driver Fatigue,1,0,0,1,11,2,High
2021,7,Friday,11,Sindh,Hyderabad,Rural Road,Good,Clear,Daylight,Car/Taxi,2,Drunk Driving,0,0,0,0,1,0,Low
2021,4,Wednesday,23,Punjab,Multan,National Highway,Good,Clear,Street Light,Motorcycle,2,Over Speeding,0,0,1,0,8,1,High
2023,11,Tuesday,14,Islamabad,Islamabad,Provincial Highway,Poor,Clear,Daylight,Motorcycle,2,Over Speeding,0,0,0,1,11,1,High
2023,12,Saturday,12,Punjab,Sheikhupura,Provincial Highway,Good,Foggy,Daylight,Motorcycle,1,Driver Fatigue,1,1,0,1,10,2,High
2023,7,Thursday,16,Islamabad,Islamabad,Rural Road,Poor,Clear,Daylight,Car/Taxi,2,Wrong Overtaking,0,0,0,0,2,0,Low
2023,8,Friday,17,KPK,Kohat,National Highway,Under Repair,Rainy,Daylight,Motorcycle,1,Pedestrian Error,1,0,0,0,3,0,High
2022,8,Sunday,1,Punjab,Sargodha,Rural Road,Average,Extreme Heat,No Light,Motorcycle,2,Wrong Overtaking,0,1,1,0,5,0,Medium
2019,12,Sunday,18,Punjab,Sargodha,National Highway,Good,Rainy,Daylight,Car/Taxi,1,Mechanical Failure,1,1,0,1,2,0,Medium
2020,8,Thursday,11,KPK,Mansehra,Provincial Highway,Good,Foggy,Street Light,Car/Taxi,2,Over Speeding,0,0,0,0,3,1,Medium
2023,4,Monday,9,Sindh,Nawabshah,National Highway,Average,Clear,Daylight,Truck/Lorry,1,Over Speeding,1,0,0,0,4,3,High
2022,12,Friday,21,KPK,Bannu,Urban Road,Poor,Extreme Heat,Street Light,Rickshaw,3,Over Speeding,0,0,0,1,0,0,Low
2018,4,Wednesday,19,Punjab,Multan,National Highway,Good,Foggy,Dawn/Dusk,Car/Taxi,3,Pedestrian Error,1,0,0,0,3,1,Medium
2021,1,Sunday,13,Sindh,Hyderabad,National Highway,Good,Clear,Daylight,Motorcycle,3,Pedestrian Error,1,1,0,1,11,3,High
2023,5,Saturday,13,AJK,Rawalakot,Provincial Highway,Good,Clear,Daylight,Rickshaw,2,Wrong Overtaking,1,1,0,0,0,0,Low
2018,7,Wednesday,4,Punjab,Sialkot,Urban Road,Good,Rainy,No Light,Car/Taxi,2,Signal Violation,0,0,1,0,3,0,Medium
2019,2,Sunday,15,Punjab,Multan,National Highway,Good,Clear,Daylight,Truck/Lorry,1,Pedestrian Error,0,1,0,1,1,0,Low
2023,6,Saturday,19,Punjab,Lahore,National Highway,Average,Rainy,Dawn/Dusk,Motorcycle,2,Over Speeding,1,1,0,0,11,0,High
2022,10,Friday,0,KPK,Swat,National Highway,Good,Clear,No Light,Motorcycle,1,Over Speeding,0,0,1,0,3,3,High
2022,1,Sunday,18,KPK,Mansehra,National Highway,Poor,Rainy,Daylight,Car/Taxi,2,Mechanical Failure,1,1,0,1,5,1,Medium
2022,6,Saturday,20,Punjab,Rawalpindi,National Highway,Good,Foggy,No Light,Motorcycle,1,Mechanical Failure,1,1,0,0,6,2,High
2018,5,Saturday,10,Punjab,Lahore,Rural Road,Poor,Foggy,Daylight,Van/Pickup,3,Drunk Driving,0,1,0,0,1,0,Medium
2023,10,Tuesday,14,Punjab,Faisalabad,Provincial Highway,Poor,Foggy,Daylight,Van/Pickup,1,Over Speeding,0,0,0,0,4,2,Medium
2022,9,Friday,10,Sindh,Nawabshah,Rural Road,Average,Clear,No Light,Car/Taxi,3,Signal Violation,0,0,0,0,0,0,Low
2023,3,Friday,20,Punjab,Lahore,National Highway,Average,Clear,No Light,Van/Pickup,2,Driver Fatigue,1,0,0,0,5,0,High
2021,11,Tuesday,15,AJK,Mirpur,Motorway,Poor,Clear,Daylight,Motorcycle,2,Wrong Overtaking,0,0,0,1,2,1,High
2019,2,Sunday,12,Sindh,Karachi,Rural Road,Average,Rainy,Daylight,Motorcycle,2,Signal Violation,1,1,0,1,9,3,High
2023,5,Sunday,5,Punjab,Lahore,Rural Road,Good,Rainy,Dawn/Dusk,Bus/Coach,1,Road Condition,0,1,1,0,3,0,Medium
2021,2,Saturday,12,Balochistan,Zhob,Urban Road,Good,Dusty/Smoggy,Daylight,Car/Taxi,2,Mechanical Failure,1,1,0,1,1,0,Low
2023,7,Friday,17,Sindh,Karachi,National Highway,Good,Foggy,Daylight,Bus/Coach,1,Road Condition,1,0,0,0,2,2,High
2021,9,Wednesday,17,Sindh,Dadu,Motorway,Under Repair,Extreme Heat,Daylight,Motorcycle,2,Signal Violation,1,0,0,0,1,0,Medium
2023,10,Saturday,9,Punjab,Faisalabad,Rural Road,Poor,Clear,Daylight,Motorcycle,2,Over Speeding,1,1,0,0,1,2,Medium
2021,2,Saturday,8,Punjab,Sheikhupura,Rural Road,Good,Foggy,Daylight,Truck/Lorry,4,Over Speeding,1,1,0,1,7,1,High
2020,8,Wednesday,20,Islamabad,Islamabad,Rural Road,Average,Clear,No Light,Motorcycle,2,Wrong Overtaking,1,0,0,0,1,1,Medium
2022,6,Wednesday,14,Sindh,Mirpur Khas,National Highway,Good,Foggy,Dawn/Dusk,Motorcycle,1,Road Condition,0,0,0,0,5,1,High
2018,10,Friday,19,Punjab,Gujranwala,Rural Road,Average,Rainy,Dawn/Dusk,Motorcycle,1,Driver Fatigue,1,0,0,0,1,0,Medium
2019,7,Saturday,20,Sindh,Kashmore,Provincial Highway,Average,Rainy,No Light,Bus/Coach,2,Road Condition,1,1,0,0,3,0,Medium
2022,1,Sunday,19,Balochistan,Chaman,Urban Road,Average,Extreme Heat,No Light,Motorcycle,2,Over Speeding,1,1,0,1,3,2,High
2023,12,Saturday,17,Punjab,Lahore,Motorway,Under Repair,Dusty/Smoggy,Daylight,Car/Taxi,1,Wrong Overtaking,1,1,0,1,1,0,Low
2020,8,Saturday,13,Sindh,Dadu,Rural Road,Good,Foggy,Dawn/Dusk,Motorcycle,1,Wrong Overtaking,1,1,0,0,8,0,High
2023,10,Tuesday,19,Islamabad,Islamabad,National Highway,Average,Clear,No Light,Car/Taxi,2,Over Speeding,1,0,0,0,10,1,High
2021,12,Wednesday,13,Punjab,Lahore,Urban Road,Under Repair,Rainy,Daylight,Motorcycle,1,Over Speeding,1,0,0,1,4,2,High
2023,6,Tuesday,8,KPK,Kohat,Rural Road,Good,Foggy,Daylight,Bicycle,1,Mechanical Failure,1,0,0,0,0,1,Low
2020,5,Tuesday,6,Sindh,Thatta,Provincial Highway,Good,Clear,Daylight,Rickshaw,4,Mobile Phone Use,0,0,0,0,0,0,Low
2023,9,Wednesday,19,KPK,Peshawar,National Highway,Average,Foggy,Dawn/Dusk,Truck/Lorry,3,Wrong Overtaking,1,0,0,0,1,0,Medium
2020,5,Tuesday,9,Punjab,Gujranwala,Provincial Highway,Good,Foggy,Dawn/Dusk,Motorcycle,4,Mobile Phone Use,1,0,0,0,5,2,Medium
2023,5,Tuesday,19,Punjab,Rawalpindi,Urban Road,Under Repair,Dusty/Smoggy,Dawn/Dusk,Motorcycle,3,Over Speeding,1,0,0,0,2,0,Medium
2023,6,Tuesday,4,KPK,Charsadda,Urban Road,Good,Clear,Street Light,Motorcycle,2,Over Speeding,0,0,1,0,7,1,High
2020,9,Wednesday,12,Punjab,Rawalpindi,Rural Road,Poor,Foggy,Daylight,Motorcycle,1,Pedestrian Error,1,0,0,0,3,0,Medium
2020,9,Friday,7,Punjab,Bahawalpur,Rural Road,Under Repair,Clear,Daylight,Bicycle,1,Road Condition,1,0,0,0,4,0,Medium
2018,4,Friday,12,Punjab,Faisalabad,Provincial Highway,Good,Clear,Daylight,Motorcycle,1,Road Condition,1,0,0,0,5,1,Medium
2018,5,Thursday,17,Punjab,Rahim Yar Khan,Urban Road,Poor,Foggy,Street Light,Bicycle,1,Weather Condition,1,0,0,0,1,0,Low
2023,11,Wednesday,5,AJK,Mirpur,National Highway,Good,Dusty/Smoggy,Daylight,Truck/Lorry,2,Mechanical Failure,0,0,1,1,4,1,Medium
2019,6,Saturday,13,Sindh,Sukkur,Urban Road,Poor,Rainy,Daylight,Motorcycle,1,Wrong Overtaking,1,1,0,0,4,0,Medium
2021,1,Friday,9,Islamabad,Islamabad,National Highway,Average,Clear,Street Light,Bus/Coach,1,Road Condition,1,0,0,1,1,0,Medium
2019,7,Saturday,9,Punjab,Lahore,National Highway,Good,Clear,Street Light,Van/Pickup,1,Mobile Phone Use,1,1,0,0,1,0,Low
2018,1,Wednesday,18,Sindh,Karachi,Provincial Highway,Good,Clear,Daylight,Motorcycle,3,Pedestrian Error,1,0,0,1,1,1,Medium
2021,11,Friday,11,Punjab,Multan,Rural Road,Average,Clear,No Light,Car/Taxi,2,Over Speeding,0,0,0,1,3,0,Medium
2019,2,Wednesday,21,KPK,Kohat,National Highway,Good,Clear,No Light,Motorcycle,1,Over Speeding,0,0,0,1,3,1,High
2023,5,Saturday,8,KPK,Abbottabad,Rural Road,Average,Clear,Daylight,Bus/Coach,2,Signal Violation,1,1,0,0,2,0,Low
2023,3,Thursday,14,Punjab,Faisalabad,Urban Road,Good,Clear,Daylight,Motorcycle,2,Signal Violation,0,0,0,0,5,0,Medium
2021,1,Friday,14,Balochistan,Quetta,Provincial Highway,Poor,Foggy,Daylight,Car/Taxi,2,Driver Fatigue,0,0,0,1,5,0,Medium
2021,2,Saturday,12,Punjab,Rawalpindi,Urban Road,Average,Clear,Daylight,Motorcycle,1,Signal Violation,1,1,0,1,0,1,Low
2022,7,Wednesday,18,Sindh,Karachi,Provincial Highway,Good,Clear,Dawn/Dusk,Van/Pickup,3,Signal Violation,1,0,0,0,3,2,Medium
2019,6,Wednesday,17,AJK,Mirpur,Motorway,Average,Foggy,Daylight,Van/Pickup,4,Road Condition,1,0,0,0,2,0,Medium
2022,7,Saturday,16,Balochistan,Dera Bugti,National Highway,Under Repair,Foggy,Daylight,Car/Taxi,3,Signal Violation,0,1,0,0,1,0,Medium
2020,8,Monday,5,Islamabad,Islamabad,National Highway,Good,Rainy,Dawn/Dusk,Truck/Lorry,1,Wrong Overtaking,0,0,1,0,2,2,High
2022,5,Saturday,16,Punjab,Sialkot,Rural Road,Good,Foggy,Daylight,Car/Taxi,2,Mechanical Failure,0,1,0,0,0,0,Low
2021,7,Sunday,17,Punjab,Rawalpindi,National Highway,Poor,Clear,Daylight,Motorcycle,2,Road Condition,1,1,0,0,10,4,High
2023,4,Wednesday,20,Punjab,Multan,National Highway,Average,Clear,No Light,Motorcycle,1,Over Speeding,1,0,0,0,7,0,High
2023,1,Monday,16,Sindh,Thatta,Rural Road,Average,Clear,No Light,Car/Taxi,3,Signal Violation,0,0,0,1,1,0,Low
2018,10,Sunday,0,KPK,Dera Ismail Khan,National Highway,Poor,Clear,Street Light,Truck/Lorry,2,Over Speeding,0,1,1,0,11,1,High
2022,11,Monday,15,Punjab,Gujranwala,Rural Road,Average,Clear,Daylight,Motorcycle,3,Over Speeding,0,0,0,1,1,2,Medium
2019,3,Sunday,7,Sindh,Mirpur Khas,Provincial Highway,Poor,Rainy,Daylight,Motorcycle,3,Road Condition,1,1,0,0,3,0,High
2020,12,Tuesday,18,Punjab,Bahawalpur,Provincial Highway,Good,Clear,Street Light,Truck/Lorry,1,Pedestrian Error,1,0,0,1,4,0,Medium
2021,7,Tuesday,21,Punjab,Rahim Yar Khan,National Highway,Good,Rainy,Street Light,Motorcycle,3,Mechanical Failure,0,0,0,0,2,2,High
2018,1,Thursday,13,KPK,Dera Ismail Khan,Urban Road,Good,Clear,Street Light,Bicycle,2,Mechanical Failure,1,0,0,1,1,1,Medium
2019,1,Tuesday,10,Sindh,Kashmore,Provincial Highway,Good,Extreme Heat,Street Light,Motorcycle,2,Road Condition,0,0,0,1,2,1,Medium
2022,7,Sunday,17,KPK,Swat,Provincial Highway,Good,Clear,Daylight,Van/Pickup,3,Mechanical Failure,1,1,0,0,1,0,Low
2021,10,Tuesday,16,Punjab,Bahawalpur,Urban Road,Poor,Foggy,Daylight,Motorcycle,2,Wrong Overtaking,0,0,0,0,2,1,Medium
2022,6,Thursday,17,KPK,Dera Ismail Khan,Rural Road,Average,Clear,Daylight,Bicycle,2,Drunk Driving,1,0,0,0,3,2,Medium
2022,10,Saturday,16,Punjab,Gujranwala,Urban Road,Good,Clear,Street Light,Van/Pickup,2,Road Condition,0,1,0,0,0,0,Low
2022,4,Thursday,1,Punjab,Sialkot,Urban Road,Poor,Dusty/Smoggy,Street Light,Bus/Coach,2,Driver Fatigue,0,0,1,0,4,0,Medium
2023,1,Wednesday,15,Sindh,Karachi,Rural Road,Average,Rainy,Daylight,Rickshaw,2,Wrong Overtaking,0,0,0,1,2,0,Medium
2018,7,Tuesday,11,Balochistan,Sibi,Rural Road,Average,Foggy,Dawn/Dusk,Rickshaw,2,Over Speeding,0,0,0,0,1,0,Medium
2023,2,Monday,12,Punjab,Multan,Urban Road,Poor,Rainy,Daylight,Rickshaw,2,Driver Fatigue,1,0,0,1,2,0,Medium
2023,3,Saturday,6,Punjab,Lahore,Rural Road,Average,Foggy,Daylight,Car/Taxi,1,Pedestrian Error,0,1,0,0,2,0,Low
2018,7,Wednesday,10,Sindh,Jacobabad,National Highway,Poor,Clear,Daylight,Bicycle,2,Wrong Overtaking,0,0,0,0,5,2,High
2023,11,Saturday,23,Punjab,Rahim Yar Khan,Urban Road,Average,Foggy,Street Light,Motorcycle,3,Over Speeding,0,1,1,1,6,1,High
2022,1,Sunday,21,KPK,Swat,Provincial Highway,Average,Clear,No Light,Bus/Coach,1,Road Condition,0,1,0,1,1,1,Medium
2019,12,Thursday,5,KPK,Kohat,Rural Road,Good,Clear,No Light,Motorcycle,4,Signal Violation,0,0,1,1,2,1,Medium
2023,8,Friday,15,Punjab,Sargodha,Motorway,Average,Clear,No Light,Car/Taxi,2,Over Speeding,0,0,0,0,10,0,High
2019,8,Sunday,11,Sindh,Jacobabad,National Highway,Poor,Extreme Heat,Daylight,Motorcycle,4,Wrong Overtaking,0,1,0,0,4,0,Medium
2022,10,Saturday,12,KPK,Bannu,Urban Road,Under Repair,Clear,Daylight,Car/Taxi,1,Signal Violation,1,1,0,0,0,0,Low
2023,9,Sunday,2,Punjab,Sheikhupura,Rural Road,Under Repair,Dusty/Smoggy,Street Light,Car/Taxi,2,Mobile Phone Use,0,1,1,0,2,0,Low
2020,2,Saturday,6,Sindh,Jacobabad,Urban Road,Average,Foggy,Daylight,Motorcycle,1,Wrong Overtaking,0,1,0,1,3,0,High
2019,11,Saturday,18,Punjab,Rahim Yar Khan,Urban Road,Average,Clear,Daylight,Motorcycle,2,Signal Violation,1,1,0,1,1,0,Medium
2023,6,Tuesday,14,Sindh,Dadu,Rural Road,Poor,Clear,Daylight,Rickshaw,1,Wrong Overtaking,0,0,0,0,1,0,Low
2023,11,Wednesday,7,Punjab,Gujranwala,Urban Road,Under Repair,Clear,Daylight,Bus/Coach,1,Over Speeding,1,0,0,1,4,1,Medium
2021,7,Sunday,12,KPK,Mardan,Rural Road,Average,Dusty/Smoggy,Daylight,Motorcycle,3,Driver Fatigue,1,1,0,0,8,2,High
2018,7,Thursday,16,Punjab,Sheikhupura,Motorway,Poor,Clear,Daylight,Car/Taxi,2,Driver Fatigue,0,0,0,0,11,0,High
2020,4,Saturday,13,Punjab,Sialkot,Provincial Highway,Good,Clear,Daylight,Motorcycle,3,Driver Fatigue,1,1,0,0,9,0,High
2023,3,Monday,12,Balochistan,Zhob,Urban Road,Average,Foggy,Daylight,Car/Taxi,3,Wrong Overtaking,1,0,0,0,0,0,Low
2023,6,Sunday,10,Punjab,Sheikhupura,Urban Road,Average,Foggy,Daylight,Car/Taxi,3,Signal Violation,0,1,0,0,2,0,Low
2023,8,Sunday,19,Punjab,Lahore,National Highway,Poor,Clear,No Light,Motorcycle,2,Road Condition,1,1,0,0,4,0,Medium
2018,1,Thursday,14,Punjab,Faisalabad,Rural Road,Poor,Foggy,Street Light,Rickshaw,3,Road Condition,0,0,0,1,1,1,Low
2020,12,Tuesday,9,Punjab,Rawalpindi,Provincial Highway,Good,Clear,Daylight,Bicycle,2,Signal Violation,1,0,0,1,4,0,Medium
2020,12,Sunday,15,Balochistan,Quetta,Motorway,Average,Rainy,Daylight,Truck/Lorry,3,Drunk Driving,0,1,0,1,3,2,High
2021,7,Thursday,13,KPK,Swat,Rural Road,Good,Clear,Dawn/Dusk,Bus/Coach,2,Over Speeding,1,0,0,0,1,0,Medium
2022,3,Sunday,13,Punjab,Faisalabad,National Highway,Average,Foggy,Daylight,Bus/Coach,2,Over Speeding,1,1,0,0,6,1,High
2023,8,Saturday,18,KPK,Abbottabad,National Highway,Average,Rainy,Daylight,Car/Taxi,2,Drunk Driving,1,1,0,0,7,1,High
2022,12,Saturday,19,Sindh,Thatta,National Highway,Average,Clear,Daylight,Truck/Lorry,1,Over Speeding,1,1,0,1,11,1,High
2018,1,Monday,20,Balochistan,Gwadar,Rural Road,Average,Rainy,Street Light,Rickshaw,2,Mechanical Failure,1,0,0,1,0,0,Low
2021,4,Saturday,19,Punjab,Sheikhupura,Urban Road,Average,Rainy,Dawn/Dusk,Motorcycle,3,Pedestrian Error,1,1,0,0,1,1,Medium
2023,1,Sunday,6,Sindh,Nawabshah,Urban Road,Good,Dusty/Smoggy,Dawn/Dusk,Motorcycle,1,Pedestrian Error,0,1,0,1,5,0,Medium
2023,4,Wednesday,10,Sindh,Karachi,National Highway,Good,Clear,Daylight,Motorcycle,2,Signal Violation,0,0,0,0,3,1,High
2022,6,Tuesday,9,Sindh,Nawabshah,Provincial Highway,Average,Clear,Street Light,Motorcycle,1,Over Speeding,1,0,0,0,1,1,Medium
2022,6,Wednesday,16,Sindh,Jacobabad,Provincial Highway,Good,Rainy,Dawn/Dusk,Motorcycle,1,Over Speeding,0,0,0,0,10,0,High
2018,6,Saturday,17,Punjab,Multan,Motorway,Good,Dusty/Smoggy,Daylight,Car/Taxi,2,Mobile Phone Use,1,1,0,0,2,0,Low
2023,1,Monday,14,KPK,Charsadda,National Highway,Average,Clear,Daylight,Car/Taxi,1,Road Condition,0,0,0,1,3,1,Medium
2020,11,Tuesday,16,Sindh,Kashmore,Provincial Highway,Good,Clear,Dawn/Dusk,Truck/Lorry,2,Mechanical Failure,0,0,0,1,5,0,Medium
2018,7,Saturday,20,Islamabad,Islamabad,Urban Road,Good,Clear,Street Light,Motorcycle,2,Mobile Phone Use,1,1,0,0,4,0,Medium
2022,3,Monday,6,Punjab,Rawalpindi,National Highway,Good,Clear,Daylight,Bicycle,2,Drunk Driving,0,0,0,0,9,1,High
2018,5,Tuesday,16,KPK,Nowshera,National Highway,Average,Dusty/Smoggy,Street Light,Motorcycle,2,Road Condition,0,0,0,0,4,0,Medium
2020,7,Wednesday,20,Islamabad,Islamabad,Provincial Highway,Average,Clear,No Light,Bus/Coach,2,Wrong Overtaking,1,0,0,0,1,0,Low
2023,5,Saturday,10,KPK,Nowshera,Provincial Highway,Good,Clear,Daylight,Bus/Coach,2,Drunk Driving,0,1,0,0,2,0,Medium
2023,1,Friday,8,Balochistan,Gwadar,Urban Road,Good,Foggy,Daylight,Car/Taxi,1,Signal Violation,1,0,0,1,1,0,Low
2019,11,Saturday,3,KPK,Peshawar,Urban Road,Good,Clear,Street Light,Truck/Lorry,1,Over Speeding,0,1,1,1,4,0,Medium
2021,7,Saturday,9,Punjab,Rahim Yar Khan,Rural Road,Poor,Rainy,Daylight,Motorcycle,2,Over Speeding,1,1,0,0,4,1,High
2021,7,Tuesday,12,Sindh,Kashmore,Provincial Highway,Under Repair,Clear,Dawn/Dusk,Car/Taxi,1,Over Speeding,1,0,0,0,5,0,Medium
2022,4,Sunday,18,Punjab,Sialkot,Provincial Highway,Poor,Rainy,Daylight,Motorcycle,2,Over Speeding,1,1,0,0,3,0,High
2019,8,Monday,12,Sindh,Kashmore,Rural Road,Good,Extreme Heat,Daylight,Motorcycle,1,Driver Fatigue,1,0,0,0,2,0,Medium
2018,8,Saturday,20,Punjab,Sargodha,Provincial Highway,Poor,Clear,No Light,Motorcycle,4,Wrong Overtaking,1,1,0,0,8,0,High
2023,6,Sunday,17,KPK,Abbottabad,National Highway,Good,Extreme Heat,Daylight,Car/Taxi,2,Wrong Overtaking,1,1,0,0,3,0,Medium
2019,11,Thursday,23,Sindh,Mirpur Khas,Provincial Highway,Poor,Extreme Heat,Street Light,Motorcycle,3,Over Speeding,0,0,1,1,2,0,High
2023,5,Friday,8,Punjab,Bahawalpur,Urban Road,Under Repair,Clear,Dawn/Dusk,Motorcycle,1,Over Speeding,1,0,0,0,1,1,Medium
2019,9,Wednesday,14,Punjab,Sargodha,Provincial Highway,Average,Clear,Daylight,Rickshaw,2,Wrong Overtaking,0,0,0,0,0,0,Low
2021,10,Monday,19,Gilgit-Baltistan,Skardu,National Highway,Good,Dusty/Smoggy,Dawn/Dusk,Bicycle,1,Mechanical Failure,1,0,0,0,3,1,Medium
2018,4,Saturday,19,Punjab,Multan,Rural Road,Under Repair,Clear,No Light,Motorcycle,2,Mobile Phone Use,1,1,0,0,2,0,Low
2021,5,Monday,7,Punjab,Sargodha,Provincial Highway,Good,Clear,No Light,Motorcycle,2,Over Speeding,1,0,0,0,11,1,High
2018,7,Thursday,22,Punjab,Sheikhupura,Provincial Highway,Good,Extreme Heat,No Light,Car/Taxi,2,Over Speeding,0,0,1,0,2,0,Medium
2023,1,Friday,8,AJK,Rawalakot,Provincial Highway,Good,Clear,Daylight,Car/Taxi,2,Signal Violation,1,0,0,1,2,1,Low
2023,11,Saturday,18,AJK,Mirpur,Provincial Highway,Good,Extreme Heat,Daylight,Motorcycle,2,Drunk Driving,1,1,0,1,10,1,High
2019,6,Sunday,23,Sindh,Dadu,Urban Road,Good,Clear,Street Light,Motorcycle,2,Pedestrian Error,0,1,1,0,4,2,Medium
2022,6,Thursday,16,Balochistan,Quetta,Provincial Highway,Average,Rainy,Daylight,Car/Taxi,3,Driver Fatigue,0,0,0,0,2,1,High
2023,11,Thursday,21,Punjab,Rawalpindi,National Highway,Average,Clear,Street Light,Car/Taxi,2,Pedestrian Error,0,0,0,1,0,0,Low
2022,11,Friday,16,AJK,Mirpur,Provincial Highway,Average,Rainy,Daylight,Motorcycle,2,Wrong Overtaking,0,0,0,1,7,2,High
2023,11,Monday,20,Punjab,Bahawalpur,National Highway,Average,Clear,Street Light,Truck/Lorry,2,Over Speeding,1,0,0,1,6,0,High
2022,3,Monday,13,Punjab,Sargodha,Urban Road,Average,Foggy,Dawn/Dusk,Car/Taxi,3,Over Speeding,1,0,0,0,4,2,Medium
2021,8,Saturday,3,Punjab,Sialkot,National Highway,Poor,Clear,No Light,Car/Taxi,4,Mechanical Failure,0,1,1,0,2,0,Low
2018,1,Saturday,14,Sindh,Larkana,Urban Road,Good,Dusty/Smoggy,Daylight,Bus/Coach,4,Weather Condition,0,1,0,1,0,0,Low
2022,6,Thursday,17,KPK,Charsadda,Provincial Highway,Poor,Clear,Daylight,Motorcycle,3,Drunk Driving,1,0,0,0,2,0,High
2020,11,Saturday,17,Punjab,Rahim Yar Khan,Rural Road,Poor,Dusty/Smoggy,Daylight,Bicycle,1,Over Speeding,1,1,0,1,9,1,High
2018,1,Saturday,10,AJK,Mirpur,Provincial Highway,Good,Clear,Daylight,Car/Taxi,2,Mechanical Failure,0,1,0,1,0,0,Low
2022,7,Thursday,9,Sindh,Sukkur,National Highway,Poor,Rainy,Dawn/Dusk,Bus/Coach,1,Wrong Overtaking,1,0,0,0,4,0,Medium
2021,7,Wednesday,18,Punjab,Sargodha,National Highway,Poor,Clear,Daylight,Motorcycle,2,Wrong Overtaking,1,0,0,0,2,2,Medium
2022,12,Thursday,20,Sindh,Nawabshah,Provincial Highway,Poor,Rainy,No Light,Bus/Coach,1,Pedestrian Error,1,0,0,1,2,0,Low
2019,9,Saturday,9,KPK,Nowshera,Provincial Highway,Good,Clear,Street Light,Car/Taxi,1,Mobile Phone Use,1,1,0,0,2,0,Low
2021,7,Tuesday,8,KPK,Kohat,Provincial Highway,Good,Clear,Dawn/Dusk,Motorcycle,2,Driver Fatigue,1,0,0,0,9,0,High
2021,11,Friday,19,Sindh,Mirpur Khas,Rural Road,Poor,Foggy,Street Light,Motorcycle,2,Over Speeding,1,0,0,1,1,1,Medium
2021,10,Sunday,15,Sindh,Hyderabad,Urban Road,Under Repair,Clear,Daylight,Motorcycle,2,Signal Violation,0,1,0,0,1,0,Medium
2018,4,Monday,13,Punjab,Sialkot,Urban Road,Good,Clear,Daylight,Van/Pickup,2,Pedestrian Error,1,0,0,0,1,0,Low
2020,3,Saturday,12,Sindh,Karachi,Urban Road,Good,Clear,Street Light,Bus/Coach,1,Over Speeding,1,1,0,0,1,0,Low
2020,12,Sunday,16,AJK,Rawalakot,Urban Road,Average,Clear,Street Light,Bicycle,1,Drunk Driving,0,1,0,1,5,2,High