year,month,day_of_week,hour_of_day,province,district,road_type,road_condition,weather_condition,lighting_condition,vehicle_type,vehicles_involved,accident_cause,is_rush_hour,is_weekend,is_night,is_foggy_month,num_injured,num_killed,severity
2021,6,Friday,13,KPK,Dera Ismail Khan,Rural Road,Good,Clear,Daylight,Car/Taxi,2,Road Condition,1,0,0,0,0,0,Low
2021,4,Saturday,22,Sindh,Kashmore,Rural Road,Good,Dusty/Smoggy,Street Light,Bus/Coach,2,Pedestrian Error,0,1,1,0,3,0,Medium
2023,1,Saturday,9,KPK,Mansehra,Rural Road,Good,Rainy,Daylight,Rickshaw,2,Wrong Overtaking,1,1,0,1,1,0,Low
2023,12,Wednesday,12,Sindh,Kashmore,Rural Road,Average,Clear,Daylight,Bus/Coach,2,Mobile Phone Use,1,0,0,1,2,0,Low
2020,9,Saturday,9,Sindh,Nawabshah,Urban Road,Good,Foggy,Dawn/Dusk,Bus/Coach,1,Over Speeding,1,1,0,0,5,1,Medium
2021,6,Tuesday,18,Punjab,Sargodha,Rural Road,Poor,Extreme Heat,Street Light,Bus/Coach,2,Over Speeding,1,0,0,0,2,0,Medium
2022,7,Thursday,23,KPK,Abbottabad,Provincial Highway,Good,Rainy,No Light,Rickshaw,3,Over Speeding,0,0,1,0,1,0,Medium
2023,7,Tuesday,8,Punjab,Bahawalpur,Urban Road,Poor,Clear,Daylight,Motorcycle,3,Signal Violation,1,0,0,0,3,0,Medium
2020,11,Tuesday,10,KPK,Kohat,Provincial Highway,Average,Clear,Daylight,Motorcycle,3,Over Speeding,0,0,0,1,7,1,High
2020,2,Tuesday,22,KPK,Dera Ismail Khan,Rural Road,Poor,Clear,Street Light,Rickshaw,2,Wrong Overtaking,0,0,1,1,1,0,Low
2018,1,Thursday,9,Punjab,Multan,National Highway,Average,Clear,Daylight,Car/Taxi,2,Signal Violation,1,0,0,1,3,0,Medium
2021,7,Tuesday,18,Punjab,Sheikhupura,Rural Road,Average,Clear,Daylight,Motorcycle,2,Wrong Overtaking,1,0,0,0,3,0,Medium
2023,11,Thursday,18,Sindh,Dadu,National Highway,Average,Rainy,Daylight,Van/Pickup,1,Pedestrian Error,1,0,0,1,0,0,Low
2022,2,Thursday,10,Sindh,Hyderabad,National Highway,Average,Foggy,Daylight,Bus/Coach,2,Over Speeding,0,0,0,1,10,4,High
2018,7,Sunday,17,Punjab,Lahore,Urban Road,Poor,Clear,Daylight,Bus/Coach,2,Pedestrian Error,1,1,0,0,0,1,Low
2020,9,Saturday,9,Sindh,Sukkur,National Highway,Average,Extreme Heat,Daylight,Bicycle,2,Signal Violation,1,1,0,0,3,1,Medium
2023,6,Saturday,8,Punjab,Rahim Yar Khan,Provincial Highway,Good,Rainy,Daylight,Car/Taxi,2,Drunk Driving,1,1,0,0,4,1,High
2021,12,Saturday,11,Punjab,Bahawalpur,Provincial Highway,Average,Clear,Dawn/Dusk,Car/Taxi,2,Over Speeding,0,1,0,1,3,1,Medium
2022,2,Saturday,20,Punjab,Multan,Provincial Highway,Good,Extreme Heat,No Light,Car/Taxi,2,Wrong Overtaking,1,1,0,1,2,1,Medium
2021,11,Sunday,2,Punjab,Gujranwala,Rural Road,Good,Dusty/Smoggy,No Light,Car/Taxi,3,Over Speeding,0,1,1,1,1,1,Low
2022,7,Friday,19,KPK,Kohat,Urban Road,Average,Clear,Dawn/Dusk,Rickshaw,4,Mechanical Failure,1,0,0,0,1,1,Low
2020,9,Thursday,7,Islamabad,Islamabad,Urban Road,Poor,Clear,Daylight,Motorcycle,2,Road Condition,1,0,0,0,5,0,Medium
2021,6,Tuesday,8,Sindh,Hyderabad,Rural Road,Good,Dusty/Smoggy,No Light,Car/Taxi,2,Over Speeding,1,0,0,0,2,0,Low
2022,1,Friday,19,Sindh,Karachi,Urban Road,Average,Clear,Dawn/Dusk,Car/Taxi,1,Drunk Driving,1,0,0,1,2,0,Medium
2019,6,Saturday,19,Punjab,Bahawalpur,Urban Road,Poor,Rainy,Dawn/Dusk,Motorcycle,1,Over Speeding,1,1,0,0,2,0,Medium
2020,8,Friday,17,Sindh,Kashmore,Provincial Highway,Good,Dusty/Smoggy,Daylight,Motorcycle,2,Mechanical Failure,1,0,0,0,4,0,Medium
2023,6,Saturday,13,Punjab,Gujranwala,Motorway,Good,Extreme Heat,Daylight,Motorcycle,2,Over Speeding,1,1,0,0,9,1,High
2022,3,Sunday,12,Sindh,Hyderabad,Rural Road,Poor,Rainy,Daylight,Car/Taxi,1,Pedestrian Error,1,1,0,0,1,0,Low
2019,7,Sunday,9,Islamabad,Islamabad,Motorway,Under Repair,Clear,Daylight,Motorcycle,2,Mechanical Failure,1,1,0,0,3,1,High
2019,12,Sunday,8,Punjab,Sargodha,National Highway,Good,Clear,No Light,Motorcycle,1,Road Condition,1,1,0,1,4,1,Medium
2022,4,Wednesday,9,KPK,Mardan,National Highway,Good,Rainy,Street Light,Van/Pickup,2,Over Speeding,1,0,0,0,2,0,Medium
2019,12,Tuesday,16,Punjab,Sialkot,Provincial Highway,Average,Dusty/Smoggy,Daylight,Rickshaw,2,Road Condition,0,0,0,1,0,1,Low
2023,5,Sunday,21,Punjab,Sheikhupura,Urban Road,Good,Extreme Heat,No Light,Bus/Coach,1,Pedestrian Error,0,1,0,0,1,0,Low
2023,1,Thursday,23,Punjab,Multan,Rural Road,Under Repair,Clear,No Light,Motorcycle,2,Over Speeding,0,0,1,1,3,1,Medium
2019,1,Wednesday,13,Punjab,Gujranwala,Rural Road,Poor,Clear,Daylight,Motorcycle,2,Wrong Overtaking,1,0,0,1,1,0,Low
2022,3,Wednesday,19,Punjab,Lahore,National Highway,Under Repair,Clear,No Light,Car/Taxi,1,Pedestrian Error,1,0,0,0,1,0,Low
2021,1,Monday,21,Punjab,Lahore,Urban Road,Poor,Clear,Street Light,Truck/Lorry,4,Wrong Overtaking,0,0,0,1,2,0,Medium
2022,6,Tuesday,7,Punjab,Sheikhupura,National Highway,Poor,Clear,Daylight,Car/Taxi,2,Driver Fatigue,1,0,0,0,5,0,Medium
2018,12,Friday,8,Punjab,Gujranwala,Provincial Highway,Good,Foggy,Daylight,Car/Taxi,2,Over Speeding,1,0,0,1,1,1,Medium
2022,2,Tuesday,13,Sindh,Sukkur,National Highway,Average,Clear,Daylight,Motorcycle,2,Drunk Driving,1,0,0,1,8,2,High
2023,5,Thursday,13,Balochistan,Turbat,National Highway,Average,Clear,Dawn/Dusk,Other,3,Wrong Overtaking,1,0,0,0,1,0,Low
2019,12,Monday,19,Punjab,Rahim Yar Khan,National Highway,Poor,Dusty/Smoggy,Dawn/Dusk,Motorcycle,2,Wrong Overtaking,1,0,0,1,4,2,Medium
2023,10,Monday,14,Punjab,Sargodha,Provincial Highway,Good,Clear,Daylight,Car/Taxi,1,Signal Violation,0,0,0,0,2,0,Low
2022,5,Tuesday,23,Punjab,Multan,Provincial Highway,Poor,Clear,No Light,Car/Taxi,3,Over Speeding,0,0,1,0,4,0,Medium
2019,7,Sunday,6,Balochistan,Khuzdar,Rural Road,Good,Rainy,Daylight,Motorcycle,2,Wrong Overtaking,0,1,0,0,1,1,Medium
2018,4,Thursday,19,Sindh,Hyderabad,Urban Road,Good,Foggy,Dawn/Dusk,Car/Taxi,3,Over Speeding,1,0,0,0,3,0,Medium
2022,2,Thursday,8,Sindh,Kashmore,National Highway,Good,Clear,Daylight,Van/Pickup,1,Over Speeding,1,0,0,1,7,0,High
2023,1,Friday,19,Punjab,Rahim Yar Khan,Provincial Highway,Poor,Clear,No Light,Truck/Lorry,3,Mechanical Failure,1,0,0,1,0,0,Low
2020,7,Monday,10,Sindh,Larkana,National Highway,Good,Rainy,No Light,Bus/Coach,2,Over Speeding,0,0,0,0,7,3,High
2022,6,Tuesday,19,Punjab,Sheikhupura,Urban Road,Average,Clear,Daylight,Motorcycle,3,Signal Violation,1,0,0,0,3,2,Medium
2023,2,Wednesday,11,Islamabad,Islamabad,Motorway,Average,Dusty/Smoggy,Daylight,Truck/Lorry,3,Road Condition,0,0,0,1,3,0,Medium
2021,7,Saturday,8,Balochistan,Dera Bugti,Provincial Highway,Poor,Clear,Daylight,Bus/Coach,3,Road Condition,1,1,0,0,1,0,Low
2019,6,Saturday,12,Punjab,Sargodha,Motorway,Good,Clear,Daylight,Bus/Coach,2,Over Speeding,1,1,0,0,9,4,High
2022,6,Saturday,18,Sindh,Karachi,National Highway,Average,Foggy,Daylight,Car/Taxi,1,Signal Violation,1,1,0,0,1,1,Medium
2023,10,Friday,5,Punjab,Rawalpindi,Urban Road,Poor,Foggy,Daylight,Van/Pickup,1,Wrong Overtaking,0,0,1,0,3,0,Medium
2022,4,Sunday,10,Punjab,Gujranwala,Provincial Highway,Poor,Clear,Daylight,Car/Taxi,1,Over Speeding,0,1,0,0,1,0,Low
2021,9,Monday,23,Balochistan,Loralai,Rural Road,Good,Clear,Street Light,Car/Taxi,1,Pedestrian Error,0,0,1,0,2,0,Low
2021,3,Sunday,21,Sindh,Mirpur Khas,National Highway,Average,Extreme Heat,Street Light,Motorcycle,1,Pedestrian Error,0,1,0,0,9,2,High
2023,2,Thursday,11,Punjab,Sheikhupura,National Highway,Average,Extreme Heat,Daylight,Motorcycle,2,Pedestrian Error,0,0,0,1,6,0,High
2022,8,Monday,4,Punjab,Sargodha,Provincial Highway,Average,Dusty/Smoggy,No Light,Motorcycle,2,Over Speeding,0,0,1,0,4,1,High
2023,10,Monday,18,KPK,Peshawar,Urban Road,Good,Clear,Daylight,Car/Taxi,1,Over Speeding,1,0,0,0,2,0,Low
2018,9,Tuesday,18,Sindh,Nawabshah,National Highway,Good,Clear,Daylight,Motorcycle,3,Wrong Overtaking,1,0,0,0,1,0,Medium
2022,2,Sunday,9,Sindh,Hyderabad,Motorway,Under Repair,Clear,No Light,Motorcycle,2,Over Speeding,1,1,0,1,8,1,High
2023,6,Wednesday,9,Punjab,Sialkot,Provincial Highway,Poor,Rainy,Daylight,Motorcycle,2,Mobile Phone Use,1,0,0,0,1,0,Medium
2022,9,Sunday,19,Punjab,Rawalpindi,Provincial Highway,Poor,Clear,No Light,Rickshaw,4,Over Speeding,1,1,0,0,2,0,Low
2023,6,Monday,21,Islamabad,Islamabad,Provincial Highway,Poor,Clear,No Light,Bus/Coach,1,Over Speeding,0,0,0,0,4,2,Medium
2019,2,Monday,14,Sindh,Hyderabad,Provincial Highway,Good,Clear,Daylight,Motorcycle,2,Wrong Overtaking,0,0,0,1,1,0,Medium
2018,12,Friday,15,Punjab,Rawalpindi,Provincial Highway,Average,Clear,Daylight,Car/Taxi,3,Wrong Overtaking,0,0,0,1,2,0,Low
2022,12,Friday,10,Sindh,Kashmore,National Highway,Good,Clear,Daylight,Car/Taxi,2,Driver Fatigue,0,0,0,1,2,0,Medium
2019,8,Sunday,15,KPK,Swat,National Highway,Good,Rainy,Street Light,Motorcycle,2,Wrong Overtaking,0,1,0,0,6,1,High
2021,4,Wednesday,11,Punjab,Lahore,Provincial Highway,Poor,Rainy,Daylight,Motorcycle,2,Wrong Overtaking,0,0,0,0,4,0,Medium
2018,2,Monday,21,Punjab,Multan,Urban Road,Poor,Clear,Street Light,Bus/Coach,3,Over Speeding,0,0,0,1,1,0,Low
2022,10,Friday,8,Sindh,Nawabshah,Provincial Highway,Poor,Clear,Dawn/Dusk,Motorcycle,2,Over Speeding,1,0,0,0,10,2,High
2018,9,Sunday,17,KPK,Kohat,National Highway,Average,Foggy,Daylight,Truck/Lorry,1,Wrong Overtaking,1,1,0,0,5,1,High
2023,8,Sunday,19,KPK,Kohat,Provincial Highway,Average,Clear,Daylight,Motorcycle,2,Driver Fatigue,1,1,0,0,4,1,Medium
2019,11,Monday,6,Balochistan,Sibi,Provincial Highway,Good,Clear,Daylight,Motorcycle,4,Over Speeding,0,0,0,1,11,1,High
2023,6,Monday,17,Punjab,Sheikhupura,National Highway,Good,Clear,Street Light,Car/Taxi,2,Pedestrian Error,1,0,0,0,2,2,Medium
2023,11,Friday,10,Punjab,Sheikhupura,Provincial Highway,Good,Clear,Daylight,Car/Taxi,2,Wrong Overtaking,0,0,0,1,3,0,Medium
2022,9,Monday,17,Islamabad,Islamabad,Rural Road,Poor,Rainy,No Light,Car/Taxi,3,Drunk Driving,1,0,0,0,0,0,Low
2022,2,Sunday,19,Sindh,Jacobabad,National Highway,Good,Clear,Dawn/Dusk,Motorcycle,3,Mechanical Failure,1,1,0,1,4,0,Medium
2023,1,Monday,9,Sindh,Kashmore,National Highway,Good,Rainy,Daylight,Motorcycle,4,Over Speeding,1,0,0,1,10,1,High
2022,6,Saturday,4,KPK,Bannu,Urban Road,Average,Clear,Street Light,Truck/Lorry,3,Mechanical Failure,0,1,1,0,0,0,Low
2019,1,Wednesday,9,Sindh,Thatta,Urban Road,Good,Foggy,Street Light,Car/Taxi,3,Mechanical Failure,1,0,0,1,1,0,Low
2018,3,Sunday,19,Punjab,Bahawalpur,Urban Road,Average,Clear,Dawn/Dusk,Rickshaw,1,Drunk Driving,1,1,0,0,1,1,Medium
2023,11,Monday,15,KPK,Kohat,Provincial Highway,Average,Clear,Daylight,Motorcycle,2,Signal Violation,0,0,0,1,10,0,High
2021,9,Sunday,10,KPK,Bannu,National Highway,Good,Foggy,Daylight,Motorcycle,2,Wrong Overtaking,0,1,0,0,7,1,High
2020,4,Friday,19,Sindh,Thatta,National Highway,Average,Clear,Dawn/Dusk,Car/Taxi,2,Wrong Overtaking,1,0,0,0,5,0,Medium
2023,7,Friday,13,Sindh,Jacobabad,Provincial Highway,Average,Foggy,Daylight,Motorcycle,2,Over Speeding,1,0,0,0,2,1,High
2019,6,Friday,17,Punjab,Bahawalpur,National Highway,Good,Clear,Daylight,Car/Taxi,2,Mechanical Failure,1,0,0,0,2,0,Low
2023,7,Saturday,17,Punjab,Sheikhupura,Urban Road,Good,Clear,Daylight,Car/Taxi,1,Over Speeding,1,1,0,0,2,0,Low
2022,6,Thursday,19,Punjab,Sargodha,Urban Road,Good,Clear,Street Light,Bicycle,2,Mechanical Failure,1,0,0,0,4,0,Medium
2020,8,Monday,11,Punjab,Sheikhupura,Urban Road,Good,Clear,Dawn/Dusk,Truck/Lorry,2,Pedestrian Error,0,0,0,0,2,0,Low
2023,6,Sunday,13,Islamabad,Islamabad,Urban Road,Good,Clear,Daylight,Motorcycle,4,Driver Fatigue,1,1,0,0,5,0,Medium
2020,3,Wednesday,17,KPK,Charsadda,Motorway,Good,Foggy,Daylight,Car/Taxi,1,Drunk Driving,1,0,0,0,4,0,Medium
2022,7,Tuesday,15,Sindh,Hyderabad,Motorway,Average,Clear,Daylight,Car/Taxi,2,Driver Fatigue,0,0,0,0,2,2,High
2020,10,Friday,16,Sindh,Sukkur,National Highway,Under Repair,Foggy,Daylight,Bus/Coach,2,Over Speeding,0,0,0,0,3,3,High
2019,5,Tuesday,2,Punjab,Sialkot,National Highway,Poor,Rainy,No Light,Bus/Coach,3,Pedestrian Error,0,0,1,0,4,0,Medium
2021,6,Sunday,18,AJK,Mirpur,Urban Road,Good,Clear,Daylight,Motorcycle,3,Over Speeding,1,1,0,0,4,1,Medium
2023,12,Thursday,6,Punjab,Sargodha,Motorway,Average,Foggy,Daylight,Rickshaw,3,Over Speeding,0,0,0,1,2,0,High
2022,3,Friday,19,Punjab,Faisalabad,Provincial Highway,Good,Clear,Dawn/Dusk,Motorcycle,1,Drunk Driving,1,0,0,0,2,0,High
2020,12,Sunday,23,Sindh,Karachi,National Highway,Average,Clear,Street Light,Motorcycle,1,Signal Violation,0,1,1,1,7,0,High
2022,12,Saturday,15,Balochistan,Hub,Urban Road,Good,Clear,Daylight,Motorcycle,2,Over Speeding,0,1,0,1,2,1,High
2023,6,Saturday,17,Balochistan,Turbat,Provincial Highway,Good,Clear,Street Light,Motorcycle,2,Road Condition,1,1,0,0,3,0,Medium
2022,6,Sunday,18,Punjab,Sheikhupura,National Highway,Good,Clear,Daylight,Motorcycle,2,Mobile Phone Use,1,1,0,0,5,0,Medium
2020,2,Friday,5,Balochistan,Khuzdar,Urban Road,Average,Foggy,No Light,Van/Pickup,1,Over Speeding,0,0,1,1,5,2,Medium
2019,5,Monday,13,Punjab,Faisalabad,Provincial Highway,Average,Clear,Daylight,Motorcycle,1,Over Speeding,1,0,0,0,9,2,High
2019,2,Saturday,7,Punjab,Sargodha,Urban Road,Poor,Clear,Daylight,Van/Pickup,1,Over Speeding,1,1,0,1,2,0,Low
2022,12,Monday,6,Balochistan,Zhob,Urban Road,Under Repair,Foggy,Daylight,Motorcycle,2,Mobile Phone Use,0,0,0,1,1,0,Low
2021,9,Friday,19,Balochistan,Chaman,Rural Road,Poor,Foggy,Dawn/Dusk,Motorcycle,3,Wrong Overtaking,1,0,0,0,9,0,High
2021,4,Wednesday,13,Sindh,Dadu,Urban Road,Average,Clear,Daylight,Car/Taxi,2,Wrong Overtaking,1,0,0,0,0,0,Low
2018,8,Saturday,21,Sindh,Sukkur,Rural Road,Good,Dusty/Smoggy,Street Light,Motorcycle,3,Signal Violation,0,1,0,0,5,0,Medium
2022,6,Saturday,9,KPK,Charsadda,Provincial Highway,Good,Foggy,Daylight,Motorcycle,2,Road Condition,1,1,0,0,3,2,Medium
2022,4,Friday,13,KPK,Swat,Provincial Highway,Average,Clear,Daylight,Motorcycle,2,Drunk Driving,1,0,0,0,11,3,High
2022,8,Wednesday,9,Balochistan,Turbat,Provincial Highway,Good,Clear,Street Light,Car/Taxi,1,Signal Violation,1,0,0,0,2,0,Low
2021,10,Friday,18,Sindh,Larkana,National Highway,Poor,Clear,Daylight,Rickshaw,2,Road Condition,1,0,0,0,3,0,Medium
2022,6,Saturday,10,Islamabad,Islamabad,Urban Road,Good,Foggy,Daylight,Motorcycle,2,Driver Fatigue,0,1,0,0,5,2,High
2022,2,Saturday,20,Gilgit-Baltistan,Skardu,National Highway,Poor,Rainy,No Light,Motorcycle,1,Drunk Driving,1,1,0,1,5,0,High
2021,5,Monday,17,Punjab,Bahawalpur,Urban Road,Average,Clear,Daylight,Rickshaw,3,Wrong Overtaking,1,0,0,0,1,0,Low
2022,6,Thursday,19,Balochistan,Loralai,Urban Road,Average,Extreme Heat,No Light,Motorcycle,2,Wrong Overtaking,1,0,0,0,5,1,Medium
2022,8,Wednesday,17,Sindh,Larkana,National Highway,Good,Clear,Daylight,Car/Taxi,1,Over Speeding,1,0,0,0,1,0,Medium
2020,10,Saturday,20,Punjab,Faisalabad,Urban Road,Good,Clear,Street Light,Car/Taxi,3,Wrong Overtaking,1,1,0,0,1,0,Low
2020,7,Monday,12,Sindh,Karachi,Motorway,Average,Clear,Daylight,Motorcycle,2,Wrong Overtaking,1,0,0,0,4,0,Medium
2018,1,Friday,2,Punjab,Faisalabad,Rural Road,Good,Dusty/Smoggy,No Light,Motorcycle,2,Pedestrian Error,0,0,1,1,2,1,Medium
2022,7,Friday,9,Sindh,Hyderabad,Provincial Highway,Average,Dusty/Smoggy,Daylight,Car/Taxi,2,Pedestrian Error,1,0,0,0,1,0,Low
2021,11,Monday,13,Balochistan,Khuzdar,Urban Road,Average,Foggy,Street Light,Car/Taxi,2,Wrong Overtaking,1,0,0,1,1,0,Low
2023,12,Wednesday,9,Punjab,Rahim Yar Khan,National Highway,Average,Dusty/Smoggy,Daylight,Van/Pickup,1,Mechanical Failure,1,0,0,1,5,0,Medium
2021,5,Wednesday,14,Sindh,Mirpur Khas,National Highway,Good,Rainy,Daylight,Car/Taxi,1,Over Speeding,0,0,0,0,3,1,High
2020,10,Friday,15,Islamabad,Islamabad,Rural Road,Good,Clear,Daylight,Bicycle,2,Wrong Overtaking,0,0,0,0,4,1,Medium
2020,6,Wednesday,10,Sindh,Karachi,Provincial Highway,Good,Foggy,Daylight,Motorcycle,2,Pedestrian Error,0,0,0,0,1,2,Medium
2019,2,Thursday,8,Punjab,Gujranwala,National Highway,Good,Clear,Daylight,Bus/Coach,2,Over Speeding,1,0,0,1,5,4,High
2019,1,Monday,20,Sindh,Jacobabad,Provincial Highway,Good,Clear,Street Light,Motorcycle,1,Signal Violation,1,0,0,1,3,0,Medium
2019,6,Wednesday,7,Sindh,Karachi,Rural Road,Under Repair,Foggy,Daylight,Motorcycle,4,Over Speeding,1,0,0,0,1,2,Medium
2022,5,Friday,21,Sindh,Larkana,Rural Road,Under Repair,Clear,No Light,Bus/Coach,3,Wrong Overtaking,0,0,0,0,2,1,Low
2021,7,Thursday,21,KPK,Mardan,Urban Road,Good,Clear,No Light,Car/Taxi,3,Over Speeding,0,0,0,0,1,0,Low
2018,6,Friday,18,Sindh,Thatta,National Highway,Good,Extreme Heat,Daylight,Rickshaw,2,Wrong Overtaking,1,0,0,0,2,0,Low
2023,12,Thursday,14,KPK,Mardan,Urban Road,Good,Clear,Street Light,Motorcycle,3,Mobile Phone Use,0,0,0,1,3,0,Medium
2019,3,Thursday,8,Sindh,Karachi,Rural Road,Good,Rainy,Daylight,Bus/Coach,2,Road Condition,1,0,0,0,0,0,Low
2023,8,Wednesday,13,Punjab,Faisalabad,Rural Road,Poor,Clear,Street Light,Car/Taxi,1,Pedestrian Error,1,0,0,0,1,0,Low
2020,9,Thursday,9,Sindh,Kashmore,Provincial Highway,Good,Extreme Heat,Daylight,Rickshaw,2,Pedestrian Error,1,0,0,0,1,0,Low
2023,1,Wednesday,18,KPK,Swat,National Highway,Average,Clear,Daylight,Motorcycle,2,Pedestrian Error,1,0,0,1,3,1,Medium
2021,1,Friday,4,Sindh,Mirpur Khas,Motorway,Good,Foggy,No Light,Car/Taxi,1,Wrong Overtaking,0,0,1,1,4,0,Medium
2023,5,Thursday,18,Punjab,Faisalabad,Rural Road,Poor,Extreme Heat,Daylight,Motorcycle,2,Over Speeding,1,0,0,0,10,3,High
2021,8,Sunday,8,Punjab,Multan,Provincial Highway,Good,Clear,Daylight,Motorcycle,1,Wrong Overtaking,1,1,0,0,6,0,High
2019,5,Friday,9,Punjab,Sargodha,Urban Road,Good,Extreme Heat,Street Light,Bus/Coach,2,Over Speeding,1,0,0,0,0,0,Low
2020,12,Saturday,0,Punjab,Gujranwala,Provincial Highway,Good,Dusty/Smoggy,No Light,Motorcycle,1,Wrong Overtaking,0,1,1,1,7,1,High
2018,12,Monday,7,KPK,Charsadda,Provincial Highway,Under Repair,Rainy,Daylight,Motorcycle,2,Signal Violation,1,0,0,1,3,1,High
2021,6,Sunday,20,Punjab,Rahim Yar Khan,Provincial Highway,Good,Clear,No Light,Van/Pickup,2,Wrong Overtaking,1,1,0,0,1,0,Low
2018,12,Wednesday,18,KPK,Bannu,National Highway,Average,Dusty/Smoggy,Daylight,Van/Pickup,3,Wrong Overtaking,1,0,0,1,1,0,Medium
2021,7,Thursday,12,Punjab,Lahore,Motorway,Good,Foggy,Daylight,Motorcycle,3,Driver Fatigue,1,0,0,0,7,0,High
2023,2,Friday,7,Punjab,Lahore,National Highway,Good,Clear,Daylight,Bus/Coach,2,Over Speeding,1,0,0,1,3,0,Medium
2023,8,Sunday,8,Sindh,Sukkur,National Highway,Poor,Clear,Daylight,Truck/Lorry,3,Pedestrian Error,1,1,0,0,4,0,Medium
2020,9,Wednesday,14,Punjab,Bahawalpur,Provincial Highway,Good,Clear,Daylight,Rickshaw,1,Pedestrian Error,0,0,0,0,1,0,Low
2020,7,Monday,6,Balochistan,Quetta,National Highway,Good,Dusty/Smoggy,Daylight,Car/Taxi,2,Over Speeding,0,0,0,0,6,1,High
2020,1,Sunday,19,Punjab,Rahim Yar Khan,Provincial Highway,Good,Clear,No Light,Van/Pickup,1,Over Speeding,1,1,0,1,3,1,Medium
2023,6,Tuesday,9,Sindh,Hyderabad,Urban Road,Poor,Foggy,Dawn/Dusk,Rickshaw,4,Mechanical Failure,1,0,0,0,2,0,Low
2021,11,Tuesday,19,Balochistan,Quetta,National Highway,Good,Clear,Dawn/Dusk,Rickshaw,3,Pedestrian Error,1,0,0,1,1,0,Low
2021,8,Saturday,16,Sindh,Karachi,National Highway,Good,Foggy,Daylight,Motorcycle,1,Wrong Overtaking,0,1,0,0,3,2,High
2022,8,Wednesday,9,Punjab,Sheikhupura,Provincial Highway,Average,Foggy,Daylight,Bus/Coach,4,Wrong Overtaking,1,0,0,0,1,1,Medium
2018,8,Tuesday,10,Sindh,Kashmore,Urban Road,Good,Clear,Daylight,Bus/Coach,2,Driver Fatigue,0,0,0,0,5,1,Medium
2023,11,Wednesday,8,KPK,Peshawar,National Highway,Average,Clear,Daylight,Bus/Coach,1,Over Speeding,1,0,0,1,9,3,High
2019,11,Sunday,3,AJK,Rawalakot,Provincial Highway,Average,Foggy,No Light,Car/Taxi,1,Over Speeding,0,1,1,1,9,2,High
2022,7,Wednesday,21,Balochistan,Hub,Provincial Highway,Poor,Rainy,Street Light,Car/Taxi,1,Mechanical Failure,0,0,0,0,1,0,Low
2018,9,Saturday,20,Punjab,Rahim Yar Khan,Provincial Highway,Good,Clear,No Light,Rickshaw,3,Over Speeding,1,1,0,0,3,0,Medium
2022,4,Wednesday,15,Gilgit-Baltistan,Gilgit,Urban Road,Good,Rainy,Daylight,Car/Taxi,2,Over Speeding,0,0,0,0,2,0,Medium
2021,8,Friday,10,Punjab,Gujranwala,Urban Road,Good,Clear,Daylight,Truck/Lorry,1,Wrong Overtaking,0,0,0,0,1,0,Low
2021,11,Saturday,20,Punjab,Sargodha,Provincial Highway,Good,Clear,Street Light,Car/Taxi,2,Over Speeding,1,1,0,1,1,0,Low
2019,7,Tuesday,8,KPK,Mansehra,National Highway,Poor,Foggy,Daylight,Bus/Coach,2,Mechanical Failure,1,0,0,0,4,1,High
2019,4,Thursday,11,Punjab,Sialkot,Urban Road,Average,Rainy,Daylight,Motorcycle,2,Pedestrian Error,0,0,0,0,2,0,Low
2022,11,Thursday,18,Punjab,Bahawalpur,National Highway,Poor,Clear,Dawn/Dusk,Rickshaw,1,Pedestrian Error,1,0,0,1,2,0,Low
2023,12,Thursday,16,Punjab,Rahim Yar Khan,Provincial Highway,Good,Foggy,Daylight,Van/Pickup,1,Mechanical Failure,0,0,0,1,1,0,Low
2021,8,Saturday,5,Sindh,Dadu,National Highway,Poor,Foggy,Dawn/Dusk,Motorcycle,2,Signal Violation,0,1,1,0,4,1,High
2021,3,Thursday,16,KPK,Mardan,Provincial Highway,Good,Clear,No Light,Van/Pickup,4,Wrong Overtaking,0,0,0,0,1,0,Low
2018,7,Sunday,14,Sindh,Kashmore,Urban Road,Under Repair,Foggy,Daylight,Motorcycle,2,Over Speeding,0,1,0,0,4,0,High
2023,5,Saturday,13,Punjab,Multan,Rural Road,Under Repair,Foggy,Daylight,Motorcycle,1,Pedestrian Error,1,1,0,0,0,0,Low
2022,12,Friday,21,Sindh,Kashmore,National Highway,Good,Clear,No Light,Rickshaw,2,Over Speeding,0,0,0,1,5,0,Medium
2023,1,Friday,17,Islamabad,Islamabad,Urban Road,Good,Clear,Daylight,Bus/Coach,1,Signal Violation,1,0,0,1,5,0,Medium
2022,7,Tuesday,9,KPK,Bannu,National Highway,Average,Clear,Daylight,Motorcycle,1,Over Speeding,1,0,0,0,3,1,High
2021,5,Thursday,9,Punjab,Rahim Yar Khan,Provincial Highway,Poor,Clear,Daylight,Motorcycle,2,Drunk Driving,1,0,0,0,2,0,High
2022,5,Monday,20,AJK,Muzaffarabad,Rural Road,Good,Foggy,Street Light,Rickshaw,2,Over Speeding,1,0,0,0,4,1,Medium
2021,3,Sunday,7,KPK,Dera Ismail Khan,National Highway,Good,Clear,Daylight,Motorcycle,1,Signal Violation,1,1,0,0,2,1,Medium
2023,5,Friday,1,Punjab,Bahawalpur,Motorway,Good,Clear,No Light,Truck/Lorry,2,Road Condition,0,0,1,0,3,0,Medium
2021,12,Friday,18,Punjab,Lahore,Urban Road,Good,Clear,Dawn/Dusk,Motorcycle,2,Signal Violation,1,0,0,1,5,1,Medium
2020,8,Thursday,22,Punjab,Multan,Urban Road,Good,Rainy,Street Light,Rickshaw,1,Over Speeding,0,0,1,0,5,0,High
2023,11,Friday,13,KPK,Bannu,National Highway,Under Repair,Clear,Daylight,Motorcycle,2,Drunk Driving,1,0,0,1,11,1,High