year,month,day_of_week,hour_of_day,province,district,road_type,road_condition,weather_condition,lighting_condition,vehicle_type,vehicles_involved,accident_cause,is_rush_hour,is_weekend,is_night,is_foggy_month,num_injured,num_killed,severity
2022,12,Thursday,10,Punjab,Multan,National Highway,Under Repair,Clear,Daylight,Car/Taxi,1,Signal Violation,0,0,0,1,1,0,Medium
2022,6,Thursday,17,Sindh,Mirpur Khas,Rural Road,Average,Clear,Daylight,Van/Pickup,2,Pedestrian Error,1,0,0,0,0,0,Low
2023,6,Wednesday,21,Punjab,Sheikhupura,National Highway,Good,Rainy,Street Light,Bus/Coach,2,Over Speeding,0,0,0,0,9,3,High
2022,4,Sunday,16,Islamabad,Islamabad,National Highway,Under Repair,Clear,Daylight,Motorcycle,1,Road Condition,0,1,0,0,10,2,High
2019,11,Wednesday,1,Punjab,Bahawalpur,Urban Road,Poor,Foggy,Street Light,Car/Taxi,2,Wrong Overtaking,0,0,1,1,4,0,Medium
2021,5,Saturday,17,Balochistan,Quetta,Urban Road,Good,Clear,Street Light,Car/Taxi,4,Wrong Overtaking,1,1,0,0,1,0,Low
2022,12,Thursday,7,Islamabad,Islamabad,Provincial Highway,Average,Clear,Street Light,Motorcycle,2,Mobile Phone Use,1,0,0,1,5,2,Medium
2022,10,Saturday,19,Punjab,Rawalpindi,Rural Road,Good,Extreme Heat,Street Light,Car/Taxi,2,Wrong Overtaking,1,1,0,0,2,0,Low
2021,12,Wednesday,7,Sindh,Larkana,Rural Road,Good,Clear,Daylight,Car/Taxi,3,Drunk Driving,1,0,0,1,1,0,Low
2023,9,Wednesday,21,Punjab,Rawalpindi,Rural Road,Average,Clear,No Light,Motorcycle,2,Over Speeding,0,0,0,0,2,1,Medium
2023,7,Sunday,15,Balochistan,Sibi,National Highway,Good,Clear,Daylight,Bus/Coach,2,Wrong Overtaking,0,1,0,0,9,2,High
2020,11,Monday,3,Sindh,Nawabshah,Provincial Highway,Average,Dusty/Smoggy,No Light,Motorcycle,3,Signal Violation,0,0,1,1,5,0,High
2019,10,Tuesday,13,Punjab,Rawalpindi,National Highway,Poor,Rainy,Daylight,Van/Pickup,2,Weather Condition,1,0,0,0,4,0,Medium
2019,3,Friday,17,Punjab,Bahawalpur,National Highway,Good,Foggy,Street Light,Bicycle,4,Drunk Driving,1,0,0,0,6,0,High
2021,7,Saturday,9,Punjab,Sheikhupura,Rural Road,Good,Clear,Daylight,Motorcycle,4,Over Speeding,1,1,0,0,1,0,Medium
2022,6,Wednesday,7,Islamabad,Islamabad,Motorway,Good,Foggy,Daylight,Car/Taxi,3,Mobile Phone Use,1,0,0,0,1,0,Medium
2018,1,Thursday,4,KPK,Dera Ismail Khan,National Highway,Average,Dusty/Smoggy,No Light,Motorcycle,2,Over Speeding,0,0,1,1,6,2,High
2019,8,Saturday,5,Balochistan,Gwadar,National Highway,Average,Rainy,Dawn/Dusk,Motorcycle,2,Drunk Driving,0,1,1,0,7,3,High
2020,1,Saturday,19,Punjab,Gujranwala,National Highway,Average,Dusty/Smoggy,Dawn/Dusk,Motorcycle,2,Over Speeding,1,1,0,1,2,1,High
2018,7,Monday,8,Punjab,Rawalpindi,National Highway,Good,Foggy,Street Light,Other,1,Wrong Overtaking,1,0,0,0,4,0,Medium
2022,4,Wednesday,4,AJK,Mirpur,Provincial Highway,Average,Clear,Street Light,Car/Taxi,2,Driver Fatigue,0,0,1,0,8,1,High
2023,9,Friday,18,Punjab,Gujranwala,Provincial Highway,Good,Clear,Daylight,Motorcycle,2,Over Speeding,1,0,0,0,5,1,High
2023,5,Monday,21,Islamabad,Islamabad,Provincial Highway,Poor,Clear,Street Light,Car/Taxi,2,Wrong Overtaking,0,0,0,0,3,0,Medium
2020,6,Saturday,10,Punjab,Faisalabad,Urban Road,Under Repair,Clear,Daylight,Truck/Lorry,2,Mechanical Failure,0,1,0,0,0,0,Low
2020,8,Sunday,15,Punjab,Faisalabad,National Highway,Average,Rainy,Street Light,Bus/Coach,3,Mechanical Failure,0,1,0,0,1,1,Medium
2022,2,Friday,8,KPK,Kohat,Rural Road,Poor,Clear,Daylight,Motorcycle,2,Signal Violation,1,0,0,1,2,0,Medium
2022,6,Thursday,13,AJK,Rawalakot,Rural Road,Average,Clear,Daylight,Motorcycle,2,Road Condition,1,0,0,0,0,0,Low
2020,7,Saturday,16,Islamabad,Islamabad,National Highway,Average,Dusty/Smoggy,No Light,Bus/Coach,2,Wrong Overtaking,0,1,0,0,3,1,Medium
2023,6,Wednesday,10,Punjab,Sargodha,Urban Road,Good,Clear,Daylight,Car/Taxi,1,Wrong Overtaking,0,0,0,0,0,0,Low
2022,5,Friday,12,Punjab,Lahore,Urban Road,Under Repair,Dusty/Smoggy,Daylight,Car/Taxi,2,Signal Violation,1,0,0,0,1,0,Low
2020,11,Tuesday,11,Sindh,Sukkur,National Highway,Under Repair,Clear,Daylight,Bus/Coach,2,Wrong Overtaking,0,0,0,1,1,0,Medium
2018,10,Wednesday,12,Sindh,Karachi,Provincial Highway,Average,Clear,Street Light,Bus/Coach,4,Wrong Overtaking,1,0,0,0,0,0,Low
2019,1,Friday,3,KPK,Charsadda,Urban Road,Under Repair,Clear,No Light,Van/Pickup,3,Over Speeding,0,0,1,1,4,1,Medium
2021,11,Tuesday,18,Punjab,Faisalabad,Urban Road,Average,Rainy,Daylight,Motorcycle,3,Over Speeding,1,0,0,1,2,2,Medium
2019,10,Wednesday,19,Islamabad,Islamabad,Rural Road,Good,Clear,No Light,Bus/Coach,2,Road Condition,1,0,0,0,0,0,Low
2020,12,Saturday,15,Sindh,Nawabshah,National Highway,Good,Clear,Dawn/Dusk,Motorcycle,1,Over Speeding,0,1,0,1,7,1,High
2021,12,Saturday,8,Balochistan,Zhob,Provincial Highway,Poor,Clear,Dawn/Dusk,Rickshaw,2,Over Speeding,1,1,0,1,2,2,Medium
2022,4,Monday,15,Sindh,Dadu,Urban Road,Average,Clear,Daylight,Truck/Lorry,1,Signal Violation,0,0,0,0,1,0,Low
2023,1,Tuesday,8,Punjab,Sialkot,National Highway,Poor,Clear,Daylight,Motorcycle,2,Road Condition,1,0,0,1,5,1,Medium
2018,10,Tuesday,18,AJK,Mirpur,Provincial Highway,Good,Clear,Daylight,Car/Taxi,3,Driver Fatigue,1,0,0,0,2,0,Medium
2020,9,Monday,12,Sindh,Nawabshah,National Highway,Good,Foggy,Dawn/Dusk,Car/Taxi,1,Drunk Driving,1,0,0,0,1,0,Medium
2022,10,Sunday,16,Balochistan,Quetta,National Highway,Good,Clear,Daylight,Car/Taxi,1,Driver Fatigue,0,1,0,0,5,0,Medium
2023,3,Wednesday,12,Islamabad,Islamabad,National Highway,Poor,Dusty/Smoggy,Daylight,Car/Taxi,3,Signal Violation,1,0,0,0,3,0,Medium
2022,12,Thursday,2,KPK,Nowshera,National Highway,Under Repair,Clear,No Light,Motorcycle,3,Drunk Driving,0,0,1,1,5,1,High
2021,10,Friday,12,Sindh,Nawabshah,National Highway,Good,Dusty/Smoggy,Daylight,Car/Taxi,4,Road Condition,1,0,0,0,1,0,Medium
2022,7,Sunday,17,Punjab,Bahawalpur,Rural Road,Average,Clear,Daylight,Rickshaw,2,Mechanical Failure,1,1,0,0,1,0,Low
2019,1,Wednesday,8,Punjab,Lahore,National Highway,Good,Clear,Daylight,Car/Taxi,3,Signal Violation,1,0,0,1,2,0,Low
2023,9,Saturday,14,Punjab,Bahawalpur,Urban Road,Average,Foggy,Daylight,Car/Taxi,1,Signal Violation,0,1,0,0,3,0,Medium
2018,4,Tuesday,16,Punjab,Bahawalpur,National Highway,Average,Clear,Daylight,Car/Taxi,3,Signal Violation,0,0,0,0,1,0,Medium
2018,4,Wednesday,10,Punjab,Lahore,Provincial Highway,Under Repair,Clear,Daylight,Rickshaw,1,Wrong Overtaking,0,0,0,0,5,0,Medium
2020,11,Saturday,20,Punjab,Sargodha,Urban Road,Average,Clear,No Light,Motorcycle,2,Wrong Overtaking,1,1,0,1,3,2,Medium
2020,9,Monday,8,Punjab,Sargodha,National Highway,Good,Clear,Daylight,Rickshaw,2,Mechanical Failure,1,0,0,0,1,0,Low
2023,7,Saturday,16,Sindh,Jacobabad,National Highway,Good,Clear,Daylight,Car/Taxi,2,Over Speeding,0,1,0,0,9,2,High
2023,3,Monday,15,Punjab,Rawalpindi,Motorway,Poor,Rainy,Daylight,Car/Taxi,2,Driver Fatigue,0,0,0,0,1,0,Medium
2021,1,Thursday,8,Punjab,Rawalpindi,Rural Road,Average,Rainy,Daylight,Rickshaw,2,Pedestrian Error,1,0,0,1,2,0,Low
2023,5,Saturday,18,KPK,Charsadda,Urban Road,Poor,Foggy,Daylight,Motorcycle,1,Drunk Driving,1,1,0,0,9,0,High
2022,4,Saturday,14,Sindh,Thatta,Provincial Highway,Poor,Clear,Daylight,Car/Taxi,1,Wrong Overtaking,0,1,0,0,2,0,Low
2022,6,Monday,9,Sindh,Thatta,Urban Road,Good,Rainy,Daylight,Car/Taxi,2,Pedestrian Error,1,0,0,0,2,0,Low
2018,6,Friday,10,Sindh,Sukkur,Rural Road,Good,Foggy,Dawn/Dusk,Motorcycle,2,Mechanical Failure,0,0,0,0,3,0,Medium
2018,7,Friday,13,KPK,Swat,Provincial Highway,Poor,Foggy,Daylight,Other,2,Pedestrian Error,1,0,0,0,2,0,Low
2022,5,Monday,7,Sindh,Hyderabad,National Highway,Poor,Foggy,Daylight,Rickshaw,2,Wrong Overtaking,1,0,0,0,5,0,Medium
2018,11,Monday,14,Sindh,Sukkur,Rural Road,Average,Dusty/Smoggy,Daylight,Motorcycle,1,Pedestrian Error,0,0,0,1,0,0,Low
2021,2,Sunday,17,Islamabad,Islamabad,National Highway,Under Repair,Dusty/Smoggy,Daylight,Motorcycle,2,Over Speeding,1,1,0,1,7,2,High
2021,3,Sunday,6,KPK,Kohat,Rural Road,Good,Clear,Daylight,Motorcycle,2,Over Speeding,0,1,0,0,2,1,Medium
2023,5,Tuesday,16,Sindh,Sukkur,Urban Road,Poor,Clear,Daylight,Motorcycle,2,Driver Fatigue,0,0,0,0,2,2,High
2019,7,Sunday,19,Sindh,Larkana,Provincial Highway,Average,Rainy,Dawn/Dusk,Van/Pickup,1,Wrong Overtaking,1,1,0,0,1,0,Medium
2023,12,Saturday,12,Punjab,Sargodha,Urban Road,Average,Clear,No Light,Car/Taxi,2,Mobile Phone Use,1,1,0,1,0,0,Low
2023,9,Monday,13,Sindh,Sukkur,Provincial Highway,Good,Clear,Street Light,Car/Taxi,1,Mechanical Failure,1,0,0,0,2,0,Low
2019,7,Monday,17,AJK,Muzaffarabad,Provincial Highway,Good,Extreme Heat,Street Light,Car/Taxi,1,Drunk Driving,1,0,0,0,1,0,Medium
2023,7,Friday,10,Sindh,Karachi,National Highway,Good,Rainy,Daylight,Motorcycle,3,Wrong Overtaking,0,0,0,0,11,1,High
2018,7,Saturday,8,Islamabad,Islamabad,Rural Road,Good,Foggy,Daylight,Motorcycle,1,Driver Fatigue,1,1,0,0,6,4,High
2021,7,Tuesday,12,Punjab,Multan,Urban Road,Good,Clear,Daylight,Motorcycle,2,Road Condition,1,0,0,0,0,0,Low
2023,12,Thursday,1,Gilgit-Baltistan,Gilgit,Urban Road,Poor,Clear,No Light,Car/Taxi,2,Signal Violation,0,0,1,1,1,0,Low
2023,12,Monday,14,Sindh,Nawabshah,National Highway,Average,Clear,Dawn/Dusk,Bicycle,1,Wrong Overtaking,0,0,0,1,5,1,High
2019,11,Friday,18,Punjab,Multan,National Highway,Good,Dusty/Smoggy,No Light,Car/Taxi,2,Signal Violation,1,0,0,1,1,0,Low
2021,3,Saturday,13,Sindh,Mirpur Khas,Rural Road,Average,Dusty/Smoggy,Daylight,Truck/Lorry,1,Mechanical Failure,1,1,0,0,2,0,Low
2020,11,Wednesday,8,Punjab,Sialkot,Provincial Highway,Under Repair,Foggy,Daylight,Bus/Coach,2,Drunk Driving,1,0,0,1,11,3,High
2019,3,Sunday,8,Punjab,Faisalabad,Provincial Highway,Average,Clear,Daylight,Other,2,Signal Violation,1,1,0,0,2,1,Low
2020,11,Friday,8,KPK,Peshawar,National Highway,Poor,Clear,Daylight,Truck/Lorry,1,Wrong Overtaking,1,0,0,1,5,2,High
2018,2,Sunday,19,Punjab,Rahim Yar Khan,Provincial Highway,Poor,Foggy,Dawn/Dusk,Motorcycle,2,Pedestrian Error,1,1,0,1,9,2,High
2022,4,Friday,8,KPK,Mardan,Urban Road,Poor,Clear,Street Light,Car/Taxi,3,Road Condition,1,0,0,0,1,0,Low
2021,7,Thursday,14,Punjab,Sialkot,National Highway,Under Repair,Clear,Daylight,Car/Taxi,2,Over Speeding,0,0,0,0,3,1,High
2023,7,Wednesday,10,Punjab,Rahim Yar Khan,National Highway,Good,Clear,Daylight,Car/Taxi,2,Mechanical Failure,0,0,0,0,0,0,Low
2018,4,Tuesday,13,AJK,Muzaffarabad,Urban Road,Good,Rainy,Daylight,Car/Taxi,3,Driver Fatigue,1,0,0,0,2,0,Medium
2019,6,Wednesday,12,Punjab,Bahawalpur,Provincial Highway,Under Repair,Dusty/Smoggy,Daylight,Van/Pickup,1,Road Condition,1,0,0,0,2,0,Low
2022,2,Tuesday,9,Sindh,Kashmore,Rural Road,Good,Clear,Dawn/Dusk,Motorcycle,1,Pedestrian Error,1,0,0,1,0,1,Low
2023,8,Friday,11,Sindh,Karachi,Urban Road,Under Repair,Clear,Dawn/Dusk,Car/Taxi,3,Wrong Overtaking,0,0,0,0,0,0,Low
2023,6,Monday,4,Sindh,Mirpur Khas,Provincial Highway,Average,Dusty/Smoggy,Street Light,Truck/Lorry,2,Signal Violation,0,0,1,0,9,2,High
2023,1,Saturday,1,Balochistan,Loralai,Provincial Highway,Good,Clear,Street Light,Motorcycle,2,Over Speeding,0,1,1,1,3,1,High
2020,8,Wednesday,20,KPK,Charsadda,National Highway,Average,Clear,No Light,Car/Taxi,1,Over Speeding,1,0,0,0,11,1,High
2021,11,Tuesday,17,Punjab,Sargodha,Provincial Highway,Poor,Clear,Daylight,Car/Taxi,2,Mechanical Failure,1,0,0,1,0,0,Low
2020,5,Wednesday,7,Balochistan,Quetta,National Highway,Average,Dusty/Smoggy,Daylight,Rickshaw,1,Signal Violation,1,0,0,0,5,0,Medium
2019,8,Sunday,7,Punjab,Multan,Provincial Highway,Poor,Clear,Daylight,Car/Taxi,1,Signal Violation,1,1,0,0,1,0,Low
2020,11,Wednesday,10,Sindh,Larkana,National Highway,Average,Dusty/Smoggy,Daylight,Motorcycle,2,Wrong Overtaking,0,0,0,1,1,1,Medium
2018,6,Monday,18,Islamabad,Islamabad,Urban Road,Good,Clear,Street Light,Bus/Coach,2,Over Speeding,1,0,0,0,1,0,Medium
2022,10,Wednesday,8,Sindh,Dadu,Urban Road,Average,Clear,Daylight,Other,1,Signal Violation,1,0,0,0,2,1,Low
2020,6,Friday,2,KPK,Mansehra,Rural Road,Good,Clear,No Light,Car/Taxi,1,Signal Violation,0,0,1,0,0,0,Low
2018,11,Sunday,9,Sindh,Nawabshah,Rural Road,Poor,Foggy,Dawn/Dusk,Motorcycle,2,Signal Violation,1,1,0,1,5,2,High
2021,6,Wednesday,1,KPK,Kohat,Urban Road,Good,Extreme Heat,Street Light,Motorcycle,3,Over Speeding,0,0,1,0,10,2,High
2020,12,Friday,11,Islamabad,Islamabad,National Highway,Poor,Dusty/Smoggy,Dawn/Dusk,Motorcycle,3,Pedestrian Error,0,0,0,1,4,2,Medium
2023,1,Friday,8,Punjab,Gujranwala,Provincial Highway,Average,Clear,Daylight,Motorcycle,2,Over Speeding,1,0,0,1,11,2,High
2023,11,Monday,9,Punjab,Sheikhupura,Rural Road,Good,Clear,Daylight,Truck/Lorry,1,Road Condition,1,0,0,1,2,0,Low
2022,8,Thursday,18,Sindh,Hyderabad,National Highway,Average,Clear,Daylight,Truck/Lorry,3,Wrong Overtaking,1,0,0,0,4,0,Medium
2022,2,Thursday,10,KPK,Dera Ismail Khan,Provincial Highway,Good,Clear,Daylight,Truck/Lorry,2,Driver Fatigue,0,0,0,1,4,0,Medium
2022,8,Wednesday,10,Punjab,Gujranwala,Urban Road,Good,Rainy,Daylight,Motorcycle,2,Wrong Overtaking,0,0,0,0,5,2,Medium
2022,4,Monday,11,Punjab,Lahore,Urban Road,Poor,Clear,Daylight,Motorcycle,1,Pedestrian Error,0,0,0,0,0,0,Low
2022,5,Saturday,15,Punjab,Gujranwala,Rural Road,Poor,Clear,Daylight,Motorcycle,1,Over Speeding,0,1,0,0,8,1,High
2022,12,Monday,18,Islamabad,Islamabad,National Highway,Good,Rainy,Daylight,Bus/Coach,1,Mechanical Failure,1,0,0,1,2,1,High
2022,12,Tuesday,16,KPK,Swat,Rural Road,Under Repair,Foggy,Daylight,Truck/Lorry,3,Signal Violation,0,0,0,1,2,0,Low
2019,8,Saturday,17,Punjab,Multan,National Highway,Good,Foggy,Daylight,Car/Taxi,3,Signal Violation,1,1,0,0,2,1,Medium
2020,10,Monday,17,Punjab,Multan,National Highway,Good,Clear,Dawn/Dusk,Truck/Lorry,1,Mobile Phone Use,1,0,0,0,5,0,Medium
2019,12,Friday,20,Punjab,Rawalpindi,Rural Road,Average,Clear,No Light,Motorcycle,2,Over Speeding,1,0,0,1,5,0,Medium
2023,11,Tuesday,7,Punjab,Sialkot,Rural Road,Poor,Rainy,Daylight,Motorcycle,2,Road Condition,1,0,0,1,0,0,Low
2020,7,Wednesday,4,Punjab,Rawalpindi,National Highway,Under Repair,Foggy,No Light,Car/Taxi,3,Signal Violation,0,0,1,0,6,1,High
2020,4,Saturday,12,Balochistan,Zhob,National Highway,Good,Foggy,Dawn/Dusk,Car/Taxi,2,Wrong Overtaking,1,1,0,0,4,1,High
2019,3,Thursday,4,Gilgit-Baltistan,Skardu,Provincial Highway,Average,Clear,No Light,Motorcycle,4,Wrong Overtaking,0,0,1,0,4,1,High
2019,8,Thursday,17,Punjab,Rahim Yar Khan,Provincial Highway,Good,Extreme Heat,Daylight,Rickshaw,3,Over Speeding,1,0,0,0,4,0,Medium
2021,1,Sunday,18,Punjab,Faisalabad,Provincial Highway,Average,Rainy,Daylight,Motorcycle,1,Driver Fatigue,1,1,0,1,11,1,High
2022,9,Saturday,6,Punjab,Sheikhupura,Provincial Highway,Average,Extreme Heat,Daylight,Motorcycle,1,Over Speeding,0,1,0,0,4,0,High
2022,12,Thursday,21,Sindh,Kashmore,National Highway,Average,Extreme Heat,No Light,Rickshaw,2,Over Speeding,0,0,0,1,1,0,Medium
2020,10,Saturday,15,Punjab,Bahawalpur,Motorway,Average,Foggy,Daylight,Bicycle,2,Road Condition,0,1,0,0,9,2,High
2022,8,Thursday,7,Punjab,Sargodha,Motorway,Poor,Extreme Heat,Daylight,Van/Pickup,1,Weather Condition,1,0,0,0,2,0,Medium
2021,7,Thursday,5,Punjab,Sheikhupura,Provincial Highway,Good,Dusty/Smoggy,Dawn/Dusk,Bicycle,3,Signal Violation,0,0,1,0,7,1,High
2022,9,Monday,7,KPK,Charsadda,Provincial Highway,Average,Dusty/Smoggy,Daylight,Motorcycle,2,Over Speeding,1,0,0,0,1,0,Medium
2022,5,Thursday,9,KPK,Bannu,Provincial Highway,Under Repair,Dusty/Smoggy,Daylight,Motorcycle,1,Over Speeding,1,0,0,0,5,0,Medium
2020,5,Tuesday,12,Sindh,Thatta,Urban Road,Poor,Rainy,Street Light,Motorcycle,1,Wrong Overtaking,1,0,0,0,1,0,Medium
2019,5,Sunday,9,Punjab,Rawalpindi,Urban Road,Poor,Rainy,Daylight,Bus/Coach,1,Driver Fatigue,1,1,0,0,4,1,Medium
2020,1,Wednesday,18,Balochistan,Dera Bugti,Provincial Highway,Average,Foggy,Daylight,Car/Taxi,2,Over Speeding,1,0,0,1,5,0,Medium
2018,11,Friday,19,Islamabad,Islamabad,Rural Road,Good,Clear,Daylight,Motorcycle,1,Driver Fatigue,1,0,0,1,5,1,Medium
2020,8,Saturday,15,Punjab,Lahore,Provincial Highway,Average,Clear,Daylight,Bus/Coach,4,Over Speeding,0,1,0,0,4,0,Medium
2022,2,Monday,11,Punjab,Sialkot,National Highway,Good,Rainy,Daylight,Motorcycle,2,Over Speeding,0,0,0,1,8,2,High
2021,1,Thursday,8,Sindh,Sukkur,Urban Road,Under Repair,Clear,Daylight,Motorcycle,2,Over Speeding,1,0,0,1,4,1,Medium
2019,10,Wednesday,10,Punjab,Rawalpindi,National Highway,Good,Foggy,Street Light,Car/Taxi,3,Signal Violation,0,0,0,0,2,2,Medium
2018,9,Tuesday,9,Sindh,Nawabshah,Urban Road,Good,Extreme Heat,Daylight,Motorcycle,4,Mobile Phone Use,1,0,0,0,3,0,Medium
2023,6,Wednesday,19,Sindh,Kashmore,Provincial Highway,Poor,Dusty/Smoggy,Street Light,Rickshaw,2,Wrong Overtaking,1,0,0,0,3,1,Medium
2023,12,Saturday,20,Sindh,Dadu,National Highway,Poor,Clear,Street Light,Motorcycle,3,Wrong Overtaking,1,1,0,1,3,0,High
2023,6,Friday,21,Punjab,Gujranwala,Provincial Highway,Good,Clear,No Light,Car/Taxi,2,Road Condition,0,0,0,0,1,0,Low
2023,6,Tuesday,18,Sindh,Karachi,National Highway,Average,Clear,Daylight,Motorcycle,2,Wrong Overtaking,1,0,0,0,11,2,High
2020,12,Sunday,16,Islamabad,Islamabad,Urban Road,Poor,Dusty/Smoggy,Daylight,Motorcycle,3,Driver Fatigue,0,1,0,1,5,0,Medium
2020,12,Saturday,7,Punjab,Rahim Yar Khan,National Highway,Poor,Foggy,Daylight,Car/Taxi,1,Mobile Phone Use,1,1,0,1,2,1,Medium
2020,2,Sunday,3,Sindh,Jacobabad,Rural Road,Good,Foggy,No Light,Motorcycle,1,Drunk Driving,0,1,1,1,9,0,High
2018,1,Monday,10,Punjab,Sheikhupura,Urban Road,Average,Dusty/Smoggy,Daylight,Car/Taxi,3,Over Speeding,0,0,0,1,1,0,Low
2021,12,Saturday,16,Punjab,Rahim Yar Khan,Rural Road,Poor,Rainy,No Light,Car/Taxi,1,Over Speeding,0,1,0,1,5,0,Medium
2020,1,Thursday,13,Sindh,Hyderabad,National Highway,Under Repair,Clear,Daylight,Car/Taxi,1,Over Speeding,1,0,0,1,10,1,High
2021,12,Friday,7,Punjab,Sheikhupura,Provincial Highway,Good,Clear,Daylight,Motorcycle,2,Mechanical Failure,1,0,0,1,3,1,Medium
2020,10,Wednesday,21,Punjab,Gujranwala,Urban Road,Poor,Clear,Street Light,Motorcycle,1,Over Speeding,0,0,0,0,6,0,High
2020,9,Wednesday,17,Punjab,Lahore,National Highway,Good,Clear,Daylight,Motorcycle,1,Signal Violation,1,0,0,0,8,4,High
2021,4,Saturday,6,Sindh,Larkana,National Highway,Poor,Dusty/Smoggy,Daylight,Motorcycle,2,Over Speeding,0,1,0,0,7,2,High
2021,8,Wednesday,13,KPK,Charsadda,Rural Road,Under Repair,Clear,Daylight,Car/Taxi,2,Pedestrian Error,1,0,0,0,0,0,Low
2018,11,Sunday,2,Punjab,Rawalpindi,Rural Road,Good,Clear,No Light,Van/Pickup,2,Wrong Overtaking,0,1,1,1,1,0,Low
2019,10,Saturday,13,KPK,Kohat,Rural Road,Poor,Clear,Street Light,Motorcycle,2,Weather Condition,1,1,0,0,1,0,Low
2023,9,Monday,18,Punjab,Faisalabad,Rural Road,Under Repair,Clear,Daylight,Car/Taxi,2,Wrong Overtaking,1,0,0,0,0,0,Low
2022,11,Tuesday,8,Sindh,Mirpur Khas,Urban Road,Good,Clear,Daylight,Motorcycle,4,Pedestrian Error,1,0,0,1,3,1,Medium
2023,7,Friday,16,Punjab,Sheikhupura,Urban Road,Good,Clear,Daylight,Motorcycle,1,Signal Violation,0,0,0,0,5,0,Medium
2020,7,Friday,16,Sindh,Sukkur,National Highway,Good,Foggy,Street Light,Rickshaw,2,Drunk Driving,0,0,0,0,5,0,Medium
2019,7,Sunday,14,Gilgit-Baltistan,Hunza,Provincial Highway,Average,Dusty/Smoggy,Daylight,Motorcycle,1,Over Speeding,0,1,0,0,8,2,High
2023,12,Tuesday,12,Islamabad,Islamabad,National Highway,Good,Clear,Dawn/Dusk,Bus/Coach,2,Signal Violation,1,0,0,1,7,2,High
2023,6,Saturday,14,Punjab,Sialkot,National Highway,Good,Rainy,Dawn/Dusk,Bus/Coach,2,Road Condition,0,1,0,0,1,2,Medium
2020,9,Sunday,20,Balochistan,Turbat,National Highway,Good,Rainy,Street Light,Rickshaw,2,Signal Violation,1,1,0,0,4,0,Medium
2023,6,Thursday,14,Punjab,Sargodha,Provincial Highway,Good,Rainy,Dawn/Dusk,Motorcycle,1,Over Speeding,0,0,0,0,11,0,High
2023,1,Friday,6,Islamabad,Islamabad,Urban Road,Average,Clear,Daylight,Van/Pickup,3,Road Condition,0,0,0,1,2,0,Low
2021,7,Saturday,14,Punjab,Rahim Yar Khan,Provincial Highway,Good,Clear,Daylight,Car/Taxi,1,Driver Fatigue,0,1,0,0,1,0,Low
2022,9,Monday,9,Punjab,Multan,Rural Road,Good,Clear,Daylight,Bicycle,2,Mobile Phone Use,1,0,0,0,1,0,Low
2021,10,Saturday,17,Punjab,Sialkot,Provincial Highway,Good,Clear,Daylight,Motorcycle,2,Driver Fatigue,1,1,0,0,10,1,High
2018,5,Saturday,16,Punjab,Sargodha,Rural Road,Good,Clear,Street Light,Bus/Coach,2,Signal Violation,0,1,0,0,2,0,Low
2021,3,Friday,12,KPK,Bannu,Provincial Highway,Good,Clear,Daylight,Motorcycle,4,Wrong Overtaking,1,0,0,0,3,0,Medium
2022,3,Sunday,18,Islamabad,Islamabad,National Highway,Poor,Extreme Heat,Street Light,Truck/Lorry,3,Drunk Driving,1,1,0,0,8,2,High
2018,6,Sunday,8,Sindh,Jacobabad,Rural Road,Poor,Clear,Daylight,Bus/Coach,2,Signal Violation,1,1,0,0,4,1,Medium
2021,7,Friday,19,KPK,Abbottabad,Provincial Highway,Good,Rainy,Dawn/Dusk,Truck/Lorry,3,Pedestrian Error,1,0,0,0,1,0,Low
2019,12,Thursday,7,KPK,Bannu,National Highway,Under Repair,Dusty/Smoggy,Street Light,Bus/Coach,1,Signal Violation,1,0,0,1,2,1,High
2018,11,Saturday,6,Punjab,Sialkot,National Highway,Average,Dusty/Smoggy,Daylight,Motorcycle,2,Over Speeding,0,1,0,1,8,2,High
2023,9,Monday,21,Punjab,Multan,National Highway,Good,Extreme Heat,Street Light,Motorcycle,3,Driver Fatigue,0,0,0,0,4,1,High
2020,12,Sunday,16,Punjab,Rahim Yar Khan,Urban Road,Under Repair,Clear,Daylight,Motorcycle,1,Drunk Driving,0,1,0,1,4,0,Medium
2021,6,Saturday,18,Punjab,Gujranwala,Provincial Highway,Good,Clear,Daylight,Car/Taxi,3,Mechanical Failure,1,1,0,0,0,0,Low
2019,8,Thursday,20,Punjab,Rahim Yar Khan,Motorway,Good,Extreme Heat,No Light,Car/Taxi,2,Wrong Overtaking,1,0,0,0,1,0,Low
2018,5,Thursday,14,Punjab,Lahore,Provincial Highway,Average,Clear,Daylight,Motorcycle,1,Mechanical Failure,0,0,0,0,4,0,Medium
2019,4,Thursday,9,Punjab,Multan,National Highway,Good,Rainy,Daylight,Car/Taxi,1,Over Speeding,1,0,0,0,1,0,Medium
2019,2,Thursday,19,Punjab,Rawalpindi,Urban Road,Good,Clear,Dawn/Dusk,Motorcycle,2,Wrong Overtaking,1,0,0,1,1,0,Medium
2023,1,Monday,12,Balochistan,Zhob,Motorway,Under Repair,Clear,No Light,Motorcycle,4,Wrong Overtaking,1,0,0,1,9,2,High
2023,11,Friday,19,Punjab,Sheikhupura,National Highway,Good,Clear,Street Light,Motorcycle,1,Signal Violation,1,0,0,1,2,0,Medium