year,month,day_of_week,hour_of_day,province,district,road_type,road_condition,weather_condition,lighting_condition,vehicle_type,vehicles_involved,accident_cause,is_rush_hour,is_weekend,is_night,is_foggy_month,num_injured,num_killed,severity
2020,1,Monday,18,Sindh,Sukkur,National Highway,Good,Clear,Street Light,Rickshaw,1,Signal Violation,1,0,0,1,3,0,Medium
2023,8,Sunday,23,Sindh,Mirpur Khas,Rural Road,Poor,Dusty/Smoggy,No Light,Bus/Coach,1,Over Speeding,0,1,1,0,4,0,Medium
2022,10,Thursday,17,Sindh,Hyderabad,National Highway,Poor,Clear,Daylight,Truck/Lorry,2,Driver Fatigue,1,0,0,0,3,0,Medium
2022,3,Tuesday,10,Punjab,Sheikhupura,Motorway,Average,Clear,Daylight,Car/Taxi,4,Signal Violation,0,0,0,0,2,2,Medium
2020,3,Monday,5,Punjab,Bahawalpur,Urban Road,Poor,Foggy,No Light,Car/Taxi,2,Wrong Overtaking,0,0,1,0,2,1,Low
2021,12,Saturday,18,Punjab,Rahim Yar Khan,National Highway,Poor,Rainy,No Light,Car/Taxi,1,Wrong Overtaking,1,1,0,1,5,0,Medium
2021,9,Tuesday,11,Punjab,Multan,National Highway,Under Repair,Clear,Dawn/Dusk,Motorcycle,2,Wrong Overtaking,0,0,0,0,10,0,High
2021,5,Tuesday,8,Punjab,Bahawalpur,National Highway,Good,Dusty/Smoggy,Street Light,Motorcycle,2,Over Speeding,1,0,0,0,4,2,High
2022,7,Sunday,6,Sindh,Kashmore,Rural Road,Average,Foggy,No Light,Van/Pickup,2,Signal Violation,0,1,0,0,3,2,Medium
2021,11,Monday,15,KPK,Swat,Rural Road,Average,Foggy,Street Light,Motorcycle,3,Over Speeding,0,0,0,1,2,0,High
2023,3,Sunday,17,Sindh,Hyderabad,Rural Road,Good,Clear,Street Light,Car/Taxi,2,Road Condition,1,1,0,0,0,0,Low
2020,5,Saturday,20,Sindh,Dadu,Motorway,Good,Clear,No Light,Car/Taxi,2,Over Speeding,1,1,0,0,5,1,Medium
2019,6,Sunday,22,Punjab,Faisalabad,Provincial Highway,Poor,Rainy,No Light,Rickshaw,3,Wrong Overtaking,0,1,1,0,1,0,Medium
2021,11,Saturday,19,Balochistan,Quetta,Rural Road,Good,Clear,Dawn/Dusk,Motorcycle,2,Weather Condition,1,1,0,1,1,0,Medium
2023,1,Monday,12,Punjab,Lahore,National Highway,Average,Clear,Daylight,Van/Pickup,1,Over Speeding,1,0,0,1,3,0,High
2020,6,Saturday,10,KPK,Abbottabad,Rural Road,Good,Extreme Heat,Daylight,Bicycle,1,Mechanical Failure,0,1,0,0,1,0,Low
2020,5,Friday,6,KPK,Dera Ismail Khan,National Highway,Average,Clear,Daylight,Car/Taxi,1,Mechanical Failure,0,0,0,0,2,0,Low
2018,5,Tuesday,19,Punjab,Sargodha,Provincial Highway,Good,Rainy,Dawn/Dusk,Car/Taxi,4,Signal Violation,1,0,0,0,5,0,Medium
2023,12,Monday,20,Punjab,Sialkot,Provincial Highway,Average,Clear,Street Light,Motorcycle,3,Wrong Overtaking,1,0,0,1,4,0,Medium
2022,5,Friday,10,Sindh,Sukkur,Rural Road,Poor,Clear,Daylight,Car/Taxi,2,Over Speeding,0,0,0,0,3,0,Medium
2018,5,Tuesday,3,Punjab,Gujranwala,Provincial Highway,Poor,Clear,No Light,Van/Pickup,1,Mechanical Failure,0,0,1,0,2,0,Low
2019,6,Thursday,21,Punjab,Rahim Yar Khan,Provincial Highway,Good,Clear,Street Light,Motorcycle,1,Over Speeding,0,0,0,0,2,1,High
2020,12,Sunday,18,Punjab,Sialkot,Motorway,Poor,Clear,Daylight,Motorcycle,2,Mobile Phone Use,1,1,0,1,1,0,Medium
2023,5,Thursday,5,Punjab,Rahim Yar Khan,National Highway,Good,Foggy,Dawn/Dusk,Bus/Coach,1,Over Speeding,0,0,1,0,10,4,High
2021,7,Monday,9,Sindh,Hyderabad,National Highway,Average,Clear,Daylight,Rickshaw,2,Over Speeding,1,0,0,0,11,1,High
2018,5,Friday,13,Balochistan,Khuzdar,National Highway,Good,Rainy,Daylight,Car/Taxi,3,Signal Violation,1,0,0,0,2,1,Medium
2021,8,Monday,16,Punjab,Multan,Rural Road,Average,Rainy,Daylight,Bus/Coach,1,Driver Fatigue,0,0,0,0,1,1,Medium
2021,5,Friday,23,Islamabad,Islamabad,National Highway,Good,Clear,Street Light,Rickshaw,4,Wrong Overtaking,0,0,1,0,2,0,Medium
2018,3,Friday,4,Islamabad,Islamabad,National Highway,Average,Clear,No Light,Car/Taxi,2,Road Condition,0,0,1,0,2,0,Low
2018,1,Friday,6,Islamabad,Islamabad,Urban Road,Average,Clear,Street Light,Car/Taxi,3,Drunk Driving,0,0,0,1,3,0,Medium
2019,12,Wednesday,5,KPK,Charsadda,Urban Road,Good,Clear,Street Light,Motorcycle,4,Over Speeding,0,0,1,1,2,1,Medium
2018,8,Wednesday,18,Punjab,Lahore,Rural Road,Poor,Foggy,Daylight,Car/Taxi,2,Driver Fatigue,1,0,0,0,0,0,Low
2023,4,Tuesday,16,Punjab,Sheikhupura,Provincial Highway,Under Repair,Clear,Daylight,Motorcycle,1,Driver Fatigue,0,0,0,0,3,2,High
2020,2,Friday,22,Sindh,Karachi,National Highway,Average,Rainy,Street Light,Van/Pickup,1,Wrong Overtaking,0,0,1,1,7,1,High
2021,2,Saturday,17,Sindh,Sukkur,National Highway,Average,Rainy,Daylight,Car/Taxi,2,Over Speeding,1,1,0,1,6,2,High
2019,1,Monday,6,Balochistan,Khuzdar,National Highway,Average,Foggy,Daylight,Rickshaw,2,Signal Violation,0,0,0,1,4,0,Medium
2023,5,Wednesday,13,Gilgit-Baltistan,Gilgit,Urban Road,Good,Clear,Daylight,Motorcycle,1,Signal Violation,1,0,0,0,1,0,Low
2022,10,Friday,20,Sindh,Sukkur,Urban Road,Good,Rainy,No Light,Car/Taxi,2,Road Condition,1,0,0,0,0,0,Low
2021,1,Thursday,18,Punjab,Rawalpindi,Urban Road,Poor,Clear,Daylight,Car/Taxi,2,Over Speeding,1,0,0,1,1,0,Low
2022,5,Sunday,8,Punjab,Faisalabad,Motorway,Good,Extreme Heat,Dawn/Dusk,Motorcycle,3,Mechanical Failure,1,1,0,0,5,1,High
2021,11,Thursday,18,Punjab,Multan,National Highway,Average,Clear,Daylight,Truck/Lorry,3,Over Speeding,1,0,0,1,5,1,High
2018,12,Saturday,12,Sindh,Thatta,National Highway,Poor,Foggy,Daylight,Truck/Lorry,3,Over Speeding,1,1,0,1,3,1,High
2019,10,Sunday,18,Sindh,Nawabshah,Urban Road,Good,Clear,Daylight,Motorcycle,2,Road Condition,1,1,0,0,2,0,Low
2020,7,Thursday,11,KPK,Peshawar,Motorway,Good,Clear,Daylight,Rickshaw,2,Pedestrian Error,0,0,0,0,0,0,Low
2021,5,Thursday,12,Sindh,Mirpur Khas,Provincial Highway,Good,Clear,Daylight,Motorcycle,3,Wrong Overtaking,1,0,0,0,2,0,Medium
2023,2,Sunday,9,Balochistan,Dera Bugti,Rural Road,Good,Clear,Daylight,Rickshaw,3,Over Speeding,1,1,0,1,3,0,Medium
2020,2,Saturday,7,Sindh,Thatta,Urban Road,Good,Clear,No Light,Car/Taxi,2,Over Speeding,1,1,0,1,1,0,Low
2020,1,Wednesday,7,Balochistan,Quetta,Rural Road,Good,Clear,Street Light,Bicycle,4,Signal Violation,1,0,0,1,3,0,Medium
2021,2,Friday,21,Punjab,Sialkot,National Highway,Average,Clear,No Light,Car/Taxi,4,Over Speeding,0,0,0,1,3,3,High
2018,1,Friday,12,Balochistan,Loralai,Provincial Highway,Good,Clear,Daylight,Car/Taxi,1,Over Speeding,1,0,0,1,0,0,Low
2021,8,Monday,22,KPK,Kohat,Urban Road,Good,Extreme Heat,Street Light,Car/Taxi,2,Pedestrian Error,0,0,1,0,2,0,Low
2023,2,Thursday,11,Punjab,Multan,National Highway,Average,Clear,Daylight,Car/Taxi,4,Drunk Driving,0,0,0,1,7,1,High
2022,9,Tuesday,13,Punjab,Sargodha,Rural Road,Good,Rainy,Street Light,Motorcycle,1,Over Speeding,1,0,0,0,5,1,High
2023,12,Saturday,4,Islamabad,Islamabad,Rural Road,Good,Rainy,No Light,Motorcycle,1,Over Speeding,0,1,1,1,3,2,High
2021,6,Thursday,9,Punjab,Sheikhupura,Urban Road,Under Repair,Clear,Daylight,Truck/Lorry,1,Over Speeding,1,0,0,0,2,0,Medium
2021,9,Friday,16,Sindh,Larkana,Urban Road,Good,Clear,Daylight,Truck/Lorry,1,Pedestrian Error,0,0,0,0,1,0,Low
2021,5,Saturday,7,Punjab,Rawalpindi,National Highway,Good,Clear,No Light,Car/Taxi,2,Road Condition,1,1,0,0,2,0,Low
2018,5,Wednesday,20,KPK,Dera Ismail Khan,Rural Road,Good,Clear,Street Light,Car/Taxi,2,Road Condition,1,0,0,0,2,0,Low
2021,3,Saturday,9,KPK,Swat,Urban Road,Good,Clear,Daylight,Motorcycle,2,Wrong Overtaking,1,1,0,0,1,0,Medium
2018,12,Saturday,18,Punjab,Gujranwala,National Highway,Good,Clear,Daylight,Car/Taxi,2,Pedestrian Error,1,1,0,1,2,0,Low
2021,12,Saturday,18,Sindh,Dadu,Urban Road,Good,Clear,Daylight,Car/Taxi,1,Wrong Overtaking,1,1,0,1,0,0,Low
2023,12,Friday,6,AJK,Rawalakot,National Highway,Poor,Clear,Street Light,Van/Pickup,1,Wrong Overtaking,0,0,0,1,2,0,Low
2023,5,Friday,18,KPK,Peshawar,National Highway,Poor,Clear,Daylight,Van/Pickup,3,Wrong Overtaking,1,0,0,0,2,0,Low
2022,8,Tuesday,7,Balochistan,Sibi,National Highway,Poor,Rainy,Dawn/Dusk,Truck/Lorry,3,Drunk Driving,1,0,0,0,3,3,High
2022,8,Sunday,13,Sindh,Dadu,National Highway,Average,Clear,Daylight,Motorcycle,2,Wrong Overtaking,1,1,0,0,3,0,Medium
2023,2,Friday,8,Punjab,Bahawalpur,National Highway,Poor,Clear,Daylight,Motorcycle,2,Wrong Overtaking,1,0,0,1,2,0,High
2021,11,Wednesday,12,Punjab,Rahim Yar Khan,Rural Road,Good,Foggy,Daylight,Truck/Lorry,2,Signal Violation,1,0,0,1,0,0,Low
2023,11,Thursday,2,KPK,Charsadda,National Highway,Under Repair,Rainy,Street Light,Motorcycle,2,Road Condition,0,0,1,1,8,3,High
2023,4,Sunday,13,Punjab,Bahawalpur,Rural Road,Average,Clear,Daylight,Car/Taxi,2,Over Speeding,1,1,0,0,1,1,Low
2022,11,Tuesday,21,Punjab,Multan,National Highway,Average,Rainy,Street Light,Other,1,Driver Fatigue,0,0,0,1,3,1,High
2023,9,Tuesday,17,Punjab,Sargodha,Rural Road,Good,Clear,Daylight,Motorcycle,4,Over Speeding,1,0,0,0,6,1,High
2020,7,Monday,8,Sindh,Hyderabad,National Highway,Good,Extreme Heat,Daylight,Rickshaw,1,Signal Violation,1,0,0,0,4,2,Medium
2019,7,Monday,22,KPK,Abbottabad,Rural Road,Good,Rainy,No Light,Car/Taxi,2,Drunk Driving,0,0,1,0,3,0,Medium
2021,11,Friday,9,Punjab,Bahawalpur,Provincial Highway,Poor,Extreme Heat,Dawn/Dusk,Rickshaw,2,Over Speeding,1,0,0,1,5,1,Medium
2022,7,Wednesday,19,KPK,Swat,National Highway,Good,Clear,Dawn/Dusk,Car/Taxi,2,Pedestrian Error,1,0,0,0,4,2,Medium
2020,9,Friday,18,Islamabad,Islamabad,Provincial Highway,Poor,Rainy,Street Light,Truck/Lorry,3,Wrong Overtaking,1,0,0,0,3,0,Medium
2022,8,Saturday,13,Punjab,Rahim Yar Khan,National Highway,Good,Rainy,Daylight,Motorcycle,1,Road Condition,1,1,0,0,8,1,High
2023,2,Saturday,8,KPK,Mansehra,National Highway,Poor,Clear,Daylight,Motorcycle,2,Over Speeding,1,1,0,1,10,1,High
2018,11,Saturday,4,AJK,Rawalakot,Provincial Highway,Under Repair,Rainy,Street Light,Motorcycle,1,Pedestrian Error,0,1,1,1,5,2,High
2021,10,Wednesday,17,Islamabad,Islamabad,Provincial Highway,Good,Clear,Daylight,Car/Taxi,1,Over Speeding,1,0,0,0,2,0,Low
2019,8,Tuesday,23,Punjab,Bahawalpur,Rural Road,Good,Clear,Street Light,Motorcycle,2,Mobile Phone Use,0,0,1,0,3,0,Medium
2019,12,Wednesday,21,Punjab,Bahawalpur,Urban Road,Good,Clear,No Light,Motorcycle,2,Over Speeding,0,0,0,1,2,1,Medium
2020,7,Saturday,8,Punjab,Gujranwala,National Highway,Good,Clear,Street Light,Motorcycle,2,Over Speeding,1,1,0,0,2,2,High
2023,12,Monday,6,KPK,Nowshera,National Highway,Good,Rainy,Daylight,Motorcycle,2,Signal Violation,0,0,0,1,5,4,High
2018,3,Tuesday,5,KPK,Peshawar,National Highway,Good,Foggy,Dawn/Dusk,Car/Taxi,1,Wrong Overtaking,0,0,1,0,3,0,Medium
2018,9,Saturday,19,KPK,Kohat,Urban Road,Poor,Clear,Street Light,Car/Taxi,2,Signal Violation,1,1,0,0,2,0,Low
2021,12,Thursday,14,Punjab,Rawalpindi,Urban Road,Average,Rainy,Daylight,Motorcycle,3,Driver Fatigue,0,0,0,1,2,0,High
2018,5,Sunday,15,Punjab,Multan,National Highway,Good,Rainy,Daylight,Motorcycle,1,Wrong Overtaking,0,1,0,0,4,2,High
2018,7,Friday,19,Sindh,Karachi,Provincial Highway,Average,Rainy,No Light,Motorcycle,1,Over Speeding,1,0,0,0,4,1,High
2023,1,Saturday,14,Sindh,Karachi,Rural Road,Under Repair,Foggy,Daylight,Bus/Coach,2,Wrong Overtaking,0,1,0,1,5,0,Medium
2021,2,Sunday,7,KPK,Abbottabad,Rural Road,Good,Clear,Daylight,Motorcycle,4,Road Condition,1,1,0,1,0,0,Low
2023,2,Thursday,0,Sindh,Larkana,Motorway,Good,Clear,No Light,Motorcycle,1,Weather Condition,0,0,1,1,2,0,Medium
2019,8,Sunday,15,Punjab,Rawalpindi,Urban Road,Good,Clear,Daylight,Bicycle,1,Road Condition,0,1,0,0,2,1,Medium
2019,11,Tuesday,19,Punjab,Faisalabad,National Highway,Average,Clear,Dawn/Dusk,Motorcycle,2,Mobile Phone Use,1,0,0,1,5,2,High
2023,8,Saturday,21,Punjab,Sargodha,Provincial Highway,Good,Clear,No Light,Car/Taxi,2,Mechanical Failure,0,1,0,0,1,1,Low
2018,12,Monday,19,Punjab,Rahim Yar Khan,National Highway,Poor,Foggy,Dawn/Dusk,Car/Taxi,4,Signal Violation,1,0,0,1,2,4,High
2022,9,Sunday,12,Punjab,Sheikhupura,Rural Road,Poor,Clear,Daylight,Car/Taxi,1,Driver Fatigue,1,1,0,0,0,0,Low
2023,11,Thursday,3,Punjab,Rawalpindi,National Highway,Good,Foggy,No Light,Van/Pickup,2,Over Speeding,0,0,1,1,3,0,High
2019,2,Monday,9,Punjab,Sheikhupura,National Highway,Good,Extreme Heat,Street Light,Car/Taxi,2,Mobile Phone Use,1,0,0,1,1,0,Low
2021,12,Saturday,7,Punjab,Bahawalpur,National Highway,Poor,Extreme Heat,Daylight,Motorcycle,2,Over Speeding,1,1,0,1,3,1,High
2020,12,Tuesday,16,KPK,Kohat,Urban Road,Average,Clear,Street Light,Car/Taxi,2,Mechanical Failure,0,0,0,1,1,0,Low
2021,2,Sunday,21,Punjab,Sialkot,Rural Road,Good,Clear,No Light,Bus/Coach,4,Wrong Overtaking,0,1,0,1,4,0,Medium
2022,7,Sunday,12,KPK,Peshawar,Provincial Highway,Good,Rainy,Daylight,Motorcycle,3,Driver Fatigue,1,1,0,0,4,2,High
2020,7,Monday,18,KPK,Mansehra,Provincial Highway,Good,Rainy,Daylight,Truck/Lorry,1,Road Condition,1,0,0,0,0,0,Low
2023,12,Wednesday,9,Sindh,Dadu,Rural Road,Average,Rainy,Daylight,Motorcycle,2,Signal Violation,1,0,0,1,9,1,High
2020,6,Friday,3,Islamabad,Islamabad,Rural Road,Poor,Foggy,No Light,Truck/Lorry,2,Driver Fatigue,0,0,1,0,3,1,Medium
2020,12,Saturday,12,Punjab,Sargodha,National Highway,Under Repair,Extreme Heat,Daylight,Rickshaw,2,Driver Fatigue,1,1,0,1,5,0,Medium
2022,12,Thursday,11,KPK,Bannu,Motorway,Poor,Foggy,Daylight,Rickshaw,2,Signal Violation,0,0,0,1,1,0,Medium
2022,6,Saturday,14,Islamabad,Islamabad,Provincial Highway,Good,Rainy,Dawn/Dusk,Bus/Coach,3,Signal Violation,0,1,0,0,3,0,Medium
2018,5,Tuesday,8,Balochistan,Hub,Motorway,Good,Clear,Dawn/Dusk,Car/Taxi,2,Wrong Overtaking,1,0,0,0,2,0,Low
2022,4,Wednesday,7,Punjab,Gujranwala,National Highway,Average,Rainy,Daylight,Motorcycle,3,Mechanical Failure,1,0,0,0,2,0,Medium
2021,6,Monday,17,Punjab,Gujranwala,Rural Road,Good,Extreme Heat,Daylight,Motorcycle,1,Over Speeding,1,0,0,0,2,1,Medium
2023,5,Saturday,17,Punjab,Sialkot,National Highway,Poor,Dusty/Smoggy,Dawn/Dusk,Truck/Lorry,1,Pedestrian Error,1,1,0,0,5,0,Medium
2020,1,Tuesday,1,Sindh,Larkana,Rural Road,Poor,Clear,Street Light,Bicycle,2,Signal Violation,0,0,1,1,8,0,High
2021,1,Saturday,22,KPK,Dera Ismail Khan,National Highway,Average,Dusty/Smoggy,No Light,Rickshaw,2,Wrong Overtaking,0,1,1,1,3,0,Medium
2019,10,Monday,6,Punjab,Sheikhupura,National Highway,Average,Foggy,Daylight,Car/Taxi,1,Signal Violation,0,0,0,0,4,1,Medium
2023,3,Friday,22,Sindh,Jacobabad,National Highway,Average,Clear,Street Light,Bus/Coach,2,Signal Violation,0,0,1,0,2,0,Medium
2021,3,Sunday,13,KPK,Abbottabad,Urban Road,Good,Dusty/Smoggy,Daylight,Motorcycle,1,Pedestrian Error,1,1,0,0,0,0,Low
2023,3,Friday,20,Sindh,Kashmore,Urban Road,Good,Clear,Street Light,Car/Taxi,2,Road Condition,1,0,0,0,2,0,Low
2023,10,Sunday,5,Balochistan,Loralai,National Highway,Good,Clear,Dawn/Dusk,Bicycle,2,Signal Violation,0,1,1,0,11,1,High
2023,12,Monday,12,KPK,Abbottabad,Provincial Highway,Average,Rainy,Daylight,Rickshaw,1,Mechanical Failure,1,0,0,1,5,0,Medium
2023,8,Sunday,10,Punjab,Rawalpindi,Urban Road,Good,Rainy,Street Light,Car/Taxi,2,Mechanical Failure,0,1,0,0,0,0,Low
2023,5,Wednesday,14,Sindh,Larkana,Rural Road,Good,Foggy,Daylight,Car/Taxi,4,Over Speeding,0,0,0,0,1,0,Medium
2020,2,Friday,4,Punjab,Faisalabad,National Highway,Good,Clear,Street Light,Motorcycle,1,Pedestrian Error,0,0,1,1,10,1,High
2020,7,Saturday,22,Sindh,Thatta,Provincial Highway,Poor,Dusty/Smoggy,No Light,Rickshaw,2,Mechanical Failure,0,1,1,0,2,1,Medium
2022,8,Tuesday,19,Islamabad,Islamabad,National Highway,Average,Clear,Street Light,Car/Taxi,4,Road Condition,1,0,0,0,3,0,Medium
2018,2,Monday,10,Balochistan,Quetta,National Highway,Poor,Dusty/Smoggy,Daylight,Car/Taxi,2,Over Speeding,0,0,0,1,5,2,High
2022,12,Wednesday,8,Punjab,Rahim Yar Khan,Provincial Highway,Good,Dusty/Smoggy,Daylight,Bus/Coach,2,Mechanical Failure,1,0,0,1,0,0,Low
2021,4,Tuesday,8,Punjab,Lahore,Provincial Highway,Average,Clear,Daylight,Motorcycle,2,Driver Fatigue,1,0,0,0,9,1,High
2022,11,Wednesday,12,Punjab,Lahore,Rural Road,Good,Clear,Daylight,Motorcycle,3,Road Condition,1,0,0,1,3,1,Medium
2020,6,Tuesday,18,Sindh,Larkana,Rural Road,Good,Clear,Daylight,Bicycle,2,Signal Violation,1,0,0,0,4,0,Medium
2018,11,Monday,14,Punjab,Lahore,Provincial Highway,Under Repair,Clear,Street Light,Motorcycle,2,Signal Violation,0,0,0,1,1,0,Medium
2019,6,Thursday,12,Sindh,Sukkur,Urban Road,Good,Rainy,Daylight,Motorcycle,2,Over Speeding,1,0,0,0,2,1,High
2021,1,Monday,12,Punjab,Sargodha,Urban Road,Good,Clear,Street Light,Car/Taxi,2,Wrong Overtaking,1,0,0,1,1,0,Low
2023,12,Friday,4,Punjab,Rawalpindi,Rural Road,Average,Dusty/Smoggy,No Light,Motorcycle,2,Mechanical Failure,0,0,1,1,2,0,Medium
2022,6,Saturday,6,Punjab,Faisalabad,National Highway,Under Repair,Clear,Dawn/Dusk,Car/Taxi,2,Over Speeding,0,1,0,0,4,1,Medium
2019,7,Saturday,9,AJK,Muzaffarabad,Rural Road,Average,Clear,Daylight,Car/Taxi,2,Driver Fatigue,1,1,0,0,2,0,Low
2020,10,Sunday,16,KPK,Dera Ismail Khan,Urban Road,Average,Clear,Daylight,Motorcycle,2,Wrong Overtaking,0,1,0,0,2,1,Medium
2021,6,Thursday,8,Punjab,Sialkot,Urban Road,Good,Dusty/Smoggy,Daylight,Car/Taxi,1,Mechanical Failure,1,0,0,0,2,0,Low
2022,11,Sunday,10,Punjab,Bahawalpur,Provincial Highway,Good,Foggy,Daylight,Car/Taxi,1,Over Speeding,0,1,0,1,3,1,Medium
2023,7,Saturday,12,Sindh,Larkana,National Highway,Good,Rainy,Street Light,Car/Taxi,1,Pedestrian Error,1,1,0,0,2,0,Low
2019,1,Monday,12,Punjab,Multan,Rural Road,Good,Clear,Street Light,Car/Taxi,3,Road Condition,1,0,0,1,2,0,Low
2019,8,Saturday,23,Sindh,Hyderabad,Urban Road,Good,Clear,Street Light,Car/Taxi,2,Mechanical Failure,0,1,1,0,0,0,Low
2018,3,Saturday,9,KPK,Kohat,Urban Road,Under Repair,Foggy,Daylight,Motorcycle,3,Road Condition,1,1,0,0,1,0,Medium
2018,5,Friday,6,Sindh,Kashmore,Provincial Highway,Under Repair,Clear,No Light,Motorcycle,2,Over Speeding,0,0,0,0,2,1,Medium
2021,1,Monday,3,Sindh,Thatta,National Highway,Under Repair,Clear,No Light,Motorcycle,2,Pedestrian Error,0,0,1,1,2,3,High
2023,3,Sunday,18,Sindh,Karachi,National Highway,Good,Clear,Daylight,Car/Taxi,1,Over Speeding,1,1,0,0,1,0,Medium
2023,10,Monday,9,Islamabad,Islamabad,Provincial Highway,Good,Clear,Daylight,Rickshaw,4,Road Condition,1,0,0,0,2,0,Low
2023,7,Monday,21,Islamabad,Islamabad,Rural Road,Good,Clear,No Light,Car/Taxi,3,Over Speeding,0,0,0,0,1,1,Medium
2022,1,Wednesday,18,Sindh,Hyderabad,Rural Road,Good,Clear,Street Light,Motorcycle,2,Mechanical Failure,1,0,0,1,1,0,Low
2020,3,Thursday,8,Punjab,Lahore,Provincial Highway,Poor,Clear,Daylight,Rickshaw,2,Over Speeding,1,0,0,0,0,0,Low
2023,11,Friday,15,Sindh,Larkana,Motorway,Average,Clear,Daylight,Motorcycle,2,Road Condition,0,0,0,1,5,0,Medium
2023,2,Friday,11,Punjab,Sargodha,Motorway,Good,Clear,Daylight,Truck/Lorry,3,Wrong Overtaking,0,0,0,1,5,0,Medium
2021,9,Friday,20,Sindh,Sukkur,Provincial Highway,Under Repair,Clear,No Light,Truck/Lorry,1,Road Condition,1,0,0,0,2,0,Medium
2023,10,Monday,18,Sindh,Thatta,National Highway,Good,Dusty/Smoggy,Daylight,Van/Pickup,1,Mobile Phone Use,1,0,0,0,2,0,Low
2023,1,Tuesday,14,Punjab,Sialkot,Provincial Highway,Poor,Clear,Street Light,Motorcycle,1,Drunk Driving,0,0,0,1,2,0,Medium
2021,10,Thursday,17,Punjab,Faisalabad,Motorway,Poor,Foggy,Dawn/Dusk,Car/Taxi,1,Mechanical Failure,1,0,0,0,0,0,Low
2022,9,Monday,22,Sindh,Dadu,Provincial Highway,Poor,Foggy,No Light,Truck/Lorry,2,Mechanical Failure,0,0,1,0,6,1,High
2022,9,Friday,19,Balochistan,Sibi,Provincial Highway,Average,Foggy,No Light,Truck/Lorry,1,Drunk Driving,1,0,0,0,5,1,High
2023,3,Wednesday,23,Sindh,Jacobabad,Provincial Highway,Average,Clear,No Light,Motorcycle,1,Signal Violation,0,0,1,0,8,3,High
2021,3,Monday,19,KPK,Dera Ismail Khan,Motorway,Poor,Clear,Dawn/Dusk,Motorcycle,2,Pedestrian Error,1,0,0,0,11,1,High
2022,11,Saturday,15,Punjab,Bahawalpur,National Highway,Poor,Foggy,Street Light,Bus/Coach,2,Over Speeding,0,1,0,1,4,0,High
2020,10,Tuesday,13,Sindh,Kashmore,Provincial Highway,Good,Clear,Daylight,Car/Taxi,1,Over Speeding,1,0,0,0,2,0,Medium
2022,8,Tuesday,20,Sindh,Karachi,National Highway,Poor,Foggy,Street Light,Motorcycle,2,Wrong Overtaking,1,0,0,0,10,2,High
2020,8,Sunday,7,Sindh,Nawabshah,National Highway,Average,Clear,Daylight,Bus/Coach,2,Signal Violation,1,1,0,0,5,1,Medium
2018,2,Monday,17,Punjab,Sheikhupura,Provincial Highway,Good,Dusty/Smoggy,Daylight,Motorcycle,2,Driver Fatigue,1,0,0,1,6,1,High
2022,9,Tuesday,17,Sindh,Nawabshah,Rural Road,Good,Clear,Daylight,Motorcycle,1,Driver Fatigue,1,0,0,0,1,0,Medium
2023,12,Saturday,21,Punjab,Rawalpindi,National Highway,Poor,Clear,No Light,Motorcycle,2,Signal Violation,0,1,0,1,8,3,High
2018,6,Thursday,13,Punjab,Faisalabad,Provincial Highway,Average,Foggy,Daylight,Truck/Lorry,1,Pedestrian Error,1,0,0,0,3,0,Medium
2022,11,Friday,17,Islamabad,Islamabad,Provincial Highway,Under Repair,Clear,Street Light,Motorcycle,1,Wrong Overtaking,1,0,0,1,2,0,Medium
2020,7,Tuesday,8,Punjab,Bahawalpur,National Highway,Good,Clear,Daylight,Motorcycle,4,Wrong Overtaking,1,0,0,0,11,0,High
2020,12,Friday,20,Punjab,Multan,Motorway,Good,Rainy,No Light,Car/Taxi,2,Signal Violation,1,0,0,1,10,2,High
2022,9,Tuesday,22,Sindh,Karachi,National Highway,Good,Clear,Street Light,Motorcycle,2,Over Speeding,0,0,1,0,7,1,High
2020,8,Monday,7,Balochistan,Chaman,Rural Road,Good,Clear,Daylight,Car/Taxi,4,Wrong Overtaking,1,0,0,0,2,0,Low
2020,2,Sunday,6,Punjab,Lahore,National Highway,Good,Clear,Street Light,Truck/Lorry,1,Signal Violation,0,1,0,1,3,0,Medium
2018,3,Monday,12,KPK,Mardan,Provincial Highway,Under Repair,Foggy,Dawn/Dusk,Car/Taxi,4,Mechanical Failure,1,0,0,0,1,0,Low
2022,12,Saturday,23,Balochistan,Quetta,Rural Road,Good,Clear,Street Light,Motorcycle,2,Pedestrian Error,0,1,1,1,3,0,Medium
2018,9,Wednesday,21,Punjab,Bahawalpur,Rural Road,Average,Clear,No Light,Car/Taxi,1,Over Speeding,0,0,0,0,2,0,Low
2018,2,Friday,10,Punjab,Rawalpindi,Provincial Highway,Average,Extreme Heat,Daylight,Bus/Coach,2,Wrong Overtaking,0,0,0,1,2,0,Medium
2020,8,Friday,18,Punjab,Sheikhupura,National Highway,Average,Clear,Daylight,Car/Taxi,2,Mechanical Failure,1,0,0,0,2,0,Low
2023,4,Saturday,19,KPK,Nowshera,National Highway,Good,Clear,Dawn/Dusk,Car/Taxi,2,Over Speeding,1,1,0,0,2,0,Medium
2021,2,Tuesday,6,Punjab,Sialkot,Rural Road,Average,Foggy,Daylight,Bus/Coach,1,Mechanical Failure,0,0,0,1,1,0,Low
2018,1,Saturday,4,Punjab,Sialkot,Provincial Highway,Average,Foggy,Street Light,Motorcycle,1,Signal Violation,0,1,1,1,11,0,High