year,month,day_of_week,hour_of_day,province,district,road_type,road_condition,weather_condition,lighting_condition,vehicle_type,vehicles_involved,accident_cause,is_rush_hour,is_weekend,is_night,is_foggy_month,num_injured,num_killed,severity
2023,11,Saturday,17,KPK,Dera Ismail Khan,National Highway,Poor,Clear,Daylight,Motorcycle,2,Road Condition,1,1,0,1,10,3,High
2019,1,Saturday,16,Sindh,Karachi,Provincial Highway,Under Repair,Rainy,Dawn/Dusk,Other,3,Signal Violation,0,1,0,1,3,1,Medium
2022,1,Sunday,21,Sindh,Thatta,National Highway,Good,Clear,Street Light,Bus/Coach,2,Over Speeding,0,1,0,1,6,0,High
2018,1,Sunday,13,Sindh,Kashmore,Urban Road,Under Repair,Clear,Daylight,Motorcycle,2,Pedestrian Error,1,1,0,1,0,0,Low
2020,1,Saturday,13,Punjab,Rawalpindi,Provincial Highway,Good,Rainy,Dawn/Dusk,Rickshaw,2,Over Speeding,1,1,0,1,5,1,Medium
2021,5,Sunday,7,Sindh,Sukkur,Urban Road,Average,Clear,Daylight,Motorcycle,1,Over Speeding,1,1,0,0,2,1,Medium
2019,6,Tuesday,7,Sindh,Sukkur,Urban Road,Average,Clear,No Light,Bus/Coach,2,Over Speeding,1,0,0,0,1,0,Low
2020,12,Sunday,11,Balochistan,Sibi,Provincial Highway,Good,Clear,Daylight,Bus/Coach,1,Wrong Overtaking,0,1,0,1,2,0,Medium
2019,5,Friday,13,Punjab,Gujranwala,Urban Road,Under Repair,Clear,Daylight,Bus/Coach,2,Mechanical Failure,1,0,0,0,1,0,Low
2020,1,Tuesday,10,Balochistan,Turbat,Rural Road,Good,Clear,Daylight,Motorcycle,1,Over Speeding,0,0,0,1,2,0,Medium
2021,2,Friday,22,Sindh,Larkana,National Highway,Good,Clear,No Light,Van/Pickup,2,Signal Violation,0,0,1,1,5,1,Medium
2023,10,Wednesday,7,Punjab,Sargodha,National Highway,Poor,Clear,Dawn/Dusk,Bus/Coach,2,Signal Violation,1,0,0,0,8,0,High
2018,12,Sunday,19,KPK,Dera Ismail Khan,Motorway,Under Repair,Rainy,Street Light,Motorcycle,3,Drunk Driving,1,1,0,1,7,0,High
2021,7,Monday,20,Punjab,Lahore,National Highway,Under Repair,Clear,Street Light,Car/Taxi,1,Drunk Driving,1,0,0,0,11,2,High
2022,8,Tuesday,11,Gilgit-Baltistan,Skardu,Provincial Highway,Average,Dusty/Smoggy,Daylight,Bus/Coach,1,Road Condition,0,0,0,0,4,0,Medium
2021,4,Wednesday,21,Balochistan,Chaman,Rural Road,Good,Rainy,Street Light,Other,2,Drunk Driving,0,0,0,0,2,0,Low
2018,1,Saturday,19,Punjab,Bahawalpur,Provincial Highway,Good,Clear,Dawn/Dusk,Van/Pickup,1,Signal Violation,1,1,0,1,2,0,Low
2020,3,Thursday,19,Punjab,Rawalpindi,Rural Road,Good,Clear,No Light,Car/Taxi,2,Driver Fatigue,1,0,0,0,1,0,Low
2021,10,Saturday,17,Punjab,Gujranwala,National Highway,Poor,Clear,Dawn/Dusk,Car/Taxi,3,Over Speeding,1,1,0,0,7,0,High
2021,9,Friday,14,Punjab,Bahawalpur,Rural Road,Average,Clear,Daylight,Motorcycle,2,Wrong Overtaking,0,0,0,0,4,1,Medium
2019,1,Sunday,7,Punjab,Rahim Yar Khan,Provincial Highway,Good,Clear,Daylight,Motorcycle,2,Mobile Phone Use,1,1,0,1,2,2,Medium
2023,7,Saturday,20,Punjab,Sheikhupura,National Highway,Average,Foggy,Street Light,Motorcycle,1,Over Speeding,1,1,0,0,11,0,High
2020,1,Friday,5,Sindh,Hyderabad,Urban Road,Poor,Foggy,Dawn/Dusk,Car/Taxi,1,Drunk Driving,0,0,1,1,5,0,Medium
2021,3,Wednesday,11,Punjab,Rahim Yar Khan,National Highway,Average,Rainy,Daylight,Motorcycle,2,Road Condition,0,0,0,0,3,0,Medium
2023,4,Wednesday,21,Balochistan,Chaman,Urban Road,Poor,Clear,Street Light,Motorcycle,2,Mobile Phone Use,0,0,0,0,0,0,Low
2018,9,Monday,23,KPK,Abbottabad,Rural Road,Good,Clear,No Light,Motorcycle,1,Mechanical Failure,0,0,1,0,5,0,Medium
2020,1,Monday,10,Sindh,Dadu,National Highway,Good,Clear,Daylight,Motorcycle,3,Wrong Overtaking,0,0,0,1,8,3,High
2021,1,Tuesday,9,Balochistan,Hub,National Highway,Average,Clear,Daylight,Rickshaw,3,Over Speeding,1,0,0,1,5,0,Medium
2019,8,Tuesday,18,Punjab,Gujranwala,Provincial Highway,Good,Clear,Daylight,Car/Taxi,1,Over Speeding,1,0,0,0,3,0,Medium
2018,5,Sunday,19,Punjab,Multan,Motorway,Good,Clear,Daylight,Van/Pickup,2,Over Speeding,1,1,0,0,4,0,High
2023,12,Thursday,16,Sindh,Thatta,Provincial Highway,Average,Rainy,Street Light,Motorcycle,2,Road Condition,0,0,0,1,4,0,High
2018,1,Saturday,22,Sindh,Karachi,National Highway,Good,Foggy,No Light,Van/Pickup,2,Over Speeding,0,1,1,1,9,2,High
2019,4,Wednesday,11,Sindh,Nawabshah,National Highway,Poor,Rainy,Daylight,Rickshaw,1,Road Condition,0,0,0,0,2,0,Low
2023,3,Saturday,22,Balochistan,Loralai,National Highway,Average,Rainy,Street Light,Car/Taxi,1,Pedestrian Error,0,1,1,0,3,0,Medium
2022,9,Thursday,13,Islamabad,Islamabad,National Highway,Poor,Clear,Daylight,Bicycle,1,Road Condition,1,0,0,0,1,0,Medium
2020,10,Saturday,7,Sindh,Thatta,Urban Road,Poor,Foggy,Dawn/Dusk,Motorcycle,2,Pedestrian Error,1,1,0,0,3,1,Medium
2020,1,Sunday,16,KPK,Swat,National Highway,Good,Clear,Daylight,Car/Taxi,4,Over Speeding,0,1,0,1,6,1,High
2020,12,Tuesday,17,Punjab,Sheikhupura,Rural Road,Poor,Foggy,Daylight,Truck/Lorry,2,Driver Fatigue,1,0,0,1,6,2,High
2019,1,Sunday,13,Punjab,Rawalpindi,Urban Road,Poor,Clear,Daylight,Bus/Coach,1,Signal Violation,1,1,0,1,5,1,Medium
2019,12,Thursday,20,KPK,Charsadda,Urban Road,Poor,Clear,Street Light,Car/Taxi,2,Wrong Overtaking,1,0,0,1,2,0,Low
2022,6,Sunday,13,Sindh,Kashmore,Provincial Highway,Poor,Foggy,Daylight,Motorcycle,2,Wrong Overtaking,1,1,0,0,5,1,Medium
2019,8,Tuesday,8,Sindh,Kashmore,Rural Road,Average,Foggy,Daylight,Motorcycle,3,Wrong Overtaking,1,0,0,0,1,0,Medium
2020,1,Tuesday,20,Punjab,Gujranwala,National Highway,Good,Extreme Heat,No Light,Motorcycle,2,Signal Violation,1,0,0,1,9,2,High
2020,6,Friday,15,Sindh,Mirpur Khas,Provincial Highway,Average,Extreme Heat,Daylight,Motorcycle,2,Over Speeding,0,0,0,0,4,2,High
2021,11,Wednesday,11,Punjab,Sargodha,Motorway,Good,Clear,Daylight,Truck/Lorry,2,Pedestrian Error,0,0,0,1,4,0,Medium
2022,8,Friday,18,Sindh,Mirpur Khas,National Highway,Average,Clear,Daylight,Motorcycle,2,Pedestrian Error,1,0,0,0,2,2,High
2022,12,Saturday,5,Punjab,Sargodha,Provincial Highway,Good,Clear,Dawn/Dusk,Rickshaw,1,Drunk Driving,0,1,1,1,1,0,Medium
2019,8,Sunday,17,Punjab,Sheikhupura,National Highway,Average,Clear,Daylight,Car/Taxi,4,Mechanical Failure,1,1,0,0,1,0,Medium
2018,5,Monday,22,Punjab,Gujranwala,National Highway,Good,Clear,Street Light,Motorcycle,4,Over Speeding,0,0,1,0,8,2,High
2023,10,Wednesday,7,Punjab,Faisalabad,Provincial Highway,Good,Clear,Daylight,Bus/Coach,3,Pedestrian Error,1,0,0,0,2,0,Low
2018,3,Thursday,12,Balochistan,Dera Bugti,National Highway,Good,Rainy,Daylight,Motorcycle,2,Over Speeding,1,0,0,0,5,1,High
2020,1,Sunday,13,Punjab,Sialkot,Provincial Highway,Average,Clear,Daylight,Car/Taxi,2,Driver Fatigue,1,1,0,1,4,0,Medium
2023,11,Monday,12,Punjab,Sheikhupura,Urban Road,Under Repair,Clear,Daylight,Truck/Lorry,1,Over Speeding,1,0,0,1,5,1,Medium
2021,7,Monday,18,Sindh,Dadu,Rural Road,Good,Clear,Daylight,Truck/Lorry,1,Over Speeding,1,0,0,0,5,0,Medium
2022,9,Tuesday,5,Sindh,Mirpur Khas,National Highway,Average,Clear,Daylight,Motorcycle,2,Over Speeding,0,0,1,0,9,3,High
2023,1,Saturday,9,Punjab,Faisalabad,Rural Road,Poor,Clear,Daylight,Bus/Coach,4,Pedestrian Error,1,1,0,1,0,0,Low
2023,8,Friday,3,Punjab,Sialkot,Provincial Highway,Average,Foggy,No Light,Motorcycle,4,Pedestrian Error,0,0,1,0,11,1,High
2022,7,Saturday,6,AJK,Muzaffarabad,Provincial Highway,Good,Clear,Street Light,Car/Taxi,1,Signal Violation,0,1,0,0,0,0,Low
2022,5,Friday,17,Sindh,Sukkur,Urban Road,Good,Foggy,Daylight,Motorcycle,2,Over Speeding,1,0,0,0,8,0,High
2023,1,Thursday,11,Punjab,Lahore,National Highway,Good,Clear,Daylight,Motorcycle,2,Over Speeding,0,0,0,1,2,0,High
2022,7,Tuesday,9,Sindh,Dadu,Rural Road,Poor,Clear,Daylight,Rickshaw,2,Mechanical Failure,1,0,0,0,0,0,Low
2023,2,Monday,1,Punjab,Sialkot,Rural Road,Good,Clear,No Light,Motorcycle,4,Drunk Driving,0,0,1,1,9,2,High
2023,12,Tuesday,17,Punjab,Rahim Yar Khan,Provincial Highway,Poor,Clear,Daylight,Van/Pickup,1,Mechanical Failure,1,0,0,1,0,0,Low
2023,12,Friday,6,Sindh,Sukkur,Provincial Highway,Good,Clear,Daylight,Truck/Lorry,3,Wrong Overtaking,0,0,0,1,0,0,Low
2022,5,Thursday,11,Balochistan,Quetta,Provincial Highway,Average,Clear,Daylight,Motorcycle,1,Road Condition,0,0,0,0,5,0,Medium
2022,7,Friday,16,Punjab,Sialkot,Urban Road,Poor,Rainy,Daylight,Bus/Coach,2,Road Condition,0,0,0,0,0,0,Low
2023,4,Wednesday,16,Balochistan,Gwadar,Urban Road,Good,Clear,Daylight,Motorcycle,3,Signal Violation,0,0,0,0,2,0,Medium
2023,4,Sunday,15,Punjab,Lahore,Provincial Highway,Average,Clear,Daylight,Motorcycle,2,Driver Fatigue,0,1,0,0,9,2,High
2021,10,Wednesday,9,Punjab,Rahim Yar Khan,National Highway,Poor,Foggy,Daylight,Truck/Lorry,1,Over Speeding,1,0,0,0,3,1,High
2023,5,Friday,20,Punjab,Multan,Urban Road,Poor,Clear,No Light,Motorcycle,3,Pedestrian Error,1,0,0,0,0,0,Low
2022,3,Saturday,23,Punjab,Faisalabad,Provincial Highway,Average,Clear,No Light,Car/Taxi,1,Drunk Driving,0,1,1,0,3,1,Medium
2019,3,Monday,14,Balochistan,Khuzdar,Rural Road,Poor,Dusty/Smoggy,No Light,Truck/Lorry,2,Driver Fatigue,0,0,0,0,5,0,Medium
2018,10,Saturday,20,Sindh,Kashmore,Provincial Highway,Good,Clear,No Light,Truck/Lorry,4,Wrong Overtaking,1,1,0,0,1,0,Low
2022,12,Wednesday,19,Punjab,Rahim Yar Khan,Rural Road,Good,Extreme Heat,Dawn/Dusk,Truck/Lorry,2,Mechanical Failure,1,0,0,1,2,0,Low
2018,1,Friday,11,Islamabad,Islamabad,Provincial Highway,Good,Foggy,Dawn/Dusk,Motorcycle,1,Signal Violation,0,0,0,1,3,0,Medium
2020,2,Tuesday,9,Balochistan,Loralai,Provincial Highway,Good,Foggy,Daylight,Truck/Lorry,1,Road Condition,1,0,0,1,4,1,Medium
2020,12,Monday,8,KPK,Nowshera,Urban Road,Poor,Dusty/Smoggy,Daylight,Car/Taxi,2,Signal Violation,1,0,0,1,0,0,Low
2023,4,Sunday,12,Islamabad,Islamabad,Provincial Highway,Good,Clear,Daylight,Bus/Coach,4,Wrong Overtaking,1,1,0,0,2,2,Medium
2022,10,Friday,12,Punjab,Gujranwala,National Highway,Poor,Rainy,Daylight,Bus/Coach,2,Mechanical Failure,1,0,0,0,8,0,High
2018,6,Monday,0,KPK,Dera Ismail Khan,Rural Road,Good,Clear,Street Light,Rickshaw,2,Wrong Overtaking,0,0,1,0,2,0,Low
2018,4,Saturday,18,KPK,Mardan,Urban Road,Poor,Foggy,Daylight,Car/Taxi,1,Mechanical Failure,1,1,0,0,0,0,Low
2022,5,Friday,8,Balochistan,Sibi,Urban Road,Poor,Rainy,Daylight,Truck/Lorry,2,Signal Violation,1,0,0,0,0,1,Low
2020,8,Friday,17,KPK,Bannu,Rural Road,Poor,Rainy,Daylight,Rickshaw,2,Over Speeding,1,0,0,0,5,1,Medium
2018,5,Sunday,22,Punjab,Sheikhupura,Urban Road,Average,Clear,Street Light,Car/Taxi,2,Over Speeding,0,1,1,0,4,0,Medium
2020,5,Saturday,12,KPK,Mansehra,National Highway,Good,Clear,Daylight,Motorcycle,4,Over Speeding,1,1,0,0,9,0,High
2018,3,Monday,7,Punjab,Lahore,National Highway,Good,Clear,Daylight,Motorcycle,1,Mechanical Failure,1,0,0,0,4,1,High
2023,9,Tuesday,9,Punjab,Sialkot,Rural Road,Under Repair,Dusty/Smoggy,Daylight,Motorcycle,1,Mobile Phone Use,1,0,0,0,2,1,Medium
2018,2,Saturday,16,Punjab,Bahawalpur,Motorway,Average,Foggy,Dawn/Dusk,Rickshaw,3,Mobile Phone Use,0,1,0,1,0,1,Low
2021,1,Saturday,19,Islamabad,Islamabad,Urban Road,Average,Clear,Street Light,Bicycle,4,Driver Fatigue,1,1,0,1,6,1,High
2018,12,Tuesday,3,Punjab,Multan,Rural Road,Good,Rainy,No Light,Rickshaw,1,Over Speeding,0,0,1,1,2,0,Medium
2023,10,Sunday,0,Sindh,Nawabshah,Rural Road,Average,Clear,No Light,Car/Taxi,2,Signal Violation,0,1,1,0,2,0,Low
2019,5,Sunday,8,Punjab,Bahawalpur,National Highway,Good,Clear,Street Light,Motorcycle,3,Over Speeding,1,1,0,0,8,0,High
2018,8,Monday,20,Islamabad,Islamabad,Provincial Highway,Average,Extreme Heat,No Light,Car/Taxi,2,Over Speeding,1,0,0,0,2,0,Medium
2021,2,Tuesday,8,Punjab,Sialkot,Urban Road,Good,Dusty/Smoggy,Daylight,Motorcycle,2,Over Speeding,1,0,0,1,10,1,High
2023,8,Thursday,19,KPK,Swat,Provincial Highway,Poor,Dusty/Smoggy,Street Light,Motorcycle,2,Road Condition,1,0,0,0,3,0,Medium
2023,4,Tuesday,7,Balochistan,Loralai,Urban Road,Poor,Foggy,No Light,Motorcycle,2,Over Speeding,1,0,0,0,7,0,High
2022,5,Saturday,2,Sindh,Mirpur Khas,National Highway,Poor,Clear,No Light,Truck/Lorry,3,Signal Violation,0,1,1,0,2,1,High
2022,10,Friday,21,Punjab,Lahore,Urban Road,Average,Rainy,No Light,Motorcycle,1,Mobile Phone Use,0,0,0,0,4,0,Medium
2023,1,Friday,18,KPK,Abbottabad,Urban Road,Good,Clear,Daylight,Motorcycle,1,Signal Violation,1,0,0,1,1,0,Low
2022,1,Saturday,15,Balochistan,Khuzdar,Motorway,Good,Clear,Daylight,Car/Taxi,2,Signal Violation,0,1,0,1,2,1,Low
2019,11,Wednesday,10,KPK,Peshawar,Rural Road,Good,Clear,No Light,Car/Taxi,4,Road Condition,0,0,0,1,0,0,Low
2022,5,Monday,22,Punjab,Multan,Urban Road,Poor,Clear,No Light,Motorcycle,1,Wrong Overtaking,0,0,1,0,4,0,Medium
2018,12,Thursday,11,Balochistan,Turbat,National Highway,Poor,Clear,No Light,Car/Taxi,2,Mobile Phone Use,0,0,0,1,1,0,Medium
2020,10,Saturday,18,Punjab,Rahim Yar Khan,Provincial Highway,Average,Foggy,Daylight,Motorcycle,3,Wrong Overtaking,1,1,0,0,4,2,Medium
2021,11,Thursday,9,Sindh,Karachi,Urban Road,Average,Clear,Daylight,Rickshaw,2,Over Speeding,1,0,0,1,1,0,Low
2020,1,Wednesday,0,KPK,Mansehra,Provincial Highway,Under Repair,Foggy,No Light,Motorcycle,1,Signal Violation,0,0,1,1,6,3,High
2021,12,Saturday,20,Punjab,Sargodha,Rural Road,Average,Clear,No Light,Car/Taxi,2,Signal Violation,1,1,0,1,1,0,Low
2021,5,Monday,15,KPK,Swat,National Highway,Poor,Foggy,Daylight,Motorcycle,2,Mobile Phone Use,0,0,0,0,2,1,High
2023,12,Tuesday,14,Sindh,Mirpur Khas,Rural Road,Good,Clear,Daylight,Rickshaw,3,Driver Fatigue,0,0,0,1,0,0,Low
2021,5,Monday,11,Balochistan,Sibi,Rural Road,Average,Foggy,Daylight,Motorcycle,1,Wrong Overtaking,0,0,0,0,1,1,Medium
2018,8,Wednesday,10,Punjab,Bahawalpur,National Highway,Good,Clear,Daylight,Van/Pickup,3,Wrong Overtaking,0,0,0,0,1,0,Low
2020,3,Saturday,10,Sindh,Hyderabad,National Highway,Poor,Clear,Street Light,Car/Taxi,2,Over Speeding,0,1,0,0,2,0,Medium
2018,5,Friday,20,KPK,Dera Ismail Khan,Urban Road,Average,Clear,No Light,Motorcycle,1,Mechanical Failure,1,0,0,0,2,0,Low
2018,3,Tuesday,10,Punjab,Rawalpindi,Rural Road,Average,Extreme Heat,Dawn/Dusk,Car/Taxi,2,Drunk Driving,0,0,0,0,1,0,Medium
2021,6,Thursday,13,Punjab,Sheikhupura,Rural Road,Average,Extreme Heat,Daylight,Car/Taxi,2,Driver Fatigue,1,0,0,0,2,0,Low
2019,8,Monday,9,Gilgit-Baltistan,Gilgit,Urban Road,Average,Clear,No Light,Motorcycle,2,Road Condition,1,0,0,0,0,0,Low
2022,10,Friday,22,Punjab,Lahore,Urban Road,Poor,Clear,Street Light,Motorcycle,1,Over Speeding,0,0,1,0,11,3,High
2021,6,Sunday,9,AJK,Muzaffarabad,Provincial Highway,Poor,Rainy,Daylight,Bus/Coach,3,Wrong Overtaking,1,1,0,0,9,4,High
2021,7,Sunday,6,Punjab,Bahawalpur,Provincial Highway,Average,Clear,Daylight,Truck/Lorry,3,Wrong Overtaking,0,1,0,0,0,0,Low
2022,5,Monday,18,Punjab,Rahim Yar Khan,Provincial Highway,Average,Clear,Daylight,Motorcycle,3,Over Speeding,1,0,0,0,2,0,Medium
2022,7,Monday,23,KPK,Nowshera,Urban Road,Average,Clear,No Light,Car/Taxi,4,Wrong Overtaking,0,0,1,0,2,0,Low
2023,1,Monday,8,Sindh,Jacobabad,Motorway,Good,Clear,Daylight,Van/Pickup,1,Mechanical Failure,1,0,0,1,5,0,Medium
2023,2,Saturday,4,Sindh,Thatta,Urban Road,Average,Clear,No Light,Motorcycle,1,Signal Violation,0,1,1,1,3,4,High
2019,7,Saturday,8,Sindh,Larkana,Urban Road,Under Repair,Rainy,Daylight,Motorcycle,1,Drunk Driving,1,1,0,0,3,1,Medium
2019,12,Thursday,21,Balochistan,Loralai,Provincial Highway,Under Repair,Foggy,No Light,Bus/Coach,1,Wrong Overtaking,0,0,0,1,3,0,Medium
2021,3,Saturday,5,Punjab,Bahawalpur,Provincial Highway,Good,Rainy,Dawn/Dusk,Truck/Lorry,2,Wrong Overtaking,0,1,1,0,2,3,High
2021,8,Friday,7,Sindh,Kashmore,Provincial Highway,Average,Foggy,Daylight,Rickshaw,2,Over Speeding,1,0,0,0,2,0,Medium
2020,5,Saturday,12,Punjab,Rawalpindi,Provincial Highway,Under Repair,Clear,No Light,Truck/Lorry,3,Pedestrian Error,1,1,0,0,3,0,Medium
2023,6,Thursday,7,Sindh,Hyderabad,Provincial Highway,Poor,Foggy,Daylight,Motorcycle,4,Pedestrian Error,1,0,0,0,5,0,Medium
2023,5,Friday,20,Punjab,Faisalabad,Rural Road,Good,Clear,No Light,Motorcycle,1,Over Speeding,1,0,0,0,4,1,Medium
2021,2,Monday,21,Punjab,Sargodha,National Highway,Good,Rainy,No Light,Motorcycle,1,Driver Fatigue,0,0,0,1,8,4,High
2020,11,Wednesday,3,Sindh,Dadu,Urban Road,Good,Clear,No Light,Motorcycle,2,Mechanical Failure,0,0,1,1,5,0,Medium
2020,12,Tuesday,11,Punjab,Bahawalpur,Rural Road,Poor,Foggy,Street Light,Car/Taxi,2,Signal Violation,0,0,0,1,1,0,Low
2018,2,Sunday,19,Punjab,Rahim Yar Khan,Provincial Highway,Poor,Clear,Dawn/Dusk,Motorcycle,3,Wrong Overtaking,1,1,0,1,2,0,High
2020,3,Wednesday,17,KPK,Dera Ismail Khan,Rural Road,Good,Clear,Dawn/Dusk,Van/Pickup,1,Wrong Overtaking,1,0,0,0,1,0,Low
2018,1,Saturday,3,Sindh,Jacobabad,Urban Road,Poor,Rainy,No Light,Motorcycle,2,Over Speeding,0,1,1,1,4,0,High
2023,6,Tuesday,3,Balochistan,Sibi,National Highway,Poor,Clear,No Light,Bus/Coach,2,Wrong Overtaking,0,0,1,0,5,2,High
2020,11,Thursday,7,KPK,Swat,National Highway,Good,Foggy,Dawn/Dusk,Truck/Lorry,2,Mechanical Failure,1,0,0,1,3,0,Medium
2021,4,Monday,12,Punjab,Rahim Yar Khan,National Highway,Good,Rainy,Daylight,Motorcycle,4,Road Condition,1,0,0,0,4,1,High
2021,2,Saturday,13,Sindh,Jacobabad,Urban Road,Average,Dusty/Smoggy,Daylight,Car/Taxi,1,Drunk Driving,1,1,0,1,1,0,Low
2023,4,Sunday,17,Punjab,Gujranwala,Urban Road,Average,Foggy,Daylight,Truck/Lorry,1,Over Speeding,1,1,0,0,2,0,Medium
2022,5,Tuesday,19,KPK,Peshawar,Rural Road,Poor,Rainy,Dawn/Dusk,Motorcycle,1,Over Speeding,1,0,0,0,10,0,High
2018,4,Thursday,13,Gilgit-Baltistan,Skardu,Motorway,Poor,Clear,Daylight,Motorcycle,2,Mechanical Failure,1,0,0,0,6,3,High
2021,1,Friday,22,Sindh,Larkana,Provincial Highway,Good,Foggy,Street Light,Motorcycle,2,Wrong Overtaking,0,0,1,1,10,0,High
2018,4,Thursday,10,KPK,Peshawar,National Highway,Average,Clear,Daylight,Truck/Lorry,3,Drunk Driving,0,0,0,0,3,1,High
2022,9,Sunday,14,Punjab,Lahore,National Highway,Poor,Clear,Daylight,Motorcycle,2,Wrong Overtaking,0,1,0,0,5,0,Medium
2021,6,Monday,13,Sindh,Jacobabad,Urban Road,Average,Foggy,Daylight,Car/Taxi,1,Signal Violation,1,0,0,0,1,0,Low
2020,12,Tuesday,23,Balochistan,Khuzdar,Provincial Highway,Poor,Clear,No Light,Motorcycle,1,Over Speeding,0,0,1,1,3,1,High
2019,5,Monday,21,Punjab,Sheikhupura,National Highway,Average,Clear,Street Light,Bicycle,2,Drunk Driving,0,0,0,0,10,2,High
2020,9,Wednesday,16,Punjab,Sargodha,National Highway,Poor,Dusty/Smoggy,Daylight,Bus/Coach,2,Mechanical Failure,0,0,0,0,5,1,Medium
2022,8,Saturday,13,Sindh,Nawabshah,Urban Road,Average,Extreme Heat,No Light,Rickshaw,2,Drunk Driving,1,1,0,0,0,0,Low
2021,7,Sunday,19,KPK,Mardan,Motorway,Average,Rainy,Dawn/Dusk,Truck/Lorry,2,Over Speeding,1,1,0,0,6,4,High
2023,7,Friday,19,Punjab,Gujranwala,Urban Road,Average,Clear,Dawn/Dusk,Motorcycle,4,Signal Violation,1,0,0,0,1,0,Low
2020,9,Friday,10,Islamabad,Islamabad,Motorway,Good,Extreme Heat,Daylight,Motorcycle,2,Road Condition,0,0,0,0,3,0,Medium
2021,5,Saturday,10,Punjab,Bahawalpur,Urban Road,Poor,Dusty/Smoggy,Daylight,Bus/Coach,3,Mechanical Failure,0,1,0,0,1,0,Low
2020,8,Sunday,13,Punjab,Multan,Motorway,Good,Clear,Daylight,Motorcycle,2,Over Speeding,1,1,0,0,2,0,High
2019,8,Tuesday,10,KPK,Charsadda,National Highway,Good,Rainy,Daylight,Car/Taxi,3,Driver Fatigue,0,0,0,0,5,0,Medium
2020,3,Tuesday,9,Punjab,Sheikhupura,Rural Road,Average,Foggy,No Light,Rickshaw,1,Road Condition,1,0,0,0,1,0,Low
2020,1,Sunday,8,Sindh,Thatta,Urban Road,Average,Clear,Daylight,Motorcycle,2,Pedestrian Error,1,1,0,1,4,1,Medium
2021,2,Wednesday,21,Punjab,Sialkot,Urban Road,Good,Clear,No Light,Rickshaw,2,Wrong Overtaking,0,0,0,1,1,0,Low
2023,12,Sunday,11,Punjab,Faisalabad,Urban Road,Good,Clear,Daylight,Motorcycle,3,Wrong Overtaking,0,1,0,1,1,0,Low
2022,1,Monday,15,Punjab,Bahawalpur,Urban Road,Poor,Clear,Dawn/Dusk,Motorcycle,2,Over Speeding,0,0,0,1,3,0,Medium
2019,11,Friday,13,Islamabad,Islamabad,Provincial Highway,Poor,Foggy,Daylight,Rickshaw,1,Signal Violation,1,0,0,1,1,0,Medium
2023,6,Tuesday,4,Sindh,Larkana,Rural Road,Under Repair,Clear,No Light,Car/Taxi,1,Drunk Driving,0,0,1,0,2,1,Low
2023,6,Monday,18,KPK,Peshawar,Provincial Highway,Average,Clear,Daylight,Rickshaw,2,Drunk Driving,1,0,0,0,2,0,Low
2020,5,Saturday,14,Punjab,Gujranwala,Provincial Highway,Average,Clear,Daylight,Car/Taxi,4,Over Speeding,0,1,0,0,1,0,Low
2022,1,Thursday,10,Sindh,Sukkur,Rural Road,Poor,Clear,Daylight,Motorcycle,1,Pedestrian Error,0,0,0,1,0,0,Low
2019,10,Friday,12,Sindh,Sukkur,Motorway,Good,Foggy,Daylight,Motorcycle,2,Signal Violation,1,0,0,0,10,0,High
2022,11,Wednesday,9,Islamabad,Islamabad,Provincial Highway,Under Repair,Clear,Daylight,Car/Taxi,2,Drunk Driving,1,0,0,1,4,2,Medium
2021,5,Tuesday,11,KPK,Nowshera,Motorway,Average,Clear,Daylight,Motorcycle,1,Wrong Overtaking,0,0,0,0,9,0,High
2021,10,Tuesday,18,KPK,Peshawar,Rural Road,Good,Foggy,Daylight,Car/Taxi,4,Signal Violation,1,0,0,0,5,0,Medium
2020,3,Monday,19,Punjab,Rawalpindi,National Highway,Good,Extreme Heat,Dawn/Dusk,Motorcycle,3,Wrong Overtaking,1,0,0,0,11,0,High
2021,6,Friday,16,Sindh,Kashmore,National Highway,Under Repair,Foggy,Daylight,Motorcycle,3,Driver Fatigue,0,0,0,0,6,1,High
2023,7,Friday,21,Sindh,Nawabshah,Rural Road,Poor,Rainy,No Light,Rickshaw,1,Road Condition,0,0,0,0,1,0,Low
2020,6,Saturday,8,Islamabad,Islamabad,National Highway,Good,Foggy,Daylight,Motorcycle,3,Driver Fatigue,1,1,0,0,8,2,High
2018,11,Monday,14,Punjab,Bahawalpur,Motorway,Poor,Clear,Daylight,Bicycle,1,Wrong Overtaking,0,0,0,1,11,1,High
2021,2,Wednesday,18,Punjab,Sialkot,National Highway,Average,Clear,Daylight,Van/Pickup,2,Drunk Driving,1,0,0,1,7,0,High
2022,12,Wednesday,5,Punjab,Multan,National Highway,Average,Rainy,Dawn/Dusk,Bicycle,3,Over Speeding,0,0,1,1,5,3,High
2020,7,Tuesday,9,Punjab,Bahawalpur,Urban Road,Average,Clear,Daylight,Car/Taxi,2,Mechanical Failure,1,0,0,0,0,0,Low
2018,7,Sunday,17,Punjab,Rahim Yar Khan,Urban Road,Poor,Rainy,Daylight,Motorcycle,2,Wrong Overtaking,1,1,0,0,6,1,High
2023,7,Thursday,23,Balochistan,Hub,Rural Road,Poor,Clear,Street Light,Bicycle,2,Road Condition,0,0,1,0,2,0,Low
2019,5,Tuesday,14,Sindh,Kashmore,National Highway,Average,Rainy,Daylight,Motorcycle,2,Wrong Overtaking,0,0,0,0,9,1,High
2021,6,Saturday,20,Balochistan,Zhob,National Highway,Poor,Rainy,Street Light,Rickshaw,2,Mechanical Failure,1,1,0,0,5,1,Medium