year,month,day_of_week,hour_of_day,province,district,road_type,road_condition,weather_condition,lighting_condition,vehicle_type,vehicles_involved,accident_cause,is_rush_hour,is_weekend,is_night,is_foggy_month,num_injured,num_killed,severity
2018,12,Monday,9,KPK,Peshawar,Urban Road,Average,Clear,Daylight,Motorcycle,2,Over Speeding,1,0,0,1,11,2,High
2021,12,Saturday,14,Punjab,Multan,Provincial Highway,Average,Clear,Dawn/Dusk,Bus/Coach,2,Driver Fatigue,0,1,0,1,2,1,Medium
2018,7,Tuesday,6,Sindh,Larkana,Urban Road,Good,Clear,Dawn/Dusk,Car/Taxi,1,Over Speeding,0,0,0,0,0,0,Low
2020,9,Sunday,13,Punjab,Gujranwala,National Highway,Poor,Clear,Daylight,Motorcycle,1,Over Speeding,1,1,0,0,3,0,High
2022,1,Thursday,11,Balochistan,Quetta,Rural Road,Poor,Extreme Heat,Daylight,Motorcycle,4,Mobile Phone Use,0,0,0,1,0,0,Low
2020,11,Tuesday,19,Punjab,Multan,National Highway,Poor,Clear,Street Light,Bus/Coach,4,Road Condition,1,0,0,1,1,2,Medium
2022,5,Friday,19,Punjab,Sargodha,Provincial Highway,Average,Clear,No Light,Motorcycle,1,Wrong Overtaking,1,0,0,0,6,0,High
2021,7,Tuesday,18,Punjab,Sialkot,Urban Road,Under Repair,Clear,Daylight,Car/Taxi,1,Road Condition,1,0,0,0,2,0,Low
2021,6,Wednesday,16,Sindh,Kashmore,National Highway,Average,Foggy,Daylight,Van/Pickup,1,Wrong Overtaking,0,0,0,0,5,0,Medium
2021,6,Wednesday,11,Punjab,Gujranwala,National Highway,Average,Dusty/Smoggy,Daylight,Car/Taxi,2,Signal Violation,0,0,0,0,2,0,Medium
2020,12,Friday,16,Punjab,Lahore,National Highway,Average,Clear,Street Light,Motorcycle,2,Wrong Overtaking,0,0,0,1,2,1,High
2019,2,Monday,18,KPK,Charsadda,National Highway,Good,Clear,Daylight,Motorcycle,1,Over Speeding,1,0,0,1,11,2,High
2022,11,Tuesday,18,KPK,Kohat,Rural Road,Average,Clear,Daylight,Motorcycle,3,Drunk Driving,1,0,0,1,1,1,Medium
2019,6,Thursday,13,Punjab,Bahawalpur,Provincial Highway,Average,Dusty/Smoggy,Daylight,Car/Taxi,1,Over Speeding,1,0,0,0,2,0,Low
2020,6,Saturday,21,Sindh,Nawabshah,National Highway,Average,Clear,No Light,Truck/Lorry,1,Signal Violation,0,1,0,0,4,0,Medium
2021,6,Sunday,3,Balochistan,Loralai,Motorway,Good,Clear,Street Light,Rickshaw,3,Over Speeding,0,1,1,0,7,1,High
2022,4,Friday,8,Punjab,Rahim Yar Khan,National Highway,Poor,Clear,Street Light,Rickshaw,2,Signal Violation,1,0,0,0,3,0,Medium
2022,8,Friday,6,Balochistan,Dera Bugti,Rural Road,Average,Clear,Daylight,Car/Taxi,2,Over Speeding,0,0,0,0,0,0,Low
2023,12,Sunday,12,Punjab,Lahore,National Highway,Good,Clear,Daylight,Truck/Lorry,2,Mobile Phone Use,1,1,0,1,2,0,Low
2022,6,Friday,17,KPK,Mansehra,Urban Road,Average,Foggy,Daylight,Truck/Lorry,2,Over Speeding,1,0,0,0,2,0,Medium
2022,8,Saturday,14,Sindh,Sukkur,National Highway,Good,Clear,Daylight,Motorcycle,3,Road Condition,0,1,0,0,2,0,Medium
2023,7,Saturday,14,Sindh,Sukkur,Motorway,Poor,Foggy,Dawn/Dusk,Car/Taxi,3,Signal Violation,0,1,0,0,6,3,High
2021,5,Thursday,18,Balochistan,Khuzdar,National Highway,Poor,Clear,Daylight,Motorcycle,2,Driver Fatigue,1,0,0,0,4,1,High
2018,7,Saturday,17,Punjab,Sialkot,Provincial Highway,Good,Foggy,Daylight,Car/Taxi,2,Weather Condition,1,1,0,0,2,1,Medium
2022,1,Thursday,7,Punjab,Bahawalpur,National Highway,Good,Foggy,Daylight,Van/Pickup,1,Over Speeding,1,0,0,1,3,2,High
2018,2,Friday,10,Sindh,Sukkur,Provincial Highway,Average,Clear,Dawn/Dusk,Rickshaw,2,Road Condition,0,0,0,1,1,0,Low
2019,11,Wednesday,6,KPK,Abbottabad,Provincial Highway,Good,Clear,Daylight,Motorcycle,3,Drunk Driving,0,0,0,1,4,0,Medium
2022,12,Tuesday,20,Punjab,Gujranwala,Rural Road,Under Repair,Foggy,No Light,Rickshaw,2,Driver Fatigue,1,0,0,1,1,1,Low
2022,1,Monday,20,KPK,Mansehra,Rural Road,Good,Rainy,Street Light,Truck/Lorry,3,Over Speeding,1,0,0,1,1,1,Medium
2022,9,Sunday,22,Punjab,Sialkot,Rural Road,Good,Clear,No Light,Rickshaw,4,Road Condition,0,1,1,0,2,0,Low
2018,7,Friday,20,Punjab,Sargodha,National Highway,Under Repair,Rainy,No Light,Motorcycle,3,Wrong Overtaking,1,0,0,0,10,0,High
2022,10,Thursday,21,KPK,Nowshera,National Highway,Poor,Dusty/Smoggy,No Light,Motorcycle,3,Wrong Overtaking,0,0,0,0,10,2,High
2019,10,Sunday,6,Punjab,Rawalpindi,Urban Road,Good,Foggy,Daylight,Motorcycle,3,Signal Violation,0,1,0,0,5,0,Medium
2022,7,Sunday,13,Sindh,Mirpur Khas,Urban Road,Average,Clear,Daylight,Bus/Coach,2,Road Condition,1,1,0,0,0,0,Low
2022,11,Saturday,21,Punjab,Lahore,Rural Road,Average,Foggy,Street Light,Rickshaw,4,Signal Violation,0,1,0,1,0,1,Low
2023,1,Friday,19,Punjab,Lahore,Rural Road,Good,Clear,Dawn/Dusk,Motorcycle,1,Over Speeding,1,0,0,1,4,1,Medium
2022,8,Wednesday,20,Sindh,Hyderabad,National Highway,Average,Rainy,No Light,Bus/Coach,2,Over Speeding,1,0,0,0,2,2,High
2021,12,Wednesday,15,Sindh,Hyderabad,Provincial Highway,Poor,Clear,Daylight,Motorcycle,1,Wrong Overtaking,0,0,0,1,1,0,Medium
2023,11,Tuesday,22,Punjab,Sargodha,Urban Road,Average,Clear,Street Light,Van/Pickup,1,Over Speeding,0,0,1,1,0,0,Low
2021,1,Tuesday,20,Sindh,Mirpur Khas,Rural Road,Average,Extreme Heat,No Light,Motorcycle,2,Wrong Overtaking,1,0,0,1,1,0,Medium
2021,9,Sunday,8,Punjab,Rawalpindi,Provincial Highway,Under Repair,Foggy,Daylight,Motorcycle,1,Wrong Overtaking,1,1,0,0,3,0,Medium
2019,11,Wednesday,21,Sindh,Jacobabad,Urban Road,Average,Dusty/Smoggy,Street Light,Bicycle,2,Over Speeding,0,0,0,1,5,0,Medium
2018,6,Wednesday,18,Islamabad,Islamabad,Provincial Highway,Good,Extreme Heat,Daylight,Other,1,Pedestrian Error,1,0,0,0,0,0,Low
2023,7,Wednesday,8,Balochistan,Khuzdar,National Highway,Average,Clear,Dawn/Dusk,Other,1,Pedestrian Error,1,0,0,0,0,0,Low
2020,5,Wednesday,6,Punjab,Rawalpindi,Provincial Highway,Poor,Foggy,Daylight,Motorcycle,3,Over Speeding,0,0,0,0,10,2,High
2022,8,Friday,20,Punjab,Multan,National Highway,Average,Clear,Street Light,Motorcycle,3,Drunk Driving,1,0,0,0,6,1,High
2020,12,Monday,7,Islamabad,Islamabad,Provincial Highway,Good,Clear,Daylight,Car/Taxi,1,Over Speeding,1,0,0,1,0,0,Low
2020,6,Friday,19,Sindh,Mirpur Khas,Provincial Highway,Average,Foggy,Street Light,Motorcycle,1,Road Condition,1,0,0,0,2,0,Medium
2023,7,Thursday,18,Sindh,Thatta,National Highway,Good,Rainy,No Light,Car/Taxi,4,Over Speeding,1,0,0,0,3,1,Medium
2022,1,Monday,6,KPK,Bannu,Urban Road,Good,Clear,Daylight,Bus/Coach,1,Over Speeding,0,0,0,1,2,0,Medium
2020,10,Friday,7,Punjab,Gujranwala,National Highway,Good,Rainy,Dawn/Dusk,Motorcycle,1,Mechanical Failure,1,0,0,0,5,1,High
2023,2,Sunday,18,Sindh,Thatta,Urban Road,Good,Clear,Daylight,Motorcycle,2,Over Speeding,1,1,0,1,2,1,Medium
2023,2,Wednesday,4,Islamabad,Islamabad,National Highway,Good,Rainy,No Light,Motorcycle,1,Over Speeding,0,0,1,1,10,0,High
2018,8,Monday,19,KPK,Abbottabad,Urban Road,Good,Foggy,Dawn/Dusk,Motorcycle,3,Over Speeding,1,0,0,0,5,1,High
2023,10,Thursday,23,Punjab,Sargodha,National Highway,Average,Clear,No Light,Truck/Lorry,4,Wrong Overtaking,0,0,1,0,4,1,High
2018,6,Thursday,18,Punjab,Rawalpindi,National Highway,Average,Clear,Daylight,Car/Taxi,2,Over Speeding,1,0,0,0,3,0,Medium
2022,6,Thursday,21,Punjab,Rahim Yar Khan,Provincial Highway,Average,Foggy,No Light,Motorcycle,2,Signal Violation,0,0,0,0,10,1,High
2018,5,Tuesday,23,KPK,Abbottabad,Motorway,Good,Clear,No Light,Motorcycle,2,Drunk Driving,0,0,1,0,4,1,High
2022,6,Tuesday,7,Punjab,Multan,Urban Road,Good,Foggy,Street Light,Motorcycle,2,Wrong Overtaking,1,0,0,0,1,0,Medium
2022,12,Saturday,7,Punjab,Faisalabad,National Highway,Poor,Foggy,Daylight,Rickshaw,2,Road Condition,1,1,0,1,0,0,Low
2019,9,Sunday,1,Islamabad,Islamabad,Rural Road,Average,Rainy,No Light,Bus/Coach,3,Wrong Overtaking,0,1,1,0,5,0,Medium
2020,1,Sunday,7,Punjab,Sargodha,Provincial Highway,Average,Clear,Dawn/Dusk,Car/Taxi,2,Signal Violation,1,1,0,1,0,0,Low
2023,12,Friday,22,Punjab,Sialkot,Motorway,Poor,Clear,Street Light,Motorcycle,3,Over Speeding,0,0,1,1,9,1,High
2022,5,Friday,4,Punjab,Rawalpindi,Urban Road,Average,Clear,Street Light,Motorcycle,3,Wrong Overtaking,0,0,1,0,3,2,Medium
2021,3,Monday,22,Punjab,Lahore,Rural Road,Average,Rainy,No Light,Rickshaw,2,Over Speeding,0,0,1,0,4,0,Medium
2021,9,Thursday,8,Sindh,Kashmore,National Highway,Good,Clear,Daylight,Car/Taxi,1,Driver Fatigue,1,0,0,0,8,2,High
2020,7,Wednesday,18,Islamabad,Islamabad,Provincial Highway,Average,Clear,Daylight,Car/Taxi,1,Wrong Overtaking,1,0,0,0,1,0,Low
2018,7,Wednesday,20,Balochistan,Khuzdar,National Highway,Good,Clear,Street Light,Motorcycle,3,Over Speeding,1,0,0,0,9,1,High
2019,1,Saturday,17,Sindh,Larkana,Provincial Highway,Under Repair,Clear,Daylight,Motorcycle,4,Drunk Driving,1,1,0,1,1,0,Medium
2022,7,Sunday,12,Punjab,Rahim Yar Khan,Provincial Highway,Average,Clear,Daylight,Bus/Coach,2,Wrong Overtaking,1,1,0,0,1,1,Low
2023,7,Sunday,18,Sindh,Karachi,National Highway,Under Repair,Clear,Daylight,Bus/Coach,1,Pedestrian Error,1,1,0,0,1,1,Medium
2021,2,Saturday,4,Punjab,Bahawalpur,Provincial Highway,Average,Foggy,No Light,Truck/Lorry,1,Pedestrian Error,0,1,1,1,4,2,Medium
2022,4,Sunday,12,Punjab,Faisalabad,Rural Road,Poor,Dusty/Smoggy,Daylight,Bus/Coach,4,Driver Fatigue,1,1,0,0,0,0,Low
2023,6,Friday,18,Islamabad,Islamabad,Urban Road,Good,Clear,Daylight,Bus/Coach,1,Drunk Driving,1,0,0,0,4,0,Medium
2019,8,Wednesday,14,Punjab,Rawalpindi,Provincial Highway,Poor,Clear,Daylight,Motorcycle,3,Pedestrian Error,0,0,0,0,2,0,Medium
2022,1,Saturday,16,Punjab,Gujranwala,Urban Road,Good,Rainy,Street Light,Rickshaw,1,Pedestrian Error,0,1,0,1,2,0,Low
2022,4,Tuesday,16,Sindh,Dadu,Rural Road,Average,Clear,Daylight,Motorcycle,3,Over Speeding,0,0,0,0,5,0,Medium
2022,6,Friday,12,Sindh,Nawabshah,National Highway,Poor,Clear,Daylight,Motorcycle,1,Over Speeding,1,0,0,0,2,1,High
2020,2,Thursday,17,Punjab,Rawalpindi,Provincial Highway,Average,Foggy,Daylight,Motorcycle,3,Over Speeding,1,0,0,1,10,1,High
2019,12,Tuesday,3,Punjab,Rawalpindi,Rural Road,Under Repair,Clear,Street Light,Motorcycle,1,Wrong Overtaking,0,0,1,1,2,1,Medium
2023,11,Thursday,16,Punjab,Bahawalpur,Urban Road,Poor,Rainy,Daylight,Van/Pickup,2,Drunk Driving,0,0,0,1,4,0,Medium
2020,10,Tuesday,10,KPK,Swat,National Highway,Average,Clear,Street Light,Motorcycle,2,Road Condition,0,0,0,0,3,2,Medium
2018,4,Friday,9,Punjab,Gujranwala,Rural Road,Poor,Rainy,Daylight,Bus/Coach,1,Wrong Overtaking,1,0,0,0,2,1,Medium
2023,9,Sunday,3,Sindh,Larkana,Rural Road,Good,Clear,Street Light,Car/Taxi,2,Signal Violation,0,1,1,0,1,0,Medium
2022,9,Saturday,17,Sindh,Dadu,Urban Road,Poor,Rainy,Daylight,Motorcycle,2,Signal Violation,1,1,0,0,5,0,Medium
2021,11,Saturday,7,Balochistan,Chaman,Urban Road,Good,Extreme Heat,Daylight,Bus/Coach,3,Wrong Overtaking,1,1,0,1,2,0,Low
2023,5,Friday,5,Punjab,Sargodha,National Highway,Poor,Rainy,Street Light,Rickshaw,2,Road Condition,0,0,1,0,4,0,Medium
2021,12,Saturday,11,Punjab,Multan,Provincial Highway,Good,Clear,Dawn/Dusk,Motorcycle,1,Over Speeding,0,1,0,1,11,2,High
2020,12,Tuesday,8,Sindh,Dadu,National Highway,Average,Clear,Daylight,Motorcycle,2,Over Speeding,1,0,0,1,4,2,High
2022,7,Friday,14,KPK,Charsadda,Provincial Highway,Good,Foggy,Daylight,Other,1,Over Speeding,0,0,0,0,1,0,Medium
2018,4,Sunday,15,Punjab,Bahawalpur,Provincial Highway,Good,Clear,Daylight,Truck/Lorry,1,Over Speeding,0,1,0,0,4,0,Medium
2021,10,Sunday,8,Sindh,Kashmore,National Highway,Good,Clear,Daylight,Car/Taxi,2,Signal Violation,1,1,0,0,5,0,Medium
2018,5,Friday,18,Punjab,Faisalabad,Rural Road,Poor,Dusty/Smoggy,Daylight,Van/Pickup,3,Over Speeding,1,0,0,0,2,0,Low
2018,1,Tuesday,20,Punjab,Gujranwala,Urban Road,Good,Clear,Street Light,Truck/Lorry,2,Wrong Overtaking,1,0,0,1,2,0,Low
2022,7,Thursday,17,Sindh,Nawabshah,National Highway,Good,Foggy,Daylight,Car/Taxi,2,Drunk Driving,1,0,0,0,2,0,Medium
2022,8,Sunday,9,Punjab,Sialkot,Urban Road,Good,Clear,Daylight,Motorcycle,2,Mobile Phone Use,1,1,0,0,1,0,Low
2023,9,Tuesday,21,Balochistan,Sibi,Provincial Highway,Average,Clear,Street Light,Car/Taxi,2,Pedestrian Error,0,0,0,0,2,0,Low
2023,9,Friday,13,Sindh,Larkana,Provincial Highway,Average,Clear,Daylight,Motorcycle,2,Road Condition,1,0,0,0,4,0,Medium
2022,1,Wednesday,3,Sindh,Jacobabad,Provincial Highway,Good,Rainy,No Light,Motorcycle,1,Mechanical Failure,0,0,1,1,11,0,High
2023,5,Tuesday,13,Punjab,Sheikhupura,National Highway,Poor,Clear,Dawn/Dusk,Car/Taxi,2,Signal Violation,1,0,0,0,1,0,Low
2019,10,Thursday,16,Sindh,Mirpur Khas,Motorway,Average,Foggy,Daylight,Car/Taxi,2,Wrong Overtaking,0,0,0,0,2,1,Medium
2023,12,Friday,22,Punjab,Sialkot,Provincial Highway,Poor,Rainy,No Light,Car/Taxi,1,Weather Condition,0,0,1,1,2,0,Medium
2020,4,Sunday,16,Balochistan,Quetta,National Highway,Poor,Clear,Daylight,Bus/Coach,2,Mechanical Failure,0,1,0,0,4,2,Medium
2018,9,Monday,7,Gilgit-Baltistan,Gilgit,National Highway,Poor,Clear,Daylight,Motorcycle,1,Wrong Overtaking,1,0,0,0,2,1,High
2023,7,Sunday,19,Punjab,Sargodha,Urban Road,Average,Clear,Dawn/Dusk,Truck/Lorry,2,Pedestrian Error,1,1,0,0,0,0,Low
2021,6,Friday,22,Punjab,Gujranwala,Provincial Highway,Average,Rainy,Street Light,Motorcycle,2,Drunk Driving,0,0,1,0,8,1,High
2021,9,Thursday,19,Punjab,Multan,Provincial Highway,Poor,Foggy,Dawn/Dusk,Motorcycle,2,Road Condition,1,0,0,0,5,0,Medium
2021,4,Friday,18,KPK,Abbottabad,Urban Road,Good,Dusty/Smoggy,Daylight,Motorcycle,3,Pedestrian Error,1,0,0,0,3,0,Medium
2019,4,Thursday,17,KPK,Peshawar,National Highway,Average,Clear,Daylight,Car/Taxi,1,Pedestrian Error,1,0,0,0,2,0,Low
2020,2,Thursday,5,Balochistan,Hub,Provincial Highway,Poor,Dusty/Smoggy,Dawn/Dusk,Bus/Coach,1,Wrong Overtaking,0,0,1,1,11,1,High
2022,4,Wednesday,10,KPK,Abbottabad,Urban Road,Under Repair,Clear,Daylight,Rickshaw,2,Over Speeding,0,0,0,0,0,0,Low
2021,12,Wednesday,18,Sindh,Thatta,Provincial Highway,Poor,Foggy,Daylight,Car/Taxi,2,Pedestrian Error,1,0,0,1,1,0,Low
2021,1,Tuesday,17,Sindh,Larkana,National Highway,Good,Clear,Daylight,Car/Taxi,3,Over Speeding,1,0,0,1,9,1,High
2021,9,Friday,17,KPK,Abbottabad,Rural Road,Average,Clear,Daylight,Motorcycle,2,Mechanical Failure,1,0,0,0,1,0,Medium
2022,7,Thursday,21,Sindh,Karachi,Provincial Highway,Good,Foggy,No Light,Motorcycle,3,Over Speeding,0,0,0,0,9,0,High
2022,12,Monday,22,Sindh,Kashmore,Motorway,Average,Clear,Street Light,Rickshaw,4,Road Condition,0,0,1,1,1,1,Low
2023,2,Monday,14,Sindh,Hyderabad,Provincial Highway,Poor,Clear,Daylight,Motorcycle,1,Mobile Phone Use,0,0,0,1,4,0,Medium
2021,1,Monday,22,Sindh,Kashmore,National Highway,Poor,Rainy,Street Light,Motorcycle,4,Weather Condition,0,0,1,1,5,0,High
2023,4,Wednesday,14,Sindh,Hyderabad,National Highway,Good,Clear,Daylight,Bus/Coach,1,Mechanical Failure,0,0,0,0,5,0,Medium
2023,4,Friday,18,Sindh,Karachi,National Highway,Poor,Foggy,Street Light,Rickshaw,2,Over Speeding,1,0,0,0,5,4,High
2020,5,Thursday,3,KPK,Charsadda,Rural Road,Average,Dusty/Smoggy,Street Light,Motorcycle,2,Over Speeding,0,0,1,0,6,2,High
2023,1,Saturday,16,Sindh,Mirpur Khas,Provincial Highway,Average,Clear,Daylight,Car/Taxi,2,Road Condition,0,1,0,1,1,0,Low
2022,1,Monday,9,Sindh,Hyderabad,Rural Road,Average,Clear,No Light,Motorcycle,1,Over Speeding,1,0,0,1,4,1,Medium
2020,1,Friday,12,KPK,Charsadda,Urban Road,Poor,Clear,No Light,Van/Pickup,2,Wrong Overtaking,1,0,0,1,0,0,Low
2021,8,Tuesday,23,Sindh,Kashmore,Rural Road,Poor,Foggy,No Light,Van/Pickup,2,Wrong Overtaking,0,0,1,0,3,0,Medium
2019,7,Friday,13,Punjab,Gujranwala,Provincial Highway,Good,Dusty/Smoggy,Daylight,Truck/Lorry,4,Mechanical Failure,1,0,0,0,1,0,Low
2023,3,Sunday,18,Punjab,Rahim Yar Khan,Rural Road,Good,Foggy,Dawn/Dusk,Truck/Lorry,2,Mechanical Failure,1,1,0,0,2,1,Low
2019,4,Monday,21,Sindh,Mirpur Khas,Rural Road,Average,Clear,Street Light,Bus/Coach,2,Wrong Overtaking,0,0,0,0,2,0,Low
2022,9,Tuesday,10,Sindh,Hyderabad,National Highway,Poor,Clear,Daylight,Motorcycle,2,Over Speeding,0,0,0,0,5,0,High
2022,11,Saturday,12,AJK,Mirpur,Motorway,Average,Clear,No Light,Car/Taxi,1,Road Condition,1,1,0,1,1,1,Low
2023,3,Friday,1,Punjab,Bahawalpur,Urban Road,Poor,Rainy,No Light,Car/Taxi,2,Wrong Overtaking,0,0,1,0,5,1,Medium
2020,12,Tuesday,21,Punjab,Rawalpindi,Urban Road,Poor,Clear,No Light,Van/Pickup,2,Wrong Overtaking,0,0,0,1,1,0,Low
2023,12,Saturday,20,Punjab,Multan,Motorway,Poor,Clear,Street Light,Motorcycle,1,Wrong Overtaking,1,1,0,1,4,0,Medium
2022,3,Friday,12,Punjab,Gujranwala,National Highway,Good,Clear,Street Light,Car/Taxi,2,Wrong Overtaking,1,0,0,0,2,0,Medium
2018,10,Wednesday,6,KPK,Dera Ismail Khan,Urban Road,Average,Clear,No Light,Motorcycle,1,Mechanical Failure,0,0,0,0,1,0,Medium
2023,9,Sunday,20,Punjab,Sheikhupura,National Highway,Poor,Clear,Street Light,Motorcycle,1,Over Speeding,1,1,0,0,2,3,High
2020,5,Thursday,7,Sindh,Hyderabad,Provincial Highway,Poor,Clear,Daylight,Motorcycle,2,Over Speeding,1,0,0,0,10,1,High
2019,6,Sunday,5,KPK,Charsadda,National Highway,Average,Clear,Dawn/Dusk,Motorcycle,2,Signal Violation,0,1,1,0,2,1,High
2022,6,Saturday,13,Sindh,Mirpur Khas,Provincial Highway,Poor,Extreme Heat,Daylight,Motorcycle,2,Over Speeding,1,1,0,0,10,3,High
2023,3,Saturday,21,Balochistan,Sibi,Rural Road,Good,Dusty/Smoggy,No Light,Rickshaw,3,Over Speeding,0,1,0,0,2,0,Low
2022,10,Friday,20,Sindh,Dadu,Urban Road,Average,Dusty/Smoggy,No Light,Car/Taxi,1,Wrong Overtaking,1,0,0,0,2,1,Low
2023,1,Tuesday,6,Punjab,Rahim Yar Khan,Provincial Highway,Average,Rainy,Street Light,Truck/Lorry,2,Driver Fatigue,0,0,0,1,3,1,Medium
2019,11,Tuesday,16,Balochistan,Khuzdar,National Highway,Under Repair,Clear,Street Light,Motorcycle,2,Over Speeding,0,0,0,1,4,1,High
2018,11,Thursday,14,Balochistan,Sibi,National Highway,Good,Rainy,Daylight,Rickshaw,2,Signal Violation,0,0,0,1,1,1,Medium
2023,6,Sunday,21,Punjab,Sargodha,Motorway,Poor,Clear,No Light,Motorcycle,1,Road Condition,0,1,0,0,2,1,Medium
2020,1,Thursday,17,Punjab,Sheikhupura,Provincial Highway,Good,Foggy,Daylight,Rickshaw,3,Driver Fatigue,1,0,0,1,2,0,Medium
2021,11,Saturday,13,Punjab,Sargodha,Urban Road,Good,Clear,Daylight,Car/Taxi,1,Wrong Overtaking,1,1,0,1,1,0,Low
2021,2,Saturday,7,Punjab,Bahawalpur,Rural Road,Good,Clear,Daylight,Motorcycle,1,Wrong Overtaking,1,1,0,1,5,0,Medium
2018,4,Tuesday,15,AJK,Mirpur,Urban Road,Average,Clear,Daylight,Van/Pickup,2,Mechanical Failure,0,0,0,0,0,0,Low
2019,7,Monday,15,Sindh,Mirpur Khas,Provincial Highway,Poor,Rainy,Daylight,Motorcycle,3,Pedestrian Error,0,0,0,0,2,0,Medium
2023,8,Saturday,10,Punjab,Sialkot,Provincial Highway,Poor,Foggy,Dawn/Dusk,Car/Taxi,3,Road Condition,0,1,0,0,1,0,Low
2020,5,Wednesday,22,Balochistan,Gwadar,Rural Road,Average,Extreme Heat,No Light,Rickshaw,1,Mobile Phone Use,0,0,1,0,2,0,Low
2020,8,Tuesday,10,Sindh,Thatta,Provincial Highway,Good,Extreme Heat,Daylight,Truck/Lorry,3,Mobile Phone Use,0,0,0,0,0,1,Low
2022,4,Thursday,16,Punjab,Gujranwala,Provincial Highway,Average,Clear,Daylight,Other,2,Over Speeding,0,0,0,0,3,2,Medium
2020,4,Tuesday,9,Islamabad,Islamabad,Urban Road,Poor,Clear,Daylight,Car/Taxi,1,Signal Violation,1,0,0,0,0,0,Low
2019,6,Tuesday,10,Balochistan,Khuzdar,Urban Road,Poor,Rainy,Daylight,Bicycle,4,Road Condition,0,0,0,0,2,0,Medium
2022,4,Tuesday,8,Balochistan,Quetta,Provincial Highway,Average,Clear,Daylight,Car/Taxi,4,Drunk Driving,1,0,0,0,4,1,Medium
2020,11,Thursday,16,Sindh,Karachi,Provincial Highway,Good,Clear,Daylight,Car/Taxi,2,Over Speeding,0,0,0,1,0,0,Low
2022,12,Thursday,0,KPK,Charsadda,Urban Road,Good,Clear,Street Light,Rickshaw,3,Drunk Driving,0,0,1,1,2,0,Medium
2019,10,Saturday,7,Punjab,Rawalpindi,Provincial Highway,Average,Extreme Heat,Daylight,Rickshaw,1,Signal Violation,1,1,0,0,1,1,Low
2018,9,Friday,5,Sindh,Kashmore,Provincial Highway,Good,Clear,Daylight,Car/Taxi,4,Over Speeding,0,0,1,0,9,2,High
2023,6,Friday,7,AJK,Rawalakot,Rural Road,Under Repair,Clear,Daylight,Bicycle,1,Signal Violation,1,0,0,0,1,0,Medium
2021,4,Wednesday,15,Punjab,Lahore,Provincial Highway,Under Repair,Foggy,Daylight,Motorcycle,2,Over Speeding,0,0,0,0,6,1,High
2021,11,Saturday,13,KPK,Mansehra,National Highway,Average,Dusty/Smoggy,Daylight,Motorcycle,2,Wrong Overtaking,1,1,0,1,4,0,Medium
2022,5,Wednesday,8,Sindh,Karachi,National Highway,Under Repair,Foggy,Daylight,Rickshaw,3,Pedestrian Error,1,0,0,0,2,0,Medium
2019,8,Sunday,16,Punjab,Rawalpindi,National Highway,Under Repair,Clear,Daylight,Car/Taxi,2,Wrong Overtaking,0,1,0,0,2,0,Medium
2018,3,Tuesday,17,KPK,Swat,Motorway,Poor,Dusty/Smoggy,Daylight,Motorcycle,1,Over Speeding,1,0,0,0,9,1,High
2022,9,Saturday,1,Punjab,Sargodha,Rural Road,Average,Clear,No Light,Motorcycle,2,Signal Violation,0,1,1,0,2,2,Medium
2022,12,Tuesday,15,Sindh,Hyderabad,National Highway,Good,Foggy,Daylight,Truck/Lorry,2,Pedestrian Error,0,0,0,1,5,0,High
2020,10,Friday,14,Punjab,Bahawalpur,National Highway,Average,Foggy,Daylight,Car/Taxi,2,Mechanical Failure,0,0,0,0,1,0,Medium
2022,6,Tuesday,8,Islamabad,Islamabad,Provincial Highway,Under Repair,Rainy,Daylight,Motorcycle,1,Road Condition,1,0,0,0,4,0,Medium
2019,2,Tuesday,12,Punjab,Sialkot,Provincial Highway,Good,Clear,Daylight,Van/Pickup,2,Over Speeding,1,0,0,1,0,0,Low
2021,9,Saturday,8,Punjab,Rahim Yar Khan,Provincial Highway,Under Repair,Clear,Daylight,Motorcycle,2,Over Speeding,1,1,0,0,2,0,High
2022,9,Friday,10,Punjab,Faisalabad,Urban Road,Average,Dusty/Smoggy,Daylight,Car/Taxi,1,Pedestrian Error,0,0,0,0,0,0,Low
2020,12,Thursday,19,Islamabad,Islamabad,Provincial Highway,Average,Extreme Heat,Street Light,Truck/Lorry,2,Mechanical Failure,1,0,0,1,3,1,Medium
2018,4,Thursday,20,KPK,Abbottabad,Provincial Highway,Poor,Clear,Street Light,Van/Pickup,1,Road Condition,1,0,0,0,0,0,Low
2023,6,Friday,23,KPK,Swat,National Highway,Good,Extreme Heat,Street Light,Bus/Coach,2,Mobile Phone Use,0,0,1,0,3,1,Medium
2020,5,Saturday,16,Sindh,Nawabshah,National Highway,Poor,Rainy,Daylight,Truck/Lorry,1,Pedestrian Error,0,1,0,0,5,0,Medium
2022,12,Saturday,12,Sindh,Karachi,Urban Road,Good,Clear,Daylight,Car/Taxi,2,Over Speeding,1,1,0,1,2,0,Low
2021,9,Saturday,2,Punjab,Gujranwala,Urban Road,Good,Rainy,No Light,Bus/Coach,2,Over Speeding,0,1,1,0,5,0,High
2023,9,Friday,9,Sindh,Thatta,Provincial Highway,Poor,Clear,Daylight,Car/Taxi,3,Over Speeding,1,0,0,0,5,1,Medium
2019,2,Saturday,17,Punjab,Sargodha,Rural Road,Good,Clear,Street Light,Motorcycle,3,Signal Violation,1,1,0,1,2,0,Medium