year,month,day_of_week,hour_of_day,province,district,road_type,road_condition,weather_condition,lighting_condition,vehicle_type,vehicles_involved,accident_cause,is_rush_hour,is_weekend,is_night,is_foggy_month,num_injured,num_killed,severity
2021,3,Tuesday,3,AJK,Mirpur,Provincial Highway,Good,Clear,No Light,Rickshaw,2,Wrong Overtaking,0,0,1,0,0,0,Low
2022,6,Friday,11,KPK,Abbottabad,Urban Road,Poor,Extreme Heat,Street Light,Car/Taxi,1,Mechanical Failure,0,0,0,0,1,0,Low
2021,12,Saturday,6,Punjab,Faisalabad,Urban Road,Poor,Clear,Daylight,Car/Taxi,3,Pedestrian Error,0,1,0,1,1,0,Low
2020,2,Tuesday,18,Punjab,Faisalabad,Provincial Highway,Average,Foggy,Street Light,Van/Pickup,4,Wrong Overtaking,1,0,0,1,1,1,Medium
2022,6,Friday,16,KPK,Dera Ismail Khan,National Highway,Average,Clear,Daylight,Motorcycle,2,Over Speeding,0,0,0,0,7,1,High
2020,5,Monday,18,Punjab,Gujranwala,Urban Road,Average,Rainy,Daylight,Rickshaw,3,Signal Violation,1,0,0,0,0,0,Low
2018,1,Wednesday,16,Punjab,Bahawalpur,National Highway,Average,Foggy,Dawn/Dusk,Bicycle,2,Driver Fatigue,0,0,0,1,8,2,High
2020,12,Monday,7,Punjab,Sialkot,Urban Road,Average,Clear,Daylight,Motorcycle,3,Over Speeding,1,0,0,1,3,0,Medium
2023,3,Friday,16,Sindh,Nawabshah,National Highway,Poor,Clear,Daylight,Motorcycle,2,Over Speeding,0,0,0,0,6,1,High
2018,9,Monday,8,KPK,Nowshera,National Highway,Average,Clear,Daylight,Van/Pickup,2,Drunk Driving,1,0,0,0,5,2,Medium
2023,5,Thursday,12,Punjab,Lahore,Provincial Highway,Average,Clear,Daylight,Car/Taxi,1,Mobile Phone Use,1,0,0,0,2,0,Low
2022,10,Monday,16,Punjab,Rawalpindi,Rural Road,Under Repair,Dusty/Smoggy,Daylight,Car/Taxi,4,Road Condition,0,0,0,0,2,0,Low
2018,1,Wednesday,7,Sindh,Mirpur Khas,National Highway,Poor,Clear,No Light,Motorcycle,1,Wrong Overtaking,1,0,0,1,5,0,Medium
2018,6,Thursday,14,KPK,Nowshera,National Highway,Poor,Clear,Daylight,Motorcycle,2,Pedestrian Error,0,0,0,0,3,2,Medium
2018,10,Saturday,23,Punjab,Sialkot,Provincial Highway,Average,Clear,No Light,Bus/Coach,3,Pedestrian Error,0,1,1,0,0,0,Low
2022,3,Tuesday,13,Punjab,Lahore,National Highway,Good,Clear,Dawn/Dusk,Motorcycle,2,Signal Violation,1,0,0,0,6,3,High
2019,8,Thursday,19,Islamabad,Islamabad,Urban Road,Good,Clear,Dawn/Dusk,Motorcycle,1,Over Speeding,1,0,0,0,2,0,Medium
2021,1,Sunday,8,Islamabad,Islamabad,Urban Road,Good,Clear,No Light,Motorcycle,1,Over Speeding,1,1,0,1,1,0,Medium
2019,8,Monday,15,Gilgit-Baltistan,Gilgit,National Highway,Poor,Rainy,Daylight,Motorcycle,2,Mechanical Failure,0,0,0,0,6,1,High
2023,5,Friday,7,KPK,Abbottabad,Provincial Highway,Average,Clear,Dawn/Dusk,Car/Taxi,2,Over Speeding,1,0,0,0,2,0,Medium
2019,9,Monday,16,Punjab,Sargodha,Urban Road,Under Repair,Foggy,Daylight,Bus/Coach,1,Pedestrian Error,0,0,0,0,5,0,Medium
2022,12,Saturday,18,Punjab,Lahore,National Highway,Average,Clear,Daylight,Motorcycle,4,Road Condition,1,1,0,1,3,1,Medium
2022,9,Wednesday,12,Punjab,Lahore,Urban Road,Average,Foggy,Street Light,Car/Taxi,3,Over Speeding,1,0,0,0,5,0,Medium
2018,8,Friday,14,Punjab,Lahore,Provincial Highway,Good,Foggy,Daylight,Rickshaw,1,Over Speeding,0,0,0,0,7,0,High
2023,10,Sunday,20,Islamabad,Islamabad,Provincial Highway,Poor,Foggy,No Light,Car/Taxi,3,Wrong Overtaking,1,1,0,0,4,2,Medium
2021,6,Friday,13,KPK,Swat,Provincial Highway,Average,Clear,Daylight,Motorcycle,2,Signal Violation,1,0,0,0,4,0,Medium
2021,7,Tuesday,8,KPK,Peshawar,Provincial Highway,Good,Clear,Street Light,Car/Taxi,1,Over Speeding,1,0,0,0,1,0,Medium
2023,1,Saturday,13,Punjab,Lahore,National Highway,Good,Clear,No Light,Bus/Coach,1,Over Speeding,1,1,0,1,4,0,High
2019,7,Friday,12,Balochistan,Sibi,Urban Road,Under Repair,Foggy,Daylight,Motorcycle,1,Wrong Overtaking,1,0,0,0,5,1,High
2021,9,Friday,5,KPK,Charsadda,National Highway,Average,Clear,Dawn/Dusk,Car/Taxi,1,Pedestrian Error,0,0,1,0,3,0,Medium
2020,11,Sunday,2,Punjab,Gujranwala,Rural Road,Good,Clear,No Light,Motorcycle,1,Driver Fatigue,0,1,1,1,5,1,High
2021,1,Monday,6,Balochistan,Turbat,Urban Road,Average,Clear,Daylight,Motorcycle,3,Drunk Driving,0,0,0,1,4,1,Medium
2018,7,Saturday,23,Punjab,Sargodha,Provincial Highway,Poor,Clear,No Light,Car/Taxi,1,Road Condition,0,1,1,0,2,0,Low
2023,7,Monday,17,Punjab,Lahore,National Highway,Good,Foggy,Dawn/Dusk,Rickshaw,2,Pedestrian Error,1,0,0,0,5,0,Medium
2022,7,Thursday,7,Sindh,Dadu,Provincial Highway,Good,Rainy,Daylight,Truck/Lorry,2,Road Condition,1,0,0,0,0,0,Low
2023,4,Sunday,3,Sindh,Karachi,Urban Road,Good,Dusty/Smoggy,No Light,Car/Taxi,2,Wrong Overtaking,0,1,1,0,1,0,Medium
2023,10,Monday,20,Punjab,Rawalpindi,Provincial Highway,Good,Foggy,No Light,Motorcycle,1,Driver Fatigue,1,0,0,0,8,1,High
2023,3,Tuesday,14,Punjab,Sialkot,National Highway,Average,Foggy,Daylight,Truck/Lorry,2,Wrong Overtaking,0,0,0,0,8,2,High
2023,7,Sunday,10,Gilgit-Baltistan,Skardu,National Highway,Good,Clear,Daylight,Motorcycle,3,Over Speeding,0,1,0,0,3,1,High
2018,3,Monday,16,KPK,Kohat,Urban Road,Average,Foggy,No Light,Truck/Lorry,2,Road Condition,0,0,0,0,2,0,Medium
2022,5,Sunday,7,KPK,Dera Ismail Khan,Rural Road,Good,Clear,No Light,Motorcycle,2,Drunk Driving,1,1,0,0,2,1,Medium
2023,1,Tuesday,10,Punjab,Lahore,Rural Road,Good,Rainy,Street Light,Motorcycle,2,Road Condition,0,0,0,1,2,0,Low
2020,1,Tuesday,16,Punjab,Lahore,Urban Road,Good,Clear,No Light,Bus/Coach,3,Pedestrian Error,0,0,0,1,2,0,Low
2018,10,Saturday,18,Punjab,Sialkot,Urban Road,Average,Rainy,Daylight,Car/Taxi,3,Over Speeding,1,1,0,0,1,0,Medium
2019,12,Friday,21,Punjab,Sheikhupura,Motorway,Poor,Foggy,No Light,Car/Taxi,1,Road Condition,0,0,0,1,2,1,Low
2023,4,Saturday,16,Punjab,Rahim Yar Khan,National Highway,Good,Clear,Street Light,Car/Taxi,2,Signal Violation,0,1,0,0,4,0,Medium
2020,1,Sunday,12,Punjab,Sargodha,Provincial Highway,Average,Clear,Daylight,Motorcycle,2,Road Condition,1,1,0,1,3,0,Medium
2018,1,Friday,14,Sindh,Kashmore,National Highway,Good,Foggy,Daylight,Truck/Lorry,4,Driver Fatigue,0,0,0,1,9,1,High
2022,10,Tuesday,5,Punjab,Multan,National Highway,Average,Clear,Dawn/Dusk,Car/Taxi,1,Driver Fatigue,0,0,1,0,11,2,High
2019,2,Thursday,13,KPK,Charsadda,Provincial Highway,Under Repair,Clear,Daylight,Motorcycle,2,Mechanical Failure,1,0,0,1,0,0,Low
2019,5,Saturday,10,Punjab,Lahore,Provincial Highway,Under Repair,Clear,Daylight,Rickshaw,3,Mechanical Failure,0,1,0,0,0,1,Low
2023,3,Friday,11,Sindh,Mirpur Khas,Urban Road,Good,Clear,Street Light,Van/Pickup,2,Over Speeding,0,0,0,0,2,0,Low
2019,3,Saturday,7,Punjab,Faisalabad,Provincial Highway,Poor,Dusty/Smoggy,Daylight,Car/Taxi,2,Wrong Overtaking,1,1,0,0,5,0,Medium
2020,11,Wednesday,22,Sindh,Sukkur,National Highway,Good,Clear,No Light,Bus/Coach,1,Signal Violation,0,0,1,1,5,0,Medium
2023,12,Thursday,11,Punjab,Rahim Yar Khan,National Highway,Good,Clear,Daylight,Motorcycle,3,Road Condition,0,0,0,1,3,1,Medium
2023,12,Friday,19,AJK,Muzaffarabad,National Highway,Average,Clear,Street Light,Motorcycle,2,Pedestrian Error,1,0,0,1,5,0,Medium
2022,11,Tuesday,10,KPK,Kohat,Provincial Highway,Good,Clear,Daylight,Motorcycle,3,Road Condition,0,0,0,1,1,0,Low
2021,2,Tuesday,16,Sindh,Kashmore,Urban Road,Good,Clear,Daylight,Car/Taxi,1,Driver Fatigue,0,0,0,1,1,0,Medium
2023,6,Sunday,17,Punjab,Sialkot,Urban Road,Poor,Foggy,Daylight,Motorcycle,3,Over Speeding,1,1,0,0,5,2,High
2021,2,Friday,15,Sindh,Karachi,National Highway,Good,Dusty/Smoggy,Dawn/Dusk,Van/Pickup,3,Signal Violation,0,0,0,1,1,0,Low
2020,3,Monday,12,KPK,Swat,Provincial Highway,Poor,Clear,Daylight,Bicycle,2,Pedestrian Error,1,0,0,0,2,2,Medium
2021,10,Tuesday,3,Punjab,Faisalabad,Provincial Highway,Under Repair,Clear,No Light,Motorcycle,1,Over Speeding,0,0,1,0,5,2,High
2019,4,Monday,18,Sindh,Karachi,National Highway,Average,Clear,Dawn/Dusk,Truck/Lorry,2,Mechanical Failure,1,0,0,0,4,0,Medium
2023,4,Thursday,10,KPK,Kohat,Rural Road,Average,Clear,Dawn/Dusk,Motorcycle,3,Wrong Overtaking,0,0,0,0,1,0,Medium
2023,10,Sunday,13,KPK,Peshawar,Urban Road,Poor,Extreme Heat,Daylight,Bus/Coach,2,Mechanical Failure,1,1,0,0,0,0,Low
2019,6,Monday,20,KPK,Charsadda,Urban Road,Average,Clear,No Light,Rickshaw,2,Signal Violation,1,0,0,0,2,0,Low
2019,7,Thursday,18,Balochistan,Turbat,Urban Road,Average,Clear,Daylight,Bus/Coach,1,Over Speeding,1,0,0,0,1,0,Medium
2022,5,Wednesday,20,Islamabad,Islamabad,Provincial Highway,Average,Clear,No Light,Motorcycle,1,Pedestrian Error,1,0,0,0,3,0,Medium
2021,5,Friday,15,Punjab,Gujranwala,National Highway,Good,Rainy,Daylight,Van/Pickup,4,Signal Violation,0,0,0,0,3,4,High
2021,7,Sunday,10,Sindh,Sukkur,Provincial Highway,Average,Rainy,No Light,Car/Taxi,1,Over Speeding,0,1,0,0,5,0,Medium
2022,2,Thursday,16,KPK,Mansehra,National Highway,Average,Clear,Daylight,Motorcycle,3,Signal Violation,0,0,0,1,5,2,Medium
2023,7,Monday,9,KPK,Mansehra,Rural Road,Good,Clear,Daylight,Motorcycle,2,Signal Violation,1,0,0,0,5,0,Medium
2019,8,Thursday,7,Gilgit-Baltistan,Hunza,National Highway,Good,Foggy,Daylight,Car/Taxi,3,Over Speeding,1,0,0,0,6,1,High
2022,7,Monday,21,Punjab,Gujranwala,National Highway,Poor,Rainy,No Light,Car/Taxi,2,Road Condition,0,0,0,0,2,0,Low
2023,8,Monday,22,Punjab,Gujranwala,National Highway,Poor,Dusty/Smoggy,Street Light,Car/Taxi,1,Over Speeding,0,0,1,0,5,0,High
2023,9,Sunday,9,Punjab,Gujranwala,Provincial Highway,Average,Foggy,Dawn/Dusk,Car/Taxi,1,Mechanical Failure,1,1,0,0,2,0,Low
2023,1,Sunday,7,Punjab,Sheikhupura,Urban Road,Average,Foggy,Daylight,Car/Taxi,1,Signal Violation,1,1,0,1,0,1,Low
2019,2,Saturday,12,Punjab,Faisalabad,National Highway,Average,Foggy,Daylight,Motorcycle,2,Road Condition,1,1,0,1,10,1,High
2020,12,Sunday,8,KPK,Abbottabad,Provincial Highway,Good,Clear,Daylight,Rickshaw,2,Mechanical Failure,1,1,0,1,1,1,Low
2023,7,Saturday,19,Punjab,Multan,Rural Road,Good,Clear,Dawn/Dusk,Van/Pickup,1,Over Speeding,1,1,0,0,1,0,Medium
2019,8,Wednesday,18,KPK,Nowshera,Provincial Highway,Average,Dusty/Smoggy,Daylight,Bus/Coach,2,Signal Violation,1,0,0,0,0,0,Low
2019,12,Sunday,20,KPK,Dera Ismail Khan,Rural Road,Average,Clear,Street Light,Car/Taxi,2,Pedestrian Error,1,1,0,1,2,0,Low
2023,1,Monday,22,Punjab,Lahore,Rural Road,Average,Foggy,Street Light,Car/Taxi,2,Over Speeding,0,0,1,1,4,0,Medium
2019,1,Saturday,9,Punjab,Rawalpindi,Urban Road,Average,Clear,Daylight,Car/Taxi,3,Drunk Driving,1,1,0,1,0,0,Low
2018,1,Saturday,13,Sindh,Kashmore,Provincial Highway,Poor,Rainy,Daylight,Motorcycle,2,Wrong Overtaking,1,1,0,1,8,0,High
2023,12,Thursday,19,KPK,Nowshera,Urban Road,Average,Dusty/Smoggy,Street Light,Car/Taxi,1,Weather Condition,1,0,0,1,0,0,Low
2018,6,Thursday,8,Balochistan,Chaman,Rural Road,Under Repair,Foggy,Daylight,Rickshaw,1,Wrong Overtaking,1,0,0,0,0,0,Low
2021,3,Tuesday,16,Balochistan,Turbat,National Highway,Good,Clear,Daylight,Motorcycle,4,Signal Violation,0,0,0,0,5,0,Medium
2020,11,Tuesday,20,Islamabad,Islamabad,Provincial Highway,Average,Dusty/Smoggy,Street Light,Motorcycle,1,Wrong Overtaking,1,0,0,1,2,3,High
2023,6,Wednesday,6,Sindh,Sukkur,Urban Road,Good,Rainy,Dawn/Dusk,Motorcycle,2,Driver Fatigue,0,0,0,0,1,0,Medium
2023,8,Wednesday,22,Balochistan,Loralai,Urban Road,Good,Clear,Street Light,Truck/Lorry,2,Drunk Driving,0,0,1,0,3,2,High
2018,3,Friday,9,KPK,Nowshera,Provincial Highway,Average,Foggy,Daylight,Other,2,Wrong Overtaking,1,0,0,0,3,0,Medium
2020,4,Tuesday,22,Balochistan,Khuzdar,Provincial Highway,Under Repair,Clear,No Light,Truck/Lorry,1,Weather Condition,0,0,1,0,3,0,Medium
2019,11,Friday,18,Punjab,Rahim Yar Khan,National Highway,Average,Rainy,Daylight,Motorcycle,1,Driver Fatigue,1,0,0,1,11,0,High
2022,1,Saturday,18,Islamabad,Islamabad,National Highway,Average,Clear,Daylight,Bicycle,2,Drunk Driving,1,1,0,1,9,4,High
2019,12,Sunday,7,Sindh,Mirpur Khas,Rural Road,Average,Clear,Daylight,Car/Taxi,1,Over Speeding,1,1,0,1,0,0,Low
2018,10,Saturday,14,KPK,Nowshera,Urban Road,Poor,Clear,No Light,Motorcycle,2,Wrong Overtaking,0,1,0,0,4,2,Medium
2019,2,Wednesday,21,Punjab,Rawalpindi,National Highway,Average,Foggy,No Light,Car/Taxi,2,Wrong Overtaking,0,0,0,1,2,0,Medium
2019,6,Wednesday,10,Punjab,Bahawalpur,National Highway,Poor,Clear,No Light,Rickshaw,2,Road Condition,0,0,0,0,5,0,Medium
2020,11,Saturday,16,Punjab,Multan,Urban Road,Good,Dusty/Smoggy,Daylight,Rickshaw,1,Wrong Overtaking,0,1,0,1,1,0,Low
2018,4,Tuesday,21,Punjab,Sargodha,Urban Road,Poor,Clear,No Light,Car/Taxi,2,Over Speeding,0,0,0,0,2,0,Low
2020,12,Wednesday,11,Punjab,Faisalabad,Urban Road,Good,Clear,Dawn/Dusk,Car/Taxi,2,Over Speeding,0,0,0,1,0,0,Low
2023,3,Wednesday,15,KPK,Kohat,National Highway,Good,Clear,Daylight,Bus/Coach,1,Pedestrian Error,0,0,0,0,4,0,Medium
2023,8,Wednesday,8,Punjab,Sialkot,Rural Road,Average,Clear,Daylight,Van/Pickup,2,Driver Fatigue,1,0,0,0,2,0,Low
2020,3,Thursday,16,Punjab,Lahore,National Highway,Good,Clear,Daylight,Car/Taxi,2,Drunk Driving,0,0,0,0,2,0,Medium
2020,12,Wednesday,8,Punjab,Sheikhupura,Provincial Highway,Under Repair,Rainy,Daylight,Bus/Coach,2,Over Speeding,1,0,0,1,9,4,High
2018,7,Friday,22,Sindh,Dadu,Urban Road,Good,Foggy,No Light,Car/Taxi,1,Over Speeding,0,0,1,0,4,0,Medium
2022,8,Monday,9,Punjab,Multan,National Highway,Under Repair,Rainy,Daylight,Motorcycle,2,Wrong Overtaking,1,0,0,0,10,0,High
2022,12,Saturday,22,Punjab,Gujranwala,National Highway,Average,Clear,Street Light,Rickshaw,3,Wrong Overtaking,0,1,1,1,6,1,High
2018,11,Wednesday,9,Sindh,Dadu,National Highway,Poor,Clear,Daylight,Car/Taxi,2,Road Condition,1,0,0,1,1,0,Low
2022,11,Tuesday,11,Sindh,Kashmore,Provincial Highway,Average,Clear,Daylight,Car/Taxi,2,Over Speeding,0,0,0,1,1,0,Medium
2020,6,Monday,3,Punjab,Faisalabad,Rural Road,Poor,Clear,No Light,Motorcycle,4,Signal Violation,0,0,1,0,5,0,Medium
2023,4,Monday,9,Punjab,Gujranwala,Provincial Highway,Good,Clear,Daylight,Rickshaw,2,Mechanical Failure,1,0,0,0,1,0,Low
2022,9,Thursday,18,Punjab,Multan,Rural Road,Good,Clear,Daylight,Other,4,Mechanical Failure,1,0,0,0,0,0,Low
2022,7,Tuesday,18,AJK,Mirpur,National Highway,Poor,Clear,Daylight,Car/Taxi,2,Mechanical Failure,1,0,0,0,2,0,Medium
2023,7,Sunday,10,Punjab,Faisalabad,Provincial Highway,Good,Clear,Street Light,Motorcycle,2,Over Speeding,0,1,0,0,6,4,High
2019,8,Sunday,7,Sindh,Dadu,Motorway,Average,Clear,Daylight,Rickshaw,2,Wrong Overtaking,1,1,0,0,2,0,Medium
2020,11,Thursday,13,Punjab,Rahim Yar Khan,Rural Road,Average,Dusty/Smoggy,Dawn/Dusk,Car/Taxi,2,Drunk Driving,1,0,0,1,4,0,Medium
2022,1,Wednesday,17,Sindh,Thatta,Urban Road,Average,Rainy,Daylight,Motorcycle,2,Signal Violation,1,0,0,1,2,0,Medium
2021,2,Saturday,12,Punjab,Rahim Yar Khan,National Highway,Poor,Foggy,Daylight,Rickshaw,2,Driver Fatigue,1,1,0,1,2,2,High
2020,1,Thursday,14,Punjab,Rahim Yar Khan,National Highway,Good,Dusty/Smoggy,Daylight,Truck/Lorry,2,Road Condition,0,0,0,1,2,0,Medium
2022,4,Friday,22,Sindh,Thatta,Provincial Highway,Poor,Clear,Street Light,Car/Taxi,1,Wrong Overtaking,0,0,1,0,1,0,Medium
2020,6,Sunday,3,Punjab,Bahawalpur,Rural Road,Good,Clear,Street Light,Bus/Coach,2,Mechanical Failure,0,1,1,0,5,0,Medium
2018,2,Saturday,7,Punjab,Gujranwala,Urban Road,Good,Clear,Daylight,Motorcycle,1,Over Speeding,1,1,0,1,1,0,Medium
2023,12,Wednesday,17,KPK,Swat,Rural Road,Average,Clear,Daylight,Motorcycle,1,Over Speeding,1,0,0,1,4,0,High
2023,11,Sunday,12,Gilgit-Baltistan,Skardu,Provincial Highway,Average,Dusty/Smoggy,Street Light,Motorcycle,2,Over Speeding,1,1,0,1,9,3,High
2018,12,Sunday,22,Punjab,Rawalpindi,Urban Road,Good,Foggy,No Light,Motorcycle,1,Pedestrian Error,0,1,1,1,5,0,High
2023,1,Sunday,19,Sindh,Hyderabad,Provincial Highway,Good,Foggy,Dawn/Dusk,Motorcycle,4,Over Speeding,1,1,0,1,9,1,High
2023,6,Friday,7,Islamabad,Islamabad,Provincial Highway,Good,Dusty/Smoggy,Daylight,Motorcycle,2,Pedestrian Error,1,0,0,0,1,0,Low
2023,11,Tuesday,21,KPK,Dera Ismail Khan,Urban Road,Good,Clear,Street Light,Car/Taxi,2,Over Speeding,0,0,0,1,1,0,Low
2021,12,Tuesday,2,Sindh,Mirpur Khas,Provincial Highway,Poor,Dusty/Smoggy,Street Light,Rickshaw,2,Over Speeding,0,0,1,1,10,0,High
2023,2,Sunday,7,KPK,Charsadda,National Highway,Average,Clear,Daylight,Rickshaw,1,Over Speeding,1,1,0,1,6,0,High
2018,8,Wednesday,20,Punjab,Gujranwala,Provincial Highway,Under Repair,Rainy,Street Light,Car/Taxi,1,Road Condition,1,0,0,0,3,0,Medium
2019,7,Monday,11,Sindh,Jacobabad,Urban Road,Good,Foggy,Dawn/Dusk,Van/Pickup,1,Wrong Overtaking,0,0,0,0,4,2,Medium
2020,4,Sunday,14,Punjab,Gujranwala,Urban Road,Good,Dusty/Smoggy,Daylight,Motorcycle,1,Mobile Phone Use,0,1,0,0,3,0,Medium
2021,11,Friday,19,Punjab,Rahim Yar Khan,Provincial Highway,Good,Clear,Street Light,Motorcycle,1,Mechanical Failure,1,0,0,1,4,0,Medium
2020,2,Tuesday,19,Sindh,Dadu,National Highway,Under Repair,Clear,Dawn/Dusk,Motorcycle,4,Road Condition,1,0,0,1,1,1,Medium
2023,12,Wednesday,15,Punjab,Bahawalpur,Provincial Highway,Poor,Clear,Daylight,Motorcycle,2,Signal Violation,0,0,0,1,2,1,Medium
2022,12,Thursday,19,KPK,Charsadda,Urban Road,Poor,Clear,Dawn/Dusk,Car/Taxi,2,Driver Fatigue,1,0,0,1,1,0,Low
2023,3,Monday,18,Sindh,Karachi,National Highway,Poor,Clear,No Light,Bus/Coach,1,Over Speeding,1,0,0,0,1,0,Medium
2023,7,Wednesday,19,Sindh,Mirpur Khas,National Highway,Poor,Clear,Dawn/Dusk,Motorcycle,4,Pedestrian Error,1,0,0,0,5,0,Medium
2020,4,Wednesday,16,Punjab,Sheikhupura,Provincial Highway,Average,Extreme Heat,Street Light,Motorcycle,2,Wrong Overtaking,0,0,0,0,3,1,Medium
2022,6,Monday,17,Punjab,Bahawalpur,Provincial Highway,Good,Rainy,Street Light,Bus/Coach,2,Driver Fatigue,1,0,0,0,1,1,Medium
2022,4,Saturday,19,Sindh,Karachi,Urban Road,Average,Rainy,Dawn/Dusk,Motorcycle,2,Mobile Phone Use,1,1,0,0,1,1,Medium
2023,12,Tuesday,12,AJK,Muzaffarabad,National Highway,Good,Extreme Heat,Dawn/Dusk,Motorcycle,1,Mechanical Failure,1,0,0,1,3,1,Medium
2023,8,Saturday,6,Punjab,Rahim Yar Khan,Provincial Highway,Average,Rainy,Daylight,Car/Taxi,1,Wrong Overtaking,0,1,0,0,5,2,Medium
2021,10,Friday,19,Punjab,Lahore,Rural Road,Average,Clear,Dawn/Dusk,Bicycle,2,Over Speeding,1,0,0,0,5,0,Medium
2023,3,Wednesday,18,Balochistan,Hub,Rural Road,Good,Clear,Daylight,Van/Pickup,1,Wrong Overtaking,1,0,0,0,0,0,Low
2019,11,Saturday,14,Punjab,Rahim Yar Khan,Rural Road,Good,Clear,Dawn/Dusk,Rickshaw,3,Road Condition,0,1,0,1,0,0,Low
2019,5,Thursday,10,Balochistan,Quetta,Rural Road,Average,Clear,Dawn/Dusk,Car/Taxi,2,Drunk Driving,0,0,0,0,0,0,Low
2022,6,Sunday,18,Sindh,Thatta,Rural Road,Good,Clear,Daylight,Motorcycle,2,Mobile Phone Use,1,1,0,0,0,0,Low
2020,5,Sunday,13,Punjab,Faisalabad,Motorway,Good,Dusty/Smoggy,Daylight,Motorcycle,2,Pedestrian Error,1,1,0,0,1,0,Medium
2018,1,Sunday,8,Punjab,Sialkot,National Highway,Good,Clear,Dawn/Dusk,Car/Taxi,1,Over Speeding,1,1,0,1,7,0,High
2020,6,Saturday,23,Punjab,Faisalabad,Provincial Highway,Poor,Rainy,No Light,Rickshaw,3,Over Speeding,0,1,1,0,2,2,Medium
2019,1,Sunday,19,Punjab,Faisalabad,Urban Road,Good,Rainy,Dawn/Dusk,Truck/Lorry,3,Pedestrian Error,1,1,0,1,2,0,Low
2018,11,Friday,9,Balochistan,Quetta,Provincial Highway,Average,Foggy,Daylight,Motorcycle,1,Over Speeding,1,0,0,1,5,2,High
2020,4,Saturday,12,KPK,Mansehra,Rural Road,Good,Clear,Daylight,Motorcycle,2,Road Condition,1,1,0,0,2,0,Low
2021,3,Sunday,23,KPK,Kohat,Motorway,Good,Clear,No Light,Motorcycle,2,Over Speeding,0,1,1,0,2,3,High
2023,6,Friday,14,KPK,Swat,Provincial Highway,Poor,Rainy,Street Light,Car/Taxi,2,Wrong Overtaking,0,0,0,0,3,0,Medium
2021,5,Thursday,16,Punjab,Multan,Provincial Highway,Poor,Clear,Daylight,Motorcycle,2,Wrong Overtaking,0,0,0,0,6,0,High
2020,9,Saturday,19,Sindh,Dadu,Provincial Highway,Poor,Rainy,Dawn/Dusk,Motorcycle,3,Road Condition,1,1,0,0,4,2,Medium
2023,10,Sunday,5,Sindh,Hyderabad,Urban Road,Average,Rainy,No Light,Car/Taxi,1,Drunk Driving,0,1,1,0,3,2,Medium
2021,2,Saturday,22,KPK,Dera Ismail Khan,Urban Road,Under Repair,Dusty/Smoggy,Street Light,Truck/Lorry,2,Drunk Driving,0,1,1,1,1,0,Medium
2018,5,Thursday,13,Punjab,Sargodha,Provincial Highway,Poor,Rainy,Daylight,Motorcycle,2,Over Speeding,1,0,0,0,3,1,High
2019,9,Thursday,12,Sindh,Mirpur Khas,Rural Road,Average,Clear,Daylight,Car/Taxi,1,Over Speeding,1,0,0,0,1,0,Low
2018,4,Wednesday,16,Balochistan,Dera Bugti,National Highway,Good,Clear,Daylight,Car/Taxi,1,Over Speeding,0,0,0,0,11,0,High
2022,7,Thursday,15,Punjab,Sheikhupura,National Highway,Average,Clear,Daylight,Car/Taxi,3,Driver Fatigue,0,0,0,0,2,1,Medium
2021,2,Friday,12,Punjab,Multan,Motorway,Good,Foggy,Daylight,Car/Taxi,2,Signal Violation,1,0,0,1,3,0,Medium
2019,8,Friday,20,Sindh,Nawabshah,Rural Road,Poor,Clear,No Light,Motorcycle,1,Over Speeding,1,0,0,0,2,2,High
2023,7,Saturday,23,Punjab,Faisalabad,Provincial Highway,Good,Clear,No Light,Motorcycle,3,Drunk Driving,0,1,1,0,2,1,High
2019,3,Monday,12,KPK,Peshawar,Motorway,Good,Rainy,Dawn/Dusk,Motorcycle,3,Mobile Phone Use,1,0,0,0,3,0,Medium
2021,12,Friday,20,Islamabad,Islamabad,Provincial Highway,Average,Extreme Heat,No Light,Motorcycle,1,Driver Fatigue,1,0,0,1,4,3,High
2018,7,Wednesday,8,Sindh,Karachi,Provincial Highway,Good,Rainy,Daylight,Rickshaw,1,Wrong Overtaking,1,0,0,0,3,2,Medium
2019,1,Tuesday,14,Sindh,Larkana,Provincial Highway,Good,Foggy,Daylight,Car/Taxi,3,Wrong Overtaking,0,0,0,1,1,2,Medium
2022,1,Friday,13,Sindh,Dadu,Urban Road,Under Repair,Clear,Daylight,Bicycle,1,Mobile Phone Use,1,0,0,1,2,1,Medium
2023,8,Wednesday,6,Punjab,Rawalpindi,Provincial Highway,Average,Clear,Daylight,Rickshaw,2,Over Speeding,0,0,0,0,0,1,Low
2018,12,Friday,12,Punjab,Rawalpindi,Rural Road,Average,Clear,Daylight,Bus/Coach,1,Wrong Overtaking,1,0,0,1,3,0,Medium
2023,2,Sunday,20,Balochistan,Loralai,Urban Road,Average,Clear,Street Light,Car/Taxi,1,Mechanical Failure,1,1,0,1,2,0,Low
2023,6,Saturday,13,KPK,Charsadda,National Highway,Poor,Clear,Daylight,Car/Taxi,2,Wrong Overtaking,1,1,0,0,1,0,Medium
2022,12,Thursday,19,Punjab,Sialkot,National Highway,Under Repair,Clear,Street Light,Bus/Coach,2,Over Speeding,1,0,0,1,11,3,High
2023,8,Tuesday,23,Punjab,Lahore,Motorway,Average,Clear,Street Light,Bus/Coach,1,Over Speeding,0,0,1,0,9,0,High
2022,12,Friday,14,KPK,Mansehra,National Highway,Poor,Dusty/Smoggy,Daylight,Truck/Lorry,3,Drunk Driving,0,0,0,1,11,1,High