year,month,day_of_week,hour_of_day,province,district,road_type,road_condition,weather_condition,lighting_condition,vehicle_type,vehicles_involved,accident_cause,is_rush_hour,is_weekend,is_night,is_foggy_month,num_injured,num_killed,severity
2022,9,Sunday,16,KPK,Charsadda,Urban Road,Poor,Foggy,Daylight,Motorcycle,2,Mechanical Failure,0,1,0,0,0,0,Low
2022,6,Sunday,18,KPK,Kohat,Motorway,Average,Rainy,Daylight,Motorcycle,3,Over Speeding,1,1,0,0,8,2,High
2020,4,Tuesday,20,Punjab,Bahawalpur,National Highway,Good,Clear,Street Light,Bicycle,1,Mechanical Failure,1,0,0,0,5,2,High
2018,6,Thursday,10,Islamabad,Islamabad,Rural Road,Good,Foggy,Street Light,Car/Taxi,3,Road Condition,0,0,0,0,2,0,Low
2023,3,Thursday,13,Sindh,Karachi,Urban Road,Average,Rainy,Daylight,Bus/Coach,2,Road Condition,1,0,0,0,5,0,Medium
2021,12,Saturday,8,KPK,Swat,National Highway,Good,Rainy,Street Light,Truck/Lorry,3,Driver Fatigue,1,1,0,1,3,1,High
2023,12,Saturday,13,Sindh,Dadu,Urban Road,Under Repair,Foggy,Daylight,Bicycle,1,Signal Violation,1,1,0,1,1,0,Medium
2018,2,Wednesday,5,Punjab,Rahim Yar Khan,Rural Road,Average,Clear,Dawn/Dusk,Car/Taxi,1,Signal Violation,0,0,1,1,2,0,Low
2020,9,Tuesday,12,Islamabad,Islamabad,Provincial Highway,Under Repair,Clear,Daylight,Van/Pickup,2,Wrong Overtaking,1,0,0,0,3,0,Medium
2022,1,Monday,5,Punjab,Gujranwala,Urban Road,Average,Clear,Dawn/Dusk,Truck/Lorry,3,Over Speeding,0,0,1,1,6,0,High
2018,8,Tuesday,12,Punjab,Rahim Yar Khan,Provincial Highway,Average,Dusty/Smoggy,Dawn/Dusk,Bus/Coach,3,Over Speeding,1,0,0,0,1,0,Medium
2020,7,Wednesday,10,KPK,Dera Ismail Khan,Provincial Highway,Good,Clear,Street Light,Motorcycle,3,Wrong Overtaking,0,0,0,0,1,1,Medium
2021,1,Sunday,13,Sindh,Sukkur,Urban Road,Good,Clear,Daylight,Van/Pickup,3,Wrong Overtaking,1,1,0,1,2,0,Low
2019,6,Saturday,12,KPK,Abbottabad,National Highway,Good,Clear,Dawn/Dusk,Bus/Coach,2,Signal Violation,1,1,0,0,4,0,Medium
2018,6,Tuesday,12,Sindh,Dadu,Urban Road,Under Repair,Rainy,Daylight,Truck/Lorry,1,Road Condition,1,0,0,0,2,0,Medium
2022,12,Tuesday,6,Punjab,Lahore,National Highway,Good,Clear,Daylight,Motorcycle,3,Wrong Overtaking,0,0,0,1,1,1,Medium
2023,1,Thursday,0,Islamabad,Islamabad,Rural Road,Good,Clear,Street Light,Car/Taxi,1,Mobile Phone Use,0,0,1,1,1,0,Low
2020,7,Saturday,18,Punjab,Sialkot,Urban Road,Average,Foggy,Daylight,Motorcycle,3,Over Speeding,1,1,0,0,1,2,Medium
2020,11,Friday,14,Balochistan,Zhob,National Highway,Average,Rainy,Daylight,Van/Pickup,2,Road Condition,0,0,0,1,5,0,Medium
2020,9,Saturday,23,Punjab,Rahim Yar Khan,Urban Road,Good,Foggy,Street Light,Motorcycle,1,Over Speeding,0,1,1,0,10,3,High
2023,5,Tuesday,20,Balochistan,Chaman,Rural Road,Good,Dusty/Smoggy,Street Light,Car/Taxi,3,Signal Violation,1,0,0,0,1,0,Low
2019,8,Sunday,17,Punjab,Bahawalpur,Provincial Highway,Poor,Dusty/Smoggy,Daylight,Motorcycle,1,Weather Condition,1,1,0,0,5,1,Medium
2021,8,Saturday,19,Sindh,Karachi,Rural Road,Good,Clear,Street Light,Rickshaw,2,Over Speeding,1,1,0,0,5,1,Medium
2018,1,Saturday,18,Balochistan,Loralai,Rural Road,Average,Clear,Street Light,Truck/Lorry,2,Pedestrian Error,1,1,0,1,2,0,Low
2020,12,Friday,23,Sindh,Kashmore,Provincial Highway,Good,Clear,Street Light,Motorcycle,1,Weather Condition,0,0,1,1,4,1,High
2018,4,Monday,19,KPK,Peshawar,Rural Road,Good,Clear,Street Light,Motorcycle,1,Driver Fatigue,1,0,0,0,2,0,High
2019,4,Tuesday,21,KPK,Charsadda,Rural Road,Average,Rainy,Street Light,Motorcycle,1,Wrong Overtaking,0,0,0,0,3,0,Medium
2020,7,Sunday,20,KPK,Kohat,Urban Road,Good,Rainy,No Light,Bus/Coach,3,Driver Fatigue,1,1,0,0,3,0,Medium
2021,5,Friday,20,Islamabad,Islamabad,National Highway,Good,Clear,Street Light,Rickshaw,2,Road Condition,1,0,0,0,2,1,Medium
2020,10,Saturday,19,Sindh,Hyderabad,Rural Road,Good,Clear,No Light,Bicycle,2,Wrong Overtaking,1,1,0,0,2,0,Low
2022,5,Tuesday,11,Punjab,Rawalpindi,National Highway,Good,Clear,Dawn/Dusk,Motorcycle,2,Mechanical Failure,0,0,0,0,5,0,Medium
2018,8,Friday,7,Punjab,Sheikhupura,Motorway,Average,Clear,Daylight,Bus/Coach,2,Over Speeding,1,0,0,0,9,1,High
2018,2,Sunday,16,Punjab,Faisalabad,Provincial Highway,Average,Rainy,Daylight,Motorcycle,3,Wrong Overtaking,0,1,0,1,6,2,High
2020,12,Thursday,10,Punjab,Multan,National Highway,Under Repair,Clear,Street Light,Rickshaw,4,Signal Violation,0,0,0,1,0,0,Low
2019,3,Saturday,11,Sindh,Jacobabad,National Highway,Poor,Rainy,Daylight,Motorcycle,1,Wrong Overtaking,0,1,0,0,6,1,High
2020,9,Sunday,14,Punjab,Bahawalpur,National Highway,Poor,Clear,Daylight,Car/Taxi,1,Over Speeding,0,1,0,0,6,2,High
2022,6,Thursday,13,Punjab,Rawalpindi,Rural Road,Good,Clear,No Light,Motorcycle,1,Signal Violation,1,0,0,0,2,0,Medium
2019,12,Saturday,12,Punjab,Rahim Yar Khan,National Highway,Good,Clear,Street Light,Rickshaw,2,Driver Fatigue,1,1,0,1,1,1,Medium
2021,6,Tuesday,7,KPK,Dera Ismail Khan,National Highway,Good,Clear,Daylight,Bicycle,3,Wrong Overtaking,1,0,0,0,5,0,Medium
2023,1,Monday,5,Sindh,Dadu,Provincial Highway,Good,Foggy,Street Light,Car/Taxi,2,Weather Condition,0,0,1,1,2,1,Medium
2019,12,Tuesday,17,Punjab,Bahawalpur,National Highway,Under Repair,Clear,Daylight,Car/Taxi,2,Driver Fatigue,1,0,0,1,2,0,Medium
2022,1,Thursday,23,Balochistan,Zhob,National Highway,Average,Clear,No Light,Bus/Coach,4,Pedestrian Error,0,0,1,1,6,0,High
2023,8,Sunday,21,Punjab,Bahawalpur,National Highway,Poor,Clear,No Light,Truck/Lorry,1,Mechanical Failure,0,1,0,0,2,0,Medium
2022,8,Sunday,17,AJK,Rawalakot,National Highway,Good,Foggy,Dawn/Dusk,Car/Taxi,2,Over Speeding,1,1,0,0,3,2,Medium
2020,4,Monday,15,Sindh,Kashmore,Urban Road,Under Repair,Clear,Daylight,Motorcycle,3,Signal Violation,0,0,0,0,1,0,Low
2022,12,Tuesday,21,Punjab,Bahawalpur,National Highway,Under Repair,Clear,Street Light,Truck/Lorry,3,Over Speeding,0,0,0,1,2,2,High
2022,1,Thursday,20,KPK,Abbottabad,Provincial Highway,Under Repair,Clear,No Light,Rickshaw,2,Pedestrian Error,1,0,0,1,0,0,Low
2020,7,Tuesday,14,KPK,Nowshera,Urban Road,Good,Foggy,Daylight,Rickshaw,1,Pedestrian Error,0,0,0,0,0,0,Low
2022,10,Sunday,21,Sindh,Thatta,Provincial Highway,Poor,Rainy,No Light,Rickshaw,3,Over Speeding,0,1,0,0,5,0,Medium
2022,11,Wednesday,13,Balochistan,Zhob,Provincial Highway,Poor,Foggy,Dawn/Dusk,Car/Taxi,1,Over Speeding,1,0,0,1,9,0,High
2021,11,Friday,12,Punjab,Sialkot,Urban Road,Poor,Clear,Daylight,Motorcycle,3,Road Condition,1,0,0,1,1,0,Low
2023,6,Tuesday,7,Punjab,Sargodha,Rural Road,Good,Clear,Street Light,Bus/Coach,1,Signal Violation,1,0,0,0,2,0,Medium
2020,3,Sunday,21,Punjab,Multan,Urban Road,Good,Clear,No Light,Truck/Lorry,1,Road Condition,0,1,0,0,2,0,Low
2022,7,Wednesday,15,Punjab,Rahim Yar Khan,Provincial Highway,Poor,Clear,Daylight,Rickshaw,1,Wrong Overtaking,0,0,0,0,2,0,Low
2020,10,Monday,2,Punjab,Rahim Yar Khan,Provincial Highway,Good,Clear,Street Light,Motorcycle,2,Wrong Overtaking,0,0,1,0,5,1,Medium
2021,7,Sunday,3,Balochistan,Sibi,Rural Road,Poor,Clear,No Light,Motorcycle,2,Pedestrian Error,0,1,1,0,2,1,Medium
2020,5,Monday,15,Punjab,Rawalpindi,Provincial Highway,Good,Foggy,No Light,Car/Taxi,1,Wrong Overtaking,0,0,0,0,1,0,Low
2022,12,Wednesday,22,Sindh,Jacobabad,National Highway,Poor,Clear,No Light,Bus/Coach,1,Over Speeding,0,0,1,1,6,4,High
2022,7,Saturday,17,Sindh,Dadu,National Highway,Poor,Clear,Dawn/Dusk,Motorcycle,2,Over Speeding,1,1,0,0,6,2,High
2019,3,Wednesday,6,Balochistan,Chaman,Urban Road,Good,Rainy,Daylight,Van/Pickup,2,Over Speeding,0,0,0,0,5,0,Medium
2020,3,Tuesday,11,Gilgit-Baltistan,Hunza,National Highway,Good,Clear,Street Light,Car/Taxi,1,Signal Violation,0,0,0,0,2,0,Medium
2020,7,Friday,16,KPK,Kohat,Urban Road,Under Repair,Clear,Daylight,Motorcycle,3,Wrong Overtaking,0,0,0,0,0,1,Low
2022,4,Friday,17,AJK,Mirpur,National Highway,Poor,Clear,Daylight,Motorcycle,2,Pedestrian Error,1,0,0,0,2,1,Medium
2023,10,Friday,9,KPK,Mardan,Provincial Highway,Good,Clear,Daylight,Motorcycle,1,Wrong Overtaking,1,0,0,0,3,1,Medium
2018,3,Sunday,11,Islamabad,Islamabad,Provincial Highway,Good,Clear,Dawn/Dusk,Truck/Lorry,1,Over Speeding,0,1,0,0,6,0,High
2022,10,Thursday,1,KPK,Swat,National Highway,Good,Dusty/Smoggy,Street Light,Car/Taxi,1,Over Speeding,0,0,1,0,10,0,High
2019,4,Saturday,5,Punjab,Gujranwala,Motorway,Average,Clear,Dawn/Dusk,Motorcycle,1,Signal Violation,0,1,1,0,7,2,High
2023,2,Thursday,0,Punjab,Multan,National Highway,Average,Clear,No Light,Motorcycle,2,Wrong Overtaking,0,0,1,1,9,2,High
2019,1,Saturday,14,Sindh,Hyderabad,National Highway,Under Repair,Foggy,Daylight,Motorcycle,2,Over Speeding,0,1,0,1,7,1,High
2019,8,Sunday,15,Punjab,Multan,National Highway,Good,Clear,Daylight,Car/Taxi,4,Pedestrian Error,0,1,0,0,0,0,Low
2023,12,Monday,6,Punjab,Gujranwala,National Highway,Poor,Clear,Daylight,Motorcycle,2,Wrong Overtaking,0,0,0,1,2,0,Medium
2019,3,Monday,1,Sindh,Larkana,Rural Road,Under Repair,Clear,Street Light,Motorcycle,2,Wrong Overtaking,0,0,1,0,1,0,Medium
2019,12,Saturday,12,Islamabad,Islamabad,National Highway,Poor,Clear,Street Light,Motorcycle,2,Pedestrian Error,1,1,0,1,5,0,Medium
2019,1,Monday,13,Punjab,Sialkot,Urban Road,Poor,Clear,Dawn/Dusk,Bicycle,1,Road Condition,1,0,0,1,0,0,Low
2018,12,Thursday,17,KPK,Dera Ismail Khan,Urban Road,Poor,Clear,Daylight,Car/Taxi,2,Over Speeding,1,0,0,1,4,0,Medium
2018,5,Friday,16,KPK,Nowshera,Urban Road,Poor,Foggy,Daylight,Motorcycle,2,Drunk Driving,0,0,0,0,3,2,High
2021,8,Saturday,17,Islamabad,Islamabad,National Highway,Average,Dusty/Smoggy,Daylight,Motorcycle,2,Pedestrian Error,1,1,0,0,3,0,Medium
2022,8,Friday,10,Islamabad,Islamabad,National Highway,Good,Rainy,Daylight,Car/Taxi,2,Over Speeding,0,0,0,0,5,0,Medium
2021,3,Monday,8,KPK,Kohat,Provincial Highway,Average,Clear,Dawn/Dusk,Car/Taxi,1,Wrong Overtaking,1,0,0,0,1,1,Medium
2020,10,Saturday,18,Sindh,Dadu,National Highway,Average,Foggy,Daylight,Car/Taxi,1,Pedestrian Error,1,1,0,0,1,0,Medium
2022,10,Saturday,21,Punjab,Multan,National Highway,Poor,Dusty/Smoggy,No Light,Car/Taxi,2,Mechanical Failure,0,1,0,0,1,0,Low
2022,2,Friday,1,Sindh,Kashmore,Urban Road,Under Repair,Dusty/Smoggy,No Light,Rickshaw,2,Drunk Driving,0,0,1,1,4,2,Medium
2022,9,Monday,19,KPK,Mardan,Provincial Highway,Under Repair,Clear,Street Light,Car/Taxi,1,Over Speeding,1,0,0,0,1,0,Medium
2018,10,Monday,19,Balochistan,Dera Bugti,National Highway,Poor,Clear,Dawn/Dusk,Truck/Lorry,4,Signal Violation,1,0,0,0,1,0,Medium
2021,8,Sunday,9,KPK,Charsadda,Provincial Highway,Poor,Dusty/Smoggy,Daylight,Motorcycle,1,Driver Fatigue,1,1,0,0,7,1,High
2022,10,Sunday,2,Punjab,Multan,National Highway,Poor,Rainy,No Light,Car/Taxi,3,Over Speeding,0,1,1,0,6,0,High
2023,3,Sunday,8,Sindh,Larkana,Provincial Highway,Good,Rainy,Daylight,Rickshaw,2,Wrong Overtaking,1,1,0,0,3,0,Medium
2022,6,Sunday,18,Punjab,Rawalpindi,Provincial Highway,Average,Clear,Daylight,Motorcycle,3,Road Condition,1,1,0,0,3,0,Medium
2022,12,Tuesday,12,Punjab,Sheikhupura,Rural Road,Good,Clear,Daylight,Motorcycle,2,Pedestrian Error,1,0,0,1,0,0,Low
2019,4,Friday,13,Punjab,Multan,Urban Road,Poor,Foggy,Daylight,Rickshaw,2,Wrong Overtaking,1,0,0,0,1,0,Low
2021,12,Wednesday,12,Punjab,Faisalabad,Urban Road,Good,Clear,Daylight,Bus/Coach,1,Mobile Phone Use,1,0,0,1,2,0,Low
2021,8,Monday,9,Balochistan,Quetta,National Highway,Average,Clear,Daylight,Truck/Lorry,4,Over Speeding,1,0,0,0,3,1,Medium
2018,4,Thursday,8,Punjab,Lahore,Provincial Highway,Average,Rainy,Daylight,Motorcycle,2,Wrong Overtaking,1,0,0,0,2,0,Medium
2023,3,Friday,7,Punjab,Bahawalpur,Rural Road,Good,Clear,Street Light,Car/Taxi,3,Signal Violation,1,0,0,0,1,0,Low
2020,6,Saturday,2,Islamabad,Islamabad,Urban Road,Under Repair,Clear,No Light,Motorcycle,2,Mechanical Failure,0,1,1,0,1,0,Medium
2018,10,Monday,0,Punjab,Lahore,National Highway,Good,Clear,No Light,Motorcycle,2,Mechanical Failure,0,0,1,0,6,3,High
2022,4,Saturday,10,Punjab,Gujranwala,Urban Road,Average,Clear,No Light,Motorcycle,1,Driver Fatigue,0,1,0,0,3,1,Medium
2023,5,Saturday,21,Punjab,Bahawalpur,National Highway,Poor,Clear,No Light,Motorcycle,2,Road Condition,0,1,0,0,1,0,Medium
2021,4,Wednesday,19,Punjab,Sargodha,Rural Road,Under Repair,Rainy,Dawn/Dusk,Bus/Coach,2,Road Condition,1,0,0,0,2,1,Medium
2018,12,Sunday,18,Punjab,Sargodha,Provincial Highway,Good,Clear,Daylight,Bus/Coach,1,Wrong Overtaking,1,1,0,1,1,0,Low
2021,4,Tuesday,1,Punjab,Bahawalpur,Motorway,Poor,Dusty/Smoggy,No Light,Motorcycle,2,Over Speeding,0,0,1,0,5,0,High
2022,1,Saturday,13,Sindh,Sukkur,National Highway,Poor,Clear,No Light,Motorcycle,2,Over Speeding,1,1,0,1,3,2,High
2018,7,Tuesday,7,Punjab,Gujranwala,National Highway,Average,Clear,Daylight,Rickshaw,2,Wrong Overtaking,1,0,0,0,0,0,Low
2022,1,Saturday,22,Punjab,Faisalabad,Provincial Highway,Poor,Foggy,Street Light,Motorcycle,2,Over Speeding,0,1,1,1,9,0,High
2023,6,Monday,13,Balochistan,Hub,Provincial Highway,Good,Clear,Daylight,Motorcycle,2,Signal Violation,1,0,0,0,5,2,High
2022,6,Thursday,21,Sindh,Mirpur Khas,Urban Road,Average,Extreme Heat,No Light,Car/Taxi,2,Road Condition,0,0,0,0,1,0,Low
2021,1,Tuesday,4,Balochistan,Turbat,Urban Road,Good,Clear,No Light,Car/Taxi,1,Over Speeding,0,0,1,1,1,0,Low
2022,5,Thursday,10,Sindh,Kashmore,Provincial Highway,Average,Clear,Daylight,Motorcycle,1,Mechanical Failure,0,0,0,0,4,1,Medium
2019,4,Wednesday,6,Punjab,Sialkot,National Highway,Good,Foggy,No Light,Motorcycle,1,Signal Violation,0,0,0,0,9,2,High
2023,3,Thursday,11,KPK,Peshawar,Rural Road,Average,Foggy,Daylight,Motorcycle,2,Mobile Phone Use,0,0,0,0,0,0,Low
2021,1,Wednesday,10,Punjab,Bahawalpur,Provincial Highway,Good,Clear,Daylight,Bus/Coach,2,Mobile Phone Use,0,0,0,1,3,1,Medium
2022,7,Tuesday,12,Punjab,Lahore,National Highway,Poor,Clear,Daylight,Motorcycle,2,Road Condition,1,0,0,0,3,0,Medium
2019,6,Thursday,18,Sindh,Sukkur,National Highway,Poor,Clear,Daylight,Bus/Coach,2,Over Speeding,1,0,0,0,10,0,High
2020,12,Friday,23,Sindh,Karachi,Provincial Highway,Under Repair,Rainy,No Light,Car/Taxi,2,Wrong Overtaking,0,0,1,1,1,1,Medium
2022,10,Sunday,19,KPK,Mardan,National Highway,Average,Clear,Dawn/Dusk,Truck/Lorry,1,Signal Violation,1,1,0,0,4,0,Medium
2021,1,Saturday,13,Balochistan,Loralai,Rural Road,Average,Foggy,Daylight,Car/Taxi,3,Signal Violation,1,1,0,1,2,1,Medium
2019,12,Sunday,8,Punjab,Sargodha,Rural Road,Average,Clear,No Light,Truck/Lorry,3,Over Speeding,1,1,0,1,3,1,Medium
2023,7,Monday,18,Sindh,Mirpur Khas,Rural Road,Good,Foggy,Daylight,Motorcycle,1,Over Speeding,1,0,0,0,2,0,Medium
2020,9,Sunday,17,Sindh,Mirpur Khas,Rural Road,Good,Extreme Heat,Daylight,Car/Taxi,2,Signal Violation,1,1,0,0,2,0,Low
2023,9,Saturday,21,AJK,Mirpur,National Highway,Good,Foggy,Street Light,Car/Taxi,2,Driver Fatigue,0,1,0,0,3,0,High
2021,8,Thursday,7,KPK,Nowshera,Provincial Highway,Average,Clear,Street Light,Van/Pickup,4,Wrong Overtaking,1,0,0,0,1,0,Low
2020,1,Saturday,3,Balochistan,Dera Bugti,National Highway,Good,Foggy,No Light,Rickshaw,1,Signal Violation,0,1,1,1,5,0,High
2020,12,Saturday,17,Punjab,Rahim Yar Khan,National Highway,Good,Clear,No Light,Rickshaw,2,Mobile Phone Use,1,1,0,1,2,0,Low
2022,5,Thursday,20,KPK,Kohat,National Highway,Average,Foggy,Street Light,Motorcycle,2,Drunk Driving,1,0,0,0,2,1,High
2018,2,Tuesday,11,Punjab,Bahawalpur,National Highway,Under Repair,Clear,Dawn/Dusk,Rickshaw,2,Over Speeding,0,0,0,1,5,2,Medium
2020,6,Friday,12,Punjab,Rawalpindi,Provincial Highway,Average,Clear,Dawn/Dusk,Motorcycle,1,Over Speeding,1,0,0,0,2,2,High
2019,5,Sunday,1,Islamabad,Islamabad,National Highway,Poor,Rainy,No Light,Van/Pickup,3,Signal Violation,0,1,1,0,2,1,Medium
2018,10,Saturday,9,Punjab,Faisalabad,Provincial Highway,Good,Rainy,Daylight,Car/Taxi,4,Wrong Overtaking,1,1,0,0,1,0,Low
2021,12,Thursday,16,Islamabad,Islamabad,National Highway,Good,Foggy,Daylight,Other,2,Wrong Overtaking,0,0,0,1,11,2,High
2023,11,Sunday,16,Punjab,Rahim Yar Khan,Rural Road,Good,Clear,Daylight,Truck/Lorry,2,Wrong Overtaking,0,1,0,1,2,1,Medium
2021,2,Friday,9,KPK,Swat,Provincial Highway,Good,Clear,Dawn/Dusk,Bus/Coach,1,Signal Violation,1,0,0,1,1,0,Low
2023,5,Monday,8,Punjab,Sargodha,Urban Road,Good,Clear,Daylight,Bicycle,2,Wrong Overtaking,1,0,0,0,0,0,Low
2023,7,Sunday,8,Punjab,Sheikhupura,Provincial Highway,Average,Extreme Heat,Daylight,Motorcycle,2,Road Condition,1,1,0,0,1,0,Low
2022,1,Monday,18,Punjab,Rawalpindi,Provincial Highway,Poor,Clear,Daylight,Bus/Coach,1,Signal Violation,1,0,0,1,2,0,Medium
2021,5,Thursday,20,Sindh,Sukkur,Provincial Highway,Good,Foggy,Street Light,Motorcycle,1,Wrong Overtaking,1,0,0,0,4,2,High
2022,12,Monday,17,Punjab,Sargodha,National Highway,Under Repair,Dusty/Smoggy,No Light,Bus/Coach,1,Road Condition,1,0,0,1,5,0,Medium
2023,1,Wednesday,18,Sindh,Karachi,National Highway,Good,Clear,Daylight,Rickshaw,2,Signal Violation,1,0,0,1,4,1,Medium
2018,7,Saturday,18,Punjab,Sargodha,Rural Road,Average,Clear,Daylight,Motorcycle,1,Signal Violation,1,1,0,0,1,0,Low
2023,10,Friday,19,Punjab,Faisalabad,Urban Road,Good,Dusty/Smoggy,No Light,Motorcycle,3,Pedestrian Error,1,0,0,0,1,0,Low
2018,6,Saturday,20,Punjab,Rahim Yar Khan,National Highway,Under Repair,Clear,Street Light,Motorcycle,1,Signal Violation,1,1,0,0,5,2,Medium
2022,1,Friday,19,Punjab,Lahore,National Highway,Poor,Dusty/Smoggy,Dawn/Dusk,Car/Taxi,3,Drunk Driving,1,0,0,1,6,2,High
2023,8,Friday,18,KPK,Dera Ismail Khan,Provincial Highway,Good,Foggy,Street Light,Motorcycle,4,Wrong Overtaking,1,0,0,0,2,2,High
2023,4,Saturday,8,Balochistan,Sibi,National Highway,Good,Clear,Dawn/Dusk,Other,2,Pedestrian Error,1,1,0,0,1,0,Low
2021,11,Monday,19,Punjab,Lahore,Urban Road,Good,Clear,Street Light,Bus/Coach,3,Driver Fatigue,1,0,0,1,2,0,Low
2022,7,Saturday,18,Sindh,Thatta,Provincial Highway,Good,Clear,Street Light,Car/Taxi,3,Drunk Driving,1,1,0,0,3,1,Medium
2018,4,Wednesday,9,KPK,Dera Ismail Khan,Urban Road,Good,Rainy,No Light,Car/Taxi,2,Wrong Overtaking,1,0,0,0,1,0,Low
2020,2,Thursday,20,Punjab,Sargodha,Provincial Highway,Average,Clear,No Light,Car/Taxi,2,Road Condition,1,0,0,1,0,0,Low
2023,8,Sunday,15,Punjab,Rahim Yar Khan,National Highway,Average,Extreme Heat,Street Light,Motorcycle,2,Pedestrian Error,0,1,0,0,1,0,Medium
2023,2,Friday,3,Sindh,Dadu,Motorway,Poor,Foggy,No Light,Car/Taxi,2,Pedestrian Error,0,0,1,1,3,0,Medium
2023,7,Friday,14,Punjab,Gujranwala,National Highway,Poor,Clear,Daylight,Car/Taxi,2,Road Condition,0,0,0,0,1,0,Low
2020,10,Wednesday,19,Punjab,Rawalpindi,Rural Road,Average,Clear,Street Light,Other,2,Mobile Phone Use,1,0,0,0,0,1,Low
2020,1,Monday,9,Punjab,Lahore,Urban Road,Under Repair,Clear,Daylight,Motorcycle,1,Wrong Overtaking,1,0,0,1,3,1,Medium
2023,12,Friday,11,Sindh,Hyderabad,Provincial Highway,Poor,Clear,No Light,Car/Taxi,1,Signal Violation,0,0,0,1,0,0,Low
2023,2,Sunday,19,Punjab,Sialkot,Rural Road,Good,Rainy,Dawn/Dusk,Truck/Lorry,2,Driver Fatigue,1,1,0,1,5,0,Medium
2022,5,Wednesday,8,Punjab,Bahawalpur,National Highway,Poor,Foggy,Daylight,Bus/Coach,2,Signal Violation,1,0,0,0,10,1,High
2020,1,Tuesday,4,Punjab,Sheikhupura,National Highway,Poor,Clear,No Light,Motorcycle,2,Driver Fatigue,0,0,1,1,7,3,High
2019,8,Friday,11,Punjab,Bahawalpur,Urban Road,Under Repair,Dusty/Smoggy,Daylight,Motorcycle,3,Over Speeding,0,0,0,0,3,0,Medium
2022,7,Thursday,19,Punjab,Faisalabad,Provincial Highway,Good,Clear,Street Light,Motorcycle,1,Wrong Overtaking,1,0,0,0,5,1,Medium
2019,6,Sunday,9,Balochistan,Quetta,Provincial Highway,Average,Clear,Daylight,Motorcycle,1,Wrong Overtaking,1,1,0,0,1,1,Medium
2023,1,Wednesday,18,Punjab,Rahim Yar Khan,Rural Road,Poor,Clear,Dawn/Dusk,Motorcycle,2,Mobile Phone Use,1,0,0,1,5,1,Medium
2023,9,Tuesday,8,Sindh,Larkana,Urban Road,Average,Foggy,Daylight,Motorcycle,2,Signal Violation,1,0,0,0,5,0,Medium
2022,12,Monday,1,Punjab,Gujranwala,Provincial Highway,Average,Clear,No Light,Car/Taxi,2,Pedestrian Error,0,0,1,1,0,0,Low
2023,11,Tuesday,9,KPK,Dera Ismail Khan,Urban Road,Good,Clear,Street Light,Motorcycle,2,Over Speeding,1,0,0,1,2,1,Medium
2023,8,Sunday,8,Sindh,Nawabshah,Urban Road,Good,Clear,Dawn/Dusk,Car/Taxi,1,Road Condition,1,1,0,0,0,0,Low
2022,8,Wednesday,7,Punjab,Multan,National Highway,Good,Clear,Street Light,Motorcycle,2,Signal Violation,1,0,0,0,8,0,High
2020,10,Saturday,19,Balochistan,Hub,National Highway,Good,Clear,Street Light,Car/Taxi,1,Over Speeding,1,1,0,0,9,0,High
2022,4,Sunday,16,Sindh,Thatta,Provincial Highway,Poor,Clear,Daylight,Car/Taxi,1,Over Speeding,0,1,0,0,1,0,Medium
2020,6,Wednesday,21,KPK,Dera Ismail Khan,Urban Road,Average,Foggy,Street Light,Bus/Coach,1,Over Speeding,0,0,0,0,4,0,High
2020,3,Wednesday,6,Punjab,Rawalpindi,Rural Road,Good,Clear,Daylight,Motorcycle,1,Pedestrian Error,0,0,0,0,1,0,Medium
2022,3,Saturday,13,AJK,Muzaffarabad,Urban Road,Good,Foggy,Daylight,Motorcycle,1,Drunk Driving,1,1,0,0,10,0,High
2018,3,Saturday,14,KPK,Bannu,Urban Road,Under Repair,Clear,Daylight,Bus/Coach,2,Mechanical Failure,0,1,0,0,2,0,Low
2018,3,Sunday,19,Islamabad,Islamabad,Provincial Highway,Good,Foggy,Dawn/Dusk,Motorcycle,3,Signal Violation,1,1,0,0,3,3,High
2019,7,Wednesday,14,Sindh,Dadu,Rural Road,Good,Dusty/Smoggy,Dawn/Dusk,Rickshaw,1,Road Condition,0,0,0,0,0,0,Low
2022,4,Saturday,9,Sindh,Hyderabad,Rural Road,Average,Extreme Heat,No Light,Van/Pickup,2,Pedestrian Error,1,1,0,0,1,0,Low
2023,12,Thursday,19,KPK,Abbottabad,Provincial Highway,Average,Clear,Daylight,Motorcycle,1,Wrong Overtaking,1,0,0,1,3,0,Medium
2020,10,Sunday,8,Balochistan,Chaman,Urban Road,Good,Clear,Daylight,Rickshaw,3,Pedestrian Error,1,1,0,0,0,0,Low
2022,1,Tuesday,14,Islamabad,Islamabad,Urban Road,Under Repair,Foggy,Daylight,Car/Taxi,2,Over Speeding,0,0,0,1,0,0,Low
2022,1,Thursday,18,Punjab,Rawalpindi,National Highway,Average,Clear,Daylight,Motorcycle,1,Signal Violation,1,0,0,1,8,1,High
2018,6,Saturday,9,KPK,Abbottabad,National Highway,Good,Clear,Daylight,Car/Taxi,1,Weather Condition,1,1,0,0,1,0,Medium
2022,12,Saturday,14,Punjab,Sialkot,Motorway,Good,Foggy,Daylight,Motorcycle,2,Over Speeding,0,1,0,1,5,1,High
2020,11,Tuesday,18,Sindh,Nawabshah,Rural Road,Under Repair,Rainy,Dawn/Dusk,Rickshaw,3,Over Speeding,1,0,0,1,4,0,Medium
2018,9,Tuesday,4,Punjab,Sargodha,Urban Road,Poor,Clear,Street Light,Bus/Coach,3,Wrong Overtaking,0,0,1,0,4,1,Medium