year,month,day_of_week,hour_of_day,province,district,road_type,road_condition,weather_condition,lighting_condition,vehicle_type,vehicles_involved,accident_cause,is_rush_hour,is_weekend,is_night,is_foggy_month,num_injured,num_killed,severity
2019,10,Monday,7,Punjab,Rahim Yar Khan,Rural Road,Under Repair,Foggy,Daylight,Motorcycle,2,Wrong Overtaking,1,0,0,0,8,0,High
2020,2,Wednesday,13,Islamabad,Islamabad,Urban Road,Good,Clear,Daylight,Car/Taxi,2,Road Condition,1,0,0,1,0,0,Low
2023,2,Friday,6,Punjab,Multan,Rural Road,Under Repair,Clear,Daylight,Rickshaw,2,Pedestrian Error,0,0,0,1,0,0,Low
2022,4,Monday,19,Sindh,Mirpur Khas,National Highway,Good,Dusty/Smoggy,Street Light,Car/Taxi,2,Drunk Driving,1,0,0,0,9,0,High
2023,6,Wednesday,20,Sindh,Kashmore,Provincial Highway,Poor,Rainy,No Light,Rickshaw,1,Signal Violation,1,0,0,0,1,0,Medium
2023,6,Thursday,7,Punjab,Rawalpindi,Provincial Highway,Good,Clear,Street Light,Bicycle,3,Over Speeding,1,0,0,0,10,2,High
2023,6,Thursday,20,Punjab,Faisalabad,Provincial Highway,Average,Foggy,No Light,Car/Taxi,1,Road Condition,1,0,0,0,0,0,Low
2019,7,Sunday,3,Sindh,Sukkur,Urban Road,Average,Rainy,No Light,Rickshaw,2,Wrong Overtaking,0,1,1,0,4,0,Medium
2023,9,Sunday,7,Punjab,Rawalpindi,Provincial Highway,Good,Clear,Daylight,Van/Pickup,1,Over Speeding,1,1,0,0,1,0,Low
2022,6,Thursday,23,KPK,Mardan,Rural Road,Poor,Dusty/Smoggy,Street Light,Bus/Coach,1,Road Condition,0,0,1,0,1,0,Medium
2022,12,Thursday,19,AJK,Muzaffarabad,Provincial Highway,Good,Clear,Dawn/Dusk,Motorcycle,3,Driver Fatigue,1,0,0,1,1,1,Medium
2020,4,Wednesday,19,Punjab,Rawalpindi,Provincial Highway,Average,Extreme Heat,Dawn/Dusk,Rickshaw,1,Road Condition,1,0,0,0,0,0,Low
2022,6,Wednesday,13,Punjab,Lahore,Rural Road,Under Repair,Clear,Daylight,Car/Taxi,2,Mechanical Failure,1,0,0,0,1,0,Low
2023,8,Thursday,13,Sindh,Thatta,National Highway,Good,Clear,Daylight,Motorcycle,2,Pedestrian Error,1,0,0,0,2,1,Medium
2023,8,Thursday,13,KPK,Kohat,Provincial Highway,Good,Foggy,Daylight,Motorcycle,2,Over Speeding,1,0,0,0,8,2,High
2021,12,Monday,15,Punjab,Sialkot,National Highway,Poor,Clear,Daylight,Motorcycle,3,Over Speeding,0,0,0,1,2,2,High
2018,1,Sunday,9,Punjab,Rahim Yar Khan,Provincial Highway,Good,Foggy,Daylight,Motorcycle,2,Drunk Driving,1,1,0,1,11,0,High
2018,4,Monday,8,Sindh,Jacobabad,Urban Road,Poor,Clear,Daylight,Bus/Coach,1,Over Speeding,1,0,0,0,4,2,Medium
2022,9,Wednesday,11,Islamabad,Islamabad,Urban Road,Good,Foggy,Daylight,Van/Pickup,1,Signal Violation,0,0,0,0,3,0,Medium
2023,1,Tuesday,9,Punjab,Sargodha,Provincial Highway,Average,Foggy,Daylight,Truck/Lorry,1,Over Speeding,1,0,0,1,2,0,Medium
2023,12,Wednesday,9,Sindh,Larkana,Provincial Highway,Average,Rainy,No Light,Motorcycle,1,Road Condition,1,0,0,1,5,0,Medium
2018,5,Friday,9,Islamabad,Islamabad,Provincial Highway,Poor,Clear,Daylight,Rickshaw,1,Signal Violation,1,0,0,0,1,0,Low
2019,6,Monday,8,KPK,Mansehra,Urban Road,Under Repair,Clear,No Light,Motorcycle,1,Drunk Driving,1,0,0,0,2,0,Medium
2022,1,Tuesday,17,KPK,Charsadda,Provincial Highway,Good,Rainy,Daylight,Car/Taxi,1,Mechanical Failure,1,0,0,1,1,0,Low
2019,5,Sunday,18,Sindh,Nawabshah,National Highway,Average,Rainy,Daylight,Rickshaw,2,Pedestrian Error,1,1,0,0,5,2,Medium
2023,6,Tuesday,19,AJK,Rawalakot,Rural Road,Good,Clear,Street Light,Motorcycle,1,Mobile Phone Use,1,0,0,0,1,0,Low
2023,3,Wednesday,20,KPK,Abbottabad,Provincial Highway,Poor,Clear,No Light,Car/Taxi,3,Wrong Overtaking,1,0,0,0,0,0,Low
2023,7,Sunday,14,Balochistan,Sibi,Provincial Highway,Good,Clear,Daylight,Car/Taxi,1,Pedestrian Error,0,1,0,0,0,0,Low
2023,2,Friday,19,KPK,Dera Ismail Khan,Provincial Highway,Average,Rainy,Street Light,Rickshaw,2,Wrong Overtaking,1,0,0,1,5,0,Medium
2020,5,Wednesday,20,KPK,Mardan,Urban Road,Average,Clear,Street Light,Car/Taxi,3,Signal Violation,1,0,0,0,1,0,Low
2023,9,Wednesday,17,Punjab,Bahawalpur,National Highway,Under Repair,Foggy,Dawn/Dusk,Car/Taxi,2,Over Speeding,1,0,0,0,9,1,High
2021,11,Monday,19,Punjab,Bahawalpur,Rural Road,Good,Foggy,Dawn/Dusk,Motorcycle,2,Mechanical Failure,1,0,0,1,1,1,Medium
2022,4,Thursday,10,KPK,Mardan,National Highway,Average,Clear,Street Light,Car/Taxi,2,Pedestrian Error,0,0,0,0,1,1,Medium
2021,8,Saturday,9,Punjab,Sheikhupura,Urban Road,Good,Foggy,Daylight,Motorcycle,1,Road Condition,1,1,0,0,1,1,Low
2022,10,Friday,12,Sindh,Sukkur,National Highway,Poor,Clear,Daylight,Motorcycle,2,Pedestrian Error,1,0,0,0,7,2,High
2021,1,Wednesday,17,Punjab,Rahim Yar Khan,National Highway,Good,Clear,Daylight,Car/Taxi,1,Mechanical Failure,1,0,0,1,2,0,Low
2023,7,Wednesday,3,KPK,Mansehra,Provincial Highway,Poor,Clear,Street Light,Van/Pickup,2,Wrong Overtaking,0,0,1,0,5,0,Medium
2022,12,Saturday,10,Punjab,Multan,Provincial Highway,Poor,Dusty/Smoggy,No Light,Motorcycle,2,Wrong Overtaking,0,1,0,1,3,0,Medium
2022,3,Monday,19,KPK,Kohat,National Highway,Average,Clear,Dawn/Dusk,Car/Taxi,2,Wrong Overtaking,1,0,0,0,3,1,Medium
2021,8,Wednesday,8,Sindh,Sukkur,National Highway,Under Repair,Clear,Dawn/Dusk,Motorcycle,3,Mobile Phone Use,1,0,0,0,3,0,Medium
2022,2,Tuesday,13,Punjab,Rahim Yar Khan,Rural Road,Average,Clear,Dawn/Dusk,Van/Pickup,1,Signal Violation,1,0,0,1,0,1,Low
2021,5,Saturday,14,Sindh,Thatta,Urban Road,Average,Clear,Daylight,Bus/Coach,2,Mobile Phone Use,0,1,0,0,2,0,Low
2023,6,Tuesday,14,Punjab,Rahim Yar Khan,National Highway,Good,Clear,Daylight,Car/Taxi,1,Over Speeding,0,0,0,0,9,0,High
2023,12,Tuesday,13,Punjab,Rahim Yar Khan,Rural Road,Poor,Clear,Daylight,Truck/Lorry,1,Wrong Overtaking,1,0,0,1,5,1,Medium
2023,9,Sunday,18,Punjab,Bahawalpur,Motorway,Good,Rainy,No Light,Car/Taxi,3,Wrong Overtaking,1,1,0,0,3,0,Medium
2023,11,Friday,9,Punjab,Sargodha,National Highway,Poor,Extreme Heat,Daylight,Van/Pickup,1,Over Speeding,1,0,0,1,3,2,High
2018,11,Monday,19,AJK,Rawalakot,Urban Road,Average,Clear,Dawn/Dusk,Motorcycle,1,Over Speeding,1,0,0,1,3,0,High
2018,12,Monday,16,Punjab,Faisalabad,National Highway,Average,Clear,No Light,Car/Taxi,2,Wrong Overtaking,0,0,0,1,1,0,Medium
2019,3,Friday,10,KPK,Dera Ismail Khan,Provincial Highway,Good,Rainy,Daylight,Motorcycle,3,Wrong Overtaking,0,0,0,0,6,0,High
2022,1,Sunday,21,Punjab,Sialkot,National Highway,Good,Clear,No Light,Bus/Coach,2,Wrong Overtaking,0,1,0,1,3,1,Medium
2022,11,Wednesday,7,Sindh,Larkana,National Highway,Poor,Clear,Daylight,Car/Taxi,3,Mechanical Failure,1,0,0,1,2,0,Low
2018,11,Sunday,16,Punjab,Sheikhupura,Urban Road,Average,Clear,No Light,Motorcycle,2,Signal Violation,0,1,0,1,3,0,Medium
2023,7,Thursday,9,KPK,Kohat,Rural Road,Good,Clear,Daylight,Car/Taxi,1,Over Speeding,1,0,0,0,4,0,Medium
2021,8,Sunday,18,KPK,Mansehra,Motorway,Good,Clear,Daylight,Car/Taxi,3,Drunk Driving,1,1,0,0,1,2,Medium
2022,2,Saturday,7,KPK,Nowshera,Rural Road,Average,Foggy,Daylight,Truck/Lorry,2,Wrong Overtaking,1,1,0,1,2,0,Low
2022,6,Friday,11,Punjab,Faisalabad,National Highway,Poor,Clear,Daylight,Motorcycle,1,Over Speeding,0,0,0,0,9,0,High
2020,10,Sunday,22,Sindh,Karachi,Urban Road,Average,Clear,Street Light,Bus/Coach,1,Wrong Overtaking,0,1,1,0,2,0,Low
2023,9,Sunday,19,Punjab,Sialkot,National Highway,Good,Clear,Dawn/Dusk,Van/Pickup,4,Signal Violation,1,1,0,0,2,0,Medium
2023,9,Thursday,9,Punjab,Sheikhupura,Provincial Highway,Good,Clear,Dawn/Dusk,Car/Taxi,3,Over Speeding,1,0,0,0,2,0,Low
2022,6,Tuesday,19,Punjab,Sargodha,National Highway,Poor,Clear,Street Light,Bus/Coach,2,Signal Violation,1,0,0,0,5,2,High
2022,6,Sunday,8,Sindh,Dadu,Rural Road,Under Repair,Clear,Daylight,Motorcycle,1,Mechanical Failure,1,1,0,0,2,0,Low
2022,12,Wednesday,8,Sindh,Sukkur,National Highway,Good,Foggy,No Light,Bicycle,2,Mechanical Failure,1,0,0,1,6,0,High
2018,11,Friday,22,KPK,Kohat,Urban Road,Good,Foggy,Street Light,Motorcycle,2,Signal Violation,0,0,1,1,1,0,Medium
2018,11,Wednesday,14,Punjab,Sialkot,National Highway,Average,Clear,Daylight,Rickshaw,2,Mechanical Failure,0,0,0,1,5,0,Medium
2022,12,Friday,4,Punjab,Sialkot,Provincial Highway,Under Repair,Foggy,No Light,Truck/Lorry,1,Over Speeding,0,0,1,1,9,4,High
2023,9,Friday,18,Punjab,Gujranwala,National Highway,Good,Rainy,Daylight,Car/Taxi,1,Mobile Phone Use,1,0,0,0,2,1,Medium
2023,12,Sunday,20,KPK,Mardan,National Highway,Poor,Clear,No Light,Motorcycle,1,Over Speeding,1,1,0,1,3,2,High
2018,9,Sunday,12,Sindh,Kashmore,Provincial Highway,Average,Rainy,Dawn/Dusk,Car/Taxi,2,Signal Violation,1,1,0,0,2,1,Medium
2019,8,Thursday,19,Punjab,Rawalpindi,Motorway,Good,Clear,Dawn/Dusk,Van/Pickup,2,Mechanical Failure,1,0,0,0,2,0,Low
2023,3,Saturday,5,KPK,Mansehra,National Highway,Good,Clear,Street Light,Car/Taxi,2,Driver Fatigue,0,1,1,0,11,2,High
2022,6,Wednesday,6,Sindh,Dadu,Provincial Highway,Good,Clear,Daylight,Motorcycle,3,Pedestrian Error,0,0,0,0,2,0,Medium
2023,3,Thursday,18,Sindh,Kashmore,National Highway,Average,Rainy,Daylight,Motorcycle,3,Wrong Overtaking,1,0,0,0,9,1,High
2020,6,Friday,19,Sindh,Thatta,National Highway,Poor,Clear,Dawn/Dusk,Motorcycle,2,Wrong Overtaking,1,0,0,0,6,1,High
2023,10,Thursday,3,Sindh,Thatta,National Highway,Poor,Foggy,No Light,Car/Taxi,1,Mechanical Failure,0,0,1,0,4,2,Medium
2022,8,Monday,22,KPK,Charsadda,Provincial Highway,Good,Rainy,No Light,Truck/Lorry,2,Over Speeding,0,0,1,0,11,3,High
2023,9,Thursday,11,Punjab,Sialkot,Rural Road,Poor,Clear,Daylight,Bicycle,3,Over Speeding,0,0,0,0,3,0,Medium
2022,4,Saturday,18,Punjab,Rawalpindi,Provincial Highway,Poor,Clear,Daylight,Motorcycle,2,Over Speeding,1,1,0,0,10,3,High
2019,12,Wednesday,19,Punjab,Gujranwala,Rural Road,Average,Clear,Dawn/Dusk,Motorcycle,3,Over Speeding,1,0,0,1,7,2,High
2022,11,Monday,23,Sindh,Thatta,National Highway,Average,Rainy,Street Light,Motorcycle,2,Pedestrian Error,0,0,1,1,3,0,High
2018,5,Saturday,14,Balochistan,Khuzdar,National Highway,Average,Rainy,Dawn/Dusk,Bus/Coach,3,Mechanical Failure,0,1,0,0,4,1,High
2023,3,Wednesday,7,Punjab,Lahore,National Highway,Good,Clear,Street Light,Motorcycle,2,Road Condition,1,0,0,0,8,0,High
2022,4,Thursday,7,Punjab,Lahore,Provincial Highway,Good,Rainy,Street Light,Motorcycle,2,Over Speeding,1,0,0,0,4,0,High
2023,8,Tuesday,13,KPK,Nowshera,Provincial Highway,Good,Clear,Daylight,Car/Taxi,2,Wrong Overtaking,1,0,0,0,4,0,Medium
2022,12,Saturday,7,KPK,Mansehra,Urban Road,Average,Rainy,Street Light,Motorcycle,2,Over Speeding,1,1,0,1,7,4,High
2023,2,Friday,23,Balochistan,Hub,Motorway,Good,Clear,Street Light,Rickshaw,3,Mechanical Failure,0,0,1,1,2,0,Low
2020,9,Thursday,10,Sindh,Thatta,Rural Road,Average,Clear,Daylight,Car/Taxi,2,Driver Fatigue,0,0,0,0,1,0,Low
2023,4,Friday,10,Balochistan,Chaman,Rural Road,Good,Clear,Daylight,Car/Taxi,3,Driver Fatigue,0,0,0,0,4,1,Medium
2018,11,Monday,2,Punjab,Lahore,Motorway,Average,Dusty/Smoggy,No Light,Motorcycle,2,Mechanical Failure,0,0,1,1,5,1,High
2022,4,Friday,10,Punjab,Sargodha,Provincial Highway,Good,Rainy,Daylight,Motorcycle,2,Over Speeding,0,0,0,0,7,0,High
2022,3,Friday,7,Punjab,Faisalabad,Motorway,Good,Foggy,Daylight,Motorcycle,1,Drunk Driving,1,0,0,0,8,3,High
2023,3,Saturday,8,KPK,Swat,Urban Road,Poor,Clear,Daylight,Motorcycle,1,Over Speeding,1,1,0,0,4,0,Medium
2021,11,Sunday,22,Punjab,Lahore,Urban Road,Poor,Clear,Street Light,Motorcycle,1,Wrong Overtaking,0,1,1,1,2,1,Medium
2018,3,Wednesday,16,Sindh,Hyderabad,National Highway,Good,Dusty/Smoggy,Daylight,Car/Taxi,2,Over Speeding,0,0,0,0,3,1,Medium
2020,1,Friday,8,Sindh,Kashmore,Provincial Highway,Average,Clear,Daylight,Car/Taxi,1,Over Speeding,1,0,0,1,1,2,Medium
2019,10,Tuesday,16,Punjab,Sheikhupura,Motorway,Average,Clear,Daylight,Motorcycle,2,Signal Violation,0,0,0,0,4,0,Medium
2020,5,Monday,14,Balochistan,Quetta,Rural Road,Average,Clear,Daylight,Van/Pickup,2,Wrong Overtaking,0,0,0,0,0,0,Low
2022,7,Monday,21,Punjab,Sargodha,Provincial Highway,Average,Clear,Street Light,Truck/Lorry,2,Signal Violation,0,0,0,0,0,1,Low
2021,11,Sunday,14,Punjab,Multan,Urban Road,Good,Clear,Daylight,Car/Taxi,1,Mechanical Failure,0,1,0,1,2,0,Low
2018,10,Thursday,12,KPK,Nowshera,Rural Road,Good,Clear,No Light,Van/Pickup,1,Over Speeding,1,0,0,0,1,0,Low
2018,5,Sunday,16,Punjab,Sargodha,Provincial Highway,Poor,Clear,Daylight,Rickshaw,3,Wrong Overtaking,0,1,0,0,0,0,Low
2022,12,Friday,18,KPK,Dera Ismail Khan,National Highway,Average,Foggy,Daylight,Motorcycle,3,Signal Violation,1,0,0,1,8,1,High
2021,12,Sunday,16,KPK,Abbottabad,National Highway,Average,Clear,No Light,Motorcycle,2,Signal Violation,0,1,0,1,2,0,Medium
2021,12,Wednesday,19,Islamabad,Islamabad,National Highway,Poor,Clear,Daylight,Motorcycle,3,Drunk Driving,1,0,0,1,8,0,High
2022,12,Saturday,17,Balochistan,Turbat,Rural Road,Good,Clear,Dawn/Dusk,Motorcycle,1,Over Speeding,1,1,0,1,1,0,Medium
2020,4,Monday,19,Punjab,Rawalpindi,Urban Road,Poor,Clear,No Light,Motorcycle,2,Road Condition,1,0,0,0,1,0,Low
2022,9,Sunday,8,Sindh,Mirpur Khas,Provincial Highway,Good,Clear,Daylight,Truck/Lorry,1,Wrong Overtaking,1,1,0,0,4,0,Medium
2021,11,Monday,22,Punjab,Bahawalpur,National Highway,Average,Clear,No Light,Rickshaw,2,Wrong Overtaking,0,0,1,1,1,0,Medium
2021,2,Sunday,16,Punjab,Sheikhupura,Provincial Highway,Average,Clear,Daylight,Bicycle,2,Wrong Overtaking,0,1,0,1,4,0,Medium
2021,10,Sunday,15,Punjab,Multan,Motorway,Average,Foggy,Daylight,Car/Taxi,1,Wrong Overtaking,0,1,0,0,4,1,Medium
2018,12,Saturday,17,Punjab,Sialkot,Provincial Highway,Good,Clear,Dawn/Dusk,Motorcycle,2,Wrong Overtaking,1,1,0,1,1,0,Medium
2022,6,Tuesday,8,Balochistan,Gwadar,National Highway,Good,Clear,Street Light,Motorcycle,1,Pedestrian Error,1,0,0,0,8,1,High
2022,8,Monday,18,Punjab,Sheikhupura,Provincial Highway,Good,Clear,Daylight,Rickshaw,1,Pedestrian Error,1,0,0,0,1,0,Low
2018,9,Thursday,22,Sindh,Mirpur Khas,National Highway,Under Repair,Clear,No Light,Motorcycle,2,Pedestrian Error,0,0,1,0,4,0,Medium
2021,8,Sunday,11,Sindh,Hyderabad,Urban Road,Good,Foggy,Daylight,Motorcycle,3,Road Condition,0,1,0,0,2,0,Medium
2023,7,Saturday,8,Sindh,Karachi,Provincial Highway,Good,Clear,No Light,Car/Taxi,2,Signal Violation,1,1,0,0,0,0,Low
2021,7,Tuesday,21,Islamabad,Islamabad,National Highway,Good,Clear,Street Light,Van/Pickup,4,Over Speeding,0,0,0,0,3,1,Medium
2019,5,Thursday,6,Punjab,Gujranwala,Rural Road,Good,Foggy,Daylight,Rickshaw,4,Over Speeding,0,0,0,0,2,0,Medium
2020,5,Wednesday,19,Sindh,Thatta,Urban Road,Good,Clear,Dawn/Dusk,Car/Taxi,4,Mechanical Failure,1,0,0,0,1,0,Low
2021,10,Friday,14,Sindh,Nawabshah,Provincial Highway,Average,Clear,Daylight,Motorcycle,2,Over Speeding,0,0,0,0,4,0,High
2020,4,Saturday,11,Punjab,Sargodha,Rural Road,Under Repair,Foggy,Daylight,Bicycle,4,Signal Violation,0,1,0,0,3,1,Medium
2018,6,Wednesday,17,Sindh,Dadu,Urban Road,Average,Clear,Daylight,Motorcycle,1,Drunk Driving,1,0,0,0,6,1,High
2022,7,Tuesday,10,KPK,Swat,National Highway,Average,Extreme Heat,Daylight,Car/Taxi,2,Mechanical Failure,0,0,0,0,2,0,Low
2019,12,Saturday,21,Punjab,Gujranwala,National Highway,Poor,Clear,No Light,Motorcycle,3,Over Speeding,0,1,0,1,10,4,High
2019,5,Sunday,13,Punjab,Sheikhupura,Urban Road,Good,Clear,Daylight,Motorcycle,1,Wrong Overtaking,1,1,0,0,4,0,Medium
2021,1,Sunday,13,Punjab,Rawalpindi,National Highway,Poor,Rainy,Daylight,Car/Taxi,1,Signal Violation,1,1,0,1,5,0,Medium
2022,6,Thursday,14,KPK,Peshawar,National Highway,Average,Clear,Dawn/Dusk,Van/Pickup,2,Drunk Driving,0,0,0,0,10,2,High
2020,9,Saturday,1,KPK,Charsadda,Urban Road,Good,Clear,Street Light,Motorcycle,2,Over Speeding,0,1,1,0,5,2,High
2023,5,Monday,16,Sindh,Dadu,Rural Road,Good,Rainy,Daylight,Car/Taxi,1,Over Speeding,0,0,0,0,0,0,Low
2019,2,Monday,6,Sindh,Kashmore,Urban Road,Good,Foggy,Street Light,Bus/Coach,3,Over Speeding,0,0,0,1,5,0,Medium
2020,10,Tuesday,6,Balochistan,Dera Bugti,Provincial Highway,Good,Rainy,Daylight,Motorcycle,2,Drunk Driving,0,0,0,0,7,1,High
2023,12,Sunday,19,KPK,Swat,National Highway,Average,Clear,Dawn/Dusk,Bus/Coach,2,Mechanical Failure,1,1,0,1,5,0,Medium
2020,5,Saturday,11,KPK,Mansehra,National Highway,Poor,Clear,Daylight,Rickshaw,1,Over Speeding,0,1,0,0,3,1,High
2018,5,Sunday,19,KPK,Nowshera,Rural Road,Average,Clear,No Light,Rickshaw,2,Signal Violation,1,1,0,0,2,0,Low
2019,3,Monday,11,Sindh,Jacobabad,Rural Road,Average,Extreme Heat,Daylight,Car/Taxi,4,Mechanical Failure,0,0,0,0,1,0,Low
2019,5,Wednesday,17,Sindh,Thatta,National Highway,Good,Clear,Daylight,Motorcycle,1,Signal Violation,1,0,0,0,5,0,Medium
2019,1,Saturday,8,Balochistan,Zhob,Urban Road,Poor,Clear,Daylight,Bus/Coach,1,Mobile Phone Use,1,1,0,1,0,0,Low
2019,12,Monday,17,Islamabad,Islamabad,Urban Road,Poor,Clear,Daylight,Car/Taxi,2,Mechanical Failure,1,0,0,1,0,0,Low
2023,7,Wednesday,10,Punjab,Sargodha,Provincial Highway,Poor,Clear,Daylight,Bus/Coach,3,Mechanical Failure,0,0,0,0,0,1,Low
2018,8,Tuesday,11,Punjab,Sheikhupura,Provincial Highway,Good,Clear,Daylight,Motorcycle,4,Mobile Phone Use,0,0,0,0,0,0,Low
2021,11,Thursday,9,Islamabad,Islamabad,Urban Road,Poor,Foggy,Daylight,Motorcycle,2,Wrong Overtaking,1,0,0,1,2,2,High
2020,2,Monday,10,Punjab,Sialkot,Provincial Highway,Average,Clear,Daylight,Car/Taxi,1,Over Speeding,0,0,0,1,2,0,Medium
2019,2,Wednesday,1,Balochistan,Turbat,Provincial Highway,Poor,Foggy,No Light,Motorcycle,1,Mechanical Failure,0,0,1,1,8,0,High
2020,3,Saturday,23,Punjab,Multan,National Highway,Good,Clear,Street Light,Car/Taxi,1,Over Speeding,0,1,1,0,7,3,High
2022,12,Wednesday,12,Punjab,Gujranwala,Urban Road,Good,Clear,Daylight,Motorcycle,2,Wrong Overtaking,1,0,0,1,2,0,Medium
2019,7,Monday,13,Punjab,Bahawalpur,National Highway,Average,Clear,Daylight,Motorcycle,1,Road Condition,1,0,0,0,11,1,High
2020,5,Saturday,23,Punjab,Multan,National Highway,Good,Clear,Street Light,Motorcycle,2,Over Speeding,0,1,1,0,3,1,High
2021,2,Sunday,6,Punjab,Lahore,National Highway,Good,Dusty/Smoggy,Street Light,Car/Taxi,1,Driver Fatigue,0,1,0,1,4,1,Medium
2023,2,Saturday,7,Sindh,Karachi,Rural Road,Average,Foggy,Daylight,Motorcycle,3,Signal Violation,1,1,0,1,1,0,Medium
2018,11,Friday,5,KPK,Mardan,National Highway,Poor,Foggy,Dawn/Dusk,Car/Taxi,1,Over Speeding,0,0,1,1,10,1,High
2020,8,Tuesday,11,AJK,Rawalakot,Provincial Highway,Good,Foggy,Street Light,Motorcycle,3,Pedestrian Error,0,0,0,0,5,2,High
2022,12,Saturday,20,Sindh,Nawabshah,Urban Road,Good,Dusty/Smoggy,Street Light,Rickshaw,1,Wrong Overtaking,1,1,0,1,2,0,Low
2021,10,Sunday,20,Sindh,Jacobabad,Provincial Highway,Average,Foggy,No Light,Truck/Lorry,1,Over Speeding,1,1,0,0,7,1,High
2023,11,Thursday,12,Sindh,Karachi,Urban Road,Under Repair,Clear,Daylight,Rickshaw,2,Mechanical Failure,1,0,0,1,1,0,Low
2021,7,Monday,2,Sindh,Mirpur Khas,National Highway,Good,Rainy,No Light,Van/Pickup,1,Pedestrian Error,0,0,1,0,4,1,Medium
2023,4,Sunday,14,Sindh,Hyderabad,Rural Road,Poor,Clear,Street Light,Car/Taxi,3,Mobile Phone Use,0,1,0,0,0,0,Low
2020,6,Wednesday,18,Punjab,Sargodha,Provincial Highway,Average,Rainy,Daylight,Motorcycle,1,Wrong Overtaking,1,0,0,0,2,2,Medium
2022,7,Wednesday,9,Punjab,Rawalpindi,Provincial Highway,Good,Clear,Daylight,Motorcycle,1,Signal Violation,1,0,0,0,3,1,Medium
2022,1,Sunday,11,Punjab,Sheikhupura,Provincial Highway,Average,Foggy,Daylight,Bus/Coach,2,Driver Fatigue,0,1,0,1,4,1,High
2023,4,Thursday,23,Punjab,Lahore,Urban Road,Under Repair,Foggy,Street Light,Motorcycle,2,Over Speeding,0,0,1,0,4,3,High
2020,7,Wednesday,14,KPK,Mardan,National Highway,Under Repair,Rainy,Daylight,Motorcycle,2,Drunk Driving,0,0,0,0,9,1,High
2022,8,Wednesday,6,Punjab,Sheikhupura,Provincial Highway,Average,Clear,Daylight,Motorcycle,4,Wrong Overtaking,0,0,0,0,6,1,High
2020,1,Tuesday,8,Balochistan,Loralai,Urban Road,Good,Rainy,Daylight,Car/Taxi,2,Drunk Driving,1,0,0,1,3,0,Medium
2022,12,Saturday,5,Islamabad,Islamabad,Provincial Highway,Average,Rainy,Daylight,Truck/Lorry,2,Mobile Phone Use,0,1,1,1,10,2,High
2021,4,Sunday,18,AJK,Rawalakot,National Highway,Good,Clear,Dawn/Dusk,Bus/Coach,1,Wrong Overtaking,1,1,0,0,2,0,High
2018,10,Wednesday,0,Islamabad,Islamabad,Urban Road,Good,Clear,No Light,Motorcycle,1,Over Speeding,0,0,1,0,2,1,High
2021,6,Sunday,4,Punjab,Bahawalpur,Provincial Highway,Good,Rainy,No Light,Car/Taxi,1,Drunk Driving,0,1,1,0,4,0,Medium
2021,8,Monday,23,Sindh,Mirpur Khas,National Highway,Average,Clear,Street Light,Car/Taxi,2,Road Condition,0,0,1,0,4,1,Medium
2020,11,Tuesday,0,Punjab,Faisalabad,Rural Road,Average,Dusty/Smoggy,Street Light,Car/Taxi,1,Driver Fatigue,0,0,1,1,4,2,Medium
2023,7,Sunday,21,KPK,Dera Ismail Khan,National Highway,Average,Foggy,No Light,Truck/Lorry,1,Mobile Phone Use,0,1,0,0,1,2,Medium
2023,1,Monday,17,Balochistan,Quetta,National Highway,Good,Clear,Street Light,Rickshaw,1,Over Speeding,1,0,0,1,2,1,Medium
2021,10,Tuesday,21,Balochistan,Zhob,Urban Road,Average,Clear,No Light,Van/Pickup,2,Signal Violation,0,0,0,0,0,1,Low
2019,2,Friday,11,Sindh,Larkana,Urban Road,Good,Foggy,Daylight,Rickshaw,3,Road Condition,0,0,0,1,1,0,Low
2020,6,Monday,3,KPK,Mardan,Urban Road,Good,Foggy,No Light,Truck/Lorry,2,Signal Violation,0,0,1,0,3,1,Medium
2021,6,Thursday,8,Punjab,Lahore,Provincial Highway,Average,Clear,Daylight,Motorcycle,1,Drunk Driving,1,0,0,0,2,1,Medium
2018,12,Monday,15,Punjab,Sargodha,Motorway,Good,Foggy,Daylight,Motorcycle,2,Mechanical Failure,0,0,0,1,11,4,High
2020,11,Saturday,22,KPK,Swat,National Highway,Good,Clear,No Light,Bus/Coach,2,Signal Violation,0,1,1,1,10,1,High
2020,1,Tuesday,18,Sindh,Karachi,Provincial Highway,Average,Clear,Daylight,Car/Taxi,1,Wrong Overtaking,1,0,0,1,1,0,Low
2019,1,Sunday,13,Gilgit-Baltistan,Gilgit,Motorway,Average,Clear,Daylight,Motorcycle,1,Pedestrian Error,1,1,0,1,5,1,Medium
2022,11,Friday,4,Punjab,Rahim Yar Khan,National Highway,Poor,Rainy,Street Light,Motorcycle,1,Over Speeding,0,0,1,1,7,1,High
2023,11,Friday,18,Balochistan,Quetta,National Highway,Average,Dusty/Smoggy,Daylight,Rickshaw,3,Over Speeding,1,0,0,1,2,0,Medium
2020,8,Monday,23,Sindh,Jacobabad,Provincial Highway,Poor,Foggy,No Light,Car/Taxi,2,Road Condition,0,0,1,0,5,1,Medium
2021,10,Saturday,20,KPK,Kohat,Rural Road,Average,Rainy,Street Light,Car/Taxi,2,Over Speeding,1,1,0,0,4,1,Medium