year,month,day_of_week,hour_of_day,province,district,road_type,road_condition,weather_condition,lighting_condition,vehicle_type,vehicles_involved,accident_cause,is_rush_hour,is_weekend,is_night,is_foggy_month,num_injured,num_killed,severity
2022,12,Saturday,20,KPK,Peshawar,National Highway,Good,Extreme Heat,No Light,Motorcycle,4,Over Speeding,1,1,0,1,11,2,High
2021,5,Thursday,16,Balochistan,Sibi,National Highway,Good,Clear,Daylight,Bicycle,2,Mechanical Failure,0,0,0,0,1,0,Medium
2020,11,Thursday,20,Punjab,Rawalpindi,National Highway,Good,Clear,Street Light,Rickshaw,4,Driver Fatigue,1,0,0,1,4,1,Medium
2019,8,Monday,9,Islamabad,Islamabad,Provincial Highway,Good,Extreme Heat,Daylight,Car/Taxi,1,Over Speeding,1,0,0,0,0,0,Low
2018,6,Thursday,3,Punjab,Rahim Yar Khan,Rural Road,Good,Clear,Street Light,Car/Taxi,4,Wrong Overtaking,0,0,1,0,0,0,Low
2021,1,Sunday,8,Punjab,Lahore,National Highway,Good,Clear,Daylight,Motorcycle,2,Over Speeding,1,1,0,1,3,3,High
2019,9,Monday,12,Sindh,Hyderabad,National Highway,Under Repair,Clear,Daylight,Motorcycle,2,Signal Violation,1,0,0,0,3,0,High
2019,6,Friday,17,KPK,Dera Ismail Khan,Rural Road,Poor,Clear,Daylight,Motorcycle,3,Driver Fatigue,1,0,0,0,5,1,Medium
2023,11,Sunday,12,Sindh,Nawabshah,Rural Road,Average,Clear,Street Light,Motorcycle,1,Over Speeding,1,1,0,1,4,2,Medium
2022,2,Sunday,8,KPK,Abbottabad,National Highway,Poor,Foggy,No Light,Bus/Coach,2,Signal Violation,1,1,0,1,5,0,Medium
2020,4,Sunday,15,KPK,Dera Ismail Khan,Provincial Highway,Poor,Clear,Daylight,Rickshaw,3,Pedestrian Error,0,1,0,0,1,1,Low
2018,7,Friday,20,Punjab,Bahawalpur,National Highway,Poor,Clear,Street Light,Rickshaw,2,Wrong Overtaking,1,0,0,0,4,2,Medium
2021,4,Wednesday,6,Islamabad,Islamabad,National Highway,Good,Rainy,Dawn/Dusk,Motorcycle,1,Drunk Driving,0,0,0,0,6,2,High
2022,12,Tuesday,5,Punjab,Lahore,Provincial Highway,Poor,Clear,Street Light,Car/Taxi,3,Pedestrian Error,0,0,1,1,5,0,Medium
2019,10,Wednesday,19,Balochistan,Quetta,Rural Road,Poor,Clear,Daylight,Motorcycle,2,Wrong Overtaking,1,0,0,0,2,0,Medium
2020,2,Sunday,6,Punjab,Bahawalpur,National Highway,Good,Rainy,Dawn/Dusk,Van/Pickup,1,Wrong Overtaking,0,1,0,1,3,0,Medium
2019,3,Thursday,8,Sindh,Karachi,Provincial Highway,Good,Clear,Daylight,Bicycle,2,Road Condition,1,0,0,0,5,0,Medium
2020,10,Monday,19,Sindh,Larkana,Urban Road,Good,Rainy,Dawn/Dusk,Car/Taxi,1,Over Speeding,1,0,0,0,1,1,Medium
2019,7,Sunday,8,Punjab,Sialkot,Rural Road,Under Repair,Foggy,Daylight,Rickshaw,3,Wrong Overtaking,1,1,0,0,4,1,Medium
2018,12,Monday,14,Punjab,Lahore,Rural Road,Good,Clear,Daylight,Truck/Lorry,2,Pedestrian Error,0,0,0,1,1,0,Low
2018,9,Sunday,20,Punjab,Multan,Urban Road,Average,Clear,Street Light,Car/Taxi,1,Road Condition,1,1,0,0,2,0,Low
2023,11,Monday,19,Punjab,Gujranwala,Urban Road,Under Repair,Rainy,Dawn/Dusk,Car/Taxi,2,Over Speeding,1,0,0,1,1,0,Medium
2019,3,Friday,23,Punjab,Lahore,National Highway,Poor,Foggy,No Light,Rickshaw,1,Signal Violation,0,0,1,0,3,1,Medium
2021,1,Wednesday,9,Sindh,Hyderabad,Urban Road,Good,Extreme Heat,Daylight,Truck/Lorry,1,Signal Violation,1,0,0,1,2,0,Low
2020,12,Saturday,13,KPK,Mardan,Provincial Highway,Average,Extreme Heat,Daylight,Van/Pickup,2,Signal Violation,1,1,0,1,0,0,Low
2022,12,Saturday,11,Sindh,Nawabshah,Urban Road,Poor,Clear,Daylight,Truck/Lorry,4,Mechanical Failure,0,1,0,1,0,1,Low
2023,11,Thursday,9,Balochistan,Turbat,National Highway,Under Repair,Clear,Daylight,Motorcycle,2,Over Speeding,1,0,0,1,2,2,High
2023,8,Wednesday,18,Sindh,Nawabshah,Urban Road,Good,Clear,Street Light,Rickshaw,1,Over Speeding,1,0,0,0,2,0,Low
2020,2,Saturday,16,KPK,Bannu,Provincial Highway,Poor,Clear,Daylight,Bicycle,2,Wrong Overtaking,0,1,0,1,5,1,Medium
2023,6,Tuesday,21,KPK,Mardan,Provincial Highway,Good,Clear,Street Light,Car/Taxi,1,Wrong Overtaking,0,0,0,0,0,0,Low
2020,8,Tuesday,8,Sindh,Jacobabad,National Highway,Average,Foggy,Daylight,Car/Taxi,1,Signal Violation,1,0,0,0,4,0,Medium
2019,5,Saturday,14,KPK,Peshawar,Urban Road,Poor,Clear,Daylight,Bicycle,3,Driver Fatigue,0,1,0,0,2,1,Medium
2022,11,Tuesday,10,Punjab,Sheikhupura,Urban Road,Average,Clear,Daylight,Van/Pickup,2,Over Speeding,0,0,0,1,0,0,Low
2018,12,Tuesday,16,Balochistan,Gwadar,National Highway,Average,Clear,Street Light,Motorcycle,2,Over Speeding,0,0,0,1,7,1,High
2018,1,Sunday,19,KPK,Kohat,Provincial Highway,Poor,Clear,Street Light,Rickshaw,2,Wrong Overtaking,1,1,0,1,1,0,Low
2023,10,Sunday,5,Punjab,Multan,Rural Road,Poor,Foggy,Dawn/Dusk,Car/Taxi,2,Road Condition,0,1,1,0,2,0,Low
2019,11,Tuesday,9,KPK,Dera Ismail Khan,National Highway,Poor,Rainy,Street Light,Van/Pickup,1,Over Speeding,1,0,0,1,2,3,High
2020,3,Tuesday,1,Punjab,Sheikhupura,National Highway,Good,Clear,Street Light,Bus/Coach,2,Wrong Overtaking,0,0,1,0,11,0,High
2021,2,Saturday,12,Punjab,Lahore,Rural Road,Good,Clear,Daylight,Car/Taxi,2,Signal Violation,1,1,0,1,0,0,Low
2019,2,Monday,17,Punjab,Rahim Yar Khan,Urban Road,Good,Extreme Heat,Daylight,Car/Taxi,1,Over Speeding,1,0,0,1,2,0,Medium
2019,1,Wednesday,9,KPK,Mansehra,Provincial Highway,Under Repair,Foggy,Daylight,Bus/Coach,1,Road Condition,1,0,0,1,1,0,Medium
2023,9,Sunday,19,KPK,Kohat,Urban Road,Poor,Clear,No Light,Motorcycle,1,Over Speeding,1,1,0,0,5,0,Medium
2019,2,Wednesday,3,KPK,Charsadda,National Highway,Good,Clear,Street Light,Car/Taxi,2,Over Speeding,0,0,1,1,6,1,High
2020,11,Thursday,1,Punjab,Faisalabad,Rural Road,Under Repair,Clear,Street Light,Truck/Lorry,4,Over Speeding,0,0,1,1,5,1,Medium
2018,8,Monday,18,Sindh,Larkana,Provincial Highway,Poor,Dusty/Smoggy,No Light,Motorcycle,2,Over Speeding,1,0,0,0,2,1,High
2023,1,Saturday,19,KPK,Kohat,National Highway,Average,Clear,Street Light,Car/Taxi,1,Mechanical Failure,1,1,0,1,4,0,Medium
2020,5,Friday,12,Punjab,Bahawalpur,National Highway,Average,Clear,Street Light,Motorcycle,2,Wrong Overtaking,1,0,0,0,10,1,High
2022,12,Thursday,13,Sindh,Karachi,Provincial Highway,Average,Clear,Daylight,Rickshaw,3,Road Condition,1,0,0,1,0,0,Low
2019,10,Wednesday,9,Punjab,Sargodha,Urban Road,Poor,Clear,Daylight,Motorcycle,1,Drunk Driving,1,0,0,0,10,1,High
2020,10,Friday,6,Punjab,Bahawalpur,Rural Road,Good,Foggy,Daylight,Motorcycle,2,Wrong Overtaking,0,0,0,0,4,0,Medium
2018,1,Saturday,16,Sindh,Karachi,National Highway,Under Repair,Extreme Heat,Dawn/Dusk,Bus/Coach,2,Wrong Overtaking,0,1,0,1,3,1,Medium
2023,1,Saturday,13,Sindh,Mirpur Khas,Rural Road,Average,Extreme Heat,Daylight,Motorcycle,2,Over Speeding,1,1,0,1,3,0,Medium
2023,12,Wednesday,18,Punjab,Sialkot,Rural Road,Good,Clear,Daylight,Truck/Lorry,1,Driver Fatigue,1,0,0,1,0,0,Low
2022,7,Monday,11,Punjab,Rahim Yar Khan,Motorway,Poor,Rainy,Daylight,Bus/Coach,2,Over Speeding,0,0,0,0,2,1,High
2020,12,Wednesday,18,Punjab,Gujranwala,National Highway,Average,Clear,Daylight,Motorcycle,4,Over Speeding,1,0,0,1,4,3,High
2023,8,Friday,19,Punjab,Sheikhupura,National Highway,Good,Clear,Street Light,Car/Taxi,2,Over Speeding,1,0,0,0,5,0,Medium
2021,10,Saturday,10,Punjab,Multan,Rural Road,Average,Foggy,Daylight,Bus/Coach,2,Over Speeding,0,1,0,0,7,1,High
2023,12,Sunday,19,Punjab,Faisalabad,National Highway,Average,Clear,Street Light,Motorcycle,3,Over Speeding,1,1,0,1,9,1,High
2023,7,Saturday,14,Sindh,Dadu,Provincial Highway,Under Repair,Clear,Daylight,Motorcycle,2,Drunk Driving,0,1,0,0,4,2,Medium
2022,9,Wednesday,7,Sindh,Hyderabad,Provincial Highway,Average,Rainy,Daylight,Car/Taxi,1,Pedestrian Error,1,0,0,0,2,0,Low
2022,10,Thursday,7,KPK,Mardan,National Highway,Poor,Foggy,Daylight,Car/Taxi,2,Over Speeding,1,0,0,0,4,0,Medium
2018,12,Saturday,17,KPK,Mansehra,National Highway,Average,Clear,No Light,Car/Taxi,1,Over Speeding,1,1,0,1,4,1,High
2022,12,Monday,18,Punjab,Sheikhupura,Urban Road,Poor,Dusty/Smoggy,Dawn/Dusk,Rickshaw,2,Mechanical Failure,1,0,0,1,0,0,Low
2019,11,Saturday,17,Punjab,Gujranwala,Provincial Highway,Average,Clear,Daylight,Bus/Coach,1,Mechanical Failure,1,1,0,1,2,1,Medium
2023,11,Monday,14,Balochistan,Dera Bugti,National Highway,Average,Dusty/Smoggy,Daylight,Car/Taxi,2,Mobile Phone Use,0,0,0,1,3,2,Medium
2022,3,Friday,12,Punjab,Faisalabad,Provincial Highway,Poor,Clear,Daylight,Car/Taxi,2,Drunk Driving,1,0,0,0,1,1,Medium
2021,4,Saturday,11,Punjab,Sialkot,Provincial Highway,Good,Clear,Daylight,Truck/Lorry,1,Over Speeding,0,1,0,0,3,0,Medium
2018,1,Sunday,23,Punjab,Lahore,National Highway,Average,Clear,Street Light,Truck/Lorry,2,Wrong Overtaking,0,1,1,1,2,1,Medium
2020,12,Wednesday,23,Sindh,Kashmore,Motorway,Good,Rainy,Street Light,Motorcycle,1,Over Speeding,0,0,1,1,11,1,High
2021,7,Tuesday,8,Sindh,Kashmore,Urban Road,Average,Clear,Daylight,Bicycle,1,Over Speeding,1,0,0,0,5,0,Medium
2019,11,Tuesday,23,AJK,Rawalakot,National Highway,Good,Rainy,Street Light,Motorcycle,1,Pedestrian Error,0,0,1,1,8,1,High
2022,6,Monday,22,Balochistan,Khuzdar,National Highway,Good,Rainy,No Light,Motorcycle,2,Wrong Overtaking,0,0,1,0,2,1,High
2021,7,Saturday,12,Punjab,Rahim Yar Khan,Motorway,Average,Dusty/Smoggy,Daylight,Car/Taxi,2,Over Speeding,1,1,0,0,1,1,Medium
2023,1,Sunday,1,Punjab,Sialkot,Urban Road,Poor,Extreme Heat,Street Light,Truck/Lorry,1,Signal Violation,0,1,1,1,1,1,Low
2022,3,Wednesday,12,Punjab,Multan,Urban Road,Poor,Extreme Heat,Daylight,Car/Taxi,3,Driver Fatigue,1,0,0,0,1,0,Low
2023,7,Sunday,9,Punjab,Bahawalpur,National Highway,Under Repair,Clear,Daylight,Bicycle,2,Wrong Overtaking,1,1,0,0,11,3,High
2023,3,Saturday,23,Punjab,Sargodha,Rural Road,Under Repair,Foggy,No Light,Motorcycle,2,Wrong Overtaking,0,1,1,0,8,0,High
2018,6,Tuesday,23,Punjab,Sheikhupura,National Highway,Average,Rainy,Street Light,Car/Taxi,2,Drunk Driving,0,0,1,0,3,1,High
2018,7,Thursday,21,Punjab,Gujranwala,Urban Road,Average,Foggy,No Light,Motorcycle,1,Road Condition,0,0,0,0,2,0,Medium
2021,1,Monday,14,Punjab,Gujranwala,National Highway,Good,Clear,Daylight,Bus/Coach,1,Pedestrian Error,0,0,0,1,3,0,Medium
2019,2,Tuesday,19,Punjab,Gujranwala,Rural Road,Average,Clear,Dawn/Dusk,Car/Taxi,2,Over Speeding,1,0,0,1,0,0,Low
2023,12,Tuesday,10,Islamabad,Islamabad,National Highway,Good,Foggy,Daylight,Motorcycle,1,Road Condition,0,0,0,1,4,0,High
2022,6,Sunday,19,Sindh,Dadu,Motorway,Average,Foggy,Dawn/Dusk,Other,2,Drunk Driving,1,1,0,0,2,0,Medium
2018,12,Wednesday,18,AJK,Mirpur,National Highway,Poor,Dusty/Smoggy,Street Light,Car/Taxi,2,Wrong Overtaking,1,0,0,1,3,0,Medium
2019,7,Tuesday,11,Punjab,Sargodha,Urban Road,Good,Clear,Daylight,Bicycle,2,Wrong Overtaking,0,0,0,0,5,0,Medium
2019,7,Thursday,18,Sindh,Kashmore,Rural Road,Good,Foggy,Daylight,Car/Taxi,2,Road Condition,1,0,0,0,0,0,Low
2021,2,Sunday,17,Punjab,Rawalpindi,Provincial Highway,Good,Extreme Heat,No Light,Rickshaw,2,Signal Violation,1,1,0,1,5,1,Medium
2023,11,Monday,2,Punjab,Bahawalpur,Provincial Highway,Good,Clear,No Light,Bus/Coach,2,Wrong Overtaking,0,0,1,1,10,0,High
2020,12,Saturday,15,Punjab,Sheikhupura,Rural Road,Good,Clear,Daylight,Car/Taxi,1,Pedestrian Error,0,1,0,1,1,0,Low
2020,10,Sunday,16,Islamabad,Islamabad,National Highway,Average,Clear,Daylight,Bicycle,1,Driver Fatigue,0,1,0,0,9,2,High
2021,2,Friday,20,AJK,Rawalakot,Provincial Highway,Poor,Foggy,Street Light,Bus/Coach,1,Wrong Overtaking,1,0,0,1,3,2,High
2022,4,Monday,5,Punjab,Rahim Yar Khan,Provincial Highway,Good,Foggy,No Light,Car/Taxi,4,Weather Condition,0,0,1,0,5,1,Medium
2020,1,Sunday,14,Punjab,Sheikhupura,Provincial Highway,Good,Rainy,Daylight,Bus/Coach,3,Over Speeding,0,1,0,1,11,1,High
2020,8,Thursday,14,Sindh,Mirpur Khas,National Highway,Good,Clear,Daylight,Bus/Coach,2,Signal Violation,0,0,0,0,2,0,Medium
2023,10,Sunday,17,Punjab,Rahim Yar Khan,National Highway,Poor,Clear,Daylight,Car/Taxi,2,Mechanical Failure,1,1,0,0,0,0,Low
2023,8,Sunday,20,Punjab,Sheikhupura,National Highway,Average,Foggy,Street Light,Motorcycle,1,Signal Violation,1,1,0,0,6,0,High
2022,2,Wednesday,14,Punjab,Rawalpindi,National Highway,Average,Clear,Daylight,Motorcycle,2,Pedestrian Error,0,0,0,1,3,2,High
2018,12,Sunday,11,Sindh,Thatta,National Highway,Average,Clear,Daylight,Car/Taxi,4,Mobile Phone Use,0,1,0,1,3,0,Medium
2022,3,Tuesday,12,Punjab,Sargodha,National Highway,Poor,Foggy,Daylight,Motorcycle,3,Signal Violation,1,0,0,0,2,1,High
2022,5,Friday,18,Punjab,Multan,National Highway,Good,Extreme Heat,Street Light,Motorcycle,2,Over Speeding,1,0,0,0,2,1,High
2019,10,Friday,8,Punjab,Sheikhupura,Provincial Highway,Good,Clear,Daylight,Truck/Lorry,2,Wrong Overtaking,1,0,0,0,3,0,Medium
2023,7,Thursday,19,Sindh,Jacobabad,Rural Road,Poor,Rainy,Dawn/Dusk,Truck/Lorry,2,Over Speeding,1,0,0,0,1,0,Medium
2023,12,Saturday,14,AJK,Rawalakot,Urban Road,Average,Clear,Daylight,Car/Taxi,2,Over Speeding,0,1,0,1,0,0,Low
2020,5,Saturday,16,Punjab,Bahawalpur,Rural Road,Good,Clear,Daylight,Car/Taxi,2,Drunk Driving,0,1,0,0,1,0,Low
2021,12,Monday,7,Balochistan,Khuzdar,National Highway,Average,Clear,Daylight,Motorcycle,3,Driver Fatigue,1,0,0,1,4,1,High
2020,4,Monday,7,Balochistan,Loralai,Provincial Highway,Good,Foggy,No Light,Motorcycle,2,Over Speeding,1,0,0,0,3,0,High
2020,12,Wednesday,21,Islamabad,Islamabad,Provincial Highway,Good,Rainy,No Light,Rickshaw,2,Wrong Overtaking,0,0,0,1,3,0,Medium
2020,2,Wednesday,18,KPK,Charsadda,National Highway,Under Repair,Dusty/Smoggy,Dawn/Dusk,Van/Pickup,1,Signal Violation,1,0,0,1,0,0,Low
2020,7,Sunday,15,Sindh,Sukkur,Rural Road,Poor,Foggy,Daylight,Rickshaw,1,Over Speeding,0,1,0,0,2,1,Medium
2021,8,Saturday,19,Balochistan,Sibi,National Highway,Good,Foggy,Dawn/Dusk,Motorcycle,2,Drunk Driving,1,1,0,0,9,1,High
2019,11,Friday,19,Punjab,Rahim Yar Khan,Rural Road,Good,Clear,Street Light,Car/Taxi,1,Over Speeding,1,0,0,1,1,0,Low
2020,11,Wednesday,19,Sindh,Larkana,Provincial Highway,Poor,Foggy,Dawn/Dusk,Car/Taxi,1,Wrong Overtaking,1,0,0,1,4,0,Medium
2021,8,Sunday,6,AJK,Muzaffarabad,Provincial Highway,Good,Foggy,Daylight,Motorcycle,1,Pedestrian Error,0,1,0,0,2,0,Medium
2021,1,Thursday,17,KPK,Dera Ismail Khan,Rural Road,Good,Rainy,Daylight,Motorcycle,1,Wrong Overtaking,1,0,0,1,3,0,Medium
2020,11,Monday,16,Islamabad,Islamabad,Provincial Highway,Good,Foggy,Daylight,Motorcycle,1,Mechanical Failure,0,0,0,1,4,2,Medium
2020,2,Sunday,3,KPK,Nowshera,National Highway,Average,Extreme Heat,No Light,Car/Taxi,3,Mechanical Failure,0,1,1,1,0,0,Low
2022,10,Saturday,15,Balochistan,Chaman,Provincial Highway,Good,Rainy,Daylight,Motorcycle,1,Over Speeding,0,1,0,0,8,0,High
2020,7,Friday,15,KPK,Charsadda,National Highway,Average,Clear,Daylight,Motorcycle,4,Signal Violation,0,0,0,0,5,1,Medium
2020,6,Thursday,13,KPK,Kohat,Provincial Highway,Average,Clear,Daylight,Van/Pickup,3,Wrong Overtaking,1,0,0,0,2,0,Medium
2023,4,Saturday,9,Sindh,Jacobabad,Provincial Highway,Poor,Clear,Daylight,Rickshaw,2,Weather Condition,1,1,0,0,2,0,Low
2022,7,Wednesday,16,Islamabad,Islamabad,Rural Road,Average,Extreme Heat,Daylight,Rickshaw,3,Over Speeding,0,0,0,0,0,1,Low
2023,11,Friday,19,KPK,Charsadda,Rural Road,Under Repair,Extreme Heat,Street Light,Rickshaw,2,Wrong Overtaking,1,0,0,1,2,0,Low
2021,2,Wednesday,20,Balochistan,Turbat,Rural Road,Average,Foggy,Street Light,Car/Taxi,3,Mechanical Failure,1,0,0,1,2,0,Low
2018,11,Saturday,19,KPK,Dera Ismail Khan,Urban Road,Average,Dusty/Smoggy,Street Light,Motorcycle,2,Drunk Driving,1,1,0,1,3,0,Medium
2022,4,Sunday,3,Punjab,Multan,Urban Road,Good,Foggy,No Light,Motorcycle,3,Mobile Phone Use,0,1,1,0,5,2,High
2019,8,Thursday,19,Punjab,Sialkot,Provincial Highway,Good,Dusty/Smoggy,Dawn/Dusk,Rickshaw,1,Over Speeding,1,0,0,0,2,1,Low
2023,4,Friday,9,Islamabad,Islamabad,Urban Road,Good,Clear,Daylight,Car/Taxi,2,Over Speeding,1,0,0,0,0,0,Low
2023,12,Saturday,21,Sindh,Dadu,Rural Road,Average,Clear,Street Light,Rickshaw,2,Road Condition,0,1,0,1,1,0,Low
2021,12,Thursday,20,Punjab,Faisalabad,National Highway,Average,Rainy,No Light,Motorcycle,2,Road Condition,1,0,0,1,5,0,Medium
2019,1,Saturday,19,Punjab,Sargodha,National Highway,Good,Foggy,Street Light,Car/Taxi,4,Road Condition,1,1,0,1,1,0,Low
2022,10,Thursday,18,KPK,Mardan,National Highway,Poor,Clear,Daylight,Truck/Lorry,1,Mechanical Failure,1,0,0,0,5,0,Medium
2022,2,Friday,19,KPK,Dera Ismail Khan,Provincial Highway,Poor,Clear,No Light,Motorcycle,1,Pedestrian Error,1,0,0,1,4,0,Medium
2023,3,Thursday,6,KPK,Mardan,Rural Road,Average,Foggy,Daylight,Motorcycle,3,Road Condition,0,0,0,0,4,0,Medium
2022,7,Saturday,17,Sindh,Karachi,Provincial Highway,Average,Foggy,Daylight,Truck/Lorry,1,Wrong Overtaking,1,1,0,0,8,1,High
2019,6,Sunday,17,Punjab,Sheikhupura,Rural Road,Under Repair,Rainy,Daylight,Motorcycle,1,Mobile Phone Use,1,1,0,0,0,0,Low
2020,11,Saturday,20,Punjab,Sialkot,Rural Road,Average,Clear,Street Light,Rickshaw,2,Mobile Phone Use,1,1,0,1,1,1,Low
2019,1,Monday,16,Punjab,Faisalabad,National Highway,Average,Foggy,Daylight,Car/Taxi,1,Wrong Overtaking,0,0,0,1,3,0,Medium
2023,1,Thursday,21,KPK,Dera Ismail Khan,National Highway,Good,Rainy,No Light,Motorcycle,2,Wrong Overtaking,0,0,0,1,10,0,High
2022,3,Sunday,1,Punjab,Multan,Urban Road,Average,Extreme Heat,No Light,Van/Pickup,2,Over Speeding,0,1,1,0,2,0,Low
2018,8,Sunday,13,Sindh,Larkana,Provincial Highway,Good,Clear,Daylight,Bus/Coach,2,Driver Fatigue,1,1,0,0,11,1,High
2023,1,Tuesday,11,Sindh,Jacobabad,Urban Road,Good,Clear,Dawn/Dusk,Motorcycle,4,Over Speeding,0,0,0,1,2,0,Medium
2019,7,Friday,20,Sindh,Jacobabad,Urban Road,Average,Clear,No Light,Motorcycle,2,Road Condition,1,0,0,0,2,0,Low
2021,12,Friday,10,Islamabad,Islamabad,National Highway,Average,Rainy,Daylight,Motorcycle,2,Over Speeding,0,0,0,1,3,0,High
2019,7,Saturday,6,Punjab,Multan,Provincial Highway,Poor,Clear,No Light,Motorcycle,1,Mobile Phone Use,0,1,0,0,1,0,Medium
2023,6,Thursday,5,KPK,Kohat,Provincial Highway,Good,Dusty/Smoggy,No Light,Car/Taxi,2,Over Speeding,0,0,1,0,2,0,Medium
2019,4,Monday,18,Punjab,Sheikhupura,Rural Road,Poor,Rainy,Daylight,Motorcycle,4,Wrong Overtaking,1,0,0,0,5,0,Medium
2019,12,Friday,17,Punjab,Sialkot,Urban Road,Average,Extreme Heat,Daylight,Bus/Coach,2,Wrong Overtaking,1,0,0,1,2,0,Low
2020,1,Saturday,22,Sindh,Hyderabad,National Highway,Average,Clear,Street Light,Car/Taxi,1,Wrong Overtaking,0,1,1,1,5,0,Medium
2019,12,Tuesday,5,Punjab,Faisalabad,Urban Road,Average,Clear,Dawn/Dusk,Car/Taxi,4,Signal Violation,0,0,1,1,0,0,Low
2022,12,Monday,14,KPK,Abbottabad,Provincial Highway,Under Repair,Dusty/Smoggy,Daylight,Motorcycle,2,Pedestrian Error,0,0,0,1,3,0,Medium
2023,7,Friday,20,Sindh,Jacobabad,Rural Road,Good,Foggy,Street Light,Motorcycle,2,Wrong Overtaking,1,0,0,0,3,0,Medium
2023,6,Friday,21,Punjab,Faisalabad,National Highway,Good,Dusty/Smoggy,No Light,Car/Taxi,4,Over Speeding,0,0,0,0,1,0,Medium
2021,12,Saturday,17,Punjab,Lahore,Motorway,Good,Rainy,Daylight,Rickshaw,2,Signal Violation,1,1,0,1,10,3,High
2023,3,Saturday,6,Sindh,Larkana,National Highway,Average,Extreme Heat,Daylight,Truck/Lorry,2,Mechanical Failure,0,1,0,0,1,1,Medium
2018,12,Wednesday,10,KPK,Dera Ismail Khan,Urban Road,Average,Clear,Daylight,Motorcycle,1,Road Condition,0,0,0,1,2,0,Medium
2021,12,Thursday,12,Sindh,Jacobabad,National Highway,Good,Clear,Daylight,Truck/Lorry,2,Over Speeding,1,0,0,1,8,1,High
2019,4,Friday,17,Sindh,Mirpur Khas,Provincial Highway,Good,Clear,Street Light,Car/Taxi,2,Mechanical Failure,1,0,0,0,0,0,Low
2020,11,Sunday,19,KPK,Nowshera,Provincial Highway,Good,Clear,Dawn/Dusk,Bus/Coach,3,Wrong Overtaking,1,1,0,1,4,0,Medium
2023,10,Saturday,13,Sindh,Jacobabad,Provincial Highway,Poor,Clear,Daylight,Motorcycle,2,Over Speeding,1,1,0,0,4,0,Medium
2018,12,Tuesday,16,Punjab,Sargodha,National Highway,Average,Clear,Daylight,Motorcycle,2,Signal Violation,0,0,0,1,3,1,High
2020,7,Saturday,17,Sindh,Karachi,National Highway,Poor,Foggy,Daylight,Motorcycle,3,Over Speeding,1,1,0,0,11,3,High
2022,2,Tuesday,22,Sindh,Thatta,Urban Road,Good,Clear,No Light,Motorcycle,2,Weather Condition,0,0,1,1,3,0,Medium
2022,5,Friday,0,KPK,Mansehra,Rural Road,Good,Foggy,No Light,Car/Taxi,2,Signal Violation,0,0,1,0,2,0,Medium
2019,11,Thursday,12,Sindh,Nawabshah,Urban Road,Average,Clear,Daylight,Rickshaw,1,Over Speeding,1,0,0,1,1,0,Low
2021,3,Friday,13,Islamabad,Islamabad,Provincial Highway,Poor,Foggy,Daylight,Motorcycle,1,Wrong Overtaking,1,0,0,0,5,3,High
2023,8,Friday,1,Punjab,Rahim Yar Khan,National Highway,Under Repair,Clear,Street Light,Rickshaw,1,Driver Fatigue,0,0,1,0,6,0,High
2021,7,Monday,15,Islamabad,Islamabad,Provincial Highway,Good,Clear,Daylight,Car/Taxi,1,Pedestrian Error,0,0,0,0,1,0,Low
2022,4,Saturday,13,Sindh,Larkana,Urban Road,Good,Dusty/Smoggy,Street Light,Rickshaw,1,Wrong Overtaking,1,1,0,0,0,1,Low
2018,6,Sunday,21,KPK,Bannu,National Highway,Poor,Clear,Street Light,Car/Taxi,4,Signal Violation,0,1,0,0,2,0,Low
2018,3,Sunday,21,Punjab,Rahim Yar Khan,Urban Road,Good,Dusty/Smoggy,No Light,Truck/Lorry,2,Wrong Overtaking,0,1,0,0,0,0,Low
2019,6,Monday,8,Punjab,Sheikhupura,Provincial Highway,Good,Foggy,Daylight,Van/Pickup,4,Pedestrian Error,1,0,0,0,1,0,Low
2019,7,Wednesday,11,KPK,Mansehra,Urban Road,Good,Dusty/Smoggy,Daylight,Motorcycle,2,Wrong Overtaking,0,0,0,0,2,1,Medium
2023,5,Friday,14,KPK,Bannu,National Highway,Under Repair,Clear,Daylight,Rickshaw,2,Wrong Overtaking,0,0,0,0,5,1,Medium
2022,6,Saturday,16,Punjab,Lahore,National Highway,Under Repair,Clear,Daylight,Car/Taxi,1,Over Speeding,0,1,0,0,4,1,High
2019,9,Thursday,10,Sindh,Jacobabad,Provincial Highway,Good,Clear,Daylight,Car/Taxi,2,Over Speeding,0,0,0,0,2,0,Medium
2023,7,Friday,7,Punjab,Sheikhupura,Provincial Highway,Good,Foggy,Daylight,Motorcycle,1,Signal Violation,1,0,0,0,1,1,Medium
2019,7,Friday,21,Gilgit-Baltistan,Gilgit,Motorway,Good,Foggy,No Light,Motorcycle,3,Pedestrian Error,0,0,0,0,4,0,Medium
2020,12,Sunday,13,Balochistan,Zhob,Motorway,Average,Foggy,Daylight,Car/Taxi,3,Wrong Overtaking,1,1,0,1,5,1,Medium
2022,8,Saturday,16,Punjab,Sialkot,Provincial Highway,Good,Clear,Dawn/Dusk,Motorcycle,3,Over Speeding,0,1,0,0,11,2,High
2019,9,Sunday,3,Balochistan,Hub,National Highway,Good,Clear,No Light,Car/Taxi,4,Pedestrian Error,0,1,1,0,3,1,Medium
2023,9,Sunday,17,Balochistan,Dera Bugti,Urban Road,Average,Clear,Daylight,Motorcycle,3,Mechanical Failure,1,1,0,0,0,0,Low