year,month,day_of_week,hour_of_day,province,district,road_type,road_condition,weather_condition,lighting_condition,vehicle_type,vehicles_involved,accident_cause,is_rush_hour,is_weekend,is_night,is_foggy_month,num_injured,num_killed,severity
2023,1,Monday,11,Punjab,Sheikhupura,National Highway,Average,Extreme Heat,Daylight,Motorcycle,2,Weather Condition,0,0,0,1,1,1,Medium
2020,12,Tuesday,9,KPK,Kohat,National Highway,Poor,Clear,No Light,Motorcycle,1,Signal Violation,1,0,0,1,4,3,High
2022,5,Tuesday,17,Sindh,Sukkur,Provincial Highway,Good,Clear,Daylight,Motorcycle,1,Signal Violation,1,0,0,0,3,2,High
2021,7,Friday,19,Sindh,Nawabshah,Rural Road,Average,Clear,Dawn/Dusk,Motorcycle,3,Over Speeding,1,0,0,0,9,2,High
2023,2,Saturday,16,Punjab,Sialkot,National Highway,Good,Extreme Heat,Daylight,Van/Pickup,2,Over Speeding,0,1,0,1,4,0,Medium
2020,6,Tuesday,12,Punjab,Lahore,Urban Road,Average,Extreme Heat,Daylight,Van/Pickup,3,Over Speeding,1,0,0,0,1,0,Low
2021,2,Saturday,22,Sindh,Larkana,Rural Road,Good,Extreme Heat,No Light,Motorcycle,2,Over Speeding,0,1,1,1,2,1,High
2021,7,Monday,17,Punjab,Rahim Yar Khan,Urban Road,Poor,Foggy,Dawn/Dusk,Car/Taxi,2,Road Condition,1,0,0,0,0,0,Low
2021,8,Tuesday,22,KPK,Dera Ismail Khan,Provincial Highway,Good,Rainy,Street Light,Motorcycle,2,Drunk Driving,0,0,1,0,7,1,High
2023,7,Thursday,8,Punjab,Lahore,Rural Road,Good,Foggy,Daylight,Van/Pickup,2,Over Speeding,1,0,0,0,2,2,Medium
2021,1,Monday,21,Punjab,Sialkot,Rural Road,Poor,Clear,No Light,Van/Pickup,1,Wrong Overtaking,0,0,0,1,1,0,Low
2023,7,Sunday,8,Balochistan,Turbat,Urban Road,Good,Foggy,Dawn/Dusk,Motorcycle,2,Over Speeding,1,1,0,0,4,0,Medium
2022,5,Saturday,6,Sindh,Mirpur Khas,National Highway,Poor,Dusty/Smoggy,Daylight,Truck/Lorry,2,Pedestrian Error,0,1,0,0,1,0,Low
2021,10,Sunday,19,Sindh,Sukkur,Urban Road,Average,Clear,Street Light,Car/Taxi,2,Wrong Overtaking,1,1,0,0,2,0,Low
2023,5,Monday,20,Islamabad,Islamabad,National Highway,Poor,Clear,No Light,Motorcycle,1,Over Speeding,1,0,0,0,7,0,High
2022,5,Wednesday,8,Balochistan,Zhob,Rural Road,Average,Rainy,Daylight,Rickshaw,1,Over Speeding,1,0,0,0,4,0,Medium
2020,12,Wednesday,14,Punjab,Sheikhupura,Urban Road,Good,Clear,Daylight,Bicycle,1,Mechanical Failure,0,0,0,1,2,0,Low
2023,12,Saturday,23,Sindh,Sukkur,Rural Road,Good,Clear,No Light,Bus/Coach,1,Drunk Driving,0,1,1,1,1,1,Medium
2023,5,Wednesday,15,AJK,Muzaffarabad,National Highway,Good,Foggy,Daylight,Motorcycle,3,Wrong Overtaking,0,0,0,0,4,0,High
2023,9,Sunday,18,Punjab,Gujranwala,Urban Road,Good,Clear,Dawn/Dusk,Bus/Coach,1,Driver Fatigue,1,1,0,0,2,0,Medium
2021,1,Tuesday,8,Punjab,Faisalabad,National Highway,Average,Clear,Daylight,Truck/Lorry,4,Over Speeding,1,0,0,1,3,0,Medium
2020,4,Friday,20,Punjab,Rahim Yar Khan,National Highway,Average,Foggy,Street Light,Car/Taxi,4,Road Condition,1,0,0,0,2,0,Low
2018,12,Friday,9,Punjab,Rahim Yar Khan,Provincial Highway,Average,Clear,Daylight,Truck/Lorry,4,Over Speeding,1,0,0,1,5,0,Medium
2019,12,Saturday,8,KPK,Dera Ismail Khan,National Highway,Good,Foggy,Daylight,Motorcycle,1,Driver Fatigue,1,1,0,1,3,0,High
2023,7,Friday,21,KPK,Dera Ismail Khan,Rural Road,Average,Clear,Street Light,Motorcycle,3,Wrong Overtaking,0,0,0,0,2,0,Medium
2023,3,Thursday,13,Islamabad,Islamabad,Provincial Highway,Under Repair,Foggy,No Light,Motorcycle,1,Over Speeding,1,0,0,0,2,2,High
2019,11,Tuesday,11,KPK,Bannu,Rural Road,Average,Foggy,Daylight,Motorcycle,2,Mobile Phone Use,0,0,0,1,1,0,Low
2023,6,Thursday,18,Punjab,Rawalpindi,Motorway,Good,Dusty/Smoggy,Street Light,Other,2,Wrong Overtaking,1,0,0,0,2,0,Medium
2018,2,Thursday,15,Punjab,Sheikhupura,Rural Road,Average,Foggy,Daylight,Car/Taxi,2,Wrong Overtaking,0,0,0,1,0,0,Low
2022,10,Monday,17,AJK,Mirpur,National Highway,Good,Clear,Daylight,Rickshaw,2,Wrong Overtaking,1,0,0,0,4,1,Medium
2023,2,Friday,16,Punjab,Lahore,Urban Road,Good,Clear,Daylight,Motorcycle,1,Drunk Driving,0,0,0,1,3,2,Medium
2020,12,Friday,1,Punjab,Lahore,Urban Road,Average,Clear,No Light,Truck/Lorry,3,Mobile Phone Use,0,0,1,1,2,0,Low
2023,11,Saturday,10,Balochistan,Khuzdar,Provincial Highway,Good,Clear,Daylight,Van/Pickup,2,Over Speeding,0,1,0,1,4,0,Medium
2022,9,Monday,22,Sindh,Mirpur Khas,Provincial Highway,Average,Clear,No Light,Rickshaw,2,Mechanical Failure,0,0,1,0,2,0,Medium
2021,11,Saturday,3,Punjab,Sialkot,National Highway,Average,Clear,Street Light,Truck/Lorry,3,Over Speeding,0,1,1,1,5,1,High
2022,3,Sunday,13,Balochistan,Hub,Motorway,Average,Rainy,Daylight,Rickshaw,3,Road Condition,1,1,0,0,2,0,Low
2023,7,Sunday,13,Gilgit-Baltistan,Skardu,National Highway,Good,Foggy,Dawn/Dusk,Van/Pickup,3,Wrong Overtaking,1,1,0,0,1,0,Medium
2022,2,Saturday,13,Punjab,Faisalabad,Rural Road,Average,Foggy,Daylight,Motorcycle,3,Driver Fatigue,1,1,0,1,9,0,High
2023,2,Wednesday,19,Balochistan,Hub,National Highway,Good,Dusty/Smoggy,No Light,Van/Pickup,1,Wrong Overtaking,1,0,0,1,2,0,Medium
2023,7,Thursday,10,Punjab,Sargodha,Motorway,Good,Clear,Dawn/Dusk,Motorcycle,1,Signal Violation,0,0,0,0,1,0,Medium
2018,4,Monday,21,Sindh,Hyderabad,Provincial Highway,Good,Foggy,No Light,Motorcycle,2,Mechanical Failure,0,0,0,0,7,0,High
2023,8,Sunday,13,Balochistan,Hub,Rural Road,Under Repair,Foggy,Daylight,Van/Pickup,2,Over Speeding,1,1,0,0,0,0,Low
2019,2,Sunday,13,AJK,Muzaffarabad,National Highway,Poor,Foggy,Daylight,Motorcycle,2,Signal Violation,1,1,0,1,6,2,High
2020,7,Friday,16,Punjab,Bahawalpur,Urban Road,Average,Rainy,Daylight,Motorcycle,1,Wrong Overtaking,0,0,0,0,2,1,Medium
2023,10,Tuesday,22,Punjab,Sheikhupura,Urban Road,Under Repair,Clear,No Light,Car/Taxi,3,Signal Violation,0,0,1,0,2,0,Low
2023,1,Monday,18,Punjab,Rawalpindi,Provincial Highway,Poor,Foggy,Daylight,Rickshaw,1,Over Speeding,1,0,0,1,3,0,Medium
2019,10,Saturday,9,Sindh,Larkana,National Highway,Poor,Clear,Street Light,Car/Taxi,3,Wrong Overtaking,1,1,0,0,1,0,Low
2019,10,Monday,19,Punjab,Sheikhupura,Provincial Highway,Average,Clear,Dawn/Dusk,Motorcycle,4,Over Speeding,1,0,0,0,5,2,High
2023,12,Tuesday,6,Punjab,Sheikhupura,Urban Road,Average,Extreme Heat,No Light,Bus/Coach,2,Wrong Overtaking,0,0,0,1,2,0,Low
2022,8,Saturday,13,Punjab,Rawalpindi,National Highway,Average,Clear,Daylight,Car/Taxi,2,Weather Condition,1,1,0,0,1,0,Low
2019,1,Thursday,13,Punjab,Faisalabad,National Highway,Average,Foggy,No Light,Car/Taxi,1,Wrong Overtaking,1,0,0,1,5,0,Medium
2021,6,Tuesday,12,Punjab,Sargodha,Motorway,Good,Clear,Dawn/Dusk,Motorcycle,4,Over Speeding,1,0,0,0,3,4,High
2018,7,Friday,12,KPK,Swat,Rural Road,Good,Clear,Daylight,Rickshaw,1,Pedestrian Error,1,0,0,0,2,0,Low
2023,11,Tuesday,7,Punjab,Rawalpindi,Rural Road,Good,Clear,Daylight,Car/Taxi,2,Wrong Overtaking,1,0,0,1,0,0,Low
2022,12,Saturday,8,Punjab,Faisalabad,National Highway,Poor,Clear,Daylight,Motorcycle,4,Road Condition,1,1,0,1,2,0,Medium
2018,3,Monday,17,Balochistan,Dera Bugti,Provincial Highway,Good,Dusty/Smoggy,Daylight,Motorcycle,1,Driver Fatigue,1,0,0,0,2,3,High
2020,1,Monday,6,KPK,Charsadda,National Highway,Average,Dusty/Smoggy,Dawn/Dusk,Motorcycle,2,Pedestrian Error,0,0,0,1,5,1,Medium
2018,7,Sunday,18,Punjab,Sargodha,National Highway,Poor,Clear,Daylight,Car/Taxi,2,Road Condition,1,1,0,0,1,0,Low
2021,5,Wednesday,21,Punjab,Gujranwala,Rural Road,Under Repair,Foggy,Street Light,Motorcycle,2,Pedestrian Error,0,0,0,0,4,0,Medium
2023,1,Wednesday,16,KPK,Nowshera,Provincial Highway,Average,Clear,Daylight,Motorcycle,1,Pedestrian Error,0,0,0,1,5,1,Medium
2021,1,Thursday,19,Punjab,Lahore,Rural Road,Good,Extreme Heat,Street Light,Car/Taxi,3,Over Speeding,1,0,0,1,2,0,Low
2020,7,Thursday,20,KPK,Bannu,Provincial Highway,Good,Dusty/Smoggy,No Light,Motorcycle,3,Wrong Overtaking,1,0,0,0,5,0,Medium
2021,11,Thursday,3,Sindh,Thatta,National Highway,Average,Dusty/Smoggy,No Light,Motorcycle,1,Mobile Phone Use,0,0,1,1,5,1,Medium
2019,4,Friday,18,Punjab,Multan,National Highway,Good,Clear,Daylight,Motorcycle,1,Signal Violation,1,0,0,0,11,1,High
2022,5,Tuesday,8,Sindh,Karachi,National Highway,Good,Extreme Heat,Street Light,Motorcycle,2,Wrong Overtaking,1,0,0,0,10,3,High
2022,12,Tuesday,20,KPK,Swat,National Highway,Good,Clear,No Light,Motorcycle,2,Drunk Driving,1,0,0,1,3,0,High
2019,6,Friday,20,Balochistan,Quetta,Provincial Highway,Poor,Clear,Street Light,Car/Taxi,1,Road Condition,1,0,0,0,1,0,Low
2021,8,Sunday,11,Punjab,Sialkot,National Highway,Average,Clear,Daylight,Motorcycle,2,Signal Violation,0,1,0,0,5,1,High
2020,11,Saturday,10,Sindh,Thatta,Urban Road,Good,Dusty/Smoggy,Daylight,Motorcycle,1,Wrong Overtaking,0,1,0,1,4,1,Medium
2020,8,Wednesday,15,Punjab,Gujranwala,National Highway,Good,Rainy,Daylight,Car/Taxi,2,Drunk Driving,0,0,0,0,9,1,High
2023,5,Friday,10,Sindh,Dadu,Provincial Highway,Good,Clear,No Light,Motorcycle,2,Over Speeding,0,0,0,0,2,1,High
2023,1,Saturday,18,Balochistan,Dera Bugti,Provincial Highway,Average,Foggy,Street Light,Motorcycle,2,Wrong Overtaking,1,1,0,1,3,0,Medium
2019,2,Sunday,9,Punjab,Faisalabad,Urban Road,Under Repair,Rainy,Daylight,Bus/Coach,2,Mechanical Failure,1,1,0,1,4,0,Medium
2022,11,Tuesday,5,Islamabad,Islamabad,Urban Road,Average,Extreme Heat,Dawn/Dusk,Motorcycle,2,Driver Fatigue,0,0,1,1,10,0,High
2023,9,Thursday,9,Sindh,Hyderabad,Rural Road,Under Repair,Foggy,Daylight,Car/Taxi,2,Drunk Driving,1,0,0,0,1,1,Medium
2022,12,Saturday,12,Islamabad,Islamabad,Rural Road,Good,Rainy,Daylight,Motorcycle,3,Signal Violation,1,1,0,1,2,0,Medium
2022,5,Tuesday,13,KPK,Swat,Urban Road,Average,Foggy,No Light,Motorcycle,2,Mechanical Failure,1,0,0,0,1,1,Medium
2022,2,Saturday,10,Punjab,Sialkot,Provincial Highway,Good,Foggy,Daylight,Car/Taxi,3,Road Condition,0,1,0,1,1,0,Low
2019,3,Friday,17,Punjab,Sialkot,National Highway,Good,Clear,Daylight,Bus/Coach,4,Mechanical Failure,1,0,0,0,1,1,Low
2023,12,Thursday,21,Punjab,Sialkot,Urban Road,Average,Clear,No Light,Car/Taxi,4,Signal Violation,0,0,0,1,2,0,Low
2020,3,Friday,15,Punjab,Sialkot,Provincial Highway,Good,Clear,Dawn/Dusk,Other,2,Signal Violation,0,0,0,0,1,0,Low
2022,2,Wednesday,10,Sindh,Karachi,National Highway,Good,Rainy,Daylight,Motorcycle,2,Signal Violation,0,0,0,1,5,3,High
2020,7,Saturday,22,Sindh,Karachi,National Highway,Good,Clear,No Light,Motorcycle,1,Drunk Driving,0,1,1,0,11,0,High
2018,6,Thursday,20,Islamabad,Islamabad,National Highway,Under Repair,Clear,Street Light,Car/Taxi,2,Pedestrian Error,1,0,0,0,1,0,Low
2020,6,Sunday,7,Sindh,Sukkur,Urban Road,Poor,Clear,Daylight,Car/Taxi,1,Signal Violation,1,1,0,0,1,0,Low
2023,9,Monday,6,KPK,Mardan,Rural Road,Poor,Clear,No Light,Truck/Lorry,1,Signal Violation,0,0,0,0,0,1,Low
2021,11,Sunday,8,Islamabad,Islamabad,National Highway,Average,Clear,Daylight,Bus/Coach,2,Mobile Phone Use,1,1,0,1,5,2,Medium
2019,1,Sunday,16,Balochistan,Loralai,Rural Road,Average,Clear,Daylight,Bus/Coach,3,Over Speeding,0,1,0,1,3,1,Medium
2023,8,Sunday,12,Punjab,Sialkot,Provincial Highway,Good,Rainy,Daylight,Car/Taxi,2,Driver Fatigue,1,1,0,0,9,1,High
2018,2,Monday,19,Sindh,Mirpur Khas,Provincial Highway,Average,Clear,Street Light,Car/Taxi,3,Over Speeding,1,0,0,1,1,0,Low
2020,12,Sunday,14,Punjab,Bahawalpur,Provincial Highway,Poor,Clear,Daylight,Motorcycle,2,Over Speeding,0,1,0,1,8,2,High
2018,11,Sunday,16,Punjab,Faisalabad,Rural Road,Poor,Foggy,Daylight,Motorcycle,4,Wrong Overtaking,0,1,0,1,4,0,Medium
2020,2,Monday,19,Punjab,Sargodha,Urban Road,Poor,Clear,Daylight,Motorcycle,4,Over Speeding,1,0,0,1,10,2,High
2020,11,Friday,20,KPK,Dera Ismail Khan,National Highway,Poor,Foggy,No Light,Motorcycle,1,Over Speeding,1,0,0,1,4,1,High
2023,12,Friday,20,Sindh,Larkana,Provincial Highway,Good,Clear,Street Light,Motorcycle,2,Wrong Overtaking,1,0,0,1,2,3,High
2019,12,Friday,12,Sindh,Sukkur,Motorway,Average,Clear,Daylight,Bicycle,2,Over Speeding,1,0,0,1,11,1,High
2023,6,Thursday,22,AJK,Muzaffarabad,National Highway,Poor,Foggy,Street Light,Motorcycle,3,Drunk Driving,0,0,1,0,3,1,High
2018,2,Sunday,12,Punjab,Rahim Yar Khan,Provincial Highway,Average,Clear,Daylight,Motorcycle,3,Wrong Overtaking,1,1,0,1,1,0,Medium
2023,11,Friday,16,Sindh,Hyderabad,Urban Road,Good,Clear,Daylight,Motorcycle,2,Wrong Overtaking,0,0,0,1,5,2,Medium
2018,10,Monday,18,KPK,Nowshera,Provincial Highway,Average,Clear,Daylight,Rickshaw,4,Over Speeding,1,0,0,0,4,0,Medium
2021,2,Saturday,21,Punjab,Rawalpindi,Urban Road,Good,Rainy,Street Light,Motorcycle,2,Wrong Overtaking,0,1,0,1,1,0,Medium
2023,6,Thursday,20,Sindh,Mirpur Khas,National Highway,Average,Clear,No Light,Bus/Coach,1,Driver Fatigue,1,0,0,0,11,2,High
2022,8,Sunday,16,Punjab,Rawalpindi,National Highway,Average,Extreme Heat,Daylight,Bicycle,2,Signal Violation,0,1,0,0,2,1,High
2018,4,Monday,6,Balochistan,Loralai,Provincial Highway,Under Repair,Clear,Daylight,Motorcycle,4,Wrong Overtaking,0,0,0,0,5,0,Medium
2022,7,Thursday,18,Punjab,Multan,Rural Road,Under Repair,Clear,Dawn/Dusk,Motorcycle,2,Wrong Overtaking,1,0,0,0,3,0,Medium
2021,2,Thursday,1,Punjab,Bahawalpur,Urban Road,Average,Dusty/Smoggy,No Light,Motorcycle,2,Driver Fatigue,0,0,1,1,4,0,Medium
2021,5,Saturday,15,Sindh,Kashmore,Motorway,Good,Rainy,Street Light,Motorcycle,1,Over Speeding,0,1,0,0,7,0,High
2018,8,Saturday,20,Punjab,Bahawalpur,Provincial Highway,Under Repair,Foggy,Street Light,Rickshaw,4,Wrong Overtaking,1,1,0,0,5,0,Medium
2023,6,Thursday,21,Punjab,Multan,Provincial Highway,Under Repair,Clear,No Light,Motorcycle,2,Mobile Phone Use,0,0,0,0,5,0,Medium
2019,11,Sunday,22,Punjab,Faisalabad,Provincial Highway,Poor,Rainy,Street Light,Rickshaw,1,Wrong Overtaking,0,1,1,1,4,1,Medium
2023,2,Saturday,18,Punjab,Sargodha,Provincial Highway,Good,Extreme Heat,No Light,Car/Taxi,2,Over Speeding,1,1,0,1,5,1,Medium
2021,6,Saturday,2,Sindh,Karachi,National Highway,Good,Clear,No Light,Car/Taxi,1,Pedestrian Error,0,1,1,0,1,0,Low
2023,7,Wednesday,18,Sindh,Dadu,National Highway,Average,Clear,Daylight,Truck/Lorry,1,Wrong Overtaking,1,0,0,0,5,1,Medium
2020,1,Sunday,18,Sindh,Mirpur Khas,Provincial Highway,Poor,Dusty/Smoggy,Daylight,Motorcycle,3,Mechanical Failure,1,1,0,1,0,0,Low
2019,9,Friday,14,Sindh,Kashmore,Motorway,Poor,Rainy,Daylight,Motorcycle,2,Over Speeding,0,0,0,0,11,1,High
2022,3,Friday,11,Punjab,Multan,Rural Road,Poor,Clear,Daylight,Car/Taxi,3,Over Speeding,0,0,0,0,0,0,Low
2020,11,Friday,17,Punjab,Multan,National Highway,Average,Dusty/Smoggy,Dawn/Dusk,Bus/Coach,2,Driver Fatigue,1,0,0,1,3,2,High
2023,3,Friday,14,KPK,Bannu,Urban Road,Poor,Clear,Daylight,Car/Taxi,4,Over Speeding,0,0,0,0,0,0,Low
2022,6,Monday,4,Balochistan,Quetta,Urban Road,Under Repair,Clear,No Light,Car/Taxi,2,Road Condition,0,0,1,0,2,0,Low
2022,1,Wednesday,17,Punjab,Multan,Urban Road,Under Repair,Clear,No Light,Van/Pickup,2,Road Condition,1,0,0,1,2,0,Low
2019,10,Thursday,17,Punjab,Sialkot,Urban Road,Good,Dusty/Smoggy,Dawn/Dusk,Rickshaw,1,Over Speeding,1,0,0,0,0,0,Low
2022,12,Wednesday,22,Sindh,Thatta,National Highway,Poor,Rainy,Street Light,Motorcycle,2,Mechanical Failure,0,0,1,1,9,1,High
2019,7,Friday,21,Sindh,Hyderabad,Provincial Highway,Average,Foggy,No Light,Bus/Coach,3,Mechanical Failure,0,0,0,0,5,0,Medium
2023,10,Wednesday,9,Sindh,Thatta,National Highway,Average,Foggy,Dawn/Dusk,Motorcycle,2,Over Speeding,1,0,0,0,9,1,High
2022,7,Saturday,15,Punjab,Sheikhupura,Rural Road,Good,Clear,Daylight,Bus/Coach,1,Over Speeding,0,1,0,0,2,0,Medium
2022,8,Sunday,15,KPK,Charsadda,National Highway,Average,Clear,No Light,Motorcycle,1,Wrong Overtaking,0,1,0,0,9,2,High
2022,10,Sunday,7,Punjab,Gujranwala,Rural Road,Good,Clear,Daylight,Car/Taxi,4,Over Speeding,1,1,0,0,5,0,Medium
2021,1,Sunday,11,Sindh,Karachi,National Highway,Poor,Clear,Daylight,Motorcycle,1,Pedestrian Error,0,1,0,1,7,1,High
2019,3,Monday,8,KPK,Mansehra,Urban Road,Good,Rainy,Daylight,Motorcycle,2,Mechanical Failure,1,0,0,0,3,0,Medium
2023,2,Tuesday,9,Sindh,Karachi,Provincial Highway,Average,Clear,Daylight,Rickshaw,2,Over Speeding,1,0,0,1,1,0,Medium
2020,1,Sunday,13,Punjab,Multan,Provincial Highway,Average,Clear,Daylight,Motorcycle,2,Mechanical Failure,1,1,0,1,1,0,Medium
2023,10,Monday,18,AJK,Muzaffarabad,Urban Road,Good,Rainy,Daylight,Motorcycle,3,Drunk Driving,1,0,0,0,4,2,High
2020,11,Tuesday,17,Balochistan,Hub,Motorway,Good,Clear,Street Light,Car/Taxi,1,Road Condition,1,0,0,1,1,0,Medium
2022,8,Thursday,10,KPK,Nowshera,Rural Road,Good,Clear,Street Light,Motorcycle,1,Driver Fatigue,0,0,0,0,3,1,Medium
2022,7,Sunday,21,Punjab,Sheikhupura,Rural Road,Average,Clear,No Light,Car/Taxi,3,Wrong Overtaking,0,1,0,0,1,0,Low
2023,4,Tuesday,12,Punjab,Multan,Rural Road,Good,Clear,Daylight,Rickshaw,1,Signal Violation,1,0,0,0,2,0,Low
2022,10,Saturday,19,Islamabad,Islamabad,Rural Road,Average,Foggy,Dawn/Dusk,Car/Taxi,2,Wrong Overtaking,1,1,0,0,2,0,Low
2021,4,Wednesday,10,Sindh,Mirpur Khas,Rural Road,Good,Dusty/Smoggy,Street Light,Truck/Lorry,2,Pedestrian Error,0,0,0,0,0,0,Low
2023,10,Thursday,12,Balochistan,Zhob,Urban Road,Average,Foggy,Daylight,Truck/Lorry,1,Driver Fatigue,1,0,0,0,3,0,Medium
2019,12,Friday,22,Punjab,Lahore,National Highway,Under Repair,Dusty/Smoggy,Street Light,Van/Pickup,2,Drunk Driving,0,0,1,1,9,1,High
2023,6,Monday,13,Punjab,Rahim Yar Khan,Urban Road,Good,Clear,Daylight,Motorcycle,1,Driver Fatigue,1,0,0,0,9,3,High
2021,8,Wednesday,12,AJK,Rawalakot,National Highway,Poor,Clear,Daylight,Motorcycle,3,Over Speeding,1,0,0,0,5,2,High
2018,6,Friday,21,Sindh,Mirpur Khas,National Highway,Under Repair,Rainy,No Light,Bus/Coach,2,Wrong Overtaking,0,0,0,0,5,0,High
2023,7,Sunday,19,Punjab,Rahim Yar Khan,National Highway,Average,Clear,Dawn/Dusk,Car/Taxi,2,Mechanical Failure,1,1,0,0,3,0,Medium
2020,2,Wednesday,16,Punjab,Multan,Rural Road,Average,Foggy,Daylight,Car/Taxi,1,Road Condition,0,0,0,1,1,0,Low
2023,3,Friday,19,Sindh,Karachi,National Highway,Average,Clear,Dawn/Dusk,Van/Pickup,3,Signal Violation,1,0,0,0,2,0,Medium
2021,12,Sunday,6,Punjab,Multan,Urban Road,Average,Rainy,Daylight,Motorcycle,1,Wrong Overtaking,0,1,0,1,11,1,High
2020,11,Friday,5,Sindh,Mirpur Khas,National Highway,Good,Foggy,No Light,Rickshaw,1,Drunk Driving,0,0,1,1,3,4,High
2023,1,Saturday,22,Punjab,Sheikhupura,Urban Road,Good,Rainy,No Light,Motorcycle,4,Over Speeding,0,1,1,1,6,1,High
2019,1,Wednesday,19,KPK,Peshawar,Rural Road,Poor,Clear,Street Light,Bus/Coach,2,Road Condition,1,0,0,1,0,0,Low
2023,11,Saturday,18,Punjab,Sialkot,Provincial Highway,Good,Clear,Daylight,Motorcycle,3,Pedestrian Error,1,1,0,1,2,1,Medium
2022,12,Friday,9,AJK,Muzaffarabad,National Highway,Good,Clear,Daylight,Car/Taxi,2,Over Speeding,1,0,0,1,1,1,Medium
2022,3,Saturday,5,Punjab,Gujranwala,Urban Road,Average,Extreme Heat,Street Light,Bus/Coach,2,Over Speeding,0,1,1,0,2,0,Medium
2021,7,Monday,10,Sindh,Hyderabad,Rural Road,Poor,Clear,No Light,Motorcycle,2,Wrong Overtaking,0,0,0,0,2,0,Low
2018,1,Wednesday,18,Punjab,Lahore,National Highway,Average,Rainy,Daylight,Rickshaw,2,Wrong Overtaking,1,0,0,1,5,0,Medium
2023,11,Monday,13,KPK,Kohat,Urban Road,Average,Clear,Daylight,Van/Pickup,2,Wrong Overtaking,1,0,0,1,1,0,Low
2021,1,Friday,14,Gilgit-Baltistan,Hunza,National Highway,Good,Foggy,Daylight,Bus/Coach,1,Pedestrian Error,0,0,0,1,2,1,Medium
2021,8,Saturday,10,KPK,Abbottabad,Provincial Highway,Under Repair,Clear,Daylight,Motorcycle,1,Mobile Phone Use,0,1,0,0,5,0,Medium
2020,1,Wednesday,12,Sindh,Nawabshah,Provincial Highway,Good,Foggy,No Light,Bus/Coach,4,Over Speeding,1,0,0,1,8,2,High
2021,1,Sunday,14,Sindh,Dadu,Rural Road,Average,Clear,Daylight,Car/Taxi,2,Over Speeding,0,1,0,1,2,0,Low
2022,6,Friday,2,KPK,Peshawar,National Highway,Good,Clear,No Light,Motorcycle,4,Drunk Driving,0,0,1,0,6,1,High
2023,9,Tuesday,17,Islamabad,Islamabad,Motorway,Average,Dusty/Smoggy,Daylight,Motorcycle,4,Mechanical Failure,1,0,0,0,2,0,Medium
2020,6,Thursday,16,AJK,Mirpur,National Highway,Poor,Foggy,Daylight,Motorcycle,4,Wrong Overtaking,0,0,0,0,3,1,High
2019,2,Wednesday,8,Punjab,Multan,Rural Road,Good,Clear,Dawn/Dusk,Motorcycle,1,Drunk Driving,1,0,0,1,5,0,Medium
2020,8,Sunday,9,Gilgit-Baltistan,Hunza,Urban Road,Under Repair,Clear,Daylight,Rickshaw,1,Over Speeding,1,1,0,0,2,0,Low
2023,7,Friday,9,Punjab,Faisalabad,National Highway,Good,Extreme Heat,Daylight,Motorcycle,2,Road Condition,1,0,0,0,4,2,Medium
2023,10,Thursday,18,Punjab,Bahawalpur,National Highway,Average,Clear,Street Light,Motorcycle,3,Road Condition,1,0,0,0,2,1,High
2023,2,Saturday,11,Punjab,Sialkot,National Highway,Poor,Clear,Daylight,Car/Taxi,2,Over Speeding,0,1,0,1,3,0,Medium
2022,7,Thursday,21,Punjab,Multan,Rural Road,Average,Clear,No Light,Car/Taxi,4,Signal Violation,0,0,0,0,2,0,Low
2019,6,Sunday,9,KPK,Abbottabad,Provincial Highway,Good,Dusty/Smoggy,Street Light,Car/Taxi,2,Over Speeding,1,1,0,0,1,0,Medium
2020,5,Wednesday,23,Balochistan,Dera Bugti,Urban Road,Average,Foggy,Street Light,Motorcycle,3,Signal Violation,0,0,1,0,4,0,Medium
2022,6,Friday,13,KPK,Nowshera,Rural Road,Poor,Clear,Daylight,Motorcycle,1,Drunk Driving,1,0,0,0,3,0,Medium
2023,7,Monday,12,Sindh,Dadu,Urban Road,Poor,Rainy,Daylight,Truck/Lorry,3,Over Speeding,1,0,0,0,2,0,Medium
2023,8,Tuesday,11,Sindh,Hyderabad,National Highway,Average,Rainy,Street Light,Motorcycle,1,Signal Violation,0,0,0,0,2,1,High
2019,11,Saturday,19,KPK,Charsadda,Urban Road,Good,Rainy,Dawn/Dusk,Motorcycle,4,Drunk Driving,1,1,0,1,8,2,High
2021,8,Thursday,19,Punjab,Faisalabad,Urban Road,Poor,Clear,Dawn/Dusk,Car/Taxi,1,Signal Violation,1,0,0,0,2,0,Low
2022,1,Tuesday,9,Balochistan,Zhob,National Highway,Poor,Foggy,Daylight,Bicycle,2,Drunk Driving,1,0,0,1,4,0,High
2022,2,Sunday,17,KPK,Charsadda,Rural Road,Good,Foggy,Dawn/Dusk,Car/Taxi,2,Mechanical Failure,1,1,0,1,0,1,Low
2023,10,Monday,12,KPK,Peshawar,National Highway,Poor,Clear,Daylight,Car/Taxi,3,Wrong Overtaking,1,0,0,0,5,1,Medium
2022,6,Sunday,11,Sindh,Jacobabad,Urban Road,Good,Extreme Heat,Daylight,Truck/Lorry,2,Mechanical Failure,0,1,0,0,0,0,Low
2023,5,Tuesday,10,Balochistan,Sibi,Rural Road,Average,Clear,Daylight,Rickshaw,2,Mobile Phone Use,0,0,0,0,2,1,Low
2022,12,Saturday,20,Punjab,Sialkot,Provincial Highway,Average,Rainy,No Light,Truck/Lorry,2,Wrong Overtaking,1,1,0,1,8,1,High