year,month,day_of_week,hour_of_day,province,district,road_type,road_condition,weather_condition,lighting_condition,vehicle_type,vehicles_involved,accident_cause,is_rush_hour,is_weekend,is_night,is_foggy_month,num_injured,num_killed,severity
2021,5,Sunday,11,Punjab,Sialkot,Rural Road,Good,Clear,Daylight,Truck/Lorry,2,Over Speeding,0,1,0,0,2,0,Medium
2023,8,Friday,19,KPK,Bannu,Urban Road,Average,Foggy,Dawn/Dusk,Motorcycle,2,Over Speeding,1,0,0,0,7,2,High
2021,12,Tuesday,12,Sindh,Hyderabad,Provincial Highway,Poor,Foggy,Dawn/Dusk,Car/Taxi,1,Signal Violation,1,0,0,1,2,2,Medium
2021,12,Wednesday,13,Balochistan,Gwadar,Urban Road,Good,Clear,Daylight,Motorcycle,4,Signal Violation,1,0,0,1,2,0,Medium
2018,11,Monday,12,Punjab,Bahawalpur,Provincial Highway,Under Repair,Clear,Daylight,Car/Taxi,1,Signal Violation,1,0,0,1,2,0,Medium
2022,5,Wednesday,19,Punjab,Gujranwala,National Highway,Good,Dusty/Smoggy,No Light,Rickshaw,3,Wrong Overtaking,1,0,0,0,5,0,Medium
2021,9,Sunday,23,Balochistan,Sibi,Rural Road,Poor,Rainy,No Light,Truck/Lorry,2,Over Speeding,0,1,1,0,3,0,Medium
2021,8,Monday,14,Sindh,Sukkur,Provincial Highway,Good,Clear,Dawn/Dusk,Car/Taxi,3,Wrong Overtaking,0,0,0,0,1,0,Low
2020,1,Friday,1,Sindh,Nawabshah,Rural Road,Average,Rainy,Street Light,Bus/Coach,1,Over Speeding,0,0,1,1,1,0,Medium
2022,1,Tuesday,19,Punjab,Sialkot,Rural Road,Good,Clear,Dawn/Dusk,Bus/Coach,4,Drunk Driving,1,0,0,1,5,1,Medium
2022,12,Wednesday,22,Punjab,Rawalpindi,Urban Road,Good,Clear,Street Light,Motorcycle,2,Over Speeding,0,0,1,1,4,0,Medium
2019,2,Saturday,20,Sindh,Nawabshah,Provincial Highway,Poor,Clear,No Light,Rickshaw,3,Pedestrian Error,1,1,0,1,0,0,Low
2021,1,Monday,8,Punjab,Lahore,Rural Road,Average,Clear,Daylight,Truck/Lorry,2,Mechanical Failure,1,0,0,1,2,0,Low
2023,1,Friday,17,Balochistan,Hub,Urban Road,Good,Clear,Street Light,Motorcycle,2,Signal Violation,1,0,0,1,0,0,Low
2020,2,Tuesday,1,KPK,Mardan,National Highway,Good,Clear,Street Light,Motorcycle,1,Pedestrian Error,0,0,1,1,3,1,Medium
2019,11,Wednesday,5,Punjab,Bahawalpur,Urban Road,Good,Rainy,Dawn/Dusk,Motorcycle,2,Over Speeding,0,0,1,1,6,2,High
2023,6,Tuesday,9,KPK,Nowshera,National Highway,Average,Foggy,Street Light,Motorcycle,1,Wrong Overtaking,1,0,0,0,2,1,High
2022,12,Sunday,19,Sindh,Jacobabad,Motorway,Good,Clear,No Light,Motorcycle,3,Over Speeding,1,1,0,1,3,1,High
2022,2,Friday,8,Punjab,Rahim Yar Khan,Provincial Highway,Poor,Foggy,No Light,Car/Taxi,2,Wrong Overtaking,1,0,0,1,3,0,Medium
2019,1,Monday,16,Punjab,Multan,National Highway,Poor,Foggy,Street Light,Car/Taxi,2,Road Condition,0,0,0,1,3,2,Medium
2021,8,Wednesday,21,Punjab,Faisalabad,National Highway,Good,Extreme Heat,No Light,Motorcycle,1,Over Speeding,0,0,0,0,7,0,High
2023,10,Monday,23,KPK,Abbottabad,Urban Road,Good,Dusty/Smoggy,No Light,Car/Taxi,2,Wrong Overtaking,0,0,1,0,1,0,Medium
2023,1,Saturday,0,Sindh,Kashmore,National Highway,Good,Clear,No Light,Bus/Coach,3,Driver Fatigue,0,1,1,1,7,0,High
2023,4,Saturday,19,Sindh,Larkana,Provincial Highway,Good,Clear,Dawn/Dusk,Car/Taxi,1,Over Speeding,1,1,0,0,4,1,Medium
2023,9,Wednesday,10,KPK,Abbottabad,National Highway,Poor,Clear,Daylight,Motorcycle,1,Drunk Driving,0,0,0,0,8,2,High
2023,11,Tuesday,4,KPK,Abbottabad,Urban Road,Poor,Rainy,No Light,Van/Pickup,2,Over Speeding,0,0,1,1,6,0,High
2020,2,Wednesday,4,Sindh,Karachi,National Highway,Poor,Rainy,Street Light,Motorcycle,2,Signal Violation,0,0,1,1,5,1,High
2023,2,Thursday,3,KPK,Peshawar,Rural Road,Good,Clear,No Light,Motorcycle,1,Mechanical Failure,0,0,1,1,3,1,Medium
2023,11,Tuesday,12,Punjab,Bahawalpur,Urban Road,Average,Clear,Daylight,Motorcycle,4,Mechanical Failure,1,0,0,1,3,1,Medium
2023,7,Monday,17,Balochistan,Chaman,Provincial Highway,Good,Clear,Daylight,Motorcycle,2,Over Speeding,1,0,0,0,11,4,High
2018,9,Saturday,22,Sindh,Karachi,Urban Road,Average,Clear,No Light,Rickshaw,2,Road Condition,0,1,1,0,0,0,Low
2022,10,Saturday,23,KPK,Swat,Provincial Highway,Good,Rainy,Street Light,Motorcycle,3,Road Condition,0,1,1,0,3,1,Medium
2021,8,Wednesday,17,Sindh,Hyderabad,National Highway,Good,Foggy,Daylight,Van/Pickup,2,Driver Fatigue,1,0,0,0,8,2,High
2022,4,Sunday,17,Punjab,Lahore,Provincial Highway,Average,Dusty/Smoggy,Daylight,Motorcycle,1,Wrong Overtaking,1,1,0,0,9,2,High
2018,8,Friday,19,Sindh,Hyderabad,National Highway,Poor,Clear,No Light,Van/Pickup,2,Road Condition,1,0,0,0,1,1,Medium
2018,11,Saturday,13,Punjab,Lahore,National Highway,Poor,Clear,No Light,Motorcycle,2,Mobile Phone Use,1,1,0,1,4,0,Medium
2023,9,Thursday,19,KPK,Kohat,National Highway,Average,Clear,Dawn/Dusk,Motorcycle,2,Road Condition,1,0,0,0,7,0,High
2019,12,Thursday,10,Sindh,Kashmore,Provincial Highway,Average,Clear,Street Light,Motorcycle,2,Over Speeding,0,0,0,1,5,2,High
2023,3,Tuesday,9,KPK,Mansehra,Rural Road,Average,Clear,Daylight,Motorcycle,1,Wrong Overtaking,1,0,0,0,0,0,Low
2023,11,Sunday,20,KPK,Charsadda,Rural Road,Good,Clear,No Light,Rickshaw,2,Pedestrian Error,1,1,0,1,1,0,Low
2023,9,Tuesday,16,KPK,Dera Ismail Khan,Rural Road,Poor,Clear,Daylight,Rickshaw,1,Wrong Overtaking,0,0,0,0,2,1,Low
2022,9,Friday,14,Punjab,Bahawalpur,Urban Road,Average,Rainy,Dawn/Dusk,Motorcycle,1,Pedestrian Error,0,0,0,0,3,0,Medium
2022,6,Wednesday,16,AJK,Mirpur,Motorway,Average,Clear,Daylight,Motorcycle,2,Over Speeding,0,0,0,0,7,2,High
2018,5,Thursday,3,Balochistan,Gwadar,Urban Road,Good,Clear,No Light,Motorcycle,2,Wrong Overtaking,0,0,1,0,8,1,High
2022,11,Sunday,19,KPK,Abbottabad,Rural Road,Good,Rainy,Daylight,Motorcycle,2,Over Speeding,1,1,0,1,5,0,Medium
2023,10,Saturday,16,Punjab,Gujranwala,Rural Road,Poor,Dusty/Smoggy,Daylight,Motorcycle,3,Drunk Driving,0,1,0,0,9,1,High
2023,11,Wednesday,17,Sindh,Thatta,Urban Road,Good,Foggy,Dawn/Dusk,Motorcycle,2,Pedestrian Error,1,0,0,1,3,0,Medium
2023,11,Saturday,18,Punjab,Gujranwala,National Highway,Poor,Rainy,Daylight,Rickshaw,1,Signal Violation,1,1,0,1,5,0,Medium
2022,9,Friday,11,Sindh,Kashmore,Motorway,Under Repair,Clear,Daylight,Motorcycle,2,Road Condition,0,0,0,0,4,0,Medium
2019,1,Tuesday,11,Punjab,Sargodha,Provincial Highway,Average,Rainy,Daylight,Motorcycle,3,Signal Violation,0,0,0,1,2,4,High
2018,1,Wednesday,23,Sindh,Larkana,Rural Road,Good,Foggy,No Light,Motorcycle,1,Signal Violation,0,0,1,1,2,2,High
2018,12,Wednesday,20,Sindh,Hyderabad,Rural Road,Good,Clear,No Light,Motorcycle,2,Pedestrian Error,1,0,0,1,2,0,Low
2021,6,Friday,17,Punjab,Sheikhupura,Provincial Highway,Poor,Clear,Street Light,Bicycle,2,Over Speeding,1,0,0,0,11,2,High
2022,4,Saturday,8,Sindh,Kashmore,Rural Road,Poor,Foggy,Daylight,Motorcycle,2,Drunk Driving,1,1,0,0,10,0,High
2022,11,Saturday,19,Balochistan,Turbat,National Highway,Good,Dusty/Smoggy,Dawn/Dusk,Bicycle,2,Signal Violation,1,1,0,1,4,1,Medium
2021,5,Tuesday,22,Punjab,Faisalabad,Provincial Highway,Poor,Extreme Heat,Street Light,Motorcycle,4,Over Speeding,0,0,1,0,2,0,High
2021,12,Tuesday,3,KPK,Charsadda,National Highway,Poor,Clear,Street Light,Motorcycle,3,Wrong Overtaking,0,0,1,1,9,0,High
2021,12,Thursday,9,Punjab,Rahim Yar Khan,National Highway,Average,Foggy,Daylight,Car/Taxi,1,Mobile Phone Use,1,0,0,1,3,1,Medium
2022,11,Tuesday,20,Punjab,Sialkot,National Highway,Average,Foggy,No Light,Other,1,Pedestrian Error,1,0,0,1,1,0,Medium
2022,9,Friday,11,Punjab,Gujranwala,Urban Road,Under Repair,Clear,Dawn/Dusk,Rickshaw,2,Signal Violation,0,0,0,0,1,1,Low
2019,2,Thursday,11,KPK,Abbottabad,Urban Road,Under Repair,Clear,Daylight,Car/Taxi,1,Mechanical Failure,0,0,0,1,2,0,Low
2023,2,Tuesday,23,Punjab,Sargodha,Provincial Highway,Good,Foggy,Street Light,Car/Taxi,1,Signal Violation,0,0,1,1,6,0,High
2020,2,Wednesday,9,Balochistan,Chaman,Urban Road,Poor,Clear,Street Light,Truck/Lorry,2,Over Speeding,1,0,0,1,0,0,Low
2023,4,Tuesday,2,Sindh,Dadu,National Highway,Average,Clear,Street Light,Car/Taxi,4,Pedestrian Error,0,0,1,0,2,1,Medium
2020,10,Monday,23,Punjab,Faisalabad,Urban Road,Good,Foggy,No Light,Motorcycle,1,Wrong Overtaking,0,0,1,0,2,1,High
2020,3,Tuesday,23,KPK,Charsadda,Rural Road,Poor,Clear,Street Light,Motorcycle,2,Pedestrian Error,0,0,1,0,4,2,Medium
2018,8,Monday,14,Punjab,Gujranwala,Motorway,Average,Clear,Daylight,Car/Taxi,2,Over Speeding,0,0,0,0,5,0,Medium
2019,11,Sunday,9,KPK,Peshawar,Rural Road,Good,Clear,Dawn/Dusk,Car/Taxi,1,Signal Violation,1,1,0,1,2,0,Low
2023,5,Saturday,19,Punjab,Rahim Yar Khan,Urban Road,Average,Clear,Dawn/Dusk,Van/Pickup,1,Pedestrian Error,1,1,0,0,2,1,Low
2022,7,Thursday,9,Punjab,Sargodha,Provincial Highway,Average,Rainy,Daylight,Car/Taxi,2,Weather Condition,1,0,0,0,3,2,Medium
2022,11,Thursday,22,KPK,Nowshera,National Highway,Good,Foggy,No Light,Rickshaw,2,Wrong Overtaking,0,0,1,1,8,3,High
2019,12,Saturday,17,Islamabad,Islamabad,National Highway,Under Repair,Clear,Daylight,Truck/Lorry,2,Pedestrian Error,1,1,0,1,1,0,Medium
2022,2,Tuesday,13,Punjab,Rahim Yar Khan,National Highway,Poor,Clear,Daylight,Motorcycle,1,Mechanical Failure,1,0,0,1,2,0,Medium
2023,2,Friday,9,KPK,Abbottabad,Provincial Highway,Good,Clear,Daylight,Car/Taxi,4,Over Speeding,1,0,0,1,0,0,Low
2020,10,Wednesday,18,Punjab,Rawalpindi,Urban Road,Poor,Dusty/Smoggy,Daylight,Car/Taxi,2,Driver Fatigue,1,0,0,0,1,0,Low
2020,8,Sunday,17,KPK,Swat,Urban Road,Average,Clear,Dawn/Dusk,Motorcycle,1,Drunk Driving,1,1,0,0,2,0,Medium
2022,5,Saturday,14,Sindh,Mirpur Khas,Provincial Highway,Good,Clear,Daylight,Bus/Coach,3,Driver Fatigue,0,1,0,0,5,0,Medium
2022,9,Sunday,6,Punjab,Gujranwala,Rural Road,Good,Foggy,Daylight,Motorcycle,2,Road Condition,0,1,0,0,1,2,Medium
2023,12,Sunday,18,Punjab,Gujranwala,Provincial Highway,Good,Rainy,Daylight,Motorcycle,3,Mobile Phone Use,1,1,0,1,1,0,Medium
2020,5,Monday,18,Punjab,Sialkot,Provincial Highway,Good,Clear,Daylight,Motorcycle,2,Driver Fatigue,1,0,0,0,2,0,High
2022,10,Wednesday,5,Punjab,Lahore,National Highway,Average,Rainy,Street Light,Motorcycle,1,Road Condition,0,0,1,0,3,0,High
2021,2,Wednesday,4,Punjab,Sargodha,Provincial Highway,Average,Clear,No Light,Motorcycle,1,Road Condition,0,0,1,1,4,1,Medium
2021,7,Wednesday,4,Sindh,Larkana,Provincial Highway,Average,Clear,No Light,Truck/Lorry,1,Road Condition,0,0,1,0,2,0,Low
2019,6,Saturday,10,Gilgit-Baltistan,Gilgit,National Highway,Poor,Clear,No Light,Motorcycle,1,Wrong Overtaking,0,1,0,0,8,3,High
2020,6,Monday,16,Punjab,Gujranwala,National Highway,Good,Clear,Daylight,Car/Taxi,3,Wrong Overtaking,0,0,0,0,2,0,Low
2023,3,Monday,18,Sindh,Thatta,Urban Road,Good,Dusty/Smoggy,Daylight,Car/Taxi,2,Road Condition,1,0,0,0,0,0,Low
2020,2,Monday,13,Sindh,Thatta,Urban Road,Average,Clear,Street Light,Motorcycle,3,Over Speeding,1,0,0,1,1,0,Medium
2018,2,Tuesday,16,Balochistan,Hub,National Highway,Good,Foggy,Daylight,Car/Taxi,2,Wrong Overtaking,0,0,0,1,4,0,Medium
2020,4,Saturday,19,Sindh,Sukkur,Rural Road,Average,Clear,No Light,Motorcycle,2,Over Speeding,1,1,0,0,11,0,High
2021,3,Sunday,10,Sindh,Kashmore,Rural Road,Average,Clear,Daylight,Car/Taxi,1,Over Speeding,0,1,0,0,5,1,Medium
2020,12,Sunday,19,Sindh,Thatta,Urban Road,Average,Clear,Dawn/Dusk,Car/Taxi,2,Pedestrian Error,1,1,0,1,0,0,Low
2023,12,Friday,7,Punjab,Faisalabad,Provincial Highway,Good,Foggy,Daylight,Motorcycle,2,Wrong Overtaking,1,0,0,1,5,0,Medium
2019,6,Friday,17,Punjab,Sheikhupura,Provincial Highway,Poor,Extreme Heat,Daylight,Motorcycle,3,Wrong Overtaking,1,0,0,0,10,1,High
2020,8,Tuesday,17,Punjab,Sialkot,National Highway,Average,Rainy,Street Light,Motorcycle,1,Wrong Overtaking,1,0,0,0,4,1,High
2020,8,Sunday,13,Punjab,Rahim Yar Khan,Rural Road,Average,Clear,Street Light,Truck/Lorry,1,Drunk Driving,1,1,0,0,0,0,Low
2023,6,Saturday,12,Sindh,Larkana,Rural Road,Poor,Clear,Daylight,Bus/Coach,3,Over Speeding,1,1,0,0,1,1,Medium
2018,10,Friday,4,Punjab,Multan,Provincial Highway,Poor,Clear,No Light,Truck/Lorry,2,Road Condition,0,0,1,0,5,1,Medium
2021,1,Friday,12,Sindh,Sukkur,National Highway,Average,Clear,Daylight,Car/Taxi,1,Over Speeding,1,0,0,1,4,0,Medium
2023,9,Wednesday,9,Punjab,Gujranwala,Rural Road,Good,Clear,Daylight,Motorcycle,2,Road Condition,1,0,0,0,3,0,Medium
2023,9,Friday,10,Islamabad,Islamabad,Urban Road,Under Repair,Clear,Daylight,Motorcycle,1,Road Condition,0,0,0,0,2,0,Low
2023,5,Saturday,8,Balochistan,Zhob,Rural Road,Poor,Extreme Heat,Daylight,Motorcycle,2,Pedestrian Error,1,1,0,0,2,0,Low
2020,7,Thursday,13,Punjab,Rahim Yar Khan,Rural Road,Under Repair,Rainy,Dawn/Dusk,Motorcycle,2,Weather Condition,1,0,0,0,5,0,Medium
2022,12,Saturday,22,Punjab,Rawalpindi,National Highway,Average,Clear,Street Light,Rickshaw,1,Wrong Overtaking,0,1,1,1,2,0,Medium
2023,8,Sunday,20,Sindh,Dadu,National Highway,Good,Dusty/Smoggy,Street Light,Rickshaw,2,Wrong Overtaking,1,1,0,0,0,0,Low
2022,11,Sunday,7,Punjab,Bahawalpur,Provincial Highway,Good,Clear,Dawn/Dusk,Motorcycle,2,Driver Fatigue,1,1,0,1,5,0,Medium
2020,7,Wednesday,19,Punjab,Sialkot,Provincial Highway,Poor,Dusty/Smoggy,Dawn/Dusk,Motorcycle,2,Wrong Overtaking,1,0,0,0,8,3,High
2023,6,Thursday,7,Punjab,Gujranwala,Provincial Highway,Average,Clear,Dawn/Dusk,Car/Taxi,3,Over Speeding,1,0,0,0,0,0,Low
2020,6,Thursday,17,Balochistan,Khuzdar,Urban Road,Under Repair,Clear,Street Light,Car/Taxi,2,Over Speeding,1,0,0,0,0,0,Low
2022,1,Saturday,19,Balochistan,Khuzdar,Urban Road,Under Repair,Clear,Dawn/Dusk,Car/Taxi,2,Pedestrian Error,1,1,0,1,2,0,Low
2018,8,Tuesday,21,Sindh,Thatta,Provincial Highway,Poor,Clear,Street Light,Motorcycle,4,Mobile Phone Use,0,0,0,0,3,1,Medium
2023,9,Friday,12,Sindh,Nawabshah,Provincial Highway,Good,Rainy,Dawn/Dusk,Motorcycle,2,Mechanical Failure,1,0,0,0,2,0,Medium
2022,11,Friday,1,Islamabad,Islamabad,Provincial Highway,Average,Clear,Street Light,Car/Taxi,4,Wrong Overtaking,0,0,1,1,4,0,Medium
2023,12,Monday,20,Islamabad,Islamabad,Rural Road,Average,Clear,Street Light,Motorcycle,2,Signal Violation,1,0,0,1,2,1,Medium
2023,3,Saturday,19,Islamabad,Islamabad,Provincial Highway,Good,Clear,Dawn/Dusk,Motorcycle,3,Mobile Phone Use,1,1,0,0,4,0,Medium
2019,7,Sunday,19,Punjab,Rahim Yar Khan,Urban Road,Good,Clear,Dawn/Dusk,Van/Pickup,2,Road Condition,1,1,0,0,1,0,Low
2020,8,Monday,10,Punjab,Sialkot,Rural Road,Average,Dusty/Smoggy,Street Light,Motorcycle,2,Wrong Overtaking,0,0,0,0,4,0,Medium
2022,11,Sunday,11,KPK,Swat,Urban Road,Average,Rainy,Daylight,Rickshaw,4,Over Speeding,0,1,0,1,1,0,Low
2021,1,Wednesday,5,Sindh,Sukkur,Provincial Highway,Average,Rainy,No Light,Motorcycle,2,Wrong Overtaking,0,0,1,1,7,2,High
2022,10,Sunday,21,Punjab,Sialkot,Provincial Highway,Good,Clear,No Light,Motorcycle,2,Wrong Overtaking,0,1,0,0,3,0,Medium
2022,6,Thursday,18,Punjab,Lahore,National Highway,Poor,Dusty/Smoggy,Daylight,Truck/Lorry,4,Wrong Overtaking,1,0,0,0,8,0,High
2020,5,Thursday,18,Balochistan,Hub,Rural Road,Poor,Foggy,Daylight,Truck/Lorry,1,Over Speeding,1,0,0,0,3,0,Medium
2018,4,Saturday,22,Balochistan,Loralai,Rural Road,Poor,Clear,No Light,Motorcycle,2,Signal Violation,0,1,1,0,3,2,Medium
2021,12,Saturday,14,Punjab,Lahore,Motorway,Poor,Clear,Daylight,Bus/Coach,2,Driver Fatigue,0,1,0,1,8,1,High
2020,11,Thursday,14,Balochistan,Dera Bugti,Provincial Highway,Good,Foggy,Daylight,Bicycle,2,Pedestrian Error,0,0,0,1,4,0,High
2023,1,Sunday,7,Sindh,Larkana,Urban Road,Under Repair,Clear,Daylight,Motorcycle,1,Road Condition,1,1,0,1,1,0,Low
2019,12,Thursday,16,KPK,Mardan,Motorway,Poor,Clear,Street Light,Bus/Coach,1,Pedestrian Error,0,0,0,1,5,0,Medium
2023,2,Thursday,14,Sindh,Karachi,Urban Road,Good,Clear,Daylight,Rickshaw,4,Pedestrian Error,0,0,0,1,2,0,Low
2023,10,Sunday,6,Punjab,Lahore,Rural Road,Average,Clear,Daylight,Motorcycle,1,Over Speeding,0,1,0,0,4,0,Medium
2021,4,Thursday,13,Sindh,Jacobabad,Provincial Highway,Poor,Clear,Daylight,Rickshaw,3,Wrong Overtaking,1,0,0,0,0,0,Low
2020,4,Thursday,12,Sindh,Nawabshah,National Highway,Poor,Clear,Daylight,Motorcycle,2,Pedestrian Error,1,0,0,0,3,1,Medium
2023,5,Wednesday,7,Sindh,Jacobabad,Rural Road,Good,Clear,Daylight,Motorcycle,1,Wrong Overtaking,1,0,0,0,3,0,Medium
2021,12,Sunday,14,Punjab,Lahore,Provincial Highway,Under Repair,Clear,Daylight,Motorcycle,1,Over Speeding,0,1,0,1,10,1,High
2020,12,Saturday,12,Gilgit-Baltistan,Hunza,Urban Road,Average,Clear,Daylight,Van/Pickup,1,Wrong Overtaking,1,1,0,1,1,0,Low
2019,2,Saturday,6,Punjab,Rahim Yar Khan,Provincial Highway,Good,Clear,Daylight,Car/Taxi,3,Signal Violation,0,1,0,1,0,0,Low
2020,5,Tuesday,14,Punjab,Rawalpindi,Provincial Highway,Average,Clear,Daylight,Motorcycle,4,Signal Violation,0,0,0,0,11,1,High
2020,8,Monday,6,Sindh,Jacobabad,National Highway,Good,Rainy,Dawn/Dusk,Motorcycle,2,Signal Violation,0,0,0,0,3,2,High
2023,5,Saturday,15,Sindh,Kashmore,Urban Road,Good,Clear,Daylight,Motorcycle,2,Over Speeding,0,1,0,0,9,1,High
2022,6,Sunday,14,Sindh,Kashmore,Provincial Highway,Good,Clear,No Light,Car/Taxi,2,Driver Fatigue,0,1,0,0,3,0,Medium
2018,11,Friday,17,KPK,Bannu,Provincial Highway,Good,Rainy,No Light,Car/Taxi,2,Mechanical Failure,1,0,0,1,0,0,Low
2021,7,Tuesday,6,Sindh,Nawabshah,Provincial Highway,Good,Clear,Daylight,Rickshaw,2,Drunk Driving,0,0,0,0,0,0,Low
2021,3,Friday,17,Sindh,Thatta,Urban Road,Average,Dusty/Smoggy,Daylight,Motorcycle,1,Wrong Overtaking,1,0,0,0,5,2,Medium
2021,1,Monday,20,KPK,Bannu,Urban Road,Average,Extreme Heat,Street Light,Car/Taxi,1,Driver Fatigue,1,0,0,1,2,1,Medium
2023,11,Saturday,19,Punjab,Sargodha,Rural Road,Poor,Clear,Dawn/Dusk,Motorcycle,1,Pedestrian Error,1,1,0,1,1,0,Low
2019,9,Tuesday,17,Sindh,Dadu,Urban Road,Good,Clear,Daylight,Motorcycle,1,Pedestrian Error,1,0,0,0,0,0,Low
2021,7,Tuesday,12,Balochistan,Dera Bugti,Rural Road,Poor,Rainy,Daylight,Motorcycle,2,Signal Violation,1,0,0,0,2,2,Medium
2019,1,Tuesday,16,Punjab,Multan,National Highway,Good,Clear,Daylight,Motorcycle,1,Wrong Overtaking,0,0,0,1,10,2,High
2020,2,Monday,18,Punjab,Sheikhupura,Provincial Highway,Good,Clear,Daylight,Motorcycle,4,Weather Condition,1,0,0,1,3,0,Medium
2018,9,Monday,19,Islamabad,Islamabad,Motorway,Good,Clear,Dawn/Dusk,Car/Taxi,3,Signal Violation,1,0,0,0,3,0,Medium
2022,10,Monday,21,Punjab,Sheikhupura,National Highway,Average,Foggy,Street Light,Motorcycle,1,Road Condition,0,0,0,0,4,0,Medium
2022,9,Thursday,8,Sindh,Hyderabad,Urban Road,Poor,Clear,Daylight,Car/Taxi,3,Over Speeding,1,0,0,0,0,0,Low
2019,9,Sunday,9,AJK,Rawalakot,Provincial Highway,Good,Clear,Daylight,Motorcycle,1,Pedestrian Error,1,1,0,0,0,0,Low
2018,7,Sunday,18,Punjab,Sheikhupura,Provincial Highway,Average,Clear,Daylight,Motorcycle,1,Pedestrian Error,1,1,0,0,0,0,Low
2018,2,Friday,13,Punjab,Rawalpindi,Provincial Highway,Poor,Clear,Daylight,Motorcycle,1,Road Condition,1,0,0,1,1,0,Medium
2020,12,Thursday,17,Balochistan,Loralai,Rural Road,Average,Rainy,Daylight,Car/Taxi,3,Pedestrian Error,1,0,0,1,1,0,Low
2021,5,Thursday,12,Balochistan,Khuzdar,Urban Road,Average,Clear,Daylight,Van/Pickup,2,Drunk Driving,1,0,0,0,1,0,Low
2018,8,Sunday,7,Sindh,Mirpur Khas,National Highway,Average,Rainy,Daylight,Car/Taxi,2,Road Condition,1,1,0,0,5,2,Medium
2023,10,Monday,5,Sindh,Hyderabad,Provincial Highway,Good,Foggy,Dawn/Dusk,Motorcycle,2,Signal Violation,0,0,1,0,8,1,High
2022,8,Wednesday,18,KPK,Dera Ismail Khan,Provincial Highway,Good,Dusty/Smoggy,Dawn/Dusk,Truck/Lorry,1,Road Condition,1,0,0,0,0,0,Low
2020,6,Sunday,22,KPK,Dera Ismail Khan,Provincial Highway,Poor,Foggy,No Light,Motorcycle,2,Over Speeding,0,1,1,0,5,2,High
2022,7,Saturday,14,Punjab,Rawalpindi,Rural Road,Poor,Foggy,Daylight,Motorcycle,2,Driver Fatigue,0,1,0,0,7,1,High
2022,11,Tuesday,21,Punjab,Rahim Yar Khan,Rural Road,Average,Rainy,Street Light,Rickshaw,2,Over Speeding,0,0,0,1,5,0,Medium
2021,5,Sunday,12,Sindh,Larkana,Provincial Highway,Good,Clear,Daylight,Rickshaw,1,Signal Violation,1,1,0,0,1,0,Low
2021,5,Monday,1,Balochistan,Dera Bugti,Urban Road,Average,Foggy,No Light,Car/Taxi,2,Drunk Driving,0,0,1,0,3,0,Medium
2019,9,Thursday,8,Balochistan,Zhob,Provincial Highway,Poor,Clear,Daylight,Car/Taxi,1,Mechanical Failure,1,0,0,0,0,1,Low
2020,10,Wednesday,10,Islamabad,Islamabad,National Highway,Average,Dusty/Smoggy,Daylight,Rickshaw,1,Over Speeding,0,0,0,0,8,2,High
2023,1,Thursday,5,Balochistan,Zhob,Provincial Highway,Good,Clear,No Light,Bicycle,2,Over Speeding,0,0,1,1,7,2,High
2023,5,Sunday,17,Sindh,Sukkur,Rural Road,Good,Clear,Daylight,Rickshaw,2,Signal Violation,1,1,0,0,1,0,Low
2023,11,Sunday,13,Sindh,Sukkur,Provincial Highway,Average,Clear,No Light,Motorcycle,1,Over Speeding,1,1,0,1,6,1,High
2023,12,Thursday,11,KPK,Bannu,Provincial Highway,Good,Rainy,Daylight,Rickshaw,3,Wrong Overtaking,0,0,0,1,4,1,Medium
2019,9,Saturday,23,KPK,Dera Ismail Khan,National Highway,Poor,Extreme Heat,No Light,Rickshaw,3,Mechanical Failure,0,1,1,0,1,0,Medium
2018,2,Sunday,20,Sindh,Hyderabad,Urban Road,Average,Rainy,Street Light,Motorcycle,2,Mechanical Failure,1,1,0,1,1,0,Low
2022,5,Friday,17,Punjab,Multan,Provincial Highway,Average,Clear,Daylight,Motorcycle,3,Over Speeding,1,0,0,0,6,0,High
2020,1,Wednesday,11,Islamabad,Islamabad,Urban Road,Average,Clear,Daylight,Truck/Lorry,2,Mechanical Failure,0,0,0,1,2,0,Low
2019,12,Wednesday,15,Sindh,Mirpur Khas,Motorway,Good,Rainy,Daylight,Motorcycle,2,Wrong Overtaking,0,0,0,1,10,2,High
2022,9,Friday,16,Punjab,Bahawalpur,National Highway,Good,Clear,Daylight,Motorcycle,2,Road Condition,0,0,0,0,11,3,High
2022,2,Friday,17,Sindh,Thatta,Rural Road,Poor,Rainy,Daylight,Van/Pickup,2,Wrong Overtaking,1,0,0,1,2,0,Low
2019,7,Tuesday,6,KPK,Mansehra,National Highway,Under Repair,Foggy,Daylight,Motorcycle,1,Over Speeding,0,0,0,0,8,1,High
2020,6,Saturday,5,Punjab,Faisalabad,Rural Road,Good,Clear,Street Light,Motorcycle,4,Over Speeding,0,1,1,0,8,2,High
2023,4,Sunday,19,KPK,Dera Ismail Khan,Urban Road,Average,Foggy,Dawn/Dusk,Motorcycle,2,Wrong Overtaking,1,1,0,0,3,1,Medium
2022,2,Friday,18,Punjab,Rahim Yar Khan,Provincial Highway,Under Repair,Clear,Daylight,Car/Taxi,1,Mechanical Failure,1,0,0,1,2,0,Low
2019,2,Saturday,6,Punjab,Lahore,Provincial Highway,Poor,Clear,Street Light,Rickshaw,1,Signal Violation,0,1,0,1,3,0,Medium
2022,5,Thursday,13,Punjab,Sargodha,National Highway,Poor,Clear,Daylight,Truck/Lorry,2,Mobile Phone Use,1,0,0,0,2,0,Medium