year,month,day_of_week,hour_of_day,province,district,road_type,road_condition,weather_condition,lighting_condition,vehicle_type,vehicles_involved,accident_cause,is_rush_hour,is_weekend,is_night,is_foggy_month,num_injured,num_killed,severity
2020,4,Sunday,11,KPK,Dera Ismail Khan,Urban Road,Good,Foggy,Daylight,Motorcycle,3,Over Speeding,0,1,0,0,5,1,High
2023,7,Wednesday,10,Islamabad,Islamabad,Rural Road,Average,Clear,No Light,Motorcycle,1,Mobile Phone Use,0,0,0,0,1,0,Low
2021,7,Sunday,12,KPK,Peshawar,Urban Road,Poor,Clear,Daylight,Truck/Lorry,2,Over Speeding,1,1,0,0,1,2,Medium
2022,10,Thursday,22,Islamabad,Islamabad,National Highway,Good,Foggy,Street Light,Motorcycle,2,Weather Condition,0,0,1,0,11,0,High
2019,6,Sunday,6,Punjab,Rawalpindi,Urban Road,Good,Foggy,Daylight,Bus/Coach,1,Mechanical Failure,0,1,0,0,0,0,Low
2019,1,Tuesday,7,Punjab,Sheikhupura,National Highway,Average,Dusty/Smoggy,Daylight,Van/Pickup,1,Wrong Overtaking,1,0,0,1,2,0,Low
2022,2,Monday,16,Sindh,Nawabshah,National Highway,Good,Clear,Daylight,Motorcycle,3,Over Speeding,0,0,0,1,5,1,High
2020,7,Tuesday,12,Punjab,Bahawalpur,Urban Road,Average,Clear,Street Light,Car/Taxi,2,Over Speeding,1,0,0,0,1,0,Low
2019,2,Monday,12,KPK,Bannu,National Highway,Good,Clear,Street Light,Rickshaw,2,Pedestrian Error,1,0,0,1,1,0,Low
2022,12,Sunday,8,KPK,Nowshera,Provincial Highway,Average,Clear,Daylight,Car/Taxi,1,Signal Violation,1,1,0,1,0,0,Low
2023,2,Saturday,8,AJK,Muzaffarabad,Provincial Highway,Average,Clear,Daylight,Bus/Coach,1,Over Speeding,1,1,0,1,2,0,Medium
2023,4,Friday,18,Punjab,Sargodha,National Highway,Average,Rainy,Daylight,Truck/Lorry,3,Signal Violation,1,0,0,0,3,1,High
2019,6,Saturday,9,Sindh,Dadu,Rural Road,Poor,Foggy,Daylight,Motorcycle,2,Wrong Overtaking,1,1,0,0,2,0,Medium
2020,7,Saturday,1,Sindh,Thatta,Rural Road,Under Repair,Clear,Street Light,Motorcycle,3,Mobile Phone Use,0,1,1,0,2,0,Medium
2019,12,Tuesday,1,Punjab,Sargodha,Provincial Highway,Poor,Clear,Street Light,Motorcycle,2,Mechanical Failure,0,0,1,1,3,0,High
2020,10,Friday,22,Sindh,Larkana,Provincial Highway,Average,Clear,No Light,Motorcycle,1,Over Speeding,0,0,1,0,10,2,High
2022,5,Tuesday,12,Sindh,Karachi,National Highway,Average,Foggy,Daylight,Car/Taxi,2,Wrong Overtaking,1,0,0,0,2,2,Medium
2023,8,Thursday,20,Sindh,Karachi,Urban Road,Under Repair,Clear,No Light,Car/Taxi,2,Mechanical Failure,1,0,0,0,1,0,Low
2022,11,Saturday,5,Punjab,Gujranwala,Provincial Highway,Good,Clear,Street Light,Car/Taxi,4,Wrong Overtaking,0,1,1,1,0,0,Low
2019,6,Saturday,19,Punjab,Sargodha,Rural Road,Average,Clear,No Light,Bus/Coach,1,Mechanical Failure,1,1,0,0,1,0,Low
2018,1,Sunday,19,Sindh,Thatta,Urban Road,Good,Rainy,Daylight,Car/Taxi,2,Mechanical Failure,1,1,0,1,2,0,Low
2023,1,Sunday,23,Punjab,Sargodha,National Highway,Good,Rainy,No Light,Car/Taxi,1,Wrong Overtaking,0,1,1,1,3,1,Medium
2018,2,Saturday,19,Punjab,Multan,National Highway,Good,Clear,No Light,Car/Taxi,2,Drunk Driving,1,1,0,1,7,1,High
2018,7,Wednesday,7,Punjab,Sargodha,National Highway,Good,Clear,Daylight,Bus/Coach,2,Over Speeding,1,0,0,0,4,1,Medium
2022,1,Saturday,11,Punjab,Sialkot,National Highway,Under Repair,Foggy,Daylight,Bus/Coach,2,Over Speeding,0,1,0,1,3,0,High
2018,10,Friday,17,Punjab,Bahawalpur,National Highway,Good,Clear,Daylight,Motorcycle,1,Over Speeding,1,0,0,0,8,0,High
2020,3,Wednesday,19,Punjab,Sheikhupura,Provincial Highway,Average,Clear,Dawn/Dusk,Motorcycle,4,Wrong Overtaking,1,0,0,0,4,1,Medium
2020,12,Friday,14,Sindh,Karachi,Urban Road,Good,Clear,Daylight,Car/Taxi,2,Signal Violation,0,0,0,1,2,0,Low
2021,12,Monday,13,KPK,Mardan,Motorway,Good,Clear,Street Light,Motorcycle,2,Mechanical Failure,1,0,0,1,2,1,High
2021,5,Wednesday,17,Sindh,Thatta,Provincial Highway,Good,Foggy,Daylight,Rickshaw,2,Signal Violation,1,0,0,0,1,0,Low
2021,7,Monday,18,KPK,Nowshera,Motorway,Poor,Clear,Daylight,Car/Taxi,3,Over Speeding,1,0,0,0,5,2,Medium
2023,12,Friday,4,Sindh,Jacobabad,National Highway,Average,Rainy,No Light,Rickshaw,2,Driver Fatigue,0,0,1,1,6,1,High
2021,2,Tuesday,16,Sindh,Sukkur,National Highway,Average,Clear,Daylight,Motorcycle,1,Over Speeding,0,0,0,1,8,1,High
2019,1,Tuesday,18,KPK,Nowshera,Provincial Highway,Good,Clear,Daylight,Car/Taxi,2,Over Speeding,1,0,0,1,2,0,Medium
2020,3,Saturday,8,Sindh,Larkana,Provincial Highway,Good,Clear,Dawn/Dusk,Car/Taxi,2,Drunk Driving,1,1,0,0,1,0,Medium
2022,6,Wednesday,19,KPK,Dera Ismail Khan,National Highway,Under Repair,Clear,No Light,Motorcycle,3,Mechanical Failure,1,0,0,0,1,0,Medium
2022,8,Friday,2,Sindh,Kashmore,National Highway,Poor,Clear,Street Light,Rickshaw,3,Over Speeding,0,0,1,0,7,3,High
2023,12,Friday,3,Punjab,Faisalabad,Provincial Highway,Poor,Clear,Street Light,Truck/Lorry,1,Pedestrian Error,0,0,1,1,1,0,Low
2020,10,Wednesday,7,KPK,Peshawar,Provincial Highway,Poor,Foggy,No Light,Motorcycle,2,Wrong Overtaking,1,0,0,0,5,0,Medium
2022,2,Wednesday,8,Punjab,Bahawalpur,National Highway,Average,Extreme Heat,Daylight,Car/Taxi,1,Wrong Overtaking,1,0,0,1,4,1,Medium
2023,2,Thursday,14,Punjab,Gujranwala,Provincial Highway,Poor,Clear,Daylight,Car/Taxi,3,Over Speeding,0,0,0,1,1,1,Medium
2020,7,Tuesday,15,Punjab,Rahim Yar Khan,National Highway,Good,Rainy,Daylight,Bus/Coach,3,Over Speeding,0,0,0,0,3,3,High
2019,1,Wednesday,1,Punjab,Multan,Provincial Highway,Good,Rainy,Street Light,Car/Taxi,2,Over Speeding,0,0,1,1,2,1,Medium
2020,3,Saturday,16,Punjab,Sheikhupura,National Highway,Good,Extreme Heat,Daylight,Car/Taxi,2,Driver Fatigue,0,1,0,0,5,1,Medium
2020,5,Wednesday,9,Sindh,Mirpur Khas,Provincial Highway,Average,Foggy,Daylight,Motorcycle,1,Mechanical Failure,1,0,0,0,7,3,High
2023,12,Saturday,22,KPK,Dera Ismail Khan,Urban Road,Good,Clear,Street Light,Bus/Coach,1,Signal Violation,0,1,1,1,2,0,Low
2023,5,Thursday,21,KPK,Mardan,Rural Road,Good,Clear,Street Light,Motorcycle,3,Wrong Overtaking,0,0,0,0,0,0,Low
2022,1,Friday,21,Punjab,Sheikhupura,Rural Road,Average,Clear,Street Light,Motorcycle,1,Over Speeding,0,0,0,1,1,1,Medium
2022,3,Friday,10,AJK,Mirpur,Urban Road,Poor,Clear,Daylight,Motorcycle,1,Wrong Overtaking,0,0,0,0,2,0,Low
2018,9,Friday,18,Sindh,Jacobabad,Motorway,Good,Clear,Daylight,Rickshaw,2,Mechanical Failure,1,0,0,0,2,0,Low
2023,12,Saturday,6,Punjab,Sheikhupura,Provincial Highway,Under Repair,Clear,Dawn/Dusk,Car/Taxi,2,Over Speeding,0,1,0,1,4,1,Medium
2018,9,Thursday,11,KPK,Kohat,Urban Road,Good,Clear,Daylight,Bus/Coach,1,Road Condition,0,0,0,0,0,0,Low
2023,10,Sunday,9,KPK,Nowshera,Motorway,Poor,Clear,Street Light,Car/Taxi,1,Wrong Overtaking,1,1,0,0,3,0,Medium
2022,6,Saturday,11,KPK,Charsadda,Urban Road,Average,Rainy,No Light,Motorcycle,2,Driver Fatigue,0,1,0,0,4,2,Medium
2019,9,Monday,17,Punjab,Multan,National Highway,Poor,Dusty/Smoggy,Daylight,Motorcycle,1,Driver Fatigue,1,0,0,0,2,1,High
2023,9,Thursday,14,Sindh,Thatta,Rural Road,Average,Clear,Daylight,Car/Taxi,2,Over Speeding,0,0,0,0,2,0,Low
2019,4,Wednesday,18,Balochistan,Loralai,Provincial Highway,Average,Clear,Daylight,Motorcycle,1,Mechanical Failure,1,0,0,0,0,0,Low
2018,8,Friday,0,Sindh,Sukkur,National Highway,Poor,Foggy,No Light,Car/Taxi,1,Signal Violation,0,0,1,0,11,2,High
2021,11,Thursday,14,KPK,Charsadda,Rural Road,Under Repair,Rainy,Daylight,Truck/Lorry,4,Pedestrian Error,0,0,0,1,1,0,Low
2022,4,Monday,14,Sindh,Larkana,Provincial Highway,Good,Rainy,Daylight,Motorcycle,1,Pedestrian Error,0,0,0,0,9,0,High
2022,10,Monday,20,Balochistan,Turbat,Urban Road,Good,Foggy,No Light,Motorcycle,2,Wrong Overtaking,1,0,0,0,5,1,Medium
2018,8,Monday,9,Punjab,Sheikhupura,Rural Road,Poor,Clear,Daylight,Car/Taxi,1,Wrong Overtaking,1,0,0,0,2,0,Low
2023,11,Wednesday,17,Sindh,Thatta,National Highway,Good,Foggy,No Light,Bicycle,2,Drunk Driving,1,0,0,1,4,2,High
2023,10,Tuesday,20,Punjab,Multan,Urban Road,Average,Rainy,Street Light,Bicycle,2,Pedestrian Error,1,0,0,0,4,0,Medium
2021,9,Tuesday,8,KPK,Abbottabad,National Highway,Good,Clear,Daylight,Car/Taxi,1,Signal Violation,1,0,0,0,3,0,Medium
2021,7,Sunday,13,KPK,Abbottabad,Urban Road,Average,Clear,Daylight,Truck/Lorry,1,Pedestrian Error,1,1,0,0,2,0,Low
2020,4,Monday,10,Punjab,Sialkot,Provincial Highway,Good,Extreme Heat,Daylight,Car/Taxi,2,Mechanical Failure,0,0,0,0,0,0,Low
2022,10,Wednesday,17,KPK,Mardan,Rural Road,Poor,Clear,Street Light,Bus/Coach,2,Over Speeding,1,0,0,0,1,2,Medium
2019,11,Sunday,21,Punjab,Rawalpindi,Rural Road,Good,Dusty/Smoggy,No Light,Car/Taxi,2,Over Speeding,0,1,0,1,2,0,Low
2018,11,Wednesday,10,Punjab,Lahore,Rural Road,Average,Foggy,Daylight,Rickshaw,2,Wrong Overtaking,0,0,0,1,2,1,Medium
2023,1,Saturday,18,Punjab,Rahim Yar Khan,Urban Road,Average,Rainy,Dawn/Dusk,Rickshaw,3,Driver Fatigue,1,1,0,1,1,0,Medium
2018,6,Friday,19,Punjab,Gujranwala,National Highway,Under Repair,Clear,Daylight,Motorcycle,4,Mobile Phone Use,1,0,0,0,2,1,High
2023,10,Wednesday,19,Punjab,Rawalpindi,Provincial Highway,Good,Rainy,Daylight,Motorcycle,1,Mechanical Failure,1,0,0,0,7,4,High
2018,6,Sunday,0,Punjab,Sargodha,National Highway,Good,Dusty/Smoggy,No Light,Truck/Lorry,3,Mechanical Failure,0,1,1,0,4,0,Medium
2019,1,Saturday,23,KPK,Bannu,National Highway,Good,Foggy,No Light,Truck/Lorry,2,Driver Fatigue,0,1,1,1,10,2,High
2021,4,Sunday,19,KPK,Kohat,Urban Road,Under Repair,Clear,Dawn/Dusk,Car/Taxi,1,Signal Violation,1,1,0,0,0,0,Low
2020,2,Wednesday,12,Sindh,Hyderabad,National Highway,Poor,Clear,Daylight,Motorcycle,2,Wrong Overtaking,1,0,0,1,10,1,High
2019,5,Wednesday,2,Punjab,Faisalabad,National Highway,Poor,Clear,No Light,Truck/Lorry,2,Pedestrian Error,0,0,1,0,7,3,High
2018,5,Sunday,6,Islamabad,Islamabad,National Highway,Average,Foggy,Street Light,Bus/Coach,2,Wrong Overtaking,0,1,0,0,5,1,Medium
2020,6,Sunday,9,KPK,Swat,National Highway,Average,Clear,Daylight,Motorcycle,1,Driver Fatigue,1,1,0,0,5,0,High
2023,9,Thursday,12,Punjab,Rahim Yar Khan,National Highway,Poor,Clear,No Light,Motorcycle,2,Over Speeding,1,0,0,0,6,3,High
2021,2,Friday,23,KPK,Bannu,National Highway,Good,Clear,No Light,Car/Taxi,3,Signal Violation,0,0,1,1,3,0,Medium
2023,1,Friday,16,Punjab,Faisalabad,Provincial Highway,Good,Clear,Daylight,Motorcycle,2,Road Condition,0,0,0,1,2,0,Low
2022,10,Monday,18,Sindh,Mirpur Khas,National Highway,Average,Clear,Daylight,Bus/Coach,2,Pedestrian Error,1,0,0,0,5,0,Medium
2022,9,Wednesday,8,Sindh,Jacobabad,Provincial Highway,Average,Clear,Daylight,Bus/Coach,3,Wrong Overtaking,1,0,0,0,5,0,Medium
2018,6,Saturday,20,Punjab,Rahim Yar Khan,National Highway,Average,Dusty/Smoggy,Street Light,Rickshaw,4,Wrong Overtaking,1,1,0,0,4,1,Medium
2020,7,Saturday,8,Balochistan,Gwadar,National Highway,Average,Extreme Heat,Street Light,Motorcycle,2,Wrong Overtaking,1,1,0,0,4,1,Medium
2019,1,Wednesday,14,Sindh,Jacobabad,Rural Road,Average,Clear,Daylight,Motorcycle,2,Wrong Overtaking,0,0,0,1,3,0,Medium
2023,5,Thursday,20,Punjab,Sargodha,National Highway,Good,Rainy,Street Light,Motorcycle,1,Signal Violation,1,0,0,0,6,1,High
2023,4,Thursday,21,Islamabad,Islamabad,National Highway,Average,Clear,Street Light,Truck/Lorry,2,Pedestrian Error,0,0,0,0,5,0,Medium
2022,1,Wednesday,21,Islamabad,Islamabad,Urban Road,Good,Rainy,No Light,Truck/Lorry,2,Mobile Phone Use,0,0,0,1,1,0,Low
2019,5,Friday,5,KPK,Mardan,National Highway,Average,Foggy,Street Light,Motorcycle,2,Wrong Overtaking,0,0,1,0,8,1,High
2023,4,Monday,18,Sindh,Hyderabad,Rural Road,Under Repair,Dusty/Smoggy,Daylight,Other,1,Road Condition,1,0,0,0,0,0,Low
2022,9,Friday,19,Punjab,Faisalabad,Provincial Highway,Poor,Foggy,Dawn/Dusk,Car/Taxi,2,Mechanical Failure,1,0,0,0,1,0,Low
2023,4,Saturday,8,KPK,Bannu,Urban Road,Average,Clear,Dawn/Dusk,Motorcycle,2,Pedestrian Error,1,1,0,0,2,0,Low
2020,11,Saturday,16,Punjab,Lahore,National Highway,Average,Clear,Daylight,Rickshaw,3,Pedestrian Error,0,1,0,1,1,0,Low
2021,7,Wednesday,21,Punjab,Sialkot,Urban Road,Good,Foggy,No Light,Motorcycle,2,Wrong Overtaking,0,0,0,0,5,1,High
2023,3,Monday,8,Sindh,Jacobabad,Rural Road,Average,Foggy,Daylight,Rickshaw,2,Signal Violation,1,0,0,0,0,0,Low
2021,7,Sunday,21,Punjab,Sheikhupura,Motorway,Average,Foggy,No Light,Rickshaw,1,Over Speeding,0,1,0,0,10,1,High
2022,7,Saturday,8,Punjab,Rawalpindi,Urban Road,Poor,Foggy,Daylight,Truck/Lorry,2,Weather Condition,1,1,0,0,1,1,Medium
2020,7,Monday,12,Sindh,Dadu,National Highway,Average,Clear,Daylight,Bicycle,2,Mobile Phone Use,1,0,0,0,4,0,Medium
2019,12,Sunday,10,Punjab,Sargodha,Rural Road,Under Repair,Clear,Daylight,Motorcycle,1,Over Speeding,0,1,0,1,1,1,Medium
2019,2,Friday,14,Punjab,Gujranwala,Motorway,Average,Clear,Daylight,Rickshaw,2,Road Condition,0,0,0,1,1,0,Low
2021,8,Sunday,20,Punjab,Gujranwala,National Highway,Under Repair,Rainy,Street Light,Motorcycle,2,Over Speeding,1,1,0,0,3,2,High
2023,2,Saturday,15,Punjab,Sargodha,Rural Road,Poor,Rainy,Daylight,Motorcycle,2,Over Speeding,0,1,0,1,4,1,Medium
2019,8,Saturday,10,KPK,Dera Ismail Khan,National Highway,Good,Rainy,Daylight,Motorcycle,3,Road Condition,0,1,0,0,6,4,High
2023,7,Tuesday,15,KPK,Mansehra,Provincial Highway,Poor,Clear,Daylight,Motorcycle,4,Over Speeding,0,0,0,0,9,1,High
2021,6,Sunday,17,Sindh,Thatta,Rural Road,Good,Foggy,Daylight,Car/Taxi,3,Over Speeding,1,1,0,0,1,2,Medium
2023,9,Tuesday,19,Sindh,Kashmore,Rural Road,Average,Clear,Dawn/Dusk,Motorcycle,3,Mobile Phone Use,1,0,0,0,1,0,Low
2021,1,Sunday,14,Punjab,Rahim Yar Khan,Urban Road,Good,Rainy,Dawn/Dusk,Car/Taxi,1,Signal Violation,0,1,0,1,5,1,Medium
2022,2,Sunday,20,Punjab,Sheikhupura,Rural Road,Good,Clear,No Light,Rickshaw,2,Wrong Overtaking,1,1,0,1,0,0,Low
2023,2,Thursday,21,Punjab,Sialkot,National Highway,Average,Rainy,Street Light,Truck/Lorry,1,Drunk Driving,0,0,0,1,8,0,High
2023,12,Wednesday,5,Sindh,Sukkur,Urban Road,Good,Foggy,Street Light,Motorcycle,2,Wrong Overtaking,0,0,1,1,5,0,Medium
2022,2,Sunday,18,KPK,Bannu,Provincial Highway,Good,Dusty/Smoggy,Daylight,Bus/Coach,1,Over Speeding,1,1,0,1,5,0,Medium
2022,5,Tuesday,12,Sindh,Hyderabad,Urban Road,Average,Clear,Daylight,Truck/Lorry,2,Wrong Overtaking,1,0,0,0,3,1,Medium
2021,4,Friday,14,Punjab,Gujranwala,National Highway,Average,Clear,Daylight,Truck/Lorry,2,Drunk Driving,0,0,0,0,2,2,High
2022,7,Saturday,7,Punjab,Rahim Yar Khan,National Highway,Good,Foggy,Daylight,Truck/Lorry,1,Mechanical Failure,1,1,0,0,3,2,High
2022,12,Saturday,0,KPK,Swat,Urban Road,Good,Clear,No Light,Van/Pickup,2,Over Speeding,0,1,1,1,2,0,Medium
2023,5,Friday,15,Punjab,Faisalabad,Urban Road,Average,Clear,Daylight,Car/Taxi,1,Mechanical Failure,0,0,0,0,1,0,Low
2022,8,Thursday,19,KPK,Mansehra,Urban Road,Average,Clear,No Light,Motorcycle,3,Wrong Overtaking,1,0,0,0,2,0,Low
2018,4,Thursday,10,Sindh,Kashmore,Provincial Highway,Average,Clear,Dawn/Dusk,Rickshaw,2,Over Speeding,0,0,0,0,1,0,Low
2020,5,Saturday,19,KPK,Nowshera,Urban Road,Good,Clear,Dawn/Dusk,Motorcycle,3,Signal Violation,1,1,0,0,0,0,Low
2020,2,Thursday,8,Balochistan,Turbat,Provincial Highway,Good,Clear,Daylight,Car/Taxi,2,Over Speeding,1,0,0,1,1,0,Low
2023,3,Friday,8,Islamabad,Islamabad,Urban Road,Average,Clear,Daylight,Car/Taxi,2,Over Speeding,1,0,0,0,0,0,Low
2020,11,Saturday,8,Sindh,Sukkur,National Highway,Poor,Clear,Daylight,Rickshaw,1,Signal Violation,1,1,0,1,1,0,Low
2023,5,Friday,6,Sindh,Mirpur Khas,Provincial Highway,Average,Foggy,Daylight,Rickshaw,2,Road Condition,0,0,0,0,1,0,Medium
2022,11,Wednesday,10,Punjab,Sheikhupura,National Highway,Good,Rainy,Daylight,Other,2,Over Speeding,0,0,0,1,10,1,High
2023,8,Monday,12,Islamabad,Islamabad,Motorway,Poor,Rainy,Daylight,Van/Pickup,1,Mechanical Failure,1,0,0,0,2,2,Medium
2022,6,Thursday,19,Sindh,Jacobabad,Motorway,Average,Clear,Dawn/Dusk,Motorcycle,4,Over Speeding,1,0,0,0,3,1,High
2021,5,Saturday,22,Punjab,Rawalpindi,Provincial Highway,Poor,Foggy,No Light,Truck/Lorry,2,Road Condition,0,1,1,0,2,1,High
2018,2,Wednesday,14,Sindh,Kashmore,Provincial Highway,Poor,Rainy,Daylight,Van/Pickup,2,Wrong Overtaking,0,0,0,1,5,0,Medium
2023,1,Saturday,8,Punjab,Multan,Provincial Highway,Average,Foggy,Daylight,Van/Pickup,3,Over Speeding,1,1,0,1,3,0,Medium
2022,12,Sunday,0,Sindh,Jacobabad,National Highway,Good,Foggy,No Light,Rickshaw,2,Wrong Overtaking,0,1,1,1,11,1,High
2023,2,Saturday,14,Sindh,Karachi,National Highway,Good,Clear,Dawn/Dusk,Car/Taxi,1,Driver Fatigue,0,1,0,1,9,0,High
2019,8,Sunday,9,Punjab,Multan,Motorway,Average,Clear,Daylight,Motorcycle,2,Pedestrian Error,1,1,0,0,2,1,Medium
2019,8,Sunday,6,Punjab,Lahore,Provincial Highway,Average,Clear,Daylight,Motorcycle,2,Signal Violation,0,1,0,0,2,0,Medium
2019,2,Saturday,13,Islamabad,Islamabad,Rural Road,Poor,Foggy,Daylight,Car/Taxi,2,Over Speeding,1,1,0,1,1,0,Medium
2023,3,Friday,12,KPK,Kohat,National Highway,Average,Clear,Dawn/Dusk,Bus/Coach,1,Road Condition,1,0,0,0,5,0,Medium
2021,11,Sunday,10,KPK,Mardan,Urban Road,Poor,Clear,Daylight,Motorcycle,1,Mechanical Failure,0,1,0,1,1,0,Low
2020,5,Thursday,19,Punjab,Sheikhupura,National Highway,Poor,Clear,Dawn/Dusk,Car/Taxi,2,Weather Condition,1,0,0,0,2,0,Medium
2023,11,Friday,9,KPK,Abbottabad,Urban Road,Good,Foggy,Daylight,Car/Taxi,2,Weather Condition,1,0,0,1,0,0,Low
2019,4,Wednesday,5,Sindh,Mirpur Khas,Urban Road,Average,Clear,Street Light,Car/Taxi,3,Pedestrian Error,0,0,1,0,2,1,Low
2020,11,Friday,15,Punjab,Bahawalpur,Rural Road,Good,Clear,Street Light,Car/Taxi,1,Signal Violation,0,0,0,1,0,0,Low
2022,2,Saturday,10,Punjab,Bahawalpur,National Highway,Good,Extreme Heat,Daylight,Truck/Lorry,1,Over Speeding,0,1,0,1,7,0,High
2019,5,Saturday,15,Punjab,Sheikhupura,Urban Road,Average,Clear,Daylight,Motorcycle,3,Wrong Overtaking,0,1,0,0,1,0,Low
2023,6,Saturday,21,Punjab,Rawalpindi,National Highway,Average,Foggy,Street Light,Car/Taxi,2,Signal Violation,0,1,0,0,4,0,Medium
2019,5,Saturday,15,Gilgit-Baltistan,Hunza,Motorway,Good,Foggy,Daylight,Bus/Coach,4,Signal Violation,0,1,0,0,8,3,High
2021,4,Saturday,13,Punjab,Multan,Provincial Highway,Average,Clear,Street Light,Car/Taxi,3,Wrong Overtaking,1,1,0,0,1,0,Low
2022,7,Saturday,17,Sindh,Nawabshah,National Highway,Average,Clear,Daylight,Car/Taxi,1,Wrong Overtaking,1,1,0,0,4,0,Medium
2023,2,Tuesday,2,Sindh,Jacobabad,Urban Road,Poor,Dusty/Smoggy,No Light,Motorcycle,1,Pedestrian Error,0,0,1,1,3,0,Medium
2019,2,Saturday,18,Punjab,Lahore,Provincial Highway,Good,Foggy,Daylight,Bicycle,2,Over Speeding,1,1,0,1,4,2,High
2022,4,Friday,14,Sindh,Hyderabad,National Highway,Good,Clear,Daylight,Motorcycle,3,Over Speeding,0,0,0,0,6,1,High
2022,5,Friday,18,Punjab,Rawalpindi,Provincial Highway,Good,Dusty/Smoggy,Daylight,Motorcycle,2,Wrong Overtaking,1,0,0,0,11,3,High
2018,9,Sunday,4,KPK,Peshawar,Rural Road,Good,Foggy,Street Light,Motorcycle,3,Mechanical Failure,0,1,1,0,4,0,Medium
2023,1,Friday,6,Punjab,Rawalpindi,National Highway,Good,Clear,Daylight,Car/Taxi,1,Over Speeding,0,0,0,1,5,1,Medium
2021,8,Thursday,13,Sindh,Larkana,Motorway,Good,Foggy,Daylight,Car/Taxi,1,Pedestrian Error,1,0,0,0,3,0,Medium
2022,9,Sunday,14,KPK,Mansehra,Rural Road,Average,Clear,Daylight,Bus/Coach,2,Pedestrian Error,0,1,0,0,0,0,Low
2018,6,Tuesday,7,Balochistan,Hub,Provincial Highway,Good,Clear,Daylight,Bus/Coach,3,Signal Violation,1,0,0,0,1,2,Medium
2021,1,Tuesday,4,KPK,Mansehra,Provincial Highway,Average,Clear,No Light,Motorcycle,3,Signal Violation,0,0,1,1,7,1,High
2023,1,Tuesday,7,Sindh,Dadu,Provincial Highway,Average,Clear,Daylight,Rickshaw,2,Over Speeding,1,0,0,1,1,0,Medium
2021,1,Saturday,12,Punjab,Lahore,Urban Road,Poor,Clear,Street Light,Truck/Lorry,2,Wrong Overtaking,1,1,0,1,5,0,Medium
2022,6,Friday,8,Sindh,Sukkur,Provincial Highway,Under Repair,Foggy,Street Light,Motorcycle,2,Mechanical Failure,1,0,0,0,5,1,High
2018,6,Monday,7,KPK,Charsadda,National Highway,Average,Clear,Daylight,Rickshaw,3,Over Speeding,1,0,0,0,2,2,Medium
2021,8,Friday,16,Balochistan,Sibi,Provincial Highway,Average,Clear,Daylight,Car/Taxi,1,Over Speeding,0,0,0,0,2,0,Low
2019,5,Friday,19,Punjab,Faisalabad,Provincial Highway,Average,Clear,Street Light,Car/Taxi,2,Wrong Overtaking,1,0,0,0,1,0,Medium
2020,12,Thursday,22,Punjab,Rahim Yar Khan,Urban Road,Average,Clear,Street Light,Other,1,Signal Violation,0,0,1,1,0,1,Low
2022,2,Friday,9,KPK,Kohat,National Highway,Poor,Clear,Daylight,Motorcycle,3,Mechanical Failure,1,0,0,1,4,1,Medium
2022,3,Sunday,5,Sindh,Sukkur,Urban Road,Good,Rainy,Dawn/Dusk,Motorcycle,2,Over Speeding,0,1,1,0,6,2,High
2021,12,Friday,0,Punjab,Rahim Yar Khan,National Highway,Average,Rainy,No Light,Truck/Lorry,2,Over Speeding,0,0,1,1,6,1,High
2022,1,Thursday,11,Punjab,Faisalabad,Provincial Highway,Poor,Rainy,Daylight,Car/Taxi,1,Over Speeding,0,0,0,1,5,2,High
2023,6,Monday,8,Sindh,Dadu,National Highway,Average,Dusty/Smoggy,Daylight,Motorcycle,1,Signal Violation,1,0,0,0,5,0,Medium
2018,10,Thursday,18,Gilgit-Baltistan,Gilgit,Rural Road,Good,Clear,Daylight,Car/Taxi,2,Wrong Overtaking,1,0,0,0,1,0,Low
2019,2,Friday,14,Sindh,Dadu,Provincial Highway,Average,Clear,Daylight,Motorcycle,2,Mechanical Failure,0,0,0,1,1,2,Medium
2023,7,Friday,4,Punjab,Lahore,National Highway,Good,Foggy,No Light,Car/Taxi,2,Over Speeding,0,0,1,0,3,4,High
2018,1,Saturday,10,Punjab,Multan,National Highway,Good,Clear,Dawn/Dusk,Car/Taxi,1,Wrong Overtaking,0,1,0,1,1,1,Medium
2021,2,Tuesday,12,Punjab,Lahore,Rural Road,Good,Clear,Street Light,Rickshaw,3,Over Speeding,1,0,0,1,1,0,Low
2020,5,Monday,21,Sindh,Mirpur Khas,Rural Road,Poor,Clear,No Light,Motorcycle,2,Road Condition,0,0,0,0,2,0,Medium
2020,9,Sunday,13,Sindh,Mirpur Khas,Urban Road,Average,Clear,No Light,Bus/Coach,3,Signal Violation,1,1,0,0,2,0,Low
2021,4,Thursday,12,Punjab,Sargodha,Urban Road,Poor,Extreme Heat,Daylight,Truck/Lorry,1,Mechanical Failure,1,0,0,0,0,0,Low
2023,6,Thursday,18,KPK,Nowshera,National Highway,Average,Clear,Daylight,Motorcycle,3,Over Speeding,1,0,0,0,10,2,High
2023,11,Thursday,17,KPK,Charsadda,Urban Road,Average,Clear,Dawn/Dusk,Car/Taxi,3,Pedestrian Error,1,0,0,1,0,1,Low
2020,7,Thursday,23,Punjab,Sialkot,National Highway,Good,Foggy,Street Light,Motorcycle,1,Signal Violation,0,0,1,0,4,1,High
2018,1,Friday,14,Punjab,Rahim Yar Khan,Rural Road,Average,Clear,No Light,Motorcycle,3,Over Speeding,0,0,0,1,3,1,Medium