year,month,day_of_week,hour_of_day,province,district,road_type,road_condition,weather_condition,lighting_condition,vehicle_type,vehicles_involved,accident_cause,is_rush_hour,is_weekend,is_night,is_foggy_month,num_injured,num_killed,severity
2021,7,Tuesday,10,Gilgit-Baltistan,Hunza,Provincial Highway,Poor,Foggy,Daylight,Motorcycle,1,Driver Fatigue,0,0,0,0,10,0,High
2021,3,Thursday,18,Punjab,Sheikhupura,Rural Road,Good,Clear,Daylight,Rickshaw,2,Wrong Overtaking,1,0,0,0,1,1,Low
2018,1,Thursday,9,KPK,Kohat,Provincial Highway,Good,Clear,Dawn/Dusk,Bicycle,2,Pedestrian Error,1,0,0,1,1,0,Low
2023,1,Tuesday,15,Sindh,Dadu,National Highway,Good,Clear,Daylight,Truck/Lorry,2,Over Speeding,0,0,0,1,2,4,High
2022,3,Saturday,17,KPK,Kohat,Rural Road,Poor,Dusty/Smoggy,Street Light,Motorcycle,2,Road Condition,1,1,0,0,4,0,Medium
2023,1,Saturday,0,KPK,Abbottabad,Rural Road,Average,Dusty/Smoggy,No Light,Motorcycle,4,Road Condition,0,1,1,1,3,0,Medium
2019,2,Saturday,19,KPK,Nowshera,National Highway,Average,Clear,Street Light,Motorcycle,2,Pedestrian Error,1,1,0,1,3,1,High
2019,4,Saturday,21,Balochistan,Sibi,National Highway,Poor,Dusty/Smoggy,No Light,Van/Pickup,2,Signal Violation,0,1,0,0,3,2,Medium
2023,1,Monday,20,Islamabad,Islamabad,Provincial Highway,Good,Rainy,Street Light,Motorcycle,2,Driver Fatigue,1,0,0,1,10,0,High
2023,5,Sunday,6,Sindh,Karachi,Urban Road,Good,Clear,Street Light,Car/Taxi,2,Over Speeding,0,1,0,0,0,0,Low
2019,5,Wednesday,13,Punjab,Rawalpindi,National Highway,Good,Clear,Daylight,Other,3,Over Speeding,1,0,0,0,5,0,Medium
2018,7,Friday,2,Punjab,Sargodha,Rural Road,Good,Clear,Street Light,Motorcycle,1,Signal Violation,0,0,1,0,2,1,High
2018,1,Tuesday,10,KPK,Bannu,Motorway,Good,Clear,Daylight,Van/Pickup,1,Road Condition,0,0,0,1,1,0,Low
2021,7,Thursday,19,Sindh,Larkana,Urban Road,Good,Rainy,Street Light,Bus/Coach,4,Mobile Phone Use,1,0,0,0,1,0,Low
2021,4,Saturday,7,Punjab,Gujranwala,Motorway,Good,Clear,Daylight,Motorcycle,1,Over Speeding,1,1,0,0,8,2,High
2020,9,Thursday,11,Punjab,Bahawalpur,National Highway,Good,Clear,Daylight,Motorcycle,1,Signal Violation,0,0,0,0,3,2,Medium
2022,3,Monday,14,KPK,Swat,National Highway,Good,Dusty/Smoggy,Daylight,Motorcycle,4,Signal Violation,0,0,0,0,5,0,Medium
2022,8,Sunday,16,Punjab,Faisalabad,Provincial Highway,Poor,Clear,Daylight,Motorcycle,3,Wrong Overtaking,0,1,0,0,3,0,Medium
2020,2,Sunday,17,Sindh,Jacobabad,Rural Road,Good,Clear,Daylight,Truck/Lorry,1,Drunk Driving,1,1,0,1,3,0,Medium
2019,8,Monday,21,KPK,Mardan,Urban Road,Poor,Clear,No Light,Motorcycle,2,Wrong Overtaking,0,0,0,0,5,0,Medium
2018,10,Friday,21,Sindh,Nawabshah,Urban Road,Good,Rainy,No Light,Motorcycle,3,Driver Fatigue,0,0,0,0,3,1,Medium
2019,2,Saturday,19,Punjab,Sargodha,Motorway,Poor,Rainy,Dawn/Dusk,Motorcycle,1,Signal Violation,1,1,0,1,3,2,High
2020,6,Saturday,17,Punjab,Bahawalpur,Urban Road,Poor,Clear,Daylight,Van/Pickup,2,Road Condition,1,1,0,0,0,0,Low
2021,12,Thursday,11,Punjab,Gujranwala,Provincial Highway,Poor,Clear,Dawn/Dusk,Motorcycle,2,Pedestrian Error,0,0,0,1,1,0,Low
2022,5,Thursday,18,Punjab,Lahore,Rural Road,Under Repair,Dusty/Smoggy,Dawn/Dusk,Rickshaw,1,Over Speeding,1,0,0,0,1,0,Low
2023,12,Wednesday,19,Sindh,Sukkur,Urban Road,Good,Dusty/Smoggy,Street Light,Motorcycle,2,Over Speeding,1,0,0,1,4,0,Medium
2023,8,Wednesday,8,Sindh,Kashmore,Rural Road,Good,Clear,Daylight,Car/Taxi,1,Over Speeding,1,0,0,0,1,0,Low
2018,8,Wednesday,19,Punjab,Sheikhupura,Urban Road,Good,Clear,Dawn/Dusk,Car/Taxi,2,Road Condition,1,0,0,0,2,0,Low
2018,6,Sunday,15,Punjab,Sialkot,National Highway,Good,Rainy,Street Light,Motorcycle,3,Over Speeding,0,1,0,0,4,3,High
2020,6,Thursday,13,Punjab,Gujranwala,Provincial Highway,Average,Rainy,Daylight,Motorcycle,1,Drunk Driving,1,0,0,0,9,0,High
2019,5,Wednesday,5,AJK,Muzaffarabad,Provincial Highway,Average,Extreme Heat,Dawn/Dusk,Motorcycle,4,Wrong Overtaking,0,0,1,0,9,1,High
2023,11,Monday,15,Sindh,Larkana,Urban Road,Good,Rainy,Daylight,Motorcycle,4,Mechanical Failure,0,0,0,1,5,1,Medium
2020,10,Tuesday,22,Balochistan,Hub,Urban Road,Poor,Foggy,Street Light,Car/Taxi,2,Signal Violation,0,0,1,0,1,0,Low
2022,2,Saturday,19,Balochistan,Turbat,Urban Road,Poor,Clear,No Light,Motorcycle,2,Road Condition,1,1,0,1,2,0,Low
2022,3,Friday,8,Sindh,Mirpur Khas,National Highway,Average,Dusty/Smoggy,Daylight,Motorcycle,1,Wrong Overtaking,1,0,0,0,4,1,Medium
2021,11,Tuesday,11,KPK,Abbottabad,Rural Road,Average,Foggy,Daylight,Car/Taxi,3,Driver Fatigue,0,0,0,1,0,0,Low
2022,4,Saturday,15,Punjab,Bahawalpur,Provincial Highway,Average,Foggy,Daylight,Car/Taxi,2,Over Speeding,0,1,0,0,4,0,Medium
2018,2,Thursday,12,KPK,Dera Ismail Khan,Urban Road,Poor,Clear,No Light,Motorcycle,2,Pedestrian Error,1,0,0,1,2,0,Low
2022,8,Tuesday,10,Punjab,Lahore,National Highway,Good,Foggy,Street Light,Car/Taxi,2,Pedestrian Error,0,0,0,0,1,0,Medium
2023,6,Tuesday,17,KPK,Swat,Urban Road,Average,Foggy,Daylight,Motorcycle,3,Pedestrian Error,1,0,0,0,4,0,Medium
2022,8,Wednesday,7,Punjab,Sheikhupura,Provincial Highway,Under Repair,Foggy,Daylight,Bus/Coach,1,Wrong Overtaking,1,0,0,0,2,0,Medium
2022,5,Saturday,19,KPK,Peshawar,National Highway,Poor,Clear,No Light,Motorcycle,4,Over Speeding,1,1,0,0,10,1,High
2018,6,Monday,16,Punjab,Sialkot,Provincial Highway,Poor,Clear,Daylight,Car/Taxi,1,Driver Fatigue,0,0,0,0,5,0,Medium
2021,8,Thursday,7,Balochistan,Zhob,Provincial Highway,Good,Foggy,Daylight,Car/Taxi,3,Over Speeding,1,0,0,0,6,3,High
2021,11,Thursday,3,Punjab,Faisalabad,Provincial Highway,Average,Clear,No Light,Motorcycle,1,Wrong Overtaking,0,0,1,1,1,1,Medium
2018,6,Friday,7,Sindh,Karachi,Provincial Highway,Average,Extreme Heat,Street Light,Car/Taxi,2,Over Speeding,1,0,0,0,3,2,Medium
2023,5,Tuesday,14,Sindh,Karachi,Urban Road,Good,Rainy,Daylight,Truck/Lorry,3,Over Speeding,0,0,0,0,9,2,High
2018,10,Sunday,11,Punjab,Rahim Yar Khan,Urban Road,Good,Clear,Street Light,Motorcycle,2,Over Speeding,0,1,0,0,10,3,High
2022,6,Friday,1,Sindh,Mirpur Khas,Motorway,Average,Clear,Street Light,Motorcycle,1,Mobile Phone Use,0,0,1,0,6,1,High
2023,8,Saturday,14,Islamabad,Islamabad,National Highway,Average,Dusty/Smoggy,Daylight,Motorcycle,3,Road Condition,0,1,0,0,1,0,Medium
2019,11,Tuesday,20,Punjab,Gujranwala,National Highway,Average,Foggy,No Light,Rickshaw,1,Road Condition,1,0,0,1,5,0,Medium
2022,4,Tuesday,0,Balochistan,Dera Bugti,National Highway,Poor,Rainy,No Light,Van/Pickup,2,Signal Violation,0,0,1,0,10,2,High
2020,9,Saturday,8,Sindh,Jacobabad,Provincial Highway,Poor,Clear,Daylight,Motorcycle,2,Signal Violation,1,1,0,0,4,2,Medium
2021,11,Monday,13,KPK,Bannu,Provincial Highway,Good,Clear,Street Light,Motorcycle,2,Over Speeding,1,0,0,1,4,4,High
2018,5,Saturday,12,Punjab,Multan,Urban Road,Average,Extreme Heat,Daylight,Car/Taxi,2,Over Speeding,1,1,0,0,0,0,Low
2022,5,Sunday,8,Sindh,Larkana,National Highway,Average,Extreme Heat,Daylight,Car/Taxi,4,Signal Violation,1,1,0,0,3,0,Medium
2018,3,Monday,10,Balochistan,Loralai,Provincial Highway,Poor,Clear,Daylight,Car/Taxi,1,Over Speeding,0,0,0,0,3,0,Medium
2023,12,Thursday,8,Punjab,Sheikhupura,Urban Road,Average,Rainy,Daylight,Motorcycle,2,Road Condition,1,0,0,1,3,0,Medium
2023,9,Friday,17,Sindh,Jacobabad,Urban Road,Average,Foggy,Daylight,Car/Taxi,3,Mobile Phone Use,1,0,0,0,2,0,Low
2019,5,Thursday,13,Punjab,Bahawalpur,Urban Road,Poor,Clear,Daylight,Rickshaw,3,Over Speeding,1,0,0,0,0,0,Low
2021,7,Wednesday,10,Punjab,Rahim Yar Khan,Rural Road,Average,Foggy,Daylight,Van/Pickup,2,Signal Violation,0,0,0,0,0,0,Low
2021,6,Tuesday,16,Sindh,Jacobabad,National Highway,Average,Clear,Street Light,Motorcycle,2,Wrong Overtaking,0,0,0,0,7,2,High
2019,1,Monday,8,KPK,Bannu,Motorway,Poor,Clear,Daylight,Motorcycle,2,Signal Violation,1,0,0,1,4,1,High
2019,6,Wednesday,18,Sindh,Nawabshah,National Highway,Poor,Extreme Heat,Dawn/Dusk,Car/Taxi,2,Mobile Phone Use,1,0,0,0,0,0,Low
2022,3,Wednesday,14,Punjab,Sheikhupura,Provincial Highway,Good,Extreme Heat,Street Light,Car/Taxi,3,Over Speeding,0,0,0,0,1,0,Low
2018,10,Thursday,8,Sindh,Sukkur,National Highway,Good,Clear,Daylight,Car/Taxi,3,Driver Fatigue,1,0,0,0,5,0,Medium
2020,11,Tuesday,9,Punjab,Multan,Motorway,Poor,Extreme Heat,Dawn/Dusk,Motorcycle,4,Over Speeding,1,0,0,1,4,2,High
2019,1,Wednesday,22,Sindh,Dadu,Urban Road,Average,Clear,No Light,Car/Taxi,2,Wrong Overtaking,0,0,1,1,1,0,Low
2019,11,Sunday,9,Balochistan,Turbat,Urban Road,Good,Clear,Daylight,Car/Taxi,3,Over Speeding,1,1,0,1,1,0,Low
2023,8,Friday,11,KPK,Mardan,Motorway,Poor,Clear,Daylight,Motorcycle,3,Drunk Driving,0,0,0,0,6,0,High
2022,5,Wednesday,5,Punjab,Rahim Yar Khan,Urban Road,Good,Dusty/Smoggy,Street Light,Bus/Coach,2,Wrong Overtaking,0,0,1,0,2,0,Medium
2020,11,Saturday,17,Balochistan,Chaman,Motorway,Poor,Clear,Dawn/Dusk,Motorcycle,2,Pedestrian Error,1,1,0,1,4,0,Medium
2020,5,Monday,9,Sindh,Kashmore,Provincial Highway,Average,Clear,Daylight,Rickshaw,1,Wrong Overtaking,1,0,0,0,2,0,Low
2019,2,Wednesday,15,KPK,Mansehra,Urban Road,Good,Clear,Daylight,Motorcycle,2,Over Speeding,0,0,0,1,7,0,High
2019,7,Thursday,12,Punjab,Gujranwala,National Highway,Average,Clear,Daylight,Rickshaw,2,Over Speeding,1,0,0,0,3,2,Medium
2023,9,Tuesday,13,KPK,Mardan,National Highway,Good,Clear,Daylight,Motorcycle,3,Over Speeding,1,0,0,0,3,0,High
2022,12,Saturday,3,Punjab,Lahore,Provincial Highway,Good,Foggy,No Light,Rickshaw,1,Road Condition,0,1,1,1,2,0,Low
2022,2,Sunday,9,Sindh,Sukkur,National Highway,Poor,Clear,Daylight,Car/Taxi,2,Wrong Overtaking,1,1,0,1,3,0,Medium
2021,11,Monday,11,Punjab,Sialkot,Provincial Highway,Average,Foggy,Dawn/Dusk,Motorcycle,2,Mechanical Failure,0,0,0,1,3,2,Medium
2021,5,Wednesday,6,Punjab,Gujranwala,Provincial Highway,Good,Clear,Daylight,Motorcycle,3,Over Speeding,0,0,0,0,3,0,Medium
2019,1,Wednesday,20,Punjab,Sialkot,National Highway,Average,Clear,Street Light,Car/Taxi,1,Wrong Overtaking,1,0,0,1,1,0,Medium
2020,12,Wednesday,23,Punjab,Sargodha,Motorway,Good,Clear,No Light,Car/Taxi,2,Over Speeding,0,0,1,1,4,2,High
2019,1,Wednesday,6,Punjab,Sargodha,Rural Road,Average,Clear,Daylight,Van/Pickup,1,Mechanical Failure,0,0,0,1,1,0,Low
2021,5,Friday,18,KPK,Abbottabad,National Highway,Good,Clear,Daylight,Motorcycle,3,Road Condition,1,0,0,0,4,0,Medium
2023,5,Thursday,13,Punjab,Rahim Yar Khan,Provincial Highway,Poor,Clear,Daylight,Motorcycle,3,Pedestrian Error,1,0,0,0,0,0,Low
2021,7,Sunday,9,Sindh,Thatta,Urban Road,Good,Foggy,No Light,Truck/Lorry,3,Pedestrian Error,1,1,0,0,2,0,Low
2023,8,Thursday,17,Punjab,Bahawalpur,Provincial Highway,Average,Clear,Daylight,Motorcycle,1,Drunk Driving,1,0,0,0,6,4,High
2018,8,Monday,14,Islamabad,Islamabad,Rural Road,Good,Clear,Daylight,Rickshaw,1,Wrong Overtaking,0,0,0,0,1,0,Low
2022,6,Sunday,14,Islamabad,Islamabad,Motorway,Average,Dusty/Smoggy,Daylight,Motorcycle,2,Mechanical Failure,0,1,0,0,4,0,Medium
2023,4,Tuesday,18,Punjab,Rawalpindi,National Highway,Good,Foggy,Daylight,Motorcycle,2,Drunk Driving,1,0,0,0,11,0,High
2019,12,Monday,9,Sindh,Nawabshah,Provincial Highway,Average,Clear,Daylight,Car/Taxi,2,Wrong Overtaking,1,0,0,1,5,0,Medium
2022,8,Tuesday,20,Punjab,Sheikhupura,Provincial Highway,Poor,Foggy,Street Light,Bicycle,2,Wrong Overtaking,1,0,0,0,7,0,High
2022,7,Saturday,10,Islamabad,Islamabad,National Highway,Poor,Foggy,Daylight,Bus/Coach,1,Road Condition,0,1,0,0,9,2,High
2018,7,Tuesday,17,Sindh,Karachi,Rural Road,Average,Clear,Daylight,Car/Taxi,3,Over Speeding,1,0,0,0,1,1,Medium
2023,4,Sunday,14,Punjab,Faisalabad,National Highway,Good,Dusty/Smoggy,Daylight,Car/Taxi,1,Over Speeding,0,1,0,0,1,0,Medium
2020,12,Friday,17,Punjab,Faisalabad,National Highway,Good,Clear,Daylight,Bus/Coach,3,Wrong Overtaking,1,0,0,1,10,1,High
2020,12,Saturday,9,Punjab,Gujranwala,National Highway,Good,Clear,Daylight,Rickshaw,1,Mechanical Failure,1,1,0,1,1,1,Low
2022,1,Tuesday,16,Punjab,Sialkot,Provincial Highway,Average,Clear,Daylight,Motorcycle,1,Wrong Overtaking,0,0,0,1,3,0,Medium
2019,1,Sunday,11,KPK,Abbottabad,Provincial Highway,Average,Clear,Daylight,Car/Taxi,2,Wrong Overtaking,0,1,0,1,0,0,Low
2020,12,Tuesday,6,Sindh,Larkana,Rural Road,Average,Foggy,Daylight,Car/Taxi,1,Wrong Overtaking,0,0,0,1,3,0,Medium
2021,11,Tuesday,22,Punjab,Rahim Yar Khan,National Highway,Poor,Clear,Street Light,Motorcycle,1,Road Condition,0,0,1,1,5,1,High
2022,4,Friday,12,Punjab,Faisalabad,Rural Road,Good,Clear,Daylight,Rickshaw,1,Wrong Overtaking,1,0,0,0,0,0,Low
2020,6,Sunday,6,Punjab,Rawalpindi,Provincial Highway,Good,Foggy,Street Light,Van/Pickup,2,Over Speeding,0,1,0,0,3,2,High
2022,11,Thursday,21,Punjab,Bahawalpur,National Highway,Poor,Clear,Street Light,Truck/Lorry,3,Road Condition,0,0,0,1,2,1,Medium
2023,12,Monday,18,KPK,Kohat,Motorway,Good,Rainy,Daylight,Car/Taxi,1,Road Condition,1,0,0,1,4,0,Medium
2023,7,Thursday,18,Punjab,Faisalabad,Rural Road,Good,Clear,Daylight,Rickshaw,2,Wrong Overtaking,1,0,0,0,1,0,Low
2019,3,Monday,10,Sindh,Kashmore,Urban Road,Good,Foggy,No Light,Car/Taxi,4,Over Speeding,0,0,0,0,4,1,Medium
2019,3,Tuesday,12,Punjab,Rahim Yar Khan,National Highway,Good,Clear,Daylight,Car/Taxi,2,Over Speeding,1,0,0,0,5,0,Medium
2020,3,Monday,18,Punjab,Faisalabad,Rural Road,Good,Clear,Daylight,Motorcycle,1,Mechanical Failure,1,0,0,0,4,2,Medium
2023,4,Tuesday,18,Sindh,Larkana,National Highway,Poor,Dusty/Smoggy,Daylight,Car/Taxi,2,Over Speeding,1,0,0,0,3,0,Medium
2018,11,Sunday,13,Sindh,Dadu,National Highway,Average,Clear,Daylight,Rickshaw,2,Over Speeding,1,1,0,1,8,2,High
2023,6,Saturday,8,Punjab,Sialkot,Urban Road,Good,Rainy,Daylight,Car/Taxi,1,Over Speeding,1,1,0,0,2,0,Low
2021,8,Tuesday,17,Sindh,Karachi,National Highway,Good,Clear,Daylight,Car/Taxi,3,Over Speeding,1,0,0,0,4,1,Medium
2018,12,Friday,21,Sindh,Larkana,National Highway,Average,Clear,No Light,Motorcycle,2,Over Speeding,0,0,0,1,2,3,High
2021,3,Thursday,15,Punjab,Rawalpindi,Provincial Highway,Good,Foggy,Dawn/Dusk,Motorcycle,2,Signal Violation,0,0,0,0,11,2,High
2023,10,Saturday,12,Sindh,Karachi,National Highway,Poor,Dusty/Smoggy,Daylight,Car/Taxi,3,Wrong Overtaking,1,1,0,0,1,1,Medium
2023,5,Monday,7,KPK,Mansehra,Urban Road,Poor,Clear,Street Light,Motorcycle,2,Wrong Overtaking,1,0,0,0,5,2,Medium
2020,7,Sunday,6,Punjab,Rahim Yar Khan,Urban Road,Poor,Foggy,Daylight,Truck/Lorry,3,Mechanical Failure,0,1,0,0,1,1,Medium
2023,5,Wednesday,17,Sindh,Karachi,National Highway,Under Repair,Rainy,Daylight,Motorcycle,1,Signal Violation,1,0,0,0,7,1,High
2018,1,Sunday,16,Punjab,Lahore,Provincial Highway,Average,Foggy,Daylight,Motorcycle,2,Mechanical Failure,0,1,0,1,1,0,Medium
2019,6,Friday,16,Punjab,Sargodha,Provincial Highway,Poor,Clear,Daylight,Rickshaw,1,Over Speeding,0,0,0,0,4,1,Medium
2023,2,Wednesday,5,Sindh,Karachi,Provincial Highway,Poor,Clear,Daylight,Motorcycle,1,Weather Condition,0,0,1,1,10,1,High
2020,3,Monday,14,Balochistan,Khuzdar,Rural Road,Under Repair,Foggy,Street Light,Car/Taxi,2,Over Speeding,0,0,0,0,2,0,Medium
2022,9,Sunday,22,Balochistan,Hub,Provincial Highway,Good,Dusty/Smoggy,No Light,Motorcycle,3,Mechanical Failure,0,1,1,0,4,0,Medium
2018,10,Tuesday,18,Punjab,Rawalpindi,National Highway,Good,Foggy,Daylight,Motorcycle,1,Driver Fatigue,1,0,0,0,2,0,High
2021,1,Monday,4,Punjab,Sialkot,National Highway,Average,Clear,No Light,Car/Taxi,2,Over Speeding,0,0,1,1,1,0,Medium
2023,3,Friday,2,Sindh,Dadu,Provincial Highway,Average,Clear,No Light,Motorcycle,3,Over Speeding,0,0,1,0,6,2,High
2020,6,Friday,8,Punjab,Faisalabad,National Highway,Poor,Rainy,Daylight,Car/Taxi,1,Pedestrian Error,1,0,0,0,2,0,Low
2019,10,Wednesday,8,KPK,Nowshera,National Highway,Good,Foggy,Daylight,Rickshaw,3,Over Speeding,1,0,0,0,6,0,High
2020,11,Saturday,2,KPK,Swat,Urban Road,Good,Clear,Street Light,Motorcycle,3,Signal Violation,0,1,1,1,10,2,High
2020,10,Sunday,22,Balochistan,Zhob,National Highway,Poor,Foggy,No Light,Motorcycle,2,Mechanical Failure,0,1,1,0,9,2,High
2023,12,Thursday,19,Punjab,Rahim Yar Khan,National Highway,Average,Foggy,Dawn/Dusk,Rickshaw,2,Mechanical Failure,1,0,0,1,2,1,Medium
2021,4,Saturday,13,Punjab,Rahim Yar Khan,Urban Road,Good,Clear,Daylight,Rickshaw,2,Wrong Overtaking,1,1,0,0,0,0,Low
2020,1,Monday,13,KPK,Mansehra,Rural Road,Average,Clear,Daylight,Motorcycle,2,Signal Violation,1,0,0,1,4,0,Medium
2022,11,Saturday,13,KPK,Charsadda,Rural Road,Good,Rainy,Daylight,Motorcycle,3,Over Speeding,1,1,0,1,4,1,High
2023,7,Saturday,11,Balochistan,Loralai,Urban Road,Good,Clear,Daylight,Bicycle,2,Over Speeding,0,1,0,0,1,0,Medium
2020,5,Friday,19,Punjab,Gujranwala,National Highway,Good,Foggy,Dawn/Dusk,Rickshaw,1,Over Speeding,1,0,0,0,9,0,High
2022,9,Wednesday,13,Sindh,Jacobabad,Rural Road,Under Repair,Rainy,Daylight,Motorcycle,1,Mechanical Failure,1,0,0,0,4,0,Medium
2020,2,Wednesday,17,Sindh,Nawabshah,Urban Road,Poor,Clear,Daylight,Rickshaw,3,Wrong Overtaking,1,0,0,1,2,0,Low
2022,11,Friday,7,Punjab,Gujranwala,Rural Road,Average,Foggy,Daylight,Motorcycle,2,Pedestrian Error,1,0,0,1,5,0,Medium
2019,5,Sunday,12,Sindh,Dadu,National Highway,Average,Foggy,Daylight,Bus/Coach,2,Mechanical Failure,1,1,0,0,2,1,Medium
2022,3,Tuesday,4,Sindh,Larkana,Provincial Highway,Good,Clear,Street Light,Car/Taxi,1,Over Speeding,0,0,1,0,4,0,Medium
2020,5,Saturday,15,Punjab,Sargodha,Provincial Highway,Good,Clear,Daylight,Motorcycle,2,Over Speeding,0,1,0,0,3,1,Medium
2019,2,Sunday,14,Punjab,Sargodha,Rural Road,Good,Extreme Heat,Street Light,Car/Taxi,2,Pedestrian Error,0,1,0,1,1,0,Low
2019,9,Wednesday,6,Sindh,Sukkur,Provincial Highway,Average,Clear,Daylight,Van/Pickup,3,Drunk Driving,0,0,0,0,1,0,Low
2022,5,Tuesday,18,Sindh,Thatta,Provincial Highway,Good,Clear,Daylight,Car/Taxi,2,Wrong Overtaking,1,0,0,0,0,0,Low
2018,5,Saturday,9,Balochistan,Sibi,Rural Road,Good,Clear,Daylight,Car/Taxi,2,Over Speeding,1,1,0,0,5,1,Medium
2022,9,Saturday,17,Punjab,Gujranwala,Urban Road,Good,Clear,Daylight,Motorcycle,2,Pedestrian Error,1,1,0,0,0,0,Low
2019,7,Tuesday,19,Punjab,Lahore,Urban Road,Average,Clear,No Light,Motorcycle,2,Over Speeding,1,0,0,0,7,3,High
2021,6,Saturday,17,AJK,Muzaffarabad,National Highway,Good,Foggy,Daylight,Truck/Lorry,1,Drunk Driving,1,1,0,0,10,0,High
2023,4,Saturday,12,Balochistan,Hub,National Highway,Good,Clear,Dawn/Dusk,Car/Taxi,1,Over Speeding,1,1,0,0,3,1,Medium
2020,3,Thursday,7,Punjab,Faisalabad,Urban Road,Poor,Foggy,Daylight,Rickshaw,1,Over Speeding,1,0,0,0,1,0,Low
2019,9,Friday,21,KPK,Mardan,Provincial Highway,Good,Clear,No Light,Motorcycle,3,Pedestrian Error,0,0,0,0,2,0,Low
2019,9,Saturday,9,Punjab,Sialkot,Motorway,Average,Clear,Daylight,Truck/Lorry,2,Road Condition,1,1,0,0,4,0,Medium
2021,5,Sunday,18,Punjab,Gujranwala,Rural Road,Average,Rainy,Street Light,Motorcycle,1,Over Speeding,1,1,0,0,10,0,High
2020,12,Wednesday,6,Punjab,Faisalabad,Urban Road,Good,Clear,Street Light,Motorcycle,2,Wrong Overtaking,0,0,0,1,5,0,Medium
2022,8,Sunday,2,Punjab,Gujranwala,National Highway,Under Repair,Clear,Street Light,Rickshaw,2,Wrong Overtaking,0,1,1,0,3,1,Medium
2022,6,Monday,8,KPK,Swat,National Highway,Good,Rainy,Daylight,Bus/Coach,2,Road Condition,1,0,0,0,10,0,High
2021,10,Sunday,8,KPK,Mansehra,Provincial Highway,Good,Foggy,Street Light,Motorcycle,3,Wrong Overtaking,1,1,0,0,5,2,High
2019,11,Monday,16,AJK,Muzaffarabad,National Highway,Good,Rainy,Street Light,Car/Taxi,2,Signal Violation,0,0,0,1,3,0,Medium
2019,4,Monday,11,KPK,Abbottabad,Urban Road,Under Repair,Clear,Daylight,Motorcycle,2,Wrong Overtaking,0,0,0,0,3,0,Medium
2023,7,Friday,11,Punjab,Gujranwala,National Highway,Poor,Clear,Daylight,Motorcycle,4,Over Speeding,0,0,0,0,9,0,High
2020,8,Tuesday,18,KPK,Charsadda,Motorway,Good,Foggy,Daylight,Car/Taxi,2,Over Speeding,1,0,0,0,5,1,Medium
2023,7,Friday,10,Gilgit-Baltistan,Skardu,Rural Road,Average,Clear,Daylight,Truck/Lorry,2,Road Condition,0,0,0,0,2,0,Low
2020,1,Tuesday,10,KPK,Charsadda,Urban Road,Average,Clear,Daylight,Motorcycle,3,Road Condition,0,0,0,1,0,0,Low
2021,5,Friday,4,KPK,Charsadda,National Highway,Good,Rainy,Street Light,Car/Taxi,1,Wrong Overtaking,0,0,1,0,4,1,Medium
2019,7,Thursday,7,Islamabad,Islamabad,National Highway,Poor,Extreme Heat,Daylight,Motorcycle,2,Over Speeding,1,0,0,0,9,0,High
2021,6,Saturday,13,Punjab,Sialkot,National Highway,Good,Clear,Daylight,Car/Taxi,4,Drunk Driving,1,1,0,0,2,2,Medium
2023,2,Monday,5,KPK,Kohat,National Highway,Good,Foggy,Dawn/Dusk,Rickshaw,1,Pedestrian Error,0,0,1,1,4,1,Medium
2023,1,Wednesday,21,Balochistan,Loralai,National Highway,Average,Clear,No Light,Car/Taxi,1,Wrong Overtaking,0,0,0,1,4,2,Medium
2021,12,Thursday,16,Islamabad,Islamabad,Urban Road,Average,Foggy,Street Light,Truck/Lorry,3,Over Speeding,0,0,0,1,2,1,Medium
2023,5,Sunday,18,Punjab,Sialkot,Urban Road,Average,Extreme Heat,Daylight,Car/Taxi,2,Road Condition,1,1,0,0,2,0,Low
2021,1,Sunday,15,Sindh,Dadu,National Highway,Good,Clear,Street Light,Car/Taxi,2,Wrong Overtaking,0,1,0,1,2,0,Low
2022,1,Monday,12,KPK,Mardan,Urban Road,Poor,Foggy,Daylight,Car/Taxi,2,Over Speeding,1,0,0,1,1,0,Medium
2021,6,Sunday,2,Punjab,Sialkot,National Highway,Good,Clear,No Light,Bus/Coach,1,Signal Violation,0,1,1,0,10,1,High
2023,5,Tuesday,18,Sindh,Jacobabad,National Highway,Average,Rainy,Daylight,Motorcycle,3,Over Speeding,1,0,0,0,3,0,High
2018,11,Monday,9,Punjab,Lahore,Rural Road,Average,Dusty/Smoggy,Daylight,Rickshaw,1,Wrong Overtaking,1,0,0,1,1,0,Low
2020,1,Friday,9,Punjab,Sheikhupura,Motorway,Poor,Clear,Daylight,Motorcycle,2,Mechanical Failure,1,0,0,1,5,3,High
2019,8,Saturday,8,Sindh,Thatta,Rural Road,Poor,Extreme Heat,Daylight,Motorcycle,4,Over Speeding,1,1,0,0,5,1,Medium
2022,7,Tuesday,16,Sindh,Mirpur Khas,National Highway,Good,Clear,Daylight,Car/Taxi,4,Weather Condition,0,0,0,0,3,1,Medium
2020,7,Friday,2,Sindh,Mirpur Khas,National Highway,Good,Clear,Street Light,Rickshaw,4,Over Speeding,0,0,1,0,5,1,High
2018,10,Saturday,18,Sindh,Dadu,Urban Road,Average,Clear,Daylight,Car/Taxi,1,Wrong Overtaking,1,1,0,0,1,0,Low
2019,4,Saturday,9,Punjab,Faisalabad,Motorway,Good,Rainy,Street Light,Car/Taxi,4,Over Speeding,1,1,0,0,3,0,Medium
2020,7,Tuesday,14,Punjab,Sialkot,Motorway,Good,Clear,Daylight,Motorcycle,2,Mechanical Failure,0,0,0,0,5,0,Medium