year,month,day_of_week,hour_of_day,province,district,road_type,road_condition,weather_condition,lighting_condition,vehicle_type,vehicles_involved,accident_cause,is_rush_hour,is_weekend,is_night,is_foggy_month,num_injured,num_killed,severity
2022,10,Sunday,19,Punjab,Multan,Urban Road,Good,Foggy,Street Light,Motorcycle,1,Driver Fatigue,1,1,0,0,7,0,High
2018,7,Monday,2,Punjab,Multan,Provincial Highway,Good,Clear,No Light,Car/Taxi,1,Wrong Overtaking,0,0,1,0,4,0,Medium
2023,7,Sunday,21,Sindh,Thatta,National Highway,Average,Clear,Street Light,Rickshaw,3,Over Speeding,0,1,0,0,4,1,Medium
2022,7,Wednesday,17,KPK,Abbottabad,National Highway,Poor,Clear,Daylight,Motorcycle,2,Over Speeding,1,0,0,0,6,2,High
2021,1,Tuesday,11,Punjab,Bahawalpur,Provincial Highway,Good,Clear,Daylight,Motorcycle,1,Mechanical Failure,0,0,0,1,1,0,Medium
2022,11,Tuesday,19,Punjab,Rahim Yar Khan,Urban Road,Good,Rainy,Daylight,Car/Taxi,1,Over Speeding,1,0,0,1,1,0,Low
2021,12,Saturday,10,KPK,Kohat,Urban Road,Average,Clear,Daylight,Motorcycle,1,Over Speeding,0,1,0,1,2,2,Medium
2020,6,Tuesday,12,Punjab,Faisalabad,Provincial Highway,Under Repair,Clear,Daylight,Truck/Lorry,2,Over Speeding,1,0,0,0,7,1,High
2020,6,Monday,4,Islamabad,Islamabad,Motorway,Poor,Rainy,Street Light,Car/Taxi,1,Pedestrian Error,0,0,1,0,1,0,Medium
2023,6,Friday,20,KPK,Kohat,National Highway,Average,Foggy,No Light,Car/Taxi,1,Pedestrian Error,1,0,0,0,2,1,Medium
2018,6,Saturday,7,Punjab,Multan,Urban Road,Poor,Foggy,No Light,Car/Taxi,2,Drunk Driving,1,1,0,0,4,0,Medium
2019,11,Sunday,17,Punjab,Sheikhupura,Provincial Highway,Poor,Dusty/Smoggy,Daylight,Car/Taxi,2,Over Speeding,1,1,0,1,5,0,Medium
2018,11,Friday,19,Sindh,Nawabshah,Rural Road,Poor,Foggy,Dawn/Dusk,Bicycle,2,Over Speeding,1,0,0,1,7,2,High
2019,3,Monday,19,Punjab,Rawalpindi,Rural Road,Average,Clear,Dawn/Dusk,Motorcycle,2,Over Speeding,1,0,0,0,2,2,Medium
2020,12,Tuesday,19,Punjab,Faisalabad,Urban Road,Average,Dusty/Smoggy,Street Light,Motorcycle,2,Over Speeding,1,0,0,1,5,0,High
2022,9,Monday,19,Punjab,Sargodha,Urban Road,Poor,Clear,Dawn/Dusk,Truck/Lorry,2,Wrong Overtaking,1,0,0,0,2,0,Low
2022,2,Friday,9,KPK,Peshawar,National Highway,Good,Rainy,Dawn/Dusk,Van/Pickup,2,Wrong Overtaking,1,0,0,1,5,0,Medium
2021,8,Sunday,0,Sindh,Mirpur Khas,National Highway,Average,Clear,Street Light,Car/Taxi,1,Pedestrian Error,0,1,1,0,2,0,Medium
2022,6,Monday,22,Punjab,Gujranwala,Urban Road,Poor,Clear,Street Light,Car/Taxi,2,Mechanical Failure,0,0,1,0,1,0,Low
2018,8,Thursday,2,KPK,Swat,Motorway,Average,Rainy,No Light,Motorcycle,2,Over Speeding,0,0,1,0,4,1,High
2023,6,Tuesday,16,Sindh,Sukkur,Provincial Highway,Under Repair,Rainy,Dawn/Dusk,Motorcycle,1,Wrong Overtaking,0,0,0,0,2,2,High
2022,7,Friday,20,Sindh,Dadu,Rural Road,Under Repair,Foggy,Street Light,Car/Taxi,4,Mobile Phone Use,1,0,0,0,2,0,Low
2018,5,Saturday,21,Punjab,Multan,Rural Road,Poor,Clear,No Light,Bus/Coach,1,Road Condition,0,1,0,0,0,0,Low
2020,11,Tuesday,17,Sindh,Dadu,National Highway,Average,Dusty/Smoggy,Street Light,Motorcycle,1,Signal Violation,1,0,0,1,4,1,High
2019,4,Thursday,5,AJK,Rawalakot,Provincial Highway,Average,Rainy,Street Light,Bus/Coach,2,Driver Fatigue,0,0,1,0,8,1,High
2019,12,Monday,10,Punjab,Sheikhupura,Urban Road,Good,Clear,Daylight,Car/Taxi,4,Over Speeding,0,0,0,1,0,0,Low
2021,8,Wednesday,15,Punjab,Faisalabad,Provincial Highway,Under Repair,Rainy,Daylight,Bus/Coach,2,Wrong Overtaking,0,0,0,0,4,0,Medium
2023,12,Sunday,18,Punjab,Faisalabad,National Highway,Poor,Dusty/Smoggy,Daylight,Motorcycle,1,Mobile Phone Use,1,1,0,1,1,0,Medium
2022,5,Saturday,12,Punjab,Bahawalpur,Rural Road,Under Repair,Clear,Daylight,Car/Taxi,4,Wrong Overtaking,1,1,0,0,0,0,Low
2020,5,Wednesday,6,Punjab,Sheikhupura,Urban Road,Poor,Clear,Daylight,Rickshaw,1,Mechanical Failure,0,0,0,0,1,1,Low
2023,6,Saturday,17,KPK,Mardan,Urban Road,Good,Clear,Daylight,Car/Taxi,1,Road Condition,1,1,0,0,0,0,Low
2023,10,Wednesday,9,Balochistan,Zhob,Urban Road,Good,Foggy,Daylight,Car/Taxi,2,Drunk Driving,1,0,0,0,1,0,Low
2018,5,Friday,20,Punjab,Sialkot,Motorway,Average,Clear,Street Light,Car/Taxi,3,Driver Fatigue,1,0,0,0,4,1,Medium
2022,1,Saturday,7,Sindh,Jacobabad,Urban Road,Average,Clear,Daylight,Car/Taxi,2,Wrong Overtaking,1,1,0,1,0,0,Low
2023,7,Friday,8,Sindh,Mirpur Khas,National Highway,Average,Foggy,Daylight,Bus/Coach,2,Pedestrian Error,1,0,0,0,2,1,Medium
2020,9,Monday,17,Sindh,Sukkur,Motorway,Average,Extreme Heat,Dawn/Dusk,Van/Pickup,2,Signal Violation,1,0,0,0,2,1,Low
2023,2,Wednesday,17,Sindh,Kashmore,National Highway,Good,Foggy,Dawn/Dusk,Rickshaw,3,Road Condition,1,0,0,1,1,0,Low
2021,9,Saturday,0,Punjab,Rawalpindi,Motorway,Poor,Clear,Street Light,Motorcycle,1,Wrong Overtaking,0,1,1,0,9,2,High
2022,11,Monday,15,Sindh,Nawabshah,Provincial Highway,Poor,Clear,Dawn/Dusk,Rickshaw,1,Over Speeding,0,0,0,1,1,0,Medium
2020,7,Saturday,7,Punjab,Lahore,Rural Road,Average,Clear,Daylight,Car/Taxi,2,Signal Violation,1,1,0,0,0,0,Low
2022,1,Friday,3,KPK,Charsadda,Provincial Highway,Good,Extreme Heat,Street Light,Motorcycle,2,Over Speeding,0,0,1,1,10,2,High
2023,12,Sunday,0,KPK,Nowshera,Urban Road,Poor,Foggy,Street Light,Bus/Coach,4,Over Speeding,0,1,1,1,4,0,Medium
2023,12,Sunday,18,Punjab,Sargodha,Provincial Highway,Good,Dusty/Smoggy,Daylight,Car/Taxi,1,Mechanical Failure,1,1,0,1,2,1,Low
2018,11,Wednesday,12,Punjab,Sialkot,Urban Road,Poor,Dusty/Smoggy,Daylight,Truck/Lorry,2,Signal Violation,1,0,0,1,2,1,Medium
2020,12,Tuesday,6,Balochistan,Khuzdar,Rural Road,Average,Clear,Daylight,Rickshaw,2,Over Speeding,0,0,0,1,0,0,Low
2020,10,Thursday,21,Sindh,Dadu,Rural Road,Poor,Extreme Heat,No Light,Motorcycle,2,Wrong Overtaking,0,0,0,0,0,0,Low
2023,5,Wednesday,4,Balochistan,Dera Bugti,National Highway,Poor,Clear,Street Light,Truck/Lorry,1,Road Condition,0,0,1,0,5,1,Medium
2018,8,Monday,14,Punjab,Sialkot,Rural Road,Under Repair,Rainy,Street Light,Car/Taxi,2,Signal Violation,0,0,0,0,2,0,Low
2019,12,Thursday,9,Sindh,Nawabshah,Provincial Highway,Good,Clear,Daylight,Motorcycle,1,Signal Violation,1,0,0,1,4,1,Medium
2020,3,Friday,22,Sindh,Nawabshah,Urban Road,Good,Foggy,No Light,Motorcycle,1,Over Speeding,0,0,1,0,6,0,High
2022,3,Wednesday,5,Balochistan,Zhob,National Highway,Good,Clear,Dawn/Dusk,Motorcycle,1,Wrong Overtaking,0,0,1,0,11,3,High
2021,4,Saturday,20,Punjab,Sialkot,Urban Road,Under Repair,Clear,Street Light,Car/Taxi,3,Over Speeding,1,1,0,0,2,0,Low
2019,12,Thursday,8,Punjab,Multan,Rural Road,Poor,Foggy,Dawn/Dusk,Rickshaw,2,Drunk Driving,1,0,0,1,4,1,Medium
2022,11,Friday,14,Punjab,Faisalabad,National Highway,Poor,Clear,Daylight,Bus/Coach,4,Mobile Phone Use,0,0,0,1,1,1,Medium
2019,6,Wednesday,9,Balochistan,Quetta,Provincial Highway,Good,Clear,Dawn/Dusk,Motorcycle,4,Drunk Driving,1,0,0,0,6,2,High
2021,2,Sunday,7,Islamabad,Islamabad,Rural Road,Poor,Clear,Daylight,Motorcycle,3,Wrong Overtaking,1,1,0,1,4,2,Medium
2020,2,Thursday,17,Gilgit-Baltistan,Gilgit,Provincial Highway,Good,Clear,Daylight,Motorcycle,2,Driver Fatigue,1,0,0,1,10,0,High
2019,3,Saturday,16,Islamabad,Islamabad,Rural Road,Good,Clear,Street Light,Bicycle,2,Over Speeding,0,1,0,0,4,2,High
2023,12,Friday,19,Punjab,Gujranwala,National Highway,Good,Clear,Dawn/Dusk,Motorcycle,3,Over Speeding,1,0,0,1,3,1,High
2018,12,Wednesday,13,Punjab,Rawalpindi,Provincial Highway,Poor,Clear,Street Light,Motorcycle,2,Drunk Driving,1,0,0,1,2,0,High
2020,6,Thursday,16,Punjab,Sheikhupura,Urban Road,Average,Clear,Daylight,Car/Taxi,2,Road Condition,0,0,0,0,1,0,Low
2023,6,Saturday,17,Punjab,Rawalpindi,Provincial Highway,Good,Clear,Daylight,Van/Pickup,2,Mechanical Failure,1,1,0,0,0,0,Low
2022,3,Friday,12,KPK,Kohat,Provincial Highway,Average,Dusty/Smoggy,Daylight,Van/Pickup,4,Over Speeding,1,0,0,0,0,1,Low
2018,4,Tuesday,7,Balochistan,Turbat,Urban Road,Poor,Rainy,Daylight,Rickshaw,2,Wrong Overtaking,1,0,0,0,1,0,Low
2023,2,Tuesday,19,Punjab,Sialkot,Rural Road,Good,Clear,Dawn/Dusk,Motorcycle,1,Over Speeding,1,0,0,1,4,1,Medium
2023,12,Wednesday,4,Sindh,Dadu,Urban Road,Good,Extreme Heat,No Light,Motorcycle,3,Pedestrian Error,0,0,1,1,3,0,Medium
2021,12,Saturday,12,Balochistan,Quetta,Urban Road,Average,Clear,Daylight,Motorcycle,1,Wrong Overtaking,1,1,0,1,0,0,Low
2023,3,Sunday,14,Sindh,Sukkur,Urban Road,Poor,Rainy,Daylight,Motorcycle,1,Over Speeding,0,1,0,0,5,0,Medium
2023,12,Tuesday,22,Punjab,Rahim Yar Khan,Provincial Highway,Average,Rainy,No Light,Motorcycle,2,Over Speeding,0,0,1,1,10,0,High
2023,12,Thursday,10,Sindh,Karachi,National Highway,Average,Rainy,Dawn/Dusk,Rickshaw,2,Pedestrian Error,0,0,0,1,1,0,Medium
2022,5,Thursday,5,Punjab,Gujranwala,Rural Road,Under Repair,Foggy,Dawn/Dusk,Car/Taxi,3,Driver Fatigue,0,0,1,0,3,1,Medium
2020,2,Wednesday,18,Sindh,Mirpur Khas,Provincial Highway,Good,Clear,No Light,Bus/Coach,1,Over Speeding,1,0,0,1,8,0,High
2019,1,Saturday,17,Sindh,Larkana,Urban Road,Average,Foggy,Dawn/Dusk,Car/Taxi,1,Road Condition,1,1,0,1,2,0,Low
2022,1,Wednesday,20,Punjab,Gujranwala,Urban Road,Average,Clear,Street Light,Motorcycle,1,Over Speeding,1,0,0,1,4,1,Medium
2021,11,Sunday,15,Gilgit-Baltistan,Skardu,Urban Road,Good,Foggy,Daylight,Truck/Lorry,1,Wrong Overtaking,0,1,0,1,0,0,Low
2023,7,Monday,6,Sindh,Thatta,Rural Road,Under Repair,Clear,Daylight,Car/Taxi,2,Mechanical Failure,0,0,0,0,1,0,Low
2019,9,Tuesday,22,Sindh,Nawabshah,Provincial Highway,Good,Clear,No Light,Van/Pickup,1,Pedestrian Error,0,0,1,0,3,0,Medium
2020,5,Monday,8,Islamabad,Islamabad,National Highway,Good,Clear,Daylight,Motorcycle,2,Over Speeding,1,0,0,0,4,2,High
2019,6,Tuesday,18,Punjab,Multan,Motorway,Good,Clear,Daylight,Car/Taxi,4,Driver Fatigue,1,0,0,0,4,0,Medium
2023,11,Thursday,22,Punjab,Multan,Rural Road,Good,Foggy,No Light,Truck/Lorry,2,Driver Fatigue,0,0,1,1,9,3,High
2019,7,Tuesday,22,KPK,Kohat,Urban Road,Average,Rainy,No Light,Car/Taxi,2,Wrong Overtaking,0,0,1,0,5,0,Medium
2019,12,Thursday,10,Punjab,Gujranwala,Rural Road,Good,Clear,Daylight,Motorcycle,1,Mechanical Failure,0,0,0,1,2,0,Low
2019,7,Sunday,19,KPK,Mardan,Rural Road,Average,Dusty/Smoggy,Dawn/Dusk,Motorcycle,2,Over Speeding,1,1,0,0,4,4,High
2023,5,Friday,14,Punjab,Sialkot,Rural Road,Good,Rainy,Dawn/Dusk,Car/Taxi,1,Road Condition,0,0,0,0,1,0,Low
2018,1,Tuesday,14,Punjab,Sargodha,National Highway,Average,Clear,Daylight,Motorcycle,3,Over Speeding,0,0,0,1,5,2,High
2023,6,Friday,17,Sindh,Sukkur,Urban Road,Average,Rainy,Daylight,Car/Taxi,2,Mechanical Failure,1,0,0,0,1,0,Low
2022,1,Saturday,7,Punjab,Rahim Yar Khan,Provincial Highway,Good,Clear,Street Light,Rickshaw,4,Wrong Overtaking,1,1,0,1,2,0,Medium
2021,8,Tuesday,13,KPK,Swat,National Highway,Average,Clear,Street Light,Car/Taxi,1,Road Condition,1,0,0,0,1,0,Low
2020,10,Wednesday,22,Sindh,Dadu,National Highway,Poor,Clear,Street Light,Car/Taxi,2,Pedestrian Error,0,0,1,0,1,2,Medium
2021,12,Thursday,14,Islamabad,Islamabad,Urban Road,Good,Foggy,Daylight,Car/Taxi,3,Over Speeding,0,0,0,1,1,0,Low
2019,6,Saturday,14,KPK,Swat,Rural Road,Good,Dusty/Smoggy,Daylight,Bicycle,1,Over Speeding,0,1,0,0,2,0,Medium
2021,12,Friday,0,Punjab,Rahim Yar Khan,Urban Road,Poor,Dusty/Smoggy,No Light,Rickshaw,2,Over Speeding,0,0,1,1,2,0,Low
2023,1,Sunday,14,KPK,Nowshera,Urban Road,Good,Clear,No Light,Rickshaw,1,Wrong Overtaking,0,1,0,1,0,0,Low
2023,7,Tuesday,18,Sindh,Hyderabad,Provincial Highway,Good,Clear,Daylight,Car/Taxi,1,Pedestrian Error,1,0,0,0,2,0,Low
2023,3,Saturday,21,KPK,Kohat,National Highway,Average,Clear,No Light,Motorcycle,2,Signal Violation,0,1,0,0,1,0,Medium
2022,11,Monday,7,KPK,Mansehra,Urban Road,Good,Rainy,Daylight,Car/Taxi,2,Over Speeding,1,0,0,1,4,0,Medium
2022,5,Tuesday,14,Sindh,Hyderabad,Provincial Highway,Under Repair,Rainy,Daylight,Car/Taxi,1,Over Speeding,0,0,0,0,3,2,Medium
2022,4,Saturday,19,Sindh,Karachi,Urban Road,Poor,Rainy,Street Light,Motorcycle,1,Over Speeding,1,1,0,0,9,1,High
2019,4,Saturday,20,Sindh,Dadu,Provincial Highway,Average,Foggy,Street Light,Motorcycle,2,Wrong Overtaking,1,1,0,0,10,1,High
2020,8,Monday,8,Punjab,Sargodha,Provincial Highway,Average,Foggy,Daylight,Motorcycle,4,Mechanical Failure,1,0,0,0,3,2,Medium
2023,8,Saturday,17,Punjab,Bahawalpur,Rural Road,Poor,Rainy,Daylight,Truck/Lorry,2,Pedestrian Error,1,1,0,0,5,1,Medium
2021,7,Wednesday,14,Sindh,Mirpur Khas,Rural Road,Average,Clear,Daylight,Bus/Coach,1,Mechanical Failure,0,0,0,0,2,0,Low
2018,12,Sunday,12,Punjab,Gujranwala,Rural Road,Poor,Rainy,Street Light,Motorcycle,1,Over Speeding,1,1,0,1,8,2,High
2022,3,Monday,21,Punjab,Lahore,National Highway,Poor,Clear,Street Light,Rickshaw,3,Road Condition,0,0,0,0,3,1,Medium
2021,6,Monday,8,Punjab,Rawalpindi,National Highway,Average,Clear,Daylight,Car/Taxi,1,Road Condition,1,0,0,0,2,0,Low
2021,1,Sunday,6,Sindh,Jacobabad,National Highway,Good,Clear,Daylight,Car/Taxi,1,Over Speeding,0,1,0,1,1,0,Medium
2022,7,Sunday,7,Punjab,Rahim Yar Khan,Rural Road,Average,Clear,Daylight,Motorcycle,4,Signal Violation,1,1,0,0,0,0,Low
2021,4,Saturday,8,KPK,Bannu,Provincial Highway,Average,Clear,Dawn/Dusk,Motorcycle,2,Weather Condition,1,1,0,0,1,0,Medium
2019,5,Thursday,16,Punjab,Bahawalpur,Urban Road,Good,Rainy,Street Light,Motorcycle,1,Driver Fatigue,0,0,0,0,7,1,High
2022,10,Monday,5,Sindh,Mirpur Khas,National Highway,Average,Rainy,Daylight,Motorcycle,3,Over Speeding,0,0,1,0,2,1,High
2023,1,Monday,12,Punjab,Rawalpindi,Urban Road,Average,Foggy,No Light,Truck/Lorry,2,Wrong Overtaking,1,0,0,1,1,1,Medium
2020,2,Monday,20,Sindh,Dadu,Urban Road,Good,Rainy,No Light,Rickshaw,3,Wrong Overtaking,1,0,0,1,1,0,Low
2023,8,Tuesday,12,Punjab,Multan,Urban Road,Good,Rainy,Daylight,Rickshaw,2,Road Condition,1,0,0,0,0,0,Low
2018,10,Sunday,13,Islamabad,Islamabad,National Highway,Average,Clear,Street Light,Bicycle,1,Over Speeding,1,1,0,0,7,4,High
2020,8,Saturday,18,Islamabad,Islamabad,National Highway,Average,Clear,Daylight,Motorcycle,1,Over Speeding,1,1,0,0,6,3,High
2019,11,Friday,15,Balochistan,Sibi,Urban Road,Average,Foggy,Daylight,Motorcycle,2,Wrong Overtaking,0,0,0,1,6,0,High
2022,8,Saturday,14,Islamabad,Islamabad,Urban Road,Poor,Foggy,No Light,Car/Taxi,2,Over Speeding,0,1,0,0,2,0,Medium
2022,6,Wednesday,17,Sindh,Sukkur,Provincial Highway,Good,Clear,Daylight,Rickshaw,4,Driver Fatigue,1,0,0,0,1,1,Low
2018,7,Thursday,22,Sindh,Jacobabad,Urban Road,Poor,Rainy,No Light,Bus/Coach,4,Over Speeding,0,0,1,0,2,2,High
2021,4,Wednesday,1,KPK,Peshawar,National Highway,Poor,Foggy,No Light,Bus/Coach,2,Over Speeding,0,0,1,0,2,3,High
2023,12,Saturday,11,KPK,Dera Ismail Khan,Provincial Highway,Average,Clear,Daylight,Motorcycle,3,Over Speeding,0,1,0,1,6,2,High
2020,5,Saturday,8,Balochistan,Hub,National Highway,Poor,Foggy,Daylight,Car/Taxi,1,Drunk Driving,1,1,0,0,3,3,High
2023,8,Monday,11,KPK,Bannu,Motorway,Average,Clear,Dawn/Dusk,Truck/Lorry,2,Pedestrian Error,0,0,0,0,3,0,Medium
2020,5,Tuesday,20,Gilgit-Baltistan,Hunza,Provincial Highway,Average,Clear,Street Light,Rickshaw,2,Over Speeding,1,0,0,0,2,0,Low
2019,12,Wednesday,19,Punjab,Sheikhupura,Rural Road,Poor,Rainy,Dawn/Dusk,Rickshaw,2,Signal Violation,1,0,0,1,2,0,Low
2023,12,Sunday,22,KPK,Mansehra,National Highway,Good,Dusty/Smoggy,Street Light,Motorcycle,3,Over Speeding,0,1,1,1,3,0,High
2021,8,Sunday,22,KPK,Mansehra,National Highway,Good,Dusty/Smoggy,No Light,Rickshaw,3,Pedestrian Error,0,1,1,0,2,0,Low
2023,2,Friday,7,KPK,Abbottabad,Urban Road,Average,Foggy,No Light,Other,2,Wrong Overtaking,1,0,0,1,2,1,Medium
2021,8,Saturday,16,Punjab,Sheikhupura,Rural Road,Average,Rainy,Daylight,Motorcycle,4,Signal Violation,0,1,0,0,1,0,Medium
2019,1,Tuesday,14,KPK,Peshawar,Rural Road,Good,Rainy,Daylight,Motorcycle,1,Signal Violation,0,0,0,1,10,1,High
2020,11,Wednesday,17,Balochistan,Loralai,Urban Road,Poor,Foggy,Daylight,Truck/Lorry,1,Over Speeding,1,0,0,1,3,2,Medium
2023,2,Friday,8,Punjab,Rawalpindi,Urban Road,Good,Foggy,Daylight,Rickshaw,2,Over Speeding,1,0,0,1,2,0,Low
2022,1,Monday,12,Sindh,Hyderabad,National Highway,Average,Clear,Daylight,Car/Taxi,2,Signal Violation,1,0,0,1,5,1,Medium
2023,11,Sunday,18,Punjab,Gujranwala,Rural Road,Good,Clear,Dawn/Dusk,Motorcycle,1,Road Condition,1,1,0,1,2,0,Low
2020,5,Friday,17,AJK,Muzaffarabad,Urban Road,Average,Clear,Daylight,Motorcycle,3,Signal Violation,1,0,0,0,2,0,Low
2021,3,Saturday,18,Sindh,Hyderabad,National Highway,Good,Clear,Daylight,Motorcycle,3,Over Speeding,1,1,0,0,11,2,High
2023,11,Tuesday,13,Punjab,Bahawalpur,Urban Road,Good,Clear,Street Light,Other,1,Over Speeding,1,0,0,1,3,0,Medium
2022,1,Thursday,19,Punjab,Faisalabad,Rural Road,Good,Clear,Dawn/Dusk,Motorcycle,2,Pedestrian Error,1,0,0,1,2,0,Low
2023,6,Friday,0,Sindh,Thatta,Provincial Highway,Average,Clear,Street Light,Motorcycle,2,Driver Fatigue,0,0,1,0,8,3,High
2023,7,Sunday,23,Punjab,Sialkot,Provincial Highway,Average,Clear,No Light,Bus/Coach,3,Mechanical Failure,0,1,1,0,5,1,Medium
2022,11,Friday,21,Sindh,Kashmore,Rural Road,Average,Clear,Street Light,Rickshaw,2,Over Speeding,0,0,0,1,1,2,Medium
2019,12,Friday,19,Islamabad,Islamabad,Rural Road,Poor,Clear,No Light,Motorcycle,2,Over Speeding,1,0,0,1,3,1,Medium
2021,1,Sunday,18,Balochistan,Gwadar,Rural Road,Under Repair,Clear,Daylight,Truck/Lorry,3,Pedestrian Error,1,1,0,1,2,0,Low
2023,3,Wednesday,1,Punjab,Rawalpindi,National Highway,Average,Foggy,No Light,Car/Taxi,2,Over Speeding,0,0,1,0,5,1,High
2019,11,Wednesday,6,Gilgit-Baltistan,Skardu,Urban Road,Good,Clear,Daylight,Bicycle,3,Mechanical Failure,0,0,0,1,3,1,Medium
2018,3,Wednesday,9,KPK,Bannu,Provincial Highway,Good,Foggy,Daylight,Car/Taxi,3,Signal Violation,1,0,0,0,4,1,Medium
2020,12,Friday,12,Punjab,Sialkot,Urban Road,Good,Clear,Street Light,Van/Pickup,2,Signal Violation,1,0,0,1,1,0,Low
2023,5,Monday,6,Punjab,Gujranwala,Rural Road,Good,Foggy,Dawn/Dusk,Car/Taxi,2,Over Speeding,0,0,0,0,5,0,Medium
2018,2,Monday,12,Punjab,Rahim Yar Khan,National Highway,Good,Rainy,Daylight,Car/Taxi,3,Wrong Overtaking,1,0,0,1,6,3,High
2020,12,Saturday,14,KPK,Abbottabad,Provincial Highway,Good,Clear,Daylight,Truck/Lorry,2,Mechanical Failure,0,1,0,1,1,0,Medium
2018,3,Saturday,19,Punjab,Rawalpindi,National Highway,Good,Clear,Dawn/Dusk,Rickshaw,2,Signal Violation,1,1,0,0,2,0,Medium
2022,11,Sunday,14,Punjab,Sialkot,Urban Road,Poor,Foggy,Daylight,Motorcycle,1,Over Speeding,0,1,0,1,9,0,High
2019,1,Friday,8,KPK,Dera Ismail Khan,Provincial Highway,Good,Foggy,Daylight,Motorcycle,1,Over Speeding,1,0,0,1,11,1,High
2021,8,Thursday,16,Sindh,Larkana,Provincial Highway,Good,Clear,Daylight,Motorcycle,3,Signal Violation,0,0,0,0,11,3,High
2021,7,Monday,21,KPK,Swat,Provincial Highway,Average,Foggy,Street Light,Rickshaw,2,Pedestrian Error,0,0,0,0,1,0,Low
2018,3,Monday,20,KPK,Charsadda,Provincial Highway,Average,Clear,No Light,Motorcycle,1,Wrong Overtaking,1,0,0,0,1,1,Medium
2021,10,Sunday,1,Punjab,Faisalabad,National Highway,Good,Clear,Street Light,Car/Taxi,2,Mechanical Failure,0,1,1,0,0,0,Low
2020,1,Monday,4,Balochistan,Zhob,Rural Road,Average,Clear,Street Light,Van/Pickup,2,Wrong Overtaking,0,0,1,1,1,0,Medium
2022,4,Monday,23,Punjab,Sheikhupura,Urban Road,Good,Rainy,Street Light,Motorcycle,3,Wrong Overtaking,0,0,1,0,5,0,Medium
2023,11,Saturday,3,Sindh,Sukkur,Urban Road,Good,Clear,No Light,Motorcycle,1,Road Condition,0,1,1,1,3,2,Medium
2022,10,Saturday,14,Sindh,Mirpur Khas,National Highway,Average,Foggy,Daylight,Car/Taxi,2,Signal Violation,0,1,0,0,1,1,Medium
2020,10,Sunday,19,Punjab,Sargodha,National Highway,Average,Clear,Daylight,Rickshaw,3,Pedestrian Error,1,1,0,0,1,0,Low
2019,12,Saturday,13,AJK,Muzaffarabad,National Highway,Good,Clear,Daylight,Rickshaw,2,Over Speeding,1,1,0,1,3,2,Medium
2018,10,Thursday,20,Sindh,Thatta,Rural Road,Good,Foggy,No Light,Truck/Lorry,2,Road Condition,1,0,0,0,3,1,Medium
2023,1,Thursday,6,Punjab,Sialkot,Provincial Highway,Good,Rainy,Street Light,Motorcycle,1,Over Speeding,0,0,0,1,5,1,High
2021,12,Sunday,17,Islamabad,Islamabad,National Highway,Average,Rainy,Daylight,Bus/Coach,2,Over Speeding,1,1,0,1,5,0,High
2019,6,Thursday,9,Sindh,Larkana,Provincial Highway,Average,Clear,Daylight,Motorcycle,2,Road Condition,1,0,0,0,3,0,Medium
2021,11,Saturday,23,KPK,Mansehra,Provincial Highway,Under Repair,Rainy,No Light,Motorcycle,2,Wrong Overtaking,0,1,1,1,2,2,High
2023,3,Wednesday,7,Sindh,Hyderabad,Provincial Highway,Good,Clear,Daylight,Motorcycle,3,Wrong Overtaking,1,0,0,0,9,0,High
2019,1,Tuesday,7,KPK,Swat,Urban Road,Average,Clear,Street Light,Rickshaw,2,Mechanical Failure,1,0,0,1,1,0,Low
2023,7,Saturday,20,Punjab,Bahawalpur,Motorway,Good,Extreme Heat,Street Light,Motorcycle,3,Road Condition,1,1,0,0,3,1,Medium
2021,3,Friday,12,Punjab,Multan,Rural Road,Average,Clear,Daylight,Motorcycle,2,Road Condition,1,0,0,0,5,0,Medium
2021,4,Thursday,21,Sindh,Mirpur Khas,Provincial Highway,Average,Foggy,No Light,Car/Taxi,1,Wrong Overtaking,0,0,0,0,2,1,Medium
2022,2,Saturday,8,Punjab,Faisalabad,Rural Road,Average,Clear,Daylight,Motorcycle,2,Mechanical Failure,1,1,0,1,2,0,Medium
2020,5,Monday,19,KPK,Abbottabad,National Highway,Average,Clear,No Light,Truck/Lorry,2,Signal Violation,1,0,0,0,4,1,Medium
2019,1,Wednesday,17,Punjab,Rawalpindi,Rural Road,Good,Clear,Daylight,Van/Pickup,3,Over Speeding,1,0,0,1,1,0,Low
2020,8,Friday,16,Punjab,Faisalabad,Urban Road,Average,Rainy,Daylight,Car/Taxi,4,Road Condition,0,0,0,0,0,0,Low
2020,10,Wednesday,18,Punjab,Bahawalpur,Rural Road,Good,Dusty/Smoggy,Daylight,Motorcycle,1,Driver Fatigue,1,0,0,0,2,0,Medium
2019,6,Saturday,15,KPK,Abbottabad,Urban Road,Average,Clear,Street Light,Motorcycle,1,Road Condition,0,1,0,0,1,0,Low
2019,12,Wednesday,19,KPK,Peshawar,Provincial Highway,Poor,Rainy,Dawn/Dusk,Van/Pickup,1,Wrong Overtaking,1,0,0,1,2,0,Medium
2020,5,Sunday,8,Punjab,Faisalabad,National Highway,Good,Clear,Daylight,Motorcycle,2,Mechanical Failure,1,1,0,0,2,1,High
2023,6,Friday,9,Sindh,Thatta,Provincial Highway,Good,Dusty/Smoggy,Daylight,Truck/Lorry,2,Road Condition,1,0,0,0,1,1,Medium
2022,1,Monday,7,Punjab,Lahore,Urban Road,Good,Rainy,Daylight,Motorcycle,1,Weather Condition,1,0,0,1,5,0,Medium
2021,1,Thursday,3,Sindh,Karachi,National Highway,Good,Clear,Street Light,Bus/Coach,1,Over Speeding,0,0,1,1,6,0,High