year,month,day_of_week,hour_of_day,province,district,road_type,road_condition,weather_condition,lighting_condition,vehicle_type,vehicles_involved,accident_cause,is_rush_hour,is_weekend,is_night,is_foggy_month,num_injured,num_killed,severity
2019,12,Thursday,22,Punjab,Lahore,National Highway,Average,Clear,Street Light,Motorcycle,3,Road Condition,0,0,1,1,5,0,Medium
2019,4,Thursday,23,Sindh,Kashmore,Urban Road,Good,Rainy,Street Light,Bicycle,2,Wrong Overtaking,0,0,1,0,2,0,Medium
2019,7,Sunday,19,Sindh,Thatta,National Highway,Good,Foggy,Dawn/Dusk,Motorcycle,1,Pedestrian Error,1,1,0,0,4,1,High
2023,2,Sunday,17,Balochistan,Zhob,Provincial Highway,Good,Dusty/Smoggy,Daylight,Motorcycle,2,Drunk Driving,1,1,0,1,8,1,High
2018,8,Thursday,18,Punjab,Sargodha,Urban Road,Good,Foggy,Daylight,Motorcycle,2,Over Speeding,1,0,0,0,8,2,High
2023,1,Thursday,20,KPK,Swat,Provincial Highway,Good,Clear,No Light,Motorcycle,2,Driver Fatigue,1,0,0,1,1,0,Medium
2020,5,Tuesday,7,Sindh,Thatta,Motorway,Poor,Clear,No Light,Motorcycle,2,Signal Violation,1,0,0,0,3,0,High
2023,7,Saturday,5,Islamabad,Islamabad,Rural Road,Average,Clear,Dawn/Dusk,Motorcycle,3,Driver Fatigue,0,1,1,0,10,1,High
2021,10,Monday,20,Punjab,Faisalabad,Rural Road,Poor,Clear,No Light,Motorcycle,2,Mobile Phone Use,1,0,0,0,1,0,Low
2023,11,Saturday,10,Punjab,Sheikhupura,Motorway,Good,Clear,Daylight,Motorcycle,2,Wrong Overtaking,0,1,0,1,3,0,Medium
2023,2,Friday,12,Balochistan,Gwadar,Motorway,Poor,Rainy,Daylight,Car/Taxi,2,Over Speeding,1,0,0,1,6,0,High
2021,11,Saturday,17,Punjab,Lahore,Provincial Highway,Poor,Clear,Street Light,Car/Taxi,1,Mechanical Failure,1,1,0,1,2,0,Low
2019,3,Saturday,5,Punjab,Faisalabad,Provincial Highway,Good,Clear,Dawn/Dusk,Motorcycle,4,Over Speeding,0,1,1,0,5,1,High
2022,9,Saturday,10,Punjab,Bahawalpur,Rural Road,Good,Dusty/Smoggy,Dawn/Dusk,Motorcycle,2,Signal Violation,0,1,0,0,2,1,Medium
2023,8,Saturday,8,Balochistan,Sibi,Urban Road,Good,Clear,Dawn/Dusk,Bus/Coach,3,Pedestrian Error,1,1,0,0,1,0,Low
2020,7,Tuesday,9,Punjab,Gujranwala,National Highway,Poor,Clear,Dawn/Dusk,Bus/Coach,3,Over Speeding,1,0,0,0,8,0,High
2021,9,Thursday,21,Balochistan,Gwadar,Provincial Highway,Poor,Clear,Street Light,Bicycle,1,Signal Violation,0,0,0,0,2,0,Medium
2020,9,Saturday,7,Sindh,Kashmore,Rural Road,Good,Foggy,Daylight,Motorcycle,2,Over Speeding,1,1,0,0,5,0,High
2020,9,Monday,7,Punjab,Sargodha,Rural Road,Good,Clear,Daylight,Car/Taxi,1,Signal Violation,1,0,0,0,0,0,Low
2021,5,Saturday,18,Punjab,Faisalabad,Urban Road,Good,Dusty/Smoggy,Daylight,Motorcycle,3,Over Speeding,1,1,0,0,4,0,High
2023,3,Sunday,12,Punjab,Sargodha,National Highway,Average,Clear,Daylight,Car/Taxi,2,Over Speeding,1,1,0,0,3,2,Medium
2020,4,Thursday,19,Sindh,Dadu,Provincial Highway,Poor,Clear,Dawn/Dusk,Rickshaw,1,Wrong Overtaking,1,0,0,0,2,0,Low
2022,9,Friday,14,KPK,Mardan,National Highway,Good,Foggy,Daylight,Van/Pickup,2,Mechanical Failure,0,0,0,0,2,0,Medium
2019,9,Saturday,5,Sindh,Thatta,Rural Road,Good,Extreme Heat,Street Light,Motorcycle,1,Driver Fatigue,0,1,1,0,5,1,Medium
2020,11,Thursday,13,Punjab,Sialkot,National Highway,Under Repair,Clear,Dawn/Dusk,Car/Taxi,2,Road Condition,1,0,0,1,4,1,Medium
2022,12,Friday,9,Sindh,Nawabshah,Rural Road,Average,Extreme Heat,Daylight,Motorcycle,2,Over Speeding,1,0,0,1,3,0,Medium
2021,6,Sunday,22,Balochistan,Gwadar,Provincial Highway,Average,Clear,Street Light,Rickshaw,4,Over Speeding,0,1,1,0,5,0,Medium
2023,5,Friday,9,KPK,Bannu,Provincial Highway,Poor,Rainy,Daylight,Rickshaw,2,Road Condition,1,0,0,0,1,0,Low
2021,7,Sunday,7,KPK,Charsadda,Urban Road,Good,Foggy,Dawn/Dusk,Bus/Coach,2,Signal Violation,1,1,0,0,1,1,Medium
2020,5,Wednesday,21,Punjab,Sargodha,National Highway,Average,Clear,No Light,Motorcycle,2,Signal Violation,0,0,0,0,11,2,High
2023,1,Saturday,9,Balochistan,Hub,Rural Road,Good,Extreme Heat,Daylight,Rickshaw,2,Road Condition,1,1,0,1,2,0,Low
2018,12,Monday,15,Punjab,Gujranwala,Rural Road,Good,Clear,Daylight,Motorcycle,3,Driver Fatigue,0,0,0,1,9,4,High
2018,1,Thursday,18,Punjab,Faisalabad,Motorway,Good,Clear,Daylight,Truck/Lorry,3,Over Speeding,1,0,0,1,4,3,High
2023,4,Wednesday,0,Balochistan,Hub,Urban Road,Average,Foggy,No Light,Motorcycle,1,Driver Fatigue,0,0,1,0,6,2,High
2023,8,Friday,4,Islamabad,Islamabad,Urban Road,Good,Foggy,Street Light,Bicycle,2,Over Speeding,0,0,1,0,4,2,High
2022,9,Saturday,10,Sindh,Sukkur,Rural Road,Poor,Clear,Dawn/Dusk,Motorcycle,2,Wrong Overtaking,0,1,0,0,0,0,Low
2022,11,Thursday,17,Punjab,Sargodha,National Highway,Good,Clear,Daylight,Rickshaw,2,Over Speeding,1,0,0,1,5,2,High
2022,2,Friday,8,Punjab,Sheikhupura,Provincial Highway,Average,Clear,Street Light,Motorcycle,1,Over Speeding,1,0,0,1,3,0,Medium
2023,9,Thursday,18,Sindh,Kashmore,National Highway,Average,Dusty/Smoggy,Daylight,Motorcycle,2,Signal Violation,1,0,0,0,4,1,High
2020,6,Saturday,17,Balochistan,Zhob,Provincial Highway,Good,Clear,Street Light,Motorcycle,2,Over Speeding,1,1,0,0,3,3,High
2023,11,Saturday,8,Punjab,Rahim Yar Khan,Urban Road,Good,Foggy,Daylight,Bus/Coach,3,Over Speeding,1,1,0,1,5,1,Medium
2023,3,Friday,12,KPK,Nowshera,National Highway,Poor,Foggy,Daylight,Motorcycle,1,Signal Violation,1,0,0,0,7,4,High
2019,11,Tuesday,20,Punjab,Sargodha,Provincial Highway,Poor,Rainy,Street Light,Car/Taxi,3,Over Speeding,1,0,0,1,4,3,High
2022,5,Sunday,20,KPK,Nowshera,Rural Road,Average,Dusty/Smoggy,Street Light,Bus/Coach,3,Drunk Driving,1,1,0,0,4,0,Medium
2022,11,Sunday,19,Islamabad,Islamabad,Provincial Highway,Under Repair,Foggy,Dawn/Dusk,Bicycle,1,Over Speeding,1,1,0,1,10,0,High
2023,11,Monday,9,Sindh,Larkana,National Highway,Average,Rainy,Street Light,Motorcycle,2,Over Speeding,1,0,0,1,8,1,High
2020,4,Tuesday,21,Punjab,Sialkot,Provincial Highway,Average,Clear,No Light,Motorcycle,2,Pedestrian Error,0,0,0,0,3,0,Medium
2019,6,Tuesday,22,KPK,Nowshera,Urban Road,Average,Clear,Street Light,Truck/Lorry,3,Pedestrian Error,0,0,1,0,2,0,Low
2021,4,Wednesday,13,Sindh,Kashmore,Urban Road,Poor,Rainy,Daylight,Rickshaw,2,Over Speeding,1,0,0,0,1,0,Medium
2018,5,Monday,15,KPK,Swat,National Highway,Poor,Clear,Daylight,Motorcycle,2,Wrong Overtaking,0,0,0,0,3,0,Medium
2019,6,Saturday,22,Sindh,Dadu,National Highway,Good,Clear,No Light,Car/Taxi,2,Over Speeding,0,1,1,0,5,2,High
2023,8,Thursday,14,Punjab,Sheikhupura,Urban Road,Good,Clear,No Light,Motorcycle,1,Signal Violation,0,0,0,0,3,0,Medium
2019,1,Friday,18,Balochistan,Gwadar,National Highway,Under Repair,Clear,Daylight,Motorcycle,1,Over Speeding,1,0,0,1,2,1,High
2021,4,Saturday,11,Punjab,Bahawalpur,Rural Road,Poor,Foggy,Daylight,Truck/Lorry,4,Mechanical Failure,0,1,0,0,2,0,Low
2022,4,Thursday,22,Islamabad,Islamabad,Provincial Highway,Poor,Foggy,No Light,Motorcycle,3,Signal Violation,0,0,1,0,11,1,High
2022,3,Thursday,20,Punjab,Bahawalpur,Rural Road,Good,Clear,No Light,Bus/Coach,2,Pedestrian Error,1,0,0,0,2,0,Low
2022,7,Wednesday,8,KPK,Mardan,Rural Road,Good,Dusty/Smoggy,Daylight,Motorcycle,3,Over Speeding,1,0,0,0,10,4,High
2023,6,Monday,16,Punjab,Sialkot,Rural Road,Average,Clear,Daylight,Bus/Coach,2,Pedestrian Error,0,0,0,0,0,0,Low
2020,6,Sunday,6,Punjab,Sheikhupura,Urban Road,Average,Rainy,Daylight,Car/Taxi,4,Over Speeding,0,1,0,0,1,1,Low
2018,12,Sunday,13,Punjab,Bahawalpur,Rural Road,Good,Dusty/Smoggy,Daylight,Motorcycle,1,Wrong Overtaking,1,1,0,1,5,2,Medium
2020,4,Monday,8,KPK,Peshawar,National Highway,Good,Clear,Daylight,Motorcycle,1,Pedestrian Error,1,0,0,0,1,1,Medium
2020,7,Thursday,21,Sindh,Mirpur Khas,National Highway,Poor,Clear,Street Light,Car/Taxi,2,Over Speeding,0,0,0,0,5,0,Medium
2019,12,Tuesday,20,Balochistan,Hub,Urban Road,Good,Clear,Street Light,Rickshaw,3,Mechanical Failure,1,0,0,1,2,0,Low
2021,11,Wednesday,20,Punjab,Sheikhupura,National Highway,Average,Clear,Street Light,Van/Pickup,1,Signal Violation,1,0,0,1,4,1,Medium
2023,11,Saturday,3,KPK,Mardan,Urban Road,Good,Clear,No Light,Motorcycle,2,Mechanical Failure,0,1,1,1,3,2,Medium
2021,8,Friday,7,KPK,Kohat,Provincial Highway,Poor,Clear,No Light,Bus/Coach,2,Wrong Overtaking,1,0,0,0,1,0,Low
2020,7,Thursday,8,Punjab,Lahore,Urban Road,Good,Clear,Daylight,Truck/Lorry,2,Over Speeding,1,0,0,0,1,0,Medium
2021,2,Tuesday,21,Punjab,Bahawalpur,Urban Road,Poor,Rainy,No Light,Car/Taxi,4,Mechanical Failure,0,0,0,1,0,0,Low
2018,7,Tuesday,18,Sindh,Thatta,Provincial Highway,Good,Clear,Daylight,Bicycle,1,Wrong Overtaking,1,0,0,0,1,1,Medium
2021,5,Friday,20,Punjab,Faisalabad,Rural Road,Poor,Rainy,No Light,Bus/Coach,2,Wrong Overtaking,1,0,0,0,3,1,Medium
2020,12,Friday,5,Punjab,Rahim Yar Khan,Provincial Highway,Under Repair,Clear,Daylight,Truck/Lorry,2,Over Speeding,0,0,1,1,7,1,High
2021,5,Wednesday,20,KPK,Peshawar,Motorway,Poor,Clear,Street Light,Car/Taxi,1,Over Speeding,1,0,0,0,7,0,High
2018,1,Friday,15,Punjab,Rawalpindi,National Highway,Average,Clear,Daylight,Car/Taxi,2,Wrong Overtaking,0,0,0,1,0,0,Low
2021,7,Monday,18,KPK,Bannu,Provincial Highway,Poor,Extreme Heat,Dawn/Dusk,Truck/Lorry,1,Road Condition,1,0,0,0,1,0,Low
2021,5,Thursday,4,Islamabad,Islamabad,National Highway,Poor,Clear,Street Light,Motorcycle,1,Road Condition,0,0,1,0,6,1,High
2020,9,Friday,5,Sindh,Jacobabad,Provincial Highway,Poor,Dusty/Smoggy,Dawn/Dusk,Rickshaw,4,Road Condition,0,0,1,0,2,0,Low
2020,1,Saturday,11,Sindh,Jacobabad,Provincial Highway,Good,Clear,Daylight,Car/Taxi,3,Over Speeding,0,1,0,1,3,0,Medium
2019,9,Thursday,12,Punjab,Rahim Yar Khan,National Highway,Average,Clear,Daylight,Bicycle,2,Over Speeding,1,0,0,0,7,3,High
2021,2,Friday,13,Balochistan,Gwadar,Rural Road,Poor,Foggy,Daylight,Car/Taxi,3,Over Speeding,1,0,0,1,1,0,Medium
2022,5,Wednesday,21,Punjab,Gujranwala,Provincial Highway,Under Repair,Rainy,Street Light,Motorcycle,2,Drunk Driving,0,0,0,0,2,3,High
2021,9,Sunday,21,Sindh,Jacobabad,National Highway,Average,Clear,Street Light,Motorcycle,2,Wrong Overtaking,0,1,0,0,3,0,Medium
2019,9,Wednesday,11,AJK,Mirpur,National Highway,Good,Clear,Daylight,Truck/Lorry,3,Signal Violation,0,0,0,0,4,2,High
2022,5,Monday,13,Sindh,Sukkur,National Highway,Poor,Rainy,Daylight,Motorcycle,2,Over Speeding,1,0,0,0,4,2,High
2023,10,Wednesday,15,KPK,Abbottabad,Provincial Highway,Poor,Foggy,Daylight,Motorcycle,3,Signal Violation,0,0,0,0,4,0,Medium
2022,12,Sunday,15,Sindh,Jacobabad,Provincial Highway,Good,Clear,Dawn/Dusk,Motorcycle,1,Pedestrian Error,0,1,0,1,2,0,Low
2019,2,Sunday,17,Punjab,Sargodha,National Highway,Good,Clear,Daylight,Bus/Coach,2,Pedestrian Error,1,1,0,1,0,0,Low
2019,8,Saturday,11,KPK,Mansehra,Motorway,Average,Clear,Daylight,Van/Pickup,1,Over Speeding,0,1,0,0,1,0,Medium
2023,9,Wednesday,8,Punjab,Lahore,Urban Road,Good,Clear,Daylight,Motorcycle,2,Signal Violation,1,0,0,0,1,1,Medium
2021,1,Friday,16,KPK,Dera Ismail Khan,Provincial Highway,Good,Rainy,Dawn/Dusk,Car/Taxi,2,Drunk Driving,0,0,0,1,11,1,High
2021,6,Sunday,6,Punjab,Bahawalpur,Provincial Highway,Under Repair,Foggy,Daylight,Rickshaw,2,Signal Violation,0,1,0,0,3,0,Medium
2023,11,Friday,7,Balochistan,Dera Bugti,Rural Road,Poor,Clear,Daylight,Motorcycle,2,Pedestrian Error,1,0,0,1,0,1,Low
2020,7,Friday,10,Punjab,Rahim Yar Khan,Urban Road,Good,Clear,Street Light,Motorcycle,2,Mechanical Failure,0,0,0,0,5,0,Medium
2022,3,Monday,22,Sindh,Larkana,National Highway,Good,Clear,No Light,Rickshaw,1,Over Speeding,0,0,1,0,5,1,High
2019,5,Tuesday,12,Sindh,Thatta,Rural Road,Good,Rainy,Daylight,Motorcycle,1,Over Speeding,1,0,0,0,9,1,High
2022,5,Sunday,18,Sindh,Jacobabad,Rural Road,Poor,Clear,Street Light,Van/Pickup,2,Road Condition,1,1,0,0,2,1,Low
2023,4,Sunday,6,Punjab,Lahore,Urban Road,Good,Clear,Daylight,Rickshaw,2,Wrong Overtaking,0,1,0,0,2,0,Low
2020,1,Sunday,14,Sindh,Jacobabad,National Highway,Average,Clear,Daylight,Car/Taxi,3,Wrong Overtaking,0,1,0,1,0,0,Low
2022,7,Tuesday,21,Punjab,Multan,National Highway,Average,Clear,No Light,Car/Taxi,4,Mobile Phone Use,0,0,0,0,0,0,Low
2020,9,Thursday,9,Sindh,Mirpur Khas,Urban Road,Poor,Foggy,Daylight,Motorcycle,2,Wrong Overtaking,1,0,0,0,4,0,Medium
2023,6,Monday,12,Punjab,Sialkot,National Highway,Good,Clear,No Light,Motorcycle,2,Driver Fatigue,1,0,0,0,4,0,High
2018,2,Wednesday,17,Sindh,Mirpur Khas,Provincial Highway,Poor,Foggy,Daylight,Van/Pickup,2,Over Speeding,1,0,0,1,10,3,High
2023,8,Wednesday,2,Punjab,Faisalabad,National Highway,Average,Clear,Street Light,Car/Taxi,3,Signal Violation,0,0,1,0,5,1,Medium
2021,8,Wednesday,13,AJK,Mirpur,National Highway,Poor,Rainy,Daylight,Motorcycle,1,Wrong Overtaking,1,0,0,0,7,1,High
2022,8,Wednesday,10,Sindh,Mirpur Khas,Provincial Highway,Average,Foggy,Daylight,Car/Taxi,4,Mechanical Failure,0,0,0,0,1,0,Medium
2023,9,Monday,2,Punjab,Gujranwala,Urban Road,Good,Foggy,Street Light,Motorcycle,1,Driver Fatigue,0,0,1,0,8,2,High
2020,9,Saturday,21,Sindh,Jacobabad,National Highway,Good,Clear,Street Light,Truck/Lorry,1,Over Speeding,0,1,0,0,6,3,High
2020,5,Tuesday,23,Balochistan,Turbat,National Highway,Under Repair,Clear,No Light,Bus/Coach,2,Driver Fatigue,0,0,1,0,3,0,High
2022,7,Tuesday,13,Punjab,Gujranwala,National Highway,Average,Clear,Daylight,Motorcycle,2,Over Speeding,1,0,0,0,10,1,High
2018,9,Wednesday,20,KPK,Peshawar,Urban Road,Good,Clear,No Light,Car/Taxi,1,Over Speeding,1,0,0,0,2,1,Low
2022,2,Friday,14,Sindh,Larkana,National Highway,Poor,Clear,Daylight,Motorcycle,1,Driver Fatigue,0,0,0,1,8,4,High
2023,11,Tuesday,9,Punjab,Bahawalpur,Provincial Highway,Poor,Dusty/Smoggy,Daylight,Motorcycle,1,Wrong Overtaking,1,0,0,1,1,0,Medium
2020,1,Friday,9,KPK,Peshawar,National Highway,Poor,Clear,Daylight,Van/Pickup,3,Mechanical Failure,1,0,0,1,2,0,Medium
2023,12,Wednesday,12,Punjab,Rahim Yar Khan,Urban Road,Good,Dusty/Smoggy,Street Light,Motorcycle,1,Wrong Overtaking,1,0,0,1,3,0,Medium
2021,7,Thursday,15,Punjab,Lahore,Urban Road,Good,Clear,Daylight,Motorcycle,1,Signal Violation,0,0,0,0,0,0,Low
2020,8,Monday,6,KPK,Swat,Rural Road,Good,Clear,Daylight,Car/Taxi,2,Signal Violation,0,0,0,0,1,0,Low
2020,12,Monday,20,Sindh,Kashmore,Motorway,Average,Foggy,No Light,Car/Taxi,3,Over Speeding,1,0,0,1,10,0,High
2020,2,Saturday,12,Balochistan,Hub,Rural Road,Poor,Rainy,Daylight,Motorcycle,2,Road Condition,1,1,0,1,2,1,Medium
2020,8,Tuesday,4,Sindh,Dadu,Rural Road,Good,Dusty/Smoggy,Street Light,Motorcycle,1,Mechanical Failure,0,0,1,0,0,0,Low
2021,3,Friday,9,KPK,Kohat,Rural Road,Average,Clear,Daylight,Truck/Lorry,2,Signal Violation,1,0,0,0,1,0,Low
2020,5,Sunday,20,KPK,Peshawar,National Highway,Average,Foggy,No Light,Rickshaw,1,Road Condition,1,1,0,0,1,0,Medium
2021,2,Saturday,21,Punjab,Rawalpindi,Urban Road,Average,Clear,No Light,Rickshaw,2,Road Condition,0,1,0,1,0,0,Low
2020,1,Saturday,13,KPK,Swat,Provincial Highway,Good,Clear,No Light,Bicycle,1,Pedestrian Error,1,1,0,1,3,1,Medium
2022,12,Wednesday,21,Sindh,Jacobabad,National Highway,Good,Rainy,Street Light,Car/Taxi,2,Wrong Overtaking,0,0,0,1,2,0,Medium
2018,3,Thursday,20,Punjab,Faisalabad,Provincial Highway,Good,Rainy,No Light,Motorcycle,2,Signal Violation,1,0,0,0,4,0,Medium
2018,1,Sunday,3,Sindh,Larkana,National Highway,Good,Rainy,Street Light,Car/Taxi,1,Over Speeding,0,1,1,1,3,2,High
2022,11,Monday,20,Punjab,Bahawalpur,National Highway,Under Repair,Clear,Street Light,Motorcycle,2,Pedestrian Error,1,0,0,1,4,1,Medium
2023,6,Saturday,9,KPK,Kohat,Provincial Highway,Good,Clear,Dawn/Dusk,Car/Taxi,2,Wrong Overtaking,1,1,0,0,2,0,Low
2018,7,Friday,13,Sindh,Nawabshah,Urban Road,Good,Clear,Daylight,Rickshaw,3,Over Speeding,1,0,0,0,0,0,Low
2018,7,Saturday,10,Islamabad,Islamabad,Rural Road,Good,Clear,Dawn/Dusk,Motorcycle,1,Wrong Overtaking,0,1,0,0,1,0,Low
2023,11,Friday,20,Punjab,Rawalpindi,National Highway,Poor,Clear,No Light,Motorcycle,1,Over Speeding,1,0,0,1,5,1,High
2020,4,Thursday,5,Sindh,Larkana,Urban Road,Good,Clear,Street Light,Motorcycle,2,Mechanical Failure,0,0,1,0,2,1,Medium
2023,3,Friday,20,Punjab,Sheikhupura,National Highway,Average,Rainy,No Light,Car/Taxi,4,Mechanical Failure,1,0,0,0,1,0,Low
2022,4,Sunday,20,Sindh,Hyderabad,Urban Road,Good,Foggy,Street Light,Motorcycle,3,Driver Fatigue,1,1,0,0,8,4,High
2022,6,Wednesday,17,KPK,Abbottabad,Urban Road,Good,Extreme Heat,Dawn/Dusk,Bus/Coach,3,Pedestrian Error,1,0,0,0,2,0,Low
2018,11,Friday,16,KPK,Mardan,Provincial Highway,Good,Clear,Daylight,Motorcycle,2,Over Speeding,0,0,0,1,7,1,High
2023,4,Sunday,23,KPK,Mardan,National Highway,Good,Dusty/Smoggy,Street Light,Car/Taxi,2,Road Condition,0,1,1,0,5,1,Medium
2023,12,Saturday,22,Balochistan,Sibi,Rural Road,Under Repair,Foggy,No Light,Motorcycle,3,Over Speeding,0,1,1,1,9,3,High
2019,8,Saturday,17,Punjab,Bahawalpur,Provincial Highway,Average,Clear,Daylight,Car/Taxi,1,Over Speeding,1,1,0,0,2,0,Medium
2023,8,Monday,9,Punjab,Sargodha,National Highway,Good,Foggy,Daylight,Car/Taxi,2,Over Speeding,1,0,0,0,3,1,Medium
2023,10,Monday,8,KPK,Bannu,National Highway,Good,Clear,Daylight,Rickshaw,2,Over Speeding,1,0,0,0,9,3,High
2021,1,Saturday,18,Sindh,Thatta,National Highway,Poor,Rainy,Street Light,Motorcycle,1,Over Speeding,1,1,0,1,3,4,High
2022,1,Friday,9,Punjab,Sheikhupura,Rural Road,Good,Clear,No Light,Car/Taxi,1,Road Condition,1,0,0,1,0,0,Low
2023,6,Friday,18,Sindh,Hyderabad,Provincial Highway,Good,Dusty/Smoggy,Daylight,Motorcycle,1,Over Speeding,1,0,0,0,1,0,Medium
2020,6,Tuesday,16,Punjab,Sargodha,Rural Road,Poor,Clear,No Light,Truck/Lorry,2,Mechanical Failure,0,0,0,0,1,0,Low
2019,6,Saturday,19,Punjab,Sheikhupura,Urban Road,Average,Clear,Dawn/Dusk,Car/Taxi,4,Wrong Overtaking,1,1,0,0,1,0,Low
2021,12,Friday,17,KPK,Bannu,National Highway,Good,Clear,Dawn/Dusk,Rickshaw,2,Wrong Overtaking,1,0,0,1,5,0,Medium
2018,6,Tuesday,0,Punjab,Bahawalpur,Provincial Highway,Average,Rainy,No Light,Motorcycle,2,Over Speeding,0,0,1,0,8,1,High
2023,2,Sunday,0,Punjab,Lahore,Provincial Highway,Average,Clear,No Light,Rickshaw,2,Driver Fatigue,0,1,1,1,4,1,High
2020,11,Thursday,7,Punjab,Rawalpindi,National Highway,Good,Rainy,Daylight,Truck/Lorry,2,Wrong Overtaking,1,0,0,1,2,1,Medium
2019,1,Saturday,19,Balochistan,Chaman,Motorway,Good,Clear,Street Light,Rickshaw,2,Signal Violation,1,1,0,1,1,0,Low
2022,12,Tuesday,9,Islamabad,Islamabad,Rural Road,Poor,Clear,Daylight,Car/Taxi,2,Signal Violation,1,0,0,1,0,0,Low
2023,12,Sunday,10,KPK,Abbottabad,National Highway,Good,Clear,Dawn/Dusk,Bus/Coach,2,Signal Violation,0,1,0,1,3,2,Medium
2022,1,Monday,9,Punjab,Multan,Provincial Highway,Poor,Dusty/Smoggy,Daylight,Car/Taxi,2,Signal Violation,1,0,0,1,0,0,Low
2021,3,Wednesday,18,Islamabad,Islamabad,Urban Road,Average,Clear,Daylight,Car/Taxi,1,Pedestrian Error,1,0,0,0,1,0,Low
2023,3,Monday,13,KPK,Dera Ismail Khan,National Highway,Average,Clear,Daylight,Van/Pickup,2,Drunk Driving,1,0,0,0,3,1,Medium
2018,3,Saturday,13,Balochistan,Turbat,National Highway,Average,Rainy,Street Light,Truck/Lorry,2,Road Condition,1,1,0,0,5,0,Medium
2019,1,Tuesday,10,KPK,Abbottabad,Provincial Highway,Average,Clear,No Light,Motorcycle,2,Mechanical Failure,0,0,0,1,5,0,Medium
2023,2,Tuesday,22,Punjab,Gujranwala,Provincial Highway,Poor,Clear,Street Light,Motorcycle,1,Wrong Overtaking,0,0,1,1,3,0,Medium
2020,2,Friday,10,Sindh,Nawabshah,National Highway,Good,Rainy,Daylight,Motorcycle,1,Mechanical Failure,0,0,0,1,6,1,High
2021,8,Monday,22,Punjab,Sialkot,Urban Road,Good,Clear,No Light,Motorcycle,2,Wrong Overtaking,0,0,1,0,8,2,High
2019,11,Thursday,5,Punjab,Sargodha,Rural Road,Good,Dusty/Smoggy,Dawn/Dusk,Car/Taxi,2,Pedestrian Error,0,0,1,1,0,0,Low
2023,5,Monday,17,KPK,Dera Ismail Khan,National Highway,Average,Clear,Street Light,Motorcycle,1,Over Speeding,1,0,0,0,5,1,High
2021,1,Saturday,5,Balochistan,Chaman,National Highway,Average,Rainy,Street Light,Car/Taxi,1,Over Speeding,0,1,1,1,3,1,High
2021,7,Thursday,1,KPK,Mansehra,National Highway,Poor,Clear,Street Light,Car/Taxi,1,Over Speeding,0,0,1,0,6,1,High
2023,5,Friday,17,Sindh,Kashmore,Urban Road,Good,Foggy,Daylight,Car/Taxi,2,Road Condition,1,0,0,0,0,0,Low
2022,12,Tuesday,7,Punjab,Sialkot,Provincial Highway,Good,Foggy,Daylight,Motorcycle,1,Wrong Overtaking,1,0,0,1,8,1,High
2022,6,Sunday,13,Punjab,Faisalabad,Urban Road,Under Repair,Clear,Dawn/Dusk,Motorcycle,2,Road Condition,1,1,0,0,5,0,Medium
2023,6,Tuesday,19,Punjab,Rawalpindi,National Highway,Good,Clear,Street Light,Motorcycle,2,Pedestrian Error,1,0,0,0,4,2,Medium
2021,1,Friday,15,Sindh,Nawabshah,Urban Road,Under Repair,Clear,Daylight,Motorcycle,3,Driver Fatigue,0,0,0,1,2,4,High
2022,1,Sunday,8,Sindh,Nawabshah,Rural Road,Poor,Clear,Daylight,Motorcycle,2,Signal Violation,1,1,0,1,1,0,Low
2021,12,Saturday,2,Punjab,Sialkot,Rural Road,Average,Clear,No Light,Car/Taxi,1,Over Speeding,0,1,1,1,2,1,Medium
2021,12,Tuesday,21,AJK,Rawalakot,Provincial Highway,Good,Clear,No Light,Bus/Coach,2,Wrong Overtaking,0,0,0,1,5,1,Medium
2018,12,Saturday,16,Punjab,Multan,National Highway,Under Repair,Rainy,Daylight,Bus/Coach,1,Weather Condition,0,1,0,1,8,0,High
2018,9,Monday,16,Balochistan,Turbat,Provincial Highway,Average,Clear,Daylight,Bus/Coach,1,Driver Fatigue,0,0,0,0,3,1,High
2020,1,Monday,20,Sindh,Thatta,National Highway,Good,Clear,Street Light,Bus/Coach,1,Over Speeding,1,0,0,1,6,2,High
2021,9,Wednesday,20,Punjab,Faisalabad,National Highway,Average,Clear,Street Light,Motorcycle,1,Signal Violation,1,0,0,0,7,1,High
2021,4,Tuesday,8,KPK,Abbottabad,Provincial Highway,Good,Clear,Daylight,Bicycle,1,Mechanical Failure,1,0,0,0,4,1,Medium
2019,2,Friday,6,KPK,Peshawar,Provincial Highway,Good,Foggy,Daylight,Car/Taxi,4,Driver Fatigue,0,0,0,1,5,0,Medium
2020,7,Saturday,12,Sindh,Dadu,Rural Road,Average,Clear,Daylight,Motorcycle,3,Road Condition,1,1,0,0,0,0,Low
2022,3,Thursday,13,Sindh,Sukkur,Motorway,Good,Clear,Daylight,Car/Taxi,2,Signal Violation,1,0,0,0,2,1,Medium
2020,1,Thursday,18,Punjab,Faisalabad,Rural Road,Average,Clear,Daylight,Van/Pickup,3,Mechanical Failure,1,0,0,1,1,0,Low
2018,5,Thursday,8,Sindh,Nawabshah,Provincial Highway,Good,Clear,Daylight,Motorcycle,2,Drunk Driving,1,0,0,0,3,0,Medium
2023,5,Saturday,18,Balochistan,Chaman,Rural Road,Good,Foggy,Daylight,Car/Taxi,1,Road Condition,1,1,0,0,0,0,Low