year,month,day_of_week,hour_of_day,province,district,road_type,road_condition,weather_condition,lighting_condition,vehicle_type,vehicles_involved,accident_cause,is_rush_hour,is_weekend,is_night,is_foggy_month,num_injured,num_killed,severity
2023,7,Friday,5,Punjab,Multan,Rural Road,Poor,Clear,Daylight,Bus/Coach,2,Weather Condition,0,0,1,0,1,0,Low
2020,5,Sunday,12,Punjab,Lahore,Motorway,Average,Extreme Heat,Daylight,Rickshaw,1,Over Speeding,1,1,0,0,3,0,Medium
2022,4,Friday,18,Balochistan,Loralai,National Highway,Good,Foggy,Daylight,Rickshaw,1,Mobile Phone Use,1,0,0,0,4,0,Medium
2018,5,Sunday,18,Punjab,Rawalpindi,National Highway,Good,Clear,Dawn/Dusk,Truck/Lorry,1,Pedestrian Error,1,1,0,0,1,0,Low
2019,1,Saturday,14,Sindh,Mirpur Khas,National Highway,Good,Clear,Daylight,Rickshaw,3,Road Condition,0,1,0,1,3,0,Medium
2021,3,Saturday,20,Sindh,Hyderabad,Rural Road,Poor,Clear,No Light,Motorcycle,2,Wrong Overtaking,1,1,0,0,4,0,Medium
2021,11,Sunday,21,Sindh,Thatta,Urban Road,Poor,Foggy,Street Light,Car/Taxi,1,Over Speeding,0,1,0,1,2,0,Medium
2018,5,Saturday,1,Punjab,Rawalpindi,National Highway,Poor,Clear,No Light,Car/Taxi,1,Mobile Phone Use,0,1,1,0,0,0,Low
2019,11,Saturday,8,Punjab,Sheikhupura,Motorway,Good,Clear,Daylight,Bicycle,1,Pedestrian Error,1,1,0,1,11,3,High
2018,9,Thursday,21,Punjab,Lahore,Urban Road,Average,Clear,Street Light,Car/Taxi,3,Mobile Phone Use,0,0,0,0,2,1,Low
2023,11,Tuesday,13,KPK,Mansehra,National Highway,Good,Extreme Heat,Daylight,Bus/Coach,1,Drunk Driving,1,0,0,1,10,1,High
2019,2,Friday,19,KPK,Abbottabad,Provincial Highway,Good,Dusty/Smoggy,Dawn/Dusk,Motorcycle,2,Signal Violation,1,0,0,1,5,1,Medium
2023,9,Sunday,12,KPK,Swat,Rural Road,Poor,Rainy,Daylight,Motorcycle,2,Mobile Phone Use,1,1,0,0,0,0,Low
2023,2,Saturday,20,Sindh,Larkana,Provincial Highway,Poor,Foggy,Street Light,Motorcycle,2,Mechanical Failure,1,1,0,1,9,0,High
2022,7,Saturday,14,Punjab,Bahawalpur,Urban Road,Poor,Dusty/Smoggy,Daylight,Truck/Lorry,2,Over Speeding,0,1,0,0,3,0,Medium
2022,1,Saturday,16,Punjab,Sheikhupura,Urban Road,Good,Clear,Dawn/Dusk,Van/Pickup,1,Weather Condition,0,1,0,1,2,0,Low
2018,5,Saturday,10,KPK,Kohat,Rural Road,Poor,Clear,Daylight,Car/Taxi,3,Mobile Phone Use,0,1,0,0,2,0,Low
2020,10,Wednesday,21,Sindh,Kashmore,Urban Road,Under Repair,Clear,Street Light,Truck/Lorry,1,Mechanical Failure,0,0,0,0,0,0,Low
2021,11,Sunday,9,Punjab,Rahim Yar Khan,National Highway,Under Repair,Rainy,Dawn/Dusk,Rickshaw,2,Signal Violation,1,1,0,1,4,1,Medium
2018,6,Friday,19,Punjab,Rawalpindi,Rural Road,Average,Dusty/Smoggy,Dawn/Dusk,Motorcycle,1,Over Speeding,1,0,0,0,2,1,Medium
2020,4,Saturday,21,Punjab,Sheikhupura,National Highway,Average,Clear,No Light,Truck/Lorry,1,Over Speeding,0,1,0,0,9,2,High
2020,4,Wednesday,8,Punjab,Lahore,Provincial Highway,Poor,Foggy,Daylight,Van/Pickup,1,Signal Violation,1,0,0,0,5,0,Medium
2023,11,Friday,11,KPK,Peshawar,National Highway,Under Repair,Clear,Daylight,Motorcycle,1,Driver Fatigue,0,0,0,1,2,1,High
2021,7,Monday,22,Balochistan,Khuzdar,National Highway,Under Repair,Extreme Heat,Street Light,Motorcycle,1,Signal Violation,0,0,1,0,9,2,High
2019,6,Thursday,16,Balochistan,Turbat,National Highway,Under Repair,Clear,Daylight,Motorcycle,3,Signal Violation,0,0,0,0,4,0,High
2023,5,Tuesday,21,Islamabad,Islamabad,Urban Road,Average,Clear,No Light,Motorcycle,2,Wrong Overtaking,0,0,0,0,2,1,Medium
2022,2,Friday,9,Balochistan,Chaman,National Highway,Poor,Clear,Street Light,Car/Taxi,1,Over Speeding,1,0,0,1,10,0,High
2023,8,Thursday,17,Sindh,Mirpur Khas,Provincial Highway,Good,Clear,Daylight,Motorcycle,2,Pedestrian Error,1,0,0,0,4,1,Medium
2021,2,Saturday,19,Punjab,Rahim Yar Khan,Urban Road,Good,Clear,Dawn/Dusk,Rickshaw,2,Wrong Overtaking,1,1,0,1,2,0,Low
2022,11,Friday,11,KPK,Peshawar,Provincial Highway,Under Repair,Clear,Daylight,Motorcycle,2,Weather Condition,0,0,0,1,3,1,Medium
2018,10,Wednesday,8,Punjab,Rawalpindi,Urban Road,Good,Clear,Daylight,Motorcycle,2,Over Speeding,1,0,0,0,1,0,Medium
2022,7,Wednesday,22,Punjab,Rawalpindi,Rural Road,Good,Clear,No Light,Bus/Coach,1,Driver Fatigue,0,0,1,0,5,0,Medium
2021,4,Wednesday,12,Punjab,Faisalabad,Motorway,Good,Extreme Heat,Daylight,Car/Taxi,1,Road Condition,1,0,0,0,2,0,Medium
2020,12,Friday,2,Sindh,Dadu,Urban Road,Good,Dusty/Smoggy,Street Light,Motorcycle,3,Driver Fatigue,0,0,1,1,7,0,High
2022,12,Sunday,20,Punjab,Lahore,National Highway,Average,Clear,No Light,Motorcycle,3,Signal Violation,1,1,0,1,1,0,Medium
2021,12,Monday,20,Punjab,Rahim Yar Khan,Motorway,Average,Clear,Street Light,Motorcycle,4,Pedestrian Error,1,0,0,1,2,0,High
2023,9,Saturday,10,Sindh,Mirpur Khas,National Highway,Poor,Clear,Daylight,Motorcycle,2,Over Speeding,0,1,0,0,5,2,High
2018,11,Friday,21,Balochistan,Sibi,Rural Road,Good,Clear,No Light,Truck/Lorry,2,Over Speeding,0,0,0,1,0,1,Low
2021,6,Tuesday,21,Sindh,Sukkur,Provincial Highway,Average,Dusty/Smoggy,No Light,Rickshaw,1,Wrong Overtaking,0,0,0,0,1,0,Low
2023,3,Wednesday,14,Balochistan,Dera Bugti,Rural Road,Average,Clear,Street Light,Motorcycle,2,Driver Fatigue,0,0,0,0,1,0,Medium
2023,3,Sunday,22,Punjab,Rawalpindi,Provincial Highway,Average,Foggy,Street Light,Van/Pickup,3,Wrong Overtaking,0,1,1,0,10,1,High
2021,8,Sunday,9,Punjab,Sargodha,Urban Road,Good,Rainy,Dawn/Dusk,Motorcycle,3,Road Condition,1,1,0,0,0,0,Low
2023,8,Saturday,18,Sindh,Karachi,National Highway,Poor,Rainy,Daylight,Motorcycle,4,Signal Violation,1,1,0,0,4,1,High
2019,10,Saturday,11,Sindh,Dadu,Rural Road,Average,Clear,Dawn/Dusk,Car/Taxi,2,Wrong Overtaking,0,1,0,0,0,0,Low
2020,5,Sunday,18,KPK,Nowshera,National Highway,Average,Extreme Heat,Daylight,Truck/Lorry,2,Wrong Overtaking,1,1,0,0,3,0,High
2023,2,Saturday,17,KPK,Charsadda,National Highway,Average,Clear,Dawn/Dusk,Rickshaw,1,Over Speeding,1,1,0,1,6,1,High
2019,5,Thursday,16,KPK,Mardan,Provincial Highway,Under Repair,Foggy,Daylight,Motorcycle,4,Over Speeding,0,0,0,0,11,1,High
2020,5,Monday,19,Islamabad,Islamabad,Provincial Highway,Good,Clear,Street Light,Motorcycle,2,Wrong Overtaking,1,0,0,0,6,1,High
2023,9,Tuesday,12,Punjab,Rawalpindi,National Highway,Good,Dusty/Smoggy,Street Light,Motorcycle,2,Wrong Overtaking,1,0,0,0,6,0,High
2019,7,Thursday,11,Punjab,Sheikhupura,National Highway,Under Repair,Foggy,Daylight,Bicycle,2,Over Speeding,0,0,0,0,4,2,High
2022,10,Monday,3,Sindh,Larkana,Provincial Highway,Poor,Extreme Heat,Street Light,Bus/Coach,2,Wrong Overtaking,0,0,1,0,2,0,Medium
2018,10,Friday,5,Punjab,Gujranwala,Urban Road,Good,Clear,Street Light,Bus/Coach,1,Over Speeding,0,0,1,0,5,3,High
2023,1,Thursday,21,Punjab,Sheikhupura,National Highway,Poor,Clear,Street Light,Rickshaw,2,Pedestrian Error,0,0,0,1,1,1,Medium
2018,5,Sunday,18,Punjab,Rahim Yar Khan,National Highway,Average,Rainy,Daylight,Car/Taxi,2,Mechanical Failure,1,1,0,0,5,0,Medium
2019,10,Wednesday,7,Punjab,Bahawalpur,Provincial Highway,Good,Clear,Daylight,Other,4,Over Speeding,1,0,0,0,3,1,Medium
2021,8,Tuesday,6,Punjab,Gujranwala,Urban Road,Poor,Foggy,Daylight,Car/Taxi,1,Mechanical Failure,0,0,0,0,1,0,Low
2023,10,Sunday,6,Punjab,Faisalabad,Motorway,Poor,Rainy,Street Light,Car/Taxi,1,Over Speeding,0,1,0,0,8,0,High
2019,8,Friday,5,Sindh,Sukkur,National Highway,Average,Foggy,Street Light,Motorcycle,2,Wrong Overtaking,0,0,1,0,8,2,High
2022,12,Saturday,14,Sindh,Sukkur,Provincial Highway,Good,Dusty/Smoggy,Daylight,Motorcycle,4,Wrong Overtaking,0,1,0,1,5,4,High
2020,6,Thursday,15,KPK,Nowshera,Motorway,Good,Clear,Daylight,Motorcycle,3,Signal Violation,0,0,0,0,4,0,Medium
2021,12,Thursday,21,KPK,Mansehra,Urban Road,Average,Clear,Street Light,Rickshaw,2,Over Speeding,0,0,0,1,0,0,Low
2020,3,Tuesday,23,Punjab,Sargodha,Urban Road,Good,Rainy,No Light,Rickshaw,1,Mechanical Failure,0,0,1,0,0,0,Low
2023,1,Monday,5,Punjab,Bahawalpur,Rural Road,Good,Clear,Street Light,Car/Taxi,2,Road Condition,0,0,1,1,1,1,Low
2018,2,Saturday,19,Punjab,Gujranwala,Provincial Highway,Good,Foggy,Street Light,Truck/Lorry,2,Over Speeding,1,1,0,1,8,0,High
2022,2,Friday,11,Balochistan,Zhob,Provincial Highway,Poor,Foggy,Dawn/Dusk,Rickshaw,3,Over Speeding,0,0,0,1,5,1,High
2023,2,Thursday,3,KPK,Peshawar,Provincial Highway,Good,Foggy,No Light,Motorcycle,2,Wrong Overtaking,0,0,1,1,6,2,High
2021,7,Friday,0,Punjab,Multan,Provincial Highway,Average,Foggy,No Light,Van/Pickup,3,Over Speeding,0,0,1,0,8,1,High
2019,1,Sunday,11,Punjab,Sialkot,Rural Road,Good,Clear,Dawn/Dusk,Motorcycle,3,Wrong Overtaking,0,1,0,1,2,0,Low
2022,8,Monday,6,Islamabad,Islamabad,Provincial Highway,Average,Clear,Street Light,Car/Taxi,1,Wrong Overtaking,0,0,0,0,2,0,Low
2022,7,Wednesday,7,Sindh,Larkana,National Highway,Average,Clear,Daylight,Bus/Coach,1,Wrong Overtaking,1,0,0,0,5,1,High
2020,5,Wednesday,12,KPK,Peshawar,National Highway,Good,Dusty/Smoggy,Daylight,Car/Taxi,2,Over Speeding,1,0,0,0,2,3,High
2023,1,Saturday,8,Punjab,Rawalpindi,National Highway,Average,Clear,Daylight,Motorcycle,3,Mobile Phone Use,1,1,0,1,1,1,Medium
2019,10,Friday,20,Punjab,Rawalpindi,Urban Road,Poor,Foggy,Street Light,Motorcycle,2,Wrong Overtaking,1,0,0,0,10,1,High
2023,1,Saturday,19,KPK,Abbottabad,Motorway,Poor,Clear,Dawn/Dusk,Motorcycle,1,Road Condition,1,1,0,1,4,0,Medium
2020,5,Wednesday,7,KPK,Swat,National Highway,Good,Rainy,Daylight,Car/Taxi,1,Over Speeding,1,0,0,0,9,4,High
2022,5,Saturday,9,KPK,Bannu,National Highway,Average,Clear,Daylight,Bus/Coach,3,Over Speeding,1,1,0,0,11,2,High
2019,12,Sunday,9,Sindh,Dadu,National Highway,Average,Extreme Heat,Daylight,Motorcycle,4,Over Speeding,1,1,0,1,3,1,High
2022,3,Saturday,11,Sindh,Thatta,Urban Road,Average,Clear,Daylight,Motorcycle,2,Signal Violation,0,1,0,0,3,0,Medium
2019,1,Saturday,21,KPK,Abbottabad,Rural Road,Poor,Rainy,Street Light,Bus/Coach,1,Road Condition,0,1,0,1,3,0,Medium
2022,3,Sunday,6,Punjab,Faisalabad,Provincial Highway,Good,Clear,Dawn/Dusk,Motorcycle,2,Driver Fatigue,0,1,0,0,3,3,High
2023,12,Friday,8,Punjab,Rawalpindi,National Highway,Good,Clear,Daylight,Bicycle,2,Driver Fatigue,1,0,0,1,8,2,High
2021,2,Wednesday,15,Balochistan,Hub,Rural Road,Poor,Dusty/Smoggy,Daylight,Car/Taxi,2,Pedestrian Error,0,0,0,1,1,0,Low
2020,12,Wednesday,16,Punjab,Sargodha,National Highway,Poor,Clear,Daylight,Car/Taxi,2,Over Speeding,0,0,0,1,4,0,Medium
2022,3,Monday,12,Sindh,Hyderabad,National Highway,Average,Clear,Daylight,Motorcycle,2,Road Condition,1,0,0,0,4,0,Medium
2022,6,Friday,2,KPK,Mansehra,National Highway,Poor,Clear,Street Light,Van/Pickup,2,Wrong Overtaking,0,0,1,0,11,2,High
2023,1,Wednesday,23,Gilgit-Baltistan,Hunza,Urban Road,Under Repair,Clear,No Light,Bicycle,1,Pedestrian Error,0,0,1,1,0,0,Low
2023,4,Tuesday,13,Sindh,Hyderabad,Provincial Highway,Good,Foggy,Daylight,Motorcycle,3,Mobile Phone Use,1,0,0,0,3,2,High
2019,4,Saturday,5,Sindh,Karachi,National Highway,Good,Clear,Dawn/Dusk,Bicycle,2,Wrong Overtaking,0,1,1,0,4,1,High
2023,4,Thursday,17,Balochistan,Khuzdar,Urban Road,Good,Clear,Street Light,Car/Taxi,2,Pedestrian Error,1,0,0,0,1,0,Low
2020,12,Thursday,5,KPK,Swat,Urban Road,Good,Dusty/Smoggy,Street Light,Motorcycle,2,Mechanical Failure,0,0,1,1,2,1,Medium
2021,4,Friday,9,KPK,Mardan,Rural Road,Average,Foggy,Daylight,Bicycle,2,Drunk Driving,1,0,0,0,6,1,High
2022,5,Saturday,19,Sindh,Sukkur,National Highway,Good,Clear,Dawn/Dusk,Bicycle,1,Wrong Overtaking,1,1,0,0,2,2,High
2022,6,Sunday,21,Punjab,Sialkot,Motorway,Good,Rainy,No Light,Van/Pickup,2,Over Speeding,0,1,0,0,3,0,Medium
2022,9,Saturday,17,Sindh,Dadu,National Highway,Poor,Foggy,Dawn/Dusk,Car/Taxi,1,Wrong Overtaking,1,1,0,0,3,0,Medium
2021,5,Sunday,18,Balochistan,Turbat,Urban Road,Poor,Clear,Daylight,Bus/Coach,4,Over Speeding,1,1,0,0,2,0,Medium
2023,1,Saturday,20,Balochistan,Loralai,Provincial Highway,Good,Clear,Street Light,Bicycle,2,Over Speeding,1,1,0,1,6,2,High
2020,4,Thursday,17,Punjab,Lahore,Rural Road,Poor,Clear,Street Light,Motorcycle,2,Mechanical Failure,1,0,0,0,0,1,Low
2018,10,Saturday,20,Sindh,Larkana,Urban Road,Average,Clear,No Light,Motorcycle,3,Signal Violation,1,1,0,0,4,0,Medium
2021,12,Thursday,17,Sindh,Hyderabad,National Highway,Good,Foggy,Street Light,Motorcycle,3,Over Speeding,1,0,0,1,8,2,High
2018,9,Thursday,18,AJK,Muzaffarabad,National Highway,Good,Clear,Daylight,Motorcycle,2,Wrong Overtaking,1,0,0,0,6,2,High
2021,1,Wednesday,2,KPK,Swat,National Highway,Average,Clear,No Light,Motorcycle,2,Mechanical Failure,0,0,1,1,9,1,High
2018,7,Wednesday,16,Punjab,Faisalabad,National Highway,Average,Extreme Heat,Daylight,Van/Pickup,1,Over Speeding,0,0,0,0,3,0,Medium
2021,4,Monday,11,Punjab,Rawalpindi,National Highway,Poor,Clear,Daylight,Car/Taxi,1,Drunk Driving,0,0,0,0,5,0,High
2019,12,Thursday,8,Sindh,Thatta,National Highway,Average,Clear,Daylight,Car/Taxi,2,Mechanical Failure,1,0,0,1,2,0,Low
2023,5,Sunday,10,Punjab,Multan,Rural Road,Good,Extreme Heat,Daylight,Rickshaw,1,Wrong Overtaking,0,1,0,0,1,0,Low
2022,5,Tuesday,12,KPK,Mansehra,Rural Road,Good,Clear,Daylight,Motorcycle,2,Signal Violation,1,0,0,0,4,0,Medium
2022,3,Saturday,17,KPK,Bannu,Provincial Highway,Good,Rainy,Daylight,Van/Pickup,2,Mechanical Failure,1,1,0,0,2,0,Low
2021,6,Friday,5,Sindh,Thatta,Rural Road,Good,Foggy,Dawn/Dusk,Motorcycle,2,Signal Violation,0,0,1,0,9,2,High
2019,7,Wednesday,20,Sindh,Hyderabad,Provincial Highway,Good,Extreme Heat,Street Light,Car/Taxi,2,Over Speeding,1,0,0,0,4,0,Medium
2022,11,Wednesday,18,Balochistan,Turbat,Urban Road,Under Repair,Foggy,Daylight,Car/Taxi,3,Over Speeding,1,0,0,1,2,0,Low
2020,12,Monday,18,Punjab,Rawalpindi,Motorway,Good,Foggy,No Light,Truck/Lorry,2,Road Condition,1,0,0,1,4,0,Medium
2022,7,Sunday,5,Punjab,Faisalabad,Provincial Highway,Poor,Clear,Dawn/Dusk,Bus/Coach,3,Wrong Overtaking,0,1,1,0,2,0,Medium
2020,9,Saturday,16,Islamabad,Islamabad,Urban Road,Under Repair,Extreme Heat,Daylight,Car/Taxi,2,Signal Violation,0,1,0,0,2,0,Low
2023,4,Saturday,18,KPK,Abbottabad,Urban Road,Poor,Clear,Daylight,Bus/Coach,1,Wrong Overtaking,1,1,0,0,1,0,Medium
2021,3,Friday,12,KPK,Mardan,Urban Road,Good,Foggy,Daylight,Motorcycle,2,Driver Fatigue,1,0,0,0,3,1,High
2019,1,Monday,20,Punjab,Sialkot,Provincial Highway,Good,Clear,No Light,Car/Taxi,2,Over Speeding,1,0,0,1,4,1,Medium
2018,8,Wednesday,20,Punjab,Sheikhupura,Rural Road,Poor,Clear,Street Light,Car/Taxi,2,Over Speeding,1,0,0,0,1,1,Medium
2020,11,Saturday,14,Punjab,Bahawalpur,Rural Road,Good,Clear,Daylight,Van/Pickup,3,Over Speeding,0,1,0,1,2,0,Low
2018,9,Thursday,18,Punjab,Sialkot,Motorway,Good,Extreme Heat,Daylight,Motorcycle,3,Over Speeding,1,0,0,0,11,2,High
2022,6,Wednesday,15,KPK,Swat,Provincial Highway,Good,Foggy,Daylight,Car/Taxi,3,Signal Violation,0,0,0,0,3,0,Medium
2019,3,Saturday,20,Punjab,Rahim Yar Khan,Rural Road,Poor,Clear,No Light,Car/Taxi,3,Wrong Overtaking,1,1,0,0,2,0,Low
2019,1,Saturday,5,KPK,Kohat,Urban Road,Good,Extreme Heat,No Light,Rickshaw,2,Road Condition,0,1,1,1,1,0,Low
2023,4,Wednesday,9,Punjab,Multan,Motorway,Good,Clear,Daylight,Truck/Lorry,1,Road Condition,1,0,0,0,3,1,Medium
2021,3,Friday,12,Punjab,Gujranwala,Provincial Highway,Average,Foggy,Daylight,Motorcycle,1,Pedestrian Error,1,0,0,0,7,1,High
2018,9,Thursday,9,AJK,Mirpur,National Highway,Good,Rainy,Daylight,Motorcycle,3,Over Speeding,1,0,0,0,10,1,High
2023,3,Wednesday,13,Punjab,Bahawalpur,Provincial Highway,Good,Clear,Daylight,Rickshaw,3,Over Speeding,1,0,0,0,5,2,Medium
2023,12,Tuesday,21,Punjab,Lahore,Provincial Highway,Good,Extreme Heat,Street Light,Truck/Lorry,3,Over Speeding,0,0,0,1,5,2,Medium
2020,2,Wednesday,7,Punjab,Sheikhupura,Provincial Highway,Good,Clear,Daylight,Car/Taxi,2,Signal Violation,1,0,0,1,0,0,Low
2018,2,Monday,5,Punjab,Lahore,Provincial Highway,Average,Dusty/Smoggy,Dawn/Dusk,Motorcycle,3,Wrong Overtaking,0,0,1,1,7,0,High
2020,6,Sunday,8,Sindh,Mirpur Khas,National Highway,Good,Foggy,Dawn/Dusk,Motorcycle,1,Weather Condition,1,1,0,0,8,0,High
2018,3,Tuesday,16,Punjab,Sheikhupura,Urban Road,Good,Dusty/Smoggy,Daylight,Truck/Lorry,2,Road Condition,0,0,0,0,1,0,Low
2021,3,Monday,20,KPK,Peshawar,Provincial Highway,Good,Clear,No Light,Car/Taxi,1,Mobile Phone Use,1,0,0,0,0,0,Low
2022,6,Sunday,12,KPK,Peshawar,National Highway,Good,Clear,Daylight,Motorcycle,1,Wrong Overtaking,1,1,0,0,4,0,High
2021,7,Friday,20,Sindh,Sukkur,National Highway,Good,Clear,Street Light,Car/Taxi,2,Wrong Overtaking,1,0,0,0,1,0,Low
2020,2,Friday,23,Punjab,Bahawalpur,Rural Road,Good,Clear,No Light,Motorcycle,1,Signal Violation,0,0,1,1,1,0,Medium
2021,10,Thursday,16,Sindh,Sukkur,Urban Road,Good,Foggy,Daylight,Truck/Lorry,2,Mechanical Failure,0,0,0,0,1,0,Low
2021,12,Thursday,18,Punjab,Faisalabad,Provincial Highway,Poor,Clear,Dawn/Dusk,Car/Taxi,2,Pedestrian Error,1,0,0,1,1,0,Low
2018,11,Thursday,6,Sindh,Nawabshah,National Highway,Good,Clear,Daylight,Car/Taxi,2,Wrong Overtaking,0,0,0,1,5,0,Medium
2018,7,Monday,4,KPK,Dera Ismail Khan,Provincial Highway,Poor,Rainy,No Light,Bus/Coach,2,Driver Fatigue,0,0,1,0,7,2,High
2021,11,Sunday,18,Punjab,Gujranwala,Rural Road,Good,Dusty/Smoggy,Daylight,Car/Taxi,3,Mobile Phone Use,1,1,0,1,0,0,Low
2023,12,Friday,10,KPK,Bannu,National Highway,Average,Foggy,Daylight,Motorcycle,1,Road Condition,0,0,0,1,3,0,Medium
2023,7,Tuesday,18,Balochistan,Khuzdar,National Highway,Under Repair,Clear,Daylight,Rickshaw,2,Signal Violation,1,0,0,0,0,0,Low
2022,9,Friday,19,KPK,Swat,Urban Road,Good,Foggy,No Light,Motorcycle,2,Pedestrian Error,1,0,0,0,2,0,Medium
2021,12,Tuesday,6,Punjab,Rahim Yar Khan,Urban Road,Average,Extreme Heat,Daylight,Motorcycle,2,Wrong Overtaking,0,0,0,1,2,0,Medium
2023,11,Friday,18,Sindh,Thatta,National Highway,Poor,Extreme Heat,Daylight,Car/Taxi,4,Signal Violation,1,0,0,1,3,0,Medium
2022,5,Wednesday,16,Balochistan,Turbat,National Highway,Good,Clear,Street Light,Car/Taxi,4,Pedestrian Error,0,0,0,0,1,0,Medium
2023,6,Wednesday,17,Punjab,Gujranwala,National Highway,Under Repair,Foggy,Daylight,Other,1,Wrong Overtaking,1,0,0,0,4,0,Medium
2023,11,Saturday,12,KPK,Bannu,National Highway,Poor,Foggy,Street Light,Van/Pickup,1,Weather Condition,1,1,0,1,4,0,Medium
2023,8,Monday,21,Punjab,Sheikhupura,National Highway,Poor,Dusty/Smoggy,Street Light,Car/Taxi,1,Over Speeding,0,0,0,0,4,0,Medium
2020,10,Thursday,7,Punjab,Rahim Yar Khan,National Highway,Average,Rainy,Daylight,Motorcycle,2,Mechanical Failure,1,0,0,0,8,0,High
2019,11,Tuesday,14,KPK,Bannu,Rural Road,Good,Foggy,Daylight,Motorcycle,2,Driver Fatigue,0,0,0,1,5,1,High
2020,7,Tuesday,22,KPK,Peshawar,Urban Road,Good,Clear,No Light,Motorcycle,1,Over Speeding,0,0,1,0,3,1,High
2020,1,Wednesday,17,KPK,Peshawar,National Highway,Poor,Clear,Daylight,Bus/Coach,1,Pedestrian Error,1,0,0,1,2,0,Low
2021,1,Friday,11,Islamabad,Islamabad,National Highway,Good,Foggy,Daylight,Motorcycle,3,Mechanical Failure,0,0,0,1,5,0,High
2019,11,Monday,18,Punjab,Lahore,Motorway,Good,Clear,Daylight,Motorcycle,3,Mobile Phone Use,1,0,0,1,10,0,High
2019,12,Friday,22,Punjab,Bahawalpur,Provincial Highway,Good,Clear,Street Light,Car/Taxi,1,Signal Violation,0,0,1,1,5,1,Medium
2019,11,Saturday,17,Balochistan,Gwadar,National Highway,Good,Rainy,Daylight,Rickshaw,1,Over Speeding,1,1,0,1,8,1,High
2021,3,Saturday,17,Punjab,Sheikhupura,National Highway,Poor,Clear,Daylight,Car/Taxi,2,Over Speeding,1,1,0,0,11,1,High
2018,2,Monday,8,KPK,Mansehra,National Highway,Good,Clear,Daylight,Motorcycle,2,Over Speeding,1,0,0,1,3,0,High
2023,4,Monday,16,Sindh,Sukkur,Rural Road,Under Repair,Dusty/Smoggy,Dawn/Dusk,Car/Taxi,3,Driver Fatigue,0,0,0,0,4,1,Medium
2023,11,Friday,11,Punjab,Bahawalpur,Rural Road,Average,Clear,Daylight,Motorcycle,2,Over Speeding,0,0,0,1,2,0,Medium
2021,9,Tuesday,21,Punjab,Lahore,National Highway,Poor,Clear,No Light,Rickshaw,3,Driver Fatigue,0,0,0,0,8,1,High
2020,5,Wednesday,10,Sindh,Hyderabad,National Highway,Poor,Extreme Heat,Daylight,Motorcycle,1,Mechanical Failure,0,0,0,0,2,0,Medium
2020,8,Monday,14,Balochistan,Chaman,Urban Road,Average,Clear,Daylight,Bus/Coach,4,Wrong Overtaking,0,0,0,0,3,1,Medium
2020,11,Monday,19,KPK,Peshawar,National Highway,Poor,Foggy,No Light,Truck/Lorry,2,Over Speeding,1,0,0,1,3,1,High
2023,11,Saturday,9,Sindh,Mirpur Khas,Provincial Highway,Poor,Rainy,Daylight,Car/Taxi,1,Signal Violation,1,1,0,1,2,0,Low
2022,1,Thursday,22,Sindh,Sukkur,Motorway,Average,Clear,No Light,Car/Taxi,2,Signal Violation,0,0,1,1,3,0,Medium
2021,11,Friday,13,Punjab,Faisalabad,Urban Road,Poor,Clear,Daylight,Motorcycle,1,Pedestrian Error,1,0,0,1,1,0,Low
2020,7,Tuesday,20,Punjab,Multan,Provincial Highway,Good,Clear,No Light,Car/Taxi,2,Over Speeding,1,0,0,0,2,0,Low
2023,3,Saturday,12,Punjab,Faisalabad,Motorway,Good,Clear,Daylight,Bus/Coach,3,Wrong Overtaking,1,1,0,0,10,2,High
2023,8,Monday,17,Punjab,Gujranwala,Provincial Highway,Good,Clear,Daylight,Car/Taxi,2,Over Speeding,1,0,0,0,2,0,Medium
2022,8,Sunday,17,Punjab,Bahawalpur,Urban Road,Under Repair,Dusty/Smoggy,Daylight,Rickshaw,1,Wrong Overtaking,1,1,0,0,0,0,Low
2023,9,Friday,17,Sindh,Larkana,Provincial Highway,Good,Clear,Daylight,Rickshaw,2,Wrong Overtaking,1,0,0,0,2,0,Low
2021,5,Friday,5,Punjab,Sargodha,Urban Road,Good,Clear,Street Light,Motorcycle,1,Mechanical Failure,0,0,1,0,1,0,Medium
2019,8,Sunday,14,Punjab,Gujranwala,Provincial Highway,Good,Clear,Daylight,Car/Taxi,1,Wrong Overtaking,0,1,0,0,1,0,Low
2021,6,Saturday,9,Sindh,Dadu,National Highway,Average,Clear,Daylight,Car/Taxi,4,Driver Fatigue,1,1,0,0,4,0,High
2022,12,Saturday,10,Sindh,Hyderabad,Provincial Highway,Good,Clear,Daylight,Motorcycle,1,Pedestrian Error,0,1,0,1,3,0,Medium
2023,12,Tuesday,21,Punjab,Faisalabad,Urban Road,Poor,Foggy,No Light,Car/Taxi,3,Signal Violation,0,0,0,1,4,1,Medium
2018,9,Friday,12,Islamabad,Islamabad,Provincial Highway,Poor,Foggy,Daylight,Truck/Lorry,1,Over Speeding,1,0,0,0,1,0,Medium
2023,2,Saturday,14,Punjab,Lahore,National Highway,Good,Clear,Daylight,Bicycle,2,Over Speeding,0,1,0,1,6,2,High
2018,11,Monday,22,Balochistan,Gwadar,National Highway,Good,Clear,Street Light,Truck/Lorry,2,Mechanical Failure,0,0,1,1,4,0,Medium
2021,8,Friday,8,Punjab,Bahawalpur,Motorway,Average,Clear,Street Light,Motorcycle,2,Driver Fatigue,1,0,0,0,7,0,High
2023,7,Thursday,22,Balochistan,Hub,Rural Road,Average,Clear,No Light,Van/Pickup,1,Wrong Overtaking,0,0,1,0,2,0,Low