year,month,day_of_week,hour_of_day,province,district,road_type,road_condition,weather_condition,lighting_condition,vehicle_type,vehicles_involved,accident_cause,is_rush_hour,is_weekend,is_night,is_foggy_month,num_injured,num_killed,severity
2023,1,Sunday,14,Punjab,Gujranwala,Provincial Highway,Good,Clear,Street Light,Bus/Coach,1,Road Condition,0,1,0,1,0,0,Low
2019,9,Sunday,16,KPK,Swat,Motorway,Poor,Clear,Daylight,Motorcycle,1,Mechanical Failure,0,1,0,0,10,2,High
2018,6,Tuesday,18,Punjab,Sargodha,Urban Road,Good,Clear,Daylight,Truck/Lorry,1,Mechanical Failure,1,0,0,0,0,0,Low
2023,12,Thursday,17,KPK,Dera Ismail Khan,Provincial Highway,Good,Clear,Street Light,Rickshaw,1,Drunk Driving,1,0,0,1,1,0,Low
2021,3,Monday,7,Punjab,Bahawalpur,Provincial Highway,Good,Clear,Daylight,Bus/Coach,2,Road Condition,1,0,0,0,0,0,Low
2018,7,Wednesday,9,Punjab,Sheikhupura,Rural Road,Average,Clear,No Light,Car/Taxi,3,Over Speeding,1,0,0,0,2,0,Low
2021,5,Tuesday,10,KPK,Mansehra,Provincial Highway,Good,Clear,Daylight,Bicycle,2,Wrong Overtaking,0,0,0,0,4,1,Medium
2022,1,Friday,8,Punjab,Sheikhupura,National Highway,Good,Clear,Daylight,Rickshaw,3,Wrong Overtaking,1,0,0,1,0,0,Low
2019,2,Monday,7,Islamabad,Islamabad,Urban Road,Average,Clear,Daylight,Motorcycle,2,Over Speeding,1,0,0,1,1,0,Medium
2018,12,Saturday,16,Punjab,Lahore,National Highway,Average,Clear,Dawn/Dusk,Van/Pickup,2,Wrong Overtaking,0,1,0,1,1,0,Medium
2020,7,Sunday,15,Sindh,Sukkur,Urban Road,Under Repair,Foggy,Daylight,Car/Taxi,2,Wrong Overtaking,0,1,0,0,1,2,Medium
2020,2,Tuesday,22,KPK,Peshawar,Urban Road,Under Repair,Clear,No Light,Car/Taxi,2,Wrong Overtaking,0,0,1,1,5,0,Medium
2019,7,Wednesday,13,Punjab,Gujranwala,Urban Road,Good,Clear,Dawn/Dusk,Car/Taxi,4,Over Speeding,1,0,0,0,0,0,Low
2023,6,Thursday,8,Punjab,Bahawalpur,Urban Road,Good,Dusty/Smoggy,Dawn/Dusk,Motorcycle,1,Drunk Driving,1,0,0,0,1,0,Medium
2019,8,Tuesday,7,KPK,Mansehra,Provincial Highway,Under Repair,Clear,Daylight,Truck/Lorry,1,Over Speeding,1,0,0,0,2,0,Medium
2019,11,Saturday,19,KPK,Dera Ismail Khan,Provincial Highway,Average,Clear,Dawn/Dusk,Motorcycle,1,Road Condition,1,1,0,1,1,0,Medium
2020,10,Saturday,21,Islamabad,Islamabad,National Highway,Good,Clear,No Light,Bus/Coach,4,Over Speeding,0,1,0,0,10,1,High
2023,12,Saturday,10,Punjab,Gujranwala,Urban Road,Good,Clear,Daylight,Rickshaw,2,Wrong Overtaking,0,1,0,1,2,0,Low
2019,1,Wednesday,5,Sindh,Karachi,Rural Road,Good,Foggy,Street Light,Truck/Lorry,1,Wrong Overtaking,0,0,1,1,5,0,Medium
2020,4,Thursday,21,Punjab,Lahore,National Highway,Good,Clear,No Light,Bus/Coach,2,Wrong Overtaking,0,0,0,0,3,0,Medium
2022,11,Saturday,7,Punjab,Gujranwala,Urban Road,Good,Extreme Heat,Daylight,Car/Taxi,2,Pedestrian Error,1,1,0,1,1,0,Low
2019,2,Sunday,13,KPK,Kohat,National Highway,Good,Clear,Daylight,Truck/Lorry,1,Driver Fatigue,1,1,0,1,7,1,High
2018,8,Monday,18,Punjab,Bahawalpur,Rural Road,Good,Clear,Daylight,Rickshaw,2,Signal Violation,1,0,0,0,0,0,Low
2023,6,Thursday,8,Sindh,Hyderabad,National Highway,Poor,Rainy,Daylight,Car/Taxi,2,Over Speeding,1,0,0,0,3,0,High
2021,5,Saturday,18,Punjab,Sargodha,National Highway,Good,Clear,Daylight,Car/Taxi,2,Over Speeding,1,1,0,0,1,1,Medium
2022,12,Tuesday,12,KPK,Kohat,Rural Road,Good,Foggy,Daylight,Motorcycle,3,Over Speeding,1,0,0,1,2,1,High
2020,9,Saturday,9,Balochistan,Turbat,National Highway,Average,Clear,Daylight,Van/Pickup,1,Pedestrian Error,1,1,0,0,1,0,Low
2020,5,Thursday,23,KPK,Kohat,Rural Road,Average,Extreme Heat,No Light,Rickshaw,2,Over Speeding,0,0,1,0,2,0,Low
2023,3,Monday,3,Sindh,Dadu,Rural Road,Average,Foggy,No Light,Car/Taxi,2,Pedestrian Error,0,0,1,0,2,0,Low
2022,5,Sunday,19,KPK,Kohat,Urban Road,Good,Clear,No Light,Motorcycle,2,Road Condition,1,1,0,0,0,0,Low
2023,12,Wednesday,9,Sindh,Mirpur Khas,National Highway,Average,Rainy,Daylight,Motorcycle,3,Mechanical Failure,1,0,0,1,2,0,Medium
2022,2,Monday,0,Punjab,Faisalabad,Rural Road,Good,Rainy,No Light,Motorcycle,2,Wrong Overtaking,0,0,1,1,5,1,High
2020,12,Wednesday,17,Punjab,Sheikhupura,National Highway,Under Repair,Clear,Daylight,Motorcycle,2,Over Speeding,1,0,0,1,3,2,High
2018,5,Sunday,17,Punjab,Faisalabad,Rural Road,Average,Rainy,Daylight,Motorcycle,1,Signal Violation,1,1,0,0,2,0,Medium
2019,12,Friday,7,Sindh,Mirpur Khas,Urban Road,Under Repair,Dusty/Smoggy,Daylight,Motorcycle,4,Over Speeding,1,0,0,1,4,0,Medium
2023,9,Thursday,13,KPK,Mardan,Provincial Highway,Good,Rainy,Daylight,Motorcycle,1,Pedestrian Error,1,0,0,0,5,0,Medium
2019,11,Thursday,20,Punjab,Faisalabad,National Highway,Good,Clear,No Light,Car/Taxi,1,Wrong Overtaking,1,0,0,1,1,0,Low
2018,12,Monday,15,Punjab,Sialkot,Provincial Highway,Good,Dusty/Smoggy,Daylight,Motorcycle,1,Signal Violation,0,0,0,1,5,2,Medium
2022,5,Sunday,16,Balochistan,Dera Bugti,National Highway,Poor,Foggy,Street Light,Car/Taxi,3,Signal Violation,0,1,0,0,2,0,Medium
2022,2,Friday,18,KPK,Abbottabad,Provincial Highway,Under Repair,Rainy,Daylight,Rickshaw,1,Mobile Phone Use,1,0,0,1,2,0,Low
2023,12,Saturday,6,KPK,Dera Ismail Khan,National Highway,Poor,Foggy,Daylight,Motorcycle,1,Signal Violation,0,1,0,1,4,1,High
2022,7,Thursday,5,Punjab,Sheikhupura,National Highway,Average,Foggy,Dawn/Dusk,Car/Taxi,3,Over Speeding,0,0,1,0,8,1,High
2023,7,Sunday,22,Punjab,Sialkot,Provincial Highway,Average,Foggy,No Light,Bus/Coach,2,Road Condition,0,1,1,0,4,0,High
2021,6,Friday,18,Punjab,Rahim Yar Khan,National Highway,Average,Clear,Daylight,Truck/Lorry,1,Road Condition,1,0,0,0,4,1,Medium
2023,9,Saturday,8,Punjab,Rahim Yar Khan,Urban Road,Poor,Extreme Heat,Street Light,Motorcycle,1,Mechanical Failure,1,1,0,0,2,0,Low
2019,11,Wednesday,11,Punjab,Faisalabad,Provincial Highway,Average,Foggy,Daylight,Rickshaw,2,Mechanical Failure,0,0,0,1,1,0,Low
2019,7,Friday,6,Sindh,Karachi,Urban Road,Good,Clear,Daylight,Car/Taxi,3,Over Speeding,0,0,0,0,4,0,Medium
2022,7,Monday,20,Punjab,Faisalabad,Urban Road,Poor,Extreme Heat,No Light,Car/Taxi,2,Wrong Overtaking,1,0,0,0,0,0,Low
2022,4,Tuesday,18,Punjab,Rahim Yar Khan,National Highway,Under Repair,Dusty/Smoggy,Daylight,Motorcycle,2,Over Speeding,1,0,0,0,4,2,High
2021,8,Thursday,8,Punjab,Sialkot,Urban Road,Poor,Clear,Daylight,Bicycle,2,Wrong Overtaking,1,0,0,0,3,1,Medium
2021,3,Thursday,8,Sindh,Hyderabad,National Highway,Average,Clear,Daylight,Bus/Coach,2,Signal Violation,1,0,0,0,11,0,High
2019,3,Tuesday,18,Sindh,Jacobabad,Rural Road,Average,Foggy,Daylight,Motorcycle,4,Road Condition,1,0,0,0,3,0,Medium
2022,8,Saturday,12,Sindh,Jacobabad,National Highway,Average,Rainy,Daylight,Car/Taxi,2,Over Speeding,1,1,0,0,5,0,Medium
2020,6,Thursday,9,Punjab,Lahore,National Highway,Good,Rainy,Daylight,Truck/Lorry,3,Pedestrian Error,1,0,0,0,2,0,Medium
2019,4,Wednesday,10,Punjab,Sialkot,Urban Road,Good,Clear,Daylight,Rickshaw,1,Wrong Overtaking,0,0,0,0,1,0,Low
2021,10,Tuesday,20,Punjab,Gujranwala,Provincial Highway,Average,Foggy,No Light,Bus/Coach,3,Over Speeding,1,0,0,0,4,1,High
2021,6,Monday,14,Punjab,Bahawalpur,Motorway,Under Repair,Rainy,Daylight,Bus/Coach,2,Mechanical Failure,0,0,0,0,4,0,Medium
2021,4,Friday,19,Balochistan,Chaman,Urban Road,Poor,Dusty/Smoggy,Street Light,Rickshaw,1,Over Speeding,1,0,0,0,1,0,Low
2019,11,Thursday,13,AJK,Muzaffarabad,National Highway,Good,Rainy,Daylight,Rickshaw,2,Wrong Overtaking,1,0,0,1,5,0,Medium
2022,6,Saturday,21,Sindh,Hyderabad,Urban Road,Poor,Rainy,Street Light,Motorcycle,1,Wrong Overtaking,0,1,0,0,10,4,High
2021,10,Friday,13,Balochistan,Quetta,Provincial Highway,Under Repair,Clear,Dawn/Dusk,Motorcycle,3,Signal Violation,1,0,0,0,9,0,High
2022,4,Tuesday,19,Sindh,Kashmore,National Highway,Average,Clear,Daylight,Car/Taxi,1,Drunk Driving,1,0,0,0,8,1,High
2023,7,Sunday,13,Punjab,Sialkot,National Highway,Poor,Clear,Daylight,Van/Pickup,2,Wrong Overtaking,1,1,0,0,1,1,Medium
2022,9,Saturday,11,Gilgit-Baltistan,Skardu,Rural Road,Average,Rainy,Daylight,Motorcycle,2,Over Speeding,0,1,0,0,3,0,Medium
2022,2,Friday,19,Punjab,Gujranwala,National Highway,Good,Foggy,Street Light,Bus/Coach,1,Wrong Overtaking,1,0,0,1,6,1,High
2021,9,Friday,19,KPK,Peshawar,Urban Road,Poor,Clear,Dawn/Dusk,Car/Taxi,2,Over Speeding,1,0,0,0,2,0,Medium
2020,3,Tuesday,10,Punjab,Lahore,Motorway,Under Repair,Clear,Daylight,Bus/Coach,3,Over Speeding,0,0,0,0,10,1,High
2022,10,Wednesday,19,Punjab,Gujranwala,Provincial Highway,Average,Clear,No Light,Car/Taxi,2,Over Speeding,1,0,0,0,1,0,Medium
2019,6,Thursday,16,Sindh,Nawabshah,Provincial Highway,Average,Rainy,Daylight,Rickshaw,1,Wrong Overtaking,0,0,0,0,2,2,Medium
2018,7,Sunday,8,Sindh,Jacobabad,Urban Road,Under Repair,Rainy,Daylight,Motorcycle,2,Road Condition,1,1,0,0,2,0,Low
2018,1,Saturday,18,Punjab,Multan,National Highway,Good,Rainy,Daylight,Motorcycle,2,Over Speeding,1,1,0,1,8,0,High
2022,11,Wednesday,7,Punjab,Multan,Rural Road,Average,Foggy,Daylight,Motorcycle,1,Signal Violation,1,0,0,1,2,1,Medium
2021,3,Thursday,21,Punjab,Gujranwala,Rural Road,Good,Clear,No Light,Motorcycle,1,Mobile Phone Use,0,0,0,0,0,0,Low
2021,1,Monday,13,Islamabad,Islamabad,Provincial Highway,Average,Clear,Daylight,Motorcycle,4,Wrong Overtaking,1,0,0,1,3,0,Medium
2020,12,Tuesday,16,KPK,Mansehra,Rural Road,Good,Clear,Daylight,Motorcycle,2,Drunk Driving,0,0,0,1,1,1,Medium
2018,3,Saturday,6,Sindh,Thatta,Rural Road,Average,Rainy,Dawn/Dusk,Truck/Lorry,2,Over Speeding,0,1,0,0,1,0,Medium
2018,2,Friday,6,Punjab,Sheikhupura,Provincial Highway,Good,Dusty/Smoggy,Daylight,Truck/Lorry,2,Over Speeding,0,0,0,1,5,3,High
2023,7,Saturday,18,KPK,Nowshera,Rural Road,Poor,Clear,Daylight,Motorcycle,2,Over Speeding,1,1,0,0,9,1,High
2019,12,Monday,23,Punjab,Rahim Yar Khan,Urban Road,Under Repair,Foggy,No Light,Motorcycle,1,Over Speeding,0,0,1,1,2,1,High
2022,12,Saturday,21,Punjab,Rawalpindi,Provincial Highway,Good,Foggy,Street Light,Van/Pickup,3,Over Speeding,0,1,0,1,5,0,High
2022,7,Wednesday,17,Punjab,Sialkot,Urban Road,Poor,Clear,Daylight,Rickshaw,2,Over Speeding,1,0,0,0,1,0,Low
2018,1,Saturday,14,Balochistan,Sibi,Provincial Highway,Poor,Foggy,Daylight,Other,3,Road Condition,0,1,0,1,2,0,Low
2020,2,Thursday,12,Punjab,Sialkot,National Highway,Good,Clear,Daylight,Motorcycle,2,Mechanical Failure,1,0,0,1,11,2,High
2022,1,Wednesday,18,Punjab,Rahim Yar Khan,Provincial Highway,Poor,Clear,Street Light,Motorcycle,4,Signal Violation,1,0,0,1,2,1,Medium
2023,11,Friday,8,Sindh,Thatta,Urban Road,Average,Rainy,Daylight,Car/Taxi,3,Road Condition,1,0,0,1,0,0,Low
2019,6,Sunday,17,Punjab,Bahawalpur,National Highway,Under Repair,Clear,Daylight,Motorcycle,2,Over Speeding,1,1,0,0,5,0,High
2018,4,Thursday,16,Sindh,Larkana,Rural Road,Good,Clear,Daylight,Bus/Coach,2,Over Speeding,0,0,0,0,3,0,Medium
2020,7,Friday,8,Sindh,Jacobabad,Urban Road,Good,Dusty/Smoggy,Daylight,Bus/Coach,3,Mechanical Failure,1,0,0,0,1,0,Low
2023,2,Friday,18,Sindh,Jacobabad,Provincial Highway,Good,Rainy,Daylight,Motorcycle,1,Wrong Overtaking,1,0,0,1,4,1,High
2023,12,Wednesday,16,Punjab,Sargodha,Rural Road,Average,Clear,Daylight,Bus/Coach,1,Signal Violation,0,0,0,1,0,0,Low
2019,8,Sunday,12,Punjab,Bahawalpur,Urban Road,Poor,Rainy,Daylight,Bus/Coach,2,Mechanical Failure,1,1,0,0,1,0,Medium
2022,2,Tuesday,20,KPK,Mardan,Provincial Highway,Good,Dusty/Smoggy,Street Light,Car/Taxi,1,Signal Violation,1,0,0,1,1,0,Low
2018,6,Thursday,8,Balochistan,Turbat,Provincial Highway,Average,Clear,Street Light,Motorcycle,2,Mechanical Failure,1,0,0,0,1,2,Medium
2022,2,Tuesday,8,Punjab,Sialkot,Provincial Highway,Good,Clear,Daylight,Bus/Coach,2,Over Speeding,1,0,0,1,3,0,Medium
2023,12,Thursday,7,Punjab,Sialkot,National Highway,Good,Foggy,Street Light,Rickshaw,1,Road Condition,1,0,0,1,3,0,Medium
2018,7,Saturday,22,Punjab,Gujranwala,Urban Road,Good,Clear,Street Light,Motorcycle,1,Mobile Phone Use,0,1,1,0,2,0,Medium
2023,3,Friday,13,Sindh,Hyderabad,National Highway,Poor,Foggy,Daylight,Car/Taxi,1,Drunk Driving,1,0,0,0,5,0,Medium
2023,12,Sunday,19,KPK,Charsadda,National Highway,Under Repair,Clear,Daylight,Bus/Coach,2,Pedestrian Error,1,1,0,1,3,0,Medium
2019,8,Sunday,9,Punjab,Rawalpindi,Urban Road,Average,Clear,Dawn/Dusk,Car/Taxi,1,Wrong Overtaking,1,1,0,0,2,0,Low
2018,1,Thursday,9,KPK,Peshawar,National Highway,Good,Dusty/Smoggy,Dawn/Dusk,Motorcycle,1,Drunk Driving,1,0,0,1,9,1,High
2020,1,Tuesday,18,KPK,Peshawar,Rural Road,Average,Clear,Street Light,Bus/Coach,1,Wrong Overtaking,1,0,0,1,1,0,Low
2022,1,Saturday,5,Islamabad,Islamabad,Provincial Highway,Good,Clear,Dawn/Dusk,Truck/Lorry,3,Over Speeding,0,1,1,1,3,2,High
2021,8,Thursday,20,Punjab,Sargodha,National Highway,Poor,Clear,No Light,Motorcycle,3,Wrong Overtaking,1,0,0,0,9,2,High
2021,7,Tuesday,2,Punjab,Sargodha,Provincial Highway,Good,Foggy,No Light,Motorcycle,3,Signal Violation,0,0,1,0,10,2,High
2021,5,Monday,16,Punjab,Sialkot,Provincial Highway,Good,Rainy,Daylight,Motorcycle,1,Over Speeding,0,0,0,0,8,0,High
2018,7,Sunday,20,Balochistan,Zhob,National Highway,Good,Rainy,No Light,Van/Pickup,4,Over Speeding,1,1,0,0,11,1,High
2022,3,Saturday,20,KPK,Kohat,Rural Road,Under Repair,Foggy,Street Light,Car/Taxi,3,Wrong Overtaking,1,1,0,0,1,0,Low
2023,1,Friday,13,Sindh,Nawabshah,National Highway,Good,Rainy,Dawn/Dusk,Motorcycle,2,Over Speeding,1,0,0,1,5,4,High
2022,12,Sunday,18,Punjab,Faisalabad,Provincial Highway,Average,Dusty/Smoggy,Daylight,Rickshaw,1,Mobile Phone Use,1,1,0,1,0,0,Low
2018,9,Saturday,5,Punjab,Gujranwala,Urban Road,Good,Clear,Dawn/Dusk,Car/Taxi,3,Mechanical Failure,0,1,1,0,2,0,Low
2022,3,Wednesday,8,Punjab,Faisalabad,Urban Road,Good,Clear,Daylight,Car/Taxi,4,Over Speeding,1,0,0,0,1,0,Low
2021,12,Monday,21,Sindh,Sukkur,Provincial Highway,Average,Clear,No Light,Van/Pickup,1,Wrong Overtaking,0,0,0,1,1,0,Low
2022,12,Sunday,19,Punjab,Gujranwala,National Highway,Good,Rainy,Dawn/Dusk,Car/Taxi,3,Wrong Overtaking,1,1,0,1,11,0,High
2023,4,Thursday,18,Punjab,Lahore,National Highway,Good,Clear,Daylight,Motorcycle,4,Road Condition,1,0,0,0,1,1,Medium
2023,3,Saturday,22,KPK,Abbottabad,Rural Road,Good,Clear,No Light,Motorcycle,2,Wrong Overtaking,0,1,1,0,2,0,Medium
2023,6,Friday,22,Punjab,Rahim Yar Khan,Rural Road,Poor,Clear,Street Light,Motorcycle,2,Pedestrian Error,0,0,1,0,3,0,Medium
2021,3,Monday,8,Sindh,Nawabshah,National Highway,Good,Clear,No Light,Car/Taxi,3,Over Speeding,1,0,0,0,6,1,High
2022,8,Thursday,7,Punjab,Faisalabad,National Highway,Under Repair,Dusty/Smoggy,Daylight,Motorcycle,1,Over Speeding,1,0,0,0,8,0,High
2023,3,Thursday,11,KPK,Abbottabad,Motorway,Good,Foggy,Dawn/Dusk,Truck/Lorry,4,Driver Fatigue,0,0,0,0,10,2,High
2018,6,Thursday,19,Sindh,Dadu,Rural Road,Average,Clear,Dawn/Dusk,Van/Pickup,2,Driver Fatigue,1,0,0,0,1,0,Low
2022,7,Tuesday,15,Balochistan,Chaman,Urban Road,Poor,Clear,Street Light,Car/Taxi,3,Wrong Overtaking,0,0,0,0,1,0,Low
2020,7,Monday,1,Sindh,Sukkur,Provincial Highway,Good,Foggy,Street Light,Rickshaw,2,Over Speeding,0,0,1,0,5,1,High
2023,9,Wednesday,14,Islamabad,Islamabad,National Highway,Average,Clear,Daylight,Car/Taxi,3,Road Condition,0,0,0,0,2,0,Low
2022,8,Thursday,6,Balochistan,Loralai,Provincial Highway,Good,Clear,Daylight,Car/Taxi,1,Mobile Phone Use,0,0,0,0,2,0,Low
2018,2,Tuesday,22,Sindh,Larkana,Rural Road,Average,Foggy,No Light,Bus/Coach,2,Over Speeding,0,0,1,1,5,0,Medium
2022,2,Saturday,11,Islamabad,Islamabad,Urban Road,Average,Clear,Street Light,Truck/Lorry,2,Mechanical Failure,0,1,0,1,1,0,Low
2021,7,Monday,10,Punjab,Sargodha,Rural Road,Under Repair,Clear,Daylight,Car/Taxi,2,Over Speeding,0,0,0,0,2,0,Low
2022,9,Wednesday,15,Punjab,Gujranwala,Rural Road,Average,Foggy,Daylight,Motorcycle,2,Signal Violation,0,0,0,0,1,0,Medium
2023,12,Monday,12,Punjab,Faisalabad,Provincial Highway,Average,Clear,Daylight,Car/Taxi,3,Drunk Driving,1,0,0,1,4,0,Medium
2018,2,Sunday,8,Sindh,Nawabshah,National Highway,Good,Foggy,Daylight,Motorcycle,2,Driver Fatigue,1,1,0,1,11,1,High
2020,10,Wednesday,17,KPK,Peshawar,Rural Road,Good,Clear,Daylight,Motorcycle,4,Over Speeding,1,0,0,0,3,1,Medium
2021,2,Monday,15,KPK,Mansehra,Rural Road,Average,Clear,No Light,Car/Taxi,2,Road Condition,0,0,0,1,2,0,Low
2023,7,Thursday,16,Punjab,Lahore,Provincial Highway,Good,Clear,Dawn/Dusk,Motorcycle,1,Driver Fatigue,0,0,0,0,3,0,High
2019,8,Saturday,9,Sindh,Sukkur,Rural Road,Average,Clear,Dawn/Dusk,Car/Taxi,1,Wrong Overtaking,1,1,0,0,1,1,Low
2021,11,Tuesday,17,Punjab,Rahim Yar Khan,Provincial Highway,Good,Clear,Dawn/Dusk,Car/Taxi,2,Signal Violation,1,0,0,1,2,0,Low
2023,8,Friday,18,KPK,Nowshera,Urban Road,Good,Clear,Daylight,Truck/Lorry,1,Over Speeding,1,0,0,0,4,0,Medium
2022,10,Thursday,12,Punjab,Faisalabad,Provincial Highway,Good,Foggy,Daylight,Motorcycle,3,Driver Fatigue,1,0,0,0,6,1,High
2022,6,Sunday,11,Balochistan,Sibi,Rural Road,Average,Foggy,Daylight,Motorcycle,4,Signal Violation,0,1,0,0,6,0,High
2019,8,Wednesday,12,Punjab,Rawalpindi,National Highway,Average,Clear,Street Light,Car/Taxi,3,Wrong Overtaking,1,0,0,0,3,0,Medium
2020,7,Monday,9,Punjab,Rawalpindi,Urban Road,Good,Dusty/Smoggy,Daylight,Motorcycle,1,Signal Violation,1,0,0,0,2,0,Low
2022,6,Wednesday,20,Balochistan,Loralai,National Highway,Good,Clear,No Light,Rickshaw,3,Signal Violation,1,0,0,0,2,0,Low
2018,2,Saturday,20,Sindh,Karachi,National Highway,Poor,Foggy,Street Light,Car/Taxi,1,Pedestrian Error,1,1,0,1,1,0,Low
2019,11,Sunday,19,Punjab,Gujranwala,Urban Road,Good,Extreme Heat,No Light,Motorcycle,2,Road Condition,1,1,0,1,4,0,Medium
2019,11,Sunday,19,Sindh,Kashmore,Urban Road,Under Repair,Clear,Daylight,Car/Taxi,2,Pedestrian Error,1,1,0,1,2,0,Low
2023,6,Friday,13,Punjab,Rawalpindi,Motorway,Poor,Clear,Daylight,Car/Taxi,1,Signal Violation,1,0,0,0,2,0,Low
2019,5,Friday,11,AJK,Muzaffarabad,National Highway,Good,Clear,Daylight,Car/Taxi,3,Over Speeding,0,0,0,0,2,0,Medium
2019,9,Thursday,15,Sindh,Jacobabad,National Highway,Poor,Foggy,Daylight,Rickshaw,2,Over Speeding,0,0,0,0,4,1,High
2019,7,Friday,2,Punjab,Rahim Yar Khan,Motorway,Average,Clear,Street Light,Car/Taxi,3,Wrong Overtaking,0,0,1,0,5,0,Medium
2023,8,Tuesday,14,Sindh,Jacobabad,National Highway,Poor,Foggy,Daylight,Motorcycle,2,Signal Violation,0,0,0,0,11,2,High
2020,12,Thursday,13,Punjab,Sheikhupura,Urban Road,Under Repair,Dusty/Smoggy,Daylight,Motorcycle,1,Drunk Driving,1,0,0,1,3,2,Medium
2020,6,Sunday,18,KPK,Nowshera,Urban Road,Under Repair,Clear,No Light,Car/Taxi,3,Drunk Driving,1,1,0,0,4,1,Medium
2022,4,Sunday,21,Islamabad,Islamabad,Rural Road,Good,Foggy,No Light,Motorcycle,2,Wrong Overtaking,0,1,0,0,5,1,Medium
2022,6,Wednesday,8,Balochistan,Gwadar,Provincial Highway,Good,Rainy,Daylight,Car/Taxi,3,Signal Violation,1,0,0,0,0,0,Low
2023,5,Tuesday,23,Punjab,Rawalpindi,National Highway,Average,Rainy,No Light,Car/Taxi,2,Mechanical Failure,0,0,1,0,10,2,High
2021,12,Friday,19,Punjab,Sialkot,National Highway,Average,Extreme Heat,No Light,Motorcycle,1,Over Speeding,1,0,0,1,6,0,High
2020,2,Tuesday,1,Punjab,Sialkot,National Highway,Average,Clear,Street Light,Van/Pickup,3,Driver Fatigue,0,0,1,1,10,2,High
2019,2,Thursday,19,Sindh,Hyderabad,Urban Road,Average,Foggy,Dawn/Dusk,Motorcycle,1,Wrong Overtaking,1,0,0,1,3,0,Medium
2018,5,Friday,22,Sindh,Jacobabad,Provincial Highway,Under Repair,Rainy,No Light,Motorcycle,4,Wrong Overtaking,0,0,1,0,4,4,High
2019,1,Tuesday,19,Sindh,Karachi,Rural Road,Average,Dusty/Smoggy,Street Light,Rickshaw,1,Wrong Overtaking,1,0,0,1,2,0,Low
2018,12,Saturday,20,Balochistan,Sibi,Provincial Highway,Average,Rainy,No Light,Motorcycle,2,Wrong Overtaking,1,1,0,1,3,0,Medium
2018,10,Wednesday,7,Punjab,Faisalabad,Provincial Highway,Average,Clear,Daylight,Rickshaw,1,Mechanical Failure,1,0,0,0,2,0,Low
2019,6,Thursday,7,Punjab,Rawalpindi,Motorway,Good,Clear,Daylight,Motorcycle,4,Road Condition,1,0,0,0,4,0,Medium
2021,3,Sunday,16,Punjab,Sialkot,Provincial Highway,Poor,Clear,Daylight,Motorcycle,2,Pedestrian Error,0,1,0,0,2,0,Medium
2020,7,Monday,8,Punjab,Sargodha,Rural Road,Poor,Extreme Heat,Daylight,Motorcycle,1,Mobile Phone Use,1,0,0,0,2,0,Low
2019,7,Monday,21,Punjab,Lahore,Urban Road,Average,Clear,No Light,Rickshaw,2,Road Condition,0,0,0,0,0,0,Low
2018,8,Sunday,1,Sindh,Sukkur,National Highway,Under Repair,Rainy,Street Light,Truck/Lorry,2,Signal Violation,0,1,1,0,8,2,High
2018,6,Tuesday,20,Punjab,Sialkot,Provincial Highway,Average,Rainy,No Light,Truck/Lorry,1,Over Speeding,1,0,0,0,11,0,High
2023,6,Friday,23,Punjab,Multan,National Highway,Good,Foggy,Street Light,Bus/Coach,1,Road Condition,0,0,1,0,4,0,High
2023,7,Thursday,18,KPK,Kohat,National Highway,Good,Clear,Daylight,Car/Taxi,1,Signal Violation,1,0,0,0,5,0,Medium
2018,8,Tuesday,21,Punjab,Rawalpindi,Motorway,Good,Rainy,Street Light,Motorcycle,2,Pedestrian Error,0,0,0,0,7,2,High
2019,7,Saturday,23,KPK,Charsadda,National Highway,Poor,Clear,Street Light,Motorcycle,2,Wrong Overtaking,0,1,1,0,4,1,High
2020,9,Sunday,10,Punjab,Lahore,Motorway,Good,Foggy,Street Light,Bus/Coach,3,Road Condition,0,1,0,0,2,2,High
2022,3,Saturday,8,Sindh,Kashmore,Urban Road,Average,Extreme Heat,Daylight,Other,2,Over Speeding,1,1,0,0,0,0,Low
2023,4,Wednesday,18,Islamabad,Islamabad,Rural Road,Poor,Rainy,Daylight,Van/Pickup,1,Wrong Overtaking,1,0,0,0,0,0,Low
2020,8,Thursday,13,Punjab,Sargodha,National Highway,Average,Dusty/Smoggy,Dawn/Dusk,Rickshaw,3,Drunk Driving,1,0,0,0,4,1,Medium
2023,6,Sunday,13,Sindh,Hyderabad,Provincial Highway,Good,Clear,Daylight,Bicycle,1,Pedestrian Error,1,1,0,0,4,1,Medium
2021,12,Wednesday,12,Balochistan,Chaman,Rural Road,Good,Clear,Daylight,Truck/Lorry,2,Signal Violation,1,0,0,1,2,1,Medium
2021,7,Friday,18,Sindh,Sukkur,Rural Road,Under Repair,Foggy,Daylight,Bus/Coach,2,Road Condition,1,0,0,0,2,0,Low
2018,10,Saturday,6,Punjab,Multan,Urban Road,Average,Rainy,Daylight,Rickshaw,2,Pedestrian Error,0,1,0,0,2,0,Low
2021,9,Saturday,12,Punjab,Faisalabad,National Highway,Average,Foggy,Daylight,Truck/Lorry,1,Road Condition,1,1,0,0,4,1,Medium
2019,12,Sunday,10,KPK,Kohat,Provincial Highway,Poor,Dusty/Smoggy,No Light,Truck/Lorry,2,Signal Violation,0,1,0,1,0,0,Low
2023,3,Tuesday,20,Balochistan,Sibi,Provincial Highway,Good,Clear,No Light,Truck/Lorry,2,Over Speeding,1,0,0,0,3,1,Medium