year,month,day_of_week,hour_of_day,province,district,road_type,road_condition,weather_condition,lighting_condition,vehicle_type,vehicles_involved,accident_cause,is_rush_hour,is_weekend,is_night,is_foggy_month,num_injured,num_killed,severity
2021,8,Thursday,12,Punjab,Multan,Rural Road,Average,Clear,Daylight,Car/Taxi,1,Over Speeding,1,0,0,0,1,0,Low
2023,7,Monday,16,Punjab,Sargodha,Urban Road,Good,Rainy,Dawn/Dusk,Motorcycle,3,Signal Violation,0,0,0,0,2,0,Medium
2022,3,Thursday,9,Punjab,Bahawalpur,Provincial Highway,Poor,Clear,Street Light,Car/Taxi,4,Signal Violation,1,0,0,0,1,0,Low
2019,7,Thursday,9,Punjab,Rahim Yar Khan,Provincial Highway,Poor,Rainy,Daylight,Rickshaw,1,Over Speeding,1,0,0,0,8,0,High
2023,10,Friday,17,Punjab,Lahore,Rural Road,Poor,Clear,Daylight,Bus/Coach,3,Wrong Overtaking,1,0,0,0,2,0,Low
2023,6,Wednesday,8,Punjab,Sialkot,Urban Road,Good,Clear,Daylight,Car/Taxi,2,Driver Fatigue,1,0,0,0,0,0,Low
2023,6,Friday,12,Punjab,Gujranwala,Urban Road,Poor,Clear,Daylight,Rickshaw,2,Signal Violation,1,0,0,0,0,0,Low
2019,8,Monday,7,Punjab,Rahim Yar Khan,Provincial Highway,Average,Extreme Heat,Daylight,Car/Taxi,2,Over Speeding,1,0,0,0,0,0,Low
2020,6,Saturday,20,Islamabad,Islamabad,Provincial Highway,Under Repair,Dusty/Smoggy,No Light,Car/Taxi,2,Road Condition,1,1,0,0,2,1,Low
2022,11,Sunday,15,Punjab,Rahim Yar Khan,Provincial Highway,Good,Clear,Daylight,Motorcycle,2,Over Speeding,0,1,0,1,1,0,Medium
2023,9,Saturday,7,Punjab,Lahore,Rural Road,Average,Clear,Daylight,Car/Taxi,3,Over Speeding,1,1,0,0,3,0,Medium
2020,10,Friday,16,Punjab,Sheikhupura,National Highway,Good,Clear,Daylight,Car/Taxi,3,Mechanical Failure,0,0,0,0,0,0,Low
2023,5,Saturday,19,Islamabad,Islamabad,Provincial Highway,Average,Clear,Street Light,Bus/Coach,1,Over Speeding,1,1,0,0,8,2,High
2018,5,Saturday,13,KPK,Dera Ismail Khan,Urban Road,Poor,Foggy,Street Light,Truck/Lorry,2,Pedestrian Error,1,1,0,0,2,0,Low
2018,4,Sunday,17,KPK,Nowshera,Rural Road,Good,Clear,Daylight,Car/Taxi,3,Wrong Overtaking,1,1,0,0,0,0,Low
2018,6,Thursday,12,Punjab,Lahore,Motorway,Average,Dusty/Smoggy,Daylight,Car/Taxi,2,Driver Fatigue,1,0,0,0,2,1,Medium
2019,5,Saturday,9,KPK,Mardan,Motorway,Good,Clear,Street Light,Car/Taxi,4,Over Speeding,1,1,0,0,8,2,High
2023,1,Monday,11,Punjab,Multan,Provincial Highway,Poor,Clear,Daylight,Bus/Coach,3,Signal Violation,0,0,0,1,0,0,Low
2020,2,Friday,17,Punjab,Rahim Yar Khan,Rural Road,Good,Clear,Daylight,Motorcycle,1,Pedestrian Error,1,0,0,1,2,0,Low
2020,4,Friday,7,Sindh,Dadu,Provincial Highway,Average,Clear,Street Light,Car/Taxi,2,Over Speeding,1,0,0,0,3,0,Medium
2023,12,Saturday,19,KPK,Mardan,Provincial Highway,Poor,Rainy,Dawn/Dusk,Car/Taxi,4,Road Condition,1,1,0,1,0,0,Low
2020,6,Friday,20,KPK,Peshawar,Rural Road,Good,Clear,No Light,Bicycle,3,Signal Violation,1,0,0,0,3,0,Medium
2022,11,Thursday,13,Balochistan,Quetta,Urban Road,Poor,Clear,Daylight,Rickshaw,3,Signal Violation,1,0,0,1,1,0,Low
2020,1,Friday,10,Islamabad,Islamabad,Urban Road,Good,Dusty/Smoggy,Daylight,Bus/Coach,3,Road Condition,0,0,0,1,1,0,Low
2018,9,Sunday,6,Punjab,Sheikhupura,National Highway,Poor,Clear,Daylight,Motorcycle,2,Over Speeding,0,1,0,0,3,1,High
2018,11,Sunday,21,Sindh,Karachi,Provincial Highway,Good,Clear,No Light,Car/Taxi,1,Over Speeding,0,1,0,1,3,0,Medium
2022,12,Thursday,17,Punjab,Multan,National Highway,Good,Dusty/Smoggy,Street Light,Motorcycle,4,Wrong Overtaking,1,0,0,1,3,3,High
2021,2,Tuesday,18,Balochistan,Hub,National Highway,Under Repair,Foggy,Daylight,Motorcycle,2,Over Speeding,1,0,0,1,6,2,High
2018,1,Wednesday,7,Punjab,Sialkot,Urban Road,Average,Clear,No Light,Motorcycle,1,Pedestrian Error,1,0,0,1,2,0,Medium
2023,1,Friday,11,Balochistan,Zhob,National Highway,Poor,Clear,Daylight,Rickshaw,4,Pedestrian Error,0,0,0,1,0,0,Low
2018,6,Thursday,12,Punjab,Rawalpindi,Provincial Highway,Poor,Clear,Street Light,Motorcycle,1,Over Speeding,1,0,0,0,5,0,Medium
2021,12,Sunday,20,Punjab,Sargodha,Provincial Highway,Good,Foggy,Street Light,Rickshaw,3,Road Condition,1,1,0,1,5,0,Medium
2023,12,Friday,8,Punjab,Bahawalpur,Urban Road,Poor,Clear,Daylight,Motorcycle,2,Wrong Overtaking,1,0,0,1,5,0,Medium
2019,4,Sunday,19,Punjab,Lahore,Urban Road,Good,Clear,Dawn/Dusk,Motorcycle,1,Over Speeding,1,1,0,0,7,4,High
2021,8,Monday,17,Balochistan,Sibi,Urban Road,Under Repair,Clear,Daylight,Car/Taxi,1,Signal Violation,1,0,0,0,0,0,Low
2023,6,Wednesday,18,Punjab,Sialkot,National Highway,Under Repair,Extreme Heat,No Light,Car/Taxi,2,Wrong Overtaking,1,0,0,0,3,1,Medium
2021,3,Monday,18,Punjab,Lahore,Urban Road,Average,Clear,Daylight,Rickshaw,2,Signal Violation,1,0,0,0,1,0,Low
2022,5,Saturday,23,Punjab,Sheikhupura,Urban Road,Average,Clear,Street Light,Car/Taxi,1,Wrong Overtaking,0,1,1,0,2,0,Low
2020,1,Saturday,19,Punjab,Multan,Provincial Highway,Good,Clear,Dawn/Dusk,Motorcycle,3,Wrong Overtaking,1,1,0,1,4,1,Medium
2022,5,Saturday,1,Punjab,Sheikhupura,National Highway,Good,Rainy,No Light,Car/Taxi,2,Wrong Overtaking,0,1,1,0,11,4,High
2020,4,Wednesday,6,Punjab,Rahim Yar Khan,Rural Road,Poor,Clear,Daylight,Van/Pickup,2,Over Speeding,0,0,0,0,0,0,Low
2020,5,Sunday,17,Balochistan,Hub,Provincial Highway,Average,Foggy,Daylight,Rickshaw,4,Signal Violation,1,1,0,0,0,0,Low
2018,12,Sunday,11,Sindh,Nawabshah,Provincial Highway,Good,Rainy,Daylight,Car/Taxi,3,Over Speeding,0,1,0,1,9,1,High
2020,11,Thursday,13,Punjab,Sheikhupura,Rural Road,Average,Clear,Daylight,Car/Taxi,1,Over Speeding,1,0,0,1,5,1,Medium
2021,8,Tuesday,17,Sindh,Nawabshah,National Highway,Average,Foggy,Daylight,Motorcycle,2,Mechanical Failure,1,0,0,0,4,0,Medium
2021,3,Monday,14,Punjab,Lahore,Provincial Highway,Poor,Clear,Daylight,Bicycle,1,Road Condition,0,0,0,0,5,0,Medium
2018,11,Monday,7,Punjab,Lahore,Urban Road,Good,Clear,Daylight,Bicycle,2,Road Condition,1,0,0,1,1,0,Medium
2018,8,Wednesday,8,Sindh,Hyderabad,Rural Road,Good,Dusty/Smoggy,Daylight,Rickshaw,2,Road Condition,1,0,0,0,0,0,Low
2021,12,Thursday,18,Punjab,Faisalabad,Rural Road,Average,Rainy,Daylight,Bus/Coach,1,Signal Violation,1,0,0,1,2,0,Medium
2022,2,Friday,12,KPK,Mansehra,Rural Road,Poor,Clear,Street Light,Truck/Lorry,1,Signal Violation,1,0,0,1,2,0,Low
2022,11,Saturday,15,Sindh,Kashmore,Rural Road,Good,Foggy,Daylight,Truck/Lorry,3,Driver Fatigue,0,1,0,1,5,0,Medium
2018,3,Friday,9,KPK,Dera Ismail Khan,National Highway,Average,Foggy,Daylight,Motorcycle,1,Road Condition,1,0,0,0,6,0,High
2020,4,Saturday,7,Islamabad,Islamabad,Provincial Highway,Average,Clear,Daylight,Bus/Coach,2,Over Speeding,1,1,0,0,5,2,Medium
2020,10,Wednesday,21,Punjab,Gujranwala,Motorway,Good,Clear,No Light,Motorcycle,1,Over Speeding,0,0,0,0,2,0,High
2023,5,Thursday,19,Punjab,Sargodha,National Highway,Poor,Foggy,Dawn/Dusk,Motorcycle,1,Wrong Overtaking,1,0,0,0,7,1,High
2021,11,Saturday,20,Punjab,Bahawalpur,Motorway,Good,Rainy,No Light,Motorcycle,2,Wrong Overtaking,1,1,0,1,10,3,High
2019,2,Wednesday,11,Punjab,Rahim Yar Khan,National Highway,Good,Dusty/Smoggy,No Light,Rickshaw,1,Road Condition,0,0,0,1,0,1,Low
2022,8,Saturday,6,KPK,Dera Ismail Khan,Rural Road,Average,Clear,Daylight,Bus/Coach,1,Pedestrian Error,0,1,0,0,2,0,Low
2023,12,Wednesday,23,KPK,Dera Ismail Khan,Urban Road,Average,Clear,No Light,Motorcycle,2,Over Speeding,0,0,1,1,10,3,High
2019,10,Wednesday,21,Sindh,Kashmore,National Highway,Good,Clear,Street Light,Truck/Lorry,1,Wrong Overtaking,0,0,0,0,3,1,High
2020,6,Wednesday,18,Sindh,Sukkur,Motorway,Average,Clear,Daylight,Car/Taxi,1,Driver Fatigue,1,0,0,0,2,0,Medium
2020,10,Saturday,21,Punjab,Sheikhupura,Urban Road,Average,Clear,No Light,Motorcycle,3,Signal Violation,0,1,0,0,5,0,Medium
2023,12,Saturday,10,Sindh,Karachi,Rural Road,Good,Clear,Daylight,Motorcycle,1,Mobile Phone Use,0,1,0,1,2,0,Low
2023,12,Tuesday,23,KPK,Abbottabad,Provincial Highway,Poor,Dusty/Smoggy,Street Light,Car/Taxi,1,Mobile Phone Use,0,0,1,1,0,1,Low
2023,3,Sunday,16,Sindh,Hyderabad,Urban Road,Good,Foggy,Daylight,Bicycle,1,Road Condition,0,1,0,0,5,1,Medium
2020,4,Friday,20,Punjab,Sialkot,Provincial Highway,Average,Foggy,Street Light,Car/Taxi,1,Over Speeding,1,0,0,0,4,0,Medium
2019,4,Sunday,8,KPK,Peshawar,Motorway,Average,Extreme Heat,Daylight,Car/Taxi,2,Road Condition,1,1,0,0,2,0,Medium
2023,3,Saturday,2,Punjab,Bahawalpur,Urban Road,Poor,Clear,No Light,Motorcycle,2,Signal Violation,0,1,1,0,2,4,High
2022,6,Saturday,11,Sindh,Kashmore,Urban Road,Good,Dusty/Smoggy,Daylight,Motorcycle,1,Mobile Phone Use,0,1,0,0,5,0,Medium
2021,2,Tuesday,16,Sindh,Kashmore,Provincial Highway,Poor,Clear,Daylight,Car/Taxi,3,Over Speeding,0,0,0,1,2,1,Medium
2023,3,Monday,20,Punjab,Rawalpindi,Rural Road,Good,Foggy,Street Light,Car/Taxi,2,Over Speeding,1,0,0,0,3,2,Medium
2018,7,Friday,14,KPK,Mansehra,Provincial Highway,Poor,Clear,Dawn/Dusk,Motorcycle,3,Road Condition,0,0,0,0,1,0,Low
2022,1,Saturday,10,Balochistan,Turbat,Rural Road,Good,Clear,Street Light,Motorcycle,4,Signal Violation,0,1,0,1,3,0,Medium
2023,1,Sunday,20,Punjab,Gujranwala,Provincial Highway,Good,Rainy,Street Light,Motorcycle,2,Signal Violation,1,1,0,1,2,1,High
2021,10,Thursday,6,Islamabad,Islamabad,Provincial Highway,Average,Clear,Daylight,Motorcycle,1,Wrong Overtaking,0,0,0,0,3,1,Medium
2019,6,Sunday,7,Sindh,Hyderabad,Rural Road,Good,Clear,Daylight,Car/Taxi,3,Mechanical Failure,1,1,0,0,0,0,Low
2018,2,Sunday,15,KPK,Nowshera,Urban Road,Poor,Clear,Daylight,Truck/Lorry,2,Wrong Overtaking,0,1,0,1,1,0,Low
2020,4,Wednesday,21,Balochistan,Hub,Rural Road,Average,Clear,Street Light,Motorcycle,1,Drunk Driving,0,0,0,0,4,0,Medium
2019,6,Thursday,21,Sindh,Thatta,Urban Road,Good,Rainy,No Light,Motorcycle,3,Mechanical Failure,0,0,0,0,4,0,Medium
2022,6,Sunday,21,KPK,Mansehra,Provincial Highway,Average,Clear,No Light,Motorcycle,3,Driver Fatigue,0,1,0,0,4,1,Medium
2023,9,Wednesday,13,Punjab,Bahawalpur,Urban Road,Good,Foggy,Daylight,Car/Taxi,2,Over Speeding,1,0,0,0,1,0,Medium
2023,7,Saturday,12,Punjab,Sheikhupura,Urban Road,Poor,Rainy,Daylight,Motorcycle,2,Wrong Overtaking,1,1,0,0,5,1,Medium
2022,7,Tuesday,8,Sindh,Jacobabad,Urban Road,Poor,Clear,Daylight,Motorcycle,2,Pedestrian Error,1,0,0,0,1,0,Low
2022,5,Friday,21,Balochistan,Quetta,Provincial Highway,Average,Rainy,Street Light,Motorcycle,2,Over Speeding,0,0,0,0,4,1,High
2018,10,Tuesday,20,Balochistan,Sibi,Provincial Highway,Good,Clear,No Light,Car/Taxi,2,Mechanical Failure,1,0,0,0,2,0,Low
2021,9,Monday,16,Sindh,Dadu,Motorway,Good,Clear,Daylight,Rickshaw,1,Pedestrian Error,0,0,0,0,1,0,Low
2022,9,Wednesday,12,Sindh,Kashmore,Provincial Highway,Good,Clear,Daylight,Truck/Lorry,1,Over Speeding,1,0,0,0,2,0,Medium
2021,6,Friday,22,Punjab,Faisalabad,Rural Road,Good,Clear,Street Light,Car/Taxi,1,Over Speeding,0,0,1,0,1,0,Low
2019,6,Sunday,6,AJK,Mirpur,National Highway,Good,Clear,No Light,Car/Taxi,3,Signal Violation,0,1,0,0,2,0,Low
2019,6,Wednesday,20,Punjab,Faisalabad,Provincial Highway,Average,Clear,Street Light,Rickshaw,2,Mechanical Failure,1,0,0,0,0,0,Low
2023,10,Friday,9,KPK,Nowshera,Provincial Highway,Under Repair,Clear,Daylight,Motorcycle,2,Drunk Driving,1,0,0,0,10,2,High
2019,11,Friday,13,Sindh,Mirpur Khas,Urban Road,Under Repair,Foggy,No Light,Car/Taxi,1,Wrong Overtaking,1,0,0,1,0,0,Low
2019,6,Friday,17,Sindh,Mirpur Khas,Rural Road,Good,Clear,Daylight,Bus/Coach,2,Pedestrian Error,1,0,0,0,2,0,Low
2020,5,Saturday,19,Punjab,Lahore,Urban Road,Poor,Clear,No Light,Motorcycle,2,Over Speeding,1,1,0,0,8,1,High
2019,12,Sunday,19,Islamabad,Islamabad,National Highway,Good,Clear,Dawn/Dusk,Motorcycle,2,Over Speeding,1,1,0,1,6,2,High
2023,9,Tuesday,11,Sindh,Nawabshah,Urban Road,Good,Extreme Heat,Daylight,Motorcycle,1,Signal Violation,0,0,0,0,1,1,Low
2022,4,Sunday,6,Islamabad,Islamabad,National Highway,Poor,Clear,Daylight,Motorcycle,1,Mobile Phone Use,0,1,0,0,9,1,High
2023,3,Friday,21,Punjab,Bahawalpur,Urban Road,Good,Clear,Street Light,Car/Taxi,1,Wrong Overtaking,0,0,0,0,0,0,Low
2023,11,Friday,18,Sindh,Larkana,Rural Road,Poor,Clear,Daylight,Car/Taxi,2,Road Condition,1,0,0,1,0,0,Low
2020,10,Saturday,8,KPK,Abbottabad,Provincial Highway,Poor,Clear,Daylight,Motorcycle,2,Driver Fatigue,1,1,0,0,3,1,High
2021,1,Thursday,4,KPK,Dera Ismail Khan,Urban Road,Average,Clear,Street Light,Bus/Coach,3,Mechanical Failure,0,0,1,1,0,0,Low
2020,12,Wednesday,10,Balochistan,Dera Bugti,Urban Road,Average,Extreme Heat,Daylight,Car/Taxi,1,Over Speeding,0,0,0,1,1,0,Low
2022,6,Friday,16,Punjab,Lahore,National Highway,Average,Extreme Heat,Daylight,Car/Taxi,3,Over Speeding,0,0,0,0,1,2,Medium
2023,12,Thursday,9,Punjab,Multan,Provincial Highway,Average,Clear,Daylight,Rickshaw,1,Road Condition,1,0,0,1,0,0,Low
2020,4,Tuesday,16,Sindh,Hyderabad,Urban Road,Average,Clear,Daylight,Bus/Coach,3,Driver Fatigue,0,0,0,0,0,0,Low
2020,7,Sunday,19,Punjab,Gujranwala,National Highway,Poor,Foggy,No Light,Car/Taxi,3,Over Speeding,1,1,0,0,10,3,High
2023,3,Monday,16,AJK,Mirpur,Provincial Highway,Good,Foggy,Daylight,Car/Taxi,3,Pedestrian Error,0,0,0,0,0,0,Low
2023,1,Thursday,11,Punjab,Lahore,Provincial Highway,Average,Clear,Daylight,Motorcycle,1,Road Condition,0,0,0,1,0,0,Low
2019,7,Saturday,18,Sindh,Dadu,Rural Road,Average,Dusty/Smoggy,Daylight,Motorcycle,3,Drunk Driving,1,1,0,0,1,1,Medium
2019,2,Wednesday,14,Punjab,Sheikhupura,Motorway,Poor,Extreme Heat,Daylight,Motorcycle,1,Mechanical Failure,0,0,0,1,5,1,Medium
2023,12,Sunday,23,Sindh,Mirpur Khas,National Highway,Average,Foggy,No Light,Motorcycle,1,Pedestrian Error,0,1,1,1,11,3,High
2018,12,Monday,19,Punjab,Lahore,National Highway,Poor,Foggy,Street Light,Car/Taxi,1,Wrong Overtaking,1,0,0,1,1,1,Medium
2023,12,Friday,17,Punjab,Rawalpindi,Provincial Highway,Average,Foggy,Daylight,Motorcycle,3,Over Speeding,1,0,0,1,3,1,High
2020,6,Thursday,11,Punjab,Sargodha,Urban Road,Good,Rainy,Daylight,Motorcycle,1,Signal Violation,0,0,0,0,9,1,High
2023,8,Saturday,0,Punjab,Gujranwala,National Highway,Average,Dusty/Smoggy,No Light,Truck/Lorry,2,Wrong Overtaking,0,1,1,0,4,0,Medium
2018,7,Friday,21,AJK,Rawalakot,National Highway,Poor,Rainy,Street Light,Car/Taxi,1,Over Speeding,0,0,0,0,7,3,High
2019,12,Thursday,16,Punjab,Sheikhupura,National Highway,Poor,Clear,Daylight,Motorcycle,1,Wrong Overtaking,0,0,0,1,2,2,High
2019,1,Friday,9,Sindh,Larkana,Urban Road,Average,Foggy,No Light,Car/Taxi,1,Over Speeding,1,0,0,1,2,0,Medium
2023,12,Tuesday,9,AJK,Muzaffarabad,Urban Road,Average,Rainy,Dawn/Dusk,Motorcycle,2,Road Condition,1,0,0,1,1,0,Low
2022,12,Tuesday,13,KPK,Abbottabad,National Highway,Good,Clear,Daylight,Motorcycle,2,Pedestrian Error,1,0,0,1,8,0,High
2021,1,Monday,11,Gilgit-Baltistan,Gilgit,Rural Road,Under Repair,Foggy,Daylight,Motorcycle,2,Over Speeding,0,0,0,1,9,1,High
2023,3,Wednesday,2,Islamabad,Islamabad,Urban Road,Good,Foggy,No Light,Rickshaw,2,Road Condition,0,0,1,0,0,0,Low
2022,3,Sunday,14,Sindh,Sukkur,Provincial Highway,Good,Clear,Daylight,Car/Taxi,2,Over Speeding,0,1,0,0,1,0,Medium
2020,1,Friday,13,KPK,Mansehra,Urban Road,Good,Clear,Daylight,Motorcycle,3,Over Speeding,1,0,0,1,2,0,Medium
2019,5,Sunday,15,Punjab,Sargodha,Provincial Highway,Poor,Clear,Daylight,Bus/Coach,2,Over Speeding,0,1,0,0,5,1,Medium
2023,3,Saturday,15,Sindh,Hyderabad,Urban Road,Average,Clear,Daylight,Motorcycle,1,Road Condition,0,1,0,0,2,0,Low
2022,5,Wednesday,20,KPK,Nowshera,Provincial Highway,Average,Clear,Street Light,Car/Taxi,2,Over Speeding,1,0,0,0,2,0,Medium
2021,7,Saturday,9,Sindh,Sukkur,Provincial Highway,Good,Foggy,Daylight,Motorcycle,2,Pedestrian Error,1,1,0,0,2,0,High
2019,12,Sunday,22,KPK,Abbottabad,National Highway,Average,Clear,No Light,Car/Taxi,2,Over Speeding,0,1,1,1,8,0,High
2018,11,Saturday,6,KPK,Kohat,Rural Road,Poor,Clear,Daylight,Motorcycle,1,Over Speeding,0,1,0,1,2,0,Medium
2020,3,Wednesday,14,Punjab,Multan,Rural Road,Good,Clear,Daylight,Car/Taxi,3,Drunk Driving,0,0,0,0,0,0,Low
2023,9,Tuesday,16,Balochistan,Dera Bugti,Provincial Highway,Average,Foggy,Daylight,Truck/Lorry,1,Wrong Overtaking,0,0,0,0,1,1,Medium
2020,5,Monday,21,Sindh,Jacobabad,Provincial Highway,Poor,Clear,Street Light,Motorcycle,2,Pedestrian Error,0,0,0,0,5,0,Medium
2020,11,Sunday,12,Punjab,Rawalpindi,National Highway,Good,Foggy,Daylight,Car/Taxi,1,Road Condition,1,1,0,1,0,0,Low
2018,2,Sunday,17,Balochistan,Sibi,Provincial Highway,Average,Clear,Daylight,Rickshaw,1,Wrong Overtaking,1,1,0,1,3,0,Medium
2022,7,Thursday,12,Punjab,Lahore,Rural Road,Poor,Clear,Street Light,Bus/Coach,2,Drunk Driving,1,0,0,0,5,1,Medium
2019,8,Monday,14,KPK,Mardan,Provincial Highway,Good,Foggy,Daylight,Car/Taxi,2,Signal Violation,0,0,0,0,4,0,Medium
2019,10,Wednesday,9,Sindh,Dadu,Rural Road,Average,Clear,Street Light,Motorcycle,4,Over Speeding,1,0,0,0,2,1,Medium
2019,11,Tuesday,9,Punjab,Bahawalpur,Rural Road,Good,Clear,Street Light,Car/Taxi,3,Over Speeding,1,0,0,1,0,0,Low
2020,1,Friday,16,KPK,Nowshera,Provincial Highway,Under Repair,Clear,Daylight,Motorcycle,2,Road Condition,0,0,0,1,1,1,Medium
2023,5,Sunday,21,Sindh,Dadu,Motorway,Under Repair,Rainy,No Light,Bus/Coach,1,Mechanical Failure,0,1,0,0,3,0,Medium
2018,7,Friday,19,Punjab,Gujranwala,Urban Road,Good,Rainy,Dawn/Dusk,Truck/Lorry,1,Road Condition,1,0,0,0,0,0,Low
2021,6,Friday,14,Punjab,Rawalpindi,Provincial Highway,Average,Rainy,Daylight,Motorcycle,1,Wrong Overtaking,0,0,0,0,5,1,Medium
2023,12,Thursday,11,Balochistan,Turbat,National Highway,Good,Rainy,No Light,Car/Taxi,2,Over Speeding,0,0,0,1,5,4,High
2023,1,Saturday,7,Punjab,Sialkot,Provincial Highway,Poor,Clear,Daylight,Truck/Lorry,3,Pedestrian Error,1,1,0,1,0,0,Low
2023,4,Saturday,14,Balochistan,Turbat,National Highway,Average,Clear,Street Light,Car/Taxi,2,Signal Violation,0,1,0,0,2,0,Medium
2019,11,Wednesday,14,Punjab,Bahawalpur,Urban Road,Poor,Dusty/Smoggy,Daylight,Motorcycle,2,Over Speeding,0,0,0,1,5,1,Medium
2020,1,Tuesday,16,Sindh,Mirpur Khas,National Highway,Good,Clear,Daylight,Motorcycle,1,Road Condition,0,0,0,1,2,2,Medium
2022,7,Saturday,8,Islamabad,Islamabad,Provincial Highway,Average,Clear,Daylight,Motorcycle,2,Signal Violation,1,1,0,0,10,2,High
2023,6,Tuesday,11,Punjab,Faisalabad,Provincial Highway,Under Repair,Clear,Daylight,Motorcycle,3,Road Condition,0,0,0,0,1,0,Medium
2020,1,Saturday,15,Sindh,Nawabshah,Urban Road,Average,Foggy,Daylight,Rickshaw,1,Signal Violation,0,1,0,1,1,0,Low
2022,10,Sunday,11,KPK,Mansehra,Provincial Highway,Average,Clear,Dawn/Dusk,Rickshaw,4,Road Condition,0,1,0,0,0,0,Low
2021,12,Monday,21,KPK,Charsadda,National Highway,Poor,Extreme Heat,No Light,Car/Taxi,1,Pedestrian Error,0,0,0,1,4,2,Medium
2021,5,Sunday,17,Sindh,Nawabshah,Urban Road,Average,Clear,Daylight,Motorcycle,1,Wrong Overtaking,1,1,0,0,3,1,Medium
2018,3,Tuesday,20,Sindh,Sukkur,Provincial Highway,Average,Foggy,Street Light,Car/Taxi,1,Road Condition,1,0,0,0,1,0,Low
2019,3,Monday,22,KPK,Charsadda,Urban Road,Average,Clear,No Light,Motorcycle,1,Wrong Overtaking,0,0,1,0,4,0,Medium
2022,7,Tuesday,0,Balochistan,Turbat,National Highway,Good,Foggy,Street Light,Motorcycle,1,Over Speeding,0,0,1,0,5,2,High
2022,6,Wednesday,10,KPK,Bannu,Rural Road,Poor,Foggy,Daylight,Motorcycle,2,Over Speeding,0,0,0,0,8,1,High
2021,3,Wednesday,20,Punjab,Sialkot,Provincial Highway,Average,Dusty/Smoggy,Street Light,Truck/Lorry,2,Road Condition,1,0,0,0,1,0,Low
2020,4,Sunday,18,Gilgit-Baltistan,Gilgit,Urban Road,Good,Foggy,Daylight,Car/Taxi,1,Over Speeding,1,1,0,0,2,1,Medium
2021,5,Sunday,10,Sindh,Larkana,Motorway,Good,Clear,Daylight,Truck/Lorry,3,Over Speeding,0,1,0,0,5,0,Medium
2018,10,Friday,21,Punjab,Lahore,Urban Road,Average,Clear,No Light,Car/Taxi,2,Wrong Overtaking,0,0,0,0,0,0,Low
2020,10,Thursday,6,Punjab,Rawalpindi,Provincial Highway,Good,Clear,Daylight,Bus/Coach,1,Mechanical Failure,0,0,0,0,5,2,Medium
2020,12,Monday,9,Punjab,Rahim Yar Khan,National Highway,Average,Foggy,Dawn/Dusk,Motorcycle,4,Over Speeding,1,0,0,1,3,0,High
2021,4,Thursday,7,Punjab,Sialkot,Provincial Highway,Poor,Clear,Daylight,Bus/Coach,1,Pedestrian Error,1,0,0,0,4,0,Medium
2021,11,Monday,16,Punjab,Rawalpindi,National Highway,Good,Clear,No Light,Car/Taxi,2,Road Condition,0,0,0,1,2,0,Low
2019,8,Friday,3,Punjab,Gujranwala,National Highway,Good,Clear,Street Light,Motorcycle,2,Driver Fatigue,0,0,1,0,9,0,High
2022,12,Wednesday,20,KPK,Charsadda,Provincial Highway,Poor,Clear,No Light,Motorcycle,2,Signal Violation,1,0,0,1,8,1,High
2018,6,Friday,12,Punjab,Bahawalpur,Rural Road,Average,Clear,Daylight,Van/Pickup,2,Over Speeding,1,0,0,0,2,0,Low
2019,5,Friday,13,Punjab,Sheikhupura,National Highway,Poor,Clear,Daylight,Van/Pickup,1,Over Speeding,1,0,0,0,9,0,High
2019,1,Wednesday,20,Punjab,Multan,Provincial Highway,Good,Foggy,No Light,Rickshaw,2,Over Speeding,1,0,0,1,1,0,Medium
2023,7,Friday,10,Punjab,Gujranwala,Provincial Highway,Poor,Rainy,Dawn/Dusk,Bus/Coach,3,Pedestrian Error,0,0,0,0,1,0,Low
2023,6,Friday,6,Punjab,Multan,Motorway,Poor,Foggy,Daylight,Rickshaw,2,Signal Violation,0,0,0,0,3,0,Medium
2019,5,Saturday,9,Sindh,Jacobabad,Provincial Highway,Good,Clear,Daylight,Bus/Coach,1,Over Speeding,1,1,0,0,6,2,High
2018,1,Tuesday,2,Islamabad,Islamabad,Motorway,Average,Clear,Street Light,Rickshaw,2,Mechanical Failure,0,0,1,1,5,0,Medium
2021,12,Thursday,7,Balochistan,Sibi,Provincial Highway,Good,Dusty/Smoggy,Daylight,Motorcycle,2,Mobile Phone Use,1,0,0,1,1,0,Low
2019,12,Monday,17,Balochistan,Zhob,Urban Road,Average,Clear,Street Light,Car/Taxi,2,Wrong Overtaking,1,0,0,1,2,0,Low
2022,3,Sunday,14,Punjab,Faisalabad,National Highway,Poor,Clear,Daylight,Car/Taxi,2,Road Condition,0,1,0,0,1,0,Low
2020,9,Saturday,15,Punjab,Sargodha,Urban Road,Average,Extreme Heat,Daylight,Motorcycle,2,Mechanical Failure,0,1,0,0,4,1,Medium
2018,4,Friday,17,Punjab,Rawalpindi,National Highway,Poor,Rainy,Daylight,Motorcycle,3,Mechanical Failure,1,0,0,0,11,1,High
2022,9,Saturday,22,KPK,Charsadda,Provincial Highway,Good,Foggy,Street Light,Rickshaw,2,Wrong Overtaking,0,1,1,0,2,1,High
2019,6,Tuesday,8,Punjab,Rawalpindi,Provincial Highway,Good,Clear,Dawn/Dusk,Motorcycle,1,Pedestrian Error,1,0,0,0,1,0,Low
2022,8,Sunday,15,Sindh,Dadu,Provincial Highway,Good,Clear,Daylight,Car/Taxi,3,Over Speeding,0,1,0,0,5,1,Medium