year,month,day_of_week,hour_of_day,province,district,road_type,road_condition,weather_condition,lighting_condition,vehicle_type,vehicles_involved,accident_cause,is_rush_hour,is_weekend,is_night,is_foggy_month,num_injured,num_killed,severity
2019,12,Monday,18,Punjab,Lahore,National Highway,Good,Clear,Daylight,Motorcycle,2,Signal Violation,1,0,0,1,8,2,High
2023,1,Tuesday,21,Punjab,Sialkot,Urban Road,Good,Clear,No Light,Motorcycle,2,Over Speeding,0,0,0,1,3,1,Medium
2019,7,Saturday,12,Gilgit-Baltistan,Hunza,Urban Road,Good,Clear,Daylight,Car/Taxi,1,Over Speeding,1,1,0,0,1,0,Low
2018,8,Thursday,9,KPK,Dera Ismail Khan,Provincial Highway,Average,Clear,Daylight,Rickshaw,1,Mechanical Failure,1,0,0,0,1,0,Low
2023,1,Sunday,12,KPK,Nowshera,Motorway,Average,Clear,Street Light,Car/Taxi,1,Over Speeding,1,1,0,1,8,2,High
2020,5,Tuesday,7,Sindh,Sukkur,National Highway,Average,Clear,No Light,Car/Taxi,1,Over Speeding,1,0,0,0,5,0,Medium
2021,10,Thursday,23,Balochistan,Zhob,Urban Road,Poor,Clear,Street Light,Motorcycle,3,Over Speeding,0,0,1,0,3,1,High
2021,11,Sunday,7,Sindh,Kashmore,Provincial Highway,Poor,Dusty/Smoggy,Dawn/Dusk,Rickshaw,3,Over Speeding,1,1,0,1,3,0,Medium
2021,6,Friday,9,Islamabad,Islamabad,Rural Road,Good,Clear,Street Light,Motorcycle,2,Signal Violation,1,0,0,0,2,0,Low
2020,2,Friday,15,Punjab,Rawalpindi,Rural Road,Good,Foggy,Daylight,Car/Taxi,2,Pedestrian Error,0,0,0,1,2,0,Low
2022,3,Sunday,13,Sindh,Dadu,National Highway,Good,Foggy,Street Light,Bus/Coach,1,Over Speeding,1,1,0,0,5,2,High
2019,2,Friday,13,KPK,Mansehra,Provincial Highway,Good,Extreme Heat,Daylight,Bicycle,1,Road Condition,1,0,0,1,0,1,Low
2021,9,Thursday,7,Punjab,Bahawalpur,Urban Road,Good,Clear,Daylight,Car/Taxi,4,Mechanical Failure,1,0,0,0,2,0,Low
2022,4,Tuesday,11,Balochistan,Gwadar,Provincial Highway,Average,Clear,Daylight,Car/Taxi,1,Drunk Driving,0,0,0,0,1,0,Medium
2023,2,Monday,12,AJK,Muzaffarabad,Urban Road,Average,Clear,Daylight,Car/Taxi,1,Wrong Overtaking,1,0,0,1,1,0,Low
2023,10,Friday,23,Sindh,Thatta,Rural Road,Good,Clear,No Light,Car/Taxi,2,Over Speeding,0,0,1,0,0,0,Low
2022,4,Monday,1,Punjab,Faisalabad,Urban Road,Poor,Clear,No Light,Bus/Coach,4,Over Speeding,0,0,1,0,2,1,Medium
2020,1,Saturday,5,Sindh,Sukkur,Provincial Highway,Good,Clear,Dawn/Dusk,Van/Pickup,2,Over Speeding,0,1,1,1,2,1,Medium
2023,6,Thursday,4,Balochistan,Dera Bugti,Rural Road,Average,Foggy,No Light,Motorcycle,2,Pedestrian Error,0,0,1,0,1,0,Medium
2018,6,Tuesday,11,Sindh,Larkana,Rural Road,Average,Clear,Daylight,Motorcycle,2,Signal Violation,0,0,0,0,3,2,Medium
2019,8,Wednesday,13,Punjab,Lahore,Provincial Highway,Average,Rainy,Daylight,Van/Pickup,4,Driver Fatigue,1,0,0,0,2,1,Medium
2019,6,Wednesday,16,Sindh,Mirpur Khas,Rural Road,Average,Clear,Daylight,Car/Taxi,2,Over Speeding,0,0,0,0,1,1,Low
2023,5,Thursday,7,Punjab,Rawalpindi,Rural Road,Average,Foggy,Daylight,Rickshaw,4,Wrong Overtaking,1,0,0,0,0,0,Low
2021,2,Monday,16,KPK,Nowshera,Provincial Highway,Average,Clear,Daylight,Car/Taxi,3,Pedestrian Error,0,0,0,1,0,0,Low
2019,4,Tuesday,10,Punjab,Faisalabad,National Highway,Average,Dusty/Smoggy,Dawn/Dusk,Bus/Coach,1,Wrong Overtaking,0,0,0,0,4,1,Medium
2019,4,Saturday,17,Sindh,Karachi,Rural Road,Poor,Rainy,Daylight,Motorcycle,2,Over Speeding,1,1,0,0,10,2,High
2023,12,Friday,12,KPK,Mardan,National Highway,Average,Foggy,Daylight,Motorcycle,3,Signal Violation,1,0,0,1,7,3,High
2018,12,Wednesday,19,Punjab,Rawalpindi,Rural Road,Average,Rainy,Dawn/Dusk,Car/Taxi,2,Signal Violation,1,0,0,1,1,0,Low
2020,1,Thursday,10,Punjab,Rahim Yar Khan,Urban Road,Good,Clear,Daylight,Motorcycle,1,Wrong Overtaking,0,0,0,1,0,0,Low
2021,6,Thursday,15,Punjab,Gujranwala,Motorway,Good,Clear,Daylight,Other,3,Pedestrian Error,0,0,0,0,4,0,Medium
2023,4,Monday,14,Punjab,Sialkot,National Highway,Average,Clear,Daylight,Car/Taxi,1,Pedestrian Error,0,0,0,0,2,0,Low
2019,5,Monday,9,Punjab,Bahawalpur,National Highway,Good,Extreme Heat,Daylight,Motorcycle,3,Wrong Overtaking,1,0,0,0,8,1,High
2023,6,Saturday,10,Gilgit-Baltistan,Gilgit,National Highway,Average,Foggy,Daylight,Truck/Lorry,1,Pedestrian Error,0,1,0,0,5,0,Medium
2023,9,Sunday,20,KPK,Swat,Motorway,Good,Clear,Street Light,Bus/Coach,2,Over Speeding,1,1,0,0,3,0,High
2022,4,Monday,19,Balochistan,Gwadar,Urban Road,Average,Clear,Dawn/Dusk,Bus/Coach,2,Over Speeding,1,0,0,0,1,0,Medium
2023,10,Monday,19,Islamabad,Islamabad,National Highway,Poor,Extreme Heat,Street Light,Motorcycle,1,Drunk Driving,1,0,0,0,9,2,High
2023,1,Monday,22,Punjab,Faisalabad,Provincial Highway,Poor,Clear,No Light,Van/Pickup,2,Road Condition,0,0,1,1,2,0,Low
2020,12,Friday,5,Punjab,Rawalpindi,Motorway,Good,Clear,Dawn/Dusk,Motorcycle,2,Over Speeding,0,0,1,1,7,2,High
2023,9,Monday,19,Punjab,Rawalpindi,Provincial Highway,Average,Clear,Dawn/Dusk,Motorcycle,1,Over Speeding,1,0,0,0,2,0,Medium
2018,5,Saturday,20,KPK,Mardan,Rural Road,Average,Foggy,No Light,Car/Taxi,2,Wrong Overtaking,1,1,0,0,0,0,Low
2018,9,Thursday,22,KPK,Peshawar,National Highway,Poor,Foggy,Street Light,Bus/Coach,2,Over Speeding,0,0,1,0,7,0,High
2021,12,Monday,8,Punjab,Faisalabad,Urban Road,Average,Foggy,Daylight,Motorcycle,2,Signal Violation,1,0,0,1,10,0,High
2022,3,Saturday,15,Punjab,Gujranwala,Provincial Highway,Average,Extreme Heat,Daylight,Truck/Lorry,1,Over Speeding,0,1,0,0,8,2,High
2023,7,Monday,16,Sindh,Thatta,National Highway,Under Repair,Clear,Daylight,Motorcycle,2,Over Speeding,0,0,0,0,11,4,High
2023,7,Saturday,13,Sindh,Mirpur Khas,Rural Road,Average,Foggy,Daylight,Bicycle,1,Driver Fatigue,1,1,0,0,7,1,High
2022,7,Thursday,20,Balochistan,Khuzdar,Provincial Highway,Average,Rainy,No Light,Van/Pickup,1,Road Condition,1,0,0,0,0,0,Low
2023,8,Saturday,13,Punjab,Sargodha,Provincial Highway,Good,Foggy,Daylight,Motorcycle,1,Wrong Overtaking,1,1,0,0,9,1,High
2020,10,Wednesday,12,Balochistan,Gwadar,Provincial Highway,Good,Rainy,Daylight,Truck/Lorry,3,Pedestrian Error,1,0,0,0,2,0,Medium
2022,8,Friday,1,Sindh,Jacobabad,National Highway,Good,Clear,No Light,Truck/Lorry,2,Road Condition,0,0,1,0,4,0,High
2023,1,Friday,8,KPK,Charsadda,Provincial Highway,Good,Clear,Daylight,Car/Taxi,4,Driver Fatigue,1,0,0,1,4,0,Medium
2020,11,Thursday,12,Islamabad,Islamabad,Urban Road,Good,Clear,Dawn/Dusk,Rickshaw,2,Over Speeding,1,0,0,1,1,1,Low
2019,7,Thursday,23,Balochistan,Khuzdar,Rural Road,Good,Clear,No Light,Truck/Lorry,4,Mechanical Failure,0,0,1,0,2,0,Medium
2018,2,Saturday,19,Punjab,Rahim Yar Khan,Rural Road,Good,Rainy,Dawn/Dusk,Car/Taxi,2,Pedestrian Error,1,1,0,1,1,0,Low
2021,4,Wednesday,9,Punjab,Lahore,Rural Road,Good,Clear,Daylight,Rickshaw,2,Over Speeding,1,0,0,0,2,0,Low
2022,3,Thursday,8,Sindh,Thatta,Rural Road,Poor,Rainy,Daylight,Motorcycle,2,Road Condition,1,0,0,0,5,0,Medium
2019,4,Saturday,22,Sindh,Nawabshah,Provincial Highway,Good,Foggy,Street Light,Car/Taxi,2,Pedestrian Error,0,1,1,0,3,2,Medium
2021,7,Friday,23,Sindh,Sukkur,Provincial Highway,Poor,Clear,No Light,Motorcycle,3,Wrong Overtaking,0,0,1,0,5,4,High
2018,12,Thursday,9,Islamabad,Islamabad,National Highway,Average,Clear,Daylight,Motorcycle,1,Over Speeding,1,0,0,1,8,1,High
2018,6,Saturday,6,Punjab,Sheikhupura,National Highway,Good,Rainy,Daylight,Rickshaw,2,Wrong Overtaking,0,1,0,0,1,0,Medium
2022,2,Thursday,20,Sindh,Karachi,National Highway,Poor,Rainy,No Light,Car/Taxi,2,Signal Violation,1,0,0,1,4,1,Medium
2023,5,Saturday,7,Punjab,Bahawalpur,Urban Road,Good,Clear,Daylight,Car/Taxi,2,Drunk Driving,1,1,0,0,1,0,Low
2018,9,Sunday,10,Balochistan,Sibi,Provincial Highway,Good,Clear,Daylight,Motorcycle,1,Over Speeding,0,1,0,0,4,1,High
2020,11,Tuesday,10,Islamabad,Islamabad,Provincial Highway,Average,Clear,Daylight,Bus/Coach,4,Drunk Driving,0,0,0,1,4,3,High
2021,6,Sunday,12,Sindh,Kashmore,Provincial Highway,Good,Clear,Street Light,Motorcycle,3,Over Speeding,1,1,0,0,2,1,High
2019,6,Sunday,17,Punjab,Lahore,Rural Road,Average,Clear,Daylight,Bus/Coach,2,Over Speeding,1,1,0,0,5,1,Medium
2018,5,Saturday,1,KPK,Bannu,Provincial Highway,Good,Foggy,Street Light,Truck/Lorry,1,Over Speeding,0,1,1,0,10,3,High
2018,8,Thursday,14,KPK,Kohat,Rural Road,Average,Foggy,No Light,Car/Taxi,2,Over Speeding,0,0,0,0,4,2,Medium
2022,7,Wednesday,10,Punjab,Gujranwala,National Highway,Good,Clear,Daylight,Car/Taxi,1,Mechanical Failure,0,0,0,0,0,0,Low
2019,4,Saturday,18,Balochistan,Hub,National Highway,Poor,Clear,Street Light,Motorcycle,3,Wrong Overtaking,1,1,0,0,5,0,High
2018,6,Sunday,16,AJK,Rawalakot,Urban Road,Average,Foggy,Daylight,Car/Taxi,1,Mechanical Failure,0,1,0,0,0,0,Low
2021,1,Thursday,11,Sindh,Karachi,Urban Road,Poor,Foggy,Daylight,Car/Taxi,3,Road Condition,0,0,0,1,1,1,Low
2020,8,Friday,10,Sindh,Mirpur Khas,National Highway,Poor,Foggy,Daylight,Car/Taxi,3,Over Speeding,0,0,0,0,3,1,Medium
2022,8,Saturday,13,Punjab,Rahim Yar Khan,Provincial Highway,Poor,Rainy,Daylight,Truck/Lorry,1,Wrong Overtaking,1,1,0,0,5,0,Medium
2023,10,Friday,23,Sindh,Kashmore,National Highway,Under Repair,Clear,No Light,Motorcycle,2,Signal Violation,0,0,1,0,8,0,High
2023,12,Sunday,20,Sindh,Nawabshah,National Highway,Good,Clear,No Light,Motorcycle,2,Signal Violation,1,1,0,1,8,2,High
2022,5,Wednesday,13,Punjab,Gujranwala,Motorway,Average,Clear,Daylight,Other,1,Mechanical Failure,1,0,0,0,2,0,Low
2019,1,Saturday,7,Punjab,Sialkot,Provincial Highway,Poor,Clear,Daylight,Truck/Lorry,2,Mobile Phone Use,1,1,0,1,1,2,Medium
2019,5,Wednesday,17,Punjab,Sheikhupura,Provincial Highway,Poor,Clear,Daylight,Motorcycle,4,Driver Fatigue,1,0,0,0,11,1,High
2020,12,Sunday,8,Punjab,Sargodha,Urban Road,Poor,Clear,Dawn/Dusk,Car/Taxi,4,Road Condition,1,1,0,1,1,0,Low
2022,4,Tuesday,7,Sindh,Mirpur Khas,Rural Road,Average,Clear,Daylight,Motorcycle,2,Drunk Driving,1,0,0,0,4,0,Medium
2023,8,Friday,17,Sindh,Kashmore,National Highway,Average,Extreme Heat,Daylight,Motorcycle,1,Signal Violation,1,0,0,0,9,4,High
2022,2,Tuesday,12,Sindh,Dadu,National Highway,Good,Extreme Heat,Daylight,Rickshaw,1,Wrong Overtaking,1,0,0,1,5,0,Medium
2022,6,Monday,20,Punjab,Gujranwala,Urban Road,Good,Clear,Street Light,Bicycle,1,Pedestrian Error,1,0,0,0,0,0,Low
2021,9,Friday,21,Sindh,Mirpur Khas,Urban Road,Poor,Clear,No Light,Motorcycle,2,Pedestrian Error,0,0,0,0,1,0,Medium
2022,6,Wednesday,8,KPK,Mansehra,Provincial Highway,Good,Clear,Street Light,Other,2,Pedestrian Error,1,0,0,0,1,0,Low
2018,6,Thursday,19,Sindh,Thatta,Urban Road,Average,Dusty/Smoggy,Daylight,Motorcycle,2,Over Speeding,1,0,0,0,1,0,Medium
2023,2,Monday,9,AJK,Muzaffarabad,National Highway,Average,Clear,Daylight,Rickshaw,1,Driver Fatigue,1,0,0,1,5,1,High
2018,12,Thursday,10,Sindh,Dadu,National Highway,Average,Clear,Daylight,Car/Taxi,1,Wrong Overtaking,0,0,0,1,3,1,Medium
2020,4,Saturday,20,Sindh,Thatta,Rural Road,Good,Clear,Street Light,Motorcycle,2,Over Speeding,1,1,0,0,3,0,High
2019,11,Tuesday,10,Punjab,Sargodha,Urban Road,Average,Clear,Daylight,Motorcycle,1,Over Speeding,0,0,0,1,4,1,Medium
2023,3,Thursday,19,Sindh,Mirpur Khas,Urban Road,Average,Foggy,No Light,Motorcycle,2,Mechanical Failure,1,0,0,0,1,1,Medium
2023,1,Monday,6,Balochistan,Quetta,Provincial Highway,Good,Clear,Daylight,Bus/Coach,4,Road Condition,0,0,0,1,0,0,Low
2019,10,Thursday,18,Islamabad,Islamabad,National Highway,Poor,Clear,Daylight,Motorcycle,1,Wrong Overtaking,1,0,0,0,10,1,High
2020,2,Thursday,21,Gilgit-Baltistan,Hunza,National Highway,Average,Clear,Street Light,Truck/Lorry,1,Drunk Driving,0,0,0,1,5,2,High
2021,6,Saturday,19,Punjab,Sheikhupura,Motorway,Average,Clear,Street Light,Bus/Coach,2,Over Speeding,1,1,0,0,1,0,Medium
2020,5,Sunday,18,Sindh,Sukkur,National Highway,Average,Foggy,Daylight,Bus/Coach,2,Road Condition,1,1,0,0,3,0,Medium
2020,5,Friday,12,Sindh,Thatta,Provincial Highway,Average,Clear,Daylight,Car/Taxi,1,Road Condition,1,0,0,0,2,0,Low
2022,2,Saturday,21,Sindh,Sukkur,National Highway,Poor,Foggy,No Light,Motorcycle,2,Over Speeding,0,1,0,1,6,0,High
2021,4,Sunday,9,Punjab,Rawalpindi,Provincial Highway,Good,Clear,Daylight,Car/Taxi,2,Mechanical Failure,1,1,0,0,2,0,Low
2018,9,Saturday,21,Balochistan,Loralai,Provincial Highway,Average,Dusty/Smoggy,Street Light,Bus/Coach,1,Wrong Overtaking,0,1,0,0,1,0,Medium
2023,12,Thursday,19,Balochistan,Zhob,National Highway,Average,Clear,No Light,Motorcycle,3,Pedestrian Error,1,0,0,1,9,0,High
2019,4,Tuesday,18,Sindh,Mirpur Khas,National Highway,Average,Dusty/Smoggy,Daylight,Rickshaw,1,Drunk Driving,1,0,0,0,6,4,High
2022,2,Wednesday,19,Punjab,Sargodha,Rural Road,Under Repair,Clear,No Light,Van/Pickup,1,Pedestrian Error,1,0,0,1,2,0,Low
2020,7,Wednesday,9,Punjab,Sheikhupura,Provincial Highway,Poor,Foggy,Daylight,Bicycle,3,Road Condition,1,0,0,0,2,2,Medium
2018,6,Sunday,17,KPK,Peshawar,Urban Road,Poor,Foggy,Daylight,Rickshaw,1,Over Speeding,1,1,0,0,0,0,Low
2022,3,Sunday,18,Punjab,Rahim Yar Khan,Urban Road,Good,Rainy,Dawn/Dusk,Car/Taxi,2,Over Speeding,1,1,0,0,2,0,Medium
2020,4,Wednesday,14,Balochistan,Quetta,Provincial Highway,Poor,Clear,Daylight,Rickshaw,4,Over Speeding,0,0,0,0,1,0,Medium
2023,12,Tuesday,9,KPK,Kohat,Provincial Highway,Good,Foggy,Dawn/Dusk,Car/Taxi,1,Over Speeding,1,0,0,1,3,0,Medium
2023,7,Saturday,16,Sindh,Thatta,Provincial Highway,Good,Foggy,Daylight,Bicycle,2,Signal Violation,0,1,0,0,5,1,Medium
2021,9,Sunday,16,Sindh,Jacobabad,Rural Road,Good,Clear,Daylight,Other,1,Road Condition,0,1,0,0,1,0,Low
2023,9,Saturday,6,Punjab,Sargodha,Provincial Highway,Poor,Foggy,Dawn/Dusk,Motorcycle,1,Road Condition,0,1,0,0,5,2,High
2020,3,Thursday,0,Islamabad,Islamabad,National Highway,Good,Clear,No Light,Car/Taxi,1,Mechanical Failure,0,0,1,0,2,0,Medium
2022,11,Monday,9,Sindh,Sukkur,National Highway,Poor,Clear,Dawn/Dusk,Bus/Coach,2,Over Speeding,1,0,0,1,8,0,High
2019,3,Sunday,12,Gilgit-Baltistan,Gilgit,Provincial Highway,Poor,Foggy,Daylight,Motorcycle,2,Over Speeding,1,1,0,0,2,1,High
2023,5,Thursday,20,Sindh,Mirpur Khas,National Highway,Average,Clear,Street Light,Motorcycle,2,Pedestrian Error,1,0,0,0,4,0,Medium
2018,4,Saturday,17,KPK,Dera Ismail Khan,Rural Road,Good,Clear,Daylight,Motorcycle,2,Wrong Overtaking,1,1,0,0,3,1,Medium
2023,1,Friday,0,Punjab,Rawalpindi,Rural Road,Poor,Foggy,No Light,Car/Taxi,2,Over Speeding,0,0,1,1,2,2,Medium
2020,11,Tuesday,21,Sindh,Nawabshah,National Highway,Average,Clear,No Light,Bus/Coach,2,Road Condition,0,0,0,1,0,0,Low
2023,7,Monday,6,KPK,Charsadda,Provincial Highway,Average,Dusty/Smoggy,Street Light,Bicycle,2,Over Speeding,0,0,0,0,3,1,High
2020,2,Friday,18,KPK,Charsadda,Urban Road,Under Repair,Foggy,Daylight,Car/Taxi,2,Wrong Overtaking,1,0,0,1,1,0,Low
2022,11,Sunday,18,KPK,Swat,National Highway,Poor,Dusty/Smoggy,Daylight,Rickshaw,1,Mechanical Failure,1,1,0,1,2,0,Low
2021,2,Wednesday,19,Punjab,Multan,Urban Road,Average,Clear,Dawn/Dusk,Truck/Lorry,2,Over Speeding,1,0,0,1,2,0,Low
2021,1,Thursday,10,AJK,Muzaffarabad,Urban Road,Good,Foggy,Dawn/Dusk,Bus/Coach,1,Over Speeding,0,0,0,1,3,2,High
2019,2,Friday,12,Gilgit-Baltistan,Skardu,Rural Road,Poor,Foggy,Daylight,Van/Pickup,2,Signal Violation,1,0,0,1,2,0,Low
2018,7,Wednesday,14,Punjab,Rahim Yar Khan,Motorway,Average,Extreme Heat,Street Light,Car/Taxi,3,Over Speeding,0,0,0,0,2,2,Medium
2020,12,Thursday,14,Islamabad,Islamabad,Provincial Highway,Good,Foggy,Daylight,Rickshaw,4,Driver Fatigue,0,0,0,1,10,1,High
2022,7,Monday,13,Punjab,Faisalabad,National Highway,Under Repair,Clear,Street Light,Car/Taxi,4,Mechanical Failure,1,0,0,0,0,0,Low
2023,2,Monday,7,KPK,Bannu,National Highway,Poor,Rainy,Dawn/Dusk,Motorcycle,2,Over Speeding,1,0,0,1,5,1,High
2023,12,Thursday,10,Punjab,Bahawalpur,Rural Road,Average,Foggy,Dawn/Dusk,Bus/Coach,4,Signal Violation,0,0,0,1,2,0,Low
2019,2,Sunday,20,Islamabad,Islamabad,National Highway,Good,Foggy,No Light,Motorcycle,2,Wrong Overtaking,1,1,0,1,5,0,High
2023,7,Monday,19,Punjab,Rawalpindi,Rural Road,Good,Extreme Heat,Street Light,Motorcycle,3,Over Speeding,1,0,0,0,5,1,High
2022,9,Thursday,13,Sindh,Hyderabad,Urban Road,Poor,Clear,Daylight,Motorcycle,1,Over Speeding,1,0,0,0,3,0,Medium
2021,8,Thursday,15,Sindh,Hyderabad,National Highway,Good,Rainy,Daylight,Motorcycle,3,Signal Violation,0,0,0,0,5,3,High
2020,3,Saturday,9,Punjab,Lahore,Provincial Highway,Average,Clear,Daylight,Car/Taxi,2,Wrong Overtaking,1,1,0,0,5,0,Medium
2022,3,Wednesday,22,Sindh,Kashmore,Urban Road,Average,Foggy,No Light,Motorcycle,4,Over Speeding,0,0,1,0,11,2,High
2023,6,Monday,7,Punjab,Sheikhupura,Urban Road,Average,Clear,Daylight,Car/Taxi,2,Signal Violation,1,0,0,0,2,0,Low
2019,7,Friday,22,KPK,Peshawar,National Highway,Average,Foggy,No Light,Motorcycle,2,Pedestrian Error,0,0,1,0,5,1,High
2022,7,Sunday,4,AJK,Mirpur,Urban Road,Good,Dusty/Smoggy,No Light,Motorcycle,1,Mechanical Failure,0,1,1,0,1,1,Medium
2021,2,Tuesday,21,KPK,Nowshera,Rural Road,Average,Clear,Street Light,Motorcycle,3,Road Condition,0,0,0,1,1,0,Low
2022,12,Friday,18,Balochistan,Hub,Urban Road,Good,Foggy,Daylight,Bus/Coach,1,Signal Violation,1,0,0,1,5,0,Medium
2019,7,Tuesday,15,Punjab,Lahore,Urban Road,Average,Clear,Daylight,Motorcycle,1,Wrong Overtaking,0,0,0,0,4,2,Medium
2018,2,Thursday,19,Punjab,Multan,Urban Road,Poor,Clear,Dawn/Dusk,Rickshaw,1,Mechanical Failure,1,0,0,1,0,0,Low
2020,6,Saturday,12,Sindh,Nawabshah,Provincial Highway,Poor,Clear,Daylight,Motorcycle,1,Over Speeding,1,1,0,0,2,1,High
2019,12,Saturday,7,Punjab,Bahawalpur,Urban Road,Average,Dusty/Smoggy,Daylight,Truck/Lorry,2,Wrong Overtaking,1,1,0,1,0,0,Low
2018,5,Monday,17,Islamabad,Islamabad,National Highway,Good,Clear,Street Light,Bus/Coach,2,Over Speeding,1,0,0,0,7,3,High
2018,8,Wednesday,18,Punjab,Faisalabad,Rural Road,Poor,Clear,Daylight,Car/Taxi,1,Signal Violation,1,0,0,0,0,0,Low
2018,1,Tuesday,21,Balochistan,Dera Bugti,Provincial Highway,Average,Clear,No Light,Car/Taxi,3,Over Speeding,0,0,0,1,0,0,Low
2019,7,Saturday,11,Punjab,Rawalpindi,Provincial Highway,Good,Clear,Daylight,Rickshaw,3,Over Speeding,0,1,0,0,0,0,Low
2019,1,Monday,10,KPK,Nowshera,Urban Road,Good,Foggy,Daylight,Motorcycle,2,Over Speeding,0,0,0,1,11,0,High
2021,12,Thursday,23,Punjab,Lahore,Urban Road,Good,Clear,Street Light,Motorcycle,3,Signal Violation,0,0,1,1,4,0,Medium
2023,3,Friday,9,Punjab,Sargodha,National Highway,Average,Foggy,Dawn/Dusk,Motorcycle,1,Over Speeding,1,0,0,0,7,4,High
2020,9,Tuesday,21,KPK,Peshawar,National Highway,Good,Dusty/Smoggy,Street Light,Car/Taxi,4,Road Condition,0,0,0,0,2,0,Low
2023,7,Sunday,9,Punjab,Bahawalpur,Urban Road,Poor,Dusty/Smoggy,Daylight,Car/Taxi,1,Wrong Overtaking,1,1,0,0,2,0,Low
2022,7,Wednesday,10,KPK,Mansehra,Provincial Highway,Poor,Clear,Daylight,Van/Pickup,4,Over Speeding,0,0,0,0,2,0,Low
2022,7,Friday,10,Sindh,Kashmore,Provincial Highway,Average,Clear,Daylight,Van/Pickup,2,Over Speeding,0,0,0,0,1,1,Medium
2022,6,Thursday,7,Punjab,Sargodha,Urban Road,Poor,Rainy,Daylight,Motorcycle,1,Signal Violation,1,0,0,0,5,1,Medium
2018,4,Wednesday,19,Islamabad,Islamabad,Urban Road,Good,Foggy,Dawn/Dusk,Motorcycle,3,Mechanical Failure,1,0,0,0,2,0,Medium
2019,12,Friday,17,Sindh,Hyderabad,National Highway,Average,Dusty/Smoggy,Daylight,Motorcycle,4,Over Speeding,1,0,0,1,7,1,High
2022,7,Friday,10,KPK,Mansehra,Rural Road,Poor,Clear,Daylight,Motorcycle,2,Drunk Driving,0,0,0,0,5,4,High
2022,10,Tuesday,8,Sindh,Mirpur Khas,Provincial Highway,Average,Foggy,Daylight,Car/Taxi,1,Mechanical Failure,1,0,0,0,1,0,Low
2020,10,Saturday,21,Sindh,Sukkur,Urban Road,Average,Clear,Street Light,Car/Taxi,2,Mobile Phone Use,0,1,0,0,1,0,Low
2019,8,Thursday,21,Punjab,Sheikhupura,Rural Road,Good,Extreme Heat,No Light,Rickshaw,2,Road Condition,0,0,0,0,1,0,Low
2021,12,Sunday,9,Punjab,Gujranwala,Provincial Highway,Poor,Clear,Daylight,Car/Taxi,2,Over Speeding,1,1,0,1,3,0,Medium
2019,1,Friday,7,Sindh,Thatta,Provincial Highway,Under Repair,Foggy,Daylight,Bus/Coach,4,Wrong Overtaking,1,0,0,1,8,4,High
2021,8,Tuesday,6,Sindh,Larkana,Urban Road,Under Repair,Clear,Daylight,Motorcycle,1,Over Speeding,0,0,0,0,4,0,Medium
2019,11,Thursday,23,Punjab,Sialkot,Provincial Highway,Average,Foggy,Street Light,Motorcycle,2,Over Speeding,0,0,1,1,10,1,High
2020,6,Monday,15,KPK,Swat,Provincial Highway,Average,Foggy,Daylight,Motorcycle,2,Over Speeding,0,0,0,0,8,3,High
2023,7,Monday,2,KPK,Swat,Urban Road,Average,Clear,Street Light,Car/Taxi,1,Wrong Overtaking,0,0,1,0,0,0,Low
2021,7,Thursday,13,Punjab,Sheikhupura,Provincial Highway,Average,Foggy,Daylight,Van/Pickup,3,Road Condition,1,0,0,0,0,0,Low
2022,7,Sunday,17,Punjab,Gujranwala,Provincial Highway,Average,Foggy,Dawn/Dusk,Truck/Lorry,2,Signal Violation,1,1,0,0,2,1,Medium
2023,6,Saturday,16,Punjab,Lahore,Rural Road,Average,Clear,Daylight,Car/Taxi,1,Driver Fatigue,0,1,0,0,4,1,Medium
2022,1,Thursday,9,Punjab,Sargodha,National Highway,Good,Foggy,Dawn/Dusk,Truck/Lorry,3,Driver Fatigue,1,0,0,1,8,3,High
2018,8,Monday,21,Punjab,Rawalpindi,National Highway,Poor,Clear,No Light,Bicycle,1,Over Speeding,0,0,0,0,4,3,High
2020,9,Saturday,16,Punjab,Rawalpindi,National Highway,Average,Clear,Daylight,Car/Taxi,1,Wrong Overtaking,0,1,0,0,5,0,Medium
2021,5,Tuesday,20,Gilgit-Baltistan,Hunza,Urban Road,Average,Clear,Street Light,Truck/Lorry,2,Over Speeding,1,0,0,0,4,1,Medium
2021,12,Wednesday,18,KPK,Mansehra,Provincial Highway,Poor,Clear,Street Light,Motorcycle,1,Over Speeding,1,0,0,1,9,2,High
2019,12,Tuesday,13,Punjab,Rawalpindi,Urban Road,Poor,Foggy,Daylight,Car/Taxi,2,Signal Violation,1,0,0,1,2,1,Low
2020,5,Sunday,22,Punjab,Lahore,National Highway,Average,Clear,Street Light,Rickshaw,1,Over Speeding,0,1,1,0,10,0,High
2021,2,Wednesday,17,KPK,Mansehra,National Highway,Poor,Dusty/Smoggy,Daylight,Bus/Coach,2,Over Speeding,1,0,0,1,9,2,High
2022,1,Sunday,13,Sindh,Jacobabad,Urban Road,Good,Clear,Daylight,Bus/Coach,1,Weather Condition,1,1,0,1,1,0,Low
2023,1,Saturday,8,KPK,Kohat,Provincial Highway,Poor,Foggy,Daylight,Rickshaw,2,Over Speeding,1,1,0,1,2,0,Medium
2020,7,Saturday,18,Islamabad,Islamabad,Urban Road,Average,Dusty/Smoggy,Daylight,Motorcycle,1,Over Speeding,1,1,0,0,6,1,High
2022,1,Tuesday,10,Sindh,Karachi,National Highway,Good,Clear,Daylight,Van/Pickup,3,Wrong Overtaking,0,0,0,1,1,0,Low