year,month,day_of_week,hour_of_day,province,district,road_type,road_condition,weather_condition,lighting_condition,vehicle_type,vehicles_involved,accident_cause,is_rush_hour,is_weekend,is_night,is_foggy_month,num_injured,num_killed,severity
2023,10,Sunday,6,Punjab,Faisalabad,Urban Road,Average,Rainy,Daylight,Car/Taxi,2,Over Speeding,0,1,0,0,5,1,Medium
2020,3,Sunday,15,KPK,Mardan,Rural Road,Average,Clear,Daylight,Motorcycle,2,Over Speeding,0,1,0,0,5,0,High
2020,3,Sunday,16,Islamabad,Islamabad,National Highway,Good,Clear,Street Light,Motorcycle,2,Wrong Overtaking,0,1,0,0,10,3,High
2021,8,Saturday,18,Sindh,Kashmore,National Highway,Poor,Clear,Daylight,Car/Taxi,1,Wrong Overtaking,1,1,0,0,4,1,Medium
2019,5,Thursday,21,KPK,Charsadda,Rural Road,Average,Clear,No Light,Car/Taxi,1,Road Condition,0,0,0,0,0,0,Low
2020,2,Friday,8,Punjab,Bahawalpur,Urban Road,Average,Clear,Daylight,Bus/Coach,3,Wrong Overtaking,1,0,0,1,2,0,Low
2021,6,Friday,16,Punjab,Bahawalpur,National Highway,Under Repair,Rainy,Daylight,Motorcycle,2,Driver Fatigue,0,0,0,0,9,2,High
2022,9,Tuesday,15,KPK,Mardan,National Highway,Good,Foggy,No Light,Truck/Lorry,2,Mechanical Failure,0,0,0,0,2,1,Medium
2019,7,Tuesday,13,Islamabad,Islamabad,Rural Road,Good,Clear,Daylight,Truck/Lorry,2,Road Condition,1,0,0,0,1,0,Low
2021,5,Monday,13,Sindh,Mirpur Khas,Provincial Highway,Good,Clear,Daylight,Truck/Lorry,2,Over Speeding,1,0,0,0,6,0,High
2020,12,Saturday,23,KPK,Kohat,National Highway,Good,Foggy,No Light,Bicycle,2,Over Speeding,0,1,1,1,6,3,High
2018,7,Monday,9,Punjab,Multan,Urban Road,Good,Rainy,Daylight,Truck/Lorry,4,Wrong Overtaking,1,0,0,0,1,1,Medium
2019,8,Tuesday,11,Punjab,Bahawalpur,Provincial Highway,Good,Clear,Daylight,Car/Taxi,2,Wrong Overtaking,0,0,0,0,0,0,Low
2023,11,Saturday,20,Sindh,Thatta,Urban Road,Good,Dusty/Smoggy,No Light,Bus/Coach,2,Wrong Overtaking,1,1,0,1,0,0,Low
2019,1,Saturday,9,Punjab,Sheikhupura,National Highway,Good,Foggy,Daylight,Rickshaw,3,Mechanical Failure,1,1,0,1,1,0,Low
2022,7,Saturday,18,Sindh,Larkana,Provincial Highway,Poor,Rainy,Street Light,Motorcycle,2,Mechanical Failure,1,1,0,0,5,3,High
2021,6,Wednesday,4,Punjab,Lahore,Provincial Highway,Average,Clear,No Light,Motorcycle,3,Signal Violation,0,0,1,0,6,0,High
2023,8,Tuesday,23,KPK,Bannu,Urban Road,Good,Clear,Street Light,Car/Taxi,2,Signal Violation,0,0,1,0,0,0,Low
2021,1,Wednesday,6,KPK,Peshawar,National Highway,Poor,Foggy,Daylight,Motorcycle,1,Wrong Overtaking,0,0,0,1,7,1,High
2023,2,Thursday,5,Sindh,Larkana,Provincial Highway,Under Repair,Clear,Street Light,Rickshaw,2,Over Speeding,0,0,1,1,3,0,Medium
2020,12,Friday,8,Punjab,Rahim Yar Khan,Urban Road,Good,Extreme Heat,Daylight,Rickshaw,1,Signal Violation,1,0,0,1,2,0,Low
2022,4,Sunday,23,Sindh,Karachi,National Highway,Poor,Dusty/Smoggy,Street Light,Van/Pickup,1,Signal Violation,0,1,1,0,6,4,High
2023,1,Thursday,10,Gilgit-Baltistan,Hunza,Provincial Highway,Average,Foggy,Daylight,Motorcycle,2,Wrong Overtaking,0,0,0,1,11,1,High
2021,12,Tuesday,7,Sindh,Sukkur,Provincial Highway,Good,Clear,Daylight,Motorcycle,4,Driver Fatigue,1,0,0,1,5,0,Medium
2021,12,Tuesday,0,Punjab,Sargodha,National Highway,Under Repair,Clear,Street Light,Motorcycle,1,Road Condition,0,0,1,1,8,0,High
2021,5,Monday,17,Punjab,Rawalpindi,Rural Road,Poor,Clear,Daylight,Bus/Coach,1,Mechanical Failure,1,0,0,0,0,0,Low
2022,2,Saturday,7,Punjab,Sialkot,Provincial Highway,Good,Extreme Heat,Daylight,Rickshaw,3,Signal Violation,1,1,0,1,4,0,Medium
2023,11,Friday,17,Punjab,Rahim Yar Khan,Provincial Highway,Average,Clear,Daylight,Bus/Coach,2,Drunk Driving,1,0,0,1,11,0,High
2018,12,Monday,14,KPK,Swat,Rural Road,Good,Clear,Daylight,Car/Taxi,1,Wrong Overtaking,0,0,0,1,2,0,Low
2021,3,Monday,10,Balochistan,Zhob,National Highway,Average,Clear,Daylight,Van/Pickup,2,Road Condition,0,0,0,0,1,0,Low
2019,4,Sunday,15,Punjab,Sheikhupura,Motorway,Average,Clear,Dawn/Dusk,Truck/Lorry,2,Road Condition,0,1,0,0,3,0,Medium
2023,3,Friday,18,Punjab,Sargodha,Motorway,Poor,Clear,Daylight,Motorcycle,2,Weather Condition,1,0,0,0,5,2,High
2023,7,Thursday,9,Punjab,Lahore,National Highway,Good,Clear,Daylight,Motorcycle,2,Wrong Overtaking,1,0,0,0,4,0,High
2019,7,Saturday,16,Balochistan,Chaman,Rural Road,Good,Clear,Daylight,Motorcycle,1,Over Speeding,0,1,0,0,2,1,Medium
2020,7,Wednesday,7,Sindh,Larkana,Provincial Highway,Good,Foggy,Daylight,Car/Taxi,2,Wrong Overtaking,1,0,0,0,1,0,Medium
2021,2,Thursday,20,Sindh,Thatta,National Highway,Good,Rainy,No Light,Rickshaw,2,Over Speeding,1,0,0,1,5,0,Medium
2019,11,Sunday,10,Punjab,Rawalpindi,Urban Road,Poor,Foggy,Daylight,Motorcycle,1,Over Speeding,0,1,0,1,6,4,High
2022,5,Tuesday,2,Sindh,Kashmore,Rural Road,Under Repair,Dusty/Smoggy,Street Light,Rickshaw,4,Wrong Overtaking,0,0,1,0,1,0,Medium
2018,2,Tuesday,8,Punjab,Gujranwala,National Highway,Average,Clear,Daylight,Motorcycle,2,Road Condition,1,0,0,1,8,1,High
2021,8,Wednesday,12,Punjab,Rawalpindi,Motorway,Poor,Dusty/Smoggy,Daylight,Motorcycle,1,Over Speeding,1,0,0,0,6,0,High
2022,11,Friday,18,Sindh,Sukkur,National Highway,Good,Clear,Street Light,Motorcycle,2,Wrong Overtaking,1,0,0,1,1,0,Medium
2023,6,Monday,1,Sindh,Sukkur,Urban Road,Good,Clear,Street Light,Van/Pickup,2,Wrong Overtaking,0,0,1,0,3,1,Medium
2022,3,Sunday,18,Punjab,Multan,Urban Road,Good,Foggy,Daylight,Car/Taxi,3,Signal Violation,1,1,0,0,0,0,Low
2023,8,Friday,21,Punjab,Rawalpindi,Provincial Highway,Good,Rainy,No Light,Car/Taxi,2,Signal Violation,0,0,0,0,1,0,Medium
2023,11,Wednesday,8,Punjab,Faisalabad,Rural Road,Good,Dusty/Smoggy,Dawn/Dusk,Car/Taxi,1,Over Speeding,1,0,0,1,3,0,Medium
2018,5,Monday,18,Punjab,Sialkot,Motorway,Good,Clear,Dawn/Dusk,Car/Taxi,2,Over Speeding,1,0,0,0,3,1,Medium
2018,11,Friday,19,Sindh,Karachi,Provincial Highway,Good,Clear,Dawn/Dusk,Motorcycle,2,Over Speeding,1,0,0,1,1,0,Medium
2019,8,Saturday,14,Balochistan,Hub,National Highway,Poor,Rainy,Daylight,Motorcycle,3,Over Speeding,0,1,0,0,4,2,High
2023,7,Saturday,17,Punjab,Sialkot,Rural Road,Poor,Clear,Daylight,Truck/Lorry,2,Road Condition,1,1,0,0,2,0,Low
2022,12,Wednesday,14,Punjab,Lahore,Provincial Highway,Good,Rainy,Street Light,Motorcycle,1,Driver Fatigue,0,0,0,1,2,1,High
2021,11,Tuesday,22,Punjab,Lahore,Urban Road,Average,Clear,Street Light,Motorcycle,3,Road Condition,0,0,1,1,1,1,Medium
2020,11,Sunday,16,Sindh,Jacobabad,Provincial Highway,Average,Clear,Dawn/Dusk,Car/Taxi,2,Over Speeding,0,1,0,1,5,0,Medium
2023,7,Monday,18,Sindh,Nawabshah,National Highway,Good,Clear,Daylight,Motorcycle,3,Over Speeding,1,0,0,0,3,2,High
2021,11,Wednesday,9,KPK,Bannu,Rural Road,Average,Dusty/Smoggy,Daylight,Motorcycle,1,Over Speeding,1,0,0,1,5,0,Medium
2023,4,Sunday,20,Punjab,Multan,Provincial Highway,Poor,Clear,Street Light,Car/Taxi,4,Road Condition,1,1,0,0,0,0,Low
2023,8,Friday,1,Sindh,Sukkur,National Highway,Poor,Extreme Heat,No Light,Motorcycle,1,Driver Fatigue,0,0,1,0,5,0,High
2019,12,Thursday,6,Balochistan,Zhob,National Highway,Good,Clear,Street Light,Rickshaw,1,Road Condition,0,0,0,1,0,0,Low
2018,12,Sunday,8,Balochistan,Chaman,Urban Road,Poor,Foggy,Daylight,Motorcycle,1,Mechanical Failure,1,1,0,1,3,0,Medium
2023,1,Monday,12,Islamabad,Islamabad,Rural Road,Good,Dusty/Smoggy,Daylight,Other,1,Wrong Overtaking,1,0,0,1,1,0,Low
2018,4,Sunday,19,KPK,Kohat,National Highway,Under Repair,Foggy,Street Light,Motorcycle,1,Drunk Driving,1,1,0,0,10,0,High
2023,4,Saturday,5,Balochistan,Khuzdar,National Highway,Average,Foggy,Street Light,Motorcycle,1,Mechanical Failure,0,1,1,0,3,2,High
2021,1,Thursday,16,Punjab,Rawalpindi,National Highway,Average,Clear,Daylight,Bicycle,2,Road Condition,0,0,0,1,5,0,Medium
2023,8,Friday,22,Punjab,Lahore,Provincial Highway,Poor,Foggy,Street Light,Motorcycle,2,Drunk Driving,0,0,1,0,6,0,High
2023,12,Wednesday,3,Punjab,Sialkot,Rural Road,Under Repair,Clear,No Light,Rickshaw,3,Over Speeding,0,0,1,1,2,0,Medium
2022,2,Tuesday,23,KPK,Dera Ismail Khan,National Highway,Poor,Rainy,No Light,Rickshaw,1,Mechanical Failure,0,0,1,1,2,1,High
2019,8,Thursday,10,Islamabad,Islamabad,Rural Road,Good,Clear,Daylight,Bus/Coach,3,Road Condition,0,0,0,0,0,0,Low
2019,5,Wednesday,21,Punjab,Sargodha,National Highway,Average,Rainy,Street Light,Bicycle,4,Over Speeding,0,0,0,0,10,2,High
2021,12,Sunday,8,Sindh,Dadu,National Highway,Average,Clear,Daylight,Car/Taxi,2,Pedestrian Error,1,1,0,1,4,1,Medium
2021,12,Friday,7,KPK,Mansehra,National Highway,Poor,Clear,Daylight,Car/Taxi,1,Over Speeding,1,0,0,1,2,0,Medium
2018,3,Tuesday,1,Islamabad,Islamabad,Urban Road,Under Repair,Foggy,Street Light,Motorcycle,2,Signal Violation,0,0,1,0,4,0,Medium
2018,12,Friday,16,Sindh,Thatta,Provincial Highway,Average,Clear,Dawn/Dusk,Car/Taxi,2,Signal Violation,0,0,0,1,4,0,Medium
2021,7,Monday,21,AJK,Mirpur,Motorway,Poor,Extreme Heat,Street Light,Truck/Lorry,2,Wrong Overtaking,0,0,0,0,11,4,High
2023,3,Friday,8,Punjab,Faisalabad,National Highway,Good,Clear,Daylight,Motorcycle,2,Wrong Overtaking,1,0,0,0,5,1,High
2022,12,Friday,20,Punjab,Rawalpindi,National Highway,Poor,Foggy,No Light,Car/Taxi,2,Over Speeding,1,0,0,1,2,0,Medium
2020,7,Friday,19,Sindh,Karachi,National Highway,Good,Dusty/Smoggy,Dawn/Dusk,Bus/Coach,1,Mobile Phone Use,1,0,0,0,1,0,Medium
2018,6,Sunday,9,Punjab,Gujranwala,Provincial Highway,Poor,Foggy,Daylight,Motorcycle,1,Over Speeding,1,1,0,0,11,1,High
2023,2,Monday,19,Punjab,Sialkot,Urban Road,Average,Clear,No Light,Bus/Coach,1,Wrong Overtaking,1,0,0,1,3,0,Medium
2020,11,Saturday,9,KPK,Mansehra,Provincial Highway,Good,Clear,No Light,Bicycle,2,Wrong Overtaking,1,1,0,1,4,0,Medium
2018,12,Thursday,13,KPK,Mardan,Provincial Highway,Average,Clear,Daylight,Bus/Coach,2,Pedestrian Error,1,0,0,1,2,0,Low
2019,7,Thursday,14,KPK,Peshawar,Urban Road,Good,Rainy,Daylight,Motorcycle,2,Road Condition,0,0,0,0,2,1,Medium
2022,5,Friday,9,Punjab,Sargodha,Provincial Highway,Good,Foggy,Street Light,Truck/Lorry,2,Over Speeding,1,0,0,0,2,1,High
2019,11,Tuesday,18,Sindh,Larkana,Urban Road,Average,Rainy,Dawn/Dusk,Bicycle,1,Wrong Overtaking,1,0,0,1,11,2,High
2023,12,Thursday,17,Punjab,Sheikhupura,Provincial Highway,Average,Clear,Daylight,Motorcycle,2,Pedestrian Error,1,0,0,1,5,1,Medium
2018,3,Friday,23,Punjab,Bahawalpur,Motorway,Good,Dusty/Smoggy,Street Light,Motorcycle,2,Road Condition,0,0,1,0,8,1,High
2022,5,Tuesday,9,Sindh,Nawabshah,Rural Road,Poor,Clear,Daylight,Rickshaw,1,Wrong Overtaking,1,0,0,0,2,0,Low
2018,2,Saturday,19,Punjab,Rahim Yar Khan,Urban Road,Under Repair,Rainy,No Light,Bicycle,1,Over Speeding,1,1,0,1,2,2,High
2021,8,Monday,21,Punjab,Rawalpindi,Motorway,Average,Clear,Street Light,Car/Taxi,2,Mechanical Failure,0,0,0,0,5,0,Medium
2023,1,Sunday,6,KPK,Charsadda,Urban Road,Average,Clear,Daylight,Truck/Lorry,1,Wrong Overtaking,0,1,0,1,0,1,Low
2022,4,Sunday,7,Punjab,Rahim Yar Khan,Rural Road,Good,Foggy,Daylight,Motorcycle,2,Pedestrian Error,1,1,0,0,2,0,Low
2021,12,Sunday,14,Islamabad,Islamabad,Motorway,Average,Clear,Daylight,Car/Taxi,1,Over Speeding,0,1,0,1,3,0,Medium
2019,5,Friday,8,Sindh,Karachi,Motorway,Poor,Clear,Daylight,Bicycle,1,Wrong Overtaking,1,0,0,0,4,2,Medium
2022,9,Monday,11,AJK,Rawalakot,Motorway,Poor,Clear,Daylight,Rickshaw,3,Driver Fatigue,0,0,0,0,9,2,High
2021,2,Monday,11,Punjab,Sheikhupura,Rural Road,Average,Dusty/Smoggy,Daylight,Motorcycle,2,Signal Violation,0,0,0,1,4,0,Medium
2018,3,Friday,10,Sindh,Kashmore,Provincial Highway,Good,Foggy,Daylight,Motorcycle,2,Driver Fatigue,0,0,0,0,9,2,High
2021,9,Friday,18,Punjab,Sheikhupura,Motorway,Good,Foggy,No Light,Rickshaw,1,Over Speeding,1,0,0,0,10,2,High
2023,12,Monday,12,Balochistan,Dera Bugti,Rural Road,Under Repair,Clear,Daylight,Other,1,Mobile Phone Use,1,0,0,1,1,0,Low
2018,7,Friday,16,Punjab,Bahawalpur,Rural Road,Poor,Clear,Daylight,Bus/Coach,3,Drunk Driving,0,0,0,0,2,0,Medium
2018,5,Saturday,17,Punjab,Rahim Yar Khan,Rural Road,Average,Clear,Daylight,Motorcycle,2,Signal Violation,1,1,0,0,2,0,Low
2021,3,Wednesday,1,Balochistan,Gwadar,Urban Road,Average,Clear,No Light,Other,2,Pedestrian Error,0,0,1,0,2,0,Low
2019,11,Saturday,18,Punjab,Sheikhupura,Provincial Highway,Poor,Extreme Heat,Daylight,Motorcycle,3,Weather Condition,1,1,0,1,1,0,Medium
2019,3,Thursday,20,Punjab,Sheikhupura,Provincial Highway,Average,Clear,Street Light,Motorcycle,1,Signal Violation,1,0,0,0,5,2,Medium
2019,7,Tuesday,12,Punjab,Rahim Yar Khan,National Highway,Average,Rainy,Daylight,Car/Taxi,2,Wrong Overtaking,1,0,0,0,6,0,High
2019,12,Sunday,9,Sindh,Mirpur Khas,Urban Road,Good,Clear,No Light,Motorcycle,1,Road Condition,1,1,0,1,2,0,Low
2020,8,Sunday,7,Punjab,Sialkot,Provincial Highway,Good,Extreme Heat,Daylight,Motorcycle,1,Over Speeding,1,1,0,0,4,0,Medium
2020,7,Monday,19,Sindh,Jacobabad,National Highway,Average,Clear,No Light,Truck/Lorry,2,Driver Fatigue,1,0,0,0,4,1,Medium
2020,7,Saturday,18,Punjab,Sheikhupura,National Highway,Poor,Clear,Daylight,Car/Taxi,3,Over Speeding,1,1,0,0,2,1,Medium
2023,2,Tuesday,7,Sindh,Jacobabad,Provincial Highway,Average,Foggy,No Light,Bus/Coach,2,Wrong Overtaking,1,0,0,1,7,2,High
2020,10,Thursday,10,KPK,Peshawar,National Highway,Average,Rainy,Daylight,Rickshaw,1,Over Speeding,0,0,0,0,9,0,High
2020,3,Monday,3,Punjab,Sheikhupura,Provincial Highway,Poor,Clear,Street Light,Van/Pickup,2,Over Speeding,0,0,1,0,3,1,High
2018,1,Saturday,5,Sindh,Nawabshah,Urban Road,Under Repair,Clear,Street Light,Car/Taxi,3,Drunk Driving,0,1,1,1,5,0,Medium
2018,8,Friday,14,Punjab,Faisalabad,National Highway,Good,Foggy,Daylight,Truck/Lorry,1,Mechanical Failure,0,0,0,0,1,0,Medium
2018,2,Friday,15,Punjab,Rahim Yar Khan,National Highway,Average,Rainy,Daylight,Car/Taxi,1,Over Speeding,0,0,0,1,3,0,Medium
2023,10,Friday,9,Punjab,Sheikhupura,National Highway,Average,Clear,Daylight,Car/Taxi,3,Drunk Driving,1,0,0,0,2,0,Medium
2022,5,Saturday,12,Sindh,Karachi,National Highway,Good,Clear,Daylight,Car/Taxi,1,Weather Condition,1,1,0,0,0,0,Low
2023,5,Thursday,8,Sindh,Mirpur Khas,National Highway,Poor,Foggy,Daylight,Car/Taxi,1,Drunk Driving,1,0,0,0,2,0,Medium
2022,2,Saturday,17,Islamabad,Islamabad,Motorway,Good,Dusty/Smoggy,Daylight,Bicycle,1,Over Speeding,1,1,0,1,5,0,High
2018,11,Sunday,15,Punjab,Sheikhupura,National Highway,Good,Clear,Dawn/Dusk,Motorcycle,4,Wrong Overtaking,0,1,0,1,2,1,Medium
2022,11,Saturday,17,Sindh,Karachi,Urban Road,Under Repair,Clear,Daylight,Car/Taxi,1,Over Speeding,1,1,0,1,0,0,Low
2023,7,Saturday,4,Sindh,Hyderabad,National Highway,Under Repair,Clear,No Light,Rickshaw,2,Signal Violation,0,1,1,0,10,2,High
2019,6,Tuesday,21,Sindh,Jacobabad,Provincial Highway,Good,Dusty/Smoggy,No Light,Motorcycle,3,Road Condition,0,0,0,0,3,0,Medium
2019,7,Saturday,20,Balochistan,Dera Bugti,Provincial Highway,Average,Clear,No Light,Car/Taxi,1,Mechanical Failure,1,1,0,0,1,0,Low
2018,1,Thursday,8,Punjab,Faisalabad,Motorway,Under Repair,Rainy,Daylight,Truck/Lorry,3,Driver Fatigue,1,0,0,1,11,0,High
2022,11,Tuesday,12,Punjab,Sheikhupura,Provincial Highway,Good,Extreme Heat,Daylight,Motorcycle,2,Pedestrian Error,1,0,0,1,4,1,Medium
2018,12,Tuesday,6,KPK,Bannu,Provincial Highway,Under Repair,Extreme Heat,Daylight,Rickshaw,1,Wrong Overtaking,0,0,0,1,5,1,Medium
2020,1,Saturday,13,Punjab,Rahim Yar Khan,Motorway,Poor,Clear,Daylight,Motorcycle,2,Signal Violation,1,1,0,1,1,0,Medium
2021,12,Tuesday,17,Punjab,Bahawalpur,National Highway,Good,Clear,Daylight,Car/Taxi,1,Wrong Overtaking,1,0,0,1,1,0,Low
2020,6,Thursday,20,Punjab,Faisalabad,National Highway,Average,Clear,No Light,Bus/Coach,1,Over Speeding,1,0,0,0,3,1,High
2020,4,Saturday,16,Punjab,Rahim Yar Khan,Provincial Highway,Poor,Clear,Daylight,Motorcycle,1,Over Speeding,0,1,0,0,8,1,High
2018,3,Wednesday,6,Sindh,Sukkur,Provincial Highway,Average,Clear,Daylight,Car/Taxi,1,Mechanical Failure,0,0,0,0,0,0,Low
2022,12,Tuesday,17,Punjab,Rawalpindi,Motorway,Good,Foggy,Daylight,Motorcycle,1,Driver Fatigue,1,0,0,1,5,1,High
2019,2,Thursday,5,Punjab,Bahawalpur,Provincial Highway,Average,Clear,Dawn/Dusk,Motorcycle,2,Pedestrian Error,0,0,1,1,1,1,Medium
2021,11,Saturday,17,Sindh,Thatta,National Highway,Average,Dusty/Smoggy,Street Light,Rickshaw,2,Signal Violation,1,1,0,1,5,2,Medium
2023,6,Sunday,14,Sindh,Nawabshah,Provincial Highway,Average,Dusty/Smoggy,Dawn/Dusk,Car/Taxi,1,Wrong Overtaking,0,1,0,0,1,0,Low
2018,4,Sunday,18,AJK,Rawalakot,National Highway,Average,Dusty/Smoggy,Daylight,Motorcycle,2,Over Speeding,1,1,0,0,10,2,High
2019,11,Sunday,19,Punjab,Lahore,National Highway,Average,Rainy,Street Light,Car/Taxi,1,Over Speeding,1,1,0,1,4,0,Medium
2020,4,Friday,7,Islamabad,Islamabad,National Highway,Poor,Clear,Daylight,Car/Taxi,2,Road Condition,1,0,0,0,2,1,Low
2022,2,Wednesday,12,Sindh,Thatta,National Highway,Average,Clear,Daylight,Bus/Coach,3,Over Speeding,1,0,0,1,7,2,High
2021,7,Friday,21,KPK,Nowshera,Provincial Highway,Average,Foggy,No Light,Van/Pickup,3,Over Speeding,0,0,0,0,3,0,Medium
2022,3,Friday,20,Sindh,Mirpur Khas,National Highway,Average,Clear,No Light,Motorcycle,2,Road Condition,1,0,0,0,1,1,Medium
2020,6,Friday,21,Sindh,Mirpur Khas,Urban Road,Poor,Clear,Street Light,Car/Taxi,3,Driver Fatigue,0,0,0,0,2,0,Medium
2022,11,Wednesday,6,Balochistan,Turbat,Motorway,Average,Foggy,Daylight,Bicycle,1,Wrong Overtaking,0,0,0,1,7,1,High
2018,5,Sunday,10,Balochistan,Quetta,Provincial Highway,Good,Foggy,Daylight,Motorcycle,2,Wrong Overtaking,0,1,0,0,4,1,High
2021,5,Tuesday,9,Punjab,Sheikhupura,Provincial Highway,Under Repair,Dusty/Smoggy,Dawn/Dusk,Motorcycle,3,Over Speeding,1,0,0,0,10,4,High
2023,7,Monday,19,Punjab,Rahim Yar Khan,National Highway,Good,Clear,Street Light,Car/Taxi,4,Signal Violation,1,0,0,0,4,0,Medium
2018,7,Friday,9,Sindh,Sukkur,National Highway,Poor,Extreme Heat,Street Light,Motorcycle,2,Over Speeding,1,0,0,0,7,0,High
2021,7,Friday,17,Balochistan,Hub,Urban Road,Poor,Foggy,No Light,Car/Taxi,3,Mechanical Failure,1,0,0,0,0,0,Low
2020,3,Friday,16,Punjab,Bahawalpur,National Highway,Good,Clear,Daylight,Motorcycle,4,Over Speeding,0,0,0,0,8,2,High
2019,11,Wednesday,18,Sindh,Jacobabad,National Highway,Poor,Foggy,Daylight,Car/Taxi,2,Driver Fatigue,1,0,0,1,3,2,High
2021,11,Sunday,22,KPK,Nowshera,Urban Road,Poor,Clear,Street Light,Motorcycle,2,Pedestrian Error,0,1,1,1,0,0,Low
2022,12,Thursday,13,KPK,Dera Ismail Khan,Urban Road,Good,Clear,Daylight,Van/Pickup,2,Over Speeding,1,0,0,1,1,1,Medium
2019,2,Saturday,9,Sindh,Kashmore,Rural Road,Average,Clear,Daylight,Motorcycle,2,Pedestrian Error,1,1,0,1,0,0,Low
2018,1,Saturday,15,Punjab,Rahim Yar Khan,National Highway,Good,Clear,Dawn/Dusk,Motorcycle,1,Mechanical Failure,0,1,0,1,6,1,High
2022,5,Friday,20,Islamabad,Islamabad,Urban Road,Average,Rainy,Street Light,Motorcycle,4,Mechanical Failure,1,0,0,0,1,0,Low
2019,3,Friday,13,Sindh,Larkana,National Highway,Average,Clear,Daylight,Truck/Lorry,1,Over Speeding,1,0,0,0,11,0,High
2023,5,Wednesday,18,KPK,Dera Ismail Khan,National Highway,Average,Extreme Heat,Daylight,Bus/Coach,1,Mechanical Failure,1,0,0,0,5,0,Medium
2019,6,Friday,10,Punjab,Multan,Rural Road,Under Repair,Rainy,Daylight,Van/Pickup,2,Signal Violation,0,0,0,0,0,0,Low
2020,4,Thursday,8,KPK,Dera Ismail Khan,National Highway,Under Repair,Rainy,Daylight,Motorcycle,3,Mechanical Failure,1,0,0,0,9,0,High
2020,6,Friday,16,Punjab,Sialkot,Provincial Highway,Average,Rainy,Daylight,Truck/Lorry,3,Wrong Overtaking,0,0,0,0,5,2,Medium
2019,7,Thursday,14,Punjab,Rahim Yar Khan,Provincial Highway,Good,Clear,Dawn/Dusk,Motorcycle,1,Signal Violation,0,0,0,0,1,0,Medium
2021,9,Monday,22,KPK,Swat,National Highway,Good,Dusty/Smoggy,No Light,Truck/Lorry,1,Over Speeding,0,0,1,0,7,0,High
2020,5,Sunday,19,Sindh,Jacobabad,Rural Road,Good,Clear,Dawn/Dusk,Bus/Coach,1,Mechanical Failure,1,1,0,0,0,0,Low
2019,7,Sunday,10,KPK,Mardan,Motorway,Average,Clear,Daylight,Car/Taxi,1,Wrong Overtaking,0,1,0,0,2,1,Medium
2023,1,Saturday,22,Punjab,Sargodha,National Highway,Poor,Clear,Street Light,Car/Taxi,2,Over Speeding,0,1,1,1,5,1,High
2023,8,Thursday,13,Sindh,Sukkur,National Highway,Average,Clear,Daylight,Bus/Coach,3,Wrong Overtaking,1,0,0,0,4,1,Medium
2019,1,Saturday,14,Sindh,Thatta,Provincial Highway,Average,Foggy,Daylight,Car/Taxi,1,Wrong Overtaking,0,1,0,1,5,0,Medium
2019,5,Sunday,10,Sindh,Mirpur Khas,Urban Road,Poor,Clear,Daylight,Car/Taxi,4,Signal Violation,0,1,0,0,1,0,Low
2023,1,Monday,19,Punjab,Sheikhupura,Provincial Highway,Poor,Clear,Daylight,Car/Taxi,2,Over Speeding,1,0,0,1,2,0,Low
2018,1,Tuesday,23,KPK,Swat,Urban Road,Average,Clear,No Light,Rickshaw,3,Mechanical Failure,0,0,1,1,2,0,Low
2022,3,Tuesday,16,KPK,Kohat,Motorway,Good,Clear,Daylight,Car/Taxi,1,Mechanical Failure,0,0,0,0,4,2,Medium
2021,12,Saturday,13,Punjab,Lahore,Provincial Highway,Average,Clear,Daylight,Motorcycle,1,Signal Violation,1,1,0,1,5,1,Medium
2022,12,Friday,0,Punjab,Rawalpindi,Rural Road,Average,Clear,No Light,Rickshaw,2,Road Condition,0,0,1,1,2,0,Low
2022,4,Sunday,10,KPK,Swat,Provincial Highway,Good,Clear,Daylight,Car/Taxi,1,Signal Violation,0,1,0,0,2,0,Medium
2021,6,Tuesday,18,KPK,Bannu,Urban Road,Poor,Extreme Heat,Daylight,Car/Taxi,1,Road Condition,1,0,0,0,0,0,Low
2022,7,Sunday,14,KPK,Charsadda,Rural Road,Good,Dusty/Smoggy,Daylight,Car/Taxi,2,Wrong Overtaking,0,1,0,0,0,0,Low
2023,3,Saturday,23,KPK,Mardan,National Highway,Poor,Clear,No Light,Motorcycle,2,Road Condition,0,1,1,0,11,1,High
2021,3,Saturday,17,Punjab,Sialkot,Provincial Highway,Good,Clear,Daylight,Motorcycle,1,Over Speeding,1,1,0,0,5,2,High
2020,9,Sunday,6,Punjab,Multan,National Highway,Good,Rainy,Daylight,Truck/Lorry,2,Signal Violation,0,1,0,0,11,3,High
2020,8,Friday,20,Punjab,Gujranwala,Rural Road,Good,Clear,Street Light,Truck/Lorry,3,Over Speeding,1,0,0,0,5,0,Medium
2019,1,Friday,22,Punjab,Rahim Yar Khan,National Highway,Poor,Clear,Street Light,Motorcycle,1,Driver Fatigue,0,0,1,1,7,0,High
2020,12,Saturday,6,KPK,Bannu,Provincial Highway,Poor,Clear,Daylight,Rickshaw,2,Wrong Overtaking,0,1,0,1,0,0,Low
2020,6,Tuesday,3,Punjab,Multan,Rural Road,Good,Foggy,Street Light,Bus/Coach,1,Over Speeding,0,0,1,0,10,2,High
2021,7,Wednesday,7,Islamabad,Islamabad,National Highway,Average,Rainy,No Light,Bus/Coach,1,Drunk Driving,1,0,0,0,8,2,High