year,month,day_of_week,hour_of_day,province,district,road_type,road_condition,weather_condition,lighting_condition,vehicle_type,vehicles_involved,accident_cause,is_rush_hour,is_weekend,is_night,is_foggy_month,num_injured,num_killed,severity
2022,11,Tuesday,10,KPK,Kohat,Motorway,Good,Clear,Street Light,Motorcycle,2,Pedestrian Error,0,0,0,1,1,0,Medium
2020,12,Friday,17,Balochistan,Loralai,Urban Road,Good,Foggy,Dawn/Dusk,Bus/Coach,1,Signal Violation,1,0,0,1,5,1,Medium
2020,12,Saturday,21,Balochistan,Loralai,National Highway,Good,Foggy,No Light,Car/Taxi,2,Signal Violation,0,1,0,1,5,3,High
2021,3,Wednesday,9,Punjab,Sialkot,National Highway,Average,Rainy,Street Light,Truck/Lorry,4,Mechanical Failure,1,0,0,0,11,1,High
2023,11,Thursday,0,Balochistan,Khuzdar,Provincial Highway,Average,Clear,No Light,Motorcycle,2,Signal Violation,0,0,1,1,3,0,Medium
2022,8,Saturday,3,Punjab,Lahore,National Highway,Under Repair,Rainy,No Light,Car/Taxi,2,Over Speeding,0,1,1,0,9,0,High
2023,7,Saturday,19,Punjab,Sheikhupura,Provincial Highway,Good,Foggy,Dawn/Dusk,Truck/Lorry,1,Wrong Overtaking,1,1,0,0,1,1,Medium
2022,4,Thursday,11,KPK,Mansehra,Provincial Highway,Average,Foggy,Street Light,Bus/Coach,2,Pedestrian Error,0,0,0,0,5,0,Medium
2019,8,Friday,21,Punjab,Rawalpindi,National Highway,Good,Dusty/Smoggy,Street Light,Motorcycle,2,Mechanical Failure,0,0,0,0,7,1,High
2019,12,Wednesday,13,AJK,Muzaffarabad,Urban Road,Under Repair,Extreme Heat,Daylight,Motorcycle,1,Wrong Overtaking,1,0,0,1,1,0,Low
2019,4,Friday,13,KPK,Mansehra,Provincial Highway,Average,Foggy,Daylight,Motorcycle,2,Wrong Overtaking,1,0,0,0,3,1,High
2021,4,Friday,8,KPK,Abbottabad,Urban Road,Good,Rainy,Daylight,Truck/Lorry,2,Mechanical Failure,1,0,0,0,4,0,Medium
2018,11,Wednesday,16,Punjab,Lahore,Rural Road,Good,Clear,Dawn/Dusk,Rickshaw,1,Road Condition,0,0,0,1,1,0,Low
2019,4,Tuesday,22,KPK,Kohat,National Highway,Average,Clear,Street Light,Rickshaw,3,Road Condition,0,0,1,0,5,1,Medium
2023,9,Wednesday,21,Punjab,Lahore,Provincial Highway,Good,Clear,No Light,Motorcycle,4,Road Condition,0,0,0,0,1,0,Medium
2022,5,Tuesday,1,KPK,Abbottabad,Rural Road,Average,Extreme Heat,No Light,Car/Taxi,2,Over Speeding,0,0,1,0,1,0,Low
2019,6,Thursday,19,Punjab,Rawalpindi,Urban Road,Under Repair,Dusty/Smoggy,Street Light,Rickshaw,2,Drunk Driving,1,0,0,0,2,0,Low
2019,8,Sunday,18,KPK,Mansehra,Provincial Highway,Good,Clear,Daylight,Car/Taxi,2,Over Speeding,1,1,0,0,0,0,Low
2022,7,Wednesday,8,Punjab,Multan,Urban Road,Average,Clear,Daylight,Motorcycle,4,Drunk Driving,1,0,0,0,5,1,Medium
2022,1,Sunday,16,Punjab,Bahawalpur,Provincial Highway,Average,Foggy,Daylight,Motorcycle,2,Over Speeding,0,1,0,1,11,2,High
2023,8,Monday,3,Sindh,Sukkur,Motorway,Average,Clear,Street Light,Car/Taxi,2,Over Speeding,0,0,1,0,4,0,Medium
2018,2,Sunday,3,Punjab,Bahawalpur,National Highway,Good,Clear,Street Light,Motorcycle,2,Wrong Overtaking,0,1,1,1,5,0,High
2021,10,Saturday,13,KPK,Nowshera,National Highway,Poor,Clear,Daylight,Bicycle,2,Mechanical Failure,1,1,0,0,1,0,Medium
2023,5,Monday,11,Punjab,Faisalabad,Rural Road,Good,Clear,Daylight,Bus/Coach,1,Road Condition,0,0,0,0,2,0,Low
2023,10,Wednesday,9,Punjab,Bahawalpur,Provincial Highway,Poor,Clear,Daylight,Car/Taxi,3,Wrong Overtaking,1,0,0,0,1,0,Low
2018,3,Tuesday,18,Sindh,Karachi,Urban Road,Under Repair,Clear,Daylight,Car/Taxi,2,Over Speeding,1,0,0,0,0,0,Low
2018,6,Thursday,17,Punjab,Sheikhupura,Motorway,Good,Clear,Dawn/Dusk,Motorcycle,3,Road Condition,1,0,0,0,2,0,Medium
2020,10,Tuesday,9,Punjab,Sargodha,National Highway,Average,Clear,Daylight,Car/Taxi,1,Signal Violation,1,0,0,0,2,0,Low
2021,11,Monday,11,KPK,Mansehra,National Highway,Average,Rainy,Daylight,Car/Taxi,2,Over Speeding,0,0,0,1,4,1,Medium
2020,10,Monday,23,Punjab,Bahawalpur,National Highway,Poor,Rainy,Street Light,Motorcycle,4,Over Speeding,0,0,1,0,4,1,High
2019,12,Monday,10,Punjab,Sheikhupura,National Highway,Average,Clear,No Light,Car/Taxi,1,Over Speeding,0,0,0,1,11,0,High
2019,3,Sunday,21,Punjab,Bahawalpur,Motorway,Average,Foggy,Street Light,Motorcycle,1,Pedestrian Error,0,1,0,0,10,2,High
2023,7,Saturday,19,Sindh,Nawabshah,Urban Road,Good,Clear,Dawn/Dusk,Van/Pickup,2,Wrong Overtaking,1,1,0,0,2,0,Low
2018,11,Friday,10,Sindh,Larkana,Urban Road,Under Repair,Clear,Daylight,Motorcycle,1,Road Condition,0,0,0,1,1,0,Low
2023,10,Tuesday,17,Punjab,Sheikhupura,Motorway,Average,Clear,Daylight,Car/Taxi,2,Mobile Phone Use,1,0,0,0,2,2,Medium
2019,7,Saturday,22,KPK,Charsadda,Motorway,Average,Clear,Street Light,Van/Pickup,1,Road Condition,0,1,1,0,2,0,Low
2020,8,Saturday,21,Punjab,Bahawalpur,Rural Road,Good,Rainy,No Light,Bus/Coach,1,Pedestrian Error,0,1,0,0,1,1,Medium
2019,7,Sunday,9,Sindh,Sukkur,Urban Road,Good,Clear,Daylight,Bus/Coach,2,Road Condition,1,1,0,0,1,0,Low
2021,2,Friday,15,Punjab,Rahim Yar Khan,Provincial Highway,Poor,Clear,Daylight,Motorcycle,3,Pedestrian Error,0,0,0,1,1,0,Low
2022,2,Tuesday,18,Sindh,Dadu,National Highway,Average,Clear,Daylight,Rickshaw,1,Pedestrian Error,1,0,0,1,0,0,Low
2019,11,Sunday,21,Islamabad,Islamabad,Rural Road,Good,Clear,Street Light,Motorcycle,1,Over Speeding,0,1,0,1,4,0,Medium
2020,2,Sunday,8,Sindh,Jacobabad,National Highway,Good,Clear,Daylight,Car/Taxi,2,Over Speeding,1,1,0,1,5,0,Medium
2019,6,Tuesday,4,AJK,Muzaffarabad,National Highway,Average,Clear,No Light,Rickshaw,2,Over Speeding,0,0,1,0,11,4,High
2019,1,Saturday,21,Punjab,Faisalabad,Urban Road,Good,Clear,Street Light,Car/Taxi,2,Over Speeding,0,1,0,1,0,0,Low
2023,2,Friday,19,Punjab,Faisalabad,Rural Road,Average,Clear,No Light,Car/Taxi,2,Wrong Overtaking,1,0,0,1,1,0,Low
2023,12,Tuesday,16,Punjab,Lahore,Urban Road,Average,Foggy,Daylight,Motorcycle,2,Wrong Overtaking,0,0,0,1,4,2,Medium
2020,12,Thursday,21,Punjab,Lahore,Provincial Highway,Poor,Clear,Street Light,Car/Taxi,3,Over Speeding,0,0,0,1,3,0,Medium
2023,7,Friday,13,Punjab,Multan,Rural Road,Good,Foggy,Daylight,Motorcycle,2,Mechanical Failure,1,0,0,0,1,0,Medium
2022,7,Monday,20,Punjab,Sargodha,National Highway,Good,Clear,No Light,Motorcycle,4,Pedestrian Error,1,0,0,0,8,1,High
2021,5,Wednesday,16,Sindh,Nawabshah,National Highway,Average,Clear,Dawn/Dusk,Car/Taxi,1,Pedestrian Error,0,0,0,0,2,0,Low
2021,7,Tuesday,9,Punjab,Sargodha,Provincial Highway,Good,Clear,Daylight,Motorcycle,3,Signal Violation,1,0,0,0,3,0,Medium
2022,4,Thursday,2,Punjab,Bahawalpur,Rural Road,Good,Clear,No Light,Car/Taxi,1,Wrong Overtaking,0,0,1,0,2,0,Low
2020,6,Friday,16,Punjab,Bahawalpur,National Highway,Average,Clear,Daylight,Motorcycle,2,Road Condition,0,0,0,0,3,2,Medium
2022,1,Sunday,20,Balochistan,Khuzdar,Provincial Highway,Good,Clear,Street Light,Van/Pickup,2,Pedestrian Error,1,1,0,1,0,0,Low
2022,12,Thursday,8,Punjab,Sargodha,National Highway,Good,Rainy,No Light,Bicycle,1,Over Speeding,1,0,0,1,6,0,High
2023,8,Friday,6,KPK,Mansehra,National Highway,Poor,Clear,Street Light,Motorcycle,1,Driver Fatigue,0,0,0,0,5,2,High
2023,3,Friday,8,Sindh,Thatta,Rural Road,Poor,Clear,Daylight,Rickshaw,2,Pedestrian Error,1,0,0,0,0,0,Low
2020,11,Saturday,19,Sindh,Sukkur,National Highway,Good,Clear,Dawn/Dusk,Truck/Lorry,2,Pedestrian Error,1,1,0,1,0,0,Low
2023,1,Saturday,19,Punjab,Sheikhupura,National Highway,Good,Foggy,Street Light,Motorcycle,3,Pedestrian Error,1,1,0,1,5,1,High
2019,3,Thursday,9,Punjab,Gujranwala,National Highway,Average,Rainy,Daylight,Car/Taxi,2,Pedestrian Error,1,0,0,0,2,0,Low
2020,7,Thursday,13,Sindh,Hyderabad,Provincial Highway,Poor,Clear,Daylight,Motorcycle,2,Over Speeding,1,0,0,0,4,0,Medium
2018,1,Wednesday,12,Punjab,Multan,Provincial Highway,Average,Rainy,Dawn/Dusk,Bus/Coach,2,Over Speeding,1,0,0,1,10,0,High
2020,2,Saturday,6,Punjab,Sargodha,National Highway,Poor,Clear,Daylight,Truck/Lorry,4,Over Speeding,0,1,0,1,4,3,High
2020,7,Tuesday,14,Punjab,Lahore,Motorway,Good,Clear,Daylight,Motorcycle,2,Over Speeding,0,0,0,0,11,1,High
2022,7,Friday,20,Balochistan,Quetta,Rural Road,Good,Clear,No Light,Motorcycle,1,Signal Violation,1,0,0,0,3,0,Medium
2022,10,Friday,12,Sindh,Dadu,Provincial Highway,Good,Clear,Daylight,Car/Taxi,2,Road Condition,1,0,0,0,0,0,Low
2018,1,Thursday,1,Sindh,Sukkur,National Highway,Good,Foggy,No Light,Truck/Lorry,2,Signal Violation,0,0,1,1,7,0,High
2019,1,Friday,12,Sindh,Karachi,National Highway,Good,Foggy,Daylight,Van/Pickup,1,Over Speeding,1,0,0,1,2,3,High
2018,1,Tuesday,18,Balochistan,Loralai,Provincial Highway,Good,Clear,Daylight,Motorcycle,2,Mechanical Failure,1,0,0,1,2,0,Low
2022,4,Wednesday,9,Sindh,Jacobabad,Rural Road,Average,Clear,Daylight,Motorcycle,1,Signal Violation,1,0,0,0,2,0,Low
2022,10,Saturday,12,Sindh,Hyderabad,Provincial Highway,Poor,Clear,Daylight,Motorcycle,2,Road Condition,1,1,0,0,0,0,Low
2023,9,Thursday,18,Islamabad,Islamabad,Provincial Highway,Good,Rainy,Daylight,Car/Taxi,4,Wrong Overtaking,1,0,0,0,2,0,Medium
2021,10,Wednesday,16,KPK,Charsadda,Rural Road,Under Repair,Clear,Daylight,Truck/Lorry,3,Over Speeding,0,0,0,0,1,0,Low
2023,1,Wednesday,6,Punjab,Rawalpindi,Motorway,Average,Clear,Daylight,Rickshaw,4,Over Speeding,0,0,0,1,5,0,Medium
2022,7,Monday,22,Punjab,Rawalpindi,Provincial Highway,Poor,Foggy,No Light,Motorcycle,3,Pedestrian Error,0,0,1,0,6,3,High
2023,8,Sunday,11,KPK,Kohat,Motorway,Good,Foggy,Street Light,Motorcycle,2,Wrong Overtaking,0,1,0,0,3,1,High
2018,7,Sunday,10,KPK,Mardan,National Highway,Good,Clear,No Light,Motorcycle,2,Over Speeding,0,1,0,0,11,1,High
2018,12,Sunday,17,Sindh,Larkana,National Highway,Good,Foggy,Daylight,Rickshaw,1,Road Condition,1,1,0,1,2,0,Low
2018,11,Wednesday,20,Sindh,Hyderabad,Provincial Highway,Average,Rainy,No Light,Van/Pickup,2,Over Speeding,1,0,0,1,5,0,Medium
2023,12,Tuesday,12,Sindh,Dadu,Provincial Highway,Good,Clear,Daylight,Motorcycle,1,Over Speeding,1,0,0,1,4,0,Medium
2023,11,Tuesday,10,Sindh,Nawabshah,National Highway,Average,Rainy,Daylight,Rickshaw,1,Over Speeding,0,0,0,1,5,0,Medium
2019,7,Sunday,19,KPK,Peshawar,Provincial Highway,Poor,Dusty/Smoggy,No Light,Car/Taxi,1,Drunk Driving,1,1,0,0,1,0,Medium
2019,7,Thursday,2,Punjab,Sheikhupura,Urban Road,Good,Foggy,Street Light,Car/Taxi,1,Wrong Overtaking,0,0,1,0,3,0,Medium
2019,11,Monday,15,Islamabad,Islamabad,National Highway,Good,Clear,Daylight,Car/Taxi,2,Pedestrian Error,0,0,0,1,0,0,Low
2021,12,Saturday,9,KPK,Charsadda,Provincial Highway,Good,Rainy,Daylight,Motorcycle,1,Over Speeding,1,1,0,1,7,1,High
2022,12,Monday,6,Sindh,Hyderabad,National Highway,Good,Dusty/Smoggy,Daylight,Motorcycle,1,Wrong Overtaking,0,0,0,1,3,0,Medium
2020,12,Wednesday,20,Punjab,Rawalpindi,Motorway,Poor,Clear,Street Light,Car/Taxi,4,Over Speeding,1,0,0,1,5,1,Medium
2022,3,Thursday,7,Punjab,Sargodha,Urban Road,Average,Clear,Daylight,Motorcycle,2,Wrong Overtaking,1,0,0,0,1,0,Low
2022,1,Monday,10,Punjab,Multan,Provincial Highway,Poor,Clear,Daylight,Motorcycle,2,Mechanical Failure,0,0,0,1,3,0,Medium
2022,1,Thursday,17,KPK,Charsadda,National Highway,Good,Clear,Daylight,Rickshaw,4,Mechanical Failure,1,0,0,1,5,2,Medium
2018,11,Saturday,14,Sindh,Karachi,Provincial Highway,Good,Clear,Daylight,Motorcycle,2,Pedestrian Error,0,1,0,1,2,0,Low
2023,5,Saturday,11,Punjab,Rahim Yar Khan,National Highway,Good,Clear,No Light,Motorcycle,2,Drunk Driving,0,1,0,0,2,1,High
2021,3,Saturday,14,Sindh,Larkana,Provincial Highway,Poor,Clear,Daylight,Motorcycle,2,Wrong Overtaking,0,1,0,0,5,1,High
2021,2,Thursday,8,KPK,Peshawar,Provincial Highway,Good,Dusty/Smoggy,Daylight,Motorcycle,1,Wrong Overtaking,1,0,0,1,3,0,Medium
2021,2,Friday,14,Punjab,Sargodha,Urban Road,Poor,Clear,Daylight,Van/Pickup,1,Signal Violation,0,0,0,1,1,0,Low
2021,6,Sunday,8,Sindh,Dadu,Provincial Highway,Poor,Foggy,Daylight,Van/Pickup,1,Signal Violation,1,1,0,0,2,0,Medium
2018,5,Tuesday,11,KPK,Peshawar,National Highway,Good,Rainy,Daylight,Car/Taxi,3,Over Speeding,0,0,0,0,3,0,Medium
2022,12,Sunday,11,Sindh,Thatta,Urban Road,Good,Foggy,Daylight,Motorcycle,3,Road Condition,0,1,0,1,2,0,Low
2023,12,Sunday,9,Sindh,Kashmore,Urban Road,Poor,Clear,Daylight,Motorcycle,1,Mechanical Failure,1,1,0,1,5,0,Medium
2023,9,Saturday,12,Sindh,Nawabshah,Urban Road,Average,Rainy,Street Light,Bus/Coach,3,Wrong Overtaking,1,1,0,0,4,1,Medium
2020,10,Wednesday,18,Gilgit-Baltistan,Skardu,National Highway,Under Repair,Clear,Daylight,Motorcycle,2,Signal Violation,1,0,0,0,9,0,High
2023,7,Wednesday,12,Punjab,Bahawalpur,Motorway,Good,Extreme Heat,No Light,Bus/Coach,4,Mobile Phone Use,1,0,0,0,5,1,Medium
2022,3,Thursday,11,Sindh,Karachi,Provincial Highway,Under Repair,Dusty/Smoggy,Street Light,Van/Pickup,3,Wrong Overtaking,0,0,0,0,0,0,Low
2023,9,Sunday,19,Punjab,Sheikhupura,National Highway,Good,Clear,No Light,Truck/Lorry,1,Road Condition,1,1,0,0,4,0,Medium
2021,1,Monday,18,Punjab,Sialkot,National Highway,Poor,Clear,Daylight,Motorcycle,2,Over Speeding,1,0,0,1,4,2,High
2019,11,Saturday,15,Punjab,Rawalpindi,Urban Road,Good,Foggy,Daylight,Bus/Coach,1,Driver Fatigue,0,1,0,1,3,1,High
2023,1,Friday,10,Punjab,Lahore,Rural Road,Good,Clear,Street Light,Bus/Coach,2,Wrong Overtaking,0,0,0,1,4,1,Medium
2023,11,Saturday,15,Islamabad,Islamabad,National Highway,Poor,Foggy,Daylight,Motorcycle,3,Signal Violation,0,1,0,1,11,2,High
2019,1,Saturday,17,Islamabad,Islamabad,Urban Road,Poor,Clear,Daylight,Car/Taxi,3,Pedestrian Error,1,1,0,1,0,0,Low
2020,3,Wednesday,7,Punjab,Multan,National Highway,Average,Foggy,Dawn/Dusk,Motorcycle,4,Wrong Overtaking,1,0,0,0,9,0,High
2022,5,Sunday,22,Sindh,Mirpur Khas,Urban Road,Average,Clear,No Light,Motorcycle,1,Wrong Overtaking,0,1,1,0,2,1,Medium
2023,8,Friday,4,Sindh,Larkana,National Highway,Poor,Foggy,Street Light,Motorcycle,1,Weather Condition,0,0,1,0,2,0,High
2018,6,Sunday,16,KPK,Nowshera,Rural Road,Average,Clear,Daylight,Motorcycle,1,Drunk Driving,0,1,0,0,7,1,High
2021,8,Thursday,8,Sindh,Nawabshah,National Highway,Poor,Clear,No Light,Motorcycle,1,Drunk Driving,1,0,0,0,2,2,High
2022,12,Monday,19,Punjab,Rahim Yar Khan,Provincial Highway,Good,Foggy,No Light,Van/Pickup,3,Over Speeding,1,0,0,1,6,1,High
2021,5,Friday,11,KPK,Kohat,Provincial Highway,Good,Clear,Dawn/Dusk,Motorcycle,2,Drunk Driving,0,0,0,0,8,3,High
2023,8,Monday,21,KPK,Abbottabad,Urban Road,Poor,Clear,Street Light,Motorcycle,1,Pedestrian Error,0,0,0,0,2,0,Low
2020,1,Wednesday,18,Sindh,Dadu,Provincial Highway,Good,Clear,No Light,Car/Taxi,1,Over Speeding,1,0,0,1,5,1,Medium
2020,5,Monday,13,Balochistan,Khuzdar,Rural Road,Under Repair,Clear,Daylight,Bus/Coach,4,Over Speeding,1,0,0,0,0,0,Low
2021,6,Saturday,7,Balochistan,Khuzdar,Provincial Highway,Poor,Clear,Daylight,Motorcycle,2,Weather Condition,1,1,0,0,1,0,Low
2022,5,Tuesday,15,Sindh,Sukkur,Provincial Highway,Average,Foggy,Daylight,Rickshaw,4,Wrong Overtaking,0,0,0,0,0,0,Low
2022,6,Sunday,13,Sindh,Thatta,Provincial Highway,Poor,Rainy,Daylight,Rickshaw,1,Signal Violation,1,1,0,0,0,0,Low
2019,3,Saturday,18,Gilgit-Baltistan,Skardu,National Highway,Average,Foggy,Daylight,Car/Taxi,2,Over Speeding,1,1,0,0,6,1,High
2022,5,Friday,17,Punjab,Multan,Motorway,Average,Clear,Dawn/Dusk,Motorcycle,1,Over Speeding,1,0,0,0,9,4,High
2018,2,Thursday,14,Punjab,Bahawalpur,Urban Road,Good,Foggy,No Light,Motorcycle,3,Signal Violation,0,0,0,1,4,0,Medium
2023,11,Friday,23,Punjab,Lahore,Provincial Highway,Poor,Clear,No Light,Truck/Lorry,2,Over Speeding,0,0,1,1,9,0,High
2023,7,Sunday,5,Balochistan,Khuzdar,Urban Road,Average,Clear,Dawn/Dusk,Van/Pickup,1,Wrong Overtaking,0,1,1,0,2,1,Low
2021,8,Sunday,12,KPK,Swat,Provincial Highway,Good,Foggy,Daylight,Motorcycle,2,Drunk Driving,1,1,0,0,9,0,High
2021,8,Friday,5,Punjab,Sialkot,Urban Road,Poor,Clear,No Light,Motorcycle,2,Wrong Overtaking,0,0,1,0,8,2,High
2023,6,Saturday,21,AJK,Mirpur,National Highway,Good,Clear,No Light,Motorcycle,1,Signal Violation,0,1,0,0,4,3,High
2021,10,Saturday,18,KPK,Nowshera,Motorway,Average,Extreme Heat,Daylight,Motorcycle,2,Over Speeding,1,1,0,0,5,2,High
2019,3,Wednesday,19,Balochistan,Khuzdar,National Highway,Good,Clear,No Light,Motorcycle,3,Over Speeding,1,0,0,0,9,2,High
2020,7,Monday,12,Punjab,Bahawalpur,Provincial Highway,Under Repair,Clear,Daylight,Motorcycle,2,Wrong Overtaking,1,0,0,0,10,1,High
2018,6,Wednesday,8,Sindh,Hyderabad,Motorway,Under Repair,Clear,Street Light,Rickshaw,4,Over Speeding,1,0,0,0,4,1,High
2019,8,Thursday,15,KPK,Bannu,National Highway,Poor,Clear,Daylight,Car/Taxi,2,Wrong Overtaking,0,0,0,0,3,0,Medium
2021,11,Friday,14,Sindh,Larkana,National Highway,Good,Clear,Daylight,Van/Pickup,1,Pedestrian Error,0,0,0,1,0,0,Low
2019,1,Saturday,19,KPK,Charsadda,Urban Road,Average,Rainy,Dawn/Dusk,Motorcycle,1,Pedestrian Error,1,1,0,1,4,0,Medium
2022,11,Thursday,19,KPK,Swat,Motorway,Good,Clear,Dawn/Dusk,Car/Taxi,1,Road Condition,1,0,0,1,4,1,Medium
2021,8,Friday,20,Punjab,Sialkot,Motorway,Under Repair,Rainy,Street Light,Motorcycle,1,Road Condition,1,0,0,0,11,1,High
2022,11,Saturday,16,Balochistan,Chaman,National Highway,Good,Foggy,Daylight,Motorcycle,2,Wrong Overtaking,0,1,0,1,10,1,High
2020,12,Tuesday,9,Punjab,Gujranwala,Provincial Highway,Good,Rainy,Daylight,Motorcycle,3,Drunk Driving,1,0,0,1,4,2,High
2022,11,Wednesday,6,Punjab,Sialkot,Rural Road,Under Repair,Clear,Daylight,Bicycle,3,Over Speeding,0,0,0,1,6,0,High
2020,4,Tuesday,21,Punjab,Faisalabad,National Highway,Good,Rainy,No Light,Car/Taxi,4,Over Speeding,0,0,0,0,6,3,High
2022,12,Thursday,6,Punjab,Multan,Provincial Highway,Good,Rainy,Daylight,Car/Taxi,1,Drunk Driving,0,0,0,1,11,1,High
2018,2,Monday,18,Punjab,Gujranwala,Urban Road,Poor,Foggy,Daylight,Car/Taxi,2,Driver Fatigue,1,0,0,1,2,0,Medium
2020,1,Friday,17,KPK,Peshawar,National Highway,Average,Dusty/Smoggy,Daylight,Rickshaw,2,Mobile Phone Use,1,0,0,1,2,0,Low
2021,11,Wednesday,14,Sindh,Jacobabad,National Highway,Good,Clear,Daylight,Motorcycle,3,Mechanical Failure,0,0,0,1,2,0,Medium
2023,1,Thursday,20,Sindh,Nawabshah,National Highway,Under Repair,Clear,No Light,Motorcycle,1,Over Speeding,1,0,0,1,9,1,High
2019,9,Thursday,9,Sindh,Larkana,Motorway,Under Repair,Clear,Daylight,Bus/Coach,3,Drunk Driving,1,0,0,0,7,3,High
2021,8,Sunday,15,Punjab,Multan,Provincial Highway,Good,Foggy,Daylight,Bus/Coach,2,Driver Fatigue,0,1,0,0,4,0,Medium
2022,10,Monday,14,Punjab,Rawalpindi,Motorway,Good,Clear,No Light,Rickshaw,2,Over Speeding,0,0,0,0,3,0,Medium
2019,8,Monday,21,Sindh,Karachi,Provincial Highway,Average,Clear,No Light,Motorcycle,1,Signal Violation,0,0,0,0,1,1,Medium
2023,12,Saturday,22,Sindh,Nawabshah,Rural Road,Good,Dusty/Smoggy,No Light,Motorcycle,3,Signal Violation,0,1,1,1,3,0,Medium
2021,6,Saturday,23,KPK,Kohat,National Highway,Good,Foggy,Street Light,Car/Taxi,1,Road Condition,0,1,1,0,11,1,High
2021,1,Monday,18,Punjab,Sialkot,National Highway,Poor,Dusty/Smoggy,Dawn/Dusk,Motorcycle,1,Pedestrian Error,1,0,0,1,3,3,High
2019,7,Tuesday,9,KPK,Dera Ismail Khan,Provincial Highway,Average,Clear,Daylight,Car/Taxi,2,Drunk Driving,1,0,0,0,4,0,Medium
2022,6,Friday,12,KPK,Peshawar,National Highway,Good,Clear,Daylight,Motorcycle,2,Wrong Overtaking,1,0,0,0,9,0,High
2018,1,Wednesday,7,Islamabad,Islamabad,Provincial Highway,Good,Extreme Heat,Daylight,Motorcycle,3,Road Condition,1,0,0,1,2,2,Medium
2022,1,Saturday,9,Punjab,Faisalabad,Urban Road,Poor,Extreme Heat,Daylight,Truck/Lorry,3,Wrong Overtaking,1,1,0,1,1,0,Low
2022,3,Saturday,19,Sindh,Jacobabad,National Highway,Poor,Clear,Dawn/Dusk,Motorcycle,1,Mechanical Failure,1,1,0,0,5,0,Medium
2021,4,Monday,22,Sindh,Dadu,Provincial Highway,Good,Clear,No Light,Bus/Coach,2,Road Condition,0,0,1,0,5,0,Medium
2021,2,Sunday,18,Gilgit-Baltistan,Skardu,Rural Road,Average,Clear,Dawn/Dusk,Rickshaw,2,Signal Violation,1,1,0,1,2,0,Low
2020,2,Tuesday,12,Punjab,Sialkot,Urban Road,Poor,Foggy,Dawn/Dusk,Motorcycle,2,Wrong Overtaking,1,0,0,1,5,1,Medium
2023,9,Wednesday,23,Sindh,Mirpur Khas,Provincial Highway,Good,Rainy,No Light,Motorcycle,1,Wrong Overtaking,0,0,1,0,10,3,High
2023,10,Tuesday,14,Punjab,Gujranwala,Urban Road,Good,Clear,Daylight,Rickshaw,2,Over Speeding,0,0,0,0,2,0,Low
2023,4,Wednesday,14,Sindh,Nawabshah,Rural Road,Poor,Clear,Daylight,Motorcycle,2,Pedestrian Error,0,0,0,0,1,0,Medium
2020,4,Saturday,8,Punjab,Faisalabad,Rural Road,Average,Clear,Daylight,Motorcycle,1,Pedestrian Error,1,1,0,0,5,2,Medium
2020,1,Monday,9,Punjab,Rahim Yar Khan,National Highway,Average,Clear,Daylight,Motorcycle,4,Over Speeding,1,0,0,1,3,0,High
2021,3,Friday,23,Sindh,Nawabshah,National Highway,Average,Dusty/Smoggy,Street Light,Truck/Lorry,2,Signal Violation,0,0,1,0,6,2,High
2018,5,Tuesday,17,Punjab,Multan,National Highway,Good,Dusty/Smoggy,Dawn/Dusk,Motorcycle,3,Signal Violation,1,0,0,0,7,1,High
2023,12,Sunday,10,Punjab,Rawalpindi,Rural Road,Good,Clear,No Light,Bus/Coach,4,Signal Violation,0,1,0,1,1,0,Low
2023,12,Wednesday,14,Punjab,Sargodha,Provincial Highway,Good,Rainy,Daylight,Motorcycle,1,Over Speeding,0,0,0,1,7,3,High
2020,1,Friday,17,Punjab,Gujranwala,Urban Road,Good,Clear,Daylight,Van/Pickup,1,Signal Violation,1,0,0,1,1,0,Low
2018,7,Tuesday,21,Islamabad,Islamabad,Rural Road,Average,Dusty/Smoggy,No Light,Motorcycle,1,Over Speeding,0,0,0,0,1,0,Medium
2020,6,Wednesday,20,Sindh,Kashmore,Urban Road,Good,Clear,No Light,Car/Taxi,1,Over Speeding,1,0,0,0,1,0,Low
2020,12,Monday,11,KPK,Abbottabad,National Highway,Under Repair,Clear,Daylight,Rickshaw,2,Over Speeding,0,0,0,1,2,1,Medium
2021,12,Thursday,21,Sindh,Thatta,Provincial Highway,Poor,Clear,No Light,Motorcycle,1,Weather Condition,0,0,0,1,1,0,Medium
2018,12,Sunday,19,Balochistan,Hub,Provincial Highway,Poor,Dusty/Smoggy,Street Light,Motorcycle,3,Over Speeding,1,1,0,1,7,1,High
2018,7,Saturday,18,Sindh,Sukkur,Urban Road,Good,Dusty/Smoggy,Daylight,Car/Taxi,3,Wrong Overtaking,1,1,0,0,1,0,Low
2018,5,Tuesday,19,Sindh,Dadu,Rural Road,Average,Clear,Dawn/Dusk,Bus/Coach,1,Pedestrian Error,1,0,0,0,0,0,Low
2019,4,Thursday,8,Sindh,Hyderabad,National Highway,Average,Clear,Daylight,Motorcycle,2,Wrong Overtaking,1,0,0,0,6,1,High
2018,12,Thursday,7,KPK,Abbottabad,Provincial Highway,Poor,Dusty/Smoggy,Daylight,Truck/Lorry,2,Over Speeding,1,0,0,1,3,0,High
2019,11,Wednesday,19,Sindh,Sukkur,Urban Road,Average,Clear,Dawn/Dusk,Car/Taxi,3,Drunk Driving,1,0,0,1,1,0,Low