year,month,day_of_week,hour_of_day,province,district,road_type,road_condition,weather_condition,lighting_condition,vehicle_type,vehicles_involved,accident_cause,is_rush_hour,is_weekend,is_night,is_foggy_month,num_injured,num_killed,severity
2018,10,Thursday,19,Punjab,Lahore,Rural Road,Under Repair,Foggy,Dawn/Dusk,Car/Taxi,1,Over Speeding,1,0,0,0,0,0,Low
2022,11,Thursday,19,Punjab,Sargodha,National Highway,Good,Rainy,No Light,Bus/Coach,2,Road Condition,1,0,0,1,3,0,Medium
2021,8,Friday,8,Sindh,Nawabshah,Provincial Highway,Average,Rainy,Daylight,Truck/Lorry,3,Wrong Overtaking,1,0,0,0,7,0,High
2023,9,Sunday,22,Sindh,Nawabshah,Provincial Highway,Good,Clear,Street Light,Motorcycle,3,Wrong Overtaking,0,1,1,0,11,1,High
2022,8,Thursday,7,Punjab,Sialkot,Urban Road,Poor,Clear,Daylight,Motorcycle,2,Wrong Overtaking,1,0,0,0,1,0,Medium
2020,3,Saturday,8,Punjab,Sargodha,Provincial Highway,Poor,Clear,Daylight,Rickshaw,3,Driver Fatigue,1,1,0,0,4,0,Medium
2023,11,Saturday,8,Sindh,Nawabshah,Urban Road,Average,Clear,Daylight,Motorcycle,2,Over Speeding,1,1,0,1,8,1,High
2022,3,Sunday,13,KPK,Bannu,Provincial Highway,Average,Clear,Daylight,Car/Taxi,1,Weather Condition,1,1,0,0,0,0,Low
2020,4,Wednesday,9,Punjab,Gujranwala,Provincial Highway,Poor,Clear,Street Light,Motorcycle,2,Road Condition,1,0,0,0,5,0,Medium
2020,2,Sunday,17,Punjab,Lahore,Provincial Highway,Good,Foggy,Daylight,Motorcycle,3,Over Speeding,1,1,0,1,7,3,High
2022,4,Sunday,19,KPK,Peshawar,National Highway,Poor,Dusty/Smoggy,Dawn/Dusk,Motorcycle,2,Mechanical Failure,1,1,0,0,1,0,Medium
2021,7,Tuesday,15,Sindh,Karachi,National Highway,Good,Extreme Heat,Dawn/Dusk,Motorcycle,2,Mechanical Failure,0,0,0,0,2,2,High
2019,10,Saturday,6,Punjab,Faisalabad,Urban Road,Average,Foggy,Dawn/Dusk,Van/Pickup,2,Wrong Overtaking,0,1,0,0,2,0,Low
2019,4,Friday,12,Balochistan,Gwadar,Provincial Highway,Under Repair,Clear,Street Light,Car/Taxi,4,Wrong Overtaking,1,0,0,0,1,1,Low
2018,5,Saturday,6,Sindh,Nawabshah,Rural Road,Good,Rainy,Daylight,Car/Taxi,3,Over Speeding,0,1,0,0,1,1,Low
2023,4,Monday,6,Sindh,Jacobabad,Provincial Highway,Average,Extreme Heat,No Light,Motorcycle,1,Pedestrian Error,0,0,0,0,1,1,Medium
2022,2,Wednesday,13,AJK,Muzaffarabad,Urban Road,Poor,Clear,Daylight,Motorcycle,2,Wrong Overtaking,1,0,0,1,0,1,Low
2022,2,Sunday,20,Islamabad,Islamabad,Urban Road,Average,Dusty/Smoggy,Street Light,Car/Taxi,3,Road Condition,1,1,0,1,1,0,Low
2019,12,Friday,18,Punjab,Gujranwala,Rural Road,Good,Extreme Heat,Daylight,Car/Taxi,1,Wrong Overtaking,1,0,0,1,2,0,Low
2023,8,Saturday,6,Punjab,Sargodha,Provincial Highway,Average,Foggy,Daylight,Van/Pickup,1,Signal Violation,0,1,0,0,1,0,Low
2021,6,Saturday,10,Punjab,Faisalabad,Provincial Highway,Average,Clear,Daylight,Motorcycle,2,Pedestrian Error,0,1,0,0,4,2,Medium
2020,4,Wednesday,10,Punjab,Sialkot,Rural Road,Good,Foggy,Dawn/Dusk,Car/Taxi,2,Driver Fatigue,0,0,0,0,1,0,Low
2023,5,Saturday,19,Punjab,Rawalpindi,Rural Road,Average,Foggy,Dawn/Dusk,Bus/Coach,2,Wrong Overtaking,1,1,0,0,4,0,Medium
2023,12,Sunday,22,Punjab,Sheikhupura,National Highway,Average,Clear,Street Light,Rickshaw,1,Road Condition,0,1,1,1,2,0,Medium
2022,3,Wednesday,2,Islamabad,Islamabad,National Highway,Good,Clear,Street Light,Motorcycle,1,Over Speeding,0,0,1,0,8,1,High
2019,3,Saturday,13,Balochistan,Dera Bugti,Provincial Highway,Good,Dusty/Smoggy,Daylight,Car/Taxi,2,Wrong Overtaking,1,1,0,0,1,0,Medium
2019,10,Saturday,9,Sindh,Kashmore,Urban Road,Good,Clear,Daylight,Truck/Lorry,3,Road Condition,1,1,0,0,1,0,Low
2020,7,Thursday,13,Sindh,Larkana,Rural Road,Average,Rainy,Daylight,Motorcycle,1,Over Speeding,1,0,0,0,7,2,High
2019,8,Tuesday,10,Punjab,Gujranwala,Urban Road,Poor,Clear,Dawn/Dusk,Car/Taxi,3,Wrong Overtaking,0,0,0,0,0,0,Low
2020,12,Sunday,18,Punjab,Gujranwala,National Highway,Good,Dusty/Smoggy,Daylight,Rickshaw,2,Wrong Overtaking,1,1,0,1,1,0,Medium
2022,8,Sunday,7,Punjab,Faisalabad,National Highway,Average,Clear,Daylight,Van/Pickup,3,Over Speeding,1,1,0,0,4,1,Medium
2023,11,Saturday,16,KPK,Swat,Urban Road,Poor,Clear,Street Light,Motorcycle,2,Pedestrian Error,0,1,0,1,0,1,Low
2019,5,Sunday,5,Punjab,Sargodha,Urban Road,Good,Clear,Dawn/Dusk,Bus/Coach,1,Mechanical Failure,0,1,1,0,2,1,Medium
2020,10,Saturday,17,Balochistan,Turbat,Provincial Highway,Good,Foggy,Daylight,Bicycle,1,Driver Fatigue,1,1,0,0,7,0,High
2023,9,Friday,21,Sindh,Mirpur Khas,Provincial Highway,Average,Rainy,No Light,Motorcycle,1,Drunk Driving,0,0,0,0,7,2,High
2022,4,Monday,11,Punjab,Gujranwala,National Highway,Good,Dusty/Smoggy,Daylight,Car/Taxi,2,Over Speeding,0,0,0,0,9,2,High
2022,5,Thursday,13,Punjab,Gujranwala,Urban Road,Good,Clear,Daylight,Rickshaw,1,Road Condition,1,0,0,0,2,0,Low
2022,1,Sunday,21,Sindh,Jacobabad,Urban Road,Good,Clear,Street Light,Truck/Lorry,2,Over Speeding,0,1,0,1,1,2,Medium
2022,11,Saturday,19,Balochistan,Dera Bugti,Rural Road,Poor,Clear,Dawn/Dusk,Bus/Coach,2,Signal Violation,1,1,0,1,0,0,Low
2019,2,Friday,18,KPK,Nowshera,Urban Road,Good,Foggy,Daylight,Car/Taxi,1,Road Condition,1,0,0,1,0,0,Low
2023,12,Wednesday,14,Punjab,Bahawalpur,Provincial Highway,Good,Clear,Daylight,Motorcycle,1,Over Speeding,0,0,0,1,6,1,High
2021,3,Wednesday,18,Sindh,Karachi,Rural Road,Good,Clear,Dawn/Dusk,Motorcycle,2,Wrong Overtaking,1,0,0,0,2,0,Medium
2020,9,Thursday,7,Punjab,Rawalpindi,National Highway,Poor,Clear,Dawn/Dusk,Truck/Lorry,3,Signal Violation,1,0,0,0,2,0,Medium
2019,7,Sunday,23,Gilgit-Baltistan,Gilgit,National Highway,Good,Rainy,Street Light,Van/Pickup,2,Wrong Overtaking,0,1,1,0,2,0,Medium
2021,8,Monday,12,KPK,Nowshera,Urban Road,Average,Dusty/Smoggy,Daylight,Motorcycle,2,Signal Violation,1,0,0,0,0,0,Low
2021,9,Thursday,9,Sindh,Mirpur Khas,Provincial Highway,Good,Clear,Daylight,Bus/Coach,1,Wrong Overtaking,1,0,0,0,5,0,Medium
2022,5,Saturday,7,Sindh,Hyderabad,Urban Road,Good,Clear,Daylight,Motorcycle,1,Signal Violation,1,1,0,0,4,0,Medium
2020,2,Sunday,21,Sindh,Kashmore,Rural Road,Average,Clear,No Light,Bus/Coach,2,Over Speeding,0,1,0,1,3,0,Medium
2021,7,Friday,5,Punjab,Faisalabad,Rural Road,Good,Foggy,No Light,Motorcycle,3,Signal Violation,0,0,1,0,1,0,Medium
2021,1,Monday,7,Punjab,Sargodha,Rural Road,Average,Dusty/Smoggy,Daylight,Truck/Lorry,1,Pedestrian Error,1,0,0,1,0,0,Low
2020,11,Friday,21,Punjab,Gujranwala,Provincial Highway,Good,Clear,Street Light,Motorcycle,2,Signal Violation,0,0,0,1,1,0,Medium
2023,1,Saturday,22,Islamabad,Islamabad,Urban Road,Poor,Clear,No Light,Truck/Lorry,1,Over Speeding,0,1,1,1,1,1,Medium
2019,8,Monday,18,Sindh,Larkana,Urban Road,Good,Clear,Daylight,Car/Taxi,1,Signal Violation,1,0,0,0,1,0,Low
2019,4,Thursday,11,Punjab,Bahawalpur,National Highway,Poor,Clear,Daylight,Bus/Coach,1,Wrong Overtaking,0,0,0,0,1,0,Medium
2022,11,Sunday,13,Balochistan,Khuzdar,Provincial Highway,Average,Clear,Daylight,Bus/Coach,4,Over Speeding,1,1,0,1,1,1,Medium
2022,1,Wednesday,12,Punjab,Rawalpindi,Provincial Highway,Average,Rainy,Daylight,Motorcycle,4,Over Speeding,1,0,0,1,2,0,High
2023,5,Thursday,7,Punjab,Bahawalpur,Urban Road,Good,Foggy,Dawn/Dusk,Bus/Coach,1,Road Condition,1,0,0,0,2,0,Low
2020,11,Sunday,13,Punjab,Faisalabad,Urban Road,Average,Rainy,Daylight,Rickshaw,3,Wrong Overtaking,1,1,0,1,2,0,Low
2020,12,Friday,12,Sindh,Sukkur,Rural Road,Poor,Clear,Daylight,Motorcycle,4,Over Speeding,1,0,0,1,3,2,Medium
2022,2,Friday,23,Sindh,Larkana,National Highway,Under Repair,Extreme Heat,No Light,Motorcycle,2,Wrong Overtaking,0,0,1,1,8,1,High
2019,8,Saturday,21,Sindh,Kashmore,Urban Road,Average,Clear,No Light,Truck/Lorry,1,Signal Violation,0,1,0,0,1,0,Low
2020,8,Saturday,18,KPK,Abbottabad,Urban Road,Good,Clear,Daylight,Bus/Coach,2,Road Condition,1,1,0,0,1,0,Low
2022,6,Monday,12,Punjab,Bahawalpur,National Highway,Average,Clear,Daylight,Rickshaw,1,Driver Fatigue,1,0,0,0,1,1,Medium
2021,3,Thursday,8,KPK,Mansehra,Urban Road,Poor,Foggy,Daylight,Truck/Lorry,2,Pedestrian Error,1,0,0,0,2,0,Low
2023,5,Tuesday,18,Punjab,Rawalpindi,Urban Road,Average,Clear,Daylight,Rickshaw,3,Signal Violation,1,0,0,0,0,0,Low
2021,5,Wednesday,17,KPK,Nowshera,Provincial Highway,Average,Clear,Daylight,Rickshaw,4,Pedestrian Error,1,0,0,0,2,0,Low
2021,1,Wednesday,7,KPK,Swat,Motorway,Average,Clear,Dawn/Dusk,Motorcycle,3,Signal Violation,1,0,0,1,11,3,High
2020,10,Wednesday,17,KPK,Abbottabad,Provincial Highway,Average,Clear,Daylight,Motorcycle,3,Signal Violation,1,0,0,0,11,1,High
2019,7,Friday,8,Sindh,Hyderabad,National Highway,Good,Clear,Daylight,Motorcycle,2,Pedestrian Error,1,0,0,0,1,2,Medium
2022,10,Friday,15,KPK,Charsadda,Urban Road,Under Repair,Foggy,Daylight,Rickshaw,1,Over Speeding,0,0,0,0,0,0,Low
2020,2,Tuesday,12,Punjab,Bahawalpur,Provincial Highway,Poor,Clear,Daylight,Motorcycle,2,Wrong Overtaking,1,0,0,1,1,0,Medium
2021,7,Wednesday,9,Balochistan,Turbat,National Highway,Average,Clear,Daylight,Car/Taxi,3,Pedestrian Error,1,0,0,0,1,0,Low
2019,1,Sunday,19,Punjab,Sheikhupura,Provincial Highway,Poor,Dusty/Smoggy,Dawn/Dusk,Motorcycle,4,Pedestrian Error,1,1,0,1,5,0,Medium
2023,11,Thursday,11,Punjab,Sargodha,Urban Road,Poor,Rainy,Street Light,Car/Taxi,2,Signal Violation,0,0,0,1,0,0,Low
2021,7,Wednesday,4,Sindh,Nawabshah,National Highway,Poor,Foggy,Street Light,Rickshaw,2,Over Speeding,0,0,1,0,11,0,High
2022,5,Saturday,19,KPK,Abbottabad,Urban Road,Average,Clear,Dawn/Dusk,Truck/Lorry,2,Road Condition,1,1,0,0,1,0,Low
2021,12,Saturday,19,Punjab,Rawalpindi,National Highway,Under Repair,Dusty/Smoggy,Dawn/Dusk,Motorcycle,1,Over Speeding,1,1,0,1,5,1,High
2019,1,Monday,10,Islamabad,Islamabad,National Highway,Average,Foggy,Daylight,Motorcycle,3,Over Speeding,0,0,0,1,5,0,High
2021,9,Monday,17,AJK,Muzaffarabad,Urban Road,Good,Clear,Daylight,Rickshaw,1,Wrong Overtaking,1,0,0,0,1,0,Low
2022,4,Friday,19,Sindh,Larkana,National Highway,Good,Clear,Dawn/Dusk,Car/Taxi,4,Over Speeding,1,0,0,0,2,2,High
2018,10,Wednesday,13,Sindh,Dadu,Rural Road,Good,Dusty/Smoggy,Daylight,Bus/Coach,3,Pedestrian Error,1,0,0,0,2,0,Low
2019,4,Wednesday,20,KPK,Charsadda,National Highway,Good,Clear,Street Light,Rickshaw,2,Drunk Driving,1,0,0,0,8,0,High
2019,7,Saturday,15,Punjab,Faisalabad,National Highway,Poor,Clear,Dawn/Dusk,Bus/Coach,2,Mechanical Failure,0,1,0,0,5,2,Medium
2023,11,Monday,11,Sindh,Mirpur Khas,Urban Road,Good,Rainy,Street Light,Rickshaw,1,Signal Violation,0,0,0,1,5,2,Medium
2022,12,Saturday,13,Balochistan,Dera Bugti,National Highway,Average,Foggy,Daylight,Motorcycle,2,Drunk Driving,1,1,0,1,7,2,High
2019,1,Saturday,17,Islamabad,Islamabad,Provincial Highway,Average,Rainy,Daylight,Motorcycle,1,Road Condition,1,1,0,1,2,0,Medium
2019,5,Sunday,9,Islamabad,Islamabad,National Highway,Average,Clear,Daylight,Rickshaw,3,Over Speeding,1,1,0,0,3,0,Medium
2023,12,Monday,5,Punjab,Sialkot,National Highway,Poor,Clear,No Light,Motorcycle,2,Road Condition,0,0,1,1,7,1,High
2022,5,Friday,16,Punjab,Gujranwala,National Highway,Poor,Foggy,Street Light,Rickshaw,2,Road Condition,0,0,0,0,5,0,Medium
2019,11,Friday,7,Punjab,Lahore,Rural Road,Good,Clear,Daylight,Motorcycle,2,Over Speeding,1,0,0,1,5,0,Medium
2022,7,Wednesday,8,Sindh,Dadu,Urban Road,Good,Clear,Daylight,Truck/Lorry,2,Wrong Overtaking,1,0,0,0,2,0,Low
2019,3,Tuesday,8,Punjab,Rahim Yar Khan,Rural Road,Good,Clear,Daylight,Truck/Lorry,2,Wrong Overtaking,1,0,0,0,2,0,Low
2022,1,Tuesday,14,Punjab,Sialkot,Motorway,Poor,Dusty/Smoggy,Daylight,Other,2,Signal Violation,0,0,0,1,4,1,Medium
2023,8,Saturday,12,Sindh,Mirpur Khas,Urban Road,Poor,Clear,Daylight,Bus/Coach,2,Pedestrian Error,1,1,0,0,1,0,Low
2020,5,Saturday,13,KPK,Mansehra,Motorway,Average,Clear,Daylight,Car/Taxi,2,Signal Violation,1,1,0,0,3,1,Medium
2019,9,Saturday,19,KPK,Abbottabad,National Highway,Poor,Clear,No Light,Van/Pickup,3,Signal Violation,1,1,0,0,4,0,Medium
2022,8,Friday,4,KPK,Bannu,National Highway,Good,Clear,Street Light,Motorcycle,2,Pedestrian Error,0,0,1,0,7,1,High
2020,7,Tuesday,12,Punjab,Multan,Provincial Highway,Average,Clear,Daylight,Motorcycle,2,Pedestrian Error,1,0,0,0,2,0,Low
2023,9,Saturday,10,Punjab,Sialkot,National Highway,Good,Clear,Daylight,Motorcycle,2,Over Speeding,0,1,0,0,11,1,High
2022,7,Tuesday,19,KPK,Mansehra,Rural Road,Good,Clear,Dawn/Dusk,Car/Taxi,2,Mechanical Failure,1,0,0,0,1,0,Low
2023,12,Saturday,19,Sindh,Hyderabad,Provincial Highway,Poor,Clear,Dawn/Dusk,Bus/Coach,2,Over Speeding,1,1,0,1,4,0,Medium
2023,5,Monday,0,Sindh,Dadu,Rural Road,Good,Rainy,No Light,Car/Taxi,2,Mechanical Failure,0,0,1,0,3,0,Medium
2021,1,Sunday,10,Punjab,Faisalabad,National Highway,Average,Foggy,Street Light,Bus/Coach,2,Signal Violation,0,1,0,1,11,2,High
2019,3,Saturday,21,Punjab,Rahim Yar Khan,Urban Road,Good,Clear,Street Light,Car/Taxi,2,Over Speeding,0,1,0,0,1,0,Low
2021,6,Thursday,17,Sindh,Mirpur Khas,National Highway,Poor,Foggy,Street Light,Truck/Lorry,2,Signal Violation,1,0,0,0,11,1,High
2018,11,Tuesday,9,Balochistan,Turbat,Urban Road,Good,Rainy,Daylight,Truck/Lorry,2,Pedestrian Error,1,0,0,1,1,0,Low
2018,8,Wednesday,9,Balochistan,Sibi,Rural Road,Poor,Clear,Street Light,Motorcycle,2,Over Speeding,1,0,0,0,4,2,High
2021,4,Monday,18,Sindh,Hyderabad,National Highway,Average,Foggy,Daylight,Van/Pickup,2,Pedestrian Error,1,0,0,0,3,2,Medium
2022,5,Friday,9,Sindh,Thatta,Provincial Highway,Under Repair,Rainy,Daylight,Motorcycle,1,Over Speeding,1,0,0,0,7,1,High
2018,4,Sunday,20,KPK,Peshawar,Provincial Highway,Good,Clear,No Light,Truck/Lorry,1,Wrong Overtaking,1,1,0,0,2,0,Low
2023,7,Saturday,6,Sindh,Sukkur,Urban Road,Under Repair,Dusty/Smoggy,Daylight,Car/Taxi,3,Over Speeding,0,1,0,0,2,0,Low
2022,5,Saturday,21,Sindh,Jacobabad,Rural Road,Under Repair,Clear,No Light,Motorcycle,3,Driver Fatigue,0,1,0,0,1,0,Medium
2021,6,Thursday,9,Balochistan,Zhob,National Highway,Poor,Clear,Daylight,Motorcycle,1,Drunk Driving,1,0,0,0,5,1,High
2022,5,Tuesday,9,KPK,Mardan,Provincial Highway,Poor,Clear,Daylight,Motorcycle,2,Weather Condition,1,0,0,0,4,0,Medium
2019,12,Saturday,12,Balochistan,Sibi,National Highway,Good,Clear,Daylight,Motorcycle,1,Over Speeding,1,1,0,1,2,1,High
2021,12,Friday,9,Punjab,Faisalabad,National Highway,Poor,Clear,Daylight,Motorcycle,2,Pedestrian Error,1,0,0,1,4,0,Medium
2018,6,Friday,13,Sindh,Nawabshah,Provincial Highway,Average,Clear,Daylight,Motorcycle,3,Wrong Overtaking,1,0,0,0,2,2,Medium
2020,1,Saturday,9,Balochistan,Quetta,National Highway,Average,Clear,Daylight,Van/Pickup,3,Wrong Overtaking,1,1,0,1,1,0,Low
2023,8,Tuesday,12,Punjab,Rawalpindi,National Highway,Poor,Clear,Daylight,Other,2,Mechanical Failure,1,0,0,0,1,0,Low
2019,11,Sunday,13,KPK,Kohat,National Highway,Good,Clear,No Light,Van/Pickup,3,Over Speeding,1,1,0,1,5,0,Medium
2018,5,Sunday,16,Punjab,Sargodha,Provincial Highway,Poor,Clear,Daylight,Car/Taxi,4,Pedestrian Error,0,1,0,0,2,0,Low
2018,2,Wednesday,14,KPK,Abbottabad,National Highway,Average,Dusty/Smoggy,No Light,Truck/Lorry,1,Wrong Overtaking,0,0,0,1,1,0,Medium
2018,5,Saturday,13,Sindh,Dadu,Provincial Highway,Poor,Foggy,Daylight,Motorcycle,4,Mobile Phone Use,1,1,0,0,2,0,Medium
2020,5,Sunday,17,Punjab,Multan,Rural Road,Good,Clear,Street Light,Bicycle,2,Wrong Overtaking,1,1,0,0,1,0,Medium
2021,1,Monday,11,Sindh,Dadu,Rural Road,Average,Rainy,Daylight,Motorcycle,4,Wrong Overtaking,0,0,0,1,8,1,High
2021,6,Monday,18,KPK,Abbottabad,Urban Road,Average,Foggy,Daylight,Car/Taxi,3,Road Condition,1,0,0,0,0,0,Low
2018,5,Sunday,10,Sindh,Sukkur,Motorway,Good,Clear,Daylight,Motorcycle,1,Over Speeding,0,1,0,0,10,0,High
2021,2,Saturday,15,Sindh,Larkana,Urban Road,Poor,Clear,Daylight,Car/Taxi,1,Road Condition,0,1,0,1,2,0,Low
2023,9,Thursday,19,Balochistan,Turbat,National Highway,Good,Clear,Dawn/Dusk,Van/Pickup,2,Wrong Overtaking,1,0,0,0,1,0,Medium
2021,6,Tuesday,18,Sindh,Mirpur Khas,Urban Road,Poor,Clear,Daylight,Motorcycle,1,Drunk Driving,1,0,0,0,4,0,Medium
2022,3,Friday,19,Sindh,Dadu,Urban Road,Average,Extreme Heat,Dawn/Dusk,Motorcycle,3,Road Condition,1,0,0,0,2,0,Medium
2022,8,Wednesday,15,Punjab,Bahawalpur,Rural Road,Poor,Foggy,Daylight,Motorcycle,3,Over Speeding,0,0,0,0,4,1,Medium
2019,8,Tuesday,7,Islamabad,Islamabad,Provincial Highway,Good,Foggy,No Light,Motorcycle,2,Wrong Overtaking,1,0,0,0,7,3,High
2023,3,Friday,13,Punjab,Bahawalpur,Urban Road,Average,Rainy,Daylight,Car/Taxi,2,Over Speeding,1,0,0,0,1,0,Low
2020,5,Friday,8,Sindh,Thatta,Provincial Highway,Good,Rainy,Daylight,Other,3,Weather Condition,1,0,0,0,2,0,Low
2023,8,Sunday,15,KPK,Charsadda,National Highway,Average,Rainy,Daylight,Car/Taxi,1,Pedestrian Error,0,1,0,0,2,1,Medium
2023,1,Thursday,8,Punjab,Sialkot,Urban Road,Average,Clear,Daylight,Car/Taxi,3,Over Speeding,1,0,0,1,0,0,Low
2022,6,Monday,17,Sindh,Jacobabad,Rural Road,Good,Clear,Dawn/Dusk,Motorcycle,2,Over Speeding,1,0,0,0,3,1,Medium
2023,1,Sunday,13,Punjab,Rahim Yar Khan,National Highway,Poor,Clear,Street Light,Car/Taxi,1,Mechanical Failure,1,1,0,1,2,2,Medium
2019,1,Monday,8,KPK,Kohat,National Highway,Average,Clear,Street Light,Car/Taxi,2,Over Speeding,1,0,0,1,2,0,Medium
2019,8,Sunday,13,Sindh,Nawabshah,Provincial Highway,Poor,Clear,Street Light,Bus/Coach,3,Over Speeding,1,1,0,0,1,0,Medium
2023,1,Saturday,10,Balochistan,Khuzdar,Rural Road,Poor,Clear,Dawn/Dusk,Rickshaw,1,Signal Violation,0,1,0,1,0,0,Low
2023,1,Thursday,20,Balochistan,Hub,Urban Road,Good,Foggy,Street Light,Truck/Lorry,2,Mechanical Failure,1,0,0,1,1,1,Medium
2019,1,Wednesday,18,Sindh,Kashmore,Provincial Highway,Good,Clear,Daylight,Motorcycle,1,Driver Fatigue,1,0,0,1,2,2,High
2021,6,Wednesday,8,KPK,Abbottabad,Rural Road,Poor,Extreme Heat,Dawn/Dusk,Truck/Lorry,1,Wrong Overtaking,1,0,0,0,2,0,Low
2019,11,Sunday,22,Sindh,Mirpur Khas,National Highway,Under Repair,Clear,No Light,Rickshaw,1,Signal Violation,0,1,1,1,4,0,Medium
2018,6,Monday,5,Punjab,Rahim Yar Khan,Motorway,Poor,Rainy,Daylight,Other,1,Over Speeding,0,0,1,0,2,1,High
2022,1,Friday,16,Sindh,Karachi,Motorway,Under Repair,Clear,No Light,Rickshaw,3,Pedestrian Error,0,0,0,1,3,1,Medium
2021,2,Saturday,14,Balochistan,Quetta,Rural Road,Average,Clear,Daylight,Bicycle,1,Over Speeding,0,1,0,1,1,0,Medium
2022,12,Wednesday,21,Punjab,Rahim Yar Khan,National Highway,Good,Foggy,No Light,Bus/Coach,2,Over Speeding,0,0,0,1,8,0,High
2020,7,Friday,17,Punjab,Sialkot,Provincial Highway,Poor,Clear,Daylight,Motorcycle,1,Over Speeding,1,0,0,0,1,1,Medium
2021,6,Thursday,20,Punjab,Bahawalpur,Provincial Highway,Average,Foggy,Street Light,Motorcycle,3,Wrong Overtaking,1,0,0,0,3,2,Medium
2020,7,Friday,13,Sindh,Larkana,National Highway,Average,Clear,Daylight,Motorcycle,2,Mechanical Failure,1,0,0,0,11,0,High
2018,11,Saturday,6,Punjab,Sargodha,National Highway,Good,Dusty/Smoggy,Daylight,Car/Taxi,2,Signal Violation,0,1,0,1,2,1,Low
2023,6,Saturday,22,Sindh,Mirpur Khas,National Highway,Average,Rainy,Street Light,Car/Taxi,2,Mobile Phone Use,0,1,1,0,5,1,Medium
2019,5,Thursday,18,Sindh,Hyderabad,Urban Road,Good,Foggy,Daylight,Bicycle,3,Over Speeding,1,0,0,0,5,2,High
2023,7,Saturday,7,Sindh,Mirpur Khas,Motorway,Under Repair,Clear,Dawn/Dusk,Van/Pickup,1,Wrong Overtaking,1,1,0,0,0,0,Low
2023,1,Wednesday,6,Punjab,Faisalabad,National Highway,Average,Clear,Daylight,Car/Taxi,2,Wrong Overtaking,0,0,0,1,5,0,Medium
2020,7,Wednesday,12,Sindh,Dadu,Urban Road,Poor,Rainy,Daylight,Motorcycle,1,Wrong Overtaking,1,0,0,0,5,0,Medium
2020,11,Monday,7,Balochistan,Quetta,National Highway,Good,Dusty/Smoggy,Daylight,Motorcycle,3,Driver Fatigue,1,0,0,1,5,3,High
2022,7,Saturday,20,Islamabad,Islamabad,Urban Road,Under Repair,Dusty/Smoggy,No Light,Motorcycle,1,Signal Violation,1,1,0,0,5,0,Medium
2018,7,Saturday,12,Sindh,Sukkur,Provincial Highway,Average,Foggy,Daylight,Motorcycle,3,Wrong Overtaking,1,1,0,0,6,2,High
2020,11,Wednesday,19,Punjab,Lahore,National Highway,Good,Rainy,Dawn/Dusk,Van/Pickup,2,Over Speeding,1,0,0,1,6,2,High
2023,12,Friday,19,Islamabad,Islamabad,Provincial Highway,Average,Clear,Street Light,Bus/Coach,4,Wrong Overtaking,1,0,0,1,3,1,Medium
2018,11,Tuesday,21,KPK,Kohat,Rural Road,Average,Foggy,No Light,Motorcycle,2,Drunk Driving,0,0,0,1,5,1,Medium
2022,12,Saturday,16,Punjab,Multan,National Highway,Poor,Foggy,Dawn/Dusk,Motorcycle,1,Mechanical Failure,0,1,0,1,3,4,High
2023,12,Saturday,13,Punjab,Sialkot,Provincial Highway,Average,Foggy,Daylight,Motorcycle,2,Over Speeding,1,1,0,1,4,3,High
2023,9,Sunday,20,Punjab,Gujranwala,National Highway,Poor,Clear,Street Light,Motorcycle,3,Mechanical Failure,1,1,0,0,3,1,Medium
2020,5,Friday,23,Punjab,Sargodha,Rural Road,Average,Rainy,Street Light,Car/Taxi,2,Wrong Overtaking,0,0,1,0,4,0,Medium
2023,2,Monday,6,Punjab,Sargodha,Rural Road,Good,Clear,Daylight,Motorcycle,2,Road Condition,0,0,0,1,0,0,Low
2019,8,Saturday,7,Balochistan,Dera Bugti,Urban Road,Good,Dusty/Smoggy,Daylight,Car/Taxi,3,Wrong Overtaking,1,1,0,0,2,1,Low
2023,12,Thursday,11,Sindh,Mirpur Khas,Urban Road,Poor,Dusty/Smoggy,Daylight,Motorcycle,4,Over Speeding,0,0,0,1,5,0,Medium
2018,7,Saturday,8,KPK,Dera Ismail Khan,Urban Road,Good,Clear,Street Light,Car/Taxi,2,Over Speeding,1,1,0,0,3,1,Medium
2022,4,Monday,16,KPK,Peshawar,Rural Road,Average,Foggy,Dawn/Dusk,Motorcycle,2,Mobile Phone Use,0,0,0,0,2,1,Medium
2018,5,Sunday,0,KPK,Bannu,Motorway,Average,Clear,No Light,Motorcycle,2,Mechanical Failure,0,1,1,0,6,2,High
2021,11,Friday,19,Balochistan,Turbat,Motorway,Poor,Dusty/Smoggy,Street Light,Bus/Coach,1,Over Speeding,1,0,0,1,11,2,High
2019,12,Sunday,16,Islamabad,Islamabad,Rural Road,Good,Clear,Daylight,Rickshaw,4,Pedestrian Error,0,1,0,1,1,0,Low
2018,7,Thursday,20,Sindh,Jacobabad,National Highway,Good,Foggy,No Light,Motorcycle,2,Road Condition,1,0,0,0,5,1,High
2021,4,Sunday,2,Islamabad,Islamabad,Rural Road,Average,Clear,Street Light,Motorcycle,3,Mechanical Failure,0,1,1,0,2,0,Low
2023,10,Monday,18,KPK,Abbottabad,Urban Road,Poor,Clear,No Light,Truck/Lorry,1,Signal Violation,1,0,0,0,1,0,Low
2020,1,Saturday,17,Punjab,Rahim Yar Khan,Provincial Highway,Average,Extreme Heat,Daylight,Car/Taxi,2,Driver Fatigue,1,1,0,1,1,0,Medium
2022,4,Saturday,22,KPK,Mansehra,Provincial Highway,Poor,Rainy,Street Light,Motorcycle,2,Signal Violation,0,1,1,0,6,2,High