year,month,day_of_week,hour_of_day,province,district,road_type,road_condition,weather_condition,lighting_condition,vehicle_type,vehicles_involved,accident_cause,is_rush_hour,is_weekend,is_night,is_foggy_month,num_injured,num_killed,severity
2019,12,Saturday,8,KPK,Kohat,National Highway,Good,Foggy,Daylight,Car/Taxi,1,Over Speeding,1,1,0,1,4,0,Medium
2021,2,Thursday,10,Balochistan,Zhob,National Highway,Good,Clear,Daylight,Motorcycle,2,Road Condition,0,0,0,1,4,0,Medium
2022,4,Tuesday,19,Punjab,Rahim Yar Khan,Provincial Highway,Good,Rainy,Street Light,Car/Taxi,4,Over Speeding,1,0,0,0,4,1,Medium
2020,12,Wednesday,6,Sindh,Mirpur Khas,Urban Road,Good,Clear,Daylight,Car/Taxi,2,Over Speeding,0,0,0,1,0,0,Low
2023,2,Thursday,18,Punjab,Sheikhupura,Urban Road,Good,Rainy,Daylight,Motorcycle,1,Mechanical Failure,1,0,0,1,1,0,Low
2021,1,Sunday,10,Punjab,Bahawalpur,Provincial Highway,Average,Clear,Daylight,Car/Taxi,1,Driver Fatigue,0,1,0,1,2,0,Low
2019,10,Tuesday,13,Punjab,Lahore,Rural Road,Good,Clear,Daylight,Bus/Coach,1,Pedestrian Error,1,0,0,0,0,0,Low
2021,7,Saturday,21,Sindh,Dadu,Rural Road,Poor,Clear,No Light,Car/Taxi,2,Over Speeding,0,1,0,0,2,0,Low
2018,6,Tuesday,23,KPK,Mardan,National Highway,Average,Clear,No Light,Rickshaw,3,Over Speeding,0,0,1,0,4,1,High
2021,9,Wednesday,22,Punjab,Gujranwala,Urban Road,Good,Extreme Heat,No Light,Bicycle,1,Wrong Overtaking,0,0,1,0,1,0,Medium
2019,11,Thursday,12,Sindh,Nawabshah,National Highway,Good,Clear,Dawn/Dusk,Bicycle,3,Over Speeding,1,0,0,1,8,2,High
2023,4,Friday,8,Punjab,Rahim Yar Khan,Rural Road,Average,Dusty/Smoggy,Dawn/Dusk,Rickshaw,1,Road Condition,1,0,0,0,0,0,Low
2020,2,Tuesday,15,Punjab,Lahore,Provincial Highway,Good,Clear,Dawn/Dusk,Motorcycle,2,Signal Violation,0,0,0,1,5,2,High
2021,12,Friday,7,Sindh,Jacobabad,Provincial Highway,Good,Dusty/Smoggy,Daylight,Bus/Coach,1,Over Speeding,1,0,0,1,4,0,Medium
2023,12,Wednesday,6,Punjab,Bahawalpur,Urban Road,Average,Clear,Dawn/Dusk,Car/Taxi,2,Driver Fatigue,0,0,0,1,2,0,Low
2020,12,Monday,14,Sindh,Karachi,National Highway,Good,Rainy,Dawn/Dusk,Motorcycle,2,Over Speeding,0,0,0,1,11,2,High
2023,10,Wednesday,4,Punjab,Rahim Yar Khan,Urban Road,Good,Extreme Heat,No Light,Motorcycle,4,Over Speeding,0,0,1,0,10,4,High
2021,8,Wednesday,7,Punjab,Multan,Provincial Highway,Average,Clear,Daylight,Bus/Coach,2,Mechanical Failure,1,0,0,0,2,0,Low
2022,6,Saturday,8,Sindh,Hyderabad,Rural Road,Poor,Clear,Daylight,Rickshaw,2,Road Condition,1,1,0,0,1,0,Low
2023,7,Monday,15,Sindh,Mirpur Khas,Provincial Highway,Average,Clear,Dawn/Dusk,Car/Taxi,2,Signal Violation,0,0,0,0,1,0,Medium
2023,3,Friday,11,Punjab,Faisalabad,Provincial Highway,Good,Foggy,Daylight,Car/Taxi,1,Pedestrian Error,0,0,0,0,1,0,Low
2023,9,Wednesday,21,Sindh,Dadu,National Highway,Good,Rainy,Street Light,Motorcycle,1,Road Condition,0,0,0,0,5,3,High
2021,2,Wednesday,14,KPK,Bannu,Provincial Highway,Average,Clear,Daylight,Car/Taxi,1,Signal Violation,0,0,0,1,0,0,Low
2022,2,Saturday,20,KPK,Dera Ismail Khan,National Highway,Average,Clear,No Light,Motorcycle,2,Signal Violation,1,1,0,1,3,0,Medium
2023,8,Thursday,6,Punjab,Gujranwala,Rural Road,Good,Clear,Daylight,Car/Taxi,1,Pedestrian Error,0,0,0,0,1,0,Low
2021,7,Thursday,0,Sindh,Mirpur Khas,National Highway,Poor,Clear,No Light,Bus/Coach,2,Mobile Phone Use,0,0,1,0,8,4,High
2019,3,Friday,20,KPK,Swat,Provincial Highway,Average,Rainy,No Light,Van/Pickup,1,Mobile Phone Use,1,0,0,0,2,0,Medium
2021,11,Monday,15,Punjab,Lahore,National Highway,Good,Rainy,Daylight,Motorcycle,1,Signal Violation,0,0,0,1,10,0,High
2022,5,Thursday,18,Balochistan,Dera Bugti,Provincial Highway,Good,Clear,Daylight,Motorcycle,1,Signal Violation,1,0,0,0,2,3,High
2021,4,Wednesday,11,Balochistan,Khuzdar,Rural Road,Good,Rainy,Daylight,Bicycle,4,Road Condition,0,0,0,0,0,1,Low
2023,4,Friday,9,Balochistan,Gwadar,Motorway,Average,Foggy,Dawn/Dusk,Bicycle,1,Signal Violation,1,0,0,0,2,2,High
2020,10,Friday,6,KPK,Nowshera,National Highway,Good,Foggy,Daylight,Truck/Lorry,2,Pedestrian Error,0,0,0,0,3,1,Medium
2021,4,Thursday,11,KPK,Nowshera,Rural Road,Under Repair,Foggy,Daylight,Rickshaw,2,Drunk Driving,0,0,0,0,0,0,Low
2023,9,Monday,8,Sindh,Jacobabad,National Highway,Good,Clear,Daylight,Motorcycle,2,Pedestrian Error,1,0,0,0,2,0,Medium
2022,7,Monday,14,KPK,Nowshera,National Highway,Good,Clear,Daylight,Motorcycle,4,Signal Violation,0,0,0,0,8,1,High
2022,3,Tuesday,13,KPK,Swat,National Highway,Poor,Clear,Daylight,Motorcycle,2,Signal Violation,1,0,0,0,7,3,High
2018,9,Thursday,6,KPK,Bannu,Rural Road,Good,Clear,Daylight,Van/Pickup,1,Mobile Phone Use,0,0,0,0,1,0,Low
2018,7,Monday,17,Punjab,Multan,Urban Road,Good,Foggy,Daylight,Bus/Coach,1,Over Speeding,1,0,0,0,4,2,Medium
2023,3,Friday,5,Punjab,Sialkot,Urban Road,Average,Clear,Dawn/Dusk,Car/Taxi,2,Over Speeding,0,0,1,0,2,0,Medium
2020,5,Thursday,21,Balochistan,Quetta,National Highway,Good,Clear,Street Light,Truck/Lorry,1,Road Condition,0,0,0,0,1,0,Low
2021,8,Tuesday,19,Punjab,Lahore,Provincial Highway,Poor,Clear,Daylight,Bus/Coach,1,Wrong Overtaking,1,0,0,0,2,1,Medium
2018,4,Thursday,3,KPK,Mansehra,Motorway,Under Repair,Rainy,No Light,Motorcycle,4,Drunk Driving,0,0,1,0,11,3,High
2020,12,Thursday,10,Islamabad,Islamabad,Rural Road,Average,Clear,Daylight,Motorcycle,4,Pedestrian Error,0,0,0,1,2,2,Medium
2023,6,Thursday,1,KPK,Peshawar,Motorway,Poor,Clear,Street Light,Bus/Coach,2,Wrong Overtaking,0,0,1,0,5,1,High
2020,4,Sunday,17,Gilgit-Baltistan,Hunza,National Highway,Average,Clear,Daylight,Car/Taxi,4,Signal Violation,1,1,0,0,1,0,Medium
2019,7,Tuesday,13,KPK,Peshawar,Urban Road,Good,Clear,Daylight,Car/Taxi,3,Over Speeding,1,0,0,0,1,0,Medium
2023,5,Sunday,10,Punjab,Sialkot,National Highway,Average,Clear,Daylight,Motorcycle,1,Over Speeding,0,1,0,0,3,1,High
2023,6,Saturday,9,KPK,Charsadda,Provincial Highway,Under Repair,Extreme Heat,Street Light,Motorcycle,2,Signal Violation,1,1,0,0,9,1,High
2019,11,Saturday,13,Punjab,Sheikhupura,National Highway,Good,Rainy,Daylight,Motorcycle,2,Signal Violation,1,1,0,1,3,0,High
2023,5,Saturday,18,Sindh,Nawabshah,Urban Road,Average,Clear,Daylight,Car/Taxi,1,Wrong Overtaking,1,1,0,0,1,0,Low
2020,3,Friday,17,Punjab,Lahore,Rural Road,Poor,Rainy,Daylight,Motorcycle,2,Driver Fatigue,1,0,0,0,5,2,High
2018,6,Thursday,9,Punjab,Sargodha,National Highway,Poor,Foggy,Daylight,Bicycle,1,Over Speeding,1,0,0,0,6,4,High
2019,6,Monday,16,Sindh,Hyderabad,Provincial Highway,Average,Clear,Dawn/Dusk,Motorcycle,2,Over Speeding,0,0,0,0,2,0,High
2022,3,Sunday,9,Punjab,Sargodha,National Highway,Good,Clear,Street Light,Motorcycle,1,Over Speeding,1,1,0,0,5,2,High
2021,6,Monday,13,Sindh,Kashmore,National Highway,Poor,Clear,Daylight,Motorcycle,4,Drunk Driving,1,0,0,0,2,4,High
2019,8,Thursday,10,KPK,Dera Ismail Khan,National Highway,Poor,Clear,Daylight,Motorcycle,4,Mechanical Failure,0,0,0,0,4,0,High
2019,6,Saturday,7,Punjab,Multan,Motorway,Average,Clear,No Light,Motorcycle,4,Over Speeding,1,1,0,0,10,2,High
2021,7,Wednesday,10,Punjab,Lahore,Provincial Highway,Good,Clear,Dawn/Dusk,Car/Taxi,3,Wrong Overtaking,0,0,0,0,0,0,Low
2018,8,Saturday,5,KPK,Bannu,National Highway,Poor,Foggy,Dawn/Dusk,Motorcycle,1,Pedestrian Error,0,1,1,0,6,1,High
2018,5,Saturday,11,KPK,Peshawar,National Highway,Poor,Clear,Daylight,Motorcycle,2,Wrong Overtaking,0,1,0,0,11,1,High
2019,1,Wednesday,6,Balochistan,Loralai,Rural Road,Good,Extreme Heat,Daylight,Car/Taxi,1,Signal Violation,0,0,0,1,0,0,Low
2022,7,Tuesday,8,Punjab,Sialkot,National Highway,Average,Rainy,Daylight,Car/Taxi,1,Wrong Overtaking,1,0,0,0,11,0,High
2022,8,Thursday,14,Balochistan,Loralai,National Highway,Good,Clear,Daylight,Motorcycle,2,Road Condition,0,0,0,0,9,1,High
2023,11,Saturday,21,Sindh,Kashmore,National Highway,Poor,Clear,Street Light,Motorcycle,3,Driver Fatigue,0,1,0,1,4,0,High
2019,8,Friday,11,Sindh,Karachi,Provincial Highway,Good,Clear,Daylight,Motorcycle,1,Over Speeding,0,0,0,0,3,0,High
2020,6,Monday,10,Punjab,Lahore,Rural Road,Good,Rainy,Daylight,Motorcycle,2,Drunk Driving,0,0,0,0,4,0,High
2019,3,Monday,16,Sindh,Nawabshah,National Highway,Under Repair,Clear,Daylight,Other,2,Driver Fatigue,0,0,0,0,2,4,High
2023,7,Sunday,12,Punjab,Bahawalpur,Provincial Highway,Poor,Foggy,Daylight,Car/Taxi,2,Wrong Overtaking,1,1,0,0,1,2,Medium
2022,10,Sunday,19,Punjab,Rawalpindi,Urban Road,Poor,Foggy,Street Light,Motorcycle,3,Wrong Overtaking,1,1,0,0,3,1,Medium
2019,3,Sunday,13,Sindh,Kashmore,National Highway,Good,Clear,Daylight,Bus/Coach,4,Wrong Overtaking,1,1,0,0,2,1,High
2023,8,Thursday,13,KPK,Mardan,National Highway,Average,Dusty/Smoggy,Daylight,Bus/Coach,1,Drunk Driving,1,0,0,0,5,0,Medium
2023,1,Tuesday,18,KPK,Swat,Provincial Highway,Average,Clear,Daylight,Motorcycle,1,Wrong Overtaking,1,0,0,1,2,0,Medium
2023,7,Sunday,8,Sindh,Thatta,Motorway,Good,Clear,Daylight,Car/Taxi,1,Mobile Phone Use,1,1,0,0,2,0,Low
2023,3,Thursday,19,Sindh,Dadu,Provincial Highway,Poor,Clear,Dawn/Dusk,Car/Taxi,2,Over Speeding,1,0,0,0,5,0,Medium
2023,5,Tuesday,1,Sindh,Nawabshah,Provincial Highway,Poor,Clear,Street Light,Bus/Coach,2,Mechanical Failure,0,0,1,0,5,1,Medium
2020,9,Tuesday,8,AJK,Rawalakot,Provincial Highway,Good,Foggy,Daylight,Rickshaw,2,Mechanical Failure,1,0,0,0,1,0,Low
2023,11,Thursday,9,Sindh,Karachi,Provincial Highway,Good,Clear,Daylight,Car/Taxi,1,Wrong Overtaking,1,0,0,1,4,0,Medium
2020,11,Monday,20,Punjab,Gujranwala,Rural Road,Average,Clear,Street Light,Motorcycle,1,Drunk Driving,1,0,0,1,2,0,Medium
2021,1,Tuesday,7,Punjab,Sialkot,Rural Road,Average,Rainy,Daylight,Motorcycle,1,Driver Fatigue,1,0,0,1,1,0,Medium
2023,7,Sunday,20,Sindh,Kashmore,National Highway,Poor,Clear,Street Light,Car/Taxi,2,Mechanical Failure,1,1,0,0,1,0,Low
2023,9,Saturday,13,Sindh,Nawabshah,Provincial Highway,Good,Foggy,Daylight,Rickshaw,4,Signal Violation,1,1,0,0,0,0,Low
2019,5,Monday,19,Punjab,Sialkot,Rural Road,Good,Clear,Dawn/Dusk,Motorcycle,4,Road Condition,1,0,0,0,0,0,Low
2021,11,Saturday,23,KPK,Nowshera,Urban Road,Good,Rainy,No Light,Car/Taxi,3,Signal Violation,0,1,1,1,2,0,Medium
2019,9,Thursday,11,KPK,Swat,National Highway,Poor,Clear,Daylight,Motorcycle,1,Over Speeding,0,0,0,0,2,2,High
2018,10,Sunday,12,KPK,Kohat,Provincial Highway,Good,Clear,Daylight,Motorcycle,3,Over Speeding,1,1,0,0,10,0,High
2022,9,Monday,7,Punjab,Sialkot,Provincial Highway,Under Repair,Rainy,Daylight,Car/Taxi,1,Road Condition,1,0,0,0,2,0,Low
2022,9,Sunday,9,Punjab,Sheikhupura,Rural Road,Average,Foggy,Daylight,Motorcycle,2,Wrong Overtaking,1,1,0,0,1,0,Medium
2022,11,Wednesday,22,Islamabad,Islamabad,Rural Road,Poor,Clear,Street Light,Rickshaw,1,Over Speeding,0,0,1,1,5,1,Medium
2023,1,Wednesday,14,Balochistan,Gwadar,National Highway,Good,Rainy,Dawn/Dusk,Car/Taxi,2,Drunk Driving,0,0,0,1,1,0,Medium
2020,6,Saturday,20,Punjab,Multan,Urban Road,Poor,Clear,No Light,Motorcycle,3,Over Speeding,1,1,0,0,3,1,Medium
2022,6,Wednesday,2,Punjab,Sargodha,Rural Road,Good,Rainy,No Light,Truck/Lorry,2,Road Condition,0,0,1,0,4,0,Medium
2021,12,Friday,8,Sindh,Karachi,National Highway,Good,Clear,Daylight,Van/Pickup,2,Road Condition,1,0,0,1,1,0,Low
2022,8,Tuesday,14,Punjab,Sargodha,Provincial Highway,Under Repair,Clear,Daylight,Car/Taxi,2,Wrong Overtaking,0,0,0,0,5,1,Medium
2019,11,Saturday,16,KPK,Charsadda,Provincial Highway,Good,Clear,Daylight,Car/Taxi,1,Weather Condition,0,1,0,1,1,0,Low
2021,5,Sunday,14,Islamabad,Islamabad,National Highway,Poor,Clear,Daylight,Motorcycle,4,Over Speeding,0,1,0,0,5,0,High
2020,7,Thursday,1,Punjab,Faisalabad,Motorway,Poor,Clear,Street Light,Car/Taxi,1,Wrong Overtaking,0,0,1,0,6,2,High
2019,3,Friday,12,Punjab,Multan,Urban Road,Good,Foggy,Daylight,Bicycle,2,Wrong Overtaking,1,0,0,0,5,0,High
2018,8,Monday,23,Balochistan,Gwadar,Urban Road,Good,Foggy,No Light,Motorcycle,2,Over Speeding,0,0,1,0,5,2,High
2020,6,Friday,8,Punjab,Rahim Yar Khan,National Highway,Average,Rainy,Dawn/Dusk,Motorcycle,3,Wrong Overtaking,1,0,0,0,2,4,High
2023,5,Friday,12,Islamabad,Islamabad,Provincial Highway,Good,Clear,Daylight,Bicycle,3,Wrong Overtaking,1,0,0,0,5,1,Medium
2018,10,Wednesday,16,KPK,Dera Ismail Khan,Urban Road,Good,Dusty/Smoggy,Daylight,Truck/Lorry,2,Drunk Driving,0,0,0,0,4,0,Medium
2019,4,Friday,10,Islamabad,Islamabad,Provincial Highway,Good,Rainy,No Light,Truck/Lorry,3,Driver Fatigue,0,0,0,0,2,0,Medium
2022,7,Wednesday,10,Punjab,Sialkot,Urban Road,Average,Rainy,Daylight,Motorcycle,2,Over Speeding,0,0,0,0,4,0,Medium
2019,11,Tuesday,8,Punjab,Sargodha,Rural Road,Average,Foggy,Daylight,Motorcycle,2,Wrong Overtaking,1,0,0,1,4,3,High
2023,3,Thursday,20,Sindh,Jacobabad,Urban Road,Poor,Foggy,Street Light,Car/Taxi,1,Pedestrian Error,1,0,0,0,2,0,Low
2021,9,Wednesday,7,Sindh,Larkana,Rural Road,Good,Rainy,Dawn/Dusk,Car/Taxi,2,Wrong Overtaking,1,0,0,0,0,1,Low
2021,10,Thursday,9,Punjab,Rawalpindi,Urban Road,Average,Foggy,Daylight,Motorcycle,1,Drunk Driving,1,0,0,0,4,0,High
2022,9,Monday,20,Islamabad,Islamabad,Rural Road,Good,Clear,No Light,Truck/Lorry,2,Signal Violation,1,0,0,0,2,1,Medium
2019,1,Sunday,13,KPK,Swat,Motorway,Poor,Foggy,Daylight,Motorcycle,1,Over Speeding,1,1,0,1,4,0,High
2023,5,Tuesday,9,KPK,Bannu,Provincial Highway,Average,Clear,Dawn/Dusk,Motorcycle,4,Pedestrian Error,1,0,0,0,3,0,Medium
2023,11,Saturday,5,Punjab,Rahim Yar Khan,National Highway,Good,Clear,Street Light,Motorcycle,3,Driver Fatigue,0,1,1,1,10,1,High
2023,8,Tuesday,8,KPK,Nowshera,Provincial Highway,Average,Foggy,Dawn/Dusk,Motorcycle,2,Wrong Overtaking,1,0,0,0,10,1,High
2022,1,Saturday,20,KPK,Abbottabad,Provincial Highway,Good,Rainy,Street Light,Motorcycle,1,Wrong Overtaking,1,1,0,1,5,0,Medium
2023,1,Tuesday,21,Sindh,Sukkur,Urban Road,Poor,Dusty/Smoggy,Street Light,Car/Taxi,1,Wrong Overtaking,0,0,0,1,1,0,Low
2021,10,Thursday,15,Islamabad,Islamabad,Urban Road,Average,Rainy,Daylight,Car/Taxi,1,Driver Fatigue,0,0,0,0,4,0,Medium
2019,9,Sunday,21,Punjab,Gujranwala,Urban Road,Average,Clear,Street Light,Motorcycle,3,Road Condition,0,1,0,0,1,0,Medium
2023,12,Tuesday,1,Punjab,Bahawalpur,Urban Road,Good,Clear,No Light,Car/Taxi,3,Pedestrian Error,0,0,1,1,2,0,Low
2023,7,Sunday,6,Punjab,Gujranwala,Provincial Highway,Under Repair,Clear,Dawn/Dusk,Car/Taxi,1,Mechanical Failure,0,1,0,0,2,0,Low
2018,3,Sunday,6,KPK,Mansehra,Rural Road,Average,Foggy,Daylight,Truck/Lorry,1,Wrong Overtaking,0,1,0,0,4,0,Medium
2018,1,Thursday,12,Sindh,Dadu,Urban Road,Under Repair,Clear,Daylight,Car/Taxi,2,Over Speeding,1,0,0,1,2,0,Low
2020,1,Thursday,8,Punjab,Sheikhupura,Rural Road,Good,Clear,Daylight,Motorcycle,2,Wrong Overtaking,1,0,0,1,5,0,Medium
2021,7,Friday,3,Punjab,Sialkot,Urban Road,Poor,Rainy,No Light,Car/Taxi,2,Road Condition,0,0,1,0,3,0,Medium
2022,10,Thursday,18,Punjab,Gujranwala,National Highway,Poor,Foggy,Daylight,Motorcycle,2,Drunk Driving,1,0,0,0,5,0,High
2023,5,Tuesday,19,Punjab,Bahawalpur,National Highway,Good,Clear,Dawn/Dusk,Motorcycle,1,Wrong Overtaking,1,0,0,0,3,0,Medium
2020,6,Tuesday,16,Sindh,Karachi,National Highway,Poor,Clear,Street Light,Car/Taxi,1,Mechanical Failure,0,0,0,0,0,0,Low
2020,5,Wednesday,11,Punjab,Rawalpindi,National Highway,Good,Foggy,No Light,Car/Taxi,3,Wrong Overtaking,0,0,0,0,4,0,Medium
2018,12,Saturday,12,Punjab,Sialkot,National Highway,Average,Clear,Street Light,Truck/Lorry,3,Signal Violation,1,1,0,1,5,0,Medium
2021,2,Saturday,14,Balochistan,Chaman,Urban Road,Good,Clear,Daylight,Car/Taxi,2,Wrong Overtaking,0,1,0,1,0,0,Low
2021,4,Thursday,22,Sindh,Nawabshah,National Highway,Good,Dusty/Smoggy,Street Light,Bus/Coach,2,Over Speeding,0,0,1,0,5,1,High
2021,6,Tuesday,10,KPK,Dera Ismail Khan,National Highway,Poor,Foggy,Daylight,Truck/Lorry,3,Wrong Overtaking,0,0,0,0,3,2,High
2022,1,Sunday,14,Punjab,Sialkot,Urban Road,Good,Clear,Daylight,Truck/Lorry,2,Pedestrian Error,0,1,0,1,1,0,Low
2018,9,Friday,11,Punjab,Multan,National Highway,Poor,Rainy,Daylight,Car/Taxi,2,Over Speeding,0,0,0,0,3,3,High
2019,5,Thursday,10,Sindh,Jacobabad,National Highway,Good,Clear,Daylight,Motorcycle,2,Wrong Overtaking,0,0,0,0,7,2,High
2019,3,Wednesday,19,Punjab,Sargodha,Rural Road,Average,Foggy,Street Light,Motorcycle,3,Road Condition,1,0,0,0,2,0,Medium
2022,7,Wednesday,9,Punjab,Lahore,Provincial Highway,Average,Clear,Daylight,Car/Taxi,2,Road Condition,1,0,0,0,1,0,Low
2023,6,Saturday,0,Balochistan,Khuzdar,Provincial Highway,Good,Clear,No Light,Truck/Lorry,1,Signal Violation,0,1,1,0,4,0,Medium
2018,9,Wednesday,3,Islamabad,Islamabad,Provincial Highway,Average,Clear,No Light,Motorcycle,2,Road Condition,0,0,1,0,8,2,High
2022,9,Saturday,13,Punjab,Sheikhupura,Provincial Highway,Poor,Foggy,Street Light,Motorcycle,2,Over Speeding,1,1,0,0,10,4,High
2023,12,Wednesday,14,Punjab,Sialkot,Motorway,Under Repair,Extreme Heat,Dawn/Dusk,Car/Taxi,2,Pedestrian Error,0,0,0,1,0,0,Low
2022,8,Tuesday,20,Islamabad,Islamabad,National Highway,Average,Clear,No Light,Motorcycle,2,Wrong Overtaking,1,0,0,0,2,1,Medium
2022,11,Saturday,12,Punjab,Multan,Urban Road,Poor,Extreme Heat,Daylight,Car/Taxi,2,Over Speeding,1,1,0,1,5,0,Medium
2021,9,Friday,8,Sindh,Thatta,Rural Road,Poor,Clear,Street Light,Car/Taxi,2,Wrong Overtaking,1,0,0,0,1,0,Low
2021,3,Sunday,4,AJK,Rawalakot,Urban Road,Good,Clear,No Light,Car/Taxi,1,Wrong Overtaking,0,1,1,0,0,0,Low
2023,1,Friday,21,AJK,Mirpur,Provincial Highway,Good,Foggy,No Light,Bus/Coach,4,Over Speeding,0,0,0,1,4,1,Medium
2020,11,Sunday,16,Sindh,Kashmore,Urban Road,Average,Dusty/Smoggy,Daylight,Car/Taxi,3,Wrong Overtaking,0,1,0,1,0,0,Low
2021,12,Sunday,5,Punjab,Sialkot,National Highway,Poor,Clear,No Light,Car/Taxi,2,Over Speeding,0,1,1,1,8,0,High
2023,6,Thursday,21,Punjab,Multan,Urban Road,Good,Dusty/Smoggy,Street Light,Other,3,Over Speeding,0,0,0,0,2,0,Low
2023,11,Friday,22,Balochistan,Gwadar,Rural Road,Poor,Clear,No Light,Bus/Coach,1,Over Speeding,0,0,1,1,1,0,Medium
2022,4,Saturday,18,Balochistan,Chaman,Provincial Highway,Poor,Clear,Daylight,Car/Taxi,2,Mechanical Failure,1,1,0,0,1,0,Low
2021,6,Saturday,19,Sindh,Sukkur,Urban Road,Poor,Clear,Dawn/Dusk,Motorcycle,1,Mechanical Failure,1,1,0,0,2,0,Low
2023,3,Thursday,10,KPK,Bannu,Urban Road,Average,Clear,Dawn/Dusk,Car/Taxi,2,Over Speeding,0,0,0,0,2,0,Low
2020,7,Sunday,14,KPK,Charsadda,Urban Road,Average,Clear,Daylight,Rickshaw,2,Over Speeding,0,1,0,0,5,1,Medium
2022,4,Thursday,17,KPK,Swat,National Highway,Good,Clear,Daylight,Bus/Coach,2,Wrong Overtaking,1,0,0,0,1,0,Medium
2021,4,Friday,4,KPK,Abbottabad,Urban Road,Good,Clear,Street Light,Car/Taxi,4,Over Speeding,0,0,1,0,4,2,Medium
2019,9,Friday,6,KPK,Swat,Provincial Highway,Good,Clear,No Light,Car/Taxi,3,Signal Violation,0,0,0,0,4,0,Medium
2022,11,Tuesday,11,Sindh,Hyderabad,National Highway,Poor,Clear,Daylight,Rickshaw,4,Over Speeding,0,0,0,1,9,0,High
2021,9,Thursday,14,Punjab,Sialkot,National Highway,Good,Clear,Street Light,Car/Taxi,2,Pedestrian Error,0,0,0,0,1,0,Low
2022,2,Saturday,13,KPK,Abbottabad,Rural Road,Under Repair,Clear,Daylight,Motorcycle,2,Over Speeding,1,1,0,1,11,2,High
2021,5,Friday,9,Sindh,Sukkur,Urban Road,Average,Rainy,Daylight,Van/Pickup,1,Pedestrian Error,1,0,0,0,0,1,Low
2022,8,Wednesday,21,Punjab,Lahore,Rural Road,Average,Clear,Street Light,Motorcycle,2,Road Condition,0,0,0,0,2,0,Low
2021,9,Wednesday,14,KPK,Charsadda,Provincial Highway,Under Repair,Clear,Dawn/Dusk,Rickshaw,2,Road Condition,0,0,0,0,1,0,Low
2023,6,Saturday,17,KPK,Charsadda,Urban Road,Good,Clear,Daylight,Car/Taxi,4,Signal Violation,1,1,0,0,0,0,Low
2019,2,Sunday,12,Islamabad,Islamabad,National Highway,Average,Dusty/Smoggy,Street Light,Bus/Coach,2,Pedestrian Error,1,1,0,1,2,0,Medium
2023,3,Tuesday,0,Punjab,Sheikhupura,Provincial Highway,Good,Clear,No Light,Van/Pickup,1,Wrong Overtaking,0,0,1,0,3,1,Medium
2018,4,Sunday,13,Sindh,Mirpur Khas,Urban Road,Poor,Clear,Daylight,Rickshaw,1,Pedestrian Error,1,1,0,0,1,0,Low
2023,3,Sunday,8,Punjab,Multan,National Highway,Poor,Extreme Heat,Daylight,Car/Taxi,2,Over Speeding,1,1,0,0,11,2,High
2019,12,Sunday,13,Balochistan,Sibi,National Highway,Average,Clear,Street Light,Motorcycle,2,Wrong Overtaking,1,1,0,1,6,1,High
2023,7,Monday,13,Punjab,Rawalpindi,National Highway,Good,Clear,Dawn/Dusk,Car/Taxi,2,Over Speeding,1,0,0,0,2,1,Medium
2021,5,Monday,14,Sindh,Larkana,Provincial Highway,Good,Clear,Daylight,Motorcycle,1,Road Condition,0,0,0,0,1,0,Medium
2019,3,Friday,12,KPK,Charsadda,Rural Road,Good,Extreme Heat,Daylight,Rickshaw,2,Over Speeding,1,0,0,0,1,1,Medium
2020,3,Tuesday,9,Punjab,Faisalabad,Provincial Highway,Poor,Dusty/Smoggy,Daylight,Motorcycle,4,Pedestrian Error,1,0,0,0,1,0,Medium
2018,12,Friday,12,Islamabad,Islamabad,Urban Road,Good,Clear,Daylight,Car/Taxi,2,Drunk Driving,1,0,0,1,2,0,Low
2021,6,Saturday,20,Balochistan,Khuzdar,Provincial Highway,Good,Clear,Street Light,Motorcycle,2,Over Speeding,1,1,0,0,9,2,High
2022,12,Friday,16,Punjab,Rawalpindi,Rural Road,Poor,Rainy,Daylight,Car/Taxi,3,Mobile Phone Use,0,0,0,1,2,0,Low
2022,11,Wednesday,15,Punjab,Bahawalpur,Rural Road,Good,Clear,Daylight,Rickshaw,1,Wrong Overtaking,0,0,0,1,0,0,Low
2022,5,Friday,1,Punjab,Faisalabad,Rural Road,Good,Dusty/Smoggy,No Light,Motorcycle,1,Pedestrian Error,0,0,1,0,4,0,Medium
2021,8,Friday,5,Punjab,Bahawalpur,Provincial Highway,Under Repair,Clear,No Light,Van/Pickup,2,Signal Violation,0,0,1,0,3,0,Medium
2023,9,Saturday,11,Balochistan,Loralai,Provincial Highway,Poor,Clear,Daylight,Motorcycle,2,Mechanical Failure,0,1,0,0,1,0,Low
2023,8,Tuesday,7,Islamabad,Islamabad,Urban Road,Good,Clear,Daylight,Motorcycle,1,Wrong Overtaking,1,0,0,0,1,0,Low
2020,2,Friday,10,Punjab,Lahore,Provincial Highway,Poor,Extreme Heat,Street Light,Bus/Coach,1,Mechanical Failure,0,0,0,1,1,0,Low
2020,11,Saturday,9,Sindh,Thatta,National Highway,Average,Foggy,Daylight,Rickshaw,3,Wrong Overtaking,1,1,0,1,5,1,Medium
2023,5,Thursday,2,Sindh,Karachi,Urban Road,Average,Extreme Heat,No Light,Car/Taxi,2,Pedestrian Error,0,0,1,0,0,0,Low
2022,1,Saturday,14,Punjab,Sheikhupura,National Highway,Good,Clear,Daylight,Van/Pickup,1,Signal Violation,0,1,0,1,2,1,Medium
2018,2,Saturday,10,Punjab,Lahore,Rural Road,Good,Dusty/Smoggy,Daylight,Motorcycle,1,Signal Violation,0,1,0,1,5,2,Medium