year,month,day_of_week,hour_of_day,province,district,road_type,road_condition,weather_condition,lighting_condition,vehicle_type,vehicles_involved,accident_cause,is_rush_hour,is_weekend,is_night,is_foggy_month,num_injured,num_killed,severity
2020,9,Sunday,17,Punjab,Gujranwala,National Highway,Under Repair,Foggy,No Light,Truck/Lorry,2,Road Condition,1,1,0,0,1,0,Medium
2021,3,Thursday,11,Sindh,Thatta,Rural Road,Poor,Clear,Daylight,Motorcycle,3,Wrong Overtaking,0,0,0,0,5,1,Medium
2023,1,Friday,13,KPK,Swat,National Highway,Poor,Extreme Heat,No Light,Motorcycle,2,Over Speeding,1,0,0,1,5,1,High
2020,2,Monday,18,KPK,Mansehra,Urban Road,Average,Clear,Dawn/Dusk,Bus/Coach,2,Over Speeding,1,0,0,1,3,0,Medium
2022,1,Sunday,3,Punjab,Lahore,National Highway,Good,Rainy,No Light,Motorcycle,2,Over Speeding,0,1,1,1,3,2,High
2018,5,Friday,19,KPK,Abbottabad,National Highway,Good,Clear,Dawn/Dusk,Car/Taxi,2,Wrong Overtaking,1,0,0,0,0,0,Low
2019,4,Sunday,5,KPK,Kohat,National Highway,Under Repair,Rainy,Dawn/Dusk,Rickshaw,3,Wrong Overtaking,0,1,1,0,11,1,High
2021,9,Saturday,8,Balochistan,Turbat,National Highway,Average,Rainy,Daylight,Motorcycle,1,Pedestrian Error,1,1,0,0,4,0,Medium
2021,5,Sunday,7,Sindh,Karachi,National Highway,Average,Dusty/Smoggy,Daylight,Other,4,Over Speeding,1,1,0,0,3,0,Medium
2021,4,Saturday,18,Balochistan,Sibi,National Highway,Good,Clear,Daylight,Motorcycle,1,Road Condition,1,1,0,0,5,3,High
2018,5,Wednesday,12,Balochistan,Chaman,National Highway,Poor,Clear,Daylight,Motorcycle,2,Over Speeding,1,0,0,0,4,1,High
2023,9,Friday,9,Sindh,Sukkur,Provincial Highway,Good,Clear,Daylight,Car/Taxi,1,Mechanical Failure,1,0,0,0,2,0,Low
2020,9,Sunday,19,Punjab,Sialkot,National Highway,Good,Rainy,No Light,Motorcycle,2,Over Speeding,1,1,0,0,4,0,High
2019,7,Thursday,16,Islamabad,Islamabad,National Highway,Average,Clear,Dawn/Dusk,Truck/Lorry,1,Mechanical Failure,0,0,0,0,3,0,Medium
2020,7,Thursday,16,KPK,Charsadda,National Highway,Average,Foggy,Daylight,Car/Taxi,1,Over Speeding,0,0,0,0,3,1,High
2021,3,Sunday,8,Islamabad,Islamabad,Rural Road,Good,Rainy,Dawn/Dusk,Van/Pickup,1,Signal Violation,1,1,0,0,1,0,Low
2018,1,Friday,19,KPK,Mansehra,National Highway,Under Repair,Clear,No Light,Motorcycle,4,Mobile Phone Use,1,0,0,1,2,1,Medium
2023,1,Thursday,16,Sindh,Thatta,Provincial Highway,Good,Dusty/Smoggy,Daylight,Rickshaw,2,Driver Fatigue,0,0,0,1,5,1,Medium
2019,12,Sunday,1,Punjab,Rawalpindi,National Highway,Good,Foggy,No Light,Bus/Coach,1,Over Speeding,0,1,1,1,5,1,High
2021,2,Friday,0,Punjab,Multan,Provincial Highway,Poor,Foggy,No Light,Motorcycle,1,Pedestrian Error,0,0,1,1,5,1,High
2021,12,Tuesday,6,Islamabad,Islamabad,Rural Road,Average,Clear,Daylight,Van/Pickup,1,Pedestrian Error,0,0,0,1,1,0,Low
2021,11,Monday,8,Punjab,Bahawalpur,Provincial Highway,Good,Clear,Daylight,Car/Taxi,3,Driver Fatigue,1,0,0,1,5,0,Medium
2018,5,Saturday,22,Punjab,Rahim Yar Khan,National Highway,Average,Foggy,No Light,Rickshaw,2,Mechanical Failure,0,1,1,0,3,0,Medium
2018,5,Monday,5,KPK,Dera Ismail Khan,Provincial Highway,Good,Foggy,Street Light,Car/Taxi,1,Road Condition,0,0,1,0,5,2,Medium
2022,9,Thursday,12,KPK,Charsadda,Urban Road,Poor,Clear,Daylight,Rickshaw,1,Signal Violation,1,0,0,0,0,0,Low
2018,12,Sunday,2,Punjab,Sialkot,Rural Road,Good,Foggy,Street Light,Motorcycle,3,Over Speeding,0,1,1,1,3,2,High
2021,7,Wednesday,2,Punjab,Rahim Yar Khan,Rural Road,Under Repair,Clear,Street Light,Bus/Coach,2,Over Speeding,0,0,1,0,1,0,Medium
2018,12,Tuesday,20,Sindh,Nawabshah,Motorway,Good,Foggy,No Light,Truck/Lorry,2,Road Condition,1,0,0,1,4,0,Medium
2023,12,Tuesday,9,Punjab,Sheikhupura,National Highway,Under Repair,Rainy,Daylight,Motorcycle,1,Signal Violation,1,0,0,1,11,0,High
2023,1,Tuesday,12,KPK,Charsadda,National Highway,Under Repair,Foggy,Daylight,Motorcycle,2,Road Condition,1,0,0,1,6,0,High
2021,9,Thursday,13,Punjab,Rawalpindi,National Highway,Good,Foggy,Daylight,Rickshaw,1,Wrong Overtaking,1,0,0,0,6,0,High
2022,9,Tuesday,12,Balochistan,Loralai,Provincial Highway,Average,Clear,Street Light,Truck/Lorry,3,Signal Violation,1,0,0,0,1,0,Medium
2022,3,Wednesday,11,KPK,Bannu,National Highway,Under Repair,Clear,Daylight,Other,3,Signal Violation,0,0,0,0,4,2,Medium
2023,5,Saturday,17,KPK,Dera Ismail Khan,Urban Road,Average,Clear,Daylight,Motorcycle,2,Signal Violation,1,1,0,0,1,0,Low
2019,1,Friday,19,Punjab,Rawalpindi,Motorway,Under Repair,Clear,Dawn/Dusk,Van/Pickup,3,Driver Fatigue,1,0,0,1,5,1,Medium
2023,6,Thursday,10,Sindh,Dadu,Urban Road,Good,Clear,Daylight,Motorcycle,1,Mechanical Failure,0,0,0,0,2,1,Low
2020,6,Thursday,18,Sindh,Mirpur Khas,Urban Road,Good,Foggy,Dawn/Dusk,Other,2,Mobile Phone Use,1,0,0,0,1,0,Low
2018,11,Saturday,20,Punjab,Rahim Yar Khan,National Highway,Good,Clear,No Light,Motorcycle,2,Over Speeding,1,1,0,1,7,4,High
2020,6,Monday,21,Balochistan,Sibi,Rural Road,Average,Dusty/Smoggy,No Light,Car/Taxi,3,Drunk Driving,0,0,0,0,4,1,Medium
2021,10,Sunday,2,Sindh,Karachi,Rural Road,Poor,Clear,No Light,Motorcycle,1,Pedestrian Error,0,1,1,0,1,1,Medium
2018,7,Friday,12,KPK,Swat,Rural Road,Under Repair,Clear,Daylight,Car/Taxi,1,Road Condition,1,0,0,0,0,0,Low
2019,4,Saturday,13,Punjab,Sheikhupura,Rural Road,Good,Dusty/Smoggy,Daylight,Motorcycle,3,Signal Violation,1,1,0,0,5,2,Medium
2019,1,Friday,18,Punjab,Sheikhupura,Provincial Highway,Good,Foggy,Daylight,Car/Taxi,4,Signal Violation,1,0,0,1,2,0,Low
2019,4,Wednesday,10,AJK,Mirpur,Provincial Highway,Average,Clear,Street Light,Van/Pickup,1,Signal Violation,0,0,0,0,4,0,Medium
2019,9,Tuesday,20,Sindh,Kashmore,Provincial Highway,Good,Extreme Heat,No Light,Truck/Lorry,1,Mechanical Failure,1,0,0,0,2,0,Low
2021,3,Saturday,11,Sindh,Nawabshah,Rural Road,Average,Clear,Daylight,Car/Taxi,1,Wrong Overtaking,0,1,0,0,0,0,Low
2020,9,Tuesday,12,Sindh,Sukkur,Rural Road,Good,Clear,Daylight,Rickshaw,3,Over Speeding,1,0,0,0,5,0,Medium
2023,4,Monday,19,Punjab,Rahim Yar Khan,Urban Road,Average,Clear,Street Light,Motorcycle,1,Road Condition,1,0,0,0,0,0,Low
2023,8,Tuesday,19,KPK,Kohat,National Highway,Good,Foggy,No Light,Motorcycle,1,Mechanical Failure,1,0,0,0,3,0,Medium
2019,3,Friday,12,Punjab,Bahawalpur,National Highway,Average,Clear,Daylight,Motorcycle,4,Signal Violation,1,0,0,0,8,2,High
2021,3,Monday,7,Sindh,Hyderabad,Rural Road,Poor,Clear,Daylight,Rickshaw,2,Over Speeding,1,0,0,0,2,0,Medium
2019,2,Friday,9,Sindh,Hyderabad,Provincial Highway,Poor,Foggy,Street Light,Car/Taxi,2,Wrong Overtaking,1,0,0,1,4,2,Medium
2019,6,Monday,10,Balochistan,Gwadar,Urban Road,Good,Clear,Daylight,Bicycle,1,Signal Violation,0,0,0,0,2,0,Low
2020,6,Saturday,9,Sindh,Dadu,Rural Road,Good,Clear,Daylight,Car/Taxi,2,Drunk Driving,1,1,0,0,1,0,Low
2023,7,Monday,1,Punjab,Gujranwala,Urban Road,Good,Foggy,Street Light,Van/Pickup,2,Wrong Overtaking,0,0,1,0,5,2,Medium
2022,2,Thursday,3,Sindh,Sukkur,Motorway,Poor,Clear,No Light,Car/Taxi,1,Over Speeding,0,0,1,1,3,1,Medium
2022,11,Monday,17,Punjab,Bahawalpur,Urban Road,Average,Foggy,Street Light,Van/Pickup,2,Over Speeding,1,0,0,1,0,0,Low
2023,5,Monday,9,Punjab,Sargodha,Urban Road,Poor,Clear,Dawn/Dusk,Truck/Lorry,2,Mechanical Failure,1,0,0,0,0,0,Low
2022,11,Friday,8,Punjab,Sheikhupura,Urban Road,Average,Foggy,Daylight,Motorcycle,2,Driver Fatigue,1,0,0,1,3,0,Medium
2021,8,Wednesday,12,Sindh,Kashmore,Provincial Highway,Poor,Foggy,Daylight,Motorcycle,3,Wrong Overtaking,1,0,0,0,11,2,High
2020,7,Friday,22,Punjab,Sialkot,Rural Road,Average,Clear,Street Light,Motorcycle,2,Over Speeding,0,0,1,0,3,0,Medium
2023,11,Saturday,13,Sindh,Hyderabad,Rural Road,Average,Dusty/Smoggy,Daylight,Motorcycle,4,Wrong Overtaking,1,1,0,1,2,0,Medium
2019,4,Friday,10,Islamabad,Islamabad,Rural Road,Under Repair,Foggy,Daylight,Van/Pickup,3,Pedestrian Error,0,0,0,0,0,0,Low
2020,11,Sunday,19,KPK,Peshawar,Provincial Highway,Average,Clear,Street Light,Bus/Coach,2,Road Condition,1,1,0,1,0,0,Low
2021,10,Sunday,14,Punjab,Gujranwala,Rural Road,Good,Clear,Daylight,Bus/Coach,1,Wrong Overtaking,0,1,0,0,2,1,Medium
2019,5,Saturday,12,Punjab,Sargodha,National Highway,Average,Clear,Daylight,Car/Taxi,2,Over Speeding,1,1,0,0,1,2,Medium
2023,6,Monday,8,KPK,Nowshera,Urban Road,Good,Dusty/Smoggy,Daylight,Motorcycle,3,Wrong Overtaking,1,0,0,0,5,0,Medium
2022,6,Friday,5,Balochistan,Turbat,Provincial Highway,Under Repair,Rainy,Dawn/Dusk,Car/Taxi,1,Road Condition,0,0,1,0,5,0,Medium
2023,9,Saturday,19,Punjab,Sialkot,National Highway,Poor,Clear,No Light,Truck/Lorry,2,Pedestrian Error,1,1,0,0,3,0,Medium
2021,2,Sunday,8,KPK,Peshawar,Motorway,Poor,Foggy,Daylight,Motorcycle,2,Wrong Overtaking,1,1,0,1,7,0,High
2023,2,Sunday,20,Sindh,Karachi,Motorway,Average,Clear,Street Light,Motorcycle,2,Over Speeding,1,1,0,1,5,1,High
2021,11,Sunday,3,Sindh,Hyderabad,National Highway,Good,Clear,No Light,Rickshaw,2,Signal Violation,0,1,1,1,5,0,High
2018,12,Saturday,12,Islamabad,Islamabad,Provincial Highway,Good,Clear,Daylight,Motorcycle,2,Over Speeding,1,1,0,1,11,1,High
2022,8,Wednesday,19,KPK,Kohat,National Highway,Poor,Clear,Dawn/Dusk,Bus/Coach,1,Road Condition,1,0,0,0,2,0,Low
2023,12,Saturday,12,Balochistan,Dera Bugti,Provincial Highway,Average,Foggy,Daylight,Car/Taxi,2,Drunk Driving,1,1,0,1,2,2,Medium
2022,10,Thursday,20,Punjab,Rahim Yar Khan,Provincial Highway,Good,Clear,No Light,Motorcycle,2,Over Speeding,1,0,0,0,5,2,High
2022,10,Sunday,22,Sindh,Hyderabad,Provincial Highway,Poor,Clear,No Light,Truck/Lorry,3,Road Condition,0,1,1,0,2,0,Low
2023,6,Sunday,11,Sindh,Kashmore,Urban Road,Good,Dusty/Smoggy,Street Light,Motorcycle,1,Wrong Overtaking,0,1,0,0,0,0,Low
2022,3,Monday,0,Punjab,Rawalpindi,Provincial Highway,Average,Rainy,No Light,Rickshaw,3,Road Condition,0,0,1,0,1,0,Low
2021,11,Tuesday,5,Sindh,Dadu,Provincial Highway,Poor,Clear,Dawn/Dusk,Motorcycle,2,Driver Fatigue,0,0,1,1,3,2,High
2020,7,Thursday,16,Punjab,Gujranwala,Provincial Highway,Good,Clear,Dawn/Dusk,Rickshaw,2,Signal Violation,0,0,0,0,2,0,Low
2022,11,Sunday,14,Punjab,Rawalpindi,Urban Road,Poor,Clear,Daylight,Motorcycle,2,Over Speeding,0,1,0,1,9,2,High
2020,8,Friday,8,Punjab,Gujranwala,National Highway,Good,Rainy,Daylight,Van/Pickup,2,Wrong Overtaking,1,0,0,0,1,2,Medium
2019,7,Tuesday,13,KPK,Abbottabad,Rural Road,Under Repair,Clear,Daylight,Car/Taxi,2,Signal Violation,1,0,0,0,1,0,Low
2023,1,Sunday,23,Balochistan,Hub,Urban Road,Poor,Clear,No Light,Motorcycle,2,Over Speeding,0,1,1,1,11,2,High
2022,11,Friday,12,Sindh,Kashmore,National Highway,Average,Clear,Daylight,Rickshaw,1,Wrong Overtaking,1,0,0,1,1,1,Medium
2018,7,Thursday,18,Sindh,Nawabshah,National Highway,Good,Clear,Daylight,Motorcycle,1,Over Speeding,1,0,0,0,4,1,High
2023,5,Wednesday,15,Punjab,Sheikhupura,Urban Road,Poor,Foggy,Daylight,Rickshaw,2,Signal Violation,0,0,0,0,3,0,Medium
2019,6,Sunday,21,Balochistan,Turbat,Provincial Highway,Poor,Clear,No Light,Car/Taxi,1,Over Speeding,0,1,0,0,5,0,Medium
2023,11,Friday,15,Sindh,Sukkur,National Highway,Poor,Clear,Daylight,Bus/Coach,1,Over Speeding,0,0,0,1,6,0,High
2020,5,Monday,9,KPK,Mansehra,Rural Road,Good,Rainy,Dawn/Dusk,Bus/Coach,3,Signal Violation,1,0,0,0,4,0,Medium
2019,5,Thursday,9,KPK,Mardan,Urban Road,Poor,Rainy,Daylight,Motorcycle,2,Weather Condition,1,0,0,0,5,0,Medium
2019,8,Saturday,3,Punjab,Bahawalpur,Provincial Highway,Good,Clear,No Light,Car/Taxi,1,Pedestrian Error,0,1,1,0,2,0,Low
2022,8,Monday,11,Sindh,Kashmore,National Highway,Poor,Clear,Street Light,Car/Taxi,1,Wrong Overtaking,0,0,0,0,5,1,Medium
2019,2,Wednesday,21,Islamabad,Islamabad,National Highway,Poor,Clear,No Light,Bus/Coach,4,Over Speeding,0,0,0,1,3,0,High
2021,11,Friday,11,Punjab,Sargodha,National Highway,Good,Clear,Daylight,Car/Taxi,4,Drunk Driving,0,0,0,1,3,1,High
2018,9,Saturday,9,KPK,Peshawar,Rural Road,Good,Clear,Daylight,Rickshaw,4,Signal Violation,1,1,0,0,0,0,Low
2022,11,Sunday,17,Islamabad,Islamabad,Motorway,Under Repair,Clear,Daylight,Truck/Lorry,4,Wrong Overtaking,1,1,0,1,4,2,Medium
2022,6,Friday,11,Punjab,Gujranwala,Provincial Highway,Good,Clear,Daylight,Motorcycle,1,Signal Violation,0,0,0,0,9,2,High
2023,7,Friday,9,Balochistan,Hub,National Highway,Poor,Clear,Daylight,Truck/Lorry,1,Signal Violation,1,0,0,0,4,2,High
2022,5,Wednesday,21,Islamabad,Islamabad,Provincial Highway,Good,Rainy,No Light,Motorcycle,2,Signal Violation,0,0,0,0,7,2,High
2021,1,Friday,12,KPK,Peshawar,Provincial Highway,Average,Dusty/Smoggy,Dawn/Dusk,Motorcycle,3,Over Speeding,1,0,0,1,9,1,High
2021,1,Saturday,22,Punjab,Sialkot,National Highway,Average,Foggy,Street Light,Motorcycle,2,Wrong Overtaking,0,1,1,1,9,0,High
2021,7,Thursday,20,Punjab,Faisalabad,National Highway,Under Repair,Clear,Street Light,Motorcycle,1,Signal Violation,1,0,0,0,4,4,High
2022,8,Sunday,9,Punjab,Rawalpindi,National Highway,Poor,Foggy,Dawn/Dusk,Motorcycle,2,Signal Violation,1,1,0,0,8,2,High
2019,9,Monday,14,KPK,Kohat,Rural Road,Poor,Rainy,Daylight,Rickshaw,2,Road Condition,0,0,0,0,1,0,Low
2023,5,Sunday,14,Balochistan,Zhob,Rural Road,Good,Clear,Daylight,Car/Taxi,2,Weather Condition,0,1,0,0,1,1,Low
2019,4,Tuesday,17,Sindh,Hyderabad,National Highway,Average,Rainy,Daylight,Motorcycle,2,Over Speeding,1,0,0,0,6,2,High
2020,1,Sunday,18,Punjab,Multan,Urban Road,Average,Rainy,Daylight,Motorcycle,1,Signal Violation,1,1,0,1,1,0,Medium
2021,5,Tuesday,18,Punjab,Rawalpindi,National Highway,Average,Clear,Daylight,Motorcycle,3,Pedestrian Error,1,0,0,0,10,0,High
2018,2,Tuesday,9,KPK,Peshawar,National Highway,Average,Clear,Dawn/Dusk,Truck/Lorry,4,Mechanical Failure,1,0,0,1,1,0,Medium
2018,11,Saturday,6,KPK,Swat,Urban Road,Good,Clear,Daylight,Motorcycle,1,Road Condition,0,1,0,1,2,1,Medium
2022,6,Thursday,12,Balochistan,Zhob,Urban Road,Good,Clear,Daylight,Van/Pickup,1,Over Speeding,1,0,0,0,2,0,Low
2022,11,Saturday,17,KPK,Dera Ismail Khan,Urban Road,Poor,Foggy,Daylight,Car/Taxi,1,Road Condition,1,1,0,1,0,0,Low
2023,6,Saturday,3,KPK,Nowshera,Provincial Highway,Good,Clear,No Light,Truck/Lorry,3,Road Condition,0,1,1,0,1,0,Low
2021,3,Monday,13,KPK,Mansehra,Provincial Highway,Good,Clear,Daylight,Bus/Coach,2,Over Speeding,1,0,0,0,5,0,Medium
2022,7,Saturday,19,Sindh,Karachi,Provincial Highway,Average,Foggy,No Light,Truck/Lorry,3,Over Speeding,1,1,0,0,5,1,High
2020,2,Saturday,4,Sindh,Mirpur Khas,National Highway,Poor,Clear,No Light,Motorcycle,1,Signal Violation,0,1,1,1,9,3,High
2023,10,Wednesday,18,Balochistan,Hub,National Highway,Good,Rainy,Daylight,Truck/Lorry,4,Over Speeding,1,0,0,0,3,1,High
2023,1,Tuesday,19,Sindh,Nawabshah,National Highway,Good,Rainy,Daylight,Bus/Coach,1,Pedestrian Error,1,0,0,1,1,0,Medium
2022,11,Monday,15,Punjab,Gujranwala,National Highway,Average,Clear,Street Light,Bus/Coach,4,Wrong Overtaking,0,0,0,1,9,2,High
2022,12,Sunday,10,Punjab,Sheikhupura,National Highway,Good,Clear,Daylight,Motorcycle,3,Pedestrian Error,0,1,0,1,5,0,Medium
2020,7,Thursday,16,Punjab,Sialkot,National Highway,Poor,Dusty/Smoggy,Daylight,Car/Taxi,2,Signal Violation,0,0,0,0,4,1,Medium
2022,5,Friday,11,Sindh,Dadu,Provincial Highway,Average,Rainy,Daylight,Car/Taxi,2,Over Speeding,0,0,0,0,4,1,High
2020,1,Thursday,10,Punjab,Multan,Rural Road,Good,Clear,Daylight,Motorcycle,3,Road Condition,0,0,0,1,0,0,Low
2023,2,Saturday,13,Punjab,Rawalpindi,Rural Road,Average,Rainy,Daylight,Bus/Coach,2,Pedestrian Error,1,1,0,1,0,0,Low
2018,4,Saturday,8,Sindh,Nawabshah,Provincial Highway,Average,Foggy,Street Light,Van/Pickup,1,Over Speeding,1,1,0,0,4,0,Medium
2023,5,Sunday,19,Punjab,Lahore,Urban Road,Good,Clear,Dawn/Dusk,Bus/Coach,3,Pedestrian Error,1,1,0,0,2,1,Low
2019,3,Thursday,21,KPK,Dera Ismail Khan,National Highway,Under Repair,Clear,Street Light,Car/Taxi,1,Driver Fatigue,0,0,0,0,3,2,High
2022,2,Thursday,15,Sindh,Mirpur Khas,Provincial Highway,Average,Rainy,Street Light,Bus/Coach,1,Wrong Overtaking,0,0,0,1,3,4,High
2020,10,Tuesday,16,Sindh,Hyderabad,Rural Road,Good,Foggy,Dawn/Dusk,Truck/Lorry,2,Mobile Phone Use,0,0,0,0,0,0,Low
2021,11,Thursday,12,Punjab,Sialkot,National Highway,Good,Clear,Daylight,Motorcycle,3,Pedestrian Error,1,0,0,1,1,1,Medium
2018,3,Sunday,23,Punjab,Rawalpindi,Rural Road,Average,Dusty/Smoggy,Street Light,Motorcycle,1,Over Speeding,0,1,1,0,2,1,Medium
2021,11,Saturday,21,Punjab,Sheikhupura,Provincial Highway,Average,Foggy,No Light,Motorcycle,2,Driver Fatigue,0,1,0,1,8,2,High
2023,12,Wednesday,6,KPK,Mardan,National Highway,Poor,Clear,Dawn/Dusk,Car/Taxi,1,Weather Condition,0,0,0,1,1,1,Low
2021,7,Wednesday,12,KPK,Peshawar,National Highway,Good,Foggy,Daylight,Motorcycle,2,Over Speeding,1,0,0,0,2,2,High
2019,7,Monday,18,Punjab,Sargodha,Motorway,Poor,Foggy,Daylight,Rickshaw,3,Road Condition,1,0,0,0,2,1,Medium
2021,1,Saturday,5,Sindh,Mirpur Khas,National Highway,Poor,Clear,Street Light,Motorcycle,2,Driver Fatigue,0,1,1,1,3,0,High
2023,8,Thursday,12,Punjab,Lahore,Rural Road,Average,Clear,Daylight,Motorcycle,3,Drunk Driving,1,0,0,0,10,2,High
2023,5,Saturday,12,AJK,Muzaffarabad,Provincial Highway,Good,Clear,Daylight,Motorcycle,1,Wrong Overtaking,1,1,0,0,3,1,Medium
2022,8,Monday,9,Islamabad,Islamabad,Rural Road,Good,Clear,Daylight,Motorcycle,2,Over Speeding,1,0,0,0,5,0,High
2022,4,Wednesday,18,Sindh,Larkana,Rural Road,Poor,Rainy,Daylight,Truck/Lorry,1,Road Condition,1,0,0,0,0,0,Low
2019,2,Friday,15,KPK,Peshawar,National Highway,Average,Clear,Street Light,Car/Taxi,1,Over Speeding,0,0,0,1,6,0,High
2019,12,Sunday,13,KPK,Charsadda,Motorway,Good,Clear,Dawn/Dusk,Motorcycle,3,Mobile Phone Use,1,1,0,1,1,0,Medium
2019,2,Thursday,9,KPK,Swat,Provincial Highway,Good,Clear,Street Light,Motorcycle,2,Pedestrian Error,1,0,0,1,2,0,Medium
2022,8,Sunday,13,KPK,Dera Ismail Khan,Rural Road,Average,Clear,Daylight,Van/Pickup,2,Weather Condition,1,1,0,0,0,0,Low
2020,1,Tuesday,20,Islamabad,Islamabad,Motorway,Poor,Extreme Heat,Street Light,Motorcycle,2,Mechanical Failure,1,0,0,1,5,0,Medium
2021,10,Friday,6,Sindh,Jacobabad,Provincial Highway,Good,Foggy,Daylight,Bicycle,2,Pedestrian Error,0,0,0,0,1,0,Medium
2022,9,Wednesday,11,Sindh,Nawabshah,Urban Road,Good,Clear,Daylight,Truck/Lorry,2,Wrong Overtaking,0,0,0,0,1,0,Low
2018,12,Monday,8,Balochistan,Sibi,National Highway,Under Repair,Clear,Daylight,Van/Pickup,2,Over Speeding,1,0,0,1,4,1,High
2019,11,Monday,3,KPK,Peshawar,Urban Road,Average,Rainy,Street Light,Motorcycle,1,Over Speeding,0,0,1,1,8,2,High
2021,5,Thursday,8,KPK,Dera Ismail Khan,Provincial Highway,Good,Dusty/Smoggy,Street Light,Truck/Lorry,1,Driver Fatigue,1,0,0,0,5,1,Medium
2018,11,Friday,17,Punjab,Sheikhupura,Provincial Highway,Average,Clear,Street Light,Motorcycle,2,Signal Violation,1,0,0,1,3,1,Medium
2020,7,Tuesday,23,Punjab,Bahawalpur,National Highway,Good,Clear,No Light,Bicycle,2,Wrong Overtaking,0,0,1,0,4,0,High
2021,6,Sunday,13,Punjab,Gujranwala,National Highway,Good,Clear,Dawn/Dusk,Motorcycle,2,Over Speeding,1,1,0,0,7,1,High
2019,5,Saturday,20,Sindh,Sukkur,Rural Road,Average,Dusty/Smoggy,No Light,Motorcycle,2,Mechanical Failure,1,1,0,0,2,0,Low
2022,12,Monday,19,Sindh,Kashmore,Urban Road,Under Repair,Extreme Heat,Daylight,Motorcycle,2,Signal Violation,1,0,0,1,0,0,Low
2019,1,Sunday,2,Gilgit-Baltistan,Skardu,National Highway,Under Repair,Clear,Street Light,Motorcycle,2,Wrong Overtaking,0,1,1,1,8,1,High
2022,4,Friday,8,Sindh,Dadu,Provincial Highway,Good,Foggy,Dawn/Dusk,Motorcycle,2,Over Speeding,1,0,0,0,5,1,High
2023,1,Tuesday,20,KPK,Abbottabad,Urban Road,Poor,Clear,No Light,Car/Taxi,1,Over Speeding,1,0,0,1,2,1,Low
2020,11,Thursday,15,Punjab,Multan,Rural Road,Good,Clear,Daylight,Motorcycle,4,Over Speeding,0,0,0,1,6,1,High
2022,9,Tuesday,8,KPK,Mansehra,Urban Road,Under Repair,Clear,Daylight,Other,4,Wrong Overtaking,1,0,0,0,0,0,Low
2020,8,Tuesday,5,Sindh,Mirpur Khas,National Highway,Good,Clear,Dawn/Dusk,Car/Taxi,2,Over Speeding,0,0,1,0,8,2,High
2023,6,Saturday,17,KPK,Mansehra,Rural Road,Poor,Clear,Daylight,Rickshaw,1,Wrong Overtaking,1,1,0,0,1,0,Low
2022,6,Thursday,5,Punjab,Faisalabad,Provincial Highway,Good,Clear,Dawn/Dusk,Bus/Coach,2,Signal Violation,0,0,1,0,5,0,High
2020,5,Thursday,23,Sindh,Mirpur Khas,Urban Road,Good,Rainy,Street Light,Bus/Coach,3,Road Condition,0,0,1,0,5,1,Medium
2023,11,Monday,6,Sindh,Larkana,National Highway,Poor,Clear,Daylight,Car/Taxi,2,Pedestrian Error,0,0,0,1,0,0,Low
2021,1,Friday,4,Sindh,Karachi,Urban Road,Poor,Clear,No Light,Motorcycle,1,Over Speeding,0,0,1,1,1,1,Medium
2022,3,Wednesday,9,Balochistan,Gwadar,Provincial Highway,Average,Clear,Daylight,Car/Taxi,2,Wrong Overtaking,1,0,0,0,3,0,Medium
2020,10,Tuesday,18,Balochistan,Turbat,National Highway,Average,Clear,Daylight,Motorcycle,3,Pedestrian Error,1,0,0,0,3,0,Medium
2023,7,Wednesday,16,AJK,Rawalakot,Rural Road,Poor,Clear,Daylight,Motorcycle,2,Road Condition,0,0,0,0,1,0,Low
2019,10,Wednesday,7,KPK,Nowshera,Urban Road,Average,Clear,Daylight,Bicycle,2,Wrong Overtaking,1,0,0,0,3,1,Medium
2023,9,Wednesday,13,AJK,Rawalakot,Provincial Highway,Good,Clear,Dawn/Dusk,Motorcycle,2,Road Condition,1,0,0,0,2,0,Low
2019,5,Saturday,10,KPK,Kohat,Urban Road,Good,Foggy,Daylight,Bus/Coach,1,Wrong Overtaking,0,1,0,0,2,1,Medium
2023,1,Monday,11,Punjab,Lahore,Rural Road,Good,Clear,Daylight,Car/Taxi,1,Over Speeding,0,0,0,1,4,0,Medium
2020,9,Wednesday,13,Sindh,Karachi,Urban Road,Average,Clear,Daylight,Truck/Lorry,2,Road Condition,1,0,0,0,1,0,Low
2018,7,Tuesday,6,Punjab,Sargodha,Provincial Highway,Good,Foggy,Daylight,Rickshaw,1,Pedestrian Error,0,0,0,0,1,0,Low
2019,2,Sunday,8,Punjab,Rahim Yar Khan,Urban Road,Poor,Clear,Daylight,Motorcycle,2,Drunk Driving,1,1,0,1,1,0,Medium
2018,12,Saturday,3,Punjab,Lahore,Provincial Highway,Poor,Foggy,No Light,Car/Taxi,2,Over Speeding,0,1,1,1,5,1,High
2019,2,Sunday,20,Punjab,Faisalabad,Urban Road,Good,Foggy,Street Light,Van/Pickup,3,Road Condition,1,1,0,1,0,0,Low
2020,4,Monday,21,KPK,Swat,Provincial Highway,Poor,Foggy,No Light,Rickshaw,3,Over Speeding,0,0,0,0,4,0,Medium
2022,7,Friday,5,Sindh,Mirpur Khas,National Highway,Good,Clear,Daylight,Motorcycle,2,Weather Condition,0,0,1,0,3,3,High
2023,6,Friday,6,Punjab,Lahore,National Highway,Average,Clear,Daylight,Truck/Lorry,3,Wrong Overtaking,0,0,0,0,5,0,Medium