year,month,day_of_week,hour_of_day,province,district,road_type,road_condition,weather_condition,lighting_condition,vehicle_type,vehicles_involved,accident_cause,is_rush_hour,is_weekend,is_night,is_foggy_month,num_injured,num_killed,severity
2021,4,Saturday,4,KPK,Peshawar,Provincial Highway,Average,Clear,Street Light,Motorcycle,2,Signal Violation,0,1,1,0,2,1,High
2019,7,Monday,12,KPK,Abbottabad,National Highway,Under Repair,Clear,Daylight,Car/Taxi,1,Driver Fatigue,1,0,0,0,4,0,Medium
2023,4,Wednesday,10,AJK,Muzaffarabad,Urban Road,Poor,Clear,Daylight,Car/Taxi,1,Signal Violation,0,0,0,0,0,0,Low
2019,3,Thursday,19,Sindh,Sukkur,Rural Road,Average,Clear,Dawn/Dusk,Motorcycle,3,Wrong Overtaking,1,0,0,0,1,1,Medium
2019,12,Sunday,14,Sindh,Mirpur Khas,Provincial Highway,Good,Clear,Daylight,Bicycle,3,Over Speeding,0,1,0,1,3,0,Medium
2019,3,Sunday,12,Punjab,Rawalpindi,Rural Road,Poor,Clear,Daylight,Rickshaw,1,Mechanical Failure,1,1,0,0,0,0,Low
2023,4,Monday,5,Punjab,Rahim Yar Khan,Rural Road,Poor,Extreme Heat,No Light,Rickshaw,3,Mechanical Failure,0,0,1,0,0,1,Low
2021,1,Sunday,18,Punjab,Bahawalpur,Urban Road,Under Repair,Clear,Daylight,Motorcycle,1,Wrong Overtaking,1,1,0,1,0,0,Low
2023,1,Saturday,23,Punjab,Gujranwala,Urban Road,Average,Clear,No Light,Motorcycle,1,Wrong Overtaking,0,1,1,1,5,0,Medium
2018,1,Friday,17,Gilgit-Baltistan,Hunza,Urban Road,Good,Clear,Daylight,Car/Taxi,3,Mobile Phone Use,1,0,0,1,1,0,Low
2021,7,Tuesday,11,Punjab,Gujranwala,National Highway,Average,Dusty/Smoggy,Street Light,Car/Taxi,1,Pedestrian Error,0,0,0,0,4,0,Medium
2021,11,Sunday,11,Punjab,Sialkot,Urban Road,Good,Clear,Daylight,Motorcycle,2,Wrong Overtaking,0,1,0,1,3,0,Medium
2023,5,Friday,21,Punjab,Multan,Urban Road,Under Repair,Foggy,Street Light,Motorcycle,1,Over Speeding,0,0,0,0,11,1,High
2018,1,Wednesday,17,KPK,Kohat,National Highway,Good,Foggy,No Light,Bus/Coach,1,Wrong Overtaking,1,0,0,1,1,2,Medium
2022,3,Friday,12,Punjab,Sialkot,Urban Road,Good,Clear,Dawn/Dusk,Motorcycle,2,Driver Fatigue,1,0,0,0,1,1,Medium
2023,10,Monday,5,Sindh,Nawabshah,Rural Road,Good,Clear,Daylight,Motorcycle,2,Drunk Driving,0,0,1,0,4,1,Medium
2019,12,Tuesday,10,Punjab,Gujranwala,National Highway,Average,Foggy,Daylight,Motorcycle,2,Wrong Overtaking,0,0,0,1,10,2,High
2021,12,Thursday,5,Punjab,Rahim Yar Khan,National Highway,Poor,Clear,No Light,Van/Pickup,2,Wrong Overtaking,0,0,1,1,3,2,High
2023,12,Saturday,13,Punjab,Sialkot,Provincial Highway,Average,Clear,Daylight,Truck/Lorry,2,Wrong Overtaking,1,1,0,1,1,2,Medium
2021,7,Sunday,11,Sindh,Dadu,National Highway,Average,Rainy,Street Light,Bus/Coach,2,Road Condition,0,1,0,0,3,0,Medium
2018,4,Sunday,19,Punjab,Bahawalpur,National Highway,Poor,Clear,Dawn/Dusk,Car/Taxi,3,Wrong Overtaking,1,1,0,0,2,0,Low
2021,7,Tuesday,6,KPK,Swat,Provincial Highway,Good,Clear,Daylight,Truck/Lorry,2,Road Condition,0,0,0,0,0,0,Low
2019,12,Thursday,20,Sindh,Hyderabad,Urban Road,Poor,Foggy,No Light,Car/Taxi,3,Over Speeding,1,0,0,1,1,0,Medium
2020,12,Friday,9,KPK,Swat,Urban Road,Good,Clear,Daylight,Motorcycle,1,Road Condition,1,0,0,1,0,0,Low
2022,6,Tuesday,5,Punjab,Sialkot,Provincial Highway,Under Repair,Clear,Street Light,Van/Pickup,2,Over Speeding,0,0,1,0,3,0,Medium
2020,7,Monday,4,Punjab,Rahim Yar Khan,National Highway,Average,Clear,No Light,Truck/Lorry,2,Over Speeding,0,0,1,0,5,0,High
2022,3,Tuesday,19,Punjab,Sargodha,Provincial Highway,Average,Rainy,Dawn/Dusk,Car/Taxi,4,Wrong Overtaking,1,0,0,0,2,0,Low
2023,9,Monday,9,Sindh,Larkana,Provincial Highway,Poor,Rainy,Daylight,Car/Taxi,1,Mechanical Failure,1,0,0,0,5,0,Medium
2020,11,Thursday,13,Sindh,Sukkur,Urban Road,Average,Clear,Daylight,Rickshaw,3,Drunk Driving,1,0,0,1,1,0,Low
2023,11,Thursday,9,Sindh,Karachi,Urban Road,Good,Clear,Daylight,Rickshaw,1,Signal Violation,1,0,0,1,0,0,Low
2022,10,Sunday,13,KPK,Nowshera,Provincial Highway,Good,Dusty/Smoggy,Daylight,Rickshaw,1,Road Condition,1,1,0,0,1,0,Low
2018,2,Tuesday,18,KPK,Peshawar,National Highway,Average,Rainy,Daylight,Motorcycle,4,Signal Violation,1,0,0,1,9,2,High
2018,1,Friday,8,KPK,Charsadda,Urban Road,Average,Clear,Daylight,Truck/Lorry,2,Over Speeding,1,0,0,1,3,1,Medium
2023,2,Monday,18,Punjab,Gujranwala,Urban Road,Good,Clear,Daylight,Motorcycle,1,Pedestrian Error,1,0,0,1,1,0,Low
2022,3,Wednesday,11,Sindh,Thatta,Rural Road,Under Repair,Clear,Daylight,Motorcycle,1,Signal Violation,0,0,0,0,3,1,Medium
2018,7,Saturday,12,Punjab,Faisalabad,National Highway,Poor,Clear,No Light,Motorcycle,2,Pedestrian Error,1,1,0,0,4,1,Medium
2020,1,Saturday,2,KPK,Abbottabad,Urban Road,Good,Dusty/Smoggy,Street Light,Motorcycle,2,Over Speeding,0,1,1,1,7,0,High
2019,5,Sunday,20,Punjab,Multan,Urban Road,Poor,Clear,No Light,Rickshaw,3,Over Speeding,1,1,0,0,1,0,Low
2019,4,Sunday,17,Punjab,Faisalabad,National Highway,Poor,Clear,Daylight,Bicycle,2,Road Condition,1,1,0,0,1,2,Medium
2019,4,Friday,9,Balochistan,Gwadar,Urban Road,Average,Clear,Daylight,Truck/Lorry,2,Driver Fatigue,1,0,0,0,2,0,Medium
2023,6,Thursday,2,Sindh,Nawabshah,Urban Road,Average,Rainy,No Light,Motorcycle,1,Wrong Overtaking,0,0,1,0,2,2,High
2023,2,Sunday,7,Punjab,Sargodha,Rural Road,Poor,Clear,Daylight,Motorcycle,2,Driver Fatigue,1,1,0,1,4,1,Medium
2018,5,Tuesday,20,Punjab,Sialkot,Urban Road,Average,Rainy,Street Light,Car/Taxi,1,Driver Fatigue,1,0,0,0,3,0,Medium
2022,4,Wednesday,15,Sindh,Jacobabad,Motorway,Good,Clear,Daylight,Bus/Coach,1,Signal Violation,0,0,0,0,5,0,Medium
2018,5,Friday,16,Islamabad,Islamabad,Rural Road,Average,Foggy,Daylight,Truck/Lorry,2,Driver Fatigue,0,0,0,0,4,0,Medium
2023,3,Tuesday,19,Sindh,Hyderabad,Provincial Highway,Good,Clear,Dawn/Dusk,Bicycle,2,Driver Fatigue,1,0,0,0,4,3,High
2022,5,Friday,9,AJK,Muzaffarabad,Rural Road,Good,Clear,Street Light,Car/Taxi,2,Drunk Driving,1,0,0,0,1,0,Low
2022,7,Wednesday,15,Punjab,Sheikhupura,National Highway,Good,Dusty/Smoggy,Daylight,Van/Pickup,3,Driver Fatigue,0,0,0,0,5,0,Medium
2020,1,Saturday,17,Sindh,Jacobabad,Urban Road,Average,Clear,Daylight,Bus/Coach,4,Over Speeding,1,1,0,1,5,0,Medium
2023,1,Saturday,6,KPK,Mardan,National Highway,Average,Foggy,Daylight,Motorcycle,2,Drunk Driving,0,1,0,1,11,1,High
2021,7,Tuesday,18,Sindh,Jacobabad,Motorway,Average,Foggy,No Light,Motorcycle,1,Over Speeding,1,0,0,0,3,1,High
2022,9,Monday,16,Punjab,Multan,Urban Road,Good,Dusty/Smoggy,Daylight,Van/Pickup,1,Wrong Overtaking,0,0,0,0,1,0,Low
2021,1,Sunday,11,Sindh,Sukkur,Urban Road,Average,Clear,Daylight,Car/Taxi,2,Mobile Phone Use,0,1,0,1,2,0,Low
2023,11,Sunday,18,Sindh,Larkana,Urban Road,Average,Clear,Daylight,Car/Taxi,2,Mobile Phone Use,1,1,0,1,0,0,Low
2020,9,Tuesday,14,KPK,Kohat,Provincial Highway,Poor,Extreme Heat,Daylight,Car/Taxi,3,Wrong Overtaking,0,0,0,0,2,0,Low
2023,6,Tuesday,21,KPK,Bannu,Provincial Highway,Average,Rainy,Street Light,Motorcycle,2,Road Condition,0,0,0,0,7,0,High
2021,6,Wednesday,11,KPK,Swat,National Highway,Average,Rainy,Daylight,Bus/Coach,2,Over Speeding,0,0,0,0,8,1,High
2021,11,Tuesday,7,KPK,Bannu,Rural Road,Under Repair,Clear,Daylight,Truck/Lorry,2,Over Speeding,1,0,0,1,4,0,Medium
2019,3,Monday,7,Punjab,Multan,National Highway,Poor,Clear,Daylight,Car/Taxi,2,Road Condition,1,0,0,0,1,0,Medium
2019,8,Sunday,13,Punjab,Lahore,Rural Road,Poor,Foggy,Daylight,Motorcycle,3,Wrong Overtaking,1,1,0,0,5,0,Medium
2022,1,Monday,14,KPK,Peshawar,Urban Road,Good,Clear,No Light,Car/Taxi,2,Wrong Overtaking,0,0,0,1,2,0,Low
2018,9,Friday,21,Islamabad,Islamabad,Provincial Highway,Under Repair,Dusty/Smoggy,No Light,Motorcycle,2,Mechanical Failure,0,0,0,0,0,0,Low
2023,12,Sunday,14,Punjab,Multan,Urban Road,Good,Foggy,Street Light,Car/Taxi,2,Over Speeding,0,1,0,1,3,1,Medium
2021,10,Thursday,21,Sindh,Larkana,Rural Road,Good,Foggy,No Light,Car/Taxi,3,Pedestrian Error,0,0,0,0,2,0,Low
2022,7,Sunday,8,Punjab,Rahim Yar Khan,National Highway,Good,Rainy,Daylight,Bus/Coach,2,Drunk Driving,1,1,0,0,11,1,High
2023,7,Sunday,18,Punjab,Sargodha,National Highway,Average,Clear,Dawn/Dusk,Motorcycle,2,Wrong Overtaking,1,1,0,0,9,2,High
2020,1,Saturday,13,Sindh,Karachi,Motorway,Average,Rainy,Daylight,Motorcycle,1,Wrong Overtaking,1,1,0,1,8,0,High
2021,7,Wednesday,13,Sindh,Mirpur Khas,Provincial Highway,Good,Clear,Daylight,Car/Taxi,2,Over Speeding,1,0,0,0,2,0,Low
2023,10,Sunday,11,Punjab,Rahim Yar Khan,Urban Road,Poor,Foggy,Street Light,Car/Taxi,3,Mechanical Failure,0,1,0,0,1,0,Low
2018,7,Saturday,21,KPK,Charsadda,National Highway,Poor,Foggy,Street Light,Motorcycle,1,Mobile Phone Use,0,1,0,0,3,1,High
2023,10,Friday,22,KPK,Charsadda,Provincial Highway,Good,Foggy,Street Light,Bus/Coach,1,Over Speeding,0,0,1,0,8,1,High
2022,5,Tuesday,9,Islamabad,Islamabad,Rural Road,Average,Foggy,Daylight,Car/Taxi,2,Wrong Overtaking,1,0,0,0,3,1,Medium
2019,2,Thursday,13,Punjab,Sargodha,Provincial Highway,Average,Foggy,Daylight,Bus/Coach,1,Wrong Overtaking,1,0,0,1,3,0,Medium
2023,7,Tuesday,9,Sindh,Larkana,Rural Road,Poor,Rainy,Daylight,Motorcycle,2,Wrong Overtaking,1,0,0,0,4,1,High
2023,12,Monday,8,Sindh,Jacobabad,National Highway,Good,Rainy,Daylight,Bicycle,4,Signal Violation,1,0,0,1,5,0,High
2020,10,Sunday,17,Punjab,Lahore,Provincial Highway,Good,Clear,Daylight,Truck/Lorry,2,Signal Violation,1,1,0,0,2,2,Medium
2019,3,Wednesday,21,Sindh,Nawabshah,Rural Road,Average,Rainy,Street Light,Car/Taxi,1,Wrong Overtaking,0,0,0,0,0,0,Low
2018,2,Wednesday,5,KPK,Nowshera,Provincial Highway,Average,Clear,Dawn/Dusk,Rickshaw,1,Signal Violation,0,0,1,1,0,0,Low
2023,3,Saturday,10,Punjab,Rawalpindi,National Highway,Average,Foggy,Daylight,Motorcycle,2,Mechanical Failure,0,1,0,0,7,1,High
2019,5,Wednesday,7,Islamabad,Islamabad,National Highway,Poor,Clear,Daylight,Bicycle,2,Mobile Phone Use,1,0,0,0,5,0,Medium
2022,2,Monday,14,KPK,Charsadda,Provincial Highway,Under Repair,Extreme Heat,Daylight,Car/Taxi,1,Signal Violation,0,0,0,1,2,0,Low
2019,5,Sunday,2,KPK,Charsadda,Urban Road,Average,Clear,No Light,Motorcycle,2,Road Condition,0,1,1,0,4,0,Medium
2019,11,Tuesday,18,KPK,Charsadda,National Highway,Good,Clear,Daylight,Car/Taxi,2,Mechanical Failure,1,0,0,1,2,0,Medium
2022,8,Wednesday,8,Punjab,Gujranwala,Urban Road,Poor,Clear,Daylight,Car/Taxi,1,Wrong Overtaking,1,0,0,0,1,0,Low
2023,9,Friday,17,KPK,Nowshera,National Highway,Poor,Clear,Daylight,Motorcycle,2,Drunk Driving,1,0,0,0,5,1,High
2022,3,Wednesday,14,Punjab,Gujranwala,National Highway,Average,Clear,Daylight,Car/Taxi,3,Wrong Overtaking,0,0,0,0,2,0,Low
2018,1,Tuesday,5,Balochistan,Chaman,National Highway,Poor,Clear,Dawn/Dusk,Motorcycle,1,Mobile Phone Use,0,0,1,1,4,2,High
2023,4,Friday,22,Punjab,Sheikhupura,Provincial Highway,Average,Dusty/Smoggy,No Light,Car/Taxi,2,Wrong Overtaking,0,0,1,0,2,1,Medium
2022,1,Thursday,20,Punjab,Multan,Urban Road,Poor,Clear,Street Light,Car/Taxi,4,Over Speeding,1,0,0,1,1,0,Low
2020,2,Wednesday,13,Sindh,Larkana,National Highway,Average,Clear,Daylight,Motorcycle,1,Wrong Overtaking,1,0,0,1,4,1,Medium
2023,4,Thursday,14,Punjab,Sargodha,Urban Road,Good,Clear,Street Light,Motorcycle,2,Wrong Overtaking,0,0,0,0,2,0,Low
2021,2,Thursday,14,Sindh,Jacobabad,Urban Road,Average,Clear,Dawn/Dusk,Car/Taxi,1,Road Condition,0,0,0,1,2,0,Low
2018,4,Friday,11,Sindh,Thatta,Rural Road,Good,Clear,No Light,Truck/Lorry,2,Wrong Overtaking,0,0,0,0,5,1,Medium
2019,5,Thursday,20,Balochistan,Loralai,National Highway,Average,Clear,Street Light,Truck/Lorry,1,Wrong Overtaking,1,0,0,0,10,1,High
2023,7,Thursday,11,Sindh,Jacobabad,National Highway,Good,Foggy,Daylight,Motorcycle,1,Road Condition,0,0,0,0,1,1,Medium
2020,7,Sunday,19,Punjab,Sialkot,Urban Road,Average,Foggy,Dawn/Dusk,Car/Taxi,3,Weather Condition,1,1,0,0,2,0,Low
2022,7,Wednesday,6,Punjab,Sialkot,Provincial Highway,Good,Clear,Street Light,Car/Taxi,1,Wrong Overtaking,0,0,0,0,0,0,Low
2021,12,Thursday,20,Punjab,Rahim Yar Khan,Urban Road,Good,Dusty/Smoggy,Street Light,Motorcycle,2,Over Speeding,1,0,0,1,7,2,High
2023,5,Saturday,12,Sindh,Sukkur,National Highway,Good,Rainy,Street Light,Motorcycle,3,Road Condition,1,1,0,0,3,1,High
2021,8,Monday,19,KPK,Swat,National Highway,Average,Extreme Heat,Dawn/Dusk,Rickshaw,2,Wrong Overtaking,1,0,0,0,4,0,Medium
2020,1,Friday,10,Punjab,Rahim Yar Khan,Urban Road,Average,Clear,Daylight,Car/Taxi,2,Wrong Overtaking,0,0,0,1,2,0,Low
2019,1,Wednesday,22,Punjab,Multan,National Highway,Average,Clear,Street Light,Car/Taxi,2,Mechanical Failure,0,0,1,1,2,0,Medium
2022,9,Saturday,6,Punjab,Sheikhupura,Motorway,Under Repair,Clear,Daylight,Bus/Coach,1,Signal Violation,0,1,0,0,3,2,Medium
2020,7,Friday,21,Punjab,Sialkot,Urban Road,Good,Clear,No Light,Motorcycle,1,Road Condition,0,0,0,0,3,1,Medium
2018,11,Thursday,15,Punjab,Rahim Yar Khan,Rural Road,Poor,Clear,Dawn/Dusk,Motorcycle,1,Over Speeding,0,0,0,1,4,0,Medium
2022,8,Saturday,6,KPK,Abbottabad,Urban Road,Average,Clear,Street Light,Motorcycle,2,Weather Condition,0,1,0,0,2,0,Low
2023,2,Friday,18,Punjab,Multan,Rural Road,Average,Rainy,Daylight,Car/Taxi,3,Over Speeding,1,0,0,1,2,0,Low
2019,10,Sunday,22,Sindh,Nawabshah,Provincial Highway,Good,Rainy,No Light,Van/Pickup,2,Road Condition,0,1,1,0,0,0,Low
2021,4,Tuesday,12,Sindh,Nawabshah,Motorway,Good,Clear,Daylight,Motorcycle,3,Road Condition,1,0,0,0,4,2,Medium
2019,1,Thursday,11,Punjab,Gujranwala,National Highway,Average,Clear,Daylight,Bus/Coach,2,Over Speeding,0,0,0,1,4,0,Medium
2019,11,Thursday,6,KPK,Peshawar,National Highway,Good,Clear,Daylight,Motorcycle,3,Over Speeding,0,0,0,1,7,0,High
2019,5,Tuesday,17,Sindh,Kashmore,Rural Road,Average,Foggy,Street Light,Bus/Coach,3,Road Condition,1,0,0,0,2,0,Medium
2022,3,Tuesday,17,Sindh,Nawabshah,Urban Road,Average,Clear,Daylight,Car/Taxi,2,Driver Fatigue,1,0,0,0,1,1,Low
2022,1,Wednesday,8,KPK,Swat,Provincial Highway,Poor,Clear,Dawn/Dusk,Motorcycle,1,Mechanical Failure,1,0,0,1,0,1,Low
2023,2,Monday,13,Punjab,Bahawalpur,Provincial Highway,Average,Foggy,Daylight,Motorcycle,2,Wrong Overtaking,1,0,0,1,7,2,High
2018,9,Monday,11,Balochistan,Dera Bugti,Motorway,Good,Rainy,Daylight,Motorcycle,2,Mechanical Failure,0,0,0,0,3,1,Medium
2022,7,Sunday,14,Sindh,Karachi,Rural Road,Average,Foggy,Daylight,Rickshaw,2,Over Speeding,0,1,0,0,5,0,Medium
2022,10,Saturday,13,Sindh,Mirpur Khas,Rural Road,Average,Foggy,Daylight,Motorcycle,1,Mechanical Failure,1,1,0,0,5,0,Medium
2022,1,Tuesday,15,Balochistan,Gwadar,Urban Road,Average,Rainy,Daylight,Rickshaw,4,Signal Violation,0,0,0,1,1,2,Medium
2023,12,Monday,13,KPK,Kohat,National Highway,Good,Clear,Daylight,Motorcycle,1,Over Speeding,1,0,0,1,5,0,High
2018,3,Tuesday,19,Sindh,Dadu,Rural Road,Under Repair,Clear,Dawn/Dusk,Rickshaw,2,Pedestrian Error,1,0,0,0,2,0,Low
2023,11,Sunday,16,KPK,Nowshera,Rural Road,Good,Clear,Daylight,Truck/Lorry,1,Mechanical Failure,0,1,0,1,1,0,Low
2020,4,Sunday,10,Sindh,Sukkur,Provincial Highway,Average,Clear,Daylight,Car/Taxi,2,Over Speeding,0,1,0,0,2,1,Low
2021,7,Tuesday,23,Sindh,Sukkur,Urban Road,Good,Rainy,No Light,Motorcycle,3,Signal Violation,0,0,1,0,3,0,Medium
2019,2,Friday,8,Punjab,Sargodha,National Highway,Good,Clear,Daylight,Rickshaw,2,Pedestrian Error,1,0,0,1,0,0,Low
2020,6,Wednesday,20,Punjab,Lahore,Rural Road,Good,Clear,No Light,Truck/Lorry,1,Road Condition,1,0,0,0,0,0,Low
2023,9,Monday,19,KPK,Charsadda,Urban Road,Under Repair,Dusty/Smoggy,Daylight,Truck/Lorry,2,Over Speeding,1,0,0,0,1,0,Low
2023,1,Sunday,2,Punjab,Rawalpindi,National Highway,Poor,Rainy,Street Light,Motorcycle,2,Over Speeding,0,1,1,1,3,2,High
2023,6,Wednesday,8,Punjab,Bahawalpur,National Highway,Good,Clear,Street Light,Motorcycle,1,Wrong Overtaking,1,0,0,0,1,0,Medium
2021,10,Monday,18,KPK,Charsadda,Provincial Highway,Average,Clear,Daylight,Rickshaw,1,Over Speeding,1,0,0,0,1,0,Medium
2023,5,Friday,19,Punjab,Faisalabad,Urban Road,Good,Clear,Dawn/Dusk,Motorcycle,2,Mechanical Failure,1,0,0,0,5,1,Medium
2019,3,Tuesday,17,Punjab,Rawalpindi,Urban Road,Good,Clear,Daylight,Motorcycle,2,Pedestrian Error,1,0,0,0,5,0,Medium
2020,12,Tuesday,5,Sindh,Kashmore,National Highway,Good,Clear,Dawn/Dusk,Motorcycle,2,Road Condition,0,0,1,1,11,3,High
2020,5,Thursday,22,Sindh,Karachi,National Highway,Good,Foggy,Street Light,Motorcycle,1,Over Speeding,0,0,1,0,10,3,High
2021,7,Friday,16,KPK,Mansehra,Urban Road,Poor,Rainy,Dawn/Dusk,Motorcycle,3,Mechanical Failure,0,0,0,0,3,2,Medium
2022,7,Thursday,19,Sindh,Sukkur,National Highway,Good,Clear,No Light,Car/Taxi,1,Pedestrian Error,1,0,0,0,2,0,Medium
2022,5,Friday,1,Sindh,Dadu,Provincial Highway,Average,Dusty/Smoggy,No Light,Truck/Lorry,3,Mechanical Failure,0,0,1,0,0,1,Low
2019,2,Thursday,1,KPK,Peshawar,National Highway,Poor,Clear,No Light,Motorcycle,3,Wrong Overtaking,0,0,1,1,8,2,High
2023,7,Thursday,23,Sindh,Thatta,Provincial Highway,Average,Clear,Street Light,Bicycle,3,Signal Violation,0,0,1,0,4,2,High
2023,5,Thursday,20,Sindh,Jacobabad,National Highway,Average,Foggy,No Light,Car/Taxi,1,Signal Violation,1,0,0,0,8,3,High
2022,12,Monday,1,Balochistan,Loralai,Motorway,Good,Foggy,No Light,Car/Taxi,2,Pedestrian Error,0,0,1,1,5,0,High
2020,1,Thursday,9,Punjab,Bahawalpur,National Highway,Average,Extreme Heat,Daylight,Car/Taxi,2,Over Speeding,1,0,0,1,5,0,Medium
2022,4,Monday,17,Punjab,Sheikhupura,Rural Road,Average,Clear,Daylight,Motorcycle,2,Signal Violation,1,0,0,0,2,0,Low
2018,2,Monday,14,Punjab,Bahawalpur,Provincial Highway,Poor,Foggy,Street Light,Motorcycle,3,Wrong Overtaking,0,0,0,1,4,0,Medium
2020,7,Wednesday,21,Sindh,Nawabshah,National Highway,Average,Clear,No Light,Motorcycle,2,Road Condition,0,0,0,0,2,0,Medium
2020,2,Monday,4,Punjab,Lahore,National Highway,Poor,Dusty/Smoggy,No Light,Car/Taxi,2,Road Condition,0,0,1,1,2,1,Medium
2021,1,Sunday,9,Sindh,Karachi,Rural Road,Average,Clear,Daylight,Motorcycle,2,Pedestrian Error,1,1,0,1,2,0,Low
2023,4,Monday,18,KPK,Nowshera,Provincial Highway,Good,Extreme Heat,Street Light,Rickshaw,2,Mechanical Failure,1,0,0,0,2,0,Low
2022,2,Saturday,1,Sindh,Sukkur,Urban Road,Good,Clear,Street Light,Motorcycle,4,Mechanical Failure,0,1,1,1,5,0,Medium
2019,7,Sunday,19,Punjab,Rawalpindi,National Highway,Average,Foggy,No Light,Car/Taxi,3,Signal Violation,1,1,0,0,5,1,Medium
2022,2,Friday,17,KPK,Bannu,Motorway,Average,Clear,Daylight,Motorcycle,2,Signal Violation,1,0,0,1,11,2,High
2020,12,Tuesday,9,Punjab,Rahim Yar Khan,Urban Road,Good,Rainy,Daylight,Motorcycle,2,Over Speeding,1,0,0,1,9,1,High
2023,4,Wednesday,0,KPK,Swat,Rural Road,Good,Extreme Heat,No Light,Van/Pickup,4,Wrong Overtaking,0,0,1,0,1,0,Medium
2021,9,Tuesday,16,Sindh,Sukkur,National Highway,Good,Foggy,Daylight,Bus/Coach,2,Road Condition,0,0,0,0,3,1,High
2022,6,Thursday,9,Punjab,Faisalabad,Urban Road,Good,Clear,Daylight,Car/Taxi,3,Over Speeding,1,0,0,0,1,1,Low
2023,7,Saturday,9,Balochistan,Hub,Rural Road,Average,Clear,Daylight,Car/Taxi,2,Driver Fatigue,1,1,0,0,3,0,Medium
2019,4,Sunday,13,Punjab,Sheikhupura,Provincial Highway,Good,Extreme Heat,Daylight,Truck/Lorry,2,Over Speeding,1,1,0,0,5,0,Medium
2022,7,Wednesday,3,AJK,Mirpur,Rural Road,Average,Dusty/Smoggy,Street Light,Car/Taxi,1,Signal Violation,0,0,1,0,1,0,Low
2022,9,Sunday,17,Punjab,Bahawalpur,Provincial Highway,Good,Clear,Daylight,Motorcycle,2,Over Speeding,1,1,0,0,2,2,Medium
2023,3,Friday,14,Punjab,Bahawalpur,Motorway,Poor,Dusty/Smoggy,Daylight,Motorcycle,3,Wrong Overtaking,0,0,0,0,2,0,High
2020,2,Saturday,14,Punjab,Lahore,National Highway,Average,Foggy,Daylight,Motorcycle,2,Over Speeding,0,1,0,1,4,1,High
2019,1,Tuesday,3,Punjab,Sheikhupura,Rural Road,Good,Rainy,Street Light,Truck/Lorry,3,Over Speeding,0,0,1,1,4,0,High
2021,5,Thursday,13,KPK,Charsadda,Urban Road,Poor,Rainy,Daylight,Rickshaw,2,Wrong Overtaking,1,0,0,0,2,1,Low
2020,5,Friday,5,KPK,Abbottabad,Rural Road,Good,Foggy,Dawn/Dusk,Bus/Coach,1,Mechanical Failure,0,0,1,0,1,0,Low
2023,2,Saturday,15,KPK,Charsadda,National Highway,Average,Clear,Daylight,Van/Pickup,4,Over Speeding,0,1,0,1,5,2,Medium
2023,12,Sunday,4,Punjab,Sheikhupura,Rural Road,Under Repair,Dusty/Smoggy,Street Light,Car/Taxi,1,Over Speeding,0,1,1,1,0,0,Low
2021,2,Friday,18,Sindh,Hyderabad,Provincial Highway,Average,Clear,Daylight,Car/Taxi,1,Over Speeding,1,0,0,1,2,0,Low
2019,5,Saturday,19,Sindh,Karachi,Provincial Highway,Good,Clear,Street Light,Motorcycle,2,Wrong Overtaking,1,1,0,0,2,1,Medium
2018,12,Wednesday,13,Sindh,Karachi,Urban Road,Average,Foggy,Daylight,Bus/Coach,1,Pedestrian Error,1,0,0,1,2,0,Medium
2023,4,Saturday,7,KPK,Peshawar,Rural Road,Average,Rainy,Daylight,Motorcycle,3,Signal Violation,1,1,0,0,5,0,Medium
2023,3,Thursday,2,Sindh,Mirpur Khas,Rural Road,Good,Rainy,No Light,Motorcycle,2,Road Condition,0,0,1,0,10,2,High
2020,7,Thursday,11,Punjab,Faisalabad,National Highway,Good,Clear,Daylight,Rickshaw,1,Over Speeding,0,0,0,0,7,0,High
2023,12,Wednesday,16,KPK,Swat,National Highway,Poor,Clear,Daylight,Truck/Lorry,1,Signal Violation,0,0,0,1,6,0,High
2020,9,Monday,16,KPK,Peshawar,Provincial Highway,Average,Rainy,Daylight,Rickshaw,2,Wrong Overtaking,0,0,0,0,1,1,Medium
2021,5,Wednesday,19,Sindh,Hyderabad,Motorway,Good,Dusty/Smoggy,Street Light,Rickshaw,4,Wrong Overtaking,1,0,0,0,0,0,Low
2021,1,Wednesday,13,Punjab,Sargodha,Provincial Highway,Good,Foggy,Daylight,Bus/Coach,4,Signal Violation,1,0,0,1,10,4,High
2022,8,Monday,17,Punjab,Sheikhupura,National Highway,Under Repair,Clear,Daylight,Motorcycle,2,Signal Violation,1,0,0,0,5,0,Medium
2018,2,Saturday,16,Punjab,Sialkot,Provincial Highway,Average,Rainy,Daylight,Truck/Lorry,3,Road Condition,0,1,0,1,2,0,Low
2019,6,Saturday,17,Punjab,Rahim Yar Khan,Provincial Highway,Under Repair,Clear,Daylight,Van/Pickup,1,Drunk Driving,1,1,0,0,4,1,Medium
2020,6,Thursday,16,Punjab,Rahim Yar Khan,Motorway,Poor,Rainy,Dawn/Dusk,Bus/Coach,3,Signal Violation,0,0,0,0,11,3,High
2022,5,Tuesday,8,KPK,Kohat,Rural Road,Average,Clear,Daylight,Car/Taxi,1,Over Speeding,1,0,0,0,2,0,Low
2021,3,Monday,4,Sindh,Kashmore,National Highway,Good,Clear,Street Light,Car/Taxi,3,Pedestrian Error,0,0,1,0,5,2,Medium
2020,9,Friday,14,Sindh,Jacobabad,National Highway,Average,Rainy,Daylight,Motorcycle,2,Pedestrian Error,0,0,0,0,3,0,Medium
2020,10,Sunday,15,Punjab,Sheikhupura,Provincial Highway,Good,Clear,Daylight,Truck/Lorry,2,Signal Violation,0,1,0,0,2,0,Medium