year,month,day_of_week,hour_of_day,province,district,road_type,road_condition,weather_condition,lighting_condition,vehicle_type,vehicles_involved,accident_cause,is_rush_hour,is_weekend,is_night,is_foggy_month,num_injured,num_killed,severity
2018,10,Wednesday,12,Balochistan,Turbat,Urban Road,Poor,Clear,Daylight,Motorcycle,1,Road Condition,1,0,0,0,3,0,Medium
2021,8,Thursday,23,Punjab,Sialkot,National Highway,Good,Dusty/Smoggy,Street Light,Motorcycle,3,Driver Fatigue,0,0,1,0,10,1,High
2021,2,Friday,8,KPK,Abbottabad,Urban Road,Good,Clear,Daylight,Motorcycle,3,Mechanical Failure,1,0,0,1,0,0,Low
2023,4,Friday,9,Islamabad,Islamabad,National Highway,Average,Clear,Daylight,Rickshaw,2,Signal Violation,1,0,0,0,1,0,Medium
2023,8,Saturday,20,KPK,Dera Ismail Khan,Provincial Highway,Average,Clear,Street Light,Bus/Coach,3,Driver Fatigue,1,1,0,0,4,2,High
2022,7,Thursday,12,Gilgit-Baltistan,Skardu,Provincial Highway,Average,Clear,Daylight,Car/Taxi,4,Driver Fatigue,1,0,0,0,1,0,Medium
2020,2,Thursday,22,Sindh,Larkana,Motorway,Good,Clear,No Light,Motorcycle,2,Wrong Overtaking,0,0,1,1,11,0,High
2020,7,Monday,9,Punjab,Gujranwala,National Highway,Poor,Clear,Daylight,Motorcycle,2,Over Speeding,1,0,0,0,2,0,High
2022,1,Friday,21,Punjab,Gujranwala,Rural Road,Good,Clear,Street Light,Truck/Lorry,2,Signal Violation,0,0,0,1,0,0,Low
2021,1,Friday,17,Punjab,Rahim Yar Khan,National Highway,Good,Dusty/Smoggy,Daylight,Motorcycle,1,Road Condition,1,0,0,1,1,0,Medium
2019,5,Wednesday,12,Punjab,Bahawalpur,National Highway,Average,Extreme Heat,Daylight,Rickshaw,2,Over Speeding,1,0,0,0,4,0,High
2021,7,Friday,14,KPK,Kohat,National Highway,Good,Clear,Daylight,Truck/Lorry,4,Over Speeding,0,0,0,0,1,1,Medium
2020,8,Friday,18,Punjab,Faisalabad,Urban Road,Good,Clear,Daylight,Bus/Coach,1,Wrong Overtaking,1,0,0,0,0,0,Low
2019,5,Tuesday,11,KPK,Mardan,Provincial Highway,Average,Rainy,Daylight,Bus/Coach,1,Over Speeding,0,0,0,0,4,4,High
2018,6,Saturday,11,Punjab,Lahore,Provincial Highway,Good,Foggy,Daylight,Van/Pickup,2,Over Speeding,0,1,0,0,5,2,Medium
2022,6,Thursday,14,Sindh,Hyderabad,Rural Road,Poor,Foggy,Daylight,Motorcycle,4,Over Speeding,0,0,0,0,2,3,High
2018,6,Saturday,12,Islamabad,Islamabad,Rural Road,Good,Clear,Daylight,Motorcycle,2,Over Speeding,1,1,0,0,4,0,Medium
2020,1,Friday,11,Punjab,Lahore,Motorway,Average,Clear,No Light,Car/Taxi,3,Signal Violation,0,0,0,1,4,0,Medium
2022,5,Saturday,17,KPK,Abbottabad,Rural Road,Average,Clear,Daylight,Car/Taxi,3,Driver Fatigue,1,1,0,0,2,0,Low
2021,2,Tuesday,21,KPK,Kohat,National Highway,Poor,Dusty/Smoggy,Street Light,Motorcycle,2,Over Speeding,0,0,0,1,3,4,High
2018,1,Thursday,19,Punjab,Rawalpindi,Urban Road,Poor,Rainy,Street Light,Motorcycle,1,Wrong Overtaking,1,0,0,1,1,0,Medium
2022,10,Thursday,8,Sindh,Jacobabad,Urban Road,Average,Extreme Heat,Daylight,Motorcycle,3,Wrong Overtaking,1,0,0,0,0,0,Low
2022,3,Saturday,8,Punjab,Rahim Yar Khan,Provincial Highway,Average,Rainy,Daylight,Motorcycle,3,Signal Violation,1,1,0,0,5,0,Medium
2023,9,Friday,9,KPK,Mardan,Rural Road,Good,Clear,Daylight,Bicycle,4,Wrong Overtaking,1,0,0,0,1,0,Medium
2018,12,Thursday,12,Sindh,Mirpur Khas,Urban Road,Average,Foggy,Dawn/Dusk,Car/Taxi,1,Mechanical Failure,1,0,0,1,2,0,Low
2021,6,Sunday,15,Sindh,Sukkur,Provincial Highway,Good,Clear,Street Light,Motorcycle,4,Drunk Driving,0,1,0,0,4,1,Medium
2023,4,Friday,14,KPK,Mardan,Provincial Highway,Average,Rainy,Daylight,Motorcycle,1,Wrong Overtaking,0,0,0,0,3,0,Medium
2020,4,Saturday,17,Punjab,Multan,Provincial Highway,Good,Foggy,Daylight,Bus/Coach,3,Road Condition,1,1,0,0,3,1,Medium
2023,8,Monday,12,KPK,Bannu,Provincial Highway,Average,Clear,Street Light,Bus/Coach,1,Over Speeding,1,0,0,0,5,1,Medium
2021,4,Wednesday,16,Balochistan,Sibi,Urban Road,Good,Rainy,No Light,Other,2,Pedestrian Error,0,0,0,0,1,0,Low
2020,5,Wednesday,17,Balochistan,Zhob,Provincial Highway,Good,Rainy,Street Light,Motorcycle,2,Mechanical Failure,1,0,0,0,1,0,Medium
2021,2,Saturday,15,KPK,Nowshera,National Highway,Poor,Clear,No Light,Motorcycle,2,Wrong Overtaking,0,1,0,1,4,1,Medium
2021,12,Friday,21,Punjab,Lahore,National Highway,Good,Rainy,No Light,Motorcycle,2,Mobile Phone Use,0,0,0,1,3,0,Medium
2022,6,Tuesday,17,AJK,Rawalakot,Rural Road,Good,Clear,Daylight,Bus/Coach,2,Pedestrian Error,1,0,0,0,1,0,Low
2020,12,Thursday,7,Punjab,Faisalabad,Provincial Highway,Good,Clear,Daylight,Car/Taxi,1,Over Speeding,1,0,0,1,4,0,Medium
2020,8,Wednesday,11,Sindh,Dadu,Urban Road,Average,Clear,Daylight,Car/Taxi,1,Over Speeding,0,0,0,0,0,0,Low
2023,6,Wednesday,11,Punjab,Rahim Yar Khan,National Highway,Good,Rainy,Daylight,Motorcycle,2,Wrong Overtaking,0,0,0,0,5,0,High
2021,12,Thursday,19,AJK,Rawalakot,Provincial Highway,Good,Dusty/Smoggy,Dawn/Dusk,Motorcycle,3,Mechanical Failure,1,0,0,1,4,0,Medium
2019,11,Sunday,1,KPK,Dera Ismail Khan,Provincial Highway,Good,Clear,No Light,Rickshaw,1,Signal Violation,0,1,1,1,0,0,Low
2020,12,Wednesday,14,KPK,Charsadda,Provincial Highway,Good,Clear,Daylight,Motorcycle,1,Mechanical Failure,0,0,0,1,5,0,Medium
2022,12,Sunday,15,Punjab,Rahim Yar Khan,Rural Road,Under Repair,Dusty/Smoggy,No Light,Car/Taxi,2,Signal Violation,0,1,0,1,1,0,Low
2019,5,Wednesday,20,KPK,Charsadda,National Highway,Poor,Clear,No Light,Car/Taxi,4,Over Speeding,1,0,0,0,1,0,Medium
2023,4,Wednesday,2,KPK,Charsadda,Provincial Highway,Good,Dusty/Smoggy,No Light,Motorcycle,2,Pedestrian Error,0,0,1,0,4,1,Medium
2019,7,Sunday,16,KPK,Swat,Rural Road,Poor,Clear,Dawn/Dusk,Motorcycle,1,Weather Condition,0,1,0,0,0,0,Low
2019,3,Sunday,9,Punjab,Sargodha,Urban Road,Average,Clear,Daylight,Bus/Coach,1,Road Condition,1,1,0,0,0,0,Low
2019,7,Friday,1,Sindh,Kashmore,Motorway,Good,Clear,No Light,Motorcycle,2,Road Condition,0,0,1,0,10,0,High
2023,11,Tuesday,18,Punjab,Bahawalpur,Urban Road,Under Repair,Clear,Daylight,Motorcycle,1,Pedestrian Error,1,0,0,1,1,0,Medium
2019,12,Monday,13,Sindh,Kashmore,National Highway,Good,Rainy,Dawn/Dusk,Rickshaw,4,Drunk Driving,1,0,0,1,5,1,Medium
2023,4,Saturday,21,Punjab,Gujranwala,Provincial Highway,Under Repair,Foggy,No Light,Car/Taxi,2,Road Condition,0,1,0,0,2,0,Low
2020,8,Thursday,23,Punjab,Sheikhupura,Provincial Highway,Average,Clear,Street Light,Truck/Lorry,1,Mechanical Failure,0,0,1,0,4,1,Medium
2020,1,Friday,14,Punjab,Sheikhupura,Provincial Highway,Poor,Clear,Daylight,Motorcycle,2,Drunk Driving,0,0,0,1,4,0,High
2020,5,Thursday,9,Punjab,Rawalpindi,Urban Road,Poor,Clear,Daylight,Bicycle,2,Signal Violation,1,0,0,0,3,2,Medium
2023,7,Sunday,10,Punjab,Rawalpindi,National Highway,Poor,Clear,Daylight,Car/Taxi,1,Mechanical Failure,0,1,0,0,0,0,Low
2022,4,Friday,20,Balochistan,Chaman,Urban Road,Poor,Rainy,No Light,Motorcycle,2,Mechanical Failure,1,0,0,0,1,0,Low
2020,12,Wednesday,11,Sindh,Jacobabad,National Highway,Good,Rainy,Daylight,Car/Taxi,2,Over Speeding,0,0,0,1,5,0,Medium
2018,8,Sunday,6,Punjab,Sheikhupura,National Highway,Good,Clear,Daylight,Motorcycle,1,Pedestrian Error,0,1,0,0,4,1,High
2021,12,Saturday,21,Sindh,Hyderabad,Provincial Highway,Poor,Clear,No Light,Car/Taxi,2,Wrong Overtaking,0,1,0,1,5,0,Medium
2019,5,Friday,20,Sindh,Hyderabad,Provincial Highway,Under Repair,Clear,No Light,Car/Taxi,2,Over Speeding,1,0,0,0,4,0,Medium
2018,5,Sunday,19,Islamabad,Islamabad,Provincial Highway,Poor,Clear,No Light,Rickshaw,1,Mechanical Failure,1,1,0,0,0,0,Low
2020,6,Monday,9,Punjab,Sargodha,Provincial Highway,Poor,Dusty/Smoggy,Daylight,Motorcycle,3,Signal Violation,1,0,0,0,3,0,Medium
2021,12,Wednesday,21,Punjab,Bahawalpur,Provincial Highway,Good,Foggy,Street Light,Truck/Lorry,2,Over Speeding,0,0,0,1,6,3,High
2018,4,Friday,7,AJK,Rawalakot,Urban Road,Under Repair,Rainy,Daylight,Motorcycle,4,Wrong Overtaking,1,0,0,0,1,0,Medium
2022,9,Monday,11,Punjab,Lahore,Motorway,Average,Clear,Daylight,Rickshaw,3,Pedestrian Error,0,0,0,0,1,0,Low
2021,12,Thursday,3,Punjab,Rahim Yar Khan,Urban Road,Average,Dusty/Smoggy,No Light,Car/Taxi,2,Over Speeding,0,0,1,1,4,0,Medium
2018,2,Tuesday,17,Punjab,Sargodha,Rural Road,Average,Clear,Dawn/Dusk,Truck/Lorry,2,Mobile Phone Use,1,0,0,1,2,0,Low
2021,12,Friday,19,Punjab,Sialkot,Provincial Highway,Average,Clear,Dawn/Dusk,Truck/Lorry,3,Mobile Phone Use,1,0,0,1,2,0,Low
2021,6,Tuesday,18,AJK,Muzaffarabad,Urban Road,Poor,Clear,Daylight,Bus/Coach,3,Over Speeding,1,0,0,0,5,0,Medium
2022,8,Monday,14,Punjab,Lahore,National Highway,Poor,Clear,Daylight,Car/Taxi,2,Weather Condition,0,0,0,0,1,1,Medium
2022,5,Thursday,1,Islamabad,Islamabad,Rural Road,Good,Foggy,No Light,Bus/Coach,4,Over Speeding,0,0,1,0,7,3,High
2018,3,Friday,22,Gilgit-Baltistan,Gilgit,Rural Road,Under Repair,Foggy,No Light,Truck/Lorry,2,Mechanical Failure,0,0,1,0,4,0,Medium
2022,8,Monday,5,Sindh,Nawabshah,Motorway,Poor,Foggy,Daylight,Rickshaw,2,Mechanical Failure,0,0,1,0,3,2,Medium
2018,8,Saturday,6,Punjab,Gujranwala,National Highway,Under Repair,Clear,Street Light,Truck/Lorry,2,Road Condition,0,1,0,0,2,0,Low
2021,10,Monday,21,Punjab,Rawalpindi,Motorway,Good,Clear,Street Light,Motorcycle,1,Over Speeding,0,0,0,0,4,2,High
2023,10,Wednesday,11,Sindh,Dadu,Provincial Highway,Average,Foggy,Daylight,Car/Taxi,2,Pedestrian Error,0,0,0,0,1,1,Low
2019,4,Sunday,17,Punjab,Sargodha,Rural Road,Poor,Clear,Daylight,Rickshaw,2,Over Speeding,1,1,0,0,2,0,Low
2022,4,Saturday,13,Sindh,Larkana,Urban Road,Good,Foggy,Daylight,Bicycle,1,Signal Violation,1,1,0,0,5,1,Medium
2022,7,Saturday,16,Sindh,Karachi,Rural Road,Under Repair,Foggy,Daylight,Motorcycle,1,Signal Violation,0,1,0,0,3,1,Medium
2022,8,Wednesday,14,Islamabad,Islamabad,Urban Road,Poor,Foggy,Daylight,Bus/Coach,3,Driver Fatigue,0,0,0,0,2,0,Medium
2021,4,Thursday,17,Sindh,Larkana,Provincial Highway,Average,Foggy,Daylight,Bus/Coach,4,Over Speeding,1,0,0,0,2,1,Medium
2021,11,Wednesday,17,KPK,Abbottabad,Urban Road,Under Repair,Rainy,Daylight,Car/Taxi,3,Mechanical Failure,1,0,0,1,1,0,Low
2021,12,Monday,20,Balochistan,Zhob,National Highway,Average,Extreme Heat,Street Light,Rickshaw,1,Signal Violation,1,0,0,1,2,0,Medium
2021,9,Saturday,8,Punjab,Lahore,National Highway,Poor,Dusty/Smoggy,Daylight,Bicycle,3,Wrong Overtaking,1,1,0,0,7,1,High
2020,8,Saturday,9,Punjab,Multan,National Highway,Average,Clear,Daylight,Motorcycle,2,Over Speeding,1,1,0,0,10,0,High
2020,11,Friday,0,Punjab,Lahore,National Highway,Good,Clear,No Light,Car/Taxi,2,Driver Fatigue,0,0,1,1,7,0,High
2022,12,Tuesday,18,Punjab,Lahore,Rural Road,Good,Clear,Daylight,Motorcycle,1,Mechanical Failure,1,0,0,1,1,0,Low
2018,3,Saturday,9,Sindh,Nawabshah,Provincial Highway,Average,Rainy,Daylight,Rickshaw,1,Over Speeding,1,1,0,0,2,2,High
2021,9,Sunday,9,Punjab,Sialkot,Provincial Highway,Good,Extreme Heat,Daylight,Rickshaw,2,Over Speeding,1,1,0,0,4,0,Medium
2022,12,Saturday,3,Sindh,Dadu,Rural Road,Poor,Extreme Heat,No Light,Motorcycle,2,Mechanical Failure,0,1,1,1,4,0,Medium
2023,4,Tuesday,17,AJK,Mirpur,National Highway,Average,Dusty/Smoggy,Daylight,Truck/Lorry,3,Driver Fatigue,1,0,0,0,1,1,Medium
2021,8,Saturday,16,Punjab,Sargodha,Provincial Highway,Average,Rainy,Daylight,Truck/Lorry,1,Over Speeding,0,1,0,0,2,0,Medium
2023,6,Friday,13,Sindh,Nawabshah,Rural Road,Poor,Clear,Daylight,Bicycle,2,Road Condition,1,0,0,0,5,1,Medium
2021,6,Monday,15,Punjab,Rawalpindi,National Highway,Good,Rainy,Daylight,Motorcycle,2,Mobile Phone Use,0,0,0,0,5,0,High
2023,8,Tuesday,8,Punjab,Rawalpindi,National Highway,Poor,Foggy,Daylight,Car/Taxi,2,Pedestrian Error,1,0,0,0,1,0,Medium
2022,4,Tuesday,10,Sindh,Mirpur Khas,Motorway,Average,Clear,Daylight,Motorcycle,2,Signal Violation,0,0,0,0,4,1,High
2019,5,Wednesday,12,Islamabad,Islamabad,Urban Road,Under Repair,Clear,Daylight,Motorcycle,2,Pedestrian Error,1,0,0,0,1,0,Low
2018,10,Sunday,9,Punjab,Sialkot,Rural Road,Good,Foggy,Daylight,Motorcycle,2,Road Condition,1,1,0,0,5,1,Medium
2018,4,Tuesday,8,Punjab,Sialkot,National Highway,Good,Clear,Daylight,Motorcycle,2,Over Speeding,1,0,0,0,5,0,High
2022,4,Monday,19,Punjab,Bahawalpur,National Highway,Poor,Rainy,Dawn/Dusk,Motorcycle,2,Signal Violation,1,0,0,0,4,1,High
2022,9,Wednesday,7,Punjab,Bahawalpur,Urban Road,Good,Clear,Dawn/Dusk,Rickshaw,1,Road Condition,1,0,0,0,1,0,Low
2022,9,Saturday,10,Punjab,Lahore,Urban Road,Poor,Foggy,Daylight,Motorcycle,1,Road Condition,0,1,0,0,2,1,Medium
2020,5,Saturday,5,Sindh,Sukkur,National Highway,Average,Extreme Heat,Street Light,Rickshaw,2,Pedestrian Error,0,1,1,0,2,0,Medium
2022,2,Sunday,2,Punjab,Gujranwala,National Highway,Good,Foggy,Street Light,Car/Taxi,2,Mechanical Failure,0,1,1,1,4,0,Medium
2022,4,Wednesday,9,Sindh,Dadu,Motorway,Under Repair,Clear,Daylight,Van/Pickup,1,Wrong Overtaking,1,0,0,0,4,0,Medium
2021,1,Friday,4,Sindh,Larkana,Provincial Highway,Average,Rainy,No Light,Bicycle,1,Wrong Overtaking,0,0,1,1,11,0,High
2021,6,Thursday,8,Sindh,Mirpur Khas,Urban Road,Good,Clear,Daylight,Motorcycle,2,Wrong Overtaking,1,0,0,0,3,2,Medium
2021,4,Thursday,13,Punjab,Lahore,Provincial Highway,Average,Clear,Daylight,Car/Taxi,2,Mechanical Failure,1,0,0,0,0,0,Low
2023,7,Friday,11,AJK,Rawalakot,National Highway,Average,Foggy,Daylight,Car/Taxi,1,Pedestrian Error,0,0,0,0,1,1,Medium
2023,7,Friday,9,Punjab,Faisalabad,Motorway,Poor,Foggy,Daylight,Bicycle,1,Pedestrian Error,1,0,0,0,3,3,High
2023,5,Wednesday,12,KPK,Peshawar,Urban Road,Poor,Foggy,Daylight,Car/Taxi,2,Over Speeding,1,0,0,0,4,0,Medium
2019,6,Monday,15,Punjab,Faisalabad,Provincial Highway,Average,Foggy,Dawn/Dusk,Motorcycle,3,Road Condition,0,0,0,0,5,2,Medium
2018,6,Sunday,9,Sindh,Thatta,Urban Road,Under Repair,Clear,Daylight,Car/Taxi,2,Wrong Overtaking,1,1,0,0,0,0,Low
2018,7,Sunday,13,Punjab,Lahore,Urban Road,Average,Dusty/Smoggy,Daylight,Motorcycle,2,Wrong Overtaking,1,1,0,0,4,0,Medium
2023,1,Monday,13,Punjab,Lahore,Urban Road,Good,Dusty/Smoggy,Daylight,Motorcycle,3,Signal Violation,1,0,0,1,0,0,Low
2020,12,Monday,4,Punjab,Lahore,Rural Road,Average,Rainy,Street Light,Car/Taxi,2,Signal Violation,0,0,1,1,4,0,Medium
2021,1,Saturday,9,Punjab,Faisalabad,National Highway,Good,Clear,Daylight,Rickshaw,2,Driver Fatigue,1,1,0,1,3,0,High
2019,3,Tuesday,13,Balochistan,Quetta,National Highway,Good,Foggy,Daylight,Car/Taxi,1,Wrong Overtaking,1,0,0,0,10,1,High
2020,10,Friday,17,KPK,Mardan,Provincial Highway,Average,Clear,Daylight,Bus/Coach,1,Pedestrian Error,1,0,0,0,5,0,Medium
2019,12,Sunday,20,Punjab,Sargodha,National Highway,Poor,Rainy,No Light,Rickshaw,2,Signal Violation,1,1,0,1,3,3,High
2020,5,Monday,14,Sindh,Karachi,National Highway,Good,Foggy,Daylight,Car/Taxi,3,Signal Violation,0,0,0,0,1,0,Medium
2021,1,Friday,11,Balochistan,Dera Bugti,National Highway,Good,Clear,Street Light,Van/Pickup,1,Wrong Overtaking,0,0,0,1,2,0,Medium
2021,1,Sunday,17,KPK,Mardan,Urban Road,Good,Foggy,Daylight,Motorcycle,2,Over Speeding,1,1,0,1,6,0,High
2019,11,Sunday,11,Punjab,Rawalpindi,Rural Road,Under Repair,Clear,Daylight,Motorcycle,1,Mechanical Failure,0,1,0,1,1,0,Medium
2021,12,Sunday,8,Balochistan,Turbat,National Highway,Poor,Clear,Daylight,Car/Taxi,2,Signal Violation,1,1,0,1,1,0,Medium
2018,5,Wednesday,22,Punjab,Rawalpindi,Provincial Highway,Good,Rainy,No Light,Motorcycle,2,Wrong Overtaking,0,0,1,0,7,0,High
2021,9,Thursday,18,Sindh,Jacobabad,Urban Road,Under Repair,Clear,Daylight,Van/Pickup,2,Driver Fatigue,1,0,0,0,5,1,Medium
2020,6,Friday,9,Sindh,Hyderabad,National Highway,Average,Dusty/Smoggy,Dawn/Dusk,Rickshaw,1,Road Condition,1,0,0,0,5,0,Medium
2019,9,Friday,9,Balochistan,Khuzdar,Provincial Highway,Good,Rainy,Daylight,Motorcycle,1,Over Speeding,1,0,0,0,4,1,High
2020,7,Friday,6,Islamabad,Islamabad,Provincial Highway,Good,Foggy,Daylight,Motorcycle,2,Mechanical Failure,0,0,0,0,7,1,High
2021,5,Friday,6,Islamabad,Islamabad,National Highway,Good,Clear,Daylight,Motorcycle,1,Pedestrian Error,0,0,0,0,10,0,High
2023,12,Monday,8,Punjab,Sialkot,National Highway,Average,Clear,Street Light,Motorcycle,2,Wrong Overtaking,1,0,0,1,1,0,Medium
2023,1,Sunday,21,Islamabad,Islamabad,National Highway,Good,Foggy,Street Light,Motorcycle,3,Over Speeding,0,1,0,1,3,1,High
2019,12,Friday,6,Punjab,Multan,Urban Road,Under Repair,Foggy,Daylight,Motorcycle,2,Mechanical Failure,0,0,0,1,1,0,Low
2020,12,Tuesday,17,Punjab,Lahore,National Highway,Good,Clear,Daylight,Motorcycle,2,Road Condition,1,0,0,1,2,2,Medium
2021,1,Thursday,7,Sindh,Thatta,Urban Road,Good,Foggy,Daylight,Truck/Lorry,3,Wrong Overtaking,1,0,0,1,5,0,Medium
2023,12,Monday,8,Sindh,Jacobabad,Provincial Highway,Average,Foggy,Daylight,Car/Taxi,3,Over Speeding,1,0,0,1,8,0,High
2019,7,Saturday,18,Sindh,Thatta,National Highway,Average,Clear,Daylight,Rickshaw,3,Driver Fatigue,1,1,0,0,4,4,High
2019,6,Wednesday,13,Sindh,Dadu,National Highway,Good,Foggy,Daylight,Van/Pickup,2,Road Condition,1,0,0,0,0,0,Low
2022,12,Sunday,17,Islamabad,Islamabad,National Highway,Average,Dusty/Smoggy,Daylight,Car/Taxi,2,Signal Violation,1,1,0,1,1,1,Medium
2021,5,Friday,16,Punjab,Sheikhupura,Motorway,Average,Foggy,Daylight,Car/Taxi,2,Driver Fatigue,0,0,0,0,3,1,High
2020,12,Monday,15,Punjab,Rawalpindi,Rural Road,Good,Foggy,No Light,Truck/Lorry,3,Signal Violation,0,0,0,1,0,0,Low
2022,7,Thursday,9,Islamabad,Islamabad,National Highway,Good,Clear,Daylight,Car/Taxi,1,Over Speeding,1,0,0,0,10,2,High
2018,12,Tuesday,7,Punjab,Sheikhupura,Provincial Highway,Good,Clear,Daylight,Motorcycle,2,Over Speeding,1,0,0,1,4,0,Medium
2018,10,Wednesday,9,Sindh,Nawabshah,Urban Road,Poor,Clear,Daylight,Car/Taxi,3,Pedestrian Error,1,0,0,0,2,0,Low
2019,12,Monday,19,KPK,Dera Ismail Khan,Provincial Highway,Good,Dusty/Smoggy,Dawn/Dusk,Motorcycle,2,Over Speeding,1,0,0,1,6,1,High
2021,1,Friday,5,Sindh,Kashmore,Urban Road,Poor,Clear,Daylight,Car/Taxi,2,Pedestrian Error,0,0,1,1,2,0,Low
2022,3,Wednesday,21,KPK,Mardan,National Highway,Good,Clear,Street Light,Motorcycle,2,Wrong Overtaking,0,0,0,0,4,2,High
2021,2,Friday,19,Punjab,Lahore,Rural Road,Under Repair,Extreme Heat,No Light,Van/Pickup,2,Mobile Phone Use,1,0,0,1,2,0,Low
2019,5,Thursday,8,Balochistan,Gwadar,National Highway,Good,Clear,Daylight,Motorcycle,3,Signal Violation,1,0,0,0,3,2,High
2023,1,Wednesday,14,Punjab,Sheikhupura,Urban Road,Poor,Clear,Daylight,Car/Taxi,2,Over Speeding,0,0,0,1,0,0,Low
2022,12,Saturday,19,Punjab,Faisalabad,Rural Road,Good,Clear,Dawn/Dusk,Car/Taxi,2,Signal Violation,1,1,0,1,2,0,Low
2020,9,Tuesday,8,Punjab,Lahore,Urban Road,Average,Extreme Heat,Daylight,Motorcycle,2,Over Speeding,1,0,0,0,3,0,Medium
2023,7,Sunday,10,Sindh,Hyderabad,Urban Road,Average,Dusty/Smoggy,Daylight,Bicycle,2,Signal Violation,0,1,0,0,0,0,Low
2022,1,Tuesday,19,KPK,Nowshera,Motorway,Poor,Clear,Daylight,Motorcycle,1,Wrong Overtaking,1,0,0,1,3,1,Medium
2020,5,Monday,21,Islamabad,Islamabad,Urban Road,Good,Foggy,Street Light,Motorcycle,2,Driver Fatigue,0,0,0,0,3,0,Medium
2023,4,Sunday,23,KPK,Kohat,Provincial Highway,Good,Rainy,No Light,Motorcycle,1,Over Speeding,0,1,1,0,10,1,High
2019,11,Saturday,15,Sindh,Mirpur Khas,Provincial Highway,Average,Clear,Daylight,Car/Taxi,3,Pedestrian Error,0,1,0,1,0,0,Low
2018,10,Saturday,10,Islamabad,Islamabad,National Highway,Poor,Clear,Daylight,Motorcycle,4,Wrong Overtaking,0,1,0,0,4,2,High
2018,12,Monday,11,Sindh,Kashmore,National Highway,Good,Foggy,Daylight,Bus/Coach,1,Signal Violation,0,0,0,1,6,1,High
2023,2,Sunday,11,Sindh,Larkana,Urban Road,Good,Clear,Daylight,Motorcycle,2,Over Speeding,0,1,0,1,5,1,Medium
2022,3,Sunday,9,Sindh,Karachi,Provincial Highway,Poor,Clear,Daylight,Bicycle,2,Over Speeding,1,1,0,0,4,0,Medium
2022,12,Friday,16,Punjab,Bahawalpur,Provincial Highway,Good,Clear,Dawn/Dusk,Car/Taxi,2,Driver Fatigue,0,0,0,1,0,0,Low
2020,12,Friday,21,KPK,Peshawar,National Highway,Average,Clear,No Light,Motorcycle,3,Pedestrian Error,0,0,0,1,1,0,Medium
2019,6,Friday,15,Punjab,Rahim Yar Khan,Rural Road,Poor,Foggy,Daylight,Bicycle,2,Over Speeding,0,0,0,0,4,2,High
2020,9,Friday,11,Sindh,Sukkur,Rural Road,Average,Dusty/Smoggy,Daylight,Car/Taxi,3,Signal Violation,0,0,0,0,1,0,Low
2020,11,Friday,9,KPK,Mardan,National Highway,Poor,Dusty/Smoggy,Dawn/Dusk,Car/Taxi,2,Road Condition,1,0,0,1,2,1,Low
2023,2,Saturday,23,Balochistan,Turbat,Provincial Highway,Average,Clear,No Light,Motorcycle,3,Over Speeding,0,1,1,1,4,1,High
2023,7,Monday,16,Balochistan,Sibi,Provincial Highway,Good,Clear,Daylight,Motorcycle,3,Over Speeding,0,0,0,0,9,1,High
2022,3,Tuesday,8,Sindh,Dadu,National Highway,Poor,Foggy,No Light,Motorcycle,3,Wrong Overtaking,1,0,0,0,11,1,High
2021,12,Monday,12,Sindh,Mirpur Khas,Provincial Highway,Good,Dusty/Smoggy,Daylight,Car/Taxi,1,Signal Violation,1,0,0,1,1,0,Medium
2018,1,Saturday,17,Punjab,Faisalabad,Motorway,Poor,Rainy,Daylight,Car/Taxi,1,Over Speeding,1,1,0,1,3,0,Medium
2019,3,Thursday,18,Sindh,Kashmore,Urban Road,Average,Foggy,Daylight,Bus/Coach,2,Over Speeding,1,0,0,0,6,2,High
2019,6,Tuesday,22,Balochistan,Loralai,Rural Road,Good,Clear,Street Light,Bus/Coach,1,Pedestrian Error,0,0,1,0,5,0,Medium
2023,1,Tuesday,18,Islamabad,Islamabad,Urban Road,Good,Rainy,Daylight,Bicycle,2,Mobile Phone Use,1,0,0,1,1,0,Medium
2019,3,Thursday,4,Balochistan,Chaman,Rural Road,Good,Clear,No Light,Motorcycle,4,Road Condition,0,0,1,0,1,1,Medium
2023,1,Friday,16,Punjab,Sheikhupura,Provincial Highway,Poor,Clear,Daylight,Bicycle,3,Weather Condition,0,0,0,1,2,0,Low
2018,6,Saturday,17,Balochistan,Gwadar,Urban Road,Good,Rainy,Dawn/Dusk,Van/Pickup,3,Over Speeding,1,1,0,0,2,1,Medium
2020,7,Friday,11,Islamabad,Islamabad,Provincial Highway,Good,Clear,Daylight,Car/Taxi,2,Road Condition,0,0,0,0,1,0,Low
2022,3,Monday,19,Punjab,Lahore,Rural Road,Poor,Rainy,No Light,Motorcycle,1,Wrong Overtaking,1,0,0,0,6,2,High
2018,9,Saturday,19,Sindh,Jacobabad,Urban Road,Average,Clear,No Light,Rickshaw,1,Pedestrian Error,1,1,0,0,0,0,Low
2020,7,Sunday,12,KPK,Nowshera,Rural Road,Under Repair,Clear,Daylight,Car/Taxi,1,Wrong Overtaking,1,1,0,0,1,0,Low
2019,7,Thursday,18,Sindh,Karachi,National Highway,Average,Clear,Daylight,Van/Pickup,4,Wrong Overtaking,1,0,0,0,2,1,Medium
2023,11,Wednesday,14,Gilgit-Baltistan,Skardu,Rural Road,Good,Clear,Daylight,Motorcycle,1,Signal Violation,0,0,0,1,5,0,Medium
2021,12,Tuesday,16,Sindh,Karachi,Motorway,Poor,Clear,Dawn/Dusk,Car/Taxi,2,Over Speeding,0,0,0,1,4,0,High