year,month,day_of_week,hour_of_day,province,district,road_type,road_condition,weather_condition,lighting_condition,vehicle_type,vehicles_involved,accident_cause,is_rush_hour,is_weekend,is_night,is_foggy_month,num_injured,num_killed,severity
2021,12,Friday,16,KPK,Nowshera,Rural Road,Good,Clear,Daylight,Bus/Coach,2,Over Speeding,0,0,0,1,2,0,Low
2021,10,Friday,21,KPK,Abbottabad,Provincial Highway,Poor,Clear,No Light,Motorcycle,3,Pedestrian Error,0,0,0,0,2,1,Low
2022,11,Tuesday,20,Sindh,Karachi,Provincial Highway,Good,Dusty/Smoggy,No Light,Motorcycle,4,Signal Violation,1,0,0,1,5,0,Medium
2022,7,Saturday,9,Balochistan,Loralai,National Highway,Poor,Foggy,Daylight,Car/Taxi,4,Drunk Driving,1,1,0,0,5,0,High
2023,12,Friday,9,Sindh,Sukkur,Provincial Highway,Good,Clear,Daylight,Bicycle,1,Pedestrian Error,1,0,0,1,2,0,Medium
2023,5,Tuesday,7,Punjab,Rawalpindi,National Highway,Poor,Rainy,Daylight,Motorcycle,1,Drunk Driving,1,0,0,0,5,0,High
2018,9,Wednesday,23,Punjab,Rawalpindi,Provincial Highway,Good,Clear,Street Light,Rickshaw,1,Road Condition,0,0,1,0,1,0,Low
2023,4,Thursday,9,Punjab,Multan,National Highway,Under Repair,Clear,Daylight,Car/Taxi,1,Over Speeding,1,0,0,0,2,1,Medium
2023,6,Tuesday,12,KPK,Kohat,National Highway,Poor,Dusty/Smoggy,Dawn/Dusk,Motorcycle,4,Drunk Driving,1,0,0,0,10,1,High
2019,1,Sunday,11,Islamabad,Islamabad,Motorway,Poor,Clear,Daylight,Motorcycle,3,Signal Violation,0,1,0,1,6,0,High
2021,7,Sunday,11,Punjab,Lahore,National Highway,Good,Clear,Dawn/Dusk,Car/Taxi,2,Mechanical Failure,0,1,0,0,4,0,Medium
2022,12,Sunday,16,Punjab,Rawalpindi,National Highway,Poor,Clear,Dawn/Dusk,Motorcycle,1,Road Condition,0,1,0,1,1,1,Medium
2020,6,Thursday,8,Punjab,Lahore,Urban Road,Good,Clear,No Light,Rickshaw,2,Road Condition,1,0,0,0,2,0,Low
2019,6,Wednesday,13,KPK,Abbottabad,Rural Road,Average,Clear,Daylight,Motorcycle,1,Pedestrian Error,1,0,0,0,0,0,Low
2018,8,Saturday,8,Islamabad,Islamabad,National Highway,Under Repair,Clear,Daylight,Bus/Coach,1,Wrong Overtaking,1,1,0,0,5,0,Medium
2023,7,Wednesday,11,Sindh,Sukkur,Motorway,Average,Clear,No Light,Motorcycle,1,Over Speeding,0,0,0,0,5,2,High
2021,6,Friday,19,Sindh,Larkana,National Highway,Good,Clear,Dawn/Dusk,Car/Taxi,2,Mechanical Failure,1,0,0,0,1,0,Low
2023,1,Saturday,0,Sindh,Kashmore,Rural Road,Poor,Clear,Street Light,Car/Taxi,4,Signal Violation,0,1,1,1,2,0,Medium
2018,7,Saturday,18,Punjab,Lahore,Rural Road,Good,Rainy,Daylight,Van/Pickup,4,Wrong Overtaking,1,1,0,0,1,0,Low
2023,9,Friday,5,KPK,Kohat,Urban Road,Average,Clear,No Light,Motorcycle,2,Pedestrian Error,0,0,1,0,0,1,Low
2021,3,Monday,9,Sindh,Larkana,Urban Road,Good,Rainy,Daylight,Motorcycle,1,Road Condition,1,0,0,0,0,1,Low
2021,11,Tuesday,21,KPK,Kohat,Rural Road,Average,Foggy,No Light,Rickshaw,2,Wrong Overtaking,0,0,0,1,2,0,Medium
2022,8,Friday,17,Balochistan,Zhob,National Highway,Good,Rainy,Daylight,Car/Taxi,1,Over Speeding,1,0,0,0,3,1,High
2019,1,Friday,20,KPK,Abbottabad,Provincial Highway,Average,Clear,No Light,Car/Taxi,2,Mechanical Failure,1,0,0,1,1,0,Low
2020,9,Friday,10,KPK,Abbottabad,National Highway,Average,Dusty/Smoggy,Street Light,Bus/Coach,3,Signal Violation,0,0,0,0,1,0,Medium
2023,12,Wednesday,21,Islamabad,Islamabad,National Highway,Poor,Dusty/Smoggy,No Light,Motorcycle,2,Wrong Overtaking,0,0,0,1,3,0,Medium
2023,5,Tuesday,16,AJK,Muzaffarabad,Rural Road,Poor,Clear,Daylight,Motorcycle,2,Over Speeding,0,0,0,0,2,0,Medium
2018,6,Sunday,20,Sindh,Mirpur Khas,Urban Road,Poor,Rainy,No Light,Car/Taxi,1,Road Condition,1,1,0,0,1,1,Low
2023,2,Monday,22,Punjab,Gujranwala,Provincial Highway,Good,Rainy,Street Light,Car/Taxi,2,Wrong Overtaking,0,0,1,1,4,0,Medium
2022,7,Thursday,14,Sindh,Dadu,Provincial Highway,Average,Rainy,Daylight,Car/Taxi,1,Wrong Overtaking,0,0,0,0,1,0,Medium
2022,11,Tuesday,19,KPK,Nowshera,Urban Road,Poor,Clear,Dawn/Dusk,Car/Taxi,1,Mechanical Failure,1,0,0,1,0,0,Low
2019,5,Monday,16,Punjab,Sialkot,Urban Road,Good,Clear,Dawn/Dusk,Car/Taxi,1,Wrong Overtaking,0,0,0,0,1,0,Low
2022,1,Tuesday,5,Punjab,Faisalabad,Provincial Highway,Average,Rainy,Dawn/Dusk,Motorcycle,1,Mobile Phone Use,0,0,1,1,6,3,High
2021,4,Monday,22,Punjab,Sheikhupura,Urban Road,Good,Rainy,Street Light,Car/Taxi,1,Wrong Overtaking,0,0,1,0,2,2,Medium
2019,4,Wednesday,13,KPK,Dera Ismail Khan,National Highway,Poor,Dusty/Smoggy,Daylight,Motorcycle,1,Pedestrian Error,1,0,0,0,3,0,Medium
2020,2,Saturday,18,Sindh,Sukkur,Provincial Highway,Average,Clear,Daylight,Van/Pickup,2,Pedestrian Error,1,1,0,1,0,0,Low
2022,10,Friday,7,Punjab,Sargodha,National Highway,Good,Rainy,Daylight,Truck/Lorry,1,Driver Fatigue,1,0,0,0,3,1,High
2022,4,Friday,18,Punjab,Bahawalpur,Urban Road,Poor,Rainy,Daylight,Motorcycle,4,Over Speeding,1,0,0,0,6,1,High
2018,2,Tuesday,16,KPK,Bannu,Urban Road,Average,Clear,Daylight,Motorcycle,1,Over Speeding,0,0,0,1,3,1,Medium
2022,12,Saturday,11,Punjab,Gujranwala,Provincial Highway,Average,Rainy,Daylight,Rickshaw,2,Over Speeding,0,1,0,1,2,0,Medium
2021,12,Monday,16,Punjab,Sialkot,Provincial Highway,Good,Clear,Street Light,Rickshaw,3,Wrong Overtaking,0,0,0,1,5,0,Medium
2019,11,Thursday,20,Sindh,Nawabshah,National Highway,Good,Extreme Heat,No Light,Rickshaw,1,Over Speeding,1,0,0,1,11,2,High
2022,3,Thursday,14,Sindh,Mirpur Khas,Urban Road,Good,Foggy,Daylight,Motorcycle,3,Pedestrian Error,0,0,0,0,1,0,Low
2022,12,Monday,9,Punjab,Sargodha,National Highway,Poor,Rainy,Dawn/Dusk,Car/Taxi,1,Over Speeding,1,0,0,1,8,1,High
2022,12,Monday,22,Sindh,Karachi,Provincial Highway,Average,Rainy,Street Light,Motorcycle,2,Mechanical Failure,0,0,1,1,9,2,High
2021,8,Friday,7,Punjab,Gujranwala,National Highway,Good,Clear,Dawn/Dusk,Car/Taxi,1,Pedestrian Error,1,0,0,0,0,0,Low
2022,2,Wednesday,12,KPK,Dera Ismail Khan,National Highway,Average,Clear,No Light,Truck/Lorry,4,Over Speeding,1,0,0,1,1,0,Medium
2022,11,Monday,11,Punjab,Sialkot,Motorway,Good,Dusty/Smoggy,Dawn/Dusk,Rickshaw,2,Road Condition,0,0,0,1,1,0,Medium
2018,7,Tuesday,23,Punjab,Rawalpindi,National Highway,Good,Rainy,Street Light,Truck/Lorry,2,Wrong Overtaking,0,0,1,0,7,0,High
2022,12,Saturday,6,KPK,Mardan,Rural Road,Good,Clear,Daylight,Car/Taxi,2,Signal Violation,0,1,0,1,2,1,Low
2023,4,Wednesday,20,KPK,Swat,Motorway,Average,Clear,Street Light,Bus/Coach,2,Pedestrian Error,1,0,0,0,4,2,Medium
2023,3,Monday,0,Punjab,Rawalpindi,Urban Road,Good,Foggy,No Light,Car/Taxi,1,Wrong Overtaking,0,0,1,0,0,0,Low
2022,1,Sunday,12,Punjab,Sialkot,Motorway,Under Repair,Rainy,Daylight,Motorcycle,2,Driver Fatigue,1,1,0,1,10,2,High
2018,5,Tuesday,19,KPK,Mansehra,Urban Road,Poor,Clear,Dawn/Dusk,Motorcycle,3,Over Speeding,1,0,0,0,3,0,Medium
2022,7,Friday,7,KPK,Swat,National Highway,Good,Clear,Daylight,Car/Taxi,3,Pedestrian Error,1,0,0,0,3,0,Medium
2019,6,Friday,10,Punjab,Multan,Urban Road,Good,Extreme Heat,Daylight,Motorcycle,3,Over Speeding,0,0,0,0,1,0,Medium
2022,6,Monday,9,Sindh,Kashmore,Urban Road,Good,Clear,Daylight,Motorcycle,3,Wrong Overtaking,1,0,0,0,0,1,Low
2018,9,Monday,20,Punjab,Rahim Yar Khan,Urban Road,Good,Foggy,Street Light,Rickshaw,1,Signal Violation,1,0,0,0,5,0,Medium
2022,7,Saturday,16,Sindh,Kashmore,Provincial Highway,Average,Foggy,Daylight,Motorcycle,1,Over Speeding,0,1,0,0,3,1,High
2023,7,Tuesday,18,Punjab,Faisalabad,Provincial Highway,Good,Foggy,Daylight,Motorcycle,2,Over Speeding,1,0,0,0,8,3,High
2020,6,Saturday,8,Punjab,Sargodha,Rural Road,Good,Clear,Daylight,Motorcycle,2,Over Speeding,1,1,0,0,3,1,Medium
2020,11,Saturday,13,Punjab,Sheikhupura,Rural Road,Good,Foggy,Daylight,Motorcycle,3,Mechanical Failure,1,1,0,1,1,0,Medium
2019,8,Sunday,17,Sindh,Dadu,Rural Road,Poor,Clear,Daylight,Van/Pickup,2,Over Speeding,1,1,0,0,2,0,Low
2023,5,Thursday,18,Sindh,Kashmore,Provincial Highway,Poor,Clear,Daylight,Bus/Coach,3,Over Speeding,1,0,0,0,5,0,High
2023,9,Saturday,7,Sindh,Hyderabad,Provincial Highway,Under Repair,Rainy,Street Light,Rickshaw,1,Driver Fatigue,1,1,0,0,11,1,High
2020,6,Monday,22,Punjab,Sheikhupura,Motorway,Good,Dusty/Smoggy,Street Light,Car/Taxi,1,Road Condition,0,0,1,0,2,0,Low
2023,4,Friday,18,Punjab,Gujranwala,Rural Road,Average,Foggy,Dawn/Dusk,Rickshaw,3,Over Speeding,1,0,0,0,1,1,Medium
2018,9,Sunday,8,KPK,Mansehra,Urban Road,Good,Clear,Street Light,Rickshaw,2,Mechanical Failure,1,1,0,0,1,0,Low
2020,1,Thursday,7,Punjab,Lahore,Provincial Highway,Average,Clear,No Light,Other,2,Wrong Overtaking,1,0,0,1,1,0,Low
2018,4,Tuesday,11,KPK,Nowshera,Provincial Highway,Average,Clear,Daylight,Car/Taxi,2,Mobile Phone Use,0,0,0,0,0,0,Low
2019,1,Friday,7,Punjab,Bahawalpur,Urban Road,Good,Clear,Daylight,Motorcycle,1,Over Speeding,1,0,0,1,2,0,Medium
2023,8,Thursday,15,Sindh,Mirpur Khas,National Highway,Average,Clear,Daylight,Motorcycle,1,Wrong Overtaking,0,0,0,0,7,1,High
2022,10,Sunday,19,Sindh,Nawabshah,Rural Road,Good,Clear,Dawn/Dusk,Motorcycle,2,Over Speeding,1,1,0,0,10,3,High
2021,12,Tuesday,15,Islamabad,Islamabad,Provincial Highway,Average,Dusty/Smoggy,Daylight,Car/Taxi,2,Signal Violation,0,0,0,1,1,0,Low
2022,5,Sunday,23,Punjab,Multan,Provincial Highway,Poor,Clear,Street Light,Motorcycle,2,Over Speeding,0,1,1,0,9,1,High
2022,2,Sunday,18,Punjab,Rawalpindi,National Highway,Good,Clear,Daylight,Motorcycle,1,Over Speeding,1,1,0,1,9,2,High
2020,9,Sunday,21,Sindh,Sukkur,Urban Road,Good,Foggy,Street Light,Bus/Coach,3,Wrong Overtaking,0,1,0,0,0,0,Low
2019,6,Thursday,12,Islamabad,Islamabad,Provincial Highway,Good,Clear,Daylight,Car/Taxi,1,Driver Fatigue,1,0,0,0,1,0,Low
2023,7,Saturday,13,AJK,Mirpur,Provincial Highway,Average,Clear,Daylight,Car/Taxi,1,Signal Violation,1,1,0,0,1,0,Low
2018,9,Friday,9,Sindh,Kashmore,Provincial Highway,Poor,Clear,Daylight,Motorcycle,2,Over Speeding,1,0,0,0,5,2,High
2023,10,Thursday,13,Sindh,Nawabshah,National Highway,Average,Clear,Street Light,Car/Taxi,3,Over Speeding,1,0,0,0,3,0,Medium
2019,6,Saturday,13,Sindh,Dadu,Provincial Highway,Average,Clear,Dawn/Dusk,Car/Taxi,2,Wrong Overtaking,1,1,0,0,2,0,Low
2019,1,Tuesday,16,Sindh,Sukkur,National Highway,Poor,Clear,Daylight,Truck/Lorry,2,Over Speeding,0,0,0,1,4,1,High
2020,8,Monday,18,Sindh,Karachi,National Highway,Poor,Clear,Daylight,Motorcycle,3,Driver Fatigue,1,0,0,0,5,1,High
2019,6,Tuesday,18,Balochistan,Dera Bugti,Rural Road,Average,Foggy,Daylight,Van/Pickup,1,Mechanical Failure,1,0,0,0,0,0,Low
2023,5,Sunday,11,KPK,Peshawar,Rural Road,Good,Rainy,Daylight,Car/Taxi,2,Road Condition,0,1,0,0,2,0,Low
2023,1,Monday,13,Sindh,Larkana,Urban Road,Under Repair,Foggy,Daylight,Car/Taxi,2,Over Speeding,1,0,0,1,0,0,Low
2023,5,Friday,18,Sindh,Karachi,Rural Road,Average,Clear,Daylight,Car/Taxi,2,Over Speeding,1,0,0,0,1,0,Medium
2023,3,Sunday,10,Sindh,Kashmore,Provincial Highway,Under Repair,Clear,Daylight,Rickshaw,1,Signal Violation,0,1,0,0,4,0,Medium
2021,12,Wednesday,13,Sindh,Hyderabad,National Highway,Good,Clear,Street Light,Car/Taxi,3,Drunk Driving,1,0,0,1,5,0,High
2019,7,Monday,8,Sindh,Larkana,Provincial Highway,Good,Extreme Heat,Daylight,Rickshaw,2,Wrong Overtaking,1,0,0,0,2,0,Medium
2020,3,Friday,16,Punjab,Multan,Rural Road,Under Repair,Foggy,Daylight,Motorcycle,2,Wrong Overtaking,0,0,0,0,8,2,High
2022,12,Saturday,5,Punjab,Bahawalpur,National Highway,Good,Clear,Daylight,Bus/Coach,1,Wrong Overtaking,0,1,1,1,6,1,High
2023,7,Friday,19,Sindh,Larkana,Urban Road,Good,Foggy,Dawn/Dusk,Motorcycle,1,Over Speeding,1,0,0,0,10,0,High
2020,11,Saturday,19,KPK,Abbottabad,Urban Road,Average,Clear,Daylight,Motorcycle,1,Wrong Overtaking,1,1,0,1,5,1,Medium
2023,2,Thursday,9,Punjab,Multan,Provincial Highway,Average,Clear,Daylight,Motorcycle,2,Signal Violation,1,0,0,1,2,1,Medium
2023,6,Friday,14,Sindh,Mirpur Khas,Rural Road,Average,Dusty/Smoggy,Street Light,Rickshaw,1,Over Speeding,0,0,0,0,5,0,Medium
2023,8,Monday,13,Punjab,Gujranwala,Urban Road,Poor,Clear,Daylight,Bus/Coach,3,Signal Violation,1,0,0,0,1,0,Low
2019,12,Saturday,8,Punjab,Multan,National Highway,Average,Foggy,Daylight,Motorcycle,4,Wrong Overtaking,1,1,0,1,4,4,High
2022,10,Saturday,12,Islamabad,Islamabad,Urban Road,Average,Clear,Daylight,Motorcycle,2,Road Condition,1,1,0,0,4,0,Medium
2023,12,Wednesday,6,Balochistan,Dera Bugti,Rural Road,Good,Clear,Daylight,Motorcycle,2,Driver Fatigue,0,0,0,1,3,1,Medium
2020,1,Friday,13,Punjab,Faisalabad,Rural Road,Good,Rainy,Daylight,Motorcycle,1,Mechanical Failure,1,0,0,1,0,0,Low
2022,6,Wednesday,2,KPK,Abbottabad,Rural Road,Poor,Rainy,No Light,Rickshaw,2,Signal Violation,0,0,1,0,0,1,Low
2018,12,Thursday,15,Punjab,Rahim Yar Khan,National Highway,Average,Rainy,Daylight,Bicycle,2,Signal Violation,0,0,0,1,11,0,High
2023,9,Saturday,12,Gilgit-Baltistan,Skardu,National Highway,Average,Clear,Daylight,Motorcycle,4,Pedestrian Error,1,1,0,0,8,2,High
2019,2,Wednesday,10,Punjab,Rawalpindi,National Highway,Poor,Dusty/Smoggy,Daylight,Car/Taxi,3,Wrong Overtaking,0,0,0,1,2,0,Low
2018,4,Wednesday,22,Punjab,Gujranwala,National Highway,Average,Extreme Heat,Street Light,Car/Taxi,2,Over Speeding,0,0,1,0,5,0,Medium
2020,5,Friday,14,Sindh,Hyderabad,Urban Road,Poor,Clear,Daylight,Motorcycle,2,Pedestrian Error,0,0,0,0,3,0,Medium
2023,12,Sunday,13,KPK,Mardan,Provincial Highway,Good,Clear,Daylight,Rickshaw,2,Pedestrian Error,1,1,0,1,1,0,Low
2021,5,Monday,17,Punjab,Rahim Yar Khan,National Highway,Average,Clear,Daylight,Bus/Coach,2,Signal Violation,1,0,0,0,4,1,Medium
2022,9,Monday,16,KPK,Mardan,Motorway,Good,Clear,Daylight,Motorcycle,4,Drunk Driving,0,0,0,0,3,0,High
2019,5,Sunday,12,Punjab,Sialkot,National Highway,Good,Clear,Street Light,Car/Taxi,1,Wrong Overtaking,1,1,0,0,0,0,Low
2022,5,Sunday,13,Balochistan,Chaman,Rural Road,Good,Clear,Dawn/Dusk,Van/Pickup,2,Wrong Overtaking,1,1,0,0,2,0,Low
2022,5,Friday,15,Punjab,Rahim Yar Khan,Provincial Highway,Good,Foggy,Daylight,Motorcycle,1,Wrong Overtaking,0,0,0,0,2,1,High
2020,9,Saturday,12,Balochistan,Zhob,National Highway,Good,Clear,Daylight,Truck/Lorry,2,Wrong Overtaking,1,1,0,0,1,0,Medium
2022,9,Monday,17,Sindh,Larkana,National Highway,Average,Clear,Daylight,Motorcycle,3,Mobile Phone Use,1,0,0,0,1,1,Medium
2019,1,Wednesday,19,Sindh,Thatta,Provincial Highway,Good,Clear,Dawn/Dusk,Motorcycle,3,Pedestrian Error,1,0,0,1,0,0,Low
2018,10,Tuesday,14,AJK,Rawalakot,Provincial Highway,Good,Rainy,Daylight,Truck/Lorry,2,Wrong Overtaking,0,0,0,0,1,0,Medium
2022,7,Wednesday,13,Gilgit-Baltistan,Gilgit,Provincial Highway,Average,Clear,Dawn/Dusk,Truck/Lorry,2,Signal Violation,1,0,0,0,2,0,Medium
2019,1,Monday,17,Sindh,Thatta,Urban Road,Poor,Clear,No Light,Car/Taxi,2,Wrong Overtaking,1,0,0,1,2,0,Low
2021,3,Sunday,17,Punjab,Multan,National Highway,Good,Clear,Daylight,Motorcycle,1,Mobile Phone Use,1,1,0,0,3,0,Medium
2022,1,Friday,7,Sindh,Jacobabad,National Highway,Good,Clear,Dawn/Dusk,Van/Pickup,1,Over Speeding,1,0,0,1,5,0,Medium
2020,9,Monday,15,Sindh,Kashmore,Provincial Highway,Good,Clear,Daylight,Truck/Lorry,2,Wrong Overtaking,0,0,0,0,1,0,Low
2021,5,Monday,12,Sindh,Dadu,National Highway,Poor,Clear,Daylight,Truck/Lorry,1,Wrong Overtaking,1,0,0,0,5,1,High
2023,7,Tuesday,10,Sindh,Nawabshah,Rural Road,Good,Clear,No Light,Car/Taxi,2,Mechanical Failure,0,0,0,0,0,0,Low
2019,12,Sunday,14,Punjab,Lahore,Rural Road,Average,Clear,Street Light,Van/Pickup,2,Mechanical Failure,0,1,0,1,1,0,Low
2019,2,Friday,17,KPK,Mansehra,National Highway,Average,Clear,Daylight,Motorcycle,2,Over Speeding,1,0,0,1,6,4,High
2020,12,Monday,21,KPK,Charsadda,Motorway,Good,Dusty/Smoggy,Street Light,Truck/Lorry,1,Wrong Overtaking,0,0,0,1,4,0,Medium
2022,3,Saturday,17,Punjab,Sheikhupura,Provincial Highway,Under Repair,Clear,Street Light,Motorcycle,2,Wrong Overtaking,1,1,0,0,11,0,High
2022,9,Friday,18,Sindh,Karachi,Urban Road,Poor,Clear,No Light,Truck/Lorry,1,Wrong Overtaking,1,0,0,0,2,0,Medium
2020,12,Wednesday,14,Sindh,Mirpur Khas,Urban Road,Average,Foggy,Street Light,Car/Taxi,2,Over Speeding,0,0,0,1,5,0,Medium
2023,11,Thursday,22,KPK,Kohat,National Highway,Good,Clear,Street Light,Motorcycle,1,Wrong Overtaking,0,0,1,1,6,2,High
2023,6,Monday,9,Punjab,Bahawalpur,National Highway,Good,Clear,Daylight,Rickshaw,1,Wrong Overtaking,1,0,0,0,0,0,Low
2018,1,Thursday,7,Sindh,Jacobabad,Urban Road,Average,Clear,Dawn/Dusk,Car/Taxi,1,Pedestrian Error,1,0,0,1,2,0,Low
2023,9,Sunday,18,Punjab,Gujranwala,Rural Road,Good,Rainy,Dawn/Dusk,Car/Taxi,2,Signal Violation,1,1,0,0,1,0,Low
2022,6,Tuesday,13,Sindh,Nawabshah,Urban Road,Good,Rainy,Dawn/Dusk,Car/Taxi,3,Driver Fatigue,1,0,0,0,2,0,Low
2022,7,Sunday,18,KPK,Charsadda,Urban Road,Good,Dusty/Smoggy,Daylight,Truck/Lorry,1,Signal Violation,1,1,0,0,0,0,Low
2019,5,Sunday,6,KPK,Mansehra,Rural Road,Average,Clear,Daylight,Van/Pickup,2,Mechanical Failure,0,1,0,0,1,0,Low
2021,11,Thursday,19,Punjab,Rahim Yar Khan,Rural Road,Poor,Clear,Street Light,Car/Taxi,2,Pedestrian Error,1,0,0,1,2,0,Low
2023,4,Thursday,7,Sindh,Mirpur Khas,National Highway,Poor,Clear,Dawn/Dusk,Car/Taxi,4,Over Speeding,1,0,0,0,4,0,Medium
2023,2,Saturday,21,Islamabad,Islamabad,National Highway,Average,Clear,No Light,Car/Taxi,1,Road Condition,0,1,0,1,2,0,Low
2021,9,Friday,18,Punjab,Rahim Yar Khan,Urban Road,Average,Extreme Heat,Daylight,Car/Taxi,1,Over Speeding,1,0,0,0,2,0,Medium
2022,4,Thursday,19,Balochistan,Quetta,National Highway,Good,Clear,Dawn/Dusk,Rickshaw,2,Signal Violation,1,0,0,0,2,0,Low
2023,12,Sunday,21,KPK,Charsadda,Provincial Highway,Good,Rainy,Street Light,Rickshaw,4,Mobile Phone Use,0,1,0,1,0,0,Low
2018,7,Tuesday,3,KPK,Charsadda,National Highway,Good,Clear,No Light,Rickshaw,3,Driver Fatigue,0,0,1,0,5,0,High
2023,12,Saturday,21,Punjab,Sialkot,Rural Road,Average,Clear,No Light,Motorcycle,3,Signal Violation,0,1,0,1,0,0,Low
2020,6,Saturday,6,Punjab,Sargodha,Provincial Highway,Average,Clear,Daylight,Bus/Coach,2,Mechanical Failure,0,1,0,0,4,2,Medium
2023,11,Tuesday,10,Balochistan,Loralai,National Highway,Good,Clear,Daylight,Truck/Lorry,2,Road Condition,0,0,0,1,3,0,Medium
2023,7,Saturday,21,Punjab,Faisalabad,Urban Road,Good,Clear,No Light,Van/Pickup,2,Over Speeding,0,1,0,0,1,0,Medium
2023,11,Saturday,13,Punjab,Sialkot,National Highway,Good,Clear,Daylight,Motorcycle,2,Wrong Overtaking,1,1,0,1,3,1,High
2018,6,Wednesday,12,Sindh,Jacobabad,Rural Road,Average,Clear,Dawn/Dusk,Car/Taxi,2,Wrong Overtaking,1,0,0,0,2,0,Low
2022,5,Saturday,11,Punjab,Bahawalpur,Rural Road,Average,Clear,Street Light,Truck/Lorry,1,Over Speeding,0,1,0,0,5,0,Medium
2020,8,Tuesday,14,KPK,Mardan,National Highway,Average,Clear,Daylight,Motorcycle,2,Signal Violation,0,0,0,0,4,0,Medium
2018,7,Sunday,11,Sindh,Kashmore,Provincial Highway,Poor,Clear,Daylight,Bus/Coach,1,Pedestrian Error,0,1,0,0,2,1,Low
2022,11,Saturday,14,Balochistan,Chaman,National Highway,Average,Clear,Daylight,Truck/Lorry,3,Over Speeding,0,1,0,1,8,0,High
2021,10,Friday,22,KPK,Mardan,National Highway,Good,Clear,No Light,Motorcycle,1,Wrong Overtaking,0,0,1,0,11,4,High
2018,8,Monday,2,Punjab,Sheikhupura,National Highway,Poor,Clear,Street Light,Other,2,Signal Violation,0,0,1,0,2,0,Medium
2021,6,Tuesday,22,Punjab,Faisalabad,National Highway,Good,Extreme Heat,No Light,Motorcycle,2,Over Speeding,0,0,1,0,7,1,High
2022,9,Sunday,19,KPK,Abbottabad,Motorway,Good,Clear,Daylight,Motorcycle,2,Pedestrian Error,1,1,0,0,7,0,High
2019,1,Thursday,16,Punjab,Bahawalpur,Rural Road,Good,Clear,Daylight,Car/Taxi,2,Signal Violation,0,0,0,1,1,1,Low
2023,5,Saturday,8,AJK,Rawalakot,Urban Road,Good,Clear,Daylight,Motorcycle,3,Drunk Driving,1,1,0,0,1,2,Medium
2022,1,Friday,14,KPK,Mansehra,Provincial Highway,Under Repair,Clear,Daylight,Van/Pickup,2,Over Speeding,0,0,0,1,5,2,Medium
2019,10,Friday,13,Punjab,Sheikhupura,Provincial Highway,Under Repair,Clear,Daylight,Car/Taxi,1,Over Speeding,1,0,0,0,2,0,Medium
2021,2,Friday,14,Balochistan,Chaman,Urban Road,Good,Clear,Daylight,Rickshaw,1,Over Speeding,0,0,0,1,5,0,Medium
2022,7,Tuesday,16,Punjab,Rahim Yar Khan,National Highway,Good,Clear,Daylight,Motorcycle,1,Road Condition,0,0,0,0,1,0,Medium
2021,12,Thursday,18,Punjab,Sialkot,Urban Road,Poor,Extreme Heat,Street Light,Motorcycle,2,Mechanical Failure,1,0,0,1,2,0,Low
2020,10,Sunday,21,KPK,Abbottabad,National Highway,Poor,Extreme Heat,No Light,Truck/Lorry,2,Road Condition,0,1,0,0,2,0,Medium
2023,5,Sunday,0,Balochistan,Khuzdar,Urban Road,Poor,Rainy,No Light,Bus/Coach,2,Over Speeding,0,1,1,0,8,0,High
2020,9,Tuesday,20,Sindh,Hyderabad,Provincial Highway,Good,Clear,Street Light,Rickshaw,2,Wrong Overtaking,1,0,0,0,1,0,Medium
2023,8,Monday,11,Punjab,Bahawalpur,Urban Road,Good,Clear,Daylight,Van/Pickup,2,Over Speeding,0,0,0,0,0,0,Low
2021,12,Tuesday,16,Punjab,Rahim Yar Khan,Urban Road,Under Repair,Clear,Street Light,Motorcycle,3,Over Speeding,0,0,0,1,7,4,High
2018,12,Wednesday,7,Punjab,Gujranwala,National Highway,Average,Dusty/Smoggy,Daylight,Motorcycle,1,Over Speeding,1,0,0,1,2,3,High
2023,8,Saturday,10,Punjab,Sheikhupura,Provincial Highway,Average,Dusty/Smoggy,Daylight,Motorcycle,2,Wrong Overtaking,0,1,0,0,9,2,High
2019,8,Saturday,8,Punjab,Gujranwala,Urban Road,Poor,Foggy,Daylight,Motorcycle,2,Pedestrian Error,1,1,0,0,5,1,Medium
2018,1,Thursday,16,Sindh,Mirpur Khas,National Highway,Good,Foggy,Daylight,Car/Taxi,2,Over Speeding,0,0,0,1,7,0,High
2019,4,Saturday,21,Balochistan,Chaman,Motorway,Good,Clear,Street Light,Car/Taxi,1,Signal Violation,0,1,0,0,2,1,Medium
2018,11,Tuesday,19,Punjab,Bahawalpur,Provincial Highway,Average,Foggy,Dawn/Dusk,Van/Pickup,2,Signal Violation,1,0,0,1,1,0,Medium
2023,3,Tuesday,8,Punjab,Faisalabad,National Highway,Good,Extreme Heat,Dawn/Dusk,Truck/Lorry,2,Drunk Driving,1,0,0,0,5,1,Medium
2022,12,Saturday,11,KPK,Charsadda,Urban Road,Good,Clear,Daylight,Car/Taxi,2,Wrong Overtaking,0,1,0,1,0,0,Low
2022,11,Thursday,22,KPK,Nowshera,Rural Road,Good,Dusty/Smoggy,No Light,Car/Taxi,2,Over Speeding,0,0,1,1,0,0,Low
2023,9,Friday,19,Islamabad,Islamabad,Provincial Highway,Good,Extreme Heat,No Light,Bus/Coach,4,Wrong Overtaking,1,0,0,0,2,0,Medium
2021,6,Tuesday,8,Punjab,Sialkot,Urban Road,Under Repair,Foggy,Daylight,Car/Taxi,2,Road Condition,1,0,0,0,0,0,Low
2021,12,Monday,14,Punjab,Rawalpindi,National Highway,Good,Foggy,Daylight,Car/Taxi,2,Road Condition,0,0,0,1,1,0,Low