year,month,day_of_week,hour_of_day,province,district,road_type,road_condition,weather_condition,lighting_condition,vehicle_type,vehicles_involved,accident_cause,is_rush_hour,is_weekend,is_night,is_foggy_month,num_injured,num_killed,severity
2019,12,Monday,14,Sindh,Mirpur Khas,Urban Road,Good,Clear,Daylight,Car/Taxi,1,Over Speeding,0,0,0,1,2,0,Medium
2022,8,Saturday,12,Sindh,Hyderabad,Provincial Highway,Average,Clear,Daylight,Motorcycle,1,Over Speeding,1,1,0,0,5,0,High
2021,8,Wednesday,16,Sindh,Dadu,National Highway,Good,Rainy,No Light,Motorcycle,4,Wrong Overtaking,0,0,0,0,3,0,High
2023,6,Saturday,5,Sindh,Mirpur Khas,Rural Road,Under Repair,Clear,Daylight,Van/Pickup,2,Road Condition,0,1,1,0,0,0,Low
2018,6,Friday,18,Punjab,Bahawalpur,Rural Road,Under Repair,Rainy,No Light,Motorcycle,1,Driver Fatigue,1,0,0,0,2,0,Medium
2022,2,Saturday,12,Sindh,Mirpur Khas,Provincial Highway,Under Repair,Clear,Dawn/Dusk,Car/Taxi,4,Road Condition,1,1,0,1,2,0,Low
2019,4,Friday,15,Sindh,Kashmore,Provincial Highway,Good,Extreme Heat,Daylight,Rickshaw,2,Over Speeding,0,0,0,0,0,0,Low
2022,5,Monday,11,Sindh,Dadu,Rural Road,Good,Dusty/Smoggy,Daylight,Car/Taxi,2,Driver Fatigue,0,0,0,0,1,0,Low
2020,3,Saturday,17,KPK,Peshawar,Rural Road,Good,Rainy,Daylight,Car/Taxi,1,Wrong Overtaking,1,1,0,0,2,0,Medium
2023,9,Sunday,19,Sindh,Nawabshah,Provincial Highway,Average,Clear,No Light,Motorcycle,2,Signal Violation,1,1,0,0,3,1,Medium
2022,10,Saturday,8,Punjab,Bahawalpur,Rural Road,Average,Dusty/Smoggy,Daylight,Motorcycle,2,Signal Violation,1,1,0,0,5,0,Medium
2023,11,Wednesday,14,Punjab,Sargodha,National Highway,Good,Foggy,Dawn/Dusk,Truck/Lorry,2,Driver Fatigue,0,0,0,1,8,1,High
2021,10,Tuesday,17,Punjab,Faisalabad,National Highway,Under Repair,Rainy,Daylight,Rickshaw,1,Road Condition,1,0,0,0,2,0,Medium
2023,9,Friday,8,Punjab,Faisalabad,Rural Road,Good,Clear,Daylight,Bicycle,3,Road Condition,1,0,0,0,2,0,Low
2018,9,Thursday,9,KPK,Dera Ismail Khan,Urban Road,Good,Clear,Daylight,Motorcycle,1,Pedestrian Error,1,0,0,0,2,0,Low
2021,10,Wednesday,21,Balochistan,Quetta,Urban Road,Good,Clear,Street Light,Rickshaw,2,Over Speeding,0,0,0,0,1,1,Medium
2018,12,Friday,14,Punjab,Lahore,Urban Road,Poor,Clear,Daylight,Bicycle,1,Signal Violation,0,0,0,1,2,1,Medium
2022,1,Friday,9,Punjab,Rawalpindi,National Highway,Poor,Clear,Daylight,Motorcycle,2,Signal Violation,1,0,0,1,5,1,High
2018,11,Friday,5,AJK,Rawalakot,Rural Road,Good,Foggy,Dawn/Dusk,Car/Taxi,2,Wrong Overtaking,0,0,1,1,2,0,Medium
2021,8,Sunday,21,Punjab,Rawalpindi,National Highway,Good,Clear,No Light,Car/Taxi,3,Signal Violation,0,1,0,0,5,0,Medium
2021,5,Thursday,19,Punjab,Bahawalpur,National Highway,Good,Clear,Dawn/Dusk,Motorcycle,2,Signal Violation,1,0,0,0,8,0,High
2022,4,Saturday,13,Punjab,Sheikhupura,Urban Road,Poor,Clear,Daylight,Motorcycle,4,Signal Violation,1,1,0,0,2,0,Medium
2018,3,Friday,14,KPK,Kohat,National Highway,Poor,Clear,Daylight,Motorcycle,2,Road Condition,0,0,0,0,5,0,Medium
2021,12,Wednesday,7,Punjab,Lahore,Rural Road,Good,Foggy,Street Light,Motorcycle,2,Mechanical Failure,1,0,0,1,4,0,Medium
2018,12,Sunday,20,Sindh,Hyderabad,Urban Road,Poor,Clear,Street Light,Motorcycle,2,Signal Violation,1,1,0,1,5,2,Medium
2018,3,Monday,8,Punjab,Multan,Urban Road,Poor,Foggy,Daylight,Rickshaw,1,Wrong Overtaking,1,0,0,0,1,0,Low
2023,8,Friday,21,Punjab,Sheikhupura,Provincial Highway,Good,Clear,No Light,Car/Taxi,1,Over Speeding,0,0,0,0,5,1,Medium
2021,7,Saturday,19,Punjab,Gujranwala,Urban Road,Average,Rainy,Dawn/Dusk,Van/Pickup,2,Driver Fatigue,1,1,0,0,5,0,Medium
2023,12,Tuesday,8,KPK,Bannu,Provincial Highway,Poor,Rainy,Daylight,Car/Taxi,4,Over Speeding,1,0,0,1,10,1,High
2022,12,Thursday,17,Sindh,Karachi,Urban Road,Poor,Clear,No Light,Car/Taxi,2,Pedestrian Error,1,0,0,1,2,0,Low
2021,8,Saturday,7,Punjab,Sheikhupura,National Highway,Good,Foggy,Dawn/Dusk,Car/Taxi,2,Over Speeding,1,1,0,0,9,1,High
2023,10,Wednesday,10,Punjab,Bahawalpur,Provincial Highway,Average,Clear,Daylight,Rickshaw,1,Wrong Overtaking,0,0,0,0,3,0,Medium
2021,10,Saturday,16,Sindh,Karachi,Rural Road,Good,Clear,Daylight,Motorcycle,3,Pedestrian Error,0,1,0,0,0,0,Low
2019,7,Wednesday,18,KPK,Nowshera,National Highway,Good,Clear,Daylight,Car/Taxi,1,Over Speeding,1,0,0,0,3,0,Medium
2022,1,Thursday,21,Punjab,Gujranwala,Provincial Highway,Poor,Rainy,Street Light,Car/Taxi,4,Road Condition,0,0,0,1,2,1,Low
2021,12,Tuesday,13,Sindh,Kashmore,National Highway,Good,Foggy,Daylight,Car/Taxi,1,Over Speeding,1,0,0,1,9,4,High
2022,5,Tuesday,7,Punjab,Bahawalpur,Provincial Highway,Good,Clear,Dawn/Dusk,Motorcycle,1,Pedestrian Error,1,0,0,0,1,0,Low
2023,9,Wednesday,16,Punjab,Multan,National Highway,Average,Clear,Daylight,Bicycle,4,Over Speeding,0,0,0,0,5,1,High
2022,12,Saturday,13,Punjab,Faisalabad,Provincial Highway,Poor,Clear,Daylight,Motorcycle,2,Mechanical Failure,1,1,0,1,4,0,Medium
2022,6,Tuesday,10,KPK,Peshawar,Provincial Highway,Good,Clear,Daylight,Motorcycle,2,Signal Violation,0,0,0,0,1,0,Medium
2023,5,Wednesday,13,Punjab,Sargodha,Rural Road,Good,Clear,Dawn/Dusk,Van/Pickup,2,Pedestrian Error,1,0,0,0,2,0,Low
2023,2,Monday,7,KPK,Peshawar,National Highway,Average,Foggy,Daylight,Car/Taxi,1,Signal Violation,1,0,0,1,3,0,Medium
2023,7,Thursday,17,KPK,Bannu,National Highway,Average,Clear,Street Light,Bus/Coach,2,Wrong Overtaking,1,0,0,0,3,0,Medium
2022,1,Saturday,15,KPK,Peshawar,National Highway,Good,Extreme Heat,No Light,Motorcycle,2,Over Speeding,0,1,0,1,6,1,High
2019,8,Tuesday,18,Punjab,Sialkot,National Highway,Good,Rainy,Daylight,Rickshaw,3,Wrong Overtaking,1,0,0,0,3,0,Medium
2023,12,Sunday,15,Punjab,Faisalabad,Rural Road,Good,Rainy,Daylight,Car/Taxi,3,Wrong Overtaking,0,1,0,1,4,0,Medium
2022,3,Friday,17,AJK,Rawalakot,Urban Road,Good,Clear,Daylight,Car/Taxi,4,Over Speeding,1,0,0,0,1,0,Low
2021,10,Wednesday,23,KPK,Mansehra,National Highway,Under Repair,Clear,Street Light,Truck/Lorry,3,Mobile Phone Use,0,0,1,0,7,3,High
2018,12,Monday,14,KPK,Mansehra,National Highway,Poor,Rainy,Dawn/Dusk,Van/Pickup,3,Wrong Overtaking,0,0,0,1,4,0,Medium
2021,2,Wednesday,18,Punjab,Gujranwala,National Highway,Good,Foggy,Daylight,Motorcycle,2,Over Speeding,1,0,0,1,11,2,High
2019,7,Monday,1,Punjab,Gujranwala,National Highway,Good,Foggy,Street Light,Truck/Lorry,2,Over Speeding,0,0,1,0,6,1,High
2018,5,Friday,23,KPK,Charsadda,National Highway,Under Repair,Foggy,No Light,Car/Taxi,1,Pedestrian Error,0,0,1,0,3,1,Medium
2020,11,Friday,14,Punjab,Sargodha,National Highway,Good,Clear,Daylight,Motorcycle,2,Drunk Driving,0,0,0,1,6,2,High
2020,2,Monday,4,Sindh,Mirpur Khas,Provincial Highway,Poor,Clear,No Light,Car/Taxi,2,Mechanical Failure,0,0,1,1,0,0,Low
2020,4,Friday,14,Sindh,Larkana,National Highway,Good,Clear,Daylight,Motorcycle,2,Mobile Phone Use,0,0,0,0,8,2,High
2023,7,Wednesday,9,Punjab,Lahore,National Highway,Average,Clear,Street Light,Motorcycle,4,Over Speeding,1,0,0,0,10,1,High
2021,10,Sunday,19,Punjab,Faisalabad,Urban Road,Good,Rainy,No Light,Rickshaw,4,Road Condition,1,1,0,0,1,0,Low
2020,2,Saturday,3,Punjab,Rahim Yar Khan,Urban Road,Good,Clear,No Light,Van/Pickup,2,Wrong Overtaking,0,1,1,1,0,0,Low
2022,11,Thursday,20,Punjab,Sargodha,Motorway,Average,Clear,No Light,Motorcycle,1,Over Speeding,1,0,0,1,11,3,High
2022,7,Sunday,19,Sindh,Kashmore,Provincial Highway,Good,Rainy,Street Light,Bus/Coach,2,Over Speeding,1,1,0,0,1,2,Medium
2023,9,Monday,2,Punjab,Lahore,Urban Road,Poor,Foggy,Street Light,Motorcycle,2,Road Condition,0,0,1,0,5,0,High
2019,6,Tuesday,10,Punjab,Sheikhupura,Urban Road,Average,Rainy,Daylight,Van/Pickup,1,Pedestrian Error,0,0,0,0,1,0,Low
2021,6,Thursday,21,Balochistan,Zhob,Urban Road,Good,Rainy,Street Light,Motorcycle,1,Wrong Overtaking,0,0,0,0,7,1,High
2022,1,Thursday,20,Sindh,Mirpur Khas,Provincial Highway,Good,Foggy,Street Light,Motorcycle,2,Wrong Overtaking,1,0,0,1,2,1,Medium
2023,2,Friday,17,Punjab,Sialkot,Motorway,Good,Foggy,No Light,Motorcycle,2,Signal Violation,1,0,0,1,5,0,High
2019,12,Thursday,19,KPK,Peshawar,Provincial Highway,Poor,Clear,Dawn/Dusk,Car/Taxi,1,Signal Violation,1,0,0,1,2,0,Low
2018,8,Thursday,22,Balochistan,Turbat,National Highway,Good,Clear,Street Light,Car/Taxi,1,Signal Violation,0,0,1,0,1,1,Medium
2020,9,Sunday,20,Punjab,Sargodha,Urban Road,Average,Foggy,No Light,Motorcycle,2,Mechanical Failure,1,1,0,0,1,0,Low
2019,8,Sunday,10,Sindh,Nawabshah,Provincial Highway,Good,Clear,Daylight,Motorcycle,1,Over Speeding,0,1,0,0,3,0,High
2018,3,Monday,18,Sindh,Jacobabad,Urban Road,Good,Foggy,Daylight,Truck/Lorry,1,Drunk Driving,1,0,0,0,7,2,High
2022,5,Sunday,20,Punjab,Sialkot,Provincial Highway,Good,Clear,No Light,Truck/Lorry,2,Mobile Phone Use,1,1,0,0,0,0,Low
2023,6,Tuesday,10,KPK,Nowshera,Urban Road,Good,Clear,Street Light,Motorcycle,2,Signal Violation,0,0,0,0,4,0,Medium
2023,9,Saturday,13,AJK,Rawalakot,Provincial Highway,Average,Clear,Daylight,Motorcycle,2,Over Speeding,1,1,0,0,4,0,Medium
2022,10,Sunday,18,Islamabad,Islamabad,Provincial Highway,Poor,Clear,Daylight,Car/Taxi,1,Driver Fatigue,1,1,0,0,2,1,Medium
2023,10,Sunday,18,Punjab,Sialkot,National Highway,Average,Clear,Daylight,Van/Pickup,3,Mobile Phone Use,1,1,0,0,5,1,Medium
2021,7,Saturday,19,Punjab,Bahawalpur,Provincial Highway,Under Repair,Foggy,Dawn/Dusk,Car/Taxi,2,Over Speeding,1,1,0,0,3,1,Medium
2021,12,Tuesday,3,Islamabad,Islamabad,National Highway,Good,Rainy,No Light,Bicycle,3,Road Condition,0,0,1,1,3,1,High
2021,11,Tuesday,7,Sindh,Jacobabad,Provincial Highway,Poor,Clear,Daylight,Rickshaw,3,Over Speeding,1,0,0,1,1,2,Medium
2023,7,Sunday,19,Punjab,Sheikhupura,Provincial Highway,Poor,Clear,Street Light,Motorcycle,2,Wrong Overtaking,1,1,0,0,3,0,High
2020,8,Sunday,6,KPK,Kohat,National Highway,Under Repair,Foggy,Daylight,Bus/Coach,2,Over Speeding,0,1,0,0,11,3,High
2019,1,Saturday,9,Punjab,Bahawalpur,Urban Road,Good,Dusty/Smoggy,Street Light,Motorcycle,3,Wrong Overtaking,1,1,0,1,4,0,Medium
2021,4,Thursday,13,Punjab,Bahawalpur,Rural Road,Poor,Rainy,Daylight,Bus/Coach,2,Wrong Overtaking,1,0,0,0,3,1,Medium
2020,5,Saturday,18,Balochistan,Chaman,Provincial Highway,Average,Foggy,Street Light,Car/Taxi,2,Over Speeding,1,1,0,0,5,0,Medium
2018,10,Tuesday,14,Punjab,Multan,National Highway,Poor,Rainy,Daylight,Car/Taxi,1,Wrong Overtaking,0,0,0,0,6,1,High
2022,7,Monday,20,Punjab,Sheikhupura,Provincial Highway,Average,Rainy,No Light,Car/Taxi,1,Over Speeding,1,0,0,0,5,2,High
2021,5,Thursday,7,Punjab,Rahim Yar Khan,Rural Road,Poor,Clear,Daylight,Car/Taxi,3,Mechanical Failure,1,0,0,0,0,0,Low
2021,10,Saturday,14,Sindh,Larkana,Motorway,Poor,Clear,Daylight,Rickshaw,2,Road Condition,0,1,0,0,1,0,Low
2019,7,Friday,16,Punjab,Sialkot,Rural Road,Average,Clear,Dawn/Dusk,Rickshaw,3,Over Speeding,0,0,0,0,2,1,Low
2018,4,Sunday,6,Sindh,Nawabshah,Provincial Highway,Good,Clear,Dawn/Dusk,Motorcycle,3,Over Speeding,0,1,0,0,2,0,High
2020,10,Saturday,11,Sindh,Hyderabad,Provincial Highway,Average,Clear,Street Light,Car/Taxi,2,Signal Violation,0,1,0,0,3,2,Medium
2023,5,Monday,1,Balochistan,Loralai,National Highway,Good,Foggy,No Light,Rickshaw,3,Wrong Overtaking,0,0,1,0,1,2,Medium
2021,2,Tuesday,16,Punjab,Sargodha,National Highway,Average,Clear,No Light,Motorcycle,3,Drunk Driving,0,0,0,1,2,1,High
2022,6,Tuesday,9,KPK,Peshawar,Rural Road,Poor,Foggy,Daylight,Truck/Lorry,2,Pedestrian Error,1,0,0,0,4,0,Medium
2023,8,Sunday,21,Punjab,Gujranwala,Urban Road,Average,Rainy,No Light,Motorcycle,2,Signal Violation,0,1,0,0,5,0,High
2022,12,Thursday,17,KPK,Bannu,Rural Road,Average,Clear,Daylight,Motorcycle,1,Mechanical Failure,1,0,0,1,0,0,Low
2022,1,Tuesday,3,Sindh,Kashmore,National Highway,Poor,Clear,No Light,Motorcycle,2,Over Speeding,0,0,1,1,8,0,High
2019,3,Friday,22,Punjab,Gujranwala,National Highway,Average,Rainy,No Light,Motorcycle,3,Driver Fatigue,0,0,1,0,4,2,High
2023,11,Thursday,18,KPK,Dera Ismail Khan,National Highway,Under Repair,Foggy,Daylight,Rickshaw,2,Over Speeding,1,0,0,1,4,2,High
2021,6,Monday,8,Punjab,Sargodha,Provincial Highway,Good,Clear,Dawn/Dusk,Bus/Coach,2,Over Speeding,1,0,0,0,5,0,Medium
2023,1,Saturday,13,Punjab,Sheikhupura,Provincial Highway,Poor,Clear,Daylight,Motorcycle,2,Mechanical Failure,1,1,0,1,2,0,Low
2021,7,Sunday,19,Punjab,Lahore,Rural Road,Good,Clear,Dawn/Dusk,Bus/Coach,2,Driver Fatigue,1,1,0,0,3,0,Medium
2022,3,Wednesday,20,Sindh,Dadu,National Highway,Average,Rainy,No Light,Car/Taxi,2,Signal Violation,1,0,0,0,5,0,Medium
2021,2,Saturday,8,Punjab,Multan,Provincial Highway,Poor,Foggy,Daylight,Motorcycle,2,Wrong Overtaking,1,1,0,1,3,0,Medium
2023,8,Friday,5,Punjab,Lahore,Urban Road,Good,Rainy,No Light,Bus/Coach,2,Driver Fatigue,0,0,1,0,5,1,Medium
2023,3,Wednesday,9,Punjab,Bahawalpur,Urban Road,Average,Clear,Street Light,Motorcycle,2,Mechanical Failure,1,0,0,0,1,0,Low
2020,2,Tuesday,19,Sindh,Sukkur,Motorway,Average,Foggy,Dawn/Dusk,Motorcycle,2,Mechanical Failure,1,0,0,1,3,1,Medium
2020,11,Tuesday,18,Sindh,Thatta,Rural Road,Good,Clear,Daylight,Car/Taxi,1,Over Speeding,1,0,0,1,1,1,Medium
2019,12,Saturday,7,Punjab,Sialkot,National Highway,Under Repair,Clear,Daylight,Motorcycle,2,Over Speeding,1,1,0,1,9,2,High
2021,1,Saturday,20,Punjab,Sialkot,Provincial Highway,Good,Clear,Street Light,Car/Taxi,2,Road Condition,1,1,0,1,0,0,Low
2020,10,Thursday,9,Sindh,Thatta,Urban Road,Poor,Extreme Heat,Daylight,Bus/Coach,2,Over Speeding,1,0,0,0,1,0,Medium
2022,12,Monday,0,KPK,Bannu,Provincial Highway,Average,Foggy,No Light,Truck/Lorry,3,Wrong Overtaking,0,0,1,1,9,0,High
2022,8,Friday,22,KPK,Charsadda,Provincial Highway,Average,Clear,No Light,Rickshaw,2,Signal Violation,0,0,1,0,2,0,Medium
2022,4,Friday,9,Balochistan,Loralai,National Highway,Under Repair,Foggy,Daylight,Car/Taxi,3,Mechanical Failure,1,0,0,0,2,0,Low
2018,1,Friday,14,Punjab,Rawalpindi,National Highway,Good,Clear,Daylight,Car/Taxi,1,Over Speeding,0,0,0,1,3,1,Medium
2022,5,Sunday,2,Islamabad,Islamabad,Urban Road,Good,Clear,No Light,Bus/Coach,1,Pedestrian Error,0,1,1,0,5,0,Medium
2023,9,Sunday,8,Punjab,Multan,Motorway,Good,Dusty/Smoggy,Dawn/Dusk,Motorcycle,3,Over Speeding,1,1,0,0,8,0,High
2022,5,Wednesday,20,Gilgit-Baltistan,Gilgit,Rural Road,Good,Clear,No Light,Car/Taxi,2,Road Condition,1,0,0,0,1,0,Low
2021,1,Tuesday,17,Punjab,Multan,Rural Road,Poor,Rainy,Daylight,Rickshaw,4,Over Speeding,1,0,0,1,3,1,Medium
2021,12,Wednesday,4,Sindh,Thatta,Motorway,Average,Clear,No Light,Motorcycle,2,Over Speeding,0,0,1,1,11,1,High
2023,8,Thursday,6,Punjab,Sialkot,National Highway,Poor,Clear,Daylight,Motorcycle,1,Drunk Driving,0,0,0,0,7,1,High
2021,5,Tuesday,13,Punjab,Gujranwala,Provincial Highway,Under Repair,Foggy,Daylight,Motorcycle,2,Wrong Overtaking,1,0,0,0,6,2,High
2018,4,Friday,19,Balochistan,Loralai,National Highway,Poor,Foggy,Street Light,Car/Taxi,2,Signal Violation,1,0,0,0,10,0,High
2023,9,Friday,19,KPK,Peshawar,Provincial Highway,Good,Rainy,No Light,Car/Taxi,1,Over Speeding,1,0,0,0,2,0,Medium
2021,8,Friday,13,Gilgit-Baltistan,Skardu,National Highway,Poor,Foggy,Daylight,Van/Pickup,2,Over Speeding,1,0,0,0,5,1,High
2019,11,Sunday,17,Sindh,Sukkur,Urban Road,Poor,Clear,Daylight,Motorcycle,1,Mobile Phone Use,1,1,0,1,2,0,Medium
2022,11,Friday,9,Sindh,Mirpur Khas,Provincial Highway,Poor,Dusty/Smoggy,Daylight,Car/Taxi,2,Signal Violation,1,0,0,1,1,1,Low
2023,11,Sunday,1,Punjab,Multan,Rural Road,Under Repair,Rainy,Street Light,Motorcycle,2,Over Speeding,0,1,1,1,5,2,High
2018,3,Wednesday,19,Gilgit-Baltistan,Hunza,National Highway,Average,Clear,Dawn/Dusk,Motorcycle,2,Signal Violation,1,0,0,0,5,0,Medium
2018,7,Saturday,8,Sindh,Sukkur,Provincial Highway,Average,Dusty/Smoggy,Daylight,Car/Taxi,2,Over Speeding,1,1,0,0,0,0,Low
2023,1,Tuesday,14,KPK,Bannu,National Highway,Average,Clear,Daylight,Car/Taxi,4,Wrong Overtaking,0,0,0,1,5,0,Medium
2023,2,Sunday,10,Punjab,Gujranwala,Provincial Highway,Average,Clear,Daylight,Bus/Coach,2,Pedestrian Error,0,1,0,1,1,0,Low
2020,10,Monday,20,Sindh,Sukkur,National Highway,Poor,Clear,Street Light,Bus/Coach,2,Drunk Driving,1,0,0,0,8,1,High
2019,6,Wednesday,14,Islamabad,Islamabad,Rural Road,Good,Rainy,Street Light,Motorcycle,4,Wrong Overtaking,0,0,0,0,4,0,Medium
2023,2,Sunday,19,Punjab,Gujranwala,Motorway,Average,Clear,Dawn/Dusk,Rickshaw,1,Drunk Driving,1,1,0,1,5,0,Medium
2023,10,Sunday,11,Punjab,Sheikhupura,Urban Road,Poor,Clear,Daylight,Motorcycle,3,Driver Fatigue,0,1,0,0,4,2,Medium
2019,3,Saturday,12,Punjab,Rawalpindi,Provincial Highway,Under Repair,Clear,Daylight,Motorcycle,2,Signal Violation,1,1,0,0,1,0,Medium
2021,11,Sunday,19,KPK,Kohat,Provincial Highway,Good,Clear,Dawn/Dusk,Van/Pickup,3,Pedestrian Error,1,1,0,1,0,0,Low
2022,3,Sunday,14,Punjab,Faisalabad,Provincial Highway,Average,Clear,Daylight,Car/Taxi,4,Over Speeding,0,1,0,0,2,0,Low
2019,7,Thursday,19,Punjab,Bahawalpur,Provincial Highway,Poor,Clear,No Light,Motorcycle,2,Pedestrian Error,1,0,0,0,4,0,Medium
2022,9,Wednesday,22,Punjab,Sialkot,Provincial Highway,Good,Clear,No Light,Truck/Lorry,3,Driver Fatigue,0,0,1,0,3,1,Medium
2022,7,Tuesday,21,Sindh,Thatta,Motorway,Poor,Clear,No Light,Motorcycle,3,Over Speeding,0,0,0,0,3,2,High
2023,1,Sunday,11,Punjab,Lahore,Provincial Highway,Under Repair,Extreme Heat,Daylight,Motorcycle,2,Pedestrian Error,0,1,0,1,4,1,Medium
2018,4,Sunday,20,Punjab,Faisalabad,Urban Road,Average,Clear,No Light,Truck/Lorry,2,Signal Violation,1,1,0,0,3,0,Medium
2020,6,Monday,18,Islamabad,Islamabad,Urban Road,Average,Clear,Daylight,Rickshaw,4,Over Speeding,1,0,0,0,0,0,Low
2020,9,Friday,20,Islamabad,Islamabad,Motorway,Good,Clear,No Light,Motorcycle,1,Driver Fatigue,1,0,0,0,11,1,High
2021,2,Thursday,14,Punjab,Sargodha,National Highway,Good,Clear,Daylight,Bus/Coach,2,Over Speeding,0,0,0,1,8,1,High
2023,8,Tuesday,5,KPK,Nowshera,National Highway,Good,Clear,Street Light,Motorcycle,2,Mobile Phone Use,0,0,1,0,1,0,Medium
2018,6,Wednesday,15,Sindh,Dadu,Urban Road,Poor,Extreme Heat,Daylight,Car/Taxi,2,Over Speeding,0,0,0,0,2,1,Medium
2019,6,Saturday,9,Punjab,Sialkot,Provincial Highway,Good,Foggy,Daylight,Motorcycle,2,Mobile Phone Use,1,1,0,0,1,0,Medium
2020,4,Thursday,13,Punjab,Sargodha,Urban Road,Good,Foggy,Daylight,Motorcycle,2,Wrong Overtaking,1,0,0,0,4,0,High
2022,4,Wednesday,23,Sindh,Larkana,Provincial Highway,Poor,Clear,Street Light,Bus/Coach,2,Mechanical Failure,0,0,1,0,1,0,Low
2023,6,Sunday,21,Punjab,Faisalabad,Urban Road,Good,Foggy,No Light,Car/Taxi,2,Driver Fatigue,0,1,0,0,1,0,Medium
2019,8,Monday,13,Punjab,Sheikhupura,Rural Road,Good,Clear,Daylight,Car/Taxi,2,Mobile Phone Use,1,0,0,0,0,0,Low
2023,12,Saturday,18,KPK,Peshawar,Provincial Highway,Average,Clear,Dawn/Dusk,Car/Taxi,1,Signal Violation,1,1,0,1,0,0,Low
2022,11,Saturday,10,Sindh,Nawabshah,National Highway,Poor,Rainy,Dawn/Dusk,Bus/Coach,1,Pedestrian Error,0,1,0,1,2,2,Medium
2019,11,Monday,7,Sindh,Kashmore,National Highway,Average,Clear,Daylight,Truck/Lorry,2,Mechanical Failure,1,0,0,1,1,2,Medium
2018,7,Tuesday,0,Punjab,Sheikhupura,National Highway,Average,Clear,No Light,Motorcycle,2,Over Speeding,0,0,1,0,4,1,High
2018,12,Wednesday,21,Sindh,Kashmore,Rural Road,Good,Rainy,No Light,Rickshaw,1,Over Speeding,0,0,0,1,2,0,Medium
2019,2,Monday,13,Punjab,Rahim Yar Khan,Urban Road,Poor,Clear,Street Light,Truck/Lorry,2,Road Condition,1,0,0,1,1,0,Low
2023,9,Tuesday,20,Sindh,Hyderabad,Provincial Highway,Good,Clear,Street Light,Car/Taxi,1,Over Speeding,1,0,0,0,4,0,Medium
2020,3,Saturday,13,KPK,Mardan,Provincial Highway,Average,Dusty/Smoggy,Daylight,Motorcycle,1,Over Speeding,1,1,0,0,5,0,Medium
2018,11,Wednesday,19,KPK,Bannu,National Highway,Poor,Rainy,Dawn/Dusk,Motorcycle,1,Drunk Driving,1,0,0,1,2,1,High
2020,8,Friday,9,Punjab,Rahim Yar Khan,National Highway,Good,Foggy,Daylight,Motorcycle,2,Over Speeding,1,0,0,0,10,1,High
2020,11,Wednesday,6,KPK,Dera Ismail Khan,Provincial Highway,Good,Clear,Daylight,Motorcycle,2,Road Condition,0,0,0,1,2,0,Medium
2020,3,Thursday,0,Islamabad,Islamabad,National Highway,Average,Clear,Street Light,Bus/Coach,2,Over Speeding,0,0,1,0,3,2,High
2023,2,Monday,16,Sindh,Dadu,Provincial Highway,Good,Clear,Daylight,Bus/Coach,2,Over Speeding,0,0,0,1,1,0,Medium
2021,5,Tuesday,21,Punjab,Multan,Provincial Highway,Good,Rainy,Street Light,Bicycle,4,Over Speeding,0,0,0,0,3,2,High
2018,2,Sunday,0,KPK,Charsadda,Motorway,Poor,Clear,No Light,Motorcycle,3,Over Speeding,0,1,1,1,6,2,High
2020,12,Monday,8,Punjab,Bahawalpur,Provincial Highway,Good,Rainy,Daylight,Rickshaw,1,Road Condition,1,0,0,1,0,0,Low
2022,11,Tuesday,6,Balochistan,Turbat,Urban Road,Poor,Clear,Daylight,Car/Taxi,4,Over Speeding,0,0,0,1,2,0,Low
2020,4,Thursday,19,Sindh,Larkana,Rural Road,Poor,Extreme Heat,Dawn/Dusk,Truck/Lorry,2,Road Condition,1,0,0,0,0,0,Low
2022,2,Tuesday,14,Punjab,Sialkot,Rural Road,Average,Clear,Daylight,Van/Pickup,2,Over Speeding,0,0,0,1,0,0,Low
2021,12,Saturday,18,Punjab,Multan,Urban Road,Good,Clear,Dawn/Dusk,Car/Taxi,3,Over Speeding,1,1,0,1,4,0,Medium
2022,6,Monday,18,Punjab,Sargodha,Provincial Highway,Poor,Clear,Daylight,Motorcycle,1,Over Speeding,1,0,0,0,9,0,High
2023,12,Friday,0,Balochistan,Dera Bugti,Provincial Highway,Good,Foggy,Street Light,Motorcycle,1,Over Speeding,0,0,1,1,6,1,High
2021,12,Wednesday,10,Punjab,Gujranwala,Provincial Highway,Average,Clear,Daylight,Bus/Coach,1,Over Speeding,0,0,0,1,5,0,Medium
2021,9,Sunday,6,Sindh,Larkana,National Highway,Good,Clear,Dawn/Dusk,Motorcycle,2,Over Speeding,0,1,0,0,8,3,High
2023,12,Wednesday,12,Islamabad,Islamabad,National Highway,Average,Clear,Daylight,Rickshaw,2,Driver Fatigue,1,0,0,1,2,0,Medium
2023,4,Saturday,8,Punjab,Sialkot,Provincial Highway,Average,Foggy,Daylight,Rickshaw,3,Wrong Overtaking,1,1,0,0,2,0,Low
2022,2,Sunday,8,Sindh,Nawabshah,National Highway,Poor,Rainy,Daylight,Motorcycle,1,Over Speeding,1,1,0,1,11,1,High
2019,3,Wednesday,22,Sindh,Mirpur Khas,Urban Road,Good,Clear,No Light,Motorcycle,1,Road Condition,0,0,1,0,1,0,Medium
2021,7,Saturday,9,Sindh,Nawabshah,Urban Road,Good,Clear,Daylight,Motorcycle,3,Pedestrian Error,1,1,0,0,2,1,Low
2018,5,Tuesday,19,Punjab,Gujranwala,Rural Road,Good,Foggy,No Light,Van/Pickup,1,Drunk Driving,1,0,0,0,2,0,Medium