year,month,day_of_week,hour_of_day,province,district,road_type,road_condition,weather_condition,lighting_condition,vehicle_type,vehicles_involved,accident_cause,is_rush_hour,is_weekend,is_night,is_foggy_month,num_injured,num_killed,severity
2020,1,Sunday,21,Punjab,Sargodha,National Highway,Poor,Dusty/Smoggy,Street Light,Motorcycle,1,Signal Violation,0,1,0,1,4,1,High
2018,7,Thursday,10,Sindh,Mirpur Khas,Rural Road,Average,Clear,Daylight,Rickshaw,1,Over Speeding,0,0,0,0,1,0,Medium
2022,11,Saturday,23,Islamabad,Islamabad,Rural Road,Poor,Foggy,No Light,Rickshaw,2,Over Speeding,0,1,1,1,5,0,Medium
2019,2,Friday,19,Punjab,Multan,Provincial Highway,Average,Rainy,Street Light,Bus/Coach,1,Pedestrian Error,1,0,0,1,4,0,Medium
2021,10,Wednesday,19,Punjab,Sheikhupura,Provincial Highway,Good,Clear,No Light,Rickshaw,2,Over Speeding,1,0,0,0,5,0,Medium
2023,8,Saturday,6,Punjab,Gujranwala,Rural Road,Under Repair,Rainy,Street Light,Car/Taxi,1,Wrong Overtaking,0,1,0,0,4,0,Medium
2020,4,Wednesday,0,KPK,Mansehra,Rural Road,Good,Foggy,Street Light,Motorcycle,4,Mechanical Failure,0,0,1,0,5,0,Medium
2019,7,Friday,17,Punjab,Faisalabad,National Highway,Average,Clear,Daylight,Rickshaw,2,Over Speeding,1,0,0,0,3,1,Medium
2023,2,Monday,8,Balochistan,Quetta,Urban Road,Average,Clear,Daylight,Motorcycle,3,Over Speeding,1,0,0,1,1,2,Medium
2019,7,Tuesday,14,Punjab,Rawalpindi,Provincial Highway,Good,Clear,Street Light,Van/Pickup,1,Pedestrian Error,0,0,0,0,2,1,Low
2021,12,Friday,11,Islamabad,Islamabad,Provincial Highway,Good,Clear,Dawn/Dusk,Car/Taxi,2,Signal Violation,0,0,0,1,2,1,Low
2022,10,Monday,19,Sindh,Jacobabad,National Highway,Average,Clear,Dawn/Dusk,Car/Taxi,2,Over Speeding,1,0,0,0,5,1,High
2022,6,Saturday,3,Sindh,Karachi,Provincial Highway,Good,Clear,No Light,Rickshaw,1,Road Condition,0,1,1,0,5,0,Medium
2022,10,Saturday,6,Punjab,Lahore,National Highway,Average,Foggy,Daylight,Motorcycle,3,Over Speeding,0,1,0,0,2,2,High
2019,10,Tuesday,15,KPK,Charsadda,Rural Road,Average,Clear,Daylight,Bus/Coach,1,Over Speeding,0,0,0,0,4,0,Medium
2022,7,Friday,20,Punjab,Rawalpindi,Provincial Highway,Poor,Extreme Heat,Street Light,Truck/Lorry,1,Over Speeding,1,0,0,0,8,0,High
2022,6,Thursday,19,Punjab,Faisalabad,Rural Road,Average,Clear,No Light,Car/Taxi,2,Wrong Overtaking,1,0,0,0,2,0,Low
2022,2,Saturday,18,Punjab,Bahawalpur,National Highway,Poor,Clear,Daylight,Car/Taxi,1,Signal Violation,1,1,0,1,2,0,Low
2023,8,Saturday,14,Balochistan,Dera Bugti,Rural Road,Good,Rainy,Daylight,Motorcycle,2,Signal Violation,0,1,0,0,5,0,Medium
2018,12,Saturday,12,KPK,Mardan,National Highway,Good,Rainy,Daylight,Truck/Lorry,1,Mobile Phone Use,1,1,0,1,5,0,High
2018,4,Saturday,12,Sindh,Kashmore,National Highway,Average,Rainy,No Light,Motorcycle,1,Signal Violation,1,1,0,0,2,2,High
2023,10,Saturday,19,Sindh,Jacobabad,Motorway,Good,Clear,Street Light,Motorcycle,2,Over Speeding,1,1,0,0,4,1,High
2018,11,Tuesday,5,Punjab,Sargodha,National Highway,Average,Clear,Street Light,Motorcycle,1,Drunk Driving,0,0,1,1,2,4,High
2023,5,Tuesday,9,Balochistan,Dera Bugti,National Highway,Poor,Foggy,Daylight,Van/Pickup,1,Mechanical Failure,1,0,0,0,3,0,Medium
2022,8,Sunday,2,KPK,Mansehra,National Highway,Good,Clear,Street Light,Motorcycle,2,Over Speeding,0,1,1,0,4,1,High
2022,7,Friday,7,Sindh,Karachi,National Highway,Average,Foggy,Daylight,Motorcycle,3,Over Speeding,1,0,0,0,6,1,High
2020,11,Sunday,16,Sindh,Karachi,National Highway,Poor,Clear,Daylight,Rickshaw,2,Mechanical Failure,0,1,0,1,3,0,Medium
2021,10,Sunday,19,Islamabad,Islamabad,Motorway,Average,Foggy,Street Light,Car/Taxi,1,Mobile Phone Use,1,1,0,0,4,0,Medium
2023,6,Friday,14,Balochistan,Khuzdar,Provincial Highway,Average,Clear,Daylight,Rickshaw,4,Over Speeding,0,0,0,0,0,0,Low
2021,11,Sunday,16,Sindh,Larkana,Motorway,Good,Foggy,Daylight,Car/Taxi,3,Road Condition,0,1,0,1,0,0,Low
2018,6,Wednesday,20,Punjab,Sheikhupura,Rural Road,Poor,Rainy,No Light,Bus/Coach,2,Road Condition,1,0,0,0,0,0,Low
2023,4,Tuesday,9,Sindh,Jacobabad,Urban Road,Poor,Clear,Daylight,Truck/Lorry,3,Road Condition,1,0,0,0,0,0,Low
2021,11,Saturday,18,Sindh,Karachi,National Highway,Good,Clear,Daylight,Motorcycle,1,Over Speeding,1,1,0,1,3,2,High
2018,12,Thursday,12,Punjab,Multan,Urban Road,Good,Rainy,Daylight,Motorcycle,2,Over Speeding,1,0,0,1,3,2,High
2019,2,Tuesday,15,Punjab,Sialkot,Provincial Highway,Good,Clear,Daylight,Van/Pickup,1,Mechanical Failure,0,0,0,1,2,0,Low
2018,2,Sunday,1,Punjab,Sialkot,Rural Road,Under Repair,Rainy,No Light,Motorcycle,3,Driver Fatigue,0,1,1,1,10,1,High
2022,12,Friday,21,Sindh,Jacobabad,Urban Road,Poor,Clear,Street Light,Car/Taxi,2,Signal Violation,0,0,0,1,0,0,Low
2018,8,Saturday,7,Sindh,Dadu,National Highway,Average,Clear,Daylight,Car/Taxi,2,Wrong Overtaking,1,1,0,0,1,0,Medium
2018,5,Wednesday,11,Punjab,Sialkot,Urban Road,Average,Dusty/Smoggy,Daylight,Van/Pickup,2,Signal Violation,0,0,0,0,1,0,Low
2023,10,Friday,22,KPK,Peshawar,Provincial Highway,Good,Extreme Heat,Street Light,Motorcycle,3,Over Speeding,0,0,1,0,11,2,High
2020,12,Thursday,16,Sindh,Sukkur,Urban Road,Average,Clear,Daylight,Car/Taxi,1,Wrong Overtaking,0,0,0,1,1,0,Low
2023,6,Sunday,13,Punjab,Lahore,National Highway,Poor,Rainy,No Light,Bus/Coach,1,Wrong Overtaking,1,1,0,0,8,2,High
2020,1,Thursday,2,Punjab,Sialkot,Motorway,Good,Dusty/Smoggy,Street Light,Motorcycle,4,Road Condition,0,0,1,1,7,1,High
2023,9,Tuesday,14,Balochistan,Loralai,Urban Road,Good,Rainy,No Light,Motorcycle,2,Over Speeding,0,0,0,0,4,1,High
2021,5,Monday,16,KPK,Abbottabad,Provincial Highway,Poor,Clear,Daylight,Motorcycle,2,Pedestrian Error,0,0,0,0,0,0,Low
2019,2,Monday,12,Punjab,Rahim Yar Khan,Urban Road,Average,Rainy,Street Light,Rickshaw,4,Pedestrian Error,1,0,0,1,2,0,Low
2023,3,Saturday,11,Islamabad,Islamabad,Provincial Highway,Good,Rainy,Dawn/Dusk,Bus/Coach,2,Wrong Overtaking,0,1,0,0,5,1,High
2021,4,Friday,17,Punjab,Sheikhupura,Rural Road,Good,Foggy,Dawn/Dusk,Motorcycle,1,Driver Fatigue,1,0,0,0,3,2,High
2022,1,Monday,23,Islamabad,Islamabad,Rural Road,Average,Clear,No Light,Truck/Lorry,2,Over Speeding,0,0,1,1,2,0,Medium
2021,12,Saturday,1,Punjab,Lahore,Rural Road,Average,Clear,No Light,Car/Taxi,3,Over Speeding,0,1,1,1,2,0,Low
2022,5,Sunday,7,Punjab,Lahore,Provincial Highway,Average,Foggy,Daylight,Motorcycle,2,Weather Condition,1,1,0,0,3,0,Medium
2018,12,Thursday,21,Sindh,Jacobabad,National Highway,Good,Dusty/Smoggy,No Light,Car/Taxi,4,Signal Violation,0,0,0,1,1,0,Low
2018,5,Friday,5,Punjab,Gujranwala,Urban Road,Good,Clear,Street Light,Motorcycle,1,Road Condition,0,0,1,0,1,0,Low
2020,6,Monday,18,Sindh,Mirpur Khas,Urban Road,Average,Clear,Daylight,Motorcycle,2,Signal Violation,1,0,0,0,5,0,Medium
2018,5,Sunday,13,KPK,Kohat,National Highway,Poor,Rainy,Daylight,Motorcycle,1,Over Speeding,1,1,0,0,6,0,High
2022,11,Thursday,9,Balochistan,Hub,Rural Road,Poor,Dusty/Smoggy,Daylight,Car/Taxi,2,Over Speeding,1,0,0,1,2,0,Low
2022,5,Wednesday,23,Punjab,Faisalabad,National Highway,Average,Dusty/Smoggy,No Light,Car/Taxi,2,Over Speeding,0,0,1,0,7,2,High
2022,6,Saturday,17,Sindh,Karachi,National Highway,Good,Foggy,Daylight,Truck/Lorry,1,Mechanical Failure,1,1,0,0,4,0,Medium
2020,2,Monday,4,Punjab,Gujranwala,Urban Road,Good,Rainy,No Light,Motorcycle,3,Wrong Overtaking,0,0,1,1,5,1,High
2019,4,Wednesday,9,Punjab,Rahim Yar Khan,Rural Road,Good,Foggy,Street Light,Car/Taxi,2,Over Speeding,1,0,0,0,0,0,Low
2021,6,Friday,12,Sindh,Dadu,Urban Road,Good,Foggy,Dawn/Dusk,Car/Taxi,1,Over Speeding,1,0,0,0,2,1,Medium
2023,1,Thursday,14,Punjab,Bahawalpur,Rural Road,Under Repair,Foggy,Daylight,Motorcycle,2,Wrong Overtaking,0,0,0,1,8,0,High
2018,5,Wednesday,16,KPK,Bannu,Rural Road,Poor,Dusty/Smoggy,Street Light,Motorcycle,2,Road Condition,0,0,0,0,1,0,Low
2021,1,Friday,12,Sindh,Sukkur,Provincial Highway,Average,Clear,Daylight,Truck/Lorry,2,Over Speeding,1,0,0,1,1,0,Medium
2023,3,Tuesday,0,Punjab,Faisalabad,Urban Road,Good,Rainy,No Light,Car/Taxi,1,Pedestrian Error,0,0,1,0,0,0,Low
2023,6,Saturday,11,Sindh,Mirpur Khas,Provincial Highway,Under Repair,Clear,Daylight,Motorcycle,2,Pedestrian Error,0,1,0,0,5,1,Medium
2019,2,Friday,22,Punjab,Sargodha,Rural Road,Poor,Clear,No Light,Motorcycle,2,Signal Violation,0,0,1,1,10,1,High
2022,9,Saturday,21,Sindh,Larkana,Rural Road,Average,Rainy,No Light,Truck/Lorry,4,Road Condition,0,1,0,0,0,0,Low
2022,11,Saturday,18,KPK,Mardan,Provincial Highway,Average,Foggy,Daylight,Bus/Coach,3,Driver Fatigue,1,1,0,1,4,1,High
2020,8,Friday,5,Sindh,Dadu,Urban Road,Average,Extreme Heat,Daylight,Motorcycle,3,Road Condition,0,0,1,0,2,0,Low
2018,12,Friday,12,Punjab,Sialkot,Provincial Highway,Good,Clear,Daylight,Motorcycle,2,Over Speeding,1,0,0,1,3,0,Medium
2019,6,Sunday,13,KPK,Abbottabad,Urban Road,Average,Clear,Daylight,Motorcycle,3,Road Condition,1,1,0,0,2,0,Low
2018,10,Wednesday,18,Punjab,Lahore,Provincial Highway,Under Repair,Foggy,Daylight,Car/Taxi,1,Over Speeding,1,0,0,0,2,2,Medium
2021,6,Friday,18,KPK,Peshawar,National Highway,Average,Dusty/Smoggy,Dawn/Dusk,Car/Taxi,4,Over Speeding,1,0,0,0,1,0,Medium
2020,5,Sunday,13,Sindh,Thatta,Rural Road,Average,Clear,Daylight,Bus/Coach,2,Weather Condition,1,1,0,0,1,0,Low
2021,3,Friday,8,Sindh,Larkana,National Highway,Average,Clear,Dawn/Dusk,Van/Pickup,4,Over Speeding,1,0,0,0,1,1,Medium
2023,10,Tuesday,15,Balochistan,Sibi,Provincial Highway,Average,Extreme Heat,Daylight,Car/Taxi,3,Signal Violation,0,0,0,0,2,0,Low
2018,2,Thursday,18,KPK,Kohat,Motorway,Poor,Clear,Daylight,Motorcycle,2,Over Speeding,1,0,0,1,2,2,High
2022,6,Sunday,8,Punjab,Gujranwala,National Highway,Average,Clear,Daylight,Truck/Lorry,2,Mechanical Failure,1,1,0,0,3,0,Medium
2023,5,Tuesday,11,Punjab,Bahawalpur,Rural Road,Good,Clear,Daylight,Truck/Lorry,1,Wrong Overtaking,0,0,0,0,0,0,Low
2018,6,Saturday,17,Balochistan,Loralai,National Highway,Good,Clear,Daylight,Truck/Lorry,2,Over Speeding,1,1,0,0,8,2,High
2022,11,Wednesday,20,Punjab,Bahawalpur,Urban Road,Average,Clear,Street Light,Car/Taxi,2,Pedestrian Error,1,0,0,1,2,1,Low
2022,7,Sunday,21,Sindh,Larkana,Provincial Highway,Good,Foggy,No Light,Motorcycle,2,Road Condition,0,1,0,0,3,1,Medium
2022,1,Monday,21,KPK,Dera Ismail Khan,National Highway,Under Repair,Clear,Street Light,Van/Pickup,2,Mechanical Failure,0,0,0,1,0,0,Low
2021,7,Saturday,11,Sindh,Hyderabad,Urban Road,Average,Clear,Dawn/Dusk,Rickshaw,2,Signal Violation,0,1,0,0,2,0,Low
2023,8,Tuesday,15,KPK,Mansehra,National Highway,Average,Clear,Daylight,Motorcycle,2,Driver Fatigue,0,0,0,0,2,2,High
2021,11,Thursday,13,KPK,Nowshera,Urban Road,Good,Foggy,Daylight,Motorcycle,1,Signal Violation,1,0,0,1,3,1,Medium
2022,9,Tuesday,13,KPK,Mansehra,Provincial Highway,Poor,Clear,Daylight,Motorcycle,4,Driver Fatigue,1,0,0,0,7,3,High
2019,7,Tuesday,17,KPK,Abbottabad,National Highway,Average,Extreme Heat,Daylight,Motorcycle,3,Signal Violation,1,0,0,0,6,1,High
2022,6,Saturday,9,Sindh,Sukkur,Provincial Highway,Under Repair,Clear,No Light,Bus/Coach,3,Over Speeding,1,1,0,0,3,0,Medium
2023,2,Thursday,19,Punjab,Gujranwala,Urban Road,Good,Clear,Street Light,Motorcycle,2,Wrong Overtaking,1,0,0,1,1,1,Medium
2018,9,Friday,10,Sindh,Jacobabad,National Highway,Poor,Clear,Daylight,Motorcycle,1,Over Speeding,0,0,0,0,6,3,High
2020,12,Monday,4,KPK,Mardan,Rural Road,Poor,Clear,No Light,Motorcycle,2,Mechanical Failure,0,0,1,1,4,2,Medium
2018,5,Thursday,11,Balochistan,Gwadar,Urban Road,Poor,Foggy,Daylight,Truck/Lorry,3,Drunk Driving,0,0,0,0,1,0,Medium
2021,10,Sunday,20,Punjab,Bahawalpur,Rural Road,Average,Extreme Heat,Street Light,Motorcycle,1,Pedestrian Error,1,1,0,0,2,0,Low
2021,6,Thursday,12,Punjab,Rawalpindi,Rural Road,Average,Dusty/Smoggy,Dawn/Dusk,Motorcycle,2,Wrong Overtaking,1,0,0,0,0,0,Low
2020,10,Thursday,14,Islamabad,Islamabad,Motorway,Poor,Rainy,Daylight,Motorcycle,4,Over Speeding,0,0,0,0,8,1,High
2020,5,Friday,7,Sindh,Jacobabad,Provincial Highway,Poor,Rainy,Daylight,Motorcycle,3,Over Speeding,1,0,0,0,2,4,High
2023,3,Monday,23,Punjab,Rahim Yar Khan,Provincial Highway,Poor,Clear,Street Light,Car/Taxi,2,Over Speeding,0,0,1,0,3,0,Medium
2019,5,Monday,16,KPK,Abbottabad,Rural Road,Good,Rainy,Daylight,Bicycle,1,Wrong Overtaking,0,0,0,0,3,0,Medium
2020,12,Sunday,13,Gilgit-Baltistan,Hunza,Urban Road,Under Repair,Clear,No Light,Car/Taxi,2,Wrong Overtaking,1,1,0,1,0,0,Low
2019,11,Sunday,21,KPK,Peshawar,Provincial Highway,Good,Clear,No Light,Motorcycle,2,Signal Violation,0,1,0,1,3,0,Medium
2019,8,Saturday,16,KPK,Swat,Rural Road,Good,Clear,Daylight,Motorcycle,3,Wrong Overtaking,0,1,0,0,3,2,Medium
2023,6,Monday,21,Punjab,Sargodha,National Highway,Poor,Clear,Street Light,Motorcycle,1,Road Condition,0,0,0,0,1,0,Medium
2023,5,Saturday,15,Balochistan,Hub,Rural Road,Under Repair,Clear,Daylight,Car/Taxi,2,Wrong Overtaking,0,1,0,0,0,1,Low
2022,7,Saturday,16,Sindh,Sukkur,Rural Road,Under Repair,Foggy,Daylight,Car/Taxi,3,Road Condition,0,1,0,0,2,0,Low
2023,8,Saturday,19,Balochistan,Turbat,Provincial Highway,Good,Foggy,Dawn/Dusk,Rickshaw,2,Signal Violation,1,1,0,0,0,0,Low
2019,7,Saturday,20,Punjab,Sheikhupura,Provincial Highway,Average,Clear,No Light,Car/Taxi,1,Road Condition,1,1,0,0,1,0,Low
2020,5,Saturday,23,Punjab,Rahim Yar Khan,Rural Road,Good,Clear,Street Light,Car/Taxi,2,Mobile Phone Use,0,1,1,0,2,0,Low
2022,11,Sunday,20,Sindh,Nawabshah,Provincial Highway,Average,Foggy,No Light,Motorcycle,1,Mechanical Failure,1,1,0,1,4,1,Medium
2021,8,Monday,7,Punjab,Rahim Yar Khan,Urban Road,Good,Clear,Daylight,Motorcycle,1,Mobile Phone Use,1,0,0,0,2,0,Low
2018,12,Monday,9,KPK,Peshawar,Urban Road,Good,Clear,Daylight,Motorcycle,4,Road Condition,1,0,0,1,2,0,Low
2018,11,Thursday,5,Islamabad,Islamabad,National Highway,Good,Foggy,Daylight,Motorcycle,3,Mechanical Failure,0,0,1,1,8,0,High
2018,12,Tuesday,9,KPK,Kohat,Rural Road,Under Repair,Clear,Daylight,Rickshaw,4,Signal Violation,1,0,0,1,2,0,Low
2018,6,Friday,11,Balochistan,Loralai,Urban Road,Good,Clear,Daylight,Motorcycle,1,Over Speeding,0,0,0,0,3,0,Medium
2020,1,Saturday,22,Sindh,Thatta,Provincial Highway,Average,Rainy,No Light,Car/Taxi,2,Road Condition,0,1,1,1,1,0,Low
2021,11,Tuesday,15,KPK,Kohat,Provincial Highway,Average,Clear,Daylight,Car/Taxi,1,Signal Violation,0,0,0,1,1,1,Medium
2018,11,Saturday,17,Balochistan,Dera Bugti,National Highway,Average,Clear,Daylight,Motorcycle,2,Over Speeding,1,1,0,1,4,2,High
2023,7,Monday,23,KPK,Dera Ismail Khan,Urban Road,Good,Clear,No Light,Rickshaw,1,Road Condition,0,0,1,0,2,0,Low
2022,2,Tuesday,14,Sindh,Karachi,National Highway,Good,Foggy,Daylight,Car/Taxi,2,Mechanical Failure,0,0,0,1,2,0,Low
2022,11,Thursday,12,Sindh,Hyderabad,Provincial Highway,Average,Clear,Daylight,Motorcycle,2,Over Speeding,1,0,0,1,5,0,Medium
2023,2,Friday,15,KPK,Swat,Rural Road,Poor,Clear,Daylight,Car/Taxi,2,Over Speeding,0,0,0,1,2,0,Low
2023,2,Thursday,10,Punjab,Rahim Yar Khan,National Highway,Under Repair,Rainy,Daylight,Motorcycle,1,Wrong Overtaking,0,0,0,1,3,0,High
2019,7,Thursday,5,KPK,Peshawar,Urban Road,Poor,Foggy,Dawn/Dusk,Bus/Coach,2,Over Speeding,0,0,1,0,9,1,High
2023,10,Wednesday,12,Islamabad,Islamabad,National Highway,Average,Clear,Daylight,Truck/Lorry,1,Wrong Overtaking,1,0,0,0,1,0,Medium
2021,8,Sunday,17,Sindh,Larkana,Provincial Highway,Average,Clear,Daylight,Car/Taxi,3,Wrong Overtaking,1,1,0,0,4,0,Medium
2020,10,Friday,19,KPK,Mansehra,Urban Road,Average,Clear,No Light,Van/Pickup,1,Weather Condition,1,0,0,0,1,0,Low
2018,11,Sunday,1,KPK,Mansehra,Motorway,Under Repair,Extreme Heat,Street Light,Rickshaw,3,Signal Violation,0,1,1,1,5,1,Medium
2020,6,Wednesday,11,KPK,Mardan,Provincial Highway,Average,Clear,Daylight,Bus/Coach,1,Signal Violation,0,0,0,0,2,0,Low
2022,12,Thursday,17,Sindh,Karachi,National Highway,Good,Rainy,Daylight,Motorcycle,1,Pedestrian Error,1,0,0,1,8,0,High
2023,3,Tuesday,14,Balochistan,Chaman,Urban Road,Good,Clear,Daylight,Motorcycle,2,Driver Fatigue,0,0,0,0,8,4,High
2019,4,Friday,13,Sindh,Dadu,Provincial Highway,Poor,Clear,Daylight,Motorcycle,2,Over Speeding,1,0,0,0,10,2,High
2021,5,Thursday,22,Punjab,Sheikhupura,National Highway,Good,Foggy,No Light,Car/Taxi,3,Over Speeding,0,0,1,0,6,1,High
2021,2,Monday,20,Balochistan,Loralai,Urban Road,Poor,Clear,Street Light,Motorcycle,3,Road Condition,1,0,0,1,4,1,Medium
2019,6,Monday,3,KPK,Swat,Rural Road,Good,Clear,Street Light,Car/Taxi,4,Over Speeding,0,0,1,0,2,0,Low
2023,6,Sunday,15,Balochistan,Turbat,Urban Road,Good,Foggy,Daylight,Van/Pickup,1,Wrong Overtaking,0,1,0,0,0,0,Low
2022,1,Friday,14,Punjab,Sargodha,Rural Road,Average,Foggy,Daylight,Car/Taxi,2,Over Speeding,0,0,0,1,2,0,Low
2023,1,Tuesday,23,Punjab,Sialkot,Urban Road,Poor,Clear,No Light,Truck/Lorry,2,Pedestrian Error,0,0,1,1,2,0,Low
2020,11,Monday,11,Islamabad,Islamabad,Urban Road,Good,Clear,Daylight,Motorcycle,1,Signal Violation,0,0,0,1,1,0,Low
2019,10,Sunday,1,Punjab,Sargodha,Provincial Highway,Poor,Clear,No Light,Motorcycle,2,Driver Fatigue,0,1,1,0,5,3,High
2021,9,Monday,11,KPK,Peshawar,Urban Road,Good,Dusty/Smoggy,Daylight,Truck/Lorry,2,Over Speeding,0,0,0,0,5,0,Medium
2023,8,Monday,13,KPK,Swat,Urban Road,Good,Clear,Dawn/Dusk,Bicycle,3,Mobile Phone Use,1,0,0,0,1,1,Low
2018,4,Monday,10,KPK,Peshawar,Provincial Highway,Average,Foggy,Daylight,Car/Taxi,1,Mobile Phone Use,0,0,0,0,0,0,Low
2023,1,Sunday,23,Punjab,Sargodha,Urban Road,Average,Clear,No Light,Rickshaw,1,Driver Fatigue,0,1,1,1,5,0,Medium
2019,4,Sunday,13,KPK,Mansehra,Rural Road,Good,Clear,Street Light,Rickshaw,3,Over Speeding,1,1,0,0,2,0,Medium
2019,12,Wednesday,16,Balochistan,Dera Bugti,Provincial Highway,Poor,Extreme Heat,Daylight,Van/Pickup,2,Road Condition,0,0,0,1,1,0,Low
2023,10,Thursday,19,Sindh,Thatta,Provincial Highway,Poor,Extreme Heat,Dawn/Dusk,Motorcycle,2,Over Speeding,1,0,0,0,11,2,High
2021,7,Thursday,20,Punjab,Faisalabad,Rural Road,Good,Foggy,No Light,Motorcycle,1,Mechanical Failure,1,0,0,0,2,0,Low
2020,7,Friday,17,Sindh,Thatta,Provincial Highway,Under Repair,Clear,Street Light,Car/Taxi,2,Drunk Driving,1,0,0,0,4,0,Medium
2022,11,Tuesday,12,Punjab,Bahawalpur,National Highway,Average,Clear,Daylight,Rickshaw,2,Signal Violation,1,0,0,1,1,0,Low
2021,5,Tuesday,17,Balochistan,Turbat,Provincial Highway,Good,Clear,Daylight,Car/Taxi,2,Over Speeding,1,0,0,0,1,0,Medium
2021,6,Sunday,5,Balochistan,Loralai,Provincial Highway,Good,Rainy,Street Light,Van/Pickup,1,Road Condition,0,1,1,0,1,1,Medium
2022,8,Friday,19,Gilgit-Baltistan,Hunza,National Highway,Under Repair,Rainy,Dawn/Dusk,Motorcycle,1,Over Speeding,1,0,0,0,9,1,High
2021,2,Monday,11,Sindh,Mirpur Khas,Urban Road,Good,Rainy,Daylight,Rickshaw,3,Road Condition,0,0,0,1,1,0,Low
2019,12,Monday,21,KPK,Charsadda,Provincial Highway,Average,Dusty/Smoggy,Street Light,Motorcycle,1,Over Speeding,0,0,0,1,3,0,Medium
2020,1,Wednesday,17,Punjab,Lahore,National Highway,Poor,Clear,Street Light,Car/Taxi,2,Pedestrian Error,1,0,0,1,1,0,Low
2022,7,Thursday,18,KPK,Peshawar,National Highway,Average,Clear,Daylight,Bus/Coach,1,Pedestrian Error,1,0,0,0,1,1,Medium
2022,1,Monday,9,Sindh,Kashmore,Urban Road,Under Repair,Clear,Daylight,Truck/Lorry,4,Over Speeding,1,0,0,1,1,0,Medium
2023,1,Saturday,13,Balochistan,Chaman,National Highway,Good,Foggy,Daylight,Car/Taxi,1,Wrong Overtaking,1,1,0,1,5,1,High
2022,12,Thursday,4,KPK,Mansehra,Provincial Highway,Good,Rainy,Street Light,Truck/Lorry,3,Road Condition,0,0,1,1,4,1,Medium
2018,3,Saturday,15,Islamabad,Islamabad,Provincial Highway,Poor,Foggy,Daylight,Motorcycle,2,Wrong Overtaking,0,1,0,0,8,2,High
2018,7,Tuesday,8,Balochistan,Khuzdar,National Highway,Average,Clear,Dawn/Dusk,Car/Taxi,1,Over Speeding,1,0,0,0,1,1,Medium
2022,10,Monday,20,Balochistan,Chaman,Motorway,Good,Clear,No Light,Bus/Coach,1,Road Condition,1,0,0,0,4,1,Medium
2019,7,Saturday,5,Punjab,Bahawalpur,Provincial Highway,Average,Clear,Daylight,Motorcycle,2,Weather Condition,0,1,1,0,3,0,Medium
2018,12,Sunday,13,Balochistan,Sibi,Rural Road,Average,Clear,Daylight,Bus/Coach,1,Pedestrian Error,1,1,0,1,2,0,Low
2021,10,Sunday,7,Sindh,Kashmore,Provincial Highway,Average,Foggy,Daylight,Other,1,Over Speeding,1,1,0,0,4,1,Medium
2022,2,Saturday,18,Punjab,Rahim Yar Khan,Urban Road,Good,Clear,Dawn/Dusk,Motorcycle,4,Over Speeding,1,1,0,1,3,2,High
2020,5,Saturday,8,Punjab,Sialkot,Urban Road,Good,Extreme Heat,Daylight,Bicycle,2,Over Speeding,1,1,0,0,8,3,High
2022,10,Friday,16,KPK,Nowshera,Urban Road,Good,Clear,Daylight,Motorcycle,1,Mobile Phone Use,0,0,0,0,5,1,Medium
2018,3,Tuesday,10,Punjab,Sialkot,Rural Road,Good,Foggy,Daylight,Motorcycle,2,Wrong Overtaking,0,0,0,0,8,0,High
2018,6,Tuesday,4,Sindh,Sukkur,Urban Road,Poor,Rainy,No Light,Motorcycle,2,Signal Violation,0,0,1,0,1,1,Medium
2021,1,Monday,13,KPK,Bannu,Motorway,Good,Dusty/Smoggy,Daylight,Car/Taxi,1,Mechanical Failure,1,0,0,1,2,0,Low
2018,9,Monday,18,Balochistan,Quetta,Provincial Highway,Poor,Dusty/Smoggy,Daylight,Van/Pickup,2,Wrong Overtaking,1,0,0,0,1,0,Low
2022,9,Monday,18,KPK,Kohat,Urban Road,Poor,Clear,No Light,Car/Taxi,2,Over Speeding,1,0,0,0,2,0,Low
2021,12,Saturday,15,Sindh,Nawabshah,Rural Road,Good,Clear,No Light,Motorcycle,2,Over Speeding,0,1,0,1,11,1,High
2023,4,Thursday,15,Punjab,Sialkot,Urban Road,Average,Dusty/Smoggy,Daylight,Motorcycle,2,Pedestrian Error,0,0,0,0,1,0,Low
2021,5,Saturday,7,Punjab,Lahore,National Highway,Average,Clear,Street Light,Motorcycle,3,Road Condition,1,1,0,0,2,2,Medium
2021,11,Monday,5,Punjab,Bahawalpur,Rural Road,Good,Foggy,Dawn/Dusk,Rickshaw,3,Over Speeding,0,0,1,1,5,0,Medium
2020,2,Wednesday,18,Punjab,Lahore,Provincial Highway,Average,Foggy,Dawn/Dusk,Motorcycle,2,Mechanical Failure,1,0,0,1,1,1,Medium
2021,2,Monday,9,AJK,Rawalakot,Urban Road,Average,Clear,Street Light,Truck/Lorry,2,Drunk Driving,1,0,0,1,2,1,Medium
2021,11,Friday,17,Sindh,Thatta,National Highway,Good,Dusty/Smoggy,Daylight,Motorcycle,2,Over Speeding,1,0,0,1,4,3,High
2023,5,Monday,6,Punjab,Bahawalpur,Provincial Highway,Average,Clear,Daylight,Bus/Coach,2,Road Condition,0,0,0,0,1,0,Medium
2021,12,Saturday,14,Punjab,Lahore,Urban Road,Average,Clear,Daylight,Rickshaw,1,Pedestrian Error,0,1,0,1,1,0,Low