year,month,day_of_week,hour_of_day,province,district,road_type,road_condition,weather_condition,lighting_condition,vehicle_type,vehicles_involved,accident_cause,is_rush_hour,is_weekend,is_night,is_foggy_month,num_injured,num_killed,severity
2022,12,Friday,16,Sindh,Karachi,Urban Road,Poor,Foggy,Daylight,Car/Taxi,3,Driver Fatigue,0,0,0,1,2,0,Medium
2022,12,Thursday,6,Sindh,Thatta,Provincial Highway,Average,Clear,Dawn/Dusk,Car/Taxi,1,Driver Fatigue,0,0,0,1,1,0,Medium
2023,12,Monday,3,Punjab,Faisalabad,National Highway,Average,Clear,Street Light,Car/Taxi,1,Driver Fatigue,0,0,1,1,4,1,High
2020,10,Sunday,18,Islamabad,Islamabad,Rural Road,Good,Foggy,Daylight,Rickshaw,3,Signal Violation,1,1,0,0,0,0,Low
2020,9,Sunday,17,Punjab,Gujranwala,Urban Road,Good,Extreme Heat,Daylight,Truck/Lorry,1,Mechanical Failure,1,1,0,0,0,0,Low
2019,11,Wednesday,8,Punjab,Bahawalpur,National Highway,Good,Clear,Daylight,Rickshaw,2,Road Condition,1,0,0,1,2,0,Low
2020,4,Friday,15,Punjab,Gujranwala,Rural Road,Average,Rainy,Daylight,Rickshaw,3,Driver Fatigue,0,0,0,0,5,2,Medium
2021,3,Friday,17,Sindh,Jacobabad,Urban Road,Good,Clear,Dawn/Dusk,Car/Taxi,1,Drunk Driving,1,0,0,0,0,0,Low
2023,9,Saturday,19,Punjab,Sialkot,Rural Road,Good,Dusty/Smoggy,No Light,Motorcycle,2,Over Speeding,1,1,0,0,3,0,Medium
2020,6,Sunday,12,Punjab,Gujranwala,Rural Road,Good,Foggy,Daylight,Car/Taxi,4,Weather Condition,1,1,0,0,0,0,Low
2021,8,Thursday,5,Punjab,Rawalpindi,Urban Road,Average,Clear,Street Light,Motorcycle,3,Driver Fatigue,0,0,1,0,1,0,Medium
2021,8,Sunday,8,Sindh,Nawabshah,National Highway,Average,Foggy,Daylight,Motorcycle,2,Over Speeding,1,1,0,0,8,1,High
2018,2,Tuesday,15,Punjab,Sheikhupura,Rural Road,Good,Clear,Dawn/Dusk,Motorcycle,1,Over Speeding,0,0,0,1,2,0,Medium
2021,2,Thursday,14,Punjab,Sargodha,Provincial Highway,Good,Dusty/Smoggy,Daylight,Motorcycle,1,Mobile Phone Use,0,0,0,1,4,0,Medium
2020,9,Wednesday,15,Punjab,Rahim Yar Khan,Provincial Highway,Poor,Clear,Daylight,Bus/Coach,2,Mechanical Failure,0,0,0,0,2,0,Medium
2020,12,Thursday,5,Punjab,Lahore,Urban Road,Average,Rainy,Daylight,Motorcycle,2,Wrong Overtaking,0,0,1,1,3,2,High
2019,1,Tuesday,7,Sindh,Mirpur Khas,Rural Road,Poor,Foggy,Daylight,Truck/Lorry,2,Driver Fatigue,1,0,0,1,5,0,Medium
2022,8,Tuesday,2,Punjab,Sargodha,Provincial Highway,Poor,Clear,No Light,Bicycle,2,Over Speeding,0,0,1,0,9,1,High
2021,6,Thursday,12,Punjab,Sargodha,Urban Road,Average,Clear,Daylight,Truck/Lorry,2,Signal Violation,1,0,0,0,5,0,Medium
2023,10,Friday,10,Sindh,Jacobabad,National Highway,Average,Clear,Daylight,Motorcycle,4,Mechanical Failure,0,0,0,0,10,0,High
2023,6,Friday,16,Punjab,Sialkot,Urban Road,Good,Clear,Daylight,Truck/Lorry,2,Over Speeding,0,0,0,0,3,0,Medium
2018,1,Monday,18,Punjab,Faisalabad,Provincial Highway,Good,Clear,Daylight,Motorcycle,3,Over Speeding,1,0,0,1,7,3,High
2019,9,Saturday,21,Sindh,Hyderabad,Rural Road,Good,Clear,No Light,Car/Taxi,2,Drunk Driving,0,1,0,0,1,0,Low
2020,1,Thursday,7,Balochistan,Dera Bugti,National Highway,Average,Clear,Daylight,Van/Pickup,2,Over Speeding,1,0,0,1,2,2,Medium
2022,7,Tuesday,14,KPK,Mansehra,Provincial Highway,Good,Foggy,Daylight,Van/Pickup,1,Driver Fatigue,0,0,0,0,4,0,Medium
2022,3,Friday,7,KPK,Peshawar,Rural Road,Good,Clear,Daylight,Motorcycle,4,Pedestrian Error,1,0,0,0,5,0,Medium
2019,3,Saturday,9,Balochistan,Zhob,National Highway,Good,Rainy,Daylight,Motorcycle,1,Pedestrian Error,1,1,0,0,3,0,High
2021,6,Wednesday,7,AJK,Muzaffarabad,Provincial Highway,Under Repair,Clear,Daylight,Truck/Lorry,2,Over Speeding,1,0,0,0,11,0,High
2021,5,Saturday,16,KPK,Peshawar,National Highway,Good,Clear,Daylight,Rickshaw,2,Signal Violation,0,1,0,0,2,0,Low
2023,6,Friday,13,Sindh,Mirpur Khas,National Highway,Poor,Clear,Daylight,Car/Taxi,1,Pedestrian Error,1,0,0,0,2,0,Low
2021,6,Sunday,11,Punjab,Multan,Urban Road,Good,Dusty/Smoggy,Daylight,Car/Taxi,1,Mechanical Failure,0,1,0,0,2,0,Low
2019,8,Thursday,21,Punjab,Sheikhupura,Rural Road,Average,Clear,No Light,Motorcycle,2,Over Speeding,0,0,0,0,4,1,High
2019,1,Monday,13,KPK,Peshawar,National Highway,Average,Clear,Daylight,Motorcycle,1,Drunk Driving,1,0,0,1,10,2,High
2022,1,Friday,10,Gilgit-Baltistan,Skardu,National Highway,Average,Clear,Daylight,Motorcycle,1,Mechanical Failure,0,0,0,1,5,0,High
2021,4,Sunday,21,Sindh,Sukkur,Provincial Highway,Average,Extreme Heat,No Light,Car/Taxi,2,Signal Violation,0,1,0,0,5,1,Medium
2022,9,Wednesday,21,KPK,Mardan,Motorway,Average,Foggy,No Light,Motorcycle,1,Driver Fatigue,0,0,0,0,7,2,High
2023,5,Thursday,9,Sindh,Karachi,National Highway,Good,Foggy,Daylight,Motorcycle,3,Over Speeding,1,0,0,0,9,1,High
2018,6,Sunday,8,Sindh,Hyderabad,Urban Road,Good,Foggy,Street Light,Truck/Lorry,2,Drunk Driving,1,1,0,0,4,1,High
2020,7,Saturday,19,Punjab,Sargodha,Urban Road,Average,Clear,No Light,Car/Taxi,1,Wrong Overtaking,1,1,0,0,2,0,Low
2023,9,Saturday,7,Sindh,Mirpur Khas,Provincial Highway,Poor,Clear,Street Light,Car/Taxi,2,Wrong Overtaking,1,1,0,0,2,0,Low
2020,9,Tuesday,23,Punjab,Faisalabad,National Highway,Average,Clear,No Light,Motorcycle,2,Over Speeding,0,0,1,0,9,2,High
2021,11,Sunday,19,KPK,Swat,Provincial Highway,Average,Clear,Daylight,Car/Taxi,2,Wrong Overtaking,1,1,0,1,1,0,Low
2018,10,Thursday,21,Balochistan,Zhob,Provincial Highway,Average,Clear,No Light,Car/Taxi,2,Pedestrian Error,0,0,0,0,0,1,Low
2021,7,Monday,10,Balochistan,Chaman,Rural Road,Good,Extreme Heat,Daylight,Bicycle,2,Over Speeding,0,0,0,0,4,2,Medium
2020,1,Sunday,9,Punjab,Sialkot,Motorway,Poor,Clear,Daylight,Truck/Lorry,2,Wrong Overtaking,1,1,0,1,5,0,Medium
2019,8,Friday,23,Balochistan,Zhob,Motorway,Average,Dusty/Smoggy,No Light,Van/Pickup,2,Driver Fatigue,0,0,1,0,7,2,High
2022,11,Saturday,8,Punjab,Sialkot,National Highway,Good,Rainy,Daylight,Motorcycle,1,Wrong Overtaking,1,1,0,1,3,1,High
2022,12,Wednesday,19,Punjab,Gujranwala,National Highway,Good,Clear,Dawn/Dusk,Motorcycle,1,Wrong Overtaking,1,0,0,1,4,1,High
2023,1,Thursday,17,KPK,Kohat,National Highway,Good,Dusty/Smoggy,Street Light,Motorcycle,3,Over Speeding,1,0,0,1,8,0,High
2018,5,Friday,3,Punjab,Sialkot,Provincial Highway,Average,Dusty/Smoggy,No Light,Motorcycle,1,Signal Violation,0,0,1,0,4,1,Medium
2020,10,Friday,10,Punjab,Sialkot,Provincial Highway,Good,Clear,Daylight,Car/Taxi,1,Road Condition,0,0,0,0,2,0,Low
2020,1,Sunday,9,Punjab,Lahore,Provincial Highway,Good,Clear,Daylight,Motorcycle,2,Wrong Overtaking,1,1,0,1,2,1,Medium
2018,12,Saturday,2,KPK,Nowshera,Provincial Highway,Average,Dusty/Smoggy,No Light,Motorcycle,1,Wrong Overtaking,0,1,1,1,4,0,Medium
2022,6,Saturday,9,Punjab,Sialkot,Rural Road,Good,Rainy,Daylight,Rickshaw,4,Wrong Overtaking,1,1,0,0,4,0,Medium
2020,5,Tuesday,14,Sindh,Nawabshah,Urban Road,Under Repair,Clear,Daylight,Motorcycle,2,Road Condition,0,0,0,0,2,0,Low
2023,3,Tuesday,3,KPK,Peshawar,Urban Road,Average,Dusty/Smoggy,No Light,Motorcycle,1,Signal Violation,0,0,1,0,5,0,Medium
2018,11,Sunday,20,KPK,Nowshera,Urban Road,Poor,Rainy,No Light,Motorcycle,1,Wrong Overtaking,1,1,0,1,3,1,Medium
2023,8,Tuesday,8,Balochistan,Zhob,Urban Road,Average,Clear,Daylight,Car/Taxi,2,Over Speeding,1,0,0,0,0,0,Low
2022,6,Wednesday,10,Sindh,Kashmore,Provincial Highway,Good,Clear,No Light,Motorcycle,2,Pedestrian Error,0,0,0,0,1,0,Medium
2020,12,Tuesday,1,Punjab,Faisalabad,Provincial Highway,Good,Clear,No Light,Bus/Coach,1,Over Speeding,0,0,1,1,3,0,High
2023,7,Monday,16,Punjab,Bahawalpur,Rural Road,Average,Dusty/Smoggy,Daylight,Car/Taxi,2,Drunk Driving,0,0,0,0,2,1,Low
2023,4,Saturday,5,Sindh,Thatta,Urban Road,Good,Foggy,No Light,Motorcycle,1,Wrong Overtaking,0,1,1,0,2,0,Medium
2018,6,Saturday,8,KPK,Nowshera,Provincial Highway,Average,Rainy,Daylight,Van/Pickup,1,Mobile Phone Use,1,1,0,0,1,1,Low
2023,10,Sunday,10,Punjab,Sargodha,Provincial Highway,Good,Foggy,Daylight,Motorcycle,3,Wrong Overtaking,0,1,0,0,6,1,High
2022,12,Saturday,8,Punjab,Sargodha,Rural Road,Good,Foggy,Daylight,Motorcycle,1,Wrong Overtaking,1,1,0,1,3,2,Medium
2018,12,Tuesday,20,KPK,Swat,Provincial Highway,Average,Rainy,Street Light,Motorcycle,2,Over Speeding,1,0,0,1,2,3,High
2018,8,Saturday,8,KPK,Peshawar,Motorway,Average,Clear,Daylight,Car/Taxi,3,Road Condition,1,1,0,0,1,0,Low
2019,9,Sunday,16,KPK,Bannu,Provincial Highway,Good,Clear,Daylight,Car/Taxi,2,Wrong Overtaking,0,1,0,0,2,0,Low
2022,11,Wednesday,19,KPK,Peshawar,Rural Road,Good,Clear,Dawn/Dusk,Rickshaw,2,Driver Fatigue,1,0,0,1,1,2,Medium
2019,1,Saturday,19,KPK,Kohat,National Highway,Under Repair,Rainy,Street Light,Bus/Coach,2,Wrong Overtaking,1,1,0,1,11,0,High
2023,12,Wednesday,12,KPK,Dera Ismail Khan,Provincial Highway,Average,Foggy,Daylight,Car/Taxi,1,Over Speeding,1,0,0,1,5,3,High
2022,8,Tuesday,15,Sindh,Dadu,National Highway,Average,Clear,Daylight,Car/Taxi,2,Over Speeding,0,0,0,0,5,0,Medium
2018,11,Thursday,18,AJK,Rawalakot,National Highway,Poor,Clear,Daylight,Rickshaw,2,Pedestrian Error,1,0,0,1,1,0,Low
2022,9,Sunday,0,Sindh,Hyderabad,Provincial Highway,Good,Clear,Street Light,Truck/Lorry,2,Driver Fatigue,0,1,1,0,5,0,High
2023,10,Friday,6,Punjab,Gujranwala,Urban Road,Good,Clear,Street Light,Motorcycle,1,Pedestrian Error,0,0,0,0,1,0,Low
2021,1,Saturday,19,Punjab,Lahore,National Highway,Under Repair,Rainy,No Light,Motorcycle,3,Over Speeding,1,1,0,1,3,1,High
2020,12,Sunday,7,KPK,Mardan,Provincial Highway,Good,Clear,Daylight,Motorcycle,3,Driver Fatigue,1,1,0,1,9,0,High
2018,7,Wednesday,7,Islamabad,Islamabad,Rural Road,Good,Clear,Daylight,Motorcycle,2,Road Condition,1,0,0,0,0,0,Low
2020,9,Sunday,11,Punjab,Lahore,Provincial Highway,Poor,Clear,Daylight,Truck/Lorry,2,Over Speeding,0,1,0,0,1,2,Medium
2023,10,Wednesday,16,Punjab,Rawalpindi,National Highway,Average,Clear,Daylight,Truck/Lorry,2,Over Speeding,0,0,0,0,11,3,High
2020,12,Saturday,21,Balochistan,Gwadar,National Highway,Good,Clear,No Light,Car/Taxi,4,Road Condition,0,1,0,1,0,0,Low
2022,6,Thursday,6,Balochistan,Quetta,Rural Road,Average,Foggy,Daylight,Car/Taxi,2,Over Speeding,0,0,0,0,4,0,Medium
2021,7,Sunday,17,Punjab,Rahim Yar Khan,Provincial Highway,Average,Rainy,Daylight,Van/Pickup,2,Signal Violation,1,1,0,0,1,0,Medium
2022,1,Sunday,6,Punjab,Lahore,Rural Road,Under Repair,Clear,Daylight,Bus/Coach,2,Road Condition,0,1,0,1,1,0,Low
2022,12,Wednesday,13,KPK,Mardan,Provincial Highway,Average,Clear,Daylight,Bicycle,2,Road Condition,1,0,0,1,0,0,Low
2022,12,Saturday,19,Punjab,Multan,Urban Road,Poor,Extreme Heat,Daylight,Motorcycle,1,Over Speeding,1,1,0,1,5,0,Medium
2023,12,Saturday,19,Balochistan,Turbat,Urban Road,Good,Rainy,Street Light,Other,1,Signal Violation,1,1,0,1,4,0,Medium
2022,2,Sunday,14,Punjab,Faisalabad,Urban Road,Poor,Clear,Daylight,Motorcycle,2,Pedestrian Error,0,1,0,1,1,1,Low
2020,1,Sunday,13,Punjab,Bahawalpur,Urban Road,Average,Clear,Daylight,Car/Taxi,2,Drunk Driving,1,1,0,1,2,0,Low
2022,11,Sunday,20,Punjab,Bahawalpur,Motorway,Average,Extreme Heat,Street Light,Motorcycle,3,Wrong Overtaking,1,1,0,1,4,0,Medium
2023,4,Tuesday,14,Punjab,Sargodha,National Highway,Under Repair,Clear,Dawn/Dusk,Car/Taxi,1,Driver Fatigue,0,0,0,0,4,1,Medium
2023,10,Friday,22,Punjab,Multan,Rural Road,Poor,Clear,No Light,Motorcycle,2,Over Speeding,0,0,1,0,2,1,Medium
2019,1,Friday,17,Punjab,Sargodha,Rural Road,Average,Clear,Daylight,Bus/Coach,2,Over Speeding,1,0,0,1,2,0,Medium
2023,4,Tuesday,13,KPK,Mansehra,National Highway,Poor,Foggy,Daylight,Motorcycle,1,Over Speeding,1,0,0,0,2,3,High
2023,11,Monday,16,Punjab,Sargodha,National Highway,Good,Clear,Daylight,Motorcycle,2,Road Condition,0,0,0,1,5,0,Medium
2022,2,Thursday,9,Balochistan,Quetta,Urban Road,Good,Foggy,Street Light,Car/Taxi,2,Drunk Driving,1,0,0,1,1,0,Low
2023,11,Thursday,18,Punjab,Gujranwala,National Highway,Good,Clear,Daylight,Car/Taxi,1,Over Speeding,1,0,0,1,3,0,Medium
2022,12,Thursday,19,KPK,Kohat,Urban Road,Good,Clear,Dawn/Dusk,Car/Taxi,3,Road Condition,1,0,0,1,2,0,Low
2023,10,Tuesday,10,Punjab,Sargodha,National Highway,Poor,Clear,Daylight,Motorcycle,1,Wrong Overtaking,0,0,0,0,11,3,High
2022,8,Monday,18,Punjab,Multan,Urban Road,Good,Rainy,Dawn/Dusk,Motorcycle,2,Drunk Driving,1,0,0,0,3,2,High
2021,8,Friday,1,Sindh,Karachi,Rural Road,Average,Clear,No Light,Car/Taxi,1,Over Speeding,0,0,1,0,2,0,Low
2021,7,Sunday,19,Sindh,Sukkur,Motorway,Good,Foggy,Daylight,Car/Taxi,2,Over Speeding,1,1,0,0,10,1,High
2021,5,Wednesday,15,KPK,Swat,Provincial Highway,Good,Foggy,Daylight,Motorcycle,3,Driver Fatigue,0,0,0,0,11,2,High
2023,10,Friday,9,KPK,Kohat,Provincial Highway,Average,Clear,Daylight,Motorcycle,2,Over Speeding,1,0,0,0,2,1,High
2021,7,Saturday,19,KPK,Charsadda,Rural Road,Under Repair,Clear,Dawn/Dusk,Truck/Lorry,1,Road Condition,1,1,0,0,0,0,Low
2020,5,Saturday,19,Sindh,Thatta,National Highway,Average,Clear,Dawn/Dusk,Motorcycle,2,Wrong Overtaking,1,1,0,0,4,1,Medium
2020,4,Sunday,4,Balochistan,Turbat,Provincial Highway,Under Repair,Rainy,No Light,Motorcycle,3,Wrong Overtaking,0,1,1,0,8,1,High
2019,7,Monday,20,Sindh,Kashmore,National Highway,Good,Clear,Street Light,Motorcycle,1,Signal Violation,1,0,0,0,5,1,High
2018,7,Sunday,16,Gilgit-Baltistan,Skardu,Rural Road,Average,Rainy,Daylight,Motorcycle,1,Pedestrian Error,0,1,0,0,4,0,Medium
2019,11,Thursday,19,KPK,Mardan,Provincial Highway,Average,Extreme Heat,No Light,Motorcycle,4,Wrong Overtaking,1,0,0,1,1,1,Medium
2021,5,Tuesday,20,Punjab,Gujranwala,Urban Road,Poor,Dusty/Smoggy,No Light,Car/Taxi,2,Over Speeding,1,0,0,0,0,0,Low
2022,10,Saturday,14,Punjab,Multan,National Highway,Good,Clear,Daylight,Motorcycle,1,Mechanical Failure,0,1,0,0,3,1,Medium
2019,11,Thursday,14,Sindh,Hyderabad,Rural Road,Good,Foggy,Dawn/Dusk,Motorcycle,1,Wrong Overtaking,0,0,0,1,4,0,Medium
2020,6,Friday,12,KPK,Abbottabad,Motorway,Good,Extreme Heat,Daylight,Motorcycle,1,Wrong Overtaking,1,0,0,0,7,2,High
2020,11,Wednesday,9,Sindh,Sukkur,Provincial Highway,Poor,Clear,Daylight,Bicycle,1,Pedestrian Error,1,0,0,1,1,2,Medium
2022,4,Sunday,7,KPK,Nowshera,Rural Road,Good,Clear,Daylight,Motorcycle,3,Signal Violation,1,1,0,0,4,1,Medium
2021,11,Monday,11,Punjab,Multan,National Highway,Good,Clear,Dawn/Dusk,Car/Taxi,3,Mechanical Failure,0,0,0,1,1,0,Low
2023,12,Thursday,7,Punjab,Lahore,Urban Road,Good,Rainy,Daylight,Truck/Lorry,2,Over Speeding,1,0,0,1,1,1,Medium
2023,3,Sunday,16,Punjab,Gujranwala,Rural Road,Good,Clear,Daylight,Motorcycle,2,Wrong Overtaking,0,1,0,0,3,1,Medium
2020,4,Monday,6,Sindh,Nawabshah,Provincial Highway,Good,Clear,No Light,Bus/Coach,4,Over Speeding,0,0,0,0,8,3,High
2018,11,Saturday,11,KPK,Mansehra,Urban Road,Average,Rainy,Daylight,Car/Taxi,2,Mechanical Failure,0,1,0,1,0,0,Low
2023,9,Saturday,20,Punjab,Rahim Yar Khan,Rural Road,Poor,Clear,Street Light,Motorcycle,2,Mechanical Failure,1,1,0,0,0,0,Low
2020,10,Saturday,10,Sindh,Hyderabad,National Highway,Poor,Foggy,Daylight,Car/Taxi,1,Wrong Overtaking,0,1,0,0,4,1,Medium
2018,7,Tuesday,9,Punjab,Gujranwala,National Highway,Good,Foggy,Daylight,Motorcycle,2,Signal Violation,1,0,0,0,4,2,High
2023,9,Saturday,12,Punjab,Multan,Urban Road,Average,Clear,Daylight,Motorcycle,3,Over Speeding,1,1,0,0,4,0,Medium
2019,6,Thursday,23,KPK,Kohat,Provincial Highway,Poor,Foggy,No Light,Motorcycle,3,Over Speeding,0,0,1,0,7,2,High
2023,4,Monday,8,Punjab,Sargodha,Rural Road,Poor,Clear,Daylight,Bicycle,3,Road Condition,1,0,0,0,2,0,Medium
2021,5,Sunday,6,KPK,Abbottabad,Motorway,Average,Clear,Daylight,Motorcycle,4,Drunk Driving,0,1,0,0,5,1,High
2023,6,Thursday,3,KPK,Charsadda,Rural Road,Average,Clear,No Light,Truck/Lorry,2,Over Speeding,0,0,1,0,2,2,Medium
2018,5,Tuesday,12,Balochistan,Sibi,National Highway,Average,Clear,Daylight,Motorcycle,2,Over Speeding,1,0,0,0,4,2,High
2021,1,Saturday,9,Punjab,Lahore,Provincial Highway,Average,Rainy,Daylight,Motorcycle,3,Road Condition,1,1,0,1,2,0,Medium
2023,12,Tuesday,18,Sindh,Karachi,Urban Road,Average,Clear,Dawn/Dusk,Van/Pickup,1,Mechanical Failure,1,0,0,1,1,0,Low
2020,6,Wednesday,11,KPK,Bannu,National Highway,Poor,Foggy,Daylight,Bicycle,2,Signal Violation,0,0,0,0,10,2,High
2022,10,Thursday,22,KPK,Dera Ismail Khan,Rural Road,Good,Dusty/Smoggy,No Light,Motorcycle,2,Wrong Overtaking,0,0,1,0,5,2,Medium
2020,7,Tuesday,13,KPK,Peshawar,Provincial Highway,Poor,Clear,Daylight,Motorcycle,2,Drunk Driving,1,0,0,0,2,1,Medium
2021,4,Sunday,10,Punjab,Faisalabad,National Highway,Good,Dusty/Smoggy,Dawn/Dusk,Car/Taxi,2,Pedestrian Error,0,1,0,0,5,1,Medium
2023,5,Sunday,21,Punjab,Rawalpindi,National Highway,Good,Clear,No Light,Rickshaw,2,Over Speeding,0,1,0,0,10,1,High
2021,12,Monday,10,Sindh,Jacobabad,Urban Road,Average,Clear,Street Light,Van/Pickup,1,Drunk Driving,0,0,0,1,3,0,Medium
2023,5,Monday,12,KPK,Dera Ismail Khan,Urban Road,Good,Clear,Daylight,Motorcycle,2,Pedestrian Error,1,0,0,0,0,0,Low
2022,1,Tuesday,21,Punjab,Rawalpindi,Urban Road,Good,Clear,No Light,Van/Pickup,2,Mobile Phone Use,0,0,0,1,2,0,Low
2022,6,Sunday,9,Punjab,Sheikhupura,National Highway,Good,Clear,Dawn/Dusk,Car/Taxi,4,Road Condition,1,1,0,0,5,0,Medium
2022,1,Thursday,8,KPK,Mardan,Urban Road,Poor,Clear,Daylight,Van/Pickup,3,Driver Fatigue,1,0,0,1,2,0,Low
2020,5,Monday,20,Punjab,Rawalpindi,National Highway,Average,Clear,No Light,Truck/Lorry,2,Signal Violation,1,0,0,0,3,1,High
2022,5,Saturday,6,Punjab,Sheikhupura,Motorway,Average,Clear,Daylight,Bus/Coach,1,Drunk Driving,0,1,0,0,6,2,High
2023,8,Tuesday,18,Punjab,Sialkot,Urban Road,Under Repair,Foggy,Daylight,Truck/Lorry,1,Wrong Overtaking,1,0,0,0,2,0,Low
2022,4,Saturday,21,Punjab,Sheikhupura,Urban Road,Poor,Dusty/Smoggy,Street Light,Other,2,Mechanical Failure,0,1,0,0,2,0,Low
2018,3,Friday,6,Sindh,Mirpur Khas,National Highway,Good,Clear,Daylight,Bus/Coach,2,Pedestrian Error,0,0,0,0,4,1,Medium
2021,12,Saturday,15,Punjab,Multan,National Highway,Poor,Clear,Street Light,Truck/Lorry,1,Signal Violation,0,1,0,1,5,0,Medium
2022,5,Thursday,13,Punjab,Faisalabad,National Highway,Average,Clear,Daylight,Van/Pickup,1,Wrong Overtaking,1,0,0,0,1,0,Low
2019,1,Monday,12,Punjab,Lahore,National Highway,Average,Clear,Daylight,Motorcycle,1,Wrong Overtaking,1,0,0,1,6,2,High
2020,6,Wednesday,8,Punjab,Gujranwala,Rural Road,Under Repair,Clear,Daylight,Truck/Lorry,2,Wrong Overtaking,1,0,0,0,2,0,Low
2018,10,Friday,18,Sindh,Karachi,Urban Road,Good,Dusty/Smoggy,Daylight,Motorcycle,2,Wrong Overtaking,1,0,0,0,4,0,Medium
2023,10,Friday,9,Punjab,Sialkot,Motorway,Average,Foggy,Daylight,Car/Taxi,2,Road Condition,1,0,0,0,4,0,Medium
2022,8,Thursday,16,Sindh,Nawabshah,National Highway,Poor,Foggy,Daylight,Bus/Coach,2,Mechanical Failure,0,0,0,0,7,0,High
2020,12,Thursday,9,Punjab,Sargodha,Urban Road,Average,Clear,Daylight,Motorcycle,2,Driver Fatigue,1,0,0,1,4,0,High
2023,2,Saturday,7,Punjab,Sheikhupura,Rural Road,Good,Extreme Heat,Street Light,Motorcycle,2,Over Speeding,1,1,0,1,5,0,Medium
2023,7,Sunday,17,Punjab,Sialkot,Provincial Highway,Good,Clear,Daylight,Truck/Lorry,1,Mechanical Failure,1,1,0,0,5,0,Medium
2023,6,Tuesday,15,Punjab,Rawalpindi,National Highway,Average,Clear,Daylight,Car/Taxi,2,Mechanical Failure,0,0,0,0,1,0,Low
2019,2,Friday,14,KPK,Charsadda,Urban Road,Under Repair,Clear,Daylight,Motorcycle,4,Road Condition,0,0,0,1,5,1,Medium
2020,12,Saturday,5,Sindh,Mirpur Khas,Urban Road,Good,Clear,Street Light,Motorcycle,3,Over Speeding,0,1,1,1,3,0,Medium
2021,1,Friday,10,KPK,Charsadda,Rural Road,Average,Foggy,Daylight,Bus/Coach,1,Pedestrian Error,0,0,0,1,3,2,Medium
2019,5,Friday,13,Punjab,Bahawalpur,Rural Road,Average,Foggy,Dawn/Dusk,Motorcycle,2,Road Condition,1,0,0,0,2,0,Low
2020,2,Saturday,11,Punjab,Rawalpindi,Provincial Highway,Poor,Clear,Street Light,Motorcycle,2,Driver Fatigue,0,1,0,1,2,1,Medium
2021,4,Tuesday,6,Punjab,Sargodha,National Highway,Average,Clear,Daylight,Van/Pickup,4,Over Speeding,0,0,0,0,1,2,Medium
2023,1,Saturday,18,KPK,Swat,National Highway,Under Repair,Dusty/Smoggy,Daylight,Motorcycle,2,Over Speeding,1,1,0,1,8,2,High
2020,8,Saturday,18,Punjab,Sheikhupura,Rural Road,Average,Clear,Daylight,Car/Taxi,2,Over Speeding,1,1,0,0,2,0,Low
2023,12,Monday,6,Punjab,Sargodha,Provincial Highway,Under Repair,Foggy,Daylight,Van/Pickup,2,Driver Fatigue,0,0,0,1,1,0,Medium
2022,10,Thursday,14,Punjab,Rahim Yar Khan,Urban Road,Poor,Rainy,Daylight,Motorcycle,3,Mechanical Failure,0,0,0,0,4,0,Medium
2022,12,Sunday,19,Punjab,Faisalabad,Urban Road,Average,Foggy,Dawn/Dusk,Van/Pickup,4,Over Speeding,1,1,0,1,1,0,Low
2018,5,Sunday,5,Islamabad,Islamabad,Urban Road,Average,Foggy,Street Light,Bus/Coach,4,Road Condition,0,1,1,0,1,2,Medium
2023,11,Tuesday,9,Sindh,Karachi,Rural Road,Average,Foggy,Dawn/Dusk,Bus/Coach,4,Driver Fatigue,1,0,0,1,3,0,Medium
2021,9,Saturday,7,KPK,Mansehra,National Highway,Good,Foggy,Daylight,Van/Pickup,2,Over Speeding,1,1,0,0,6,3,High
2022,11,Saturday,7,Sindh,Nawabshah,Urban Road,Good,Extreme Heat,Daylight,Motorcycle,2,Driver Fatigue,1,1,0,1,6,1,High
2023,6,Tuesday,7,Sindh,Kashmore,Urban Road,Good,Clear,Street Light,Car/Taxi,2,Over Speeding,1,0,0,0,1,0,Low
2022,1,Monday,18,Punjab,Gujranwala,National Highway,Good,Extreme Heat,Daylight,Truck/Lorry,2,Over Speeding,1,0,0,1,11,4,High
2021,8,Wednesday,19,Sindh,Hyderabad,National Highway,Average,Foggy,Dawn/Dusk,Motorcycle,3,Mechanical Failure,1,0,0,0,1,0,Medium
2018,6,Sunday,13,Punjab,Sheikhupura,Urban Road,Average,Clear,Street Light,Motorcycle,2,Signal Violation,1,1,0,0,3,1,Medium
2018,12,Thursday,10,Punjab,Sialkot,Provincial Highway,Good,Clear,Daylight,Car/Taxi,2,Pedestrian Error,0,0,0,1,2,0,Low
2023,1,Tuesday,13,Sindh,Larkana,National Highway,Good,Rainy,Daylight,Truck/Lorry,2,Road Condition,1,0,0,1,7,1,High
2022,10,Wednesday,17,KPK,Nowshera,Provincial Highway,Good,Clear,Daylight,Motorcycle,2,Road Condition,1,0,0,0,1,0,Medium
2021,2,Sunday,17,KPK,Bannu,Urban Road,Average,Clear,Daylight,Rickshaw,1,Over Speeding,1,1,0,1,2,0,Low
2020,11,Wednesday,21,KPK,Charsadda,Rural Road,Average,Clear,No Light,Rickshaw,2,Road Condition,0,0,0,1,0,0,Low
2020,11,Wednesday,8,Punjab,Lahore,Provincial Highway,Good,Clear,Daylight,Bus/Coach,4,Over Speeding,1,0,0,1,2,0,Medium
2020,6,Sunday,12,Punjab,Rawalpindi,National Highway,Good,Clear,Street Light,Rickshaw,2,Over Speeding,1,1,0,0,3,0,Medium