year,month,day_of_week,hour_of_day,province,district,road_type,road_condition,weather_condition,lighting_condition,vehicle_type,vehicles_involved,accident_cause,is_rush_hour,is_weekend,is_night,is_foggy_month,num_injured,num_killed,severity
2023,12,Sunday,13,Punjab,Rahim Yar Khan,Provincial Highway,Poor,Clear,Dawn/Dusk,Motorcycle,3,Over Speeding,1,1,0,1,11,2,High
2022,12,Wednesday,6,KPK,Mardan,Urban Road,Average,Rainy,Daylight,Motorcycle,3,Over Speeding,0,0,0,1,7,1,High
2020,12,Thursday,10,Islamabad,Islamabad,National Highway,Poor,Clear,Street Light,Motorcycle,2,Over Speeding,0,0,0,1,3,3,High
2023,12,Friday,7,Punjab,Rawalpindi,National Highway,Good,Foggy,Daylight,Car/Taxi,4,Over Speeding,1,0,0,1,4,1,High
2021,7,Sunday,18,Punjab,Gujranwala,National Highway,Good,Rainy,Dawn/Dusk,Rickshaw,2,Driver Fatigue,1,1,0,0,1,0,Medium
2018,12,Thursday,10,Sindh,Nawabshah,Provincial Highway,Average,Clear,Daylight,Motorcycle,3,Road Condition,0,0,0,1,2,0,Medium
2023,4,Friday,18,Balochistan,Khuzdar,Rural Road,Average,Rainy,Daylight,Truck/Lorry,3,Over Speeding,1,0,0,0,3,0,Medium
2021,8,Saturday,10,Sindh,Hyderabad,Urban Road,Average,Clear,Daylight,Rickshaw,1,Over Speeding,0,1,0,0,0,0,Low
2022,11,Sunday,7,Punjab,Gujranwala,Urban Road,Poor,Foggy,Daylight,Motorcycle,1,Mechanical Failure,1,1,0,1,3,0,Medium
2023,9,Wednesday,18,AJK,Muzaffarabad,Rural Road,Good,Clear,Daylight,Car/Taxi,1,Pedestrian Error,1,0,0,0,0,0,Low
2022,1,Friday,9,KPK,Swat,Rural Road,Average,Clear,Daylight,Motorcycle,1,Road Condition,1,0,0,1,1,0,Low
2021,6,Thursday,22,Punjab,Gujranwala,Provincial Highway,Under Repair,Clear,No Light,Van/Pickup,1,Drunk Driving,0,0,1,0,2,0,High
2022,8,Tuesday,10,Islamabad,Islamabad,Urban Road,Average,Clear,Daylight,Bus/Coach,3,Pedestrian Error,0,0,0,0,2,0,Low
2018,12,Thursday,19,Sindh,Kashmore,Rural Road,Good,Foggy,Dawn/Dusk,Motorcycle,2,Over Speeding,1,0,0,1,9,1,High
2020,4,Tuesday,12,Punjab,Multan,Provincial Highway,Good,Clear,Daylight,Motorcycle,2,Wrong Overtaking,1,0,0,0,2,0,Medium
2019,12,Tuesday,13,Sindh,Larkana,Urban Road,Poor,Dusty/Smoggy,Daylight,Car/Taxi,1,Wrong Overtaking,1,0,0,1,2,0,Low
2020,12,Tuesday,9,KPK,Charsadda,Motorway,Average,Clear,Daylight,Truck/Lorry,3,Mobile Phone Use,1,0,0,1,5,0,Medium
2020,12,Sunday,22,Sindh,Nawabshah,Provincial Highway,Under Repair,Clear,No Light,Car/Taxi,3,Pedestrian Error,0,1,1,1,0,0,Low
2020,8,Sunday,18,Punjab,Faisalabad,Urban Road,Average,Clear,Street Light,Truck/Lorry,3,Wrong Overtaking,1,1,0,0,1,0,Low
2020,4,Friday,14,Islamabad,Islamabad,Provincial Highway,Average,Clear,Daylight,Car/Taxi,2,Over Speeding,0,0,0,0,5,1,Medium
2021,4,Tuesday,2,Punjab,Rawalpindi,Urban Road,Good,Clear,No Light,Motorcycle,2,Signal Violation,0,0,1,0,4,0,Medium
2023,8,Saturday,17,KPK,Charsadda,Provincial Highway,Poor,Clear,Street Light,Motorcycle,2,Over Speeding,1,1,0,0,11,0,High
2018,8,Friday,23,Sindh,Karachi,National Highway,Average,Rainy,No Light,Motorcycle,2,Mobile Phone Use,0,0,1,0,6,1,High
2022,7,Friday,21,Punjab,Sialkot,Rural Road,Good,Foggy,Street Light,Motorcycle,2,Mechanical Failure,0,0,0,0,5,0,Medium
2023,10,Monday,16,Punjab,Rawalpindi,Urban Road,Poor,Clear,No Light,Bus/Coach,2,Drunk Driving,0,0,0,0,0,0,Low
2023,11,Monday,6,Balochistan,Sibi,Motorway,Good,Clear,No Light,Motorcycle,4,Over Speeding,0,0,0,1,8,0,High
2023,12,Friday,8,Punjab,Rahim Yar Khan,Urban Road,Average,Clear,Daylight,Truck/Lorry,2,Over Speeding,1,0,0,1,4,0,Medium
2022,1,Monday,12,Sindh,Karachi,Rural Road,Average,Clear,No Light,Motorcycle,1,Mechanical Failure,1,0,0,1,5,0,Medium
2019,7,Friday,14,Sindh,Hyderabad,Motorway,Average,Extreme Heat,Daylight,Motorcycle,3,Over Speeding,0,0,0,0,9,1,High
2023,11,Tuesday,8,KPK,Mansehra,National Highway,Good,Clear,Dawn/Dusk,Bicycle,1,Wrong Overtaking,1,0,0,1,2,0,Medium
2023,4,Thursday,7,Sindh,Larkana,Rural Road,Good,Clear,Dawn/Dusk,Rickshaw,2,Over Speeding,1,0,0,0,4,0,Medium
2023,11,Wednesday,19,Punjab,Rahim Yar Khan,National Highway,Average,Foggy,Street Light,Truck/Lorry,2,Signal Violation,1,0,0,1,8,1,High
2023,3,Thursday,8,Punjab,Lahore,Rural Road,Good,Clear,Dawn/Dusk,Motorcycle,1,Over Speeding,1,0,0,0,5,1,Medium
2018,8,Saturday,13,Balochistan,Dera Bugti,Rural Road,Good,Clear,Daylight,Van/Pickup,2,Wrong Overtaking,1,1,0,0,0,0,Low
2022,4,Monday,18,Sindh,Larkana,Provincial Highway,Average,Clear,Street Light,Motorcycle,3,Wrong Overtaking,1,0,0,0,10,3,High
2020,11,Wednesday,10,Punjab,Faisalabad,Rural Road,Average,Foggy,Street Light,Motorcycle,1,Over Speeding,0,0,0,1,3,1,High
2022,8,Monday,18,Islamabad,Islamabad,Provincial Highway,Poor,Foggy,Daylight,Motorcycle,3,Wrong Overtaking,1,0,0,0,4,0,Medium
2023,12,Sunday,21,KPK,Bannu,Urban Road,Good,Clear,Street Light,Truck/Lorry,3,Pedestrian Error,0,1,0,1,2,0,Low
2021,12,Friday,0,Punjab,Sargodha,National Highway,Average,Clear,No Light,Motorcycle,2,Drunk Driving,0,0,1,1,7,2,High
2020,12,Sunday,11,Gilgit-Baltistan,Skardu,National Highway,Good,Clear,Daylight,Truck/Lorry,2,Mechanical Failure,0,1,0,1,1,0,Medium
2021,6,Saturday,20,KPK,Bannu,Urban Road,Under Repair,Foggy,No Light,Car/Taxi,2,Over Speeding,1,1,0,0,3,1,Medium
2018,2,Friday,12,Punjab,Bahawalpur,Provincial Highway,Good,Dusty/Smoggy,Street Light,Rickshaw,3,Over Speeding,1,0,0,1,1,0,Medium
2018,7,Thursday,13,Punjab,Faisalabad,National Highway,Good,Clear,Daylight,Bus/Coach,2,Pedestrian Error,1,0,0,0,4,0,Medium
2019,6,Saturday,0,KPK,Abbottabad,National Highway,Good,Clear,Street Light,Car/Taxi,2,Road Condition,0,1,1,0,0,0,Low
2022,8,Sunday,17,KPK,Nowshera,Rural Road,Good,Dusty/Smoggy,Daylight,Bus/Coach,3,Pedestrian Error,1,1,0,0,1,0,Low
2019,11,Saturday,6,Punjab,Rahim Yar Khan,Provincial Highway,Good,Clear,Street Light,Truck/Lorry,3,Wrong Overtaking,0,1,0,1,5,1,Medium
2022,7,Thursday,17,Punjab,Multan,Rural Road,Average,Foggy,Daylight,Car/Taxi,2,Drunk Driving,1,0,0,0,4,1,Medium
2020,9,Tuesday,19,Punjab,Sialkot,National Highway,Good,Dusty/Smoggy,No Light,Rickshaw,1,Signal Violation,1,0,0,0,5,0,Medium
2021,9,Sunday,11,Sindh,Dadu,Provincial Highway,Good,Clear,Daylight,Motorcycle,1,Road Condition,0,1,0,0,0,0,Low
2018,6,Sunday,2,Punjab,Sargodha,Provincial Highway,Average,Clear,Street Light,Motorcycle,1,Signal Violation,0,1,1,0,7,0,High
2021,11,Monday,6,Punjab,Rawalpindi,National Highway,Poor,Clear,Daylight,Other,2,Over Speeding,0,0,0,1,1,1,Medium
2018,9,Wednesday,10,KPK,Mansehra,National Highway,Average,Clear,No Light,Truck/Lorry,1,Pedestrian Error,0,0,0,0,2,1,Medium
2022,5,Wednesday,8,KPK,Nowshera,Provincial Highway,Poor,Dusty/Smoggy,Dawn/Dusk,Motorcycle,1,Over Speeding,1,0,0,0,4,1,High
2021,8,Thursday,3,Sindh,Karachi,Provincial Highway,Under Repair,Foggy,Street Light,Motorcycle,3,Over Speeding,0,0,1,0,5,0,High
2019,10,Friday,14,Punjab,Sargodha,Rural Road,Good,Foggy,Daylight,Rickshaw,2,Signal Violation,0,0,0,0,2,0,Low
2019,1,Tuesday,11,Sindh,Mirpur Khas,Provincial Highway,Average,Clear,Daylight,Truck/Lorry,1,Signal Violation,0,0,0,1,2,0,Low
2023,3,Sunday,18,Punjab,Sargodha,Provincial Highway,Good,Clear,Daylight,Bus/Coach,1,Road Condition,1,1,0,0,1,0,Medium
2022,11,Friday,18,Islamabad,Islamabad,Provincial Highway,Average,Foggy,Daylight,Car/Taxi,2,Over Speeding,1,0,0,1,4,2,Medium
2022,9,Saturday,2,KPK,Nowshera,Rural Road,Good,Clear,No Light,Car/Taxi,2,Over Speeding,0,1,1,0,5,0,Medium
2023,2,Wednesday,22,Punjab,Sialkot,National Highway,Poor,Clear,Street Light,Motorcycle,1,Mobile Phone Use,0,0,1,1,1,2,Medium
2018,8,Saturday,4,Punjab,Rawalpindi,Rural Road,Good,Foggy,No Light,Car/Taxi,2,Wrong Overtaking,0,1,1,0,3,2,Medium
2021,9,Sunday,4,Sindh,Dadu,Urban Road,Under Repair,Clear,Street Light,Motorcycle,1,Wrong Overtaking,0,1,1,0,5,0,Medium
2021,5,Thursday,10,Sindh,Mirpur Khas,Urban Road,Good,Foggy,Daylight,Rickshaw,1,Mechanical Failure,0,0,0,0,2,0,Low
2022,7,Thursday,14,Sindh,Dadu,Provincial Highway,Average,Rainy,Daylight,Motorcycle,2,Driver Fatigue,0,0,0,0,9,2,High
2023,6,Saturday,9,KPK,Abbottabad,Provincial Highway,Good,Dusty/Smoggy,Daylight,Motorcycle,1,Road Condition,1,1,0,0,1,0,Low
2020,6,Friday,20,KPK,Nowshera,Urban Road,Poor,Foggy,Street Light,Truck/Lorry,1,Mechanical Failure,1,0,0,0,1,1,Low
2018,1,Thursday,18,Sindh,Mirpur Khas,Urban Road,Good,Clear,No Light,Motorcycle,2,Over Speeding,1,0,0,1,11,1,High
2023,1,Wednesday,12,Balochistan,Loralai,Urban Road,Good,Rainy,Daylight,Van/Pickup,1,Road Condition,1,0,0,1,1,0,Low
2022,8,Friday,6,KPK,Charsadda,Urban Road,Average,Dusty/Smoggy,Daylight,Motorcycle,1,Over Speeding,0,0,0,0,5,0,Medium
2022,4,Sunday,19,KPK,Charsadda,National Highway,Good,Dusty/Smoggy,Dawn/Dusk,Motorcycle,3,Pedestrian Error,1,1,0,0,3,0,Medium
2021,3,Saturday,14,Islamabad,Islamabad,Provincial Highway,Poor,Clear,Daylight,Motorcycle,2,Signal Violation,0,1,0,0,5,3,High
2018,7,Tuesday,23,Punjab,Gujranwala,Provincial Highway,Good,Rainy,Street Light,Van/Pickup,1,Mechanical Failure,0,0,1,0,5,0,Medium
2020,5,Monday,17,Punjab,Gujranwala,Rural Road,Under Repair,Clear,Daylight,Motorcycle,1,Wrong Overtaking,1,0,0,0,5,0,Medium
2021,7,Tuesday,20,Balochistan,Chaman,Urban Road,Poor,Foggy,No Light,Rickshaw,4,Mechanical Failure,1,0,0,0,1,0,Low
2018,1,Tuesday,19,KPK,Mansehra,Provincial Highway,Good,Clear,Dawn/Dusk,Truck/Lorry,2,Over Speeding,1,0,0,1,3,0,Medium
2021,9,Monday,7,Islamabad,Islamabad,Motorway,Poor,Clear,No Light,Truck/Lorry,4,Road Condition,1,0,0,0,4,1,Medium
2022,11,Saturday,7,Punjab,Sialkot,Urban Road,Average,Clear,Street Light,Car/Taxi,2,Wrong Overtaking,1,1,0,1,2,0,Low
2022,6,Saturday,7,Sindh,Hyderabad,Rural Road,Poor,Foggy,Daylight,Other,3,Drunk Driving,1,1,0,0,0,0,Low
2022,4,Wednesday,15,Punjab,Sargodha,Rural Road,Average,Clear,Daylight,Truck/Lorry,2,Wrong Overtaking,0,0,0,0,2,0,Low
2022,9,Thursday,18,Sindh,Kashmore,Urban Road,Average,Foggy,Daylight,Car/Taxi,4,Wrong Overtaking,1,0,0,0,0,0,Low
2023,4,Monday,12,Punjab,Sargodha,Provincial Highway,Good,Clear,Daylight,Car/Taxi,1,Weather Condition,1,0,0,0,1,0,Low
2020,5,Friday,8,Punjab,Sialkot,Provincial Highway,Good,Foggy,Daylight,Truck/Lorry,1,Over Speeding,1,0,0,0,5,1,High
2022,9,Monday,9,Punjab,Faisalabad,National Highway,Average,Clear,Daylight,Motorcycle,1,Mechanical Failure,1,0,0,0,3,0,Medium
2021,6,Friday,13,Sindh,Mirpur Khas,Urban Road,Good,Dusty/Smoggy,Daylight,Bus/Coach,3,Mechanical Failure,1,0,0,0,2,1,Low
2022,9,Thursday,12,Punjab,Sialkot,Provincial Highway,Good,Clear,Daylight,Motorcycle,3,Drunk Driving,1,0,0,0,4,1,High
2023,5,Monday,13,Punjab,Multan,National Highway,Good,Clear,Daylight,Rickshaw,3,Road Condition,1,0,0,0,2,0,Low
2023,11,Saturday,20,Punjab,Rahim Yar Khan,National Highway,Poor,Clear,Street Light,Car/Taxi,1,Over Speeding,1,1,0,1,3,2,Medium
2021,10,Tuesday,12,Punjab,Sialkot,Rural Road,Under Repair,Clear,Daylight,Car/Taxi,2,Wrong Overtaking,1,0,0,0,2,0,Low
2023,8,Friday,16,Islamabad,Islamabad,National Highway,Average,Foggy,Daylight,Motorcycle,2,Pedestrian Error,0,0,0,0,5,1,High
2018,10,Tuesday,12,Punjab,Gujranwala,Provincial Highway,Average,Foggy,Daylight,Car/Taxi,1,Mobile Phone Use,1,0,0,0,0,0,Low
2018,6,Saturday,13,Punjab,Rahim Yar Khan,Urban Road,Good,Rainy,Daylight,Motorcycle,3,Over Speeding,1,1,0,0,4,1,Medium
2022,8,Tuesday,23,KPK,Bannu,Provincial Highway,Good,Rainy,Street Light,Truck/Lorry,2,Over Speeding,0,0,1,0,7,1,High
2020,2,Friday,9,Sindh,Nawabshah,Provincial Highway,Good,Rainy,Daylight,Car/Taxi,1,Driver Fatigue,1,0,0,1,11,1,High
2019,12,Sunday,20,KPK,Peshawar,National Highway,Good,Clear,Street Light,Rickshaw,2,Over Speeding,1,1,0,1,8,3,High
2021,7,Friday,14,Sindh,Kashmore,Provincial Highway,Poor,Clear,Daylight,Bus/Coach,2,Wrong Overtaking,0,0,0,0,1,0,Low
2022,11,Thursday,5,Islamabad,Islamabad,National Highway,Average,Clear,Dawn/Dusk,Motorcycle,1,Wrong Overtaking,0,0,1,1,4,1,High
2022,11,Friday,9,Punjab,Rahim Yar Khan,Rural Road,Average,Clear,Daylight,Motorcycle,2,Over Speeding,1,0,0,1,1,1,Medium
2018,6,Sunday,23,AJK,Muzaffarabad,Urban Road,Average,Foggy,Street Light,Car/Taxi,3,Pedestrian Error,0,1,1,0,2,0,Low
2018,4,Tuesday,6,KPK,Mardan,Rural Road,Average,Clear,Daylight,Van/Pickup,1,Over Speeding,0,0,0,0,0,0,Low
2019,8,Thursday,2,Sindh,Hyderabad,Urban Road,Poor,Clear,No Light,Motorcycle,1,Signal Violation,0,0,1,0,2,0,Medium
2023,12,Friday,21,KPK,Swat,Urban Road,Good,Clear,Street Light,Motorcycle,2,Wrong Overtaking,0,0,0,1,2,0,Low
2023,5,Monday,4,Sindh,Kashmore,Provincial Highway,Good,Clear,No Light,Motorcycle,2,Over Speeding,0,0,1,0,11,1,High
2019,6,Tuesday,1,Punjab,Faisalabad,Provincial Highway,Average,Foggy,Street Light,Rickshaw,2,Drunk Driving,0,0,1,0,11,2,High
2023,10,Sunday,17,Punjab,Bahawalpur,Urban Road,Average,Clear,Daylight,Bus/Coach,2,Wrong Overtaking,1,1,0,0,0,0,Low
2022,3,Sunday,16,Islamabad,Islamabad,National Highway,Average,Dusty/Smoggy,Daylight,Motorcycle,3,Wrong Overtaking,0,1,0,0,11,2,High
2021,12,Saturday,10,Sindh,Thatta,Provincial Highway,Average,Dusty/Smoggy,Daylight,Rickshaw,3,Wrong Overtaking,0,1,0,1,0,0,Low
2023,4,Wednesday,11,Punjab,Faisalabad,Urban Road,Average,Clear,Daylight,Motorcycle,2,Mechanical Failure,0,0,0,0,1,0,Low
2023,8,Wednesday,3,KPK,Bannu,Urban Road,Average,Dusty/Smoggy,No Light,Motorcycle,1,Signal Violation,0,0,1,0,5,0,Medium
2023,4,Tuesday,16,Sindh,Dadu,Rural Road,Good,Clear,Street Light,Van/Pickup,1,Signal Violation,0,0,0,0,2,0,Low
2018,6,Friday,14,Punjab,Sheikhupura,Rural Road,Poor,Clear,Daylight,Car/Taxi,2,Over Speeding,0,0,0,0,5,0,Medium
2021,11,Tuesday,8,KPK,Bannu,Provincial Highway,Poor,Extreme Heat,Daylight,Motorcycle,2,Signal Violation,1,0,0,1,3,2,Medium
2023,6,Thursday,21,KPK,Nowshera,Urban Road,Good,Dusty/Smoggy,No Light,Motorcycle,3,Signal Violation,0,0,0,0,1,0,Low
2023,6,Saturday,9,Punjab,Sheikhupura,Provincial Highway,Poor,Extreme Heat,Daylight,Other,4,Road Condition,1,1,0,0,0,0,Low
2023,12,Thursday,12,Islamabad,Islamabad,Provincial Highway,Poor,Rainy,Daylight,Car/Taxi,1,Drunk Driving,1,0,0,1,3,0,Medium
2022,5,Tuesday,23,Punjab,Bahawalpur,Provincial Highway,Average,Clear,No Light,Car/Taxi,1,Wrong Overtaking,0,0,1,0,1,0,Low
2022,1,Friday,20,Sindh,Kashmore,National Highway,Average,Rainy,No Light,Motorcycle,1,Road Condition,1,0,0,1,8,2,High
2019,5,Sunday,21,Punjab,Bahawalpur,National Highway,Good,Clear,Street Light,Bus/Coach,2,Over Speeding,0,1,0,0,2,1,Medium
2022,2,Friday,20,Sindh,Jacobabad,National Highway,Under Repair,Foggy,Street Light,Car/Taxi,3,Over Speeding,1,0,0,1,11,0,High
2018,7,Monday,16,Punjab,Faisalabad,Provincial Highway,Good,Clear,Dawn/Dusk,Motorcycle,1,Mechanical Failure,0,0,0,0,4,0,Medium
2021,1,Saturday,11,Punjab,Faisalabad,Provincial Highway,Good,Clear,Daylight,Car/Taxi,1,Signal Violation,0,1,0,1,2,0,Low
2022,8,Sunday,16,KPK,Charsadda,National Highway,Average,Dusty/Smoggy,Street Light,Car/Taxi,2,Over Speeding,0,1,0,0,2,1,Medium
2023,1,Tuesday,5,Punjab,Faisalabad,Rural Road,Poor,Clear,Dawn/Dusk,Motorcycle,2,Wrong Overtaking,0,0,1,1,5,1,Medium
2020,2,Thursday,17,KPK,Mardan,National Highway,Good,Clear,Street Light,Car/Taxi,2,Pedestrian Error,1,0,0,1,2,0,Low
2020,3,Sunday,6,Sindh,Jacobabad,National Highway,Poor,Rainy,Daylight,Motorcycle,4,Mechanical Failure,0,1,0,0,8,1,High
2018,4,Thursday,20,AJK,Rawalakot,Provincial Highway,Average,Rainy,No Light,Motorcycle,2,Over Speeding,1,0,0,0,4,2,High
2022,4,Wednesday,22,Sindh,Karachi,National Highway,Average,Clear,No Light,Motorcycle,2,Signal Violation,0,0,1,0,4,3,High
2022,11,Wednesday,13,Punjab,Sargodha,Rural Road,Good,Rainy,Daylight,Rickshaw,2,Over Speeding,1,0,0,1,1,1,Medium
2022,2,Saturday,8,Punjab,Gujranwala,Urban Road,Good,Clear,Daylight,Car/Taxi,2,Over Speeding,1,1,0,1,2,0,Low
2018,12,Thursday,9,Balochistan,Hub,Provincial Highway,Under Repair,Foggy,Daylight,Motorcycle,3,Over Speeding,1,0,0,1,5,0,High
2023,1,Tuesday,6,Balochistan,Turbat,Provincial Highway,Poor,Clear,Daylight,Van/Pickup,2,Over Speeding,0,0,0,1,0,0,Low
2020,2,Tuesday,12,Punjab,Sialkot,Provincial Highway,Average,Foggy,Street Light,Motorcycle,4,Wrong Overtaking,1,0,0,1,2,2,Medium
2022,3,Monday,13,Sindh,Larkana,Rural Road,Good,Rainy,Daylight,Bus/Coach,3,Mobile Phone Use,1,0,0,0,0,0,Low
2019,12,Saturday,17,Sindh,Jacobabad,Urban Road,Poor,Foggy,Street Light,Car/Taxi,1,Over Speeding,1,1,0,1,2,0,Low
2021,1,Saturday,19,Islamabad,Islamabad,Provincial Highway,Average,Clear,No Light,Motorcycle,4,Driver Fatigue,1,1,0,1,2,1,High
2021,11,Wednesday,17,Islamabad,Islamabad,Provincial Highway,Under Repair,Clear,Daylight,Motorcycle,1,Over Speeding,1,0,0,1,3,0,High
2019,7,Thursday,14,AJK,Muzaffarabad,Provincial Highway,Poor,Clear,Daylight,Bus/Coach,1,Wrong Overtaking,0,0,0,0,2,0,Medium
2023,5,Saturday,18,Balochistan,Turbat,Urban Road,Poor,Dusty/Smoggy,Daylight,Motorcycle,2,Over Speeding,1,1,0,0,5,0,Medium
2023,5,Friday,15,Balochistan,Chaman,National Highway,Average,Foggy,No Light,Truck/Lorry,1,Mobile Phone Use,0,0,0,0,10,3,High
2023,8,Sunday,2,Punjab,Gujranwala,Provincial Highway,Poor,Foggy,Street Light,Motorcycle,1,Drunk Driving,0,1,1,0,6,2,High
2019,7,Thursday,10,KPK,Charsadda,National Highway,Average,Extreme Heat,Daylight,Rickshaw,1,Over Speeding,0,0,0,0,4,1,Medium
2019,11,Friday,5,KPK,Nowshera,National Highway,Good,Clear,Dawn/Dusk,Car/Taxi,2,Wrong Overtaking,0,0,1,1,1,0,Medium
2018,4,Friday,1,Islamabad,Islamabad,National Highway,Poor,Rainy,No Light,Motorcycle,2,Signal Violation,0,0,1,0,2,2,High
2023,11,Wednesday,3,Sindh,Sukkur,Provincial Highway,Poor,Clear,Street Light,Motorcycle,1,Mechanical Failure,0,0,1,1,1,0,Medium
2018,8,Monday,12,Punjab,Sheikhupura,National Highway,Average,Clear,Daylight,Van/Pickup,2,Over Speeding,1,0,0,0,5,1,High
2020,12,Wednesday,9,Sindh,Dadu,Provincial Highway,Under Repair,Clear,No Light,Motorcycle,2,Wrong Overtaking,1,0,0,1,4,1,Medium
2021,1,Monday,5,KPK,Mardan,Urban Road,Good,Clear,No Light,Rickshaw,1,Signal Violation,0,0,1,1,5,0,Medium
2021,10,Wednesday,17,Punjab,Rawalpindi,Rural Road,Good,Foggy,Daylight,Car/Taxi,1,Mechanical Failure,1,0,0,0,1,0,Low
2020,9,Tuesday,12,Punjab,Rahim Yar Khan,Urban Road,Average,Clear,Daylight,Motorcycle,1,Mechanical Failure,1,0,0,0,3,0,Medium
2019,6,Monday,12,Sindh,Kashmore,Urban Road,Average,Foggy,Daylight,Truck/Lorry,1,Mobile Phone Use,1,0,0,0,1,0,Low
2022,5,Saturday,6,Punjab,Lahore,Rural Road,Good,Clear,Daylight,Car/Taxi,3,Mechanical Failure,0,1,0,0,0,0,Low
2019,1,Friday,6,Punjab,Lahore,Provincial Highway,Average,Dusty/Smoggy,Daylight,Motorcycle,3,Mechanical Failure,0,0,0,1,1,0,Low
2020,12,Sunday,15,Punjab,Rawalpindi,Provincial Highway,Average,Clear,Daylight,Car/Taxi,4,Over Speeding,0,1,0,1,1,0,Low
2021,2,Friday,23,Islamabad,Islamabad,National Highway,Average,Rainy,Street Light,Car/Taxi,2,Signal Violation,0,0,1,1,11,2,High
2022,3,Thursday,0,KPK,Abbottabad,Provincial Highway,Poor,Clear,Street Light,Car/Taxi,2,Drunk Driving,0,0,1,0,4,0,Medium
2023,11,Saturday,20,Punjab,Gujranwala,Provincial Highway,Average,Clear,Street Light,Motorcycle,2,Signal Violation,1,1,0,1,1,1,Medium
2021,7,Monday,9,KPK,Mansehra,Rural Road,Poor,Rainy,Daylight,Motorcycle,1,Wrong Overtaking,1,0,0,0,10,3,High
2020,7,Wednesday,5,KPK,Swat,Provincial Highway,Under Repair,Clear,Street Light,Truck/Lorry,2,Over Speeding,0,0,1,0,4,1,High
2018,7,Sunday,18,Punjab,Rahim Yar Khan,Urban Road,Average,Clear,Dawn/Dusk,Motorcycle,2,Road Condition,1,1,0,0,0,0,Low
2022,12,Wednesday,2,Punjab,Sargodha,Urban Road,Good,Clear,Street Light,Rickshaw,1,Wrong Overtaking,0,0,1,1,2,0,Medium
2022,12,Saturday,18,Sindh,Sukkur,Urban Road,Average,Clear,Daylight,Truck/Lorry,1,Signal Violation,1,1,0,1,0,0,Low
2018,6,Sunday,23,Sindh,Larkana,Urban Road,Poor,Clear,No Light,Car/Taxi,2,Wrong Overtaking,0,1,1,0,1,0,Low
2022,8,Tuesday,7,KPK,Kohat,Rural Road,Average,Extreme Heat,Dawn/Dusk,Bus/Coach,2,Over Speeding,1,0,0,0,4,1,Medium
2020,7,Thursday,8,Sindh,Thatta,Urban Road,Average,Clear,Daylight,Rickshaw,2,Drunk Driving,1,0,0,0,1,0,Low
2019,6,Tuesday,18,Punjab,Sheikhupura,Rural Road,Good,Foggy,Daylight,Truck/Lorry,2,Wrong Overtaking,1,0,0,0,3,0,Medium
2018,12,Saturday,6,AJK,Rawalakot,Urban Road,Poor,Clear,Daylight,Car/Taxi,3,Signal Violation,0,1,0,1,1,0,Low
2019,1,Saturday,18,Punjab,Lahore,Rural Road,Average,Foggy,Daylight,Motorcycle,1,Wrong Overtaking,1,1,0,1,1,2,Medium
2018,2,Sunday,4,KPK,Mardan,Urban Road,Good,Clear,Street Light,Motorcycle,4,Wrong Overtaking,0,1,1,1,10,0,High
2020,3,Saturday,12,Punjab,Faisalabad,Provincial Highway,Good,Clear,Daylight,Rickshaw,2,Wrong Overtaking,1,1,0,0,2,0,Low
2019,7,Monday,12,Punjab,Rawalpindi,National Highway,Poor,Clear,Daylight,Motorcycle,1,Road Condition,1,0,0,0,5,0,Medium
2019,2,Wednesday,12,Sindh,Hyderabad,Rural Road,Good,Clear,Daylight,Motorcycle,3,Mechanical Failure,1,0,0,1,0,0,Low
2023,7,Saturday,17,Punjab,Lahore,National Highway,Under Repair,Rainy,Daylight,Bus/Coach,1,Drunk Driving,1,1,0,0,7,1,High
2021,7,Monday,18,Sindh,Nawabshah,Rural Road,Average,Foggy,Daylight,Motorcycle,1,Mobile Phone Use,1,0,0,0,2,0,Medium
2023,11,Tuesday,18,Punjab,Sargodha,Urban Road,Good,Clear,Daylight,Car/Taxi,2,Wrong Overtaking,1,0,0,1,0,1,Low
2021,8,Monday,12,Sindh,Karachi,Urban Road,Good,Clear,Dawn/Dusk,Car/Taxi,1,Road Condition,1,0,0,0,2,0,Low
2023,11,Thursday,18,KPK,Bannu,Provincial Highway,Average,Clear,Daylight,Rickshaw,1,Signal Violation,1,0,0,1,2,0,Low
2021,12,Thursday,12,Punjab,Sargodha,National Highway,Average,Clear,Street Light,Car/Taxi,2,Road Condition,1,0,0,1,1,1,Medium
2020,7,Monday,18,Balochistan,Gwadar,Urban Road,Average,Dusty/Smoggy,Daylight,Car/Taxi,4,Over Speeding,1,0,0,0,1,0,Low
2023,7,Wednesday,10,Punjab,Rawalpindi,Provincial Highway,Average,Clear,Daylight,Motorcycle,2,Signal Violation,0,0,0,0,6,1,High
2022,6,Wednesday,20,Punjab,Sialkot,Provincial Highway,Poor,Dusty/Smoggy,Street Light,Motorcycle,3,Over Speeding,1,0,0,0,9,4,High
2023,8,Sunday,12,KPK,Abbottabad,Urban Road,Average,Clear,Dawn/Dusk,Truck/Lorry,2,Mechanical Failure,1,1,0,0,0,0,Low
2020,5,Thursday,23,Sindh,Larkana,National Highway,Poor,Rainy,No Light,Motorcycle,1,Mechanical Failure,0,0,1,0,2,1,High
2022,9,Monday,2,Sindh,Dadu,Urban Road,Average,Dusty/Smoggy,No Light,Motorcycle,1,Pedestrian Error,0,0,1,0,4,0,Medium