year,month,day_of_week,hour_of_day,province,district,road_type,road_condition,weather_condition,lighting_condition,vehicle_type,vehicles_involved,accident_cause,is_rush_hour,is_weekend,is_night,is_foggy_month,num_injured,num_killed,severity
2019,11,Wednesday,12,Punjab,Gujranwala,Motorway,Average,Clear,Daylight,Motorcycle,1,Over Speeding,1,0,0,1,2,0,High
2019,4,Monday,9,KPK,Dera Ismail Khan,National Highway,Average,Foggy,Dawn/Dusk,Motorcycle,3,Signal Violation,1,0,0,0,2,0,High
2023,11,Friday,22,Sindh,Mirpur Khas,Provincial Highway,Poor,Clear,No Light,Motorcycle,2,Over Speeding,0,0,1,1,3,0,High
2020,6,Wednesday,4,Punjab,Sheikhupura,Provincial Highway,Good,Foggy,Street Light,Car/Taxi,1,Wrong Overtaking,0,0,1,0,3,1,Medium
2019,7,Monday,16,Punjab,Faisalabad,National Highway,Poor,Rainy,Daylight,Van/Pickup,3,Road Condition,0,0,0,0,4,0,Medium
2020,9,Friday,18,KPK,Nowshera,Provincial Highway,Poor,Foggy,Street Light,Motorcycle,1,Over Speeding,1,0,0,0,3,1,High
2021,6,Wednesday,9,Sindh,Jacobabad,National Highway,Average,Clear,Dawn/Dusk,Car/Taxi,2,Weather Condition,1,0,0,0,1,0,Low
2018,8,Sunday,20,Punjab,Sialkot,Rural Road,Average,Clear,No Light,Rickshaw,2,Over Speeding,1,1,0,0,2,0,Low
2021,8,Tuesday,17,Punjab,Multan,Rural Road,Good,Foggy,Daylight,Van/Pickup,1,Over Speeding,1,0,0,0,0,0,Low
2023,4,Saturday,19,Punjab,Sargodha,Rural Road,Good,Foggy,Dawn/Dusk,Rickshaw,4,Road Condition,1,1,0,0,2,0,Low
2022,12,Friday,18,Sindh,Sukkur,Rural Road,Average,Extreme Heat,Daylight,Other,2,Over Speeding,1,0,0,1,1,0,Low
2019,4,Friday,21,Balochistan,Sibi,Urban Road,Good,Clear,Street Light,Motorcycle,2,Over Speeding,0,0,0,0,5,0,Medium
2023,12,Sunday,18,Sindh,Karachi,Rural Road,Poor,Clear,Dawn/Dusk,Truck/Lorry,2,Driver Fatigue,1,1,0,1,1,0,Low
2023,11,Saturday,13,Sindh,Nawabshah,Provincial Highway,Average,Rainy,Daylight,Motorcycle,4,Over Speeding,1,1,0,1,5,2,High
2022,8,Saturday,19,Balochistan,Quetta,Rural Road,Average,Clear,Dawn/Dusk,Car/Taxi,3,Over Speeding,1,1,0,0,2,0,Low
2022,3,Saturday,10,Sindh,Nawabshah,Rural Road,Good,Clear,No Light,Van/Pickup,2,Road Condition,0,1,0,0,1,0,Low
2022,5,Saturday,17,Sindh,Mirpur Khas,Provincial Highway,Average,Clear,Daylight,Rickshaw,2,Over Speeding,1,1,0,0,2,0,Low
2018,11,Friday,21,Punjab,Gujranwala,Rural Road,Good,Foggy,Street Light,Motorcycle,2,Road Condition,0,0,0,1,4,0,Medium
2021,4,Saturday,19,Sindh,Kashmore,Provincial Highway,Good,Dusty/Smoggy,Dawn/Dusk,Motorcycle,3,Drunk Driving,1,1,0,0,3,0,High
2022,5,Tuesday,18,Sindh,Nawabshah,Urban Road,Poor,Foggy,Street Light,Motorcycle,1,Driver Fatigue,1,0,0,0,6,2,High
2023,5,Monday,14,Punjab,Bahawalpur,Rural Road,Under Repair,Foggy,Daylight,Motorcycle,2,Over Speeding,0,0,0,0,8,0,High
2022,8,Wednesday,4,Gilgit-Baltistan,Gilgit,Rural Road,Average,Dusty/Smoggy,Street Light,Rickshaw,2,Road Condition,0,0,1,0,0,0,Low
2018,5,Wednesday,11,Balochistan,Khuzdar,Urban Road,Poor,Foggy,Dawn/Dusk,Motorcycle,1,Over Speeding,0,0,0,0,2,1,High
2019,8,Wednesday,23,KPK,Kohat,Provincial Highway,Average,Clear,Street Light,Car/Taxi,1,Wrong Overtaking,0,0,1,0,1,1,Medium
2022,10,Wednesday,20,Sindh,Nawabshah,National Highway,Average,Rainy,No Light,Motorcycle,2,Over Speeding,1,0,0,0,6,0,High
2023,12,Thursday,19,Sindh,Karachi,Motorway,Average,Dusty/Smoggy,No Light,Motorcycle,4,Road Condition,1,0,0,1,4,2,Medium
2021,12,Thursday,22,Punjab,Lahore,Urban Road,Average,Clear,No Light,Motorcycle,2,Drunk Driving,0,0,1,1,2,2,High
2022,3,Thursday,8,Punjab,Lahore,National Highway,Good,Clear,Daylight,Motorcycle,1,Road Condition,1,0,0,0,5,0,Medium
2018,12,Monday,4,KPK,Mardan,Motorway,Poor,Dusty/Smoggy,Street Light,Motorcycle,1,Road Condition,0,0,1,1,10,1,High
2020,3,Monday,1,Sindh,Larkana,Provincial Highway,Good,Clear,No Light,Van/Pickup,3,Over Speeding,0,0,1,0,4,0,Medium
2023,1,Thursday,13,Balochistan,Zhob,Motorway,Good,Clear,Street Light,Car/Taxi,2,Drunk Driving,1,0,0,1,1,0,Medium
2019,5,Friday,20,Punjab,Rawalpindi,Provincial Highway,Good,Dusty/Smoggy,No Light,Car/Taxi,1,Over Speeding,1,0,0,0,4,0,Medium
2018,4,Wednesday,19,Sindh,Dadu,Rural Road,Good,Foggy,Dawn/Dusk,Motorcycle,2,Pedestrian Error,1,0,0,0,5,0,Medium
2021,5,Tuesday,20,Sindh,Sukkur,Rural Road,Good,Clear,Street Light,Motorcycle,1,Over Speeding,1,0,0,0,10,1,High
2022,12,Monday,8,Sindh,Larkana,Provincial Highway,Good,Clear,Street Light,Motorcycle,2,Mobile Phone Use,1,0,0,1,2,1,Medium
2022,8,Saturday,2,Balochistan,Gwadar,Provincial Highway,Good,Clear,Street Light,Car/Taxi,1,Over Speeding,0,1,1,0,5,0,Medium
2023,1,Tuesday,19,AJK,Rawalakot,Urban Road,Good,Clear,Daylight,Car/Taxi,3,Wrong Overtaking,1,0,0,1,0,0,Low
2020,12,Sunday,12,Punjab,Gujranwala,Rural Road,Poor,Clear,Daylight,Truck/Lorry,2,Road Condition,1,1,0,1,1,0,Low
2020,10,Tuesday,19,Punjab,Gujranwala,National Highway,Good,Clear,No Light,Rickshaw,2,Driver Fatigue,1,0,0,0,5,1,Medium
2023,7,Thursday,20,Punjab,Faisalabad,National Highway,Good,Clear,No Light,Bus/Coach,1,Over Speeding,1,0,0,0,4,2,Medium
2018,6,Sunday,17,KPK,Mansehra,Provincial Highway,Poor,Clear,Daylight,Van/Pickup,2,Driver Fatigue,1,1,0,0,2,0,Low
2018,9,Tuesday,13,Punjab,Sheikhupura,National Highway,Poor,Rainy,Street Light,Rickshaw,2,Road Condition,1,0,0,0,1,0,Low
2018,4,Thursday,16,KPK,Kohat,National Highway,Average,Rainy,Daylight,Rickshaw,2,Driver Fatigue,0,0,0,0,4,3,High
2020,11,Saturday,18,Punjab,Lahore,Provincial Highway,Good,Foggy,Dawn/Dusk,Rickshaw,3,Road Condition,1,1,0,1,1,0,Low
2023,7,Tuesday,18,Sindh,Dadu,Provincial Highway,Good,Clear,Street Light,Car/Taxi,1,Road Condition,1,0,0,0,1,0,Low
2018,7,Saturday,16,KPK,Nowshera,Rural Road,Average,Foggy,Street Light,Motorcycle,2,Drunk Driving,0,1,0,0,10,1,High
2023,5,Monday,4,Sindh,Jacobabad,Rural Road,Good,Dusty/Smoggy,No Light,Car/Taxi,1,Road Condition,0,0,1,0,2,0,Low
2019,9,Sunday,11,Sindh,Nawabshah,National Highway,Poor,Clear,Daylight,Motorcycle,3,Road Condition,0,1,0,0,3,0,Medium
2019,5,Wednesday,13,Punjab,Lahore,Rural Road,Poor,Clear,Daylight,Bicycle,1,Pedestrian Error,1,0,0,0,2,0,Low
2019,7,Thursday,0,Punjab,Sargodha,National Highway,Average,Clear,Street Light,Motorcycle,2,Over Speeding,0,0,1,0,2,0,High
2022,2,Monday,20,Sindh,Larkana,Urban Road,Average,Clear,Street Light,Car/Taxi,1,Wrong Overtaking,1,0,0,1,2,0,Low
2023,10,Tuesday,17,Sindh,Mirpur Khas,Provincial Highway,Average,Clear,Daylight,Truck/Lorry,2,Pedestrian Error,1,0,0,0,5,0,Medium
2022,12,Wednesday,16,Balochistan,Loralai,National Highway,Good,Rainy,Dawn/Dusk,Car/Taxi,2,Driver Fatigue,0,0,0,1,5,0,Medium
2018,3,Monday,19,Balochistan,Khuzdar,Provincial Highway,Good,Dusty/Smoggy,Daylight,Rickshaw,3,Mechanical Failure,1,0,0,0,1,0,Low
2021,1,Tuesday,11,KPK,Mardan,Rural Road,Average,Rainy,Dawn/Dusk,Car/Taxi,2,Mechanical Failure,0,0,0,1,1,0,Low
2018,11,Friday,12,Punjab,Lahore,Provincial Highway,Average,Dusty/Smoggy,Dawn/Dusk,Motorcycle,3,Signal Violation,1,0,0,1,1,0,Medium
2019,6,Monday,22,KPK,Charsadda,National Highway,Poor,Foggy,Street Light,Motorcycle,2,Wrong Overtaking,0,0,1,0,8,2,High
2023,11,Sunday,18,Punjab,Bahawalpur,National Highway,Average,Foggy,Daylight,Motorcycle,1,Pedestrian Error,1,1,0,1,9,2,High
2023,5,Monday,12,Punjab,Sargodha,Provincial Highway,Poor,Clear,Daylight,Motorcycle,2,Mobile Phone Use,1,0,0,0,2,1,Medium
2021,2,Monday,8,Punjab,Rahim Yar Khan,Provincial Highway,Average,Clear,Daylight,Car/Taxi,1,Signal Violation,1,0,0,1,4,0,Medium
2023,9,Friday,17,Punjab,Sheikhupura,Rural Road,Average,Clear,Daylight,Car/Taxi,1,Road Condition,1,0,0,0,2,0,Low
2023,12,Saturday,19,Punjab,Rahim Yar Khan,Provincial Highway,Average,Foggy,Dawn/Dusk,Bus/Coach,3,Over Speeding,1,1,0,1,6,1,High
2023,2,Saturday,16,Sindh,Karachi,National Highway,Average,Extreme Heat,Daylight,Bus/Coach,1,Over Speeding,0,1,0,1,10,1,High
2018,3,Monday,8,Islamabad,Islamabad,Urban Road,Good,Dusty/Smoggy,Daylight,Motorcycle,2,Over Speeding,1,0,0,0,5,1,Medium
2018,2,Monday,15,Punjab,Rawalpindi,Urban Road,Poor,Foggy,Daylight,Car/Taxi,1,Driver Fatigue,0,0,0,1,2,0,Medium
2021,1,Sunday,7,Balochistan,Hub,Provincial Highway,Good,Clear,Street Light,Bus/Coach,2,Drunk Driving,1,1,0,1,1,1,Medium
2020,12,Saturday,1,Punjab,Faisalabad,National Highway,Poor,Clear,No Light,Van/Pickup,2,Over Speeding,0,1,1,1,4,1,Medium
2018,2,Sunday,17,Punjab,Sargodha,National Highway,Good,Clear,Daylight,Rickshaw,1,Over Speeding,1,1,0,1,2,1,Medium
2023,7,Saturday,11,Sindh,Nawabshah,Provincial Highway,Under Repair,Clear,Daylight,Motorcycle,2,Wrong Overtaking,0,1,0,0,2,1,Medium
2019,11,Tuesday,21,KPK,Dera Ismail Khan,National Highway,Good,Clear,No Light,Motorcycle,1,Over Speeding,0,0,0,1,11,1,High
2019,7,Saturday,17,Punjab,Faisalabad,National Highway,Average,Clear,No Light,Other,1,Wrong Overtaking,1,1,0,0,0,0,Low
2022,7,Thursday,13,Punjab,Bahawalpur,National Highway,Average,Rainy,Daylight,Motorcycle,2,Signal Violation,1,0,0,0,3,0,High
2021,7,Wednesday,14,Sindh,Sukkur,National Highway,Poor,Clear,Daylight,Rickshaw,2,Driver Fatigue,0,0,0,0,4,0,Medium
2023,12,Monday,23,Punjab,Multan,Rural Road,Poor,Dusty/Smoggy,No Light,Motorcycle,1,Mechanical Failure,0,0,1,1,2,2,Medium
2021,2,Friday,10,KPK,Kohat,National Highway,Good,Clear,Daylight,Rickshaw,2,Mechanical Failure,0,0,0,1,2,0,Low
2018,6,Tuesday,16,Sindh,Nawabshah,National Highway,Average,Foggy,Daylight,Motorcycle,2,Over Speeding,0,0,0,0,6,1,High
2019,8,Friday,11,Punjab,Sheikhupura,Provincial Highway,Poor,Dusty/Smoggy,Daylight,Car/Taxi,1,Road Condition,0,0,0,0,1,0,Low
2023,3,Saturday,20,Balochistan,Sibi,Rural Road,Good,Clear,Street Light,Motorcycle,2,Road Condition,1,1,0,0,2,0,Low
2019,3,Sunday,17,Punjab,Sheikhupura,Provincial Highway,Average,Clear,Daylight,Motorcycle,1,Mechanical Failure,1,1,0,0,1,0,Low
2020,6,Saturday,15,KPK,Charsadda,National Highway,Good,Clear,Daylight,Motorcycle,3,Over Speeding,0,1,0,0,2,3,High
2018,1,Thursday,9,KPK,Kohat,Urban Road,Under Repair,Foggy,Dawn/Dusk,Motorcycle,3,Over Speeding,1,0,0,1,1,0,Medium
2018,2,Thursday,13,Islamabad,Islamabad,Provincial Highway,Under Repair,Clear,Daylight,Motorcycle,4,Over Speeding,1,0,0,1,2,2,High
2023,6,Friday,11,Sindh,Mirpur Khas,Urban Road,Good,Rainy,Daylight,Rickshaw,3,Over Speeding,0,0,0,0,2,1,Medium
2023,3,Thursday,7,Sindh,Larkana,Urban Road,Good,Clear,Daylight,Motorcycle,1,Driver Fatigue,1,0,0,0,10,2,High
2022,1,Saturday,16,Punjab,Sargodha,National Highway,Average,Clear,Daylight,Bicycle,3,Mobile Phone Use,0,1,0,1,1,1,Medium
2023,4,Saturday,13,KPK,Swat,Provincial Highway,Poor,Clear,Daylight,Motorcycle,2,Over Speeding,1,1,0,0,3,0,High
2019,12,Saturday,12,Sindh,Mirpur Khas,Urban Road,Good,Clear,Daylight,Bicycle,3,Pedestrian Error,1,1,0,1,2,0,Low
2023,6,Thursday,9,Sindh,Dadu,Provincial Highway,Average,Clear,Dawn/Dusk,Rickshaw,3,Road Condition,1,0,0,0,2,1,Low
2020,2,Sunday,15,Balochistan,Loralai,Rural Road,Average,Foggy,Dawn/Dusk,Motorcycle,2,Over Speeding,0,1,0,1,5,2,Medium
2021,1,Saturday,12,Punjab,Sheikhupura,Rural Road,Good,Extreme Heat,Daylight,Truck/Lorry,2,Driver Fatigue,1,1,0,1,3,0,Medium
2018,1,Thursday,19,Balochistan,Chaman,Urban Road,Good,Clear,Dawn/Dusk,Bicycle,2,Road Condition,1,0,0,1,2,1,Medium
2018,4,Friday,6,Balochistan,Khuzdar,National Highway,Under Repair,Clear,Daylight,Van/Pickup,3,Wrong Overtaking,0,0,0,0,5,1,Medium
2018,12,Sunday,20,Sindh,Sukkur,Provincial Highway,Poor,Clear,No Light,Motorcycle,2,Wrong Overtaking,1,1,0,1,2,0,Medium
2022,10,Tuesday,17,Sindh,Hyderabad,Provincial Highway,Average,Foggy,Daylight,Motorcycle,2,Mobile Phone Use,1,0,0,0,3,0,Medium
2020,5,Thursday,12,Punjab,Rawalpindi,National Highway,Good,Foggy,Daylight,Motorcycle,2,Weather Condition,1,0,0,0,4,1,Medium
2020,8,Friday,11,Gilgit-Baltistan,Skardu,Provincial Highway,Good,Rainy,Street Light,Other,1,Mobile Phone Use,0,0,0,0,1,0,Low
2023,2,Saturday,23,Punjab,Rahim Yar Khan,National Highway,Good,Clear,Street Light,Motorcycle,2,Wrong Overtaking,0,1,1,1,11,0,High
2020,4,Thursday,1,Sindh,Sukkur,Urban Road,Average,Dusty/Smoggy,Street Light,Motorcycle,3,Signal Violation,0,0,1,0,7,0,High
2023,11,Sunday,13,KPK,Abbottabad,Rural Road,Average,Clear,Daylight,Motorcycle,1,Over Speeding,1,1,0,1,1,2,Medium
2022,6,Monday,18,Islamabad,Islamabad,Rural Road,Average,Foggy,No Light,Rickshaw,2,Over Speeding,1,0,0,0,2,0,Low
2019,5,Tuesday,11,KPK,Mansehra,National Highway,Good,Clear,Daylight,Bus/Coach,2,Mobile Phone Use,0,0,0,0,3,0,Medium
2019,8,Saturday,14,Sindh,Dadu,Provincial Highway,Good,Dusty/Smoggy,Daylight,Motorcycle,3,Signal Violation,0,1,0,0,4,0,Medium
2023,7,Saturday,21,Punjab,Sargodha,National Highway,Average,Clear,No Light,Bicycle,1,Signal Violation,0,1,0,0,2,1,Medium
2022,6,Wednesday,14,Punjab,Sargodha,Provincial Highway,Good,Clear,Daylight,Van/Pickup,2,Signal Violation,0,0,0,0,3,1,Medium
2023,6,Tuesday,20,Punjab,Sargodha,National Highway,Good,Clear,No Light,Motorcycle,2,Wrong Overtaking,1,0,0,0,2,2,High
2018,4,Thursday,19,Balochistan,Quetta,Urban Road,Average,Clear,Daylight,Car/Taxi,2,Over Speeding,1,0,0,0,1,0,Low
2019,7,Friday,17,KPK,Swat,National Highway,Average,Extreme Heat,Street Light,Car/Taxi,2,Over Speeding,1,0,0,0,1,2,Medium
2020,12,Tuesday,19,KPK,Bannu,Urban Road,Good,Foggy,Dawn/Dusk,Car/Taxi,1,Over Speeding,1,0,0,1,1,0,Medium
2020,10,Monday,4,Sindh,Larkana,Rural Road,Average,Foggy,No Light,Car/Taxi,2,Wrong Overtaking,0,0,1,0,2,0,Low
2022,5,Sunday,13,Sindh,Jacobabad,Provincial Highway,Good,Clear,Daylight,Bus/Coach,2,Mechanical Failure,1,1,0,0,0,0,Low
2022,8,Thursday,23,Punjab,Faisalabad,Motorway,Good,Foggy,No Light,Motorcycle,3,Over Speeding,0,0,1,0,3,0,High
2023,8,Thursday,16,Punjab,Sialkot,Rural Road,Good,Extreme Heat,Daylight,Car/Taxi,3,Signal Violation,0,0,0,0,2,0,Low
2019,12,Wednesday,21,Punjab,Gujranwala,Provincial Highway,Good,Clear,No Light,Motorcycle,1,Road Condition,0,0,0,1,5,0,Medium
2020,12,Friday,8,KPK,Dera Ismail Khan,Urban Road,Good,Clear,Daylight,Motorcycle,2,Over Speeding,1,0,0,1,3,2,Medium
2020,5,Saturday,2,Punjab,Faisalabad,Urban Road,Under Repair,Rainy,No Light,Motorcycle,2,Signal Violation,0,1,1,0,10,2,High
2023,12,Monday,22,KPK,Abbottabad,National Highway,Average,Clear,Street Light,Motorcycle,2,Road Condition,0,0,1,1,5,0,High
2018,11,Saturday,22,KPK,Abbottabad,Provincial Highway,Under Repair,Clear,Street Light,Car/Taxi,2,Driver Fatigue,0,1,1,1,1,1,Medium
2020,6,Friday,20,Sindh,Sukkur,Provincial Highway,Average,Clear,No Light,Car/Taxi,2,Mechanical Failure,1,0,0,0,0,0,Low
2019,12,Sunday,23,Punjab,Gujranwala,Provincial Highway,Under Repair,Clear,No Light,Motorcycle,2,Over Speeding,0,1,1,1,11,0,High
2023,9,Friday,12,Punjab,Rahim Yar Khan,National Highway,Poor,Clear,Daylight,Car/Taxi,3,Signal Violation,1,0,0,0,5,0,Medium
2023,8,Monday,16,Punjab,Sheikhupura,Urban Road,Under Repair,Dusty/Smoggy,Dawn/Dusk,Motorcycle,2,Mechanical Failure,0,0,0,0,4,0,Medium
2021,1,Tuesday,15,KPK,Nowshera,Motorway,Under Repair,Clear,Daylight,Rickshaw,2,Wrong Overtaking,0,0,0,1,1,1,Medium
2021,6,Saturday,13,Punjab,Sialkot,Provincial Highway,Poor,Foggy,Daylight,Truck/Lorry,3,Drunk Driving,1,1,0,0,1,0,Medium
2020,8,Wednesday,11,KPK,Swat,Motorway,Average,Dusty/Smoggy,No Light,Rickshaw,2,Over Speeding,0,0,0,0,5,2,Medium
2022,11,Monday,18,KPK,Kohat,Urban Road,Poor,Clear,Daylight,Bus/Coach,1,Signal Violation,1,0,0,1,3,0,Medium
2023,5,Wednesday,0,Punjab,Sialkot,Provincial Highway,Poor,Clear,No Light,Car/Taxi,2,Over Speeding,0,0,1,0,8,1,High
2023,7,Monday,18,KPK,Charsadda,Provincial Highway,Under Repair,Clear,Daylight,Car/Taxi,1,Driver Fatigue,1,0,0,0,3,1,Medium
2018,4,Friday,20,KPK,Bannu,Urban Road,Average,Foggy,Street Light,Motorcycle,1,Wrong Overtaking,1,0,0,0,1,1,Medium
2023,2,Sunday,6,KPK,Mardan,Urban Road,Good,Foggy,Daylight,Rickshaw,4,Drunk Driving,0,1,0,1,1,0,Low
2021,9,Monday,7,Punjab,Bahawalpur,Urban Road,Poor,Foggy,Daylight,Motorcycle,2,Over Speeding,1,0,0,0,11,0,High
2020,3,Monday,18,Punjab,Bahawalpur,Urban Road,Good,Foggy,Daylight,Car/Taxi,4,Signal Violation,1,0,0,0,1,1,Medium
2022,3,Wednesday,21,Punjab,Sargodha,National Highway,Poor,Clear,No Light,Motorcycle,3,Wrong Overtaking,0,0,0,0,7,0,High
2023,7,Saturday,17,Punjab,Multan,Rural Road,Poor,Dusty/Smoggy,Daylight,Car/Taxi,1,Signal Violation,1,1,0,0,2,1,Low
2019,11,Wednesday,6,KPK,Bannu,National Highway,Average,Clear,Daylight,Bicycle,3,Wrong Overtaking,0,0,0,1,3,1,High
2020,10,Sunday,6,KPK,Nowshera,National Highway,Good,Rainy,Daylight,Van/Pickup,2,Over Speeding,0,1,0,0,6,2,High
2023,2,Wednesday,11,Islamabad,Islamabad,National Highway,Poor,Clear,Daylight,Motorcycle,2,Over Speeding,0,0,0,1,9,1,High
2019,9,Sunday,7,Punjab,Gujranwala,National Highway,Average,Clear,Daylight,Van/Pickup,2,Over Speeding,1,1,0,0,5,0,Medium
2020,1,Friday,17,Punjab,Multan,Urban Road,Good,Foggy,Daylight,Car/Taxi,2,Wrong Overtaking,1,0,0,1,0,0,Low
2021,7,Thursday,9,KPK,Mansehra,National Highway,Under Repair,Clear,Daylight,Car/Taxi,2,Wrong Overtaking,1,0,0,0,2,1,Medium
2022,7,Friday,14,Punjab,Sialkot,National Highway,Under Repair,Clear,Dawn/Dusk,Motorcycle,1,Driver Fatigue,0,0,0,0,4,1,High
2021,4,Tuesday,19,Punjab,Sheikhupura,National Highway,Good,Clear,Dawn/Dusk,Truck/Lorry,2,Mechanical Failure,1,0,0,0,4,0,Medium
2023,8,Tuesday,21,Sindh,Jacobabad,National Highway,Average,Extreme Heat,No Light,Car/Taxi,3,Wrong Overtaking,0,0,0,0,3,0,Medium
2023,5,Saturday,9,Punjab,Lahore,Urban Road,Poor,Foggy,Daylight,Motorcycle,3,Pedestrian Error,1,1,0,0,0,0,Low
2023,3,Wednesday,18,Sindh,Larkana,Provincial Highway,Good,Rainy,Daylight,Rickshaw,1,Wrong Overtaking,1,0,0,0,4,0,Medium
2023,7,Wednesday,12,Punjab,Multan,Urban Road,Good,Clear,Daylight,Van/Pickup,2,Over Speeding,1,0,0,0,0,0,Low
2020,10,Thursday,7,Sindh,Mirpur Khas,National Highway,Average,Dusty/Smoggy,Street Light,Rickshaw,1,Signal Violation,1,0,0,0,2,0,Medium
2018,7,Saturday,7,KPK,Kohat,Urban Road,Poor,Rainy,Daylight,Motorcycle,4,Pedestrian Error,1,1,0,0,3,2,Medium
2018,8,Wednesday,23,Punjab,Rahim Yar Khan,Provincial Highway,Good,Dusty/Smoggy,Street Light,Rickshaw,3,Mechanical Failure,0,0,1,0,2,0,Low
2019,8,Saturday,15,Islamabad,Islamabad,Provincial Highway,Average,Rainy,Daylight,Car/Taxi,1,Over Speeding,0,1,0,0,2,1,Medium
2023,12,Thursday,19,Sindh,Larkana,Rural Road,Average,Clear,Dawn/Dusk,Motorcycle,1,Over Speeding,1,0,0,1,5,2,Medium
2019,6,Wednesday,21,Islamabad,Islamabad,National Highway,Good,Clear,No Light,Motorcycle,2,Mechanical Failure,0,0,0,0,9,0,High
2020,6,Sunday,6,Punjab,Rawalpindi,Rural Road,Poor,Clear,No Light,Motorcycle,2,Wrong Overtaking,0,1,0,0,1,0,Low
2019,11,Friday,10,Sindh,Nawabshah,Provincial Highway,Under Repair,Clear,Daylight,Rickshaw,1,Wrong Overtaking,0,0,0,1,1,0,Low
2023,1,Friday,17,Punjab,Faisalabad,National Highway,Good,Rainy,Daylight,Motorcycle,2,Over Speeding,1,0,0,1,7,2,High
2022,6,Thursday,14,KPK,Bannu,Rural Road,Good,Clear,Daylight,Rickshaw,2,Over Speeding,0,0,0,0,0,0,Low
2023,3,Friday,9,Sindh,Nawabshah,Urban Road,Average,Clear,Daylight,Motorcycle,1,Road Condition,1,0,0,0,1,0,Low
2023,6,Monday,15,Sindh,Mirpur Khas,National Highway,Good,Clear,Daylight,Car/Taxi,2,Over Speeding,0,0,0,0,4,1,Medium
2022,9,Wednesday,15,Balochistan,Khuzdar,Urban Road,Good,Clear,Daylight,Motorcycle,2,Wrong Overtaking,0,0,0,0,1,0,Low
2020,2,Thursday,8,Punjab,Multan,Rural Road,Good,Clear,Daylight,Bus/Coach,4,Wrong Overtaking,1,0,0,1,1,0,Medium
2023,2,Tuesday,17,Punjab,Sialkot,Rural Road,Average,Clear,Street Light,Motorcycle,1,Signal Violation,1,0,0,1,2,0,Medium
2021,11,Saturday,7,Sindh,Sukkur,Rural Road,Poor,Clear,Dawn/Dusk,Van/Pickup,4,Over Speeding,1,1,0,1,0,0,Low
2019,2,Friday,16,Sindh,Kashmore,Motorway,Poor,Rainy,Daylight,Motorcycle,3,Over Speeding,0,0,0,1,3,1,High
2022,12,Sunday,20,Sindh,Jacobabad,National Highway,Average,Clear,Street Light,Motorcycle,1,Driver Fatigue,1,1,0,1,7,2,High
2020,10,Friday,7,Sindh,Mirpur Khas,Urban Road,Good,Extreme Heat,Daylight,Bus/Coach,2,Wrong Overtaking,1,0,0,0,0,0,Low
2021,12,Friday,20,Islamabad,Islamabad,National Highway,Good,Rainy,No Light,Rickshaw,3,Mechanical Failure,1,0,0,1,5,1,Medium
2022,8,Tuesday,8,KPK,Dera Ismail Khan,Rural Road,Under Repair,Foggy,Daylight,Motorcycle,1,Mechanical Failure,1,0,0,0,1,0,Medium
2020,4,Monday,17,Punjab,Lahore,National Highway,Average,Rainy,Daylight,Van/Pickup,1,Mechanical Failure,1,0,0,0,1,0,Medium
2020,12,Tuesday,19,Punjab,Sheikhupura,Urban Road,Good,Foggy,Dawn/Dusk,Van/Pickup,2,Signal Violation,1,0,0,1,1,0,Low
2019,1,Saturday,22,AJK,Muzaffarabad,National Highway,Good,Extreme Heat,No Light,Motorcycle,1,Mechanical Failure,0,1,1,1,5,2,Medium
2023,2,Wednesday,19,KPK,Peshawar,Motorway,Good,Rainy,No Light,Other,3,Road Condition,1,0,0,1,3,0,Medium
2023,4,Friday,8,Balochistan,Gwadar,Provincial Highway,Good,Clear,Daylight,Motorcycle,2,Signal Violation,1,0,0,0,5,0,Medium
2023,9,Thursday,17,Punjab,Multan,Provincial Highway,Under Repair,Foggy,Dawn/Dusk,Bus/Coach,1,Over Speeding,1,0,0,0,10,1,High
2022,11,Friday,18,KPK,Dera Ismail Khan,Provincial Highway,Average,Foggy,Daylight,Car/Taxi,2,Wrong Overtaking,1,0,0,1,1,0,Medium
2020,3,Sunday,12,KPK,Charsadda,Urban Road,Poor,Clear,Street Light,Car/Taxi,1,Over Speeding,1,1,0,0,3,1,Medium
2021,1,Friday,7,Punjab,Faisalabad,Motorway,Poor,Clear,No Light,Bus/Coach,2,Road Condition,1,0,0,1,2,0,Medium
2023,1,Sunday,19,Sindh,Jacobabad,Motorway,Good,Extreme Heat,Daylight,Car/Taxi,1,Signal Violation,1,1,0,1,3,1,Medium
2023,11,Tuesday,20,Sindh,Thatta,National Highway,Average,Dusty/Smoggy,Street Light,Car/Taxi,3,Signal Violation,1,0,0,1,5,0,Medium
2023,2,Sunday,16,Sindh,Sukkur,Urban Road,Average,Rainy,Daylight,Motorcycle,2,Over Speeding,0,1,0,1,7,1,High
2021,4,Thursday,12,KPK,Dera Ismail Khan,Provincial Highway,Poor,Foggy,Daylight,Van/Pickup,2,Signal Violation,1,0,0,0,4,0,Medium
2018,9,Saturday,7,KPK,Abbottabad,National Highway,Average,Clear,Daylight,Car/Taxi,1,Driver Fatigue,1,1,0,0,5,0,Medium
2019,11,Thursday,11,Balochistan,Sibi,Urban Road,Good,Clear,Daylight,Rickshaw,2,Pedestrian Error,0,0,0,1,1,0,Low
2023,11,Sunday,7,KPK,Charsadda,Urban Road,Good,Rainy,Dawn/Dusk,Car/Taxi,3,Pedestrian Error,1,1,0,1,2,0,Low
2021,5,Thursday,5,Sindh,Karachi,Rural Road,Good,Foggy,Daylight,Motorcycle,2,Wrong Overtaking,0,0,1,0,2,1,High