year,month,day_of_week,hour_of_day,province,district,road_type,road_condition,weather_condition,lighting_condition,vehicle_type,vehicles_involved,accident_cause,is_rush_hour,is_weekend,is_night,is_foggy_month,num_injured,num_killed,severity
2022,10,Thursday,21,AJK,Rawalakot,Provincial Highway,Good,Dusty/Smoggy,No Light,Rickshaw,3,Wrong Overtaking,0,0,0,0,1,0,Medium
2020,3,Wednesday,20,Sindh,Sukkur,National Highway,Good,Clear,No Light,Car/Taxi,1,Pedestrian Error,1,0,0,0,2,0,Medium
2022,8,Wednesday,7,Punjab,Rahim Yar Khan,Urban Road,Poor,Clear,Daylight,Truck/Lorry,2,Wrong Overtaking,1,0,0,0,0,0,Low
2018,9,Friday,17,KPK,Bannu,National Highway,Poor,Clear,Dawn/Dusk,Motorcycle,3,Pedestrian Error,1,0,0,0,2,0,Medium
2023,11,Friday,20,AJK,Rawalakot,Provincial Highway,Under Repair,Rainy,Street Light,Car/Taxi,1,Over Speeding,1,0,0,1,5,1,Medium
2022,10,Monday,4,Punjab,Rahim Yar Khan,Provincial Highway,Poor,Clear,Street Light,Car/Taxi,1,Pedestrian Error,0,0,1,0,2,1,Medium
2018,6,Thursday,12,Punjab,Bahawalpur,Provincial Highway,Good,Foggy,Daylight,Motorcycle,1,Wrong Overtaking,1,0,0,0,2,4,High
2022,1,Sunday,22,Sindh,Jacobabad,Urban Road,Good,Foggy,Street Light,Motorcycle,2,Wrong Overtaking,0,1,1,1,8,0,High
2018,1,Saturday,17,Punjab,Bahawalpur,National Highway,Good,Clear,Daylight,Rickshaw,3,Signal Violation,1,1,0,1,0,0,Low
2023,4,Tuesday,13,Punjab,Bahawalpur,Urban Road,Good,Foggy,Daylight,Motorcycle,2,Signal Violation,1,0,0,0,3,1,High
2018,9,Thursday,15,Punjab,Rahim Yar Khan,National Highway,Good,Clear,Daylight,Motorcycle,1,Driver Fatigue,0,0,0,0,2,2,High
2023,12,Friday,21,Balochistan,Zhob,Rural Road,Poor,Clear,Street Light,Motorcycle,1,Over Speeding,0,0,0,1,5,1,Medium
2022,11,Sunday,7,Punjab,Bahawalpur,Provincial Highway,Poor,Extreme Heat,Dawn/Dusk,Motorcycle,3,Pedestrian Error,1,1,0,1,5,2,Medium
2022,8,Saturday,6,Sindh,Hyderabad,Motorway,Poor,Clear,Daylight,Rickshaw,2,Driver Fatigue,0,1,0,0,4,0,Medium
2020,12,Wednesday,14,KPK,Nowshera,National Highway,Good,Foggy,Dawn/Dusk,Motorcycle,2,Road Condition,0,0,0,1,3,0,Medium
2019,12,Saturday,7,Islamabad,Islamabad,Rural Road,Good,Extreme Heat,Daylight,Motorcycle,2,Over Speeding,1,1,0,1,5,0,Medium
2022,11,Saturday,17,AJK,Rawalakot,Urban Road,Average,Dusty/Smoggy,No Light,Motorcycle,2,Driver Fatigue,1,1,0,1,1,1,Medium
2020,6,Tuesday,16,Sindh,Thatta,Rural Road,Average,Dusty/Smoggy,Dawn/Dusk,Motorcycle,3,Driver Fatigue,0,0,0,0,1,0,Medium
2022,12,Sunday,10,Islamabad,Islamabad,National Highway,Poor,Clear,Daylight,Motorcycle,2,Road Condition,0,1,0,1,4,0,Medium
2023,12,Tuesday,11,Punjab,Gujranwala,Provincial Highway,Poor,Foggy,Daylight,Motorcycle,1,Pedestrian Error,0,0,0,1,1,1,Medium
2021,6,Monday,18,KPK,Kohat,Urban Road,Poor,Rainy,Daylight,Motorcycle,1,Mechanical Failure,1,0,0,0,5,2,Medium
2023,2,Friday,9,Sindh,Sukkur,National Highway,Average,Dusty/Smoggy,No Light,Truck/Lorry,2,Signal Violation,1,0,0,1,3,0,Medium
2021,9,Friday,7,Punjab,Lahore,Rural Road,Average,Extreme Heat,Daylight,Van/Pickup,2,Wrong Overtaking,1,0,0,0,2,0,Low
2018,10,Sunday,18,Sindh,Hyderabad,Rural Road,Good,Clear,Daylight,Motorcycle,2,Wrong Overtaking,1,1,0,0,2,0,Medium
2023,2,Monday,11,Punjab,Faisalabad,Provincial Highway,Poor,Clear,Street Light,Bus/Coach,1,Over Speeding,0,0,0,1,3,0,Medium
2023,1,Sunday,8,Balochistan,Loralai,National Highway,Average,Clear,Dawn/Dusk,Rickshaw,2,Wrong Overtaking,1,1,0,1,2,1,Medium
2020,9,Sunday,23,Punjab,Faisalabad,Urban Road,Poor,Clear,No Light,Car/Taxi,1,Weather Condition,0,1,1,0,0,0,Low
2019,4,Tuesday,8,Sindh,Jacobabad,Urban Road,Poor,Clear,Daylight,Motorcycle,2,Mechanical Failure,1,0,0,0,1,1,Low
2018,12,Sunday,13,Punjab,Lahore,National Highway,Poor,Foggy,Daylight,Motorcycle,1,Over Speeding,1,1,0,1,10,0,High
2019,8,Monday,13,Punjab,Faisalabad,National Highway,Good,Foggy,Daylight,Car/Taxi,2,Wrong Overtaking,1,0,0,0,3,0,Medium
2021,1,Monday,18,Gilgit-Baltistan,Hunza,National Highway,Good,Clear,Daylight,Car/Taxi,2,Mechanical Failure,1,0,0,1,1,0,Low
2020,2,Saturday,14,KPK,Nowshera,Rural Road,Average,Dusty/Smoggy,Daylight,Motorcycle,2,Mechanical Failure,0,1,0,1,1,0,Low
2022,5,Saturday,12,Islamabad,Islamabad,Provincial Highway,Poor,Clear,Daylight,Rickshaw,4,Wrong Overtaking,1,1,0,0,4,0,Medium
2021,11,Wednesday,19,Punjab,Faisalabad,Rural Road,Good,Clear,Daylight,Car/Taxi,1,Road Condition,1,0,0,1,2,0,Low
2023,5,Friday,21,Punjab,Rahim Yar Khan,Provincial Highway,Poor,Foggy,No Light,Rickshaw,1,Signal Violation,0,0,0,0,5,0,Medium
2021,12,Wednesday,19,Sindh,Jacobabad,Urban Road,Poor,Foggy,Dawn/Dusk,Car/Taxi,1,Over Speeding,1,0,0,1,2,0,Medium
2018,4,Monday,8,Sindh,Dadu,Rural Road,Average,Foggy,Daylight,Motorcycle,3,Road Condition,1,0,0,0,0,0,Low
2019,1,Saturday,14,Punjab,Bahawalpur,Provincial Highway,Good,Clear,Dawn/Dusk,Motorcycle,2,Road Condition,0,1,0,1,1,1,Medium
2018,7,Tuesday,22,KPK,Mansehra,Motorway,Poor,Rainy,Street Light,Motorcycle,4,Road Condition,0,0,1,0,2,2,High
2019,10,Wednesday,22,Punjab,Multan,National Highway,Good,Clear,No Light,Rickshaw,2,Over Speeding,0,0,1,0,1,0,Medium
2018,2,Sunday,20,Punjab,Rawalpindi,Urban Road,Average,Clear,No Light,Motorcycle,1,Drunk Driving,1,1,0,1,4,0,Medium
2022,3,Tuesday,18,Punjab,Bahawalpur,Urban Road,Average,Foggy,Daylight,Van/Pickup,1,Pedestrian Error,1,0,0,0,0,0,Low
2020,2,Tuesday,11,Sindh,Sukkur,National Highway,Average,Clear,Dawn/Dusk,Other,1,Over Speeding,0,0,0,1,4,0,Medium
2019,12,Monday,20,KPK,Kohat,National Highway,Poor,Foggy,Street Light,Truck/Lorry,3,Drunk Driving,1,0,0,1,7,1,High
2018,11,Friday,13,Sindh,Sukkur,National Highway,Good,Foggy,Daylight,Motorcycle,1,Signal Violation,1,0,0,1,10,1,High
2018,1,Thursday,14,Sindh,Dadu,National Highway,Poor,Foggy,Daylight,Motorcycle,1,Signal Violation,0,0,0,1,9,0,High
2019,2,Saturday,8,Punjab,Sargodha,Urban Road,Good,Clear,Street Light,Rickshaw,1,Over Speeding,1,1,0,1,0,0,Low
2023,5,Friday,14,Balochistan,Khuzdar,Motorway,Average,Rainy,Daylight,Motorcycle,1,Drunk Driving,0,0,0,0,6,1,High
2018,4,Monday,20,Islamabad,Islamabad,Provincial Highway,Poor,Dusty/Smoggy,Street Light,Motorcycle,2,Over Speeding,1,0,0,0,8,1,High
2019,1,Tuesday,19,KPK,Dera Ismail Khan,Rural Road,Good,Clear,Daylight,Motorcycle,2,Wrong Overtaking,1,0,0,1,4,0,Medium
2021,6,Wednesday,19,Punjab,Sargodha,National Highway,Average,Clear,Dawn/Dusk,Motorcycle,1,Mechanical Failure,1,0,0,0,6,2,High
2020,1,Thursday,17,Sindh,Larkana,Provincial Highway,Poor,Clear,Daylight,Motorcycle,3,Mechanical Failure,1,0,0,1,2,1,Medium
2023,4,Thursday,10,Sindh,Karachi,National Highway,Under Repair,Dusty/Smoggy,Dawn/Dusk,Car/Taxi,2,Over Speeding,0,0,0,0,3,0,Medium
2022,1,Sunday,22,Gilgit-Baltistan,Hunza,Urban Road,Average,Clear,No Light,Motorcycle,2,Wrong Overtaking,0,1,1,1,4,0,Medium
2022,1,Sunday,22,Gilgit-Baltistan,Skardu,Motorway,Average,Clear,Street Light,Motorcycle,3,Mechanical Failure,0,1,1,1,2,1,High
2019,3,Monday,14,Balochistan,Chaman,Provincial Highway,Good,Clear,Dawn/Dusk,Car/Taxi,1,Signal Violation,0,0,0,0,3,0,Medium
2020,2,Tuesday,11,Punjab,Sialkot,Provincial Highway,Good,Foggy,Daylight,Motorcycle,1,Over Speeding,0,0,0,1,11,2,High
2019,10,Monday,18,Islamabad,Islamabad,Provincial Highway,Poor,Clear,Daylight,Motorcycle,3,Over Speeding,1,0,0,0,3,4,High
2020,12,Wednesday,6,Sindh,Karachi,National Highway,Good,Rainy,Daylight,Motorcycle,2,Weather Condition,0,0,0,1,2,0,Medium
2020,1,Monday,21,KPK,Peshawar,Urban Road,Good,Clear,No Light,Rickshaw,2,Wrong Overtaking,0,0,0,1,1,0,Low
2019,11,Friday,13,Punjab,Multan,Rural Road,Under Repair,Clear,Street Light,Motorcycle,1,Road Condition,1,0,0,1,2,0,Low
2023,7,Sunday,14,Punjab,Sialkot,National Highway,Average,Foggy,Daylight,Motorcycle,2,Over Speeding,0,1,0,0,11,0,High
2023,9,Wednesday,20,Sindh,Larkana,Provincial Highway,Good,Clear,Street Light,Rickshaw,2,Wrong Overtaking,1,0,0,0,1,0,Low
2021,8,Wednesday,18,Punjab,Sheikhupura,Rural Road,Poor,Clear,Daylight,Van/Pickup,2,Signal Violation,1,0,0,0,1,0,Low
2023,1,Tuesday,17,Punjab,Faisalabad,National Highway,Good,Clear,Daylight,Motorcycle,4,Wrong Overtaking,1,0,0,1,11,1,High
2021,5,Wednesday,19,Balochistan,Zhob,Urban Road,Average,Dusty/Smoggy,Dawn/Dusk,Truck/Lorry,3,Drunk Driving,1,0,0,0,4,1,Medium
2023,12,Tuesday,20,Punjab,Sargodha,National Highway,Under Repair,Clear,Street Light,Motorcycle,1,Signal Violation,1,0,0,1,4,2,High
2020,10,Tuesday,16,Punjab,Multan,Urban Road,Average,Extreme Heat,Daylight,Car/Taxi,2,Over Speeding,0,0,0,0,1,0,Low
2022,9,Wednesday,7,Punjab,Gujranwala,Urban Road,Good,Clear,Daylight,Motorcycle,2,Driver Fatigue,1,0,0,0,2,1,Medium
2019,9,Tuesday,14,Punjab,Gujranwala,Motorway,Good,Clear,Daylight,Motorcycle,1,Pedestrian Error,0,0,0,0,4,2,High
2021,9,Friday,19,Gilgit-Baltistan,Skardu,Urban Road,Good,Rainy,Dawn/Dusk,Motorcycle,4,Drunk Driving,1,0,0,0,3,0,Medium
2023,12,Sunday,12,Punjab,Gujranwala,Provincial Highway,Average,Clear,Daylight,Motorcycle,4,Road Condition,1,1,0,1,5,2,Medium
2018,5,Monday,20,Punjab,Rahim Yar Khan,Provincial Highway,Good,Clear,Street Light,Car/Taxi,3,Pedestrian Error,1,0,0,0,1,0,Low
2019,1,Wednesday,14,Balochistan,Hub,Urban Road,Good,Dusty/Smoggy,Daylight,Bus/Coach,3,Wrong Overtaking,0,0,0,1,1,0,Low
2022,12,Monday,6,Balochistan,Hub,Motorway,Average,Foggy,Daylight,Motorcycle,2,Driver Fatigue,0,0,0,1,10,3,High
2023,8,Wednesday,13,Punjab,Multan,National Highway,Good,Foggy,Daylight,Motorcycle,1,Signal Violation,1,0,0,0,2,1,High
2022,2,Wednesday,12,KPK,Dera Ismail Khan,Urban Road,Good,Rainy,Daylight,Motorcycle,2,Over Speeding,1,0,0,1,6,4,High
2021,3,Friday,8,Sindh,Larkana,Provincial Highway,Average,Foggy,Daylight,Motorcycle,3,Wrong Overtaking,1,0,0,0,8,1,High
2023,12,Monday,19,KPK,Nowshera,Motorway,Poor,Clear,No Light,Motorcycle,3,Road Condition,1,0,0,1,3,0,Medium
2021,3,Friday,6,Sindh,Nawabshah,Rural Road,Good,Clear,Dawn/Dusk,Motorcycle,2,Over Speeding,0,0,0,0,9,1,High
2023,10,Wednesday,5,Gilgit-Baltistan,Hunza,Rural Road,Good,Clear,Dawn/Dusk,Bicycle,2,Over Speeding,0,0,1,0,10,1,High
2023,11,Tuesday,23,Punjab,Bahawalpur,National Highway,Average,Clear,No Light,Motorcycle,2,Signal Violation,0,0,1,1,7,0,High
2019,2,Saturday,11,Punjab,Lahore,Rural Road,Average,Clear,Street Light,Motorcycle,2,Mechanical Failure,0,1,0,1,2,1,Medium
2022,7,Sunday,20,Punjab,Rahim Yar Khan,Urban Road,Poor,Clear,No Light,Motorcycle,2,Signal Violation,1,1,0,0,1,0,Medium
2021,11,Sunday,21,Sindh,Hyderabad,Provincial Highway,Good,Dusty/Smoggy,No Light,Car/Taxi,2,Signal Violation,0,1,0,1,2,0,Low
2023,2,Friday,9,Islamabad,Islamabad,Provincial Highway,Poor,Clear,Daylight,Truck/Lorry,3,Over Speeding,1,0,0,1,9,4,High
2019,8,Sunday,19,Sindh,Hyderabad,Provincial Highway,Under Repair,Clear,Daylight,Car/Taxi,2,Signal Violation,1,1,0,0,1,0,Low
2022,10,Tuesday,21,Punjab,Faisalabad,Urban Road,Good,Clear,No Light,Bus/Coach,1,Road Condition,0,0,0,0,2,0,Low
2021,10,Sunday,7,Punjab,Rawalpindi,National Highway,Average,Clear,Street Light,Motorcycle,1,Road Condition,1,1,0,0,2,0,Medium
2023,11,Saturday,18,Punjab,Sialkot,National Highway,Poor,Rainy,Daylight,Motorcycle,1,Wrong Overtaking,1,1,0,1,5,1,High
2023,5,Friday,20,Islamabad,Islamabad,Urban Road,Average,Foggy,Street Light,Car/Taxi,2,Drunk Driving,1,0,0,0,3,0,Medium
2023,6,Sunday,10,Sindh,Sukkur,National Highway,Average,Dusty/Smoggy,Dawn/Dusk,Motorcycle,3,Over Speeding,0,1,0,0,5,0,High
2018,8,Tuesday,4,Sindh,Jacobabad,Rural Road,Under Repair,Clear,No Light,Car/Taxi,3,Over Speeding,0,0,1,0,3,1,Medium
2020,6,Friday,19,KPK,Abbottabad,Urban Road,Good,Clear,Dawn/Dusk,Motorcycle,2,Signal Violation,1,0,0,0,1,0,Medium
2022,12,Wednesday,22,KPK,Mansehra,Provincial Highway,Poor,Clear,Street Light,Motorcycle,1,Road Condition,0,0,1,1,2,0,Medium
2023,8,Thursday,14,Sindh,Hyderabad,Rural Road,Poor,Rainy,Daylight,Car/Taxi,2,Pedestrian Error,0,0,0,0,0,0,Low
2021,11,Friday,5,Punjab,Faisalabad,National Highway,Good,Foggy,Dawn/Dusk,Motorcycle,2,Road Condition,0,0,1,1,6,0,High
2022,6,Sunday,9,Balochistan,Khuzdar,Rural Road,Average,Rainy,Dawn/Dusk,Motorcycle,1,Pedestrian Error,1,1,0,0,4,0,Medium
2022,10,Tuesday,14,KPK,Charsadda,National Highway,Good,Clear,Daylight,Motorcycle,1,Mechanical Failure,0,0,0,0,4,1,Medium
2023,5,Thursday,19,KPK,Bannu,Urban Road,Good,Clear,Dawn/Dusk,Bicycle,3,Signal Violation,1,0,0,0,5,0,Medium
2023,1,Saturday,23,Gilgit-Baltistan,Skardu,Urban Road,Good,Extreme Heat,No Light,Motorcycle,3,Over Speeding,0,1,1,1,6,0,High
2021,6,Tuesday,10,KPK,Nowshera,Urban Road,Poor,Clear,Daylight,Motorcycle,2,Road Condition,0,0,0,0,0,0,Low
2020,2,Saturday,7,KPK,Peshawar,Provincial Highway,Good,Clear,Daylight,Truck/Lorry,2,Drunk Driving,1,1,0,1,4,0,Medium
2022,2,Wednesday,22,Islamabad,Islamabad,Rural Road,Average,Extreme Heat,No Light,Car/Taxi,1,Driver Fatigue,0,0,1,1,2,0,Medium
2018,1,Wednesday,12,Punjab,Multan,Urban Road,Average,Clear,Daylight,Motorcycle,1,Over Speeding,1,0,0,1,3,0,Medium
2023,10,Tuesday,23,Sindh,Nawabshah,Provincial Highway,Good,Rainy,No Light,Motorcycle,2,Over Speeding,0,0,1,0,4,1,High
2023,11,Friday,17,Sindh,Jacobabad,Rural Road,Average,Foggy,Street Light,Truck/Lorry,2,Wrong Overtaking,1,0,0,1,1,1,Low
2019,1,Monday,19,Punjab,Rawalpindi,National Highway,Average,Clear,Daylight,Van/Pickup,4,Drunk Driving,1,0,0,1,2,0,High
2019,10,Saturday,18,KPK,Abbottabad,Provincial Highway,Under Repair,Dusty/Smoggy,Daylight,Motorcycle,3,Driver Fatigue,1,1,0,0,5,1,Medium
2023,9,Saturday,21,KPK,Kohat,Rural Road,Good,Foggy,No Light,Motorcycle,2,Over Speeding,0,1,0,0,9,0,High
2020,1,Monday,6,KPK,Abbottabad,Motorway,Average,Clear,Daylight,Motorcycle,2,Over Speeding,0,0,0,1,7,1,High
2023,10,Sunday,13,Gilgit-Baltistan,Gilgit,Rural Road,Good,Dusty/Smoggy,Daylight,Truck/Lorry,3,Over Speeding,1,1,0,0,1,1,Medium
2021,8,Thursday,14,Punjab,Faisalabad,Provincial Highway,Good,Clear,Daylight,Motorcycle,1,Signal Violation,0,0,0,0,1,1,Medium
2020,6,Monday,8,KPK,Dera Ismail Khan,Rural Road,Average,Clear,Daylight,Motorcycle,1,Signal Violation,1,0,0,0,2,1,Medium
2020,12,Saturday,19,Sindh,Jacobabad,Provincial Highway,Good,Clear,Street Light,Motorcycle,1,Drunk Driving,1,1,0,1,5,4,High
2023,12,Sunday,17,Punjab,Sargodha,Provincial Highway,Poor,Clear,Daylight,Car/Taxi,2,Wrong Overtaking,1,1,0,1,2,1,Medium
2021,10,Saturday,3,Punjab,Rawalpindi,Provincial Highway,Good,Clear,Street Light,Car/Taxi,4,Drunk Driving,0,1,1,0,5,0,Medium
2019,8,Friday,11,Balochistan,Chaman,Urban Road,Good,Foggy,Daylight,Motorcycle,1,Wrong Overtaking,0,0,0,0,5,1,High
2021,11,Monday,17,Sindh,Sukkur,Provincial Highway,Good,Rainy,Daylight,Bus/Coach,1,Signal Violation,1,0,0,1,1,2,Medium
2022,11,Friday,19,KPK,Kohat,National Highway,Under Repair,Clear,Street Light,Car/Taxi,2,Over Speeding,1,0,0,1,3,1,Medium
2018,3,Friday,15,Sindh,Karachi,National Highway,Average,Rainy,Daylight,Motorcycle,2,Road Condition,0,0,0,0,3,0,Medium
2019,1,Sunday,8,Punjab,Rahim Yar Khan,Provincial Highway,Under Repair,Foggy,Dawn/Dusk,Motorcycle,2,Road Condition,1,1,0,1,3,0,Medium
2019,6,Friday,6,Punjab,Multan,Provincial Highway,Good,Rainy,Daylight,Bus/Coach,1,Mobile Phone Use,0,0,0,0,2,0,Low
2023,4,Monday,1,Punjab,Faisalabad,Rural Road,Poor,Dusty/Smoggy,No Light,Motorcycle,3,Over Speeding,0,0,1,0,6,2,High
2022,6,Thursday,7,AJK,Muzaffarabad,National Highway,Average,Clear,Daylight,Rickshaw,2,Mechanical Failure,1,0,0,0,3,0,Medium
2022,5,Monday,13,Punjab,Gujranwala,Urban Road,Average,Clear,Daylight,Motorcycle,3,Over Speeding,1,0,0,0,3,0,Medium
2022,4,Monday,1,AJK,Mirpur,Urban Road,Average,Dusty/Smoggy,Street Light,Car/Taxi,1,Pedestrian Error,0,0,1,0,2,0,Low
2021,12,Monday,11,AJK,Muzaffarabad,National Highway,Good,Foggy,Daylight,Car/Taxi,2,Wrong Overtaking,0,0,0,1,5,0,Medium
2018,10,Tuesday,2,Gilgit-Baltistan,Gilgit,National Highway,Poor,Clear,No Light,Bus/Coach,1,Pedestrian Error,0,0,1,0,3,0,Medium
2019,8,Saturday,12,Sindh,Dadu,Urban Road,Average,Rainy,Daylight,Motorcycle,1,Driver Fatigue,1,1,0,0,9,1,High
2022,1,Saturday,20,Islamabad,Islamabad,National Highway,Good,Clear,No Light,Van/Pickup,1,Wrong Overtaking,1,1,0,1,5,0,Medium
2023,1,Tuesday,10,Punjab,Multan,National Highway,Average,Foggy,Daylight,Bus/Coach,3,Wrong Overtaking,0,0,0,1,2,0,Medium
2018,12,Friday,17,Punjab,Sheikhupura,National Highway,Under Repair,Extreme Heat,No Light,Bus/Coach,1,Over Speeding,1,0,0,1,5,2,Medium
2019,7,Tuesday,14,Punjab,Bahawalpur,Urban Road,Good,Clear,Daylight,Motorcycle,2,Over Speeding,0,0,0,0,1,1,Medium
2023,12,Wednesday,16,Islamabad,Islamabad,Urban Road,Average,Clear,Daylight,Car/Taxi,4,Over Speeding,0,0,0,1,2,1,Low
2018,9,Wednesday,11,Punjab,Gujranwala,Motorway,Average,Clear,Dawn/Dusk,Motorcycle,4,Driver Fatigue,0,0,0,0,11,0,High
2021,11,Thursday,19,Sindh,Thatta,Provincial Highway,Average,Clear,Dawn/Dusk,Bus/Coach,3,Over Speeding,1,0,0,1,10,4,High
2023,5,Tuesday,8,Punjab,Sargodha,National Highway,Average,Foggy,Daylight,Car/Taxi,2,Drunk Driving,1,0,0,0,4,0,Medium
2019,2,Wednesday,5,Punjab,Faisalabad,Provincial Highway,Good,Clear,No Light,Motorcycle,2,Mobile Phone Use,0,0,1,1,8,1,High
2021,1,Saturday,13,Punjab,Rahim Yar Khan,Provincial Highway,Average,Foggy,Daylight,Car/Taxi,2,Over Speeding,1,1,0,1,5,0,Medium
2022,7,Tuesday,13,Balochistan,Chaman,National Highway,Under Repair,Clear,Daylight,Motorcycle,3,Over Speeding,1,0,0,0,2,1,High
2022,1,Sunday,16,Sindh,Dadu,Urban Road,Average,Clear,Daylight,Motorcycle,1,Road Condition,0,1,0,1,3,2,Medium
2018,12,Saturday,9,Balochistan,Turbat,National Highway,Good,Clear,Daylight,Truck/Lorry,2,Pedestrian Error,1,1,0,1,1,0,Medium
2022,6,Friday,10,KPK,Mardan,National Highway,Poor,Clear,Dawn/Dusk,Motorcycle,2,Wrong Overtaking,0,0,0,0,5,1,Medium
2021,11,Friday,14,AJK,Mirpur,National Highway,Good,Clear,Daylight,Motorcycle,1,Wrong Overtaking,0,0,0,1,1,2,Medium
2022,3,Tuesday,0,Sindh,Dadu,National Highway,Good,Rainy,No Light,Bus/Coach,4,Wrong Overtaking,0,0,1,0,8,1,High
2020,6,Wednesday,20,Sindh,Karachi,National Highway,Poor,Clear,Street Light,Motorcycle,4,Road Condition,1,0,0,0,4,2,Medium
2023,1,Wednesday,12,Sindh,Sukkur,National Highway,Average,Rainy,Daylight,Motorcycle,1,Wrong Overtaking,1,0,0,1,11,0,High
2022,4,Friday,10,Sindh,Sukkur,Urban Road,Good,Clear,Street Light,Car/Taxi,4,Driver Fatigue,0,0,0,0,0,0,Low
2020,1,Wednesday,20,Balochistan,Zhob,Urban Road,Poor,Clear,No Light,Motorcycle,2,Wrong Overtaking,1,0,0,1,2,0,Low
2021,7,Friday,11,Sindh,Jacobabad,Provincial Highway,Poor,Clear,Daylight,Car/Taxi,1,Wrong Overtaking,0,0,0,0,1,0,Low
2018,5,Monday,12,KPK,Abbottabad,National Highway,Good,Clear,Daylight,Motorcycle,1,Wrong Overtaking,1,0,0,0,2,2,High
2020,2,Sunday,8,KPK,Charsadda,Urban Road,Average,Clear,Daylight,Truck/Lorry,2,Mechanical Failure,1,1,0,1,1,0,Low
2021,1,Saturday,12,Punjab,Faisalabad,National Highway,Good,Clear,Daylight,Car/Taxi,2,Over Speeding,1,1,0,1,3,0,High
2022,11,Tuesday,19,Sindh,Sukkur,Provincial Highway,Good,Foggy,Street Light,Rickshaw,1,Wrong Overtaking,1,0,0,1,5,2,Medium
2019,3,Tuesday,13,Punjab,Rahim Yar Khan,Urban Road,Good,Dusty/Smoggy,Daylight,Car/Taxi,1,Mobile Phone Use,1,0,0,0,1,0,Low
2018,8,Monday,0,Sindh,Hyderabad,Urban Road,Good,Clear,Street Light,Motorcycle,1,Mobile Phone Use,0,0,1,0,2,0,Medium
2018,11,Friday,9,KPK,Mardan,Provincial Highway,Good,Dusty/Smoggy,Daylight,Car/Taxi,1,Pedestrian Error,1,0,0,1,2,0,Low
2019,5,Tuesday,23,Gilgit-Baltistan,Hunza,Urban Road,Good,Foggy,No Light,Motorcycle,3,Wrong Overtaking,0,0,1,0,1,0,Medium
2023,12,Wednesday,6,Punjab,Sialkot,Urban Road,Good,Foggy,No Light,Car/Taxi,2,Pedestrian Error,0,0,0,1,1,0,Low
2018,12,Saturday,10,Punjab,Rawalpindi,National Highway,Good,Extreme Heat,Daylight,Motorcycle,2,Mechanical Failure,0,1,0,1,4,1,Medium
2022,5,Sunday,17,Punjab,Rawalpindi,Provincial Highway,Good,Clear,Daylight,Motorcycle,2,Signal Violation,1,1,0,0,7,2,High
2021,12,Sunday,7,Punjab,Sheikhupura,Urban Road,Average,Foggy,Daylight,Rickshaw,1,Wrong Overtaking,1,1,0,1,0,0,Low
2020,7,Saturday,20,KPK,Peshawar,National Highway,Poor,Foggy,Street Light,Motorcycle,1,Over Speeding,1,1,0,0,9,1,High
2022,11,Monday,17,Balochistan,Sibi,Provincial Highway,Poor,Dusty/Smoggy,Daylight,Van/Pickup,2,Over Speeding,1,0,0,1,2,1,Medium
2023,12,Tuesday,4,KPK,Mardan,National Highway,Poor,Foggy,Street Light,Motorcycle,2,Mechanical Failure,0,0,1,1,5,0,High
2019,8,Thursday,20,Balochistan,Turbat,National Highway,Poor,Foggy,Street Light,Car/Taxi,3,Signal Violation,1,0,0,0,5,0,Medium
2021,12,Friday,7,Punjab,Gujranwala,Provincial Highway,Poor,Clear,Daylight,Car/Taxi,2,Pedestrian Error,1,0,0,1,2,0,Low
2021,1,Monday,21,Punjab,Sialkot,National Highway,Good,Foggy,No Light,Car/Taxi,3,Wrong Overtaking,0,0,0,1,11,3,High
2023,10,Tuesday,18,Punjab,Bahawalpur,Rural Road,Good,Clear,No Light,Motorcycle,1,Signal Violation,1,0,0,0,5,1,Medium
2018,12,Saturday,11,Balochistan,Quetta,Provincial Highway,Average,Clear,Daylight,Rickshaw,2,Signal Violation,0,1,0,1,0,0,Low
2022,3,Wednesday,10,KPK,Kohat,Provincial Highway,Average,Rainy,Daylight,Motorcycle,2,Over Speeding,0,0,0,0,8,1,High
2020,9,Wednesday,18,KPK,Dera Ismail Khan,Rural Road,Poor,Clear,Daylight,Motorcycle,1,Weather Condition,1,0,0,0,4,1,Medium
2019,1,Saturday,21,Punjab,Bahawalpur,Urban Road,Poor,Clear,Street Light,Motorcycle,1,Over Speeding,0,1,0,1,5,0,Medium
2023,12,Monday,13,Punjab,Faisalabad,Urban Road,Average,Clear,Daylight,Bus/Coach,3,Drunk Driving,1,0,0,1,1,0,Medium
2019,9,Monday,15,Islamabad,Islamabad,Rural Road,Poor,Clear,Street Light,Rickshaw,3,Road Condition,0,0,0,0,1,0,Low
2021,2,Wednesday,6,Punjab,Rahim Yar Khan,Provincial Highway,Poor,Clear,Daylight,Van/Pickup,3,Pedestrian Error,0,0,0,1,1,0,Low
2018,4,Wednesday,10,KPK,Bannu,Urban Road,Poor,Dusty/Smoggy,Daylight,Car/Taxi,1,Over Speeding,0,0,0,0,3,0,Medium
2020,1,Tuesday,15,Punjab,Rahim Yar Khan,Provincial Highway,Good,Dusty/Smoggy,Daylight,Car/Taxi,2,Road Condition,0,0,0,1,0,0,Low
2023,12,Saturday,7,Punjab,Multan,National Highway,Good,Foggy,Daylight,Truck/Lorry,3,Road Condition,1,1,0,1,3,0,Medium
2018,2,Sunday,8,KPK,Nowshera,National Highway,Average,Rainy,Daylight,Motorcycle,3,Drunk Driving,1,1,0,1,10,2,High