year,month,day_of_week,hour_of_day,province,district,road_type,road_condition,weather_condition,lighting_condition,vehicle_type,vehicles_involved,accident_cause,is_rush_hour,is_weekend,is_night,is_foggy_month,num_injured,num_killed,severity
2022,6,Friday,15,Punjab,Lahore,National Highway,Average,Clear,Daylight,Motorcycle,3,Over Speeding,0,0,0,0,9,2,High
2018,12,Monday,14,KPK,Mardan,Rural Road,Average,Clear,Daylight,Bus/Coach,2,Signal Violation,0,0,0,1,0,0,Low
2021,11,Thursday,12,KPK,Peshawar,National Highway,Poor,Clear,Daylight,Car/Taxi,2,Drunk Driving,1,0,0,1,4,0,Medium
2019,10,Thursday,12,Sindh,Thatta,Rural Road,Average,Rainy,Daylight,Van/Pickup,2,Mobile Phone Use,1,0,0,0,2,0,Low
2019,1,Saturday,21,KPK,Peshawar,National Highway,Average,Foggy,Street Light,Car/Taxi,3,Over Speeding,0,1,0,1,2,0,High
2019,10,Friday,14,Sindh,Dadu,Provincial Highway,Average,Dusty/Smoggy,Daylight,Bus/Coach,2,Pedestrian Error,0,0,0,0,0,0,Low
2020,4,Thursday,13,Punjab,Sargodha,Rural Road,Average,Foggy,Daylight,Rickshaw,2,Mechanical Failure,1,0,0,0,0,0,Low
2020,11,Wednesday,15,KPK,Kohat,Provincial Highway,Good,Dusty/Smoggy,Dawn/Dusk,Motorcycle,2,Signal Violation,0,0,0,1,3,1,Medium
2023,5,Thursday,12,Sindh,Karachi,National Highway,Average,Clear,Daylight,Motorcycle,2,Road Condition,1,0,0,0,2,0,High
2023,12,Thursday,14,Punjab,Multan,National Highway,Good,Rainy,Daylight,Motorcycle,3,Wrong Overtaking,0,0,0,1,2,0,High
2022,7,Saturday,13,Balochistan,Khuzdar,Motorway,Poor,Clear,Daylight,Motorcycle,3,Over Speeding,1,1,0,0,8,1,High
2023,7,Saturday,19,Sindh,Jacobabad,Provincial Highway,Good,Dusty/Smoggy,Dawn/Dusk,Motorcycle,4,Signal Violation,1,1,0,0,2,0,Medium
2021,4,Tuesday,17,Balochistan,Quetta,Rural Road,Average,Rainy,Daylight,Rickshaw,1,Pedestrian Error,1,0,0,0,0,0,Low
2021,10,Saturday,20,Balochistan,Dera Bugti,Provincial Highway,Average,Clear,Street Light,Car/Taxi,3,Over Speeding,1,1,0,0,0,0,Low
2019,10,Thursday,21,Sindh,Larkana,Rural Road,Under Repair,Clear,Street Light,Motorcycle,1,Road Condition,0,0,0,0,1,0,Medium
2018,7,Saturday,15,Sindh,Mirpur Khas,National Highway,Poor,Clear,Daylight,Motorcycle,1,Over Speeding,0,1,0,0,10,1,High
2023,7,Saturday,13,Punjab,Rawalpindi,Provincial Highway,Average,Clear,Daylight,Car/Taxi,3,Road Condition,1,1,0,0,1,0,Low
2022,8,Saturday,18,Sindh,Mirpur Khas,Provincial Highway,Poor,Rainy,Dawn/Dusk,Motorcycle,1,Road Condition,1,1,0,0,5,2,Medium
2023,7,Wednesday,18,Balochistan,Gwadar,Motorway,Poor,Foggy,Daylight,Motorcycle,2,Over Speeding,1,0,0,0,2,2,High
2023,5,Monday,18,KPK,Kohat,Provincial Highway,Poor,Rainy,Daylight,Truck/Lorry,1,Pedestrian Error,1,0,0,0,1,0,Low
2022,12,Monday,11,Punjab,Sheikhupura,National Highway,Good,Clear,Daylight,Motorcycle,2,Wrong Overtaking,0,0,0,1,3,2,High
2023,11,Tuesday,13,Sindh,Thatta,Rural Road,Average,Rainy,Dawn/Dusk,Motorcycle,1,Pedestrian Error,1,0,0,1,0,0,Low
2018,4,Wednesday,12,Gilgit-Baltistan,Skardu,Rural Road,Average,Clear,Daylight,Motorcycle,2,Wrong Overtaking,1,0,0,0,2,1,Medium
2020,6,Friday,14,Sindh,Sukkur,Provincial Highway,Average,Clear,Daylight,Car/Taxi,1,Wrong Overtaking,0,0,0,0,0,1,Low
2022,2,Wednesday,20,KPK,Swat,Rural Road,Under Repair,Clear,Street Light,Van/Pickup,1,Wrong Overtaking,1,0,0,1,2,0,Low
2023,4,Monday,9,KPK,Dera Ismail Khan,National Highway,Poor,Clear,Dawn/Dusk,Truck/Lorry,2,Driver Fatigue,1,0,0,0,6,1,High
2022,7,Saturday,12,Punjab,Lahore,Provincial Highway,Poor,Foggy,Street Light,Car/Taxi,2,Wrong Overtaking,1,1,0,0,3,0,Medium
2022,1,Wednesday,21,Punjab,Sheikhupura,Provincial Highway,Poor,Extreme Heat,Street Light,Motorcycle,2,Over Speeding,0,0,0,1,4,4,High
2021,11,Saturday,10,KPK,Mardan,Rural Road,Average,Clear,Daylight,Car/Taxi,2,Over Speeding,0,1,0,1,2,1,Medium
2023,1,Friday,6,Sindh,Hyderabad,National Highway,Average,Clear,Daylight,Van/Pickup,4,Over Speeding,0,0,0,1,6,2,High
2020,5,Wednesday,1,Sindh,Thatta,Provincial Highway,Poor,Foggy,No Light,Truck/Lorry,2,Road Condition,0,0,1,0,8,2,High
2023,8,Thursday,11,KPK,Dera Ismail Khan,Provincial Highway,Average,Extreme Heat,Dawn/Dusk,Bicycle,1,Signal Violation,0,0,0,0,6,1,High
2020,10,Saturday,21,KPK,Bannu,Urban Road,Under Repair,Foggy,No Light,Motorcycle,2,Pedestrian Error,0,1,0,0,1,0,Medium
2022,1,Saturday,19,Punjab,Lahore,National Highway,Poor,Clear,Daylight,Motorcycle,1,Pedestrian Error,1,1,0,1,3,0,Medium
2022,11,Saturday,8,Punjab,Faisalabad,National Highway,Good,Clear,Daylight,Motorcycle,2,Over Speeding,1,1,0,1,5,2,High
2023,4,Thursday,22,Punjab,Rahim Yar Khan,National Highway,Average,Clear,Street Light,Truck/Lorry,2,Drunk Driving,0,0,1,0,8,4,High
2023,11,Monday,22,Sindh,Mirpur Khas,National Highway,Under Repair,Rainy,Street Light,Motorcycle,1,Wrong Overtaking,0,0,1,1,5,2,High
2023,4,Wednesday,6,Punjab,Sheikhupura,Provincial Highway,Under Repair,Clear,Daylight,Car/Taxi,2,Over Speeding,0,0,0,0,1,0,Low
2020,11,Thursday,13,Sindh,Kashmore,National Highway,Average,Rainy,Daylight,Bus/Coach,2,Wrong Overtaking,1,0,0,1,3,0,Medium
2019,11,Sunday,8,Punjab,Gujranwala,Provincial Highway,Poor,Foggy,Daylight,Motorcycle,1,Over Speeding,1,1,0,1,8,2,High
2021,7,Sunday,9,Sindh,Jacobabad,Rural Road,Good,Clear,Daylight,Bus/Coach,2,Road Condition,1,1,0,0,2,0,Low
2021,1,Friday,8,Punjab,Sialkot,Provincial Highway,Good,Foggy,Daylight,Motorcycle,3,Over Speeding,1,0,0,1,2,0,High
2022,9,Wednesday,2,Sindh,Nawabshah,Urban Road,Good,Clear,No Light,Motorcycle,3,Wrong Overtaking,0,0,1,0,4,1,Medium
2023,12,Saturday,21,Sindh,Hyderabad,Urban Road,Poor,Foggy,Street Light,Car/Taxi,1,Mechanical Failure,0,1,0,1,1,0,Low
2023,8,Thursday,9,Punjab,Rahim Yar Khan,Provincial Highway,Good,Foggy,Daylight,Motorcycle,3,Wrong Overtaking,1,0,0,0,11,2,High
2022,3,Saturday,20,Balochistan,Chaman,National Highway,Good,Rainy,Street Light,Motorcycle,3,Wrong Overtaking,1,1,0,0,7,0,High
2023,5,Friday,14,Punjab,Sialkot,Rural Road,Good,Rainy,Daylight,Car/Taxi,1,Over Speeding,0,0,0,0,2,1,Medium
2023,7,Tuesday,21,KPK,Swat,Provincial Highway,Under Repair,Clear,No Light,Rickshaw,1,Over Speeding,0,0,0,0,1,2,Medium
2022,9,Wednesday,17,Islamabad,Islamabad,Urban Road,Poor,Clear,No Light,Motorcycle,2,Over Speeding,1,0,0,0,3,3,High
2019,2,Friday,20,Sindh,Jacobabad,Provincial Highway,Poor,Rainy,Street Light,Car/Taxi,2,Drunk Driving,1,0,0,1,11,3,High
2019,1,Wednesday,20,Balochistan,Sibi,Urban Road,Good,Clear,Street Light,Motorcycle,1,Wrong Overtaking,1,0,0,1,1,0,Low
2023,7,Saturday,10,Punjab,Sargodha,Rural Road,Good,Dusty/Smoggy,Daylight,Motorcycle,2,Over Speeding,0,1,0,0,5,0,Medium
2020,6,Thursday,3,Sindh,Nawabshah,Provincial Highway,Good,Clear,No Light,Car/Taxi,3,Signal Violation,0,0,1,0,1,0,Low
2019,10,Friday,7,Sindh,Hyderabad,Rural Road,Average,Dusty/Smoggy,Daylight,Motorcycle,1,Over Speeding,1,0,0,0,5,0,Medium
2022,2,Friday,19,Punjab,Rawalpindi,National Highway,Poor,Dusty/Smoggy,Dawn/Dusk,Car/Taxi,2,Drunk Driving,1,0,0,1,4,1,Medium
2022,3,Saturday,9,Sindh,Jacobabad,National Highway,Average,Clear,No Light,Motorcycle,2,Drunk Driving,1,1,0,0,10,1,High
2019,11,Sunday,17,Punjab,Lahore,Rural Road,Average,Clear,Street Light,Bicycle,1,Wrong Overtaking,1,1,0,1,3,1,Medium
2019,7,Monday,6,KPK,Peshawar,National Highway,Under Repair,Dusty/Smoggy,Dawn/Dusk,Motorcycle,1,Road Condition,0,0,0,0,6,1,High
2023,6,Saturday,21,Islamabad,Islamabad,Provincial Highway,Poor,Foggy,Street Light,Truck/Lorry,4,Mechanical Failure,0,1,0,0,5,0,Medium
2023,6,Saturday,20,Punjab,Rawalpindi,National Highway,Average,Foggy,No Light,Motorcycle,3,Signal Violation,1,1,0,0,2,1,High
2018,12,Sunday,12,Punjab,Gujranwala,Rural Road,Poor,Clear,Daylight,Motorcycle,2,Signal Violation,1,1,0,1,2,1,Medium
2022,10,Sunday,18,Sindh,Sukkur,National Highway,Average,Foggy,Dawn/Dusk,Motorcycle,1,Mechanical Failure,1,1,0,0,5,0,Medium
2023,12,Sunday,19,Sindh,Dadu,National Highway,Poor,Clear,Daylight,Truck/Lorry,4,Mobile Phone Use,1,1,0,1,3,1,Medium
2021,12,Saturday,18,KPK,Nowshera,National Highway,Good,Foggy,Daylight,Car/Taxi,2,Over Speeding,1,1,0,1,7,2,High
2022,6,Thursday,8,Sindh,Hyderabad,Provincial Highway,Good,Clear,Daylight,Car/Taxi,1,Wrong Overtaking,1,0,0,0,5,1,Medium
2022,4,Wednesday,21,Punjab,Rahim Yar Khan,Rural Road,Average,Clear,Street Light,Truck/Lorry,1,Over Speeding,0,0,0,0,1,0,Low
2023,8,Friday,17,KPK,Dera Ismail Khan,Rural Road,Poor,Clear,Daylight,Car/Taxi,3,Over Speeding,1,0,0,0,0,0,Low
2022,4,Saturday,20,Balochistan,Khuzdar,National Highway,Average,Clear,Street Light,Rickshaw,1,Wrong Overtaking,1,1,0,0,2,0,Low
2020,8,Tuesday,15,Sindh,Sukkur,Provincial Highway,Poor,Rainy,No Light,Motorcycle,2,Driver Fatigue,0,0,0,0,8,1,High
2022,7,Wednesday,18,Sindh,Dadu,Urban Road,Good,Clear,Street Light,Motorcycle,4,Signal Violation,1,0,0,0,1,0,Low
2020,10,Saturday,12,Punjab,Sargodha,Provincial Highway,Poor,Foggy,Daylight,Van/Pickup,3,Mobile Phone Use,1,1,0,0,2,0,Low
2023,7,Wednesday,12,Punjab,Rawalpindi,Rural Road,Average,Foggy,Daylight,Truck/Lorry,4,Signal Violation,1,0,0,0,0,0,Low
2020,7,Friday,12,Punjab,Lahore,Provincial Highway,Good,Clear,Daylight,Car/Taxi,1,Mechanical Failure,1,0,0,0,0,0,Low
2020,6,Saturday,23,Sindh,Larkana,Provincial Highway,Under Repair,Foggy,Street Light,Van/Pickup,2,Road Condition,0,1,1,0,1,0,Low
2023,10,Wednesday,9,Islamabad,Islamabad,Urban Road,Average,Dusty/Smoggy,Daylight,Car/Taxi,4,Pedestrian Error,1,0,0,0,1,0,Low
2019,8,Saturday,10,Sindh,Mirpur Khas,Rural Road,Poor,Clear,Daylight,Rickshaw,2,Pedestrian Error,0,1,0,0,2,0,Low
2020,11,Friday,8,Punjab,Sheikhupura,National Highway,Poor,Rainy,Daylight,Motorcycle,1,Mechanical Failure,1,0,0,1,3,0,Medium
2019,6,Friday,11,Punjab,Multan,Rural Road,Good,Clear,Dawn/Dusk,Bicycle,2,Driver Fatigue,0,0,0,0,2,0,Medium
2019,7,Sunday,17,Punjab,Rahim Yar Khan,Provincial Highway,Good,Rainy,Daylight,Motorcycle,1,Pedestrian Error,1,1,0,0,4,0,Medium
2023,7,Saturday,18,Sindh,Hyderabad,Urban Road,Poor,Extreme Heat,Daylight,Motorcycle,1,Signal Violation,1,1,0,0,2,0,Low
2023,2,Saturday,8,Sindh,Karachi,Urban Road,Poor,Clear,Street Light,Car/Taxi,2,Mechanical Failure,1,1,0,1,1,0,Low
2018,6,Monday,23,Punjab,Gujranwala,Rural Road,Average,Clear,Street Light,Rickshaw,2,Weather Condition,0,0,1,0,1,1,Low
2019,11,Sunday,14,Sindh,Sukkur,Urban Road,Average,Clear,Daylight,Bicycle,2,Signal Violation,0,1,0,1,2,1,Medium
2023,2,Wednesday,4,Punjab,Sheikhupura,Rural Road,Average,Clear,No Light,Motorcycle,2,Signal Violation,0,0,1,1,5,0,Medium
2023,11,Saturday,8,Punjab,Rawalpindi,Urban Road,Under Repair,Extreme Heat,Daylight,Rickshaw,3,Over Speeding,1,1,0,1,2,2,Medium
2022,8,Sunday,17,Punjab,Rawalpindi,Rural Road,Poor,Clear,Daylight,Car/Taxi,1,Signal Violation,1,1,0,0,0,0,Low
2021,5,Monday,16,Punjab,Faisalabad,Rural Road,Average,Dusty/Smoggy,Daylight,Motorcycle,1,Over Speeding,0,0,0,0,6,1,High
2023,12,Tuesday,9,Punjab,Rawalpindi,Urban Road,Poor,Clear,Daylight,Rickshaw,2,Signal Violation,1,0,0,1,0,0,Low
2021,12,Tuesday,16,Punjab,Sheikhupura,Rural Road,Average,Foggy,Daylight,Car/Taxi,2,Mechanical Failure,0,0,0,1,0,0,Low
2020,4,Tuesday,12,KPK,Nowshera,Provincial Highway,Average,Foggy,Daylight,Car/Taxi,4,Over Speeding,1,0,0,0,5,0,Medium
2021,12,Saturday,14,KPK,Mardan,National Highway,Average,Foggy,Daylight,Motorcycle,1,Driver Fatigue,0,1,0,1,6,0,High
2021,8,Tuesday,19,Sindh,Sukkur,National Highway,Under Repair,Clear,Street Light,Car/Taxi,3,Signal Violation,1,0,0,0,5,0,Medium
2023,6,Sunday,18,Balochistan,Chaman,Provincial Highway,Average,Clear,Daylight,Motorcycle,3,Mechanical Failure,1,1,0,0,4,0,Medium
2022,3,Thursday,8,Punjab,Rahim Yar Khan,Rural Road,Under Repair,Dusty/Smoggy,No Light,Truck/Lorry,1,Over Speeding,1,0,0,0,2,1,Medium
2019,1,Sunday,10,Balochistan,Chaman,Urban Road,Poor,Clear,Daylight,Motorcycle,1,Wrong Overtaking,0,1,0,1,5,1,Medium
2018,6,Friday,7,Punjab,Rahim Yar Khan,Rural Road,Good,Rainy,Daylight,Bus/Coach,1,Pedestrian Error,1,0,0,0,0,0,Low
2023,1,Saturday,9,Punjab,Lahore,National Highway,Average,Clear,Daylight,Motorcycle,3,Wrong Overtaking,1,1,0,1,2,4,High
2020,11,Friday,19,Punjab,Lahore,Urban Road,Under Repair,Dusty/Smoggy,Street Light,Rickshaw,1,Driver Fatigue,1,0,0,1,2,0,Medium
2021,1,Sunday,11,Punjab,Bahawalpur,Motorway,Under Repair,Extreme Heat,Daylight,Rickshaw,3,Over Speeding,0,1,0,1,1,0,Medium
2022,1,Tuesday,19,AJK,Rawalakot,Provincial Highway,Good,Foggy,Dawn/Dusk,Car/Taxi,1,Driver Fatigue,1,0,0,1,3,1,High
2021,3,Wednesday,19,Punjab,Faisalabad,Rural Road,Good,Foggy,Dawn/Dusk,Motorcycle,1,Over Speeding,1,0,0,0,7,4,High
2023,1,Sunday,9,Punjab,Bahawalpur,Provincial Highway,Poor,Foggy,Daylight,Truck/Lorry,2,Over Speeding,1,1,0,1,3,1,Medium
2018,6,Thursday,16,Punjab,Lahore,Rural Road,Poor,Rainy,Daylight,Motorcycle,2,Wrong Overtaking,0,0,0,0,3,2,High
2023,12,Saturday,5,Punjab,Gujranwala,Urban Road,Good,Foggy,Street Light,Car/Taxi,2,Wrong Overtaking,0,1,1,1,1,1,Medium
2019,8,Saturday,8,Punjab,Rahim Yar Khan,National Highway,Under Repair,Foggy,No Light,Car/Taxi,3,Wrong Overtaking,1,1,0,0,8,0,High
2022,9,Monday,17,Punjab,Gujranwala,National Highway,Good,Clear,No Light,Motorcycle,2,Over Speeding,1,0,0,0,9,2,High
2020,10,Thursday,15,Punjab,Bahawalpur,Provincial Highway,Average,Clear,Dawn/Dusk,Bus/Coach,1,Mobile Phone Use,0,0,0,0,1,0,Low
2018,4,Saturday,7,Balochistan,Chaman,Motorway,Average,Clear,Daylight,Motorcycle,4,Wrong Overtaking,1,1,0,0,5,1,High
2019,3,Wednesday,8,Punjab,Rahim Yar Khan,Urban Road,Good,Foggy,Dawn/Dusk,Bus/Coach,2,Pedestrian Error,1,0,0,0,2,0,Low
2022,7,Thursday,14,Punjab,Multan,Provincial Highway,Good,Clear,Daylight,Van/Pickup,2,Pedestrian Error,0,0,0,0,1,0,Low
2020,9,Saturday,13,Sindh,Hyderabad,Provincial Highway,Average,Clear,Daylight,Car/Taxi,1,Wrong Overtaking,1,1,0,0,1,1,Low
2019,5,Monday,13,Gilgit-Baltistan,Hunza,Rural Road,Good,Clear,Daylight,Rickshaw,2,Wrong Overtaking,1,0,0,0,0,0,Low
2020,12,Saturday,17,Punjab,Sialkot,Provincial Highway,Good,Rainy,Daylight,Rickshaw,1,Wrong Overtaking,1,1,0,1,3,0,Medium
2019,5,Wednesday,19,Punjab,Multan,Provincial Highway,Good,Dusty/Smoggy,Street Light,Motorcycle,1,Over Speeding,1,0,0,0,4,1,Medium
2022,4,Wednesday,15,AJK,Mirpur,National Highway,Good,Extreme Heat,Daylight,Motorcycle,1,Road Condition,0,0,0,0,1,1,Medium
2022,10,Thursday,18,Punjab,Sheikhupura,Provincial Highway,Good,Foggy,Daylight,Van/Pickup,2,Signal Violation,1,0,0,0,1,0,Medium
2022,3,Monday,7,Sindh,Dadu,Rural Road,Good,Foggy,Daylight,Motorcycle,2,Over Speeding,1,0,0,0,5,0,Medium
2021,4,Sunday,11,Punjab,Sargodha,National Highway,Good,Clear,Daylight,Van/Pickup,1,Wrong Overtaking,0,1,0,0,3,1,Medium
2020,5,Monday,18,Islamabad,Islamabad,National Highway,Poor,Clear,Daylight,Rickshaw,4,Drunk Driving,1,0,0,0,2,2,Medium
2021,5,Wednesday,15,AJK,Mirpur,Provincial Highway,Average,Clear,Daylight,Motorcycle,1,Signal Violation,0,0,0,0,2,1,Medium
2018,6,Tuesday,5,KPK,Abbottabad,Urban Road,Good,Dusty/Smoggy,No Light,Bus/Coach,2,Over Speeding,0,0,1,0,5,1,Medium
2018,1,Monday,12,Punjab,Sheikhupura,National Highway,Average,Foggy,Daylight,Motorcycle,2,Wrong Overtaking,1,0,0,1,3,2,High
2023,12,Wednesday,18,Punjab,Bahawalpur,Provincial Highway,Good,Clear,Daylight,Car/Taxi,2,Wrong Overtaking,1,0,0,1,0,0,Low
2020,9,Saturday,18,Punjab,Rahim Yar Khan,National Highway,Good,Foggy,Daylight,Van/Pickup,2,Over Speeding,1,1,0,0,3,1,High
2019,6,Saturday,14,Balochistan,Turbat,Urban Road,Good,Extreme Heat,Daylight,Car/Taxi,1,Over Speeding,0,1,0,0,1,1,Low
2018,8,Monday,14,Balochistan,Hub,Urban Road,Under Repair,Foggy,Daylight,Motorcycle,3,Road Condition,0,0,0,0,1,2,Medium
2022,8,Wednesday,10,Punjab,Faisalabad,Rural Road,Good,Foggy,Daylight,Van/Pickup,2,Wrong Overtaking,0,0,0,0,2,0,Low
2021,2,Saturday,22,Sindh,Karachi,Rural Road,Average,Foggy,No Light,Motorcycle,3,Driver Fatigue,0,1,1,1,4,2,High
2023,6,Tuesday,13,Punjab,Sheikhupura,Rural Road,Poor,Rainy,Daylight,Motorcycle,2,Drunk Driving,1,0,0,0,5,0,Medium
2021,12,Saturday,14,Sindh,Jacobabad,Provincial Highway,Good,Rainy,Dawn/Dusk,Bicycle,2,Over Speeding,0,1,0,1,11,2,High
2022,3,Monday,21,Sindh,Larkana,National Highway,Good,Clear,No Light,Motorcycle,4,Wrong Overtaking,0,0,0,0,5,0,Medium
2022,5,Friday,12,Punjab,Rawalpindi,Urban Road,Average,Dusty/Smoggy,Daylight,Bicycle,3,Over Speeding,1,0,0,0,2,1,High
2020,5,Monday,18,Punjab,Rawalpindi,Motorway,Poor,Extreme Heat,Daylight,Motorcycle,1,Pedestrian Error,1,0,0,0,2,2,High
2021,11,Sunday,14,Punjab,Sargodha,Rural Road,Average,Clear,Street Light,Rickshaw,2,Drunk Driving,0,1,0,1,1,0,Low
2022,3,Tuesday,4,KPK,Dera Ismail Khan,Urban Road,Average,Clear,Street Light,Car/Taxi,2,Road Condition,0,0,1,0,2,0,Low
2022,5,Sunday,21,Balochistan,Sibi,Rural Road,Good,Rainy,Street Light,Motorcycle,2,Mobile Phone Use,0,1,0,0,4,2,Medium
2023,12,Sunday,20,Islamabad,Islamabad,Provincial Highway,Average,Clear,Street Light,Van/Pickup,4,Pedestrian Error,1,1,0,1,2,0,Low
2022,5,Wednesday,7,KPK,Nowshera,Urban Road,Good,Clear,Daylight,Truck/Lorry,2,Signal Violation,1,0,0,0,2,0,Low
2018,2,Wednesday,22,Sindh,Hyderabad,Provincial Highway,Good,Clear,No Light,Motorcycle,2,Mobile Phone Use,0,0,1,1,5,2,Medium
2022,12,Sunday,12,Punjab,Sialkot,Provincial Highway,Poor,Clear,Daylight,Motorcycle,4,Over Speeding,1,1,0,1,11,2,High
2021,9,Monday,9,Gilgit-Baltistan,Hunza,Motorway,Poor,Rainy,Street Light,Car/Taxi,1,Over Speeding,1,0,0,0,1,0,Medium
2018,5,Thursday,6,Sindh,Hyderabad,National Highway,Poor,Foggy,Daylight,Car/Taxi,2,Wrong Overtaking,0,0,0,0,5,0,Medium
2022,6,Thursday,10,KPK,Nowshera,National Highway,Good,Foggy,Daylight,Motorcycle,2,Over Speeding,0,0,0,0,2,3,High
2023,5,Monday,19,KPK,Bannu,National Highway,Good,Rainy,No Light,Motorcycle,2,Road Condition,1,0,0,0,5,0,Medium
2023,2,Wednesday,23,Balochistan,Khuzdar,National Highway,Average,Dusty/Smoggy,No Light,Bus/Coach,1,Over Speeding,0,0,1,1,5,2,High
2022,6,Tuesday,18,Punjab,Rawalpindi,Urban Road,Poor,Clear,Daylight,Car/Taxi,2,Wrong Overtaking,1,0,0,0,0,1,Low
2019,10,Friday,19,Punjab,Gujranwala,Rural Road,Poor,Clear,Street Light,Truck/Lorry,2,Over Speeding,1,0,0,0,1,0,Low
2019,9,Saturday,21,KPK,Bannu,National Highway,Average,Clear,Street Light,Truck/Lorry,1,Signal Violation,0,1,0,0,4,0,High
2022,2,Sunday,9,Balochistan,Quetta,National Highway,Good,Clear,Dawn/Dusk,Van/Pickup,3,Pedestrian Error,1,1,0,1,0,1,Low
2020,1,Friday,19,KPK,Nowshera,Provincial Highway,Good,Foggy,Dawn/Dusk,Car/Taxi,1,Drunk Driving,1,0,0,1,2,1,Medium
2022,7,Sunday,7,Punjab,Sargodha,Urban Road,Good,Foggy,Daylight,Rickshaw,2,Wrong Overtaking,1,1,0,0,2,1,Low
2020,1,Saturday,22,Punjab,Multan,National Highway,Under Repair,Clear,No Light,Motorcycle,4,Driver Fatigue,0,1,1,1,2,0,High
2021,12,Monday,7,KPK,Mansehra,Urban Road,Poor,Clear,Street Light,Motorcycle,1,Wrong Overtaking,1,0,0,1,3,1,Medium
2022,8,Sunday,17,KPK,Peshawar,Provincial Highway,Average,Foggy,Daylight,Motorcycle,1,Over Speeding,1,1,0,0,7,0,High
2021,2,Saturday,15,Sindh,Kashmore,National Highway,Average,Rainy,Daylight,Motorcycle,3,Signal Violation,0,1,0,1,4,1,High
2020,7,Sunday,21,Punjab,Multan,Provincial Highway,Under Repair,Rainy,No Light,Motorcycle,2,Over Speeding,0,1,0,0,8,2,High
2023,12,Thursday,19,Islamabad,Islamabad,National Highway,Good,Rainy,Dawn/Dusk,Car/Taxi,3,Wrong Overtaking,1,0,0,1,11,1,High
2023,1,Sunday,22,Sindh,Sukkur,Urban Road,Under Repair,Clear,Street Light,Car/Taxi,2,Pedestrian Error,0,1,1,1,0,0,Low
2021,3,Saturday,21,KPK,Kohat,Urban Road,Good,Clear,No Light,Van/Pickup,2,Wrong Overtaking,0,1,0,0,2,0,Low
2023,10,Monday,13,Punjab,Bahawalpur,Rural Road,Good,Clear,Street Light,Bus/Coach,2,Pedestrian Error,1,0,0,0,1,0,Low
2023,3,Friday,18,Punjab,Gujranwala,Urban Road,Good,Clear,Daylight,Van/Pickup,2,Pedestrian Error,1,0,0,0,1,0,Low
2019,10,Thursday,8,Balochistan,Quetta,National Highway,Poor,Foggy,Dawn/Dusk,Motorcycle,2,Road Condition,1,0,0,0,5,1,High
2022,12,Sunday,13,Punjab,Faisalabad,Urban Road,Good,Clear,Daylight,Other,2,Wrong Overtaking,1,1,0,1,2,0,Low
2019,5,Sunday,7,Sindh,Hyderabad,Urban Road,Average,Clear,Daylight,Motorcycle,1,Over Speeding,1,1,0,0,5,1,Medium
2023,7,Friday,13,Sindh,Dadu,Provincial Highway,Good,Extreme Heat,Daylight,Motorcycle,2,Over Speeding,1,0,0,0,1,0,Medium
2021,11,Friday,21,KPK,Dera Ismail Khan,Urban Road,Average,Rainy,No Light,Motorcycle,2,Over Speeding,0,0,0,1,11,2,High
2023,4,Thursday,18,Punjab,Sargodha,Provincial Highway,Good,Clear,Daylight,Car/Taxi,3,Drunk Driving,1,0,0,0,2,1,Medium
2023,7,Friday,10,Punjab,Multan,National Highway,Poor,Clear,Daylight,Motorcycle,2,Mechanical Failure,0,0,0,0,3,1,Medium
2022,3,Saturday,10,Islamabad,Islamabad,National Highway,Good,Clear,Daylight,Car/Taxi,2,Mobile Phone Use,0,1,0,0,2,0,Low
2022,12,Sunday,3,Sindh,Dadu,Provincial Highway,Good,Foggy,No Light,Van/Pickup,1,Signal Violation,0,1,1,1,7,1,High
2023,6,Friday,13,Punjab,Sheikhupura,Urban Road,Good,Clear,Dawn/Dusk,Car/Taxi,2,Driver Fatigue,1,0,0,0,1,0,Low
2020,8,Thursday,13,Punjab,Sargodha,Provincial Highway,Good,Clear,Daylight,Car/Taxi,2,Wrong Overtaking,1,0,0,0,1,0,Low
2023,2,Saturday,12,Gilgit-Baltistan,Hunza,Urban Road,Average,Clear,Daylight,Motorcycle,1,Over Speeding,1,1,0,1,6,1,High
2021,9,Friday,20,Punjab,Sheikhupura,Provincial Highway,Average,Rainy,Street Light,Van/Pickup,2,Drunk Driving,1,0,0,0,2,1,Medium
2019,11,Friday,12,Sindh,Dadu,National Highway,Poor,Foggy,Daylight,Bus/Coach,3,Over Speeding,1,0,0,1,5,1,High
2019,11,Monday,9,Sindh,Jacobabad,Provincial Highway,Good,Rainy,Dawn/Dusk,Van/Pickup,1,Road Condition,1,0,0,1,5,1,Medium
2019,5,Monday,13,Balochistan,Hub,National Highway,Average,Dusty/Smoggy,Daylight,Rickshaw,2,Signal Violation,1,0,0,0,3,1,Medium
2022,12,Saturday,6,KPK,Bannu,Urban Road,Good,Foggy,Street Light,Motorcycle,1,Pedestrian Error,0,1,0,1,1,0,Low
2023,3,Tuesday,20,Sindh,Sukkur,Urban Road,Good,Foggy,Street Light,Bus/Coach,3,Road Condition,1,0,0,0,2,0,Medium
2019,12,Sunday,18,Punjab,Multan,Urban Road,Under Repair,Foggy,Daylight,Truck/Lorry,3,Over Speeding,1,1,0,1,10,4,High
2020,1,Monday,12,Balochistan,Zhob,National Highway,Average,Foggy,Daylight,Motorcycle,2,Drunk Driving,1,0,0,1,10,0,High
2018,9,Wednesday,19,Sindh,Jacobabad,Provincial Highway,Poor,Clear,Daylight,Motorcycle,2,Over Speeding,1,0,0,0,4,1,Medium