year,month,day_of_week,hour_of_day,province,district,road_type,road_condition,weather_condition,lighting_condition,vehicle_type,vehicles_involved,accident_cause,is_rush_hour,is_weekend,is_night,is_foggy_month,num_injured,num_killed,severity
2022,7,Wednesday,20,Islamabad,Islamabad,Urban Road,Average,Clear,Street Light,Car/Taxi,1,Road Condition,1,0,0,0,1,0,Low
2019,10,Monday,9,Sindh,Kashmore,Rural Road,Average,Rainy,Daylight,Motorcycle,2,Mechanical Failure,1,0,0,0,5,0,Medium
2019,2,Friday,13,KPK,Charsadda,Motorway,Good,Clear,Street Light,Motorcycle,2,Road Condition,1,0,0,1,2,1,Medium
2023,4,Thursday,13,Punjab,Multan,Rural Road,Good,Clear,Daylight,Car/Taxi,2,Wrong Overtaking,1,0,0,0,1,0,Low
2023,11,Friday,4,KPK,Bannu,National Highway,Good,Clear,Street Light,Car/Taxi,2,Mobile Phone Use,0,0,1,1,4,1,Medium
2023,5,Sunday,15,Punjab,Rawalpindi,Rural Road,Under Repair,Dusty/Smoggy,Daylight,Motorcycle,2,Over Speeding,0,1,0,0,4,0,Medium
2023,7,Friday,16,Punjab,Rawalpindi,Urban Road,Poor,Rainy,Daylight,Car/Taxi,1,Wrong Overtaking,0,0,0,0,5,0,Medium
2023,9,Friday,23,Punjab,Gujranwala,National Highway,Under Repair,Clear,Street Light,Motorcycle,2,Mobile Phone Use,0,0,1,0,4,1,High
2018,1,Monday,11,Punjab,Faisalabad,Rural Road,Poor,Clear,Daylight,Car/Taxi,1,Drunk Driving,0,0,0,1,2,0,Low
2019,4,Wednesday,23,Punjab,Lahore,Provincial Highway,Average,Foggy,No Light,Car/Taxi,2,Pedestrian Error,0,0,1,0,2,2,Medium
2020,1,Sunday,18,Punjab,Sheikhupura,Rural Road,Poor,Clear,Street Light,Motorcycle,3,Road Condition,1,1,0,1,0,0,Low
2020,5,Tuesday,14,Balochistan,Chaman,Urban Road,Average,Clear,Daylight,Rickshaw,1,Road Condition,0,0,0,0,2,1,Low
2023,2,Friday,11,Punjab,Rawalpindi,Provincial Highway,Average,Rainy,Dawn/Dusk,Truck/Lorry,1,Over Speeding,0,0,0,1,6,0,High
2022,11,Thursday,7,KPK,Kohat,Provincial Highway,Good,Clear,Daylight,Bus/Coach,2,Driver Fatigue,1,0,0,1,3,1,High
2022,2,Tuesday,13,Punjab,Bahawalpur,Rural Road,Good,Clear,Daylight,Motorcycle,4,Mechanical Failure,1,0,0,1,0,0,Low
2019,2,Thursday,10,Sindh,Hyderabad,National Highway,Poor,Rainy,Daylight,Motorcycle,1,Mobile Phone Use,0,0,0,1,9,2,High
2018,1,Wednesday,16,Sindh,Jacobabad,Urban Road,Good,Extreme Heat,Daylight,Car/Taxi,1,Pedestrian Error,0,0,0,1,2,1,Low
2020,10,Sunday,13,AJK,Muzaffarabad,Urban Road,Average,Foggy,Daylight,Rickshaw,2,Wrong Overtaking,1,1,0,0,5,0,Medium
2020,11,Sunday,19,Balochistan,Gwadar,Urban Road,Under Repair,Clear,Street Light,Car/Taxi,2,Wrong Overtaking,1,1,0,1,2,0,Low
2023,7,Wednesday,17,Sindh,Hyderabad,Provincial Highway,Poor,Clear,No Light,Rickshaw,2,Weather Condition,1,0,0,0,0,0,Low
2019,12,Monday,19,KPK,Bannu,National Highway,Good,Foggy,Daylight,Car/Taxi,3,Pedestrian Error,1,0,0,1,1,0,Medium
2022,2,Thursday,15,Punjab,Rahim Yar Khan,National Highway,Good,Clear,Daylight,Motorcycle,2,Road Condition,0,0,0,1,3,1,Medium
2022,4,Monday,4,Sindh,Karachi,Provincial Highway,Good,Extreme Heat,Street Light,Car/Taxi,1,Road Condition,0,0,1,0,0,0,Low
2020,9,Monday,10,Punjab,Sialkot,National Highway,Under Repair,Clear,Daylight,Car/Taxi,1,Pedestrian Error,0,0,0,0,2,1,Low
2022,3,Tuesday,12,Punjab,Bahawalpur,Urban Road,Poor,Foggy,Daylight,Motorcycle,3,Wrong Overtaking,1,0,0,0,1,0,Medium
2023,8,Wednesday,20,Punjab,Faisalabad,National Highway,Average,Clear,No Light,Motorcycle,3,Driver Fatigue,1,0,0,0,4,3,High
2020,5,Tuesday,6,KPK,Dera Ismail Khan,National Highway,Average,Rainy,No Light,Truck/Lorry,2,Over Speeding,0,0,0,0,4,1,High
2018,7,Wednesday,9,Sindh,Jacobabad,Provincial Highway,Average,Foggy,Daylight,Other,1,Wrong Overtaking,1,0,0,0,0,0,Low
2023,4,Saturday,7,KPK,Nowshera,National Highway,Good,Clear,Daylight,Van/Pickup,2,Road Condition,1,1,0,0,2,0,Low
2023,3,Friday,19,Sindh,Sukkur,Urban Road,Under Repair,Clear,No Light,Motorcycle,2,Pedestrian Error,1,0,0,0,1,0,Low
2023,9,Wednesday,7,Punjab,Rahim Yar Khan,Rural Road,Good,Clear,Daylight,Motorcycle,1,Over Speeding,1,0,0,0,3,0,Medium
2019,6,Friday,16,KPK,Swat,Provincial Highway,Poor,Clear,Daylight,Car/Taxi,2,Over Speeding,0,0,0,0,5,0,Medium
2021,11,Sunday,18,KPK,Charsadda,Urban Road,Good,Foggy,Street Light,Car/Taxi,1,Wrong Overtaking,1,1,0,1,2,0,Low
2022,1,Friday,11,Balochistan,Zhob,National Highway,Average,Foggy,Daylight,Car/Taxi,2,Wrong Overtaking,0,0,0,1,5,1,High
2021,7,Saturday,0,Sindh,Hyderabad,Provincial Highway,Average,Clear,Street Light,Motorcycle,2,Over Speeding,0,1,1,0,4,3,High
2019,1,Thursday,7,KPK,Mansehra,National Highway,Average,Clear,Daylight,Bus/Coach,2,Road Condition,1,0,0,1,2,2,Medium
2020,4,Friday,13,KPK,Nowshera,National Highway,Poor,Foggy,Street Light,Motorcycle,2,Pedestrian Error,1,0,0,0,4,0,Medium
2023,2,Tuesday,2,Punjab,Bahawalpur,Provincial Highway,Average,Extreme Heat,No Light,Car/Taxi,2,Over Speeding,0,0,1,1,2,1,Medium
2023,3,Tuesday,8,Punjab,Bahawalpur,Urban Road,Average,Foggy,Daylight,Car/Taxi,1,Signal Violation,1,0,0,0,0,0,Low
2018,4,Monday,18,Punjab,Bahawalpur,National Highway,Good,Foggy,Daylight,Car/Taxi,1,Signal Violation,1,0,0,0,1,0,Medium
2023,3,Thursday,20,Punjab,Bahawalpur,Provincial Highway,Average,Clear,No Light,Motorcycle,2,Drunk Driving,1,0,0,0,11,2,High
2023,3,Monday,19,Sindh,Nawabshah,Provincial Highway,Good,Dusty/Smoggy,Dawn/Dusk,Motorcycle,1,Wrong Overtaking,1,0,0,0,2,0,Medium
2023,11,Thursday,14,Gilgit-Baltistan,Gilgit,National Highway,Good,Clear,Daylight,Rickshaw,1,Over Speeding,0,0,0,1,9,0,High
2021,6,Wednesday,23,Sindh,Larkana,Rural Road,Poor,Rainy,No Light,Motorcycle,3,Over Speeding,0,0,1,0,9,0,High
2023,2,Tuesday,23,KPK,Mardan,Urban Road,Good,Clear,No Light,Car/Taxi,3,Pedestrian Error,0,0,1,1,0,0,Low
2022,6,Thursday,23,KPK,Dera Ismail Khan,National Highway,Good,Clear,Street Light,Car/Taxi,3,Signal Violation,0,0,1,0,2,1,High
2019,7,Tuesday,18,Punjab,Sargodha,Urban Road,Good,Dusty/Smoggy,Dawn/Dusk,Truck/Lorry,1,Over Speeding,1,0,0,0,4,0,Medium
2019,8,Friday,17,Punjab,Lahore,Rural Road,Under Repair,Clear,No Light,Motorcycle,2,Mechanical Failure,1,0,0,0,1,0,Low
2019,7,Friday,19,Sindh,Mirpur Khas,National Highway,Average,Dusty/Smoggy,Street Light,Motorcycle,3,Drunk Driving,1,0,0,0,3,3,High
2020,2,Thursday,18,KPK,Dera Ismail Khan,Motorway,Average,Clear,Daylight,Motorcycle,1,Signal Violation,1,0,0,1,2,3,High
2022,8,Sunday,6,Gilgit-Baltistan,Hunza,Urban Road,Good,Clear,Daylight,Truck/Lorry,1,Signal Violation,0,1,0,0,1,1,Medium
2021,7,Monday,7,Punjab,Gujranwala,Provincial Highway,Good,Rainy,Daylight,Car/Taxi,2,Signal Violation,1,0,0,0,0,0,Low
2023,5,Saturday,2,Balochistan,Quetta,Provincial Highway,Poor,Clear,Street Light,Van/Pickup,2,Road Condition,0,1,1,0,0,0,Low
2023,6,Saturday,21,Punjab,Faisalabad,National Highway,Good,Dusty/Smoggy,No Light,Motorcycle,1,Over Speeding,0,1,0,0,8,2,High
2023,11,Wednesday,11,KPK,Kohat,National Highway,Poor,Clear,Street Light,Rickshaw,1,Wrong Overtaking,0,0,0,1,5,0,Medium
2020,8,Thursday,17,Sindh,Jacobabad,Provincial Highway,Poor,Dusty/Smoggy,Daylight,Motorcycle,3,Wrong Overtaking,1,0,0,0,4,0,Medium
2020,1,Wednesday,10,Punjab,Sargodha,Urban Road,Average,Foggy,Dawn/Dusk,Rickshaw,3,Wrong Overtaking,0,0,0,1,2,0,Low
2019,10,Monday,3,Punjab,Sheikhupura,Motorway,Good,Rainy,Street Light,Car/Taxi,1,Wrong Overtaking,0,0,1,0,4,1,Medium
2019,11,Sunday,13,Punjab,Rawalpindi,Provincial Highway,Poor,Clear,Dawn/Dusk,Car/Taxi,3,Wrong Overtaking,1,1,0,1,1,0,Low
2022,6,Wednesday,14,Punjab,Multan,Urban Road,Average,Clear,Daylight,Motorcycle,2,Over Speeding,0,0,0,0,5,0,Medium
2023,2,Monday,15,KPK,Abbottabad,Urban Road,Average,Clear,Daylight,Motorcycle,2,Mobile Phone Use,0,0,0,1,0,0,Low
2023,10,Monday,18,Punjab,Bahawalpur,Rural Road,Average,Rainy,Daylight,Bus/Coach,1,Driver Fatigue,1,0,0,0,10,2,High
2022,7,Friday,18,Sindh,Dadu,Provincial Highway,Poor,Rainy,Daylight,Motorcycle,1,Pedestrian Error,1,0,0,0,10,2,High
2021,9,Thursday,17,Punjab,Bahawalpur,National Highway,Average,Clear,Daylight,Truck/Lorry,1,Signal Violation,1,0,0,0,1,0,Medium
2018,12,Monday,7,KPK,Mardan,National Highway,Average,Clear,Daylight,Car/Taxi,2,Mechanical Failure,1,0,0,1,5,1,Medium
2021,5,Monday,23,KPK,Dera Ismail Khan,Provincial Highway,Good,Clear,Street Light,Motorcycle,2,Road Condition,0,0,1,0,2,4,High
2019,4,Tuesday,15,KPK,Peshawar,National Highway,Good,Clear,Daylight,Motorcycle,2,Over Speeding,0,0,0,0,7,2,High
2018,2,Saturday,19,Sindh,Mirpur Khas,Rural Road,Average,Dusty/Smoggy,Street Light,Truck/Lorry,1,Signal Violation,1,1,0,1,0,0,Low
2021,11,Sunday,8,Punjab,Faisalabad,Provincial Highway,Good,Rainy,Daylight,Car/Taxi,2,Wrong Overtaking,1,1,0,1,4,1,Medium
2023,7,Friday,14,KPK,Abbottabad,Provincial Highway,Average,Clear,Daylight,Motorcycle,2,Wrong Overtaking,0,0,0,0,3,0,Medium
2020,6,Tuesday,1,Punjab,Sheikhupura,Provincial Highway,Under Repair,Foggy,No Light,Car/Taxi,2,Pedestrian Error,0,0,1,0,2,0,Medium
2020,12,Wednesday,9,Punjab,Rawalpindi,National Highway,Good,Foggy,Daylight,Motorcycle,2,Wrong Overtaking,1,0,0,1,10,2,High
2023,2,Sunday,19,Punjab,Lahore,National Highway,Average,Clear,No Light,Bus/Coach,2,Mechanical Failure,1,1,0,1,0,0,Low
2020,6,Sunday,12,KPK,Bannu,Urban Road,Good,Rainy,Daylight,Car/Taxi,2,Drunk Driving,1,1,0,0,2,1,Medium
2020,3,Tuesday,11,KPK,Mardan,Urban Road,Average,Rainy,Daylight,Car/Taxi,2,Signal Violation,0,0,0,0,1,0,Low
2022,9,Monday,14,Sindh,Kashmore,National Highway,Good,Rainy,Daylight,Rickshaw,1,Road Condition,0,0,0,0,2,0,Medium
2021,1,Wednesday,16,Punjab,Sialkot,National Highway,Poor,Rainy,Daylight,Rickshaw,2,Over Speeding,0,0,0,1,4,0,Medium
2023,9,Monday,8,Punjab,Sargodha,Provincial Highway,Good,Clear,Daylight,Car/Taxi,2,Signal Violation,1,0,0,0,0,0,Low
2022,9,Saturday,18,Balochistan,Sibi,Urban Road,Poor,Foggy,Daylight,Car/Taxi,4,Wrong Overtaking,1,1,0,0,5,1,Medium
2018,12,Wednesday,10,Sindh,Thatta,National Highway,Good,Clear,Daylight,Motorcycle,2,Pedestrian Error,0,0,0,1,7,2,High
2019,5,Sunday,9,Punjab,Sialkot,Provincial Highway,Good,Clear,Daylight,Truck/Lorry,4,Signal Violation,1,1,0,0,4,0,Medium
2023,9,Saturday,21,Sindh,Larkana,Rural Road,Poor,Clear,Street Light,Car/Taxi,2,Pedestrian Error,0,1,0,0,0,0,Low
2019,4,Sunday,11,Punjab,Multan,Provincial Highway,Average,Clear,Daylight,Bus/Coach,3,Signal Violation,0,1,0,0,0,0,Low
2022,12,Tuesday,8,Punjab,Multan,Rural Road,Poor,Clear,Daylight,Bus/Coach,2,Driver Fatigue,1,0,0,1,2,0,Medium
2022,4,Sunday,6,Punjab,Rahim Yar Khan,Provincial Highway,Good,Clear,Daylight,Motorcycle,3,Drunk Driving,0,1,0,0,9,1,High
2019,11,Wednesday,18,Punjab,Faisalabad,Urban Road,Good,Clear,Daylight,Motorcycle,2,Over Speeding,1,0,0,1,4,0,Medium
2018,3,Monday,6,Punjab,Sargodha,Urban Road,Poor,Clear,Street Light,Motorcycle,3,Signal Violation,0,0,0,0,5,0,Medium
2020,3,Monday,19,Balochistan,Quetta,National Highway,Good,Foggy,Dawn/Dusk,Motorcycle,2,Road Condition,1,0,0,0,6,1,High
2020,9,Sunday,9,Sindh,Mirpur Khas,National Highway,Poor,Clear,Street Light,Car/Taxi,2,Wrong Overtaking,1,1,0,0,1,0,Medium
2021,6,Wednesday,10,Sindh,Larkana,Urban Road,Good,Rainy,Dawn/Dusk,Motorcycle,2,Over Speeding,0,0,0,0,5,0,Medium
2019,12,Wednesday,8,KPK,Mardan,Urban Road,Good,Clear,Daylight,Motorcycle,2,Signal Violation,1,0,0,1,4,1,Medium
2023,1,Saturday,9,Islamabad,Islamabad,Provincial Highway,Poor,Foggy,Daylight,Motorcycle,2,Signal Violation,1,1,0,1,4,2,High
2022,1,Saturday,19,Punjab,Sheikhupura,Urban Road,Good,Foggy,Dawn/Dusk,Motorcycle,1,Pedestrian Error,1,1,0,1,5,0,Medium
2023,7,Sunday,20,KPK,Peshawar,Provincial Highway,Poor,Clear,Street Light,Car/Taxi,4,Signal Violation,1,1,0,0,2,0,Low
2019,3,Tuesday,8,Sindh,Larkana,Urban Road,Good,Dusty/Smoggy,Daylight,Other,1,Over Speeding,1,0,0,0,1,0,Low
2019,1,Wednesday,20,Punjab,Sialkot,Urban Road,Good,Clear,No Light,Rickshaw,3,Weather Condition,1,0,0,1,0,0,Low
2021,4,Tuesday,8,Punjab,Multan,Urban Road,Good,Clear,Daylight,Rickshaw,3,Mobile Phone Use,1,0,0,0,0,0,Low
2023,6,Saturday,11,Sindh,Kashmore,Provincial Highway,Good,Extreme Heat,Daylight,Rickshaw,3,Over Speeding,0,1,0,0,1,0,Medium
2020,1,Saturday,21,KPK,Dera Ismail Khan,National Highway,Average,Foggy,Street Light,Motorcycle,2,Driver Fatigue,0,1,0,1,5,1,High
2020,6,Saturday,12,Punjab,Multan,Rural Road,Good,Dusty/Smoggy,Daylight,Motorcycle,2,Road Condition,1,1,0,0,5,0,Medium
2023,11,Friday,10,Sindh,Hyderabad,Provincial Highway,Average,Foggy,Daylight,Bus/Coach,2,Over Speeding,0,0,0,1,3,2,Medium
2018,12,Friday,11,KPK,Dera Ismail Khan,National Highway,Average,Clear,Dawn/Dusk,Motorcycle,2,Over Speeding,0,0,0,1,2,1,High
2021,4,Monday,8,Sindh,Dadu,Motorway,Poor,Rainy,Daylight,Motorcycle,4,Signal Violation,1,0,0,0,7,2,High
2023,7,Sunday,7,Balochistan,Sibi,Urban Road,Average,Foggy,Daylight,Car/Taxi,1,Mechanical Failure,1,1,0,0,2,0,Low
2022,3,Monday,20,Balochistan,Quetta,Rural Road,Under Repair,Extreme Heat,No Light,Bus/Coach,1,Wrong Overtaking,1,0,0,0,2,0,Low
2022,7,Monday,8,Sindh,Karachi,National Highway,Good,Dusty/Smoggy,Daylight,Truck/Lorry,3,Mobile Phone Use,1,0,0,0,4,0,Medium
2020,4,Sunday,5,AJK,Mirpur,Urban Road,Average,Clear,No Light,Motorcycle,2,Wrong Overtaking,0,1,1,0,10,0,High
2020,10,Sunday,12,Punjab,Bahawalpur,Provincial Highway,Under Repair,Clear,Daylight,Motorcycle,1,Drunk Driving,1,1,0,0,4,2,High
2021,7,Friday,22,Punjab,Sheikhupura,National Highway,Good,Extreme Heat,No Light,Motorcycle,1,Signal Violation,0,0,1,0,9,0,High
2022,4,Wednesday,8,Punjab,Rawalpindi,Provincial Highway,Good,Clear,Dawn/Dusk,Car/Taxi,1,Mobile Phone Use,1,0,0,0,2,0,Low
2023,10,Monday,19,Sindh,Sukkur,Provincial Highway,Average,Dusty/Smoggy,Dawn/Dusk,Motorcycle,2,Over Speeding,1,0,0,0,6,0,High
2021,8,Tuesday,19,Sindh,Hyderabad,National Highway,Good,Clear,Daylight,Rickshaw,1,Pedestrian Error,1,0,0,0,5,1,Medium
2023,3,Wednesday,9,Sindh,Dadu,Urban Road,Poor,Rainy,Daylight,Motorcycle,1,Road Condition,1,0,0,0,4,0,Medium
2019,11,Thursday,21,Punjab,Faisalabad,Provincial Highway,Average,Clear,No Light,Motorcycle,1,Road Condition,0,0,0,1,3,0,Medium
2022,8,Thursday,18,Punjab,Sargodha,National Highway,Poor,Dusty/Smoggy,Street Light,Motorcycle,2,Over Speeding,1,0,0,0,6,2,High
2020,2,Thursday,8,Balochistan,Turbat,National Highway,Average,Dusty/Smoggy,Daylight,Motorcycle,2,Over Speeding,1,0,0,1,11,1,High
2021,1,Friday,9,Balochistan,Dera Bugti,Motorway,Average,Extreme Heat,Daylight,Motorcycle,3,Over Speeding,1,0,0,1,10,2,High
2020,5,Friday,14,KPK,Dera Ismail Khan,Urban Road,Poor,Clear,Daylight,Car/Taxi,2,Mechanical Failure,0,0,0,0,1,1,Low
2020,6,Sunday,7,KPK,Mansehra,Rural Road,Good,Foggy,Daylight,Rickshaw,1,Pedestrian Error,1,1,0,0,0,0,Low
2019,5,Friday,16,Sindh,Sukkur,Urban Road,Average,Clear,Daylight,Motorcycle,1,Signal Violation,0,0,0,0,1,2,Medium
2020,5,Saturday,12,Punjab,Lahore,Rural Road,Poor,Rainy,Street Light,Car/Taxi,1,Over Speeding,1,1,0,0,2,0,Low
2020,1,Saturday,3,Sindh,Nawabshah,Provincial Highway,Average,Clear,No Light,Motorcycle,1,Mobile Phone Use,0,1,1,1,11,2,High
2021,9,Monday,16,KPK,Mardan,Provincial Highway,Poor,Extreme Heat,Dawn/Dusk,Motorcycle,4,Over Speeding,0,0,0,0,2,0,Medium
2020,8,Thursday,19,Sindh,Jacobabad,National Highway,Good,Clear,Dawn/Dusk,Bus/Coach,1,Wrong Overtaking,1,0,0,0,4,0,Medium
2022,3,Wednesday,14,Punjab,Sheikhupura,Rural Road,Average,Clear,Daylight,Motorcycle,1,Driver Fatigue,0,0,0,0,3,0,Medium
2021,6,Saturday,15,Islamabad,Islamabad,Provincial Highway,Good,Foggy,Dawn/Dusk,Car/Taxi,2,Wrong Overtaking,0,1,0,0,1,0,Medium
2018,5,Sunday,19,Balochistan,Quetta,National Highway,Good,Clear,Dawn/Dusk,Rickshaw,3,Signal Violation,1,1,0,0,5,0,Medium
2020,9,Sunday,20,Punjab,Multan,Provincial Highway,Good,Clear,No Light,Car/Taxi,1,Signal Violation,1,1,0,0,2,0,Low
2018,2,Sunday,10,Sindh,Mirpur Khas,Provincial Highway,Average,Dusty/Smoggy,Daylight,Bus/Coach,1,Drunk Driving,0,1,0,1,4,0,High
2023,11,Wednesday,20,Islamabad,Islamabad,National Highway,Good,Clear,Street Light,Car/Taxi,1,Road Condition,1,0,0,1,2,0,Medium
2020,5,Monday,18,Punjab,Sheikhupura,Urban Road,Good,Clear,Dawn/Dusk,Motorcycle,2,Road Condition,1,0,0,0,2,0,Low
2019,3,Saturday,15,Sindh,Sukkur,National Highway,Good,Clear,Daylight,Motorcycle,2,Over Speeding,0,1,0,0,2,2,High
2023,2,Saturday,8,Sindh,Nawabshah,Urban Road,Poor,Clear,Daylight,Motorcycle,2,Mechanical Failure,1,1,0,1,1,0,Low
2018,12,Monday,8,Punjab,Gujranwala,Urban Road,Good,Clear,Daylight,Bus/Coach,3,Over Speeding,1,0,0,1,2,0,Low
2020,2,Sunday,20,KPK,Kohat,National Highway,Good,Extreme Heat,No Light,Motorcycle,2,Pedestrian Error,1,1,0,1,10,3,High
2018,3,Thursday,1,Punjab,Faisalabad,Provincial Highway,Average,Extreme Heat,No Light,Motorcycle,2,Wrong Overtaking,0,0,1,0,8,1,High
2022,7,Sunday,5,Punjab,Rahim Yar Khan,Rural Road,Average,Extreme Heat,No Light,Bus/Coach,4,Over Speeding,0,1,1,0,2,0,Medium
2020,4,Thursday,16,Punjab,Gujranwala,National Highway,Good,Rainy,Daylight,Motorcycle,3,Over Speeding,0,0,0,0,7,0,High
2019,3,Monday,20,Punjab,Rawalpindi,Provincial Highway,Average,Rainy,Street Light,Rickshaw,1,Road Condition,1,0,0,0,3,2,Medium
2021,7,Saturday,13,Punjab,Faisalabad,National Highway,Average,Dusty/Smoggy,Daylight,Rickshaw,2,Mechanical Failure,1,1,0,0,1,1,Medium
2019,11,Tuesday,10,KPK,Mansehra,Motorway,Good,Clear,Daylight,Motorcycle,2,Over Speeding,0,0,0,1,5,2,High
2021,7,Wednesday,11,Punjab,Lahore,National Highway,Good,Clear,Daylight,Truck/Lorry,4,Drunk Driving,0,0,0,0,10,2,High
2020,11,Wednesday,4,Sindh,Nawabshah,Provincial Highway,Poor,Clear,No Light,Truck/Lorry,2,Wrong Overtaking,0,0,1,1,9,2,High
2022,10,Tuesday,5,KPK,Charsadda,Provincial Highway,Under Repair,Foggy,Dawn/Dusk,Car/Taxi,2,Mechanical Failure,0,0,1,0,0,0,Low
2021,12,Sunday,3,Punjab,Rawalpindi,Urban Road,Poor,Foggy,No Light,Motorcycle,2,Over Speeding,0,1,1,1,5,0,High
2020,1,Thursday,17,Sindh,Kashmore,Provincial Highway,Good,Clear,Daylight,Motorcycle,1,Driver Fatigue,1,0,0,1,3,0,High
2020,3,Thursday,14,KPK,Nowshera,Provincial Highway,Good,Foggy,Daylight,Rickshaw,4,Wrong Overtaking,0,0,0,0,0,0,Low
2023,8,Tuesday,1,Sindh,Sukkur,Rural Road,Good,Dusty/Smoggy,No Light,Bus/Coach,1,Wrong Overtaking,0,0,1,0,2,0,Low
2022,5,Monday,22,Punjab,Sialkot,National Highway,Good,Clear,No Light,Car/Taxi,1,Drunk Driving,0,0,1,0,10,0,High
2021,4,Saturday,9,Sindh,Jacobabad,National Highway,Average,Clear,No Light,Motorcycle,1,Signal Violation,1,1,0,0,5,3,High
2021,12,Saturday,19,AJK,Rawalakot,Motorway,Good,Clear,Dawn/Dusk,Motorcycle,2,Wrong Overtaking,1,1,0,1,2,0,Medium
2020,4,Friday,18,Sindh,Sukkur,Provincial Highway,Average,Extreme Heat,Daylight,Car/Taxi,1,Over Speeding,1,0,0,0,0,0,Low
2019,4,Tuesday,16,Punjab,Gujranwala,Provincial Highway,Good,Clear,Daylight,Rickshaw,2,Mobile Phone Use,0,0,0,0,2,0,Low
2022,1,Thursday,19,Sindh,Sukkur,National Highway,Poor,Clear,Dawn/Dusk,Motorcycle,2,Wrong Overtaking,1,0,0,1,3,0,High
2019,4,Saturday,8,Punjab,Multan,Urban Road,Average,Clear,No Light,Rickshaw,2,Driver Fatigue,1,1,0,0,1,0,Low
2022,11,Tuesday,21,Sindh,Mirpur Khas,Urban Road,Poor,Clear,No Light,Rickshaw,1,Over Speeding,0,0,0,1,4,0,Medium
2018,8,Thursday,21,Punjab,Sargodha,National Highway,Poor,Clear,Street Light,Rickshaw,2,Wrong Overtaking,0,0,0,0,0,0,Low
2020,11,Sunday,7,Punjab,Multan,National Highway,Good,Clear,Dawn/Dusk,Motorcycle,2,Wrong Overtaking,1,1,0,1,4,0,High
2022,4,Thursday,20,Sindh,Larkana,Rural Road,Average,Rainy,No Light,Motorcycle,2,Over Speeding,1,0,0,0,7,2,High
2018,7,Wednesday,9,Punjab,Faisalabad,Urban Road,Average,Clear,Daylight,Bus/Coach,2,Wrong Overtaking,1,0,0,0,1,2,Medium
2021,8,Friday,12,Punjab,Gujranwala,Urban Road,Good,Foggy,Daylight,Motorcycle,1,Over Speeding,1,0,0,0,7,4,High
2022,11,Sunday,14,Punjab,Rawalpindi,Provincial Highway,Average,Clear,Daylight,Car/Taxi,1,Wrong Overtaking,0,1,0,1,1,0,Low
2018,3,Tuesday,19,Punjab,Multan,Provincial Highway,Good,Clear,Dawn/Dusk,Motorcycle,1,Over Speeding,1,0,0,0,11,2,High
2023,5,Tuesday,20,KPK,Charsadda,Provincial Highway,Good,Clear,No Light,Motorcycle,1,Over Speeding,1,0,0,0,4,0,Medium
2018,11,Friday,11,Balochistan,Gwadar,Urban Road,Poor,Clear,Daylight,Motorcycle,2,Mechanical Failure,0,0,0,1,1,2,Medium
2021,3,Wednesday,17,Punjab,Sialkot,Urban Road,Good,Foggy,Daylight,Truck/Lorry,3,Mechanical Failure,1,0,0,0,5,0,Medium
2019,3,Sunday,2,Sindh,Sukkur,Provincial Highway,Under Repair,Clear,Street Light,Motorcycle,2,Over Speeding,0,1,1,0,4,0,High
2019,2,Tuesday,19,Punjab,Lahore,Urban Road,Good,Foggy,No Light,Bus/Coach,1,Wrong Overtaking,1,0,0,1,1,0,Medium
2023,12,Friday,22,Sindh,Larkana,Provincial Highway,Average,Clear,No Light,Car/Taxi,1,Signal Violation,0,0,1,1,3,2,Medium
2023,3,Monday,18,Sindh,Nawabshah,National Highway,Average,Clear,Daylight,Motorcycle,2,Wrong Overtaking,1,0,0,0,8,4,High
2023,8,Sunday,14,Punjab,Sheikhupura,National Highway,Average,Foggy,Dawn/Dusk,Motorcycle,2,Over Speeding,0,1,0,0,3,4,High
2021,3,Monday,5,KPK,Kohat,Urban Road,Average,Foggy,Street Light,Van/Pickup,2,Mechanical Failure,0,0,1,0,0,0,Low
2019,12,Thursday,18,Punjab,Sargodha,Provincial Highway,Good,Clear,Daylight,Motorcycle,3,Mechanical Failure,1,0,0,1,1,0,Medium
2018,11,Wednesday,16,Punjab,Lahore,Provincial Highway,Good,Clear,Daylight,Car/Taxi,1,Pedestrian Error,0,0,0,1,0,0,Low
2019,9,Wednesday,12,KPK,Charsadda,Urban Road,Good,Extreme Heat,Daylight,Bus/Coach,3,Mechanical Failure,1,0,0,0,1,1,Low
2020,6,Tuesday,14,KPK,Swat,Urban Road,Good,Rainy,Daylight,Motorcycle,1,Mobile Phone Use,0,0,0,0,2,0,Low
2018,2,Saturday,19,Sindh,Thatta,National Highway,Good,Clear,Street Light,Truck/Lorry,2,Signal Violation,1,1,0,1,2,2,Medium
2022,12,Sunday,20,Sindh,Dadu,Provincial Highway,Poor,Clear,Street Light,Motorcycle,2,Signal Violation,1,1,0,1,1,1,Medium
2022,4,Friday,6,Sindh,Sukkur,National Highway,Average,Clear,Daylight,Motorcycle,2,Over Speeding,0,0,0,0,9,2,High
2018,5,Wednesday,19,Sindh,Larkana,Urban Road,Good,Foggy,Daylight,Motorcycle,2,Over Speeding,1,0,0,0,3,1,Medium
2021,12,Tuesday,11,Punjab,Sialkot,Urban Road,Poor,Clear,Daylight,Van/Pickup,2,Over Speeding,0,0,0,1,1,1,Medium
2023,10,Friday,12,Sindh,Sukkur,Urban Road,Good,Rainy,Daylight,Motorcycle,2,Over Speeding,1,0,0,0,9,0,High