year,month,day_of_week,hour_of_day,province,district,road_type,road_condition,weather_condition,lighting_condition,vehicle_type,vehicles_involved,accident_cause,is_rush_hour,is_weekend,is_night,is_foggy_month,num_injured,num_killed,severity
2021,6,Thursday,19,Sindh,Dadu,Rural Road,Average,Clear,Street Light,Motorcycle,2,Pedestrian Error,1,0,0,0,2,0,Medium
2018,1,Sunday,19,KPK,Abbottabad,Provincial Highway,Poor,Rainy,Dawn/Dusk,Rickshaw,1,Wrong Overtaking,1,1,0,1,1,0,Medium
2023,5,Wednesday,4,KPK,Nowshera,Rural Road,Good,Rainy,Street Light,Car/Taxi,1,Signal Violation,0,0,1,0,5,0,Medium
2022,6,Friday,16,Punjab,Sargodha,National Highway,Poor,Clear,Street Light,Car/Taxi,2,Road Condition,0,0,0,0,0,0,Low
2019,3,Friday,8,Punjab,Gujranwala,Urban Road,Good,Extreme Heat,Daylight,Motorcycle,4,Pedestrian Error,1,0,0,0,5,0,Medium
2020,11,Monday,18,Punjab,Sialkot,Provincial Highway,Poor,Dusty/Smoggy,Daylight,Truck/Lorry,1,Pedestrian Error,1,0,0,1,4,0,Medium
2022,11,Monday,19,Sindh,Karachi,Urban Road,Good,Dusty/Smoggy,Dawn/Dusk,Car/Taxi,2,Over Speeding,1,0,0,1,1,0,Low
2019,6,Thursday,21,Sindh,Sukkur,National Highway,Average,Clear,No Light,Car/Taxi,1,Wrong Overtaking,0,0,0,0,2,0,Medium
2019,2,Sunday,10,Balochistan,Khuzdar,Rural Road,Average,Rainy,Daylight,Car/Taxi,2,Signal Violation,0,1,0,1,0,0,Low
2018,7,Friday,18,KPK,Mardan,Rural Road,Poor,Extreme Heat,Daylight,Motorcycle,3,Pedestrian Error,1,0,0,0,5,0,Medium
2023,6,Friday,20,Balochistan,Quetta,Provincial Highway,Poor,Clear,Street Light,Car/Taxi,1,Road Condition,1,0,0,0,1,0,Low
2023,12,Friday,8,KPK,Bannu,Rural Road,Good,Clear,Daylight,Car/Taxi,2,Wrong Overtaking,1,0,0,1,2,0,Low
2018,5,Friday,14,AJK,Rawalakot,Provincial Highway,Good,Extreme Heat,Dawn/Dusk,Motorcycle,2,Over Speeding,0,0,0,0,1,0,Medium
2023,11,Saturday,10,Sindh,Nawabshah,Rural Road,Good,Foggy,Daylight,Bicycle,2,Signal Violation,0,1,0,1,5,1,Medium
2018,11,Saturday,20,Islamabad,Islamabad,National Highway,Good,Extreme Heat,No Light,Bicycle,3,Over Speeding,1,1,0,1,4,1,High
2023,6,Thursday,16,Punjab,Lahore,Provincial Highway,Good,Clear,Daylight,Car/Taxi,2,Drunk Driving,0,0,0,0,3,0,Medium
2022,10,Monday,5,Punjab,Rawalpindi,National Highway,Average,Clear,Street Light,Motorcycle,2,Over Speeding,0,0,1,0,3,0,High
2023,6,Friday,10,Sindh,Mirpur Khas,National Highway,Poor,Foggy,Daylight,Bus/Coach,1,Over Speeding,0,0,0,0,9,2,High
2021,2,Friday,21,AJK,Muzaffarabad,Provincial Highway,Under Repair,Clear,No Light,Van/Pickup,1,Wrong Overtaking,0,0,0,1,0,0,Low
2022,7,Sunday,14,Punjab,Lahore,Urban Road,Average,Dusty/Smoggy,Street Light,Van/Pickup,2,Wrong Overtaking,0,1,0,0,1,0,Low
2021,8,Saturday,0,Punjab,Lahore,Provincial Highway,Poor,Clear,No Light,Motorcycle,2,Road Condition,0,1,1,0,1,1,Medium
2023,1,Thursday,15,Sindh,Kashmore,National Highway,Average,Clear,Daylight,Motorcycle,1,Over Speeding,0,0,0,1,8,1,High
2018,4,Friday,7,Sindh,Dadu,Rural Road,Under Repair,Extreme Heat,Dawn/Dusk,Car/Taxi,1,Pedestrian Error,1,0,0,0,2,0,Low
2021,10,Monday,15,Punjab,Lahore,National Highway,Good,Rainy,Daylight,Motorcycle,1,Over Speeding,0,0,0,0,4,2,High
2018,9,Tuesday,15,KPK,Swat,Rural Road,Average,Rainy,Daylight,Car/Taxi,1,Signal Violation,0,0,0,0,2,0,Medium
2019,11,Saturday,5,AJK,Muzaffarabad,National Highway,Under Repair,Clear,No Light,Van/Pickup,2,Wrong Overtaking,0,1,1,1,4,1,Medium
2023,6,Tuesday,9,Balochistan,Zhob,National Highway,Good,Clear,Street Light,Motorcycle,1,Pedestrian Error,1,0,0,0,1,1,Medium
2023,11,Thursday,8,Punjab,Bahawalpur,Rural Road,Under Repair,Clear,Daylight,Motorcycle,1,Drunk Driving,1,0,0,1,2,0,Medium
2023,4,Wednesday,11,Punjab,Sialkot,Provincial Highway,Good,Clear,Street Light,Car/Taxi,2,Road Condition,0,0,0,0,1,0,Low
2018,7,Monday,20,Punjab,Bahawalpur,National Highway,Poor,Rainy,Street Light,Motorcycle,2,Pedestrian Error,1,0,0,0,8,1,High
2022,2,Saturday,16,Punjab,Sargodha,National Highway,Average,Extreme Heat,Daylight,Motorcycle,1,Over Speeding,0,1,0,1,5,4,High
2022,9,Saturday,9,Punjab,Sheikhupura,Urban Road,Average,Foggy,Daylight,Car/Taxi,3,Road Condition,1,1,0,0,0,0,Low
2019,3,Monday,14,KPK,Bannu,Rural Road,Good,Foggy,No Light,Van/Pickup,2,Wrong Overtaking,0,0,0,0,1,0,Low
2023,8,Saturday,19,Punjab,Faisalabad,Provincial Highway,Average,Clear,No Light,Truck/Lorry,3,Over Speeding,1,1,0,0,3,1,Medium
2019,5,Tuesday,19,Balochistan,Hub,National Highway,Good,Dusty/Smoggy,Daylight,Motorcycle,4,Over Speeding,1,0,0,0,10,1,High
2019,4,Saturday,23,Islamabad,Islamabad,Provincial Highway,Poor,Clear,No Light,Car/Taxi,2,Wrong Overtaking,0,1,1,0,0,0,Low
2022,2,Saturday,7,Punjab,Faisalabad,National Highway,Good,Dusty/Smoggy,Daylight,Motorcycle,2,Wrong Overtaking,1,1,0,1,11,0,High
2022,11,Monday,17,AJK,Mirpur,National Highway,Average,Clear,Daylight,Motorcycle,3,Road Condition,1,0,0,1,3,1,Medium
2022,12,Friday,14,KPK,Swat,Urban Road,Average,Clear,Daylight,Van/Pickup,2,Wrong Overtaking,0,0,0,1,2,0,Low
2019,7,Thursday,12,Sindh,Thatta,Provincial Highway,Poor,Clear,Daylight,Car/Taxi,1,Over Speeding,1,0,0,0,2,0,Low
2019,1,Sunday,17,Punjab,Rahim Yar Khan,Urban Road,Average,Clear,Daylight,Other,2,Over Speeding,1,1,0,1,5,1,Medium
2022,3,Saturday,23,Sindh,Larkana,National Highway,Good,Clear,No Light,Rickshaw,3,Over Speeding,0,1,1,0,1,0,Medium
2019,8,Friday,21,Punjab,Sialkot,National Highway,Good,Foggy,No Light,Car/Taxi,3,Signal Violation,0,0,0,0,5,0,Medium
2020,12,Thursday,15,Sindh,Karachi,Urban Road,Good,Rainy,Daylight,Motorcycle,2,Mechanical Failure,0,0,0,1,0,0,Low
2023,11,Sunday,5,Punjab,Multan,Rural Road,Good,Foggy,Dawn/Dusk,Car/Taxi,2,Wrong Overtaking,0,1,1,1,5,2,Medium
2019,6,Saturday,20,Sindh,Larkana,Urban Road,Good,Foggy,Street Light,Car/Taxi,1,Road Condition,1,1,0,0,0,0,Low
2022,8,Wednesday,8,Punjab,Sialkot,National Highway,Good,Clear,Dawn/Dusk,Rickshaw,4,Pedestrian Error,1,0,0,0,1,0,Low
2023,11,Saturday,17,Punjab,Bahawalpur,Provincial Highway,Under Repair,Foggy,Daylight,Van/Pickup,4,Wrong Overtaking,1,1,0,1,2,1,Medium
2022,11,Sunday,18,Sindh,Larkana,National Highway,Good,Clear,Street Light,Car/Taxi,1,Wrong Overtaking,1,1,0,1,2,0,Low
2021,3,Tuesday,16,Sindh,Larkana,National Highway,Good,Clear,Dawn/Dusk,Rickshaw,2,Mobile Phone Use,0,0,0,0,2,0,Low
2018,11,Tuesday,5,Sindh,Sukkur,Rural Road,Good,Foggy,Dawn/Dusk,Bus/Coach,2,Over Speeding,0,0,1,1,6,0,High
2022,11,Monday,19,Punjab,Bahawalpur,National Highway,Good,Clear,Dawn/Dusk,Car/Taxi,3,Mechanical Failure,1,0,0,1,3,0,Medium
2018,12,Saturday,11,Balochistan,Zhob,Urban Road,Good,Clear,Daylight,Car/Taxi,2,Over Speeding,0,1,0,1,1,0,Low
2023,7,Thursday,6,Sindh,Larkana,Provincial Highway,Good,Foggy,No Light,Motorcycle,3,Mechanical Failure,0,0,0,0,9,0,High
2020,7,Tuesday,18,Punjab,Gujranwala,National Highway,Under Repair,Foggy,Daylight,Motorcycle,3,Over Speeding,1,0,0,0,6,0,High
2019,8,Tuesday,10,Sindh,Hyderabad,Rural Road,Poor,Clear,Street Light,Rickshaw,4,Over Speeding,0,0,0,0,4,0,Medium
2020,8,Tuesday,6,Sindh,Dadu,Rural Road,Average,Clear,Daylight,Car/Taxi,2,Signal Violation,0,0,0,0,1,0,Low
2023,11,Wednesday,5,Punjab,Bahawalpur,National Highway,Average,Clear,No Light,Car/Taxi,2,Over Speeding,0,0,1,1,7,0,High
2020,1,Sunday,23,Sindh,Hyderabad,Provincial Highway,Poor,Clear,No Light,Bus/Coach,2,Mobile Phone Use,0,1,1,1,5,0,Medium
2021,3,Wednesday,19,KPK,Charsadda,Urban Road,Good,Clear,Daylight,Motorcycle,2,Wrong Overtaking,1,0,0,0,5,1,Medium
2021,12,Monday,19,KPK,Mansehra,Rural Road,Average,Clear,Street Light,Bus/Coach,1,Signal Violation,1,0,0,1,2,0,Low
2021,4,Tuesday,14,Punjab,Lahore,Provincial Highway,Good,Rainy,Daylight,Car/Taxi,2,Signal Violation,0,0,0,0,1,0,Medium
2022,12,Thursday,8,Balochistan,Dera Bugti,Rural Road,Poor,Clear,Daylight,Motorcycle,1,Over Speeding,1,0,0,1,4,2,High
2019,3,Wednesday,19,Punjab,Multan,Provincial Highway,Poor,Clear,Street Light,Motorcycle,1,Road Condition,1,0,0,0,1,0,Low
2021,5,Sunday,17,Islamabad,Islamabad,National Highway,Poor,Rainy,Dawn/Dusk,Motorcycle,2,Over Speeding,1,1,0,0,2,0,High
2021,3,Saturday,17,Punjab,Gujranwala,Motorway,Good,Clear,Daylight,Car/Taxi,3,Signal Violation,1,1,0,0,1,0,Low
2019,9,Saturday,9,Sindh,Hyderabad,Rural Road,Good,Clear,Daylight,Motorcycle,2,Signal Violation,1,1,0,0,2,0,Low
2019,2,Sunday,6,Sindh,Kashmore,Rural Road,Poor,Foggy,Daylight,Motorcycle,2,Over Speeding,0,1,0,1,5,0,High
2020,10,Saturday,6,Punjab,Gujranwala,Rural Road,Poor,Clear,Daylight,Other,3,Road Condition,0,1,0,0,2,0,Low
2022,7,Sunday,6,KPK,Peshawar,Urban Road,Poor,Clear,Daylight,Motorcycle,3,Driver Fatigue,0,1,0,0,3,3,High
2023,5,Wednesday,21,Sindh,Hyderabad,Provincial Highway,Poor,Clear,Street Light,Car/Taxi,2,Over Speeding,0,0,0,0,2,0,Low
2018,8,Friday,6,Punjab,Lahore,Provincial Highway,Average,Foggy,Daylight,Truck/Lorry,3,Over Speeding,0,0,0,0,6,1,High
2021,1,Thursday,14,Sindh,Hyderabad,Provincial Highway,Good,Clear,Daylight,Motorcycle,1,Wrong Overtaking,0,0,0,1,5,1,Medium
2019,8,Wednesday,14,Sindh,Hyderabad,Urban Road,Average,Rainy,Daylight,Van/Pickup,1,Road Condition,0,0,0,0,2,0,Low
2018,6,Tuesday,18,Punjab,Sargodha,National Highway,Under Repair,Foggy,Daylight,Motorcycle,1,Mechanical Failure,1,0,0,0,8,1,High
2021,8,Tuesday,22,Gilgit-Baltistan,Hunza,Provincial Highway,Average,Foggy,No Light,Motorcycle,2,Over Speeding,0,0,1,0,10,0,High
2019,2,Friday,22,Balochistan,Loralai,Provincial Highway,Good,Clear,No Light,Rickshaw,3,Over Speeding,0,0,1,1,5,0,Medium
2021,2,Sunday,0,Punjab,Faisalabad,Provincial Highway,Good,Clear,Street Light,Motorcycle,3,Wrong Overtaking,0,1,1,1,4,2,Medium
2021,6,Thursday,14,Sindh,Sukkur,National Highway,Poor,Clear,Dawn/Dusk,Bus/Coach,2,Wrong Overtaking,0,0,0,0,1,0,Medium
2023,3,Tuesday,9,Punjab,Faisalabad,Provincial Highway,Under Repair,Rainy,Daylight,Motorcycle,3,Wrong Overtaking,1,0,0,0,6,2,High
2019,2,Thursday,17,KPK,Kohat,Provincial Highway,Good,Rainy,Daylight,Car/Taxi,3,Pedestrian Error,1,0,0,1,2,0,Low
2023,7,Saturday,10,Islamabad,Islamabad,Urban Road,Good,Foggy,Daylight,Car/Taxi,3,Signal Violation,0,1,0,0,1,0,Medium
2019,11,Monday,1,Punjab,Rawalpindi,Rural Road,Poor,Clear,Street Light,Bicycle,2,Pedestrian Error,0,0,1,1,3,0,Medium
2019,9,Sunday,16,KPK,Dera Ismail Khan,Provincial Highway,Poor,Clear,Daylight,Motorcycle,1,Drunk Driving,0,1,0,0,4,0,Medium
2022,8,Wednesday,19,Sindh,Nawabshah,Urban Road,Under Repair,Foggy,Dawn/Dusk,Truck/Lorry,3,Over Speeding,1,0,0,0,2,0,Medium
2018,10,Monday,17,Punjab,Sialkot,Rural Road,Good,Rainy,Daylight,Rickshaw,2,Signal Violation,1,0,0,0,1,0,Low
2019,12,Monday,10,Islamabad,Islamabad,Rural Road,Good,Clear,Daylight,Van/Pickup,4,Over Speeding,0,0,0,1,1,0,Low
2021,9,Wednesday,23,Sindh,Mirpur Khas,Rural Road,Poor,Foggy,Street Light,Bus/Coach,2,Wrong Overtaking,0,0,1,0,2,1,Medium
2020,11,Sunday,18,Sindh,Hyderabad,Rural Road,Poor,Rainy,Daylight,Car/Taxi,3,Wrong Overtaking,1,1,0,1,2,0,Low
2023,6,Thursday,12,KPK,Charsadda,Urban Road,Under Repair,Rainy,Dawn/Dusk,Rickshaw,4,Road Condition,1,0,0,0,0,1,Low
2022,12,Monday,9,Punjab,Sialkot,Urban Road,Average,Foggy,Daylight,Motorcycle,2,Signal Violation,1,0,0,1,3,0,Medium
2020,1,Sunday,5,Punjab,Faisalabad,National Highway,Under Repair,Foggy,Street Light,Van/Pickup,2,Road Condition,0,1,1,1,5,0,Medium
2022,11,Sunday,8,Islamabad,Islamabad,National Highway,Good,Clear,Dawn/Dusk,Bus/Coach,2,Wrong Overtaking,1,1,0,1,5,0,Medium
2022,7,Friday,8,KPK,Peshawar,Motorway,Good,Clear,Daylight,Car/Taxi,2,Signal Violation,1,0,0,0,0,0,Low
2022,1,Tuesday,17,KPK,Mansehra,National Highway,Average,Clear,Daylight,Bus/Coach,1,Mobile Phone Use,1,0,0,1,0,0,Low
2022,2,Sunday,21,Punjab,Faisalabad,National Highway,Average,Clear,Street Light,Car/Taxi,3,Drunk Driving,0,1,0,1,9,1,High
2020,8,Tuesday,19,Sindh,Larkana,National Highway,Good,Foggy,No Light,Motorcycle,3,Over Speeding,1,0,0,0,10,0,High
2023,6,Tuesday,8,AJK,Muzaffarabad,Urban Road,Good,Rainy,Daylight,Car/Taxi,2,Over Speeding,1,0,0,0,4,2,Medium
2023,2,Friday,16,Punjab,Sheikhupura,National Highway,Under Repair,Rainy,Dawn/Dusk,Truck/Lorry,1,Signal Violation,0,0,0,1,4,0,Medium
2021,12,Wednesday,20,Punjab,Rahim Yar Khan,National Highway,Good,Rainy,No Light,Motorcycle,1,Wrong Overtaking,1,0,0,1,3,0,High
2018,11,Thursday,4,Sindh,Kashmore,National Highway,Poor,Clear,No Light,Car/Taxi,1,Road Condition,0,0,1,1,2,1,Medium
2018,6,Tuesday,16,Punjab,Sargodha,Provincial Highway,Average,Rainy,Street Light,Motorcycle,3,Signal Violation,0,0,0,0,9,3,High
2019,9,Thursday,9,Punjab,Sheikhupura,Provincial Highway,Good,Foggy,Daylight,Bus/Coach,1,Signal Violation,1,0,0,0,4,1,Medium
2018,8,Saturday,18,Balochistan,Zhob,National Highway,Under Repair,Clear,Daylight,Truck/Lorry,2,Signal Violation,1,1,0,0,8,0,High
2023,9,Saturday,8,Gilgit-Baltistan,Gilgit,Motorway,Good,Clear,Dawn/Dusk,Rickshaw,1,Driver Fatigue,1,1,0,0,1,0,Medium
2022,6,Friday,9,Sindh,Kashmore,Rural Road,Poor,Clear,Daylight,Bus/Coach,1,Signal Violation,1,0,0,0,1,0,Low
2022,12,Sunday,10,KPK,Charsadda,Provincial Highway,Average,Clear,Daylight,Van/Pickup,1,Over Speeding,0,1,0,1,4,1,Medium
2018,4,Thursday,12,Balochistan,Gwadar,National Highway,Poor,Clear,Daylight,Truck/Lorry,2,Road Condition,1,0,0,0,4,0,Medium
2021,4,Friday,18,KPK,Dera Ismail Khan,Rural Road,Average,Foggy,Daylight,Car/Taxi,2,Driver Fatigue,1,0,0,0,3,0,Medium
2021,7,Saturday,6,Punjab,Bahawalpur,National Highway,Good,Clear,Daylight,Bus/Coach,4,Driver Fatigue,0,1,0,0,2,0,High
2023,12,Saturday,4,Punjab,Rawalpindi,Urban Road,Good,Clear,No Light,Motorcycle,1,Mechanical Failure,0,1,1,1,1,0,Low
2023,7,Saturday,8,Punjab,Sialkot,Urban Road,Good,Clear,Daylight,Motorcycle,3,Over Speeding,1,1,0,0,4,0,Medium
2018,12,Saturday,20,Punjab,Multan,Rural Road,Good,Foggy,No Light,Car/Taxi,2,Over Speeding,1,1,0,1,0,0,Low
2021,11,Sunday,9,Punjab,Rahim Yar Khan,Provincial Highway,Average,Rainy,Daylight,Car/Taxi,2,Drunk Driving,1,1,0,1,1,0,Medium
2021,6,Saturday,12,Punjab,Multan,National Highway,Average,Foggy,Daylight,Bus/Coach,2,Mobile Phone Use,1,1,0,0,1,1,Medium
2022,10,Saturday,9,Punjab,Faisalabad,Provincial Highway,Average,Clear,Daylight,Bus/Coach,2,Over Speeding,1,1,0,0,8,0,High
2023,2,Tuesday,21,Punjab,Multan,Rural Road,Poor,Clear,No Light,Rickshaw,1,Wrong Overtaking,0,0,0,1,2,0,Low
2021,12,Friday,8,Sindh,Karachi,National Highway,Average,Dusty/Smoggy,Daylight,Motorcycle,2,Over Speeding,1,0,0,1,10,3,High
2023,1,Friday,8,Punjab,Lahore,Rural Road,Good,Clear,Daylight,Car/Taxi,1,Signal Violation,1,0,0,1,0,0,Low
2018,7,Thursday,11,KPK,Kohat,Urban Road,Good,Clear,Daylight,Motorcycle,2,Signal Violation,0,0,0,0,5,1,Medium
2019,5,Friday,22,Punjab,Lahore,National Highway,Poor,Foggy,No Light,Motorcycle,2,Mechanical Failure,0,0,1,0,4,0,High
2019,1,Monday,21,Balochistan,Khuzdar,Urban Road,Good,Foggy,Street Light,Motorcycle,1,Over Speeding,0,0,0,1,11,1,High
2023,12,Wednesday,18,Islamabad,Islamabad,Provincial Highway,Average,Extreme Heat,Daylight,Car/Taxi,3,Road Condition,1,0,0,1,0,0,Low
2023,1,Wednesday,12,KPK,Abbottabad,Urban Road,Poor,Foggy,Daylight,Car/Taxi,1,Road Condition,1,0,0,1,2,0,Low
2022,8,Sunday,18,KPK,Dera Ismail Khan,Provincial Highway,Poor,Dusty/Smoggy,No Light,Bus/Coach,2,Road Condition,1,1,0,0,2,0,Low
2019,8,Friday,8,Islamabad,Islamabad,Rural Road,Poor,Clear,Dawn/Dusk,Car/Taxi,3,Driver Fatigue,1,0,0,0,0,0,Low
2021,8,Sunday,17,Punjab,Multan,Rural Road,Poor,Foggy,Daylight,Motorcycle,2,Road Condition,1,1,0,0,3,1,Medium
2022,3,Sunday,0,Gilgit-Baltistan,Hunza,Urban Road,Good,Clear,No Light,Motorcycle,2,Drunk Driving,0,1,1,0,1,0,Medium
2023,12,Friday,2,KPK,Peshawar,National Highway,Good,Clear,Street Light,Motorcycle,2,Over Speeding,0,0,1,1,5,0,High
2022,12,Monday,2,KPK,Nowshera,Provincial Highway,Poor,Rainy,Street Light,Motorcycle,2,Wrong Overtaking,0,0,1,1,6,2,High
2019,1,Tuesday,19,Punjab,Multan,National Highway,Good,Rainy,Dawn/Dusk,Motorcycle,2,Wrong Overtaking,1,0,0,1,4,1,High
2022,6,Sunday,2,Sindh,Jacobabad,National Highway,Poor,Rainy,Street Light,Motorcycle,3,Wrong Overtaking,0,1,1,0,8,1,High
2019,8,Monday,12,Sindh,Mirpur Khas,Provincial Highway,Good,Clear,Daylight,Van/Pickup,1,Road Condition,1,0,0,0,2,0,Low
2018,10,Monday,14,Sindh,Karachi,Motorway,Poor,Rainy,Daylight,Motorcycle,2,Signal Violation,0,0,0,0,4,2,High
2019,1,Wednesday,6,KPK,Swat,National Highway,Average,Clear,Daylight,Car/Taxi,2,Over Speeding,0,0,0,1,2,4,High
2023,7,Thursday,10,Punjab,Gujranwala,Rural Road,Poor,Extreme Heat,No Light,Rickshaw,1,Wrong Overtaking,0,0,0,0,1,0,Low
2023,6,Wednesday,13,Punjab,Multan,National Highway,Good,Foggy,Daylight,Motorcycle,3,Mechanical Failure,1,0,0,0,8,1,High
2023,11,Thursday,18,Sindh,Jacobabad,National Highway,Average,Extreme Heat,Daylight,Truck/Lorry,2,Driver Fatigue,1,0,0,1,7,3,High
2019,12,Saturday,19,Punjab,Lahore,Rural Road,Average,Clear,Dawn/Dusk,Motorcycle,2,Signal Violation,1,1,0,1,2,0,Medium
2022,8,Wednesday,10,Punjab,Sheikhupura,Provincial Highway,Poor,Rainy,Daylight,Motorcycle,2,Driver Fatigue,0,0,0,0,9,2,High
2018,10,Thursday,18,Punjab,Sialkot,Motorway,Poor,Clear,Daylight,Rickshaw,2,Wrong Overtaking,1,0,0,0,4,0,Medium
2021,7,Saturday,11,Punjab,Bahawalpur,National Highway,Poor,Rainy,Daylight,Car/Taxi,1,Drunk Driving,0,1,0,0,4,0,Medium
2022,3,Tuesday,10,Sindh,Thatta,Provincial Highway,Average,Foggy,Daylight,Motorcycle,2,Over Speeding,0,0,0,0,6,1,High
2022,4,Tuesday,6,Punjab,Sheikhupura,Urban Road,Good,Clear,Daylight,Car/Taxi,1,Road Condition,0,0,0,0,1,0,Low
2019,3,Saturday,12,Islamabad,Islamabad,Urban Road,Poor,Foggy,Daylight,Rickshaw,3,Over Speeding,1,1,0,0,2,1,Medium
2022,10,Sunday,18,KPK,Kohat,Provincial Highway,Good,Rainy,Daylight,Truck/Lorry,2,Road Condition,1,1,0,0,2,0,Medium
2023,11,Saturday,8,KPK,Charsadda,Rural Road,Good,Clear,Street Light,Car/Taxi,3,Wrong Overtaking,1,1,0,1,2,0,Low
2018,11,Wednesday,22,Punjab,Bahawalpur,Urban Road,Average,Clear,No Light,Motorcycle,2,Mechanical Failure,0,0,1,1,4,2,Medium
2020,4,Tuesday,18,Sindh,Nawabshah,Rural Road,Average,Clear,Street Light,Motorcycle,4,Over Speeding,1,0,0,0,5,0,Medium
2022,10,Wednesday,12,Sindh,Kashmore,Rural Road,Under Repair,Foggy,Daylight,Car/Taxi,2,Mechanical Failure,1,0,0,0,1,0,Low
2021,9,Friday,14,AJK,Rawalakot,Motorway,Poor,Clear,Street Light,Car/Taxi,3,Wrong Overtaking,0,0,0,0,4,0,Medium
2021,1,Wednesday,9,KPK,Charsadda,Urban Road,Good,Clear,No Light,Car/Taxi,2,Wrong Overtaking,1,0,0,1,1,0,Low
2023,2,Friday,7,Sindh,Mirpur Khas,National Highway,Good,Clear,Daylight,Motorcycle,2,Over Speeding,1,0,0,1,9,0,High
2021,5,Saturday,20,Balochistan,Dera Bugti,Provincial Highway,Poor,Rainy,Street Light,Car/Taxi,2,Over Speeding,1,1,0,0,1,0,Medium
2023,11,Tuesday,8,Punjab,Bahawalpur,Provincial Highway,Under Repair,Dusty/Smoggy,Daylight,Car/Taxi,2,Signal Violation,1,0,0,1,0,0,Low
2023,6,Saturday,10,Punjab,Rahim Yar Khan,Provincial Highway,Under Repair,Clear,Dawn/Dusk,Car/Taxi,1,Pedestrian Error,0,1,0,0,1,0,Low
2023,11,Sunday,10,KPK,Abbottabad,Provincial Highway,Average,Clear,No Light,Motorcycle,2,Over Speeding,0,1,0,1,4,3,High
2019,7,Tuesday,21,Punjab,Multan,Motorway,Average,Clear,Street Light,Car/Taxi,1,Over Speeding,0,0,0,0,1,0,Medium
2022,8,Saturday,19,Punjab,Rawalpindi,Urban Road,Poor,Extreme Heat,Daylight,Car/Taxi,1,Over Speeding,1,1,0,0,3,0,Medium
2022,5,Wednesday,9,KPK,Kohat,Urban Road,Poor,Clear,Daylight,Bus/Coach,1,Signal Violation,1,0,0,0,5,1,Medium
2020,3,Sunday,5,Punjab,Gujranwala,Rural Road,Good,Clear,Street Light,Rickshaw,3,Over Speeding,0,1,1,0,1,0,Low
2020,8,Saturday,19,Sindh,Mirpur Khas,National Highway,Poor,Foggy,Dawn/Dusk,Car/Taxi,1,Over Speeding,1,1,0,0,5,0,Medium
2019,5,Monday,20,Balochistan,Turbat,Urban Road,Average,Extreme Heat,Street Light,Motorcycle,1,Mobile Phone Use,1,0,0,0,2,0,Low
2019,7,Thursday,20,Punjab,Sheikhupura,Urban Road,Good,Clear,No Light,Rickshaw,2,Signal Violation,1,0,0,0,0,0,Low
2021,7,Tuesday,16,Punjab,Sargodha,Provincial Highway,Poor,Foggy,No Light,Motorcycle,2,Road Condition,0,0,0,0,3,0,Medium
2020,2,Wednesday,21,Punjab,Bahawalpur,Provincial Highway,Poor,Dusty/Smoggy,No Light,Motorcycle,2,Driver Fatigue,0,0,0,1,1,0,Medium
2021,4,Wednesday,19,Punjab,Faisalabad,National Highway,Good,Rainy,Dawn/Dusk,Car/Taxi,3,Road Condition,1,0,0,0,2,0,Medium
2020,1,Saturday,17,Punjab,Rahim Yar Khan,Motorway,Poor,Clear,Daylight,Motorcycle,1,Over Speeding,1,1,0,1,3,4,High
2022,9,Tuesday,8,Punjab,Rahim Yar Khan,Provincial Highway,Poor,Clear,Daylight,Motorcycle,2,Driver Fatigue,1,0,0,0,4,0,High
2022,1,Tuesday,17,Sindh,Jacobabad,National Highway,Poor,Clear,Daylight,Truck/Lorry,1,Road Condition,1,0,0,1,2,0,Medium
2020,2,Tuesday,19,Punjab,Rawalpindi,Urban Road,Good,Rainy,Dawn/Dusk,Motorcycle,3,Over Speeding,1,0,0,1,2,0,High
2022,2,Monday,19,KPK,Kohat,Rural Road,Good,Foggy,No Light,Motorcycle,2,Over Speeding,1,0,0,1,11,1,High
2021,8,Thursday,14,Balochistan,Loralai,Rural Road,Good,Rainy,Street Light,Motorcycle,3,Over Speeding,0,0,0,0,4,0,High
2021,2,Saturday,12,KPK,Bannu,Provincial Highway,Good,Foggy,Daylight,Motorcycle,1,Road Condition,1,1,0,1,1,1,Medium
2019,6,Wednesday,12,Sindh,Kashmore,Rural Road,Poor,Dusty/Smoggy,Street Light,Car/Taxi,3,Over Speeding,1,0,0,0,3,0,Medium
2022,2,Sunday,14,Punjab,Lahore,Rural Road,Good,Clear,Dawn/Dusk,Rickshaw,2,Pedestrian Error,0,1,0,1,1,0,Low
2020,6,Saturday,10,KPK,Mansehra,National Highway,Good,Foggy,Dawn/Dusk,Car/Taxi,2,Over Speeding,0,1,0,0,4,0,Medium
2020,7,Sunday,11,Punjab,Sialkot,Provincial Highway,Good,Clear,Daylight,Car/Taxi,2,Mechanical Failure,0,1,0,0,0,0,Low
2022,8,Sunday,9,Punjab,Faisalabad,Urban Road,Good,Clear,Daylight,Car/Taxi,1,Over Speeding,1,1,0,0,0,0,Low
2022,12,Friday,18,Balochistan,Dera Bugti,Provincial Highway,Average,Clear,Daylight,Motorcycle,2,Mobile Phone Use,1,0,0,1,3,0,Medium
2021,7,Tuesday,20,Punjab,Sheikhupura,Motorway,Good,Rainy,Street Light,Motorcycle,4,Road Condition,1,0,0,0,5,2,Medium
2022,12,Saturday,19,Punjab,Gujranwala,Provincial Highway,Average,Rainy,Dawn/Dusk,Bicycle,2,Driver Fatigue,1,1,0,1,2,1,High
2019,5,Thursday,15,Balochistan,Sibi,Rural Road,Good,Foggy,Daylight,Car/Taxi,1,Driver Fatigue,0,0,0,0,4,0,Medium
2019,10,Saturday,15,Balochistan,Gwadar,National Highway,Average,Clear,Daylight,Rickshaw,1,Pedestrian Error,0,1,0,0,2,0,Low