year,month,day_of_week,hour_of_day,province,district,road_type,road_condition,weather_condition,lighting_condition,vehicle_type,vehicles_involved,accident_cause,is_rush_hour,is_weekend,is_night,is_foggy_month,num_injured,num_killed,severity
2019,4,Friday,11,Punjab,Gujranwala,Rural Road,Under Repair,Foggy,No Light,Car/Taxi,1,Drunk Driving,0,0,0,0,5,1,Medium
2018,2,Tuesday,5,Punjab,Gujranwala,National Highway,Average,Dusty/Smoggy,Dawn/Dusk,Truck/Lorry,3,Over Speeding,0,0,1,1,2,3,High
2019,6,Monday,11,Sindh,Mirpur Khas,Urban Road,Good,Dusty/Smoggy,Daylight,Motorcycle,2,Wrong Overtaking,0,0,0,0,0,0,Low
2022,10,Sunday,13,KPK,Bannu,Provincial Highway,Poor,Clear,Dawn/Dusk,Motorcycle,1,Wrong Overtaking,1,1,0,0,4,0,Medium
2023,7,Friday,16,Punjab,Lahore,National Highway,Average,Clear,Daylight,Motorcycle,3,Pedestrian Error,0,0,0,0,7,2,High
2020,7,Friday,8,Sindh,Thatta,Rural Road,Average,Foggy,Daylight,Motorcycle,4,Road Condition,1,0,0,0,2,0,Low
2020,10,Friday,13,Islamabad,Islamabad,Urban Road,Under Repair,Clear,Daylight,Car/Taxi,2,Pedestrian Error,1,0,0,0,0,0,Low
2023,8,Monday,5,Punjab,Sargodha,Urban Road,Average,Rainy,Dawn/Dusk,Motorcycle,4,Mechanical Failure,0,0,1,0,2,1,Medium
2021,5,Sunday,7,Balochistan,Quetta,Urban Road,Under Repair,Clear,Daylight,Motorcycle,2,Over Speeding,1,1,0,0,4,1,Medium
2021,9,Wednesday,9,Islamabad,Islamabad,Rural Road,Good,Clear,Daylight,Motorcycle,2,Pedestrian Error,1,0,0,0,4,1,Medium
2023,8,Thursday,13,Punjab,Faisalabad,Rural Road,Good,Clear,Daylight,Motorcycle,2,Road Condition,1,0,0,0,0,0,Low
2022,1,Thursday,7,KPK,Peshawar,National Highway,Good,Rainy,Daylight,Bus/Coach,2,Over Speeding,1,0,0,1,11,1,High
2020,1,Saturday,19,Punjab,Multan,Provincial Highway,Good,Clear,Dawn/Dusk,Bus/Coach,4,Signal Violation,1,1,0,1,1,0,Low
2018,3,Wednesday,21,KPK,Dera Ismail Khan,National Highway,Good,Clear,Street Light,Motorcycle,1,Signal Violation,0,0,0,0,5,1,Medium
2020,12,Saturday,13,KPK,Bannu,National Highway,Average,Clear,Daylight,Motorcycle,1,Over Speeding,1,1,0,1,8,0,High
2022,4,Friday,13,Punjab,Lahore,Rural Road,Poor,Rainy,Daylight,Motorcycle,3,Drunk Driving,1,0,0,0,4,2,High
2019,12,Friday,13,KPK,Abbottabad,Provincial Highway,Average,Clear,Daylight,Car/Taxi,3,Wrong Overtaking,1,0,0,1,1,0,Low
2020,2,Saturday,12,KPK,Nowshera,Provincial Highway,Average,Clear,Daylight,Car/Taxi,1,Wrong Overtaking,1,1,0,1,2,1,Medium
2020,9,Sunday,23,Punjab,Multan,Urban Road,Good,Rainy,No Light,Car/Taxi,1,Wrong Overtaking,0,1,1,0,5,1,Medium
2020,3,Saturday,7,Punjab,Sialkot,Urban Road,Good,Clear,Daylight,Truck/Lorry,2,Pedestrian Error,1,1,0,0,1,0,Low
2023,6,Wednesday,10,Punjab,Sargodha,Rural Road,Under Repair,Clear,Daylight,Van/Pickup,2,Over Speeding,0,0,0,0,5,2,Medium
2019,4,Sunday,20,Sindh,Nawabshah,Rural Road,Good,Rainy,No Light,Car/Taxi,2,Wrong Overtaking,1,1,0,0,5,1,Medium
2019,1,Saturday,17,AJK,Mirpur,Urban Road,Poor,Dusty/Smoggy,No Light,Motorcycle,2,Over Speeding,1,1,0,1,10,1,High
2021,1,Monday,4,KPK,Peshawar,National Highway,Poor,Rainy,No Light,Motorcycle,2,Pedestrian Error,0,0,1,1,11,1,High
2023,9,Thursday,19,Sindh,Jacobabad,Rural Road,Good,Extreme Heat,Street Light,Car/Taxi,2,Over Speeding,1,0,0,0,4,1,Medium
2023,12,Sunday,18,Sindh,Sukkur,National Highway,Average,Rainy,Dawn/Dusk,Car/Taxi,2,Mobile Phone Use,1,1,0,1,1,0,Medium
2023,2,Sunday,9,Punjab,Multan,National Highway,Good,Clear,Daylight,Bicycle,1,Road Condition,1,1,0,1,3,0,Medium
2018,5,Tuesday,11,Punjab,Sargodha,Provincial Highway,Poor,Rainy,Daylight,Motorcycle,2,Pedestrian Error,0,0,0,0,7,0,High
2022,8,Friday,18,Sindh,Hyderabad,Urban Road,Average,Clear,Street Light,Car/Taxi,3,Road Condition,1,0,0,0,0,0,Low
2021,11,Friday,14,Sindh,Jacobabad,Rural Road,Good,Clear,Daylight,Car/Taxi,1,Mechanical Failure,0,0,0,1,1,0,Low
2019,3,Monday,16,Sindh,Larkana,Urban Road,Good,Clear,Daylight,Car/Taxi,2,Road Condition,0,0,0,0,2,1,Low
2023,9,Tuesday,3,Islamabad,Islamabad,Urban Road,Poor,Extreme Heat,No Light,Car/Taxi,2,Over Speeding,0,0,1,0,5,0,Medium
2020,2,Sunday,9,Sindh,Dadu,Urban Road,Average,Clear,Daylight,Car/Taxi,3,Signal Violation,1,1,0,1,0,1,Low
2021,4,Thursday,11,Sindh,Karachi,National Highway,Good,Clear,Daylight,Car/Taxi,1,Over Speeding,0,0,0,0,2,1,Medium
2020,7,Sunday,18,Punjab,Rawalpindi,Provincial Highway,Good,Rainy,Street Light,Motorcycle,4,Over Speeding,1,1,0,0,6,2,High
2020,11,Wednesday,12,Gilgit-Baltistan,Hunza,Rural Road,Poor,Rainy,Daylight,Motorcycle,1,Signal Violation,1,0,0,1,4,1,Medium
2021,7,Monday,10,KPK,Mardan,National Highway,Under Repair,Clear,Daylight,Car/Taxi,2,Pedestrian Error,0,0,0,0,0,0,Low
2021,7,Sunday,2,Balochistan,Hub,Provincial Highway,Good,Foggy,No Light,Motorcycle,2,Over Speeding,0,1,1,0,2,1,High
2019,7,Thursday,15,Punjab,Sargodha,Urban Road,Under Repair,Dusty/Smoggy,Daylight,Rickshaw,2,Mechanical Failure,0,0,0,0,0,0,Low
2019,8,Sunday,0,Sindh,Mirpur Khas,Urban Road,Poor,Clear,No Light,Motorcycle,2,Signal Violation,0,1,1,0,2,2,Medium
2023,5,Friday,17,Sindh,Kashmore,Urban Road,Average,Dusty/Smoggy,Dawn/Dusk,Rickshaw,3,Over Speeding,1,0,0,0,1,0,Low
2023,3,Saturday,19,Punjab,Lahore,Provincial Highway,Under Repair,Foggy,No Light,Car/Taxi,3,Driver Fatigue,1,1,0,0,4,0,Medium
2023,6,Saturday,19,KPK,Kohat,Urban Road,Poor,Clear,Dawn/Dusk,Car/Taxi,1,Signal Violation,1,1,0,0,1,0,Low
2022,1,Thursday,13,Balochistan,Dera Bugti,Urban Road,Under Repair,Clear,Dawn/Dusk,Motorcycle,4,Drunk Driving,1,0,0,1,5,1,Medium
2018,5,Sunday,21,Punjab,Rawalpindi,Provincial Highway,Poor,Foggy,No Light,Motorcycle,3,Mechanical Failure,0,1,0,0,1,0,Medium
2019,6,Sunday,19,Punjab,Lahore,Urban Road,Good,Rainy,Dawn/Dusk,Bus/Coach,2,Mobile Phone Use,1,1,0,0,2,0,Medium
2018,1,Tuesday,20,KPK,Dera Ismail Khan,Provincial Highway,Good,Clear,Street Light,Motorcycle,2,Drunk Driving,1,0,0,1,1,0,Medium
2022,6,Saturday,16,Punjab,Multan,Provincial Highway,Average,Clear,Dawn/Dusk,Rickshaw,1,Mechanical Failure,0,1,0,0,0,0,Low
2022,6,Sunday,21,Sindh,Jacobabad,Provincial Highway,Good,Clear,No Light,Other,3,Mechanical Failure,0,1,0,0,1,0,Low
2023,8,Wednesday,6,KPK,Nowshera,Motorway,Poor,Foggy,Daylight,Truck/Lorry,2,Over Speeding,0,0,0,0,8,0,High
2022,11,Friday,19,Punjab,Faisalabad,National Highway,Good,Clear,Daylight,Motorcycle,2,Road Condition,1,0,0,1,5,0,Medium
2023,3,Saturday,11,KPK,Mardan,Urban Road,Good,Clear,Daylight,Motorcycle,3,Road Condition,0,1,0,0,1,0,Low
2023,5,Saturday,5,Sindh,Karachi,National Highway,Good,Clear,No Light,Rickshaw,2,Wrong Overtaking,0,1,1,0,4,2,High
2023,9,Tuesday,11,Balochistan,Turbat,Provincial Highway,Good,Clear,Daylight,Rickshaw,2,Over Speeding,0,0,0,0,0,0,Low
2023,2,Friday,11,KPK,Bannu,National Highway,Poor,Clear,Daylight,Bicycle,2,Driver Fatigue,0,0,0,1,9,3,High
2019,10,Tuesday,13,Balochistan,Sibi,Urban Road,Average,Clear,Street Light,Car/Taxi,3,Wrong Overtaking,1,0,0,0,2,0,Low
2022,7,Monday,13,Punjab,Sargodha,National Highway,Average,Foggy,Daylight,Rickshaw,1,Mechanical Failure,1,0,0,0,5,2,Medium
2022,5,Saturday,23,Punjab,Rawalpindi,Urban Road,Average,Dusty/Smoggy,Street Light,Motorcycle,1,Over Speeding,0,1,1,0,4,2,High
2023,11,Wednesday,14,Punjab,Bahawalpur,Urban Road,Good,Rainy,Daylight,Van/Pickup,2,Over Speeding,0,0,0,1,3,0,Medium
2018,8,Sunday,8,Sindh,Larkana,Provincial Highway,Average,Rainy,Daylight,Motorcycle,4,Signal Violation,1,1,0,0,5,0,High
2019,12,Saturday,2,Balochistan,Hub,Provincial Highway,Poor,Extreme Heat,No Light,Motorcycle,4,Driver Fatigue,0,1,1,1,6,3,High
2023,9,Friday,14,Sindh,Kashmore,Urban Road,Average,Foggy,Dawn/Dusk,Bus/Coach,2,Over Speeding,0,0,0,0,3,3,High
2018,1,Saturday,12,Balochistan,Hub,Provincial Highway,Good,Foggy,Dawn/Dusk,Truck/Lorry,2,Mechanical Failure,1,1,0,1,1,0,Medium
2022,1,Tuesday,9,Punjab,Faisalabad,National Highway,Average,Dusty/Smoggy,Daylight,Car/Taxi,1,Over Speeding,1,0,0,1,4,2,Medium
2019,10,Sunday,15,Punjab,Sheikhupura,Urban Road,Average,Clear,Daylight,Truck/Lorry,1,Over Speeding,0,1,0,0,4,0,Medium
2019,12,Monday,12,Balochistan,Zhob,Urban Road,Under Repair,Rainy,Daylight,Rickshaw,2,Driver Fatigue,1,0,0,1,1,0,Low
2021,11,Wednesday,14,Sindh,Nawabshah,Provincial Highway,Poor,Clear,Daylight,Motorcycle,3,Over Speeding,0,0,0,1,4,1,High
2020,7,Saturday,1,KPK,Peshawar,National Highway,Poor,Rainy,Street Light,Rickshaw,3,Road Condition,0,1,1,0,3,2,High
2022,1,Monday,8,Punjab,Faisalabad,National Highway,Average,Clear,Daylight,Truck/Lorry,2,Mechanical Failure,1,0,0,1,0,0,Low
2020,1,Thursday,13,Islamabad,Islamabad,Urban Road,Good,Dusty/Smoggy,Daylight,Car/Taxi,2,Driver Fatigue,1,0,0,1,0,0,Low
2021,6,Friday,14,Sindh,Larkana,Urban Road,Average,Foggy,Daylight,Car/Taxi,2,Driver Fatigue,0,0,0,0,1,0,Low
2023,11,Thursday,12,KPK,Charsadda,National Highway,Under Repair,Clear,Daylight,Bus/Coach,2,Signal Violation,1,0,0,1,5,2,Medium
2023,12,Sunday,22,Punjab,Bahawalpur,Urban Road,Good,Dusty/Smoggy,Street Light,Motorcycle,2,Over Speeding,0,1,1,1,3,2,High
2022,11,Monday,15,Sindh,Dadu,Provincial Highway,Under Repair,Clear,Dawn/Dusk,Car/Taxi,2,Over Speeding,0,0,0,1,0,0,Low
2023,8,Saturday,10,Balochistan,Quetta,National Highway,Good,Clear,Street Light,Motorcycle,2,Mechanical Failure,0,1,0,0,5,0,Medium
2023,5,Saturday,23,Balochistan,Chaman,Provincial Highway,Good,Dusty/Smoggy,Street Light,Car/Taxi,2,Signal Violation,0,1,1,0,0,0,Low
2023,10,Wednesday,22,Punjab,Multan,National Highway,Average,Clear,No Light,Car/Taxi,2,Road Condition,0,0,1,0,3,0,Medium
2020,11,Wednesday,17,Punjab,Gujranwala,Urban Road,Under Repair,Dusty/Smoggy,Daylight,Motorcycle,3,Road Condition,1,0,0,1,1,1,Low
2018,12,Monday,8,Sindh,Kashmore,National Highway,Average,Clear,Daylight,Motorcycle,2,Road Condition,1,0,0,1,2,1,Medium
2020,6,Sunday,0,Punjab,Gujranwala,National Highway,Average,Dusty/Smoggy,No Light,Van/Pickup,2,Road Condition,0,1,1,0,2,0,Medium
2023,5,Tuesday,21,KPK,Nowshera,National Highway,Poor,Dusty/Smoggy,No Light,Car/Taxi,1,Signal Violation,0,0,0,0,4,0,Medium
2020,8,Monday,20,Punjab,Rawalpindi,Urban Road,Poor,Extreme Heat,No Light,Motorcycle,3,Wrong Overtaking,1,0,0,0,0,0,Low
2018,2,Thursday,13,Punjab,Gujranwala,National Highway,Average,Clear,Daylight,Motorcycle,2,Pedestrian Error,1,0,0,1,6,3,High
2023,7,Tuesday,9,KPK,Nowshera,Provincial Highway,Good,Foggy,Daylight,Car/Taxi,2,Over Speeding,1,0,0,0,7,3,High
2018,10,Thursday,18,Sindh,Nawabshah,National Highway,Poor,Rainy,Daylight,Car/Taxi,1,Driver Fatigue,1,0,0,0,1,0,Medium
2020,1,Sunday,6,KPK,Mardan,National Highway,Poor,Clear,Daylight,Motorcycle,2,Wrong Overtaking,0,1,0,1,10,1,High
2023,5,Wednesday,20,Islamabad,Islamabad,Rural Road,Good,Rainy,Street Light,Bus/Coach,2,Over Speeding,1,0,0,0,7,1,High
2019,3,Friday,22,Punjab,Bahawalpur,Urban Road,Average,Rainy,No Light,Motorcycle,2,Over Speeding,0,0,1,0,4,1,High
2021,1,Friday,12,KPK,Bannu,National Highway,Average,Clear,Street Light,Car/Taxi,1,Pedestrian Error,1,0,0,1,4,0,Medium
2019,12,Thursday,18,Punjab,Sheikhupura,Provincial Highway,Average,Rainy,Daylight,Van/Pickup,2,Road Condition,1,0,0,1,2,0,Medium
2021,1,Friday,4,Punjab,Sheikhupura,National Highway,Average,Dusty/Smoggy,Street Light,Motorcycle,1,Over Speeding,0,0,1,1,11,1,High
2021,6,Friday,8,Punjab,Faisalabad,Rural Road,Poor,Clear,Daylight,Motorcycle,2,Pedestrian Error,1,0,0,0,0,0,Low
2021,6,Wednesday,12,Punjab,Rahim Yar Khan,Urban Road,Average,Clear,Daylight,Motorcycle,2,Drunk Driving,1,0,0,0,5,0,Medium
2023,6,Monday,12,Punjab,Rawalpindi,Rural Road,Poor,Foggy,Street Light,Motorcycle,2,Over Speeding,1,0,0,0,2,0,High
2018,6,Tuesday,19,Punjab,Multan,Urban Road,Good,Extreme Heat,Dawn/Dusk,Rickshaw,2,Over Speeding,1,0,0,0,2,0,Low
2022,7,Wednesday,16,Balochistan,Turbat,Provincial Highway,Good,Foggy,Daylight,Rickshaw,3,Over Speeding,0,0,0,0,2,0,Medium
2023,9,Sunday,18,KPK,Mansehra,Urban Road,Average,Clear,Dawn/Dusk,Motorcycle,2,Over Speeding,1,1,0,0,2,0,Medium
2018,9,Friday,9,AJK,Rawalakot,Urban Road,Good,Clear,Dawn/Dusk,Van/Pickup,1,Signal Violation,1,0,0,0,1,0,Low
2022,10,Friday,8,Sindh,Dadu,Provincial Highway,Good,Dusty/Smoggy,Daylight,Bicycle,1,Over Speeding,1,0,0,0,6,0,High
2021,9,Wednesday,20,Punjab,Lahore,Provincial Highway,Good,Clear,Street Light,Car/Taxi,2,Over Speeding,1,0,0,0,5,1,Medium
2020,2,Friday,20,Punjab,Sargodha,National Highway,Average,Clear,Street Light,Car/Taxi,2,Mechanical Failure,1,0,0,1,1,1,Medium
2021,8,Thursday,22,Punjab,Gujranwala,Provincial Highway,Good,Clear,No Light,Motorcycle,1,Wrong Overtaking,0,0,1,0,7,1,High
2018,2,Thursday,20,Punjab,Rawalpindi,National Highway,Good,Dusty/Smoggy,Street Light,Car/Taxi,1,Road Condition,1,0,0,1,1,0,Low
2023,11,Tuesday,14,KPK,Kohat,National Highway,Poor,Clear,Daylight,Motorcycle,2,Mobile Phone Use,0,0,0,1,5,1,Medium
2023,7,Monday,12,Sindh,Nawabshah,National Highway,Average,Clear,Daylight,Motorcycle,3,Over Speeding,1,0,0,0,2,0,High
2021,8,Monday,5,Punjab,Multan,Provincial Highway,Average,Clear,Street Light,Car/Taxi,2,Mobile Phone Use,0,0,1,0,0,0,Low
2021,7,Thursday,5,Punjab,Rahim Yar Khan,Provincial Highway,Poor,Rainy,Street Light,Truck/Lorry,2,Wrong Overtaking,0,0,1,0,3,0,Medium
2018,6,Friday,7,Punjab,Sheikhupura,National Highway,Good,Rainy,Daylight,Motorcycle,1,Road Condition,1,0,0,0,2,2,High
2021,10,Saturday,5,Punjab,Lahore,Urban Road,Poor,Clear,Street Light,Bicycle,1,Mobile Phone Use,0,1,1,0,1,0,Low
2023,12,Saturday,13,Punjab,Rahim Yar Khan,National Highway,Under Repair,Clear,Dawn/Dusk,Motorcycle,2,Over Speeding,1,1,0,1,2,1,High
2023,7,Monday,5,KPK,Mansehra,Provincial Highway,Poor,Clear,Dawn/Dusk,Motorcycle,2,Wrong Overtaking,0,0,1,0,8,0,High
2018,7,Sunday,16,Punjab,Rahim Yar Khan,Urban Road,Average,Clear,Daylight,Rickshaw,4,Signal Violation,0,1,0,0,2,0,Low
2020,7,Wednesday,22,KPK,Mardan,National Highway,Average,Clear,Street Light,Bicycle,2,Wrong Overtaking,0,0,1,0,6,1,High
2022,7,Saturday,14,Punjab,Sargodha,Urban Road,Good,Clear,Daylight,Bicycle,1,Road Condition,0,1,0,0,1,0,Low
2019,12,Wednesday,18,Punjab,Sheikhupura,Rural Road,Good,Extreme Heat,Daylight,Motorcycle,3,Over Speeding,1,0,0,1,2,1,Medium
2018,4,Friday,18,KPK,Mansehra,National Highway,Good,Clear,Daylight,Motorcycle,2,Drunk Driving,1,0,0,0,3,1,High
2018,6,Saturday,13,Sindh,Kashmore,Rural Road,Average,Clear,Daylight,Motorcycle,2,Wrong Overtaking,1,1,0,0,4,1,Medium
2019,10,Monday,21,Punjab,Sheikhupura,Rural Road,Good,Clear,No Light,Motorcycle,3,Pedestrian Error,0,0,0,0,2,0,Low
2019,5,Wednesday,10,Balochistan,Chaman,Provincial Highway,Average,Extreme Heat,Dawn/Dusk,Car/Taxi,1,Wrong Overtaking,0,0,0,0,2,0,Low
2020,6,Saturday,11,Punjab,Gujranwala,National Highway,Good,Clear,Daylight,Motorcycle,2,Road Condition,0,1,0,0,2,1,Medium
2018,6,Friday,13,Punjab,Bahawalpur,Urban Road,Poor,Clear,Daylight,Other,4,Driver Fatigue,1,0,0,0,5,0,Medium
2018,9,Saturday,19,KPK,Kohat,Urban Road,Poor,Clear,Street Light,Motorcycle,1,Wrong Overtaking,1,1,0,0,3,1,Medium
2021,6,Tuesday,16,KPK,Charsadda,Urban Road,Under Repair,Clear,Dawn/Dusk,Car/Taxi,2,Wrong Overtaking,0,0,0,0,1,0,Low
2020,12,Tuesday,16,Punjab,Sargodha,National Highway,Good,Clear,Daylight,Car/Taxi,2,Signal Violation,0,0,0,1,1,0,Medium
2020,9,Wednesday,12,Punjab,Gujranwala,Provincial Highway,Average,Clear,Daylight,Car/Taxi,2,Signal Violation,1,0,0,0,2,1,Low
2022,4,Monday,11,Balochistan,Chaman,Urban Road,Average,Clear,Daylight,Bus/Coach,3,Over Speeding,0,0,0,0,3,0,Medium
2023,6,Sunday,15,Punjab,Sialkot,Provincial Highway,Poor,Clear,Daylight,Car/Taxi,2,Over Speeding,0,1,0,0,5,0,Medium
2023,3,Saturday,7,Punjab,Sargodha,Urban Road,Good,Clear,Daylight,Car/Taxi,1,Driver Fatigue,1,1,0,0,2,0,Medium
2023,10,Thursday,19,Sindh,Mirpur Khas,Urban Road,Good,Clear,No Light,Motorcycle,3,Over Speeding,1,0,0,0,5,0,Medium
2023,12,Monday,14,Balochistan,Chaman,Provincial Highway,Average,Dusty/Smoggy,Street Light,Motorcycle,3,Signal Violation,0,0,0,1,3,0,Medium
2021,10,Monday,13,Punjab,Bahawalpur,National Highway,Good,Clear,Street Light,Motorcycle,4,Driver Fatigue,1,0,0,0,3,0,High
2022,12,Saturday,17,KPK,Peshawar,Rural Road,Poor,Foggy,Street Light,Motorcycle,2,Over Speeding,1,1,0,1,11,1,High
2022,12,Friday,21,Sindh,Thatta,Urban Road,Under Repair,Clear,Street Light,Bicycle,2,Wrong Overtaking,0,0,0,1,1,0,Low
2018,2,Thursday,4,Sindh,Kashmore,Urban Road,Average,Clear,No Light,Car/Taxi,1,Pedestrian Error,0,0,1,1,1,1,Low
2018,4,Thursday,1,KPK,Charsadda,National Highway,Poor,Rainy,No Light,Motorcycle,4,Wrong Overtaking,0,0,1,0,4,0,High
2021,8,Sunday,19,Islamabad,Islamabad,Urban Road,Under Repair,Dusty/Smoggy,Street Light,Motorcycle,4,Signal Violation,1,1,0,0,2,2,Medium
2021,6,Sunday,19,Punjab,Sargodha,National Highway,Average,Dusty/Smoggy,Street Light,Rickshaw,2,Signal Violation,1,1,0,0,1,1,Medium
2021,7,Saturday,19,Punjab,Sialkot,Urban Road,Good,Clear,Dawn/Dusk,Car/Taxi,2,Over Speeding,1,1,0,0,5,1,Medium
2022,9,Wednesday,23,Balochistan,Dera Bugti,Urban Road,Good,Clear,Street Light,Motorcycle,3,Wrong Overtaking,0,0,1,0,5,1,Medium
2023,7,Friday,8,KPK,Abbottabad,National Highway,Average,Dusty/Smoggy,Daylight,Car/Taxi,1,Wrong Overtaking,1,0,0,0,0,0,Low
2019,7,Saturday,1,Sindh,Jacobabad,Provincial Highway,Good,Dusty/Smoggy,No Light,Car/Taxi,2,Over Speeding,0,1,1,0,3,0,Medium
2022,2,Saturday,21,Sindh,Larkana,Urban Road,Good,Clear,Street Light,Car/Taxi,1,Road Condition,0,1,0,1,1,0,Low
2023,9,Monday,13,KPK,Charsadda,Rural Road,Good,Clear,Daylight,Car/Taxi,1,Pedestrian Error,1,0,0,0,1,0,Low
2020,7,Thursday,0,KPK,Kohat,Provincial Highway,Good,Foggy,No Light,Truck/Lorry,1,Wrong Overtaking,0,0,1,0,4,1,High
2022,2,Tuesday,19,Balochistan,Khuzdar,National Highway,Under Repair,Clear,Dawn/Dusk,Rickshaw,2,Over Speeding,1,0,0,1,5,0,Medium
2021,9,Wednesday,16,Sindh,Nawabshah,Urban Road,Good,Clear,No Light,Bus/Coach,3,Road Condition,0,0,0,0,1,0,Low
2021,9,Saturday,14,Punjab,Sialkot,Provincial Highway,Under Repair,Clear,Daylight,Rickshaw,2,Over Speeding,0,1,0,0,3,1,Medium
2022,2,Friday,22,Sindh,Nawabshah,National Highway,Good,Clear,No Light,Motorcycle,2,Driver Fatigue,0,0,1,1,8,0,High
2022,6,Monday,11,Punjab,Bahawalpur,Rural Road,Good,Clear,Daylight,Motorcycle,3,Wrong Overtaking,0,0,0,0,4,2,Medium
2020,5,Wednesday,19,Sindh,Karachi,Provincial Highway,Good,Clear,Dawn/Dusk,Motorcycle,1,Signal Violation,1,0,0,0,1,0,Medium
2022,12,Friday,11,Punjab,Rahim Yar Khan,Provincial Highway,Good,Foggy,Daylight,Motorcycle,1,Driver Fatigue,0,0,0,1,3,1,High
2020,5,Monday,10,Punjab,Lahore,Provincial Highway,Good,Rainy,Daylight,Motorcycle,2,Road Condition,0,0,0,0,9,2,High
2020,6,Wednesday,6,Sindh,Kashmore,Rural Road,Poor,Clear,Daylight,Motorcycle,2,Over Speeding,0,0,0,0,5,1,Medium
2020,9,Wednesday,19,KPK,Nowshera,Provincial Highway,Poor,Clear,Daylight,Truck/Lorry,2,Over Speeding,1,0,0,0,3,2,Medium
2023,5,Monday,2,KPK,Abbottabad,Provincial Highway,Good,Extreme Heat,Street Light,Rickshaw,2,Over Speeding,0,0,1,0,4,0,High
2019,6,Monday,12,Sindh,Thatta,National Highway,Average,Foggy,Street Light,Car/Taxi,1,Over Speeding,1,0,0,0,5,0,High
2022,9,Tuesday,6,Punjab,Rawalpindi,Provincial Highway,Average,Clear,Daylight,Motorcycle,1,Mechanical Failure,0,0,0,0,5,0,Medium
2022,11,Wednesday,17,Punjab,Sialkot,Provincial Highway,Average,Clear,Street Light,Motorcycle,2,Mechanical Failure,1,0,0,1,5,0,Medium
2022,7,Sunday,11,KPK,Peshawar,Urban Road,Good,Clear,Daylight,Car/Taxi,2,Drunk Driving,0,1,0,0,2,0,Low
2023,8,Thursday,2,Punjab,Faisalabad,Urban Road,Good,Foggy,No Light,Bus/Coach,2,Wrong Overtaking,0,0,1,0,4,1,High
2023,5,Thursday,8,KPK,Nowshera,National Highway,Average,Foggy,Daylight,Motorcycle,2,Over Speeding,1,0,0,0,3,1,High
2018,12,Monday,15,Sindh,Nawabshah,Rural Road,Average,Foggy,No Light,Car/Taxi,2,Wrong Overtaking,0,0,0,1,4,0,Medium
2018,10,Tuesday,9,Punjab,Lahore,Urban Road,Average,Clear,No Light,Car/Taxi,2,Signal Violation,1,0,0,0,1,0,Low
2018,3,Tuesday,10,KPK,Dera Ismail Khan,National Highway,Poor,Clear,No Light,Motorcycle,1,Over Speeding,0,0,0,0,4,2,High
2020,8,Wednesday,18,Punjab,Sargodha,Urban Road,Under Repair,Foggy,Daylight,Motorcycle,1,Weather Condition,1,0,0,0,2,2,Medium
2020,3,Friday,14,Sindh,Larkana,Urban Road,Good,Clear,Daylight,Motorcycle,2,Over Speeding,0,0,0,0,5,1,Medium
2018,6,Saturday,17,Punjab,Lahore,Urban Road,Good,Foggy,No Light,Motorcycle,2,Pedestrian Error,1,1,0,0,4,0,Medium
2021,5,Saturday,20,Punjab,Sheikhupura,Rural Road,Good,Rainy,Street Light,Van/Pickup,4,Over Speeding,1,1,0,0,2,1,Medium
2022,6,Tuesday,22,Sindh,Sukkur,Urban Road,Good,Clear,Street Light,Rickshaw,1,Road Condition,0,0,1,0,2,0,Low
2022,10,Tuesday,19,Sindh,Dadu,National Highway,Poor,Clear,Dawn/Dusk,Bus/Coach,2,Over Speeding,1,0,0,0,1,2,Medium
2022,6,Wednesday,21,KPK,Nowshera,Urban Road,Good,Foggy,No Light,Motorcycle,1,Signal Violation,0,0,0,0,7,0,High
2023,2,Thursday,16,KPK,Charsadda,Rural Road,Good,Clear,Daylight,Motorcycle,2,Drunk Driving,0,0,0,1,4,3,High
2019,6,Sunday,6,KPK,Nowshera,Provincial Highway,Under Repair,Foggy,Daylight,Van/Pickup,1,Over Speeding,0,1,0,0,7,1,High
2021,7,Sunday,23,Punjab,Rahim Yar Khan,National Highway,Under Repair,Rainy,No Light,Bus/Coach,2,Pedestrian Error,0,1,1,0,3,1,Medium
2022,12,Saturday,9,Sindh,Dadu,Urban Road,Average,Clear,Daylight,Motorcycle,3,Road Condition,1,1,0,1,2,0,Low
2020,3,Monday,13,Sindh,Sukkur,National Highway,Average,Foggy,Daylight,Car/Taxi,3,Over Speeding,1,0,0,0,8,0,High
2022,7,Tuesday,7,Sindh,Thatta,Provincial Highway,Good,Rainy,Daylight,Rickshaw,1,Signal Violation,1,0,0,0,1,0,Medium
2019,7,Monday,7,Sindh,Hyderabad,Provincial Highway,Good,Foggy,Daylight,Car/Taxi,1,Pedestrian Error,1,0,0,0,5,2,Medium
2019,8,Wednesday,17,Islamabad,Islamabad,Motorway,Good,Foggy,Street Light,Motorcycle,2,Road Condition,1,0,0,0,6,3,High
2022,3,Saturday,9,Punjab,Multan,National Highway,Good,Clear,Daylight,Bicycle,1,Mechanical Failure,1,1,0,0,4,1,High
2018,12,Monday,6,Balochistan,Dera Bugti,Provincial Highway,Good,Clear,Daylight,Motorcycle,2,Driver Fatigue,0,0,0,1,9,2,High
2022,5,Friday,20,Punjab,Multan,Urban Road,Poor,Clear,Street Light,Motorcycle,2,Wrong Overtaking,1,0,0,0,0,0,Low