year,month,day_of_week,hour_of_day,province,district,road_type,road_condition,weather_condition,lighting_condition,vehicle_type,vehicles_involved,accident_cause,is_rush_hour,is_weekend,is_night,is_foggy_month,num_injured,num_killed,severity
2022,6,Wednesday,22,Punjab,Sialkot,National Highway,Average,Clear,Street Light,Truck/Lorry,3,Wrong Overtaking,0,0,1,0,5,2,Medium
2022,9,Thursday,9,Punjab,Rawalpindi,Rural Road,Good,Foggy,Daylight,Motorcycle,3,Driver Fatigue,1,0,0,0,5,1,Medium
2021,12,Saturday,15,Sindh,Karachi,Urban Road,Good,Clear,Daylight,Van/Pickup,2,Wrong Overtaking,0,1,0,1,2,1,Low
2020,7,Friday,14,Punjab,Rahim Yar Khan,Urban Road,Good,Dusty/Smoggy,Dawn/Dusk,Motorcycle,1,Over Speeding,0,0,0,0,5,0,Medium
2021,1,Thursday,9,Balochistan,Chaman,Urban Road,Under Repair,Rainy,Street Light,Motorcycle,2,Road Condition,1,0,0,1,5,0,Medium
2021,6,Wednesday,3,KPK,Bannu,National Highway,Good,Rainy,No Light,Van/Pickup,2,Wrong Overtaking,0,0,1,0,4,1,High
2023,1,Sunday,11,Sindh,Jacobabad,Motorway,Good,Rainy,Daylight,Motorcycle,1,Over Speeding,0,1,0,1,11,4,High
2018,12,Monday,19,Sindh,Dadu,Provincial Highway,Poor,Clear,No Light,Motorcycle,1,Road Condition,1,0,0,1,4,0,Medium
2019,7,Sunday,18,Islamabad,Islamabad,Urban Road,Average,Clear,Dawn/Dusk,Car/Taxi,2,Road Condition,1,1,0,0,1,0,Low
2019,4,Saturday,20,KPK,Mansehra,National Highway,Good,Clear,No Light,Car/Taxi,2,Road Condition,1,1,0,0,3,2,Medium
2022,11,Friday,13,Sindh,Sukkur,National Highway,Good,Clear,Daylight,Car/Taxi,2,Over Speeding,1,0,0,1,5,1,Medium
2018,8,Tuesday,19,KPK,Bannu,Rural Road,Good,Clear,Dawn/Dusk,Motorcycle,1,Pedestrian Error,1,0,0,0,1,0,Medium
2022,7,Wednesday,18,Sindh,Karachi,Urban Road,Poor,Clear,Daylight,Motorcycle,2,Signal Violation,1,0,0,0,0,0,Low
2020,11,Sunday,13,Sindh,Karachi,Provincial Highway,Poor,Clear,Daylight,Car/Taxi,2,Over Speeding,1,1,0,1,3,0,Medium
2021,1,Sunday,10,Punjab,Faisalabad,National Highway,Average,Clear,Street Light,Motorcycle,2,Mechanical Failure,0,1,0,1,5,2,Medium
2023,4,Friday,17,Sindh,Larkana,Provincial Highway,Poor,Clear,Daylight,Motorcycle,2,Wrong Overtaking,1,0,0,0,1,2,Medium
2020,9,Sunday,7,Punjab,Rawalpindi,National Highway,Good,Extreme Heat,Daylight,Car/Taxi,3,Over Speeding,1,1,0,0,10,2,High
2020,7,Sunday,19,Punjab,Lahore,Motorway,Poor,Clear,Daylight,Bus/Coach,2,Driver Fatigue,1,1,0,0,3,1,Medium
2022,3,Friday,23,KPK,Nowshera,Urban Road,Good,Clear,No Light,Car/Taxi,1,Over Speeding,0,0,1,0,5,1,Medium
2021,12,Friday,13,Islamabad,Islamabad,National Highway,Poor,Foggy,Daylight,Motorcycle,3,Over Speeding,1,0,0,1,6,3,High
2022,12,Thursday,20,Islamabad,Islamabad,Rural Road,Average,Rainy,No Light,Motorcycle,3,Pedestrian Error,1,0,0,1,2,0,Medium
2020,2,Saturday,10,Sindh,Larkana,National Highway,Good,Clear,Daylight,Bus/Coach,3,Road Condition,0,1,0,1,2,0,Low
2022,6,Wednesday,21,Sindh,Karachi,National Highway,Good,Foggy,No Light,Car/Taxi,2,Over Speeding,0,0,0,0,5,2,Medium
2019,5,Saturday,21,Punjab,Sialkot,Provincial Highway,Average,Clear,Street Light,Car/Taxi,2,Road Condition,0,1,0,0,0,0,Low
2020,1,Monday,9,KPK,Mansehra,Rural Road,Under Repair,Rainy,Daylight,Motorcycle,3,Wrong Overtaking,1,0,0,1,2,4,High
2019,6,Wednesday,11,Punjab,Lahore,National Highway,Good,Foggy,Dawn/Dusk,Motorcycle,2,Drunk Driving,0,0,0,0,9,2,High
2023,2,Sunday,13,Punjab,Sargodha,Provincial Highway,Good,Rainy,Daylight,Motorcycle,2,Pedestrian Error,1,1,0,1,4,1,Medium
2021,8,Sunday,18,KPK,Charsadda,Urban Road,Good,Clear,Daylight,Truck/Lorry,1,Over Speeding,1,1,0,0,1,1,Medium
2022,11,Tuesday,15,Punjab,Gujranwala,Rural Road,Poor,Clear,Dawn/Dusk,Motorcycle,4,Mechanical Failure,0,0,0,1,0,0,Low
2023,6,Sunday,18,Punjab,Rahim Yar Khan,Urban Road,Good,Clear,Daylight,Motorcycle,4,Over Speeding,1,1,0,0,8,1,High
2021,11,Monday,16,KPK,Nowshera,Urban Road,Good,Clear,No Light,Bicycle,2,Road Condition,0,0,0,1,1,0,Low
2022,1,Monday,19,Punjab,Bahawalpur,Urban Road,Good,Clear,Dawn/Dusk,Motorcycle,2,Driver Fatigue,1,0,0,1,4,0,Medium
2022,8,Sunday,9,Punjab,Sargodha,Urban Road,Good,Foggy,Daylight,Motorcycle,4,Wrong Overtaking,1,1,0,0,3,1,Medium
2018,7,Thursday,13,Punjab,Rawalpindi,Provincial Highway,Average,Clear,Dawn/Dusk,Motorcycle,1,Over Speeding,1,0,0,0,7,3,High
2018,5,Saturday,0,Punjab,Rahim Yar Khan,Rural Road,Good,Clear,No Light,Car/Taxi,4,Drunk Driving,0,1,1,0,1,0,Low
2022,4,Friday,16,Punjab,Rahim Yar Khan,Urban Road,Good,Clear,Daylight,Bus/Coach,3,Pedestrian Error,0,0,0,0,1,0,Low
2021,10,Wednesday,23,KPK,Mardan,Provincial Highway,Poor,Clear,No Light,Rickshaw,2,Over Speeding,0,0,1,0,5,1,Medium
2020,8,Monday,17,Punjab,Sheikhupura,Rural Road,Good,Clear,Dawn/Dusk,Motorcycle,2,Over Speeding,1,0,0,0,3,0,Medium
2019,5,Saturday,18,KPK,Kohat,National Highway,Good,Clear,Daylight,Car/Taxi,2,Pedestrian Error,1,1,0,0,1,0,Low
2021,7,Tuesday,11,Punjab,Sheikhupura,Rural Road,Average,Clear,Daylight,Truck/Lorry,2,Wrong Overtaking,0,0,0,0,1,0,Medium
2019,6,Sunday,10,Sindh,Larkana,National Highway,Good,Clear,Daylight,Motorcycle,2,Wrong Overtaking,0,1,0,0,2,0,Medium
2022,8,Tuesday,10,KPK,Peshawar,National Highway,Poor,Clear,Daylight,Motorcycle,1,Over Speeding,0,0,0,0,10,1,High
2020,6,Monday,9,Sindh,Thatta,National Highway,Good,Extreme Heat,Daylight,Van/Pickup,2,Over Speeding,1,0,0,0,1,0,Medium
2018,7,Monday,13,Sindh,Mirpur Khas,National Highway,Average,Clear,Daylight,Car/Taxi,1,Signal Violation,1,0,0,0,4,0,Medium
2023,9,Saturday,12,Islamabad,Islamabad,National Highway,Good,Clear,Daylight,Motorcycle,3,Pedestrian Error,1,1,0,0,3,0,Medium
2021,12,Wednesday,23,Punjab,Multan,National Highway,Good,Extreme Heat,Street Light,Motorcycle,4,Driver Fatigue,0,0,1,1,3,1,High
2023,4,Wednesday,20,Sindh,Dadu,Urban Road,Good,Clear,Street Light,Car/Taxi,1,Pedestrian Error,1,0,0,0,0,0,Low
2020,5,Saturday,10,Balochistan,Sibi,Urban Road,Average,Extreme Heat,Daylight,Motorcycle,3,Road Condition,0,1,0,0,3,0,Medium
2020,3,Thursday,8,Punjab,Faisalabad,Provincial Highway,Poor,Clear,Daylight,Car/Taxi,1,Pedestrian Error,1,0,0,0,1,0,Low
2023,8,Thursday,9,Punjab,Lahore,Urban Road,Poor,Clear,Daylight,Rickshaw,2,Over Speeding,1,0,0,0,1,0,Low
2019,10,Monday,12,Punjab,Bahawalpur,National Highway,Good,Clear,Daylight,Rickshaw,2,Over Speeding,1,0,0,0,1,0,Medium
2018,12,Tuesday,9,Sindh,Dadu,Urban Road,Good,Clear,Dawn/Dusk,Truck/Lorry,2,Over Speeding,1,0,0,1,4,0,Medium
2019,3,Monday,18,Punjab,Multan,Rural Road,Poor,Clear,Daylight,Truck/Lorry,2,Pedestrian Error,1,0,0,0,2,0,Low
2023,4,Wednesday,7,Punjab,Lahore,Urban Road,Good,Clear,Daylight,Bus/Coach,2,Drunk Driving,1,0,0,0,3,1,Medium
2022,4,Tuesday,23,Sindh,Jacobabad,National Highway,Good,Clear,No Light,Motorcycle,2,Wrong Overtaking,0,0,1,0,8,2,High
2021,6,Monday,12,Sindh,Mirpur Khas,Provincial Highway,Good,Rainy,Daylight,Car/Taxi,2,Over Speeding,1,0,0,0,2,0,Medium
2020,3,Friday,21,Punjab,Gujranwala,Urban Road,Poor,Clear,Street Light,Motorcycle,3,Driver Fatigue,0,0,0,0,2,0,Medium
2019,9,Sunday,22,Punjab,Gujranwala,National Highway,Good,Foggy,No Light,Motorcycle,2,Over Speeding,0,1,1,0,7,4,High
2023,7,Monday,21,Sindh,Kashmore,Provincial Highway,Good,Rainy,No Light,Motorcycle,2,Signal Violation,0,0,0,0,5,1,Medium
2023,6,Thursday,12,Islamabad,Islamabad,National Highway,Average,Clear,Daylight,Car/Taxi,2,Wrong Overtaking,1,0,0,0,5,1,Medium
2023,2,Thursday,22,KPK,Bannu,National Highway,Average,Clear,No Light,Motorcycle,1,Wrong Overtaking,0,0,1,1,8,2,High
2023,7,Saturday,23,KPK,Nowshera,National Highway,Poor,Foggy,Street Light,Car/Taxi,2,Signal Violation,0,1,1,0,5,0,High
2019,3,Wednesday,3,Punjab,Faisalabad,Rural Road,Average,Clear,No Light,Car/Taxi,1,Over Speeding,0,0,1,0,3,0,Medium
2021,8,Sunday,8,Punjab,Rahim Yar Khan,Provincial Highway,Good,Clear,Daylight,Bus/Coach,3,Pedestrian Error,1,1,0,0,0,0,Low
2023,7,Tuesday,13,Sindh,Dadu,Provincial Highway,Good,Dusty/Smoggy,Daylight,Motorcycle,2,Mechanical Failure,1,0,0,0,3,0,Medium
2021,3,Tuesday,20,KPK,Swat,National Highway,Average,Rainy,No Light,Car/Taxi,2,Over Speeding,1,0,0,0,3,2,High
2021,10,Thursday,18,Sindh,Mirpur Khas,National Highway,Good,Foggy,Daylight,Motorcycle,3,Mechanical Failure,1,0,0,0,8,3,High
2023,12,Wednesday,17,Balochistan,Turbat,National Highway,Poor,Clear,Daylight,Rickshaw,1,Over Speeding,1,0,0,1,2,3,High
2023,12,Saturday,17,AJK,Rawalakot,National Highway,Good,Foggy,Daylight,Motorcycle,1,Over Speeding,1,1,0,1,11,1,High
2022,5,Monday,17,Punjab,Gujranwala,Rural Road,Good,Clear,Street Light,Bus/Coach,1,Driver Fatigue,1,0,0,0,4,2,Medium
2022,6,Tuesday,17,Punjab,Lahore,Motorway,Poor,Foggy,Street Light,Rickshaw,2,Over Speeding,1,0,0,0,5,0,Medium
2018,12,Wednesday,13,Punjab,Lahore,Rural Road,Good,Clear,Daylight,Car/Taxi,1,Driver Fatigue,1,0,0,1,2,0,Low
2019,10,Thursday,15,Punjab,Lahore,National Highway,Good,Clear,Dawn/Dusk,Motorcycle,2,Over Speeding,0,0,0,0,2,4,High
2018,4,Sunday,6,Punjab,Sargodha,National Highway,Average,Clear,Daylight,Truck/Lorry,2,Wrong Overtaking,0,1,0,0,11,0,High
2021,8,Sunday,10,Balochistan,Dera Bugti,Urban Road,Good,Clear,No Light,Rickshaw,2,Signal Violation,0,1,0,0,1,0,Low
2022,9,Saturday,19,Punjab,Multan,National Highway,Average,Clear,Dawn/Dusk,Motorcycle,4,Over Speeding,1,1,0,0,6,0,High
2021,1,Sunday,18,Punjab,Multan,National Highway,Poor,Foggy,Daylight,Motorcycle,2,Signal Violation,1,1,0,1,8,3,High
2022,10,Tuesday,13,Punjab,Rawalpindi,Urban Road,Poor,Clear,Daylight,Car/Taxi,4,Over Speeding,1,0,0,0,2,1,Medium
2020,6,Friday,6,Islamabad,Islamabad,National Highway,Poor,Clear,Daylight,Rickshaw,3,Over Speeding,0,0,0,0,5,0,Medium
2022,9,Friday,16,KPK,Mardan,Provincial Highway,Good,Clear,No Light,Car/Taxi,2,Road Condition,0,0,0,0,2,0,Low
2022,7,Saturday,7,Balochistan,Gwadar,Urban Road,Average,Rainy,Daylight,Car/Taxi,1,Signal Violation,1,1,0,0,2,0,Low
2018,3,Saturday,21,AJK,Muzaffarabad,Urban Road,Poor,Clear,No Light,Motorcycle,2,Signal Violation,0,1,0,0,2,0,Medium
2018,12,Monday,6,Sindh,Hyderabad,National Highway,Poor,Foggy,Daylight,Motorcycle,2,Wrong Overtaking,0,0,0,1,8,3,High
2020,6,Saturday,16,Punjab,Sargodha,National Highway,Good,Rainy,Daylight,Car/Taxi,3,Signal Violation,0,1,0,0,4,1,Medium
2021,11,Sunday,9,Punjab,Rahim Yar Khan,Rural Road,Average,Foggy,Daylight,Car/Taxi,2,Driver Fatigue,1,1,0,1,5,0,Medium
2020,1,Monday,12,Punjab,Sialkot,National Highway,Good,Clear,Daylight,Bus/Coach,3,Mechanical Failure,1,0,0,1,2,0,Low
2018,10,Thursday,18,KPK,Mansehra,Provincial Highway,Good,Clear,Daylight,Motorcycle,2,Over Speeding,1,0,0,0,2,2,High
2023,1,Sunday,11,Punjab,Faisalabad,Rural Road,Poor,Clear,Daylight,Truck/Lorry,3,Over Speeding,0,1,0,1,1,1,Medium
2021,7,Wednesday,11,Punjab,Gujranwala,National Highway,Average,Clear,Daylight,Bus/Coach,1,Signal Violation,0,0,0,0,3,0,High
2020,3,Wednesday,14,Sindh,Kashmore,Rural Road,Good,Dusty/Smoggy,Daylight,Rickshaw,4,Wrong Overtaking,0,0,0,0,1,0,Low
2022,10,Monday,18,Sindh,Thatta,Urban Road,Average,Extreme Heat,Daylight,Van/Pickup,1,Driver Fatigue,1,0,0,0,0,0,Low
2023,9,Saturday,9,KPK,Mardan,National Highway,Good,Clear,Daylight,Other,1,Signal Violation,1,1,0,0,2,0,Low
2020,4,Sunday,15,Punjab,Bahawalpur,Urban Road,Poor,Rainy,Daylight,Motorcycle,1,Over Speeding,0,1,0,0,3,0,Medium
2019,12,Sunday,11,KPK,Bannu,National Highway,Average,Foggy,Daylight,Car/Taxi,2,Wrong Overtaking,0,1,0,1,4,0,High
2022,4,Sunday,16,Sindh,Sukkur,Provincial Highway,Average,Clear,Daylight,Bicycle,1,Wrong Overtaking,0,1,0,0,2,0,Medium
2018,11,Wednesday,22,Punjab,Multan,Provincial Highway,Poor,Clear,No Light,Rickshaw,2,Wrong Overtaking,0,0,1,1,4,0,Medium
2018,5,Friday,8,KPK,Charsadda,Urban Road,Under Repair,Clear,Daylight,Truck/Lorry,1,Over Speeding,1,0,0,0,4,0,Medium
2019,9,Tuesday,8,Islamabad,Islamabad,National Highway,Poor,Clear,Daylight,Truck/Lorry,3,Over Speeding,1,0,0,0,2,0,Medium
2020,10,Tuesday,0,Punjab,Faisalabad,National Highway,Good,Rainy,No Light,Van/Pickup,1,Road Condition,0,0,1,0,2,1,Medium
2023,11,Wednesday,0,Punjab,Faisalabad,Urban Road,Poor,Clear,Street Light,Bus/Coach,3,Over Speeding,0,0,1,1,2,2,Medium
2020,4,Tuesday,7,Sindh,Karachi,Provincial Highway,Poor,Clear,Daylight,Motorcycle,4,Signal Violation,1,0,0,0,3,0,Medium
2023,2,Tuesday,22,Punjab,Faisalabad,National Highway,Good,Clear,Street Light,Bus/Coach,1,Signal Violation,0,0,1,1,3,1,High
2022,9,Tuesday,18,Balochistan,Sibi,Urban Road,Good,Dusty/Smoggy,Daylight,Car/Taxi,2,Driver Fatigue,1,0,0,0,1,0,Low
2019,6,Wednesday,14,Punjab,Gujranwala,Provincial Highway,Average,Dusty/Smoggy,Daylight,Bus/Coach,2,Driver Fatigue,0,0,0,0,2,2,Medium
2023,2,Wednesday,9,KPK,Swat,Urban Road,Poor,Rainy,Daylight,Car/Taxi,2,Over Speeding,1,0,0,1,5,0,Medium
2020,5,Tuesday,5,KPK,Mardan,Rural Road,Under Repair,Clear,No Light,Car/Taxi,2,Wrong Overtaking,0,0,1,0,0,0,Low
2019,5,Saturday,12,Sindh,Hyderabad,National Highway,Good,Clear,Daylight,Rickshaw,1,Wrong Overtaking,1,1,0,0,0,0,Low
2018,4,Friday,13,Punjab,Sialkot,Provincial Highway,Good,Clear,Daylight,Car/Taxi,2,Road Condition,1,0,0,0,0,0,Low
2020,3,Saturday,19,Punjab,Sargodha,Provincial Highway,Average,Clear,Dawn/Dusk,Motorcycle,2,Pedestrian Error,1,1,0,0,1,1,Medium
2023,2,Sunday,19,Punjab,Multan,Rural Road,Good,Foggy,Daylight,Bus/Coach,3,Road Condition,1,1,0,1,2,0,Low
2023,3,Tuesday,8,Punjab,Sargodha,Motorway,Good,Extreme Heat,Daylight,Car/Taxi,1,Over Speeding,1,0,0,0,7,2,High
2023,4,Tuesday,19,Punjab,Lahore,Urban Road,Under Repair,Extreme Heat,Street Light,Car/Taxi,2,Pedestrian Error,1,0,0,0,0,0,Low
2023,5,Monday,20,KPK,Charsadda,Provincial Highway,Good,Clear,No Light,Motorcycle,1,Over Speeding,1,0,0,0,3,1,High
2022,11,Sunday,19,Punjab,Rawalpindi,Provincial Highway,Good,Clear,Dawn/Dusk,Car/Taxi,1,Mechanical Failure,1,1,0,1,2,0,Low
2023,6,Monday,4,KPK,Nowshera,Urban Road,Average,Clear,No Light,Rickshaw,1,Signal Violation,0,0,1,0,0,0,Low
2023,6,Wednesday,19,Sindh,Jacobabad,Urban Road,Average,Clear,No Light,Bus/Coach,2,Signal Violation,1,0,0,0,2,0,Low
2023,6,Thursday,8,KPK,Abbottabad,Rural Road,Under Repair,Clear,Daylight,Car/Taxi,2,Over Speeding,1,0,0,0,0,0,Low
2020,1,Saturday,17,AJK,Muzaffarabad,Urban Road,Good,Clear,Street Light,Motorcycle,1,Road Condition,1,1,0,1,1,0,Medium
2019,1,Saturday,8,Punjab,Faisalabad,National Highway,Poor,Clear,Street Light,Other,4,Road Condition,1,1,0,1,0,0,Low
2022,10,Friday,22,Balochistan,Sibi,Rural Road,Good,Clear,Street Light,Car/Taxi,2,Pedestrian Error,0,0,1,0,0,0,Low
2023,1,Monday,12,Sindh,Mirpur Khas,National Highway,Average,Clear,Daylight,Car/Taxi,1,Driver Fatigue,1,0,0,1,1,0,Medium
2019,9,Thursday,12,KPK,Swat,Urban Road,Good,Foggy,Dawn/Dusk,Bus/Coach,2,Over Speeding,1,0,0,0,1,1,Medium
2022,5,Friday,13,Sindh,Kashmore,National Highway,Poor,Clear,Daylight,Motorcycle,3,Signal Violation,1,0,0,0,4,1,Medium
2023,6,Saturday,8,Sindh,Sukkur,Provincial Highway,Poor,Clear,Dawn/Dusk,Car/Taxi,3,Road Condition,1,1,0,0,2,0,Low
2022,8,Wednesday,8,Punjab,Lahore,Urban Road,Good,Clear,Daylight,Motorcycle,4,Over Speeding,1,0,0,0,5,0,High
2022,8,Thursday,5,Punjab,Sargodha,Motorway,Poor,Clear,Dawn/Dusk,Van/Pickup,1,Over Speeding,0,0,1,0,8,2,High
2022,4,Wednesday,12,Sindh,Sukkur,Provincial Highway,Average,Foggy,Daylight,Truck/Lorry,3,Pedestrian Error,1,0,0,0,4,2,Medium
2019,10,Tuesday,20,Gilgit-Baltistan,Hunza,National Highway,Good,Foggy,No Light,Car/Taxi,2,Over Speeding,1,0,0,0,2,1,High
2018,11,Wednesday,6,KPK,Dera Ismail Khan,Rural Road,Good,Foggy,Street Light,Car/Taxi,2,Road Condition,0,0,0,1,1,0,Low
2023,5,Thursday,10,Punjab,Lahore,Rural Road,Average,Clear,Daylight,Car/Taxi,3,Wrong Overtaking,0,0,0,0,2,0,Low
2020,9,Tuesday,13,KPK,Dera Ismail Khan,Provincial Highway,Average,Rainy,Daylight,Bus/Coach,3,Mobile Phone Use,1,0,0,0,3,1,Medium
2018,5,Tuesday,20,KPK,Dera Ismail Khan,National Highway,Average,Foggy,No Light,Car/Taxi,2,Driver Fatigue,1,0,0,0,4,1,High
2018,4,Monday,18,Punjab,Bahawalpur,Provincial Highway,Good,Extreme Heat,Dawn/Dusk,Motorcycle,2,Road Condition,1,0,0,0,2,1,Medium
2023,1,Thursday,19,Punjab,Bahawalpur,Provincial Highway,Average,Dusty/Smoggy,Dawn/Dusk,Motorcycle,2,Mechanical Failure,1,0,0,1,0,0,Low
2021,3,Tuesday,12,Punjab,Rawalpindi,Motorway,Good,Clear,Daylight,Van/Pickup,2,Mechanical Failure,1,0,0,0,1,1,Low
2019,6,Saturday,10,Balochistan,Dera Bugti,National Highway,Good,Extreme Heat,Daylight,Van/Pickup,2,Over Speeding,0,1,0,0,1,0,Medium
2018,11,Friday,18,KPK,Abbottabad,Provincial Highway,Good,Clear,Street Light,Motorcycle,3,Driver Fatigue,1,0,0,1,11,0,High
2018,2,Monday,18,Punjab,Faisalabad,Rural Road,Poor,Rainy,Daylight,Car/Taxi,3,Mechanical Failure,1,0,0,1,0,1,Low
2023,11,Thursday,18,Punjab,Bahawalpur,Motorway,Poor,Clear,Daylight,Motorcycle,3,Pedestrian Error,1,0,0,1,2,1,Medium
2021,10,Sunday,7,KPK,Bannu,National Highway,Good,Foggy,Daylight,Motorcycle,1,Drunk Driving,1,1,0,0,9,4,High
2021,3,Thursday,12,Islamabad,Islamabad,Urban Road,Good,Clear,Street Light,Rickshaw,2,Road Condition,1,0,0,0,1,0,Low
2023,7,Saturday,22,KPK,Swat,Urban Road,Average,Clear,No Light,Motorcycle,2,Driver Fatigue,0,1,1,0,2,3,High
2021,6,Friday,9,Sindh,Larkana,Provincial Highway,Poor,Foggy,Dawn/Dusk,Van/Pickup,2,Over Speeding,1,0,0,0,4,0,High
2019,4,Tuesday,0,Punjab,Gujranwala,National Highway,Average,Extreme Heat,Street Light,Motorcycle,3,Over Speeding,0,0,1,0,11,2,High
2021,8,Monday,13,Sindh,Sukkur,Provincial Highway,Average,Rainy,Dawn/Dusk,Car/Taxi,4,Signal Violation,1,0,0,0,5,0,Medium
2018,1,Tuesday,12,Punjab,Gujranwala,Provincial Highway,Under Repair,Foggy,Daylight,Bus/Coach,1,Signal Violation,1,0,0,1,1,0,Medium
2022,9,Thursday,8,KPK,Swat,Provincial Highway,Good,Rainy,Daylight,Motorcycle,3,Signal Violation,1,0,0,0,3,1,Medium
2022,2,Sunday,16,Punjab,Bahawalpur,Motorway,Good,Foggy,Dawn/Dusk,Rickshaw,2,Wrong Overtaking,0,1,0,1,4,0,Medium
2020,2,Sunday,12,KPK,Kohat,Provincial Highway,Average,Clear,Daylight,Motorcycle,2,Wrong Overtaking,1,1,0,1,3,1,High
2022,8,Saturday,18,Punjab,Sargodha,National Highway,Average,Extreme Heat,Daylight,Rickshaw,2,Over Speeding,1,1,0,0,7,0,High
2020,8,Saturday,12,KPK,Swat,National Highway,Good,Rainy,Dawn/Dusk,Motorcycle,1,Over Speeding,1,1,0,0,5,0,High
2022,11,Saturday,16,Punjab,Faisalabad,Provincial Highway,Good,Clear,Daylight,Bus/Coach,2,Over Speeding,0,1,0,1,4,1,Medium
2021,1,Thursday,23,Sindh,Thatta,Rural Road,Good,Clear,No Light,Car/Taxi,2,Over Speeding,0,0,1,1,3,0,Medium
2022,11,Sunday,9,Sindh,Larkana,Urban Road,Poor,Clear,Dawn/Dusk,Motorcycle,1,Mechanical Failure,1,1,0,1,1,0,Low
2018,5,Saturday,12,Punjab,Sheikhupura,Rural Road,Average,Foggy,Daylight,Motorcycle,1,Over Speeding,1,1,0,0,4,0,High
2023,10,Saturday,9,Islamabad,Islamabad,Rural Road,Good,Clear,Daylight,Car/Taxi,3,Over Speeding,1,1,0,0,0,0,Low
2022,2,Friday,13,Sindh,Nawabshah,National Highway,Poor,Rainy,Daylight,Car/Taxi,3,Over Speeding,1,0,0,1,7,1,High
2022,9,Tuesday,18,Sindh,Thatta,Provincial Highway,Average,Clear,Dawn/Dusk,Car/Taxi,2,Over Speeding,1,0,0,0,3,0,Medium
2019,11,Monday,18,KPK,Bannu,Urban Road,Good,Dusty/Smoggy,Daylight,Rickshaw,2,Road Condition,1,0,0,1,1,0,Low
2020,11,Saturday,9,Balochistan,Sibi,Provincial Highway,Under Repair,Clear,Daylight,Motorcycle,4,Over Speeding,1,1,0,1,1,1,Medium
2020,4,Saturday,0,Sindh,Dadu,Provincial Highway,Average,Clear,Street Light,Bus/Coach,2,Over Speeding,0,1,1,0,5,0,Medium
2019,1,Wednesday,17,Islamabad,Islamabad,National Highway,Poor,Rainy,Daylight,Car/Taxi,2,Driver Fatigue,1,0,0,1,7,2,High
2019,3,Wednesday,21,Punjab,Sargodha,National Highway,Poor,Clear,No Light,Motorcycle,3,Mechanical Failure,0,0,0,0,7,1,High
2023,5,Sunday,11,Punjab,Rawalpindi,National Highway,Average,Clear,Dawn/Dusk,Rickshaw,2,Mechanical Failure,0,1,0,0,1,0,Low
2022,7,Monday,5,Sindh,Thatta,Urban Road,Good,Foggy,Street Light,Van/Pickup,2,Over Speeding,0,0,1,0,3,1,High
2022,1,Wednesday,9,Punjab,Sargodha,National Highway,Good,Clear,Dawn/Dusk,Car/Taxi,4,Wrong Overtaking,1,0,0,1,3,0,Medium
2020,8,Tuesday,19,Sindh,Dadu,Provincial Highway,Good,Clear,No Light,Car/Taxi,4,Road Condition,1,0,0,0,0,0,Low
2018,4,Saturday,12,Punjab,Gujranwala,Rural Road,Average,Foggy,Street Light,Motorcycle,3,Mobile Phone Use,1,1,0,0,1,0,Medium
2023,8,Monday,6,Punjab,Multan,National Highway,Average,Clear,Dawn/Dusk,Motorcycle,4,Signal Violation,0,0,0,0,4,1,High
2023,11,Sunday,8,KPK,Mardan,Provincial Highway,Poor,Clear,Daylight,Motorcycle,1,Wrong Overtaking,1,1,0,1,4,0,Medium
2019,9,Thursday,1,Sindh,Jacobabad,Urban Road,Average,Rainy,No Light,Car/Taxi,2,Mobile Phone Use,0,0,1,0,1,0,Medium
2019,11,Wednesday,13,Gilgit-Baltistan,Skardu,National Highway,Average,Rainy,No Light,Rickshaw,1,Mechanical Failure,1,0,0,1,2,0,Medium
2021,12,Monday,18,KPK,Mansehra,National Highway,Under Repair,Clear,Daylight,Bus/Coach,2,Mechanical Failure,1,0,0,1,1,0,Low
2022,12,Monday,16,Punjab,Rahim Yar Khan,Rural Road,Good,Clear,Daylight,Car/Taxi,3,Mechanical Failure,0,0,0,1,0,0,Low
2023,5,Monday,18,Punjab,Bahawalpur,Urban Road,Average,Clear,Daylight,Rickshaw,3,Pedestrian Error,1,0,0,0,2,0,Low
2019,12,Friday,7,Punjab,Lahore,Motorway,Good,Clear,Daylight,Bus/Coach,2,Wrong Overtaking,1,0,0,1,8,3,High
2018,4,Tuesday,12,Balochistan,Quetta,Urban Road,Poor,Clear,Daylight,Motorcycle,3,Road Condition,1,0,0,0,1,0,Low
2022,4,Wednesday,20,Punjab,Multan,Provincial Highway,Good,Extreme Heat,No Light,Rickshaw,1,Pedestrian Error,1,0,0,0,2,0,Low
2018,12,Sunday,12,Punjab,Bahawalpur,National Highway,Good,Clear,Daylight,Motorcycle,2,Road Condition,1,1,0,1,8,0,High
2018,10,Wednesday,19,Balochistan,Hub,National Highway,Under Repair,Foggy,Dawn/Dusk,Motorcycle,2,Over Speeding,1,0,0,0,3,4,High
2019,7,Sunday,10,Sindh,Dadu,Urban Road,Good,Foggy,No Light,Motorcycle,1,Pedestrian Error,0,1,0,0,3,0,Medium
2022,7,Monday,22,Punjab,Rawalpindi,Provincial Highway,Poor,Clear,No Light,Car/Taxi,4,Wrong Overtaking,0,0,1,0,2,2,Medium
2021,11,Saturday,17,Punjab,Sialkot,Rural Road,Poor,Foggy,Daylight,Bus/Coach,1,Mechanical Failure,1,1,0,1,1,1,Medium
2019,12,Saturday,14,Balochistan,Zhob,National Highway,Average,Clear,Daylight,Car/Taxi,1,Driver Fatigue,0,1,0,1,1,0,Medium
2018,7,Wednesday,16,Balochistan,Gwadar,Motorway,Poor,Foggy,Daylight,Motorcycle,2,Over Speeding,0,0,0,0,11,1,High