year,month,day_of_week,hour_of_day,province,district,road_type,road_condition,weather_condition,lighting_condition,vehicle_type,vehicles_involved,accident_cause,is_rush_hour,is_weekend,is_night,is_foggy_month,num_injured,num_killed,severity
2020,5,Friday,10,Punjab,Faisalabad,National Highway,Good,Foggy,Daylight,Bus/Coach,2,Over Speeding,0,0,0,0,9,1,High
2021,9,Saturday,18,Sindh,Nawabshah,Rural Road,Good,Rainy,Daylight,Bus/Coach,1,Signal Violation,1,1,0,0,1,0,Medium
2018,8,Friday,19,KPK,Dera Ismail Khan,Rural Road,Poor,Clear,Dawn/Dusk,Motorcycle,3,Wrong Overtaking,1,0,0,0,0,0,Low
2022,6,Monday,16,KPK,Abbottabad,Urban Road,Average,Clear,Daylight,Truck/Lorry,2,Mechanical Failure,0,0,0,0,0,0,Low
2023,11,Tuesday,8,KPK,Charsadda,Motorway,Average,Clear,No Light,Car/Taxi,4,Over Speeding,1,0,0,1,4,0,Medium
2019,12,Thursday,9,Sindh,Hyderabad,National Highway,Good,Rainy,Daylight,Rickshaw,2,Driver Fatigue,1,0,0,1,5,2,High
2018,11,Thursday,12,Balochistan,Khuzdar,Provincial Highway,Good,Foggy,No Light,Motorcycle,2,Driver Fatigue,1,0,0,1,2,1,High
2021,11,Wednesday,9,Punjab,Sheikhupura,National Highway,Good,Foggy,Daylight,Motorcycle,2,Wrong Overtaking,1,0,0,1,9,1,High
2021,2,Saturday,8,Punjab,Faisalabad,Provincial Highway,Average,Clear,Dawn/Dusk,Motorcycle,3,Over Speeding,1,1,0,1,2,0,Medium
2019,4,Tuesday,20,KPK,Dera Ismail Khan,National Highway,Average,Clear,Street Light,Motorcycle,3,Over Speeding,1,0,0,0,3,0,High
2021,6,Friday,9,Sindh,Karachi,Provincial Highway,Good,Extreme Heat,Street Light,Truck/Lorry,2,Over Speeding,1,0,0,0,3,0,Medium
2022,3,Tuesday,1,Balochistan,Khuzdar,National Highway,Good,Clear,Street Light,Motorcycle,2,Wrong Overtaking,0,0,1,0,3,1,High
2023,6,Tuesday,6,Punjab,Rahim Yar Khan,Provincial Highway,Average,Clear,Daylight,Motorcycle,4,Over Speeding,0,0,0,0,4,2,High
2020,11,Friday,12,Balochistan,Zhob,Urban Road,Good,Clear,Street Light,Bus/Coach,2,Over Speeding,1,0,0,1,1,1,Medium
2023,4,Wednesday,18,Punjab,Bahawalpur,Rural Road,Poor,Foggy,Daylight,Car/Taxi,2,Wrong Overtaking,1,0,0,0,5,0,Medium
2023,4,Friday,16,Sindh,Kashmore,Rural Road,Average,Clear,Street Light,Car/Taxi,2,Over Speeding,0,0,0,0,3,0,Medium
2020,2,Thursday,17,Punjab,Gujranwala,Provincial Highway,Good,Clear,Street Light,Rickshaw,1,Mechanical Failure,1,0,0,1,1,0,Low
2019,6,Wednesday,7,Sindh,Hyderabad,Rural Road,Good,Clear,Daylight,Motorcycle,3,Over Speeding,1,0,0,0,1,1,Medium
2023,4,Sunday,13,KPK,Charsadda,Rural Road,Poor,Clear,Street Light,Motorcycle,1,Signal Violation,1,1,0,0,3,1,Medium
2021,5,Saturday,5,Punjab,Faisalabad,Motorway,Good,Foggy,No Light,Car/Taxi,2,Over Speeding,0,1,1,0,5,1,High
2021,12,Friday,20,Punjab,Multan,Provincial Highway,Under Repair,Extreme Heat,Street Light,Motorcycle,4,Drunk Driving,1,0,0,1,2,1,Medium
2019,6,Tuesday,10,Sindh,Dadu,Rural Road,Average,Foggy,Daylight,Car/Taxi,3,Signal Violation,0,0,0,0,2,0,Low
2018,10,Tuesday,7,KPK,Nowshera,National Highway,Average,Extreme Heat,Dawn/Dusk,Van/Pickup,1,Road Condition,1,0,0,0,0,0,Low
2019,4,Wednesday,18,Punjab,Rawalpindi,Urban Road,Average,Foggy,Daylight,Rickshaw,1,Over Speeding,1,0,0,0,2,0,Low
2021,4,Monday,17,Punjab,Lahore,Rural Road,Average,Foggy,Daylight,Truck/Lorry,3,Road Condition,1,0,0,0,1,0,Low
2023,11,Sunday,9,Punjab,Sialkot,Rural Road,Good,Clear,Daylight,Rickshaw,2,Signal Violation,1,1,0,1,1,0,Low
2021,5,Tuesday,5,Islamabad,Islamabad,Rural Road,Average,Clear,Dawn/Dusk,Motorcycle,3,Road Condition,0,0,1,0,4,0,Medium
2020,7,Monday,10,Punjab,Sheikhupura,Rural Road,Good,Clear,Daylight,Bus/Coach,1,Pedestrian Error,0,0,0,0,2,0,Low
2022,1,Friday,10,Punjab,Multan,Urban Road,Average,Clear,Daylight,Car/Taxi,3,Signal Violation,0,0,0,1,0,0,Low
2018,2,Sunday,15,KPK,Nowshera,National Highway,Average,Foggy,Dawn/Dusk,Car/Taxi,1,Over Speeding,0,1,0,1,4,2,High
2023,11,Tuesday,13,KPK,Abbottabad,Provincial Highway,Good,Clear,Daylight,Van/Pickup,3,Driver Fatigue,1,0,0,1,5,1,Medium
2023,8,Wednesday,10,Punjab,Lahore,National Highway,Average,Clear,Daylight,Motorcycle,3,Signal Violation,0,0,0,0,4,0,High
2019,1,Thursday,13,AJK,Muzaffarabad,Provincial Highway,Good,Rainy,Street Light,Truck/Lorry,3,Over Speeding,1,0,0,1,3,0,Medium
2023,10,Saturday,19,Sindh,Mirpur Khas,Rural Road,Average,Clear,Street Light,Motorcycle,4,Signal Violation,1,1,0,0,0,0,Low
2023,12,Saturday,17,Sindh,Karachi,Urban Road,Average,Clear,Daylight,Motorcycle,2,Road Condition,1,1,0,1,1,1,Medium
2023,4,Wednesday,8,Punjab,Faisalabad,National Highway,Good,Clear,Daylight,Motorcycle,2,Over Speeding,1,0,0,0,10,2,High
2019,4,Wednesday,13,Balochistan,Loralai,National Highway,Poor,Clear,No Light,Motorcycle,2,Signal Violation,1,0,0,0,1,2,Medium
2018,7,Saturday,15,Punjab,Lahore,Rural Road,Good,Clear,Street Light,Truck/Lorry,3,Road Condition,0,1,0,0,2,0,Low
2019,7,Thursday,9,Punjab,Sialkot,Provincial Highway,Average,Rainy,Daylight,Truck/Lorry,1,Wrong Overtaking,1,0,0,0,4,1,High
2022,6,Monday,12,Punjab,Sargodha,National Highway,Average,Clear,Daylight,Rickshaw,2,Over Speeding,1,0,0,0,10,1,High
2023,11,Tuesday,16,KPK,Swat,Rural Road,Average,Rainy,Daylight,Motorcycle,1,Wrong Overtaking,0,0,0,1,4,2,Medium
2019,11,Thursday,18,Sindh,Larkana,National Highway,Poor,Clear,Street Light,Motorcycle,3,Road Condition,1,0,0,1,1,1,Medium
2023,3,Friday,6,Sindh,Hyderabad,National Highway,Average,Clear,Dawn/Dusk,Truck/Lorry,2,Driver Fatigue,0,0,0,0,3,2,High
2020,7,Sunday,6,Punjab,Gujranwala,Urban Road,Poor,Clear,Daylight,Motorcycle,2,Drunk Driving,0,1,0,0,4,0,Medium
2023,6,Friday,21,Sindh,Jacobabad,Urban Road,Poor,Clear,No Light,Truck/Lorry,2,Over Speeding,0,0,0,0,2,0,Low
2023,8,Thursday,14,KPK,Swat,Provincial Highway,Good,Clear,Daylight,Bicycle,4,Wrong Overtaking,0,0,0,0,2,1,Medium
2019,4,Thursday,8,Punjab,Bahawalpur,National Highway,Average,Foggy,Daylight,Motorcycle,2,Over Speeding,1,0,0,0,8,1,High
2021,5,Thursday,18,KPK,Charsadda,National Highway,Average,Clear,Daylight,Motorcycle,2,Over Speeding,1,0,0,0,7,1,High
2021,6,Wednesday,5,Punjab,Sargodha,National Highway,Poor,Foggy,Dawn/Dusk,Motorcycle,2,Over Speeding,0,0,1,0,3,0,High
2020,8,Friday,21,KPK,Abbottabad,Urban Road,Average,Foggy,No Light,Motorcycle,2,Signal Violation,0,0,0,0,10,2,High
2020,4,Saturday,8,Punjab,Rahim Yar Khan,Rural Road,Under Repair,Clear,Daylight,Bus/Coach,2,Mobile Phone Use,1,1,0,0,0,0,Low
2019,6,Wednesday,12,Sindh,Dadu,Urban Road,Average,Foggy,Daylight,Motorcycle,2,Road Condition,1,0,0,0,1,0,Low
2023,7,Thursday,11,Islamabad,Islamabad,Urban Road,Good,Rainy,Daylight,Motorcycle,1,Pedestrian Error,0,0,0,0,2,0,Medium
2018,4,Monday,10,AJK,Muzaffarabad,Motorway,Good,Dusty/Smoggy,Dawn/Dusk,Car/Taxi,3,Wrong Overtaking,0,0,0,0,0,0,Low
2020,6,Thursday,7,Punjab,Bahawalpur,National Highway,Good,Dusty/Smoggy,Daylight,Car/Taxi,2,Signal Violation,1,0,0,0,5,1,Medium
2021,11,Tuesday,20,Sindh,Kashmore,National Highway,Average,Clear,No Light,Van/Pickup,2,Over Speeding,1,0,0,1,1,0,Medium
2019,3,Thursday,13,Punjab,Lahore,Provincial Highway,Good,Clear,Daylight,Car/Taxi,1,Over Speeding,1,0,0,0,4,0,Medium
2023,5,Friday,15,Balochistan,Sibi,National Highway,Good,Dusty/Smoggy,Daylight,Car/Taxi,1,Over Speeding,0,0,0,0,2,0,Medium
2019,1,Sunday,11,Sindh,Jacobabad,National Highway,Average,Clear,Daylight,Motorcycle,2,Road Condition,0,1,0,1,11,1,High
2018,4,Saturday,7,Punjab,Rahim Yar Khan,Provincial Highway,Average,Foggy,Daylight,Van/Pickup,2,Over Speeding,1,1,0,0,1,0,Medium
2019,1,Friday,20,Punjab,Rahim Yar Khan,Urban Road,Poor,Rainy,Street Light,Truck/Lorry,1,Mechanical Failure,1,0,0,1,5,0,Medium
2023,3,Tuesday,8,Islamabad,Islamabad,National Highway,Average,Dusty/Smoggy,Daylight,Van/Pickup,3,Wrong Overtaking,1,0,0,0,4,0,Medium
2018,1,Monday,4,Sindh,Larkana,Urban Road,Good,Foggy,No Light,Motorcycle,2,Pedestrian Error,0,0,1,1,2,2,High
2023,7,Sunday,16,Punjab,Gujranwala,National Highway,Good,Foggy,Daylight,Motorcycle,2,Mechanical Failure,0,1,0,0,11,0,High
2022,12,Sunday,9,Punjab,Sargodha,Provincial Highway,Under Repair,Rainy,Daylight,Bus/Coach,2,Signal Violation,1,1,0,1,2,0,High
2021,1,Monday,18,Punjab,Bahawalpur,National Highway,Poor,Clear,Daylight,Motorcycle,2,Pedestrian Error,1,0,0,1,4,1,Medium
2018,3,Monday,14,Sindh,Larkana,Provincial Highway,Good,Clear,Daylight,Truck/Lorry,2,Over Speeding,0,0,0,0,1,0,Medium
2021,12,Monday,10,Islamabad,Islamabad,Provincial Highway,Good,Dusty/Smoggy,Daylight,Motorcycle,3,Driver Fatigue,0,0,0,1,3,1,Medium
2023,8,Monday,10,Balochistan,Loralai,Provincial Highway,Good,Clear,Daylight,Car/Taxi,1,Pedestrian Error,0,0,0,0,0,0,Low
2023,6,Friday,8,Sindh,Nawabshah,Rural Road,Average,Dusty/Smoggy,No Light,Car/Taxi,2,Road Condition,1,0,0,0,2,0,Low
2021,4,Tuesday,0,KPK,Bannu,Provincial Highway,Average,Clear,Street Light,Car/Taxi,1,Wrong Overtaking,0,0,1,0,1,0,Medium
2018,10,Wednesday,12,Sindh,Larkana,National Highway,Average,Extreme Heat,Daylight,Motorcycle,2,Driver Fatigue,1,0,0,0,10,1,High
2018,12,Sunday,5,Punjab,Multan,Rural Road,Good,Clear,Street Light,Motorcycle,2,Over Speeding,0,1,1,1,3,0,Medium
2020,2,Saturday,18,AJK,Muzaffarabad,Provincial Highway,Good,Clear,Daylight,Car/Taxi,2,Over Speeding,1,1,0,1,1,0,Medium
2021,11,Friday,13,Punjab,Rawalpindi,Motorway,Poor,Clear,No Light,Rickshaw,1,Wrong Overtaking,1,0,0,1,0,0,Low
2019,7,Monday,14,Punjab,Bahawalpur,Provincial Highway,Good,Rainy,Daylight,Car/Taxi,2,Over Speeding,0,0,0,0,1,2,Medium
2021,9,Friday,22,AJK,Rawalakot,Rural Road,Good,Clear,Street Light,Car/Taxi,1,Over Speeding,0,0,1,0,2,0,Low
2022,12,Friday,19,Punjab,Bahawalpur,National Highway,Poor,Clear,Dawn/Dusk,Motorcycle,2,Over Speeding,1,0,0,1,8,1,High
2018,6,Tuesday,8,KPK,Swat,National Highway,Average,Rainy,Daylight,Car/Taxi,3,Over Speeding,1,0,0,0,5,0,Medium
2018,4,Saturday,16,Islamabad,Islamabad,National Highway,Average,Clear,Daylight,Car/Taxi,3,Signal Violation,0,1,0,0,2,2,Medium
2018,5,Friday,19,Sindh,Sukkur,Provincial Highway,Good,Rainy,No Light,Bus/Coach,4,Road Condition,1,0,0,0,2,0,Medium
2022,5,Thursday,14,Punjab,Sialkot,Provincial Highway,Average,Clear,Daylight,Motorcycle,4,Driver Fatigue,0,0,0,0,3,2,High
2022,8,Sunday,19,Punjab,Sheikhupura,Urban Road,Average,Clear,No Light,Motorcycle,1,Signal Violation,1,1,0,0,2,0,Medium
2022,4,Saturday,13,Punjab,Bahawalpur,National Highway,Good,Clear,Daylight,Van/Pickup,3,Over Speeding,1,1,0,0,1,0,Medium
2020,8,Sunday,1,Punjab,Sargodha,Rural Road,Average,Clear,Street Light,Car/Taxi,2,Pedestrian Error,0,1,1,0,0,0,Low
2022,12,Wednesday,9,KPK,Nowshera,National Highway,Good,Extreme Heat,Daylight,Bus/Coach,2,Signal Violation,1,0,0,1,2,0,Medium
2021,5,Tuesday,20,Sindh,Mirpur Khas,Rural Road,Good,Clear,No Light,Motorcycle,2,Signal Violation,1,0,0,0,5,0,Medium
2021,2,Friday,10,Sindh,Hyderabad,Urban Road,Good,Clear,Daylight,Motorcycle,2,Over Speeding,0,0,0,1,4,4,High
2022,3,Friday,17,Sindh,Dadu,National Highway,Average,Rainy,Daylight,Rickshaw,3,Mechanical Failure,1,0,0,0,2,0,Low
2022,7,Tuesday,6,Sindh,Sukkur,National Highway,Good,Rainy,No Light,Van/Pickup,2,Mobile Phone Use,0,0,0,0,1,0,Medium
2021,8,Wednesday,11,Balochistan,Sibi,Rural Road,Average,Clear,Daylight,Motorcycle,1,Road Condition,0,0,0,0,3,0,Medium
2022,10,Tuesday,6,Punjab,Rahim Yar Khan,Provincial Highway,Average,Clear,Daylight,Rickshaw,2,Road Condition,0,0,0,0,0,0,Low
2018,2,Saturday,12,KPK,Mardan,Rural Road,Good,Foggy,Dawn/Dusk,Motorcycle,3,Drunk Driving,1,1,0,1,1,0,Medium
2018,7,Wednesday,12,Sindh,Karachi,Motorway,Average,Foggy,Daylight,Motorcycle,1,Over Speeding,1,0,0,0,2,2,High
2020,8,Saturday,3,Punjab,Rahim Yar Khan,Rural Road,Average,Rainy,No Light,Motorcycle,4,Road Condition,0,1,1,0,8,1,High
2022,10,Wednesday,11,Punjab,Sargodha,Urban Road,Average,Clear,Daylight,Car/Taxi,2,Road Condition,0,0,0,0,2,0,Low
2022,6,Wednesday,9,Punjab,Lahore,Urban Road,Average,Foggy,Daylight,Car/Taxi,2,Over Speeding,1,0,0,0,1,0,Medium
2022,12,Tuesday,6,Sindh,Thatta,National Highway,Good,Extreme Heat,Dawn/Dusk,Motorcycle,2,Mechanical Failure,0,0,0,1,4,0,Medium
2021,8,Friday,8,Punjab,Rawalpindi,National Highway,Good,Clear,Daylight,Motorcycle,2,Signal Violation,1,0,0,0,5,4,High
2020,10,Wednesday,9,Islamabad,Islamabad,Provincial Highway,Poor,Clear,Daylight,Car/Taxi,2,Drunk Driving,1,0,0,0,1,1,Medium
2022,1,Thursday,14,Sindh,Sukkur,Rural Road,Good,Clear,Daylight,Van/Pickup,2,Pedestrian Error,0,0,0,1,0,0,Low
2022,5,Wednesday,18,Islamabad,Islamabad,National Highway,Average,Clear,Daylight,Motorcycle,2,Drunk Driving,1,0,0,0,2,1,High
2023,5,Sunday,9,Punjab,Sheikhupura,Rural Road,Good,Foggy,Street Light,Rickshaw,3,Driver Fatigue,1,1,0,0,1,0,Medium
2018,5,Thursday,12,Punjab,Lahore,Provincial Highway,Poor,Clear,Daylight,Motorcycle,4,Mobile Phone Use,1,0,0,0,3,1,Medium
2020,7,Wednesday,8,Punjab,Sargodha,National Highway,Good,Clear,No Light,Bicycle,1,Wrong Overtaking,1,0,0,0,5,1,High
2020,11,Thursday,9,Punjab,Faisalabad,National Highway,Poor,Foggy,Daylight,Car/Taxi,1,Over Speeding,1,0,0,1,5,0,Medium
2023,12,Monday,16,Balochistan,Khuzdar,Motorway,Good,Clear,Daylight,Car/Taxi,1,Driver Fatigue,0,0,0,1,3,0,Medium
2021,11,Sunday,13,Punjab,Rahim Yar Khan,Rural Road,Under Repair,Dusty/Smoggy,Daylight,Rickshaw,1,Pedestrian Error,1,1,0,1,2,0,Low
2020,12,Wednesday,10,Sindh,Thatta,Rural Road,Average,Rainy,Daylight,Rickshaw,1,Pedestrian Error,0,0,0,1,1,0,Low
2021,6,Saturday,8,Punjab,Rawalpindi,Provincial Highway,Good,Rainy,Daylight,Car/Taxi,2,Signal Violation,1,1,0,0,1,0,Low
2021,6,Wednesday,11,Punjab,Faisalabad,National Highway,Average,Foggy,Daylight,Motorcycle,4,Wrong Overtaking,0,0,0,0,6,2,High
2021,7,Sunday,12,KPK,Nowshera,Rural Road,Average,Foggy,Dawn/Dusk,Motorcycle,1,Over Speeding,1,1,0,0,5,1,High
2019,12,Saturday,17,Sindh,Sukkur,Provincial Highway,Poor,Dusty/Smoggy,Dawn/Dusk,Car/Taxi,1,Road Condition,1,1,0,1,0,0,Low
2022,3,Saturday,22,KPK,Charsadda,Urban Road,Good,Dusty/Smoggy,No Light,Motorcycle,2,Drunk Driving,0,1,1,0,2,1,High
2019,4,Monday,10,Punjab,Multan,Urban Road,Good,Clear,Daylight,Car/Taxi,2,Wrong Overtaking,0,0,0,0,1,0,Low
2019,11,Friday,10,Islamabad,Islamabad,National Highway,Good,Foggy,Daylight,Car/Taxi,3,Pedestrian Error,0,0,0,1,3,0,Medium
2019,6,Thursday,6,KPK,Mansehra,National Highway,Average,Clear,Daylight,Bus/Coach,1,Signal Violation,0,0,0,0,5,0,Medium
2019,12,Thursday,18,Sindh,Thatta,Rural Road,Average,Clear,Street Light,Bus/Coach,2,Over Speeding,1,0,0,1,4,0,Medium
2023,6,Monday,19,Sindh,Larkana,Provincial Highway,Good,Foggy,Street Light,Bus/Coach,3,Wrong Overtaking,1,0,0,0,1,1,Medium
2018,1,Thursday,16,Balochistan,Hub,National Highway,Good,Clear,Street Light,Bus/Coach,3,Weather Condition,0,0,0,1,3,0,Medium
2023,11,Thursday,3,Sindh,Sukkur,Motorway,Under Repair,Rainy,Street Light,Car/Taxi,3,Wrong Overtaking,0,0,1,1,5,2,High
2020,6,Tuesday,9,KPK,Swat,Urban Road,Good,Rainy,No Light,Rickshaw,2,Pedestrian Error,1,0,0,0,1,0,Low
2018,11,Tuesday,8,Punjab,Rahim Yar Khan,Provincial Highway,Average,Clear,Daylight,Van/Pickup,2,Over Speeding,1,0,0,1,0,0,Low
2023,5,Thursday,17,Punjab,Bahawalpur,Rural Road,Average,Foggy,Daylight,Motorcycle,2,Wrong Overtaking,1,0,0,0,2,0,Medium
2018,4,Friday,8,KPK,Nowshera,National Highway,Good,Clear,Daylight,Motorcycle,3,Drunk Driving,1,0,0,0,5,2,High
2021,11,Wednesday,19,Sindh,Nawabshah,Motorway,Good,Rainy,Dawn/Dusk,Bicycle,2,Signal Violation,1,0,0,1,6,2,High
2023,6,Saturday,10,Sindh,Mirpur Khas,National Highway,Good,Clear,Dawn/Dusk,Bicycle,1,Mechanical Failure,0,1,0,0,3,1,High
2021,12,Sunday,23,Sindh,Dadu,Urban Road,Good,Clear,No Light,Rickshaw,3,Signal Violation,0,1,1,1,3,1,Medium
2023,2,Tuesday,4,Punjab,Multan,Rural Road,Poor,Clear,No Light,Other,1,Over Speeding,0,0,1,1,3,0,Medium
2023,6,Sunday,18,KPK,Abbottabad,National Highway,Good,Foggy,Dawn/Dusk,Car/Taxi,1,Wrong Overtaking,1,1,0,0,4,0,Medium
2018,12,Saturday,19,Islamabad,Islamabad,National Highway,Under Repair,Clear,Dawn/Dusk,Car/Taxi,3,Signal Violation,1,1,0,1,3,0,Medium
2021,5,Monday,17,Balochistan,Zhob,Urban Road,Good,Foggy,Daylight,Motorcycle,2,Signal Violation,1,0,0,0,3,0,Medium
2020,9,Wednesday,15,Punjab,Faisalabad,National Highway,Good,Clear,Street Light,Motorcycle,2,Mechanical Failure,0,0,0,0,4,1,Medium
2019,8,Sunday,16,Punjab,Sheikhupura,Urban Road,Good,Clear,Daylight,Rickshaw,1,Wrong Overtaking,0,1,0,0,0,0,Low
2020,6,Friday,10,KPK,Mansehra,Provincial Highway,Poor,Clear,Daylight,Car/Taxi,2,Over Speeding,0,0,0,0,3,0,Medium
2019,5,Saturday,12,Sindh,Sukkur,Motorway,Good,Dusty/Smoggy,Daylight,Motorcycle,1,Signal Violation,1,1,0,0,9,1,High
2022,6,Saturday,9,Sindh,Hyderabad,National Highway,Average,Extreme Heat,Daylight,Rickshaw,1,Over Speeding,1,1,0,0,2,2,Medium
2022,11,Monday,10,Islamabad,Islamabad,Rural Road,Average,Clear,Daylight,Car/Taxi,2,Over Speeding,0,0,0,1,1,0,Low
2018,6,Wednesday,20,Sindh,Dadu,National Highway,Under Repair,Clear,Street Light,Motorcycle,1,Over Speeding,1,0,0,0,2,0,High
2020,9,Monday,9,Sindh,Kashmore,Provincial Highway,Poor,Clear,No Light,Motorcycle,3,Over Speeding,1,0,0,0,10,2,High
2021,2,Thursday,20,Punjab,Rawalpindi,Urban Road,Good,Clear,No Light,Car/Taxi,3,Signal Violation,1,0,0,1,2,0,Low
2022,1,Sunday,16,Punjab,Sialkot,National Highway,Good,Clear,Daylight,Motorcycle,2,Over Speeding,0,1,0,1,11,4,High
2020,7,Sunday,16,Punjab,Sheikhupura,Urban Road,Under Repair,Rainy,Daylight,Truck/Lorry,2,Signal Violation,0,1,0,0,1,0,Low
2023,10,Friday,10,Balochistan,Khuzdar,Motorway,Average,Foggy,Daylight,Car/Taxi,1,Over Speeding,0,0,0,0,2,1,High
2019,8,Saturday,9,Punjab,Sheikhupura,Rural Road,Good,Clear,Daylight,Van/Pickup,3,Over Speeding,1,1,0,0,2,1,Low
2021,12,Wednesday,12,Sindh,Hyderabad,Motorway,Good,Clear,Dawn/Dusk,Truck/Lorry,2,Pedestrian Error,1,0,0,1,2,0,Low
2021,8,Friday,21,Balochistan,Gwadar,National Highway,Average,Dusty/Smoggy,Street Light,Truck/Lorry,1,Drunk Driving,0,0,0,0,2,1,High
2023,7,Saturday,22,Sindh,Kashmore,Urban Road,Average,Dusty/Smoggy,No Light,Motorcycle,3,Signal Violation,0,1,1,0,4,3,High
2020,3,Wednesday,7,Sindh,Sukkur,Rural Road,Poor,Extreme Heat,Daylight,Car/Taxi,2,Over Speeding,1,0,0,0,5,0,Medium
2021,1,Wednesday,17,Punjab,Sargodha,Rural Road,Good,Rainy,Daylight,Bus/Coach,1,Mechanical Failure,1,0,0,1,1,0,Low
2023,5,Sunday,12,KPK,Swat,Provincial Highway,Good,Clear,Daylight,Motorcycle,2,Road Condition,1,1,0,0,2,0,Medium
2022,4,Thursday,3,Punjab,Multan,National Highway,Good,Rainy,No Light,Van/Pickup,3,Road Condition,0,0,1,0,2,0,Medium
2023,7,Friday,5,Punjab,Lahore,Urban Road,Good,Foggy,Street Light,Van/Pickup,1,Signal Violation,0,0,1,0,5,1,Medium
2020,10,Wednesday,18,Punjab,Rahim Yar Khan,Rural Road,Good,Clear,Dawn/Dusk,Car/Taxi,3,Wrong Overtaking,1,0,0,0,0,0,Low
2023,2,Thursday,0,Punjab,Rawalpindi,National Highway,Poor,Clear,No Light,Rickshaw,1,Over Speeding,0,0,1,1,2,1,High
2020,11,Saturday,12,Punjab,Gujranwala,National Highway,Poor,Clear,Daylight,Rickshaw,1,Drunk Driving,1,1,0,1,5,0,Medium
2019,6,Thursday,7,KPK,Kohat,Rural Road,Good,Clear,Street Light,Motorcycle,2,Wrong Overtaking,1,0,0,0,0,0,Low
2020,9,Tuesday,23,Punjab,Multan,Rural Road,Good,Clear,Street Light,Bus/Coach,2,Wrong Overtaking,0,0,1,0,2,2,Medium
2022,4,Thursday,4,KPK,Nowshera,National Highway,Average,Clear,No Light,Motorcycle,2,Pedestrian Error,0,0,1,0,3,2,High
2020,11,Tuesday,7,Punjab,Rahim Yar Khan,Urban Road,Good,Foggy,Daylight,Bus/Coach,2,Pedestrian Error,1,0,0,1,2,2,Medium
2022,12,Thursday,21,Punjab,Rahim Yar Khan,Rural Road,Good,Clear,No Light,Motorcycle,2,Pedestrian Error,0,0,0,1,0,0,Low
2019,8,Tuesday,10,Sindh,Larkana,National Highway,Average,Clear,Daylight,Motorcycle,4,Over Speeding,0,0,0,0,11,2,High
2023,12,Monday,10,Islamabad,Islamabad,Provincial Highway,Good,Foggy,Street Light,Bus/Coach,2,Over Speeding,0,0,0,1,2,0,Medium
2020,12,Monday,21,Balochistan,Loralai,Provincial Highway,Poor,Clear,No Light,Rickshaw,1,Wrong Overtaking,0,0,0,1,4,0,Medium
2021,3,Sunday,8,Islamabad,Islamabad,Provincial Highway,Good,Foggy,Daylight,Motorcycle,2,Signal Violation,1,1,0,0,1,1,Medium
2020,4,Wednesday,22,Sindh,Nawabshah,Provincial Highway,Good,Rainy,Street Light,Motorcycle,1,Pedestrian Error,0,0,1,0,4,0,High
2021,2,Friday,12,KPK,Mansehra,Motorway,Poor,Clear,Daylight,Truck/Lorry,2,Wrong Overtaking,1,0,0,1,1,2,Medium
2022,7,Saturday,12,Sindh,Mirpur Khas,Urban Road,Average,Clear,Daylight,Car/Taxi,2,Signal Violation,1,1,0,0,2,0,Low
2021,10,Tuesday,21,Sindh,Thatta,Urban Road,Under Repair,Rainy,Street Light,Car/Taxi,1,Signal Violation,0,0,0,0,0,0,Low
2023,9,Saturday,6,Punjab,Sheikhupura,National Highway,Good,Foggy,Street Light,Rickshaw,1,Over Speeding,0,1,0,0,2,0,Medium
2023,10,Wednesday,8,Sindh,Dadu,Provincial Highway,Average,Clear,Daylight,Motorcycle,1,Driver Fatigue,1,0,0,0,10,0,High
2019,5,Monday,19,Punjab,Sialkot,Rural Road,Under Repair,Clear,Dawn/Dusk,Car/Taxi,3,Mechanical Failure,1,0,0,0,2,0,Low
2018,7,Tuesday,7,Sindh,Mirpur Khas,Urban Road,Good,Clear,Dawn/Dusk,Car/Taxi,2,Wrong Overtaking,1,0,0,0,2,0,Low
2023,11,Monday,10,Sindh,Karachi,National Highway,Good,Foggy,No Light,Car/Taxi,2,Wrong Overtaking,0,0,0,1,11,2,High
2022,12,Sunday,18,Punjab,Rawalpindi,Rural Road,Poor,Clear,Daylight,Motorcycle,2,Over Speeding,1,1,0,1,1,2,Medium
2018,6,Saturday,12,Punjab,Bahawalpur,National Highway,Average,Dusty/Smoggy,Daylight,Motorcycle,2,Driver Fatigue,1,1,0,0,5,0,High
2022,1,Friday,16,Punjab,Lahore,Motorway,Average,Clear,Daylight,Bus/Coach,1,Over Speeding,0,0,0,1,3,2,Medium
2023,1,Tuesday,12,AJK,Muzaffarabad,Urban Road,Poor,Clear,Daylight,Motorcycle,1,Over Speeding,1,0,0,1,4,0,Medium
2021,11,Thursday,16,Punjab,Bahawalpur,Motorway,Under Repair,Foggy,Daylight,Car/Taxi,2,Driver Fatigue,0,0,0,1,11,0,High
2018,10,Monday,22,Punjab,Sargodha,Rural Road,Average,Clear,No Light,Motorcycle,3,Drunk Driving,0,0,1,0,5,0,Medium
2022,8,Monday,8,Balochistan,Turbat,Rural Road,Average,Foggy,Daylight,Motorcycle,3,Wrong Overtaking,1,0,0,0,3,0,Medium
2018,4,Saturday,14,Sindh,Nawabshah,Provincial Highway,Poor,Clear,Daylight,Bicycle,2,Signal Violation,0,1,0,0,3,1,High
2020,4,Thursday,22,Punjab,Sheikhupura,Rural Road,Good,Clear,No Light,Bus/Coach,4,Wrong Overtaking,0,0,1,0,2,0,Low