year,month,day_of_week,hour_of_day,province,district,road_type,road_condition,weather_condition,lighting_condition,vehicle_type,vehicles_involved,accident_cause,is_rush_hour,is_weekend,is_night,is_foggy_month,num_injured,num_killed,severity
2021,11,Friday,8,Punjab,Bahawalpur,National Highway,Poor,Clear,Dawn/Dusk,Car/Taxi,1,Mechanical Failure,1,0,0,1,1,0,Medium
2023,11,Sunday,7,Punjab,Sialkot,National Highway,Good,Rainy,Daylight,Car/Taxi,4,Road Condition,1,1,0,1,1,0,Low
2023,11,Monday,17,Punjab,Faisalabad,Rural Road,Good,Rainy,Daylight,Motorcycle,1,Mobile Phone Use,1,0,0,1,2,0,Medium
2022,2,Wednesday,23,Punjab,Rawalpindi,Urban Road,Average,Foggy,No Light,Car/Taxi,2,Road Condition,0,0,1,1,0,0,Low
2019,11,Friday,2,Sindh,Sukkur,National Highway,Good,Rainy,Street Light,Van/Pickup,2,Wrong Overtaking,0,0,1,1,11,3,High
2018,8,Wednesday,12,KPK,Bannu,Provincial Highway,Good,Rainy,Daylight,Motorcycle,3,Mobile Phone Use,1,0,0,0,4,0,High
2021,10,Friday,19,Sindh,Dadu,Urban Road,Poor,Rainy,Dawn/Dusk,Car/Taxi,1,Over Speeding,1,0,0,0,1,0,Low
2023,2,Saturday,7,Sindh,Mirpur Khas,Rural Road,Poor,Extreme Heat,Daylight,Truck/Lorry,2,Over Speeding,1,1,0,1,1,0,Low
2019,4,Tuesday,17,Punjab,Gujranwala,Rural Road,Poor,Foggy,Daylight,Motorcycle,4,Over Speeding,1,0,0,0,4,2,High
2020,6,Saturday,13,Punjab,Bahawalpur,National Highway,Good,Clear,Daylight,Motorcycle,2,Signal Violation,1,1,0,0,3,1,Medium
2023,8,Wednesday,13,Balochistan,Khuzdar,National Highway,Average,Clear,Street Light,Motorcycle,2,Over Speeding,1,0,0,0,3,1,High
2018,10,Tuesday,20,Punjab,Sheikhupura,National Highway,Average,Extreme Heat,No Light,Motorcycle,2,Mobile Phone Use,1,0,0,0,3,0,Medium
2018,12,Thursday,13,Balochistan,Hub,Provincial Highway,Poor,Clear,Daylight,Car/Taxi,2,Over Speeding,1,0,0,1,0,0,Low
2020,2,Tuesday,12,Sindh,Dadu,Rural Road,Average,Clear,Daylight,Rickshaw,2,Wrong Overtaking,1,0,0,1,1,0,Low
2023,1,Thursday,14,KPK,Dera Ismail Khan,National Highway,Under Repair,Foggy,Daylight,Van/Pickup,2,Road Condition,0,0,0,1,2,0,Low
2022,2,Tuesday,11,Punjab,Sheikhupura,Rural Road,Average,Foggy,Daylight,Rickshaw,1,Drunk Driving,0,0,0,1,0,0,Low
2020,1,Friday,16,Punjab,Multan,Urban Road,Good,Clear,No Light,Motorcycle,2,Drunk Driving,0,0,0,1,2,0,High
2021,8,Tuesday,13,KPK,Mardan,Motorway,Good,Rainy,Daylight,Rickshaw,2,Road Condition,1,0,0,0,4,0,Medium
2018,2,Tuesday,8,KPK,Nowshera,National Highway,Under Repair,Clear,Daylight,Car/Taxi,2,Drunk Driving,1,0,0,1,1,0,Medium
2020,8,Tuesday,21,Punjab,Lahore,Urban Road,Good,Foggy,Street Light,Rickshaw,1,Wrong Overtaking,0,0,0,0,0,0,Low
2021,1,Saturday,21,AJK,Rawalakot,National Highway,Good,Extreme Heat,No Light,Car/Taxi,1,Over Speeding,0,1,0,1,3,0,Medium
2022,12,Wednesday,9,Punjab,Lahore,National Highway,Good,Clear,Daylight,Car/Taxi,2,Wrong Overtaking,1,0,0,1,0,0,Low
2018,6,Sunday,10,Punjab,Gujranwala,Urban Road,Average,Dusty/Smoggy,Daylight,Truck/Lorry,2,Drunk Driving,0,1,0,0,2,0,Low
2018,3,Friday,9,Sindh,Karachi,Motorway,Average,Clear,Daylight,Van/Pickup,2,Signal Violation,1,0,0,0,4,1,Medium
2023,3,Wednesday,5,KPK,Charsadda,Provincial Highway,Good,Clear,Street Light,Car/Taxi,2,Road Condition,0,0,1,0,1,0,Low
2019,3,Tuesday,10,Islamabad,Islamabad,Urban Road,Average,Foggy,Daylight,Van/Pickup,2,Wrong Overtaking,0,0,0,0,1,0,Low
2023,5,Saturday,17,Punjab,Lahore,National Highway,Average,Clear,Daylight,Car/Taxi,4,Pedestrian Error,1,1,0,0,1,0,Medium
2022,6,Friday,12,Punjab,Sialkot,National Highway,Poor,Clear,Daylight,Car/Taxi,3,Road Condition,1,0,0,0,1,0,Medium
2019,9,Monday,21,Sindh,Karachi,National Highway,Poor,Extreme Heat,Street Light,Motorcycle,1,Wrong Overtaking,0,0,0,0,9,4,High
2020,1,Saturday,12,Punjab,Faisalabad,Urban Road,Good,Clear,No Light,Car/Taxi,2,Wrong Overtaking,1,1,0,1,0,0,Low
2018,12,Wednesday,13,Sindh,Larkana,Rural Road,Average,Foggy,Daylight,Motorcycle,2,Weather Condition,1,0,0,1,4,2,Medium
2021,7,Thursday,16,Sindh,Thatta,Provincial Highway,Average,Foggy,Daylight,Bicycle,2,Over Speeding,0,0,0,0,10,0,High
2022,4,Wednesday,7,Punjab,Rawalpindi,Urban Road,Poor,Foggy,Daylight,Car/Taxi,2,Over Speeding,1,0,0,0,5,1,Medium
2020,11,Monday,6,Sindh,Thatta,Provincial Highway,Under Repair,Rainy,Daylight,Truck/Lorry,2,Over Speeding,0,0,0,1,10,1,High
2019,6,Friday,10,Sindh,Jacobabad,Rural Road,Good,Rainy,Daylight,Truck/Lorry,1,Wrong Overtaking,0,0,0,0,3,1,Medium
2020,8,Thursday,12,KPK,Mansehra,National Highway,Average,Rainy,Daylight,Van/Pickup,1,Mobile Phone Use,1,0,0,0,4,2,Medium
2021,5,Friday,19,Sindh,Kashmore,Urban Road,Average,Rainy,Dawn/Dusk,Motorcycle,1,Driver Fatigue,1,0,0,0,10,2,High
2019,7,Saturday,10,Punjab,Lahore,Rural Road,Average,Clear,Daylight,Rickshaw,3,Drunk Driving,0,1,0,0,1,0,Low
2019,9,Sunday,13,Punjab,Sialkot,National Highway,Good,Clear,Daylight,Motorcycle,2,Drunk Driving,1,1,0,0,4,4,High
2023,11,Friday,8,Punjab,Sialkot,National Highway,Good,Foggy,Daylight,Car/Taxi,3,Driver Fatigue,1,0,0,1,11,2,High
2022,12,Wednesday,21,Punjab,Rahim Yar Khan,National Highway,Average,Foggy,No Light,Motorcycle,3,Over Speeding,0,0,0,1,5,1,High
2019,7,Monday,21,Sindh,Thatta,Urban Road,Good,Foggy,No Light,Motorcycle,2,Signal Violation,0,0,0,0,6,4,High
2019,6,Saturday,14,Gilgit-Baltistan,Hunza,Rural Road,Good,Foggy,Daylight,Motorcycle,1,Road Condition,0,1,0,0,1,0,Medium
2019,12,Sunday,21,Sindh,Nawabshah,Urban Road,Average,Clear,No Light,Motorcycle,2,Wrong Overtaking,0,1,0,1,2,0,Medium
2023,2,Wednesday,15,Sindh,Hyderabad,Provincial Highway,Good,Clear,No Light,Bus/Coach,2,Over Speeding,0,0,0,1,4,2,High
2019,11,Saturday,9,Punjab,Rahim Yar Khan,National Highway,Under Repair,Dusty/Smoggy,Daylight,Car/Taxi,3,Road Condition,1,1,0,1,4,0,Medium
2021,12,Tuesday,23,Punjab,Rawalpindi,Rural Road,Poor,Foggy,Street Light,Rickshaw,1,Over Speeding,0,0,1,1,1,1,Medium
2022,4,Friday,17,Balochistan,Turbat,National Highway,Good,Clear,Daylight,Motorcycle,1,Pedestrian Error,1,0,0,0,4,0,Medium
2021,10,Wednesday,7,Islamabad,Islamabad,Urban Road,Good,Extreme Heat,Daylight,Bicycle,4,Road Condition,1,0,0,0,2,0,Low
2022,7,Wednesday,20,Sindh,Sukkur,National Highway,Poor,Clear,Street Light,Motorcycle,2,Drunk Driving,1,0,0,0,10,2,High
2022,2,Sunday,19,Punjab,Lahore,Provincial Highway,Good,Clear,Dawn/Dusk,Motorcycle,1,Road Condition,1,1,0,1,0,0,Low
2021,10,Thursday,9,KPK,Nowshera,Provincial Highway,Good,Foggy,Daylight,Car/Taxi,1,Signal Violation,1,0,0,0,3,0,Medium
2021,8,Monday,6,Punjab,Gujranwala,National Highway,Good,Rainy,Daylight,Other,2,Signal Violation,0,0,0,0,3,0,Medium
2022,1,Saturday,23,KPK,Bannu,Provincial Highway,Poor,Clear,Street Light,Motorcycle,2,Mechanical Failure,0,1,1,1,1,1,Medium
2020,6,Tuesday,1,KPK,Nowshera,Rural Road,Good,Clear,No Light,Motorcycle,3,Over Speeding,0,0,1,0,4,1,High
2020,5,Monday,17,Punjab,Lahore,National Highway,Average,Foggy,Daylight,Car/Taxi,3,Signal Violation,1,0,0,0,3,0,Medium
2023,6,Friday,20,AJK,Muzaffarabad,National Highway,Under Repair,Clear,No Light,Truck/Lorry,2,Over Speeding,1,0,0,0,5,2,Medium
2021,12,Wednesday,8,AJK,Mirpur,Provincial Highway,Poor,Clear,Daylight,Bus/Coach,2,Over Speeding,1,0,0,1,1,1,Medium
2018,8,Sunday,7,Islamabad,Islamabad,Urban Road,Good,Clear,Dawn/Dusk,Motorcycle,1,Pedestrian Error,1,1,0,0,4,0,Medium
2019,12,Friday,14,Sindh,Jacobabad,Urban Road,Poor,Clear,Daylight,Motorcycle,2,Signal Violation,0,0,0,1,5,0,Medium
2023,10,Saturday,2,Punjab,Sargodha,Provincial Highway,Poor,Clear,No Light,Van/Pickup,1,Mechanical Failure,0,1,1,0,0,0,Low
2018,5,Saturday,13,Sindh,Dadu,Rural Road,Poor,Rainy,Daylight,Rickshaw,3,Over Speeding,1,1,0,0,4,1,Medium
2021,12,Wednesday,8,Punjab,Rawalpindi,National Highway,Average,Clear,Daylight,Motorcycle,2,Road Condition,1,0,0,1,5,0,Medium
2020,6,Friday,6,Punjab,Rawalpindi,National Highway,Poor,Rainy,No Light,Rickshaw,2,Drunk Driving,0,0,0,0,2,2,High
2023,8,Wednesday,10,Sindh,Thatta,National Highway,Good,Clear,Daylight,Bus/Coach,2,Wrong Overtaking,0,0,0,0,4,0,Medium
2018,3,Sunday,19,KPK,Mansehra,Urban Road,Good,Foggy,Daylight,Motorcycle,1,Over Speeding,1,1,0,0,5,1,High
2021,5,Tuesday,22,Punjab,Rawalpindi,Rural Road,Good,Clear,Street Light,Motorcycle,2,Over Speeding,0,0,1,0,5,0,Medium
2023,2,Sunday,8,Punjab,Bahawalpur,Urban Road,Poor,Foggy,Daylight,Motorcycle,2,Over Speeding,1,1,0,1,6,0,High
2021,7,Wednesday,11,Punjab,Rawalpindi,Rural Road,Good,Clear,Daylight,Bus/Coach,2,Over Speeding,0,0,0,0,3,0,Medium
2019,12,Tuesday,6,KPK,Mansehra,Urban Road,Poor,Clear,Daylight,Bus/Coach,1,Signal Violation,0,0,0,1,0,0,Low
2023,6,Friday,17,Sindh,Karachi,Motorway,Good,Clear,Daylight,Motorcycle,1,Wrong Overtaking,1,0,0,0,9,1,High
2020,9,Tuesday,10,Punjab,Multan,Provincial Highway,Average,Rainy,Street Light,Car/Taxi,4,Mobile Phone Use,0,0,0,0,1,0,Low
2018,10,Wednesday,12,Islamabad,Islamabad,Motorway,Under Repair,Clear,Daylight,Bicycle,1,Mechanical Failure,1,0,0,0,3,2,High
2022,6,Tuesday,9,Punjab,Sialkot,Provincial Highway,Poor,Clear,Daylight,Rickshaw,2,Over Speeding,1,0,0,0,1,0,Low
2022,5,Thursday,8,Sindh,Mirpur Khas,National Highway,Under Repair,Clear,Daylight,Motorcycle,1,Over Speeding,1,0,0,0,8,4,High
2022,2,Friday,14,KPK,Swat,Rural Road,Poor,Rainy,Daylight,Car/Taxi,4,Mechanical Failure,0,0,0,1,0,0,Low
2022,6,Tuesday,7,KPK,Dera Ismail Khan,Rural Road,Poor,Foggy,Daylight,Motorcycle,2,Over Speeding,1,0,0,0,6,3,High
2022,9,Thursday,19,Punjab,Lahore,Provincial Highway,Good,Foggy,Dawn/Dusk,Motorcycle,2,Signal Violation,1,0,0,0,1,0,Medium
2018,11,Wednesday,2,Balochistan,Gwadar,National Highway,Under Repair,Dusty/Smoggy,Street Light,Van/Pickup,4,Pedestrian Error,0,0,1,1,2,0,Low
2019,9,Sunday,21,Balochistan,Quetta,Rural Road,Under Repair,Foggy,No Light,Rickshaw,2,Drunk Driving,0,1,0,0,1,0,Medium
2019,3,Monday,17,Sindh,Kashmore,Rural Road,Average,Clear,Daylight,Motorcycle,2,Road Condition,1,0,0,0,2,0,Low
2019,1,Sunday,8,Sindh,Larkana,National Highway,Poor,Foggy,Dawn/Dusk,Truck/Lorry,1,Over Speeding,1,1,0,1,10,1,High
2018,4,Thursday,22,Punjab,Rawalpindi,National Highway,Average,Extreme Heat,Street Light,Van/Pickup,2,Mechanical Failure,0,0,1,0,2,0,Low
2023,7,Saturday,19,Sindh,Jacobabad,National Highway,Average,Clear,Street Light,Rickshaw,1,Over Speeding,1,1,0,0,2,1,Medium
2019,5,Sunday,19,Punjab,Sialkot,National Highway,Good,Rainy,No Light,Rickshaw,2,Drunk Driving,1,1,0,0,4,1,High
2022,5,Wednesday,17,KPK,Mansehra,Rural Road,Good,Foggy,Daylight,Car/Taxi,3,Wrong Overtaking,1,0,0,0,1,1,Medium
2022,8,Thursday,17,Punjab,Rahim Yar Khan,Urban Road,Average,Clear,Dawn/Dusk,Rickshaw,3,Wrong Overtaking,1,0,0,0,1,0,Low
2018,2,Wednesday,7,KPK,Abbottabad,Provincial Highway,Good,Clear,Daylight,Car/Taxi,4,Wrong Overtaking,1,0,0,1,3,0,Medium
2022,3,Tuesday,18,Punjab,Sialkot,Rural Road,Good,Foggy,Daylight,Car/Taxi,2,Over Speeding,1,0,0,0,3,1,Medium
2019,11,Saturday,20,Punjab,Rawalpindi,Provincial Highway,Good,Rainy,No Light,Motorcycle,1,Wrong Overtaking,1,1,0,1,8,3,High
2022,2,Saturday,18,Punjab,Sargodha,Provincial Highway,Average,Foggy,Daylight,Motorcycle,3,Over Speeding,1,1,0,1,5,4,High
2019,12,Friday,19,Punjab,Faisalabad,Motorway,Average,Rainy,No Light,Motorcycle,1,Signal Violation,1,0,0,1,9,1,High
2019,7,Wednesday,9,Sindh,Dadu,National Highway,Average,Extreme Heat,Daylight,Motorcycle,2,Over Speeding,1,0,0,0,5,1,High
2019,4,Tuesday,19,KPK,Dera Ismail Khan,Urban Road,Good,Clear,No Light,Rickshaw,2,Wrong Overtaking,1,0,0,0,0,1,Low
2021,6,Saturday,11,Sindh,Hyderabad,National Highway,Poor,Clear,No Light,Motorcycle,2,Signal Violation,0,1,0,0,4,1,High
2020,5,Saturday,12,Sindh,Karachi,Urban Road,Good,Clear,Daylight,Motorcycle,2,Mobile Phone Use,1,1,0,0,2,0,Low
2021,12,Sunday,21,KPK,Swat,Rural Road,Good,Clear,No Light,Motorcycle,2,Over Speeding,0,1,0,1,5,0,Medium
2023,5,Saturday,13,Punjab,Bahawalpur,National Highway,Poor,Clear,Daylight,Motorcycle,1,Signal Violation,1,1,0,0,3,1,High
2019,9,Monday,21,Punjab,Sargodha,National Highway,Good,Rainy,Street Light,Motorcycle,4,Driver Fatigue,0,0,0,0,9,0,High
2020,2,Tuesday,19,Punjab,Sialkot,Rural Road,Good,Foggy,Street Light,Bus/Coach,2,Over Speeding,1,0,0,1,5,1,Medium
2023,5,Wednesday,20,KPK,Dera Ismail Khan,National Highway,Good,Rainy,No Light,Bus/Coach,4,Over Speeding,1,0,0,0,9,2,High
2018,11,Saturday,20,Punjab,Sargodha,Rural Road,Good,Rainy,No Light,Car/Taxi,1,Mechanical Failure,1,1,0,1,2,0,Low
2022,6,Sunday,12,Punjab,Multan,Urban Road,Poor,Clear,Daylight,Motorcycle,2,Road Condition,1,1,0,0,3,0,Medium
2019,12,Sunday,8,Sindh,Thatta,National Highway,Average,Clear,Daylight,Motorcycle,2,Wrong Overtaking,1,1,0,1,5,1,High
2023,8,Saturday,11,Islamabad,Islamabad,Rural Road,Average,Clear,Daylight,Motorcycle,3,Over Speeding,0,1,0,0,5,0,Medium
2022,2,Wednesday,17,Sindh,Larkana,National Highway,Average,Rainy,Daylight,Truck/Lorry,2,Over Speeding,1,0,0,1,9,0,High
2023,2,Sunday,12,KPK,Dera Ismail Khan,National Highway,Average,Clear,Daylight,Car/Taxi,1,Wrong Overtaking,1,1,0,1,1,0,Low
2018,3,Sunday,16,KPK,Charsadda,Urban Road,Good,Clear,Daylight,Motorcycle,1,Wrong Overtaking,0,1,0,0,1,0,Low
2023,5,Friday,2,Sindh,Mirpur Khas,Urban Road,Good,Clear,Street Light,Car/Taxi,2,Weather Condition,0,0,1,0,1,0,Low
2021,9,Friday,11,KPK,Bannu,Rural Road,Average,Dusty/Smoggy,Daylight,Motorcycle,2,Driver Fatigue,0,0,0,0,1,1,Medium
2021,12,Wednesday,17,KPK,Nowshera,Provincial Highway,Poor,Clear,Daylight,Car/Taxi,2,Wrong Overtaking,1,0,0,1,2,0,Low
2023,7,Monday,10,Punjab,Rahim Yar Khan,Urban Road,Poor,Clear,Dawn/Dusk,Motorcycle,1,Over Speeding,0,0,0,0,11,1,High
2020,4,Friday,23,Punjab,Rahim Yar Khan,Urban Road,Average,Foggy,No Light,Rickshaw,1,Wrong Overtaking,0,0,1,0,1,0,Medium
2018,4,Saturday,21,Punjab,Sialkot,Provincial Highway,Good,Clear,Street Light,Motorcycle,4,Mechanical Failure,0,1,0,0,5,1,Medium
2023,11,Sunday,23,Sindh,Hyderabad,Urban Road,Poor,Foggy,No Light,Motorcycle,4,Over Speeding,0,1,1,1,5,2,High
2020,12,Monday,7,Balochistan,Zhob,Rural Road,Good,Clear,Daylight,Van/Pickup,2,Weather Condition,1,0,0,1,0,0,Low
2022,10,Sunday,5,Punjab,Lahore,Urban Road,Average,Clear,Dawn/Dusk,Motorcycle,3,Mechanical Failure,0,1,1,0,3,1,Medium
2022,11,Wednesday,17,Punjab,Faisalabad,Provincial Highway,Average,Rainy,Daylight,Motorcycle,2,Signal Violation,1,0,0,1,1,0,Medium
2022,4,Tuesday,9,Balochistan,Hub,Motorway,Good,Extreme Heat,No Light,Truck/Lorry,3,Over Speeding,1,0,0,0,2,1,High
2019,2,Thursday,19,Sindh,Jacobabad,Rural Road,Good,Foggy,Dawn/Dusk,Motorcycle,2,Wrong Overtaking,1,0,0,1,4,1,High
2019,6,Tuesday,19,Sindh,Karachi,National Highway,Good,Clear,Daylight,Motorcycle,2,Over Speeding,1,0,0,0,10,3,High
2020,8,Tuesday,9,Balochistan,Turbat,National Highway,Good,Clear,Daylight,Motorcycle,2,Pedestrian Error,1,0,0,0,1,0,Medium
2023,3,Monday,19,Sindh,Larkana,Provincial Highway,Poor,Rainy,Dawn/Dusk,Motorcycle,1,Wrong Overtaking,1,0,0,0,5,2,High
2021,11,Wednesday,14,KPK,Bannu,Provincial Highway,Poor,Clear,Street Light,Truck/Lorry,2,Mechanical Failure,0,0,0,1,5,2,Medium
2021,7,Sunday,21,Punjab,Bahawalpur,Motorway,Poor,Clear,Street Light,Car/Taxi,4,Over Speeding,0,1,0,0,1,0,Medium
2023,5,Wednesday,20,Punjab,Rahim Yar Khan,Provincial Highway,Good,Clear,No Light,Motorcycle,1,Over Speeding,1,0,0,0,3,1,High
2019,5,Monday,11,Punjab,Sheikhupura,Motorway,Good,Rainy,Dawn/Dusk,Motorcycle,1,Over Speeding,0,0,0,0,10,0,High
2023,4,Friday,19,Sindh,Larkana,National Highway,Good,Rainy,No Light,Motorcycle,3,Wrong Overtaking,1,0,0,0,10,0,High
2021,7,Sunday,20,Islamabad,Islamabad,Rural Road,Good,Clear,Street Light,Motorcycle,1,Drunk Driving,1,1,0,0,4,1,Medium
2022,6,Tuesday,16,AJK,Rawalakot,Urban Road,Good,Clear,Dawn/Dusk,Bicycle,1,Over Speeding,0,0,0,0,4,2,Medium
2019,8,Friday,14,Balochistan,Loralai,Provincial Highway,Good,Clear,Daylight,Other,1,Over Speeding,0,0,0,0,1,1,Medium
2021,2,Wednesday,21,Punjab,Rawalpindi,Motorway,Under Repair,Rainy,No Light,Car/Taxi,2,Road Condition,0,0,0,1,4,1,Medium
2023,11,Thursday,20,Islamabad,Islamabad,Motorway,Under Repair,Dusty/Smoggy,Street Light,Motorcycle,1,Pedestrian Error,1,0,0,1,2,1,Medium
2020,10,Thursday,8,KPK,Charsadda,Provincial Highway,Average,Clear,Daylight,Bicycle,2,Mechanical Failure,1,0,0,0,5,0,Medium
2023,1,Sunday,8,Punjab,Sargodha,National Highway,Average,Clear,Daylight,Motorcycle,1,Road Condition,1,1,0,1,4,0,Medium
2018,6,Tuesday,18,KPK,Charsadda,Provincial Highway,Average,Dusty/Smoggy,Daylight,Motorcycle,2,Road Condition,1,0,0,0,4,0,Medium
2021,4,Monday,6,Punjab,Sheikhupura,Rural Road,Good,Clear,Daylight,Motorcycle,2,Mechanical Failure,0,0,0,0,0,0,Low
2022,4,Monday,18,Punjab,Sialkot,Urban Road,Average,Clear,Street Light,Motorcycle,3,Mobile Phone Use,1,0,0,0,5,1,Medium
2022,5,Saturday,8,KPK,Swat,National Highway,Poor,Clear,Street Light,Motorcycle,2,Weather Condition,1,1,0,0,1,2,Medium
2021,8,Sunday,11,Sindh,Sukkur,National Highway,Good,Clear,Dawn/Dusk,Car/Taxi,2,Over Speeding,0,1,0,0,6,3,High
2023,12,Saturday,10,Punjab,Rawalpindi,Provincial Highway,Poor,Rainy,Dawn/Dusk,Car/Taxi,2,Road Condition,0,1,0,1,1,0,Low
2021,2,Monday,15,Sindh,Nawabshah,Motorway,Under Repair,Clear,Street Light,Bus/Coach,3,Mechanical Failure,0,0,0,1,3,0,Medium
2018,9,Tuesday,21,Balochistan,Chaman,Urban Road,Average,Foggy,No Light,Motorcycle,3,Pedestrian Error,0,0,0,0,2,1,Medium
2021,11,Saturday,18,Sindh,Thatta,National Highway,Good,Dusty/Smoggy,Daylight,Car/Taxi,1,Road Condition,1,1,0,1,0,0,Low
2022,7,Thursday,12,Punjab,Bahawalpur,Provincial Highway,Poor,Clear,Daylight,Motorcycle,1,Over Speeding,1,0,0,0,10,2,High
2019,11,Tuesday,9,Punjab,Sheikhupura,Rural Road,Under Repair,Clear,Dawn/Dusk,Motorcycle,1,Over Speeding,1,0,0,1,5,1,High
2021,9,Tuesday,18,Punjab,Lahore,Provincial Highway,Good,Foggy,Daylight,Car/Taxi,1,Wrong Overtaking,1,0,0,0,0,0,Low
2018,11,Monday,18,AJK,Rawalakot,National Highway,Under Repair,Clear,Daylight,Car/Taxi,2,Road Condition,1,0,0,1,1,0,Low
2018,2,Friday,11,Sindh,Kashmore,Urban Road,Average,Clear,Daylight,Bus/Coach,1,Signal Violation,0,0,0,1,2,0,Medium
2023,1,Friday,12,Sindh,Dadu,Urban Road,Average,Clear,Daylight,Rickshaw,2,Mechanical Failure,1,0,0,1,0,0,Low
2018,2,Tuesday,19,Sindh,Hyderabad,Urban Road,Good,Clear,Dawn/Dusk,Car/Taxi,2,Signal Violation,1,0,0,1,2,0,Low
2021,11,Friday,10,Balochistan,Gwadar,Provincial Highway,Good,Clear,Street Light,Bus/Coach,3,Pedestrian Error,0,0,0,1,3,0,Medium
2022,12,Sunday,19,Sindh,Nawabshah,Urban Road,Poor,Clear,Dawn/Dusk,Van/Pickup,2,Wrong Overtaking,1,1,0,1,1,0,Low
2020,8,Friday,20,KPK,Swat,Provincial Highway,Good,Dusty/Smoggy,No Light,Bus/Coach,2,Over Speeding,1,0,0,0,2,0,Medium
2022,9,Friday,21,Punjab,Sheikhupura,Provincial Highway,Poor,Foggy,No Light,Motorcycle,4,Driver Fatigue,0,0,0,0,8,0,High
2021,7,Saturday,11,Punjab,Rahim Yar Khan,National Highway,Average,Foggy,No Light,Rickshaw,3,Wrong Overtaking,0,1,0,0,1,0,Medium
2021,6,Monday,17,Islamabad,Islamabad,Urban Road,Average,Clear,Daylight,Motorcycle,3,Wrong Overtaking,1,0,0,0,2,1,Medium
2021,12,Saturday,12,Islamabad,Islamabad,Provincial Highway,Average,Foggy,Daylight,Car/Taxi,2,Signal Violation,1,1,0,1,2,0,Medium
2022,9,Saturday,15,Islamabad,Islamabad,Urban Road,Average,Rainy,Daylight,Rickshaw,3,Over Speeding,0,1,0,0,3,0,Medium
2022,4,Monday,13,Islamabad,Islamabad,Motorway,Good,Clear,Daylight,Motorcycle,2,Over Speeding,1,0,0,0,10,0,High
2023,7,Wednesday,13,KPK,Peshawar,National Highway,Good,Clear,Daylight,Car/Taxi,1,Mobile Phone Use,1,0,0,0,2,1,Medium
2020,9,Monday,7,KPK,Bannu,Rural Road,Poor,Clear,Daylight,Car/Taxi,1,Road Condition,1,0,0,0,0,0,Low
2022,10,Thursday,6,Balochistan,Dera Bugti,National Highway,Good,Clear,Daylight,Car/Taxi,3,Over Speeding,0,0,0,0,1,0,Medium
2022,9,Monday,2,Sindh,Karachi,National Highway,Good,Clear,Street Light,Motorcycle,2,Wrong Overtaking,0,0,1,0,7,0,High
2018,2,Thursday,15,Punjab,Lahore,National Highway,Good,Rainy,Daylight,Truck/Lorry,1,Over Speeding,0,0,0,1,7,1,High
2022,7,Monday,11,Punjab,Gujranwala,National Highway,Average,Dusty/Smoggy,Daylight,Motorcycle,1,Over Speeding,0,0,0,0,3,1,High
2021,7,Saturday,7,AJK,Muzaffarabad,National Highway,Average,Rainy,Daylight,Motorcycle,1,Road Condition,1,1,0,0,2,1,Medium
2023,2,Friday,10,Punjab,Rahim Yar Khan,Urban Road,Average,Clear,Dawn/Dusk,Rickshaw,1,Road Condition,0,0,0,1,2,0,Low
2020,11,Wednesday,22,Balochistan,Sibi,Urban Road,Poor,Clear,Street Light,Bus/Coach,3,Over Speeding,0,0,1,1,2,0,Medium
2023,12,Tuesday,11,Punjab,Sialkot,Motorway,Average,Foggy,Daylight,Motorcycle,4,Mechanical Failure,0,0,0,1,2,2,High
2023,1,Sunday,18,Punjab,Sheikhupura,National Highway,Average,Clear,Daylight,Motorcycle,1,Over Speeding,1,1,0,1,5,2,High
2021,1,Monday,20,Punjab,Gujranwala,National Highway,Average,Clear,Street Light,Motorcycle,2,Mobile Phone Use,1,0,0,1,8,2,High
2022,8,Thursday,9,Punjab,Sialkot,Rural Road,Average,Rainy,Daylight,Motorcycle,2,Over Speeding,1,0,0,0,11,2,High
2021,1,Sunday,7,Punjab,Faisalabad,Urban Road,Good,Foggy,Daylight,Car/Taxi,2,Over Speeding,1,1,0,1,3,1,Medium
2018,12,Saturday,16,Punjab,Sheikhupura,Provincial Highway,Average,Clear,Daylight,Rickshaw,2,Road Condition,0,1,0,1,1,0,Low
2023,4,Tuesday,21,KPK,Abbottabad,Rural Road,Poor,Rainy,Street Light,Rickshaw,1,Wrong Overtaking,0,0,0,0,2,0,Low
2023,10,Monday,18,Punjab,Gujranwala,Urban Road,Poor,Clear,Daylight,Rickshaw,1,Mechanical Failure,1,0,0,0,1,0,Low
2023,8,Friday,12,Punjab,Bahawalpur,National Highway,Good,Clear,Daylight,Car/Taxi,2,Wrong Overtaking,1,0,0,0,2,0,Low
2020,9,Thursday,17,Punjab,Gujranwala,Rural Road,Average,Clear,No Light,Motorcycle,3,Over Speeding,1,0,0,0,8,1,High
2022,7,Sunday,16,KPK,Dera Ismail Khan,National Highway,Average,Clear,Daylight,Rickshaw,3,Drunk Driving,0,1,0,0,4,2,Medium
2021,4,Friday,18,Sindh,Larkana,Provincial Highway,Good,Clear,Daylight,Motorcycle,2,Mechanical Failure,1,0,0,0,4,1,Medium
2021,10,Sunday,20,Sindh,Larkana,Provincial Highway,Good,Clear,Street Light,Motorcycle,2,Signal Violation,1,1,0,0,4,0,Medium
2019,7,Saturday,19,Punjab,Gujranwala,Provincial Highway,Average,Rainy,No Light,Rickshaw,2,Over Speeding,1,1,0,0,5,1,Medium
2019,7,Monday,8,Punjab,Rawalpindi,National Highway,Poor,Clear,Daylight,Car/Taxi,2,Pedestrian Error,1,0,0,0,2,1,Medium