year,month,day_of_week,hour_of_day,province,district,road_type,road_condition,weather_condition,lighting_condition,vehicle_type,vehicles_involved,accident_cause,is_rush_hour,is_weekend,is_night,is_foggy_month,num_injured,num_killed,severity
2020,12,Saturday,7,KPK,Dera Ismail Khan,Motorway,Under Repair,Clear,Daylight,Truck/Lorry,1,Wrong Overtaking,1,1,0,1,6,1,High
2023,6,Friday,21,KPK,Swat,National Highway,Poor,Dusty/Smoggy,Street Light,Motorcycle,1,Drunk Driving,0,0,0,0,8,2,High
2020,10,Thursday,13,Punjab,Gujranwala,Rural Road,Poor,Dusty/Smoggy,Daylight,Motorcycle,2,Over Speeding,1,0,0,0,6,0,High
2019,9,Friday,9,Sindh,Larkana,Provincial Highway,Average,Clear,Daylight,Motorcycle,2,Wrong Overtaking,1,0,0,0,1,2,Medium
2019,1,Saturday,21,Punjab,Rawalpindi,National Highway,Good,Extreme Heat,No Light,Truck/Lorry,1,Wrong Overtaking,0,1,0,1,8,0,High
2021,4,Sunday,18,Punjab,Lahore,Urban Road,Good,Clear,Daylight,Rickshaw,3,Wrong Overtaking,1,1,0,0,1,0,Low
2018,7,Friday,17,KPK,Mardan,Provincial Highway,Under Repair,Clear,Dawn/Dusk,Motorcycle,3,Over Speeding,1,0,0,0,5,0,High
2021,1,Tuesday,18,Sindh,Dadu,National Highway,Average,Clear,Daylight,Motorcycle,4,Wrong Overtaking,1,0,0,1,6,2,High
2022,4,Sunday,8,Punjab,Rahim Yar Khan,Provincial Highway,Good,Clear,Street Light,Truck/Lorry,1,Pedestrian Error,1,1,0,0,0,0,Low
2021,12,Monday,7,Punjab,Faisalabad,Motorway,Poor,Clear,Daylight,Motorcycle,3,Over Speeding,1,0,0,1,4,1,High
2021,12,Sunday,19,Islamabad,Islamabad,Urban Road,Poor,Clear,Daylight,Car/Taxi,2,Wrong Overtaking,1,1,0,1,1,1,Low
2019,2,Saturday,7,Balochistan,Turbat,Rural Road,Poor,Rainy,Daylight,Truck/Lorry,2,Wrong Overtaking,1,1,0,1,1,0,Medium
2021,5,Saturday,20,Balochistan,Hub,Provincial Highway,Good,Foggy,No Light,Van/Pickup,1,Mechanical Failure,1,1,0,0,5,0,Medium
2018,5,Friday,21,Sindh,Kashmore,National Highway,Poor,Clear,Street Light,Car/Taxi,1,Mobile Phone Use,0,0,0,0,2,0,Low
2023,11,Sunday,6,Sindh,Dadu,Provincial Highway,Under Repair,Clear,Daylight,Motorcycle,1,Over Speeding,0,1,0,1,4,2,High
2022,10,Thursday,12,Punjab,Rawalpindi,Provincial Highway,Good,Rainy,Dawn/Dusk,Motorcycle,3,Wrong Overtaking,1,0,0,0,11,3,High
2019,2,Tuesday,13,Punjab,Sheikhupura,National Highway,Good,Clear,Dawn/Dusk,Rickshaw,2,Over Speeding,1,0,0,1,10,0,High
2023,3,Saturday,10,Punjab,Multan,Urban Road,Good,Dusty/Smoggy,Daylight,Car/Taxi,2,Over Speeding,0,1,0,0,2,1,Medium
2020,2,Monday,17,Sindh,Sukkur,Rural Road,Average,Dusty/Smoggy,Daylight,Motorcycle,1,Weather Condition,1,0,0,1,0,1,Low
2020,7,Tuesday,13,Punjab,Gujranwala,Provincial Highway,Average,Clear,Street Light,Bicycle,2,Weather Condition,1,0,0,0,1,0,Low
2021,11,Saturday,11,Balochistan,Loralai,Provincial Highway,Average,Foggy,Street Light,Bus/Coach,2,Wrong Overtaking,0,1,0,1,3,1,Medium
2019,4,Thursday,19,Punjab,Sargodha,Urban Road,Poor,Clear,Dawn/Dusk,Rickshaw,1,Over Speeding,1,0,0,0,2,0,Medium
2022,7,Monday,8,Punjab,Faisalabad,Provincial Highway,Under Repair,Clear,Daylight,Van/Pickup,2,Signal Violation,1,0,0,0,2,2,Medium
2020,7,Sunday,7,Punjab,Sargodha,National Highway,Average,Clear,Daylight,Car/Taxi,1,Weather Condition,1,1,0,0,0,0,Low
2021,9,Sunday,9,Punjab,Sargodha,Provincial Highway,Average,Foggy,Street Light,Car/Taxi,2,Wrong Overtaking,1,1,0,0,1,0,Medium
2023,6,Monday,17,Punjab,Faisalabad,Rural Road,Average,Clear,Daylight,Car/Taxi,2,Mechanical Failure,1,0,0,0,1,0,Low
2020,1,Saturday,11,Punjab,Rahim Yar Khan,National Highway,Poor,Clear,No Light,Bus/Coach,1,Mechanical Failure,0,1,0,1,1,0,Medium
2021,6,Thursday,18,Punjab,Sheikhupura,National Highway,Poor,Clear,Daylight,Motorcycle,1,Pedestrian Error,1,0,0,0,6,4,High
2023,1,Thursday,3,Sindh,Thatta,Rural Road,Good,Clear,Street Light,Motorcycle,2,Over Speeding,0,0,1,1,7,1,High
2021,5,Monday,9,Sindh,Hyderabad,National Highway,Average,Foggy,Daylight,Truck/Lorry,1,Wrong Overtaking,1,0,0,0,4,2,Medium
2022,7,Wednesday,22,Punjab,Sialkot,Rural Road,Average,Dusty/Smoggy,Street Light,Motorcycle,4,Wrong Overtaking,0,0,1,0,2,0,Medium
2019,12,Wednesday,8,Sindh,Thatta,Urban Road,Average,Foggy,Daylight,Motorcycle,1,Signal Violation,1,0,0,1,10,1,High
2022,3,Thursday,11,Sindh,Dadu,Provincial Highway,Under Repair,Clear,Daylight,Rickshaw,1,Signal Violation,0,0,0,0,0,0,Low
2019,3,Thursday,19,Punjab,Lahore,National Highway,Average,Clear,Dawn/Dusk,Motorcycle,2,Signal Violation,1,0,0,0,10,0,High
2021,7,Friday,11,KPK,Nowshera,National Highway,Good,Clear,Daylight,Motorcycle,1,Over Speeding,0,0,0,0,5,2,High
2021,10,Friday,8,Sindh,Kashmore,National Highway,Average,Clear,Daylight,Bicycle,2,Wrong Overtaking,1,0,0,0,4,1,High
2018,9,Tuesday,20,Punjab,Gujranwala,Urban Road,Poor,Clear,Street Light,Motorcycle,2,Wrong Overtaking,1,0,0,0,4,1,Medium
2022,9,Monday,6,Islamabad,Islamabad,National Highway,Poor,Clear,Daylight,Motorcycle,1,Road Condition,0,0,0,0,4,0,Medium
2023,2,Monday,10,Balochistan,Sibi,Rural Road,Good,Rainy,Street Light,Motorcycle,2,Over Speeding,0,0,0,1,4,0,Medium
2022,7,Tuesday,22,AJK,Muzaffarabad,Rural Road,Average,Clear,No Light,Motorcycle,1,Mobile Phone Use,0,0,1,0,4,0,Medium
2022,8,Friday,20,KPK,Bannu,National Highway,Average,Clear,No Light,Bus/Coach,2,Over Speeding,1,0,0,0,5,1,High
2023,2,Friday,18,Punjab,Rawalpindi,National Highway,Under Repair,Clear,Daylight,Motorcycle,3,Over Speeding,1,0,0,1,3,0,High
2023,12,Wednesday,8,Punjab,Rahim Yar Khan,Provincial Highway,Average,Dusty/Smoggy,Daylight,Car/Taxi,1,Drunk Driving,1,0,0,1,5,0,Medium
2019,1,Tuesday,7,KPK,Nowshera,National Highway,Good,Clear,Daylight,Motorcycle,1,Over Speeding,1,0,0,1,8,2,High
2021,8,Sunday,20,AJK,Rawalakot,Motorway,Average,Dusty/Smoggy,Street Light,Car/Taxi,2,Over Speeding,1,1,0,0,3,2,High
2018,5,Tuesday,15,Sindh,Larkana,Urban Road,Good,Extreme Heat,Dawn/Dusk,Motorcycle,1,Mechanical Failure,0,0,0,0,1,0,Medium
2022,12,Saturday,18,Balochistan,Chaman,Urban Road,Good,Dusty/Smoggy,Daylight,Motorcycle,2,Mobile Phone Use,1,1,0,1,1,0,Low
2021,6,Thursday,3,Punjab,Lahore,Provincial Highway,Average,Extreme Heat,Street Light,Car/Taxi,1,Wrong Overtaking,0,0,1,0,5,2,Medium
2021,5,Saturday,23,Punjab,Multan,Rural Road,Poor,Clear,No Light,Bus/Coach,2,Signal Violation,0,1,1,0,4,0,Medium
2021,4,Sunday,1,Balochistan,Gwadar,National Highway,Good,Foggy,Street Light,Motorcycle,2,Drunk Driving,0,1,1,0,10,3,High
2018,7,Sunday,7,KPK,Abbottabad,Urban Road,Poor,Rainy,Daylight,Motorcycle,2,Over Speeding,1,1,0,0,11,1,High
2019,12,Saturday,0,AJK,Mirpur,Urban Road,Poor,Dusty/Smoggy,No Light,Motorcycle,1,Signal Violation,0,1,1,1,3,3,High
2021,3,Tuesday,21,KPK,Charsadda,Provincial Highway,Average,Clear,Street Light,Motorcycle,3,Mobile Phone Use,0,0,0,0,0,0,Low
2022,11,Sunday,23,Sindh,Nawabshah,National Highway,Poor,Clear,No Light,Bicycle,3,Over Speeding,0,1,1,1,7,1,High
2022,7,Tuesday,16,Sindh,Hyderabad,Urban Road,Poor,Clear,Daylight,Motorcycle,2,Wrong Overtaking,0,0,0,0,2,2,Medium
2018,5,Wednesday,14,Balochistan,Chaman,Provincial Highway,Average,Clear,Daylight,Motorcycle,2,Driver Fatigue,0,0,0,0,5,0,Medium
2022,7,Tuesday,16,Sindh,Thatta,Urban Road,Good,Foggy,Daylight,Motorcycle,2,Pedestrian Error,0,0,0,0,4,0,Medium
2021,1,Thursday,20,Punjab,Sargodha,Rural Road,Average,Clear,Street Light,Motorcycle,3,Signal Violation,1,0,0,1,5,1,Medium
2020,11,Sunday,12,Sindh,Thatta,Rural Road,Under Repair,Clear,Daylight,Van/Pickup,4,Drunk Driving,1,1,0,1,4,1,Medium
2023,4,Monday,12,Sindh,Dadu,Urban Road,Poor,Clear,Daylight,Car/Taxi,3,Over Speeding,1,0,0,0,0,0,Low
2019,2,Monday,14,Punjab,Rawalpindi,National Highway,Good,Foggy,Daylight,Truck/Lorry,2,Over Speeding,0,0,0,1,11,1,High
2020,11,Sunday,9,KPK,Mardan,Provincial Highway,Good,Clear,Daylight,Bicycle,1,Road Condition,1,1,0,1,0,0,Low
2018,12,Friday,2,Punjab,Sargodha,Urban Road,Poor,Rainy,No Light,Motorcycle,2,Over Speeding,0,0,1,1,8,0,High
2023,5,Thursday,6,Punjab,Faisalabad,Urban Road,Poor,Clear,Daylight,Car/Taxi,1,Over Speeding,0,0,0,0,0,0,Low
2020,1,Tuesday,10,KPK,Abbottabad,Provincial Highway,Good,Clear,Daylight,Van/Pickup,2,Over Speeding,0,0,0,1,3,0,Medium
2019,5,Saturday,9,Sindh,Nawabshah,Provincial Highway,Poor,Clear,Daylight,Car/Taxi,1,Signal Violation,1,1,0,0,3,1,Medium
2023,9,Thursday,9,Balochistan,Sibi,Urban Road,Average,Dusty/Smoggy,Daylight,Bus/Coach,1,Signal Violation,1,0,0,0,0,0,Low
2020,3,Thursday,14,Punjab,Sheikhupura,Urban Road,Good,Foggy,Daylight,Rickshaw,2,Driver Fatigue,0,0,0,0,2,0,Low
2019,5,Saturday,9,Islamabad,Islamabad,Urban Road,Good,Foggy,Daylight,Truck/Lorry,2,Wrong Overtaking,1,1,0,0,4,0,Medium
2023,4,Thursday,16,Punjab,Rahim Yar Khan,Motorway,Poor,Rainy,Daylight,Van/Pickup,2,Road Condition,0,0,0,0,1,0,Medium
2021,5,Sunday,10,Punjab,Faisalabad,Rural Road,Under Repair,Extreme Heat,Daylight,Motorcycle,3,Over Speeding,0,1,0,0,5,1,Medium
2023,4,Sunday,11,Balochistan,Quetta,Provincial Highway,Average,Extreme Heat,Daylight,Motorcycle,3,Mechanical Failure,0,1,0,0,5,0,Medium
2019,7,Friday,12,KPK,Mansehra,National Highway,Poor,Rainy,Daylight,Motorcycle,1,Wrong Overtaking,1,0,0,0,10,1,High
2020,12,Monday,13,Punjab,Sargodha,Rural Road,Poor,Clear,Dawn/Dusk,Bus/Coach,3,Wrong Overtaking,1,0,0,1,4,0,Medium
2023,7,Friday,0,AJK,Muzaffarabad,National Highway,Good,Rainy,Street Light,Car/Taxi,2,Road Condition,0,0,1,0,4,1,High
2022,8,Tuesday,4,Sindh,Larkana,Motorway,Good,Rainy,No Light,Bus/Coach,1,Road Condition,0,0,1,0,4,1,Medium
2021,5,Wednesday,10,Islamabad,Islamabad,National Highway,Under Repair,Clear,Daylight,Rickshaw,2,Wrong Overtaking,0,0,0,0,2,0,Medium
2020,5,Wednesday,14,Sindh,Jacobabad,National Highway,Good,Foggy,Dawn/Dusk,Bus/Coach,2,Wrong Overtaking,0,0,0,0,9,1,High
2022,9,Friday,15,Sindh,Dadu,Provincial Highway,Poor,Clear,Daylight,Car/Taxi,2,Over Speeding,0,0,0,0,1,0,Low
2023,11,Tuesday,12,Sindh,Karachi,Rural Road,Poor,Rainy,Daylight,Car/Taxi,3,Mechanical Failure,1,0,0,1,0,0,Low
2021,9,Monday,12,Punjab,Rawalpindi,Urban Road,Good,Clear,Daylight,Other,2,Wrong Overtaking,1,0,0,0,0,0,Low
2019,2,Thursday,6,Sindh,Mirpur Khas,Urban Road,Poor,Clear,Daylight,Motorcycle,2,Wrong Overtaking,0,0,0,1,1,0,Medium
2023,3,Saturday,11,Sindh,Jacobabad,Urban Road,Average,Clear,Daylight,Car/Taxi,3,Wrong Overtaking,0,1,0,0,1,0,Low
2022,2,Monday,15,Punjab,Gujranwala,Provincial Highway,Average,Rainy,Daylight,Truck/Lorry,2,Drunk Driving,0,0,0,1,2,1,Medium
2023,6,Wednesday,19,Punjab,Lahore,Provincial Highway,Good,Extreme Heat,Dawn/Dusk,Motorcycle,4,Driver Fatigue,1,0,0,0,1,0,Medium
2018,5,Saturday,17,Punjab,Lahore,Provincial Highway,Average,Clear,Daylight,Bus/Coach,3,Signal Violation,1,1,0,0,5,0,Medium
2023,7,Thursday,5,Balochistan,Quetta,Provincial Highway,Poor,Foggy,Dawn/Dusk,Motorcycle,2,Mechanical Failure,0,0,1,0,8,2,High
2023,1,Thursday,22,Sindh,Thatta,Urban Road,Good,Foggy,No Light,Car/Taxi,2,Over Speeding,0,0,1,1,5,0,Medium
2021,1,Saturday,2,KPK,Nowshera,National Highway,Poor,Clear,Street Light,Truck/Lorry,1,Mechanical Failure,0,1,1,1,2,1,Medium
2019,5,Wednesday,14,Islamabad,Islamabad,Provincial Highway,Poor,Clear,Daylight,Rickshaw,3,Over Speeding,0,0,0,0,1,0,Medium
2020,3,Friday,9,Sindh,Sukkur,National Highway,Good,Clear,Daylight,Motorcycle,1,Driver Fatigue,1,0,0,0,6,2,High
2021,2,Saturday,15,AJK,Mirpur,National Highway,Poor,Clear,Daylight,Motorcycle,4,Wrong Overtaking,0,1,0,1,8,0,High
2023,6,Friday,9,Punjab,Bahawalpur,National Highway,Good,Foggy,Daylight,Car/Taxi,4,Over Speeding,1,0,0,0,11,1,High
2020,1,Tuesday,12,Punjab,Sargodha,National Highway,Average,Clear,Daylight,Car/Taxi,2,Wrong Overtaking,1,0,0,1,2,0,Medium
2023,4,Tuesday,17,Punjab,Sargodha,Rural Road,Poor,Clear,Daylight,Motorcycle,2,Mobile Phone Use,1,0,0,0,4,0,Medium
2020,12,Tuesday,12,Sindh,Nawabshah,National Highway,Under Repair,Clear,No Light,Car/Taxi,1,Mobile Phone Use,1,0,0,1,1,1,Medium
2023,5,Friday,8,Balochistan,Sibi,Urban Road,Poor,Foggy,Daylight,Car/Taxi,2,Over Speeding,1,0,0,0,2,0,Low
2023,12,Sunday,9,Sindh,Nawabshah,Provincial Highway,Poor,Clear,Dawn/Dusk,Bus/Coach,2,Pedestrian Error,1,1,0,1,4,0,Medium
2020,7,Saturday,12,Punjab,Lahore,Provincial Highway,Poor,Clear,Daylight,Motorcycle,1,Over Speeding,1,1,0,0,2,0,Medium
2020,1,Monday,12,KPK,Kohat,National Highway,Poor,Rainy,Dawn/Dusk,Truck/Lorry,1,Over Speeding,1,0,0,1,2,1,High
2022,5,Wednesday,12,Sindh,Thatta,Provincial Highway,Good,Foggy,Daylight,Motorcycle,2,Wrong Overtaking,1,0,0,0,4,1,High
2021,3,Tuesday,11,Punjab,Sialkot,Urban Road,Average,Clear,Daylight,Car/Taxi,1,Mechanical Failure,0,0,0,0,1,0,Low
2023,5,Monday,6,Sindh,Mirpur Khas,National Highway,Good,Dusty/Smoggy,Daylight,Van/Pickup,2,Over Speeding,0,0,0,0,1,0,Medium
2023,6,Monday,18,Balochistan,Sibi,Rural Road,Poor,Foggy,No Light,Motorcycle,3,Over Speeding,1,0,0,0,1,2,Medium
2023,12,Tuesday,18,Balochistan,Loralai,National Highway,Average,Foggy,Daylight,Rickshaw,1,Road Condition,1,0,0,1,0,0,Low
2023,1,Saturday,4,Sindh,Jacobabad,Rural Road,Average,Rainy,Street Light,Motorcycle,2,Pedestrian Error,0,1,1,1,5,1,High
2021,7,Thursday,18,Punjab,Lahore,Rural Road,Average,Rainy,Daylight,Car/Taxi,3,Wrong Overtaking,1,0,0,0,0,0,Low
2021,9,Monday,13,Punjab,Faisalabad,Rural Road,Poor,Dusty/Smoggy,Daylight,Car/Taxi,3,Road Condition,1,0,0,0,1,0,Low
2023,9,Friday,6,Sindh,Kashmore,National Highway,Good,Clear,Daylight,Rickshaw,2,Mechanical Failure,0,0,0,0,5,1,Medium
2021,8,Tuesday,22,KPK,Kohat,Provincial Highway,Poor,Foggy,Street Light,Motorcycle,3,Pedestrian Error,0,0,1,0,6,0,High
2019,8,Friday,19,Punjab,Rawalpindi,Provincial Highway,Poor,Clear,Daylight,Motorcycle,1,Mechanical Failure,1,0,0,0,2,0,Low
2020,3,Saturday,23,Punjab,Bahawalpur,Urban Road,Good,Clear,Street Light,Motorcycle,2,Driver Fatigue,0,1,1,0,4,0,Medium
2021,7,Monday,23,Islamabad,Islamabad,National Highway,Good,Clear,Street Light,Motorcycle,2,Over Speeding,0,0,1,0,7,0,High
2020,8,Tuesday,5,KPK,Swat,National Highway,Poor,Extreme Heat,Dawn/Dusk,Bus/Coach,1,Over Speeding,0,0,1,0,6,2,High
2018,3,Wednesday,12,Sindh,Jacobabad,National Highway,Good,Extreme Heat,Daylight,Truck/Lorry,2,Mechanical Failure,1,0,0,0,1,0,Low
2021,2,Sunday,21,Punjab,Gujranwala,Motorway,Poor,Foggy,No Light,Motorcycle,1,Wrong Overtaking,0,1,0,1,4,1,High
2023,6,Friday,20,Punjab,Sialkot,National Highway,Average,Clear,No Light,Truck/Lorry,2,Wrong Overtaking,1,0,0,0,1,1,Medium
2022,12,Wednesday,5,Punjab,Sargodha,National Highway,Poor,Clear,Dawn/Dusk,Rickshaw,1,Signal Violation,0,0,1,1,4,0,Medium
2023,11,Friday,18,Sindh,Thatta,Urban Road,Average,Clear,Daylight,Car/Taxi,2,Wrong Overtaking,1,0,0,1,1,0,Low
2023,3,Thursday,11,Punjab,Rawalpindi,Provincial Highway,Poor,Rainy,Daylight,Car/Taxi,1,Over Speeding,0,0,0,0,3,1,High
2023,1,Saturday,9,Balochistan,Khuzdar,Provincial Highway,Poor,Clear,Daylight,Van/Pickup,3,Signal Violation,1,1,0,1,2,1,Low
2020,6,Monday,7,Gilgit-Baltistan,Skardu,Urban Road,Average,Foggy,Daylight,Van/Pickup,1,Signal Violation,1,0,0,0,1,0,Low
2020,11,Wednesday,20,Punjab,Sialkot,Provincial Highway,Good,Foggy,No Light,Truck/Lorry,4,Over Speeding,1,0,0,1,2,0,Medium
2023,10,Friday,14,Sindh,Hyderabad,Provincial Highway,Average,Foggy,Daylight,Van/Pickup,2,Wrong Overtaking,0,0,0,0,2,0,Low
2022,2,Thursday,9,KPK,Peshawar,National Highway,Average,Clear,Daylight,Bus/Coach,2,Wrong Overtaking,1,0,0,1,8,2,High
2022,3,Saturday,8,Islamabad,Islamabad,Urban Road,Under Repair,Clear,Daylight,Bus/Coach,2,Over Speeding,1,1,0,0,5,1,Medium
2021,7,Monday,19,Balochistan,Quetta,Motorway,Average,Clear,No Light,Motorcycle,4,Signal Violation,1,0,0,0,2,1,Medium
2022,2,Saturday,20,Punjab,Sheikhupura,National Highway,Good,Dusty/Smoggy,Street Light,Motorcycle,2,Over Speeding,1,1,0,1,10,2,High
2023,11,Tuesday,20,Punjab,Lahore,Provincial Highway,Poor,Foggy,No Light,Motorcycle,1,Over Speeding,1,0,0,1,6,2,High
2020,1,Sunday,11,KPK,Nowshera,Provincial Highway,Average,Dusty/Smoggy,Daylight,Rickshaw,2,Over Speeding,0,1,0,1,2,2,Medium
2021,5,Saturday,8,KPK,Kohat,Provincial Highway,Average,Rainy,Daylight,Truck/Lorry,1,Signal Violation,1,1,0,0,5,1,Medium
2022,9,Thursday,8,Punjab,Sialkot,Provincial Highway,Good,Clear,Daylight,Motorcycle,2,Over Speeding,1,0,0,0,5,2,Medium
2023,12,Tuesday,9,Sindh,Kashmore,Urban Road,Average,Clear,Daylight,Motorcycle,2,Over Speeding,1,0,0,1,3,1,Medium
2022,2,Friday,10,KPK,Bannu,Provincial Highway,Good,Dusty/Smoggy,Daylight,Bicycle,2,Over Speeding,0,0,0,1,1,0,Medium
2022,9,Friday,14,Punjab,Rawalpindi,Urban Road,Good,Rainy,No Light,Motorcycle,4,Road Condition,0,0,0,0,1,0,Medium
2023,10,Friday,3,Balochistan,Zhob,National Highway,Good,Extreme Heat,Street Light,Rickshaw,2,Over Speeding,0,0,1,0,4,1,High
2023,12,Sunday,14,Punjab,Sargodha,Rural Road,Average,Clear,No Light,Motorcycle,3,Over Speeding,0,1,0,1,3,0,Medium
2021,4,Sunday,16,KPK,Mardan,Rural Road,Good,Clear,Street Light,Motorcycle,3,Signal Violation,0,1,0,0,2,0,Medium
2018,4,Wednesday,8,Sindh,Nawabshah,Urban Road,Good,Clear,Daylight,Bicycle,4,Wrong Overtaking,1,0,0,0,1,0,Low
2023,1,Sunday,19,Punjab,Sialkot,Provincial Highway,Average,Clear,Dawn/Dusk,Motorcycle,2,Mobile Phone Use,1,1,0,1,3,1,Medium
2021,12,Tuesday,6,KPK,Kohat,Provincial Highway,Good,Clear,Daylight,Motorcycle,2,Wrong Overtaking,0,0,0,1,3,2,Medium
2019,9,Friday,20,KPK,Nowshera,Urban Road,Poor,Rainy,No Light,Motorcycle,1,Road Condition,1,0,0,0,1,0,Medium
2018,11,Friday,14,Islamabad,Islamabad,Rural Road,Average,Clear,Dawn/Dusk,Motorcycle,2,Signal Violation,0,0,0,1,3,0,Medium
2020,3,Saturday,7,Punjab,Sheikhupura,Rural Road,Average,Clear,Daylight,Truck/Lorry,2,Driver Fatigue,1,1,0,0,0,1,Low
2021,9,Tuesday,20,KPK,Nowshera,Provincial Highway,Good,Rainy,No Light,Car/Taxi,1,Over Speeding,1,0,0,0,1,1,Medium
2020,12,Tuesday,2,Sindh,Hyderabad,Provincial Highway,Average,Dusty/Smoggy,No Light,Motorcycle,3,Pedestrian Error,0,0,1,1,6,1,High
2022,4,Tuesday,18,Sindh,Larkana,Urban Road,Average,Rainy,Daylight,Motorcycle,1,Over Speeding,1,0,0,0,3,1,Medium
2018,12,Monday,8,Balochistan,Quetta,Provincial Highway,Good,Rainy,Daylight,Motorcycle,2,Wrong Overtaking,1,0,0,1,4,0,Medium
2021,9,Friday,1,Punjab,Faisalabad,Urban Road,Average,Clear,No Light,Bus/Coach,1,Driver Fatigue,0,0,1,0,4,1,High
2021,10,Monday,9,Punjab,Sheikhupura,Motorway,Average,Clear,Daylight,Motorcycle,2,Over Speeding,1,0,0,0,7,0,High
2023,3,Monday,7,Sindh,Jacobabad,Rural Road,Average,Dusty/Smoggy,Daylight,Motorcycle,2,Over Speeding,1,0,0,0,7,0,High
2022,1,Thursday,13,Punjab,Bahawalpur,National Highway,Under Repair,Clear,Daylight,Rickshaw,2,Mechanical Failure,1,0,0,1,2,0,Low
2023,11,Thursday,12,Balochistan,Chaman,Provincial Highway,Poor,Clear,Street Light,Motorcycle,3,Over Speeding,1,0,0,1,3,0,High
2020,2,Sunday,15,Sindh,Hyderabad,Provincial Highway,Under Repair,Rainy,Daylight,Bus/Coach,3,Pedestrian Error,0,1,0,1,0,0,Low
2022,11,Saturday,11,Sindh,Mirpur Khas,Urban Road,Average,Clear,Daylight,Bus/Coach,1,Drunk Driving,0,1,0,1,1,0,Medium
2021,1,Monday,12,KPK,Peshawar,National Highway,Good,Clear,Street Light,Rickshaw,2,Pedestrian Error,1,0,0,1,1,1,Medium
2021,8,Thursday,16,Sindh,Dadu,Rural Road,Good,Clear,Street Light,Rickshaw,4,Over Speeding,0,0,0,0,1,0,Low
2023,3,Monday,15,Sindh,Mirpur Khas,Rural Road,Poor,Foggy,Daylight,Motorcycle,3,Over Speeding,0,0,0,0,8,0,High
2021,2,Saturday,14,Punjab,Lahore,National Highway,Good,Clear,Daylight,Car/Taxi,3,Signal Violation,0,1,0,1,0,0,Low
2020,1,Wednesday,2,Punjab,Sargodha,Rural Road,Average,Rainy,Street Light,Rickshaw,4,Wrong Overtaking,0,0,1,1,3,1,Medium
2020,4,Monday,5,Punjab,Sheikhupura,Provincial Highway,Poor,Clear,Dawn/Dusk,Motorcycle,2,Over Speeding,0,0,1,0,2,1,High
2022,12,Friday,15,KPK,Peshawar,Provincial Highway,Average,Foggy,Daylight,Truck/Lorry,3,Wrong Overtaking,0,0,0,1,3,1,Medium
2022,8,Friday,10,Sindh,Karachi,National Highway,Good,Clear,Street Light,Car/Taxi,3,Driver Fatigue,0,0,0,0,1,2,Medium
2020,6,Saturday,9,Punjab,Lahore,National Highway,Under Repair,Clear,Daylight,Bus/Coach,3,Signal Violation,1,1,0,0,3,0,High
2023,12,Wednesday,14,Sindh,Jacobabad,National Highway,Average,Clear,Daylight,Motorcycle,3,Mobile Phone Use,0,0,0,1,5,0,Medium
2018,4,Wednesday,18,Punjab,Rahim Yar Khan,Rural Road,Average,Clear,Daylight,Other,2,Signal Violation,1,0,0,0,2,0,Low
2021,9,Friday,8,Islamabad,Islamabad,Provincial Highway,Good,Clear,Daylight,Motorcycle,2,Over Speeding,1,0,0,0,8,0,High
2022,6,Wednesday,20,Punjab,Rawalpindi,Rural Road,Poor,Clear,Street Light,Motorcycle,1,Over Speeding,1,0,0,0,3,1,Medium
2019,1,Monday,9,Balochistan,Sibi,Urban Road,Average,Extreme Heat,Daylight,Motorcycle,1,Over Speeding,1,0,0,1,2,2,High
2022,5,Saturday,17,Sindh,Dadu,National Highway,Good,Clear,Daylight,Motorcycle,2,Road Condition,1,1,0,0,3,1,Medium
2023,12,Sunday,11,Sindh,Jacobabad,Provincial Highway,Average,Dusty/Smoggy,Daylight,Motorcycle,3,Drunk Driving,0,1,0,1,5,0,High
2022,6,Friday,13,Punjab,Rawalpindi,National Highway,Average,Foggy,Daylight,Van/Pickup,1,Mobile Phone Use,1,0,0,0,1,0,Low
2022,1,Saturday,20,Islamabad,Islamabad,Urban Road,Good,Extreme Heat,No Light,Car/Taxi,1,Over Speeding,1,1,0,1,5,0,Medium
2020,12,Thursday,22,Punjab,Rahim Yar Khan,Urban Road,Under Repair,Clear,Street Light,Motorcycle,2,Mechanical Failure,0,0,1,1,1,0,Medium
2020,6,Friday,14,Sindh,Thatta,National Highway,Under Repair,Clear,Daylight,Motorcycle,1,Road Condition,0,0,0,0,3,1,Medium
2022,2,Friday,18,Gilgit-Baltistan,Skardu,National Highway,Good,Clear,Daylight,Motorcycle,1,Mechanical Failure,1,0,0,1,2,0,Medium
2018,9,Sunday,7,Balochistan,Gwadar,Rural Road,Poor,Rainy,Street Light,Motorcycle,1,Wrong Overtaking,1,1,0,0,8,1,High
2018,1,Tuesday,9,Sindh,Thatta,National Highway,Good,Rainy,Daylight,Car/Taxi,2,Over Speeding,1,0,0,1,3,1,Medium
2022,12,Saturday,16,Gilgit-Baltistan,Hunza,National Highway,Good,Clear,Daylight,Bicycle,4,Mechanical Failure,0,1,0,1,1,2,Medium
2021,5,Friday,21,KPK,Abbottabad,Provincial Highway,Average,Foggy,No Light,Motorcycle,2,Wrong Overtaking,0,0,0,0,6,3,High
2023,6,Wednesday,20,Punjab,Lahore,Urban Road,Average,Clear,No Light,Motorcycle,1,Wrong Overtaking,1,0,0,0,0,0,Low
2022,3,Tuesday,9,Punjab,Multan,Rural Road,Average,Foggy,Daylight,Motorcycle,2,Over Speeding,1,0,0,0,4,0,High