year,month,day_of_week,hour_of_day,province,district,road_type,road_condition,weather_condition,lighting_condition,vehicle_type,vehicles_involved,accident_cause,is_rush_hour,is_weekend,is_night,is_foggy_month,num_injured,num_killed,severity
2022,3,Saturday,13,Punjab,Sheikhupura,Rural Road,Good,Clear,Daylight,Motorcycle,4,Over Speeding,1,1,0,0,4,1,Medium
2018,12,Saturday,18,Punjab,Sargodha,National Highway,Average,Clear,Daylight,Motorcycle,1,Signal Violation,1,1,0,1,5,3,High
2020,7,Friday,22,KPK,Peshawar,Rural Road,Good,Foggy,Street Light,Motorcycle,3,Pedestrian Error,0,0,1,0,4,0,Medium
2022,4,Tuesday,18,Sindh,Karachi,Rural Road,Good,Clear,Daylight,Motorcycle,3,Over Speeding,1,0,0,0,2,0,Medium
2021,3,Wednesday,19,Punjab,Lahore,Rural Road,Under Repair,Foggy,No Light,Rickshaw,1,Signal Violation,1,0,0,0,1,0,Medium
2019,11,Monday,13,Balochistan,Zhob,Provincial Highway,Good,Foggy,Daylight,Rickshaw,4,Over Speeding,1,0,0,1,2,0,Medium
2022,7,Tuesday,18,Punjab,Rahim Yar Khan,National Highway,Poor,Foggy,Street Light,Motorcycle,2,Signal Violation,1,0,0,0,3,2,High
2022,11,Wednesday,16,Gilgit-Baltistan,Skardu,Rural Road,Average,Clear,Street Light,Motorcycle,2,Pedestrian Error,0,0,0,1,1,0,Medium
2020,4,Monday,18,Islamabad,Islamabad,Provincial Highway,Good,Clear,Daylight,Car/Taxi,2,Pedestrian Error,1,0,0,0,2,0,Low
2018,12,Thursday,12,Islamabad,Islamabad,National Highway,Average,Extreme Heat,Dawn/Dusk,Bus/Coach,2,Driver Fatigue,1,0,0,1,10,0,High
2021,11,Thursday,23,KPK,Bannu,Provincial Highway,Under Repair,Clear,No Light,Car/Taxi,4,Pedestrian Error,0,0,1,1,1,0,Low
2022,5,Saturday,18,Punjab,Rawalpindi,Urban Road,Poor,Clear,Daylight,Rickshaw,2,Pedestrian Error,1,1,0,0,2,0,Low
2021,2,Wednesday,1,Sindh,Sukkur,Provincial Highway,Under Repair,Clear,Street Light,Rickshaw,1,Road Condition,0,0,1,1,1,0,Medium
2023,5,Sunday,18,Punjab,Sargodha,National Highway,Good,Clear,Daylight,Motorcycle,2,Mechanical Failure,1,1,0,0,2,0,Medium
2021,8,Friday,13,Punjab,Sialkot,Urban Road,Good,Clear,Daylight,Van/Pickup,2,Road Condition,1,0,0,0,0,0,Low
2019,8,Monday,15,Sindh,Dadu,Provincial Highway,Good,Clear,Daylight,Bus/Coach,2,Signal Violation,0,0,0,0,4,0,Medium
2019,12,Friday,18,Punjab,Rawalpindi,Provincial Highway,Average,Clear,Daylight,Car/Taxi,3,Mechanical Failure,1,0,0,1,1,0,Low
2023,11,Thursday,21,Islamabad,Islamabad,Urban Road,Under Repair,Clear,No Light,Motorcycle,1,Wrong Overtaking,0,0,0,1,1,0,Low
2023,2,Sunday,18,Balochistan,Loralai,National Highway,Average,Extreme Heat,Daylight,Motorcycle,2,Mechanical Failure,1,1,0,1,5,1,Medium
2020,6,Wednesday,12,Punjab,Sargodha,National Highway,Poor,Clear,Daylight,Motorcycle,2,Pedestrian Error,1,0,0,0,8,2,High
2023,3,Sunday,20,Sindh,Dadu,National Highway,Poor,Clear,Street Light,Truck/Lorry,1,Over Speeding,1,1,0,0,7,0,High
2019,1,Saturday,15,Sindh,Nawabshah,Provincial Highway,Average,Foggy,Daylight,Bus/Coach,1,Wrong Overtaking,0,1,0,1,9,4,High
2023,11,Tuesday,11,Balochistan,Sibi,National Highway,Average,Foggy,Daylight,Bus/Coach,3,Wrong Overtaking,0,0,0,1,4,2,High
2019,1,Sunday,7,KPK,Mansehra,Provincial Highway,Average,Foggy,Dawn/Dusk,Motorcycle,2,Over Speeding,1,1,0,1,8,1,High
2020,3,Wednesday,19,Punjab,Faisalabad,Urban Road,Average,Clear,No Light,Motorcycle,2,Signal Violation,1,0,0,0,5,0,Medium
2023,4,Tuesday,10,Sindh,Nawabshah,National Highway,Good,Clear,Daylight,Bicycle,1,Drunk Driving,0,0,0,0,7,4,High
2023,5,Saturday,8,Sindh,Mirpur Khas,National Highway,Poor,Foggy,Daylight,Bicycle,3,Wrong Overtaking,1,1,0,0,2,2,High
2020,1,Friday,13,Islamabad,Islamabad,National Highway,Good,Extreme Heat,Dawn/Dusk,Car/Taxi,2,Signal Violation,1,0,0,1,4,2,Medium
2022,1,Tuesday,19,Punjab,Sialkot,Urban Road,Average,Foggy,Dawn/Dusk,Van/Pickup,3,Drunk Driving,1,0,0,1,2,0,Low
2018,2,Tuesday,20,Punjab,Sheikhupura,Urban Road,Good,Dusty/Smoggy,No Light,Rickshaw,2,Mechanical Failure,1,0,0,1,2,0,Low
2021,11,Friday,7,Balochistan,Zhob,National Highway,Poor,Rainy,Daylight,Van/Pickup,2,Drunk Driving,1,0,0,1,1,1,Medium
2023,3,Wednesday,14,Balochistan,Hub,Rural Road,Under Repair,Clear,Dawn/Dusk,Car/Taxi,4,Mechanical Failure,0,0,0,0,0,0,Low
2020,9,Friday,18,Balochistan,Hub,National Highway,Good,Clear,Daylight,Motorcycle,2,Drunk Driving,1,0,0,0,5,1,High
2021,6,Saturday,14,Sindh,Sukkur,National Highway,Poor,Clear,Daylight,Truck/Lorry,2,Drunk Driving,0,1,0,0,2,0,Medium
2019,4,Saturday,22,Sindh,Mirpur Khas,Provincial Highway,Good,Extreme Heat,Street Light,Truck/Lorry,3,Over Speeding,0,1,1,0,3,3,High
2021,2,Saturday,5,Sindh,Mirpur Khas,Provincial Highway,Average,Foggy,Dawn/Dusk,Motorcycle,1,Wrong Overtaking,0,1,1,1,11,0,High
2018,2,Saturday,6,Punjab,Rahim Yar Khan,Motorway,Average,Clear,Daylight,Car/Taxi,1,Wrong Overtaking,0,1,0,1,4,0,Medium
2023,10,Thursday,12,Sindh,Sukkur,Rural Road,Good,Dusty/Smoggy,Daylight,Bus/Coach,3,Over Speeding,1,0,0,0,3,1,Medium
2023,10,Monday,12,Punjab,Sargodha,National Highway,Good,Clear,No Light,Car/Taxi,2,Drunk Driving,1,0,0,0,5,0,Medium
2018,11,Wednesday,17,Punjab,Bahawalpur,Provincial Highway,Average,Foggy,No Light,Motorcycle,3,Driver Fatigue,1,0,0,1,3,0,High
2023,12,Wednesday,7,Islamabad,Islamabad,Rural Road,Poor,Clear,Daylight,Car/Taxi,2,Signal Violation,1,0,0,1,2,0,Low
2021,4,Tuesday,16,Punjab,Sargodha,Urban Road,Good,Clear,No Light,Bus/Coach,1,Wrong Overtaking,0,0,0,0,1,0,Low
2021,7,Friday,21,Islamabad,Islamabad,Rural Road,Average,Foggy,No Light,Motorcycle,2,Road Condition,0,0,0,0,3,2,Medium
2021,4,Saturday,18,Punjab,Faisalabad,Provincial Highway,Average,Clear,Daylight,Car/Taxi,2,Wrong Overtaking,1,1,0,0,2,0,Low
2021,4,Friday,6,Punjab,Sargodha,Provincial Highway,Poor,Clear,Daylight,Van/Pickup,3,Pedestrian Error,0,0,0,0,0,0,Low
2021,12,Thursday,20,Sindh,Karachi,Urban Road,Poor,Clear,No Light,Car/Taxi,1,Over Speeding,1,0,0,1,1,0,Medium
2022,5,Friday,14,KPK,Abbottabad,National Highway,Good,Rainy,Daylight,Car/Taxi,1,Over Speeding,0,0,0,0,11,0,High
2020,3,Saturday,20,Sindh,Kashmore,National Highway,Poor,Foggy,No Light,Bicycle,4,Road Condition,1,1,0,0,3,0,Medium
2021,5,Sunday,23,Balochistan,Gwadar,Rural Road,Average,Foggy,Street Light,Motorcycle,2,Wrong Overtaking,0,1,1,0,3,1,Medium
2022,5,Saturday,16,Punjab,Sialkot,Rural Road,Good,Foggy,No Light,Bus/Coach,4,Pedestrian Error,0,1,0,0,2,0,Low
2021,1,Wednesday,15,Islamabad,Islamabad,Urban Road,Under Repair,Clear,Daylight,Motorcycle,1,Driver Fatigue,0,0,0,1,1,0,Medium
2022,3,Tuesday,17,Punjab,Sheikhupura,Urban Road,Poor,Rainy,Dawn/Dusk,Motorcycle,2,Drunk Driving,1,0,0,0,1,2,Medium
2023,7,Saturday,20,Balochistan,Sibi,Urban Road,Average,Rainy,Street Light,Motorcycle,2,Signal Violation,1,1,0,0,1,2,Medium
2021,11,Friday,6,Punjab,Sialkot,Provincial Highway,Poor,Clear,Daylight,Motorcycle,2,Signal Violation,0,0,0,1,8,2,High
2022,8,Monday,6,KPK,Bannu,Urban Road,Good,Foggy,Daylight,Rickshaw,3,Over Speeding,0,0,0,0,1,1,Medium
2018,2,Sunday,7,KPK,Mansehra,Provincial Highway,Poor,Clear,Daylight,Motorcycle,2,Driver Fatigue,1,1,0,1,9,2,High
2018,12,Friday,11,Punjab,Sargodha,National Highway,Poor,Clear,Daylight,Motorcycle,3,Over Speeding,0,0,0,1,6,1,High
2022,7,Thursday,22,Balochistan,Zhob,Provincial Highway,Under Repair,Dusty/Smoggy,Street Light,Car/Taxi,2,Road Condition,0,0,1,0,1,1,Low
2023,2,Wednesday,9,Punjab,Rawalpindi,National Highway,Average,Foggy,Daylight,Motorcycle,3,Driver Fatigue,1,0,0,1,10,2,High
2023,12,Tuesday,6,Punjab,Lahore,National Highway,Good,Extreme Heat,Daylight,Car/Taxi,1,Over Speeding,0,0,0,1,8,1,High
2020,8,Friday,20,KPK,Swat,Provincial Highway,Average,Clear,No Light,Motorcycle,1,Over Speeding,1,0,0,0,4,0,Medium
2023,8,Thursday,12,Punjab,Lahore,National Highway,Poor,Foggy,No Light,Truck/Lorry,1,Wrong Overtaking,1,0,0,0,9,0,High
2021,5,Saturday,9,Punjab,Rahim Yar Khan,Provincial Highway,Average,Clear,Daylight,Motorcycle,1,Over Speeding,1,1,0,0,9,1,High
2020,3,Saturday,22,Sindh,Karachi,Rural Road,Good,Dusty/Smoggy,No Light,Truck/Lorry,2,Signal Violation,0,1,1,0,1,0,Low
2020,10,Wednesday,9,KPK,Kohat,National Highway,Good,Foggy,Daylight,Bicycle,1,Over Speeding,1,0,0,0,6,2,High
2020,6,Tuesday,8,Punjab,Bahawalpur,Rural Road,Under Repair,Foggy,Daylight,Car/Taxi,1,Driver Fatigue,1,0,0,0,1,0,Medium
2021,9,Friday,22,Sindh,Karachi,Rural Road,Average,Clear,No Light,Motorcycle,2,Wrong Overtaking,0,0,1,0,5,0,Medium
2023,4,Saturday,0,KPK,Kohat,Provincial Highway,Good,Foggy,No Light,Car/Taxi,2,Mechanical Failure,0,1,1,0,2,0,Medium
2022,5,Wednesday,9,Balochistan,Chaman,Provincial Highway,Good,Dusty/Smoggy,Daylight,Motorcycle,3,Wrong Overtaking,1,0,0,0,8,4,High
2023,7,Monday,9,Islamabad,Islamabad,Provincial Highway,Poor,Clear,Daylight,Bicycle,2,Pedestrian Error,1,0,0,0,2,0,Low
2022,10,Wednesday,8,KPK,Abbottabad,National Highway,Average,Clear,Daylight,Motorcycle,2,Mechanical Failure,1,0,0,0,1,0,Medium
2020,5,Wednesday,8,Sindh,Nawabshah,National Highway,Average,Foggy,Daylight,Car/Taxi,1,Mechanical Failure,1,0,0,0,0,0,Low
2020,12,Monday,15,Sindh,Jacobabad,Provincial Highway,Good,Clear,Dawn/Dusk,Motorcycle,3,Signal Violation,0,0,0,1,2,0,Medium
2021,9,Sunday,2,Punjab,Rahim Yar Khan,Urban Road,Good,Clear,Street Light,Truck/Lorry,1,Signal Violation,0,1,1,0,0,0,Low
2022,11,Wednesday,14,KPK,Charsadda,Provincial Highway,Average,Clear,Daylight,Rickshaw,1,Over Speeding,0,0,0,1,1,1,Medium
2018,4,Friday,14,Gilgit-Baltistan,Skardu,Urban Road,Average,Clear,Street Light,Bicycle,1,Wrong Overtaking,0,0,0,0,2,0,Medium
2019,6,Wednesday,15,KPK,Abbottabad,Provincial Highway,Good,Foggy,Daylight,Rickshaw,2,Over Speeding,0,0,0,0,5,1,Medium
2021,11,Saturday,10,Punjab,Lahore,Rural Road,Under Repair,Clear,Daylight,Motorcycle,4,Over Speeding,0,1,0,1,9,1,High
2023,7,Saturday,14,Sindh,Kashmore,Urban Road,Poor,Clear,Daylight,Motorcycle,1,Wrong Overtaking,0,1,0,0,5,1,Medium
2022,7,Tuesday,8,Sindh,Thatta,National Highway,Good,Foggy,Daylight,Bicycle,3,Pedestrian Error,1,0,0,0,3,0,Medium
2022,8,Saturday,18,KPK,Swat,Rural Road,Average,Rainy,Daylight,Rickshaw,3,Road Condition,1,1,0,0,2,0,Low
2020,9,Monday,13,KPK,Mardan,Rural Road,Average,Clear,No Light,Motorcycle,4,Over Speeding,1,0,0,0,2,0,Medium
2023,10,Friday,13,Sindh,Karachi,Provincial Highway,Good,Foggy,Daylight,Bus/Coach,3,Wrong Overtaking,1,0,0,0,7,1,High
2018,9,Monday,7,Punjab,Sialkot,National Highway,Good,Foggy,Daylight,Rickshaw,1,Wrong Overtaking,1,0,0,0,3,0,Medium
2023,5,Monday,16,Islamabad,Islamabad,Rural Road,Under Repair,Clear,Daylight,Car/Taxi,2,Signal Violation,0,0,0,0,0,0,Low
2018,7,Saturday,8,KPK,Peshawar,National Highway,Average,Clear,Street Light,Rickshaw,4,Pedestrian Error,1,1,0,0,1,0,Low
2023,8,Wednesday,14,Punjab,Sialkot,Provincial Highway,Poor,Foggy,No Light,Car/Taxi,1,Driver Fatigue,0,0,0,0,2,0,Medium
2018,11,Saturday,19,Punjab,Bahawalpur,Provincial Highway,Average,Clear,Street Light,Van/Pickup,3,Mechanical Failure,1,1,0,1,2,0,Low
2021,5,Saturday,16,Islamabad,Islamabad,Urban Road,Poor,Rainy,Dawn/Dusk,Rickshaw,2,Wrong Overtaking,0,1,0,0,0,0,Low
2021,8,Thursday,10,Balochistan,Khuzdar,National Highway,Good,Foggy,Daylight,Rickshaw,3,Signal Violation,0,0,0,0,1,0,Medium
2023,10,Wednesday,17,Punjab,Sialkot,Provincial Highway,Under Repair,Clear,Daylight,Rickshaw,1,Weather Condition,1,0,0,0,1,0,Low
2019,5,Wednesday,7,Punjab,Sialkot,Motorway,Good,Foggy,Street Light,Motorcycle,3,Wrong Overtaking,1,0,0,0,11,3,High
2021,11,Tuesday,20,Punjab,Gujranwala,Rural Road,Good,Clear,No Light,Motorcycle,2,Over Speeding,1,0,0,1,1,0,Medium
2018,5,Friday,5,Punjab,Rawalpindi,Provincial Highway,Average,Clear,Street Light,Motorcycle,2,Wrong Overtaking,0,0,1,0,8,1,High
2023,3,Friday,20,Sindh,Nawabshah,Motorway,Average,Foggy,No Light,Motorcycle,2,Pedestrian Error,1,0,0,0,4,1,High
2019,8,Tuesday,6,Sindh,Karachi,National Highway,Good,Dusty/Smoggy,Daylight,Rickshaw,3,Wrong Overtaking,0,0,0,0,2,0,Low
2019,10,Tuesday,22,Sindh,Larkana,Provincial Highway,Good,Clear,No Light,Motorcycle,3,Road Condition,0,0,1,0,1,0,Medium
2022,10,Wednesday,18,KPK,Charsadda,Urban Road,Good,Rainy,Daylight,Truck/Lorry,3,Signal Violation,1,0,0,0,1,2,Medium
2019,7,Monday,13,Punjab,Sialkot,Urban Road,Good,Clear,Daylight,Van/Pickup,1,Mechanical Failure,1,0,0,0,0,0,Low
2023,9,Friday,21,Punjab,Multan,Provincial Highway,Average,Clear,Street Light,Motorcycle,4,Drunk Driving,0,0,0,0,11,3,High
2022,6,Thursday,22,Punjab,Sialkot,Rural Road,Good,Clear,Street Light,Bicycle,2,Mechanical Failure,0,0,1,0,2,0,Medium
2020,4,Sunday,8,Punjab,Lahore,Motorway,Good,Clear,Daylight,Motorcycle,2,Over Speeding,1,1,0,0,5,0,High
2018,7,Monday,23,Punjab,Rawalpindi,Urban Road,Good,Dusty/Smoggy,Street Light,Rickshaw,2,Weather Condition,0,0,1,0,0,0,Low
2023,3,Friday,14,Sindh,Jacobabad,Provincial Highway,Good,Clear,Daylight,Bicycle,4,Wrong Overtaking,0,0,0,0,2,0,Medium
2023,5,Sunday,17,KPK,Peshawar,Urban Road,Good,Clear,Daylight,Motorcycle,1,Road Condition,1,1,0,0,0,0,Low
2022,7,Wednesday,20,KPK,Mardan,Provincial Highway,Good,Clear,Street Light,Other,3,Drunk Driving,1,0,0,0,4,0,Medium
2021,9,Tuesday,22,KPK,Abbottabad,Urban Road,Poor,Clear,No Light,Rickshaw,1,Over Speeding,0,0,1,0,3,1,Medium
2022,10,Thursday,20,KPK,Swat,Urban Road,Poor,Foggy,Street Light,Rickshaw,1,Wrong Overtaking,1,0,0,0,2,0,Medium
2019,6,Monday,12,KPK,Mansehra,Motorway,Average,Clear,Street Light,Motorcycle,1,Road Condition,1,0,0,0,7,2,High
2023,7,Saturday,10,Punjab,Sheikhupura,Provincial Highway,Good,Clear,Daylight,Motorcycle,4,Driver Fatigue,0,1,0,0,4,0,Medium
2022,4,Monday,18,Gilgit-Baltistan,Skardu,Urban Road,Average,Clear,Dawn/Dusk,Motorcycle,2,Signal Violation,1,0,0,0,2,0,Low
2023,9,Sunday,16,Punjab,Lahore,Motorway,Good,Clear,Dawn/Dusk,Bus/Coach,4,Signal Violation,0,1,0,0,6,2,High
2023,5,Saturday,7,Punjab,Multan,National Highway,Good,Clear,Daylight,Car/Taxi,4,Over Speeding,1,1,0,0,4,0,Medium
2023,7,Sunday,7,Punjab,Multan,Provincial Highway,Under Repair,Clear,Daylight,Van/Pickup,3,Mechanical Failure,1,1,0,0,2,0,Low
2020,9,Friday,18,AJK,Mirpur,Urban Road,Good,Clear,Street Light,Car/Taxi,2,Wrong Overtaking,1,0,0,0,1,0,Low
2021,12,Thursday,21,AJK,Muzaffarabad,Provincial Highway,Average,Foggy,Street Light,Motorcycle,3,Over Speeding,0,0,0,1,9,1,High
2023,2,Friday,15,KPK,Bannu,Urban Road,Good,Clear,Daylight,Motorcycle,2,Signal Violation,0,0,0,1,4,0,Medium
2023,10,Thursday,7,Sindh,Karachi,National Highway,Poor,Clear,Daylight,Car/Taxi,3,Mechanical Failure,1,0,0,0,3,2,Medium
2022,9,Monday,22,Sindh,Kashmore,Rural Road,Good,Foggy,No Light,Rickshaw,2,Wrong Overtaking,0,0,1,0,0,0,Low
2023,1,Tuesday,5,AJK,Muzaffarabad,Provincial Highway,Poor,Foggy,Dawn/Dusk,Car/Taxi,1,Over Speeding,0,0,1,1,9,2,High
2021,1,Friday,15,KPK,Abbottabad,Rural Road,Good,Dusty/Smoggy,Daylight,Bus/Coach,3,Road Condition,0,0,0,1,2,0,Low
2023,5,Thursday,7,Islamabad,Islamabad,Motorway,Average,Clear,Daylight,Motorcycle,3,Wrong Overtaking,1,0,0,0,4,2,High
2020,8,Thursday,11,Punjab,Lahore,National Highway,Average,Dusty/Smoggy,Daylight,Bicycle,2,Signal Violation,0,0,0,0,3,2,High
2019,2,Wednesday,15,Punjab,Multan,Urban Road,Average,Clear,Daylight,Car/Taxi,1,Over Speeding,0,0,0,1,2,0,Low
2022,12,Tuesday,20,Balochistan,Loralai,Urban Road,Poor,Clear,Street Light,Rickshaw,2,Mobile Phone Use,1,0,0,1,2,1,Low
2022,10,Tuesday,7,Punjab,Sheikhupura,National Highway,Average,Clear,Daylight,Motorcycle,4,Over Speeding,1,0,0,0,6,1,High
2018,10,Tuesday,12,Islamabad,Islamabad,Provincial Highway,Good,Rainy,No Light,Bus/Coach,1,Over Speeding,1,0,0,0,3,0,High
2020,11,Monday,16,Sindh,Larkana,Provincial Highway,Under Repair,Clear,Dawn/Dusk,Motorcycle,1,Mobile Phone Use,0,0,0,1,2,0,Low
2022,11,Sunday,0,Islamabad,Islamabad,Urban Road,Poor,Clear,Street Light,Rickshaw,1,Driver Fatigue,0,1,1,1,1,0,Low
2018,4,Friday,7,Punjab,Sialkot,Provincial Highway,Good,Clear,Daylight,Car/Taxi,1,Over Speeding,1,0,0,0,2,0,Low
2022,6,Thursday,18,KPK,Mardan,Urban Road,Poor,Foggy,Daylight,Car/Taxi,1,Mechanical Failure,1,0,0,0,0,0,Low
2022,7,Wednesday,20,Sindh,Jacobabad,Provincial Highway,Good,Clear,No Light,Other,2,Wrong Overtaking,1,0,0,0,1,0,Low
2018,5,Sunday,15,Sindh,Thatta,Provincial Highway,Good,Foggy,Daylight,Car/Taxi,2,Weather Condition,0,1,0,0,3,0,Medium
2019,6,Wednesday,13,Sindh,Sukkur,Provincial Highway,Poor,Dusty/Smoggy,Dawn/Dusk,Car/Taxi,1,Drunk Driving,1,0,0,0,5,0,Medium
2022,7,Monday,15,Islamabad,Islamabad,Provincial Highway,Under Repair,Dusty/Smoggy,Daylight,Bus/Coach,2,Wrong Overtaking,0,0,0,0,1,1,Medium
2021,1,Saturday,21,KPK,Peshawar,National Highway,Good,Extreme Heat,Street Light,Car/Taxi,1,Road Condition,0,1,0,1,4,0,Medium
2019,12,Saturday,5,Punjab,Faisalabad,Provincial Highway,Good,Foggy,Dawn/Dusk,Motorcycle,3,Mechanical Failure,0,1,1,1,1,0,Medium
2023,12,Thursday,19,Balochistan,Turbat,Rural Road,Good,Clear,Dawn/Dusk,Truck/Lorry,1,Signal Violation,1,0,0,1,0,0,Low
2018,4,Friday,11,Punjab,Sialkot,Provincial Highway,Good,Clear,Daylight,Car/Taxi,4,Driver Fatigue,0,0,0,0,2,0,Low
2019,5,Friday,8,Punjab,Sargodha,National Highway,Poor,Clear,Daylight,Car/Taxi,1,Wrong Overtaking,1,0,0,0,1,0,Medium
2021,12,Friday,19,Punjab,Gujranwala,Provincial Highway,Good,Clear,Street Light,Motorcycle,2,Wrong Overtaking,1,0,0,1,3,1,High
2023,1,Friday,20,Balochistan,Dera Bugti,Urban Road,Good,Clear,No Light,Motorcycle,1,Mechanical Failure,1,0,0,1,2,0,Low
2019,6,Saturday,9,Punjab,Lahore,National Highway,Poor,Clear,Daylight,Car/Taxi,2,Signal Violation,1,1,0,0,2,1,Medium
2023,12,Thursday,11,Punjab,Gujranwala,National Highway,Poor,Clear,Daylight,Car/Taxi,1,Driver Fatigue,0,0,0,1,5,0,Medium
2019,11,Monday,2,Islamabad,Islamabad,National Highway,Average,Rainy,Street Light,Bus/Coach,2,Wrong Overtaking,0,0,1,1,3,1,High
2021,3,Tuesday,17,KPK,Charsadda,Urban Road,Average,Dusty/Smoggy,Daylight,Bus/Coach,2,Over Speeding,1,0,0,0,1,0,Medium
2021,11,Sunday,20,Punjab,Rahim Yar Khan,Rural Road,Good,Foggy,Street Light,Rickshaw,1,Wrong Overtaking,1,1,0,1,0,0,Low
2019,9,Sunday,15,KPK,Mardan,National Highway,Under Repair,Foggy,Daylight,Rickshaw,2,Wrong Overtaking,0,1,0,0,1,0,Medium
2018,11,Wednesday,4,Balochistan,Chaman,Motorway,Average,Clear,No Light,Motorcycle,2,Pedestrian Error,0,0,1,1,7,0,High
2023,10,Saturday,10,Punjab,Sialkot,National Highway,Good,Clear,Daylight,Truck/Lorry,1,Pedestrian Error,0,1,0,0,2,0,Low
2019,5,Monday,9,KPK,Peshawar,Provincial Highway,Average,Clear,Daylight,Motorcycle,1,Signal Violation,1,0,0,0,3,0,Medium
2018,6,Tuesday,11,Sindh,Kashmore,Provincial Highway,Average,Clear,Daylight,Bus/Coach,2,Wrong Overtaking,0,0,0,0,1,0,Low
2023,8,Monday,7,KPK,Bannu,National Highway,Good,Clear,Dawn/Dusk,Truck/Lorry,1,Over Speeding,1,0,0,0,3,1,Medium
2018,6,Monday,21,Sindh,Thatta,National Highway,Good,Clear,Street Light,Bus/Coach,4,Driver Fatigue,0,0,0,0,11,1,High
2021,6,Monday,10,KPK,Kohat,Urban Road,Poor,Clear,Daylight,Car/Taxi,3,Wrong Overtaking,0,0,0,0,1,0,Low
2021,6,Friday,6,Punjab,Multan,National Highway,Good,Clear,No Light,Bus/Coach,2,Signal Violation,0,0,0,0,9,2,High
2018,1,Monday,18,KPK,Peshawar,Provincial Highway,Good,Extreme Heat,Daylight,Rickshaw,4,Wrong Overtaking,1,0,0,1,2,0,Low
2021,5,Wednesday,13,Punjab,Faisalabad,Urban Road,Good,Clear,Street Light,Truck/Lorry,4,Wrong Overtaking,1,0,0,0,4,0,Medium
2022,10,Monday,12,Sindh,Mirpur Khas,National Highway,Poor,Foggy,Street Light,Motorcycle,1,Wrong Overtaking,1,0,0,0,11,0,High
2023,12,Saturday,13,Punjab,Gujranwala,Rural Road,Good,Extreme Heat,Daylight,Van/Pickup,1,Over Speeding,1,1,0,1,3,1,Medium
2021,7,Friday,12,KPK,Charsadda,National Highway,Good,Rainy,Daylight,Motorcycle,2,Wrong Overtaking,1,0,0,0,3,0,High
2021,11,Friday,0,Punjab,Gujranwala,Rural Road,Average,Dusty/Smoggy,No Light,Bus/Coach,4,Drunk Driving,0,0,1,1,5,0,High
2023,6,Saturday,18,Sindh,Mirpur Khas,Rural Road,Average,Rainy,Street Light,Motorcycle,3,Over Speeding,1,1,0,0,3,0,Medium
2023,1,Tuesday,17,Sindh,Sukkur,National Highway,Good,Clear,Daylight,Bus/Coach,2,Over Speeding,1,0,0,1,5,0,High
2021,6,Wednesday,20,KPK,Nowshera,National Highway,Average,Foggy,Street Light,Motorcycle,2,Wrong Overtaking,1,0,0,0,8,1,High
2022,4,Friday,20,Sindh,Nawabshah,National Highway,Average,Clear,No Light,Other,2,Wrong Overtaking,1,0,0,0,0,0,Low
2023,8,Friday,16,KPK,Kohat,Rural Road,Poor,Extreme Heat,Daylight,Car/Taxi,2,Wrong Overtaking,0,0,0,0,0,0,Low
2021,2,Monday,7,Punjab,Faisalabad,Urban Road,Good,Foggy,Daylight,Car/Taxi,1,Wrong Overtaking,1,0,0,1,2,0,Low
2023,10,Monday,14,Punjab,Multan,National Highway,Average,Clear,Daylight,Motorcycle,2,Over Speeding,0,0,0,0,2,1,High
2019,2,Sunday,19,Sindh,Sukkur,National Highway,Poor,Dusty/Smoggy,Dawn/Dusk,Motorcycle,4,Mechanical Failure,1,1,0,1,2,0,Medium
2020,10,Saturday,16,Islamabad,Islamabad,Provincial Highway,Good,Foggy,Street Light,Motorcycle,1,Mechanical Failure,0,1,0,0,5,1,Medium
2020,12,Saturday,18,Punjab,Sargodha,National Highway,Good,Clear,Daylight,Car/Taxi,2,Wrong Overtaking,1,1,0,1,5,0,Medium
2019,10,Wednesday,12,Punjab,Sheikhupura,Urban Road,Average,Clear,Street Light,Motorcycle,2,Drunk Driving,1,0,0,0,8,1,High
2023,6,Friday,17,Punjab,Rawalpindi,Rural Road,Good,Rainy,Daylight,Motorcycle,1,Mechanical Failure,1,0,0,0,1,0,Medium
2023,12,Saturday,11,Sindh,Jacobabad,Provincial Highway,Good,Clear,Daylight,Car/Taxi,4,Wrong Overtaking,0,1,0,1,5,0,Medium
2023,11,Sunday,18,Punjab,Sheikhupura,Rural Road,Average,Foggy,Daylight,Truck/Lorry,2,Mechanical Failure,1,1,0,1,5,0,Medium
2021,3,Sunday,12,KPK,Kohat,Provincial Highway,Poor,Dusty/Smoggy,Daylight,Motorcycle,2,Over Speeding,1,1,0,0,4,0,Medium
2021,12,Saturday,20,Punjab,Bahawalpur,National Highway,Under Repair,Clear,Street Light,Motorcycle,1,Signal Violation,1,1,0,1,10,2,High
2023,6,Monday,18,Punjab,Bahawalpur,Provincial Highway,Good,Clear,Daylight,Car/Taxi,2,Wrong Overtaking,1,0,0,0,1,0,Low
2021,7,Wednesday,22,Punjab,Sargodha,National Highway,Poor,Foggy,No Light,Car/Taxi,3,Wrong Overtaking,0,0,1,0,11,0,High
2019,2,Thursday,17,Sindh,Karachi,National Highway,Under Repair,Rainy,Daylight,Rickshaw,1,Road Condition,1,0,0,1,2,0,Medium
2020,10,Saturday,14,KPK,Kohat,Urban Road,Good,Foggy,Street Light,Motorcycle,2,Over Speeding,0,1,0,0,8,2,High