year,month,day_of_week,hour_of_day,province,district,road_type,road_condition,weather_condition,lighting_condition,vehicle_type,vehicles_involved,accident_cause,is_rush_hour,is_weekend,is_night,is_foggy_month,num_injured,num_killed,severity
2018,5,Tuesday,21,Punjab,Rahim Yar Khan,Rural Road,Poor,Clear,No Light,Motorcycle,1,Wrong Overtaking,0,0,0,0,2,0,Low
2022,7,Wednesday,18,Islamabad,Islamabad,Provincial Highway,Good,Foggy,Daylight,Car/Taxi,2,Wrong Overtaking,1,0,0,0,5,1,Medium
2023,1,Sunday,6,Punjab,Sheikhupura,Urban Road,Good,Clear,Daylight,Motorcycle,4,Pedestrian Error,0,1,0,1,2,0,Low
2020,1,Friday,7,KPK,Bannu,National Highway,Poor,Extreme Heat,Street Light,Motorcycle,3,Over Speeding,1,0,0,1,8,2,High
2023,4,Thursday,4,Sindh,Nawabshah,Urban Road,Poor,Clear,No Light,Motorcycle,1,Mechanical Failure,0,0,1,0,2,0,Low
2019,3,Tuesday,11,Punjab,Bahawalpur,National Highway,Average,Foggy,Daylight,Rickshaw,2,Signal Violation,0,0,0,0,7,3,High
2023,3,Saturday,11,Balochistan,Gwadar,National Highway,Good,Dusty/Smoggy,Daylight,Motorcycle,2,Road Condition,0,1,0,0,11,3,High
2022,4,Friday,19,KPK,Bannu,Provincial Highway,Average,Clear,Street Light,Van/Pickup,4,Signal Violation,1,0,0,0,2,1,Low
2020,10,Sunday,9,Punjab,Faisalabad,National Highway,Good,Rainy,Daylight,Truck/Lorry,2,Mechanical Failure,1,1,0,0,5,0,Medium
2023,6,Saturday,12,Sindh,Hyderabad,Rural Road,Average,Clear,Daylight,Motorcycle,1,Wrong Overtaking,1,1,0,0,2,0,Medium
2023,11,Thursday,6,Punjab,Sargodha,Provincial Highway,Poor,Foggy,Daylight,Rickshaw,2,Wrong Overtaking,0,0,0,1,2,0,Low
2021,12,Wednesday,13,KPK,Swat,National Highway,Average,Foggy,Street Light,Car/Taxi,1,Signal Violation,1,0,0,1,2,4,High
2022,5,Tuesday,13,Punjab,Multan,National Highway,Average,Rainy,Daylight,Car/Taxi,2,Over Speeding,1,0,0,0,5,2,High
2022,2,Monday,17,Balochistan,Turbat,National Highway,Average,Clear,Daylight,Car/Taxi,2,Over Speeding,1,0,0,1,3,1,Medium
2023,5,Tuesday,20,Punjab,Sheikhupura,Urban Road,Under Repair,Clear,No Light,Motorcycle,1,Wrong Overtaking,1,0,0,0,2,0,Low
2019,5,Friday,19,Punjab,Faisalabad,Rural Road,Good,Clear,Street Light,Bicycle,4,Mobile Phone Use,1,0,0,0,1,0,Low
2022,2,Wednesday,18,Punjab,Sheikhupura,Urban Road,Good,Foggy,Daylight,Bus/Coach,2,Mobile Phone Use,1,0,0,1,0,0,Low
2019,11,Saturday,20,Punjab,Gujranwala,Provincial Highway,Good,Clear,No Light,Rickshaw,4,Road Condition,1,1,0,1,1,0,Low
2021,12,Monday,9,Sindh,Mirpur Khas,National Highway,Good,Foggy,No Light,Van/Pickup,2,Mobile Phone Use,1,0,0,1,1,0,Low
2020,6,Sunday,14,Punjab,Sargodha,Provincial Highway,Under Repair,Clear,Daylight,Bicycle,3,Signal Violation,0,1,0,0,4,1,Medium
2018,8,Sunday,19,KPK,Kohat,Provincial Highway,Under Repair,Clear,Street Light,Motorcycle,3,Over Speeding,1,1,0,0,7,1,High
2020,4,Sunday,13,Punjab,Sialkot,Provincial Highway,Average,Dusty/Smoggy,Daylight,Car/Taxi,2,Road Condition,1,1,0,0,1,1,Low
2022,11,Thursday,17,KPK,Abbottabad,National Highway,Average,Rainy,Daylight,Motorcycle,2,Over Speeding,1,0,0,1,4,2,High
2022,3,Sunday,2,Sindh,Sukkur,Rural Road,Under Repair,Clear,Street Light,Van/Pickup,1,Over Speeding,0,1,1,0,1,0,Low
2018,6,Saturday,11,AJK,Rawalakot,Urban Road,Good,Rainy,Daylight,Motorcycle,2,Road Condition,0,1,0,0,2,0,Medium
2021,11,Saturday,18,Gilgit-Baltistan,Hunza,Provincial Highway,Poor,Foggy,Daylight,Rickshaw,3,Over Speeding,1,1,0,1,4,1,High
2019,1,Saturday,9,Balochistan,Quetta,Provincial Highway,Average,Foggy,Daylight,Van/Pickup,1,Over Speeding,1,1,0,1,3,1,Medium
2023,12,Thursday,17,KPK,Abbottabad,Urban Road,Average,Clear,Daylight,Bus/Coach,4,Over Speeding,1,0,0,1,4,1,Medium
2018,6,Friday,13,Punjab,Multan,Provincial Highway,Good,Dusty/Smoggy,Daylight,Motorcycle,2,Road Condition,1,0,0,0,5,2,Medium
2019,7,Friday,20,KPK,Mansehra,Urban Road,Poor,Foggy,Street Light,Motorcycle,2,Pedestrian Error,1,0,0,0,1,0,Low
2018,12,Sunday,15,Islamabad,Islamabad,Rural Road,Poor,Rainy,No Light,Motorcycle,3,Road Condition,0,1,0,1,1,0,Low
2023,10,Wednesday,12,Punjab,Multan,Rural Road,Good,Clear,Daylight,Motorcycle,2,Mechanical Failure,1,0,0,0,2,0,Low
2023,6,Tuesday,15,Sindh,Sukkur,Urban Road,Good,Rainy,Daylight,Bus/Coach,2,Wrong Overtaking,0,0,0,0,4,1,Medium
2020,7,Monday,5,Punjab,Bahawalpur,Urban Road,Average,Rainy,Dawn/Dusk,Motorcycle,2,Over Speeding,0,0,1,0,7,1,High
2022,12,Tuesday,14,Sindh,Mirpur Khas,Urban Road,Average,Clear,Daylight,Motorcycle,1,Pedestrian Error,0,0,0,1,5,0,Medium
2022,4,Monday,14,Sindh,Sukkur,Provincial Highway,Average,Clear,Daylight,Motorcycle,1,Over Speeding,0,0,0,0,6,4,High
2022,1,Friday,5,Sindh,Larkana,Rural Road,Average,Clear,Dawn/Dusk,Car/Taxi,1,Over Speeding,0,0,1,1,1,1,Medium
2022,1,Sunday,5,Sindh,Larkana,Provincial Highway,Good,Clear,Dawn/Dusk,Motorcycle,4,Signal Violation,0,1,1,1,4,0,High
2023,4,Friday,10,Islamabad,Islamabad,Rural Road,Average,Foggy,Daylight,Car/Taxi,1,Over Speeding,0,0,0,0,4,0,Medium
2023,12,Sunday,17,Sindh,Sukkur,Rural Road,Good,Extreme Heat,Daylight,Motorcycle,1,Road Condition,1,1,0,1,3,0,Medium
2019,2,Thursday,17,Balochistan,Sibi,Provincial Highway,Good,Clear,Daylight,Truck/Lorry,1,Over Speeding,1,0,0,1,3,1,High
2023,3,Sunday,11,Punjab,Multan,Urban Road,Good,Clear,Daylight,Rickshaw,2,Signal Violation,0,1,0,0,2,0,Low
2023,1,Tuesday,3,Sindh,Thatta,Urban Road,Good,Rainy,No Light,Rickshaw,2,Wrong Overtaking,0,0,1,1,4,2,Medium
2023,4,Tuesday,19,Sindh,Dadu,Provincial Highway,Good,Clear,Street Light,Car/Taxi,2,Signal Violation,1,0,0,0,0,0,Low
2021,2,Sunday,9,Punjab,Sargodha,Urban Road,Good,Extreme Heat,Daylight,Truck/Lorry,3,Over Speeding,1,1,0,1,3,0,Medium
2020,1,Wednesday,7,Punjab,Rawalpindi,National Highway,Good,Foggy,Daylight,Truck/Lorry,3,Over Speeding,1,0,0,1,2,0,High
2020,7,Wednesday,7,Sindh,Karachi,National Highway,Good,Rainy,Dawn/Dusk,Motorcycle,1,Over Speeding,1,0,0,0,3,1,High
2019,1,Wednesday,16,Sindh,Dadu,Urban Road,Average,Clear,Street Light,Rickshaw,2,Mobile Phone Use,0,0,0,1,2,0,Low
2018,1,Sunday,19,Sindh,Larkana,Provincial Highway,Poor,Clear,No Light,Motorcycle,2,Over Speeding,1,1,0,1,7,0,High
2021,8,Tuesday,5,Punjab,Rawalpindi,Provincial Highway,Good,Rainy,Daylight,Motorcycle,1,Over Speeding,0,0,1,0,4,3,High
2021,5,Saturday,9,Punjab,Sargodha,National Highway,Good,Dusty/Smoggy,Daylight,Car/Taxi,2,Driver Fatigue,1,1,0,0,4,1,Medium
2022,8,Monday,7,Sindh,Kashmore,Motorway,Good,Foggy,Daylight,Bus/Coach,2,Driver Fatigue,1,0,0,0,3,0,High
2023,3,Monday,0,Punjab,Sheikhupura,National Highway,Average,Rainy,Street Light,Rickshaw,3,Wrong Overtaking,0,0,1,0,8,3,High
2019,2,Tuesday,10,Punjab,Sargodha,Urban Road,Good,Clear,Daylight,Bus/Coach,1,Signal Violation,0,0,0,1,1,0,Medium
2020,2,Wednesday,0,Punjab,Sheikhupura,Rural Road,Average,Dusty/Smoggy,No Light,Motorcycle,2,Wrong Overtaking,0,0,1,1,2,1,Medium
2023,3,Tuesday,11,Punjab,Sargodha,Provincial Highway,Average,Clear,Daylight,Motorcycle,3,Over Speeding,0,0,0,0,5,4,High
2023,8,Monday,8,Punjab,Bahawalpur,Urban Road,Average,Clear,Daylight,Bus/Coach,3,Mobile Phone Use,1,0,0,0,0,0,Low
2020,6,Sunday,17,Punjab,Bahawalpur,Provincial Highway,Average,Clear,No Light,Car/Taxi,2,Wrong Overtaking,1,1,0,0,2,0,Medium
2022,6,Sunday,16,Punjab,Bahawalpur,Urban Road,Average,Foggy,Daylight,Motorcycle,2,Pedestrian Error,0,1,0,0,2,0,Medium
2019,7,Monday,16,Sindh,Hyderabad,Provincial Highway,Under Repair,Clear,Daylight,Motorcycle,2,Over Speeding,0,0,0,0,5,2,High
2018,5,Saturday,20,Punjab,Faisalabad,Provincial Highway,Good,Clear,Street Light,Van/Pickup,4,Signal Violation,1,1,0,0,3,1,Medium
2021,6,Friday,20,Sindh,Hyderabad,Motorway,Poor,Clear,Street Light,Bus/Coach,2,Over Speeding,1,0,0,0,3,0,Medium
2023,12,Sunday,19,Balochistan,Loralai,Provincial Highway,Poor,Clear,No Light,Car/Taxi,3,Wrong Overtaking,1,1,0,1,2,0,Low
2019,5,Friday,20,KPK,Charsadda,Provincial Highway,Good,Clear,Street Light,Van/Pickup,3,Road Condition,1,0,0,0,0,0,Low
2023,7,Thursday,12,Punjab,Rahim Yar Khan,National Highway,Average,Clear,Daylight,Motorcycle,1,Wrong Overtaking,1,0,0,0,5,0,Medium
2018,9,Sunday,13,Islamabad,Islamabad,Rural Road,Under Repair,Clear,Daylight,Rickshaw,3,Mobile Phone Use,1,1,0,0,2,0,Low
2021,2,Friday,21,Punjab,Lahore,Rural Road,Average,Clear,Street Light,Rickshaw,2,Mobile Phone Use,0,0,0,1,0,1,Low
2023,10,Friday,7,Punjab,Bahawalpur,Urban Road,Good,Dusty/Smoggy,Daylight,Van/Pickup,2,Over Speeding,1,0,0,0,2,0,Low
2020,4,Sunday,21,Gilgit-Baltistan,Hunza,Rural Road,Good,Foggy,No Light,Motorcycle,4,Pedestrian Error,0,1,0,0,5,1,Medium
2018,6,Saturday,10,Balochistan,Chaman,National Highway,Poor,Rainy,Daylight,Car/Taxi,4,Mobile Phone Use,0,1,0,0,1,0,Medium
2018,1,Wednesday,7,Sindh,Mirpur Khas,National Highway,Average,Foggy,Daylight,Truck/Lorry,1,Over Speeding,1,0,0,1,7,1,High
2022,8,Thursday,11,KPK,Abbottabad,Motorway,Good,Extreme Heat,Daylight,Bus/Coach,2,Driver Fatigue,0,0,0,0,3,1,Medium
2022,6,Tuesday,11,KPK,Peshawar,National Highway,Good,Clear,Daylight,Car/Taxi,3,Wrong Overtaking,0,0,0,0,5,0,Medium
2020,10,Thursday,22,Punjab,Multan,Rural Road,Average,Clear,Street Light,Motorcycle,3,Wrong Overtaking,0,0,1,0,3,4,High
2018,2,Saturday,18,Punjab,Sargodha,Rural Road,Good,Dusty/Smoggy,Daylight,Motorcycle,2,Over Speeding,1,1,0,1,5,0,Medium
2018,7,Sunday,12,Sindh,Jacobabad,Provincial Highway,Average,Clear,Daylight,Car/Taxi,1,Over Speeding,1,1,0,0,0,0,Low
2022,10,Friday,15,Balochistan,Hub,National Highway,Average,Clear,Daylight,Motorcycle,2,Over Speeding,0,0,0,0,5,0,High
2021,8,Thursday,9,Punjab,Sialkot,National Highway,Average,Clear,Daylight,Motorcycle,2,Pedestrian Error,1,0,0,0,5,0,Medium
2021,1,Thursday,19,KPK,Bannu,National Highway,Average,Clear,Dawn/Dusk,Motorcycle,2,Signal Violation,1,0,0,1,2,2,Medium
2022,12,Saturday,13,Punjab,Sargodha,Rural Road,Under Repair,Clear,Daylight,Truck/Lorry,2,Over Speeding,1,1,0,1,5,1,Medium
2022,3,Sunday,13,Sindh,Hyderabad,Provincial Highway,Average,Dusty/Smoggy,No Light,Rickshaw,3,Wrong Overtaking,1,1,0,0,0,0,Low
2023,5,Sunday,13,Sindh,Hyderabad,Motorway,Poor,Foggy,Daylight,Bus/Coach,3,Over Speeding,1,1,0,0,3,2,High
2023,8,Sunday,10,KPK,Mardan,Provincial Highway,Under Repair,Rainy,Daylight,Rickshaw,2,Wrong Overtaking,0,1,0,0,3,0,Medium
2023,7,Thursday,10,Punjab,Faisalabad,National Highway,Poor,Clear,Daylight,Motorcycle,1,Mechanical Failure,0,0,0,0,4,2,High
2020,8,Tuesday,18,Punjab,Gujranwala,National Highway,Good,Dusty/Smoggy,No Light,Van/Pickup,2,Over Speeding,1,0,0,0,1,0,Medium
2021,1,Friday,10,Sindh,Kashmore,Provincial Highway,Good,Clear,Daylight,Bicycle,2,Mechanical Failure,0,0,0,1,1,0,Medium
2022,7,Saturday,16,Punjab,Gujranwala,Urban Road,Under Repair,Foggy,No Light,Car/Taxi,2,Over Speeding,0,1,0,0,2,0,Low
2020,6,Friday,2,Punjab,Bahawalpur,National Highway,Good,Clear,No Light,Bus/Coach,2,Wrong Overtaking,0,0,1,0,7,1,High
2021,8,Saturday,19,KPK,Kohat,National Highway,Good,Clear,Dawn/Dusk,Car/Taxi,1,Mobile Phone Use,1,1,0,0,3,0,Medium
2023,4,Friday,6,Sindh,Thatta,Rural Road,Good,Clear,Daylight,Car/Taxi,3,Over Speeding,0,0,0,0,1,1,Low
2023,12,Friday,21,Punjab,Sialkot,Rural Road,Good,Clear,Street Light,Car/Taxi,1,Road Condition,0,0,0,1,0,0,Low
2021,6,Thursday,0,Sindh,Kashmore,National Highway,Good,Clear,Street Light,Motorcycle,2,Wrong Overtaking,0,0,1,0,11,0,High
2018,7,Saturday,12,Balochistan,Gwadar,Urban Road,Good,Dusty/Smoggy,Street Light,Bus/Coach,2,Signal Violation,1,1,0,0,1,0,Low
2023,4,Sunday,17,Punjab,Rahim Yar Khan,Provincial Highway,Average,Dusty/Smoggy,Daylight,Bus/Coach,2,Road Condition,1,1,0,0,5,0,Medium
2019,6,Sunday,17,Sindh,Larkana,Urban Road,Under Repair,Clear,Dawn/Dusk,Car/Taxi,1,Wrong Overtaking,1,1,0,0,1,0,Low
2022,1,Monday,22,Punjab,Rawalpindi,National Highway,Average,Clear,Street Light,Motorcycle,2,Over Speeding,0,0,1,1,9,3,High
2022,11,Monday,12,Punjab,Sheikhupura,Provincial Highway,Poor,Rainy,Daylight,Rickshaw,3,Signal Violation,1,0,0,1,1,1,Medium
2022,8,Wednesday,20,Punjab,Gujranwala,Provincial Highway,Under Repair,Clear,Street Light,Car/Taxi,2,Over Speeding,1,0,0,0,1,0,Medium
2022,8,Saturday,17,Sindh,Thatta,National Highway,Good,Clear,Street Light,Motorcycle,3,Over Speeding,1,1,0,0,8,1,High
2023,4,Friday,13,KPK,Swat,Rural Road,Average,Clear,Daylight,Van/Pickup,2,Driver Fatigue,1,0,0,0,0,0,Low
2023,12,Tuesday,10,Punjab,Rawalpindi,National Highway,Average,Clear,Dawn/Dusk,Rickshaw,1,Over Speeding,0,0,0,1,4,1,Medium
2022,11,Tuesday,7,Sindh,Nawabshah,National Highway,Good,Rainy,Daylight,Car/Taxi,1,Drunk Driving,1,0,0,1,1,1,Medium
2020,8,Sunday,6,Punjab,Sialkot,Urban Road,Average,Clear,Daylight,Truck/Lorry,1,Over Speeding,0,1,0,0,0,0,Low
2023,1,Tuesday,21,Punjab,Sialkot,National Highway,Average,Foggy,Street Light,Bicycle,2,Mechanical Failure,0,0,0,1,3,0,Medium
2019,7,Monday,17,Sindh,Hyderabad,Motorway,Poor,Clear,Daylight,Motorcycle,2,Over Speeding,1,0,0,0,6,0,High
2018,9,Tuesday,13,KPK,Mansehra,National Highway,Average,Rainy,Daylight,Bus/Coach,2,Pedestrian Error,1,0,0,0,5,0,Medium
2023,11,Tuesday,13,KPK,Kohat,Urban Road,Good,Clear,Daylight,Bus/Coach,2,Road Condition,1,0,0,1,2,0,Low
2019,8,Tuesday,11,Balochistan,Hub,Provincial Highway,Under Repair,Clear,Street Light,Motorcycle,2,Mobile Phone Use,0,0,0,0,1,0,Low
2018,7,Sunday,21,Punjab,Rawalpindi,National Highway,Average,Clear,No Light,Motorcycle,3,Wrong Overtaking,0,1,0,0,11,2,High
2023,7,Friday,17,KPK,Kohat,Rural Road,Good,Clear,Daylight,Motorcycle,2,Pedestrian Error,1,0,0,0,1,0,Low
2022,6,Monday,18,Punjab,Rahim Yar Khan,Provincial Highway,Good,Foggy,Street Light,Car/Taxi,2,Signal Violation,1,0,0,0,0,0,Low
2020,4,Thursday,20,KPK,Peshawar,Urban Road,Average,Clear,No Light,Bus/Coach,2,Over Speeding,1,0,0,0,2,0,Medium
2022,5,Tuesday,14,Islamabad,Islamabad,Rural Road,Poor,Clear,Daylight,Motorcycle,2,Over Speeding,0,0,0,0,6,1,High
2022,6,Monday,18,Punjab,Lahore,Urban Road,Average,Clear,Daylight,Motorcycle,2,Over Speeding,1,0,0,0,5,1,Medium
2020,9,Saturday,11,Sindh,Jacobabad,National Highway,Poor,Extreme Heat,Daylight,Bicycle,1,Mechanical Failure,0,1,0,0,11,1,High
2022,1,Tuesday,22,Sindh,Kashmore,Provincial Highway,Good,Clear,No Light,Motorcycle,3,Pedestrian Error,0,0,1,1,1,0,Medium
2023,5,Monday,10,KPK,Nowshera,Rural Road,Average,Dusty/Smoggy,Daylight,Rickshaw,3,Mobile Phone Use,0,0,0,0,1,0,Low
2023,1,Saturday,19,Punjab,Sheikhupura,Rural Road,Poor,Clear,No Light,Motorcycle,3,Mechanical Failure,1,1,0,1,2,0,Low
2022,7,Thursday,9,AJK,Muzaffarabad,National Highway,Average,Rainy,Daylight,Motorcycle,2,Wrong Overtaking,1,0,0,0,10,3,High
2023,9,Wednesday,20,Sindh,Jacobabad,Urban Road,Average,Rainy,No Light,Car/Taxi,2,Wrong Overtaking,1,0,0,0,0,0,Low
2020,3,Wednesday,17,Punjab,Rahim Yar Khan,Urban Road,Poor,Rainy,Daylight,Car/Taxi,4,Wrong Overtaking,1,0,0,0,4,0,Medium
2019,11,Friday,18,Punjab,Sheikhupura,National Highway,Poor,Clear,Daylight,Rickshaw,2,Wrong Overtaking,1,0,0,1,1,0,Low
2019,11,Thursday,16,KPK,Dera Ismail Khan,Urban Road,Average,Dusty/Smoggy,Daylight,Motorcycle,3,Pedestrian Error,0,0,0,1,1,0,Low
2020,4,Friday,7,Punjab,Sheikhupura,Provincial Highway,Good,Clear,Daylight,Motorcycle,2,Mobile Phone Use,1,0,0,0,2,0,Low
2020,12,Saturday,10,Punjab,Rawalpindi,National Highway,Good,Clear,Daylight,Rickshaw,2,Mechanical Failure,0,1,0,1,4,1,Medium
2022,11,Saturday,19,Sindh,Larkana,Urban Road,Average,Dusty/Smoggy,No Light,Motorcycle,3,Signal Violation,1,1,0,1,1,0,Low
2022,1,Thursday,15,Sindh,Karachi,National Highway,Average,Rainy,Daylight,Car/Taxi,3,Over Speeding,0,0,0,1,1,0,Medium
2019,7,Sunday,13,KPK,Mardan,National Highway,Average,Rainy,Daylight,Truck/Lorry,1,Driver Fatigue,1,1,0,0,5,3,High
2022,8,Wednesday,7,Punjab,Bahawalpur,Provincial Highway,Good,Rainy,Street Light,Motorcycle,2,Over Speeding,1,0,0,0,2,2,High
2018,1,Thursday,18,KPK,Bannu,Urban Road,Poor,Foggy,Daylight,Car/Taxi,1,Driver Fatigue,1,0,0,1,1,2,Medium
2023,7,Sunday,8,AJK,Muzaffarabad,Provincial Highway,Good,Foggy,Daylight,Motorcycle,2,Wrong Overtaking,1,1,0,0,11,2,High
2022,2,Thursday,18,Punjab,Sheikhupura,Rural Road,Good,Rainy,Street Light,Truck/Lorry,1,Signal Violation,1,0,0,1,1,0,Low
2019,7,Monday,12,KPK,Peshawar,Rural Road,Good,Clear,Daylight,Motorcycle,3,Pedestrian Error,1,0,0,0,2,0,Low
2021,4,Monday,23,Islamabad,Islamabad,Provincial Highway,Poor,Foggy,Street Light,Motorcycle,3,Wrong Overtaking,0,0,1,0,10,0,High
2019,1,Monday,6,KPK,Charsadda,National Highway,Good,Clear,Daylight,Rickshaw,1,Over Speeding,0,0,0,1,1,0,Medium
2019,6,Wednesday,12,KPK,Kohat,Rural Road,Good,Clear,Daylight,Motorcycle,2,Over Speeding,1,0,0,0,3,1,Medium
2023,11,Friday,11,Punjab,Rawalpindi,Provincial Highway,Under Repair,Clear,Daylight,Bus/Coach,2,Over Speeding,0,0,0,1,2,1,Medium
2023,7,Monday,16,Sindh,Nawabshah,Provincial Highway,Average,Foggy,Dawn/Dusk,Motorcycle,2,Drunk Driving,0,0,0,0,5,1,High
2023,8,Tuesday,20,Sindh,Larkana,Motorway,Poor,Clear,No Light,Motorcycle,3,Wrong Overtaking,1,0,0,0,2,1,High
2020,8,Saturday,6,KPK,Peshawar,Provincial Highway,Average,Clear,Street Light,Car/Taxi,2,Road Condition,0,1,0,0,1,0,Low
2018,5,Saturday,3,Gilgit-Baltistan,Hunza,Rural Road,Good,Clear,No Light,Bus/Coach,2,Mechanical Failure,0,1,1,0,5,2,Medium
2019,6,Friday,17,Punjab,Faisalabad,National Highway,Good,Clear,Daylight,Motorcycle,2,Wrong Overtaking,1,0,0,0,4,2,High
2018,2,Sunday,15,Punjab,Lahore,National Highway,Average,Rainy,Daylight,Motorcycle,3,Signal Violation,0,1,0,1,2,1,High
2023,6,Monday,19,Punjab,Rahim Yar Khan,Provincial Highway,Poor,Clear,Daylight,Motorcycle,2,Wrong Overtaking,1,0,0,0,2,0,Medium
2018,4,Saturday,5,KPK,Bannu,Urban Road,Under Repair,Extreme Heat,Dawn/Dusk,Van/Pickup,3,Wrong Overtaking,0,1,1,0,2,0,Low
2018,7,Sunday,14,Punjab,Rawalpindi,Provincial Highway,Poor,Foggy,Daylight,Bus/Coach,2,Over Speeding,0,1,0,0,4,0,Medium
2023,10,Tuesday,15,Sindh,Karachi,Provincial Highway,Average,Clear,Dawn/Dusk,Motorcycle,2,Wrong Overtaking,0,0,0,0,2,0,Medium
2021,1,Friday,6,Punjab,Rawalpindi,Provincial Highway,Average,Clear,Daylight,Motorcycle,3,Wrong Overtaking,0,0,0,1,2,1,Medium
2022,3,Saturday,18,Sindh,Karachi,Provincial Highway,Good,Clear,Daylight,Car/Taxi,2,Road Condition,1,1,0,0,2,0,Low
2020,6,Sunday,10,Punjab,Lahore,Rural Road,Under Repair,Clear,Street Light,Car/Taxi,2,Pedestrian Error,0,1,0,0,2,0,Low
2022,6,Monday,1,Balochistan,Sibi,Urban Road,Average,Clear,Street Light,Rickshaw,1,Over Speeding,0,0,1,0,2,0,Low
2019,8,Tuesday,8,Sindh,Karachi,National Highway,Good,Rainy,Daylight,Car/Taxi,2,Over Speeding,1,0,0,0,7,0,High
2021,8,Thursday,19,Islamabad,Islamabad,Urban Road,Average,Foggy,Dawn/Dusk,Motorcycle,3,Over Speeding,1,0,0,0,5,0,Medium
2023,6,Sunday,19,Sindh,Mirpur Khas,Urban Road,Poor,Clear,Dawn/Dusk,Motorcycle,2,Over Speeding,1,1,0,0,1,1,Medium
2022,5,Saturday,12,Punjab,Gujranwala,National Highway,Average,Clear,Daylight,Motorcycle,2,Driver Fatigue,1,1,0,0,11,2,High
2019,12,Monday,8,Punjab,Lahore,Rural Road,Good,Clear,Daylight,Car/Taxi,2,Over Speeding,1,0,0,1,2,0,Low
2022,7,Saturday,21,AJK,Muzaffarabad,National Highway,Good,Foggy,No Light,Motorcycle,3,Wrong Overtaking,0,1,0,0,3,2,High
2019,10,Sunday,19,KPK,Bannu,National Highway,Poor,Clear,Dawn/Dusk,Car/Taxi,3,Signal Violation,1,1,0,0,5,0,Medium
2018,1,Thursday,11,Punjab,Gujranwala,Rural Road,Good,Clear,Daylight,Motorcycle,2,Mobile Phone Use,0,0,0,1,1,0,Medium
2021,5,Monday,12,KPK,Mardan,Urban Road,Average,Foggy,Daylight,Truck/Lorry,2,Driver Fatigue,1,0,0,0,2,4,High
2022,5,Monday,12,Punjab,Sargodha,National Highway,Average,Clear,Daylight,Bicycle,2,Road Condition,1,0,0,0,4,1,Medium
2020,9,Monday,20,Punjab,Sheikhupura,Urban Road,Poor,Clear,No Light,Van/Pickup,3,Over Speeding,1,0,0,0,4,0,Medium
2018,1,Saturday,13,Punjab,Multan,Rural Road,Average,Foggy,Daylight,Bus/Coach,3,Mechanical Failure,1,1,0,1,0,0,Low
2021,3,Tuesday,21,KPK,Kohat,National Highway,Under Repair,Foggy,Street Light,Bus/Coach,2,Wrong Overtaking,0,0,0,0,4,0,Medium
2023,11,Monday,16,Punjab,Sheikhupura,Provincial Highway,Good,Clear,Daylight,Rickshaw,1,Wrong Overtaking,0,0,0,1,0,0,Low
2022,7,Wednesday,11,Punjab,Faisalabad,Rural Road,Under Repair,Clear,Daylight,Motorcycle,2,Signal Violation,0,0,0,0,0,0,Low
2018,12,Sunday,14,Punjab,Gujranwala,Urban Road,Average,Clear,Daylight,Van/Pickup,4,Mobile Phone Use,0,1,0,1,1,0,Low
2023,11,Thursday,11,Punjab,Sialkot,Urban Road,Average,Clear,Dawn/Dusk,Car/Taxi,1,Wrong Overtaking,0,0,0,1,2,0,Low
2018,5,Wednesday,12,Sindh,Sukkur,Provincial Highway,Poor,Rainy,Dawn/Dusk,Car/Taxi,1,Road Condition,1,0,0,0,0,0,Low
2021,3,Monday,22,Punjab,Rahim Yar Khan,Provincial Highway,Good,Clear,Street Light,Motorcycle,2,Road Condition,0,0,1,0,3,2,High
2019,4,Monday,11,Punjab,Sheikhupura,Provincial Highway,Average,Clear,Daylight,Motorcycle,1,Driver Fatigue,0,0,0,0,5,1,Medium
2022,7,Monday,16,Islamabad,Islamabad,Rural Road,Poor,Clear,Daylight,Truck/Lorry,2,Pedestrian Error,0,0,0,0,2,0,Low
2023,10,Tuesday,4,Punjab,Rahim Yar Khan,Provincial Highway,Poor,Rainy,Street Light,Motorcycle,2,Over Speeding,0,0,1,0,5,1,High
2023,5,Saturday,19,Punjab,Bahawalpur,Provincial Highway,Under Repair,Clear,Dawn/Dusk,Truck/Lorry,3,Over Speeding,1,1,0,0,6,3,High
2022,1,Tuesday,16,Sindh,Larkana,Provincial Highway,Average,Clear,Daylight,Motorcycle,1,Over Speeding,0,0,0,1,7,1,High
2022,5,Thursday,15,Sindh,Mirpur Khas,Urban Road,Good,Extreme Heat,Daylight,Motorcycle,3,Drunk Driving,0,0,0,0,3,2,High
2021,10,Sunday,19,KPK,Charsadda,Urban Road,Good,Clear,Dawn/Dusk,Rickshaw,3,Pedestrian Error,1,1,0,0,2,0,Low
2022,3,Wednesday,11,Punjab,Rahim Yar Khan,Urban Road,Average,Clear,Daylight,Car/Taxi,1,Mobile Phone Use,0,0,0,0,1,0,Low
2023,7,Wednesday,13,Balochistan,Dera Bugti,Rural Road,Average,Clear,Daylight,Bus/Coach,1,Over Speeding,1,0,0,0,2,0,Medium
2023,1,Friday,17,KPK,Peshawar,Rural Road,Under Repair,Rainy,Street Light,Motorcycle,1,Road Condition,1,0,0,1,1,1,Medium
2019,12,Sunday,10,KPK,Charsadda,National Highway,Average,Rainy,No Light,Motorcycle,2,Road Condition,0,1,0,1,2,1,Medium
2020,10,Thursday,12,Punjab,Sialkot,Motorway,Average,Clear,Dawn/Dusk,Motorcycle,1,Wrong Overtaking,1,0,0,0,2,0,Medium