year,month,day_of_week,hour_of_day,province,district,road_type,road_condition,weather_condition,lighting_condition,vehicle_type,vehicles_involved,accident_cause,is_rush_hour,is_weekend,is_night,is_foggy_month,num_injured,num_killed,severity
2019,3,Friday,12,Punjab,Sargodha,National Highway,Average,Extreme Heat,Daylight,Car/Taxi,2,Wrong Overtaking,1,0,0,0,5,1,Medium
2023,7,Friday,2,Sindh,Larkana,Urban Road,Good,Dusty/Smoggy,No Light,Motorcycle,2,Mechanical Failure,0,0,1,0,2,1,Medium
2023,11,Monday,19,Balochistan,Zhob,Urban Road,Average,Foggy,Street Light,Rickshaw,2,Wrong Overtaking,1,0,0,1,0,0,Low
2021,10,Wednesday,5,Sindh,Kashmore,National Highway,Poor,Dusty/Smoggy,Daylight,Truck/Lorry,2,Over Speeding,0,0,1,0,8,0,High
2023,6,Tuesday,15,Punjab,Rahim Yar Khan,Motorway,Good,Clear,Daylight,Rickshaw,3,Mechanical Failure,0,0,0,0,0,0,Low
2020,4,Saturday,4,Punjab,Multan,Provincial Highway,Under Repair,Clear,No Light,Car/Taxi,2,Over Speeding,0,1,1,0,11,2,High
2022,6,Thursday,12,KPK,Dera Ismail Khan,Rural Road,Average,Dusty/Smoggy,Daylight,Truck/Lorry,1,Drunk Driving,1,0,0,0,0,0,Low
2021,6,Friday,20,KPK,Dera Ismail Khan,Provincial Highway,Under Repair,Foggy,No Light,Motorcycle,1,Drunk Driving,1,0,0,0,4,1,High
2022,12,Sunday,17,Punjab,Faisalabad,Provincial Highway,Good,Dusty/Smoggy,No Light,Motorcycle,3,Over Speeding,1,1,0,1,9,1,High
2022,11,Tuesday,8,Punjab,Lahore,Urban Road,Poor,Clear,Daylight,Rickshaw,1,Mechanical Failure,1,0,0,1,1,0,Low
2021,10,Monday,16,Punjab,Multan,Provincial Highway,Average,Clear,Daylight,Motorcycle,4,Mechanical Failure,0,0,0,0,2,0,Low
2021,2,Saturday,7,Sindh,Jacobabad,Provincial Highway,Good,Clear,Daylight,Truck/Lorry,2,Drunk Driving,1,1,0,1,2,2,Medium
2021,2,Sunday,8,KPK,Charsadda,Provincial Highway,Average,Clear,Daylight,Rickshaw,1,Signal Violation,1,1,0,1,2,0,Low
2020,7,Tuesday,9,KPK,Abbottabad,Provincial Highway,Under Repair,Extreme Heat,Daylight,Motorcycle,2,Over Speeding,1,0,0,0,9,0,High
2022,11,Tuesday,20,Sindh,Sukkur,Provincial Highway,Good,Rainy,No Light,Car/Taxi,1,Over Speeding,1,0,0,1,5,1,High
2018,8,Monday,22,Punjab,Gujranwala,Rural Road,Good,Clear,No Light,Truck/Lorry,3,Driver Fatigue,0,0,1,0,4,1,Medium
2021,9,Sunday,20,KPK,Dera Ismail Khan,Rural Road,Good,Rainy,No Light,Van/Pickup,2,Road Condition,1,1,0,0,2,0,Low
2018,5,Saturday,21,AJK,Mirpur,Rural Road,Average,Rainy,No Light,Car/Taxi,2,Driver Fatigue,0,1,0,0,5,0,Medium
2020,2,Saturday,11,Balochistan,Loralai,National Highway,Good,Clear,Daylight,Motorcycle,3,Signal Violation,0,1,0,1,5,1,Medium
2023,6,Wednesday,14,Balochistan,Gwadar,Provincial Highway,Under Repair,Rainy,Daylight,Motorcycle,3,Over Speeding,0,0,0,0,9,1,High
2019,2,Tuesday,10,Punjab,Sargodha,Rural Road,Good,Clear,Daylight,Motorcycle,1,Wrong Overtaking,0,0,0,1,1,1,Medium
2023,2,Friday,9,KPK,Mardan,National Highway,Poor,Clear,Daylight,Truck/Lorry,2,Over Speeding,1,0,0,1,6,2,High
2022,11,Wednesday,0,Balochistan,Quetta,National Highway,Average,Clear,No Light,Car/Taxi,3,Driver Fatigue,0,0,1,1,3,1,High
2023,3,Saturday,21,KPK,Mansehra,Provincial Highway,Good,Clear,No Light,Motorcycle,1,Over Speeding,0,1,0,0,3,1,Medium
2018,11,Saturday,22,Punjab,Multan,Provincial Highway,Average,Foggy,Street Light,Car/Taxi,2,Mobile Phone Use,0,1,1,1,2,0,Medium
2021,9,Friday,9,Islamabad,Islamabad,Rural Road,Average,Clear,Daylight,Motorcycle,3,Wrong Overtaking,1,0,0,0,5,0,Medium
2022,1,Saturday,2,Sindh,Jacobabad,Urban Road,Good,Rainy,Street Light,Motorcycle,2,Wrong Overtaking,0,1,1,1,3,1,High
2019,7,Friday,8,Punjab,Lahore,Urban Road,Good,Clear,Street Light,Motorcycle,1,Drunk Driving,1,0,0,0,10,2,High
2019,1,Sunday,13,Punjab,Lahore,National Highway,Good,Foggy,Daylight,Bus/Coach,3,Over Speeding,1,1,0,1,2,0,High
2022,6,Friday,17,Sindh,Mirpur Khas,National Highway,Good,Dusty/Smoggy,Daylight,Motorcycle,2,Road Condition,1,0,0,0,4,0,High
2023,9,Saturday,10,Sindh,Karachi,Provincial Highway,Average,Dusty/Smoggy,Daylight,Van/Pickup,3,Over Speeding,0,1,0,0,2,2,Medium
2020,11,Saturday,8,Punjab,Faisalabad,Rural Road,Good,Rainy,Daylight,Motorcycle,1,Road Condition,1,1,0,1,0,0,Low
2019,5,Sunday,8,KPK,Abbottabad,National Highway,Good,Dusty/Smoggy,Daylight,Motorcycle,4,Pedestrian Error,1,1,0,0,8,2,High
2019,12,Wednesday,15,KPK,Peshawar,National Highway,Average,Dusty/Smoggy,Daylight,Bus/Coach,2,Pedestrian Error,0,0,0,1,5,0,Medium
2023,2,Thursday,21,KPK,Charsadda,Urban Road,Poor,Foggy,No Light,Motorcycle,1,Over Speeding,0,0,0,1,9,0,High
2021,5,Wednesday,21,Punjab,Faisalabad,Provincial Highway,Average,Clear,Street Light,Motorcycle,2,Over Speeding,0,0,0,0,6,3,High
2021,11,Tuesday,20,KPK,Mardan,National Highway,Average,Clear,No Light,Motorcycle,2,Over Speeding,1,0,0,1,5,4,High
2020,12,Tuesday,9,Punjab,Bahawalpur,National Highway,Good,Clear,Daylight,Motorcycle,1,Over Speeding,1,0,0,1,4,1,High
2022,7,Saturday,16,Punjab,Sargodha,National Highway,Good,Foggy,Daylight,Bicycle,2,Over Speeding,0,1,0,0,11,3,High
2023,10,Sunday,22,Punjab,Rawalpindi,National Highway,Good,Clear,No Light,Motorcycle,2,Mobile Phone Use,0,1,1,0,5,0,Medium
2019,9,Saturday,23,KPK,Kohat,National Highway,Average,Clear,Street Light,Car/Taxi,2,Wrong Overtaking,0,1,1,0,1,0,Medium
2023,8,Sunday,6,Punjab,Rawalpindi,Urban Road,Poor,Foggy,Dawn/Dusk,Bus/Coach,1,Wrong Overtaking,0,1,0,0,2,1,Medium
2022,4,Monday,2,Punjab,Gujranwala,Rural Road,Good,Foggy,Street Light,Rickshaw,1,Pedestrian Error,0,0,1,0,0,0,Low
2022,11,Tuesday,9,Punjab,Sheikhupura,Urban Road,Good,Clear,Daylight,Motorcycle,2,Road Condition,1,0,0,1,0,0,Low
2021,5,Sunday,5,Sindh,Sukkur,Urban Road,Average,Foggy,Dawn/Dusk,Bicycle,2,Wrong Overtaking,0,1,1,0,10,0,High
2019,12,Saturday,17,Islamabad,Islamabad,National Highway,Good,Rainy,Daylight,Motorcycle,3,Wrong Overtaking,1,1,0,1,2,2,High
2021,1,Saturday,3,Islamabad,Islamabad,Provincial Highway,Under Repair,Clear,Street Light,Motorcycle,2,Road Condition,0,1,1,1,4,0,Medium
2018,3,Saturday,16,Punjab,Rawalpindi,National Highway,Average,Clear,Daylight,Motorcycle,2,Road Condition,0,1,0,0,3,1,Medium
2022,4,Friday,8,Punjab,Lahore,National Highway,Under Repair,Clear,Daylight,Car/Taxi,2,Wrong Overtaking,1,0,0,0,3,0,Medium
2022,12,Thursday,9,Punjab,Gujranwala,National Highway,Under Repair,Foggy,Daylight,Car/Taxi,1,Signal Violation,1,0,0,1,5,0,Medium
2021,8,Thursday,20,KPK,Abbottabad,National Highway,Poor,Clear,No Light,Motorcycle,2,Driver Fatigue,1,0,0,0,4,2,High
2023,1,Thursday,22,Punjab,Rawalpindi,Provincial Highway,Poor,Clear,No Light,Motorcycle,2,Road Condition,0,0,1,1,1,0,Medium
2022,1,Saturday,16,Punjab,Multan,Urban Road,Good,Rainy,Daylight,Car/Taxi,2,Signal Violation,0,1,0,1,0,0,Low
2020,10,Friday,15,Sindh,Hyderabad,Provincial Highway,Good,Foggy,Dawn/Dusk,Bus/Coach,1,Wrong Overtaking,0,0,0,0,1,0,Medium
2023,1,Thursday,5,Punjab,Faisalabad,Urban Road,Good,Foggy,Street Light,Motorcycle,1,Pedestrian Error,0,0,1,1,7,2,High
2022,11,Saturday,13,Punjab,Bahawalpur,Urban Road,Good,Foggy,Street Light,Truck/Lorry,3,Over Speeding,1,1,0,1,4,1,Medium
2021,7,Friday,21,Punjab,Rawalpindi,Provincial Highway,Good,Clear,No Light,Motorcycle,2,Wrong Overtaking,0,0,0,0,2,0,High
2021,5,Sunday,15,Punjab,Multan,Rural Road,Good,Foggy,Daylight,Motorcycle,2,Signal Violation,0,1,0,0,5,3,High
2020,10,Monday,17,Sindh,Hyderabad,Urban Road,Average,Foggy,Daylight,Motorcycle,3,Signal Violation,1,0,0,0,4,0,Medium
2020,8,Wednesday,5,AJK,Muzaffarabad,Urban Road,Poor,Clear,Dawn/Dusk,Van/Pickup,1,Over Speeding,0,0,1,0,4,2,Medium
2023,12,Sunday,15,Punjab,Sheikhupura,Provincial Highway,Poor,Rainy,Daylight,Van/Pickup,2,Wrong Overtaking,0,1,0,1,1,0,Low
2022,8,Monday,20,Punjab,Sheikhupura,National Highway,Poor,Clear,Street Light,Car/Taxi,2,Road Condition,1,0,0,0,2,0,Low
2020,6,Monday,6,Islamabad,Islamabad,Provincial Highway,Good,Foggy,Daylight,Car/Taxi,2,Signal Violation,0,0,0,0,1,0,Low
2021,3,Wednesday,19,Balochistan,Chaman,National Highway,Average,Extreme Heat,Dawn/Dusk,Motorcycle,3,Driver Fatigue,1,0,0,0,2,1,High
2022,9,Sunday,20,Punjab,Sheikhupura,National Highway,Average,Clear,Street Light,Car/Taxi,2,Wrong Overtaking,1,1,0,0,3,1,Medium
2021,1,Thursday,9,KPK,Bannu,National Highway,Under Repair,Dusty/Smoggy,Daylight,Motorcycle,4,Pedestrian Error,1,0,0,1,5,0,Medium
2018,11,Monday,10,Punjab,Sheikhupura,National Highway,Good,Rainy,Street Light,Motorcycle,1,Drunk Driving,0,0,0,1,4,1,High
2019,2,Friday,18,KPK,Dera Ismail Khan,Urban Road,Under Repair,Dusty/Smoggy,Daylight,Motorcycle,2,Pedestrian Error,1,0,0,1,0,0,Low
2018,1,Friday,13,AJK,Mirpur,Rural Road,Good,Foggy,Daylight,Car/Taxi,2,Road Condition,1,0,0,1,1,1,Low
2018,10,Wednesday,15,Sindh,Sukkur,Rural Road,Average,Dusty/Smoggy,Daylight,Car/Taxi,1,Pedestrian Error,0,0,0,0,1,0,Low
2021,1,Wednesday,10,Sindh,Larkana,Provincial Highway,Poor,Foggy,Daylight,Van/Pickup,3,Road Condition,0,0,0,1,1,0,Low
2023,12,Sunday,19,Punjab,Lahore,Urban Road,Good,Clear,Dawn/Dusk,Truck/Lorry,2,Over Speeding,1,1,0,1,0,0,Low
2019,1,Monday,17,Sindh,Nawabshah,Rural Road,Average,Foggy,Daylight,Motorcycle,1,Wrong Overtaking,1,0,0,1,3,0,Medium
2018,2,Sunday,9,Sindh,Hyderabad,Urban Road,Under Repair,Foggy,Daylight,Motorcycle,1,Wrong Overtaking,1,1,0,1,7,1,High
2020,9,Monday,8,Sindh,Larkana,Urban Road,Average,Clear,Daylight,Motorcycle,1,Pedestrian Error,1,0,0,0,5,2,Medium
2018,3,Wednesday,7,Punjab,Gujranwala,Rural Road,Poor,Extreme Heat,Daylight,Motorcycle,1,Drunk Driving,1,0,0,0,8,1,High
2023,8,Saturday,12,Sindh,Larkana,National Highway,Poor,Clear,Daylight,Motorcycle,3,Over Speeding,1,1,0,0,3,0,High
2020,2,Saturday,9,Sindh,Nawabshah,Rural Road,Under Repair,Extreme Heat,Daylight,Bus/Coach,1,Road Condition,1,1,0,1,0,1,Low
2021,12,Monday,9,Punjab,Rahim Yar Khan,Rural Road,Good,Clear,Dawn/Dusk,Truck/Lorry,4,Pedestrian Error,1,0,0,1,1,0,Low
2020,12,Thursday,19,Punjab,Rahim Yar Khan,National Highway,Good,Dusty/Smoggy,Dawn/Dusk,Motorcycle,1,Pedestrian Error,1,0,0,1,4,1,High
2020,6,Wednesday,10,Punjab,Sialkot,Rural Road,Poor,Clear,Daylight,Motorcycle,2,Mechanical Failure,0,0,0,0,5,1,Medium
2019,11,Saturday,6,KPK,Bannu,Provincial Highway,Good,Clear,Daylight,Motorcycle,2,Over Speeding,0,1,0,1,3,0,Medium
2018,9,Saturday,13,Sindh,Dadu,Rural Road,Average,Foggy,Daylight,Truck/Lorry,2,Road Condition,1,1,0,0,1,1,Low
2022,12,Monday,3,Balochistan,Quetta,National Highway,Good,Clear,No Light,Motorcycle,1,Driver Fatigue,0,0,1,1,11,1,High
2023,5,Thursday,20,Punjab,Rahim Yar Khan,Rural Road,Average,Clear,No Light,Van/Pickup,4,Over Speeding,1,0,0,0,3,0,Medium
2022,1,Wednesday,23,Balochistan,Chaman,Provincial Highway,Average,Clear,No Light,Motorcycle,4,Mechanical Failure,0,0,1,1,3,1,Medium
2021,4,Thursday,9,KPK,Kohat,Rural Road,Average,Clear,Daylight,Bus/Coach,2,Pedestrian Error,1,0,0,0,2,1,Low
2020,2,Thursday,23,Punjab,Lahore,National Highway,Average,Clear,Street Light,Motorcycle,3,Over Speeding,0,0,1,1,8,4,High
2021,6,Thursday,19,Punjab,Gujranwala,Rural Road,Poor,Dusty/Smoggy,Daylight,Bus/Coach,2,Over Speeding,1,0,0,0,2,0,Low
2019,5,Monday,19,Punjab,Sialkot,Provincial Highway,Good,Clear,Street Light,Van/Pickup,2,Road Condition,1,0,0,0,1,0,Low
2022,4,Wednesday,13,Islamabad,Islamabad,Rural Road,Poor,Clear,Daylight,Car/Taxi,2,Mechanical Failure,1,0,0,0,2,0,Low
2018,5,Sunday,16,Punjab,Sargodha,Provincial Highway,Poor,Clear,Daylight,Van/Pickup,4,Over Speeding,0,1,0,0,5,0,Medium
2019,7,Friday,9,Punjab,Rawalpindi,Rural Road,Average,Clear,Daylight,Motorcycle,2,Signal Violation,1,0,0,0,5,0,Medium
2021,3,Tuesday,13,Punjab,Sheikhupura,Provincial Highway,Poor,Foggy,Street Light,Motorcycle,3,Drunk Driving,1,0,0,0,9,0,High
2023,1,Tuesday,8,KPK,Abbottabad,Rural Road,Good,Foggy,Daylight,Motorcycle,3,Over Speeding,1,0,0,1,5,1,Medium
2021,7,Monday,17,Punjab,Lahore,Provincial Highway,Good,Clear,Daylight,Van/Pickup,1,Wrong Overtaking,1,0,0,0,2,2,Medium
2020,10,Saturday,7,Punjab,Rawalpindi,Provincial Highway,Good,Rainy,Street Light,Car/Taxi,4,Wrong Overtaking,1,1,0,0,3,2,Medium
2020,1,Sunday,2,Punjab,Sargodha,Urban Road,Average,Clear,No Light,Motorcycle,2,Pedestrian Error,0,1,1,1,3,1,Medium
2020,12,Tuesday,21,Sindh,Kashmore,Provincial Highway,Poor,Foggy,Street Light,Motorcycle,2,Drunk Driving,0,0,0,1,3,0,High
2023,12,Monday,0,Punjab,Lahore,Urban Road,Good,Clear,No Light,Car/Taxi,4,Signal Violation,0,0,1,1,2,0,Low
2021,7,Monday,1,Sindh,Larkana,Provincial Highway,Average,Clear,Street Light,Motorcycle,4,Mobile Phone Use,0,0,1,0,3,2,High
2022,9,Tuesday,17,KPK,Nowshera,National Highway,Good,Clear,Dawn/Dusk,Car/Taxi,4,Over Speeding,1,0,0,0,8,1,High
2019,5,Tuesday,15,KPK,Abbottabad,Motorway,Good,Rainy,Daylight,Motorcycle,4,Over Speeding,0,0,0,0,5,4,High
2021,7,Friday,6,KPK,Nowshera,National Highway,Good,Foggy,Street Light,Motorcycle,1,Wrong Overtaking,0,0,0,0,11,0,High
2022,10,Sunday,5,Punjab,Multan,Provincial Highway,Poor,Rainy,Dawn/Dusk,Truck/Lorry,2,Over Speeding,0,1,1,0,2,0,High
2019,9,Saturday,8,KPK,Nowshera,Provincial Highway,Under Repair,Foggy,Daylight,Rickshaw,1,Pedestrian Error,1,1,0,0,1,0,Low
2020,10,Sunday,17,Punjab,Sheikhupura,Rural Road,Poor,Foggy,Daylight,Bicycle,2,Signal Violation,1,1,0,0,2,0,Medium
2023,11,Tuesday,19,Punjab,Rahim Yar Khan,Provincial Highway,Good,Clear,Dawn/Dusk,Car/Taxi,1,Over Speeding,1,0,0,1,2,0,Low
2020,11,Thursday,22,Islamabad,Islamabad,National Highway,Average,Rainy,Street Light,Motorcycle,2,Mechanical Failure,0,0,1,1,9,1,High
2021,2,Tuesday,20,KPK,Kohat,Urban Road,Average,Clear,No Light,Car/Taxi,1,Road Condition,1,0,0,1,0,0,Low
2019,6,Tuesday,18,Sindh,Sukkur,Rural Road,Good,Foggy,Dawn/Dusk,Rickshaw,2,Over Speeding,1,0,0,0,0,0,Low
2023,12,Tuesday,6,Balochistan,Quetta,Rural Road,Good,Foggy,Daylight,Truck/Lorry,2,Signal Violation,0,0,0,1,3,0,Medium
2021,9,Monday,21,AJK,Rawalakot,Provincial Highway,Average,Clear,Street Light,Motorcycle,2,Mobile Phone Use,0,0,0,0,2,0,Low
2019,7,Sunday,19,Sindh,Larkana,Urban Road,Average,Foggy,Dawn/Dusk,Motorcycle,1,Over Speeding,1,1,0,0,3,1,Medium
2019,8,Monday,13,Sindh,Hyderabad,Provincial Highway,Good,Rainy,Daylight,Rickshaw,1,Over Speeding,1,0,0,0,5,1,Medium
2021,4,Monday,10,KPK,Swat,National Highway,Average,Foggy,Daylight,Motorcycle,2,Driver Fatigue,0,0,0,0,10,4,High
2021,11,Monday,20,Punjab,Gujranwala,National Highway,Average,Rainy,No Light,Van/Pickup,1,Mobile Phone Use,1,0,0,1,2,0,Low
2022,1,Monday,18,Punjab,Bahawalpur,National Highway,Average,Clear,Daylight,Car/Taxi,3,Wrong Overtaking,1,0,0,1,3,1,Medium
2019,1,Saturday,10,KPK,Kohat,National Highway,Good,Clear,Daylight,Car/Taxi,1,Signal Violation,0,1,0,1,1,0,Low
2023,7,Wednesday,2,Punjab,Faisalabad,Urban Road,Under Repair,Clear,No Light,Car/Taxi,1,Signal Violation,0,0,1,0,3,0,Medium
2021,11,Sunday,22,Punjab,Lahore,Rural Road,Poor,Foggy,Street Light,Motorcycle,1,Drunk Driving,0,1,1,1,4,4,High
2019,8,Sunday,17,Punjab,Sheikhupura,Rural Road,Poor,Clear,Daylight,Motorcycle,1,Signal Violation,1,1,0,0,3,1,Medium
2018,12,Tuesday,6,Punjab,Multan,Urban Road,Average,Clear,Daylight,Car/Taxi,2,Signal Violation,0,0,0,1,2,0,Low
2018,8,Saturday,14,Islamabad,Islamabad,Rural Road,Average,Clear,Daylight,Van/Pickup,1,Over Speeding,0,1,0,0,2,0,Low
2018,8,Monday,19,KPK,Bannu,National Highway,Poor,Rainy,Dawn/Dusk,Car/Taxi,2,Wrong Overtaking,1,0,0,0,11,2,High
2022,2,Tuesday,18,Sindh,Dadu,National Highway,Average,Clear,Daylight,Car/Taxi,2,Wrong Overtaking,1,0,0,1,1,0,Medium
2019,10,Sunday,18,Islamabad,Islamabad,Provincial Highway,Average,Clear,Daylight,Car/Taxi,2,Road Condition,1,1,0,0,2,0,Low
2023,10,Saturday,16,Balochistan,Quetta,Provincial Highway,Good,Clear,Daylight,Motorcycle,2,Driver Fatigue,0,1,0,0,8,1,High
2020,7,Friday,11,Sindh,Jacobabad,Urban Road,Average,Rainy,Daylight,Car/Taxi,1,Signal Violation,0,0,0,0,2,1,Medium
2019,8,Saturday,13,Balochistan,Zhob,Provincial Highway,Good,Dusty/Smoggy,Daylight,Motorcycle,2,Over Speeding,1,1,0,0,4,0,Medium
2022,6,Thursday,5,Punjab,Faisalabad,Urban Road,Average,Clear,Street Light,Bus/Coach,2,Over Speeding,0,0,1,0,2,2,High
2018,11,Friday,13,Punjab,Rahim Yar Khan,Rural Road,Poor,Dusty/Smoggy,Daylight,Bus/Coach,3,Over Speeding,1,0,0,1,2,0,Low
2023,10,Thursday,21,Punjab,Multan,Urban Road,Good,Clear,Street Light,Car/Taxi,1,Road Condition,0,0,0,0,1,1,Low
2020,6,Friday,6,KPK,Kohat,National Highway,Poor,Clear,Daylight,Car/Taxi,4,Over Speeding,0,0,0,0,6,1,High
2022,1,Monday,7,Sindh,Mirpur Khas,Rural Road,Poor,Clear,Daylight,Car/Taxi,2,Over Speeding,1,0,0,1,0,0,Low
2023,12,Friday,7,Sindh,Jacobabad,National Highway,Good,Clear,Street Light,Car/Taxi,1,Drunk Driving,1,0,0,1,3,1,High
2018,7,Tuesday,0,KPK,Dera Ismail Khan,Urban Road,Under Repair,Dusty/Smoggy,Street Light,Motorcycle,4,Wrong Overtaking,0,0,1,0,3,0,Medium
2020,5,Tuesday,18,Punjab,Faisalabad,Provincial Highway,Poor,Dusty/Smoggy,Daylight,Bus/Coach,2,Drunk Driving,1,0,0,0,11,2,High
2023,12,Friday,13,Punjab,Rawalpindi,Urban Road,Poor,Foggy,Daylight,Car/Taxi,4,Driver Fatigue,1,0,0,1,1,0,Medium
2018,8,Saturday,16,Sindh,Hyderabad,National Highway,Average,Clear,Street Light,Bus/Coach,3,Mechanical Failure,0,1,0,0,0,0,Low
2019,12,Thursday,8,Punjab,Sargodha,Urban Road,Good,Clear,Street Light,Car/Taxi,1,Over Speeding,1,0,0,1,1,0,Low
2023,11,Saturday,6,Sindh,Jacobabad,Rural Road,Good,Rainy,Daylight,Car/Taxi,2,Signal Violation,0,1,0,1,1,0,Low
2023,5,Thursday,8,Sindh,Dadu,Provincial Highway,Average,Rainy,Daylight,Car/Taxi,1,Drunk Driving,1,0,0,0,1,1,Medium
2020,1,Saturday,19,Sindh,Larkana,Provincial Highway,Good,Foggy,No Light,Car/Taxi,2,Over Speeding,1,1,0,1,3,1,Medium
2023,11,Tuesday,21,Punjab,Multan,National Highway,Good,Clear,Street Light,Car/Taxi,2,Over Speeding,0,0,0,1,6,1,High
2023,6,Wednesday,13,Sindh,Nawabshah,Provincial Highway,Poor,Clear,Street Light,Rickshaw,3,Over Speeding,1,0,0,0,1,0,Low
2022,1,Sunday,12,KPK,Abbottabad,National Highway,Poor,Foggy,Daylight,Bus/Coach,2,Mechanical Failure,1,1,0,1,6,2,High
2018,9,Saturday,16,Gilgit-Baltistan,Hunza,Provincial Highway,Good,Clear,Daylight,Car/Taxi,2,Mechanical Failure,0,1,0,0,0,0,Low
2021,5,Monday,21,KPK,Bannu,Provincial Highway,Good,Clear,No Light,Van/Pickup,2,Mechanical Failure,0,0,0,0,1,0,Low
2022,12,Sunday,16,Sindh,Jacobabad,National Highway,Good,Clear,Daylight,Motorcycle,2,Wrong Overtaking,0,1,0,1,7,2,High
2021,2,Monday,9,Punjab,Sheikhupura,Rural Road,Good,Clear,Daylight,Car/Taxi,1,Over Speeding,1,0,0,1,2,0,Low
2022,12,Wednesday,8,KPK,Mardan,Urban Road,Poor,Clear,Daylight,Motorcycle,1,Signal Violation,1,0,0,1,5,0,Medium
2020,1,Saturday,3,Islamabad,Islamabad,Rural Road,Average,Dusty/Smoggy,No Light,Motorcycle,3,Over Speeding,0,1,1,1,3,0,High
2019,7,Tuesday,13,Punjab,Multan,Rural Road,Good,Clear,Daylight,Other,2,Signal Violation,1,0,0,0,2,0,Low
2020,1,Wednesday,12,Punjab,Bahawalpur,Provincial Highway,Average,Clear,Dawn/Dusk,Car/Taxi,1,Signal Violation,1,0,0,1,2,0,Low
2019,10,Friday,7,Punjab,Sheikhupura,Rural Road,Poor,Rainy,Daylight,Motorcycle,2,Wrong Overtaking,1,0,0,0,3,0,Medium
2023,9,Wednesday,5,KPK,Abbottabad,Urban Road,Poor,Clear,Street Light,Truck/Lorry,1,Wrong Overtaking,0,0,1,0,1,1,Medium
2021,11,Monday,21,Punjab,Bahawalpur,Motorway,Average,Clear,Street Light,Rickshaw,1,Signal Violation,0,0,0,1,0,1,Low
2023,11,Saturday,11,Punjab,Bahawalpur,Provincial Highway,Good,Clear,Daylight,Truck/Lorry,3,Over Speeding,0,1,0,1,1,1,Medium
2023,1,Friday,20,Balochistan,Khuzdar,Rural Road,Good,Clear,Street Light,Motorcycle,2,Wrong Overtaking,1,0,0,1,4,0,Medium
2021,5,Friday,15,Sindh,Thatta,Provincial Highway,Good,Clear,Daylight,Van/Pickup,1,Wrong Overtaking,0,0,0,0,2,0,Low
2018,11,Monday,3,Punjab,Sialkot,National Highway,Good,Rainy,No Light,Car/Taxi,4,Wrong Overtaking,0,0,1,1,8,2,High
2021,8,Saturday,14,Punjab,Sheikhupura,Rural Road,Under Repair,Foggy,Street Light,Car/Taxi,3,Driver Fatigue,0,1,0,0,0,0,Low
2021,5,Sunday,10,Punjab,Lahore,Urban Road,Average,Clear,Dawn/Dusk,Car/Taxi,4,Over Speeding,0,1,0,0,0,0,Low
2022,1,Saturday,6,Sindh,Dadu,Urban Road,Average,Rainy,Daylight,Car/Taxi,2,Wrong Overtaking,0,1,0,1,1,0,Medium
2021,12,Monday,9,Punjab,Bahawalpur,Motorway,Good,Extreme Heat,No Light,Motorcycle,2,Drunk Driving,1,0,0,1,7,2,High
2018,3,Sunday,19,Sindh,Kashmore,Rural Road,Poor,Foggy,Street Light,Motorcycle,2,Driver Fatigue,1,1,0,0,1,2,Medium
2023,1,Saturday,10,KPK,Charsadda,National Highway,Poor,Clear,Daylight,Motorcycle,1,Over Speeding,0,1,0,1,3,2,High
2018,5,Sunday,14,KPK,Charsadda,National Highway,Poor,Clear,Street Light,Van/Pickup,1,Mechanical Failure,0,1,0,0,2,0,Low
2021,6,Wednesday,6,Punjab,Rahim Yar Khan,Urban Road,Good,Foggy,Daylight,Car/Taxi,2,Pedestrian Error,0,0,0,0,2,0,Low
2020,5,Wednesday,18,Sindh,Jacobabad,Provincial Highway,Poor,Clear,Daylight,Motorcycle,2,Over Speeding,1,0,0,0,3,1,High
2018,5,Friday,23,Balochistan,Khuzdar,National Highway,Good,Clear,Street Light,Car/Taxi,1,Mechanical Failure,0,0,1,0,4,0,Medium
2019,1,Saturday,12,Punjab,Sialkot,National Highway,Good,Clear,Daylight,Motorcycle,2,Over Speeding,1,1,0,1,4,3,High
2019,10,Wednesday,23,Punjab,Rahim Yar Khan,Provincial Highway,Poor,Rainy,No Light,Motorcycle,1,Over Speeding,0,0,1,0,3,1,High
2022,12,Saturday,4,Sindh,Thatta,Provincial Highway,Average,Clear,Street Light,Motorcycle,2,Driver Fatigue,0,1,1,1,3,3,High
2023,2,Tuesday,13,Sindh,Thatta,Urban Road,Average,Rainy,Daylight,Truck/Lorry,2,Over Speeding,1,0,0,1,1,0,Medium
2023,4,Wednesday,18,Punjab,Multan,Urban Road,Poor,Clear,Daylight,Rickshaw,2,Pedestrian Error,1,0,0,0,0,0,Low
2019,10,Wednesday,5,KPK,Charsadda,Provincial Highway,Average,Extreme Heat,Street Light,Motorcycle,4,Over Speeding,0,0,1,0,7,3,High
2022,8,Sunday,3,Sindh,Thatta,National Highway,Average,Foggy,No Light,Motorcycle,2,Mechanical Failure,0,1,1,0,4,3,High
2019,3,Sunday,13,Islamabad,Islamabad,Provincial Highway,Average,Clear,Daylight,Car/Taxi,4,Road Condition,1,1,0,0,0,0,Low
2021,2,Thursday,14,Punjab,Lahore,Rural Road,Good,Dusty/Smoggy,Daylight,Bicycle,1,Drunk Driving,0,0,0,1,9,2,High
2023,10,Thursday,18,KPK,Kohat,Rural Road,Average,Clear,No Light,Motorcycle,1,Pedestrian Error,1,0,0,0,1,0,Low
2021,12,Monday,13,Punjab,Sargodha,Provincial Highway,Average,Foggy,Daylight,Car/Taxi,2,Mechanical Failure,1,0,0,1,5,0,Medium