year,month,day_of_week,hour_of_day,province,district,road_type,road_condition,weather_condition,lighting_condition,vehicle_type,vehicles_involved,accident_cause,is_rush_hour,is_weekend,is_night,is_foggy_month,num_injured,num_killed,severity
2021,6,Tuesday,19,Sindh,Thatta,National Highway,Under Repair,Clear,Dawn/Dusk,Motorcycle,2,Over Speeding,1,0,0,0,5,1,High
2020,10,Sunday,15,Sindh,Dadu,National Highway,Average,Foggy,Daylight,Bus/Coach,2,Over Speeding,0,1,0,0,4,4,High
2018,3,Wednesday,9,Punjab,Sialkot,Rural Road,Poor,Foggy,Daylight,Car/Taxi,4,Mechanical Failure,1,0,0,0,1,0,Low
2021,2,Friday,6,Balochistan,Dera Bugti,Provincial Highway,Average,Dusty/Smoggy,Daylight,Motorcycle,2,Signal Violation,0,0,0,1,3,0,Medium
2021,10,Friday,14,Punjab,Gujranwala,National Highway,Poor,Clear,Daylight,Truck/Lorry,3,Mechanical Failure,0,0,0,0,2,1,Medium
2022,11,Tuesday,20,Sindh,Thatta,Urban Road,Average,Foggy,Street Light,Bus/Coach,2,Mechanical Failure,1,0,0,1,4,1,Medium
2023,11,Tuesday,20,Punjab,Sialkot,Rural Road,Poor,Clear,Street Light,Rickshaw,2,Mechanical Failure,1,0,0,1,0,0,Low
2018,10,Saturday,22,KPK,Mardan,Urban Road,Poor,Clear,Street Light,Motorcycle,1,Wrong Overtaking,0,1,1,0,5,0,Medium
2022,1,Tuesday,11,Punjab,Sheikhupura,Rural Road,Good,Clear,Daylight,Rickshaw,1,Over Speeding,0,0,0,1,0,0,Low
2023,12,Tuesday,7,KPK,Bannu,Rural Road,Good,Extreme Heat,Daylight,Rickshaw,4,Wrong Overtaking,1,0,0,1,0,0,Low
2022,12,Sunday,13,KPK,Peshawar,National Highway,Average,Foggy,Daylight,Rickshaw,1,Signal Violation,1,1,0,1,10,2,High
2020,10,Thursday,19,KPK,Bannu,Urban Road,Poor,Clear,Street Light,Car/Taxi,2,Drunk Driving,1,0,0,0,1,0,Low
2021,4,Friday,18,Punjab,Gujranwala,Rural Road,Good,Clear,Daylight,Car/Taxi,1,Signal Violation,1,0,0,0,2,1,Low
2019,1,Saturday,17,Sindh,Dadu,National Highway,Average,Dusty/Smoggy,Daylight,Motorcycle,4,Over Speeding,1,1,0,1,10,2,High
2022,8,Tuesday,12,Punjab,Gujranwala,Rural Road,Good,Clear,Dawn/Dusk,Rickshaw,2,Road Condition,1,0,0,0,1,0,Low
2023,12,Wednesday,15,Balochistan,Dera Bugti,Urban Road,Average,Dusty/Smoggy,Daylight,Car/Taxi,3,Wrong Overtaking,0,0,0,1,2,0,Low
2021,6,Friday,12,KPK,Mansehra,Urban Road,Good,Clear,Daylight,Car/Taxi,2,Over Speeding,1,0,0,0,3,1,Medium
2022,3,Saturday,9,Sindh,Dadu,National Highway,Good,Clear,Dawn/Dusk,Rickshaw,2,Over Speeding,1,1,0,0,4,2,High
2018,1,Thursday,16,KPK,Nowshera,National Highway,Average,Dusty/Smoggy,Dawn/Dusk,Motorcycle,2,Road Condition,0,0,0,1,5,0,Medium
2022,12,Thursday,18,Punjab,Multan,Provincial Highway,Average,Rainy,Daylight,Car/Taxi,4,Pedestrian Error,1,0,0,1,1,0,Medium
2020,12,Friday,22,Sindh,Nawabshah,National Highway,Under Repair,Clear,No Light,Car/Taxi,1,Pedestrian Error,0,0,1,1,2,1,Low
2020,6,Wednesday,18,Punjab,Bahawalpur,National Highway,Under Repair,Clear,Daylight,Car/Taxi,3,Over Speeding,1,0,0,0,11,2,High
2020,7,Tuesday,8,AJK,Muzaffarabad,Provincial Highway,Good,Clear,Daylight,Van/Pickup,1,Pedestrian Error,1,0,0,0,2,0,Low
2023,1,Friday,14,Balochistan,Gwadar,National Highway,Poor,Clear,Daylight,Van/Pickup,2,Signal Violation,0,0,0,1,2,1,Medium
2023,4,Thursday,4,KPK,Nowshera,National Highway,Average,Dusty/Smoggy,No Light,Bus/Coach,2,Pedestrian Error,0,0,1,0,3,0,Medium
2022,2,Friday,7,Islamabad,Islamabad,Provincial Highway,Under Repair,Dusty/Smoggy,Daylight,Motorcycle,2,Mechanical Failure,1,0,0,1,3,1,Medium
2023,11,Friday,7,Punjab,Rawalpindi,Urban Road,Average,Foggy,Dawn/Dusk,Motorcycle,1,Over Speeding,1,0,0,1,7,0,High
2021,12,Sunday,8,Balochistan,Gwadar,Provincial Highway,Poor,Rainy,Daylight,Car/Taxi,2,Over Speeding,1,1,0,1,10,1,High
2018,11,Wednesday,15,Punjab,Sargodha,Motorway,Average,Rainy,Daylight,Motorcycle,1,Over Speeding,0,0,0,1,8,1,High
2023,8,Saturday,12,KPK,Kohat,National Highway,Average,Clear,Daylight,Van/Pickup,1,Mechanical Failure,1,1,0,0,4,1,Medium
2019,10,Saturday,18,KPK,Peshawar,Urban Road,Poor,Dusty/Smoggy,Daylight,Bicycle,2,Over Speeding,1,1,0,0,6,2,High
2022,3,Sunday,18,Punjab,Sialkot,Urban Road,Poor,Extreme Heat,Daylight,Motorcycle,2,Pedestrian Error,1,1,0,0,4,0,Medium
2023,12,Saturday,18,Punjab,Sheikhupura,Urban Road,Good,Clear,Daylight,Motorcycle,1,Road Condition,1,1,0,1,1,0,Low
2020,2,Sunday,13,Punjab,Rahim Yar Khan,Provincial Highway,Average,Clear,Daylight,Bus/Coach,2,Drunk Driving,1,1,0,1,5,0,Medium
2022,5,Sunday,20,Gilgit-Baltistan,Skardu,Provincial Highway,Under Repair,Clear,Street Light,Motorcycle,1,Driver Fatigue,1,1,0,0,2,2,Medium
2020,11,Saturday,23,Punjab,Rawalpindi,Rural Road,Good,Clear,No Light,Bicycle,2,Mobile Phone Use,0,1,1,1,4,0,Medium
2018,11,Tuesday,21,Sindh,Larkana,National Highway,Average,Clear,No Light,Motorcycle,1,Signal Violation,0,0,0,1,5,1,High
2020,5,Wednesday,20,KPK,Dera Ismail Khan,Provincial Highway,Poor,Foggy,No Light,Motorcycle,2,Signal Violation,1,0,0,0,6,2,High
2023,5,Saturday,21,Punjab,Faisalabad,National Highway,Average,Clear,No Light,Motorcycle,2,Over Speeding,0,1,0,0,3,1,High
2020,2,Sunday,20,Sindh,Sukkur,National Highway,Average,Clear,Street Light,Motorcycle,1,Driver Fatigue,1,1,0,1,8,2,High
2022,5,Monday,4,Sindh,Mirpur Khas,Provincial Highway,Good,Dusty/Smoggy,No Light,Motorcycle,3,Signal Violation,0,0,1,0,6,0,High
2022,10,Tuesday,19,Punjab,Sialkot,Rural Road,Poor,Clear,Dawn/Dusk,Motorcycle,4,Signal Violation,1,0,0,0,4,0,Medium
2021,8,Thursday,11,KPK,Mardan,Rural Road,Average,Clear,Street Light,Car/Taxi,1,Wrong Overtaking,0,0,0,0,1,0,Low
2020,1,Wednesday,4,Punjab,Faisalabad,Urban Road,Poor,Extreme Heat,No Light,Motorcycle,3,Wrong Overtaking,0,0,1,1,1,0,Medium
2019,1,Saturday,4,Punjab,Sialkot,Provincial Highway,Good,Clear,No Light,Motorcycle,1,Road Condition,0,1,1,1,2,0,Medium
2020,1,Wednesday,11,Sindh,Karachi,Urban Road,Good,Clear,Daylight,Motorcycle,3,Over Speeding,0,0,0,1,4,1,High
2022,12,Saturday,17,Punjab,Faisalabad,Urban Road,Good,Clear,Daylight,Motorcycle,3,Driver Fatigue,1,1,0,1,2,2,High
2022,10,Saturday,11,Islamabad,Islamabad,Provincial Highway,Average,Clear,Daylight,Car/Taxi,2,Over Speeding,0,1,0,0,0,0,Low
2021,2,Monday,2,Balochistan,Gwadar,Provincial Highway,Good,Extreme Heat,Street Light,Motorcycle,2,Over Speeding,0,0,1,1,3,2,High
2020,12,Wednesday,7,Sindh,Karachi,Rural Road,Average,Extreme Heat,Daylight,Motorcycle,1,Road Condition,1,0,0,1,1,1,Low
2021,8,Thursday,5,Punjab,Gujranwala,Rural Road,Good,Rainy,Dawn/Dusk,Motorcycle,4,Over Speeding,0,0,1,0,4,1,High
2023,4,Wednesday,11,Punjab,Rawalpindi,Provincial Highway,Average,Clear,No Light,Bus/Coach,3,Over Speeding,0,0,0,0,3,0,Medium
2018,3,Friday,11,Punjab,Rahim Yar Khan,Urban Road,Good,Foggy,Daylight,Motorcycle,1,Wrong Overtaking,0,0,0,0,4,0,Medium
2021,9,Tuesday,11,Sindh,Karachi,National Highway,Average,Clear,Dawn/Dusk,Car/Taxi,2,Over Speeding,0,0,0,0,10,1,High
2019,12,Tuesday,10,KPK,Swat,Provincial Highway,Under Repair,Extreme Heat,Daylight,Motorcycle,1,Wrong Overtaking,0,0,0,1,5,1,Medium
2022,9,Monday,11,Punjab,Lahore,Provincial Highway,Good,Foggy,Daylight,Rickshaw,1,Drunk Driving,0,0,0,0,4,1,Medium
2022,12,Wednesday,12,Punjab,Faisalabad,Provincial Highway,Good,Rainy,Daylight,Motorcycle,2,Wrong Overtaking,1,0,0,1,3,0,Medium
2021,7,Monday,11,Sindh,Kashmore,Urban Road,Poor,Clear,Daylight,Motorcycle,4,Road Condition,0,0,0,0,1,0,Low
2023,9,Sunday,3,Punjab,Sargodha,National Highway,Average,Rainy,No Light,Motorcycle,1,Mechanical Failure,0,1,1,0,5,1,High
2019,6,Wednesday,8,KPK,Peshawar,National Highway,Good,Rainy,Daylight,Truck/Lorry,1,Signal Violation,1,0,0,0,3,2,High
2022,12,Saturday,14,Sindh,Nawabshah,Rural Road,Good,Foggy,Daylight,Motorcycle,1,Signal Violation,0,1,0,1,5,0,Medium
2023,1,Saturday,22,Sindh,Larkana,National Highway,Good,Clear,No Light,Other,4,Over Speeding,0,1,1,1,3,1,Medium
2023,1,Thursday,1,Punjab,Sialkot,National Highway,Good,Clear,Street Light,Bus/Coach,2,Over Speeding,0,0,1,1,8,0,High
2023,5,Friday,10,Balochistan,Hub,Urban Road,Poor,Clear,Daylight,Bus/Coach,1,Road Condition,0,0,0,0,0,0,Low
2022,7,Wednesday,10,Punjab,Sialkot,Provincial Highway,Good,Clear,No Light,Car/Taxi,2,Mechanical Failure,0,0,0,0,2,0,Low
2019,3,Sunday,9,Balochistan,Hub,National Highway,Good,Clear,Daylight,Other,1,Signal Violation,1,1,0,0,1,0,Medium
2020,7,Sunday,15,Punjab,Faisalabad,Urban Road,Good,Clear,Daylight,Motorcycle,4,Over Speeding,0,1,0,0,4,0,Medium
2020,7,Friday,9,Balochistan,Dera Bugti,National Highway,Average,Clear,Daylight,Bus/Coach,3,Over Speeding,1,0,0,0,2,4,High
2022,7,Saturday,21,KPK,Swat,National Highway,Good,Clear,No Light,Car/Taxi,2,Wrong Overtaking,0,1,0,0,0,0,Low
2020,11,Monday,10,Punjab,Sargodha,National Highway,Poor,Foggy,Dawn/Dusk,Van/Pickup,1,Pedestrian Error,0,0,0,1,2,1,Medium
2020,7,Tuesday,19,KPK,Swat,Provincial Highway,Good,Clear,Dawn/Dusk,Motorcycle,2,Wrong Overtaking,1,0,0,0,1,1,Medium
2018,2,Saturday,5,KPK,Kohat,Rural Road,Poor,Foggy,Street Light,Car/Taxi,2,Wrong Overtaking,0,1,1,1,2,0,Low
2019,1,Tuesday,3,Punjab,Faisalabad,Provincial Highway,Good,Clear,No Light,Truck/Lorry,4,Mechanical Failure,0,0,1,1,2,0,Medium
2022,7,Saturday,23,Punjab,Rawalpindi,National Highway,Good,Clear,No Light,Truck/Lorry,2,Over Speeding,0,1,1,0,4,0,High
2023,10,Monday,17,Sindh,Mirpur Khas,Motorway,Under Repair,Foggy,No Light,Motorcycle,1,Driver Fatigue,1,0,0,0,8,2,High
2022,8,Sunday,19,KPK,Swat,Provincial Highway,Good,Clear,No Light,Car/Taxi,4,Over Speeding,1,1,0,0,1,0,Medium
2019,8,Tuesday,15,KPK,Abbottabad,Rural Road,Poor,Clear,Daylight,Car/Taxi,2,Over Speeding,0,0,0,0,4,1,Medium
2021,8,Wednesday,12,KPK,Mardan,Provincial Highway,Average,Foggy,Dawn/Dusk,Van/Pickup,1,Wrong Overtaking,1,0,0,0,2,0,Low
2020,5,Wednesday,22,Sindh,Dadu,National Highway,Good,Clear,No Light,Rickshaw,2,Mechanical Failure,0,0,1,0,0,0,Low
2022,9,Wednesday,10,KPK,Mardan,Urban Road,Average,Dusty/Smoggy,Daylight,Van/Pickup,3,Over Speeding,0,0,0,0,1,0,Low
2023,9,Friday,20,Sindh,Dadu,Rural Road,Good,Clear,Street Light,Motorcycle,1,Road Condition,1,0,0,0,0,0,Low
2022,6,Sunday,8,Punjab,Multan,Urban Road,Average,Clear,Daylight,Car/Taxi,2,Pedestrian Error,1,1,0,0,1,0,Low
2021,6,Sunday,14,Balochistan,Dera Bugti,National Highway,Good,Clear,Daylight,Motorcycle,2,Over Speeding,0,1,0,0,6,2,High
2019,10,Sunday,5,Punjab,Sheikhupura,National Highway,Average,Dusty/Smoggy,Dawn/Dusk,Motorcycle,1,Drunk Driving,0,1,1,0,9,3,High
2022,3,Tuesday,19,Punjab,Sheikhupura,Urban Road,Average,Foggy,Daylight,Motorcycle,2,Wrong Overtaking,1,0,0,0,5,1,Medium
2023,2,Friday,6,KPK,Dera Ismail Khan,National Highway,Poor,Clear,Dawn/Dusk,Motorcycle,3,Signal Violation,0,0,0,1,10,2,High
2020,5,Thursday,20,Sindh,Mirpur Khas,Provincial Highway,Poor,Foggy,Street Light,Motorcycle,2,Over Speeding,1,0,0,0,10,3,High
2022,2,Thursday,8,Punjab,Sargodha,Rural Road,Good,Clear,Daylight,Bus/Coach,2,Pedestrian Error,1,0,0,1,0,1,Low
2022,1,Wednesday,17,Punjab,Multan,Motorway,Good,Clear,Daylight,Bus/Coach,2,Mechanical Failure,1,0,0,1,5,1,Medium
2018,7,Thursday,21,Sindh,Kashmore,Provincial Highway,Average,Foggy,No Light,Motorcycle,2,Over Speeding,0,0,0,0,2,0,High
2021,5,Wednesday,10,Islamabad,Islamabad,Urban Road,Good,Clear,Daylight,Motorcycle,3,Drunk Driving,0,0,0,0,5,2,Medium
2018,5,Saturday,19,Sindh,Larkana,National Highway,Good,Clear,Dawn/Dusk,Van/Pickup,3,Pedestrian Error,1,1,0,0,2,0,Low
2021,5,Friday,18,Sindh,Karachi,National Highway,Average,Clear,Daylight,Motorcycle,2,Over Speeding,1,0,0,0,3,2,High
2023,8,Sunday,2,Punjab,Rahim Yar Khan,Urban Road,Good,Clear,Street Light,Car/Taxi,2,Over Speeding,0,1,1,0,2,1,Medium
2021,4,Thursday,21,Punjab,Sheikhupura,National Highway,Good,Clear,No Light,Car/Taxi,1,Mechanical Failure,0,0,0,0,2,0,Low
2019,11,Tuesday,9,Punjab,Rahim Yar Khan,Urban Road,Under Repair,Clear,Daylight,Motorcycle,4,Over Speeding,1,0,0,1,4,0,Medium
2023,2,Sunday,7,Punjab,Bahawalpur,Urban Road,Good,Clear,Street Light,Motorcycle,1,Mobile Phone Use,1,1,0,1,0,0,Low
2023,3,Friday,7,Sindh,Dadu,Provincial Highway,Average,Foggy,Street Light,Van/Pickup,2,Road Condition,1,0,0,0,0,1,Low
2018,4,Monday,9,Punjab,Lahore,Urban Road,Good,Clear,Daylight,Car/Taxi,3,Over Speeding,1,0,0,0,3,1,Medium
2023,5,Friday,0,Punjab,Faisalabad,Provincial Highway,Under Repair,Rainy,Street Light,Van/Pickup,1,Pedestrian Error,0,0,1,0,5,0,Medium
2023,12,Tuesday,3,KPK,Charsadda,Urban Road,Average,Clear,No Light,Motorcycle,2,Drunk Driving,0,0,1,1,4,1,Medium
2022,5,Monday,20,Balochistan,Chaman,Urban Road,Poor,Foggy,No Light,Motorcycle,1,Over Speeding,1,0,0,0,5,0,Medium
2020,12,Sunday,4,Islamabad,Islamabad,Urban Road,Average,Rainy,No Light,Motorcycle,2,Wrong Overtaking,0,1,1,1,2,2,Medium
2022,11,Tuesday,10,Sindh,Karachi,Provincial Highway,Average,Clear,Street Light,Car/Taxi,2,Signal Violation,0,0,0,1,1,0,Low
2021,1,Sunday,3,Punjab,Rahim Yar Khan,Provincial Highway,Good,Foggy,No Light,Truck/Lorry,1,Over Speeding,0,1,1,1,10,2,High
2018,3,Saturday,20,KPK,Kohat,Urban Road,Under Repair,Dusty/Smoggy,No Light,Motorcycle,1,Mobile Phone Use,1,1,0,0,5,0,Medium
2020,10,Monday,16,Punjab,Sialkot,Provincial Highway,Average,Clear,Daylight,Car/Taxi,4,Pedestrian Error,0,0,0,0,2,0,Low
2019,1,Saturday,15,KPK,Kohat,National Highway,Good,Foggy,Daylight,Motorcycle,2,Over Speeding,0,1,0,1,3,0,High
2022,1,Saturday,16,KPK,Mansehra,Provincial Highway,Good,Foggy,No Light,Motorcycle,2,Wrong Overtaking,0,1,0,1,3,0,Medium
2022,3,Wednesday,14,KPK,Nowshera,Provincial Highway,Poor,Clear,Daylight,Motorcycle,2,Over Speeding,0,0,0,0,2,0,Medium
2023,11,Wednesday,15,Islamabad,Islamabad,National Highway,Good,Clear,Daylight,Van/Pickup,2,Road Condition,0,0,0,1,1,0,Low
2023,12,Thursday,18,KPK,Dera Ismail Khan,National Highway,Average,Clear,Street Light,Rickshaw,2,Signal Violation,1,0,0,1,3,0,Medium
2022,11,Saturday,8,KPK,Mansehra,Urban Road,Poor,Foggy,Daylight,Rickshaw,1,Wrong Overtaking,1,1,0,1,2,0,Low
2021,7,Thursday,13,Punjab,Rawalpindi,Rural Road,Good,Rainy,Dawn/Dusk,Van/Pickup,3,Wrong Overtaking,1,0,0,0,1,0,Low
2021,12,Monday,7,Islamabad,Islamabad,Provincial Highway,Good,Clear,Street Light,Rickshaw,1,Over Speeding,1,0,0,1,2,0,Low
2018,2,Wednesday,17,Punjab,Sialkot,National Highway,Good,Foggy,Daylight,Motorcycle,2,Road Condition,1,0,0,1,8,0,High
2023,11,Tuesday,9,Balochistan,Sibi,Rural Road,Average,Rainy,Dawn/Dusk,Bus/Coach,2,Drunk Driving,1,0,0,1,4,0,Medium
2020,7,Thursday,14,Punjab,Sialkot,Urban Road,Good,Foggy,Daylight,Van/Pickup,2,Over Speeding,0,0,0,0,2,0,Medium
2020,1,Tuesday,6,Punjab,Sialkot,Rural Road,Average,Clear,Daylight,Motorcycle,3,Pedestrian Error,0,0,0,1,0,0,Low
2020,1,Wednesday,17,KPK,Kohat,Motorway,Good,Clear,Daylight,Rickshaw,2,Over Speeding,1,0,0,1,3,1,Medium
2018,6,Saturday,10,Punjab,Lahore,Rural Road,Good,Clear,Daylight,Car/Taxi,2,Mechanical Failure,0,1,0,0,2,0,Low
2021,11,Friday,2,KPK,Kohat,Rural Road,Good,Foggy,No Light,Motorcycle,3,Over Speeding,0,0,1,1,4,1,High
2020,1,Sunday,7,Punjab,Lahore,Urban Road,Poor,Extreme Heat,No Light,Motorcycle,2,Mechanical Failure,1,1,0,1,0,0,Low
2022,8,Saturday,12,Balochistan,Chaman,Rural Road,Good,Clear,Daylight,Car/Taxi,2,Wrong Overtaking,1,1,0,0,1,0,Low
2018,8,Monday,12,KPK,Peshawar,Provincial Highway,Average,Clear,Daylight,Truck/Lorry,1,Road Condition,1,0,0,0,4,0,Medium
2020,6,Sunday,12,KPK,Charsadda,Rural Road,Under Repair,Rainy,Daylight,Car/Taxi,3,Road Condition,1,1,0,0,0,0,Low
2020,10,Sunday,5,Punjab,Multan,National Highway,Average,Rainy,Dawn/Dusk,Car/Taxi,1,Road Condition,0,1,1,0,11,2,High
2018,3,Friday,9,Punjab,Rawalpindi,National Highway,Poor,Rainy,Daylight,Car/Taxi,1,Over Speeding,1,0,0,0,5,0,High
2023,6,Wednesday,20,KPK,Swat,Provincial Highway,Good,Foggy,No Light,Motorcycle,2,Over Speeding,1,0,0,0,6,4,High
2018,1,Monday,17,Punjab,Faisalabad,National Highway,Good,Foggy,Daylight,Car/Taxi,2,Over Speeding,1,0,0,1,3,2,High
2023,7,Saturday,20,Punjab,Rawalpindi,Urban Road,Good,Foggy,No Light,Car/Taxi,1,Drunk Driving,1,1,0,0,5,0,Medium
2023,10,Wednesday,22,Sindh,Larkana,Rural Road,Good,Clear,Street Light,Rickshaw,2,Road Condition,0,0,1,0,2,0,Low
2023,2,Monday,10,Sindh,Dadu,National Highway,Poor,Dusty/Smoggy,Daylight,Bus/Coach,1,Pedestrian Error,0,0,0,1,1,0,Medium
2023,3,Saturday,14,Punjab,Rahim Yar Khan,National Highway,Good,Clear,Daylight,Car/Taxi,1,Driver Fatigue,0,1,0,0,1,1,Medium
2018,10,Friday,17,Punjab,Faisalabad,Urban Road,Average,Clear,Daylight,Car/Taxi,2,Signal Violation,1,0,0,0,0,0,Low
2020,12,Monday,14,Punjab,Rawalpindi,Urban Road,Poor,Clear,Daylight,Motorcycle,2,Wrong Overtaking,0,0,0,1,3,0,Medium
2018,1,Wednesday,16,Balochistan,Gwadar,Urban Road,Average,Clear,Daylight,Rickshaw,2,Mechanical Failure,0,0,0,1,0,0,Low
2022,10,Friday,0,Punjab,Rawalpindi,Urban Road,Good,Clear,Street Light,Other,1,Mechanical Failure,0,0,1,0,0,0,Low
2022,5,Wednesday,14,AJK,Rawalakot,National Highway,Under Repair,Clear,Daylight,Motorcycle,1,Signal Violation,0,0,0,0,9,2,High
2023,7,Saturday,1,Punjab,Sheikhupura,Urban Road,Poor,Clear,No Light,Motorcycle,3,Over Speeding,0,1,1,0,4,2,High
2023,6,Tuesday,7,Punjab,Gujranwala,Provincial Highway,Under Repair,Rainy,Dawn/Dusk,Rickshaw,2,Over Speeding,1,0,0,0,4,0,Medium
2023,7,Monday,15,Sindh,Dadu,National Highway,Good,Rainy,Daylight,Motorcycle,3,Road Condition,0,0,0,0,7,1,High
2022,8,Thursday,14,Punjab,Sialkot,Provincial Highway,Poor,Clear,Daylight,Motorcycle,2,Wrong Overtaking,0,0,0,0,11,0,High
2023,12,Saturday,0,Sindh,Kashmore,National Highway,Average,Rainy,Street Light,Car/Taxi,2,Driver Fatigue,0,1,1,1,2,1,High
2021,10,Friday,17,Balochistan,Chaman,National Highway,Good,Foggy,Daylight,Bus/Coach,3,Road Condition,1,0,0,0,3,1,Medium
2019,6,Tuesday,23,Punjab,Lahore,National Highway,Good,Clear,No Light,Rickshaw,2,Mechanical Failure,0,0,1,0,3,0,Medium
2022,5,Tuesday,17,KPK,Charsadda,Provincial Highway,Average,Rainy,Daylight,Bus/Coach,3,Wrong Overtaking,1,0,0,0,10,1,High
2023,5,Sunday,9,Punjab,Lahore,Provincial Highway,Average,Clear,Daylight,Car/Taxi,2,Wrong Overtaking,1,1,0,0,2,0,Medium
2022,9,Thursday,10,Punjab,Sheikhupura,Motorway,Average,Foggy,Daylight,Bus/Coach,2,Road Condition,0,0,0,0,4,0,Medium
2019,1,Saturday,22,Punjab,Rawalpindi,Rural Road,Under Repair,Foggy,No Light,Car/Taxi,1,Over Speeding,0,1,1,1,9,0,High
2020,1,Saturday,20,Balochistan,Sibi,National Highway,Good,Clear,Street Light,Truck/Lorry,4,Signal Violation,1,1,0,1,3,2,Medium
2018,2,Friday,12,Punjab,Bahawalpur,Provincial Highway,Average,Clear,Daylight,Motorcycle,2,Wrong Overtaking,1,0,0,1,4,2,Medium
2021,12,Sunday,12,Balochistan,Loralai,Motorway,Average,Clear,Dawn/Dusk,Bicycle,4,Over Speeding,1,1,0,1,8,1,High
2023,1,Tuesday,16,Sindh,Karachi,Provincial Highway,Average,Extreme Heat,Daylight,Bicycle,1,Over Speeding,0,0,0,1,1,1,Medium
2020,7,Wednesday,6,Punjab,Sargodha,Motorway,Average,Foggy,Daylight,Bus/Coach,2,Weather Condition,0,0,0,0,5,0,Medium
2022,8,Tuesday,9,Sindh,Hyderabad,National Highway,Average,Clear,Daylight,Bus/Coach,3,Over Speeding,1,0,0,0,3,2,High
2023,8,Saturday,11,KPK,Mardan,Urban Road,Poor,Rainy,Daylight,Van/Pickup,2,Driver Fatigue,0,1,0,0,1,0,Low
2020,1,Sunday,10,KPK,Bannu,Urban Road,Under Repair,Dusty/Smoggy,Daylight,Car/Taxi,1,Pedestrian Error,0,1,0,1,1,0,Low
2020,8,Sunday,16,Sindh,Dadu,National Highway,Good,Clear,Daylight,Motorcycle,2,Drunk Driving,0,1,0,0,2,1,High
2022,7,Sunday,5,Balochistan,Quetta,Motorway,Good,Clear,No Light,Motorcycle,1,Signal Violation,0,1,1,0,11,1,High
2021,1,Thursday,19,Punjab,Sargodha,Urban Road,Average,Clear,Daylight,Bus/Coach,2,Over Speeding,1,0,0,1,5,1,Medium
2023,11,Friday,12,Balochistan,Hub,National Highway,Average,Foggy,Daylight,Car/Taxi,3,Mechanical Failure,1,0,0,1,4,0,Medium
2020,1,Monday,22,Balochistan,Zhob,National Highway,Good,Rainy,No Light,Motorcycle,4,Mechanical Failure,0,0,1,1,4,1,High
2022,4,Sunday,11,KPK,Peshawar,Provincial Highway,Good,Foggy,Daylight,Car/Taxi,1,Over Speeding,0,1,0,0,3,1,Medium
2018,9,Thursday,12,KPK,Mansehra,Motorway,Poor,Foggy,Daylight,Motorcycle,2,Road Condition,1,0,0,0,6,2,High
2020,3,Sunday,8,Sindh,Karachi,Rural Road,Average,Rainy,Daylight,Rickshaw,2,Over Speeding,1,1,0,0,5,0,Medium
2022,10,Saturday,16,KPK,Swat,Urban Road,Good,Rainy,Daylight,Car/Taxi,2,Over Speeding,0,1,0,0,4,0,Medium
2021,6,Sunday,4,Sindh,Hyderabad,National Highway,Good,Clear,No Light,Car/Taxi,1,Mechanical Failure,0,1,1,0,0,1,Low
2019,3,Saturday,21,Punjab,Faisalabad,Rural Road,Good,Clear,Street Light,Car/Taxi,1,Over Speeding,0,1,0,0,0,0,Low
2020,11,Thursday,17,Sindh,Karachi,Provincial Highway,Good,Clear,Daylight,Truck/Lorry,4,Mechanical Failure,1,0,0,1,2,0,Low
2020,12,Thursday,19,Punjab,Sargodha,Motorway,Good,Rainy,No Light,Motorcycle,2,Over Speeding,1,0,0,1,5,1,High
2022,5,Sunday,0,Sindh,Hyderabad,National Highway,Good,Clear,Street Light,Rickshaw,2,Signal Violation,0,1,1,0,6,3,High
2022,11,Monday,17,Punjab,Sargodha,Rural Road,Good,Extreme Heat,Daylight,Car/Taxi,3,Over Speeding,1,0,0,1,5,1,Medium
2019,6,Sunday,17,Punjab,Faisalabad,National Highway,Average,Clear,Street Light,Motorcycle,1,Road Condition,1,1,0,0,2,2,Medium
2023,11,Saturday,19,Punjab,Sargodha,Rural Road,Average,Clear,No Light,Car/Taxi,3,Over Speeding,1,1,0,1,4,0,Medium
2021,6,Sunday,9,Balochistan,Gwadar,Urban Road,Under Repair,Foggy,Street Light,Motorcycle,2,Over Speeding,1,1,0,0,11,1,High
2018,12,Monday,8,Punjab,Sheikhupura,Provincial Highway,Poor,Dusty/Smoggy,Street Light,Motorcycle,2,Mobile Phone Use,1,0,0,1,0,0,Low
2020,1,Tuesday,13,KPK,Peshawar,National Highway,Poor,Foggy,Daylight,Car/Taxi,2,Driver Fatigue,1,0,0,1,11,4,High
2020,12,Sunday,12,Punjab,Rawalpindi,National Highway,Average,Foggy,Daylight,Truck/Lorry,1,Road Condition,1,1,0,1,4,0,Medium
2023,1,Thursday,2,Sindh,Mirpur Khas,Provincial Highway,Good,Clear,No Light,Motorcycle,2,Signal Violation,0,0,1,1,6,3,High
2023,12,Tuesday,13,Punjab,Sargodha,National Highway,Good,Foggy,Daylight,Truck/Lorry,1,Signal Violation,1,0,0,1,3,2,Medium
2021,10,Monday,9,Punjab,Sargodha,National Highway,Average,Clear,No Light,Rickshaw,3,Pedestrian Error,1,0,0,0,2,0,Low
2019,8,Wednesday,8,Sindh,Nawabshah,Motorway,Poor,Clear,Daylight,Car/Taxi,3,Signal Violation,1,0,0,0,4,1,Medium