year,month,day_of_week,hour_of_day,province,district,road_type,road_condition,weather_condition,lighting_condition,vehicle_type,vehicles_involved,accident_cause,is_rush_hour,is_weekend,is_night,is_foggy_month,num_injured,num_killed,severity
2018,12,Tuesday,15,Sindh,Mirpur Khas,Rural Road,Poor,Extreme Heat,Daylight,Motorcycle,3,Wrong Overtaking,0,0,0,1,1,0,Medium
2022,12,Wednesday,19,Punjab,Gujranwala,National Highway,Poor,Dusty/Smoggy,Dawn/Dusk,Truck/Lorry,2,Wrong Overtaking,1,0,0,1,4,0,Medium
2023,10,Wednesday,19,Sindh,Larkana,Provincial Highway,Average,Extreme Heat,Street Light,Van/Pickup,2,Pedestrian Error,1,0,0,0,2,0,Low
2020,1,Friday,3,Balochistan,Sibi,National Highway,Good,Rainy,No Light,Car/Taxi,3,Mechanical Failure,0,0,1,1,2,1,Medium
2023,7,Saturday,22,Punjab,Bahawalpur,National Highway,Poor,Extreme Heat,Street Light,Motorcycle,2,Road Condition,0,1,1,0,2,0,High
2020,8,Saturday,8,Punjab,Sheikhupura,National Highway,Good,Clear,Dawn/Dusk,Motorcycle,1,Over Speeding,1,1,0,0,11,3,High
2021,12,Sunday,18,Sindh,Jacobabad,Urban Road,Poor,Dusty/Smoggy,Daylight,Van/Pickup,1,Wrong Overtaking,1,1,0,1,2,0,Low
2019,7,Wednesday,14,Punjab,Gujranwala,National Highway,Good,Clear,Daylight,Bus/Coach,3,Drunk Driving,0,0,0,0,4,0,Medium
2018,10,Wednesday,19,AJK,Mirpur,Motorway,Average,Foggy,No Light,Motorcycle,1,Over Speeding,1,0,0,0,5,1,High
2023,6,Wednesday,11,Sindh,Kashmore,National Highway,Good,Foggy,No Light,Motorcycle,1,Over Speeding,0,0,0,0,7,0,High
2019,9,Sunday,21,Sindh,Hyderabad,Rural Road,Poor,Dusty/Smoggy,No Light,Bus/Coach,2,Over Speeding,0,1,0,0,3,0,Medium
2022,1,Friday,21,Sindh,Larkana,Rural Road,Poor,Clear,No Light,Car/Taxi,2,Mechanical Failure,0,0,0,1,2,0,Low
2018,1,Monday,12,Sindh,Nawabshah,Motorway,Poor,Clear,Daylight,Motorcycle,1,Mobile Phone Use,1,0,0,1,4,1,High
2019,2,Wednesday,20,Punjab,Bahawalpur,Rural Road,Good,Foggy,Street Light,Motorcycle,2,Pedestrian Error,1,0,0,1,2,1,Medium
2020,9,Sunday,16,Islamabad,Islamabad,Provincial Highway,Good,Clear,Daylight,Motorcycle,2,Mechanical Failure,0,1,0,0,1,0,Low
2020,7,Thursday,16,Sindh,Mirpur Khas,Motorway,Average,Clear,Daylight,Motorcycle,2,Wrong Overtaking,0,0,0,0,5,2,High
2022,6,Wednesday,12,Punjab,Sheikhupura,Rural Road,Average,Clear,Daylight,Motorcycle,2,Over Speeding,1,0,0,0,4,0,High
2022,1,Wednesday,11,Sindh,Larkana,Provincial Highway,Good,Clear,Daylight,Motorcycle,2,Mechanical Failure,0,0,0,1,2,1,Medium
2020,1,Saturday,20,Punjab,Sialkot,Provincial Highway,Average,Clear,Street Light,Motorcycle,1,Signal Violation,1,1,0,1,4,0,Medium
2022,11,Sunday,8,Punjab,Multan,Urban Road,Average,Foggy,Dawn/Dusk,Bus/Coach,2,Pedestrian Error,1,1,0,1,2,0,Low
2022,9,Friday,15,Sindh,Nawabshah,Provincial Highway,Good,Dusty/Smoggy,Daylight,Motorcycle,1,Road Condition,0,0,0,0,1,0,Low
2022,2,Monday,8,Sindh,Kashmore,Rural Road,Good,Clear,Daylight,Motorcycle,1,Signal Violation,1,0,0,1,1,0,Low
2020,12,Sunday,13,Sindh,Sukkur,National Highway,Good,Clear,Daylight,Motorcycle,2,Signal Violation,1,1,0,1,7,1,High
2021,7,Tuesday,19,Punjab,Bahawalpur,Motorway,Poor,Foggy,Dawn/Dusk,Motorcycle,2,Over Speeding,1,0,0,0,2,1,High
2018,4,Saturday,22,Sindh,Larkana,Motorway,Good,Clear,No Light,Car/Taxi,2,Over Speeding,0,1,1,0,3,1,Medium
2021,10,Thursday,14,Punjab,Sargodha,Motorway,Average,Clear,Daylight,Other,1,Over Speeding,0,0,0,0,8,4,High
2021,1,Wednesday,19,Sindh,Kashmore,Urban Road,Poor,Foggy,Dawn/Dusk,Motorcycle,3,Drunk Driving,1,0,0,1,10,2,High
2023,11,Tuesday,13,Sindh,Thatta,National Highway,Good,Extreme Heat,Daylight,Motorcycle,2,Wrong Overtaking,1,0,0,1,4,3,High
2019,6,Friday,15,Sindh,Dadu,Rural Road,Poor,Clear,Street Light,Bus/Coach,2,Pedestrian Error,0,0,0,0,2,0,Low
2021,12,Thursday,6,Balochistan,Turbat,Urban Road,Average,Clear,Daylight,Motorcycle,1,Mobile Phone Use,0,0,0,1,1,1,Medium
2023,1,Tuesday,20,Balochistan,Khuzdar,National Highway,Good,Rainy,No Light,Car/Taxi,4,Road Condition,1,0,0,1,5,0,Medium
2023,10,Wednesday,11,AJK,Muzaffarabad,National Highway,Average,Clear,Street Light,Truck/Lorry,2,Mechanical Failure,0,0,0,0,1,0,Low
2021,11,Monday,19,AJK,Rawalakot,National Highway,Good,Clear,Dawn/Dusk,Car/Taxi,2,Signal Violation,1,0,0,1,3,0,Medium
2019,11,Tuesday,6,KPK,Nowshera,Rural Road,Poor,Foggy,Street Light,Other,1,Over Speeding,0,0,0,1,0,0,Low
2019,12,Tuesday,9,Islamabad,Islamabad,Provincial Highway,Good,Clear,Dawn/Dusk,Truck/Lorry,2,Driver Fatigue,1,0,0,1,4,0,Medium
2020,9,Sunday,16,Balochistan,Gwadar,Rural Road,Good,Clear,Daylight,Motorcycle,2,Over Speeding,0,1,0,0,3,1,Medium
2020,8,Friday,20,KPK,Peshawar,Provincial Highway,Good,Rainy,No Light,Van/Pickup,3,Pedestrian Error,1,0,0,0,1,0,Low
2019,10,Tuesday,9,Punjab,Bahawalpur,Provincial Highway,Good,Rainy,Street Light,Car/Taxi,3,Pedestrian Error,1,0,0,0,0,0,Low
2022,12,Monday,13,Punjab,Rahim Yar Khan,Provincial Highway,Good,Clear,Daylight,Motorcycle,3,Over Speeding,1,0,0,1,7,1,High
2023,6,Thursday,16,KPK,Bannu,Rural Road,Good,Extreme Heat,Daylight,Car/Taxi,2,Signal Violation,0,0,0,0,2,0,Low
2022,3,Monday,18,Sindh,Larkana,National Highway,Good,Clear,Daylight,Motorcycle,1,Signal Violation,1,0,0,0,2,1,Medium
2018,11,Saturday,18,KPK,Peshawar,Urban Road,Good,Foggy,Daylight,Motorcycle,1,Wrong Overtaking,1,1,0,1,3,0,Medium
2023,6,Wednesday,12,Punjab,Sheikhupura,National Highway,Under Repair,Dusty/Smoggy,Street Light,Car/Taxi,2,Over Speeding,1,0,0,0,4,0,Medium
2021,12,Saturday,0,Punjab,Gujranwala,Motorway,Good,Foggy,No Light,Motorcycle,1,Wrong Overtaking,0,1,1,1,11,2,High
2023,2,Friday,22,KPK,Mansehra,Provincial Highway,Good,Dusty/Smoggy,No Light,Motorcycle,3,Signal Violation,0,0,1,1,4,4,High
2020,7,Monday,18,Balochistan,Turbat,National Highway,Average,Clear,Daylight,Other,2,Over Speeding,1,0,0,0,9,1,High
2023,12,Monday,11,Punjab,Gujranwala,Provincial Highway,Average,Foggy,Street Light,Motorcycle,3,Drunk Driving,0,0,0,1,6,1,High
2022,2,Saturday,8,Balochistan,Quetta,National Highway,Average,Rainy,Street Light,Rickshaw,2,Signal Violation,1,1,0,1,6,4,High
2022,1,Sunday,10,KPK,Abbottabad,Urban Road,Good,Rainy,Daylight,Van/Pickup,3,Road Condition,0,1,0,1,0,0,Low
2018,7,Sunday,14,Punjab,Lahore,Provincial Highway,Good,Foggy,Street Light,Car/Taxi,2,Mechanical Failure,0,1,0,0,0,0,Low
2023,4,Thursday,17,Punjab,Lahore,National Highway,Poor,Clear,Daylight,Car/Taxi,3,Road Condition,1,0,0,0,3,1,Medium
2021,12,Sunday,13,Punjab,Sheikhupura,Urban Road,Under Repair,Clear,Daylight,Motorcycle,4,Mechanical Failure,1,1,0,1,3,1,Medium
2019,1,Wednesday,7,Punjab,Sialkot,National Highway,Under Repair,Rainy,Dawn/Dusk,Car/Taxi,2,Driver Fatigue,1,0,0,1,4,3,High
2019,7,Thursday,6,Sindh,Thatta,Rural Road,Average,Rainy,Daylight,Van/Pickup,3,Signal Violation,0,0,0,0,1,0,Low
2023,12,Thursday,20,Punjab,Gujranwala,Urban Road,Average,Clear,No Light,Motorcycle,2,Mechanical Failure,1,0,0,1,0,0,Low
2021,9,Thursday,16,Punjab,Sheikhupura,Provincial Highway,Good,Clear,Street Light,Bus/Coach,2,Signal Violation,0,0,0,0,3,1,Medium
2023,11,Monday,10,Balochistan,Gwadar,National Highway,Average,Dusty/Smoggy,Daylight,Motorcycle,2,Driver Fatigue,0,0,0,1,7,0,High
2023,10,Saturday,21,Sindh,Kashmore,Urban Road,Average,Foggy,No Light,Car/Taxi,3,Road Condition,0,1,0,0,1,0,Low
2022,10,Friday,12,Sindh,Thatta,Provincial Highway,Good,Clear,Daylight,Motorcycle,1,Wrong Overtaking,1,0,0,0,1,0,Medium
2020,3,Wednesday,18,Punjab,Sialkot,Urban Road,Good,Clear,Daylight,Motorcycle,2,Over Speeding,1,0,0,0,4,1,High
2023,12,Monday,16,KPK,Dera Ismail Khan,Urban Road,Average,Clear,Dawn/Dusk,Van/Pickup,3,Over Speeding,0,0,0,1,0,0,Low
2022,7,Monday,7,Balochistan,Hub,Urban Road,Poor,Clear,Daylight,Truck/Lorry,1,Drunk Driving,1,0,0,0,4,0,Medium
2022,3,Sunday,6,Sindh,Mirpur Khas,Urban Road,Average,Clear,No Light,Motorcycle,2,Wrong Overtaking,0,1,0,0,3,0,Medium
2018,9,Sunday,20,Balochistan,Khuzdar,Provincial Highway,Poor,Clear,No Light,Rickshaw,1,Mechanical Failure,1,1,0,0,1,0,Low
2020,8,Sunday,11,Balochistan,Gwadar,Motorway,Under Repair,Dusty/Smoggy,Daylight,Motorcycle,2,Wrong Overtaking,0,1,0,0,7,4,High
2023,4,Friday,11,KPK,Dera Ismail Khan,Rural Road,Average,Clear,Daylight,Motorcycle,2,Over Speeding,0,0,0,0,10,1,High
2023,11,Thursday,15,KPK,Kohat,Urban Road,Good,Clear,Street Light,Van/Pickup,2,Mobile Phone Use,0,0,0,1,1,0,Low
2019,6,Tuesday,19,Punjab,Sheikhupura,National Highway,Poor,Dusty/Smoggy,Street Light,Rickshaw,2,Over Speeding,1,0,0,0,10,2,High
2020,7,Friday,6,Punjab,Rahim Yar Khan,Rural Road,Good,Rainy,Daylight,Rickshaw,4,Wrong Overtaking,0,0,0,0,2,1,Medium
2021,9,Sunday,0,Punjab,Rawalpindi,Provincial Highway,Good,Clear,No Light,Motorcycle,2,Wrong Overtaking,0,1,1,0,4,1,Medium
2020,7,Sunday,21,Punjab,Gujranwala,National Highway,Good,Clear,Street Light,Rickshaw,2,Road Condition,0,1,0,0,1,0,Low
2023,2,Sunday,3,Punjab,Sheikhupura,Urban Road,Average,Clear,No Light,Rickshaw,3,Road Condition,0,1,1,1,0,0,Low
2020,5,Saturday,9,Balochistan,Quetta,Rural Road,Good,Clear,Daylight,Car/Taxi,4,Over Speeding,1,1,0,0,2,0,Low
2022,2,Tuesday,15,Punjab,Gujranwala,Rural Road,Under Repair,Clear,Dawn/Dusk,Rickshaw,1,Wrong Overtaking,0,0,0,1,2,0,Low
2022,7,Friday,20,AJK,Muzaffarabad,National Highway,Poor,Clear,No Light,Van/Pickup,2,Pedestrian Error,1,0,0,0,2,0,Low
2023,5,Tuesday,7,Sindh,Karachi,National Highway,Poor,Clear,Daylight,Motorcycle,2,Signal Violation,1,0,0,0,9,1,High
2019,1,Sunday,0,Punjab,Sargodha,Rural Road,Good,Clear,Street Light,Car/Taxi,1,Over Speeding,0,1,1,1,2,0,Medium
2022,12,Friday,6,Sindh,Nawabshah,National Highway,Poor,Foggy,Daylight,Car/Taxi,3,Mechanical Failure,0,0,0,1,1,1,Medium
2021,1,Saturday,14,Punjab,Lahore,Urban Road,Average,Foggy,No Light,Motorcycle,3,Wrong Overtaking,0,1,0,1,1,1,Medium
2021,6,Saturday,9,AJK,Rawalakot,National Highway,Poor,Rainy,No Light,Motorcycle,2,Mobile Phone Use,1,1,0,0,11,0,High
2019,3,Monday,13,Balochistan,Zhob,National Highway,Good,Clear,Daylight,Car/Taxi,2,Wrong Overtaking,1,0,0,0,1,0,Low
2018,2,Tuesday,16,Punjab,Rahim Yar Khan,National Highway,Good,Dusty/Smoggy,Daylight,Bicycle,2,Wrong Overtaking,0,0,0,1,3,2,High
2020,11,Wednesday,8,Islamabad,Islamabad,National Highway,Average,Clear,Daylight,Bus/Coach,1,Wrong Overtaking,1,0,0,1,7,2,High
2022,11,Monday,21,KPK,Mardan,National Highway,Average,Dusty/Smoggy,No Light,Bus/Coach,2,Over Speeding,0,0,0,1,3,0,Medium
2023,5,Thursday,20,Punjab,Sheikhupura,National Highway,Poor,Clear,No Light,Car/Taxi,1,Driver Fatigue,1,0,0,0,10,0,High
2020,7,Monday,3,KPK,Dera Ismail Khan,National Highway,Average,Rainy,Street Light,Motorcycle,2,Over Speeding,0,0,1,0,8,2,High
2020,5,Sunday,19,Sindh,Sukkur,Provincial Highway,Good,Clear,No Light,Motorcycle,1,Road Condition,1,1,0,0,2,1,Medium
2019,2,Sunday,8,Punjab,Faisalabad,Provincial Highway,Poor,Clear,Daylight,Car/Taxi,2,Road Condition,1,1,0,1,1,1,Low
2019,6,Thursday,18,KPK,Peshawar,Rural Road,Good,Clear,No Light,Motorcycle,1,Driver Fatigue,1,0,0,0,8,2,High
2023,4,Friday,12,Punjab,Rawalpindi,Rural Road,Good,Extreme Heat,Daylight,Car/Taxi,1,Wrong Overtaking,1,0,0,0,2,0,Low
2022,11,Monday,11,Sindh,Nawabshah,National Highway,Good,Extreme Heat,Daylight,Motorcycle,2,Over Speeding,0,0,0,1,10,0,High
2023,11,Thursday,23,Punjab,Rahim Yar Khan,Rural Road,Poor,Clear,Street Light,Car/Taxi,3,Over Speeding,0,0,1,1,3,1,Medium
2023,10,Wednesday,9,Islamabad,Islamabad,National Highway,Under Repair,Clear,Dawn/Dusk,Car/Taxi,3,Over Speeding,1,0,0,0,10,1,High
2023,11,Saturday,10,KPK,Peshawar,Provincial Highway,Good,Rainy,Daylight,Motorcycle,3,Over Speeding,0,1,0,1,7,0,High
2022,8,Friday,6,Punjab,Faisalabad,National Highway,Under Repair,Clear,Daylight,Van/Pickup,1,Road Condition,0,0,0,0,1,0,Low
2020,9,Saturday,3,Punjab,Sheikhupura,Provincial Highway,Poor,Clear,No Light,Other,2,Mechanical Failure,0,1,1,0,2,1,Low
2019,9,Wednesday,15,Punjab,Lahore,National Highway,Good,Foggy,Daylight,Motorcycle,4,Wrong Overtaking,0,0,0,0,10,2,High
2023,8,Friday,23,KPK,Peshawar,National Highway,Good,Clear,Street Light,Car/Taxi,1,Driver Fatigue,0,0,1,0,4,0,Medium
2023,7,Tuesday,1,Punjab,Sheikhupura,Rural Road,Good,Foggy,Street Light,Motorcycle,4,Signal Violation,0,0,1,0,9,1,High
2023,9,Monday,16,Balochistan,Khuzdar,Rural Road,Good,Clear,Dawn/Dusk,Motorcycle,2,Over Speeding,0,0,0,0,4,1,High
2021,3,Sunday,6,Islamabad,Islamabad,National Highway,Good,Clear,Daylight,Truck/Lorry,3,Driver Fatigue,0,1,0,0,9,2,High
2022,7,Saturday,6,KPK,Mansehra,National Highway,Good,Clear,Daylight,Bus/Coach,2,Road Condition,0,1,0,0,4,0,Medium
2020,1,Saturday,13,Punjab,Rawalpindi,National Highway,Good,Foggy,No Light,Motorcycle,2,Over Speeding,1,1,0,1,7,2,High
2022,7,Monday,14,Punjab,Faisalabad,National Highway,Good,Clear,Daylight,Car/Taxi,1,Wrong Overtaking,0,0,0,0,2,0,Low
2022,6,Wednesday,21,Sindh,Sukkur,Urban Road,Average,Rainy,Street Light,Motorcycle,1,Signal Violation,0,0,0,0,4,2,Medium
2018,7,Saturday,9,Sindh,Kashmore,Urban Road,Average,Foggy,Dawn/Dusk,Bus/Coach,3,Signal Violation,1,1,0,0,3,0,Medium
2019,9,Wednesday,9,KPK,Swat,Urban Road,Poor,Foggy,Street Light,Motorcycle,1,Wrong Overtaking,1,0,0,0,2,1,Medium
2019,5,Wednesday,22,Sindh,Karachi,National Highway,Poor,Clear,No Light,Truck/Lorry,1,Driver Fatigue,0,0,1,0,7,1,High
2020,2,Monday,18,Punjab,Rawalpindi,Urban Road,Poor,Clear,Daylight,Car/Taxi,1,Over Speeding,1,0,0,1,1,0,Low
2018,1,Sunday,21,Balochistan,Loralai,National Highway,Good,Clear,No Light,Bus/Coach,1,Wrong Overtaking,0,1,0,1,2,1,Medium
2022,12,Wednesday,6,Punjab,Faisalabad,Motorway,Average,Dusty/Smoggy,Daylight,Truck/Lorry,4,Over Speeding,0,0,0,1,7,0,High
2020,4,Tuesday,19,Sindh,Jacobabad,Rural Road,Good,Clear,No Light,Rickshaw,1,Wrong Overtaking,1,0,0,0,2,0,Low
2021,12,Monday,12,KPK,Swat,Rural Road,Average,Clear,Daylight,Car/Taxi,3,Wrong Overtaking,1,0,0,1,2,0,Low
2019,7,Wednesday,19,Punjab,Sargodha,Rural Road,Average,Clear,Street Light,Motorcycle,1,Drunk Driving,1,0,0,0,4,0,High
2023,8,Friday,11,KPK,Abbottabad,Provincial Highway,Poor,Clear,Street Light,Motorcycle,3,Wrong Overtaking,0,0,0,0,1,0,Medium
2020,7,Thursday,6,KPK,Nowshera,National Highway,Poor,Clear,Daylight,Motorcycle,1,Over Speeding,0,0,0,0,6,0,High
2019,6,Wednesday,16,KPK,Dera Ismail Khan,Provincial Highway,Good,Rainy,Daylight,Truck/Lorry,2,Driver Fatigue,0,0,0,0,3,0,Medium
2023,11,Monday,18,Punjab,Sargodha,Rural Road,Good,Clear,Daylight,Motorcycle,2,Wrong Overtaking,1,0,0,1,3,1,Medium
2018,6,Monday,23,Punjab,Rawalpindi,Provincial Highway,Good,Foggy,No Light,Motorcycle,1,Signal Violation,0,0,1,0,9,0,High
2022,8,Friday,17,Punjab,Sialkot,Provincial Highway,Good,Clear,Street Light,Car/Taxi,1,Mobile Phone Use,1,0,0,0,2,1,Low
2018,5,Wednesday,21,Punjab,Sheikhupura,National Highway,Poor,Clear,No Light,Truck/Lorry,1,Over Speeding,0,0,0,0,3,3,High
2023,11,Wednesday,0,Islamabad,Islamabad,Provincial Highway,Under Repair,Rainy,Street Light,Motorcycle,1,Over Speeding,0,0,1,1,11,1,High
2022,6,Friday,17,Sindh,Jacobabad,Provincial Highway,Poor,Foggy,Daylight,Car/Taxi,2,Wrong Overtaking,1,0,0,0,5,0,Medium
2023,12,Saturday,11,Punjab,Gujranwala,Urban Road,Good,Foggy,Daylight,Car/Taxi,3,Road Condition,0,1,0,1,1,0,Low
2021,8,Wednesday,8,Islamabad,Islamabad,National Highway,Good,Extreme Heat,Daylight,Motorcycle,2,Mobile Phone Use,1,0,0,0,2,0,Medium
2020,9,Monday,14,KPK,Peshawar,Urban Road,Poor,Foggy,Daylight,Car/Taxi,2,Wrong Overtaking,0,0,0,0,1,1,Medium
2022,3,Saturday,8,Punjab,Bahawalpur,Provincial Highway,Good,Dusty/Smoggy,Daylight,Car/Taxi,2,Drunk Driving,1,1,0,0,4,0,Medium
2020,3,Monday,11,Punjab,Multan,Rural Road,Poor,Rainy,Street Light,Rickshaw,2,Driver Fatigue,0,0,0,0,1,0,Medium
2018,5,Wednesday,6,Punjab,Faisalabad,National Highway,Average,Extreme Heat,Daylight,Motorcycle,4,Road Condition,0,0,0,0,5,1,Medium
2018,5,Sunday,9,AJK,Muzaffarabad,Rural Road,Good,Clear,Daylight,Motorcycle,2,Road Condition,1,1,0,0,2,0,Low
2021,1,Thursday,6,Sindh,Sukkur,Motorway,Average,Foggy,Daylight,Car/Taxi,4,Pedestrian Error,0,0,0,1,0,0,Low
2023,8,Saturday,7,Balochistan,Zhob,Provincial Highway,Under Repair,Clear,Daylight,Motorcycle,3,Mobile Phone Use,1,1,0,0,3,1,Medium
2022,10,Tuesday,11,Punjab,Rawalpindi,Provincial Highway,Average,Clear,Daylight,Rickshaw,2,Signal Violation,0,0,0,0,2,0,Low
2019,5,Sunday,9,Balochistan,Loralai,Rural Road,Average,Clear,Daylight,Rickshaw,1,Road Condition,1,1,0,0,2,0,Low
2022,7,Friday,22,Punjab,Faisalabad,National Highway,Average,Foggy,No Light,Motorcycle,1,Signal Violation,0,0,1,0,11,1,High
2019,12,Monday,0,AJK,Muzaffarabad,Urban Road,Average,Foggy,Street Light,Car/Taxi,2,Over Speeding,0,0,1,1,6,0,High
2022,11,Sunday,18,Balochistan,Dera Bugti,Urban Road,Good,Clear,Daylight,Truck/Lorry,2,Wrong Overtaking,1,1,0,1,0,0,Low
2020,10,Friday,6,Punjab,Sheikhupura,Provincial Highway,Good,Clear,Street Light,Car/Taxi,2,Signal Violation,0,0,0,0,2,0,Low
2018,7,Wednesday,13,KPK,Charsadda,National Highway,Poor,Clear,Daylight,Car/Taxi,1,Over Speeding,1,0,0,0,4,1,Medium
2023,5,Friday,17,KPK,Charsadda,National Highway,Good,Clear,Daylight,Truck/Lorry,2,Road Condition,1,0,0,0,1,0,Medium
2020,2,Friday,16,Balochistan,Chaman,Provincial Highway,Good,Rainy,Street Light,Car/Taxi,4,Over Speeding,0,0,0,1,2,0,High
2023,2,Wednesday,5,Punjab,Sargodha,National Highway,Average,Dusty/Smoggy,Dawn/Dusk,Motorcycle,3,Wrong Overtaking,0,0,1,1,3,1,High
2023,10,Tuesday,2,Sindh,Nawabshah,National Highway,Average,Foggy,No Light,Bus/Coach,4,Mechanical Failure,0,0,1,0,4,2,Medium
2021,3,Wednesday,6,Balochistan,Chaman,Urban Road,Under Repair,Clear,Daylight,Rickshaw,2,Over Speeding,0,0,0,0,2,2,Medium
2019,7,Friday,6,KPK,Nowshera,National Highway,Average,Clear,Daylight,Motorcycle,2,Driver Fatigue,0,0,0,0,8,1,High
2019,3,Tuesday,19,Punjab,Lahore,Urban Road,Average,Clear,Street Light,Rickshaw,3,Driver Fatigue,1,0,0,0,0,0,Low
2023,11,Sunday,16,Balochistan,Zhob,National Highway,Good,Extreme Heat,Daylight,Motorcycle,2,Mechanical Failure,0,1,0,1,9,2,High
2023,8,Thursday,19,Punjab,Bahawalpur,National Highway,Poor,Clear,Dawn/Dusk,Car/Taxi,1,Drunk Driving,1,0,0,0,1,1,Medium
2019,12,Tuesday,20,KPK,Kohat,Provincial Highway,Average,Dusty/Smoggy,Street Light,Car/Taxi,3,Road Condition,1,0,0,1,2,0,Low
2023,4,Wednesday,18,Punjab,Sialkot,National Highway,Poor,Rainy,Daylight,Motorcycle,3,Wrong Overtaking,1,0,0,0,5,0,High
2023,2,Sunday,21,Punjab,Faisalabad,Provincial Highway,Good,Clear,Street Light,Motorcycle,2,Drunk Driving,0,1,0,1,10,4,High
2021,8,Sunday,5,Sindh,Hyderabad,National Highway,Average,Clear,Street Light,Motorcycle,1,Pedestrian Error,0,1,1,0,7,2,High
2023,1,Sunday,16,Sindh,Hyderabad,National Highway,Good,Extreme Heat,Daylight,Van/Pickup,1,Pedestrian Error,0,1,0,1,1,0,Low
2019,3,Tuesday,3,Sindh,Nawabshah,National Highway,Average,Clear,No Light,Van/Pickup,2,Over Speeding,0,0,1,0,3,0,High
2021,3,Tuesday,9,Sindh,Mirpur Khas,Rural Road,Good,Clear,Daylight,Rickshaw,2,Wrong Overtaking,1,0,0,0,1,0,Low
2023,12,Friday,20,Punjab,Sialkot,National Highway,Average,Dusty/Smoggy,No Light,Truck/Lorry,3,Pedestrian Error,1,0,0,1,5,0,Medium
2023,7,Saturday,15,Punjab,Sialkot,Motorway,Good,Foggy,Daylight,Car/Taxi,2,Over Speeding,0,1,0,0,9,4,High
2023,12,Friday,17,KPK,Swat,National Highway,Good,Dusty/Smoggy,Daylight,Motorcycle,2,Wrong Overtaking,1,0,0,1,9,1,High
2022,7,Saturday,19,Punjab,Sargodha,National Highway,Under Repair,Clear,Dawn/Dusk,Rickshaw,1,Drunk Driving,1,1,0,0,10,3,High
2020,3,Friday,7,Sindh,Dadu,Rural Road,Poor,Clear,Daylight,Motorcycle,1,Signal Violation,1,0,0,0,3,2,Medium
2020,2,Friday,15,Sindh,Jacobabad,Urban Road,Good,Foggy,Daylight,Motorcycle,1,Driver Fatigue,0,0,0,1,5,3,High
2021,6,Wednesday,13,Balochistan,Zhob,Rural Road,Under Repair,Foggy,Dawn/Dusk,Car/Taxi,2,Pedestrian Error,1,0,0,0,0,0,Low
2023,4,Sunday,6,KPK,Abbottabad,Provincial Highway,Poor,Clear,Daylight,Motorcycle,2,Mechanical Failure,0,1,0,0,1,0,Medium
2023,6,Friday,8,Punjab,Sialkot,National Highway,Good,Clear,Daylight,Bus/Coach,2,Over Speeding,1,0,0,0,8,2,High
2022,2,Thursday,21,KPK,Charsadda,National Highway,Average,Clear,No Light,Van/Pickup,2,Wrong Overtaking,0,0,0,1,2,0,Low
2023,7,Saturday,15,AJK,Mirpur,Provincial Highway,Average,Clear,Daylight,Truck/Lorry,1,Wrong Overtaking,0,1,0,0,3,0,Medium
2023,8,Friday,22,Sindh,Thatta,Urban Road,Good,Rainy,No Light,Bus/Coach,1,Signal Violation,0,0,1,0,3,2,High
2019,4,Monday,8,Islamabad,Islamabad,Provincial Highway,Good,Foggy,Daylight,Motorcycle,2,Wrong Overtaking,1,0,0,0,1,0,Medium
2023,4,Saturday,11,Sindh,Larkana,Provincial Highway,Good,Clear,Daylight,Car/Taxi,2,Mechanical Failure,0,1,0,0,2,1,Low
2019,9,Thursday,17,Sindh,Mirpur Khas,Rural Road,Good,Clear,Daylight,Bus/Coach,1,Pedestrian Error,1,0,0,0,1,0,Low
2021,7,Tuesday,11,Punjab,Multan,Urban Road,Average,Foggy,Dawn/Dusk,Motorcycle,4,Signal Violation,0,0,0,0,1,0,Medium
2023,6,Wednesday,16,Sindh,Hyderabad,National Highway,Good,Clear,Daylight,Bicycle,1,Road Condition,0,0,0,0,7,0,High
2020,11,Tuesday,16,Punjab,Gujranwala,Rural Road,Average,Rainy,Daylight,Rickshaw,2,Road Condition,0,0,0,1,1,1,Low
2020,12,Thursday,13,Punjab,Lahore,National Highway,Average,Clear,Daylight,Car/Taxi,3,Wrong Overtaking,1,0,0,1,2,2,Medium
2020,1,Thursday,18,Punjab,Faisalabad,Rural Road,Poor,Clear,Dawn/Dusk,Bus/Coach,2,Over Speeding,1,0,0,1,0,0,Low
2020,7,Saturday,6,Punjab,Sargodha,National Highway,Good,Clear,No Light,Bicycle,2,Drunk Driving,0,1,0,0,4,0,High
2018,2,Thursday,13,Punjab,Gujranwala,Motorway,Good,Clear,Dawn/Dusk,Motorcycle,1,Drunk Driving,1,0,0,1,5,3,High
2023,9,Thursday,22,Sindh,Kashmore,Provincial Highway,Poor,Rainy,Street Light,Car/Taxi,2,Over Speeding,0,0,1,0,5,2,High
2020,3,Friday,17,Punjab,Bahawalpur,National Highway,Good,Foggy,Daylight,Bicycle,2,Signal Violation,1,0,0,0,8,1,High
2018,12,Tuesday,16,AJK,Mirpur,National Highway,Average,Rainy,Dawn/Dusk,Motorcycle,3,Over Speeding,0,0,0,1,8,2,High
2018,3,Tuesday,14,Punjab,Bahawalpur,Provincial Highway,Average,Clear,Daylight,Car/Taxi,2,Over Speeding,0,0,0,0,0,0,Low
2023,12,Thursday,16,Sindh,Hyderabad,Provincial Highway,Good,Clear,Daylight,Truck/Lorry,1,Over Speeding,0,0,0,1,11,3,High