year,month,day_of_week,hour_of_day,province,district,road_type,road_condition,weather_condition,lighting_condition,vehicle_type,vehicles_involved,accident_cause,is_rush_hour,is_weekend,is_night,is_foggy_month,num_injured,num_killed,severity
2023,5,Sunday,7,Punjab,Bahawalpur,Urban Road,Good,Clear,Daylight,Car/Taxi,2,Mechanical Failure,1,1,0,0,1,0,Low
2022,7,Thursday,7,Punjab,Sheikhupura,Provincial Highway,Poor,Clear,Daylight,Motorcycle,2,Over Speeding,1,0,0,0,10,2,High
2022,12,Thursday,9,Punjab,Bahawalpur,Provincial Highway,Good,Clear,No Light,Motorcycle,1,Drunk Driving,1,0,0,1,4,0,High
2019,9,Tuesday,12,Sindh,Jacobabad,Urban Road,Poor,Extreme Heat,Daylight,Motorcycle,2,Wrong Overtaking,1,0,0,0,2,0,Low
2019,11,Friday,22,KPK,Charsadda,Rural Road,Good,Clear,No Light,Motorcycle,2,Pedestrian Error,0,0,1,1,2,0,Low
2022,1,Friday,18,Punjab,Faisalabad,Motorway,Good,Clear,Daylight,Car/Taxi,1,Signal Violation,1,0,0,1,5,2,Medium
2018,12,Wednesday,15,Punjab,Sialkot,Rural Road,Good,Dusty/Smoggy,Daylight,Car/Taxi,3,Road Condition,0,0,0,1,2,0,Low
2020,1,Friday,14,Punjab,Sargodha,National Highway,Average,Clear,Daylight,Motorcycle,2,Pedestrian Error,0,0,0,1,5,0,Medium
2023,7,Friday,16,KPK,Bannu,Provincial Highway,Poor,Clear,Daylight,Motorcycle,3,Over Speeding,0,0,0,0,6,2,High
2023,5,Saturday,2,KPK,Abbottabad,National Highway,Poor,Rainy,No Light,Motorcycle,3,Mobile Phone Use,0,1,1,0,4,4,High
2023,5,Thursday,19,Punjab,Sialkot,Urban Road,Poor,Clear,Street Light,Motorcycle,4,Over Speeding,1,0,0,0,10,2,High
2023,12,Sunday,8,Punjab,Bahawalpur,Urban Road,Average,Clear,No Light,Car/Taxi,1,Signal Violation,1,1,0,1,0,0,Low
2023,10,Friday,17,Islamabad,Islamabad,Urban Road,Good,Foggy,No Light,Motorcycle,1,Signal Violation,1,0,0,0,2,0,Medium
2022,4,Thursday,4,Punjab,Multan,Provincial Highway,Average,Clear,No Light,Motorcycle,1,Mechanical Failure,0,0,1,0,2,1,Medium
2021,6,Tuesday,13,Sindh,Mirpur Khas,Urban Road,Average,Clear,Daylight,Van/Pickup,1,Signal Violation,1,0,0,0,2,0,Low
2018,7,Saturday,10,Punjab,Faisalabad,National Highway,Good,Clear,Daylight,Car/Taxi,1,Over Speeding,0,1,0,0,1,0,Medium
2021,8,Sunday,17,Sindh,Kashmore,Urban Road,Poor,Dusty/Smoggy,No Light,Truck/Lorry,1,Over Speeding,1,1,0,0,2,0,Low
2021,5,Monday,18,AJK,Rawalakot,National Highway,Average,Rainy,Daylight,Bus/Coach,3,Driver Fatigue,1,0,0,0,9,1,High
2018,9,Wednesday,15,Gilgit-Baltistan,Hunza,National Highway,Good,Clear,Daylight,Car/Taxi,4,Road Condition,0,0,0,0,0,0,Low
2021,10,Wednesday,22,KPK,Charsadda,Provincial Highway,Average,Foggy,No Light,Car/Taxi,3,Drunk Driving,0,0,1,0,8,0,High
2020,3,Monday,5,Punjab,Sialkot,Rural Road,Under Repair,Clear,Daylight,Motorcycle,3,Over Speeding,0,0,1,0,5,2,High
2022,6,Sunday,16,Sindh,Dadu,National Highway,Poor,Extreme Heat,No Light,Car/Taxi,1,Signal Violation,0,1,0,0,5,0,Medium
2023,12,Friday,13,Punjab,Rawalpindi,National Highway,Good,Clear,Street Light,Motorcycle,2,Signal Violation,1,0,0,1,7,2,High
2018,4,Saturday,21,AJK,Muzaffarabad,Rural Road,Good,Clear,Street Light,Motorcycle,2,Driver Fatigue,0,1,0,0,3,0,Medium
2021,3,Saturday,14,KPK,Bannu,Urban Road,Good,Rainy,Dawn/Dusk,Car/Taxi,2,Over Speeding,0,1,0,0,2,1,Medium
2023,5,Sunday,12,Sindh,Dadu,National Highway,Good,Clear,Daylight,Car/Taxi,3,Over Speeding,1,1,0,0,10,1,High
2020,12,Tuesday,15,Punjab,Sialkot,National Highway,Average,Extreme Heat,Daylight,Rickshaw,2,Over Speeding,0,0,0,1,4,0,Medium
2023,11,Saturday,18,Sindh,Dadu,National Highway,Average,Clear,Daylight,Rickshaw,1,Road Condition,1,1,0,1,0,0,Low
2022,6,Wednesday,4,AJK,Rawalakot,National Highway,Average,Clear,No Light,Rickshaw,4,Wrong Overtaking,0,0,1,0,11,0,High
2020,9,Sunday,11,Sindh,Thatta,Rural Road,Good,Clear,Daylight,Van/Pickup,1,Mechanical Failure,0,1,0,0,2,1,Low
2022,7,Thursday,22,Punjab,Bahawalpur,Rural Road,Average,Clear,No Light,Car/Taxi,1,Over Speeding,0,0,1,0,1,1,Medium
2018,4,Thursday,19,Punjab,Bahawalpur,Motorway,Under Repair,Rainy,No Light,Rickshaw,1,Over Speeding,1,0,0,0,4,1,Medium
2023,11,Friday,19,Punjab,Rawalpindi,National Highway,Good,Foggy,Street Light,Motorcycle,2,Drunk Driving,1,0,0,1,7,1,High
2022,11,Thursday,14,Balochistan,Zhob,Urban Road,Poor,Clear,Daylight,Rickshaw,1,Road Condition,0,0,0,1,0,0,Low
2021,6,Wednesday,22,Gilgit-Baltistan,Skardu,Provincial Highway,Poor,Dusty/Smoggy,Street Light,Motorcycle,1,Wrong Overtaking,0,0,1,0,2,0,Medium
2020,2,Thursday,19,Islamabad,Islamabad,National Highway,Good,Foggy,No Light,Car/Taxi,2,Wrong Overtaking,1,0,0,1,1,2,Medium
2023,6,Friday,16,KPK,Nowshera,Provincial Highway,Good,Clear,Daylight,Car/Taxi,2,Wrong Overtaking,0,0,0,0,1,1,Low
2018,5,Saturday,12,Sindh,Larkana,National Highway,Good,Clear,Dawn/Dusk,Motorcycle,1,Pedestrian Error,1,1,0,0,3,0,Medium
2019,6,Saturday,15,Sindh,Larkana,National Highway,Average,Clear,Daylight,Car/Taxi,3,Mechanical Failure,0,1,0,0,1,0,Medium
2021,8,Saturday,7,Sindh,Jacobabad,Rural Road,Good,Clear,Daylight,Car/Taxi,2,Over Speeding,1,1,0,0,0,0,Low
2020,8,Monday,16,KPK,Mardan,National Highway,Average,Rainy,Dawn/Dusk,Rickshaw,1,Driver Fatigue,0,0,0,0,7,1,High
2022,5,Tuesday,12,Punjab,Bahawalpur,Rural Road,Good,Foggy,Daylight,Van/Pickup,2,Over Speeding,1,0,0,0,5,0,Medium
2021,10,Thursday,17,KPK,Mansehra,National Highway,Under Repair,Clear,Daylight,Car/Taxi,2,Signal Violation,1,0,0,0,1,0,Low
2021,6,Friday,9,Punjab,Sheikhupura,Provincial Highway,Under Repair,Clear,Daylight,Motorcycle,1,Over Speeding,1,0,0,0,9,4,High
2022,2,Tuesday,4,Punjab,Gujranwala,Urban Road,Poor,Clear,No Light,Motorcycle,2,Road Condition,0,0,1,1,4,0,Medium
2023,1,Saturday,20,KPK,Dera Ismail Khan,Rural Road,Good,Rainy,No Light,Motorcycle,2,Pedestrian Error,1,1,0,1,5,0,Medium
2022,12,Sunday,20,Balochistan,Dera Bugti,Urban Road,Good,Foggy,No Light,Motorcycle,1,Over Speeding,1,1,0,1,6,0,High
2020,5,Friday,19,Sindh,Karachi,National Highway,Good,Extreme Heat,Street Light,Bicycle,3,Over Speeding,1,0,0,0,7,4,High
2023,3,Sunday,12,Punjab,Sargodha,Urban Road,Good,Clear,Daylight,Rickshaw,3,Wrong Overtaking,1,1,0,0,2,0,Low
2023,5,Sunday,18,Islamabad,Islamabad,National Highway,Average,Foggy,Daylight,Car/Taxi,1,Pedestrian Error,1,1,0,0,1,0,Medium
2020,5,Tuesday,22,KPK,Swat,National Highway,Average,Clear,No Light,Other,1,Signal Violation,0,0,1,0,2,1,Medium
2021,12,Sunday,10,Punjab,Rahim Yar Khan,National Highway,Average,Clear,Street Light,Bus/Coach,2,Over Speeding,0,1,0,1,7,2,High
2022,11,Tuesday,7,Sindh,Larkana,National Highway,Good,Rainy,Daylight,Motorcycle,3,Pedestrian Error,1,0,0,1,2,0,High
2019,7,Friday,20,Sindh,Sukkur,National Highway,Poor,Clear,No Light,Van/Pickup,1,Over Speeding,1,0,0,0,5,1,Medium
2018,12,Friday,7,Sindh,Mirpur Khas,Provincial Highway,Good,Dusty/Smoggy,Daylight,Car/Taxi,2,Wrong Overtaking,1,0,0,1,1,0,Low
2021,10,Thursday,13,Balochistan,Zhob,Urban Road,Average,Foggy,Daylight,Car/Taxi,3,Mechanical Failure,1,0,0,0,2,0,Low
2020,2,Wednesday,6,Punjab,Rawalpindi,Rural Road,Average,Clear,Dawn/Dusk,Car/Taxi,3,Over Speeding,0,0,0,1,1,0,Low
2022,9,Saturday,21,Punjab,Bahawalpur,Provincial Highway,Poor,Clear,No Light,Motorcycle,4,Over Speeding,0,1,0,0,10,2,High
2020,9,Monday,9,Punjab,Faisalabad,Urban Road,Good,Clear,Daylight,Bus/Coach,4,Pedestrian Error,1,0,0,0,2,0,Low
2019,2,Monday,7,Punjab,Sargodha,Rural Road,Average,Clear,Daylight,Car/Taxi,1,Road Condition,1,0,0,1,0,0,Low
2023,10,Wednesday,18,Punjab,Lahore,Provincial Highway,Average,Rainy,Daylight,Motorcycle,1,Road Condition,1,0,0,0,2,0,Medium
2019,12,Friday,21,Punjab,Sheikhupura,Motorway,Good,Clear,No Light,Motorcycle,2,Signal Violation,0,0,0,1,8,1,High
2021,11,Friday,8,Punjab,Sheikhupura,Urban Road,Poor,Clear,Street Light,Motorcycle,1,Mechanical Failure,1,0,0,1,0,0,Low
2023,2,Wednesday,8,Punjab,Gujranwala,Urban Road,Good,Clear,Daylight,Car/Taxi,2,Over Speeding,1,0,0,1,1,0,Low
2019,1,Monday,11,Punjab,Faisalabad,National Highway,Good,Foggy,Street Light,Bus/Coach,2,Wrong Overtaking,0,0,0,1,2,1,Medium
2018,8,Monday,21,Punjab,Sialkot,Urban Road,Poor,Foggy,Street Light,Van/Pickup,2,Over Speeding,0,0,0,0,5,1,Medium
2023,4,Friday,14,Sindh,Kashmore,Urban Road,Under Repair,Rainy,Street Light,Car/Taxi,1,Over Speeding,0,0,0,0,5,0,Medium
2019,1,Thursday,19,Sindh,Mirpur Khas,Provincial Highway,Good,Extreme Heat,No Light,Rickshaw,3,Pedestrian Error,1,0,0,1,0,0,Low
2019,2,Thursday,16,Punjab,Multan,Rural Road,Average,Clear,Dawn/Dusk,Motorcycle,2,Wrong Overtaking,0,0,0,1,5,0,Medium
2023,7,Saturday,13,Sindh,Hyderabad,National Highway,Good,Clear,Street Light,Truck/Lorry,2,Over Speeding,1,1,0,0,5,1,Medium
2019,1,Friday,15,Gilgit-Baltistan,Gilgit,Rural Road,Poor,Clear,Daylight,Car/Taxi,2,Wrong Overtaking,0,0,0,1,2,0,Low
2020,12,Thursday,11,Islamabad,Islamabad,Rural Road,Good,Clear,Daylight,Car/Taxi,2,Mechanical Failure,0,0,0,1,1,0,Low
2022,12,Thursday,2,Punjab,Bahawalpur,National Highway,Poor,Dusty/Smoggy,No Light,Motorcycle,1,Driver Fatigue,0,0,1,1,3,4,High
2019,3,Tuesday,16,KPK,Mardan,National Highway,Good,Clear,Street Light,Motorcycle,1,Signal Violation,0,0,0,0,3,2,Medium
2022,3,Friday,19,Punjab,Sargodha,National Highway,Poor,Foggy,Dawn/Dusk,Bicycle,4,Over Speeding,1,0,0,0,5,3,High
2023,8,Saturday,21,Punjab,Rawalpindi,Provincial Highway,Poor,Foggy,Street Light,Car/Taxi,1,Over Speeding,0,1,0,0,5,2,Medium
2022,11,Sunday,14,Punjab,Sialkot,National Highway,Good,Rainy,Daylight,Car/Taxi,1,Wrong Overtaking,0,1,0,1,2,0,Medium
2021,8,Saturday,17,Punjab,Multan,National Highway,Average,Clear,Daylight,Bus/Coach,1,Over Speeding,1,1,0,0,10,3,High
2021,12,Saturday,11,Sindh,Nawabshah,Rural Road,Poor,Rainy,Daylight,Van/Pickup,2,Over Speeding,0,1,0,1,1,0,Low
2021,4,Friday,12,KPK,Mardan,National Highway,Poor,Clear,Daylight,Rickshaw,4,Over Speeding,1,0,0,0,1,1,Medium
2021,1,Sunday,1,KPK,Dera Ismail Khan,Urban Road,Good,Clear,No Light,Car/Taxi,1,Pedestrian Error,0,1,1,1,2,0,Low
2019,10,Saturday,21,Punjab,Gujranwala,Urban Road,Poor,Clear,No Light,Motorcycle,1,Over Speeding,0,1,0,0,2,2,High
2022,6,Monday,8,Punjab,Faisalabad,Rural Road,Poor,Clear,Daylight,Motorcycle,2,Mechanical Failure,1,0,0,0,4,2,Medium
2021,3,Tuesday,9,Punjab,Bahawalpur,Provincial Highway,Under Repair,Foggy,Daylight,Car/Taxi,1,Over Speeding,1,0,0,0,2,0,Medium
2022,3,Thursday,14,Punjab,Sheikhupura,Motorway,Good,Foggy,Daylight,Motorcycle,2,Over Speeding,0,0,0,0,6,2,High
2020,1,Friday,10,Gilgit-Baltistan,Gilgit,Provincial Highway,Poor,Clear,Daylight,Rickshaw,2,Pedestrian Error,0,0,0,1,2,0,Low
2022,11,Thursday,14,KPK,Kohat,Urban Road,Under Repair,Rainy,Daylight,Rickshaw,3,Over Speeding,0,0,0,1,1,1,Medium
2018,7,Wednesday,5,AJK,Mirpur,Rural Road,Under Repair,Dusty/Smoggy,No Light,Car/Taxi,3,Driver Fatigue,0,0,1,0,2,0,Low
2020,2,Tuesday,7,KPK,Nowshera,Urban Road,Poor,Foggy,Daylight,Car/Taxi,3,Over Speeding,1,0,0,1,4,1,Medium
2018,9,Saturday,6,Punjab,Rahim Yar Khan,Urban Road,Good,Foggy,Daylight,Bus/Coach,3,Mechanical Failure,0,1,0,0,1,1,Medium
2020,4,Tuesday,6,Punjab,Rahim Yar Khan,National Highway,Average,Clear,Dawn/Dusk,Rickshaw,2,Over Speeding,0,0,0,0,1,0,Medium
2022,2,Saturday,6,Sindh,Larkana,National Highway,Poor,Dusty/Smoggy,No Light,Bus/Coach,2,Wrong Overtaking,0,1,0,1,7,2,High
2020,10,Monday,14,Punjab,Lahore,National Highway,Good,Foggy,Daylight,Car/Taxi,3,Signal Violation,0,0,0,0,7,3,High
2018,5,Thursday,15,KPK,Abbottabad,Urban Road,Good,Clear,Street Light,Car/Taxi,2,Signal Violation,0,0,0,0,0,0,Low
2022,2,Saturday,13,Sindh,Thatta,Rural Road,Average,Clear,Daylight,Rickshaw,1,Signal Violation,1,1,0,1,0,0,Low
2022,6,Thursday,8,Punjab,Rahim Yar Khan,National Highway,Average,Clear,Daylight,Rickshaw,3,Wrong Overtaking,1,0,0,0,2,0,Low
2021,11,Saturday,16,KPK,Nowshera,National Highway,Average,Clear,Daylight,Bicycle,1,Pedestrian Error,0,1,0,1,2,1,Medium
2022,5,Monday,20,Balochistan,Turbat,Provincial Highway,Average,Clear,No Light,Motorcycle,3,Pedestrian Error,1,0,0,0,2,0,Low
2023,7,Thursday,16,Sindh,Jacobabad,National Highway,Average,Clear,Dawn/Dusk,Motorcycle,1,Over Speeding,0,0,0,0,11,4,High
2022,9,Friday,9,KPK,Mardan,Provincial Highway,Average,Clear,Daylight,Rickshaw,2,Drunk Driving,1,0,0,0,5,0,Medium
2019,10,Wednesday,9,Punjab,Sialkot,Rural Road,Average,Clear,Daylight,Motorcycle,1,Pedestrian Error,1,0,0,0,1,0,Low
2022,8,Thursday,23,Sindh,Thatta,Urban Road,Under Repair,Clear,Street Light,Car/Taxi,2,Drunk Driving,0,0,1,0,1,1,Medium
2018,4,Thursday,13,Punjab,Rawalpindi,Urban Road,Good,Foggy,Daylight,Bicycle,2,Over Speeding,1,0,0,0,9,1,High
2022,12,Friday,16,Punjab,Rawalpindi,Provincial Highway,Poor,Clear,Daylight,Motorcycle,1,Over Speeding,0,0,0,1,5,1,Medium
2021,6,Thursday,17,Sindh,Thatta,Urban Road,Good,Clear,Daylight,Motorcycle,1,Mechanical Failure,1,0,0,0,3,0,Medium
2021,12,Friday,6,Punjab,Bahawalpur,Urban Road,Good,Clear,Daylight,Car/Taxi,3,Wrong Overtaking,0,0,0,1,0,0,Low
2021,11,Thursday,6,KPK,Dera Ismail Khan,National Highway,Poor,Foggy,Dawn/Dusk,Motorcycle,2,Pedestrian Error,0,0,0,1,3,0,High
2023,7,Wednesday,3,Balochistan,Zhob,Rural Road,Average,Clear,No Light,Motorcycle,2,Weather Condition,0,0,1,0,3,2,Medium
2022,1,Thursday,22,Punjab,Lahore,Rural Road,Good,Clear,Street Light,Car/Taxi,2,Wrong Overtaking,0,0,1,1,4,2,Medium
2021,7,Monday,2,KPK,Abbottabad,National Highway,Poor,Clear,No Light,Motorcycle,3,Pedestrian Error,0,0,1,0,5,0,Medium
2018,12,Sunday,10,Sindh,Kashmore,Rural Road,Poor,Clear,Daylight,Bicycle,2,Signal Violation,0,1,0,1,0,0,Low
2022,12,Tuesday,15,Punjab,Sargodha,Provincial Highway,Average,Rainy,Daylight,Rickshaw,4,Pedestrian Error,0,0,0,1,0,0,Low
2021,6,Wednesday,14,Sindh,Hyderabad,Provincial Highway,Poor,Clear,Daylight,Car/Taxi,2,Over Speeding,0,0,0,0,1,0,Medium
2023,5,Tuesday,5,Sindh,Dadu,Urban Road,Good,Clear,Dawn/Dusk,Motorcycle,3,Pedestrian Error,0,0,1,0,5,1,Medium
2021,9,Wednesday,20,Sindh,Dadu,Rural Road,Poor,Rainy,No Light,Truck/Lorry,2,Drunk Driving,1,0,0,0,9,1,High
2021,2,Friday,23,Islamabad,Islamabad,Provincial Highway,Good,Clear,Street Light,Motorcycle,2,Wrong Overtaking,0,0,1,1,2,1,High
2023,11,Saturday,7,Sindh,Hyderabad,Urban Road,Average,Extreme Heat,Daylight,Motorcycle,2,Driver Fatigue,1,1,0,1,3,0,Medium
2023,9,Monday,8,Gilgit-Baltistan,Skardu,Rural Road,Good,Rainy,Daylight,Car/Taxi,2,Signal Violation,1,0,0,0,0,0,Low
2020,6,Friday,15,Sindh,Hyderabad,Rural Road,Poor,Clear,Daylight,Motorcycle,1,Mechanical Failure,0,0,0,0,0,0,Low
2023,4,Saturday,13,Punjab,Lahore,National Highway,Good,Foggy,Daylight,Car/Taxi,2,Over Speeding,1,1,0,0,5,0,Medium
2023,9,Tuesday,15,Sindh,Kashmore,Urban Road,Good,Clear,Daylight,Truck/Lorry,3,Driver Fatigue,0,0,0,0,1,0,Medium
2018,11,Wednesday,0,Punjab,Sheikhupura,Urban Road,Under Repair,Clear,Street Light,Motorcycle,1,Over Speeding,0,0,1,1,5,0,Medium
2022,7,Friday,20,Sindh,Mirpur Khas,Urban Road,Poor,Clear,No Light,Bicycle,2,Wrong Overtaking,1,0,0,0,0,0,Low
2021,12,Thursday,9,KPK,Peshawar,Provincial Highway,Under Repair,Clear,Daylight,Rickshaw,3,Pedestrian Error,1,0,0,1,0,0,Low
2021,1,Sunday,22,Sindh,Jacobabad,National Highway,Good,Foggy,No Light,Motorcycle,2,Wrong Overtaking,0,1,1,1,10,1,High
2018,2,Monday,17,Punjab,Rawalpindi,Provincial Highway,Average,Rainy,Street Light,Motorcycle,2,Over Speeding,1,0,0,1,6,0,High
2020,7,Sunday,22,Sindh,Nawabshah,Urban Road,Good,Clear,Street Light,Rickshaw,3,Mechanical Failure,0,1,1,0,2,0,Low
2023,6,Thursday,21,Punjab,Multan,Rural Road,Under Repair,Clear,No Light,Motorcycle,4,Over Speeding,0,0,0,0,3,1,Medium
2022,5,Friday,15,KPK,Abbottabad,Rural Road,Average,Foggy,No Light,Motorcycle,2,Pedestrian Error,0,0,0,0,5,0,Medium
2019,10,Friday,11,KPK,Mansehra,National Highway,Average,Clear,Dawn/Dusk,Car/Taxi,1,Mobile Phone Use,0,0,0,0,1,0,Low
2021,6,Sunday,6,Islamabad,Islamabad,Urban Road,Average,Clear,Dawn/Dusk,Motorcycle,2,Over Speeding,0,1,0,0,3,0,Medium
2023,4,Sunday,7,Punjab,Bahawalpur,National Highway,Good,Clear,Daylight,Motorcycle,2,Mechanical Failure,1,1,0,0,3,0,Medium
2022,1,Friday,12,Sindh,Nawabshah,National Highway,Poor,Clear,Daylight,Motorcycle,1,Wrong Overtaking,1,0,0,1,2,3,High
2023,9,Tuesday,13,Sindh,Nawabshah,Urban Road,Average,Dusty/Smoggy,Street Light,Truck/Lorry,1,Pedestrian Error,1,0,0,0,0,0,Low
2021,12,Sunday,20,Islamabad,Islamabad,National Highway,Poor,Rainy,Street Light,Bus/Coach,2,Pedestrian Error,1,1,0,1,3,1,Medium
2018,4,Wednesday,20,Sindh,Mirpur Khas,National Highway,Poor,Rainy,No Light,Car/Taxi,2,Over Speeding,1,0,0,0,7,2,High
2021,1,Wednesday,20,Punjab,Gujranwala,Urban Road,Good,Foggy,No Light,Motorcycle,2,Signal Violation,1,0,0,1,1,0,Medium
2023,11,Friday,19,Sindh,Karachi,National Highway,Average,Clear,Daylight,Rickshaw,1,Pedestrian Error,1,0,0,1,2,0,Low
2019,6,Saturday,13,Sindh,Larkana,Provincial Highway,Average,Clear,Daylight,Car/Taxi,2,Mechanical Failure,1,1,0,0,1,1,Low
2018,2,Wednesday,11,KPK,Charsadda,Rural Road,Poor,Rainy,Daylight,Car/Taxi,2,Driver Fatigue,0,0,0,1,2,0,Medium
2022,10,Thursday,14,Balochistan,Zhob,National Highway,Average,Extreme Heat,Daylight,Car/Taxi,2,Wrong Overtaking,0,0,0,0,2,1,Medium
2021,3,Saturday,7,Punjab,Sargodha,Urban Road,Good,Clear,Daylight,Car/Taxi,3,Signal Violation,1,1,0,0,2,0,Low
2022,7,Saturday,10,Islamabad,Islamabad,National Highway,Good,Clear,Daylight,Rickshaw,1,Over Speeding,0,1,0,0,7,0,High
2018,6,Wednesday,19,Punjab,Sheikhupura,Urban Road,Poor,Dusty/Smoggy,No Light,Motorcycle,3,Road Condition,1,0,0,0,2,0,Low
2022,2,Thursday,11,AJK,Muzaffarabad,Rural Road,Poor,Clear,Daylight,Motorcycle,2,Pedestrian Error,0,0,0,1,0,0,Low
2023,9,Tuesday,1,Balochistan,Loralai,Provincial Highway,Poor,Dusty/Smoggy,Street Light,Car/Taxi,3,Mechanical Failure,0,0,1,0,1,0,Low
2021,4,Friday,9,KPK,Abbottabad,Provincial Highway,Good,Foggy,Daylight,Motorcycle,2,Over Speeding,1,0,0,0,3,1,High
2021,7,Saturday,22,KPK,Kohat,Rural Road,Good,Clear,Street Light,Motorcycle,2,Wrong Overtaking,0,1,1,0,4,1,Medium
2019,5,Wednesday,13,Punjab,Rawalpindi,Urban Road,Good,Clear,Daylight,Motorcycle,2,Mechanical Failure,1,0,0,0,1,0,Medium
2020,7,Saturday,8,Punjab,Sargodha,Provincial Highway,Average,Clear,Daylight,Other,1,Mechanical Failure,1,1,0,0,0,1,Low
2022,7,Friday,20,Punjab,Rawalpindi,Urban Road,Good,Dusty/Smoggy,Street Light,Car/Taxi,1,Road Condition,1,0,0,0,2,0,Low
2019,8,Sunday,17,Punjab,Bahawalpur,Provincial Highway,Average,Clear,Street Light,Motorcycle,1,Wrong Overtaking,1,1,0,0,9,0,High
2022,3,Thursday,4,Sindh,Kashmore,Rural Road,Good,Clear,No Light,Car/Taxi,4,Wrong Overtaking,0,0,1,0,0,0,Low
2021,4,Wednesday,14,Punjab,Bahawalpur,National Highway,Good,Clear,Daylight,Motorcycle,2,Signal Violation,0,0,0,0,2,1,Medium
2021,12,Saturday,12,Balochistan,Zhob,National Highway,Good,Clear,Daylight,Rickshaw,3,Over Speeding,1,1,0,1,7,3,High
2023,6,Sunday,16,Sindh,Dadu,Rural Road,Poor,Clear,Daylight,Truck/Lorry,1,Mobile Phone Use,0,1,0,0,2,0,Low
2022,11,Monday,19,KPK,Mardan,National Highway,Under Repair,Clear,Dawn/Dusk,Car/Taxi,2,Over Speeding,1,0,0,1,2,0,Medium
2022,6,Wednesday,21,Sindh,Nawabshah,National Highway,Average,Clear,No Light,Rickshaw,2,Pedestrian Error,0,0,0,0,2,0,Low
2023,12,Wednesday,21,Punjab,Multan,Urban Road,Poor,Clear,No Light,Motorcycle,2,Mechanical Failure,0,0,0,1,4,0,Medium
2021,3,Monday,18,Punjab,Sargodha,Urban Road,Good,Clear,No Light,Motorcycle,2,Road Condition,1,0,0,0,2,0,Low
2021,11,Sunday,19,Punjab,Lahore,National Highway,Average,Clear,Daylight,Car/Taxi,2,Over Speeding,1,1,0,1,4,2,Medium
2021,10,Monday,5,KPK,Swat,Rural Road,Good,Dusty/Smoggy,No Light,Van/Pickup,2,Over Speeding,0,0,1,0,1,1,Low
2023,9,Wednesday,23,Sindh,Kashmore,Urban Road,Poor,Clear,Street Light,Truck/Lorry,1,Signal Violation,0,0,1,0,2,0,Medium
2022,8,Tuesday,22,Punjab,Multan,National Highway,Good,Clear,No Light,Motorcycle,3,Over Speeding,0,0,1,0,9,3,High
2022,9,Saturday,21,KPK,Mansehra,Provincial Highway,Average,Clear,Street Light,Car/Taxi,1,Over Speeding,0,1,0,0,2,0,Low
2022,1,Monday,6,Punjab,Rahim Yar Khan,National Highway,Good,Clear,No Light,Bus/Coach,2,Pedestrian Error,0,0,0,1,2,0,Low
2019,5,Friday,13,KPK,Mansehra,National Highway,Poor,Foggy,Street Light,Rickshaw,2,Wrong Overtaking,1,0,0,0,9,1,High
2023,8,Saturday,19,Sindh,Nawabshah,Urban Road,Average,Clear,Dawn/Dusk,Car/Taxi,2,Road Condition,1,1,0,0,2,0,Low
2022,3,Thursday,23,KPK,Swat,Urban Road,Good,Clear,Street Light,Bus/Coach,3,Over Speeding,0,0,1,0,8,1,High
2021,11,Saturday,10,Islamabad,Islamabad,National Highway,Good,Foggy,Daylight,Motorcycle,2,Weather Condition,0,1,0,1,2,0,Medium
2022,6,Friday,15,KPK,Kohat,Rural Road,Good,Dusty/Smoggy,Daylight,Motorcycle,1,Drunk Driving,0,0,0,0,2,2,Medium
2021,7,Thursday,10,Sindh,Thatta,Provincial Highway,Good,Clear,Daylight,Motorcycle,1,Wrong Overtaking,0,0,0,0,5,1,Medium
2022,8,Monday,20,Punjab,Rawalpindi,Provincial Highway,Poor,Clear,Street Light,Rickshaw,2,Over Speeding,1,0,0,0,4,0,Medium
2023,5,Friday,13,KPK,Mansehra,Urban Road,Poor,Dusty/Smoggy,Daylight,Van/Pickup,2,Wrong Overtaking,1,0,0,0,0,0,Low
2022,3,Saturday,16,Sindh,Karachi,Rural Road,Average,Rainy,Daylight,Truck/Lorry,2,Signal Violation,0,1,0,0,3,1,Medium
2023,2,Tuesday,20,Punjab,Rahim Yar Khan,National Highway,Good,Clear,Street Light,Bus/Coach,1,Signal Violation,1,0,0,1,3,1,Medium
2021,8,Friday,21,KPK,Mansehra,Rural Road,Good,Rainy,No Light,Car/Taxi,2,Over Speeding,0,0,0,0,1,0,Low
2018,7,Sunday,20,Punjab,Sheikhupura,Provincial Highway,Poor,Foggy,No Light,Car/Taxi,2,Over Speeding,1,1,0,0,3,1,Medium
2022,10,Friday,17,Punjab,Bahawalpur,Provincial Highway,Poor,Rainy,Daylight,Other,1,Pedestrian Error,1,0,0,0,1,0,Low
2023,1,Wednesday,9,Balochistan,Hub,Rural Road,Good,Clear,Daylight,Motorcycle,2,Driver Fatigue,1,0,0,1,5,4,High
2022,4,Thursday,13,Sindh,Jacobabad,Urban Road,Average,Clear,Daylight,Car/Taxi,2,Pedestrian Error,1,0,0,0,2,0,Low
2023,6,Thursday,18,Punjab,Gujranwala,Provincial Highway,Good,Clear,Daylight,Motorcycle,3,Over Speeding,1,0,0,0,2,4,High
2020,9,Saturday,10,KPK,Abbottabad,Rural Road,Good,Foggy,Daylight,Motorcycle,1,Over Speeding,0,1,0,0,1,2,Medium
2020,12,Sunday,8,Balochistan,Sibi,Motorway,Good,Clear,Daylight,Car/Taxi,3,Wrong Overtaking,1,1,0,1,1,0,Low