year,month,day_of_week,hour_of_day,province,district,road_type,road_condition,weather_condition,lighting_condition,vehicle_type,vehicles_involved,accident_cause,is_rush_hour,is_weekend,is_night,is_foggy_month,num_injured,num_killed,severity
2022,5,Monday,13,Punjab,Sargodha,Urban Road,Poor,Extreme Heat,Daylight,Rickshaw,2,Drunk Driving,1,0,0,0,2,0,Low
2021,9,Friday,9,KPK,Charsadda,Rural Road,Average,Rainy,Dawn/Dusk,Rickshaw,1,Over Speeding,1,0,0,0,3,1,Medium
2023,4,Sunday,15,KPK,Nowshera,Rural Road,Average,Foggy,Daylight,Motorcycle,1,Wrong Overtaking,0,1,0,0,4,1,Medium
2023,11,Tuesday,7,Punjab,Sargodha,Rural Road,Poor,Foggy,Daylight,Car/Taxi,1,Mechanical Failure,1,0,0,1,1,0,Low
2018,8,Wednesday,17,Sindh,Thatta,National Highway,Good,Clear,Daylight,Bus/Coach,2,Over Speeding,1,0,0,0,2,1,Medium
2020,4,Monday,21,Punjab,Bahawalpur,Rural Road,Good,Clear,Street Light,Motorcycle,1,Wrong Overtaking,0,0,0,0,4,1,Medium
2018,11,Monday,9,KPK,Mansehra,National Highway,Under Repair,Clear,Daylight,Car/Taxi,1,Signal Violation,1,0,0,1,1,0,Low
2023,9,Tuesday,10,Balochistan,Gwadar,Provincial Highway,Poor,Clear,Daylight,Car/Taxi,3,Wrong Overtaking,0,0,0,0,2,1,Medium
2023,10,Thursday,1,Punjab,Gujranwala,National Highway,Good,Clear,No Light,Bus/Coach,2,Mechanical Failure,0,0,1,0,4,0,Medium
2021,7,Saturday,4,KPK,Mansehra,Provincial Highway,Good,Clear,Street Light,Other,2,Over Speeding,0,1,1,0,3,1,Medium
2023,9,Sunday,13,KPK,Bannu,Urban Road,Average,Dusty/Smoggy,Daylight,Car/Taxi,2,Pedestrian Error,1,1,0,0,0,0,Low
2020,9,Wednesday,19,Punjab,Gujranwala,National Highway,Good,Clear,Dawn/Dusk,Rickshaw,2,Mechanical Failure,1,0,0,0,1,0,Low
2019,7,Saturday,11,KPK,Bannu,National Highway,Good,Dusty/Smoggy,Daylight,Other,1,Pedestrian Error,0,1,0,0,4,2,Medium
2021,11,Saturday,7,Punjab,Sheikhupura,Provincial Highway,Average,Clear,Daylight,Car/Taxi,1,Road Condition,1,1,0,1,1,0,Low
2023,4,Wednesday,18,Islamabad,Islamabad,National Highway,Good,Dusty/Smoggy,Daylight,Motorcycle,2,Over Speeding,1,0,0,0,11,2,High
2019,2,Sunday,22,Sindh,Thatta,Provincial Highway,Average,Clear,Street Light,Car/Taxi,2,Driver Fatigue,0,1,1,1,5,0,Medium
2022,6,Tuesday,23,Sindh,Kashmore,Urban Road,Good,Clear,Street Light,Motorcycle,2,Driver Fatigue,0,0,1,0,4,0,Medium
2021,4,Friday,11,KPK,Mansehra,Provincial Highway,Good,Rainy,Daylight,Rickshaw,2,Over Speeding,0,0,0,0,3,1,Medium
2020,5,Sunday,6,Sindh,Karachi,Provincial Highway,Good,Foggy,Daylight,Rickshaw,2,Over Speeding,0,1,0,0,1,0,Medium
2022,7,Monday,6,Balochistan,Hub,Urban Road,Good,Foggy,Daylight,Car/Taxi,2,Mechanical Failure,0,0,0,0,2,0,Low
2019,5,Friday,18,Sindh,Sukkur,National Highway,Average,Clear,Dawn/Dusk,Van/Pickup,3,Signal Violation,1,0,0,0,4,1,Medium
2021,10,Monday,15,Balochistan,Sibi,Rural Road,Good,Clear,Daylight,Bus/Coach,2,Wrong Overtaking,0,0,0,0,1,0,Low
2020,6,Wednesday,9,Sindh,Larkana,National Highway,Good,Foggy,Daylight,Truck/Lorry,3,Signal Violation,1,0,0,0,10,0,High
2023,1,Sunday,12,Punjab,Sargodha,National Highway,Poor,Dusty/Smoggy,Daylight,Rickshaw,1,Wrong Overtaking,1,1,0,1,4,2,Medium
2021,7,Sunday,2,Balochistan,Zhob,Provincial Highway,Poor,Clear,Street Light,Car/Taxi,1,Driver Fatigue,0,1,1,0,6,1,High
2022,12,Thursday,20,KPK,Mansehra,National Highway,Average,Clear,No Light,Motorcycle,1,Wrong Overtaking,1,0,0,1,11,1,High
2023,1,Thursday,9,KPK,Kohat,Rural Road,Good,Foggy,Daylight,Motorcycle,1,Road Condition,1,0,0,1,5,0,Medium
2020,2,Saturday,20,AJK,Muzaffarabad,Rural Road,Average,Clear,Street Light,Car/Taxi,2,Road Condition,1,1,0,1,0,0,Low
2023,8,Saturday,13,Punjab,Rawalpindi,National Highway,Good,Rainy,Daylight,Car/Taxi,1,Over Speeding,1,1,0,0,11,0,High
2021,9,Sunday,13,Sindh,Mirpur Khas,National Highway,Average,Clear,Daylight,Car/Taxi,2,Over Speeding,1,1,0,0,6,1,High
2020,10,Sunday,11,Punjab,Faisalabad,Rural Road,Average,Clear,Daylight,Motorcycle,3,Wrong Overtaking,0,1,0,0,3,0,Medium
2018,6,Wednesday,8,Sindh,Hyderabad,Motorway,Poor,Dusty/Smoggy,Dawn/Dusk,Car/Taxi,1,Road Condition,1,0,0,0,2,1,Low
2022,11,Thursday,12,KPK,Swat,Urban Road,Average,Foggy,Daylight,Car/Taxi,3,Over Speeding,1,0,0,1,3,0,Medium
2022,11,Friday,21,Islamabad,Islamabad,Motorway,Poor,Foggy,No Light,Motorcycle,2,Wrong Overtaking,0,0,0,1,5,2,High
2023,11,Saturday,14,Sindh,Jacobabad,National Highway,Good,Clear,Daylight,Motorcycle,2,Mechanical Failure,0,1,0,1,2,0,Medium
2021,11,Thursday,10,KPK,Peshawar,Rural Road,Good,Clear,Daylight,Motorcycle,2,Mechanical Failure,0,0,0,1,1,0,Low
2021,7,Monday,17,Balochistan,Sibi,Provincial Highway,Good,Clear,Daylight,Bus/Coach,1,Drunk Driving,1,0,0,0,5,0,Medium
2022,5,Tuesday,21,KPK,Peshawar,Provincial Highway,Good,Clear,No Light,Motorcycle,3,Over Speeding,0,0,0,0,2,1,High
2022,8,Monday,16,Punjab,Bahawalpur,Urban Road,Average,Rainy,Daylight,Motorcycle,2,Wrong Overtaking,0,0,0,0,4,1,Medium
2018,6,Monday,17,Sindh,Nawabshah,National Highway,Good,Clear,Daylight,Bus/Coach,3,Road Condition,1,0,0,0,2,0,Medium
2018,4,Saturday,14,Islamabad,Islamabad,Provincial Highway,Good,Clear,Street Light,Motorcycle,2,Signal Violation,0,1,0,0,5,2,Medium
2020,9,Saturday,8,AJK,Muzaffarabad,Provincial Highway,Average,Clear,Daylight,Motorcycle,2,Over Speeding,1,1,0,0,1,0,Medium
2023,1,Friday,19,Sindh,Jacobabad,Urban Road,Average,Clear,No Light,Car/Taxi,2,Mechanical Failure,1,0,0,1,0,0,Low
2020,12,Saturday,17,Balochistan,Turbat,Urban Road,Average,Foggy,Daylight,Motorcycle,2,Signal Violation,1,1,0,1,3,0,Medium
2021,7,Tuesday,14,Punjab,Lahore,Urban Road,Average,Dusty/Smoggy,Daylight,Motorcycle,1,Over Speeding,0,0,0,0,4,0,Medium
2020,2,Tuesday,7,Punjab,Bahawalpur,National Highway,Good,Clear,Daylight,Motorcycle,2,Mechanical Failure,1,0,0,1,4,0,Medium
2022,10,Sunday,19,Islamabad,Islamabad,Rural Road,Good,Clear,Street Light,Motorcycle,1,Drunk Driving,1,1,0,0,3,0,Medium
2019,11,Tuesday,17,Punjab,Faisalabad,Provincial Highway,Under Repair,Clear,Daylight,Truck/Lorry,2,Over Speeding,1,0,0,1,3,0,Medium
2019,11,Monday,21,Punjab,Sheikhupura,Rural Road,Poor,Foggy,No Light,Car/Taxi,3,Signal Violation,0,0,0,1,1,0,Low
2022,1,Wednesday,7,Sindh,Nawabshah,Rural Road,Poor,Clear,Daylight,Truck/Lorry,2,Over Speeding,1,0,0,1,1,0,Low
2019,11,Monday,6,Sindh,Karachi,Urban Road,Good,Dusty/Smoggy,Dawn/Dusk,Motorcycle,3,Over Speeding,0,0,0,1,2,2,High
2023,7,Sunday,19,Sindh,Thatta,National Highway,Good,Clear,Dawn/Dusk,Car/Taxi,1,Wrong Overtaking,1,1,0,0,2,0,Low
2020,1,Tuesday,0,Punjab,Sargodha,Provincial Highway,Good,Dusty/Smoggy,No Light,Motorcycle,3,Wrong Overtaking,0,0,1,1,7,2,High
2023,6,Friday,13,Islamabad,Islamabad,National Highway,Good,Clear,Daylight,Motorcycle,3,Wrong Overtaking,1,0,0,0,8,1,High
2023,4,Sunday,13,Balochistan,Quetta,National Highway,Average,Clear,Daylight,Motorcycle,1,Mechanical Failure,1,1,0,0,6,2,High
2022,8,Monday,14,Punjab,Bahawalpur,Provincial Highway,Good,Clear,Street Light,Bus/Coach,2,Wrong Overtaking,0,0,0,0,2,0,Medium
2019,10,Monday,6,Sindh,Hyderabad,Provincial Highway,Poor,Clear,Dawn/Dusk,Car/Taxi,1,Wrong Overtaking,0,0,0,0,2,1,Medium
2018,12,Thursday,10,KPK,Charsadda,Urban Road,Under Repair,Clear,Daylight,Motorcycle,2,Over Speeding,0,0,0,1,3,1,High
2020,4,Friday,9,KPK,Bannu,National Highway,Average,Clear,Daylight,Car/Taxi,3,Wrong Overtaking,1,0,0,0,2,0,Low
2018,10,Tuesday,6,Punjab,Gujranwala,Urban Road,Good,Foggy,Street Light,Motorcycle,1,Mechanical Failure,0,0,0,0,2,0,Low
2022,6,Tuesday,11,Punjab,Gujranwala,Provincial Highway,Good,Clear,Daylight,Motorcycle,2,Wrong Overtaking,0,0,0,0,5,2,Medium
2022,5,Wednesday,2,Punjab,Sargodha,Provincial Highway,Average,Clear,No Light,Motorcycle,2,Over Speeding,0,0,1,0,11,1,High
2023,10,Wednesday,14,Punjab,Lahore,Rural Road,Poor,Clear,Street Light,Motorcycle,3,Signal Violation,0,0,0,0,4,0,Medium
2018,11,Tuesday,8,Sindh,Mirpur Khas,Urban Road,Good,Clear,Daylight,Car/Taxi,3,Drunk Driving,1,0,0,1,2,0,Low
2018,1,Friday,14,KPK,Peshawar,Rural Road,Good,Clear,Daylight,Car/Taxi,1,Over Speeding,0,0,0,1,0,0,Low
2019,3,Thursday,4,KPK,Charsadda,Rural Road,Average,Clear,Street Light,Motorcycle,1,Wrong Overtaking,0,0,1,0,4,0,Medium
2018,4,Saturday,15,KPK,Charsadda,National Highway,Good,Clear,Daylight,Motorcycle,1,Road Condition,0,1,0,0,2,1,High
2021,6,Sunday,18,Punjab,Lahore,National Highway,Under Repair,Clear,No Light,Bicycle,2,Road Condition,1,1,0,0,4,1,High
2023,5,Monday,23,KPK,Mardan,National Highway,Poor,Clear,Street Light,Motorcycle,4,Wrong Overtaking,0,0,1,0,11,0,High
2019,6,Monday,16,Punjab,Sargodha,Provincial Highway,Good,Foggy,Daylight,Motorcycle,2,Over Speeding,0,0,0,0,2,0,High
2020,6,Sunday,9,Sindh,Jacobabad,Provincial Highway,Good,Clear,Daylight,Van/Pickup,2,Pedestrian Error,1,1,0,0,0,0,Low
2021,6,Wednesday,19,KPK,Bannu,Rural Road,Good,Clear,No Light,Car/Taxi,2,Driver Fatigue,1,0,0,0,2,0,Low
2020,4,Saturday,21,Sindh,Sukkur,Provincial Highway,Good,Foggy,Street Light,Motorcycle,2,Driver Fatigue,0,1,0,0,8,2,High
2018,9,Monday,13,Sindh,Hyderabad,National Highway,Good,Extreme Heat,Street Light,Van/Pickup,4,Signal Violation,1,0,0,0,4,0,Medium
2023,10,Sunday,22,Sindh,Kashmore,National Highway,Poor,Clear,Street Light,Car/Taxi,1,Signal Violation,0,1,1,0,7,3,High
2023,9,Monday,11,Balochistan,Chaman,Provincial Highway,Good,Clear,Daylight,Motorcycle,1,Wrong Overtaking,0,0,0,0,3,2,High
2020,3,Friday,9,Sindh,Jacobabad,Rural Road,Average,Clear,Daylight,Bus/Coach,2,Drunk Driving,1,0,0,0,5,0,Medium
2018,5,Friday,11,KPK,Abbottabad,Urban Road,Good,Clear,Daylight,Car/Taxi,1,Wrong Overtaking,0,0,0,0,0,0,Low
2023,6,Tuesday,5,AJK,Rawalakot,Urban Road,Average,Clear,No Light,Rickshaw,3,Wrong Overtaking,0,0,1,0,2,0,Low
2023,1,Tuesday,19,KPK,Abbottabad,Provincial Highway,Good,Clear,Dawn/Dusk,Motorcycle,2,Over Speeding,1,0,0,1,4,2,High
2020,5,Thursday,9,Sindh,Jacobabad,Provincial Highway,Under Repair,Clear,Daylight,Car/Taxi,1,Wrong Overtaking,1,0,0,0,2,1,Medium
2019,7,Saturday,18,Punjab,Gujranwala,Rural Road,Good,Clear,No Light,Motorcycle,1,Over Speeding,1,1,0,0,2,2,Medium
2019,10,Tuesday,11,Punjab,Sheikhupura,Urban Road,Average,Clear,Daylight,Motorcycle,3,Drunk Driving,0,0,0,0,1,0,Medium
2021,6,Thursday,20,Sindh,Kashmore,Urban Road,Under Repair,Extreme Heat,Street Light,Car/Taxi,2,Pedestrian Error,1,0,0,0,1,0,Low
2019,2,Monday,6,KPK,Nowshera,National Highway,Under Repair,Clear,Daylight,Bus/Coach,4,Over Speeding,0,0,0,1,1,1,Medium
2023,6,Wednesday,13,Sindh,Karachi,Urban Road,Poor,Clear,No Light,Rickshaw,1,Wrong Overtaking,1,0,0,0,0,0,Low
2021,7,Friday,14,Islamabad,Islamabad,Urban Road,Average,Dusty/Smoggy,Daylight,Car/Taxi,2,Driver Fatigue,0,0,0,0,1,0,Medium
2023,5,Wednesday,21,Punjab,Lahore,Urban Road,Poor,Clear,Street Light,Car/Taxi,1,Over Speeding,0,0,0,0,1,0,Low
2022,9,Saturday,20,KPK,Mansehra,Urban Road,Average,Dusty/Smoggy,No Light,Motorcycle,3,Pedestrian Error,1,1,0,0,1,0,Medium
2023,10,Wednesday,7,Punjab,Gujranwala,Urban Road,Poor,Clear,Daylight,Truck/Lorry,3,Pedestrian Error,1,0,0,0,2,0,Low
2020,5,Friday,21,Sindh,Mirpur Khas,Rural Road,Good,Rainy,Street Light,Van/Pickup,1,Wrong Overtaking,0,0,0,0,2,0,Low
2022,7,Sunday,18,KPK,Charsadda,Urban Road,Good,Rainy,Daylight,Bus/Coach,1,Mechanical Failure,1,1,0,0,1,0,Low
2023,6,Saturday,23,Punjab,Bahawalpur,Urban Road,Poor,Clear,No Light,Motorcycle,2,Over Speeding,0,1,1,0,2,1,Medium
2023,7,Monday,13,Punjab,Sheikhupura,Provincial Highway,Average,Rainy,Street Light,Car/Taxi,2,Drunk Driving,1,0,0,0,3,0,Medium
2018,9,Thursday,16,Sindh,Larkana,National Highway,Average,Clear,Daylight,Motorcycle,1,Over Speeding,0,0,0,0,11,0,High
2020,2,Thursday,19,Sindh,Mirpur Khas,Provincial Highway,Good,Rainy,Street Light,Motorcycle,1,Mobile Phone Use,1,0,0,1,2,0,High
2019,12,Friday,19,KPK,Nowshera,Urban Road,Good,Clear,Dawn/Dusk,Van/Pickup,2,Over Speeding,1,0,0,1,0,0,Low
2020,6,Sunday,3,Islamabad,Islamabad,Motorway,Under Repair,Dusty/Smoggy,Street Light,Motorcycle,1,Signal Violation,0,1,1,0,4,1,High
2023,11,Sunday,16,Punjab,Rawalpindi,National Highway,Good,Foggy,Street Light,Van/Pickup,2,Road Condition,0,1,0,1,1,0,Low
2021,1,Saturday,11,Sindh,Nawabshah,National Highway,Average,Foggy,Daylight,Motorcycle,3,Drunk Driving,0,1,0,1,7,1,High
2021,5,Wednesday,23,KPK,Abbottabad,Provincial Highway,Poor,Clear,No Light,Bus/Coach,1,Over Speeding,0,0,1,0,2,0,High
2023,7,Tuesday,17,AJK,Mirpur,Rural Road,Good,Clear,Daylight,Motorcycle,3,Pedestrian Error,1,0,0,0,0,0,Low
2022,12,Wednesday,18,Islamabad,Islamabad,National Highway,Average,Clear,Daylight,Other,1,Pedestrian Error,1,0,0,1,2,0,Low
2019,7,Tuesday,15,KPK,Charsadda,Rural Road,Average,Clear,Daylight,Bus/Coach,1,Wrong Overtaking,0,0,0,0,1,0,Low
2019,12,Saturday,14,Sindh,Kashmore,National Highway,Average,Clear,Daylight,Van/Pickup,1,Road Condition,0,1,0,1,0,0,Low
2022,1,Tuesday,22,Punjab,Multan,Provincial Highway,Good,Clear,No Light,Motorcycle,2,Wrong Overtaking,0,0,1,1,5,2,High
2023,5,Thursday,10,Punjab,Multan,Urban Road,Average,Clear,Daylight,Bicycle,2,Wrong Overtaking,0,0,0,0,1,0,Medium
2022,7,Monday,19,Sindh,Jacobabad,Provincial Highway,Average,Clear,Dawn/Dusk,Car/Taxi,1,Driver Fatigue,1,0,0,0,5,1,Medium
2020,8,Sunday,21,KPK,Abbottabad,Provincial Highway,Poor,Clear,Street Light,Rickshaw,1,Over Speeding,0,1,0,0,1,0,Medium
2022,12,Monday,5,Sindh,Sukkur,Provincial Highway,Under Repair,Dusty/Smoggy,Daylight,Motorcycle,1,Drunk Driving,0,0,1,1,7,1,High
2019,5,Wednesday,9,KPK,Peshawar,Rural Road,Good,Clear,Daylight,Van/Pickup,3,Wrong Overtaking,1,0,0,0,1,0,Low
2021,6,Saturday,9,Sindh,Jacobabad,National Highway,Good,Dusty/Smoggy,Daylight,Car/Taxi,2,Over Speeding,1,1,0,0,3,1,Medium
2022,8,Saturday,6,KPK,Swat,Rural Road,Average,Rainy,Daylight,Car/Taxi,1,Wrong Overtaking,0,1,0,0,4,0,Medium
2020,7,Friday,13,Punjab,Sargodha,National Highway,Poor,Foggy,Daylight,Motorcycle,1,Over Speeding,1,0,0,0,3,1,High
2023,6,Tuesday,10,Punjab,Faisalabad,Provincial Highway,Good,Clear,Dawn/Dusk,Motorcycle,2,Signal Violation,0,0,0,0,1,0,Medium
2023,11,Sunday,16,Punjab,Gujranwala,Motorway,Poor,Clear,Daylight,Rickshaw,3,Over Speeding,0,1,0,1,4,0,High
2021,10,Saturday,8,Balochistan,Loralai,National Highway,Good,Dusty/Smoggy,Daylight,Car/Taxi,3,Wrong Overtaking,1,1,0,0,1,0,Low
2022,4,Tuesday,16,Punjab,Sheikhupura,Provincial Highway,Good,Clear,No Light,Motorcycle,2,Drunk Driving,0,0,0,0,4,0,High
2023,1,Sunday,12,KPK,Dera Ismail Khan,Provincial Highway,Average,Clear,Daylight,Motorcycle,2,Pedestrian Error,1,1,0,1,4,1,Medium
2018,5,Friday,13,Punjab,Multan,Urban Road,Poor,Extreme Heat,Daylight,Motorcycle,2,Road Condition,1,0,0,0,3,1,Medium
2022,1,Wednesday,6,Sindh,Nawabshah,Provincial Highway,Good,Foggy,Daylight,Car/Taxi,2,Signal Violation,0,0,0,1,2,0,Low
2023,10,Friday,22,Balochistan,Khuzdar,Rural Road,Average,Rainy,No Light,Bicycle,1,Driver Fatigue,0,0,1,0,7,2,High
2022,9,Sunday,22,Sindh,Hyderabad,National Highway,Average,Clear,No Light,Car/Taxi,1,Over Speeding,0,1,1,0,7,2,High
2020,7,Sunday,12,Punjab,Rahim Yar Khan,Motorway,Under Repair,Foggy,Daylight,Motorcycle,2,Wrong Overtaking,1,1,0,0,9,1,High
2018,7,Sunday,21,Punjab,Faisalabad,Rural Road,Good,Foggy,No Light,Car/Taxi,1,Road Condition,0,1,0,0,2,0,Low
2019,11,Thursday,16,Islamabad,Islamabad,National Highway,Good,Clear,Daylight,Motorcycle,2,Over Speeding,0,0,0,1,10,2,High
2023,12,Wednesday,22,Sindh,Mirpur Khas,Urban Road,Good,Rainy,No Light,Motorcycle,3,Wrong Overtaking,0,0,1,1,5,2,High
2023,5,Wednesday,17,Sindh,Sukkur,National Highway,Average,Clear,Street Light,Rickshaw,1,Signal Violation,1,0,0,0,3,1,Medium
2023,11,Wednesday,12,Sindh,Hyderabad,Rural Road,Good,Clear,Daylight,Car/Taxi,1,Driver Fatigue,1,0,0,1,0,0,Low
2021,5,Saturday,8,Punjab,Faisalabad,Provincial Highway,Under Repair,Foggy,No Light,Car/Taxi,2,Mechanical Failure,1,1,0,0,2,0,Low
2021,4,Tuesday,15,Punjab,Rawalpindi,National Highway,Good,Clear,Daylight,Car/Taxi,1,Over Speeding,0,0,0,0,5,0,High
2018,12,Saturday,12,KPK,Peshawar,National Highway,Under Repair,Clear,Daylight,Bus/Coach,2,Mechanical Failure,1,1,0,1,5,0,Medium
2023,5,Sunday,19,KPK,Charsadda,National Highway,Under Repair,Clear,Street Light,Rickshaw,2,Pedestrian Error,1,1,0,0,1,0,Low
2021,11,Saturday,7,Punjab,Sheikhupura,National Highway,Poor,Extreme Heat,Daylight,Car/Taxi,2,Over Speeding,1,1,0,1,5,1,Medium
2022,11,Sunday,4,KPK,Peshawar,Motorway,Under Repair,Dusty/Smoggy,No Light,Motorcycle,3,Mechanical Failure,0,1,1,1,2,0,Medium
2023,9,Tuesday,18,Balochistan,Hub,National Highway,Good,Clear,Daylight,Car/Taxi,2,Mechanical Failure,1,0,0,0,1,2,Medium
2023,11,Friday,8,Islamabad,Islamabad,Provincial Highway,Poor,Clear,Dawn/Dusk,Van/Pickup,2,Wrong Overtaking,1,0,0,1,0,0,Low
2023,7,Wednesday,11,Punjab,Bahawalpur,Provincial Highway,Good,Clear,Daylight,Car/Taxi,2,Pedestrian Error,0,0,0,0,2,0,Low
2022,5,Saturday,13,Punjab,Faisalabad,Provincial Highway,Poor,Extreme Heat,Street Light,Truck/Lorry,3,Over Speeding,1,1,0,0,2,0,Medium
2018,2,Sunday,5,Balochistan,Quetta,Provincial Highway,Good,Clear,Dawn/Dusk,Bus/Coach,1,Over Speeding,0,1,1,1,1,0,Medium
2018,6,Thursday,18,Punjab,Gujranwala,Urban Road,Good,Clear,Street Light,Car/Taxi,2,Driver Fatigue,1,0,0,0,2,0,Low
2020,2,Friday,9,Punjab,Lahore,Urban Road,Poor,Rainy,Daylight,Car/Taxi,3,Drunk Driving,1,0,0,1,4,2,Medium
2022,7,Saturday,13,Balochistan,Zhob,National Highway,Poor,Rainy,Street Light,Car/Taxi,3,Mechanical Failure,1,1,0,0,2,0,Low
2022,12,Tuesday,7,Punjab,Sheikhupura,Urban Road,Average,Clear,Daylight,Car/Taxi,1,Pedestrian Error,1,0,0,1,0,0,Low
2022,6,Thursday,18,Punjab,Bahawalpur,Rural Road,Average,Foggy,Daylight,Car/Taxi,4,Over Speeding,1,0,0,0,0,0,Low
2019,8,Tuesday,15,Sindh,Nawabshah,National Highway,Good,Clear,Daylight,Car/Taxi,3,Signal Violation,0,0,0,0,3,1,Medium
2020,12,Tuesday,8,Balochistan,Gwadar,Provincial Highway,Poor,Dusty/Smoggy,Daylight,Truck/Lorry,1,Pedestrian Error,1,0,0,1,1,0,Low
2022,12,Saturday,0,Punjab,Sargodha,Urban Road,Good,Foggy,No Light,Bus/Coach,2,Pedestrian Error,0,1,1,1,0,0,Low
2022,6,Wednesday,13,Balochistan,Zhob,Urban Road,Good,Clear,Daylight,Rickshaw,1,Road Condition,1,0,0,0,1,0,Low
2023,7,Friday,8,Sindh,Jacobabad,National Highway,Good,Clear,Daylight,Motorcycle,1,Wrong Overtaking,1,0,0,0,6,1,High
2022,3,Saturday,17,Sindh,Hyderabad,Provincial Highway,Average,Clear,Daylight,Rickshaw,1,Mechanical Failure,1,1,0,0,1,0,Low
2022,8,Friday,19,Punjab,Sargodha,National Highway,Under Repair,Clear,No Light,Car/Taxi,2,Signal Violation,1,0,0,0,0,0,Low
2018,2,Thursday,14,Punjab,Rahim Yar Khan,Rural Road,Under Repair,Clear,Street Light,Bus/Coach,2,Drunk Driving,0,0,0,1,1,0,Medium
2021,3,Friday,7,Sindh,Larkana,Urban Road,Poor,Clear,Dawn/Dusk,Motorcycle,3,Road Condition,1,0,0,0,2,0,Low
2023,1,Wednesday,22,Sindh,Mirpur Khas,National Highway,Average,Clear,Street Light,Motorcycle,2,Mechanical Failure,0,0,1,1,1,0,Medium
2023,2,Sunday,10,Balochistan,Loralai,Urban Road,Good,Clear,Daylight,Motorcycle,3,Over Speeding,0,1,0,1,11,1,High
2020,9,Sunday,22,Sindh,Kashmore,National Highway,Poor,Clear,No Light,Car/Taxi,3,Wrong Overtaking,0,1,1,0,3,0,Medium
2019,2,Sunday,11,Sindh,Hyderabad,National Highway,Poor,Clear,No Light,Truck/Lorry,1,Driver Fatigue,0,1,0,1,3,2,High
2023,10,Sunday,7,Punjab,Lahore,National Highway,Poor,Clear,Daylight,Car/Taxi,2,Signal Violation,1,1,0,0,1,0,Low
2022,12,Friday,20,KPK,Kohat,Motorway,Average,Rainy,Street Light,Motorcycle,3,Pedestrian Error,1,0,0,1,1,1,Medium
2022,2,Monday,12,Sindh,Kashmore,Urban Road,Good,Rainy,Daylight,Car/Taxi,1,Over Speeding,1,0,0,1,2,0,Medium
2018,5,Friday,15,Punjab,Lahore,Provincial Highway,Average,Rainy,Street Light,Motorcycle,3,Over Speeding,0,0,0,0,9,2,High
2020,12,Friday,6,Balochistan,Zhob,National Highway,Average,Foggy,Daylight,Motorcycle,2,Wrong Overtaking,0,0,0,1,6,1,High
2021,2,Thursday,16,Sindh,Hyderabad,National Highway,Good,Clear,Daylight,Truck/Lorry,2,Wrong Overtaking,0,0,0,1,1,0,Medium
2023,3,Sunday,22,Sindh,Hyderabad,Rural Road,Poor,Foggy,Street Light,Car/Taxi,2,Driver Fatigue,0,1,1,0,8,0,High
2021,3,Saturday,9,Sindh,Larkana,Provincial Highway,Good,Foggy,Dawn/Dusk,Bus/Coach,2,Driver Fatigue,1,1,0,0,5,1,Medium
2022,5,Sunday,14,KPK,Dera Ismail Khan,National Highway,Under Repair,Rainy,Daylight,Car/Taxi,2,Signal Violation,0,1,0,0,6,2,High
2023,2,Saturday,19,Punjab,Faisalabad,Provincial Highway,Average,Foggy,Daylight,Motorcycle,2,Over Speeding,1,1,0,1,5,0,High
2021,10,Saturday,17,Punjab,Sheikhupura,National Highway,Average,Clear,Daylight,Bicycle,3,Driver Fatigue,1,1,0,0,6,0,High
2019,7,Saturday,16,KPK,Abbottabad,Provincial Highway,Average,Rainy,Daylight,Motorcycle,4,Road Condition,0,1,0,0,1,1,Medium
2022,7,Wednesday,20,Punjab,Bahawalpur,Rural Road,Poor,Clear,No Light,Motorcycle,4,Pedestrian Error,1,0,0,0,2,0,Medium
2019,11,Friday,16,KPK,Nowshera,Rural Road,Average,Foggy,Daylight,Truck/Lorry,4,Over Speeding,0,0,0,1,4,1,Medium
2020,6,Tuesday,19,Punjab,Sargodha,Motorway,Average,Rainy,No Light,Van/Pickup,1,Wrong Overtaking,1,0,0,0,11,4,High
2023,9,Wednesday,10,Punjab,Multan,National Highway,Under Repair,Clear,Daylight,Motorcycle,3,Over Speeding,0,0,0,0,9,0,High
2023,1,Wednesday,11,Punjab,Multan,National Highway,Poor,Foggy,Street Light,Rickshaw,3,Over Speeding,0,0,0,1,5,1,High
2019,3,Friday,19,Sindh,Karachi,Rural Road,Average,Clear,Street Light,Car/Taxi,1,Over Speeding,1,0,0,0,2,0,Medium
2023,8,Wednesday,10,Sindh,Thatta,National Highway,Average,Dusty/Smoggy,Street Light,Car/Taxi,1,Pedestrian Error,0,0,0,0,2,0,Low
2023,6,Wednesday,19,Punjab,Lahore,National Highway,Good,Clear,Dawn/Dusk,Car/Taxi,1,Road Condition,1,0,0,0,5,1,Medium
2022,2,Saturday,18,Punjab,Multan,Urban Road,Average,Foggy,Daylight,Motorcycle,2,Pedestrian Error,1,1,0,1,3,0,Medium
2021,3,Tuesday,8,Islamabad,Islamabad,Provincial Highway,Poor,Clear,Street Light,Motorcycle,2,Pedestrian Error,1,0,0,0,4,1,Medium
2022,10,Thursday,10,Sindh,Sukkur,Rural Road,Poor,Clear,Dawn/Dusk,Truck/Lorry,2,Over Speeding,0,0,0,0,2,1,Medium
2023,9,Wednesday,21,KPK,Peshawar,National Highway,Poor,Clear,No Light,Car/Taxi,1,Signal Violation,0,0,0,0,4,0,Medium
2018,3,Monday,14,Islamabad,Islamabad,Provincial Highway,Good,Dusty/Smoggy,Street Light,Motorcycle,1,Wrong Overtaking,0,0,0,0,4,1,Medium