year,month,day_of_week,hour_of_day,province,district,road_type,road_condition,weather_condition,lighting_condition,vehicle_type,vehicles_involved,accident_cause,is_rush_hour,is_weekend,is_night,is_foggy_month,num_injured,num_killed,severity
2023,7,Monday,15,AJK,Rawalakot,Rural Road,Good,Dusty/Smoggy,Daylight,Motorcycle,1,Driver Fatigue,0,0,0,0,3,1,Medium
2021,7,Saturday,18,Balochistan,Loralai,National Highway,Average,Rainy,Daylight,Van/Pickup,2,Driver Fatigue,1,1,0,0,3,1,High
2019,11,Friday,11,Punjab,Faisalabad,Provincial Highway,Under Repair,Clear,Daylight,Bus/Coach,2,Drunk Driving,0,0,0,1,2,1,Medium
2021,6,Sunday,19,Islamabad,Islamabad,Urban Road,Poor,Clear,Street Light,Car/Taxi,2,Weather Condition,1,1,0,0,2,1,Low
2022,11,Tuesday,16,KPK,Dera Ismail Khan,Urban Road,Average,Clear,Dawn/Dusk,Car/Taxi,3,Signal Violation,0,0,0,1,1,0,Low
2021,6,Wednesday,21,KPK,Kohat,Provincial Highway,Good,Dusty/Smoggy,No Light,Motorcycle,4,Over Speeding,0,0,0,0,2,3,High
2023,8,Saturday,9,Punjab,Bahawalpur,Urban Road,Poor,Rainy,Daylight,Motorcycle,3,Pedestrian Error,1,1,0,0,2,0,Medium
2022,10,Friday,2,Islamabad,Islamabad,Urban Road,Good,Clear,No Light,Bus/Coach,2,Pedestrian Error,0,0,1,0,2,0,Low
2021,3,Wednesday,10,KPK,Peshawar,Rural Road,Poor,Clear,Daylight,Truck/Lorry,3,Mechanical Failure,0,0,0,0,1,0,Low
2019,4,Monday,11,KPK,Bannu,Rural Road,Poor,Dusty/Smoggy,Daylight,Rickshaw,1,Over Speeding,0,0,0,0,2,0,Low
2023,4,Friday,19,Punjab,Sargodha,Urban Road,Average,Foggy,No Light,Rickshaw,2,Wrong Overtaking,1,0,0,0,2,0,Low
2023,3,Thursday,13,Punjab,Sargodha,Rural Road,Average,Foggy,Daylight,Motorcycle,2,Driver Fatigue,1,0,0,0,4,0,Medium
2022,10,Wednesday,8,Islamabad,Islamabad,National Highway,Good,Clear,Daylight,Motorcycle,3,Wrong Overtaking,1,0,0,0,4,2,High
2018,8,Sunday,8,Sindh,Hyderabad,National Highway,Good,Dusty/Smoggy,Daylight,Motorcycle,2,Pedestrian Error,1,1,0,0,4,1,Medium
2018,6,Monday,22,Punjab,Bahawalpur,Provincial Highway,Good,Clear,Street Light,Motorcycle,2,Over Speeding,0,0,1,0,7,1,High
2022,8,Wednesday,7,KPK,Abbottabad,National Highway,Good,Clear,Daylight,Car/Taxi,4,Wrong Overtaking,1,0,0,0,1,0,Medium
2018,5,Monday,10,Punjab,Rahim Yar Khan,Provincial Highway,Good,Clear,Street Light,Car/Taxi,2,Over Speeding,0,0,0,0,5,1,Medium
2022,5,Friday,6,Punjab,Sargodha,Rural Road,Good,Clear,Daylight,Motorcycle,2,Wrong Overtaking,0,0,0,0,4,1,Medium
2020,7,Tuesday,12,Punjab,Rawalpindi,National Highway,Poor,Rainy,No Light,Rickshaw,2,Over Speeding,1,0,0,0,4,2,High
2018,10,Wednesday,5,Punjab,Sialkot,Urban Road,Poor,Rainy,Street Light,Motorcycle,3,Over Speeding,0,0,1,0,4,3,High
2021,3,Saturday,20,Punjab,Lahore,National Highway,Poor,Rainy,Street Light,Motorcycle,2,Wrong Overtaking,1,1,0,0,7,2,High
2021,10,Friday,0,Punjab,Multan,Provincial Highway,Good,Clear,Street Light,Van/Pickup,1,Over Speeding,0,0,1,0,3,0,Medium
2022,7,Sunday,20,Punjab,Sheikhupura,Provincial Highway,Average,Clear,Street Light,Car/Taxi,4,Road Condition,1,1,0,0,2,0,Low
2018,4,Saturday,11,Sindh,Jacobabad,Rural Road,Poor,Clear,Dawn/Dusk,Motorcycle,2,Wrong Overtaking,0,1,0,0,4,1,Medium
2022,6,Friday,10,Balochistan,Loralai,Provincial Highway,Good,Clear,Daylight,Motorcycle,2,Mechanical Failure,0,0,0,0,2,1,Medium
2023,9,Monday,21,Sindh,Larkana,Rural Road,Poor,Clear,Street Light,Bus/Coach,1,Over Speeding,0,0,0,0,2,0,Low
2022,1,Tuesday,22,Punjab,Rahim Yar Khan,Provincial Highway,Under Repair,Foggy,No Light,Motorcycle,3,Over Speeding,0,0,1,1,11,3,High
2021,1,Friday,9,Punjab,Lahore,Urban Road,Poor,Clear,Daylight,Motorcycle,4,Over Speeding,1,0,0,1,2,0,Medium
2020,7,Monday,11,KPK,Peshawar,Rural Road,Under Repair,Clear,Daylight,Car/Taxi,1,Mobile Phone Use,0,0,0,0,1,0,Low
2022,3,Thursday,10,AJK,Rawalakot,National Highway,Poor,Clear,Daylight,Car/Taxi,1,Over Speeding,0,0,0,0,1,1,Medium
2020,6,Tuesday,11,Punjab,Rawalpindi,Urban Road,Average,Clear,No Light,Car/Taxi,1,Pedestrian Error,0,0,0,0,2,0,Low
2022,11,Tuesday,16,Punjab,Sargodha,Urban Road,Good,Dusty/Smoggy,Dawn/Dusk,Van/Pickup,1,Over Speeding,0,0,0,1,1,0,Low
2018,7,Tuesday,8,Sindh,Jacobabad,Urban Road,Under Repair,Clear,No Light,Motorcycle,2,Over Speeding,1,0,0,0,5,0,Medium
2022,9,Friday,10,KPK,Kohat,Urban Road,Good,Clear,Daylight,Car/Taxi,1,Pedestrian Error,0,0,0,0,1,1,Low
2021,3,Saturday,5,Sindh,Dadu,Rural Road,Poor,Clear,Dawn/Dusk,Car/Taxi,1,Drunk Driving,0,1,1,0,4,0,Medium
2022,8,Saturday,11,Sindh,Hyderabad,National Highway,Poor,Foggy,Daylight,Bus/Coach,2,Over Speeding,0,1,0,0,11,1,High
2023,7,Thursday,11,KPK,Bannu,Urban Road,Poor,Dusty/Smoggy,Street Light,Motorcycle,2,Over Speeding,0,0,0,0,2,0,Medium
2021,9,Monday,21,Islamabad,Islamabad,Rural Road,Good,Clear,No Light,Motorcycle,1,Over Speeding,0,0,0,0,10,2,High
2020,10,Saturday,9,Punjab,Sheikhupura,Rural Road,Good,Clear,Daylight,Motorcycle,1,Signal Violation,1,1,0,0,5,0,Medium
2023,5,Monday,12,Gilgit-Baltistan,Skardu,National Highway,Good,Clear,Street Light,Truck/Lorry,3,Signal Violation,1,0,0,0,3,1,High
2023,4,Friday,22,Punjab,Multan,Urban Road,Good,Dusty/Smoggy,No Light,Truck/Lorry,2,Driver Fatigue,0,0,1,0,3,2,High
2020,7,Saturday,19,KPK,Kohat,National Highway,Average,Extreme Heat,Dawn/Dusk,Truck/Lorry,3,Signal Violation,1,1,0,0,1,0,Medium
2023,3,Sunday,10,Sindh,Nawabshah,Urban Road,Good,Clear,Daylight,Motorcycle,1,Drunk Driving,0,1,0,0,1,1,Medium
2018,6,Saturday,17,Sindh,Larkana,National Highway,Under Repair,Clear,Daylight,Truck/Lorry,2,Mobile Phone Use,1,1,0,0,4,0,Medium
2023,10,Tuesday,15,KPK,Bannu,National Highway,Average,Dusty/Smoggy,Daylight,Motorcycle,2,Over Speeding,0,0,0,0,4,1,High
2023,2,Thursday,10,Punjab,Faisalabad,Urban Road,Good,Rainy,Daylight,Motorcycle,4,Wrong Overtaking,0,0,0,1,2,2,Medium
2023,1,Sunday,8,Punjab,Bahawalpur,Provincial Highway,Average,Rainy,Daylight,Motorcycle,2,Over Speeding,1,1,0,1,8,3,High
2023,5,Monday,7,Sindh,Dadu,Rural Road,Good,Rainy,Daylight,Motorcycle,2,Signal Violation,1,0,0,0,2,1,Medium
2023,12,Saturday,18,Sindh,Larkana,National Highway,Good,Clear,Daylight,Car/Taxi,1,Driver Fatigue,1,1,0,1,8,1,High
2023,11,Wednesday,5,Punjab,Sheikhupura,Urban Road,Poor,Foggy,Dawn/Dusk,Car/Taxi,1,Over Speeding,0,0,1,1,4,0,Medium
2019,1,Wednesday,1,Islamabad,Islamabad,Urban Road,Under Repair,Clear,Street Light,Truck/Lorry,1,Road Condition,0,0,1,1,0,0,Low
2021,11,Saturday,5,Punjab,Faisalabad,Rural Road,Good,Clear,Dawn/Dusk,Truck/Lorry,3,Wrong Overtaking,0,1,1,1,0,0,Low
2021,5,Wednesday,22,Punjab,Rawalpindi,Rural Road,Under Repair,Clear,Street Light,Motorcycle,2,Pedestrian Error,0,0,1,0,3,0,Medium
2023,5,Monday,19,Punjab,Rahim Yar Khan,Provincial Highway,Average,Clear,Dawn/Dusk,Car/Taxi,1,Wrong Overtaking,1,0,0,0,1,2,Medium
2021,12,Saturday,20,Sindh,Mirpur Khas,National Highway,Average,Clear,No Light,Rickshaw,3,Driver Fatigue,1,1,0,1,1,0,Medium
2023,4,Wednesday,13,Punjab,Multan,Provincial Highway,Average,Foggy,No Light,Rickshaw,1,Pedestrian Error,1,0,0,0,2,0,Low
2021,3,Thursday,6,Sindh,Sukkur,Provincial Highway,Under Repair,Foggy,Daylight,Motorcycle,2,Over Speeding,0,0,0,0,6,2,High
2018,8,Friday,7,Punjab,Multan,National Highway,Poor,Foggy,Dawn/Dusk,Motorcycle,1,Over Speeding,1,0,0,0,4,0,High
2023,3,Tuesday,17,Punjab,Sheikhupura,National Highway,Under Repair,Rainy,Daylight,Bus/Coach,1,Wrong Overtaking,1,0,0,0,2,0,Medium
2020,4,Sunday,8,KPK,Bannu,Provincial Highway,Poor,Foggy,Daylight,Truck/Lorry,2,Wrong Overtaking,1,1,0,0,3,1,Medium
2021,12,Monday,7,Sindh,Mirpur Khas,Motorway,Good,Clear,No Light,Rickshaw,1,Over Speeding,1,0,0,1,5,0,Medium
2019,4,Thursday,22,Punjab,Sargodha,Provincial Highway,Poor,Foggy,No Light,Motorcycle,2,Mobile Phone Use,0,0,1,0,6,0,High
2019,2,Wednesday,16,Punjab,Bahawalpur,Rural Road,Good,Dusty/Smoggy,Daylight,Motorcycle,1,Mechanical Failure,0,0,0,1,1,0,Low
2021,5,Wednesday,19,Balochistan,Turbat,Provincial Highway,Poor,Clear,No Light,Rickshaw,1,Signal Violation,1,0,0,0,2,0,Low
2019,12,Friday,8,Punjab,Sheikhupura,National Highway,Good,Foggy,Street Light,Motorcycle,2,Signal Violation,1,0,0,1,6,0,High
2022,9,Wednesday,8,Islamabad,Islamabad,Rural Road,Good,Foggy,Daylight,Motorcycle,1,Signal Violation,1,0,0,0,1,2,Medium
2018,1,Thursday,8,Sindh,Dadu,Urban Road,Poor,Rainy,Daylight,Motorcycle,2,Over Speeding,1,0,0,1,3,0,Medium
2022,12,Monday,11,Punjab,Faisalabad,National Highway,Average,Clear,Daylight,Motorcycle,2,Mobile Phone Use,0,0,0,1,3,2,Medium
2022,6,Tuesday,19,KPK,Mansehra,Provincial Highway,Average,Dusty/Smoggy,Dawn/Dusk,Motorcycle,2,Mobile Phone Use,1,0,0,0,2,0,Low
2023,12,Monday,5,Balochistan,Gwadar,National Highway,Average,Rainy,Street Light,Motorcycle,4,Road Condition,0,0,1,1,5,1,High
2022,7,Monday,1,Punjab,Lahore,Urban Road,Average,Clear,Street Light,Car/Taxi,1,Driver Fatigue,0,0,1,0,4,0,Medium
2019,6,Sunday,23,Punjab,Gujranwala,Provincial Highway,Average,Clear,Street Light,Motorcycle,3,Mechanical Failure,0,1,1,0,1,0,Medium
2021,5,Saturday,18,Sindh,Sukkur,National Highway,Average,Dusty/Smoggy,Street Light,Rickshaw,2,Drunk Driving,1,1,0,0,4,1,Medium
2021,8,Thursday,8,Islamabad,Islamabad,Urban Road,Poor,Rainy,Daylight,Car/Taxi,3,Wrong Overtaking,1,0,0,0,0,0,Low
2020,9,Saturday,18,KPK,Peshawar,Rural Road,Average,Clear,Daylight,Motorcycle,2,Road Condition,1,1,0,0,1,0,Medium
2020,2,Monday,13,Punjab,Faisalabad,Provincial Highway,Good,Rainy,Daylight,Car/Taxi,1,Pedestrian Error,1,0,0,1,1,0,Low
2019,11,Saturday,8,Punjab,Sargodha,Motorway,Good,Dusty/Smoggy,Street Light,Motorcycle,2,Road Condition,1,1,0,1,2,0,High
2021,4,Monday,19,Punjab,Lahore,Urban Road,Good,Clear,Dawn/Dusk,Motorcycle,1,Over Speeding,1,0,0,0,5,1,Medium
2022,3,Sunday,11,Punjab,Rawalpindi,Urban Road,Average,Clear,Street Light,Rickshaw,1,Driver Fatigue,0,1,0,0,0,0,Low
2019,9,Friday,21,Punjab,Lahore,National Highway,Poor,Rainy,No Light,Car/Taxi,3,Over Speeding,0,0,0,0,4,2,High
2021,6,Saturday,9,Sindh,Karachi,Rural Road,Poor,Clear,Street Light,Rickshaw,1,Over Speeding,1,1,0,0,2,1,Low
2018,10,Sunday,17,Punjab,Bahawalpur,Urban Road,Good,Dusty/Smoggy,Daylight,Motorcycle,1,Wrong Overtaking,1,1,0,0,2,1,Medium
2023,8,Friday,11,Punjab,Sialkot,National Highway,Poor,Clear,Street Light,Van/Pickup,1,Pedestrian Error,0,0,0,0,0,0,Low
2020,5,Tuesday,20,Sindh,Larkana,National Highway,Poor,Foggy,Street Light,Motorcycle,1,Driver Fatigue,1,0,0,0,7,0,High
2022,10,Friday,20,Punjab,Bahawalpur,Rural Road,Good,Clear,Street Light,Motorcycle,1,Over Speeding,1,0,0,0,3,1,Medium
2023,3,Friday,8,Punjab,Sargodha,National Highway,Good,Foggy,Daylight,Truck/Lorry,1,Over Speeding,1,0,0,0,2,4,High
2018,5,Monday,17,Punjab,Sheikhupura,Provincial Highway,Average,Clear,Dawn/Dusk,Truck/Lorry,1,Over Speeding,1,0,0,0,4,0,Medium
2023,9,Friday,14,Punjab,Lahore,Provincial Highway,Average,Rainy,Daylight,Motorcycle,2,Wrong Overtaking,0,0,0,0,11,1,High
2019,8,Monday,9,KPK,Dera Ismail Khan,National Highway,Average,Clear,Street Light,Bus/Coach,1,Mechanical Failure,1,0,0,0,5,0,Medium
2022,9,Saturday,6,Sindh,Mirpur Khas,Rural Road,Under Repair,Clear,Daylight,Rickshaw,4,Over Speeding,0,1,0,0,0,1,Low
2021,10,Thursday,8,Punjab,Sialkot,Urban Road,Average,Foggy,Daylight,Bus/Coach,2,Road Condition,1,0,0,0,1,1,Medium
2018,6,Wednesday,5,Punjab,Sialkot,Provincial Highway,Average,Clear,Daylight,Motorcycle,3,Wrong Overtaking,0,0,1,0,2,0,Medium
2021,6,Saturday,21,Punjab,Rahim Yar Khan,Rural Road,Good,Foggy,Street Light,Car/Taxi,1,Over Speeding,0,1,0,0,3,0,Medium
2022,10,Tuesday,15,Sindh,Jacobabad,Rural Road,Good,Clear,Daylight,Motorcycle,1,Signal Violation,0,0,0,0,3,0,Medium
2022,3,Thursday,21,Sindh,Mirpur Khas,National Highway,Good,Rainy,Street Light,Truck/Lorry,2,Over Speeding,0,0,0,0,2,1,High
2018,8,Sunday,9,Sindh,Mirpur Khas,Urban Road,Good,Clear,Daylight,Motorcycle,3,Mechanical Failure,1,1,0,0,4,0,Medium
2018,3,Tuesday,19,Punjab,Lahore,National Highway,Average,Rainy,No Light,Car/Taxi,1,Driver Fatigue,1,0,0,0,4,0,High
2018,6,Wednesday,16,Punjab,Rahim Yar Khan,Rural Road,Good,Foggy,Dawn/Dusk,Motorcycle,2,Mechanical Failure,0,0,0,0,5,1,Medium
2023,4,Wednesday,1,KPK,Kohat,National Highway,Average,Clear,No Light,Motorcycle,1,Road Condition,0,0,1,0,2,4,High
2022,5,Wednesday,19,Balochistan,Dera Bugti,National Highway,Under Repair,Clear,Daylight,Bicycle,1,Mechanical Failure,1,0,0,0,3,1,High
2020,8,Wednesday,1,Islamabad,Islamabad,National Highway,Poor,Foggy,No Light,Van/Pickup,3,Pedestrian Error,0,0,1,0,5,0,Medium
2023,2,Monday,1,Punjab,Lahore,Urban Road,Average,Foggy,No Light,Truck/Lorry,2,Over Speeding,0,0,1,1,6,3,High
2019,6,Saturday,8,KPK,Dera Ismail Khan,Urban Road,Poor,Foggy,Daylight,Bicycle,4,Over Speeding,1,1,0,0,4,3,High
2021,3,Thursday,22,KPK,Mardan,Rural Road,Good,Dusty/Smoggy,Street Light,Other,1,Over Speeding,0,0,1,0,3,0,Medium
2021,1,Saturday,9,Islamabad,Islamabad,National Highway,Under Repair,Foggy,Daylight,Bus/Coach,3,Over Speeding,1,1,0,1,5,2,High
2023,6,Thursday,22,Punjab,Lahore,Urban Road,Poor,Clear,No Light,Motorcycle,1,Over Speeding,0,0,1,0,9,3,High
2021,7,Saturday,7,KPK,Charsadda,National Highway,Average,Clear,Daylight,Motorcycle,2,Wrong Overtaking,1,1,0,0,1,0,Medium
2022,9,Tuesday,9,Punjab,Bahawalpur,Provincial Highway,Poor,Clear,Daylight,Motorcycle,2,Drunk Driving,1,0,0,0,8,3,High
2019,5,Thursday,6,Sindh,Thatta,Provincial Highway,Poor,Clear,Street Light,Motorcycle,2,Over Speeding,0,0,0,0,3,1,High
2020,6,Wednesday,18,Punjab,Rahim Yar Khan,National Highway,Good,Dusty/Smoggy,Street Light,Car/Taxi,2,Road Condition,1,0,0,0,1,0,Low
2021,6,Friday,7,KPK,Dera Ismail Khan,National Highway,Under Repair,Rainy,Daylight,Bus/Coach,2,Wrong Overtaking,1,0,0,0,2,2,High
2020,1,Saturday,16,Balochistan,Quetta,Rural Road,Poor,Rainy,Daylight,Car/Taxi,2,Over Speeding,0,1,0,1,0,0,Low
2023,12,Tuesday,18,Punjab,Multan,Provincial Highway,Under Repair,Clear,Daylight,Car/Taxi,2,Wrong Overtaking,1,0,0,1,0,0,Low
2019,1,Friday,14,Sindh,Karachi,Provincial Highway,Good,Dusty/Smoggy,Dawn/Dusk,Car/Taxi,2,Pedestrian Error,0,0,0,1,2,0,Low
2023,9,Thursday,19,Punjab,Multan,Provincial Highway,Good,Rainy,Dawn/Dusk,Motorcycle,1,Signal Violation,1,0,0,0,11,1,High
2022,9,Thursday,10,Punjab,Sargodha,National Highway,Good,Rainy,Dawn/Dusk,Bus/Coach,2,Over Speeding,0,0,0,0,10,0,High
2020,7,Saturday,6,Punjab,Rahim Yar Khan,Rural Road,Good,Foggy,Daylight,Bus/Coach,2,Signal Violation,0,1,0,0,2,0,Medium
2022,2,Sunday,6,Punjab,Sargodha,National Highway,Good,Clear,Street Light,Motorcycle,4,Signal Violation,0,1,0,1,5,0,Medium
2018,11,Monday,6,Balochistan,Quetta,Provincial Highway,Poor,Clear,Daylight,Bus/Coach,2,Over Speeding,0,0,0,1,1,1,Medium
2021,1,Sunday,18,Punjab,Rahim Yar Khan,Provincial Highway,Average,Foggy,Dawn/Dusk,Car/Taxi,2,Pedestrian Error,1,1,0,1,4,1,Medium
2019,5,Sunday,13,Sindh,Hyderabad,Urban Road,Poor,Clear,Dawn/Dusk,Car/Taxi,2,Signal Violation,1,1,0,0,2,0,Low
2023,7,Monday,19,Balochistan,Zhob,Urban Road,Good,Extreme Heat,No Light,Bus/Coach,1,Mechanical Failure,1,0,0,0,1,0,Low
2020,12,Thursday,18,Balochistan,Zhob,Urban Road,Poor,Clear,Daylight,Bus/Coach,3,Driver Fatigue,1,0,0,1,2,0,Medium
2019,12,Thursday,1,KPK,Peshawar,Provincial Highway,Average,Foggy,No Light,Rickshaw,2,Drunk Driving,0,0,1,1,3,1,High
2023,3,Monday,11,Punjab,Multan,National Highway,Good,Foggy,Daylight,Car/Taxi,1,Road Condition,0,0,0,0,2,0,Low
2019,12,Sunday,8,KPK,Bannu,Provincial Highway,Under Repair,Clear,Daylight,Van/Pickup,3,Over Speeding,1,1,0,1,0,0,Low
2020,11,Friday,8,Punjab,Bahawalpur,Rural Road,Good,Clear,Daylight,Motorcycle,2,Over Speeding,1,0,0,1,1,0,Medium
2019,10,Friday,12,Islamabad,Islamabad,Provincial Highway,Poor,Dusty/Smoggy,Daylight,Motorcycle,2,Over Speeding,1,0,0,0,9,0,High
2023,11,Wednesday,11,KPK,Swat,Rural Road,Poor,Clear,Daylight,Truck/Lorry,3,Wrong Overtaking,0,0,0,1,1,0,Low
2022,2,Saturday,18,KPK,Abbottabad,Urban Road,Average,Extreme Heat,Daylight,Car/Taxi,2,Weather Condition,1,1,0,1,0,0,Low
2022,9,Thursday,3,Punjab,Bahawalpur,Rural Road,Good,Clear,Street Light,Motorcycle,2,Wrong Overtaking,0,0,1,0,1,0,Medium
2021,6,Sunday,19,Sindh,Dadu,Provincial Highway,Average,Clear,No Light,Motorcycle,2,Mechanical Failure,1,1,0,0,2,1,Medium
2023,12,Wednesday,15,KPK,Peshawar,National Highway,Average,Dusty/Smoggy,Daylight,Car/Taxi,1,Over Speeding,0,0,0,1,2,2,Medium
2020,7,Thursday,18,Balochistan,Dera Bugti,National Highway,Average,Clear,Daylight,Van/Pickup,4,Wrong Overtaking,1,0,0,0,1,0,Medium
2018,7,Saturday,7,Punjab,Bahawalpur,National Highway,Poor,Rainy,Street Light,Motorcycle,2,Over Speeding,1,1,0,0,6,1,High
2019,10,Tuesday,10,Islamabad,Islamabad,Rural Road,Average,Clear,Daylight,Car/Taxi,1,Over Speeding,0,0,0,0,0,0,Low
2019,4,Thursday,11,Punjab,Gujranwala,Urban Road,Good,Clear,Daylight,Truck/Lorry,2,Signal Violation,0,0,0,0,1,2,Medium
2023,9,Thursday,13,Sindh,Sukkur,National Highway,Poor,Clear,Daylight,Motorcycle,2,Signal Violation,1,0,0,0,3,1,High
2022,12,Saturday,19,KPK,Dera Ismail Khan,Provincial Highway,Good,Clear,No Light,Truck/Lorry,2,Pedestrian Error,1,1,0,1,5,0,Medium
2021,2,Thursday,12,Punjab,Gujranwala,Urban Road,Good,Clear,Daylight,Car/Taxi,2,Wrong Overtaking,1,0,0,1,0,0,Low
2023,6,Sunday,21,Punjab,Rahim Yar Khan,Rural Road,Good,Clear,Street Light,Car/Taxi,1,Mobile Phone Use,0,1,0,0,2,0,Low
2019,9,Friday,15,KPK,Swat,Urban Road,Poor,Clear,Street Light,Motorcycle,2,Road Condition,0,0,0,0,0,0,Low
2021,6,Saturday,20,Punjab,Lahore,Provincial Highway,Good,Clear,Street Light,Truck/Lorry,2,Over Speeding,1,1,0,0,11,3,High
2020,1,Monday,12,Punjab,Bahawalpur,National Highway,Poor,Dusty/Smoggy,Street Light,Motorcycle,1,Over Speeding,1,0,0,1,11,1,High
2019,1,Tuesday,22,KPK,Nowshera,Urban Road,Good,Rainy,No Light,Car/Taxi,2,Signal Violation,0,0,1,1,0,0,Low
2020,1,Wednesday,20,Balochistan,Gwadar,Provincial Highway,Poor,Clear,Street Light,Truck/Lorry,1,Drunk Driving,1,0,0,1,3,0,Medium
2019,1,Friday,16,Sindh,Larkana,National Highway,Average,Clear,Street Light,Bicycle,3,Wrong Overtaking,0,0,0,1,5,0,Medium
2021,3,Monday,6,Punjab,Gujranwala,Rural Road,Good,Foggy,Daylight,Motorcycle,3,Wrong Overtaking,0,0,0,0,3,0,Medium
2021,9,Thursday,5,Punjab,Lahore,Rural Road,Under Repair,Clear,Street Light,Rickshaw,2,Pedestrian Error,0,0,1,0,1,0,Low
2022,4,Sunday,20,KPK,Swat,Provincial Highway,Average,Clear,Street Light,Motorcycle,3,Drunk Driving,1,1,0,0,8,2,High
2022,3,Monday,11,Sindh,Mirpur Khas,National Highway,Poor,Rainy,Daylight,Motorcycle,1,Road Condition,0,0,0,0,4,0,High
2021,6,Saturday,11,Sindh,Thatta,Provincial Highway,Good,Clear,Daylight,Car/Taxi,3,Over Speeding,0,1,0,0,1,0,Low
2020,9,Friday,19,KPK,Peshawar,National Highway,Poor,Clear,No Light,Car/Taxi,1,Road Condition,1,0,0,0,3,0,Medium
2021,11,Sunday,2,Sindh,Larkana,Rural Road,Under Repair,Clear,Street Light,Van/Pickup,1,Over Speeding,0,1,1,1,5,1,Medium
2019,5,Sunday,15,Punjab,Rahim Yar Khan,Provincial Highway,Good,Clear,Daylight,Motorcycle,4,Wrong Overtaking,0,1,0,0,4,0,Medium
2020,1,Monday,5,Islamabad,Islamabad,Provincial Highway,Good,Dusty/Smoggy,No Light,Car/Taxi,3,Pedestrian Error,0,0,1,1,1,0,Low
2023,12,Tuesday,15,Sindh,Kashmore,Urban Road,Good,Clear,Daylight,Motorcycle,2,Pedestrian Error,0,0,0,1,2,0,Low
2020,6,Friday,19,Sindh,Jacobabad,Rural Road,Average,Dusty/Smoggy,Street Light,Car/Taxi,1,Over Speeding,1,0,0,0,5,2,Medium
2022,6,Thursday,8,Islamabad,Islamabad,Rural Road,Average,Clear,Dawn/Dusk,Bus/Coach,2,Road Condition,1,0,0,0,0,0,Low
2018,7,Saturday,9,Islamabad,Islamabad,Rural Road,Poor,Clear,Daylight,Motorcycle,2,Over Speeding,1,1,0,0,6,1,High
2021,5,Wednesday,16,Sindh,Mirpur Khas,Rural Road,Good,Clear,Daylight,Bicycle,2,Road Condition,0,0,0,0,5,0,Medium
2019,5,Friday,18,Punjab,Lahore,Provincial Highway,Average,Dusty/Smoggy,Dawn/Dusk,Truck/Lorry,2,Drunk Driving,1,0,0,0,5,0,Medium
2018,1,Sunday,19,Gilgit-Baltistan,Hunza,Urban Road,Average,Clear,Dawn/Dusk,Motorcycle,2,Road Condition,1,1,0,1,4,1,Medium
2019,6,Monday,16,KPK,Peshawar,Urban Road,Good,Clear,Street Light,Van/Pickup,3,Wrong Overtaking,0,0,0,0,2,0,Low
2023,7,Thursday,20,Punjab,Faisalabad,National Highway,Poor,Extreme Heat,Street Light,Rickshaw,2,Over Speeding,1,0,0,0,1,1,Medium
2022,12,Friday,12,Sindh,Thatta,National Highway,Good,Rainy,Daylight,Car/Taxi,3,Road Condition,1,0,0,1,2,0,Medium
2021,2,Sunday,23,Punjab,Sheikhupura,National Highway,Poor,Clear,No Light,Van/Pickup,2,Road Condition,0,1,1,1,0,0,Low
2023,5,Wednesday,13,Balochistan,Chaman,Urban Road,Good,Rainy,Daylight,Motorcycle,3,Over Speeding,1,0,0,0,10,1,High
2019,11,Friday,13,Sindh,Thatta,Rural Road,Average,Foggy,Daylight,Motorcycle,3,Weather Condition,1,0,0,1,5,0,Medium
2022,8,Friday,13,KPK,Mansehra,Urban Road,Average,Extreme Heat,Dawn/Dusk,Motorcycle,2,Mechanical Failure,1,0,0,0,1,0,Low
2020,12,Sunday,17,Balochistan,Loralai,Provincial Highway,Good,Clear,Dawn/Dusk,Motorcycle,2,Over Speeding,1,1,0,1,4,0,Medium
2023,6,Monday,13,KPK,Swat,Urban Road,Under Repair,Dusty/Smoggy,Daylight,Car/Taxi,2,Road Condition,1,0,0,0,2,0,Low
2023,12,Tuesday,13,KPK,Kohat,Provincial Highway,Good,Rainy,Daylight,Car/Taxi,3,Over Speeding,1,0,0,1,9,1,High
2022,8,Wednesday,17,Balochistan,Turbat,National Highway,Good,Dusty/Smoggy,Daylight,Van/Pickup,1,Pedestrian Error,1,0,0,0,1,0,Low
2020,7,Monday,1,Punjab,Rahim Yar Khan,Rural Road,Good,Clear,Street Light,Motorcycle,3,Wrong Overtaking,0,0,1,0,2,0,Medium
2022,1,Saturday,16,Punjab,Multan,National Highway,Good,Rainy,Dawn/Dusk,Car/Taxi,2,Over Speeding,0,1,0,1,2,2,High
2019,12,Sunday,7,Balochistan,Loralai,Urban Road,Good,Rainy,Daylight,Motorcycle,3,Pedestrian Error,1,1,0,1,2,0,Medium
2022,9,Friday,13,Sindh,Larkana,Urban Road,Average,Clear,Daylight,Bus/Coach,1,Road Condition,1,0,0,0,0,0,Low
2018,5,Thursday,16,Punjab,Sialkot,Urban Road,Good,Rainy,Daylight,Truck/Lorry,2,Signal Violation,0,0,0,0,0,0,Low
2018,6,Friday,21,Punjab,Bahawalpur,National Highway,Good,Extreme Heat,No Light,Car/Taxi,3,Pedestrian Error,0,0,0,0,1,0,Low
2023,2,Friday,18,Punjab,Gujranwala,National Highway,Good,Foggy,Daylight,Rickshaw,1,Mechanical Failure,1,0,0,1,0,0,Low
2018,12,Saturday,12,KPK,Charsadda,National Highway,Average,Clear,Daylight,Truck/Lorry,2,Signal Violation,1,1,0,1,4,0,Medium