year,month,day_of_week,hour_of_day,province,district,road_type,road_condition,weather_condition,lighting_condition,vehicle_type,vehicles_involved,accident_cause,is_rush_hour,is_weekend,is_night,is_foggy_month,num_injured,num_killed,severity
2019,9,Monday,21,KPK,Swat,Urban Road,Under Repair,Clear,Street Light,Car/Taxi,2,Over Speeding,0,0,0,0,2,0,Low
2020,7,Monday,10,Punjab,Faisalabad,National Highway,Good,Rainy,Dawn/Dusk,Car/Taxi,3,Signal Violation,0,0,0,0,7,0,High
2018,11,Monday,19,Balochistan,Sibi,Rural Road,Average,Foggy,Daylight,Motorcycle,1,Over Speeding,1,0,0,1,1,1,Medium
2023,1,Wednesday,13,Punjab,Faisalabad,National Highway,Good,Rainy,Daylight,Van/Pickup,1,Wrong Overtaking,1,0,0,1,10,1,High
2019,11,Sunday,18,KPK,Nowshera,Provincial Highway,Good,Extreme Heat,Daylight,Car/Taxi,3,Mobile Phone Use,1,1,0,1,0,0,Low
2020,5,Sunday,13,Sindh,Nawabshah,National Highway,Good,Dusty/Smoggy,Daylight,Motorcycle,1,Mechanical Failure,1,1,0,0,3,0,Medium
2019,2,Tuesday,2,KPK,Mardan,Provincial Highway,Average,Clear,Street Light,Truck/Lorry,2,Drunk Driving,0,0,1,1,2,1,High
2022,6,Monday,14,Punjab,Rawalpindi,Urban Road,Average,Dusty/Smoggy,Dawn/Dusk,Bus/Coach,2,Over Speeding,0,0,0,0,3,1,Medium
2020,5,Friday,21,Punjab,Sargodha,National Highway,Average,Clear,Street Light,Motorcycle,3,Over Speeding,0,0,0,0,7,1,High
2022,8,Friday,21,Balochistan,Zhob,Provincial Highway,Average,Dusty/Smoggy,No Light,Van/Pickup,3,Over Speeding,0,0,0,0,2,0,Medium
2023,7,Wednesday,13,Punjab,Sialkot,National Highway,Average,Dusty/Smoggy,Daylight,Car/Taxi,2,Road Condition,1,0,0,0,2,0,Low
2018,10,Saturday,1,AJK,Rawalakot,Rural Road,Poor,Clear,No Light,Car/Taxi,2,Wrong Overtaking,0,1,1,0,2,0,Low
2021,1,Saturday,17,Sindh,Mirpur Khas,Rural Road,Poor,Clear,Daylight,Car/Taxi,1,Driver Fatigue,1,1,0,1,2,0,Low
2022,5,Friday,10,Sindh,Karachi,National Highway,Poor,Clear,Daylight,Motorcycle,3,Signal Violation,0,0,0,0,2,3,High
2020,11,Saturday,14,Sindh,Mirpur Khas,National Highway,Average,Clear,Daylight,Car/Taxi,3,Signal Violation,0,1,0,1,0,0,Low
2021,12,Friday,18,Punjab,Sheikhupura,Urban Road,Good,Extreme Heat,Daylight,Motorcycle,1,Pedestrian Error,1,0,0,1,4,0,Medium
2020,5,Tuesday,9,Sindh,Hyderabad,Urban Road,Good,Clear,Daylight,Motorcycle,1,Over Speeding,1,0,0,0,2,0,Medium
2019,3,Sunday,6,AJK,Mirpur,Urban Road,Good,Foggy,Street Light,Van/Pickup,4,Drunk Driving,0,1,0,0,1,0,Medium
2023,6,Saturday,6,Punjab,Rawalpindi,National Highway,Average,Clear,Daylight,Van/Pickup,2,Signal Violation,0,1,0,0,0,0,Low
2021,10,Wednesday,6,KPK,Mardan,Urban Road,Under Repair,Clear,Daylight,Motorcycle,2,Over Speeding,0,0,0,0,2,2,High
2022,3,Tuesday,18,Sindh,Mirpur Khas,Urban Road,Average,Clear,Daylight,Car/Taxi,1,Road Condition,1,0,0,0,1,0,Low
2021,1,Wednesday,21,Sindh,Mirpur Khas,National Highway,Under Repair,Clear,No Light,Motorcycle,2,Wrong Overtaking,0,0,0,1,2,1,High
2023,3,Thursday,17,Punjab,Gujranwala,National Highway,Average,Clear,Street Light,Other,1,Weather Condition,1,0,0,0,0,0,Low
2019,7,Friday,9,Sindh,Nawabshah,Urban Road,Good,Clear,Dawn/Dusk,Bus/Coach,2,Over Speeding,1,0,0,0,1,1,Low
2018,12,Wednesday,7,AJK,Rawalakot,National Highway,Average,Foggy,Street Light,Motorcycle,1,Mechanical Failure,1,0,0,1,11,1,High
2022,9,Saturday,18,Punjab,Bahawalpur,Provincial Highway,Average,Clear,Daylight,Motorcycle,2,Drunk Driving,1,1,0,0,3,1,Medium
2021,1,Sunday,13,Sindh,Sukkur,Provincial Highway,Good,Clear,Daylight,Motorcycle,3,Pedestrian Error,1,1,0,1,3,0,Medium
2018,10,Friday,6,Sindh,Hyderabad,Urban Road,Under Repair,Clear,Daylight,Rickshaw,1,Road Condition,0,0,0,0,1,0,Low
2018,2,Wednesday,11,Sindh,Dadu,Urban Road,Good,Clear,Daylight,Motorcycle,1,Wrong Overtaking,0,0,0,1,1,0,Low
2022,4,Monday,17,Sindh,Nawabshah,Rural Road,Good,Clear,Daylight,Motorcycle,1,Road Condition,1,0,0,0,1,0,Medium
2020,5,Saturday,19,Sindh,Jacobabad,National Highway,Average,Foggy,Dawn/Dusk,Rickshaw,2,Over Speeding,1,1,0,0,1,0,Medium
2021,6,Friday,20,Punjab,Lahore,Urban Road,Under Repair,Rainy,No Light,Car/Taxi,2,Mobile Phone Use,1,0,0,0,0,0,Low
2022,8,Friday,9,Balochistan,Khuzdar,Urban Road,Average,Clear,Daylight,Van/Pickup,2,Wrong Overtaking,1,0,0,0,0,0,Low
2018,8,Friday,18,KPK,Nowshera,Rural Road,Good,Clear,Dawn/Dusk,Motorcycle,1,Mechanical Failure,1,0,0,0,1,0,Low
2019,4,Monday,21,Punjab,Bahawalpur,Provincial Highway,Average,Clear,Street Light,Rickshaw,2,Signal Violation,0,0,0,0,4,2,Medium
2019,11,Tuesday,21,Punjab,Faisalabad,National Highway,Under Repair,Dusty/Smoggy,Street Light,Motorcycle,2,Mechanical Failure,0,0,0,1,2,0,Medium
2022,9,Tuesday,19,KPK,Kohat,Urban Road,Good,Dusty/Smoggy,Dawn/Dusk,Truck/Lorry,1,Signal Violation,1,0,0,0,2,1,Medium
2021,6,Friday,7,AJK,Muzaffarabad,Provincial Highway,Good,Foggy,Daylight,Rickshaw,2,Road Condition,1,0,0,0,0,0,Low
2020,1,Thursday,18,Islamabad,Islamabad,Provincial Highway,Under Repair,Foggy,Daylight,Motorcycle,1,Wrong Overtaking,1,0,0,1,3,0,Medium
2021,1,Tuesday,13,Balochistan,Sibi,Urban Road,Good,Foggy,Daylight,Rickshaw,1,Signal Violation,1,0,0,1,3,0,Medium
2023,7,Friday,2,Punjab,Rawalpindi,Provincial Highway,Under Repair,Clear,Street Light,Motorcycle,2,Mechanical Failure,0,0,1,0,11,1,High
2023,10,Tuesday,1,Balochistan,Hub,Provincial Highway,Poor,Rainy,No Light,Van/Pickup,2,Mobile Phone Use,0,0,1,0,3,0,Medium
2023,12,Sunday,11,Balochistan,Chaman,Provincial Highway,Average,Clear,Daylight,Bus/Coach,1,Wrong Overtaking,0,1,0,1,0,0,Low
2018,12,Saturday,19,Punjab,Rawalpindi,National Highway,Good,Rainy,Dawn/Dusk,Car/Taxi,3,Drunk Driving,1,1,0,1,2,1,Medium
2018,9,Wednesday,3,Punjab,Sialkot,Rural Road,Poor,Dusty/Smoggy,No Light,Bus/Coach,2,Signal Violation,0,0,1,0,4,0,Medium
2022,6,Saturday,21,Sindh,Dadu,Provincial Highway,Good,Clear,No Light,Motorcycle,2,Over Speeding,0,1,0,0,3,0,Medium
2020,11,Friday,19,Sindh,Kashmore,Provincial Highway,Average,Dusty/Smoggy,Street Light,Motorcycle,3,Wrong Overtaking,1,0,0,1,1,2,Medium
2018,2,Sunday,8,Punjab,Multan,National Highway,Good,Clear,No Light,Car/Taxi,1,Road Condition,1,1,0,1,2,1,Low
2018,3,Sunday,13,Punjab,Sargodha,Urban Road,Poor,Clear,Daylight,Motorcycle,1,Wrong Overtaking,1,1,0,0,0,0,Low
2021,10,Tuesday,21,Punjab,Bahawalpur,Urban Road,Good,Dusty/Smoggy,Street Light,Motorcycle,3,Over Speeding,0,0,0,0,8,2,High
2020,5,Friday,10,Sindh,Nawabshah,Provincial Highway,Poor,Rainy,Daylight,Bus/Coach,2,Pedestrian Error,0,0,0,0,3,1,Medium
2018,9,Friday,6,Punjab,Lahore,Provincial Highway,Good,Dusty/Smoggy,No Light,Motorcycle,3,Over Speeding,0,0,0,0,7,1,High
2020,4,Tuesday,19,KPK,Mansehra,Urban Road,Average,Clear,Dawn/Dusk,Bicycle,2,Road Condition,1,0,0,0,2,0,Medium
2022,5,Friday,11,Punjab,Multan,Provincial Highway,Average,Clear,Street Light,Motorcycle,2,Wrong Overtaking,0,0,0,0,1,0,Medium
2023,3,Friday,8,Balochistan,Khuzdar,National Highway,Good,Clear,Daylight,Motorcycle,1,Mobile Phone Use,1,0,0,0,10,1,High
2020,1,Monday,18,Balochistan,Khuzdar,Urban Road,Under Repair,Clear,Daylight,Motorcycle,2,Signal Violation,1,0,0,1,2,0,Low
2022,7,Monday,22,Balochistan,Khuzdar,Rural Road,Poor,Foggy,No Light,Car/Taxi,3,Mechanical Failure,0,0,1,0,2,0,Low
2021,10,Thursday,20,KPK,Peshawar,Motorway,Good,Clear,No Light,Car/Taxi,1,Over Speeding,1,0,0,0,5,1,High
2018,3,Monday,10,Punjab,Rahim Yar Khan,National Highway,Poor,Dusty/Smoggy,No Light,Motorcycle,1,Pedestrian Error,0,0,0,0,3,0,Medium
2023,1,Saturday,18,Sindh,Kashmore,Provincial Highway,Average,Clear,Daylight,Motorcycle,2,Over Speeding,1,1,0,1,7,4,High
2018,4,Wednesday,8,Punjab,Lahore,Provincial Highway,Good,Dusty/Smoggy,Daylight,Motorcycle,1,Wrong Overtaking,1,0,0,0,4,0,Medium
2020,4,Thursday,2,AJK,Mirpur,Rural Road,Under Repair,Clear,No Light,Truck/Lorry,2,Pedestrian Error,0,0,1,0,0,0,Low
2022,6,Friday,12,Punjab,Gujranwala,Rural Road,Good,Clear,Daylight,Motorcycle,2,Wrong Overtaking,1,0,0,0,2,0,Low
2023,7,Tuesday,12,Sindh,Jacobabad,Provincial Highway,Poor,Clear,Dawn/Dusk,Other,2,Driver Fatigue,1,0,0,0,1,0,Low
2022,9,Monday,17,KPK,Kohat,National Highway,Average,Clear,Daylight,Motorcycle,3,Pedestrian Error,1,0,0,0,4,1,Medium
2021,11,Sunday,9,Islamabad,Islamabad,Urban Road,Poor,Clear,Daylight,Bus/Coach,2,Road Condition,1,1,0,1,1,0,Low
2021,7,Tuesday,19,KPK,Abbottabad,National Highway,Poor,Foggy,No Light,Motorcycle,1,Over Speeding,1,0,0,0,11,0,High
2021,12,Sunday,14,KPK,Kohat,National Highway,Average,Rainy,Daylight,Motorcycle,3,Pedestrian Error,0,1,0,1,8,2,High
2020,3,Friday,0,Sindh,Nawabshah,Rural Road,Good,Rainy,No Light,Motorcycle,2,Drunk Driving,0,0,1,0,5,0,High
2023,6,Wednesday,17,Sindh,Larkana,Rural Road,Good,Clear,Daylight,Motorcycle,2,Drunk Driving,1,0,0,0,4,0,Medium
2023,12,Wednesday,16,Punjab,Multan,Rural Road,Average,Clear,Daylight,Motorcycle,1,Wrong Overtaking,0,0,0,1,3,0,Medium
2020,8,Sunday,16,Balochistan,Quetta,Urban Road,Good,Foggy,Daylight,Car/Taxi,2,Wrong Overtaking,0,1,0,0,3,2,Medium
2018,8,Saturday,14,Sindh,Jacobabad,National Highway,Average,Clear,Daylight,Motorcycle,3,Over Speeding,0,1,0,0,2,1,High
2023,10,Tuesday,21,Punjab,Bahawalpur,National Highway,Good,Clear,Street Light,Motorcycle,3,Signal Violation,0,0,0,0,2,1,High
2022,6,Sunday,8,Balochistan,Gwadar,Provincial Highway,Good,Dusty/Smoggy,Daylight,Car/Taxi,3,Wrong Overtaking,1,1,0,0,4,1,Medium
2023,11,Sunday,9,Sindh,Nawabshah,Provincial Highway,Good,Clear,Daylight,Bus/Coach,2,Drunk Driving,1,1,0,1,4,0,Medium
2022,3,Friday,14,Balochistan,Zhob,Provincial Highway,Poor,Clear,Daylight,Bus/Coach,2,Mechanical Failure,0,0,0,0,2,0,Medium
2020,1,Friday,19,Balochistan,Quetta,National Highway,Good,Clear,Dawn/Dusk,Car/Taxi,4,Signal Violation,1,0,0,1,2,1,Medium
2020,7,Wednesday,12,KPK,Dera Ismail Khan,Motorway,Good,Clear,Daylight,Car/Taxi,1,Mechanical Failure,1,0,0,0,3,0,Medium
2018,3,Tuesday,20,Punjab,Multan,Motorway,Average,Clear,No Light,Car/Taxi,2,Wrong Overtaking,1,0,0,0,2,0,Medium
2023,12,Saturday,10,Punjab,Sialkot,National Highway,Poor,Foggy,Dawn/Dusk,Motorcycle,2,Over Speeding,0,1,0,1,9,2,High
2022,11,Monday,7,Balochistan,Sibi,National Highway,Under Repair,Clear,Dawn/Dusk,Truck/Lorry,2,Pedestrian Error,1,0,0,1,2,0,Low
2020,8,Tuesday,20,Balochistan,Gwadar,Provincial Highway,Under Repair,Dusty/Smoggy,No Light,Motorcycle,4,Road Condition,1,0,0,0,0,1,Low
2018,12,Saturday,5,Sindh,Dadu,National Highway,Poor,Clear,Street Light,Car/Taxi,1,Pedestrian Error,0,1,1,1,1,0,Low
2021,2,Saturday,22,Sindh,Larkana,National Highway,Good,Clear,Street Light,Rickshaw,1,Wrong Overtaking,0,1,1,1,6,2,High
2019,10,Sunday,9,Punjab,Sargodha,Provincial Highway,Good,Clear,Daylight,Bicycle,4,Mechanical Failure,1,1,0,0,1,0,Medium
2021,10,Tuesday,10,Islamabad,Islamabad,Motorway,Poor,Extreme Heat,Daylight,Rickshaw,3,Drunk Driving,0,0,0,0,6,2,High
2023,5,Tuesday,0,Punjab,Sargodha,Rural Road,Average,Foggy,Street Light,Car/Taxi,2,Signal Violation,0,0,1,0,4,0,Medium
2022,3,Sunday,5,Punjab,Bahawalpur,Rural Road,Good,Extreme Heat,Street Light,Motorcycle,1,Wrong Overtaking,0,1,1,0,3,2,Medium
2018,2,Wednesday,20,KPK,Nowshera,National Highway,Good,Rainy,Street Light,Truck/Lorry,1,Driver Fatigue,1,0,0,1,8,0,High
2023,10,Friday,15,Punjab,Sialkot,National Highway,Good,Clear,Daylight,Motorcycle,3,Pedestrian Error,0,0,0,0,1,1,Medium
2019,6,Tuesday,16,Islamabad,Islamabad,National Highway,Good,Clear,Daylight,Motorcycle,2,Mechanical Failure,0,0,0,0,9,1,High
2019,6,Tuesday,18,Punjab,Rawalpindi,Urban Road,Good,Dusty/Smoggy,Daylight,Motorcycle,2,Over Speeding,1,0,0,0,3,0,Medium
2019,4,Friday,8,Punjab,Rahim Yar Khan,Provincial Highway,Good,Clear,Daylight,Car/Taxi,1,Drunk Driving,1,0,0,0,3,1,Medium
2023,8,Wednesday,15,Sindh,Jacobabad,Rural Road,Good,Clear,Dawn/Dusk,Car/Taxi,3,Wrong Overtaking,0,0,0,0,2,0,Low
2021,5,Monday,1,Sindh,Nawabshah,Urban Road,Average,Foggy,No Light,Car/Taxi,2,Drunk Driving,0,0,1,0,1,2,Medium
2018,12,Wednesday,19,Punjab,Rahim Yar Khan,Motorway,Poor,Rainy,Dawn/Dusk,Rickshaw,2,Over Speeding,1,0,0,1,2,3,High
2020,6,Friday,20,Sindh,Thatta,Rural Road,Good,Clear,Street Light,Motorcycle,2,Wrong Overtaking,1,0,0,0,1,0,Medium
2020,6,Monday,8,Punjab,Multan,Urban Road,Under Repair,Dusty/Smoggy,Daylight,Car/Taxi,2,Signal Violation,1,0,0,0,2,0,Low
2018,4,Tuesday,14,Balochistan,Loralai,Rural Road,Under Repair,Dusty/Smoggy,Daylight,Motorcycle,1,Drunk Driving,0,0,0,0,5,0,Medium
2022,3,Monday,10,Punjab,Sargodha,National Highway,Average,Foggy,Street Light,Motorcycle,2,Signal Violation,0,0,0,0,6,1,High
2023,1,Thursday,10,AJK,Rawalakot,Rural Road,Poor,Clear,Dawn/Dusk,Motorcycle,2,Mechanical Failure,0,0,0,1,2,0,Low
2022,2,Thursday,7,Sindh,Thatta,Urban Road,Poor,Foggy,Dawn/Dusk,Motorcycle,1,Over Speeding,1,0,0,1,3,0,Medium
2022,3,Thursday,14,Punjab,Rahim Yar Khan,Provincial Highway,Poor,Dusty/Smoggy,Dawn/Dusk,Bus/Coach,2,Over Speeding,0,0,0,0,3,1,Medium
2019,1,Sunday,18,Punjab,Faisalabad,Rural Road,Average,Clear,Daylight,Car/Taxi,1,Mobile Phone Use,1,1,0,1,0,0,Low
2022,10,Tuesday,19,Sindh,Sukkur,Urban Road,Average,Clear,Dawn/Dusk,Motorcycle,2,Over Speeding,1,0,0,0,3,1,Medium
2020,5,Friday,20,Punjab,Lahore,National Highway,Average,Rainy,Street Light,Car/Taxi,2,Over Speeding,1,0,0,0,5,0,High
2021,12,Friday,9,Punjab,Faisalabad,Motorway,Under Repair,Foggy,Dawn/Dusk,Truck/Lorry,1,Signal Violation,1,0,0,1,2,0,Medium
2022,1,Wednesday,10,Punjab,Lahore,National Highway,Good,Dusty/Smoggy,Dawn/Dusk,Car/Taxi,2,Mechanical Failure,0,0,0,1,2,0,Low
2023,6,Wednesday,4,Sindh,Nawabshah,Provincial Highway,Good,Foggy,Street Light,Van/Pickup,1,Road Condition,0,0,1,0,2,0,Low
2019,7,Monday,10,Sindh,Mirpur Khas,Rural Road,Good,Dusty/Smoggy,Daylight,Truck/Lorry,4,Mechanical Failure,0,0,0,0,2,0,Low
2018,12,Wednesday,2,Punjab,Sialkot,National Highway,Good,Foggy,No Light,Motorcycle,2,Wrong Overtaking,0,0,1,1,5,1,High
2023,8,Tuesday,13,Sindh,Sukkur,National Highway,Poor,Clear,Dawn/Dusk,Van/Pickup,2,Wrong Overtaking,1,0,0,0,1,1,Low
2022,1,Friday,10,KPK,Nowshera,Urban Road,Poor,Clear,Daylight,Rickshaw,3,Over Speeding,0,0,0,1,2,1,Low
2021,8,Monday,7,Punjab,Multan,Provincial Highway,Average,Clear,Daylight,Bus/Coach,1,Drunk Driving,1,0,0,0,3,0,Medium
2021,12,Sunday,21,Balochistan,Quetta,Urban Road,Good,Clear,No Light,Rickshaw,1,Driver Fatigue,0,1,0,1,0,0,Low
2020,11,Thursday,13,Sindh,Sukkur,Provincial Highway,Under Repair,Extreme Heat,Street Light,Motorcycle,2,Pedestrian Error,1,0,0,1,3,0,Medium
2018,8,Friday,8,Islamabad,Islamabad,Motorway,Good,Rainy,No Light,Bicycle,2,Over Speeding,1,0,0,0,8,2,High
2021,8,Monday,9,Punjab,Gujranwala,National Highway,Average,Clear,Daylight,Motorcycle,1,Signal Violation,1,0,0,0,5,0,High
2022,8,Wednesday,10,Gilgit-Baltistan,Gilgit,Urban Road,Average,Clear,No Light,Motorcycle,4,Signal Violation,0,0,0,0,5,0,Medium
2023,2,Sunday,9,Sindh,Jacobabad,National Highway,Good,Clear,Street Light,Truck/Lorry,2,Road Condition,1,1,0,1,1,1,Medium
2022,5,Thursday,18,Sindh,Dadu,Provincial Highway,Average,Rainy,Daylight,Car/Taxi,3,Mechanical Failure,1,0,0,0,2,0,Low
2019,6,Sunday,12,Sindh,Mirpur Khas,National Highway,Good,Clear,Daylight,Motorcycle,1,Over Speeding,1,1,0,0,8,2,High
2019,11,Tuesday,12,Punjab,Lahore,Provincial Highway,Good,Clear,Daylight,Car/Taxi,3,Pedestrian Error,1,0,0,1,1,0,Low
2018,1,Friday,11,Islamabad,Islamabad,Urban Road,Average,Dusty/Smoggy,Dawn/Dusk,Van/Pickup,3,Road Condition,0,0,0,1,2,0,Low
2022,5,Friday,14,Sindh,Mirpur Khas,Urban Road,Under Repair,Extreme Heat,Daylight,Car/Taxi,1,Pedestrian Error,0,0,0,0,0,0,Low
2021,2,Tuesday,10,Punjab,Lahore,National Highway,Poor,Clear,Street Light,Motorcycle,2,Pedestrian Error,0,0,0,1,4,0,Medium
2022,5,Friday,14,Punjab,Sargodha,Rural Road,Under Repair,Clear,Daylight,Bicycle,2,Wrong Overtaking,0,0,0,0,4,0,Medium
2023,7,Saturday,15,Punjab,Sheikhupura,Provincial Highway,Poor,Clear,No Light,Motorcycle,2,Road Condition,0,1,0,0,2,1,Medium
2023,7,Monday,6,Sindh,Nawabshah,National Highway,Average,Dusty/Smoggy,Daylight,Car/Taxi,4,Pedestrian Error,0,0,0,0,1,0,Medium
2021,6,Thursday,17,Sindh,Larkana,Rural Road,Good,Foggy,Daylight,Motorcycle,2,Over Speeding,1,0,0,0,9,2,High
2022,5,Saturday,19,Sindh,Nawabshah,National Highway,Poor,Foggy,Dawn/Dusk,Motorcycle,1,Signal Violation,1,1,0,0,6,0,High
2019,7,Tuesday,9,Punjab,Lahore,Motorway,Average,Clear,Daylight,Motorcycle,3,Driver Fatigue,1,0,0,0,10,1,High
2019,12,Saturday,18,Sindh,Larkana,Provincial Highway,Average,Clear,Dawn/Dusk,Car/Taxi,4,Signal Violation,1,1,0,1,5,2,Medium
2021,8,Friday,19,Sindh,Nawabshah,Rural Road,Good,Clear,Dawn/Dusk,Motorcycle,1,Over Speeding,1,0,0,0,1,0,Medium
2022,2,Monday,20,Punjab,Faisalabad,National Highway,Average,Clear,No Light,Motorcycle,2,Mechanical Failure,1,0,0,1,10,0,High
2022,4,Saturday,9,Punjab,Rawalpindi,Urban Road,Average,Foggy,Daylight,Truck/Lorry,3,Drunk Driving,1,1,0,0,2,2,Medium
2022,12,Saturday,17,Punjab,Multan,National Highway,Average,Clear,Daylight,Truck/Lorry,1,Pedestrian Error,1,1,0,1,1,0,Low
2023,9,Sunday,11,Balochistan,Zhob,Provincial Highway,Good,Clear,Dawn/Dusk,Bus/Coach,2,Over Speeding,0,1,0,0,10,2,High
2023,8,Monday,13,KPK,Abbottabad,National Highway,Average,Clear,Daylight,Rickshaw,3,Signal Violation,1,0,0,0,2,0,Medium
2018,7,Friday,18,Gilgit-Baltistan,Gilgit,Provincial Highway,Good,Dusty/Smoggy,Daylight,Truck/Lorry,1,Driver Fatigue,1,0,0,0,11,2,High
2023,6,Thursday,19,Punjab,Sialkot,Urban Road,Poor,Rainy,Dawn/Dusk,Motorcycle,2,Signal Violation,1,0,0,0,10,2,High
2020,12,Sunday,6,Balochistan,Chaman,Rural Road,Average,Clear,Dawn/Dusk,Car/Taxi,2,Signal Violation,0,1,0,1,2,0,Low
2020,3,Wednesday,11,Sindh,Thatta,Urban Road,Average,Clear,Daylight,Motorcycle,1,Over Speeding,0,0,0,0,4,0,Medium
2023,2,Sunday,7,Sindh,Larkana,Urban Road,Good,Clear,Daylight,Motorcycle,1,Over Speeding,1,1,0,1,3,0,Medium
2019,1,Saturday,17,Punjab,Sialkot,National Highway,Under Repair,Dusty/Smoggy,Daylight,Motorcycle,3,Wrong Overtaking,1,1,0,1,7,1,High
2023,3,Tuesday,7,KPK,Peshawar,National Highway,Good,Dusty/Smoggy,Daylight,Motorcycle,1,Pedestrian Error,1,0,0,0,4,0,High
2021,9,Saturday,19,Balochistan,Zhob,Rural Road,Good,Clear,Dawn/Dusk,Motorcycle,2,Signal Violation,1,1,0,0,1,2,Medium
2022,3,Thursday,7,Punjab,Lahore,National Highway,Good,Clear,Daylight,Bus/Coach,1,Driver Fatigue,1,0,0,0,9,1,High
2022,6,Saturday,15,Punjab,Multan,Motorway,Poor,Rainy,Daylight,Rickshaw,3,Wrong Overtaking,0,1,0,0,3,0,Medium
2023,2,Saturday,8,KPK,Bannu,Rural Road,Good,Clear,Dawn/Dusk,Motorcycle,4,Wrong Overtaking,1,1,0,1,4,1,Medium
2019,11,Thursday,11,AJK,Mirpur,Rural Road,Average,Clear,Daylight,Car/Taxi,2,Signal Violation,0,0,0,1,0,0,Low
2018,6,Wednesday,7,KPK,Swat,Rural Road,Good,Dusty/Smoggy,Street Light,Motorcycle,1,Wrong Overtaking,1,0,0,0,2,0,Low
2019,7,Wednesday,15,Punjab,Rahim Yar Khan,Provincial Highway,Average,Clear,Daylight,Rickshaw,1,Wrong Overtaking,0,0,0,0,0,0,Low
2021,12,Friday,8,Punjab,Multan,Rural Road,Average,Dusty/Smoggy,Dawn/Dusk,Motorcycle,2,Road Condition,1,0,0,1,5,1,Medium
2018,5,Wednesday,23,Punjab,Multan,Provincial Highway,Good,Clear,Street Light,Rickshaw,1,Signal Violation,0,0,1,0,2,0,Medium
2019,8,Sunday,21,Balochistan,Dera Bugti,Provincial Highway,Good,Dusty/Smoggy,Street Light,Car/Taxi,2,Driver Fatigue,0,1,0,0,1,1,Medium
2020,2,Thursday,17,KPK,Nowshera,Rural Road,Good,Clear,Daylight,Motorcycle,2,Over Speeding,1,0,0,1,2,0,Medium
2022,12,Friday,12,Sindh,Dadu,Provincial Highway,Poor,Clear,Daylight,Car/Taxi,2,Over Speeding,1,0,0,1,2,0,Medium
2023,9,Wednesday,7,Punjab,Sialkot,Rural Road,Good,Clear,Daylight,Car/Taxi,1,Over Speeding,1,0,0,0,1,0,Low
2022,6,Friday,8,Islamabad,Islamabad,National Highway,Average,Clear,Daylight,Motorcycle,1,Mechanical Failure,1,0,0,0,5,2,High
2021,11,Friday,18,Sindh,Jacobabad,National Highway,Average,Extreme Heat,Daylight,Car/Taxi,2,Over Speeding,1,0,0,1,5,2,Medium
2020,9,Sunday,9,AJK,Rawalakot,Rural Road,Average,Clear,Daylight,Rickshaw,1,Over Speeding,1,1,0,0,1,0,Low
2019,10,Thursday,13,Sindh,Larkana,Urban Road,Average,Foggy,Daylight,Truck/Lorry,1,Mechanical Failure,1,0,0,0,0,0,Low
2020,12,Thursday,17,KPK,Kohat,Provincial Highway,Poor,Clear,Daylight,Rickshaw,2,Signal Violation,1,0,0,1,0,0,Low
2021,3,Tuesday,9,KPK,Bannu,Urban Road,Average,Clear,Daylight,Motorcycle,2,Signal Violation,1,0,0,0,4,0,Medium
2021,9,Friday,17,Punjab,Bahawalpur,Provincial Highway,Poor,Clear,No Light,Rickshaw,4,Signal Violation,1,0,0,0,0,0,Low
2020,7,Saturday,8,Islamabad,Islamabad,National Highway,Poor,Foggy,Daylight,Motorcycle,3,Road Condition,1,1,0,0,7,1,High
2021,2,Sunday,3,Punjab,Rahim Yar Khan,Rural Road,Good,Clear,No Light,Motorcycle,2,Over Speeding,0,1,1,1,3,1,High
2020,1,Friday,6,KPK,Mardan,Urban Road,Average,Clear,No Light,Rickshaw,4,Wrong Overtaking,0,0,0,1,0,0,Low
2022,9,Saturday,22,Islamabad,Islamabad,Urban Road,Average,Clear,Street Light,Motorcycle,1,Wrong Overtaking,0,1,1,0,5,0,Medium
2019,12,Saturday,17,Punjab,Bahawalpur,Rural Road,Poor,Rainy,No Light,Motorcycle,1,Over Speeding,1,1,0,1,5,0,Medium
2020,8,Monday,7,Sindh,Sukkur,Urban Road,Poor,Rainy,Daylight,Motorcycle,4,Over Speeding,1,0,0,0,8,2,High
2023,12,Sunday,13,Sindh,Hyderabad,Provincial Highway,Average,Clear,Dawn/Dusk,Truck/Lorry,2,Pedestrian Error,1,1,0,1,2,0,Low
2023,4,Saturday,8,KPK,Mardan,National Highway,Average,Clear,Street Light,Car/Taxi,2,Mechanical Failure,1,1,0,0,1,0,Medium
2021,9,Saturday,21,Balochistan,Gwadar,National Highway,Average,Rainy,Street Light,Car/Taxi,2,Mechanical Failure,0,1,0,0,3,0,Medium
2021,2,Tuesday,19,Sindh,Karachi,National Highway,Good,Extreme Heat,Dawn/Dusk,Motorcycle,2,Signal Violation,1,0,0,1,9,0,High
2018,6,Wednesday,12,KPK,Kohat,Provincial Highway,Average,Clear,Daylight,Bus/Coach,1,Wrong Overtaking,1,0,0,0,2,0,Low
2020,10,Tuesday,13,Punjab,Sargodha,National Highway,Poor,Rainy,Street Light,Car/Taxi,3,Over Speeding,1,0,0,0,3,2,High
2023,1,Saturday,9,Punjab,Faisalabad,National Highway,Average,Foggy,Daylight,Motorcycle,2,Over Speeding,1,1,0,1,11,2,High
2022,1,Saturday,7,Sindh,Mirpur Khas,Rural Road,Poor,Foggy,No Light,Motorcycle,2,Over Speeding,1,1,0,1,8,0,High
2018,1,Tuesday,18,KPK,Swat,Urban Road,Average,Foggy,Daylight,Motorcycle,2,Wrong Overtaking,1,0,0,1,4,2,High