year,month,day_of_week,hour_of_day,province,district,road_type,road_condition,weather_condition,lighting_condition,vehicle_type,vehicles_involved,accident_cause,is_rush_hour,is_weekend,is_night,is_foggy_month,num_injured,num_killed,severity
2023,7,Saturday,22,Punjab,Sialkot,Motorway,Good,Clear,Street Light,Bus/Coach,2,Signal Violation,0,1,1,0,2,2,Medium
2022,3,Thursday,8,KPK,Peshawar,Rural Road,Average,Foggy,Daylight,Rickshaw,3,Signal Violation,1,0,0,0,4,2,Medium
2023,12,Friday,21,Punjab,Lahore,Provincial Highway,Good,Extreme Heat,Street Light,Bus/Coach,1,Over Speeding,0,0,0,1,1,1,Medium
2022,6,Tuesday,21,KPK,Mardan,Urban Road,Poor,Extreme Heat,Street Light,Motorcycle,1,Mobile Phone Use,0,0,0,0,1,0,Low
2021,9,Friday,8,Punjab,Multan,Rural Road,Average,Clear,Daylight,Bicycle,2,Over Speeding,1,0,0,0,2,1,Medium
2023,5,Wednesday,13,KPK,Peshawar,Rural Road,Good,Clear,Daylight,Rickshaw,4,Drunk Driving,1,0,0,0,2,0,Medium
2020,1,Thursday,20,Sindh,Mirpur Khas,Urban Road,Average,Clear,Street Light,Rickshaw,2,Mobile Phone Use,1,0,0,1,1,0,Low
2023,1,Friday,3,Islamabad,Islamabad,Urban Road,Average,Clear,Street Light,Motorcycle,3,Driver Fatigue,0,0,1,1,11,1,High
2020,4,Friday,3,KPK,Mansehra,Provincial Highway,Average,Rainy,Street Light,Motorcycle,1,Over Speeding,0,0,1,0,3,1,High
2023,6,Tuesday,8,KPK,Dera Ismail Khan,National Highway,Good,Foggy,Daylight,Car/Taxi,4,Signal Violation,1,0,0,0,5,0,Medium
2021,12,Thursday,21,Balochistan,Gwadar,National Highway,Poor,Foggy,Street Light,Motorcycle,4,Over Speeding,0,0,0,1,11,4,High
2023,11,Tuesday,16,KPK,Nowshera,National Highway,Good,Rainy,Daylight,Rickshaw,2,Mobile Phone Use,0,0,0,1,2,0,Medium
2020,5,Monday,7,Punjab,Gujranwala,Urban Road,Good,Clear,Daylight,Rickshaw,2,Road Condition,1,0,0,0,0,0,Low
2022,5,Friday,21,Balochistan,Sibi,Rural Road,Average,Rainy,No Light,Motorcycle,3,Over Speeding,0,0,0,0,4,1,High
2021,11,Thursday,21,KPK,Bannu,Provincial Highway,Good,Clear,No Light,Motorcycle,3,Driver Fatigue,0,0,0,1,5,1,High
2022,1,Monday,18,Sindh,Larkana,Rural Road,Poor,Rainy,Daylight,Van/Pickup,1,Wrong Overtaking,1,0,0,1,0,1,Low
2018,12,Monday,16,KPK,Dera Ismail Khan,National Highway,Poor,Rainy,Daylight,Van/Pickup,1,Driver Fatigue,0,0,0,1,9,0,High
2020,6,Tuesday,10,Balochistan,Zhob,Urban Road,Good,Foggy,Daylight,Other,3,Mechanical Failure,0,0,0,0,0,0,Low
2021,12,Wednesday,12,AJK,Mirpur,National Highway,Poor,Clear,Daylight,Truck/Lorry,1,Pedestrian Error,1,0,0,1,1,0,Medium
2023,6,Sunday,12,Islamabad,Islamabad,Rural Road,Good,Clear,Daylight,Motorcycle,2,Signal Violation,1,1,0,0,5,0,Medium
2021,7,Sunday,8,Punjab,Faisalabad,Provincial Highway,Good,Clear,Daylight,Rickshaw,3,Wrong Overtaking,1,1,0,0,1,0,Low
2022,3,Sunday,21,Sindh,Sukkur,Provincial Highway,Good,Clear,Street Light,Motorcycle,3,Over Speeding,0,1,0,0,4,0,Medium
2019,10,Friday,18,Punjab,Rahim Yar Khan,Rural Road,Average,Foggy,Dawn/Dusk,Car/Taxi,1,Driver Fatigue,1,0,0,0,0,0,Low
2019,4,Friday,1,Punjab,Faisalabad,Provincial Highway,Good,Clear,No Light,Car/Taxi,2,Over Speeding,0,0,1,0,1,0,Medium
2023,1,Friday,7,Balochistan,Sibi,Rural Road,Poor,Clear,Daylight,Car/Taxi,2,Road Condition,1,0,0,1,2,0,Low
2021,7,Wednesday,15,Punjab,Multan,Urban Road,Good,Clear,Daylight,Motorcycle,2,Pedestrian Error,0,0,0,0,2,0,Low
2022,9,Tuesday,16,Sindh,Mirpur Khas,National Highway,Good,Foggy,Daylight,Motorcycle,2,Pedestrian Error,0,0,0,0,6,0,High
2020,9,Tuesday,11,KPK,Mardan,National Highway,Average,Rainy,Dawn/Dusk,Motorcycle,1,Drunk Driving,0,0,0,0,8,2,High
2021,8,Thursday,21,KPK,Charsadda,Rural Road,Average,Clear,No Light,Motorcycle,1,Over Speeding,0,0,0,0,1,2,Medium
2020,6,Saturday,15,Punjab,Bahawalpur,Provincial Highway,Average,Foggy,Dawn/Dusk,Rickshaw,1,Mechanical Failure,0,1,0,0,1,1,Low
2019,8,Sunday,20,Punjab,Sargodha,National Highway,Good,Clear,No Light,Motorcycle,1,Pedestrian Error,1,1,0,0,3,1,Medium
2021,7,Friday,11,Sindh,Jacobabad,Rural Road,Poor,Rainy,Daylight,Motorcycle,1,Mechanical Failure,0,0,0,0,1,0,Medium
2021,7,Sunday,9,Punjab,Sargodha,Provincial Highway,Average,Foggy,Daylight,Motorcycle,3,Road Condition,1,1,0,0,5,1,Medium
2022,11,Monday,21,AJK,Mirpur,Urban Road,Poor,Clear,No Light,Motorcycle,2,Over Speeding,0,0,0,1,5,2,Medium
2022,3,Sunday,18,KPK,Charsadda,Motorway,Good,Dusty/Smoggy,Dawn/Dusk,Truck/Lorry,2,Driver Fatigue,1,1,0,0,2,1,High
2023,5,Tuesday,13,Sindh,Thatta,National Highway,Good,Clear,No Light,Truck/Lorry,1,Wrong Overtaking,1,0,0,0,2,0,Medium
2023,9,Thursday,8,Balochistan,Gwadar,Urban Road,Good,Clear,Daylight,Car/Taxi,2,Signal Violation,1,0,0,0,0,0,Low
2023,7,Saturday,11,Punjab,Lahore,National Highway,Average,Foggy,Daylight,Rickshaw,2,Mechanical Failure,0,1,0,0,4,0,Medium
2022,6,Monday,23,KPK,Mardan,National Highway,Good,Dusty/Smoggy,Street Light,Bus/Coach,2,Over Speeding,0,0,1,0,7,1,High
2018,1,Sunday,19,Punjab,Multan,Provincial Highway,Average,Clear,Street Light,Car/Taxi,2,Wrong Overtaking,1,1,0,1,0,0,Low
2023,8,Thursday,10,KPK,Bannu,National Highway,Good,Clear,Dawn/Dusk,Bus/Coach,2,Over Speeding,0,0,0,0,4,0,Medium
2021,5,Monday,22,Sindh,Sukkur,Provincial Highway,Under Repair,Clear,No Light,Motorcycle,1,Wrong Overtaking,0,0,1,0,6,4,High
2023,11,Thursday,9,Punjab,Gujranwala,National Highway,Good,Clear,Daylight,Car/Taxi,3,Driver Fatigue,1,0,0,1,3,0,Medium
2023,6,Monday,7,Punjab,Lahore,Urban Road,Average,Foggy,Daylight,Car/Taxi,3,Wrong Overtaking,1,0,0,0,0,0,Low
2022,8,Friday,18,Punjab,Gujranwala,Urban Road,Good,Rainy,Daylight,Motorcycle,2,Road Condition,1,0,0,0,4,0,Medium
2018,8,Tuesday,21,KPK,Peshawar,National Highway,Average,Clear,Street Light,Bus/Coach,1,Road Condition,0,0,0,0,1,0,Medium
2019,10,Saturday,3,Punjab,Sialkot,National Highway,Good,Extreme Heat,Street Light,Motorcycle,2,Road Condition,0,1,1,0,5,1,High
2019,4,Wednesday,19,Sindh,Karachi,National Highway,Average,Clear,Dawn/Dusk,Motorcycle,3,Over Speeding,1,0,0,0,8,1,High
2020,5,Monday,7,KPK,Mardan,Urban Road,Good,Clear,Daylight,Car/Taxi,2,Mobile Phone Use,1,0,0,0,0,0,Low
2020,10,Thursday,11,Sindh,Dadu,Motorway,Poor,Clear,Dawn/Dusk,Car/Taxi,3,Over Speeding,0,0,0,0,5,0,Medium
2020,7,Thursday,12,KPK,Abbottabad,Urban Road,Average,Clear,Street Light,Bus/Coach,4,Over Speeding,1,0,0,0,2,0,Medium
2021,10,Monday,20,Punjab,Sheikhupura,National Highway,Good,Foggy,No Light,Motorcycle,1,Over Speeding,1,0,0,0,3,1,High
2022,6,Saturday,14,Sindh,Larkana,Rural Road,Poor,Clear,Dawn/Dusk,Rickshaw,2,Mechanical Failure,0,1,0,0,1,0,Low
2020,10,Sunday,19,Islamabad,Islamabad,Rural Road,Under Repair,Clear,Dawn/Dusk,Car/Taxi,2,Wrong Overtaking,1,1,0,0,2,0,Low
2023,11,Wednesday,9,Sindh,Mirpur Khas,Provincial Highway,Average,Rainy,Dawn/Dusk,Motorcycle,1,Over Speeding,1,0,0,1,8,4,High
2020,4,Monday,11,Sindh,Jacobabad,Rural Road,Poor,Clear,Daylight,Other,1,Wrong Overtaking,0,0,0,0,0,0,Low
2020,8,Tuesday,16,KPK,Swat,National Highway,Average,Clear,Daylight,Truck/Lorry,2,Road Condition,0,0,0,0,3,0,Medium
2018,2,Saturday,2,Punjab,Rahim Yar Khan,National Highway,Average,Rainy,Street Light,Motorcycle,2,Over Speeding,0,1,1,1,8,3,High
2019,4,Wednesday,19,KPK,Dera Ismail Khan,National Highway,Good,Rainy,Dawn/Dusk,Rickshaw,2,Pedestrian Error,1,0,0,0,1,0,Low
2022,11,Friday,22,Balochistan,Zhob,National Highway,Good,Foggy,No Light,Car/Taxi,3,Over Speeding,0,0,1,1,2,0,High
2019,2,Sunday,16,Punjab,Sheikhupura,National Highway,Good,Rainy,Daylight,Car/Taxi,2,Road Condition,0,1,0,1,1,0,Low
2020,4,Friday,8,Balochistan,Chaman,Provincial Highway,Poor,Clear,Daylight,Bicycle,3,Wrong Overtaking,1,0,0,0,2,1,Medium
2021,2,Monday,20,Punjab,Lahore,Urban Road,Good,Clear,No Light,Car/Taxi,2,Driver Fatigue,1,0,0,1,2,1,Medium
2023,6,Friday,12,Sindh,Nawabshah,National Highway,Good,Clear,Daylight,Motorcycle,2,Mechanical Failure,1,0,0,0,7,1,High
2018,11,Monday,22,Balochistan,Sibi,National Highway,Average,Rainy,Street Light,Motorcycle,3,Pedestrian Error,0,0,1,1,9,0,High
2020,9,Friday,19,KPK,Abbottabad,National Highway,Good,Dusty/Smoggy,Dawn/Dusk,Truck/Lorry,2,Signal Violation,1,0,0,0,2,0,Medium
2019,12,Saturday,16,Balochistan,Khuzdar,Provincial Highway,Good,Foggy,Daylight,Motorcycle,1,Drunk Driving,0,1,0,1,5,2,High
2022,6,Saturday,13,Islamabad,Islamabad,Urban Road,Good,Clear,Daylight,Motorcycle,3,Pedestrian Error,1,1,0,0,0,0,Low
2020,3,Monday,12,Sindh,Kashmore,Provincial Highway,Poor,Dusty/Smoggy,Daylight,Motorcycle,1,Pedestrian Error,1,0,0,0,0,1,Low
2022,10,Monday,14,Sindh,Mirpur Khas,Urban Road,Good,Clear,Daylight,Bus/Coach,1,Road Condition,0,0,0,0,2,0,Low
2020,1,Monday,19,Punjab,Sheikhupura,Urban Road,Poor,Dusty/Smoggy,Dawn/Dusk,Motorcycle,2,Wrong Overtaking,1,0,0,1,2,1,Medium
2023,2,Monday,18,Punjab,Rawalpindi,Provincial Highway,Good,Clear,Dawn/Dusk,Motorcycle,3,Pedestrian Error,1,0,0,1,5,2,Medium
2019,1,Thursday,18,Sindh,Mirpur Khas,Provincial Highway,Average,Clear,Dawn/Dusk,Motorcycle,2,Signal Violation,1,0,0,1,4,0,Medium
2020,8,Sunday,19,KPK,Kohat,Rural Road,Good,Foggy,No Light,Motorcycle,1,Driver Fatigue,1,1,0,0,10,2,High
2020,5,Monday,16,Sindh,Thatta,National Highway,Under Repair,Clear,Daylight,Rickshaw,2,Wrong Overtaking,0,0,0,0,1,0,Low
2021,4,Thursday,0,KPK,Mardan,Urban Road,Good,Clear,No Light,Car/Taxi,2,Drunk Driving,0,0,1,0,3,0,Medium
2019,1,Thursday,17,KPK,Charsadda,Urban Road,Average,Rainy,Daylight,Car/Taxi,2,Wrong Overtaking,1,0,0,1,0,0,Low
2020,10,Saturday,12,Punjab,Lahore,Rural Road,Average,Clear,Daylight,Van/Pickup,2,Driver Fatigue,1,1,0,0,0,0,Low
2022,10,Wednesday,19,Sindh,Mirpur Khas,Urban Road,Good,Foggy,Dawn/Dusk,Van/Pickup,2,Road Condition,1,0,0,0,2,0,Low
2018,1,Friday,15,Sindh,Sukkur,National Highway,Poor,Rainy,Daylight,Motorcycle,4,Wrong Overtaking,0,0,0,1,7,2,High
2023,8,Sunday,16,Sindh,Mirpur Khas,Urban Road,Poor,Clear,Dawn/Dusk,Motorcycle,1,Pedestrian Error,0,1,0,0,3,0,Medium
2019,5,Sunday,16,KPK,Bannu,National Highway,Average,Foggy,Street Light,Car/Taxi,4,Road Condition,0,1,0,0,0,0,Low
2020,3,Monday,2,Sindh,Karachi,Provincial Highway,Good,Clear,No Light,Car/Taxi,1,Pedestrian Error,0,0,1,0,2,0,Medium
2021,4,Wednesday,8,Balochistan,Zhob,Urban Road,Average,Clear,Daylight,Rickshaw,2,Wrong Overtaking,1,0,0,0,2,0,Low
2022,8,Monday,6,KPK,Dera Ismail Khan,Urban Road,Average,Clear,No Light,Motorcycle,1,Road Condition,0,0,0,0,1,0,Low
2019,6,Wednesday,5,Sindh,Nawabshah,National Highway,Under Repair,Clear,Dawn/Dusk,Motorcycle,3,Pedestrian Error,0,0,1,0,1,0,Medium
2023,2,Thursday,16,KPK,Nowshera,Rural Road,Average,Foggy,Daylight,Motorcycle,2,Driver Fatigue,0,0,0,1,4,1,Medium
2019,12,Tuesday,12,Punjab,Rahim Yar Khan,Rural Road,Good,Foggy,Daylight,Other,2,Over Speeding,1,0,0,1,3,2,Medium
2021,12,Sunday,8,Punjab,Rahim Yar Khan,Urban Road,Poor,Clear,Daylight,Motorcycle,1,Over Speeding,1,1,0,1,2,0,Medium
2021,10,Saturday,17,Punjab,Gujranwala,Urban Road,Good,Dusty/Smoggy,Daylight,Car/Taxi,2,Mechanical Failure,1,1,0,0,2,0,Low
2019,5,Thursday,0,Sindh,Jacobabad,Urban Road,Good,Clear,Street Light,Rickshaw,1,Wrong Overtaking,0,0,1,0,0,0,Low
2020,8,Sunday,14,Punjab,Faisalabad,Urban Road,Average,Foggy,Daylight,Other,3,Road Condition,0,1,0,0,0,0,Low
2022,5,Tuesday,19,AJK,Mirpur,Rural Road,Poor,Rainy,Dawn/Dusk,Rickshaw,2,Pedestrian Error,1,0,0,0,2,0,Low
2019,5,Monday,5,Sindh,Kashmore,National Highway,Good,Rainy,Dawn/Dusk,Car/Taxi,2,Signal Violation,0,0,1,0,4,0,Medium
2021,2,Sunday,16,KPK,Charsadda,National Highway,Poor,Foggy,No Light,Motorcycle,2,Mechanical Failure,0,1,0,1,11,0,High
2020,12,Sunday,22,Punjab,Sialkot,National Highway,Good,Clear,Street Light,Car/Taxi,1,Over Speeding,0,1,1,1,1,2,Medium
2023,5,Thursday,13,Punjab,Gujranwala,National Highway,Average,Clear,Daylight,Bus/Coach,1,Mechanical Failure,1,0,0,0,1,0,Medium
2019,12,Friday,18,Punjab,Rawalpindi,Provincial Highway,Good,Foggy,Daylight,Bus/Coach,2,Signal Violation,1,0,0,1,3,0,Medium
2018,9,Sunday,12,KPK,Swat,Provincial Highway,Average,Clear,Daylight,Van/Pickup,2,Wrong Overtaking,1,1,0,0,0,0,Low
2022,6,Saturday,5,Sindh,Thatta,National Highway,Good,Foggy,Daylight,Car/Taxi,1,Mobile Phone Use,0,1,1,0,1,1,Medium
2018,7,Saturday,22,Sindh,Kashmore,National Highway,Poor,Rainy,No Light,Van/Pickup,1,Wrong Overtaking,0,1,1,0,5,0,High
2022,7,Thursday,19,Sindh,Jacobabad,National Highway,Good,Dusty/Smoggy,Street Light,Other,1,Driver Fatigue,1,0,0,0,3,3,High
2023,12,Tuesday,21,KPK,Bannu,Rural Road,Poor,Clear,No Light,Car/Taxi,2,Mechanical Failure,0,0,0,1,2,0,Low
2019,8,Tuesday,14,Punjab,Rawalpindi,Urban Road,Poor,Clear,Daylight,Rickshaw,1,Wrong Overtaking,0,0,0,0,0,0,Low
2019,2,Wednesday,13,KPK,Mansehra,Urban Road,Under Repair,Clear,Street Light,Motorcycle,2,Wrong Overtaking,1,0,0,1,4,0,Medium
2019,12,Saturday,9,Sindh,Jacobabad,Provincial Highway,Good,Rainy,Daylight,Bicycle,1,Mobile Phone Use,1,1,0,1,3,0,Medium
2020,8,Friday,18,KPK,Mardan,National Highway,Under Repair,Clear,Street Light,Motorcycle,1,Driver Fatigue,1,0,0,0,5,4,High
2023,5,Saturday,11,Punjab,Multan,Motorway,Good,Foggy,Daylight,Rickshaw,1,Over Speeding,0,1,0,0,5,0,High
2022,11,Friday,2,Punjab,Lahore,Rural Road,Poor,Clear,No Light,Car/Taxi,1,Drunk Driving,0,0,1,1,1,0,Low
2022,5,Tuesday,12,Punjab,Multan,Rural Road,Good,Clear,Daylight,Motorcycle,1,Over Speeding,1,0,0,0,8,2,High
2023,11,Sunday,12,AJK,Rawalakot,National Highway,Poor,Dusty/Smoggy,Daylight,Motorcycle,2,Signal Violation,1,1,0,1,11,2,High
2019,6,Friday,3,Sindh,Hyderabad,Urban Road,Average,Dusty/Smoggy,No Light,Van/Pickup,1,Mechanical Failure,0,0,1,0,1,0,Low
2021,7,Tuesday,23,Gilgit-Baltistan,Hunza,Provincial Highway,Average,Dusty/Smoggy,No Light,Motorcycle,2,Over Speeding,0,0,1,0,3,0,High
2018,8,Sunday,8,Sindh,Karachi,National Highway,Poor,Clear,Daylight,Motorcycle,3,Driver Fatigue,1,1,0,0,2,0,High
2022,1,Sunday,22,Punjab,Sialkot,Rural Road,Poor,Clear,Street Light,Motorcycle,3,Mechanical Failure,0,1,1,1,2,1,Low
2019,6,Friday,10,Sindh,Sukkur,National Highway,Average,Dusty/Smoggy,Street Light,Car/Taxi,1,Mechanical Failure,0,0,0,0,2,0,Low
2020,1,Friday,8,Punjab,Bahawalpur,National Highway,Good,Clear,Daylight,Rickshaw,2,Over Speeding,1,0,0,1,3,2,Medium
2021,7,Tuesday,17,Balochistan,Chaman,National Highway,Good,Clear,Daylight,Motorcycle,1,Wrong Overtaking,1,0,0,0,4,1,Medium
2020,6,Wednesday,20,KPK,Nowshera,Urban Road,Good,Dusty/Smoggy,Street Light,Motorcycle,1,Mobile Phone Use,1,0,0,0,1,0,Low
2022,3,Saturday,17,KPK,Nowshera,Provincial Highway,Average,Clear,Daylight,Car/Taxi,2,Weather Condition,1,1,0,0,0,0,Low
2023,4,Monday,10,Sindh,Karachi,Rural Road,Good,Extreme Heat,No Light,Motorcycle,2,Wrong Overtaking,0,0,0,0,2,0,Low
2021,5,Sunday,19,Sindh,Dadu,Rural Road,Good,Rainy,Dawn/Dusk,Bus/Coach,3,Wrong Overtaking,1,1,0,0,0,0,Low
2021,7,Thursday,16,Gilgit-Baltistan,Hunza,Provincial Highway,Good,Foggy,Daylight,Truck/Lorry,1,Over Speeding,0,0,0,0,9,1,High
2018,2,Monday,14,Punjab,Bahawalpur,Provincial Highway,Under Repair,Clear,Daylight,Motorcycle,4,Wrong Overtaking,0,0,0,1,5,1,Medium
2023,3,Friday,8,KPK,Mardan,Provincial Highway,Good,Clear,No Light,Car/Taxi,1,Wrong Overtaking,1,0,0,0,1,1,Low
2019,1,Friday,19,Sindh,Karachi,National Highway,Good,Foggy,Dawn/Dusk,Motorcycle,1,Over Speeding,1,0,0,1,5,2,High
2018,7,Monday,8,AJK,Rawalakot,Urban Road,Good,Clear,Daylight,Motorcycle,1,Over Speeding,1,0,0,0,4,2,Medium
2018,2,Tuesday,21,KPK,Peshawar,Rural Road,Good,Foggy,No Light,Bus/Coach,1,Pedestrian Error,0,0,0,1,0,0,Low
2021,10,Sunday,14,Gilgit-Baltistan,Hunza,National Highway,Poor,Clear,Daylight,Van/Pickup,3,Mechanical Failure,0,1,0,0,1,0,Low
2020,12,Saturday,9,Sindh,Thatta,National Highway,Good,Clear,Daylight,Truck/Lorry,2,Pedestrian Error,1,1,0,1,5,0,Medium
2021,2,Sunday,18,Punjab,Sheikhupura,National Highway,Good,Foggy,No Light,Motorcycle,1,Mechanical Failure,1,1,0,1,2,1,High
2022,5,Friday,13,Sindh,Sukkur,Urban Road,Good,Foggy,No Light,Motorcycle,1,Over Speeding,1,0,0,0,11,3,High
2021,10,Saturday,22,KPK,Nowshera,Provincial Highway,Average,Clear,Street Light,Motorcycle,2,Over Speeding,0,1,1,0,9,1,High
2019,3,Wednesday,20,KPK,Mardan,Urban Road,Poor,Clear,No Light,Motorcycle,2,Weather Condition,1,0,0,0,3,0,Medium
2023,9,Sunday,9,Punjab,Bahawalpur,National Highway,Good,Clear,Daylight,Car/Taxi,2,Signal Violation,1,1,0,0,3,1,Medium
2023,5,Saturday,13,Sindh,Sukkur,National Highway,Under Repair,Clear,Daylight,Car/Taxi,2,Pedestrian Error,1,1,0,0,1,0,Low
2022,5,Friday,8,Punjab,Rahim Yar Khan,Urban Road,Good,Clear,Daylight,Motorcycle,2,Drunk Driving,1,0,0,0,5,1,Medium
2019,10,Wednesday,20,Balochistan,Dera Bugti,National Highway,Poor,Clear,No Light,Car/Taxi,1,Pedestrian Error,1,0,0,0,0,0,Low
2023,12,Monday,14,Punjab,Gujranwala,Urban Road,Average,Clear,Street Light,Motorcycle,4,Over Speeding,0,0,0,1,2,2,Medium
2023,7,Tuesday,11,KPK,Nowshera,Provincial Highway,Poor,Clear,Daylight,Motorcycle,2,Wrong Overtaking,0,0,0,0,11,0,High
2022,7,Saturday,10,Punjab,Sheikhupura,Rural Road,Poor,Clear,Dawn/Dusk,Motorcycle,2,Signal Violation,0,1,0,0,2,0,Medium
2021,4,Wednesday,9,Punjab,Lahore,National Highway,Average,Clear,Daylight,Rickshaw,1,Road Condition,1,0,0,0,0,1,Low
2020,12,Sunday,21,Islamabad,Islamabad,Provincial Highway,Average,Clear,Street Light,Motorcycle,2,Pedestrian Error,0,1,0,1,3,0,Medium
2020,8,Sunday,17,Punjab,Gujranwala,Rural Road,Under Repair,Rainy,Daylight,Car/Taxi,2,Wrong Overtaking,1,1,0,0,2,0,Low
2021,9,Tuesday,20,Punjab,Lahore,Urban Road,Average,Clear,Street Light,Car/Taxi,2,Wrong Overtaking,1,0,0,0,1,0,Low
2022,3,Wednesday,9,Punjab,Faisalabad,Rural Road,Average,Dusty/Smoggy,Daylight,Car/Taxi,2,Wrong Overtaking,1,0,0,0,1,0,Low
2021,4,Friday,12,Sindh,Kashmore,Motorway,Poor,Clear,Dawn/Dusk,Van/Pickup,1,Mechanical Failure,1,0,0,0,0,0,Low
2018,5,Tuesday,17,Sindh,Larkana,Urban Road,Under Repair,Clear,Daylight,Motorcycle,2,Road Condition,1,0,0,0,0,0,Low
2021,11,Tuesday,13,Punjab,Rahim Yar Khan,Provincial Highway,Good,Clear,Daylight,Car/Taxi,4,Mechanical Failure,1,0,0,1,2,0,Low
2022,7,Monday,9,KPK,Abbottabad,National Highway,Good,Clear,No Light,Car/Taxi,2,Driver Fatigue,1,0,0,0,4,0,Medium
2023,12,Wednesday,11,Punjab,Rahim Yar Khan,Urban Road,Good,Rainy,Daylight,Car/Taxi,1,Signal Violation,0,0,0,1,1,0,Low
2020,10,Saturday,10,Balochistan,Hub,Rural Road,Average,Clear,Daylight,Rickshaw,2,Over Speeding,0,1,0,0,2,0,Low
2021,11,Tuesday,12,KPK,Mansehra,Provincial Highway,Average,Clear,Daylight,Motorcycle,2,Pedestrian Error,1,0,0,1,2,0,Medium
2019,9,Sunday,15,AJK,Muzaffarabad,National Highway,Good,Clear,Daylight,Bus/Coach,1,Driver Fatigue,0,1,0,0,3,0,High
2021,7,Thursday,17,Islamabad,Islamabad,Rural Road,Good,Rainy,Daylight,Car/Taxi,3,Over Speeding,1,0,0,0,0,0,Low
2021,4,Friday,8,Punjab,Sheikhupura,Rural Road,Under Repair,Foggy,Daylight,Car/Taxi,1,Road Condition,1,0,0,0,2,0,Low
2020,10,Tuesday,20,Punjab,Rahim Yar Khan,Provincial Highway,Average,Clear,Street Light,Car/Taxi,3,Wrong Overtaking,1,0,0,0,1,0,Low
2021,6,Tuesday,12,KPK,Mardan,Urban Road,Poor,Extreme Heat,Daylight,Van/Pickup,3,Over Speeding,1,0,0,0,0,0,Low
2021,8,Saturday,12,Punjab,Bahawalpur,Urban Road,Good,Clear,Street Light,Motorcycle,1,Mechanical Failure,1,1,0,0,2,0,Low
2020,2,Friday,18,Punjab,Sheikhupura,National Highway,Average,Rainy,Daylight,Van/Pickup,2,Over Speeding,1,0,0,1,7,1,High
2022,10,Saturday,17,Punjab,Lahore,Rural Road,Good,Foggy,Daylight,Rickshaw,2,Pedestrian Error,1,1,0,0,2,0,Low
2018,1,Friday,7,Sindh,Hyderabad,Urban Road,Poor,Foggy,Daylight,Bus/Coach,2,Wrong Overtaking,1,0,0,1,1,0,Medium
2023,11,Thursday,7,Sindh,Sukkur,Provincial Highway,Poor,Dusty/Smoggy,Daylight,Car/Taxi,2,Road Condition,1,0,0,1,0,1,Low
2021,11,Sunday,21,Punjab,Sheikhupura,Rural Road,Poor,Dusty/Smoggy,No Light,Motorcycle,1,Wrong Overtaking,0,1,0,1,0,0,Low
2021,5,Sunday,16,Punjab,Rawalpindi,Rural Road,Good,Clear,Daylight,Rickshaw,1,Wrong Overtaking,0,1,0,0,0,0,Low
2019,8,Saturday,20,KPK,Mansehra,Provincial Highway,Average,Foggy,No Light,Car/Taxi,2,Wrong Overtaking,1,1,0,0,1,2,Medium
2022,3,Friday,14,Punjab,Sheikhupura,Rural Road,Under Repair,Clear,Daylight,Rickshaw,3,Pedestrian Error,0,0,0,0,0,0,Low
2020,3,Friday,9,AJK,Rawalakot,Rural Road,Average,Clear,Dawn/Dusk,Motorcycle,1,Over Speeding,1,0,0,0,4,0,Medium
2022,2,Friday,17,Punjab,Sargodha,Urban Road,Poor,Clear,Daylight,Motorcycle,2,Road Condition,1,0,0,1,2,2,Medium
2019,7,Saturday,6,KPK,Dera Ismail Khan,Rural Road,Average,Clear,Daylight,Car/Taxi,3,Mechanical Failure,0,1,0,0,1,0,Low
2023,7,Tuesday,18,Sindh,Nawabshah,Urban Road,Good,Clear,Daylight,Truck/Lorry,2,Over Speeding,1,0,0,0,4,0,Medium
2019,6,Wednesday,9,Punjab,Faisalabad,National Highway,Good,Clear,Daylight,Bus/Coach,1,Mechanical Failure,1,0,0,0,0,0,Low
2020,11,Friday,23,Sindh,Nawabshah,Rural Road,Average,Clear,No Light,Truck/Lorry,2,Over Speeding,0,0,1,1,2,0,Medium
2019,12,Sunday,22,Sindh,Kashmore,Urban Road,Poor,Clear,Street Light,Motorcycle,1,Over Speeding,0,1,1,1,1,0,Medium
2018,11,Friday,19,Balochistan,Quetta,Provincial Highway,Good,Clear,Street Light,Truck/Lorry,1,Wrong Overtaking,1,0,0,1,5,1,Medium
2021,11,Friday,19,KPK,Nowshera,National Highway,Good,Foggy,No Light,Motorcycle,2,Over Speeding,1,0,0,1,9,2,High
2020,11,Friday,10,Punjab,Sialkot,National Highway,Good,Clear,Daylight,Motorcycle,1,Wrong Overtaking,0,0,0,1,3,1,Medium
2019,7,Sunday,21,Punjab,Bahawalpur,Motorway,Average,Clear,Street Light,Bus/Coach,1,Over Speeding,0,1,0,0,3,2,High
2018,12,Tuesday,6,Punjab,Faisalabad,Urban Road,Good,Rainy,Daylight,Car/Taxi,2,Pedestrian Error,0,0,0,1,0,0,Low
2019,7,Friday,6,Punjab,Lahore,National Highway,Average,Clear,Daylight,Motorcycle,4,Over Speeding,0,0,0,0,2,1,High
2022,7,Saturday,4,Sindh,Dadu,National Highway,Average,Extreme Heat,No Light,Truck/Lorry,2,Pedestrian Error,0,1,1,0,3,0,Medium
2023,4,Tuesday,19,AJK,Muzaffarabad,National Highway,Good,Clear,Daylight,Truck/Lorry,1,Mechanical Failure,1,0,0,0,4,2,Medium
2023,12,Sunday,8,Sindh,Kashmore,Urban Road,Good,Foggy,Daylight,Car/Taxi,2,Over Speeding,1,1,0,1,5,0,Medium
2020,8,Thursday,13,KPK,Nowshera,National Highway,Poor,Clear,Daylight,Van/Pickup,2,Signal Violation,1,0,0,0,1,0,Low