year,month,day_of_week,hour_of_day,province,district,road_type,road_condition,weather_condition,lighting_condition,vehicle_type,vehicles_involved,accident_cause,is_rush_hour,is_weekend,is_night,is_foggy_month,num_injured,num_killed,severity
2018,6,Tuesday,20,KPK,Peshawar,Provincial Highway,Good,Rainy,Street Light,Motorcycle,2,Over Speeding,1,0,0,0,9,2,High
2021,4,Wednesday,23,Balochistan,Turbat,Rural Road,Good,Foggy,Street Light,Motorcycle,2,Road Condition,0,0,1,0,5,0,Medium
2021,6,Thursday,19,Punjab,Sheikhupura,Urban Road,Good,Rainy,Dawn/Dusk,Rickshaw,2,Driver Fatigue,1,0,0,0,4,1,Medium
2021,7,Sunday,14,KPK,Kohat,Provincial Highway,Average,Clear,Daylight,Motorcycle,1,Over Speeding,0,1,0,0,8,0,High
2020,5,Tuesday,18,Balochistan,Turbat,Rural Road,Poor,Foggy,Daylight,Bus/Coach,2,Over Speeding,1,0,0,0,5,0,Medium
2021,1,Sunday,8,Punjab,Gujranwala,Provincial Highway,Poor,Rainy,Daylight,Motorcycle,3,Over Speeding,1,1,0,1,4,1,High
2019,8,Tuesday,18,Punjab,Lahore,National Highway,Poor,Clear,Daylight,Rickshaw,3,Signal Violation,1,0,0,0,5,0,Medium
2023,5,Sunday,13,AJK,Mirpur,Urban Road,Under Repair,Foggy,Daylight,Truck/Lorry,1,Over Speeding,1,1,0,0,2,1,Medium
2021,11,Sunday,12,KPK,Kohat,Provincial Highway,Under Repair,Clear,Daylight,Bus/Coach,1,Signal Violation,1,1,0,1,1,0,Low
2023,8,Thursday,6,Punjab,Sargodha,Rural Road,Good,Clear,Daylight,Motorcycle,2,Over Speeding,0,0,0,0,2,0,Medium
2020,6,Friday,18,Sindh,Thatta,National Highway,Average,Clear,Daylight,Bus/Coach,2,Pedestrian Error,1,0,0,0,1,0,Low
2021,4,Thursday,19,Punjab,Rawalpindi,Provincial Highway,Average,Dusty/Smoggy,No Light,Truck/Lorry,2,Road Condition,1,0,0,0,4,0,Medium
2021,3,Monday,11,Sindh,Larkana,National Highway,Average,Clear,No Light,Motorcycle,2,Pedestrian Error,0,0,0,0,4,0,Medium
2022,12,Thursday,21,Punjab,Faisalabad,National Highway,Good,Rainy,No Light,Car/Taxi,3,Road Condition,0,0,0,1,5,0,Medium
2022,5,Friday,13,Punjab,Lahore,National Highway,Good,Dusty/Smoggy,Daylight,Bicycle,2,Mechanical Failure,1,0,0,0,7,0,High
2021,10,Friday,16,KPK,Dera Ismail Khan,National Highway,Poor,Rainy,Daylight,Van/Pickup,3,Over Speeding,0,0,0,0,4,0,Medium
2018,5,Wednesday,8,KPK,Charsadda,National Highway,Good,Clear,Daylight,Motorcycle,4,Over Speeding,1,0,0,0,10,2,High
2022,4,Thursday,5,Balochistan,Loralai,National Highway,Poor,Clear,Dawn/Dusk,Car/Taxi,2,Pedestrian Error,0,0,1,0,2,0,Low
2022,12,Monday,18,Punjab,Bahawalpur,National Highway,Good,Dusty/Smoggy,Daylight,Truck/Lorry,2,Mobile Phone Use,1,0,0,1,2,0,Low
2019,3,Monday,17,KPK,Kohat,Provincial Highway,Under Repair,Clear,Street Light,Truck/Lorry,4,Wrong Overtaking,1,0,0,0,4,1,Medium
2023,12,Friday,9,Punjab,Gujranwala,National Highway,Good,Rainy,Street Light,Motorcycle,2,Over Speeding,1,0,0,1,10,1,High
2020,6,Saturday,9,Sindh,Karachi,Provincial Highway,Average,Clear,Daylight,Motorcycle,3,Over Speeding,1,1,0,0,4,2,High
2018,4,Wednesday,1,Balochistan,Sibi,National Highway,Good,Dusty/Smoggy,Street Light,Truck/Lorry,3,Road Condition,0,0,1,0,4,0,Medium
2023,5,Wednesday,23,Sindh,Sukkur,Rural Road,Poor,Foggy,No Light,Car/Taxi,1,Driver Fatigue,0,0,1,0,2,0,Medium
2019,5,Saturday,5,Punjab,Lahore,Rural Road,Good,Clear,Street Light,Car/Taxi,3,Driver Fatigue,0,1,1,0,5,1,Medium
2022,12,Thursday,21,Punjab,Multan,Provincial Highway,Average,Clear,No Light,Rickshaw,1,Signal Violation,0,0,0,1,0,0,Low
2021,10,Friday,9,Sindh,Larkana,Rural Road,Good,Clear,Daylight,Car/Taxi,3,Over Speeding,1,0,0,0,0,0,Low
2020,3,Sunday,17,KPK,Charsadda,Provincial Highway,Average,Clear,Daylight,Motorcycle,4,Over Speeding,1,1,0,0,1,0,Medium
2019,9,Friday,21,Gilgit-Baltistan,Skardu,National Highway,Poor,Clear,No Light,Motorcycle,2,Over Speeding,0,0,0,0,9,1,High
2023,12,Friday,18,KPK,Dera Ismail Khan,Motorway,Good,Clear,Daylight,Bicycle,1,Pedestrian Error,1,0,0,1,3,1,Medium
2022,8,Saturday,15,Balochistan,Hub,Provincial Highway,Average,Clear,Daylight,Car/Taxi,1,Wrong Overtaking,0,1,0,0,1,0,Medium
2019,2,Tuesday,17,KPK,Dera Ismail Khan,National Highway,Average,Foggy,Daylight,Motorcycle,1,Drunk Driving,1,0,0,1,9,0,High
2021,8,Wednesday,18,Balochistan,Hub,Urban Road,Poor,Clear,Street Light,Rickshaw,1,Signal Violation,1,0,0,0,1,0,Low
2018,2,Saturday,6,Punjab,Lahore,National Highway,Good,Rainy,Daylight,Car/Taxi,4,Over Speeding,0,1,0,1,5,1,Medium
2019,5,Tuesday,18,Islamabad,Islamabad,Urban Road,Good,Clear,Dawn/Dusk,Motorcycle,1,Over Speeding,1,0,0,0,3,0,Medium
2020,2,Thursday,20,Punjab,Multan,National Highway,Good,Clear,Street Light,Motorcycle,1,Over Speeding,1,0,0,1,5,0,High
2022,7,Monday,22,Islamabad,Islamabad,National Highway,Poor,Foggy,No Light,Motorcycle,1,Over Speeding,0,0,1,0,10,1,High
2019,6,Tuesday,7,Punjab,Bahawalpur,Provincial Highway,Good,Clear,Daylight,Motorcycle,1,Pedestrian Error,1,0,0,0,1,0,Medium
2022,11,Friday,17,KPK,Charsadda,Urban Road,Under Repair,Clear,Daylight,Rickshaw,2,Driver Fatigue,1,0,0,1,1,0,Low
2019,3,Thursday,11,KPK,Swat,Urban Road,Good,Foggy,Daylight,Motorcycle,1,Pedestrian Error,0,0,0,0,5,1,Medium
2019,4,Wednesday,16,Gilgit-Baltistan,Hunza,Urban Road,Average,Clear,Street Light,Motorcycle,1,Road Condition,0,0,0,0,1,0,Low
2021,6,Monday,1,KPK,Swat,Provincial Highway,Good,Clear,No Light,Car/Taxi,2,Road Condition,0,0,1,0,1,0,Low
2023,1,Sunday,18,Punjab,Sialkot,Provincial Highway,Good,Clear,Daylight,Other,3,Wrong Overtaking,1,1,0,1,1,0,Low
2022,12,Saturday,8,Sindh,Sukkur,Rural Road,Poor,Clear,Daylight,Car/Taxi,3,Wrong Overtaking,1,1,0,1,1,1,Low
2021,6,Thursday,13,Punjab,Rawalpindi,Provincial Highway,Good,Foggy,Daylight,Van/Pickup,1,Driver Fatigue,1,0,0,0,9,1,High
2022,9,Friday,18,Punjab,Sheikhupura,Rural Road,Average,Clear,Daylight,Motorcycle,1,Over Speeding,1,0,0,0,3,1,Medium
2019,11,Sunday,17,Punjab,Rawalpindi,Provincial Highway,Average,Dusty/Smoggy,Daylight,Car/Taxi,2,Road Condition,1,1,0,1,0,0,Low
2023,3,Tuesday,20,Punjab,Lahore,Rural Road,Good,Clear,Street Light,Van/Pickup,2,Wrong Overtaking,1,0,0,0,2,0,Low
2023,7,Tuesday,11,Sindh,Sukkur,National Highway,Average,Rainy,Daylight,Motorcycle,2,Drunk Driving,0,0,0,0,5,2,High
2020,1,Saturday,21,Balochistan,Chaman,National Highway,Under Repair,Extreme Heat,Street Light,Rickshaw,1,Driver Fatigue,0,1,0,1,3,0,Medium
2019,11,Tuesday,20,Balochistan,Sibi,Rural Road,Poor,Dusty/Smoggy,No Light,Motorcycle,2,Drunk Driving,1,0,0,1,1,1,Medium
2021,1,Saturday,7,Punjab,Multan,Urban Road,Average,Clear,Daylight,Motorcycle,2,Wrong Overtaking,1,1,0,1,2,0,Low
2020,12,Thursday,18,Punjab,Sialkot,Rural Road,Poor,Clear,Daylight,Motorcycle,3,Signal Violation,1,0,0,1,1,0,Medium
2023,5,Saturday,9,Punjab,Rahim Yar Khan,Urban Road,Good,Clear,Daylight,Motorcycle,3,Wrong Overtaking,1,1,0,0,3,1,Medium
2019,3,Wednesday,17,Punjab,Bahawalpur,Motorway,Poor,Dusty/Smoggy,Dawn/Dusk,Rickshaw,2,Mobile Phone Use,1,0,0,0,2,1,Medium
2019,6,Wednesday,14,Punjab,Sargodha,Rural Road,Good,Clear,Street Light,Motorcycle,1,Drunk Driving,0,0,0,0,5,1,Medium
2021,2,Sunday,23,Punjab,Bahawalpur,Rural Road,Average,Clear,No Light,Motorcycle,2,Wrong Overtaking,0,1,1,1,2,0,Medium
2021,6,Thursday,15,Sindh,Sukkur,Urban Road,Good,Dusty/Smoggy,Daylight,Van/Pickup,4,Over Speeding,0,0,0,0,3,0,Medium
2019,8,Tuesday,15,Sindh,Larkana,Rural Road,Average,Foggy,Daylight,Motorcycle,3,Wrong Overtaking,0,0,0,0,1,0,Medium
2019,8,Thursday,5,Sindh,Karachi,Provincial Highway,Average,Rainy,Dawn/Dusk,Other,1,Over Speeding,0,0,1,0,2,2,High
2020,9,Monday,17,Punjab,Multan,Motorway,Average,Foggy,Daylight,Motorcycle,2,Road Condition,1,0,0,0,9,0,High
2021,12,Thursday,9,KPK,Kohat,National Highway,Under Repair,Clear,Daylight,Motorcycle,1,Signal Violation,1,0,0,1,4,1,High
2022,1,Friday,9,KPK,Mardan,National Highway,Poor,Clear,Daylight,Car/Taxi,2,Weather Condition,1,0,0,1,2,0,Low
2021,3,Saturday,14,Punjab,Lahore,Provincial Highway,Average,Clear,Dawn/Dusk,Van/Pickup,3,Over Speeding,0,1,0,0,2,1,Low
2019,5,Wednesday,14,Punjab,Gujranwala,Motorway,Poor,Clear,Street Light,Bus/Coach,2,Wrong Overtaking,0,0,0,0,1,1,Medium
2018,1,Thursday,14,Punjab,Bahawalpur,Urban Road,Poor,Rainy,Daylight,Motorcycle,3,Wrong Overtaking,0,0,0,1,1,0,Medium
2023,6,Sunday,6,Punjab,Bahawalpur,National Highway,Good,Dusty/Smoggy,Daylight,Car/Taxi,3,Over Speeding,0,1,0,0,8,1,High
2022,11,Thursday,20,Sindh,Dadu,Urban Road,Good,Foggy,Street Light,Bicycle,1,Over Speeding,1,0,0,1,8,2,High
2019,2,Monday,19,Punjab,Bahawalpur,Motorway,Good,Clear,Dawn/Dusk,Motorcycle,1,Mobile Phone Use,1,0,0,1,1,0,Medium
2021,10,Saturday,19,Sindh,Jacobabad,Provincial Highway,Average,Dusty/Smoggy,Daylight,Motorcycle,4,Pedestrian Error,1,1,0,0,0,0,Low
2022,11,Thursday,7,Punjab,Lahore,Provincial Highway,Under Repair,Clear,Daylight,Rickshaw,2,Over Speeding,1,0,0,1,5,0,Medium
2020,5,Friday,17,KPK,Dera Ismail Khan,Urban Road,Good,Clear,No Light,Motorcycle,4,Mechanical Failure,1,0,0,0,0,0,Low
2020,3,Saturday,15,Punjab,Lahore,Urban Road,Poor,Clear,Dawn/Dusk,Car/Taxi,1,Mobile Phone Use,0,1,0,0,0,0,Low
2022,1,Sunday,12,Sindh,Thatta,Provincial Highway,Good,Clear,No Light,Car/Taxi,2,Drunk Driving,1,1,0,1,3,0,Medium
2021,10,Sunday,9,Punjab,Gujranwala,National Highway,Good,Clear,Dawn/Dusk,Bus/Coach,4,Drunk Driving,1,1,0,0,1,1,Medium
2023,11,Monday,7,Punjab,Sialkot,Provincial Highway,Poor,Clear,Street Light,Truck/Lorry,4,Signal Violation,1,0,0,1,0,0,Low
2020,7,Thursday,2,Balochistan,Gwadar,Provincial Highway,Poor,Clear,Street Light,Truck/Lorry,1,Wrong Overtaking,0,0,1,0,1,1,Medium
2020,3,Sunday,10,KPK,Swat,Provincial Highway,Average,Clear,Dawn/Dusk,Rickshaw,1,Over Speeding,0,1,0,0,2,0,Low
2021,1,Sunday,17,Punjab,Rahim Yar Khan,Urban Road,Poor,Clear,Daylight,Car/Taxi,2,Signal Violation,1,1,0,1,0,0,Low
2018,11,Sunday,10,KPK,Bannu,National Highway,Good,Clear,Daylight,Bus/Coach,2,Signal Violation,0,1,0,1,4,0,Medium
2023,12,Saturday,17,Sindh,Thatta,Rural Road,Poor,Foggy,Daylight,Car/Taxi,1,Wrong Overtaking,1,1,0,1,4,0,Medium
2023,1,Wednesday,16,Sindh,Larkana,Urban Road,Average,Foggy,Daylight,Motorcycle,1,Wrong Overtaking,0,0,0,1,2,1,Medium
2023,7,Thursday,17,Punjab,Sargodha,Provincial Highway,Average,Clear,Daylight,Motorcycle,3,Driver Fatigue,1,0,0,0,11,1,High
2023,12,Sunday,14,Balochistan,Chaman,National Highway,Poor,Clear,No Light,Car/Taxi,2,Wrong Overtaking,0,1,0,1,0,0,Low
2023,5,Wednesday,13,Punjab,Sargodha,National Highway,Average,Foggy,Daylight,Motorcycle,3,Road Condition,1,0,0,0,3,4,High
2021,3,Sunday,7,Punjab,Gujranwala,Urban Road,Good,Foggy,Daylight,Car/Taxi,1,Wrong Overtaking,1,1,0,0,4,0,Medium
2020,5,Monday,19,Punjab,Rahim Yar Khan,Urban Road,Good,Clear,Dawn/Dusk,Car/Taxi,2,Signal Violation,1,0,0,0,1,1,Low
2020,11,Thursday,6,KPK,Peshawar,Urban Road,Average,Extreme Heat,Street Light,Truck/Lorry,2,Wrong Overtaking,0,0,0,1,1,0,Low
2022,6,Friday,12,Balochistan,Zhob,Urban Road,Under Repair,Clear,Daylight,Motorcycle,1,Road Condition,1,0,0,0,0,0,Low
2023,7,Monday,11,Balochistan,Chaman,Provincial Highway,Good,Clear,Daylight,Rickshaw,3,Driver Fatigue,0,0,0,0,4,0,Medium
2022,12,Tuesday,17,KPK,Mansehra,National Highway,Poor,Rainy,Daylight,Bicycle,2,Driver Fatigue,1,0,0,1,5,3,High
2020,12,Saturday,14,AJK,Mirpur,Urban Road,Poor,Foggy,Daylight,Bus/Coach,1,Driver Fatigue,0,1,0,1,6,2,High
2023,11,Saturday,20,KPK,Mardan,Provincial Highway,Good,Foggy,Street Light,Car/Taxi,2,Wrong Overtaking,1,1,0,1,5,2,Medium
2023,11,Friday,22,KPK,Mansehra,Rural Road,Good,Clear,Street Light,Car/Taxi,1,Signal Violation,0,0,1,1,5,0,Medium
2021,10,Saturday,0,AJK,Mirpur,Provincial Highway,Poor,Clear,No Light,Bus/Coach,1,Road Condition,0,1,1,0,4,0,Medium
2019,7,Friday,8,Punjab,Sheikhupura,National Highway,Good,Clear,Dawn/Dusk,Car/Taxi,4,Over Speeding,1,0,0,0,2,1,Medium
2023,3,Wednesday,6,Sindh,Hyderabad,Rural Road,Average,Clear,Daylight,Car/Taxi,3,Driver Fatigue,0,0,0,0,0,0,Low
2020,9,Friday,21,KPK,Abbottabad,Rural Road,Poor,Clear,Street Light,Car/Taxi,3,Signal Violation,0,0,0,0,2,0,Low
2023,10,Saturday,14,Balochistan,Sibi,National Highway,Good,Clear,Daylight,Motorcycle,1,Over Speeding,0,1,0,0,5,1,High
2023,5,Tuesday,12,Balochistan,Loralai,Urban Road,Average,Clear,Daylight,Motorcycle,1,Pedestrian Error,1,0,0,0,0,0,Low
2020,2,Tuesday,7,Balochistan,Quetta,Rural Road,Good,Rainy,Daylight,Motorcycle,2,Wrong Overtaking,1,0,0,1,4,1,Medium
2019,12,Thursday,18,Islamabad,Islamabad,Rural Road,Good,Clear,Dawn/Dusk,Truck/Lorry,1,Over Speeding,1,0,0,1,2,0,Low
2023,10,Wednesday,8,Sindh,Larkana,Urban Road,Good,Dusty/Smoggy,Daylight,Motorcycle,2,Pedestrian Error,1,0,0,0,1,1,Medium
2018,5,Friday,19,Punjab,Multan,Provincial Highway,Good,Rainy,Street Light,Motorcycle,3,Over Speeding,1,0,0,0,7,2,High
2023,11,Monday,19,Punjab,Rahim Yar Khan,National Highway,Good,Dusty/Smoggy,No Light,Car/Taxi,3,Pedestrian Error,1,0,0,1,5,0,Medium
2019,10,Sunday,16,Sindh,Mirpur Khas,Urban Road,Good,Rainy,Daylight,Motorcycle,1,Mechanical Failure,0,1,0,0,5,0,Medium
2021,1,Friday,19,Sindh,Jacobabad,National Highway,Good,Clear,Dawn/Dusk,Motorcycle,3,Road Condition,1,0,0,1,11,0,High
2020,2,Saturday,13,Sindh,Mirpur Khas,Rural Road,Good,Foggy,Daylight,Car/Taxi,2,Mechanical Failure,1,1,0,1,2,0,Low
2018,4,Monday,20,Punjab,Rahim Yar Khan,Rural Road,Average,Foggy,No Light,Motorcycle,2,Signal Violation,1,0,0,0,1,0,Medium
2021,6,Tuesday,17,Balochistan,Zhob,Motorway,Good,Clear,No Light,Rickshaw,3,Wrong Overtaking,1,0,0,0,1,0,Low
2019,4,Friday,8,Punjab,Sheikhupura,Provincial Highway,Poor,Foggy,Daylight,Car/Taxi,1,Over Speeding,1,0,0,0,6,3,High
2018,2,Sunday,7,Balochistan,Turbat,Provincial Highway,Good,Dusty/Smoggy,Daylight,Car/Taxi,2,Wrong Overtaking,1,1,0,1,0,0,Low
2022,7,Saturday,17,Balochistan,Zhob,Provincial Highway,Average,Dusty/Smoggy,Daylight,Rickshaw,2,Over Speeding,1,1,0,0,2,0,Low
2020,3,Thursday,14,Sindh,Nawabshah,National Highway,Poor,Clear,Daylight,Motorcycle,3,Wrong Overtaking,0,0,0,0,9,1,High
2020,10,Thursday,20,Sindh,Karachi,Urban Road,Poor,Clear,No Light,Car/Taxi,1,Wrong Overtaking,1,0,0,0,2,0,Low
2019,12,Monday,10,KPK,Mansehra,Rural Road,Good,Rainy,Daylight,Bicycle,3,Pedestrian Error,0,0,0,1,1,0,Low
2021,5,Wednesday,19,KPK,Nowshera,Provincial Highway,Good,Clear,Dawn/Dusk,Bus/Coach,2,Pedestrian Error,1,0,0,0,3,0,Medium
2022,3,Sunday,16,Punjab,Sargodha,National Highway,Average,Extreme Heat,Daylight,Truck/Lorry,3,Mechanical Failure,0,1,0,0,1,0,Medium
2022,8,Friday,12,Punjab,Rawalpindi,Urban Road,Average,Rainy,Street Light,Motorcycle,1,Driver Fatigue,1,0,0,0,8,1,High
2022,6,Tuesday,6,Punjab,Bahawalpur,Urban Road,Good,Clear,Daylight,Motorcycle,1,Over Speeding,0,0,0,0,3,0,Medium
2021,10,Saturday,8,Punjab,Sargodha,Urban Road,Good,Clear,Daylight,Van/Pickup,1,Road Condition,1,1,0,0,2,0,Low
2023,12,Thursday,10,Punjab,Multan,Motorway,Average,Rainy,Dawn/Dusk,Truck/Lorry,1,Wrong Overtaking,0,0,0,1,9,3,High
2019,7,Saturday,13,Punjab,Multan,National Highway,Poor,Foggy,Daylight,Rickshaw,2,Road Condition,1,1,0,0,1,0,Low
2022,1,Saturday,11,Sindh,Kashmore,Rural Road,Average,Clear,Street Light,Car/Taxi,1,Over Speeding,0,1,0,1,3,0,Medium
2019,9,Thursday,10,Islamabad,Islamabad,National Highway,Average,Clear,Daylight,Motorcycle,2,Wrong Overtaking,0,0,0,0,10,3,High
2023,11,Saturday,14,KPK,Nowshera,Urban Road,Good,Clear,Daylight,Motorcycle,3,Over Speeding,0,1,0,1,3,0,Medium
2020,2,Tuesday,1,Islamabad,Islamabad,Urban Road,Average,Clear,No Light,Rickshaw,1,Wrong Overtaking,0,0,1,1,2,0,Low
2022,6,Thursday,19,KPK,Mardan,Provincial Highway,Good,Dusty/Smoggy,Dawn/Dusk,Rickshaw,3,Road Condition,1,0,0,0,1,0,Low
2023,11,Tuesday,8,KPK,Kohat,Urban Road,Average,Clear,Daylight,Motorcycle,2,Wrong Overtaking,1,0,0,1,4,2,Medium
2019,12,Saturday,9,Punjab,Sialkot,National Highway,Good,Rainy,Daylight,Motorcycle,3,Mechanical Failure,1,1,0,1,4,1,High
2022,1,Tuesday,12,Punjab,Multan,National Highway,Average,Foggy,Daylight,Motorcycle,2,Signal Violation,1,0,0,1,7,1,High
2023,6,Thursday,7,Balochistan,Quetta,National Highway,Average,Foggy,Dawn/Dusk,Motorcycle,2,Signal Violation,1,0,0,0,8,2,High
2023,3,Friday,23,Balochistan,Quetta,National Highway,Good,Extreme Heat,No Light,Bus/Coach,2,Mechanical Failure,0,0,1,0,4,0,Medium
2019,1,Friday,17,Sindh,Sukkur,Rural Road,Under Repair,Foggy,No Light,Car/Taxi,2,Road Condition,1,0,0,1,2,1,Low
2022,6,Thursday,18,Punjab,Sheikhupura,National Highway,Good,Foggy,No Light,Car/Taxi,2,Pedestrian Error,1,0,0,0,0,1,Low
2023,11,Saturday,11,KPK,Mardan,Urban Road,Average,Dusty/Smoggy,Daylight,Motorcycle,2,Over Speeding,0,1,0,1,4,1,Medium
2019,7,Monday,20,Punjab,Gujranwala,Rural Road,Poor,Clear,Street Light,Motorcycle,1,Signal Violation,1,0,0,0,2,0,Low
2021,12,Saturday,20,Punjab,Sargodha,Motorway,Average,Rainy,Street Light,Car/Taxi,2,Mobile Phone Use,1,1,0,1,1,0,Medium
2022,7,Wednesday,21,KPK,Mardan,Rural Road,Good,Clear,Street Light,Rickshaw,1,Pedestrian Error,0,0,0,0,1,0,Low
2021,3,Friday,16,Sindh,Karachi,Rural Road,Average,Extreme Heat,Daylight,Motorcycle,1,Over Speeding,0,0,0,0,1,0,Medium
2023,11,Saturday,22,KPK,Nowshera,Provincial Highway,Poor,Foggy,Street Light,Van/Pickup,3,Pedestrian Error,0,1,1,1,1,0,Medium
2022,7,Monday,18,Balochistan,Hub,National Highway,Under Repair,Clear,Daylight,Car/Taxi,1,Wrong Overtaking,1,0,0,0,3,0,Medium
2023,5,Thursday,18,Sindh,Jacobabad,Provincial Highway,Good,Clear,Daylight,Truck/Lorry,2,Wrong Overtaking,1,0,0,0,1,0,Medium
2021,6,Sunday,12,Sindh,Karachi,Urban Road,Good,Clear,Street Light,Motorcycle,4,Wrong Overtaking,1,1,0,0,2,1,Medium
2020,7,Sunday,19,Punjab,Sialkot,Provincial Highway,Average,Rainy,Street Light,Motorcycle,1,Road Condition,1,1,0,0,1,1,Medium
2020,7,Sunday,13,Punjab,Sialkot,National Highway,Good,Foggy,Daylight,Car/Taxi,3,Drunk Driving,1,1,0,0,6,2,High
2018,12,Saturday,19,KPK,Nowshera,Provincial Highway,Poor,Clear,No Light,Motorcycle,1,Wrong Overtaking,1,1,0,1,10,0,High
2023,2,Wednesday,12,Sindh,Thatta,National Highway,Under Repair,Clear,Daylight,Car/Taxi,1,Pedestrian Error,1,0,0,1,2,0,Low
2023,8,Saturday,14,Punjab,Sheikhupura,Rural Road,Good,Clear,Daylight,Car/Taxi,3,Signal Violation,0,1,0,0,1,0,Low
2023,10,Monday,11,Punjab,Rahim Yar Khan,National Highway,Good,Foggy,Dawn/Dusk,Car/Taxi,1,Mechanical Failure,0,0,0,0,5,0,Medium
2019,1,Friday,20,Sindh,Mirpur Khas,Rural Road,Average,Foggy,No Light,Motorcycle,2,Road Condition,1,0,0,1,0,0,Low
2018,6,Friday,14,Sindh,Larkana,Provincial Highway,Good,Clear,Dawn/Dusk,Motorcycle,2,Over Speeding,0,0,0,0,10,1,High
2022,12,Friday,14,Sindh,Mirpur Khas,Urban Road,Poor,Dusty/Smoggy,Daylight,Car/Taxi,1,Signal Violation,0,0,0,1,2,0,Low
2023,6,Wednesday,7,Sindh,Kashmore,Provincial Highway,Good,Rainy,Daylight,Truck/Lorry,2,Over Speeding,1,0,0,0,11,0,High
2020,4,Monday,18,Punjab,Gujranwala,Urban Road,Average,Dusty/Smoggy,Daylight,Car/Taxi,2,Drunk Driving,1,0,0,0,1,0,Low
2021,5,Saturday,16,Sindh,Dadu,National Highway,Good,Clear,Daylight,Motorcycle,1,Mobile Phone Use,0,1,0,0,3,1,Medium
2021,8,Saturday,12,Balochistan,Loralai,Rural Road,Poor,Clear,Street Light,Motorcycle,1,Road Condition,1,1,0,0,3,0,Medium
2019,4,Tuesday,10,Punjab,Faisalabad,Provincial Highway,Good,Foggy,Daylight,Motorcycle,2,Wrong Overtaking,0,0,0,0,3,1,High
2020,2,Friday,19,KPK,Mardan,Urban Road,Average,Clear,Dawn/Dusk,Car/Taxi,1,Pedestrian Error,1,0,0,1,2,0,Low
2021,1,Wednesday,14,Sindh,Karachi,Urban Road,Good,Clear,Daylight,Motorcycle,1,Over Speeding,0,0,0,1,5,1,Medium
2020,3,Thursday,19,KPK,Mardan,Provincial Highway,Poor,Rainy,Dawn/Dusk,Rickshaw,4,Mechanical Failure,1,0,0,0,1,0,Low
2021,6,Friday,10,Punjab,Faisalabad,Urban Road,Good,Extreme Heat,No Light,Bus/Coach,1,Driver Fatigue,0,0,0,0,4,1,Medium
2022,6,Wednesday,12,Islamabad,Islamabad,Provincial Highway,Poor,Clear,Daylight,Motorcycle,3,Over Speeding,1,0,0,0,1,0,Medium
2022,8,Monday,12,Sindh,Mirpur Khas,Provincial Highway,Average,Clear,No Light,Motorcycle,2,Over Speeding,1,0,0,0,3,0,High
2021,12,Saturday,19,Balochistan,Sibi,Rural Road,Good,Rainy,Dawn/Dusk,Car/Taxi,4,Pedestrian Error,1,1,0,1,0,0,Low
2022,9,Saturday,6,Punjab,Sargodha,Urban Road,Good,Clear,Daylight,Truck/Lorry,2,Road Condition,0,1,0,0,2,0,Low
2021,6,Monday,23,KPK,Kohat,National Highway,Poor,Clear,No Light,Other,1,Wrong Overtaking,0,0,1,0,3,0,Medium
2022,12,Monday,17,KPK,Dera Ismail Khan,Urban Road,Under Repair,Dusty/Smoggy,Daylight,Motorcycle,2,Mechanical Failure,1,0,0,1,1,0,Low
2018,2,Monday,13,Punjab,Multan,Rural Road,Average,Clear,Dawn/Dusk,Truck/Lorry,3,Mechanical Failure,1,0,0,1,1,0,Low
2022,5,Friday,21,Punjab,Sialkot,National Highway,Good,Clear,No Light,Bus/Coach,1,Road Condition,0,0,0,0,3,1,Medium
2018,6,Thursday,14,Sindh,Larkana,National Highway,Average,Dusty/Smoggy,Daylight,Motorcycle,2,Over Speeding,0,0,0,0,2,4,High
2019,3,Monday,1,Punjab,Rahim Yar Khan,Provincial Highway,Poor,Clear,Street Light,Car/Taxi,4,Mobile Phone Use,0,0,1,0,2,1,Low
2021,1,Sunday,14,KPK,Nowshera,National Highway,Good,Foggy,Dawn/Dusk,Rickshaw,3,Wrong Overtaking,0,1,0,1,2,2,High
2020,7,Saturday,18,Punjab,Rawalpindi,National Highway,Average,Clear,Daylight,Motorcycle,3,Road Condition,1,1,0,0,3,0,Medium
2018,9,Thursday,18,Punjab,Bahawalpur,Rural Road,Good,Foggy,Daylight,Motorcycle,1,Mechanical Failure,1,0,0,0,2,1,Medium
2022,4,Friday,12,KPK,Charsadda,National Highway,Poor,Foggy,Daylight,Car/Taxi,3,Over Speeding,1,0,0,0,3,2,Medium
2020,6,Wednesday,18,Punjab,Rawalpindi,Provincial Highway,Average,Clear,Daylight,Motorcycle,1,Wrong Overtaking,1,0,0,0,7,3,High
2022,12,Saturday,20,AJK,Muzaffarabad,Rural Road,Poor,Foggy,No Light,Car/Taxi,2,Wrong Overtaking,1,1,0,1,1,0,Low
2023,12,Monday,7,Balochistan,Loralai,National Highway,Poor,Clear,Daylight,Motorcycle,2,Driver Fatigue,1,0,0,1,3,1,High
2022,4,Saturday,21,Sindh,Karachi,National Highway,Under Repair,Clear,Street Light,Car/Taxi,4,Road Condition,0,1,0,0,1,0,Low
2022,12,Saturday,9,KPK,Kohat,Urban Road,Average,Clear,Daylight,Motorcycle,4,Road Condition,1,1,0,1,2,0,Low
2022,7,Sunday,19,Balochistan,Sibi,Provincial Highway,Good,Clear,Dawn/Dusk,Motorcycle,2,Wrong Overtaking,1,1,0,0,4,2,Medium
2023,3,Saturday,8,Punjab,Faisalabad,National Highway,Average,Clear,Daylight,Rickshaw,2,Over Speeding,1,1,0,0,5,2,High