year,month,day_of_week,hour_of_day,province,district,road_type,road_condition,weather_condition,lighting_condition,vehicle_type,vehicles_involved,accident_cause,is_rush_hour,is_weekend,is_night,is_foggy_month,num_injured,num_killed,severity
2022,10,Thursday,20,Balochistan,Khuzdar,Provincial Highway,Average,Clear,No Light,Motorcycle,2,Pedestrian Error,1,0,0,0,4,0,Medium
2022,3,Friday,20,Punjab,Multan,Provincial Highway,Average,Dusty/Smoggy,No Light,Car/Taxi,2,Wrong Overtaking,1,0,0,0,2,0,Medium
2021,5,Monday,19,Punjab,Faisalabad,Urban Road,Poor,Clear,Dawn/Dusk,Bus/Coach,2,Wrong Overtaking,1,0,0,0,0,0,Low
2018,10,Wednesday,11,Sindh,Kashmore,Urban Road,Good,Foggy,Daylight,Rickshaw,3,Drunk Driving,0,0,0,0,2,0,Medium
2019,9,Tuesday,20,KPK,Mansehra,Provincial Highway,Good,Clear,Street Light,Car/Taxi,2,Drunk Driving,1,0,0,0,3,0,Medium
2021,4,Saturday,18,Punjab,Gujranwala,Urban Road,Good,Clear,Daylight,Bus/Coach,3,Over Speeding,1,1,0,0,4,0,Medium
2021,5,Saturday,22,Punjab,Gujranwala,National Highway,Good,Clear,Street Light,Motorcycle,2,Over Speeding,0,1,1,0,10,1,High
2023,6,Saturday,19,Sindh,Thatta,Urban Road,Average,Clear,No Light,Van/Pickup,1,Road Condition,1,1,0,0,0,0,Low
2023,8,Friday,5,Punjab,Sialkot,National Highway,Poor,Clear,No Light,Car/Taxi,2,Over Speeding,0,0,1,0,2,0,Medium
2019,9,Saturday,9,KPK,Peshawar,Provincial Highway,Poor,Clear,Daylight,Bicycle,3,Wrong Overtaking,1,1,0,0,2,1,Medium
2021,1,Friday,19,Sindh,Karachi,Urban Road,Good,Clear,Daylight,Bus/Coach,4,Pedestrian Error,1,0,0,1,1,0,Low
2018,1,Thursday,23,Punjab,Rahim Yar Khan,Urban Road,Good,Clear,Street Light,Motorcycle,2,Road Condition,0,0,1,1,4,0,Medium
2019,8,Friday,6,Punjab,Rahim Yar Khan,Provincial Highway,Under Repair,Clear,Daylight,Motorcycle,2,Over Speeding,0,0,0,0,2,1,High
2022,12,Wednesday,10,Sindh,Mirpur Khas,National Highway,Under Repair,Dusty/Smoggy,Daylight,Motorcycle,2,Road Condition,0,0,0,1,5,0,Medium
2023,7,Saturday,8,Sindh,Sukkur,National Highway,Good,Clear,Daylight,Motorcycle,3,Drunk Driving,1,1,0,0,10,1,High
2019,10,Monday,9,Punjab,Bahawalpur,Provincial Highway,Average,Clear,Daylight,Motorcycle,4,Signal Violation,1,0,0,0,8,1,High
2022,8,Monday,19,Punjab,Faisalabad,Urban Road,Under Repair,Foggy,Dawn/Dusk,Motorcycle,1,Wrong Overtaking,1,0,0,0,7,1,High
2019,1,Tuesday,6,Punjab,Gujranwala,National Highway,Good,Clear,Dawn/Dusk,Bus/Coach,2,Road Condition,0,0,0,1,5,0,Medium
2021,11,Wednesday,9,Punjab,Sialkot,Rural Road,Average,Clear,Daylight,Van/Pickup,3,Wrong Overtaking,1,0,0,1,2,0,Low
2021,4,Monday,7,Sindh,Sukkur,Rural Road,Good,Clear,Daylight,Car/Taxi,1,Drunk Driving,1,0,0,0,1,0,Low
2022,11,Wednesday,13,KPK,Charsadda,Provincial Highway,Average,Clear,Street Light,Van/Pickup,1,Wrong Overtaking,1,0,0,1,0,0,Low
2018,5,Friday,12,Sindh,Thatta,Provincial Highway,Good,Clear,Street Light,Rickshaw,2,Signal Violation,1,0,0,0,0,1,Low
2021,7,Sunday,13,KPK,Mansehra,National Highway,Good,Clear,Daylight,Bus/Coach,1,Drunk Driving,1,1,0,0,6,1,High
2019,6,Friday,6,Punjab,Sheikhupura,National Highway,Average,Clear,Street Light,Van/Pickup,1,Wrong Overtaking,0,0,0,0,5,0,Medium
2022,10,Friday,12,Sindh,Sukkur,National Highway,Good,Clear,Daylight,Motorcycle,2,Pedestrian Error,1,0,0,0,8,0,High
2021,12,Monday,16,Sindh,Sukkur,Provincial Highway,Average,Clear,Daylight,Motorcycle,2,Wrong Overtaking,0,0,0,1,2,1,Medium
2023,5,Monday,17,KPK,Charsadda,Motorway,Good,Foggy,Daylight,Rickshaw,1,Road Condition,1,0,0,0,2,0,Low
2023,12,Wednesday,22,KPK,Dera Ismail Khan,Urban Road,Poor,Clear,Street Light,Motorcycle,2,Wrong Overtaking,0,0,1,1,4,0,High
2023,2,Saturday,12,KPK,Swat,Provincial Highway,Poor,Rainy,Daylight,Car/Taxi,4,Over Speeding,1,1,0,1,2,0,Medium
2019,5,Wednesday,5,Sindh,Kashmore,National Highway,Good,Clear,Street Light,Motorcycle,2,Wrong Overtaking,0,0,1,0,3,0,High
2020,1,Saturday,9,Punjab,Lahore,Rural Road,Under Repair,Dusty/Smoggy,Daylight,Motorcycle,1,Over Speeding,1,1,0,1,7,2,High
2018,3,Friday,6,KPK,Charsadda,Urban Road,Poor,Clear,Daylight,Motorcycle,2,Drunk Driving,0,0,0,0,4,1,Medium
2023,9,Wednesday,12,KPK,Charsadda,Provincial Highway,Good,Clear,Dawn/Dusk,Bicycle,2,Wrong Overtaking,1,0,0,0,1,1,Medium
2019,1,Friday,10,Gilgit-Baltistan,Skardu,Urban Road,Good,Rainy,No Light,Truck/Lorry,1,Over Speeding,0,0,0,1,4,0,Medium
2021,1,Thursday,7,KPK,Kohat,Urban Road,Average,Clear,Daylight,Rickshaw,4,Wrong Overtaking,1,0,0,1,0,0,Low
2021,12,Wednesday,18,KPK,Mardan,Urban Road,Under Repair,Clear,Daylight,Motorcycle,3,Signal Violation,1,0,0,1,4,0,Medium
2023,5,Tuesday,9,Sindh,Jacobabad,National Highway,Poor,Clear,No Light,Motorcycle,4,Signal Violation,1,0,0,0,7,1,High
2019,2,Friday,9,Balochistan,Gwadar,Rural Road,Poor,Clear,Daylight,Van/Pickup,3,Over Speeding,1,0,0,1,4,0,Medium
2022,12,Sunday,13,Gilgit-Baltistan,Hunza,Rural Road,Average,Clear,Daylight,Car/Taxi,2,Pedestrian Error,1,1,0,1,2,0,Low
2021,7,Tuesday,14,KPK,Charsadda,National Highway,Good,Clear,Dawn/Dusk,Motorcycle,1,Over Speeding,0,0,0,0,6,1,High
2023,6,Saturday,14,Sindh,Kashmore,Urban Road,Average,Foggy,Daylight,Rickshaw,3,Pedestrian Error,0,1,0,0,2,0,Low
2021,11,Thursday,7,Punjab,Sialkot,Provincial Highway,Good,Rainy,Daylight,Motorcycle,2,Mobile Phone Use,1,0,0,1,5,0,Medium
2020,1,Saturday,18,KPK,Nowshera,Urban Road,Under Repair,Clear,Street Light,Motorcycle,4,Over Speeding,1,1,0,1,4,1,Medium
2022,9,Wednesday,12,KPK,Dera Ismail Khan,Provincial Highway,Poor,Clear,Dawn/Dusk,Rickshaw,1,Mechanical Failure,1,0,0,0,2,0,Low
2020,7,Wednesday,13,KPK,Mardan,Motorway,Under Repair,Extreme Heat,Street Light,Motorcycle,3,Pedestrian Error,1,0,0,0,3,0,High
2023,7,Monday,19,Punjab,Gujranwala,Motorway,Poor,Dusty/Smoggy,Dawn/Dusk,Truck/Lorry,2,Drunk Driving,1,0,0,0,9,0,High
2018,5,Friday,17,Sindh,Larkana,National Highway,Good,Clear,Daylight,Rickshaw,2,Pedestrian Error,1,0,0,0,0,0,Low
2022,6,Tuesday,6,Punjab,Rawalpindi,Provincial Highway,Good,Rainy,Daylight,Bicycle,1,Mechanical Failure,0,0,0,0,9,1,High
2023,8,Thursday,8,KPK,Nowshera,National Highway,Average,Clear,Daylight,Rickshaw,2,Wrong Overtaking,1,0,0,0,2,0,Medium
2022,7,Friday,15,Punjab,Lahore,Provincial Highway,Average,Clear,Street Light,Motorcycle,2,Over Speeding,0,0,0,0,2,1,High
2022,5,Tuesday,14,KPK,Mansehra,Provincial Highway,Poor,Clear,Dawn/Dusk,Truck/Lorry,1,Signal Violation,0,0,0,0,1,1,Medium
2022,1,Saturday,17,Punjab,Rawalpindi,National Highway,Average,Dusty/Smoggy,Daylight,Motorcycle,4,Over Speeding,1,1,0,1,4,0,High
2022,6,Wednesday,13,Punjab,Sargodha,Urban Road,Poor,Clear,Daylight,Car/Taxi,1,Signal Violation,1,0,0,0,1,1,Low
2018,6,Thursday,1,Sindh,Dadu,Urban Road,Good,Clear,No Light,Car/Taxi,1,Mobile Phone Use,0,0,1,0,1,0,Low
2018,2,Wednesday,17,Punjab,Rawalpindi,National Highway,Average,Foggy,Daylight,Motorcycle,2,Wrong Overtaking,1,0,0,1,9,0,High
2020,5,Saturday,19,Sindh,Karachi,Urban Road,Good,Clear,Dawn/Dusk,Truck/Lorry,2,Over Speeding,1,1,0,0,1,1,Medium
2020,11,Thursday,13,Islamabad,Islamabad,Urban Road,Poor,Foggy,Street Light,Motorcycle,1,Pedestrian Error,1,0,0,1,3,0,Medium
2020,7,Tuesday,19,Islamabad,Islamabad,Rural Road,Average,Clear,Daylight,Motorcycle,2,Pedestrian Error,1,0,0,0,5,0,Medium
2023,8,Saturday,18,Punjab,Rawalpindi,National Highway,Poor,Clear,Daylight,Motorcycle,1,Over Speeding,1,1,0,0,5,0,High
2023,2,Wednesday,16,KPK,Bannu,Urban Road,Average,Rainy,Street Light,Bus/Coach,2,Weather Condition,0,0,0,1,3,0,Medium
2023,6,Tuesday,6,Punjab,Rahim Yar Khan,Rural Road,Poor,Clear,Daylight,Rickshaw,2,Over Speeding,0,0,0,0,3,1,Medium
2021,7,Tuesday,4,Balochistan,Gwadar,National Highway,Good,Clear,Street Light,Truck/Lorry,1,Over Speeding,0,0,1,0,5,0,High
2018,1,Thursday,11,KPK,Abbottabad,National Highway,Under Repair,Clear,Daylight,Motorcycle,2,Over Speeding,0,0,0,1,8,1,High
2023,7,Friday,9,Punjab,Sargodha,National Highway,Average,Foggy,Daylight,Car/Taxi,1,Wrong Overtaking,1,0,0,0,5,1,Medium
2019,1,Friday,18,Punjab,Sargodha,Urban Road,Under Repair,Clear,Street Light,Rickshaw,1,Wrong Overtaking,1,0,0,1,1,1,Low
2022,3,Friday,6,Punjab,Multan,Rural Road,Under Repair,Dusty/Smoggy,Dawn/Dusk,Motorcycle,1,Signal Violation,0,0,0,0,3,0,Medium
2019,6,Sunday,19,KPK,Bannu,National Highway,Poor,Clear,Dawn/Dusk,Rickshaw,1,Driver Fatigue,1,1,0,0,5,0,Medium
2018,8,Wednesday,13,Punjab,Sheikhupura,Provincial Highway,Average,Clear,Daylight,Bus/Coach,2,Mobile Phone Use,1,0,0,0,3,0,Medium
2022,12,Friday,18,KPK,Mardan,National Highway,Good,Clear,Daylight,Car/Taxi,1,Wrong Overtaking,1,0,0,1,2,1,Medium
2023,10,Monday,12,Sindh,Jacobabad,National Highway,Poor,Clear,Daylight,Truck/Lorry,1,Over Speeding,1,0,0,0,5,4,High
2018,3,Saturday,20,AJK,Mirpur,Rural Road,Average,Rainy,Street Light,Motorcycle,2,Wrong Overtaking,1,1,0,0,5,1,Medium
2021,2,Saturday,8,Islamabad,Islamabad,Motorway,Poor,Clear,Daylight,Car/Taxi,3,Over Speeding,1,1,0,1,2,0,Medium
2023,7,Thursday,19,Sindh,Karachi,Provincial Highway,Good,Foggy,Dawn/Dusk,Motorcycle,1,Road Condition,1,0,0,0,5,0,Medium
2020,12,Saturday,8,KPK,Mardan,Motorway,Good,Clear,Daylight,Motorcycle,3,Over Speeding,1,1,0,1,9,1,High
2019,9,Saturday,13,KPK,Charsadda,Provincial Highway,Good,Clear,Daylight,Truck/Lorry,1,Over Speeding,1,1,0,0,10,3,High
2022,11,Monday,3,Balochistan,Loralai,Urban Road,Good,Clear,Street Light,Motorcycle,2,Mechanical Failure,0,0,1,1,3,0,Medium
2023,6,Wednesday,18,Punjab,Sargodha,Provincial Highway,Poor,Clear,Daylight,Truck/Lorry,1,Signal Violation,1,0,0,0,2,0,Medium
2020,4,Wednesday,9,Punjab,Lahore,Provincial Highway,Poor,Dusty/Smoggy,Daylight,Motorcycle,1,Wrong Overtaking,1,0,0,0,3,0,Medium
2020,9,Wednesday,10,Punjab,Faisalabad,Urban Road,Average,Clear,Street Light,Bus/Coach,3,Driver Fatigue,0,0,0,0,4,1,Medium
2018,7,Friday,15,Sindh,Hyderabad,Rural Road,Good,Clear,Street Light,Car/Taxi,1,Pedestrian Error,0,0,0,0,1,0,Low
2021,6,Monday,14,Punjab,Rawalpindi,Urban Road,Good,Clear,Street Light,Van/Pickup,1,Over Speeding,0,0,0,0,1,1,Low
2023,8,Monday,9,Sindh,Sukkur,Urban Road,Good,Clear,Dawn/Dusk,Motorcycle,2,Mechanical Failure,1,0,0,0,3,2,Medium
2023,6,Sunday,14,KPK,Abbottabad,Provincial Highway,Good,Dusty/Smoggy,Daylight,Car/Taxi,3,Wrong Overtaking,0,1,0,0,1,0,Medium
2018,11,Sunday,10,Sindh,Larkana,Rural Road,Good,Clear,Dawn/Dusk,Motorcycle,2,Wrong Overtaking,0,1,0,1,4,2,Medium
2023,1,Wednesday,9,KPK,Swat,Rural Road,Average,Dusty/Smoggy,Daylight,Truck/Lorry,2,Over Speeding,1,0,0,1,3,1,Medium
2023,6,Friday,10,Punjab,Sheikhupura,Provincial Highway,Average,Clear,Daylight,Motorcycle,2,Over Speeding,0,0,0,0,4,0,Medium
2020,10,Thursday,7,Balochistan,Khuzdar,Rural Road,Under Repair,Clear,Dawn/Dusk,Bus/Coach,2,Over Speeding,1,0,0,0,3,0,Medium
2020,12,Saturday,6,Islamabad,Islamabad,National Highway,Good,Clear,Daylight,Rickshaw,2,Over Speeding,0,1,0,1,5,0,Medium
2020,12,Thursday,19,Sindh,Sukkur,Provincial Highway,Under Repair,Clear,No Light,Motorcycle,4,Wrong Overtaking,1,0,0,1,4,1,Medium
2019,1,Tuesday,16,Balochistan,Sibi,National Highway,Good,Foggy,Daylight,Truck/Lorry,3,Over Speeding,0,0,0,1,9,2,High
2019,6,Monday,8,Punjab,Multan,Motorway,Poor,Clear,Daylight,Motorcycle,1,Wrong Overtaking,1,0,0,0,3,0,High
2022,6,Wednesday,20,KPK,Mansehra,National Highway,Poor,Rainy,No Light,Motorcycle,2,Wrong Overtaking,1,0,0,0,10,3,High
2018,12,Tuesday,13,Punjab,Rahim Yar Khan,Rural Road,Average,Clear,Daylight,Motorcycle,3,Mechanical Failure,1,0,0,1,4,1,Medium
2020,5,Monday,9,Punjab,Gujranwala,Rural Road,Under Repair,Clear,Daylight,Motorcycle,1,Over Speeding,1,0,0,0,9,1,High
2019,7,Sunday,6,Punjab,Rahim Yar Khan,National Highway,Average,Clear,Dawn/Dusk,Motorcycle,2,Weather Condition,0,1,0,0,5,0,Medium
2023,7,Monday,17,Sindh,Sukkur,Rural Road,Average,Foggy,Daylight,Bicycle,2,Mobile Phone Use,1,0,0,0,5,0,Medium
2020,8,Saturday,13,Punjab,Bahawalpur,Provincial Highway,Poor,Clear,Street Light,Motorcycle,2,Over Speeding,1,1,0,0,2,0,Medium
2023,12,Wednesday,6,Sindh,Mirpur Khas,Rural Road,Under Repair,Rainy,Daylight,Other,2,Wrong Overtaking,0,0,0,1,0,0,Low
2019,1,Wednesday,12,Punjab,Bahawalpur,Provincial Highway,Good,Clear,Daylight,Car/Taxi,2,Wrong Overtaking,1,0,0,1,2,1,Medium
2019,7,Monday,17,Balochistan,Zhob,Provincial Highway,Good,Clear,Daylight,Car/Taxi,4,Mechanical Failure,1,0,0,0,1,0,Low
2022,6,Wednesday,2,Sindh,Dadu,Urban Road,Good,Clear,No Light,Motorcycle,2,Over Speeding,0,0,1,0,3,0,High
2020,7,Sunday,21,Punjab,Faisalabad,National Highway,Good,Extreme Heat,Street Light,Motorcycle,2,Wrong Overtaking,0,1,0,0,11,0,High
2020,5,Saturday,14,Punjab,Sargodha,Rural Road,Good,Clear,Street Light,Van/Pickup,2,Driver Fatigue,0,1,0,0,2,0,Medium
2019,5,Thursday,11,Balochistan,Dera Bugti,Rural Road,Good,Clear,Daylight,Car/Taxi,1,Over Speeding,0,0,0,0,2,0,Low
2020,12,Friday,18,Punjab,Multan,National Highway,Average,Rainy,No Light,Car/Taxi,1,Over Speeding,1,0,0,1,8,0,High
2018,10,Wednesday,8,Sindh,Kashmore,National Highway,Average,Foggy,Street Light,Car/Taxi,2,Over Speeding,1,0,0,0,8,2,High
2018,12,Wednesday,12,Sindh,Jacobabad,Urban Road,Good,Rainy,Daylight,Motorcycle,1,Over Speeding,1,0,0,1,4,0,High
2023,8,Wednesday,1,Punjab,Sheikhupura,Provincial Highway,Average,Clear,No Light,Van/Pickup,2,Over Speeding,0,0,1,0,5,1,Medium
2022,4,Sunday,11,Punjab,Rahim Yar Khan,National Highway,Good,Clear,Daylight,Rickshaw,4,Wrong Overtaking,0,1,0,0,1,0,Low
2020,4,Friday,4,Sindh,Karachi,Rural Road,Good,Dusty/Smoggy,No Light,Rickshaw,1,Wrong Overtaking,0,0,1,0,2,0,Low
2023,2,Wednesday,14,Punjab,Gujranwala,Motorway,Good,Clear,Dawn/Dusk,Motorcycle,1,Wrong Overtaking,0,0,0,1,10,2,High
2023,3,Monday,18,Punjab,Sialkot,Provincial Highway,Average,Clear,Daylight,Motorcycle,1,Mechanical Failure,1,0,0,0,1,0,Medium
2023,7,Monday,6,Punjab,Multan,National Highway,Good,Clear,Daylight,Bus/Coach,1,Pedestrian Error,0,0,0,0,4,0,Medium
2021,7,Friday,21,Punjab,Rahim Yar Khan,Rural Road,Poor,Foggy,Street Light,Bus/Coach,1,Road Condition,0,0,0,0,2,0,Low
2021,11,Thursday,7,Punjab,Sialkot,Provincial Highway,Good,Clear,Daylight,Car/Taxi,1,Over Speeding,1,0,0,1,4,0,Medium
2018,5,Friday,6,Islamabad,Islamabad,Motorway,Poor,Clear,Daylight,Motorcycle,2,Wrong Overtaking,0,0,0,0,5,0,Medium
2023,6,Sunday,15,Sindh,Karachi,Urban Road,Good,Clear,No Light,Car/Taxi,2,Over Speeding,0,1,0,0,1,0,Low
2022,4,Monday,11,KPK,Charsadda,Urban Road,Average,Rainy,Daylight,Motorcycle,1,Over Speeding,0,0,0,0,3,0,High
2022,12,Tuesday,4,Punjab,Sialkot,Rural Road,Poor,Foggy,No Light,Motorcycle,2,Over Speeding,0,0,1,1,11,0,High
2023,8,Friday,18,Punjab,Rahim Yar Khan,Rural Road,Good,Foggy,Daylight,Car/Taxi,2,Mechanical Failure,1,0,0,0,0,0,Low
2021,1,Saturday,8,KPK,Swat,Provincial Highway,Good,Clear,Daylight,Motorcycle,1,Signal Violation,1,1,0,1,5,1,Medium
2022,8,Tuesday,8,Sindh,Mirpur Khas,National Highway,Under Repair,Rainy,Dawn/Dusk,Motorcycle,1,Road Condition,1,0,0,0,7,0,High
2022,7,Sunday,3,Punjab,Bahawalpur,Urban Road,Good,Clear,No Light,Motorcycle,3,Signal Violation,0,1,1,0,5,0,Medium
2019,6,Wednesday,16,Punjab,Faisalabad,Rural Road,Good,Clear,Street Light,Car/Taxi,1,Mechanical Failure,0,0,0,0,1,0,Low
2023,5,Wednesday,18,Sindh,Larkana,National Highway,Average,Clear,Daylight,Motorcycle,2,Over Speeding,1,0,0,0,11,3,High
2021,7,Thursday,13,Balochistan,Loralai,Rural Road,Good,Clear,Daylight,Car/Taxi,1,Mechanical Failure,1,0,0,0,0,0,Low
2023,8,Tuesday,21,Punjab,Faisalabad,Rural Road,Good,Foggy,Street Light,Car/Taxi,3,Driver Fatigue,0,0,0,0,4,1,Medium
2019,1,Wednesday,22,Sindh,Nawabshah,National Highway,Average,Foggy,Street Light,Motorcycle,2,Over Speeding,0,0,1,1,5,1,High
2023,5,Sunday,20,KPK,Bannu,Urban Road,Good,Rainy,Street Light,Car/Taxi,1,Wrong Overtaking,1,1,0,0,5,0,Medium
2022,6,Friday,19,AJK,Rawalakot,Provincial Highway,Poor,Clear,Street Light,Motorcycle,4,Road Condition,1,0,0,0,1,2,Medium
2018,10,Thursday,10,KPK,Mardan,National Highway,Average,Clear,Daylight,Car/Taxi,2,Over Speeding,0,0,0,0,3,0,Medium
2018,4,Thursday,21,Punjab,Multan,Provincial Highway,Good,Rainy,No Light,Rickshaw,2,Wrong Overtaking,0,0,0,0,1,2,Medium
2023,11,Monday,9,KPK,Dera Ismail Khan,Urban Road,Under Repair,Clear,Daylight,Rickshaw,1,Wrong Overtaking,1,0,0,1,2,0,Low
2019,12,Monday,15,KPK,Dera Ismail Khan,Provincial Highway,Good,Clear,Daylight,Motorcycle,3,Over Speeding,0,0,0,1,4,1,High
2022,5,Saturday,5,KPK,Kohat,Rural Road,Under Repair,Foggy,No Light,Bus/Coach,1,Road Condition,0,1,1,0,2,0,Low
2022,6,Thursday,17,KPK,Dera Ismail Khan,Provincial Highway,Poor,Extreme Heat,Daylight,Truck/Lorry,4,Over Speeding,1,0,0,0,2,0,Medium
2022,12,Thursday,23,Balochistan,Chaman,National Highway,Poor,Dusty/Smoggy,No Light,Motorcycle,2,Drunk Driving,0,0,1,1,8,1,High
2020,7,Sunday,9,Punjab,Gujranwala,Urban Road,Poor,Rainy,No Light,Car/Taxi,3,Wrong Overtaking,1,1,0,0,5,0,Medium
2023,12,Monday,15,Punjab,Gujranwala,Provincial Highway,Average,Rainy,Daylight,Rickshaw,1,Mechanical Failure,0,0,0,1,1,0,Low
2022,1,Friday,16,KPK,Dera Ismail Khan,National Highway,Good,Clear,Daylight,Car/Taxi,1,Over Speeding,0,0,0,1,2,0,Medium
2019,12,Tuesday,17,Punjab,Sheikhupura,Provincial Highway,Good,Clear,Daylight,Bicycle,1,Pedestrian Error,1,0,0,1,3,0,Medium
2020,2,Thursday,15,Punjab,Rahim Yar Khan,Rural Road,Poor,Clear,Daylight,Other,1,Over Speeding,0,0,0,1,0,0,Low
2023,1,Thursday,22,Punjab,Sialkot,National Highway,Good,Dusty/Smoggy,Street Light,Car/Taxi,2,Signal Violation,0,0,1,1,1,1,Medium
2023,6,Tuesday,6,KPK,Kohat,National Highway,Poor,Clear,Dawn/Dusk,Motorcycle,2,Over Speeding,0,0,0,0,5,2,High
2020,2,Saturday,21,Punjab,Rawalpindi,Motorway,Good,Clear,No Light,Car/Taxi,1,Over Speeding,0,1,0,1,3,0,High
2022,9,Wednesday,18,KPK,Peshawar,Provincial Highway,Poor,Dusty/Smoggy,Daylight,Bus/Coach,3,Wrong Overtaking,1,0,0,0,3,0,Medium
2023,6,Tuesday,1,Punjab,Sialkot,Rural Road,Average,Clear,No Light,Bus/Coach,3,Signal Violation,0,0,1,0,5,2,Medium
2023,2,Thursday,12,Punjab,Rahim Yar Khan,Provincial Highway,Poor,Rainy,Daylight,Car/Taxi,2,Road Condition,1,0,0,1,2,0,Low
2020,5,Sunday,7,Punjab,Sheikhupura,National Highway,Average,Rainy,Daylight,Truck/Lorry,2,Road Condition,1,1,0,0,5,1,Medium
2023,2,Monday,18,Punjab,Multan,National Highway,Good,Extreme Heat,Daylight,Motorcycle,2,Driver Fatigue,1,0,0,1,6,3,High
2022,3,Sunday,16,Balochistan,Chaman,Urban Road,Good,Clear,Street Light,Car/Taxi,1,Over Speeding,0,1,0,0,1,0,Low
2021,4,Tuesday,8,Balochistan,Turbat,Provincial Highway,Average,Clear,Street Light,Motorcycle,1,Signal Violation,1,0,0,0,1,1,Medium
2021,12,Tuesday,18,KPK,Mardan,Motorway,Good,Clear,Daylight,Car/Taxi,3,Over Speeding,1,0,0,1,2,0,Medium
2018,6,Thursday,21,Punjab,Multan,Rural Road,Good,Clear,No Light,Car/Taxi,2,Driver Fatigue,0,0,0,0,3,1,Medium
2018,4,Saturday,12,Sindh,Hyderabad,National Highway,Average,Clear,Dawn/Dusk,Car/Taxi,3,Mechanical Failure,1,1,0,0,0,0,Low
2022,6,Saturday,8,Punjab,Sialkot,Urban Road,Good,Clear,Daylight,Bicycle,3,Road Condition,1,1,0,0,5,1,Medium
2022,6,Saturday,14,Punjab,Bahawalpur,National Highway,Good,Foggy,Daylight,Car/Taxi,1,Signal Violation,0,1,0,0,10,2,High
2022,6,Sunday,8,Sindh,Sukkur,Provincial Highway,Under Repair,Foggy,Daylight,Motorcycle,1,Driver Fatigue,1,1,0,0,6,3,High
2020,8,Tuesday,3,KPK,Abbottabad,Provincial Highway,Average,Extreme Heat,No Light,Motorcycle,1,Wrong Overtaking,0,0,1,0,4,0,Medium
2019,1,Saturday,18,Punjab,Multan,Provincial Highway,Good,Clear,Daylight,Motorcycle,1,Driver Fatigue,1,1,0,1,1,2,Medium
2018,12,Wednesday,9,Punjab,Gujranwala,Rural Road,Poor,Clear,Daylight,Car/Taxi,3,Over Speeding,1,0,0,1,1,0,Low
2020,1,Wednesday,7,Islamabad,Islamabad,Rural Road,Under Repair,Clear,Daylight,Motorcycle,3,Wrong Overtaking,1,0,0,1,4,0,Medium
2018,11,Tuesday,20,Sindh,Sukkur,Urban Road,Average,Dusty/Smoggy,Street Light,Motorcycle,2,Wrong Overtaking,1,0,0,1,4,1,Medium
2018,9,Saturday,1,Islamabad,Islamabad,Urban Road,Good,Rainy,Street Light,Motorcycle,1,Mechanical Failure,0,1,1,0,4,0,Medium
2020,1,Tuesday,8,Gilgit-Baltistan,Skardu,Rural Road,Average,Clear,Daylight,Car/Taxi,2,Over Speeding,1,0,0,1,2,1,Medium
2020,11,Monday,14,Sindh,Mirpur Khas,National Highway,Average,Clear,Daylight,Bus/Coach,2,Drunk Driving,0,0,0,1,7,2,High
2021,7,Tuesday,20,Punjab,Bahawalpur,Provincial Highway,Good,Clear,No Light,Motorcycle,3,Mechanical Failure,1,0,0,0,2,1,Medium
2019,1,Thursday,11,KPK,Dera Ismail Khan,National Highway,Average,Foggy,Daylight,Motorcycle,1,Over Speeding,0,0,0,1,3,1,High
2022,9,Monday,21,Punjab,Multan,National Highway,Good,Clear,No Light,Car/Taxi,1,Wrong Overtaking,0,0,0,0,4,0,Medium
2018,9,Saturday,17,Punjab,Sialkot,Urban Road,Average,Rainy,Daylight,Motorcycle,2,Over Speeding,1,1,0,0,3,0,High
2023,11,Monday,20,KPK,Bannu,National Highway,Poor,Clear,No Light,Car/Taxi,1,Signal Violation,1,0,0,1,4,2,Medium
2021,12,Tuesday,13,Sindh,Nawabshah,Motorway,Poor,Dusty/Smoggy,Daylight,Van/Pickup,1,Wrong Overtaking,1,0,0,1,2,0,Medium
2023,6,Monday,3,Punjab,Rahim Yar Khan,Provincial Highway,Poor,Clear,No Light,Car/Taxi,2,Over Speeding,0,0,1,0,4,2,High
2019,12,Friday,18,Sindh,Mirpur Khas,Provincial Highway,Under Repair,Extreme Heat,Daylight,Rickshaw,2,Wrong Overtaking,1,0,0,1,1,0,Low
2023,9,Friday,15,KPK,Charsadda,Provincial Highway,Poor,Clear,Daylight,Rickshaw,2,Over Speeding,0,0,0,0,2,0,Medium
2020,12,Tuesday,20,Punjab,Multan,National Highway,Good,Clear,Street Light,Bus/Coach,1,Over Speeding,1,0,0,1,3,0,High
2019,7,Friday,17,Punjab,Sialkot,Rural Road,Good,Clear,Daylight,Bicycle,2,Mechanical Failure,1,0,0,0,1,1,Low
2018,4,Wednesday,17,Punjab,Sargodha,Urban Road,Under Repair,Foggy,Daylight,Motorcycle,1,Pedestrian Error,1,0,0,0,4,2,Medium
2023,1,Thursday,19,Punjab,Rahim Yar Khan,National Highway,Good,Clear,No Light,Car/Taxi,2,Wrong Overtaking,1,0,0,1,0,0,Low
2021,5,Wednesday,20,KPK,Mansehra,Urban Road,Poor,Clear,Street Light,Motorcycle,1,Road Condition,1,0,0,0,1,1,Medium
2022,5,Sunday,14,KPK,Charsadda,National Highway,Good,Clear,Daylight,Bus/Coach,2,Over Speeding,0,1,0,0,4,2,High
2022,1,Friday,19,KPK,Mardan,Rural Road,Average,Clear,Dawn/Dusk,Motorcycle,2,Wrong Overtaking,1,0,0,1,2,0,Low
2021,12,Friday,20,Punjab,Gujranwala,Urban Road,Good,Clear,Street Light,Motorcycle,2,Road Condition,1,0,0,1,4,0,Medium