year,month,day_of_week,hour_of_day,province,district,road_type,road_condition,weather_condition,lighting_condition,vehicle_type,vehicles_involved,accident_cause,is_rush_hour,is_weekend,is_night,is_foggy_month,num_injured,num_killed,severity
2021,10,Sunday,18,Punjab,Rawalpindi,Provincial Highway,Good,Foggy,Daylight,Van/Pickup,4,Over Speeding,1,1,0,0,2,2,High
2018,6,Friday,8,Punjab,Multan,Urban Road,Poor,Rainy,Daylight,Rickshaw,1,Drunk Driving,1,0,0,0,5,1,Medium
2023,12,Tuesday,14,Punjab,Rahim Yar Khan,Rural Road,Average,Dusty/Smoggy,Daylight,Motorcycle,2,Signal Violation,0,0,0,1,0,0,Low
2018,8,Friday,8,Punjab,Bahawalpur,Provincial Highway,Poor,Clear,Daylight,Rickshaw,1,Wrong Overtaking,1,0,0,0,1,0,Medium
2022,1,Saturday,11,Punjab,Faisalabad,Urban Road,Poor,Clear,Daylight,Car/Taxi,2,Signal Violation,0,1,0,1,1,0,Low
2021,6,Saturday,19,Punjab,Sheikhupura,Provincial Highway,Under Repair,Clear,Dawn/Dusk,Motorcycle,1,Road Condition,1,1,0,0,1,0,Medium
2020,5,Saturday,7,KPK,Nowshera,Provincial Highway,Good,Clear,Daylight,Motorcycle,3,Over Speeding,1,1,0,0,3,4,High
2022,9,Sunday,14,KPK,Peshawar,Rural Road,Average,Clear,Daylight,Car/Taxi,3,Drunk Driving,0,1,0,0,2,0,Low
2022,6,Monday,20,Sindh,Sukkur,Provincial Highway,Average,Clear,No Light,Truck/Lorry,4,Drunk Driving,1,0,0,0,2,1,Medium
2018,4,Thursday,16,Punjab,Bahawalpur,Provincial Highway,Good,Foggy,Daylight,Rickshaw,2,Mechanical Failure,0,0,0,0,0,0,Low
2021,4,Saturday,19,Balochistan,Turbat,National Highway,Average,Clear,Dawn/Dusk,Car/Taxi,4,Signal Violation,1,1,0,0,3,2,Medium
2023,2,Friday,14,Islamabad,Islamabad,Rural Road,Average,Clear,Dawn/Dusk,Car/Taxi,2,Over Speeding,0,0,0,1,0,0,Low
2020,3,Wednesday,19,Punjab,Rahim Yar Khan,Urban Road,Average,Clear,No Light,Car/Taxi,2,Driver Fatigue,1,0,0,0,0,0,Low
2020,12,Sunday,20,KPK,Nowshera,Urban Road,Average,Clear,No Light,Motorcycle,2,Wrong Overtaking,1,1,0,1,4,0,Medium
2020,3,Monday,17,Balochistan,Quetta,Provincial Highway,Average,Clear,Daylight,Car/Taxi,3,Signal Violation,1,0,0,0,0,0,Low
2021,5,Wednesday,18,Sindh,Sukkur,Provincial Highway,Poor,Clear,Daylight,Motorcycle,1,Mechanical Failure,1,0,0,0,0,0,Low
2023,11,Friday,18,Punjab,Rahim Yar Khan,Urban Road,Average,Foggy,Daylight,Bicycle,4,Mechanical Failure,1,0,0,1,5,0,Medium
2023,12,Tuesday,9,Sindh,Hyderabad,National Highway,Under Repair,Rainy,Daylight,Motorcycle,2,Wrong Overtaking,1,0,0,1,7,0,High
2023,3,Friday,18,Sindh,Hyderabad,Urban Road,Good,Rainy,Daylight,Car/Taxi,2,Signal Violation,1,0,0,0,1,0,Low
2019,11,Monday,18,Punjab,Rahim Yar Khan,Motorway,Poor,Clear,No Light,Bus/Coach,1,Wrong Overtaking,1,0,0,1,5,0,High
2020,6,Saturday,9,Islamabad,Islamabad,Rural Road,Average,Clear,Daylight,Car/Taxi,1,Over Speeding,1,1,0,0,2,0,Low
2021,11,Saturday,14,KPK,Mardan,Urban Road,Good,Foggy,Street Light,Motorcycle,2,Over Speeding,0,1,0,1,4,0,Medium
2020,2,Monday,18,Punjab,Multan,Provincial Highway,Good,Foggy,Daylight,Motorcycle,1,Wrong Overtaking,1,0,0,1,2,1,High
2020,11,Tuesday,19,Sindh,Nawabshah,National Highway,Good,Foggy,Dawn/Dusk,Car/Taxi,3,Over Speeding,1,0,0,1,9,0,High
2020,4,Tuesday,19,KPK,Peshawar,Motorway,Under Repair,Clear,Street Light,Van/Pickup,2,Signal Violation,1,0,0,0,2,0,Low
2021,12,Thursday,21,Punjab,Rahim Yar Khan,Rural Road,Poor,Clear,Street Light,Rickshaw,3,Road Condition,0,0,0,1,1,0,Low
2021,8,Tuesday,8,Punjab,Sargodha,Provincial Highway,Good,Clear,Daylight,Motorcycle,1,Wrong Overtaking,1,0,0,0,8,1,High
2019,8,Thursday,19,Balochistan,Loralai,Urban Road,Good,Clear,Daylight,Car/Taxi,4,Weather Condition,1,0,0,0,1,0,Low
2021,1,Tuesday,8,Sindh,Karachi,Urban Road,Poor,Rainy,Dawn/Dusk,Motorcycle,3,Mobile Phone Use,1,0,0,1,4,1,Medium
2022,1,Friday,14,Punjab,Rahim Yar Khan,Urban Road,Good,Dusty/Smoggy,Daylight,Car/Taxi,2,Over Speeding,0,0,0,1,2,0,Low
2022,7,Sunday,21,Punjab,Sheikhupura,National Highway,Good,Foggy,No Light,Truck/Lorry,3,Over Speeding,0,1,0,0,10,2,High
2023,2,Sunday,17,Sindh,Thatta,Motorway,Good,Clear,Daylight,Motorcycle,3,Signal Violation,1,1,0,1,4,1,Medium
2021,2,Sunday,14,Sindh,Hyderabad,Rural Road,Average,Clear,Daylight,Bicycle,1,Road Condition,0,1,0,1,2,0,Medium
2020,3,Thursday,7,Punjab,Sargodha,National Highway,Good,Rainy,Daylight,Car/Taxi,2,Drunk Driving,1,0,0,0,3,3,High
2021,3,Monday,9,Sindh,Hyderabad,Provincial Highway,Good,Clear,Daylight,Motorcycle,2,Over Speeding,1,0,0,0,3,1,High
2022,5,Wednesday,13,Punjab,Multan,Provincial Highway,Average,Dusty/Smoggy,Daylight,Motorcycle,2,Pedestrian Error,1,0,0,0,2,0,Medium
2023,4,Monday,12,Punjab,Gujranwala,Provincial Highway,Poor,Dusty/Smoggy,Daylight,Motorcycle,2,Wrong Overtaking,1,0,0,0,3,0,Medium
2020,5,Thursday,10,Sindh,Kashmore,Provincial Highway,Good,Clear,Daylight,Car/Taxi,1,Pedestrian Error,0,0,0,0,1,0,Low
2022,1,Tuesday,16,Punjab,Rawalpindi,Urban Road,Good,Clear,Daylight,Car/Taxi,3,Over Speeding,0,0,0,1,3,0,Medium
2021,2,Monday,16,Balochistan,Loralai,Provincial Highway,Poor,Rainy,Daylight,Car/Taxi,2,Pedestrian Error,0,0,0,1,2,1,Medium
2019,1,Monday,23,Punjab,Sargodha,Rural Road,Poor,Rainy,No Light,Van/Pickup,1,Wrong Overtaking,0,0,1,1,4,0,Medium
2019,11,Sunday,8,KPK,Mansehra,National Highway,Average,Foggy,Daylight,Car/Taxi,1,Wrong Overtaking,1,1,0,1,4,0,Medium
2022,4,Friday,7,Punjab,Sargodha,National Highway,Poor,Clear,Daylight,Motorcycle,3,Pedestrian Error,1,0,0,0,1,0,Medium
2020,4,Saturday,22,Punjab,Rawalpindi,Provincial Highway,Average,Rainy,No Light,Motorcycle,1,Over Speeding,0,1,1,0,2,3,High
2019,5,Monday,4,KPK,Nowshera,Provincial Highway,Good,Foggy,No Light,Truck/Lorry,2,Over Speeding,0,0,1,0,9,3,High
2020,2,Friday,15,Sindh,Jacobabad,Urban Road,Good,Foggy,Daylight,Rickshaw,1,Over Speeding,0,0,0,1,1,0,Low
2018,6,Wednesday,12,KPK,Bannu,National Highway,Under Repair,Clear,Daylight,Car/Taxi,1,Over Speeding,1,0,0,0,1,0,Medium
2022,1,Thursday,6,Sindh,Hyderabad,National Highway,Good,Dusty/Smoggy,Daylight,Motorcycle,3,Wrong Overtaking,0,0,0,1,3,1,High
2021,9,Saturday,20,Sindh,Sukkur,Rural Road,Average,Foggy,No Light,Car/Taxi,2,Signal Violation,1,1,0,0,1,0,Low
2021,5,Saturday,23,KPK,Swat,Provincial Highway,Poor,Clear,No Light,Motorcycle,4,Over Speeding,0,1,1,0,6,1,High
2023,5,Saturday,19,Sindh,Thatta,National Highway,Under Repair,Clear,Dawn/Dusk,Motorcycle,2,Wrong Overtaking,1,1,0,0,10,2,High
2021,12,Sunday,19,Sindh,Karachi,Motorway,Good,Foggy,Dawn/Dusk,Motorcycle,3,Mechanical Failure,1,1,0,1,2,2,High
2018,12,Friday,22,KPK,Mardan,Rural Road,Average,Rainy,No Light,Bus/Coach,3,Signal Violation,0,0,1,1,2,0,Medium
2023,12,Wednesday,19,Islamabad,Islamabad,National Highway,Poor,Rainy,Dawn/Dusk,Rickshaw,2,Drunk Driving,1,0,0,1,6,0,High
2023,5,Monday,6,Punjab,Faisalabad,Rural Road,Good,Foggy,Daylight,Motorcycle,1,Mechanical Failure,0,0,0,0,2,1,Medium
2023,2,Wednesday,5,Sindh,Hyderabad,Provincial Highway,Average,Clear,No Light,Car/Taxi,1,Pedestrian Error,0,0,1,1,0,0,Low
2023,7,Sunday,4,Punjab,Faisalabad,National Highway,Good,Foggy,No Light,Bus/Coach,2,Over Speeding,0,1,1,0,10,2,High
2020,3,Sunday,21,Punjab,Sargodha,Provincial Highway,Good,Foggy,No Light,Motorcycle,2,Over Speeding,0,1,0,0,2,1,High
2023,4,Wednesday,10,Punjab,Sialkot,Motorway,Poor,Clear,Daylight,Motorcycle,2,Over Speeding,0,0,0,0,11,4,High
2019,11,Friday,7,KPK,Nowshera,Provincial Highway,Average,Clear,Dawn/Dusk,Rickshaw,2,Pedestrian Error,1,0,0,1,0,0,Low
2019,12,Wednesday,19,Sindh,Nawabshah,National Highway,Poor,Dusty/Smoggy,No Light,Motorcycle,2,Wrong Overtaking,1,0,0,1,5,0,Medium
2023,3,Saturday,22,KPK,Dera Ismail Khan,Provincial Highway,Poor,Rainy,Street Light,Motorcycle,2,Pedestrian Error,0,1,1,0,5,1,High
2019,7,Sunday,20,Punjab,Lahore,Urban Road,Under Repair,Rainy,No Light,Rickshaw,1,Mobile Phone Use,1,1,0,0,1,0,Low
2021,11,Friday,15,Sindh,Nawabshah,National Highway,Average,Foggy,Daylight,Car/Taxi,3,Road Condition,0,0,0,1,1,0,Low
2018,10,Wednesday,9,Balochistan,Gwadar,Rural Road,Good,Clear,Daylight,Motorcycle,2,Signal Violation,1,0,0,0,3,0,Medium
2019,6,Friday,22,Punjab,Sheikhupura,Urban Road,Good,Clear,Street Light,Car/Taxi,3,Road Condition,0,0,1,0,1,0,Low
2023,12,Tuesday,12,Punjab,Sialkot,Rural Road,Good,Foggy,Daylight,Truck/Lorry,1,Mechanical Failure,1,0,0,1,5,0,Medium
2023,7,Wednesday,17,Sindh,Dadu,Provincial Highway,Poor,Clear,Daylight,Motorcycle,2,Over Speeding,1,0,0,0,3,2,Medium
2018,7,Monday,10,KPK,Charsadda,Urban Road,Good,Clear,Daylight,Motorcycle,1,Over Speeding,0,0,0,0,1,0,Medium
2023,5,Sunday,19,Sindh,Mirpur Khas,Rural Road,Good,Clear,Dawn/Dusk,Motorcycle,2,Mobile Phone Use,1,1,0,0,2,1,Medium
2022,12,Monday,19,Sindh,Kashmore,National Highway,Poor,Clear,Dawn/Dusk,Van/Pickup,2,Road Condition,1,0,0,1,1,0,Low
2019,8,Tuesday,7,KPK,Nowshera,Provincial Highway,Good,Extreme Heat,Street Light,Car/Taxi,4,Road Condition,1,0,0,0,1,0,Low
2018,9,Sunday,19,Punjab,Bahawalpur,Urban Road,Good,Foggy,Dawn/Dusk,Van/Pickup,1,Road Condition,1,1,0,0,0,0,Low
2022,1,Tuesday,6,KPK,Kohat,Provincial Highway,Good,Dusty/Smoggy,Daylight,Rickshaw,2,Wrong Overtaking,0,0,0,1,5,1,Medium
2020,6,Friday,12,Punjab,Bahawalpur,National Highway,Average,Clear,Dawn/Dusk,Car/Taxi,2,Pedestrian Error,1,0,0,0,0,0,Low
2019,5,Saturday,12,Punjab,Rahim Yar Khan,National Highway,Poor,Foggy,Daylight,Car/Taxi,3,Pedestrian Error,1,1,0,0,5,0,Medium
2022,8,Sunday,15,Sindh,Dadu,Rural Road,Average,Rainy,No Light,Bicycle,1,Over Speeding,0,1,0,0,3,1,High
2023,1,Monday,21,KPK,Kohat,Provincial Highway,Good,Foggy,No Light,Motorcycle,2,Wrong Overtaking,0,0,0,1,7,2,High
2023,3,Sunday,12,KPK,Charsadda,National Highway,Average,Clear,Street Light,Motorcycle,3,Over Speeding,1,1,0,0,5,3,High
2019,2,Monday,19,KPK,Bannu,Provincial Highway,Under Repair,Rainy,Dawn/Dusk,Bicycle,1,Over Speeding,1,0,0,1,9,2,High
2019,10,Wednesday,16,Punjab,Lahore,National Highway,Average,Foggy,Daylight,Car/Taxi,2,Over Speeding,0,0,0,0,7,2,High
2021,7,Saturday,17,Punjab,Sargodha,Provincial Highway,Good,Rainy,Daylight,Car/Taxi,3,Drunk Driving,1,1,0,0,1,0,Medium
2021,2,Friday,22,Punjab,Sargodha,Rural Road,Good,Clear,Street Light,Car/Taxi,1,Signal Violation,0,0,1,1,0,0,Low
2022,7,Saturday,12,Balochistan,Turbat,Provincial Highway,Poor,Clear,Daylight,Van/Pickup,3,Over Speeding,1,1,0,0,0,0,Low
2022,12,Thursday,6,Balochistan,Turbat,National Highway,Under Repair,Clear,Daylight,Bus/Coach,2,Wrong Overtaking,0,0,0,1,2,1,High
2023,9,Wednesday,6,Islamabad,Islamabad,Rural Road,Good,Extreme Heat,Daylight,Motorcycle,2,Drunk Driving,0,0,0,0,5,2,Medium
2021,3,Saturday,19,Punjab,Bahawalpur,National Highway,Good,Foggy,Street Light,Motorcycle,2,Wrong Overtaking,1,1,0,0,7,3,High
2019,1,Monday,7,Sindh,Jacobabad,Provincial Highway,Good,Rainy,No Light,Truck/Lorry,4,Over Speeding,1,0,0,1,3,2,Medium
2021,2,Thursday,22,Sindh,Sukkur,National Highway,Good,Clear,No Light,Motorcycle,2,Over Speeding,0,0,1,1,5,2,High
2020,6,Wednesday,21,KPK,Dera Ismail Khan,Motorway,Under Repair,Clear,No Light,Rickshaw,1,Over Speeding,0,0,0,0,5,0,Medium
2019,3,Wednesday,23,Sindh,Larkana,Provincial Highway,Good,Rainy,No Light,Truck/Lorry,1,Wrong Overtaking,0,0,1,0,8,0,High
2023,8,Thursday,1,KPK,Abbottabad,National Highway,Average,Clear,Street Light,Motorcycle,1,Wrong Overtaking,0,0,1,0,7,0,High
2023,7,Sunday,5,Punjab,Multan,Provincial Highway,Good,Clear,Street Light,Motorcycle,3,Over Speeding,0,1,1,0,7,1,High
2023,5,Friday,21,Punjab,Rahim Yar Khan,National Highway,Good,Clear,Street Light,Rickshaw,2,Over Speeding,0,0,0,0,2,0,Medium
2021,6,Saturday,18,Punjab,Gujranwala,Rural Road,Poor,Clear,Daylight,Motorcycle,4,Wrong Overtaking,1,1,0,0,1,1,Medium
2018,10,Sunday,13,Punjab,Rahim Yar Khan,National Highway,Poor,Clear,No Light,Truck/Lorry,2,Over Speeding,1,1,0,0,4,0,Medium
2022,2,Wednesday,7,Punjab,Lahore,Urban Road,Good,Dusty/Smoggy,Daylight,Motorcycle,1,Over Speeding,1,0,0,1,3,0,High
2023,5,Sunday,18,Punjab,Sialkot,Rural Road,Poor,Rainy,Daylight,Bus/Coach,2,Signal Violation,1,1,0,0,2,0,Low
2019,2,Sunday,16,Punjab,Gujranwala,National Highway,Under Repair,Clear,Dawn/Dusk,Car/Taxi,2,Over Speeding,0,1,0,1,3,0,Medium
2022,9,Saturday,5,Sindh,Mirpur Khas,National Highway,Poor,Clear,Dawn/Dusk,Van/Pickup,2,Over Speeding,0,1,1,0,3,0,Medium
2023,6,Thursday,15,Balochistan,Sibi,Provincial Highway,Average,Dusty/Smoggy,Daylight,Bus/Coach,2,Pedestrian Error,0,0,0,0,1,1,Low
2018,7,Friday,9,KPK,Abbottabad,Urban Road,Good,Rainy,Dawn/Dusk,Motorcycle,1,Signal Violation,1,0,0,0,2,1,Medium
2021,2,Friday,10,Punjab,Rawalpindi,National Highway,Good,Dusty/Smoggy,Daylight,Car/Taxi,2,Wrong Overtaking,0,0,0,1,2,0,Medium
2022,11,Sunday,8,Punjab,Sheikhupura,Provincial Highway,Good,Foggy,Daylight,Rickshaw,1,Signal Violation,1,1,0,1,1,0,Medium
2023,6,Saturday,23,Punjab,Bahawalpur,Urban Road,Average,Clear,Street Light,Motorcycle,1,Pedestrian Error,0,1,1,0,1,0,Low
2020,11,Saturday,12,AJK,Muzaffarabad,Motorway,Good,Clear,Daylight,Bus/Coach,2,Over Speeding,1,1,0,1,1,0,Medium
2020,2,Thursday,19,Sindh,Kashmore,Provincial Highway,Good,Rainy,No Light,Motorcycle,2,Wrong Overtaking,1,0,0,1,1,0,Medium
2021,7,Saturday,12,Punjab,Rahim Yar Khan,Provincial Highway,Good,Rainy,Dawn/Dusk,Motorcycle,2,Pedestrian Error,1,1,0,0,3,0,Medium
2023,5,Sunday,9,Balochistan,Chaman,Rural Road,Poor,Clear,Daylight,Motorcycle,3,Wrong Overtaking,1,1,0,0,0,0,Low
2018,7,Wednesday,15,Punjab,Sargodha,Provincial Highway,Good,Clear,Daylight,Car/Taxi,4,Over Speeding,0,0,0,0,5,0,Medium
2023,2,Monday,17,Balochistan,Turbat,Provincial Highway,Average,Clear,Daylight,Van/Pickup,3,Over Speeding,1,0,0,1,2,0,Medium
2022,8,Tuesday,10,Punjab,Gujranwala,Provincial Highway,Average,Foggy,Daylight,Motorcycle,2,Driver Fatigue,0,0,0,0,11,1,High
2019,1,Tuesday,18,Punjab,Rahim Yar Khan,National Highway,Poor,Clear,Daylight,Car/Taxi,2,Signal Violation,1,0,0,1,1,0,Low
2019,8,Sunday,1,Sindh,Jacobabad,Rural Road,Good,Dusty/Smoggy,Street Light,Motorcycle,1,Pedestrian Error,0,1,1,0,1,0,Medium
2018,12,Wednesday,10,Balochistan,Hub,National Highway,Good,Dusty/Smoggy,Daylight,Motorcycle,1,Over Speeding,0,0,0,1,7,2,High
2018,4,Sunday,5,Balochistan,Quetta,Rural Road,Good,Foggy,Dawn/Dusk,Car/Taxi,4,Drunk Driving,0,1,1,0,11,2,High
2023,2,Saturday,15,Sindh,Kashmore,Rural Road,Good,Clear,Daylight,Motorcycle,3,Over Speeding,0,1,0,1,4,0,Medium
2019,8,Monday,22,Punjab,Sialkot,Rural Road,Average,Clear,Street Light,Car/Taxi,2,Pedestrian Error,0,0,1,0,1,0,Low
2022,2,Tuesday,12,Punjab,Sialkot,National Highway,Poor,Clear,Daylight,Truck/Lorry,2,Over Speeding,1,0,0,1,2,2,High
2023,2,Sunday,22,AJK,Mirpur,Provincial Highway,Good,Clear,No Light,Car/Taxi,3,Mechanical Failure,0,1,1,1,4,0,Medium
2018,6,Tuesday,15,Sindh,Sukkur,Provincial Highway,Good,Foggy,Daylight,Motorcycle,1,Driver Fatigue,0,0,0,0,10,3,High
2023,7,Monday,16,KPK,Peshawar,National Highway,Good,Clear,Dawn/Dusk,Car/Taxi,2,Over Speeding,0,0,0,0,7,1,High
2022,3,Wednesday,11,Sindh,Jacobabad,Provincial Highway,Average,Rainy,Daylight,Motorcycle,2,Road Condition,0,0,0,0,1,1,Medium
2023,6,Wednesday,10,Sindh,Nawabshah,National Highway,Under Repair,Rainy,Street Light,Truck/Lorry,2,Signal Violation,0,0,0,0,9,1,High
2021,5,Monday,8,Sindh,Mirpur Khas,Provincial Highway,Average,Clear,No Light,Car/Taxi,2,Wrong Overtaking,1,0,0,0,4,1,Medium
2020,11,Tuesday,5,KPK,Abbottabad,Provincial Highway,Good,Clear,Dawn/Dusk,Motorcycle,1,Wrong Overtaking,0,0,1,1,2,4,High
2021,5,Tuesday,17,Balochistan,Zhob,Motorway,Poor,Dusty/Smoggy,Dawn/Dusk,Motorcycle,2,Over Speeding,1,0,0,0,3,2,High
2023,6,Thursday,19,Sindh,Kashmore,Provincial Highway,Good,Clear,Dawn/Dusk,Rickshaw,4,Road Condition,1,0,0,0,1,0,Low
2023,4,Friday,21,Sindh,Dadu,Provincial Highway,Average,Dusty/Smoggy,Street Light,Motorcycle,2,Drunk Driving,0,0,0,0,1,0,Medium
2020,12,Wednesday,17,Punjab,Bahawalpur,Urban Road,Good,Clear,Daylight,Truck/Lorry,3,Over Speeding,1,0,0,1,1,0,Low
2021,1,Monday,6,Punjab,Bahawalpur,National Highway,Poor,Clear,Daylight,Car/Taxi,1,Road Condition,0,0,0,1,2,0,Low
2018,5,Thursday,19,Islamabad,Islamabad,Rural Road,Average,Foggy,No Light,Rickshaw,2,Mechanical Failure,1,0,0,0,1,0,Low
2019,11,Thursday,18,Punjab,Bahawalpur,Rural Road,Good,Extreme Heat,Daylight,Motorcycle,2,Signal Violation,1,0,0,1,3,0,Medium
2021,10,Sunday,12,KPK,Peshawar,National Highway,Average,Clear,Daylight,Bicycle,1,Wrong Overtaking,1,1,0,0,9,1,High
2022,8,Thursday,6,KPK,Nowshera,National Highway,Under Repair,Foggy,Daylight,Rickshaw,2,Over Speeding,0,0,0,0,8,2,High
2022,1,Friday,19,KPK,Peshawar,National Highway,Good,Clear,Dawn/Dusk,Car/Taxi,1,Signal Violation,1,0,0,1,5,0,Medium
2023,4,Wednesday,19,Islamabad,Islamabad,Rural Road,Average,Clear,Street Light,Motorcycle,2,Over Speeding,1,0,0,0,5,0,Medium
2019,11,Tuesday,13,Sindh,Jacobabad,National Highway,Poor,Clear,Daylight,Bus/Coach,2,Over Speeding,1,0,0,1,4,1,High
2021,2,Sunday,14,Balochistan,Turbat,National Highway,Good,Foggy,Daylight,Motorcycle,3,Signal Violation,0,1,0,1,8,2,High
2023,12,Tuesday,6,Punjab,Rawalpindi,Urban Road,Average,Rainy,Daylight,Motorcycle,3,Mechanical Failure,0,0,0,1,4,2,Medium
2019,4,Saturday,17,Sindh,Kashmore,National Highway,Average,Clear,Daylight,Car/Taxi,3,Pedestrian Error,1,1,0,0,4,1,Medium
2018,12,Saturday,20,KPK,Mardan,Rural Road,Average,Clear,Street Light,Car/Taxi,3,Over Speeding,1,1,0,1,2,0,Medium
2020,4,Thursday,14,Punjab,Rahim Yar Khan,Rural Road,Average,Foggy,Daylight,Bus/Coach,1,Drunk Driving,0,0,0,0,5,0,Medium
2023,8,Thursday,16,KPK,Peshawar,National Highway,Poor,Rainy,Street Light,Car/Taxi,2,Road Condition,0,0,0,0,1,0,Medium
2023,6,Saturday,13,KPK,Kohat,Provincial Highway,Good,Clear,Daylight,Truck/Lorry,1,Wrong Overtaking,1,1,0,0,2,0,Medium
2022,2,Wednesday,0,KPK,Charsadda,Rural Road,Average,Rainy,No Light,Motorcycle,1,Driver Fatigue,0,0,1,1,7,1,High
2018,2,Friday,18,Punjab,Sialkot,National Highway,Under Repair,Clear,Daylight,Motorcycle,2,Wrong Overtaking,1,0,0,1,3,0,Medium
2023,8,Wednesday,12,KPK,Swat,Provincial Highway,Good,Extreme Heat,Daylight,Car/Taxi,3,Over Speeding,1,0,0,0,3,0,Medium
2018,9,Friday,3,Punjab,Rahim Yar Khan,Provincial Highway,Good,Clear,No Light,Car/Taxi,3,Signal Violation,0,0,1,0,0,1,Low
2021,5,Monday,2,KPK,Peshawar,Rural Road,Average,Clear,Street Light,Motorcycle,2,Signal Violation,0,0,1,0,3,0,Medium
2018,6,Saturday,9,Sindh,Kashmore,Provincial Highway,Average,Clear,Daylight,Motorcycle,2,Wrong Overtaking,1,1,0,0,5,0,Medium
2018,4,Monday,18,Sindh,Hyderabad,National Highway,Good,Rainy,Daylight,Motorcycle,1,Signal Violation,1,0,0,0,2,0,High
2018,7,Wednesday,17,Punjab,Faisalabad,Provincial Highway,Poor,Rainy,Daylight,Car/Taxi,1,Over Speeding,1,0,0,0,3,0,Medium
2018,3,Friday,9,Punjab,Rawalpindi,National Highway,Average,Rainy,Daylight,Car/Taxi,1,Over Speeding,1,0,0,0,6,1,High
2020,1,Thursday,19,Punjab,Faisalabad,Rural Road,Good,Clear,Street Light,Truck/Lorry,2,Drunk Driving,1,0,0,1,5,0,Medium
2023,11,Wednesday,21,Punjab,Multan,Urban Road,Good,Foggy,Street Light,Motorcycle,1,Signal Violation,0,0,0,1,2,0,Medium
2020,7,Saturday,14,Sindh,Larkana,Provincial Highway,Good,Foggy,Daylight,Motorcycle,2,Over Speeding,0,1,0,0,4,2,High
2021,9,Saturday,12,Balochistan,Hub,Rural Road,Good,Rainy,Daylight,Rickshaw,2,Road Condition,1,1,0,0,0,1,Low
2022,1,Saturday,18,Punjab,Sheikhupura,Urban Road,Average,Rainy,Daylight,Truck/Lorry,1,Weather Condition,1,1,0,1,1,0,Low
2019,4,Saturday,6,Punjab,Rawalpindi,National Highway,Good,Clear,Street Light,Motorcycle,1,Road Condition,0,1,0,0,4,1,Medium
2018,6,Monday,11,Sindh,Nawabshah,Urban Road,Average,Foggy,Daylight,Motorcycle,2,Signal Violation,0,0,0,0,4,0,Medium
2019,7,Tuesday,2,KPK,Dera Ismail Khan,National Highway,Good,Clear,No Light,Car/Taxi,2,Wrong Overtaking,0,0,1,0,3,0,Medium
2021,12,Tuesday,19,Punjab,Multan,Urban Road,Good,Clear,No Light,Car/Taxi,4,Pedestrian Error,1,0,0,1,1,1,Low
2020,7,Saturday,9,Punjab,Sargodha,Provincial Highway,Average,Foggy,Daylight,Rickshaw,2,Mechanical Failure,1,1,0,0,5,0,Medium
2021,5,Friday,19,Punjab,Multan,Urban Road,Average,Foggy,Street Light,Car/Taxi,3,Drunk Driving,1,0,0,0,2,0,Low
2018,12,Thursday,6,Punjab,Sargodha,Provincial Highway,Average,Dusty/Smoggy,Dawn/Dusk,Bus/Coach,2,Road Condition,0,0,0,1,0,0,Low
2022,1,Saturday,22,Punjab,Lahore,Rural Road,Under Repair,Foggy,No Light,Motorcycle,2,Wrong Overtaking,0,1,1,1,5,0,High
2020,8,Wednesday,14,Punjab,Sheikhupura,Provincial Highway,Average,Foggy,Street Light,Car/Taxi,2,Road Condition,0,0,0,0,2,0,Low
2021,1,Saturday,19,KPK,Peshawar,National Highway,Good,Clear,Dawn/Dusk,Car/Taxi,1,Over Speeding,1,1,0,1,3,1,Medium
2019,12,Wednesday,13,Sindh,Mirpur Khas,National Highway,Poor,Rainy,Daylight,Motorcycle,1,Signal Violation,1,0,0,1,3,1,High
2018,8,Saturday,5,Punjab,Bahawalpur,Provincial Highway,Poor,Clear,Dawn/Dusk,Motorcycle,3,Over Speeding,0,1,1,0,5,2,High
2023,5,Saturday,13,Sindh,Thatta,National Highway,Good,Rainy,Daylight,Car/Taxi,3,Over Speeding,1,1,0,0,5,1,High
2018,1,Monday,20,Sindh,Nawabshah,Urban Road,Poor,Clear,No Light,Motorcycle,1,Signal Violation,1,0,0,1,0,0,Low
2022,11,Saturday,10,Islamabad,Islamabad,National Highway,Poor,Clear,Daylight,Bicycle,1,Over Speeding,0,1,0,1,11,0,High
2019,9,Saturday,18,Punjab,Sialkot,Provincial Highway,Average,Rainy,Daylight,Motorcycle,2,Driver Fatigue,1,1,0,0,5,2,High
2022,12,Wednesday,19,KPK,Mardan,Urban Road,Good,Clear,Dawn/Dusk,Motorcycle,4,Drunk Driving,1,0,0,1,5,0,Medium
2022,12,Saturday,6,KPK,Swat,Provincial Highway,Average,Clear,Dawn/Dusk,Motorcycle,2,Over Speeding,0,1,0,1,4,1,High
2021,12,Thursday,8,Punjab,Bahawalpur,National Highway,Under Repair,Clear,Daylight,Motorcycle,1,Over Speeding,1,0,0,1,10,0,High
2018,11,Monday,5,Balochistan,Turbat,Provincial Highway,Good,Clear,Street Light,Motorcycle,1,Signal Violation,0,0,1,1,9,1,High
2021,5,Wednesday,15,Sindh,Nawabshah,Rural Road,Average,Clear,Daylight,Truck/Lorry,2,Signal Violation,0,0,0,0,5,0,Medium
2023,11,Saturday,18,KPK,Abbottabad,Urban Road,Good,Rainy,Dawn/Dusk,Motorcycle,4,Over Speeding,1,1,0,1,3,1,High
2023,2,Tuesday,6,Punjab,Sargodha,Motorway,Good,Foggy,Daylight,Car/Taxi,1,Road Condition,0,0,0,1,0,0,Low