year,month,day_of_week,hour_of_day,province,district,road_type,road_condition,weather_condition,lighting_condition,vehicle_type,vehicles_involved,accident_cause,is_rush_hour,is_weekend,is_night,is_foggy_month,num_injured,num_killed,severity
2023,3,Friday,12,Punjab,Sheikhupura,National Highway,Poor,Rainy,Daylight,Motorcycle,3,Wrong Overtaking,1,0,0,0,11,0,High
2022,1,Sunday,11,Sindh,Thatta,Rural Road,Average,Clear,Daylight,Rickshaw,2,Over Speeding,0,1,0,1,0,0,Low
2020,8,Sunday,18,Punjab,Bahawalpur,Provincial Highway,Good,Dusty/Smoggy,No Light,Motorcycle,4,Mechanical Failure,1,1,0,0,0,0,Low
2023,2,Sunday,20,Sindh,Dadu,National Highway,Under Repair,Clear,No Light,Motorcycle,4,Drunk Driving,1,1,0,1,11,2,High
2021,6,Tuesday,12,Punjab,Faisalabad,Provincial Highway,Good,Extreme Heat,Daylight,Other,4,Drunk Driving,1,0,0,0,2,1,Medium
2020,2,Friday,7,Sindh,Nawabshah,National Highway,Good,Foggy,Daylight,Motorcycle,2,Signal Violation,1,0,0,1,6,4,High
2019,12,Monday,19,Sindh,Dadu,National Highway,Good,Clear,No Light,Bus/Coach,4,Driver Fatigue,1,0,0,1,2,0,Medium
2020,5,Sunday,3,Punjab,Faisalabad,Provincial Highway,Under Repair,Clear,No Light,Car/Taxi,1,Weather Condition,0,1,1,0,0,0,Low
2021,5,Tuesday,19,Sindh,Dadu,Provincial Highway,Average,Clear,Daylight,Motorcycle,1,Wrong Overtaking,1,0,0,0,1,0,Medium
2023,3,Tuesday,19,Sindh,Hyderabad,National Highway,Good,Foggy,Dawn/Dusk,Motorcycle,1,Mechanical Failure,1,0,0,0,11,0,High
2019,7,Tuesday,20,Punjab,Sheikhupura,National Highway,Poor,Dusty/Smoggy,Street Light,Car/Taxi,2,Road Condition,1,0,0,0,2,0,Low
2021,2,Sunday,19,Punjab,Lahore,Urban Road,Poor,Rainy,Dawn/Dusk,Motorcycle,4,Signal Violation,1,1,0,1,4,0,Medium
2019,1,Saturday,20,Punjab,Sialkot,Rural Road,Poor,Rainy,No Light,Motorcycle,1,Drunk Driving,1,1,0,1,11,1,High
2023,9,Tuesday,9,Punjab,Sialkot,National Highway,Good,Clear,Daylight,Bus/Coach,2,Wrong Overtaking,1,0,0,0,3,1,Medium
2023,12,Tuesday,18,Islamabad,Islamabad,National Highway,Average,Clear,Daylight,Motorcycle,1,Over Speeding,1,0,0,1,2,1,High
2019,10,Sunday,12,Sindh,Hyderabad,Urban Road,Good,Extreme Heat,Daylight,Truck/Lorry,2,Wrong Overtaking,1,1,0,0,0,0,Low
2019,12,Saturday,9,Punjab,Sargodha,National Highway,Average,Clear,Daylight,Rickshaw,1,Signal Violation,1,1,0,1,5,1,Medium
2019,11,Friday,10,Punjab,Rahim Yar Khan,National Highway,Good,Clear,Daylight,Motorcycle,1,Wrong Overtaking,0,0,0,1,1,0,Medium
2022,1,Wednesday,10,Punjab,Multan,Provincial Highway,Under Repair,Rainy,Street Light,Motorcycle,1,Over Speeding,0,0,0,1,3,0,High
2020,12,Monday,18,Sindh,Larkana,Urban Road,Average,Clear,Street Light,Motorcycle,2,Over Speeding,1,0,0,1,5,1,High
2022,5,Thursday,11,Punjab,Sheikhupura,Rural Road,Poor,Foggy,Street Light,Bus/Coach,3,Mechanical Failure,0,0,0,0,1,0,Low
2020,12,Friday,22,Sindh,Hyderabad,Provincial Highway,Average,Rainy,Street Light,Rickshaw,1,Over Speeding,0,0,1,1,7,2,High
2022,11,Monday,10,Punjab,Sheikhupura,Provincial Highway,Average,Rainy,No Light,Motorcycle,3,Over Speeding,0,0,0,1,10,2,High
2021,4,Friday,9,KPK,Bannu,Provincial Highway,Good,Dusty/Smoggy,Daylight,Van/Pickup,2,Driver Fatigue,1,0,0,0,1,0,Medium
2018,7,Friday,13,Punjab,Sialkot,Provincial Highway,Average,Clear,Daylight,Motorcycle,3,Over Speeding,1,0,0,0,11,1,High
2019,11,Monday,22,Sindh,Kashmore,Rural Road,Poor,Foggy,No Light,Motorcycle,1,Driver Fatigue,0,0,1,1,10,0,High
2021,2,Saturday,9,KPK,Nowshera,Urban Road,Average,Rainy,Street Light,Motorcycle,2,Mechanical Failure,1,1,0,1,2,0,Low
2021,3,Thursday,15,Sindh,Larkana,National Highway,Good,Foggy,Daylight,Car/Taxi,1,Over Speeding,0,0,0,0,2,0,High
2020,7,Thursday,16,KPK,Peshawar,Rural Road,Under Repair,Clear,Daylight,Motorcycle,4,Drunk Driving,0,0,0,0,3,2,Medium
2023,2,Monday,19,KPK,Bannu,National Highway,Good,Rainy,Street Light,Motorcycle,2,Over Speeding,1,0,0,1,9,0,High
2018,8,Sunday,10,Punjab,Sheikhupura,National Highway,Good,Dusty/Smoggy,Daylight,Motorcycle,2,Wrong Overtaking,0,1,0,0,4,0,High
2023,7,Friday,7,Sindh,Karachi,Provincial Highway,Good,Clear,Daylight,Rickshaw,1,Over Speeding,1,0,0,0,1,1,Medium
2022,9,Sunday,15,Islamabad,Islamabad,Provincial Highway,Good,Clear,Daylight,Car/Taxi,2,Over Speeding,0,1,0,0,2,0,Medium
2019,11,Monday,18,KPK,Swat,National Highway,Poor,Foggy,Daylight,Car/Taxi,2,Over Speeding,1,0,0,1,5,1,Medium
2020,12,Monday,19,Balochistan,Loralai,National Highway,Good,Clear,Dawn/Dusk,Motorcycle,2,Pedestrian Error,1,0,0,1,3,0,Medium
2023,5,Monday,16,Punjab,Rawalpindi,Motorway,Poor,Foggy,Dawn/Dusk,Car/Taxi,2,Wrong Overtaking,0,0,0,0,5,1,Medium
2021,6,Wednesday,9,Sindh,Mirpur Khas,National Highway,Good,Rainy,Street Light,Car/Taxi,3,Over Speeding,1,0,0,0,4,0,High
2022,6,Friday,22,Balochistan,Hub,Motorway,Good,Foggy,No Light,Motorcycle,2,Over Speeding,0,0,1,0,7,1,High
2023,6,Sunday,9,Punjab,Bahawalpur,Urban Road,Poor,Clear,Dawn/Dusk,Motorcycle,1,Wrong Overtaking,1,1,0,0,2,0,Low
2023,3,Saturday,20,Islamabad,Islamabad,National Highway,Good,Clear,Street Light,Motorcycle,2,Wrong Overtaking,1,1,0,0,2,0,Medium
2022,6,Saturday,14,Punjab,Sheikhupura,Provincial Highway,Good,Clear,Street Light,Truck/Lorry,3,Signal Violation,0,1,0,0,2,0,Low
2021,6,Saturday,7,Balochistan,Quetta,National Highway,Average,Clear,Daylight,Car/Taxi,2,Signal Violation,1,1,0,0,1,0,Medium
2020,7,Monday,15,Sindh,Hyderabad,National Highway,Good,Clear,Daylight,Rickshaw,1,Wrong Overtaking,0,0,0,0,5,1,Medium
2023,5,Monday,19,Punjab,Gujranwala,Urban Road,Good,Rainy,Dawn/Dusk,Rickshaw,1,Over Speeding,1,0,0,0,5,0,Medium
2019,5,Friday,0,Balochistan,Quetta,Provincial Highway,Poor,Clear,Street Light,Rickshaw,2,Drunk Driving,0,0,1,0,4,1,Medium
2020,7,Friday,14,Punjab,Sialkot,Rural Road,Average,Clear,Daylight,Motorcycle,1,Signal Violation,0,0,0,0,0,0,Low
2021,11,Monday,21,Punjab,Sialkot,Provincial Highway,Average,Clear,No Light,Bicycle,3,Road Condition,0,0,0,1,4,2,Medium
2022,9,Sunday,13,Punjab,Rawalpindi,National Highway,Poor,Clear,Daylight,Van/Pickup,1,Pedestrian Error,1,1,0,0,5,0,Medium
2020,6,Monday,14,Sindh,Larkana,National Highway,Average,Clear,Daylight,Rickshaw,2,Road Condition,0,0,0,0,0,0,Low
2021,6,Monday,8,AJK,Rawalakot,Urban Road,Good,Foggy,Daylight,Truck/Lorry,2,Road Condition,1,0,0,0,0,1,Low
2023,11,Friday,12,Punjab,Gujranwala,Rural Road,Average,Clear,No Light,Car/Taxi,4,Mechanical Failure,1,0,0,1,2,0,Low
2018,2,Saturday,16,Sindh,Dadu,Provincial Highway,Good,Clear,Daylight,Car/Taxi,3,Road Condition,0,1,0,1,2,0,Low
2022,12,Thursday,4,Punjab,Rahim Yar Khan,Provincial Highway,Good,Clear,No Light,Bus/Coach,1,Over Speeding,0,0,1,1,3,1,Medium
2021,1,Tuesday,16,KPK,Abbottabad,National Highway,Average,Clear,Dawn/Dusk,Motorcycle,2,Signal Violation,0,0,0,1,1,0,Medium
2020,5,Friday,4,Punjab,Faisalabad,Urban Road,Poor,Clear,Street Light,Bus/Coach,2,Over Speeding,0,0,1,0,3,0,Medium
2018,3,Wednesday,18,Punjab,Sialkot,Provincial Highway,Good,Clear,Daylight,Bus/Coach,3,Road Condition,1,0,0,0,2,0,Low
2018,2,Wednesday,5,Punjab,Rahim Yar Khan,Urban Road,Good,Foggy,Dawn/Dusk,Motorcycle,2,Over Speeding,0,0,1,1,2,2,High
2018,6,Tuesday,14,Sindh,Karachi,National Highway,Poor,Clear,Daylight,Motorcycle,1,Drunk Driving,0,0,0,0,7,1,High
2021,7,Thursday,9,Balochistan,Sibi,National Highway,Poor,Clear,Daylight,Bicycle,4,Pedestrian Error,1,0,0,0,4,3,High
2018,7,Saturday,15,Sindh,Kashmore,Rural Road,Average,Clear,Daylight,Motorcycle,3,Pedestrian Error,0,1,0,0,0,1,Low
2023,8,Saturday,0,Punjab,Rawalpindi,Motorway,Good,Rainy,No Light,Bus/Coach,3,Mechanical Failure,0,1,1,0,5,0,Medium
2020,7,Monday,8,Sindh,Sukkur,Rural Road,Poor,Clear,Daylight,Motorcycle,2,Over Speeding,1,0,0,0,2,2,High
2023,1,Friday,17,KPK,Charsadda,Provincial Highway,Poor,Clear,Daylight,Van/Pickup,2,Driver Fatigue,1,0,0,1,5,1,Medium
2021,7,Sunday,19,Punjab,Sialkot,National Highway,Under Repair,Dusty/Smoggy,Street Light,Motorcycle,2,Wrong Overtaking,1,1,0,0,9,0,High
2019,12,Monday,1,Punjab,Rawalpindi,Rural Road,Average,Clear,No Light,Rickshaw,3,Pedestrian Error,0,0,1,1,2,0,Low
2023,6,Monday,18,Punjab,Sialkot,Rural Road,Average,Clear,No Light,Car/Taxi,4,Road Condition,1,0,0,0,1,0,Low
2023,6,Sunday,13,KPK,Mansehra,Motorway,Good,Clear,Daylight,Bus/Coach,4,Pedestrian Error,1,1,0,0,0,0,Low
2022,12,Friday,1,Sindh,Sukkur,Provincial Highway,Average,Rainy,Street Light,Motorcycle,2,Over Speeding,0,0,1,1,7,1,High
2019,10,Sunday,10,Sindh,Nawabshah,Urban Road,Average,Foggy,Daylight,Motorcycle,2,Wrong Overtaking,0,1,0,0,8,4,High
2020,2,Saturday,8,Punjab,Rahim Yar Khan,National Highway,Poor,Dusty/Smoggy,Daylight,Bus/Coach,2,Drunk Driving,1,1,0,1,5,0,Medium
2022,12,Monday,17,Punjab,Bahawalpur,Rural Road,Average,Clear,Daylight,Car/Taxi,2,Mechanical Failure,1,0,0,1,1,0,Low
2020,7,Monday,8,Islamabad,Islamabad,Urban Road,Average,Rainy,Daylight,Motorcycle,1,Pedestrian Error,1,0,0,0,3,1,Medium
2020,1,Thursday,8,Punjab,Sheikhupura,Urban Road,Average,Extreme Heat,Dawn/Dusk,Rickshaw,2,Signal Violation,1,0,0,1,1,0,Low
2020,9,Monday,19,Balochistan,Khuzdar,Urban Road,Poor,Clear,Dawn/Dusk,Motorcycle,2,Mechanical Failure,1,0,0,0,3,0,Medium
2021,7,Sunday,15,Sindh,Hyderabad,Urban Road,Poor,Clear,No Light,Van/Pickup,1,Wrong Overtaking,0,1,0,0,0,0,Low
2020,7,Wednesday,18,Punjab,Rahim Yar Khan,National Highway,Good,Clear,Daylight,Van/Pickup,2,Road Condition,1,0,0,0,2,0,Low
2022,6,Wednesday,16,Sindh,Kashmore,Urban Road,Average,Clear,Daylight,Car/Taxi,1,Over Speeding,0,0,0,0,5,0,Medium
2022,7,Friday,16,Islamabad,Islamabad,Provincial Highway,Good,Rainy,Dawn/Dusk,Truck/Lorry,2,Signal Violation,0,0,0,0,1,0,Medium
2021,4,Wednesday,20,Punjab,Sargodha,Provincial Highway,Average,Clear,Street Light,Car/Taxi,3,Signal Violation,1,0,0,0,0,0,Low
2022,10,Tuesday,17,Balochistan,Chaman,National Highway,Good,Rainy,Daylight,Motorcycle,3,Mobile Phone Use,1,0,0,0,4,4,High
2023,7,Monday,5,Punjab,Sheikhupura,Rural Road,Average,Rainy,Daylight,Motorcycle,4,Signal Violation,0,0,1,0,3,0,Medium
2018,9,Friday,19,Sindh,Karachi,Urban Road,Poor,Clear,Dawn/Dusk,Rickshaw,2,Mechanical Failure,1,0,0,0,2,0,Low
2023,1,Thursday,20,Balochistan,Quetta,National Highway,Good,Clear,Street Light,Motorcycle,1,Mechanical Failure,1,0,0,1,10,1,High
2023,10,Friday,9,Islamabad,Islamabad,National Highway,Average,Clear,Daylight,Van/Pickup,2,Pedestrian Error,1,0,0,0,1,0,Low
2020,12,Thursday,9,Sindh,Karachi,Provincial Highway,Good,Clear,Street Light,Motorcycle,1,Wrong Overtaking,1,0,0,1,1,0,Medium
2021,7,Saturday,5,Sindh,Larkana,Urban Road,Poor,Clear,No Light,Car/Taxi,3,Over Speeding,0,1,1,0,2,0,Medium
2018,3,Friday,8,Punjab,Rawalpindi,National Highway,Under Repair,Clear,Daylight,Motorcycle,1,Wrong Overtaking,1,0,0,0,4,2,Medium
2018,7,Monday,4,Punjab,Sargodha,Provincial Highway,Poor,Extreme Heat,No Light,Rickshaw,2,Over Speeding,0,0,1,0,5,1,Medium
2022,11,Thursday,5,Punjab,Sialkot,National Highway,Average,Clear,Dawn/Dusk,Truck/Lorry,1,Drunk Driving,0,0,1,1,4,3,High
2020,5,Tuesday,12,Punjab,Rawalpindi,Rural Road,Average,Rainy,Daylight,Motorcycle,1,Pedestrian Error,1,0,0,0,1,0,Low
2023,7,Wednesday,20,Punjab,Rawalpindi,Urban Road,Good,Rainy,No Light,Bus/Coach,2,Signal Violation,1,0,0,0,1,1,Medium
2020,10,Wednesday,19,Punjab,Gujranwala,Provincial Highway,Average,Clear,Street Light,Truck/Lorry,3,Road Condition,1,0,0,0,1,0,Low
2019,12,Wednesday,13,Islamabad,Islamabad,National Highway,Good,Clear,Daylight,Motorcycle,1,Signal Violation,1,0,0,1,11,1,High
2023,5,Wednesday,20,KPK,Swat,Provincial Highway,Good,Dusty/Smoggy,No Light,Motorcycle,1,Wrong Overtaking,1,0,0,0,3,2,Medium
2023,11,Saturday,19,Sindh,Dadu,Rural Road,Good,Dusty/Smoggy,Daylight,Bus/Coach,2,Mobile Phone Use,1,1,0,1,1,0,Low
2021,5,Tuesday,10,AJK,Muzaffarabad,National Highway,Average,Foggy,Daylight,Motorcycle,1,Over Speeding,0,0,0,0,10,2,High
2019,1,Thursday,10,Punjab,Lahore,Rural Road,Poor,Rainy,Dawn/Dusk,Motorcycle,2,Wrong Overtaking,0,0,0,1,6,1,High
2021,12,Wednesday,0,Sindh,Mirpur Khas,National Highway,Average,Clear,Street Light,Motorcycle,2,Signal Violation,0,0,1,1,10,1,High
2022,11,Sunday,17,Sindh,Thatta,National Highway,Poor,Clear,Daylight,Car/Taxi,1,Wrong Overtaking,1,1,0,1,2,0,Low
2018,1,Sunday,5,Punjab,Multan,National Highway,Poor,Rainy,Dawn/Dusk,Car/Taxi,2,Mechanical Failure,0,1,1,1,3,2,Medium
2023,5,Sunday,22,KPK,Bannu,National Highway,Poor,Clear,Street Light,Motorcycle,2,Wrong Overtaking,0,1,1,0,6,3,High
2021,10,Friday,18,Punjab,Sargodha,Rural Road,Average,Foggy,Daylight,Car/Taxi,4,Signal Violation,1,0,0,0,3,1,Medium
2021,11,Friday,15,Punjab,Rawalpindi,National Highway,Poor,Foggy,Daylight,Car/Taxi,3,Road Condition,0,0,0,1,2,0,Medium
2018,1,Thursday,19,Punjab,Sialkot,Rural Road,Good,Foggy,Dawn/Dusk,Motorcycle,3,Signal Violation,1,0,0,1,4,0,High
2018,4,Saturday,6,Islamabad,Islamabad,Provincial Highway,Under Repair,Dusty/Smoggy,Daylight,Motorcycle,2,Driver Fatigue,0,1,0,0,4,1,High
2019,3,Monday,22,KPK,Mansehra,National Highway,Good,Clear,Street Light,Truck/Lorry,2,Mechanical Failure,0,0,1,0,1,1,Medium
2022,7,Saturday,12,Sindh,Mirpur Khas,Provincial Highway,Good,Clear,Daylight,Bus/Coach,1,Over Speeding,1,1,0,0,2,2,High
2020,2,Tuesday,8,Sindh,Thatta,National Highway,Average,Extreme Heat,Daylight,Truck/Lorry,2,Wrong Overtaking,1,0,0,1,3,0,Medium
2020,8,Saturday,19,Punjab,Lahore,Urban Road,Average,Foggy,Dawn/Dusk,Motorcycle,2,Over Speeding,1,1,0,0,1,0,Medium
2023,12,Sunday,19,Sindh,Kashmore,National Highway,Good,Clear,Dawn/Dusk,Motorcycle,1,Wrong Overtaking,1,1,0,1,8,0,High
2022,5,Wednesday,6,Punjab,Multan,Urban Road,Good,Foggy,Daylight,Bus/Coach,1,Wrong Overtaking,0,0,0,0,4,1,Medium
2023,1,Friday,15,Punjab,Sargodha,National Highway,Poor,Clear,Dawn/Dusk,Van/Pickup,2,Road Condition,0,0,0,1,3,0,Medium
2020,11,Wednesday,9,KPK,Mansehra,Rural Road,Good,Clear,No Light,Motorcycle,1,Mechanical Failure,1,0,0,1,4,0,Medium
2018,2,Monday,7,Punjab,Sargodha,National Highway,Good,Foggy,Daylight,Bus/Coach,2,Over Speeding,1,0,0,1,4,3,High
2023,10,Sunday,22,Punjab,Rawalpindi,Provincial Highway,Under Repair,Clear,Street Light,Car/Taxi,1,Over Speeding,0,1,1,0,2,0,Medium
2022,11,Friday,18,KPK,Abbottabad,National Highway,Poor,Clear,Daylight,Car/Taxi,1,Road Condition,1,0,0,1,1,1,Low
2023,8,Sunday,14,KPK,Peshawar,National Highway,Under Repair,Clear,Daylight,Car/Taxi,2,Mobile Phone Use,0,1,0,0,1,0,Low
2019,6,Wednesday,13,Sindh,Jacobabad,National Highway,Good,Dusty/Smoggy,Street Light,Motorcycle,1,Mechanical Failure,1,0,0,0,5,0,Medium
2023,7,Friday,9,Punjab,Multan,Rural Road,Under Repair,Clear,Street Light,Rickshaw,2,Road Condition,1,0,0,0,1,0,Low
2023,2,Sunday,21,Punjab,Sheikhupura,Urban Road,Poor,Clear,Street Light,Bus/Coach,3,Wrong Overtaking,0,1,0,1,3,0,Medium
2018,7,Thursday,17,KPK,Kohat,National Highway,Average,Foggy,Daylight,Truck/Lorry,4,Mechanical Failure,1,0,0,0,3,0,Medium
2018,1,Thursday,18,KPK,Kohat,National Highway,Average,Extreme Heat,Daylight,Motorcycle,3,Signal Violation,1,0,0,1,2,0,High
2021,1,Thursday,10,Sindh,Dadu,Rural Road,Good,Clear,Dawn/Dusk,Car/Taxi,1,Driver Fatigue,0,0,0,1,0,0,Low
2023,12,Saturday,9,Islamabad,Islamabad,Provincial Highway,Average,Clear,Daylight,Car/Taxi,3,Over Speeding,1,1,0,1,2,0,Medium
2023,11,Tuesday,17,Islamabad,Islamabad,National Highway,Good,Dusty/Smoggy,Daylight,Car/Taxi,2,Pedestrian Error,1,0,0,1,1,0,Low
2020,6,Thursday,21,Punjab,Lahore,Rural Road,Poor,Clear,No Light,Bus/Coach,3,Drunk Driving,0,0,0,0,0,0,Low
2019,10,Thursday,8,KPK,Mansehra,Provincial Highway,Average,Clear,Street Light,Car/Taxi,2,Mobile Phone Use,1,0,0,0,0,0,Low
2018,7,Sunday,20,Sindh,Thatta,Provincial Highway,Average,Rainy,No Light,Motorcycle,2,Wrong Overtaking,1,1,0,0,5,2,High
2023,6,Friday,13,Sindh,Karachi,Urban Road,Good,Clear,No Light,Rickshaw,3,Pedestrian Error,1,0,0,0,2,0,Low
2021,5,Wednesday,10,Punjab,Rahim Yar Khan,Rural Road,Average,Clear,Daylight,Motorcycle,2,Signal Violation,0,0,0,0,2,1,Medium
2022,5,Saturday,19,Sindh,Dadu,Urban Road,Good,Clear,No Light,Car/Taxi,2,Over Speeding,1,1,0,0,2,0,Low
2019,1,Saturday,17,Balochistan,Chaman,Provincial Highway,Good,Clear,Daylight,Bus/Coach,2,Signal Violation,1,1,0,1,1,1,Medium
2022,7,Saturday,12,KPK,Mansehra,Motorway,Average,Foggy,Daylight,Car/Taxi,2,Road Condition,1,1,0,0,5,0,Medium
2022,6,Tuesday,19,KPK,Bannu,Provincial Highway,Poor,Clear,Dawn/Dusk,Car/Taxi,2,Wrong Overtaking,1,0,0,0,2,0,Low
2023,1,Tuesday,16,Punjab,Rawalpindi,Rural Road,Poor,Rainy,Daylight,Car/Taxi,1,Wrong Overtaking,0,0,0,1,0,0,Low
2020,2,Friday,12,Punjab,Multan,Rural Road,Average,Clear,Dawn/Dusk,Motorcycle,3,Wrong Overtaking,1,0,0,1,2,0,Medium
2019,4,Friday,6,Punjab,Rawalpindi,Provincial Highway,Average,Clear,Daylight,Bus/Coach,2,Pedestrian Error,0,0,0,0,2,0,Low
2022,5,Thursday,23,Punjab,Gujranwala,National Highway,Good,Clear,No Light,Car/Taxi,2,Over Speeding,0,0,1,0,4,0,High
2021,9,Saturday,18,Sindh,Karachi,Provincial Highway,Average,Dusty/Smoggy,Daylight,Van/Pickup,1,Mechanical Failure,1,1,0,0,2,0,Low
2019,9,Sunday,21,Punjab,Lahore,National Highway,Poor,Extreme Heat,Street Light,Bus/Coach,2,Over Speeding,0,1,0,0,11,3,High
2023,10,Friday,15,Sindh,Hyderabad,National Highway,Poor,Clear,Street Light,Bus/Coach,1,Wrong Overtaking,0,0,0,0,9,0,High
2022,5,Saturday,18,Sindh,Karachi,Rural Road,Poor,Clear,Daylight,Motorcycle,2,Driver Fatigue,1,1,0,0,10,2,High
2021,8,Thursday,8,Punjab,Rawalpindi,National Highway,Average,Foggy,Daylight,Motorcycle,2,Mobile Phone Use,1,0,0,0,9,1,High
2019,5,Wednesday,16,Punjab,Faisalabad,Motorway,Poor,Clear,Daylight,Motorcycle,1,Over Speeding,0,0,0,0,5,1,High
2023,5,Friday,16,Balochistan,Dera Bugti,National Highway,Poor,Clear,Daylight,Truck/Lorry,2,Road Condition,0,0,0,0,1,0,Medium
2022,12,Saturday,11,Punjab,Sargodha,Provincial Highway,Poor,Clear,Daylight,Motorcycle,2,Pedestrian Error,0,1,0,1,0,0,Low
2019,1,Thursday,11,Punjab,Bahawalpur,National Highway,Average,Clear,Daylight,Car/Taxi,2,Signal Violation,0,0,0,1,5,0,Medium
2020,6,Tuesday,20,KPK,Mardan,Provincial Highway,Poor,Foggy,No Light,Motorcycle,4,Signal Violation,1,0,0,0,5,0,High
2021,2,Monday,9,Gilgit-Baltistan,Skardu,Urban Road,Poor,Foggy,Daylight,Rickshaw,3,Over Speeding,1,0,0,1,3,0,Medium
2023,6,Thursday,12,KPK,Swat,Rural Road,Average,Rainy,Dawn/Dusk,Car/Taxi,2,Mechanical Failure,1,0,0,0,1,0,Low
2021,2,Friday,23,Punjab,Bahawalpur,Rural Road,Average,Rainy,No Light,Motorcycle,1,Wrong Overtaking,0,0,1,1,8,0,High
2022,7,Saturday,8,Punjab,Rahim Yar Khan,National Highway,Good,Clear,Daylight,Car/Taxi,2,Driver Fatigue,1,1,0,0,7,2,High
2020,6,Friday,17,AJK,Muzaffarabad,Provincial Highway,Good,Clear,Daylight,Car/Taxi,2,Over Speeding,1,0,0,0,4,1,Medium
2022,9,Tuesday,14,KPK,Charsadda,National Highway,Average,Clear,Daylight,Bus/Coach,1,Signal Violation,0,0,0,0,3,0,Medium
2021,11,Sunday,7,Sindh,Thatta,National Highway,Good,Foggy,Daylight,Motorcycle,3,Pedestrian Error,1,1,0,1,10,0,High
2021,8,Saturday,19,Punjab,Faisalabad,Rural Road,Average,Foggy,Dawn/Dusk,Van/Pickup,2,Over Speeding,1,1,0,0,1,0,Low
2019,6,Sunday,12,Punjab,Rawalpindi,Provincial Highway,Average,Rainy,Daylight,Motorcycle,2,Wrong Overtaking,1,1,0,0,10,0,High
2021,6,Saturday,8,Punjab,Sheikhupura,Motorway,Poor,Clear,Daylight,Motorcycle,2,Road Condition,1,1,0,0,3,1,Medium
2023,3,Thursday,6,Sindh,Kashmore,Rural Road,Poor,Clear,Daylight,Rickshaw,2,Pedestrian Error,0,0,0,0,2,0,Low
2020,6,Friday,4,Punjab,Gujranwala,Provincial Highway,Good,Clear,Street Light,Motorcycle,4,Over Speeding,0,0,1,0,10,1,High
2021,7,Wednesday,7,Gilgit-Baltistan,Hunza,National Highway,Good,Clear,Daylight,Rickshaw,1,Pedestrian Error,1,0,0,0,3,0,Medium
2020,12,Sunday,10,Punjab,Gujranwala,National Highway,Poor,Foggy,Daylight,Car/Taxi,3,Over Speeding,0,1,0,1,8,1,High
2022,12,Friday,11,KPK,Dera Ismail Khan,Urban Road,Poor,Clear,Daylight,Motorcycle,1,Road Condition,0,0,0,1,0,1,Low
2019,11,Monday,2,Punjab,Faisalabad,Rural Road,Good,Clear,No Light,Bus/Coach,2,Weather Condition,0,0,1,1,1,0,Medium
2022,3,Wednesday,20,Sindh,Hyderabad,Provincial Highway,Average,Clear,No Light,Truck/Lorry,2,Mechanical Failure,1,0,0,0,1,0,Low
2023,1,Saturday,0,Punjab,Lahore,Rural Road,Good,Clear,Street Light,Motorcycle,3,Drunk Driving,0,1,1,1,10,2,High
2023,9,Wednesday,13,KPK,Mansehra,Provincial Highway,Good,Clear,Daylight,Motorcycle,2,Over Speeding,1,0,0,0,8,1,High
2020,4,Wednesday,19,Sindh,Jacobabad,Rural Road,Good,Clear,No Light,Rickshaw,2,Wrong Overtaking,1,0,0,0,1,0,Low
2022,10,Saturday,15,Punjab,Gujranwala,Rural Road,Average,Rainy,Daylight,Truck/Lorry,2,Mechanical Failure,0,1,0,0,2,1,Low
2022,8,Saturday,20,Balochistan,Khuzdar,Urban Road,Good,Clear,No Light,Bus/Coach,2,Wrong Overtaking,1,1,0,0,1,1,Low
2023,1,Friday,11,Sindh,Kashmore,Rural Road,Poor,Dusty/Smoggy,No Light,Car/Taxi,2,Over Speeding,0,0,0,1,1,0,Low
2022,3,Wednesday,13,Islamabad,Islamabad,Provincial Highway,Good,Clear,Daylight,Truck/Lorry,1,Over Speeding,1,0,0,0,8,1,High
2019,11,Friday,0,Balochistan,Dera Bugti,National Highway,Average,Clear,Street Light,Truck/Lorry,3,Over Speeding,0,0,1,1,9,1,High
2018,12,Thursday,13,Islamabad,Islamabad,Urban Road,Good,Clear,Daylight,Motorcycle,1,Road Condition,1,0,0,1,4,1,Medium
2022,12,Monday,13,Punjab,Sheikhupura,Urban Road,Average,Clear,Daylight,Car/Taxi,1,Over Speeding,1,0,0,1,2,1,Low
2021,6,Wednesday,13,Punjab,Bahawalpur,Urban Road,Poor,Dusty/Smoggy,Daylight,Motorcycle,2,Mechanical Failure,1,0,0,0,3,0,Medium
2020,10,Tuesday,16,AJK,Mirpur,National Highway,Poor,Clear,No Light,Motorcycle,4,Mechanical Failure,0,0,0,0,3,2,High
2021,11,Friday,6,Sindh,Sukkur,National Highway,Average,Clear,Dawn/Dusk,Bus/Coach,1,Over Speeding,0,0,0,1,10,1,High
2023,1,Friday,0,Punjab,Sargodha,Motorway,Good,Dusty/Smoggy,Street Light,Bicycle,1,Signal Violation,0,0,1,1,8,3,High
2019,3,Monday,20,KPK,Bannu,Urban Road,Good,Clear,Street Light,Motorcycle,2,Pedestrian Error,1,0,0,0,4,1,Medium
2023,10,Thursday,18,Punjab,Faisalabad,Provincial Highway,Average,Clear,Daylight,Car/Taxi,4,Over Speeding,1,0,0,0,1,0,Medium
2021,9,Thursday,16,KPK,Dera Ismail Khan,Urban Road,Average,Foggy,Street Light,Motorcycle,1,Over Speeding,0,0,0,0,7,0,High