year,month,day_of_week,hour_of_day,province,district,road_type,road_condition,weather_condition,lighting_condition,vehicle_type,vehicles_involved,accident_cause,is_rush_hour,is_weekend,is_night,is_foggy_month,num_injured,num_killed,severity
2019,2,Monday,16,KPK,Nowshera,Rural Road,Poor,Extreme Heat,Daylight,Rickshaw,2,Over Speeding,0,0,0,1,2,0,Low
2021,5,Thursday,22,KPK,Charsadda,Rural Road,Poor,Rainy,No Light,Motorcycle,3,Wrong Overtaking,0,0,1,0,4,2,Medium
2023,10,Saturday,21,Punjab,Sialkot,Rural Road,Under Repair,Clear,No Light,Rickshaw,1,Over Speeding,0,1,0,0,0,0,Low
2023,5,Friday,23,Punjab,Sialkot,Provincial Highway,Good,Clear,No Light,Truck/Lorry,1,Over Speeding,0,0,1,0,9,2,High
2023,1,Wednesday,1,Punjab,Bahawalpur,Rural Road,Poor,Foggy,No Light,Car/Taxi,2,Pedestrian Error,0,0,1,1,0,0,Low
2020,8,Tuesday,22,Sindh,Sukkur,Rural Road,Good,Clear,No Light,Car/Taxi,2,Driver Fatigue,0,0,1,0,2,0,Medium
2023,1,Sunday,21,Punjab,Bahawalpur,National Highway,Poor,Foggy,Street Light,Bus/Coach,2,Over Speeding,0,1,0,1,7,1,High
2022,7,Monday,11,Sindh,Kashmore,National Highway,Poor,Foggy,Daylight,Rickshaw,2,Signal Violation,0,0,0,0,2,2,High
2019,3,Thursday,17,Sindh,Karachi,Urban Road,Average,Clear,Street Light,Bus/Coach,1,Pedestrian Error,1,0,0,0,0,0,Low
2023,6,Thursday,22,Sindh,Hyderabad,Rural Road,Average,Rainy,No Light,Bicycle,3,Pedestrian Error,0,0,1,0,1,1,Medium
2019,10,Monday,22,KPK,Mansehra,Provincial Highway,Under Repair,Clear,No Light,Car/Taxi,2,Over Speeding,0,0,1,0,5,1,Medium
2022,6,Saturday,8,Sindh,Hyderabad,Urban Road,Average,Clear,Daylight,Motorcycle,1,Over Speeding,1,1,0,0,9,2,High
2023,11,Friday,19,Punjab,Rahim Yar Khan,Urban Road,Average,Extreme Heat,Daylight,Car/Taxi,1,Wrong Overtaking,1,0,0,1,2,0,Low
2023,3,Monday,16,KPK,Mardan,Provincial Highway,Poor,Clear,Daylight,Car/Taxi,1,Drunk Driving,0,0,0,0,0,0,Low
2023,7,Thursday,17,KPK,Abbottabad,Provincial Highway,Poor,Rainy,Daylight,Motorcycle,2,Drunk Driving,1,0,0,0,8,0,High
2021,12,Friday,18,Punjab,Rawalpindi,National Highway,Average,Foggy,Dawn/Dusk,Motorcycle,2,Mobile Phone Use,1,0,0,1,2,1,High
2019,12,Wednesday,12,Sindh,Larkana,Motorway,Good,Rainy,Daylight,Motorcycle,1,Wrong Overtaking,1,0,0,1,5,0,High
2019,10,Wednesday,23,Punjab,Sheikhupura,National Highway,Good,Clear,Street Light,Truck/Lorry,1,Driver Fatigue,0,0,1,0,10,1,High
2020,2,Monday,5,Punjab,Sheikhupura,National Highway,Good,Clear,No Light,Car/Taxi,3,Over Speeding,0,0,1,1,4,3,High
2022,6,Tuesday,5,Balochistan,Turbat,National Highway,Good,Dusty/Smoggy,Dawn/Dusk,Car/Taxi,4,Signal Violation,0,0,1,0,8,3,High
2022,7,Friday,2,Balochistan,Turbat,Provincial Highway,Average,Clear,Street Light,Motorcycle,1,Pedestrian Error,0,0,1,0,1,1,Medium
2018,1,Sunday,14,Sindh,Nawabshah,National Highway,Poor,Foggy,Daylight,Bicycle,2,Over Speeding,0,1,0,1,3,0,High
2020,3,Sunday,9,KPK,Kohat,Rural Road,Good,Clear,Daylight,Bus/Coach,1,Over Speeding,1,1,0,0,4,1,Medium
2020,12,Tuesday,11,Balochistan,Hub,National Highway,Good,Rainy,Daylight,Bus/Coach,2,Wrong Overtaking,0,0,0,1,6,0,High
2020,3,Saturday,11,Islamabad,Islamabad,Rural Road,Under Repair,Foggy,Daylight,Motorcycle,1,Road Condition,0,1,0,0,1,0,Low
2023,6,Saturday,9,Sindh,Jacobabad,Rural Road,Poor,Clear,Daylight,Car/Taxi,1,Over Speeding,1,1,0,0,2,0,Medium
2021,8,Tuesday,5,Sindh,Dadu,National Highway,Good,Foggy,Dawn/Dusk,Truck/Lorry,1,Signal Violation,0,0,1,0,3,4,High
2022,10,Monday,23,Punjab,Lahore,Urban Road,Average,Clear,No Light,Rickshaw,2,Over Speeding,0,0,1,0,0,0,Low
2018,3,Wednesday,21,Punjab,Gujranwala,National Highway,Good,Foggy,Street Light,Car/Taxi,2,Drunk Driving,0,0,0,0,6,1,High
2020,12,Friday,16,Sindh,Mirpur Khas,National Highway,Average,Clear,Daylight,Bus/Coach,2,Signal Violation,0,0,0,1,5,2,High
2019,5,Thursday,20,KPK,Kohat,Provincial Highway,Average,Clear,Street Light,Motorcycle,3,Mobile Phone Use,1,0,0,0,4,0,Medium
2021,1,Monday,8,KPK,Bannu,National Highway,Average,Clear,Daylight,Motorcycle,3,Over Speeding,1,0,0,1,10,2,High
2021,2,Sunday,18,Balochistan,Zhob,Provincial Highway,Under Repair,Clear,Daylight,Bus/Coach,1,Pedestrian Error,1,1,0,1,3,0,Medium
2023,2,Sunday,17,Punjab,Bahawalpur,National Highway,Average,Clear,Daylight,Motorcycle,1,Signal Violation,1,1,0,1,4,3,High
2021,4,Monday,10,Sindh,Thatta,Provincial Highway,Under Repair,Clear,Daylight,Bus/Coach,2,Pedestrian Error,0,0,0,0,2,0,Low
2020,1,Thursday,13,Punjab,Sialkot,National Highway,Poor,Clear,No Light,Motorcycle,2,Over Speeding,1,0,0,1,4,2,High
2019,8,Sunday,19,Punjab,Sialkot,National Highway,Good,Clear,Street Light,Bus/Coach,2,Mechanical Failure,1,1,0,0,1,1,Medium
2018,6,Saturday,1,Balochistan,Dera Bugti,National Highway,Poor,Clear,No Light,Car/Taxi,2,Over Speeding,0,1,1,0,3,1,High
2018,3,Tuesday,20,Sindh,Thatta,Urban Road,Average,Foggy,Street Light,Motorcycle,3,Over Speeding,1,0,0,0,5,2,High
2019,5,Monday,5,KPK,Peshawar,National Highway,Poor,Clear,No Light,Motorcycle,3,Pedestrian Error,0,0,1,0,8,1,High
2022,5,Thursday,8,Punjab,Sheikhupura,Urban Road,Average,Clear,Daylight,Van/Pickup,1,Road Condition,1,0,0,0,1,0,Low
2020,1,Thursday,21,Punjab,Sheikhupura,National Highway,Good,Foggy,Street Light,Car/Taxi,2,Over Speeding,0,0,0,1,2,0,Medium
2021,11,Monday,14,KPK,Charsadda,Provincial Highway,Average,Foggy,Daylight,Car/Taxi,1,Over Speeding,0,0,0,1,4,0,Medium
2018,1,Monday,14,Punjab,Multan,National Highway,Under Repair,Foggy,No Light,Car/Taxi,3,Road Condition,0,0,0,1,1,1,Medium
2022,6,Saturday,10,Punjab,Lahore,National Highway,Good,Clear,Daylight,Car/Taxi,4,Mechanical Failure,0,1,0,0,2,1,Medium
2022,1,Wednesday,16,Punjab,Faisalabad,Motorway,Poor,Foggy,No Light,Motorcycle,2,Over Speeding,0,0,0,1,9,2,High
2021,10,Wednesday,19,Sindh,Karachi,Provincial Highway,Good,Clear,Dawn/Dusk,Motorcycle,4,Road Condition,1,0,0,0,3,1,Medium
2021,3,Wednesday,11,AJK,Rawalakot,Provincial Highway,Good,Foggy,Daylight,Bus/Coach,1,Road Condition,0,0,0,0,2,0,Medium
2020,5,Sunday,19,KPK,Abbottabad,Motorway,Good,Clear,Street Light,Motorcycle,2,Signal Violation,1,1,0,0,8,0,High
2021,8,Wednesday,14,AJK,Rawalakot,Urban Road,Poor,Foggy,Daylight,Motorcycle,3,Over Speeding,0,0,0,0,3,1,Medium
2019,1,Friday,9,Balochistan,Sibi,Urban Road,Good,Foggy,Street Light,Bus/Coach,2,Over Speeding,1,0,0,1,4,0,Medium
2023,10,Sunday,17,Balochistan,Zhob,National Highway,Poor,Rainy,Daylight,Bus/Coach,2,Wrong Overtaking,1,1,0,0,5,1,High
2021,9,Saturday,18,Sindh,Mirpur Khas,Urban Road,Good,Clear,Daylight,Motorcycle,1,Wrong Overtaking,1,1,0,0,1,0,Medium
2019,3,Thursday,21,Sindh,Thatta,Rural Road,Average,Foggy,No Light,Bus/Coach,2,Over Speeding,0,0,0,0,3,0,Medium
2023,4,Tuesday,8,Punjab,Rahim Yar Khan,Rural Road,Poor,Clear,Daylight,Bicycle,1,Wrong Overtaking,1,0,0,0,0,0,Low
2019,2,Wednesday,5,KPK,Abbottabad,Rural Road,Under Repair,Clear,No Light,Truck/Lorry,3,Over Speeding,0,0,1,1,6,1,High
2023,1,Friday,14,Punjab,Rahim Yar Khan,National Highway,Good,Rainy,Dawn/Dusk,Motorcycle,3,Signal Violation,0,0,0,1,9,2,High
2019,8,Thursday,19,Punjab,Rawalpindi,National Highway,Average,Clear,Dawn/Dusk,Bus/Coach,3,Mechanical Failure,1,0,0,0,3,0,Medium
2021,9,Wednesday,14,Islamabad,Islamabad,Provincial Highway,Under Repair,Clear,Daylight,Motorcycle,1,Wrong Overtaking,0,0,0,0,11,2,High
2023,12,Monday,8,Punjab,Gujranwala,Provincial Highway,Poor,Extreme Heat,Dawn/Dusk,Car/Taxi,1,Over Speeding,1,0,0,1,5,1,Medium
2023,8,Saturday,18,AJK,Muzaffarabad,Provincial Highway,Good,Foggy,Dawn/Dusk,Motorcycle,2,Drunk Driving,1,1,0,0,11,0,High
2018,11,Tuesday,18,KPK,Nowshera,Rural Road,Good,Clear,Daylight,Car/Taxi,2,Over Speeding,1,0,0,1,0,0,Low
2021,2,Wednesday,5,Punjab,Rawalpindi,Provincial Highway,Good,Foggy,No Light,Motorcycle,3,Road Condition,0,0,1,1,5,0,Medium
2020,2,Sunday,8,KPK,Mardan,Rural Road,Poor,Dusty/Smoggy,Daylight,Motorcycle,1,Driver Fatigue,1,1,0,1,5,2,Medium
2023,10,Sunday,8,KPK,Nowshera,Provincial Highway,Average,Clear,Daylight,Motorcycle,2,Signal Violation,1,1,0,0,6,3,High
2023,9,Saturday,18,Punjab,Lahore,Provincial Highway,Poor,Rainy,No Light,Car/Taxi,2,Road Condition,1,1,0,0,1,0,Low
2018,7,Monday,17,KPK,Peshawar,Rural Road,Good,Clear,Street Light,Car/Taxi,2,Pedestrian Error,1,0,0,0,1,0,Low
2021,1,Saturday,4,KPK,Bannu,National Highway,Under Repair,Rainy,Street Light,Motorcycle,2,Wrong Overtaking,0,1,1,1,6,2,High
2020,5,Monday,12,Punjab,Sargodha,Provincial Highway,Average,Clear,No Light,Motorcycle,1,Over Speeding,1,0,0,0,10,3,High
2022,1,Tuesday,19,Punjab,Rawalpindi,Rural Road,Good,Clear,Daylight,Motorcycle,2,Signal Violation,1,0,0,1,2,0,Low
2018,2,Saturday,7,Punjab,Gujranwala,Provincial Highway,Good,Extreme Heat,Daylight,Motorcycle,2,Wrong Overtaking,1,1,0,1,5,1,Medium
2022,1,Tuesday,11,Punjab,Faisalabad,Urban Road,Average,Foggy,Daylight,Motorcycle,3,Over Speeding,0,0,0,1,10,3,High
2023,7,Monday,2,Punjab,Gujranwala,National Highway,Average,Foggy,No Light,Truck/Lorry,1,Mechanical Failure,0,0,1,0,5,0,Medium
2018,6,Friday,18,KPK,Bannu,Provincial Highway,Good,Foggy,Daylight,Motorcycle,3,Wrong Overtaking,1,0,0,0,6,1,High
2018,6,Saturday,16,Punjab,Rahim Yar Khan,Provincial Highway,Poor,Extreme Heat,Daylight,Motorcycle,1,Wrong Overtaking,0,1,0,0,10,1,High
2018,11,Tuesday,6,Balochistan,Hub,Urban Road,Poor,Foggy,Daylight,Bicycle,2,Drunk Driving,0,0,0,1,2,1,High
2022,3,Sunday,17,Punjab,Lahore,National Highway,Average,Clear,Dawn/Dusk,Motorcycle,1,Pedestrian Error,1,1,0,0,1,1,Medium
2019,6,Sunday,11,Sindh,Thatta,Rural Road,Average,Clear,Street Light,Bus/Coach,4,Signal Violation,0,1,0,0,2,0,Low
2018,6,Tuesday,11,Sindh,Nawabshah,Provincial Highway,Good,Clear,Daylight,Bicycle,2,Road Condition,0,0,0,0,2,0,Low
2022,1,Monday,16,Balochistan,Turbat,National Highway,Average,Clear,Daylight,Car/Taxi,1,Mechanical Failure,0,0,0,1,1,0,Medium
2022,5,Friday,6,Sindh,Nawabshah,Urban Road,Average,Extreme Heat,Daylight,Motorcycle,2,Mobile Phone Use,0,0,0,0,1,0,Medium
2019,6,Friday,19,Punjab,Sheikhupura,Provincial Highway,Poor,Foggy,Dawn/Dusk,Motorcycle,2,Signal Violation,1,0,0,0,5,0,High
2021,9,Wednesday,18,Balochistan,Khuzdar,National Highway,Good,Clear,Daylight,Motorcycle,2,Over Speeding,1,0,0,0,10,0,High
2018,1,Thursday,7,Punjab,Gujranwala,Provincial Highway,Average,Clear,Daylight,Truck/Lorry,1,Over Speeding,1,0,0,1,4,0,High
2018,6,Wednesday,17,Punjab,Sargodha,Urban Road,Good,Clear,Daylight,Motorcycle,2,Wrong Overtaking,1,0,0,0,2,0,Low
2020,3,Wednesday,7,Sindh,Kashmore,National Highway,Average,Extreme Heat,Daylight,Motorcycle,2,Over Speeding,1,0,0,0,10,2,High
2018,6,Wednesday,15,KPK,Mardan,Provincial Highway,Average,Clear,Dawn/Dusk,Motorcycle,1,Pedestrian Error,0,0,0,0,5,1,Medium
2018,2,Friday,9,Punjab,Lahore,Rural Road,Good,Clear,Street Light,Motorcycle,1,Signal Violation,1,0,0,1,0,0,Low
2021,2,Sunday,9,Sindh,Mirpur Khas,National Highway,Average,Rainy,Daylight,Rickshaw,2,Wrong Overtaking,1,1,0,1,11,1,High
2022,4,Thursday,8,Sindh,Larkana,Rural Road,Good,Clear,Street Light,Motorcycle,2,Pedestrian Error,1,0,0,0,1,1,Low
2023,5,Tuesday,16,Islamabad,Islamabad,Rural Road,Good,Dusty/Smoggy,Daylight,Bus/Coach,1,Pedestrian Error,0,0,0,0,0,0,Low
2023,9,Thursday,8,Punjab,Sheikhupura,Urban Road,Poor,Clear,Daylight,Truck/Lorry,3,Over Speeding,1,0,0,0,0,0,Low
2022,8,Monday,20,Punjab,Rahim Yar Khan,Urban Road,Good,Clear,Street Light,Motorcycle,4,Signal Violation,1,0,0,0,2,0,Medium
2021,7,Wednesday,11,Sindh,Larkana,Provincial Highway,Poor,Clear,No Light,Motorcycle,2,Wrong Overtaking,0,0,0,0,5,1,High
2023,6,Sunday,10,Punjab,Sargodha,Urban Road,Poor,Clear,Daylight,Motorcycle,2,Mobile Phone Use,0,1,0,0,0,0,Low
2020,1,Thursday,20,KPK,Kohat,Rural Road,Good,Extreme Heat,No Light,Motorcycle,4,Signal Violation,1,0,0,1,1,0,Medium
2019,1,Monday,13,Sindh,Mirpur Khas,National Highway,Average,Dusty/Smoggy,Street Light,Car/Taxi,1,Road Condition,1,0,0,1,2,0,Low
2019,5,Sunday,10,KPK,Mansehra,Rural Road,Average,Clear,Daylight,Car/Taxi,1,Road Condition,0,1,0,0,2,0,Low
2020,1,Thursday,10,KPK,Charsadda,National Highway,Average,Clear,Daylight,Car/Taxi,2,Mechanical Failure,0,0,0,1,1,0,Low
2022,5,Monday,18,Islamabad,Islamabad,National Highway,Poor,Clear,Daylight,Motorcycle,1,Driver Fatigue,1,0,0,0,4,0,High
2018,7,Sunday,21,Sindh,Larkana,Urban Road,Good,Foggy,No Light,Car/Taxi,1,Pedestrian Error,0,1,0,0,1,0,Low
2022,6,Saturday,21,AJK,Muzaffarabad,Rural Road,Good,Clear,No Light,Motorcycle,2,Road Condition,0,1,0,0,0,0,Low
2022,10,Monday,7,Punjab,Sialkot,Rural Road,Good,Dusty/Smoggy,Daylight,Car/Taxi,4,Signal Violation,1,0,0,0,2,0,Low
2023,4,Monday,20,KPK,Charsadda,National Highway,Good,Clear,Street Light,Rickshaw,2,Mechanical Failure,1,0,0,0,2,1,Low
2022,8,Tuesday,7,Sindh,Larkana,Motorway,Good,Clear,Daylight,Motorcycle,2,Wrong Overtaking,1,0,0,0,11,1,High
2023,6,Friday,9,KPK,Bannu,Rural Road,Average,Extreme Heat,Daylight,Motorcycle,2,Signal Violation,1,0,0,0,3,0,Medium
2021,1,Monday,10,Sindh,Dadu,Urban Road,Poor,Clear,Daylight,Bicycle,2,Wrong Overtaking,0,0,0,1,1,0,Medium
2022,4,Saturday,18,KPK,Peshawar,National Highway,Good,Foggy,Daylight,Motorcycle,2,Driver Fatigue,1,1,0,0,7,0,High
2022,3,Sunday,7,Islamabad,Islamabad,Provincial Highway,Average,Rainy,Daylight,Bus/Coach,2,Weather Condition,1,1,0,0,1,2,Medium
2020,8,Thursday,12,KPK,Peshawar,Provincial Highway,Poor,Foggy,Daylight,Truck/Lorry,1,Over Speeding,1,0,0,0,5,1,Medium
2023,5,Sunday,7,KPK,Nowshera,Provincial Highway,Average,Clear,Daylight,Car/Taxi,2,Wrong Overtaking,1,1,0,0,1,0,Low
2020,12,Saturday,8,Punjab,Rawalpindi,Urban Road,Average,Foggy,Daylight,Motorcycle,2,Wrong Overtaking,1,1,0,1,5,0,Medium
2023,8,Wednesday,10,Punjab,Sargodha,National Highway,Poor,Clear,Dawn/Dusk,Motorcycle,1,Over Speeding,0,0,0,0,10,1,High
2023,10,Sunday,14,AJK,Muzaffarabad,National Highway,Poor,Foggy,Daylight,Rickshaw,1,Signal Violation,0,1,0,0,2,2,High
2019,9,Sunday,10,KPK,Peshawar,Motorway,Good,Clear,Daylight,Car/Taxi,4,Drunk Driving,0,1,0,0,2,1,Medium
2021,10,Tuesday,4,Sindh,Jacobabad,National Highway,Good,Rainy,Street Light,Motorcycle,1,Pedestrian Error,0,0,1,0,3,2,High
2020,1,Saturday,10,Punjab,Multan,Provincial Highway,Poor,Clear,Daylight,Bus/Coach,1,Over Speeding,0,1,0,1,5,0,Medium
2021,5,Monday,11,Punjab,Faisalabad,Motorway,Good,Clear,Daylight,Motorcycle,3,Over Speeding,0,0,0,0,4,0,High
2022,10,Tuesday,9,Punjab,Gujranwala,Urban Road,Good,Clear,Street Light,Van/Pickup,4,Mechanical Failure,1,0,0,0,2,0,Low
2022,7,Saturday,22,Sindh,Mirpur Khas,Urban Road,Good,Dusty/Smoggy,Street Light,Motorcycle,2,Pedestrian Error,0,1,1,0,2,0,Low
2021,6,Friday,12,Punjab,Multan,National Highway,Poor,Foggy,Daylight,Car/Taxi,2,Signal Violation,1,0,0,0,3,0,Medium
2021,8,Sunday,17,Punjab,Sheikhupura,Rural Road,Average,Dusty/Smoggy,Daylight,Rickshaw,2,Wrong Overtaking,1,1,0,0,0,0,Low
2022,7,Friday,10,Sindh,Hyderabad,Urban Road,Good,Clear,Daylight,Motorcycle,2,Over Speeding,0,0,0,0,2,0,Medium
2022,1,Thursday,16,Sindh,Larkana,National Highway,Average,Clear,Daylight,Motorcycle,2,Mechanical Failure,0,0,0,1,5,1,Medium
2019,1,Friday,22,Punjab,Faisalabad,Rural Road,Poor,Clear,Street Light,Motorcycle,2,Mechanical Failure,0,0,1,1,3,1,Medium
2021,3,Tuesday,8,Sindh,Kashmore,National Highway,Good,Clear,Daylight,Car/Taxi,3,Road Condition,1,0,0,0,2,0,Low
2022,11,Sunday,7,Balochistan,Gwadar,Rural Road,Average,Rainy,Daylight,Motorcycle,4,Driver Fatigue,1,1,0,1,1,1,Medium
2023,2,Friday,12,Sindh,Nawabshah,Rural Road,Average,Dusty/Smoggy,Daylight,Motorcycle,1,Over Speeding,1,0,0,1,4,0,High
2021,12,Saturday,8,Balochistan,Hub,Provincial Highway,Poor,Clear,Daylight,Car/Taxi,2,Signal Violation,1,1,0,1,4,1,Medium
2023,3,Saturday,13,Islamabad,Islamabad,National Highway,Average,Clear,Daylight,Rickshaw,2,Drunk Driving,1,1,0,0,5,2,High
2021,10,Thursday,4,Punjab,Rahim Yar Khan,Urban Road,Good,Extreme Heat,Street Light,Motorcycle,1,Drunk Driving,0,0,1,0,2,0,Medium
2021,7,Saturday,19,Punjab,Rahim Yar Khan,Urban Road,Average,Foggy,Dawn/Dusk,Car/Taxi,2,Over Speeding,1,1,0,0,2,0,Low
2023,7,Monday,8,Sindh,Nawabshah,Rural Road,Average,Foggy,Daylight,Rickshaw,1,Over Speeding,1,0,0,0,5,1,Medium
2021,7,Friday,15,Sindh,Hyderabad,National Highway,Good,Extreme Heat,Dawn/Dusk,Car/Taxi,2,Mechanical Failure,0,0,0,0,5,1,Medium
2023,12,Tuesday,7,Sindh,Karachi,Urban Road,Poor,Clear,Daylight,Motorcycle,1,Over Speeding,1,0,0,1,2,2,High
2022,7,Tuesday,1,Punjab,Gujranwala,Rural Road,Average,Clear,Street Light,Motorcycle,2,Wrong Overtaking,0,0,1,0,5,0,Medium
2023,6,Monday,13,Sindh,Sukkur,Provincial Highway,Average,Rainy,Daylight,Motorcycle,2,Wrong Overtaking,1,0,0,0,6,4,High
2020,10,Friday,7,Punjab,Rawalpindi,Provincial Highway,Average,Foggy,Daylight,Motorcycle,2,Road Condition,1,0,0,0,2,2,Medium
2022,6,Saturday,12,Islamabad,Islamabad,National Highway,Average,Rainy,Daylight,Car/Taxi,2,Over Speeding,1,1,0,0,9,2,High
2019,2,Tuesday,1,Punjab,Rahim Yar Khan,Provincial Highway,Average,Clear,No Light,Truck/Lorry,1,Signal Violation,0,0,1,1,11,2,High
2022,6,Tuesday,19,Balochistan,Hub,Rural Road,Under Repair,Rainy,Dawn/Dusk,Car/Taxi,1,Road Condition,1,0,0,0,2,0,Low
2022,7,Sunday,7,Punjab,Rawalpindi,Urban Road,Poor,Dusty/Smoggy,Street Light,Bus/Coach,1,Drunk Driving,1,1,0,0,1,0,Low
2022,10,Sunday,21,Punjab,Sialkot,Urban Road,Good,Foggy,No Light,Motorcycle,2,Wrong Overtaking,0,1,0,0,1,0,Medium
2022,1,Saturday,17,Punjab,Sargodha,National Highway,Average,Clear,Daylight,Truck/Lorry,1,Pedestrian Error,1,1,0,1,3,0,Medium
2021,12,Thursday,17,Gilgit-Baltistan,Skardu,Urban Road,Good,Clear,Street Light,Rickshaw,1,Signal Violation,1,0,0,1,0,0,Low
2023,12,Monday,9,Punjab,Rahim Yar Khan,Rural Road,Good,Clear,Daylight,Rickshaw,2,Over Speeding,1,0,0,1,3,0,Medium
2023,1,Wednesday,8,Sindh,Thatta,National Highway,Average,Clear,Daylight,Motorcycle,4,Mobile Phone Use,1,0,0,1,3,0,Medium
2021,11,Monday,12,Balochistan,Gwadar,National Highway,Average,Foggy,Daylight,Rickshaw,2,Wrong Overtaking,1,0,0,1,1,2,Medium
2023,11,Wednesday,22,KPK,Mansehra,Motorway,Good,Clear,Street Light,Motorcycle,3,Pedestrian Error,0,0,1,1,2,1,High
2019,6,Sunday,3,Punjab,Rawalpindi,Provincial Highway,Good,Clear,Street Light,Car/Taxi,2,Over Speeding,0,1,1,0,3,1,Medium
2023,8,Friday,20,Islamabad,Islamabad,Urban Road,Good,Clear,No Light,Motorcycle,2,Over Speeding,1,0,0,0,2,1,High
2023,1,Saturday,12,Balochistan,Dera Bugti,Provincial Highway,Average,Clear,Street Light,Motorcycle,2,Wrong Overtaking,1,1,0,1,4,2,High
2020,11,Monday,13,Sindh,Jacobabad,National Highway,Average,Rainy,Daylight,Car/Taxi,1,Driver Fatigue,1,0,0,1,3,0,High
2023,3,Thursday,23,Sindh,Nawabshah,National Highway,Good,Clear,Street Light,Car/Taxi,1,Signal Violation,0,0,1,0,7,1,High
2022,6,Tuesday,9,Islamabad,Islamabad,National Highway,Poor,Dusty/Smoggy,Daylight,Other,2,Road Condition,1,0,0,0,0,0,Low
2019,5,Friday,16,AJK,Mirpur,Urban Road,Average,Clear,Dawn/Dusk,Motorcycle,3,Wrong Overtaking,0,0,0,0,1,2,Medium
2018,12,Friday,15,Sindh,Sukkur,Provincial Highway,Poor,Clear,Daylight,Motorcycle,3,Mechanical Failure,0,0,0,1,2,0,Medium
2019,7,Monday,17,Balochistan,Quetta,National Highway,Poor,Clear,Daylight,Motorcycle,2,Driver Fatigue,1,0,0,0,2,1,High
2020,12,Saturday,12,Punjab,Faisalabad,National Highway,Average,Clear,Daylight,Car/Taxi,2,Over Speeding,1,1,0,1,2,4,High
2022,7,Thursday,13,Punjab,Rahim Yar Khan,Rural Road,Good,Clear,Street Light,Motorcycle,1,Wrong Overtaking,1,0,0,0,1,0,Low
2023,7,Friday,8,Punjab,Rahim Yar Khan,Provincial Highway,Good,Rainy,Daylight,Car/Taxi,3,Mechanical Failure,1,0,0,0,1,0,Low
2018,4,Friday,18,Punjab,Rawalpindi,Provincial Highway,Average,Clear,Street Light,Truck/Lorry,2,Pedestrian Error,1,0,0,0,1,0,Low
2022,7,Friday,5,Sindh,Karachi,National Highway,Average,Clear,No Light,Other,1,Drunk Driving,0,0,1,0,5,0,Medium
2018,11,Thursday,15,Sindh,Thatta,Provincial Highway,Average,Clear,Daylight,Truck/Lorry,3,Road Condition,0,0,0,1,0,0,Low
2021,4,Tuesday,18,Punjab,Sheikhupura,Rural Road,Average,Clear,Daylight,Motorcycle,2,Over Speeding,1,0,0,0,1,1,Medium
2020,5,Wednesday,16,Punjab,Sargodha,Provincial Highway,Average,Dusty/Smoggy,Daylight,Car/Taxi,1,Mobile Phone Use,0,0,0,0,1,0,Low
2021,9,Saturday,8,Punjab,Sargodha,National Highway,Good,Rainy,Daylight,Motorcycle,1,Mechanical Failure,1,1,0,0,2,3,High
2018,12,Saturday,7,AJK,Rawalakot,Urban Road,Under Repair,Clear,Daylight,Motorcycle,3,Drunk Driving,1,1,0,1,9,2,High
2020,6,Monday,16,Balochistan,Sibi,National Highway,Average,Clear,Daylight,Truck/Lorry,1,Over Speeding,0,0,0,0,2,0,High
2022,8,Thursday,4,Punjab,Sheikhupura,Urban Road,Poor,Clear,Street Light,Motorcycle,1,Road Condition,0,0,1,0,2,0,Low
2021,6,Monday,13,Balochistan,Hub,Urban Road,Average,Foggy,Daylight,Other,2,Pedestrian Error,1,0,0,0,1,0,Low
2022,2,Friday,8,Punjab,Sargodha,Rural Road,Poor,Clear,Daylight,Motorcycle,2,Over Speeding,1,0,0,1,5,0,Medium
2020,6,Wednesday,2,KPK,Peshawar,National Highway,Good,Clear,No Light,Car/Taxi,3,Over Speeding,0,0,1,0,2,2,High
2021,5,Tuesday,10,Islamabad,Islamabad,National Highway,Under Repair,Clear,Dawn/Dusk,Motorcycle,2,Mechanical Failure,0,0,0,0,5,1,Medium
2018,1,Monday,10,Punjab,Sialkot,Provincial Highway,Average,Rainy,Dawn/Dusk,Motorcycle,2,Wrong Overtaking,0,0,0,1,4,2,Medium
2020,12,Tuesday,0,KPK,Dera Ismail Khan,Urban Road,Poor,Clear,No Light,Car/Taxi,1,Wrong Overtaking,0,0,1,1,0,0,Low
2022,2,Sunday,17,Punjab,Lahore,Rural Road,Good,Clear,Dawn/Dusk,Bus/Coach,4,Over Speeding,1,1,0,1,4,1,Medium
2019,7,Sunday,3,Punjab,Rahim Yar Khan,Urban Road,Poor,Clear,Street Light,Motorcycle,2,Over Speeding,0,1,1,0,10,3,High
2022,3,Saturday,12,Sindh,Nawabshah,Motorway,Good,Rainy,Daylight,Truck/Lorry,1,Wrong Overtaking,1,1,0,0,7,2,High
2022,7,Saturday,4,AJK,Mirpur,Urban Road,Poor,Clear,No Light,Bus/Coach,1,Wrong Overtaking,0,1,1,0,0,0,Low
2021,4,Sunday,6,Sindh,Jacobabad,Motorway,Good,Clear,Dawn/Dusk,Motorcycle,1,Pedestrian Error,0,1,0,0,4,1,High
2018,3,Wednesday,6,Islamabad,Islamabad,Urban Road,Poor,Clear,Daylight,Car/Taxi,1,Wrong Overtaking,0,0,0,0,0,1,Low
2018,10,Wednesday,11,Balochistan,Loralai,Provincial Highway,Good,Clear,Dawn/Dusk,Motorcycle,3,Signal Violation,0,0,0,0,6,4,High