year,month,day_of_week,hour_of_day,province,district,road_type,road_condition,weather_condition,lighting_condition,vehicle_type,vehicles_involved,accident_cause,is_rush_hour,is_weekend,is_night,is_foggy_month,num_injured,num_killed,severity
2019,2,Saturday,10,Punjab,Rahim Yar Khan,Urban Road,Poor,Clear,Daylight,Bus/Coach,1,Over Speeding,0,1,0,1,5,0,Medium
2022,7,Tuesday,8,Punjab,Rawalpindi,National Highway,Under Repair,Rainy,Daylight,Motorcycle,1,Over Speeding,1,0,0,0,8,0,High
2019,2,Saturday,6,Sindh,Jacobabad,Provincial Highway,Average,Rainy,Daylight,Car/Taxi,4,Over Speeding,0,1,0,1,2,0,High
2022,1,Saturday,23,Sindh,Kashmore,Provincial Highway,Good,Extreme Heat,Street Light,Car/Taxi,2,Mechanical Failure,0,1,1,1,0,0,Low
2023,7,Friday,11,Punjab,Faisalabad,Rural Road,Good,Clear,Daylight,Bicycle,2,Wrong Overtaking,0,0,0,0,5,0,Medium
2021,10,Saturday,14,Gilgit-Baltistan,Hunza,Rural Road,Good,Foggy,Daylight,Bus/Coach,2,Signal Violation,0,1,0,0,4,0,Medium
2019,7,Sunday,16,KPK,Mardan,Urban Road,Good,Clear,Daylight,Motorcycle,2,Mechanical Failure,0,1,0,0,1,0,Low
2022,6,Tuesday,19,Sindh,Karachi,Rural Road,Under Repair,Clear,Dawn/Dusk,Motorcycle,1,Over Speeding,1,0,0,0,3,1,Medium
2019,11,Saturday,12,Sindh,Hyderabad,National Highway,Average,Foggy,Street Light,Bus/Coach,2,Wrong Overtaking,1,1,0,1,5,1,Medium
2022,3,Monday,19,Punjab,Faisalabad,Rural Road,Average,Dusty/Smoggy,No Light,Car/Taxi,1,Over Speeding,1,0,0,0,4,0,Medium
2018,1,Friday,9,Sindh,Dadu,National Highway,Good,Clear,No Light,Motorcycle,2,Over Speeding,1,0,0,1,6,0,High
2023,9,Wednesday,7,Islamabad,Islamabad,Urban Road,Under Repair,Clear,Street Light,Car/Taxi,2,Over Speeding,1,0,0,0,2,2,Medium
2018,2,Thursday,13,Balochistan,Khuzdar,Provincial Highway,Good,Clear,Daylight,Car/Taxi,2,Signal Violation,1,0,0,1,4,0,Medium
2019,6,Thursday,7,Punjab,Lahore,National Highway,Under Repair,Clear,Daylight,Motorcycle,3,Signal Violation,1,0,0,0,7,0,High
2020,9,Friday,13,Sindh,Hyderabad,Rural Road,Under Repair,Rainy,Daylight,Motorcycle,3,Signal Violation,1,0,0,0,3,0,Medium
2023,12,Friday,10,KPK,Dera Ismail Khan,National Highway,Average,Foggy,Daylight,Car/Taxi,2,Over Speeding,0,0,0,1,9,1,High
2021,8,Monday,8,Punjab,Bahawalpur,Motorway,Average,Clear,Daylight,Bicycle,2,Mechanical Failure,1,0,0,0,5,1,Medium
2020,10,Friday,20,Punjab,Rahim Yar Khan,Provincial Highway,Under Repair,Foggy,Street Light,Van/Pickup,3,Signal Violation,1,0,0,0,3,0,Medium
2021,8,Saturday,19,Sindh,Hyderabad,Provincial Highway,Poor,Clear,Dawn/Dusk,Car/Taxi,1,Pedestrian Error,1,1,0,0,0,0,Low
2021,1,Tuesday,7,Sindh,Larkana,Urban Road,Good,Foggy,Daylight,Bicycle,2,Signal Violation,1,0,0,1,3,1,Medium
2018,12,Wednesday,17,Punjab,Sheikhupura,Rural Road,Average,Clear,Street Light,Bus/Coach,3,Over Speeding,1,0,0,1,2,0,Medium
2022,1,Thursday,9,Punjab,Sheikhupura,National Highway,Good,Clear,Street Light,Bus/Coach,2,Over Speeding,1,0,0,1,7,1,High
2021,4,Saturday,12,Punjab,Sargodha,National Highway,Average,Rainy,Daylight,Motorcycle,1,Wrong Overtaking,1,1,0,0,11,1,High
2023,12,Tuesday,18,Punjab,Lahore,Urban Road,Average,Extreme Heat,Street Light,Car/Taxi,1,Mechanical Failure,1,0,0,1,0,0,Low
2018,1,Friday,19,Sindh,Kashmore,Provincial Highway,Average,Clear,Dawn/Dusk,Motorcycle,2,Over Speeding,1,0,0,1,1,0,Medium
2023,2,Tuesday,9,Punjab,Gujranwala,Provincial Highway,Average,Foggy,Daylight,Car/Taxi,2,Pedestrian Error,1,0,0,1,0,0,Low
2020,3,Thursday,9,Punjab,Gujranwala,Provincial Highway,Under Repair,Clear,Daylight,Bus/Coach,1,Wrong Overtaking,1,0,0,0,3,0,Medium
2023,9,Monday,21,Balochistan,Turbat,Rural Road,Good,Extreme Heat,Street Light,Bus/Coach,3,Driver Fatigue,0,0,0,0,5,1,Medium
2020,5,Wednesday,10,Punjab,Sargodha,National Highway,Average,Clear,Daylight,Motorcycle,1,Wrong Overtaking,0,0,0,0,4,0,Medium
2022,6,Sunday,9,Sindh,Karachi,Provincial Highway,Good,Clear,Daylight,Car/Taxi,3,Road Condition,1,1,0,0,0,1,Low
2021,3,Monday,12,Islamabad,Islamabad,Provincial Highway,Average,Foggy,Daylight,Bus/Coach,4,Signal Violation,1,0,0,0,5,0,Medium
2021,6,Sunday,8,Sindh,Karachi,National Highway,Good,Foggy,Daylight,Car/Taxi,3,Mechanical Failure,1,1,0,0,4,0,Medium
2023,5,Tuesday,19,KPK,Dera Ismail Khan,National Highway,Poor,Clear,Street Light,Truck/Lorry,2,Over Speeding,1,0,0,0,4,0,Medium
2018,1,Saturday,18,Sindh,Karachi,Rural Road,Good,Rainy,Daylight,Car/Taxi,2,Driver Fatigue,1,1,0,1,2,0,Medium
2021,4,Tuesday,7,Punjab,Rahim Yar Khan,Provincial Highway,Average,Rainy,Daylight,Car/Taxi,2,Road Condition,1,0,0,0,1,0,Low
2019,11,Saturday,17,Sindh,Jacobabad,Urban Road,Poor,Clear,Daylight,Motorcycle,3,Road Condition,1,1,0,1,1,1,Medium
2021,7,Wednesday,9,Sindh,Larkana,Provincial Highway,Poor,Rainy,Daylight,Rickshaw,2,Wrong Overtaking,1,0,0,0,0,0,Low
2018,4,Friday,8,Punjab,Multan,Urban Road,Good,Rainy,Daylight,Car/Taxi,1,Pedestrian Error,1,0,0,0,0,0,Low
2022,10,Thursday,14,Sindh,Dadu,Provincial Highway,Good,Clear,Daylight,Motorcycle,1,Over Speeding,0,0,0,0,11,4,High
2018,9,Tuesday,19,Balochistan,Gwadar,National Highway,Average,Foggy,Dawn/Dusk,Car/Taxi,3,Wrong Overtaking,1,0,0,0,3,1,Medium
2021,3,Monday,16,Punjab,Bahawalpur,Provincial Highway,Under Repair,Foggy,Daylight,Rickshaw,2,Over Speeding,0,0,0,0,4,0,Medium
2022,12,Saturday,19,Sindh,Karachi,Rural Road,Good,Clear,Dawn/Dusk,Motorcycle,2,Drunk Driving,1,1,0,1,4,2,Medium
2018,12,Sunday,13,Sindh,Sukkur,Urban Road,Good,Foggy,Daylight,Motorcycle,1,Wrong Overtaking,1,1,0,1,7,1,High
2022,3,Saturday,13,KPK,Peshawar,Provincial Highway,Good,Rainy,Daylight,Bus/Coach,1,Driver Fatigue,1,1,0,0,11,4,High
2023,3,Saturday,23,KPK,Peshawar,Rural Road,Under Repair,Clear,No Light,Car/Taxi,1,Over Speeding,0,1,1,0,0,1,Low
2020,7,Monday,12,KPK,Abbottabad,National Highway,Poor,Clear,Daylight,Motorcycle,1,Road Condition,1,0,0,0,4,0,Medium
2020,11,Friday,5,Punjab,Multan,Urban Road,Average,Foggy,Dawn/Dusk,Motorcycle,1,Road Condition,0,0,1,1,5,0,Medium
2018,11,Monday,18,Punjab,Sialkot,Provincial Highway,Average,Clear,Daylight,Bus/Coach,2,Weather Condition,1,0,0,1,1,0,Low
2021,11,Tuesday,8,Punjab,Rawalpindi,Provincial Highway,Average,Rainy,Daylight,Motorcycle,1,Over Speeding,1,0,0,1,3,3,High
2023,11,Sunday,17,KPK,Charsadda,Provincial Highway,Average,Rainy,Daylight,Truck/Lorry,2,Road Condition,1,1,0,1,5,0,Medium
2021,4,Wednesday,12,KPK,Charsadda,Urban Road,Average,Extreme Heat,Daylight,Car/Taxi,2,Wrong Overtaking,1,0,0,0,0,0,Low
2021,5,Friday,0,Islamabad,Islamabad,Rural Road,Under Repair,Clear,Street Light,Rickshaw,1,Over Speeding,0,0,1,0,3,1,Medium
2023,4,Monday,19,Sindh,Sukkur,Motorway,Average,Clear,No Light,Other,2,Pedestrian Error,1,0,0,0,4,1,Medium
2018,1,Friday,12,Sindh,Sukkur,Provincial Highway,Poor,Clear,Daylight,Van/Pickup,3,Over Speeding,1,0,0,1,2,1,Medium
2022,1,Friday,18,Sindh,Nawabshah,Provincial Highway,Average,Foggy,Daylight,Motorcycle,1,Wrong Overtaking,1,0,0,1,8,0,High
2019,6,Wednesday,10,Punjab,Lahore,Motorway,Good,Clear,Dawn/Dusk,Motorcycle,1,Wrong Overtaking,0,0,0,0,5,0,Medium
2020,6,Saturday,11,Sindh,Karachi,Provincial Highway,Good,Clear,Dawn/Dusk,Car/Taxi,1,Wrong Overtaking,0,1,0,0,1,0,Low
2023,7,Friday,13,Sindh,Mirpur Khas,Provincial Highway,Average,Clear,Daylight,Bus/Coach,2,Drunk Driving,1,0,0,0,5,0,Medium
2022,7,Friday,12,Islamabad,Islamabad,Urban Road,Average,Foggy,Daylight,Car/Taxi,3,Wrong Overtaking,1,0,0,0,2,0,Low
2020,9,Friday,8,Punjab,Rahim Yar Khan,Rural Road,Poor,Clear,Dawn/Dusk,Other,2,Over Speeding,1,0,0,0,0,0,Low
2022,1,Saturday,15,AJK,Rawalakot,Provincial Highway,Average,Dusty/Smoggy,Daylight,Motorcycle,1,Signal Violation,0,1,0,1,3,0,Medium
2021,1,Friday,19,Sindh,Karachi,National Highway,Poor,Clear,Dawn/Dusk,Motorcycle,2,Over Speeding,1,0,0,1,10,4,High
2019,9,Sunday,1,Punjab,Faisalabad,National Highway,Good,Clear,No Light,Motorcycle,3,Mechanical Failure,0,1,1,0,1,0,Medium
2019,9,Sunday,19,Punjab,Sheikhupura,Rural Road,Good,Extreme Heat,No Light,Motorcycle,2,Road Condition,1,1,0,0,2,0,Medium
2020,10,Friday,17,Punjab,Lahore,National Highway,Good,Clear,Daylight,Car/Taxi,2,Over Speeding,1,0,0,0,1,0,Medium
2023,9,Tuesday,11,Sindh,Sukkur,National Highway,Poor,Clear,Street Light,Car/Taxi,2,Road Condition,0,0,0,0,1,0,Low
2021,7,Tuesday,20,Punjab,Bahawalpur,National Highway,Average,Clear,Street Light,Van/Pickup,2,Pedestrian Error,1,0,0,0,2,0,Low
2019,12,Saturday,9,Sindh,Hyderabad,National Highway,Average,Clear,Dawn/Dusk,Van/Pickup,2,Signal Violation,1,1,0,1,2,1,Medium
2023,12,Tuesday,5,AJK,Mirpur,Rural Road,Under Repair,Dusty/Smoggy,No Light,Motorcycle,2,Signal Violation,0,0,1,1,5,1,Medium
2019,4,Wednesday,23,KPK,Nowshera,Rural Road,Poor,Clear,Street Light,Bus/Coach,2,Over Speeding,0,0,1,0,7,1,High
2021,11,Tuesday,10,KPK,Mardan,National Highway,Good,Clear,No Light,Car/Taxi,2,Over Speeding,0,0,0,1,1,0,Medium
2022,3,Sunday,7,Punjab,Rawalpindi,Rural Road,Average,Clear,Daylight,Van/Pickup,3,Road Condition,1,1,0,0,0,0,Low
2019,7,Thursday,9,Sindh,Kashmore,Provincial Highway,Poor,Clear,No Light,Car/Taxi,2,Over Speeding,1,0,0,0,4,1,Medium
2022,8,Thursday,19,Punjab,Sheikhupura,National Highway,Under Repair,Clear,Dawn/Dusk,Car/Taxi,2,Wrong Overtaking,1,0,0,0,5,1,Medium
2018,1,Friday,8,Balochistan,Gwadar,Provincial Highway,Under Repair,Clear,Daylight,Bus/Coach,2,Driver Fatigue,1,0,0,1,1,1,Medium
2021,7,Sunday,15,Punjab,Sargodha,National Highway,Good,Clear,Daylight,Motorcycle,4,Wrong Overtaking,0,1,0,0,4,2,High
2021,7,Monday,16,Sindh,Nawabshah,National Highway,Good,Clear,Dawn/Dusk,Van/Pickup,2,Mechanical Failure,0,0,0,0,0,0,Low
2022,9,Monday,20,Sindh,Jacobabad,National Highway,Poor,Clear,Street Light,Motorcycle,4,Over Speeding,1,0,0,0,8,2,High
2018,6,Thursday,14,Sindh,Jacobabad,National Highway,Poor,Rainy,Daylight,Car/Taxi,3,Wrong Overtaking,0,0,0,0,3,1,Medium
2023,6,Friday,22,KPK,Mardan,Urban Road,Under Repair,Clear,No Light,Car/Taxi,2,Driver Fatigue,0,0,1,0,5,1,Medium
2020,6,Tuesday,19,Punjab,Lahore,Urban Road,Average,Clear,Dawn/Dusk,Motorcycle,1,Mechanical Failure,1,0,0,0,1,0,Low
2019,1,Sunday,20,Punjab,Rahim Yar Khan,National Highway,Poor,Foggy,Street Light,Motorcycle,2,Pedestrian Error,1,1,0,1,4,0,Medium
2021,1,Tuesday,11,KPK,Mansehra,Rural Road,Poor,Clear,No Light,Car/Taxi,2,Signal Violation,0,0,0,1,2,0,Low
2023,4,Sunday,3,Sindh,Jacobabad,Rural Road,Average,Clear,No Light,Truck/Lorry,2,Mobile Phone Use,0,1,1,0,1,0,Low
2019,12,Saturday,20,Punjab,Faisalabad,National Highway,Poor,Clear,No Light,Car/Taxi,4,Signal Violation,1,1,0,1,2,0,Low
2022,7,Sunday,18,Punjab,Faisalabad,National Highway,Average,Clear,Daylight,Car/Taxi,2,Mobile Phone Use,1,1,0,0,2,1,Low
2019,11,Saturday,11,KPK,Bannu,Rural Road,Good,Clear,Daylight,Motorcycle,2,Signal Violation,0,1,0,1,4,1,Medium
2022,2,Sunday,18,AJK,Rawalakot,Urban Road,Under Repair,Clear,Daylight,Rickshaw,3,Mechanical Failure,1,1,0,1,1,0,Low
2021,3,Monday,9,Sindh,Mirpur Khas,National Highway,Good,Clear,Daylight,Bus/Coach,1,Pedestrian Error,1,0,0,0,3,2,Medium
2022,12,Thursday,12,Balochistan,Loralai,Provincial Highway,Average,Foggy,Daylight,Motorcycle,1,Over Speeding,1,0,0,1,8,1,High
2021,11,Thursday,9,Sindh,Karachi,Urban Road,Average,Foggy,Daylight,Car/Taxi,2,Wrong Overtaking,1,0,0,1,5,0,Medium
2021,12,Wednesday,20,Punjab,Multan,National Highway,Good,Foggy,Street Light,Car/Taxi,1,Weather Condition,1,0,0,1,0,0,Low
2022,6,Saturday,11,Punjab,Faisalabad,National Highway,Good,Clear,Daylight,Rickshaw,3,Road Condition,0,1,0,0,3,0,Medium
2023,11,Saturday,16,Sindh,Mirpur Khas,Urban Road,Good,Dusty/Smoggy,Daylight,Bus/Coach,2,Over Speeding,0,1,0,1,3,0,Medium
2021,9,Tuesday,21,Sindh,Karachi,Provincial Highway,Good,Foggy,Street Light,Motorcycle,1,Road Condition,0,0,0,0,2,0,Medium
2020,12,Saturday,9,KPK,Dera Ismail Khan,National Highway,Poor,Rainy,Daylight,Car/Taxi,2,Pedestrian Error,1,1,0,1,3,1,Medium
2019,2,Sunday,12,KPK,Nowshera,Provincial Highway,Good,Rainy,Daylight,Car/Taxi,1,Road Condition,1,1,0,1,1,0,Low
2020,12,Sunday,9,AJK,Mirpur,Rural Road,Good,Foggy,Dawn/Dusk,Motorcycle,2,Wrong Overtaking,1,1,0,1,5,0,Medium
2022,2,Monday,18,Sindh,Sukkur,Provincial Highway,Poor,Dusty/Smoggy,Daylight,Bus/Coach,1,Mechanical Failure,1,0,0,1,2,0,Medium
2018,10,Monday,3,Sindh,Mirpur Khas,Provincial Highway,Average,Dusty/Smoggy,No Light,Car/Taxi,2,Wrong Overtaking,0,0,1,0,0,0,Low
2018,8,Friday,20,Punjab,Sheikhupura,National Highway,Good,Clear,No Light,Car/Taxi,3,Over Speeding,1,0,0,0,4,0,Medium
2018,12,Tuesday,16,Sindh,Kashmore,National Highway,Average,Clear,Dawn/Dusk,Motorcycle,1,Over Speeding,0,0,0,1,5,1,High
2018,10,Thursday,9,Balochistan,Gwadar,National Highway,Poor,Clear,Daylight,Motorcycle,4,Wrong Overtaking,1,0,0,0,2,1,High
2018,9,Saturday,9,Punjab,Bahawalpur,Urban Road,Good,Clear,Daylight,Motorcycle,2,Pedestrian Error,1,1,0,0,5,1,Medium
2021,8,Saturday,21,AJK,Rawalakot,Provincial Highway,Average,Clear,No Light,Car/Taxi,2,Over Speeding,0,1,0,0,4,0,Medium
2020,6,Thursday,19,Gilgit-Baltistan,Skardu,Provincial Highway,Average,Foggy,Street Light,Motorcycle,1,Road Condition,1,0,0,0,4,1,Medium
2021,12,Tuesday,1,Sindh,Larkana,Urban Road,Average,Clear,No Light,Car/Taxi,1,Driver Fatigue,0,0,1,1,1,0,Low
2021,7,Friday,13,Punjab,Multan,Motorway,Average,Clear,Daylight,Motorcycle,2,Pedestrian Error,1,0,0,0,3,3,High
2018,11,Tuesday,10,Punjab,Faisalabad,Rural Road,Average,Clear,Daylight,Motorcycle,2,Wrong Overtaking,0,0,0,1,1,0,Low
2018,2,Monday,5,Punjab,Bahawalpur,National Highway,Good,Clear,Dawn/Dusk,Truck/Lorry,4,Over Speeding,0,0,1,1,7,1,High
2022,5,Saturday,23,Punjab,Lahore,Urban Road,Good,Clear,No Light,Bus/Coach,2,Signal Violation,0,1,1,0,4,1,Medium
2022,6,Friday,17,Sindh,Mirpur Khas,Provincial Highway,Poor,Rainy,Daylight,Car/Taxi,1,Driver Fatigue,1,0,0,0,3,0,Medium
2019,10,Friday,8,Punjab,Bahawalpur,National Highway,Average,Clear,Daylight,Car/Taxi,1,Over Speeding,1,0,0,0,1,1,Medium
2020,2,Saturday,13,KPK,Mansehra,Urban Road,Good,Clear,Daylight,Motorcycle,2,Over Speeding,1,1,0,1,3,0,Medium
2019,12,Saturday,5,Punjab,Rahim Yar Khan,Provincial Highway,Poor,Clear,Dawn/Dusk,Bus/Coach,1,Over Speeding,0,1,1,1,7,2,High
2021,11,Wednesday,6,Punjab,Multan,Urban Road,Under Repair,Clear,Dawn/Dusk,Rickshaw,4,Road Condition,0,0,0,1,2,1,Low
2018,12,Sunday,21,Sindh,Dadu,Provincial Highway,Good,Clear,Street Light,Motorcycle,2,Mobile Phone Use,0,1,0,1,2,0,Low
2022,3,Sunday,8,AJK,Rawalakot,National Highway,Under Repair,Foggy,Daylight,Car/Taxi,2,Over Speeding,1,1,0,0,2,1,High
2019,7,Wednesday,20,KPK,Bannu,Provincial Highway,Good,Clear,No Light,Motorcycle,3,Road Condition,1,0,0,0,2,0,Medium
2019,2,Tuesday,14,Sindh,Karachi,Rural Road,Good,Clear,Daylight,Motorcycle,2,Pedestrian Error,0,0,0,1,1,0,Low
2022,7,Monday,14,KPK,Swat,Rural Road,Good,Foggy,Street Light,Bus/Coach,1,Mechanical Failure,0,0,0,0,1,0,Medium
2021,2,Wednesday,18,KPK,Dera Ismail Khan,Provincial Highway,Good,Foggy,Daylight,Motorcycle,2,Mobile Phone Use,1,0,0,1,2,0,Medium
2022,12,Thursday,20,Balochistan,Khuzdar,Urban Road,Good,Clear,Street Light,Motorcycle,2,Signal Violation,1,0,0,1,2,1,Medium
2022,11,Sunday,9,Punjab,Faisalabad,Rural Road,Poor,Rainy,Dawn/Dusk,Truck/Lorry,2,Pedestrian Error,1,1,0,1,2,0,Low
2020,10,Saturday,7,Balochistan,Gwadar,Rural Road,Poor,Rainy,Daylight,Motorcycle,3,Over Speeding,1,1,0,0,5,2,Medium
2023,6,Sunday,3,Punjab,Multan,Provincial Highway,Under Repair,Rainy,Street Light,Motorcycle,2,Over Speeding,0,1,1,0,9,2,High
2019,1,Sunday,19,Islamabad,Islamabad,National Highway,Good,Clear,Dawn/Dusk,Van/Pickup,3,Wrong Overtaking,1,1,0,1,3,0,Medium
2022,5,Friday,16,Punjab,Sheikhupura,Urban Road,Under Repair,Extreme Heat,Street Light,Car/Taxi,2,Wrong Overtaking,0,0,0,0,2,0,Low
2022,2,Thursday,17,Islamabad,Islamabad,National Highway,Poor,Rainy,Daylight,Car/Taxi,2,Over Speeding,1,0,0,1,2,1,Medium
2023,2,Monday,13,Islamabad,Islamabad,Rural Road,Average,Clear,Dawn/Dusk,Motorcycle,2,Over Speeding,1,0,0,1,3,0,Medium
2023,10,Saturday,8,Punjab,Rahim Yar Khan,Provincial Highway,Average,Foggy,Street Light,Car/Taxi,1,Driver Fatigue,1,1,0,0,8,1,High
2022,1,Wednesday,9,AJK,Mirpur,Urban Road,Good,Clear,Daylight,Motorcycle,2,Wrong Overtaking,1,0,0,1,2,0,Low
2022,9,Wednesday,11,Punjab,Sialkot,National Highway,Average,Rainy,Daylight,Motorcycle,1,Road Condition,0,0,0,0,5,1,High
2021,2,Saturday,7,Punjab,Sialkot,National Highway,Good,Foggy,Daylight,Motorcycle,4,Mobile Phone Use,1,1,0,1,3,2,High
2022,4,Thursday,8,Sindh,Nawabshah,National Highway,Good,Clear,Dawn/Dusk,Motorcycle,4,Over Speeding,1,0,0,0,5,1,High
2021,2,Wednesday,17,Gilgit-Baltistan,Gilgit,Rural Road,Good,Clear,Daylight,Rickshaw,1,Over Speeding,1,0,0,1,0,0,Low
2020,5,Sunday,10,Sindh,Sukkur,National Highway,Average,Foggy,Daylight,Truck/Lorry,4,Pedestrian Error,0,1,0,0,2,0,Medium
2023,1,Sunday,9,Sindh,Thatta,Rural Road,Average,Clear,Daylight,Rickshaw,2,Signal Violation,1,1,0,1,0,0,Low
2021,2,Tuesday,17,KPK,Peshawar,National Highway,Poor,Clear,Dawn/Dusk,Car/Taxi,2,Mobile Phone Use,1,0,0,1,4,0,Medium
2023,1,Saturday,19,Islamabad,Islamabad,Urban Road,Average,Clear,Street Light,Bus/Coach,2,Wrong Overtaking,1,1,0,1,0,0,Low
2022,5,Sunday,8,KPK,Kohat,Rural Road,Under Repair,Clear,Daylight,Car/Taxi,1,Over Speeding,1,1,0,0,1,0,Low
2022,12,Tuesday,12,Punjab,Faisalabad,Urban Road,Average,Clear,Daylight,Rickshaw,2,Road Condition,1,0,0,1,2,0,Low
2023,7,Monday,9,Punjab,Rahim Yar Khan,National Highway,Average,Clear,Daylight,Motorcycle,2,Wrong Overtaking,1,0,0,0,3,1,High
2022,1,Wednesday,16,Punjab,Multan,Rural Road,Good,Clear,Daylight,Bus/Coach,4,Wrong Overtaking,0,0,0,1,2,0,Medium
2023,3,Monday,7,Sindh,Sukkur,Urban Road,Good,Extreme Heat,Daylight,Car/Taxi,2,Over Speeding,1,0,0,0,0,0,Low
2022,1,Sunday,13,Punjab,Lahore,Motorway,Poor,Clear,Street Light,Car/Taxi,1,Road Condition,1,1,0,1,1,1,Medium
2018,11,Saturday,9,Punjab,Gujranwala,National Highway,Average,Clear,Dawn/Dusk,Bus/Coach,2,Over Speeding,1,1,0,1,2,1,High
2023,10,Wednesday,20,Balochistan,Sibi,Provincial Highway,Average,Clear,Street Light,Rickshaw,1,Wrong Overtaking,1,0,0,0,1,0,Low
2020,8,Monday,13,Punjab,Rawalpindi,Provincial Highway,Average,Clear,Dawn/Dusk,Motorcycle,2,Wrong Overtaking,1,0,0,0,5,1,Medium
2018,9,Tuesday,7,Sindh,Karachi,Rural Road,Good,Clear,Daylight,Motorcycle,2,Driver Fatigue,1,0,0,0,2,3,High
2023,10,Tuesday,16,Punjab,Lahore,Provincial Highway,Good,Dusty/Smoggy,Daylight,Car/Taxi,3,Over Speeding,0,0,0,0,1,0,Medium
2022,6,Friday,9,Punjab,Lahore,Provincial Highway,Poor,Clear,Daylight,Car/Taxi,3,Over Speeding,1,0,0,0,4,0,Medium
2022,1,Thursday,11,Punjab,Multan,National Highway,Average,Extreme Heat,Street Light,Motorcycle,2,Driver Fatigue,0,0,0,1,2,0,High
2023,5,Sunday,23,Punjab,Gujranwala,Provincial Highway,Average,Clear,Street Light,Car/Taxi,2,Driver Fatigue,0,1,1,0,4,2,Medium
2023,11,Monday,7,Balochistan,Chaman,Rural Road,Under Repair,Rainy,Daylight,Car/Taxi,1,Over Speeding,1,0,0,1,2,0,Medium
2022,2,Wednesday,9,Punjab,Rahim Yar Khan,Provincial Highway,Average,Dusty/Smoggy,Daylight,Car/Taxi,3,Signal Violation,1,0,0,1,0,0,Low
2023,12,Monday,12,Punjab,Sargodha,National Highway,Under Repair,Clear,Daylight,Car/Taxi,3,Over Speeding,1,0,0,1,3,1,High
2023,12,Wednesday,18,KPK,Dera Ismail Khan,Urban Road,Average,Foggy,Daylight,Van/Pickup,2,Road Condition,1,0,0,1,1,0,Low
2023,1,Wednesday,14,KPK,Swat,Urban Road,Poor,Extreme Heat,Daylight,Motorcycle,1,Wrong Overtaking,0,0,0,1,3,1,Medium
2023,7,Monday,13,KPK,Mardan,National Highway,Average,Foggy,Street Light,Car/Taxi,2,Over Speeding,1,0,0,0,4,1,High
2022,2,Friday,14,Islamabad,Islamabad,Urban Road,Average,Dusty/Smoggy,Daylight,Rickshaw,1,Wrong Overtaking,0,0,0,1,0,0,Low
2018,6,Tuesday,5,KPK,Mardan,Rural Road,Good,Clear,Dawn/Dusk,Rickshaw,2,Pedestrian Error,0,0,1,0,0,0,Low
2018,6,Friday,8,Punjab,Faisalabad,Rural Road,Good,Clear,Dawn/Dusk,Car/Taxi,2,Signal Violation,1,0,0,0,1,0,Low
2021,12,Monday,20,KPK,Peshawar,Motorway,Average,Foggy,No Light,Bus/Coach,4,Drunk Driving,1,0,0,1,10,4,High
2023,5,Tuesday,7,Sindh,Nawabshah,National Highway,Average,Extreme Heat,Daylight,Van/Pickup,1,Wrong Overtaking,1,0,0,0,2,1,Medium
2023,2,Tuesday,6,Punjab,Multan,National Highway,Under Repair,Clear,No Light,Other,1,Signal Violation,0,0,0,1,5,0,Medium
2023,3,Saturday,11,Punjab,Rawalpindi,National Highway,Poor,Clear,Daylight,Motorcycle,2,Road Condition,0,1,0,0,4,1,High
2020,12,Wednesday,19,Punjab,Lahore,Rural Road,Average,Clear,Dawn/Dusk,Motorcycle,2,Over Speeding,1,0,0,1,2,0,Medium
2023,2,Thursday,12,Punjab,Sargodha,Provincial Highway,Good,Clear,No Light,Motorcycle,2,Over Speeding,1,0,0,1,10,3,High
2021,3,Wednesday,13,Punjab,Sheikhupura,Provincial Highway,Good,Rainy,Daylight,Motorcycle,1,Mechanical Failure,1,0,0,0,2,0,Medium
2021,12,Friday,7,Punjab,Multan,Rural Road,Average,Clear,Daylight,Car/Taxi,4,Drunk Driving,1,0,0,1,2,0,Medium
2023,6,Monday,15,Balochistan,Quetta,Urban Road,Under Repair,Clear,Daylight,Truck/Lorry,1,Mechanical Failure,0,0,0,0,0,0,Low
2020,5,Wednesday,10,Islamabad,Islamabad,Provincial Highway,Average,Clear,Daylight,Motorcycle,1,Pedestrian Error,0,0,0,0,2,0,Low
2019,4,Saturday,13,Sindh,Sukkur,National Highway,Poor,Dusty/Smoggy,Daylight,Car/Taxi,3,Driver Fatigue,1,1,0,0,9,2,High
2019,6,Saturday,11,Balochistan,Sibi,National Highway,Good,Clear,Daylight,Bus/Coach,2,Pedestrian Error,0,1,0,0,4,0,Medium
2022,4,Saturday,18,Punjab,Lahore,Provincial Highway,Good,Clear,Daylight,Car/Taxi,2,Wrong Overtaking,1,1,0,0,2,0,Low
2023,11,Thursday,17,Balochistan,Quetta,National Highway,Under Repair,Foggy,Daylight,Motorcycle,1,Wrong Overtaking,1,0,0,1,10,1,High
2021,3,Saturday,6,Sindh,Mirpur Khas,Urban Road,Poor,Clear,Daylight,Motorcycle,1,Wrong Overtaking,0,1,0,0,2,0,Low
2020,6,Sunday,7,Punjab,Gujranwala,Provincial Highway,Average,Clear,Daylight,Other,1,Over Speeding,1,1,0,0,5,2,Medium
2019,2,Thursday,21,Punjab,Bahawalpur,Urban Road,Under Repair,Clear,No Light,Bus/Coach,4,Mobile Phone Use,0,0,0,1,1,0,Low
2019,12,Thursday,11,Punjab,Lahore,Provincial Highway,Good,Clear,Daylight,Bus/Coach,2,Over Speeding,0,0,0,1,2,0,Medium
2018,5,Sunday,5,Punjab,Bahawalpur,Rural Road,Average,Clear,Dawn/Dusk,Rickshaw,3,Over Speeding,0,1,1,0,1,0,Low