year,month,day_of_week,hour_of_day,province,district,road_type,road_condition,weather_condition,lighting_condition,vehicle_type,vehicles_involved,accident_cause,is_rush_hour,is_weekend,is_night,is_foggy_month,num_injured,num_killed,severity
2019,11,Saturday,13,Punjab,Faisalabad,National Highway,Good,Clear,No Light,Bus/Coach,2,Wrong Overtaking,1,1,0,1,4,1,Medium
2020,12,Sunday,16,Punjab,Lahore,Provincial Highway,Average,Clear,Street Light,Car/Taxi,3,Mechanical Failure,0,1,0,1,0,0,Low
2018,12,Saturday,17,Punjab,Bahawalpur,Rural Road,Average,Foggy,Street Light,Bus/Coach,1,Signal Violation,1,1,0,1,1,0,Low
2022,6,Monday,20,Punjab,Rahim Yar Khan,Urban Road,Poor,Foggy,Street Light,Bicycle,1,Road Condition,1,0,0,0,1,0,Medium
2022,8,Saturday,19,Gilgit-Baltistan,Skardu,National Highway,Average,Clear,Dawn/Dusk,Car/Taxi,3,Pedestrian Error,1,1,0,0,2,0,Low
2022,9,Friday,17,Punjab,Gujranwala,Rural Road,Good,Clear,No Light,Car/Taxi,1,Over Speeding,1,0,0,0,5,0,Medium
2022,6,Friday,1,Punjab,Rahim Yar Khan,National Highway,Poor,Clear,Street Light,Rickshaw,2,Wrong Overtaking,0,0,1,0,1,1,Medium
2020,5,Sunday,6,KPK,Mansehra,Provincial Highway,Good,Clear,Daylight,Van/Pickup,2,Over Speeding,0,1,0,0,1,0,Low
2023,8,Monday,13,Balochistan,Khuzdar,Provincial Highway,Under Repair,Rainy,Daylight,Motorcycle,2,Wrong Overtaking,1,0,0,0,3,1,High
2019,10,Saturday,7,Punjab,Sheikhupura,Provincial Highway,Poor,Clear,Dawn/Dusk,Motorcycle,2,Signal Violation,1,1,0,0,6,1,High
2023,5,Monday,5,Balochistan,Sibi,Rural Road,Average,Clear,No Light,Rickshaw,1,Wrong Overtaking,0,0,1,0,0,0,Low
2023,7,Friday,10,Punjab,Bahawalpur,National Highway,Average,Foggy,Daylight,Car/Taxi,2,Over Speeding,0,0,0,0,4,0,Medium
2021,11,Friday,8,Punjab,Sargodha,National Highway,Average,Clear,Daylight,Car/Taxi,3,Road Condition,1,0,0,1,1,0,Low
2023,11,Monday,21,Punjab,Gujranwala,Provincial Highway,Average,Rainy,Street Light,Truck/Lorry,3,Mobile Phone Use,0,0,0,1,1,0,Medium
2022,5,Saturday,23,Sindh,Kashmore,Urban Road,Good,Clear,No Light,Car/Taxi,2,Mobile Phone Use,0,1,1,0,2,0,Low
2023,10,Saturday,17,Punjab,Faisalabad,Urban Road,Average,Clear,Daylight,Truck/Lorry,2,Wrong Overtaking,1,1,0,0,2,0,Low
2023,11,Saturday,18,KPK,Abbottabad,Provincial Highway,Average,Clear,Street Light,Car/Taxi,1,Over Speeding,1,1,0,1,1,1,Medium
2018,6,Sunday,14,Punjab,Gujranwala,Urban Road,Good,Dusty/Smoggy,Daylight,Car/Taxi,4,Over Speeding,0,1,0,0,2,0,Low
2023,6,Sunday,18,KPK,Charsadda,Provincial Highway,Good,Dusty/Smoggy,Daylight,Motorcycle,1,Over Speeding,1,1,0,0,1,0,Medium
2022,9,Friday,8,Punjab,Lahore,National Highway,Average,Clear,Daylight,Car/Taxi,1,Over Speeding,1,0,0,0,5,0,Medium
2022,11,Wednesday,13,Sindh,Karachi,Urban Road,Poor,Clear,Daylight,Motorcycle,2,Mobile Phone Use,1,0,0,1,4,0,Medium
2018,12,Thursday,9,Sindh,Jacobabad,Provincial Highway,Poor,Clear,Daylight,Motorcycle,3,Driver Fatigue,1,0,0,1,9,0,High
2020,7,Wednesday,17,KPK,Peshawar,Provincial Highway,Average,Clear,Daylight,Motorcycle,2,Road Condition,1,0,0,0,4,0,Medium
2022,11,Tuesday,20,Punjab,Rawalpindi,Rural Road,Good,Clear,Street Light,Car/Taxi,1,Mobile Phone Use,1,0,0,1,1,0,Low
2023,7,Wednesday,8,KPK,Charsadda,Rural Road,Average,Clear,Daylight,Motorcycle,1,Mechanical Failure,1,0,0,0,2,0,Low
2021,6,Saturday,6,KPK,Bannu,National Highway,Good,Clear,Dawn/Dusk,Car/Taxi,3,Over Speeding,0,1,0,0,5,1,High
2019,3,Saturday,20,Punjab,Gujranwala,Provincial Highway,Poor,Clear,Street Light,Van/Pickup,2,Pedestrian Error,1,1,0,0,1,0,Low
2018,12,Thursday,22,AJK,Rawalakot,Rural Road,Good,Clear,No Light,Motorcycle,3,Mechanical Failure,0,0,1,1,3,0,Medium
2020,1,Thursday,11,KPK,Mansehra,Rural Road,Average,Clear,Street Light,Car/Taxi,2,Signal Violation,0,0,0,1,1,0,Low
2018,12,Monday,2,Sindh,Thatta,Motorway,Average,Clear,No Light,Truck/Lorry,1,Over Speeding,0,0,1,1,3,0,High
2023,9,Sunday,0,Punjab,Rawalpindi,Provincial Highway,Good,Dusty/Smoggy,No Light,Motorcycle,2,Signal Violation,0,1,1,0,5,0,Medium
2023,10,Saturday,15,Sindh,Karachi,Provincial Highway,Good,Clear,Daylight,Motorcycle,2,Over Speeding,0,1,0,0,2,2,High
2019,6,Wednesday,10,Punjab,Sheikhupura,Urban Road,Good,Clear,No Light,Bicycle,1,Over Speeding,0,0,0,0,8,2,High
2021,9,Friday,14,Sindh,Hyderabad,National Highway,Good,Clear,Daylight,Motorcycle,2,Over Speeding,0,0,0,0,10,0,High
2022,5,Tuesday,18,Punjab,Sheikhupura,Urban Road,Good,Foggy,Daylight,Motorcycle,2,Over Speeding,1,0,0,0,2,1,High
2021,3,Saturday,4,KPK,Mardan,Rural Road,Poor,Clear,No Light,Motorcycle,1,Road Condition,0,1,1,0,4,0,Medium
2021,2,Monday,9,Punjab,Bahawalpur,Rural Road,Good,Foggy,Daylight,Motorcycle,1,Over Speeding,1,0,0,1,2,2,Medium
2021,12,Saturday,8,KPK,Abbottabad,National Highway,Poor,Foggy,Daylight,Van/Pickup,1,Wrong Overtaking,1,1,0,1,2,0,Medium
2023,1,Monday,19,Punjab,Sheikhupura,Motorway,Good,Foggy,Dawn/Dusk,Motorcycle,2,Over Speeding,1,0,0,1,9,4,High
2020,11,Friday,8,Sindh,Kashmore,Urban Road,Good,Foggy,Daylight,Motorcycle,2,Road Condition,1,0,0,1,1,1,Low
2020,4,Thursday,19,KPK,Swat,National Highway,Good,Clear,No Light,Car/Taxi,3,Road Condition,1,0,0,0,1,0,Low
2023,9,Monday,11,Sindh,Thatta,Urban Road,Poor,Foggy,Street Light,Car/Taxi,2,Signal Violation,0,0,0,0,1,0,Low
2020,7,Sunday,23,Punjab,Multan,National Highway,Average,Foggy,No Light,Motorcycle,1,Pedestrian Error,0,1,1,0,5,1,High
2021,9,Sunday,16,Punjab,Rawalpindi,National Highway,Average,Clear,Daylight,Car/Taxi,2,Pedestrian Error,0,1,0,0,0,0,Low
2023,1,Thursday,14,Punjab,Lahore,Motorway,Good,Clear,Daylight,Rickshaw,4,Signal Violation,0,0,0,1,2,0,Medium
2022,1,Monday,16,Sindh,Larkana,National Highway,Good,Dusty/Smoggy,Daylight,Car/Taxi,2,Over Speeding,0,0,0,1,5,0,Medium
2021,1,Wednesday,16,Punjab,Faisalabad,Rural Road,Good,Clear,Daylight,Motorcycle,2,Over Speeding,0,0,0,1,1,0,Medium
2019,4,Wednesday,19,KPK,Bannu,Rural Road,Good,Clear,Daylight,Bus/Coach,1,Road Condition,1,0,0,0,0,0,Low
2018,6,Wednesday,8,Sindh,Hyderabad,Provincial Highway,Average,Clear,Street Light,Van/Pickup,4,Wrong Overtaking,1,0,0,0,1,0,Medium
2022,2,Wednesday,9,Punjab,Bahawalpur,Provincial Highway,Good,Clear,Daylight,Car/Taxi,1,Wrong Overtaking,1,0,0,1,2,0,Low
2019,5,Tuesday,2,Punjab,Rahim Yar Khan,Urban Road,Good,Clear,No Light,Motorcycle,1,Drunk Driving,0,0,1,0,9,0,High
2023,11,Tuesday,6,Punjab,Rahim Yar Khan,National Highway,Good,Extreme Heat,Daylight,Motorcycle,1,Road Condition,0,0,0,1,3,0,Medium
2023,1,Sunday,6,Punjab,Sargodha,Urban Road,Average,Rainy,Daylight,Car/Taxi,1,Wrong Overtaking,0,1,0,1,2,2,Medium
2022,5,Saturday,18,Sindh,Nawabshah,National Highway,Average,Clear,Dawn/Dusk,Motorcycle,3,Wrong Overtaking,1,1,0,0,5,1,High
2018,11,Friday,20,Sindh,Larkana,National Highway,Average,Foggy,Street Light,Car/Taxi,2,Pedestrian Error,1,0,0,1,0,0,Low
2020,4,Saturday,18,KPK,Abbottabad,National Highway,Average,Clear,Daylight,Motorcycle,4,Over Speeding,1,1,0,0,7,1,High
2023,5,Sunday,10,Punjab,Rahim Yar Khan,National Highway,Good,Clear,Daylight,Motorcycle,2,Pedestrian Error,0,1,0,0,1,0,Medium
2020,3,Wednesday,17,Islamabad,Islamabad,Provincial Highway,Average,Clear,Daylight,Motorcycle,2,Signal Violation,1,0,0,0,4,0,Medium
2021,10,Monday,15,Punjab,Gujranwala,Rural Road,Under Repair,Clear,Dawn/Dusk,Motorcycle,3,Road Condition,0,0,0,0,1,1,Low
2023,6,Wednesday,10,Punjab,Faisalabad,Provincial Highway,Good,Clear,Daylight,Motorcycle,2,Driver Fatigue,0,0,0,0,2,0,Medium
2019,8,Friday,20,KPK,Mardan,Provincial Highway,Good,Clear,No Light,Motorcycle,3,Driver Fatigue,1,0,0,0,5,1,Medium
2023,12,Tuesday,6,KPK,Charsadda,National Highway,Poor,Clear,No Light,Motorcycle,2,Road Condition,0,0,0,1,2,0,Medium
2019,9,Sunday,12,Punjab,Rawalpindi,Motorway,Under Repair,Rainy,No Light,Car/Taxi,4,Wrong Overtaking,1,1,0,0,1,0,Medium
2018,3,Thursday,19,KPK,Nowshera,Urban Road,Average,Rainy,Dawn/Dusk,Motorcycle,2,Pedestrian Error,1,0,0,0,3,0,Medium
2020,3,Friday,10,Balochistan,Zhob,Provincial Highway,Poor,Rainy,Street Light,Car/Taxi,2,Signal Violation,0,0,0,0,4,1,Medium
2022,9,Friday,16,KPK,Charsadda,Provincial Highway,Average,Clear,Daylight,Car/Taxi,2,Wrong Overtaking,0,0,0,0,2,0,Medium
2021,2,Sunday,13,Punjab,Rawalpindi,Provincial Highway,Average,Clear,Daylight,Motorcycle,2,Over Speeding,1,1,0,1,3,0,Medium
2019,12,Monday,13,KPK,Peshawar,Urban Road,Poor,Clear,Daylight,Bus/Coach,1,Drunk Driving,1,0,0,1,2,0,Low
2020,6,Tuesday,11,KPK,Mansehra,Provincial Highway,Average,Clear,Daylight,Motorcycle,3,Signal Violation,0,0,0,0,4,3,High
2023,9,Saturday,19,KPK,Mansehra,National Highway,Under Repair,Clear,Dawn/Dusk,Car/Taxi,2,Over Speeding,1,1,0,0,1,0,Medium
2018,6,Friday,7,KPK,Charsadda,National Highway,Under Repair,Foggy,Street Light,Motorcycle,3,Over Speeding,1,0,0,0,4,2,High
2020,3,Saturday,19,AJK,Mirpur,Provincial Highway,Good,Clear,Dawn/Dusk,Car/Taxi,1,Wrong Overtaking,1,1,0,0,0,0,Low
2018,3,Tuesday,17,Sindh,Sukkur,National Highway,Poor,Foggy,Daylight,Rickshaw,3,Wrong Overtaking,1,0,0,0,2,0,Medium
2020,8,Tuesday,18,Punjab,Sheikhupura,Urban Road,Average,Clear,Street Light,Van/Pickup,1,Driver Fatigue,1,0,0,0,0,0,Low
2022,6,Thursday,20,Sindh,Nawabshah,Motorway,Poor,Dusty/Smoggy,No Light,Motorcycle,1,Road Condition,1,0,0,0,8,0,High
2020,2,Wednesday,20,Punjab,Lahore,Rural Road,Poor,Rainy,No Light,Car/Taxi,1,Mobile Phone Use,1,0,0,1,1,0,Low
2022,2,Thursday,8,Punjab,Rawalpindi,Urban Road,Poor,Rainy,Daylight,Rickshaw,2,Wrong Overtaking,1,0,0,1,0,0,Low
2018,3,Sunday,19,Sindh,Larkana,Urban Road,Good,Dusty/Smoggy,Dawn/Dusk,Motorcycle,1,Driver Fatigue,1,1,0,0,11,3,High
2021,9,Friday,7,Punjab,Rawalpindi,National Highway,Poor,Clear,Daylight,Motorcycle,1,Mobile Phone Use,1,0,0,0,2,2,Medium
2021,8,Thursday,22,KPK,Mansehra,National Highway,Average,Extreme Heat,No Light,Rickshaw,3,Mobile Phone Use,0,0,1,0,1,0,Medium
2019,1,Saturday,18,KPK,Nowshera,Provincial Highway,Good,Clear,Daylight,Truck/Lorry,1,Over Speeding,1,1,0,1,2,0,Medium
2018,3,Sunday,20,Sindh,Hyderabad,Rural Road,Under Repair,Clear,Street Light,Truck/Lorry,4,Over Speeding,1,1,0,0,2,0,Medium
2022,5,Saturday,7,Balochistan,Zhob,Provincial Highway,Average,Rainy,Daylight,Motorcycle,2,Pedestrian Error,1,1,0,0,5,1,High
2019,6,Monday,19,Punjab,Multan,Urban Road,Average,Clear,Daylight,Truck/Lorry,2,Mechanical Failure,1,0,0,0,1,0,Low
2018,1,Tuesday,18,Balochistan,Quetta,Rural Road,Under Repair,Clear,Daylight,Bus/Coach,3,Mobile Phone Use,1,0,0,1,0,0,Low
2021,2,Saturday,17,KPK,Mardan,Urban Road,Average,Rainy,No Light,Rickshaw,3,Weather Condition,1,1,0,1,2,0,Low
2023,12,Sunday,13,Punjab,Gujranwala,National Highway,Good,Clear,Daylight,Motorcycle,2,Road Condition,1,1,0,1,1,0,Medium
2023,3,Wednesday,8,Punjab,Sheikhupura,National Highway,Under Repair,Clear,Street Light,Motorcycle,3,Over Speeding,1,0,0,0,9,2,High
2018,12,Friday,13,Punjab,Gujranwala,National Highway,Good,Rainy,No Light,Car/Taxi,1,Over Speeding,1,0,0,1,9,1,High
2018,2,Sunday,19,KPK,Charsadda,Provincial Highway,Good,Clear,Daylight,Bus/Coach,1,Over Speeding,1,1,0,1,6,0,High
2023,10,Tuesday,4,KPK,Dera Ismail Khan,National Highway,Good,Clear,Street Light,Motorcycle,1,Over Speeding,0,0,1,0,6,1,High
2021,4,Monday,10,Punjab,Faisalabad,National Highway,Average,Clear,Daylight,Motorcycle,3,Road Condition,0,0,0,0,6,0,High
2022,6,Wednesday,10,Sindh,Mirpur Khas,Provincial Highway,Good,Clear,Daylight,Car/Taxi,1,Signal Violation,0,0,0,0,3,1,Medium
2022,8,Thursday,17,Punjab,Lahore,National Highway,Average,Clear,Daylight,Car/Taxi,2,Road Condition,1,0,0,0,0,0,Low
2019,12,Friday,18,Sindh,Hyderabad,Provincial Highway,Average,Rainy,Daylight,Rickshaw,3,Mobile Phone Use,1,0,0,1,2,0,Medium
2023,8,Tuesday,22,Gilgit-Baltistan,Hunza,Provincial Highway,Average,Dusty/Smoggy,No Light,Truck/Lorry,2,Wrong Overtaking,0,0,1,0,3,0,Medium
2019,11,Thursday,15,Punjab,Rawalpindi,National Highway,Good,Dusty/Smoggy,Street Light,Motorcycle,2,Wrong Overtaking,0,0,0,1,3,0,High
2020,6,Thursday,8,Islamabad,Islamabad,Urban Road,Average,Dusty/Smoggy,Daylight,Rickshaw,4,Road Condition,1,0,0,0,0,0,Low
2020,6,Monday,15,KPK,Charsadda,Provincial Highway,Poor,Rainy,Daylight,Motorcycle,1,Pedestrian Error,0,0,0,0,3,1,Medium
2018,5,Wednesday,16,AJK,Mirpur,Rural Road,Poor,Foggy,Daylight,Car/Taxi,2,Wrong Overtaking,0,0,0,0,4,0,Medium
2019,4,Monday,14,Punjab,Rawalpindi,National Highway,Good,Clear,Street Light,Rickshaw,2,Pedestrian Error,0,0,0,0,2,0,Low
2018,9,Thursday,2,Punjab,Multan,National Highway,Poor,Rainy,Street Light,Motorcycle,2,Over Speeding,0,0,1,0,8,2,High
2023,4,Tuesday,9,Punjab,Multan,National Highway,Good,Rainy,Daylight,Motorcycle,3,Signal Violation,1,0,0,0,7,2,High
2018,4,Thursday,17,KPK,Bannu,National Highway,Average,Clear,Daylight,Motorcycle,3,Signal Violation,1,0,0,0,5,0,Medium
2021,7,Friday,20,Sindh,Larkana,Provincial Highway,Good,Clear,Street Light,Truck/Lorry,1,Signal Violation,1,0,0,0,0,0,Low
2021,5,Tuesday,13,Punjab,Sheikhupura,Motorway,Under Repair,Clear,Daylight,Car/Taxi,2,Driver Fatigue,1,0,0,0,1,0,Medium
2019,8,Tuesday,9,KPK,Charsadda,National Highway,Good,Foggy,Street Light,Truck/Lorry,1,Driver Fatigue,1,0,0,0,5,3,High
2022,6,Thursday,18,Punjab,Multan,Urban Road,Poor,Clear,Daylight,Car/Taxi,2,Pedestrian Error,1,0,0,0,2,0,Low
2022,8,Friday,18,Punjab,Rawalpindi,Rural Road,Good,Foggy,Daylight,Van/Pickup,1,Signal Violation,1,0,0,0,2,1,Low
2022,3,Wednesday,12,Sindh,Hyderabad,Rural Road,Good,Clear,Daylight,Motorcycle,3,Signal Violation,1,0,0,0,2,1,Medium
2018,3,Wednesday,19,Punjab,Bahawalpur,National Highway,Poor,Foggy,Dawn/Dusk,Car/Taxi,1,Signal Violation,1,0,0,0,2,0,Medium
2022,5,Friday,16,Punjab,Bahawalpur,National Highway,Poor,Rainy,Daylight,Bus/Coach,1,Over Speeding,0,0,0,0,8,0,High
2019,7,Tuesday,14,Punjab,Lahore,National Highway,Average,Clear,Street Light,Motorcycle,1,Signal Violation,0,0,0,0,8,2,High
2020,9,Sunday,10,Balochistan,Loralai,Provincial Highway,Average,Extreme Heat,Daylight,Motorcycle,3,Wrong Overtaking,0,1,0,0,5,1,Medium
2023,11,Wednesday,19,KPK,Charsadda,National Highway,Poor,Rainy,No Light,Van/Pickup,2,Drunk Driving,1,0,0,1,1,0,Medium
2021,8,Wednesday,17,Sindh,Jacobabad,National Highway,Good,Rainy,Daylight,Rickshaw,3,Pedestrian Error,1,0,0,0,2,0,Medium
2023,7,Tuesday,14,KPK,Abbottabad,National Highway,Average,Foggy,Daylight,Motorcycle,1,Mechanical Failure,0,0,0,0,4,0,Medium
2021,8,Tuesday,23,Sindh,Larkana,Motorway,Good,Foggy,No Light,Car/Taxi,1,Wrong Overtaking,0,0,1,0,3,2,High
2019,11,Monday,8,Punjab,Gujranwala,Urban Road,Average,Clear,Daylight,Van/Pickup,2,Mechanical Failure,1,0,0,1,1,0,Low
2020,7,Friday,9,KPK,Peshawar,Urban Road,Under Repair,Clear,Daylight,Motorcycle,2,Over Speeding,1,0,0,0,9,0,High
2023,1,Thursday,3,KPK,Dera Ismail Khan,Rural Road,Poor,Clear,Street Light,Car/Taxi,2,Wrong Overtaking,0,0,1,1,1,1,Medium
2020,8,Sunday,20,Sindh,Sukkur,National Highway,Good,Clear,Street Light,Motorcycle,2,Mechanical Failure,1,1,0,0,5,0,Medium
2018,7,Saturday,9,Sindh,Nawabshah,National Highway,Poor,Foggy,Daylight,Motorcycle,2,Over Speeding,1,1,0,0,7,2,High
2019,4,Monday,22,KPK,Abbottabad,Rural Road,Poor,Extreme Heat,No Light,Bus/Coach,3,Over Speeding,0,0,1,0,3,0,Medium
2023,11,Monday,16,Punjab,Gujranwala,Provincial Highway,Average,Clear,Daylight,Motorcycle,2,Mobile Phone Use,0,0,0,1,1,0,Medium
2019,12,Wednesday,8,Balochistan,Gwadar,Provincial Highway,Good,Clear,Daylight,Car/Taxi,1,Over Speeding,1,0,0,1,1,0,Medium
2020,11,Wednesday,17,Punjab,Faisalabad,National Highway,Good,Foggy,Daylight,Motorcycle,2,Over Speeding,1,0,0,1,2,0,High
2019,1,Thursday,17,Balochistan,Gwadar,National Highway,Good,Foggy,Daylight,Bus/Coach,3,Mechanical Failure,1,0,0,1,6,1,High
2020,6,Saturday,9,Punjab,Multan,Urban Road,Average,Clear,Daylight,Motorcycle,3,Drunk Driving,1,1,0,0,7,2,High
2021,8,Sunday,18,Punjab,Rawalpindi,Urban Road,Good,Foggy,Daylight,Car/Taxi,2,Mechanical Failure,1,1,0,0,2,0,Low
2021,8,Saturday,0,Sindh,Thatta,National Highway,Good,Clear,Street Light,Motorcycle,3,Wrong Overtaking,0,1,1,0,6,3,High
2021,12,Friday,18,Punjab,Sialkot,National Highway,Good,Rainy,Daylight,Rickshaw,2,Pedestrian Error,1,0,0,1,2,0,Medium
2019,11,Tuesday,7,KPK,Peshawar,Rural Road,Under Repair,Clear,Daylight,Truck/Lorry,2,Signal Violation,1,0,0,1,1,0,Low
2022,1,Thursday,21,Sindh,Dadu,National Highway,Average,Clear,No Light,Car/Taxi,2,Driver Fatigue,0,0,0,1,3,1,Medium
2023,4,Saturday,19,KPK,Abbottabad,Urban Road,Under Repair,Clear,Dawn/Dusk,Motorcycle,3,Signal Violation,1,1,0,0,2,1,Medium
2019,8,Wednesday,17,Punjab,Multan,National Highway,Poor,Clear,Street Light,Motorcycle,2,Mechanical Failure,1,0,0,0,1,0,Medium
2021,11,Tuesday,19,Punjab,Rahim Yar Khan,Motorway,Average,Clear,No Light,Rickshaw,1,Pedestrian Error,1,0,0,1,2,0,Low
2022,11,Wednesday,12,Punjab,Rahim Yar Khan,Motorway,Good,Rainy,Daylight,Motorcycle,2,Signal Violation,1,0,0,1,5,0,High
2023,8,Friday,12,Sindh,Jacobabad,National Highway,Good,Clear,Daylight,Motorcycle,2,Mechanical Failure,1,0,0,0,4,0,Medium
2020,6,Sunday,17,Sindh,Mirpur Khas,Urban Road,Average,Extreme Heat,Daylight,Van/Pickup,3,Signal Violation,1,1,0,0,0,0,Low
2021,12,Sunday,17,Sindh,Larkana,National Highway,Poor,Rainy,Dawn/Dusk,Motorcycle,1,Wrong Overtaking,1,1,0,1,11,0,High
2018,1,Sunday,13,AJK,Mirpur,Provincial Highway,Average,Clear,Street Light,Car/Taxi,1,Over Speeding,1,1,0,1,0,0,Low
2020,7,Saturday,16,KPK,Kohat,National Highway,Average,Foggy,Daylight,Motorcycle,2,Over Speeding,0,1,0,0,11,1,High
2021,2,Sunday,14,Islamabad,Islamabad,National Highway,Average,Clear,Daylight,Motorcycle,2,Signal Violation,0,1,0,1,3,0,Medium
2022,3,Tuesday,7,Punjab,Bahawalpur,Provincial Highway,Good,Extreme Heat,Dawn/Dusk,Motorcycle,2,Wrong Overtaking,1,0,0,0,4,0,High
2019,5,Saturday,12,Punjab,Faisalabad,Provincial Highway,Average,Clear,Daylight,Car/Taxi,2,Driver Fatigue,1,1,0,0,1,0,Low
2019,5,Friday,9,Punjab,Lahore,Provincial Highway,Good,Foggy,Daylight,Bus/Coach,2,Wrong Overtaking,1,0,0,0,5,1,Medium
2022,3,Saturday,19,Punjab,Sialkot,Rural Road,Average,Dusty/Smoggy,Street Light,Bus/Coach,3,Road Condition,1,1,0,0,2,0,Low
2018,2,Saturday,7,Sindh,Karachi,National Highway,Good,Clear,Daylight,Bus/Coach,4,Road Condition,1,1,0,1,3,0,Medium
2018,8,Monday,23,Sindh,Dadu,Provincial Highway,Poor,Clear,No Light,Bus/Coach,2,Mechanical Failure,0,0,1,0,0,0,Low
2021,7,Thursday,1,Sindh,Thatta,National Highway,Under Repair,Clear,Street Light,Motorcycle,1,Over Speeding,0,0,1,0,2,1,High
2021,10,Friday,20,KPK,Swat,National Highway,Good,Extreme Heat,Street Light,Motorcycle,2,Drunk Driving,1,0,0,0,9,3,High
2023,8,Friday,21,AJK,Rawalakot,Rural Road,Good,Clear,Street Light,Motorcycle,3,Wrong Overtaking,0,0,0,0,0,0,Low
2020,1,Friday,15,Balochistan,Dera Bugti,National Highway,Good,Clear,Daylight,Bus/Coach,3,Wrong Overtaking,0,0,0,1,5,0,Medium
2021,8,Monday,9,Punjab,Multan,Provincial Highway,Good,Clear,Daylight,Bicycle,2,Signal Violation,1,0,0,0,5,2,Medium
2023,7,Sunday,23,Punjab,Sialkot,Rural Road,Good,Dusty/Smoggy,No Light,Car/Taxi,2,Over Speeding,0,1,1,0,4,1,Medium
2020,9,Friday,4,Punjab,Rahim Yar Khan,Urban Road,Good,Foggy,Street Light,Car/Taxi,2,Over Speeding,0,0,1,0,1,0,Medium
2019,6,Saturday,10,Punjab,Sargodha,National Highway,Poor,Dusty/Smoggy,Dawn/Dusk,Bus/Coach,2,Over Speeding,0,1,0,0,11,3,High
2023,3,Sunday,19,Sindh,Dadu,Motorway,Average,Dusty/Smoggy,Dawn/Dusk,Bus/Coach,1,Over Speeding,1,1,0,0,8,0,High
2019,7,Friday,3,Sindh,Hyderabad,National Highway,Good,Foggy,Street Light,Bus/Coach,1,Mobile Phone Use,0,0,1,0,2,0,Medium
2023,12,Thursday,17,Punjab,Rahim Yar Khan,National Highway,Good,Extreme Heat,Dawn/Dusk,Car/Taxi,2,Signal Violation,1,0,0,1,4,0,Medium
2023,5,Thursday,10,KPK,Charsadda,Urban Road,Average,Clear,Daylight,Motorcycle,1,Weather Condition,0,0,0,0,2,0,Low
2018,9,Thursday,22,KPK,Bannu,Urban Road,Good,Clear,No Light,Motorcycle,3,Over Speeding,0,0,1,0,5,0,Medium
2022,12,Sunday,9,Punjab,Multan,Urban Road,Poor,Foggy,Street Light,Truck/Lorry,1,Road Condition,1,1,0,1,0,0,Low
2022,5,Monday,18,Punjab,Bahawalpur,National Highway,Poor,Clear,Daylight,Truck/Lorry,4,Mechanical Failure,1,0,0,0,1,0,Low
2018,9,Wednesday,20,Balochistan,Dera Bugti,National Highway,Poor,Rainy,No Light,Car/Taxi,3,Mobile Phone Use,1,0,0,0,2,0,Low
2021,2,Sunday,5,Sindh,Mirpur Khas,Rural Road,Poor,Clear,Street Light,Car/Taxi,2,Signal Violation,0,1,1,1,0,0,Low
2023,9,Sunday,20,Punjab,Sheikhupura,Provincial Highway,Good,Clear,No Light,Van/Pickup,3,Road Condition,1,1,0,0,2,0,Low
2023,8,Thursday,15,Punjab,Faisalabad,Rural Road,Good,Clear,Dawn/Dusk,Car/Taxi,3,Drunk Driving,0,0,0,0,0,0,Low
2021,5,Thursday,8,Punjab,Lahore,National Highway,Good,Clear,Daylight,Other,3,Over Speeding,1,0,0,0,9,1,High
2021,2,Saturday,17,Punjab,Rahim Yar Khan,Provincial Highway,Average,Clear,Daylight,Motorcycle,2,Over Speeding,1,1,0,1,3,2,Medium
2022,7,Sunday,8,KPK,Mansehra,Rural Road,Poor,Clear,Daylight,Car/Taxi,2,Pedestrian Error,1,1,0,0,0,0,Low
2022,8,Friday,8,Punjab,Multan,Provincial Highway,Average,Clear,Street Light,Van/Pickup,3,Over Speeding,1,0,0,0,2,1,Medium
2020,12,Saturday,12,Punjab,Sialkot,National Highway,Good,Foggy,Daylight,Car/Taxi,2,Mechanical Failure,1,1,0,1,4,1,Medium
2023,6,Sunday,10,Punjab,Sargodha,Rural Road,Average,Rainy,Daylight,Car/Taxi,3,Signal Violation,0,1,0,0,1,0,Low
2023,9,Saturday,13,KPK,Bannu,Urban Road,Poor,Rainy,Daylight,Motorcycle,4,Wrong Overtaking,1,1,0,0,3,1,Medium
2019,2,Sunday,7,Punjab,Lahore,National Highway,Poor,Clear,Daylight,Motorcycle,1,Mobile Phone Use,1,1,0,1,6,2,High
2018,6,Monday,10,Punjab,Rawalpindi,Urban Road,Average,Rainy,Daylight,Rickshaw,1,Road Condition,0,0,0,0,0,0,Low
2021,1,Sunday,21,Sindh,Hyderabad,National Highway,Poor,Foggy,Street Light,Motorcycle,3,Pedestrian Error,0,1,0,1,5,1,Medium
2021,3,Saturday,15,Punjab,Gujranwala,National Highway,Average,Dusty/Smoggy,Daylight,Bus/Coach,2,Signal Violation,0,1,0,0,3,1,High
2023,6,Monday,20,Punjab,Rahim Yar Khan,National Highway,Average,Foggy,No Light,Rickshaw,2,Road Condition,1,0,0,0,0,0,Low
2020,12,Sunday,17,Punjab,Bahawalpur,National Highway,Good,Clear,No Light,Motorcycle,2,Mobile Phone Use,1,1,0,1,5,1,Medium