year,month,day_of_week,hour_of_day,province,district,road_type,road_condition,weather_condition,lighting_condition,vehicle_type,vehicles_involved,accident_cause,is_rush_hour,is_weekend,is_night,is_foggy_month,num_injured,num_killed,severity
2019,3,Tuesday,0,KPK,Kohat,National Highway,Good,Dusty/Smoggy,No Light,Car/Taxi,3,Wrong Overtaking,0,0,1,0,11,0,High
2023,12,Friday,16,AJK,Rawalakot,Provincial Highway,Average,Dusty/Smoggy,Daylight,Motorcycle,1,Signal Violation,0,0,0,1,10,3,High
2022,3,Wednesday,15,Punjab,Rahim Yar Khan,Motorway,Good,Clear,Street Light,Car/Taxi,2,Wrong Overtaking,0,0,0,0,4,0,Medium
2019,4,Sunday,5,Punjab,Lahore,Provincial Highway,Good,Dusty/Smoggy,Dawn/Dusk,Motorcycle,1,Road Condition,0,1,1,0,3,0,High
2018,12,Tuesday,11,Punjab,Multan,National Highway,Good,Extreme Heat,Daylight,Truck/Lorry,2,Over Speeding,0,0,0,1,6,3,High
2020,3,Tuesday,20,KPK,Abbottabad,Rural Road,Average,Rainy,No Light,Car/Taxi,2,Signal Violation,1,0,0,0,5,0,Medium
2022,7,Sunday,8,Sindh,Thatta,Rural Road,Poor,Rainy,Daylight,Motorcycle,1,Signal Violation,1,1,0,0,5,0,Medium
2021,12,Sunday,18,KPK,Charsadda,Urban Road,Good,Rainy,Daylight,Rickshaw,2,Mechanical Failure,1,1,0,1,1,0,Low
2020,12,Friday,1,KPK,Charsadda,Provincial Highway,Under Repair,Clear,No Light,Car/Taxi,2,Over Speeding,0,0,1,1,9,0,High
2018,6,Saturday,19,Balochistan,Khuzdar,Provincial Highway,Average,Clear,Dawn/Dusk,Motorcycle,2,Signal Violation,1,1,0,0,5,2,Medium
2020,9,Monday,21,Balochistan,Chaman,Urban Road,Average,Clear,Street Light,Motorcycle,3,Driver Fatigue,0,0,0,0,3,1,High
2021,9,Monday,14,KPK,Mansehra,National Highway,Average,Clear,Daylight,Car/Taxi,2,Over Speeding,0,0,0,0,2,0,Medium
2023,5,Friday,17,Sindh,Thatta,National Highway,Poor,Clear,Dawn/Dusk,Motorcycle,2,Over Speeding,1,0,0,0,8,3,High
2021,4,Friday,19,Punjab,Sheikhupura,National Highway,Good,Rainy,Street Light,Rickshaw,2,Mechanical Failure,1,0,0,0,2,1,Medium
2022,8,Saturday,8,Sindh,Karachi,Urban Road,Under Repair,Rainy,Daylight,Bus/Coach,2,Over Speeding,1,1,0,0,2,0,Medium
2022,5,Saturday,17,Sindh,Karachi,Provincial Highway,Poor,Foggy,Daylight,Other,2,Drunk Driving,1,1,0,0,4,1,Medium
2019,9,Friday,13,Sindh,Larkana,National Highway,Average,Dusty/Smoggy,Daylight,Van/Pickup,4,Mechanical Failure,1,0,0,0,2,0,Low
2021,6,Saturday,12,Punjab,Lahore,Urban Road,Average,Clear,Daylight,Motorcycle,1,Wrong Overtaking,1,1,0,0,4,0,Medium
2019,11,Wednesday,10,Sindh,Dadu,Provincial Highway,Good,Foggy,Daylight,Motorcycle,2,Wrong Overtaking,0,0,0,1,4,0,Medium
2023,8,Tuesday,8,Sindh,Dadu,Urban Road,Good,Rainy,Daylight,Bus/Coach,1,Pedestrian Error,1,0,0,0,3,0,Medium
2023,3,Tuesday,9,Sindh,Jacobabad,Urban Road,Good,Rainy,Dawn/Dusk,Car/Taxi,2,Drunk Driving,1,0,0,0,3,0,Medium
2022,4,Thursday,5,Punjab,Faisalabad,Rural Road,Poor,Rainy,Dawn/Dusk,Motorcycle,1,Over Speeding,0,0,1,0,9,1,High
2019,5,Wednesday,10,Sindh,Larkana,Urban Road,Under Repair,Foggy,Daylight,Rickshaw,4,Wrong Overtaking,0,0,0,0,2,0,Low
2022,10,Friday,12,Punjab,Multan,Urban Road,Average,Foggy,Daylight,Van/Pickup,3,Road Condition,1,0,0,0,1,0,Low
2023,10,Tuesday,16,Balochistan,Dera Bugti,National Highway,Good,Extreme Heat,Daylight,Car/Taxi,2,Mobile Phone Use,0,0,0,0,2,0,Low
2023,1,Tuesday,19,Sindh,Mirpur Khas,National Highway,Good,Clear,Daylight,Car/Taxi,3,Road Condition,1,0,0,1,0,0,Low
2022,12,Wednesday,5,Punjab,Gujranwala,Urban Road,Average,Dusty/Smoggy,No Light,Motorcycle,1,Pedestrian Error,0,0,1,1,2,0,Medium
2020,11,Saturday,18,Punjab,Bahawalpur,Urban Road,Good,Foggy,Daylight,Motorcycle,1,Pedestrian Error,1,1,0,1,1,0,Low
2023,5,Sunday,14,KPK,Abbottabad,National Highway,Good,Foggy,Street Light,Rickshaw,3,Over Speeding,0,1,0,0,8,3,High
2020,7,Monday,7,Punjab,Sargodha,National Highway,Poor,Clear,Daylight,Rickshaw,1,Signal Violation,1,0,0,0,5,1,Medium
2023,2,Friday,18,AJK,Muzaffarabad,National Highway,Poor,Rainy,Dawn/Dusk,Motorcycle,1,Pedestrian Error,1,0,0,1,6,2,High
2023,5,Monday,20,Sindh,Karachi,National Highway,Good,Clear,Street Light,Car/Taxi,1,Over Speeding,1,0,0,0,2,0,Medium
2020,5,Monday,20,Punjab,Rawalpindi,National Highway,Poor,Foggy,No Light,Car/Taxi,1,Pedestrian Error,1,0,0,0,3,0,Medium
2023,1,Tuesday,4,Sindh,Karachi,Urban Road,Average,Clear,Street Light,Motorcycle,1,Over Speeding,0,0,1,1,1,0,Medium
2019,12,Sunday,12,Punjab,Lahore,Provincial Highway,Good,Foggy,Daylight,Motorcycle,2,Over Speeding,1,1,0,1,8,1,High
2020,8,Tuesday,11,KPK,Abbottabad,National Highway,Good,Clear,Daylight,Car/Taxi,2,Road Condition,0,0,0,0,1,0,Low
2023,12,Sunday,18,Punjab,Sheikhupura,Provincial Highway,Good,Foggy,Daylight,Rickshaw,1,Weather Condition,1,1,0,1,1,0,Medium
2020,3,Monday,20,AJK,Muzaffarabad,National Highway,Average,Clear,No Light,Bus/Coach,1,Wrong Overtaking,1,0,0,0,4,2,Medium
2021,3,Monday,15,Sindh,Larkana,Urban Road,Average,Clear,Daylight,Motorcycle,2,Signal Violation,0,0,0,0,1,1,Medium
2022,9,Friday,22,Balochistan,Loralai,Urban Road,Poor,Rainy,Street Light,Motorcycle,3,Over Speeding,0,0,1,0,6,0,High
2018,6,Tuesday,9,Punjab,Faisalabad,Urban Road,Average,Clear,Daylight,Bicycle,2,Mechanical Failure,1,0,0,0,0,0,Low
2018,1,Saturday,3,Punjab,Sialkot,Provincial Highway,Good,Rainy,Street Light,Motorcycle,2,Signal Violation,0,1,1,1,3,1,High
2023,2,Friday,17,KPK,Dera Ismail Khan,Urban Road,Under Repair,Clear,Dawn/Dusk,Motorcycle,2,Pedestrian Error,1,0,0,1,1,0,Low
2022,7,Friday,15,Sindh,Karachi,Urban Road,Good,Foggy,Dawn/Dusk,Motorcycle,1,Road Condition,0,0,0,0,2,0,Low
2019,7,Saturday,18,Punjab,Multan,Rural Road,Average,Clear,Daylight,Van/Pickup,1,Wrong Overtaking,1,1,0,0,0,0,Low
2019,7,Wednesday,13,Punjab,Sialkot,Urban Road,Good,Rainy,Daylight,Motorcycle,4,Drunk Driving,1,0,0,0,3,0,Medium
2023,1,Monday,19,Punjab,Rahim Yar Khan,National Highway,Average,Foggy,No Light,Rickshaw,2,Pedestrian Error,1,0,0,1,2,0,Low
2022,1,Wednesday,5,Sindh,Larkana,National Highway,Good,Dusty/Smoggy,Dawn/Dusk,Car/Taxi,1,Over Speeding,0,0,1,1,9,0,High
2023,5,Friday,19,Punjab,Sargodha,Provincial Highway,Good,Dusty/Smoggy,Dawn/Dusk,Rickshaw,2,Signal Violation,1,0,0,0,1,0,Low
2020,1,Friday,7,Punjab,Rawalpindi,National Highway,Good,Foggy,Daylight,Rickshaw,2,Over Speeding,1,0,0,1,5,1,High
2019,7,Wednesday,12,Punjab,Rawalpindi,Urban Road,Under Repair,Clear,Street Light,Motorcycle,1,Road Condition,1,0,0,0,0,0,Low
2019,11,Thursday,19,Punjab,Rahim Yar Khan,National Highway,Average,Clear,Dawn/Dusk,Bus/Coach,2,Mobile Phone Use,1,0,0,1,2,0,Medium
2020,2,Wednesday,10,Punjab,Bahawalpur,Provincial Highway,Poor,Clear,Street Light,Motorcycle,3,Drunk Driving,0,0,0,1,9,1,High
2022,10,Thursday,18,Islamabad,Islamabad,Provincial Highway,Under Repair,Foggy,Daylight,Car/Taxi,1,Road Condition,1,0,0,0,0,0,Low
2021,5,Monday,11,Punjab,Faisalabad,Urban Road,Good,Clear,Daylight,Truck/Lorry,2,Drunk Driving,0,0,0,0,5,0,Medium
2018,6,Saturday,19,Balochistan,Quetta,Urban Road,Average,Clear,No Light,Motorcycle,2,Over Speeding,1,1,0,0,3,0,High
2021,10,Friday,7,Sindh,Mirpur Khas,Motorway,Average,Foggy,Daylight,Bicycle,1,Signal Violation,1,0,0,0,6,1,High
2023,1,Monday,4,Punjab,Sargodha,Urban Road,Poor,Clear,No Light,Bus/Coach,2,Mechanical Failure,0,0,1,1,2,1,Medium
2020,12,Saturday,15,Punjab,Multan,Rural Road,Good,Dusty/Smoggy,Daylight,Motorcycle,1,Signal Violation,0,1,0,1,0,0,Low
2018,12,Wednesday,2,Sindh,Thatta,Urban Road,Good,Clear,No Light,Van/Pickup,2,Drunk Driving,0,0,1,1,0,0,Low
2023,8,Tuesday,14,KPK,Peshawar,National Highway,Under Repair,Rainy,Dawn/Dusk,Motorcycle,2,Drunk Driving,0,0,0,0,10,3,High
2021,9,Tuesday,18,Sindh,Mirpur Khas,National Highway,Poor,Foggy,Dawn/Dusk,Car/Taxi,2,Over Speeding,1,0,0,0,4,1,High
2023,2,Friday,20,Punjab,Faisalabad,National Highway,Average,Clear,Street Light,Other,2,Signal Violation,1,0,0,1,0,0,Low
2020,1,Friday,14,Balochistan,Khuzdar,National Highway,Poor,Foggy,Street Light,Motorcycle,1,Drunk Driving,0,0,0,1,9,0,High
2018,7,Saturday,3,AJK,Rawalakot,Urban Road,Good,Rainy,No Light,Rickshaw,2,Mechanical Failure,0,1,1,0,2,0,Low
2020,6,Tuesday,14,Sindh,Nawabshah,National Highway,Good,Clear,Street Light,Car/Taxi,2,Driver Fatigue,0,0,0,0,4,0,Medium
2019,6,Saturday,0,Sindh,Hyderabad,Urban Road,Good,Clear,Street Light,Car/Taxi,1,Mechanical Failure,0,1,1,0,1,0,Low
2019,2,Friday,7,Sindh,Thatta,Provincial Highway,Under Repair,Foggy,Daylight,Rickshaw,1,Over Speeding,1,0,0,1,8,2,High
2022,3,Thursday,7,Punjab,Multan,Rural Road,Good,Foggy,Dawn/Dusk,Motorcycle,2,Wrong Overtaking,1,0,0,0,1,0,Medium
2019,6,Friday,12,Punjab,Rahim Yar Khan,National Highway,Poor,Clear,Dawn/Dusk,Truck/Lorry,3,Over Speeding,1,0,0,0,5,1,Medium
2020,1,Sunday,1,Sindh,Jacobabad,Provincial Highway,Average,Clear,Street Light,Rickshaw,2,Over Speeding,0,1,1,1,11,2,High
2021,4,Saturday,14,KPK,Kohat,Provincial Highway,Good,Foggy,Daylight,Car/Taxi,2,Road Condition,0,1,0,0,1,1,Low
2022,4,Thursday,11,Punjab,Sargodha,National Highway,Average,Rainy,Daylight,Motorcycle,1,Over Speeding,0,0,0,0,3,2,High
2018,11,Sunday,11,Sindh,Jacobabad,Provincial Highway,Average,Rainy,Daylight,Motorcycle,2,Drunk Driving,0,1,0,1,10,3,High
2023,1,Sunday,9,Balochistan,Dera Bugti,National Highway,Average,Clear,Daylight,Car/Taxi,1,Weather Condition,1,1,0,1,2,0,Low
2023,1,Saturday,22,Punjab,Faisalabad,National Highway,Good,Clear,Street Light,Car/Taxi,1,Signal Violation,0,1,1,1,2,0,Medium
2022,7,Tuesday,6,Punjab,Sialkot,National Highway,Average,Clear,Daylight,Motorcycle,1,Over Speeding,0,0,0,0,3,4,High
2021,4,Thursday,10,KPK,Charsadda,Urban Road,Average,Dusty/Smoggy,Daylight,Truck/Lorry,3,Over Speeding,0,0,0,0,4,0,Medium
2023,9,Sunday,18,Punjab,Bahawalpur,National Highway,Average,Clear,No Light,Motorcycle,4,Wrong Overtaking,1,1,0,0,2,2,High
2018,5,Wednesday,19,Punjab,Sheikhupura,Provincial Highway,Good,Clear,No Light,Rickshaw,2,Over Speeding,1,0,0,0,3,1,Medium
2020,11,Monday,19,Punjab,Gujranwala,Provincial Highway,Good,Clear,Dawn/Dusk,Rickshaw,1,Weather Condition,1,0,0,1,1,0,Low
2018,5,Monday,8,Punjab,Rahim Yar Khan,Provincial Highway,Poor,Clear,Street Light,Car/Taxi,2,Signal Violation,1,0,0,0,1,2,Medium
2020,6,Saturday,10,Balochistan,Khuzdar,National Highway,Poor,Clear,Daylight,Car/Taxi,1,Mechanical Failure,0,1,0,0,2,0,Low
2021,10,Thursday,19,Sindh,Mirpur Khas,Provincial Highway,Good,Dusty/Smoggy,Dawn/Dusk,Truck/Lorry,2,Mechanical Failure,1,0,0,0,5,0,Medium
2021,7,Wednesday,12,Punjab,Sialkot,Motorway,Good,Rainy,Street Light,Motorcycle,2,Signal Violation,1,0,0,0,6,1,High
2019,9,Saturday,8,Sindh,Dadu,Urban Road,Good,Clear,Daylight,Bus/Coach,1,Mechanical Failure,1,1,0,0,0,0,Low
2021,1,Thursday,14,Islamabad,Islamabad,Provincial Highway,Good,Clear,Daylight,Car/Taxi,3,Signal Violation,0,0,0,1,5,0,Medium
2020,12,Wednesday,16,Punjab,Sheikhupura,Urban Road,Under Repair,Clear,Daylight,Rickshaw,1,Wrong Overtaking,0,0,0,1,2,0,Low
2020,3,Thursday,8,Punjab,Multan,Provincial Highway,Average,Clear,Daylight,Motorcycle,3,Wrong Overtaking,1,0,0,0,6,1,High
2019,10,Wednesday,18,Islamabad,Islamabad,Rural Road,Average,Foggy,Daylight,Rickshaw,2,Signal Violation,1,0,0,0,1,0,Medium
2019,11,Sunday,16,Islamabad,Islamabad,Provincial Highway,Under Repair,Foggy,Daylight,Motorcycle,3,Over Speeding,0,1,0,1,10,1,High
2022,7,Sunday,18,Punjab,Rahim Yar Khan,Rural Road,Average,Clear,No Light,Motorcycle,1,Driver Fatigue,1,1,0,0,4,0,Medium
2023,1,Saturday,23,Punjab,Gujranwala,Rural Road,Good,Clear,No Light,Car/Taxi,1,Wrong Overtaking,0,1,1,1,2,0,Low
2021,4,Monday,12,Sindh,Thatta,Provincial Highway,Good,Dusty/Smoggy,Daylight,Car/Taxi,1,Mechanical Failure,1,0,0,0,0,0,Low
2023,5,Tuesday,18,Punjab,Sheikhupura,Provincial Highway,Poor,Rainy,Dawn/Dusk,Car/Taxi,2,Wrong Overtaking,1,0,0,0,5,0,Medium
2021,12,Thursday,6,Sindh,Karachi,Provincial Highway,Average,Clear,Daylight,Motorcycle,2,Driver Fatigue,0,0,0,1,4,1,High
2022,9,Saturday,21,Punjab,Rawalpindi,Urban Road,Average,Clear,Street Light,Motorcycle,2,Over Speeding,0,1,0,0,4,0,Medium
2023,6,Sunday,14,Punjab,Multan,Motorway,Average,Clear,Daylight,Motorcycle,1,Pedestrian Error,0,1,0,0,1,2,Medium
2019,4,Saturday,8,Sindh,Dadu,Urban Road,Poor,Rainy,Daylight,Car/Taxi,2,Over Speeding,1,1,0,0,5,2,Medium
2022,12,Monday,10,Islamabad,Islamabad,Provincial Highway,Good,Dusty/Smoggy,Daylight,Rickshaw,2,Driver Fatigue,0,0,0,1,0,0,Low
2023,12,Wednesday,20,Sindh,Karachi,Urban Road,Good,Clear,Street Light,Car/Taxi,1,Pedestrian Error,1,0,0,1,1,0,Low
2022,6,Monday,12,Punjab,Rahim Yar Khan,National Highway,Poor,Foggy,Dawn/Dusk,Bus/Coach,1,Signal Violation,1,0,0,0,1,2,Medium
2020,10,Friday,18,Gilgit-Baltistan,Hunza,Provincial Highway,Good,Rainy,Daylight,Motorcycle,2,Drunk Driving,1,0,0,0,4,2,High
2019,11,Thursday,19,Sindh,Thatta,Provincial Highway,Average,Dusty/Smoggy,Street Light,Car/Taxi,2,Signal Violation,1,0,0,1,1,0,Low
2020,1,Tuesday,20,Punjab,Faisalabad,National Highway,Under Repair,Foggy,Street Light,Car/Taxi,2,Road Condition,1,0,0,1,2,0,Low
2018,12,Thursday,23,Punjab,Lahore,Provincial Highway,Poor,Clear,No Light,Bus/Coach,1,Over Speeding,0,0,1,1,7,1,High
2020,8,Wednesday,8,Punjab,Rahim Yar Khan,Urban Road,Good,Clear,Daylight,Truck/Lorry,2,Wrong Overtaking,1,0,0,0,0,0,Low
2020,9,Saturday,16,Sindh,Jacobabad,Provincial Highway,Poor,Clear,Dawn/Dusk,Motorcycle,2,Wrong Overtaking,0,1,0,0,5,0,High
2023,10,Sunday,10,Sindh,Larkana,Provincial Highway,Good,Clear,Daylight,Car/Taxi,2,Wrong Overtaking,0,1,0,0,2,0,Low
2020,7,Wednesday,23,Punjab,Faisalabad,Urban Road,Good,Foggy,No Light,Motorcycle,2,Pedestrian Error,0,0,1,0,3,0,Medium
2023,1,Saturday,5,Punjab,Multan,Provincial Highway,Poor,Clear,Dawn/Dusk,Motorcycle,4,Wrong Overtaking,0,1,1,1,1,0,Medium
2023,12,Sunday,8,Punjab,Rahim Yar Khan,Provincial Highway,Average,Clear,Daylight,Motorcycle,2,Signal Violation,1,1,0,1,8,2,High
2018,10,Monday,13,Sindh,Hyderabad,Provincial Highway,Good,Clear,Daylight,Motorcycle,1,Driver Fatigue,1,0,0,0,10,3,High
2019,10,Monday,4,Punjab,Multan,National Highway,Average,Dusty/Smoggy,Street Light,Other,2,Driver Fatigue,0,0,1,0,11,3,High
2020,5,Monday,14,Punjab,Faisalabad,Rural Road,Good,Clear,Dawn/Dusk,Truck/Lorry,4,Wrong Overtaking,0,0,0,0,1,1,Low
2023,7,Thursday,23,Islamabad,Islamabad,Provincial Highway,Good,Clear,No Light,Motorcycle,1,Wrong Overtaking,0,0,1,0,3,1,Medium
2023,12,Monday,18,Sindh,Jacobabad,Urban Road,Average,Extreme Heat,Daylight,Bus/Coach,2,Signal Violation,1,0,0,1,0,0,Low
2023,1,Tuesday,3,Punjab,Rawalpindi,Urban Road,Poor,Rainy,No Light,Car/Taxi,1,Signal Violation,0,0,1,1,2,0,Low
2018,3,Saturday,12,KPK,Nowshera,National Highway,Poor,Clear,Street Light,Rickshaw,2,Over Speeding,1,1,0,0,2,1,Medium
2018,11,Friday,12,Punjab,Faisalabad,Provincial Highway,Average,Clear,Daylight,Motorcycle,1,Wrong Overtaking,1,0,0,1,4,2,High
2019,8,Tuesday,9,KPK,Swat,Motorway,Poor,Foggy,Daylight,Car/Taxi,3,Pedestrian Error,1,0,0,0,5,0,Medium
2021,5,Friday,7,KPK,Nowshera,Urban Road,Good,Clear,Daylight,Truck/Lorry,2,Over Speeding,1,0,0,0,0,0,Low
2022,1,Thursday,13,Sindh,Nawabshah,Provincial Highway,Average,Clear,Dawn/Dusk,Rickshaw,4,Over Speeding,1,0,0,1,3,1,Medium
2020,12,Sunday,7,KPK,Abbottabad,Rural Road,Good,Foggy,Dawn/Dusk,Bicycle,1,Wrong Overtaking,1,1,0,1,1,0,Medium
2022,8,Sunday,18,Punjab,Bahawalpur,Urban Road,Poor,Clear,Dawn/Dusk,Rickshaw,4,Wrong Overtaking,1,1,0,0,0,0,Low
2019,6,Sunday,11,KPK,Bannu,Rural Road,Good,Clear,Daylight,Rickshaw,2,Mobile Phone Use,0,1,0,0,2,0,Low
2019,2,Saturday,8,Punjab,Multan,Provincial Highway,Good,Foggy,Daylight,Rickshaw,2,Signal Violation,1,1,0,1,3,0,Medium
2022,11,Thursday,17,Punjab,Sheikhupura,Rural Road,Average,Clear,Daylight,Motorcycle,1,Over Speeding,1,0,0,1,8,4,High
2019,8,Friday,19,Islamabad,Islamabad,Rural Road,Average,Clear,Dawn/Dusk,Motorcycle,2,Driver Fatigue,1,0,0,0,9,1,High
2022,12,Sunday,19,Sindh,Sukkur,National Highway,Average,Foggy,Daylight,Van/Pickup,1,Pedestrian Error,1,1,0,1,2,0,Medium
2019,1,Thursday,10,Islamabad,Islamabad,Urban Road,Poor,Rainy,No Light,Motorcycle,1,Over Speeding,0,0,0,1,5,1,High
2023,3,Sunday,2,Punjab,Faisalabad,Provincial Highway,Average,Extreme Heat,No Light,Motorcycle,3,Over Speeding,0,1,1,0,6,4,High
2022,3,Monday,19,Sindh,Thatta,National Highway,Average,Clear,Dawn/Dusk,Van/Pickup,1,Mechanical Failure,1,0,0,0,1,0,Low
2023,4,Sunday,19,Punjab,Rahim Yar Khan,Rural Road,Poor,Clear,Street Light,Bus/Coach,2,Road Condition,1,1,0,0,1,1,Low
2018,8,Sunday,22,Sindh,Nawabshah,Provincial Highway,Good,Foggy,No Light,Motorcycle,2,Signal Violation,0,1,1,0,10,2,High
2022,7,Tuesday,11,Punjab,Bahawalpur,National Highway,Average,Dusty/Smoggy,Daylight,Car/Taxi,2,Over Speeding,0,0,0,0,9,0,High
2018,11,Wednesday,13,Punjab,Rawalpindi,Provincial Highway,Good,Clear,Street Light,Car/Taxi,1,Signal Violation,1,0,0,1,3,0,Medium
2021,6,Thursday,20,Punjab,Bahawalpur,National Highway,Average,Clear,No Light,Motorcycle,1,Road Condition,1,0,0,0,2,0,Medium
2018,11,Saturday,15,KPK,Dera Ismail Khan,Urban Road,Average,Clear,Street Light,Motorcycle,4,Road Condition,0,1,0,1,2,0,Low
2019,12,Friday,16,Punjab,Rahim Yar Khan,Urban Road,Average,Clear,Daylight,Motorcycle,2,Mechanical Failure,0,0,0,1,0,1,Low
2020,6,Sunday,17,Balochistan,Turbat,National Highway,Poor,Rainy,Street Light,Car/Taxi,1,Wrong Overtaking,1,1,0,0,5,1,Medium
2018,11,Tuesday,8,Punjab,Sargodha,National Highway,Good,Foggy,Dawn/Dusk,Rickshaw,2,Over Speeding,1,0,0,1,9,1,High
2021,2,Tuesday,20,Punjab,Faisalabad,National Highway,Good,Dusty/Smoggy,No Light,Motorcycle,2,Pedestrian Error,1,0,0,1,3,0,Medium
2018,9,Saturday,19,Punjab,Faisalabad,Motorway,Good,Clear,No Light,Motorcycle,2,Over Speeding,1,1,0,0,11,1,High
2021,8,Saturday,17,AJK,Muzaffarabad,Provincial Highway,Average,Clear,Daylight,Motorcycle,2,Mobile Phone Use,1,1,0,0,1,0,Low
2021,4,Wednesday,14,Punjab,Sheikhupura,Urban Road,Poor,Rainy,Street Light,Rickshaw,2,Drunk Driving,0,0,0,0,2,0,Medium
2022,2,Tuesday,18,Punjab,Faisalabad,National Highway,Good,Dusty/Smoggy,No Light,Bicycle,4,Over Speeding,1,0,0,1,9,2,High
2023,6,Saturday,22,KPK,Bannu,Urban Road,Good,Dusty/Smoggy,Street Light,Motorcycle,2,Over Speeding,0,1,1,0,11,0,High
2023,6,Friday,10,Punjab,Bahawalpur,Urban Road,Good,Rainy,Daylight,Car/Taxi,1,Over Speeding,0,0,0,0,2,1,Medium
2022,9,Tuesday,10,KPK,Dera Ismail Khan,National Highway,Poor,Dusty/Smoggy,Daylight,Rickshaw,1,Over Speeding,0,0,0,0,2,0,High
2023,7,Saturday,23,Punjab,Multan,National Highway,Good,Dusty/Smoggy,Street Light,Motorcycle,2,Pedestrian Error,0,1,1,0,2,0,Medium
2021,5,Tuesday,7,Sindh,Mirpur Khas,National Highway,Under Repair,Clear,Daylight,Van/Pickup,1,Signal Violation,1,0,0,0,5,0,Medium
2018,6,Friday,17,Punjab,Sialkot,National Highway,Poor,Rainy,Daylight,Car/Taxi,2,Driver Fatigue,1,0,0,0,8,1,High
2023,12,Sunday,11,Sindh,Dadu,Provincial Highway,Poor,Clear,Daylight,Car/Taxi,1,Drunk Driving,0,1,0,1,3,1,Medium
2023,1,Saturday,19,KPK,Dera Ismail Khan,Motorway,Average,Clear,Dawn/Dusk,Car/Taxi,3,Wrong Overtaking,1,1,0,1,4,0,Medium
2020,2,Saturday,16,KPK,Mansehra,Motorway,Average,Clear,Daylight,Motorcycle,2,Driver Fatigue,0,1,0,1,2,2,High
2022,12,Tuesday,15,Sindh,Nawabshah,National Highway,Good,Clear,Street Light,Car/Taxi,2,Wrong Overtaking,0,0,0,1,1,0,Medium
2022,11,Tuesday,16,Islamabad,Islamabad,Urban Road,Poor,Clear,Daylight,Motorcycle,2,Signal Violation,0,0,0,1,5,0,Medium
2019,7,Wednesday,17,Punjab,Sialkot,National Highway,Average,Clear,Daylight,Car/Taxi,1,Over Speeding,1,0,0,0,3,0,Medium
2018,11,Friday,3,Punjab,Rahim Yar Khan,National Highway,Average,Clear,Street Light,Motorcycle,3,Over Speeding,0,0,1,1,10,1,High
2022,12,Thursday,9,Sindh,Karachi,Urban Road,Poor,Dusty/Smoggy,Street Light,Motorcycle,2,Pedestrian Error,1,0,0,1,1,1,Medium
2020,7,Monday,12,Sindh,Karachi,National Highway,Good,Dusty/Smoggy,Daylight,Motorcycle,4,Road Condition,1,0,0,0,11,2,High
2021,10,Wednesday,9,Punjab,Sheikhupura,Provincial Highway,Average,Foggy,Daylight,Motorcycle,3,Over Speeding,1,0,0,0,6,0,High
2022,7,Saturday,9,Sindh,Kashmore,National Highway,Good,Extreme Heat,Daylight,Car/Taxi,3,Mechanical Failure,1,1,0,0,0,0,Low
2020,3,Wednesday,16,Punjab,Faisalabad,National Highway,Good,Clear,Street Light,Car/Taxi,2,Wrong Overtaking,0,0,0,0,1,0,Medium
2021,5,Monday,8,KPK,Kohat,National Highway,Average,Foggy,Daylight,Motorcycle,2,Road Condition,1,0,0,0,10,0,High
2019,2,Wednesday,20,KPK,Bannu,Rural Road,Good,Dusty/Smoggy,No Light,Rickshaw,3,Over Speeding,1,0,0,1,2,0,Low
2020,3,Thursday,7,Sindh,Nawabshah,National Highway,Poor,Clear,Daylight,Car/Taxi,2,Road Condition,1,0,0,0,2,1,Medium
2018,1,Wednesday,5,Punjab,Sheikhupura,Motorway,Average,Clear,Dawn/Dusk,Car/Taxi,2,Over Speeding,0,0,1,1,9,0,High
2021,1,Wednesday,17,Sindh,Hyderabad,Motorway,Average,Clear,Daylight,Truck/Lorry,4,Pedestrian Error,1,0,0,1,2,1,Low
2022,2,Monday,13,KPK,Dera Ismail Khan,Rural Road,Good,Clear,Daylight,Motorcycle,1,Wrong Overtaking,1,0,0,1,5,0,Medium
2023,1,Tuesday,23,Punjab,Lahore,Rural Road,Good,Dusty/Smoggy,Street Light,Motorcycle,4,Road Condition,0,0,1,1,0,1,Low
2023,7,Thursday,22,Sindh,Hyderabad,National Highway,Good,Rainy,No Light,Car/Taxi,2,Driver Fatigue,0,0,1,0,6,2,High
2023,7,Wednesday,8,Islamabad,Islamabad,Urban Road,Average,Clear,Daylight,Car/Taxi,3,Over Speeding,1,0,0,0,2,0,Low
2022,7,Saturday,8,Punjab,Faisalabad,National Highway,Good,Clear,No Light,Car/Taxi,2,Mechanical Failure,1,1,0,0,1,0,Low
2022,5,Friday,20,Punjab,Gujranwala,Provincial Highway,Poor,Rainy,Street Light,Motorcycle,2,Over Speeding,1,0,0,0,11,3,High
2019,7,Saturday,18,Punjab,Lahore,Provincial Highway,Good,Clear,No Light,Bus/Coach,2,Wrong Overtaking,1,1,0,0,4,0,Medium
2022,6,Monday,16,Sindh,Hyderabad,National Highway,Poor,Foggy,No Light,Motorcycle,2,Over Speeding,0,0,0,0,7,1,High
2021,1,Tuesday,22,Islamabad,Islamabad,Provincial Highway,Under Repair,Clear,No Light,Van/Pickup,1,Pedestrian Error,0,0,1,1,1,0,Low
2018,12,Tuesday,5,Sindh,Mirpur Khas,National Highway,Good,Foggy,No Light,Rickshaw,3,Wrong Overtaking,0,0,1,1,11,1,High
2021,12,Sunday,7,Punjab,Gujranwala,Urban Road,Good,Foggy,Daylight,Motorcycle,3,Wrong Overtaking,1,1,0,1,8,1,High