year,month,day_of_week,hour_of_day,province,district,road_type,road_condition,weather_condition,lighting_condition,vehicle_type,vehicles_involved,accident_cause,is_rush_hour,is_weekend,is_night,is_foggy_month,num_injured,num_killed,severity
2021,11,Saturday,6,Sindh,Jacobabad,Provincial Highway,Good,Clear,Daylight,Motorcycle,2,Road Condition,0,1,0,1,1,0,Low
2018,6,Monday,20,Sindh,Larkana,Urban Road,Good,Clear,No Light,Motorcycle,1,Wrong Overtaking,1,0,0,0,5,0,Medium
2023,5,Sunday,11,Sindh,Nawabshah,National Highway,Good,Clear,Daylight,Car/Taxi,2,Wrong Overtaking,0,1,0,0,1,0,Low
2019,11,Friday,13,Punjab,Sialkot,Rural Road,Poor,Clear,Daylight,Motorcycle,2,Wrong Overtaking,1,0,0,1,2,0,Medium
2023,6,Wednesday,12,Sindh,Dadu,Provincial Highway,Good,Dusty/Smoggy,Daylight,Car/Taxi,3,Drunk Driving,1,0,0,0,1,0,Medium
2022,4,Saturday,20,Sindh,Sukkur,National Highway,Poor,Extreme Heat,Street Light,Car/Taxi,1,Driver Fatigue,1,1,0,0,2,1,Medium
2023,12,Monday,22,Punjab,Sheikhupura,Provincial Highway,Average,Clear,Street Light,Bicycle,2,Signal Violation,0,0,1,1,7,0,High
2019,2,Wednesday,21,Sindh,Dadu,Provincial Highway,Average,Dusty/Smoggy,Street Light,Motorcycle,2,Over Speeding,0,0,0,1,11,1,High
2019,9,Wednesday,9,AJK,Muzaffarabad,Rural Road,Good,Foggy,Daylight,Motorcycle,1,Wrong Overtaking,1,0,0,0,5,0,Medium
2019,12,Wednesday,11,Punjab,Faisalabad,Rural Road,Good,Clear,Daylight,Motorcycle,2,Driver Fatigue,0,0,0,1,11,1,High
2020,11,Thursday,5,Islamabad,Islamabad,National Highway,Average,Foggy,Street Light,Van/Pickup,3,Over Speeding,0,0,1,1,3,1,High
2018,4,Friday,10,Punjab,Faisalabad,Rural Road,Under Repair,Rainy,No Light,Car/Taxi,1,Over Speeding,0,0,0,0,0,0,Low
2023,5,Tuesday,19,KPK,Nowshera,Urban Road,Under Repair,Clear,Dawn/Dusk,Other,2,Pedestrian Error,1,0,0,0,1,0,Low
2022,1,Tuesday,6,Punjab,Bahawalpur,National Highway,Average,Rainy,Daylight,Bus/Coach,1,Over Speeding,0,0,0,1,11,1,High
2020,5,Tuesday,16,Punjab,Rawalpindi,Rural Road,Poor,Dusty/Smoggy,Daylight,Motorcycle,4,Wrong Overtaking,0,0,0,0,3,0,Medium
2021,6,Saturday,18,Sindh,Jacobabad,Provincial Highway,Good,Foggy,Dawn/Dusk,Motorcycle,1,Road Condition,1,1,0,0,4,1,Medium
2023,12,Thursday,18,Sindh,Jacobabad,Rural Road,Average,Extreme Heat,Street Light,Car/Taxi,1,Pedestrian Error,1,0,0,1,1,1,Low
2018,12,Saturday,18,KPK,Nowshera,Urban Road,Under Repair,Clear,Street Light,Motorcycle,2,Driver Fatigue,1,1,0,1,1,1,Medium
2018,5,Wednesday,13,Sindh,Hyderabad,Rural Road,Good,Clear,Daylight,Motorcycle,2,Wrong Overtaking,1,0,0,0,1,0,Medium
2023,7,Saturday,5,Sindh,Thatta,National Highway,Average,Clear,Dawn/Dusk,Rickshaw,2,Drunk Driving,0,1,1,0,9,1,High
2021,12,Sunday,16,Balochistan,Dera Bugti,National Highway,Good,Clear,Dawn/Dusk,Car/Taxi,2,Wrong Overtaking,0,1,0,1,4,0,Medium
2023,9,Wednesday,10,Sindh,Thatta,Urban Road,Good,Clear,Daylight,Truck/Lorry,3,Pedestrian Error,0,0,0,0,1,0,Low
2022,11,Tuesday,18,Punjab,Gujranwala,National Highway,Average,Foggy,Daylight,Motorcycle,2,Over Speeding,1,0,0,1,4,2,High
2019,4,Monday,19,Punjab,Sargodha,Urban Road,Good,Rainy,Street Light,Van/Pickup,4,Drunk Driving,1,0,0,0,1,1,Medium
2019,12,Saturday,19,Punjab,Sargodha,Provincial Highway,Good,Rainy,Dawn/Dusk,Motorcycle,2,Over Speeding,1,1,0,1,11,3,High
2018,10,Sunday,16,KPK,Dera Ismail Khan,Urban Road,Good,Clear,Daylight,Motorcycle,4,Over Speeding,0,1,0,0,2,0,High
2018,11,Thursday,8,Punjab,Multan,Provincial Highway,Good,Clear,Street Light,Truck/Lorry,1,Over Speeding,1,0,0,1,1,0,Medium
2023,6,Wednesday,22,Punjab,Gujranwala,Urban Road,Good,Clear,No Light,Motorcycle,2,Over Speeding,0,0,1,0,9,2,High
2022,3,Wednesday,23,Punjab,Sialkot,Urban Road,Under Repair,Extreme Heat,Street Light,Car/Taxi,1,Drunk Driving,0,0,1,0,1,0,Medium
2022,8,Tuesday,18,Sindh,Nawabshah,Provincial Highway,Average,Clear,Daylight,Van/Pickup,2,Over Speeding,1,0,0,0,1,2,Medium
2022,3,Sunday,14,Punjab,Rahim Yar Khan,Rural Road,Poor,Dusty/Smoggy,Daylight,Rickshaw,2,Over Speeding,0,1,0,0,2,0,Low
2021,12,Saturday,12,Punjab,Sheikhupura,Motorway,Average,Extreme Heat,Daylight,Rickshaw,2,Wrong Overtaking,1,1,0,1,2,0,Low
2018,5,Monday,11,Sindh,Sukkur,Rural Road,Under Repair,Clear,Street Light,Car/Taxi,2,Wrong Overtaking,0,0,0,0,2,0,Low
2022,3,Friday,7,KPK,Kohat,Urban Road,Average,Rainy,Daylight,Bicycle,2,Over Speeding,1,0,0,0,6,1,High
2020,5,Wednesday,13,Punjab,Lahore,National Highway,Good,Foggy,Dawn/Dusk,Motorcycle,2,Drunk Driving,1,0,0,0,3,1,High
2019,5,Sunday,11,Sindh,Karachi,Rural Road,Good,Rainy,Daylight,Rickshaw,1,Wrong Overtaking,0,1,0,0,4,2,Medium
2021,12,Saturday,19,Punjab,Rahim Yar Khan,Urban Road,Poor,Clear,Street Light,Bus/Coach,4,Signal Violation,1,1,0,1,1,0,Low
2022,9,Tuesday,8,Islamabad,Islamabad,National Highway,Poor,Foggy,Daylight,Motorcycle,4,Road Condition,1,0,0,0,5,1,Medium
2019,2,Saturday,18,Punjab,Gujranwala,Urban Road,Under Repair,Foggy,Daylight,Motorcycle,2,Pedestrian Error,1,1,0,1,1,0,Low
2022,10,Thursday,23,Gilgit-Baltistan,Hunza,Provincial Highway,Good,Rainy,Street Light,Other,2,Drunk Driving,0,0,1,0,2,0,Medium
2022,5,Saturday,19,AJK,Muzaffarabad,Rural Road,Poor,Foggy,Dawn/Dusk,Motorcycle,1,Signal Violation,1,1,0,0,1,1,Medium
2020,12,Thursday,8,KPK,Nowshera,Urban Road,Average,Clear,Daylight,Car/Taxi,1,Signal Violation,1,0,0,1,1,0,Low
2022,12,Thursday,6,Punjab,Rahim Yar Khan,Urban Road,Average,Clear,Daylight,Motorcycle,3,Road Condition,0,0,0,1,1,0,Low
2022,12,Thursday,15,Sindh,Thatta,National Highway,Good,Clear,Daylight,Car/Taxi,1,Road Condition,0,0,0,1,2,0,Low
2020,10,Monday,19,Punjab,Rahim Yar Khan,Rural Road,Average,Foggy,Dawn/Dusk,Van/Pickup,2,Pedestrian Error,1,0,0,0,0,0,Low
2023,11,Thursday,10,Balochistan,Turbat,Rural Road,Good,Rainy,Daylight,Bus/Coach,1,Signal Violation,0,0,0,1,0,0,Low
2022,5,Wednesday,15,KPK,Abbottabad,Urban Road,Average,Foggy,Daylight,Bicycle,1,Road Condition,0,0,0,0,0,0,Low
2020,1,Thursday,23,AJK,Mirpur,Rural Road,Average,Foggy,No Light,Motorcycle,2,Mechanical Failure,0,0,1,1,4,0,Medium
2021,1,Tuesday,14,Sindh,Kashmore,National Highway,Poor,Clear,Daylight,Car/Taxi,2,Over Speeding,0,0,0,1,6,2,High
2020,5,Sunday,21,Sindh,Thatta,Provincial Highway,Average,Clear,Street Light,Car/Taxi,2,Signal Violation,0,1,0,0,2,0,Medium
2020,11,Friday,1,Sindh,Karachi,National Highway,Good,Clear,Street Light,Motorcycle,1,Over Speeding,0,0,1,1,8,1,High
2018,2,Tuesday,1,Punjab,Sheikhupura,Urban Road,Under Repair,Clear,No Light,Car/Taxi,2,Wrong Overtaking,0,0,1,1,1,0,Low
2020,9,Friday,18,Sindh,Mirpur Khas,Provincial Highway,Good,Clear,Daylight,Car/Taxi,2,Drunk Driving,1,0,0,0,0,0,Low
2019,10,Friday,18,Sindh,Kashmore,Rural Road,Poor,Clear,Daylight,Motorcycle,2,Over Speeding,1,0,0,0,11,4,High
2018,3,Saturday,12,Islamabad,Islamabad,Rural Road,Average,Clear,Daylight,Motorcycle,4,Over Speeding,1,1,0,0,3,0,Medium
2020,8,Tuesday,16,Sindh,Karachi,Provincial Highway,Average,Rainy,Daylight,Car/Taxi,1,Over Speeding,0,0,0,0,11,2,High
2018,4,Monday,15,Balochistan,Dera Bugti,National Highway,Poor,Dusty/Smoggy,Street Light,Motorcycle,2,Signal Violation,0,0,0,0,2,2,High
2022,10,Wednesday,20,Balochistan,Chaman,Provincial Highway,Under Repair,Dusty/Smoggy,Street Light,Rickshaw,1,Driver Fatigue,1,0,0,0,0,0,Low
2019,4,Wednesday,9,Sindh,Dadu,Rural Road,Under Repair,Clear,Daylight,Motorcycle,1,Mechanical Failure,1,0,0,0,2,0,Low
2023,4,Saturday,20,Punjab,Sheikhupura,Provincial Highway,Good,Clear,No Light,Motorcycle,2,Wrong Overtaking,1,1,0,0,9,1,High
2021,6,Monday,7,Sindh,Dadu,National Highway,Average,Foggy,Dawn/Dusk,Bus/Coach,4,Over Speeding,1,0,0,0,4,0,High
2019,1,Thursday,11,Sindh,Nawabshah,National Highway,Poor,Clear,Daylight,Motorcycle,2,Drunk Driving,0,0,0,1,5,2,High
2023,4,Tuesday,11,Punjab,Sargodha,Rural Road,Poor,Clear,Daylight,Bus/Coach,1,Driver Fatigue,0,0,0,0,2,0,Medium
2019,7,Wednesday,17,Punjab,Sargodha,Urban Road,Good,Clear,Street Light,Car/Taxi,2,Driver Fatigue,1,0,0,0,2,0,Low
2022,4,Sunday,8,Gilgit-Baltistan,Hunza,Urban Road,Good,Clear,Daylight,Truck/Lorry,2,Over Speeding,1,1,0,0,1,0,Low
2022,6,Friday,18,Punjab,Sheikhupura,National Highway,Average,Clear,Daylight,Car/Taxi,1,Signal Violation,1,0,0,0,4,1,Medium
2020,5,Saturday,8,KPK,Abbottabad,Urban Road,Average,Clear,Daylight,Truck/Lorry,1,Road Condition,1,1,0,0,0,0,Low
2023,3,Thursday,18,Balochistan,Khuzdar,Rural Road,Poor,Clear,Daylight,Bus/Coach,1,Signal Violation,1,0,0,0,2,0,Low
2022,8,Friday,5,Sindh,Larkana,Provincial Highway,Poor,Foggy,Dawn/Dusk,Bus/Coach,3,Mechanical Failure,0,0,1,0,3,1,Medium
2018,5,Saturday,13,Sindh,Kashmore,Rural Road,Under Repair,Clear,Daylight,Van/Pickup,1,Over Speeding,1,1,0,0,2,0,Low
2018,7,Monday,19,KPK,Dera Ismail Khan,Urban Road,Average,Clear,Dawn/Dusk,Car/Taxi,2,Mechanical Failure,1,0,0,0,1,0,Low
2022,7,Sunday,17,Sindh,Kashmore,Rural Road,Good,Clear,Daylight,Motorcycle,3,Signal Violation,1,1,0,0,3,0,Medium
2020,1,Saturday,3,Punjab,Rawalpindi,Provincial Highway,Average,Foggy,No Light,Rickshaw,4,Wrong Overtaking,0,1,1,1,5,2,Medium
2022,10,Friday,18,Islamabad,Islamabad,Urban Road,Good,Clear,Daylight,Motorcycle,1,Over Speeding,1,0,0,0,2,0,Medium
2022,9,Thursday,6,Sindh,Hyderabad,National Highway,Average,Rainy,Daylight,Rickshaw,3,Over Speeding,0,0,0,0,1,2,Medium
2020,6,Tuesday,8,KPK,Kohat,National Highway,Average,Clear,Daylight,Motorcycle,3,Over Speeding,1,0,0,0,6,1,High
2021,12,Saturday,19,Sindh,Karachi,Provincial Highway,Average,Clear,Dawn/Dusk,Car/Taxi,1,Pedestrian Error,1,1,0,1,0,0,Low
2022,3,Thursday,9,Punjab,Lahore,Rural Road,Poor,Foggy,Daylight,Motorcycle,2,Wrong Overtaking,1,0,0,0,2,0,Medium
2019,2,Saturday,22,Islamabad,Islamabad,Urban Road,Good,Clear,Street Light,Rickshaw,2,Over Speeding,0,1,1,1,5,1,Medium
2023,7,Tuesday,6,KPK,Mansehra,Provincial Highway,Average,Clear,Daylight,Car/Taxi,1,Wrong Overtaking,0,0,0,0,0,0,Low
2020,5,Thursday,21,Punjab,Multan,Provincial Highway,Good,Foggy,Street Light,Car/Taxi,3,Signal Violation,0,0,0,0,2,0,Medium
2023,1,Wednesday,12,AJK,Muzaffarabad,Provincial Highway,Good,Foggy,Daylight,Motorcycle,2,Signal Violation,1,0,0,1,2,0,Medium
2022,4,Saturday,17,KPK,Dera Ismail Khan,Provincial Highway,Good,Dusty/Smoggy,Daylight,Car/Taxi,2,Wrong Overtaking,1,1,0,0,2,0,Medium
2023,3,Saturday,13,Sindh,Mirpur Khas,Provincial Highway,Average,Dusty/Smoggy,Daylight,Motorcycle,2,Over Speeding,1,1,0,0,4,1,High
2019,12,Friday,7,Sindh,Nawabshah,Provincial Highway,Good,Dusty/Smoggy,Daylight,Rickshaw,2,Wrong Overtaking,1,0,0,1,2,0,Low
2021,1,Tuesday,8,Punjab,Gujranwala,Urban Road,Average,Rainy,Daylight,Bus/Coach,2,Pedestrian Error,1,0,0,1,0,0,Low
2021,3,Sunday,1,Sindh,Kashmore,National Highway,Good,Foggy,No Light,Motorcycle,2,Wrong Overtaking,0,1,1,0,11,1,High
2021,11,Sunday,10,Punjab,Sialkot,Urban Road,Poor,Clear,Daylight,Motorcycle,2,Over Speeding,0,1,0,1,10,1,High
2018,3,Sunday,8,Sindh,Sukkur,Motorway,Average,Dusty/Smoggy,Daylight,Bus/Coach,2,Wrong Overtaking,1,1,0,0,5,0,Medium
2022,12,Sunday,15,Sindh,Dadu,Provincial Highway,Good,Clear,Daylight,Bus/Coach,2,Signal Violation,0,1,0,1,1,2,Medium
2023,5,Wednesday,21,Balochistan,Loralai,National Highway,Poor,Clear,No Light,Bus/Coach,1,Over Speeding,0,0,0,0,6,0,High
2020,2,Sunday,10,KPK,Dera Ismail Khan,Rural Road,Good,Clear,Daylight,Motorcycle,3,Pedestrian Error,0,1,0,1,1,0,Low
2018,5,Thursday,3,Punjab,Lahore,Urban Road,Good,Rainy,No Light,Motorcycle,2,Pedestrian Error,0,0,1,0,5,1,Medium
2022,7,Thursday,17,Balochistan,Hub,Rural Road,Poor,Foggy,Dawn/Dusk,Van/Pickup,1,Signal Violation,1,0,0,0,2,0,Low
2020,1,Sunday,10,Sindh,Kashmore,Rural Road,Good,Rainy,Daylight,Motorcycle,2,Wrong Overtaking,0,1,0,1,3,0,Medium
2020,6,Saturday,6,Sindh,Karachi,Rural Road,Under Repair,Foggy,Daylight,Motorcycle,2,Over Speeding,0,1,0,0,10,1,High
2023,11,Friday,16,Punjab,Rawalpindi,National Highway,Good,Clear,Daylight,Motorcycle,4,Signal Violation,0,0,0,1,5,0,High
2022,7,Tuesday,17,Balochistan,Zhob,Rural Road,Average,Clear,Daylight,Bus/Coach,4,Pedestrian Error,1,0,0,0,0,0,Low
2018,11,Tuesday,21,Islamabad,Islamabad,National Highway,Under Repair,Clear,Street Light,Motorcycle,2,Road Condition,0,0,0,1,2,0,Medium
2023,7,Friday,1,KPK,Mardan,National Highway,Good,Clear,No Light,Motorcycle,2,Pedestrian Error,0,0,1,0,4,0,Medium
2019,8,Monday,16,Islamabad,Islamabad,National Highway,Average,Clear,Street Light,Bus/Coach,1,Pedestrian Error,0,0,0,0,0,0,Low
2022,6,Tuesday,18,Punjab,Gujranwala,Rural Road,Good,Extreme Heat,Street Light,Van/Pickup,2,Over Speeding,1,0,0,0,0,0,Low
2021,11,Sunday,7,Balochistan,Loralai,Rural Road,Under Repair,Clear,Daylight,Motorcycle,1,Driver Fatigue,1,1,0,1,2,0,Medium
2022,7,Friday,4,Sindh,Dadu,Provincial Highway,Average,Clear,Street Light,Motorcycle,3,Over Speeding,0,0,1,0,2,0,High
2020,3,Friday,0,Punjab,Lahore,Urban Road,Good,Clear,No Light,Car/Taxi,2,Over Speeding,0,0,1,0,2,0,Medium
2018,11,Wednesday,10,KPK,Nowshera,Urban Road,Good,Clear,Daylight,Car/Taxi,3,Signal Violation,0,0,0,1,2,0,Low
2018,9,Friday,21,KPK,Charsadda,Urban Road,Under Repair,Clear,Street Light,Motorcycle,3,Mobile Phone Use,0,0,0,0,0,0,Low
2020,6,Friday,15,Punjab,Rawalpindi,Urban Road,Good,Clear,Daylight,Bicycle,1,Road Condition,0,0,0,0,0,0,Low
2019,11,Friday,5,Punjab,Faisalabad,Rural Road,Good,Dusty/Smoggy,Dawn/Dusk,Motorcycle,2,Mechanical Failure,0,0,1,1,1,0,Low
2022,4,Thursday,17,Punjab,Bahawalpur,Provincial Highway,Poor,Clear,Daylight,Bicycle,1,Pedestrian Error,1,0,0,0,4,0,Medium
2020,5,Sunday,13,Punjab,Sargodha,Provincial Highway,Average,Extreme Heat,Daylight,Motorcycle,1,Driver Fatigue,1,1,0,0,8,1,High
2019,7,Thursday,17,Punjab,Lahore,Provincial Highway,Average,Rainy,Daylight,Motorcycle,1,Mobile Phone Use,1,0,0,0,5,1,Medium
2022,11,Sunday,16,Punjab,Faisalabad,National Highway,Good,Rainy,No Light,Motorcycle,3,Signal Violation,0,1,0,1,4,3,High
2019,1,Thursday,9,Punjab,Multan,Rural Road,Average,Clear,No Light,Van/Pickup,1,Over Speeding,1,0,0,1,3,0,Medium
2019,6,Sunday,15,Islamabad,Islamabad,National Highway,Average,Rainy,Dawn/Dusk,Motorcycle,2,Mechanical Failure,0,1,0,0,5,1,High
2018,2,Saturday,19,KPK,Abbottabad,Urban Road,Average,Extreme Heat,Street Light,Truck/Lorry,2,Drunk Driving,1,1,0,1,2,2,Medium
2022,1,Tuesday,17,Punjab,Faisalabad,Urban Road,Good,Rainy,Daylight,Motorcycle,4,Over Speeding,1,0,0,1,4,0,Medium
2021,2,Wednesday,15,Islamabad,Islamabad,Urban Road,Poor,Clear,Dawn/Dusk,Van/Pickup,2,Over Speeding,0,0,0,1,1,0,Low
2023,11,Tuesday,11,Sindh,Mirpur Khas,Urban Road,Average,Clear,Daylight,Motorcycle,1,Mechanical Failure,0,0,0,1,1,0,Low
2020,1,Sunday,19,Sindh,Nawabshah,National Highway,Average,Clear,Street Light,Rickshaw,1,Road Condition,1,1,0,1,1,0,Low
2023,7,Friday,8,Sindh,Nawabshah,National Highway,Under Repair,Clear,Daylight,Motorcycle,1,Signal Violation,1,0,0,0,8,0,High
2020,1,Tuesday,11,Punjab,Sargodha,Motorway,Average,Rainy,No Light,Car/Taxi,3,Over Speeding,0,0,0,1,2,1,Medium
2023,12,Saturday,8,Punjab,Sialkot,National Highway,Average,Clear,Dawn/Dusk,Car/Taxi,2,Over Speeding,1,1,0,1,2,0,Medium
2020,2,Saturday,5,Punjab,Sialkot,Provincial Highway,Poor,Clear,Dawn/Dusk,Truck/Lorry,2,Mobile Phone Use,0,1,1,1,1,0,Low
2018,6,Saturday,2,Sindh,Thatta,Motorway,Good,Foggy,No Light,Car/Taxi,2,Road Condition,0,1,1,0,2,0,Medium
2019,12,Thursday,17,Sindh,Mirpur Khas,Rural Road,Good,Clear,Daylight,Car/Taxi,1,Drunk Driving,1,0,0,1,2,0,Low
2022,11,Thursday,20,KPK,Kohat,National Highway,Good,Foggy,No Light,Car/Taxi,4,Wrong Overtaking,1,0,0,1,1,0,Medium
2023,5,Friday,21,Punjab,Sargodha,Provincial Highway,Poor,Foggy,Street Light,Motorcycle,2,Signal Violation,0,0,0,0,11,1,High
2021,2,Wednesday,13,KPK,Dera Ismail Khan,National Highway,Poor,Clear,Daylight,Motorcycle,1,Wrong Overtaking,1,0,0,1,10,0,High
2023,1,Sunday,8,Sindh,Jacobabad,Urban Road,Poor,Rainy,Daylight,Car/Taxi,2,Driver Fatigue,1,1,0,1,1,0,Low
2019,12,Wednesday,21,Islamabad,Islamabad,National Highway,Under Repair,Foggy,Street Light,Rickshaw,2,Driver Fatigue,0,0,0,1,7,0,High
2021,10,Tuesday,4,Punjab,Rawalpindi,Urban Road,Average,Rainy,No Light,Motorcycle,3,Over Speeding,0,0,1,0,5,1,High
2021,11,Wednesday,12,Balochistan,Quetta,National Highway,Under Repair,Rainy,Dawn/Dusk,Motorcycle,2,Driver Fatigue,1,0,0,1,2,2,High
2022,7,Wednesday,17,KPK,Kohat,Provincial Highway,Good,Foggy,Daylight,Car/Taxi,3,Signal Violation,1,0,0,0,2,0,Low
2023,3,Thursday,18,Sindh,Kashmore,Rural Road,Good,Foggy,Daylight,Motorcycle,2,Signal Violation,1,0,0,0,1,1,Medium
2021,3,Friday,18,Sindh,Larkana,Provincial Highway,Average,Clear,No Light,Motorcycle,2,Pedestrian Error,1,0,0,0,0,0,Low
2021,5,Tuesday,23,Punjab,Lahore,Motorway,Average,Foggy,Street Light,Motorcycle,1,Over Speeding,0,0,1,0,6,0,High
2023,2,Thursday,20,Islamabad,Islamabad,Provincial Highway,Average,Foggy,No Light,Motorcycle,2,Road Condition,1,0,0,1,7,1,High
2020,5,Friday,10,Punjab,Gujranwala,Rural Road,Under Repair,Rainy,Daylight,Truck/Lorry,1,Signal Violation,0,0,0,0,1,0,Low
2020,1,Friday,8,Sindh,Nawabshah,Rural Road,Average,Clear,Dawn/Dusk,Motorcycle,4,Over Speeding,1,0,0,1,3,0,Medium
2021,8,Thursday,17,Punjab,Sargodha,Urban Road,Average,Extreme Heat,Daylight,Car/Taxi,1,Over Speeding,1,0,0,0,1,0,Medium
2023,6,Sunday,20,Sindh,Kashmore,Provincial Highway,Good,Clear,No Light,Car/Taxi,2,Mobile Phone Use,1,1,0,0,2,1,Low
2021,9,Tuesday,11,Sindh,Dadu,Provincial Highway,Average,Extreme Heat,Dawn/Dusk,Car/Taxi,1,Over Speeding,0,0,0,0,1,0,Low
2020,1,Sunday,14,Balochistan,Gwadar,Provincial Highway,Good,Clear,Daylight,Motorcycle,3,Drunk Driving,0,1,0,1,2,0,High
2022,11,Thursday,16,Sindh,Karachi,Rural Road,Average,Clear,Street Light,Car/Taxi,3,Wrong Overtaking,0,0,0,1,1,0,Low
2023,10,Tuesday,10,AJK,Rawalakot,National Highway,Good,Rainy,Daylight,Motorcycle,2,Pedestrian Error,0,0,0,0,8,1,High
2021,2,Friday,12,Sindh,Jacobabad,Provincial Highway,Average,Foggy,Daylight,Bus/Coach,3,Wrong Overtaking,1,0,0,1,1,0,Medium
2023,3,Friday,7,Punjab,Lahore,Urban Road,Poor,Foggy,Street Light,Motorcycle,3,Over Speeding,1,0,0,0,7,0,High
2020,3,Monday,12,Punjab,Sheikhupura,National Highway,Good,Rainy,Daylight,Car/Taxi,3,Mobile Phone Use,1,0,0,0,2,0,Medium
2023,1,Wednesday,21,KPK,Mansehra,National Highway,Good,Clear,Street Light,Car/Taxi,3,Over Speeding,0,0,0,1,5,0,Medium
2020,12,Monday,18,Punjab,Rahim Yar Khan,Provincial Highway,Average,Rainy,Daylight,Van/Pickup,1,Signal Violation,1,0,0,1,1,0,Low
2021,7,Saturday,20,Sindh,Thatta,Rural Road,Poor,Clear,No Light,Motorcycle,2,Road Condition,1,1,0,0,2,0,Low
2023,6,Sunday,4,Punjab,Sialkot,National Highway,Average,Foggy,No Light,Car/Taxi,2,Driver Fatigue,0,1,1,0,10,2,High
2022,7,Tuesday,11,Sindh,Jacobabad,Urban Road,Average,Foggy,Dawn/Dusk,Motorcycle,3,Wrong Overtaking,0,0,0,0,7,1,High
2023,4,Wednesday,8,KPK,Abbottabad,Motorway,Under Repair,Foggy,Daylight,Bus/Coach,1,Pedestrian Error,1,0,0,0,10,1,High
2022,7,Saturday,8,Sindh,Thatta,Urban Road,Good,Clear,Daylight,Motorcycle,3,Over Speeding,1,1,0,0,4,1,Medium
2019,11,Wednesday,18,Punjab,Gujranwala,Provincial Highway,Good,Foggy,Daylight,Motorcycle,2,Mobile Phone Use,1,0,0,1,5,1,Medium
2023,6,Saturday,23,Punjab,Sargodha,Urban Road,Average,Clear,No Light,Bus/Coach,3,Wrong Overtaking,0,1,1,0,2,0,Medium
2023,4,Wednesday,15,Punjab,Sargodha,National Highway,Good,Clear,Daylight,Bus/Coach,3,Signal Violation,0,0,0,0,5,0,Medium
2021,12,Thursday,17,Punjab,Sialkot,Provincial Highway,Good,Clear,Daylight,Bicycle,1,Over Speeding,1,0,0,1,4,1,High
2022,3,Thursday,5,Sindh,Sukkur,National Highway,Good,Clear,Dawn/Dusk,Bicycle,1,Driver Fatigue,0,0,1,0,11,1,High
2021,12,Wednesday,10,Sindh,Karachi,Provincial Highway,Under Repair,Dusty/Smoggy,Daylight,Motorcycle,2,Road Condition,0,0,0,1,4,0,Medium
2019,6,Thursday,11,Punjab,Sialkot,Provincial Highway,Average,Clear,Daylight,Car/Taxi,2,Drunk Driving,0,0,0,0,0,0,Low
2023,12,Friday,0,Punjab,Sheikhupura,Rural Road,Average,Clear,Street Light,Car/Taxi,2,Pedestrian Error,0,0,1,1,0,0,Low
2021,7,Saturday,12,Punjab,Faisalabad,Provincial Highway,Under Repair,Dusty/Smoggy,Daylight,Car/Taxi,1,Over Speeding,1,1,0,0,2,0,Medium
2021,4,Thursday,19,Punjab,Faisalabad,National Highway,Good,Foggy,Dawn/Dusk,Rickshaw,2,Mechanical Failure,1,0,0,0,4,2,Medium
2018,9,Monday,22,Sindh,Kashmore,Urban Road,Good,Clear,No Light,Motorcycle,2,Over Speeding,0,0,1,0,4,2,High
2023,3,Thursday,15,Punjab,Lahore,Urban Road,Average,Clear,Daylight,Bus/Coach,2,Mobile Phone Use,0,0,0,0,0,0,Low
2020,12,Tuesday,13,Punjab,Lahore,Provincial Highway,Under Repair,Dusty/Smoggy,Daylight,Car/Taxi,2,Road Condition,1,0,0,1,1,0,Low
2019,12,Friday,9,KPK,Mardan,Provincial Highway,Under Repair,Clear,Daylight,Car/Taxi,1,Pedestrian Error,1,0,0,1,1,0,Low
2022,10,Friday,12,Punjab,Lahore,Rural Road,Average,Clear,Daylight,Motorcycle,1,Over Speeding,1,0,0,0,11,1,High
2023,6,Sunday,12,Sindh,Nawabshah,Provincial Highway,Good,Clear,Daylight,Car/Taxi,2,Pedestrian Error,1,1,0,0,1,0,Low
2022,9,Thursday,16,Sindh,Mirpur Khas,Urban Road,Poor,Clear,Daylight,Van/Pickup,1,Mechanical Failure,0,0,0,0,2,0,Low
2021,10,Sunday,18,Punjab,Bahawalpur,National Highway,Average,Dusty/Smoggy,Daylight,Bus/Coach,2,Over Speeding,1,1,0,0,6,0,High
2019,1,Tuesday,8,KPK,Dera Ismail Khan,Provincial Highway,Poor,Foggy,Daylight,Truck/Lorry,2,Over Speeding,1,0,0,1,4,1,High
2018,3,Tuesday,19,Sindh,Jacobabad,National Highway,Good,Clear,Street Light,Truck/Lorry,1,Mobile Phone Use,1,0,0,0,5,0,Medium
2019,3,Friday,23,Sindh,Larkana,National Highway,Good,Clear,No Light,Motorcycle,3,Pedestrian Error,0,0,1,0,1,2,Medium
2019,1,Saturday,20,KPK,Bannu,Urban Road,Average,Clear,Street Light,Car/Taxi,2,Pedestrian Error,1,1,0,1,2,1,Low
2020,6,Sunday,7,KPK,Swat,National Highway,Good,Foggy,Daylight,Van/Pickup,2,Over Speeding,1,1,0,0,4,0,Medium
2022,9,Tuesday,21,AJK,Muzaffarabad,Urban Road,Poor,Foggy,Street Light,Motorcycle,3,Over Speeding,0,0,0,0,1,0,Medium
2018,6,Monday,22,Sindh,Larkana,Provincial Highway,Average,Clear,Street Light,Car/Taxi,1,Road Condition,0,0,1,0,0,0,Low
2019,9,Thursday,8,Balochistan,Turbat,Rural Road,Good,Clear,Daylight,Motorcycle,1,Signal Violation,1,0,0,0,2,1,Medium