year,month,day_of_week,hour_of_day,province,district,road_type,road_condition,weather_condition,lighting_condition,vehicle_type,vehicles_involved,accident_cause,is_rush_hour,is_weekend,is_night,is_foggy_month,num_injured,num_killed,severity
2022,11,Saturday,20,Punjab,Faisalabad,Urban Road,Poor,Dusty/Smoggy,Street Light,Car/Taxi,2,Over Speeding,1,1,0,1,0,0,Low
2021,9,Friday,8,Sindh,Nawabshah,Provincial Highway,Good,Clear,Daylight,Van/Pickup,2,Signal Violation,1,0,0,0,3,0,Medium
2023,11,Friday,7,Punjab,Sialkot,Provincial Highway,Average,Clear,Daylight,Bicycle,2,Road Condition,1,0,0,1,1,1,Medium
2022,4,Friday,20,Punjab,Sargodha,National Highway,Average,Clear,No Light,Truck/Lorry,2,Wrong Overtaking,1,0,0,0,4,0,Medium
2023,10,Tuesday,3,Sindh,Jacobabad,Provincial Highway,Average,Clear,No Light,Van/Pickup,3,Wrong Overtaking,0,0,1,0,1,1,Medium
2018,12,Thursday,16,KPK,Abbottabad,Provincial Highway,Poor,Clear,Daylight,Rickshaw,2,Over Speeding,0,0,0,1,2,0,Low
2023,4,Wednesday,9,Punjab,Rahim Yar Khan,Urban Road,Good,Clear,Daylight,Motorcycle,2,Signal Violation,1,0,0,0,5,0,Medium
2022,3,Friday,12,KPK,Nowshera,Motorway,Good,Rainy,Daylight,Van/Pickup,1,Road Condition,1,0,0,0,3,1,Medium
2023,12,Tuesday,11,Sindh,Dadu,National Highway,Good,Clear,Daylight,Motorcycle,2,Driver Fatigue,0,0,0,1,3,0,High
2023,10,Sunday,7,Sindh,Dadu,Rural Road,Good,Clear,Daylight,Motorcycle,2,Pedestrian Error,1,1,0,0,2,0,Medium
2020,4,Friday,14,Punjab,Sargodha,Provincial Highway,Good,Clear,Daylight,Motorcycle,2,Over Speeding,0,0,0,0,10,4,High
2022,11,Tuesday,14,Punjab,Multan,Provincial Highway,Average,Dusty/Smoggy,Daylight,Van/Pickup,2,Pedestrian Error,0,0,0,1,0,0,Low
2023,3,Saturday,14,Punjab,Bahawalpur,Provincial Highway,Average,Clear,Daylight,Motorcycle,3,Mobile Phone Use,0,1,0,0,1,0,Low
2022,12,Saturday,13,Sindh,Hyderabad,Provincial Highway,Good,Clear,Daylight,Motorcycle,3,Road Condition,1,1,0,1,2,1,Medium
2022,7,Tuesday,14,Punjab,Bahawalpur,Provincial Highway,Good,Clear,Daylight,Car/Taxi,3,Over Speeding,0,0,0,0,5,0,Medium
2022,3,Sunday,15,Punjab,Rawalpindi,National Highway,Poor,Clear,Daylight,Motorcycle,4,Over Speeding,0,1,0,0,8,0,High
2023,6,Tuesday,6,KPK,Kohat,Rural Road,Under Repair,Foggy,Daylight,Motorcycle,1,Pedestrian Error,0,0,0,0,5,0,Medium
2023,12,Saturday,9,Sindh,Sukkur,Provincial Highway,Under Repair,Foggy,Daylight,Motorcycle,3,Pedestrian Error,1,1,0,1,5,1,Medium
2022,1,Saturday,14,Sindh,Nawabshah,National Highway,Under Repair,Foggy,Daylight,Rickshaw,2,Driver Fatigue,0,1,0,1,5,0,Medium
2019,4,Friday,8,Punjab,Sialkot,Urban Road,Poor,Clear,Daylight,Motorcycle,2,Road Condition,1,0,0,0,2,0,Low
2018,8,Monday,6,Punjab,Bahawalpur,Rural Road,Good,Clear,Street Light,Car/Taxi,2,Driver Fatigue,0,0,0,0,2,0,Low
2023,12,Sunday,10,KPK,Peshawar,Urban Road,Good,Rainy,Daylight,Motorcycle,1,Wrong Overtaking,0,1,0,1,3,0,Medium
2022,6,Tuesday,22,Balochistan,Hub,Urban Road,Average,Clear,No Light,Bus/Coach,1,Wrong Overtaking,0,0,1,0,1,2,Medium
2018,3,Saturday,22,KPK,Kohat,National Highway,Average,Dusty/Smoggy,No Light,Motorcycle,2,Pedestrian Error,0,1,1,0,10,1,High
2020,9,Friday,10,Punjab,Sheikhupura,National Highway,Good,Clear,Street Light,Motorcycle,2,Over Speeding,0,0,0,0,2,1,High
2023,6,Friday,18,KPK,Dera Ismail Khan,National Highway,Good,Clear,Daylight,Van/Pickup,4,Over Speeding,1,0,0,0,3,0,Medium
2022,4,Saturday,16,Punjab,Multan,National Highway,Good,Clear,Daylight,Rickshaw,1,Over Speeding,0,1,0,0,1,1,Medium
2021,12,Tuesday,12,Punjab,Sialkot,National Highway,Poor,Clear,Daylight,Truck/Lorry,4,Mechanical Failure,1,0,0,1,5,0,Medium
2021,4,Monday,10,Punjab,Rahim Yar Khan,Rural Road,Average,Clear,Daylight,Car/Taxi,1,Over Speeding,0,0,0,0,4,0,Medium
2019,8,Tuesday,18,KPK,Nowshera,National Highway,Good,Foggy,Daylight,Bicycle,4,Wrong Overtaking,1,0,0,0,6,2,High
2023,1,Saturday,17,Sindh,Sukkur,Rural Road,Good,Clear,Daylight,Rickshaw,2,Wrong Overtaking,1,1,0,1,0,0,Low
2023,5,Monday,9,Sindh,Nawabshah,National Highway,Good,Clear,Daylight,Motorcycle,2,Mechanical Failure,1,0,0,0,4,3,High
2019,1,Friday,9,KPK,Abbottabad,Urban Road,Poor,Clear,Daylight,Motorcycle,2,Pedestrian Error,1,0,0,1,1,0,Low
2021,12,Thursday,13,Punjab,Sialkot,National Highway,Good,Foggy,Daylight,Rickshaw,2,Driver Fatigue,1,0,0,1,5,0,Medium
2019,3,Thursday,19,Sindh,Karachi,Urban Road,Under Repair,Clear,Dawn/Dusk,Motorcycle,1,Over Speeding,1,0,0,0,4,0,Medium
2021,4,Saturday,19,Sindh,Dadu,Rural Road,Poor,Rainy,Daylight,Rickshaw,3,Road Condition,1,1,0,0,2,1,Low
2021,12,Sunday,3,Sindh,Nawabshah,National Highway,Poor,Foggy,Street Light,Car/Taxi,2,Wrong Overtaking,0,1,1,1,3,0,Medium
2019,1,Sunday,13,KPK,Mansehra,Motorway,Good,Rainy,Daylight,Bus/Coach,2,Over Speeding,1,1,0,1,11,1,High
2023,12,Friday,13,Punjab,Multan,National Highway,Poor,Clear,Daylight,Motorcycle,1,Mechanical Failure,1,0,0,1,5,2,High
2021,8,Wednesday,16,KPK,Kohat,Provincial Highway,Poor,Dusty/Smoggy,Daylight,Car/Taxi,3,Over Speeding,0,0,0,0,3,0,Medium
2022,4,Monday,13,Sindh,Larkana,Rural Road,Good,Clear,Daylight,Bus/Coach,2,Wrong Overtaking,1,0,0,0,1,0,Low
2023,4,Sunday,9,KPK,Mansehra,Rural Road,Good,Clear,No Light,Motorcycle,2,Over Speeding,1,1,0,0,3,0,Medium
2019,9,Saturday,20,Sindh,Jacobabad,National Highway,Good,Rainy,Street Light,Bus/Coach,2,Over Speeding,1,1,0,0,10,1,High
2021,11,Saturday,22,Islamabad,Islamabad,Urban Road,Poor,Clear,Street Light,Motorcycle,4,Over Speeding,0,1,1,1,4,0,High
2020,6,Monday,20,Punjab,Lahore,Rural Road,Poor,Dusty/Smoggy,Street Light,Bus/Coach,2,Wrong Overtaking,1,0,0,0,2,0,Low
2018,6,Sunday,19,KPK,Abbottabad,Urban Road,Good,Clear,Dawn/Dusk,Motorcycle,4,Over Speeding,1,1,0,0,1,0,Medium
2020,5,Monday,22,Sindh,Hyderabad,National Highway,Good,Rainy,No Light,Motorcycle,2,Road Condition,0,0,1,0,8,1,High
2022,5,Friday,20,Punjab,Gujranwala,Provincial Highway,Under Repair,Foggy,Street Light,Car/Taxi,1,Driver Fatigue,1,0,0,0,3,1,Medium
2022,4,Wednesday,14,Punjab,Bahawalpur,National Highway,Good,Dusty/Smoggy,Street Light,Motorcycle,2,Driver Fatigue,0,0,0,0,5,2,High
2021,9,Wednesday,18,KPK,Kohat,Urban Road,Good,Clear,Street Light,Rickshaw,4,Road Condition,1,0,0,0,0,0,Low
2019,12,Monday,21,Punjab,Sheikhupura,Provincial Highway,Under Repair,Clear,No Light,Car/Taxi,1,Signal Violation,0,0,0,1,1,0,Low
2019,11,Tuesday,0,Punjab,Lahore,Rural Road,Average,Foggy,No Light,Rickshaw,1,Signal Violation,0,0,1,1,5,0,Medium
2019,6,Tuesday,1,AJK,Rawalakot,National Highway,Average,Dusty/Smoggy,Street Light,Motorcycle,2,Road Condition,0,0,1,0,10,3,High
2018,1,Monday,6,KPK,Mansehra,Urban Road,Under Repair,Clear,Daylight,Motorcycle,4,Mechanical Failure,0,0,0,1,1,0,Low
2020,11,Thursday,8,Punjab,Rawalpindi,National Highway,Good,Clear,Daylight,Motorcycle,2,Signal Violation,1,0,0,1,7,0,High
2020,1,Saturday,22,Sindh,Hyderabad,Provincial Highway,Poor,Clear,No Light,Car/Taxi,2,Wrong Overtaking,0,1,1,1,0,0,Low
2023,8,Friday,18,Sindh,Larkana,Provincial Highway,Average,Rainy,Daylight,Car/Taxi,2,Wrong Overtaking,1,0,0,0,2,1,Low
2022,2,Sunday,4,Balochistan,Khuzdar,National Highway,Under Repair,Foggy,No Light,Car/Taxi,1,Mechanical Failure,0,1,1,1,8,0,High
2023,12,Wednesday,11,KPK,Bannu,Rural Road,Average,Foggy,Daylight,Rickshaw,1,Drunk Driving,0,0,0,1,1,1,Medium
2022,4,Tuesday,12,KPK,Bannu,Urban Road,Good,Foggy,Daylight,Car/Taxi,2,Wrong Overtaking,1,0,0,0,1,0,Low
2021,12,Tuesday,3,Punjab,Bahawalpur,Rural Road,Under Repair,Extreme Heat,Street Light,Van/Pickup,3,Weather Condition,0,0,1,1,0,0,Low
2022,8,Sunday,12,Sindh,Jacobabad,Urban Road,Average,Rainy,Daylight,Truck/Lorry,2,Signal Violation,1,1,0,0,1,0,Low
2023,4,Saturday,9,Punjab,Rahim Yar Khan,Provincial Highway,Average,Clear,No Light,Motorcycle,2,Mechanical Failure,1,1,0,0,2,0,Medium
2019,12,Thursday,6,Punjab,Rawalpindi,National Highway,Poor,Foggy,Daylight,Car/Taxi,1,Wrong Overtaking,0,0,0,1,5,0,Medium
2018,11,Saturday,14,KPK,Abbottabad,Urban Road,Poor,Dusty/Smoggy,Daylight,Car/Taxi,4,Over Speeding,0,1,0,1,1,0,Low
2018,6,Tuesday,20,Punjab,Sargodha,Urban Road,Good,Clear,Street Light,Motorcycle,2,Pedestrian Error,1,0,0,0,4,0,Medium
2023,3,Friday,8,Sindh,Larkana,National Highway,Poor,Clear,Daylight,Car/Taxi,3,Wrong Overtaking,1,0,0,0,5,0,Medium
2022,6,Saturday,13,Balochistan,Chaman,National Highway,Good,Foggy,No Light,Bus/Coach,2,Wrong Overtaking,1,1,0,0,3,0,Medium
2021,1,Saturday,16,Punjab,Lahore,National Highway,Average,Clear,Daylight,Rickshaw,2,Driver Fatigue,0,1,0,1,5,1,High
2022,7,Monday,10,Punjab,Lahore,Rural Road,Poor,Clear,Dawn/Dusk,Motorcycle,1,Mechanical Failure,0,0,0,0,5,1,Medium
2021,8,Sunday,12,KPK,Nowshera,Rural Road,Good,Rainy,Street Light,Car/Taxi,2,Driver Fatigue,1,1,0,0,4,0,Medium
2022,11,Tuesday,17,Islamabad,Islamabad,Rural Road,Good,Clear,Daylight,Truck/Lorry,2,Road Condition,1,0,0,1,0,0,Low
2021,1,Friday,21,KPK,Bannu,Urban Road,Average,Clear,No Light,Motorcycle,3,Over Speeding,0,0,0,1,5,0,Medium
2023,12,Friday,10,Sindh,Hyderabad,Provincial Highway,Under Repair,Rainy,Daylight,Motorcycle,2,Wrong Overtaking,0,0,0,1,6,0,High
2018,6,Thursday,0,Punjab,Gujranwala,Provincial Highway,Average,Dusty/Smoggy,Street Light,Motorcycle,4,Signal Violation,0,0,1,0,2,1,Medium
2018,11,Friday,16,Punjab,Faisalabad,Rural Road,Poor,Dusty/Smoggy,Daylight,Motorcycle,3,Over Speeding,0,0,0,1,1,0,Medium
2021,1,Tuesday,9,KPK,Bannu,Provincial Highway,Poor,Clear,Daylight,Motorcycle,2,Over Speeding,1,0,0,1,4,1,High
2023,5,Sunday,14,Punjab,Sheikhupura,Rural Road,Good,Clear,No Light,Car/Taxi,2,Pedestrian Error,0,1,0,0,0,0,Low
2023,12,Tuesday,18,Balochistan,Quetta,Urban Road,Poor,Extreme Heat,Daylight,Motorcycle,2,Over Speeding,1,0,0,1,11,0,High
2023,5,Saturday,19,Sindh,Jacobabad,Provincial Highway,Average,Extreme Heat,Street Light,Car/Taxi,3,Over Speeding,1,1,0,0,2,2,Medium
2021,4,Thursday,17,Sindh,Karachi,Provincial Highway,Good,Clear,Daylight,Motorcycle,1,Mechanical Failure,1,0,0,0,0,0,Low
2022,11,Sunday,7,KPK,Nowshera,National Highway,Good,Rainy,Daylight,Car/Taxi,2,Wrong Overtaking,1,1,0,1,1,0,Medium
2019,3,Tuesday,8,KPK,Charsadda,Motorway,Good,Clear,Daylight,Motorcycle,3,Wrong Overtaking,1,0,0,0,6,2,High
2020,11,Sunday,19,Sindh,Karachi,Rural Road,Poor,Rainy,Street Light,Van/Pickup,1,Drunk Driving,1,1,0,1,2,0,Medium
2023,12,Monday,23,Islamabad,Islamabad,National Highway,Average,Clear,Street Light,Car/Taxi,3,Over Speeding,0,0,1,1,8,0,High
2022,5,Monday,7,AJK,Rawalakot,National Highway,Good,Foggy,Daylight,Motorcycle,1,Drunk Driving,1,0,0,0,2,0,High
2023,4,Tuesday,12,Islamabad,Islamabad,Provincial Highway,Under Repair,Clear,Daylight,Rickshaw,1,Signal Violation,1,0,0,0,2,1,Low
2021,9,Monday,6,KPK,Dera Ismail Khan,Provincial Highway,Average,Extreme Heat,Daylight,Car/Taxi,1,Wrong Overtaking,0,0,0,0,1,0,Low
2022,1,Friday,23,KPK,Kohat,National Highway,Good,Extreme Heat,No Light,Bus/Coach,2,Driver Fatigue,0,0,1,1,8,1,High
2023,9,Sunday,17,KPK,Dera Ismail Khan,Rural Road,Average,Clear,Daylight,Motorcycle,2,Wrong Overtaking,1,1,0,0,5,0,Medium
2022,12,Wednesday,15,Punjab,Sargodha,Urban Road,Average,Clear,Street Light,Car/Taxi,3,Over Speeding,0,0,0,1,1,0,Low
2023,8,Friday,9,Punjab,Gujranwala,Urban Road,Average,Clear,Daylight,Motorcycle,2,Over Speeding,1,0,0,0,4,2,High
2019,12,Saturday,7,Punjab,Rawalpindi,Provincial Highway,Good,Dusty/Smoggy,Dawn/Dusk,Bicycle,1,Pedestrian Error,1,1,0,1,5,1,Medium
2022,10,Saturday,9,Punjab,Bahawalpur,Urban Road,Good,Clear,Daylight,Truck/Lorry,1,Mobile Phone Use,1,1,0,0,1,0,Low
2018,6,Thursday,18,Sindh,Nawabshah,Urban Road,Good,Foggy,Daylight,Rickshaw,2,Signal Violation,1,0,0,0,5,0,Medium
2021,9,Wednesday,14,Punjab,Lahore,National Highway,Good,Clear,Daylight,Motorcycle,2,Drunk Driving,0,0,0,0,7,1,High
2018,6,Tuesday,8,Balochistan,Loralai,Provincial Highway,Average,Clear,Street Light,Van/Pickup,2,Signal Violation,1,0,0,0,4,0,Medium
2022,12,Friday,8,KPK,Bannu,Motorway,Average,Rainy,Daylight,Motorcycle,4,Pedestrian Error,1,0,0,1,2,2,High
2020,9,Saturday,12,Punjab,Lahore,Motorway,Average,Clear,Daylight,Motorcycle,2,Road Condition,1,1,0,0,4,1,Medium
2022,7,Friday,9,Punjab,Sargodha,National Highway,Good,Clear,Daylight,Motorcycle,2,Wrong Overtaking,1,0,0,0,5,1,High
2019,12,Tuesday,14,KPK,Mardan,Provincial Highway,Average,Clear,Daylight,Truck/Lorry,2,Pedestrian Error,0,0,0,1,4,0,Medium
2023,4,Wednesday,12,KPK,Peshawar,Motorway,Good,Foggy,Daylight,Motorcycle,1,Over Speeding,1,0,0,0,4,1,High
2023,11,Saturday,21,Islamabad,Islamabad,National Highway,Good,Clear,No Light,Motorcycle,1,Driver Fatigue,0,1,0,1,2,3,High
2022,1,Friday,11,Gilgit-Baltistan,Gilgit,Motorway,Average,Clear,Daylight,Car/Taxi,3,Mobile Phone Use,0,0,0,1,1,0,Low
2019,6,Saturday,7,AJK,Muzaffarabad,Urban Road,Good,Dusty/Smoggy,Daylight,Car/Taxi,2,Pedestrian Error,1,1,0,0,0,0,Low
2022,6,Wednesday,0,Punjab,Rawalpindi,Urban Road,Good,Clear,No Light,Car/Taxi,1,Mobile Phone Use,0,0,1,0,0,0,Low
2020,5,Thursday,17,Punjab,Lahore,Rural Road,Poor,Rainy,Street Light,Truck/Lorry,2,Over Speeding,1,0,0,0,1,0,Medium
2023,9,Monday,14,KPK,Dera Ismail Khan,Motorway,Good,Extreme Heat,Daylight,Rickshaw,1,Wrong Overtaking,0,0,0,0,1,0,Low
2020,9,Friday,16,Punjab,Faisalabad,Provincial Highway,Under Repair,Rainy,Daylight,Motorcycle,3,Over Speeding,0,0,0,0,8,1,High
2020,4,Tuesday,18,KPK,Nowshera,Rural Road,Average,Clear,Street Light,Motorcycle,1,Wrong Overtaking,1,0,0,0,1,1,Medium
2021,7,Tuesday,20,Sindh,Thatta,Provincial Highway,Good,Clear,No Light,Motorcycle,2,Wrong Overtaking,1,0,0,0,6,2,High
2023,12,Monday,9,KPK,Abbottabad,Urban Road,Average,Clear,Daylight,Car/Taxi,4,Over Speeding,1,0,0,1,2,0,Low
2022,1,Thursday,14,Punjab,Sargodha,Rural Road,Good,Clear,Daylight,Rickshaw,2,Pedestrian Error,0,0,0,1,0,0,Low
2023,10,Friday,14,Sindh,Jacobabad,National Highway,Average,Clear,Daylight,Motorcycle,1,Mechanical Failure,0,0,0,0,5,1,High
2018,5,Saturday,8,Sindh,Kashmore,National Highway,Average,Clear,Daylight,Bus/Coach,2,Weather Condition,1,1,0,0,3,1,Medium
2018,1,Saturday,8,Islamabad,Islamabad,National Highway,Good,Rainy,Daylight,Van/Pickup,4,Signal Violation,1,1,0,1,5,0,Medium
2019,10,Thursday,19,Punjab,Multan,Provincial Highway,Poor,Extreme Heat,Dawn/Dusk,Car/Taxi,2,Over Speeding,1,0,0,0,2,0,Low
2022,12,Thursday,9,Islamabad,Islamabad,Provincial Highway,Average,Dusty/Smoggy,Daylight,Rickshaw,2,Signal Violation,1,0,0,1,2,1,Low
2023,4,Friday,6,KPK,Peshawar,Provincial Highway,Poor,Foggy,Daylight,Motorcycle,1,Wrong Overtaking,0,0,0,0,10,0,High
2022,4,Friday,13,KPK,Swat,Rural Road,Average,Rainy,No Light,Bus/Coach,2,Wrong Overtaking,1,0,0,0,2,0,Low
2020,11,Tuesday,0,KPK,Peshawar,National Highway,Poor,Clear,Street Light,Car/Taxi,1,Over Speeding,0,0,1,1,3,0,Medium
2023,2,Saturday,14,Sindh,Kashmore,Rural Road,Average,Foggy,Street Light,Rickshaw,2,Wrong Overtaking,0,1,0,1,1,0,Low
2018,6,Friday,17,Punjab,Multan,National Highway,Poor,Foggy,Daylight,Bus/Coach,3,Signal Violation,1,0,0,0,9,1,High
2022,10,Saturday,7,Punjab,Gujranwala,National Highway,Good,Clear,Daylight,Car/Taxi,1,Over Speeding,1,1,0,0,1,0,Medium
2021,10,Sunday,9,Balochistan,Sibi,National Highway,Average,Clear,No Light,Motorcycle,2,Over Speeding,1,1,0,0,6,2,High
2023,11,Sunday,15,KPK,Nowshera,National Highway,Poor,Clear,Daylight,Bicycle,2,Over Speeding,0,1,0,1,2,0,High
2021,4,Friday,16,Punjab,Sheikhupura,Motorway,Good,Clear,Dawn/Dusk,Motorcycle,1,Over Speeding,0,0,0,0,3,0,High
2021,1,Wednesday,3,Sindh,Dadu,Rural Road,Good,Clear,Street Light,Motorcycle,3,Drunk Driving,0,0,1,1,11,3,High
2022,4,Tuesday,20,Sindh,Thatta,National Highway,Good,Rainy,No Light,Motorcycle,2,Wrong Overtaking,1,0,0,0,3,2,High
2018,12,Friday,7,Punjab,Faisalabad,Rural Road,Good,Clear,Street Light,Truck/Lorry,1,Signal Violation,1,0,0,1,2,1,Low
2022,7,Sunday,10,Sindh,Mirpur Khas,Provincial Highway,Good,Foggy,Daylight,Motorcycle,1,Weather Condition,0,1,0,0,1,1,Medium
2019,11,Monday,16,Punjab,Multan,Urban Road,Good,Foggy,Daylight,Bus/Coach,1,Mechanical Failure,0,0,0,1,4,0,Medium
2020,5,Sunday,21,Punjab,Lahore,National Highway,Average,Clear,No Light,Car/Taxi,1,Driver Fatigue,0,1,0,0,5,0,Medium
2023,9,Thursday,13,Sindh,Nawabshah,Urban Road,Average,Clear,Daylight,Car/Taxi,1,Mobile Phone Use,1,0,0,0,1,0,Low
2022,11,Saturday,13,Sindh,Mirpur Khas,National Highway,Good,Clear,Daylight,Rickshaw,1,Road Condition,1,1,0,1,0,0,Low
2021,10,Friday,22,Punjab,Rahim Yar Khan,Urban Road,Good,Clear,No Light,Motorcycle,2,Mechanical Failure,0,0,1,0,1,0,Low
2021,7,Monday,18,Punjab,Rahim Yar Khan,Urban Road,Average,Rainy,Dawn/Dusk,Car/Taxi,3,Road Condition,1,0,0,0,2,0,Low
2020,4,Saturday,17,Punjab,Sargodha,Urban Road,Good,Rainy,Daylight,Rickshaw,3,Wrong Overtaking,1,1,0,0,1,1,Low
2023,8,Saturday,10,Punjab,Lahore,National Highway,Good,Clear,Dawn/Dusk,Car/Taxi,2,Signal Violation,0,1,0,0,1,0,Low
2020,9,Wednesday,8,Punjab,Gujranwala,Motorway,Average,Clear,No Light,Bicycle,2,Driver Fatigue,1,0,0,0,7,2,High
2023,4,Friday,17,Punjab,Rawalpindi,Provincial Highway,Under Repair,Dusty/Smoggy,Daylight,Motorcycle,2,Weather Condition,1,0,0,0,1,0,Low
2019,1,Sunday,10,Punjab,Multan,Urban Road,Good,Foggy,Daylight,Truck/Lorry,1,Signal Violation,0,1,0,1,2,0,Low
2020,1,Thursday,19,KPK,Swat,Provincial Highway,Poor,Foggy,Dawn/Dusk,Motorcycle,2,Road Condition,1,0,0,1,4,2,Medium
2022,2,Wednesday,12,Sindh,Nawabshah,Urban Road,Poor,Rainy,Daylight,Motorcycle,2,Driver Fatigue,1,0,0,1,3,0,Medium
2022,1,Friday,8,Punjab,Multan,National Highway,Poor,Clear,Daylight,Van/Pickup,1,Wrong Overtaking,1,0,0,1,2,0,Medium
2022,6,Wednesday,18,Punjab,Sargodha,Urban Road,Poor,Rainy,Daylight,Motorcycle,1,Over Speeding,1,0,0,0,5,0,Medium
2023,4,Saturday,8,Punjab,Rawalpindi,Urban Road,Good,Rainy,No Light,Motorcycle,2,Wrong Overtaking,1,1,0,0,11,2,High
2018,7,Monday,13,KPK,Charsadda,Urban Road,Good,Clear,Dawn/Dusk,Car/Taxi,1,Over Speeding,1,0,0,0,0,0,Low
2021,11,Saturday,18,Punjab,Faisalabad,Urban Road,Average,Clear,Daylight,Rickshaw,2,Wrong Overtaking,1,1,0,1,2,0,Low
2021,7,Monday,8,Punjab,Faisalabad,National Highway,Good,Extreme Heat,Street Light,Motorcycle,1,Road Condition,1,0,0,0,1,1,Medium
2019,10,Wednesday,19,Punjab,Lahore,Urban Road,Average,Clear,No Light,Rickshaw,3,Pedestrian Error,1,0,0,0,0,0,Low
2020,7,Friday,12,Sindh,Nawabshah,Rural Road,Average,Clear,Daylight,Car/Taxi,3,Over Speeding,1,0,0,0,0,1,Low
2021,2,Monday,2,Punjab,Sialkot,Urban Road,Average,Rainy,No Light,Van/Pickup,4,Signal Violation,0,0,1,1,4,1,Medium
2020,11,Wednesday,22,Sindh,Nawabshah,Rural Road,Poor,Clear,Street Light,Motorcycle,2,Over Speeding,0,0,1,1,9,0,High
2022,6,Monday,6,Punjab,Lahore,National Highway,Good,Clear,Daylight,Car/Taxi,2,Road Condition,0,0,0,0,1,0,Medium
2019,7,Tuesday,14,Punjab,Multan,Provincial Highway,Good,Clear,Daylight,Bicycle,2,Drunk Driving,0,0,0,0,3,2,Medium
2019,5,Friday,9,KPK,Peshawar,Provincial Highway,Good,Clear,Daylight,Car/Taxi,3,Road Condition,1,0,0,0,0,0,Low
2021,9,Monday,21,KPK,Mardan,National Highway,Average,Clear,Street Light,Motorcycle,2,Over Speeding,0,0,0,0,8,1,High
2022,12,Sunday,10,Sindh,Thatta,Provincial Highway,Average,Clear,Street Light,Bicycle,2,Road Condition,0,1,0,1,2,0,Low
2020,11,Saturday,10,Punjab,Bahawalpur,National Highway,Average,Foggy,Daylight,Motorcycle,1,Mechanical Failure,0,1,0,1,6,2,High
2019,4,Monday,19,Sindh,Karachi,National Highway,Average,Foggy,No Light,Rickshaw,1,Signal Violation,1,0,0,0,5,0,Medium
2022,1,Friday,18,Punjab,Lahore,Urban Road,Good,Clear,Street Light,Car/Taxi,2,Over Speeding,1,0,0,1,2,1,Low
2023,2,Monday,12,KPK,Abbottabad,National Highway,Average,Clear,Daylight,Car/Taxi,1,Signal Violation,1,0,0,1,3,0,Medium
2023,10,Friday,8,Sindh,Jacobabad,Rural Road,Good,Clear,Daylight,Car/Taxi,4,Over Speeding,1,0,0,0,1,0,Low
2022,1,Monday,13,Punjab,Sialkot,Urban Road,Average,Extreme Heat,Daylight,Bicycle,2,Driver Fatigue,1,0,0,1,9,1,High
2022,7,Sunday,18,Sindh,Sukkur,Urban Road,Poor,Clear,Daylight,Car/Taxi,2,Pedestrian Error,1,1,0,0,0,0,Low
2021,6,Wednesday,22,KPK,Charsadda,Urban Road,Poor,Clear,Street Light,Motorcycle,2,Over Speeding,0,0,1,0,6,1,High
2019,6,Monday,11,Punjab,Bahawalpur,Rural Road,Average,Clear,Street Light,Car/Taxi,2,Driver Fatigue,0,0,0,0,1,0,Low
2019,6,Thursday,9,Balochistan,Zhob,Provincial Highway,Good,Clear,Daylight,Car/Taxi,4,Signal Violation,1,0,0,0,1,0,Low
2021,7,Tuesday,15,Balochistan,Quetta,National Highway,Average,Foggy,Daylight,Motorcycle,1,Over Speeding,0,0,0,0,7,1,High
2022,3,Thursday,20,Punjab,Bahawalpur,Urban Road,Average,Clear,No Light,Bicycle,3,Over Speeding,1,0,0,0,4,2,Medium
2019,3,Thursday,17,Balochistan,Hub,Provincial Highway,Good,Extreme Heat,Daylight,Motorcycle,2,Driver Fatigue,1,0,0,0,1,1,Medium
2021,12,Saturday,23,Sindh,Dadu,Rural Road,Good,Clear,No Light,Car/Taxi,2,Over Speeding,0,1,1,1,2,0,Medium
2020,9,Monday,23,KPK,Bannu,National Highway,Under Repair,Foggy,Street Light,Motorcycle,2,Road Condition,0,0,1,0,6,3,High
2021,11,Thursday,13,KPK,Mardan,Urban Road,Good,Clear,Dawn/Dusk,Car/Taxi,3,Signal Violation,1,0,0,1,0,0,Low
2023,1,Sunday,14,Sindh,Nawabshah,Rural Road,Average,Clear,Daylight,Bus/Coach,2,Signal Violation,0,1,0,1,1,0,Low
2022,7,Tuesday,9,Punjab,Multan,National Highway,Good,Clear,Daylight,Motorcycle,3,Mechanical Failure,1,0,0,0,5,0,Medium
2022,1,Monday,16,Balochistan,Loralai,Rural Road,Good,Clear,Dawn/Dusk,Motorcycle,3,Mechanical Failure,0,0,0,1,2,0,Medium
2020,12,Thursday,10,Punjab,Sialkot,Urban Road,Good,Clear,Daylight,Motorcycle,2,Over Speeding,0,0,0,1,4,1,Medium
2022,1,Monday,1,Punjab,Sargodha,Rural Road,Good,Clear,Street Light,Motorcycle,2,Over Speeding,0,0,1,1,5,1,High
2020,7,Tuesday,16,Punjab,Gujranwala,Provincial Highway,Good,Rainy,Dawn/Dusk,Motorcycle,2,Mechanical Failure,0,0,0,0,9,1,High
2020,12,Friday,21,Balochistan,Sibi,National Highway,Poor,Clear,No Light,Motorcycle,1,Pedestrian Error,0,0,0,1,3,0,High
2021,6,Saturday,7,Islamabad,Islamabad,Urban Road,Good,Foggy,Daylight,Car/Taxi,1,Road Condition,1,1,0,0,1,0,Low
2022,7,Saturday,16,Punjab,Lahore,Provincial Highway,Average,Extreme Heat,Daylight,Rickshaw,2,Signal Violation,0,1,0,0,1,0,Low
2021,5,Friday,10,Balochistan,Loralai,National Highway,Average,Clear,Daylight,Bus/Coach,1,Wrong Overtaking,0,0,0,0,5,0,Medium