year,month,day_of_week,hour_of_day,province,district,road_type,road_condition,weather_condition,lighting_condition,vehicle_type,vehicles_involved,accident_cause,is_rush_hour,is_weekend,is_night,is_foggy_month,num_injured,num_killed,severity
2022,11,Monday,10,Punjab,Sheikhupura,Urban Road,Good,Clear,Daylight,Bus/Coach,3,Mobile Phone Use,0,0,0,1,1,0,Low
2019,8,Sunday,18,AJK,Muzaffarabad,Rural Road,Average,Rainy,Daylight,Motorcycle,1,Wrong Overtaking,1,1,0,0,8,2,High
2023,7,Sunday,15,Sindh,Thatta,Rural Road,Poor,Clear,Daylight,Car/Taxi,4,Over Speeding,0,1,0,0,2,0,Low
2018,1,Sunday,7,Punjab,Rawalpindi,National Highway,Average,Extreme Heat,Dawn/Dusk,Motorcycle,3,Road Condition,1,1,0,1,11,2,High
2021,5,Sunday,5,Punjab,Rahim Yar Khan,Provincial Highway,Good,Clear,No Light,Rickshaw,2,Over Speeding,0,1,1,0,2,2,Medium
2021,12,Sunday,19,Punjab,Sialkot,National Highway,Good,Foggy,No Light,Motorcycle,2,Drunk Driving,1,1,0,1,9,2,High
2022,10,Saturday,2,Punjab,Sheikhupura,Rural Road,Good,Dusty/Smoggy,No Light,Rickshaw,2,Over Speeding,0,1,1,0,4,0,Medium
2018,7,Tuesday,20,KPK,Nowshera,Rural Road,Poor,Dusty/Smoggy,No Light,Truck/Lorry,3,Pedestrian Error,1,0,0,0,1,0,Low
2022,2,Wednesday,11,Punjab,Gujranwala,Urban Road,Average,Clear,Street Light,Car/Taxi,1,Over Speeding,0,0,0,1,1,0,Low
2021,1,Thursday,6,Islamabad,Islamabad,Rural Road,Poor,Clear,No Light,Motorcycle,1,Wrong Overtaking,0,0,0,1,3,0,Medium
2021,5,Thursday,10,Sindh,Thatta,Rural Road,Poor,Foggy,Daylight,Motorcycle,1,Wrong Overtaking,0,0,0,0,3,1,High
2021,12,Saturday,6,KPK,Charsadda,National Highway,Poor,Clear,Daylight,Rickshaw,2,Signal Violation,0,1,0,1,2,1,Medium
2019,7,Wednesday,12,Punjab,Sialkot,Rural Road,Poor,Clear,Street Light,Bus/Coach,2,Over Speeding,1,0,0,0,2,0,Low
2020,10,Wednesday,16,Balochistan,Zhob,National Highway,Good,Clear,Daylight,Car/Taxi,2,Mechanical Failure,0,0,0,0,0,0,Low
2023,3,Tuesday,11,KPK,Bannu,Provincial Highway,Good,Clear,Daylight,Car/Taxi,2,Road Condition,0,0,0,0,2,0,Low
2023,2,Friday,20,Balochistan,Gwadar,National Highway,Average,Clear,No Light,Motorcycle,2,Over Speeding,1,0,0,1,2,2,High
2018,8,Sunday,11,Islamabad,Islamabad,National Highway,Poor,Clear,Daylight,Motorcycle,2,Signal Violation,0,1,0,0,11,3,High
2022,8,Sunday,1,Punjab,Rawalpindi,Urban Road,Good,Clear,No Light,Car/Taxi,2,Mobile Phone Use,0,1,1,0,0,0,Low
2018,9,Sunday,11,Punjab,Bahawalpur,Motorway,Poor,Clear,Daylight,Motorcycle,3,Wrong Overtaking,0,1,0,0,2,0,Medium
2020,1,Sunday,20,KPK,Bannu,National Highway,Poor,Clear,Street Light,Car/Taxi,1,Wrong Overtaking,1,1,0,1,0,0,Low
2022,11,Thursday,14,Balochistan,Gwadar,Urban Road,Poor,Dusty/Smoggy,Daylight,Rickshaw,3,Pedestrian Error,0,0,0,1,0,0,Low
2021,3,Monday,14,Sindh,Hyderabad,National Highway,Average,Rainy,Daylight,Car/Taxi,2,Signal Violation,0,0,0,0,9,0,High
2022,2,Friday,20,Punjab,Sialkot,National Highway,Poor,Clear,No Light,Motorcycle,3,Signal Violation,1,0,0,1,4,2,High
2021,11,Monday,21,Sindh,Dadu,Rural Road,Under Repair,Clear,No Light,Motorcycle,3,Drunk Driving,0,0,0,1,1,2,Medium
2022,7,Sunday,20,Punjab,Faisalabad,National Highway,Good,Dusty/Smoggy,No Light,Rickshaw,2,Road Condition,1,1,0,0,2,0,Low
2020,5,Saturday,17,Punjab,Sheikhupura,National Highway,Good,Clear,Daylight,Bus/Coach,3,Drunk Driving,1,1,0,0,10,1,High
2022,3,Monday,13,Sindh,Mirpur Khas,National Highway,Good,Clear,Daylight,Car/Taxi,2,Road Condition,1,0,0,0,2,1,Medium
2023,1,Tuesday,9,Punjab,Multan,Rural Road,Poor,Clear,Daylight,Rickshaw,2,Over Speeding,1,0,0,1,3,2,Medium
2019,12,Friday,8,Sindh,Thatta,Provincial Highway,Average,Clear,Daylight,Truck/Lorry,2,Wrong Overtaking,1,0,0,1,1,0,Medium
2021,12,Sunday,18,Islamabad,Islamabad,National Highway,Good,Foggy,Dawn/Dusk,Bus/Coach,3,Mobile Phone Use,1,1,0,1,3,0,Medium
2020,3,Tuesday,22,KPK,Mardan,National Highway,Good,Extreme Heat,Street Light,Motorcycle,4,Driver Fatigue,0,0,1,0,4,1,High
2023,7,Tuesday,7,Islamabad,Islamabad,Provincial Highway,Average,Clear,Daylight,Rickshaw,1,Mobile Phone Use,1,0,0,0,1,1,Low
2023,2,Sunday,15,KPK,Nowshera,Rural Road,Good,Clear,Daylight,Car/Taxi,2,Wrong Overtaking,0,1,0,1,1,0,Low
2021,11,Saturday,15,Punjab,Rahim Yar Khan,National Highway,Average,Dusty/Smoggy,Daylight,Motorcycle,2,Mechanical Failure,0,1,0,1,10,1,High
2022,7,Wednesday,10,KPK,Nowshera,Provincial Highway,Good,Clear,Dawn/Dusk,Car/Taxi,1,Over Speeding,0,0,0,0,5,0,Medium
2022,7,Friday,17,Islamabad,Islamabad,Provincial Highway,Good,Rainy,Daylight,Truck/Lorry,1,Wrong Overtaking,1,0,0,0,2,1,High
2021,8,Wednesday,18,Islamabad,Islamabad,Urban Road,Good,Foggy,Daylight,Motorcycle,3,Over Speeding,1,0,0,0,3,2,Medium
2021,1,Saturday,10,KPK,Peshawar,National Highway,Under Repair,Clear,Street Light,Motorcycle,2,Pedestrian Error,0,1,0,1,3,0,Medium
2021,2,Wednesday,20,Punjab,Rahim Yar Khan,Provincial Highway,Good,Clear,No Light,Motorcycle,1,Pedestrian Error,1,0,0,1,1,0,Medium
2023,2,Friday,0,Punjab,Bahawalpur,National Highway,Good,Foggy,Street Light,Bus/Coach,2,Drunk Driving,0,0,1,1,11,3,High
2022,1,Saturday,21,Punjab,Lahore,Motorway,Good,Rainy,Street Light,Rickshaw,2,Signal Violation,0,1,0,1,3,1,Medium
2022,1,Monday,17,Islamabad,Islamabad,Rural Road,Good,Rainy,Daylight,Car/Taxi,1,Over Speeding,1,0,0,1,2,0,Medium
2021,8,Monday,20,Sindh,Dadu,Urban Road,Good,Extreme Heat,No Light,Rickshaw,1,Over Speeding,1,0,0,0,2,0,Low
2020,11,Friday,12,Balochistan,Turbat,Rural Road,Under Repair,Clear,Daylight,Car/Taxi,3,Mechanical Failure,1,0,0,1,2,0,Low
2022,1,Sunday,21,Sindh,Kashmore,Urban Road,Average,Clear,No Light,Motorcycle,3,Driver Fatigue,0,1,0,1,3,1,Medium
2022,6,Thursday,13,KPK,Nowshera,Provincial Highway,Good,Foggy,Daylight,Bus/Coach,2,Road Condition,1,0,0,0,1,0,Low
2023,1,Thursday,13,Punjab,Gujranwala,National Highway,Good,Clear,Daylight,Car/Taxi,2,Drunk Driving,1,0,0,1,3,0,Medium
2023,10,Friday,9,Punjab,Gujranwala,Motorway,Under Repair,Rainy,Dawn/Dusk,Motorcycle,2,Wrong Overtaking,1,0,0,0,3,2,High
2020,3,Saturday,17,Sindh,Mirpur Khas,National Highway,Good,Foggy,Daylight,Bicycle,2,Mechanical Failure,1,1,0,0,4,1,High
2020,3,Sunday,21,Sindh,Dadu,Rural Road,Good,Clear,No Light,Car/Taxi,2,Over Speeding,0,1,0,0,2,0,Low
2022,5,Friday,3,Punjab,Rahim Yar Khan,Provincial Highway,Poor,Extreme Heat,Street Light,Car/Taxi,1,Mechanical Failure,0,0,1,0,3,1,Medium
2019,4,Sunday,9,KPK,Mardan,Provincial Highway,Good,Extreme Heat,Daylight,Motorcycle,2,Road Condition,1,1,0,0,2,0,Medium
2020,1,Monday,20,Punjab,Sheikhupura,National Highway,Under Repair,Clear,Street Light,Truck/Lorry,1,Road Condition,1,0,0,1,1,0,Medium
2019,6,Saturday,10,KPK,Nowshera,Rural Road,Average,Rainy,Daylight,Motorcycle,2,Signal Violation,0,1,0,0,2,1,Medium
2022,4,Monday,9,Punjab,Rawalpindi,Rural Road,Poor,Clear,Daylight,Motorcycle,1,Wrong Overtaking,1,0,0,0,2,0,Medium
2021,12,Tuesday,16,KPK,Abbottabad,Rural Road,Good,Clear,Daylight,Rickshaw,3,Mechanical Failure,0,0,0,1,1,0,Low
2018,6,Sunday,19,Punjab,Faisalabad,Urban Road,Poor,Rainy,Dawn/Dusk,Car/Taxi,3,Road Condition,1,1,0,0,2,0,Low
2022,6,Thursday,7,KPK,Dera Ismail Khan,National Highway,Under Repair,Dusty/Smoggy,Daylight,Car/Taxi,3,Drunk Driving,1,0,0,0,1,0,Medium
2019,8,Thursday,13,Punjab,Gujranwala,Provincial Highway,Good,Rainy,Daylight,Car/Taxi,1,Over Speeding,1,0,0,0,4,2,Medium
2023,6,Sunday,17,KPK,Abbottabad,Rural Road,Average,Foggy,Daylight,Car/Taxi,1,Over Speeding,1,1,0,0,2,0,Low
2022,7,Tuesday,21,Islamabad,Islamabad,Motorway,Good,Foggy,Street Light,Van/Pickup,2,Wrong Overtaking,0,0,0,0,5,0,High
2018,2,Thursday,4,Punjab,Faisalabad,Rural Road,Good,Rainy,No Light,Motorcycle,3,Pedestrian Error,0,0,1,1,3,0,Medium
2022,8,Wednesday,15,Punjab,Multan,Urban Road,Poor,Rainy,Daylight,Rickshaw,1,Road Condition,0,0,0,0,1,0,Low
2019,11,Friday,10,KPK,Bannu,Rural Road,Average,Clear,Daylight,Rickshaw,2,Mechanical Failure,0,0,0,1,2,0,Low
2020,8,Tuesday,19,Sindh,Karachi,Provincial Highway,Good,Foggy,Street Light,Motorcycle,1,Signal Violation,1,0,0,0,3,0,Medium
2023,1,Monday,21,Punjab,Sheikhupura,Urban Road,Good,Clear,No Light,Rickshaw,3,Road Condition,0,0,0,1,2,0,Low
2022,10,Sunday,14,Sindh,Jacobabad,Urban Road,Good,Clear,Daylight,Car/Taxi,2,Mechanical Failure,0,1,0,0,1,1,Low
2023,12,Wednesday,11,Punjab,Faisalabad,Provincial Highway,Good,Foggy,Daylight,Truck/Lorry,3,Drunk Driving,0,0,0,1,11,1,High
2020,8,Saturday,19,Punjab,Faisalabad,National Highway,Good,Clear,Dawn/Dusk,Motorcycle,2,Road Condition,1,1,0,0,1,0,Medium
2023,9,Wednesday,16,Sindh,Mirpur Khas,Rural Road,Poor,Dusty/Smoggy,Daylight,Motorcycle,1,Over Speeding,0,0,0,0,5,0,High
2021,6,Friday,7,KPK,Abbottabad,Rural Road,Under Repair,Clear,Daylight,Motorcycle,3,Mobile Phone Use,1,0,0,0,1,0,Low
2023,8,Tuesday,11,Sindh,Karachi,National Highway,Under Repair,Extreme Heat,Daylight,Car/Taxi,1,Driver Fatigue,0,0,0,0,5,0,High
2022,6,Monday,16,Sindh,Thatta,National Highway,Under Repair,Foggy,Daylight,Bus/Coach,2,Over Speeding,0,0,0,0,10,0,High
2020,12,Saturday,22,Balochistan,Hub,Urban Road,Under Repair,Clear,Street Light,Car/Taxi,2,Road Condition,0,1,1,1,2,0,Low
2021,1,Thursday,0,Punjab,Gujranwala,Urban Road,Good,Clear,No Light,Truck/Lorry,4,Mobile Phone Use,0,0,1,1,0,0,Low
2020,12,Friday,8,KPK,Mansehra,Urban Road,Good,Foggy,No Light,Truck/Lorry,1,Road Condition,1,0,0,1,0,0,Low
2019,12,Saturday,17,Balochistan,Chaman,Motorway,Under Repair,Clear,Street Light,Car/Taxi,1,Wrong Overtaking,1,1,0,1,2,1,Medium
2021,6,Friday,13,Punjab,Multan,Provincial Highway,Average,Clear,Daylight,Car/Taxi,2,Over Speeding,1,0,0,0,2,0,Low
2018,11,Friday,4,Punjab,Rawalpindi,National Highway,Poor,Clear,No Light,Car/Taxi,2,Over Speeding,0,0,1,1,2,1,High
2023,3,Monday,1,AJK,Rawalakot,National Highway,Good,Clear,No Light,Bus/Coach,2,Over Speeding,0,0,1,0,11,3,High
2023,10,Sunday,17,AJK,Muzaffarabad,Urban Road,Poor,Extreme Heat,No Light,Motorcycle,1,Pedestrian Error,1,1,0,0,1,1,Medium
2022,9,Saturday,9,Punjab,Faisalabad,Rural Road,Good,Foggy,Daylight,Car/Taxi,2,Signal Violation,1,1,0,0,0,0,Low
2021,2,Tuesday,13,Punjab,Rawalpindi,Urban Road,Good,Extreme Heat,Daylight,Bicycle,1,Wrong Overtaking,1,0,0,1,1,0,Low
2018,1,Sunday,8,Punjab,Gujranwala,National Highway,Under Repair,Clear,Daylight,Rickshaw,1,Road Condition,1,1,0,1,1,0,Low
2019,4,Thursday,19,Punjab,Rahim Yar Khan,Urban Road,Good,Clear,Daylight,Car/Taxi,2,Wrong Overtaking,1,0,0,0,0,0,Low
2021,10,Monday,23,Sindh,Larkana,Provincial Highway,Good,Clear,Street Light,Rickshaw,1,Driver Fatigue,0,0,1,0,6,4,High
2022,12,Sunday,8,Sindh,Sukkur,Provincial Highway,Under Repair,Foggy,Daylight,Rickshaw,1,Signal Violation,1,1,0,1,4,1,Medium
2023,12,Tuesday,14,Balochistan,Dera Bugti,Urban Road,Good,Dusty/Smoggy,Daylight,Motorcycle,2,Road Condition,0,0,0,1,4,1,Medium
2022,6,Tuesday,15,Punjab,Multan,Provincial Highway,Good,Rainy,Street Light,Motorcycle,1,Pedestrian Error,0,0,0,0,4,0,Medium
2023,3,Monday,21,Balochistan,Dera Bugti,Motorway,Poor,Foggy,No Light,Car/Taxi,3,Over Speeding,0,0,0,0,7,1,High
2018,6,Tuesday,19,Punjab,Sargodha,Rural Road,Good,Clear,Daylight,Bus/Coach,3,Pedestrian Error,1,0,0,0,0,0,Low
2022,5,Friday,19,Punjab,Sargodha,Provincial Highway,Poor,Rainy,Dawn/Dusk,Truck/Lorry,2,Wrong Overtaking,1,0,0,0,11,1,High
2020,11,Sunday,11,Sindh,Mirpur Khas,Provincial Highway,Good,Clear,Daylight,Motorcycle,2,Wrong Overtaking,0,1,0,1,3,1,Medium
2023,4,Thursday,19,Punjab,Gujranwala,Provincial Highway,Good,Clear,Dawn/Dusk,Motorcycle,2,Signal Violation,1,0,0,0,2,1,Medium
2023,12,Tuesday,12,Punjab,Sargodha,Provincial Highway,Poor,Foggy,Daylight,Motorcycle,1,Pedestrian Error,1,0,0,1,5,0,High
2021,4,Thursday,9,Balochistan,Gwadar,Urban Road,Good,Clear,Daylight,Motorcycle,1,Mechanical Failure,1,0,0,0,1,0,Low
2018,7,Saturday,16,Punjab,Lahore,Rural Road,Under Repair,Dusty/Smoggy,Daylight,Motorcycle,2,Over Speeding,0,1,0,0,7,4,High
2020,7,Wednesday,17,KPK,Swat,National Highway,Under Repair,Foggy,Daylight,Motorcycle,2,Driver Fatigue,1,0,0,0,6,1,High
2022,4,Friday,13,Punjab,Sheikhupura,Rural Road,Average,Rainy,Daylight,Motorcycle,3,Wrong Overtaking,1,0,0,0,5,1,Medium
2022,7,Sunday,9,Punjab,Rahim Yar Khan,Provincial Highway,Poor,Extreme Heat,No Light,Car/Taxi,3,Wrong Overtaking,1,1,0,0,2,0,Low
2022,10,Monday,21,Sindh,Kashmore,Urban Road,Poor,Clear,No Light,Motorcycle,2,Drunk Driving,0,0,0,0,4,0,Medium
2023,1,Friday,8,KPK,Dera Ismail Khan,Urban Road,Good,Foggy,Daylight,Motorcycle,1,Over Speeding,1,0,0,1,4,0,High
2023,5,Tuesday,23,Punjab,Faisalabad,Rural Road,Good,Foggy,No Light,Motorcycle,1,Wrong Overtaking,0,0,1,0,2,1,Medium
2023,7,Saturday,19,Sindh,Karachi,Provincial Highway,Good,Extreme Heat,No Light,Bus/Coach,1,Over Speeding,1,1,0,0,4,0,Medium
2023,12,Tuesday,7,Balochistan,Sibi,Provincial Highway,Poor,Clear,Daylight,Motorcycle,2,Pedestrian Error,1,0,0,1,3,2,Medium
2020,1,Wednesday,8,KPK,Mansehra,Urban Road,Good,Rainy,Dawn/Dusk,Bus/Coach,2,Over Speeding,1,0,0,1,5,0,Medium
2021,6,Friday,17,Punjab,Faisalabad,Motorway,Poor,Foggy,Daylight,Van/Pickup,2,Driver Fatigue,1,0,0,0,7,2,High
2019,10,Sunday,18,KPK,Nowshera,Rural Road,Good,Rainy,No Light,Car/Taxi,2,Signal Violation,1,1,0,0,2,1,Medium
2021,5,Thursday,8,Sindh,Larkana,Urban Road,Under Repair,Clear,No Light,Car/Taxi,2,Wrong Overtaking,1,0,0,0,1,0,Low
2021,10,Thursday,20,KPK,Bannu,National Highway,Average,Rainy,Street Light,Bus/Coach,3,Over Speeding,1,0,0,0,7,0,High
2019,7,Tuesday,23,Sindh,Nawabshah,Urban Road,Good,Rainy,No Light,Car/Taxi,2,Mechanical Failure,0,0,1,0,1,0,Low
2023,11,Friday,2,Punjab,Sargodha,Rural Road,Good,Clear,Street Light,Motorcycle,2,Mechanical Failure,0,0,1,1,4,0,Medium
2018,6,Saturday,10,Sindh,Sukkur,Motorway,Poor,Clear,Daylight,Motorcycle,3,Over Speeding,0,1,0,0,2,1,High
2023,1,Friday,22,Sindh,Nawabshah,Provincial Highway,Poor,Clear,No Light,Rickshaw,2,Signal Violation,0,0,1,1,2,1,Medium
2019,5,Tuesday,13,Sindh,Karachi,Urban Road,Good,Clear,Daylight,Motorcycle,3,Wrong Overtaking,1,0,0,0,1,0,Medium
2022,11,Sunday,22,Balochistan,Hub,Motorway,Poor,Clear,No Light,Motorcycle,2,Road Condition,0,1,1,1,2,0,Medium
2021,1,Saturday,1,Balochistan,Dera Bugti,Rural Road,Good,Clear,Street Light,Motorcycle,1,Over Speeding,0,1,1,1,7,2,High
2022,2,Saturday,8,Sindh,Mirpur Khas,National Highway,Good,Clear,No Light,Car/Taxi,2,Over Speeding,1,1,0,1,5,0,Medium
2020,12,Tuesday,13,Sindh,Hyderabad,Motorway,Good,Foggy,Daylight,Motorcycle,2,Signal Violation,1,0,0,1,9,2,High
2021,3,Thursday,11,Sindh,Nawabshah,National Highway,Poor,Foggy,No Light,Rickshaw,4,Mechanical Failure,0,0,0,0,4,2,Medium
2020,8,Sunday,12,Sindh,Sukkur,Rural Road,Good,Clear,Dawn/Dusk,Bus/Coach,1,Road Condition,1,1,0,0,0,0,Low
2020,7,Thursday,10,Islamabad,Islamabad,Provincial Highway,Poor,Clear,Daylight,Rickshaw,3,Driver Fatigue,0,0,0,0,2,0,Medium
2021,7,Monday,18,Sindh,Larkana,National Highway,Average,Rainy,Street Light,Motorcycle,2,Signal Violation,1,0,0,0,7,2,High
2020,11,Thursday,7,Punjab,Rawalpindi,Rural Road,Poor,Clear,Daylight,Van/Pickup,2,Road Condition,1,0,0,1,2,0,Low
2021,3,Saturday,19,Sindh,Karachi,National Highway,Average,Clear,Dawn/Dusk,Truck/Lorry,1,Road Condition,1,1,0,0,3,0,Medium
2021,7,Monday,20,Sindh,Karachi,Urban Road,Average,Rainy,No Light,Rickshaw,3,Wrong Overtaking,1,0,0,0,1,1,Low
2018,4,Monday,5,Sindh,Mirpur Khas,National Highway,Poor,Dusty/Smoggy,Dawn/Dusk,Motorcycle,2,Wrong Overtaking,0,0,1,0,8,2,High
2022,2,Friday,16,Sindh,Kashmore,National Highway,Poor,Foggy,Daylight,Van/Pickup,1,Wrong Overtaking,0,0,0,1,4,2,High
2018,1,Sunday,6,Punjab,Sialkot,Provincial Highway,Good,Clear,Daylight,Motorcycle,1,Over Speeding,0,1,0,1,8,1,High
2023,10,Wednesday,10,Punjab,Gujranwala,Rural Road,Average,Foggy,Daylight,Car/Taxi,1,Pedestrian Error,0,0,0,0,1,0,Low
2022,6,Sunday,17,Punjab,Multan,Motorway,Good,Clear,Daylight,Car/Taxi,2,Road Condition,1,1,0,0,4,0,Medium
2023,8,Saturday,13,Sindh,Nawabshah,National Highway,Average,Dusty/Smoggy,Daylight,Truck/Lorry,1,Wrong Overtaking,1,1,0,0,8,4,High
2019,5,Thursday,13,Punjab,Sheikhupura,Urban Road,Poor,Foggy,Daylight,Motorcycle,2,Signal Violation,1,0,0,0,3,1,Medium
2020,4,Thursday,18,KPK,Swat,Urban Road,Average,Dusty/Smoggy,Daylight,Motorcycle,2,Wrong Overtaking,1,0,0,0,0,0,Low
2021,7,Saturday,20,Punjab,Sheikhupura,Provincial Highway,Average,Rainy,Street Light,Motorcycle,2,Over Speeding,1,1,0,0,6,3,High
2021,3,Thursday,17,Balochistan,Dera Bugti,National Highway,Average,Rainy,Daylight,Motorcycle,3,Wrong Overtaking,1,0,0,0,8,0,High
2019,11,Sunday,17,Punjab,Sargodha,Provincial Highway,Good,Clear,Daylight,Rickshaw,2,Road Condition,1,1,0,1,0,0,Low
2018,10,Wednesday,5,Punjab,Multan,Rural Road,Poor,Clear,Dawn/Dusk,Motorcycle,1,Road Condition,0,0,1,0,2,1,Medium
2022,3,Thursday,19,Sindh,Kashmore,National Highway,Average,Dusty/Smoggy,Dawn/Dusk,Motorcycle,1,Drunk Driving,1,0,0,0,11,3,High
2019,12,Tuesday,18,Punjab,Multan,Provincial Highway,Average,Clear,Daylight,Rickshaw,2,Signal Violation,1,0,0,1,5,0,Medium
2020,11,Tuesday,7,Islamabad,Islamabad,National Highway,Average,Clear,No Light,Van/Pickup,1,Signal Violation,1,0,0,1,4,2,Medium
2018,2,Monday,12,Punjab,Rawalpindi,National Highway,Poor,Clear,Daylight,Car/Taxi,3,Over Speeding,1,0,0,1,4,0,Medium
2023,2,Saturday,13,Punjab,Sargodha,National Highway,Good,Extreme Heat,Daylight,Car/Taxi,1,Mechanical Failure,1,1,0,1,1,0,Low
2023,6,Wednesday,21,Islamabad,Islamabad,Rural Road,Under Repair,Clear,Street Light,Motorcycle,2,Mechanical Failure,0,0,0,0,2,0,Low
2018,7,Wednesday,6,Punjab,Multan,Provincial Highway,Poor,Clear,Street Light,Rickshaw,3,Pedestrian Error,0,0,0,0,0,0,Low
2018,12,Thursday,11,Punjab,Rahim Yar Khan,Urban Road,Poor,Clear,Daylight,Motorcycle,4,Wrong Overtaking,0,0,0,1,0,0,Low
2019,5,Sunday,9,Punjab,Multan,Motorway,Average,Dusty/Smoggy,Street Light,Motorcycle,1,Over Speeding,1,1,0,0,9,2,High
2023,7,Thursday,8,Sindh,Jacobabad,National Highway,Poor,Rainy,Daylight,Motorcycle,1,Drunk Driving,1,0,0,0,6,1,High
2023,8,Friday,13,Punjab,Sargodha,Rural Road,Average,Rainy,No Light,Motorcycle,3,Over Speeding,1,0,0,0,1,2,Medium
2018,2,Sunday,18,Sindh,Hyderabad,National Highway,Average,Dusty/Smoggy,Street Light,Car/Taxi,3,Over Speeding,1,1,0,1,2,0,Medium
2021,2,Friday,18,KPK,Charsadda,National Highway,Good,Rainy,Daylight,Car/Taxi,2,Over Speeding,1,0,0,1,11,1,High
2020,3,Thursday,9,Balochistan,Loralai,Urban Road,Poor,Clear,Dawn/Dusk,Motorcycle,2,Over Speeding,1,0,0,0,3,0,Medium
2022,7,Saturday,16,Punjab,Lahore,Urban Road,Average,Clear,Daylight,Car/Taxi,2,Road Condition,0,1,0,0,2,0,Low
2023,1,Wednesday,6,Punjab,Rahim Yar Khan,Urban Road,Average,Rainy,Daylight,Motorcycle,2,Signal Violation,0,0,0,1,8,3,High
2023,5,Friday,19,Punjab,Sheikhupura,National Highway,Good,Clear,Street Light,Car/Taxi,1,Wrong Overtaking,1,0,0,0,4,0,Medium
2023,6,Thursday,13,Sindh,Thatta,National Highway,Good,Rainy,Daylight,Other,2,Driver Fatigue,1,0,0,0,4,0,Medium
2023,5,Wednesday,18,Punjab,Lahore,National Highway,Under Repair,Foggy,Daylight,Motorcycle,3,Weather Condition,1,0,0,0,11,4,High
2021,2,Saturday,7,Balochistan,Hub,National Highway,Average,Dusty/Smoggy,Street Light,Bus/Coach,2,Wrong Overtaking,1,1,0,1,2,0,Medium
2022,7,Thursday,2,KPK,Mansehra,Provincial Highway,Good,Clear,Street Light,Truck/Lorry,1,Road Condition,0,0,1,0,0,0,Low
2023,2,Sunday,13,Punjab,Bahawalpur,Rural Road,Poor,Clear,Street Light,Bus/Coach,3,Over Speeding,1,1,0,1,3,1,Medium
2021,7,Sunday,3,Sindh,Kashmore,Motorway,Average,Clear,Street Light,Bicycle,3,Pedestrian Error,0,1,1,0,9,1,High
2022,7,Tuesday,9,Punjab,Sargodha,National Highway,Good,Rainy,Daylight,Bus/Coach,3,Signal Violation,1,0,0,0,3,0,Medium
2019,8,Sunday,6,Punjab,Gujranwala,National Highway,Good,Rainy,Daylight,Bus/Coach,1,Wrong Overtaking,0,1,0,0,3,0,Medium
2018,4,Monday,13,Punjab,Lahore,Urban Road,Average,Clear,Daylight,Motorcycle,2,Over Speeding,1,0,0,0,2,0,Medium
2023,5,Thursday,11,Punjab,Multan,Provincial Highway,Average,Clear,Dawn/Dusk,Car/Taxi,2,Over Speeding,0,0,0,0,5,0,Medium
2021,1,Tuesday,10,Sindh,Dadu,Provincial Highway,Good,Clear,Daylight,Motorcycle,1,Driver Fatigue,0,0,0,1,11,4,High
2018,4,Friday,7,Sindh,Thatta,Motorway,Poor,Rainy,No Light,Rickshaw,1,Over Speeding,1,0,0,0,8,2,High
2023,11,Thursday,9,Punjab,Rahim Yar Khan,Urban Road,Good,Clear,Daylight,Motorcycle,3,Signal Violation,1,0,0,1,0,0,Low
2022,8,Friday,15,Gilgit-Baltistan,Skardu,National Highway,Average,Clear,Daylight,Car/Taxi,1,Over Speeding,0,0,0,0,3,1,Medium
2023,8,Thursday,22,Sindh,Hyderabad,Motorway,Good,Foggy,No Light,Car/Taxi,3,Wrong Overtaking,0,0,1,0,3,2,High
2018,1,Saturday,12,Punjab,Faisalabad,Provincial Highway,Under Repair,Dusty/Smoggy,Street Light,Car/Taxi,2,Mechanical Failure,1,1,0,1,1,0,Low
2020,6,Monday,12,Punjab,Bahawalpur,Urban Road,Average,Foggy,Daylight,Motorcycle,2,Wrong Overtaking,1,0,0,0,4,0,Medium
2021,11,Thursday,21,Sindh,Sukkur,Motorway,Average,Foggy,No Light,Other,3,Pedestrian Error,0,0,0,1,4,0,Medium
2023,7,Tuesday,6,AJK,Muzaffarabad,National Highway,Average,Foggy,Daylight,Rickshaw,4,Pedestrian Error,0,0,0,0,4,0,Medium
2021,4,Thursday,14,Sindh,Dadu,National Highway,Poor,Clear,No Light,Motorcycle,3,Over Speeding,0,0,0,0,11,3,High
2022,6,Monday,17,Islamabad,Islamabad,National Highway,Good,Foggy,Street Light,Motorcycle,1,Over Speeding,1,0,0,0,6,3,High
2018,7,Tuesday,18,Sindh,Hyderabad,National Highway,Good,Clear,Daylight,Other,2,Over Speeding,1,0,0,0,2,1,High
2020,8,Friday,12,Sindh,Thatta,Provincial Highway,Average,Clear,No Light,Car/Taxi,3,Drunk Driving,1,0,0,0,1,0,Medium
2022,5,Wednesday,21,Sindh,Hyderabad,Provincial Highway,Poor,Clear,Street Light,Car/Taxi,1,Over Speeding,0,0,0,0,4,2,Medium
2019,1,Monday,4,KPK,Abbottabad,Urban Road,Average,Rainy,No Light,Rickshaw,1,Driver Fatigue,0,0,1,1,11,2,High
2021,5,Saturday,6,Punjab,Sargodha,Provincial Highway,Under Repair,Foggy,Daylight,Car/Taxi,1,Pedestrian Error,0,1,0,0,1,0,Low
2018,6,Monday,9,Balochistan,Loralai,Urban Road,Average,Clear,Daylight,Motorcycle,2,Driver Fatigue,1,0,0,0,5,1,Medium
2022,8,Wednesday,19,Punjab,Gujranwala,National Highway,Under Repair,Rainy,Dawn/Dusk,Car/Taxi,1,Weather Condition,1,0,0,0,3,1,Medium