year,month,day_of_week,hour_of_day,province,district,road_type,road_condition,weather_condition,lighting_condition,vehicle_type,vehicles_involved,accident_cause,is_rush_hour,is_weekend,is_night,is_foggy_month,num_injured,num_killed,severity
2022,1,Saturday,9,Sindh,Karachi,Urban Road,Average,Clear,Daylight,Car/Taxi,1,Road Condition,1,1,0,1,0,0,Low
2022,1,Friday,21,Sindh,Hyderabad,Motorway,Poor,Foggy,Street Light,Car/Taxi,1,Signal Violation,0,0,0,1,1,0,Medium
2021,1,Sunday,15,Sindh,Jacobabad,National Highway,Average,Rainy,Daylight,Motorcycle,1,Driver Fatigue,0,1,0,1,11,1,High
2022,9,Sunday,6,Punjab,Bahawalpur,Provincial Highway,Good,Clear,Daylight,Car/Taxi,3,Wrong Overtaking,0,1,0,0,2,0,Medium
2019,1,Saturday,17,Sindh,Nawabshah,Urban Road,Good,Clear,Daylight,Rickshaw,3,Signal Violation,1,1,0,1,1,0,Low
2019,7,Thursday,16,Sindh,Sukkur,National Highway,Poor,Dusty/Smoggy,Daylight,Motorcycle,2,Over Speeding,0,0,0,0,4,1,High
2021,6,Thursday,19,KPK,Abbottabad,National Highway,Average,Clear,No Light,Bus/Coach,2,Drunk Driving,1,0,0,0,3,0,Medium
2021,2,Sunday,14,KPK,Bannu,Motorway,Average,Dusty/Smoggy,Daylight,Bicycle,2,Wrong Overtaking,0,1,0,1,4,0,High
2023,6,Thursday,11,KPK,Abbottabad,Urban Road,Poor,Clear,No Light,Motorcycle,2,Drunk Driving,0,0,0,0,7,2,High
2022,5,Saturday,7,Punjab,Sialkot,Rural Road,Good,Clear,Daylight,Motorcycle,2,Over Speeding,1,1,0,0,2,0,Medium
2023,11,Sunday,20,Gilgit-Baltistan,Hunza,Motorway,Under Repair,Clear,No Light,Car/Taxi,1,Mechanical Failure,1,1,0,1,2,0,Low
2023,5,Thursday,17,Balochistan,Dera Bugti,National Highway,Poor,Foggy,Dawn/Dusk,Car/Taxi,1,Mechanical Failure,1,0,0,0,2,0,Medium
2021,12,Thursday,7,Punjab,Rawalpindi,Rural Road,Average,Foggy,Daylight,Rickshaw,1,Wrong Overtaking,1,0,0,1,2,0,Low
2021,5,Saturday,16,Punjab,Sheikhupura,National Highway,Poor,Foggy,Daylight,Rickshaw,2,Over Speeding,0,1,0,0,2,0,Medium
2018,6,Thursday,19,Punjab,Bahawalpur,Rural Road,Good,Clear,Dawn/Dusk,Car/Taxi,2,Mechanical Failure,1,0,0,0,0,0,Low
2018,12,Saturday,11,Sindh,Jacobabad,Rural Road,Poor,Clear,Daylight,Bus/Coach,1,Over Speeding,0,1,0,1,2,0,Low
2023,6,Saturday,3,Balochistan,Khuzdar,Motorway,Under Repair,Extreme Heat,Street Light,Motorcycle,1,Signal Violation,0,1,1,0,8,0,High
2018,5,Sunday,6,KPK,Kohat,Motorway,Average,Clear,Daylight,Motorcycle,1,Wrong Overtaking,0,1,0,0,8,1,High
2022,7,Sunday,20,Balochistan,Quetta,Urban Road,Average,Clear,Street Light,Car/Taxi,2,Over Speeding,1,1,0,0,2,0,Low
2022,12,Saturday,12,Punjab,Faisalabad,Urban Road,Poor,Dusty/Smoggy,Street Light,Motorcycle,2,Wrong Overtaking,1,1,0,1,1,0,Medium
2022,6,Saturday,15,Sindh,Dadu,Rural Road,Good,Extreme Heat,Daylight,Rickshaw,2,Signal Violation,0,1,0,0,2,0,Low
2023,6,Saturday,14,Punjab,Rawalpindi,Rural Road,Average,Clear,Daylight,Van/Pickup,1,Over Speeding,0,1,0,0,2,0,Low
2020,6,Wednesday,6,Punjab,Gujranwala,Provincial Highway,Poor,Clear,Dawn/Dusk,Car/Taxi,1,Driver Fatigue,0,0,0,0,2,1,Medium
2021,3,Friday,10,KPK,Swat,National Highway,Good,Rainy,Daylight,Motorcycle,3,Driver Fatigue,0,0,0,0,6,2,High
2022,2,Saturday,12,Punjab,Bahawalpur,Rural Road,Good,Clear,Street Light,Rickshaw,2,Over Speeding,1,1,0,1,1,0,Low
2022,2,Sunday,21,KPK,Peshawar,Urban Road,Good,Clear,Street Light,Car/Taxi,3,Signal Violation,0,1,0,1,1,1,Low
2021,8,Saturday,4,Sindh,Nawabshah,Urban Road,Poor,Clear,Street Light,Car/Taxi,3,Over Speeding,0,1,1,0,0,0,Low
2022,9,Monday,19,KPK,Mansehra,Provincial Highway,Good,Clear,Daylight,Rickshaw,1,Over Speeding,1,0,0,0,2,0,Low
2019,5,Friday,11,Punjab,Bahawalpur,Rural Road,Poor,Foggy,Daylight,Motorcycle,1,Wrong Overtaking,0,0,0,0,5,2,Medium
2021,9,Thursday,18,KPK,Peshawar,Rural Road,Poor,Clear,Daylight,Motorcycle,4,Signal Violation,1,0,0,0,2,0,Low
2022,12,Wednesday,7,Gilgit-Baltistan,Gilgit,National Highway,Good,Clear,Daylight,Car/Taxi,2,Mechanical Failure,1,0,0,1,2,0,Low
2018,6,Thursday,16,Balochistan,Sibi,National Highway,Good,Clear,Daylight,Motorcycle,1,Over Speeding,0,0,0,0,8,2,High
2023,5,Monday,7,KPK,Mansehra,Provincial Highway,Poor,Clear,Daylight,Motorcycle,4,Signal Violation,1,0,0,0,4,0,High
2018,7,Tuesday,20,KPK,Nowshera,Urban Road,Average,Clear,Street Light,Car/Taxi,4,Signal Violation,1,0,0,0,0,0,Low
2020,5,Saturday,8,Sindh,Karachi,National Highway,Good,Clear,Dawn/Dusk,Car/Taxi,2,Signal Violation,1,1,0,0,2,0,Medium
2023,3,Sunday,12,KPK,Dera Ismail Khan,Provincial Highway,Good,Clear,Street Light,Car/Taxi,2,Signal Violation,1,1,0,0,0,1,Low
2023,6,Wednesday,13,KPK,Swat,National Highway,Good,Clear,Daylight,Motorcycle,1,Over Speeding,1,0,0,0,4,3,High
2023,4,Tuesday,9,Sindh,Jacobabad,Provincial Highway,Good,Dusty/Smoggy,Daylight,Rickshaw,2,Mechanical Failure,1,0,0,0,0,0,Low
2022,7,Sunday,12,KPK,Swat,Urban Road,Good,Clear,Daylight,Rickshaw,2,Mobile Phone Use,1,1,0,0,0,0,Low
2018,5,Saturday,22,Sindh,Mirpur Khas,National Highway,Poor,Clear,No Light,Car/Taxi,2,Over Speeding,0,1,1,0,6,0,High
2018,7,Monday,14,Punjab,Lahore,Rural Road,Good,Clear,Street Light,Van/Pickup,1,Weather Condition,0,0,0,0,1,1,Low
2021,4,Wednesday,1,Sindh,Sukkur,Rural Road,Average,Clear,Street Light,Motorcycle,2,Over Speeding,0,0,1,0,4,0,High
2018,7,Saturday,20,Punjab,Bahawalpur,Urban Road,Average,Clear,Street Light,Motorcycle,3,Wrong Overtaking,1,1,0,0,3,0,Medium
2019,2,Saturday,7,Punjab,Sheikhupura,National Highway,Average,Clear,Daylight,Motorcycle,2,Over Speeding,1,1,0,1,6,1,High
2022,6,Tuesday,18,Punjab,Bahawalpur,Provincial Highway,Good,Clear,Daylight,Rickshaw,1,Wrong Overtaking,1,0,0,0,1,1,Low
2021,11,Monday,13,Punjab,Multan,Urban Road,Good,Foggy,Daylight,Van/Pickup,1,Mechanical Failure,1,0,0,1,1,0,Low
2023,1,Sunday,7,KPK,Dera Ismail Khan,National Highway,Average,Foggy,Dawn/Dusk,Car/Taxi,2,Driver Fatigue,1,1,0,1,3,0,Medium
2018,9,Thursday,11,Sindh,Karachi,Rural Road,Average,Dusty/Smoggy,Daylight,Car/Taxi,1,Signal Violation,0,0,0,0,2,0,Low
2023,4,Friday,19,Punjab,Multan,National Highway,Poor,Rainy,Dawn/Dusk,Other,3,Over Speeding,1,0,0,0,1,1,Medium
2020,3,Tuesday,14,Sindh,Nawabshah,National Highway,Good,Foggy,Daylight,Car/Taxi,2,Mobile Phone Use,0,0,0,0,3,0,Medium
2018,11,Tuesday,15,Punjab,Faisalabad,Provincial Highway,Average,Clear,Daylight,Car/Taxi,1,Road Condition,0,0,0,1,0,0,Low
2022,7,Monday,13,Sindh,Jacobabad,Motorway,Poor,Foggy,Daylight,Car/Taxi,2,Over Speeding,1,0,0,0,4,2,High
2022,6,Saturday,19,Punjab,Rawalpindi,Urban Road,Under Repair,Clear,Street Light,Car/Taxi,2,Signal Violation,1,1,0,0,0,0,Low
2019,1,Friday,21,Islamabad,Islamabad,National Highway,Average,Foggy,No Light,Car/Taxi,1,Wrong Overtaking,0,0,0,1,11,2,High
2022,6,Friday,16,Punjab,Bahawalpur,Provincial Highway,Average,Clear,Street Light,Bicycle,1,Road Condition,0,0,0,0,5,1,Medium
2023,7,Monday,22,KPK,Swat,Urban Road,Poor,Clear,Street Light,Motorcycle,1,Over Speeding,0,0,1,0,5,0,Medium
2023,12,Sunday,16,Balochistan,Sibi,Urban Road,Average,Clear,Daylight,Car/Taxi,3,Wrong Overtaking,0,1,0,1,0,1,Low
2023,10,Sunday,19,Islamabad,Islamabad,Provincial Highway,Average,Clear,Dawn/Dusk,Truck/Lorry,3,Over Speeding,1,1,0,0,3,0,Medium
2023,12,Thursday,14,Punjab,Lahore,National Highway,Average,Clear,Daylight,Motorcycle,1,Wrong Overtaking,0,0,0,1,3,1,High
2021,5,Wednesday,21,Sindh,Kashmore,Provincial Highway,Poor,Rainy,No Light,Bus/Coach,1,Over Speeding,0,0,0,0,3,0,Medium
2021,10,Tuesday,19,Punjab,Lahore,Urban Road,Average,Foggy,Street Light,Motorcycle,1,Over Speeding,1,0,0,0,5,0,High
2023,4,Tuesday,10,Sindh,Mirpur Khas,Urban Road,Average,Clear,Daylight,Motorcycle,3,Over Speeding,0,0,0,0,9,2,High
2022,8,Monday,8,Punjab,Sheikhupura,Provincial Highway,Good,Dusty/Smoggy,Daylight,Motorcycle,3,Over Speeding,1,0,0,0,3,0,Medium
2019,2,Saturday,11,KPK,Mansehra,Rural Road,Poor,Clear,Daylight,Car/Taxi,3,Over Speeding,0,1,0,1,1,0,Low
2020,6,Sunday,6,Punjab,Faisalabad,Motorway,Poor,Rainy,Daylight,Motorcycle,2,Over Speeding,0,1,0,0,10,1,High
2021,7,Thursday,17,Sindh,Dadu,Rural Road,Average,Clear,No Light,Motorcycle,2,Signal Violation,1,0,0,0,1,0,Medium
2022,1,Sunday,7,Sindh,Jacobabad,National Highway,Poor,Dusty/Smoggy,Dawn/Dusk,Rickshaw,2,Weather Condition,1,1,0,1,0,0,Low
2019,6,Saturday,18,AJK,Muzaffarabad,Rural Road,Poor,Dusty/Smoggy,Daylight,Rickshaw,2,Over Speeding,1,1,0,0,1,1,Low
2021,1,Monday,10,Sindh,Jacobabad,Provincial Highway,Under Repair,Clear,Daylight,Car/Taxi,2,Drunk Driving,0,0,0,1,3,0,Medium
2020,9,Friday,10,Punjab,Sheikhupura,National Highway,Average,Clear,Dawn/Dusk,Truck/Lorry,1,Mechanical Failure,0,0,0,0,3,0,Medium
2018,8,Thursday,8,Punjab,Bahawalpur,Rural Road,Poor,Clear,Daylight,Car/Taxi,2,Over Speeding,1,0,0,0,0,0,Low
2020,6,Wednesday,12,Punjab,Bahawalpur,Provincial Highway,Good,Clear,Daylight,Motorcycle,1,Over Speeding,1,0,0,0,7,2,High
2019,8,Friday,18,KPK,Bannu,National Highway,Good,Extreme Heat,Daylight,Motorcycle,1,Over Speeding,1,0,0,0,7,3,High
2020,6,Thursday,10,KPK,Abbottabad,Urban Road,Average,Clear,Daylight,Other,3,Over Speeding,0,0,0,0,4,0,Medium
2021,6,Sunday,14,Sindh,Karachi,National Highway,Good,Rainy,Daylight,Truck/Lorry,2,Driver Fatigue,0,1,0,0,2,1,High
2020,11,Monday,0,Punjab,Multan,Provincial Highway,Good,Clear,No Light,Other,1,Wrong Overtaking,0,0,1,1,5,0,Medium
2022,6,Sunday,20,KPK,Bannu,Provincial Highway,Poor,Foggy,No Light,Car/Taxi,4,Over Speeding,1,1,0,0,2,0,High
2022,3,Friday,10,Sindh,Kashmore,Provincial Highway,Under Repair,Clear,Daylight,Motorcycle,1,Wrong Overtaking,0,0,0,0,5,0,Medium
2023,2,Sunday,22,Islamabad,Islamabad,Provincial Highway,Poor,Dusty/Smoggy,Street Light,Motorcycle,1,Over Speeding,0,1,1,1,5,2,High
2018,6,Friday,18,Sindh,Karachi,Urban Road,Poor,Rainy,Dawn/Dusk,Motorcycle,3,Signal Violation,1,0,0,0,4,0,Medium
2022,11,Monday,15,Punjab,Rahim Yar Khan,National Highway,Poor,Dusty/Smoggy,Daylight,Bicycle,4,Over Speeding,0,0,0,1,9,1,High
2018,2,Wednesday,21,Punjab,Lahore,Provincial Highway,Average,Clear,No Light,Motorcycle,3,Over Speeding,0,0,0,1,10,0,High
2023,9,Saturday,12,Punjab,Sialkot,Provincial Highway,Average,Clear,Daylight,Van/Pickup,2,Over Speeding,1,1,0,0,1,0,Low
2021,10,Thursday,13,KPK,Swat,Provincial Highway,Average,Foggy,Daylight,Car/Taxi,2,Driver Fatigue,1,0,0,0,2,0,Medium
2023,9,Saturday,21,KPK,Peshawar,Urban Road,Good,Rainy,No Light,Van/Pickup,2,Drunk Driving,0,1,0,0,2,0,Medium
2023,6,Tuesday,11,Punjab,Multan,Urban Road,Average,Foggy,Daylight,Motorcycle,2,Wrong Overtaking,0,0,0,0,8,0,High
2020,6,Thursday,13,Punjab,Sialkot,Provincial Highway,Good,Foggy,No Light,Bus/Coach,1,Mechanical Failure,1,0,0,0,2,0,Low
2021,8,Sunday,8,Punjab,Bahawalpur,Rural Road,Good,Foggy,Daylight,Bus/Coach,2,Signal Violation,1,1,0,0,1,0,Medium
2019,10,Sunday,17,Balochistan,Sibi,National Highway,Poor,Extreme Heat,Daylight,Motorcycle,1,Wrong Overtaking,1,1,0,0,4,2,Medium
2021,2,Saturday,21,Punjab,Rahim Yar Khan,Provincial Highway,Poor,Rainy,No Light,Motorcycle,4,Over Speeding,0,1,0,1,9,1,High
2023,11,Friday,16,Punjab,Sialkot,Urban Road,Good,Clear,Dawn/Dusk,Truck/Lorry,2,Pedestrian Error,0,0,0,1,1,0,Low
2020,5,Saturday,22,Punjab,Faisalabad,Rural Road,Poor,Foggy,Street Light,Bus/Coach,1,Mechanical Failure,0,1,1,0,4,0,Medium
2019,1,Wednesday,15,Punjab,Sialkot,Rural Road,Average,Foggy,Dawn/Dusk,Motorcycle,3,Wrong Overtaking,0,0,0,1,5,0,Medium
2020,11,Tuesday,12,KPK,Peshawar,National Highway,Good,Clear,Daylight,Rickshaw,2,Over Speeding,1,0,0,1,1,1,Medium
2019,4,Wednesday,7,Balochistan,Quetta,National Highway,Good,Rainy,Daylight,Motorcycle,1,Road Condition,1,0,0,0,3,0,Medium
2022,12,Monday,17,Punjab,Lahore,Urban Road,Poor,Foggy,Dawn/Dusk,Car/Taxi,1,Over Speeding,1,0,0,1,1,0,Low
2020,1,Tuesday,23,KPK,Mansehra,Provincial Highway,Under Repair,Clear,Street Light,Truck/Lorry,2,Wrong Overtaking,0,0,1,1,4,0,Medium
2018,12,Sunday,13,Punjab,Sargodha,Provincial Highway,Average,Rainy,Street Light,Car/Taxi,3,Wrong Overtaking,1,1,0,1,2,0,Low
2021,10,Friday,8,AJK,Muzaffarabad,National Highway,Good,Clear,Daylight,Car/Taxi,2,Road Condition,1,0,0,0,0,0,Low
2021,12,Monday,18,Punjab,Rawalpindi,Provincial Highway,Under Repair,Clear,Daylight,Rickshaw,2,Wrong Overtaking,1,0,0,1,0,0,Low
2023,6,Sunday,9,Punjab,Rawalpindi,Provincial Highway,Good,Foggy,Dawn/Dusk,Van/Pickup,2,Road Condition,1,1,0,0,0,1,Low
2022,7,Wednesday,17,Sindh,Jacobabad,National Highway,Under Repair,Clear,Dawn/Dusk,Motorcycle,4,Driver Fatigue,1,0,0,0,9,0,High
2018,1,Wednesday,21,Punjab,Multan,National Highway,Good,Dusty/Smoggy,No Light,Motorcycle,2,Over Speeding,0,0,0,1,5,1,High
2020,12,Monday,13,Punjab,Sheikhupura,Urban Road,Good,Clear,Street Light,Truck/Lorry,1,Road Condition,1,0,0,1,0,0,Low
2018,4,Wednesday,7,KPK,Bannu,Motorway,Average,Clear,Daylight,Motorcycle,1,Signal Violation,1,0,0,0,5,2,High
2018,12,Sunday,7,KPK,Dera Ismail Khan,Provincial Highway,Good,Clear,Street Light,Car/Taxi,2,Signal Violation,1,1,0,1,4,2,Medium
2021,7,Thursday,17,Sindh,Larkana,Urban Road,Good,Foggy,Daylight,Car/Taxi,2,Over Speeding,1,0,0,0,0,0,Low
2022,3,Monday,9,KPK,Abbottabad,Rural Road,Under Repair,Rainy,Dawn/Dusk,Motorcycle,3,Signal Violation,1,0,0,0,2,1,Medium
2023,10,Wednesday,20,Sindh,Nawabshah,Provincial Highway,Good,Dusty/Smoggy,No Light,Motorcycle,1,Over Speeding,1,0,0,0,10,1,High
2018,11,Sunday,23,Sindh,Dadu,Provincial Highway,Poor,Extreme Heat,No Light,Motorcycle,2,Road Condition,0,1,1,1,1,0,Medium
2022,9,Sunday,13,Sindh,Kashmore,Rural Road,Average,Clear,Daylight,Van/Pickup,3,Over Speeding,1,1,0,0,0,0,Low
2018,3,Tuesday,8,KPK,Charsadda,National Highway,Good,Clear,Daylight,Car/Taxi,2,Over Speeding,1,0,0,0,2,0,Medium
2020,12,Sunday,0,Punjab,Sargodha,Provincial Highway,Poor,Clear,Street Light,Rickshaw,3,Over Speeding,0,1,1,1,2,0,Medium
2018,6,Sunday,20,Punjab,Sargodha,Urban Road,Good,Foggy,Street Light,Car/Taxi,1,Over Speeding,1,1,0,0,3,1,Medium
2021,11,Thursday,8,Sindh,Mirpur Khas,Urban Road,Good,Rainy,Dawn/Dusk,Motorcycle,2,Mobile Phone Use,1,0,0,1,4,0,Medium
2018,9,Friday,10,Sindh,Dadu,National Highway,Average,Clear,Daylight,Car/Taxi,1,Road Condition,0,0,0,0,2,0,Low
2022,8,Wednesday,16,KPK,Mardan,National Highway,Average,Clear,Daylight,Car/Taxi,1,Pedestrian Error,0,0,0,0,1,0,Low
2019,5,Sunday,1,Punjab,Gujranwala,National Highway,Under Repair,Clear,Street Light,Truck/Lorry,2,Signal Violation,0,1,1,0,9,2,High
2020,9,Sunday,20,Punjab,Gujranwala,Rural Road,Good,Extreme Heat,No Light,Car/Taxi,2,Drunk Driving,1,1,0,0,2,0,Low
2022,4,Saturday,16,Punjab,Gujranwala,Motorway,Poor,Dusty/Smoggy,Daylight,Car/Taxi,2,Signal Violation,0,1,0,0,2,0,Medium
2022,11,Saturday,22,Punjab,Bahawalpur,Urban Road,Poor,Extreme Heat,Street Light,Motorcycle,4,Wrong Overtaking,0,1,1,1,5,0,High
2018,7,Friday,11,KPK,Peshawar,Urban Road,Average,Extreme Heat,Daylight,Motorcycle,3,Over Speeding,0,0,0,0,5,0,Medium
2022,12,Saturday,19,Sindh,Larkana,Motorway,Average,Foggy,Daylight,Rickshaw,1,Over Speeding,1,1,0,1,11,0,High
2022,2,Friday,18,KPK,Peshawar,National Highway,Good,Foggy,Daylight,Motorcycle,2,Over Speeding,1,0,0,1,7,2,High
2019,7,Monday,8,Punjab,Gujranwala,National Highway,Good,Clear,Daylight,Truck/Lorry,1,Signal Violation,1,0,0,0,3,1,Medium
2020,2,Tuesday,23,Balochistan,Loralai,National Highway,Under Repair,Foggy,Street Light,Truck/Lorry,2,Pedestrian Error,0,0,1,1,9,1,High
2018,9,Friday,19,AJK,Mirpur,Provincial Highway,Good,Clear,Street Light,Rickshaw,2,Wrong Overtaking,1,0,0,0,1,0,Low
2022,3,Sunday,23,KPK,Mardan,Urban Road,Good,Clear,No Light,Rickshaw,2,Over Speeding,0,1,1,0,4,2,Medium
2023,1,Tuesday,18,Balochistan,Loralai,Provincial Highway,Good,Foggy,Street Light,Bus/Coach,1,Over Speeding,1,0,0,1,5,1,Medium
2020,10,Thursday,18,Sindh,Hyderabad,Provincial Highway,Average,Clear,Daylight,Motorcycle,2,Signal Violation,1,0,0,0,2,1,Medium
2022,5,Tuesday,17,Islamabad,Islamabad,National Highway,Good,Foggy,No Light,Bus/Coach,2,Weather Condition,1,0,0,0,1,1,Medium
2020,3,Sunday,10,KPK,Mardan,Rural Road,Under Repair,Dusty/Smoggy,Daylight,Motorcycle,4,Wrong Overtaking,0,1,0,0,3,0,Medium
2023,2,Friday,18,Gilgit-Baltistan,Hunza,Urban Road,Good,Foggy,Daylight,Bicycle,1,Pedestrian Error,1,0,0,1,0,1,Low
2021,3,Tuesday,14,Sindh,Nawabshah,Provincial Highway,Poor,Clear,Daylight,Car/Taxi,2,Over Speeding,0,0,0,0,2,0,Low
2023,1,Wednesday,6,KPK,Kohat,Urban Road,Under Repair,Clear,No Light,Motorcycle,3,Over Speeding,0,0,0,1,3,1,Medium
2021,7,Wednesday,7,Sindh,Karachi,Rural Road,Good,Clear,Daylight,Motorcycle,2,Over Speeding,1,0,0,0,2,0,Medium
2020,2,Sunday,15,Punjab,Sargodha,Urban Road,Good,Dusty/Smoggy,Dawn/Dusk,Bicycle,2,Signal Violation,0,1,0,1,5,2,Medium
2020,3,Saturday,12,Punjab,Faisalabad,Urban Road,Average,Clear,Daylight,Car/Taxi,2,Pedestrian Error,1,1,0,0,1,0,Low
2023,7,Wednesday,11,Balochistan,Turbat,National Highway,Under Repair,Clear,Daylight,Motorcycle,3,Driver Fatigue,0,0,0,0,6,2,High
2020,9,Friday,7,Punjab,Rawalpindi,Rural Road,Good,Rainy,Dawn/Dusk,Car/Taxi,3,Wrong Overtaking,1,0,0,0,1,0,Medium
2021,4,Saturday,12,Sindh,Dadu,Rural Road,Poor,Clear,Daylight,Motorcycle,4,Road Condition,1,1,0,0,2,1,Low
2022,12,Sunday,8,Punjab,Lahore,National Highway,Average,Clear,Daylight,Motorcycle,2,Over Speeding,1,1,0,1,6,2,High
2021,8,Tuesday,23,Punjab,Bahawalpur,Rural Road,Poor,Clear,No Light,Motorcycle,2,Mechanical Failure,0,0,1,0,4,1,Medium
2021,8,Sunday,21,Balochistan,Turbat,National Highway,Under Repair,Clear,No Light,Car/Taxi,2,Road Condition,0,1,0,0,3,0,Medium
2021,12,Wednesday,20,Balochistan,Sibi,National Highway,Poor,Dusty/Smoggy,Street Light,Bus/Coach,2,Wrong Overtaking,1,0,0,1,3,2,Medium
2023,1,Friday,21,Sindh,Mirpur Khas,Provincial Highway,Good,Clear,No Light,Motorcycle,2,Over Speeding,0,0,0,1,3,0,Medium
2023,2,Wednesday,18,Punjab,Sheikhupura,Rural Road,Good,Foggy,Daylight,Car/Taxi,1,Over Speeding,1,0,0,1,2,0,Low
2019,12,Friday,16,Sindh,Kashmore,Urban Road,Poor,Foggy,Daylight,Rickshaw,2,Over Speeding,0,0,0,1,2,1,Low
2020,3,Friday,9,Punjab,Sheikhupura,Rural Road,Under Repair,Extreme Heat,Daylight,Bicycle,1,Wrong Overtaking,1,0,0,0,1,0,Medium
2022,12,Monday,18,Punjab,Gujranwala,National Highway,Good,Extreme Heat,Daylight,Rickshaw,1,Road Condition,1,0,0,1,0,0,Low
2019,12,Monday,18,Punjab,Faisalabad,Provincial Highway,Good,Foggy,Daylight,Car/Taxi,2,Over Speeding,1,0,0,1,5,2,Medium
2023,9,Saturday,10,Sindh,Dadu,Provincial Highway,Poor,Clear,Daylight,Motorcycle,1,Over Speeding,0,1,0,0,5,0,Medium
2021,11,Saturday,17,Punjab,Bahawalpur,Provincial Highway,Poor,Rainy,Daylight,Motorcycle,1,Pedestrian Error,1,1,0,1,6,3,High
2023,2,Saturday,7,KPK,Abbottabad,Motorway,Good,Rainy,Daylight,Motorcycle,1,Wrong Overtaking,1,1,0,1,4,3,High
2018,5,Saturday,19,Punjab,Lahore,Provincial Highway,Average,Foggy,Street Light,Motorcycle,2,Driver Fatigue,1,1,0,0,9,0,High
2021,12,Saturday,21,Sindh,Mirpur Khas,National Highway,Good,Clear,No Light,Car/Taxi,2,Road Condition,0,1,0,1,2,1,Medium
2023,2,Saturday,20,Punjab,Faisalabad,Urban Road,Average,Rainy,Street Light,Motorcycle,2,Road Condition,1,1,0,1,3,1,Medium
2020,8,Sunday,13,Gilgit-Baltistan,Gilgit,National Highway,Poor,Clear,Street Light,Rickshaw,1,Over Speeding,1,1,0,0,4,2,High
2023,3,Wednesday,0,Sindh,Mirpur Khas,National Highway,Good,Clear,Street Light,Truck/Lorry,1,Road Condition,0,0,1,0,8,2,High
2022,8,Monday,6,Punjab,Sargodha,Urban Road,Poor,Dusty/Smoggy,Daylight,Bus/Coach,4,Over Speeding,0,0,0,0,1,0,Medium
2023,12,Wednesday,6,Sindh,Karachi,Urban Road,Good,Clear,Daylight,Motorcycle,3,Signal Violation,0,0,0,1,3,0,Medium
2023,2,Tuesday,12,Balochistan,Quetta,Provincial Highway,Average,Extreme Heat,Daylight,Van/Pickup,1,Mechanical Failure,1,0,0,1,2,0,Low
2023,11,Monday,18,KPK,Charsadda,Provincial Highway,Average,Dusty/Smoggy,Daylight,Bus/Coach,1,Drunk Driving,1,0,0,1,3,0,Medium
2023,6,Thursday,7,KPK,Charsadda,National Highway,Good,Rainy,Daylight,Truck/Lorry,2,Pedestrian Error,1,0,0,0,5,0,Medium
2019,1,Wednesday,18,Punjab,Bahawalpur,Rural Road,Good,Extreme Heat,Daylight,Car/Taxi,2,Pedestrian Error,1,0,0,1,0,0,Low
2018,11,Saturday,12,Sindh,Jacobabad,Rural Road,Good,Dusty/Smoggy,Street Light,Motorcycle,1,Over Speeding,1,1,0,1,4,4,High
2023,7,Thursday,21,KPK,Kohat,National Highway,Good,Extreme Heat,Street Light,Motorcycle,2,Signal Violation,0,0,0,0,3,0,High
2019,11,Sunday,20,Sindh,Karachi,Provincial Highway,Good,Extreme Heat,No Light,Bicycle,3,Driver Fatigue,1,1,0,1,5,0,Medium
2022,2,Wednesday,16,Balochistan,Chaman,Provincial Highway,Good,Clear,Daylight,Car/Taxi,4,Wrong Overtaking,0,0,0,1,1,0,Low
2023,10,Thursday,12,Punjab,Rahim Yar Khan,Rural Road,Poor,Foggy,No Light,Rickshaw,1,Mechanical Failure,1,0,0,0,1,0,Low
2020,7,Saturday,16,Punjab,Sargodha,Rural Road,Poor,Foggy,Daylight,Rickshaw,2,Mobile Phone Use,0,1,0,0,2,0,Low
2022,4,Thursday,18,Balochistan,Khuzdar,National Highway,Average,Clear,Daylight,Car/Taxi,3,Mechanical Failure,1,0,0,0,2,0,Low
2021,12,Friday,1,Sindh,Jacobabad,National Highway,Good,Clear,No Light,Bus/Coach,2,Over Speeding,0,0,1,1,8,2,High
2023,2,Monday,18,Punjab,Gujranwala,National Highway,Good,Rainy,Street Light,Car/Taxi,2,Drunk Driving,1,0,0,1,4,0,Medium
2020,3,Monday,14,Punjab,Rahim Yar Khan,National Highway,Average,Foggy,Daylight,Bus/Coach,3,Over Speeding,0,0,0,0,6,0,High
2023,8,Sunday,16,Balochistan,Dera Bugti,Urban Road,Good,Extreme Heat,Daylight,Motorcycle,1,Over Speeding,0,1,0,0,4,0,Medium
2021,10,Thursday,21,Punjab,Rahim Yar Khan,Provincial Highway,Average,Extreme Heat,No Light,Motorcycle,4,Mobile Phone Use,0,0,0,0,2,0,Low
2019,8,Sunday,18,Punjab,Multan,Motorway,Average,Clear,Daylight,Motorcycle,3,Wrong Overtaking,1,1,0,0,3,2,High
2020,2,Monday,6,Punjab,Lahore,National Highway,Poor,Clear,Daylight,Motorcycle,1,Signal Violation,0,0,0,1,3,0,Medium
2021,2,Sunday,20,Balochistan,Dera Bugti,Urban Road,Under Repair,Foggy,No Light,Bus/Coach,1,Pedestrian Error,1,1,0,1,0,0,Low
2020,5,Saturday,17,Balochistan,Turbat,Provincial Highway,Average,Foggy,Daylight,Truck/Lorry,1,Mechanical Failure,1,1,0,0,0,0,Low
2022,11,Thursday,18,Sindh,Hyderabad,Provincial Highway,Under Repair,Dusty/Smoggy,Daylight,Car/Taxi,2,Signal Violation,1,0,0,1,4,0,Medium