year,month,day_of_week,hour_of_day,province,district,road_type,road_condition,weather_condition,lighting_condition,vehicle_type,vehicles_involved,accident_cause,is_rush_hour,is_weekend,is_night,is_foggy_month,num_injured,num_killed,severity
2022,7,Thursday,20,Sindh,Kashmore,Urban Road,Average,Rainy,No Light,Car/Taxi,1,Wrong Overtaking,1,0,0,0,5,0,Medium
2022,4,Tuesday,11,Punjab,Faisalabad,National Highway,Good,Clear,Daylight,Car/Taxi,2,Mechanical Failure,0,0,0,0,5,0,Medium
2022,6,Wednesday,15,Punjab,Sheikhupura,Urban Road,Good,Clear,Daylight,Motorcycle,2,Road Condition,0,0,0,0,5,1,Medium
2022,12,Friday,11,KPK,Mansehra,Motorway,Poor,Foggy,Daylight,Car/Taxi,2,Signal Violation,0,0,0,1,5,1,High
2021,2,Sunday,9,Punjab,Gujranwala,Provincial Highway,Poor,Clear,Daylight,Motorcycle,1,Wrong Overtaking,1,1,0,1,1,0,Medium
2020,2,Friday,16,Sindh,Kashmore,Provincial Highway,Average,Clear,Daylight,Truck/Lorry,1,Signal Violation,0,0,0,1,1,0,Medium
2022,1,Tuesday,14,Sindh,Larkana,Rural Road,Poor,Clear,Daylight,Motorcycle,2,Wrong Overtaking,0,0,0,1,1,1,Low
2021,5,Wednesday,11,Punjab,Sheikhupura,Provincial Highway,Good,Rainy,Street Light,Motorcycle,2,Wrong Overtaking,0,0,0,0,4,0,Medium
2018,7,Wednesday,11,Sindh,Dadu,Rural Road,Good,Extreme Heat,Daylight,Van/Pickup,3,Wrong Overtaking,0,0,0,0,2,0,Low
2023,7,Tuesday,15,Sindh,Kashmore,Urban Road,Average,Clear,Daylight,Rickshaw,2,Over Speeding,0,0,0,0,1,0,Low
2021,9,Friday,16,KPK,Nowshera,National Highway,Good,Clear,No Light,Motorcycle,3,Road Condition,0,0,0,0,9,4,High
2021,3,Thursday,22,Punjab,Gujranwala,Provincial Highway,Good,Clear,Street Light,Motorcycle,3,Wrong Overtaking,0,0,1,0,7,2,High
2019,4,Thursday,20,Punjab,Sialkot,Provincial Highway,Good,Clear,Street Light,Motorcycle,1,Wrong Overtaking,1,0,0,0,2,1,Medium
2019,7,Wednesday,13,Sindh,Sukkur,National Highway,Average,Rainy,Daylight,Motorcycle,4,Driver Fatigue,1,0,0,0,6,1,High
2022,9,Thursday,7,AJK,Mirpur,Urban Road,Good,Clear,Daylight,Car/Taxi,2,Mobile Phone Use,1,0,0,0,2,0,Low
2023,12,Tuesday,18,Punjab,Rahim Yar Khan,National Highway,Average,Foggy,Dawn/Dusk,Truck/Lorry,3,Wrong Overtaking,1,0,0,1,11,0,High
2021,12,Sunday,8,AJK,Mirpur,Urban Road,Poor,Dusty/Smoggy,Dawn/Dusk,Car/Taxi,4,Pedestrian Error,1,1,0,1,0,0,Low
2021,2,Thursday,16,KPK,Swat,Urban Road,Good,Dusty/Smoggy,Daylight,Car/Taxi,2,Signal Violation,0,0,0,1,2,0,Low
2020,3,Monday,1,KPK,Abbottabad,Urban Road,Good,Clear,Street Light,Bus/Coach,4,Pedestrian Error,0,0,1,0,4,0,Medium
2021,11,Monday,15,Punjab,Multan,Provincial Highway,Poor,Foggy,Daylight,Truck/Lorry,2,Wrong Overtaking,0,0,0,1,4,1,Medium
2022,2,Thursday,16,Punjab,Rahim Yar Khan,Provincial Highway,Average,Clear,Dawn/Dusk,Car/Taxi,3,Over Speeding,0,0,0,1,2,0,Medium
2019,7,Monday,17,Punjab,Lahore,Motorway,Under Repair,Foggy,Daylight,Other,2,Pedestrian Error,1,0,0,0,3,0,Medium
2022,10,Thursday,16,Punjab,Lahore,National Highway,Average,Rainy,Street Light,Motorcycle,3,Wrong Overtaking,0,0,0,0,6,3,High
2022,2,Wednesday,8,AJK,Mirpur,Urban Road,Average,Clear,Street Light,Bicycle,1,Driver Fatigue,1,0,0,1,2,1,High
2021,9,Friday,6,Punjab,Rahim Yar Khan,National Highway,Good,Extreme Heat,Daylight,Car/Taxi,1,Over Speeding,0,0,0,0,2,0,Medium
2020,9,Friday,22,Sindh,Larkana,National Highway,Good,Foggy,Street Light,Car/Taxi,4,Signal Violation,0,0,1,0,5,4,High
2018,6,Monday,15,Punjab,Faisalabad,Urban Road,Good,Foggy,Daylight,Motorcycle,1,Over Speeding,0,0,0,0,1,1,Medium
2021,7,Wednesday,17,KPK,Abbottabad,Rural Road,Poor,Clear,Street Light,Motorcycle,2,Wrong Overtaking,1,0,0,0,2,0,Medium
2021,2,Tuesday,6,Punjab,Bahawalpur,National Highway,Average,Clear,Daylight,Bicycle,3,Over Speeding,0,0,0,1,10,2,High
2019,12,Friday,5,Punjab,Sialkot,Provincial Highway,Poor,Clear,No Light,Motorcycle,3,Over Speeding,0,0,1,1,6,2,High
2021,7,Wednesday,5,Punjab,Faisalabad,Urban Road,Good,Foggy,Dawn/Dusk,Motorcycle,3,Weather Condition,0,0,1,0,5,0,Medium
2023,2,Wednesday,4,KPK,Nowshera,Provincial Highway,Average,Clear,No Light,Motorcycle,2,Over Speeding,0,0,1,1,7,2,High
2021,7,Wednesday,18,Punjab,Faisalabad,Provincial Highway,Average,Clear,Daylight,Motorcycle,2,Mobile Phone Use,1,0,0,0,1,0,Low
2019,1,Friday,14,Punjab,Lahore,Motorway,Good,Clear,Daylight,Motorcycle,1,Over Speeding,0,0,0,1,9,0,High
2018,6,Tuesday,20,Punjab,Gujranwala,Urban Road,Good,Clear,Street Light,Rickshaw,4,Driver Fatigue,1,0,0,0,1,0,Low
2021,6,Monday,21,Islamabad,Islamabad,Rural Road,Good,Clear,Street Light,Other,1,Driver Fatigue,0,0,0,0,3,0,Medium
2023,3,Friday,10,Sindh,Kashmore,Provincial Highway,Average,Foggy,Street Light,Truck/Lorry,2,Over Speeding,0,0,0,0,5,1,High
2021,6,Thursday,12,KPK,Bannu,Provincial Highway,Poor,Clear,Street Light,Car/Taxi,2,Wrong Overtaking,1,0,0,0,1,0,Low
2022,6,Monday,23,Sindh,Mirpur Khas,Motorway,Under Repair,Clear,No Light,Motorcycle,2,Over Speeding,0,0,1,0,2,3,High
2021,6,Monday,14,Punjab,Lahore,Provincial Highway,Average,Clear,Dawn/Dusk,Motorcycle,1,Road Condition,0,0,0,0,5,2,Medium
2023,7,Sunday,6,Sindh,Hyderabad,Provincial Highway,Good,Clear,Dawn/Dusk,Motorcycle,1,Wrong Overtaking,0,1,0,0,5,1,Medium
2020,7,Sunday,12,Punjab,Multan,Urban Road,Average,Rainy,Dawn/Dusk,Motorcycle,2,Over Speeding,1,1,0,0,5,1,High
2020,6,Friday,22,Punjab,Gujranwala,National Highway,Under Repair,Extreme Heat,Street Light,Car/Taxi,2,Road Condition,0,0,1,0,4,1,Medium
2019,10,Wednesday,22,Sindh,Hyderabad,Provincial Highway,Average,Rainy,No Light,Motorcycle,3,Wrong Overtaking,0,0,1,0,7,4,High
2023,12,Thursday,13,Sindh,Sukkur,Rural Road,Good,Clear,Street Light,Rickshaw,2,Signal Violation,1,0,0,1,1,0,Low
2023,3,Thursday,11,Punjab,Sialkot,Rural Road,Average,Clear,Daylight,Motorcycle,3,Over Speeding,0,0,0,0,3,1,Medium
2023,6,Tuesday,19,Punjab,Sialkot,Urban Road,Average,Clear,Dawn/Dusk,Motorcycle,3,Over Speeding,1,0,0,0,4,0,Medium
2020,6,Sunday,22,KPK,Dera Ismail Khan,Provincial Highway,Average,Foggy,No Light,Car/Taxi,3,Pedestrian Error,0,1,1,0,2,0,Low
2021,10,Monday,18,KPK,Peshawar,Provincial Highway,Good,Clear,Street Light,Bus/Coach,1,Over Speeding,1,0,0,0,3,0,Medium
2023,6,Thursday,13,Punjab,Rahim Yar Khan,National Highway,Good,Clear,Daylight,Motorcycle,2,Wrong Overtaking,1,0,0,0,1,2,Medium
2023,5,Saturday,7,Punjab,Bahawalpur,National Highway,Average,Rainy,Daylight,Motorcycle,2,Pedestrian Error,1,1,0,0,3,1,High
2018,5,Friday,16,Balochistan,Zhob,National Highway,Under Repair,Dusty/Smoggy,Daylight,Car/Taxi,2,Road Condition,0,0,0,0,1,0,Low
2023,10,Monday,19,KPK,Abbottabad,Rural Road,Average,Dusty/Smoggy,Dawn/Dusk,Car/Taxi,2,Pedestrian Error,1,0,0,0,0,0,Low
2022,6,Saturday,19,Gilgit-Baltistan,Skardu,National Highway,Average,Clear,Dawn/Dusk,Car/Taxi,1,Mechanical Failure,1,1,0,0,1,0,Low
2019,2,Saturday,20,Punjab,Sheikhupura,Provincial Highway,Average,Clear,No Light,Rickshaw,3,Driver Fatigue,1,1,0,1,2,0,Low
2022,3,Tuesday,16,Sindh,Thatta,Urban Road,Average,Clear,Daylight,Van/Pickup,1,Signal Violation,0,0,0,0,0,1,Low
2021,1,Sunday,8,Punjab,Rawalpindi,Urban Road,Poor,Dusty/Smoggy,Daylight,Motorcycle,2,Signal Violation,1,1,0,1,4,0,Medium
2022,8,Monday,12,Sindh,Jacobabad,Provincial Highway,Good,Foggy,Daylight,Car/Taxi,3,Wrong Overtaking,1,0,0,0,3,1,Medium
2020,2,Monday,11,Punjab,Sargodha,National Highway,Poor,Rainy,Daylight,Truck/Lorry,4,Wrong Overtaking,0,0,0,1,6,1,High
2023,3,Wednesday,12,Punjab,Lahore,Provincial Highway,Under Repair,Clear,Dawn/Dusk,Rickshaw,1,Pedestrian Error,1,0,0,0,2,0,Low
2020,7,Tuesday,13,Punjab,Sialkot,National Highway,Poor,Clear,Street Light,Car/Taxi,2,Wrong Overtaking,1,0,0,0,2,0,Low
2019,6,Saturday,7,KPK,Abbottabad,Provincial Highway,Good,Rainy,Daylight,Car/Taxi,2,Mobile Phone Use,1,1,0,0,2,1,Low
2022,1,Saturday,11,Sindh,Kashmore,Urban Road,Poor,Rainy,Daylight,Car/Taxi,2,Over Speeding,0,1,0,1,5,0,Medium
2019,11,Friday,11,Sindh,Sukkur,National Highway,Average,Clear,Daylight,Car/Taxi,3,Wrong Overtaking,0,0,0,1,4,0,Medium
2018,7,Tuesday,7,Balochistan,Hub,National Highway,Good,Dusty/Smoggy,Street Light,Bicycle,1,Over Speeding,1,0,0,0,4,1,High
2021,8,Wednesday,11,KPK,Mansehra,Rural Road,Good,Clear,Daylight,Bus/Coach,1,Over Speeding,0,0,0,0,0,0,Low
2018,6,Saturday,5,Sindh,Dadu,Rural Road,Average,Foggy,Dawn/Dusk,Bus/Coach,2,Over Speeding,0,1,1,0,5,0,High
2023,3,Thursday,12,AJK,Muzaffarabad,Rural Road,Average,Foggy,Daylight,Motorcycle,3,Driver Fatigue,1,0,0,0,4,1,Medium
2021,7,Monday,12,Sindh,Mirpur Khas,Provincial Highway,Poor,Rainy,Daylight,Truck/Lorry,2,Signal Violation,1,0,0,0,4,1,Medium
2022,9,Sunday,11,Punjab,Rawalpindi,National Highway,Poor,Clear,Daylight,Car/Taxi,1,Signal Violation,0,1,0,0,1,0,Medium
2023,9,Thursday,5,Gilgit-Baltistan,Gilgit,Urban Road,Average,Clear,No Light,Truck/Lorry,1,Road Condition,0,0,1,0,5,0,Medium
2021,3,Sunday,12,Punjab,Rawalpindi,National Highway,Average,Clear,Daylight,Motorcycle,2,Over Speeding,1,1,0,0,5,1,High
2020,5,Friday,22,Sindh,Larkana,Urban Road,Good,Rainy,Street Light,Bus/Coach,2,Signal Violation,0,0,1,0,3,0,Medium
2020,11,Thursday,21,Punjab,Rahim Yar Khan,National Highway,Good,Clear,No Light,Motorcycle,1,Over Speeding,0,0,0,1,10,0,High
2021,6,Wednesday,12,Sindh,Jacobabad,National Highway,Poor,Clear,Daylight,Car/Taxi,3,Signal Violation,1,0,0,0,2,1,Low
2021,5,Wednesday,19,Sindh,Mirpur Khas,National Highway,Poor,Clear,No Light,Car/Taxi,1,Wrong Overtaking,1,0,0,0,1,0,Medium
2019,9,Monday,15,Punjab,Rawalpindi,Provincial Highway,Poor,Foggy,Daylight,Motorcycle,2,Wrong Overtaking,0,0,0,0,2,0,Medium
2022,12,Friday,8,Sindh,Dadu,Rural Road,Good,Foggy,Daylight,Car/Taxi,3,Over Speeding,1,0,0,1,5,0,Medium
2020,3,Saturday,5,KPK,Dera Ismail Khan,Urban Road,Under Repair,Foggy,No Light,Motorcycle,2,Pedestrian Error,0,1,1,0,3,4,High
2021,6,Saturday,14,Punjab,Sialkot,National Highway,Average,Clear,Daylight,Motorcycle,1,Drunk Driving,0,1,0,0,8,1,High
2020,6,Monday,19,Punjab,Gujranwala,National Highway,Poor,Clear,Street Light,Motorcycle,4,Mechanical Failure,1,0,0,0,5,1,Medium
2019,11,Friday,22,Punjab,Sargodha,Motorway,Good,Clear,No Light,Bicycle,2,Driver Fatigue,0,0,1,1,4,1,High
2023,10,Friday,8,KPK,Dera Ismail Khan,Rural Road,Poor,Clear,Daylight,Car/Taxi,3,Road Condition,1,0,0,0,1,1,Low
2019,4,Friday,18,KPK,Peshawar,Urban Road,Average,Clear,Daylight,Bus/Coach,2,Mobile Phone Use,1,0,0,0,2,0,Low
2018,2,Saturday,6,Balochistan,Chaman,Provincial Highway,Good,Extreme Heat,Daylight,Motorcycle,1,Over Speeding,0,1,0,1,4,2,Medium
2020,8,Monday,22,Punjab,Sargodha,Rural Road,Good,Clear,No Light,Rickshaw,2,Signal Violation,0,0,1,0,2,0,Low
2021,1,Monday,13,Punjab,Gujranwala,Provincial Highway,Under Repair,Clear,Daylight,Motorcycle,2,Wrong Overtaking,1,0,0,1,3,0,Medium
2018,11,Monday,17,Punjab,Sialkot,Urban Road,Under Repair,Foggy,Daylight,Truck/Lorry,1,Over Speeding,1,0,0,1,2,1,Medium
2020,12,Sunday,7,Punjab,Sheikhupura,Provincial Highway,Average,Rainy,Daylight,Car/Taxi,2,Road Condition,1,1,0,1,1,0,Low
2023,7,Thursday,10,Sindh,Karachi,Urban Road,Poor,Foggy,Dawn/Dusk,Car/Taxi,1,Road Condition,0,0,0,0,1,0,Low
2020,1,Monday,4,AJK,Rawalakot,Provincial Highway,Good,Clear,Street Light,Bus/Coach,2,Over Speeding,0,0,1,1,6,2,High
2021,2,Saturday,18,Punjab,Rawalpindi,Motorway,Good,Clear,Daylight,Rickshaw,1,Mechanical Failure,1,1,0,1,1,0,Low
2022,9,Friday,18,Islamabad,Islamabad,Rural Road,Good,Foggy,Daylight,Car/Taxi,1,Over Speeding,1,0,0,0,2,0,Low
2023,7,Monday,20,Punjab,Sheikhupura,Provincial Highway,Good,Clear,Street Light,Car/Taxi,1,Drunk Driving,1,0,0,0,2,0,Medium
2022,11,Friday,10,Islamabad,Islamabad,Rural Road,Good,Extreme Heat,Daylight,Van/Pickup,2,Wrong Overtaking,0,0,0,1,2,0,Low
2019,1,Saturday,7,Punjab,Rawalpindi,Urban Road,Average,Clear,Daylight,Motorcycle,3,Signal Violation,1,1,0,1,2,0,Low
2023,2,Wednesday,14,Balochistan,Zhob,Rural Road,Average,Rainy,Daylight,Car/Taxi,3,Wrong Overtaking,0,0,0,1,0,0,Low
2020,6,Wednesday,14,Punjab,Rahim Yar Khan,Rural Road,Good,Clear,Daylight,Truck/Lorry,3,Wrong Overtaking,0,0,0,0,0,0,Low
2021,3,Friday,12,Islamabad,Islamabad,Motorway,Poor,Clear,Daylight,Bus/Coach,2,Pedestrian Error,1,0,0,0,1,0,Medium
2021,7,Friday,20,Punjab,Faisalabad,National Highway,Average,Dusty/Smoggy,No Light,Rickshaw,2,Mobile Phone Use,1,0,0,0,3,0,Medium
2020,6,Wednesday,19,Punjab,Sheikhupura,Urban Road,Poor,Rainy,Daylight,Bus/Coach,2,Wrong Overtaking,1,0,0,0,5,0,Medium
2023,8,Wednesday,8,Sindh,Mirpur Khas,Rural Road,Good,Foggy,Dawn/Dusk,Car/Taxi,3,Over Speeding,1,0,0,0,1,0,Low
2022,8,Friday,8,Punjab,Bahawalpur,National Highway,Good,Clear,Daylight,Motorcycle,2,Road Condition,1,0,0,0,1,0,Medium
2022,3,Thursday,18,KPK,Mardan,Rural Road,Good,Extreme Heat,Daylight,Motorcycle,2,Mobile Phone Use,1,0,0,0,2,0,Low
2018,8,Sunday,14,AJK,Rawalakot,Rural Road,Average,Clear,Daylight,Bus/Coach,2,Road Condition,0,1,0,0,0,0,Low
2018,10,Thursday,13,Sindh,Thatta,Provincial Highway,Poor,Rainy,Daylight,Car/Taxi,2,Mechanical Failure,1,0,0,0,2,0,Low
2018,8,Tuesday,8,KPK,Kohat,Urban Road,Average,Clear,Daylight,Van/Pickup,1,Wrong Overtaking,1,0,0,0,0,0,Low
2021,7,Thursday,21,Punjab,Rawalpindi,National Highway,Average,Dusty/Smoggy,Street Light,Motorcycle,2,Road Condition,0,0,0,0,9,1,High
2022,6,Sunday,15,Sindh,Nawabshah,National Highway,Average,Clear,No Light,Motorcycle,2,Signal Violation,0,1,0,0,2,0,High
2023,1,Thursday,11,Sindh,Nawabshah,National Highway,Poor,Clear,Daylight,Motorcycle,2,Over Speeding,0,0,0,1,5,1,High
2019,12,Tuesday,0,Balochistan,Chaman,Provincial Highway,Average,Dusty/Smoggy,No Light,Truck/Lorry,3,Over Speeding,0,0,1,1,5,2,Medium
2018,7,Thursday,13,Punjab,Sargodha,National Highway,Good,Rainy,Street Light,Motorcycle,2,Driver Fatigue,1,0,0,0,4,2,High
2023,4,Friday,20,KPK,Bannu,Rural Road,Poor,Rainy,No Light,Car/Taxi,1,Signal Violation,1,0,0,0,1,0,Low
2020,1,Friday,17,Punjab,Lahore,National Highway,Good,Clear,Daylight,Truck/Lorry,2,Drunk Driving,1,0,0,1,3,1,Medium
2023,11,Monday,10,Punjab,Bahawalpur,National Highway,Good,Clear,Daylight,Car/Taxi,1,Driver Fatigue,0,0,0,1,2,1,Medium
2021,7,Sunday,22,Punjab,Lahore,Provincial Highway,Poor,Foggy,Street Light,Rickshaw,2,Over Speeding,0,1,1,0,10,2,High
2023,7,Monday,8,Punjab,Sheikhupura,National Highway,Good,Foggy,Daylight,Motorcycle,1,Wrong Overtaking,1,0,0,0,8,1,High
2020,1,Thursday,9,Punjab,Rahim Yar Khan,Urban Road,Average,Clear,Daylight,Car/Taxi,1,Pedestrian Error,1,0,0,1,2,0,Low
2019,5,Saturday,14,Punjab,Rawalpindi,Provincial Highway,Average,Rainy,Daylight,Car/Taxi,1,Wrong Overtaking,0,1,0,0,4,0,Medium
2019,11,Tuesday,7,KPK,Abbottabad,Rural Road,Average,Clear,Daylight,Truck/Lorry,4,Wrong Overtaking,1,0,0,1,4,1,Medium
2023,11,Saturday,17,Punjab,Rawalpindi,Rural Road,Good,Clear,Daylight,Car/Taxi,2,Wrong Overtaking,1,1,0,1,0,0,Low
2019,2,Friday,19,Balochistan,Quetta,Urban Road,Poor,Foggy,Dawn/Dusk,Van/Pickup,2,Wrong Overtaking,1,0,0,1,1,0,Low
2019,4,Saturday,13,Punjab,Sargodha,Urban Road,Good,Extreme Heat,Daylight,Car/Taxi,2,Pedestrian Error,1,1,0,0,2,0,Low
2023,3,Thursday,17,Punjab,Multan,National Highway,Average,Extreme Heat,Dawn/Dusk,Motorcycle,3,Drunk Driving,1,0,0,0,11,2,High
2018,10,Thursday,11,Sindh,Sukkur,Urban Road,Under Repair,Clear,Daylight,Truck/Lorry,2,Over Speeding,0,0,0,0,2,1,Medium
2023,1,Sunday,7,Sindh,Mirpur Khas,Provincial Highway,Poor,Foggy,Daylight,Car/Taxi,2,Mechanical Failure,1,1,0,1,0,0,Low
2023,5,Friday,19,Sindh,Karachi,Urban Road,Poor,Clear,Daylight,Motorcycle,2,Over Speeding,1,0,0,0,8,3,High
2018,2,Wednesday,8,Sindh,Mirpur Khas,Urban Road,Under Repair,Clear,Daylight,Motorcycle,3,Road Condition,1,0,0,1,2,0,Low
2021,5,Wednesday,13,Punjab,Faisalabad,Urban Road,Average,Clear,Daylight,Bicycle,3,Mechanical Failure,1,0,0,0,1,0,Low
2023,12,Thursday,5,KPK,Charsadda,Rural Road,Good,Foggy,No Light,Car/Taxi,2,Pedestrian Error,0,0,1,1,1,0,Low
2022,2,Wednesday,18,Sindh,Dadu,Urban Road,Under Repair,Rainy,Daylight,Motorcycle,2,Driver Fatigue,1,0,0,1,7,0,High
2023,6,Saturday,15,Punjab,Sheikhupura,Rural Road,Under Repair,Clear,Street Light,Bus/Coach,3,Driver Fatigue,0,1,0,0,4,0,Medium
2019,11,Tuesday,23,KPK,Abbottabad,Provincial Highway,Average,Clear,Street Light,Car/Taxi,2,Over Speeding,0,0,1,1,9,1,High
2018,1,Friday,23,KPK,Charsadda,Rural Road,Good,Foggy,No Light,Rickshaw,3,Road Condition,0,0,1,1,2,0,Low
2018,9,Saturday,18,Punjab,Faisalabad,Provincial Highway,Average,Dusty/Smoggy,Daylight,Car/Taxi,1,Wrong Overtaking,1,1,0,0,1,0,Low
2023,1,Monday,19,Balochistan,Quetta,Provincial Highway,Good,Clear,No Light,Van/Pickup,1,Over Speeding,1,0,0,1,2,0,Low
2019,7,Thursday,11,Islamabad,Islamabad,Rural Road,Under Repair,Extreme Heat,Street Light,Truck/Lorry,1,Pedestrian Error,0,0,0,0,2,0,Low
2018,7,Friday,19,Sindh,Karachi,National Highway,Poor,Clear,Daylight,Motorcycle,2,Wrong Overtaking,1,0,0,0,5,0,High
2020,4,Friday,5,Punjab,Sargodha,Urban Road,Poor,Dusty/Smoggy,Dawn/Dusk,Van/Pickup,4,Wrong Overtaking,0,0,1,0,1,0,Low
2023,11,Tuesday,4,Balochistan,Quetta,National Highway,Poor,Clear,Street Light,Car/Taxi,2,Over Speeding,0,0,1,1,5,4,High
2023,11,Thursday,10,Punjab,Sialkot,National Highway,Average,Foggy,Daylight,Motorcycle,2,Over Speeding,0,0,0,1,8,1,High
2021,2,Friday,12,Punjab,Bahawalpur,Urban Road,Average,Clear,Dawn/Dusk,Truck/Lorry,3,Over Speeding,1,0,0,1,3,0,Medium
2022,5,Saturday,9,Punjab,Rahim Yar Khan,National Highway,Poor,Clear,Daylight,Bus/Coach,2,Wrong Overtaking,1,1,0,0,5,0,Medium
2020,3,Tuesday,5,KPK,Swat,Urban Road,Under Repair,Foggy,Street Light,Motorcycle,2,Pedestrian Error,0,0,1,0,1,0,Medium
2018,10,Monday,23,Islamabad,Islamabad,Urban Road,Average,Clear,No Light,Motorcycle,1,Road Condition,0,0,1,0,3,0,Medium
2020,12,Thursday,23,Sindh,Hyderabad,Rural Road,Good,Clear,No Light,Truck/Lorry,1,Over Speeding,0,0,1,1,7,0,High
2021,1,Tuesday,15,Islamabad,Islamabad,Urban Road,Good,Foggy,Daylight,Rickshaw,2,Driver Fatigue,0,0,0,1,1,0,Medium
2020,2,Wednesday,14,Punjab,Multan,Rural Road,Good,Foggy,Daylight,Motorcycle,1,Drunk Driving,0,0,0,1,4,1,High
2022,2,Sunday,16,Punjab,Sheikhupura,National Highway,Good,Extreme Heat,Daylight,Motorcycle,2,Signal Violation,0,1,0,1,10,0,High
2023,1,Monday,19,Sindh,Hyderabad,Provincial Highway,Average,Extreme Heat,No Light,Car/Taxi,3,Over Speeding,1,0,0,1,2,0,Medium
2023,5,Saturday,6,Islamabad,Islamabad,Rural Road,Poor,Dusty/Smoggy,Street Light,Car/Taxi,2,Signal Violation,0,1,0,0,2,0,Low
2020,7,Sunday,9,Sindh,Mirpur Khas,Urban Road,Poor,Foggy,Daylight,Car/Taxi,2,Wrong Overtaking,1,1,0,0,3,1,Medium
2023,11,Sunday,17,Punjab,Faisalabad,Urban Road,Good,Rainy,Dawn/Dusk,Car/Taxi,3,Signal Violation,1,1,0,1,1,0,Low
2021,1,Thursday,10,Punjab,Lahore,Urban Road,Good,Foggy,Daylight,Motorcycle,1,Signal Violation,0,0,0,1,1,1,Medium
2022,6,Wednesday,20,Punjab,Sheikhupura,Motorway,Good,Clear,No Light,Car/Taxi,1,Wrong Overtaking,1,0,0,0,2,1,Medium
2023,1,Saturday,19,Punjab,Gujranwala,Urban Road,Good,Clear,Dawn/Dusk,Motorcycle,2,Road Condition,1,1,0,1,1,0,Low
2023,2,Wednesday,22,Punjab,Sialkot,Urban Road,Average,Foggy,No Light,Motorcycle,2,Signal Violation,0,0,1,1,11,1,High
2021,5,Tuesday,20,Balochistan,Zhob,Rural Road,Good,Clear,No Light,Rickshaw,2,Mechanical Failure,1,0,0,0,2,0,Low
2021,12,Thursday,6,Sindh,Thatta,Provincial Highway,Poor,Clear,Street Light,Bicycle,2,Over Speeding,0,0,0,1,3,0,Medium
2021,4,Tuesday,3,KPK,Swat,Rural Road,Under Repair,Dusty/Smoggy,No Light,Motorcycle,3,Wrong Overtaking,0,0,1,0,2,1,Medium
2018,6,Saturday,16,Punjab,Lahore,National Highway,Poor,Foggy,Dawn/Dusk,Truck/Lorry,2,Mobile Phone Use,0,1,0,0,11,1,High
2023,11,Tuesday,13,Punjab,Sargodha,National Highway,Poor,Clear,Daylight,Motorcycle,2,Mechanical Failure,1,0,0,1,3,0,Medium
2023,4,Monday,13,Sindh,Nawabshah,National Highway,Good,Extreme Heat,Daylight,Bus/Coach,3,Signal Violation,1,0,0,0,1,1,Medium
2021,10,Friday,10,Balochistan,Loralai,National Highway,Good,Clear,Dawn/Dusk,Car/Taxi,3,Wrong Overtaking,0,0,0,0,2,0,Low
2021,1,Wednesday,19,Sindh,Thatta,Provincial Highway,Poor,Clear,No Light,Truck/Lorry,2,Road Condition,1,0,0,1,3,1,Medium
2023,2,Friday,21,Balochistan,Hub,Motorway,Good,Clear,No Light,Motorcycle,1,Over Speeding,0,0,0,1,9,1,High
2020,1,Monday,13,KPK,Mansehra,National Highway,Good,Dusty/Smoggy,Daylight,Motorcycle,1,Signal Violation,1,0,0,1,1,0,Medium
2021,6,Saturday,20,Punjab,Faisalabad,National Highway,Average,Clear,No Light,Car/Taxi,1,Wrong Overtaking,1,1,0,0,5,2,Medium
2022,2,Tuesday,20,Punjab,Gujranwala,Provincial Highway,Average,Clear,Street Light,Car/Taxi,2,Over Speeding,1,0,0,1,5,0,Medium
2023,1,Friday,17,Sindh,Sukkur,Urban Road,Good,Clear,Street Light,Motorcycle,2,Drunk Driving,1,0,0,1,1,1,Medium
2020,8,Wednesday,9,Sindh,Mirpur Khas,National Highway,Good,Clear,Daylight,Motorcycle,1,Over Speeding,1,0,0,0,2,2,High
2018,3,Thursday,20,Punjab,Sheikhupura,Provincial Highway,Average,Clear,Street Light,Motorcycle,2,Road Condition,1,0,0,0,5,0,Medium
2022,11,Sunday,16,Punjab,Rawalpindi,Provincial Highway,Good,Foggy,Daylight,Rickshaw,3,Driver Fatigue,0,1,0,1,4,2,Medium
2019,6,Sunday,22,Sindh,Sukkur,Urban Road,Average,Clear,No Light,Rickshaw,1,Pedestrian Error,0,1,1,0,2,0,Low
2022,5,Monday,12,Balochistan,Quetta,Urban Road,Good,Foggy,Daylight,Motorcycle,4,Wrong Overtaking,1,0,0,0,2,1,High
2018,6,Wednesday,19,Punjab,Lahore,National Highway,Poor,Clear,No Light,Car/Taxi,3,Mechanical Failure,1,0,0,0,0,0,Low
2023,3,Wednesday,16,Punjab,Sargodha,Provincial Highway,Poor,Clear,Daylight,Motorcycle,2,Pedestrian Error,0,0,0,0,3,0,Medium
2021,3,Sunday,20,Sindh,Dadu,Provincial Highway,Average,Clear,Street Light,Rickshaw,2,Over Speeding,1,1,0,0,5,1,Medium
2020,5,Friday,18,KPK,Mardan,Motorway,Good,Clear,Street Light,Rickshaw,2,Over Speeding,1,0,0,0,3,0,High
2018,4,Friday,22,Sindh,Hyderabad,Urban Road,Good,Clear,No Light,Bus/Coach,2,Drunk Driving,0,0,1,0,5,0,Medium
2019,3,Friday,15,Islamabad,Islamabad,National Highway,Poor,Clear,Daylight,Rickshaw,2,Over Speeding,0,0,0,0,3,1,Medium
2020,12,Monday,10,KPK,Peshawar,National Highway,Poor,Clear,Daylight,Motorcycle,2,Pedestrian Error,0,0,0,1,4,0,Medium
2022,5,Sunday,9,Sindh,Mirpur Khas,Urban Road,Good,Rainy,Daylight,Motorcycle,3,Signal Violation,1,1,0,0,1,1,Medium