year,month,day_of_week,hour_of_day,province,district,road_type,road_condition,weather_condition,lighting_condition,vehicle_type,vehicles_involved,accident_cause,is_rush_hour,is_weekend,is_night,is_foggy_month,num_injured,num_killed,severity
2023,9,Monday,18,Punjab,Rahim Yar Khan,Provincial Highway,Good,Clear,Street Light,Motorcycle,2,Over Speeding,1,0,0,0,11,1,High
2022,10,Wednesday,8,Sindh,Jacobabad,Rural Road,Good,Clear,Daylight,Truck/Lorry,2,Drunk Driving,1,0,0,0,1,0,Medium
2019,6,Wednesday,16,KPK,Peshawar,Provincial Highway,Average,Clear,Daylight,Motorcycle,2,Pedestrian Error,0,0,0,0,1,0,Medium
2022,9,Thursday,17,KPK,Charsadda,National Highway,Under Repair,Clear,Daylight,Motorcycle,3,Mechanical Failure,1,0,0,0,4,2,High
2023,6,Friday,14,Islamabad,Islamabad,Urban Road,Poor,Clear,Daylight,Motorcycle,1,Over Speeding,0,0,0,0,4,2,Medium
2021,4,Sunday,8,Sindh,Karachi,National Highway,Average,Rainy,Daylight,Truck/Lorry,1,Over Speeding,1,1,0,0,8,2,High
2018,1,Tuesday,19,Sindh,Karachi,Motorway,Good,Clear,Dawn/Dusk,Rickshaw,3,Road Condition,1,0,0,1,1,1,Medium
2022,2,Sunday,7,Punjab,Multan,National Highway,Average,Clear,Daylight,Motorcycle,2,Over Speeding,1,1,0,1,2,1,High
2022,3,Sunday,13,Punjab,Faisalabad,National Highway,Good,Foggy,Daylight,Car/Taxi,2,Mechanical Failure,1,1,0,0,1,0,Low
2019,7,Thursday,16,Punjab,Sheikhupura,Urban Road,Under Repair,Rainy,Daylight,Bicycle,2,Signal Violation,0,0,0,0,11,2,High
2023,10,Saturday,19,Punjab,Rahim Yar Khan,National Highway,Good,Clear,No Light,Motorcycle,2,Over Speeding,1,1,0,0,9,1,High
2022,12,Friday,13,Punjab,Faisalabad,Urban Road,Average,Clear,Daylight,Van/Pickup,2,Over Speeding,1,0,0,1,2,0,Medium
2022,1,Saturday,15,Punjab,Sargodha,Provincial Highway,Poor,Clear,Daylight,Motorcycle,2,Road Condition,0,1,0,1,2,0,Medium
2022,10,Sunday,23,Sindh,Hyderabad,National Highway,Good,Foggy,Street Light,Motorcycle,1,Road Condition,0,1,1,0,5,2,High
2019,1,Sunday,16,Sindh,Karachi,Provincial Highway,Good,Clear,Daylight,Car/Taxi,4,Pedestrian Error,0,1,0,1,1,0,Low
2023,6,Tuesday,13,Sindh,Dadu,Urban Road,Good,Foggy,Daylight,Car/Taxi,1,Signal Violation,1,0,0,0,2,0,Low
2020,9,Sunday,19,Sindh,Larkana,Urban Road,Under Repair,Foggy,Dawn/Dusk,Motorcycle,1,Pedestrian Error,1,1,0,0,1,0,Low
2021,6,Monday,12,Punjab,Sargodha,Provincial Highway,Good,Foggy,Street Light,Rickshaw,2,Mechanical Failure,1,0,0,0,4,1,Medium
2021,5,Thursday,16,Islamabad,Islamabad,Urban Road,Good,Clear,Daylight,Car/Taxi,2,Driver Fatigue,0,0,0,0,0,0,Low
2021,8,Wednesday,15,Punjab,Lahore,Provincial Highway,Average,Foggy,No Light,Motorcycle,2,Pedestrian Error,0,0,0,0,2,1,Medium
2020,6,Saturday,8,Islamabad,Islamabad,Urban Road,Poor,Rainy,Dawn/Dusk,Rickshaw,2,Road Condition,1,1,0,0,1,0,Low
2019,12,Tuesday,7,Punjab,Bahawalpur,National Highway,Poor,Clear,Daylight,Car/Taxi,4,Pedestrian Error,1,0,0,1,2,0,Low
2022,2,Wednesday,16,Sindh,Nawabshah,Motorway,Good,Clear,Daylight,Bus/Coach,2,Road Condition,0,0,0,1,4,0,Medium
2019,9,Saturday,6,Punjab,Faisalabad,National Highway,Poor,Clear,Daylight,Motorcycle,4,Pedestrian Error,0,1,0,0,2,2,Medium
2018,12,Wednesday,1,Punjab,Sheikhupura,Rural Road,Good,Clear,Street Light,Motorcycle,3,Wrong Overtaking,0,0,1,1,9,4,High
2023,7,Saturday,7,Sindh,Karachi,National Highway,Poor,Dusty/Smoggy,Daylight,Car/Taxi,2,Mechanical Failure,1,1,0,0,2,0,Low
2018,4,Tuesday,4,KPK,Bannu,Motorway,Average,Clear,Street Light,Truck/Lorry,1,Driver Fatigue,0,0,1,0,10,3,High
2023,5,Sunday,10,Punjab,Rahim Yar Khan,Motorway,Poor,Clear,Daylight,Car/Taxi,2,Wrong Overtaking,0,1,0,0,5,1,Medium
2022,11,Sunday,3,Sindh,Hyderabad,National Highway,Good,Clear,Street Light,Rickshaw,2,Over Speeding,0,1,1,1,2,0,Medium
2019,11,Saturday,16,Punjab,Sialkot,National Highway,Average,Dusty/Smoggy,Daylight,Car/Taxi,1,Over Speeding,0,1,0,1,10,1,High
2022,1,Monday,17,Punjab,Sheikhupura,Urban Road,Good,Rainy,Daylight,Motorcycle,2,Road Condition,1,0,0,1,1,0,Low
2021,6,Wednesday,15,Balochistan,Khuzdar,Urban Road,Poor,Clear,Daylight,Car/Taxi,2,Signal Violation,0,0,0,0,0,0,Low
2022,3,Friday,4,Balochistan,Khuzdar,Urban Road,Average,Clear,Street Light,Truck/Lorry,2,Wrong Overtaking,0,0,1,0,3,2,Medium
2022,11,Wednesday,18,Sindh,Sukkur,National Highway,Poor,Clear,Daylight,Car/Taxi,1,Over Speeding,1,0,0,1,6,0,High
2023,12,Saturday,8,Punjab,Sheikhupura,Urban Road,Good,Clear,Daylight,Motorcycle,3,Signal Violation,1,1,0,1,4,0,Medium
2020,12,Monday,1,Punjab,Faisalabad,Urban Road,Under Repair,Clear,No Light,Car/Taxi,3,Over Speeding,0,0,1,1,2,0,Medium
2020,7,Monday,21,Islamabad,Islamabad,Provincial Highway,Poor,Clear,No Light,Motorcycle,2,Over Speeding,0,0,0,0,4,2,Medium
2023,2,Thursday,11,Punjab,Multan,Urban Road,Under Repair,Clear,Daylight,Car/Taxi,1,Mechanical Failure,0,0,0,1,1,0,Low
2021,6,Tuesday,19,KPK,Charsadda,Provincial Highway,Poor,Clear,Street Light,Car/Taxi,1,Mobile Phone Use,1,0,0,0,1,1,Low
2023,8,Tuesday,17,Punjab,Bahawalpur,Provincial Highway,Average,Foggy,Dawn/Dusk,Motorcycle,2,Mechanical Failure,1,0,0,0,2,0,Medium
2020,9,Saturday,7,AJK,Muzaffarabad,Rural Road,Good,Clear,Daylight,Car/Taxi,2,Wrong Overtaking,1,1,0,0,2,0,Low
2018,7,Wednesday,7,Punjab,Faisalabad,National Highway,Good,Foggy,Daylight,Motorcycle,1,Wrong Overtaking,1,0,0,0,10,1,High
2019,11,Thursday,21,Punjab,Sialkot,National Highway,Good,Clear,Street Light,Van/Pickup,3,Road Condition,0,0,0,1,2,0,Low
2020,6,Thursday,12,Sindh,Thatta,Rural Road,Good,Dusty/Smoggy,Daylight,Bus/Coach,2,Over Speeding,1,0,0,0,0,0,Low
2023,4,Wednesday,13,Islamabad,Islamabad,Rural Road,Good,Clear,Daylight,Motorcycle,2,Wrong Overtaking,1,0,0,0,5,1,Medium
2018,1,Friday,17,AJK,Mirpur,Provincial Highway,Average,Clear,Daylight,Motorcycle,2,Over Speeding,1,0,0,1,6,3,High
2023,1,Monday,17,KPK,Swat,Provincial Highway,Poor,Foggy,Daylight,Rickshaw,3,Mechanical Failure,1,0,0,1,2,0,Low
2019,5,Friday,7,KPK,Swat,Motorway,Good,Clear,Daylight,Car/Taxi,2,Mechanical Failure,1,0,0,0,4,1,Medium
2020,3,Monday,19,Sindh,Dadu,National Highway,Poor,Extreme Heat,Street Light,Motorcycle,1,Over Speeding,1,0,0,0,6,1,High
2021,4,Saturday,9,KPK,Dera Ismail Khan,Urban Road,Good,Clear,Daylight,Motorcycle,2,Over Speeding,1,1,0,0,7,0,High
2023,5,Sunday,8,Balochistan,Quetta,National Highway,Poor,Rainy,Daylight,Van/Pickup,2,Driver Fatigue,1,1,0,0,4,2,High
2023,12,Saturday,9,Sindh,Dadu,Motorway,Poor,Clear,Daylight,Motorcycle,1,Over Speeding,1,1,0,1,7,1,High
2023,11,Sunday,22,Sindh,Thatta,Urban Road,Good,Clear,No Light,Motorcycle,1,Pedestrian Error,0,1,1,1,2,0,Medium
2019,7,Wednesday,2,Sindh,Karachi,National Highway,Good,Rainy,No Light,Car/Taxi,1,Wrong Overtaking,0,0,1,0,2,2,High
2023,4,Monday,4,Sindh,Kashmore,Urban Road,Good,Rainy,No Light,Car/Taxi,2,Signal Violation,0,0,1,0,2,0,Medium
2022,11,Sunday,5,Balochistan,Zhob,Rural Road,Poor,Clear,Dawn/Dusk,Motorcycle,2,Wrong Overtaking,0,1,1,1,3,0,Medium
2021,2,Thursday,7,Punjab,Rahim Yar Khan,National Highway,Good,Clear,No Light,Truck/Lorry,1,Pedestrian Error,1,0,0,1,2,0,Medium
2020,7,Wednesday,8,Punjab,Faisalabad,Rural Road,Good,Clear,Daylight,Motorcycle,1,Wrong Overtaking,1,0,0,0,3,2,Medium
2022,6,Friday,12,Sindh,Sukkur,Motorway,Good,Clear,Daylight,Rickshaw,2,Wrong Overtaking,1,0,0,0,1,0,Medium
2020,2,Friday,19,Punjab,Gujranwala,Rural Road,Poor,Clear,No Light,Motorcycle,1,Mechanical Failure,1,0,0,1,0,0,Low
2020,5,Monday,7,Sindh,Thatta,Provincial Highway,Good,Rainy,Daylight,Car/Taxi,2,Over Speeding,1,0,0,0,9,2,High
2019,10,Monday,15,Balochistan,Zhob,Urban Road,Good,Rainy,Daylight,Car/Taxi,2,Signal Violation,0,0,0,0,2,0,Low
2022,5,Friday,0,Sindh,Dadu,Provincial Highway,Good,Clear,No Light,Car/Taxi,3,Wrong Overtaking,0,0,1,0,1,0,Low
2023,6,Friday,17,Balochistan,Quetta,National Highway,Good,Extreme Heat,Daylight,Bus/Coach,1,Over Speeding,1,0,0,0,2,0,High
2022,11,Saturday,7,Punjab,Gujranwala,National Highway,Good,Clear,Daylight,Motorcycle,1,Over Speeding,1,1,0,1,4,1,High
2020,2,Friday,10,Balochistan,Gwadar,Provincial Highway,Poor,Clear,Daylight,Truck/Lorry,2,Over Speeding,0,0,0,1,5,0,Medium
2023,1,Wednesday,19,Sindh,Thatta,Urban Road,Average,Foggy,Dawn/Dusk,Truck/Lorry,2,Driver Fatigue,1,0,0,1,5,2,Medium
2019,6,Tuesday,22,Punjab,Gujranwala,National Highway,Good,Foggy,No Light,Motorcycle,3,Over Speeding,0,0,1,0,11,0,High
2020,12,Saturday,20,Sindh,Dadu,Urban Road,Average,Clear,No Light,Motorcycle,1,Pedestrian Error,1,1,0,1,1,0,Low
2019,5,Tuesday,16,Islamabad,Islamabad,Motorway,Poor,Clear,Daylight,Truck/Lorry,4,Driver Fatigue,0,0,0,0,1,0,Medium
2023,4,Tuesday,18,Punjab,Faisalabad,Provincial Highway,Poor,Clear,Daylight,Rickshaw,2,Over Speeding,1,0,0,0,5,0,Medium
2021,1,Monday,18,Sindh,Thatta,Urban Road,Good,Clear,Daylight,Car/Taxi,1,Over Speeding,1,0,0,1,0,0,Low
2022,8,Thursday,18,Balochistan,Quetta,Rural Road,Good,Clear,Daylight,Rickshaw,1,Over Speeding,1,0,0,0,1,1,Low
2023,10,Wednesday,15,Punjab,Bahawalpur,National Highway,Poor,Extreme Heat,Daylight,Car/Taxi,2,Over Speeding,0,0,0,0,3,2,Medium
2023,2,Wednesday,21,Sindh,Dadu,National Highway,Average,Extreme Heat,No Light,Motorcycle,2,Signal Violation,0,0,0,1,4,2,Medium
2022,3,Monday,2,Sindh,Sukkur,Urban Road,Good,Dusty/Smoggy,Street Light,Car/Taxi,1,Mechanical Failure,0,0,1,0,0,0,Low
2023,1,Thursday,5,Punjab,Faisalabad,Provincial Highway,Average,Clear,Dawn/Dusk,Motorcycle,2,Over Speeding,0,0,1,1,8,0,High
2020,1,Thursday,23,Sindh,Mirpur Khas,Rural Road,Under Repair,Foggy,No Light,Car/Taxi,3,Wrong Overtaking,0,0,1,1,4,0,Medium
2021,7,Saturday,13,Punjab,Sheikhupura,Urban Road,Good,Clear,Daylight,Motorcycle,1,Signal Violation,1,1,0,0,1,0,Medium
2023,2,Friday,12,KPK,Charsadda,Provincial Highway,Average,Rainy,Daylight,Motorcycle,2,Over Speeding,1,0,0,1,9,2,High
2020,8,Saturday,17,Punjab,Lahore,National Highway,Under Repair,Foggy,Daylight,Motorcycle,2,Over Speeding,1,1,0,0,6,1,High
2018,1,Thursday,20,Punjab,Lahore,Urban Road,Good,Extreme Heat,No Light,Car/Taxi,2,Mechanical Failure,1,0,0,1,2,0,Low
2023,12,Monday,8,Sindh,Thatta,National Highway,Poor,Foggy,Dawn/Dusk,Truck/Lorry,3,Pedestrian Error,1,0,0,1,7,0,High
2023,7,Tuesday,10,Punjab,Rawalpindi,Provincial Highway,Good,Dusty/Smoggy,Daylight,Truck/Lorry,1,Pedestrian Error,0,0,0,0,0,0,Low
2023,6,Monday,18,Punjab,Lahore,Motorway,Good,Clear,Daylight,Motorcycle,2,Over Speeding,1,0,0,0,7,3,High
2022,4,Saturday,12,KPK,Dera Ismail Khan,National Highway,Poor,Rainy,No Light,Bus/Coach,2,Wrong Overtaking,1,1,0,0,5,0,Medium
2022,1,Monday,23,Islamabad,Islamabad,Motorway,Poor,Clear,Street Light,Truck/Lorry,1,Pedestrian Error,0,0,1,1,4,1,Medium
2023,3,Wednesday,12,Balochistan,Quetta,Provincial Highway,Good,Foggy,Daylight,Motorcycle,3,Over Speeding,1,0,0,0,8,1,High
2022,3,Saturday,9,Sindh,Larkana,Rural Road,Good,Foggy,Daylight,Car/Taxi,2,Pedestrian Error,1,1,0,0,0,0,Low
2022,8,Thursday,17,Balochistan,Zhob,Urban Road,Good,Clear,Daylight,Car/Taxi,1,Wrong Overtaking,1,0,0,0,2,0,Low
2022,6,Friday,18,Islamabad,Islamabad,National Highway,Under Repair,Clear,Daylight,Motorcycle,2,Road Condition,1,0,0,0,2,1,Medium
2020,6,Thursday,5,Punjab,Sheikhupura,Rural Road,Under Repair,Extreme Heat,No Light,Motorcycle,2,Wrong Overtaking,0,0,1,0,3,0,Medium
2022,8,Wednesday,19,Punjab,Gujranwala,Urban Road,Good,Foggy,No Light,Motorcycle,1,Drunk Driving,1,0,0,0,6,1,High
2021,1,Sunday,19,Punjab,Sargodha,Rural Road,Under Repair,Clear,No Light,Motorcycle,3,Over Speeding,1,1,0,1,9,2,High
2019,4,Saturday,7,Sindh,Dadu,Urban Road,Poor,Clear,Daylight,Car/Taxi,3,Wrong Overtaking,1,1,0,0,2,0,Low
2020,3,Wednesday,8,Islamabad,Islamabad,Provincial Highway,Poor,Clear,Daylight,Rickshaw,3,Pedestrian Error,1,0,0,0,0,0,Low
2019,12,Saturday,17,Sindh,Mirpur Khas,Rural Road,Average,Clear,Daylight,Rickshaw,2,Over Speeding,1,1,0,1,0,0,Low
2021,4,Sunday,8,KPK,Nowshera,Motorway,Good,Foggy,Daylight,Motorcycle,2,Drunk Driving,1,1,0,0,7,2,High
2018,8,Saturday,20,Punjab,Sheikhupura,Urban Road,Average,Extreme Heat,No Light,Motorcycle,2,Signal Violation,1,1,0,0,2,0,Medium
2022,1,Tuesday,20,Punjab,Sialkot,National Highway,Good,Clear,Street Light,Car/Taxi,2,Road Condition,1,0,0,1,0,0,Low
2022,8,Monday,8,Sindh,Dadu,National Highway,Average,Rainy,Daylight,Rickshaw,2,Over Speeding,1,0,0,0,4,1,Medium
2022,1,Friday,20,Islamabad,Islamabad,Rural Road,Good,Foggy,Street Light,Truck/Lorry,2,Signal Violation,1,0,0,1,2,0,Low
2021,5,Tuesday,14,Punjab,Sialkot,National Highway,Good,Clear,Daylight,Car/Taxi,3,Driver Fatigue,0,0,0,0,2,0,Medium
2018,12,Saturday,15,Balochistan,Zhob,National Highway,Good,Clear,Daylight,Truck/Lorry,2,Wrong Overtaking,0,1,0,1,1,0,Medium
2022,6,Saturday,8,Punjab,Rawalpindi,National Highway,Average,Rainy,Daylight,Car/Taxi,2,Signal Violation,1,1,0,0,4,1,Medium
2022,8,Monday,19,Sindh,Mirpur Khas,Urban Road,Under Repair,Clear,No Light,Car/Taxi,1,Signal Violation,1,0,0,0,0,0,Low
2022,6,Friday,7,Sindh,Jacobabad,Provincial Highway,Average,Clear,Dawn/Dusk,Bus/Coach,1,Signal Violation,1,0,0,0,2,0,Medium
2018,6,Friday,7,Balochistan,Turbat,National Highway,Good,Clear,Daylight,Motorcycle,2,Over Speeding,1,0,0,0,5,2,High
2018,11,Sunday,6,Punjab,Sialkot,Provincial Highway,Average,Foggy,Daylight,Motorcycle,2,Over Speeding,0,1,0,1,8,1,High
2023,4,Sunday,8,Punjab,Faisalabad,Provincial Highway,Good,Foggy,Daylight,Bus/Coach,2,Over Speeding,1,1,0,0,2,1,Medium
2021,2,Friday,10,Punjab,Sheikhupura,National Highway,Good,Clear,Daylight,Motorcycle,3,Wrong Overtaking,0,0,0,1,6,0,High
2021,12,Sunday,12,Islamabad,Islamabad,National Highway,Average,Dusty/Smoggy,Daylight,Other,3,Wrong Overtaking,1,1,0,1,1,0,Low
2018,12,Sunday,10,Punjab,Rahim Yar Khan,Rural Road,Average,Foggy,Street Light,Car/Taxi,1,Over Speeding,0,1,0,1,2,0,Low
2023,6,Tuesday,19,Punjab,Rawalpindi,National Highway,Average,Clear,Daylight,Car/Taxi,3,Wrong Overtaking,1,0,0,0,1,1,Medium
2020,6,Sunday,23,Sindh,Jacobabad,Rural Road,Good,Clear,Street Light,Motorcycle,1,Road Condition,0,1,1,0,5,0,Medium
2022,7,Monday,12,Sindh,Jacobabad,Provincial Highway,Poor,Clear,Daylight,Bus/Coach,2,Over Speeding,1,0,0,0,3,1,Medium
2019,6,Saturday,18,Balochistan,Hub,Urban Road,Average,Clear,Daylight,Truck/Lorry,2,Pedestrian Error,1,1,0,0,0,0,Low
2022,3,Wednesday,18,Islamabad,Islamabad,Provincial Highway,Poor,Clear,Daylight,Car/Taxi,1,Road Condition,1,0,0,0,1,0,Low
2021,12,Friday,22,Sindh,Kashmore,Urban Road,Average,Clear,No Light,Car/Taxi,1,Signal Violation,0,0,1,1,3,1,Medium
2020,6,Tuesday,20,Islamabad,Islamabad,National Highway,Good,Clear,No Light,Car/Taxi,2,Drunk Driving,1,0,0,0,4,2,High
2019,1,Sunday,14,KPK,Mardan,National Highway,Average,Clear,Dawn/Dusk,Car/Taxi,4,Mechanical Failure,0,1,0,1,4,2,Medium
2019,8,Friday,9,Punjab,Gujranwala,Provincial Highway,Average,Clear,Daylight,Truck/Lorry,2,Over Speeding,1,0,0,0,3,1,Medium
2023,3,Friday,18,Islamabad,Islamabad,Provincial Highway,Average,Clear,No Light,Bicycle,1,Drunk Driving,1,0,0,0,9,0,High
2023,1,Sunday,21,KPK,Mardan,National Highway,Average,Clear,Street Light,Car/Taxi,2,Signal Violation,0,1,0,1,3,0,Medium
2023,2,Sunday,9,Punjab,Rawalpindi,Rural Road,Good,Foggy,Dawn/Dusk,Motorcycle,1,Mechanical Failure,1,1,0,1,2,0,Low
2023,9,Friday,18,KPK,Charsadda,Provincial Highway,Poor,Clear,Daylight,Bus/Coach,1,Signal Violation,1,0,0,0,4,0,Medium
2022,5,Monday,2,Punjab,Sialkot,Rural Road,Good,Rainy,No Light,Bus/Coach,2,Wrong Overtaking,0,0,1,0,9,0,High
2023,5,Friday,10,Punjab,Rahim Yar Khan,Provincial Highway,Good,Clear,Daylight,Truck/Lorry,1,Wrong Overtaking,0,0,0,0,0,0,Low
2019,1,Sunday,5,KPK,Dera Ismail Khan,Provincial Highway,Average,Clear,Dawn/Dusk,Motorcycle,2,Wrong Overtaking,0,1,1,1,6,1,High
2019,6,Sunday,19,KPK,Dera Ismail Khan,Rural Road,Average,Dusty/Smoggy,Street Light,Motorcycle,2,Road Condition,1,1,0,0,0,0,Low
2019,2,Monday,18,KPK,Swat,National Highway,Average,Foggy,Daylight,Van/Pickup,4,Over Speeding,1,0,0,1,10,0,High
2023,2,Thursday,12,Punjab,Bahawalpur,National Highway,Good,Clear,Daylight,Bicycle,3,Mechanical Failure,1,0,0,1,2,0,Medium
2021,2,Saturday,18,Islamabad,Islamabad,National Highway,Average,Clear,Dawn/Dusk,Motorcycle,2,Drunk Driving,1,1,0,1,4,2,High
2021,8,Tuesday,8,Punjab,Rahim Yar Khan,National Highway,Good,Clear,Daylight,Van/Pickup,4,Over Speeding,1,0,0,0,2,0,Medium
2021,6,Friday,16,Punjab,Sheikhupura,Provincial Highway,Poor,Rainy,Street Light,Motorcycle,3,Pedestrian Error,0,0,0,0,1,1,Medium
2023,1,Friday,4,Punjab,Gujranwala,Urban Road,Average,Rainy,No Light,Motorcycle,2,Road Condition,0,0,1,1,4,2,Medium
2022,10,Thursday,16,Punjab,Lahore,Provincial Highway,Average,Clear,Daylight,Truck/Lorry,2,Drunk Driving,0,0,0,0,9,0,High
2019,2,Saturday,9,Punjab,Sialkot,Motorway,Poor,Foggy,Daylight,Car/Taxi,4,Over Speeding,1,1,0,1,1,1,Medium
2021,4,Sunday,7,Sindh,Dadu,National Highway,Under Repair,Clear,Daylight,Bus/Coach,2,Drunk Driving,1,1,0,0,3,1,High
2022,5,Friday,12,Balochistan,Zhob,National Highway,Under Repair,Dusty/Smoggy,Daylight,Motorcycle,2,Wrong Overtaking,1,0,0,0,3,2,High
2023,9,Wednesday,14,AJK,Mirpur,National Highway,Poor,Extreme Heat,Dawn/Dusk,Motorcycle,2,Mechanical Failure,0,0,0,0,2,2,Medium
2020,3,Thursday,14,KPK,Kohat,National Highway,Average,Clear,Daylight,Motorcycle,2,Wrong Overtaking,0,0,0,0,5,0,Medium
2020,4,Sunday,14,Sindh,Jacobabad,National Highway,Average,Foggy,Daylight,Motorcycle,4,Road Condition,0,1,0,0,7,2,High
2022,1,Tuesday,18,KPK,Swat,National Highway,Poor,Rainy,Dawn/Dusk,Rickshaw,2,Over Speeding,1,0,0,1,1,1,Medium
2018,8,Tuesday,11,Balochistan,Gwadar,Provincial Highway,Good,Rainy,Daylight,Motorcycle,2,Wrong Overtaking,0,0,0,0,8,2,High
2023,7,Sunday,18,Sindh,Larkana,Urban Road,Good,Clear,Daylight,Truck/Lorry,1,Over Speeding,1,1,0,0,0,0,Low
2023,12,Monday,21,KPK,Bannu,Provincial Highway,Poor,Foggy,No Light,Car/Taxi,3,Signal Violation,0,0,0,1,2,1,Medium
2020,7,Monday,13,Sindh,Kashmore,Urban Road,Under Repair,Rainy,Daylight,Truck/Lorry,4,Over Speeding,1,0,0,0,2,0,Medium
2023,7,Monday,6,Punjab,Rawalpindi,Provincial Highway,Good,Clear,Daylight,Motorcycle,2,Road Condition,0,0,0,0,0,0,Low
2021,10,Tuesday,9,Sindh,Kashmore,Provincial Highway,Poor,Foggy,Street Light,Motorcycle,2,Signal Violation,1,0,0,0,10,0,High
2021,3,Thursday,15,KPK,Abbottabad,Rural Road,Poor,Rainy,Daylight,Motorcycle,2,Drunk Driving,0,0,0,0,5,0,High
2018,12,Monday,17,KPK,Abbottabad,Provincial Highway,Good,Rainy,Daylight,Motorcycle,3,Mobile Phone Use,1,0,0,1,2,1,High
2019,10,Friday,10,Punjab,Rawalpindi,Provincial Highway,Good,Clear,Daylight,Car/Taxi,3,Pedestrian Error,0,0,0,0,2,0,Low
2022,11,Saturday,12,Sindh,Thatta,Rural Road,Good,Foggy,Street Light,Car/Taxi,2,Road Condition,1,1,0,1,0,0,Low
2023,11,Sunday,6,Balochistan,Sibi,Provincial Highway,Good,Clear,Daylight,Motorcycle,2,Pedestrian Error,0,1,0,1,3,1,Medium
2022,1,Friday,8,AJK,Muzaffarabad,National Highway,Good,Clear,No Light,Bicycle,4,Road Condition,1,0,0,1,11,2,High
2023,3,Sunday,14,Punjab,Bahawalpur,National Highway,Average,Clear,Daylight,Motorcycle,1,Wrong Overtaking,0,1,0,0,1,0,Medium
2022,4,Wednesday,21,Punjab,Multan,Motorway,Average,Clear,Street Light,Car/Taxi,2,Mechanical Failure,0,0,0,0,2,0,Low
2022,11,Tuesday,8,KPK,Dera Ismail Khan,Provincial Highway,Under Repair,Clear,Daylight,Van/Pickup,3,Wrong Overtaking,1,0,0,1,1,1,Medium
2019,3,Tuesday,21,Punjab,Sargodha,Rural Road,Average,Dusty/Smoggy,Street Light,Car/Taxi,1,Road Condition,0,0,0,0,2,0,Low
2022,11,Monday,10,Punjab,Multan,National Highway,Average,Clear,Daylight,Van/Pickup,2,Over Speeding,0,0,0,1,5,0,Medium
2023,5,Monday,17,Punjab,Rahim Yar Khan,Rural Road,Good,Clear,Daylight,Motorcycle,1,Pedestrian Error,1,0,0,0,4,1,Medium
2020,7,Sunday,6,KPK,Peshawar,Rural Road,Poor,Rainy,Daylight,Car/Taxi,3,Over Speeding,0,1,0,0,2,0,Low
2020,11,Wednesday,9,KPK,Nowshera,National Highway,Poor,Clear,Daylight,Van/Pickup,1,Over Speeding,1,0,0,1,4,0,Medium
2020,11,Sunday,21,Sindh,Sukkur,Urban Road,Good,Clear,No Light,Truck/Lorry,2,Driver Fatigue,0,1,0,1,3,0,Medium
2019,11,Wednesday,19,Sindh,Mirpur Khas,Provincial Highway,Poor,Foggy,Street Light,Motorcycle,3,Mechanical Failure,1,0,0,1,1,1,Medium
2019,9,Monday,22,Sindh,Sukkur,Provincial Highway,Average,Clear,Street Light,Other,1,Driver Fatigue,0,0,1,0,4,0,Medium
2018,5,Sunday,10,Punjab,Lahore,Rural Road,Good,Dusty/Smoggy,Daylight,Motorcycle,2,Signal Violation,0,1,0,0,4,1,Medium
2023,9,Wednesday,9,Sindh,Dadu,Urban Road,Average,Clear,Daylight,Motorcycle,3,Over Speeding,1,0,0,0,3,0,Medium
2019,2,Friday,16,Punjab,Faisalabad,National Highway,Average,Clear,Daylight,Motorcycle,4,Wrong Overtaking,0,0,0,1,3,3,High
2023,1,Tuesday,17,Sindh,Hyderabad,Urban Road,Good,Rainy,Daylight,Car/Taxi,1,Driver Fatigue,1,0,0,1,5,1,Medium
2023,2,Thursday,11,Punjab,Sialkot,Provincial Highway,Good,Rainy,Daylight,Car/Taxi,1,Wrong Overtaking,0,0,0,1,5,0,Medium
2023,3,Thursday,6,KPK,Peshawar,Rural Road,Good,Clear,Daylight,Truck/Lorry,2,Over Speeding,0,0,0,0,1,0,Medium
2021,9,Saturday,13,Sindh,Thatta,National Highway,Poor,Clear,Daylight,Truck/Lorry,2,Mobile Phone Use,1,1,0,0,3,1,Medium
2022,9,Thursday,13,Punjab,Multan,Rural Road,Poor,Foggy,Dawn/Dusk,Motorcycle,1,Mechanical Failure,1,0,0,0,1,0,Low
2020,2,Monday,17,Punjab,Rawalpindi,National Highway,Good,Clear,Daylight,Car/Taxi,2,Wrong Overtaking,1,0,0,1,5,0,Medium
2021,1,Tuesday,7,Punjab,Gujranwala,Rural Road,Good,Clear,Daylight,Car/Taxi,2,Over Speeding,1,0,0,1,2,0,Low
2018,2,Sunday,8,Sindh,Thatta,National Highway,Average,Clear,Dawn/Dusk,Bus/Coach,2,Signal Violation,1,1,0,1,10,1,High
2021,4,Thursday,5,Punjab,Lahore,Motorway,Good,Clear,Street Light,Motorcycle,3,Road Condition,0,0,1,0,4,0,Medium
2023,7,Monday,7,Punjab,Gujranwala,Rural Road,Average,Rainy,Daylight,Rickshaw,2,Mobile Phone Use,1,0,0,0,1,0,Low
2019,2,Saturday,20,Sindh,Dadu,National Highway,Under Repair,Foggy,Street Light,Car/Taxi,2,Mechanical Failure,1,1,0,1,2,0,Medium
2021,6,Thursday,11,KPK,Mardan,Urban Road,Under Repair,Clear,Daylight,Car/Taxi,2,Signal Violation,0,0,0,0,1,0,Low
2020,11,Saturday,18,Punjab,Bahawalpur,National Highway,Poor,Clear,Daylight,Car/Taxi,2,Drunk Driving,1,1,0,1,5,0,Medium