year,month,day_of_week,hour_of_day,province,district,road_type,road_condition,weather_condition,lighting_condition,vehicle_type,vehicles_involved,accident_cause,is_rush_hour,is_weekend,is_night,is_foggy_month,num_injured,num_killed,severity
2018,2,Monday,20,Sindh,Hyderabad,National Highway,Good,Clear,No Light,Motorcycle,1,Drunk Driving,1,0,0,1,2,1,High
2018,6,Sunday,3,Islamabad,Islamabad,Urban Road,Poor,Rainy,Street Light,Car/Taxi,2,Mechanical Failure,0,1,1,0,1,0,Low
2023,1,Wednesday,22,Islamabad,Islamabad,National Highway,Poor,Foggy,No Light,Truck/Lorry,3,Wrong Overtaking,0,0,1,1,6,0,High
2018,9,Monday,10,Punjab,Sargodha,Urban Road,Good,Rainy,No Light,Truck/Lorry,1,Signal Violation,0,0,0,0,3,1,Medium
2020,8,Thursday,20,KPK,Bannu,Provincial Highway,Good,Clear,No Light,Motorcycle,1,Road Condition,1,0,0,0,4,0,Medium
2020,5,Saturday,6,Sindh,Mirpur Khas,Rural Road,Good,Clear,No Light,Car/Taxi,3,Over Speeding,0,1,0,0,1,0,Low
2021,2,Thursday,22,AJK,Rawalakot,National Highway,Average,Foggy,No Light,Bicycle,1,Signal Violation,0,0,1,1,8,0,High
2020,12,Monday,15,Sindh,Dadu,Provincial Highway,Average,Extreme Heat,Street Light,Car/Taxi,2,Mechanical Failure,0,0,0,1,1,0,Low
2022,5,Monday,14,KPK,Peshawar,National Highway,Good,Clear,Daylight,Motorcycle,1,Signal Violation,0,0,0,0,1,0,Medium
2022,12,Sunday,17,KPK,Nowshera,Urban Road,Poor,Clear,Daylight,Motorcycle,3,Wrong Overtaking,1,1,0,1,2,0,Medium
2022,12,Wednesday,8,Sindh,Larkana,Urban Road,Average,Rainy,Daylight,Car/Taxi,4,Wrong Overtaking,1,0,0,1,2,0,Medium
2023,6,Tuesday,17,KPK,Nowshera,National Highway,Good,Foggy,Daylight,Motorcycle,2,Road Condition,1,0,0,0,5,0,High
2019,6,Saturday,17,Punjab,Lahore,Urban Road,Good,Clear,Daylight,Bicycle,1,Mechanical Failure,1,1,0,0,5,1,Medium
2019,4,Tuesday,11,Punjab,Sargodha,Provincial Highway,Good,Clear,Street Light,Rickshaw,2,Over Speeding,0,0,0,0,0,0,Low
2022,1,Thursday,21,Sindh,Jacobabad,Rural Road,Average,Clear,Street Light,Van/Pickup,3,Drunk Driving,0,0,0,1,3,0,Medium
2022,5,Wednesday,8,Islamabad,Islamabad,Urban Road,Average,Dusty/Smoggy,No Light,Bus/Coach,1,Over Speeding,1,0,0,0,2,0,Low
2023,12,Wednesday,7,Sindh,Kashmore,Provincial Highway,Average,Clear,Dawn/Dusk,Rickshaw,1,Over Speeding,1,0,0,1,0,0,Low
2023,1,Friday,11,Sindh,Kashmore,Urban Road,Poor,Clear,Dawn/Dusk,Car/Taxi,2,Over Speeding,0,0,0,1,2,0,Low
2022,12,Saturday,5,Sindh,Jacobabad,Urban Road,Poor,Rainy,Dawn/Dusk,Motorcycle,3,Over Speeding,0,1,1,1,10,4,High
2018,2,Wednesday,5,Punjab,Rahim Yar Khan,Urban Road,Good,Foggy,Daylight,Car/Taxi,1,Over Speeding,0,0,1,1,3,0,Medium
2022,5,Friday,14,Punjab,Faisalabad,Provincial Highway,Average,Clear,Daylight,Bus/Coach,2,Over Speeding,0,0,0,0,5,0,Medium
2023,5,Friday,10,KPK,Mansehra,Urban Road,Under Repair,Clear,Daylight,Motorcycle,4,Driver Fatigue,0,0,0,0,1,2,Medium
2021,10,Friday,3,AJK,Rawalakot,Rural Road,Average,Clear,Street Light,Motorcycle,2,Signal Violation,0,0,1,0,10,2,High
2021,11,Tuesday,12,Punjab,Sialkot,Provincial Highway,Poor,Clear,Daylight,Motorcycle,2,Road Condition,1,0,0,1,4,1,Medium
2019,6,Saturday,21,Punjab,Gujranwala,Rural Road,Average,Rainy,Street Light,Car/Taxi,3,Signal Violation,0,1,0,0,3,0,Medium
2020,2,Wednesday,19,Punjab,Multan,Rural Road,Good,Clear,Dawn/Dusk,Rickshaw,1,Signal Violation,1,0,0,1,1,0,Low
2022,10,Saturday,10,Punjab,Bahawalpur,Provincial Highway,Good,Clear,Daylight,Motorcycle,1,Over Speeding,0,1,0,0,8,0,High
2022,6,Sunday,7,Punjab,Faisalabad,National Highway,Poor,Clear,Daylight,Truck/Lorry,1,Over Speeding,1,1,0,0,1,1,Medium
2018,4,Friday,20,Sindh,Jacobabad,Rural Road,Good,Foggy,Street Light,Car/Taxi,2,Signal Violation,1,0,0,0,1,1,Low
2018,5,Friday,15,Punjab,Multan,Provincial Highway,Poor,Rainy,Daylight,Motorcycle,4,Wrong Overtaking,0,0,0,0,3,2,High
2018,1,Thursday,22,Punjab,Sargodha,Provincial Highway,Poor,Dusty/Smoggy,No Light,Bus/Coach,2,Over Speeding,0,0,1,1,11,1,High
2022,11,Monday,13,KPK,Kohat,Rural Road,Good,Clear,Daylight,Bicycle,2,Over Speeding,1,0,0,1,1,0,Medium
2019,10,Monday,8,Islamabad,Islamabad,National Highway,Poor,Foggy,Daylight,Bus/Coach,2,Over Speeding,1,0,0,0,6,0,High
2020,5,Wednesday,18,Punjab,Gujranwala,National Highway,Good,Clear,Daylight,Van/Pickup,2,Over Speeding,1,0,0,0,5,0,Medium
2018,11,Monday,16,KPK,Bannu,Urban Road,Good,Clear,Daylight,Other,2,Drunk Driving,0,0,0,1,3,0,Medium
2020,10,Tuesday,13,Punjab,Gujranwala,Provincial Highway,Under Repair,Foggy,Daylight,Motorcycle,2,Wrong Overtaking,1,0,0,0,7,1,High
2023,7,Friday,14,Islamabad,Islamabad,Urban Road,Good,Clear,Daylight,Car/Taxi,2,Wrong Overtaking,0,0,0,0,2,0,Low
2021,4,Friday,3,KPK,Charsadda,Provincial Highway,Under Repair,Extreme Heat,Street Light,Car/Taxi,1,Driver Fatigue,0,0,1,0,2,0,Medium
2021,12,Thursday,13,KPK,Nowshera,National Highway,Average,Foggy,Dawn/Dusk,Car/Taxi,1,Drunk Driving,1,0,0,1,10,0,High
2023,7,Saturday,21,Punjab,Multan,Motorway,Average,Rainy,No Light,Car/Taxi,2,Pedestrian Error,0,1,0,0,4,0,Medium
2023,7,Monday,16,Sindh,Thatta,Provincial Highway,Average,Rainy,Daylight,Car/Taxi,1,Wrong Overtaking,0,0,0,0,4,0,Medium
2020,7,Sunday,14,Sindh,Jacobabad,Provincial Highway,Good,Clear,No Light,Motorcycle,3,Over Speeding,0,1,0,0,9,2,High
2023,2,Saturday,23,Punjab,Multan,Rural Road,Good,Clear,Street Light,Motorcycle,1,Signal Violation,0,1,1,1,3,0,Medium
2021,7,Saturday,12,Punjab,Sialkot,National Highway,Poor,Foggy,Daylight,Car/Taxi,2,Driver Fatigue,1,1,0,0,10,1,High
2021,8,Sunday,21,Sindh,Jacobabad,National Highway,Good,Clear,Street Light,Bus/Coach,2,Over Speeding,0,1,0,0,1,0,Medium
2018,4,Saturday,9,KPK,Dera Ismail Khan,Provincial Highway,Good,Foggy,Street Light,Motorcycle,3,Signal Violation,1,1,0,0,4,0,Medium
2023,1,Thursday,14,Punjab,Sargodha,Rural Road,Good,Rainy,Dawn/Dusk,Van/Pickup,3,Drunk Driving,0,0,0,1,2,0,Medium
2019,8,Wednesday,5,Sindh,Thatta,National Highway,Average,Foggy,Street Light,Motorcycle,1,Over Speeding,0,0,1,0,7,3,High
2019,4,Friday,14,Punjab,Sheikhupura,Rural Road,Poor,Foggy,Dawn/Dusk,Bus/Coach,1,Drunk Driving,0,0,0,0,6,0,High
2022,12,Thursday,18,Punjab,Gujranwala,National Highway,Average,Dusty/Smoggy,Daylight,Rickshaw,3,Wrong Overtaking,1,0,0,1,3,0,Medium
2023,7,Monday,10,Sindh,Hyderabad,Urban Road,Poor,Foggy,Daylight,Truck/Lorry,2,Wrong Overtaking,0,0,0,0,0,0,Low
2020,1,Tuesday,2,Punjab,Rahim Yar Khan,Provincial Highway,Under Repair,Clear,No Light,Car/Taxi,2,Signal Violation,0,0,1,1,1,0,Medium
2020,7,Thursday,10,Sindh,Mirpur Khas,National Highway,Good,Rainy,Daylight,Motorcycle,2,Driver Fatigue,0,0,0,0,10,2,High
2020,9,Sunday,17,Punjab,Sargodha,Provincial Highway,Average,Dusty/Smoggy,Daylight,Motorcycle,3,Wrong Overtaking,1,1,0,0,3,2,High
2019,6,Friday,7,Sindh,Sukkur,National Highway,Average,Clear,Daylight,Motorcycle,3,Wrong Overtaking,1,0,0,0,2,0,Medium
2023,7,Tuesday,9,Sindh,Kashmore,National Highway,Poor,Clear,Daylight,Van/Pickup,2,Wrong Overtaking,1,0,0,0,0,0,Low
2023,11,Sunday,16,Islamabad,Islamabad,Rural Road,Good,Foggy,Daylight,Car/Taxi,1,Wrong Overtaking,0,1,0,1,2,0,Low
2022,6,Sunday,8,Punjab,Gujranwala,Rural Road,Poor,Clear,Daylight,Motorcycle,2,Wrong Overtaking,1,1,0,0,4,0,Medium
2018,12,Thursday,12,KPK,Mansehra,Urban Road,Good,Clear,Daylight,Motorcycle,2,Over Speeding,1,0,0,1,4,1,High
2023,3,Sunday,9,Punjab,Sialkot,Rural Road,Good,Foggy,Daylight,Motorcycle,1,Signal Violation,1,1,0,0,6,1,High
2023,12,Monday,11,Sindh,Larkana,Urban Road,Poor,Foggy,Daylight,Motorcycle,4,Driver Fatigue,0,0,0,1,2,2,Medium
2020,10,Friday,1,Sindh,Sukkur,National Highway,Good,Clear,No Light,Other,2,Wrong Overtaking,0,0,1,0,8,2,High
2021,8,Thursday,0,Punjab,Multan,Rural Road,Under Repair,Clear,No Light,Bus/Coach,2,Pedestrian Error,0,0,1,0,2,1,Medium
2023,1,Tuesday,18,Sindh,Karachi,National Highway,Poor,Dusty/Smoggy,Daylight,Car/Taxi,2,Mechanical Failure,1,0,0,1,2,0,Low
2021,12,Monday,15,Punjab,Bahawalpur,Provincial Highway,Good,Foggy,Daylight,Car/Taxi,2,Pedestrian Error,0,0,0,1,1,0,Medium
2022,8,Sunday,5,Punjab,Rawalpindi,Provincial Highway,Good,Foggy,Dawn/Dusk,Car/Taxi,2,Over Speeding,0,1,1,0,9,1,High
2023,11,Saturday,8,Punjab,Multan,Provincial Highway,Poor,Clear,Daylight,Motorcycle,1,Over Speeding,1,1,0,1,5,0,High
2020,2,Tuesday,9,KPK,Bannu,Urban Road,Average,Clear,Daylight,Motorcycle,4,Wrong Overtaking,1,0,0,1,4,0,Medium
2022,12,Thursday,10,KPK,Dera Ismail Khan,National Highway,Average,Dusty/Smoggy,Street Light,Car/Taxi,1,Signal Violation,0,0,0,1,2,0,Medium
2021,12,Sunday,23,Punjab,Sheikhupura,Urban Road,Good,Foggy,No Light,Car/Taxi,2,Wrong Overtaking,0,1,1,1,1,0,Medium
2018,10,Friday,9,Punjab,Sialkot,Provincial Highway,Poor,Clear,Daylight,Car/Taxi,1,Wrong Overtaking,1,0,0,0,1,0,Low
2020,1,Sunday,18,Punjab,Multan,National Highway,Good,Foggy,Daylight,Motorcycle,1,Over Speeding,1,1,0,1,4,3,High
2023,2,Friday,3,Punjab,Bahawalpur,Rural Road,Under Repair,Foggy,Street Light,Motorcycle,4,Signal Violation,0,0,1,1,6,2,High
2021,2,Friday,13,KPK,Nowshera,Provincial Highway,Good,Foggy,Daylight,Truck/Lorry,2,Wrong Overtaking,1,0,0,1,4,2,High
2020,5,Friday,19,Sindh,Nawabshah,Rural Road,Average,Foggy,Dawn/Dusk,Motorcycle,1,Over Speeding,1,0,0,0,2,1,High
2019,7,Sunday,9,Punjab,Sialkot,National Highway,Poor,Clear,Daylight,Motorcycle,2,Over Speeding,1,1,0,0,11,0,High
2018,1,Friday,11,Punjab,Sheikhupura,Rural Road,Average,Clear,Daylight,Car/Taxi,1,Mechanical Failure,0,0,0,1,1,0,Low
2018,1,Sunday,19,KPK,Swat,National Highway,Good,Rainy,Street Light,Motorcycle,3,Mechanical Failure,1,1,0,1,8,1,High
2018,2,Monday,17,Punjab,Sialkot,Motorway,Under Repair,Rainy,Street Light,Car/Taxi,1,Signal Violation,1,0,0,1,1,0,Medium
2020,12,Thursday,12,Punjab,Faisalabad,Urban Road,Average,Clear,No Light,Truck/Lorry,3,Over Speeding,1,0,0,1,1,0,Medium
2018,5,Tuesday,12,KPK,Bannu,Urban Road,Average,Rainy,Daylight,Van/Pickup,1,Over Speeding,1,0,0,0,0,0,Low
2023,12,Tuesday,11,Sindh,Jacobabad,Provincial Highway,Poor,Foggy,Dawn/Dusk,Motorcycle,2,Signal Violation,0,0,0,1,10,1,High
2023,2,Saturday,16,Sindh,Thatta,Urban Road,Good,Clear,No Light,Rickshaw,2,Wrong Overtaking,0,1,0,1,2,0,Low
2023,3,Monday,0,Balochistan,Turbat,Rural Road,Poor,Dusty/Smoggy,No Light,Bus/Coach,2,Pedestrian Error,0,0,1,0,2,0,Low
2019,1,Saturday,13,Punjab,Gujranwala,National Highway,Good,Clear,Daylight,Car/Taxi,3,Over Speeding,1,1,0,1,4,0,Medium
2023,8,Thursday,15,KPK,Bannu,Provincial Highway,Good,Clear,Daylight,Car/Taxi,3,Wrong Overtaking,0,0,0,0,0,0,Low
2022,7,Thursday,18,Punjab,Rawalpindi,National Highway,Good,Rainy,Daylight,Motorcycle,2,Over Speeding,1,0,0,0,4,0,High
2018,11,Wednesday,6,Sindh,Jacobabad,Urban Road,Good,Foggy,Daylight,Motorcycle,3,Signal Violation,0,0,0,1,7,0,High
2023,12,Friday,18,Balochistan,Hub,Provincial Highway,Good,Clear,Daylight,Car/Taxi,1,Mechanical Failure,1,0,0,1,0,0,Low
2023,8,Thursday,7,Sindh,Nawabshah,Rural Road,Under Repair,Foggy,Daylight,Bus/Coach,3,Signal Violation,1,0,0,0,4,1,Medium
2019,2,Sunday,10,KPK,Kohat,National Highway,Average,Clear,Daylight,Motorcycle,2,Weather Condition,0,1,0,1,6,2,High
2021,12,Saturday,6,KPK,Mansehra,National Highway,Average,Clear,Dawn/Dusk,Van/Pickup,2,Over Speeding,0,1,0,1,1,1,Medium
2022,10,Monday,11,Punjab,Sheikhupura,Provincial Highway,Good,Clear,Daylight,Motorcycle,2,Wrong Overtaking,0,0,0,0,1,0,Medium
2023,2,Sunday,20,KPK,Nowshera,Provincial Highway,Under Repair,Foggy,No Light,Motorcycle,2,Over Speeding,1,1,0,1,7,2,High
2022,5,Saturday,12,Balochistan,Quetta,Urban Road,Under Repair,Clear,Daylight,Truck/Lorry,1,Wrong Overtaking,1,1,0,0,2,0,Low
2022,9,Monday,17,Sindh,Dadu,Provincial Highway,Under Repair,Dusty/Smoggy,Daylight,Rickshaw,1,Mechanical Failure,1,0,0,0,2,0,Low
2023,12,Thursday,9,Punjab,Faisalabad,Urban Road,Average,Rainy,Daylight,Car/Taxi,1,Signal Violation,1,0,0,1,4,1,Medium
2022,11,Sunday,9,Punjab,Multan,Urban Road,Average,Clear,Daylight,Rickshaw,1,Road Condition,1,1,0,1,2,0,Low
2018,11,Saturday,2,Punjab,Multan,National Highway,Good,Clear,No Light,Truck/Lorry,2,Over Speeding,0,1,1,1,8,0,High
2020,5,Thursday,21,Punjab,Gujranwala,Rural Road,Good,Foggy,Street Light,Rickshaw,2,Wrong Overtaking,0,0,0,0,2,0,Low
2022,10,Sunday,19,Sindh,Kashmore,National Highway,Poor,Foggy,Dawn/Dusk,Motorcycle,4,Wrong Overtaking,1,1,0,0,5,0,High
2019,10,Thursday,17,Punjab,Multan,Urban Road,Good,Rainy,Daylight,Car/Taxi,2,Pedestrian Error,1,0,0,0,0,0,Low
2019,11,Tuesday,12,Punjab,Bahawalpur,Provincial Highway,Good,Clear,Daylight,Car/Taxi,1,Over Speeding,1,0,0,1,4,0,Medium
2019,6,Monday,21,Sindh,Dadu,Provincial Highway,Poor,Foggy,Street Light,Car/Taxi,2,Mechanical Failure,0,0,0,0,2,0,Low
2023,12,Friday,10,Sindh,Hyderabad,Urban Road,Good,Clear,Street Light,Rickshaw,1,Over Speeding,0,0,0,1,1,0,Low
2022,9,Friday,18,Sindh,Dadu,Motorway,Under Repair,Clear,Daylight,Bus/Coach,1,Weather Condition,1,0,0,0,5,1,Medium
2019,8,Friday,19,KPK,Mardan,National Highway,Good,Rainy,Street Light,Truck/Lorry,2,Over Speeding,1,0,0,0,4,2,High
2022,1,Sunday,10,Punjab,Rawalpindi,Urban Road,Average,Clear,Daylight,Car/Taxi,1,Weather Condition,0,1,0,1,1,0,Low
2018,3,Monday,9,Punjab,Sialkot,National Highway,Average,Clear,Daylight,Motorcycle,2,Wrong Overtaking,1,0,0,0,5,1,Medium
2018,3,Wednesday,8,Punjab,Sheikhupura,Rural Road,Average,Clear,Daylight,Van/Pickup,2,Mechanical Failure,1,0,0,0,2,0,Low
2021,1,Tuesday,13,Sindh,Jacobabad,Rural Road,Under Repair,Clear,Daylight,Motorcycle,2,Over Speeding,1,0,0,1,9,4,High
2019,2,Tuesday,12,Punjab,Bahawalpur,Provincial Highway,Under Repair,Clear,Daylight,Motorcycle,2,Signal Violation,1,0,0,1,1,2,Medium
2020,11,Tuesday,21,KPK,Mardan,Provincial Highway,Poor,Clear,No Light,Bus/Coach,1,Over Speeding,0,0,0,1,4,2,Medium
2023,6,Thursday,20,Punjab,Sheikhupura,National Highway,Good,Rainy,Street Light,Motorcycle,1,Pedestrian Error,1,0,0,0,3,2,Medium
2023,7,Saturday,18,Islamabad,Islamabad,Rural Road,Good,Foggy,Daylight,Other,2,Wrong Overtaking,1,1,0,0,2,1,Medium
2019,1,Monday,16,Sindh,Nawabshah,Rural Road,Poor,Foggy,Dawn/Dusk,Motorcycle,2,Over Speeding,0,0,0,1,2,2,Medium
2019,1,Tuesday,8,Sindh,Sukkur,Urban Road,Average,Rainy,Daylight,Bus/Coach,2,Mechanical Failure,1,0,0,1,3,0,Medium
2022,9,Thursday,13,KPK,Mardan,National Highway,Average,Foggy,Daylight,Motorcycle,2,Driver Fatigue,1,0,0,0,3,0,High
2018,11,Sunday,13,KPK,Mardan,National Highway,Poor,Clear,No Light,Motorcycle,2,Signal Violation,1,1,0,1,11,1,High
2020,5,Wednesday,14,Sindh,Kashmore,Rural Road,Average,Foggy,Daylight,Motorcycle,3,Drunk Driving,0,0,0,0,4,1,High
2023,12,Saturday,0,Islamabad,Islamabad,National Highway,Average,Clear,Street Light,Van/Pickup,4,Mechanical Failure,0,1,1,1,2,0,Medium
2021,5,Friday,9,Sindh,Dadu,National Highway,Good,Rainy,Street Light,Rickshaw,4,Driver Fatigue,1,0,0,0,3,0,Medium
2023,1,Tuesday,20,KPK,Swat,Urban Road,Average,Clear,Street Light,Motorcycle,1,Pedestrian Error,1,0,0,1,2,0,Low
2019,6,Thursday,21,Punjab,Bahawalpur,Provincial Highway,Poor,Rainy,Street Light,Motorcycle,2,Over Speeding,0,0,0,0,9,1,High
2022,4,Saturday,9,KPK,Nowshera,National Highway,Average,Dusty/Smoggy,No Light,Motorcycle,2,Road Condition,1,1,0,0,3,0,Medium
2022,3,Wednesday,18,Punjab,Gujranwala,Rural Road,Good,Rainy,Daylight,Motorcycle,1,Over Speeding,1,0,0,0,2,0,High
2021,7,Wednesday,8,Punjab,Multan,Provincial Highway,Average,Rainy,Street Light,Truck/Lorry,4,Over Speeding,1,0,0,0,8,1,High
2018,12,Thursday,22,KPK,Mansehra,National Highway,Average,Foggy,No Light,Motorcycle,3,Wrong Overtaking,0,0,1,1,9,2,High
2023,4,Friday,13,Punjab,Rahim Yar Khan,Rural Road,Under Repair,Clear,Daylight,Rickshaw,2,Pedestrian Error,1,0,0,0,1,0,Low
2019,12,Sunday,19,Punjab,Bahawalpur,Urban Road,Good,Clear,No Light,Car/Taxi,2,Over Speeding,1,1,0,1,2,0,Low
2021,12,Monday,11,Punjab,Gujranwala,Provincial Highway,Poor,Foggy,Daylight,Car/Taxi,1,Over Speeding,0,0,0,1,4,2,Medium
2020,12,Saturday,22,KPK,Mardan,Provincial Highway,Good,Foggy,Street Light,Motorcycle,4,Mobile Phone Use,0,1,1,1,2,0,Medium
2023,12,Friday,13,Balochistan,Gwadar,Provincial Highway,Average,Rainy,Daylight,Motorcycle,2,Over Speeding,1,0,0,1,2,1,High
2022,7,Friday,6,KPK,Peshawar,Provincial Highway,Good,Foggy,Daylight,Car/Taxi,1,Drunk Driving,0,0,0,0,8,0,High
2023,4,Thursday,5,KPK,Bannu,National Highway,Poor,Foggy,Daylight,Motorcycle,1,Over Speeding,0,0,1,0,6,1,High
2018,11,Wednesday,12,Sindh,Nawabshah,Rural Road,Good,Foggy,Daylight,Bicycle,1,Signal Violation,1,0,0,1,1,2,Medium
2021,5,Wednesday,20,Punjab,Sargodha,National Highway,Poor,Clear,Street Light,Motorcycle,2,Mobile Phone Use,1,0,0,0,1,0,Medium
2018,12,Tuesday,17,Punjab,Lahore,National Highway,Average,Foggy,Dawn/Dusk,Motorcycle,2,Mechanical Failure,1,0,0,1,4,2,High
2021,1,Tuesday,11,Sindh,Mirpur Khas,National Highway,Average,Rainy,Street Light,Motorcycle,2,Wrong Overtaking,0,0,0,1,7,1,High
2020,8,Thursday,16,Punjab,Sheikhupura,Urban Road,Average,Clear,Daylight,Motorcycle,1,Signal Violation,0,0,0,0,4,0,Medium
2019,9,Wednesday,8,Punjab,Lahore,Rural Road,Under Repair,Rainy,Daylight,Car/Taxi,4,Over Speeding,1,0,0,0,0,0,Low
2022,7,Saturday,13,Sindh,Karachi,Urban Road,Good,Clear,Daylight,Motorcycle,2,Drunk Driving,1,1,0,0,10,1,High
2020,3,Tuesday,11,KPK,Mardan,Provincial Highway,Good,Rainy,Street Light,Car/Taxi,3,Pedestrian Error,0,0,0,0,0,0,Low
2022,8,Friday,16,Punjab,Rawalpindi,Provincial Highway,Good,Clear,Daylight,Motorcycle,1,Mobile Phone Use,0,0,0,0,2,1,Medium
2022,2,Sunday,13,KPK,Mansehra,National Highway,Average,Clear,Daylight,Bicycle,1,Wrong Overtaking,1,1,0,1,3,1,High
2023,6,Wednesday,19,KPK,Mansehra,National Highway,Under Repair,Clear,Dawn/Dusk,Car/Taxi,2,Signal Violation,1,0,0,0,4,0,Medium
2022,3,Friday,21,KPK,Dera Ismail Khan,National Highway,Under Repair,Clear,No Light,Rickshaw,3,Mechanical Failure,0,0,0,0,1,0,Low
2021,6,Wednesday,4,AJK,Mirpur,Urban Road,Average,Clear,No Light,Bus/Coach,4,Wrong Overtaking,0,0,1,0,0,0,Low
2020,1,Monday,16,Punjab,Lahore,Provincial Highway,Average,Clear,Daylight,Van/Pickup,3,Driver Fatigue,0,0,0,1,4,0,Medium
2022,11,Wednesday,11,Sindh,Sukkur,Urban Road,Average,Clear,Daylight,Car/Taxi,3,Driver Fatigue,0,0,0,1,2,0,Low
2020,2,Thursday,3,Balochistan,Sibi,Urban Road,Average,Rainy,No Light,Rickshaw,2,Over Speeding,0,0,1,1,5,0,Medium
2021,9,Sunday,23,Sindh,Thatta,Motorway,Poor,Extreme Heat,Street Light,Motorcycle,2,Mechanical Failure,0,1,1,0,4,2,High
2020,12,Friday,9,KPK,Bannu,Provincial Highway,Poor,Foggy,Daylight,Car/Taxi,2,Signal Violation,1,0,0,1,4,1,Medium
2022,5,Friday,15,Punjab,Bahawalpur,National Highway,Good,Foggy,Daylight,Rickshaw,3,Over Speeding,0,0,0,0,4,1,Medium
2023,6,Tuesday,0,Sindh,Dadu,National Highway,Poor,Rainy,No Light,Bus/Coach,1,Weather Condition,0,0,1,0,2,0,Medium
2022,7,Sunday,11,Punjab,Sargodha,National Highway,Poor,Clear,Daylight,Motorcycle,3,Signal Violation,0,1,0,0,2,0,High
2018,6,Tuesday,14,AJK,Mirpur,National Highway,Good,Foggy,Daylight,Car/Taxi,1,Over Speeding,0,0,0,0,1,0,Medium
2022,10,Wednesday,16,KPK,Bannu,Urban Road,Poor,Foggy,No Light,Rickshaw,2,Over Speeding,0,0,0,0,2,0,Low
2018,2,Sunday,13,Balochistan,Khuzdar,Provincial Highway,Good,Extreme Heat,Daylight,Truck/Lorry,2,Wrong Overtaking,1,1,0,1,5,0,Medium
2022,12,Thursday,13,KPK,Mansehra,Rural Road,Average,Rainy,Daylight,Car/Taxi,2,Over Speeding,1,0,0,1,1,1,Medium
2021,6,Monday,5,Punjab,Sialkot,National Highway,Average,Clear,Dawn/Dusk,Car/Taxi,1,Over Speeding,0,0,1,0,3,2,Medium
2023,3,Thursday,6,Punjab,Lahore,Rural Road,Good,Clear,Daylight,Motorcycle,2,Signal Violation,0,0,0,0,1,0,Low
2022,2,Saturday,12,Balochistan,Dera Bugti,National Highway,Average,Clear,Daylight,Motorcycle,2,Signal Violation,1,1,0,1,2,0,High
2021,6,Thursday,14,Punjab,Rahim Yar Khan,Motorway,Average,Clear,Daylight,Rickshaw,1,Over Speeding,0,0,0,0,5,0,Medium
2023,12,Monday,14,Punjab,Sargodha,National Highway,Under Repair,Dusty/Smoggy,Daylight,Truck/Lorry,2,Mechanical Failure,0,0,0,1,4,1,Medium
2018,3,Friday,19,Sindh,Sukkur,National Highway,Poor,Foggy,Dawn/Dusk,Motorcycle,3,Wrong Overtaking,1,0,0,0,8,2,High
2023,3,Tuesday,14,Sindh,Hyderabad,Urban Road,Good,Clear,Daylight,Motorcycle,1,Pedestrian Error,0,0,0,0,0,0,Low
2019,6,Thursday,10,Sindh,Jacobabad,Provincial Highway,Average,Dusty/Smoggy,Dawn/Dusk,Rickshaw,2,Drunk Driving,0,0,0,0,1,0,Medium
2023,1,Friday,10,Sindh,Kashmore,Rural Road,Average,Dusty/Smoggy,Daylight,Motorcycle,1,Signal Violation,0,0,0,1,4,0,Medium
2023,6,Monday,17,KPK,Swat,National Highway,Poor,Clear,Dawn/Dusk,Motorcycle,3,Over Speeding,1,0,0,0,10,2,High
2020,2,Thursday,15,Balochistan,Loralai,Urban Road,Poor,Foggy,Daylight,Car/Taxi,2,Over Speeding,0,0,0,1,1,0,Low
2022,9,Tuesday,12,Punjab,Lahore,Provincial Highway,Poor,Clear,Street Light,Car/Taxi,3,Drunk Driving,1,0,0,0,1,0,Low
2018,10,Wednesday,7,Punjab,Rahim Yar Khan,Rural Road,Average,Dusty/Smoggy,Daylight,Car/Taxi,2,Over Speeding,1,0,0,0,5,2,Medium
2019,12,Friday,12,Sindh,Thatta,National Highway,Average,Dusty/Smoggy,Street Light,Car/Taxi,1,Signal Violation,1,0,0,1,1,1,Medium
2020,7,Tuesday,18,Islamabad,Islamabad,Rural Road,Average,Foggy,Daylight,Bus/Coach,2,Over Speeding,1,0,0,0,1,2,Medium
2020,10,Tuesday,13,Punjab,Faisalabad,National Highway,Average,Dusty/Smoggy,Daylight,Car/Taxi,1,Wrong Overtaking,1,0,0,0,1,2,Medium
2022,7,Tuesday,13,Punjab,Bahawalpur,Rural Road,Under Repair,Clear,Daylight,Motorcycle,3,Over Speeding,1,0,0,0,10,3,High
2022,12,Tuesday,17,Sindh,Thatta,Motorway,Good,Foggy,Daylight,Bus/Coach,1,Drunk Driving,1,0,0,1,6,2,High
2023,8,Friday,13,Punjab,Sheikhupura,National Highway,Poor,Clear,Daylight,Car/Taxi,2,Road Condition,1,0,0,0,1,0,Low
2023,6,Monday,11,Islamabad,Islamabad,Provincial Highway,Good,Dusty/Smoggy,Daylight,Truck/Lorry,3,Over Speeding,0,0,0,0,1,0,Medium
2021,1,Wednesday,21,Balochistan,Gwadar,Rural Road,Average,Dusty/Smoggy,Street Light,Car/Taxi,2,Drunk Driving,0,0,0,1,2,0,Low
2023,4,Thursday,9,Sindh,Karachi,Provincial Highway,Good,Foggy,Daylight,Motorcycle,2,Wrong Overtaking,1,0,0,0,3,1,Medium
2019,8,Thursday,15,Sindh,Kashmore,National Highway,Good,Rainy,No Light,Motorcycle,2,Signal Violation,0,0,0,0,10,0,High
2023,12,Saturday,10,Punjab,Bahawalpur,National Highway,Good,Clear,Dawn/Dusk,Motorcycle,2,Over Speeding,0,1,0,1,7,1,High