year,month,day_of_week,hour_of_day,province,district,road_type,road_condition,weather_condition,lighting_condition,vehicle_type,vehicles_involved,accident_cause,is_rush_hour,is_weekend,is_night,is_foggy_month,num_injured,num_killed,severity
2023,2,Tuesday,8,KPK,Bannu,Urban Road,Average,Clear,Daylight,Motorcycle,3,Mechanical Failure,1,0,0,1,0,1,Low
2023,6,Thursday,18,KPK,Bannu,National Highway,Poor,Clear,Daylight,Motorcycle,1,Over Speeding,1,0,0,0,5,1,High
2018,8,Sunday,7,Punjab,Sialkot,National Highway,Good,Clear,Daylight,Car/Taxi,1,Over Speeding,1,1,0,0,1,0,Medium
2019,6,Friday,18,Punjab,Bahawalpur,National Highway,Good,Clear,Daylight,Motorcycle,2,Wrong Overtaking,1,0,0,0,1,0,Medium
2019,1,Tuesday,18,Balochistan,Chaman,Urban Road,Good,Clear,Daylight,Truck/Lorry,2,Wrong Overtaking,1,0,0,1,2,0,Low
2023,9,Thursday,13,Sindh,Mirpur Khas,Rural Road,Good,Clear,Daylight,Car/Taxi,2,Over Speeding,1,0,0,0,1,0,Low
2023,5,Saturday,14,Sindh,Larkana,Rural Road,Good,Rainy,Daylight,Truck/Lorry,1,Pedestrian Error,0,1,0,0,0,0,Low
2020,5,Saturday,22,Punjab,Rahim Yar Khan,Urban Road,Under Repair,Foggy,No Light,Rickshaw,2,Signal Violation,0,1,1,0,5,1,Medium
2022,6,Friday,5,Punjab,Rahim Yar Khan,Provincial Highway,Good,Dusty/Smoggy,Dawn/Dusk,Bus/Coach,1,Wrong Overtaking,0,0,1,0,1,2,Medium
2018,7,Friday,12,KPK,Mardan,National Highway,Poor,Extreme Heat,Daylight,Motorcycle,2,Mobile Phone Use,1,0,0,0,10,2,High
2022,7,Saturday,14,Punjab,Rawalpindi,Urban Road,Good,Foggy,Daylight,Bus/Coach,4,Wrong Overtaking,0,1,0,0,5,2,Medium
2019,4,Wednesday,16,Sindh,Sukkur,Rural Road,Good,Clear,Daylight,Rickshaw,4,Signal Violation,0,0,0,0,2,0,Low
2023,5,Friday,3,Punjab,Sialkot,Urban Road,Good,Foggy,No Light,Van/Pickup,1,Signal Violation,0,0,1,0,2,1,Medium
2021,5,Tuesday,5,Punjab,Sargodha,Rural Road,Poor,Extreme Heat,No Light,Car/Taxi,1,Wrong Overtaking,0,0,1,0,5,0,Medium
2020,4,Wednesday,19,Islamabad,Islamabad,Urban Road,Poor,Dusty/Smoggy,Street Light,Truck/Lorry,2,Wrong Overtaking,1,0,0,0,1,1,Low
2023,1,Wednesday,19,Sindh,Nawabshah,Rural Road,Good,Clear,Dawn/Dusk,Bus/Coach,1,Signal Violation,1,0,0,1,1,0,Low
2018,2,Wednesday,21,Balochistan,Quetta,Urban Road,Average,Foggy,No Light,Van/Pickup,2,Wrong Overtaking,0,0,0,1,1,0,Low
2021,8,Saturday,16,Balochistan,Loralai,National Highway,Under Repair,Rainy,Daylight,Motorcycle,2,Pedestrian Error,0,1,0,0,9,3,High
2020,12,Thursday,20,Islamabad,Islamabad,National Highway,Average,Clear,No Light,Car/Taxi,2,Drunk Driving,1,0,0,1,6,2,High
2022,7,Saturday,18,Balochistan,Sibi,Provincial Highway,Average,Clear,Daylight,Motorcycle,2,Signal Violation,1,1,0,0,2,0,Medium
2023,1,Tuesday,14,Punjab,Bahawalpur,National Highway,Average,Clear,Daylight,Truck/Lorry,2,Pedestrian Error,0,0,0,1,3,1,Medium
2022,2,Wednesday,17,Islamabad,Islamabad,Urban Road,Good,Clear,Dawn/Dusk,Motorcycle,1,Signal Violation,1,0,0,1,4,1,Medium
2022,7,Friday,15,Punjab,Gujranwala,National Highway,Under Repair,Foggy,Daylight,Car/Taxi,3,Signal Violation,0,0,0,0,8,1,High
2018,12,Wednesday,12,Punjab,Multan,Provincial Highway,Poor,Clear,Daylight,Rickshaw,4,Over Speeding,1,0,0,1,3,1,Medium
2022,11,Sunday,13,Punjab,Gujranwala,Urban Road,Good,Clear,Daylight,Bicycle,2,Pedestrian Error,1,1,0,1,0,0,Low
2018,3,Tuesday,9,Punjab,Rawalpindi,National Highway,Average,Clear,Daylight,Motorcycle,3,Over Speeding,1,0,0,0,3,2,High
2023,3,Wednesday,20,Sindh,Dadu,Urban Road,Average,Dusty/Smoggy,No Light,Motorcycle,3,Road Condition,1,0,0,0,2,0,Low
2020,12,Saturday,3,Punjab,Gujranwala,Provincial Highway,Good,Foggy,No Light,Bus/Coach,1,Signal Violation,0,1,1,1,9,0,High
2022,5,Sunday,13,Punjab,Sargodha,Urban Road,Average,Clear,Daylight,Bicycle,2,Wrong Overtaking,1,1,0,0,2,0,Low
2021,12,Tuesday,15,Sindh,Jacobabad,Rural Road,Good,Clear,Daylight,Rickshaw,1,Mobile Phone Use,0,0,0,1,1,0,Low
2020,11,Sunday,17,Sindh,Karachi,Provincial Highway,Good,Rainy,Daylight,Car/Taxi,1,Road Condition,1,1,0,1,3,0,Medium
2022,11,Sunday,12,KPK,Mansehra,Motorway,Good,Clear,Dawn/Dusk,Motorcycle,1,Pedestrian Error,1,1,0,1,4,1,Medium
2022,5,Monday,14,Punjab,Multan,National Highway,Average,Clear,Dawn/Dusk,Rickshaw,2,Over Speeding,0,0,0,0,3,1,Medium
2020,8,Monday,21,Punjab,Rawalpindi,Rural Road,Good,Foggy,No Light,Motorcycle,2,Signal Violation,0,0,0,0,3,0,Medium
2022,3,Monday,16,Punjab,Rawalpindi,Provincial Highway,Poor,Clear,Daylight,Van/Pickup,4,Drunk Driving,0,0,0,0,0,0,Low
2019,11,Wednesday,2,Punjab,Sialkot,Rural Road,Average,Foggy,No Light,Truck/Lorry,1,Road Condition,0,0,1,1,1,1,Medium
2021,12,Tuesday,7,Sindh,Karachi,Rural Road,Good,Foggy,Daylight,Motorcycle,4,Road Condition,1,0,0,1,3,2,Medium
2022,2,Tuesday,8,Sindh,Mirpur Khas,Provincial Highway,Good,Clear,Daylight,Car/Taxi,2,Drunk Driving,1,0,0,1,5,1,Medium
2023,9,Thursday,7,Punjab,Multan,Urban Road,Average,Foggy,Daylight,Motorcycle,2,Wrong Overtaking,1,0,0,0,4,1,Medium
2019,3,Monday,16,Punjab,Rahim Yar Khan,National Highway,Average,Clear,Daylight,Bus/Coach,2,Over Speeding,0,0,0,0,2,3,High
2023,2,Wednesday,20,Punjab,Bahawalpur,Urban Road,Under Repair,Clear,Street Light,Motorcycle,2,Road Condition,1,0,0,1,1,0,Low
2021,8,Sunday,12,AJK,Muzaffarabad,Provincial Highway,Good,Clear,Daylight,Van/Pickup,1,Pedestrian Error,1,1,0,0,1,0,Low
2022,8,Sunday,18,Punjab,Bahawalpur,National Highway,Good,Clear,Daylight,Motorcycle,1,Over Speeding,1,1,0,0,9,3,High
2023,12,Sunday,11,KPK,Nowshera,National Highway,Good,Clear,Daylight,Motorcycle,1,Over Speeding,0,1,0,1,9,0,High
2020,7,Saturday,17,KPK,Abbottabad,National Highway,Average,Foggy,Dawn/Dusk,Motorcycle,2,Over Speeding,1,1,0,0,4,1,High
2023,7,Thursday,23,Punjab,Bahawalpur,Urban Road,Poor,Clear,No Light,Car/Taxi,2,Mobile Phone Use,0,0,1,0,1,0,Low
2022,12,Saturday,7,Gilgit-Baltistan,Gilgit,Provincial Highway,Good,Dusty/Smoggy,Daylight,Motorcycle,2,Signal Violation,1,1,0,1,5,0,Medium
2019,2,Tuesday,20,KPK,Swat,Rural Road,Average,Clear,Street Light,Truck/Lorry,1,Mechanical Failure,1,0,0,1,1,0,Low
2018,6,Friday,12,KPK,Abbottabad,Urban Road,Good,Clear,Daylight,Motorcycle,2,Road Condition,1,0,0,0,1,0,Low
2019,5,Tuesday,9,Punjab,Rawalpindi,Provincial Highway,Average,Foggy,Daylight,Car/Taxi,2,Signal Violation,1,0,0,0,1,0,Low
2020,1,Saturday,8,Sindh,Hyderabad,Urban Road,Poor,Extreme Heat,Street Light,Car/Taxi,2,Over Speeding,1,1,0,1,2,1,Medium
2020,4,Saturday,12,Punjab,Sargodha,Rural Road,Poor,Foggy,Daylight,Rickshaw,2,Over Speeding,1,1,0,0,3,0,Medium
2020,10,Sunday,12,Punjab,Rahim Yar Khan,Rural Road,Poor,Dusty/Smoggy,Daylight,Rickshaw,1,Wrong Overtaking,1,1,0,0,2,0,Low
2018,2,Thursday,18,KPK,Abbottabad,Provincial Highway,Good,Clear,Daylight,Truck/Lorry,1,Over Speeding,1,0,0,1,5,0,Medium
2020,7,Monday,14,Balochistan,Loralai,Urban Road,Good,Extreme Heat,Daylight,Rickshaw,1,Driver Fatigue,0,0,0,0,0,0,Low
2021,1,Friday,13,Punjab,Faisalabad,Provincial Highway,Average,Clear,Daylight,Motorcycle,2,Wrong Overtaking,1,0,0,1,2,2,Medium
2023,1,Friday,10,KPK,Abbottabad,Rural Road,Poor,Clear,Street Light,Rickshaw,1,Over Speeding,0,0,0,1,2,0,Low
2022,9,Monday,19,KPK,Abbottabad,National Highway,Good,Foggy,Street Light,Car/Taxi,2,Wrong Overtaking,1,0,0,0,11,2,High
2022,6,Thursday,7,Punjab,Sargodha,Provincial Highway,Average,Foggy,Daylight,Car/Taxi,1,Road Condition,1,0,0,0,2,0,Medium
2019,10,Thursday,0,Sindh,Kashmore,Rural Road,Average,Dusty/Smoggy,No Light,Motorcycle,2,Wrong Overtaking,0,0,1,0,8,1,High
2020,8,Monday,16,Sindh,Larkana,Provincial Highway,Good,Dusty/Smoggy,Street Light,Rickshaw,2,Over Speeding,0,0,0,0,1,0,Medium
2021,12,Saturday,6,KPK,Dera Ismail Khan,Rural Road,Good,Clear,Daylight,Car/Taxi,2,Signal Violation,0,1,0,1,1,0,Low
2020,12,Monday,11,KPK,Nowshera,Urban Road,Good,Extreme Heat,Daylight,Car/Taxi,2,Over Speeding,0,0,0,1,1,0,Low
2018,3,Monday,8,Punjab,Rawalpindi,Urban Road,Good,Clear,Daylight,Motorcycle,1,Mobile Phone Use,1,0,0,0,2,1,Low
2022,6,Friday,18,Sindh,Kashmore,National Highway,Under Repair,Clear,Daylight,Motorcycle,3,Over Speeding,1,0,0,0,11,0,High
2020,6,Monday,21,KPK,Bannu,National Highway,Under Repair,Clear,No Light,Truck/Lorry,2,Driver Fatigue,0,0,0,0,4,1,Medium
2020,8,Sunday,23,KPK,Mardan,Provincial Highway,Poor,Rainy,No Light,Motorcycle,2,Driver Fatigue,0,1,1,0,3,3,High
2022,11,Wednesday,7,Punjab,Rawalpindi,National Highway,Poor,Extreme Heat,Daylight,Rickshaw,2,Signal Violation,1,0,0,1,0,0,Low
2022,6,Saturday,10,Sindh,Nawabshah,Urban Road,Good,Foggy,Daylight,Motorcycle,4,Over Speeding,0,1,0,0,7,1,High
2020,2,Saturday,4,Balochistan,Zhob,Urban Road,Poor,Dusty/Smoggy,No Light,Motorcycle,3,Weather Condition,0,1,1,1,0,0,Low
2018,11,Monday,8,Punjab,Sialkot,Rural Road,Poor,Clear,Daylight,Car/Taxi,3,Over Speeding,1,0,0,1,0,0,Low
2023,8,Wednesday,17,Sindh,Kashmore,National Highway,Average,Clear,Daylight,Motorcycle,2,Signal Violation,1,0,0,0,3,1,Medium
2020,4,Saturday,0,KPK,Charsadda,National Highway,Good,Foggy,Street Light,Motorcycle,1,Wrong Overtaking,0,1,1,0,10,1,High
2021,2,Thursday,10,Punjab,Bahawalpur,National Highway,Poor,Rainy,Daylight,Truck/Lorry,4,Pedestrian Error,0,0,0,1,4,0,High
2023,10,Tuesday,17,Balochistan,Zhob,Provincial Highway,Average,Dusty/Smoggy,Daylight,Motorcycle,2,Over Speeding,1,0,0,0,4,1,Medium
2022,8,Tuesday,10,Punjab,Bahawalpur,National Highway,Good,Clear,Dawn/Dusk,Motorcycle,3,Pedestrian Error,0,0,0,0,10,0,High
2020,8,Wednesday,3,Punjab,Lahore,Provincial Highway,Good,Foggy,No Light,Motorcycle,1,Driver Fatigue,0,0,1,0,7,4,High
2023,11,Sunday,18,Punjab,Sargodha,Provincial Highway,Good,Foggy,Daylight,Car/Taxi,2,Wrong Overtaking,1,1,0,1,2,0,Low
2023,12,Friday,21,Punjab,Rawalpindi,Rural Road,Good,Foggy,No Light,Car/Taxi,1,Signal Violation,0,0,0,1,1,1,Low
2019,8,Tuesday,21,Punjab,Rawalpindi,National Highway,Under Repair,Foggy,Street Light,Bus/Coach,2,Driver Fatigue,0,0,0,0,8,0,High
2019,9,Friday,8,KPK,Bannu,Motorway,Average,Rainy,No Light,Motorcycle,1,Wrong Overtaking,1,0,0,0,3,1,High
2021,6,Saturday,22,Punjab,Lahore,Urban Road,Good,Clear,No Light,Bicycle,3,Mechanical Failure,0,1,1,0,3,0,Medium
2019,11,Wednesday,14,Islamabad,Islamabad,Rural Road,Under Repair,Clear,Daylight,Motorcycle,1,Wrong Overtaking,0,0,0,1,3,0,Medium
2022,4,Monday,19,Sindh,Dadu,Rural Road,Good,Clear,Daylight,Rickshaw,2,Over Speeding,1,0,0,0,2,0,Low
2020,11,Sunday,13,Sindh,Mirpur Khas,National Highway,Under Repair,Clear,Daylight,Motorcycle,2,Road Condition,1,1,0,1,4,1,High
2023,8,Friday,18,Sindh,Dadu,Rural Road,Good,Foggy,Daylight,Motorcycle,2,Driver Fatigue,1,0,0,0,7,3,High
2020,1,Thursday,19,KPK,Peshawar,Rural Road,Good,Foggy,Street Light,Van/Pickup,3,Road Condition,1,0,0,1,1,0,Low
2023,12,Monday,17,Sindh,Nawabshah,Motorway,Average,Rainy,Daylight,Motorcycle,1,Signal Violation,1,0,0,1,11,3,High
2023,3,Sunday,9,Punjab,Lahore,National Highway,Average,Clear,Daylight,Truck/Lorry,2,Mechanical Failure,1,1,0,0,4,1,Medium
2019,5,Thursday,14,Balochistan,Quetta,Rural Road,Average,Clear,Daylight,Rickshaw,4,Over Speeding,0,0,0,0,0,0,Low
2023,3,Tuesday,5,Sindh,Mirpur Khas,National Highway,Average,Rainy,Dawn/Dusk,Motorcycle,1,Road Condition,0,0,1,0,3,1,High
2022,10,Thursday,12,Punjab,Gujranwala,Rural Road,Poor,Clear,Daylight,Motorcycle,2,Pedestrian Error,1,0,0,0,3,1,Medium
2023,11,Saturday,21,Sindh,Karachi,Provincial Highway,Poor,Clear,No Light,Rickshaw,2,Mobile Phone Use,0,1,0,1,1,0,Low
2023,5,Sunday,3,Sindh,Hyderabad,Rural Road,Good,Foggy,Street Light,Car/Taxi,2,Drunk Driving,0,1,1,0,4,0,Medium
2021,1,Saturday,7,Punjab,Rawalpindi,National Highway,Good,Clear,Daylight,Rickshaw,2,Wrong Overtaking,1,1,0,1,2,0,Low
2023,3,Thursday,13,KPK,Abbottabad,Urban Road,Good,Foggy,Daylight,Van/Pickup,2,Driver Fatigue,1,0,0,0,1,0,Low
2018,2,Friday,18,KPK,Nowshera,National Highway,Average,Dusty/Smoggy,Daylight,Motorcycle,2,Signal Violation,1,0,0,1,2,0,High
2018,5,Thursday,19,Sindh,Hyderabad,Rural Road,Good,Extreme Heat,Dawn/Dusk,Motorcycle,2,Road Condition,1,0,0,0,2,0,Low
2021,2,Friday,19,Sindh,Sukkur,Urban Road,Average,Clear,Dawn/Dusk,Motorcycle,3,Pedestrian Error,1,0,0,1,1,0,Low
2023,6,Sunday,14,Islamabad,Islamabad,Provincial Highway,Average,Clear,Daylight,Motorcycle,1,Road Condition,0,1,0,0,2,0,Low
2022,7,Monday,9,Punjab,Lahore,Provincial Highway,Average,Clear,Daylight,Car/Taxi,2,Driver Fatigue,1,0,0,0,0,0,Low
2021,3,Friday,19,Sindh,Karachi,Motorway,Average,Extreme Heat,Dawn/Dusk,Motorcycle,2,Wrong Overtaking,1,0,0,0,5,1,High
2022,7,Tuesday,13,Punjab,Lahore,Provincial Highway,Poor,Foggy,Daylight,Truck/Lorry,1,Driver Fatigue,1,0,0,0,5,1,High
2023,6,Tuesday,21,KPK,Peshawar,National Highway,Average,Rainy,Street Light,Van/Pickup,2,Pedestrian Error,0,0,0,0,5,0,Medium
2022,6,Monday,8,Punjab,Multan,Motorway,Average,Clear,Daylight,Bicycle,2,Over Speeding,1,0,0,0,11,1,High
2018,10,Tuesday,22,Punjab,Lahore,Motorway,Poor,Rainy,No Light,Motorcycle,4,Over Speeding,0,0,1,0,7,1,High
2020,11,Thursday,19,KPK,Swat,Urban Road,Good,Clear,Street Light,Bus/Coach,2,Signal Violation,1,0,0,1,0,0,Low
2021,7,Tuesday,20,Sindh,Nawabshah,Provincial Highway,Average,Rainy,Street Light,Motorcycle,4,Signal Violation,1,0,0,0,3,1,High
2022,10,Monday,9,Punjab,Rawalpindi,Rural Road,Good,Extreme Heat,Daylight,Motorcycle,1,Wrong Overtaking,1,0,0,0,5,0,Medium
2022,6,Tuesday,17,Sindh,Sukkur,Motorway,Average,Foggy,Daylight,Truck/Lorry,2,Mechanical Failure,1,0,0,0,1,1,Medium
2023,4,Saturday,7,KPK,Kohat,Motorway,Average,Foggy,Daylight,Car/Taxi,2,Wrong Overtaking,1,1,0,0,2,0,Medium
2022,7,Sunday,19,Punjab,Rahim Yar Khan,Urban Road,Average,Foggy,Street Light,Car/Taxi,2,Driver Fatigue,1,1,0,0,2,0,Low
2019,7,Thursday,20,Punjab,Faisalabad,National Highway,Good,Clear,No Light,Rickshaw,1,Wrong Overtaking,1,0,0,0,2,1,Low
2019,12,Tuesday,19,Islamabad,Islamabad,Urban Road,Poor,Rainy,Dawn/Dusk,Motorcycle,2,Wrong Overtaking,1,0,0,1,5,1,Medium
2018,11,Monday,14,Sindh,Larkana,National Highway,Good,Clear,Daylight,Car/Taxi,2,Over Speeding,0,0,0,1,1,1,Medium
2020,7,Friday,18,Punjab,Lahore,Urban Road,Average,Clear,Daylight,Truck/Lorry,2,Mechanical Failure,1,0,0,0,1,0,Low
2023,10,Tuesday,21,KPK,Dera Ismail Khan,National Highway,Poor,Clear,Street Light,Car/Taxi,2,Mechanical Failure,0,0,0,0,0,1,Low
2020,2,Thursday,18,Sindh,Dadu,Provincial Highway,Poor,Clear,Daylight,Motorcycle,3,Wrong Overtaking,1,0,0,1,2,0,Medium
2019,11,Wednesday,22,Punjab,Rawalpindi,Rural Road,Good,Rainy,No Light,Motorcycle,2,Over Speeding,0,0,1,1,8,0,High
2023,7,Friday,2,Punjab,Bahawalpur,Urban Road,Good,Clear,No Light,Rickshaw,2,Signal Violation,0,0,1,0,1,0,Low
2021,9,Saturday,6,Punjab,Multan,Urban Road,Poor,Clear,Street Light,Motorcycle,2,Wrong Overtaking,0,1,0,0,0,0,Low
2021,6,Tuesday,11,Balochistan,Zhob,National Highway,Poor,Rainy,Daylight,Motorcycle,1,Signal Violation,0,0,0,0,9,2,High
2019,7,Sunday,8,Punjab,Rahim Yar Khan,Urban Road,Poor,Clear,Dawn/Dusk,Motorcycle,2,Signal Violation,1,1,0,0,2,0,Low
2023,7,Tuesday,11,Punjab,Multan,Rural Road,Under Repair,Clear,Daylight,Car/Taxi,2,Signal Violation,0,0,0,0,0,0,Low
2023,7,Friday,19,Balochistan,Gwadar,Motorway,Good,Foggy,No Light,Motorcycle,2,Over Speeding,1,0,0,0,10,1,High
2021,7,Wednesday,19,Punjab,Sialkot,Urban Road,Average,Clear,Dawn/Dusk,Rickshaw,2,Drunk Driving,1,0,0,0,5,0,Medium
2019,5,Sunday,23,Sindh,Thatta,Rural Road,Good,Foggy,Street Light,Motorcycle,3,Drunk Driving,0,1,1,0,10,3,High
2018,10,Friday,8,Punjab,Sheikhupura,Urban Road,Poor,Clear,Daylight,Car/Taxi,2,Over Speeding,1,0,0,0,1,0,Low
2019,6,Tuesday,19,Sindh,Hyderabad,Provincial Highway,Good,Clear,Dawn/Dusk,Motorcycle,4,Over Speeding,1,0,0,0,6,1,High
2023,6,Wednesday,13,Punjab,Sialkot,National Highway,Average,Foggy,Daylight,Motorcycle,3,Wrong Overtaking,1,0,0,0,3,1,High
2023,6,Monday,15,Punjab,Lahore,Motorway,Good,Clear,Daylight,Motorcycle,1,Drunk Driving,0,0,0,0,5,1,High
2020,6,Friday,12,Sindh,Jacobabad,Motorway,Good,Clear,Dawn/Dusk,Van/Pickup,3,Wrong Overtaking,1,0,0,0,1,0,Low
2019,7,Wednesday,6,KPK,Dera Ismail Khan,National Highway,Good,Clear,No Light,Car/Taxi,3,Signal Violation,0,0,0,0,0,0,Low
2021,7,Wednesday,18,KPK,Abbottabad,Motorway,Good,Foggy,Dawn/Dusk,Car/Taxi,1,Wrong Overtaking,1,0,0,0,2,0,Medium
2019,9,Tuesday,21,Sindh,Dadu,Urban Road,Good,Clear,Street Light,Rickshaw,2,Over Speeding,0,0,0,0,3,0,Medium
2022,11,Friday,18,Sindh,Nawabshah,National Highway,Good,Clear,Daylight,Truck/Lorry,2,Signal Violation,1,0,0,1,3,2,Medium
2020,3,Monday,12,Sindh,Dadu,Rural Road,Good,Foggy,Daylight,Car/Taxi,3,Driver Fatigue,1,0,0,0,3,1,Medium
2020,12,Wednesday,12,Sindh,Nawabshah,Urban Road,Good,Clear,Street Light,Motorcycle,1,Wrong Overtaking,1,0,0,1,5,1,Medium
2018,11,Friday,19,KPK,Swat,Provincial Highway,Under Repair,Rainy,Dawn/Dusk,Van/Pickup,2,Pedestrian Error,1,0,0,1,1,1,Low
2022,12,Friday,6,Sindh,Nawabshah,Provincial Highway,Good,Clear,Daylight,Motorcycle,3,Over Speeding,0,0,0,1,5,1,High
2022,6,Tuesday,16,Sindh,Karachi,Rural Road,Average,Rainy,Daylight,Motorcycle,1,Wrong Overtaking,0,0,0,0,3,0,Medium
2019,9,Saturday,21,Punjab,Rahim Yar Khan,Provincial Highway,Average,Dusty/Smoggy,No Light,Van/Pickup,1,Mechanical Failure,0,1,0,0,2,0,Low
2018,5,Saturday,15,Punjab,Bahawalpur,Provincial Highway,Average,Clear,Daylight,Motorcycle,2,Over Speeding,0,1,0,0,2,0,High
2022,2,Tuesday,7,Punjab,Rahim Yar Khan,Provincial Highway,Average,Clear,Daylight,Rickshaw,1,Wrong Overtaking,1,0,0,1,1,0,Low
2023,9,Saturday,20,Balochistan,Chaman,Rural Road,Good,Foggy,Street Light,Rickshaw,1,Over Speeding,1,1,0,0,4,0,Medium
2023,5,Wednesday,9,KPK,Abbottabad,Urban Road,Poor,Dusty/Smoggy,Daylight,Truck/Lorry,2,Signal Violation,1,0,0,0,0,0,Low
2019,8,Wednesday,21,Sindh,Mirpur Khas,Motorway,Average,Clear,Street Light,Car/Taxi,4,Over Speeding,0,0,0,0,2,0,Medium
2021,12,Friday,11,Punjab,Gujranwala,Urban Road,Good,Rainy,Daylight,Other,3,Wrong Overtaking,0,0,0,1,2,0,Low
2019,11,Saturday,16,Punjab,Rawalpindi,Rural Road,Under Repair,Clear,Daylight,Truck/Lorry,1,Signal Violation,0,1,0,1,0,0,Low
2021,7,Tuesday,7,Balochistan,Zhob,Provincial Highway,Good,Extreme Heat,Daylight,Motorcycle,1,Mechanical Failure,1,0,0,0,4,0,Medium
2020,1,Tuesday,12,Balochistan,Sibi,Urban Road,Good,Foggy,Daylight,Car/Taxi,1,Road Condition,1,0,0,1,1,0,Low
2020,1,Wednesday,23,Punjab,Rawalpindi,National Highway,Poor,Clear,Street Light,Truck/Lorry,2,Driver Fatigue,0,0,1,1,9,1,High
2023,11,Friday,17,KPK,Bannu,National Highway,Poor,Clear,Dawn/Dusk,Motorcycle,1,Over Speeding,1,0,0,1,8,0,High
2022,9,Saturday,15,Sindh,Thatta,National Highway,Good,Dusty/Smoggy,Daylight,Truck/Lorry,3,Over Speeding,0,1,0,0,11,1,High
2019,6,Monday,17,Punjab,Gujranwala,Motorway,Average,Clear,Daylight,Motorcycle,1,Pedestrian Error,1,0,0,0,4,1,Medium
2018,9,Saturday,9,KPK,Bannu,National Highway,Good,Clear,Daylight,Car/Taxi,3,Over Speeding,1,1,0,0,4,0,Medium
2020,5,Friday,12,Sindh,Jacobabad,Provincial Highway,Good,Clear,Dawn/Dusk,Bus/Coach,1,Driver Fatigue,1,0,0,0,9,1,High
2022,8,Saturday,8,KPK,Abbottabad,Motorway,Under Repair,Clear,Daylight,Bus/Coach,3,Over Speeding,1,1,0,0,5,0,Medium
2020,12,Wednesday,10,Punjab,Rahim Yar Khan,Provincial Highway,Average,Clear,No Light,Motorcycle,3,Driver Fatigue,0,0,0,1,4,0,High
2020,5,Friday,11,Punjab,Faisalabad,Rural Road,Good,Dusty/Smoggy,Daylight,Car/Taxi,2,Wrong Overtaking,0,0,0,0,1,0,Low
2023,6,Sunday,22,Punjab,Gujranwala,National Highway,Poor,Rainy,Street Light,Motorcycle,2,Road Condition,0,1,1,0,4,1,High
2020,7,Saturday,13,Punjab,Rawalpindi,Provincial Highway,Under Repair,Foggy,Daylight,Motorcycle,4,Mobile Phone Use,1,1,0,0,2,1,Medium
2021,9,Wednesday,18,Sindh,Kashmore,Provincial Highway,Average,Clear,Daylight,Bus/Coach,1,Over Speeding,1,0,0,0,5,0,Medium
2020,12,Thursday,7,Punjab,Sheikhupura,Urban Road,Good,Foggy,Dawn/Dusk,Car/Taxi,2,Pedestrian Error,1,0,0,1,1,0,Low
2022,9,Sunday,6,Sindh,Kashmore,National Highway,Average,Extreme Heat,Daylight,Rickshaw,2,Mobile Phone Use,0,1,0,0,0,0,Low
2022,3,Wednesday,19,Punjab,Sargodha,Urban Road,Good,Dusty/Smoggy,Dawn/Dusk,Motorcycle,1,Over Speeding,1,0,0,0,4,1,Medium
2023,1,Sunday,22,KPK,Dera Ismail Khan,National Highway,Average,Foggy,Street Light,Van/Pickup,3,Mechanical Failure,0,1,1,1,3,0,Medium
2020,9,Wednesday,19,Sindh,Kashmore,Rural Road,Average,Dusty/Smoggy,Dawn/Dusk,Bus/Coach,4,Over Speeding,1,0,0,0,1,0,Medium
2021,3,Friday,0,Sindh,Thatta,Provincial Highway,Under Repair,Dusty/Smoggy,No Light,Motorcycle,3,Over Speeding,0,0,1,0,7,1,High
2022,3,Wednesday,21,Punjab,Sialkot,National Highway,Average,Foggy,No Light,Motorcycle,2,Mechanical Failure,0,0,0,0,6,0,High
2021,5,Monday,6,Punjab,Sheikhupura,National Highway,Good,Rainy,Daylight,Rickshaw,3,Over Speeding,0,0,0,0,5,0,High
2022,1,Sunday,10,Punjab,Sialkot,Rural Road,Average,Clear,Daylight,Car/Taxi,1,Road Condition,0,1,0,1,1,0,Low
2022,12,Tuesday,13,Punjab,Rawalpindi,Rural Road,Average,Clear,Daylight,Car/Taxi,2,Drunk Driving,1,0,0,1,2,0,Low
2023,12,Sunday,12,Punjab,Faisalabad,Provincial Highway,Average,Foggy,Daylight,Car/Taxi,1,Driver Fatigue,1,1,0,1,4,0,Medium
2021,12,Sunday,17,Punjab,Lahore,Provincial Highway,Good,Clear,Daylight,Motorcycle,3,Wrong Overtaking,1,1,0,1,1,0,Medium
2021,5,Tuesday,11,Sindh,Dadu,Rural Road,Good,Extreme Heat,Daylight,Bus/Coach,1,Wrong Overtaking,0,0,0,0,2,0,Low
2020,2,Monday,1,Gilgit-Baltistan,Skardu,Provincial Highway,Poor,Clear,No Light,Rickshaw,2,Wrong Overtaking,0,0,1,1,0,0,Low
2019,1,Thursday,10,Punjab,Sialkot,Urban Road,Good,Dusty/Smoggy,Daylight,Rickshaw,3,Over Speeding,0,0,0,1,2,0,Low
2020,1,Tuesday,12,KPK,Swat,Provincial Highway,Poor,Foggy,Dawn/Dusk,Motorcycle,2,Wrong Overtaking,1,0,0,1,9,1,High
2021,3,Saturday,8,Punjab,Gujranwala,Rural Road,Poor,Extreme Heat,No Light,Motorcycle,3,Signal Violation,1,1,0,0,5,0,Medium
2022,10,Saturday,15,KPK,Charsadda,Motorway,Good,Rainy,Daylight,Car/Taxi,1,Road Condition,0,1,0,0,2,1,Low
2022,2,Friday,8,Sindh,Karachi,Urban Road,Good,Clear,Daylight,Motorcycle,3,Road Condition,1,0,0,1,2,0,Low
2020,9,Saturday,16,Balochistan,Chaman,National Highway,Good,Clear,Daylight,Car/Taxi,1,Road Condition,0,1,0,0,2,0,Low