year,month,day_of_week,hour_of_day,province,district,road_type,road_condition,weather_condition,lighting_condition,vehicle_type,vehicles_involved,accident_cause,is_rush_hour,is_weekend,is_night,is_foggy_month,num_injured,num_killed,severity
2023,5,Tuesday,14,Punjab,Sargodha,National Highway,Poor,Dusty/Smoggy,Daylight,Other,2,Signal Violation,0,0,0,0,1,0,Low
2018,1,Thursday,7,Punjab,Sheikhupura,National Highway,Average,Foggy,Daylight,Rickshaw,4,Road Condition,1,0,0,1,1,0,Low
2018,11,Saturday,5,Punjab,Multan,Urban Road,Good,Foggy,Dawn/Dusk,Rickshaw,2,Driver Fatigue,0,1,1,1,2,1,Medium
2023,12,Wednesday,10,Punjab,Gujranwala,Rural Road,Poor,Clear,Daylight,Motorcycle,2,Wrong Overtaking,0,0,0,1,1,1,Low
2018,3,Thursday,15,Balochistan,Chaman,Urban Road,Average,Clear,Daylight,Van/Pickup,1,Signal Violation,0,0,0,0,2,0,Low
2021,10,Thursday,12,KPK,Abbottabad,National Highway,Good,Clear,Street Light,Motorcycle,1,Weather Condition,1,0,0,0,1,2,Medium
2023,5,Tuesday,0,KPK,Dera Ismail Khan,National Highway,Average,Clear,Street Light,Motorcycle,3,Road Condition,0,0,1,0,4,0,Medium
2020,8,Friday,10,Sindh,Karachi,Urban Road,Poor,Clear,Street Light,Motorcycle,1,Mechanical Failure,0,0,0,0,2,0,Low
2022,10,Wednesday,18,Balochistan,Quetta,Urban Road,Poor,Clear,Street Light,Car/Taxi,2,Signal Violation,1,0,0,0,2,0,Low
2023,10,Monday,20,Sindh,Kashmore,National Highway,Poor,Clear,Street Light,Motorcycle,2,Road Condition,1,0,0,0,1,1,Medium
2020,12,Sunday,17,Punjab,Sialkot,Provincial Highway,Good,Clear,Street Light,Car/Taxi,2,Over Speeding,1,1,0,1,2,0,Low
2018,1,Thursday,9,KPK,Mardan,Rural Road,Poor,Foggy,Daylight,Bus/Coach,1,Pedestrian Error,1,0,0,1,2,0,Low
2020,12,Saturday,14,Punjab,Sheikhupura,National Highway,Average,Clear,Daylight,Rickshaw,2,Pedestrian Error,0,1,0,1,1,0,Low
2021,11,Thursday,21,Punjab,Gujranwala,National Highway,Good,Clear,No Light,Motorcycle,1,Pedestrian Error,0,0,0,1,5,0,Medium
2022,3,Thursday,18,Punjab,Sheikhupura,Rural Road,Under Repair,Clear,Daylight,Motorcycle,3,Pedestrian Error,1,0,0,0,2,0,Low
2022,1,Friday,17,Sindh,Thatta,Urban Road,Average,Rainy,Daylight,Car/Taxi,1,Road Condition,1,0,0,1,2,0,Low
2023,5,Friday,20,Sindh,Thatta,Provincial Highway,Good,Rainy,Street Light,Bus/Coach,2,Over Speeding,1,0,0,0,4,0,High
2021,7,Thursday,19,Punjab,Gujranwala,Urban Road,Good,Clear,Dawn/Dusk,Motorcycle,4,Driver Fatigue,1,0,0,0,4,0,Medium
2018,12,Thursday,21,KPK,Mardan,National Highway,Good,Clear,No Light,Bus/Coach,2,Over Speeding,0,0,0,1,3,2,Medium
2020,1,Thursday,10,KPK,Mansehra,Urban Road,Good,Foggy,Daylight,Bus/Coach,2,Signal Violation,0,0,0,1,1,0,Low
2021,11,Saturday,20,Islamabad,Islamabad,Provincial Highway,Average,Clear,No Light,Motorcycle,3,Over Speeding,1,1,0,1,4,1,Medium
2022,10,Saturday,8,Sindh,Mirpur Khas,Motorway,Average,Clear,Daylight,Car/Taxi,3,Over Speeding,1,1,0,0,5,0,High
2023,10,Thursday,17,KPK,Abbottabad,National Highway,Poor,Rainy,No Light,Bus/Coach,4,Driver Fatigue,1,0,0,0,5,1,High
2020,6,Tuesday,18,KPK,Dera Ismail Khan,Rural Road,Average,Foggy,Daylight,Car/Taxi,2,Mechanical Failure,1,0,0,0,0,0,Low
2021,1,Friday,20,Punjab,Sheikhupura,National Highway,Good,Clear,No Light,Motorcycle,1,Pedestrian Error,1,0,0,1,4,1,Medium
2023,11,Sunday,13,Punjab,Sargodha,Provincial Highway,Good,Clear,Daylight,Van/Pickup,1,Over Speeding,1,1,0,1,1,0,Medium
2020,6,Friday,17,Sindh,Dadu,National Highway,Good,Rainy,Daylight,Car/Taxi,2,Road Condition,1,0,0,0,0,0,Low
2018,12,Tuesday,12,Punjab,Rahim Yar Khan,Urban Road,Poor,Foggy,Daylight,Motorcycle,1,Wrong Overtaking,1,0,0,1,3,0,Medium
2021,11,Saturday,19,Punjab,Multan,Urban Road,Good,Clear,Street Light,Car/Taxi,1,Wrong Overtaking,1,1,0,1,2,0,Low
2023,5,Friday,6,Sindh,Sukkur,Rural Road,Good,Dusty/Smoggy,Daylight,Car/Taxi,2,Over Speeding,0,0,0,0,3,2,Medium
2018,7,Friday,16,Punjab,Faisalabad,Provincial Highway,Average,Foggy,Daylight,Car/Taxi,1,Road Condition,0,0,0,0,0,0,Low
2023,4,Saturday,14,Punjab,Gujranwala,Urban Road,Average,Clear,Daylight,Motorcycle,1,Signal Violation,0,1,0,0,0,0,Low
2023,12,Friday,20,Sindh,Karachi,Motorway,Poor,Clear,No Light,Rickshaw,3,Pedestrian Error,1,0,0,1,2,0,Low
2021,7,Saturday,20,KPK,Mansehra,Provincial Highway,Good,Foggy,No Light,Truck/Lorry,2,Wrong Overtaking,1,1,0,0,9,1,High
2022,10,Saturday,15,KPK,Mardan,Provincial Highway,Good,Clear,Daylight,Motorcycle,1,Mechanical Failure,0,1,0,0,0,0,Low
2023,1,Sunday,20,Sindh,Dadu,Provincial Highway,Good,Foggy,Street Light,Motorcycle,3,Wrong Overtaking,1,1,0,1,5,0,Medium
2022,9,Wednesday,18,Sindh,Mirpur Khas,Provincial Highway,Good,Dusty/Smoggy,Daylight,Truck/Lorry,4,Wrong Overtaking,1,0,0,0,4,0,Medium
2023,5,Tuesday,18,Punjab,Faisalabad,National Highway,Average,Clear,Street Light,Bus/Coach,3,Road Condition,1,0,0,0,1,0,Low
2023,12,Wednesday,6,Punjab,Multan,National Highway,Average,Clear,Daylight,Motorcycle,1,Over Speeding,0,0,0,1,10,3,High
2021,3,Thursday,7,Punjab,Sialkot,Provincial Highway,Average,Foggy,Daylight,Bus/Coach,4,Pedestrian Error,1,0,0,0,1,0,Low
2021,11,Wednesday,13,KPK,Swat,Rural Road,Average,Rainy,Daylight,Motorcycle,3,Wrong Overtaking,1,0,0,1,1,0,Medium
2023,2,Saturday,21,Sindh,Mirpur Khas,Rural Road,Good,Clear,Street Light,Car/Taxi,2,Wrong Overtaking,0,1,0,1,1,0,Low
2020,12,Friday,16,KPK,Swat,National Highway,Good,Rainy,Daylight,Motorcycle,4,Signal Violation,0,0,0,1,9,2,High
2022,12,Tuesday,22,KPK,Swat,Rural Road,Average,Clear,Street Light,Bicycle,1,Wrong Overtaking,0,0,1,1,2,2,Medium
2020,6,Thursday,12,Punjab,Rawalpindi,National Highway,Good,Rainy,No Light,Motorcycle,1,Wrong Overtaking,1,0,0,0,8,1,High
2020,1,Sunday,8,Sindh,Dadu,National Highway,Average,Clear,Daylight,Bus/Coach,3,Wrong Overtaking,1,1,0,1,1,0,Medium
2021,7,Thursday,8,Sindh,Sukkur,Provincial Highway,Average,Clear,Dawn/Dusk,Motorcycle,3,Pedestrian Error,1,0,0,0,0,0,Low
2022,10,Monday,19,Sindh,Larkana,National Highway,Poor,Dusty/Smoggy,Dawn/Dusk,Motorcycle,2,Over Speeding,1,0,0,0,10,2,High
2019,1,Thursday,14,Sindh,Thatta,National Highway,Under Repair,Clear,No Light,Bicycle,3,Wrong Overtaking,0,0,0,1,3,1,High
2022,4,Thursday,18,AJK,Muzaffarabad,Urban Road,Average,Clear,Dawn/Dusk,Motorcycle,2,Over Speeding,1,0,0,0,5,0,High
2021,7,Tuesday,6,KPK,Nowshera,National Highway,Poor,Clear,No Light,Rickshaw,2,Over Speeding,0,0,0,0,1,1,Medium
2022,5,Friday,14,Balochistan,Zhob,Provincial Highway,Good,Foggy,Dawn/Dusk,Motorcycle,2,Mobile Phone Use,0,0,0,0,5,0,Medium
2023,9,Saturday,12,Punjab,Lahore,National Highway,Good,Clear,Street Light,Bicycle,2,Wrong Overtaking,1,1,0,0,3,0,Medium
2019,1,Sunday,9,Punjab,Faisalabad,Provincial Highway,Under Repair,Dusty/Smoggy,Daylight,Motorcycle,1,Wrong Overtaking,1,1,0,1,4,0,High
2018,7,Wednesday,14,Punjab,Rahim Yar Khan,Rural Road,Average,Foggy,Street Light,Rickshaw,3,Wrong Overtaking,0,0,0,0,1,0,Low
2022,6,Thursday,14,Punjab,Gujranwala,Rural Road,Poor,Clear,Daylight,Motorcycle,3,Mechanical Failure,0,0,0,0,2,0,Low
2020,2,Sunday,19,Sindh,Kashmore,Provincial Highway,Under Repair,Clear,Dawn/Dusk,Rickshaw,2,Mobile Phone Use,1,1,0,1,1,0,Low
2023,2,Tuesday,18,Sindh,Sukkur,National Highway,Good,Foggy,Daylight,Car/Taxi,2,Over Speeding,1,0,0,1,7,1,High
2018,11,Saturday,7,Sindh,Thatta,Motorway,Average,Clear,Daylight,Motorcycle,2,Pedestrian Error,1,1,0,1,3,2,Medium
2023,7,Tuesday,7,Balochistan,Chaman,Provincial Highway,Average,Clear,No Light,Motorcycle,2,Wrong Overtaking,1,0,0,0,2,2,Medium
2021,1,Monday,11,Islamabad,Islamabad,National Highway,Average,Extreme Heat,Street Light,Motorcycle,2,Driver Fatigue,0,0,0,1,5,1,High
2022,4,Thursday,17,Punjab,Faisalabad,National Highway,Average,Clear,Daylight,Motorcycle,3,Over Speeding,1,0,0,0,2,2,High
2023,6,Thursday,22,Balochistan,Zhob,Rural Road,Good,Clear,Street Light,Motorcycle,2,Road Condition,0,0,1,0,3,0,Medium
2022,5,Thursday,12,Sindh,Jacobabad,National Highway,Good,Clear,Daylight,Motorcycle,2,Signal Violation,1,0,0,0,6,1,High
2018,7,Wednesday,8,Sindh,Jacobabad,National Highway,Poor,Rainy,Daylight,Car/Taxi,2,Pedestrian Error,1,0,0,0,3,0,Medium
2022,5,Sunday,23,KPK,Abbottabad,Provincial Highway,Good,Clear,Street Light,Motorcycle,1,Drunk Driving,0,1,1,0,5,1,High
2019,9,Saturday,6,Punjab,Sheikhupura,Urban Road,Good,Clear,No Light,Motorcycle,1,Wrong Overtaking,0,1,0,0,4,2,Medium
2020,6,Sunday,10,Balochistan,Loralai,Provincial Highway,Poor,Clear,Daylight,Bus/Coach,2,Pedestrian Error,0,1,0,0,0,0,Low
2022,1,Sunday,6,KPK,Peshawar,National Highway,Good,Foggy,Daylight,Motorcycle,3,Signal Violation,0,1,0,1,10,2,High
2022,4,Friday,16,Balochistan,Sibi,Rural Road,Good,Rainy,Street Light,Motorcycle,3,Driver Fatigue,0,0,0,0,5,0,Medium
2020,12,Monday,21,Gilgit-Baltistan,Hunza,Provincial Highway,Good,Clear,Street Light,Van/Pickup,2,Wrong Overtaking,0,0,0,1,3,2,Medium
2020,12,Tuesday,7,Sindh,Nawabshah,Motorway,Average,Clear,Daylight,Rickshaw,3,Signal Violation,1,0,0,1,1,0,Low
2023,2,Saturday,3,Punjab,Sialkot,Rural Road,Poor,Foggy,Street Light,Van/Pickup,3,Pedestrian Error,0,1,1,1,0,0,Low
2018,12,Friday,15,Punjab,Sargodha,Urban Road,Good,Foggy,Street Light,Bus/Coach,4,Road Condition,0,0,0,1,0,1,Low
2020,7,Friday,20,Punjab,Faisalabad,Provincial Highway,Poor,Rainy,Street Light,Motorcycle,1,Over Speeding,1,0,0,0,3,2,High
2021,4,Wednesday,21,Punjab,Faisalabad,Provincial Highway,Average,Clear,No Light,Car/Taxi,1,Wrong Overtaking,0,0,0,0,2,0,Low
2018,6,Friday,8,KPK,Swat,Provincial Highway,Average,Clear,Daylight,Car/Taxi,2,Over Speeding,1,0,0,0,0,0,Low
2020,11,Monday,20,Punjab,Faisalabad,National Highway,Good,Dusty/Smoggy,No Light,Bus/Coach,3,Over Speeding,1,0,0,1,11,0,High
2019,2,Monday,9,AJK,Rawalakot,Urban Road,Good,Clear,Daylight,Car/Taxi,3,Over Speeding,1,0,0,1,1,1,Medium
2020,1,Friday,12,KPK,Dera Ismail Khan,Provincial Highway,Good,Clear,Street Light,Car/Taxi,2,Signal Violation,1,0,0,1,2,0,Low
2020,7,Wednesday,18,Punjab,Sheikhupura,Provincial Highway,Average,Dusty/Smoggy,Daylight,Car/Taxi,1,Over Speeding,1,0,0,0,0,0,Low
2023,11,Thursday,6,Sindh,Hyderabad,Rural Road,Good,Clear,Daylight,Car/Taxi,1,Over Speeding,0,0,0,1,0,0,Low
2023,2,Friday,21,Sindh,Karachi,Motorway,Average,Clear,Street Light,Motorcycle,2,Wrong Overtaking,0,0,0,1,9,2,High
2018,7,Tuesday,9,Sindh,Karachi,National Highway,Average,Clear,Dawn/Dusk,Car/Taxi,2,Over Speeding,1,0,0,0,6,0,High
2022,5,Thursday,20,Sindh,Hyderabad,National Highway,Good,Clear,Street Light,Motorcycle,3,Weather Condition,1,0,0,0,3,0,Medium
2022,7,Sunday,12,Punjab,Rawalpindi,National Highway,Average,Clear,Daylight,Rickshaw,1,Signal Violation,1,1,0,0,0,0,Low
2021,5,Friday,14,KPK,Peshawar,Rural Road,Average,Clear,Daylight,Motorcycle,2,Wrong Overtaking,0,0,0,0,0,0,Low
2020,5,Saturday,8,Sindh,Thatta,Urban Road,Good,Extreme Heat,No Light,Bus/Coach,2,Signal Violation,1,1,0,0,0,0,Low
2019,4,Wednesday,23,KPK,Mansehra,Urban Road,Poor,Foggy,Street Light,Motorcycle,1,Over Speeding,0,0,1,0,10,1,High
2023,5,Thursday,4,KPK,Abbottabad,National Highway,Under Repair,Foggy,No Light,Motorcycle,3,Wrong Overtaking,0,0,1,0,3,0,High
2019,8,Tuesday,11,Punjab,Sheikhupura,Provincial Highway,Poor,Clear,Daylight,Car/Taxi,2,Road Condition,0,0,0,0,0,0,Low
2023,1,Friday,17,Punjab,Multan,Urban Road,Good,Foggy,Dawn/Dusk,Motorcycle,2,Over Speeding,1,0,0,1,3,0,Medium
2019,3,Thursday,3,KPK,Bannu,Motorway,Good,Rainy,Street Light,Van/Pickup,2,Signal Violation,0,0,1,0,4,0,High
2022,1,Sunday,10,AJK,Rawalakot,Urban Road,Good,Clear,Daylight,Motorcycle,1,Wrong Overtaking,0,1,0,1,3,1,Medium
2019,5,Monday,11,Sindh,Mirpur Khas,Rural Road,Good,Clear,Dawn/Dusk,Other,4,Over Speeding,0,0,0,0,0,0,Low
2022,6,Wednesday,15,Punjab,Sheikhupura,Rural Road,Good,Clear,Daylight,Motorcycle,3,Over Speeding,0,0,0,0,2,0,Medium
2021,1,Friday,12,Punjab,Bahawalpur,Urban Road,Poor,Dusty/Smoggy,Daylight,Bus/Coach,1,Over Speeding,1,0,0,1,4,1,Medium
2018,2,Saturday,6,Punjab,Faisalabad,Provincial Highway,Poor,Rainy,Daylight,Van/Pickup,2,Wrong Overtaking,0,1,0,1,1,0,Low
2018,12,Sunday,20,Punjab,Gujranwala,Rural Road,Average,Clear,Street Light,Motorcycle,3,Wrong Overtaking,1,1,0,1,1,0,Low
2018,1,Thursday,14,Sindh,Karachi,Urban Road,Good,Clear,Daylight,Motorcycle,3,Wrong Overtaking,0,0,0,1,2,0,Medium
2018,4,Tuesday,2,Sindh,Karachi,Urban Road,Good,Rainy,Street Light,Rickshaw,3,Mechanical Failure,0,0,1,0,1,0,Low
2020,11,Friday,15,Punjab,Rawalpindi,National Highway,Average,Dusty/Smoggy,Dawn/Dusk,Bus/Coach,1,Mechanical Failure,0,0,0,1,0,0,Low
2021,3,Tuesday,9,Punjab,Lahore,Rural Road,Average,Clear,Dawn/Dusk,Car/Taxi,3,Road Condition,1,0,0,0,1,0,Low
2020,8,Wednesday,19,Punjab,Sialkot,National Highway,Average,Foggy,No Light,Motorcycle,2,Over Speeding,1,0,0,0,4,0,High
2022,12,Friday,17,Balochistan,Zhob,Provincial Highway,Good,Clear,Daylight,Motorcycle,2,Drunk Driving,1,0,0,1,7,1,High
2019,2,Thursday,9,Sindh,Mirpur Khas,Urban Road,Good,Clear,Daylight,Van/Pickup,1,Over Speeding,1,0,0,1,5,0,Medium
2020,3,Wednesday,21,Islamabad,Islamabad,National Highway,Good,Clear,No Light,Motorcycle,2,Over Speeding,0,0,0,0,7,1,High
2018,7,Wednesday,18,Sindh,Dadu,Rural Road,Average,Clear,Daylight,Motorcycle,2,Pedestrian Error,1,0,0,0,2,0,Low
2023,2,Tuesday,7,Punjab,Multan,National Highway,Poor,Clear,Daylight,Van/Pickup,2,Driver Fatigue,1,0,0,1,5,0,High
2022,1,Sunday,11,Punjab,Rawalpindi,National Highway,Good,Foggy,Dawn/Dusk,Rickshaw,1,Pedestrian Error,0,1,0,1,0,0,Low
2022,9,Sunday,19,KPK,Abbottabad,National Highway,Average,Clear,Dawn/Dusk,Bus/Coach,2,Road Condition,1,1,0,0,1,1,Medium
2020,1,Thursday,15,Sindh,Karachi,National Highway,Good,Clear,Daylight,Motorcycle,1,Over Speeding,0,0,0,1,10,2,High
2020,3,Saturday,11,Sindh,Larkana,Provincial Highway,Good,Rainy,Daylight,Car/Taxi,3,Over Speeding,0,1,0,0,5,0,Medium
2021,12,Monday,1,KPK,Nowshera,National Highway,Average,Clear,Street Light,Car/Taxi,1,Over Speeding,0,0,1,1,5,0,Medium
2019,1,Thursday,22,KPK,Charsadda,Provincial Highway,Average,Dusty/Smoggy,No Light,Car/Taxi,2,Over Speeding,0,0,1,1,2,0,Medium
2020,12,Monday,3,Punjab,Sialkot,National Highway,Good,Clear,Street Light,Car/Taxi,3,Over Speeding,0,0,1,1,6,0,High
2023,9,Tuesday,11,KPK,Nowshera,Rural Road,Under Repair,Clear,Daylight,Motorcycle,2,Driver Fatigue,0,0,0,0,1,0,Medium
2019,8,Tuesday,19,Sindh,Mirpur Khas,National Highway,Good,Clear,Dawn/Dusk,Truck/Lorry,2,Wrong Overtaking,1,0,0,0,8,1,High
2018,6,Wednesday,2,Punjab,Bahawalpur,Urban Road,Poor,Clear,Street Light,Motorcycle,4,Over Speeding,0,0,1,0,5,1,High
2020,11,Thursday,8,Sindh,Kashmore,Urban Road,Poor,Clear,Daylight,Bus/Coach,2,Weather Condition,1,0,0,1,2,0,Low
2020,4,Sunday,18,Sindh,Sukkur,National Highway,Average,Extreme Heat,Daylight,Rickshaw,3,Mobile Phone Use,1,1,0,0,1,0,Low
2018,6,Wednesday,19,Punjab,Bahawalpur,National Highway,Average,Dusty/Smoggy,No Light,Rickshaw,2,Wrong Overtaking,1,0,0,0,2,0,Low
2020,8,Sunday,19,Punjab,Rahim Yar Khan,Rural Road,Under Repair,Clear,Street Light,Truck/Lorry,3,Wrong Overtaking,1,1,0,0,1,1,Low
2018,12,Saturday,7,Punjab,Sargodha,National Highway,Good,Clear,Daylight,Bicycle,1,Over Speeding,1,1,0,1,2,3,High
2019,2,Sunday,20,Punjab,Sheikhupura,Urban Road,Good,Extreme Heat,No Light,Motorcycle,3,Mechanical Failure,1,1,0,1,3,0,Medium
2021,12,Wednesday,19,Punjab,Sialkot,Urban Road,Average,Clear,No Light,Motorcycle,2,Road Condition,1,0,0,1,1,0,Low
2023,11,Sunday,7,Punjab,Rahim Yar Khan,Provincial Highway,Poor,Rainy,Street Light,Rickshaw,2,Wrong Overtaking,1,1,0,1,3,0,Medium
2018,3,Friday,4,Punjab,Rahim Yar Khan,Provincial Highway,Good,Foggy,Street Light,Bicycle,1,Pedestrian Error,0,0,1,0,4,0,Medium
2022,6,Saturday,4,Punjab,Faisalabad,Provincial Highway,Good,Clear,No Light,Motorcycle,2,Over Speeding,0,1,1,0,8,2,High
2023,1,Saturday,11,Balochistan,Hub,Rural Road,Good,Clear,Street Light,Car/Taxi,1,Over Speeding,0,1,0,1,2,1,Low
2019,7,Monday,13,Punjab,Sheikhupura,National Highway,Good,Clear,Daylight,Motorcycle,3,Signal Violation,1,0,0,0,3,0,Medium
2022,7,Monday,5,Punjab,Sargodha,Provincial Highway,Poor,Clear,Dawn/Dusk,Bicycle,1,Over Speeding,0,0,1,0,7,1,High
2021,2,Sunday,11,Punjab,Rawalpindi,Provincial Highway,Good,Foggy,Street Light,Motorcycle,3,Driver Fatigue,0,1,0,1,9,1,High
2020,5,Wednesday,18,KPK,Mardan,Provincial Highway,Average,Foggy,Dawn/Dusk,Rickshaw,1,Over Speeding,1,0,0,0,3,0,Medium
2023,5,Saturday,19,Punjab,Bahawalpur,Rural Road,Good,Foggy,No Light,Bus/Coach,3,Signal Violation,1,1,0,0,5,0,Medium
2021,6,Saturday,15,Punjab,Bahawalpur,Rural Road,Good,Foggy,Daylight,Car/Taxi,4,Over Speeding,0,1,0,0,2,0,Low
2023,12,Sunday,19,Punjab,Lahore,Rural Road,Average,Rainy,Dawn/Dusk,Motorcycle,2,Drunk Driving,1,1,0,1,2,2,High
2020,9,Wednesday,18,Gilgit-Baltistan,Skardu,Rural Road,Poor,Foggy,Daylight,Rickshaw,2,Wrong Overtaking,1,0,0,0,3,0,Medium
2021,5,Friday,22,Sindh,Mirpur Khas,Provincial Highway,Under Repair,Rainy,No Light,Motorcycle,4,Weather Condition,0,0,1,0,8,0,High
2023,12,Saturday,18,Punjab,Gujranwala,Provincial Highway,Good,Rainy,Street Light,Motorcycle,2,Over Speeding,1,1,0,1,7,1,High
2022,7,Friday,19,Punjab,Sargodha,Urban Road,Good,Clear,Street Light,Motorcycle,1,Pedestrian Error,1,0,0,0,1,0,Low
2023,7,Monday,11,Punjab,Gujranwala,Rural Road,Average,Rainy,Daylight,Motorcycle,1,Wrong Overtaking,0,0,0,0,5,2,Medium
2023,9,Friday,7,Punjab,Sheikhupura,Provincial Highway,Average,Clear,Daylight,Motorcycle,3,Wrong Overtaking,1,0,0,0,2,0,High
2023,2,Wednesday,7,KPK,Peshawar,National Highway,Average,Clear,Daylight,Motorcycle,2,Wrong Overtaking,1,0,0,1,11,2,High
2021,12,Sunday,10,Sindh,Mirpur Khas,Rural Road,Good,Foggy,Daylight,Car/Taxi,2,Mechanical Failure,0,1,0,1,2,0,Low
2019,7,Tuesday,14,Sindh,Sukkur,Rural Road,Good,Clear,Daylight,Motorcycle,2,Wrong Overtaking,0,0,0,0,3,1,Medium
2019,11,Monday,7,Punjab,Rahim Yar Khan,Provincial Highway,Good,Foggy,Daylight,Bus/Coach,1,Pedestrian Error,1,0,0,1,3,1,Medium
2018,12,Saturday,6,Sindh,Nawabshah,National Highway,Average,Rainy,No Light,Bicycle,1,Signal Violation,0,1,0,1,9,2,High
2022,10,Wednesday,9,Punjab,Lahore,Provincial Highway,Good,Clear,Daylight,Motorcycle,2,Road Condition,1,0,0,0,1,0,Low
2019,7,Monday,22,Punjab,Faisalabad,National Highway,Poor,Foggy,Street Light,Car/Taxi,1,Over Speeding,0,0,1,0,10,2,High
2019,1,Tuesday,14,Sindh,Dadu,Provincial Highway,Under Repair,Clear,Daylight,Motorcycle,3,Over Speeding,0,0,0,1,3,1,High
2020,1,Tuesday,14,Punjab,Sheikhupura,National Highway,Good,Clear,Daylight,Motorcycle,2,Road Condition,0,0,0,1,4,2,High
2020,3,Friday,19,Sindh,Hyderabad,Urban Road,Average,Clear,Dawn/Dusk,Motorcycle,4,Signal Violation,1,0,0,0,3,0,Medium
2023,12,Sunday,8,Balochistan,Gwadar,National Highway,Poor,Clear,Daylight,Rickshaw,1,Signal Violation,1,1,0,1,2,0,Low
2023,9,Thursday,16,Punjab,Rahim Yar Khan,Provincial Highway,Poor,Foggy,Daylight,Car/Taxi,2,Over Speeding,0,0,0,0,6,1,High
2021,8,Wednesday,23,Balochistan,Khuzdar,Provincial Highway,Average,Clear,No Light,Motorcycle,4,Over Speeding,0,0,1,0,3,2,High
2020,1,Wednesday,2,Punjab,Bahawalpur,National Highway,Average,Clear,No Light,Van/Pickup,3,Wrong Overtaking,0,0,1,1,4,1,High
2020,12,Saturday,14,Punjab,Lahore,Rural Road,Good,Foggy,Daylight,Motorcycle,1,Drunk Driving,0,1,0,1,6,4,High
2023,4,Saturday,23,Sindh,Dadu,Urban Road,Average,Foggy,No Light,Motorcycle,4,Over Speeding,0,1,1,0,2,4,High
2020,10,Saturday,16,Sindh,Larkana,Urban Road,Poor,Clear,Daylight,Motorcycle,2,Mechanical Failure,0,1,0,0,1,0,Medium
2023,9,Thursday,10,Punjab,Bahawalpur,Provincial Highway,Good,Clear,Street Light,Motorcycle,2,Mechanical Failure,0,0,0,0,2,0,Medium
2021,10,Monday,16,KPK,Charsadda,Urban Road,Good,Rainy,Street Light,Motorcycle,2,Wrong Overtaking,0,0,0,0,11,0,High
2023,5,Friday,19,AJK,Mirpur,Provincial Highway,Good,Foggy,Dawn/Dusk,Bicycle,1,Driver Fatigue,1,0,0,0,2,0,High
2023,3,Monday,17,Punjab,Rahim Yar Khan,Provincial Highway,Average,Clear,Dawn/Dusk,Van/Pickup,2,Road Condition,1,0,0,0,0,0,Low
2022,9,Saturday,8,Balochistan,Sibi,Rural Road,Average,Clear,No Light,Motorcycle,2,Over Speeding,1,1,0,0,10,4,High
2021,5,Friday,0,Sindh,Thatta,Provincial Highway,Average,Extreme Heat,Street Light,Car/Taxi,3,Wrong Overtaking,0,0,1,0,2,1,Medium
2020,12,Saturday,22,Islamabad,Islamabad,National Highway,Poor,Rainy,No Light,Motorcycle,2,Over Speeding,0,1,1,1,2,0,High
2022,12,Tuesday,7,Punjab,Rawalpindi,National Highway,Good,Foggy,Daylight,Rickshaw,2,Signal Violation,1,0,0,1,4,2,High
2021,11,Saturday,9,KPK,Mansehra,Rural Road,Good,Rainy,Daylight,Motorcycle,2,Over Speeding,1,1,0,1,5,2,Medium
2020,5,Wednesday,7,Punjab,Faisalabad,Rural Road,Average,Clear,Daylight,Motorcycle,2,Over Speeding,1,0,0,0,3,0,Medium
2023,12,Thursday,10,Balochistan,Quetta,Urban Road,Good,Rainy,Street Light,Motorcycle,1,Mechanical Failure,0,0,0,1,1,0,Low
2022,8,Sunday,20,KPK,Kohat,Provincial Highway,Good,Dusty/Smoggy,Street Light,Rickshaw,3,Drunk Driving,1,1,0,0,0,0,Low
2023,1,Monday,6,Punjab,Sargodha,National Highway,Good,Clear,Daylight,Car/Taxi,2,Signal Violation,0,0,0,1,0,0,Low
2018,6,Saturday,10,Punjab,Sialkot,Rural Road,Good,Clear,Daylight,Car/Taxi,2,Over Speeding,0,1,0,0,1,0,Medium
2022,3,Tuesday,10,KPK,Swat,National Highway,Good,Foggy,Daylight,Car/Taxi,4,Over Speeding,0,0,0,0,5,1,High
2022,4,Wednesday,8,Sindh,Larkana,Rural Road,Good,Foggy,Daylight,Car/Taxi,2,Over Speeding,1,0,0,0,5,0,Medium
2023,11,Wednesday,2,Punjab,Sheikhupura,Provincial Highway,Good,Clear,Street Light,Motorcycle,3,Mobile Phone Use,0,0,1,1,3,0,Medium
2022,11,Sunday,3,Sindh,Sukkur,National Highway,Average,Rainy,No Light,Car/Taxi,2,Drunk Driving,0,1,1,1,6,1,High
2020,10,Tuesday,9,KPK,Mardan,Rural Road,Poor,Clear,Daylight,Rickshaw,3,Over Speeding,1,0,0,0,2,0,Low
2023,12,Thursday,22,Punjab,Sialkot,Provincial Highway,Average,Dusty/Smoggy,Street Light,Van/Pickup,1,Over Speeding,0,0,1,1,3,0,Medium
2023,8,Sunday,10,Punjab,Lahore,Motorway,Good,Clear,Daylight,Bus/Coach,2,Mechanical Failure,0,1,0,0,2,0,Low
2023,2,Saturday,12,Balochistan,Turbat,Urban Road,Good,Clear,Daylight,Motorcycle,2,Mobile Phone Use,1,1,0,1,1,0,Medium
2021,5,Saturday,19,Punjab,Multan,Urban Road,Poor,Rainy,Daylight,Motorcycle,2,Signal Violation,1,1,0,0,4,0,Medium