year,month,day_of_week,hour_of_day,province,district,road_type,road_condition,weather_condition,lighting_condition,vehicle_type,vehicles_involved,accident_cause,is_rush_hour,is_weekend,is_night,is_foggy_month,num_injured,num_killed,severity
2020,8,Monday,13,Punjab,Sheikhupura,Provincial Highway,Good,Foggy,Daylight,Motorcycle,1,Over Speeding,1,0,0,0,9,1,High
2021,11,Saturday,8,Punjab,Multan,National Highway,Good,Clear,No Light,Van/Pickup,2,Drunk Driving,1,1,0,1,3,2,High
2020,5,Friday,16,Balochistan,Dera Bugti,National Highway,Good,Rainy,Daylight,Motorcycle,1,Signal Violation,0,0,0,0,10,2,High
2023,12,Wednesday,17,Punjab,Rawalpindi,Urban Road,Under Repair,Clear,Daylight,Rickshaw,4,Over Speeding,1,0,0,1,5,0,Medium
2021,4,Wednesday,13,Sindh,Karachi,National Highway,Good,Dusty/Smoggy,Daylight,Motorcycle,2,Signal Violation,1,0,0,0,3,2,High
2021,5,Thursday,8,Balochistan,Chaman,Provincial Highway,Good,Rainy,Street Light,Motorcycle,3,Wrong Overtaking,1,0,0,0,8,2,High
2018,3,Saturday,13,Punjab,Multan,Rural Road,Good,Extreme Heat,Daylight,Motorcycle,1,Pedestrian Error,1,1,0,0,3,0,Medium
2021,12,Tuesday,12,KPK,Mardan,Rural Road,Good,Extreme Heat,Daylight,Rickshaw,1,Over Speeding,1,0,0,1,2,0,Low
2022,12,Sunday,14,Punjab,Sargodha,Provincial Highway,Poor,Rainy,Daylight,Car/Taxi,1,Over Speeding,0,1,0,1,7,2,High
2023,2,Friday,8,Sindh,Karachi,Provincial Highway,Poor,Clear,Street Light,Bus/Coach,2,Over Speeding,1,0,0,1,2,2,Medium
2019,7,Thursday,8,Punjab,Rawalpindi,Provincial Highway,Average,Rainy,Daylight,Truck/Lorry,1,Wrong Overtaking,1,0,0,0,4,0,Medium
2023,6,Friday,20,KPK,Dera Ismail Khan,National Highway,Average,Rainy,Street Light,Rickshaw,3,Wrong Overtaking,1,0,0,0,3,1,Medium
2022,4,Thursday,1,Punjab,Gujranwala,National Highway,Good,Rainy,No Light,Other,3,Over Speeding,0,0,1,0,3,1,High
2018,4,Friday,21,Punjab,Sargodha,National Highway,Good,Clear,No Light,Motorcycle,3,Mechanical Failure,0,0,0,0,4,1,Medium
2022,1,Tuesday,8,Islamabad,Islamabad,Rural Road,Good,Clear,Daylight,Car/Taxi,3,Over Speeding,1,0,0,1,1,0,Medium
2022,11,Thursday,12,Punjab,Rawalpindi,Rural Road,Average,Foggy,Street Light,Bus/Coach,1,Pedestrian Error,1,0,0,1,1,0,Low
2020,8,Sunday,15,KPK,Swat,National Highway,Poor,Rainy,Daylight,Motorcycle,2,Over Speeding,0,1,0,0,5,4,High
2019,5,Monday,16,Punjab,Gujranwala,Urban Road,Poor,Extreme Heat,Daylight,Motorcycle,2,Driver Fatigue,0,0,0,0,4,0,Medium
2023,10,Wednesday,17,Punjab,Rahim Yar Khan,Rural Road,Average,Clear,Daylight,Car/Taxi,1,Wrong Overtaking,1,0,0,0,1,0,Low
2021,5,Saturday,15,KPK,Mardan,Rural Road,Average,Rainy,Daylight,Bus/Coach,1,Wrong Overtaking,0,1,0,0,1,1,Medium
2021,7,Sunday,19,Punjab,Sheikhupura,National Highway,Poor,Dusty/Smoggy,Street Light,Motorcycle,3,Wrong Overtaking,1,1,0,0,9,1,High
2021,12,Sunday,6,Balochistan,Loralai,National Highway,Good,Clear,Daylight,Car/Taxi,4,Over Speeding,0,1,0,1,5,1,Medium
2023,10,Saturday,9,Sindh,Hyderabad,National Highway,Good,Extreme Heat,No Light,Van/Pickup,4,Wrong Overtaking,1,1,0,0,5,2,Medium
2022,12,Friday,10,Punjab,Sialkot,Provincial Highway,Poor,Foggy,Daylight,Rickshaw,2,Signal Violation,0,0,0,1,1,2,Medium
2021,12,Wednesday,7,KPK,Nowshera,Provincial Highway,Poor,Foggy,Dawn/Dusk,Truck/Lorry,2,Over Speeding,1,0,0,1,3,0,High
2020,12,Thursday,15,Punjab,Rahim Yar Khan,National Highway,Poor,Foggy,Daylight,Motorcycle,2,Wrong Overtaking,0,0,0,1,2,1,High
2018,7,Monday,16,Punjab,Multan,Rural Road,Good,Dusty/Smoggy,No Light,Car/Taxi,2,Over Speeding,0,0,0,0,0,0,Low
2022,7,Monday,12,KPK,Swat,National Highway,Average,Clear,Daylight,Rickshaw,4,Over Speeding,1,0,0,0,5,0,Medium
2023,8,Thursday,13,Punjab,Bahawalpur,Provincial Highway,Good,Clear,Daylight,Motorcycle,2,Signal Violation,1,0,0,0,4,1,Medium
2023,1,Friday,19,Punjab,Faisalabad,Provincial Highway,Good,Clear,Dawn/Dusk,Rickshaw,1,Over Speeding,1,0,0,1,1,1,Medium
2020,8,Sunday,19,KPK,Mardan,Rural Road,Poor,Foggy,Dawn/Dusk,Motorcycle,2,Mechanical Failure,1,1,0,0,5,1,Medium
2018,10,Thursday,15,KPK,Mardan,Rural Road,Under Repair,Extreme Heat,Daylight,Motorcycle,2,Wrong Overtaking,0,0,0,0,2,0,Low
2023,1,Saturday,18,Sindh,Hyderabad,National Highway,Good,Extreme Heat,Street Light,Rickshaw,3,Road Condition,1,1,0,1,2,0,Low
2023,10,Friday,9,Sindh,Jacobabad,Provincial Highway,Poor,Rainy,Daylight,Motorcycle,2,Signal Violation,1,0,0,0,7,2,High
2021,3,Sunday,15,KPK,Swat,Provincial Highway,Good,Clear,Dawn/Dusk,Car/Taxi,3,Driver Fatigue,0,1,0,0,3,0,Medium
2019,7,Thursday,20,Sindh,Mirpur Khas,National Highway,Good,Foggy,No Light,Car/Taxi,2,Over Speeding,1,0,0,0,2,2,Medium
2022,9,Sunday,19,Punjab,Bahawalpur,Rural Road,Average,Rainy,Dawn/Dusk,Motorcycle,3,Signal Violation,1,1,0,0,2,0,Medium
2019,1,Thursday,10,Gilgit-Baltistan,Hunza,National Highway,Average,Clear,Dawn/Dusk,Van/Pickup,2,Road Condition,0,0,0,1,1,0,Low
2020,10,Sunday,18,Punjab,Bahawalpur,National Highway,Average,Clear,Dawn/Dusk,Van/Pickup,1,Over Speeding,1,1,0,0,9,0,High
2021,12,Tuesday,16,Sindh,Mirpur Khas,Rural Road,Under Repair,Clear,Daylight,Bus/Coach,2,Over Speeding,0,0,0,1,1,2,Medium
2022,6,Thursday,18,Balochistan,Chaman,National Highway,Average,Clear,Daylight,Motorcycle,1,Wrong Overtaking,1,0,0,0,2,1,High
2022,3,Wednesday,12,KPK,Peshawar,Urban Road,Average,Clear,Daylight,Car/Taxi,2,Driver Fatigue,1,0,0,0,2,0,Low
2021,1,Friday,17,Balochistan,Hub,Urban Road,Poor,Clear,Daylight,Van/Pickup,1,Driver Fatigue,1,0,0,1,0,0,Low
2022,8,Sunday,10,Punjab,Rahim Yar Khan,Motorway,Good,Dusty/Smoggy,Daylight,Car/Taxi,1,Signal Violation,0,1,0,0,3,2,Medium
2023,12,Monday,18,Punjab,Faisalabad,Rural Road,Poor,Clear,Daylight,Motorcycle,2,Pedestrian Error,1,0,0,1,2,0,Low
2020,10,Tuesday,15,Balochistan,Hub,National Highway,Under Repair,Clear,Daylight,Motorcycle,1,Over Speeding,0,0,0,0,2,1,High
2023,11,Tuesday,12,Punjab,Faisalabad,Urban Road,Good,Clear,Daylight,Car/Taxi,1,Wrong Overtaking,1,0,0,1,2,0,Low
2018,12,Saturday,20,KPK,Mansehra,National Highway,Average,Clear,Street Light,Bus/Coach,2,Wrong Overtaking,1,1,0,1,6,3,High
2019,11,Tuesday,10,Punjab,Sheikhupura,Urban Road,Under Repair,Clear,Daylight,Van/Pickup,2,Over Speeding,0,0,0,1,0,0,Low
2023,11,Sunday,20,KPK,Mardan,Rural Road,Poor,Clear,Street Light,Car/Taxi,1,Mechanical Failure,1,1,0,1,1,1,Low
2018,11,Saturday,12,Sindh,Kashmore,National Highway,Good,Dusty/Smoggy,Street Light,Car/Taxi,3,Signal Violation,1,1,0,1,5,0,Medium
2019,1,Sunday,23,Punjab,Faisalabad,National Highway,Average,Clear,No Light,Car/Taxi,1,Road Condition,0,1,1,1,1,2,Medium
2022,7,Tuesday,15,Sindh,Kashmore,National Highway,Good,Clear,Street Light,Rickshaw,1,Road Condition,0,0,0,0,2,0,Low
2019,10,Saturday,21,KPK,Abbottabad,Urban Road,Good,Foggy,No Light,Van/Pickup,3,Pedestrian Error,0,1,0,0,0,1,Low
2021,2,Tuesday,7,Punjab,Rahim Yar Khan,Provincial Highway,Good,Clear,Daylight,Car/Taxi,1,Pedestrian Error,1,0,0,1,2,0,Low
2021,9,Saturday,19,Sindh,Mirpur Khas,National Highway,Good,Clear,Daylight,Motorcycle,2,Mechanical Failure,1,1,0,0,3,1,Medium
2019,1,Thursday,19,Sindh,Kashmore,National Highway,Average,Clear,Street Light,Motorcycle,1,Mechanical Failure,1,0,0,1,2,2,Medium
2022,12,Friday,4,Punjab,Sheikhupura,Rural Road,Good,Foggy,Street Light,Car/Taxi,2,Over Speeding,0,0,1,1,4,3,High
2019,7,Saturday,20,KPK,Abbottabad,Provincial Highway,Average,Clear,No Light,Truck/Lorry,4,Pedestrian Error,1,1,0,0,2,0,Low
2023,10,Monday,7,Punjab,Sheikhupura,National Highway,Average,Extreme Heat,Daylight,Car/Taxi,2,Mechanical Failure,1,0,0,0,2,1,Low
2022,7,Friday,9,Punjab,Sheikhupura,Provincial Highway,Good,Rainy,Daylight,Truck/Lorry,1,Wrong Overtaking,1,0,0,0,2,0,Medium
2022,11,Wednesday,11,Sindh,Dadu,Provincial Highway,Good,Foggy,Daylight,Car/Taxi,3,Driver Fatigue,0,0,0,1,10,3,High
2018,10,Friday,6,KPK,Swat,Urban Road,Average,Clear,Daylight,Car/Taxi,2,Over Speeding,0,0,0,0,2,0,Low
2020,12,Wednesday,9,Islamabad,Islamabad,National Highway,Good,Clear,Daylight,Motorcycle,2,Road Condition,1,0,0,1,5,1,Medium
2023,2,Monday,18,Punjab,Rahim Yar Khan,National Highway,Under Repair,Rainy,Daylight,Motorcycle,2,Road Condition,1,0,0,1,5,3,High
2018,8,Monday,13,Punjab,Sialkot,Urban Road,Poor,Clear,No Light,Motorcycle,1,Mobile Phone Use,1,0,0,0,0,0,Low
2021,6,Tuesday,19,Punjab,Faisalabad,Provincial Highway,Good,Foggy,Dawn/Dusk,Car/Taxi,1,Over Speeding,1,0,0,0,7,2,High
2021,10,Saturday,8,KPK,Peshawar,National Highway,Good,Foggy,Daylight,Bicycle,1,Wrong Overtaking,1,1,0,0,6,1,High
2023,12,Thursday,20,Sindh,Hyderabad,Provincial Highway,Good,Clear,Street Light,Motorcycle,3,Signal Violation,1,0,0,1,8,0,High
2018,9,Monday,9,KPK,Swat,Provincial Highway,Average,Clear,Daylight,Car/Taxi,3,Over Speeding,1,0,0,0,0,0,Low
2018,12,Friday,20,Punjab,Sargodha,Rural Road,Average,Foggy,No Light,Bicycle,2,Over Speeding,1,0,0,1,5,0,High
2021,8,Friday,15,Balochistan,Turbat,National Highway,Good,Dusty/Smoggy,No Light,Car/Taxi,2,Pedestrian Error,0,0,0,0,2,0,Low
2023,10,Thursday,11,Sindh,Kashmore,Rural Road,Good,Extreme Heat,Daylight,Car/Taxi,3,Pedestrian Error,0,0,0,0,1,0,Low
2018,4,Tuesday,18,Islamabad,Islamabad,National Highway,Good,Clear,Daylight,Motorcycle,2,Over Speeding,1,0,0,0,6,1,High
2019,9,Sunday,23,Punjab,Lahore,Motorway,Good,Foggy,No Light,Rickshaw,3,Driver Fatigue,0,1,1,0,11,2,High
2022,9,Friday,17,Sindh,Sukkur,Provincial Highway,Average,Foggy,Daylight,Car/Taxi,2,Road Condition,1,0,0,0,2,0,Low
2022,6,Saturday,22,KPK,Nowshera,Provincial Highway,Good,Clear,Street Light,Motorcycle,3,Pedestrian Error,0,1,1,0,4,0,Medium
2023,5,Monday,20,Sindh,Sukkur,Urban Road,Good,Foggy,Street Light,Rickshaw,3,Over Speeding,1,0,0,0,1,0,Low
2021,6,Wednesday,5,Punjab,Faisalabad,National Highway,Average,Extreme Heat,Street Light,Car/Taxi,1,Pedestrian Error,0,0,1,0,2,1,Medium
2018,8,Friday,20,AJK,Rawalakot,Rural Road,Poor,Clear,Street Light,Car/Taxi,1,Over Speeding,1,0,0,0,1,0,Medium
2018,11,Tuesday,12,Punjab,Lahore,Rural Road,Average,Rainy,Daylight,Motorcycle,1,Wrong Overtaking,1,0,0,1,1,1,Medium
2022,8,Friday,10,Punjab,Rawalpindi,National Highway,Good,Rainy,Daylight,Truck/Lorry,2,Wrong Overtaking,0,0,0,0,7,1,High
2020,5,Monday,10,Sindh,Jacobabad,Provincial Highway,Poor,Foggy,Daylight,Rickshaw,1,Signal Violation,0,0,0,0,1,0,Medium
2021,1,Tuesday,22,Sindh,Sukkur,Provincial Highway,Good,Foggy,No Light,Car/Taxi,2,Road Condition,0,0,1,1,1,0,Medium
2023,3,Sunday,20,KPK,Kohat,Urban Road,Average,Clear,Street Light,Motorcycle,4,Wrong Overtaking,1,1,0,0,1,1,Medium
2023,12,Tuesday,8,Punjab,Sialkot,Urban Road,Good,Clear,Daylight,Motorcycle,2,Over Speeding,1,0,0,1,3,1,High
2022,1,Monday,6,Sindh,Mirpur Khas,Urban Road,Average,Clear,Daylight,Motorcycle,2,Mobile Phone Use,0,0,0,1,1,0,Low
2020,7,Wednesday,1,Sindh,Karachi,Rural Road,Good,Clear,Street Light,Car/Taxi,3,Pedestrian Error,0,0,1,0,1,0,Low
2019,7,Sunday,10,Punjab,Gujranwala,Urban Road,Good,Foggy,Street Light,Car/Taxi,2,Road Condition,0,1,0,0,1,0,Low
2020,12,Friday,8,Balochistan,Khuzdar,Provincial Highway,Good,Clear,Daylight,Car/Taxi,3,Signal Violation,1,0,0,1,1,0,Low
2019,3,Monday,9,Balochistan,Chaman,Urban Road,Poor,Foggy,Street Light,Car/Taxi,2,Signal Violation,1,0,0,0,0,0,Low
2023,6,Saturday,17,Sindh,Mirpur Khas,Provincial Highway,Good,Rainy,Dawn/Dusk,Rickshaw,2,Over Speeding,1,1,0,0,3,0,Medium
2021,8,Wednesday,15,Punjab,Bahawalpur,Provincial Highway,Poor,Extreme Heat,Daylight,Rickshaw,1,Signal Violation,0,0,0,0,2,0,Low
2022,3,Friday,8,Balochistan,Sibi,Rural Road,Average,Foggy,Daylight,Car/Taxi,3,Pedestrian Error,1,0,0,0,2,0,Low
2021,7,Monday,7,Punjab,Faisalabad,Urban Road,Average,Clear,Street Light,Car/Taxi,2,Wrong Overtaking,1,0,0,0,2,0,Low
2020,6,Saturday,14,Punjab,Multan,National Highway,Good,Clear,Street Light,Motorcycle,2,Signal Violation,0,1,0,0,5,1,Medium
2018,7,Friday,8,Punjab,Rahim Yar Khan,National Highway,Good,Extreme Heat,Daylight,Motorcycle,2,Mechanical Failure,1,0,0,0,10,4,High
2022,10,Sunday,16,Punjab,Lahore,National Highway,Good,Clear,Daylight,Motorcycle,2,Driver Fatigue,0,1,0,0,2,2,High
2022,7,Monday,14,KPK,Dera Ismail Khan,Rural Road,Good,Clear,No Light,Bus/Coach,2,Road Condition,0,0,0,0,1,0,Low
2023,5,Saturday,20,Sindh,Dadu,Rural Road,Good,Foggy,No Light,Car/Taxi,2,Over Speeding,1,1,0,0,5,1,Medium
2019,11,Friday,21,Islamabad,Islamabad,Provincial Highway,Average,Clear,Street Light,Bus/Coach,2,Road Condition,0,0,0,1,0,0,Low
2019,3,Friday,17,Punjab,Rahim Yar Khan,National Highway,Good,Clear,Daylight,Truck/Lorry,4,Road Condition,1,0,0,0,5,0,Medium
2021,12,Wednesday,13,Sindh,Thatta,Provincial Highway,Poor,Foggy,Daylight,Motorcycle,4,Pedestrian Error,1,0,0,1,3,1,Medium
2022,10,Friday,9,AJK,Muzaffarabad,Provincial Highway,Average,Dusty/Smoggy,Daylight,Motorcycle,4,Wrong Overtaking,1,0,0,0,5,0,Medium
2023,5,Wednesday,7,KPK,Mardan,National Highway,Poor,Clear,Daylight,Car/Taxi,2,Driver Fatigue,1,0,0,0,2,0,Medium
2018,3,Thursday,7,KPK,Mansehra,National Highway,Poor,Clear,Daylight,Bicycle,1,Road Condition,1,0,0,0,3,0,Medium
2022,12,Friday,19,Punjab,Gujranwala,Urban Road,Good,Dusty/Smoggy,Daylight,Motorcycle,2,Over Speeding,1,0,0,1,3,1,Medium
2022,2,Monday,23,KPK,Kohat,Urban Road,Good,Rainy,Street Light,Motorcycle,1,Road Condition,0,0,1,1,3,0,Medium
2023,7,Wednesday,8,Punjab,Rawalpindi,Urban Road,Poor,Clear,Daylight,Motorcycle,4,Wrong Overtaking,1,0,0,0,2,1,Low
2023,6,Friday,23,Sindh,Karachi,National Highway,Average,Foggy,Street Light,Car/Taxi,2,Wrong Overtaking,0,0,1,0,2,1,Medium
2023,2,Monday,8,Sindh,Nawabshah,Provincial Highway,Good,Foggy,Daylight,Truck/Lorry,3,Wrong Overtaking,1,0,0,1,3,2,Medium
2021,7,Thursday,6,Sindh,Nawabshah,Urban Road,Good,Clear,Daylight,Car/Taxi,3,Mobile Phone Use,0,0,0,0,1,0,Low
2019,12,Friday,12,KPK,Kohat,National Highway,Poor,Clear,Daylight,Motorcycle,3,Mechanical Failure,1,0,0,1,2,0,Medium
2022,10,Sunday,23,KPK,Bannu,Urban Road,Average,Foggy,No Light,Motorcycle,2,Wrong Overtaking,0,1,1,0,10,1,High
2022,8,Thursday,19,Punjab,Rahim Yar Khan,Rural Road,Good,Clear,Dawn/Dusk,Bus/Coach,2,Signal Violation,1,0,0,0,2,0,Low
2019,6,Saturday,12,Sindh,Dadu,Rural Road,Good,Dusty/Smoggy,Daylight,Van/Pickup,2,Signal Violation,1,1,0,0,0,0,Low
2021,12,Sunday,17,KPK,Dera Ismail Khan,Urban Road,Good,Rainy,Daylight,Motorcycle,3,Pedestrian Error,1,1,0,1,1,1,Medium
2018,6,Thursday,2,Punjab,Lahore,Rural Road,Poor,Clear,No Light,Bus/Coach,2,Wrong Overtaking,0,0,1,0,2,0,Medium
2022,1,Tuesday,1,Punjab,Sargodha,National Highway,Average,Clear,No Light,Motorcycle,1,Wrong Overtaking,0,0,1,1,5,1,High
2022,5,Thursday,7,Punjab,Sialkot,Provincial Highway,Good,Clear,Daylight,Motorcycle,3,Over Speeding,1,0,0,0,3,0,Medium
2018,1,Sunday,23,Punjab,Rawalpindi,Rural Road,Good,Clear,No Light,Motorcycle,3,Signal Violation,0,1,1,1,3,0,Medium
2023,3,Sunday,13,AJK,Mirpur,Provincial Highway,Average,Clear,Dawn/Dusk,Bus/Coach,2,Over Speeding,1,1,0,0,3,0,Medium
2021,4,Thursday,10,Punjab,Multan,Motorway,Average,Clear,No Light,Bicycle,4,Signal Violation,0,0,0,0,2,2,Medium
2021,9,Friday,12,Sindh,Larkana,National Highway,Good,Clear,Daylight,Rickshaw,1,Over Speeding,1,0,0,0,10,3,High
2022,12,Friday,20,KPK,Swat,Provincial Highway,Good,Dusty/Smoggy,No Light,Motorcycle,3,Pedestrian Error,1,0,0,1,1,0,Low
2023,3,Wednesday,21,Punjab,Sargodha,Rural Road,Good,Clear,No Light,Truck/Lorry,1,Road Condition,0,0,0,0,1,0,Low
2019,6,Thursday,10,Balochistan,Gwadar,National Highway,Poor,Clear,Daylight,Motorcycle,2,Driver Fatigue,0,0,0,0,11,2,High
2019,11,Sunday,20,Punjab,Rahim Yar Khan,Provincial Highway,Average,Foggy,Street Light,Car/Taxi,1,Over Speeding,1,1,0,1,4,0,Medium
2023,12,Wednesday,11,Balochistan,Zhob,Urban Road,Under Repair,Rainy,Daylight,Motorcycle,2,Wrong Overtaking,0,0,0,1,1,0,Medium
2023,4,Thursday,11,Punjab,Lahore,Provincial Highway,Average,Rainy,Daylight,Rickshaw,1,Over Speeding,0,0,0,0,4,0,Medium
2020,5,Tuesday,15,Punjab,Bahawalpur,Provincial Highway,Poor,Foggy,Daylight,Motorcycle,2,Signal Violation,0,0,0,0,2,3,High
2022,11,Friday,5,Punjab,Multan,National Highway,Good,Foggy,Street Light,Car/Taxi,2,Wrong Overtaking,0,0,1,1,4,2,High
2022,1,Thursday,22,Punjab,Rawalpindi,Rural Road,Average,Clear,Street Light,Motorcycle,2,Driver Fatigue,0,0,1,1,1,1,Medium
2022,2,Friday,14,Balochistan,Sibi,Urban Road,Under Repair,Clear,Dawn/Dusk,Car/Taxi,4,Wrong Overtaking,0,0,0,1,2,0,Low
2021,12,Monday,13,Punjab,Faisalabad,Rural Road,Under Repair,Rainy,Daylight,Bus/Coach,2,Mobile Phone Use,1,0,0,1,3,0,Medium
2018,8,Thursday,9,Sindh,Thatta,Rural Road,Good,Foggy,Street Light,Car/Taxi,2,Road Condition,1,0,0,0,1,0,Low
2019,6,Saturday,9,Punjab,Sialkot,Rural Road,Good,Clear,No Light,Motorcycle,2,Over Speeding,1,1,0,0,7,1,High
2018,3,Friday,19,KPK,Mansehra,Provincial Highway,Average,Rainy,No Light,Motorcycle,3,Wrong Overtaking,1,0,0,0,4,1,High
2018,5,Sunday,16,KPK,Dera Ismail Khan,Provincial Highway,Poor,Clear,Dawn/Dusk,Car/Taxi,2,Mechanical Failure,0,1,0,0,1,0,Low
2023,5,Saturday,14,Sindh,Nawabshah,Rural Road,Good,Clear,Dawn/Dusk,Truck/Lorry,1,Wrong Overtaking,0,1,0,0,2,0,Low
2019,5,Sunday,19,Punjab,Faisalabad,National Highway,Average,Clear,Daylight,Motorcycle,3,Road Condition,1,1,0,0,4,1,Medium
2022,11,Saturday,9,Sindh,Jacobabad,National Highway,Poor,Foggy,Daylight,Motorcycle,2,Over Speeding,1,1,0,1,8,2,High
2021,12,Friday,12,Punjab,Bahawalpur,Urban Road,Poor,Clear,Daylight,Motorcycle,1,Signal Violation,1,0,0,1,2,0,Low
2023,12,Saturday,9,Punjab,Bahawalpur,Provincial Highway,Average,Clear,Daylight,Bus/Coach,2,Wrong Overtaking,1,1,0,1,3,1,Medium
2018,9,Sunday,18,Sindh,Kashmore,National Highway,Average,Rainy,Daylight,Motorcycle,1,Road Condition,1,1,0,0,11,1,High
2018,8,Friday,13,Gilgit-Baltistan,Hunza,Provincial Highway,Good,Clear,Daylight,Car/Taxi,2,Pedestrian Error,1,0,0,0,2,0,Low
2022,8,Tuesday,14,Balochistan,Loralai,National Highway,Good,Clear,Street Light,Motorcycle,2,Over Speeding,0,0,0,0,11,2,High
2020,5,Saturday,12,Sindh,Jacobabad,National Highway,Good,Clear,Daylight,Car/Taxi,2,Signal Violation,1,1,0,0,2,0,Medium
2019,7,Thursday,7,Sindh,Mirpur Khas,National Highway,Good,Clear,Street Light,Motorcycle,1,Signal Violation,1,0,0,0,3,2,High
2021,12,Friday,20,Gilgit-Baltistan,Skardu,Urban Road,Good,Rainy,No Light,Motorcycle,2,Road Condition,1,0,0,1,2,1,Medium
2020,6,Sunday,20,Sindh,Larkana,Motorway,Good,Foggy,No Light,Motorcycle,3,Pedestrian Error,1,1,0,0,1,0,Medium
2019,10,Sunday,8,Sindh,Jacobabad,Urban Road,Poor,Clear,Daylight,Car/Taxi,1,Signal Violation,1,1,0,0,1,0,Low
2023,2,Thursday,10,Balochistan,Turbat,Urban Road,Under Repair,Clear,Dawn/Dusk,Bus/Coach,1,Mechanical Failure,0,0,0,1,2,0,Low
2022,12,Wednesday,7,Punjab,Sargodha,Rural Road,Poor,Rainy,Daylight,Motorcycle,3,Over Speeding,1,0,0,1,2,0,Medium
2023,5,Monday,17,Punjab,Sheikhupura,National Highway,Good,Rainy,Daylight,Rickshaw,2,Over Speeding,1,0,0,0,5,2,High
2020,3,Sunday,6,Sindh,Kashmore,National Highway,Good,Foggy,Daylight,Van/Pickup,1,Road Condition,0,1,0,0,5,0,Medium
2018,6,Friday,20,Punjab,Rawalpindi,Provincial Highway,Average,Clear,No Light,Car/Taxi,2,Pedestrian Error,1,0,0,0,1,0,Low
2020,12,Tuesday,9,Punjab,Bahawalpur,National Highway,Good,Clear,Daylight,Motorcycle,4,Mobile Phone Use,1,0,0,1,7,2,High
2019,6,Tuesday,3,Sindh,Mirpur Khas,Provincial Highway,Average,Clear,Street Light,Truck/Lorry,2,Road Condition,0,0,1,0,2,0,Low
2023,2,Tuesday,8,Sindh,Kashmore,Provincial Highway,Good,Rainy,Daylight,Motorcycle,2,Signal Violation,1,0,0,1,11,1,High
2022,7,Friday,15,Gilgit-Baltistan,Skardu,Rural Road,Good,Clear,Dawn/Dusk,Car/Taxi,2,Mechanical Failure,0,0,0,0,1,1,Low
2019,4,Monday,17,Punjab,Rahim Yar Khan,National Highway,Average,Clear,Daylight,Motorcycle,2,Road Condition,1,0,0,0,6,2,High
2021,7,Thursday,14,Punjab,Multan,Provincial Highway,Under Repair,Clear,Daylight,Motorcycle,3,Signal Violation,0,0,0,0,1,1,Medium
2018,1,Sunday,20,Punjab,Bahawalpur,National Highway,Average,Clear,Street Light,Motorcycle,1,Road Condition,1,1,0,1,7,3,High
2022,10,Wednesday,23,Sindh,Kashmore,Rural Road,Under Repair,Clear,Street Light,Motorcycle,2,Over Speeding,0,0,1,0,5,2,High
2021,11,Friday,11,KPK,Peshawar,Urban Road,Poor,Clear,Daylight,Motorcycle,1,Mechanical Failure,0,0,0,1,1,0,Low
2019,3,Thursday,12,Sindh,Jacobabad,Motorway,Good,Rainy,Daylight,Car/Taxi,1,Over Speeding,1,0,0,0,7,0,High
2023,9,Wednesday,7,Punjab,Sheikhupura,Provincial Highway,Good,Clear,Daylight,Rickshaw,1,Drunk Driving,1,0,0,0,0,0,Low
2019,7,Saturday,12,Sindh,Jacobabad,Motorway,Good,Clear,Daylight,Van/Pickup,3,Over Speeding,1,1,0,0,2,0,Medium
2021,5,Saturday,13,Sindh,Dadu,Urban Road,Average,Clear,Daylight,Rickshaw,3,Wrong Overtaking,1,1,0,0,2,0,Low
2022,4,Tuesday,14,Punjab,Sargodha,National Highway,Good,Dusty/Smoggy,Daylight,Motorcycle,2,Road Condition,0,0,0,0,1,0,Medium
2023,5,Saturday,19,Punjab,Faisalabad,National Highway,Under Repair,Foggy,No Light,Motorcycle,2,Driver Fatigue,1,1,0,0,3,1,High
2022,8,Saturday,17,Sindh,Mirpur Khas,National Highway,Good,Rainy,Daylight,Car/Taxi,1,Driver Fatigue,1,1,0,0,2,0,High
2018,9,Monday,8,AJK,Mirpur,National Highway,Good,Foggy,Daylight,Other,3,Wrong Overtaking,1,0,0,0,2,0,Medium
2019,5,Friday,0,Balochistan,Chaman,Urban Road,Good,Clear,No Light,Rickshaw,2,Wrong Overtaking,0,0,1,0,2,0,Low
2021,10,Saturday,22,KPK,Dera Ismail Khan,Motorway,Good,Clear,No Light,Rickshaw,2,Road Condition,0,1,1,0,2,0,Medium
2023,5,Thursday,16,Balochistan,Sibi,National Highway,Poor,Foggy,Daylight,Motorcycle,3,Over Speeding,0,0,0,0,8,3,High
2020,8,Wednesday,20,KPK,Bannu,National Highway,Average,Clear,Street Light,Motorcycle,1,Over Speeding,1,0,0,0,8,0,High
2018,7,Wednesday,11,Balochistan,Khuzdar,Motorway,Good,Dusty/Smoggy,Daylight,Rickshaw,2,Wrong Overtaking,0,0,0,0,2,0,Low
2023,5,Friday,17,Punjab,Rawalpindi,National Highway,Good,Clear,Daylight,Truck/Lorry,1,Over Speeding,1,0,0,0,6,1,High
2020,10,Friday,14,Sindh,Mirpur Khas,Rural Road,Good,Rainy,Daylight,Truck/Lorry,2,Driver Fatigue,0,0,0,0,2,0,Medium
2020,7,Sunday,20,KPK,Mardan,National Highway,Average,Clear,No Light,Motorcycle,3,Road Condition,1,1,0,0,8,2,High
2019,7,Saturday,16,Sindh,Larkana,Motorway,Average,Foggy,Street Light,Car/Taxi,1,Mechanical Failure,0,1,0,0,1,0,Medium