year,month,day_of_week,hour_of_day,province,district,road_type,road_condition,weather_condition,lighting_condition,vehicle_type,vehicles_involved,accident_cause,is_rush_hour,is_weekend,is_night,is_foggy_month,num_injured,num_killed,severity
2018,11,Sunday,12,Punjab,Rawalpindi,Provincial Highway,Good,Clear,Daylight,Bus/Coach,4,Over Speeding,1,1,0,1,2,0,Medium
2022,11,Thursday,19,Punjab,Sialkot,Urban Road,Good,Clear,No Light,Rickshaw,2,Mobile Phone Use,1,0,0,1,2,0,Low
2023,2,Thursday,19,Punjab,Lahore,Rural Road,Good,Clear,Street Light,Rickshaw,1,Wrong Overtaking,1,0,0,1,1,0,Low
2023,5,Wednesday,11,Punjab,Gujranwala,National Highway,Good,Clear,Daylight,Motorcycle,2,Over Speeding,0,0,0,0,4,2,High
2022,4,Wednesday,6,Punjab,Multan,Provincial Highway,Good,Rainy,Daylight,Car/Taxi,2,Wrong Overtaking,0,0,0,0,4,1,Medium
2023,8,Tuesday,8,Sindh,Karachi,National Highway,Good,Foggy,Daylight,Motorcycle,2,Over Speeding,1,0,0,0,4,2,High
2023,11,Saturday,21,Balochistan,Gwadar,Provincial Highway,Average,Clear,Street Light,Van/Pickup,1,Wrong Overtaking,0,1,0,1,5,0,Medium
2021,2,Saturday,23,KPK,Nowshera,Rural Road,Good,Dusty/Smoggy,No Light,Truck/Lorry,2,Over Speeding,0,1,1,1,5,0,Medium
2022,8,Saturday,9,KPK,Abbottabad,National Highway,Poor,Rainy,Daylight,Motorcycle,2,Over Speeding,1,1,0,0,2,1,High
2022,3,Monday,6,Balochistan,Hub,Provincial Highway,Average,Clear,Daylight,Car/Taxi,2,Signal Violation,0,0,0,0,4,2,Medium
2021,2,Saturday,8,Punjab,Bahawalpur,National Highway,Good,Foggy,Daylight,Bus/Coach,2,Mobile Phone Use,1,1,0,1,1,1,Medium
2023,4,Monday,11,Punjab,Rawalpindi,Provincial Highway,Average,Clear,Daylight,Truck/Lorry,3,Over Speeding,0,0,0,0,3,1,Medium
2023,11,Thursday,6,Punjab,Rawalpindi,National Highway,Average,Clear,Street Light,Bicycle,1,Over Speeding,0,0,0,1,3,1,High
2020,10,Sunday,19,Islamabad,Islamabad,National Highway,Poor,Clear,Dawn/Dusk,Car/Taxi,2,Pedestrian Error,1,1,0,0,0,0,Low
2022,5,Friday,18,Punjab,Bahawalpur,Provincial Highway,Average,Clear,Daylight,Motorcycle,1,Driver Fatigue,1,0,0,0,2,0,Medium
2022,7,Friday,8,KPK,Abbottabad,Urban Road,Good,Dusty/Smoggy,Daylight,Truck/Lorry,1,Road Condition,1,0,0,0,0,0,Low
2020,6,Monday,7,Punjab,Faisalabad,National Highway,Good,Clear,Daylight,Rickshaw,2,Over Speeding,1,0,0,0,6,0,High
2021,1,Monday,14,Islamabad,Islamabad,Rural Road,Good,Foggy,Daylight,Motorcycle,3,Mechanical Failure,0,0,0,1,1,0,Low
2023,2,Saturday,8,Punjab,Faisalabad,Motorway,Average,Clear,Daylight,Truck/Lorry,2,Road Condition,1,1,0,1,2,0,Low
2021,12,Saturday,15,KPK,Charsadda,Provincial Highway,Average,Dusty/Smoggy,Dawn/Dusk,Car/Taxi,3,Wrong Overtaking,0,1,0,1,0,1,Low
2020,12,Saturday,17,Punjab,Sialkot,National Highway,Average,Clear,Daylight,Motorcycle,1,Road Condition,1,1,0,1,1,0,Medium
2022,7,Thursday,6,Punjab,Rahim Yar Khan,National Highway,Poor,Clear,Daylight,Truck/Lorry,4,Road Condition,0,0,0,0,1,0,Low
2018,1,Thursday,8,Sindh,Sukkur,National Highway,Average,Dusty/Smoggy,Daylight,Car/Taxi,3,Drunk Driving,1,0,0,1,9,3,High
2019,7,Thursday,8,Gilgit-Baltistan,Hunza,Urban Road,Average,Foggy,Dawn/Dusk,Motorcycle,1,Over Speeding,1,0,0,0,2,0,High
2022,12,Sunday,11,Sindh,Kashmore,Rural Road,Average,Clear,Street Light,Rickshaw,4,Over Speeding,0,1,0,1,1,0,Low
2023,2,Monday,19,Islamabad,Islamabad,National Highway,Good,Clear,No Light,Motorcycle,1,Mechanical Failure,1,0,0,1,4,0,Medium
2021,2,Monday,11,KPK,Dera Ismail Khan,Urban Road,Good,Clear,Dawn/Dusk,Bus/Coach,2,Mechanical Failure,0,0,0,1,0,0,Low
2022,1,Monday,17,KPK,Peshawar,National Highway,Under Repair,Rainy,Daylight,Motorcycle,1,Pedestrian Error,1,0,0,1,2,1,High
2018,3,Sunday,2,Sindh,Nawabshah,Rural Road,Under Repair,Clear,Street Light,Motorcycle,3,Over Speeding,0,1,1,0,1,0,Medium
2023,11,Friday,22,Punjab,Sheikhupura,National Highway,Average,Rainy,No Light,Motorcycle,1,Drunk Driving,0,0,1,1,8,0,High
2018,11,Saturday,22,Punjab,Sialkot,National Highway,Good,Clear,Street Light,Car/Taxi,1,Wrong Overtaking,0,1,1,1,6,1,High
2022,7,Saturday,10,Islamabad,Islamabad,Motorway,Average,Clear,Daylight,Bus/Coach,1,Pedestrian Error,0,1,0,0,1,0,Medium
2022,11,Saturday,22,Islamabad,Islamabad,Provincial Highway,Good,Clear,No Light,Car/Taxi,2,Over Speeding,0,1,1,1,1,1,Medium
2023,1,Sunday,13,KPK,Peshawar,Provincial Highway,Average,Clear,Daylight,Car/Taxi,3,Road Condition,1,1,0,1,0,0,Low
2021,11,Sunday,23,Punjab,Sialkot,Urban Road,Poor,Dusty/Smoggy,No Light,Car/Taxi,2,Wrong Overtaking,0,1,1,1,3,1,Medium
2022,11,Saturday,11,Punjab,Sheikhupura,Urban Road,Good,Clear,Daylight,Motorcycle,2,Signal Violation,0,1,0,1,3,0,Medium
2022,6,Wednesday,2,AJK,Mirpur,National Highway,Good,Foggy,Street Light,Car/Taxi,2,Over Speeding,0,0,1,0,2,0,High
2023,6,Sunday,21,Punjab,Rawalpindi,Provincial Highway,Good,Clear,No Light,Bus/Coach,4,Over Speeding,0,1,0,0,1,0,Medium
2020,7,Saturday,19,Balochistan,Turbat,Urban Road,Good,Extreme Heat,Daylight,Bus/Coach,1,Wrong Overtaking,1,1,0,0,2,0,Low
2021,9,Saturday,21,Punjab,Bahawalpur,Rural Road,Good,Dusty/Smoggy,No Light,Car/Taxi,1,Road Condition,0,1,0,0,1,0,Low
2022,3,Tuesday,15,Punjab,Faisalabad,Urban Road,Good,Clear,Daylight,Van/Pickup,1,Wrong Overtaking,0,0,0,0,1,0,Low
2022,4,Monday,16,KPK,Nowshera,National Highway,Average,Clear,Daylight,Rickshaw,3,Over Speeding,0,0,0,0,3,1,Medium
2019,3,Friday,13,Punjab,Rawalpindi,National Highway,Good,Rainy,Daylight,Rickshaw,2,Signal Violation,1,0,0,0,4,0,Medium
2018,2,Monday,20,Punjab,Gujranwala,Rural Road,Good,Rainy,No Light,Car/Taxi,1,Over Speeding,1,0,0,1,1,0,Low
2023,2,Saturday,20,Islamabad,Islamabad,Rural Road,Good,Clear,No Light,Motorcycle,4,Drunk Driving,1,1,0,1,4,0,Medium
2022,1,Saturday,8,KPK,Abbottabad,National Highway,Good,Clear,Daylight,Motorcycle,1,Pedestrian Error,1,1,0,1,1,0,Medium
2019,6,Thursday,15,KPK,Abbottabad,Provincial Highway,Good,Clear,Daylight,Car/Taxi,1,Signal Violation,0,0,0,0,0,0,Low
2021,12,Saturday,17,KPK,Nowshera,Rural Road,Average,Clear,Street Light,Motorcycle,3,Over Speeding,1,1,0,1,10,2,High
2018,1,Wednesday,9,Punjab,Sargodha,Urban Road,Average,Extreme Heat,Daylight,Car/Taxi,2,Mechanical Failure,1,0,0,1,0,0,Low
2018,10,Tuesday,16,Punjab,Sargodha,National Highway,Good,Foggy,Daylight,Bus/Coach,2,Pedestrian Error,0,0,0,0,5,0,Medium
2018,8,Monday,7,Sindh,Larkana,Urban Road,Average,Rainy,Daylight,Motorcycle,2,Signal Violation,1,0,0,0,5,0,Medium
2018,12,Tuesday,5,Punjab,Bahawalpur,Urban Road,Under Repair,Rainy,Dawn/Dusk,Truck/Lorry,4,Road Condition,0,0,1,1,3,1,Medium
2020,11,Friday,5,Punjab,Sheikhupura,Motorway,Poor,Clear,No Light,Car/Taxi,3,Driver Fatigue,0,0,1,1,2,0,Medium
2023,2,Friday,21,KPK,Peshawar,Rural Road,Poor,Foggy,No Light,Motorcycle,3,Wrong Overtaking,0,0,0,1,4,0,Medium
2018,7,Monday,21,Punjab,Sargodha,National Highway,Good,Clear,No Light,Motorcycle,2,Driver Fatigue,0,0,0,0,9,0,High
2023,8,Saturday,21,KPK,Charsadda,National Highway,Poor,Clear,Street Light,Motorcycle,1,Over Speeding,0,1,0,0,11,1,High
2021,12,Tuesday,18,Punjab,Faisalabad,Provincial Highway,Poor,Foggy,Daylight,Motorcycle,1,Over Speeding,1,0,0,1,3,0,High
2023,5,Saturday,8,Punjab,Sialkot,Provincial Highway,Under Repair,Rainy,Street Light,Car/Taxi,2,Wrong Overtaking,1,1,0,0,0,0,Low
2019,6,Sunday,16,Punjab,Gujranwala,National Highway,Average,Rainy,Daylight,Rickshaw,2,Over Speeding,0,1,0,0,9,1,High
2019,9,Friday,10,Balochistan,Gwadar,Urban Road,Good,Foggy,Daylight,Car/Taxi,2,Drunk Driving,0,0,0,0,4,0,Medium
2019,10,Tuesday,21,Punjab,Multan,National Highway,Average,Clear,Street Light,Car/Taxi,1,Pedestrian Error,0,0,0,0,2,0,Medium
2021,4,Sunday,9,Sindh,Kashmore,Rural Road,Under Repair,Clear,No Light,Car/Taxi,2,Wrong Overtaking,1,1,0,0,2,0,Low
2021,9,Tuesday,19,KPK,Mansehra,Provincial Highway,Good,Rainy,Dawn/Dusk,Motorcycle,2,Signal Violation,1,0,0,0,3,0,High
2023,6,Wednesday,14,Punjab,Lahore,Urban Road,Under Repair,Clear,Daylight,Rickshaw,3,Wrong Overtaking,0,0,0,0,1,0,Low
2020,2,Sunday,18,Sindh,Karachi,National Highway,Average,Rainy,Daylight,Bus/Coach,1,Over Speeding,1,1,0,1,9,0,High
2020,7,Tuesday,19,Balochistan,Gwadar,Provincial Highway,Average,Clear,Dawn/Dusk,Motorcycle,3,Over Speeding,1,0,0,0,7,1,High
2020,8,Monday,17,Sindh,Sukkur,Urban Road,Good,Foggy,Dawn/Dusk,Car/Taxi,3,Wrong Overtaking,1,0,0,0,2,0,Low
2018,7,Monday,18,Punjab,Gujranwala,Provincial Highway,Poor,Clear,Street Light,Motorcycle,2,Wrong Overtaking,1,0,0,0,1,2,Medium
2021,1,Saturday,8,Sindh,Kashmore,Rural Road,Poor,Extreme Heat,Daylight,Motorcycle,2,Wrong Overtaking,1,1,0,1,1,0,Medium
2022,9,Friday,23,Sindh,Kashmore,Urban Road,Average,Clear,No Light,Motorcycle,1,Drunk Driving,0,0,1,0,3,1,Medium
2020,11,Sunday,16,Punjab,Gujranwala,Urban Road,Poor,Rainy,No Light,Motorcycle,2,Wrong Overtaking,0,1,0,1,9,2,High
2023,2,Friday,11,Punjab,Lahore,National Highway,Average,Clear,Street Light,Motorcycle,2,Road Condition,0,0,0,1,1,1,Medium
2019,2,Friday,9,Punjab,Gujranwala,Provincial Highway,Average,Clear,Daylight,Motorcycle,4,Wrong Overtaking,1,0,0,1,2,1,Medium
2020,12,Saturday,1,Punjab,Sialkot,Urban Road,Under Repair,Clear,Street Light,Motorcycle,4,Drunk Driving,0,1,1,1,5,0,High
2023,11,Monday,12,Punjab,Multan,Rural Road,Average,Clear,Daylight,Motorcycle,1,Wrong Overtaking,1,0,0,1,2,0,Low
2018,1,Monday,9,Sindh,Kashmore,National Highway,Average,Dusty/Smoggy,Daylight,Truck/Lorry,3,Wrong Overtaking,1,0,0,1,2,1,Medium
2020,12,Sunday,8,Punjab,Faisalabad,Rural Road,Average,Clear,No Light,Rickshaw,2,Mechanical Failure,1,1,0,1,0,0,Low
2023,12,Thursday,22,Balochistan,Dera Bugti,National Highway,Good,Clear,No Light,Truck/Lorry,3,Over Speeding,0,0,1,1,7,0,High
2023,6,Saturday,10,Sindh,Dadu,Urban Road,Poor,Clear,Daylight,Truck/Lorry,2,Driver Fatigue,0,1,0,0,4,0,Medium
2020,1,Wednesday,21,Balochistan,Sibi,Urban Road,Average,Clear,No Light,Van/Pickup,1,Over Speeding,0,0,0,1,0,1,Low
2022,10,Friday,14,Sindh,Dadu,Rural Road,Average,Clear,Daylight,Car/Taxi,2,Drunk Driving,0,0,0,0,0,0,Low
2022,8,Sunday,15,Punjab,Sheikhupura,National Highway,Poor,Clear,Daylight,Motorcycle,1,Signal Violation,0,1,0,0,1,0,Medium
2022,2,Thursday,12,Sindh,Kashmore,Rural Road,Good,Foggy,Daylight,Truck/Lorry,2,Pedestrian Error,1,0,0,1,2,0,Low
2019,10,Thursday,23,KPK,Nowshera,Provincial Highway,Under Repair,Clear,Street Light,Motorcycle,3,Wrong Overtaking,0,0,1,0,1,1,Medium
2019,7,Thursday,6,Punjab,Faisalabad,Provincial Highway,Under Repair,Clear,Daylight,Motorcycle,1,Over Speeding,0,0,0,0,3,0,Medium
2023,6,Saturday,17,Punjab,Sargodha,Rural Road,Average,Clear,Daylight,Motorcycle,2,Over Speeding,1,1,0,0,4,0,Medium
2020,1,Friday,22,Punjab,Lahore,Provincial Highway,Poor,Extreme Heat,No Light,Motorcycle,1,Mobile Phone Use,0,0,1,1,5,1,Medium
2021,5,Saturday,2,Punjab,Sialkot,Provincial Highway,Average,Rainy,No Light,Car/Taxi,2,Mobile Phone Use,0,1,1,0,1,0,Medium
2019,6,Saturday,11,Punjab,Sialkot,Rural Road,Good,Rainy,Street Light,Bus/Coach,3,Wrong Overtaking,0,1,0,0,3,0,Medium
2021,8,Saturday,0,Punjab,Gujranwala,National Highway,Good,Clear,Street Light,Motorcycle,4,Drunk Driving,0,1,1,0,9,2,High
2020,7,Wednesday,9,Punjab,Sargodha,Urban Road,Average,Clear,Daylight,Bus/Coach,1,Signal Violation,1,0,0,0,2,0,Low
2019,11,Sunday,6,KPK,Abbottabad,National Highway,Average,Dusty/Smoggy,Daylight,Car/Taxi,3,Road Condition,0,1,0,1,0,0,Low
2020,6,Sunday,6,Punjab,Sargodha,National Highway,Average,Dusty/Smoggy,Daylight,Car/Taxi,2,Pedestrian Error,0,1,0,0,2,0,Low
2019,4,Sunday,7,Sindh,Nawabshah,Motorway,Good,Foggy,Street Light,Other,2,Signal Violation,1,1,0,0,10,1,High
2022,12,Friday,4,Sindh,Sukkur,Provincial Highway,Good,Foggy,Street Light,Car/Taxi,1,Wrong Overtaking,0,0,1,1,3,0,Medium
2023,11,Saturday,13,Sindh,Nawabshah,National Highway,Poor,Extreme Heat,Street Light,Car/Taxi,1,Pedestrian Error,1,1,0,1,2,0,Low
2023,4,Wednesday,16,Punjab,Lahore,Rural Road,Poor,Clear,Daylight,Van/Pickup,3,Mechanical Failure,0,0,0,0,2,0,Low
2018,1,Wednesday,6,Sindh,Hyderabad,National Highway,Poor,Clear,Daylight,Motorcycle,2,Driver Fatigue,0,0,0,1,3,2,High
2023,2,Tuesday,3,Punjab,Rahim Yar Khan,National Highway,Average,Dusty/Smoggy,Street Light,Motorcycle,1,Over Speeding,0,0,1,1,9,4,High
2020,8,Friday,17,Sindh,Larkana,Provincial Highway,Good,Clear,Daylight,Truck/Lorry,2,Road Condition,1,0,0,0,1,0,Medium
2019,5,Thursday,7,Sindh,Mirpur Khas,National Highway,Average,Rainy,Dawn/Dusk,Van/Pickup,4,Driver Fatigue,1,0,0,0,4,4,High
2023,12,Monday,6,Punjab,Rawalpindi,National Highway,Good,Extreme Heat,Daylight,Car/Taxi,2,Signal Violation,0,0,0,1,5,0,Medium
2022,6,Saturday,12,Punjab,Multan,National Highway,Average,Rainy,Daylight,Motorcycle,2,Signal Violation,1,1,0,0,3,2,High
2018,12,Friday,14,Punjab,Faisalabad,National Highway,Poor,Foggy,Dawn/Dusk,Car/Taxi,3,Wrong Overtaking,0,0,0,1,4,0,Medium
2022,9,Saturday,19,Punjab,Bahawalpur,Provincial Highway,Poor,Clear,Dawn/Dusk,Car/Taxi,2,Wrong Overtaking,1,1,0,0,2,0,Low
2022,9,Wednesday,5,Punjab,Gujranwala,Rural Road,Average,Foggy,Dawn/Dusk,Motorcycle,2,Wrong Overtaking,0,0,1,0,1,2,Medium
2023,2,Saturday,13,AJK,Muzaffarabad,National Highway,Poor,Foggy,Daylight,Motorcycle,1,Wrong Overtaking,1,1,0,1,3,0,High
2022,8,Tuesday,9,Punjab,Multan,Urban Road,Poor,Extreme Heat,Daylight,Van/Pickup,2,Signal Violation,1,0,0,0,2,0,Low
2021,1,Wednesday,19,Sindh,Kashmore,National Highway,Under Repair,Foggy,No Light,Bicycle,3,Mobile Phone Use,1,0,0,1,2,2,Medium
2020,12,Friday,20,Sindh,Hyderabad,National Highway,Good,Dusty/Smoggy,No Light,Car/Taxi,2,Wrong Overtaking,1,0,0,1,2,0,Medium
2018,4,Monday,0,Sindh,Dadu,National Highway,Poor,Clear,No Light,Car/Taxi,1,Signal Violation,0,0,1,0,3,0,Medium
2018,12,Wednesday,9,Islamabad,Islamabad,Urban Road,Poor,Clear,Dawn/Dusk,Car/Taxi,2,Wrong Overtaking,1,0,0,1,1,0,Low
2021,1,Friday,8,Balochistan,Hub,National Highway,Poor,Clear,Daylight,Motorcycle,2,Over Speeding,1,0,0,1,3,3,High
2023,7,Saturday,21,KPK,Mansehra,National Highway,Poor,Clear,Street Light,Car/Taxi,3,Signal Violation,0,1,0,0,1,0,Low
2021,7,Friday,9,Islamabad,Islamabad,Provincial Highway,Average,Clear,Daylight,Truck/Lorry,2,Wrong Overtaking,1,0,0,0,2,0,Medium
2021,11,Tuesday,14,Punjab,Sheikhupura,Urban Road,Average,Clear,Street Light,Motorcycle,2,Road Condition,0,0,0,1,2,1,Medium
2018,9,Sunday,15,Sindh,Dadu,Urban Road,Good,Clear,Daylight,Motorcycle,2,Signal Violation,0,1,0,0,5,0,Medium
2023,8,Sunday,11,Balochistan,Khuzdar,National Highway,Poor,Clear,Street Light,Rickshaw,1,Over Speeding,0,1,0,0,5,2,Medium
2020,12,Sunday,18,Sindh,Dadu,National Highway,Under Repair,Clear,Daylight,Motorcycle,2,Mechanical Failure,1,1,0,1,1,2,Medium
2023,7,Friday,9,AJK,Muzaffarabad,National Highway,Good,Clear,Daylight,Car/Taxi,1,Over Speeding,1,0,0,0,2,1,Medium
2019,11,Sunday,23,Punjab,Bahawalpur,Rural Road,Good,Foggy,No Light,Van/Pickup,3,Over Speeding,0,1,1,1,10,3,High
2023,4,Friday,9,Sindh,Hyderabad,Provincial Highway,Good,Clear,Daylight,Motorcycle,1,Drunk Driving,1,0,0,0,3,1,High
2023,2,Monday,14,AJK,Mirpur,National Highway,Average,Dusty/Smoggy,Daylight,Bus/Coach,2,Pedestrian Error,0,0,0,1,3,0,Medium
2022,7,Wednesday,14,Punjab,Multan,Urban Road,Good,Clear,Daylight,Car/Taxi,3,Drunk Driving,0,0,0,0,1,0,Low
2021,7,Saturday,18,KPK,Abbottabad,Urban Road,Poor,Clear,Daylight,Motorcycle,3,Drunk Driving,1,1,0,0,1,1,Medium
2023,4,Sunday,13,Punjab,Sheikhupura,Provincial Highway,Average,Clear,Daylight,Car/Taxi,3,Over Speeding,1,1,0,0,0,0,Low
2022,8,Thursday,13,KPK,Kohat,National Highway,Good,Rainy,Street Light,Motorcycle,1,Driver Fatigue,1,0,0,0,9,2,High
2018,11,Sunday,9,Islamabad,Islamabad,Motorway,Poor,Foggy,Daylight,Motorcycle,1,Wrong Overtaking,1,1,0,1,10,1,High
2022,8,Saturday,10,Punjab,Faisalabad,National Highway,Poor,Foggy,Daylight,Truck/Lorry,1,Mechanical Failure,0,1,0,0,4,1,High
2023,5,Thursday,18,Punjab,Multan,National Highway,Average,Clear,Daylight,Motorcycle,4,Signal Violation,1,0,0,0,1,1,Medium
2022,9,Monday,13,Punjab,Gujranwala,Motorway,Under Repair,Rainy,Daylight,Motorcycle,1,Over Speeding,1,0,0,0,5,1,High
2021,9,Monday,3,Balochistan,Zhob,National Highway,Good,Rainy,No Light,Car/Taxi,2,Road Condition,0,0,1,0,3,0,Medium
2023,4,Friday,10,KPK,Charsadda,Urban Road,Poor,Clear,Daylight,Motorcycle,2,Wrong Overtaking,0,0,0,0,0,1,Low
2019,9,Friday,14,Punjab,Sheikhupura,Provincial Highway,Average,Clear,Dawn/Dusk,Motorcycle,4,Over Speeding,0,0,0,0,5,0,Medium
2023,11,Saturday,19,Punjab,Sheikhupura,Rural Road,Poor,Clear,No Light,Motorcycle,2,Wrong Overtaking,1,1,0,1,1,0,Medium
2020,6,Monday,12,KPK,Peshawar,National Highway,Poor,Dusty/Smoggy,Daylight,Van/Pickup,2,Wrong Overtaking,1,0,0,0,1,0,Low
2020,1,Saturday,11,KPK,Peshawar,Urban Road,Poor,Foggy,Daylight,Truck/Lorry,2,Wrong Overtaking,0,1,0,1,1,0,Medium
2019,8,Tuesday,20,Punjab,Rawalpindi,Provincial Highway,Poor,Clear,No Light,Car/Taxi,1,Driver Fatigue,1,0,0,0,1,0,Medium
2018,10,Wednesday,14,Punjab,Bahawalpur,National Highway,Average,Clear,Daylight,Rickshaw,1,Over Speeding,0,0,0,0,3,1,High
2023,11,Monday,22,KPK,Kohat,Urban Road,Good,Foggy,Street Light,Motorcycle,3,Mechanical Failure,0,0,1,1,11,0,High
2019,7,Wednesday,12,Sindh,Kashmore,Rural Road,Average,Clear,Daylight,Motorcycle,2,Wrong Overtaking,1,0,0,0,3,0,Medium
2018,11,Thursday,13,Islamabad,Islamabad,Provincial Highway,Average,Clear,Daylight,Bus/Coach,1,Road Condition,1,0,0,1,2,0,Low
2021,1,Friday,15,Sindh,Nawabshah,Urban Road,Average,Clear,Daylight,Bicycle,1,Pedestrian Error,0,0,0,1,1,0,Low
2020,11,Wednesday,8,KPK,Charsadda,National Highway,Good,Clear,Daylight,Rickshaw,2,Over Speeding,1,0,0,1,1,0,Medium
2023,7,Wednesday,14,Sindh,Larkana,Motorway,Poor,Clear,Daylight,Car/Taxi,3,Over Speeding,0,0,0,0,3,1,Medium
2019,12,Monday,18,Islamabad,Islamabad,Urban Road,Average,Clear,Daylight,Motorcycle,1,Over Speeding,1,0,0,1,11,1,High
2019,9,Tuesday,19,Punjab,Sheikhupura,Urban Road,Average,Clear,No Light,Motorcycle,1,Over Speeding,1,0,0,0,9,1,High
2022,12,Saturday,11,Punjab,Rahim Yar Khan,Provincial Highway,Under Repair,Clear,Daylight,Bus/Coach,1,Over Speeding,0,1,0,1,4,0,Medium
2018,9,Wednesday,6,Punjab,Multan,Urban Road,Good,Foggy,Daylight,Motorcycle,4,Wrong Overtaking,0,0,0,0,4,0,Medium
2021,2,Friday,14,Balochistan,Dera Bugti,Rural Road,Good,Rainy,Daylight,Motorcycle,2,Signal Violation,0,0,0,1,11,0,High
2018,6,Tuesday,17,Sindh,Kashmore,National Highway,Good,Clear,Dawn/Dusk,Motorcycle,2,Pedestrian Error,1,0,0,0,2,0,Medium
2023,10,Saturday,18,Punjab,Gujranwala,Urban Road,Poor,Extreme Heat,Daylight,Motorcycle,2,Weather Condition,1,1,0,0,1,0,Low
2018,5,Sunday,10,Sindh,Nawabshah,Rural Road,Average,Clear,Daylight,Bus/Coach,1,Signal Violation,0,1,0,0,1,0,Medium
2020,6,Friday,13,Punjab,Sialkot,National Highway,Poor,Clear,Daylight,Car/Taxi,3,Mechanical Failure,1,0,0,0,3,2,Medium
2023,9,Monday,19,Punjab,Bahawalpur,Rural Road,Good,Clear,Dawn/Dusk,Motorcycle,4,Signal Violation,1,0,0,0,2,1,Medium
2019,10,Monday,16,Punjab,Sheikhupura,National Highway,Good,Rainy,Daylight,Car/Taxi,3,Driver Fatigue,0,0,0,0,8,0,High
2021,5,Monday,22,Sindh,Karachi,Rural Road,Average,Clear,Street Light,Bus/Coach,3,Over Speeding,0,0,1,0,4,1,Medium
2021,2,Sunday,21,KPK,Abbottabad,National Highway,Good,Clear,No Light,Motorcycle,2,Wrong Overtaking,0,1,0,1,3,1,Medium
2020,11,Tuesday,17,KPK,Nowshera,National Highway,Average,Clear,Dawn/Dusk,Motorcycle,2,Signal Violation,1,0,0,1,3,2,High
2019,12,Monday,3,Islamabad,Islamabad,Provincial Highway,Good,Clear,No Light,Van/Pickup,2,Signal Violation,0,0,1,1,4,1,Medium
2020,6,Monday,8,Punjab,Rawalpindi,Provincial Highway,Average,Foggy,Street Light,Car/Taxi,1,Drunk Driving,1,0,0,0,4,1,Medium
2023,6,Tuesday,3,KPK,Kohat,Provincial Highway,Good,Clear,No Light,Rickshaw,1,Mechanical Failure,0,0,1,0,3,0,Medium
2021,12,Sunday,8,Punjab,Multan,National Highway,Poor,Rainy,Daylight,Bus/Coach,2,Over Speeding,1,1,0,1,4,1,High
2022,9,Monday,18,Punjab,Gujranwala,Rural Road,Good,Foggy,Daylight,Motorcycle,2,Wrong Overtaking,1,0,0,0,1,0,Medium
2023,12,Friday,13,Punjab,Rawalpindi,Urban Road,Good,Extreme Heat,Daylight,Motorcycle,2,Wrong Overtaking,1,0,0,1,5,2,Medium
2018,1,Friday,7,Sindh,Sukkur,Rural Road,Good,Clear,Dawn/Dusk,Bus/Coach,1,Over Speeding,1,0,0,1,1,0,Low
2023,8,Monday,8,Punjab,Rahim Yar Khan,National Highway,Good,Dusty/Smoggy,Dawn/Dusk,Motorcycle,1,Over Speeding,1,0,0,0,10,0,High
2023,6,Saturday,22,Punjab,Bahawalpur,Provincial Highway,Good,Rainy,No Light,Bus/Coach,2,Over Speeding,0,1,1,0,7,2,High
2023,12,Saturday,16,Sindh,Sukkur,National Highway,Poor,Rainy,Daylight,Car/Taxi,3,Mechanical Failure,0,1,0,1,0,1,Low
2022,12,Saturday,0,Punjab,Bahawalpur,Urban Road,Good,Clear,No Light,Car/Taxi,2,Driver Fatigue,0,1,1,1,5,0,Medium
2018,11,Wednesday,15,Sindh,Mirpur Khas,Motorway,Average,Dusty/Smoggy,Street Light,Motorcycle,1,Driver Fatigue,0,0,0,1,2,1,High
2020,7,Friday,17,Punjab,Lahore,National Highway,Good,Rainy,Daylight,Rickshaw,2,Wrong Overtaking,1,0,0,0,5,0,Medium
2023,10,Saturday,8,Punjab,Faisalabad,Rural Road,Good,Rainy,Daylight,Rickshaw,1,Wrong Overtaking,1,1,0,0,5,0,Medium
2023,8,Thursday,9,Punjab,Sargodha,Rural Road,Good,Clear,Daylight,Motorcycle,1,Over Speeding,1,0,0,0,3,1,Medium
2018,3,Friday,18,Punjab,Lahore,National Highway,Good,Dusty/Smoggy,Daylight,Motorcycle,1,Driver Fatigue,1,0,0,0,11,1,High
2019,12,Saturday,16,Punjab,Faisalabad,National Highway,Poor,Extreme Heat,Daylight,Motorcycle,1,Signal Violation,0,1,0,1,5,0,Medium
2023,1,Tuesday,22,Sindh,Karachi,Rural Road,Poor,Foggy,Street Light,Car/Taxi,2,Over Speeding,0,0,1,1,3,1,Medium
2018,7,Wednesday,11,KPK,Dera Ismail Khan,Rural Road,Good,Rainy,Daylight,Motorcycle,3,Over Speeding,0,0,0,0,2,0,High
2023,12,Thursday,15,Punjab,Sargodha,Urban Road,Good,Foggy,Dawn/Dusk,Motorcycle,1,Pedestrian Error,0,0,0,1,2,0,Medium
2019,12,Sunday,23,Punjab,Faisalabad,Provincial Highway,Poor,Clear,Street Light,Car/Taxi,3,Driver Fatigue,0,1,1,1,5,0,High
2022,4,Sunday,7,KPK,Dera Ismail Khan,National Highway,Good,Foggy,Daylight,Motorcycle,2,Road Condition,1,1,0,0,9,1,High
2019,11,Wednesday,20,Punjab,Rawalpindi,Provincial Highway,Under Repair,Foggy,No Light,Rickshaw,2,Driver Fatigue,1,0,0,1,1,0,Medium