year,month,day_of_week,hour_of_day,province,district,road_type,road_condition,weather_condition,lighting_condition,vehicle_type,vehicles_involved,accident_cause,is_rush_hour,is_weekend,is_night,is_foggy_month,num_injured,num_killed,severity
2023,6,Tuesday,16,Punjab,Sargodha,National Highway,Good,Clear,Street Light,Motorcycle,1,Road Condition,0,0,0,0,2,0,Medium
2021,1,Sunday,16,Sindh,Karachi,Rural Road,Average,Foggy,Daylight,Motorcycle,2,Over Speeding,0,1,0,1,5,1,Medium
2020,10,Sunday,17,Sindh,Larkana,National Highway,Under Repair,Clear,Daylight,Motorcycle,3,Drunk Driving,1,1,0,0,3,3,High
2020,8,Monday,16,Sindh,Jacobabad,National Highway,Poor,Clear,Daylight,Motorcycle,1,Signal Violation,0,0,0,0,1,0,Medium
2021,11,Friday,8,KPK,Mardan,Rural Road,Good,Foggy,Daylight,Truck/Lorry,1,Mobile Phone Use,1,0,0,1,2,0,Medium
2020,4,Monday,9,Punjab,Multan,Urban Road,Average,Clear,Daylight,Motorcycle,2,Driver Fatigue,1,0,0,0,3,3,High
2020,6,Friday,18,Sindh,Dadu,National Highway,Good,Foggy,Dawn/Dusk,Car/Taxi,3,Over Speeding,1,0,0,0,11,0,High
2023,1,Monday,18,Punjab,Sargodha,National Highway,Poor,Rainy,Daylight,Truck/Lorry,2,Wrong Overtaking,1,0,0,1,3,1,Medium
2020,7,Thursday,8,KPK,Abbottabad,Rural Road,Good,Rainy,Daylight,Rickshaw,3,Pedestrian Error,1,0,0,0,1,0,Low
2018,7,Tuesday,12,Balochistan,Khuzdar,Urban Road,Poor,Foggy,Daylight,Motorcycle,3,Wrong Overtaking,1,0,0,0,5,2,Medium
2021,11,Monday,17,Punjab,Multan,Provincial Highway,Under Repair,Clear,Daylight,Bicycle,1,Pedestrian Error,1,0,0,1,2,1,Medium
2022,5,Thursday,18,Punjab,Multan,Rural Road,Good,Foggy,Daylight,Car/Taxi,3,Pedestrian Error,1,0,0,0,0,0,Low
2020,3,Thursday,14,Punjab,Bahawalpur,National Highway,Good,Clear,Dawn/Dusk,Car/Taxi,4,Over Speeding,0,0,0,0,1,0,Medium
2022,6,Saturday,12,Punjab,Sialkot,Provincial Highway,Under Repair,Clear,Daylight,Car/Taxi,3,Driver Fatigue,1,1,0,0,2,0,Medium
2021,1,Saturday,10,Punjab,Sialkot,Rural Road,Under Repair,Clear,Daylight,Car/Taxi,4,Road Condition,0,1,0,1,0,0,Low
2022,3,Friday,14,Sindh,Thatta,Provincial Highway,Under Repair,Rainy,Daylight,Car/Taxi,2,Over Speeding,0,0,0,0,1,0,Medium
2022,8,Wednesday,10,AJK,Rawalakot,National Highway,Good,Foggy,Daylight,Bus/Coach,1,Mechanical Failure,0,0,0,0,4,1,High
2018,5,Thursday,9,Punjab,Bahawalpur,Motorway,Good,Clear,Daylight,Motorcycle,2,Over Speeding,1,0,0,0,6,2,High
2023,3,Wednesday,2,Punjab,Bahawalpur,Provincial Highway,Average,Clear,No Light,Bus/Coach,2,Pedestrian Error,0,0,1,0,0,0,Low
2019,3,Thursday,7,Punjab,Lahore,Provincial Highway,Under Repair,Clear,Daylight,Motorcycle,3,Pedestrian Error,1,0,0,0,2,2,Medium
2022,6,Tuesday,13,Punjab,Bahawalpur,Provincial Highway,Poor,Foggy,Daylight,Motorcycle,2,Road Condition,1,0,0,0,2,1,Medium
2021,5,Friday,14,Punjab,Gujranwala,Provincial Highway,Average,Clear,Street Light,Other,2,Road Condition,0,0,0,0,2,0,Low
2022,4,Saturday,1,KPK,Abbottabad,National Highway,Good,Clear,Street Light,Car/Taxi,1,Mechanical Failure,0,1,1,0,3,2,Medium
2023,4,Wednesday,6,Punjab,Sargodha,Rural Road,Good,Dusty/Smoggy,Daylight,Car/Taxi,2,Pedestrian Error,0,0,0,0,2,0,Low
2018,1,Friday,9,Gilgit-Baltistan,Gilgit,Provincial Highway,Good,Clear,Daylight,Rickshaw,3,Wrong Overtaking,1,0,0,1,0,0,Low
2023,8,Monday,9,Sindh,Hyderabad,Urban Road,Good,Rainy,Daylight,Motorcycle,3,Weather Condition,1,0,0,0,2,0,Medium
2023,12,Saturday,7,Sindh,Kashmore,Urban Road,Good,Clear,Street Light,Car/Taxi,2,Road Condition,1,1,0,1,0,0,Low
2023,12,Thursday,9,Punjab,Rahim Yar Khan,Provincial Highway,Under Repair,Dusty/Smoggy,Daylight,Motorcycle,2,Over Speeding,1,0,0,1,6,1,High
2020,9,Sunday,11,KPK,Mansehra,Provincial Highway,Average,Dusty/Smoggy,Daylight,Motorcycle,1,Pedestrian Error,0,1,0,0,1,0,Low
2018,4,Wednesday,13,Sindh,Larkana,Rural Road,Good,Foggy,Daylight,Car/Taxi,3,Wrong Overtaking,1,0,0,0,0,0,Low
2022,4,Thursday,11,Punjab,Lahore,Provincial Highway,Good,Foggy,No Light,Motorcycle,1,Over Speeding,0,0,0,0,8,1,High
2020,6,Sunday,13,Punjab,Sialkot,National Highway,Poor,Clear,Daylight,Motorcycle,2,Over Speeding,1,1,0,0,4,0,High
2023,6,Monday,6,Islamabad,Islamabad,National Highway,Good,Clear,Street Light,Motorcycle,2,Road Condition,0,0,0,0,5,1,Medium
2019,5,Saturday,10,Punjab,Rawalpindi,National Highway,Average,Foggy,Daylight,Car/Taxi,1,Pedestrian Error,0,1,0,0,2,0,Low
2023,9,Monday,10,Sindh,Larkana,Provincial Highway,Good,Dusty/Smoggy,Daylight,Car/Taxi,1,Mechanical Failure,0,0,0,0,1,0,Low
2022,7,Sunday,17,Punjab,Multan,National Highway,Good,Clear,Daylight,Bus/Coach,3,Mobile Phone Use,1,1,0,0,1,0,Low
2022,3,Tuesday,19,Punjab,Bahawalpur,Urban Road,Average,Clear,Daylight,Car/Taxi,2,Wrong Overtaking,1,0,0,0,1,0,Low
2023,7,Monday,17,Punjab,Sargodha,Rural Road,Good,Rainy,Daylight,Car/Taxi,2,Signal Violation,1,0,0,0,0,0,Low
2021,8,Tuesday,9,Punjab,Sheikhupura,Urban Road,Good,Rainy,Daylight,Motorcycle,1,Mobile Phone Use,1,0,0,0,2,2,Medium
2019,5,Sunday,7,KPK,Nowshera,National Highway,Under Repair,Rainy,Daylight,Motorcycle,2,Pedestrian Error,1,1,0,0,2,1,Medium
2021,10,Sunday,4,Punjab,Sheikhupura,Provincial Highway,Good,Clear,Street Light,Motorcycle,2,Pedestrian Error,0,1,1,0,9,1,High
2019,3,Friday,10,KPK,Peshawar,National Highway,Average,Clear,Daylight,Motorcycle,1,Signal Violation,0,0,0,0,2,1,High
2021,7,Sunday,20,KPK,Swat,Provincial Highway,Good,Rainy,No Light,Rickshaw,1,Drunk Driving,1,1,0,0,3,1,Medium
2019,2,Thursday,10,Punjab,Lahore,Urban Road,Good,Clear,Daylight,Car/Taxi,3,Over Speeding,0,0,0,1,3,0,Medium
2023,9,Monday,12,Sindh,Nawabshah,Urban Road,Poor,Clear,Dawn/Dusk,Bus/Coach,3,Road Condition,1,0,0,0,1,0,Low
2018,6,Friday,19,KPK,Mardan,National Highway,Good,Dusty/Smoggy,No Light,Bus/Coach,3,Over Speeding,1,0,0,0,5,0,Medium
2018,9,Saturday,20,Sindh,Kashmore,Urban Road,Average,Clear,Street Light,Bus/Coach,4,Over Speeding,1,1,0,0,1,1,Medium
2022,11,Wednesday,10,Sindh,Dadu,Motorway,Average,Clear,Daylight,Motorcycle,4,Wrong Overtaking,0,0,0,1,5,0,Medium
2023,10,Sunday,19,KPK,Swat,Rural Road,Under Repair,Clear,Dawn/Dusk,Car/Taxi,3,Road Condition,1,1,0,0,1,0,Low
2021,7,Friday,14,Punjab,Multan,Provincial Highway,Good,Clear,No Light,Truck/Lorry,1,Signal Violation,0,0,0,0,5,1,Medium
2023,6,Friday,22,KPK,Mansehra,National Highway,Good,Clear,Street Light,Motorcycle,2,Over Speeding,0,0,1,0,6,0,High
2023,5,Friday,20,Punjab,Gujranwala,National Highway,Good,Clear,Street Light,Motorcycle,1,Over Speeding,1,0,0,0,3,1,High
2022,7,Saturday,19,Sindh,Nawabshah,National Highway,Average,Clear,No Light,Car/Taxi,2,Over Speeding,1,1,0,0,5,3,High
2023,2,Tuesday,19,Punjab,Sheikhupura,Provincial Highway,Good,Dusty/Smoggy,Street Light,Car/Taxi,2,Over Speeding,1,0,0,1,5,0,Medium
2022,3,Wednesday,7,KPK,Mansehra,Urban Road,Poor,Clear,Daylight,Car/Taxi,2,Mobile Phone Use,1,0,0,0,0,0,Low
2018,11,Monday,15,Sindh,Nawabshah,Urban Road,Good,Foggy,Daylight,Car/Taxi,2,Over Speeding,0,0,0,1,0,0,Low
2019,11,Wednesday,13,Sindh,Larkana,Provincial Highway,Good,Clear,Street Light,Motorcycle,2,Mechanical Failure,1,0,0,1,1,0,Medium
2021,9,Saturday,11,KPK,Nowshera,Rural Road,Good,Clear,Street Light,Motorcycle,2,Mobile Phone Use,0,1,0,0,1,0,Low
2022,5,Tuesday,17,Balochistan,Gwadar,National Highway,Good,Dusty/Smoggy,Street Light,Truck/Lorry,3,Over Speeding,1,0,0,0,1,1,Medium
2018,12,Saturday,6,KPK,Kohat,Provincial Highway,Average,Clear,Daylight,Motorcycle,2,Pedestrian Error,0,1,0,1,4,0,Medium
2020,10,Tuesday,12,Punjab,Multan,National Highway,Average,Clear,Daylight,Car/Taxi,1,Wrong Overtaking,1,0,0,0,1,2,Medium
2022,12,Wednesday,13,Balochistan,Sibi,National Highway,Poor,Clear,Daylight,Car/Taxi,1,Road Condition,1,0,0,1,4,0,Medium
2021,11,Saturday,20,Sindh,Nawabshah,Rural Road,Average,Rainy,Street Light,Motorcycle,2,Signal Violation,1,1,0,1,2,1,High
2023,3,Saturday,16,Sindh,Kashmore,Motorway,Good,Clear,Daylight,Motorcycle,2,Over Speeding,0,1,0,0,3,2,High
2021,4,Thursday,16,Islamabad,Islamabad,National Highway,Good,Clear,Daylight,Motorcycle,3,Signal Violation,0,0,0,0,8,2,High
2023,6,Thursday,16,Punjab,Sialkot,Provincial Highway,Average,Clear,No Light,Car/Taxi,1,Over Speeding,0,0,0,0,0,0,Low
2021,11,Friday,11,Punjab,Gujranwala,Urban Road,Poor,Extreme Heat,Daylight,Motorcycle,2,Drunk Driving,0,0,0,1,5,0,High
2023,9,Friday,20,Sindh,Dadu,Urban Road,Good,Foggy,Street Light,Truck/Lorry,2,Mechanical Failure,1,0,0,0,4,1,Medium
2022,3,Thursday,14,KPK,Kohat,Urban Road,Average,Clear,Daylight,Motorcycle,1,Wrong Overtaking,0,0,0,0,1,0,Low
2019,8,Sunday,9,Sindh,Thatta,Urban Road,Good,Clear,Daylight,Car/Taxi,2,Pedestrian Error,1,1,0,0,0,0,Low
2022,10,Thursday,18,Sindh,Nawabshah,National Highway,Good,Clear,Street Light,Motorcycle,3,Over Speeding,1,0,0,0,9,1,High
2022,4,Monday,16,Sindh,Nawabshah,Rural Road,Good,Clear,Street Light,Truck/Lorry,1,Road Condition,0,0,0,0,2,0,Low
2021,6,Saturday,20,Sindh,Sukkur,Urban Road,Average,Foggy,No Light,Car/Taxi,2,Mechanical Failure,1,1,0,0,0,0,Low
2022,7,Friday,19,KPK,Bannu,Provincial Highway,Good,Foggy,Street Light,Car/Taxi,2,Drunk Driving,1,0,0,0,4,0,Medium
2019,4,Thursday,15,Punjab,Rahim Yar Khan,National Highway,Good,Clear,Dawn/Dusk,Motorcycle,3,Weather Condition,0,0,0,0,4,0,Medium
2020,5,Monday,13,KPK,Abbottabad,National Highway,Good,Clear,Daylight,Motorcycle,3,Over Speeding,1,0,0,0,7,0,High
2023,8,Monday,10,KPK,Bannu,Urban Road,Poor,Foggy,Daylight,Car/Taxi,2,Wrong Overtaking,0,0,0,0,2,1,Low
2019,12,Sunday,16,Sindh,Hyderabad,Provincial Highway,Poor,Foggy,Street Light,Bus/Coach,4,Pedestrian Error,0,1,0,1,2,0,Medium
2018,5,Sunday,9,Punjab,Bahawalpur,Urban Road,Good,Clear,Dawn/Dusk,Car/Taxi,3,Over Speeding,1,1,0,0,1,0,Low
2023,8,Thursday,19,Punjab,Sargodha,Rural Road,Good,Foggy,Street Light,Car/Taxi,1,Over Speeding,1,0,0,0,4,0,Medium
2018,12,Monday,10,KPK,Abbottabad,National Highway,Under Repair,Rainy,Daylight,Motorcycle,3,Wrong Overtaking,0,0,0,1,9,1,High
2022,8,Saturday,11,Punjab,Sargodha,National Highway,Average,Clear,Daylight,Motorcycle,2,Over Speeding,0,1,0,0,11,3,High
2023,8,Wednesday,17,Punjab,Bahawalpur,Provincial Highway,Average,Foggy,Daylight,Motorcycle,3,Wrong Overtaking,1,0,0,0,6,2,High
2021,11,Friday,6,Punjab,Multan,Urban Road,Under Repair,Rainy,Daylight,Bus/Coach,1,Drunk Driving,0,0,0,1,4,1,High
2022,7,Wednesday,10,Sindh,Dadu,National Highway,Good,Foggy,Daylight,Motorcycle,2,Wrong Overtaking,0,0,0,0,11,0,High
2021,6,Wednesday,21,KPK,Charsadda,Provincial Highway,Good,Rainy,No Light,Truck/Lorry,3,Over Speeding,0,0,0,0,7,2,High
2021,11,Monday,23,KPK,Dera Ismail Khan,Urban Road,Under Repair,Foggy,Street Light,Motorcycle,1,Driver Fatigue,0,0,1,1,5,2,High
2020,7,Tuesday,9,Punjab,Faisalabad,Provincial Highway,Good,Clear,Dawn/Dusk,Bus/Coach,4,Drunk Driving,1,0,0,0,1,1,Medium
2021,3,Wednesday,6,KPK,Mansehra,Provincial Highway,Average,Clear,Daylight,Motorcycle,2,Over Speeding,0,0,0,0,2,0,Medium
2020,8,Friday,8,KPK,Peshawar,Rural Road,Good,Clear,Daylight,Truck/Lorry,1,Signal Violation,1,0,0,0,2,0,Low
2023,11,Thursday,18,Punjab,Lahore,National Highway,Good,Clear,No Light,Motorcycle,2,Road Condition,1,0,0,1,4,0,Medium
2022,6,Tuesday,12,Punjab,Rahim Yar Khan,Urban Road,Average,Clear,Daylight,Bus/Coach,1,Mobile Phone Use,1,0,0,0,0,0,Low
2018,9,Monday,17,Balochistan,Quetta,National Highway,Average,Dusty/Smoggy,Dawn/Dusk,Motorcycle,2,Wrong Overtaking,1,0,0,0,8,1,High
2023,12,Wednesday,16,KPK,Nowshera,Provincial Highway,Poor,Foggy,Daylight,Motorcycle,2,Wrong Overtaking,0,0,0,1,5,0,High
2021,2,Saturday,22,Sindh,Jacobabad,Urban Road,Good,Foggy,No Light,Other,1,Over Speeding,0,1,1,1,2,0,Medium
2020,7,Wednesday,9,Punjab,Lahore,Provincial Highway,Average,Foggy,Daylight,Motorcycle,2,Signal Violation,1,0,0,0,2,1,High
2018,5,Sunday,14,KPK,Kohat,National Highway,Good,Foggy,Daylight,Bus/Coach,2,Mobile Phone Use,0,1,0,0,9,0,High
2023,4,Friday,6,Sindh,Mirpur Khas,Provincial Highway,Poor,Foggy,Daylight,Car/Taxi,2,Wrong Overtaking,0,0,0,0,2,0,Medium
2018,6,Tuesday,8,Balochistan,Zhob,National Highway,Good,Foggy,Dawn/Dusk,Car/Taxi,2,Wrong Overtaking,1,0,0,0,2,0,High
2021,7,Friday,13,AJK,Muzaffarabad,National Highway,Average,Extreme Heat,Dawn/Dusk,Van/Pickup,1,Road Condition,1,0,0,0,2,0,Low
2022,5,Thursday,10,Islamabad,Islamabad,Urban Road,Good,Clear,Daylight,Motorcycle,2,Over Speeding,0,0,0,0,5,2,High
2022,11,Thursday,13,Balochistan,Gwadar,National Highway,Good,Foggy,Daylight,Motorcycle,3,Road Condition,1,0,0,1,2,0,Medium
2021,5,Tuesday,8,Punjab,Faisalabad,Rural Road,Average,Foggy,Street Light,Motorcycle,2,Mechanical Failure,1,0,0,0,0,0,Low
2020,5,Saturday,11,Balochistan,Gwadar,Urban Road,Poor,Foggy,Daylight,Other,1,Weather Condition,0,1,0,0,0,1,Low
2019,6,Friday,21,Punjab,Gujranwala,Urban Road,Good,Extreme Heat,No Light,Motorcycle,3,Mobile Phone Use,0,0,0,0,3,0,Medium
2022,8,Tuesday,12,Balochistan,Khuzdar,Urban Road,Good,Dusty/Smoggy,Dawn/Dusk,Truck/Lorry,2,Wrong Overtaking,1,0,0,0,3,1,Medium
2023,1,Sunday,20,Punjab,Faisalabad,National Highway,Good,Clear,Street Light,Car/Taxi,2,Driver Fatigue,1,1,0,1,10,3,High
2023,7,Sunday,9,Sindh,Nawabshah,National Highway,Average,Foggy,Dawn/Dusk,Bicycle,2,Over Speeding,1,1,0,0,10,4,High
2023,6,Monday,15,Punjab,Rahim Yar Khan,Motorway,Good,Extreme Heat,Daylight,Motorcycle,2,Signal Violation,0,0,0,0,6,2,High
2020,5,Monday,22,KPK,Swat,Motorway,Average,Foggy,No Light,Van/Pickup,4,Pedestrian Error,0,0,1,0,3,0,Medium
2019,5,Monday,7,Punjab,Sargodha,Rural Road,Good,Clear,Daylight,Motorcycle,1,Mechanical Failure,1,0,0,0,0,0,Low
2020,5,Friday,7,Punjab,Sialkot,Urban Road,Good,Clear,Street Light,Motorcycle,2,Signal Violation,1,0,0,0,1,0,Medium
2019,11,Saturday,17,KPK,Charsadda,Provincial Highway,Under Repair,Rainy,Daylight,Car/Taxi,1,Wrong Overtaking,1,1,0,1,1,0,Low
2023,1,Wednesday,9,KPK,Kohat,National Highway,Average,Foggy,No Light,Rickshaw,2,Over Speeding,1,0,0,1,1,0,Medium
2022,5,Friday,11,Punjab,Sialkot,Provincial Highway,Good,Clear,Daylight,Motorcycle,2,Wrong Overtaking,0,0,0,0,4,0,Medium
2018,2,Wednesday,7,Punjab,Sheikhupura,National Highway,Average,Clear,Street Light,Bicycle,2,Over Speeding,1,0,0,1,8,0,High
2023,5,Sunday,13,Punjab,Gujranwala,National Highway,Average,Clear,Dawn/Dusk,Car/Taxi,3,Signal Violation,1,1,0,0,5,0,Medium
2022,6,Wednesday,12,KPK,Bannu,Urban Road,Average,Clear,Daylight,Rickshaw,2,Over Speeding,1,0,0,0,0,1,Low
2022,2,Saturday,19,Islamabad,Islamabad,National Highway,Good,Clear,No Light,Motorcycle,1,Wrong Overtaking,1,1,0,1,5,2,High
2020,6,Saturday,18,Sindh,Sukkur,Rural Road,Average,Extreme Heat,Daylight,Van/Pickup,2,Over Speeding,1,1,0,0,3,0,Medium
2020,12,Sunday,13,Punjab,Sheikhupura,National Highway,Average,Clear,Dawn/Dusk,Motorcycle,3,Driver Fatigue,1,1,0,1,10,0,High
2023,6,Saturday,7,Punjab,Faisalabad,National Highway,Good,Rainy,Daylight,Car/Taxi,1,Driver Fatigue,1,1,0,0,6,0,High
2019,6,Wednesday,7,AJK,Muzaffarabad,National Highway,Good,Clear,Dawn/Dusk,Bus/Coach,3,Wrong Overtaking,1,0,0,0,2,0,Medium
2023,11,Saturday,19,Punjab,Sheikhupura,Rural Road,Good,Extreme Heat,Dawn/Dusk,Motorcycle,2,Wrong Overtaking,1,1,0,1,2,0,Low
2023,9,Monday,9,Sindh,Jacobabad,Provincial Highway,Poor,Clear,Dawn/Dusk,Motorcycle,1,Drunk Driving,1,0,0,0,1,0,Medium
2019,11,Monday,9,Punjab,Rahim Yar Khan,Urban Road,Average,Clear,Daylight,Bicycle,3,Signal Violation,1,0,0,1,1,1,Medium
2023,4,Thursday,19,KPK,Peshawar,Provincial Highway,Poor,Clear,Daylight,Motorcycle,1,Wrong Overtaking,1,0,0,0,2,0,Medium
2022,2,Monday,19,Balochistan,Quetta,Rural Road,Average,Clear,Dawn/Dusk,Motorcycle,2,Road Condition,1,0,0,1,5,0,Medium
2021,3,Monday,6,Punjab,Bahawalpur,Rural Road,Under Repair,Extreme Heat,Daylight,Car/Taxi,3,Driver Fatigue,0,0,0,0,0,0,Low
2018,9,Friday,11,KPK,Bannu,Provincial Highway,Poor,Foggy,Dawn/Dusk,Motorcycle,2,Pedestrian Error,0,0,0,0,1,0,Medium
2022,6,Sunday,18,Sindh,Hyderabad,Rural Road,Good,Clear,Daylight,Motorcycle,1,Road Condition,1,1,0,0,1,0,Low
2021,1,Saturday,1,Punjab,Rawalpindi,National Highway,Good,Clear,Street Light,Motorcycle,2,Wrong Overtaking,0,1,1,1,7,1,High
2019,3,Monday,17,Punjab,Faisalabad,Motorway,Poor,Clear,No Light,Car/Taxi,1,Over Speeding,1,0,0,0,5,1,Medium
2020,3,Thursday,4,Sindh,Karachi,Provincial Highway,Poor,Clear,Street Light,Motorcycle,1,Pedestrian Error,0,0,1,0,2,4,High
2022,1,Sunday,18,Punjab,Faisalabad,Urban Road,Good,Rainy,Daylight,Motorcycle,4,Drunk Driving,1,1,0,1,3,0,Medium
2019,5,Thursday,20,KPK,Charsadda,National Highway,Average,Rainy,Street Light,Motorcycle,2,Driver Fatigue,1,0,0,0,11,3,High
2022,4,Wednesday,19,Punjab,Faisalabad,Urban Road,Good,Clear,Dawn/Dusk,Car/Taxi,3,Pedestrian Error,1,0,0,0,1,0,Low
2021,9,Wednesday,14,Punjab,Sheikhupura,National Highway,Average,Foggy,Daylight,Motorcycle,1,Over Speeding,0,0,0,0,4,1,High
2022,1,Monday,16,Punjab,Lahore,National Highway,Poor,Clear,Dawn/Dusk,Motorcycle,1,Over Speeding,0,0,0,1,4,1,High
2019,8,Tuesday,11,Punjab,Sialkot,Provincial Highway,Under Repair,Clear,Daylight,Bus/Coach,4,Wrong Overtaking,0,0,0,0,0,1,Low
2023,12,Tuesday,21,Sindh,Nawabshah,Provincial Highway,Average,Clear,No Light,Rickshaw,2,Road Condition,0,0,0,1,2,0,Low
2023,9,Thursday,16,Punjab,Sialkot,National Highway,Poor,Clear,Daylight,Motorcycle,2,Mechanical Failure,0,0,0,0,3,0,Medium
2021,6,Monday,15,KPK,Nowshera,Rural Road,Good,Foggy,Daylight,Bicycle,1,Signal Violation,0,0,0,0,3,0,High
2018,1,Monday,20,Islamabad,Islamabad,Urban Road,Average,Dusty/Smoggy,No Light,Motorcycle,1,Over Speeding,1,0,0,1,2,2,Medium
2020,3,Tuesday,21,KPK,Peshawar,National Highway,Good,Clear,No Light,Car/Taxi,2,Over Speeding,0,0,0,0,1,0,Medium
2018,6,Wednesday,19,Punjab,Sheikhupura,Provincial Highway,Average,Clear,No Light,Truck/Lorry,2,Pedestrian Error,1,0,0,0,1,0,Low
2023,10,Thursday,18,Islamabad,Islamabad,National Highway,Good,Foggy,Daylight,Motorcycle,1,Over Speeding,1,0,0,0,4,2,High
2022,11,Saturday,7,Punjab,Gujranwala,National Highway,Average,Clear,Daylight,Car/Taxi,3,Wrong Overtaking,1,1,0,1,1,0,Low
2023,10,Friday,18,Sindh,Thatta,Provincial Highway,Poor,Foggy,Daylight,Bus/Coach,2,Road Condition,1,0,0,0,4,0,Medium
2018,11,Saturday,10,Sindh,Hyderabad,Provincial Highway,Under Repair,Foggy,Daylight,Van/Pickup,2,Wrong Overtaking,0,1,0,1,3,0,Medium
2022,1,Wednesday,22,Punjab,Gujranwala,Rural Road,Poor,Clear,No Light,Motorcycle,1,Wrong Overtaking,0,0,1,1,1,0,Medium
2022,7,Saturday,0,Balochistan,Loralai,Urban Road,Good,Foggy,No Light,Car/Taxi,1,Signal Violation,0,1,1,0,0,0,Low
2021,2,Wednesday,19,Punjab,Rawalpindi,Rural Road,Poor,Foggy,Dawn/Dusk,Truck/Lorry,2,Signal Violation,1,0,0,1,3,2,Medium
2018,12,Saturday,17,Sindh,Jacobabad,Urban Road,Average,Extreme Heat,Daylight,Car/Taxi,1,Over Speeding,1,1,0,1,3,0,Medium
2020,7,Thursday,9,Punjab,Sargodha,National Highway,Good,Dusty/Smoggy,Daylight,Car/Taxi,2,Mechanical Failure,1,0,0,0,1,0,Low
2021,10,Sunday,12,KPK,Dera Ismail Khan,Rural Road,Good,Foggy,Daylight,Rickshaw,2,Over Speeding,1,1,0,0,3,0,Medium
2023,7,Monday,8,KPK,Mardan,Urban Road,Good,Foggy,Dawn/Dusk,Bus/Coach,1,Road Condition,1,0,0,0,0,0,Low
2019,12,Sunday,14,Punjab,Bahawalpur,National Highway,Good,Clear,Dawn/Dusk,Motorcycle,2,Driver Fatigue,0,1,0,1,5,0,High
2019,3,Friday,23,KPK,Bannu,Provincial Highway,Average,Rainy,No Light,Truck/Lorry,3,Road Condition,0,0,1,0,5,0,High
2022,3,Tuesday,12,KPK,Mansehra,National Highway,Good,Clear,Daylight,Car/Taxi,4,Wrong Overtaking,1,0,0,0,2,0,Medium
2019,2,Saturday,8,Sindh,Nawabshah,Provincial Highway,Average,Dusty/Smoggy,Daylight,Motorcycle,3,Over Speeding,1,1,0,1,3,2,Medium
2018,10,Saturday,19,Sindh,Thatta,Urban Road,Good,Clear,Dawn/Dusk,Bicycle,2,Wrong Overtaking,1,1,0,0,5,0,Medium
2019,10,Sunday,8,Sindh,Mirpur Khas,Provincial Highway,Good,Dusty/Smoggy,Daylight,Motorcycle,2,Signal Violation,1,1,0,0,5,0,Medium
2023,5,Friday,7,Punjab,Lahore,Provincial Highway,Under Repair,Rainy,Daylight,Rickshaw,1,Wrong Overtaking,1,0,0,0,2,0,Low
2023,2,Saturday,17,KPK,Dera Ismail Khan,National Highway,Good,Foggy,Daylight,Bus/Coach,2,Signal Violation,1,1,0,1,4,0,Medium
2023,8,Monday,6,Sindh,Dadu,National Highway,Poor,Clear,Daylight,Motorcycle,1,Wrong Overtaking,0,0,0,0,10,2,High
2023,11,Sunday,11,Sindh,Sukkur,Provincial Highway,Average,Foggy,Daylight,Motorcycle,3,Pedestrian Error,0,1,0,1,3,1,High
2023,7,Thursday,21,Balochistan,Loralai,Provincial Highway,Poor,Clear,Street Light,Car/Taxi,1,Over Speeding,0,0,0,0,2,0,Medium
2020,10,Sunday,14,Punjab,Sialkot,Urban Road,Poor,Clear,Daylight,Truck/Lorry,2,Signal Violation,0,1,0,0,4,0,Medium
2023,10,Wednesday,1,Punjab,Multan,National Highway,Good,Extreme Heat,Street Light,Motorcycle,2,Over Speeding,0,0,1,0,8,0,High
2023,9,Wednesday,10,Punjab,Sargodha,Provincial Highway,Average,Clear,Daylight,Van/Pickup,3,Wrong Overtaking,0,0,0,0,2,0,Low
2023,12,Wednesday,9,Punjab,Sheikhupura,Provincial Highway,Poor,Foggy,Street Light,Motorcycle,1,Signal Violation,1,0,0,1,4,0,Medium
2018,6,Friday,22,Punjab,Multan,Provincial Highway,Good,Extreme Heat,No Light,Bus/Coach,2,Over Speeding,0,0,1,0,3,0,Medium
2020,11,Friday,21,AJK,Rawalakot,National Highway,Poor,Extreme Heat,No Light,Motorcycle,1,Mechanical Failure,0,0,0,1,3,0,Medium
2022,5,Monday,8,Punjab,Sialkot,Urban Road,Good,Rainy,Daylight,Car/Taxi,2,Over Speeding,1,0,0,0,5,0,Medium
2020,3,Friday,17,KPK,Abbottabad,Provincial Highway,Poor,Clear,Daylight,Motorcycle,2,Mechanical Failure,1,0,0,0,5,0,Medium
2019,3,Sunday,9,Punjab,Rawalpindi,Provincial Highway,Poor,Clear,Daylight,Bicycle,3,Pedestrian Error,1,1,0,0,4,0,Medium
2022,12,Sunday,4,Sindh,Jacobabad,National Highway,Good,Clear,No Light,Motorcycle,2,Mechanical Failure,0,1,1,1,11,2,High
2022,10,Thursday,20,AJK,Muzaffarabad,Urban Road,Poor,Dusty/Smoggy,No Light,Bus/Coach,2,Over Speeding,1,0,0,0,2,0,Medium
2020,6,Thursday,10,Punjab,Gujranwala,Urban Road,Average,Clear,Daylight,Motorcycle,1,Mobile Phone Use,0,0,0,0,4,0,Medium
2023,12,Sunday,10,Balochistan,Khuzdar,Provincial Highway,Good,Foggy,Daylight,Rickshaw,1,Drunk Driving,0,1,0,1,7,1,High
2023,10,Sunday,16,Gilgit-Baltistan,Gilgit,Provincial Highway,Average,Rainy,Street Light,Motorcycle,3,Pedestrian Error,0,1,0,0,8,0,High