year,month,day_of_week,hour_of_day,province,district,road_type,road_condition,weather_condition,lighting_condition,vehicle_type,vehicles_involved,accident_cause,is_rush_hour,is_weekend,is_night,is_foggy_month,num_injured,num_killed,severity
2021,7,Wednesday,18,Sindh,Nawabshah,National Highway,Good,Clear,Dawn/Dusk,Car/Taxi,1,Over Speeding,1,0,0,0,4,0,Medium
2021,9,Thursday,10,Punjab,Bahawalpur,National Highway,Average,Clear,Daylight,Car/Taxi,2,Pedestrian Error,0,0,0,0,2,0,Low
2019,12,Sunday,21,KPK,Swat,Rural Road,Poor,Dusty/Smoggy,Street Light,Bicycle,2,Pedestrian Error,0,1,0,1,1,0,Low
2022,1,Thursday,10,Balochistan,Loralai,National Highway,Poor,Clear,No Light,Motorcycle,2,Over Speeding,0,0,0,1,5,1,High
2022,5,Tuesday,16,Punjab,Sargodha,Urban Road,Average,Rainy,Daylight,Motorcycle,2,Pedestrian Error,0,0,0,0,3,0,Medium
2021,4,Wednesday,21,Sindh,Mirpur Khas,Provincial Highway,Average,Clear,Street Light,Motorcycle,2,Over Speeding,0,0,0,0,5,0,Medium
2019,11,Thursday,0,Punjab,Rahim Yar Khan,Provincial Highway,Poor,Dusty/Smoggy,No Light,Car/Taxi,2,Driver Fatigue,0,0,1,1,11,0,High
2021,7,Friday,21,Punjab,Faisalabad,Provincial Highway,Good,Clear,Street Light,Car/Taxi,2,Over Speeding,0,0,0,0,4,1,Medium
2023,5,Sunday,10,Balochistan,Gwadar,Provincial Highway,Under Repair,Clear,Street Light,Bus/Coach,1,Mechanical Failure,0,1,0,0,0,1,Low
2023,5,Tuesday,11,Sindh,Mirpur Khas,National Highway,Average,Dusty/Smoggy,Street Light,Bus/Coach,2,Pedestrian Error,0,0,0,0,3,0,Medium
2019,11,Saturday,21,Punjab,Rawalpindi,National Highway,Good,Clear,Street Light,Rickshaw,2,Over Speeding,0,1,0,1,3,0,Medium
2021,12,Saturday,6,Sindh,Larkana,National Highway,Poor,Clear,No Light,Car/Taxi,4,Road Condition,0,1,0,1,4,2,Medium
2020,11,Tuesday,19,Punjab,Gujranwala,Provincial Highway,Average,Clear,Dawn/Dusk,Bus/Coach,2,Signal Violation,1,0,0,1,5,1,Medium
2019,2,Monday,11,Punjab,Lahore,Rural Road,Good,Foggy,No Light,Motorcycle,3,Wrong Overtaking,0,0,0,1,5,1,Medium
2021,6,Sunday,20,Sindh,Sukkur,Provincial Highway,Average,Clear,Street Light,Motorcycle,1,Wrong Overtaking,1,1,0,0,1,0,Medium
2023,7,Sunday,16,Punjab,Sheikhupura,Provincial Highway,Good,Dusty/Smoggy,Daylight,Car/Taxi,2,Wrong Overtaking,0,1,0,0,2,1,Low
2023,8,Saturday,8,Punjab,Sheikhupura,Provincial Highway,Poor,Clear,Daylight,Motorcycle,1,Driver Fatigue,1,1,0,0,10,1,High
2021,9,Saturday,22,Punjab,Sheikhupura,Rural Road,Average,Rainy,No Light,Motorcycle,1,Wrong Overtaking,0,1,1,0,3,2,High
2022,2,Monday,18,Sindh,Dadu,Provincial Highway,Average,Clear,Daylight,Car/Taxi,2,Drunk Driving,1,0,0,1,2,0,Medium
2023,5,Friday,7,KPK,Bannu,Urban Road,Average,Clear,Daylight,Motorcycle,1,Road Condition,1,0,0,0,0,0,Low
2021,4,Saturday,8,Balochistan,Gwadar,Urban Road,Poor,Clear,Dawn/Dusk,Motorcycle,2,Over Speeding,1,1,0,0,1,1,Medium
2022,6,Tuesday,23,Punjab,Sargodha,Provincial Highway,Poor,Clear,No Light,Motorcycle,2,Wrong Overtaking,0,0,1,0,6,1,High
2021,7,Saturday,18,Sindh,Karachi,Urban Road,Poor,Clear,Daylight,Motorcycle,2,Over Speeding,1,1,0,0,1,0,Medium
2023,12,Wednesday,17,Balochistan,Hub,Provincial Highway,Poor,Clear,Daylight,Van/Pickup,4,Wrong Overtaking,1,0,0,1,4,0,Medium
2018,6,Wednesday,20,Punjab,Faisalabad,Urban Road,Average,Foggy,No Light,Van/Pickup,1,Over Speeding,1,0,0,0,2,0,Low
2023,5,Sunday,18,Islamabad,Islamabad,Rural Road,Good,Clear,Daylight,Motorcycle,4,Mechanical Failure,1,1,0,0,2,0,Low
2020,2,Saturday,23,Balochistan,Dera Bugti,Rural Road,Average,Clear,No Light,Motorcycle,2,Over Speeding,0,1,1,1,5,1,High
2020,6,Friday,13,Punjab,Multan,National Highway,Poor,Clear,Daylight,Truck/Lorry,1,Over Speeding,1,0,0,0,5,4,High
2023,8,Tuesday,8,Punjab,Sheikhupura,Provincial Highway,Average,Clear,Dawn/Dusk,Motorcycle,3,Drunk Driving,1,0,0,0,9,0,High
2023,10,Wednesday,17,Punjab,Gujranwala,National Highway,Good,Clear,Dawn/Dusk,Motorcycle,1,Wrong Overtaking,1,0,0,0,6,1,High
2022,9,Friday,13,Punjab,Faisalabad,Rural Road,Good,Rainy,Daylight,Car/Taxi,1,Road Condition,1,0,0,0,1,0,Low
2018,7,Thursday,18,Balochistan,Quetta,Urban Road,Poor,Clear,Daylight,Car/Taxi,1,Signal Violation,1,0,0,0,0,0,Low
2021,9,Wednesday,18,Islamabad,Islamabad,Provincial Highway,Under Repair,Extreme Heat,Daylight,Motorcycle,1,Over Speeding,1,0,0,0,9,0,High
2023,4,Sunday,13,Punjab,Faisalabad,Provincial Highway,Average,Rainy,Daylight,Car/Taxi,2,Signal Violation,1,1,0,0,0,0,Low
2023,8,Saturday,16,Sindh,Kashmore,National Highway,Average,Clear,No Light,Car/Taxi,3,Wrong Overtaking,0,1,0,0,1,0,Low
2021,6,Saturday,22,Sindh,Karachi,Rural Road,Good,Dusty/Smoggy,Street Light,Motorcycle,1,Wrong Overtaking,0,1,1,0,4,2,Medium
2023,3,Saturday,5,Punjab,Rawalpindi,Rural Road,Good,Clear,Street Light,Truck/Lorry,3,Mechanical Failure,0,1,1,0,0,0,Low
2018,9,Friday,16,Sindh,Thatta,Provincial Highway,Average,Dusty/Smoggy,Daylight,Truck/Lorry,2,Signal Violation,0,0,0,0,1,1,Low
2023,6,Thursday,23,Islamabad,Islamabad,National Highway,Good,Clear,No Light,Car/Taxi,1,Signal Violation,0,0,1,0,10,3,High
2022,5,Wednesday,14,Punjab,Sargodha,Rural Road,Good,Foggy,Daylight,Bus/Coach,1,Mechanical Failure,0,0,0,0,2,0,Medium
2022,10,Wednesday,17,Punjab,Lahore,National Highway,Good,Clear,Daylight,Bus/Coach,2,Wrong Overtaking,1,0,0,0,4,0,Medium
2018,8,Thursday,16,Punjab,Rahim Yar Khan,Provincial Highway,Good,Foggy,Daylight,Car/Taxi,2,Drunk Driving,0,0,0,0,1,2,Medium
2021,8,Thursday,16,Punjab,Rawalpindi,Rural Road,Good,Clear,Dawn/Dusk,Truck/Lorry,2,Signal Violation,0,0,0,0,2,0,Low
2019,3,Thursday,19,Punjab,Sargodha,Urban Road,Under Repair,Clear,Daylight,Truck/Lorry,2,Wrong Overtaking,1,0,0,0,2,0,Low
2023,6,Thursday,20,Sindh,Mirpur Khas,Provincial Highway,Under Repair,Rainy,Street Light,Bus/Coach,2,Pedestrian Error,1,0,0,0,3,2,Medium
2023,1,Thursday,14,Sindh,Nawabshah,Provincial Highway,Under Repair,Foggy,Daylight,Motorcycle,3,Driver Fatigue,0,0,0,1,10,2,High
2020,10,Saturday,19,KPK,Kohat,Provincial Highway,Good,Clear,Daylight,Car/Taxi,1,Wrong Overtaking,1,1,0,0,1,0,Medium
2019,4,Thursday,18,Punjab,Bahawalpur,National Highway,Poor,Extreme Heat,Daylight,Car/Taxi,2,Signal Violation,1,0,0,0,4,1,Medium
2020,12,Saturday,18,Punjab,Lahore,National Highway,Good,Rainy,Daylight,Car/Taxi,3,Pedestrian Error,1,1,0,1,3,0,Medium
2022,10,Thursday,18,KPK,Nowshera,National Highway,Poor,Clear,Daylight,Car/Taxi,2,Road Condition,1,0,0,0,0,0,Low
2022,12,Saturday,13,Balochistan,Sibi,Rural Road,Average,Clear,Daylight,Van/Pickup,1,Road Condition,1,1,0,1,0,0,Low
2021,1,Thursday,8,Punjab,Sheikhupura,Rural Road,Average,Rainy,Daylight,Car/Taxi,1,Driver Fatigue,1,0,0,1,2,0,Medium
2023,9,Sunday,7,Punjab,Rawalpindi,Urban Road,Poor,Clear,Daylight,Bicycle,3,Drunk Driving,1,1,0,0,2,0,Medium
2020,3,Friday,6,KPK,Swat,Provincial Highway,Poor,Clear,Street Light,Van/Pickup,3,Pedestrian Error,0,0,0,0,1,0,Low
2019,12,Tuesday,3,Punjab,Multan,Urban Road,Poor,Clear,No Light,Car/Taxi,1,Pedestrian Error,0,0,1,1,1,0,Low
2021,11,Monday,17,Punjab,Bahawalpur,Provincial Highway,Poor,Clear,Daylight,Motorcycle,2,Over Speeding,1,0,0,1,6,2,High
2022,1,Tuesday,12,Sindh,Jacobabad,Rural Road,Poor,Clear,Daylight,Bus/Coach,1,Wrong Overtaking,1,0,0,1,0,0,Low
2022,4,Sunday,13,Punjab,Bahawalpur,Urban Road,Poor,Clear,Daylight,Truck/Lorry,1,Signal Violation,1,1,0,0,1,0,Low
2022,1,Monday,11,Punjab,Gujranwala,Rural Road,Average,Clear,Daylight,Truck/Lorry,4,Mobile Phone Use,0,0,0,1,2,0,Low
2022,7,Sunday,19,Sindh,Sukkur,National Highway,Under Repair,Extreme Heat,Dawn/Dusk,Motorcycle,4,Over Speeding,1,1,0,0,5,0,High
2018,2,Saturday,20,KPK,Bannu,Rural Road,Good,Clear,Street Light,Motorcycle,3,Pedestrian Error,1,1,0,1,1,0,Low
2023,3,Monday,21,Balochistan,Sibi,National Highway,Average,Extreme Heat,No Light,Van/Pickup,1,Mechanical Failure,0,0,0,0,2,0,Low
2018,2,Monday,12,AJK,Mirpur,Urban Road,Good,Foggy,Daylight,Bus/Coach,2,Over Speeding,1,0,0,1,4,1,High
2023,5,Wednesday,12,Punjab,Rahim Yar Khan,Provincial Highway,Good,Dusty/Smoggy,No Light,Motorcycle,2,Wrong Overtaking,1,0,0,0,4,1,High
2018,8,Tuesday,2,Punjab,Faisalabad,Urban Road,Average,Clear,No Light,Motorcycle,1,Over Speeding,0,0,1,0,2,2,High
2023,4,Sunday,9,KPK,Charsadda,Rural Road,Poor,Rainy,Daylight,Motorcycle,2,Wrong Overtaking,1,1,0,0,1,0,Medium
2018,11,Tuesday,14,Sindh,Sukkur,Provincial Highway,Average,Clear,Daylight,Van/Pickup,1,Road Condition,0,0,0,1,0,0,Low
2019,7,Wednesday,17,Punjab,Sheikhupura,Rural Road,Good,Foggy,Daylight,Car/Taxi,2,Signal Violation,1,0,0,0,2,1,Medium
2023,6,Wednesday,11,Punjab,Faisalabad,National Highway,Good,Rainy,Daylight,Motorcycle,2,Wrong Overtaking,0,0,0,0,6,2,High
2023,5,Saturday,17,Punjab,Sheikhupura,Rural Road,Good,Clear,No Light,Bicycle,2,Over Speeding,1,1,0,0,1,0,Medium
2023,12,Friday,12,Sindh,Hyderabad,Provincial Highway,Poor,Clear,Street Light,Van/Pickup,3,Over Speeding,1,0,0,1,1,0,Low
2021,12,Wednesday,11,Punjab,Sargodha,Provincial Highway,Good,Clear,Daylight,Motorcycle,2,Mechanical Failure,0,0,0,1,3,0,Medium
2019,5,Tuesday,23,Islamabad,Islamabad,Provincial Highway,Average,Clear,Street Light,Car/Taxi,1,Over Speeding,0,0,1,0,3,0,Medium
2020,2,Wednesday,19,Punjab,Sargodha,National Highway,Poor,Clear,Street Light,Motorcycle,1,Driver Fatigue,1,0,0,1,11,4,High
2021,12,Saturday,11,AJK,Rawalakot,Urban Road,Average,Clear,Daylight,Motorcycle,1,Over Speeding,0,1,0,1,4,0,Medium
2019,1,Wednesday,10,Balochistan,Gwadar,Provincial Highway,Poor,Extreme Heat,Daylight,Car/Taxi,3,Mechanical Failure,0,0,0,1,2,0,Low
2018,1,Sunday,14,Sindh,Larkana,Rural Road,Good,Clear,Street Light,Motorcycle,3,Driver Fatigue,0,1,0,1,5,2,High
2023,5,Wednesday,16,KPK,Charsadda,Rural Road,Average,Clear,Daylight,Motorcycle,2,Over Speeding,0,0,0,0,3,0,Medium
2019,10,Thursday,5,KPK,Mansehra,National Highway,Good,Clear,Dawn/Dusk,Van/Pickup,2,Over Speeding,0,0,1,0,2,1,High
2020,12,Friday,19,Punjab,Sialkot,Urban Road,Average,Clear,Daylight,Bus/Coach,4,Signal Violation,1,0,0,1,2,0,Medium
2018,9,Friday,18,Punjab,Rahim Yar Khan,National Highway,Good,Foggy,Daylight,Car/Taxi,1,Driver Fatigue,1,0,0,0,7,0,High
2023,1,Saturday,15,Sindh,Mirpur Khas,Urban Road,Average,Foggy,Daylight,Car/Taxi,1,Wrong Overtaking,0,1,0,1,0,0,Low
2023,5,Sunday,11,Sindh,Kashmore,Provincial Highway,Good,Rainy,Daylight,Motorcycle,2,Mobile Phone Use,0,1,0,0,2,0,Medium
2023,3,Monday,21,Sindh,Sukkur,Rural Road,Good,Clear,Street Light,Car/Taxi,3,Wrong Overtaking,0,0,0,0,1,0,Low
2022,11,Saturday,9,Sindh,Hyderabad,Rural Road,Good,Clear,Daylight,Car/Taxi,2,Wrong Overtaking,1,1,0,1,1,0,Low
2023,11,Tuesday,8,Sindh,Thatta,National Highway,Average,Dusty/Smoggy,Daylight,Motorcycle,1,Over Speeding,1,0,0,1,8,1,High
2018,6,Wednesday,21,Sindh,Karachi,Rural Road,Good,Clear,Street Light,Motorcycle,3,Over Speeding,0,0,0,0,4,0,Medium
2018,9,Sunday,12,Sindh,Karachi,Provincial Highway,Under Repair,Foggy,Daylight,Car/Taxi,1,Pedestrian Error,1,1,0,0,0,0,Low
2022,9,Sunday,5,Sindh,Mirpur Khas,Provincial Highway,Poor,Clear,Dawn/Dusk,Rickshaw,3,Wrong Overtaking,0,1,1,0,4,0,Medium
2021,12,Monday,8,Balochistan,Hub,National Highway,Average,Dusty/Smoggy,Daylight,Motorcycle,2,Signal Violation,1,0,0,1,8,2,High
2018,1,Thursday,19,Sindh,Hyderabad,Provincial Highway,Under Repair,Rainy,Dawn/Dusk,Motorcycle,2,Mechanical Failure,1,0,0,1,5,1,Medium
2019,2,Tuesday,15,KPK,Dera Ismail Khan,Provincial Highway,Average,Rainy,Daylight,Car/Taxi,2,Over Speeding,0,0,0,1,3,2,High
2022,12,Wednesday,11,Sindh,Jacobabad,National Highway,Average,Extreme Heat,Daylight,Car/Taxi,1,Road Condition,0,0,0,1,1,2,Medium
2022,7,Tuesday,13,Sindh,Karachi,Urban Road,Poor,Clear,No Light,Rickshaw,2,Pedestrian Error,1,0,0,0,2,0,Low
2020,2,Wednesday,17,Sindh,Larkana,Urban Road,Average,Foggy,Daylight,Motorcycle,3,Wrong Overtaking,1,0,0,1,2,0,Medium
2023,2,Sunday,11,Punjab,Multan,Provincial Highway,Good,Clear,Street Light,Bus/Coach,2,Signal Violation,0,1,0,1,3,1,Medium
2021,2,Saturday,11,Gilgit-Baltistan,Skardu,Provincial Highway,Poor,Dusty/Smoggy,Daylight,Rickshaw,1,Wrong Overtaking,0,1,0,1,0,0,Low
2023,10,Thursday,17,Punjab,Rawalpindi,National Highway,Good,Foggy,Daylight,Motorcycle,2,Over Speeding,1,0,0,0,6,4,High
2022,11,Saturday,10,Punjab,Faisalabad,Rural Road,Poor,Clear,No Light,Truck/Lorry,3,Over Speeding,0,1,0,1,2,0,Low
2019,10,Thursday,10,Punjab,Sialkot,Provincial Highway,Poor,Clear,Daylight,Rickshaw,1,Over Speeding,0,0,0,0,1,0,Medium
2022,12,Tuesday,22,Punjab,Faisalabad,Urban Road,Under Repair,Clear,Street Light,Motorcycle,1,Over Speeding,0,0,1,1,9,2,High
2018,7,Tuesday,20,KPK,Nowshera,National Highway,Good,Foggy,No Light,Car/Taxi,1,Mechanical Failure,1,0,0,0,1,0,Medium
2023,9,Thursday,10,Sindh,Nawabshah,National Highway,Good,Clear,Daylight,Other,3,Road Condition,0,0,0,0,4,1,Medium
2021,7,Wednesday,16,KPK,Dera Ismail Khan,Rural Road,Average,Clear,Daylight,Truck/Lorry,1,Mobile Phone Use,0,0,0,0,2,0,Low
2018,2,Saturday,14,Punjab,Faisalabad,Urban Road,Poor,Extreme Heat,Daylight,Motorcycle,2,Pedestrian Error,0,1,0,1,0,0,Low
2019,5,Thursday,8,Punjab,Rawalpindi,Urban Road,Good,Clear,Daylight,Motorcycle,2,Over Speeding,1,0,0,0,8,3,High
2018,9,Thursday,16,Punjab,Bahawalpur,National Highway,Good,Clear,Daylight,Motorcycle,1,Over Speeding,0,0,0,0,2,1,High
2022,6,Friday,8,Sindh,Karachi,Provincial Highway,Average,Clear,Daylight,Motorcycle,3,Road Condition,1,0,0,0,5,0,Medium
2023,3,Tuesday,14,KPK,Bannu,Provincial Highway,Average,Clear,Daylight,Car/Taxi,2,Wrong Overtaking,0,0,0,0,0,0,Low
2020,7,Friday,15,Sindh,Hyderabad,Rural Road,Average,Rainy,Daylight,Bus/Coach,2,Pedestrian Error,0,0,0,0,0,0,Low
2019,11,Tuesday,19,Punjab,Bahawalpur,Provincial Highway,Good,Rainy,Dawn/Dusk,Motorcycle,3,Wrong Overtaking,1,0,0,1,2,2,High
2022,7,Saturday,19,AJK,Mirpur,National Highway,Average,Rainy,Dawn/Dusk,Motorcycle,1,Pedestrian Error,1,1,0,0,11,1,High
2021,11,Sunday,14,Punjab,Faisalabad,Provincial Highway,Good,Clear,Daylight,Motorcycle,3,Driver Fatigue,0,1,0,1,5,2,High
2020,7,Wednesday,9,Sindh,Jacobabad,National Highway,Good,Clear,Daylight,Truck/Lorry,3,Mobile Phone Use,1,0,0,0,0,0,Low
2019,4,Friday,15,Punjab,Lahore,Urban Road,Average,Clear,Dawn/Dusk,Motorcycle,1,Signal Violation,0,0,0,0,0,0,Low
2020,7,Saturday,22,Punjab,Faisalabad,Urban Road,Poor,Clear,Street Light,Rickshaw,3,Signal Violation,0,1,1,0,5,0,Medium
2018,4,Sunday,18,Punjab,Rawalpindi,Urban Road,Under Repair,Clear,Daylight,Motorcycle,1,Pedestrian Error,1,1,0,0,2,0,Low
2023,12,Saturday,18,Punjab,Sargodha,Rural Road,Good,Clear,Daylight,Motorcycle,4,Mechanical Failure,1,1,0,1,4,0,Medium
2023,10,Sunday,17,Balochistan,Chaman,Motorway,Good,Dusty/Smoggy,Dawn/Dusk,Bus/Coach,2,Wrong Overtaking,1,1,0,0,1,0,Medium
2020,7,Sunday,17,Sindh,Larkana,Motorway,Good,Extreme Heat,Daylight,Rickshaw,1,Mechanical Failure,1,1,0,0,2,0,Low
2022,8,Thursday,0,KPK,Swat,Motorway,Average,Rainy,No Light,Motorcycle,1,Driver Fatigue,0,0,1,0,4,2,High
2023,7,Monday,14,Sindh,Kashmore,Rural Road,Average,Clear,Daylight,Motorcycle,2,Mobile Phone Use,0,0,0,0,2,0,Low
2022,4,Friday,6,Sindh,Karachi,Urban Road,Good,Clear,Daylight,Motorcycle,1,Pedestrian Error,0,0,0,0,3,1,Medium
2023,7,Tuesday,14,KPK,Peshawar,National Highway,Average,Clear,Dawn/Dusk,Motorcycle,3,Over Speeding,0,0,0,0,6,2,High
2018,11,Wednesday,11,Balochistan,Loralai,National Highway,Good,Dusty/Smoggy,Daylight,Motorcycle,3,Weather Condition,0,0,0,1,4,0,Medium
2023,12,Wednesday,10,Punjab,Sheikhupura,Provincial Highway,Good,Rainy,Daylight,Motorcycle,2,Signal Violation,0,0,0,1,4,0,Medium
2023,7,Saturday,14,Punjab,Faisalabad,Rural Road,Average,Foggy,Daylight,Motorcycle,2,Driver Fatigue,0,1,0,0,5,1,Medium
2020,6,Friday,14,KPK,Bannu,Urban Road,Poor,Clear,Daylight,Bus/Coach,2,Road Condition,0,0,0,0,2,0,Low
2020,6,Friday,14,Islamabad,Islamabad,National Highway,Good,Rainy,Daylight,Bus/Coach,2,Over Speeding,0,0,0,0,5,3,High
2021,12,Saturday,9,AJK,Rawalakot,National Highway,Poor,Rainy,Daylight,Rickshaw,2,Mechanical Failure,1,1,0,1,0,0,Low
2023,2,Saturday,2,Sindh,Jacobabad,National Highway,Average,Extreme Heat,Street Light,Car/Taxi,1,Wrong Overtaking,0,1,1,1,7,4,High
2019,11,Friday,12,Punjab,Bahawalpur,Urban Road,Good,Clear,Daylight,Motorcycle,4,Mechanical Failure,1,0,0,1,2,0,Low
2020,12,Sunday,15,Punjab,Gujranwala,Urban Road,Good,Clear,Daylight,Motorcycle,2,Wrong Overtaking,0,1,0,1,4,2,Medium
2023,6,Sunday,21,Islamabad,Islamabad,Urban Road,Good,Clear,Street Light,Car/Taxi,1,Road Condition,0,1,0,0,2,0,Low
2023,4,Friday,6,Sindh,Karachi,Urban Road,Under Repair,Rainy,No Light,Motorcycle,1,Over Speeding,0,0,0,0,2,3,High
2020,11,Thursday,20,Punjab,Bahawalpur,National Highway,Average,Clear,Street Light,Car/Taxi,2,Over Speeding,1,0,0,1,5,0,Medium
2018,6,Wednesday,9,Islamabad,Islamabad,Urban Road,Good,Dusty/Smoggy,Daylight,Motorcycle,3,Wrong Overtaking,1,0,0,0,5,0,Medium
2018,2,Monday,17,Punjab,Rahim Yar Khan,Motorway,Average,Dusty/Smoggy,Daylight,Rickshaw,2,Road Condition,1,0,0,1,1,0,Low
2023,1,Friday,7,KPK,Abbottabad,National Highway,Good,Dusty/Smoggy,Daylight,Motorcycle,1,Mechanical Failure,1,0,0,1,1,1,Medium
2019,12,Saturday,9,Sindh,Mirpur Khas,Rural Road,Average,Dusty/Smoggy,Dawn/Dusk,Motorcycle,4,Drunk Driving,1,1,0,1,1,0,Medium
2022,1,Sunday,11,Punjab,Sargodha,Rural Road,Under Repair,Clear,Dawn/Dusk,Van/Pickup,2,Mechanical Failure,0,1,0,1,0,0,Low
2020,9,Wednesday,13,Punjab,Sargodha,Provincial Highway,Average,Clear,Daylight,Motorcycle,2,Over Speeding,1,0,0,0,8,2,High
2022,5,Thursday,16,Punjab,Sargodha,National Highway,Poor,Foggy,Street Light,Rickshaw,1,Driver Fatigue,0,0,0,0,2,0,Medium
2022,4,Saturday,9,Sindh,Hyderabad,Motorway,Good,Rainy,Daylight,Motorcycle,2,Wrong Overtaking,1,1,0,0,4,2,High
2023,7,Monday,19,Sindh,Hyderabad,National Highway,Average,Rainy,Street Light,Motorcycle,2,Drunk Driving,1,0,0,0,7,4,High
2022,4,Monday,14,Punjab,Rawalpindi,Rural Road,Good,Clear,Daylight,Motorcycle,2,Mechanical Failure,0,0,0,0,2,0,Low
2022,8,Monday,19,AJK,Mirpur,Provincial Highway,Good,Clear,Street Light,Motorcycle,2,Over Speeding,1,0,0,0,3,0,Medium
2023,10,Monday,23,Punjab,Rahim Yar Khan,Urban Road,Good,Foggy,No Light,Motorcycle,2,Pedestrian Error,0,0,1,0,3,0,Medium
2021,2,Tuesday,13,Punjab,Faisalabad,Provincial Highway,Average,Foggy,Daylight,Motorcycle,1,Over Speeding,1,0,0,1,6,1,High
2022,7,Friday,11,Punjab,Sargodha,Provincial Highway,Average,Clear,Daylight,Motorcycle,2,Over Speeding,0,0,0,0,1,1,Medium
2023,1,Saturday,10,Punjab,Sheikhupura,National Highway,Poor,Clear,Street Light,Rickshaw,2,Over Speeding,0,1,0,1,7,0,High
2022,12,Saturday,16,Gilgit-Baltistan,Gilgit,National Highway,Average,Clear,Daylight,Car/Taxi,2,Drunk Driving,0,1,0,1,3,0,Medium
2023,10,Wednesday,8,Punjab,Faisalabad,Provincial Highway,Poor,Clear,Daylight,Car/Taxi,1,Drunk Driving,1,0,0,0,1,0,Medium
2021,6,Sunday,7,Punjab,Bahawalpur,Rural Road,Good,Clear,Street Light,Motorcycle,1,Over Speeding,1,1,0,0,2,1,High
2022,7,Friday,3,Balochistan,Chaman,National Highway,Poor,Clear,No Light,Motorcycle,2,Wrong Overtaking,0,0,1,0,8,1,High
2022,10,Friday,11,Sindh,Thatta,National Highway,Average,Clear,Daylight,Car/Taxi,2,Over Speeding,0,0,0,0,5,0,Medium
2021,10,Tuesday,11,Punjab,Faisalabad,National Highway,Average,Clear,Dawn/Dusk,Car/Taxi,2,Over Speeding,0,0,0,0,4,1,Medium
2023,1,Thursday,19,Balochistan,Khuzdar,Rural Road,Poor,Clear,Dawn/Dusk,Car/Taxi,2,Signal Violation,1,0,0,1,1,0,Low
2018,2,Tuesday,16,KPK,Swat,Rural Road,Average,Dusty/Smoggy,Daylight,Car/Taxi,1,Road Condition,0,0,0,1,1,0,Low
2020,10,Monday,6,Punjab,Sialkot,Rural Road,Average,Dusty/Smoggy,Daylight,Car/Taxi,1,Over Speeding,0,0,0,0,2,0,Low
2018,5,Tuesday,18,Sindh,Hyderabad,National Highway,Average,Clear,Daylight,Motorcycle,3,Drunk Driving,1,0,0,0,7,1,High
2020,7,Saturday,21,Islamabad,Islamabad,National Highway,Good,Dusty/Smoggy,No Light,Truck/Lorry,3,Road Condition,0,1,0,0,3,0,Medium
2022,1,Tuesday,21,Sindh,Mirpur Khas,Provincial Highway,Good,Clear,Street Light,Motorcycle,1,Over Speeding,0,0,0,1,6,2,High
2020,12,Monday,13,KPK,Bannu,Urban Road,Good,Dusty/Smoggy,Street Light,Motorcycle,3,Pedestrian Error,1,0,0,1,0,0,Low
2019,6,Thursday,19,AJK,Mirpur,Provincial Highway,Average,Clear,Dawn/Dusk,Van/Pickup,2,Over Speeding,1,0,0,0,5,1,Medium
2019,4,Saturday,6,KPK,Charsadda,Provincial Highway,Poor,Foggy,Daylight,Motorcycle,2,Wrong Overtaking,0,1,0,0,7,2,High
2018,6,Monday,22,Punjab,Faisalabad,National Highway,Average,Clear,No Light,Truck/Lorry,3,Over Speeding,0,0,1,0,10,0,High
2022,10,Friday,18,Punjab,Multan,National Highway,Good,Dusty/Smoggy,Daylight,Motorcycle,1,Over Speeding,1,0,0,0,10,2,High
2018,1,Monday,8,Sindh,Nawabshah,Urban Road,Average,Clear,Daylight,Car/Taxi,1,Over Speeding,1,0,0,1,0,0,Low
2022,2,Wednesday,13,Punjab,Multan,National Highway,Good,Clear,Daylight,Rickshaw,2,Over Speeding,1,0,0,1,6,2,High
2022,5,Sunday,14,Islamabad,Islamabad,National Highway,Good,Clear,Daylight,Motorcycle,2,Pedestrian Error,0,1,0,0,7,2,High
2021,9,Tuesday,17,Punjab,Sheikhupura,National Highway,Poor,Foggy,Street Light,Van/Pickup,1,Pedestrian Error,1,0,0,0,5,1,Medium
2021,6,Sunday,18,Sindh,Hyderabad,Provincial Highway,Good,Clear,Daylight,Motorcycle,2,Over Speeding,1,1,0,0,4,0,Medium
2023,2,Sunday,8,KPK,Nowshera,Provincial Highway,Under Repair,Foggy,Daylight,Car/Taxi,1,Over Speeding,1,1,0,1,8,1,High
2021,1,Tuesday,10,Sindh,Dadu,Provincial Highway,Good,Rainy,Daylight,Motorcycle,1,Driver Fatigue,0,0,0,1,2,2,High
2023,8,Monday,7,Punjab,Faisalabad,Rural Road,Poor,Extreme Heat,Daylight,Motorcycle,2,Over Speeding,1,0,0,0,3,1,High
2023,11,Monday,14,Punjab,Sialkot,Provincial Highway,Good,Rainy,Daylight,Motorcycle,3,Mechanical Failure,0,0,0,1,1,1,Medium
2023,6,Saturday,19,Sindh,Hyderabad,National Highway,Good,Foggy,Dawn/Dusk,Motorcycle,2,Over Speeding,1,1,0,0,5,4,High
2020,1,Sunday,21,Balochistan,Hub,Provincial Highway,Average,Clear,No Light,Car/Taxi,4,Over Speeding,0,1,0,1,1,2,Medium
2023,10,Monday,19,KPK,Charsadda,Urban Road,Average,Foggy,No Light,Motorcycle,3,Signal Violation,1,0,0,0,4,0,Medium
2022,2,Thursday,22,Punjab,Rawalpindi,Rural Road,Good,Clear,No Light,Car/Taxi,4,Over Speeding,0,0,1,1,5,1,Medium