year,month,day_of_week,hour_of_day,province,district,road_type,road_condition,weather_condition,lighting_condition,vehicle_type,vehicles_involved,accident_cause,is_rush_hour,is_weekend,is_night,is_foggy_month,num_injured,num_killed,severity
2020,2,Tuesday,6,Punjab,Gujranwala,Urban Road,Average,Clear,Daylight,Van/Pickup,2,Pedestrian Error,0,0,0,1,0,0,Low
2021,1,Friday,12,KPK,Abbottabad,Motorway,Poor,Clear,Daylight,Motorcycle,3,Wrong Overtaking,1,0,0,1,3,1,High
2023,6,Saturday,15,Islamabad,Islamabad,Urban Road,Poor,Extreme Heat,Daylight,Motorcycle,1,Driver Fatigue,0,1,0,0,2,2,Medium
2023,3,Wednesday,19,Punjab,Rawalpindi,Rural Road,Average,Clear,No Light,Motorcycle,3,Over Speeding,1,0,0,0,1,0,Medium
2021,8,Sunday,5,KPK,Peshawar,National Highway,Under Repair,Clear,No Light,Bus/Coach,1,Over Speeding,0,1,1,0,3,0,High
2019,6,Friday,10,Punjab,Faisalabad,National Highway,Poor,Clear,Daylight,Car/Taxi,2,Over Speeding,0,0,0,0,3,2,High
2018,9,Saturday,15,Sindh,Jacobabad,Urban Road,Good,Clear,Daylight,Car/Taxi,2,Over Speeding,0,1,0,0,0,0,Low
2023,5,Wednesday,0,KPK,Swat,Provincial Highway,Average,Foggy,No Light,Rickshaw,1,Signal Violation,0,0,1,0,5,0,High
2023,12,Saturday,17,Punjab,Lahore,Provincial Highway,Poor,Rainy,Daylight,Motorcycle,2,Over Speeding,1,1,0,1,4,0,High
2021,12,Tuesday,19,Sindh,Larkana,Provincial Highway,Average,Foggy,Dawn/Dusk,Car/Taxi,2,Over Speeding,1,0,0,1,5,0,Medium
2022,7,Saturday,2,Punjab,Sheikhupura,Provincial Highway,Average,Foggy,Street Light,Bus/Coach,2,Wrong Overtaking,0,1,1,0,6,2,High
2022,3,Thursday,18,Punjab,Bahawalpur,Rural Road,Poor,Rainy,Daylight,Motorcycle,2,Over Speeding,1,0,0,0,4,0,Medium
2022,1,Tuesday,17,Sindh,Nawabshah,Provincial Highway,Good,Rainy,Daylight,Motorcycle,1,Drunk Driving,1,0,0,1,11,2,High
2019,6,Friday,6,Punjab,Sialkot,National Highway,Under Repair,Rainy,Daylight,Motorcycle,2,Drunk Driving,0,0,0,0,2,2,High
2021,6,Tuesday,9,Sindh,Hyderabad,National Highway,Good,Foggy,Daylight,Motorcycle,1,Wrong Overtaking,1,0,0,0,2,3,High
2022,10,Tuesday,21,Punjab,Gujranwala,Provincial Highway,Average,Clear,Street Light,Rickshaw,2,Signal Violation,0,0,0,0,1,1,Medium
2020,12,Wednesday,15,KPK,Bannu,National Highway,Good,Clear,Daylight,Rickshaw,2,Mobile Phone Use,0,0,0,1,2,0,Low
2018,2,Wednesday,5,Punjab,Bahawalpur,Rural Road,Average,Foggy,Street Light,Car/Taxi,1,Pedestrian Error,0,0,1,1,2,0,Low
2023,5,Tuesday,20,KPK,Swat,Rural Road,Poor,Dusty/Smoggy,Street Light,Car/Taxi,4,Road Condition,1,0,0,0,1,0,Low
2021,5,Sunday,16,Sindh,Jacobabad,National Highway,Good,Clear,No Light,Car/Taxi,2,Road Condition,0,1,0,0,1,0,Low
2023,9,Thursday,21,AJK,Rawalakot,Rural Road,Good,Clear,Street Light,Car/Taxi,3,Mechanical Failure,0,0,0,0,0,0,Low
2022,5,Friday,19,Balochistan,Sibi,Urban Road,Poor,Clear,Dawn/Dusk,Motorcycle,2,Over Speeding,1,0,0,0,1,0,Medium
2019,1,Monday,8,Punjab,Gujranwala,Provincial Highway,Poor,Rainy,Dawn/Dusk,Motorcycle,4,Over Speeding,1,0,0,1,6,0,High
2020,7,Saturday,20,Punjab,Faisalabad,National Highway,Poor,Clear,Street Light,Motorcycle,2,Over Speeding,1,1,0,0,7,0,High
2021,1,Wednesday,5,Sindh,Hyderabad,Provincial Highway,Average,Rainy,Dawn/Dusk,Motorcycle,3,Road Condition,0,0,1,1,3,1,High
2019,1,Wednesday,22,Sindh,Thatta,Urban Road,Good,Clear,Street Light,Car/Taxi,3,Over Speeding,0,0,1,1,1,1,Medium
2023,11,Monday,21,Punjab,Bahawalpur,National Highway,Good,Extreme Heat,Street Light,Motorcycle,1,Over Speeding,0,0,0,1,6,0,High
2023,11,Saturday,14,Punjab,Bahawalpur,Rural Road,Good,Rainy,Daylight,Motorcycle,1,Over Speeding,0,1,0,1,8,1,High
2023,8,Wednesday,8,Sindh,Mirpur Khas,National Highway,Good,Rainy,Street Light,Motorcycle,2,Signal Violation,1,0,0,0,5,3,High
2023,1,Sunday,11,Balochistan,Turbat,National Highway,Average,Clear,Daylight,Motorcycle,2,Wrong Overtaking,0,1,0,1,11,4,High
2023,8,Sunday,21,Balochistan,Dera Bugti,Provincial Highway,Good,Foggy,No Light,Motorcycle,4,Driver Fatigue,0,1,0,0,2,1,High
2021,12,Wednesday,15,Punjab,Bahawalpur,Provincial Highway,Poor,Clear,Daylight,Motorcycle,3,Wrong Overtaking,0,0,0,1,6,0,High
2023,7,Saturday,12,Punjab,Multan,Provincial Highway,Average,Clear,Daylight,Car/Taxi,2,Over Speeding,1,1,0,0,4,0,Medium
2021,6,Saturday,10,Punjab,Sheikhupura,Provincial Highway,Poor,Clear,Daylight,Motorcycle,1,Driver Fatigue,0,1,0,0,3,2,High
2023,7,Monday,12,Sindh,Kashmore,Urban Road,Good,Clear,Daylight,Motorcycle,3,Over Speeding,1,0,0,0,3,1,Medium
2020,3,Wednesday,20,KPK,Mansehra,National Highway,Good,Dusty/Smoggy,No Light,Motorcycle,2,Wrong Overtaking,1,0,0,0,10,1,High
2022,9,Thursday,11,KPK,Dera Ismail Khan,Rural Road,Good,Clear,Daylight,Car/Taxi,2,Signal Violation,0,0,0,0,1,0,Low
2022,5,Saturday,9,Sindh,Jacobabad,Provincial Highway,Average,Clear,Dawn/Dusk,Car/Taxi,1,Road Condition,1,1,0,0,1,1,Low
2023,9,Thursday,5,Punjab,Rawalpindi,Provincial Highway,Average,Clear,Dawn/Dusk,Car/Taxi,4,Over Speeding,0,0,1,0,2,0,Medium
2020,1,Monday,0,Punjab,Faisalabad,Urban Road,Average,Clear,Street Light,Motorcycle,2,Over Speeding,0,0,1,1,6,0,High
2018,10,Thursday,19,Islamabad,Islamabad,Urban Road,Poor,Extreme Heat,Dawn/Dusk,Rickshaw,3,Wrong Overtaking,1,0,0,0,2,0,Low
2020,12,Sunday,21,Punjab,Faisalabad,National Highway,Good,Dusty/Smoggy,No Light,Truck/Lorry,1,Signal Violation,0,1,0,1,2,0,Medium
2022,8,Wednesday,13,Punjab,Rawalpindi,Rural Road,Poor,Dusty/Smoggy,Daylight,Car/Taxi,2,Mechanical Failure,1,0,0,0,1,0,Low
2020,6,Wednesday,12,KPK,Nowshera,National Highway,Good,Dusty/Smoggy,Daylight,Bicycle,3,Road Condition,1,0,0,0,2,1,Medium
2019,12,Friday,14,KPK,Charsadda,National Highway,Poor,Clear,Daylight,Motorcycle,1,Over Speeding,0,0,0,1,7,2,High
2023,10,Sunday,20,Balochistan,Gwadar,National Highway,Under Repair,Clear,No Light,Motorcycle,2,Road Condition,1,1,0,0,3,2,Medium
2020,4,Thursday,6,Punjab,Rawalpindi,Urban Road,Average,Clear,No Light,Motorcycle,2,Drunk Driving,0,0,0,0,5,2,Medium
2018,7,Sunday,17,Sindh,Jacobabad,Urban Road,Poor,Clear,No Light,Car/Taxi,2,Road Condition,1,1,0,0,0,0,Low
2023,10,Tuesday,5,Sindh,Sukkur,National Highway,Good,Dusty/Smoggy,Dawn/Dusk,Motorcycle,1,Mobile Phone Use,0,0,1,0,3,0,Medium
2018,7,Thursday,20,Islamabad,Islamabad,Rural Road,Average,Clear,No Light,Car/Taxi,1,Pedestrian Error,1,0,0,0,1,0,Low
2021,5,Sunday,8,KPK,Charsadda,Rural Road,Poor,Foggy,No Light,Bus/Coach,1,Over Speeding,1,1,0,0,4,0,Medium
2021,3,Tuesday,14,KPK,Swat,National Highway,Good,Dusty/Smoggy,Daylight,Motorcycle,4,Mechanical Failure,0,0,0,0,2,0,Medium
2020,9,Friday,1,Punjab,Bahawalpur,Provincial Highway,Good,Foggy,No Light,Car/Taxi,3,Wrong Overtaking,0,0,1,0,5,1,Medium
2018,10,Saturday,17,KPK,Mardan,Provincial Highway,Good,Clear,Daylight,Car/Taxi,2,Pedestrian Error,1,1,0,0,1,0,Low
2023,10,Sunday,20,Sindh,Thatta,Provincial Highway,Poor,Foggy,Street Light,Car/Taxi,2,Road Condition,1,1,0,0,1,0,Low
2021,1,Thursday,16,Punjab,Bahawalpur,Urban Road,Poor,Foggy,Dawn/Dusk,Motorcycle,1,Over Speeding,0,0,0,1,4,1,Medium
2020,6,Wednesday,12,Punjab,Rahim Yar Khan,Rural Road,Average,Clear,Street Light,Motorcycle,2,Road Condition,1,0,0,0,2,1,Medium
2022,8,Thursday,11,KPK,Abbottabad,Urban Road,Poor,Clear,Daylight,Car/Taxi,2,Wrong Overtaking,0,0,0,0,2,0,Low
2018,8,Friday,11,Punjab,Faisalabad,Rural Road,Poor,Dusty/Smoggy,Daylight,Car/Taxi,2,Signal Violation,0,0,0,0,0,0,Low
2018,9,Tuesday,4,Balochistan,Loralai,Provincial Highway,Poor,Extreme Heat,No Light,Car/Taxi,1,Pedestrian Error,0,0,1,0,5,2,Medium
2023,10,Wednesday,17,KPK,Bannu,National Highway,Good,Clear,Daylight,Motorcycle,1,Drunk Driving,1,0,0,0,8,0,High
2020,11,Monday,13,Punjab,Rahim Yar Khan,Rural Road,Good,Clear,Daylight,Motorcycle,1,Pedestrian Error,1,0,0,1,0,0,Low
2019,6,Wednesday,11,KPK,Peshawar,Motorway,Average,Rainy,Daylight,Van/Pickup,1,Over Speeding,0,0,0,0,4,0,High
2023,2,Monday,2,Punjab,Gujranwala,Provincial Highway,Poor,Dusty/Smoggy,Street Light,Motorcycle,1,Over Speeding,0,0,1,1,5,1,High
2020,8,Sunday,21,Sindh,Sukkur,National Highway,Poor,Clear,No Light,Motorcycle,2,Pedestrian Error,0,1,0,0,1,0,Medium
2018,9,Thursday,6,Sindh,Dadu,National Highway,Average,Clear,Daylight,Car/Taxi,1,Signal Violation,0,0,0,0,4,1,Medium
2023,2,Wednesday,14,Balochistan,Chaman,Provincial Highway,Average,Clear,Dawn/Dusk,Motorcycle,3,Driver Fatigue,0,0,0,1,3,2,High
2023,4,Friday,11,Sindh,Dadu,National Highway,Average,Clear,Daylight,Car/Taxi,2,Mobile Phone Use,0,0,0,0,2,0,Medium
2023,1,Monday,7,KPK,Bannu,Provincial Highway,Poor,Clear,Street Light,Rickshaw,1,Wrong Overtaking,1,0,0,1,0,1,Low
2022,12,Saturday,18,KPK,Dera Ismail Khan,Urban Road,Average,Clear,Dawn/Dusk,Motorcycle,2,Signal Violation,1,1,0,1,0,0,Low
2022,7,Monday,10,Punjab,Rawalpindi,Provincial Highway,Good,Foggy,Daylight,Van/Pickup,2,Mobile Phone Use,0,0,0,0,2,1,Low
2022,9,Thursday,14,Sindh,Jacobabad,Rural Road,Poor,Rainy,Daylight,Bus/Coach,4,Road Condition,0,0,0,0,5,1,Medium
2018,2,Sunday,16,KPK,Kohat,National Highway,Good,Dusty/Smoggy,Daylight,Rickshaw,1,Pedestrian Error,0,1,0,1,0,0,Low
2020,12,Tuesday,6,Punjab,Sialkot,Rural Road,Poor,Clear,Daylight,Motorcycle,1,Over Speeding,0,0,0,1,5,0,Medium
2021,5,Saturday,13,Balochistan,Chaman,Provincial Highway,Poor,Clear,Daylight,Van/Pickup,2,Pedestrian Error,1,1,0,0,2,0,Low
2021,12,Thursday,4,KPK,Dera Ismail Khan,Provincial Highway,Average,Clear,No Light,Car/Taxi,2,Pedestrian Error,0,0,1,1,3,0,Medium
2023,9,Wednesday,9,Punjab,Bahawalpur,Urban Road,Good,Dusty/Smoggy,Daylight,Motorcycle,3,Road Condition,1,0,0,0,0,1,Low
2019,12,Thursday,13,AJK,Rawalakot,Urban Road,Average,Foggy,Daylight,Car/Taxi,1,Mobile Phone Use,1,0,0,1,0,0,Low
2020,3,Friday,7,Punjab,Lahore,National Highway,Average,Clear,Daylight,Motorcycle,4,Over Speeding,1,0,0,0,5,3,High
2020,10,Tuesday,19,Balochistan,Quetta,National Highway,Under Repair,Clear,Daylight,Car/Taxi,4,Drunk Driving,1,0,0,0,5,2,High
2018,10,Wednesday,17,Punjab,Sialkot,National Highway,Poor,Clear,Daylight,Motorcycle,2,Road Condition,1,0,0,0,1,1,Medium
2022,8,Monday,8,KPK,Bannu,Provincial Highway,Good,Rainy,No Light,Bus/Coach,3,Wrong Overtaking,1,0,0,0,2,0,Medium
2023,6,Monday,17,Sindh,Thatta,National Highway,Good,Dusty/Smoggy,Daylight,Rickshaw,1,Drunk Driving,1,0,0,0,4,0,Medium
2019,7,Wednesday,19,KPK,Peshawar,Urban Road,Average,Clear,No Light,Motorcycle,1,Over Speeding,1,0,0,0,2,0,Medium
2022,11,Friday,6,Punjab,Bahawalpur,Urban Road,Good,Clear,Daylight,Motorcycle,2,Wrong Overtaking,0,0,0,1,1,0,Medium
2019,12,Wednesday,3,Punjab,Gujranwala,National Highway,Good,Clear,No Light,Car/Taxi,1,Mechanical Failure,0,0,1,1,0,0,Low
2023,1,Tuesday,4,Punjab,Faisalabad,National Highway,Average,Dusty/Smoggy,No Light,Car/Taxi,1,Mechanical Failure,0,0,1,1,4,0,Medium
2019,5,Friday,21,Balochistan,Loralai,Provincial Highway,Average,Dusty/Smoggy,Street Light,Truck/Lorry,2,Signal Violation,0,0,0,0,1,0,Medium
2023,1,Tuesday,17,Punjab,Faisalabad,Rural Road,Poor,Clear,Dawn/Dusk,Motorcycle,2,Over Speeding,1,0,0,1,2,0,Medium
2018,6,Sunday,18,KPK,Swat,Provincial Highway,Good,Clear,Daylight,Bicycle,2,Mechanical Failure,1,1,0,0,0,0,Low
2023,4,Friday,22,KPK,Swat,Urban Road,Average,Clear,Street Light,Car/Taxi,4,Over Speeding,0,0,1,0,1,0,Low
2021,9,Tuesday,12,Balochistan,Hub,National Highway,Average,Rainy,Daylight,Car/Taxi,2,Over Speeding,1,0,0,0,4,0,Medium
2022,5,Tuesday,13,Punjab,Sialkot,Rural Road,Good,Clear,Dawn/Dusk,Motorcycle,1,Drunk Driving,1,0,0,0,11,2,High
2023,12,Saturday,18,Balochistan,Turbat,Rural Road,Good,Foggy,No Light,Truck/Lorry,4,Over Speeding,1,1,0,1,9,1,High
2021,11,Sunday,16,Punjab,Bahawalpur,Rural Road,Average,Clear,Daylight,Car/Taxi,1,Wrong Overtaking,0,1,0,1,2,0,Low
2023,7,Friday,18,KPK,Bannu,National Highway,Good,Clear,Daylight,Bus/Coach,1,Road Condition,1,0,0,0,0,0,Low
2019,12,Wednesday,16,KPK,Abbottabad,Provincial Highway,Good,Foggy,Daylight,Motorcycle,2,Pedestrian Error,0,0,0,1,6,1,High
2018,2,Sunday,0,Punjab,Sargodha,National Highway,Good,Rainy,Street Light,Motorcycle,1,Wrong Overtaking,0,1,1,1,10,1,High
2018,2,Wednesday,14,Punjab,Multan,Rural Road,Good,Foggy,Street Light,Car/Taxi,1,Wrong Overtaking,0,0,0,1,3,1,Medium
2023,10,Sunday,14,Sindh,Kashmore,National Highway,Good,Rainy,Daylight,Motorcycle,2,Over Speeding,0,1,0,0,3,2,High
2022,2,Tuesday,13,Sindh,Larkana,Urban Road,Good,Clear,Daylight,Car/Taxi,2,Over Speeding,1,0,0,1,1,0,Low
2022,7,Friday,16,Balochistan,Quetta,National Highway,Poor,Extreme Heat,No Light,Car/Taxi,2,Over Speeding,0,0,0,0,2,0,Medium
2023,6,Tuesday,15,Punjab,Gujranwala,Rural Road,Good,Foggy,Daylight,Motorcycle,3,Over Speeding,0,0,0,0,3,2,High
2023,10,Saturday,19,Islamabad,Islamabad,Provincial Highway,Average,Clear,Dawn/Dusk,Truck/Lorry,3,Wrong Overtaking,1,1,0,0,3,1,Medium
2023,3,Tuesday,7,Sindh,Nawabshah,National Highway,Under Repair,Clear,Daylight,Car/Taxi,2,Signal Violation,1,0,0,0,2,1,Medium
2019,5,Tuesday,19,Islamabad,Islamabad,National Highway,Average,Extreme Heat,Dawn/Dusk,Motorcycle,1,Mobile Phone Use,1,0,0,0,2,2,High
2019,2,Friday,9,KPK,Kohat,Rural Road,Average,Clear,Dawn/Dusk,Motorcycle,2,Road Condition,1,0,0,1,1,0,Low
2022,12,Thursday,12,KPK,Mansehra,Rural Road,Poor,Clear,Daylight,Truck/Lorry,3,Wrong Overtaking,1,0,0,1,2,0,Low
2019,3,Wednesday,18,Punjab,Rawalpindi,Urban Road,Good,Clear,Daylight,Motorcycle,4,Pedestrian Error,1,0,0,0,0,0,Low
2018,3,Monday,18,Sindh,Hyderabad,Motorway,Good,Foggy,Daylight,Car/Taxi,1,Mechanical Failure,1,0,0,0,1,0,Medium
2020,1,Saturday,11,Punjab,Gujranwala,Rural Road,Average,Extreme Heat,Daylight,Motorcycle,2,Mechanical Failure,0,1,0,1,1,1,Low
2021,11,Monday,10,Punjab,Sialkot,Urban Road,Average,Foggy,Daylight,Rickshaw,3,Road Condition,0,0,0,1,0,0,Low
2019,8,Sunday,11,Sindh,Kashmore,National Highway,Good,Clear,Daylight,Motorcycle,2,Wrong Overtaking,0,1,0,0,2,1,High
2018,12,Wednesday,20,KPK,Mansehra,National Highway,Average,Extreme Heat,No Light,Motorcycle,2,Over Speeding,1,0,0,1,4,0,High
2022,7,Saturday,18,Punjab,Gujranwala,National Highway,Average,Extreme Heat,Daylight,Bicycle,4,Wrong Overtaking,1,1,0,0,9,1,High
2021,1,Thursday,18,Sindh,Hyderabad,National Highway,Under Repair,Rainy,Street Light,Motorcycle,2,Mobile Phone Use,1,0,0,1,7,0,High
2021,8,Friday,16,Sindh,Karachi,National Highway,Poor,Rainy,Daylight,Car/Taxi,3,Over Speeding,0,0,0,0,2,2,High
2021,7,Sunday,0,Punjab,Rahim Yar Khan,National Highway,Average,Clear,Street Light,Motorcycle,2,Driver Fatigue,0,1,1,0,2,0,High
2023,12,Wednesday,13,Sindh,Nawabshah,Provincial Highway,Average,Extreme Heat,Daylight,Truck/Lorry,1,Mobile Phone Use,1,0,0,1,1,0,Low
2022,7,Sunday,17,KPK,Peshawar,Motorway,Average,Clear,No Light,Car/Taxi,2,Mechanical Failure,1,1,0,0,5,0,Medium
2023,7,Friday,8,Punjab,Lahore,National Highway,Poor,Dusty/Smoggy,Daylight,Motorcycle,2,Road Condition,1,0,0,0,4,0,Medium
2021,8,Thursday,17,KPK,Mansehra,National Highway,Under Repair,Clear,Daylight,Motorcycle,2,Wrong Overtaking,1,0,0,0,2,1,High
2022,6,Saturday,0,Sindh,Karachi,Provincial Highway,Average,Clear,No Light,Car/Taxi,1,Wrong Overtaking,0,1,1,0,1,0,Low
2021,1,Monday,18,KPK,Mardan,Urban Road,Under Repair,Foggy,Daylight,Car/Taxi,2,Over Speeding,1,0,0,1,1,0,Low
2019,1,Friday,8,Punjab,Lahore,National Highway,Good,Clear,Street Light,Other,2,Wrong Overtaking,1,0,0,1,2,0,Low
2023,12,Sunday,6,KPK,Nowshera,Urban Road,Good,Foggy,Daylight,Other,2,Pedestrian Error,0,1,0,1,1,0,Low
2019,7,Friday,18,Punjab,Multan,National Highway,Poor,Dusty/Smoggy,Daylight,Rickshaw,3,Road Condition,1,0,0,0,2,0,Low
2023,4,Tuesday,13,Punjab,Multan,National Highway,Average,Clear,Daylight,Motorcycle,3,Over Speeding,1,0,0,0,4,4,High
2019,12,Saturday,11,Punjab,Multan,National Highway,Average,Rainy,Daylight,Bus/Coach,2,Signal Violation,0,1,0,1,1,2,Medium
2019,3,Tuesday,13,Balochistan,Hub,Motorway,Under Repair,Dusty/Smoggy,Daylight,Car/Taxi,2,Over Speeding,1,0,0,0,7,3,High
2023,4,Thursday,20,KPK,Bannu,National Highway,Poor,Extreme Heat,No Light,Motorcycle,2,Road Condition,1,0,0,0,1,0,Medium
2023,12,Wednesday,18,Punjab,Gujranwala,Urban Road,Poor,Clear,Daylight,Motorcycle,1,Over Speeding,1,0,0,1,8,3,High
2020,3,Wednesday,19,Punjab,Rahim Yar Khan,National Highway,Average,Clear,Street Light,Car/Taxi,1,Wrong Overtaking,1,0,0,0,2,2,Medium
2019,1,Saturday,15,Punjab,Faisalabad,Rural Road,Good,Clear,Dawn/Dusk,Motorcycle,3,Over Speeding,0,1,0,1,4,0,Medium
2022,5,Friday,21,Punjab,Bahawalpur,National Highway,Good,Clear,Street Light,Motorcycle,3,Over Speeding,0,0,0,0,7,3,High
2021,11,Tuesday,8,Sindh,Thatta,Provincial Highway,Under Repair,Rainy,Daylight,Motorcycle,2,Pedestrian Error,1,0,0,1,5,1,Medium
2018,3,Thursday,17,KPK,Bannu,Provincial Highway,Under Repair,Clear,Street Light,Motorcycle,2,Over Speeding,1,0,0,0,3,0,Medium
2023,6,Monday,18,Islamabad,Islamabad,Provincial Highway,Good,Extreme Heat,Daylight,Motorcycle,3,Mechanical Failure,1,0,0,0,5,1,Medium
2021,12,Saturday,15,Islamabad,Islamabad,National Highway,Under Repair,Clear,Daylight,Motorcycle,2,Over Speeding,0,1,0,1,4,3,High
2022,2,Monday,13,Sindh,Larkana,Provincial Highway,Average,Rainy,Daylight,Motorcycle,2,Wrong Overtaking,1,0,0,1,4,0,Medium
2020,1,Sunday,11,Punjab,Rawalpindi,Urban Road,Poor,Foggy,Dawn/Dusk,Car/Taxi,1,Mechanical Failure,0,1,0,1,2,0,Low
2018,6,Friday,16,Punjab,Rahim Yar Khan,Urban Road,Average,Clear,Dawn/Dusk,Truck/Lorry,1,Signal Violation,0,0,0,0,1,1,Medium
2018,12,Saturday,12,Sindh,Nawabshah,Rural Road,Average,Dusty/Smoggy,Daylight,Car/Taxi,4,Wrong Overtaking,1,1,0,1,1,0,Low
2020,2,Tuesday,21,Sindh,Karachi,National Highway,Average,Foggy,No Light,Motorcycle,3,Wrong Overtaking,0,0,0,1,3,0,High
2023,4,Wednesday,11,Sindh,Nawabshah,Rural Road,Good,Clear,Daylight,Truck/Lorry,1,Over Speeding,0,0,0,0,2,0,Low
2019,10,Wednesday,14,Islamabad,Islamabad,Provincial Highway,Average,Clear,Dawn/Dusk,Motorcycle,2,Wrong Overtaking,0,0,0,0,2,3,High
2021,3,Saturday,20,Balochistan,Hub,Provincial Highway,Average,Foggy,No Light,Bicycle,1,Mechanical Failure,1,1,0,0,5,0,Medium
2020,6,Friday,13,Punjab,Lahore,Provincial Highway,Poor,Rainy,No Light,Motorcycle,1,Over Speeding,1,0,0,0,5,2,High
2019,3,Tuesday,10,Punjab,Sialkot,Urban Road,Good,Clear,Daylight,Bicycle,2,Signal Violation,0,0,0,0,3,1,Medium
2023,5,Wednesday,13,KPK,Abbottabad,Provincial Highway,Under Repair,Rainy,Daylight,Bus/Coach,2,Over Speeding,1,0,0,0,4,2,High
2021,3,Friday,19,KPK,Charsadda,Motorway,Good,Foggy,Dawn/Dusk,Van/Pickup,2,Signal Violation,1,0,0,0,4,1,Medium
2023,12,Sunday,11,Punjab,Rawalpindi,Urban Road,Good,Clear,Daylight,Car/Taxi,2,Pedestrian Error,0,1,0,1,1,0,Low
2023,7,Saturday,14,KPK,Abbottabad,Urban Road,Good,Clear,Daylight,Bus/Coach,1,Over Speeding,0,1,0,0,2,0,Low
2022,9,Tuesday,16,KPK,Nowshera,National Highway,Good,Foggy,Daylight,Motorcycle,2,Wrong Overtaking,0,0,0,0,4,1,High
2019,2,Saturday,7,Sindh,Karachi,National Highway,Good,Extreme Heat,Street Light,Motorcycle,1,Over Speeding,1,1,0,1,8,3,High
2019,5,Sunday,17,Punjab,Rahim Yar Khan,Urban Road,Poor,Clear,Daylight,Car/Taxi,1,Driver Fatigue,1,1,0,0,1,0,Low
2023,6,Tuesday,19,Balochistan,Dera Bugti,Provincial Highway,Poor,Clear,Daylight,Car/Taxi,2,Signal Violation,1,0,0,0,1,0,Low
2020,6,Tuesday,8,KPK,Charsadda,Urban Road,Good,Clear,Daylight,Motorcycle,2,Signal Violation,1,0,0,0,1,0,Low
2019,7,Friday,19,Punjab,Multan,Provincial Highway,Poor,Clear,Dawn/Dusk,Car/Taxi,2,Over Speeding,1,0,0,0,5,0,Medium
2023,5,Monday,12,KPK,Kohat,Rural Road,Poor,Foggy,Daylight,Motorcycle,2,Road Condition,1,0,0,0,2,0,Medium
2021,9,Tuesday,19,KPK,Kohat,Urban Road,Poor,Clear,No Light,Motorcycle,2,Weather Condition,1,0,0,0,0,0,Low
2019,12,Friday,19,Balochistan,Gwadar,Rural Road,Good,Clear,Dawn/Dusk,Motorcycle,2,Driver Fatigue,1,0,0,1,4,1,Medium
2020,9,Sunday,14,Punjab,Lahore,Rural Road,Average,Clear,Daylight,Bicycle,2,Over Speeding,0,1,0,0,8,0,High
2022,1,Saturday,8,AJK,Muzaffarabad,Provincial Highway,Poor,Rainy,Daylight,Car/Taxi,1,Road Condition,1,1,0,1,4,0,Medium
2023,9,Saturday,9,Punjab,Rawalpindi,Provincial Highway,Good,Clear,Daylight,Other,1,Weather Condition,1,1,0,0,1,0,Low
2022,6,Monday,17,Sindh,Thatta,Urban Road,Good,Clear,Dawn/Dusk,Bus/Coach,2,Signal Violation,1,0,0,0,2,0,Low
2019,7,Saturday,21,Sindh,Hyderabad,National Highway,Average,Foggy,Street Light,Bus/Coach,2,Wrong Overtaking,0,1,0,0,4,0,Medium
2020,10,Thursday,7,Punjab,Bahawalpur,National Highway,Average,Clear,Daylight,Car/Taxi,3,Over Speeding,1,0,0,0,2,0,Medium
2022,6,Saturday,18,Sindh,Larkana,Rural Road,Under Repair,Clear,Daylight,Motorcycle,3,Over Speeding,1,1,0,0,4,0,Medium
2021,2,Monday,22,Balochistan,Sibi,National Highway,Average,Clear,No Light,Van/Pickup,3,Over Speeding,0,0,1,1,2,1,High
2018,4,Wednesday,12,Sindh,Thatta,National Highway,Good,Clear,Daylight,Car/Taxi,1,Road Condition,1,0,0,0,2,0,Low
2022,3,Saturday,17,Sindh,Thatta,Urban Road,Good,Rainy,Street Light,Rickshaw,4,Over Speeding,1,1,0,0,0,0,Low
2022,5,Friday,11,Punjab,Multan,Motorway,Average,Clear,Daylight,Truck/Lorry,2,Drunk Driving,0,0,0,0,2,0,Medium
2022,1,Friday,12,Punjab,Faisalabad,Rural Road,Good,Extreme Heat,No Light,Motorcycle,1,Wrong Overtaking,1,0,0,1,1,0,Low
2023,6,Wednesday,22,Punjab,Bahawalpur,Provincial Highway,Average,Clear,No Light,Van/Pickup,2,Over Speeding,0,0,1,0,5,0,Medium
2022,1,Friday,0,Islamabad,Islamabad,Rural Road,Good,Clear,No Light,Rickshaw,1,Mobile Phone Use,0,0,1,1,0,0,Low
2020,7,Friday,19,KPK,Nowshera,Urban Road,Good,Foggy,Dawn/Dusk,Motorcycle,3,Road Condition,1,0,0,0,4,1,Medium
2019,5,Sunday,18,Islamabad,Islamabad,Rural Road,Good,Clear,Street Light,Car/Taxi,2,Over Speeding,1,1,0,0,5,0,Medium
2018,2,Sunday,16,Punjab,Faisalabad,National Highway,Average,Clear,No Light,Motorcycle,2,Signal Violation,0,1,0,1,6,1,High
2022,12,Thursday,10,KPK,Nowshera,Provincial Highway,Average,Rainy,Dawn/Dusk,Car/Taxi,2,Driver Fatigue,0,0,0,1,3,1,High
2023,9,Saturday,10,Punjab,Lahore,Rural Road,Good,Clear,Daylight,Car/Taxi,2,Drunk Driving,0,1,0,0,1,0,Medium
2018,4,Sunday,10,KPK,Mansehra,National Highway,Good,Rainy,Dawn/Dusk,Motorcycle,3,Over Speeding,0,1,0,0,9,2,High
2021,6,Wednesday,18,Punjab,Sargodha,Urban Road,Good,Rainy,No Light,Motorcycle,2,Driver Fatigue,1,0,0,0,1,1,Medium