year,month,day_of_week,hour_of_day,province,district,road_type,road_condition,weather_condition,lighting_condition,vehicle_type,vehicles_involved,accident_cause,is_rush_hour,is_weekend,is_night,is_foggy_month,num_injured,num_killed,severity
2018,3,Sunday,18,Punjab,Faisalabad,Urban Road,Good,Clear,Daylight,Rickshaw,1,Pedestrian Error,1,1,0,0,2,0,Low
2019,1,Monday,6,Sindh,Hyderabad,Urban Road,Good,Foggy,Daylight,Rickshaw,2,Pedestrian Error,0,0,0,1,2,0,Low
2022,8,Thursday,21,Punjab,Bahawalpur,Provincial Highway,Poor,Clear,No Light,Car/Taxi,3,Road Condition,0,0,0,0,0,0,Low
2021,5,Monday,12,Sindh,Hyderabad,National Highway,Good,Clear,Daylight,Bicycle,1,Road Condition,1,0,0,0,2,2,High
2023,4,Wednesday,7,Sindh,Kashmore,National Highway,Average,Clear,Street Light,Truck/Lorry,1,Road Condition,1,0,0,0,2,1,Medium
2023,3,Monday,9,KPK,Mardan,National Highway,Poor,Clear,Daylight,Bicycle,2,Signal Violation,1,0,0,0,8,0,High
2022,8,Wednesday,13,Gilgit-Baltistan,Hunza,Provincial Highway,Good,Clear,Daylight,Car/Taxi,3,Over Speeding,1,0,0,0,2,0,Low
2018,12,Tuesday,9,Punjab,Gujranwala,National Highway,Good,Foggy,Street Light,Rickshaw,4,Over Speeding,1,0,0,1,5,1,High
2020,6,Thursday,8,Sindh,Larkana,Rural Road,Average,Dusty/Smoggy,Daylight,Car/Taxi,1,Wrong Overtaking,1,0,0,0,1,0,Low
2020,3,Sunday,13,KPK,Peshawar,Urban Road,Average,Dusty/Smoggy,Dawn/Dusk,Motorcycle,1,Driver Fatigue,1,1,0,0,2,0,Medium
2023,12,Friday,15,Sindh,Thatta,Urban Road,Good,Foggy,Daylight,Bus/Coach,2,Wrong Overtaking,0,0,0,1,5,0,Medium
2018,5,Sunday,8,Punjab,Multan,National Highway,Poor,Rainy,Daylight,Motorcycle,1,Road Condition,1,1,0,0,5,0,High
2018,5,Friday,15,Balochistan,Sibi,Provincial Highway,Good,Clear,Dawn/Dusk,Bicycle,4,Drunk Driving,0,0,0,0,2,3,High
2018,7,Saturday,11,Punjab,Faisalabad,Urban Road,Good,Clear,Daylight,Motorcycle,1,Over Speeding,0,1,0,0,1,1,Medium
2023,8,Monday,11,Punjab,Faisalabad,Provincial Highway,Good,Rainy,Daylight,Motorcycle,2,Road Condition,0,0,0,0,2,0,Medium
2020,5,Thursday,11,Punjab,Sialkot,Rural Road,Good,Dusty/Smoggy,Daylight,Motorcycle,4,Drunk Driving,0,0,0,0,2,0,Medium
2020,12,Tuesday,21,Punjab,Faisalabad,Urban Road,Average,Foggy,No Light,Rickshaw,3,Weather Condition,0,0,0,1,1,0,Low
2023,8,Tuesday,12,Punjab,Faisalabad,Urban Road,Good,Rainy,Daylight,Motorcycle,4,Over Speeding,1,0,0,0,9,2,High
2022,12,Thursday,5,Punjab,Sialkot,National Highway,Average,Clear,Daylight,Motorcycle,3,Signal Violation,0,0,1,1,10,0,High
2023,1,Saturday,12,Sindh,Nawabshah,Rural Road,Good,Clear,Daylight,Car/Taxi,1,Over Speeding,1,1,0,1,2,0,Medium
2022,8,Friday,2,Punjab,Bahawalpur,National Highway,Poor,Extreme Heat,No Light,Motorcycle,3,Road Condition,0,0,1,0,2,2,High
2019,5,Monday,7,Punjab,Rahim Yar Khan,National Highway,Good,Rainy,Street Light,Car/Taxi,3,Road Condition,1,0,0,0,4,0,Medium
2020,11,Friday,19,Sindh,Karachi,National Highway,Good,Clear,Dawn/Dusk,Truck/Lorry,2,Wrong Overtaking,1,0,0,1,2,0,Medium
2018,3,Saturday,5,Punjab,Lahore,Rural Road,Average,Dusty/Smoggy,Street Light,Motorcycle,2,Over Speeding,0,1,1,0,3,1,High
2023,3,Wednesday,6,Punjab,Sargodha,Rural Road,Good,Foggy,Daylight,Car/Taxi,4,Over Speeding,0,0,0,0,1,0,Medium
2022,8,Thursday,8,Punjab,Sheikhupura,Motorway,Good,Rainy,Daylight,Car/Taxi,2,Wrong Overtaking,1,0,0,0,4,2,Medium
2020,10,Tuesday,21,Punjab,Sargodha,National Highway,Good,Rainy,Street Light,Motorcycle,2,Over Speeding,0,0,0,0,5,1,High
2021,8,Sunday,12,Punjab,Multan,Rural Road,Average,Clear,Daylight,Bus/Coach,2,Over Speeding,1,1,0,0,1,0,Low
2021,11,Sunday,17,Sindh,Dadu,Urban Road,Under Repair,Clear,Daylight,Motorcycle,2,Wrong Overtaking,1,1,0,1,2,2,Medium
2021,7,Monday,6,KPK,Mansehra,Rural Road,Good,Dusty/Smoggy,Daylight,Motorcycle,2,Pedestrian Error,0,0,0,0,1,0,Medium
2023,4,Monday,19,Sindh,Kashmore,National Highway,Good,Clear,Dawn/Dusk,Car/Taxi,3,Over Speeding,1,0,0,0,3,2,Medium
2018,4,Tuesday,16,Islamabad,Islamabad,National Highway,Good,Extreme Heat,Daylight,Rickshaw,2,Wrong Overtaking,0,0,0,0,2,0,Medium
2019,8,Tuesday,8,Sindh,Karachi,Rural Road,Poor,Clear,Daylight,Motorcycle,4,Driver Fatigue,1,0,0,0,5,0,Medium
2018,1,Monday,18,Sindh,Nawabshah,National Highway,Under Repair,Clear,Daylight,Bus/Coach,1,Signal Violation,1,0,0,1,1,1,Medium
2023,10,Monday,0,Punjab,Rahim Yar Khan,National Highway,Good,Clear,Street Light,Van/Pickup,2,Pedestrian Error,0,0,1,0,3,0,Medium
2023,5,Monday,21,KPK,Mansehra,Provincial Highway,Poor,Foggy,No Light,Motorcycle,3,Mobile Phone Use,0,0,0,0,2,1,Medium
2018,3,Tuesday,14,Punjab,Lahore,Urban Road,Poor,Clear,Daylight,Motorcycle,1,Mechanical Failure,0,0,0,0,1,0,Low
2021,3,Tuesday,11,Sindh,Thatta,Urban Road,Good,Foggy,Daylight,Motorcycle,1,Over Speeding,0,0,0,0,6,4,High
2021,6,Monday,22,Sindh,Mirpur Khas,National Highway,Average,Foggy,No Light,Car/Taxi,3,Weather Condition,0,0,1,0,5,0,Medium
2021,1,Monday,16,Sindh,Larkana,Provincial Highway,Good,Rainy,No Light,Truck/Lorry,3,Signal Violation,0,0,0,1,8,0,High
2020,12,Wednesday,18,Balochistan,Dera Bugti,Provincial Highway,Good,Foggy,Daylight,Rickshaw,2,Wrong Overtaking,1,0,0,1,0,0,Low
2022,12,Thursday,21,Islamabad,Islamabad,Provincial Highway,Average,Clear,No Light,Truck/Lorry,1,Over Speeding,0,0,0,1,4,0,Medium
2020,7,Monday,11,Punjab,Lahore,National Highway,Poor,Clear,Daylight,Motorcycle,2,Wrong Overtaking,0,0,0,0,2,2,Medium
2021,9,Wednesday,16,Punjab,Gujranwala,Urban Road,Good,Clear,Daylight,Bus/Coach,4,Mechanical Failure,0,0,0,0,2,0,Low
2019,12,Saturday,5,KPK,Peshawar,Urban Road,Good,Clear,Street Light,Bus/Coach,4,Over Speeding,0,1,1,1,5,0,Medium
2022,1,Monday,22,Sindh,Sukkur,Provincial Highway,Good,Clear,No Light,Motorcycle,1,Wrong Overtaking,0,0,1,1,4,1,Medium
2020,5,Friday,11,Sindh,Kashmore,National Highway,Good,Clear,No Light,Bus/Coach,2,Over Speeding,0,0,0,0,9,1,High
2022,2,Thursday,5,KPK,Peshawar,National Highway,Good,Clear,Dawn/Dusk,Van/Pickup,2,Wrong Overtaking,0,0,1,1,5,0,Medium
2022,12,Friday,19,Sindh,Kashmore,National Highway,Good,Clear,No Light,Motorcycle,2,Over Speeding,1,0,0,1,6,0,High
2018,9,Friday,9,AJK,Rawalakot,Rural Road,Good,Clear,Daylight,Motorcycle,1,Pedestrian Error,1,0,0,0,2,1,Low
2019,9,Tuesday,23,Sindh,Hyderabad,Provincial Highway,Good,Clear,Street Light,Rickshaw,2,Road Condition,0,0,1,0,4,1,Medium
2023,1,Monday,20,Sindh,Larkana,Provincial Highway,Average,Foggy,Street Light,Truck/Lorry,2,Wrong Overtaking,1,0,0,1,5,0,Medium
2020,12,Thursday,6,Sindh,Jacobabad,Provincial Highway,Average,Clear,Daylight,Car/Taxi,1,Mobile Phone Use,0,0,0,1,2,0,Low
2023,12,Sunday,10,KPK,Peshawar,National Highway,Good,Clear,Street Light,Motorcycle,2,Mechanical Failure,0,1,0,1,5,0,Medium
2022,10,Sunday,7,Sindh,Jacobabad,Rural Road,Average,Foggy,Daylight,Motorcycle,2,Mechanical Failure,1,1,0,0,5,0,Medium
2020,6,Friday,8,Sindh,Nawabshah,Urban Road,Good,Foggy,Daylight,Car/Taxi,2,Drunk Driving,1,0,0,0,0,0,Low
2019,5,Sunday,16,AJK,Muzaffarabad,Motorway,Average,Dusty/Smoggy,Daylight,Van/Pickup,1,Signal Violation,0,1,0,0,4,1,Medium
2022,11,Monday,7,Sindh,Jacobabad,Provincial Highway,Good,Clear,Daylight,Motorcycle,2,Over Speeding,1,0,0,1,4,2,Medium
2023,1,Saturday,9,Punjab,Rahim Yar Khan,Urban Road,Good,Rainy,Daylight,Motorcycle,2,Wrong Overtaking,1,1,0,1,7,0,High
2023,6,Thursday,17,KPK,Dera Ismail Khan,Rural Road,Under Repair,Clear,Daylight,Motorcycle,3,Pedestrian Error,1,0,0,0,0,0,Low
2021,7,Friday,7,Sindh,Mirpur Khas,Rural Road,Poor,Rainy,Daylight,Van/Pickup,2,Over Speeding,1,0,0,0,1,0,Low
2022,2,Monday,18,Punjab,Faisalabad,Provincial Highway,Poor,Extreme Heat,Daylight,Rickshaw,2,Road Condition,1,0,0,1,0,0,Low
2023,3,Thursday,14,Sindh,Karachi,Provincial Highway,Average,Clear,Daylight,Motorcycle,2,Over Speeding,0,0,0,0,2,0,High
2020,6,Wednesday,19,KPK,Mardan,National Highway,Average,Clear,Dawn/Dusk,Car/Taxi,2,Drunk Driving,1,0,0,0,1,0,Medium
2019,7,Saturday,13,Sindh,Dadu,Urban Road,Average,Clear,Daylight,Car/Taxi,2,Drunk Driving,1,1,0,0,2,2,Medium
2018,11,Monday,20,KPK,Mardan,Urban Road,Average,Foggy,Street Light,Car/Taxi,2,Mechanical Failure,1,0,0,1,2,0,Low
2020,2,Monday,7,Sindh,Mirpur Khas,National Highway,Good,Clear,Daylight,Motorcycle,1,Driver Fatigue,1,0,0,1,4,1,High
2022,9,Saturday,12,AJK,Mirpur,Provincial Highway,Average,Clear,Daylight,Other,2,Mechanical Failure,1,1,0,0,2,0,Low
2022,10,Sunday,12,Punjab,Sheikhupura,Urban Road,Average,Rainy,Daylight,Motorcycle,3,Road Condition,1,1,0,0,1,1,Low
2023,12,Saturday,10,Punjab,Multan,Rural Road,Good,Clear,Street Light,Motorcycle,1,Signal Violation,0,1,0,1,3,1,Medium
2019,10,Tuesday,22,Sindh,Kashmore,National Highway,Poor,Rainy,Street Light,Car/Taxi,2,Over Speeding,0,0,1,0,6,2,High
2018,11,Friday,15,Sindh,Jacobabad,National Highway,Poor,Clear,Daylight,Rickshaw,3,Mobile Phone Use,0,0,0,1,2,1,Medium
2020,11,Thursday,15,Punjab,Sheikhupura,Provincial Highway,Average,Rainy,Dawn/Dusk,Motorcycle,2,Wrong Overtaking,0,0,0,1,11,0,High
2022,12,Tuesday,15,Punjab,Sargodha,National Highway,Good,Clear,No Light,Rickshaw,1,Road Condition,0,0,0,1,5,0,Medium
2022,10,Friday,12,KPK,Peshawar,Provincial Highway,Good,Clear,Daylight,Motorcycle,2,Pedestrian Error,1,0,0,0,4,1,Medium
2019,6,Saturday,11,Punjab,Sialkot,National Highway,Average,Extreme Heat,Daylight,Rickshaw,1,Road Condition,0,1,0,0,2,0,Low
2018,3,Saturday,5,Sindh,Hyderabad,National Highway,Good,Clear,Dawn/Dusk,Motorcycle,1,Over Speeding,0,1,1,0,5,1,High
2023,12,Thursday,22,KPK,Nowshera,National Highway,Under Repair,Clear,No Light,Car/Taxi,4,Road Condition,0,0,1,1,4,1,Medium
2019,12,Friday,6,KPK,Bannu,National Highway,Good,Clear,Daylight,Motorcycle,3,Over Speeding,0,0,0,1,7,0,High
2020,5,Sunday,6,Punjab,Sargodha,Urban Road,Good,Clear,Dawn/Dusk,Motorcycle,1,Wrong Overtaking,0,1,0,0,0,0,Low
2021,3,Sunday,7,Sindh,Thatta,Provincial Highway,Good,Clear,Daylight,Motorcycle,3,Signal Violation,1,1,0,0,6,1,High
2021,1,Saturday,0,Sindh,Hyderabad,Rural Road,Average,Clear,No Light,Rickshaw,1,Signal Violation,0,1,1,1,1,0,Low
2020,12,Friday,8,Balochistan,Dera Bugti,National Highway,Poor,Dusty/Smoggy,No Light,Bus/Coach,3,Drunk Driving,1,0,0,1,8,0,High
2022,12,Monday,14,Balochistan,Hub,National Highway,Poor,Rainy,Street Light,Rickshaw,1,Over Speeding,0,0,0,1,5,2,High
2019,9,Saturday,4,Punjab,Rahim Yar Khan,National Highway,Poor,Extreme Heat,Street Light,Car/Taxi,2,Mechanical Failure,0,1,1,0,2,1,Medium
2022,6,Sunday,11,Punjab,Lahore,Motorway,Poor,Foggy,Daylight,Truck/Lorry,2,Wrong Overtaking,0,1,0,0,11,3,High
2023,7,Sunday,23,Punjab,Rawalpindi,National Highway,Under Repair,Clear,No Light,Motorcycle,4,Wrong Overtaking,0,1,1,0,10,0,High
2019,2,Tuesday,20,Punjab,Lahore,Provincial Highway,Average,Clear,No Light,Motorcycle,2,Mechanical Failure,1,0,0,1,2,0,Low
2022,6,Monday,16,Sindh,Hyderabad,Rural Road,Poor,Dusty/Smoggy,Daylight,Motorcycle,2,Mobile Phone Use,0,0,0,0,1,1,Low
2018,2,Sunday,1,Sindh,Larkana,National Highway,Good,Foggy,No Light,Truck/Lorry,2,Signal Violation,0,1,1,1,4,1,High
2022,7,Monday,8,Punjab,Sialkot,National Highway,Poor,Rainy,Street Light,Truck/Lorry,1,Signal Violation,1,0,0,0,8,1,High
2022,8,Tuesday,17,KPK,Peshawar,Provincial Highway,Good,Foggy,Daylight,Motorcycle,3,Over Speeding,1,0,0,0,9,4,High
2023,1,Tuesday,13,Islamabad,Islamabad,National Highway,Under Repair,Clear,Daylight,Rickshaw,2,Signal Violation,1,0,0,1,5,0,Medium
2019,2,Wednesday,8,Sindh,Dadu,Urban Road,Average,Foggy,Daylight,Car/Taxi,2,Over Speeding,1,0,0,1,5,2,Medium
2023,6,Wednesday,10,Punjab,Lahore,Urban Road,Under Repair,Foggy,Daylight,Motorcycle,2,Wrong Overtaking,0,0,0,0,3,1,Medium
2021,11,Wednesday,9,Sindh,Thatta,National Highway,Average,Clear,Street Light,Motorcycle,2,Mechanical Failure,1,0,0,1,3,0,Medium
2021,3,Saturday,13,Sindh,Karachi,Provincial Highway,Under Repair,Foggy,Daylight,Rickshaw,2,Mobile Phone Use,1,1,0,0,1,0,Low
2023,11,Monday,9,Balochistan,Quetta,National Highway,Good,Extreme Heat,Street Light,Bus/Coach,4,Wrong Overtaking,1,0,0,1,5,0,Medium
2022,10,Thursday,8,Punjab,Bahawalpur,Provincial Highway,Under Repair,Extreme Heat,No Light,Motorcycle,2,Driver Fatigue,1,0,0,0,4,1,High
2023,3,Sunday,22,Sindh,Hyderabad,Rural Road,Average,Foggy,No Light,Motorcycle,2,Pedestrian Error,0,1,1,0,3,1,Medium
2022,2,Saturday,13,Sindh,Karachi,National Highway,Under Repair,Clear,Daylight,Motorcycle,4,Signal Violation,1,1,0,1,1,1,Medium
2021,3,Monday,13,Sindh,Jacobabad,National Highway,Poor,Clear,Daylight,Motorcycle,1,Over Speeding,1,0,0,0,8,0,High
2023,7,Wednesday,18,KPK,Peshawar,Urban Road,Under Repair,Rainy,Daylight,Van/Pickup,2,Wrong Overtaking,1,0,0,0,5,0,Medium
2018,6,Wednesday,3,Punjab,Multan,National Highway,Good,Extreme Heat,Street Light,Car/Taxi,2,Road Condition,0,0,1,0,3,1,Medium
2022,6,Friday,7,Sindh,Kashmore,Rural Road,Average,Foggy,Daylight,Motorcycle,1,Wrong Overtaking,1,0,0,0,1,1,Medium
2023,4,Monday,10,Punjab,Rahim Yar Khan,Provincial Highway,Average,Clear,Daylight,Truck/Lorry,1,Pedestrian Error,0,0,0,0,0,0,Low
2019,7,Monday,8,Punjab,Sheikhupura,National Highway,Under Repair,Extreme Heat,Street Light,Car/Taxi,3,Wrong Overtaking,1,0,0,0,1,0,Medium
2021,2,Friday,7,KPK,Dera Ismail Khan,Rural Road,Good,Clear,Daylight,Car/Taxi,1,Wrong Overtaking,1,0,0,1,2,0,Low
2022,5,Tuesday,10,Punjab,Rawalpindi,Urban Road,Average,Clear,Daylight,Rickshaw,3,Mobile Phone Use,0,0,0,0,1,0,Low
2020,5,Saturday,19,Punjab,Sialkot,Rural Road,Good,Clear,No Light,Motorcycle,3,Road Condition,1,1,0,0,2,0,Low
2020,4,Sunday,16,KPK,Dera Ismail Khan,Provincial Highway,Average,Clear,Daylight,Car/Taxi,3,Over Speeding,0,1,0,0,2,1,Medium
2019,3,Saturday,21,Sindh,Dadu,Motorway,Poor,Foggy,No Light,Motorcycle,1,Mechanical Failure,0,1,0,0,4,4,High
2021,11,Sunday,6,Punjab,Multan,Motorway,Good,Foggy,Daylight,Motorcycle,1,Drunk Driving,0,1,0,1,11,0,High
2019,1,Tuesday,17,Sindh,Sukkur,Urban Road,Average,Rainy,Daylight,Motorcycle,2,Pedestrian Error,1,0,0,1,1,0,Medium
2021,8,Saturday,14,Punjab,Gujranwala,Urban Road,Poor,Foggy,Daylight,Car/Taxi,1,Over Speeding,0,1,0,0,4,2,Medium
2019,7,Monday,13,Punjab,Sargodha,Provincial Highway,Average,Dusty/Smoggy,Daylight,Car/Taxi,1,Drunk Driving,1,0,0,0,4,1,Medium
2023,4,Wednesday,9,Sindh,Mirpur Khas,National Highway,Good,Rainy,Street Light,Car/Taxi,2,Over Speeding,1,0,0,0,5,0,Medium
2018,7,Sunday,23,Punjab,Multan,Provincial Highway,Average,Clear,Street Light,Car/Taxi,3,Pedestrian Error,0,1,1,0,4,1,Medium
2019,5,Thursday,11,Gilgit-Baltistan,Gilgit,National Highway,Good,Clear,Daylight,Car/Taxi,1,Signal Violation,0,0,0,0,3,0,Medium
2022,3,Monday,16,Punjab,Sialkot,National Highway,Average,Clear,Daylight,Car/Taxi,2,Pedestrian Error,0,0,0,0,2,0,Medium
2022,4,Tuesday,14,KPK,Swat,Provincial Highway,Good,Clear,Daylight,Van/Pickup,1,Signal Violation,0,0,0,0,2,0,Low
2023,6,Saturday,6,KPK,Mansehra,Rural Road,Poor,Clear,Daylight,Car/Taxi,2,Mobile Phone Use,0,1,0,0,1,0,Low
2022,3,Friday,18,Gilgit-Baltistan,Skardu,Rural Road,Good,Clear,Street Light,Car/Taxi,2,Over Speeding,1,0,0,0,1,2,Medium
2020,11,Tuesday,17,Sindh,Larkana,National Highway,Average,Rainy,Dawn/Dusk,Motorcycle,2,Wrong Overtaking,1,0,0,1,2,1,High
2021,12,Sunday,20,Balochistan,Chaman,Motorway,Average,Clear,No Light,Motorcycle,2,Signal Violation,1,1,0,1,4,0,Medium
2023,12,Monday,11,Islamabad,Islamabad,Rural Road,Good,Foggy,Dawn/Dusk,Motorcycle,1,Pedestrian Error,0,0,0,1,1,0,Medium
2023,5,Thursday,20,Punjab,Multan,National Highway,Good,Foggy,No Light,Truck/Lorry,2,Over Speeding,1,0,0,0,5,3,High
2018,11,Sunday,11,Sindh,Mirpur Khas,National Highway,Under Repair,Clear,Daylight,Bus/Coach,2,Mechanical Failure,0,1,0,1,2,0,Low
2018,6,Friday,19,Punjab,Gujranwala,Provincial Highway,Good,Clear,Street Light,Motorcycle,1,Over Speeding,1,0,0,0,10,2,High
2023,5,Wednesday,18,Sindh,Hyderabad,National Highway,Good,Clear,Daylight,Rickshaw,2,Wrong Overtaking,1,0,0,0,1,0,Medium
2020,2,Friday,14,Sindh,Thatta,National Highway,Poor,Clear,Street Light,Van/Pickup,2,Signal Violation,0,0,0,1,5,1,Medium
2018,1,Friday,10,Punjab,Bahawalpur,Provincial Highway,Good,Foggy,Daylight,Motorcycle,3,Road Condition,0,0,0,1,4,0,High
2023,6,Sunday,20,KPK,Dera Ismail Khan,Urban Road,Poor,Clear,Street Light,Motorcycle,1,Over Speeding,1,1,0,0,2,0,Medium
2020,7,Sunday,17,Punjab,Bahawalpur,Urban Road,Good,Foggy,Daylight,Other,2,Over Speeding,1,1,0,0,2,0,Low
2021,11,Wednesday,12,KPK,Peshawar,Rural Road,Good,Dusty/Smoggy,Daylight,Motorcycle,1,Mechanical Failure,1,0,0,1,2,1,Low
2019,10,Friday,6,Punjab,Sargodha,Provincial Highway,Average,Clear,Daylight,Car/Taxi,1,Over Speeding,0,0,0,0,4,0,Medium
2023,6,Saturday,15,Sindh,Sukkur,Urban Road,Poor,Clear,Daylight,Motorcycle,3,Wrong Overtaking,0,1,0,0,4,0,Medium
2021,6,Monday,22,Punjab,Lahore,Provincial Highway,Good,Clear,Street Light,Car/Taxi,2,Wrong Overtaking,0,0,1,0,1,1,Low
2019,11,Friday,13,Punjab,Gujranwala,Urban Road,Good,Foggy,Daylight,Bicycle,1,Signal Violation,1,0,0,1,10,1,High
2020,1,Monday,17,KPK,Swat,Urban Road,Good,Foggy,Dawn/Dusk,Motorcycle,2,Over Speeding,1,0,0,1,3,1,High
2018,1,Saturday,15,Punjab,Sargodha,National Highway,Average,Clear,Dawn/Dusk,Car/Taxi,2,Wrong Overtaking,0,1,0,1,5,1,Medium
2022,5,Tuesday,11,Sindh,Karachi,Urban Road,Average,Clear,Daylight,Motorcycle,4,Over Speeding,0,0,0,0,5,0,Medium
2018,5,Wednesday,18,Balochistan,Quetta,National Highway,Good,Clear,Daylight,Bus/Coach,2,Signal Violation,1,0,0,0,2,3,High
2022,1,Wednesday,13,Punjab,Bahawalpur,National Highway,Good,Clear,Street Light,Rickshaw,1,Mechanical Failure,1,0,0,1,2,0,Low
2023,8,Sunday,11,KPK,Swat,National Highway,Average,Clear,Street Light,Motorcycle,2,Road Condition,0,1,0,0,5,0,Medium
2022,11,Saturday,10,Punjab,Sheikhupura,Urban Road,Good,Clear,Daylight,Car/Taxi,3,Wrong Overtaking,0,1,0,1,0,0,Low
2022,11,Friday,12,Punjab,Rahim Yar Khan,National Highway,Good,Rainy,Daylight,Rickshaw,2,Driver Fatigue,1,0,0,1,7,0,High
2021,7,Saturday,10,Punjab,Rahim Yar Khan,Provincial Highway,Average,Extreme Heat,Daylight,Car/Taxi,1,Over Speeding,0,1,0,0,2,0,Medium
2019,4,Saturday,19,Gilgit-Baltistan,Gilgit,Urban Road,Under Repair,Clear,Dawn/Dusk,Motorcycle,2,Pedestrian Error,1,1,0,0,1,0,Low
2023,7,Thursday,20,Punjab,Sialkot,Motorway,Good,Rainy,Street Light,Motorcycle,2,Wrong Overtaking,1,0,0,0,8,4,High
2023,12,Tuesday,9,Balochistan,Turbat,Urban Road,Average,Clear,Daylight,Motorcycle,2,Drunk Driving,1,0,0,1,3,0,Medium
2021,12,Thursday,13,Gilgit-Baltistan,Skardu,Urban Road,Good,Clear,Daylight,Motorcycle,2,Wrong Overtaking,1,0,0,1,0,0,Low
2019,1,Friday,16,Punjab,Rawalpindi,Provincial Highway,Good,Clear,Daylight,Motorcycle,1,Over Speeding,0,0,0,1,6,0,High
2022,4,Monday,12,Sindh,Jacobabad,Provincial Highway,Good,Clear,Daylight,Van/Pickup,2,Over Speeding,1,0,0,0,0,0,Low
2023,9,Sunday,18,KPK,Nowshera,National Highway,Average,Rainy,Daylight,Car/Taxi,2,Wrong Overtaking,1,1,0,0,11,2,High
2020,1,Saturday,15,Punjab,Sialkot,Provincial Highway,Average,Rainy,Daylight,Rickshaw,3,Over Speeding,0,1,0,1,5,0,Medium
2022,4,Tuesday,21,Punjab,Multan,National Highway,Average,Clear,No Light,Motorcycle,1,Over Speeding,0,0,0,0,8,2,High
2019,1,Saturday,11,Sindh,Kashmore,Provincial Highway,Average,Foggy,Daylight,Motorcycle,1,Wrong Overtaking,0,1,0,1,3,3,High
2023,6,Thursday,13,KPK,Swat,Urban Road,Average,Clear,Daylight,Bus/Coach,1,Wrong Overtaking,1,0,0,0,1,0,Low
2018,11,Saturday,12,KPK,Charsadda,Urban Road,Under Repair,Foggy,Daylight,Car/Taxi,2,Wrong Overtaking,1,1,0,1,2,0,Low
2020,1,Wednesday,6,Punjab,Sheikhupura,Urban Road,Average,Foggy,Daylight,Truck/Lorry,2,Over Speeding,0,0,0,1,4,0,Medium
2021,1,Saturday,20,Punjab,Bahawalpur,Provincial Highway,Average,Clear,No Light,Rickshaw,1,Pedestrian Error,1,1,0,1,1,0,Low
2020,7,Sunday,11,Islamabad,Islamabad,Rural Road,Average,Dusty/Smoggy,Daylight,Rickshaw,2,Wrong Overtaking,0,1,0,0,1,0,Low
2021,2,Monday,14,Punjab,Bahawalpur,Motorway,Good,Clear,Dawn/Dusk,Car/Taxi,4,Over Speeding,0,0,0,1,2,0,Medium
2019,8,Thursday,8,KPK,Kohat,Motorway,Average,Clear,Dawn/Dusk,Rickshaw,2,Over Speeding,1,0,0,0,4,0,Medium
2018,5,Saturday,19,Punjab,Faisalabad,National Highway,Poor,Rainy,Dawn/Dusk,Car/Taxi,2,Over Speeding,1,1,0,0,4,2,High
2020,5,Sunday,19,KPK,Dera Ismail Khan,National Highway,Good,Clear,Dawn/Dusk,Car/Taxi,2,Over Speeding,1,1,0,0,1,0,Medium
2021,2,Tuesday,13,Balochistan,Turbat,Provincial Highway,Poor,Foggy,Daylight,Car/Taxi,4,Over Speeding,1,0,0,1,6,3,High
2021,12,Thursday,18,Punjab,Faisalabad,Urban Road,Good,Rainy,Daylight,Bus/Coach,2,Over Speeding,1,0,0,1,1,0,Medium
2023,6,Monday,12,Punjab,Sialkot,Urban Road,Average,Clear,Daylight,Truck/Lorry,2,Driver Fatigue,1,0,0,0,4,0,Medium
2021,2,Sunday,5,Sindh,Kashmore,Rural Road,Good,Clear,Dawn/Dusk,Car/Taxi,2,Over Speeding,0,1,1,1,3,0,Medium
2018,1,Monday,12,Punjab,Gujranwala,Provincial Highway,Good,Clear,Daylight,Van/Pickup,3,Mechanical Failure,1,0,0,1,1,1,Low
2022,5,Saturday,6,Punjab,Multan,National Highway,Average,Clear,Dawn/Dusk,Car/Taxi,2,Pedestrian Error,0,1,0,0,1,0,Low
2020,12,Sunday,12,KPK,Swat,National Highway,Average,Clear,Street Light,Bicycle,2,Signal Violation,1,1,0,1,2,2,High
2020,10,Tuesday,21,Punjab,Bahawalpur,Provincial Highway,Good,Foggy,No Light,Van/Pickup,1,Over Speeding,0,0,0,0,10,2,High
2023,7,Friday,4,Punjab,Rahim Yar Khan,Motorway,Good,Foggy,Street Light,Bus/Coach,2,Over Speeding,0,0,1,0,10,2,High
2018,12,Thursday,23,KPK,Mardan,Urban Road,Good,Foggy,Street Light,Motorcycle,2,Drunk Driving,0,0,1,1,2,1,High
2018,1,Sunday,6,Sindh,Mirpur Khas,National Highway,Poor,Rainy,Dawn/Dusk,Car/Taxi,4,Mechanical Failure,0,1,0,1,1,2,Medium
2022,10,Monday,11,Punjab,Sargodha,National Highway,Poor,Rainy,Daylight,Truck/Lorry,2,Weather Condition,0,0,0,0,3,0,Medium
2023,9,Monday,16,KPK,Nowshera,Urban Road,Poor,Clear,No Light,Truck/Lorry,1,Driver Fatigue,0,0,0,0,3,1,Medium
2022,2,Friday,13,KPK,Charsadda,Urban Road,Poor,Clear,Daylight,Motorcycle,3,Over Speeding,1,0,0,1,2,0,Medium
2020,2,Monday,18,Sindh,Sukkur,Urban Road,Good,Clear,Daylight,Motorcycle,2,Wrong Overtaking,1,0,0,1,4,2,Medium
2018,9,Friday,19,Punjab,Faisalabad,Urban Road,Good,Clear,Daylight,Car/Taxi,3,Signal Violation,1,0,0,0,0,0,Low