year,month,day_of_week,hour_of_day,province,district,road_type,road_condition,weather_condition,lighting_condition,vehicle_type,vehicles_involved,accident_cause,is_rush_hour,is_weekend,is_night,is_foggy_month,num_injured,num_killed,severity
2022,3,Wednesday,17,Punjab,Bahawalpur,National Highway,Good,Rainy,Daylight,Car/Taxi,3,Mechanical Failure,1,0,0,0,2,0,Low
2019,3,Thursday,9,KPK,Bannu,Provincial Highway,Good,Rainy,No Light,Motorcycle,2,Road Condition,1,0,0,0,11,1,High
2018,4,Monday,21,KPK,Peshawar,Urban Road,Good,Clear,No Light,Bus/Coach,2,Mechanical Failure,0,0,0,0,0,1,Low
2023,1,Sunday,13,KPK,Bannu,National Highway,Good,Rainy,Daylight,Car/Taxi,1,Driver Fatigue,1,1,0,1,4,0,High
2020,5,Saturday,2,Punjab,Bahawalpur,Rural Road,Average,Clear,Street Light,Car/Taxi,1,Road Condition,0,1,1,0,2,1,Low
2021,12,Monday,18,Sindh,Jacobabad,Urban Road,Poor,Clear,Daylight,Car/Taxi,3,Wrong Overtaking,1,0,0,1,2,0,Low
2022,1,Wednesday,16,KPK,Charsadda,Rural Road,Good,Extreme Heat,Street Light,Van/Pickup,1,Over Speeding,0,0,0,1,1,0,Low
2021,12,Tuesday,12,Punjab,Rawalpindi,National Highway,Average,Clear,Daylight,Bus/Coach,1,Mechanical Failure,1,0,0,1,1,0,Low
2023,3,Wednesday,18,Punjab,Faisalabad,Provincial Highway,Under Repair,Rainy,No Light,Other,2,Wrong Overtaking,1,0,0,0,1,0,Medium
2021,12,Monday,0,Sindh,Larkana,Rural Road,Average,Clear,No Light,Motorcycle,4,Wrong Overtaking,0,0,1,1,3,1,Medium
2023,7,Tuesday,14,KPK,Nowshera,Urban Road,Poor,Dusty/Smoggy,Daylight,Bus/Coach,3,Road Condition,0,0,0,0,2,1,Low
2019,7,Friday,13,Punjab,Faisalabad,Urban Road,Average,Rainy,Dawn/Dusk,Car/Taxi,1,Signal Violation,1,0,0,0,5,2,Medium
2021,12,Thursday,4,Sindh,Jacobabad,National Highway,Good,Rainy,Street Light,Car/Taxi,3,Road Condition,0,0,1,1,4,0,Medium
2021,8,Thursday,17,Sindh,Jacobabad,Provincial Highway,Poor,Clear,Daylight,Rickshaw,1,Signal Violation,1,0,0,0,2,0,Low
2023,11,Sunday,18,Sindh,Kashmore,Provincial Highway,Poor,Extreme Heat,Daylight,Car/Taxi,2,Signal Violation,1,1,0,1,2,0,Medium
2023,4,Wednesday,16,Sindh,Dadu,National Highway,Good,Clear,Daylight,Motorcycle,1,Pedestrian Error,0,0,0,0,5,0,Medium
2021,11,Thursday,8,Sindh,Sukkur,National Highway,Average,Clear,Daylight,Motorcycle,1,Wrong Overtaking,1,0,0,1,1,0,Medium
2020,2,Thursday,13,Punjab,Sheikhupura,Rural Road,Average,Clear,Street Light,Motorcycle,2,Over Speeding,1,0,0,1,3,3,High
2023,1,Tuesday,8,Punjab,Sargodha,Motorway,Average,Clear,Daylight,Car/Taxi,2,Signal Violation,1,0,0,1,2,0,Medium
2020,2,Wednesday,17,Sindh,Thatta,Provincial Highway,Poor,Clear,Daylight,Motorcycle,2,Pedestrian Error,1,0,0,1,1,0,Medium
2022,11,Monday,3,Punjab,Rawalpindi,National Highway,Good,Clear,No Light,Truck/Lorry,3,Wrong Overtaking,0,0,1,1,7,2,High
2021,3,Wednesday,20,Sindh,Mirpur Khas,Rural Road,Under Repair,Clear,No Light,Motorcycle,3,Mobile Phone Use,1,0,0,0,1,0,Low
2023,7,Wednesday,16,KPK,Nowshera,National Highway,Average,Clear,Daylight,Motorcycle,2,Road Condition,0,0,0,0,4,0,Medium
2019,12,Monday,11,Punjab,Bahawalpur,Provincial Highway,Good,Clear,Daylight,Motorcycle,3,Mechanical Failure,0,0,0,1,0,0,Low
2022,11,Sunday,12,Sindh,Nawabshah,National Highway,Average,Clear,Street Light,Motorcycle,2,Mechanical Failure,1,1,0,1,4,1,Medium
2018,8,Monday,4,Sindh,Nawabshah,National Highway,Poor,Clear,Street Light,Motorcycle,3,Road Condition,0,0,1,0,4,0,Medium
2020,8,Wednesday,7,Punjab,Gujranwala,Urban Road,Poor,Rainy,Dawn/Dusk,Car/Taxi,2,Driver Fatigue,1,0,0,0,0,0,Low
2019,4,Thursday,15,Sindh,Larkana,National Highway,Poor,Foggy,Daylight,Bus/Coach,2,Wrong Overtaking,0,0,0,0,4,0,High
2019,6,Friday,13,Balochistan,Loralai,Provincial Highway,Poor,Clear,Street Light,Motorcycle,1,Over Speeding,1,0,0,0,3,0,High
2020,6,Thursday,5,Sindh,Kashmore,National Highway,Poor,Clear,Street Light,Car/Taxi,1,Wrong Overtaking,0,0,1,0,8,0,High
2019,11,Saturday,3,Sindh,Mirpur Khas,Provincial Highway,Good,Clear,No Light,Motorcycle,2,Road Condition,0,1,1,1,4,1,Medium
2020,3,Friday,14,Punjab,Bahawalpur,Provincial Highway,Average,Dusty/Smoggy,Daylight,Motorcycle,2,Over Speeding,0,0,0,0,11,2,High
2022,7,Saturday,9,Punjab,Lahore,Rural Road,Poor,Clear,Daylight,Car/Taxi,2,Driver Fatigue,1,1,0,0,1,0,Medium
2020,4,Thursday,17,Punjab,Bahawalpur,Provincial Highway,Poor,Clear,Street Light,Motorcycle,3,Signal Violation,1,0,0,0,9,1,High
2022,3,Wednesday,20,KPK,Kohat,National Highway,Poor,Foggy,No Light,Car/Taxi,1,Road Condition,1,0,0,0,1,0,Low
2023,1,Sunday,7,Punjab,Multan,Urban Road,Good,Clear,Dawn/Dusk,Motorcycle,2,Over Speeding,1,1,0,1,3,0,Medium
2023,12,Saturday,21,Punjab,Sialkot,National Highway,Average,Foggy,No Light,Truck/Lorry,1,Drunk Driving,0,1,0,1,2,1,High
2021,3,Friday,18,KPK,Nowshera,Provincial Highway,Under Repair,Rainy,Daylight,Motorcycle,2,Signal Violation,1,0,0,0,5,0,Medium
2019,4,Saturday,23,Punjab,Rawalpindi,National Highway,Average,Rainy,Street Light,Bus/Coach,3,Wrong Overtaking,0,1,1,0,8,0,High
2023,11,Thursday,6,Punjab,Multan,National Highway,Average,Rainy,Street Light,Truck/Lorry,2,Over Speeding,0,0,0,1,11,0,High
2019,4,Wednesday,19,Sindh,Jacobabad,Rural Road,Average,Clear,No Light,Rickshaw,2,Wrong Overtaking,1,0,0,0,1,0,Low
2020,1,Friday,17,Punjab,Sargodha,Provincial Highway,Average,Foggy,Dawn/Dusk,Car/Taxi,1,Signal Violation,1,0,0,1,5,0,Medium
2021,3,Friday,12,Sindh,Sukkur,Rural Road,Poor,Foggy,Daylight,Motorcycle,1,Wrong Overtaking,1,0,0,0,5,2,Medium
2019,1,Wednesday,7,Punjab,Sheikhupura,Provincial Highway,Poor,Dusty/Smoggy,Daylight,Other,3,Over Speeding,1,0,0,1,2,1,Medium
2023,1,Friday,23,Punjab,Rawalpindi,Provincial Highway,Good,Rainy,Street Light,Truck/Lorry,3,Wrong Overtaking,0,0,1,1,8,3,High
2018,11,Saturday,17,Balochistan,Chaman,Provincial Highway,Good,Foggy,Daylight,Rickshaw,1,Wrong Overtaking,1,1,0,1,5,1,Medium
2022,6,Sunday,18,Balochistan,Chaman,Rural Road,Good,Foggy,Dawn/Dusk,Car/Taxi,2,Mobile Phone Use,1,1,0,0,1,0,Low
2023,12,Saturday,5,KPK,Abbottabad,National Highway,Average,Clear,Street Light,Truck/Lorry,1,Wrong Overtaking,0,1,1,1,11,2,High
2018,6,Thursday,3,Balochistan,Loralai,Motorway,Poor,Foggy,Street Light,Rickshaw,1,Signal Violation,0,0,1,0,4,0,High
2023,11,Wednesday,21,Sindh,Sukkur,Provincial Highway,Good,Clear,Street Light,Motorcycle,2,Driver Fatigue,0,0,0,1,1,0,Medium
2021,7,Saturday,21,Sindh,Hyderabad,Provincial Highway,Under Repair,Foggy,No Light,Motorcycle,2,Driver Fatigue,0,1,0,0,4,2,High
2019,1,Friday,19,Sindh,Jacobabad,Motorway,Average,Clear,No Light,Motorcycle,3,Signal Violation,1,0,0,1,3,0,High
2020,8,Thursday,18,KPK,Charsadda,Provincial Highway,Poor,Clear,Daylight,Van/Pickup,1,Over Speeding,1,0,0,0,1,0,Medium
2022,8,Friday,12,Sindh,Dadu,Provincial Highway,Good,Rainy,Daylight,Rickshaw,3,Over Speeding,1,0,0,0,4,1,Medium
2020,2,Tuesday,15,Punjab,Lahore,National Highway,Good,Clear,Daylight,Car/Taxi,2,Over Speeding,0,0,0,1,3,0,High
2020,9,Saturday,14,KPK,Bannu,Rural Road,Average,Clear,Daylight,Car/Taxi,1,Wrong Overtaking,0,1,0,0,1,0,Low
2023,11,Monday,11,KPK,Mardan,Motorway,Average,Clear,Daylight,Bus/Coach,3,Driver Fatigue,0,0,0,1,5,2,High
2023,1,Saturday,12,KPK,Abbottabad,National Highway,Under Repair,Clear,Daylight,Motorcycle,1,Drunk Driving,1,1,0,1,7,1,High
2018,12,Wednesday,15,Punjab,Bahawalpur,Rural Road,Average,Rainy,Dawn/Dusk,Motorcycle,1,Over Speeding,0,0,0,1,4,1,Medium
2018,7,Friday,4,Punjab,Faisalabad,National Highway,Average,Clear,No Light,Bus/Coach,2,Wrong Overtaking,0,0,1,0,1,1,Medium
2020,7,Friday,12,Punjab,Sargodha,Urban Road,Good,Clear,Daylight,Motorcycle,2,Road Condition,1,0,0,0,1,0,Medium
2023,12,Saturday,11,Sindh,Thatta,Urban Road,Average,Clear,Daylight,Van/Pickup,1,Signal Violation,0,1,0,1,2,0,Low
2023,12,Thursday,14,Punjab,Rahim Yar Khan,National Highway,Good,Clear,Dawn/Dusk,Rickshaw,1,Over Speeding,0,0,0,1,5,1,Medium
2020,10,Friday,20,Punjab,Gujranwala,National Highway,Poor,Foggy,No Light,Motorcycle,1,Signal Violation,1,0,0,0,2,2,High
2021,6,Tuesday,16,Punjab,Rawalpindi,National Highway,Poor,Clear,Dawn/Dusk,Car/Taxi,2,Signal Violation,0,0,0,0,2,0,Medium
2018,7,Tuesday,8,Punjab,Sheikhupura,Rural Road,Good,Clear,Daylight,Truck/Lorry,1,Pedestrian Error,1,0,0,0,2,0,Low
2023,6,Sunday,17,KPK,Charsadda,Provincial Highway,Poor,Clear,Daylight,Motorcycle,2,Signal Violation,1,1,0,0,6,3,High
2018,3,Friday,7,Balochistan,Khuzdar,Rural Road,Good,Clear,Daylight,Motorcycle,1,Wrong Overtaking,1,0,0,0,5,0,Medium
2021,11,Sunday,13,Punjab,Bahawalpur,Rural Road,Average,Clear,Street Light,Motorcycle,2,Mechanical Failure,1,1,0,1,2,0,Low
2020,9,Wednesday,14,Sindh,Sukkur,Urban Road,Average,Clear,Daylight,Car/Taxi,2,Over Speeding,0,0,0,0,0,1,Low
2023,5,Sunday,12,Punjab,Sialkot,Rural Road,Good,Clear,Daylight,Motorcycle,3,Signal Violation,1,1,0,0,3,0,Medium
2021,5,Wednesday,14,Punjab,Lahore,National Highway,Good,Rainy,Daylight,Rickshaw,2,Over Speeding,0,0,0,0,3,1,High
2022,11,Saturday,16,KPK,Swat,National Highway,Good,Clear,Daylight,Motorcycle,3,Driver Fatigue,0,1,0,1,10,3,High
2018,5,Saturday,17,KPK,Charsadda,Provincial Highway,Average,Clear,Street Light,Car/Taxi,1,Road Condition,1,1,0,0,0,0,Low
2020,1,Saturday,2,KPK,Mansehra,Rural Road,Good,Clear,Street Light,Motorcycle,1,Pedestrian Error,0,1,1,1,2,0,Medium
2021,5,Tuesday,10,Sindh,Mirpur Khas,Provincial Highway,Poor,Rainy,Street Light,Rickshaw,2,Mechanical Failure,0,0,0,0,5,0,Medium
2018,6,Sunday,22,Balochistan,Zhob,Provincial Highway,Poor,Clear,Street Light,Motorcycle,2,Over Speeding,0,1,1,0,7,3,High
2018,8,Monday,3,Punjab,Sargodha,Urban Road,Good,Clear,No Light,Truck/Lorry,2,Pedestrian Error,0,0,1,0,4,0,Medium
2023,1,Sunday,18,Punjab,Lahore,Provincial Highway,Average,Foggy,Daylight,Motorcycle,3,Over Speeding,1,1,0,1,9,4,High
2022,7,Friday,23,Punjab,Rawalpindi,Motorway,Good,Extreme Heat,No Light,Rickshaw,1,Over Speeding,0,0,1,0,5,1,Medium
2022,4,Saturday,7,KPK,Peshawar,Provincial Highway,Poor,Clear,Daylight,Motorcycle,2,Over Speeding,1,1,0,0,5,1,High
2021,1,Monday,22,Punjab,Sheikhupura,Urban Road,Average,Clear,Street Light,Bicycle,4,Wrong Overtaking,0,0,1,1,1,0,Medium
2022,5,Wednesday,18,Punjab,Multan,National Highway,Good,Clear,Daylight,Rickshaw,4,Driver Fatigue,1,0,0,0,1,0,Medium
2022,5,Thursday,12,Sindh,Hyderabad,Provincial Highway,Under Repair,Clear,Daylight,Motorcycle,4,Mobile Phone Use,1,0,0,0,1,0,Medium
2023,12,Tuesday,8,Punjab,Gujranwala,National Highway,Under Repair,Clear,Daylight,Motorcycle,1,Wrong Overtaking,1,0,0,1,11,2,High
2021,2,Saturday,17,Punjab,Faisalabad,Rural Road,Average,Rainy,Daylight,Rickshaw,4,Road Condition,1,1,0,1,0,0,Low
2021,7,Sunday,12,Punjab,Sargodha,Rural Road,Good,Extreme Heat,Dawn/Dusk,Bus/Coach,3,Wrong Overtaking,1,1,0,0,2,0,Low
2018,1,Monday,20,Punjab,Multan,National Highway,Good,Rainy,No Light,Motorcycle,2,Drunk Driving,1,0,0,1,3,0,High
2021,10,Saturday,9,KPK,Kohat,Motorway,Poor,Clear,Dawn/Dusk,Motorcycle,3,Over Speeding,1,1,0,0,8,1,High
2019,5,Saturday,20,Sindh,Dadu,Provincial Highway,Average,Rainy,No Light,Rickshaw,1,Wrong Overtaking,1,1,0,0,0,0,Low
2021,8,Friday,11,Punjab,Faisalabad,National Highway,Poor,Clear,No Light,Motorcycle,2,Wrong Overtaking,0,0,0,0,6,0,High
2020,3,Monday,16,Punjab,Gujranwala,National Highway,Average,Foggy,Daylight,Truck/Lorry,2,Road Condition,0,0,0,0,3,0,Medium
2021,12,Wednesday,17,KPK,Swat,Provincial Highway,Good,Rainy,Dawn/Dusk,Rickshaw,4,Signal Violation,1,0,0,1,4,2,Medium
2019,7,Sunday,9,Sindh,Sukkur,National Highway,Good,Clear,Daylight,Motorcycle,3,Road Condition,1,1,0,0,4,2,High
2018,8,Sunday,10,KPK,Peshawar,Provincial Highway,Good,Dusty/Smoggy,Daylight,Truck/Lorry,2,Over Speeding,0,1,0,0,2,0,Medium
2019,1,Wednesday,8,Sindh,Nawabshah,National Highway,Good,Foggy,Daylight,Motorcycle,2,Mechanical Failure,1,0,0,1,3,0,High
2020,12,Saturday,11,Punjab,Sargodha,National Highway,Average,Clear,Dawn/Dusk,Truck/Lorry,1,Signal Violation,0,1,0,1,3,0,Medium
2021,4,Tuesday,18,AJK,Muzaffarabad,Motorway,Under Repair,Clear,Daylight,Motorcycle,3,Pedestrian Error,1,0,0,0,2,0,Medium
2023,5,Saturday,16,Sindh,Karachi,Urban Road,Good,Rainy,Dawn/Dusk,Car/Taxi,1,Wrong Overtaking,0,1,0,0,2,0,Low
2023,3,Tuesday,19,Punjab,Sialkot,Rural Road,Good,Rainy,Street Light,Motorcycle,3,Road Condition,1,0,0,0,1,0,Medium
2023,2,Wednesday,17,Punjab,Lahore,National Highway,Average,Foggy,Daylight,Car/Taxi,2,Pedestrian Error,1,0,0,1,2,1,Medium
2022,9,Wednesday,6,Punjab,Sialkot,Provincial Highway,Average,Clear,Daylight,Car/Taxi,2,Wrong Overtaking,0,0,0,0,4,2,Medium
2021,4,Friday,11,Punjab,Multan,National Highway,Good,Dusty/Smoggy,Daylight,Motorcycle,2,Over Speeding,0,0,0,0,5,0,High
2021,12,Saturday,5,Islamabad,Islamabad,Rural Road,Average,Foggy,Street Light,Rickshaw,2,Drunk Driving,0,1,1,1,5,1,Medium
2023,11,Sunday,22,Balochistan,Zhob,Rural Road,Average,Clear,No Light,Motorcycle,2,Wrong Overtaking,0,1,1,1,1,0,Medium
2018,3,Wednesday,8,Punjab,Lahore,Provincial Highway,Good,Foggy,Daylight,Car/Taxi,1,Over Speeding,1,0,0,0,2,0,High
2019,2,Sunday,1,Punjab,Lahore,Provincial Highway,Good,Clear,Street Light,Rickshaw,2,Over Speeding,0,1,1,1,3,4,High
2021,3,Sunday,19,KPK,Abbottabad,Motorway,Poor,Clear,Dawn/Dusk,Bicycle,4,Signal Violation,1,1,0,0,8,0,High
2020,4,Thursday,22,Punjab,Sialkot,Provincial Highway,Under Repair,Clear,Street Light,Rickshaw,1,Mechanical Failure,0,0,1,0,4,1,Medium
2018,7,Friday,5,Sindh,Sukkur,Provincial Highway,Poor,Rainy,Dawn/Dusk,Motorcycle,1,Wrong Overtaking,0,0,1,0,3,1,High
2022,5,Tuesday,20,KPK,Nowshera,Rural Road,Good,Clear,Street Light,Van/Pickup,2,Over Speeding,1,0,0,0,1,0,Low
2020,1,Saturday,10,Sindh,Larkana,Rural Road,Average,Clear,Daylight,Car/Taxi,1,Drunk Driving,0,1,0,1,2,0,Low
2023,11,Tuesday,8,KPK,Bannu,National Highway,Good,Foggy,Daylight,Motorcycle,2,Wrong Overtaking,1,0,0,1,6,1,High
2023,2,Friday,3,KPK,Nowshera,Urban Road,Under Repair,Clear,No Light,Motorcycle,3,Drunk Driving,0,0,1,1,2,0,Medium
2021,7,Tuesday,19,Islamabad,Islamabad,Urban Road,Good,Clear,No Light,Motorcycle,2,Wrong Overtaking,1,0,0,0,1,0,Medium
2022,7,Tuesday,13,Punjab,Multan,Urban Road,Under Repair,Clear,Daylight,Motorcycle,3,Wrong Overtaking,1,0,0,0,2,0,Low
2022,2,Sunday,8,Balochistan,Sibi,Provincial Highway,Good,Extreme Heat,Dawn/Dusk,Rickshaw,2,Signal Violation,1,1,0,1,2,1,Medium
2020,9,Sunday,22,Punjab,Gujranwala,Motorway,Poor,Clear,Street Light,Van/Pickup,2,Over Speeding,0,1,1,0,1,0,Medium
2020,1,Sunday,16,Punjab,Multan,Urban Road,Good,Foggy,Daylight,Car/Taxi,1,Wrong Overtaking,0,1,0,1,0,0,Low
2019,5,Tuesday,11,Punjab,Faisalabad,Provincial Highway,Under Repair,Rainy,Daylight,Motorcycle,4,Wrong Overtaking,0,0,0,0,3,0,Medium
2022,12,Friday,18,Sindh,Dadu,Urban Road,Average,Clear,Daylight,Motorcycle,1,Mobile Phone Use,1,0,0,1,1,0,Low
2019,1,Wednesday,15,Punjab,Rahim Yar Khan,National Highway,Good,Clear,Dawn/Dusk,Car/Taxi,2,Wrong Overtaking,0,0,0,1,2,1,Medium
2020,9,Tuesday,18,Balochistan,Chaman,Provincial Highway,Poor,Dusty/Smoggy,Daylight,Motorcycle,3,Mobile Phone Use,1,0,0,0,3,2,Medium
2020,12,Monday,19,Sindh,Nawabshah,Provincial Highway,Poor,Rainy,Street Light,Van/Pickup,3,Driver Fatigue,1,0,0,1,4,3,High
2022,11,Tuesday,16,Punjab,Lahore,Provincial Highway,Poor,Foggy,Daylight,Rickshaw,2,Over Speeding,0,0,0,1,10,3,High
2019,1,Tuesday,20,KPK,Charsadda,National Highway,Good,Clear,No Light,Other,3,Mechanical Failure,1,0,0,1,3,1,Medium
2019,2,Monday,11,Balochistan,Gwadar,National Highway,Good,Clear,Street Light,Car/Taxi,1,Wrong Overtaking,0,0,0,1,1,1,Medium
2023,12,Thursday,6,KPK,Peshawar,Rural Road,Average,Rainy,Daylight,Motorcycle,3,Over Speeding,0,0,0,1,11,1,High
2021,11,Friday,13,Punjab,Rawalpindi,Rural Road,Average,Foggy,Daylight,Motorcycle,2,Over Speeding,1,0,0,1,5,1,High
2023,3,Sunday,11,Balochistan,Zhob,National Highway,Good,Dusty/Smoggy,Daylight,Motorcycle,1,Mechanical Failure,0,1,0,0,5,0,Medium
2019,11,Tuesday,14,KPK,Mardan,Provincial Highway,Good,Clear,Daylight,Motorcycle,4,Over Speeding,0,0,0,1,10,2,High
2022,1,Sunday,18,Punjab,Bahawalpur,National Highway,Average,Clear,Daylight,Van/Pickup,1,Road Condition,1,1,0,1,0,0,Low
2021,2,Saturday,13,Punjab,Gujranwala,Urban Road,Good,Clear,Daylight,Motorcycle,3,Wrong Overtaking,1,1,0,1,5,0,Medium
2022,4,Thursday,1,Sindh,Mirpur Khas,National Highway,Poor,Clear,Street Light,Motorcycle,1,Drunk Driving,0,0,1,0,7,2,High
2022,11,Monday,20,Balochistan,Quetta,National Highway,Poor,Foggy,Street Light,Car/Taxi,1,Road Condition,1,0,0,1,1,0,Medium
2023,1,Thursday,10,Punjab,Sheikhupura,Rural Road,Average,Clear,Daylight,Motorcycle,1,Wrong Overtaking,0,0,0,1,1,0,Medium
2022,9,Sunday,10,Punjab,Faisalabad,Urban Road,Good,Clear,Street Light,Bus/Coach,2,Signal Violation,0,1,0,0,1,0,Low
2020,3,Monday,1,Balochistan,Sibi,Rural Road,Average,Foggy,No Light,Motorcycle,2,Over Speeding,0,0,1,0,8,0,High
2022,6,Sunday,4,Punjab,Rahim Yar Khan,Rural Road,Good,Clear,No Light,Motorcycle,2,Over Speeding,0,1,1,0,2,1,High
2021,5,Friday,9,Balochistan,Dera Bugti,Provincial Highway,Good,Foggy,Daylight,Car/Taxi,2,Driver Fatigue,1,0,0,0,6,0,High
2021,5,Saturday,17,Punjab,Lahore,Urban Road,Poor,Foggy,Daylight,Motorcycle,2,Over Speeding,1,1,0,0,3,1,High
2020,4,Monday,19,Sindh,Kashmore,Urban Road,Poor,Rainy,No Light,Car/Taxi,4,Signal Violation,1,0,0,0,1,0,Low
2021,11,Friday,4,Punjab,Bahawalpur,Motorway,Poor,Clear,Street Light,Motorcycle,4,Signal Violation,0,0,1,1,9,1,High
2023,11,Sunday,11,Balochistan,Khuzdar,National Highway,Good,Foggy,Daylight,Motorcycle,2,Wrong Overtaking,0,1,0,1,7,1,High
2020,3,Wednesday,18,KPK,Abbottabad,Urban Road,Average,Clear,Daylight,Rickshaw,3,Road Condition,1,0,0,0,0,0,Low
2018,9,Friday,12,Islamabad,Islamabad,National Highway,Good,Clear,Daylight,Bus/Coach,2,Wrong Overtaking,1,0,0,0,2,2,Medium
2022,12,Tuesday,13,KPK,Nowshera,Rural Road,Average,Clear,Daylight,Bus/Coach,1,Signal Violation,1,0,0,1,2,0,Low
2022,12,Tuesday,11,Punjab,Sargodha,National Highway,Poor,Foggy,Daylight,Motorcycle,1,Signal Violation,0,0,0,1,5,1,High
2023,4,Thursday,18,Punjab,Sargodha,National Highway,Under Repair,Clear,Daylight,Truck/Lorry,2,Over Speeding,1,0,0,0,3,1,High
2018,1,Thursday,21,Sindh,Jacobabad,National Highway,Average,Foggy,No Light,Motorcycle,2,Road Condition,0,0,0,1,8,1,High
2022,6,Monday,4,Sindh,Sukkur,Urban Road,Average,Extreme Heat,No Light,Bus/Coach,2,Mechanical Failure,0,0,1,0,5,0,Medium
2021,11,Sunday,12,Islamabad,Islamabad,Rural Road,Poor,Clear,Daylight,Rickshaw,2,Wrong Overtaking,1,1,0,1,2,0,Low
2022,7,Sunday,19,Punjab,Bahawalpur,Provincial Highway,Good,Clear,Dawn/Dusk,Car/Taxi,4,Road Condition,1,1,0,0,2,0,Low
2018,11,Saturday,6,KPK,Peshawar,National Highway,Poor,Foggy,Daylight,Car/Taxi,2,Road Condition,0,1,0,1,1,1,Medium
2021,10,Monday,21,Islamabad,Islamabad,Provincial Highway,Average,Clear,No Light,Motorcycle,3,Signal Violation,0,0,0,0,2,1,Medium
2022,10,Monday,9,Punjab,Rawalpindi,Rural Road,Average,Clear,Daylight,Bus/Coach,1,Mobile Phone Use,1,0,0,0,1,0,Low
2020,3,Friday,10,Balochistan,Chaman,Urban Road,Under Repair,Clear,Daylight,Car/Taxi,1,Drunk Driving,0,0,0,0,4,1,Medium
2022,10,Sunday,15,Sindh,Hyderabad,Provincial Highway,Average,Foggy,Daylight,Motorcycle,2,Mobile Phone Use,0,1,0,0,4,0,Medium
2018,1,Wednesday,13,KPK,Nowshera,National Highway,Good,Clear,Daylight,Other,2,Over Speeding,1,0,0,1,5,0,Medium
2022,2,Saturday,17,Punjab,Multan,Urban Road,Average,Clear,Daylight,Car/Taxi,2,Mechanical Failure,1,1,0,1,0,0,Low
2021,6,Wednesday,12,Punjab,Sialkot,Provincial Highway,Good,Clear,Daylight,Van/Pickup,1,Wrong Overtaking,1,0,0,0,4,0,Medium
2023,7,Thursday,0,Punjab,Sheikhupura,Rural Road,Poor,Clear,Street Light,Motorcycle,3,Over Speeding,0,0,1,0,1,2,Medium
2023,11,Monday,2,AJK,Rawalakot,Provincial Highway,Good,Clear,Street Light,Motorcycle,2,Road Condition,0,0,1,1,4,1,Medium
2018,7,Tuesday,16,KPK,Abbottabad,Provincial Highway,Good,Foggy,Daylight,Motorcycle,1,Drunk Driving,0,0,0,0,11,2,High
2021,11,Friday,19,Punjab,Sheikhupura,Rural Road,Good,Dusty/Smoggy,Dawn/Dusk,Van/Pickup,2,Over Speeding,1,0,0,1,1,0,Medium
2021,12,Tuesday,19,Gilgit-Baltistan,Gilgit,Urban Road,Good,Clear,Street Light,Motorcycle,2,Pedestrian Error,1,0,0,1,2,0,Low
2020,3,Sunday,17,Sindh,Hyderabad,National Highway,Average,Foggy,Daylight,Truck/Lorry,1,Over Speeding,1,1,0,0,9,1,High
2023,11,Wednesday,13,Balochistan,Zhob,National Highway,Average,Foggy,Daylight,Truck/Lorry,2,Road Condition,1,0,0,1,5,0,Medium
2022,5,Saturday,10,Punjab,Gujranwala,Rural Road,Under Repair,Clear,Daylight,Car/Taxi,2,Over Speeding,0,1,0,0,1,0,Medium
2021,8,Friday,21,Punjab,Multan,Urban Road,Average,Rainy,No Light,Motorcycle,2,Mobile Phone Use,0,0,0,0,2,0,Low
2018,1,Monday,16,KPK,Mardan,Urban Road,Under Repair,Clear,Daylight,Van/Pickup,2,Mechanical Failure,0,0,0,1,2,0,Low
2020,2,Wednesday,14,Punjab,Sheikhupura,Rural Road,Good,Clear,Daylight,Motorcycle,2,Pedestrian Error,0,0,0,1,2,0,Low
2023,11,Sunday,14,Sindh,Mirpur Khas,Rural Road,Average,Clear,Daylight,Car/Taxi,3,Road Condition,0,1,0,1,1,0,Low
2018,10,Saturday,21,Sindh,Karachi,Rural Road,Good,Clear,Street Light,Car/Taxi,2,Pedestrian Error,0,1,0,0,2,0,Low
2021,2,Sunday,8,Punjab,Gujranwala,Rural Road,Good,Clear,Daylight,Car/Taxi,2,Pedestrian Error,1,1,0,1,0,0,Low
2020,11,Thursday,12,Punjab,Sargodha,Urban Road,Good,Dusty/Smoggy,Daylight,Car/Taxi,2,Pedestrian Error,1,0,0,1,2,0,Low
2023,10,Saturday,12,Islamabad,Islamabad,Urban Road,Under Repair,Foggy,Daylight,Motorcycle,1,Road Condition,1,1,0,0,1,0,Low
2021,2,Sunday,8,Punjab,Rawalpindi,National Highway,Average,Clear,Daylight,Motorcycle,1,Over Speeding,1,1,0,1,11,1,High
2019,12,Tuesday,8,Punjab,Sargodha,Urban Road,Poor,Foggy,Daylight,Motorcycle,1,Over Speeding,1,0,0,1,4,1,Medium
2018,5,Friday,19,Sindh,Nawabshah,Rural Road,Under Repair,Clear,Daylight,Car/Taxi,1,Driver Fatigue,1,0,0,0,1,0,Low
2022,10,Tuesday,13,KPK,Nowshera,Rural Road,Average,Clear,Daylight,Truck/Lorry,1,Over Speeding,1,0,0,0,5,0,Medium
2020,3,Saturday,1,KPK,Bannu,National Highway,Poor,Clear,No Light,Motorcycle,3,Over Speeding,0,1,1,0,8,0,High
2023,12,Thursday,20,KPK,Mardan,Motorway,Poor,Foggy,No Light,Motorcycle,2,Wrong Overtaking,1,0,0,1,10,1,High