year,month,day_of_week,hour_of_day,province,district,road_type,road_condition,weather_condition,lighting_condition,vehicle_type,vehicles_involved,accident_cause,is_rush_hour,is_weekend,is_night,is_foggy_month,num_injured,num_killed,severity
2022,8,Thursday,14,Punjab,Faisalabad,Urban Road,Good,Dusty/Smoggy,Daylight,Motorcycle,1,Signal Violation,0,0,0,0,5,2,Medium
2023,10,Sunday,18,Punjab,Lahore,National Highway,Good,Rainy,Daylight,Motorcycle,4,Over Speeding,1,1,0,0,3,3,High
2022,8,Sunday,19,KPK,Mardan,National Highway,Average,Clear,Dawn/Dusk,Motorcycle,3,Mechanical Failure,1,1,0,0,4,0,Medium
2021,12,Friday,1,Balochistan,Khuzdar,Urban Road,Average,Rainy,No Light,Car/Taxi,3,Over Speeding,0,0,1,1,3,1,Medium
2023,7,Tuesday,18,Sindh,Jacobabad,National Highway,Average,Clear,Daylight,Motorcycle,4,Over Speeding,1,0,0,0,6,2,High
2020,9,Friday,7,Punjab,Rawalpindi,Provincial Highway,Good,Extreme Heat,Dawn/Dusk,Car/Taxi,2,Over Speeding,1,0,0,0,2,1,Medium
2021,10,Friday,6,Punjab,Bahawalpur,Rural Road,Good,Clear,Daylight,Motorcycle,4,Road Condition,0,0,0,0,1,2,Medium
2022,7,Friday,16,Punjab,Rawalpindi,Provincial Highway,Good,Foggy,Daylight,Rickshaw,3,Wrong Overtaking,0,0,0,0,1,0,Low
2020,8,Monday,22,KPK,Mardan,Rural Road,Good,Clear,No Light,Motorcycle,2,Wrong Overtaking,0,0,1,0,5,2,Medium
2021,8,Tuesday,23,Punjab,Rahim Yar Khan,Urban Road,Average,Clear,No Light,Truck/Lorry,2,Signal Violation,0,0,1,0,3,0,Medium
2023,12,Monday,23,Punjab,Rahim Yar Khan,National Highway,Average,Clear,Street Light,Motorcycle,4,Over Speeding,0,0,1,1,11,4,High
2022,11,Sunday,8,Punjab,Multan,National Highway,Average,Foggy,Daylight,Motorcycle,3,Mechanical Failure,1,1,0,1,3,4,High
2019,1,Saturday,18,Sindh,Larkana,Provincial Highway,Average,Foggy,Dawn/Dusk,Motorcycle,3,Wrong Overtaking,1,1,0,1,3,0,Medium
2019,12,Tuesday,9,Punjab,Gujranwala,Rural Road,Poor,Clear,Daylight,Motorcycle,2,Pedestrian Error,1,0,0,1,0,0,Low
2023,6,Wednesday,16,Sindh,Mirpur Khas,Urban Road,Good,Clear,Daylight,Motorcycle,2,Wrong Overtaking,0,0,0,0,1,1,Medium
2018,7,Saturday,16,KPK,Abbottabad,National Highway,Good,Foggy,Daylight,Motorcycle,2,Drunk Driving,0,1,0,0,8,4,High
2020,1,Friday,11,Punjab,Lahore,Urban Road,Good,Rainy,Street Light,Car/Taxi,1,Wrong Overtaking,0,0,0,1,2,0,Medium
2018,1,Thursday,21,Sindh,Thatta,National Highway,Average,Clear,Street Light,Motorcycle,2,Pedestrian Error,0,0,0,1,10,2,High
2023,6,Tuesday,12,Punjab,Rahim Yar Khan,National Highway,Poor,Clear,Daylight,Car/Taxi,1,Pedestrian Error,1,0,0,0,5,0,Medium
2022,1,Tuesday,8,Punjab,Faisalabad,Provincial Highway,Average,Foggy,No Light,Rickshaw,1,Road Condition,1,0,0,1,2,0,Low
2018,8,Saturday,21,Sindh,Mirpur Khas,Rural Road,Average,Clear,No Light,Car/Taxi,3,Over Speeding,0,1,0,0,2,0,Low
2023,1,Thursday,8,Sindh,Hyderabad,Motorway,Average,Dusty/Smoggy,Daylight,Van/Pickup,2,Over Speeding,1,0,0,1,9,3,High
2020,3,Saturday,23,KPK,Mansehra,Motorway,Good,Dusty/Smoggy,Street Light,Van/Pickup,2,Road Condition,0,1,1,0,3,0,Medium
2020,11,Thursday,19,Sindh,Jacobabad,National Highway,Good,Clear,Dawn/Dusk,Car/Taxi,1,Driver Fatigue,1,0,0,1,2,4,High
2020,8,Thursday,8,KPK,Nowshera,Provincial Highway,Good,Clear,Street Light,Rickshaw,2,Over Speeding,1,0,0,0,1,0,Low
2018,12,Thursday,10,Sindh,Karachi,Provincial Highway,Average,Foggy,Daylight,Motorcycle,2,Mechanical Failure,0,0,0,1,1,0,Medium
2022,10,Thursday,12,Sindh,Dadu,National Highway,Average,Rainy,Daylight,Car/Taxi,3,Mechanical Failure,1,0,0,0,1,0,Low
2023,3,Friday,14,KPK,Peshawar,National Highway,Average,Dusty/Smoggy,Daylight,Motorcycle,1,Pedestrian Error,0,0,0,0,4,1,High
2021,6,Sunday,4,Punjab,Bahawalpur,Provincial Highway,Good,Dusty/Smoggy,Street Light,Car/Taxi,1,Over Speeding,0,1,1,0,2,1,Medium
2018,9,Monday,17,Punjab,Lahore,National Highway,Poor,Clear,Daylight,Other,2,Mechanical Failure,1,0,0,0,5,0,Medium
2023,7,Wednesday,11,Sindh,Sukkur,National Highway,Poor,Clear,Daylight,Motorcycle,1,Pedestrian Error,0,0,0,0,3,1,Medium
2022,6,Friday,6,Punjab,Rahim Yar Khan,Urban Road,Average,Clear,Daylight,Motorcycle,1,Wrong Overtaking,0,0,0,0,0,0,Low
2019,4,Tuesday,4,Sindh,Larkana,National Highway,Average,Clear,No Light,Car/Taxi,2,Pedestrian Error,0,0,1,0,4,1,Medium
2023,7,Wednesday,17,Sindh,Dadu,Provincial Highway,Good,Rainy,No Light,Motorcycle,2,Driver Fatigue,1,0,0,0,7,0,High
2020,11,Monday,12,Islamabad,Islamabad,National Highway,Good,Clear,Street Light,Car/Taxi,1,Drunk Driving,1,0,0,1,4,1,Medium
2022,8,Tuesday,8,Balochistan,Chaman,Provincial Highway,Good,Foggy,Daylight,Bicycle,1,Road Condition,1,0,0,0,5,0,Medium
2023,12,Thursday,14,Punjab,Gujranwala,National Highway,Average,Foggy,Daylight,Motorcycle,3,Over Speeding,0,0,0,1,3,1,High
2022,7,Thursday,9,Sindh,Larkana,Urban Road,Good,Clear,No Light,Motorcycle,1,Wrong Overtaking,1,0,0,0,5,1,Medium
2022,7,Sunday,19,Punjab,Rahim Yar Khan,National Highway,Poor,Extreme Heat,Dawn/Dusk,Car/Taxi,2,Drunk Driving,1,1,0,0,2,0,Medium
2023,2,Friday,7,Punjab,Sheikhupura,National Highway,Poor,Clear,Dawn/Dusk,Motorcycle,2,Wrong Overtaking,1,0,0,1,2,2,High
2023,12,Tuesday,0,KPK,Peshawar,National Highway,Average,Clear,Street Light,Motorcycle,2,Wrong Overtaking,0,0,1,1,2,2,High
2023,1,Friday,2,Punjab,Sialkot,National Highway,Poor,Clear,Street Light,Rickshaw,1,Pedestrian Error,0,0,1,1,2,0,Low
2022,3,Sunday,7,Punjab,Bahawalpur,Rural Road,Poor,Clear,Daylight,Rickshaw,2,Wrong Overtaking,1,1,0,0,1,0,Low
2023,8,Wednesday,8,Islamabad,Islamabad,Urban Road,Poor,Clear,Daylight,Motorcycle,2,Road Condition,1,0,0,0,0,0,Low
2019,4,Saturday,10,KPK,Nowshera,National Highway,Good,Rainy,Daylight,Motorcycle,3,Over Speeding,0,1,0,0,9,0,High
2019,4,Friday,10,KPK,Charsadda,Urban Road,Poor,Dusty/Smoggy,Dawn/Dusk,Motorcycle,2,Wrong Overtaking,0,0,0,0,5,0,Medium
2020,8,Monday,5,Balochistan,Khuzdar,Provincial Highway,Good,Foggy,Dawn/Dusk,Bus/Coach,3,Mechanical Failure,0,0,1,0,10,0,High
2022,9,Monday,23,KPK,Kohat,Provincial Highway,Under Repair,Clear,Street Light,Van/Pickup,2,Over Speeding,0,0,1,0,6,2,High
2020,9,Wednesday,1,Punjab,Lahore,Provincial Highway,Under Repair,Dusty/Smoggy,Street Light,Motorcycle,1,Road Condition,0,0,1,0,2,2,Medium
2022,12,Thursday,15,Sindh,Thatta,National Highway,Average,Clear,Street Light,Van/Pickup,1,Driver Fatigue,0,0,0,1,1,1,Medium
2019,10,Monday,22,Sindh,Hyderabad,National Highway,Good,Clear,Street Light,Motorcycle,2,Wrong Overtaking,0,0,1,0,4,1,High
2018,4,Tuesday,9,Punjab,Rahim Yar Khan,Provincial Highway,Average,Foggy,Daylight,Rickshaw,1,Mechanical Failure,1,0,0,0,2,0,Low
2020,6,Tuesday,19,KPK,Abbottabad,Urban Road,Good,Rainy,Dawn/Dusk,Bus/Coach,2,Drunk Driving,1,0,0,0,3,0,Medium
2020,11,Tuesday,14,Sindh,Kashmore,Rural Road,Under Repair,Dusty/Smoggy,Street Light,Bicycle,1,Over Speeding,0,0,0,1,2,2,Medium
2021,4,Wednesday,8,Punjab,Faisalabad,Motorway,Average,Foggy,Street Light,Motorcycle,2,Over Speeding,1,0,0,0,10,3,High
2019,1,Wednesday,9,Punjab,Lahore,Provincial Highway,Average,Rainy,Daylight,Motorcycle,4,Road Condition,1,0,0,1,2,1,Medium
2020,10,Thursday,14,Punjab,Faisalabad,Provincial Highway,Poor,Clear,Daylight,Truck/Lorry,2,Wrong Overtaking,0,0,0,0,2,1,Medium
2022,2,Wednesday,23,Balochistan,Dera Bugti,Rural Road,Good,Clear,No Light,Motorcycle,1,Road Condition,0,0,1,1,4,0,Medium
2019,10,Wednesday,19,Sindh,Hyderabad,Provincial Highway,Good,Rainy,Street Light,Rickshaw,1,Over Speeding,1,0,0,0,5,0,Medium
2020,10,Friday,6,Sindh,Nawabshah,Rural Road,Average,Foggy,Daylight,Car/Taxi,2,Over Speeding,0,0,0,0,1,0,Medium
2018,6,Friday,9,Sindh,Larkana,Provincial Highway,Average,Clear,Daylight,Car/Taxi,3,Road Condition,1,0,0,0,0,0,Low
2020,11,Tuesday,10,Sindh,Kashmore,National Highway,Under Repair,Clear,Daylight,Motorcycle,1,Pedestrian Error,0,0,0,1,8,0,High
2022,12,Wednesday,7,KPK,Swat,National Highway,Average,Clear,Street Light,Van/Pickup,3,Over Speeding,1,0,0,1,4,1,High
2021,9,Friday,10,Sindh,Karachi,Rural Road,Good,Extreme Heat,Daylight,Rickshaw,2,Wrong Overtaking,0,0,0,0,0,0,Low
2020,8,Wednesday,10,Islamabad,Islamabad,Provincial Highway,Good,Clear,Daylight,Motorcycle,1,Pedestrian Error,0,0,0,0,3,0,Medium
2021,12,Sunday,17,AJK,Mirpur,Urban Road,Good,Foggy,Dawn/Dusk,Bus/Coach,1,Over Speeding,1,1,0,1,2,0,High
2023,8,Thursday,11,Gilgit-Baltistan,Gilgit,Urban Road,Poor,Clear,Daylight,Bus/Coach,1,Over Speeding,0,0,0,0,0,0,Low
2021,12,Wednesday,6,KPK,Mardan,Provincial Highway,Good,Dusty/Smoggy,Dawn/Dusk,Van/Pickup,2,Mechanical Failure,0,0,0,1,0,0,Low
2023,9,Wednesday,19,Islamabad,Islamabad,National Highway,Average,Clear,Dawn/Dusk,Bus/Coach,3,Over Speeding,1,0,0,0,2,1,High
2022,7,Saturday,23,Punjab,Rawalpindi,Provincial Highway,Good,Rainy,Street Light,Rickshaw,1,Wrong Overtaking,0,1,1,0,5,1,Medium
2023,7,Friday,18,Balochistan,Sibi,Urban Road,Good,Clear,Dawn/Dusk,Truck/Lorry,1,Over Speeding,1,0,0,0,5,1,Medium
2023,1,Sunday,1,Balochistan,Hub,Rural Road,Under Repair,Clear,Street Light,Bus/Coach,3,Over Speeding,0,1,1,1,5,0,Medium
2021,1,Thursday,18,Balochistan,Gwadar,National Highway,Good,Clear,Daylight,Car/Taxi,2,Wrong Overtaking,1,0,0,1,1,1,Medium
2023,7,Wednesday,16,KPK,Dera Ismail Khan,National Highway,Good,Clear,Daylight,Bus/Coach,4,Over Speeding,0,0,0,0,10,2,High
2018,1,Saturday,20,Punjab,Rawalpindi,Provincial Highway,Poor,Clear,No Light,Bus/Coach,2,Driver Fatigue,1,1,0,1,2,3,High
2018,5,Friday,8,Punjab,Rahim Yar Khan,Provincial Highway,Poor,Clear,Daylight,Motorcycle,1,Over Speeding,1,0,0,0,7,1,High
2023,5,Sunday,13,Punjab,Lahore,Urban Road,Good,Foggy,Daylight,Truck/Lorry,3,Over Speeding,1,1,0,0,10,1,High
2022,2,Thursday,16,KPK,Peshawar,Urban Road,Good,Clear,Daylight,Bus/Coach,1,Over Speeding,0,0,0,1,3,0,Medium
2021,7,Sunday,7,Punjab,Rahim Yar Khan,Urban Road,Poor,Rainy,Dawn/Dusk,Truck/Lorry,2,Driver Fatigue,1,1,0,0,2,0,High
2020,5,Sunday,18,Sindh,Thatta,Urban Road,Average,Rainy,Daylight,Motorcycle,3,Wrong Overtaking,1,1,0,0,2,2,Medium
2022,3,Friday,11,Sindh,Kashmore,Motorway,Good,Dusty/Smoggy,Daylight,Rickshaw,1,Mobile Phone Use,0,0,0,0,3,1,Medium
2021,2,Saturday,18,Sindh,Dadu,Urban Road,Good,Clear,Daylight,Rickshaw,2,Over Speeding,1,1,0,1,2,0,Low
2020,4,Monday,18,Islamabad,Islamabad,Provincial Highway,Good,Clear,Daylight,Car/Taxi,2,Road Condition,1,0,0,0,0,0,Low
2018,1,Sunday,5,KPK,Abbottabad,National Highway,Average,Clear,Street Light,Motorcycle,2,Drunk Driving,0,1,1,1,4,0,High
2018,7,Sunday,7,KPK,Bannu,National Highway,Under Repair,Clear,Daylight,Motorcycle,2,Mobile Phone Use,1,1,0,0,2,0,Medium
2021,1,Monday,21,Sindh,Thatta,Rural Road,Average,Clear,No Light,Motorcycle,1,Over Speeding,0,0,0,1,1,0,Medium
2019,11,Monday,18,KPK,Peshawar,Motorway,Under Repair,Clear,Daylight,Motorcycle,1,Road Condition,1,0,0,1,3,1,Medium
2022,11,Saturday,19,Punjab,Sialkot,National Highway,Average,Rainy,Dawn/Dusk,Motorcycle,2,Driver Fatigue,1,1,0,1,10,1,High
2021,7,Thursday,6,Punjab,Sheikhupura,National Highway,Average,Extreme Heat,Street Light,Motorcycle,4,Over Speeding,0,0,0,0,10,1,High
2022,6,Wednesday,19,Islamabad,Islamabad,Rural Road,Poor,Extreme Heat,Street Light,Motorcycle,2,Signal Violation,1,0,0,0,3,1,Medium
2020,7,Saturday,4,KPK,Swat,National Highway,Under Repair,Foggy,No Light,Rickshaw,1,Drunk Driving,0,1,1,0,10,1,High
2022,9,Wednesday,13,KPK,Bannu,National Highway,Poor,Dusty/Smoggy,Daylight,Motorcycle,1,Over Speeding,1,0,0,0,11,2,High
2018,8,Friday,10,Sindh,Hyderabad,Rural Road,Poor,Dusty/Smoggy,Daylight,Car/Taxi,1,Wrong Overtaking,0,0,0,0,2,0,Low
2021,2,Friday,13,Punjab,Rahim Yar Khan,Rural Road,Poor,Rainy,Daylight,Car/Taxi,2,Road Condition,1,0,0,1,0,0,Low
2021,10,Wednesday,7,Sindh,Dadu,Urban Road,Good,Dusty/Smoggy,Daylight,Car/Taxi,2,Over Speeding,1,0,0,0,1,0,Medium
2022,7,Wednesday,0,Punjab,Lahore,National Highway,Good,Rainy,No Light,Car/Taxi,3,Wrong Overtaking,0,0,1,0,1,0,Medium
2019,5,Thursday,17,Sindh,Larkana,Urban Road,Poor,Clear,Daylight,Van/Pickup,3,Pedestrian Error,1,0,0,0,1,0,Low
2018,10,Sunday,11,Sindh,Mirpur Khas,National Highway,Good,Foggy,Dawn/Dusk,Car/Taxi,2,Over Speeding,0,1,0,0,4,1,Medium
2020,3,Friday,13,Sindh,Hyderabad,Rural Road,Poor,Clear,Daylight,Motorcycle,1,Pedestrian Error,1,0,0,0,0,0,Low
2021,6,Saturday,22,Sindh,Nawabshah,Urban Road,Average,Clear,No Light,Motorcycle,4,Road Condition,0,1,1,0,1,1,Medium
2023,2,Saturday,22,Islamabad,Islamabad,Urban Road,Good,Clear,No Light,Car/Taxi,1,Signal Violation,0,1,1,1,1,0,Medium
2022,11,Saturday,20,Sindh,Thatta,Provincial Highway,Poor,Rainy,No Light,Motorcycle,3,Mechanical Failure,1,1,0,1,1,1,Medium
2022,1,Saturday,17,Balochistan,Turbat,Provincial Highway,Good,Clear,Daylight,Car/Taxi,4,Mechanical Failure,1,1,0,1,2,0,Low
2018,6,Wednesday,12,Sindh,Dadu,National Highway,Good,Rainy,Daylight,Motorcycle,2,Over Speeding,1,0,0,0,7,2,High
2019,3,Tuesday,17,Sindh,Hyderabad,Rural Road,Good,Foggy,Daylight,Motorcycle,1,Drunk Driving,1,0,0,0,2,2,Medium
2023,1,Tuesday,21,Punjab,Lahore,National Highway,Poor,Foggy,No Light,Motorcycle,1,Wrong Overtaking,0,0,0,1,7,2,High
2018,12,Friday,17,Punjab,Sialkot,Provincial Highway,Average,Clear,Daylight,Motorcycle,3,Pedestrian Error,1,0,0,1,1,0,Medium
2020,3,Tuesday,6,Sindh,Mirpur Khas,Rural Road,Poor,Extreme Heat,Daylight,Motorcycle,1,Over Speeding,0,0,0,0,1,0,Medium
2021,8,Monday,15,Punjab,Rahim Yar Khan,Urban Road,Good,Clear,Street Light,Car/Taxi,2,Over Speeding,0,0,0,0,1,0,Medium
2023,10,Thursday,17,KPK,Abbottabad,Rural Road,Poor,Clear,Daylight,Van/Pickup,2,Over Speeding,1,0,0,0,5,1,Medium
2023,12,Sunday,12,Sindh,Sukkur,Urban Road,Average,Rainy,Daylight,Car/Taxi,1,Signal Violation,1,1,0,1,3,0,Medium
2023,5,Friday,13,Balochistan,Chaman,Provincial Highway,Good,Rainy,No Light,Car/Taxi,4,Pedestrian Error,1,0,0,0,1,0,Low
2019,8,Monday,10,AJK,Mirpur,Rural Road,Good,Clear,Daylight,Motorcycle,2,Road Condition,0,0,0,0,1,0,Low
2020,7,Monday,12,Punjab,Multan,Rural Road,Average,Foggy,Dawn/Dusk,Motorcycle,1,Driver Fatigue,1,0,0,0,5,1,High
2019,2,Tuesday,13,Punjab,Lahore,Urban Road,Average,Clear,Daylight,Other,2,Over Speeding,1,0,0,1,3,0,Medium
2021,5,Wednesday,7,KPK,Swat,National Highway,Poor,Rainy,Daylight,Motorcycle,3,Mechanical Failure,1,0,0,0,4,2,High
2023,11,Sunday,16,Punjab,Sialkot,Urban Road,Good,Clear,Daylight,Motorcycle,1,Over Speeding,0,1,0,1,3,4,High
2018,1,Saturday,7,Punjab,Faisalabad,National Highway,Average,Foggy,Daylight,Car/Taxi,1,Over Speeding,1,1,0,1,4,1,Medium
2022,1,Thursday,4,KPK,Nowshera,Provincial Highway,Good,Foggy,No Light,Motorcycle,2,Over Speeding,0,0,1,1,11,1,High
2023,5,Friday,15,AJK,Muzaffarabad,National Highway,Under Repair,Clear,Daylight,Motorcycle,2,Over Speeding,0,0,0,0,6,4,High
2020,2,Saturday,19,KPK,Dera Ismail Khan,National Highway,Good,Clear,Dawn/Dusk,Car/Taxi,2,Drunk Driving,1,1,0,1,2,0,Medium
2022,8,Thursday,14,Sindh,Dadu,National Highway,Good,Rainy,Daylight,Motorcycle,1,Over Speeding,0,0,0,0,3,3,High
2022,2,Saturday,10,Sindh,Hyderabad,Rural Road,Good,Clear,No Light,Motorcycle,1,Mechanical Failure,0,1,0,1,4,0,Medium
2022,12,Tuesday,8,Sindh,Dadu,Urban Road,Good,Foggy,Daylight,Motorcycle,3,Pedestrian Error,1,0,0,1,5,0,Medium
2023,12,Thursday,0,Sindh,Karachi,National Highway,Good,Clear,No Light,Bus/Coach,2,Signal Violation,0,0,1,1,10,2,High
2019,5,Wednesday,8,Sindh,Larkana,Provincial Highway,Average,Foggy,No Light,Motorcycle,2,Driver Fatigue,1,0,0,0,5,2,High
2023,11,Saturday,22,Punjab,Gujranwala,Urban Road,Good,Rainy,Street Light,Motorcycle,3,Road Condition,0,1,1,1,6,0,High
2018,10,Thursday,13,Balochistan,Chaman,Provincial Highway,Average,Clear,Street Light,Truck/Lorry,2,Mobile Phone Use,1,0,0,0,1,0,Medium
2023,6,Wednesday,8,KPK,Kohat,Rural Road,Average,Foggy,Daylight,Motorcycle,2,Pedestrian Error,1,0,0,0,5,0,Medium
2018,6,Thursday,15,KPK,Peshawar,Motorway,Average,Rainy,Daylight,Car/Taxi,3,Pedestrian Error,0,0,0,0,2,0,Medium
2023,2,Friday,15,Islamabad,Islamabad,National Highway,Average,Extreme Heat,Street Light,Motorcycle,2,Pedestrian Error,0,0,0,1,8,3,High
2020,10,Saturday,14,Punjab,Lahore,Provincial Highway,Poor,Foggy,Daylight,Motorcycle,2,Weather Condition,0,1,0,0,3,1,Medium
2020,5,Friday,22,Punjab,Faisalabad,Provincial Highway,Average,Clear,No Light,Van/Pickup,3,Wrong Overtaking,0,0,1,0,1,0,Low
2018,4,Sunday,20,KPK,Bannu,Rural Road,Good,Foggy,No Light,Car/Taxi,2,Pedestrian Error,1,1,0,0,2,0,Low
2022,12,Sunday,7,Gilgit-Baltistan,Gilgit,Provincial Highway,Average,Clear,Daylight,Motorcycle,4,Driver Fatigue,1,1,0,1,5,0,High
2019,10,Friday,14,Sindh,Sukkur,National Highway,Good,Clear,Dawn/Dusk,Motorcycle,1,Over Speeding,0,0,0,0,9,0,High
2022,8,Sunday,22,Punjab,Bahawalpur,Provincial Highway,Average,Clear,No Light,Car/Taxi,1,Mechanical Failure,0,1,1,0,0,0,Low
2018,11,Saturday,11,KPK,Peshawar,Provincial Highway,Poor,Clear,Daylight,Motorcycle,1,Mobile Phone Use,0,1,0,1,0,0,Low
2018,7,Saturday,10,Punjab,Multan,National Highway,Average,Rainy,Daylight,Rickshaw,2,Over Speeding,0,1,0,0,9,1,High
2022,1,Saturday,9,Sindh,Thatta,Provincial Highway,Average,Foggy,Daylight,Motorcycle,2,Pedestrian Error,1,1,0,1,3,1,Medium
2019,7,Tuesday,23,Punjab,Sialkot,National Highway,Good,Clear,Street Light,Motorcycle,3,Over Speeding,0,0,1,0,6,1,High
2019,7,Sunday,13,Balochistan,Zhob,Rural Road,Average,Dusty/Smoggy,Daylight,Rickshaw,1,Wrong Overtaking,1,1,0,0,0,0,Low
2021,9,Wednesday,15,Sindh,Karachi,Urban Road,Under Repair,Clear,Daylight,Car/Taxi,1,Pedestrian Error,0,0,0,0,2,0,Low
2022,3,Tuesday,6,Balochistan,Loralai,Rural Road,Average,Foggy,Street Light,Motorcycle,3,Pedestrian Error,0,0,0,0,4,0,Medium
2021,2,Friday,13,Punjab,Lahore,Urban Road,Under Repair,Foggy,Daylight,Motorcycle,1,Mobile Phone Use,1,0,0,1,3,0,Medium
2019,12,Tuesday,20,Punjab,Rawalpindi,Provincial Highway,Average,Clear,No Light,Motorcycle,1,Drunk Driving,1,0,0,1,3,1,High
2022,12,Thursday,7,Islamabad,Islamabad,National Highway,Poor,Clear,Dawn/Dusk,Car/Taxi,2,Over Speeding,1,0,0,1,5,0,Medium
2019,7,Tuesday,10,Punjab,Lahore,Urban Road,Good,Clear,Daylight,Car/Taxi,2,Mechanical Failure,0,0,0,0,0,0,Low
2018,2,Saturday,20,Sindh,Thatta,Provincial Highway,Average,Dusty/Smoggy,No Light,Motorcycle,2,Wrong Overtaking,1,1,0,1,1,0,Medium
2022,7,Tuesday,13,Punjab,Multan,National Highway,Average,Clear,Street Light,Motorcycle,3,Wrong Overtaking,1,0,0,0,2,0,Medium
2022,3,Tuesday,8,KPK,Kohat,Urban Road,Good,Clear,Daylight,Car/Taxi,1,Driver Fatigue,1,0,0,0,2,0,Low
2018,11,Wednesday,10,Punjab,Lahore,Rural Road,Good,Clear,Daylight,Car/Taxi,1,Over Speeding,0,0,0,1,1,0,Medium
2023,8,Sunday,17,Sindh,Karachi,Rural Road,Poor,Clear,Daylight,Car/Taxi,2,Pedestrian Error,1,1,0,0,1,0,Low
2018,8,Saturday,9,KPK,Dera Ismail Khan,Urban Road,Average,Rainy,Daylight,Motorcycle,2,Wrong Overtaking,1,1,0,0,4,1,Medium
2021,7,Tuesday,6,Punjab,Lahore,Provincial Highway,Poor,Clear,Daylight,Motorcycle,3,Drunk Driving,0,0,0,0,4,1,Medium
2022,3,Thursday,16,Punjab,Rawalpindi,Provincial Highway,Good,Foggy,Street Light,Van/Pickup,2,Road Condition,0,0,0,0,3,0,Medium
2023,6,Monday,21,KPK,Mansehra,Provincial Highway,Average,Foggy,No Light,Car/Taxi,1,Road Condition,0,0,0,0,1,0,Low
2022,7,Saturday,13,Sindh,Mirpur Khas,Rural Road,Average,Extreme Heat,Street Light,Car/Taxi,1,Over Speeding,1,1,0,0,2,0,Low
2023,5,Thursday,19,Punjab,Rahim Yar Khan,Provincial Highway,Under Repair,Clear,Daylight,Rickshaw,3,Over Speeding,1,0,0,0,5,1,Medium
2023,9,Tuesday,7,Sindh,Jacobabad,National Highway,Average,Clear,Daylight,Van/Pickup,2,Road Condition,1,0,0,0,2,1,Medium
2021,1,Sunday,13,Balochistan,Quetta,Provincial Highway,Good,Clear,Daylight,Motorcycle,3,Over Speeding,1,1,0,1,5,0,Medium
2018,3,Thursday,19,Punjab,Bahawalpur,Rural Road,Under Repair,Clear,Dawn/Dusk,Motorcycle,3,Road Condition,1,0,0,0,2,1,Medium
2023,6,Monday,5,Sindh,Mirpur Khas,National Highway,Good,Clear,Daylight,Van/Pickup,2,Over Speeding,0,0,1,0,3,1,High
2023,1,Monday,21,KPK,Mansehra,Urban Road,Average,Clear,No Light,Motorcycle,4,Pedestrian Error,0,0,0,1,4,0,Medium
2020,9,Thursday,6,Punjab,Faisalabad,National Highway,Poor,Clear,Daylight,Car/Taxi,2,Over Speeding,0,0,0,0,5,2,Medium
2021,7,Tuesday,18,Punjab,Sheikhupura,Urban Road,Average,Clear,Daylight,Van/Pickup,1,Road Condition,1,0,0,0,2,0,Low
2023,4,Tuesday,20,Sindh,Sukkur,Provincial Highway,Average,Clear,No Light,Bus/Coach,2,Signal Violation,1,0,0,0,2,0,Medium
2019,4,Sunday,18,KPK,Kohat,Provincial Highway,Average,Clear,Dawn/Dusk,Car/Taxi,1,Road Condition,1,1,0,0,1,0,Low
2021,5,Saturday,7,Punjab,Rahim Yar Khan,Urban Road,Good,Rainy,Daylight,Motorcycle,2,Signal Violation,1,1,0,0,4,1,Medium
2023,1,Wednesday,11,KPK,Charsadda,Provincial Highway,Poor,Clear,Dawn/Dusk,Motorcycle,4,Over Speeding,0,0,0,1,4,3,High
2022,7,Thursday,9,Sindh,Karachi,Urban Road,Poor,Clear,Street Light,Car/Taxi,1,Driver Fatigue,1,0,0,0,1,0,Low
2020,6,Friday,7,Punjab,Multan,Rural Road,Good,Clear,Dawn/Dusk,Truck/Lorry,2,Mobile Phone Use,1,0,0,0,1,0,Low
2020,12,Thursday,16,Sindh,Mirpur Khas,National Highway,Good,Clear,Daylight,Van/Pickup,2,Over Speeding,0,0,0,1,4,0,Medium
2020,12,Saturday,4,Islamabad,Islamabad,National Highway,Under Repair,Clear,Street Light,Car/Taxi,2,Over Speeding,0,1,1,1,2,0,Medium
2020,2,Saturday,12,Punjab,Sialkot,Provincial Highway,Good,Foggy,Street Light,Motorcycle,2,Over Speeding,1,1,0,1,2,3,High
2021,1,Saturday,22,Sindh,Sukkur,National Highway,Good,Clear,No Light,Rickshaw,2,Road Condition,0,1,1,1,1,1,Low
2019,9,Tuesday,10,Sindh,Larkana,Provincial Highway,Good,Clear,Daylight,Truck/Lorry,2,Wrong Overtaking,0,0,0,0,3,0,Medium
2022,1,Friday,9,Punjab,Rawalpindi,Urban Road,Average,Clear,Daylight,Van/Pickup,2,Signal Violation,1,0,0,1,1,0,Low
2023,10,Thursday,13,Punjab,Multan,Urban Road,Good,Clear,Street Light,Car/Taxi,2,Over Speeding,1,0,0,0,5,0,Medium
2019,12,Thursday,23,Punjab,Sargodha,Urban Road,Average,Rainy,No Light,Motorcycle,2,Road Condition,0,0,1,1,5,1,High
2020,8,Tuesday,19,Punjab,Sheikhupura,Provincial Highway,Under Repair,Rainy,No Light,Rickshaw,2,Over Speeding,1,0,0,0,9,1,High
2020,1,Friday,22,Punjab,Sheikhupura,Provincial Highway,Good,Dusty/Smoggy,No Light,Car/Taxi,1,Mechanical Failure,0,0,1,1,2,0,Medium