year,month,day_of_week,hour_of_day,province,district,road_type,road_condition,weather_condition,lighting_condition,vehicle_type,vehicles_involved,accident_cause,is_rush_hour,is_weekend,is_night,is_foggy_month,num_injured,num_killed,severity
2019,3,Sunday,11,KPK,Kohat,Provincial Highway,Poor,Foggy,Daylight,Van/Pickup,2,Over Speeding,0,1,0,0,2,0,Medium
2022,2,Wednesday,20,Gilgit-Baltistan,Gilgit,National Highway,Good,Clear,No Light,Car/Taxi,2,Driver Fatigue,1,0,0,1,2,0,Medium
2021,5,Friday,15,Punjab,Sialkot,Provincial Highway,Under Repair,Clear,Daylight,Motorcycle,4,Wrong Overtaking,0,0,0,0,4,1,Medium
2019,11,Thursday,0,Sindh,Dadu,Rural Road,Poor,Clear,Street Light,Rickshaw,2,Pedestrian Error,0,0,1,1,0,0,Low
2019,7,Sunday,19,Punjab,Multan,Provincial Highway,Poor,Clear,No Light,Car/Taxi,2,Over Speeding,1,1,0,0,0,0,Low
2020,6,Thursday,6,Punjab,Sargodha,Urban Road,Good,Foggy,Daylight,Rickshaw,4,Pedestrian Error,0,0,0,0,2,0,Low
2022,3,Wednesday,16,Punjab,Rawalpindi,National Highway,Poor,Clear,Daylight,Motorcycle,1,Wrong Overtaking,0,0,0,0,1,0,Medium
2023,5,Thursday,9,Punjab,Sheikhupura,National Highway,Poor,Clear,Daylight,Van/Pickup,2,Over Speeding,1,0,0,0,7,1,High
2023,5,Saturday,9,Islamabad,Islamabad,Motorway,Under Repair,Extreme Heat,Daylight,Rickshaw,3,Signal Violation,1,1,0,0,1,0,Medium
2023,8,Sunday,10,Punjab,Sheikhupura,National Highway,Average,Clear,No Light,Motorcycle,1,Over Speeding,0,1,0,0,11,2,High
2018,1,Sunday,21,Sindh,Kashmore,Rural Road,Poor,Clear,No Light,Rickshaw,1,Over Speeding,0,1,0,1,0,0,Low
2023,4,Sunday,19,Punjab,Gujranwala,Rural Road,Average,Clear,No Light,Car/Taxi,2,Mobile Phone Use,1,1,0,0,0,0,Low
2022,10,Sunday,5,Punjab,Multan,Provincial Highway,Good,Foggy,Daylight,Van/Pickup,1,Signal Violation,0,1,1,0,1,2,Medium
2018,6,Monday,22,Balochistan,Dera Bugti,National Highway,Good,Clear,No Light,Motorcycle,2,Driver Fatigue,0,0,1,0,10,2,High
2022,7,Thursday,13,Punjab,Rahim Yar Khan,Provincial Highway,Good,Clear,Daylight,Motorcycle,3,Wrong Overtaking,1,0,0,0,4,0,Medium
2023,3,Thursday,10,Islamabad,Islamabad,Rural Road,Average,Clear,Daylight,Motorcycle,2,Over Speeding,0,0,0,0,4,0,Medium
2020,7,Sunday,13,Punjab,Sheikhupura,Rural Road,Average,Clear,Daylight,Motorcycle,2,Road Condition,1,1,0,0,2,0,Low
2021,11,Saturday,8,Sindh,Mirpur Khas,Rural Road,Good,Clear,Dawn/Dusk,Car/Taxi,3,Wrong Overtaking,1,1,0,1,0,0,Low
2018,4,Wednesday,13,Gilgit-Baltistan,Gilgit,Rural Road,Good,Clear,Daylight,Car/Taxi,3,Pedestrian Error,1,0,0,0,2,0,Low
2021,10,Monday,19,Punjab,Faisalabad,National Highway,Good,Extreme Heat,No Light,Car/Taxi,2,Driver Fatigue,1,0,0,0,11,1,High
2023,8,Thursday,18,Sindh,Kashmore,Provincial Highway,Good,Rainy,Daylight,Car/Taxi,3,Mobile Phone Use,1,0,0,0,2,0,Low
2018,5,Tuesday,9,KPK,Nowshera,Provincial Highway,Poor,Clear,Daylight,Bus/Coach,2,Signal Violation,1,0,0,0,4,1,Medium
2021,11,Friday,11,Punjab,Rawalpindi,Provincial Highway,Poor,Clear,Daylight,Bus/Coach,2,Pedestrian Error,0,0,0,1,2,0,Low
2021,4,Sunday,17,KPK,Peshawar,Urban Road,Average,Clear,Dawn/Dusk,Motorcycle,1,Wrong Overtaking,1,1,0,0,1,0,Low
2023,5,Thursday,15,Punjab,Sheikhupura,Provincial Highway,Poor,Clear,Daylight,Bicycle,2,Signal Violation,0,0,0,0,7,0,High
2018,4,Saturday,17,Punjab,Multan,Urban Road,Good,Clear,Daylight,Van/Pickup,2,Mechanical Failure,1,1,0,0,2,0,Low
2023,10,Thursday,15,Punjab,Rawalpindi,National Highway,Good,Extreme Heat,Street Light,Motorcycle,4,Driver Fatigue,0,0,0,0,2,0,High
2020,1,Saturday,10,Balochistan,Hub,Urban Road,Good,Extreme Heat,Daylight,Car/Taxi,1,Driver Fatigue,0,1,0,1,3,0,Medium
2018,6,Tuesday,17,Punjab,Lahore,Provincial Highway,Average,Clear,Daylight,Car/Taxi,1,Signal Violation,1,0,0,0,1,0,Medium
2022,10,Tuesday,15,Punjab,Lahore,National Highway,Good,Clear,Daylight,Bicycle,2,Road Condition,0,0,0,0,4,0,Medium
2023,3,Thursday,9,Sindh,Karachi,Urban Road,Good,Dusty/Smoggy,Daylight,Bus/Coach,2,Mechanical Failure,1,0,0,0,1,0,Low
2020,8,Monday,21,Punjab,Sargodha,National Highway,Good,Clear,Street Light,Car/Taxi,2,Over Speeding,0,0,0,0,1,0,Medium
2023,3,Sunday,10,Punjab,Sargodha,Urban Road,Average,Foggy,Daylight,Rickshaw,1,Over Speeding,0,1,0,0,2,0,Medium
2023,5,Saturday,6,Punjab,Sheikhupura,Urban Road,Poor,Foggy,Daylight,Rickshaw,4,Over Speeding,0,1,0,0,5,0,Medium
2022,2,Tuesday,11,KPK,Kohat,Motorway,Average,Foggy,Dawn/Dusk,Motorcycle,2,Over Speeding,0,0,0,1,11,2,High
2020,11,Wednesday,11,Sindh,Hyderabad,National Highway,Poor,Rainy,Daylight,Car/Taxi,1,Signal Violation,0,0,0,1,3,0,Medium
2021,12,Wednesday,9,Punjab,Sheikhupura,Rural Road,Average,Clear,Daylight,Car/Taxi,1,Over Speeding,1,0,0,1,2,0,Low
2020,8,Monday,18,Punjab,Multan,Provincial Highway,Average,Clear,Daylight,Motorcycle,2,Mechanical Failure,1,0,0,0,1,0,Low
2023,6,Saturday,0,Sindh,Mirpur Khas,National Highway,Average,Clear,Street Light,Car/Taxi,3,Wrong Overtaking,0,1,1,0,2,3,High
2019,4,Monday,6,KPK,Peshawar,Urban Road,Average,Foggy,Dawn/Dusk,Car/Taxi,3,Driver Fatigue,0,0,0,0,3,0,Medium
2020,6,Sunday,5,Punjab,Faisalabad,Motorway,Poor,Dusty/Smoggy,Dawn/Dusk,Car/Taxi,1,Over Speeding,0,1,1,0,6,2,High
2020,10,Sunday,6,Punjab,Bahawalpur,Rural Road,Good,Foggy,Daylight,Motorcycle,3,Wrong Overtaking,0,1,0,0,5,1,Medium
2018,11,Sunday,19,Punjab,Faisalabad,Urban Road,Under Repair,Clear,Dawn/Dusk,Bus/Coach,2,Signal Violation,1,1,0,1,0,0,Low
2022,2,Friday,17,KPK,Charsadda,National Highway,Poor,Foggy,Daylight,Motorcycle,4,Pedestrian Error,1,0,0,1,11,0,High
2019,3,Sunday,15,AJK,Muzaffarabad,Provincial Highway,Under Repair,Clear,Daylight,Motorcycle,3,Road Condition,0,1,0,0,0,0,Low
2018,6,Wednesday,19,Punjab,Sheikhupura,National Highway,Poor,Rainy,No Light,Car/Taxi,2,Pedestrian Error,1,0,0,0,1,0,Low
2018,12,Saturday,16,Punjab,Sheikhupura,Provincial Highway,Poor,Rainy,Daylight,Car/Taxi,3,Drunk Driving,0,1,0,1,2,1,Medium
2021,3,Friday,16,Punjab,Sheikhupura,Provincial Highway,Poor,Clear,Street Light,Motorcycle,4,Over Speeding,0,0,0,0,10,1,High
2023,1,Saturday,13,Punjab,Sialkot,Urban Road,Average,Clear,Daylight,Motorcycle,2,Mechanical Failure,1,1,0,1,1,0,Low
2021,3,Thursday,20,Punjab,Faisalabad,National Highway,Poor,Rainy,No Light,Truck/Lorry,2,Signal Violation,1,0,0,0,4,2,High
2022,11,Tuesday,6,Islamabad,Islamabad,Rural Road,Average,Clear,Daylight,Rickshaw,2,Pedestrian Error,0,0,0,1,2,0,Low
2020,1,Tuesday,13,Punjab,Lahore,Provincial Highway,Poor,Dusty/Smoggy,Daylight,Rickshaw,4,Mechanical Failure,1,0,0,1,0,0,Low
2023,3,Monday,16,KPK,Mansehra,Provincial Highway,Under Repair,Clear,Dawn/Dusk,Motorcycle,1,Wrong Overtaking,0,0,0,0,4,0,Medium
2018,10,Thursday,12,Punjab,Multan,National Highway,Average,Rainy,Daylight,Car/Taxi,1,Driver Fatigue,1,0,0,0,2,1,Medium
2022,7,Wednesday,21,KPK,Charsadda,Urban Road,Good,Foggy,No Light,Rickshaw,2,Pedestrian Error,0,0,0,0,2,0,Low
2022,1,Sunday,20,Sindh,Thatta,Provincial Highway,Good,Clear,Street Light,Motorcycle,2,Over Speeding,1,1,0,1,7,1,High
2023,3,Sunday,23,Punjab,Faisalabad,Rural Road,Average,Foggy,No Light,Car/Taxi,1,Over Speeding,0,1,1,0,3,0,Medium
2023,8,Friday,8,Islamabad,Islamabad,Rural Road,Average,Dusty/Smoggy,Daylight,Bus/Coach,1,Wrong Overtaking,1,0,0,0,2,0,Low
2021,8,Wednesday,12,Punjab,Faisalabad,Provincial Highway,Average,Dusty/Smoggy,Daylight,Car/Taxi,2,Driver Fatigue,1,0,0,0,1,0,Medium
2018,9,Tuesday,10,Sindh,Larkana,Rural Road,Good,Clear,Daylight,Bus/Coach,3,Driver Fatigue,0,0,0,0,5,0,Medium
2018,11,Sunday,0,Balochistan,Sibi,Provincial Highway,Good,Clear,Street Light,Car/Taxi,2,Pedestrian Error,0,1,1,1,2,0,Low
2020,9,Wednesday,13,Punjab,Sialkot,Provincial Highway,Good,Rainy,Daylight,Motorcycle,3,Drunk Driving,1,0,0,0,3,0,High
2022,7,Thursday,18,Sindh,Jacobabad,Urban Road,Good,Rainy,Dawn/Dusk,Motorcycle,4,Signal Violation,1,0,0,0,3,0,Medium
2023,3,Thursday,20,KPK,Abbottabad,Rural Road,Poor,Extreme Heat,No Light,Motorcycle,1,Over Speeding,1,0,0,0,3,0,Medium
2019,2,Tuesday,22,AJK,Rawalakot,Urban Road,Poor,Dusty/Smoggy,No Light,Motorcycle,3,Driver Fatigue,0,0,1,1,6,3,High
2023,3,Wednesday,1,KPK,Abbottabad,Rural Road,Poor,Foggy,No Light,Car/Taxi,2,Signal Violation,0,0,1,0,5,0,Medium
2019,1,Friday,13,Punjab,Faisalabad,National Highway,Good,Rainy,Dawn/Dusk,Motorcycle,2,Road Condition,1,0,0,1,5,0,Medium
2020,6,Tuesday,9,KPK,Mardan,Provincial Highway,Average,Clear,Daylight,Motorcycle,2,Over Speeding,1,0,0,0,10,0,High
2018,7,Tuesday,15,KPK,Bannu,Provincial Highway,Good,Foggy,Daylight,Motorcycle,3,Over Speeding,0,0,0,0,7,1,High
2023,10,Wednesday,17,KPK,Nowshera,Rural Road,Good,Clear,Daylight,Motorcycle,2,Driver Fatigue,1,0,0,0,11,0,High
2023,7,Thursday,5,Balochistan,Hub,Provincial Highway,Good,Extreme Heat,No Light,Motorcycle,4,Mechanical Failure,0,0,1,0,2,1,Medium
2018,5,Friday,19,Punjab,Rawalpindi,National Highway,Under Repair,Rainy,No Light,Motorcycle,1,Over Speeding,1,0,0,0,8,1,High
2022,11,Tuesday,20,Punjab,Bahawalpur,Rural Road,Good,Foggy,Street Light,Rickshaw,2,Driver Fatigue,1,0,0,1,2,0,Low
2019,12,Thursday,18,Sindh,Hyderabad,National Highway,Good,Clear,Daylight,Car/Taxi,2,Road Condition,1,0,0,1,2,0,Medium
2021,10,Saturday,0,Islamabad,Islamabad,Rural Road,Average,Clear,No Light,Car/Taxi,2,Over Speeding,0,1,1,0,4,0,Medium
2020,12,Monday,3,Sindh,Sukkur,Urban Road,Average,Clear,No Light,Bus/Coach,1,Pedestrian Error,0,0,1,1,5,0,Medium
2023,10,Thursday,22,Islamabad,Islamabad,Urban Road,Average,Clear,Street Light,Bus/Coach,1,Over Speeding,0,0,1,0,5,3,High
2021,12,Monday,4,Islamabad,Islamabad,Provincial Highway,Good,Clear,No Light,Motorcycle,1,Wrong Overtaking,0,0,1,1,4,2,High
2021,11,Thursday,8,Balochistan,Hub,Rural Road,Poor,Foggy,Daylight,Bus/Coach,3,Over Speeding,1,0,0,1,7,1,High
2022,5,Sunday,18,Balochistan,Quetta,Rural Road,Good,Foggy,Daylight,Motorcycle,2,Over Speeding,1,1,0,0,11,1,High
2023,7,Saturday,21,Balochistan,Zhob,National Highway,Good,Dusty/Smoggy,Street Light,Truck/Lorry,3,Mobile Phone Use,0,1,0,0,4,0,Medium
2023,12,Thursday,16,KPK,Mardan,Rural Road,Average,Clear,Street Light,Motorcycle,2,Signal Violation,0,0,0,1,4,1,Medium
2023,5,Monday,19,KPK,Nowshera,Provincial Highway,Good,Foggy,No Light,Rickshaw,3,Mechanical Failure,1,0,0,0,2,1,Medium
2022,7,Friday,12,Punjab,Sargodha,Rural Road,Average,Rainy,Dawn/Dusk,Motorcycle,1,Road Condition,1,0,0,0,1,0,Low
2021,8,Saturday,21,Punjab,Lahore,National Highway,Good,Clear,Street Light,Motorcycle,3,Wrong Overtaking,0,1,0,0,9,2,High
2023,9,Saturday,15,Punjab,Multan,National Highway,Good,Rainy,Daylight,Rickshaw,4,Mechanical Failure,0,1,0,0,5,0,Medium
2021,7,Thursday,19,Punjab,Lahore,Rural Road,Good,Rainy,Dawn/Dusk,Truck/Lorry,2,Wrong Overtaking,1,0,0,0,2,1,Medium
2022,5,Saturday,11,Punjab,Rahim Yar Khan,Urban Road,Good,Clear,Street Light,Rickshaw,1,Over Speeding,0,1,0,0,0,1,Low
2021,12,Monday,20,Balochistan,Loralai,National Highway,Poor,Foggy,Street Light,Bicycle,3,Road Condition,1,0,0,1,11,4,High
2022,11,Tuesday,20,KPK,Kohat,National Highway,Poor,Foggy,No Light,Rickshaw,2,Over Speeding,1,0,0,1,10,1,High
2019,1,Sunday,18,Punjab,Bahawalpur,Provincial Highway,Good,Clear,Street Light,Motorcycle,1,Signal Violation,1,1,0,1,5,0,High
2020,12,Monday,20,KPK,Peshawar,Provincial Highway,Average,Clear,No Light,Rickshaw,4,Wrong Overtaking,1,0,0,1,2,1,Low
2022,7,Thursday,16,Sindh,Kashmore,Provincial Highway,Poor,Dusty/Smoggy,Daylight,Motorcycle,3,Over Speeding,0,0,0,0,11,1,High
2020,11,Sunday,18,Punjab,Multan,Rural Road,Poor,Clear,Daylight,Motorcycle,3,Over Speeding,1,1,0,1,2,0,High
2018,3,Monday,20,Balochistan,Sibi,Provincial Highway,Average,Clear,Street Light,Car/Taxi,3,Over Speeding,1,0,0,0,1,1,Medium
2023,7,Saturday,17,Punjab,Rahim Yar Khan,National Highway,Average,Dusty/Smoggy,Daylight,Motorcycle,2,Driver Fatigue,1,1,0,0,2,2,High
2023,4,Saturday,11,KPK,Peshawar,Urban Road,Good,Clear,Daylight,Car/Taxi,3,Road Condition,0,1,0,0,2,0,Low
2023,2,Monday,10,Punjab,Rawalpindi,Rural Road,Average,Clear,Daylight,Rickshaw,3,Drunk Driving,0,0,0,1,1,0,Low
2020,1,Saturday,14,Sindh,Hyderabad,Urban Road,Good,Clear,Dawn/Dusk,Motorcycle,3,Drunk Driving,0,1,0,1,4,0,Medium
2019,9,Tuesday,20,KPK,Bannu,Motorway,Under Repair,Clear,No Light,Van/Pickup,1,Over Speeding,1,0,0,0,10,4,High
2020,7,Friday,10,Punjab,Rahim Yar Khan,Provincial Highway,Good,Clear,Daylight,Bicycle,1,Driver Fatigue,0,0,0,0,10,1,High
2023,6,Friday,13,AJK,Muzaffarabad,National Highway,Poor,Clear,Daylight,Motorcycle,2,Over Speeding,1,0,0,0,4,2,High
2022,8,Sunday,23,Punjab,Sialkot,Rural Road,Under Repair,Clear,Street Light,Truck/Lorry,1,Over Speeding,0,1,1,0,11,2,High
2020,5,Monday,8,Sindh,Thatta,Rural Road,Good,Rainy,Daylight,Car/Taxi,2,Over Speeding,1,0,0,0,1,0,Medium
2019,2,Saturday,21,Balochistan,Sibi,Provincial Highway,Good,Clear,No Light,Motorcycle,2,Over Speeding,0,1,0,1,6,3,High
2019,5,Tuesday,9,Islamabad,Islamabad,Provincial Highway,Poor,Clear,Daylight,Car/Taxi,4,Driver Fatigue,1,0,0,0,2,1,Medium
2018,7,Friday,18,Punjab,Bahawalpur,Urban Road,Average,Foggy,No Light,Motorcycle,1,Mechanical Failure,1,0,0,0,1,0,Medium
2020,7,Wednesday,22,Punjab,Bahawalpur,Provincial Highway,Average,Foggy,No Light,Motorcycle,1,Drunk Driving,0,0,1,0,7,0,High
2023,4,Saturday,20,KPK,Peshawar,National Highway,Average,Clear,Street Light,Motorcycle,2,Signal Violation,1,1,0,0,3,1,Medium
2022,12,Thursday,20,Punjab,Rahim Yar Khan,National Highway,Good,Extreme Heat,Street Light,Truck/Lorry,3,Over Speeding,1,0,0,1,4,1,High
2019,6,Monday,7,Sindh,Karachi,Urban Road,Poor,Clear,Dawn/Dusk,Bus/Coach,2,Over Speeding,1,0,0,0,1,1,Medium
2021,1,Sunday,16,KPK,Charsadda,Urban Road,Average,Clear,Daylight,Motorcycle,1,Wrong Overtaking,0,1,0,1,1,0,Low
2021,12,Thursday,10,Sindh,Karachi,Rural Road,Average,Clear,Street Light,Motorcycle,2,Over Speeding,0,0,0,1,3,0,Medium
2022,12,Thursday,16,Punjab,Gujranwala,National Highway,Good,Clear,Daylight,Truck/Lorry,2,Signal Violation,0,0,0,1,4,3,High
2023,1,Tuesday,13,Sindh,Larkana,Rural Road,Average,Foggy,Street Light,Car/Taxi,3,Driver Fatigue,1,0,0,1,4,1,Medium
2020,3,Tuesday,16,Islamabad,Islamabad,National Highway,Good,Rainy,Daylight,Truck/Lorry,2,Road Condition,0,0,0,0,2,1,Medium
2021,1,Wednesday,8,Sindh,Mirpur Khas,National Highway,Good,Clear,Daylight,Car/Taxi,3,Signal Violation,1,0,0,1,0,0,Low
2020,1,Tuesday,11,KPK,Charsadda,Rural Road,Poor,Clear,Dawn/Dusk,Motorcycle,1,Over Speeding,0,0,0,1,3,0,Medium
2022,5,Tuesday,10,Punjab,Rahim Yar Khan,National Highway,Under Repair,Foggy,Daylight,Motorcycle,2,Drunk Driving,0,0,0,0,8,3,High
2022,1,Thursday,18,Punjab,Bahawalpur,Urban Road,Good,Clear,Daylight,Other,4,Driver Fatigue,1,0,0,1,0,0,Low
2023,5,Tuesday,16,Punjab,Multan,Urban Road,Poor,Foggy,Daylight,Truck/Lorry,1,Drunk Driving,0,0,0,0,3,0,Medium
2021,5,Monday,20,Sindh,Thatta,Provincial Highway,Good,Rainy,No Light,Car/Taxi,1,Over Speeding,1,0,0,0,3,1,Medium
2020,7,Saturday,7,Punjab,Rahim Yar Khan,Provincial Highway,Poor,Clear,Daylight,Motorcycle,1,Road Condition,1,1,0,0,4,2,Medium
2021,6,Monday,18,Sindh,Mirpur Khas,Provincial Highway,Average,Rainy,Daylight,Car/Taxi,1,Signal Violation,1,0,0,0,3,1,Medium
2020,9,Wednesday,17,KPK,Swat,Urban Road,Good,Rainy,Daylight,Truck/Lorry,2,Over Speeding,1,0,0,0,3,0,Medium
2021,6,Sunday,14,KPK,Nowshera,National Highway,Under Repair,Clear,Street Light,Van/Pickup,1,Pedestrian Error,0,1,0,0,0,0,Low
2022,6,Sunday,15,Punjab,Rawalpindi,Motorway,Under Repair,Dusty/Smoggy,Daylight,Motorcycle,2,Mechanical Failure,0,1,0,0,3,0,Medium
2023,7,Tuesday,12,KPK,Kohat,Provincial Highway,Good,Clear,Daylight,Motorcycle,3,Road Condition,1,0,0,0,2,0,Low
2020,4,Sunday,20,KPK,Kohat,Provincial Highway,Poor,Dusty/Smoggy,No Light,Truck/Lorry,2,Over Speeding,1,1,0,0,4,1,Medium
2023,11,Friday,10,Punjab,Gujranwala,National Highway,Average,Foggy,Daylight,Rickshaw,1,Over Speeding,0,0,0,1,10,4,High
2020,9,Thursday,2,Punjab,Faisalabad,Urban Road,Good,Extreme Heat,No Light,Bus/Coach,4,Pedestrian Error,0,0,1,0,1,0,Medium
2020,3,Saturday,11,Sindh,Kashmore,National Highway,Good,Foggy,Daylight,Truck/Lorry,1,Over Speeding,0,1,0,0,5,1,High
2022,8,Saturday,5,Punjab,Sargodha,Urban Road,Average,Dusty/Smoggy,Dawn/Dusk,Motorcycle,2,Over Speeding,0,1,1,0,4,2,Medium
2021,1,Friday,22,Punjab,Rahim Yar Khan,Urban Road,Poor,Clear,No Light,Motorcycle,2,Wrong Overtaking,0,0,1,1,4,0,Medium
2022,12,Wednesday,22,Punjab,Sargodha,Provincial Highway,Poor,Rainy,No Light,Bicycle,2,Road Condition,0,0,1,1,4,1,High
2018,12,Tuesday,12,Punjab,Bahawalpur,Provincial Highway,Average,Extreme Heat,Daylight,Motorcycle,2,Pedestrian Error,1,0,0,1,1,0,Low
2022,5,Monday,12,Islamabad,Islamabad,Provincial Highway,Average,Rainy,Daylight,Car/Taxi,1,Over Speeding,1,0,0,0,6,1,High
2022,12,Monday,14,KPK,Nowshera,Provincial Highway,Good,Clear,Daylight,Car/Taxi,2,Over Speeding,0,0,0,1,5,0,Medium
2023,3,Friday,10,Sindh,Karachi,National Highway,Under Repair,Clear,Dawn/Dusk,Bus/Coach,1,Wrong Overtaking,0,0,0,0,6,0,High
2022,5,Saturday,18,Islamabad,Islamabad,Provincial Highway,Good,Clear,Daylight,Motorcycle,3,Signal Violation,1,1,0,0,2,1,Medium
2021,5,Sunday,12,Sindh,Dadu,Rural Road,Average,Clear,Street Light,Car/Taxi,3,Wrong Overtaking,1,1,0,0,1,0,Low
2020,1,Wednesday,11,KPK,Swat,National Highway,Good,Clear,Street Light,Other,2,Signal Violation,0,0,0,1,1,1,Medium
2023,5,Wednesday,10,Punjab,Lahore,Rural Road,Average,Clear,Dawn/Dusk,Motorcycle,1,Drunk Driving,0,0,0,0,2,0,Medium
2023,11,Tuesday,15,Sindh,Kashmore,Provincial Highway,Good,Foggy,Dawn/Dusk,Bus/Coach,3,Over Speeding,0,0,0,1,6,1,High
2023,1,Tuesday,13,Punjab,Faisalabad,Provincial Highway,Poor,Clear,Daylight,Motorcycle,1,Signal Violation,1,0,0,1,5,1,Medium
2022,7,Saturday,18,Punjab,Bahawalpur,Provincial Highway,Poor,Clear,Daylight,Truck/Lorry,2,Over Speeding,1,1,0,0,5,0,High
2019,11,Saturday,15,Punjab,Bahawalpur,Urban Road,Good,Clear,Daylight,Car/Taxi,1,Road Condition,0,1,0,1,2,1,Low
2018,2,Sunday,16,Punjab,Sheikhupura,Provincial Highway,Under Repair,Foggy,Daylight,Motorcycle,3,Drunk Driving,0,1,0,1,5,2,High
2023,7,Saturday,6,Punjab,Sheikhupura,Provincial Highway,Good,Rainy,Daylight,Motorcycle,2,Over Speeding,0,1,0,0,11,2,High
2019,1,Monday,9,Punjab,Rahim Yar Khan,National Highway,Good,Clear,Daylight,Car/Taxi,4,Drunk Driving,1,0,0,1,5,1,Medium
2023,4,Monday,14,Balochistan,Chaman,Rural Road,Good,Clear,Daylight,Motorcycle,1,Wrong Overtaking,0,0,0,0,1,0,Low
2021,4,Thursday,22,Punjab,Multan,Rural Road,Average,Foggy,Street Light,Rickshaw,2,Over Speeding,0,0,1,0,4,1,High
2022,3,Monday,13,KPK,Dera Ismail Khan,Provincial Highway,Poor,Clear,Street Light,Motorcycle,2,Over Speeding,1,0,0,0,1,0,Medium
2021,11,Thursday,17,Sindh,Jacobabad,National Highway,Good,Clear,Daylight,Motorcycle,3,Driver Fatigue,1,0,0,1,10,0,High
2020,12,Saturday,11,Sindh,Dadu,Rural Road,Good,Rainy,Daylight,Van/Pickup,3,Driver Fatigue,0,1,0,1,5,0,Medium
2018,2,Sunday,8,Punjab,Sialkot,National Highway,Average,Clear,Daylight,Bus/Coach,1,Wrong Overtaking,1,1,0,1,6,3,High
2020,8,Saturday,10,Islamabad,Islamabad,National Highway,Average,Dusty/Smoggy,No Light,Motorcycle,3,Wrong Overtaking,0,1,0,0,6,0,High
2022,7,Wednesday,1,Punjab,Sialkot,National Highway,Poor,Clear,Street Light,Truck/Lorry,1,Over Speeding,0,0,1,0,4,2,High
2022,2,Wednesday,14,KPK,Peshawar,National Highway,Good,Clear,Daylight,Motorcycle,1,Wrong Overtaking,0,0,0,1,3,0,Medium
2019,11,Tuesday,7,Sindh,Kashmore,National Highway,Average,Clear,Daylight,Rickshaw,2,Over Speeding,1,0,0,1,3,1,Medium
2020,11,Wednesday,18,Sindh,Dadu,Urban Road,Average,Foggy,Daylight,Car/Taxi,3,Driver Fatigue,1,0,0,1,2,1,Low
2021,1,Friday,19,Punjab,Faisalabad,National Highway,Good,Clear,No Light,Bicycle,2,Mechanical Failure,1,0,0,1,5,1,Medium
2022,7,Tuesday,15,Sindh,Sukkur,Provincial Highway,Average,Clear,Daylight,Van/Pickup,2,Over Speeding,0,0,0,0,2,0,Medium
2023,5,Sunday,10,Balochistan,Hub,Provincial Highway,Average,Rainy,Street Light,Motorcycle,1,Wrong Overtaking,0,1,0,0,4,0,High
2023,11,Thursday,7,KPK,Kohat,Urban Road,Poor,Foggy,Dawn/Dusk,Bus/Coach,1,Over Speeding,1,0,0,1,3,2,Medium
2020,8,Monday,21,Islamabad,Islamabad,National Highway,Average,Clear,No Light,Motorcycle,2,Over Speeding,0,0,0,0,2,0,High
2023,3,Saturday,10,Punjab,Gujranwala,Provincial Highway,Good,Rainy,Street Light,Motorcycle,2,Signal Violation,0,1,0,0,4,0,Medium
2022,9,Wednesday,13,Punjab,Multan,Motorway,Average,Clear,Dawn/Dusk,Rickshaw,1,Road Condition,1,0,0,0,4,2,Medium
2022,9,Monday,11,Punjab,Gujranwala,Provincial Highway,Average,Clear,Daylight,Car/Taxi,2,Mechanical Failure,0,0,0,0,1,0,Low
2019,9,Monday,11,Islamabad,Islamabad,Urban Road,Under Repair,Foggy,Street Light,Car/Taxi,4,Mechanical Failure,0,0,0,0,0,1,Low
2023,5,Saturday,18,Punjab,Rawalpindi,Motorway,Good,Foggy,Daylight,Van/Pickup,2,Signal Violation,1,1,0,0,2,0,Medium
2018,12,Sunday,1,Punjab,Lahore,Provincial Highway,Average,Clear,No Light,Motorcycle,2,Over Speeding,0,1,1,1,10,1,High
2022,6,Monday,16,Balochistan,Loralai,Provincial Highway,Average,Dusty/Smoggy,Daylight,Bicycle,3,Over Speeding,0,0,0,0,9,1,High
2022,1,Tuesday,10,Sindh,Kashmore,Urban Road,Good,Foggy,Daylight,Motorcycle,1,Over Speeding,0,0,0,1,5,1,Medium
2023,10,Thursday,16,Sindh,Hyderabad,Provincial Highway,Good,Dusty/Smoggy,Daylight,Motorcycle,2,Road Condition,0,0,0,0,3,2,Medium
2021,12,Monday,10,Punjab,Bahawalpur,National Highway,Poor,Dusty/Smoggy,Daylight,Motorcycle,1,Wrong Overtaking,0,0,0,1,7,1,High
2022,11,Sunday,19,Sindh,Karachi,National Highway,Under Repair,Foggy,Street Light,Car/Taxi,3,Wrong Overtaking,1,1,0,1,3,0,High
2018,11,Wednesday,0,Balochistan,Zhob,Urban Road,Poor,Foggy,No Light,Motorcycle,2,Mobile Phone Use,0,0,1,1,1,0,Medium
2023,3,Friday,19,Sindh,Karachi,Provincial Highway,Average,Rainy,Daylight,Car/Taxi,3,Pedestrian Error,1,0,0,0,1,0,Medium
2018,1,Sunday,9,Punjab,Bahawalpur,Provincial Highway,Good,Clear,Daylight,Car/Taxi,1,Wrong Overtaking,1,1,0,1,2,0,Low
2022,9,Friday,12,Punjab,Faisalabad,National Highway,Good,Foggy,Street Light,Motorcycle,4,Over Speeding,1,0,0,0,6,1,High
2020,4,Friday,3,Punjab,Bahawalpur,Rural Road,Good,Clear,No Light,Truck/Lorry,2,Over Speeding,0,0,1,0,11,0,High