year,month,day_of_week,hour_of_day,province,district,road_type,road_condition,weather_condition,lighting_condition,vehicle_type,vehicles_involved,accident_cause,is_rush_hour,is_weekend,is_night,is_foggy_month,num_injured,num_killed,severity
2018,2,Saturday,10,Sindh,Larkana,National Highway,Good,Clear,Daylight,Motorcycle,1,Over Speeding,0,1,0,1,9,0,High
2021,2,Wednesday,10,Punjab,Rawalpindi,Motorway,Poor,Dusty/Smoggy,Daylight,Car/Taxi,2,Wrong Overtaking,0,0,0,1,0,0,Low
2023,5,Sunday,4,Sindh,Hyderabad,Urban Road,Under Repair,Clear,Street Light,Truck/Lorry,3,Pedestrian Error,0,1,1,0,2,0,Medium
2023,6,Wednesday,12,Sindh,Larkana,Rural Road,Average,Clear,Daylight,Car/Taxi,3,Signal Violation,1,0,0,0,1,0,Low
2022,6,Friday,11,KPK,Dera Ismail Khan,Provincial Highway,Good,Clear,Street Light,Motorcycle,1,Over Speeding,0,0,0,0,8,2,High
2022,6,Monday,21,Punjab,Rahim Yar Khan,National Highway,Good,Rainy,No Light,Motorcycle,2,Over Speeding,0,0,0,0,2,0,High
2019,2,Monday,14,KPK,Mardan,National Highway,Good,Clear,Daylight,Car/Taxi,1,Road Condition,0,0,0,1,1,0,Medium
2022,12,Monday,22,Sindh,Sukkur,Rural Road,Average,Foggy,Street Light,Motorcycle,2,Mechanical Failure,0,0,1,1,2,2,High
2018,7,Saturday,20,Punjab,Faisalabad,Provincial Highway,Good,Clear,No Light,Van/Pickup,1,Wrong Overtaking,1,1,0,0,0,0,Low
2019,11,Monday,10,Islamabad,Islamabad,Provincial Highway,Average,Rainy,Daylight,Truck/Lorry,1,Signal Violation,0,0,0,1,3,2,High
2022,4,Saturday,18,Punjab,Faisalabad,Provincial Highway,Good,Dusty/Smoggy,Daylight,Truck/Lorry,2,Over Speeding,1,1,0,0,2,1,High
2021,1,Saturday,12,Sindh,Kashmore,Urban Road,Under Repair,Clear,Street Light,Motorcycle,1,Drunk Driving,1,1,0,1,10,2,High
2023,4,Wednesday,4,Punjab,Sheikhupura,National Highway,Poor,Clear,Street Light,Car/Taxi,1,Road Condition,0,0,1,0,2,0,Medium
2022,8,Friday,11,Sindh,Karachi,Rural Road,Good,Clear,Daylight,Motorcycle,1,Signal Violation,0,0,0,0,4,2,Medium
2020,12,Saturday,1,Sindh,Sukkur,Rural Road,Good,Clear,Street Light,Car/Taxi,3,Wrong Overtaking,0,1,1,1,2,0,Low
2022,3,Sunday,7,Punjab,Lahore,National Highway,Average,Dusty/Smoggy,No Light,Motorcycle,2,Over Speeding,1,1,0,0,5,1,High
2019,4,Tuesday,9,KPK,Abbottabad,Urban Road,Good,Rainy,Daylight,Motorcycle,2,Over Speeding,1,0,0,0,5,2,High
2021,11,Tuesday,21,Sindh,Karachi,Provincial Highway,Poor,Extreme Heat,No Light,Bus/Coach,1,Over Speeding,0,0,0,1,3,0,Medium
2022,11,Wednesday,21,KPK,Bannu,National Highway,Average,Foggy,No Light,Car/Taxi,1,Wrong Overtaking,0,0,0,1,5,0,Medium
2022,2,Friday,6,Punjab,Gujranwala,Provincial Highway,Average,Clear,Dawn/Dusk,Truck/Lorry,1,Over Speeding,0,0,0,1,4,0,Medium
2022,11,Friday,18,Punjab,Multan,Urban Road,Poor,Dusty/Smoggy,Daylight,Bicycle,2,Signal Violation,1,0,0,1,5,0,Medium
2022,3,Monday,19,Sindh,Thatta,Provincial Highway,Poor,Clear,Dawn/Dusk,Motorcycle,1,Over Speeding,1,0,0,0,1,0,Medium
2021,7,Wednesday,21,Punjab,Lahore,Provincial Highway,Good,Clear,No Light,Motorcycle,3,Wrong Overtaking,0,0,0,0,8,3,High
2022,6,Friday,10,KPK,Bannu,Provincial Highway,Good,Clear,Daylight,Truck/Lorry,3,Road Condition,0,0,0,0,1,0,Low
2023,12,Friday,8,Punjab,Faisalabad,Provincial Highway,Good,Clear,Daylight,Bicycle,1,Mechanical Failure,1,0,0,1,0,0,Low
2018,7,Sunday,22,Punjab,Bahawalpur,Provincial Highway,Poor,Clear,Street Light,Rickshaw,1,Wrong Overtaking,0,1,1,0,3,2,Medium
2022,11,Sunday,20,Balochistan,Loralai,National Highway,Poor,Clear,Street Light,Car/Taxi,1,Wrong Overtaking,1,1,0,1,0,0,Low
2019,3,Saturday,18,KPK,Dera Ismail Khan,Rural Road,Good,Clear,Daylight,Truck/Lorry,1,Pedestrian Error,1,1,0,0,1,0,Low
2019,6,Friday,8,Sindh,Hyderabad,Motorway,Good,Clear,Daylight,Rickshaw,1,Over Speeding,1,0,0,0,5,1,Medium
2018,2,Saturday,16,Balochistan,Dera Bugti,Urban Road,Poor,Rainy,Daylight,Van/Pickup,2,Wrong Overtaking,0,1,0,1,1,0,Low
2022,6,Wednesday,20,KPK,Dera Ismail Khan,National Highway,Good,Clear,Street Light,Motorcycle,1,Over Speeding,1,0,0,0,7,2,High
2023,1,Friday,13,Sindh,Nawabshah,Urban Road,Average,Rainy,Daylight,Car/Taxi,3,Pedestrian Error,1,0,0,1,0,0,Low
2020,4,Tuesday,12,AJK,Muzaffarabad,Rural Road,Good,Clear,Daylight,Car/Taxi,1,Driver Fatigue,1,0,0,0,2,0,Low
2020,11,Saturday,22,KPK,Nowshera,Urban Road,Under Repair,Rainy,No Light,Motorcycle,1,Mechanical Failure,0,1,1,1,4,0,Medium
2022,2,Monday,7,Sindh,Hyderabad,Urban Road,Good,Foggy,Daylight,Motorcycle,2,Wrong Overtaking,1,0,0,1,2,1,Medium
2021,6,Tuesday,13,Punjab,Rahim Yar Khan,Provincial Highway,Average,Clear,Daylight,Car/Taxi,2,Pedestrian Error,1,0,0,0,0,0,Low
2021,8,Thursday,21,Balochistan,Sibi,Rural Road,Average,Foggy,Street Light,Motorcycle,2,Road Condition,0,0,0,0,1,1,Medium
2019,8,Wednesday,11,Punjab,Rawalpindi,National Highway,Good,Clear,Daylight,Motorcycle,2,Mechanical Failure,0,0,0,0,2,3,High
2023,4,Saturday,17,Punjab,Lahore,Urban Road,Good,Clear,Daylight,Car/Taxi,3,Wrong Overtaking,1,1,0,0,0,0,Low
2021,1,Thursday,22,Punjab,Bahawalpur,National Highway,Poor,Clear,No Light,Motorcycle,4,Wrong Overtaking,0,0,1,1,9,4,High
2022,10,Thursday,22,Punjab,Sargodha,Urban Road,Average,Foggy,Street Light,Van/Pickup,1,Over Speeding,0,0,1,0,2,0,Medium
2020,8,Monday,20,Punjab,Sargodha,Provincial Highway,Good,Rainy,No Light,Motorcycle,2,Signal Violation,1,0,0,0,6,1,High
2022,8,Sunday,16,KPK,Swat,Urban Road,Under Repair,Clear,Dawn/Dusk,Motorcycle,2,Wrong Overtaking,0,1,0,0,5,0,Medium
2022,10,Tuesday,20,Sindh,Kashmore,National Highway,Poor,Rainy,No Light,Car/Taxi,4,Mobile Phone Use,1,0,0,0,1,0,Low
2019,5,Wednesday,7,Punjab,Rawalpindi,Motorway,Good,Foggy,Street Light,Van/Pickup,2,Drunk Driving,1,0,0,0,8,3,High
2021,11,Friday,22,KPK,Bannu,Rural Road,Average,Clear,Street Light,Rickshaw,2,Over Speeding,0,0,1,1,3,0,Medium
2021,10,Thursday,9,Sindh,Sukkur,Urban Road,Poor,Clear,Daylight,Car/Taxi,1,Road Condition,1,0,0,0,1,0,Low
2018,6,Wednesday,8,Sindh,Jacobabad,Urban Road,Good,Clear,Daylight,Bicycle,2,Signal Violation,1,0,0,0,2,0,Medium
2019,3,Wednesday,17,Punjab,Sargodha,Rural Road,Poor,Foggy,Daylight,Motorcycle,1,Signal Violation,1,0,0,0,10,2,High
2021,12,Thursday,16,Balochistan,Dera Bugti,Urban Road,Poor,Foggy,Daylight,Motorcycle,3,Drunk Driving,0,0,0,1,3,0,Medium
2022,4,Friday,17,Punjab,Sargodha,Provincial Highway,Good,Rainy,Daylight,Car/Taxi,2,Signal Violation,1,0,0,0,2,0,Medium
2019,5,Friday,16,Punjab,Lahore,National Highway,Good,Clear,Daylight,Car/Taxi,1,Signal Violation,0,0,0,0,2,0,Medium
2021,3,Tuesday,3,Punjab,Rahim Yar Khan,Provincial Highway,Good,Clear,Street Light,Motorcycle,3,Mechanical Failure,0,0,1,0,3,0,Medium
2022,6,Thursday,18,KPK,Mardan,Urban Road,Poor,Clear,Street Light,Car/Taxi,1,Over Speeding,1,0,0,0,2,0,Low
2022,9,Sunday,13,Sindh,Hyderabad,Provincial Highway,Poor,Foggy,Dawn/Dusk,Truck/Lorry,2,Wrong Overtaking,1,1,0,0,11,0,High
2020,1,Monday,10,Punjab,Rawalpindi,Rural Road,Average,Clear,No Light,Motorcycle,1,Wrong Overtaking,0,0,0,1,2,0,Medium
2023,3,Friday,14,Punjab,Multan,National Highway,Average,Dusty/Smoggy,Daylight,Car/Taxi,1,Signal Violation,0,0,0,0,2,0,Medium
2018,3,Tuesday,13,KPK,Peshawar,Provincial Highway,Under Repair,Clear,Daylight,Motorcycle,3,Over Speeding,1,0,0,0,5,0,Medium
2021,7,Wednesday,8,KPK,Kohat,Rural Road,Average,Clear,Daylight,Car/Taxi,2,Mechanical Failure,1,0,0,0,2,0,Low
2018,2,Tuesday,17,Punjab,Lahore,National Highway,Average,Rainy,Daylight,Rickshaw,1,Over Speeding,1,0,0,1,4,2,High
2022,12,Monday,22,Balochistan,Loralai,National Highway,Good,Rainy,Street Light,Motorcycle,1,Road Condition,0,0,1,1,11,0,High
2019,11,Thursday,22,AJK,Rawalakot,National Highway,Good,Clear,No Light,Motorcycle,2,Signal Violation,0,0,1,1,8,2,High
2021,1,Saturday,9,Punjab,Faisalabad,National Highway,Good,Clear,Street Light,Motorcycle,1,Over Speeding,1,1,0,1,2,1,High
2023,6,Saturday,7,Sindh,Larkana,National Highway,Average,Dusty/Smoggy,Daylight,Rickshaw,2,Wrong Overtaking,1,1,0,0,5,2,Medium
2023,6,Monday,4,Punjab,Sheikhupura,Provincial Highway,Average,Clear,Street Light,Motorcycle,3,Over Speeding,0,0,1,0,9,2,High
2020,4,Wednesday,0,KPK,Peshawar,Provincial Highway,Under Repair,Clear,Street Light,Car/Taxi,2,Pedestrian Error,0,0,1,0,2,0,Low
2020,6,Saturday,20,Punjab,Rahim Yar Khan,Urban Road,Good,Clear,No Light,Car/Taxi,1,Signal Violation,1,1,0,0,0,0,Low
2021,10,Friday,2,Punjab,Sialkot,National Highway,Average,Rainy,No Light,Motorcycle,2,Road Condition,0,0,1,0,7,2,High
2022,8,Friday,9,KPK,Dera Ismail Khan,Provincial Highway,Good,Dusty/Smoggy,Daylight,Motorcycle,1,Road Condition,1,0,0,0,5,0,Medium
2022,10,Thursday,23,KPK,Peshawar,Rural Road,Good,Clear,Street Light,Van/Pickup,4,Over Speeding,0,0,1,0,5,1,Medium
2022,7,Thursday,11,Punjab,Sialkot,Urban Road,Poor,Rainy,Daylight,Truck/Lorry,2,Mechanical Failure,0,0,0,0,1,0,Low
2022,10,Tuesday,13,Punjab,Lahore,National Highway,Average,Rainy,Daylight,Car/Taxi,2,Over Speeding,1,0,0,0,9,1,High
2019,8,Wednesday,10,Punjab,Rawalpindi,Urban Road,Under Repair,Clear,Street Light,Rickshaw,2,Driver Fatigue,0,0,0,0,0,0,Low
2019,10,Friday,18,Sindh,Larkana,Provincial Highway,Average,Clear,Daylight,Motorcycle,3,Signal Violation,1,0,0,0,2,0,High
2019,7,Monday,16,KPK,Dera Ismail Khan,Urban Road,Average,Extreme Heat,Daylight,Motorcycle,3,Over Speeding,0,0,0,0,3,2,Medium
2018,11,Saturday,9,Sindh,Mirpur Khas,Motorway,Average,Clear,Daylight,Bus/Coach,3,Wrong Overtaking,1,1,0,1,2,2,High
2023,7,Saturday,10,Sindh,Jacobabad,National Highway,Average,Clear,No Light,Car/Taxi,1,Mechanical Failure,0,1,0,0,0,0,Low
2022,9,Saturday,18,KPK,Mardan,Urban Road,Average,Clear,Street Light,Rickshaw,3,Over Speeding,1,1,0,0,1,0,Low
2018,12,Sunday,14,Sindh,Nawabshah,Urban Road,Good,Rainy,Daylight,Motorcycle,1,Over Speeding,0,1,0,1,4,1,Medium
2019,1,Tuesday,12,Sindh,Larkana,Provincial Highway,Average,Clear,Daylight,Car/Taxi,3,Over Speeding,1,0,0,1,5,0,Medium
2021,9,Wednesday,16,Sindh,Nawabshah,National Highway,Good,Clear,Daylight,Car/Taxi,2,Over Speeding,0,0,0,0,8,2,High
2023,9,Monday,18,Balochistan,Loralai,Rural Road,Good,Clear,Daylight,Motorcycle,1,Pedestrian Error,1,0,0,0,0,0,Low
2020,8,Friday,19,Punjab,Sargodha,Rural Road,Good,Clear,Street Light,Motorcycle,1,Signal Violation,1,0,0,0,1,0,Medium
2022,9,Friday,12,Punjab,Gujranwala,Rural Road,Poor,Rainy,Daylight,Motorcycle,1,Wrong Overtaking,1,0,0,0,2,0,Medium
2021,6,Saturday,18,Punjab,Sargodha,Urban Road,Under Repair,Foggy,Daylight,Truck/Lorry,2,Signal Violation,1,1,0,0,5,0,Medium
2023,12,Monday,21,KPK,Abbottabad,Provincial Highway,Poor,Foggy,Street Light,Motorcycle,3,Wrong Overtaking,0,0,0,1,5,1,High
2021,1,Wednesday,20,Punjab,Rahim Yar Khan,National Highway,Poor,Rainy,No Light,Truck/Lorry,2,Road Condition,1,0,0,1,4,2,Medium
2019,8,Thursday,19,Punjab,Gujranwala,Provincial Highway,Good,Extreme Heat,Dawn/Dusk,Car/Taxi,1,Pedestrian Error,1,0,0,0,1,0,Low
2022,11,Saturday,14,AJK,Muzaffarabad,Provincial Highway,Good,Extreme Heat,Daylight,Rickshaw,2,Signal Violation,0,1,0,1,5,2,Medium
2021,5,Saturday,7,Islamabad,Islamabad,National Highway,Under Repair,Clear,Dawn/Dusk,Rickshaw,1,Over Speeding,1,1,0,0,4,0,High
2022,5,Sunday,18,AJK,Mirpur,Rural Road,Poor,Extreme Heat,Daylight,Car/Taxi,1,Over Speeding,1,1,0,0,0,0,Low
2022,9,Monday,19,Punjab,Faisalabad,Urban Road,Good,Clear,Street Light,Motorcycle,2,Signal Violation,1,0,0,0,1,0,Low
2020,5,Friday,21,Balochistan,Gwadar,Urban Road,Under Repair,Clear,No Light,Car/Taxi,2,Over Speeding,0,0,0,0,2,0,Low
2021,12,Friday,13,Punjab,Faisalabad,Urban Road,Average,Clear,Daylight,Bus/Coach,3,Over Speeding,1,0,0,1,1,0,Low
2023,4,Friday,13,Punjab,Sheikhupura,National Highway,Good,Dusty/Smoggy,Daylight,Car/Taxi,2,Road Condition,1,0,0,0,3,1,Medium
2022,10,Sunday,19,Punjab,Sheikhupura,Urban Road,Under Repair,Clear,Daylight,Car/Taxi,1,Road Condition,1,1,0,0,0,0,Low
2019,5,Monday,10,Sindh,Karachi,Rural Road,Poor,Clear,Street Light,Motorcycle,2,Signal Violation,0,0,0,0,4,0,Medium
2019,6,Friday,16,Punjab,Faisalabad,Provincial Highway,Good,Clear,Daylight,Rickshaw,2,Wrong Overtaking,0,0,0,0,2,1,Low
2018,9,Thursday,18,Sindh,Thatta,Rural Road,Average,Clear,Daylight,Motorcycle,2,Over Speeding,1,0,0,0,1,0,Medium
2022,8,Thursday,19,KPK,Abbottabad,Provincial Highway,Good,Clear,No Light,Motorcycle,2,Road Condition,1,0,0,0,2,0,Medium
2018,4,Sunday,7,Punjab,Rawalpindi,Urban Road,Average,Clear,Daylight,Motorcycle,2,Signal Violation,1,1,0,0,4,0,Medium
2020,12,Thursday,22,Punjab,Rahim Yar Khan,Urban Road,Good,Clear,Street Light,Car/Taxi,2,Signal Violation,0,0,1,1,0,0,Low
2021,5,Sunday,14,Punjab,Sialkot,Rural Road,Average,Extreme Heat,Street Light,Car/Taxi,2,Pedestrian Error,0,1,0,0,0,0,Low
2021,5,Friday,6,Islamabad,Islamabad,Provincial Highway,Good,Extreme Heat,Dawn/Dusk,Motorcycle,3,Over Speeding,0,0,0,0,11,0,High
2023,6,Thursday,19,Punjab,Gujranwala,National Highway,Average,Extreme Heat,Street Light,Motorcycle,1,Wrong Overtaking,1,0,0,0,4,1,High
2023,6,Sunday,10,Sindh,Larkana,National Highway,Poor,Clear,Street Light,Motorcycle,3,Drunk Driving,0,1,0,0,10,2,High
2022,1,Wednesday,9,Punjab,Sargodha,Provincial Highway,Average,Dusty/Smoggy,Daylight,Motorcycle,2,Mobile Phone Use,1,0,0,1,2,0,Medium
2020,12,Wednesday,15,Balochistan,Quetta,Provincial Highway,Average,Foggy,Daylight,Motorcycle,2,Mobile Phone Use,0,0,0,1,3,2,Medium
2021,7,Wednesday,21,Punjab,Lahore,Urban Road,Average,Clear,No Light,Motorcycle,2,Mechanical Failure,0,0,0,0,5,1,Medium
2020,7,Tuesday,15,Punjab,Lahore,National Highway,Average,Clear,Daylight,Motorcycle,3,Over Speeding,0,0,0,0,4,0,High
2022,12,Tuesday,13,Punjab,Bahawalpur,Provincial Highway,Average,Clear,Daylight,Car/Taxi,3,Over Speeding,1,0,0,1,1,1,Medium
2020,8,Tuesday,0,Balochistan,Sibi,Urban Road,Average,Clear,Street Light,Truck/Lorry,1,Over Speeding,0,0,1,0,4,0,Medium
2023,9,Tuesday,16,Punjab,Rawalpindi,Urban Road,Average,Clear,Dawn/Dusk,Motorcycle,3,Over Speeding,0,0,0,0,1,2,Medium
2019,5,Sunday,18,Sindh,Karachi,Urban Road,Poor,Clear,Street Light,Motorcycle,4,Over Speeding,1,1,0,0,5,1,Medium
2023,5,Tuesday,20,Punjab,Sheikhupura,Urban Road,Poor,Dusty/Smoggy,Street Light,Motorcycle,1,Wrong Overtaking,1,0,0,0,3,0,Medium
2022,8,Monday,19,Islamabad,Islamabad,Urban Road,Poor,Clear,Dawn/Dusk,Motorcycle,2,Wrong Overtaking,1,0,0,0,1,0,Low
2018,8,Sunday,20,Sindh,Sukkur,Rural Road,Good,Clear,Street Light,Bus/Coach,4,Over Speeding,1,1,0,0,4,0,Medium
2023,2,Monday,6,Sindh,Dadu,National Highway,Average,Clear,Daylight,Car/Taxi,2,Over Speeding,0,0,0,1,9,2,High
2019,12,Friday,5,Sindh,Larkana,Provincial Highway,Good,Clear,Street Light,Motorcycle,2,Signal Violation,0,0,1,1,9,1,High
2020,7,Thursday,20,Punjab,Lahore,National Highway,Good,Clear,No Light,Motorcycle,2,Wrong Overtaking,1,0,0,0,10,1,High
2020,5,Wednesday,21,Punjab,Gujranwala,National Highway,Average,Clear,No Light,Rickshaw,3,Mechanical Failure,0,0,0,0,0,0,Low
2023,4,Friday,19,Sindh,Jacobabad,Provincial Highway,Good,Rainy,Dawn/Dusk,Motorcycle,1,Wrong Overtaking,1,0,0,0,7,4,High
2023,12,Friday,7,Islamabad,Islamabad,Motorway,Good,Rainy,Daylight,Bus/Coach,2,Signal Violation,1,0,0,1,1,0,Medium
2021,11,Saturday,12,Punjab,Sialkot,National Highway,Good,Rainy,Daylight,Motorcycle,4,Over Speeding,1,1,0,1,6,2,High
2023,7,Monday,15,Balochistan,Gwadar,Provincial Highway,Average,Clear,Daylight,Bus/Coach,2,Wrong Overtaking,0,0,0,0,2,0,Low
2021,12,Tuesday,19,Punjab,Rahim Yar Khan,Rural Road,Good,Clear,Dawn/Dusk,Car/Taxi,3,Wrong Overtaking,1,0,0,1,0,0,Low
2022,7,Wednesday,5,Islamabad,Islamabad,National Highway,Good,Clear,Dawn/Dusk,Car/Taxi,2,Wrong Overtaking,0,0,1,0,10,0,High
2019,6,Wednesday,18,Punjab,Bahawalpur,National Highway,Poor,Clear,Daylight,Motorcycle,2,Over Speeding,1,0,0,0,9,1,High
2021,5,Tuesday,22,Punjab,Rahim Yar Khan,Provincial Highway,Good,Clear,Street Light,Motorcycle,1,Pedestrian Error,0,0,1,0,5,0,Medium
2022,12,Tuesday,3,Sindh,Kashmore,Urban Road,Poor,Foggy,No Light,Motorcycle,1,Over Speeding,0,0,1,1,2,2,High
2023,10,Wednesday,13,KPK,Peshawar,Urban Road,Average,Clear,Street Light,Truck/Lorry,1,Wrong Overtaking,1,0,0,0,1,0,Low
2018,5,Wednesday,10,KPK,Swat,National Highway,Good,Rainy,Daylight,Motorcycle,2,Drunk Driving,0,0,0,0,3,3,High
2020,8,Friday,19,Sindh,Jacobabad,Rural Road,Good,Clear,Daylight,Car/Taxi,3,Wrong Overtaking,1,0,0,0,2,0,Low
2020,4,Tuesday,18,Sindh,Nawabshah,National Highway,Good,Clear,Daylight,Truck/Lorry,4,Mobile Phone Use,1,0,0,0,4,1,Medium
2023,11,Sunday,20,Punjab,Lahore,Rural Road,Poor,Clear,No Light,Bus/Coach,2,Wrong Overtaking,1,1,0,1,2,1,Medium
2020,11,Friday,12,Punjab,Gujranwala,National Highway,Good,Clear,Dawn/Dusk,Motorcycle,2,Mobile Phone Use,1,0,0,1,5,2,High
2019,6,Sunday,12,Punjab,Sialkot,Provincial Highway,Poor,Clear,Daylight,Motorcycle,4,Wrong Overtaking,1,1,0,0,11,1,High
2020,10,Monday,20,Sindh,Kashmore,Urban Road,Good,Clear,No Light,Motorcycle,2,Over Speeding,1,0,0,0,2,1,Medium
2022,9,Friday,12,Sindh,Dadu,Rural Road,Average,Rainy,Daylight,Rickshaw,1,Wrong Overtaking,1,0,0,0,0,0,Low
2020,9,Sunday,18,KPK,Kohat,National Highway,Poor,Clear,Daylight,Truck/Lorry,2,Mechanical Failure,1,1,0,0,5,0,Medium
2019,7,Saturday,11,KPK,Kohat,Rural Road,Under Repair,Clear,Daylight,Motorcycle,2,Over Speeding,0,1,0,0,3,0,Medium
2023,6,Wednesday,12,Punjab,Bahawalpur,Motorway,Under Repair,Clear,Daylight,Motorcycle,3,Over Speeding,1,0,0,0,3,2,High
2022,2,Wednesday,22,KPK,Mansehra,Motorway,Average,Rainy,Street Light,Rickshaw,3,Road Condition,0,0,1,1,3,1,Medium
2023,5,Sunday,22,Punjab,Rahim Yar Khan,Provincial Highway,Average,Foggy,No Light,Car/Taxi,2,Over Speeding,0,1,1,0,10,1,High
2021,10,Thursday,14,KPK,Charsadda,National Highway,Good,Clear,Daylight,Car/Taxi,1,Over Speeding,0,0,0,0,5,0,Medium
2023,9,Thursday,16,Punjab,Sialkot,Provincial Highway,Good,Dusty/Smoggy,Daylight,Motorcycle,2,Wrong Overtaking,0,0,0,0,5,0,Medium
2023,9,Sunday,16,KPK,Bannu,Rural Road,Poor,Foggy,Daylight,Bicycle,1,Driver Fatigue,0,1,0,0,4,0,Medium
2023,10,Friday,15,Sindh,Thatta,Provincial Highway,Average,Foggy,Daylight,Motorcycle,3,Over Speeding,0,0,0,0,6,3,High
2021,10,Sunday,18,Sindh,Thatta,Rural Road,Poor,Clear,Street Light,Motorcycle,1,Wrong Overtaking,1,1,0,0,1,1,Medium
2020,8,Tuesday,1,KPK,Peshawar,Urban Road,Good,Clear,Street Light,Motorcycle,2,Signal Violation,0,0,1,0,2,1,Medium
2022,6,Sunday,23,Punjab,Multan,Provincial Highway,Poor,Clear,No Light,Car/Taxi,1,Drunk Driving,0,1,1,0,9,1,High
2023,2,Friday,12,Punjab,Faisalabad,Provincial Highway,Good,Dusty/Smoggy,Daylight,Motorcycle,1,Wrong Overtaking,1,0,0,1,3,1,Medium
2022,1,Monday,15,Sindh,Jacobabad,Urban Road,Under Repair,Dusty/Smoggy,Street Light,Motorcycle,2,Over Speeding,0,0,0,1,2,1,Medium
2020,9,Monday,22,Balochistan,Dera Bugti,Provincial Highway,Poor,Clear,Street Light,Motorcycle,2,Over Speeding,0,0,1,0,11,3,High
2020,8,Friday,10,Punjab,Sialkot,Provincial Highway,Poor,Rainy,No Light,Motorcycle,1,Wrong Overtaking,0,0,0,0,6,1,High
2023,1,Monday,17,Punjab,Sargodha,National Highway,Good,Clear,Street Light,Car/Taxi,3,Pedestrian Error,1,0,0,1,2,0,Low
2019,8,Thursday,19,Sindh,Mirpur Khas,Urban Road,Poor,Clear,Dawn/Dusk,Van/Pickup,1,Mechanical Failure,1,0,0,0,1,0,Low
2019,6,Sunday,12,Sindh,Sukkur,Urban Road,Good,Clear,Street Light,Rickshaw,2,Road Condition,1,1,0,0,2,0,Low
2021,6,Thursday,14,Sindh,Larkana,Urban Road,Average,Clear,Daylight,Truck/Lorry,2,Mechanical Failure,0,0,0,0,1,0,Low
2019,1,Monday,8,Balochistan,Dera Bugti,Motorway,Average,Foggy,Daylight,Car/Taxi,2,Wrong Overtaking,1,0,0,1,5,2,Medium
2023,1,Sunday,8,Sindh,Karachi,National Highway,Poor,Clear,Street Light,Car/Taxi,1,Signal Violation,1,1,0,1,1,0,Medium
2018,10,Saturday,20,Punjab,Gujranwala,Urban Road,Average,Foggy,Street Light,Van/Pickup,2,Pedestrian Error,1,1,0,0,1,1,Low
2022,12,Saturday,9,Punjab,Sialkot,Provincial Highway,Good,Clear,Dawn/Dusk,Motorcycle,2,Drunk Driving,1,1,0,1,4,3,High
2021,9,Monday,17,Sindh,Jacobabad,National Highway,Average,Extreme Heat,Daylight,Motorcycle,2,Weather Condition,1,0,0,0,5,0,Medium
2023,11,Friday,23,KPK,Charsadda,Provincial Highway,Good,Clear,Street Light,Motorcycle,4,Road Condition,0,0,1,1,2,1,Medium
2018,1,Friday,8,Punjab,Gujranwala,Motorway,Poor,Clear,Daylight,Car/Taxi,2,Road Condition,1,0,0,1,0,0,Low
2018,1,Monday,1,AJK,Muzaffarabad,Motorway,Average,Clear,Street Light,Motorcycle,1,Signal Violation,0,0,1,1,2,1,High
2018,12,Friday,19,Punjab,Gujranwala,Rural Road,Good,Clear,Dawn/Dusk,Motorcycle,1,Pedestrian Error,1,0,0,1,1,0,Low
2020,8,Thursday,16,Sindh,Karachi,Provincial Highway,Average,Extreme Heat,Daylight,Car/Taxi,1,Mechanical Failure,0,0,0,0,2,0,Low
2020,11,Tuesday,23,Punjab,Bahawalpur,Urban Road,Average,Clear,No Light,Motorcycle,4,Signal Violation,0,0,1,1,2,0,Medium
2022,10,Thursday,9,Balochistan,Turbat,National Highway,Good,Clear,Daylight,Truck/Lorry,4,Road Condition,1,0,0,0,5,0,Medium
2018,4,Monday,20,KPK,Mardan,National Highway,Good,Clear,Street Light,Car/Taxi,1,Drunk Driving,1,0,0,0,5,0,Medium
2023,4,Tuesday,4,Punjab,Sialkot,National Highway,Good,Rainy,Street Light,Motorcycle,2,Signal Violation,0,0,1,0,5,0,High
2021,10,Friday,14,Islamabad,Islamabad,National Highway,Poor,Clear,Daylight,Bicycle,2,Pedestrian Error,0,0,0,0,9,2,High
2018,6,Sunday,3,Punjab,Sheikhupura,Rural Road,Good,Clear,No Light,Motorcycle,2,Mobile Phone Use,0,1,1,0,2,0,Low
2020,6,Friday,10,KPK,Kohat,Provincial Highway,Good,Clear,Daylight,Rickshaw,2,Over Speeding,0,0,0,0,1,0,Low
2021,7,Thursday,17,KPK,Mansehra,Provincial Highway,Good,Foggy,Daylight,Rickshaw,2,Wrong Overtaking,1,0,0,0,3,0,Medium
2023,6,Monday,17,KPK,Abbottabad,National Highway,Average,Clear,Street Light,Car/Taxi,2,Over Speeding,1,0,0,0,2,1,Medium
2022,12,Tuesday,23,Balochistan,Sibi,Rural Road,Good,Clear,No Light,Car/Taxi,2,Mobile Phone Use,0,0,1,1,0,1,Low
2021,10,Saturday,17,Balochistan,Gwadar,National Highway,Good,Extreme Heat,Dawn/Dusk,Motorcycle,1,Driver Fatigue,1,1,0,0,9,3,High
2018,5,Thursday,19,Gilgit-Baltistan,Skardu,Rural Road,Average,Foggy,No Light,Motorcycle,2,Signal Violation,1,0,0,0,9,2,High
2020,7,Tuesday,5,Punjab,Multan,National Highway,Good,Clear,Dawn/Dusk,Van/Pickup,1,Signal Violation,0,0,1,0,5,0,Medium