year,month,day_of_week,hour_of_day,province,district,road_type,road_condition,weather_condition,lighting_condition,vehicle_type,vehicles_involved,accident_cause,is_rush_hour,is_weekend,is_night,is_foggy_month,num_injured,num_killed,severity
2021,12,Monday,20,Punjab,Sialkot,Provincial Highway,Good,Foggy,Street Light,Van/Pickup,2,Mobile Phone Use,1,0,0,1,1,0,Low
2022,6,Friday,18,Sindh,Karachi,Provincial Highway,Good,Foggy,Daylight,Motorcycle,2,Wrong Overtaking,1,0,0,0,8,0,High
2022,2,Saturday,11,KPK,Peshawar,Rural Road,Under Repair,Foggy,Daylight,Rickshaw,1,Over Speeding,0,1,0,1,2,1,Low
2021,12,Monday,22,Sindh,Karachi,Motorway,Good,Clear,Street Light,Motorcycle,3,Over Speeding,0,0,1,1,10,1,High
2022,3,Sunday,20,Punjab,Rahim Yar Khan,Rural Road,Poor,Clear,Street Light,Motorcycle,3,Driver Fatigue,1,1,0,0,11,2,High
2021,11,Friday,6,Balochistan,Turbat,Urban Road,Good,Foggy,Daylight,Car/Taxi,1,Over Speeding,0,0,0,1,3,1,Medium
2023,4,Thursday,18,Islamabad,Islamabad,Provincial Highway,Poor,Clear,Daylight,Truck/Lorry,2,Signal Violation,1,0,0,0,3,0,Medium
2022,8,Thursday,12,Punjab,Sargodha,National Highway,Average,Clear,Daylight,Truck/Lorry,3,Signal Violation,1,0,0,0,3,2,High
2020,2,Monday,16,Punjab,Rawalpindi,Urban Road,Good,Clear,Street Light,Truck/Lorry,2,Driver Fatigue,0,0,0,1,3,0,Medium
2022,1,Thursday,12,Punjab,Lahore,Urban Road,Under Repair,Clear,Daylight,Truck/Lorry,1,Road Condition,1,0,0,1,0,0,Low
2020,8,Monday,18,Punjab,Bahawalpur,Rural Road,Average,Clear,Daylight,Car/Taxi,4,Over Speeding,1,0,0,0,2,0,Low
2021,11,Saturday,17,KPK,Charsadda,Urban Road,Average,Clear,Daylight,Bus/Coach,3,Over Speeding,1,1,0,1,5,1,Medium
2023,12,Tuesday,10,Balochistan,Gwadar,Rural Road,Poor,Clear,Daylight,Car/Taxi,3,Driver Fatigue,0,0,0,1,0,0,Low
2022,3,Friday,11,Punjab,Sargodha,Provincial Highway,Poor,Clear,Daylight,Car/Taxi,2,Wrong Overtaking,0,0,0,0,1,0,Low
2019,7,Thursday,18,Sindh,Hyderabad,Provincial Highway,Good,Foggy,No Light,Motorcycle,2,Over Speeding,1,0,0,0,2,0,High
2023,8,Tuesday,19,KPK,Mansehra,Rural Road,Poor,Foggy,Dawn/Dusk,Car/Taxi,2,Wrong Overtaking,1,0,0,0,3,0,Medium
2022,11,Wednesday,20,Punjab,Sheikhupura,Urban Road,Good,Dusty/Smoggy,Street Light,Car/Taxi,2,Drunk Driving,1,0,0,1,2,1,Low
2022,12,Tuesday,16,Sindh,Jacobabad,Rural Road,Good,Rainy,Daylight,Motorcycle,3,Wrong Overtaking,0,0,0,1,4,0,Medium
2023,7,Friday,20,KPK,Mansehra,National Highway,Good,Clear,No Light,Motorcycle,3,Pedestrian Error,1,0,0,0,2,0,Medium
2020,3,Thursday,9,KPK,Dera Ismail Khan,National Highway,Good,Clear,Daylight,Motorcycle,3,Driver Fatigue,1,0,0,0,8,2,High
2020,5,Sunday,16,Sindh,Hyderabad,National Highway,Good,Foggy,Daylight,Car/Taxi,2,Mechanical Failure,0,1,0,0,4,0,Medium
2022,2,Sunday,20,KPK,Swat,Rural Road,Under Repair,Foggy,No Light,Motorcycle,3,Over Speeding,1,1,0,1,10,2,High
2020,2,Thursday,15,Punjab,Sialkot,Provincial Highway,Average,Clear,No Light,Car/Taxi,1,Wrong Overtaking,0,0,0,1,2,1,Low
2023,2,Friday,17,Punjab,Gujranwala,National Highway,Average,Rainy,No Light,Car/Taxi,3,Signal Violation,1,0,0,1,2,0,Medium
2021,11,Friday,11,Punjab,Gujranwala,National Highway,Poor,Clear,Daylight,Car/Taxi,2,Drunk Driving,0,0,0,1,1,0,Medium
2022,7,Friday,8,Punjab,Multan,National Highway,Average,Clear,Daylight,Truck/Lorry,2,Wrong Overtaking,1,0,0,0,4,0,Medium
2022,9,Monday,16,Punjab,Bahawalpur,Urban Road,Good,Clear,Daylight,Car/Taxi,3,Signal Violation,0,0,0,0,0,0,Low
2021,9,Wednesday,9,Punjab,Bahawalpur,Provincial Highway,Good,Clear,Street Light,Motorcycle,2,Wrong Overtaking,1,0,0,0,3,2,Medium
2018,9,Monday,11,Sindh,Mirpur Khas,Urban Road,Average,Clear,Daylight,Truck/Lorry,2,Over Speeding,0,0,0,0,1,0,Low
2021,9,Thursday,8,Sindh,Jacobabad,Provincial Highway,Poor,Rainy,Daylight,Motorcycle,2,Pedestrian Error,1,0,0,0,7,2,High
2020,5,Wednesday,20,Punjab,Faisalabad,Rural Road,Good,Rainy,Street Light,Car/Taxi,1,Road Condition,1,0,0,0,1,0,Low
2020,5,Saturday,6,Punjab,Rawalpindi,National Highway,Good,Clear,Daylight,Rickshaw,4,Wrong Overtaking,0,1,0,0,3,0,Medium
2019,3,Friday,6,Sindh,Kashmore,Urban Road,Good,Clear,Daylight,Motorcycle,1,Signal Violation,0,0,0,0,2,0,Medium
2020,5,Saturday,0,Punjab,Sheikhupura,Urban Road,Poor,Clear,No Light,Rickshaw,1,Signal Violation,0,1,1,0,1,0,Low
2023,9,Friday,19,Punjab,Sargodha,Urban Road,Good,Dusty/Smoggy,Daylight,Motorcycle,2,Over Speeding,1,0,0,0,5,1,Medium
2022,10,Saturday,14,KPK,Mansehra,National Highway,Good,Rainy,Daylight,Other,2,Driver Fatigue,0,1,0,0,6,2,High
2021,10,Monday,11,Punjab,Sargodha,Provincial Highway,Poor,Rainy,No Light,Car/Taxi,2,Over Speeding,0,0,0,0,3,3,High
2023,3,Sunday,9,Punjab,Sialkot,National Highway,Good,Clear,Daylight,Motorcycle,1,Road Condition,1,1,0,0,4,0,Medium
2018,11,Tuesday,5,Punjab,Faisalabad,National Highway,Good,Foggy,Dawn/Dusk,Motorcycle,2,Signal Violation,0,0,1,1,8,2,High
2023,11,Sunday,17,Punjab,Rawalpindi,Urban Road,Average,Rainy,Daylight,Motorcycle,3,Wrong Overtaking,1,1,0,1,1,0,Medium
2022,7,Saturday,17,Islamabad,Islamabad,Motorway,Good,Foggy,Street Light,Bicycle,3,Pedestrian Error,1,1,0,0,6,1,High
2018,7,Friday,5,Punjab,Gujranwala,Urban Road,Good,Clear,No Light,Van/Pickup,2,Over Speeding,0,0,1,0,2,1,Low
2023,4,Tuesday,2,Sindh,Hyderabad,Rural Road,Poor,Clear,Street Light,Car/Taxi,2,Over Speeding,0,0,1,0,4,0,Medium
2022,9,Tuesday,8,KPK,Abbottabad,National Highway,Good,Rainy,Daylight,Motorcycle,2,Signal Violation,1,0,0,0,2,2,High
2020,12,Sunday,18,Punjab,Sargodha,Urban Road,Good,Clear,Daylight,Motorcycle,1,Road Condition,1,1,0,1,0,0,Low
2021,3,Tuesday,9,Punjab,Faisalabad,Provincial Highway,Good,Clear,Daylight,Motorcycle,3,Mobile Phone Use,1,0,0,0,3,0,Medium
2021,2,Thursday,10,KPK,Mansehra,National Highway,Under Repair,Extreme Heat,Daylight,Motorcycle,2,Road Condition,0,0,0,1,2,1,Medium
2020,5,Friday,17,Balochistan,Dera Bugti,Urban Road,Average,Dusty/Smoggy,Daylight,Motorcycle,2,Over Speeding,1,0,0,0,2,2,Medium
2019,9,Monday,16,Punjab,Gujranwala,Urban Road,Poor,Clear,Daylight,Van/Pickup,2,Road Condition,0,0,0,0,1,1,Low
2022,7,Friday,2,Punjab,Rawalpindi,Rural Road,Good,Clear,No Light,Truck/Lorry,2,Over Speeding,0,0,1,0,2,0,High
2022,11,Sunday,13,KPK,Charsadda,National Highway,Good,Clear,Daylight,Car/Taxi,2,Signal Violation,1,1,0,1,2,2,Medium
2020,9,Monday,11,Punjab,Sialkot,Urban Road,Good,Clear,Daylight,Motorcycle,1,Pedestrian Error,0,0,0,0,1,0,Medium
2021,5,Friday,18,Punjab,Sheikhupura,Urban Road,Good,Foggy,Daylight,Motorcycle,3,Road Condition,1,0,0,0,4,1,Medium
2022,10,Monday,20,Punjab,Lahore,Urban Road,Good,Dusty/Smoggy,Street Light,Motorcycle,1,Over Speeding,1,0,0,0,5,0,Medium
2023,6,Tuesday,14,Punjab,Rawalpindi,National Highway,Poor,Extreme Heat,Daylight,Motorcycle,2,Over Speeding,0,0,0,0,2,2,High
2019,3,Thursday,11,Punjab,Rahim Yar Khan,Provincial Highway,Good,Clear,Daylight,Bus/Coach,1,Pedestrian Error,0,0,0,0,1,0,Low
2018,8,Monday,19,Sindh,Thatta,Urban Road,Good,Rainy,Dawn/Dusk,Bus/Coach,2,Driver Fatigue,1,0,0,0,4,0,Medium
2018,12,Tuesday,1,KPK,Peshawar,National Highway,Good,Clear,Street Light,Motorcycle,2,Over Speeding,0,0,1,1,10,0,High
2018,12,Wednesday,6,Sindh,Thatta,National Highway,Good,Foggy,Daylight,Rickshaw,3,Wrong Overtaking,0,0,0,1,2,1,Medium
2020,1,Tuesday,2,Punjab,Rahim Yar Khan,Urban Road,Good,Foggy,Street Light,Van/Pickup,4,Pedestrian Error,0,0,1,1,1,0,Low
2021,5,Sunday,8,Sindh,Mirpur Khas,Urban Road,Good,Clear,Daylight,Bus/Coach,2,Over Speeding,1,1,0,0,4,1,Medium
2022,6,Sunday,14,KPK,Charsadda,National Highway,Average,Clear,Daylight,Car/Taxi,3,Wrong Overtaking,0,1,0,0,2,0,Low
2021,2,Saturday,9,Punjab,Rahim Yar Khan,Urban Road,Good,Clear,Daylight,Motorcycle,2,Over Speeding,1,1,0,1,1,0,Medium
2020,6,Thursday,7,Punjab,Sargodha,Provincial Highway,Good,Foggy,Daylight,Car/Taxi,1,Over Speeding,1,0,0,0,3,0,Medium
2021,7,Wednesday,20,Punjab,Sheikhupura,National Highway,Good,Clear,No Light,Rickshaw,2,Weather Condition,1,0,0,0,0,0,Low
2021,4,Tuesday,5,Punjab,Sargodha,National Highway,Average,Clear,Dawn/Dusk,Car/Taxi,1,Signal Violation,0,0,1,0,4,2,High
2023,3,Wednesday,20,Islamabad,Islamabad,Rural Road,Average,Rainy,Street Light,Motorcycle,3,Over Speeding,1,0,0,0,3,1,Medium
2022,5,Thursday,18,Sindh,Larkana,Provincial Highway,Poor,Rainy,Daylight,Van/Pickup,1,Mobile Phone Use,1,0,0,0,2,0,Low
2021,8,Thursday,9,Punjab,Lahore,National Highway,Good,Dusty/Smoggy,Daylight,Van/Pickup,2,Road Condition,1,0,0,0,1,0,Low
2022,7,Thursday,14,KPK,Mardan,Urban Road,Poor,Clear,Daylight,Car/Taxi,2,Wrong Overtaking,0,0,0,0,0,0,Low
2023,6,Thursday,22,Punjab,Faisalabad,Provincial Highway,Good,Clear,No Light,Motorcycle,2,Signal Violation,0,0,1,0,3,0,Medium
2021,12,Sunday,16,Punjab,Lahore,National Highway,Good,Foggy,Daylight,Car/Taxi,3,Mobile Phone Use,0,1,0,1,0,0,Low
2021,12,Thursday,12,Punjab,Rahim Yar Khan,Rural Road,Average,Clear,Daylight,Bus/Coach,1,Pedestrian Error,1,0,0,1,0,0,Low
2020,4,Saturday,11,Sindh,Jacobabad,Urban Road,Average,Foggy,Daylight,Motorcycle,2,Over Speeding,0,1,0,0,3,1,High
2022,1,Saturday,21,Punjab,Multan,National Highway,Good,Dusty/Smoggy,No Light,Car/Taxi,3,Over Speeding,0,1,0,1,8,1,High
2022,6,Monday,15,Punjab,Rahim Yar Khan,National Highway,Good,Clear,Daylight,Car/Taxi,2,Over Speeding,0,0,0,0,8,0,High
2022,1,Wednesday,4,Punjab,Sargodha,Provincial Highway,Good,Clear,Street Light,Rickshaw,2,Over Speeding,0,0,1,1,4,1,Medium
2021,7,Sunday,16,Punjab,Bahawalpur,Motorway,Average,Clear,Daylight,Truck/Lorry,2,Over Speeding,0,1,0,0,8,3,High
2018,1,Saturday,11,KPK,Mansehra,Provincial Highway,Good,Clear,Street Light,Motorcycle,1,Road Condition,0,1,0,1,0,0,Low
2021,11,Friday,20,KPK,Charsadda,Rural Road,Good,Rainy,No Light,Motorcycle,3,Driver Fatigue,1,0,0,1,1,0,Medium
2023,5,Thursday,6,KPK,Mardan,Urban Road,Average,Clear,Daylight,Van/Pickup,2,Pedestrian Error,0,0,0,0,1,0,Low
2019,10,Sunday,18,Sindh,Karachi,National Highway,Poor,Rainy,Daylight,Car/Taxi,2,Driver Fatigue,1,1,0,0,8,3,High
2018,2,Sunday,11,Balochistan,Sibi,National Highway,Under Repair,Foggy,Daylight,Car/Taxi,2,Pedestrian Error,0,1,0,1,4,1,Medium
2022,6,Friday,11,Punjab,Sheikhupura,Rural Road,Average,Rainy,Daylight,Bicycle,1,Over Speeding,0,0,0,0,2,2,High
2023,1,Saturday,8,Punjab,Sheikhupura,Rural Road,Average,Clear,Daylight,Car/Taxi,2,Over Speeding,1,1,0,1,0,0,Low
2019,1,Friday,8,Punjab,Multan,Urban Road,Good,Foggy,Daylight,Rickshaw,3,Over Speeding,1,0,0,1,4,0,Medium
2022,12,Sunday,17,Punjab,Sheikhupura,Motorway,Average,Dusty/Smoggy,Daylight,Car/Taxi,2,Over Speeding,1,1,0,1,5,1,Medium
2020,11,Saturday,16,Punjab,Sheikhupura,Rural Road,Average,Clear,Daylight,Car/Taxi,1,Drunk Driving,0,1,0,1,0,0,Low
2021,3,Monday,11,Punjab,Gujranwala,National Highway,Under Repair,Clear,Daylight,Car/Taxi,2,Pedestrian Error,0,0,0,0,3,2,Medium
2020,11,Thursday,13,Punjab,Lahore,Provincial Highway,Poor,Clear,Daylight,Rickshaw,2,Driver Fatigue,1,0,0,1,1,1,Medium
2019,12,Wednesday,0,Sindh,Thatta,National Highway,Under Repair,Rainy,No Light,Rickshaw,1,Over Speeding,0,0,1,1,3,1,High
2020,5,Saturday,17,Islamabad,Islamabad,Rural Road,Good,Dusty/Smoggy,Daylight,Rickshaw,1,Over Speeding,1,1,0,0,0,0,Low
2020,6,Tuesday,16,Punjab,Lahore,National Highway,Good,Rainy,No Light,Van/Pickup,1,Road Condition,0,0,0,0,3,2,Medium
2023,3,Saturday,14,Punjab,Rawalpindi,Urban Road,Good,Rainy,No Light,Car/Taxi,3,Driver Fatigue,0,1,0,0,5,1,Medium
2018,12,Monday,13,KPK,Abbottabad,Urban Road,Good,Foggy,Daylight,Car/Taxi,3,Road Condition,1,0,0,1,0,0,Low
2019,5,Thursday,5,Punjab,Gujranwala,National Highway,Average,Clear,Dawn/Dusk,Motorcycle,3,Pedestrian Error,0,0,1,0,6,3,High
2021,3,Sunday,16,Punjab,Gujranwala,Rural Road,Average,Foggy,Daylight,Van/Pickup,1,Signal Violation,0,1,0,0,1,0,Low
2022,9,Friday,7,Punjab,Gujranwala,Urban Road,Under Repair,Clear,Daylight,Motorcycle,1,Pedestrian Error,1,0,0,0,2,0,Low
2019,3,Thursday,18,KPK,Swat,Rural Road,Average,Clear,Daylight,Car/Taxi,3,Over Speeding,1,0,0,0,1,0,Low
2020,11,Friday,11,KPK,Peshawar,Provincial Highway,Good,Foggy,Daylight,Bicycle,1,Over Speeding,0,0,0,1,7,3,High
2022,10,Friday,20,Sindh,Larkana,Rural Road,Under Repair,Clear,No Light,Motorcycle,1,Drunk Driving,1,0,0,0,8,2,High
2021,1,Wednesday,12,Punjab,Rahim Yar Khan,Rural Road,Good,Clear,Daylight,Bicycle,1,Mechanical Failure,1,0,0,1,0,0,Low
2022,6,Sunday,12,Punjab,Bahawalpur,Urban Road,Good,Rainy,Daylight,Bus/Coach,1,Driver Fatigue,1,1,0,0,1,0,Medium
2019,9,Friday,21,Punjab,Gujranwala,Provincial Highway,Average,Clear,Street Light,Car/Taxi,4,Wrong Overtaking,0,0,0,0,1,1,Low
2022,10,Friday,12,Islamabad,Islamabad,Rural Road,Good,Rainy,Daylight,Motorcycle,1,Pedestrian Error,1,0,0,0,2,0,Medium
2023,8,Monday,9,Sindh,Jacobabad,Rural Road,Good,Clear,Street Light,Rickshaw,2,Pedestrian Error,1,0,0,0,1,0,Low
2021,4,Tuesday,18,Punjab,Lahore,National Highway,Good,Dusty/Smoggy,Daylight,Rickshaw,2,Road Condition,1,0,0,0,1,1,Low
2019,11,Wednesday,17,KPK,Kohat,Provincial Highway,Good,Foggy,Daylight,Car/Taxi,3,Drunk Driving,1,0,0,1,4,2,Medium
2023,9,Saturday,13,Sindh,Kashmore,National Highway,Poor,Clear,Daylight,Van/Pickup,3,Over Speeding,1,1,0,0,4,0,Medium
2020,6,Saturday,18,AJK,Rawalakot,National Highway,Good,Clear,Daylight,Car/Taxi,2,Signal Violation,1,1,0,0,5,2,Medium
2023,12,Thursday,6,KPK,Charsadda,National Highway,Poor,Clear,Daylight,Rickshaw,1,Wrong Overtaking,0,0,0,1,1,0,Low
2020,8,Wednesday,16,Punjab,Gujranwala,National Highway,Under Repair,Clear,Daylight,Bicycle,2,Signal Violation,0,0,0,0,3,2,Medium
2022,2,Thursday,20,KPK,Peshawar,Provincial Highway,Under Repair,Clear,No Light,Motorcycle,1,Over Speeding,1,0,0,1,2,0,Medium
2019,7,Monday,11,Sindh,Hyderabad,Rural Road,Average,Clear,Street Light,Car/Taxi,2,Road Condition,0,0,0,0,2,0,Low
2022,12,Friday,10,Punjab,Sialkot,Urban Road,Average,Clear,Daylight,Bus/Coach,1,Signal Violation,0,0,0,1,4,0,Medium
2018,12,Sunday,6,KPK,Mardan,Rural Road,Average,Rainy,Daylight,Motorcycle,3,Wrong Overtaking,0,1,0,1,4,1,High
2021,1,Saturday,13,Sindh,Dadu,National Highway,Average,Rainy,Street Light,Motorcycle,2,Drunk Driving,1,1,0,1,7,1,High
2021,8,Saturday,7,Punjab,Sheikhupura,Urban Road,Poor,Clear,Daylight,Van/Pickup,1,Road Condition,1,1,0,0,0,0,Low
2020,5,Monday,23,Sindh,Hyderabad,Provincial Highway,Poor,Clear,No Light,Motorcycle,2,Driver Fatigue,0,0,1,0,6,0,High
2022,3,Thursday,15,Sindh,Karachi,National Highway,Average,Clear,Daylight,Motorcycle,3,Signal Violation,0,0,0,0,7,1,High
2021,3,Monday,7,Punjab,Sargodha,National Highway,Good,Rainy,Daylight,Rickshaw,2,Wrong Overtaking,1,0,0,0,4,1,High
2019,2,Thursday,11,Punjab,Sargodha,National Highway,Average,Clear,Daylight,Rickshaw,1,Over Speeding,0,0,0,1,2,3,High
2023,11,Tuesday,11,Sindh,Sukkur,National Highway,Good,Foggy,Daylight,Truck/Lorry,1,Over Speeding,0,0,0,1,3,0,High
2020,12,Friday,17,Punjab,Faisalabad,National Highway,Good,Clear,Daylight,Rickshaw,2,Wrong Overtaking,1,0,0,1,2,0,Low
2019,9,Friday,8,Balochistan,Sibi,Provincial Highway,Average,Clear,Dawn/Dusk,Motorcycle,1,Mobile Phone Use,1,0,0,0,2,0,Low
2018,5,Monday,5,Punjab,Sheikhupura,Motorway,Good,Foggy,Street Light,Motorcycle,3,Wrong Overtaking,0,0,1,0,5,0,High
2021,2,Friday,10,Punjab,Sialkot,Urban Road,Poor,Foggy,Daylight,Rickshaw,3,Wrong Overtaking,0,0,0,1,2,1,Low
2020,8,Friday,18,Punjab,Sargodha,Provincial Highway,Good,Clear,Street Light,Car/Taxi,2,Pedestrian Error,1,0,0,0,2,0,Low
2023,8,Friday,20,Sindh,Hyderabad,Provincial Highway,Poor,Foggy,No Light,Motorcycle,2,Signal Violation,1,0,0,0,5,0,High
2023,4,Sunday,9,Sindh,Nawabshah,Urban Road,Poor,Clear,Daylight,Truck/Lorry,3,Mechanical Failure,1,1,0,0,1,0,Low
2021,5,Friday,20,Punjab,Sialkot,Urban Road,Average,Foggy,Street Light,Van/Pickup,2,Over Speeding,1,0,0,0,5,0,Medium
2018,3,Sunday,9,Punjab,Bahawalpur,Rural Road,Good,Clear,Daylight,Motorcycle,1,Over Speeding,1,1,0,0,5,0,Medium
2020,3,Tuesday,13,KPK,Bannu,National Highway,Average,Clear,Daylight,Motorcycle,1,Over Speeding,1,0,0,0,10,1,High
2021,10,Friday,16,Punjab,Faisalabad,National Highway,Average,Clear,Daylight,Car/Taxi,1,Road Condition,0,0,0,0,2,0,Low
2019,5,Wednesday,17,Punjab,Sargodha,National Highway,Good,Extreme Heat,Daylight,Truck/Lorry,1,Mechanical Failure,1,0,0,0,4,1,Medium
2022,9,Sunday,20,Punjab,Sheikhupura,Provincial Highway,Good,Clear,No Light,Car/Taxi,2,Pedestrian Error,1,1,0,0,0,0,Low
2023,9,Wednesday,14,Punjab,Sialkot,National Highway,Good,Clear,Daylight,Motorcycle,2,Signal Violation,0,0,0,0,7,2,High
2020,6,Wednesday,10,Punjab,Sargodha,Rural Road,Under Repair,Clear,Daylight,Motorcycle,2,Mechanical Failure,0,0,0,0,1,2,Medium
2023,6,Wednesday,1,Punjab,Sheikhupura,Provincial Highway,Average,Dusty/Smoggy,Street Light,Motorcycle,2,Mechanical Failure,0,0,1,0,4,1,Medium
2023,10,Monday,18,Punjab,Rahim Yar Khan,Rural Road,Good,Clear,Daylight,Car/Taxi,2,Pedestrian Error,1,0,0,0,0,0,Low
2021,1,Saturday,10,KPK,Swat,Urban Road,Average,Rainy,Daylight,Rickshaw,3,Wrong Overtaking,0,1,0,1,2,1,Low
2021,3,Saturday,19,Punjab,Faisalabad,Provincial Highway,Good,Rainy,Street Light,Motorcycle,1,Signal Violation,1,1,0,0,1,1,Medium
2023,6,Tuesday,14,KPK,Mardan,Motorway,Average,Rainy,Daylight,Van/Pickup,2,Signal Violation,0,0,0,0,5,1,High
2022,4,Thursday,14,KPK,Peshawar,Rural Road,Average,Clear,Daylight,Motorcycle,2,Over Speeding,0,0,0,0,11,0,High
2022,4,Friday,18,Punjab,Sheikhupura,Urban Road,Average,Clear,Dawn/Dusk,Motorcycle,2,Weather Condition,1,0,0,0,0,0,Low
2019,1,Friday,21,Sindh,Kashmore,Rural Road,Good,Rainy,No Light,Car/Taxi,2,Driver Fatigue,0,0,0,1,4,2,Medium
2019,2,Saturday,5,Sindh,Larkana,Provincial Highway,Poor,Foggy,Dawn/Dusk,Truck/Lorry,3,Over Speeding,0,1,1,1,7,1,High
2022,1,Tuesday,14,Punjab,Gujranwala,National Highway,Average,Clear,Daylight,Van/Pickup,2,Drunk Driving,0,0,0,1,3,1,High
2023,4,Thursday,9,Balochistan,Gwadar,Provincial Highway,Good,Clear,Daylight,Motorcycle,3,Road Condition,1,0,0,0,3,1,Medium
2019,9,Friday,17,Sindh,Larkana,Provincial Highway,Average,Clear,Daylight,Bicycle,2,Over Speeding,1,0,0,0,3,0,Medium
2023,6,Tuesday,17,Balochistan,Zhob,National Highway,Good,Clear,Daylight,Motorcycle,2,Over Speeding,1,0,0,0,3,2,High
2022,6,Wednesday,6,KPK,Mansehra,Provincial Highway,Average,Clear,Daylight,Motorcycle,1,Driver Fatigue,0,0,0,0,1,0,Medium
2022,10,Sunday,10,Punjab,Lahore,Rural Road,Poor,Clear,Daylight,Motorcycle,1,Wrong Overtaking,0,1,0,0,4,1,Medium
2020,4,Tuesday,7,Punjab,Lahore,National Highway,Poor,Rainy,Daylight,Car/Taxi,3,Driver Fatigue,1,0,0,0,2,3,High
2022,4,Saturday,6,Punjab,Sargodha,Urban Road,Under Repair,Clear,Daylight,Bicycle,4,Signal Violation,0,1,0,0,1,1,Medium
2023,6,Saturday,6,KPK,Peshawar,Rural Road,Poor,Clear,Daylight,Car/Taxi,3,Signal Violation,0,1,0,0,1,1,Low
2023,7,Sunday,13,Balochistan,Quetta,Urban Road,Poor,Clear,Daylight,Rickshaw,1,Signal Violation,1,1,0,0,0,0,Low
2023,6,Saturday,19,Sindh,Nawabshah,National Highway,Average,Clear,Street Light,Motorcycle,3,Pedestrian Error,1,1,0,0,1,2,Medium
2019,8,Wednesday,12,Punjab,Bahawalpur,Provincial Highway,Good,Dusty/Smoggy,Daylight,Motorcycle,1,Road Condition,1,0,0,0,4,0,Medium
2020,9,Monday,9,Punjab,Sargodha,Urban Road,Average,Clear,Daylight,Rickshaw,2,Wrong Overtaking,1,0,0,0,2,0,Low
2020,6,Monday,5,KPK,Mansehra,National Highway,Good,Clear,Dawn/Dusk,Rickshaw,1,Signal Violation,0,0,1,0,5,0,Medium
2022,12,Sunday,11,Islamabad,Islamabad,National Highway,Poor,Rainy,Daylight,Car/Taxi,1,Driver Fatigue,0,1,0,1,3,2,High
2018,5,Sunday,12,Punjab,Sargodha,Urban Road,Good,Clear,No Light,Car/Taxi,2,Pedestrian Error,1,1,0,0,2,0,Low
2022,1,Tuesday,21,Punjab,Faisalabad,Rural Road,Average,Clear,Street Light,Bicycle,1,Pedestrian Error,0,0,0,1,0,0,Low
2018,6,Wednesday,15,Punjab,Sialkot,Rural Road,Good,Clear,Daylight,Truck/Lorry,2,Over Speeding,0,0,0,0,2,0,Low
2022,7,Monday,13,Punjab,Sheikhupura,National Highway,Under Repair,Clear,Street Light,Motorcycle,2,Pedestrian Error,1,0,0,0,3,1,Medium
2021,4,Tuesday,23,KPK,Swat,Provincial Highway,Good,Clear,No Light,Car/Taxi,1,Wrong Overtaking,0,0,1,0,3,0,Medium
2019,10,Monday,21,Sindh,Hyderabad,Urban Road,Poor,Rainy,Street Light,Motorcycle,1,Pedestrian Error,0,0,0,0,2,0,Low
2020,7,Saturday,18,Sindh,Dadu,Urban Road,Good,Clear,Daylight,Car/Taxi,1,Wrong Overtaking,1,1,0,0,1,0,Low
2022,6,Saturday,12,Punjab,Bahawalpur,Urban Road,Average,Clear,Daylight,Rickshaw,2,Driver Fatigue,1,1,0,0,4,0,Medium
2019,10,Tuesday,12,Punjab,Bahawalpur,Rural Road,Average,Clear,Daylight,Motorcycle,1,Drunk Driving,1,0,0,0,3,2,High
2020,8,Monday,8,Punjab,Sargodha,Provincial Highway,Under Repair,Foggy,Daylight,Car/Taxi,4,Signal Violation,1,0,0,0,4,0,Medium
2020,8,Saturday,14,KPK,Charsadda,Provincial Highway,Good,Extreme Heat,Street Light,Motorcycle,1,Road Condition,0,1,0,0,1,0,Medium
2020,8,Friday,11,KPK,Abbottabad,National Highway,Poor,Foggy,Dawn/Dusk,Motorcycle,3,Road Condition,0,0,0,0,3,2,High
2020,6,Monday,13,Punjab,Sialkot,National Highway,Good,Clear,Daylight,Motorcycle,2,Driver Fatigue,1,0,0,0,8,1,High
2022,11,Monday,19,Punjab,Sargodha,National Highway,Good,Extreme Heat,Dawn/Dusk,Motorcycle,1,Mobile Phone Use,1,0,0,1,3,0,Medium
2022,2,Friday,6,Punjab,Gujranwala,Urban Road,Poor,Foggy,Daylight,Car/Taxi,2,Over Speeding,0,0,0,1,1,1,Medium
2021,7,Saturday,10,Punjab,Faisalabad,National Highway,Average,Foggy,Street Light,Truck/Lorry,1,Signal Violation,0,1,0,0,10,1,High
2019,10,Tuesday,20,Sindh,Kashmore,Urban Road,Under Repair,Clear,Street Light,Motorcycle,1,Signal Violation,1,0,0,0,1,0,Low
2022,1,Thursday,16,Sindh,Jacobabad,National Highway,Average,Extreme Heat,Daylight,Other,2,Mechanical Failure,0,0,0,1,5,2,Medium
2019,4,Thursday,23,Sindh,Hyderabad,Provincial Highway,Good,Clear,No Light,Motorcycle,3,Over Speeding,0,0,1,0,6,1,High
2023,8,Sunday,9,KPK,Bannu,National Highway,Good,Clear,Daylight,Motorcycle,3,Signal Violation,1,1,0,0,9,1,High
2018,6,Friday,8,Sindh,Dadu,Urban Road,Poor,Clear,Daylight,Motorcycle,4,Over Speeding,1,0,0,0,9,2,High
2022,11,Sunday,12,Punjab,Rahim Yar Khan,Provincial Highway,Average,Clear,Daylight,Motorcycle,2,Over Speeding,1,1,0,1,2,2,Medium