year,month,day_of_week,hour_of_day,province,district,road_type,road_condition,weather_condition,lighting_condition,vehicle_type,vehicles_involved,accident_cause,is_rush_hour,is_weekend,is_night,is_foggy_month,num_injured,num_killed,severity
2020,3,Friday,20,Punjab,Sialkot,National Highway,Poor,Clear,Street Light,Truck/Lorry,1,Wrong Overtaking,1,0,0,0,2,4,High
2023,12,Friday,10,KPK,Swat,Urban Road,Average,Dusty/Smoggy,Daylight,Car/Taxi,1,Over Speeding,0,0,0,1,0,0,Low
2023,7,Friday,17,Sindh,Kashmore,Motorway,Good,Clear,Daylight,Car/Taxi,2,Wrong Overtaking,1,0,0,0,1,0,Low
2022,2,Thursday,2,Punjab,Multan,National Highway,Average,Clear,Street Light,Motorcycle,2,Over Speeding,0,0,1,1,7,0,High
2018,9,Friday,21,Sindh,Mirpur Khas,Urban Road,Good,Rainy,No Light,Van/Pickup,3,Wrong Overtaking,0,0,0,0,1,0,Low
2023,4,Friday,19,Sindh,Jacobabad,Urban Road,Good,Extreme Heat,No Light,Motorcycle,2,Mobile Phone Use,1,0,0,0,2,0,Low
2021,2,Friday,17,KPK,Charsadda,Rural Road,Average,Clear,Dawn/Dusk,Motorcycle,2,Mechanical Failure,1,0,0,1,3,1,Medium
2020,6,Sunday,5,Balochistan,Dera Bugti,Provincial Highway,Poor,Clear,Dawn/Dusk,Van/Pickup,1,Wrong Overtaking,0,1,1,0,5,1,Medium
2023,2,Thursday,17,Sindh,Thatta,Urban Road,Good,Rainy,Daylight,Bus/Coach,4,Over Speeding,1,0,0,1,3,0,Medium
2020,7,Tuesday,14,KPK,Nowshera,National Highway,Average,Clear,Dawn/Dusk,Car/Taxi,1,Signal Violation,0,0,0,0,1,1,Low
2022,12,Tuesday,17,Punjab,Sialkot,National Highway,Under Repair,Clear,Daylight,Motorcycle,2,Pedestrian Error,1,0,0,1,5,0,Medium
2023,2,Sunday,17,Sindh,Hyderabad,Urban Road,Poor,Foggy,Daylight,Car/Taxi,2,Signal Violation,1,1,0,1,4,0,Medium
2019,6,Tuesday,20,KPK,Charsadda,Provincial Highway,Poor,Rainy,Street Light,Rickshaw,2,Over Speeding,1,0,0,0,9,1,High
2021,5,Thursday,12,Sindh,Larkana,Provincial Highway,Good,Clear,Daylight,Motorcycle,1,Wrong Overtaking,1,0,0,0,1,0,Medium
2023,11,Thursday,20,Sindh,Thatta,Rural Road,Poor,Rainy,Street Light,Car/Taxi,3,Pedestrian Error,1,0,0,1,2,0,Low
2022,9,Saturday,6,Balochistan,Hub,National Highway,Average,Foggy,Daylight,Motorcycle,1,Road Condition,0,1,0,0,5,0,High
2023,7,Tuesday,7,Punjab,Rawalpindi,National Highway,Average,Clear,Street Light,Rickshaw,1,Signal Violation,1,0,0,0,2,0,Medium
2019,4,Monday,11,Punjab,Sialkot,Provincial Highway,Average,Clear,Street Light,Car/Taxi,1,Road Condition,0,0,0,0,2,0,Low
2019,7,Monday,18,KPK,Mardan,Provincial Highway,Poor,Rainy,Dawn/Dusk,Motorcycle,1,Road Condition,1,0,0,0,8,0,High
2022,1,Saturday,11,KPK,Mansehra,Urban Road,Good,Rainy,Street Light,Car/Taxi,2,Driver Fatigue,0,1,0,1,2,0,Low
2021,1,Thursday,16,Balochistan,Zhob,Provincial Highway,Good,Clear,Daylight,Car/Taxi,2,Driver Fatigue,0,0,0,1,5,1,Medium
2023,8,Wednesday,19,Sindh,Karachi,National Highway,Good,Clear,No Light,Rickshaw,2,Over Speeding,1,0,0,0,1,0,Medium
2023,5,Thursday,13,KPK,Dera Ismail Khan,Rural Road,Average,Clear,Daylight,Truck/Lorry,2,Signal Violation,1,0,0,0,0,0,Low
2021,5,Sunday,15,KPK,Kohat,National Highway,Poor,Dusty/Smoggy,Daylight,Bus/Coach,4,Pedestrian Error,0,1,0,0,1,0,Low
2022,3,Thursday,7,Punjab,Gujranwala,National Highway,Under Repair,Clear,Daylight,Car/Taxi,2,Mobile Phone Use,1,0,0,0,2,0,Medium
2020,11,Friday,11,KPK,Charsadda,National Highway,Poor,Foggy,Daylight,Car/Taxi,2,Over Speeding,0,0,0,1,3,1,Medium
2022,7,Monday,4,Punjab,Sargodha,Provincial Highway,Average,Extreme Heat,No Light,Car/Taxi,2,Over Speeding,0,0,1,0,11,1,High
2021,6,Friday,14,Punjab,Sheikhupura,Urban Road,Under Repair,Clear,Dawn/Dusk,Motorcycle,3,Over Speeding,0,0,0,0,9,2,High
2020,1,Thursday,3,Punjab,Rahim Yar Khan,National Highway,Average,Clear,No Light,Car/Taxi,2,Road Condition,0,0,1,1,5,1,Medium
2020,5,Thursday,18,Punjab,Rawalpindi,Urban Road,Poor,Clear,Daylight,Motorcycle,2,Mobile Phone Use,1,0,0,0,0,0,Low
2021,7,Wednesday,5,Punjab,Lahore,National Highway,Good,Foggy,Street Light,Car/Taxi,3,Signal Violation,0,0,1,0,5,4,High
2021,9,Friday,20,Punjab,Sargodha,Urban Road,Poor,Dusty/Smoggy,No Light,Motorcycle,2,Mechanical Failure,1,0,0,0,1,0,Low
2023,2,Sunday,12,Punjab,Sheikhupura,Provincial Highway,Poor,Clear,Daylight,Motorcycle,3,Over Speeding,1,1,0,1,8,1,High
2020,7,Friday,13,Punjab,Rahim Yar Khan,Provincial Highway,Good,Clear,Daylight,Motorcycle,2,Driver Fatigue,1,0,0,0,11,1,High
2020,9,Saturday,19,Sindh,Kashmore,Rural Road,Good,Clear,Dawn/Dusk,Motorcycle,2,Over Speeding,1,1,0,0,4,0,Medium
2018,10,Wednesday,1,KPK,Nowshera,Provincial Highway,Average,Rainy,Street Light,Bus/Coach,2,Wrong Overtaking,0,0,1,0,1,0,Medium
2019,5,Monday,20,Balochistan,Dera Bugti,Provincial Highway,Average,Foggy,No Light,Car/Taxi,2,Over Speeding,1,0,0,0,2,0,Medium
2023,7,Wednesday,12,KPK,Nowshera,National Highway,Poor,Foggy,Daylight,Truck/Lorry,1,Over Speeding,1,0,0,0,10,0,High
2022,7,Friday,13,Punjab,Rahim Yar Khan,Provincial Highway,Poor,Clear,Daylight,Motorcycle,1,Pedestrian Error,1,0,0,0,1,1,Low
2020,8,Saturday,6,KPK,Mansehra,National Highway,Average,Clear,Street Light,Motorcycle,2,Wrong Overtaking,0,1,0,0,2,0,High
2020,1,Monday,11,Punjab,Gujranwala,National Highway,Poor,Clear,Daylight,Bicycle,4,Wrong Overtaking,0,0,0,1,2,0,Medium
2023,1,Monday,11,Punjab,Gujranwala,Provincial Highway,Poor,Clear,Daylight,Car/Taxi,3,Mechanical Failure,0,0,0,1,2,0,Low
2021,6,Thursday,8,KPK,Charsadda,National Highway,Good,Clear,Street Light,Motorcycle,3,Over Speeding,1,0,0,0,3,3,High
2023,1,Thursday,9,Sindh,Dadu,Urban Road,Average,Clear,Daylight,Car/Taxi,4,Driver Fatigue,1,0,0,1,4,2,Medium
2023,9,Saturday,12,KPK,Swat,Provincial Highway,Average,Dusty/Smoggy,Dawn/Dusk,Motorcycle,3,Mobile Phone Use,1,1,0,0,2,0,Medium
2023,8,Wednesday,5,Sindh,Kashmore,National Highway,Under Repair,Clear,Daylight,Motorcycle,1,Wrong Overtaking,0,0,1,0,2,1,High
2020,4,Monday,10,Punjab,Lahore,National Highway,Good,Clear,Daylight,Rickshaw,3,Driver Fatigue,0,0,0,0,4,2,High
2023,10,Tuesday,16,Balochistan,Hub,Urban Road,Good,Rainy,Dawn/Dusk,Bus/Coach,3,Signal Violation,0,0,0,0,4,0,Medium
2020,12,Wednesday,6,Sindh,Larkana,National Highway,Poor,Clear,Daylight,Car/Taxi,2,Signal Violation,0,0,0,1,2,0,Medium
2022,5,Wednesday,7,KPK,Swat,Motorway,Poor,Rainy,Daylight,Van/Pickup,1,Over Speeding,1,0,0,0,9,0,High
2019,3,Tuesday,21,KPK,Peshawar,Provincial Highway,Good,Clear,No Light,Motorcycle,1,Wrong Overtaking,0,0,0,0,3,0,Medium
2023,7,Thursday,8,Punjab,Rawalpindi,Provincial Highway,Good,Clear,Daylight,Truck/Lorry,1,Mechanical Failure,1,0,0,0,1,0,Low
2018,7,Friday,6,Punjab,Rawalpindi,Rural Road,Under Repair,Clear,Daylight,Motorcycle,2,Over Speeding,0,0,0,0,10,2,High
2022,6,Friday,7,Punjab,Bahawalpur,Rural Road,Good,Clear,Daylight,Car/Taxi,2,Over Speeding,1,0,0,0,3,2,Medium
2022,5,Saturday,8,Punjab,Sialkot,Rural Road,Good,Dusty/Smoggy,Daylight,Car/Taxi,1,Over Speeding,1,1,0,0,0,0,Low
2022,5,Friday,14,Punjab,Sialkot,Provincial Highway,Poor,Foggy,Daylight,Motorcycle,1,Driver Fatigue,0,0,0,0,8,4,High
2022,2,Saturday,19,Sindh,Nawabshah,National Highway,Average,Clear,Street Light,Bicycle,2,Wrong Overtaking,1,1,0,1,1,1,Medium
2020,11,Thursday,7,Balochistan,Chaman,Rural Road,Good,Dusty/Smoggy,Daylight,Car/Taxi,1,Mechanical Failure,1,0,0,1,0,0,Low
2022,4,Wednesday,20,Balochistan,Hub,National Highway,Good,Foggy,Street Light,Bus/Coach,4,Road Condition,1,0,0,0,5,0,Medium
2018,7,Saturday,11,KPK,Abbottabad,Provincial Highway,Average,Extreme Heat,Daylight,Truck/Lorry,1,Signal Violation,0,1,0,0,1,1,Medium
2022,8,Monday,19,Punjab,Lahore,National Highway,Good,Clear,Street Light,Bus/Coach,1,Pedestrian Error,1,0,0,0,4,0,Medium
2023,10,Saturday,11,Punjab,Bahawalpur,Rural Road,Under Repair,Clear,Daylight,Motorcycle,2,Over Speeding,0,1,0,0,4,2,Medium
2020,11,Sunday,19,KPK,Dera Ismail Khan,Rural Road,Good,Dusty/Smoggy,Dawn/Dusk,Bus/Coach,1,Pedestrian Error,1,1,0,1,2,0,Low
2023,10,Wednesday,18,Punjab,Multan,Rural Road,Average,Clear,Daylight,Rickshaw,1,Drunk Driving,1,0,0,0,2,0,Low
2020,6,Saturday,18,KPK,Abbottabad,Provincial Highway,Poor,Clear,Daylight,Motorcycle,1,Wrong Overtaking,1,1,0,0,4,3,High
2021,1,Monday,18,Balochistan,Chaman,Rural Road,Average,Dusty/Smoggy,Street Light,Car/Taxi,2,Pedestrian Error,1,0,0,1,0,0,Low
2018,8,Sunday,9,Punjab,Rahim Yar Khan,National Highway,Average,Foggy,Street Light,Motorcycle,1,Road Condition,1,1,0,0,4,1,High
2018,5,Thursday,11,KPK,Nowshera,Rural Road,Poor,Clear,Daylight,Car/Taxi,2,Wrong Overtaking,0,0,0,0,2,0,Low
2020,10,Sunday,19,Punjab,Bahawalpur,Rural Road,Good,Foggy,Dawn/Dusk,Rickshaw,2,Wrong Overtaking,1,1,0,0,2,0,Low
2023,11,Sunday,18,KPK,Mardan,National Highway,Good,Foggy,Daylight,Motorcycle,4,Over Speeding,1,1,0,1,6,1,High
2021,7,Saturday,18,Punjab,Bahawalpur,Provincial Highway,Good,Rainy,Daylight,Car/Taxi,4,Road Condition,1,1,0,0,2,0,Low
2021,9,Wednesday,17,Punjab,Multan,Urban Road,Average,Clear,Daylight,Motorcycle,2,Over Speeding,1,0,0,0,4,2,High
2022,5,Thursday,15,KPK,Mardan,Provincial Highway,Poor,Clear,Street Light,Bus/Coach,2,Pedestrian Error,0,0,0,0,1,0,Low
2023,4,Sunday,13,KPK,Swat,National Highway,Average,Clear,Daylight,Motorcycle,2,Over Speeding,1,1,0,0,6,1,High
2023,8,Thursday,18,Sindh,Thatta,Provincial Highway,Average,Clear,Daylight,Motorcycle,2,Pedestrian Error,1,0,0,0,1,0,Low
2023,11,Thursday,2,Sindh,Nawabshah,Urban Road,Poor,Clear,Street Light,Bus/Coach,1,Over Speeding,0,0,1,1,4,1,Medium
2019,9,Friday,12,KPK,Abbottabad,Provincial Highway,Good,Foggy,Daylight,Car/Taxi,1,Drunk Driving,1,0,0,0,5,0,Medium
2023,7,Wednesday,18,KPK,Nowshera,Urban Road,Average,Clear,Daylight,Rickshaw,1,Wrong Overtaking,1,0,0,0,1,0,Low
2022,3,Wednesday,8,Islamabad,Islamabad,National Highway,Average,Clear,Daylight,Rickshaw,2,Drunk Driving,1,0,0,0,8,1,High
2022,2,Sunday,8,Balochistan,Zhob,Provincial Highway,Poor,Clear,Dawn/Dusk,Car/Taxi,3,Pedestrian Error,1,1,0,1,1,0,Low
2022,8,Tuesday,7,KPK,Kohat,Rural Road,Good,Dusty/Smoggy,Street Light,Motorcycle,3,Over Speeding,1,0,0,0,3,0,Medium
2020,2,Tuesday,7,KPK,Mansehra,Motorway,Poor,Clear,Daylight,Rickshaw,2,Over Speeding,1,0,0,1,3,1,High
2019,5,Tuesday,1,Sindh,Sukkur,Urban Road,Average,Clear,No Light,Bicycle,2,Wrong Overtaking,0,0,1,0,7,3,High
2020,5,Friday,7,Punjab,Gujranwala,Provincial Highway,Poor,Clear,Daylight,Car/Taxi,2,Over Speeding,1,0,0,0,4,0,Medium
2020,9,Friday,14,Punjab,Rawalpindi,Provincial Highway,Good,Dusty/Smoggy,Daylight,Motorcycle,2,Driver Fatigue,0,0,0,0,4,1,High
2018,8,Wednesday,16,KPK,Mardan,National Highway,Good,Dusty/Smoggy,Daylight,Rickshaw,1,Over Speeding,0,0,0,0,5,2,Medium
2023,6,Tuesday,17,KPK,Mardan,National Highway,Average,Rainy,Daylight,Car/Taxi,3,Wrong Overtaking,1,0,0,0,2,0,Medium
2022,1,Saturday,19,Sindh,Hyderabad,National Highway,Good,Clear,Street Light,Truck/Lorry,3,Drunk Driving,1,1,0,1,5,2,High
2021,11,Monday,12,Sindh,Kashmore,Motorway,Good,Dusty/Smoggy,Daylight,Bus/Coach,1,Driver Fatigue,1,0,0,1,4,0,High
2019,3,Wednesday,12,Punjab,Multan,National Highway,Average,Foggy,Daylight,Truck/Lorry,2,Pedestrian Error,1,0,0,0,1,1,Medium
2018,7,Thursday,3,Punjab,Faisalabad,Provincial Highway,Good,Clear,No Light,Van/Pickup,2,Wrong Overtaking,0,0,1,0,1,0,Medium
2021,2,Sunday,9,Sindh,Larkana,National Highway,Good,Rainy,Daylight,Car/Taxi,2,Wrong Overtaking,1,1,0,1,2,0,Medium
2019,3,Wednesday,19,Sindh,Dadu,National Highway,Average,Foggy,Street Light,Bus/Coach,2,Road Condition,1,0,0,0,5,0,Medium
2020,4,Thursday,22,Islamabad,Islamabad,Rural Road,Poor,Clear,Street Light,Car/Taxi,2,Wrong Overtaking,0,0,1,0,2,0,Low
2023,9,Tuesday,6,Punjab,Rawalpindi,Urban Road,Good,Rainy,Dawn/Dusk,Car/Taxi,1,Wrong Overtaking,0,0,0,0,1,0,Low
2021,1,Friday,21,Sindh,Mirpur Khas,National Highway,Good,Clear,Street Light,Bus/Coach,2,Road Condition,0,0,0,1,5,1,Medium
2021,2,Monday,4,Punjab,Faisalabad,Provincial Highway,Average,Clear,No Light,Motorcycle,1,Wrong Overtaking,0,0,1,1,2,2,High
2022,2,Sunday,23,Gilgit-Baltistan,Skardu,Provincial Highway,Average,Foggy,No Light,Car/Taxi,2,Mechanical Failure,0,1,1,1,3,1,Medium
2019,2,Tuesday,10,Balochistan,Loralai,Provincial Highway,Poor,Clear,Daylight,Car/Taxi,3,Mobile Phone Use,0,0,0,1,2,0,Low
2018,8,Friday,8,Sindh,Kashmore,National Highway,Poor,Foggy,Daylight,Car/Taxi,3,Wrong Overtaking,1,0,0,0,2,0,Medium
2023,10,Thursday,13,Gilgit-Baltistan,Skardu,Rural Road,Good,Rainy,Daylight,Motorcycle,2,Over Speeding,1,0,0,0,8,1,High
2023,2,Monday,8,Sindh,Mirpur Khas,Urban Road,Good,Clear,Daylight,Rickshaw,1,Mobile Phone Use,1,0,0,1,2,0,Low
2022,4,Thursday,20,Punjab,Sargodha,Provincial Highway,Good,Clear,No Light,Bicycle,1,Wrong Overtaking,1,0,0,0,5,1,Medium
2022,12,Monday,15,Sindh,Sukkur,National Highway,Poor,Clear,No Light,Car/Taxi,2,Drunk Driving,0,0,0,1,3,2,Medium
2018,8,Friday,23,Punjab,Sialkot,Provincial Highway,Poor,Clear,Street Light,Car/Taxi,1,Over Speeding,0,0,1,0,3,0,Medium
2021,9,Friday,13,Sindh,Sukkur,Motorway,Good,Foggy,Daylight,Car/Taxi,2,Road Condition,1,0,0,0,3,0,Medium
2020,10,Friday,11,Islamabad,Islamabad,National Highway,Good,Clear,Daylight,Motorcycle,2,Mechanical Failure,0,0,0,0,7,1,High
2021,1,Sunday,22,KPK,Peshawar,Urban Road,Poor,Clear,No Light,Motorcycle,3,Wrong Overtaking,0,1,1,1,5,1,Medium
2022,6,Monday,14,Punjab,Bahawalpur,Provincial Highway,Under Repair,Rainy,Daylight,Car/Taxi,2,Driver Fatigue,0,0,0,0,3,0,Medium
2022,10,Friday,19,Punjab,Sheikhupura,Rural Road,Good,Rainy,Street Light,Car/Taxi,1,Wrong Overtaking,1,0,0,0,1,0,Low
2021,9,Tuesday,16,Punjab,Gujranwala,Provincial Highway,Average,Clear,Daylight,Van/Pickup,2,Wrong Overtaking,0,0,0,0,2,0,Low
2021,8,Monday,15,Punjab,Lahore,Rural Road,Average,Clear,Daylight,Car/Taxi,3,Driver Fatigue,0,0,0,0,5,1,Medium
2020,9,Sunday,20,Punjab,Faisalabad,National Highway,Good,Rainy,Street Light,Car/Taxi,2,Wrong Overtaking,1,1,0,0,6,2,High
2019,11,Monday,13,Sindh,Thatta,Provincial Highway,Poor,Clear,No Light,Motorcycle,2,Mechanical Failure,1,0,0,1,1,0,Low
2020,7,Friday,8,KPK,Nowshera,Provincial Highway,Good,Clear,Daylight,Motorcycle,2,Over Speeding,1,0,0,0,2,0,Medium
2023,7,Saturday,16,KPK,Swat,Rural Road,Poor,Foggy,Daylight,Car/Taxi,1,Mechanical Failure,0,1,0,0,2,0,Low
2018,10,Monday,9,Punjab,Rawalpindi,National Highway,Under Repair,Foggy,Daylight,Motorcycle,2,Drunk Driving,1,0,0,0,9,2,High
2021,12,Saturday,18,Punjab,Multan,National Highway,Good,Foggy,Daylight,Motorcycle,2,Over Speeding,1,1,0,1,4,0,High
2022,12,Friday,10,Punjab,Gujranwala,Provincial Highway,Poor,Clear,Daylight,Car/Taxi,2,Over Speeding,0,0,0,1,2,0,Medium
2020,5,Thursday,20,Punjab,Multan,Provincial Highway,Good,Clear,No Light,Car/Taxi,3,Wrong Overtaking,1,0,0,0,1,0,Low
2021,6,Sunday,12,Punjab,Sheikhupura,Provincial Highway,Good,Clear,Daylight,Rickshaw,1,Road Condition,1,1,0,0,1,0,Low
2018,8,Sunday,6,Punjab,Lahore,Urban Road,Good,Clear,Daylight,Car/Taxi,1,Over Speeding,0,1,0,0,1,0,Medium
2023,8,Monday,1,Sindh,Karachi,Rural Road,Poor,Clear,Street Light,Van/Pickup,1,Road Condition,0,0,1,0,1,0,Low
2018,5,Tuesday,18,Balochistan,Dera Bugti,Urban Road,Poor,Dusty/Smoggy,Daylight,Rickshaw,2,Over Speeding,1,0,0,0,0,0,Low
2020,2,Friday,18,Sindh,Jacobabad,Provincial Highway,Average,Foggy,Daylight,Other,2,Over Speeding,1,0,0,1,4,1,Medium
2022,6,Saturday,18,KPK,Abbottabad,Urban Road,Under Repair,Clear,Daylight,Bus/Coach,2,Weather Condition,1,1,0,0,1,0,Low
2020,6,Monday,7,Punjab,Multan,National Highway,Average,Clear,Daylight,Car/Taxi,2,Over Speeding,1,0,0,0,4,0,Medium
2023,11,Sunday,4,Balochistan,Quetta,National Highway,Poor,Rainy,No Light,Motorcycle,3,Drunk Driving,0,1,1,1,9,0,High
2021,1,Monday,9,Punjab,Faisalabad,Urban Road,Poor,Extreme Heat,Daylight,Other,3,Signal Violation,1,0,0,1,1,0,Low
2023,11,Wednesday,13,Punjab,Gujranwala,Urban Road,Good,Clear,Street Light,Motorcycle,2,Weather Condition,1,0,0,1,1,0,Low
2019,11,Saturday,5,Punjab,Multan,Rural Road,Average,Clear,No Light,Car/Taxi,2,Wrong Overtaking,0,1,1,1,1,0,Low
2021,7,Sunday,19,Punjab,Rawalpindi,Motorway,Average,Foggy,Dawn/Dusk,Car/Taxi,3,Signal Violation,1,1,0,0,5,2,High
2023,11,Saturday,18,Sindh,Hyderabad,Rural Road,Good,Clear,Daylight,Van/Pickup,1,Over Speeding,1,1,0,1,0,0,Low
2022,6,Friday,6,AJK,Mirpur,Rural Road,Good,Clear,Daylight,Car/Taxi,1,Road Condition,0,0,0,0,1,0,Low
2023,2,Friday,9,KPK,Peshawar,Urban Road,Average,Foggy,Daylight,Rickshaw,2,Wrong Overtaking,1,0,0,1,2,1,Medium
2021,3,Wednesday,17,Punjab,Lahore,Rural Road,Good,Foggy,Daylight,Car/Taxi,2,Over Speeding,1,0,0,0,2,0,Low
2018,11,Monday,6,Sindh,Karachi,National Highway,Under Repair,Foggy,Daylight,Car/Taxi,2,Over Speeding,0,0,0,1,6,1,High
2022,11,Friday,8,Sindh,Jacobabad,National Highway,Good,Rainy,Daylight,Motorcycle,1,Pedestrian Error,1,0,0,1,2,0,High
2019,8,Thursday,11,KPK,Peshawar,Urban Road,Poor,Clear,Daylight,Bus/Coach,1,Drunk Driving,0,0,0,0,4,1,Medium
2023,5,Thursday,22,KPK,Mardan,Rural Road,Poor,Clear,Street Light,Car/Taxi,2,Driver Fatigue,0,0,1,0,4,0,Medium
2021,12,Sunday,11,Sindh,Hyderabad,National Highway,Average,Rainy,Daylight,Rickshaw,3,Over Speeding,0,1,0,1,5,0,High
2022,9,Tuesday,5,KPK,Charsadda,National Highway,Good,Clear,No Light,Motorcycle,2,Wrong Overtaking,0,0,1,0,7,3,High
2022,9,Friday,21,KPK,Kohat,National Highway,Good,Clear,Street Light,Motorcycle,2,Mechanical Failure,0,0,0,0,3,0,Medium
2020,8,Tuesday,7,Punjab,Multan,National Highway,Poor,Clear,Daylight,Truck/Lorry,1,Drunk Driving,1,0,0,0,8,3,High
2019,2,Tuesday,19,Punjab,Rawalpindi,Provincial Highway,Average,Clear,Street Light,Car/Taxi,3,Over Speeding,1,0,0,1,2,0,Medium
2018,2,Friday,19,KPK,Charsadda,Motorway,Good,Clear,Dawn/Dusk,Other,1,Over Speeding,1,0,0,1,8,3,High
2019,12,Thursday,20,Balochistan,Dera Bugti,National Highway,Average,Foggy,No Light,Motorcycle,2,Signal Violation,1,0,0,1,10,2,High
2018,6,Friday,6,Punjab,Sialkot,Provincial Highway,Average,Clear,Dawn/Dusk,Car/Taxi,1,Pedestrian Error,0,0,0,0,0,0,Low
2023,11,Wednesday,23,AJK,Rawalakot,Provincial Highway,Poor,Clear,Street Light,Van/Pickup,3,Pedestrian Error,0,0,1,1,2,2,Medium
2023,5,Sunday,13,Punjab,Gujranwala,Urban Road,Average,Clear,Daylight,Motorcycle,2,Signal Violation,1,1,0,0,1,0,Low
2023,7,Friday,14,Punjab,Gujranwala,Provincial Highway,Good,Dusty/Smoggy,Daylight,Car/Taxi,1,Over Speeding,0,0,0,0,2,1,Medium
2018,2,Monday,6,Punjab,Rahim Yar Khan,Rural Road,Average,Clear,Daylight,Motorcycle,1,Wrong Overtaking,0,0,0,1,2,0,Medium
2020,11,Friday,13,Islamabad,Islamabad,National Highway,Poor,Clear,Daylight,Bus/Coach,3,Driver Fatigue,1,0,0,1,5,4,High
2023,1,Friday,15,Punjab,Bahawalpur,National Highway,Good,Extreme Heat,Daylight,Motorcycle,4,Drunk Driving,0,0,0,1,7,2,High
2018,12,Sunday,4,Sindh,Karachi,Urban Road,Poor,Clear,No Light,Motorcycle,2,Signal Violation,0,1,1,1,1,1,Medium
2020,7,Wednesday,7,Punjab,Rawalpindi,Rural Road,Poor,Rainy,Street Light,Car/Taxi,1,Wrong Overtaking,1,0,0,0,0,0,Low
2022,6,Wednesday,14,Sindh,Jacobabad,Rural Road,Good,Foggy,Daylight,Car/Taxi,1,Over Speeding,0,0,0,0,3,0,Medium
2020,7,Saturday,5,Balochistan,Khuzdar,Urban Road,Poor,Clear,Dawn/Dusk,Truck/Lorry,2,Drunk Driving,0,1,1,0,5,0,Medium
2022,3,Saturday,6,Punjab,Sheikhupura,National Highway,Good,Clear,Daylight,Motorcycle,2,Wrong Overtaking,0,1,0,0,7,0,High
2020,6,Friday,12,KPK,Mardan,Rural Road,Under Repair,Clear,Dawn/Dusk,Motorcycle,2,Road Condition,1,0,0,0,1,0,Low
2019,3,Friday,8,Balochistan,Quetta,Provincial Highway,Poor,Dusty/Smoggy,Daylight,Motorcycle,1,Signal Violation,1,0,0,0,5,2,Medium
2019,2,Thursday,8,Punjab,Sargodha,National Highway,Under Repair,Clear,Daylight,Van/Pickup,3,Pedestrian Error,1,0,0,1,2,1,Medium
2021,7,Tuesday,9,KPK,Bannu,Motorway,Good,Clear,Daylight,Car/Taxi,1,Over Speeding,1,0,0,0,2,1,High
2020,7,Monday,9,Punjab,Multan,Rural Road,Poor,Rainy,Daylight,Car/Taxi,2,Mechanical Failure,1,0,0,0,2,0,Low
2023,7,Monday,16,Punjab,Sheikhupura,Provincial Highway,Average,Extreme Heat,Daylight,Motorcycle,2,Mechanical Failure,0,0,0,0,2,0,Medium
2021,12,Wednesday,15,Sindh,Sukkur,National Highway,Under Repair,Clear,Daylight,Car/Taxi,1,Driver Fatigue,0,0,0,1,4,0,Medium
2021,12,Saturday,16,KPK,Charsadda,Rural Road,Under Repair,Dusty/Smoggy,Daylight,Car/Taxi,2,Pedestrian Error,0,1,0,1,0,0,Low
2022,8,Saturday,13,Punjab,Sheikhupura,Provincial Highway,Good,Extreme Heat,Daylight,Motorcycle,1,Driver Fatigue,1,1,0,0,7,1,High
2021,11,Monday,4,Punjab,Gujranwala,Rural Road,Poor,Extreme Heat,No Light,Motorcycle,3,Wrong Overtaking,0,0,1,1,2,1,Medium
2022,10,Wednesday,22,Balochistan,Hub,Provincial Highway,Poor,Clear,No Light,Car/Taxi,1,Signal Violation,0,0,1,0,0,0,Low
2018,3,Saturday,7,KPK,Kohat,Provincial Highway,Poor,Clear,Daylight,Truck/Lorry,1,Mechanical Failure,1,1,0,0,1,1,Low
2019,5,Friday,19,Punjab,Sheikhupura,Rural Road,Poor,Clear,Street Light,Motorcycle,3,Pedestrian Error,1,0,0,0,2,0,Low
2020,6,Friday,20,Sindh,Dadu,National Highway,Under Repair,Rainy,No Light,Car/Taxi,1,Driver Fatigue,1,0,0,0,7,2,High
2022,1,Monday,7,Punjab,Rawalpindi,Motorway,Poor,Foggy,Daylight,Bus/Coach,1,Wrong Overtaking,1,0,0,1,10,2,High
2020,5,Saturday,17,Punjab,Multan,National Highway,Under Repair,Foggy,Daylight,Motorcycle,3,Drunk Driving,1,1,0,0,7,0,High
2023,2,Saturday,16,Sindh,Nawabshah,Urban Road,Good,Clear,Daylight,Motorcycle,2,Signal Violation,0,1,0,1,3,0,Medium
2021,9,Thursday,8,Sindh,Thatta,Provincial Highway,Good,Foggy,Daylight,Bus/Coach,2,Driver Fatigue,1,0,0,0,5,0,Medium
2018,7,Friday,0,Punjab,Faisalabad,Urban Road,Poor,Foggy,Street Light,Car/Taxi,2,Road Condition,0,0,1,0,2,0,Low
2022,11,Sunday,4,KPK,Swat,Provincial Highway,Good,Clear,No Light,Motorcycle,2,Pedestrian Error,0,1,1,1,5,0,Medium
2020,7,Tuesday,9,Punjab,Gujranwala,Urban Road,Good,Clear,Daylight,Motorcycle,2,Over Speeding,1,0,0,0,3,0,Medium
2022,8,Tuesday,22,Sindh,Nawabshah,Rural Road,Under Repair,Clear,No Light,Car/Taxi,2,Over Speeding,0,0,1,0,2,1,Low
2019,11,Friday,17,Punjab,Lahore,Urban Road,Good,Clear,Street Light,Motorcycle,4,Wrong Overtaking,1,0,0,1,2,0,Low
2020,2,Thursday,23,Sindh,Nawabshah,National Highway,Poor,Clear,No Light,Rickshaw,2,Signal Violation,0,0,1,1,2,1,Medium
2022,4,Monday,18,Punjab,Rahim Yar Khan,National Highway,Under Repair,Clear,Dawn/Dusk,Motorcycle,1,Wrong Overtaking,1,0,0,0,4,1,Medium