year,month,day_of_week,hour_of_day,province,district,road_type,road_condition,weather_condition,lighting_condition,vehicle_type,vehicles_involved,accident_cause,is_rush_hour,is_weekend,is_night,is_foggy_month,num_injured,num_killed,severity
2021,6,Sunday,11,Sindh,Jacobabad,Urban Road,Average,Dusty/Smoggy,Daylight,Truck/Lorry,1,Road Condition,0,1,0,0,2,0,Low
2022,7,Tuesday,20,Sindh,Dadu,National Highway,Good,Rainy,Street Light,Motorcycle,1,Over Speeding,1,0,0,0,4,1,High
2018,7,Tuesday,18,Punjab,Bahawalpur,National Highway,Average,Foggy,Daylight,Car/Taxi,4,Road Condition,1,0,0,0,3,1,Medium
2022,11,Thursday,13,Punjab,Rawalpindi,National Highway,Good,Clear,No Light,Car/Taxi,1,Pedestrian Error,1,0,0,1,2,1,Medium
2021,12,Friday,9,Sindh,Mirpur Khas,National Highway,Average,Foggy,Daylight,Truck/Lorry,1,Over Speeding,1,0,0,1,10,0,High
2019,10,Wednesday,21,Punjab,Lahore,Urban Road,Under Repair,Foggy,No Light,Motorcycle,2,Wrong Overtaking,0,0,0,0,4,0,Medium
2019,2,Tuesday,12,Sindh,Dadu,Motorway,Good,Clear,Daylight,Truck/Lorry,1,Road Condition,1,0,0,1,5,0,Medium
2020,4,Monday,19,Punjab,Rahim Yar Khan,Urban Road,Good,Dusty/Smoggy,Dawn/Dusk,Car/Taxi,2,Signal Violation,1,0,0,0,2,0,Low
2023,8,Wednesday,15,Sindh,Jacobabad,Urban Road,Good,Clear,Daylight,Van/Pickup,2,Wrong Overtaking,0,0,0,0,1,0,Low
2022,3,Wednesday,9,Islamabad,Islamabad,Urban Road,Good,Foggy,Daylight,Truck/Lorry,4,Pedestrian Error,1,0,0,0,0,0,Low
2020,6,Thursday,9,Sindh,Sukkur,National Highway,Good,Rainy,Daylight,Bus/Coach,3,Mechanical Failure,1,0,0,0,3,1,Medium
2018,10,Sunday,9,KPK,Mansehra,Urban Road,Good,Clear,Dawn/Dusk,Motorcycle,2,Wrong Overtaking,1,1,0,0,2,1,Low
2023,9,Thursday,12,KPK,Dera Ismail Khan,Rural Road,Good,Clear,Daylight,Bus/Coach,3,Drunk Driving,1,0,0,0,3,0,Medium
2022,2,Wednesday,19,Islamabad,Islamabad,Rural Road,Good,Rainy,No Light,Car/Taxi,1,Road Condition,1,0,0,1,1,0,Low
2022,4,Sunday,10,Punjab,Lahore,National Highway,Poor,Foggy,Daylight,Motorcycle,3,Mechanical Failure,0,1,0,0,10,4,High
2018,6,Sunday,15,KPK,Abbottabad,National Highway,Poor,Clear,Street Light,Motorcycle,2,Road Condition,0,1,0,0,3,0,Medium
2022,12,Wednesday,18,Balochistan,Quetta,Urban Road,Average,Clear,Daylight,Motorcycle,3,Drunk Driving,1,0,0,1,6,1,High
2019,6,Wednesday,14,Punjab,Sargodha,Urban Road,Good,Clear,Daylight,Car/Taxi,2,Mechanical Failure,0,0,0,0,1,0,Low
2022,10,Friday,22,Punjab,Rawalpindi,Rural Road,Good,Rainy,No Light,Car/Taxi,2,Over Speeding,0,0,1,0,2,0,Medium
2022,5,Wednesday,13,Islamabad,Islamabad,National Highway,Good,Extreme Heat,Daylight,Bus/Coach,3,Over Speeding,1,0,0,0,4,0,Medium
2019,12,Sunday,8,Sindh,Mirpur Khas,Motorway,Average,Clear,Daylight,Car/Taxi,2,Over Speeding,1,1,0,1,1,1,Medium
2023,5,Sunday,16,Punjab,Gujranwala,National Highway,Good,Foggy,Daylight,Motorcycle,3,Over Speeding,0,1,0,0,7,0,High
2021,11,Friday,10,KPK,Bannu,Provincial Highway,Average,Clear,Dawn/Dusk,Bicycle,1,Road Condition,0,0,0,1,0,0,Low
2022,1,Thursday,16,Punjab,Lahore,Provincial Highway,Average,Extreme Heat,Daylight,Car/Taxi,4,Pedestrian Error,0,0,0,1,0,0,Low
2020,6,Sunday,23,Punjab,Rawalpindi,National Highway,Average,Rainy,No Light,Motorcycle,1,Over Speeding,0,1,1,0,11,0,High
2019,8,Wednesday,18,Sindh,Larkana,Urban Road,Good,Clear,Daylight,Rickshaw,2,Road Condition,1,0,0,0,2,0,Low
2023,4,Friday,18,Sindh,Larkana,National Highway,Good,Extreme Heat,Daylight,Motorcycle,3,Wrong Overtaking,1,0,0,0,2,1,High
2020,7,Wednesday,17,KPK,Charsadda,Rural Road,Average,Extreme Heat,Daylight,Truck/Lorry,3,Wrong Overtaking,1,0,0,0,1,0,Medium
2020,1,Saturday,14,Sindh,Thatta,Provincial Highway,Average,Extreme Heat,Daylight,Truck/Lorry,3,Over Speeding,0,1,0,1,5,1,Medium
2019,11,Tuesday,2,KPK,Swat,National Highway,Good,Rainy,Street Light,Car/Taxi,2,Signal Violation,0,0,1,1,3,1,High
2018,2,Monday,17,Punjab,Rahim Yar Khan,Provincial Highway,Good,Foggy,Daylight,Motorcycle,2,Signal Violation,1,0,0,1,10,2,High
2022,1,Saturday,4,Sindh,Dadu,National Highway,Good,Rainy,No Light,Motorcycle,2,Driver Fatigue,0,1,1,1,9,0,High
2022,12,Friday,19,Punjab,Sheikhupura,National Highway,Average,Clear,Dawn/Dusk,Motorcycle,2,Signal Violation,1,0,0,1,10,2,High
2020,1,Tuesday,14,Punjab,Rawalpindi,Rural Road,Poor,Extreme Heat,Daylight,Motorcycle,2,Signal Violation,0,0,0,1,1,0,Medium
2020,9,Friday,17,Balochistan,Sibi,Rural Road,Average,Clear,Street Light,Rickshaw,3,Over Speeding,1,0,0,0,0,0,Low
2019,11,Wednesday,15,Punjab,Bahawalpur,National Highway,Average,Clear,Daylight,Truck/Lorry,2,Driver Fatigue,0,0,0,1,7,1,High
2023,11,Monday,7,KPK,Swat,National Highway,Poor,Foggy,Daylight,Car/Taxi,1,Wrong Overtaking,1,0,0,1,4,0,Medium
2019,1,Thursday,18,Punjab,Rahim Yar Khan,Provincial Highway,Good,Clear,Daylight,Car/Taxi,1,Wrong Overtaking,1,0,0,1,2,1,Low
2022,7,Sunday,13,Punjab,Gujranwala,Urban Road,Average,Clear,Daylight,Motorcycle,2,Road Condition,1,1,0,0,2,0,Low
2019,8,Monday,21,Punjab,Faisalabad,National Highway,Good,Rainy,No Light,Rickshaw,2,Pedestrian Error,0,0,0,0,4,1,Medium
2023,12,Sunday,16,KPK,Nowshera,National Highway,Poor,Dusty/Smoggy,Daylight,Car/Taxi,2,Mobile Phone Use,0,1,0,1,0,0,Low
2023,3,Wednesday,5,Punjab,Faisalabad,Motorway,Good,Clear,Dawn/Dusk,Car/Taxi,2,Mobile Phone Use,0,0,1,0,1,0,Low
2023,7,Sunday,8,Sindh,Karachi,Provincial Highway,Good,Clear,No Light,Motorcycle,3,Wrong Overtaking,1,1,0,0,3,1,Medium
2023,7,Thursday,9,KPK,Dera Ismail Khan,Rural Road,Good,Rainy,Street Light,Car/Taxi,2,Driver Fatigue,1,0,0,0,0,0,Low
2023,5,Sunday,22,Punjab,Gujranwala,Provincial Highway,Average,Extreme Heat,Street Light,Car/Taxi,2,Wrong Overtaking,0,1,1,0,1,0,Medium
2020,10,Saturday,15,Sindh,Thatta,National Highway,Good,Rainy,Daylight,Rickshaw,2,Wrong Overtaking,0,1,0,0,5,0,Medium
2021,8,Tuesday,14,Punjab,Multan,National Highway,Average,Clear,Daylight,Car/Taxi,2,Mobile Phone Use,0,0,0,0,1,0,Medium
2023,3,Monday,21,Islamabad,Islamabad,Urban Road,Poor,Clear,No Light,Motorcycle,2,Over Speeding,0,0,0,0,8,2,High
2019,2,Sunday,15,Punjab,Lahore,Provincial Highway,Good,Extreme Heat,Street Light,Car/Taxi,2,Over Speeding,0,1,0,1,4,0,Medium
2021,12,Thursday,13,Punjab,Multan,Provincial Highway,Good,Clear,Daylight,Van/Pickup,1,Over Speeding,1,0,0,1,0,0,Low
2022,4,Monday,20,Punjab,Sheikhupura,Provincial Highway,Good,Dusty/Smoggy,No Light,Car/Taxi,3,Over Speeding,1,0,0,0,1,1,Medium
2023,11,Monday,13,KPK,Charsadda,Motorway,Under Repair,Rainy,Dawn/Dusk,Motorcycle,2,Over Speeding,1,0,0,1,9,0,High
2021,12,Wednesday,11,KPK,Bannu,Urban Road,Poor,Clear,Daylight,Motorcycle,2,Over Speeding,0,0,0,1,2,0,Medium
2023,3,Friday,4,Islamabad,Islamabad,Urban Road,Poor,Rainy,No Light,Rickshaw,1,Over Speeding,0,0,1,0,3,1,Medium
2020,7,Friday,9,Balochistan,Loralai,Urban Road,Under Repair,Foggy,Dawn/Dusk,Car/Taxi,1,Over Speeding,1,0,0,0,4,1,Medium
2019,4,Thursday,13,Punjab,Sialkot,National Highway,Under Repair,Clear,Daylight,Car/Taxi,2,Wrong Overtaking,1,0,0,0,2,0,Low
2022,9,Saturday,9,Sindh,Nawabshah,Urban Road,Average,Dusty/Smoggy,Daylight,Car/Taxi,2,Driver Fatigue,1,1,0,0,5,0,Medium
2022,5,Friday,22,KPK,Peshawar,Urban Road,Under Repair,Clear,No Light,Car/Taxi,2,Wrong Overtaking,0,0,1,0,2,0,Low
2020,6,Thursday,6,Balochistan,Khuzdar,Rural Road,Poor,Dusty/Smoggy,Dawn/Dusk,Motorcycle,2,Over Speeding,0,0,0,0,4,1,High
2021,11,Monday,3,Punjab,Faisalabad,Provincial Highway,Good,Foggy,No Light,Car/Taxi,2,Mechanical Failure,0,0,1,1,2,0,Low
2023,8,Wednesday,19,Sindh,Jacobabad,Provincial Highway,Poor,Clear,No Light,Car/Taxi,4,Pedestrian Error,1,0,0,0,0,1,Low
2018,4,Thursday,22,Balochistan,Dera Bugti,Motorway,Average,Dusty/Smoggy,No Light,Motorcycle,1,Over Speeding,0,0,1,0,9,0,High
2020,1,Sunday,9,Punjab,Sialkot,Provincial Highway,Poor,Clear,Daylight,Car/Taxi,1,Road Condition,1,1,0,1,1,0,Low
2019,6,Sunday,4,Sindh,Sukkur,Urban Road,Good,Rainy,No Light,Truck/Lorry,1,Driver Fatigue,0,1,1,0,9,3,High
2021,9,Wednesday,17,Balochistan,Gwadar,Provincial Highway,Poor,Clear,Daylight,Car/Taxi,1,Drunk Driving,1,0,0,0,4,0,Medium
2022,6,Saturday,8,KPK,Peshawar,Urban Road,Average,Clear,Daylight,Rickshaw,2,Pedestrian Error,1,1,0,0,2,1,Low
2021,8,Thursday,19,Punjab,Multan,Rural Road,Good,Clear,Dawn/Dusk,Other,1,Over Speeding,1,0,0,0,5,0,Medium
2023,6,Friday,3,Punjab,Faisalabad,Urban Road,Poor,Clear,No Light,Car/Taxi,4,Mechanical Failure,0,0,1,0,2,0,Low
2020,10,Sunday,10,Punjab,Gujranwala,Urban Road,Under Repair,Rainy,Daylight,Van/Pickup,1,Signal Violation,0,1,0,0,1,0,Medium
2021,12,Tuesday,20,Balochistan,Sibi,Provincial Highway,Good,Clear,No Light,Rickshaw,4,Signal Violation,1,0,0,1,4,0,Medium
2023,4,Wednesday,12,Gilgit-Baltistan,Gilgit,Urban Road,Good,Rainy,Daylight,Car/Taxi,2,Mechanical Failure,1,0,0,0,1,0,Low
2023,5,Monday,16,KPK,Peshawar,Rural Road,Good,Clear,Daylight,Truck/Lorry,1,Mechanical Failure,0,0,0,0,2,0,Low
2023,6,Friday,5,Sindh,Nawabshah,National Highway,Average,Clear,Street Light,Car/Taxi,4,Over Speeding,0,0,1,0,2,0,Medium
2023,11,Friday,7,Punjab,Faisalabad,Provincial Highway,Good,Clear,Daylight,Motorcycle,2,Over Speeding,1,0,0,1,5,1,Medium
2023,7,Monday,11,KPK,Peshawar,Rural Road,Under Repair,Clear,Dawn/Dusk,Car/Taxi,3,Pedestrian Error,0,0,0,0,2,0,Low
2022,1,Thursday,13,Punjab,Sheikhupura,Provincial Highway,Good,Clear,Daylight,Motorcycle,2,Wrong Overtaking,1,0,0,1,3,0,Medium
2019,6,Saturday,20,Sindh,Hyderabad,Rural Road,Average,Clear,No Light,Motorcycle,1,Mobile Phone Use,1,1,0,0,3,1,Medium
2023,2,Wednesday,8,Sindh,Nawabshah,National Highway,Poor,Rainy,Daylight,Van/Pickup,1,Wrong Overtaking,1,0,0,1,5,1,Medium
2023,5,Wednesday,12,Sindh,Nawabshah,National Highway,Average,Extreme Heat,Daylight,Motorcycle,2,Signal Violation,1,0,0,0,11,0,High
2019,7,Sunday,8,Islamabad,Islamabad,Provincial Highway,Poor,Rainy,Daylight,Car/Taxi,1,Signal Violation,1,1,0,0,1,0,Medium
2018,6,Friday,7,Punjab,Rawalpindi,National Highway,Average,Rainy,Daylight,Motorcycle,1,Over Speeding,1,0,0,0,7,0,High
2019,1,Saturday,20,KPK,Mansehra,Urban Road,Good,Clear,Street Light,Motorcycle,4,Driver Fatigue,1,1,0,1,3,2,Medium
2023,3,Monday,14,Punjab,Multan,Provincial Highway,Good,Rainy,Daylight,Rickshaw,2,Mechanical Failure,0,0,0,0,1,0,Low
2020,1,Saturday,20,KPK,Charsadda,Rural Road,Poor,Dusty/Smoggy,Street Light,Motorcycle,1,Signal Violation,1,1,0,1,5,0,Medium
2022,8,Friday,7,KPK,Swat,Urban Road,Good,Clear,Daylight,Motorcycle,1,Over Speeding,1,0,0,0,4,1,Medium
2022,7,Monday,16,Punjab,Sargodha,National Highway,Average,Clear,Daylight,Rickshaw,4,Over Speeding,0,0,0,0,5,0,Medium
2021,1,Friday,1,Punjab,Rahim Yar Khan,Rural Road,Poor,Clear,Street Light,Motorcycle,2,Over Speeding,0,0,1,1,4,0,Medium
2018,10,Tuesday,19,Punjab,Faisalabad,Urban Road,Poor,Clear,Dawn/Dusk,Motorcycle,2,Mechanical Failure,1,0,0,0,4,0,Medium
2021,7,Saturday,10,Punjab,Sialkot,National Highway,Average,Clear,Daylight,Motorcycle,3,Road Condition,0,1,0,0,3,1,Medium
2019,7,Thursday,18,KPK,Dera Ismail Khan,National Highway,Good,Foggy,Daylight,Van/Pickup,2,Wrong Overtaking,1,0,0,0,1,0,Medium
2023,6,Monday,13,Punjab,Gujranwala,Urban Road,Average,Dusty/Smoggy,Daylight,Van/Pickup,2,Drunk Driving,1,0,0,0,1,0,Low
2023,8,Friday,16,Sindh,Karachi,Urban Road,Average,Clear,Daylight,Motorcycle,2,Over Speeding,0,0,0,0,4,0,Medium
2019,6,Friday,7,Punjab,Gujranwala,Provincial Highway,Good,Extreme Heat,Daylight,Motorcycle,3,Over Speeding,1,0,0,0,5,0,Medium
2022,7,Tuesday,16,Sindh,Nawabshah,Provincial Highway,Poor,Clear,Dawn/Dusk,Rickshaw,2,Wrong Overtaking,0,0,0,0,0,0,Low
2023,5,Thursday,17,KPK,Mardan,Rural Road,Good,Clear,No Light,Car/Taxi,1,Weather Condition,1,0,0,0,1,0,Low
2021,12,Friday,16,Punjab,Sargodha,Rural Road,Average,Clear,Daylight,Motorcycle,2,Wrong Overtaking,0,0,0,1,3,0,Medium
2020,10,Sunday,12,Sindh,Karachi,Rural Road,Poor,Clear,Dawn/Dusk,Car/Taxi,1,Wrong Overtaking,1,1,0,0,2,0,Low
2022,7,Monday,5,KPK,Peshawar,Rural Road,Good,Rainy,Daylight,Motorcycle,2,Pedestrian Error,0,0,1,0,10,0,High
2023,10,Friday,8,Punjab,Lahore,Rural Road,Average,Foggy,Daylight,Car/Taxi,1,Wrong Overtaking,1,0,0,0,5,1,Medium
2019,5,Sunday,16,KPK,Mardan,National Highway,Good,Foggy,Daylight,Bus/Coach,2,Over Speeding,0,1,0,0,9,1,High
2020,2,Thursday,12,Punjab,Lahore,Provincial Highway,Average,Clear,Daylight,Motorcycle,2,Signal Violation,1,0,0,1,2,1,Medium
2023,3,Saturday,12,Punjab,Sargodha,Provincial Highway,Good,Clear,Daylight,Car/Taxi,2,Signal Violation,1,1,0,0,0,0,Low
2021,1,Thursday,5,Sindh,Mirpur Khas,Provincial Highway,Average,Dusty/Smoggy,Dawn/Dusk,Van/Pickup,2,Mechanical Failure,0,0,1,1,0,0,Low
2023,2,Friday,14,Punjab,Sargodha,Rural Road,Good,Foggy,Dawn/Dusk,Car/Taxi,2,Over Speeding,0,0,0,1,1,0,Medium
2018,6,Tuesday,13,KPK,Kohat,Rural Road,Under Repair,Clear,Daylight,Motorcycle,2,Over Speeding,1,0,0,0,8,3,High
2021,3,Thursday,18,Punjab,Bahawalpur,National Highway,Good,Clear,Daylight,Motorcycle,2,Wrong Overtaking,1,0,0,0,4,0,Medium
2019,9,Friday,11,Punjab,Rahim Yar Khan,Provincial Highway,Average,Clear,Dawn/Dusk,Motorcycle,2,Pedestrian Error,0,0,0,0,1,0,Low
2022,8,Wednesday,18,Sindh,Thatta,National Highway,Good,Foggy,Daylight,Other,3,Mobile Phone Use,1,0,0,0,1,0,Medium
2023,2,Monday,10,Sindh,Dadu,Urban Road,Good,Clear,Daylight,Motorcycle,3,Road Condition,0,0,0,1,0,0,Low
2021,7,Thursday,20,KPK,Abbottabad,Provincial Highway,Under Repair,Clear,No Light,Motorcycle,2,Over Speeding,1,0,0,0,5,1,High
2019,8,Wednesday,17,Punjab,Faisalabad,Provincial Highway,Average,Clear,Street Light,Car/Taxi,4,Over Speeding,1,0,0,0,3,1,Medium
2021,8,Monday,14,Balochistan,Loralai,Provincial Highway,Under Repair,Rainy,Daylight,Motorcycle,1,Over Speeding,0,0,0,0,8,0,High
2023,7,Monday,14,Islamabad,Islamabad,National Highway,Under Repair,Clear,Daylight,Van/Pickup,1,Road Condition,0,0,0,0,0,0,Low
2020,4,Wednesday,8,Sindh,Jacobabad,National Highway,Good,Foggy,Dawn/Dusk,Motorcycle,2,Wrong Overtaking,1,0,0,0,9,1,High
2018,1,Friday,20,KPK,Abbottabad,Urban Road,Good,Foggy,Street Light,Motorcycle,2,Road Condition,1,0,0,1,2,0,Low
2023,10,Wednesday,9,Sindh,Hyderabad,Rural Road,Poor,Clear,Street Light,Bus/Coach,3,Over Speeding,1,0,0,0,4,1,Medium
2020,11,Sunday,8,Punjab,Rahim Yar Khan,Rural Road,Poor,Clear,Daylight,Motorcycle,2,Over Speeding,1,1,0,1,5,1,Medium
2023,3,Saturday,14,Punjab,Faisalabad,National Highway,Good,Clear,Daylight,Motorcycle,2,Mechanical Failure,0,1,0,0,5,0,Medium
2022,6,Saturday,7,Punjab,Rawalpindi,Rural Road,Good,Clear,Daylight,Motorcycle,2,Mechanical Failure,1,1,0,0,0,0,Low
2023,11,Friday,12,AJK,Rawalakot,Rural Road,Poor,Dusty/Smoggy,Daylight,Rickshaw,1,Over Speeding,1,0,0,1,1,0,Low
2022,4,Saturday,23,Punjab,Bahawalpur,Provincial Highway,Average,Clear,No Light,Motorcycle,2,Signal Violation,0,1,1,0,4,3,High
2022,9,Saturday,9,Sindh,Thatta,Provincial Highway,Poor,Clear,Daylight,Car/Taxi,2,Wrong Overtaking,1,1,0,0,0,1,Low
2023,12,Friday,12,Punjab,Lahore,Rural Road,Average,Foggy,Street Light,Truck/Lorry,1,Over Speeding,1,0,0,1,2,0,Medium
2020,5,Sunday,14,Sindh,Dadu,National Highway,Good,Foggy,Daylight,Car/Taxi,2,Signal Violation,0,1,0,0,5,2,High
2021,5,Tuesday,20,Punjab,Gujranwala,Motorway,Good,Clear,No Light,Motorcycle,3,Wrong Overtaking,1,0,0,0,9,2,High
2022,5,Tuesday,20,KPK,Kohat,Provincial Highway,Poor,Clear,No Light,Bus/Coach,3,Pedestrian Error,1,0,0,0,4,1,Medium
2020,9,Tuesday,19,Punjab,Faisalabad,National Highway,Poor,Clear,Street Light,Rickshaw,2,Pedestrian Error,1,0,0,0,1,1,Low
2018,11,Monday,10,Balochistan,Hub,Urban Road,Average,Clear,Daylight,Motorcycle,3,Road Condition,0,0,0,1,2,0,Low
2020,1,Friday,9,Balochistan,Zhob,Provincial Highway,Good,Clear,Daylight,Car/Taxi,2,Signal Violation,1,0,0,1,0,0,Low
2018,9,Tuesday,23,KPK,Nowshera,Provincial Highway,Good,Rainy,Street Light,Motorcycle,1,Road Condition,0,0,1,0,2,3,High
2020,8,Sunday,11,Punjab,Lahore,National Highway,Under Repair,Foggy,Daylight,Car/Taxi,1,Road Condition,0,1,0,0,3,0,Medium
2020,7,Tuesday,21,Punjab,Rawalpindi,Provincial Highway,Poor,Clear,No Light,Rickshaw,2,Signal Violation,0,0,0,0,2,0,Low
2023,7,Sunday,12,Balochistan,Gwadar,National Highway,Good,Clear,Daylight,Motorcycle,3,Signal Violation,1,1,0,0,5,0,Medium
2023,7,Thursday,12,Punjab,Sargodha,Provincial Highway,Average,Clear,Daylight,Car/Taxi,2,Mechanical Failure,1,0,0,0,1,0,Low
2020,9,Thursday,19,Punjab,Bahawalpur,National Highway,Good,Rainy,No Light,Bus/Coach,3,Over Speeding,1,0,0,0,11,2,High
2023,2,Monday,16,Sindh,Mirpur Khas,National Highway,Under Repair,Rainy,Daylight,Motorcycle,3,Mechanical Failure,0,0,0,1,4,0,High
2022,1,Sunday,17,Punjab,Sargodha,National Highway,Good,Clear,Street Light,Car/Taxi,2,Pedestrian Error,1,1,0,1,3,2,Medium
2022,7,Saturday,19,Punjab,Faisalabad,National Highway,Under Repair,Clear,Dawn/Dusk,Car/Taxi,1,Over Speeding,1,1,0,0,3,0,Medium
2023,6,Wednesday,21,Sindh,Thatta,Provincial Highway,Poor,Clear,No Light,Truck/Lorry,3,Signal Violation,0,0,0,0,1,0,Medium
2022,10,Monday,19,Punjab,Faisalabad,Motorway,Good,Foggy,No Light,Car/Taxi,1,Signal Violation,1,0,0,0,3,1,Medium
2018,3,Sunday,20,Punjab,Rawalpindi,Provincial Highway,Good,Clear,Street Light,Motorcycle,2,Over Speeding,1,1,0,0,2,0,Medium
2018,2,Tuesday,16,Sindh,Sukkur,Motorway,Poor,Extreme Heat,Dawn/Dusk,Motorcycle,1,Over Speeding,0,0,0,1,2,0,High
2022,6,Monday,19,Punjab,Sialkot,Provincial Highway,Average,Clear,Dawn/Dusk,Motorcycle,2,Driver Fatigue,1,0,0,0,2,0,Medium
2021,3,Friday,9,KPK,Dera Ismail Khan,National Highway,Good,Clear,Daylight,Rickshaw,1,Wrong Overtaking,1,0,0,0,3,1,Medium
2020,1,Sunday,12,Punjab,Sialkot,National Highway,Average,Foggy,Daylight,Car/Taxi,1,Wrong Overtaking,1,1,0,1,11,1,High
2023,11,Thursday,21,Sindh,Karachi,Provincial Highway,Good,Dusty/Smoggy,Street Light,Motorcycle,2,Over Speeding,0,0,0,1,7,4,High
2023,12,Thursday,15,Sindh,Kashmore,Motorway,Under Repair,Foggy,Daylight,Bus/Coach,2,Over Speeding,0,0,0,1,3,0,High
2022,6,Friday,21,Punjab,Faisalabad,Rural Road,Poor,Rainy,Street Light,Bus/Coach,1,Over Speeding,0,0,0,0,5,1,High
2023,9,Friday,15,Punjab,Gujranwala,National Highway,Good,Dusty/Smoggy,Daylight,Car/Taxi,2,Wrong Overtaking,0,0,0,0,1,1,Medium
2021,1,Friday,6,Punjab,Sheikhupura,National Highway,Poor,Rainy,Daylight,Car/Taxi,3,Wrong Overtaking,0,0,0,1,2,0,Medium
2020,5,Friday,17,Balochistan,Zhob,Urban Road,Average,Foggy,Street Light,Rickshaw,3,Mobile Phone Use,1,0,0,0,0,0,Low
2019,7,Thursday,10,Punjab,Sialkot,Motorway,Good,Clear,Daylight,Motorcycle,2,Over Speeding,0,0,0,0,7,2,High
2018,1,Friday,12,KPK,Peshawar,Provincial Highway,Good,Clear,Daylight,Rickshaw,2,Mechanical Failure,1,0,0,1,1,0,Low
2023,1,Monday,21,Islamabad,Islamabad,Rural Road,Good,Clear,No Light,Bicycle,2,Over Speeding,0,0,0,1,4,1,Medium
2018,11,Friday,22,Sindh,Thatta,Provincial Highway,Poor,Dusty/Smoggy,No Light,Rickshaw,2,Signal Violation,0,0,1,1,1,0,Low
2020,6,Saturday,9,Punjab,Sheikhupura,National Highway,Good,Extreme Heat,Daylight,Motorcycle,1,Signal Violation,1,1,0,0,2,3,High
2019,11,Monday,6,Punjab,Gujranwala,Provincial Highway,Average,Foggy,Daylight,Motorcycle,3,Driver Fatigue,0,0,0,1,11,1,High
2020,4,Friday,13,Islamabad,Islamabad,Urban Road,Average,Rainy,Daylight,Car/Taxi,1,Drunk Driving,1,0,0,0,5,0,Medium
2023,11,Thursday,22,KPK,Dera Ismail Khan,Urban Road,Average,Clear,Street Light,Car/Taxi,2,Mobile Phone Use,0,0,1,1,2,0,Low
2022,2,Tuesday,8,KPK,Abbottabad,Provincial Highway,Under Repair,Clear,Daylight,Motorcycle,1,Signal Violation,1,0,0,1,3,0,Medium
2019,12,Friday,5,Sindh,Kashmore,Urban Road,Good,Rainy,Street Light,Rickshaw,1,Pedestrian Error,0,0,1,1,2,0,Low
2020,1,Sunday,10,Balochistan,Hub,National Highway,Poor,Foggy,Daylight,Rickshaw,2,Signal Violation,0,1,0,1,2,0,Medium
2023,5,Tuesday,19,KPK,Kohat,National Highway,Average,Clear,Dawn/Dusk,Car/Taxi,1,Road Condition,1,0,0,0,3,1,Medium
2020,5,Saturday,6,Punjab,Lahore,Urban Road,Poor,Foggy,Daylight,Motorcycle,2,Mobile Phone Use,0,1,0,0,3,0,Medium
2022,6,Wednesday,19,Sindh,Dadu,National Highway,Poor,Extreme Heat,Dawn/Dusk,Car/Taxi,2,Signal Violation,1,0,0,0,1,0,Medium
2018,5,Sunday,19,Sindh,Kashmore,Provincial Highway,Good,Clear,Dawn/Dusk,Motorcycle,1,Signal Violation,1,1,0,0,6,0,High
2023,3,Saturday,18,Punjab,Faisalabad,Provincial Highway,Poor,Clear,Daylight,Bus/Coach,1,Driver Fatigue,1,1,0,0,4,1,Medium
2022,6,Saturday,20,KPK,Kohat,National Highway,Good,Clear,Street Light,Car/Taxi,2,Over Speeding,1,1,0,0,2,0,Medium
2019,7,Friday,3,Punjab,Lahore,Provincial Highway,Good,Clear,No Light,Motorcycle,3,Wrong Overtaking,0,0,1,0,2,0,High
2023,4,Monday,3,Sindh,Jacobabad,Rural Road,Good,Foggy,Street Light,Car/Taxi,1,Over Speeding,0,0,1,0,3,0,Medium
2021,12,Wednesday,3,Punjab,Sargodha,Rural Road,Poor,Clear,Street Light,Car/Taxi,1,Road Condition,0,0,1,1,2,0,Low
2023,5,Friday,19,Punjab,Gujranwala,Urban Road,Good,Rainy,Dawn/Dusk,Motorcycle,1,Over Speeding,1,0,0,0,4,1,High
2021,12,Monday,5,Sindh,Kashmore,Provincial Highway,Average,Clear,Daylight,Truck/Lorry,2,Road Condition,0,0,1,1,0,1,Low
2022,7,Saturday,17,Gilgit-Baltistan,Skardu,Provincial Highway,Poor,Extreme Heat,Daylight,Truck/Lorry,1,Road Condition,1,1,0,0,2,0,Low
2019,8,Friday,19,Punjab,Faisalabad,National Highway,Average,Clear,Dawn/Dusk,Motorcycle,2,Over Speeding,1,0,0,0,9,0,High
2018,4,Tuesday,14,Punjab,Bahawalpur,Urban Road,Poor,Foggy,Street Light,Motorcycle,1,Wrong Overtaking,0,0,0,0,1,0,Medium
2018,6,Saturday,8,Sindh,Sukkur,Rural Road,Good,Foggy,Daylight,Motorcycle,1,Signal Violation,1,1,0,0,4,0,Medium
2021,1,Wednesday,21,Punjab,Gujranwala,Urban Road,Good,Clear,No Light,Motorcycle,1,Over Speeding,0,0,0,1,5,2,Medium
2020,7,Wednesday,16,Punjab,Sialkot,Motorway,Poor,Clear,Daylight,Motorcycle,2,Road Condition,0,0,0,0,4,0,Medium
2023,12,Sunday,1,Punjab,Sialkot,Urban Road,Average,Foggy,No Light,Motorcycle,2,Road Condition,0,1,1,1,5,0,Medium
2023,10,Wednesday,23,Punjab,Bahawalpur,National Highway,Average,Clear,No Light,Motorcycle,1,Drunk Driving,0,0,1,0,3,3,High
2020,12,Friday,6,Sindh,Karachi,Provincial Highway,Average,Clear,Daylight,Motorcycle,2,Wrong Overtaking,0,0,0,1,2,0,Medium
2021,2,Monday,19,Sindh,Mirpur Khas,Urban Road,Average,Clear,Street Light,Motorcycle,1,Over Speeding,1,0,0,1,11,0,High