year,month,day_of_week,hour_of_day,province,district,road_type,road_condition,weather_condition,lighting_condition,vehicle_type,vehicles_involved,accident_cause,is_rush_hour,is_weekend,is_night,is_foggy_month,num_injured,num_killed,severity
2022,4,Sunday,11,Punjab,Sargodha,Rural Road,Good,Clear,Dawn/Dusk,Van/Pickup,2,Mechanical Failure,0,1,0,0,2,0,Low
2019,11,Monday,15,KPK,Kohat,Urban Road,Average,Clear,Daylight,Car/Taxi,4,Wrong Overtaking,0,0,0,1,1,0,Low
2021,11,Tuesday,20,Punjab,Bahawalpur,National Highway,Poor,Clear,Street Light,Motorcycle,3,Wrong Overtaking,1,0,0,1,3,2,Medium
2022,4,Tuesday,15,Balochistan,Turbat,National Highway,Good,Clear,Daylight,Motorcycle,4,Road Condition,0,0,0,0,5,0,Medium
2023,1,Saturday,13,Sindh,Mirpur Khas,National Highway,Good,Rainy,Daylight,Van/Pickup,1,Over Speeding,1,1,0,1,9,0,High
2020,3,Wednesday,6,Punjab,Multan,Provincial Highway,Poor,Clear,Daylight,Rickshaw,2,Wrong Overtaking,0,0,0,0,0,0,Low
2021,4,Monday,15,Islamabad,Islamabad,Provincial Highway,Good,Clear,Daylight,Motorcycle,2,Over Speeding,0,0,0,0,10,3,High
2020,5,Monday,14,Punjab,Rawalpindi,Provincial Highway,Under Repair,Clear,Street Light,Car/Taxi,2,Driver Fatigue,0,0,0,0,5,2,Medium
2023,10,Wednesday,9,Sindh,Hyderabad,Motorway,Poor,Foggy,Street Light,Motorcycle,2,Mechanical Failure,1,0,0,0,8,0,High
2020,9,Wednesday,10,Punjab,Bahawalpur,National Highway,Under Repair,Rainy,Daylight,Car/Taxi,2,Mechanical Failure,0,0,0,0,4,1,Medium
2018,3,Saturday,7,KPK,Swat,Motorway,Poor,Clear,Daylight,Motorcycle,1,Wrong Overtaking,1,1,0,0,4,2,High
2023,4,Friday,19,Sindh,Kashmore,Rural Road,Under Repair,Dusty/Smoggy,No Light,Bus/Coach,2,Over Speeding,1,0,0,0,3,2,Medium
2021,7,Tuesday,10,Punjab,Rahim Yar Khan,Provincial Highway,Good,Clear,Daylight,Motorcycle,2,Wrong Overtaking,0,0,0,0,2,1,Medium
2021,12,Saturday,16,Punjab,Multan,Rural Road,Poor,Clear,Daylight,Other,3,Signal Violation,0,1,0,1,1,0,Low
2019,11,Sunday,17,KPK,Swat,Provincial Highway,Poor,Clear,Daylight,Motorcycle,1,Mobile Phone Use,1,1,0,1,4,1,Medium
2022,3,Saturday,15,Punjab,Sheikhupura,Rural Road,Good,Clear,Daylight,Motorcycle,2,Wrong Overtaking,0,1,0,0,5,0,Medium
2018,6,Wednesday,4,Punjab,Sargodha,National Highway,Poor,Clear,No Light,Car/Taxi,1,Mechanical Failure,0,0,1,0,1,0,Low
2020,6,Tuesday,16,Sindh,Kashmore,Rural Road,Average,Rainy,Daylight,Motorcycle,3,Drunk Driving,0,0,0,0,5,2,High
2018,8,Sunday,22,KPK,Abbottabad,Urban Road,Good,Rainy,No Light,Motorcycle,2,Over Speeding,0,1,1,0,8,2,High
2019,8,Monday,8,Punjab,Gujranwala,National Highway,Average,Extreme Heat,Daylight,Motorcycle,4,Over Speeding,1,0,0,0,9,0,High
2022,12,Tuesday,8,Punjab,Multan,Rural Road,Average,Rainy,Daylight,Motorcycle,2,Driver Fatigue,1,0,0,1,11,1,High
2023,6,Thursday,10,KPK,Peshawar,National Highway,Average,Clear,Daylight,Other,3,Over Speeding,0,0,0,0,4,1,Medium
2022,9,Wednesday,2,Punjab,Multan,National Highway,Poor,Clear,No Light,Motorcycle,2,Wrong Overtaking,0,0,1,0,7,2,High
2019,11,Tuesday,14,Sindh,Jacobabad,Rural Road,Good,Clear,Daylight,Motorcycle,2,Weather Condition,0,0,0,1,2,0,Low
2019,6,Monday,16,Islamabad,Islamabad,Urban Road,Average,Clear,Daylight,Bus/Coach,1,Over Speeding,0,0,0,0,0,0,Low
2020,2,Tuesday,6,Balochistan,Hub,National Highway,Poor,Clear,Daylight,Motorcycle,2,Signal Violation,0,0,0,1,6,1,High
2019,3,Tuesday,19,Punjab,Sialkot,National Highway,Poor,Clear,Dawn/Dusk,Rickshaw,4,Wrong Overtaking,1,0,0,0,2,0,Medium
2018,7,Tuesday,2,Punjab,Sialkot,Urban Road,Good,Clear,Street Light,Car/Taxi,4,Mechanical Failure,0,0,1,0,2,0,Low
2021,6,Sunday,10,Punjab,Sargodha,Urban Road,Good,Rainy,Daylight,Car/Taxi,3,Weather Condition,0,1,0,0,2,0,Low
2023,8,Thursday,17,Islamabad,Islamabad,Provincial Highway,Under Repair,Foggy,Street Light,Rickshaw,1,Road Condition,1,0,0,0,5,1,Medium
2019,3,Wednesday,12,AJK,Muzaffarabad,Urban Road,Poor,Foggy,Daylight,Van/Pickup,2,Wrong Overtaking,1,0,0,0,2,0,Low
2023,6,Saturday,22,Punjab,Sialkot,Urban Road,Good,Extreme Heat,Street Light,Car/Taxi,1,Mechanical Failure,0,1,1,0,0,0,Low
2020,11,Friday,6,KPK,Bannu,National Highway,Average,Clear,Daylight,Truck/Lorry,2,Driver Fatigue,0,0,0,1,8,1,High
2022,4,Sunday,9,Balochistan,Dera Bugti,Motorway,Average,Foggy,Daylight,Car/Taxi,1,Over Speeding,1,1,0,0,4,0,Medium
2020,10,Friday,11,Punjab,Gujranwala,National Highway,Under Repair,Rainy,Daylight,Truck/Lorry,1,Mechanical Failure,0,0,0,0,2,1,Medium
2021,12,Monday,13,Punjab,Sargodha,Rural Road,Average,Dusty/Smoggy,Dawn/Dusk,Car/Taxi,2,Driver Fatigue,1,0,0,1,1,0,Low
2020,8,Wednesday,12,Punjab,Rawalpindi,National Highway,Average,Clear,Dawn/Dusk,Car/Taxi,3,Signal Violation,1,0,0,0,2,1,Low
2023,12,Monday,11,Punjab,Multan,Rural Road,Poor,Clear,Street Light,Rickshaw,2,Over Speeding,0,0,0,1,5,0,Medium
2018,9,Monday,17,Balochistan,Gwadar,National Highway,Average,Clear,Daylight,Rickshaw,2,Pedestrian Error,1,0,0,0,0,0,Low
2022,6,Friday,13,Balochistan,Zhob,Motorway,Good,Clear,Street Light,Motorcycle,2,Driver Fatigue,1,0,0,0,4,2,High
2022,1,Monday,22,Punjab,Rawalpindi,Provincial Highway,Good,Extreme Heat,Street Light,Motorcycle,3,Mechanical Failure,0,0,1,1,1,1,Medium
2021,6,Tuesday,19,Punjab,Rawalpindi,Provincial Highway,Average,Extreme Heat,Dawn/Dusk,Truck/Lorry,2,Signal Violation,1,0,0,0,1,0,Low
2020,8,Sunday,12,Punjab,Rahim Yar Khan,National Highway,Poor,Clear,Daylight,Bicycle,4,Road Condition,1,1,0,0,2,0,Medium
2019,4,Monday,23,KPK,Kohat,Provincial Highway,Average,Clear,Street Light,Car/Taxi,2,Mechanical Failure,0,0,1,0,1,0,Medium
2018,6,Friday,19,Sindh,Hyderabad,National Highway,Good,Dusty/Smoggy,Dawn/Dusk,Motorcycle,2,Signal Violation,1,0,0,0,8,3,High
2023,3,Thursday,23,Sindh,Karachi,Rural Road,Average,Clear,Street Light,Motorcycle,1,Wrong Overtaking,0,0,1,0,3,3,High
2020,3,Thursday,21,Sindh,Hyderabad,Urban Road,Average,Clear,No Light,Motorcycle,1,Wrong Overtaking,0,0,0,0,2,0,Low
2021,1,Friday,12,Punjab,Sheikhupura,Provincial Highway,Poor,Clear,Dawn/Dusk,Car/Taxi,2,Over Speeding,1,0,0,1,0,1,Low
2019,3,Monday,0,Sindh,Sukkur,National Highway,Under Repair,Foggy,No Light,Van/Pickup,2,Pedestrian Error,0,0,1,0,1,1,Medium
2022,5,Monday,17,Gilgit-Baltistan,Hunza,Provincial Highway,Good,Foggy,Daylight,Rickshaw,3,Mechanical Failure,1,0,0,0,1,2,Medium
2018,2,Saturday,8,Punjab,Rawalpindi,Urban Road,Under Repair,Clear,Daylight,Rickshaw,2,Over Speeding,1,1,0,1,0,0,Low
2020,12,Friday,17,Sindh,Karachi,Rural Road,Poor,Dusty/Smoggy,Dawn/Dusk,Car/Taxi,1,Pedestrian Error,1,0,0,1,1,0,Low
2023,11,Monday,12,Punjab,Faisalabad,Provincial Highway,Good,Extreme Heat,Daylight,Motorcycle,2,Wrong Overtaking,1,0,0,1,2,0,Medium
2023,10,Sunday,23,Sindh,Nawabshah,Motorway,Good,Clear,No Light,Car/Taxi,1,Mobile Phone Use,0,1,1,0,0,0,Low
2019,11,Wednesday,9,Sindh,Hyderabad,Provincial Highway,Poor,Extreme Heat,Daylight,Truck/Lorry,1,Wrong Overtaking,1,0,0,1,3,1,Medium
2020,9,Saturday,19,Sindh,Kashmore,National Highway,Average,Clear,No Light,Bicycle,1,Drunk Driving,1,1,0,0,4,1,High
2018,8,Thursday,10,Balochistan,Dera Bugti,National Highway,Poor,Rainy,Street Light,Rickshaw,2,Mechanical Failure,0,0,0,0,4,1,Medium
2020,1,Tuesday,7,Punjab,Bahawalpur,Urban Road,Good,Clear,Daylight,Motorcycle,1,Over Speeding,1,0,0,1,2,1,High
2019,7,Wednesday,8,Sindh,Nawabshah,Urban Road,Average,Dusty/Smoggy,Daylight,Car/Taxi,2,Pedestrian Error,1,0,0,0,2,0,Low
2018,12,Thursday,9,Punjab,Faisalabad,Provincial Highway,Good,Foggy,Daylight,Motorcycle,2,Wrong Overtaking,1,0,0,1,5,0,Medium
2020,9,Saturday,14,KPK,Dera Ismail Khan,Rural Road,Poor,Foggy,Daylight,Other,2,Signal Violation,0,1,0,0,3,2,Medium
2023,7,Wednesday,14,Punjab,Sialkot,National Highway,Average,Foggy,Daylight,Truck/Lorry,3,Over Speeding,0,0,0,0,7,3,High
2023,3,Monday,12,KPK,Mardan,National Highway,Under Repair,Rainy,Street Light,Bus/Coach,1,Wrong Overtaking,1,0,0,0,4,1,Medium
2023,10,Friday,17,Punjab,Lahore,Provincial Highway,Good,Foggy,Daylight,Car/Taxi,2,Pedestrian Error,1,0,0,0,4,1,Medium
2022,9,Tuesday,16,Punjab,Gujranwala,Provincial Highway,Average,Clear,Daylight,Car/Taxi,3,Signal Violation,0,0,0,0,1,0,Medium
2018,3,Friday,12,Punjab,Gujranwala,Provincial Highway,Average,Clear,Daylight,Bus/Coach,1,Signal Violation,1,0,0,0,4,0,Medium
2023,3,Saturday,21,AJK,Mirpur,Urban Road,Good,Clear,No Light,Motorcycle,3,Mechanical Failure,0,1,0,0,2,0,Low
2022,6,Thursday,8,Punjab,Sargodha,Motorway,Under Repair,Foggy,Daylight,Rickshaw,2,Wrong Overtaking,1,0,0,0,2,0,High
2022,11,Monday,6,Punjab,Rawalpindi,Urban Road,Average,Clear,Street Light,Car/Taxi,3,Over Speeding,0,0,0,1,5,0,Medium
2021,1,Tuesday,17,Punjab,Rawalpindi,National Highway,Poor,Extreme Heat,Daylight,Truck/Lorry,2,Drunk Driving,1,0,0,1,1,2,Medium
2022,5,Thursday,9,Punjab,Bahawalpur,Motorway,Poor,Clear,Daylight,Rickshaw,2,Over Speeding,1,0,0,0,5,1,Medium
2023,7,Tuesday,6,Punjab,Rawalpindi,Rural Road,Poor,Clear,Daylight,Motorcycle,3,Drunk Driving,0,0,0,0,4,0,Medium
2020,1,Monday,4,Sindh,Hyderabad,Provincial Highway,Good,Rainy,No Light,Motorcycle,2,Pedestrian Error,0,0,1,1,4,0,Medium
2022,3,Monday,23,Punjab,Rahim Yar Khan,Provincial Highway,Average,Clear,No Light,Car/Taxi,2,Driver Fatigue,0,0,1,0,1,1,Medium
2023,4,Sunday,19,Sindh,Dadu,National Highway,Average,Clear,Street Light,Car/Taxi,3,Road Condition,1,1,0,0,2,0,Low
2023,9,Monday,20,Punjab,Bahawalpur,Provincial Highway,Good,Clear,Street Light,Motorcycle,2,Over Speeding,1,0,0,0,5,0,Medium
2020,6,Thursday,15,Sindh,Hyderabad,Provincial Highway,Good,Rainy,Daylight,Van/Pickup,1,Signal Violation,0,0,0,0,4,2,Medium
2023,1,Saturday,23,Sindh,Thatta,Rural Road,Average,Foggy,Street Light,Car/Taxi,1,Over Speeding,0,1,1,1,2,1,Medium
2018,2,Thursday,19,Punjab,Gujranwala,National Highway,Good,Rainy,Street Light,Motorcycle,2,Pedestrian Error,1,0,0,1,7,2,High
2019,7,Friday,11,Punjab,Rahim Yar Khan,Urban Road,Good,Extreme Heat,No Light,Rickshaw,2,Wrong Overtaking,0,0,0,0,1,0,Low
2023,1,Monday,11,Punjab,Rahim Yar Khan,National Highway,Poor,Dusty/Smoggy,Daylight,Motorcycle,3,Pedestrian Error,0,0,0,1,2,0,Medium
2022,7,Monday,13,Punjab,Multan,Provincial Highway,Good,Clear,Daylight,Car/Taxi,1,Mobile Phone Use,1,0,0,0,2,0,Low
2020,9,Saturday,23,Sindh,Kashmore,Provincial Highway,Average,Clear,Street Light,Motorcycle,2,Over Speeding,0,1,1,0,11,1,High
2019,11,Thursday,17,Sindh,Mirpur Khas,Motorway,Good,Clear,No Light,Truck/Lorry,2,Wrong Overtaking,1,0,0,1,3,0,Medium
2023,2,Wednesday,20,Sindh,Kashmore,Urban Road,Good,Clear,No Light,Rickshaw,1,Drunk Driving,1,0,0,1,2,0,Low
2022,5,Sunday,10,Punjab,Gujranwala,Provincial Highway,Poor,Clear,Daylight,Van/Pickup,2,Mobile Phone Use,0,1,0,0,1,0,Low
2022,12,Tuesday,6,Punjab,Lahore,Urban Road,Good,Foggy,Daylight,Motorcycle,2,Mechanical Failure,0,0,0,1,2,0,Low
2022,9,Thursday,6,Punjab,Gujranwala,National Highway,Good,Extreme Heat,Daylight,Bicycle,3,Road Condition,0,0,0,0,5,0,Medium
2018,10,Thursday,17,Sindh,Jacobabad,National Highway,Average,Clear,Daylight,Car/Taxi,2,Wrong Overtaking,1,0,0,0,2,0,Low
2020,10,Thursday,19,Sindh,Thatta,Rural Road,Under Repair,Clear,Dawn/Dusk,Car/Taxi,2,Wrong Overtaking,1,0,0,0,0,0,Low
2023,1,Wednesday,21,Punjab,Bahawalpur,Motorway,Poor,Foggy,No Light,Motorcycle,1,Driver Fatigue,0,0,0,1,3,0,High
2022,8,Thursday,6,KPK,Mardan,Urban Road,Good,Rainy,Daylight,Motorcycle,2,Signal Violation,0,0,0,0,4,0,Medium
2021,6,Thursday,16,Punjab,Rahim Yar Khan,National Highway,Good,Extreme Heat,Daylight,Motorcycle,4,Road Condition,0,0,0,0,1,0,Medium
2019,12,Thursday,17,AJK,Muzaffarabad,Rural Road,Poor,Foggy,Daylight,Car/Taxi,1,Mechanical Failure,1,0,0,1,2,0,Low
2019,3,Thursday,18,Punjab,Multan,National Highway,Average,Clear,Daylight,Rickshaw,3,Mobile Phone Use,1,0,0,0,0,0,Low
2022,4,Tuesday,14,KPK,Abbottabad,Urban Road,Average,Clear,No Light,Rickshaw,2,Road Condition,0,0,0,0,0,0,Low
2023,5,Saturday,15,Punjab,Bahawalpur,Provincial Highway,Poor,Clear,Daylight,Motorcycle,1,Wrong Overtaking,0,1,0,0,10,1,High
2022,6,Thursday,10,Balochistan,Zhob,Motorway,Poor,Rainy,Dawn/Dusk,Motorcycle,2,Road Condition,0,0,0,0,5,1,Medium
2021,3,Wednesday,10,Punjab,Gujranwala,Provincial Highway,Good,Clear,Daylight,Rickshaw,3,Over Speeding,0,0,0,0,0,0,Low
2022,6,Friday,17,Punjab,Sheikhupura,Provincial Highway,Poor,Clear,Daylight,Motorcycle,1,Signal Violation,1,0,0,0,4,1,Medium
2023,12,Tuesday,8,Punjab,Sialkot,Rural Road,Under Repair,Rainy,Dawn/Dusk,Motorcycle,2,Over Speeding,1,0,0,1,1,1,Medium
2023,4,Saturday,5,Gilgit-Baltistan,Skardu,Provincial Highway,Good,Clear,Dawn/Dusk,Other,1,Mechanical Failure,0,1,1,0,0,0,Low
2021,2,Wednesday,18,AJK,Muzaffarabad,Provincial Highway,Under Repair,Foggy,Daylight,Bus/Coach,3,Wrong Overtaking,1,0,0,1,2,0,Medium
2022,2,Saturday,9,Punjab,Lahore,Provincial Highway,Good,Rainy,Daylight,Motorcycle,2,Pedestrian Error,1,1,0,1,2,0,Medium
2018,8,Tuesday,8,Sindh,Dadu,Urban Road,Average,Foggy,Daylight,Motorcycle,3,Wrong Overtaking,1,0,0,0,1,0,Medium
2018,4,Monday,4,Sindh,Hyderabad,National Highway,Poor,Clear,Street Light,Bus/Coach,2,Signal Violation,0,0,1,0,2,0,Medium
2022,1,Friday,17,Punjab,Lahore,Provincial Highway,Good,Clear,Daylight,Motorcycle,1,Road Condition,1,0,0,1,5,1,Medium
2022,11,Sunday,13,Punjab,Sargodha,National Highway,Poor,Rainy,Daylight,Bus/Coach,1,Over Speeding,1,1,0,1,9,1,High
2023,4,Friday,19,AJK,Mirpur,Motorway,Poor,Dusty/Smoggy,Street Light,Motorcycle,2,Wrong Overtaking,1,0,0,0,1,0,Medium
2023,2,Thursday,8,Sindh,Mirpur Khas,National Highway,Average,Foggy,Daylight,Motorcycle,2,Signal Violation,1,0,0,1,2,2,High
2023,3,Wednesday,9,Punjab,Sialkot,National Highway,Average,Dusty/Smoggy,Daylight,Car/Taxi,1,Drunk Driving,1,0,0,0,4,1,Medium
2020,2,Friday,10,Punjab,Multan,National Highway,Good,Clear,Daylight,Car/Taxi,1,Wrong Overtaking,0,0,0,1,1,0,Medium
2022,3,Wednesday,10,Punjab,Bahawalpur,Provincial Highway,Good,Foggy,Dawn/Dusk,Truck/Lorry,1,Mechanical Failure,0,0,0,0,0,0,Low
2022,3,Tuesday,15,Sindh,Jacobabad,Urban Road,Under Repair,Clear,Daylight,Motorcycle,1,Driver Fatigue,0,0,0,0,1,1,Medium
2023,11,Wednesday,12,Punjab,Lahore,National Highway,Poor,Clear,Street Light,Car/Taxi,2,Wrong Overtaking,1,0,0,1,5,0,Medium
2022,7,Monday,9,Sindh,Nawabshah,National Highway,Good,Clear,Daylight,Motorcycle,1,Road Condition,1,0,0,0,2,1,Medium
2020,12,Tuesday,2,Punjab,Rawalpindi,Provincial Highway,Good,Rainy,No Light,Motorcycle,2,Mechanical Failure,0,0,1,1,4,1,Medium
2021,6,Thursday,12,Punjab,Bahawalpur,Provincial Highway,Under Repair,Clear,Daylight,Rickshaw,2,Wrong Overtaking,1,0,0,0,5,1,Medium
2022,11,Sunday,4,Punjab,Sialkot,National Highway,Poor,Clear,Street Light,Car/Taxi,2,Pedestrian Error,0,1,1,1,0,0,Low
2023,5,Thursday,8,Balochistan,Zhob,National Highway,Good,Clear,Daylight,Car/Taxi,2,Over Speeding,1,0,0,0,5,2,Medium
2023,5,Tuesday,10,Punjab,Gujranwala,Urban Road,Good,Rainy,Daylight,Car/Taxi,2,Drunk Driving,0,0,0,0,0,0,Low
2020,5,Thursday,10,KPK,Charsadda,Provincial Highway,Average,Clear,Daylight,Car/Taxi,1,Mobile Phone Use,0,0,0,0,0,0,Low
2023,8,Tuesday,12,Punjab,Sialkot,National Highway,Average,Dusty/Smoggy,Daylight,Rickshaw,1,Wrong Overtaking,1,0,0,0,2,0,Low
2021,3,Friday,2,Sindh,Jacobabad,Provincial Highway,Poor,Clear,Street Light,Motorcycle,3,Over Speeding,0,0,1,0,4,0,High
2023,7,Wednesday,19,Punjab,Sheikhupura,National Highway,Good,Clear,Dawn/Dusk,Rickshaw,2,Pedestrian Error,1,0,0,0,2,0,Low
2021,7,Thursday,14,KPK,Mansehra,National Highway,Average,Clear,Daylight,Rickshaw,2,Pedestrian Error,0,0,0,0,2,0,Medium
2018,4,Monday,7,Balochistan,Zhob,Urban Road,Poor,Foggy,Dawn/Dusk,Motorcycle,2,Over Speeding,1,0,0,0,10,0,High
2023,4,Thursday,9,Punjab,Sheikhupura,Rural Road,Average,Clear,Daylight,Truck/Lorry,3,Driver Fatigue,1,0,0,0,5,0,Medium
2018,6,Tuesday,17,Punjab,Sialkot,Provincial Highway,Poor,Clear,Daylight,Bus/Coach,1,Drunk Driving,1,0,0,0,3,2,Medium
2023,8,Tuesday,14,KPK,Nowshera,National Highway,Good,Foggy,Daylight,Motorcycle,1,Over Speeding,0,0,0,0,11,1,High
2023,8,Thursday,7,Punjab,Multan,National Highway,Average,Dusty/Smoggy,Daylight,Car/Taxi,1,Drunk Driving,1,0,0,0,11,2,High
2018,11,Tuesday,12,Sindh,Mirpur Khas,Rural Road,Good,Foggy,Daylight,Car/Taxi,1,Road Condition,1,0,0,1,1,0,Low
2023,7,Friday,22,Punjab,Bahawalpur,National Highway,Good,Foggy,Street Light,Car/Taxi,1,Over Speeding,0,0,1,0,9,2,High
2021,10,Friday,14,Sindh,Kashmore,National Highway,Under Repair,Foggy,Daylight,Rickshaw,2,Driver Fatigue,0,0,0,0,5,1,Medium
2018,9,Tuesday,18,Sindh,Kashmore,National Highway,Average,Clear,Daylight,Rickshaw,1,Wrong Overtaking,1,0,0,0,0,0,Low
2020,10,Thursday,19,Punjab,Gujranwala,Urban Road,Under Repair,Clear,No Light,Rickshaw,3,Wrong Overtaking,1,0,0,0,1,0,Low
2023,6,Saturday,7,Sindh,Larkana,National Highway,Good,Dusty/Smoggy,Street Light,Motorcycle,2,Wrong Overtaking,1,1,0,0,4,1,Medium
2018,9,Friday,16,Sindh,Thatta,Rural Road,Poor,Clear,Daylight,Motorcycle,2,Over Speeding,0,0,0,0,4,0,Medium
2020,5,Monday,13,Punjab,Gujranwala,Urban Road,Good,Dusty/Smoggy,No Light,Motorcycle,1,Driver Fatigue,1,0,0,0,7,1,High
2023,7,Tuesday,12,Punjab,Faisalabad,Provincial Highway,Good,Clear,Daylight,Motorcycle,1,Wrong Overtaking,1,0,0,0,8,4,High
2019,12,Tuesday,19,Sindh,Kashmore,National Highway,Under Repair,Dusty/Smoggy,Street Light,Truck/Lorry,3,Mechanical Failure,1,0,0,1,1,0,Medium
2021,4,Wednesday,15,Punjab,Bahawalpur,Provincial Highway,Average,Rainy,Daylight,Motorcycle,3,Driver Fatigue,0,0,0,0,8,3,High
2023,3,Friday,17,Islamabad,Islamabad,Provincial Highway,Average,Clear,Daylight,Bus/Coach,2,Pedestrian Error,1,0,0,0,1,0,Low
2021,11,Saturday,12,KPK,Charsadda,National Highway,Good,Rainy,Daylight,Rickshaw,4,Mechanical Failure,1,1,0,1,1,0,Low
2020,4,Wednesday,17,Punjab,Sargodha,National Highway,Good,Clear,Street Light,Van/Pickup,1,Over Speeding,1,0,0,0,4,1,Medium
2020,12,Tuesday,5,KPK,Bannu,National Highway,Good,Foggy,No Light,Motorcycle,2,Wrong Overtaking,0,0,1,1,3,2,High
2019,1,Monday,19,Punjab,Sheikhupura,Urban Road,Good,Rainy,Dawn/Dusk,Van/Pickup,2,Signal Violation,1,0,0,1,4,1,Medium
2021,11,Thursday,1,Sindh,Larkana,Urban Road,Average,Rainy,Street Light,Motorcycle,1,Signal Violation,0,0,1,1,10,2,High
2023,3,Sunday,14,Punjab,Sargodha,Rural Road,Under Repair,Clear,Daylight,Car/Taxi,3,Pedestrian Error,0,1,0,0,2,0,Low
2021,11,Sunday,18,KPK,Peshawar,Urban Road,Average,Extreme Heat,Daylight,Motorcycle,1,Over Speeding,1,1,0,1,3,2,Medium
2019,9,Tuesday,16,KPK,Peshawar,Provincial Highway,Good,Foggy,Street Light,Motorcycle,2,Road Condition,0,0,0,0,4,0,Medium
2022,12,Thursday,20,Sindh,Sukkur,Urban Road,Average,Clear,Street Light,Motorcycle,2,Over Speeding,1,0,0,1,2,0,Medium
2023,7,Saturday,12,Punjab,Sialkot,National Highway,Average,Clear,Daylight,Other,2,Mobile Phone Use,1,1,0,0,4,0,Medium
2023,1,Sunday,19,Punjab,Rahim Yar Khan,Rural Road,Average,Foggy,Dawn/Dusk,Motorcycle,2,Over Speeding,1,1,0,1,6,0,High
2020,10,Sunday,19,Punjab,Bahawalpur,Urban Road,Average,Clear,Street Light,Motorcycle,2,Pedestrian Error,1,1,0,0,2,0,Low
2023,5,Friday,8,Punjab,Gujranwala,Provincial Highway,Good,Clear,Dawn/Dusk,Motorcycle,1,Over Speeding,1,0,0,0,7,3,High
2023,4,Monday,9,Punjab,Rawalpindi,National Highway,Average,Foggy,Daylight,Bus/Coach,2,Over Speeding,1,0,0,0,2,2,High
2021,2,Friday,15,KPK,Mardan,National Highway,Good,Foggy,Street Light,Bus/Coach,1,Pedestrian Error,0,0,0,1,3,0,High
2021,6,Sunday,13,KPK,Dera Ismail Khan,National Highway,Poor,Rainy,Daylight,Bus/Coach,1,Mechanical Failure,1,1,0,0,6,1,High
2023,7,Tuesday,13,Punjab,Bahawalpur,Rural Road,Average,Clear,Daylight,Bicycle,2,Over Speeding,1,0,0,0,4,1,Medium
2023,6,Sunday,17,Punjab,Sheikhupura,Provincial Highway,Good,Clear,Dawn/Dusk,Motorcycle,2,Road Condition,1,1,0,0,3,0,Medium
2023,2,Wednesday,18,KPK,Nowshera,Rural Road,Under Repair,Clear,Daylight,Motorcycle,1,Wrong Overtaking,1,0,0,1,2,0,Medium
2022,4,Saturday,12,Balochistan,Zhob,National Highway,Good,Clear,Daylight,Van/Pickup,2,Wrong Overtaking,1,1,0,0,5,2,Medium
2021,12,Saturday,6,Punjab,Rahim Yar Khan,National Highway,Average,Clear,Daylight,Van/Pickup,2,Driver Fatigue,0,1,0,1,9,1,High
2019,2,Monday,8,Punjab,Faisalabad,National Highway,Good,Foggy,Street Light,Car/Taxi,2,Over Speeding,1,0,0,1,8,1,High
2022,10,Thursday,17,KPK,Mardan,Urban Road,Good,Clear,Daylight,Other,2,Signal Violation,1,0,0,0,0,0,Low
2023,6,Thursday,12,KPK,Mansehra,Urban Road,Good,Rainy,Daylight,Other,1,Road Condition,1,0,0,0,0,0,Low
2018,1,Wednesday,8,Punjab,Sheikhupura,Rural Road,Good,Clear,Dawn/Dusk,Car/Taxi,2,Over Speeding,1,0,0,1,5,0,Medium
2023,1,Wednesday,7,Sindh,Dadu,Urban Road,Poor,Clear,Daylight,Motorcycle,3,Pedestrian Error,1,0,0,1,2,0,Low
2022,5,Tuesday,13,Sindh,Dadu,Urban Road,Under Repair,Clear,Daylight,Motorcycle,4,Mechanical Failure,1,0,0,0,2,0,Low
2018,6,Tuesday,14,Punjab,Rawalpindi,Provincial Highway,Good,Dusty/Smoggy,Daylight,Motorcycle,2,Mechanical Failure,0,0,0,0,1,0,Low
2022,7,Sunday,12,KPK,Abbottabad,Urban Road,Good,Clear,Daylight,Car/Taxi,3,Wrong Overtaking,1,1,0,0,2,0,Low
2023,1,Monday,19,Sindh,Dadu,Provincial Highway,Good,Clear,Street Light,Rickshaw,2,Over Speeding,1,0,0,1,2,0,Low
2018,4,Saturday,22,KPK,Kohat,Provincial Highway,Average,Dusty/Smoggy,No Light,Motorcycle,1,Mechanical Failure,0,1,1,0,5,0,Medium
2023,8,Thursday,8,Sindh,Sukkur,National Highway,Average,Foggy,Dawn/Dusk,Motorcycle,1,Mobile Phone Use,1,0,0,0,2,0,Medium
2023,8,Sunday,23,Punjab,Sargodha,Provincial Highway,Poor,Clear,No Light,Motorcycle,2,Over Speeding,0,1,1,0,10,2,High
2022,4,Monday,17,Sindh,Nawabshah,National Highway,Poor,Extreme Heat,Daylight,Motorcycle,2,Over Speeding,1,0,0,0,9,0,High
2022,8,Friday,14,KPK,Dera Ismail Khan,Provincial Highway,Average,Dusty/Smoggy,Dawn/Dusk,Rickshaw,3,Over Speeding,0,0,0,0,5,0,Medium
2023,2,Friday,11,AJK,Rawalakot,National Highway,Good,Extreme Heat,Daylight,Motorcycle,2,Pedestrian Error,0,0,0,1,11,2,High
2018,1,Monday,20,Punjab,Sialkot,Provincial Highway,Average,Clear,Street Light,Motorcycle,2,Mechanical Failure,1,0,0,1,1,0,Medium