year,month,day_of_week,hour_of_day,province,district,road_type,road_condition,weather_condition,lighting_condition,vehicle_type,vehicles_involved,accident_cause,is_rush_hour,is_weekend,is_night,is_foggy_month,num_injured,num_killed,severity
2020,7,Wednesday,23,Punjab,Rahim Yar Khan,Provincial Highway,Good,Clear,Street Light,Car/Taxi,1,Wrong Overtaking,0,0,1,0,3,0,Medium
2018,4,Wednesday,21,AJK,Muzaffarabad,Urban Road,Under Repair,Clear,Street Light,Rickshaw,2,Over Speeding,0,0,0,0,0,0,Low
2019,10,Sunday,22,Sindh,Hyderabad,National Highway,Good,Foggy,Street Light,Motorcycle,2,Wrong Overtaking,0,1,1,0,11,0,High
2019,1,Saturday,0,Islamabad,Islamabad,National Highway,Poor,Foggy,Street Light,Bus/Coach,3,Over Speeding,0,1,1,1,5,3,High
2022,4,Saturday,14,Punjab,Gujranwala,National Highway,Average,Clear,Daylight,Car/Taxi,1,Road Condition,0,1,0,0,3,0,Medium
2021,1,Wednesday,19,Punjab,Rahim Yar Khan,National Highway,Poor,Foggy,No Light,Other,2,Road Condition,1,0,0,1,1,0,Low
2019,5,Saturday,19,Punjab,Gujranwala,Provincial Highway,Good,Foggy,Dawn/Dusk,Bus/Coach,2,Mobile Phone Use,1,1,0,0,1,2,Medium
2023,5,Wednesday,7,KPK,Mansehra,Provincial Highway,Under Repair,Foggy,Daylight,Motorcycle,2,Signal Violation,1,0,0,0,6,3,High
2022,11,Friday,0,Balochistan,Turbat,Urban Road,Average,Dusty/Smoggy,No Light,Rickshaw,2,Driver Fatigue,0,0,1,1,2,0,Low
2023,7,Wednesday,23,Sindh,Nawabshah,Provincial Highway,Good,Clear,No Light,Rickshaw,1,Over Speeding,0,0,1,0,2,0,Medium
2023,12,Thursday,20,Punjab,Lahore,Urban Road,Poor,Clear,No Light,Motorcycle,2,Signal Violation,1,0,0,1,4,2,Medium
2019,7,Friday,21,Punjab,Rahim Yar Khan,Rural Road,Poor,Foggy,Street Light,Car/Taxi,2,Wrong Overtaking,0,0,0,0,0,0,Low
2020,6,Tuesday,18,Sindh,Jacobabad,Provincial Highway,Good,Extreme Heat,Daylight,Truck/Lorry,2,Pedestrian Error,1,0,0,0,2,0,Low
2021,1,Sunday,8,Sindh,Karachi,Urban Road,Average,Clear,Daylight,Car/Taxi,2,Driver Fatigue,1,1,0,1,2,0,Medium
2021,11,Saturday,19,KPK,Mardan,Urban Road,Poor,Clear,No Light,Motorcycle,1,Over Speeding,1,1,0,1,4,0,Medium
2019,2,Saturday,7,Punjab,Multan,National Highway,Average,Clear,Daylight,Truck/Lorry,2,Mechanical Failure,1,1,0,1,4,0,Medium
2021,1,Sunday,18,Punjab,Gujranwala,Urban Road,Good,Clear,Daylight,Car/Taxi,2,Mechanical Failure,1,1,0,1,2,0,Low
2019,10,Monday,10,Punjab,Rahim Yar Khan,Urban Road,Under Repair,Clear,Daylight,Car/Taxi,1,Weather Condition,0,0,0,0,2,0,Low
2019,10,Sunday,16,Sindh,Karachi,National Highway,Average,Foggy,Dawn/Dusk,Car/Taxi,2,Mechanical Failure,0,1,0,0,1,0,Low
2022,11,Friday,8,Sindh,Karachi,Urban Road,Good,Clear,Daylight,Van/Pickup,1,Drunk Driving,1,0,0,1,2,0,Low
2023,7,Thursday,15,Balochistan,Hub,Provincial Highway,Poor,Rainy,Daylight,Motorcycle,3,Wrong Overtaking,0,0,0,0,1,0,Medium
2022,2,Wednesday,17,Sindh,Nawabshah,National Highway,Under Repair,Extreme Heat,Daylight,Rickshaw,2,Over Speeding,1,0,0,1,1,0,Medium
2022,8,Wednesday,8,Punjab,Rawalpindi,Rural Road,Average,Clear,Daylight,Car/Taxi,1,Wrong Overtaking,1,0,0,0,0,0,Low
2020,6,Monday,12,Punjab,Gujranwala,Provincial Highway,Average,Clear,Daylight,Bus/Coach,2,Over Speeding,1,0,0,0,2,0,Medium
2020,10,Wednesday,17,Balochistan,Turbat,Provincial Highway,Good,Clear,Daylight,Bicycle,3,Pedestrian Error,1,0,0,0,4,0,Medium
2019,10,Sunday,8,Punjab,Bahawalpur,Provincial Highway,Good,Clear,Street Light,Motorcycle,2,Signal Violation,1,1,0,0,5,0,High
2022,12,Saturday,9,Punjab,Rawalpindi,Urban Road,Poor,Foggy,Daylight,Rickshaw,2,Over Speeding,1,1,0,1,1,0,Medium
2023,2,Thursday,20,Islamabad,Islamabad,Urban Road,Good,Rainy,No Light,Truck/Lorry,3,Wrong Overtaking,1,0,0,1,5,0,Medium
2022,8,Wednesday,16,Sindh,Sukkur,Urban Road,Under Repair,Clear,Daylight,Motorcycle,2,Pedestrian Error,0,0,0,0,0,0,Low
2022,12,Sunday,20,Sindh,Dadu,National Highway,Poor,Clear,Street Light,Motorcycle,1,Over Speeding,1,1,0,1,8,0,High
2018,6,Tuesday,13,Punjab,Multan,Motorway,Average,Foggy,Daylight,Motorcycle,3,Wrong Overtaking,1,0,0,0,10,1,High
2021,10,Friday,12,KPK,Dera Ismail Khan,National Highway,Poor,Rainy,Daylight,Van/Pickup,2,Pedestrian Error,1,0,0,0,0,0,Low
2019,4,Monday,18,Punjab,Rawalpindi,National Highway,Good,Clear,Daylight,Car/Taxi,2,Mechanical Failure,1,0,0,0,1,0,Medium
2020,11,Tuesday,3,Punjab,Gujranwala,National Highway,Good,Dusty/Smoggy,No Light,Van/Pickup,2,Over Speeding,0,0,1,1,3,2,High
2021,11,Tuesday,10,Punjab,Sialkot,Urban Road,Average,Foggy,Daylight,Motorcycle,1,Over Speeding,0,0,0,1,3,0,Medium
2021,5,Thursday,16,Punjab,Rahim Yar Khan,Motorway,Average,Clear,Daylight,Car/Taxi,1,Pedestrian Error,0,0,0,0,0,1,Low
2019,12,Saturday,10,Islamabad,Islamabad,National Highway,Good,Clear,Daylight,Car/Taxi,2,Road Condition,0,1,0,1,1,0,Low
2023,10,Sunday,18,Sindh,Karachi,National Highway,Poor,Clear,Street Light,Motorcycle,1,Wrong Overtaking,1,1,0,0,5,1,Medium
2019,1,Thursday,11,Sindh,Jacobabad,Rural Road,Good,Clear,Daylight,Car/Taxi,1,Road Condition,0,0,0,1,0,0,Low
2023,5,Saturday,8,Islamabad,Islamabad,Urban Road,Poor,Clear,Daylight,Rickshaw,3,Signal Violation,1,1,0,0,1,0,Low
2023,7,Sunday,9,Punjab,Multan,Provincial Highway,Good,Clear,Daylight,Motorcycle,2,Road Condition,1,1,0,0,1,0,Low
2021,2,Thursday,21,Punjab,Sheikhupura,National Highway,Good,Clear,Street Light,Car/Taxi,2,Wrong Overtaking,0,0,0,1,1,0,Medium
2018,3,Sunday,18,Sindh,Hyderabad,Provincial Highway,Good,Extreme Heat,Daylight,Motorcycle,2,Over Speeding,1,1,0,0,1,0,Medium
2022,9,Sunday,17,Sindh,Hyderabad,National Highway,Good,Foggy,Daylight,Car/Taxi,2,Mechanical Failure,1,1,0,0,4,1,Medium
2019,11,Saturday,6,Sindh,Kashmore,Urban Road,Good,Dusty/Smoggy,Daylight,Motorcycle,2,Mobile Phone Use,0,1,0,1,5,1,Medium
2018,12,Saturday,5,Punjab,Faisalabad,Provincial Highway,Poor,Foggy,Dawn/Dusk,Rickshaw,2,Signal Violation,0,1,1,1,1,0,Medium
2020,8,Friday,23,Sindh,Kashmore,Urban Road,Good,Rainy,Street Light,Motorcycle,1,Drunk Driving,0,0,1,0,6,0,High
2019,2,Friday,17,Punjab,Rahim Yar Khan,Urban Road,Average,Rainy,Dawn/Dusk,Van/Pickup,3,Road Condition,1,0,0,1,2,0,Low
2021,9,Friday,5,Punjab,Bahawalpur,National Highway,Good,Rainy,No Light,Car/Taxi,1,Over Speeding,0,0,1,0,5,0,High
2023,10,Friday,16,Punjab,Faisalabad,National Highway,Average,Extreme Heat,Dawn/Dusk,Motorcycle,3,Road Condition,0,0,0,0,4,0,Medium
2020,9,Friday,13,Punjab,Multan,Provincial Highway,Good,Clear,Daylight,Rickshaw,1,Over Speeding,1,0,0,0,1,0,Low
2019,12,Tuesday,20,Punjab,Rahim Yar Khan,Urban Road,Poor,Rainy,No Light,Motorcycle,2,Road Condition,1,0,0,1,3,1,Medium
2021,1,Friday,12,Punjab,Lahore,National Highway,Good,Clear,Daylight,Bus/Coach,4,Over Speeding,1,0,0,1,3,0,High
2023,6,Friday,4,AJK,Mirpur,Provincial Highway,Good,Rainy,No Light,Other,2,Pedestrian Error,0,0,1,0,0,0,Low
2019,11,Tuesday,12,Islamabad,Islamabad,Urban Road,Average,Clear,Daylight,Car/Taxi,1,Driver Fatigue,1,0,0,1,1,0,Low
2019,2,Tuesday,19,Sindh,Nawabshah,Provincial Highway,Good,Clear,Street Light,Motorcycle,2,Driver Fatigue,1,0,0,1,10,0,High
2022,10,Friday,18,AJK,Rawalakot,Rural Road,Average,Rainy,Street Light,Bus/Coach,1,Wrong Overtaking,1,0,0,0,4,1,Medium
2021,10,Tuesday,6,Gilgit-Baltistan,Gilgit,Provincial Highway,Average,Extreme Heat,Dawn/Dusk,Motorcycle,2,Pedestrian Error,0,0,0,0,1,0,Medium
2022,4,Monday,18,Punjab,Gujranwala,National Highway,Good,Foggy,Dawn/Dusk,Motorcycle,2,Signal Violation,1,0,0,0,6,1,High
2020,1,Saturday,8,Sindh,Dadu,National Highway,Average,Clear,No Light,Car/Taxi,1,Signal Violation,1,1,0,1,1,0,Medium
2022,1,Tuesday,12,Islamabad,Islamabad,Rural Road,Average,Rainy,Daylight,Bicycle,1,Road Condition,1,0,0,1,0,0,Low
2018,2,Sunday,15,Sindh,Hyderabad,Provincial Highway,Under Repair,Dusty/Smoggy,Daylight,Car/Taxi,3,Wrong Overtaking,0,1,0,1,0,0,Low
2019,7,Monday,2,Punjab,Rawalpindi,Provincial Highway,Average,Foggy,Street Light,Car/Taxi,3,Road Condition,0,0,1,0,2,0,Low
2020,7,Tuesday,19,KPK,Nowshera,Urban Road,Poor,Foggy,No Light,Motorcycle,2,Mechanical Failure,1,0,0,0,1,0,Medium
2023,2,Thursday,3,Punjab,Gujranwala,Provincial Highway,Poor,Rainy,No Light,Car/Taxi,2,Over Speeding,0,0,1,1,3,0,High
2021,12,Sunday,16,Punjab,Sheikhupura,Motorway,Under Repair,Clear,Daylight,Rickshaw,1,Wrong Overtaking,0,1,0,1,5,2,Medium
2020,6,Tuesday,13,Punjab,Faisalabad,Provincial Highway,Average,Rainy,Daylight,Car/Taxi,1,Wrong Overtaking,1,0,0,0,2,0,Low
2022,4,Friday,12,Punjab,Sheikhupura,Provincial Highway,Average,Clear,Daylight,Motorcycle,2,Over Speeding,1,0,0,0,11,1,High
2023,7,Saturday,18,Punjab,Bahawalpur,Rural Road,Good,Clear,Daylight,Car/Taxi,2,Pedestrian Error,1,1,0,0,2,0,Low
2021,7,Friday,8,Balochistan,Hub,National Highway,Average,Clear,Daylight,Motorcycle,1,Weather Condition,1,0,0,0,1,1,Medium
2022,5,Wednesday,17,Punjab,Lahore,National Highway,Average,Foggy,Dawn/Dusk,Motorcycle,3,Road Condition,1,0,0,0,8,2,High
2022,7,Friday,7,Punjab,Rahim Yar Khan,Provincial Highway,Average,Clear,Daylight,Motorcycle,3,Mechanical Failure,1,0,0,0,0,0,Low
2023,10,Saturday,18,Punjab,Lahore,Motorway,Good,Rainy,Dawn/Dusk,Bus/Coach,2,Over Speeding,1,1,0,0,9,1,High
2021,9,Saturday,21,Sindh,Jacobabad,Provincial Highway,Under Repair,Clear,No Light,Van/Pickup,2,Wrong Overtaking,0,1,0,0,1,0,Low
2022,6,Wednesday,10,Gilgit-Baltistan,Skardu,Urban Road,Poor,Rainy,Daylight,Motorcycle,2,Wrong Overtaking,0,0,0,0,6,3,High
2022,4,Tuesday,11,Punjab,Lahore,Provincial Highway,Average,Clear,Daylight,Rickshaw,2,Drunk Driving,0,0,0,0,4,0,Medium
2023,8,Friday,17,Punjab,Rawalpindi,Urban Road,Under Repair,Clear,No Light,Rickshaw,2,Signal Violation,1,0,0,0,0,1,Low
2023,7,Saturday,20,Sindh,Hyderabad,Provincial Highway,Average,Rainy,No Light,Rickshaw,2,Weather Condition,1,1,0,0,2,0,Low
2022,5,Wednesday,9,Sindh,Sukkur,Rural Road,Average,Dusty/Smoggy,Daylight,Car/Taxi,1,Signal Violation,1,0,0,0,0,0,Low
2021,5,Monday,6,Punjab,Sheikhupura,National Highway,Good,Dusty/Smoggy,No Light,Bus/Coach,2,Over Speeding,0,0,0,0,4,2,High
2020,5,Tuesday,23,Punjab,Sheikhupura,Rural Road,Good,Clear,Street Light,Rickshaw,2,Signal Violation,0,0,1,0,2,0,Low
2022,10,Tuesday,1,Sindh,Dadu,National Highway,Under Repair,Foggy,No Light,Car/Taxi,1,Pedestrian Error,0,0,1,0,1,1,Medium
2020,11,Wednesday,14,Punjab,Sialkot,Motorway,Poor,Rainy,Daylight,Car/Taxi,1,Road Condition,0,0,0,1,1,1,Medium
2022,6,Monday,13,Balochistan,Khuzdar,National Highway,Poor,Clear,Street Light,Motorcycle,3,Pedestrian Error,1,0,0,0,3,0,Medium
2023,10,Saturday,17,Punjab,Sialkot,Provincial Highway,Good,Foggy,Daylight,Car/Taxi,3,Signal Violation,1,1,0,0,4,0,Medium
2022,10,Saturday,4,Punjab,Rawalpindi,Provincial Highway,Average,Rainy,Street Light,Car/Taxi,2,Mechanical Failure,0,1,1,0,1,0,Medium
2022,4,Thursday,17,KPK,Charsadda,Motorway,Good,Foggy,Daylight,Motorcycle,3,Over Speeding,1,0,0,0,9,1,High
2023,9,Saturday,13,KPK,Kohat,National Highway,Average,Clear,No Light,Van/Pickup,3,Drunk Driving,1,1,0,0,1,1,Medium
2022,5,Wednesday,14,Punjab,Faisalabad,National Highway,Average,Clear,Street Light,Bus/Coach,2,Wrong Overtaking,0,0,0,0,3,0,Medium
2022,10,Wednesday,21,AJK,Muzaffarabad,Urban Road,Average,Clear,No Light,Motorcycle,2,Mechanical Failure,0,0,0,0,0,0,Low
2022,6,Tuesday,8,KPK,Abbottabad,Urban Road,Good,Clear,Daylight,Van/Pickup,2,Wrong Overtaking,1,0,0,0,2,0,Low
2022,12,Wednesday,19,Punjab,Faisalabad,National Highway,Poor,Clear,No Light,Van/Pickup,2,Drunk Driving,1,0,0,1,1,0,Medium
2018,11,Friday,10,Sindh,Kashmore,Provincial Highway,Poor,Rainy,Daylight,Motorcycle,2,Over Speeding,0,0,0,1,10,2,High
2022,6,Thursday,7,Punjab,Rahim Yar Khan,National Highway,Average,Clear,Daylight,Bus/Coach,1,Wrong Overtaking,1,0,0,0,11,2,High
2019,12,Monday,14,Punjab,Bahawalpur,Rural Road,Poor,Dusty/Smoggy,Daylight,Motorcycle,1,Over Speeding,0,0,0,1,1,0,Medium
2022,11,Saturday,2,Punjab,Sheikhupura,National Highway,Average,Rainy,No Light,Car/Taxi,4,Driver Fatigue,0,1,1,1,4,2,High
2019,1,Saturday,11,Sindh,Sukkur,National Highway,Average,Clear,Street Light,Motorcycle,1,Wrong Overtaking,0,1,0,1,4,2,High
2020,12,Sunday,12,KPK,Dera Ismail Khan,Provincial Highway,Average,Clear,No Light,Motorcycle,2,Mechanical Failure,1,1,0,1,2,0,Low
2022,3,Saturday,15,Punjab,Multan,Rural Road,Good,Dusty/Smoggy,Daylight,Motorcycle,3,Over Speeding,0,1,0,0,4,1,Medium
2023,4,Friday,16,Punjab,Sargodha,Provincial Highway,Poor,Rainy,Street Light,Rickshaw,1,Signal Violation,0,0,0,0,1,0,Medium
2022,12,Monday,7,Sindh,Jacobabad,Provincial Highway,Average,Clear,Daylight,Bicycle,3,Road Condition,1,0,0,1,2,1,Low
2022,2,Tuesday,13,Sindh,Hyderabad,National Highway,Average,Clear,Street Light,Motorcycle,3,Over Speeding,1,0,0,1,6,2,High
2022,7,Tuesday,9,KPK,Peshawar,Provincial Highway,Poor,Extreme Heat,No Light,Truck/Lorry,3,Wrong Overtaking,1,0,0,0,1,0,Medium
2018,12,Thursday,12,Punjab,Rawalpindi,Rural Road,Good,Foggy,Daylight,Motorcycle,1,Over Speeding,1,0,0,1,4,0,High
2019,1,Monday,13,Sindh,Hyderabad,National Highway,Good,Rainy,Dawn/Dusk,Car/Taxi,2,Drunk Driving,1,0,0,1,1,0,Medium
2022,10,Saturday,17,Punjab,Bahawalpur,Provincial Highway,Average,Extreme Heat,Dawn/Dusk,Motorcycle,1,Over Speeding,1,1,0,0,3,0,Medium
2018,2,Tuesday,5,KPK,Kohat,Urban Road,Good,Clear,Dawn/Dusk,Motorcycle,1,Wrong Overtaking,0,0,1,1,5,3,High
2021,8,Friday,13,Punjab,Sheikhupura,Rural Road,Good,Foggy,Dawn/Dusk,Rickshaw,2,Wrong Overtaking,1,0,0,0,2,1,Medium
2019,3,Tuesday,5,Punjab,Sargodha,Rural Road,Good,Clear,Daylight,Truck/Lorry,2,Pedestrian Error,0,0,1,0,4,0,Medium
2018,11,Saturday,12,Sindh,Karachi,National Highway,Under Repair,Clear,Daylight,Car/Taxi,1,Over Speeding,1,1,0,1,4,0,Medium
2020,9,Sunday,7,Balochistan,Zhob,Rural Road,Average,Clear,Daylight,Car/Taxi,3,Pedestrian Error,1,1,0,0,1,0,Low
2020,11,Saturday,18,Sindh,Larkana,Provincial Highway,Poor,Dusty/Smoggy,Daylight,Car/Taxi,1,Pedestrian Error,1,1,0,1,1,0,Low
2022,11,Thursday,8,Islamabad,Islamabad,National Highway,Average,Clear,Dawn/Dusk,Motorcycle,4,Wrong Overtaking,1,0,0,1,7,0,High
2019,12,Sunday,16,Punjab,Rahim Yar Khan,Provincial Highway,Average,Foggy,Daylight,Truck/Lorry,3,Driver Fatigue,0,1,0,1,10,4,High
2018,1,Monday,21,Sindh,Karachi,Rural Road,Poor,Clear,No Light,Truck/Lorry,2,Mobile Phone Use,0,0,0,1,2,0,Low
2021,4,Friday,9,Punjab,Faisalabad,National Highway,Average,Rainy,Daylight,Motorcycle,2,Over Speeding,1,0,0,0,10,3,High
2020,6,Friday,21,Sindh,Karachi,Rural Road,Good,Clear,No Light,Motorcycle,2,Over Speeding,0,0,0,0,2,1,Medium
2020,4,Tuesday,9,KPK,Dera Ismail Khan,Urban Road,Average,Clear,Street Light,Car/Taxi,1,Over Speeding,1,0,0,0,2,0,Low
2023,6,Sunday,12,Balochistan,Hub,National Highway,Average,Clear,Daylight,Rickshaw,1,Over Speeding,1,1,0,0,5,0,Medium
2023,7,Thursday,23,KPK,Kohat,Provincial Highway,Average,Clear,Street Light,Car/Taxi,1,Pedestrian Error,0,0,1,0,0,0,Low
2023,1,Thursday,14,Sindh,Larkana,Provincial Highway,Average,Clear,Daylight,Car/Taxi,2,Over Speeding,0,0,0,1,2,0,Low
2022,5,Tuesday,13,Islamabad,Islamabad,Urban Road,Under Repair,Clear,Dawn/Dusk,Car/Taxi,1,Over Speeding,1,0,0,0,5,0,Medium
2018,9,Thursday,15,Punjab,Lahore,Urban Road,Poor,Clear,Dawn/Dusk,Bus/Coach,1,Over Speeding,0,0,0,0,2,0,Medium
2023,9,Saturday,7,KPK,Peshawar,Urban Road,Average,Rainy,Daylight,Bus/Coach,2,Signal Violation,1,1,0,0,3,0,Medium
2018,7,Sunday,3,Islamabad,Islamabad,Provincial Highway,Good,Dusty/Smoggy,Street Light,Truck/Lorry,3,Pedestrian Error,0,1,1,0,2,0,Medium
2019,12,Thursday,18,Sindh,Jacobabad,Urban Road,Average,Clear,Dawn/Dusk,Motorcycle,1,Over Speeding,1,0,0,1,6,2,High
2019,5,Monday,18,KPK,Dera Ismail Khan,National Highway,Poor,Dusty/Smoggy,Daylight,Motorcycle,2,Over Speeding,1,0,0,0,2,1,High
2023,12,Monday,9,Punjab,Sheikhupura,Urban Road,Good,Clear,Daylight,Motorcycle,3,Over Speeding,1,0,0,1,2,0,Medium
2023,12,Saturday,21,Punjab,Sargodha,National Highway,Good,Clear,Street Light,Rickshaw,2,Mechanical Failure,0,1,0,1,2,0,Low
2023,12,Monday,21,Sindh,Larkana,National Highway,Average,Clear,No Light,Motorcycle,1,Over Speeding,0,0,0,1,3,0,High
2023,6,Sunday,19,Punjab,Multan,Urban Road,Poor,Clear,Street Light,Car/Taxi,2,Wrong Overtaking,1,1,0,0,2,0,Low
2021,7,Friday,6,Sindh,Dadu,National Highway,Good,Foggy,Dawn/Dusk,Truck/Lorry,2,Wrong Overtaking,0,0,0,0,4,0,Medium
2023,4,Thursday,8,Balochistan,Zhob,National Highway,Good,Foggy,Street Light,Motorcycle,2,Over Speeding,1,0,0,0,5,2,High
2018,2,Wednesday,18,Punjab,Rahim Yar Khan,National Highway,Good,Clear,Daylight,Motorcycle,2,Over Speeding,1,0,0,1,3,0,High
2023,12,Friday,14,Punjab,Faisalabad,Motorway,Average,Clear,Daylight,Car/Taxi,2,Pedestrian Error,0,0,0,1,2,0,Low
2019,2,Friday,19,Sindh,Karachi,Rural Road,Good,Foggy,No Light,Car/Taxi,2,Driver Fatigue,1,0,0,1,1,1,Medium
2023,9,Monday,18,Punjab,Sialkot,Urban Road,Poor,Clear,Dawn/Dusk,Rickshaw,2,Over Speeding,1,0,0,0,1,0,Low
2020,6,Wednesday,7,Punjab,Lahore,Provincial Highway,Poor,Clear,Daylight,Van/Pickup,4,Wrong Overtaking,1,0,0,0,1,0,Low
2022,3,Friday,22,Punjab,Rawalpindi,Provincial Highway,Good,Rainy,Street Light,Car/Taxi,2,Mechanical Failure,0,0,1,0,4,2,Medium
2023,2,Monday,5,Punjab,Sialkot,Provincial Highway,Average,Clear,No Light,Other,3,Over Speeding,0,0,1,1,3,1,Medium
2018,7,Monday,20,Punjab,Gujranwala,Motorway,Average,Dusty/Smoggy,No Light,Car/Taxi,2,Over Speeding,1,0,0,0,2,4,High
2022,9,Sunday,22,Balochistan,Sibi,Urban Road,Average,Clear,Street Light,Car/Taxi,2,Wrong Overtaking,0,1,1,0,2,0,Medium
2022,7,Friday,8,Punjab,Sialkot,Provincial Highway,Average,Clear,Street Light,Bicycle,2,Signal Violation,1,0,0,0,3,0,Medium
2019,8,Tuesday,17,Sindh,Sukkur,National Highway,Under Repair,Foggy,Daylight,Motorcycle,1,Wrong Overtaking,1,0,0,0,5,2,High
2018,3,Monday,7,AJK,Mirpur,National Highway,Good,Clear,Street Light,Car/Taxi,1,Drunk Driving,1,0,0,0,3,0,Medium
2019,12,Saturday,13,KPK,Swat,National Highway,Good,Clear,Street Light,Motorcycle,4,Wrong Overtaking,1,1,0,1,5,2,Medium
2018,12,Thursday,9,Punjab,Gujranwala,National Highway,Good,Clear,Daylight,Car/Taxi,1,Wrong Overtaking,1,0,0,1,5,0,Medium
2020,12,Monday,22,Sindh,Larkana,Rural Road,Average,Clear,No Light,Rickshaw,4,Drunk Driving,0,0,1,1,0,0,Low
2018,6,Saturday,6,KPK,Abbottabad,National Highway,Under Repair,Clear,Daylight,Truck/Lorry,1,Wrong Overtaking,0,1,0,0,5,4,High
2021,7,Thursday,16,KPK,Bannu,National Highway,Good,Foggy,Street Light,Motorcycle,1,Signal Violation,0,0,0,0,6,0,High
2022,11,Sunday,15,KPK,Bannu,Rural Road,Good,Foggy,Daylight,Car/Taxi,2,Road Condition,0,1,0,1,1,0,Low
2022,3,Saturday,7,Sindh,Mirpur Khas,Rural Road,Good,Foggy,Daylight,Car/Taxi,3,Over Speeding,1,1,0,0,1,0,Medium
2018,12,Monday,14,Punjab,Lahore,Provincial Highway,Good,Extreme Heat,Daylight,Car/Taxi,4,Driver Fatigue,0,0,0,1,4,0,Medium
2019,7,Wednesday,5,Sindh,Karachi,Urban Road,Good,Extreme Heat,Street Light,Rickshaw,3,Driver Fatigue,0,0,1,0,5,0,Medium
2021,9,Saturday,12,Sindh,Jacobabad,Motorway,Average,Foggy,Street Light,Car/Taxi,2,Wrong Overtaking,1,1,0,0,4,0,Medium
2022,7,Tuesday,6,Sindh,Sukkur,Rural Road,Average,Clear,Daylight,Motorcycle,2,Road Condition,0,0,0,0,0,0,Low
2023,10,Monday,12,Punjab,Bahawalpur,National Highway,Poor,Foggy,Daylight,Bicycle,3,Mechanical Failure,1,0,0,0,1,1,Medium
2021,9,Wednesday,18,Punjab,Sialkot,Provincial Highway,Good,Clear,Street Light,Motorcycle,2,Wrong Overtaking,1,0,0,0,11,0,High
2022,5,Sunday,10,Islamabad,Islamabad,Provincial Highway,Good,Dusty/Smoggy,Daylight,Motorcycle,2,Mobile Phone Use,0,1,0,0,4,2,Medium
2023,5,Wednesday,18,Punjab,Sialkot,National Highway,Average,Clear,Daylight,Car/Taxi,3,Road Condition,1,0,0,0,2,0,Low
2022,4,Tuesday,13,Punjab,Sialkot,National Highway,Good,Clear,Daylight,Motorcycle,2,Over Speeding,1,0,0,0,9,1,High
2023,5,Saturday,9,KPK,Mansehra,Urban Road,Good,Foggy,Daylight,Bus/Coach,2,Over Speeding,1,1,0,0,4,0,Medium
2022,6,Monday,12,Punjab,Rawalpindi,Provincial Highway,Good,Clear,Daylight,Car/Taxi,1,Over Speeding,1,0,0,0,4,0,Medium
2022,7,Wednesday,19,Punjab,Sialkot,Rural Road,Good,Foggy,Street Light,Car/Taxi,2,Signal Violation,1,0,0,0,0,0,Low
2022,1,Tuesday,20,Sindh,Sukkur,Provincial Highway,Average,Rainy,Street Light,Car/Taxi,1,Over Speeding,1,0,0,1,7,1,High
2022,2,Friday,10,Sindh,Mirpur Khas,Urban Road,Average,Clear,Daylight,Car/Taxi,1,Over Speeding,0,0,0,1,2,0,Low
2021,12,Monday,9,Sindh,Karachi,Motorway,Under Repair,Rainy,No Light,Car/Taxi,3,Over Speeding,1,0,0,1,11,2,High
2022,3,Thursday,15,Balochistan,Turbat,Provincial Highway,Good,Foggy,Daylight,Motorcycle,2,Mechanical Failure,0,0,0,0,2,2,Medium
2019,2,Thursday,11,Punjab,Faisalabad,Urban Road,Poor,Foggy,Daylight,Motorcycle,2,Wrong Overtaking,0,0,0,1,4,1,Medium
2023,12,Monday,18,KPK,Bannu,Urban Road,Good,Clear,Daylight,Car/Taxi,1,Over Speeding,1,0,0,1,2,0,Low
2021,5,Saturday,15,Punjab,Gujranwala,Urban Road,Good,Clear,Daylight,Motorcycle,1,Drunk Driving,0,1,0,0,4,2,Medium
2023,8,Tuesday,10,Punjab,Lahore,National Highway,Under Repair,Clear,Daylight,Van/Pickup,1,Over Speeding,0,0,0,0,3,2,High
2019,6,Friday,8,KPK,Mardan,Urban Road,Good,Clear,Daylight,Rickshaw,4,Mechanical Failure,1,0,0,0,2,0,Low
2022,1,Tuesday,7,Punjab,Sialkot,National Highway,Under Repair,Clear,Daylight,Rickshaw,4,Over Speeding,1,0,0,1,5,1,Medium
2020,12,Thursday,20,Sindh,Nawabshah,Rural Road,Average,Clear,No Light,Car/Taxi,1,Signal Violation,1,0,0,1,0,0,Low
2018,11,Tuesday,12,Punjab,Faisalabad,Provincial Highway,Average,Extreme Heat,Daylight,Motorcycle,3,Road Condition,1,0,0,1,2,0,Low
2018,8,Friday,6,Punjab,Rawalpindi,Provincial Highway,Average,Clear,Daylight,Van/Pickup,3,Mechanical Failure,0,0,0,0,0,0,Low
2019,1,Wednesday,15,Sindh,Larkana,National Highway,Average,Extreme Heat,No Light,Rickshaw,1,Wrong Overtaking,0,0,0,1,4,0,Medium
2023,7,Saturday,5,KPK,Dera Ismail Khan,National Highway,Poor,Clear,Street Light,Car/Taxi,2,Signal Violation,0,1,1,0,1,0,Medium
2021,2,Tuesday,3,Punjab,Lahore,Provincial Highway,Good,Clear,No Light,Car/Taxi,2,Over Speeding,0,0,1,1,9,2,High
2023,10,Thursday,15,Balochistan,Dera Bugti,Rural Road,Good,Clear,Daylight,Car/Taxi,3,Over Speeding,0,0,0,0,0,0,Low
2020,10,Wednesday,19,Punjab,Faisalabad,National Highway,Good,Rainy,Daylight,Rickshaw,4,Over Speeding,1,0,0,0,9,1,High