year,month,day_of_week,hour_of_day,province,district,road_type,road_condition,weather_condition,lighting_condition,vehicle_type,vehicles_involved,accident_cause,is_rush_hour,is_weekend,is_night,is_foggy_month,num_injured,num_killed,severity
2023,3,Saturday,20,Punjab,Sargodha,Provincial Highway,Good,Dusty/Smoggy,No Light,Car/Taxi,4,Signal Violation,1,1,0,0,5,0,Medium
2022,10,Thursday,9,Punjab,Sialkot,Rural Road,Good,Clear,Daylight,Car/Taxi,2,Road Condition,1,0,0,0,1,0,Low
2021,11,Sunday,11,Punjab,Gujranwala,Urban Road,Good,Extreme Heat,Street Light,Car/Taxi,4,Signal Violation,0,1,0,1,0,0,Low
2020,8,Tuesday,0,Punjab,Bahawalpur,Provincial Highway,Good,Rainy,No Light,Motorcycle,2,Drunk Driving,0,0,1,0,10,1,High
2023,8,Monday,18,KPK,Abbottabad,National Highway,Good,Clear,Daylight,Bicycle,2,Wrong Overtaking,1,0,0,0,2,0,High
2018,2,Sunday,13,Sindh,Thatta,Urban Road,Under Repair,Clear,Daylight,Truck/Lorry,2,Drunk Driving,1,1,0,1,1,0,Medium
2018,2,Wednesday,18,Punjab,Gujranwala,National Highway,Good,Extreme Heat,Daylight,Car/Taxi,2,Over Speeding,1,0,0,1,1,1,Medium
2021,3,Sunday,17,Islamabad,Islamabad,Urban Road,Poor,Clear,Daylight,Motorcycle,2,Pedestrian Error,1,1,0,0,4,1,Medium
2022,6,Wednesday,6,Punjab,Sheikhupura,National Highway,Under Repair,Clear,Daylight,Motorcycle,1,Over Speeding,0,0,0,0,6,1,High
2019,2,Monday,11,Punjab,Sheikhupura,National Highway,Under Repair,Clear,Daylight,Motorcycle,2,Signal Violation,0,0,0,1,7,1,High
2022,11,Sunday,10,Punjab,Sargodha,National Highway,Average,Rainy,Daylight,Motorcycle,1,Driver Fatigue,0,1,0,1,4,0,High
2023,3,Thursday,8,Punjab,Rawalpindi,Urban Road,Good,Clear,Daylight,Motorcycle,2,Wrong Overtaking,1,0,0,0,3,0,Medium
2021,8,Thursday,13,Sindh,Larkana,Urban Road,Good,Clear,Daylight,Rickshaw,1,Mechanical Failure,1,0,0,0,0,0,Low
2019,1,Thursday,21,Punjab,Sialkot,Urban Road,Poor,Foggy,No Light,Bus/Coach,1,Mechanical Failure,0,0,0,1,2,1,Low
2019,5,Sunday,20,Sindh,Karachi,Motorway,Good,Dusty/Smoggy,No Light,Motorcycle,1,Mechanical Failure,1,1,0,0,1,0,Medium
2021,2,Tuesday,18,KPK,Mardan,Urban Road,Poor,Clear,Dawn/Dusk,Car/Taxi,1,Signal Violation,1,0,0,1,0,0,Low
2020,8,Thursday,0,KPK,Mansehra,Rural Road,Poor,Clear,No Light,Motorcycle,4,Over Speeding,0,0,1,0,11,0,High
2019,5,Saturday,16,KPK,Bannu,Urban Road,Good,Clear,Dawn/Dusk,Bus/Coach,2,Over Speeding,0,1,0,0,2,0,Low
2020,8,Wednesday,22,Punjab,Multan,Provincial Highway,Average,Foggy,Street Light,Motorcycle,3,Wrong Overtaking,0,0,1,0,5,3,High
2019,6,Thursday,18,Punjab,Rawalpindi,Rural Road,Average,Dusty/Smoggy,Dawn/Dusk,Car/Taxi,1,Pedestrian Error,1,0,0,0,2,0,Low
2020,9,Saturday,1,Sindh,Thatta,Provincial Highway,Average,Clear,Street Light,Motorcycle,2,Road Condition,0,1,1,0,5,0,Medium
2021,12,Tuesday,12,Punjab,Sargodha,Rural Road,Good,Rainy,Street Light,Car/Taxi,2,Driver Fatigue,1,0,0,1,4,2,Medium
2022,8,Friday,7,Punjab,Faisalabad,National Highway,Under Repair,Foggy,Daylight,Motorcycle,2,Mechanical Failure,1,0,0,0,1,0,Medium
2020,10,Tuesday,13,Sindh,Kashmore,Urban Road,Average,Clear,Daylight,Motorcycle,2,Wrong Overtaking,1,0,0,0,2,0,Low
2023,9,Saturday,11,Punjab,Multan,Motorway,Good,Rainy,Street Light,Motorcycle,1,Over Speeding,0,1,0,0,3,1,High
2022,6,Tuesday,16,KPK,Dera Ismail Khan,Provincial Highway,Good,Clear,Daylight,Rickshaw,2,Over Speeding,0,0,0,0,1,0,Low
2022,3,Monday,13,Punjab,Sialkot,National Highway,Average,Clear,Daylight,Rickshaw,1,Over Speeding,1,0,0,0,5,1,Medium
2019,7,Sunday,8,AJK,Rawalakot,National Highway,Poor,Foggy,Daylight,Bus/Coach,1,Over Speeding,1,1,0,0,4,2,High
2019,2,Sunday,18,KPK,Mardan,National Highway,Poor,Clear,Daylight,Motorcycle,1,Signal Violation,1,1,0,1,2,0,High
2020,3,Tuesday,22,Punjab,Sialkot,Provincial Highway,Poor,Rainy,No Light,Motorcycle,2,Wrong Overtaking,0,0,1,0,6,1,High
2018,11,Saturday,8,Sindh,Dadu,Urban Road,Good,Foggy,Street Light,Car/Taxi,4,Over Speeding,1,1,0,1,5,1,Medium
2023,5,Friday,21,Sindh,Larkana,Rural Road,Average,Clear,Street Light,Truck/Lorry,2,Over Speeding,0,0,0,0,1,0,Low
2018,1,Monday,21,KPK,Dera Ismail Khan,Urban Road,Good,Rainy,Street Light,Bicycle,1,Wrong Overtaking,0,0,0,1,4,0,Medium
2018,1,Thursday,13,Sindh,Jacobabad,Urban Road,Good,Clear,Daylight,Other,3,Wrong Overtaking,1,0,0,1,0,0,Low
2021,12,Monday,21,Sindh,Dadu,National Highway,Average,Foggy,Street Light,Motorcycle,1,Mechanical Failure,0,0,0,1,2,0,Medium
2019,7,Thursday,17,Punjab,Bahawalpur,National Highway,Good,Clear,Dawn/Dusk,Car/Taxi,3,Road Condition,1,0,0,0,0,0,Low
2022,4,Tuesday,6,Punjab,Faisalabad,Provincial Highway,Average,Foggy,Daylight,Motorcycle,2,Driver Fatigue,0,0,0,0,7,0,High
2022,7,Tuesday,11,Islamabad,Islamabad,Rural Road,Poor,Clear,Daylight,Motorcycle,2,Signal Violation,0,0,0,0,1,1,Medium
2021,6,Wednesday,19,Punjab,Sheikhupura,Provincial Highway,Good,Extreme Heat,No Light,Car/Taxi,2,Over Speeding,1,0,0,0,3,0,Medium
2023,8,Friday,20,Punjab,Bahawalpur,National Highway,Poor,Dusty/Smoggy,Street Light,Rickshaw,2,Mechanical Failure,1,0,0,0,2,0,Low
2020,1,Wednesday,20,Punjab,Gujranwala,National Highway,Average,Clear,Street Light,Car/Taxi,2,Over Speeding,1,0,0,1,2,1,Medium
2019,6,Thursday,23,Balochistan,Sibi,Urban Road,Good,Clear,Street Light,Van/Pickup,1,Over Speeding,0,0,1,0,1,1,Low
2019,5,Monday,22,Sindh,Nawabshah,Rural Road,Poor,Clear,No Light,Motorcycle,2,Wrong Overtaking,0,0,1,0,1,0,Medium
2019,6,Sunday,23,KPK,Bannu,Urban Road,Poor,Clear,Street Light,Motorcycle,1,Over Speeding,0,1,1,0,4,2,High
2018,11,Wednesday,17,KPK,Bannu,Motorway,Good,Extreme Heat,Daylight,Car/Taxi,1,Pedestrian Error,1,0,0,1,1,0,Low
2019,7,Friday,22,KPK,Abbottabad,Urban Road,Poor,Clear,Street Light,Bicycle,3,Driver Fatigue,0,0,1,0,5,1,Medium
2022,1,Friday,7,Sindh,Jacobabad,National Highway,Average,Clear,Dawn/Dusk,Car/Taxi,1,Over Speeding,1,0,0,1,5,0,Medium
2018,9,Friday,9,Punjab,Multan,Urban Road,Good,Foggy,Daylight,Motorcycle,2,Road Condition,1,0,0,0,2,1,Medium
2018,3,Wednesday,11,Punjab,Multan,National Highway,Under Repair,Rainy,Daylight,Motorcycle,3,Over Speeding,0,0,0,0,7,1,High
2020,4,Friday,15,Sindh,Jacobabad,Urban Road,Poor,Clear,Daylight,Truck/Lorry,3,Pedestrian Error,0,0,0,0,1,0,Low
2021,2,Thursday,12,Punjab,Sialkot,Rural Road,Good,Clear,Street Light,Car/Taxi,2,Signal Violation,1,0,0,1,2,1,Low
2020,7,Monday,3,Sindh,Larkana,Urban Road,Average,Clear,No Light,Truck/Lorry,1,Over Speeding,0,0,1,0,8,1,High
2020,1,Thursday,5,Sindh,Mirpur Khas,Urban Road,Average,Clear,Dawn/Dusk,Motorcycle,1,Over Speeding,0,0,1,1,5,0,High
2022,2,Friday,16,Sindh,Nawabshah,Urban Road,Good,Rainy,Street Light,Car/Taxi,2,Signal Violation,0,0,0,1,5,1,Medium
2022,5,Saturday,14,Punjab,Multan,Urban Road,Good,Rainy,Daylight,Rickshaw,1,Over Speeding,0,1,0,0,0,1,Low
2022,6,Wednesday,12,Punjab,Bahawalpur,Rural Road,Good,Extreme Heat,Daylight,Motorcycle,4,Mechanical Failure,1,0,0,0,1,2,Medium
2021,10,Tuesday,18,KPK,Swat,National Highway,Good,Clear,Daylight,Rickshaw,1,Road Condition,1,0,0,0,3,0,Medium
2021,12,Sunday,21,Punjab,Rahim Yar Khan,National Highway,Poor,Foggy,No Light,Car/Taxi,2,Mechanical Failure,0,1,0,1,4,0,Medium
2021,12,Tuesday,19,Sindh,Larkana,National Highway,Average,Clear,Dawn/Dusk,Rickshaw,2,Drunk Driving,1,0,0,1,9,3,High
2018,6,Saturday,20,Sindh,Kashmore,Motorway,Poor,Clear,No Light,Car/Taxi,1,Wrong Overtaking,1,1,0,0,3,0,Medium
2023,4,Tuesday,22,AJK,Mirpur,National Highway,Poor,Rainy,No Light,Rickshaw,3,Over Speeding,0,0,1,0,2,2,High
2022,7,Saturday,20,KPK,Peshawar,National Highway,Average,Foggy,No Light,Motorcycle,2,Over Speeding,1,1,0,0,2,2,High
2022,1,Friday,21,Punjab,Sialkot,Rural Road,Good,Clear,No Light,Truck/Lorry,2,Over Speeding,0,0,0,1,4,1,Medium
2018,1,Saturday,19,Sindh,Karachi,Rural Road,Good,Clear,Street Light,Motorcycle,3,Drunk Driving,1,1,0,1,3,0,Medium
2022,8,Sunday,19,Punjab,Sheikhupura,National Highway,Good,Rainy,Dawn/Dusk,Bus/Coach,1,Pedestrian Error,1,1,0,0,2,0,Medium
2020,2,Monday,12,Punjab,Gujranwala,Urban Road,Good,Clear,Dawn/Dusk,Motorcycle,2,Over Speeding,1,0,0,1,3,2,Medium
2021,12,Wednesday,22,KPK,Mardan,Urban Road,Average,Rainy,Street Light,Car/Taxi,1,Wrong Overtaking,0,0,1,1,0,1,Low
2023,12,Monday,21,Sindh,Dadu,Urban Road,Good,Foggy,Street Light,Car/Taxi,3,Road Condition,0,0,0,1,0,0,Low
2018,11,Wednesday,8,Sindh,Thatta,Rural Road,Average,Extreme Heat,Daylight,Bus/Coach,3,Drunk Driving,1,0,0,1,4,0,Medium
2020,6,Monday,6,Punjab,Multan,Urban Road,Good,Clear,Dawn/Dusk,Rickshaw,2,Signal Violation,0,0,0,0,0,0,Low
2022,11,Monday,16,KPK,Abbottabad,Rural Road,Average,Clear,No Light,Car/Taxi,3,Signal Violation,0,0,0,1,1,0,Low
2023,1,Tuesday,14,Punjab,Multan,Motorway,Poor,Clear,Street Light,Car/Taxi,1,Over Speeding,0,0,0,1,2,1,High
2018,11,Friday,9,KPK,Dera Ismail Khan,Provincial Highway,Good,Clear,Dawn/Dusk,Motorcycle,2,Wrong Overtaking,1,0,0,1,1,1,Medium
2023,6,Saturday,19,Sindh,Larkana,National Highway,Average,Rainy,Dawn/Dusk,Motorcycle,2,Over Speeding,1,1,0,0,2,2,High
2019,6,Friday,17,Punjab,Sheikhupura,Rural Road,Under Repair,Foggy,Daylight,Motorcycle,4,Signal Violation,1,0,0,0,4,1,Medium
2021,10,Friday,20,Punjab,Sialkot,National Highway,Poor,Foggy,No Light,Car/Taxi,1,Road Condition,1,0,0,0,3,2,Medium
2023,1,Sunday,6,Punjab,Multan,National Highway,Good,Clear,Daylight,Motorcycle,3,Pedestrian Error,0,1,0,1,5,0,Medium
2020,6,Monday,9,Balochistan,Turbat,National Highway,Under Repair,Clear,Street Light,Motorcycle,1,Wrong Overtaking,1,0,0,0,9,1,High
2021,6,Saturday,10,KPK,Bannu,Urban Road,Good,Foggy,Street Light,Car/Taxi,1,Wrong Overtaking,0,1,0,0,1,0,Low
2019,1,Friday,0,Sindh,Jacobabad,National Highway,Good,Clear,No Light,Rickshaw,1,Over Speeding,0,0,1,1,8,4,High
2022,1,Saturday,20,Sindh,Mirpur Khas,Provincial Highway,Good,Foggy,No Light,Motorcycle,2,Pedestrian Error,1,1,0,1,7,0,High
2018,6,Sunday,19,Sindh,Hyderabad,Urban Road,Average,Clear,Dawn/Dusk,Car/Taxi,3,Driver Fatigue,1,1,0,0,2,0,Medium
2022,3,Wednesday,15,Sindh,Karachi,National Highway,Average,Rainy,Daylight,Motorcycle,3,Signal Violation,0,0,0,0,2,2,High
2018,10,Wednesday,16,Sindh,Jacobabad,National Highway,Average,Clear,Daylight,Motorcycle,2,Over Speeding,0,0,0,0,9,1,High
2019,11,Wednesday,10,Punjab,Rawalpindi,Urban Road,Poor,Rainy,Daylight,Car/Taxi,2,Road Condition,0,0,0,1,1,0,Low
2020,1,Tuesday,13,KPK,Charsadda,Urban Road,Average,Clear,Daylight,Rickshaw,2,Driver Fatigue,1,0,0,1,0,0,Low
2023,9,Tuesday,8,KPK,Swat,Provincial Highway,Good,Foggy,Dawn/Dusk,Motorcycle,4,Over Speeding,1,0,0,0,3,2,High
2023,3,Thursday,22,Punjab,Gujranwala,National Highway,Under Repair,Clear,No Light,Car/Taxi,2,Wrong Overtaking,0,0,1,0,1,1,Medium
2021,7,Tuesday,23,KPK,Abbottabad,National Highway,Under Repair,Rainy,Street Light,Car/Taxi,1,Over Speeding,0,0,1,0,4,0,High
2023,7,Wednesday,7,Sindh,Jacobabad,National Highway,Average,Clear,Daylight,Truck/Lorry,2,Over Speeding,1,0,0,0,3,1,Medium
2022,3,Monday,14,Punjab,Multan,Motorway,Good,Clear,Daylight,Car/Taxi,2,Over Speeding,0,0,0,0,3,0,Medium
2021,5,Thursday,18,Punjab,Lahore,Provincial Highway,Poor,Dusty/Smoggy,Daylight,Truck/Lorry,2,Drunk Driving,1,0,0,0,7,2,High
2022,5,Saturday,23,KPK,Kohat,Rural Road,Good,Dusty/Smoggy,No Light,Motorcycle,1,Over Speeding,0,1,1,0,2,3,High
2022,10,Tuesday,11,Balochistan,Turbat,Urban Road,Good,Rainy,No Light,Car/Taxi,1,Over Speeding,0,0,0,0,2,1,Medium
2021,5,Friday,12,KPK,Nowshera,National Highway,Good,Clear,Street Light,Rickshaw,2,Pedestrian Error,1,0,0,0,1,0,Medium
2022,1,Thursday,11,Sindh,Hyderabad,National Highway,Under Repair,Clear,Daylight,Motorcycle,2,Over Speeding,0,0,0,1,11,1,High
2022,11,Sunday,9,Punjab,Multan,Rural Road,Good,Clear,Daylight,Motorcycle,1,Over Speeding,1,1,0,1,1,1,Medium
2019,2,Saturday,5,Punjab,Faisalabad,Provincial Highway,Average,Clear,No Light,Car/Taxi,2,Signal Violation,0,1,1,1,2,0,Medium
2018,6,Sunday,17,Punjab,Sargodha,Urban Road,Good,Clear,Street Light,Motorcycle,2,Road Condition,1,1,0,0,1,0,Low
2021,5,Sunday,17,Balochistan,Khuzdar,Provincial Highway,Good,Clear,Daylight,Car/Taxi,1,Wrong Overtaking,1,1,0,0,2,0,Low
2020,4,Sunday,14,Islamabad,Islamabad,Provincial Highway,Poor,Clear,Dawn/Dusk,Motorcycle,3,Over Speeding,0,1,0,0,8,2,High
2022,9,Wednesday,13,Punjab,Faisalabad,Urban Road,Under Repair,Clear,Daylight,Car/Taxi,2,Over Speeding,1,0,0,0,0,0,Low
2023,12,Friday,10,KPK,Mardan,National Highway,Good,Clear,Dawn/Dusk,Car/Taxi,2,Mechanical Failure,0,0,0,1,1,0,Low
2022,12,Saturday,10,Sindh,Hyderabad,Provincial Highway,Average,Clear,Dawn/Dusk,Motorcycle,3,Pedestrian Error,0,1,0,1,4,0,Medium
2019,8,Saturday,6,Punjab,Sialkot,Urban Road,Average,Clear,Daylight,Motorcycle,2,Wrong Overtaking,0,1,0,0,0,0,Low
2022,4,Saturday,21,Sindh,Thatta,National Highway,Average,Foggy,Street Light,Van/Pickup,2,Over Speeding,0,1,0,0,5,2,High
2022,5,Friday,19,KPK,Nowshera,Rural Road,Average,Clear,Dawn/Dusk,Van/Pickup,2,Wrong Overtaking,1,0,0,0,0,0,Low
2022,6,Tuesday,7,Punjab,Rahim Yar Khan,Provincial Highway,Poor,Clear,Street Light,Motorcycle,2,Wrong Overtaking,1,0,0,0,5,0,Medium
2023,12,Friday,13,Balochistan,Quetta,Urban Road,Poor,Clear,Daylight,Truck/Lorry,3,Drunk Driving,1,0,0,1,2,0,Low
2020,1,Friday,1,Punjab,Rawalpindi,Urban Road,Average,Clear,No Light,Motorcycle,2,Wrong Overtaking,0,0,1,1,2,1,Medium
2022,1,Saturday,10,Punjab,Bahawalpur,National Highway,Average,Foggy,Daylight,Motorcycle,4,Over Speeding,0,1,0,1,7,1,High
2020,8,Wednesday,9,Punjab,Bahawalpur,Rural Road,Good,Clear,Street Light,Rickshaw,1,Wrong Overtaking,1,0,0,0,2,1,Low
2020,12,Wednesday,8,KPK,Bannu,Provincial Highway,Good,Clear,Street Light,Motorcycle,2,Wrong Overtaking,1,0,0,1,5,1,Medium
2022,12,Tuesday,23,Punjab,Sargodha,National Highway,Average,Clear,No Light,Motorcycle,2,Wrong Overtaking,0,0,1,1,9,1,High
2020,4,Thursday,12,KPK,Kohat,Rural Road,Average,Foggy,Daylight,Car/Taxi,2,Over Speeding,1,0,0,0,0,0,Low
2022,3,Friday,7,Sindh,Sukkur,Rural Road,Good,Clear,Daylight,Motorcycle,2,Over Speeding,1,0,0,0,5,2,High
2023,11,Friday,18,Sindh,Thatta,Provincial Highway,Good,Dusty/Smoggy,Daylight,Truck/Lorry,4,Wrong Overtaking,1,0,0,1,2,0,Low
2022,6,Saturday,13,KPK,Kohat,Rural Road,Poor,Foggy,Daylight,Motorcycle,3,Mechanical Failure,1,1,0,0,0,0,Low
2020,9,Monday,18,Sindh,Mirpur Khas,Urban Road,Under Repair,Clear,Daylight,Rickshaw,2,Over Speeding,1,0,0,0,1,0,Low
2018,12,Saturday,22,KPK,Charsadda,Rural Road,Under Repair,Rainy,No Light,Motorcycle,1,Mechanical Failure,0,1,1,1,2,1,Medium
2023,7,Wednesday,5,Punjab,Bahawalpur,Motorway,Average,Dusty/Smoggy,Daylight,Car/Taxi,2,Wrong Overtaking,0,0,1,0,5,1,Medium
2022,2,Saturday,17,Sindh,Thatta,National Highway,Average,Rainy,Daylight,Car/Taxi,4,Pedestrian Error,1,1,0,1,2,1,Medium
2020,11,Tuesday,9,KPK,Swat,Rural Road,Average,Rainy,Daylight,Motorcycle,1,Over Speeding,1,0,0,1,5,0,High
2021,9,Saturday,18,Balochistan,Khuzdar,National Highway,Poor,Clear,Daylight,Bus/Coach,2,Over Speeding,1,1,0,0,9,1,High
2022,5,Thursday,21,Punjab,Sialkot,Urban Road,Good,Clear,Street Light,Motorcycle,3,Road Condition,0,0,0,0,2,0,Medium
2020,6,Monday,12,Sindh,Mirpur Khas,Rural Road,Poor,Rainy,Daylight,Motorcycle,2,Pedestrian Error,1,0,0,0,3,0,Medium
2018,2,Saturday,6,Sindh,Kashmore,Provincial Highway,Poor,Clear,Daylight,Motorcycle,2,Mechanical Failure,0,1,0,1,4,0,Medium
2023,11,Sunday,14,Punjab,Gujranwala,National Highway,Average,Clear,Daylight,Van/Pickup,1,Signal Violation,0,1,0,1,2,1,Medium
2022,8,Friday,8,Punjab,Gujranwala,National Highway,Good,Clear,Daylight,Car/Taxi,2,Road Condition,1,0,0,0,1,0,Low
2023,5,Tuesday,7,Punjab,Rawalpindi,Provincial Highway,Good,Clear,Daylight,Truck/Lorry,1,Wrong Overtaking,1,0,0,0,2,1,Medium
2019,12,Sunday,8,KPK,Nowshera,Urban Road,Good,Foggy,Daylight,Truck/Lorry,1,Weather Condition,1,1,0,1,1,0,Low
2018,4,Wednesday,16,KPK,Kohat,Motorway,Poor,Clear,Daylight,Rickshaw,2,Over Speeding,0,0,0,0,3,1,Medium
2021,10,Tuesday,18,Punjab,Multan,Motorway,Average,Clear,Daylight,Van/Pickup,3,Over Speeding,1,0,0,0,1,0,Medium
2020,12,Wednesday,7,KPK,Swat,National Highway,Good,Clear,Daylight,Rickshaw,2,Road Condition,1,0,0,1,2,0,Low
2019,12,Tuesday,12,Punjab,Sargodha,National Highway,Average,Clear,Daylight,Rickshaw,4,Road Condition,1,0,0,1,0,0,Low
2018,6,Saturday,22,Sindh,Karachi,National Highway,Poor,Rainy,No Light,Motorcycle,3,Wrong Overtaking,0,1,1,0,2,0,High
2023,9,Tuesday,14,Balochistan,Chaman,Urban Road,Under Repair,Dusty/Smoggy,Daylight,Van/Pickup,2,Pedestrian Error,0,0,0,0,0,1,Low
2020,4,Saturday,4,KPK,Peshawar,Urban Road,Good,Clear,No Light,Motorcycle,3,Pedestrian Error,0,1,1,0,3,1,Medium
2019,1,Tuesday,12,Punjab,Sialkot,Rural Road,Good,Clear,Daylight,Truck/Lorry,4,Over Speeding,1,0,0,1,1,0,Medium
2019,12,Sunday,10,KPK,Swat,Provincial Highway,Average,Dusty/Smoggy,Daylight,Rickshaw,3,Pedestrian Error,0,1,0,1,0,0,Low
2022,1,Monday,7,Sindh,Jacobabad,Rural Road,Under Repair,Rainy,Daylight,Car/Taxi,4,Mobile Phone Use,1,0,0,1,0,0,Low
2022,9,Wednesday,18,Balochistan,Zhob,National Highway,Poor,Foggy,Daylight,Motorcycle,1,Wrong Overtaking,1,0,0,0,6,1,High
2019,11,Thursday,16,Sindh,Mirpur Khas,Rural Road,Good,Clear,Daylight,Motorcycle,3,Over Speeding,0,0,0,1,5,2,Medium
2023,7,Monday,18,KPK,Kohat,Provincial Highway,Poor,Foggy,Street Light,Van/Pickup,1,Pedestrian Error,1,0,0,0,3,0,Medium
2020,1,Sunday,5,Punjab,Sialkot,Rural Road,Poor,Clear,Dawn/Dusk,Car/Taxi,2,Signal Violation,0,1,1,1,2,0,Low
2018,8,Saturday,19,Sindh,Jacobabad,Provincial Highway,Poor,Clear,Dawn/Dusk,Motorcycle,4,Signal Violation,1,1,0,0,1,2,Medium
2023,8,Monday,7,Sindh,Sukkur,Urban Road,Poor,Extreme Heat,Daylight,Car/Taxi,2,Road Condition,1,0,0,0,0,0,Low
2019,7,Monday,12,Sindh,Sukkur,Rural Road,Poor,Dusty/Smoggy,Daylight,Truck/Lorry,2,Signal Violation,1,0,0,0,1,0,Low
2019,3,Saturday,22,KPK,Nowshera,National Highway,Good,Rainy,Street Light,Car/Taxi,2,Over Speeding,0,1,1,0,11,0,High
2020,8,Sunday,17,Balochistan,Khuzdar,National Highway,Average,Clear,Daylight,Car/Taxi,1,Wrong Overtaking,1,1,0,0,2,1,Medium
2023,7,Friday,18,KPK,Nowshera,Urban Road,Under Repair,Rainy,Street Light,Bus/Coach,2,Drunk Driving,1,0,0,0,3,0,Medium
2022,8,Thursday,12,Punjab,Faisalabad,Urban Road,Average,Rainy,Dawn/Dusk,Motorcycle,1,Wrong Overtaking,1,0,0,0,1,0,Medium
2018,4,Tuesday,11,KPK,Charsadda,National Highway,Good,Rainy,Street Light,Bus/Coach,2,Wrong Overtaking,0,0,0,0,7,3,High
2020,5,Saturday,16,Punjab,Sheikhupura,Motorway,Average,Clear,Dawn/Dusk,Car/Taxi,2,Wrong Overtaking,0,1,0,0,2,2,Medium
2018,11,Tuesday,19,Sindh,Nawabshah,National Highway,Good,Clear,Street Light,Rickshaw,3,Pedestrian Error,1,0,0,1,1,2,Medium
2020,1,Wednesday,6,Balochistan,Turbat,Provincial Highway,Good,Clear,Daylight,Bus/Coach,2,Over Speeding,0,0,0,1,9,0,High
2023,8,Wednesday,14,Punjab,Sheikhupura,National Highway,Poor,Clear,Daylight,Motorcycle,3,Drunk Driving,0,0,0,0,6,1,High
2021,6,Monday,18,Balochistan,Hub,National Highway,Good,Clear,Street Light,Motorcycle,2,Driver Fatigue,1,0,0,0,3,1,High
2020,4,Tuesday,7,KPK,Swat,Provincial Highway,Average,Clear,Dawn/Dusk,Motorcycle,2,Signal Violation,1,0,0,0,1,0,Medium
2020,11,Wednesday,11,Sindh,Jacobabad,Motorway,Poor,Clear,Daylight,Motorcycle,4,Wrong Overtaking,0,0,0,1,2,4,High
2023,12,Saturday,10,Punjab,Sialkot,Motorway,Good,Clear,Dawn/Dusk,Car/Taxi,2,Wrong Overtaking,0,1,0,1,1,1,Medium
2022,10,Friday,21,Punjab,Multan,Provincial Highway,Good,Clear,Street Light,Rickshaw,1,Pedestrian Error,0,0,0,0,0,0,Low
2019,2,Thursday,16,Islamabad,Islamabad,Provincial Highway,Average,Clear,Daylight,Motorcycle,2,Mobile Phone Use,0,0,0,1,5,0,Medium
2019,1,Sunday,7,Punjab,Rahim Yar Khan,Rural Road,Poor,Rainy,Daylight,Car/Taxi,2,Over Speeding,1,1,0,1,2,0,Medium
2018,8,Thursday,2,Sindh,Hyderabad,Rural Road,Average,Clear,Street Light,Motorcycle,1,Over Speeding,0,0,1,0,1,1,Medium
2020,8,Sunday,11,Punjab,Multan,Rural Road,Good,Clear,Daylight,Car/Taxi,2,Signal Violation,0,1,0,0,0,0,Low
2019,2,Friday,14,Punjab,Lahore,National Highway,Poor,Clear,No Light,Motorcycle,3,Wrong Overtaking,0,0,0,1,4,0,Medium
2022,5,Tuesday,13,KPK,Charsadda,Provincial Highway,Average,Foggy,Daylight,Motorcycle,1,Over Speeding,1,0,0,0,11,0,High
2020,5,Thursday,20,Punjab,Multan,Urban Road,Good,Clear,Street Light,Car/Taxi,3,Road Condition,1,0,0,0,2,0,Low
2023,11,Saturday,17,AJK,Mirpur,Rural Road,Average,Clear,Daylight,Car/Taxi,3,Wrong Overtaking,1,1,0,1,2,0,Low
2019,10,Saturday,11,Sindh,Mirpur Khas,Provincial Highway,Average,Extreme Heat,Daylight,Motorcycle,2,Drunk Driving,0,1,0,0,5,0,Medium
2023,6,Sunday,17,Sindh,Karachi,Urban Road,Good,Clear,Dawn/Dusk,Motorcycle,2,Wrong Overtaking,1,1,0,0,2,0,Low
2020,9,Monday,6,Punjab,Faisalabad,Provincial Highway,Under Repair,Foggy,Dawn/Dusk,Car/Taxi,1,Wrong Overtaking,0,0,0,0,3,1,Medium
2019,8,Thursday,18,Islamabad,Islamabad,Urban Road,Poor,Clear,Dawn/Dusk,Car/Taxi,2,Over Speeding,1,0,0,0,2,0,Low
2021,4,Sunday,1,Punjab,Bahawalpur,National Highway,Average,Clear,No Light,Car/Taxi,2,Signal Violation,0,1,1,0,5,1,High
2020,2,Thursday,14,Sindh,Larkana,Provincial Highway,Good,Foggy,Daylight,Rickshaw,1,Wrong Overtaking,0,0,0,1,1,0,Low
2021,11,Tuesday,15,Punjab,Sheikhupura,Urban Road,Poor,Foggy,No Light,Motorcycle,3,Over Speeding,0,0,0,1,5,0,High
2021,2,Thursday,9,Punjab,Rahim Yar Khan,National Highway,Good,Clear,Daylight,Truck/Lorry,2,Over Speeding,1,0,0,1,3,0,Medium
2022,5,Wednesday,11,Sindh,Larkana,Rural Road,Good,Clear,No Light,Motorcycle,2,Mechanical Failure,0,0,0,0,2,0,Medium
2023,4,Saturday,17,KPK,Mardan,Motorway,Good,Rainy,Daylight,Bus/Coach,3,Pedestrian Error,1,1,0,0,1,1,Medium
2021,10,Friday,18,Punjab,Bahawalpur,Provincial Highway,Good,Clear,Dawn/Dusk,Motorcycle,4,Mechanical Failure,1,0,0,0,4,0,Medium
2023,12,Friday,7,Sindh,Kashmore,National Highway,Good,Clear,Daylight,Motorcycle,2,Over Speeding,1,0,0,1,9,1,High
2018,3,Sunday,16,KPK,Swat,Rural Road,Under Repair,Clear,Daylight,Car/Taxi,1,Wrong Overtaking,0,1,0,0,0,0,Low
2020,3,Monday,10,Sindh,Thatta,Rural Road,Good,Clear,Daylight,Motorcycle,1,Pedestrian Error,0,0,0,0,1,0,Low
2021,1,Sunday,16,Punjab,Faisalabad,Motorway,Good,Foggy,Street Light,Rickshaw,2,Driver Fatigue,0,1,0,1,3,4,High