year,month,day_of_week,hour_of_day,province,district,road_type,road_condition,weather_condition,lighting_condition,vehicle_type,vehicles_involved,accident_cause,is_rush_hour,is_weekend,is_night,is_foggy_month,num_injured,num_killed,severity
2020,12,Wednesday,8,Punjab,Multan,National Highway,Good,Rainy,Daylight,Motorcycle,2,Over Speeding,1,0,0,1,11,1,High
2022,4,Thursday,12,Punjab,Lahore,National Highway,Poor,Rainy,Daylight,Truck/Lorry,2,Road Condition,1,0,0,0,2,0,Medium
2020,1,Sunday,16,Punjab,Bahawalpur,National Highway,Average,Clear,Daylight,Motorcycle,2,Over Speeding,0,1,0,1,11,0,High
2018,5,Friday,20,Punjab,Sialkot,Provincial Highway,Poor,Clear,Street Light,Bus/Coach,1,Over Speeding,1,0,0,0,5,0,Medium
2018,6,Saturday,13,Sindh,Hyderabad,Urban Road,Good,Clear,Dawn/Dusk,Motorcycle,2,Road Condition,1,1,0,0,0,0,Low
2018,7,Saturday,20,Punjab,Rawalpindi,National Highway,Average,Clear,Street Light,Truck/Lorry,2,Signal Violation,1,1,0,0,7,1,High
2022,6,Thursday,17,Sindh,Nawabshah,Provincial Highway,Average,Clear,Street Light,Car/Taxi,3,Driver Fatigue,1,0,0,0,5,0,Medium
2023,4,Sunday,9,Gilgit-Baltistan,Skardu,National Highway,Good,Clear,Daylight,Motorcycle,1,Signal Violation,1,1,0,0,4,0,High
2020,1,Saturday,11,Islamabad,Islamabad,Provincial Highway,Average,Clear,Daylight,Rickshaw,3,Over Speeding,0,1,0,1,4,1,Medium
2021,11,Sunday,9,KPK,Dera Ismail Khan,National Highway,Good,Foggy,Daylight,Bicycle,1,Mechanical Failure,1,1,0,1,5,0,High
2020,7,Tuesday,9,Punjab,Sheikhupura,Provincial Highway,Good,Dusty/Smoggy,Daylight,Motorcycle,2,Drunk Driving,1,0,0,0,10,2,High
2020,7,Wednesday,21,Punjab,Rahim Yar Khan,National Highway,Poor,Rainy,Street Light,Rickshaw,4,Drunk Driving,0,0,0,0,4,0,Medium
2018,6,Thursday,21,KPK,Nowshera,Rural Road,Good,Dusty/Smoggy,Street Light,Bus/Coach,1,Over Speeding,0,0,0,0,1,1,Medium
2018,1,Sunday,10,Punjab,Sheikhupura,National Highway,Poor,Clear,Daylight,Motorcycle,2,Signal Violation,0,1,0,1,6,1,High
2022,7,Sunday,16,Punjab,Rahim Yar Khan,Provincial Highway,Under Repair,Clear,Daylight,Rickshaw,1,Over Speeding,0,1,0,0,2,0,Low
2023,9,Tuesday,6,Sindh,Larkana,National Highway,Average,Rainy,Daylight,Truck/Lorry,3,Mechanical Failure,0,0,0,0,3,0,Medium
2020,1,Saturday,5,Punjab,Bahawalpur,Urban Road,Poor,Rainy,Street Light,Motorcycle,2,Wrong Overtaking,0,1,1,1,11,0,High
2020,1,Friday,14,KPK,Mardan,National Highway,Under Repair,Clear,Daylight,Rickshaw,2,Pedestrian Error,0,0,0,1,2,0,Low
2021,7,Friday,8,KPK,Mardan,Urban Road,Poor,Clear,Daylight,Van/Pickup,2,Signal Violation,1,0,0,0,0,0,Low
2023,6,Monday,19,KPK,Swat,Urban Road,Average,Foggy,Dawn/Dusk,Car/Taxi,3,Over Speeding,1,0,0,0,4,0,Medium
2021,8,Monday,18,KPK,Abbottabad,Urban Road,Average,Clear,Daylight,Truck/Lorry,2,Driver Fatigue,1,0,0,0,1,1,Medium
2020,8,Sunday,2,Punjab,Bahawalpur,National Highway,Average,Clear,No Light,Motorcycle,1,Signal Violation,0,1,1,0,3,1,High
2018,12,Monday,17,KPK,Mardan,Rural Road,Poor,Rainy,Daylight,Motorcycle,1,Over Speeding,1,0,0,1,10,2,High
2019,1,Wednesday,19,Punjab,Multan,National Highway,Poor,Clear,Street Light,Rickshaw,2,Over Speeding,1,0,0,1,5,0,Medium
2023,1,Sunday,13,KPK,Bannu,Provincial Highway,Good,Clear,Daylight,Bus/Coach,2,Pedestrian Error,1,1,0,1,2,0,Medium
2023,5,Wednesday,11,Punjab,Sheikhupura,Urban Road,Average,Clear,Daylight,Rickshaw,3,Over Speeding,0,0,0,0,1,0,Low
2021,7,Sunday,20,KPK,Swat,National Highway,Good,Clear,No Light,Motorcycle,1,Driver Fatigue,1,1,0,0,9,1,High
2020,2,Saturday,5,AJK,Rawalakot,Urban Road,Poor,Clear,Dawn/Dusk,Van/Pickup,2,Wrong Overtaking,0,1,1,1,0,0,Low
2019,2,Thursday,19,Punjab,Lahore,Urban Road,Average,Clear,No Light,Motorcycle,3,Over Speeding,1,0,0,1,2,1,High
2019,5,Wednesday,8,Punjab,Lahore,Urban Road,Good,Clear,Daylight,Car/Taxi,2,Over Speeding,1,0,0,0,2,0,Low
2022,12,Tuesday,11,Punjab,Bahawalpur,Provincial Highway,Good,Clear,Daylight,Motorcycle,3,Driver Fatigue,0,0,0,1,10,2,High
2020,6,Friday,14,Sindh,Dadu,Rural Road,Poor,Clear,No Light,Car/Taxi,3,Pedestrian Error,0,0,0,0,1,0,Low
2022,6,Saturday,20,Punjab,Sheikhupura,National Highway,Poor,Clear,No Light,Car/Taxi,2,Wrong Overtaking,1,1,0,0,2,0,Low
2020,6,Friday,13,KPK,Kohat,National Highway,Good,Clear,Daylight,Motorcycle,1,Drunk Driving,1,0,0,0,10,1,High
2023,9,Sunday,10,Sindh,Hyderabad,Provincial Highway,Good,Clear,Daylight,Motorcycle,3,Signal Violation,0,1,0,0,2,1,Medium
2023,8,Tuesday,10,Sindh,Jacobabad,Provincial Highway,Good,Foggy,Daylight,Motorcycle,1,Road Condition,0,0,0,0,8,2,High
2021,6,Wednesday,16,KPK,Swat,National Highway,Good,Clear,Daylight,Car/Taxi,2,Driver Fatigue,0,0,0,0,10,3,High
2023,11,Thursday,5,Punjab,Rahim Yar Khan,Urban Road,Poor,Foggy,Dawn/Dusk,Car/Taxi,4,Signal Violation,0,0,1,1,4,0,Medium
2023,7,Monday,12,Punjab,Multan,National Highway,Good,Clear,Daylight,Motorcycle,3,Road Condition,1,0,0,0,3,0,Medium
2019,9,Wednesday,21,KPK,Swat,Rural Road,Poor,Foggy,Street Light,Car/Taxi,2,Mobile Phone Use,0,0,0,0,2,0,Low
2019,8,Saturday,7,KPK,Dera Ismail Khan,Provincial Highway,Poor,Rainy,Daylight,Truck/Lorry,2,Driver Fatigue,1,1,0,0,3,3,High
2020,10,Wednesday,9,Punjab,Rawalpindi,National Highway,Poor,Foggy,Street Light,Motorcycle,2,Signal Violation,1,0,0,0,2,1,High
2023,12,Thursday,14,Punjab,Multan,National Highway,Average,Clear,Street Light,Motorcycle,4,Over Speeding,0,0,0,1,9,4,High
2018,4,Saturday,13,Punjab,Faisalabad,Urban Road,Average,Clear,No Light,Truck/Lorry,2,Pedestrian Error,1,1,0,0,2,0,Low
2019,5,Saturday,7,Punjab,Sheikhupura,Rural Road,Poor,Clear,Daylight,Car/Taxi,2,Wrong Overtaking,1,1,0,0,1,0,Low
2019,8,Tuesday,21,Punjab,Sargodha,Rural Road,Good,Clear,Street Light,Motorcycle,1,Road Condition,0,0,0,0,0,1,Low
2022,2,Thursday,20,KPK,Peshawar,Rural Road,Good,Extreme Heat,No Light,Motorcycle,1,Wrong Overtaking,1,0,0,1,5,0,Medium
2022,12,Sunday,18,KPK,Kohat,Urban Road,Under Repair,Clear,No Light,Car/Taxi,2,Mechanical Failure,1,1,0,1,2,0,Low
2021,3,Sunday,10,Punjab,Faisalabad,Provincial Highway,Average,Clear,Daylight,Rickshaw,2,Driver Fatigue,0,1,0,0,5,1,Medium
2019,12,Thursday,6,Sindh,Sukkur,Urban Road,Average,Foggy,No Light,Car/Taxi,2,Mechanical Failure,0,0,0,1,1,1,Low
2018,12,Wednesday,20,Punjab,Rawalpindi,National Highway,Good,Foggy,Street Light,Car/Taxi,2,Mechanical Failure,1,0,0,1,0,0,Low
2021,11,Saturday,12,Sindh,Jacobabad,National Highway,Good,Rainy,Daylight,Car/Taxi,3,Over Speeding,1,1,0,1,7,2,High
2019,12,Monday,21,Sindh,Sukkur,Provincial Highway,Good,Clear,No Light,Car/Taxi,2,Over Speeding,0,0,0,1,1,0,Medium
2021,9,Saturday,4,Balochistan,Loralai,Urban Road,Good,Foggy,Street Light,Rickshaw,2,Over Speeding,0,1,1,0,1,0,Medium
2023,11,Sunday,20,Punjab,Bahawalpur,Urban Road,Good,Clear,Street Light,Bus/Coach,4,Over Speeding,1,1,0,1,1,0,Low
2020,1,Monday,8,Punjab,Faisalabad,Provincial Highway,Average,Clear,Daylight,Car/Taxi,1,Signal Violation,1,0,0,1,1,0,Low
2022,9,Monday,9,Sindh,Karachi,Rural Road,Average,Foggy,Daylight,Rickshaw,2,Signal Violation,1,0,0,0,2,0,Low
2023,2,Sunday,10,Punjab,Sialkot,Rural Road,Good,Clear,Daylight,Rickshaw,2,Over Speeding,0,1,0,1,1,0,Medium
2018,3,Sunday,13,Punjab,Sheikhupura,National Highway,Poor,Foggy,Daylight,Rickshaw,2,Over Speeding,1,1,0,0,4,1,High
2018,1,Wednesday,11,Punjab,Sialkot,Urban Road,Good,Rainy,Street Light,Bus/Coach,2,Signal Violation,0,0,0,1,1,1,Medium
2022,9,Thursday,13,Sindh,Thatta,Urban Road,Poor,Clear,Daylight,Bus/Coach,1,Pedestrian Error,1,0,0,0,1,0,Low
2021,6,Tuesday,19,Punjab,Gujranwala,Rural Road,Good,Foggy,Dawn/Dusk,Rickshaw,2,Mobile Phone Use,1,0,0,0,1,0,Low
2018,5,Friday,8,Gilgit-Baltistan,Skardu,Rural Road,Good,Rainy,Daylight,Motorcycle,2,Road Condition,1,0,0,0,2,0,Low
2020,8,Sunday,17,Punjab,Sialkot,National Highway,Poor,Clear,Daylight,Rickshaw,1,Wrong Overtaking,1,1,0,0,1,0,Low
2020,7,Friday,3,Punjab,Bahawalpur,National Highway,Under Repair,Foggy,No Light,Truck/Lorry,1,Signal Violation,0,0,1,0,7,2,High
2023,6,Saturday,17,Sindh,Karachi,Provincial Highway,Poor,Dusty/Smoggy,Daylight,Rickshaw,2,Mechanical Failure,1,1,0,0,0,0,Low
2020,2,Thursday,12,Punjab,Sialkot,Provincial Highway,Average,Foggy,No Light,Car/Taxi,1,Drunk Driving,1,0,0,1,3,0,Medium
2020,1,Sunday,13,Sindh,Thatta,Urban Road,Average,Clear,Daylight,Motorcycle,2,Wrong Overtaking,1,1,0,1,1,0,Medium
2020,4,Monday,13,Sindh,Mirpur Khas,Provincial Highway,Average,Clear,Dawn/Dusk,Motorcycle,2,Road Condition,1,0,0,0,5,1,Medium
2022,7,Saturday,15,Sindh,Sukkur,National Highway,Average,Clear,Daylight,Motorcycle,1,Mechanical Failure,0,1,0,0,8,2,High
2022,8,Friday,8,KPK,Kohat,Urban Road,Average,Rainy,Daylight,Bus/Coach,2,Wrong Overtaking,1,0,0,0,2,0,Low
2022,9,Thursday,9,Punjab,Rawalpindi,Provincial Highway,Average,Clear,Daylight,Motorcycle,2,Mechanical Failure,1,0,0,0,5,0,Medium
2019,4,Sunday,10,Balochistan,Zhob,Rural Road,Good,Rainy,Daylight,Truck/Lorry,1,Over Speeding,0,1,0,0,2,1,Medium
2022,11,Saturday,20,KPK,Mansehra,National Highway,Poor,Clear,Street Light,Motorcycle,1,Mechanical Failure,1,1,0,1,2,0,Medium
2020,2,Saturday,22,Punjab,Gujranwala,National Highway,Average,Foggy,No Light,Motorcycle,2,Wrong Overtaking,0,1,1,1,7,1,High
2018,8,Wednesday,18,Punjab,Sargodha,National Highway,Good,Extreme Heat,Daylight,Car/Taxi,2,Mechanical Failure,1,0,0,0,0,0,Low
2021,9,Wednesday,8,Punjab,Sargodha,Provincial Highway,Average,Foggy,Daylight,Motorcycle,3,Drunk Driving,1,0,0,0,11,4,High
2023,9,Tuesday,18,Punjab,Sialkot,National Highway,Good,Foggy,Daylight,Motorcycle,1,Road Condition,1,0,0,0,4,0,Medium
2020,7,Friday,12,Sindh,Nawabshah,National Highway,Good,Clear,Daylight,Motorcycle,1,Mobile Phone Use,1,0,0,0,9,1,High
2023,12,Tuesday,18,Punjab,Multan,Urban Road,Under Repair,Extreme Heat,Daylight,Car/Taxi,2,Road Condition,1,0,0,1,1,0,Low
2021,4,Sunday,3,Balochistan,Gwadar,Rural Road,Poor,Clear,No Light,Motorcycle,1,Driver Fatigue,0,1,1,0,5,0,Medium
2018,1,Wednesday,20,Punjab,Rawalpindi,National Highway,Good,Rainy,No Light,Truck/Lorry,2,Over Speeding,1,0,0,1,5,1,High
2022,1,Saturday,10,Punjab,Rahim Yar Khan,Urban Road,Average,Rainy,Daylight,Car/Taxi,2,Wrong Overtaking,0,1,0,1,3,0,Medium
2022,3,Tuesday,5,Punjab,Sargodha,Urban Road,Average,Clear,Dawn/Dusk,Motorcycle,2,Wrong Overtaking,0,0,1,0,4,4,High
2021,1,Sunday,17,Punjab,Rawalpindi,National Highway,Good,Clear,Daylight,Car/Taxi,4,Mechanical Failure,1,1,0,1,3,1,Medium
2021,7,Wednesday,18,KPK,Bannu,Rural Road,Good,Foggy,Daylight,Bus/Coach,1,Signal Violation,1,0,0,0,0,0,Low
2021,1,Monday,20,Sindh,Dadu,Provincial Highway,Average,Rainy,Street Light,Car/Taxi,1,Drunk Driving,1,0,0,1,4,0,Medium
2023,7,Monday,14,Punjab,Sialkot,Provincial Highway,Poor,Foggy,Street Light,Bus/Coach,1,Pedestrian Error,0,0,0,0,5,2,Medium
2020,10,Thursday,22,Balochistan,Loralai,Urban Road,Average,Rainy,Street Light,Motorcycle,1,Wrong Overtaking,0,0,1,0,7,0,High
2022,9,Tuesday,12,KPK,Abbottabad,Provincial Highway,Good,Extreme Heat,Daylight,Car/Taxi,2,Over Speeding,1,0,0,0,1,0,Low
2021,1,Sunday,20,KPK,Abbottabad,National Highway,Average,Rainy,Street Light,Van/Pickup,2,Over Speeding,1,1,0,1,8,0,High
2020,10,Wednesday,22,Balochistan,Quetta,Urban Road,Poor,Dusty/Smoggy,Street Light,Bicycle,2,Drunk Driving,0,0,1,0,7,0,High
2022,12,Tuesday,16,Sindh,Nawabshah,Urban Road,Good,Foggy,Daylight,Car/Taxi,2,Over Speeding,0,0,0,1,4,0,Medium
2022,6,Saturday,20,Sindh,Sukkur,Urban Road,Average,Dusty/Smoggy,Street Light,Motorcycle,2,Mechanical Failure,1,1,0,0,3,1,Medium
2020,12,Monday,18,Punjab,Lahore,Rural Road,Poor,Extreme Heat,Street Light,Motorcycle,1,Signal Violation,1,0,0,1,5,0,Medium
2019,6,Monday,11,Punjab,Bahawalpur,Provincial Highway,Poor,Dusty/Smoggy,Daylight,Motorcycle,1,Pedestrian Error,0,0,0,0,3,0,Medium
2023,2,Saturday,20,Sindh,Thatta,Urban Road,Poor,Clear,No Light,Car/Taxi,2,Mechanical Failure,1,1,0,1,0,0,Low
2023,11,Friday,15,Balochistan,Chaman,Motorway,Poor,Clear,Daylight,Motorcycle,2,Road Condition,0,0,0,1,2,0,Medium
2022,2,Tuesday,0,Sindh,Thatta,National Highway,Poor,Clear,No Light,Car/Taxi,2,Over Speeding,0,0,1,1,5,1,Medium
2019,4,Monday,12,Balochistan,Hub,Rural Road,Average,Clear,Dawn/Dusk,Motorcycle,1,Weather Condition,1,0,0,0,0,0,Low
2023,5,Friday,20,Punjab,Sargodha,National Highway,Good,Foggy,Street Light,Motorcycle,2,Signal Violation,1,0,0,0,3,2,High
2019,9,Monday,11,KPK,Abbottabad,Provincial Highway,Good,Dusty/Smoggy,Daylight,Truck/Lorry,3,Pedestrian Error,0,0,0,0,2,0,Low
2022,11,Thursday,5,Sindh,Kashmore,Provincial Highway,Good,Clear,Dawn/Dusk,Bicycle,4,Driver Fatigue,0,0,1,1,5,2,High
2018,1,Saturday,12,KPK,Mardan,Urban Road,Good,Rainy,Daylight,Bus/Coach,2,Drunk Driving,1,1,0,1,4,2,High
2022,12,Sunday,20,Sindh,Nawabshah,Urban Road,Good,Clear,Street Light,Motorcycle,2,Wrong Overtaking,1,1,0,1,1,0,Medium
2023,2,Wednesday,21,Punjab,Lahore,Urban Road,Poor,Clear,No Light,Rickshaw,1,Mechanical Failure,0,0,0,1,2,0,Low
2022,8,Monday,21,Punjab,Faisalabad,Provincial Highway,Average,Foggy,Street Light,Other,1,Wrong Overtaking,0,0,0,0,0,0,Low
2021,1,Wednesday,19,AJK,Rawalakot,National Highway,Average,Clear,No Light,Motorcycle,4,Wrong Overtaking,1,0,0,1,2,0,Medium
2023,12,Monday,12,Punjab,Sheikhupura,Urban Road,Poor,Clear,Daylight,Motorcycle,2,Wrong Overtaking,1,0,0,1,1,0,Low
2022,3,Monday,21,Sindh,Jacobabad,National Highway,Good,Clear,No Light,Motorcycle,2,Signal Violation,0,0,0,0,8,4,High
2020,10,Saturday,19,Sindh,Kashmore,Provincial Highway,Average,Clear,Daylight,Car/Taxi,3,Driver Fatigue,1,1,0,0,1,1,Medium
2018,3,Friday,7,Punjab,Bahawalpur,National Highway,Poor,Clear,Daylight,Motorcycle,2,Pedestrian Error,1,0,0,0,5,1,Medium
2023,6,Saturday,17,KPK,Charsadda,National Highway,Good,Clear,Daylight,Motorcycle,2,Driver Fatigue,1,1,0,0,7,0,High
2020,2,Wednesday,21,KPK,Dera Ismail Khan,Provincial Highway,Poor,Dusty/Smoggy,Street Light,Truck/Lorry,2,Over Speeding,0,0,0,1,10,2,High
2020,9,Wednesday,9,Balochistan,Khuzdar,Urban Road,Poor,Clear,Street Light,Bus/Coach,3,Over Speeding,1,0,0,0,1,1,Medium
2023,6,Tuesday,23,Punjab,Sialkot,Provincial Highway,Poor,Clear,Street Light,Motorcycle,2,Mechanical Failure,0,0,1,0,3,1,Medium
2019,12,Wednesday,3,Sindh,Hyderabad,Provincial Highway,Average,Clear,No Light,Truck/Lorry,2,Signal Violation,0,0,1,1,2,0,Medium
2022,7,Sunday,21,Balochistan,Sibi,Urban Road,Average,Clear,Street Light,Rickshaw,2,Over Speeding,0,1,0,0,1,0,Low
2023,10,Saturday,6,Gilgit-Baltistan,Hunza,National Highway,Good,Clear,Daylight,Motorcycle,3,Over Speeding,0,1,0,0,2,0,High
2022,12,Wednesday,16,Islamabad,Islamabad,National Highway,Poor,Clear,Daylight,Motorcycle,4,Road Condition,0,0,0,1,4,0,Medium
2022,12,Thursday,7,KPK,Abbottabad,Rural Road,Poor,Clear,Daylight,Car/Taxi,1,Road Condition,1,0,0,1,1,0,Low
2023,6,Thursday,7,Punjab,Sialkot,Provincial Highway,Average,Extreme Heat,Daylight,Motorcycle,3,Signal Violation,1,0,0,0,5,1,Medium
2023,12,Friday,9,Punjab,Rahim Yar Khan,Provincial Highway,Poor,Clear,Daylight,Car/Taxi,3,Wrong Overtaking,1,0,0,1,2,0,Low
2023,6,Friday,7,KPK,Peshawar,Rural Road,Good,Clear,Daylight,Motorcycle,2,Wrong Overtaking,1,0,0,0,1,0,Medium
2018,5,Wednesday,7,Balochistan,Loralai,National Highway,Good,Dusty/Smoggy,Daylight,Truck/Lorry,2,Drunk Driving,1,0,0,0,2,0,Medium
2019,10,Saturday,1,KPK,Bannu,Rural Road,Average,Foggy,No Light,Motorcycle,4,Mobile Phone Use,0,1,1,0,1,1,Medium
2023,1,Sunday,20,Punjab,Gujranwala,Urban Road,Average,Foggy,No Light,Truck/Lorry,1,Over Speeding,1,1,0,1,3,0,High
2021,2,Tuesday,12,Sindh,Dadu,Rural Road,Good,Clear,Dawn/Dusk,Bicycle,3,Road Condition,1,0,0,1,1,0,Low
2022,1,Tuesday,20,Punjab,Bahawalpur,Provincial Highway,Good,Clear,Street Light,Motorcycle,2,Over Speeding,1,0,0,1,5,1,Medium
2018,6,Wednesday,15,Sindh,Thatta,National Highway,Good,Extreme Heat,Daylight,Motorcycle,4,Signal Violation,0,0,0,0,3,2,Medium
2020,4,Sunday,4,Punjab,Sialkot,Urban Road,Poor,Clear,No Light,Car/Taxi,2,Signal Violation,0,1,1,0,1,1,Low
2019,7,Friday,11,Balochistan,Khuzdar,Provincial Highway,Poor,Clear,Street Light,Motorcycle,1,Mechanical Failure,0,0,0,0,1,1,Medium
2019,2,Saturday,9,Punjab,Multan,Urban Road,Under Repair,Rainy,Daylight,Car/Taxi,1,Drunk Driving,1,1,0,1,2,1,Low
2021,1,Saturday,12,Sindh,Karachi,National Highway,Poor,Clear,Daylight,Rickshaw,2,Driver Fatigue,1,1,0,1,5,1,Medium
2020,8,Wednesday,17,Punjab,Sialkot,Urban Road,Average,Clear,Daylight,Motorcycle,2,Wrong Overtaking,1,0,0,0,1,0,Medium
2022,12,Wednesday,18,KPK,Nowshera,National Highway,Poor,Dusty/Smoggy,Daylight,Truck/Lorry,1,Wrong Overtaking,1,0,0,1,4,2,Medium
2018,5,Thursday,9,Sindh,Kashmore,National Highway,Average,Rainy,Daylight,Car/Taxi,2,Mechanical Failure,1,0,0,0,1,0,Medium
2023,6,Friday,14,Islamabad,Islamabad,Provincial Highway,Good,Dusty/Smoggy,Daylight,Motorcycle,1,Driver Fatigue,0,0,0,0,10,1,High
2021,7,Saturday,23,Punjab,Sheikhupura,Rural Road,Average,Clear,Street Light,Motorcycle,2,Wrong Overtaking,0,1,1,0,4,0,Medium
2018,4,Thursday,11,Punjab,Gujranwala,Provincial Highway,Good,Rainy,Street Light,Car/Taxi,1,Pedestrian Error,0,0,0,0,2,0,Low
2021,3,Thursday,17,KPK,Mardan,Provincial Highway,Good,Dusty/Smoggy,Daylight,Car/Taxi,3,Over Speeding,1,0,0,0,0,0,Low
2023,11,Thursday,8,Punjab,Sargodha,National Highway,Good,Clear,Daylight,Rickshaw,3,Mechanical Failure,1,0,0,1,1,0,Low
2022,8,Friday,10,Punjab,Sargodha,Urban Road,Poor,Rainy,Daylight,Car/Taxi,1,Over Speeding,0,0,0,0,2,0,Medium
2022,4,Sunday,8,Sindh,Mirpur Khas,Rural Road,Good,Foggy,Daylight,Rickshaw,3,Drunk Driving,1,1,0,0,1,0,Low
2020,7,Saturday,2,Sindh,Hyderabad,Provincial Highway,Good,Clear,Street Light,Car/Taxi,2,Mechanical Failure,0,1,1,0,0,1,Low
2021,8,Monday,20,Punjab,Sargodha,Urban Road,Average,Clear,No Light,Motorcycle,1,Road Condition,1,0,0,0,1,0,Low
2021,5,Saturday,13,Punjab,Lahore,Rural Road,Average,Clear,Daylight,Rickshaw,4,Pedestrian Error,1,1,0,0,1,0,Low
2021,2,Thursday,5,KPK,Mansehra,Provincial Highway,Good,Clear,No Light,Car/Taxi,1,Wrong Overtaking,0,0,1,1,5,0,Medium
2021,6,Wednesday,20,Sindh,Nawabshah,Urban Road,Poor,Clear,No Light,Motorcycle,4,Signal Violation,1,0,0,0,5,1,Medium
2018,6,Saturday,16,Punjab,Sialkot,Urban Road,Poor,Rainy,Dawn/Dusk,Rickshaw,3,Pedestrian Error,0,1,0,0,1,0,Low
2018,2,Saturday,21,Punjab,Rawalpindi,Rural Road,Good,Foggy,No Light,Motorcycle,3,Wrong Overtaking,0,1,0,1,2,1,Medium
2023,9,Monday,13,Sindh,Sukkur,National Highway,Average,Rainy,Daylight,Bus/Coach,1,Mechanical Failure,1,0,0,0,4,1,Medium
2020,9,Friday,19,Punjab,Lahore,National Highway,Under Repair,Clear,Street Light,Rickshaw,3,Mechanical Failure,1,0,0,0,0,1,Low
2018,8,Saturday,6,KPK,Swat,Motorway,Average,Extreme Heat,Daylight,Motorcycle,1,Over Speeding,0,1,0,0,9,2,High
2018,8,Sunday,13,KPK,Nowshera,Motorway,Average,Rainy,Daylight,Bus/Coach,2,Over Speeding,1,1,0,0,3,4,High
2022,8,Wednesday,6,Sindh,Karachi,Rural Road,Under Repair,Clear,Daylight,Rickshaw,2,Signal Violation,0,0,0,0,0,0,Low
2020,4,Tuesday,11,Balochistan,Dera Bugti,Provincial Highway,Average,Foggy,No Light,Motorcycle,2,Over Speeding,0,0,0,0,10,2,High
2022,5,Sunday,11,Punjab,Rahim Yar Khan,Provincial Highway,Good,Clear,Daylight,Van/Pickup,3,Road Condition,0,1,0,0,2,1,Low
2022,10,Friday,16,Punjab,Faisalabad,Urban Road,Good,Clear,Daylight,Motorcycle,1,Road Condition,0,0,0,0,1,0,Low
2020,5,Wednesday,14,KPK,Dera Ismail Khan,National Highway,Average,Foggy,Daylight,Motorcycle,2,Drunk Driving,0,0,0,0,6,1,High
2023,12,Sunday,17,Sindh,Hyderabad,Rural Road,Poor,Clear,Daylight,Motorcycle,3,Over Speeding,1,1,0,1,3,2,Medium
2022,12,Saturday,8,Punjab,Gujranwala,Rural Road,Good,Clear,Daylight,Car/Taxi,2,Over Speeding,1,1,0,1,0,0,Low
2019,9,Friday,13,Punjab,Bahawalpur,Urban Road,Good,Clear,Daylight,Rickshaw,1,Wrong Overtaking,1,0,0,0,1,0,Low
2021,11,Friday,15,Punjab,Gujranwala,Rural Road,Good,Foggy,Street Light,Motorcycle,2,Pedestrian Error,0,0,0,1,4,0,Medium
2022,2,Wednesday,22,Punjab,Lahore,Urban Road,Under Repair,Rainy,Street Light,Motorcycle,4,Signal Violation,0,0,1,1,7,2,High
2021,7,Thursday,9,KPK,Peshawar,National Highway,Poor,Clear,Daylight,Bus/Coach,3,Over Speeding,1,0,0,0,9,1,High
2019,1,Friday,22,Sindh,Mirpur Khas,National Highway,Under Repair,Clear,No Light,Rickshaw,3,Wrong Overtaking,0,0,1,1,2,0,Medium
2020,6,Friday,8,Sindh,Hyderabad,Urban Road,Average,Clear,Daylight,Bicycle,3,Pedestrian Error,1,0,0,0,1,0,Low
2021,9,Saturday,23,Punjab,Rawalpindi,Motorway,Average,Clear,Street Light,Bus/Coach,1,Pedestrian Error,0,1,1,0,4,0,Medium
2019,1,Saturday,13,Punjab,Faisalabad,National Highway,Average,Clear,Daylight,Motorcycle,1,Pedestrian Error,1,1,0,1,7,3,High
2021,12,Friday,8,Punjab,Sheikhupura,Urban Road,Good,Extreme Heat,Street Light,Car/Taxi,1,Pedestrian Error,1,0,0,1,1,1,Low
2021,11,Sunday,19,Punjab,Gujranwala,Urban Road,Good,Rainy,Dawn/Dusk,Car/Taxi,1,Wrong Overtaking,1,1,0,1,1,0,Low
2019,8,Saturday,8,Punjab,Lahore,Rural Road,Average,Foggy,Daylight,Car/Taxi,3,Wrong Overtaking,1,1,0,0,5,0,Medium
2023,8,Wednesday,14,Punjab,Rawalpindi,Rural Road,Good,Foggy,Dawn/Dusk,Car/Taxi,2,Road Condition,0,0,0,0,0,1,Low
2018,1,Tuesday,21,Sindh,Thatta,National Highway,Under Repair,Clear,No Light,Motorcycle,2,Signal Violation,0,0,0,1,9,1,High
2018,7,Friday,12,KPK,Swat,National Highway,Under Repair,Clear,Street Light,Car/Taxi,2,Over Speeding,1,0,0,0,1,0,Medium
2020,6,Friday,13,Punjab,Bahawalpur,National Highway,Poor,Rainy,Daylight,Car/Taxi,1,Wrong Overtaking,1,0,0,0,7,1,High
2022,3,Monday,19,Islamabad,Islamabad,Rural Road,Good,Foggy,No Light,Motorcycle,3,Pedestrian Error,1,0,0,0,5,1,Medium
2023,6,Wednesday,14,KPK,Peshawar,National Highway,Good,Rainy,Daylight,Motorcycle,1,Mechanical Failure,0,0,0,0,6,1,High
2022,12,Saturday,12,AJK,Mirpur,National Highway,Poor,Clear,Daylight,Motorcycle,1,Drunk Driving,1,1,0,1,8,1,High
2022,7,Saturday,15,Balochistan,Sibi,National Highway,Average,Clear,No Light,Motorcycle,1,Over Speeding,0,1,0,0,2,0,High
2022,5,Wednesday,15,Sindh,Jacobabad,Provincial Highway,Good,Foggy,Street Light,Car/Taxi,3,Over Speeding,0,0,0,0,11,2,High
2022,6,Tuesday,7,Sindh,Sukkur,Urban Road,Good,Dusty/Smoggy,No Light,Car/Taxi,1,Wrong Overtaking,1,0,0,0,1,0,Low