year,month,day_of_week,hour_of_day,province,district,road_type,road_condition,weather_condition,lighting_condition,vehicle_type,vehicles_involved,accident_cause,is_rush_hour,is_weekend,is_night,is_foggy_month,num_injured,num_killed,severity
2022,10,Saturday,8,Punjab,Faisalabad,National Highway,Average,Clear,No Light,Car/Taxi,2,Mobile Phone Use,1,1,0,0,2,0,Low
2018,6,Thursday,16,KPK,Peshawar,National Highway,Good,Clear,Daylight,Motorcycle,2,Pedestrian Error,0,0,0,0,5,1,Medium
2022,2,Wednesday,15,Sindh,Kashmore,National Highway,Poor,Foggy,Daylight,Motorcycle,2,Mobile Phone Use,0,0,0,1,2,2,High
2023,8,Tuesday,12,Sindh,Kashmore,Provincial Highway,Average,Rainy,Daylight,Motorcycle,1,Wrong Overtaking,1,0,0,0,3,0,High
2018,12,Wednesday,16,KPK,Nowshera,Provincial Highway,Average,Foggy,No Light,Motorcycle,2,Over Speeding,0,0,0,1,9,2,High
2019,10,Wednesday,18,Sindh,Karachi,Urban Road,Under Repair,Foggy,Dawn/Dusk,Car/Taxi,3,Over Speeding,1,0,0,0,3,1,Medium
2023,5,Sunday,8,Sindh,Nawabshah,Provincial Highway,Good,Clear,Daylight,Motorcycle,2,Over Speeding,1,1,0,0,9,1,High
2020,8,Wednesday,10,Punjab,Lahore,National Highway,Poor,Rainy,Daylight,Car/Taxi,2,Weather Condition,0,0,0,0,2,0,Low
2019,1,Tuesday,12,KPK,Dera Ismail Khan,Rural Road,Good,Clear,Daylight,Truck/Lorry,2,Drunk Driving,1,0,0,1,5,2,Medium
2022,9,Friday,19,Balochistan,Gwadar,Provincial Highway,Average,Foggy,No Light,Other,3,Over Speeding,1,0,0,0,1,0,Medium
2020,3,Tuesday,11,Balochistan,Hub,Urban Road,Good,Clear,Daylight,Car/Taxi,2,Signal Violation,0,0,0,0,1,0,Low
2021,1,Sunday,1,KPK,Peshawar,Urban Road,Poor,Clear,No Light,Car/Taxi,2,Over Speeding,0,1,1,1,4,1,Medium
2023,1,Thursday,17,Punjab,Bahawalpur,National Highway,Good,Rainy,Daylight,Car/Taxi,3,Mechanical Failure,1,0,0,1,2,1,Medium
2021,12,Sunday,12,Balochistan,Loralai,Provincial Highway,Good,Clear,Daylight,Car/Taxi,2,Wrong Overtaking,1,1,0,1,1,1,Low
2022,7,Thursday,12,Punjab,Lahore,Provincial Highway,Under Repair,Dusty/Smoggy,Daylight,Motorcycle,3,Over Speeding,1,0,0,0,3,1,High
2019,7,Thursday,22,Balochistan,Hub,Rural Road,Poor,Rainy,Street Light,Motorcycle,2,Driver Fatigue,0,0,1,0,10,1,High
2022,1,Thursday,13,Punjab,Multan,Provincial Highway,Good,Clear,Daylight,Other,4,Mobile Phone Use,1,0,0,1,2,0,Low
2021,6,Sunday,20,Sindh,Karachi,National Highway,Average,Clear,Street Light,Car/Taxi,2,Wrong Overtaking,1,1,0,0,4,0,Medium
2018,7,Thursday,7,KPK,Swat,Rural Road,Average,Rainy,Daylight,Motorcycle,2,Over Speeding,1,0,0,0,7,0,High
2023,6,Monday,14,Sindh,Larkana,Rural Road,Poor,Clear,Daylight,Car/Taxi,1,Over Speeding,0,0,0,0,1,0,Low
2022,5,Saturday,7,Punjab,Sialkot,Urban Road,Average,Clear,Daylight,Motorcycle,2,Over Speeding,1,1,0,0,1,1,Medium
2021,2,Monday,15,KPK,Swat,Urban Road,Average,Clear,Daylight,Rickshaw,2,Mobile Phone Use,0,0,0,1,2,0,Low
2018,12,Saturday,3,Sindh,Mirpur Khas,Rural Road,Poor,Foggy,Street Light,Van/Pickup,1,Over Speeding,0,1,1,1,10,0,High
2021,5,Saturday,12,Punjab,Rahim Yar Khan,National Highway,Under Repair,Clear,Daylight,Rickshaw,4,Mechanical Failure,1,1,0,0,1,0,Low
2023,5,Sunday,14,Sindh,Sukkur,Urban Road,Average,Clear,Street Light,Car/Taxi,2,Wrong Overtaking,0,1,0,0,0,0,Low
2023,4,Saturday,2,Punjab,Sargodha,National Highway,Good,Clear,No Light,Truck/Lorry,1,Mechanical Failure,0,1,1,0,8,2,High
2018,8,Thursday,20,KPK,Abbottabad,Urban Road,Poor,Foggy,Street Light,Motorcycle,3,Over Speeding,1,0,0,0,6,1,High
2021,1,Tuesday,9,Punjab,Gujranwala,National Highway,Poor,Dusty/Smoggy,Daylight,Bus/Coach,4,Signal Violation,1,0,0,1,2,0,Medium
2022,12,Monday,20,Sindh,Hyderabad,Urban Road,Poor,Clear,Street Light,Bus/Coach,2,Wrong Overtaking,1,0,0,1,1,0,Low
2021,10,Thursday,12,Punjab,Rahim Yar Khan,National Highway,Good,Rainy,Daylight,Motorcycle,4,Driver Fatigue,1,0,0,0,10,4,High
2020,9,Tuesday,10,Punjab,Rahim Yar Khan,Rural Road,Good,Clear,Street Light,Motorcycle,2,Over Speeding,0,0,0,0,1,0,Medium
2018,1,Saturday,7,Sindh,Thatta,National Highway,Average,Rainy,Daylight,Car/Taxi,1,Signal Violation,1,1,0,1,8,0,High
2019,3,Sunday,10,Sindh,Larkana,Provincial Highway,Average,Clear,Daylight,Car/Taxi,3,Road Condition,0,1,0,0,0,0,Low
2023,11,Friday,8,Islamabad,Islamabad,Rural Road,Under Repair,Clear,Street Light,Van/Pickup,1,Mechanical Failure,1,0,0,1,1,0,Low
2018,7,Wednesday,19,KPK,Peshawar,Urban Road,Poor,Clear,Daylight,Rickshaw,1,Wrong Overtaking,1,0,0,0,0,0,Low
2019,1,Friday,14,KPK,Mardan,Rural Road,Good,Clear,Daylight,Motorcycle,1,Wrong Overtaking,0,0,0,1,1,0,Low
2018,12,Sunday,18,Sindh,Jacobabad,Urban Road,Good,Rainy,Daylight,Truck/Lorry,2,Mechanical Failure,1,1,0,1,1,0,Low
2021,7,Friday,11,Punjab,Sargodha,Provincial Highway,Average,Clear,Daylight,Motorcycle,3,Pedestrian Error,0,0,0,0,1,0,Low
2022,8,Sunday,18,Punjab,Faisalabad,Provincial Highway,Good,Clear,Daylight,Rickshaw,3,Road Condition,1,1,0,0,1,0,Low
2022,3,Saturday,18,Punjab,Bahawalpur,National Highway,Good,Rainy,Daylight,Motorcycle,2,Wrong Overtaking,1,1,0,0,8,0,High
2020,6,Monday,17,Balochistan,Quetta,Provincial Highway,Poor,Clear,Daylight,Van/Pickup,3,Wrong Overtaking,1,0,0,0,2,0,Low
2018,3,Tuesday,10,Punjab,Multan,Rural Road,Good,Clear,Daylight,Car/Taxi,2,Over Speeding,0,0,0,0,0,0,Low
2023,2,Saturday,17,Sindh,Thatta,Urban Road,Average,Clear,Street Light,Bus/Coach,2,Wrong Overtaking,1,1,0,1,2,0,Low
2023,10,Tuesday,13,Punjab,Gujranwala,National Highway,Good,Rainy,Street Light,Bus/Coach,2,Driver Fatigue,1,0,0,0,10,1,High
2023,9,Sunday,15,Punjab,Bahawalpur,National Highway,Poor,Rainy,Daylight,Rickshaw,3,Signal Violation,0,1,0,0,3,2,Medium
2019,3,Friday,21,Punjab,Bahawalpur,Urban Road,Average,Extreme Heat,Street Light,Rickshaw,2,Wrong Overtaking,0,0,0,0,0,0,Low
2019,11,Monday,13,Sindh,Dadu,National Highway,Good,Clear,Daylight,Bus/Coach,1,Road Condition,1,0,0,1,5,0,Medium
2021,7,Tuesday,5,Sindh,Karachi,Provincial Highway,Good,Foggy,No Light,Motorcycle,1,Over Speeding,0,0,1,0,5,4,High
2018,2,Sunday,15,Sindh,Karachi,Rural Road,Good,Dusty/Smoggy,Daylight,Bus/Coach,2,Road Condition,0,1,0,1,0,0,Low
2019,6,Tuesday,16,Sindh,Dadu,Rural Road,Good,Foggy,Daylight,Car/Taxi,1,Road Condition,0,0,0,0,0,1,Low
2023,3,Saturday,12,KPK,Nowshera,National Highway,Poor,Rainy,Daylight,Motorcycle,3,Over Speeding,1,1,0,0,4,0,High
2019,4,Friday,9,KPK,Bannu,Urban Road,Average,Clear,Daylight,Car/Taxi,3,Road Condition,1,0,0,0,2,0,Low
2021,1,Tuesday,17,KPK,Mardan,Urban Road,Good,Clear,Daylight,Motorcycle,2,Wrong Overtaking,1,0,0,1,2,0,Low
2018,9,Saturday,22,Sindh,Thatta,National Highway,Good,Clear,Street Light,Car/Taxi,4,Mechanical Failure,0,1,1,0,3,0,Medium
2021,3,Thursday,15,Punjab,Lahore,National Highway,Poor,Foggy,Daylight,Car/Taxi,2,Signal Violation,0,0,0,0,9,2,High
2019,3,Sunday,7,Islamabad,Islamabad,Provincial Highway,Good,Clear,Daylight,Car/Taxi,2,Wrong Overtaking,1,1,0,0,2,0,Low
2021,5,Friday,20,Punjab,Multan,Motorway,Average,Rainy,No Light,Motorcycle,2,Mechanical Failure,1,0,0,0,2,0,Medium
2022,7,Wednesday,7,Punjab,Bahawalpur,Rural Road,Good,Clear,Daylight,Motorcycle,1,Over Speeding,1,0,0,0,2,0,Medium
2023,10,Thursday,18,Punjab,Multan,National Highway,Good,Clear,Daylight,Bus/Coach,3,Over Speeding,1,0,0,0,5,2,High
2023,1,Friday,10,Sindh,Sukkur,Rural Road,Good,Clear,No Light,Motorcycle,2,Wrong Overtaking,0,0,0,1,2,0,Low
2023,6,Saturday,7,Punjab,Sargodha,Urban Road,Good,Clear,Daylight,Rickshaw,3,Over Speeding,1,1,0,0,1,0,Low
2023,6,Monday,2,KPK,Kohat,Provincial Highway,Good,Clear,Street Light,Motorcycle,1,Over Speeding,0,0,1,0,5,2,High
2022,8,Sunday,8,Sindh,Karachi,Provincial Highway,Good,Clear,Daylight,Rickshaw,2,Signal Violation,1,1,0,0,0,0,Low
2023,10,Wednesday,18,Sindh,Larkana,Urban Road,Poor,Extreme Heat,Daylight,Motorcycle,4,Over Speeding,1,0,0,0,3,0,Medium
2023,1,Saturday,15,Sindh,Larkana,Provincial Highway,Good,Clear,Daylight,Motorcycle,1,Wrong Overtaking,0,1,0,1,5,0,Medium
2022,4,Tuesday,10,Sindh,Karachi,Provincial Highway,Average,Dusty/Smoggy,Daylight,Truck/Lorry,3,Signal Violation,0,0,0,0,3,0,Medium
2023,1,Tuesday,11,Punjab,Rahim Yar Khan,Provincial Highway,Poor,Extreme Heat,Daylight,Motorcycle,2,Over Speeding,0,0,0,1,3,1,High
2018,9,Saturday,19,Punjab,Gujranwala,Urban Road,Good,Foggy,Daylight,Bicycle,2,Mechanical Failure,1,1,0,0,4,0,Medium
2023,7,Friday,1,Punjab,Faisalabad,Provincial Highway,Good,Clear,No Light,Bus/Coach,2,Over Speeding,0,0,1,0,8,2,High
2023,11,Thursday,5,KPK,Charsadda,Rural Road,Good,Clear,Dawn/Dusk,Rickshaw,1,Road Condition,0,0,1,1,2,0,Low
2021,2,Monday,15,Sindh,Dadu,Urban Road,Poor,Dusty/Smoggy,Street Light,Car/Taxi,3,Wrong Overtaking,0,0,0,1,2,0,Low
2020,3,Tuesday,9,Sindh,Hyderabad,Provincial Highway,Good,Extreme Heat,Dawn/Dusk,Car/Taxi,2,Driver Fatigue,1,0,0,0,3,0,Medium
2022,11,Sunday,3,Sindh,Kashmore,Urban Road,Poor,Clear,No Light,Truck/Lorry,1,Wrong Overtaking,0,1,1,1,4,0,Medium
2019,6,Tuesday,12,Sindh,Kashmore,Rural Road,Average,Clear,Daylight,Bus/Coach,2,Signal Violation,1,0,0,0,0,0,Low
2020,8,Friday,22,Punjab,Multan,Provincial Highway,Average,Clear,Street Light,Rickshaw,2,Over Speeding,0,0,1,0,2,0,Medium
2023,10,Saturday,20,Punjab,Faisalabad,Rural Road,Good,Clear,Street Light,Motorcycle,1,Over Speeding,1,1,0,0,9,3,High
2022,5,Tuesday,20,Balochistan,Hub,National Highway,Poor,Clear,Street Light,Motorcycle,4,Wrong Overtaking,1,0,0,0,10,0,High
2020,7,Thursday,21,Sindh,Jacobabad,National Highway,Poor,Rainy,Street Light,Van/Pickup,4,Signal Violation,0,0,0,0,4,2,Medium
2020,8,Thursday,18,KPK,Kohat,National Highway,Good,Foggy,Daylight,Motorcycle,3,Drunk Driving,1,0,0,0,9,1,High
2019,9,Tuesday,5,Sindh,Mirpur Khas,Provincial Highway,Good,Foggy,Street Light,Motorcycle,1,Mobile Phone Use,0,0,1,0,8,3,High
2018,6,Wednesday,14,KPK,Mardan,Rural Road,Poor,Clear,Street Light,Motorcycle,2,Wrong Overtaking,0,0,0,0,3,0,Medium
2019,8,Sunday,17,Sindh,Sukkur,National Highway,Average,Foggy,Daylight,Bus/Coach,1,Pedestrian Error,1,1,0,0,5,0,Medium
2021,7,Thursday,14,Punjab,Sialkot,Urban Road,Poor,Clear,Dawn/Dusk,Motorcycle,4,Pedestrian Error,0,0,0,0,1,0,Low
2022,2,Tuesday,15,Balochistan,Zhob,Rural Road,Good,Foggy,Daylight,Van/Pickup,1,Drunk Driving,0,0,0,1,0,0,Low
2023,9,Friday,19,Punjab,Lahore,Provincial Highway,Average,Clear,No Light,Truck/Lorry,2,Mechanical Failure,1,0,0,0,2,0,Medium
2023,2,Friday,16,Punjab,Lahore,Urban Road,Under Repair,Dusty/Smoggy,Daylight,Motorcycle,3,Pedestrian Error,0,0,0,1,2,2,Medium
2023,11,Thursday,9,Punjab,Rahim Yar Khan,Rural Road,Good,Foggy,Daylight,Motorcycle,3,Mechanical Failure,1,0,0,1,5,0,Medium
2020,1,Thursday,3,KPK,Bannu,Urban Road,Poor,Clear,Street Light,Motorcycle,2,Over Speeding,0,0,1,1,4,0,Medium
2019,12,Thursday,16,KPK,Mardan,Rural Road,Poor,Clear,Street Light,Motorcycle,2,Mechanical Failure,0,0,0,1,0,0,Low
2023,6,Tuesday,10,KPK,Mardan,National Highway,Good,Rainy,Dawn/Dusk,Rickshaw,2,Signal Violation,0,0,0,0,6,1,High
2018,1,Sunday,10,Balochistan,Sibi,National Highway,Average,Clear,Dawn/Dusk,Motorcycle,3,Over Speeding,0,1,0,1,11,2,High
2021,1,Monday,13,Punjab,Gujranwala,National Highway,Good,Clear,Daylight,Motorcycle,1,Wrong Overtaking,1,0,0,1,7,3,High
2021,11,Tuesday,6,Sindh,Nawabshah,Rural Road,Average,Dusty/Smoggy,Daylight,Truck/Lorry,4,Over Speeding,0,0,0,1,4,0,Medium
2023,10,Friday,12,Sindh,Sukkur,Provincial Highway,Poor,Clear,Daylight,Car/Taxi,2,Wrong Overtaking,1,0,0,0,3,2,Medium
2023,12,Tuesday,10,AJK,Rawalakot,Provincial Highway,Average,Rainy,Daylight,Car/Taxi,3,Over Speeding,0,0,0,1,5,1,Medium
2022,2,Friday,22,Punjab,Faisalabad,Rural Road,Good,Clear,Street Light,Rickshaw,1,Wrong Overtaking,0,0,1,1,0,0,Low
2023,4,Wednesday,20,Islamabad,Islamabad,Rural Road,Good,Clear,No Light,Motorcycle,2,Wrong Overtaking,1,0,0,0,4,0,Medium
2021,6,Monday,21,Punjab,Gujranwala,Provincial Highway,Average,Rainy,Street Light,Bus/Coach,2,Mobile Phone Use,0,0,0,0,5,0,Medium
2021,4,Sunday,12,KPK,Swat,Urban Road,Good,Dusty/Smoggy,Daylight,Motorcycle,4,Drunk Driving,1,1,0,0,9,0,High
2021,8,Friday,16,Sindh,Thatta,Provincial Highway,Good,Foggy,Daylight,Rickshaw,3,Drunk Driving,0,0,0,0,5,1,Medium
2022,5,Wednesday,14,KPK,Mardan,Provincial Highway,Under Repair,Clear,Daylight,Motorcycle,4,Pedestrian Error,0,0,0,0,4,0,Medium
2022,7,Thursday,12,Punjab,Lahore,Provincial Highway,Average,Foggy,Daylight,Other,1,Over Speeding,1,0,0,0,5,2,High
2023,6,Saturday,19,Punjab,Faisalabad,Urban Road,Good,Clear,Dawn/Dusk,Car/Taxi,1,Wrong Overtaking,1,1,0,0,2,0,Low
2020,6,Friday,22,Punjab,Faisalabad,National Highway,Good,Rainy,Street Light,Car/Taxi,1,Mechanical Failure,0,0,1,0,4,2,Medium
2022,6,Tuesday,4,Sindh,Thatta,National Highway,Average,Foggy,Street Light,Motorcycle,1,Signal Violation,0,0,1,0,7,1,High
2020,1,Monday,9,Sindh,Karachi,National Highway,Average,Clear,Daylight,Car/Taxi,2,Pedestrian Error,1,0,0,1,0,0,Low
2023,7,Thursday,11,Balochistan,Quetta,Rural Road,Good,Clear,Daylight,Truck/Lorry,3,Over Speeding,0,0,0,0,5,0,Medium
2022,4,Thursday,1,Sindh,Kashmore,Urban Road,Average,Clear,No Light,Car/Taxi,1,Over Speeding,0,0,1,0,4,1,Medium
2020,2,Tuesday,6,Punjab,Lahore,Provincial Highway,Poor,Foggy,Dawn/Dusk,Motorcycle,1,Drunk Driving,0,0,0,1,8,3,High
2021,2,Friday,16,Punjab,Rawalpindi,Urban Road,Poor,Clear,Daylight,Rickshaw,2,Signal Violation,0,0,0,1,0,0,Low
2022,8,Friday,8,Punjab,Gujranwala,Rural Road,Good,Foggy,Street Light,Truck/Lorry,2,Mechanical Failure,1,0,0,0,0,0,Low
2021,9,Friday,18,KPK,Charsadda,Provincial Highway,Average,Clear,Daylight,Motorcycle,2,Over Speeding,1,0,0,0,11,0,High
2018,5,Monday,14,KPK,Charsadda,National Highway,Good,Dusty/Smoggy,Daylight,Bicycle,1,Signal Violation,0,0,0,0,4,0,Medium
2018,8,Wednesday,6,Gilgit-Baltistan,Skardu,National Highway,Average,Foggy,Daylight,Motorcycle,1,Wrong Overtaking,0,0,0,0,3,2,High
2022,1,Saturday,14,Punjab,Gujranwala,Urban Road,Good,Clear,Street Light,Motorcycle,2,Wrong Overtaking,0,1,0,1,4,1,Medium
2023,12,Tuesday,12,Punjab,Gujranwala,National Highway,Good,Rainy,Daylight,Motorcycle,2,Over Speeding,1,0,0,1,9,1,High
2023,8,Wednesday,12,Punjab,Sargodha,Provincial Highway,Average,Clear,Daylight,Rickshaw,2,Wrong Overtaking,1,0,0,0,1,0,Low
2023,2,Monday,22,Sindh,Karachi,Rural Road,Average,Extreme Heat,Street Light,Motorcycle,2,Road Condition,0,0,1,1,4,2,Medium
2023,6,Tuesday,9,Islamabad,Islamabad,Urban Road,Good,Clear,Dawn/Dusk,Bicycle,1,Driver Fatigue,1,0,0,0,1,0,Medium
2021,4,Wednesday,21,Punjab,Lahore,National Highway,Good,Foggy,Street Light,Car/Taxi,2,Wrong Overtaking,0,0,0,0,11,0,High
2022,5,Thursday,20,Punjab,Lahore,Rural Road,Average,Dusty/Smoggy,Street Light,Car/Taxi,3,Over Speeding,1,0,0,0,2,0,Low
2021,10,Friday,17,KPK,Charsadda,National Highway,Average,Clear,Dawn/Dusk,Bicycle,2,Signal Violation,1,0,0,0,5,0,High
2023,1,Thursday,12,KPK,Charsadda,Provincial Highway,Average,Clear,Daylight,Car/Taxi,3,Over Speeding,1,0,0,1,3,1,Medium
2023,9,Sunday,7,Punjab,Multan,National Highway,Poor,Clear,Daylight,Motorcycle,2,Wrong Overtaking,1,1,0,0,4,1,Medium
2023,5,Tuesday,13,KPK,Kohat,Motorway,Average,Clear,Daylight,Rickshaw,2,Signal Violation,1,0,0,0,2,0,Medium
2021,7,Friday,20,Punjab,Sargodha,Rural Road,Average,Rainy,No Light,Motorcycle,2,Drunk Driving,1,0,0,0,3,2,High
2022,9,Thursday,18,Islamabad,Islamabad,Motorway,Good,Clear,Dawn/Dusk,Motorcycle,1,Signal Violation,1,0,0,0,6,2,High
2022,2,Saturday,11,Punjab,Sialkot,Urban Road,Average,Clear,Daylight,Motorcycle,4,Wrong Overtaking,0,1,0,1,0,0,Low
2020,11,Monday,11,Punjab,Faisalabad,Urban Road,Average,Clear,Daylight,Car/Taxi,2,Over Speeding,0,0,0,1,0,0,Low
2021,1,Wednesday,17,Punjab,Sargodha,National Highway,Good,Clear,Street Light,Bus/Coach,2,Signal Violation,1,0,0,1,7,2,High
2022,5,Sunday,21,Punjab,Faisalabad,Provincial Highway,Poor,Foggy,No Light,Bicycle,2,Wrong Overtaking,0,1,0,0,11,1,High
2021,11,Friday,7,Sindh,Larkana,Provincial Highway,Good,Clear,Daylight,Motorcycle,3,Over Speeding,1,0,0,1,5,1,Medium
2019,8,Monday,0,KPK,Swat,National Highway,Good,Clear,Street Light,Car/Taxi,2,Driver Fatigue,0,0,1,0,11,0,High
2021,7,Saturday,8,Sindh,Mirpur Khas,Provincial Highway,Good,Clear,Daylight,Car/Taxi,3,Wrong Overtaking,1,1,0,0,3,0,Medium
2022,10,Saturday,18,KPK,Peshawar,Urban Road,Good,Clear,Daylight,Car/Taxi,3,Wrong Overtaking,1,1,0,0,0,0,Low
2021,4,Thursday,19,Punjab,Rawalpindi,National Highway,Poor,Clear,Daylight,Motorcycle,3,Over Speeding,1,0,0,0,8,4,High
2023,12,Saturday,3,Punjab,Bahawalpur,National Highway,Good,Foggy,Street Light,Car/Taxi,2,Wrong Overtaking,0,1,1,1,2,3,High
2023,12,Wednesday,8,AJK,Mirpur,Provincial Highway,Average,Foggy,Daylight,Other,2,Pedestrian Error,1,0,0,1,1,1,Medium
2023,12,Saturday,15,KPK,Abbottabad,Rural Road,Average,Clear,Daylight,Motorcycle,2,Over Speeding,0,1,0,1,3,0,Medium
2018,3,Wednesday,3,Punjab,Faisalabad,Rural Road,Good,Rainy,No Light,Car/Taxi,1,Mechanical Failure,0,0,1,0,4,0,Medium
2018,6,Tuesday,14,Sindh,Nawabshah,National Highway,Average,Foggy,Daylight,Rickshaw,3,Road Condition,0,0,0,0,2,0,Low
2021,12,Friday,10,Sindh,Sukkur,Rural Road,Poor,Clear,Street Light,Van/Pickup,2,Signal Violation,0,0,0,1,2,0,Low
2022,9,Saturday,17,Punjab,Sargodha,Rural Road,Poor,Foggy,Daylight,Motorcycle,1,Wrong Overtaking,1,1,0,0,3,0,Medium
2018,6,Sunday,5,Sindh,Jacobabad,Provincial Highway,Good,Foggy,Dawn/Dusk,Motorcycle,2,Over Speeding,0,1,1,0,6,1,High
2021,1,Saturday,17,Sindh,Hyderabad,National Highway,Poor,Clear,Daylight,Rickshaw,1,Wrong Overtaking,1,1,0,1,3,0,Medium
2019,5,Sunday,9,Punjab,Multan,Provincial Highway,Poor,Rainy,Daylight,Motorcycle,1,Mechanical Failure,1,1,0,0,2,0,Medium
2023,7,Saturday,13,Punjab,Rawalpindi,Provincial Highway,Average,Foggy,Daylight,Motorcycle,2,Over Speeding,1,1,0,0,9,1,High
2023,1,Sunday,21,KPK,Charsadda,Urban Road,Poor,Foggy,Street Light,Van/Pickup,2,Signal Violation,0,1,0,1,1,1,Medium
2020,5,Wednesday,10,Punjab,Bahawalpur,Rural Road,Under Repair,Clear,Dawn/Dusk,Rickshaw,3,Mechanical Failure,0,0,0,0,1,0,Low
2018,9,Monday,21,Punjab,Multan,National Highway,Good,Rainy,No Light,Rickshaw,1,Signal Violation,0,0,0,0,4,0,Medium
2020,6,Sunday,18,KPK,Swat,Provincial Highway,Poor,Clear,Dawn/Dusk,Car/Taxi,3,Wrong Overtaking,1,1,0,0,5,0,Medium
2020,4,Sunday,22,KPK,Mansehra,Urban Road,Good,Clear,No Light,Motorcycle,3,Over Speeding,0,1,1,0,11,1,High
2022,1,Sunday,15,Punjab,Sialkot,Urban Road,Poor,Clear,Dawn/Dusk,Motorcycle,3,Road Condition,0,1,0,1,0,0,Low
2018,6,Wednesday,15,Balochistan,Zhob,Provincial Highway,Average,Foggy,Daylight,Motorcycle,2,Driver Fatigue,0,0,0,0,9,2,High
2022,11,Sunday,19,KPK,Mardan,Provincial Highway,Good,Foggy,No Light,Motorcycle,3,Road Condition,1,1,0,1,5,2,Medium
2021,5,Friday,20,Punjab,Bahawalpur,Provincial Highway,Good,Clear,No Light,Rickshaw,1,Over Speeding,1,0,0,0,4,2,Medium
2022,4,Saturday,20,Sindh,Jacobabad,Provincial Highway,Poor,Rainy,Street Light,Motorcycle,3,Signal Violation,1,1,0,0,9,1,High
2019,11,Monday,20,KPK,Mardan,Urban Road,Average,Clear,No Light,Motorcycle,2,Signal Violation,1,0,0,1,0,1,Low
2022,8,Tuesday,19,Punjab,Bahawalpur,National Highway,Good,Foggy,Dawn/Dusk,Motorcycle,1,Signal Violation,1,0,0,0,4,1,High
2022,3,Saturday,14,Sindh,Karachi,National Highway,Poor,Clear,No Light,Car/Taxi,2,Mechanical Failure,0,1,0,0,1,0,Medium
2020,6,Sunday,12,Sindh,Kashmore,National Highway,Good,Clear,Street Light,Car/Taxi,1,Signal Violation,1,1,0,0,3,0,Medium
2022,7,Thursday,8,Sindh,Jacobabad,National Highway,Good,Foggy,Daylight,Car/Taxi,3,Signal Violation,1,0,0,0,10,3,High
2022,2,Saturday,0,Sindh,Nawabshah,Urban Road,Good,Extreme Heat,Street Light,Motorcycle,3,Over Speeding,0,1,1,1,5,0,Medium
2019,5,Saturday,5,Sindh,Dadu,National Highway,Poor,Clear,Daylight,Motorcycle,1,Signal Violation,0,1,1,0,7,1,High
2020,1,Saturday,21,Punjab,Rawalpindi,Urban Road,Good,Clear,Street Light,Truck/Lorry,1,Over Speeding,0,1,0,1,3,0,Medium
2022,8,Friday,19,Punjab,Sheikhupura,Provincial Highway,Average,Clear,Dawn/Dusk,Motorcycle,3,Signal Violation,1,0,0,0,5,1,Medium
2023,5,Sunday,19,Sindh,Mirpur Khas,Rural Road,Average,Clear,Dawn/Dusk,Motorcycle,3,Driver Fatigue,1,1,0,0,8,1,High
2018,3,Saturday,12,KPK,Kohat,Rural Road,Under Repair,Clear,Daylight,Car/Taxi,4,Pedestrian Error,1,1,0,0,0,0,Low
2022,10,Wednesday,13,Sindh,Nawabshah,Rural Road,Good,Dusty/Smoggy,Daylight,Car/Taxi,2,Over Speeding,1,0,0,0,1,1,Medium
2018,3,Thursday,9,Sindh,Sukkur,Provincial Highway,Average,Foggy,Daylight,Car/Taxi,2,Over Speeding,1,0,0,0,2,0,Medium
2020,6,Saturday,9,AJK,Mirpur,Rural Road,Average,Clear,Daylight,Car/Taxi,1,Driver Fatigue,1,1,0,0,1,0,Low
2018,10,Tuesday,5,Punjab,Sialkot,National Highway,Good,Clear,Dawn/Dusk,Rickshaw,1,Wrong Overtaking,0,0,1,0,3,1,High
2023,11,Thursday,20,Punjab,Gujranwala,National Highway,Poor,Rainy,Street Light,Motorcycle,2,Mechanical Failure,1,0,0,1,1,1,Medium
2019,4,Saturday,19,Punjab,Rahim Yar Khan,National Highway,Poor,Clear,Daylight,Car/Taxi,1,Mechanical Failure,1,1,0,0,3,0,Medium
2022,5,Sunday,13,Punjab,Bahawalpur,Rural Road,Good,Extreme Heat,Daylight,Rickshaw,2,Drunk Driving,1,1,0,0,2,0,Low
2022,12,Wednesday,21,Sindh,Jacobabad,National Highway,Good,Clear,No Light,Car/Taxi,2,Signal Violation,0,0,0,1,5,2,Medium
2020,12,Monday,8,Punjab,Lahore,Provincial Highway,Under Repair,Extreme Heat,Street Light,Van/Pickup,3,Mechanical Failure,1,0,0,1,1,0,Low
2022,11,Saturday,16,Punjab,Sialkot,Rural Road,Average,Clear,Street Light,Van/Pickup,2,Over Speeding,0,1,0,1,0,0,Low
2022,8,Tuesday,10,Punjab,Gujranwala,Urban Road,Average,Rainy,Daylight,Motorcycle,1,Pedestrian Error,0,0,0,0,1,0,Low
2022,11,Saturday,18,KPK,Dera Ismail Khan,National Highway,Poor,Clear,Daylight,Motorcycle,2,Mobile Phone Use,1,1,0,1,9,0,High
2022,12,Tuesday,1,Balochistan,Sibi,National Highway,Poor,Rainy,Street Light,Motorcycle,2,Wrong Overtaking,0,0,1,1,7,2,High
2023,12,Monday,16,KPK,Abbottabad,Urban Road,Average,Foggy,Dawn/Dusk,Motorcycle,2,Pedestrian Error,0,0,0,1,3,0,Medium
2018,5,Wednesday,10,Punjab,Multan,National Highway,Average,Foggy,Daylight,Bus/Coach,1,Over Speeding,0,0,0,0,3,3,High
2023,9,Sunday,13,Sindh,Larkana,Provincial Highway,Under Repair,Clear,Dawn/Dusk,Car/Taxi,2,Pedestrian Error,1,1,0,0,1,0,Low