year,month,day_of_week,hour_of_day,province,district,road_type,road_condition,weather_condition,lighting_condition,vehicle_type,vehicles_involved,accident_cause,is_rush_hour,is_weekend,is_night,is_foggy_month,num_injured,num_killed,severity
2020,6,Friday,15,Punjab,Multan,Motorway,Average,Rainy,Daylight,Motorcycle,2,Signal Violation,0,0,0,0,2,0,High
2019,11,Tuesday,20,Punjab,Sheikhupura,Provincial Highway,Good,Clear,No Light,Van/Pickup,1,Road Condition,1,0,0,1,1,0,Low
2023,7,Sunday,3,KPK,Charsadda,National Highway,Good,Dusty/Smoggy,Street Light,Car/Taxi,1,Drunk Driving,0,1,1,0,2,0,Medium
2019,4,Sunday,20,Sindh,Dadu,National Highway,Poor,Clear,No Light,Car/Taxi,4,Over Speeding,1,1,0,0,4,2,Medium
2020,4,Friday,8,Punjab,Multan,National Highway,Poor,Extreme Heat,Daylight,Motorcycle,2,Signal Violation,1,0,0,0,11,3,High
2021,7,Friday,21,Sindh,Sukkur,Rural Road,Good,Clear,Street Light,Bicycle,3,Over Speeding,0,0,0,0,3,0,Medium
2021,5,Sunday,13,Punjab,Gujranwala,National Highway,Good,Clear,Dawn/Dusk,Rickshaw,2,Over Speeding,1,1,0,0,3,1,Medium
2021,7,Tuesday,12,Punjab,Faisalabad,National Highway,Good,Foggy,Daylight,Bus/Coach,1,Over Speeding,1,0,0,0,11,0,High
2020,9,Sunday,16,Sindh,Mirpur Khas,Urban Road,Average,Dusty/Smoggy,Daylight,Car/Taxi,3,Driver Fatigue,0,1,0,0,0,0,Low
2023,7,Monday,7,Punjab,Faisalabad,National Highway,Good,Clear,Street Light,Truck/Lorry,2,Over Speeding,1,0,0,0,4,0,Medium
2023,6,Thursday,13,Islamabad,Islamabad,National Highway,Poor,Clear,Street Light,Car/Taxi,2,Road Condition,1,0,0,0,1,0,Low
2018,1,Wednesday,19,Sindh,Kashmore,Provincial Highway,Poor,Rainy,Dawn/Dusk,Truck/Lorry,2,Mechanical Failure,1,0,0,1,1,1,Medium
2022,2,Thursday,1,Balochistan,Turbat,National Highway,Average,Clear,No Light,Van/Pickup,2,Mechanical Failure,0,0,1,1,0,0,Low
2021,6,Friday,10,KPK,Nowshera,National Highway,Good,Foggy,Dawn/Dusk,Truck/Lorry,1,Mechanical Failure,0,0,0,0,9,0,High
2022,6,Saturday,20,KPK,Dera Ismail Khan,Provincial Highway,Poor,Foggy,Street Light,Motorcycle,3,Pedestrian Error,1,1,0,0,9,1,High
2018,2,Thursday,22,Sindh,Larkana,National Highway,Good,Foggy,No Light,Motorcycle,2,Signal Violation,0,0,1,1,4,4,High
2020,7,Wednesday,7,Punjab,Sialkot,Provincial Highway,Good,Rainy,Daylight,Truck/Lorry,1,Wrong Overtaking,1,0,0,0,9,4,High
2019,10,Wednesday,11,Sindh,Dadu,Urban Road,Good,Clear,Daylight,Bus/Coach,2,Mobile Phone Use,0,0,0,0,1,0,Low
2021,8,Thursday,18,Punjab,Rahim Yar Khan,National Highway,Under Repair,Foggy,Daylight,Motorcycle,2,Road Condition,1,0,0,0,6,0,High
2020,8,Monday,6,Punjab,Rawalpindi,Urban Road,Under Repair,Clear,Daylight,Car/Taxi,2,Over Speeding,0,0,0,0,4,0,Medium
2018,11,Sunday,21,Sindh,Karachi,National Highway,Good,Extreme Heat,Street Light,Bus/Coach,1,Wrong Overtaking,0,1,0,1,1,0,Medium
2023,4,Tuesday,19,KPK,Abbottabad,Rural Road,Average,Rainy,No Light,Motorcycle,1,Weather Condition,1,0,0,0,5,0,Medium
2019,5,Friday,20,Islamabad,Islamabad,National Highway,Poor,Foggy,Street Light,Truck/Lorry,1,Over Speeding,1,0,0,0,9,1,High
2022,5,Monday,19,Punjab,Rawalpindi,Rural Road,Poor,Foggy,Dawn/Dusk,Car/Taxi,1,Over Speeding,1,0,0,0,2,0,Low
2022,1,Wednesday,6,Sindh,Sukkur,National Highway,Poor,Dusty/Smoggy,Daylight,Motorcycle,1,Over Speeding,0,0,0,1,3,1,High
2021,2,Thursday,7,Balochistan,Gwadar,Urban Road,Average,Rainy,Dawn/Dusk,Car/Taxi,2,Over Speeding,1,0,0,1,4,1,Medium
2022,4,Wednesday,17,Punjab,Rawalpindi,National Highway,Good,Clear,Daylight,Motorcycle,3,Pedestrian Error,1,0,0,0,5,2,Medium
2021,7,Saturday,21,Punjab,Gujranwala,Provincial Highway,Under Repair,Foggy,No Light,Motorcycle,1,Wrong Overtaking,0,1,0,0,4,1,Medium
2021,7,Monday,17,Punjab,Bahawalpur,Provincial Highway,Average,Clear,Dawn/Dusk,Motorcycle,2,Pedestrian Error,1,0,0,0,4,1,Medium
2020,3,Saturday,19,Balochistan,Khuzdar,Provincial Highway,Average,Clear,Dawn/Dusk,Rickshaw,2,Drunk Driving,1,1,0,0,2,0,Medium
2018,1,Tuesday,11,Punjab,Rahim Yar Khan,National Highway,Good,Dusty/Smoggy,Daylight,Motorcycle,2,Over Speeding,0,0,0,1,8,1,High
2022,8,Monday,16,Punjab,Sialkot,National Highway,Good,Clear,Daylight,Car/Taxi,3,Wrong Overtaking,0,0,0,0,2,0,Low
2018,7,Friday,4,Sindh,Karachi,Rural Road,Good,Foggy,No Light,Motorcycle,1,Over Speeding,0,0,1,0,5,1,High
2020,10,Friday,22,Balochistan,Gwadar,Provincial Highway,Good,Clear,No Light,Truck/Lorry,2,Wrong Overtaking,0,0,1,0,4,0,Medium
2021,5,Saturday,12,Islamabad,Islamabad,National Highway,Good,Clear,Daylight,Van/Pickup,3,Signal Violation,1,1,0,0,1,0,Low
2020,4,Wednesday,6,Sindh,Karachi,Provincial Highway,Good,Clear,Daylight,Car/Taxi,2,Over Speeding,0,0,0,0,4,1,Medium
2020,8,Saturday,17,Islamabad,Islamabad,National Highway,Good,Foggy,Daylight,Motorcycle,2,Over Speeding,1,1,0,0,4,0,High
2019,7,Wednesday,18,Punjab,Faisalabad,National Highway,Average,Foggy,Daylight,Bicycle,1,Road Condition,1,0,0,0,4,1,Medium
2022,11,Friday,16,Punjab,Rawalpindi,Provincial Highway,Good,Rainy,Daylight,Rickshaw,3,Mechanical Failure,0,0,0,1,0,0,Low
2023,8,Sunday,17,Islamabad,Islamabad,Urban Road,Poor,Clear,Daylight,Bicycle,2,Over Speeding,1,1,0,0,2,2,Medium
2020,1,Friday,8,Sindh,Mirpur Khas,Urban Road,Average,Clear,Daylight,Rickshaw,2,Driver Fatigue,1,0,0,1,1,0,Low
2022,8,Sunday,18,Punjab,Sheikhupura,Urban Road,Under Repair,Foggy,Street Light,Car/Taxi,3,Driver Fatigue,1,1,0,0,2,0,Medium
2019,5,Monday,16,Sindh,Dadu,National Highway,Average,Clear,No Light,Truck/Lorry,4,Signal Violation,0,0,0,0,4,1,Medium
2020,11,Thursday,6,KPK,Abbottabad,Provincial Highway,Poor,Clear,Daylight,Motorcycle,3,Over Speeding,0,0,0,1,3,1,High
2021,1,Sunday,4,KPK,Charsadda,Urban Road,Average,Clear,Street Light,Car/Taxi,2,Wrong Overtaking,0,1,1,1,0,0,Low
2023,12,Monday,10,Balochistan,Turbat,Provincial Highway,Good,Extreme Heat,Daylight,Rickshaw,1,Road Condition,0,0,0,1,2,0,Low
2022,12,Saturday,12,Sindh,Dadu,Urban Road,Good,Clear,Daylight,Motorcycle,3,Wrong Overtaking,1,1,0,1,2,1,Medium
2021,7,Sunday,20,Balochistan,Gwadar,Urban Road,Average,Foggy,No Light,Car/Taxi,2,Over Speeding,1,1,0,0,3,0,Medium
2020,7,Saturday,19,Sindh,Hyderabad,Provincial Highway,Good,Foggy,No Light,Motorcycle,2,Wrong Overtaking,1,1,0,0,7,1,High
2021,8,Wednesday,14,Sindh,Mirpur Khas,National Highway,Good,Clear,Daylight,Motorcycle,1,Driver Fatigue,0,0,0,0,7,0,High
2021,4,Monday,11,KPK,Nowshera,Provincial Highway,Good,Clear,Daylight,Car/Taxi,4,Signal Violation,0,0,0,0,0,1,Low
2021,2,Sunday,17,Sindh,Nawabshah,Provincial Highway,Good,Clear,Daylight,Motorcycle,2,Signal Violation,1,1,0,1,1,1,Medium
2022,7,Tuesday,19,Punjab,Sheikhupura,Rural Road,Good,Rainy,Street Light,Rickshaw,2,Signal Violation,1,0,0,0,1,1,Low
2019,9,Tuesday,20,Punjab,Sargodha,Rural Road,Average,Dusty/Smoggy,No Light,Car/Taxi,2,Signal Violation,1,0,0,0,0,0,Low
2020,11,Friday,21,Sindh,Nawabshah,National Highway,Good,Rainy,Street Light,Van/Pickup,2,Pedestrian Error,0,0,0,1,0,0,Low
2020,7,Monday,21,Punjab,Bahawalpur,National Highway,Under Repair,Clear,Street Light,Motorcycle,2,Mechanical Failure,0,0,0,0,2,1,Medium
2018,8,Saturday,16,Punjab,Sargodha,Urban Road,Good,Clear,Daylight,Car/Taxi,2,Over Speeding,0,1,0,0,5,1,Medium
2023,1,Tuesday,21,Punjab,Sargodha,National Highway,Good,Clear,Street Light,Car/Taxi,1,Mobile Phone Use,0,0,0,1,5,0,Medium
2018,12,Thursday,8,Punjab,Bahawalpur,Provincial Highway,Average,Extreme Heat,Daylight,Car/Taxi,1,Mechanical Failure,1,0,0,1,1,0,Low
2021,8,Sunday,18,KPK,Mansehra,Urban Road,Average,Rainy,Daylight,Car/Taxi,3,Pedestrian Error,1,1,0,0,2,0,Low
2018,12,Sunday,18,Punjab,Rahim Yar Khan,National Highway,Good,Rainy,Daylight,Car/Taxi,2,Over Speeding,1,1,0,1,4,1,High
2023,12,Sunday,4,Punjab,Gujranwala,National Highway,Poor,Rainy,No Light,Motorcycle,2,Over Speeding,0,1,1,1,4,3,High
2020,9,Sunday,21,KPK,Swat,Motorway,Good,Rainy,Street Light,Motorcycle,1,Over Speeding,0,1,0,0,4,1,High
2022,4,Friday,17,Balochistan,Chaman,National Highway,Average,Foggy,Daylight,Motorcycle,2,Drunk Driving,1,0,0,0,10,1,High
2018,3,Friday,19,Punjab,Sheikhupura,National Highway,Good,Extreme Heat,Dawn/Dusk,Car/Taxi,3,Over Speeding,1,0,0,0,10,3,High
2021,11,Tuesday,16,Punjab,Sheikhupura,National Highway,Good,Clear,No Light,Car/Taxi,1,Over Speeding,0,0,0,1,4,1,Medium
2020,4,Saturday,18,Islamabad,Islamabad,National Highway,Average,Clear,Daylight,Bus/Coach,1,Drunk Driving,1,1,0,0,2,1,High
2023,8,Sunday,19,Punjab,Multan,Provincial Highway,Good,Foggy,No Light,Van/Pickup,3,Over Speeding,1,1,0,0,4,1,Medium
2020,2,Friday,17,Islamabad,Islamabad,Rural Road,Poor,Clear,Daylight,Car/Taxi,3,Signal Violation,1,0,0,1,2,0,Low
2022,3,Thursday,7,Punjab,Sheikhupura,Provincial Highway,Poor,Clear,Dawn/Dusk,Motorcycle,1,Over Speeding,1,0,0,0,6,2,High
2023,4,Sunday,7,Punjab,Faisalabad,Rural Road,Good,Clear,Daylight,Car/Taxi,2,Pedestrian Error,1,1,0,0,1,1,Low
2022,8,Sunday,17,Punjab,Sargodha,Rural Road,Good,Clear,Daylight,Motorcycle,4,Drunk Driving,1,1,0,0,4,1,Medium
2023,6,Wednesday,11,Punjab,Multan,National Highway,Good,Clear,Daylight,Car/Taxi,4,Over Speeding,0,0,0,0,7,3,High
2023,12,Saturday,20,Balochistan,Gwadar,Provincial Highway,Average,Clear,Street Light,Car/Taxi,3,Driver Fatigue,1,1,0,1,1,0,Medium
2020,8,Saturday,20,AJK,Mirpur,Provincial Highway,Average,Clear,No Light,Car/Taxi,3,Road Condition,1,1,0,0,0,0,Low
2023,11,Thursday,20,Islamabad,Islamabad,Provincial Highway,Poor,Clear,Street Light,Car/Taxi,2,Over Speeding,1,0,0,1,1,0,Medium
2020,1,Saturday,10,Balochistan,Chaman,Rural Road,Good,Foggy,Dawn/Dusk,Van/Pickup,2,Mechanical Failure,0,1,0,1,1,1,Low
2018,4,Thursday,18,Balochistan,Khuzdar,Provincial Highway,Average,Clear,Daylight,Motorcycle,2,Over Speeding,1,0,0,0,10,0,High
2020,12,Sunday,13,KPK,Kohat,National Highway,Poor,Foggy,Daylight,Bus/Coach,3,Wrong Overtaking,1,1,0,1,1,0,Medium
2019,1,Tuesday,17,KPK,Kohat,Provincial Highway,Average,Clear,Daylight,Rickshaw,2,Mechanical Failure,1,0,0,1,1,0,Low
2018,3,Saturday,9,Punjab,Rawalpindi,Provincial Highway,Good,Dusty/Smoggy,Daylight,Motorcycle,4,Over Speeding,1,1,0,0,8,0,High
2019,3,Monday,18,Punjab,Multan,Urban Road,Good,Clear,Street Light,Car/Taxi,1,Wrong Overtaking,1,0,0,0,0,0,Low
2021,1,Sunday,7,Sindh,Dadu,Urban Road,Under Repair,Foggy,Daylight,Motorcycle,1,Over Speeding,1,1,0,1,3,1,Medium
2020,12,Sunday,14,Balochistan,Khuzdar,Motorway,Good,Foggy,Daylight,Motorcycle,3,Wrong Overtaking,0,1,0,1,8,0,High
2019,5,Sunday,21,KPK,Dera Ismail Khan,Rural Road,Average,Clear,No Light,Motorcycle,2,Pedestrian Error,0,1,0,0,2,0,Low
2020,11,Thursday,13,KPK,Bannu,Urban Road,Good,Clear,Daylight,Car/Taxi,4,Over Speeding,1,0,0,1,2,0,Medium
2022,2,Thursday,16,Sindh,Kashmore,Rural Road,Poor,Clear,Dawn/Dusk,Motorcycle,2,Signal Violation,0,0,0,1,5,0,Medium
2021,12,Sunday,5,KPK,Peshawar,National Highway,Under Repair,Extreme Heat,Street Light,Truck/Lorry,2,Mechanical Failure,0,1,1,1,3,0,Medium
2022,2,Saturday,13,AJK,Rawalakot,Urban Road,Good,Clear,Daylight,Rickshaw,2,Wrong Overtaking,1,1,0,1,1,0,Low
2020,7,Saturday,17,Punjab,Gujranwala,Provincial Highway,Average,Clear,Daylight,Bus/Coach,2,Signal Violation,1,1,0,0,0,0,Low
2022,7,Friday,16,Islamabad,Islamabad,Motorway,Good,Clear,Daylight,Car/Taxi,3,Road Condition,0,0,0,0,0,0,Low
2021,1,Wednesday,20,Sindh,Mirpur Khas,National Highway,Good,Clear,No Light,Rickshaw,2,Pedestrian Error,1,0,0,1,0,1,Low
2023,1,Friday,21,Sindh,Dadu,National Highway,Poor,Foggy,Street Light,Truck/Lorry,2,Over Speeding,0,0,0,1,5,0,High
2019,3,Saturday,4,Balochistan,Chaman,National Highway,Good,Rainy,No Light,Rickshaw,3,Wrong Overtaking,0,1,1,0,10,1,High
2023,5,Sunday,16,Punjab,Sargodha,National Highway,Under Repair,Clear,Daylight,Motorcycle,2,Pedestrian Error,0,1,0,0,4,0,Medium
2020,7,Thursday,20,Punjab,Lahore,Provincial Highway,Good,Clear,Street Light,Bus/Coach,1,Signal Violation,1,0,0,0,4,0,Medium
2022,1,Sunday,14,Sindh,Jacobabad,Provincial Highway,Good,Foggy,Street Light,Car/Taxi,2,Signal Violation,0,1,0,1,2,0,Low
2019,2,Saturday,18,Punjab,Faisalabad,National Highway,Good,Foggy,Daylight,Motorcycle,3,Over Speeding,1,1,0,1,3,3,High
2019,1,Monday,9,Sindh,Dadu,Rural Road,Average,Clear,Daylight,Motorcycle,2,Road Condition,1,0,0,1,2,0,Low
2021,6,Saturday,9,Punjab,Rawalpindi,National Highway,Poor,Foggy,Street Light,Car/Taxi,2,Mechanical Failure,1,1,0,0,0,0,Low
2020,7,Sunday,15,Islamabad,Islamabad,Urban Road,Average,Clear,Daylight,Car/Taxi,2,Mechanical Failure,0,1,0,0,1,0,Low
2021,10,Friday,18,Punjab,Sheikhupura,Rural Road,Average,Clear,Daylight,Car/Taxi,2,Wrong Overtaking,1,0,0,0,1,1,Low
2019,6,Wednesday,13,Sindh,Mirpur Khas,Rural Road,Poor,Clear,Daylight,Car/Taxi,2,Driver Fatigue,1,0,0,0,2,0,Medium
2019,8,Monday,1,Islamabad,Islamabad,Provincial Highway,Average,Dusty/Smoggy,Street Light,Motorcycle,2,Pedestrian Error,0,0,1,0,4,1,Medium
2022,12,Friday,8,Balochistan,Gwadar,Provincial Highway,Good,Clear,Street Light,Rickshaw,2,Road Condition,1,0,0,1,2,0,Low
2021,8,Monday,22,KPK,Kohat,Provincial Highway,Poor,Rainy,Street Light,Motorcycle,1,Over Speeding,0,0,1,0,8,1,High
2022,2,Saturday,20,Sindh,Hyderabad,National Highway,Good,Rainy,Street Light,Car/Taxi,3,Driver Fatigue,1,1,0,1,3,0,Medium
2023,3,Thursday,12,Punjab,Bahawalpur,Urban Road,Good,Foggy,Dawn/Dusk,Motorcycle,2,Wrong Overtaking,1,0,0,0,6,2,High
2023,9,Sunday,18,Punjab,Bahawalpur,Motorway,Good,Dusty/Smoggy,Daylight,Car/Taxi,1,Over Speeding,1,1,0,0,5,0,Medium
2022,10,Saturday,19,Punjab,Bahawalpur,Urban Road,Poor,Foggy,Dawn/Dusk,Car/Taxi,3,Wrong Overtaking,1,1,0,0,2,0,Low
2022,1,Saturday,10,KPK,Charsadda,Urban Road,Good,Clear,Daylight,Bus/Coach,2,Mechanical Failure,0,1,0,1,2,1,Low
2019,7,Tuesday,19,Punjab,Sargodha,National Highway,Average,Clear,Dawn/Dusk,Van/Pickup,3,Signal Violation,1,0,0,0,3,1,Medium
2023,10,Thursday,20,KPK,Mardan,Provincial Highway,Good,Clear,No Light,Rickshaw,2,Over Speeding,1,0,0,0,4,0,Medium
2023,2,Thursday,22,Punjab,Bahawalpur,Provincial Highway,Good,Rainy,Street Light,Motorcycle,1,Over Speeding,0,0,1,1,11,0,High
2020,3,Saturday,18,Sindh,Nawabshah,Provincial Highway,Good,Foggy,Daylight,Motorcycle,2,Signal Violation,1,1,0,0,5,1,High
2022,10,Wednesday,15,Sindh,Mirpur Khas,Urban Road,Average,Foggy,No Light,Motorcycle,2,Driver Fatigue,0,0,0,0,6,1,High
2018,8,Sunday,11,KPK,Mardan,National Highway,Good,Clear,Daylight,Truck/Lorry,1,Weather Condition,0,1,0,0,3,0,Medium
2023,1,Monday,0,Punjab,Rawalpindi,National Highway,Poor,Clear,Street Light,Bus/Coach,1,Wrong Overtaking,0,0,1,1,4,0,Medium
2022,11,Saturday,17,Punjab,Multan,Provincial Highway,Poor,Clear,Dawn/Dusk,Motorcycle,2,Mobile Phone Use,1,1,0,1,5,2,Medium
2022,11,Saturday,0,Punjab,Multan,Rural Road,Average,Clear,No Light,Motorcycle,2,Over Speeding,0,1,1,1,11,2,High
2022,7,Sunday,9,Punjab,Gujranwala,National Highway,Good,Clear,Daylight,Car/Taxi,1,Wrong Overtaking,1,1,0,0,2,0,Low
2020,7,Saturday,21,Sindh,Hyderabad,Provincial Highway,Average,Clear,Street Light,Car/Taxi,1,Over Speeding,0,1,0,0,3,2,Medium
2021,1,Friday,11,Punjab,Sheikhupura,Urban Road,Average,Rainy,Daylight,Bicycle,2,Mechanical Failure,0,0,0,1,1,0,Medium
2023,6,Tuesday,22,Punjab,Sheikhupura,National Highway,Good,Clear,No Light,Bus/Coach,1,Mechanical Failure,0,0,1,0,7,2,High
2021,4,Sunday,16,Balochistan,Sibi,National Highway,Average,Rainy,Daylight,Truck/Lorry,2,Wrong Overtaking,0,1,0,0,3,1,High
2023,5,Tuesday,21,Sindh,Mirpur Khas,Urban Road,Poor,Clear,No Light,Car/Taxi,3,Weather Condition,0,0,0,0,0,0,Low
2023,9,Tuesday,11,Punjab,Multan,Urban Road,Good,Clear,Daylight,Bus/Coach,1,Driver Fatigue,0,0,0,0,2,2,Medium
2021,3,Wednesday,9,Punjab,Sheikhupura,Urban Road,Poor,Clear,Daylight,Car/Taxi,2,Signal Violation,1,0,0,0,1,0,Low
2021,12,Friday,14,Punjab,Bahawalpur,National Highway,Good,Clear,Daylight,Rickshaw,3,Over Speeding,0,0,0,1,3,1,Medium
2023,11,Saturday,2,Sindh,Jacobabad,Urban Road,Good,Clear,No Light,Motorcycle,1,Over Speeding,0,1,1,1,1,0,Medium
2022,12,Thursday,12,KPK,Kohat,Rural Road,Good,Rainy,Daylight,Bus/Coach,2,Wrong Overtaking,1,0,0,1,4,0,Medium
2023,9,Sunday,11,Sindh,Thatta,Provincial Highway,Under Repair,Foggy,Daylight,Car/Taxi,3,Mechanical Failure,0,1,0,0,3,0,Medium
2023,3,Thursday,3,Punjab,Gujranwala,Provincial Highway,Poor,Clear,No Light,Motorcycle,1,Mechanical Failure,0,0,1,0,3,0,Medium
2020,12,Saturday,16,Sindh,Hyderabad,Rural Road,Poor,Clear,Daylight,Car/Taxi,2,Mechanical Failure,0,1,0,1,2,0,Low
2021,1,Wednesday,21,Punjab,Sialkot,Rural Road,Poor,Clear,No Light,Car/Taxi,2,Road Condition,0,0,0,1,2,0,Low
2021,12,Friday,9,Sindh,Hyderabad,Provincial Highway,Average,Clear,Dawn/Dusk,Bus/Coach,2,Wrong Overtaking,1,0,0,1,1,0,Low
2021,4,Friday,17,KPK,Dera Ismail Khan,National Highway,Good,Clear,Street Light,Motorcycle,1,Drunk Driving,1,0,0,0,5,1,High
2021,8,Sunday,12,Punjab,Sheikhupura,Urban Road,Poor,Clear,Daylight,Rickshaw,1,Pedestrian Error,1,1,0,0,2,0,Low
2020,10,Thursday,17,Punjab,Sargodha,National Highway,Poor,Foggy,Daylight,Car/Taxi,2,Pedestrian Error,1,0,0,0,2,0,Low
2020,2,Saturday,2,Balochistan,Khuzdar,Provincial Highway,Poor,Clear,No Light,Truck/Lorry,2,Signal Violation,0,1,1,1,11,1,High
2019,6,Monday,21,Punjab,Rahim Yar Khan,Provincial Highway,Good,Clear,No Light,Motorcycle,1,Over Speeding,0,0,0,0,1,0,Medium
2023,4,Saturday,9,Punjab,Bahawalpur,Rural Road,Poor,Clear,Daylight,Motorcycle,1,Road Condition,1,1,0,0,1,0,Low
2021,12,Sunday,21,KPK,Peshawar,Rural Road,Average,Foggy,No Light,Bus/Coach,1,Pedestrian Error,0,1,0,1,3,0,Medium
2021,5,Thursday,22,KPK,Bannu,Provincial Highway,Average,Clear,Street Light,Motorcycle,2,Wrong Overtaking,0,0,1,0,1,0,Medium
2022,1,Wednesday,8,KPK,Nowshera,Urban Road,Poor,Extreme Heat,Daylight,Truck/Lorry,1,Signal Violation,1,0,0,1,2,1,Medium
2023,2,Monday,14,Punjab,Rahim Yar Khan,Provincial Highway,Poor,Foggy,Daylight,Motorcycle,2,Over Speeding,0,0,0,1,10,0,High
2022,7,Friday,8,Punjab,Faisalabad,Provincial Highway,Good,Foggy,Daylight,Motorcycle,2,Over Speeding,1,0,0,0,5,2,High
2018,10,Sunday,8,Punjab,Bahawalpur,Urban Road,Average,Foggy,Daylight,Car/Taxi,3,Over Speeding,1,1,0,0,5,1,Medium
2019,6,Friday,0,Sindh,Nawabshah,Motorway,Average,Foggy,No Light,Truck/Lorry,3,Over Speeding,0,0,1,0,8,1,High
2019,1,Saturday,17,Punjab,Sialkot,National Highway,Poor,Clear,No Light,Van/Pickup,2,Mechanical Failure,1,1,0,1,1,2,Medium
2019,6,Thursday,4,KPK,Swat,Rural Road,Average,Foggy,No Light,Car/Taxi,2,Pedestrian Error,0,0,1,0,1,0,Medium
2021,11,Wednesday,19,Punjab,Gujranwala,Provincial Highway,Under Repair,Foggy,Street Light,Motorcycle,1,Mobile Phone Use,1,0,0,1,4,0,Medium
2021,2,Friday,18,Punjab,Sheikhupura,Provincial Highway,Good,Dusty/Smoggy,Daylight,Car/Taxi,3,Wrong Overtaking,1,0,0,1,2,0,Low
2020,2,Friday,13,Sindh,Jacobabad,Provincial Highway,Poor,Dusty/Smoggy,Daylight,Car/Taxi,1,Over Speeding,1,0,0,1,0,0,Low
2018,6,Tuesday,9,Islamabad,Islamabad,Provincial Highway,Poor,Clear,Daylight,Car/Taxi,2,Over Speeding,1,0,0,0,1,0,Low
2022,10,Thursday,8,Balochistan,Quetta,Urban Road,Good,Rainy,Daylight,Bicycle,2,Over Speeding,1,0,0,0,3,1,Medium
2023,5,Saturday,20,Gilgit-Baltistan,Skardu,Urban Road,Good,Clear,No Light,Rickshaw,2,Pedestrian Error,1,1,0,0,2,1,Low
2021,9,Wednesday,7,Punjab,Lahore,Urban Road,Good,Clear,Daylight,Bicycle,3,Over Speeding,1,0,0,0,4,0,High
2022,12,Wednesday,19,Punjab,Sheikhupura,Rural Road,Good,Clear,Daylight,Motorcycle,2,Over Speeding,1,0,0,1,4,1,Medium
2019,3,Thursday,21,Punjab,Rahim Yar Khan,Urban Road,Good,Clear,No Light,Rickshaw,2,Wrong Overtaking,0,0,0,0,0,0,Low
2018,11,Wednesday,1,KPK,Peshawar,Motorway,Poor,Foggy,No Light,Car/Taxi,3,Wrong Overtaking,0,0,1,1,5,0,Medium
2023,11,Saturday,2,Punjab,Rawalpindi,Provincial Highway,Good,Clear,No Light,Motorcycle,2,Drunk Driving,0,1,1,1,8,0,High
2022,6,Saturday,23,Punjab,Sialkot,Urban Road,Poor,Clear,Street Light,Motorcycle,2,Signal Violation,0,1,1,0,5,1,High
2022,10,Tuesday,20,Punjab,Sialkot,National Highway,Good,Clear,Street Light,Car/Taxi,4,Mechanical Failure,1,0,0,0,0,0,Low
2023,4,Saturday,8,Sindh,Dadu,Provincial Highway,Average,Clear,Daylight,Rickshaw,2,Wrong Overtaking,1,1,0,0,1,0,Low
2018,6,Monday,18,Punjab,Sheikhupura,National Highway,Average,Clear,Daylight,Motorcycle,1,Over Speeding,1,0,0,0,8,0,High
2021,9,Friday,7,Punjab,Multan,Urban Road,Poor,Clear,Daylight,Car/Taxi,2,Drunk Driving,1,0,0,0,2,0,Low
2018,12,Monday,19,Punjab,Lahore,Rural Road,Poor,Clear,Dawn/Dusk,Motorcycle,1,Pedestrian Error,1,0,0,1,2,0,Medium
2020,6,Sunday,9,Punjab,Rahim Yar Khan,Urban Road,Good,Foggy,Daylight,Car/Taxi,2,Pedestrian Error,1,1,0,0,1,0,Low
2020,6,Sunday,12,Sindh,Dadu,Motorway,Average,Rainy,Street Light,Motorcycle,1,Pedestrian Error,1,1,0,0,1,0,Medium
2023,11,Saturday,21,KPK,Mardan,Rural Road,Good,Rainy,Street Light,Motorcycle,2,Driver Fatigue,0,1,0,1,3,0,Medium
2019,5,Saturday,11,Punjab,Rahim Yar Khan,Rural Road,Good,Clear,Street Light,Bus/Coach,4,Over Speeding,0,1,0,0,5,0,Medium
2021,1,Wednesday,19,KPK,Dera Ismail Khan,Urban Road,Average,Rainy,Dawn/Dusk,Motorcycle,1,Wrong Overtaking,1,0,0,1,3,1,Medium
2019,9,Sunday,6,Punjab,Multan,National Highway,Average,Clear,Daylight,Bus/Coach,2,Mechanical Failure,0,1,0,0,1,1,Medium
2023,12,Tuesday,23,Sindh,Jacobabad,Provincial Highway,Good,Clear,Street Light,Motorcycle,3,Over Speeding,0,0,1,1,4,0,High
2022,7,Friday,6,Sindh,Hyderabad,Urban Road,Under Repair,Clear,No Light,Motorcycle,2,Over Speeding,0,0,0,0,9,0,High
2019,4,Saturday,13,Islamabad,Islamabad,Urban Road,Good,Foggy,Street Light,Car/Taxi,3,Over Speeding,1,1,0,0,2,0,Low
2023,12,Sunday,7,Sindh,Dadu,Urban Road,Average,Clear,Daylight,Van/Pickup,1,Pedestrian Error,1,1,0,1,0,1,Low
2022,5,Thursday,12,Punjab,Gujranwala,National Highway,Average,Extreme Heat,Daylight,Bus/Coach,3,Signal Violation,1,0,0,0,10,2,High
2020,5,Saturday,10,Sindh,Kashmore,Rural Road,Average,Rainy,Daylight,Car/Taxi,2,Signal Violation,0,1,0,0,0,0,Low
2020,7,Saturday,5,Punjab,Sheikhupura,National Highway,Under Repair,Rainy,Dawn/Dusk,Car/Taxi,1,Pedestrian Error,0,1,1,0,5,1,Medium
2022,6,Sunday,15,Sindh,Dadu,Motorway,Good,Foggy,Street Light,Other,2,Over Speeding,0,1,0,0,9,2,High