year,month,day_of_week,hour_of_day,province,district,road_type,road_condition,weather_condition,lighting_condition,vehicle_type,vehicles_involved,accident_cause,is_rush_hour,is_weekend,is_night,is_foggy_month,num_injured,num_killed,severity
2020,1,Thursday,21,Punjab,Bahawalpur,National Highway,Good,Foggy,Street Light,Car/Taxi,1,Drunk Driving,0,0,0,1,2,3,High
2022,7,Tuesday,14,Sindh,Sukkur,Provincial Highway,Good,Foggy,Daylight,Motorcycle,3,Over Speeding,0,0,0,0,7,0,High
2022,3,Monday,11,Punjab,Sheikhupura,Provincial Highway,Average,Dusty/Smoggy,Daylight,Motorcycle,2,Driver Fatigue,0,0,0,0,5,4,High
2021,2,Saturday,20,KPK,Abbottabad,National Highway,Average,Rainy,Street Light,Car/Taxi,1,Wrong Overtaking,1,1,0,1,5,0,Medium
2023,9,Sunday,8,Sindh,Dadu,Rural Road,Poor,Foggy,Dawn/Dusk,Motorcycle,2,Drunk Driving,1,1,0,0,2,1,High
2018,10,Friday,20,Punjab,Faisalabad,National Highway,Poor,Foggy,No Light,Motorcycle,4,Over Speeding,1,0,0,0,3,0,High
2023,5,Friday,13,Balochistan,Loralai,National Highway,Poor,Foggy,Dawn/Dusk,Truck/Lorry,3,Mechanical Failure,1,0,0,0,11,2,High
2021,1,Tuesday,14,Sindh,Hyderabad,National Highway,Good,Clear,Daylight,Car/Taxi,1,Over Speeding,0,0,0,1,3,0,Medium
2021,6,Thursday,17,Punjab,Gujranwala,Urban Road,Good,Rainy,Daylight,Motorcycle,2,Road Condition,1,0,0,0,2,0,Medium
2023,2,Sunday,20,Punjab,Faisalabad,Provincial Highway,Poor,Clear,Street Light,Motorcycle,1,Road Condition,1,1,0,1,1,0,Medium
2022,4,Thursday,17,Sindh,Thatta,Rural Road,Average,Clear,Dawn/Dusk,Bus/Coach,2,Road Condition,1,0,0,0,2,0,Low
2022,2,Wednesday,13,Punjab,Faisalabad,Provincial Highway,Poor,Clear,Daylight,Motorcycle,2,Weather Condition,1,0,0,1,5,0,Medium
2023,6,Wednesday,13,Balochistan,Sibi,Provincial Highway,Good,Clear,Daylight,Car/Taxi,3,Road Condition,1,0,0,0,2,0,Low
2023,4,Monday,7,Punjab,Faisalabad,National Highway,Good,Foggy,Daylight,Rickshaw,2,Over Speeding,1,0,0,0,4,0,High
2022,8,Thursday,16,Punjab,Multan,National Highway,Average,Clear,Daylight,Car/Taxi,2,Mechanical Failure,0,0,0,0,1,0,Low
2020,1,Tuesday,20,Islamabad,Islamabad,Provincial Highway,Poor,Clear,No Light,Motorcycle,2,Mobile Phone Use,1,0,0,1,0,0,Low
2021,6,Wednesday,6,Islamabad,Islamabad,Rural Road,Poor,Rainy,Daylight,Motorcycle,3,Wrong Overtaking,0,0,0,0,4,2,Medium
2022,9,Monday,2,Punjab,Sargodha,Provincial Highway,Good,Clear,Street Light,Rickshaw,3,Wrong Overtaking,0,0,1,0,3,0,Medium
2022,4,Monday,8,KPK,Bannu,Provincial Highway,Good,Clear,Daylight,Motorcycle,2,Over Speeding,1,0,0,0,11,1,High
2021,12,Saturday,19,Punjab,Rawalpindi,Urban Road,Average,Extreme Heat,Dawn/Dusk,Truck/Lorry,3,Pedestrian Error,1,1,0,1,2,1,Low
2022,3,Wednesday,20,KPK,Mardan,Urban Road,Average,Foggy,Street Light,Bus/Coach,1,Over Speeding,1,0,0,0,1,0,Medium
2020,8,Friday,5,Balochistan,Zhob,Rural Road,Average,Clear,Daylight,Car/Taxi,1,Signal Violation,0,0,1,0,1,1,Low
2021,8,Sunday,22,Punjab,Lahore,Rural Road,Poor,Clear,Street Light,Motorcycle,3,Road Condition,0,1,1,0,4,0,Medium
2023,7,Saturday,19,Punjab,Gujranwala,Provincial Highway,Average,Extreme Heat,Dawn/Dusk,Motorcycle,2,Mechanical Failure,1,1,0,0,4,0,Medium
2021,11,Saturday,20,Punjab,Bahawalpur,National Highway,Under Repair,Rainy,Street Light,Motorcycle,2,Wrong Overtaking,1,1,0,1,6,1,High
2020,3,Thursday,11,Punjab,Rawalpindi,Rural Road,Good,Clear,No Light,Motorcycle,1,Mechanical Failure,0,0,0,0,1,0,Low
2021,4,Tuesday,14,Punjab,Gujranwala,Urban Road,Good,Extreme Heat,Daylight,Van/Pickup,2,Signal Violation,0,0,0,0,2,0,Low
2021,2,Sunday,18,KPK,Bannu,National Highway,Under Repair,Dusty/Smoggy,Daylight,Car/Taxi,2,Weather Condition,1,1,0,1,0,0,Low
2022,6,Wednesday,10,Punjab,Lahore,Provincial Highway,Good,Clear,Daylight,Van/Pickup,2,Mobile Phone Use,0,0,0,0,0,0,Low
2022,12,Sunday,18,Sindh,Dadu,Urban Road,Poor,Dusty/Smoggy,Daylight,Truck/Lorry,2,Over Speeding,1,1,0,1,5,0,Medium
2023,2,Wednesday,14,KPK,Peshawar,Rural Road,Poor,Clear,Street Light,Car/Taxi,2,Road Condition,0,0,0,1,2,0,Low
2023,3,Saturday,19,Sindh,Larkana,National Highway,Average,Extreme Heat,Dawn/Dusk,Bicycle,2,Pedestrian Error,1,1,0,0,5,1,Medium
2023,1,Wednesday,18,Sindh,Karachi,National Highway,Poor,Foggy,Daylight,Bus/Coach,3,Wrong Overtaking,1,0,0,1,1,0,Medium
2020,9,Thursday,17,Punjab,Bahawalpur,Urban Road,Average,Clear,Daylight,Other,2,Driver Fatigue,1,0,0,0,0,1,Low
2022,4,Saturday,6,Sindh,Jacobabad,Urban Road,Average,Extreme Heat,Daylight,Car/Taxi,3,Over Speeding,0,1,0,0,2,1,Low
2018,8,Saturday,18,Punjab,Rawalpindi,Urban Road,Good,Clear,Daylight,Motorcycle,1,Wrong Overtaking,1,1,0,0,3,1,Medium
2023,2,Friday,9,KPK,Kohat,Provincial Highway,Poor,Clear,Daylight,Rickshaw,1,Signal Violation,1,0,0,1,0,0,Low
2020,12,Friday,15,Punjab,Faisalabad,Rural Road,Good,Foggy,Daylight,Truck/Lorry,3,Driver Fatigue,0,0,0,1,4,0,Medium
2020,12,Friday,15,KPK,Dera Ismail Khan,Provincial Highway,Average,Clear,Daylight,Car/Taxi,1,Mechanical Failure,0,0,0,1,1,0,Low
2023,9,Friday,6,Sindh,Mirpur Khas,Provincial Highway,Good,Clear,Daylight,Car/Taxi,2,Wrong Overtaking,0,0,0,0,4,0,Medium
2023,12,Monday,12,Sindh,Mirpur Khas,National Highway,Under Repair,Foggy,Street Light,Rickshaw,1,Mechanical Failure,1,0,0,1,1,0,Medium
2020,12,Friday,20,Punjab,Sheikhupura,National Highway,Average,Clear,Street Light,Motorcycle,4,Signal Violation,1,0,0,1,7,1,High
2023,10,Tuesday,8,Punjab,Gujranwala,Motorway,Good,Clear,Street Light,Car/Taxi,2,Pedestrian Error,1,0,0,0,2,0,Low
2023,8,Friday,8,Balochistan,Turbat,National Highway,Good,Clear,Daylight,Motorcycle,1,Over Speeding,1,0,0,0,10,1,High
2023,12,Friday,13,Punjab,Rawalpindi,Urban Road,Good,Clear,Dawn/Dusk,Rickshaw,2,Drunk Driving,1,0,0,1,5,1,Medium
2023,8,Saturday,10,Punjab,Sialkot,National Highway,Good,Clear,No Light,Motorcycle,2,Signal Violation,0,1,0,0,3,1,High
2022,6,Friday,14,Sindh,Karachi,Motorway,Good,Foggy,Daylight,Bicycle,3,Wrong Overtaking,0,0,0,0,5,1,High
2021,2,Friday,19,KPK,Mansehra,Provincial Highway,Good,Rainy,Dawn/Dusk,Rickshaw,2,Signal Violation,1,0,0,1,0,0,Low
2020,7,Thursday,18,Punjab,Gujranwala,Urban Road,Poor,Clear,Daylight,Van/Pickup,1,Over Speeding,1,0,0,0,5,0,Medium
2019,1,Tuesday,12,Sindh,Hyderabad,National Highway,Good,Clear,Dawn/Dusk,Bicycle,2,Over Speeding,1,0,0,1,5,0,High
2023,2,Wednesday,9,Sindh,Hyderabad,Rural Road,Good,Clear,Daylight,Car/Taxi,2,Wrong Overtaking,1,0,0,1,0,0,Low
2019,6,Wednesday,6,Punjab,Faisalabad,Provincial Highway,Good,Dusty/Smoggy,Daylight,Motorcycle,3,Driver Fatigue,0,0,0,0,4,2,Medium
2022,9,Tuesday,7,Sindh,Sukkur,Rural Road,Poor,Foggy,Daylight,Motorcycle,1,Pedestrian Error,1,0,0,0,3,0,Medium
2020,12,Tuesday,15,KPK,Dera Ismail Khan,National Highway,Poor,Rainy,Street Light,Motorcycle,2,Mobile Phone Use,0,0,0,1,2,0,Medium
2018,6,Tuesday,1,Gilgit-Baltistan,Skardu,Provincial Highway,Poor,Foggy,No Light,Motorcycle,2,Signal Violation,0,0,1,0,2,3,High
2018,11,Tuesday,23,Punjab,Rawalpindi,Provincial Highway,Poor,Rainy,No Light,Motorcycle,3,Over Speeding,0,0,1,1,3,1,High
2018,1,Friday,22,KPK,Bannu,National Highway,Average,Clear,No Light,Motorcycle,2,Drunk Driving,0,0,1,1,7,4,High
2018,12,Sunday,15,Punjab,Rawalpindi,Provincial Highway,Good,Clear,Street Light,Motorcycle,2,Driver Fatigue,0,1,0,1,11,2,High
2020,8,Thursday,17,Punjab,Sargodha,National Highway,Good,Clear,Street Light,Rickshaw,2,Over Speeding,1,0,0,0,1,0,Medium
2022,3,Friday,20,Sindh,Sukkur,Provincial Highway,Poor,Rainy,No Light,Motorcycle,2,Drunk Driving,1,0,0,0,11,2,High
2021,6,Saturday,11,Punjab,Sialkot,Urban Road,Good,Rainy,Daylight,Car/Taxi,2,Over Speeding,0,1,0,0,1,1,Medium
2022,3,Monday,18,Punjab,Sheikhupura,National Highway,Poor,Foggy,Daylight,Motorcycle,1,Signal Violation,1,0,0,0,3,2,High
2021,11,Saturday,21,Punjab,Sialkot,Motorway,Good,Clear,Street Light,Motorcycle,2,Drunk Driving,0,1,0,1,3,0,High
2021,7,Tuesday,13,Punjab,Multan,Urban Road,Average,Clear,Street Light,Car/Taxi,3,Over Speeding,1,0,0,0,2,0,Low
2019,10,Friday,12,Sindh,Mirpur Khas,Motorway,Good,Rainy,Daylight,Bus/Coach,4,Signal Violation,1,0,0,0,5,1,High
2019,1,Friday,22,Punjab,Bahawalpur,Motorway,Good,Clear,Street Light,Motorcycle,2,Over Speeding,0,0,1,1,5,1,High
2022,2,Tuesday,5,Sindh,Thatta,Urban Road,Good,Clear,Daylight,Motorcycle,2,Over Speeding,0,0,1,1,9,1,High
2018,11,Tuesday,21,Punjab,Sargodha,National Highway,Average,Clear,No Light,Car/Taxi,3,Wrong Overtaking,0,0,0,1,1,0,Medium
2023,5,Wednesday,17,Sindh,Mirpur Khas,Rural Road,Average,Extreme Heat,Daylight,Van/Pickup,1,Road Condition,1,0,0,0,0,1,Low
2022,10,Monday,5,Balochistan,Sibi,Rural Road,Poor,Clear,Street Light,Car/Taxi,1,Wrong Overtaking,0,0,1,0,0,0,Low
2020,7,Tuesday,19,Punjab,Lahore,Rural Road,Average,Clear,No Light,Motorcycle,3,Over Speeding,1,0,0,0,5,2,High
2022,8,Sunday,23,Sindh,Larkana,Urban Road,Good,Dusty/Smoggy,Street Light,Car/Taxi,2,Drunk Driving,0,1,1,0,4,1,Medium
2019,3,Saturday,15,Sindh,Kashmore,National Highway,Average,Rainy,Daylight,Motorcycle,2,Signal Violation,0,1,0,0,8,0,High
2018,2,Thursday,7,Sindh,Jacobabad,Provincial Highway,Poor,Rainy,Dawn/Dusk,Rickshaw,1,Road Condition,1,0,0,1,0,0,Low
2019,12,Thursday,20,Punjab,Gujranwala,Provincial Highway,Good,Foggy,No Light,Motorcycle,1,Wrong Overtaking,1,0,0,1,3,1,Medium
2021,1,Saturday,18,Sindh,Larkana,Motorway,Good,Clear,Daylight,Van/Pickup,2,Road Condition,1,1,0,1,1,0,Medium
2023,1,Wednesday,10,Punjab,Gujranwala,Provincial Highway,Average,Rainy,Daylight,Rickshaw,3,Over Speeding,0,0,0,1,2,0,Medium
2022,5,Tuesday,16,Punjab,Lahore,Motorway,Average,Clear,Daylight,Bus/Coach,2,Signal Violation,0,0,0,0,4,1,Medium
2022,12,Monday,8,Sindh,Larkana,Provincial Highway,Under Repair,Clear,Dawn/Dusk,Car/Taxi,1,Driver Fatigue,1,0,0,1,3,1,Medium
2019,11,Saturday,9,Punjab,Lahore,National Highway,Under Repair,Clear,Daylight,Rickshaw,2,Wrong Overtaking,1,1,0,1,2,0,Low
2020,12,Friday,8,Sindh,Hyderabad,National Highway,Good,Foggy,Daylight,Truck/Lorry,2,Driver Fatigue,1,0,0,1,3,2,High
2020,9,Friday,23,Sindh,Dadu,National Highway,Poor,Rainy,Street Light,Car/Taxi,2,Wrong Overtaking,0,0,1,0,10,3,High
2022,6,Saturday,13,KPK,Kohat,Rural Road,Average,Rainy,Daylight,Rickshaw,2,Over Speeding,1,1,0,0,1,0,Low
2021,12,Wednesday,17,Punjab,Sheikhupura,Provincial Highway,Poor,Clear,Daylight,Motorcycle,2,Over Speeding,1,0,0,1,11,1,High
2022,11,Saturday,21,Gilgit-Baltistan,Gilgit,Rural Road,Under Repair,Foggy,Street Light,Motorcycle,2,Wrong Overtaking,0,1,0,1,1,1,Medium
2019,4,Sunday,6,Sindh,Kashmore,Provincial Highway,Good,Rainy,Street Light,Van/Pickup,2,Over Speeding,0,1,0,0,3,0,Medium
2020,6,Friday,6,Punjab,Gujranwala,Urban Road,Good,Clear,Daylight,Van/Pickup,4,Signal Violation,0,0,0,0,0,1,Low
2019,4,Saturday,3,Punjab,Rawalpindi,Urban Road,Poor,Clear,Street Light,Motorcycle,2,Signal Violation,0,1,1,0,4,1,Medium
2021,2,Thursday,17,Sindh,Larkana,Provincial Highway,Under Repair,Rainy,Daylight,Motorcycle,1,Over Speeding,1,0,0,1,9,4,High
2018,1,Friday,7,Balochistan,Hub,Provincial Highway,Average,Clear,Daylight,Car/Taxi,2,Wrong Overtaking,1,0,0,1,0,0,Low
2022,8,Saturday,12,Sindh,Nawabshah,Provincial Highway,Poor,Clear,Daylight,Car/Taxi,1,Wrong Overtaking,1,1,0,0,1,0,Low
2020,4,Saturday,9,KPK,Mansehra,Provincial Highway,Poor,Dusty/Smoggy,Daylight,Rickshaw,2,Mechanical Failure,1,1,0,0,0,0,Low
2018,2,Wednesday,8,Punjab,Bahawalpur,Rural Road,Good,Rainy,Daylight,Car/Taxi,1,Pedestrian Error,1,0,0,1,1,0,Low
2023,1,Sunday,10,Punjab,Bahawalpur,National Highway,Good,Clear,Daylight,Car/Taxi,1,Road Condition,0,1,0,1,0,0,Low
2019,12,Friday,19,Punjab,Bahawalpur,Motorway,Good,Clear,Street Light,Car/Taxi,1,Over Speeding,1,0,0,1,2,1,Medium
2019,2,Sunday,16,KPK,Abbottabad,Rural Road,Under Repair,Foggy,Daylight,Other,4,Signal Violation,0,1,0,1,0,0,Low
2021,11,Sunday,10,Punjab,Multan,Urban Road,Good,Rainy,Daylight,Motorcycle,2,Pedestrian Error,0,1,0,1,2,0,Medium
2023,11,Saturday,19,Punjab,Multan,National Highway,Poor,Clear,Dawn/Dusk,Bicycle,1,Over Speeding,1,1,0,1,6,2,High
2019,5,Friday,17,Punjab,Sargodha,National Highway,Average,Rainy,Street Light,Motorcycle,1,Signal Violation,1,0,0,0,4,0,High
2018,1,Tuesday,3,Balochistan,Hub,Urban Road,Poor,Clear,No Light,Motorcycle,3,Over Speeding,0,0,1,1,1,0,Medium
2020,6,Thursday,10,KPK,Swat,National Highway,Average,Dusty/Smoggy,Daylight,Motorcycle,3,Road Condition,0,0,0,0,3,2,High
2022,11,Tuesday,9,Punjab,Rahim Yar Khan,Provincial Highway,Good,Clear,Daylight,Motorcycle,2,Pedestrian Error,1,0,0,1,3,2,Medium
2023,7,Saturday,21,Balochistan,Hub,National Highway,Average,Foggy,Street Light,Car/Taxi,4,Wrong Overtaking,0,1,0,0,4,0,High
2019,8,Monday,21,Punjab,Lahore,National Highway,Average,Foggy,No Light,Motorcycle,4,Road Condition,0,0,0,0,5,0,High
2022,10,Sunday,21,Punjab,Multan,Motorway,Poor,Extreme Heat,No Light,Car/Taxi,2,Driver Fatigue,0,1,0,0,5,0,Medium
2023,5,Friday,11,Punjab,Sargodha,Provincial Highway,Good,Clear,Daylight,Motorcycle,3,Mechanical Failure,0,0,0,0,2,0,Medium
2023,8,Tuesday,16,Punjab,Rawalpindi,National Highway,Good,Dusty/Smoggy,Daylight,Rickshaw,1,Mobile Phone Use,0,0,0,0,1,0,Low
2023,9,Thursday,7,Punjab,Sargodha,National Highway,Average,Rainy,Daylight,Motorcycle,3,Road Condition,1,0,0,0,3,0,Medium
2021,11,Tuesday,5,KPK,Kohat,Rural Road,Poor,Extreme Heat,Dawn/Dusk,Rickshaw,2,Over Speeding,0,0,1,1,2,0,Low
2019,3,Monday,8,Sindh,Karachi,National Highway,Poor,Clear,Daylight,Motorcycle,2,Mobile Phone Use,1,0,0,0,1,0,Medium
2023,10,Monday,19,Sindh,Larkana,National Highway,Average,Rainy,Dawn/Dusk,Bus/Coach,1,Wrong Overtaking,1,0,0,0,3,0,Medium
2022,3,Wednesday,18,KPK,Dera Ismail Khan,National Highway,Under Repair,Clear,Dawn/Dusk,Other,1,Over Speeding,1,0,0,0,4,1,High
2021,3,Tuesday,21,KPK,Abbottabad,Provincial Highway,Average,Rainy,Street Light,Motorcycle,2,Pedestrian Error,0,0,0,0,3,1,Medium
2018,8,Sunday,18,Punjab,Multan,Urban Road,Good,Rainy,Street Light,Motorcycle,4,Signal Violation,1,1,0,0,4,0,Medium
2021,8,Tuesday,17,Sindh,Nawabshah,Urban Road,Good,Clear,Daylight,Motorcycle,2,Signal Violation,1,0,0,0,5,0,Medium
2020,7,Monday,17,Sindh,Kashmore,Provincial Highway,Poor,Extreme Heat,Street Light,Motorcycle,2,Over Speeding,1,0,0,0,11,1,High
2020,9,Thursday,18,Islamabad,Islamabad,Urban Road,Poor,Extreme Heat,Daylight,Motorcycle,3,Driver Fatigue,1,0,0,0,5,1,Medium
2020,9,Tuesday,15,Punjab,Multan,Provincial Highway,Poor,Clear,Daylight,Bicycle,2,Road Condition,0,0,0,0,4,0,Medium
2022,2,Tuesday,4,Punjab,Sargodha,Urban Road,Poor,Clear,No Light,Car/Taxi,1,Over Speeding,0,0,1,1,2,0,Medium
2022,7,Saturday,15,Sindh,Thatta,Rural Road,Poor,Extreme Heat,Dawn/Dusk,Bicycle,1,Road Condition,0,1,0,0,1,0,Low
2019,1,Monday,20,KPK,Abbottabad,Rural Road,Good,Clear,No Light,Motorcycle,1,Signal Violation,1,0,0,1,1,2,Medium
2023,2,Monday,12,Punjab,Rawalpindi,Rural Road,Average,Clear,Dawn/Dusk,Bicycle,2,Over Speeding,1,0,0,1,1,1,Medium
2023,7,Wednesday,11,Sindh,Hyderabad,Urban Road,Good,Dusty/Smoggy,Daylight,Van/Pickup,3,Over Speeding,0,0,0,0,0,0,Low
2019,3,Saturday,19,Punjab,Sialkot,National Highway,Poor,Clear,Street Light,Car/Taxi,2,Wrong Overtaking,1,1,0,0,0,0,Low
2022,5,Saturday,13,Islamabad,Islamabad,National Highway,Under Repair,Clear,Street Light,Rickshaw,2,Road Condition,1,1,0,0,1,0,Low
2023,12,Tuesday,18,Punjab,Sialkot,National Highway,Good,Rainy,Daylight,Car/Taxi,2,Over Speeding,1,0,0,1,4,1,High
2020,7,Tuesday,5,Punjab,Lahore,Urban Road,Poor,Foggy,No Light,Motorcycle,2,Pedestrian Error,0,0,1,0,5,0,Medium
2023,3,Saturday,7,Punjab,Sheikhupura,National Highway,Good,Dusty/Smoggy,No Light,Motorcycle,4,Drunk Driving,1,1,0,0,7,0,High
2023,12,Friday,8,Sindh,Hyderabad,National Highway,Good,Rainy,Daylight,Car/Taxi,1,Over Speeding,1,0,0,1,4,0,Medium
2019,7,Tuesday,9,Punjab,Multan,Provincial Highway,Average,Foggy,Daylight,Motorcycle,2,Road Condition,1,0,0,0,3,0,High
2021,12,Tuesday,0,KPK,Bannu,Provincial Highway,Average,Foggy,No Light,Van/Pickup,2,Over Speeding,0,0,1,1,2,0,Medium
2019,9,Tuesday,21,Balochistan,Loralai,National Highway,Good,Foggy,No Light,Car/Taxi,1,Pedestrian Error,0,0,0,0,5,0,Medium
2018,3,Sunday,21,Punjab,Rawalpindi,Urban Road,Under Repair,Clear,No Light,Bicycle,2,Over Speeding,0,1,0,0,1,0,Medium
2019,5,Saturday,11,Sindh,Kashmore,Provincial Highway,Under Repair,Clear,Daylight,Truck/Lorry,3,Over Speeding,0,1,0,0,6,2,High
2022,12,Wednesday,1,Punjab,Faisalabad,Urban Road,Average,Clear,Street Light,Van/Pickup,1,Road Condition,0,0,1,1,0,0,Low
2022,1,Friday,3,Punjab,Sheikhupura,National Highway,Average,Foggy,No Light,Rickshaw,2,Road Condition,0,0,1,1,2,0,Medium
2022,7,Tuesday,8,Punjab,Faisalabad,National Highway,Good,Clear,Daylight,Motorcycle,3,Drunk Driving,1,0,0,0,2,1,High
2022,6,Monday,11,Punjab,Multan,Urban Road,Average,Clear,Daylight,Bus/Coach,2,Wrong Overtaking,0,0,0,0,2,0,Low
2020,9,Sunday,7,Sindh,Hyderabad,Urban Road,Poor,Clear,Daylight,Car/Taxi,4,Over Speeding,1,1,0,0,2,0,Low
2020,12,Tuesday,8,Punjab,Sargodha,Urban Road,Average,Clear,Street Light,Van/Pickup,1,Mechanical Failure,1,0,0,1,0,0,Low
2018,6,Friday,13,Balochistan,Zhob,National Highway,Good,Foggy,Daylight,Motorcycle,1,Over Speeding,1,0,0,0,8,0,High
2019,9,Tuesday,19,KPK,Charsadda,Provincial Highway,Poor,Clear,No Light,Rickshaw,1,Road Condition,1,0,0,0,1,1,Low
2019,5,Sunday,1,KPK,Abbottabad,Rural Road,Good,Clear,No Light,Motorcycle,2,Signal Violation,0,1,1,0,2,1,Medium
2020,9,Saturday,21,Islamabad,Islamabad,Urban Road,Good,Foggy,Street Light,Rickshaw,2,Over Speeding,0,1,0,0,2,0,Low
2023,1,Saturday,11,Islamabad,Islamabad,Rural Road,Poor,Extreme Heat,Daylight,Car/Taxi,2,Driver Fatigue,0,1,0,1,3,1,Medium
2019,7,Thursday,6,Sindh,Jacobabad,National Highway,Average,Rainy,Street Light,Motorcycle,2,Over Speeding,0,0,0,0,8,1,High
2019,9,Saturday,11,Sindh,Thatta,Provincial Highway,Good,Dusty/Smoggy,No Light,Van/Pickup,1,Wrong Overtaking,0,1,0,0,2,0,Low
2023,5,Friday,20,Punjab,Lahore,Rural Road,Under Repair,Rainy,No Light,Motorcycle,4,Road Condition,1,0,0,0,1,1,Low
2019,9,Sunday,9,KPK,Charsadda,National Highway,Good,Extreme Heat,Daylight,Car/Taxi,1,Signal Violation,1,1,0,0,4,0,Medium
2018,7,Monday,8,Sindh,Karachi,Rural Road,Poor,Clear,Daylight,Motorcycle,3,Signal Violation,1,0,0,0,4,0,Medium
2019,7,Friday,12,Islamabad,Islamabad,National Highway,Good,Clear,Daylight,Car/Taxi,2,Road Condition,1,0,0,0,2,0,Medium
2019,6,Friday,14,Punjab,Sialkot,National Highway,Average,Rainy,Daylight,Car/Taxi,1,Wrong Overtaking,0,0,0,0,1,0,Medium
2023,7,Sunday,14,Punjab,Faisalabad,National Highway,Poor,Rainy,Daylight,Other,2,Wrong Overtaking,0,1,0,0,3,0,High
2023,1,Sunday,0,Punjab,Sheikhupura,National Highway,Average,Rainy,No Light,Motorcycle,2,Road Condition,0,1,1,1,8,2,High
2023,7,Wednesday,13,KPK,Dera Ismail Khan,Urban Road,Under Repair,Rainy,Daylight,Van/Pickup,4,Over Speeding,1,0,0,0,3,2,Medium
2019,5,Saturday,8,Punjab,Rahim Yar Khan,Rural Road,Good,Rainy,Street Light,Van/Pickup,2,Over Speeding,1,1,0,0,2,1,Medium
2023,10,Sunday,10,Sindh,Kashmore,Provincial Highway,Average,Foggy,Daylight,Car/Taxi,2,Driver Fatigue,0,1,0,0,5,0,Medium
2021,6,Friday,4,Sindh,Sukkur,Urban Road,Average,Clear,No Light,Truck/Lorry,1,Wrong Overtaking,0,0,1,0,0,0,Low
2022,6,Sunday,18,Punjab,Multan,National Highway,Poor,Extreme Heat,Daylight,Motorcycle,1,Pedestrian Error,1,1,0,0,4,3,High
2021,3,Thursday,23,Punjab,Rahim Yar Khan,National Highway,Average,Clear,Street Light,Motorcycle,2,Drunk Driving,0,0,1,0,9,1,High
2019,6,Saturday,13,Sindh,Mirpur Khas,Provincial Highway,Poor,Clear,Daylight,Truck/Lorry,2,Road Condition,1,1,0,0,5,0,Medium
2018,5,Tuesday,6,Punjab,Rawalpindi,National Highway,Good,Clear,Daylight,Car/Taxi,3,Wrong Overtaking,0,0,0,0,1,1,Medium
2023,7,Saturday,13,Sindh,Jacobabad,Rural Road,Poor,Dusty/Smoggy,Daylight,Motorcycle,3,Mechanical Failure,1,1,0,0,2,0,Low
2023,1,Tuesday,11,Islamabad,Islamabad,National Highway,Poor,Rainy,Daylight,Motorcycle,2,Road Condition,0,0,0,1,2,0,High
2019,2,Saturday,23,AJK,Mirpur,National Highway,Good,Clear,No Light,Car/Taxi,1,Road Condition,0,1,1,1,1,0,Low
2023,4,Monday,11,Sindh,Jacobabad,Rural Road,Under Repair,Rainy,Daylight,Car/Taxi,1,Wrong Overtaking,0,0,0,0,3,0,Medium
2020,9,Tuesday,16,Sindh,Mirpur Khas,Rural Road,Average,Foggy,Daylight,Van/Pickup,3,Over Speeding,0,0,0,0,2,0,Medium
2019,9,Saturday,13,Punjab,Sheikhupura,Urban Road,Good,Clear,Daylight,Motorcycle,1,Driver Fatigue,1,1,0,0,10,4,High
2022,6,Sunday,18,Gilgit-Baltistan,Skardu,National Highway,Average,Dusty/Smoggy,Daylight,Motorcycle,2,Over Speeding,1,1,0,0,9,3,High
2019,6,Saturday,4,Punjab,Faisalabad,Urban Road,Poor,Clear,Street Light,Rickshaw,1,Over Speeding,0,1,1,0,4,1,Medium
2019,12,Thursday,7,Sindh,Dadu,National Highway,Average,Extreme Heat,Daylight,Motorcycle,2,Over Speeding,1,0,0,1,7,3,High
2018,12,Thursday,15,Punjab,Sheikhupura,National Highway,Poor,Foggy,Daylight,Motorcycle,1,Over Speeding,0,0,0,1,4,4,High
2023,7,Friday,11,Punjab,Bahawalpur,National Highway,Average,Foggy,Daylight,Car/Taxi,2,Wrong Overtaking,0,0,0,0,5,1,Medium
2019,6,Thursday,22,Punjab,Gujranwala,Rural Road,Average,Clear,Street Light,Truck/Lorry,2,Driver Fatigue,0,0,1,0,2,3,High
2022,8,Saturday,18,KPK,Abbottabad,National Highway,Good,Rainy,Daylight,Van/Pickup,2,Drunk Driving,1,1,0,0,1,1,Medium
2020,8,Monday,14,Sindh,Kashmore,Urban Road,Poor,Clear,Street Light,Rickshaw,4,Pedestrian Error,0,0,0,0,1,0,Low
2018,4,Friday,19,Sindh,Karachi,National Highway,Under Repair,Clear,Dawn/Dusk,Car/Taxi,3,Road Condition,1,0,0,0,2,0,Medium
2019,1,Saturday,9,Punjab,Rahim Yar Khan,Urban Road,Good,Foggy,Daylight,Motorcycle,2,Signal Violation,1,1,0,1,4,0,Medium
2020,11,Saturday,8,KPK,Abbottabad,National Highway,Good,Clear,No Light,Truck/Lorry,1,Over Speeding,1,1,0,1,4,1,Medium
2022,2,Thursday,18,Punjab,Sialkot,National Highway,Good,Foggy,Daylight,Bicycle,2,Wrong Overtaking,1,0,0,1,10,3,High
2023,9,Monday,12,Punjab,Multan,Urban Road,Average,Clear,Dawn/Dusk,Motorcycle,2,Road Condition,1,0,0,0,3,0,Medium
2022,5,Tuesday,13,Sindh,Nawabshah,Rural Road,Poor,Rainy,Daylight,Motorcycle,2,Wrong Overtaking,1,0,0,0,9,3,High
2021,12,Wednesday,6,Balochistan,Gwadar,Rural Road,Good,Clear,Daylight,Motorcycle,1,Pedestrian Error,0,0,0,1,4,0,Medium