year,month,day_of_week,hour_of_day,province,district,road_type,road_condition,weather_condition,lighting_condition,vehicle_type,vehicles_involved,accident_cause,is_rush_hour,is_weekend,is_night,is_foggy_month,num_injured,num_killed,severity
2023,9,Tuesday,18,Punjab,Sheikhupura,Provincial Highway,Average,Clear,Daylight,Car/Taxi,1,Wrong Overtaking,1,0,0,0,0,0,Low
2022,3,Tuesday,22,Sindh,Thatta,Provincial Highway,Good,Clear,Street Light,Car/Taxi,2,Driver Fatigue,0,0,1,0,2,3,High
2021,7,Friday,15,Sindh,Kashmore,Urban Road,Good,Clear,Daylight,Truck/Lorry,1,Over Speeding,0,0,0,0,4,0,Medium
2022,8,Tuesday,18,Balochistan,Zhob,Rural Road,Average,Clear,Daylight,Motorcycle,3,Mechanical Failure,1,0,0,0,3,0,Medium
2022,7,Thursday,21,Punjab,Rahim Yar Khan,Rural Road,Under Repair,Clear,Street Light,Car/Taxi,1,Over Speeding,0,0,0,0,2,1,Medium
2023,1,Monday,9,Sindh,Thatta,Provincial Highway,Poor,Rainy,Daylight,Motorcycle,1,Over Speeding,1,0,0,1,10,1,High
2019,9,Thursday,19,Punjab,Sargodha,Provincial Highway,Good,Rainy,Dawn/Dusk,Motorcycle,2,Wrong Overtaking,1,0,0,0,3,0,Medium
2023,12,Friday,9,Punjab,Gujranwala,National Highway,Average,Foggy,Daylight,Motorcycle,3,Over Speeding,1,0,0,1,6,0,High
2020,8,Friday,11,Punjab,Sheikhupura,Provincial Highway,Poor,Dusty/Smoggy,Dawn/Dusk,Motorcycle,2,Wrong Overtaking,0,0,0,0,4,1,Medium
2022,4,Wednesday,13,AJK,Mirpur,National Highway,Average,Clear,Daylight,Car/Taxi,2,Over Speeding,1,0,0,0,5,0,Medium
2022,11,Thursday,8,Punjab,Sheikhupura,Provincial Highway,Good,Clear,Daylight,Motorcycle,2,Wrong Overtaking,1,0,0,1,5,0,Medium
2020,9,Tuesday,14,Islamabad,Islamabad,Provincial Highway,Average,Clear,Daylight,Motorcycle,3,Driver Fatigue,0,0,0,0,10,0,High
2021,7,Saturday,21,Punjab,Multan,Provincial Highway,Poor,Clear,No Light,Motorcycle,3,Over Speeding,0,1,0,0,2,1,Medium
2019,12,Tuesday,19,Islamabad,Islamabad,Provincial Highway,Average,Clear,No Light,Motorcycle,3,Wrong Overtaking,1,0,0,1,4,1,Medium
2022,11,Saturday,15,Sindh,Larkana,National Highway,Average,Foggy,Daylight,Car/Taxi,2,Over Speeding,0,1,0,1,5,0,High
2022,6,Monday,10,Punjab,Bahawalpur,Provincial Highway,Good,Clear,Daylight,Car/Taxi,4,Signal Violation,0,0,0,0,2,0,Low
2023,12,Sunday,9,Sindh,Nawabshah,Provincial Highway,Poor,Clear,Daylight,Motorcycle,4,Over Speeding,1,1,0,1,4,0,Medium
2023,4,Friday,6,Punjab,Sargodha,Provincial Highway,Under Repair,Clear,Daylight,Car/Taxi,2,Signal Violation,0,0,0,0,0,0,Low
2023,8,Saturday,12,Punjab,Multan,National Highway,Good,Clear,Daylight,Motorcycle,1,Wrong Overtaking,1,1,0,0,3,0,High
2022,3,Wednesday,11,Sindh,Karachi,Urban Road,Average,Rainy,Daylight,Rickshaw,2,Over Speeding,0,0,0,0,0,0,Low
2022,1,Saturday,13,Sindh,Larkana,Rural Road,Under Repair,Foggy,Dawn/Dusk,Van/Pickup,1,Road Condition,1,1,0,1,1,0,Low
2023,2,Friday,12,KPK,Swat,National Highway,Good,Foggy,Daylight,Motorcycle,2,Road Condition,1,0,0,1,6,1,High
2022,12,Friday,7,KPK,Mardan,National Highway,Average,Clear,Daylight,Rickshaw,2,Pedestrian Error,1,0,0,1,3,1,Medium
2019,4,Sunday,12,Punjab,Bahawalpur,Provincial Highway,Good,Clear,Daylight,Car/Taxi,1,Driver Fatigue,1,1,0,0,2,0,Low
2021,3,Saturday,12,Islamabad,Islamabad,National Highway,Good,Clear,Daylight,Car/Taxi,3,Signal Violation,1,1,0,0,2,2,Medium
2021,10,Saturday,18,Islamabad,Islamabad,Provincial Highway,Good,Clear,Daylight,Van/Pickup,2,Mobile Phone Use,1,1,0,0,1,0,Low
2018,10,Wednesday,15,Punjab,Gujranwala,National Highway,Average,Extreme Heat,Daylight,Car/Taxi,1,Over Speeding,0,0,0,0,4,0,Medium
2023,3,Friday,8,Punjab,Sheikhupura,National Highway,Under Repair,Foggy,Street Light,Truck/Lorry,2,Pedestrian Error,1,0,0,0,8,2,High
2023,7,Saturday,17,Sindh,Mirpur Khas,Urban Road,Average,Foggy,Street Light,Motorcycle,3,Over Speeding,1,1,0,0,3,1,High
2018,6,Sunday,12,Sindh,Larkana,Provincial Highway,Poor,Dusty/Smoggy,Daylight,Motorcycle,1,Over Speeding,1,1,0,0,5,1,High
2023,1,Monday,11,Punjab,Rawalpindi,Rural Road,Under Repair,Rainy,Daylight,Van/Pickup,3,Road Condition,0,0,0,1,0,0,Low
2023,2,Sunday,6,Punjab,Rahim Yar Khan,National Highway,Average,Clear,Daylight,Van/Pickup,1,Mechanical Failure,0,1,0,1,1,0,Low
2021,6,Wednesday,9,KPK,Dera Ismail Khan,Rural Road,Good,Clear,Daylight,Truck/Lorry,2,Mobile Phone Use,1,0,0,0,2,0,Low
2018,7,Monday,20,Sindh,Karachi,Urban Road,Poor,Foggy,No Light,Truck/Lorry,2,Over Speeding,1,0,0,0,4,0,Medium
2020,6,Thursday,14,Punjab,Sargodha,Urban Road,Good,Clear,Daylight,Motorcycle,2,Driver Fatigue,0,0,0,0,9,0,High
2022,11,Friday,5,Balochistan,Sibi,Provincial Highway,Good,Clear,Daylight,Bus/Coach,4,Signal Violation,0,0,1,1,3,1,Medium
2022,6,Tuesday,11,KPK,Mardan,National Highway,Average,Clear,Street Light,Motorcycle,2,Drunk Driving,0,0,0,0,8,3,High
2021,4,Saturday,14,Punjab,Multan,National Highway,Good,Clear,Daylight,Motorcycle,3,Road Condition,0,1,0,0,4,1,High
2021,8,Wednesday,7,KPK,Charsadda,Provincial Highway,Average,Foggy,Daylight,Bus/Coach,1,Mechanical Failure,1,0,0,0,1,0,Low
2020,7,Saturday,7,Punjab,Sheikhupura,Provincial Highway,Good,Clear,Dawn/Dusk,Motorcycle,2,Driver Fatigue,1,1,0,0,9,1,High
2021,12,Thursday,7,Sindh,Dadu,Urban Road,Poor,Clear,Daylight,Rickshaw,2,Weather Condition,1,0,0,1,2,0,Low
2019,8,Saturday,22,Punjab,Sialkot,Rural Road,Good,Clear,Street Light,Rickshaw,2,Drunk Driving,0,1,1,0,1,1,Medium
2023,11,Thursday,12,Punjab,Faisalabad,Rural Road,Good,Clear,Daylight,Car/Taxi,2,Wrong Overtaking,1,0,0,1,0,0,Low
2019,6,Monday,13,Punjab,Lahore,National Highway,Poor,Clear,Street Light,Motorcycle,3,Drunk Driving,1,0,0,0,9,1,High
2020,11,Tuesday,13,Punjab,Multan,Urban Road,Under Repair,Clear,Daylight,Rickshaw,2,Pedestrian Error,1,0,0,1,1,0,Low
2021,6,Thursday,9,Sindh,Nawabshah,National Highway,Under Repair,Clear,Daylight,Van/Pickup,3,Signal Violation,1,0,0,0,0,0,Low
2020,8,Tuesday,19,KPK,Mardan,Rural Road,Average,Foggy,No Light,Motorcycle,2,Driver Fatigue,1,0,0,0,7,1,High
2023,7,Saturday,13,Punjab,Sialkot,Provincial Highway,Poor,Foggy,Daylight,Bus/Coach,2,Drunk Driving,1,1,0,0,2,1,High
2023,1,Tuesday,21,Punjab,Lahore,National Highway,Poor,Dusty/Smoggy,No Light,Motorcycle,2,Pedestrian Error,0,0,0,1,1,1,Medium
2022,8,Sunday,11,KPK,Mansehra,Provincial Highway,Average,Clear,Daylight,Motorcycle,3,Over Speeding,0,1,0,0,3,0,Medium
2022,2,Monday,9,Punjab,Gujranwala,Urban Road,Good,Foggy,Daylight,Motorcycle,1,Wrong Overtaking,1,0,0,1,1,1,Medium
2021,4,Wednesday,8,Punjab,Faisalabad,Rural Road,Average,Clear,Daylight,Truck/Lorry,1,Wrong Overtaking,1,0,0,0,2,0,Low
2018,1,Sunday,7,Sindh,Larkana,Urban Road,Good,Clear,Daylight,Car/Taxi,1,Mechanical Failure,1,1,0,1,1,0,Low
2023,8,Friday,16,KPK,Bannu,Urban Road,Average,Clear,Daylight,Motorcycle,3,Pedestrian Error,0,0,0,0,2,0,Low
2018,6,Saturday,21,KPK,Mardan,Urban Road,Average,Extreme Heat,No Light,Motorcycle,2,Pedestrian Error,0,1,0,0,0,0,Low
2020,5,Saturday,10,KPK,Kohat,Provincial Highway,Average,Clear,Street Light,Motorcycle,3,Signal Violation,0,1,0,0,4,1,Medium
2019,9,Wednesday,11,Punjab,Rawalpindi,National Highway,Good,Clear,Daylight,Motorcycle,1,Pedestrian Error,0,0,0,0,2,0,Medium
2020,7,Saturday,9,KPK,Mardan,Urban Road,Under Repair,Foggy,Street Light,Car/Taxi,2,Over Speeding,1,1,0,0,4,0,Medium
2022,11,Saturday,5,Punjab,Rahim Yar Khan,Provincial Highway,Average,Clear,No Light,Motorcycle,1,Over Speeding,0,1,1,1,8,1,High
2019,7,Friday,0,Punjab,Bahawalpur,National Highway,Good,Clear,No Light,Motorcycle,2,Over Speeding,0,0,1,0,2,1,High
2023,2,Friday,19,Sindh,Kashmore,Motorway,Good,Dusty/Smoggy,Dawn/Dusk,Motorcycle,2,Over Speeding,1,0,0,1,6,3,High
2021,6,Friday,5,KPK,Bannu,Provincial Highway,Good,Clear,No Light,Van/Pickup,2,Driver Fatigue,0,0,1,0,5,0,Medium
2019,6,Monday,17,Punjab,Sialkot,National Highway,Poor,Rainy,Daylight,Motorcycle,2,Drunk Driving,1,0,0,0,6,0,High
2021,5,Sunday,18,Punjab,Gujranwala,National Highway,Under Repair,Foggy,Daylight,Motorcycle,2,Signal Violation,1,1,0,0,6,2,High
2023,5,Sunday,18,KPK,Nowshera,Rural Road,Good,Clear,Daylight,Motorcycle,2,Drunk Driving,1,1,0,0,1,0,Medium
2020,12,Thursday,19,Balochistan,Khuzdar,National Highway,Good,Clear,Street Light,Motorcycle,1,Over Speeding,1,0,0,1,9,1,High
2020,5,Thursday,11,Sindh,Nawabshah,Provincial Highway,Average,Rainy,Daylight,Car/Taxi,2,Road Condition,0,0,0,0,2,0,Low
2023,9,Tuesday,11,Sindh,Jacobabad,Urban Road,Good,Clear,Daylight,Motorcycle,2,Over Speeding,0,0,0,0,1,0,Medium
2023,5,Thursday,17,Balochistan,Quetta,National Highway,Good,Rainy,Daylight,Motorcycle,1,Wrong Overtaking,1,0,0,0,6,0,High
2020,9,Friday,11,KPK,Swat,Provincial Highway,Average,Dusty/Smoggy,Daylight,Car/Taxi,2,Drunk Driving,0,0,0,0,1,0,Medium
2022,4,Tuesday,18,Sindh,Jacobabad,National Highway,Good,Clear,No Light,Motorcycle,3,Wrong Overtaking,1,0,0,0,10,1,High
2023,9,Monday,22,Punjab,Rahim Yar Khan,Provincial Highway,Under Repair,Clear,Street Light,Bus/Coach,4,Driver Fatigue,0,0,1,0,5,0,Medium
2021,5,Saturday,12,Punjab,Sialkot,National Highway,Good,Extreme Heat,Daylight,Truck/Lorry,3,Over Speeding,1,1,0,0,3,0,Medium
2019,5,Sunday,21,Punjab,Rahim Yar Khan,National Highway,Under Repair,Clear,Street Light,Motorcycle,2,Wrong Overtaking,0,1,0,0,3,3,High
2021,7,Thursday,11,Punjab,Faisalabad,National Highway,Good,Clear,Street Light,Motorcycle,3,Road Condition,0,0,0,0,4,0,Medium
2020,4,Saturday,13,Punjab,Bahawalpur,Urban Road,Average,Clear,Daylight,Car/Taxi,3,Mechanical Failure,1,1,0,0,1,0,Low
2022,12,Tuesday,5,Sindh,Jacobabad,Rural Road,Good,Clear,Dawn/Dusk,Motorcycle,1,Road Condition,0,0,1,1,3,0,Medium
2018,12,Thursday,23,Punjab,Faisalabad,Urban Road,Good,Foggy,Street Light,Car/Taxi,1,Wrong Overtaking,0,0,1,1,1,0,Medium
2022,3,Friday,13,KPK,Bannu,National Highway,Good,Clear,Daylight,Bus/Coach,2,Pedestrian Error,1,0,0,0,2,0,Low
2022,2,Wednesday,21,Punjab,Sialkot,National Highway,Poor,Clear,No Light,Car/Taxi,2,Over Speeding,0,0,0,1,3,0,Medium
2019,10,Monday,14,Sindh,Hyderabad,Motorway,Good,Foggy,Daylight,Bus/Coach,2,Wrong Overtaking,0,0,0,0,4,0,Medium
2021,12,Sunday,10,KPK,Kohat,Rural Road,Poor,Clear,No Light,Car/Taxi,2,Signal Violation,0,1,0,1,1,0,Low
2019,1,Friday,16,Sindh,Karachi,Rural Road,Good,Clear,Daylight,Car/Taxi,1,Pedestrian Error,0,0,0,1,0,0,Low
2022,8,Saturday,21,Punjab,Faisalabad,Provincial Highway,Poor,Rainy,Street Light,Motorcycle,4,Wrong Overtaking,0,1,0,0,7,1,High
2018,5,Sunday,16,Sindh,Dadu,Provincial Highway,Good,Clear,Daylight,Bus/Coach,4,Drunk Driving,0,1,0,0,5,0,Medium
2018,5,Saturday,18,Balochistan,Dera Bugti,Rural Road,Under Repair,Dusty/Smoggy,Daylight,Motorcycle,2,Driver Fatigue,1,1,0,0,5,0,High
2022,1,Tuesday,8,Gilgit-Baltistan,Gilgit,Rural Road,Poor,Clear,Dawn/Dusk,Van/Pickup,2,Over Speeding,1,0,0,1,0,0,Low
2023,11,Sunday,21,Sindh,Larkana,Provincial Highway,Poor,Rainy,Street Light,Bus/Coach,1,Road Condition,0,1,0,1,5,1,Medium
2018,12,Wednesday,13,KPK,Bannu,Provincial Highway,Good,Clear,Daylight,Car/Taxi,3,Over Speeding,1,0,0,1,3,0,Medium
2021,1,Monday,17,Punjab,Multan,Provincial Highway,Average,Extreme Heat,Dawn/Dusk,Motorcycle,3,Wrong Overtaking,1,0,0,1,4,3,High
2023,7,Saturday,22,Balochistan,Dera Bugti,National Highway,Poor,Rainy,Street Light,Bus/Coach,2,Over Speeding,0,1,1,0,2,2,High
2019,5,Tuesday,6,Islamabad,Islamabad,Urban Road,Average,Foggy,Daylight,Motorcycle,3,Road Condition,0,0,0,0,3,2,Medium
2022,3,Friday,6,Sindh,Karachi,National Highway,Poor,Clear,Daylight,Car/Taxi,1,Wrong Overtaking,0,0,0,0,5,0,Medium
2020,5,Thursday,6,KPK,Kohat,Motorway,Good,Foggy,Daylight,Bicycle,2,Mobile Phone Use,0,0,0,0,5,1,High
2023,9,Thursday,16,Sindh,Nawabshah,Provincial Highway,Good,Clear,Daylight,Rickshaw,4,Pedestrian Error,0,0,0,0,0,1,Low
2021,10,Monday,7,Punjab,Lahore,Provincial Highway,Average,Rainy,No Light,Van/Pickup,2,Road Condition,1,0,0,0,1,0,Low
2023,1,Thursday,20,Balochistan,Chaman,Urban Road,Good,Clear,No Light,Truck/Lorry,2,Road Condition,1,0,0,1,1,0,Low
2023,10,Tuesday,18,Sindh,Karachi,Urban Road,Average,Clear,Daylight,Bus/Coach,1,Over Speeding,1,0,0,0,4,0,Medium
2021,10,Saturday,11,Sindh,Nawabshah,Urban Road,Average,Rainy,Dawn/Dusk,Motorcycle,2,Over Speeding,0,1,0,0,2,0,Medium
2018,3,Thursday,12,Sindh,Dadu,Provincial Highway,Poor,Foggy,Dawn/Dusk,Bus/Coach,3,Wrong Overtaking,1,0,0,0,1,1,Medium
2020,6,Sunday,16,Balochistan,Khuzdar,Provincial Highway,Under Repair,Clear,Daylight,Motorcycle,1,Over Speeding,0,1,0,0,10,2,High
2020,12,Sunday,16,KPK,Kohat,National Highway,Poor,Clear,Daylight,Motorcycle,4,Wrong Overtaking,0,1,0,1,5,3,High
2020,3,Saturday,22,Punjab,Lahore,Urban Road,Average,Foggy,Street Light,Car/Taxi,2,Signal Violation,0,1,1,0,0,0,Low
2023,1,Saturday,13,Sindh,Karachi,National Highway,Average,Rainy,Daylight,Bicycle,2,Signal Violation,1,1,0,1,9,2,High
2021,10,Saturday,13,AJK,Mirpur,Provincial Highway,Good,Clear,Daylight,Car/Taxi,3,Mobile Phone Use,1,1,0,0,0,0,Low
2018,7,Monday,4,Sindh,Nawabshah,Urban Road,Under Repair,Foggy,Street Light,Motorcycle,2,Signal Violation,0,0,1,0,4,2,High
2020,7,Friday,17,Islamabad,Islamabad,Urban Road,Poor,Clear,Daylight,Motorcycle,2,Signal Violation,1,0,0,0,1,1,Medium
2023,11,Thursday,22,KPK,Nowshera,Rural Road,Average,Clear,Street Light,Motorcycle,2,Over Speeding,0,0,1,1,2,0,Medium
2023,12,Wednesday,19,KPK,Kohat,National Highway,Good,Clear,No Light,Bicycle,1,Pedestrian Error,1,0,0,1,8,0,High
2022,7,Tuesday,23,Punjab,Lahore,Provincial Highway,Good,Clear,No Light,Car/Taxi,2,Weather Condition,0,0,1,0,1,0,Medium
2018,3,Saturday,23,Punjab,Lahore,Rural Road,Good,Clear,Street Light,Motorcycle,1,Signal Violation,0,1,1,0,5,2,High
2023,5,Tuesday,22,Sindh,Karachi,National Highway,Good,Clear,No Light,Motorcycle,2,Signal Violation,0,0,1,0,11,2,High
2019,2,Wednesday,13,Sindh,Sukkur,Provincial Highway,Average,Clear,Daylight,Bus/Coach,4,Pedestrian Error,1,0,0,1,0,0,Low
2022,7,Friday,21,KPK,Swat,Urban Road,Good,Clear,Street Light,Motorcycle,2,Wrong Overtaking,0,0,0,0,2,0,Low
2023,9,Friday,23,KPK,Charsadda,Urban Road,Good,Clear,Street Light,Bus/Coach,1,Pedestrian Error,0,0,1,0,1,0,Low
2022,6,Thursday,12,Punjab,Sheikhupura,Urban Road,Good,Clear,Daylight,Motorcycle,2,Road Condition,1,0,0,0,0,0,Low
2023,1,Saturday,11,KPK,Kohat,Provincial Highway,Good,Foggy,Street Light,Car/Taxi,1,Signal Violation,0,1,0,1,3,2,Medium
2023,12,Friday,17,Sindh,Larkana,National Highway,Average,Clear,Daylight,Truck/Lorry,2,Over Speeding,1,0,0,1,7,2,High
2019,12,Saturday,8,Punjab,Rahim Yar Khan,Rural Road,Good,Clear,Daylight,Motorcycle,3,Over Speeding,1,1,0,1,5,0,Medium
2021,2,Saturday,9,Punjab,Sheikhupura,Rural Road,Average,Clear,Daylight,Motorcycle,1,Over Speeding,1,1,0,1,5,1,Medium
2019,6,Friday,8,Balochistan,Zhob,Urban Road,Poor,Clear,Daylight,Motorcycle,2,Road Condition,1,0,0,0,1,1,Medium
2023,7,Friday,17,Punjab,Rawalpindi,Provincial Highway,Good,Clear,Daylight,Truck/Lorry,2,Road Condition,1,0,0,0,2,2,Medium
2019,12,Monday,3,Punjab,Sargodha,Motorway,Good,Clear,Street Light,Bus/Coach,2,Over Speeding,0,0,1,1,4,0,High
2023,2,Tuesday,4,Punjab,Sheikhupura,National Highway,Good,Foggy,Street Light,Motorcycle,2,Over Speeding,0,0,1,1,11,2,High
2019,9,Sunday,18,Punjab,Rahim Yar Khan,Motorway,Poor,Rainy,Daylight,Motorcycle,3,Road Condition,1,1,0,0,3,1,Medium
2022,6,Friday,9,Sindh,Hyderabad,Provincial Highway,Poor,Clear,Street Light,Bicycle,2,Over Speeding,1,0,0,0,6,1,High
2023,7,Thursday,10,Punjab,Sheikhupura,Provincial Highway,Good,Foggy,Daylight,Motorcycle,1,Mechanical Failure,0,0,0,0,4,0,Medium
2018,11,Tuesday,11,KPK,Mardan,Urban Road,Good,Foggy,Daylight,Motorcycle,3,Road Condition,0,0,0,1,0,0,Low
2021,12,Thursday,9,Punjab,Gujranwala,National Highway,Average,Rainy,Daylight,Motorcycle,2,Road Condition,1,0,0,1,7,1,High
2021,8,Wednesday,19,Sindh,Karachi,Urban Road,Poor,Rainy,Dawn/Dusk,Van/Pickup,1,Mechanical Failure,1,0,0,0,1,0,Low
2023,1,Thursday,15,Punjab,Faisalabad,Provincial Highway,Good,Extreme Heat,Daylight,Bus/Coach,3,Road Condition,0,0,0,1,2,0,Low
2022,6,Friday,19,AJK,Rawalakot,Provincial Highway,Under Repair,Foggy,Dawn/Dusk,Motorcycle,3,Over Speeding,1,0,0,0,7,1,High
2022,3,Wednesday,11,Sindh,Larkana,Urban Road,Good,Clear,Dawn/Dusk,Motorcycle,1,Over Speeding,0,0,0,0,1,2,Medium
2023,8,Friday,5,KPK,Nowshera,Urban Road,Good,Extreme Heat,No Light,Car/Taxi,2,Over Speeding,0,0,1,0,1,1,Medium
2022,8,Saturday,22,KPK,Swat,National Highway,Poor,Clear,No Light,Motorcycle,2,Drunk Driving,0,1,1,0,5,2,High
2021,10,Thursday,13,KPK,Peshawar,National Highway,Average,Clear,Dawn/Dusk,Motorcycle,2,Road Condition,1,0,0,0,9,0,High
2023,7,Sunday,13,KPK,Mansehra,National Highway,Average,Clear,Dawn/Dusk,Rickshaw,3,Pedestrian Error,1,1,0,0,0,0,Low
2019,4,Thursday,12,Punjab,Sheikhupura,Provincial Highway,Average,Rainy,Street Light,Car/Taxi,1,Over Speeding,1,0,0,0,1,0,Medium
2019,7,Wednesday,15,KPK,Mansehra,Provincial Highway,Average,Rainy,Daylight,Bus/Coach,3,Over Speeding,0,0,0,0,5,1,Medium
2018,6,Saturday,19,Punjab,Sargodha,Rural Road,Average,Clear,No Light,Car/Taxi,4,Mechanical Failure,1,1,0,0,1,0,Low
2022,6,Tuesday,16,KPK,Nowshera,Urban Road,Good,Foggy,Daylight,Motorcycle,1,Over Speeding,0,0,0,0,7,1,High
2023,4,Friday,15,Islamabad,Islamabad,Rural Road,Good,Clear,Daylight,Motorcycle,2,Over Speeding,0,0,0,0,2,0,Medium
2023,4,Saturday,18,Balochistan,Quetta,Urban Road,Good,Foggy,Daylight,Car/Taxi,4,Over Speeding,1,1,0,0,5,1,Medium
2022,3,Tuesday,11,Punjab,Faisalabad,National Highway,Good,Clear,Daylight,Car/Taxi,3,Over Speeding,0,0,0,0,3,0,Medium
2022,5,Thursday,19,Punjab,Lahore,Provincial Highway,Good,Clear,Dawn/Dusk,Motorcycle,4,Over Speeding,1,0,0,0,4,0,Medium
2022,1,Friday,7,Punjab,Lahore,Urban Road,Good,Clear,Dawn/Dusk,Truck/Lorry,3,Signal Violation,1,0,0,1,4,1,Medium
2023,7,Tuesday,19,Punjab,Bahawalpur,Provincial Highway,Under Repair,Clear,Street Light,Car/Taxi,3,Over Speeding,1,0,0,0,4,0,Medium
2019,11,Monday,13,Punjab,Multan,National Highway,Average,Dusty/Smoggy,Daylight,Rickshaw,3,Signal Violation,1,0,0,1,4,0,Medium
2022,1,Monday,12,Punjab,Rahim Yar Khan,National Highway,Average,Rainy,Daylight,Car/Taxi,1,Mobile Phone Use,1,0,0,1,2,0,Medium
2018,1,Monday,14,Gilgit-Baltistan,Gilgit,Provincial Highway,Poor,Clear,Daylight,Car/Taxi,2,Over Speeding,0,0,0,1,3,0,Medium
2023,11,Saturday,8,Sindh,Thatta,Rural Road,Good,Clear,Daylight,Motorcycle,1,Mechanical Failure,1,1,0,1,2,1,Low
2019,8,Wednesday,20,Sindh,Mirpur Khas,Rural Road,Good,Foggy,Street Light,Motorcycle,1,Mechanical Failure,1,0,0,0,4,2,Medium
2023,1,Tuesday,18,Sindh,Karachi,Rural Road,Average,Extreme Heat,Daylight,Motorcycle,2,Signal Violation,1,0,0,1,0,0,Low
2020,6,Tuesday,5,KPK,Bannu,Urban Road,Under Repair,Dusty/Smoggy,Street Light,Motorcycle,4,Wrong Overtaking,0,0,1,0,5,0,Medium
2021,7,Tuesday,14,Islamabad,Islamabad,Provincial Highway,Average,Clear,Street Light,Truck/Lorry,2,Over Speeding,0,0,0,0,1,0,Medium
2022,3,Sunday,11,Sindh,Sukkur,Rural Road,Good,Foggy,Dawn/Dusk,Motorcycle,3,Drunk Driving,0,1,0,0,2,0,Medium
2023,5,Saturday,17,Punjab,Sargodha,Provincial Highway,Good,Rainy,Daylight,Van/Pickup,3,Wrong Overtaking,1,1,0,0,5,1,Medium
2019,7,Monday,9,Sindh,Jacobabad,National Highway,Poor,Clear,Daylight,Bus/Coach,1,Driver Fatigue,1,0,0,0,5,0,Medium
2020,11,Thursday,11,Gilgit-Baltistan,Hunza,Motorway,Average,Extreme Heat,Daylight,Car/Taxi,1,Over Speeding,0,0,0,1,1,0,Medium
2019,3,Thursday,21,Punjab,Rahim Yar Khan,National Highway,Average,Foggy,Street Light,Bicycle,4,Wrong Overtaking,0,0,0,0,9,4,High
2023,2,Thursday,12,Sindh,Kashmore,Rural Road,Average,Clear,Daylight,Rickshaw,3,Driver Fatigue,1,0,0,1,2,0,Medium
2023,7,Saturday,16,Punjab,Multan,National Highway,Good,Clear,Daylight,Motorcycle,2,Mechanical Failure,0,1,0,0,1,1,Medium
2023,5,Thursday,10,Punjab,Bahawalpur,Rural Road,Average,Clear,Street Light,Motorcycle,1,Over Speeding,0,0,0,0,2,2,Medium
2023,9,Thursday,12,Balochistan,Chaman,Rural Road,Good,Foggy,Daylight,Bus/Coach,2,Signal Violation,1,0,0,0,2,0,Medium
2020,12,Wednesday,13,Punjab,Faisalabad,Rural Road,Good,Clear,Dawn/Dusk,Bus/Coach,4,Wrong Overtaking,1,0,0,1,2,1,Low
2019,4,Saturday,4,Punjab,Bahawalpur,Rural Road,Poor,Extreme Heat,No Light,Car/Taxi,2,Over Speeding,0,1,1,0,5,0,Medium
2021,2,Saturday,21,Punjab,Gujranwala,Urban Road,Good,Extreme Heat,No Light,Motorcycle,1,Signal Violation,0,1,0,1,1,1,Medium
2022,8,Monday,23,Islamabad,Islamabad,Provincial Highway,Poor,Clear,No Light,Motorcycle,2,Road Condition,0,0,1,0,11,0,High
2021,2,Friday,8,Punjab,Faisalabad,Rural Road,Good,Clear,Daylight,Car/Taxi,1,Drunk Driving,1,0,0,1,0,0,Low
2019,1,Saturday,17,KPK,Mansehra,National Highway,Average,Clear,Street Light,Motorcycle,2,Driver Fatigue,1,1,0,1,7,2,High
2019,6,Tuesday,14,Punjab,Bahawalpur,National Highway,Poor,Clear,Dawn/Dusk,Car/Taxi,3,Over Speeding,0,0,0,0,4,0,Medium
2020,9,Tuesday,11,Balochistan,Gwadar,Rural Road,Good,Foggy,Daylight,Motorcycle,2,Wrong Overtaking,0,0,0,0,11,1,High
2023,7,Sunday,20,Gilgit-Baltistan,Skardu,Urban Road,Under Repair,Foggy,No Light,Car/Taxi,2,Signal Violation,1,1,0,0,2,1,Low
2023,2,Saturday,17,Punjab,Sheikhupura,Rural Road,Good,Clear,Daylight,Motorcycle,1,Signal Violation,1,1,0,1,5,0,Medium
2019,11,Wednesday,7,Punjab,Bahawalpur,Provincial Highway,Average,Dusty/Smoggy,Street Light,Truck/Lorry,2,Wrong Overtaking,1,0,0,1,4,1,Medium
2020,2,Saturday,15,Punjab,Sargodha,Rural Road,Poor,Clear,Daylight,Rickshaw,4,Over Speeding,0,1,0,1,2,0,Low
2022,9,Tuesday,14,KPK,Nowshera,Provincial Highway,Good,Clear,Daylight,Rickshaw,2,Mechanical Failure,0,0,0,0,0,0,Low
2020,9,Tuesday,23,Punjab,Bahawalpur,National Highway,Average,Rainy,Street Light,Car/Taxi,3,Over Speeding,0,0,1,0,8,1,High
2019,1,Monday,7,Punjab,Sargodha,Urban Road,Poor,Clear,Daylight,Bus/Coach,2,Road Condition,1,0,0,1,0,0,Low
2023,7,Saturday,8,Punjab,Lahore,National Highway,Poor,Clear,Daylight,Motorcycle,3,Drunk Driving,1,1,0,0,3,3,High
2018,3,Tuesday,14,Punjab,Gujranwala,National Highway,Average,Extreme Heat,Daylight,Bus/Coach,1,Over Speeding,0,0,0,0,2,0,Medium
2021,8,Saturday,17,Punjab,Faisalabad,National Highway,Average,Clear,Daylight,Motorcycle,2,Wrong Overtaking,1,1,0,0,11,3,High