year,month,day_of_week,hour_of_day,province,district,road_type,road_condition,weather_condition,lighting_condition,vehicle_type,vehicles_involved,accident_cause,is_rush_hour,is_weekend,is_night,is_foggy_month,num_injured,num_killed,severity
2019,10,Thursday,2,Balochistan,Hub,Urban Road,Average,Foggy,Street Light,Car/Taxi,3,Mobile Phone Use,0,0,1,0,2,0,Low
2023,6,Wednesday,14,Balochistan,Hub,Provincial Highway,Good,Dusty/Smoggy,Daylight,Bus/Coach,1,Signal Violation,0,0,0,0,1,1,Medium
2020,8,Monday,1,Punjab,Sialkot,Rural Road,Good,Foggy,Street Light,Car/Taxi,3,Wrong Overtaking,0,0,1,0,3,0,Medium
2019,8,Tuesday,9,Sindh,Nawabshah,National Highway,Average,Rainy,Street Light,Car/Taxi,1,Over Speeding,1,0,0,0,2,1,Medium
2022,9,Saturday,18,Sindh,Nawabshah,National Highway,Average,Dusty/Smoggy,Daylight,Motorcycle,2,Driver Fatigue,1,1,0,0,8,0,High
2018,2,Saturday,8,KPK,Nowshera,Urban Road,Under Repair,Dusty/Smoggy,Daylight,Motorcycle,3,Drunk Driving,1,1,0,1,5,1,High
2022,4,Tuesday,22,Sindh,Hyderabad,National Highway,Good,Clear,No Light,Motorcycle,3,Signal Violation,0,0,1,0,2,1,High
2023,7,Saturday,11,Sindh,Larkana,Provincial Highway,Good,Clear,Daylight,Rickshaw,4,Wrong Overtaking,0,1,0,0,1,0,Low
2021,7,Wednesday,14,Sindh,Mirpur Khas,Provincial Highway,Poor,Rainy,Daylight,Van/Pickup,1,Pedestrian Error,0,0,0,0,0,0,Low
2022,2,Sunday,9,KPK,Dera Ismail Khan,National Highway,Average,Rainy,No Light,Motorcycle,2,Over Speeding,1,1,0,1,11,1,High
2021,11,Saturday,12,Punjab,Sargodha,Rural Road,Under Repair,Clear,Daylight,Motorcycle,1,Pedestrian Error,1,1,0,1,0,0,Low
2020,2,Monday,20,Punjab,Faisalabad,Urban Road,Good,Foggy,Street Light,Rickshaw,1,Driver Fatigue,1,0,0,1,1,1,Low
2023,12,Sunday,22,Punjab,Bahawalpur,National Highway,Poor,Clear,Street Light,Motorcycle,2,Over Speeding,0,1,1,1,4,2,High
2020,5,Tuesday,10,Sindh,Hyderabad,National Highway,Average,Foggy,Daylight,Motorcycle,2,Road Condition,0,0,0,0,6,0,High
2020,6,Saturday,14,Punjab,Gujranwala,National Highway,Average,Foggy,Daylight,Rickshaw,2,Pedestrian Error,0,1,0,0,1,0,Low
2021,10,Thursday,15,Sindh,Dadu,Urban Road,Poor,Extreme Heat,Daylight,Bus/Coach,3,Wrong Overtaking,0,0,0,0,1,0,Low
2022,10,Wednesday,20,Punjab,Faisalabad,Rural Road,Good,Rainy,No Light,Motorcycle,2,Mechanical Failure,1,0,0,0,5,0,Medium
2018,12,Saturday,7,KPK,Mardan,Urban Road,Good,Clear,Daylight,Bicycle,2,Driver Fatigue,1,1,0,1,8,1,High
2018,1,Monday,21,Punjab,Faisalabad,Provincial Highway,Average,Clear,Street Light,Bus/Coach,2,Wrong Overtaking,0,0,0,1,3,0,Medium
2022,7,Tuesday,7,Sindh,Jacobabad,Motorway,Good,Rainy,Dawn/Dusk,Motorcycle,2,Driver Fatigue,1,0,0,0,10,2,High
2019,8,Wednesday,17,Sindh,Mirpur Khas,National Highway,Good,Clear,Daylight,Rickshaw,3,Mobile Phone Use,1,0,0,0,1,1,Medium
2023,4,Friday,19,Punjab,Sheikhupura,National Highway,Average,Rainy,Dawn/Dusk,Truck/Lorry,2,Wrong Overtaking,1,0,0,0,10,2,High
2023,6,Sunday,15,Sindh,Larkana,Rural Road,Good,Clear,Daylight,Motorcycle,1,Driver Fatigue,0,1,0,0,3,1,Medium
2018,10,Thursday,19,KPK,Peshawar,National Highway,Average,Rainy,Dawn/Dusk,Car/Taxi,3,Over Speeding,1,0,0,0,9,1,High
2020,2,Tuesday,14,Punjab,Bahawalpur,National Highway,Good,Rainy,Daylight,Car/Taxi,1,Road Condition,0,0,0,1,1,0,Low
2018,5,Wednesday,10,Balochistan,Zhob,Provincial Highway,Good,Extreme Heat,Daylight,Rickshaw,3,Over Speeding,0,0,0,0,2,0,Medium
2018,5,Friday,9,Balochistan,Sibi,Rural Road,Poor,Clear,Daylight,Car/Taxi,1,Over Speeding,1,0,0,0,0,0,Low
2023,3,Sunday,20,Sindh,Sukkur,Provincial Highway,Good,Clear,No Light,Motorcycle,2,Over Speeding,1,1,0,0,2,0,Medium
2023,2,Tuesday,16,KPK,Dera Ismail Khan,Provincial Highway,Average,Foggy,Daylight,Motorcycle,1,Driver Fatigue,0,0,0,1,3,2,High
2023,6,Thursday,12,Sindh,Jacobabad,Motorway,Good,Foggy,No Light,Motorcycle,2,Over Speeding,1,0,0,0,9,2,High
2023,9,Saturday,16,Sindh,Karachi,National Highway,Good,Clear,Daylight,Truck/Lorry,1,Signal Violation,0,1,0,0,2,0,High
2018,7,Friday,2,Islamabad,Islamabad,Provincial Highway,Good,Clear,Street Light,Bicycle,1,Mobile Phone Use,0,0,1,0,4,0,Medium
2022,7,Sunday,16,Punjab,Faisalabad,National Highway,Poor,Clear,Daylight,Car/Taxi,1,Wrong Overtaking,0,1,0,0,3,0,Medium
2023,7,Saturday,17,Punjab,Gujranwala,Provincial Highway,Average,Clear,Street Light,Truck/Lorry,2,Road Condition,1,1,0,0,0,0,Low
2023,1,Tuesday,9,Punjab,Rahim Yar Khan,National Highway,Good,Clear,Daylight,Truck/Lorry,3,Over Speeding,1,0,0,1,8,1,High
2020,2,Tuesday,20,Sindh,Hyderabad,National Highway,Poor,Clear,Street Light,Car/Taxi,1,Pedestrian Error,1,0,0,1,3,0,Medium
2022,2,Saturday,22,Punjab,Bahawalpur,Rural Road,Under Repair,Clear,No Light,Motorcycle,2,Weather Condition,0,1,1,1,4,0,Medium
2020,11,Friday,7,Balochistan,Hub,National Highway,Good,Clear,Street Light,Car/Taxi,2,Over Speeding,1,0,0,1,2,0,Medium
2022,7,Wednesday,7,Punjab,Sheikhupura,Rural Road,Average,Foggy,Daylight,Bus/Coach,3,Road Condition,1,0,0,0,1,0,Low
2022,12,Wednesday,23,Balochistan,Khuzdar,Provincial Highway,Poor,Rainy,No Light,Bus/Coach,3,Signal Violation,0,0,1,1,2,3,High
2021,6,Tuesday,5,Punjab,Sialkot,National Highway,Poor,Foggy,Dawn/Dusk,Car/Taxi,2,Road Condition,0,0,1,0,2,0,Medium
2021,5,Monday,10,Punjab,Multan,National Highway,Under Repair,Clear,No Light,Rickshaw,3,Over Speeding,0,0,0,0,3,0,Medium
2022,3,Saturday,18,Punjab,Sargodha,National Highway,Poor,Clear,Street Light,Bus/Coach,2,Over Speeding,1,1,0,0,4,0,High
2023,5,Saturday,7,Punjab,Sargodha,Provincial Highway,Good,Clear,Daylight,Bus/Coach,1,Over Speeding,1,1,0,0,3,0,Medium
2021,12,Friday,15,Sindh,Mirpur Khas,Provincial Highway,Good,Extreme Heat,Daylight,Motorcycle,2,Over Speeding,0,0,0,1,10,1,High
2019,1,Saturday,19,Islamabad,Islamabad,Provincial Highway,Poor,Clear,Dawn/Dusk,Car/Taxi,4,Weather Condition,1,1,0,1,0,0,Low
2023,1,Monday,13,Punjab,Rahim Yar Khan,Provincial Highway,Average,Clear,Daylight,Car/Taxi,1,Over Speeding,1,0,0,1,0,0,Low
2022,9,Thursday,18,Sindh,Mirpur Khas,National Highway,Poor,Clear,Daylight,Motorcycle,1,Drunk Driving,1,0,0,0,3,2,High
2023,9,Friday,21,Sindh,Larkana,Rural Road,Poor,Clear,Street Light,Car/Taxi,2,Driver Fatigue,0,0,0,0,1,0,Medium
2022,9,Sunday,9,Punjab,Sheikhupura,Urban Road,Under Repair,Clear,Street Light,Motorcycle,1,Signal Violation,1,1,0,0,2,0,Low
2023,9,Friday,18,Sindh,Jacobabad,Provincial Highway,Average,Foggy,Daylight,Motorcycle,3,Weather Condition,1,0,0,0,2,0,Medium
2019,7,Tuesday,22,Punjab,Sialkot,Provincial Highway,Good,Rainy,Street Light,Motorcycle,1,Signal Violation,0,0,1,0,7,0,High
2020,12,Saturday,23,Balochistan,Khuzdar,Motorway,Good,Clear,No Light,Car/Taxi,3,Signal Violation,0,1,1,1,2,1,Medium
2021,5,Sunday,11,KPK,Kohat,Urban Road,Poor,Clear,Daylight,Motorcycle,4,Mechanical Failure,0,1,0,0,1,0,Medium
2018,12,Friday,17,Punjab,Multan,National Highway,Good,Clear,Daylight,Rickshaw,1,Over Speeding,1,0,0,1,2,2,Medium
2018,1,Saturday,20,Sindh,Mirpur Khas,National Highway,Average,Foggy,No Light,Truck/Lorry,1,Wrong Overtaking,1,1,0,1,9,3,High
2023,8,Sunday,7,Punjab,Faisalabad,Motorway,Average,Clear,Daylight,Car/Taxi,1,Mechanical Failure,1,1,0,0,1,0,Low
2022,2,Wednesday,16,KPK,Kohat,Urban Road,Good,Clear,Daylight,Car/Taxi,3,Wrong Overtaking,0,0,0,1,2,0,Low
2020,9,Thursday,9,KPK,Nowshera,Rural Road,Poor,Clear,Daylight,Rickshaw,2,Signal Violation,1,0,0,0,1,0,Low
2022,8,Friday,20,KPK,Dera Ismail Khan,Provincial Highway,Average,Clear,No Light,Motorcycle,2,Over Speeding,1,0,0,0,2,0,High
2023,12,Saturday,11,Punjab,Rahim Yar Khan,Provincial Highway,Good,Clear,Street Light,Truck/Lorry,1,Wrong Overtaking,0,1,0,1,4,0,Medium
2022,12,Wednesday,12,Punjab,Rawalpindi,National Highway,Good,Foggy,Daylight,Car/Taxi,4,Drunk Driving,1,0,0,1,9,1,High
2020,7,Saturday,8,Sindh,Larkana,Motorway,Average,Clear,Daylight,Bus/Coach,2,Over Speeding,1,1,0,0,10,1,High
2023,7,Friday,15,Islamabad,Islamabad,Urban Road,Average,Clear,Daylight,Car/Taxi,3,Wrong Overtaking,0,0,0,0,1,0,Low
2023,12,Monday,8,Islamabad,Islamabad,Provincial Highway,Average,Foggy,Daylight,Motorcycle,3,Pedestrian Error,1,0,0,1,5,4,High
2019,11,Sunday,2,Punjab,Lahore,Provincial Highway,Average,Foggy,No Light,Car/Taxi,1,Wrong Overtaking,0,1,1,1,2,2,Medium
2019,2,Wednesday,15,KPK,Bannu,National Highway,Average,Rainy,Daylight,Van/Pickup,2,Drunk Driving,0,0,0,1,5,1,High
2021,3,Saturday,11,Islamabad,Islamabad,National Highway,Good,Clear,Daylight,Car/Taxi,2,Over Speeding,0,1,0,0,1,0,Medium
2020,7,Thursday,19,Punjab,Rawalpindi,Urban Road,Average,Clear,Dawn/Dusk,Truck/Lorry,2,Road Condition,1,0,0,0,0,0,Low
2019,11,Tuesday,8,KPK,Dera Ismail Khan,Urban Road,Average,Clear,Daylight,Motorcycle,2,Over Speeding,1,0,0,1,5,2,Medium
2020,3,Friday,9,Punjab,Sialkot,Provincial Highway,Average,Clear,Street Light,Motorcycle,1,Road Condition,1,0,0,0,2,0,Low
2021,7,Friday,8,Punjab,Lahore,Motorway,Average,Rainy,Daylight,Rickshaw,2,Over Speeding,1,0,0,0,6,0,High
2020,1,Thursday,11,Punjab,Gujranwala,Rural Road,Good,Clear,Daylight,Bus/Coach,2,Mechanical Failure,0,0,0,1,0,0,Low
2021,4,Wednesday,16,Sindh,Kashmore,Urban Road,Good,Clear,Daylight,Motorcycle,1,Pedestrian Error,0,0,0,0,5,1,Medium
2022,1,Monday,20,Balochistan,Hub,Provincial Highway,Good,Clear,No Light,Motorcycle,2,Over Speeding,1,0,0,1,4,1,Medium
2023,1,Tuesday,8,Sindh,Mirpur Khas,National Highway,Under Repair,Clear,Dawn/Dusk,Motorcycle,2,Mobile Phone Use,1,0,0,1,4,0,Medium
2019,5,Monday,1,Punjab,Lahore,Rural Road,Good,Clear,Street Light,Motorcycle,2,Drunk Driving,0,0,1,0,9,0,High
2019,9,Friday,0,Punjab,Sargodha,National Highway,Under Repair,Rainy,Street Light,Motorcycle,1,Driver Fatigue,0,0,1,0,5,2,High
2023,3,Friday,12,Sindh,Mirpur Khas,National Highway,Good,Dusty/Smoggy,Daylight,Truck/Lorry,2,Pedestrian Error,1,0,0,0,2,0,Medium
2023,6,Sunday,15,Sindh,Karachi,Urban Road,Good,Dusty/Smoggy,Daylight,Car/Taxi,2,Driver Fatigue,0,1,0,0,1,0,Low
2020,4,Monday,6,Sindh,Thatta,National Highway,Good,Clear,Daylight,Motorcycle,2,Wrong Overtaking,0,0,0,0,4,1,High
2021,1,Sunday,2,Punjab,Sialkot,Rural Road,Average,Clear,Street Light,Bus/Coach,2,Over Speeding,0,1,1,1,3,1,Medium
2021,2,Sunday,5,KPK,Nowshera,Rural Road,Poor,Clear,Dawn/Dusk,Motorcycle,1,Wrong Overtaking,0,1,1,1,10,2,High
2023,4,Wednesday,19,Balochistan,Gwadar,Urban Road,Good,Rainy,No Light,Bicycle,2,Road Condition,1,0,0,0,1,0,Medium
2018,7,Friday,10,Sindh,Karachi,Urban Road,Average,Clear,Daylight,Car/Taxi,3,Over Speeding,0,0,0,0,2,0,Low
2018,2,Sunday,19,KPK,Charsadda,National Highway,Poor,Rainy,Daylight,Motorcycle,2,Over Speeding,1,1,0,1,5,1,High
2023,3,Friday,11,Balochistan,Quetta,Urban Road,Good,Clear,Daylight,Motorcycle,2,Over Speeding,0,0,0,0,3,1,Medium
2019,12,Friday,16,Sindh,Dadu,Provincial Highway,Poor,Foggy,Daylight,Rickshaw,1,Over Speeding,0,0,0,1,6,0,High
2020,10,Thursday,19,KPK,Mansehra,National Highway,Under Repair,Clear,Dawn/Dusk,Motorcycle,2,Wrong Overtaking,1,0,0,0,2,1,Medium
2021,4,Sunday,12,KPK,Kohat,Rural Road,Average,Clear,Dawn/Dusk,Truck/Lorry,2,Driver Fatigue,1,1,0,0,4,0,Medium
2021,1,Tuesday,17,Punjab,Faisalabad,Rural Road,Average,Clear,No Light,Motorcycle,1,Driver Fatigue,1,0,0,1,2,1,Medium
2020,11,Thursday,20,Sindh,Thatta,Rural Road,Good,Clear,Street Light,Bus/Coach,1,Pedestrian Error,1,0,0,1,1,1,Low
2020,7,Wednesday,10,Balochistan,Sibi,Rural Road,Good,Clear,Daylight,Car/Taxi,2,Mechanical Failure,0,0,0,0,1,0,Low
2022,12,Thursday,12,Punjab,Rawalpindi,Rural Road,Under Repair,Dusty/Smoggy,Dawn/Dusk,Car/Taxi,4,Wrong Overtaking,1,0,0,1,0,0,Low
2020,12,Wednesday,22,Balochistan,Dera Bugti,Urban Road,Poor,Foggy,No Light,Motorcycle,1,Weather Condition,0,0,1,1,2,1,Medium
2022,10,Saturday,11,Sindh,Thatta,Provincial Highway,Good,Rainy,Daylight,Motorcycle,1,Mechanical Failure,0,1,0,0,10,4,High
2019,12,Saturday,1,Sindh,Kashmore,Rural Road,Poor,Clear,Street Light,Rickshaw,4,Wrong Overtaking,0,1,1,1,2,1,Medium
2022,11,Friday,13,Sindh,Mirpur Khas,Rural Road,Average,Foggy,Daylight,Motorcycle,1,Over Speeding,1,0,0,1,6,1,High
2021,2,Friday,17,Punjab,Rahim Yar Khan,Urban Road,Average,Clear,Daylight,Car/Taxi,2,Drunk Driving,1,0,0,1,1,0,Low
2020,7,Monday,17,KPK,Swat,National Highway,Good,Rainy,Dawn/Dusk,Bus/Coach,4,Over Speeding,1,0,0,0,11,1,High
2018,8,Friday,6,Sindh,Kashmore,Urban Road,Average,Clear,Daylight,Van/Pickup,3,Pedestrian Error,0,0,0,0,1,0,Low
2022,12,Sunday,20,Balochistan,Sibi,National Highway,Good,Clear,Street Light,Car/Taxi,2,Signal Violation,1,1,0,1,1,0,Medium
2022,1,Thursday,16,Sindh,Jacobabad,Rural Road,Good,Extreme Heat,Daylight,Rickshaw,3,Road Condition,0,0,0,1,1,0,Low
2020,12,Friday,8,KPK,Swat,Urban Road,Good,Dusty/Smoggy,Daylight,Rickshaw,3,Drunk Driving,1,0,0,1,3,1,Medium
2019,1,Monday,21,Gilgit-Baltistan,Hunza,Provincial Highway,Good,Foggy,Street Light,Motorcycle,2,Drunk Driving,0,0,0,1,3,4,High
2019,11,Sunday,18,Punjab,Gujranwala,Motorway,Average,Clear,Daylight,Motorcycle,2,Over Speeding,1,1,0,1,4,2,High
2023,3,Monday,22,KPK,Kohat,Urban Road,Under Repair,Foggy,Street Light,Car/Taxi,1,Wrong Overtaking,0,0,1,0,1,0,Medium
2021,5,Saturday,13,Punjab,Faisalabad,National Highway,Good,Rainy,Daylight,Van/Pickup,3,Wrong Overtaking,1,1,0,0,5,1,Medium
2023,9,Wednesday,17,KPK,Kohat,National Highway,Poor,Clear,Daylight,Motorcycle,1,Over Speeding,1,0,0,0,5,1,High
2023,1,Thursday,13,Sindh,Sukkur,National Highway,Average,Clear,Daylight,Motorcycle,2,Mobile Phone Use,1,0,0,1,4,0,Medium
2018,11,Monday,18,Islamabad,Islamabad,Rural Road,Good,Dusty/Smoggy,No Light,Rickshaw,1,Over Speeding,1,0,0,1,1,0,Low
2020,10,Saturday,6,Balochistan,Hub,National Highway,Good,Clear,No Light,Bicycle,2,Signal Violation,0,1,0,0,3,2,High
2023,8,Thursday,20,Punjab,Lahore,Motorway,Average,Extreme Heat,No Light,Motorcycle,1,Road Condition,1,0,0,0,2,0,Medium
2019,12,Wednesday,14,Punjab,Bahawalpur,Provincial Highway,Poor,Foggy,Daylight,Car/Taxi,3,Wrong Overtaking,0,0,0,1,1,0,Low
2019,7,Monday,18,Sindh,Dadu,Rural Road,Good,Clear,Daylight,Motorcycle,3,Over Speeding,1,0,0,0,3,0,Medium
2018,8,Thursday,9,Sindh,Dadu,Provincial Highway,Good,Rainy,Daylight,Bus/Coach,2,Drunk Driving,1,0,0,0,6,2,High
2023,3,Thursday,0,Punjab,Bahawalpur,Motorway,Poor,Dusty/Smoggy,No Light,Car/Taxi,1,Over Speeding,0,0,1,0,2,0,Medium
2020,11,Sunday,20,Punjab,Faisalabad,Rural Road,Under Repair,Foggy,Street Light,Motorcycle,4,Wrong Overtaking,1,1,0,1,5,0,Medium
2021,6,Wednesday,22,Sindh,Hyderabad,Rural Road,Poor,Dusty/Smoggy,No Light,Bus/Coach,1,Mobile Phone Use,0,0,1,0,1,0,Medium
2022,3,Sunday,20,Punjab,Rahim Yar Khan,Rural Road,Good,Rainy,Street Light,Motorcycle,3,Pedestrian Error,1,1,0,0,2,0,Medium
2022,2,Thursday,14,Balochistan,Hub,Urban Road,Average,Rainy,Street Light,Motorcycle,3,Wrong Overtaking,0,0,0,1,5,0,Medium
2020,1,Sunday,16,KPK,Mansehra,Rural Road,Good,Clear,Daylight,Bus/Coach,2,Over Speeding,0,1,0,1,5,0,Medium
2021,6,Tuesday,7,KPK,Kohat,National Highway,Good,Foggy,Daylight,Motorcycle,1,Signal Violation,1,0,0,0,3,1,High
2021,6,Thursday,8,Punjab,Lahore,Provincial Highway,Poor,Clear,Street Light,Motorcycle,1,Mechanical Failure,1,0,0,0,1,0,Medium
2018,12,Tuesday,14,Punjab,Lahore,Provincial Highway,Under Repair,Rainy,Daylight,Motorcycle,2,Road Condition,0,0,0,1,1,1,Medium
2022,10,Sunday,3,Sindh,Thatta,Rural Road,Poor,Foggy,No Light,Rickshaw,2,Over Speeding,0,1,1,0,3,0,Medium
2023,1,Saturday,23,Gilgit-Baltistan,Gilgit,Provincial Highway,Poor,Foggy,No Light,Motorcycle,2,Signal Violation,0,1,1,1,7,1,High
2023,11,Friday,9,Punjab,Bahawalpur,Provincial Highway,Poor,Foggy,Daylight,Car/Taxi,1,Driver Fatigue,1,0,0,1,5,3,High
2022,8,Tuesday,19,Punjab,Rawalpindi,National Highway,Good,Clear,Dawn/Dusk,Rickshaw,1,Road Condition,1,0,0,0,2,0,Medium
2020,7,Saturday,11,Punjab,Gujranwala,Provincial Highway,Average,Foggy,Street Light,Other,1,Drunk Driving,0,1,0,0,3,2,High
2022,9,Friday,13,KPK,Mardan,Rural Road,Good,Extreme Heat,Daylight,Motorcycle,2,Pedestrian Error,1,0,0,0,2,0,Low
2022,3,Wednesday,13,Sindh,Thatta,Rural Road,Average,Clear,Daylight,Motorcycle,3,Road Condition,1,0,0,0,3,0,Medium
2019,7,Tuesday,17,Punjab,Lahore,Urban Road,Poor,Clear,Daylight,Motorcycle,2,Drunk Driving,1,0,0,0,1,0,Medium
2018,12,Thursday,18,Sindh,Mirpur Khas,Urban Road,Good,Clear,No Light,Car/Taxi,2,Signal Violation,1,0,0,1,2,1,Low
2020,6,Tuesday,20,KPK,Nowshera,Provincial Highway,Under Repair,Clear,Street Light,Motorcycle,1,Road Condition,1,0,0,0,3,1,Medium
2021,2,Saturday,19,Sindh,Kashmore,Rural Road,Good,Clear,Dawn/Dusk,Car/Taxi,2,Over Speeding,1,1,0,1,0,0,Low
2020,3,Monday,19,KPK,Kohat,Provincial Highway,Good,Foggy,Dawn/Dusk,Car/Taxi,3,Wrong Overtaking,1,0,0,0,1,1,Medium
2023,2,Saturday,8,KPK,Abbottabad,Rural Road,Average,Foggy,Street Light,Motorcycle,2,Pedestrian Error,1,1,0,1,2,0,Low
2020,9,Friday,13,KPK,Swat,Motorway,Poor,Foggy,No Light,Motorcycle,2,Drunk Driving,1,0,0,0,9,2,High
2023,5,Thursday,17,Sindh,Dadu,Provincial Highway,Good,Clear,Daylight,Rickshaw,1,Over Speeding,1,0,0,0,3,1,Medium
2023,8,Tuesday,9,Balochistan,Hub,Urban Road,Average,Foggy,Daylight,Motorcycle,2,Signal Violation,1,0,0,0,5,0,Medium
2020,7,Wednesday,9,Balochistan,Khuzdar,Rural Road,Average,Clear,Daylight,Motorcycle,3,Over Speeding,1,0,0,0,4,0,Medium
2022,5,Saturday,21,Punjab,Sargodha,Provincial Highway,Average,Clear,No Light,Other,4,Pedestrian Error,0,1,0,0,2,0,Low
2023,1,Friday,6,Punjab,Sialkot,Rural Road,Good,Rainy,Daylight,Truck/Lorry,2,Over Speeding,0,0,0,1,1,0,Medium
2023,12,Sunday,8,KPK,Abbottabad,Urban Road,Poor,Clear,Street Light,Van/Pickup,3,Drunk Driving,1,1,0,1,2,0,Low
2023,6,Monday,13,Punjab,Rahim Yar Khan,Rural Road,Good,Rainy,Daylight,Car/Taxi,2,Road Condition,1,0,0,0,2,0,Low
2022,7,Sunday,3,Islamabad,Islamabad,Rural Road,Good,Foggy,Street Light,Car/Taxi,3,Wrong Overtaking,0,1,1,0,3,0,Medium
2019,6,Wednesday,13,Punjab,Rawalpindi,Urban Road,Good,Foggy,No Light,Car/Taxi,2,Road Condition,1,0,0,0,1,0,Low
2019,7,Thursday,17,Islamabad,Islamabad,National Highway,Average,Dusty/Smoggy,Daylight,Car/Taxi,4,Wrong Overtaking,1,0,0,0,4,1,Medium
2023,4,Saturday,12,Sindh,Larkana,Urban Road,Good,Foggy,Dawn/Dusk,Bus/Coach,1,Pedestrian Error,1,1,0,0,2,0,Low
2023,2,Tuesday,8,KPK,Dera Ismail Khan,National Highway,Good,Clear,Dawn/Dusk,Motorcycle,2,Mechanical Failure,1,0,0,1,5,0,Medium
2023,6,Monday,21,Punjab,Rawalpindi,National Highway,Poor,Clear,No Light,Rickshaw,1,Road Condition,0,0,0,0,1,0,Low
2021,11,Saturday,9,Gilgit-Baltistan,Skardu,Motorway,Under Repair,Foggy,Daylight,Bicycle,3,Pedestrian Error,1,1,0,1,7,2,High
2019,8,Sunday,20,Punjab,Lahore,Provincial Highway,Poor,Rainy,No Light,Motorcycle,2,Mobile Phone Use,1,1,0,0,1,1,Medium
2022,6,Sunday,13,Punjab,Lahore,Provincial Highway,Average,Clear,Daylight,Bicycle,2,Over Speeding,1,1,0,0,7,2,High
2023,7,Thursday,19,Punjab,Sargodha,Provincial Highway,Good,Clear,Street Light,Bus/Coach,2,Road Condition,1,0,0,0,2,1,Medium
2018,6,Friday,8,Islamabad,Islamabad,Urban Road,Good,Clear,Daylight,Bicycle,2,Over Speeding,1,0,0,0,1,1,Medium
2018,1,Saturday,1,Sindh,Thatta,Urban Road,Good,Clear,Street Light,Car/Taxi,2,Wrong Overtaking,0,1,1,1,5,1,Medium
2018,1,Monday,5,KPK,Swat,Urban Road,Average,Clear,Dawn/Dusk,Rickshaw,3,Over Speeding,0,0,1,1,2,0,Medium
2021,12,Friday,23,KPK,Nowshera,Rural Road,Average,Clear,No Light,Other,1,Driver Fatigue,0,0,1,1,2,0,Low
2020,3,Sunday,14,Balochistan,Turbat,National Highway,Under Repair,Foggy,Daylight,Bicycle,3,Over Speeding,0,1,0,0,11,3,High
2018,6,Saturday,4,KPK,Bannu,Rural Road,Good,Clear,No Light,Motorcycle,2,Signal Violation,0,1,1,0,2,1,Medium
2018,6,Thursday,10,Sindh,Dadu,National Highway,Good,Clear,Street Light,Motorcycle,2,Wrong Overtaking,0,0,0,0,4,2,High
2023,6,Wednesday,15,KPK,Nowshera,Urban Road,Average,Clear,Street Light,Car/Taxi,1,Mobile Phone Use,0,0,0,0,0,0,Low
2020,6,Saturday,10,KPK,Kohat,National Highway,Poor,Clear,Daylight,Car/Taxi,2,Road Condition,0,1,0,0,1,0,Medium
2022,12,Friday,6,Punjab,Sargodha,Motorway,Average,Clear,Daylight,Bus/Coach,1,Road Condition,0,0,0,1,1,1,Medium
2023,10,Wednesday,19,Punjab,Sargodha,Urban Road,Average,Rainy,Dawn/Dusk,Rickshaw,4,Drunk Driving,1,0,0,0,0,0,Low
2021,3,Saturday,19,Punjab,Rawalpindi,Rural Road,Good,Clear,Dawn/Dusk,Motorcycle,1,Mobile Phone Use,1,1,0,0,3,0,Medium
2023,3,Monday,21,Punjab,Sargodha,Urban Road,Average,Clear,No Light,Car/Taxi,3,Mechanical Failure,0,0,0,0,1,0,Low
2021,5,Friday,22,Sindh,Sukkur,Motorway,Under Repair,Clear,No Light,Motorcycle,4,Signal Violation,0,0,1,0,2,2,High
2020,1,Friday,8,Sindh,Sukkur,Provincial Highway,Good,Rainy,Daylight,Bus/Coach,2,Driver Fatigue,1,0,0,1,6,2,High
2022,4,Sunday,17,Islamabad,Islamabad,Provincial Highway,Good,Clear,Daylight,Motorcycle,1,Wrong Overtaking,1,1,0,0,6,1,High
2022,11,Tuesday,3,Punjab,Sargodha,Urban Road,Average,Clear,No Light,Car/Taxi,1,Over Speeding,0,0,1,1,4,0,Medium
2020,9,Saturday,13,KPK,Nowshera,National Highway,Average,Clear,Street Light,Rickshaw,3,Signal Violation,1,1,0,0,2,0,Low
2019,12,Saturday,22,Sindh,Nawabshah,National Highway,Under Repair,Clear,No Light,Van/Pickup,1,Over Speeding,0,1,1,1,6,1,High
2023,12,Wednesday,10,Punjab,Sargodha,Urban Road,Under Repair,Extreme Heat,No Light,Bus/Coach,1,Wrong Overtaking,0,0,0,1,5,1,Medium
2020,8,Monday,7,Sindh,Kashmore,Provincial Highway,Poor,Foggy,Daylight,Car/Taxi,3,Pedestrian Error,1,0,0,0,2,1,Low
2023,8,Friday,10,Islamabad,Islamabad,Provincial Highway,Average,Rainy,Daylight,Truck/Lorry,2,Signal Violation,0,0,0,0,5,0,Medium
2023,6,Thursday,19,Punjab,Rahim Yar Khan,Rural Road,Good,Foggy,Dawn/Dusk,Rickshaw,3,Signal Violation,1,0,0,0,2,0,Low
2021,1,Tuesday,10,Sindh,Mirpur Khas,National Highway,Good,Rainy,Daylight,Motorcycle,2,Pedestrian Error,0,0,0,1,9,4,High
2021,1,Monday,19,Punjab,Sheikhupura,National Highway,Average,Rainy,Daylight,Motorcycle,3,Mobile Phone Use,1,0,0,1,5,2,High
2021,5,Friday,11,Punjab,Lahore,Provincial Highway,Average,Extreme Heat,Daylight,Car/Taxi,2,Road Condition,0,0,0,0,0,0,Low
2022,9,Saturday,15,Sindh,Mirpur Khas,National Highway,Average,Dusty/Smoggy,Street Light,Rickshaw,2,Signal Violation,0,1,0,0,1,0,Low
2019,7,Sunday,15,Balochistan,Khuzdar,National Highway,Average,Clear,Street Light,Motorcycle,1,Signal Violation,0,1,0,0,10,2,High