year,month,day_of_week,hour_of_day,province,district,road_type,road_condition,weather_condition,lighting_condition,vehicle_type,vehicles_involved,accident_cause,is_rush_hour,is_weekend,is_night,is_foggy_month,num_injured,num_killed,severity
2019,8,Tuesday,15,KPK,Charsadda,Urban Road,Average,Foggy,Daylight,Car/Taxi,2,Over Speeding,0,0,0,0,1,0,Low
2023,7,Monday,19,Sindh,Jacobabad,Provincial Highway,Good,Clear,Street Light,Car/Taxi,1,Mechanical Failure,1,0,0,0,1,0,Low
2022,1,Tuesday,20,Balochistan,Quetta,Urban Road,Average,Dusty/Smoggy,Street Light,Motorcycle,2,Drunk Driving,1,0,0,1,4,2,High
2019,6,Friday,16,Punjab,Sheikhupura,National Highway,Poor,Clear,Daylight,Motorcycle,3,Signal Violation,0,0,0,0,2,0,Medium
2022,5,Monday,9,KPK,Kohat,Provincial Highway,Average,Clear,Daylight,Car/Taxi,1,Over Speeding,1,0,0,0,0,0,Low
2023,10,Tuesday,0,Sindh,Karachi,Urban Road,Poor,Clear,No Light,Motorcycle,2,Signal Violation,0,0,1,0,7,1,High
2023,12,Thursday,23,Balochistan,Quetta,Urban Road,Average,Clear,Street Light,Car/Taxi,2,Over Speeding,0,0,1,1,1,0,Medium
2021,4,Sunday,21,KPK,Charsadda,Urban Road,Under Repair,Dusty/Smoggy,No Light,Bus/Coach,3,Wrong Overtaking,0,1,0,0,2,0,Low
2019,3,Sunday,12,Balochistan,Khuzdar,National Highway,Average,Foggy,Daylight,Motorcycle,2,Road Condition,1,1,0,0,6,1,High
2019,3,Sunday,13,Punjab,Sheikhupura,Rural Road,Average,Clear,Daylight,Bus/Coach,2,Over Speeding,1,1,0,0,5,0,Medium
2022,1,Saturday,8,KPK,Charsadda,Urban Road,Good,Dusty/Smoggy,Daylight,Car/Taxi,1,Over Speeding,1,1,0,1,2,0,Low
2021,12,Thursday,20,KPK,Mansehra,National Highway,Poor,Clear,Street Light,Rickshaw,3,Mechanical Failure,1,0,0,1,5,1,Medium
2021,10,Friday,13,KPK,Mansehra,Provincial Highway,Good,Dusty/Smoggy,No Light,Van/Pickup,2,Driver Fatigue,1,0,0,0,2,0,Low
2020,11,Monday,12,Sindh,Mirpur Khas,Provincial Highway,Good,Clear,Dawn/Dusk,Motorcycle,4,Wrong Overtaking,1,0,0,1,10,2,High
2021,6,Friday,11,Punjab,Faisalabad,National Highway,Good,Clear,No Light,Bus/Coach,1,Road Condition,0,0,0,0,0,0,Low
2021,5,Friday,3,Punjab,Sialkot,Rural Road,Under Repair,Clear,Street Light,Motorcycle,1,Over Speeding,0,0,1,0,5,0,High
2022,11,Friday,14,Punjab,Bahawalpur,Urban Road,Average,Dusty/Smoggy,Street Light,Motorcycle,1,Pedestrian Error,0,0,0,1,0,0,Low
2021,2,Monday,16,Balochistan,Zhob,Provincial Highway,Poor,Clear,Daylight,Rickshaw,2,Wrong Overtaking,0,0,0,1,0,0,Low
2018,4,Saturday,9,Balochistan,Loralai,National Highway,Average,Dusty/Smoggy,Street Light,Rickshaw,2,Road Condition,1,1,0,0,0,0,Low
2022,1,Friday,9,Punjab,Faisalabad,Urban Road,Average,Clear,Daylight,Motorcycle,1,Over Speeding,1,0,0,1,1,1,Medium
2018,9,Saturday,22,Islamabad,Islamabad,National Highway,Poor,Rainy,No Light,Car/Taxi,1,Road Condition,0,1,1,0,2,2,Medium
2018,6,Monday,5,Punjab,Faisalabad,Provincial Highway,Poor,Foggy,Dawn/Dusk,Motorcycle,1,Signal Violation,0,0,1,0,7,2,High
2018,12,Tuesday,6,Punjab,Rawalpindi,Provincial Highway,Under Repair,Foggy,Daylight,Motorcycle,3,Driver Fatigue,0,0,0,1,11,1,High
2023,5,Monday,9,Punjab,Rahim Yar Khan,Urban Road,Good,Rainy,Street Light,Bicycle,3,Mechanical Failure,1,0,0,0,5,0,Medium
2022,1,Monday,21,Balochistan,Loralai,Urban Road,Good,Extreme Heat,No Light,Motorcycle,3,Over Speeding,0,0,0,1,2,0,Medium
2021,11,Friday,21,KPK,Charsadda,Rural Road,Poor,Foggy,No Light,Motorcycle,2,Wrong Overtaking,0,0,0,1,8,2,High
2021,8,Sunday,19,Punjab,Multan,Urban Road,Poor,Clear,No Light,Truck/Lorry,3,Wrong Overtaking,1,1,0,0,1,0,Low
2020,4,Saturday,8,KPK,Dera Ismail Khan,Provincial Highway,Good,Rainy,Daylight,Motorcycle,2,Wrong Overtaking,1,1,0,0,9,0,High
2019,8,Thursday,7,Punjab,Sialkot,Rural Road,Average,Clear,Daylight,Van/Pickup,3,Drunk Driving,1,0,0,0,3,0,Medium
2018,5,Saturday,19,Punjab,Sheikhupura,Urban Road,Under Repair,Foggy,Street Light,Car/Taxi,3,Drunk Driving,1,1,0,0,3,0,Medium
2023,4,Saturday,6,Punjab,Sargodha,Provincial Highway,Poor,Rainy,Daylight,Car/Taxi,1,Over Speeding,0,1,0,0,5,0,Medium
2019,6,Friday,23,Punjab,Multan,National Highway,Good,Rainy,Street Light,Truck/Lorry,4,Driver Fatigue,0,0,1,0,10,1,High
2021,8,Sunday,8,Balochistan,Chaman,Rural Road,Average,Clear,Dawn/Dusk,Motorcycle,3,Wrong Overtaking,1,1,0,0,1,0,Medium
2021,9,Friday,17,KPK,Charsadda,Urban Road,Average,Clear,Daylight,Motorcycle,4,Driver Fatigue,1,0,0,0,4,0,Medium
2023,9,Monday,20,Punjab,Sargodha,Provincial Highway,Good,Foggy,Street Light,Motorcycle,3,Road Condition,1,0,0,0,11,3,High
2019,1,Friday,11,Punjab,Gujranwala,Urban Road,Good,Dusty/Smoggy,No Light,Motorcycle,2,Road Condition,0,0,0,1,3,2,Medium
2018,2,Saturday,16,Punjab,Rahim Yar Khan,Rural Road,Good,Foggy,Daylight,Rickshaw,1,Wrong Overtaking,0,1,0,1,1,0,Low
2023,11,Wednesday,16,Punjab,Rahim Yar Khan,Provincial Highway,Good,Foggy,Daylight,Motorcycle,3,Wrong Overtaking,0,0,0,1,4,1,High
2019,12,Saturday,17,Sindh,Nawabshah,Urban Road,Good,Clear,Daylight,Car/Taxi,1,Road Condition,1,1,0,1,0,1,Low
2023,9,Wednesday,8,Punjab,Rahim Yar Khan,Provincial Highway,Under Repair,Foggy,Daylight,Motorcycle,1,Road Condition,1,0,0,0,1,0,Medium
2018,6,Wednesday,12,KPK,Abbottabad,Urban Road,Good,Clear,Daylight,Motorcycle,2,Over Speeding,1,0,0,0,2,0,Medium
2021,1,Sunday,16,Punjab,Rawalpindi,Provincial Highway,Good,Clear,Street Light,Motorcycle,2,Over Speeding,0,1,0,1,8,2,High
2022,1,Sunday,6,Punjab,Multan,National Highway,Good,Foggy,Daylight,Motorcycle,4,Wrong Overtaking,0,1,0,1,2,0,High
2020,11,Friday,12,Islamabad,Islamabad,Urban Road,Good,Clear,Daylight,Motorcycle,1,Over Speeding,1,0,0,1,1,0,Medium
2020,5,Tuesday,17,Punjab,Faisalabad,Provincial Highway,Average,Rainy,Daylight,Bus/Coach,2,Driver Fatigue,1,0,0,0,4,0,High
2021,11,Thursday,6,Punjab,Sialkot,National Highway,Poor,Rainy,Street Light,Bus/Coach,2,Wrong Overtaking,0,0,0,1,3,2,Medium
2021,5,Tuesday,9,Punjab,Rawalpindi,Rural Road,Poor,Clear,Daylight,Motorcycle,3,Signal Violation,1,0,0,0,5,0,Medium
2020,1,Saturday,20,Punjab,Faisalabad,Provincial Highway,Good,Clear,Street Light,Other,1,Over Speeding,1,1,0,1,2,0,Low
2021,11,Monday,16,Punjab,Sheikhupura,Provincial Highway,Average,Rainy,Daylight,Bus/Coach,2,Over Speeding,0,0,0,1,9,1,High
2020,5,Saturday,21,Punjab,Lahore,National Highway,Good,Rainy,Street Light,Other,2,Mechanical Failure,0,1,0,0,4,0,Medium
2019,1,Saturday,11,Balochistan,Gwadar,National Highway,Good,Foggy,Daylight,Rickshaw,4,Mobile Phone Use,0,1,0,1,4,0,Medium
2023,12,Friday,22,KPK,Bannu,Provincial Highway,Poor,Clear,No Light,Motorcycle,2,Over Speeding,0,0,1,1,4,0,High
2019,9,Sunday,20,KPK,Kohat,Urban Road,Good,Clear,No Light,Motorcycle,1,Over Speeding,1,1,0,0,8,2,High
2022,7,Thursday,22,Sindh,Nawabshah,National Highway,Good,Clear,Street Light,Bus/Coach,2,Wrong Overtaking,0,0,1,0,3,0,Medium
2021,12,Friday,16,Sindh,Larkana,Urban Road,Good,Clear,Daylight,Rickshaw,1,Wrong Overtaking,0,0,0,1,0,0,Low
2019,8,Friday,23,Punjab,Rahim Yar Khan,Urban Road,Good,Foggy,Street Light,Bicycle,1,Road Condition,0,0,1,0,5,2,High
2023,3,Monday,22,Punjab,Sialkot,National Highway,Average,Dusty/Smoggy,Street Light,Motorcycle,1,Pedestrian Error,0,0,1,0,10,2,High
2019,9,Sunday,21,Punjab,Sargodha,Urban Road,Under Repair,Clear,No Light,Rickshaw,1,Wrong Overtaking,0,1,0,0,2,0,Low
2019,5,Thursday,20,Sindh,Nawabshah,Rural Road,Good,Rainy,Street Light,Motorcycle,2,Over Speeding,1,0,0,0,7,3,High
2018,11,Sunday,5,Punjab,Sialkot,Urban Road,Average,Foggy,Dawn/Dusk,Motorcycle,1,Over Speeding,0,1,1,1,11,1,High
2019,12,Wednesday,17,Punjab,Rawalpindi,Provincial Highway,Average,Clear,Daylight,Motorcycle,2,Wrong Overtaking,1,0,0,1,1,1,Medium
2019,1,Friday,13,Punjab,Bahawalpur,National Highway,Poor,Rainy,Daylight,Car/Taxi,2,Over Speeding,1,0,0,1,1,1,Medium
2023,11,Sunday,9,Punjab,Bahawalpur,Urban Road,Under Repair,Extreme Heat,Daylight,Car/Taxi,1,Signal Violation,1,1,0,1,0,0,Low
2022,2,Friday,21,Punjab,Multan,Urban Road,Average,Clear,No Light,Car/Taxi,2,Road Condition,0,0,0,1,0,0,Low
2023,11,Sunday,13,Punjab,Bahawalpur,Rural Road,Good,Foggy,No Light,Bus/Coach,2,Over Speeding,1,1,0,1,4,4,High
2022,2,Friday,16,Punjab,Sheikhupura,National Highway,Good,Clear,Daylight,Motorcycle,3,Drunk Driving,0,0,0,1,8,2,High
2023,6,Sunday,19,Punjab,Gujranwala,National Highway,Average,Clear,Daylight,Bus/Coach,3,Over Speeding,1,1,0,0,2,1,High
2023,12,Saturday,17,Punjab,Rawalpindi,National Highway,Average,Extreme Heat,Daylight,Rickshaw,2,Over Speeding,1,1,0,1,1,0,Medium
2023,11,Friday,8,Punjab,Sargodha,Provincial Highway,Under Repair,Dusty/Smoggy,Dawn/Dusk,Rickshaw,1,Over Speeding,1,0,0,1,1,0,Medium
2021,8,Wednesday,11,Punjab,Multan,National Highway,Under Repair,Rainy,Daylight,Rickshaw,2,Wrong Overtaking,0,0,0,0,9,0,High
2020,6,Monday,9,KPK,Charsadda,National Highway,Average,Clear,No Light,Truck/Lorry,1,Mechanical Failure,1,0,0,0,5,0,Medium
2022,7,Wednesday,12,Punjab,Rawalpindi,Urban Road,Good,Clear,No Light,Motorcycle,2,Over Speeding,1,0,0,0,3,0,Medium
2020,8,Friday,13,Punjab,Lahore,Urban Road,Poor,Clear,Daylight,Motorcycle,2,Pedestrian Error,1,0,0,0,1,0,Low
2020,5,Monday,15,Punjab,Gujranwala,Provincial Highway,Average,Clear,Daylight,Van/Pickup,1,Wrong Overtaking,0,0,0,0,1,0,Medium
2019,1,Wednesday,16,Punjab,Sialkot,National Highway,Poor,Foggy,Street Light,Van/Pickup,2,Road Condition,0,0,0,1,1,1,Medium
2021,2,Tuesday,22,Punjab,Sheikhupura,Provincial Highway,Poor,Clear,Street Light,Motorcycle,3,Over Speeding,0,0,1,1,6,2,High
2023,9,Thursday,8,AJK,Rawalakot,National Highway,Average,Clear,Daylight,Motorcycle,2,Signal Violation,1,0,0,0,8,0,High
2018,2,Tuesday,13,KPK,Mansehra,National Highway,Good,Clear,Daylight,Motorcycle,1,Wrong Overtaking,1,0,0,1,10,1,High
2020,6,Sunday,0,Punjab,Bahawalpur,Provincial Highway,Good,Clear,No Light,Car/Taxi,1,Over Speeding,0,1,1,0,5,2,Medium
2020,12,Tuesday,12,Sindh,Kashmore,National Highway,Good,Foggy,Dawn/Dusk,Car/Taxi,4,Wrong Overtaking,1,0,0,1,2,0,Medium
2022,6,Sunday,20,Punjab,Multan,Provincial Highway,Good,Clear,Street Light,Motorcycle,3,Drunk Driving,1,1,0,0,9,1,High
2019,7,Wednesday,21,Punjab,Rahim Yar Khan,National Highway,Poor,Dusty/Smoggy,Street Light,Motorcycle,2,Over Speeding,0,0,0,0,5,4,High
2023,1,Saturday,0,KPK,Dera Ismail Khan,National Highway,Average,Clear,Street Light,Car/Taxi,1,Driver Fatigue,0,1,1,1,9,1,High
2019,6,Saturday,9,Punjab,Sialkot,Urban Road,Average,Clear,No Light,Motorcycle,2,Over Speeding,1,1,0,0,10,3,High
2019,2,Tuesday,8,Sindh,Sukkur,National Highway,Average,Foggy,Daylight,Car/Taxi,3,Pedestrian Error,1,0,0,1,1,0,Medium
2019,11,Thursday,19,Sindh,Kashmore,Urban Road,Average,Clear,No Light,Motorcycle,1,Pedestrian Error,1,0,0,1,0,0,Low
2023,11,Saturday,23,Sindh,Dadu,National Highway,Good,Clear,Street Light,Car/Taxi,2,Weather Condition,0,1,1,1,5,0,Medium
2022,1,Thursday,13,AJK,Rawalakot,Urban Road,Good,Clear,Daylight,Motorcycle,1,Wrong Overtaking,1,0,0,1,3,1,Medium
2021,9,Wednesday,21,KPK,Mansehra,Urban Road,Average,Dusty/Smoggy,Street Light,Motorcycle,2,Drunk Driving,0,0,0,0,10,0,High
2022,6,Thursday,14,KPK,Mardan,National Highway,Average,Clear,Daylight,Truck/Lorry,3,Signal Violation,0,0,0,0,2,1,High
2020,7,Wednesday,21,Punjab,Sargodha,Urban Road,Poor,Clear,Street Light,Van/Pickup,2,Over Speeding,0,0,0,0,5,0,Medium
2022,11,Saturday,12,Punjab,Sargodha,National Highway,Poor,Clear,Daylight,Motorcycle,2,Over Speeding,1,1,0,1,2,2,High
2019,8,Monday,13,KPK,Peshawar,Provincial Highway,Good,Clear,Daylight,Motorcycle,4,Wrong Overtaking,1,0,0,0,2,4,High
2022,11,Sunday,18,Gilgit-Baltistan,Gilgit,Rural Road,Good,Dusty/Smoggy,Daylight,Car/Taxi,2,Over Speeding,1,1,0,1,1,0,Low
2019,5,Saturday,22,Punjab,Multan,Rural Road,Average,Clear,No Light,Car/Taxi,1,Signal Violation,0,1,1,0,4,1,Medium
2022,12,Tuesday,9,AJK,Muzaffarabad,Rural Road,Good,Foggy,Daylight,Motorcycle,2,Wrong Overtaking,1,0,0,1,9,2,High
2018,8,Saturday,19,Punjab,Sialkot,Provincial Highway,Good,Foggy,Daylight,Bicycle,2,Over Speeding,1,1,0,0,2,1,High
2019,7,Saturday,20,Punjab,Gujranwala,Motorway,Good,Foggy,Street Light,Rickshaw,2,Weather Condition,1,1,0,0,4,0,Medium
2022,2,Sunday,10,Punjab,Rawalpindi,Urban Road,Good,Clear,Daylight,Van/Pickup,1,Over Speeding,0,1,0,1,1,0,Low
2018,12,Thursday,8,Sindh,Dadu,National Highway,Poor,Clear,Daylight,Rickshaw,3,Signal Violation,1,0,0,1,2,2,Medium
2023,12,Tuesday,7,KPK,Bannu,National Highway,Average,Foggy,Street Light,Motorcycle,1,Over Speeding,1,0,0,1,11,0,High
2019,9,Wednesday,13,Punjab,Sialkot,Urban Road,Poor,Clear,Daylight,Motorcycle,2,Road Condition,1,0,0,0,0,0,Low
2018,12,Monday,22,Balochistan,Zhob,Rural Road,Average,Clear,No Light,Motorcycle,2,Over Speeding,0,0,1,1,9,2,High
2022,6,Thursday,15,Sindh,Dadu,Urban Road,Poor,Foggy,Dawn/Dusk,Bus/Coach,2,Mechanical Failure,0,0,0,0,1,0,Low
2021,7,Monday,20,Sindh,Hyderabad,Provincial Highway,Average,Clear,Street Light,Motorcycle,2,Wrong Overtaking,1,0,0,0,7,0,High
2022,1,Saturday,7,KPK,Peshawar,National Highway,Average,Clear,Daylight,Truck/Lorry,2,Road Condition,1,1,0,1,1,1,Low
2020,12,Wednesday,7,Punjab,Rahim Yar Khan,Rural Road,Poor,Clear,Daylight,Car/Taxi,1,Mobile Phone Use,1,0,0,1,1,0,Low
2022,7,Sunday,17,KPK,Abbottabad,Urban Road,Poor,Rainy,Daylight,Car/Taxi,1,Over Speeding,1,1,0,0,2,0,Medium
2023,12,Saturday,18,Punjab,Bahawalpur,National Highway,Good,Clear,Daylight,Bus/Coach,1,Road Condition,1,1,0,1,5,0,Medium
2019,3,Thursday,18,Punjab,Faisalabad,National Highway,Good,Clear,Daylight,Motorcycle,1,Wrong Overtaking,1,0,0,0,1,0,Medium
2023,5,Saturday,6,Sindh,Thatta,Provincial Highway,Average,Clear,Daylight,Car/Taxi,3,Weather Condition,0,1,0,0,2,0,Low
2019,3,Sunday,8,Balochistan,Dera Bugti,Provincial Highway,Average,Clear,Dawn/Dusk,Motorcycle,2,Road Condition,1,1,0,0,1,0,Medium
2019,11,Monday,17,Sindh,Nawabshah,Provincial Highway,Poor,Rainy,Daylight,Motorcycle,2,Road Condition,1,0,0,1,3,2,High
2018,3,Sunday,8,Sindh,Larkana,Provincial Highway,Average,Dusty/Smoggy,Daylight,Motorcycle,3,Over Speeding,1,1,0,0,8,1,High
2023,1,Saturday,7,KPK,Swat,Rural Road,Average,Clear,Daylight,Van/Pickup,2,Over Speeding,1,1,0,1,1,0,Low
2019,8,Wednesday,11,Punjab,Sargodha,National Highway,Good,Clear,Daylight,Rickshaw,1,Signal Violation,0,0,0,0,2,1,Medium
2022,11,Wednesday,6,KPK,Nowshera,National Highway,Poor,Clear,Daylight,Car/Taxi,2,Signal Violation,0,0,0,1,3,1,Medium
2023,10,Saturday,6,Punjab,Sheikhupura,National Highway,Average,Foggy,Dawn/Dusk,Motorcycle,4,Wrong Overtaking,0,1,0,0,5,0,High
2023,7,Monday,18,Punjab,Multan,Urban Road,Good,Clear,Street Light,Other,2,Over Speeding,1,0,0,0,1,0,Low
2022,10,Sunday,12,Punjab,Sheikhupura,Urban Road,Good,Clear,Daylight,Bicycle,3,Over Speeding,1,1,0,0,4,1,Medium
2023,12,Friday,12,Punjab,Multan,Provincial Highway,Poor,Clear,Daylight,Rickshaw,3,Over Speeding,1,0,0,1,3,0,Medium
2019,5,Wednesday,7,Punjab,Faisalabad,Provincial Highway,Average,Clear,Daylight,Motorcycle,2,Mechanical Failure,1,0,0,0,5,0,Medium
2018,11,Thursday,18,Punjab,Sargodha,Urban Road,Average,Clear,Daylight,Motorcycle,1,Pedestrian Error,1,0,0,1,4,0,Medium
2021,7,Monday,21,Punjab,Sheikhupura,Provincial Highway,Average,Clear,No Light,Motorcycle,2,Driver Fatigue,0,0,0,0,2,2,High
2023,3,Friday,21,KPK,Dera Ismail Khan,Urban Road,Average,Clear,No Light,Motorcycle,1,Over Speeding,0,0,0,0,11,1,High
2022,8,Saturday,18,Sindh,Hyderabad,National Highway,Average,Clear,Daylight,Bus/Coach,2,Mechanical Failure,1,1,0,0,4,2,Medium
2018,12,Saturday,21,Sindh,Nawabshah,Motorway,Under Repair,Foggy,Street Light,Rickshaw,2,Over Speeding,0,1,0,1,9,3,High
2019,5,Monday,17,Punjab,Sialkot,Rural Road,Good,Foggy,Daylight,Car/Taxi,1,Drunk Driving,1,0,0,0,4,0,Medium
2023,12,Sunday,19,KPK,Dera Ismail Khan,National Highway,Good,Extreme Heat,No Light,Motorcycle,2,Mobile Phone Use,1,1,0,1,3,1,Medium
2020,8,Saturday,9,Punjab,Rawalpindi,National Highway,Good,Foggy,Daylight,Bus/Coach,3,Mechanical Failure,1,1,0,0,4,0,Medium
2019,7,Saturday,6,Sindh,Thatta,Provincial Highway,Poor,Rainy,Daylight,Bicycle,3,Signal Violation,0,1,0,0,5,1,High
2020,1,Monday,15,Punjab,Gujranwala,Rural Road,Average,Foggy,Street Light,Rickshaw,2,Signal Violation,0,0,0,1,5,0,Medium
2021,7,Sunday,19,Sindh,Larkana,National Highway,Good,Rainy,Daylight,Rickshaw,2,Road Condition,1,1,0,0,5,0,Medium
2020,9,Wednesday,8,Punjab,Multan,Urban Road,Good,Clear,Daylight,Car/Taxi,2,Wrong Overtaking,1,0,0,0,2,0,Low
2020,6,Friday,19,KPK,Kohat,National Highway,Poor,Rainy,Dawn/Dusk,Motorcycle,1,Signal Violation,1,0,0,0,8,0,High
2021,6,Sunday,19,Balochistan,Dera Bugti,National Highway,Good,Foggy,Dawn/Dusk,Car/Taxi,2,Over Speeding,1,1,0,0,6,2,High
2019,6,Sunday,23,KPK,Swat,Provincial Highway,Good,Dusty/Smoggy,No Light,Motorcycle,1,Signal Violation,0,1,1,0,4,1,Medium
2020,7,Monday,11,Punjab,Sialkot,Rural Road,Average,Clear,Daylight,Car/Taxi,3,Wrong Overtaking,0,0,0,0,0,0,Low
2022,1,Monday,15,Punjab,Bahawalpur,National Highway,Good,Rainy,Street Light,Motorcycle,1,Over Speeding,0,0,0,1,9,0,High
2020,10,Wednesday,17,Balochistan,Turbat,Provincial Highway,Good,Clear,Daylight,Other,2,Wrong Overtaking,1,0,0,0,2,0,Low
2023,5,Sunday,19,Sindh,Jacobabad,Urban Road,Good,Clear,Street Light,Bus/Coach,3,Over Speeding,1,1,0,0,2,0,Medium
2021,12,Thursday,2,Islamabad,Islamabad,National Highway,Poor,Clear,Street Light,Motorcycle,1,Over Speeding,0,0,1,1,11,3,High
2022,1,Friday,11,Punjab,Sialkot,Urban Road,Average,Foggy,Daylight,Bicycle,1,Mobile Phone Use,0,0,0,1,2,0,Medium
2022,7,Friday,6,Islamabad,Islamabad,Rural Road,Poor,Clear,Daylight,Bus/Coach,4,Signal Violation,0,0,0,0,1,0,Low
2023,6,Monday,20,Islamabad,Islamabad,Rural Road,Poor,Rainy,No Light,Other,2,Drunk Driving,1,0,0,0,1,1,Medium
2022,11,Wednesday,20,KPK,Swat,Urban Road,Average,Clear,No Light,Car/Taxi,1,Signal Violation,1,0,0,1,2,0,Low
2022,12,Friday,18,Punjab,Faisalabad,National Highway,Good,Dusty/Smoggy,Daylight,Bicycle,2,Driver Fatigue,1,0,0,1,11,2,High
2020,9,Tuesday,4,Punjab,Lahore,National Highway,Average,Clear,Street Light,Car/Taxi,3,Signal Violation,0,0,1,0,1,1,Medium
2022,1,Thursday,8,Balochistan,Chaman,National Highway,Good,Clear,Dawn/Dusk,Motorcycle,2,Mechanical Failure,1,0,0,1,2,0,Medium
2023,11,Sunday,6,Balochistan,Chaman,Motorway,Average,Foggy,Street Light,Motorcycle,2,Road Condition,0,1,0,1,8,3,High
2019,2,Wednesday,17,Punjab,Sheikhupura,Urban Road,Good,Clear,Daylight,Car/Taxi,2,Over Speeding,1,0,0,1,1,0,Low
2022,12,Thursday,17,Punjab,Gujranwala,National Highway,Under Repair,Clear,Daylight,Motorcycle,1,Over Speeding,1,0,0,1,8,0,High
2023,7,Thursday,18,KPK,Bannu,Urban Road,Poor,Foggy,Street Light,Rickshaw,2,Signal Violation,1,0,0,0,2,0,Low
2022,8,Tuesday,23,Sindh,Larkana,National Highway,Average,Clear,Street Light,Motorcycle,2,Over Speeding,0,0,1,0,2,1,High
2022,1,Thursday,9,Balochistan,Dera Bugti,Rural Road,Poor,Foggy,Daylight,Truck/Lorry,2,Driver Fatigue,1,0,0,1,4,0,Medium
2019,12,Friday,13,KPK,Swat,Rural Road,Under Repair,Clear,Dawn/Dusk,Car/Taxi,3,Road Condition,1,0,0,1,0,0,Low
2020,7,Thursday,13,Balochistan,Hub,Urban Road,Average,Clear,Dawn/Dusk,Car/Taxi,1,Wrong Overtaking,1,0,0,0,2,0,Low
2019,7,Wednesday,9,Punjab,Rawalpindi,National Highway,Under Repair,Dusty/Smoggy,Daylight,Car/Taxi,1,Road Condition,1,0,0,0,2,0,Low
2022,1,Wednesday,14,Punjab,Gujranwala,Provincial Highway,Average,Clear,Daylight,Van/Pickup,1,Wrong Overtaking,0,0,0,1,2,0,Low
2023,5,Monday,19,Punjab,Gujranwala,Urban Road,Average,Clear,Dawn/Dusk,Motorcycle,2,Over Speeding,1,0,0,0,2,0,Medium
2018,3,Monday,21,Islamabad,Islamabad,Provincial Highway,Good,Extreme Heat,Street Light,Van/Pickup,1,Road Condition,0,0,0,0,2,0,Low
2023,9,Sunday,10,Sindh,Kashmore,Urban Road,Good,Clear,Daylight,Motorcycle,1,Road Condition,0,1,0,0,2,0,Low
2020,1,Thursday,5,Punjab,Multan,Provincial Highway,Poor,Dusty/Smoggy,Dawn/Dusk,Bus/Coach,3,Driver Fatigue,0,0,1,1,2,1,High
2021,3,Friday,10,Punjab,Gujranwala,Provincial Highway,Poor,Clear,Daylight,Truck/Lorry,2,Wrong Overtaking,0,0,0,0,1,0,Medium
2020,9,Thursday,6,Punjab,Gujranwala,National Highway,Average,Foggy,Dawn/Dusk,Motorcycle,3,Road Condition,0,0,0,0,1,0,Medium
2019,3,Sunday,3,KPK,Bannu,Urban Road,Good,Foggy,Street Light,Van/Pickup,2,Over Speeding,0,1,1,0,1,0,Medium
2018,1,Tuesday,11,KPK,Peshawar,National Highway,Good,Clear,Daylight,Car/Taxi,2,Signal Violation,0,0,0,1,4,1,Medium
2020,1,Tuesday,18,KPK,Nowshera,Provincial Highway,Good,Clear,Daylight,Motorcycle,2,Over Speeding,1,0,0,1,2,1,Medium
2022,4,Saturday,22,Punjab,Lahore,Urban Road,Good,Clear,No Light,Car/Taxi,1,Over Speeding,0,1,1,0,0,0,Low
2022,6,Friday,3,Balochistan,Quetta,Urban Road,Average,Clear,No Light,Motorcycle,3,Driver Fatigue,0,0,1,0,4,0,Medium
2021,12,Monday,14,Punjab,Rawalpindi,Provincial Highway,Average,Clear,Daylight,Rickshaw,3,Signal Violation,0,0,0,1,2,0,Low
2021,8,Thursday,20,Sindh,Mirpur Khas,National Highway,Under Repair,Rainy,Street Light,Van/Pickup,2,Signal Violation,1,0,0,0,6,1,High
2021,4,Thursday,8,Punjab,Sheikhupura,Provincial Highway,Average,Clear,No Light,Motorcycle,2,Pedestrian Error,1,0,0,0,1,0,Low
2022,11,Sunday,12,Punjab,Sheikhupura,National Highway,Poor,Rainy,No Light,Bicycle,1,Drunk Driving,1,1,0,1,2,2,High
2018,4,Sunday,13,Punjab,Lahore,Provincial Highway,Poor,Foggy,Daylight,Rickshaw,1,Driver Fatigue,1,1,0,0,3,2,High
2021,9,Wednesday,13,Sindh,Sukkur,National Highway,Good,Dusty/Smoggy,No Light,Motorcycle,1,Over Speeding,1,0,0,0,2,0,High
2018,7,Thursday,21,Sindh,Karachi,Rural Road,Average,Clear,No Light,Car/Taxi,3,Driver Fatigue,0,0,0,0,1,0,Low
2023,7,Sunday,17,Punjab,Lahore,Provincial Highway,Under Repair,Clear,Daylight,Van/Pickup,2,Signal Violation,1,1,0,0,0,0,Low
2023,9,Friday,18,Punjab,Sheikhupura,Rural Road,Good,Rainy,Daylight,Motorcycle,2,Road Condition,1,0,0,0,1,0,Medium
2019,12,Saturday,1,Balochistan,Turbat,Provincial Highway,Average,Clear,Street Light,Car/Taxi,4,Wrong Overtaking,0,1,1,1,2,0,Medium
2021,10,Saturday,16,Punjab,Lahore,Provincial Highway,Good,Clear,Street Light,Motorcycle,3,Driver Fatigue,0,1,0,0,5,2,High
2022,8,Saturday,3,Punjab,Sialkot,Provincial Highway,Average,Clear,Street Light,Car/Taxi,4,Over Speeding,0,1,1,0,3,2,Medium