year,month,day_of_week,hour_of_day,province,district,road_type,road_condition,weather_condition,lighting_condition,vehicle_type,vehicles_involved,accident_cause,is_rush_hour,is_weekend,is_night,is_foggy_month,num_injured,num_killed,severity
2022,5,Wednesday,16,Sindh,Hyderabad,Rural Road,Poor,Dusty/Smoggy,Daylight,Car/Taxi,1,Wrong Overtaking,0,0,0,0,1,0,Low
2022,2,Friday,19,Balochistan,Hub,National Highway,Good,Clear,Dawn/Dusk,Bus/Coach,4,Road Condition,1,0,0,1,2,1,Medium
2023,4,Monday,23,Punjab,Rawalpindi,Provincial Highway,Good,Dusty/Smoggy,Street Light,Car/Taxi,2,Driver Fatigue,0,0,1,0,2,1,Medium
2020,9,Sunday,22,Gilgit-Baltistan,Skardu,National Highway,Good,Extreme Heat,No Light,Motorcycle,2,Mechanical Failure,0,1,1,0,1,0,Medium
2018,8,Thursday,14,Punjab,Gujranwala,Provincial Highway,Good,Clear,Street Light,Rickshaw,3,Over Speeding,0,0,0,0,2,0,Medium
2021,1,Thursday,8,Punjab,Bahawalpur,Urban Road,Average,Clear,Daylight,Motorcycle,3,Weather Condition,1,0,0,1,0,0,Low
2018,1,Monday,13,Punjab,Sialkot,Urban Road,Good,Clear,Daylight,Motorcycle,2,Driver Fatigue,1,0,0,1,3,1,Medium
2022,8,Saturday,9,KPK,Charsadda,National Highway,Good,Clear,Daylight,Motorcycle,2,Over Speeding,1,1,0,0,7,2,High
2021,9,Monday,19,Punjab,Sialkot,Urban Road,Poor,Dusty/Smoggy,Street Light,Car/Taxi,3,Over Speeding,1,0,0,0,2,0,Medium
2018,1,Monday,14,Sindh,Larkana,Rural Road,Average,Rainy,Daylight,Motorcycle,4,Road Condition,0,0,0,1,1,0,Low
2022,7,Wednesday,12,Punjab,Multan,Urban Road,Average,Foggy,Dawn/Dusk,Other,1,Wrong Overtaking,1,0,0,0,0,0,Low
2022,1,Monday,8,Punjab,Rahim Yar Khan,Provincial Highway,Good,Clear,Daylight,Bus/Coach,1,Over Speeding,1,0,0,1,2,0,Medium
2023,8,Saturday,11,Balochistan,Dera Bugti,Urban Road,Good,Foggy,Dawn/Dusk,Bus/Coach,1,Wrong Overtaking,0,1,0,0,1,0,Medium
2023,3,Friday,14,KPK,Abbottabad,Rural Road,Average,Foggy,Dawn/Dusk,Bus/Coach,1,Wrong Overtaking,0,0,0,0,2,0,Low
2021,6,Saturday,7,Punjab,Bahawalpur,Provincial Highway,Poor,Clear,Daylight,Motorcycle,1,Over Speeding,1,1,0,0,8,2,High
2021,12,Thursday,8,Sindh,Kashmore,Rural Road,Good,Clear,Street Light,Car/Taxi,1,Driver Fatigue,1,0,0,1,2,1,Low
2023,4,Monday,19,Sindh,Dadu,Motorway,Good,Clear,Street Light,Car/Taxi,3,Over Speeding,1,0,0,0,1,0,Medium
2019,5,Thursday,17,Punjab,Bahawalpur,National Highway,Poor,Clear,Street Light,Motorcycle,2,Pedestrian Error,1,0,0,0,1,0,Medium
2021,8,Wednesday,8,Sindh,Dadu,Rural Road,Good,Dusty/Smoggy,Street Light,Car/Taxi,2,Signal Violation,1,0,0,0,2,0,Low
2022,5,Tuesday,0,Punjab,Rahim Yar Khan,National Highway,Poor,Clear,No Light,Car/Taxi,4,Wrong Overtaking,0,0,1,0,3,0,Medium
2023,11,Tuesday,7,Sindh,Dadu,National Highway,Good,Rainy,Daylight,Motorcycle,2,Over Speeding,1,0,0,1,7,1,High
2020,10,Monday,22,KPK,Abbottabad,Provincial Highway,Poor,Rainy,No Light,Truck/Lorry,2,Over Speeding,0,0,1,0,8,3,High
2022,12,Friday,2,Punjab,Multan,Provincial Highway,Good,Rainy,No Light,Truck/Lorry,4,Over Speeding,0,0,1,1,8,0,High
2019,6,Thursday,15,Punjab,Rawalpindi,National Highway,Good,Clear,Daylight,Motorcycle,3,Wrong Overtaking,0,0,0,0,6,1,High
2022,6,Monday,21,Punjab,Gujranwala,Motorway,Good,Clear,Street Light,Motorcycle,3,Over Speeding,0,0,0,0,4,0,High
2020,5,Friday,19,Islamabad,Islamabad,National Highway,Good,Clear,Dawn/Dusk,Motorcycle,2,Weather Condition,1,0,0,0,2,1,Medium
2021,7,Saturday,6,KPK,Bannu,Urban Road,Poor,Clear,Dawn/Dusk,Motorcycle,2,Over Speeding,0,1,0,0,4,0,Medium
2019,1,Monday,18,Punjab,Rawalpindi,Provincial Highway,Under Repair,Clear,Daylight,Bicycle,2,Wrong Overtaking,1,0,0,1,3,0,Medium
2019,7,Sunday,10,Punjab,Sialkot,National Highway,Average,Dusty/Smoggy,Daylight,Motorcycle,1,Mechanical Failure,0,1,0,0,6,2,High
2020,11,Saturday,8,Punjab,Multan,Rural Road,Good,Dusty/Smoggy,Daylight,Motorcycle,3,Wrong Overtaking,1,1,0,1,2,0,Medium
2022,7,Wednesday,22,Sindh,Karachi,Rural Road,Good,Clear,Street Light,Car/Taxi,1,Over Speeding,0,0,1,0,3,0,Medium
2022,11,Saturday,8,Sindh,Thatta,Rural Road,Average,Clear,Daylight,Motorcycle,2,Pedestrian Error,1,1,0,1,0,0,Low
2018,8,Friday,22,Islamabad,Islamabad,Rural Road,Poor,Dusty/Smoggy,No Light,Motorcycle,1,Wrong Overtaking,0,0,1,0,3,0,Medium
2019,8,Saturday,13,Punjab,Rawalpindi,Provincial Highway,Poor,Extreme Heat,Daylight,Bus/Coach,4,Wrong Overtaking,1,1,0,0,1,1,Medium
2022,1,Sunday,17,Sindh,Thatta,National Highway,Average,Clear,Daylight,Bus/Coach,1,Road Condition,1,1,0,1,4,1,Medium
2021,11,Tuesday,22,KPK,Kohat,Rural Road,Good,Clear,No Light,Motorcycle,2,Road Condition,0,0,1,1,5,0,Medium
2022,5,Monday,17,KPK,Charsadda,National Highway,Good,Clear,Daylight,Van/Pickup,2,Pedestrian Error,1,0,0,0,1,1,Medium
2022,12,Tuesday,8,Punjab,Lahore,Urban Road,Average,Clear,Street Light,Motorcycle,4,Road Condition,1,0,0,1,1,0,Low
2019,1,Thursday,20,KPK,Mansehra,National Highway,Poor,Rainy,No Light,Truck/Lorry,2,Mechanical Failure,1,0,0,1,9,0,High
2023,8,Thursday,15,Punjab,Rawalpindi,National Highway,Good,Clear,Daylight,Van/Pickup,1,Drunk Driving,0,0,0,0,2,1,Medium
2021,10,Wednesday,2,Sindh,Mirpur Khas,Provincial Highway,Average,Rainy,No Light,Motorcycle,2,Mechanical Failure,0,0,1,0,7,0,High
2019,4,Tuesday,3,Balochistan,Gwadar,Urban Road,Good,Dusty/Smoggy,No Light,Rickshaw,2,Road Condition,0,0,1,0,0,0,Low
2020,4,Thursday,8,Islamabad,Islamabad,Rural Road,Good,Clear,Daylight,Car/Taxi,1,Over Speeding,1,0,0,0,0,0,Low
2020,3,Thursday,12,KPK,Bannu,Motorway,Under Repair,Clear,Street Light,Bus/Coach,2,Over Speeding,1,0,0,0,4,0,Medium
2021,6,Thursday,21,Punjab,Rawalpindi,Urban Road,Good,Rainy,Street Light,Motorcycle,1,Mechanical Failure,0,0,0,0,1,0,Low
2023,12,Wednesday,3,KPK,Nowshera,Motorway,Under Repair,Clear,Street Light,Motorcycle,2,Wrong Overtaking,0,0,1,1,3,0,High
2023,4,Friday,0,Punjab,Multan,National Highway,Good,Rainy,No Light,Car/Taxi,1,Road Condition,0,0,1,0,4,0,Medium
2023,5,Wednesday,13,Punjab,Rawalpindi,Provincial Highway,Good,Foggy,Daylight,Motorcycle,1,Drunk Driving,1,0,0,0,4,4,High
2022,5,Saturday,22,KPK,Dera Ismail Khan,Rural Road,Good,Clear,Street Light,Van/Pickup,3,Over Speeding,0,1,1,0,3,0,Medium
2023,12,Monday,7,Punjab,Rawalpindi,National Highway,Under Repair,Clear,Daylight,Truck/Lorry,4,Over Speeding,1,0,0,1,3,0,Medium
2021,5,Thursday,20,Islamabad,Islamabad,Provincial Highway,Good,Clear,No Light,Car/Taxi,2,Over Speeding,1,0,0,0,0,0,Low
2019,7,Wednesday,8,Sindh,Larkana,Rural Road,Average,Extreme Heat,Dawn/Dusk,Car/Taxi,2,Over Speeding,1,0,0,0,0,0,Low
2023,6,Wednesday,20,Sindh,Jacobabad,Urban Road,Good,Clear,Street Light,Motorcycle,1,Mobile Phone Use,1,0,0,0,2,0,Low
2022,10,Wednesday,23,KPK,Bannu,Urban Road,Good,Clear,No Light,Bus/Coach,3,Over Speeding,0,0,1,0,3,1,High
2022,5,Wednesday,17,KPK,Mansehra,Rural Road,Good,Clear,Daylight,Motorcycle,1,Drunk Driving,1,0,0,0,5,0,Medium
2023,7,Friday,16,Sindh,Karachi,Rural Road,Good,Clear,Daylight,Rickshaw,2,Signal Violation,0,0,0,0,2,0,Low
2021,10,Sunday,21,Punjab,Bahawalpur,Provincial Highway,Average,Clear,Street Light,Car/Taxi,2,Pedestrian Error,0,1,0,0,0,0,Low
2019,6,Sunday,11,KPK,Mardan,National Highway,Average,Foggy,Daylight,Motorcycle,2,Over Speeding,0,1,0,0,8,2,High
2021,4,Sunday,8,Punjab,Sheikhupura,Provincial Highway,Average,Clear,Daylight,Van/Pickup,2,Over Speeding,1,1,0,0,4,0,Medium
2023,2,Monday,15,Punjab,Rawalpindi,Provincial Highway,Good,Clear,Daylight,Bus/Coach,1,Over Speeding,0,0,0,1,3,0,Medium
2023,4,Sunday,18,Sindh,Kashmore,Provincial Highway,Good,Clear,Dawn/Dusk,Car/Taxi,2,Mechanical Failure,1,1,0,0,1,0,Low
2019,12,Monday,19,Punjab,Sargodha,Provincial Highway,Average,Extreme Heat,Dawn/Dusk,Car/Taxi,4,Mechanical Failure,1,0,0,1,0,0,Low
2021,1,Sunday,8,AJK,Mirpur,National Highway,Good,Clear,Daylight,Rickshaw,2,Over Speeding,1,1,0,1,3,0,Medium
2020,3,Friday,16,Sindh,Dadu,Rural Road,Average,Extreme Heat,Daylight,Bicycle,2,Over Speeding,0,0,0,0,5,2,High
2022,9,Sunday,23,AJK,Rawalakot,National Highway,Poor,Dusty/Smoggy,Street Light,Motorcycle,1,Drunk Driving,0,1,1,0,7,1,High
2021,12,Monday,19,Punjab,Rawalpindi,Rural Road,Good,Clear,Street Light,Motorcycle,2,Over Speeding,1,0,0,1,6,1,High
2023,6,Tuesday,14,AJK,Mirpur,National Highway,Good,Clear,Daylight,Rickshaw,2,Mechanical Failure,0,0,0,0,2,0,Medium
2021,11,Saturday,13,Punjab,Rawalpindi,Urban Road,Good,Clear,Daylight,Bus/Coach,2,Drunk Driving,1,1,0,1,2,1,Medium
2019,5,Tuesday,6,Punjab,Multan,National Highway,Under Repair,Clear,Street Light,Motorcycle,3,Pedestrian Error,0,0,0,0,6,0,High
2018,3,Monday,10,Punjab,Gujranwala,Provincial Highway,Good,Foggy,Street Light,Motorcycle,2,Wrong Overtaking,0,0,0,0,2,2,High
2021,1,Thursday,14,Sindh,Nawabshah,Rural Road,Good,Clear,Daylight,Truck/Lorry,3,Mechanical Failure,0,0,0,1,2,0,Low
2023,11,Friday,4,Punjab,Sargodha,Urban Road,Poor,Clear,No Light,Motorcycle,1,Wrong Overtaking,0,0,1,1,5,2,Medium
2022,6,Thursday,1,Sindh,Kashmore,National Highway,Average,Rainy,No Light,Motorcycle,3,Pedestrian Error,0,0,1,0,5,0,High
2023,2,Sunday,8,Punjab,Rawalpindi,Urban Road,Poor,Clear,Daylight,Car/Taxi,2,Wrong Overtaking,1,1,0,1,2,1,Low
2023,10,Wednesday,8,Punjab,Sheikhupura,National Highway,Poor,Dusty/Smoggy,Daylight,Motorcycle,1,Road Condition,1,0,0,0,5,0,Medium
2022,8,Sunday,4,Sindh,Sukkur,National Highway,Good,Rainy,No Light,Car/Taxi,2,Wrong Overtaking,0,1,1,0,2,1,Medium
2023,11,Monday,20,Punjab,Rawalpindi,Provincial Highway,Good,Rainy,No Light,Motorcycle,1,Pedestrian Error,1,0,0,1,4,0,High
2021,6,Thursday,12,KPK,Charsadda,Rural Road,Good,Clear,Street Light,Rickshaw,1,Pedestrian Error,1,0,0,0,1,0,Low
2023,4,Sunday,12,Sindh,Kashmore,Rural Road,Under Repair,Foggy,Daylight,Car/Taxi,2,Over Speeding,1,1,0,0,4,0,Medium
2022,5,Wednesday,14,Balochistan,Khuzdar,Urban Road,Under Repair,Foggy,Daylight,Rickshaw,3,Over Speeding,0,0,0,0,2,2,Medium
2020,6,Wednesday,9,Punjab,Sargodha,Provincial Highway,Poor,Clear,Daylight,Car/Taxi,1,Signal Violation,1,0,0,0,2,0,Low
2023,4,Thursday,20,AJK,Muzaffarabad,Rural Road,Good,Clear,No Light,Car/Taxi,1,Mechanical Failure,1,0,0,0,2,0,Low
2019,8,Friday,3,Sindh,Karachi,Rural Road,Good,Extreme Heat,Street Light,Bus/Coach,1,Signal Violation,0,0,1,0,0,0,Low
2020,5,Wednesday,13,AJK,Muzaffarabad,Motorway,Poor,Clear,Daylight,Car/Taxi,3,Over Speeding,1,0,0,0,2,2,High
2023,8,Sunday,13,Punjab,Sheikhupura,Provincial Highway,Poor,Rainy,Daylight,Rickshaw,2,Over Speeding,1,1,0,0,4,0,Medium
2022,6,Saturday,12,KPK,Charsadda,Rural Road,Good,Clear,Daylight,Motorcycle,2,Drunk Driving,1,1,0,0,2,0,Medium
2020,4,Friday,21,KPK,Mardan,Urban Road,Good,Clear,Street Light,Car/Taxi,2,Wrong Overtaking,0,0,0,0,0,0,Low
2023,11,Sunday,19,Punjab,Bahawalpur,Rural Road,Good,Clear,Daylight,Car/Taxi,1,Wrong Overtaking,1,1,0,1,0,0,Low
2020,6,Wednesday,3,Sindh,Kashmore,National Highway,Good,Clear,No Light,Bus/Coach,3,Over Speeding,0,0,1,0,7,2,High
2019,9,Thursday,14,KPK,Bannu,Provincial Highway,Poor,Dusty/Smoggy,Street Light,Motorcycle,2,Over Speeding,0,0,0,0,9,2,High
2023,5,Sunday,22,Sindh,Larkana,Provincial Highway,Average,Clear,Street Light,Van/Pickup,1,Over Speeding,0,1,1,0,9,3,High
2023,1,Friday,10,Punjab,Sheikhupura,National Highway,Poor,Dusty/Smoggy,No Light,Rickshaw,1,Over Speeding,0,0,0,1,2,0,Medium
2022,9,Thursday,16,KPK,Swat,Provincial Highway,Good,Clear,Dawn/Dusk,Car/Taxi,1,Over Speeding,0,0,0,0,5,0,Medium
2019,11,Thursday,9,Punjab,Bahawalpur,National Highway,Average,Foggy,Street Light,Truck/Lorry,3,Over Speeding,1,0,0,1,2,1,High
2020,8,Tuesday,0,KPK,Nowshera,National Highway,Good,Clear,No Light,Motorcycle,2,Over Speeding,0,0,1,0,2,2,High
2020,4,Monday,7,Punjab,Sargodha,Provincial Highway,Poor,Clear,No Light,Van/Pickup,2,Signal Violation,1,0,0,0,5,0,Medium
2019,4,Sunday,9,Punjab,Sheikhupura,Provincial Highway,Good,Clear,Daylight,Motorcycle,3,Signal Violation,1,1,0,0,4,0,Medium
2022,2,Wednesday,23,Punjab,Bahawalpur,National Highway,Good,Foggy,No Light,Motorcycle,4,Drunk Driving,0,0,1,1,6,2,High
2020,11,Friday,16,Sindh,Kashmore,Provincial Highway,Poor,Foggy,Daylight,Rickshaw,3,Mobile Phone Use,0,0,0,1,2,2,Medium
2018,12,Sunday,21,AJK,Mirpur,Provincial Highway,Poor,Clear,No Light,Van/Pickup,1,Signal Violation,0,1,0,1,2,0,Low
2020,12,Thursday,8,Punjab,Sialkot,Urban Road,Average,Clear,Daylight,Motorcycle,3,Road Condition,1,0,0,1,1,0,Low
2019,3,Sunday,17,Punjab,Multan,Rural Road,Good,Extreme Heat,Daylight,Motorcycle,2,Wrong Overtaking,1,1,0,0,2,1,Medium
2021,2,Saturday,19,Punjab,Gujranwala,Provincial Highway,Average,Clear,Dawn/Dusk,Motorcycle,2,Pedestrian Error,1,1,0,1,5,1,Medium
2022,8,Saturday,18,KPK,Swat,Motorway,Average,Dusty/Smoggy,No Light,Motorcycle,3,Driver Fatigue,1,1,0,0,2,2,High
2021,7,Wednesday,14,Sindh,Karachi,National Highway,Good,Clear,Daylight,Car/Taxi,2,Over Speeding,0,0,0,0,9,1,High
2020,2,Saturday,1,Punjab,Sialkot,Urban Road,Good,Clear,Street Light,Motorcycle,1,Pedestrian Error,0,1,1,1,0,0,Low
2021,12,Tuesday,12,Sindh,Dadu,National Highway,Good,Dusty/Smoggy,Daylight,Other,1,Pedestrian Error,1,0,0,1,3,2,Medium
2020,12,Sunday,20,Punjab,Sargodha,National Highway,Good,Clear,No Light,Motorcycle,3,Wrong Overtaking,1,1,0,1,2,0,Medium
2020,8,Tuesday,15,Punjab,Rahim Yar Khan,National Highway,Good,Rainy,Daylight,Rickshaw,2,Road Condition,0,0,0,0,2,0,Low
2022,6,Wednesday,7,Punjab,Multan,National Highway,Under Repair,Dusty/Smoggy,Daylight,Truck/Lorry,2,Drunk Driving,1,0,0,0,7,2,High
2023,2,Saturday,22,KPK,Peshawar,Urban Road,Good,Foggy,No Light,Rickshaw,2,Signal Violation,0,1,1,1,2,0,Low
2018,2,Monday,8,Islamabad,Islamabad,Provincial Highway,Average,Foggy,Dawn/Dusk,Motorcycle,3,Signal Violation,1,0,0,1,3,4,High
2018,2,Sunday,17,KPK,Charsadda,Rural Road,Average,Rainy,Daylight,Motorcycle,2,Road Condition,1,1,0,1,4,0,Medium
2023,10,Friday,13,Sindh,Hyderabad,Motorway,Good,Clear,Dawn/Dusk,Motorcycle,3,Wrong Overtaking,1,0,0,0,4,0,Medium
2022,1,Saturday,15,Sindh,Hyderabad,National Highway,Good,Clear,Dawn/Dusk,Truck/Lorry,2,Signal Violation,0,1,0,1,4,1,Medium
2022,8,Thursday,16,Punjab,Sargodha,Urban Road,Good,Extreme Heat,Daylight,Van/Pickup,3,Wrong Overtaking,0,0,0,0,1,1,Low
2021,11,Saturday,17,KPK,Charsadda,Urban Road,Average,Clear,No Light,Van/Pickup,2,Road Condition,1,1,0,1,1,0,Low
2023,11,Sunday,18,Sindh,Hyderabad,Rural Road,Good,Clear,Dawn/Dusk,Motorcycle,1,Mechanical Failure,1,1,0,1,5,0,Medium
2018,5,Sunday,16,Balochistan,Turbat,National Highway,Poor,Foggy,Daylight,Bicycle,4,Wrong Overtaking,0,1,0,0,2,3,High
2021,3,Wednesday,7,Punjab,Multan,National Highway,Average,Dusty/Smoggy,Daylight,Rickshaw,1,Signal Violation,1,0,0,0,5,1,Medium
2018,9,Sunday,5,KPK,Bannu,Provincial Highway,Average,Clear,Dawn/Dusk,Car/Taxi,1,Pedestrian Error,0,1,1,0,0,0,Low
2021,2,Sunday,8,KPK,Bannu,National Highway,Poor,Clear,Daylight,Van/Pickup,1,Signal Violation,1,1,0,1,1,0,Medium
2020,8,Tuesday,6,Punjab,Bahawalpur,Rural Road,Average,Foggy,Daylight,Truck/Lorry,3,Drunk Driving,0,0,0,0,7,2,High
2023,4,Saturday,16,KPK,Nowshera,Urban Road,Good,Clear,Daylight,Car/Taxi,2,Driver Fatigue,0,1,0,0,1,0,Low
2019,4,Friday,14,Islamabad,Islamabad,Urban Road,Poor,Foggy,No Light,Truck/Lorry,1,Over Speeding,0,0,0,0,3,0,Medium
2019,3,Thursday,21,Balochistan,Chaman,National Highway,Good,Clear,Street Light,Other,2,Signal Violation,0,0,0,0,1,0,Medium
2023,11,Tuesday,9,KPK,Nowshera,Rural Road,Good,Rainy,Dawn/Dusk,Motorcycle,2,Wrong Overtaking,1,0,0,1,3,0,Medium
2019,8,Thursday,10,Punjab,Rawalpindi,Urban Road,Good,Clear,Daylight,Motorcycle,2,Over Speeding,0,0,0,0,3,2,High
2023,7,Friday,17,Balochistan,Gwadar,Motorway,Poor,Rainy,Daylight,Rickshaw,3,Drunk Driving,1,0,0,0,2,1,Medium
2023,2,Friday,20,Sindh,Hyderabad,Provincial Highway,Good,Clear,Street Light,Car/Taxi,2,Over Speeding,1,0,0,1,5,0,Medium
2023,3,Tuesday,18,Punjab,Bahawalpur,National Highway,Average,Clear,Street Light,Truck/Lorry,1,Mechanical Failure,1,0,0,0,4,1,Medium
2019,1,Monday,12,Punjab,Bahawalpur,National Highway,Good,Dusty/Smoggy,Daylight,Rickshaw,2,Over Speeding,1,0,0,1,5,1,Medium
2021,5,Wednesday,10,Punjab,Sargodha,National Highway,Average,Foggy,Daylight,Motorcycle,1,Over Speeding,0,0,0,0,7,0,High
2020,1,Monday,10,Punjab,Sheikhupura,Rural Road,Good,Extreme Heat,Street Light,Rickshaw,3,Drunk Driving,0,0,0,1,2,0,Low
2020,10,Wednesday,19,KPK,Nowshera,National Highway,Good,Clear,No Light,Van/Pickup,2,Wrong Overtaking,1,0,0,0,0,0,Low
2023,6,Wednesday,7,Punjab,Rawalpindi,Provincial Highway,Good,Extreme Heat,Daylight,Motorcycle,3,Wrong Overtaking,1,0,0,0,1,0,Medium
2019,6,Saturday,8,Punjab,Bahawalpur,Provincial Highway,Good,Clear,Daylight,Van/Pickup,2,Road Condition,1,1,0,0,2,0,Low
2023,12,Wednesday,19,Punjab,Rawalpindi,National Highway,Good,Clear,Daylight,Car/Taxi,1,Over Speeding,1,0,0,1,3,0,Medium
2022,4,Saturday,13,Sindh,Karachi,Rural Road,Average,Rainy,Daylight,Car/Taxi,2,Drunk Driving,1,1,0,0,1,0,Low
2019,11,Monday,12,Punjab,Lahore,Provincial Highway,Good,Clear,Daylight,Motorcycle,4,Mobile Phone Use,1,0,0,1,0,0,Low
2020,3,Wednesday,9,Punjab,Multan,National Highway,Under Repair,Clear,Daylight,Motorcycle,2,Over Speeding,1,0,0,0,8,1,High
2020,8,Sunday,14,Punjab,Faisalabad,Provincial Highway,Average,Rainy,Daylight,Car/Taxi,2,Over Speeding,0,1,0,0,3,0,Medium
2022,1,Saturday,21,KPK,Dera Ismail Khan,Urban Road,Poor,Foggy,No Light,Van/Pickup,2,Road Condition,0,1,0,1,0,0,Low
2022,1,Tuesday,15,Punjab,Bahawalpur,Urban Road,Good,Rainy,No Light,Rickshaw,1,Pedestrian Error,0,0,0,1,0,0,Low
2021,3,Tuesday,7,Sindh,Karachi,National Highway,Average,Clear,Daylight,Motorcycle,2,Wrong Overtaking,1,0,0,0,10,0,High
2021,3,Saturday,21,Punjab,Sialkot,Provincial Highway,Poor,Rainy,No Light,Car/Taxi,2,Over Speeding,0,1,0,0,8,2,High
2021,7,Thursday,13,Punjab,Multan,National Highway,Average,Rainy,Street Light,Motorcycle,2,Signal Violation,1,0,0,0,6,1,High
2018,6,Tuesday,12,Punjab,Bahawalpur,Provincial Highway,Under Repair,Rainy,Daylight,Car/Taxi,2,Drunk Driving,1,0,0,0,11,1,High
2019,5,Sunday,18,Punjab,Rawalpindi,National Highway,Good,Extreme Heat,No Light,Motorcycle,2,Over Speeding,1,1,0,0,5,1,High
2019,11,Thursday,21,Punjab,Gujranwala,National Highway,Good,Clear,No Light,Motorcycle,2,Over Speeding,0,0,0,1,5,0,High
2018,6,Thursday,19,Punjab,Sargodha,Urban Road,Average,Clear,Dawn/Dusk,Motorcycle,1,Over Speeding,1,0,0,0,1,0,Medium
2019,10,Monday,10,Punjab,Lahore,Provincial Highway,Poor,Clear,Daylight,Motorcycle,1,Wrong Overtaking,0,0,0,0,1,1,Medium
2023,10,Thursday,18,KPK,Swat,Rural Road,Average,Clear,No Light,Van/Pickup,2,Wrong Overtaking,1,0,0,0,0,0,Low
2023,1,Tuesday,6,Punjab,Faisalabad,Urban Road,Average,Foggy,Daylight,Car/Taxi,2,Signal Violation,0,0,0,1,0,0,Low
2022,2,Monday,11,Balochistan,Gwadar,Urban Road,Under Repair,Foggy,No Light,Rickshaw,3,Wrong Overtaking,0,0,0,1,0,0,Low
2022,3,Wednesday,13,KPK,Mardan,Rural Road,Under Repair,Clear,Daylight,Van/Pickup,4,Wrong Overtaking,1,0,0,0,1,1,Low
2020,2,Friday,7,KPK,Mardan,National Highway,Poor,Clear,Daylight,Truck/Lorry,1,Drunk Driving,1,0,0,1,6,4,High
2019,9,Tuesday,18,Punjab,Rahim Yar Khan,National Highway,Good,Rainy,Daylight,Truck/Lorry,1,Wrong Overtaking,1,0,0,0,2,1,High
2023,12,Friday,16,KPK,Nowshera,Provincial Highway,Under Repair,Foggy,Street Light,Motorcycle,2,Over Speeding,0,0,0,1,10,0,High
2023,2,Monday,12,Punjab,Bahawalpur,National Highway,Average,Clear,Daylight,Van/Pickup,2,Driver Fatigue,1,0,0,1,1,0,Medium
2022,3,Saturday,5,Punjab,Sargodha,National Highway,Good,Clear,Dawn/Dusk,Truck/Lorry,2,Mechanical Failure,0,1,1,0,5,1,Medium
2023,6,Wednesday,10,Punjab,Sheikhupura,National Highway,Average,Clear,Daylight,Car/Taxi,1,Over Speeding,0,0,0,0,5,1,Medium
2022,11,Monday,21,Islamabad,Islamabad,National Highway,Poor,Clear,No Light,Car/Taxi,3,Mechanical Failure,0,0,0,1,0,0,Low
2020,10,Friday,13,Punjab,Bahawalpur,Urban Road,Average,Clear,Dawn/Dusk,Motorcycle,3,Over Speeding,1,0,0,0,4,2,Medium
2023,5,Tuesday,19,Balochistan,Chaman,Provincial Highway,Average,Clear,Daylight,Car/Taxi,3,Wrong Overtaking,1,0,0,0,0,0,Low
2023,10,Wednesday,5,Punjab,Sialkot,National Highway,Good,Clear,Street Light,Motorcycle,3,Over Speeding,0,0,1,0,4,0,High
2020,7,Sunday,18,Balochistan,Hub,Rural Road,Poor,Clear,Daylight,Motorcycle,1,Driver Fatigue,1,1,0,0,4,0,Medium
2023,2,Thursday,22,Balochistan,Quetta,Motorway,Good,Foggy,No Light,Car/Taxi,1,Over Speeding,0,0,1,1,4,4,High
2022,10,Saturday,21,Islamabad,Islamabad,Provincial Highway,Under Repair,Rainy,No Light,Rickshaw,1,Wrong Overtaking,0,1,0,0,2,0,Medium
2023,12,Friday,8,Sindh,Hyderabad,Urban Road,Average,Dusty/Smoggy,Daylight,Motorcycle,3,Road Condition,1,0,0,1,3,0,Medium
2023,8,Monday,18,Balochistan,Dera Bugti,Urban Road,Average,Rainy,Daylight,Car/Taxi,2,Signal Violation,1,0,0,0,2,0,Low
2022,2,Monday,8,Islamabad,Islamabad,Urban Road,Good,Clear,Dawn/Dusk,Motorcycle,1,Driver Fatigue,1,0,0,1,5,0,Medium
2020,1,Monday,9,Punjab,Lahore,Provincial Highway,Good,Rainy,Daylight,Motorcycle,3,Wrong Overtaking,1,0,0,1,10,1,High
2023,10,Monday,9,Punjab,Sheikhupura,Urban Road,Average,Foggy,Daylight,Motorcycle,2,Over Speeding,1,0,0,0,4,2,High
2023,11,Saturday,18,KPK,Swat,National Highway,Average,Clear,Daylight,Truck/Lorry,1,Over Speeding,1,1,0,1,2,3,High
2018,5,Friday,19,Punjab,Rawalpindi,Urban Road,Average,Dusty/Smoggy,Dawn/Dusk,Bus/Coach,3,Pedestrian Error,1,0,0,0,0,0,Low
2022,8,Friday,23,KPK,Dera Ismail Khan,National Highway,Poor,Dusty/Smoggy,No Light,Car/Taxi,3,Drunk Driving,0,0,1,0,10,0,High
2020,12,Wednesday,7,Punjab,Faisalabad,Urban Road,Good,Clear,Daylight,Motorcycle,2,Over Speeding,1,0,0,1,3,0,Medium
2021,12,Thursday,14,Sindh,Jacobabad,National Highway,Poor,Clear,Daylight,Rickshaw,2,Road Condition,0,0,0,1,0,0,Low
2021,6,Tuesday,12,Punjab,Sialkot,Rural Road,Poor,Clear,Daylight,Motorcycle,4,Driver Fatigue,1,0,0,0,4,0,Medium
2020,2,Tuesday,21,Punjab,Rahim Yar Khan,Urban Road,Poor,Foggy,Street Light,Bus/Coach,1,Signal Violation,0,0,0,1,0,0,Low
2019,6,Monday,15,Punjab,Rahim Yar Khan,Provincial Highway,Poor,Clear,Daylight,Car/Taxi,3,Over Speeding,0,0,0,0,0,0,Low
2022,5,Friday,21,KPK,Nowshera,Urban Road,Good,Clear,No Light,Van/Pickup,3,Mechanical Failure,0,0,0,0,0,1,Low