year,month,day_of_week,hour_of_day,province,district,road_type,road_condition,weather_condition,lighting_condition,vehicle_type,vehicles_involved,accident_cause,is_rush_hour,is_weekend,is_night,is_foggy_month,num_injured,num_killed,severity
2019,1,Tuesday,10,Punjab,Lahore,Urban Road,Good,Foggy,Daylight,Motorcycle,2,Wrong Overtaking,0,0,0,1,3,0,Medium
2023,7,Thursday,22,KPK,Peshawar,Rural Road,Average,Clear,No Light,Motorcycle,1,Over Speeding,0,0,1,0,4,1,High
2019,3,Tuesday,15,KPK,Dera Ismail Khan,Provincial Highway,Good,Clear,No Light,Motorcycle,2,Over Speeding,0,0,0,0,2,0,High
2021,3,Thursday,19,Sindh,Larkana,Urban Road,Good,Clear,Dawn/Dusk,Car/Taxi,2,Road Condition,1,0,0,0,1,0,Low
2023,5,Sunday,23,Punjab,Gujranwala,Rural Road,Good,Foggy,Street Light,Rickshaw,1,Over Speeding,0,1,1,0,3,0,Medium
2023,12,Friday,21,Punjab,Faisalabad,Provincial Highway,Good,Foggy,No Light,Motorcycle,1,Pedestrian Error,0,0,0,1,4,0,High
2022,5,Sunday,19,Sindh,Kashmore,National Highway,Good,Rainy,Street Light,Motorcycle,1,Pedestrian Error,1,1,0,0,2,0,High
2018,5,Thursday,14,Punjab,Sialkot,Provincial Highway,Average,Foggy,Daylight,Motorcycle,1,Over Speeding,0,0,0,0,10,0,High
2019,7,Monday,12,Sindh,Hyderabad,National Highway,Good,Foggy,Dawn/Dusk,Car/Taxi,2,Over Speeding,1,0,0,0,7,1,High
2022,5,Friday,9,Islamabad,Islamabad,Urban Road,Good,Rainy,Daylight,Motorcycle,1,Driver Fatigue,1,0,0,0,5,2,High
2023,6,Friday,16,Punjab,Sargodha,Rural Road,Average,Clear,Daylight,Bus/Coach,2,Drunk Driving,0,0,0,0,2,0,Medium
2018,6,Saturday,20,Sindh,Kashmore,National Highway,Poor,Clear,No Light,Motorcycle,2,Wrong Overtaking,1,1,0,0,4,1,Medium
2020,2,Thursday,17,Islamabad,Islamabad,Urban Road,Poor,Dusty/Smoggy,Daylight,Rickshaw,1,Over Speeding,1,0,0,1,1,0,Low
2023,3,Friday,12,Balochistan,Turbat,Provincial Highway,Average,Clear,Daylight,Motorcycle,4,Wrong Overtaking,1,0,0,0,1,0,Medium
2019,1,Friday,6,Balochistan,Quetta,Provincial Highway,Poor,Clear,Daylight,Motorcycle,2,Road Condition,0,0,0,1,4,1,Medium
2023,1,Monday,11,KPK,Bannu,Urban Road,Average,Clear,Daylight,Motorcycle,2,Over Speeding,0,0,0,1,4,1,High
2022,5,Sunday,8,Punjab,Multan,National Highway,Good,Clear,Daylight,Car/Taxi,1,Over Speeding,1,1,0,0,1,2,Medium
2023,5,Sunday,8,Balochistan,Quetta,Motorway,Poor,Clear,Daylight,Truck/Lorry,2,Road Condition,1,1,0,0,4,1,Medium
2023,3,Friday,16,Islamabad,Islamabad,Urban Road,Average,Clear,No Light,Car/Taxi,2,Signal Violation,0,0,0,0,2,0,Low
2022,5,Saturday,10,Sindh,Thatta,Provincial Highway,Average,Clear,Daylight,Rickshaw,4,Driver Fatigue,0,1,0,0,2,0,Medium
2023,8,Tuesday,11,Punjab,Sheikhupura,Urban Road,Poor,Foggy,Daylight,Motorcycle,2,Over Speeding,0,0,0,0,2,1,Medium
2019,3,Wednesday,0,Punjab,Sialkot,National Highway,Average,Foggy,No Light,Motorcycle,3,Wrong Overtaking,0,0,1,0,7,0,High
2018,4,Tuesday,19,Punjab,Rahim Yar Khan,Urban Road,Good,Rainy,Dawn/Dusk,Motorcycle,2,Over Speeding,1,0,0,0,6,2,High
2023,9,Friday,4,Punjab,Rahim Yar Khan,Urban Road,Average,Clear,Street Light,Car/Taxi,2,Mechanical Failure,0,0,1,0,2,0,Low
2022,11,Wednesday,20,Sindh,Larkana,Motorway,Poor,Clear,No Light,Car/Taxi,2,Over Speeding,1,0,0,1,11,0,High
2022,11,Thursday,11,Sindh,Hyderabad,Urban Road,Good,Rainy,Daylight,Car/Taxi,3,Wrong Overtaking,0,0,0,1,1,0,Low
2022,3,Saturday,18,Sindh,Thatta,National Highway,Average,Clear,Daylight,Car/Taxi,2,Mechanical Failure,1,1,0,0,0,0,Low
2023,10,Wednesday,7,Punjab,Rawalpindi,Urban Road,Good,Clear,Daylight,Car/Taxi,2,Drunk Driving,1,0,0,0,0,1,Low
2020,5,Wednesday,21,KPK,Mansehra,National Highway,Average,Clear,Street Light,Car/Taxi,1,Road Condition,0,0,0,0,2,0,Low
2021,2,Thursday,12,Punjab,Sialkot,Urban Road,Under Repair,Foggy,Daylight,Truck/Lorry,2,Wrong Overtaking,1,0,0,1,4,0,Medium
2021,8,Wednesday,13,Punjab,Lahore,Urban Road,Poor,Dusty/Smoggy,Daylight,Car/Taxi,4,Pedestrian Error,1,0,0,0,2,0,Low
2022,2,Monday,8,Sindh,Jacobabad,Rural Road,Poor,Clear,Daylight,Motorcycle,2,Driver Fatigue,1,0,0,1,2,2,Medium
2022,8,Monday,18,Punjab,Sargodha,Provincial Highway,Good,Clear,Daylight,Truck/Lorry,1,Wrong Overtaking,1,0,0,0,3,0,Medium
2019,1,Monday,19,Punjab,Gujranwala,Urban Road,Average,Clear,Dawn/Dusk,Rickshaw,2,Drunk Driving,1,0,0,1,1,0,Low
2021,10,Saturday,17,Punjab,Faisalabad,National Highway,Average,Clear,No Light,Car/Taxi,2,Signal Violation,1,1,0,0,4,1,Medium
2023,8,Thursday,7,KPK,Swat,Motorway,Good,Foggy,Daylight,Bus/Coach,2,Pedestrian Error,1,0,0,0,10,1,High
2022,2,Tuesday,22,Sindh,Jacobabad,Provincial Highway,Under Repair,Rainy,Street Light,Van/Pickup,3,Signal Violation,0,0,1,1,1,0,Medium
2021,11,Thursday,3,Punjab,Sialkot,Rural Road,Under Repair,Clear,No Light,Motorcycle,3,Wrong Overtaking,0,0,1,1,1,0,Medium
2020,6,Sunday,21,Punjab,Sheikhupura,Rural Road,Average,Clear,No Light,Car/Taxi,2,Over Speeding,0,1,0,0,1,0,Low
2021,1,Saturday,14,Sindh,Thatta,National Highway,Poor,Foggy,Daylight,Bus/Coach,2,Mobile Phone Use,0,1,0,1,2,1,Medium
2023,5,Tuesday,12,Balochistan,Hub,Rural Road,Good,Clear,Daylight,Motorcycle,2,Signal Violation,1,0,0,0,4,0,Medium
2023,1,Thursday,19,Sindh,Jacobabad,National Highway,Good,Foggy,Dawn/Dusk,Car/Taxi,2,Wrong Overtaking,1,0,0,1,4,2,Medium
2021,6,Monday,15,KPK,Abbottabad,Rural Road,Good,Foggy,No Light,Rickshaw,3,Driver Fatigue,0,0,0,0,4,0,Medium
2021,11,Thursday,18,Sindh,Larkana,National Highway,Good,Rainy,Daylight,Motorcycle,2,Mobile Phone Use,1,0,0,1,3,3,High
2018,12,Wednesday,12,KPK,Nowshera,Urban Road,Good,Rainy,Daylight,Truck/Lorry,1,Road Condition,1,0,0,1,4,0,Medium
2023,12,Tuesday,15,Balochistan,Quetta,Provincial Highway,Average,Clear,Street Light,Motorcycle,1,Signal Violation,0,0,0,1,3,0,Medium
2021,12,Sunday,20,KPK,Bannu,Provincial Highway,Poor,Dusty/Smoggy,Street Light,Rickshaw,3,Pedestrian Error,1,1,0,1,0,0,Low
2019,4,Sunday,7,Balochistan,Loralai,Provincial Highway,Poor,Clear,Daylight,Car/Taxi,3,Over Speeding,1,1,0,0,2,1,Medium
2020,6,Sunday,22,Sindh,Dadu,Rural Road,Good,Clear,Street Light,Bicycle,2,Wrong Overtaking,0,1,1,0,3,1,Medium
2022,10,Saturday,21,Balochistan,Loralai,Motorway,Average,Clear,No Light,Motorcycle,2,Wrong Overtaking,0,1,0,0,1,0,Medium
2023,2,Wednesday,7,Sindh,Mirpur Khas,National Highway,Poor,Foggy,Daylight,Motorcycle,1,Over Speeding,1,0,0,1,9,0,High
2022,8,Friday,12,Balochistan,Quetta,Provincial Highway,Average,Clear,Daylight,Truck/Lorry,1,Drunk Driving,1,0,0,0,3,1,Medium
2019,11,Wednesday,7,Punjab,Sargodha,Rural Road,Good,Clear,Daylight,Motorcycle,2,Pedestrian Error,1,0,0,1,2,0,Low
2019,4,Saturday,12,Sindh,Kashmore,Urban Road,Average,Clear,Daylight,Car/Taxi,3,Wrong Overtaking,1,1,0,0,1,0,Low
2022,12,Thursday,22,Balochistan,Sibi,Provincial Highway,Good,Clear,Street Light,Motorcycle,3,Wrong Overtaking,0,0,1,1,11,0,High
2021,5,Sunday,5,Punjab,Rawalpindi,Provincial Highway,Average,Foggy,No Light,Truck/Lorry,2,Over Speeding,0,1,1,0,2,1,High
2020,12,Friday,8,KPK,Kohat,Urban Road,Average,Clear,Street Light,Rickshaw,1,Signal Violation,1,0,0,1,1,0,Low
2022,7,Wednesday,18,KPK,Dera Ismail Khan,Provincial Highway,Under Repair,Clear,Dawn/Dusk,Motorcycle,2,Road Condition,1,0,0,0,4,1,Medium
2023,5,Thursday,11,Punjab,Rawalpindi,Urban Road,Under Repair,Extreme Heat,Daylight,Motorcycle,2,Over Speeding,0,0,0,0,4,1,Medium
2021,6,Saturday,12,Punjab,Lahore,Rural Road,Average,Clear,Daylight,Bicycle,3,Mechanical Failure,1,1,0,0,4,2,Medium
2023,11,Friday,19,Sindh,Thatta,Urban Road,Average,Rainy,Dawn/Dusk,Rickshaw,2,Wrong Overtaking,1,0,0,1,0,0,Low
2018,5,Wednesday,23,Sindh,Jacobabad,National Highway,Good,Clear,Street Light,Motorcycle,2,Over Speeding,0,0,1,0,9,1,High
2023,1,Friday,20,Punjab,Rahim Yar Khan,Urban Road,Under Repair,Rainy,No Light,Car/Taxi,1,Wrong Overtaking,1,0,0,1,1,0,Low
2018,7,Wednesday,19,Punjab,Bahawalpur,Provincial Highway,Poor,Clear,Dawn/Dusk,Rickshaw,2,Drunk Driving,1,0,0,0,0,0,Low
2018,3,Thursday,10,Punjab,Rawalpindi,Rural Road,Poor,Rainy,Daylight,Motorcycle,3,Wrong Overtaking,0,0,0,0,3,0,Medium
2022,11,Wednesday,18,Punjab,Gujranwala,Urban Road,Poor,Extreme Heat,Daylight,Rickshaw,2,Signal Violation,1,0,0,1,1,0,Low
2021,7,Wednesday,12,Punjab,Sargodha,Urban Road,Average,Clear,Daylight,Rickshaw,2,Pedestrian Error,1,0,0,0,0,0,Low
2020,12,Saturday,12,KPK,Bannu,Urban Road,Average,Clear,Street Light,Motorcycle,2,Mechanical Failure,1,1,0,1,1,0,Low
2021,12,Tuesday,4,Sindh,Nawabshah,Motorway,Poor,Foggy,No Light,Car/Taxi,1,Over Speeding,0,0,1,1,9,2,High
2020,2,Thursday,21,KPK,Abbottabad,Rural Road,Poor,Clear,Street Light,Car/Taxi,1,Wrong Overtaking,0,0,0,1,1,0,Low
2020,7,Wednesday,19,Punjab,Sargodha,Rural Road,Average,Clear,Dawn/Dusk,Motorcycle,1,Wrong Overtaking,1,0,0,0,3,0,Medium
2021,6,Monday,12,Sindh,Jacobabad,Provincial Highway,Average,Clear,Dawn/Dusk,Car/Taxi,1,Mechanical Failure,1,0,0,0,0,0,Low
2021,6,Wednesday,14,Punjab,Rawalpindi,Rural Road,Good,Foggy,Daylight,Car/Taxi,3,Over Speeding,0,0,0,0,5,0,Medium
2021,9,Monday,1,Balochistan,Hub,Urban Road,Average,Foggy,No Light,Car/Taxi,1,Over Speeding,0,0,1,0,2,0,Medium
2019,8,Sunday,20,KPK,Mansehra,Provincial Highway,Poor,Dusty/Smoggy,Street Light,Motorcycle,4,Over Speeding,1,1,0,0,9,4,High
2022,11,Wednesday,10,Balochistan,Quetta,Urban Road,Average,Clear,Dawn/Dusk,Van/Pickup,2,Road Condition,0,0,0,1,1,0,Low
2021,7,Saturday,22,Punjab,Lahore,Urban Road,Poor,Rainy,No Light,Rickshaw,2,Wrong Overtaking,0,1,1,0,4,0,Medium
2018,9,Saturday,13,KPK,Swat,National Highway,Poor,Rainy,Daylight,Motorcycle,2,Over Speeding,1,1,0,0,2,3,High
2020,12,Saturday,18,Sindh,Kashmore,Urban Road,Poor,Rainy,Daylight,Motorcycle,1,Over Speeding,1,1,0,1,7,0,High
2018,2,Friday,18,KPK,Nowshera,Rural Road,Good,Clear,Daylight,Car/Taxi,2,Road Condition,1,0,0,1,1,0,Low
2023,5,Saturday,14,Sindh,Jacobabad,Provincial Highway,Good,Clear,Street Light,Motorcycle,3,Over Speeding,0,1,0,0,1,1,Medium
2019,2,Thursday,10,Sindh,Thatta,National Highway,Average,Dusty/Smoggy,Daylight,Motorcycle,2,Over Speeding,0,0,0,1,3,2,High
2020,1,Tuesday,20,Punjab,Sialkot,National Highway,Average,Rainy,No Light,Car/Taxi,1,Over Speeding,1,0,0,1,5,1,Medium
2023,10,Wednesday,4,KPK,Nowshera,Urban Road,Good,Foggy,No Light,Bicycle,3,Driver Fatigue,0,0,1,0,11,2,High
2022,1,Wednesday,12,Punjab,Sialkot,Provincial Highway,Good,Clear,Street Light,Motorcycle,1,Mechanical Failure,1,0,0,1,2,0,Low
2023,11,Friday,17,Punjab,Gujranwala,Urban Road,Poor,Clear,Dawn/Dusk,Motorcycle,2,Over Speeding,1,0,0,1,8,3,High
2020,3,Saturday,22,Punjab,Rahim Yar Khan,Rural Road,Good,Clear,No Light,Rickshaw,2,Road Condition,0,1,1,0,1,0,Low
2020,3,Tuesday,9,Islamabad,Islamabad,Rural Road,Average,Clear,Dawn/Dusk,Bicycle,3,Wrong Overtaking,1,0,0,0,2,0,Low
2019,9,Tuesday,13,Punjab,Sialkot,National Highway,Average,Clear,Daylight,Motorcycle,3,Signal Violation,1,0,0,0,5,0,Medium
2019,5,Monday,13,Balochistan,Dera Bugti,Rural Road,Average,Clear,Daylight,Bicycle,1,Wrong Overtaking,1,0,0,0,2,2,Medium
2021,11,Saturday,14,Islamabad,Islamabad,Urban Road,Good,Foggy,Daylight,Car/Taxi,1,Wrong Overtaking,0,1,0,1,1,1,Medium
2020,6,Saturday,7,Islamabad,Islamabad,Provincial Highway,Good,Clear,Dawn/Dusk,Motorcycle,2,Over Speeding,1,1,0,0,2,0,Medium
2022,6,Friday,21,Balochistan,Gwadar,Provincial Highway,Average,Foggy,Street Light,Motorcycle,4,Wrong Overtaking,0,0,0,0,1,1,Medium
2023,8,Tuesday,12,Balochistan,Loralai,Urban Road,Good,Clear,Daylight,Motorcycle,4,Over Speeding,1,0,0,0,11,0,High
2023,7,Sunday,12,Punjab,Bahawalpur,National Highway,Good,Foggy,Daylight,Motorcycle,2,Wrong Overtaking,1,1,0,0,4,2,High
2022,11,Tuesday,18,Punjab,Bahawalpur,Provincial Highway,Average,Clear,Daylight,Motorcycle,1,Over Speeding,1,0,0,1,11,4,High
2022,4,Sunday,12,Sindh,Larkana,Rural Road,Poor,Extreme Heat,Daylight,Motorcycle,2,Road Condition,1,1,0,0,0,0,Low
2018,1,Friday,21,Sindh,Sukkur,Urban Road,Good,Clear,Street Light,Car/Taxi,1,Road Condition,0,0,0,1,0,0,Low
2020,11,Sunday,0,Punjab,Sargodha,National Highway,Poor,Clear,Street Light,Rickshaw,3,Road Condition,0,1,1,1,4,1,Medium
2021,11,Wednesday,17,KPK,Nowshera,Rural Road,Good,Foggy,Dawn/Dusk,Motorcycle,3,Over Speeding,1,0,0,1,2,0,Medium
2023,1,Tuesday,4,Sindh,Sukkur,Urban Road,Average,Clear,No Light,Motorcycle,1,Mechanical Failure,0,0,1,1,0,0,Low
2018,12,Monday,7,Balochistan,Quetta,National Highway,Poor,Dusty/Smoggy,Daylight,Truck/Lorry,2,Over Speeding,1,0,0,1,2,0,Medium
2022,2,Wednesday,10,Sindh,Sukkur,Motorway,Average,Clear,Daylight,Motorcycle,2,Wrong Overtaking,0,0,0,1,3,0,Medium
2021,7,Thursday,3,Sindh,Sukkur,Rural Road,Poor,Rainy,No Light,Motorcycle,3,Pedestrian Error,0,0,1,0,3,0,Medium
2019,8,Wednesday,8,Sindh,Nawabshah,National Highway,Good,Rainy,Daylight,Car/Taxi,2,Mechanical Failure,1,0,0,0,5,0,Medium
2020,5,Saturday,6,Sindh,Hyderabad,Rural Road,Poor,Rainy,No Light,Motorcycle,2,Wrong Overtaking,0,1,0,0,5,1,Medium
2023,10,Saturday,6,Islamabad,Islamabad,Rural Road,Poor,Extreme Heat,Daylight,Car/Taxi,3,Road Condition,0,1,0,0,0,0,Low
2022,5,Tuesday,14,Punjab,Multan,Provincial Highway,Under Repair,Extreme Heat,Daylight,Motorcycle,1,Over Speeding,0,0,0,0,3,0,Medium
2020,1,Monday,12,Sindh,Mirpur Khas,National Highway,Good,Clear,Daylight,Motorcycle,1,Wrong Overtaking,1,0,0,1,10,0,High
2023,10,Friday,23,Sindh,Nawabshah,Urban Road,Average,Clear,No Light,Motorcycle,3,Drunk Driving,0,0,1,0,3,1,High
2022,10,Friday,0,Sindh,Kashmore,Urban Road,Average,Clear,No Light,Van/Pickup,4,Road Condition,0,0,1,0,1,0,Low
2019,5,Sunday,11,Punjab,Sheikhupura,National Highway,Poor,Clear,Street Light,Motorcycle,1,Over Speeding,0,1,0,0,9,2,High
2018,7,Friday,8,Punjab,Rahim Yar Khan,National Highway,Good,Clear,Daylight,Truck/Lorry,3,Wrong Overtaking,1,0,0,0,4,2,Medium
2019,8,Friday,13,Punjab,Gujranwala,Rural Road,Poor,Extreme Heat,Daylight,Car/Taxi,3,Signal Violation,1,0,0,0,0,0,Low
2023,5,Wednesday,20,Punjab,Faisalabad,Urban Road,Poor,Extreme Heat,No Light,Motorcycle,1,Wrong Overtaking,1,0,0,0,5,1,Medium
2020,11,Friday,20,Balochistan,Loralai,Provincial Highway,Good,Clear,Street Light,Motorcycle,1,Mobile Phone Use,1,0,0,1,4,0,Medium
2022,7,Thursday,12,Sindh,Kashmore,Provincial Highway,Average,Rainy,Daylight,Car/Taxi,2,Over Speeding,1,0,0,0,2,0,Medium
2022,8,Friday,12,Punjab,Lahore,Urban Road,Good,Dusty/Smoggy,Daylight,Truck/Lorry,2,Mobile Phone Use,1,0,0,0,0,0,Low
2018,8,Thursday,17,Punjab,Bahawalpur,Provincial Highway,Average,Clear,Daylight,Bus/Coach,2,Over Speeding,1,0,0,0,3,2,Medium
2021,10,Tuesday,19,Punjab,Sargodha,Provincial Highway,Good,Clear,Dawn/Dusk,Car/Taxi,4,Pedestrian Error,1,0,0,0,2,0,Low
2023,6,Tuesday,18,Balochistan,Chaman,Urban Road,Good,Clear,Daylight,Bus/Coach,3,Over Speeding,1,0,0,0,0,0,Low
2023,8,Friday,13,Punjab,Lahore,Provincial Highway,Under Repair,Clear,Daylight,Motorcycle,2,Road Condition,1,0,0,0,3,0,Medium
2019,7,Friday,19,AJK,Mirpur,Rural Road,Good,Clear,Dawn/Dusk,Motorcycle,2,Pedestrian Error,1,0,0,0,4,0,Medium
2020,3,Tuesday,11,Punjab,Gujranwala,Rural Road,Under Repair,Clear,Daylight,Car/Taxi,1,Road Condition,0,0,0,0,0,0,Low
2020,11,Sunday,14,KPK,Mardan,Motorway,Average,Clear,No Light,Motorcycle,4,Over Speeding,0,1,0,1,10,1,High
2023,3,Wednesday,16,Punjab,Bahawalpur,Urban Road,Average,Clear,Daylight,Motorcycle,2,Road Condition,0,0,0,0,1,0,Low
2020,5,Wednesday,13,Punjab,Rahim Yar Khan,Urban Road,Average,Rainy,Daylight,Truck/Lorry,3,Over Speeding,1,0,0,0,1,0,Medium
2021,2,Sunday,18,Punjab,Faisalabad,Provincial Highway,Good,Extreme Heat,Daylight,Car/Taxi,2,Wrong Overtaking,1,1,0,1,1,0,Low
2022,10,Wednesday,6,Sindh,Hyderabad,Urban Road,Good,Foggy,Dawn/Dusk,Motorcycle,3,Signal Violation,0,0,0,0,5,1,High
2020,6,Tuesday,17,Punjab,Sheikhupura,National Highway,Poor,Clear,Daylight,Car/Taxi,2,Wrong Overtaking,1,0,0,0,1,0,Medium
2019,6,Wednesday,12,Sindh,Nawabshah,Urban Road,Good,Foggy,Daylight,Motorcycle,3,Pedestrian Error,1,0,0,0,2,0,Low
2022,3,Saturday,14,KPK,Abbottabad,Rural Road,Poor,Clear,Daylight,Motorcycle,3,Signal Violation,0,1,0,0,4,1,Medium
2022,5,Wednesday,13,Punjab,Sheikhupura,National Highway,Poor,Clear,No Light,Motorcycle,1,Wrong Overtaking,1,0,0,0,9,2,High
2019,12,Wednesday,10,Punjab,Faisalabad,Provincial Highway,Poor,Clear,Daylight,Car/Taxi,3,Over Speeding,0,0,0,1,4,0,Medium
2022,10,Saturday,16,Balochistan,Chaman,National Highway,Average,Rainy,Daylight,Motorcycle,4,Road Condition,0,1,0,0,3,0,Medium
2019,6,Wednesday,23,Sindh,Larkana,National Highway,Poor,Rainy,Street Light,Truck/Lorry,2,Weather Condition,0,0,1,0,2,0,Medium
2021,4,Sunday,22,KPK,Dera Ismail Khan,National Highway,Under Repair,Foggy,No Light,Motorcycle,1,Road Condition,0,1,1,0,4,1,High
2022,1,Friday,8,Punjab,Faisalabad,National Highway,Poor,Foggy,Dawn/Dusk,Motorcycle,1,Weather Condition,1,0,0,1,7,0,High
2019,4,Monday,20,Punjab,Gujranwala,Provincial Highway,Good,Dusty/Smoggy,No Light,Bicycle,2,Over Speeding,1,0,0,0,4,0,Medium
2023,7,Friday,11,Punjab,Rawalpindi,National Highway,Under Repair,Dusty/Smoggy,Daylight,Motorcycle,2,Mechanical Failure,0,0,0,0,3,0,Medium
2022,7,Monday,20,Balochistan,Sibi,Rural Road,Poor,Rainy,No Light,Car/Taxi,1,Mechanical Failure,1,0,0,0,1,0,Low
2019,10,Sunday,16,Balochistan,Chaman,National Highway,Average,Clear,Dawn/Dusk,Truck/Lorry,1,Over Speeding,0,1,0,0,4,1,High
2022,1,Saturday,20,AJK,Mirpur,National Highway,Average,Clear,Street Light,Bicycle,2,Pedestrian Error,1,1,0,1,1,0,Medium
2019,1,Sunday,12,Punjab,Sialkot,National Highway,Good,Rainy,Street Light,Bus/Coach,3,Wrong Overtaking,1,1,0,1,3,0,Medium
2022,1,Monday,19,KPK,Bannu,National Highway,Good,Clear,Dawn/Dusk,Motorcycle,2,Over Speeding,1,0,0,1,8,1,High
2021,11,Monday,17,Punjab,Faisalabad,Urban Road,Good,Rainy,Daylight,Car/Taxi,1,Wrong Overtaking,1,0,0,1,5,0,Medium
2023,7,Tuesday,17,Sindh,Jacobabad,National Highway,Average,Clear,Daylight,Bus/Coach,1,Over Speeding,1,0,0,0,3,1,Medium
2019,10,Tuesday,12,KPK,Abbottabad,Rural Road,Good,Clear,Street Light,Motorcycle,2,Wrong Overtaking,1,0,0,0,1,0,Medium
2019,8,Wednesday,7,Punjab,Rawalpindi,National Highway,Under Repair,Clear,Street Light,Motorcycle,1,Over Speeding,1,0,0,0,10,0,High
2018,1,Saturday,17,Punjab,Multan,National Highway,Good,Foggy,Daylight,Truck/Lorry,1,Mechanical Failure,1,1,0,1,1,1,Medium
2019,7,Tuesday,19,Punjab,Gujranwala,Motorway,Good,Clear,Dawn/Dusk,Motorcycle,2,Wrong Overtaking,1,0,0,0,11,1,High
2021,8,Saturday,10,KPK,Kohat,Rural Road,Good,Clear,Daylight,Bicycle,1,Mechanical Failure,0,1,0,0,2,0,Low
2023,6,Monday,18,Punjab,Rahim Yar Khan,National Highway,Poor,Clear,Daylight,Motorcycle,2,Mechanical Failure,1,0,0,0,4,0,Medium
2023,5,Friday,23,Punjab,Lahore,Provincial Highway,Under Repair,Clear,No Light,Rickshaw,1,Weather Condition,0,0,1,0,1,0,Low
2022,7,Friday,16,Gilgit-Baltistan,Skardu,Urban Road,Good,Dusty/Smoggy,Daylight,Car/Taxi,2,Signal Violation,0,0,0,0,0,1,Low
2022,1,Wednesday,20,Punjab,Sialkot,Rural Road,Poor,Clear,Street Light,Motorcycle,1,Drunk Driving,1,0,0,1,3,0,Medium
2023,11,Thursday,23,Punjab,Faisalabad,Motorway,Under Repair,Foggy,Street Light,Truck/Lorry,2,Driver Fatigue,0,0,1,1,4,0,High
2022,5,Thursday,19,Sindh,Hyderabad,Urban Road,Average,Foggy,No Light,Motorcycle,2,Pedestrian Error,1,0,0,0,1,0,Low
2021,3,Saturday,19,KPK,Bannu,Provincial Highway,Average,Clear,Street Light,Van/Pickup,1,Over Speeding,1,1,0,0,1,1,Low
2022,12,Tuesday,16,Punjab,Lahore,National Highway,Under Repair,Foggy,Daylight,Car/Taxi,2,Pedestrian Error,0,0,0,1,2,0,Medium
2023,8,Sunday,22,Sindh,Hyderabad,National Highway,Average,Clear,No Light,Truck/Lorry,1,Over Speeding,0,1,1,0,6,0,High
2018,1,Wednesday,23,Punjab,Rahim Yar Khan,Rural Road,Poor,Clear,Street Light,Car/Taxi,2,Driver Fatigue,0,0,1,1,4,0,Medium
2022,6,Tuesday,20,Sindh,Dadu,Provincial Highway,Average,Rainy,Street Light,Motorcycle,2,Signal Violation,1,0,0,0,4,2,Medium
2020,1,Wednesday,8,Punjab,Multan,National Highway,Poor,Clear,Daylight,Car/Taxi,2,Over Speeding,1,0,0,1,5,0,Medium
2022,8,Sunday,17,Punjab,Multan,Rural Road,Poor,Dusty/Smoggy,Daylight,Car/Taxi,2,Over Speeding,1,1,0,0,0,0,Low
2021,7,Tuesday,9,Sindh,Kashmore,National Highway,Poor,Clear,Daylight,Motorcycle,4,Over Speeding,1,0,0,0,8,0,High
2023,9,Friday,21,Islamabad,Islamabad,National Highway,Poor,Clear,No Light,Rickshaw,4,Signal Violation,0,0,0,0,1,0,Medium
2022,12,Sunday,19,KPK,Bannu,National Highway,Good,Clear,Daylight,Motorcycle,2,Over Speeding,1,1,0,1,5,2,High
2021,4,Friday,8,Islamabad,Islamabad,National Highway,Poor,Dusty/Smoggy,Daylight,Motorcycle,2,Over Speeding,1,0,0,0,10,1,High
2019,9,Wednesday,12,Sindh,Mirpur Khas,Rural Road,Poor,Dusty/Smoggy,Daylight,Van/Pickup,1,Signal Violation,1,0,0,0,1,0,Low
2021,9,Wednesday,16,Punjab,Multan,Provincial Highway,Average,Clear,Daylight,Motorcycle,1,Over Speeding,0,0,0,0,6,1,High
2023,9,Sunday,2,Punjab,Sheikhupura,National Highway,Average,Clear,Street Light,Car/Taxi,1,Wrong Overtaking,0,1,1,0,4,1,Medium
2022,9,Monday,18,Balochistan,Gwadar,Provincial Highway,Poor,Clear,Daylight,Motorcycle,1,Mechanical Failure,1,0,0,0,1,0,Low
2018,12,Friday,18,Sindh,Larkana,National Highway,Poor,Dusty/Smoggy,Dawn/Dusk,Motorcycle,1,Over Speeding,1,0,0,1,7,2,High
2022,12,Monday,14,AJK,Rawalakot,Urban Road,Average,Clear,Daylight,Motorcycle,3,Wrong Overtaking,0,0,0,1,3,1,Medium
2020,9,Monday,3,Punjab,Rahim Yar Khan,National Highway,Average,Clear,Street Light,Car/Taxi,1,Over Speeding,0,0,1,0,1,0,Medium
2021,3,Thursday,22,Punjab,Rahim Yar Khan,Provincial Highway,Average,Foggy,Street Light,Car/Taxi,2,Signal Violation,0,0,1,0,2,1,Medium
2023,6,Tuesday,14,Punjab,Lahore,National Highway,Good,Clear,Daylight,Van/Pickup,2,Road Condition,0,0,0,0,0,0,Low
2023,5,Monday,18,Punjab,Rawalpindi,Rural Road,Average,Clear,Daylight,Motorcycle,1,Pedestrian Error,1,0,0,0,2,0,Low
2019,8,Thursday,19,Punjab,Rahim Yar Khan,National Highway,Good,Rainy,Dawn/Dusk,Motorcycle,2,Over Speeding,1,0,0,0,5,0,High
2023,10,Friday,21,Sindh,Larkana,Urban Road,Good,Clear,No Light,Van/Pickup,2,Over Speeding,0,0,0,0,2,0,Low
2021,6,Friday,16,Sindh,Thatta,Provincial Highway,Poor,Clear,Daylight,Truck/Lorry,1,Wrong Overtaking,0,0,0,0,2,0,Low