year,month,day_of_week,hour_of_day,province,district,road_type,road_condition,weather_condition,lighting_condition,vehicle_type,vehicles_involved,accident_cause,is_rush_hour,is_weekend,is_night,is_foggy_month,num_injured,num_killed,severity
2018,5,Thursday,2,Punjab,Sheikhupura,Urban Road,Poor,Clear,Street Light,Bus/Coach,1,Signal Violation,0,0,1,0,4,1,Medium
2022,6,Thursday,13,Punjab,Lahore,Provincial Highway,Poor,Rainy,Daylight,Car/Taxi,3,Mobile Phone Use,1,0,0,0,2,0,Low
2023,7,Tuesday,18,KPK,Abbottabad,National Highway,Good,Clear,Daylight,Motorcycle,2,Wrong Overtaking,1,0,0,0,2,0,Medium
2022,9,Sunday,9,Sindh,Sukkur,National Highway,Average,Clear,Daylight,Motorcycle,3,Over Speeding,1,1,0,0,10,2,High
2019,6,Thursday,12,Sindh,Thatta,Motorway,Good,Clear,Daylight,Car/Taxi,1,Wrong Overtaking,1,0,0,0,3,0,Medium
2021,1,Tuesday,13,Sindh,Mirpur Khas,Motorway,Under Repair,Clear,Daylight,Car/Taxi,4,Drunk Driving,1,0,0,1,5,0,Medium
2023,5,Saturday,21,Balochistan,Hub,National Highway,Good,Clear,No Light,Van/Pickup,1,Driver Fatigue,0,1,0,0,11,2,High
2023,2,Friday,10,Sindh,Thatta,National Highway,Average,Clear,Daylight,Motorcycle,3,Over Speeding,0,0,0,1,11,0,High
2018,3,Sunday,21,Islamabad,Islamabad,Urban Road,Poor,Clear,Street Light,Bus/Coach,3,Over Speeding,0,1,0,0,2,0,Low
2022,1,Wednesday,12,Sindh,Nawabshah,Urban Road,Good,Clear,Daylight,Motorcycle,3,Wrong Overtaking,1,0,0,1,0,0,Low
2020,12,Monday,14,Punjab,Sialkot,Urban Road,Average,Clear,Daylight,Rickshaw,1,Pedestrian Error,0,0,0,1,2,0,Low
2018,11,Tuesday,20,Punjab,Sargodha,Rural Road,Poor,Clear,No Light,Car/Taxi,2,Wrong Overtaking,1,0,0,1,0,1,Low
2022,12,Friday,16,Sindh,Kashmore,National Highway,Good,Clear,Daylight,Truck/Lorry,2,Wrong Overtaking,0,0,0,1,9,2,High
2019,12,Wednesday,11,Sindh,Karachi,National Highway,Good,Clear,Daylight,Motorcycle,1,Pedestrian Error,0,0,0,1,4,0,Medium
2022,7,Saturday,12,KPK,Bannu,National Highway,Poor,Clear,Daylight,Truck/Lorry,2,Over Speeding,1,1,0,0,2,1,Medium
2022,1,Monday,13,Punjab,Gujranwala,National Highway,Good,Rainy,Daylight,Rickshaw,1,Wrong Overtaking,1,0,0,1,8,1,High
2023,1,Wednesday,18,Sindh,Thatta,Urban Road,Good,Foggy,Daylight,Motorcycle,3,Over Speeding,1,0,0,1,6,0,High
2023,2,Friday,19,KPK,Dera Ismail Khan,Provincial Highway,Good,Clear,Dawn/Dusk,Motorcycle,1,Pedestrian Error,1,0,0,1,1,0,Low
2021,9,Sunday,2,KPK,Mansehra,Urban Road,Good,Clear,No Light,Rickshaw,3,Over Speeding,0,1,1,0,4,0,Medium
2023,1,Wednesday,13,Sindh,Nawabshah,Urban Road,Average,Rainy,Daylight,Motorcycle,2,Mobile Phone Use,1,0,0,1,2,1,Medium
2020,7,Tuesday,11,Gilgit-Baltistan,Hunza,Urban Road,Good,Clear,No Light,Truck/Lorry,2,Over Speeding,0,0,0,0,5,0,Medium
2023,12,Monday,8,Punjab,Faisalabad,Provincial Highway,Poor,Clear,Daylight,Van/Pickup,2,Mechanical Failure,1,0,0,1,2,0,Low
2021,3,Wednesday,8,Punjab,Rahim Yar Khan,Rural Road,Poor,Dusty/Smoggy,Daylight,Bus/Coach,4,Road Condition,1,0,0,0,1,0,Low
2020,2,Thursday,18,KPK,Swat,Urban Road,Average,Foggy,Daylight,Motorcycle,3,Mechanical Failure,1,0,0,1,3,0,Medium
2021,8,Saturday,8,Punjab,Lahore,Urban Road,Under Repair,Clear,Daylight,Car/Taxi,1,Over Speeding,1,1,0,0,1,1,Low
2018,5,Sunday,20,KPK,Mansehra,Rural Road,Average,Clear,No Light,Truck/Lorry,2,Road Condition,1,1,0,0,0,0,Low
2021,12,Saturday,12,Punjab,Sargodha,Urban Road,Average,Foggy,Daylight,Motorcycle,3,Signal Violation,1,1,0,1,3,1,Medium
2022,12,Wednesday,13,Punjab,Gujranwala,National Highway,Good,Rainy,Daylight,Motorcycle,1,Drunk Driving,1,0,0,1,4,4,High
2023,1,Wednesday,8,Punjab,Rahim Yar Khan,Provincial Highway,Poor,Extreme Heat,Daylight,Motorcycle,1,Wrong Overtaking,1,0,0,1,11,0,High
2022,11,Sunday,8,Punjab,Rahim Yar Khan,Urban Road,Good,Rainy,Dawn/Dusk,Rickshaw,4,Wrong Overtaking,1,1,0,1,5,2,Medium
2019,7,Tuesday,12,Punjab,Rahim Yar Khan,Rural Road,Poor,Dusty/Smoggy,Daylight,Rickshaw,4,Over Speeding,1,0,0,0,2,0,Low
2020,5,Saturday,21,Punjab,Lahore,Provincial Highway,Poor,Rainy,No Light,Motorcycle,3,Weather Condition,0,1,0,0,1,0,Medium
2023,10,Saturday,16,KPK,Abbottabad,National Highway,Good,Clear,Daylight,Car/Taxi,1,Over Speeding,0,1,0,0,5,2,Medium
2020,9,Thursday,19,KPK,Mansehra,Provincial Highway,Poor,Clear,Dawn/Dusk,Motorcycle,4,Over Speeding,1,0,0,0,2,0,Medium
2023,4,Thursday,9,KPK,Nowshera,Provincial Highway,Average,Dusty/Smoggy,Daylight,Motorcycle,3,Over Speeding,1,0,0,0,10,1,High
2020,4,Thursday,14,Balochistan,Sibi,Urban Road,Average,Foggy,Daylight,Other,2,Mobile Phone Use,0,0,0,0,1,0,Low
2022,8,Thursday,22,Sindh,Hyderabad,National Highway,Average,Foggy,No Light,Car/Taxi,1,Driver Fatigue,0,0,1,0,4,1,High
2020,7,Friday,6,Balochistan,Khuzdar,National Highway,Poor,Clear,Street Light,Motorcycle,2,Over Speeding,0,0,0,0,8,1,High
2022,1,Monday,10,Sindh,Larkana,Motorway,Good,Foggy,Daylight,Bus/Coach,3,Wrong Overtaking,0,0,0,1,5,2,High
2023,8,Friday,10,Sindh,Mirpur Khas,Provincial Highway,Poor,Dusty/Smoggy,Daylight,Car/Taxi,2,Pedestrian Error,0,0,0,0,0,0,Low
2023,7,Friday,20,KPK,Nowshera,National Highway,Good,Clear,No Light,Bus/Coach,4,Weather Condition,1,0,0,0,1,1,Medium
2019,10,Monday,19,Punjab,Sialkot,Urban Road,Average,Clear,Dawn/Dusk,Motorcycle,2,Road Condition,1,0,0,0,0,0,Low
2023,5,Thursday,18,KPK,Kohat,Rural Road,Good,Extreme Heat,Dawn/Dusk,Motorcycle,4,Mechanical Failure,1,0,0,0,0,0,Low
2019,10,Tuesday,19,Sindh,Nawabshah,Provincial Highway,Poor,Clear,No Light,Motorcycle,4,Pedestrian Error,1,0,0,0,5,1,Medium
2019,11,Tuesday,15,Punjab,Lahore,Rural Road,Good,Rainy,Street Light,Motorcycle,2,Road Condition,0,0,0,1,3,0,Medium
2018,5,Friday,19,Punjab,Bahawalpur,National Highway,Average,Foggy,Dawn/Dusk,Motorcycle,2,Road Condition,1,0,0,0,10,0,High
2023,9,Sunday,21,Punjab,Sargodha,Provincial Highway,Average,Dusty/Smoggy,Street Light,Car/Taxi,4,Over Speeding,0,1,0,0,4,0,Medium
2021,7,Thursday,8,Balochistan,Khuzdar,Urban Road,Poor,Clear,Street Light,Motorcycle,1,Mechanical Failure,1,0,0,0,2,0,Low
2021,10,Wednesday,17,Gilgit-Baltistan,Skardu,National Highway,Poor,Clear,Daylight,Van/Pickup,3,Pedestrian Error,1,0,0,0,1,1,Medium
2020,6,Sunday,14,Punjab,Sheikhupura,Urban Road,Good,Rainy,Daylight,Car/Taxi,1,Signal Violation,0,1,0,0,2,0,Low
2019,5,Thursday,13,Punjab,Gujranwala,Urban Road,Good,Clear,Daylight,Motorcycle,2,Driver Fatigue,1,0,0,0,3,0,High
2023,8,Saturday,22,Punjab,Sheikhupura,Urban Road,Good,Rainy,Street Light,Rickshaw,2,Driver Fatigue,0,1,1,0,9,1,High
2020,4,Wednesday,21,KPK,Bannu,Provincial Highway,Good,Clear,No Light,Car/Taxi,2,Signal Violation,0,0,0,0,2,0,Low
2020,6,Friday,21,Punjab,Rawalpindi,Urban Road,Good,Rainy,Street Light,Motorcycle,2,Wrong Overtaking,0,0,0,0,2,1,Medium
2019,1,Monday,8,Islamabad,Islamabad,Provincial Highway,Under Repair,Dusty/Smoggy,No Light,Car/Taxi,2,Over Speeding,1,0,0,1,5,1,Medium
2018,10,Thursday,3,KPK,Abbottabad,Provincial Highway,Good,Clear,Street Light,Motorcycle,2,Road Condition,0,0,1,0,5,1,High
2020,12,Saturday,2,Balochistan,Sibi,National Highway,Good,Foggy,Street Light,Car/Taxi,4,Signal Violation,0,1,1,1,2,0,High
2020,5,Tuesday,7,Sindh,Sukkur,Motorway,Good,Clear,Street Light,Motorcycle,1,Road Condition,1,0,0,0,3,1,High
2020,6,Monday,19,KPK,Nowshera,Urban Road,Good,Extreme Heat,Dawn/Dusk,Motorcycle,2,Over Speeding,1,0,0,0,4,2,Medium
2019,4,Thursday,17,Sindh,Sukkur,Urban Road,Poor,Foggy,Street Light,Rickshaw,1,Pedestrian Error,1,0,0,0,1,0,Low
2021,6,Sunday,9,KPK,Peshawar,Rural Road,Poor,Foggy,Daylight,Car/Taxi,1,Over Speeding,1,1,0,0,5,1,Medium
2023,12,Friday,23,KPK,Abbottabad,Urban Road,Average,Clear,No Light,Motorcycle,4,Signal Violation,0,0,1,1,1,0,Medium
2021,3,Saturday,19,Sindh,Mirpur Khas,Rural Road,Poor,Foggy,Street Light,Bicycle,2,Road Condition,1,1,0,0,2,0,Medium
2021,2,Friday,14,Sindh,Kashmore,National Highway,Average,Clear,Daylight,Rickshaw,2,Over Speeding,0,0,0,1,5,2,Medium
2022,6,Saturday,13,Islamabad,Islamabad,National Highway,Good,Clear,Street Light,Motorcycle,2,Drunk Driving,1,1,0,0,6,1,High
2022,6,Monday,11,Islamabad,Islamabad,Provincial Highway,Good,Foggy,Daylight,Bus/Coach,4,Mobile Phone Use,0,0,0,0,1,0,Medium
2022,10,Friday,6,KPK,Charsadda,Rural Road,Good,Clear,Daylight,Motorcycle,2,Over Speeding,0,0,0,0,3,1,Medium
2021,4,Tuesday,23,Punjab,Sargodha,National Highway,Under Repair,Clear,No Light,Car/Taxi,2,Over Speeding,0,0,1,0,2,0,Medium
2023,2,Monday,18,Punjab,Rahim Yar Khan,Urban Road,Average,Clear,No Light,Motorcycle,2,Over Speeding,1,0,0,1,7,2,High
2023,1,Sunday,11,Balochistan,Quetta,National Highway,Poor,Dusty/Smoggy,No Light,Motorcycle,1,Mechanical Failure,0,1,0,1,5,0,Medium
2021,11,Saturday,20,Punjab,Faisalabad,Motorway,Average,Foggy,Street Light,Van/Pickup,1,Signal Violation,1,1,0,1,4,4,High
2023,10,Wednesday,20,Punjab,Sheikhupura,Rural Road,Good,Rainy,No Light,Van/Pickup,1,Mobile Phone Use,1,0,0,0,0,0,Low
2018,2,Thursday,20,Punjab,Rahim Yar Khan,Provincial Highway,Good,Foggy,No Light,Car/Taxi,2,Road Condition,1,0,0,1,0,1,Low
2023,8,Monday,0,Sindh,Thatta,Rural Road,Poor,Clear,Street Light,Motorcycle,2,Wrong Overtaking,0,0,1,0,2,0,Medium
2019,9,Tuesday,8,Sindh,Hyderabad,Urban Road,Good,Foggy,Daylight,Truck/Lorry,4,Pedestrian Error,1,0,0,0,0,0,Low
2020,12,Wednesday,0,Punjab,Rawalpindi,National Highway,Average,Rainy,No Light,Motorcycle,2,Road Condition,0,0,1,1,11,0,High
2023,1,Saturday,17,Punjab,Bahawalpur,Urban Road,Good,Clear,Street Light,Car/Taxi,2,Signal Violation,1,1,0,1,0,0,Low
2022,9,Monday,8,KPK,Swat,Provincial Highway,Average,Clear,Street Light,Car/Taxi,1,Driver Fatigue,1,0,0,0,5,1,Medium
2023,4,Sunday,5,Islamabad,Islamabad,National Highway,Poor,Foggy,No Light,Motorcycle,3,Over Speeding,0,1,1,0,6,1,High
2018,9,Sunday,23,Punjab,Faisalabad,National Highway,Poor,Clear,No Light,Motorcycle,1,Signal Violation,0,1,1,0,6,3,High
2021,2,Monday,17,Punjab,Multan,Rural Road,Average,Foggy,Daylight,Car/Taxi,2,Driver Fatigue,1,0,0,1,3,2,Medium
2022,5,Thursday,22,Sindh,Nawabshah,Provincial Highway,Average,Foggy,Street Light,Motorcycle,3,Wrong Overtaking,0,0,1,0,6,0,High
2020,11,Sunday,6,KPK,Charsadda,Rural Road,Average,Clear,Street Light,Motorcycle,1,Signal Violation,0,1,0,1,2,0,Medium
2021,7,Wednesday,19,KPK,Abbottabad,Urban Road,Under Repair,Clear,Street Light,Motorcycle,1,Mechanical Failure,1,0,0,0,0,0,Low
2021,4,Thursday,1,KPK,Kohat,National Highway,Good,Rainy,Street Light,Car/Taxi,1,Driver Fatigue,0,0,1,0,9,1,High
2021,10,Wednesday,8,Balochistan,Khuzdar,Rural Road,Good,Clear,Daylight,Bicycle,2,Over Speeding,1,0,0,0,8,4,High
2018,4,Thursday,6,Punjab,Bahawalpur,National Highway,Poor,Clear,No Light,Truck/Lorry,1,Over Speeding,0,0,0,0,3,2,High
2019,12,Saturday,12,Punjab,Bahawalpur,Provincial Highway,Average,Rainy,Daylight,Motorcycle,1,Signal Violation,1,1,0,1,2,0,Medium
2019,8,Saturday,23,Sindh,Nawabshah,Provincial Highway,Good,Clear,No Light,Rickshaw,1,Over Speeding,0,1,1,0,5,0,Medium
2018,6,Friday,11,KPK,Dera Ismail Khan,National Highway,Poor,Foggy,Daylight,Motorcycle,3,Signal Violation,0,0,0,0,11,0,High
2023,9,Saturday,9,Sindh,Karachi,Rural Road,Average,Clear,Daylight,Truck/Lorry,2,Signal Violation,1,1,0,0,2,0,Low
2020,8,Wednesday,14,Islamabad,Islamabad,Urban Road,Good,Clear,Daylight,Motorcycle,1,Pedestrian Error,0,0,0,0,5,2,Medium
2019,12,Thursday,11,KPK,Abbottabad,Provincial Highway,Good,Clear,Daylight,Bus/Coach,1,Mechanical Failure,0,0,0,1,2,1,Medium
2019,6,Thursday,0,KPK,Nowshera,Provincial Highway,Good,Clear,Street Light,Car/Taxi,1,Over Speeding,0,0,1,0,2,0,Medium
2023,3,Tuesday,18,Punjab,Bahawalpur,Motorway,Good,Foggy,Daylight,Bus/Coach,1,Drunk Driving,1,0,0,0,7,0,High
2022,5,Friday,17,Punjab,Rawalpindi,Rural Road,Good,Foggy,Daylight,Car/Taxi,2,Wrong Overtaking,1,0,0,0,2,0,Medium
2023,5,Tuesday,20,KPK,Mansehra,Motorway,Under Repair,Clear,Street Light,Motorcycle,3,Over Speeding,1,0,0,0,9,1,High
2019,11,Friday,9,Punjab,Faisalabad,Provincial Highway,Good,Clear,Daylight,Car/Taxi,3,Over Speeding,1,0,0,1,5,0,Medium
2022,10,Friday,19,Punjab,Lahore,Urban Road,Good,Foggy,No Light,Motorcycle,3,Drunk Driving,1,0,0,0,4,0,Medium
2019,9,Saturday,11,Balochistan,Sibi,National Highway,Average,Clear,Dawn/Dusk,Rickshaw,1,Over Speeding,0,1,0,0,5,0,High
2023,1,Saturday,20,Balochistan,Sibi,National Highway,Good,Rainy,Street Light,Car/Taxi,2,Signal Violation,1,1,0,1,5,0,Medium
2021,11,Tuesday,21,Punjab,Gujranwala,Rural Road,Average,Rainy,No Light,Motorcycle,2,Pedestrian Error,0,0,0,1,2,1,Medium
2018,11,Friday,21,KPK,Peshawar,Provincial Highway,Average,Rainy,Street Light,Motorcycle,2,Pedestrian Error,0,0,0,1,7,1,High
2022,9,Wednesday,12,Punjab,Faisalabad,Rural Road,Average,Rainy,Daylight,Car/Taxi,1,Road Condition,1,0,0,0,2,0,Low
2019,4,Sunday,21,Punjab,Lahore,Provincial Highway,Good,Clear,No Light,Motorcycle,1,Wrong Overtaking,0,1,0,0,5,2,Medium
2022,12,Thursday,15,Sindh,Nawabshah,National Highway,Good,Foggy,Daylight,Motorcycle,3,Wrong Overtaking,0,0,0,1,2,0,High
2021,9,Saturday,12,KPK,Mardan,National Highway,Poor,Clear,Daylight,Bus/Coach,1,Pedestrian Error,1,1,0,0,2,0,Medium
2023,1,Wednesday,20,Punjab,Lahore,Urban Road,Average,Clear,Street Light,Car/Taxi,2,Over Speeding,1,0,0,1,5,1,Medium
2023,5,Tuesday,13,Punjab,Rahim Yar Khan,Urban Road,Under Repair,Dusty/Smoggy,Dawn/Dusk,Rickshaw,3,Wrong Overtaking,1,0,0,0,0,0,Low
2021,2,Monday,5,Punjab,Sialkot,Motorway,Good,Clear,Street Light,Rickshaw,2,Over Speeding,0,0,1,1,11,0,High
2018,4,Wednesday,14,Gilgit-Baltistan,Hunza,Provincial Highway,Good,Clear,No Light,Motorcycle,4,Over Speeding,0,0,0,0,7,2,High
2023,6,Wednesday,2,KPK,Mardan,Rural Road,Average,Clear,No Light,Motorcycle,2,Wrong Overtaking,0,0,1,0,2,0,Medium
2018,2,Friday,20,Punjab,Sheikhupura,National Highway,Poor,Clear,No Light,Motorcycle,3,Over Speeding,1,0,0,1,4,1,High
2020,1,Sunday,15,Punjab,Rahim Yar Khan,National Highway,Under Repair,Extreme Heat,Daylight,Rickshaw,1,Mechanical Failure,0,1,0,1,2,0,Low
2019,5,Monday,9,Sindh,Sukkur,National Highway,Poor,Foggy,Daylight,Other,2,Over Speeding,1,0,0,0,5,2,Medium
2023,11,Monday,16,Sindh,Kashmore,Provincial Highway,Under Repair,Clear,Daylight,Truck/Lorry,2,Mechanical Failure,0,0,0,1,1,1,Medium
2023,1,Thursday,18,KPK,Charsadda,National Highway,Average,Foggy,Daylight,Motorcycle,1,Mechanical Failure,1,0,0,1,3,0,Medium
2021,1,Saturday,13,Punjab,Sheikhupura,Urban Road,Good,Clear,Daylight,Rickshaw,1,Signal Violation,1,1,0,1,0,0,Low
2022,12,Tuesday,1,AJK,Mirpur,Provincial Highway,Poor,Rainy,Street Light,Motorcycle,2,Wrong Overtaking,0,0,1,1,5,2,High
2023,2,Saturday,10,Sindh,Kashmore,Urban Road,Good,Foggy,Daylight,Motorcycle,3,Driver Fatigue,0,1,0,1,2,0,Medium
2021,12,Friday,13,Punjab,Gujranwala,Urban Road,Under Repair,Foggy,Daylight,Bus/Coach,3,Driver Fatigue,1,0,0,1,5,1,Medium
2018,6,Wednesday,13,Punjab,Sialkot,Rural Road,Under Repair,Rainy,No Light,Truck/Lorry,2,Mechanical Failure,1,0,0,0,0,0,Low
2020,6,Thursday,9,Sindh,Kashmore,Provincial Highway,Poor,Clear,Daylight,Car/Taxi,1,Pedestrian Error,1,0,0,0,1,0,Low
2023,1,Saturday,17,Islamabad,Islamabad,National Highway,Poor,Clear,Daylight,Bus/Coach,2,Mechanical Failure,1,1,0,1,2,0,Medium
2023,2,Friday,18,KPK,Kohat,Provincial Highway,Good,Clear,Dawn/Dusk,Motorcycle,2,Pedestrian Error,1,0,0,1,3,1,Medium
2021,11,Saturday,22,Sindh,Nawabshah,Motorway,Good,Rainy,Street Light,Bicycle,2,Pedestrian Error,0,1,1,1,8,2,High
2023,4,Tuesday,18,Punjab,Faisalabad,Urban Road,Average,Clear,Daylight,Car/Taxi,2,Over Speeding,1,0,0,0,5,1,Medium
2020,1,Wednesday,7,Punjab,Sheikhupura,Urban Road,Average,Clear,Daylight,Rickshaw,2,Road Condition,1,0,0,1,1,0,Low
2019,4,Saturday,9,Sindh,Jacobabad,Motorway,Good,Clear,Street Light,Rickshaw,2,Over Speeding,1,1,0,0,3,2,High
2023,6,Tuesday,2,KPK,Mansehra,Motorway,Good,Clear,No Light,Truck/Lorry,2,Signal Violation,0,0,1,0,11,2,High
2019,8,Friday,20,KPK,Swat,Rural Road,Poor,Clear,No Light,Rickshaw,1,Over Speeding,1,0,0,0,1,0,Medium
2022,6,Monday,14,Punjab,Rahim Yar Khan,Provincial Highway,Average,Extreme Heat,Street Light,Motorcycle,1,Signal Violation,0,0,0,0,2,1,Medium
2022,1,Saturday,20,Punjab,Sheikhupura,Urban Road,Good,Dusty/Smoggy,Street Light,Van/Pickup,3,Wrong Overtaking,1,1,0,1,0,0,Low
2021,7,Sunday,23,Punjab,Sargodha,Provincial Highway,Average,Rainy,No Light,Motorcycle,2,Road Condition,0,1,1,0,4,0,Medium
2023,1,Wednesday,7,Balochistan,Gwadar,Rural Road,Good,Clear,Daylight,Motorcycle,3,Driver Fatigue,1,0,0,1,1,1,Medium
2021,2,Friday,18,Sindh,Sukkur,Rural Road,Good,Clear,Daylight,Rickshaw,2,Signal Violation,1,0,0,1,2,0,Low
2019,4,Saturday,7,Punjab,Rahim Yar Khan,Urban Road,Good,Clear,Daylight,Motorcycle,4,Wrong Overtaking,1,1,0,0,1,0,Medium
2019,8,Monday,9,Punjab,Bahawalpur,National Highway,Good,Clear,Daylight,Motorcycle,1,Mechanical Failure,1,0,0,0,5,2,High
2023,10,Tuesday,13,Punjab,Sialkot,Provincial Highway,Poor,Clear,Daylight,Other,1,Signal Violation,1,0,0,0,0,0,Low
2022,4,Monday,13,Sindh,Hyderabad,Rural Road,Good,Clear,Daylight,Car/Taxi,3,Mechanical Failure,1,0,0,0,0,0,Low
2022,2,Thursday,2,KPK,Nowshera,Rural Road,Average,Foggy,Street Light,Motorcycle,2,Signal Violation,0,0,1,1,10,0,High
2020,2,Friday,11,Islamabad,Islamabad,National Highway,Average,Clear,Street Light,Motorcycle,2,Signal Violation,0,0,0,1,10,1,High
2021,7,Saturday,22,Sindh,Thatta,Motorway,Good,Extreme Heat,No Light,Other,3,Over Speeding,0,1,1,0,9,0,High
2021,3,Friday,21,Punjab,Gujranwala,National Highway,Good,Clear,Street Light,Car/Taxi,2,Mechanical Failure,0,0,0,0,4,0,Medium
2018,3,Friday,22,KPK,Abbottabad,National Highway,Poor,Clear,Street Light,Motorcycle,1,Signal Violation,0,0,1,0,10,3,High
2023,3,Tuesday,5,KPK,Charsadda,Provincial Highway,Average,Foggy,Dawn/Dusk,Motorcycle,2,Wrong Overtaking,0,0,1,0,2,2,High
2022,10,Sunday,13,Punjab,Faisalabad,Rural Road,Good,Dusty/Smoggy,Daylight,Truck/Lorry,3,Wrong Overtaking,1,1,0,0,1,0,Low
2023,2,Wednesday,15,Balochistan,Dera Bugti,National Highway,Average,Foggy,Daylight,Motorcycle,1,Signal Violation,0,0,0,1,11,1,High
2023,11,Wednesday,12,KPK,Mansehra,National Highway,Poor,Clear,Daylight,Rickshaw,3,Wrong Overtaking,1,0,0,1,4,0,Medium
2018,4,Thursday,18,Sindh,Jacobabad,Rural Road,Good,Foggy,Daylight,Car/Taxi,2,Over Speeding,1,0,0,0,1,0,Medium
2020,7,Sunday,19,Sindh,Kashmore,Provincial Highway,Under Repair,Extreme Heat,Dawn/Dusk,Bus/Coach,2,Driver Fatigue,1,1,0,0,8,4,High
2023,11,Saturday,9,KPK,Bannu,Motorway,Good,Rainy,Daylight,Motorcycle,3,Over Speeding,1,1,0,1,9,2,High
2020,5,Monday,6,KPK,Kohat,National Highway,Average,Clear,Daylight,Motorcycle,1,Over Speeding,0,0,0,0,3,1,High
2023,2,Sunday,10,Punjab,Lahore,National Highway,Good,Foggy,Daylight,Motorcycle,1,Over Speeding,0,1,0,1,6,0,High
2023,12,Tuesday,17,Punjab,Rahim Yar Khan,National Highway,Average,Foggy,Daylight,Motorcycle,1,Signal Violation,1,0,0,1,2,1,High
2021,9,Thursday,17,Punjab,Faisalabad,National Highway,Good,Foggy,Street Light,Car/Taxi,1,Signal Violation,1,0,0,0,3,1,Medium
2020,11,Friday,14,KPK,Charsadda,National Highway,Poor,Extreme Heat,Daylight,Bus/Coach,2,Road Condition,0,0,0,1,4,0,Medium
2022,5,Sunday,17,Sindh,Karachi,Motorway,Good,Rainy,Daylight,Car/Taxi,3,Over Speeding,1,1,0,0,9,1,High
2020,5,Sunday,18,Sindh,Hyderabad,Rural Road,Good,Clear,Daylight,Motorcycle,2,Over Speeding,1,1,0,0,4,0,Medium
2023,12,Thursday,8,KPK,Kohat,Provincial Highway,Good,Foggy,Daylight,Motorcycle,1,Over Speeding,1,0,0,1,2,1,High
2022,12,Monday,22,Punjab,Rahim Yar Khan,National Highway,Average,Clear,Street Light,Bicycle,1,Over Speeding,0,0,1,1,5,4,High
2020,6,Wednesday,15,KPK,Abbottabad,Rural Road,Poor,Foggy,Daylight,Bus/Coach,2,Over Speeding,0,0,0,0,1,0,Medium
2022,11,Wednesday,18,Sindh,Larkana,Provincial Highway,Good,Extreme Heat,Daylight,Motorcycle,2,Over Speeding,1,0,0,1,3,0,High
2020,2,Thursday,19,Punjab,Rahim Yar Khan,Urban Road,Under Repair,Clear,Dawn/Dusk,Truck/Lorry,2,Signal Violation,1,0,0,1,0,0,Low
2021,5,Monday,6,Punjab,Gujranwala,Urban Road,Average,Clear,Daylight,Car/Taxi,1,Driver Fatigue,0,0,0,0,2,1,Medium
2023,2,Saturday,9,Islamabad,Islamabad,Rural Road,Average,Clear,Daylight,Van/Pickup,2,Wrong Overtaking,1,1,0,1,0,0,Low
2020,2,Saturday,14,KPK,Abbottabad,Motorway,Poor,Foggy,Daylight,Van/Pickup,2,Wrong Overtaking,0,1,0,1,2,1,Medium
2020,10,Saturday,14,Punjab,Gujranwala,Rural Road,Average,Dusty/Smoggy,Daylight,Rickshaw,3,Wrong Overtaking,0,1,0,0,2,0,Low
2018,8,Sunday,12,Islamabad,Islamabad,Rural Road,Good,Clear,Daylight,Motorcycle,2,Over Speeding,1,1,0,0,2,1,Medium
2021,7,Saturday,13,KPK,Abbottabad,Provincial Highway,Poor,Clear,Street Light,Bicycle,4,Wrong Overtaking,1,1,0,0,11,0,High
2018,2,Saturday,17,Punjab,Lahore,Rural Road,Poor,Clear,Daylight,Car/Taxi,3,Signal Violation,1,1,0,1,2,0,Low
2021,7,Thursday,0,Punjab,Sargodha,National Highway,Good,Clear,No Light,Bus/Coach,1,Signal Violation,0,0,1,0,4,0,Medium
2020,1,Saturday,20,Punjab,Multan,Urban Road,Good,Dusty/Smoggy,Street Light,Car/Taxi,3,Wrong Overtaking,1,1,0,1,2,0,Low
2019,9,Tuesday,8,Sindh,Thatta,Motorway,Under Repair,Rainy,Dawn/Dusk,Truck/Lorry,2,Over Speeding,1,0,0,0,5,1,High
2022,11,Sunday,19,Sindh,Larkana,Rural Road,Good,Clear,Dawn/Dusk,Motorcycle,2,Road Condition,1,1,0,1,1,0,Low
2023,6,Tuesday,9,Punjab,Sargodha,Urban Road,Poor,Foggy,Street Light,Car/Taxi,2,Over Speeding,1,0,0,0,5,0,Medium
2023,6,Saturday,22,Sindh,Sukkur,National Highway,Good,Rainy,No Light,Car/Taxi,1,Over Speeding,0,1,1,0,11,2,High
2023,12,Saturday,21,Punjab,Faisalabad,Rural Road,Poor,Clear,Street Light,Truck/Lorry,1,Over Speeding,0,1,0,1,0,0,Low
2020,12,Monday,18,Punjab,Rawalpindi,Urban Road,Good,Rainy,No Light,Car/Taxi,2,Road Condition,1,0,0,1,0,0,Low
2021,5,Monday,14,Sindh,Jacobabad,Urban Road,Good,Dusty/Smoggy,No Light,Rickshaw,2,Pedestrian Error,0,0,0,0,0,0,Low
2022,6,Thursday,7,Punjab,Rawalpindi,Provincial Highway,Poor,Clear,Daylight,Car/Taxi,2,Over Speeding,1,0,0,0,1,0,Medium
2022,5,Thursday,18,Sindh,Kashmore,Provincial Highway,Under Repair,Foggy,Daylight,Motorcycle,1,Pedestrian Error,1,0,0,0,2,1,High
2021,2,Sunday,16,Islamabad,Islamabad,National Highway,Good,Foggy,Dawn/Dusk,Motorcycle,4,Driver Fatigue,0,1,0,1,10,0,High