year,month,day_of_week,hour_of_day,province,district,road_type,road_condition,weather_condition,lighting_condition,vehicle_type,vehicles_involved,accident_cause,is_rush_hour,is_weekend,is_night,is_foggy_month,num_injured,num_killed,severity
2021,8,Tuesday,17,Punjab,Bahawalpur,National Highway,Under Repair,Foggy,Dawn/Dusk,Car/Taxi,2,Driver Fatigue,1,0,0,0,2,2,High
2020,5,Saturday,18,Punjab,Bahawalpur,Rural Road,Poor,Rainy,Daylight,Van/Pickup,2,Wrong Overtaking,1,1,0,0,2,1,Medium
2022,12,Tuesday,14,Punjab,Lahore,National Highway,Poor,Clear,Street Light,Motorcycle,1,Signal Violation,0,0,0,1,4,0,High
2022,11,Wednesday,15,Sindh,Jacobabad,Urban Road,Average,Clear,Daylight,Motorcycle,2,Drunk Driving,0,0,0,1,1,0,Medium
2023,7,Friday,9,KPK,Charsadda,Provincial Highway,Good,Rainy,Daylight,Car/Taxi,2,Mobile Phone Use,1,0,0,0,1,0,Low
2021,7,Friday,8,Sindh,Dadu,Provincial Highway,Average,Foggy,Daylight,Motorcycle,1,Signal Violation,1,0,0,0,4,4,High
2022,12,Tuesday,6,Sindh,Thatta,Provincial Highway,Poor,Clear,Daylight,Motorcycle,2,Over Speeding,0,0,0,1,3,2,High
2021,3,Wednesday,16,Punjab,Rahim Yar Khan,Provincial Highway,Under Repair,Clear,Daylight,Bus/Coach,2,Over Speeding,0,0,0,0,10,0,High
2019,11,Friday,9,Punjab,Sialkot,Rural Road,Under Repair,Clear,Daylight,Car/Taxi,1,Pedestrian Error,1,0,0,1,1,0,Low
2020,2,Monday,17,Punjab,Bahawalpur,Rural Road,Average,Clear,Street Light,Truck/Lorry,2,Pedestrian Error,1,0,0,1,1,0,Low
2021,2,Monday,18,Sindh,Sukkur,Rural Road,Average,Clear,Dawn/Dusk,Car/Taxi,1,Mechanical Failure,1,0,0,1,0,1,Low
2020,9,Friday,16,Punjab,Faisalabad,Rural Road,Average,Clear,Street Light,Motorcycle,1,Pedestrian Error,0,0,0,0,2,0,Low
2023,7,Tuesday,19,KPK,Peshawar,Provincial Highway,Good,Clear,Dawn/Dusk,Motorcycle,3,Over Speeding,1,0,0,0,5,0,Medium
2020,9,Saturday,8,Sindh,Thatta,Provincial Highway,Average,Dusty/Smoggy,No Light,Rickshaw,2,Wrong Overtaking,1,1,0,0,2,0,Medium
2018,7,Friday,12,Punjab,Sargodha,National Highway,Good,Clear,Daylight,Rickshaw,1,Road Condition,1,0,0,0,0,0,Low
2021,6,Wednesday,13,Sindh,Nawabshah,Rural Road,Good,Clear,Daylight,Motorcycle,1,Over Speeding,1,0,0,0,2,0,Medium
2023,4,Tuesday,10,Islamabad,Islamabad,National Highway,Average,Clear,Daylight,Motorcycle,2,Wrong Overtaking,0,0,0,0,10,1,High
2023,7,Monday,1,Punjab,Rawalpindi,Urban Road,Poor,Clear,No Light,Rickshaw,2,Signal Violation,0,0,1,0,2,0,Low
2022,12,Saturday,21,Punjab,Sialkot,Provincial Highway,Poor,Dusty/Smoggy,Street Light,Car/Taxi,2,Weather Condition,0,1,0,1,1,0,Low
2019,5,Friday,19,Sindh,Mirpur Khas,Provincial Highway,Poor,Clear,Dawn/Dusk,Car/Taxi,3,Signal Violation,1,0,0,0,4,1,Medium
2019,7,Tuesday,15,Sindh,Mirpur Khas,Rural Road,Poor,Clear,No Light,Car/Taxi,2,Over Speeding,0,0,0,0,0,0,Low
2021,10,Thursday,9,Punjab,Multan,National Highway,Poor,Dusty/Smoggy,Daylight,Car/Taxi,2,Wrong Overtaking,1,0,0,0,2,0,Medium
2022,7,Wednesday,14,Islamabad,Islamabad,Provincial Highway,Average,Extreme Heat,Dawn/Dusk,Car/Taxi,2,Drunk Driving,0,0,0,0,3,0,Medium
2022,11,Monday,5,Sindh,Mirpur Khas,National Highway,Average,Clear,Daylight,Car/Taxi,2,Wrong Overtaking,0,0,1,1,1,0,Medium
2021,5,Monday,18,Balochistan,Hub,Provincial Highway,Good,Clear,No Light,Motorcycle,2,Over Speeding,1,0,0,0,11,0,High
2021,6,Tuesday,12,Punjab,Gujranwala,Urban Road,Poor,Rainy,Daylight,Motorcycle,2,Over Speeding,1,0,0,0,6,0,High
2022,11,Sunday,11,KPK,Dera Ismail Khan,Urban Road,Good,Clear,No Light,Motorcycle,2,Drunk Driving,0,1,0,1,8,1,High
2021,11,Sunday,21,Punjab,Rahim Yar Khan,Provincial Highway,Good,Clear,Street Light,Truck/Lorry,3,Over Speeding,0,1,0,1,5,0,Medium
2019,10,Monday,18,Punjab,Bahawalpur,Provincial Highway,Poor,Rainy,Daylight,Rickshaw,3,Wrong Overtaking,1,0,0,0,0,0,Low
2023,1,Wednesday,15,Balochistan,Turbat,National Highway,Good,Dusty/Smoggy,Dawn/Dusk,Truck/Lorry,1,Driver Fatigue,0,0,0,1,5,2,Medium
2023,7,Sunday,17,Punjab,Faisalabad,Urban Road,Poor,Clear,Street Light,Bus/Coach,1,Over Speeding,1,1,0,0,5,1,Medium
2022,5,Sunday,7,Islamabad,Islamabad,National Highway,Good,Clear,Daylight,Car/Taxi,2,Road Condition,1,1,0,0,1,0,Low
2018,2,Sunday,10,Sindh,Nawabshah,National Highway,Good,Clear,Daylight,Rickshaw,2,Road Condition,0,1,0,1,4,1,Medium
2022,11,Friday,20,Gilgit-Baltistan,Hunza,Urban Road,Average,Clear,Street Light,Bus/Coach,1,Mechanical Failure,1,0,0,1,1,0,Low
2020,12,Monday,19,Sindh,Kashmore,Provincial Highway,Average,Clear,Dawn/Dusk,Motorcycle,3,Mechanical Failure,1,0,0,1,2,0,Medium
2023,11,Sunday,8,KPK,Dera Ismail Khan,Urban Road,Good,Clear,No Light,Rickshaw,1,Road Condition,1,1,0,1,1,0,Low
2022,12,Thursday,9,Punjab,Rahim Yar Khan,National Highway,Good,Clear,Dawn/Dusk,Car/Taxi,2,Mechanical Failure,1,0,0,1,2,0,Low
2022,1,Friday,8,Sindh,Kashmore,Urban Road,Average,Clear,Daylight,Bus/Coach,3,Road Condition,1,0,0,1,0,0,Low
2019,7,Monday,3,KPK,Swat,Provincial Highway,Under Repair,Foggy,No Light,Motorcycle,2,Over Speeding,0,0,1,0,5,1,High
2023,8,Friday,16,KPK,Abbottabad,Provincial Highway,Good,Clear,Daylight,Rickshaw,1,Over Speeding,0,0,0,0,3,0,Medium
2022,12,Tuesday,22,Punjab,Multan,Provincial Highway,Good,Clear,No Light,Car/Taxi,2,Wrong Overtaking,0,0,1,1,3,1,Medium
2022,7,Monday,11,Punjab,Faisalabad,National Highway,Good,Clear,Daylight,Car/Taxi,2,Over Speeding,0,0,0,0,9,2,High
2018,12,Saturday,19,Punjab,Sheikhupura,Urban Road,Poor,Rainy,Daylight,Rickshaw,3,Signal Violation,1,1,0,1,0,0,Low
2018,5,Friday,17,Punjab,Rawalpindi,Provincial Highway,Good,Clear,Daylight,Motorcycle,2,Wrong Overtaking,1,0,0,0,5,0,Medium
2019,8,Wednesday,18,Sindh,Jacobabad,Provincial Highway,Good,Extreme Heat,Dawn/Dusk,Motorcycle,4,Over Speeding,1,0,0,0,6,3,High
2023,6,Thursday,7,KPK,Bannu,National Highway,Poor,Clear,Daylight,Bicycle,1,Wrong Overtaking,1,0,0,0,7,1,High
2018,3,Thursday,13,Punjab,Sheikhupura,Provincial Highway,Average,Clear,Daylight,Motorcycle,1,Pedestrian Error,1,0,0,0,0,0,Low
2022,12,Saturday,12,Sindh,Nawabshah,National Highway,Good,Clear,Daylight,Car/Taxi,2,Wrong Overtaking,1,1,0,1,2,0,Medium
2021,3,Tuesday,21,Islamabad,Islamabad,Provincial Highway,Average,Clear,No Light,Motorcycle,2,Road Condition,0,0,0,0,3,0,Medium
2021,7,Thursday,15,Punjab,Lahore,Provincial Highway,Average,Clear,Daylight,Motorcycle,2,Road Condition,0,0,0,0,1,0,Low
2023,4,Sunday,17,Sindh,Kashmore,Provincial Highway,Good,Clear,Daylight,Rickshaw,1,Weather Condition,1,1,0,0,1,0,Low
2022,11,Monday,19,KPK,Mardan,Provincial Highway,Good,Clear,Dawn/Dusk,Van/Pickup,1,Wrong Overtaking,1,0,0,1,0,0,Low
2023,6,Saturday,23,KPK,Bannu,Provincial Highway,Good,Clear,No Light,Bus/Coach,4,Over Speeding,0,1,1,0,4,0,Medium
2021,10,Wednesday,13,KPK,Kohat,Urban Road,Poor,Clear,Street Light,Motorcycle,4,Over Speeding,1,0,0,0,4,0,Medium
2020,7,Tuesday,3,KPK,Dera Ismail Khan,National Highway,Good,Foggy,Street Light,Motorcycle,2,Over Speeding,0,0,1,0,3,2,High
2020,12,Thursday,21,Punjab,Faisalabad,Urban Road,Good,Rainy,Street Light,Car/Taxi,2,Wrong Overtaking,0,0,0,1,4,0,Medium
2022,10,Friday,8,Sindh,Nawabshah,Rural Road,Average,Clear,Daylight,Car/Taxi,2,Signal Violation,1,0,0,0,1,0,Low
2018,3,Friday,6,KPK,Nowshera,National Highway,Good,Clear,Daylight,Car/Taxi,2,Signal Violation,0,0,0,0,1,1,Medium
2022,12,Wednesday,18,Punjab,Rahim Yar Khan,National Highway,Average,Clear,Daylight,Motorcycle,2,Over Speeding,1,0,0,1,6,4,High
2019,7,Saturday,20,Punjab,Rahim Yar Khan,Rural Road,Good,Clear,No Light,Car/Taxi,1,Over Speeding,1,1,0,0,1,0,Medium
2018,7,Monday,20,KPK,Dera Ismail Khan,Rural Road,Good,Clear,Street Light,Truck/Lorry,2,Wrong Overtaking,1,0,0,0,2,0,Low
2021,1,Sunday,13,KPK,Mansehra,Urban Road,Average,Foggy,No Light,Car/Taxi,2,Mechanical Failure,1,1,0,1,1,1,Low
2020,9,Thursday,20,Punjab,Lahore,National Highway,Good,Clear,Street Light,Motorcycle,3,Mobile Phone Use,1,0,0,0,4,0,Medium
2020,6,Sunday,8,Islamabad,Islamabad,National Highway,Good,Clear,Daylight,Motorcycle,3,Drunk Driving,1,1,0,0,2,4,High
2018,6,Saturday,8,KPK,Peshawar,Rural Road,Good,Clear,Daylight,Motorcycle,3,Wrong Overtaking,1,1,0,0,2,0,Low
2020,3,Saturday,16,Islamabad,Islamabad,Motorway,Good,Extreme Heat,Daylight,Rickshaw,3,Over Speeding,0,1,0,0,4,1,Medium
2022,12,Saturday,17,Islamabad,Islamabad,Rural Road,Average,Clear,No Light,Car/Taxi,3,Mechanical Failure,1,1,0,1,1,0,Low
2019,5,Monday,14,Sindh,Hyderabad,Rural Road,Good,Clear,Daylight,Rickshaw,4,Road Condition,0,0,0,0,1,0,Low
2021,12,Saturday,8,KPK,Bannu,Rural Road,Average,Foggy,Daylight,Bicycle,2,Wrong Overtaking,1,1,0,1,2,0,High
2023,7,Saturday,19,KPK,Peshawar,National Highway,Poor,Clear,No Light,Car/Taxi,2,Signal Violation,1,1,0,0,1,1,Medium
2020,1,Wednesday,12,KPK,Bannu,Provincial Highway,Good,Clear,Daylight,Motorcycle,3,Wrong Overtaking,1,0,0,1,5,0,Medium
2019,7,Tuesday,18,KPK,Mansehra,Rural Road,Good,Clear,Daylight,Bus/Coach,2,Signal Violation,1,0,0,0,1,0,Low
2021,4,Saturday,14,Punjab,Faisalabad,Provincial Highway,Average,Foggy,Daylight,Bus/Coach,2,Over Speeding,0,1,0,0,3,2,High
2020,2,Sunday,19,Punjab,Rahim Yar Khan,Provincial Highway,Good,Dusty/Smoggy,Daylight,Car/Taxi,3,Wrong Overtaking,1,1,0,1,1,0,Medium
2019,11,Sunday,18,Punjab,Rawalpindi,National Highway,Good,Rainy,Dawn/Dusk,Bus/Coach,1,Wrong Overtaking,1,1,0,1,3,0,Medium
2018,11,Wednesday,9,KPK,Bannu,National Highway,Average,Clear,Daylight,Motorcycle,4,Mechanical Failure,1,0,0,1,6,1,High
2019,12,Wednesday,14,KPK,Dera Ismail Khan,Motorway,Good,Foggy,No Light,Bicycle,1,Signal Violation,0,0,0,1,7,0,High
2020,3,Wednesday,13,Sindh,Hyderabad,Rural Road,Average,Rainy,Daylight,Car/Taxi,2,Over Speeding,1,0,0,0,3,1,Medium
2021,9,Saturday,0,Sindh,Mirpur Khas,Rural Road,Poor,Clear,Street Light,Other,2,Wrong Overtaking,0,1,1,0,2,0,Low
2023,12,Wednesday,9,KPK,Charsadda,Urban Road,Poor,Clear,No Light,Van/Pickup,1,Over Speeding,1,0,0,1,1,0,Low
2023,10,Sunday,9,Punjab,Rahim Yar Khan,National Highway,Under Repair,Foggy,Daylight,Motorcycle,2,Over Speeding,1,1,0,0,3,0,High
2021,12,Sunday,18,Punjab,Sialkot,National Highway,Poor,Clear,Daylight,Motorcycle,1,Over Speeding,1,1,0,1,10,1,High
2021,11,Saturday,13,Sindh,Thatta,Provincial Highway,Poor,Clear,Daylight,Bus/Coach,1,Mobile Phone Use,1,1,0,1,4,0,Medium
2018,5,Friday,10,Balochistan,Zhob,Urban Road,Good,Rainy,Daylight,Car/Taxi,3,Wrong Overtaking,0,0,0,0,0,0,Low
2019,5,Sunday,19,KPK,Swat,Provincial Highway,Poor,Clear,No Light,Motorcycle,2,Wrong Overtaking,1,1,0,0,4,0,Medium
2020,6,Tuesday,10,Punjab,Bahawalpur,Urban Road,Good,Foggy,Daylight,Motorcycle,2,Over Speeding,0,0,0,0,11,1,High
2023,6,Friday,12,Punjab,Sheikhupura,Provincial Highway,Good,Clear,Daylight,Motorcycle,1,Mechanical Failure,1,0,0,0,2,0,Medium
2021,12,Tuesday,23,Sindh,Mirpur Khas,Urban Road,Average,Extreme Heat,Street Light,Motorcycle,2,Pedestrian Error,0,0,1,1,2,0,Low
2023,12,Wednesday,7,KPK,Abbottabad,Provincial Highway,Good,Clear,Daylight,Truck/Lorry,2,Drunk Driving,1,0,0,1,1,1,Medium
2020,1,Friday,20,KPK,Peshawar,National Highway,Poor,Clear,Street Light,Bus/Coach,3,Wrong Overtaking,1,0,0,1,5,0,Medium
2020,3,Saturday,22,Sindh,Hyderabad,Provincial Highway,Good,Clear,Street Light,Car/Taxi,2,Driver Fatigue,0,1,1,0,5,0,Medium
2023,7,Tuesday,21,Punjab,Lahore,Provincial Highway,Under Repair,Rainy,No Light,Car/Taxi,3,Mechanical Failure,0,0,0,0,2,0,Medium
2023,3,Sunday,18,Balochistan,Dera Bugti,National Highway,Average,Clear,Daylight,Motorcycle,2,Over Speeding,1,1,0,0,2,2,High
2023,6,Monday,20,Punjab,Sheikhupura,National Highway,Average,Clear,No Light,Bus/Coach,4,Over Speeding,1,0,0,0,3,1,High
2022,2,Saturday,4,Punjab,Sargodha,Urban Road,Under Repair,Dusty/Smoggy,Street Light,Car/Taxi,1,Wrong Overtaking,0,1,1,1,0,0,Low
2023,5,Thursday,5,KPK,Dera Ismail Khan,Provincial Highway,Good,Foggy,Street Light,Car/Taxi,4,Mobile Phone Use,0,0,1,0,3,2,Medium
2022,2,Wednesday,4,AJK,Mirpur,Rural Road,Average,Clear,Street Light,Van/Pickup,2,Signal Violation,0,0,1,1,1,0,Low
2020,12,Thursday,16,KPK,Abbottabad,National Highway,Poor,Extreme Heat,Daylight,Car/Taxi,1,Over Speeding,0,0,0,1,3,0,Medium
2022,8,Monday,20,Sindh,Sukkur,National Highway,Under Repair,Foggy,No Light,Motorcycle,2,Over Speeding,1,0,0,0,8,2,High
2020,1,Sunday,19,Punjab,Lahore,Motorway,Good,Dusty/Smoggy,No Light,Motorcycle,3,Pedestrian Error,1,1,0,1,5,3,High
2019,1,Saturday,13,Punjab,Rawalpindi,Urban Road,Average,Clear,Daylight,Motorcycle,1,Signal Violation,1,1,0,1,0,0,Low
2023,12,Saturday,18,Punjab,Lahore,Urban Road,Average,Clear,Daylight,Motorcycle,2,Wrong Overtaking,1,1,0,1,0,0,Low
2022,9,Wednesday,19,Sindh,Sukkur,Urban Road,Good,Clear,Dawn/Dusk,Motorcycle,3,Wrong Overtaking,1,0,0,0,3,0,Medium
2021,10,Wednesday,18,Punjab,Rawalpindi,Provincial Highway,Good,Clear,Dawn/Dusk,Rickshaw,2,Over Speeding,1,0,0,0,2,0,Low
2019,1,Monday,7,Balochistan,Hub,Urban Road,Good,Clear,Daylight,Car/Taxi,3,Mechanical Failure,1,0,0,1,0,0,Low
2023,12,Monday,18,Punjab,Rawalpindi,Provincial Highway,Good,Rainy,Daylight,Car/Taxi,2,Mechanical Failure,1,0,0,1,4,0,Medium
2023,3,Friday,15,Sindh,Kashmore,Provincial Highway,Average,Clear,Dawn/Dusk,Truck/Lorry,1,Over Speeding,0,0,0,0,5,0,Medium
2021,8,Tuesday,19,Sindh,Sukkur,National Highway,Poor,Foggy,Dawn/Dusk,Car/Taxi,2,Over Speeding,1,0,0,0,5,0,Medium
2023,6,Friday,18,Sindh,Karachi,National Highway,Good,Rainy,Daylight,Motorcycle,2,Over Speeding,1,0,0,0,11,0,High
2023,11,Friday,9,Punjab,Sheikhupura,National Highway,Good,Extreme Heat,Daylight,Car/Taxi,2,Over Speeding,1,0,0,1,1,0,Medium
2019,5,Wednesday,9,Balochistan,Quetta,Provincial Highway,Good,Clear,Daylight,Motorcycle,4,Signal Violation,1,0,0,0,3,3,High
2018,11,Sunday,5,Sindh,Jacobabad,National Highway,Good,Clear,No Light,Car/Taxi,4,Signal Violation,0,1,1,1,3,0,Medium
2021,4,Wednesday,16,KPK,Nowshera,National Highway,Average,Clear,Daylight,Bicycle,1,Road Condition,0,0,0,0,5,1,Medium
2021,11,Tuesday,12,Sindh,Thatta,Urban Road,Average,Rainy,Street Light,Motorcycle,1,Over Speeding,1,0,0,1,10,3,High
2023,11,Wednesday,9,Punjab,Sargodha,National Highway,Under Repair,Extreme Heat,Daylight,Car/Taxi,4,Over Speeding,1,0,0,1,5,0,Medium
2021,8,Thursday,21,Sindh,Kashmore,Provincial Highway,Under Repair,Clear,No Light,Rickshaw,2,Signal Violation,0,0,0,0,2,1,Medium
2020,1,Tuesday,13,Sindh,Nawabshah,National Highway,Good,Clear,Daylight,Car/Taxi,2,Driver Fatigue,1,0,0,1,2,0,High
2021,9,Monday,19,Balochistan,Chaman,Provincial Highway,Good,Foggy,Street Light,Van/Pickup,3,Over Speeding,1,0,0,0,3,1,Medium
2020,5,Wednesday,16,Balochistan,Dera Bugti,Rural Road,Good,Clear,Daylight,Motorcycle,1,Mobile Phone Use,0,0,0,0,1,0,Low
2022,8,Friday,15,Punjab,Multan,Urban Road,Average,Clear,Daylight,Motorcycle,3,Driver Fatigue,0,0,0,0,7,1,High
2023,3,Saturday,19,Punjab,Multan,Urban Road,Good,Foggy,Dawn/Dusk,Motorcycle,2,Wrong Overtaking,1,1,0,0,7,2,High
2023,9,Friday,9,Punjab,Rawalpindi,Provincial Highway,Good,Dusty/Smoggy,Daylight,Car/Taxi,2,Signal Violation,1,0,0,0,5,0,Medium
2020,3,Tuesday,7,AJK,Muzaffarabad,Rural Road,Average,Foggy,Daylight,Rickshaw,4,Wrong Overtaking,1,0,0,0,2,0,Low
2020,6,Wednesday,22,Punjab,Bahawalpur,National Highway,Good,Clear,No Light,Rickshaw,1,Road Condition,0,0,1,0,1,1,Medium
2019,1,Thursday,19,KPK,Mansehra,National Highway,Poor,Clear,Dawn/Dusk,Car/Taxi,1,Wrong Overtaking,1,0,0,1,1,0,Medium
2020,7,Wednesday,21,Sindh,Thatta,Provincial Highway,Poor,Foggy,No Light,Car/Taxi,2,Wrong Overtaking,0,0,0,0,1,0,Low
2022,6,Saturday,12,Sindh,Thatta,National Highway,Average,Dusty/Smoggy,Daylight,Motorcycle,2,Wrong Overtaking,1,1,0,0,3,2,Medium
2021,12,Friday,19,Punjab,Sargodha,Provincial Highway,Good,Clear,Street Light,Motorcycle,2,Road Condition,1,0,0,1,2,0,Low
2021,4,Wednesday,19,Punjab,Rawalpindi,Urban Road,Good,Clear,Daylight,Van/Pickup,3,Signal Violation,1,0,0,0,2,0,Low
2023,9,Sunday,8,Sindh,Mirpur Khas,Provincial Highway,Good,Clear,Daylight,Rickshaw,2,Road Condition,1,1,0,0,0,0,Low
2021,3,Friday,21,Punjab,Faisalabad,Provincial Highway,Good,Foggy,No Light,Motorcycle,1,Over Speeding,0,0,0,0,4,0,High
2020,12,Friday,14,Punjab,Lahore,National Highway,Good,Clear,Daylight,Motorcycle,1,Wrong Overtaking,0,0,0,1,3,0,Medium
2018,6,Sunday,17,Punjab,Rawalpindi,Provincial Highway,Average,Clear,No Light,Motorcycle,2,Over Speeding,1,1,0,0,2,2,High
2020,7,Sunday,8,Sindh,Larkana,Rural Road,Good,Clear,Daylight,Rickshaw,1,Over Speeding,1,1,0,0,1,0,Medium
2023,11,Friday,16,Punjab,Multan,National Highway,Good,Foggy,Daylight,Motorcycle,2,Road Condition,0,0,0,1,7,1,High
2023,8,Sunday,19,Punjab,Faisalabad,Urban Road,Good,Clear,Dawn/Dusk,Bus/Coach,1,Driver Fatigue,1,1,0,0,1,1,Low
2022,7,Tuesday,12,Punjab,Rawalpindi,Urban Road,Good,Dusty/Smoggy,Daylight,Motorcycle,1,Pedestrian Error,1,0,0,0,1,0,Low
2019,8,Sunday,8,Punjab,Bahawalpur,Rural Road,Poor,Foggy,Daylight,Motorcycle,3,Signal Violation,1,1,0,0,8,0,High
2021,4,Wednesday,13,Punjab,Sheikhupura,Urban Road,Under Repair,Clear,No Light,Other,3,Drunk Driving,1,0,0,0,5,0,Medium
2021,7,Monday,14,Punjab,Faisalabad,Provincial Highway,Average,Clear,Street Light,Motorcycle,3,Over Speeding,0,0,0,0,6,3,High
2023,12,Tuesday,23,KPK,Mansehra,Rural Road,Good,Foggy,Street Light,Bus/Coach,1,Over Speeding,0,0,1,1,2,0,Medium
2023,7,Monday,16,Punjab,Lahore,Provincial Highway,Average,Clear,Daylight,Motorcycle,3,Signal Violation,0,0,0,0,5,2,Medium
2022,1,Sunday,7,Islamabad,Islamabad,National Highway,Good,Foggy,Dawn/Dusk,Motorcycle,3,Over Speeding,1,1,0,1,11,2,High
2023,7,Thursday,10,Punjab,Multan,Provincial Highway,Average,Clear,Daylight,Motorcycle,1,Over Speeding,0,0,0,0,2,0,Medium
2021,8,Saturday,6,Islamabad,Islamabad,Rural Road,Poor,Foggy,Street Light,Bicycle,2,Wrong Overtaking,0,1,0,0,3,0,Medium
2023,7,Saturday,16,KPK,Bannu,Provincial Highway,Poor,Foggy,Street Light,Car/Taxi,2,Over Speeding,0,1,0,0,3,0,High
2020,4,Monday,23,KPK,Peshawar,Motorway,Good,Clear,No Light,Motorcycle,2,Wrong Overtaking,0,0,1,0,6,0,High
2019,4,Thursday,22,Balochistan,Khuzdar,Rural Road,Good,Clear,Street Light,Car/Taxi,4,Over Speeding,0,0,1,0,2,0,Low
2020,9,Saturday,12,Punjab,Sargodha,Rural Road,Average,Clear,Daylight,Motorcycle,3,Wrong Overtaking,1,1,0,0,2,0,Low
2019,4,Sunday,23,Punjab,Bahawalpur,Urban Road,Poor,Clear,No Light,Motorcycle,1,Over Speeding,0,1,1,0,8,2,High
2023,3,Sunday,23,Punjab,Sargodha,Provincial Highway,Poor,Dusty/Smoggy,Street Light,Rickshaw,2,Over Speeding,0,1,1,0,2,1,Medium
2020,7,Saturday,12,Punjab,Sargodha,Provincial Highway,Good,Rainy,Street Light,Car/Taxi,2,Wrong Overtaking,1,1,0,0,2,1,Medium
2018,4,Tuesday,17,Punjab,Sialkot,Urban Road,Under Repair,Clear,Daylight,Motorcycle,1,Signal Violation,1,0,0,0,1,0,Medium
2023,8,Monday,23,Sindh,Jacobabad,National Highway,Poor,Dusty/Smoggy,No Light,Bicycle,2,Over Speeding,0,0,1,0,4,1,High
2023,4,Friday,6,Punjab,Sargodha,Rural Road,Good,Clear,Daylight,Motorcycle,3,Drunk Driving,0,0,0,0,9,2,High
2019,9,Saturday,19,Punjab,Sheikhupura,Provincial Highway,Good,Clear,No Light,Car/Taxi,2,Signal Violation,1,1,0,0,2,0,Medium
2018,5,Sunday,13,Punjab,Sheikhupura,Urban Road,Good,Clear,Daylight,Van/Pickup,1,Wrong Overtaking,1,1,0,0,0,1,Low
2022,5,Wednesday,14,Sindh,Kashmore,Provincial Highway,Under Repair,Clear,Daylight,Other,2,Over Speeding,0,0,0,0,0,0,Low
2021,12,Monday,6,AJK,Mirpur,Motorway,Poor,Clear,Dawn/Dusk,Motorcycle,1,Signal Violation,0,0,0,1,10,3,High
2021,6,Saturday,6,Sindh,Kashmore,Provincial Highway,Under Repair,Clear,Daylight,Motorcycle,1,Over Speeding,0,1,0,0,11,4,High
2021,3,Sunday,12,Sindh,Thatta,Provincial Highway,Good,Clear,Daylight,Motorcycle,1,Over Speeding,1,1,0,0,6,2,High
2019,12,Saturday,10,Punjab,Sheikhupura,Urban Road,Average,Foggy,Daylight,Motorcycle,2,Pedestrian Error,0,1,0,1,1,0,Medium
2019,11,Monday,11,KPK,Mansehra,National Highway,Average,Rainy,Daylight,Truck/Lorry,2,Wrong Overtaking,0,0,0,1,3,0,High
2022,10,Saturday,8,Punjab,Multan,Urban Road,Good,Clear,Street Light,Car/Taxi,1,Pedestrian Error,1,1,0,0,2,0,Low
2018,11,Saturday,8,Islamabad,Islamabad,National Highway,Average,Dusty/Smoggy,Street Light,Motorcycle,2,Over Speeding,1,1,0,1,9,1,High
2022,10,Sunday,13,Punjab,Sheikhupura,Rural Road,Poor,Foggy,Daylight,Bus/Coach,2,Over Speeding,1,1,0,0,5,0,Medium
2023,10,Friday,0,Punjab,Faisalabad,Provincial Highway,Good,Foggy,Street Light,Car/Taxi,2,Mechanical Failure,0,0,1,0,5,0,Medium
2021,8,Friday,15,AJK,Mirpur,National Highway,Good,Clear,Daylight,Car/Taxi,2,Over Speeding,0,0,0,0,3,0,High
2021,5,Friday,12,Islamabad,Islamabad,National Highway,Poor,Clear,Daylight,Car/Taxi,2,Wrong Overtaking,1,0,0,0,2,0,Low
2020,9,Wednesday,1,Sindh,Jacobabad,Urban Road,Average,Foggy,No Light,Car/Taxi,2,Mechanical Failure,0,0,1,0,2,0,Medium
2022,6,Sunday,5,Punjab,Sheikhupura,National Highway,Good,Clear,No Light,Bus/Coach,1,Mechanical Failure,0,1,1,0,4,2,High
2022,7,Monday,17,KPK,Dera Ismail Khan,Rural Road,Good,Clear,Daylight,Motorcycle,2,Signal Violation,1,0,0,0,2,0,Medium
2019,1,Wednesday,1,Punjab,Multan,Provincial Highway,Good,Clear,Street Light,Motorcycle,3,Wrong Overtaking,0,0,1,1,4,0,Medium
2020,1,Sunday,12,Punjab,Bahawalpur,Urban Road,Good,Clear,Daylight,Motorcycle,2,Mechanical Failure,1,1,0,1,1,1,Low
2019,2,Wednesday,6,Punjab,Sargodha,National Highway,Good,Clear,No Light,Motorcycle,2,Mobile Phone Use,0,0,0,1,4,2,High
2020,6,Saturday,13,Sindh,Kashmore,National Highway,Average,Rainy,Daylight,Rickshaw,2,Over Speeding,1,1,0,0,5,0,Medium
2018,12,Thursday,13,KPK,Abbottabad,National Highway,Average,Clear,Daylight,Motorcycle,2,Wrong Overtaking,1,0,0,1,5,0,High
2023,1,Sunday,18,Punjab,Lahore,National Highway,Good,Foggy,Daylight,Bus/Coach,2,Over Speeding,1,1,0,1,5,2,High
2023,2,Thursday,20,Islamabad,Islamabad,Urban Road,Average,Rainy,Street Light,Car/Taxi,2,Signal Violation,1,0,0,1,2,0,Low
2020,10,Wednesday,8,Punjab,Bahawalpur,Provincial Highway,Poor,Clear,Daylight,Motorcycle,1,Driver Fatigue,1,0,0,0,4,0,Medium
2023,12,Wednesday,20,Punjab,Sheikhupura,Rural Road,Good,Clear,No Light,Car/Taxi,3,Over Speeding,1,0,0,1,2,0,Low
2020,1,Monday,12,Sindh,Mirpur Khas,Urban Road,Good,Foggy,Street Light,Car/Taxi,2,Pedestrian Error,1,0,0,1,0,0,Low