year,month,day_of_week,hour_of_day,province,district,road_type,road_condition,weather_condition,lighting_condition,vehicle_type,vehicles_involved,accident_cause,is_rush_hour,is_weekend,is_night,is_foggy_month,num_injured,num_killed,severity
2023,9,Saturday,20,Balochistan,Gwadar,Urban Road,Average,Clear,Street Light,Bus/Coach,1,Pedestrian Error,1,1,0,0,0,0,Low
2022,8,Monday,0,Islamabad,Islamabad,National Highway,Average,Clear,No Light,Van/Pickup,1,Over Speeding,0,0,1,0,11,1,High
2022,9,Monday,21,KPK,Mardan,Provincial Highway,Good,Clear,Street Light,Motorcycle,2,Over Speeding,0,0,0,0,8,0,High
2021,6,Friday,21,Punjab,Lahore,Rural Road,Average,Clear,Street Light,Motorcycle,2,Pedestrian Error,0,0,0,0,3,1,Medium
2020,10,Thursday,18,AJK,Rawalakot,Provincial Highway,Good,Clear,Street Light,Bicycle,1,Signal Violation,1,0,0,0,7,1,High
2019,6,Saturday,17,Balochistan,Chaman,National Highway,Average,Dusty/Smoggy,Daylight,Car/Taxi,1,Pedestrian Error,1,1,0,0,1,0,Medium
2022,4,Monday,14,Punjab,Sheikhupura,Urban Road,Good,Foggy,Daylight,Car/Taxi,1,Driver Fatigue,0,0,0,0,1,0,Low
2019,11,Friday,13,Sindh,Karachi,National Highway,Good,Clear,Daylight,Car/Taxi,1,Signal Violation,1,0,0,1,2,0,Medium
2021,3,Saturday,10,Sindh,Larkana,Urban Road,Average,Dusty/Smoggy,Daylight,Motorcycle,2,Over Speeding,0,1,0,0,4,1,High
2018,9,Tuesday,14,Sindh,Mirpur Khas,Provincial Highway,Under Repair,Clear,Daylight,Rickshaw,2,Signal Violation,0,0,0,0,4,2,Medium
2019,9,Sunday,16,AJK,Mirpur,Provincial Highway,Good,Dusty/Smoggy,Daylight,Truck/Lorry,3,Wrong Overtaking,0,1,0,0,3,1,Medium
2020,11,Friday,12,Punjab,Faisalabad,National Highway,Good,Clear,Daylight,Motorcycle,2,Signal Violation,1,0,0,1,3,1,High
2021,12,Wednesday,11,Sindh,Sukkur,Urban Road,Average,Clear,Daylight,Car/Taxi,2,Over Speeding,0,0,0,1,1,0,Low
2022,2,Friday,13,Punjab,Lahore,Provincial Highway,Under Repair,Clear,Daylight,Motorcycle,3,Wrong Overtaking,1,0,0,1,9,3,High
2020,8,Wednesday,6,Sindh,Thatta,Rural Road,Average,Clear,Daylight,Car/Taxi,1,Mobile Phone Use,0,0,0,0,0,0,Low
2023,10,Saturday,10,KPK,Peshawar,National Highway,Under Repair,Clear,Daylight,Motorcycle,3,Signal Violation,0,1,0,0,6,1,High
2018,12,Thursday,16,Punjab,Multan,Provincial Highway,Average,Clear,Street Light,Motorcycle,1,Wrong Overtaking,0,0,0,1,3,1,High
2023,5,Thursday,17,Punjab,Sargodha,National Highway,Average,Clear,Daylight,Truck/Lorry,2,Signal Violation,1,0,0,0,3,0,Medium
2022,12,Monday,22,Islamabad,Islamabad,Rural Road,Poor,Clear,Street Light,Car/Taxi,2,Over Speeding,0,0,1,1,3,1,Medium
2022,10,Saturday,14,KPK,Abbottabad,Provincial Highway,Good,Clear,Daylight,Rickshaw,2,Over Speeding,0,1,0,0,0,0,Low
2022,12,Wednesday,7,Sindh,Dadu,Urban Road,Average,Clear,Daylight,Motorcycle,2,Mechanical Failure,1,0,0,1,2,0,Low
2020,5,Sunday,11,Punjab,Rawalpindi,Urban Road,Average,Rainy,No Light,Car/Taxi,2,Over Speeding,0,1,0,0,0,0,Low
2018,8,Friday,13,Sindh,Mirpur Khas,Rural Road,Good,Extreme Heat,Dawn/Dusk,Car/Taxi,2,Mechanical Failure,1,0,0,0,2,0,Low
2022,3,Thursday,16,KPK,Mardan,Motorway,Good,Rainy,Daylight,Truck/Lorry,1,Wrong Overtaking,0,0,0,0,4,1,High
2020,5,Wednesday,18,KPK,Kohat,National Highway,Poor,Rainy,Daylight,Motorcycle,1,Road Condition,1,0,0,0,8,1,High
2020,8,Saturday,8,Punjab,Faisalabad,Provincial Highway,Good,Clear,Daylight,Van/Pickup,1,Over Speeding,1,1,0,0,1,0,Medium
2020,9,Sunday,21,KPK,Charsadda,Provincial Highway,Under Repair,Extreme Heat,Street Light,Rickshaw,2,Road Condition,0,1,0,0,1,0,Low
2018,6,Sunday,21,Punjab,Sheikhupura,National Highway,Good,Clear,No Light,Rickshaw,2,Over Speeding,0,1,0,0,10,3,High
2022,12,Friday,19,Punjab,Gujranwala,National Highway,Average,Foggy,Street Light,Rickshaw,1,Over Speeding,1,0,0,1,2,1,High
2022,7,Tuesday,11,Sindh,Nawabshah,National Highway,Good,Clear,Daylight,Bus/Coach,2,Drunk Driving,0,0,0,0,4,0,Medium
2022,8,Tuesday,9,Punjab,Multan,National Highway,Good,Clear,Daylight,Car/Taxi,3,Wrong Overtaking,1,0,0,0,5,0,Medium
2023,2,Tuesday,14,Punjab,Rahim Yar Khan,Urban Road,Under Repair,Clear,Daylight,Car/Taxi,1,Road Condition,0,0,0,1,0,0,Low
2020,2,Saturday,18,KPK,Nowshera,Urban Road,Good,Clear,No Light,Other,3,Pedestrian Error,1,1,0,1,1,0,Low
2022,3,Monday,5,Sindh,Kashmore,National Highway,Good,Foggy,Dawn/Dusk,Truck/Lorry,2,Mechanical Failure,0,0,1,0,6,2,High
2023,1,Sunday,7,KPK,Kohat,Provincial Highway,Good,Clear,Daylight,Motorcycle,2,Road Condition,1,1,0,1,2,0,Low
2020,12,Sunday,19,KPK,Kohat,National Highway,Under Repair,Foggy,Daylight,Motorcycle,2,Over Speeding,1,1,0,1,2,2,High
2022,11,Wednesday,10,KPK,Peshawar,National Highway,Poor,Foggy,Daylight,Motorcycle,2,Road Condition,0,0,0,1,4,0,Medium
2020,5,Friday,12,Punjab,Faisalabad,Rural Road,Good,Rainy,Daylight,Motorcycle,4,Wrong Overtaking,1,0,0,0,1,0,Medium
2021,10,Wednesday,12,Punjab,Faisalabad,Urban Road,Poor,Foggy,Daylight,Car/Taxi,1,Wrong Overtaking,1,0,0,0,1,1,Low
2023,12,Monday,17,Sindh,Larkana,Provincial Highway,Good,Foggy,Daylight,Car/Taxi,2,Signal Violation,1,0,0,1,2,0,Medium
2019,3,Tuesday,14,Punjab,Gujranwala,Rural Road,Good,Clear,Daylight,Bicycle,3,Over Speeding,0,0,0,0,3,0,High
2023,6,Wednesday,17,KPK,Dera Ismail Khan,Rural Road,Good,Clear,Daylight,Car/Taxi,3,Road Condition,1,0,0,0,2,0,Low
2021,4,Tuesday,23,Sindh,Larkana,Provincial Highway,Good,Foggy,No Light,Rickshaw,1,Signal Violation,0,0,1,0,5,0,Medium
2018,8,Saturday,19,Punjab,Rawalpindi,National Highway,Under Repair,Dusty/Smoggy,Dawn/Dusk,Car/Taxi,2,Signal Violation,1,1,0,0,5,0,Medium
2020,10,Sunday,20,Sindh,Larkana,Rural Road,Average,Foggy,Street Light,Car/Taxi,1,Over Speeding,1,1,0,0,0,0,Low
2021,4,Monday,15,Islamabad,Islamabad,Rural Road,Good,Foggy,Dawn/Dusk,Motorcycle,2,Over Speeding,0,0,0,0,10,2,High
2022,6,Friday,13,Punjab,Gujranwala,Provincial Highway,Good,Clear,Daylight,Motorcycle,2,Wrong Overtaking,1,0,0,0,3,0,Medium
2022,6,Tuesday,22,Punjab,Rawalpindi,Provincial Highway,Average,Foggy,No Light,Bus/Coach,2,Wrong Overtaking,0,0,1,0,7,0,High
2018,8,Saturday,23,Balochistan,Zhob,Urban Road,Average,Clear,Street Light,Car/Taxi,1,Wrong Overtaking,0,1,1,0,1,0,Low
2023,1,Tuesday,0,Punjab,Multan,Rural Road,Good,Clear,No Light,Motorcycle,2,Mechanical Failure,0,0,1,1,1,0,Low
2018,2,Monday,6,Punjab,Faisalabad,National Highway,Poor,Clear,Daylight,Car/Taxi,4,Signal Violation,0,0,0,1,5,0,Medium
2022,11,Sunday,19,Punjab,Rawalpindi,Urban Road,Good,Foggy,Street Light,Motorcycle,3,Driver Fatigue,1,1,0,1,9,1,High
2022,8,Sunday,18,Sindh,Karachi,Provincial Highway,Good,Clear,Daylight,Bus/Coach,2,Road Condition,1,1,0,0,1,0,Low
2020,6,Sunday,14,Sindh,Kashmore,Provincial Highway,Poor,Foggy,Dawn/Dusk,Bus/Coach,2,Road Condition,0,1,0,0,4,0,Medium
2023,5,Friday,6,Sindh,Jacobabad,Urban Road,Poor,Foggy,Daylight,Car/Taxi,2,Over Speeding,0,0,0,0,2,1,Medium
2023,10,Thursday,18,Balochistan,Hub,Rural Road,Good,Clear,Daylight,Car/Taxi,2,Wrong Overtaking,1,0,0,0,1,0,Low
2022,11,Wednesday,19,KPK,Nowshera,Urban Road,Average,Clear,Street Light,Car/Taxi,1,Drunk Driving,1,0,0,1,0,0,Low
2020,11,Tuesday,10,AJK,Muzaffarabad,Provincial Highway,Poor,Extreme Heat,Daylight,Motorcycle,1,Signal Violation,0,0,0,1,5,0,High
2019,10,Monday,12,Sindh,Karachi,Urban Road,Good,Foggy,Daylight,Car/Taxi,1,Over Speeding,1,0,0,0,1,0,Medium
2023,2,Monday,13,Punjab,Rawalpindi,National Highway,Good,Clear,Dawn/Dusk,Car/Taxi,3,Drunk Driving,1,0,0,1,3,4,High
2022,12,Saturday,13,Islamabad,Islamabad,Urban Road,Under Repair,Clear,Street Light,Motorcycle,3,Over Speeding,1,1,0,1,5,1,Medium
2018,9,Saturday,10,Punjab,Sheikhupura,National Highway,Good,Foggy,Daylight,Truck/Lorry,1,Over Speeding,0,1,0,0,7,1,High
2020,5,Sunday,9,KPK,Nowshera,Provincial Highway,Good,Clear,Daylight,Car/Taxi,2,Driver Fatigue,1,1,0,0,3,1,Medium
2019,12,Saturday,8,Punjab,Sargodha,Urban Road,Poor,Clear,Daylight,Motorcycle,2,Mechanical Failure,1,1,0,1,0,0,Low
2018,9,Sunday,19,KPK,Kohat,Provincial Highway,Average,Foggy,No Light,Car/Taxi,3,Mechanical Failure,1,1,0,0,1,0,Low
2018,10,Saturday,17,Islamabad,Islamabad,Urban Road,Average,Foggy,Daylight,Motorcycle,3,Mechanical Failure,1,1,0,0,1,0,Medium
2023,3,Sunday,20,Punjab,Rawalpindi,Rural Road,Good,Clear,Street Light,Truck/Lorry,1,Drunk Driving,1,1,0,0,1,0,Low
2021,6,Friday,10,Punjab,Rahim Yar Khan,National Highway,Average,Foggy,Daylight,Motorcycle,1,Mechanical Failure,0,0,0,0,5,1,High
2018,2,Sunday,12,Punjab,Multan,Rural Road,Good,Clear,Daylight,Motorcycle,3,Over Speeding,1,1,0,1,3,0,High
2019,10,Wednesday,13,Sindh,Larkana,Urban Road,Average,Rainy,Street Light,Bicycle,2,Signal Violation,1,0,0,0,1,0,Medium
2018,10,Saturday,20,Punjab,Sialkot,Urban Road,Average,Foggy,No Light,Car/Taxi,2,Pedestrian Error,1,1,0,0,0,0,Low
2022,5,Saturday,1,KPK,Mansehra,Rural Road,Average,Clear,No Light,Bicycle,4,Over Speeding,0,1,1,0,4,4,High
2022,1,Sunday,21,Punjab,Sargodha,National Highway,Good,Clear,No Light,Motorcycle,1,Signal Violation,0,1,0,1,9,1,High
2019,11,Friday,19,Punjab,Bahawalpur,National Highway,Poor,Dusty/Smoggy,Dawn/Dusk,Motorcycle,1,Over Speeding,1,0,0,1,3,0,High
2021,8,Friday,12,Sindh,Dadu,Provincial Highway,Poor,Foggy,Daylight,Car/Taxi,2,Wrong Overtaking,1,0,0,0,1,0,Medium
2023,8,Monday,16,Sindh,Thatta,Provincial Highway,Good,Rainy,Dawn/Dusk,Motorcycle,2,Road Condition,0,0,0,0,5,0,Medium
2020,12,Sunday,7,Punjab,Sheikhupura,Urban Road,Poor,Foggy,Daylight,Bus/Coach,4,Mechanical Failure,1,1,0,1,1,0,Low
2022,9,Sunday,14,KPK,Bannu,Rural Road,Average,Foggy,Daylight,Other,2,Driver Fatigue,0,1,0,0,5,1,Medium
2022,11,Monday,9,Balochistan,Khuzdar,Provincial Highway,Average,Dusty/Smoggy,Daylight,Car/Taxi,2,Over Speeding,1,0,0,1,0,1,Low
2018,8,Tuesday,19,Punjab,Sargodha,Urban Road,Poor,Rainy,Dawn/Dusk,Motorcycle,1,Over Speeding,1,0,0,0,4,3,High
2023,3,Wednesday,5,Punjab,Rawalpindi,Provincial Highway,Poor,Dusty/Smoggy,No Light,Rickshaw,1,Road Condition,0,0,1,0,1,0,Low
2018,3,Sunday,17,KPK,Kohat,Urban Road,Under Repair,Foggy,Dawn/Dusk,Car/Taxi,3,Road Condition,1,1,0,0,1,0,Low
2023,11,Sunday,20,Punjab,Rahim Yar Khan,Rural Road,Poor,Clear,No Light,Van/Pickup,1,Road Condition,1,1,0,1,0,0,Low
2019,4,Sunday,8,Punjab,Sheikhupura,National Highway,Good,Foggy,Daylight,Rickshaw,1,Signal Violation,1,1,0,0,3,0,Medium
2023,12,Saturday,3,Sindh,Thatta,National Highway,Poor,Clear,No Light,Car/Taxi,4,Over Speeding,0,1,1,1,5,1,Medium
2018,6,Monday,11,Punjab,Rawalpindi,Provincial Highway,Under Repair,Foggy,Daylight,Motorcycle,3,Over Speeding,0,0,0,0,6,3,High
2023,12,Wednesday,12,Punjab,Sialkot,Provincial Highway,Average,Clear,Daylight,Motorcycle,3,Over Speeding,1,0,0,1,3,2,High
2022,6,Thursday,19,AJK,Muzaffarabad,National Highway,Under Repair,Clear,Dawn/Dusk,Motorcycle,2,Over Speeding,1,0,0,0,2,1,High
2019,6,Saturday,13,Punjab,Rahim Yar Khan,Urban Road,Good,Foggy,Street Light,Truck/Lorry,2,Over Speeding,1,1,0,0,5,0,Medium
2019,6,Monday,18,Balochistan,Gwadar,National Highway,Good,Clear,Street Light,Truck/Lorry,1,Over Speeding,1,0,0,0,5,0,Medium
2023,12,Thursday,8,Punjab,Sialkot,Urban Road,Good,Clear,Daylight,Motorcycle,2,Pedestrian Error,1,0,0,1,0,0,Low
2022,10,Wednesday,10,KPK,Charsadda,National Highway,Under Repair,Dusty/Smoggy,Daylight,Bus/Coach,2,Over Speeding,0,0,0,0,4,1,High
2023,8,Wednesday,23,Sindh,Thatta,Rural Road,Good,Rainy,Street Light,Car/Taxi,2,Wrong Overtaking,0,0,1,0,3,0,Medium
2020,12,Friday,5,Punjab,Rawalpindi,Urban Road,Good,Clear,Dawn/Dusk,Van/Pickup,1,Signal Violation,0,0,1,1,0,0,Low
2022,6,Thursday,8,KPK,Mansehra,Urban Road,Average,Clear,Street Light,Truck/Lorry,1,Over Speeding,1,0,0,0,1,0,Medium
2021,7,Sunday,0,Balochistan,Quetta,Rural Road,Average,Clear,Street Light,Truck/Lorry,2,Wrong Overtaking,0,1,1,0,0,0,Low
2021,7,Sunday,23,Punjab,Lahore,Urban Road,Good,Clear,No Light,Motorcycle,3,Road Condition,0,1,1,0,2,0,Low
2020,3,Wednesday,21,KPK,Peshawar,National Highway,Average,Foggy,Street Light,Rickshaw,2,Wrong Overtaking,0,0,0,0,5,2,Medium
2020,12,Friday,10,Sindh,Dadu,Rural Road,Average,Clear,Daylight,Motorcycle,4,Over Speeding,0,0,0,1,5,0,Medium
2019,11,Friday,20,KPK,Dera Ismail Khan,Urban Road,Poor,Rainy,No Light,Motorcycle,2,Over Speeding,1,0,0,1,10,2,High
2022,4,Saturday,18,KPK,Bannu,Rural Road,Good,Dusty/Smoggy,Daylight,Motorcycle,2,Wrong Overtaking,1,1,0,0,3,0,Medium
2018,5,Monday,12,Punjab,Rahim Yar Khan,Urban Road,Poor,Foggy,Street Light,Motorcycle,2,Over Speeding,1,0,0,0,10,3,High
2021,11,Thursday,10,Punjab,Gujranwala,National Highway,Poor,Clear,Daylight,Motorcycle,2,Signal Violation,0,0,0,1,3,0,Medium
2020,9,Monday,10,Sindh,Jacobabad,National Highway,Average,Clear,Daylight,Truck/Lorry,2,Over Speeding,0,0,0,0,9,2,High
2023,2,Thursday,1,Islamabad,Islamabad,National Highway,Poor,Clear,Street Light,Rickshaw,1,Mobile Phone Use,0,0,1,1,2,0,Medium
2022,11,Saturday,22,Punjab,Multan,Provincial Highway,Poor,Clear,No Light,Van/Pickup,3,Over Speeding,0,1,1,1,2,0,Medium
2019,5,Thursday,16,Sindh,Hyderabad,Provincial Highway,Good,Clear,Daylight,Bicycle,2,Road Condition,0,0,0,0,0,0,Low
2021,5,Sunday,14,Punjab,Sialkot,Urban Road,Good,Foggy,Daylight,Motorcycle,2,Over Speeding,0,1,0,0,10,0,High
2018,4,Saturday,13,KPK,Mardan,Provincial Highway,Average,Clear,Daylight,Bus/Coach,2,Signal Violation,1,1,0,0,3,0,Medium
2019,7,Wednesday,4,Sindh,Jacobabad,Rural Road,Good,Clear,No Light,Motorcycle,1,Wrong Overtaking,0,0,1,0,1,0,Medium
2019,5,Tuesday,14,KPK,Swat,Provincial Highway,Poor,Clear,Daylight,Car/Taxi,2,Mechanical Failure,0,0,0,0,2,0,Low
2022,4,Saturday,17,Balochistan,Gwadar,Provincial Highway,Poor,Rainy,Daylight,Car/Taxi,1,Wrong Overtaking,1,1,0,0,2,0,Medium
2023,8,Friday,11,Punjab,Faisalabad,Rural Road,Good,Dusty/Smoggy,No Light,Car/Taxi,3,Pedestrian Error,0,0,0,0,0,0,Low
2022,12,Saturday,2,Punjab,Sheikhupura,National Highway,Good,Clear,Street Light,Motorcycle,3,Road Condition,0,1,1,1,4,0,Medium
2023,4,Thursday,13,Gilgit-Baltistan,Skardu,Urban Road,Average,Rainy,Daylight,Truck/Lorry,1,Driver Fatigue,1,0,0,0,2,0,Medium
2023,11,Monday,10,Punjab,Rawalpindi,National Highway,Good,Rainy,Daylight,Motorcycle,2,Signal Violation,0,0,0,1,4,3,High
2018,5,Tuesday,12,KPK,Mansehra,Urban Road,Good,Extreme Heat,Daylight,Rickshaw,1,Mobile Phone Use,1,0,0,0,0,0,Low
2018,3,Friday,19,KPK,Dera Ismail Khan,Urban Road,Good,Clear,Street Light,Rickshaw,3,Wrong Overtaking,1,0,0,0,2,0,Low
2018,6,Thursday,8,KPK,Bannu,Rural Road,Good,Foggy,Street Light,Car/Taxi,1,Road Condition,1,0,0,0,2,0,Low
2022,6,Saturday,14,Punjab,Bahawalpur,National Highway,Average,Clear,Daylight,Car/Taxi,3,Over Speeding,0,1,0,0,3,1,Medium
2023,7,Sunday,13,Punjab,Sheikhupura,Rural Road,Poor,Clear,Daylight,Van/Pickup,1,Pedestrian Error,1,1,0,0,2,0,Low
2023,6,Friday,2,KPK,Nowshera,National Highway,Average,Dusty/Smoggy,No Light,Motorcycle,3,Pedestrian Error,0,0,1,0,10,2,High
2021,6,Sunday,14,Punjab,Sheikhupura,Provincial Highway,Good,Foggy,Daylight,Motorcycle,3,Pedestrian Error,0,1,0,0,5,0,Medium
2023,9,Wednesday,21,KPK,Dera Ismail Khan,Rural Road,Good,Extreme Heat,No Light,Car/Taxi,1,Signal Violation,0,0,0,0,0,0,Low
2022,12,Saturday,19,Sindh,Dadu,Provincial Highway,Average,Rainy,Street Light,Motorcycle,4,Over Speeding,1,1,0,1,2,2,High
2020,11,Sunday,22,Punjab,Gujranwala,Provincial Highway,Average,Foggy,No Light,Van/Pickup,2,Over Speeding,0,1,1,1,4,3,High
2018,10,Friday,13,Punjab,Sargodha,Rural Road,Under Repair,Clear,Daylight,Car/Taxi,3,Signal Violation,1,0,0,0,1,0,Low
2021,6,Sunday,8,Islamabad,Islamabad,Rural Road,Average,Clear,Daylight,Truck/Lorry,2,Wrong Overtaking,1,1,0,0,2,0,Low
2019,2,Thursday,19,Sindh,Mirpur Khas,Provincial Highway,Good,Clear,No Light,Car/Taxi,2,Wrong Overtaking,1,0,0,1,1,0,Low
2021,6,Saturday,7,Sindh,Karachi,Provincial Highway,Poor,Rainy,Daylight,Motorcycle,2,Wrong Overtaking,1,1,0,0,10,0,High
2020,5,Friday,20,Islamabad,Islamabad,Provincial Highway,Under Repair,Rainy,Street Light,Car/Taxi,3,Over Speeding,1,0,0,0,3,0,Medium
2020,12,Thursday,15,Sindh,Jacobabad,Provincial Highway,Poor,Foggy,Daylight,Rickshaw,1,Drunk Driving,0,0,0,1,4,1,Medium
2023,5,Thursday,11,Islamabad,Islamabad,Urban Road,Average,Rainy,Daylight,Motorcycle,1,Wrong Overtaking,0,0,0,0,6,1,High
2019,6,Thursday,16,Punjab,Sheikhupura,National Highway,Average,Foggy,Daylight,Bus/Coach,2,Over Speeding,0,0,0,0,4,0,High
2022,2,Saturday,18,Balochistan,Hub,National Highway,Good,Clear,Daylight,Bus/Coach,1,Road Condition,1,1,0,1,1,0,Low
2019,2,Wednesday,4,Punjab,Multan,Rural Road,Average,Clear,Street Light,Car/Taxi,3,Pedestrian Error,0,0,1,1,1,0,Low
2021,7,Friday,17,KPK,Kohat,National Highway,Good,Clear,Daylight,Motorcycle,3,Wrong Overtaking,1,0,0,0,4,1,High
2023,4,Friday,14,Balochistan,Gwadar,Urban Road,Average,Clear,Daylight,Motorcycle,2,Over Speeding,0,0,0,0,2,4,High
2022,6,Wednesday,13,Punjab,Sheikhupura,Urban Road,Good,Clear,Dawn/Dusk,Car/Taxi,1,Over Speeding,1,0,0,0,2,0,Low
2019,5,Tuesday,2,Punjab,Rahim Yar Khan,Urban Road,Average,Clear,Street Light,Car/Taxi,4,Road Condition,0,0,1,0,0,0,Low
2018,12,Tuesday,8,KPK,Charsadda,Provincial Highway,Good,Rainy,No Light,Motorcycle,2,Mechanical Failure,1,0,0,1,7,2,High
2023,4,Tuesday,14,Punjab,Gujranwala,National Highway,Poor,Dusty/Smoggy,Daylight,Motorcycle,1,Over Speeding,0,0,0,0,2,2,High
2022,4,Tuesday,15,KPK,Kohat,Rural Road,Under Repair,Rainy,Dawn/Dusk,Truck/Lorry,3,Over Speeding,0,0,0,0,4,0,Medium
2022,9,Saturday,17,Punjab,Gujranwala,National Highway,Poor,Clear,No Light,Bus/Coach,4,Over Speeding,1,1,0,0,9,1,High
2023,9,Tuesday,23,Balochistan,Loralai,Motorway,Average,Rainy,Street Light,Bicycle,1,Wrong Overtaking,0,0,1,0,4,1,High
2021,2,Sunday,18,Punjab,Rahim Yar Khan,Provincial Highway,Average,Clear,Daylight,Rickshaw,1,Wrong Overtaking,1,1,0,1,2,0,Low
2023,5,Wednesday,14,Sindh,Jacobabad,National Highway,Good,Clear,Daylight,Motorcycle,4,Over Speeding,0,0,0,0,10,2,High
2023,3,Wednesday,1,Punjab,Rawalpindi,National Highway,Average,Clear,No Light,Motorcycle,2,Signal Violation,0,0,1,0,7,1,High
2018,11,Sunday,20,Punjab,Lahore,Motorway,Poor,Clear,Street Light,Car/Taxi,1,Wrong Overtaking,1,1,0,1,2,0,Low
2022,6,Thursday,14,Punjab,Bahawalpur,Urban Road,Good,Clear,Daylight,Car/Taxi,2,Wrong Overtaking,0,0,0,0,2,0,Low
2021,6,Thursday,8,Sindh,Kashmore,Urban Road,Under Repair,Clear,Daylight,Car/Taxi,4,Pedestrian Error,1,0,0,0,1,0,Low
2023,9,Sunday,6,Punjab,Multan,Rural Road,Good,Clear,Daylight,Motorcycle,2,Wrong Overtaking,0,1,0,0,3,0,Medium
2021,9,Sunday,21,Balochistan,Gwadar,Provincial Highway,Average,Clear,No Light,Motorcycle,2,Driver Fatigue,0,1,0,0,9,1,High
2019,11,Wednesday,3,Punjab,Sheikhupura,National Highway,Average,Rainy,Street Light,Truck/Lorry,4,Wrong Overtaking,0,0,1,1,2,2,High
2020,2,Sunday,2,KPK,Nowshera,National Highway,Average,Extreme Heat,Street Light,Motorcycle,1,Mechanical Failure,0,1,1,1,3,1,Medium
2019,9,Friday,23,Sindh,Jacobabad,National Highway,Good,Rainy,No Light,Bus/Coach,1,Signal Violation,0,0,1,0,11,0,High
2019,6,Sunday,11,Sindh,Thatta,Rural Road,Good,Clear,Street Light,Motorcycle,1,Signal Violation,0,1,0,0,2,0,Medium
2022,5,Wednesday,13,Punjab,Lahore,Rural Road,Poor,Clear,Daylight,Rickshaw,2,Wrong Overtaking,1,0,0,0,2,0,Low
2022,6,Saturday,21,Sindh,Dadu,Rural Road,Good,Rainy,No Light,Motorcycle,1,Drunk Driving,0,1,0,0,5,2,Medium
2022,12,Tuesday,9,Sindh,Karachi,Motorway,Good,Rainy,Daylight,Car/Taxi,1,Driver Fatigue,1,0,0,1,9,2,High
2020,11,Thursday,19,Punjab,Rahim Yar Khan,Rural Road,Average,Extreme Heat,Dawn/Dusk,Bus/Coach,3,Wrong Overtaking,1,0,0,1,2,0,Low
2020,7,Sunday,16,Punjab,Gujranwala,Provincial Highway,Good,Rainy,Daylight,Car/Taxi,3,Over Speeding,0,1,0,0,2,2,Medium
2020,12,Saturday,3,Punjab,Sheikhupura,National Highway,Average,Clear,No Light,Car/Taxi,2,Driver Fatigue,0,1,1,1,5,0,Medium
2023,1,Friday,10,Punjab,Rawalpindi,Rural Road,Under Repair,Clear,Daylight,Van/Pickup,1,Over Speeding,0,0,0,1,2,0,Low
2019,5,Sunday,17,Punjab,Faisalabad,Provincial Highway,Good,Clear,Daylight,Van/Pickup,1,Wrong Overtaking,1,1,0,0,1,1,Low
2018,2,Friday,10,Punjab,Faisalabad,Provincial Highway,Good,Rainy,Daylight,Bus/Coach,4,Wrong Overtaking,0,0,0,1,4,1,High
2022,1,Saturday,14,KPK,Nowshera,National Highway,Good,Foggy,Daylight,Motorcycle,1,Over Speeding,0,1,0,1,6,1,High
2018,1,Friday,21,Punjab,Gujranwala,Rural Road,Average,Dusty/Smoggy,No Light,Motorcycle,4,Over Speeding,0,0,0,1,5,2,High
2021,6,Tuesday,22,Punjab,Bahawalpur,Rural Road,Good,Rainy,Street Light,Motorcycle,2,Over Speeding,0,0,1,0,6,1,High
2019,1,Sunday,17,Punjab,Gujranwala,Urban Road,Average,Clear,Daylight,Truck/Lorry,3,Signal Violation,1,1,0,1,1,0,Low
2023,8,Thursday,17,Sindh,Hyderabad,Motorway,Average,Clear,Daylight,Car/Taxi,2,Over Speeding,1,0,0,0,5,0,Medium
2022,3,Tuesday,14,Punjab,Sargodha,National Highway,Good,Clear,Daylight,Car/Taxi,3,Pedestrian Error,0,0,0,0,0,0,Low
2020,9,Tuesday,19,KPK,Nowshera,National Highway,Good,Rainy,Street Light,Truck/Lorry,3,Over Speeding,1,0,0,0,3,2,High
2018,12,Thursday,21,KPK,Mardan,National Highway,Good,Dusty/Smoggy,No Light,Rickshaw,2,Wrong Overtaking,0,0,0,1,2,1,Low
2023,11,Friday,9,Sindh,Nawabshah,Provincial Highway,Good,Clear,Dawn/Dusk,Motorcycle,2,Mechanical Failure,1,0,0,1,1,0,Medium
2022,4,Thursday,18,Punjab,Gujranwala,Provincial Highway,Under Repair,Dusty/Smoggy,Daylight,Motorcycle,2,Over Speeding,1,0,0,0,3,1,Medium
2023,5,Saturday,12,Sindh,Larkana,Urban Road,Average,Dusty/Smoggy,Daylight,Car/Taxi,2,Mechanical Failure,1,1,0,0,1,0,Low
2022,2,Thursday,22,Punjab,Rahim Yar Khan,Rural Road,Under Repair,Clear,Street Light,Rickshaw,1,Mechanical Failure,0,0,1,1,0,1,Low
2023,8,Friday,19,Balochistan,Chaman,National Highway,Average,Clear,No Light,Car/Taxi,1,Over Speeding,1,0,0,0,2,0,Medium
2018,1,Monday,17,KPK,Charsadda,Provincial Highway,Poor,Clear,Dawn/Dusk,Motorcycle,2,Wrong Overtaking,1,0,0,1,10,0,High
2021,8,Saturday,12,Sindh,Mirpur Khas,National Highway,Under Repair,Clear,Daylight,Motorcycle,4,Over Speeding,1,1,0,0,5,1,High
2020,4,Sunday,3,Islamabad,Islamabad,National Highway,Good,Clear,Street Light,Motorcycle,2,Over Speeding,0,1,1,0,2,4,High
2022,12,Monday,18,Sindh,Larkana,Urban Road,Poor,Clear,Daylight,Motorcycle,2,Drunk Driving,1,0,0,1,9,3,High