year,month,day_of_week,hour_of_day,province,district,road_type,road_condition,weather_condition,lighting_condition,vehicle_type,vehicles_involved,accident_cause,is_rush_hour,is_weekend,is_night,is_foggy_month,num_injured,num_killed,severity
2023,7,Sunday,17,Punjab,Sheikhupura,Urban Road,Average,Rainy,Street Light,Truck/Lorry,1,Over Speeding,1,1,0,0,4,0,Medium
2022,11,Tuesday,12,Punjab,Gujranwala,National Highway,Poor,Clear,Dawn/Dusk,Motorcycle,2,Drunk Driving,1,0,0,1,7,1,High
2019,1,Monday,20,Sindh,Larkana,Provincial Highway,Poor,Clear,No Light,Motorcycle,2,Over Speeding,1,0,0,1,5,4,High
2021,12,Saturday,12,Balochistan,Turbat,Provincial Highway,Good,Clear,Daylight,Rickshaw,2,Mobile Phone Use,1,1,0,1,0,0,Low
2022,12,Friday,16,Balochistan,Zhob,Provincial Highway,Poor,Rainy,Daylight,Rickshaw,2,Driver Fatigue,0,0,0,1,7,1,High
2019,6,Sunday,15,Sindh,Mirpur Khas,National Highway,Poor,Clear,Daylight,Car/Taxi,1,Mechanical Failure,0,1,0,0,5,0,Medium
2019,11,Wednesday,18,Punjab,Sialkot,Provincial Highway,Good,Extreme Heat,Daylight,Motorcycle,4,Over Speeding,1,0,0,1,10,0,High
2022,5,Saturday,17,Sindh,Karachi,Urban Road,Average,Foggy,No Light,Car/Taxi,2,Over Speeding,1,1,0,0,2,0,Medium
2022,4,Friday,10,KPK,Mansehra,Rural Road,Poor,Clear,Daylight,Motorcycle,2,Over Speeding,0,0,0,0,2,0,Medium
2019,5,Thursday,22,Punjab,Gujranwala,Provincial Highway,Good,Foggy,Street Light,Car/Taxi,1,Signal Violation,0,0,1,0,3,1,Medium
2023,12,Sunday,10,Sindh,Jacobabad,National Highway,Average,Clear,Street Light,Bus/Coach,1,Road Condition,0,1,0,1,1,1,Medium
2022,11,Friday,11,KPK,Peshawar,Provincial Highway,Average,Clear,Daylight,Van/Pickup,1,Wrong Overtaking,0,0,0,1,1,0,Low
2018,6,Saturday,10,Balochistan,Khuzdar,Provincial Highway,Average,Clear,Daylight,Motorcycle,3,Road Condition,0,1,0,0,4,0,Medium
2019,4,Friday,17,KPK,Mardan,Urban Road,Under Repair,Dusty/Smoggy,Daylight,Motorcycle,4,Over Speeding,1,0,0,0,2,0,High
2021,2,Thursday,20,Punjab,Sialkot,Rural Road,Good,Dusty/Smoggy,No Light,Car/Taxi,2,Wrong Overtaking,1,0,0,1,2,0,Low
2023,1,Monday,16,Punjab,Lahore,National Highway,Good,Foggy,Daylight,Motorcycle,1,Road Condition,0,0,0,1,6,2,High
2020,11,Tuesday,18,Balochistan,Khuzdar,Urban Road,Good,Clear,Daylight,Motorcycle,4,Over Speeding,1,0,0,1,5,0,Medium
2018,5,Saturday,19,KPK,Swat,Rural Road,Poor,Foggy,No Light,Van/Pickup,3,Drunk Driving,1,1,0,0,2,0,Low
2023,7,Saturday,20,Punjab,Sialkot,Urban Road,Good,Foggy,Street Light,Van/Pickup,2,Over Speeding,1,1,0,0,0,0,Low
2023,11,Friday,11,Sindh,Mirpur Khas,Rural Road,Average,Rainy,Daylight,Motorcycle,1,Road Condition,0,0,0,1,2,1,Medium
2023,1,Wednesday,17,Balochistan,Hub,Rural Road,Good,Clear,Daylight,Motorcycle,2,Pedestrian Error,1,0,0,1,4,0,Medium
2023,10,Saturday,18,Balochistan,Hub,Rural Road,Average,Extreme Heat,Daylight,Car/Taxi,2,Wrong Overtaking,1,1,0,0,1,0,Low
2021,11,Sunday,11,KPK,Peshawar,Urban Road,Average,Clear,Daylight,Motorcycle,1,Over Speeding,0,1,0,1,5,0,Medium
2018,3,Sunday,15,Punjab,Bahawalpur,National Highway,Poor,Clear,Daylight,Motorcycle,1,Over Speeding,0,1,0,0,2,1,High
2018,5,Monday,20,KPK,Dera Ismail Khan,Rural Road,Average,Clear,Street Light,Motorcycle,4,Over Speeding,1,0,0,0,3,1,Medium
2021,9,Tuesday,12,Punjab,Faisalabad,Urban Road,Good,Clear,Daylight,Truck/Lorry,1,Signal Violation,1,0,0,0,1,1,Medium
2020,3,Monday,9,Balochistan,Zhob,Provincial Highway,Poor,Foggy,Dawn/Dusk,Truck/Lorry,3,Pedestrian Error,1,0,0,0,0,0,Low
2022,2,Saturday,7,Punjab,Sargodha,Urban Road,Poor,Rainy,Daylight,Motorcycle,1,Wrong Overtaking,1,1,0,1,3,2,Medium
2023,6,Monday,22,KPK,Dera Ismail Khan,Urban Road,Poor,Dusty/Smoggy,Street Light,Rickshaw,3,Road Condition,0,0,1,0,2,0,Low
2023,12,Monday,17,Sindh,Kashmore,National Highway,Average,Foggy,Street Light,Motorcycle,1,Wrong Overtaking,1,0,0,1,7,0,High
2019,6,Friday,18,KPK,Swat,Rural Road,Good,Clear,Daylight,Motorcycle,1,Over Speeding,1,0,0,0,4,1,Medium
2023,12,Friday,6,Sindh,Thatta,National Highway,Average,Clear,Daylight,Motorcycle,3,Signal Violation,0,0,0,1,11,2,High
2020,11,Monday,13,Punjab,Lahore,National Highway,Good,Clear,Daylight,Van/Pickup,3,Mechanical Failure,1,0,0,1,1,0,Medium
2023,9,Thursday,7,KPK,Bannu,National Highway,Under Repair,Clear,Daylight,Motorcycle,2,Mechanical Failure,1,0,0,0,9,2,High
2023,6,Wednesday,7,Punjab,Multan,National Highway,Poor,Clear,Daylight,Motorcycle,2,Pedestrian Error,1,0,0,0,5,1,High
2020,1,Sunday,7,Punjab,Rahim Yar Khan,Motorway,Good,Rainy,Daylight,Truck/Lorry,2,Driver Fatigue,1,1,0,1,9,0,High
2018,7,Friday,17,Gilgit-Baltistan,Skardu,Provincial Highway,Good,Clear,Street Light,Truck/Lorry,2,Signal Violation,1,0,0,0,4,0,Medium
2021,9,Saturday,0,Sindh,Dadu,Urban Road,Poor,Clear,Street Light,Car/Taxi,2,Over Speeding,0,1,1,0,4,0,Medium
2023,2,Saturday,7,KPK,Mardan,Motorway,Average,Foggy,Daylight,Rickshaw,1,Mechanical Failure,1,1,0,1,2,1,Low
2022,4,Thursday,6,Sindh,Kashmore,Provincial Highway,Under Repair,Clear,Daylight,Motorcycle,1,Over Speeding,0,0,0,0,2,2,High
2019,2,Monday,19,KPK,Charsadda,Provincial Highway,Poor,Clear,Dawn/Dusk,Truck/Lorry,3,Road Condition,1,0,0,1,2,1,Medium
2023,12,Friday,20,KPK,Kohat,National Highway,Good,Foggy,Street Light,Car/Taxi,2,Mechanical Failure,1,0,0,1,4,0,Medium
2023,5,Wednesday,19,Sindh,Jacobabad,Urban Road,Poor,Clear,Dawn/Dusk,Van/Pickup,4,Pedestrian Error,1,0,0,0,0,0,Low
2023,1,Sunday,12,Gilgit-Baltistan,Gilgit,Urban Road,Average,Clear,Dawn/Dusk,Car/Taxi,1,Over Speeding,1,1,0,1,2,0,Low
2022,10,Friday,23,Sindh,Nawabshah,Urban Road,Good,Clear,Street Light,Motorcycle,3,Signal Violation,0,0,1,0,5,0,Medium
2021,2,Friday,13,KPK,Nowshera,National Highway,Average,Clear,Daylight,Motorcycle,3,Pedestrian Error,1,0,0,1,10,0,High
2020,8,Thursday,16,KPK,Bannu,Urban Road,Good,Clear,Dawn/Dusk,Motorcycle,1,Wrong Overtaking,0,0,0,0,1,0,Low
2020,1,Friday,21,Punjab,Sialkot,National Highway,Good,Clear,No Light,Car/Taxi,2,Signal Violation,0,0,0,1,1,0,Medium
2023,1,Saturday,10,Sindh,Karachi,Provincial Highway,Poor,Foggy,Dawn/Dusk,Motorcycle,2,Pedestrian Error,0,1,0,1,1,1,Medium
2023,8,Wednesday,1,Islamabad,Islamabad,Urban Road,Good,Clear,No Light,Car/Taxi,2,Wrong Overtaking,0,0,1,0,3,0,Medium
2023,1,Wednesday,18,Punjab,Lahore,Provincial Highway,Average,Clear,Street Light,Bus/Coach,1,Wrong Overtaking,1,0,0,1,3,2,Medium
2018,11,Wednesday,10,Punjab,Lahore,Rural Road,Good,Clear,Daylight,Car/Taxi,1,Over Speeding,0,0,0,1,5,2,Medium
2022,4,Sunday,11,Sindh,Kashmore,National Highway,Good,Rainy,Daylight,Car/Taxi,1,Over Speeding,0,1,0,0,10,2,High
2019,12,Thursday,19,Punjab,Gujranwala,Urban Road,Under Repair,Rainy,Dawn/Dusk,Motorcycle,2,Over Speeding,1,0,0,1,5,0,Medium
2021,7,Sunday,10,Balochistan,Zhob,National Highway,Good,Clear,Daylight,Bus/Coach,1,Driver Fatigue,0,1,0,0,2,0,Medium
2021,8,Tuesday,9,Punjab,Sialkot,Motorway,Good,Clear,Daylight,Motorcycle,3,Over Speeding,1,0,0,0,5,3,High
2022,2,Sunday,13,Punjab,Sheikhupura,Urban Road,Good,Rainy,Daylight,Motorcycle,1,Pedestrian Error,1,1,0,1,5,0,Medium
2023,12,Wednesday,7,KPK,Dera Ismail Khan,National Highway,Under Repair,Clear,Daylight,Bus/Coach,1,Over Speeding,1,0,0,1,5,0,Medium
2023,7,Sunday,13,Punjab,Lahore,National Highway,Average,Extreme Heat,Daylight,Bus/Coach,2,Over Speeding,1,1,0,0,3,1,High
2019,12,Tuesday,6,Sindh,Sukkur,Rural Road,Poor,Dusty/Smoggy,Daylight,Car/Taxi,2,Over Speeding,0,0,0,1,2,0,Low
2023,9,Wednesday,7,KPK,Swat,National Highway,Poor,Rainy,Daylight,Bus/Coach,3,Wrong Overtaking,1,0,0,0,3,0,Medium
2022,9,Wednesday,11,KPK,Bannu,Provincial Highway,Poor,Clear,No Light,Truck/Lorry,2,Wrong Overtaking,0,0,0,0,4,0,Medium
2018,9,Wednesday,5,KPK,Peshawar,National Highway,Good,Clear,Dawn/Dusk,Car/Taxi,2,Wrong Overtaking,0,0,1,0,2,0,Medium
2021,3,Monday,14,Punjab,Bahawalpur,Urban Road,Poor,Clear,Daylight,Car/Taxi,1,Wrong Overtaking,0,0,0,0,0,0,Low
2023,6,Sunday,19,Punjab,Rawalpindi,National Highway,Good,Clear,Street Light,Car/Taxi,2,Over Speeding,1,1,0,0,4,0,Medium
2019,11,Saturday,12,Punjab,Bahawalpur,Urban Road,Average,Extreme Heat,Daylight,Bicycle,1,Over Speeding,1,1,0,1,2,2,Medium
2022,5,Saturday,19,Punjab,Faisalabad,Rural Road,Good,Rainy,Daylight,Car/Taxi,2,Wrong Overtaking,1,1,0,0,1,0,Medium
2019,3,Sunday,10,Sindh,Nawabshah,Provincial Highway,Poor,Clear,Street Light,Motorcycle,2,Wrong Overtaking,0,1,0,0,4,1,Medium
2022,10,Sunday,22,Punjab,Faisalabad,National Highway,Good,Clear,No Light,Truck/Lorry,2,Signal Violation,0,1,1,0,3,0,Medium
2020,11,Wednesday,8,Sindh,Jacobabad,Urban Road,Good,Clear,No Light,Van/Pickup,2,Over Speeding,1,0,0,1,5,0,Medium
2023,2,Monday,14,Punjab,Sialkot,National Highway,Average,Clear,Street Light,Bicycle,3,Over Speeding,0,0,0,1,8,2,High
2023,7,Thursday,15,Sindh,Jacobabad,National Highway,Poor,Dusty/Smoggy,Daylight,Bus/Coach,4,Road Condition,0,0,0,0,0,0,Low
2018,11,Wednesday,21,Punjab,Sheikhupura,National Highway,Average,Clear,Street Light,Motorcycle,2,Pedestrian Error,0,0,0,1,5,0,Medium
2022,10,Monday,14,Punjab,Rahim Yar Khan,Rural Road,Under Repair,Foggy,Daylight,Motorcycle,2,Signal Violation,0,0,0,0,1,0,Medium
2023,12,Wednesday,6,Sindh,Dadu,Urban Road,Poor,Clear,Daylight,Bus/Coach,3,Mobile Phone Use,0,0,0,1,2,0,Low
2022,11,Wednesday,18,KPK,Mansehra,Rural Road,Average,Clear,No Light,Motorcycle,1,Wrong Overtaking,1,0,0,1,5,2,Medium
2019,4,Thursday,13,KPK,Charsadda,National Highway,Poor,Clear,Dawn/Dusk,Motorcycle,2,Pedestrian Error,1,0,0,0,2,1,Medium
2023,9,Wednesday,18,Balochistan,Dera Bugti,Provincial Highway,Good,Clear,Daylight,Car/Taxi,2,Mechanical Failure,1,0,0,0,1,0,Low
2022,11,Monday,0,KPK,Mansehra,National Highway,Poor,Clear,No Light,Motorcycle,2,Over Speeding,0,0,1,1,11,1,High
2022,5,Saturday,19,KPK,Dera Ismail Khan,Rural Road,Good,Dusty/Smoggy,No Light,Car/Taxi,1,Driver Fatigue,1,1,0,0,1,0,Low
2019,1,Friday,2,Punjab,Faisalabad,National Highway,Average,Dusty/Smoggy,Street Light,Bus/Coach,2,Mobile Phone Use,0,0,1,1,4,0,High
2023,2,Tuesday,17,Punjab,Gujranwala,Urban Road,Average,Clear,Daylight,Van/Pickup,1,Wrong Overtaking,1,0,0,1,0,0,Low
2019,11,Wednesday,14,KPK,Kohat,National Highway,Good,Rainy,Daylight,Truck/Lorry,3,Wrong Overtaking,0,0,0,1,6,1,High
2020,11,Sunday,10,Punjab,Multan,National Highway,Average,Clear,Daylight,Van/Pickup,3,Drunk Driving,0,1,0,1,3,1,Medium
2019,7,Saturday,11,Punjab,Sheikhupura,Rural Road,Average,Clear,Daylight,Motorcycle,2,Over Speeding,0,1,0,0,4,1,Medium
2018,7,Wednesday,8,Punjab,Faisalabad,Rural Road,Average,Clear,Daylight,Motorcycle,1,Wrong Overtaking,1,0,0,0,2,0,Low
2023,5,Saturday,10,Punjab,Sargodha,Rural Road,Average,Clear,Daylight,Car/Taxi,3,Road Condition,0,1,0,0,0,0,Low
2020,5,Thursday,11,KPK,Mansehra,National Highway,Good,Rainy,Daylight,Motorcycle,3,Wrong Overtaking,0,0,0,0,11,3,High
2021,7,Saturday,19,Punjab,Rawalpindi,Rural Road,Good,Dusty/Smoggy,Dawn/Dusk,Car/Taxi,1,Pedestrian Error,1,1,0,0,0,0,Low
2020,10,Sunday,22,Sindh,Jacobabad,Urban Road,Good,Clear,No Light,Motorcycle,2,Signal Violation,0,1,1,0,9,1,High
2023,11,Wednesday,13,Punjab,Bahawalpur,Motorway,Good,Foggy,Street Light,Van/Pickup,1,Driver Fatigue,1,0,0,1,10,3,High
2023,3,Monday,9,KPK,Swat,National Highway,Good,Clear,Daylight,Rickshaw,1,Pedestrian Error,1,0,0,0,1,0,Low
2020,11,Friday,14,KPK,Charsadda,National Highway,Good,Clear,Daylight,Motorcycle,2,Wrong Overtaking,0,0,0,1,9,4,High
2021,8,Saturday,22,Punjab,Sialkot,Rural Road,Under Repair,Clear,No Light,Motorcycle,2,Pedestrian Error,0,1,1,0,4,0,Medium
2023,6,Saturday,17,KPK,Kohat,Motorway,Average,Rainy,Daylight,Motorcycle,1,Wrong Overtaking,1,1,0,0,2,2,High
2019,11,Sunday,6,Punjab,Bahawalpur,Provincial Highway,Average,Clear,Daylight,Motorcycle,1,Over Speeding,0,1,0,1,11,0,High
2023,5,Wednesday,17,KPK,Mansehra,Motorway,Poor,Clear,Daylight,Car/Taxi,2,Over Speeding,1,0,0,0,11,1,High
2021,5,Saturday,9,KPK,Dera Ismail Khan,National Highway,Good,Clear,Daylight,Motorcycle,2,Over Speeding,1,1,0,0,4,1,High
2018,1,Friday,12,Islamabad,Islamabad,Urban Road,Good,Clear,Daylight,Van/Pickup,2,Over Speeding,1,0,0,1,2,0,Low
2020,7,Sunday,13,Punjab,Bahawalpur,Rural Road,Poor,Clear,Daylight,Car/Taxi,2,Wrong Overtaking,1,1,0,0,2,0,Low
2023,9,Saturday,9,Punjab,Sialkot,Rural Road,Average,Clear,Dawn/Dusk,Rickshaw,2,Over Speeding,1,1,0,0,2,0,Low
2019,1,Wednesday,14,Punjab,Multan,Provincial Highway,Average,Foggy,Daylight,Car/Taxi,2,Road Condition,0,0,0,1,4,1,Medium
2020,2,Thursday,5,Punjab,Faisalabad,Urban Road,Average,Clear,Dawn/Dusk,Motorcycle,1,Over Speeding,0,0,1,1,8,0,High
2023,5,Sunday,16,Punjab,Rawalpindi,Rural Road,Good,Foggy,Daylight,Motorcycle,1,Wrong Overtaking,0,1,0,0,1,1,Medium
2018,5,Wednesday,11,Punjab,Sargodha,Motorway,Poor,Clear,Daylight,Motorcycle,2,Over Speeding,0,0,0,0,4,0,High
2023,4,Wednesday,7,Punjab,Sialkot,Rural Road,Good,Rainy,Daylight,Bus/Coach,1,Mobile Phone Use,1,0,0,0,0,0,Low
2022,7,Saturday,18,Balochistan,Zhob,Urban Road,Poor,Clear,Daylight,Car/Taxi,4,Mechanical Failure,1,1,0,0,1,0,Low
2022,4,Friday,19,Punjab,Sheikhupura,Urban Road,Poor,Clear,Dawn/Dusk,Motorcycle,3,Over Speeding,1,0,0,0,3,1,High
2022,9,Tuesday,11,AJK,Muzaffarabad,Urban Road,Under Repair,Clear,Dawn/Dusk,Car/Taxi,1,Wrong Overtaking,0,0,0,0,2,0,Low
2019,9,Tuesday,11,KPK,Bannu,Provincial Highway,Poor,Clear,Street Light,Bicycle,3,Wrong Overtaking,0,0,0,0,2,1,Medium
2022,1,Tuesday,17,Balochistan,Quetta,Urban Road,Good,Clear,Daylight,Motorcycle,1,Pedestrian Error,1,0,0,1,2,0,Low
2022,1,Sunday,19,Islamabad,Islamabad,National Highway,Good,Clear,Dawn/Dusk,Motorcycle,4,Wrong Overtaking,1,1,0,1,2,0,Medium
2022,5,Monday,21,KPK,Abbottabad,Motorway,Good,Clear,No Light,Rickshaw,2,Drunk Driving,0,0,0,0,2,0,Medium
2023,12,Sunday,12,KPK,Kohat,Urban Road,Poor,Rainy,Daylight,Bus/Coach,3,Wrong Overtaking,1,1,0,1,5,0,Medium
2023,10,Wednesday,8,Sindh,Jacobabad,Urban Road,Poor,Clear,Daylight,Motorcycle,2,Wrong Overtaking,1,0,0,0,5,1,Medium
2023,1,Wednesday,18,Sindh,Mirpur Khas,Provincial Highway,Average,Foggy,Daylight,Bus/Coach,2,Road Condition,1,0,0,1,3,0,Medium
2023,3,Monday,15,Islamabad,Islamabad,National Highway,Average,Dusty/Smoggy,Dawn/Dusk,Car/Taxi,3,Wrong Overtaking,0,0,0,0,5,1,Medium
2023,3,Sunday,9,Punjab,Multan,Provincial Highway,Good,Foggy,Daylight,Motorcycle,3,Over Speeding,1,1,0,0,10,0,High
2021,5,Tuesday,8,Punjab,Gujranwala,Rural Road,Good,Clear,Daylight,Motorcycle,1,Road Condition,1,0,0,0,0,0,Low
2023,12,Sunday,13,KPK,Peshawar,Provincial Highway,Under Repair,Rainy,Dawn/Dusk,Car/Taxi,2,Wrong Overtaking,1,1,0,1,3,0,Medium
2020,11,Monday,20,Sindh,Mirpur Khas,Motorway,Under Repair,Clear,No Light,Van/Pickup,1,Over Speeding,1,0,0,1,3,0,Medium
2021,6,Saturday,22,KPK,Bannu,Provincial Highway,Poor,Clear,Street Light,Motorcycle,3,Signal Violation,0,1,1,0,9,4,High
2019,5,Tuesday,14,Punjab,Rawalpindi,Rural Road,Average,Rainy,Daylight,Motorcycle,2,Signal Violation,0,0,0,0,4,0,Medium
2020,5,Sunday,0,Sindh,Kashmore,Rural Road,Average,Clear,Street Light,Motorcycle,2,Driver Fatigue,0,1,1,0,9,3,High
2022,7,Sunday,14,Punjab,Sialkot,National Highway,Average,Clear,Street Light,Truck/Lorry,2,Driver Fatigue,0,1,0,0,5,1,High
2023,2,Wednesday,3,Balochistan,Sibi,Provincial Highway,Average,Rainy,Street Light,Motorcycle,1,Driver Fatigue,0,0,1,1,2,2,High
2023,6,Sunday,15,Punjab,Sialkot,National Highway,Average,Rainy,Daylight,Motorcycle,2,Road Condition,0,1,0,0,8,1,High
2020,2,Friday,13,Balochistan,Dera Bugti,National Highway,Good,Clear,Dawn/Dusk,Car/Taxi,2,Over Speeding,1,0,0,1,4,1,Medium
2020,7,Monday,13,Punjab,Sialkot,National Highway,Good,Foggy,Daylight,Other,1,Road Condition,1,0,0,0,0,0,Low
2023,1,Sunday,8,Punjab,Sialkot,Rural Road,Good,Clear,Daylight,Motorcycle,3,Signal Violation,1,1,0,1,1,0,Low
2018,12,Sunday,18,Punjab,Sargodha,National Highway,Good,Clear,Daylight,Rickshaw,1,Signal Violation,1,1,0,1,1,0,Low
2019,12,Wednesday,13,Punjab,Sialkot,Urban Road,Poor,Clear,Daylight,Motorcycle,2,Pedestrian Error,1,0,0,1,2,0,Low
2020,10,Wednesday,16,Sindh,Thatta,National Highway,Under Repair,Clear,Daylight,Motorcycle,1,Wrong Overtaking,0,0,0,0,5,0,Medium
2021,8,Tuesday,11,Punjab,Faisalabad,Provincial Highway,Under Repair,Foggy,Daylight,Bus/Coach,3,Road Condition,0,0,0,0,3,1,Medium
2019,11,Tuesday,18,Sindh,Thatta,National Highway,Good,Rainy,Daylight,Bus/Coach,1,Driver Fatigue,1,0,0,1,10,2,High
2023,12,Saturday,11,Punjab,Multan,Urban Road,Good,Dusty/Smoggy,Street Light,Motorcycle,2,Over Speeding,0,1,0,1,1,0,Medium
2020,10,Friday,9,Balochistan,Turbat,National Highway,Good,Clear,Dawn/Dusk,Motorcycle,2,Drunk Driving,1,0,0,0,10,0,High
2018,7,Monday,5,Punjab,Sheikhupura,Rural Road,Average,Rainy,Dawn/Dusk,Motorcycle,2,Pedestrian Error,0,0,1,0,2,1,High
2018,3,Tuesday,17,Punjab,Gujranwala,National Highway,Good,Clear,Daylight,Car/Taxi,1,Signal Violation,1,0,0,0,5,1,Medium
2023,12,Saturday,6,Sindh,Sukkur,National Highway,Poor,Rainy,Daylight,Motorcycle,4,Over Speeding,0,1,0,1,11,1,High
2023,6,Wednesday,12,Balochistan,Khuzdar,Rural Road,Average,Clear,No Light,Car/Taxi,3,Wrong Overtaking,1,0,0,0,0,0,Low
2021,3,Saturday,23,Balochistan,Sibi,Urban Road,Average,Clear,Street Light,Motorcycle,3,Pedestrian Error,0,1,1,0,4,0,Medium
2023,3,Thursday,16,Balochistan,Hub,National Highway,Good,Foggy,Daylight,Motorcycle,3,Pedestrian Error,0,0,0,0,5,0,Medium
2018,11,Tuesday,17,Punjab,Rahim Yar Khan,National Highway,Average,Clear,Street Light,Motorcycle,2,Over Speeding,1,0,0,1,3,1,High
2020,9,Thursday,6,Balochistan,Loralai,Urban Road,Good,Foggy,Daylight,Rickshaw,2,Signal Violation,0,0,0,0,3,0,Medium
2019,8,Monday,18,KPK,Mardan,Provincial Highway,Good,Rainy,Daylight,Bicycle,1,Driver Fatigue,1,0,0,0,2,1,High
2021,1,Saturday,18,Balochistan,Zhob,Rural Road,Average,Foggy,Daylight,Car/Taxi,2,Road Condition,1,1,0,1,0,0,Low
2018,4,Tuesday,17,Punjab,Lahore,Motorway,Poor,Extreme Heat,Daylight,Motorcycle,1,Mobile Phone Use,1,0,0,0,2,1,Medium
2018,4,Friday,19,Balochistan,Chaman,Urban Road,Average,Clear,Dawn/Dusk,Truck/Lorry,2,Road Condition,1,0,0,0,0,0,Low
2020,1,Monday,20,Punjab,Lahore,Urban Road,Average,Clear,Street Light,Motorcycle,3,Drunk Driving,1,0,0,1,3,1,Medium
2020,7,Friday,7,Sindh,Sukkur,National Highway,Poor,Clear,Daylight,Rickshaw,3,Over Speeding,1,0,0,0,7,2,High
2022,5,Friday,11,Sindh,Nawabshah,Rural Road,Average,Clear,Daylight,Motorcycle,2,Wrong Overtaking,0,0,0,0,2,0,Low
2022,3,Saturday,17,Sindh,Thatta,National Highway,Poor,Foggy,Daylight,Car/Taxi,1,Pedestrian Error,1,1,0,0,0,0,Low
2023,8,Thursday,14,Sindh,Kashmore,National Highway,Under Repair,Clear,Daylight,Car/Taxi,1,Wrong Overtaking,0,0,0,0,3,2,Medium
2021,2,Wednesday,4,Punjab,Lahore,Provincial Highway,Under Repair,Rainy,No Light,Motorcycle,3,Over Speeding,0,0,1,1,10,1,High
2021,6,Wednesday,15,KPK,Dera Ismail Khan,National Highway,Good,Clear,Daylight,Motorcycle,3,Over Speeding,0,0,0,0,4,1,High
2023,6,Sunday,21,Sindh,Larkana,National Highway,Good,Foggy,No Light,Car/Taxi,1,Wrong Overtaking,0,1,0,0,7,2,High
2023,6,Sunday,13,KPK,Abbottabad,Provincial Highway,Good,Clear,Daylight,Rickshaw,3,Pedestrian Error,1,1,0,0,2,0,Low
2022,3,Wednesday,8,Punjab,Lahore,National Highway,Average,Clear,Street Light,Car/Taxi,1,Wrong Overtaking,1,0,0,0,1,0,Low
2023,5,Thursday,12,Islamabad,Islamabad,Provincial Highway,Good,Foggy,Daylight,Motorcycle,2,Wrong Overtaking,1,0,0,0,4,1,Medium
2022,8,Sunday,12,KPK,Kohat,Rural Road,Good,Clear,Daylight,Bus/Coach,1,Over Speeding,1,1,0,0,4,1,Medium
2019,5,Monday,19,Punjab,Bahawalpur,Provincial Highway,Poor,Clear,Dawn/Dusk,Car/Taxi,3,Over Speeding,1,0,0,0,3,1,Medium
2022,8,Thursday,17,KPK,Nowshera,Urban Road,Good,Clear,Daylight,Car/Taxi,2,Wrong Overtaking,1,0,0,0,2,0,Low
2022,11,Friday,8,Punjab,Rawalpindi,National Highway,Good,Rainy,Daylight,Car/Taxi,1,Signal Violation,1,0,0,1,6,1,High
2022,1,Thursday,18,Punjab,Gujranwala,Rural Road,Average,Dusty/Smoggy,Daylight,Bus/Coach,2,Signal Violation,1,0,0,1,0,0,Low
2021,7,Sunday,23,Sindh,Mirpur Khas,Urban Road,Average,Clear,No Light,Car/Taxi,1,Signal Violation,0,1,1,0,3,1,Medium
2019,11,Tuesday,9,Sindh,Thatta,Motorway,Average,Extreme Heat,Street Light,Motorcycle,2,Over Speeding,1,0,0,1,11,0,High
2023,1,Friday,18,Punjab,Sialkot,National Highway,Good,Foggy,Daylight,Car/Taxi,3,Mobile Phone Use,1,0,0,1,2,2,Medium
2018,3,Sunday,19,Punjab,Rawalpindi,Urban Road,Average,Clear,Dawn/Dusk,Car/Taxi,1,Road Condition,1,1,0,0,2,0,Low
2018,12,Thursday,8,Islamabad,Islamabad,Urban Road,Average,Clear,Daylight,Motorcycle,1,Over Speeding,1,0,0,1,10,0,High
2020,11,Wednesday,13,Punjab,Sargodha,Rural Road,Under Repair,Clear,Daylight,Bus/Coach,2,Over Speeding,1,0,0,1,4,0,Medium
2020,1,Monday,14,Punjab,Lahore,Urban Road,Average,Clear,Daylight,Car/Taxi,3,Wrong Overtaking,0,0,0,1,0,0,Low
2023,3,Friday,21,Gilgit-Baltistan,Skardu,National Highway,Good,Clear,Street Light,Car/Taxi,2,Over Speeding,0,0,0,0,5,1,Medium
2022,3,Thursday,19,Punjab,Sargodha,Rural Road,Good,Dusty/Smoggy,No Light,Rickshaw,4,Over Speeding,1,0,0,0,0,0,Low
2023,1,Wednesday,11,KPK,Mardan,Rural Road,Average,Rainy,Daylight,Motorcycle,2,Over Speeding,0,0,0,1,6,0,High
2022,1,Wednesday,9,Punjab,Faisalabad,Provincial Highway,Poor,Clear,Daylight,Motorcycle,1,Driver Fatigue,1,0,0,1,4,0,Medium
2020,1,Sunday,21,Sindh,Kashmore,Provincial Highway,Good,Foggy,Street Light,Car/Taxi,2,Pedestrian Error,0,1,0,1,1,0,Medium
2022,12,Wednesday,12,Punjab,Sargodha,Urban Road,Average,Foggy,Daylight,Car/Taxi,1,Mechanical Failure,1,0,0,1,0,0,Low
2020,4,Friday,16,Islamabad,Islamabad,National Highway,Average,Rainy,Dawn/Dusk,Car/Taxi,2,Road Condition,0,0,0,0,0,0,Low
2023,1,Friday,10,Sindh,Kashmore,Urban Road,Poor,Foggy,Daylight,Car/Taxi,2,Mechanical Failure,0,0,0,1,1,0,Low
2020,1,Saturday,22,Sindh,Larkana,National Highway,Average,Extreme Heat,Street Light,Motorcycle,1,Pedestrian Error,0,1,1,1,5,0,Medium
2021,8,Monday,17,Islamabad,Islamabad,Urban Road,Poor,Clear,Street Light,Motorcycle,4,Over Speeding,1,0,0,0,3,0,High
2022,2,Friday,17,AJK,Muzaffarabad,Rural Road,Good,Foggy,Dawn/Dusk,Motorcycle,3,Over Speeding,1,0,0,1,9,1,High
2019,4,Sunday,20,Punjab,Sargodha,Urban Road,Poor,Clear,Street Light,Car/Taxi,1,Mechanical Failure,1,1,0,0,1,0,Low