year,month,day_of_week,hour_of_day,province,district,road_type,road_condition,weather_condition,lighting_condition,vehicle_type,vehicles_involved,accident_cause,is_rush_hour,is_weekend,is_night,is_foggy_month,num_injured,num_killed,severity
2019,12,Tuesday,8,KPK,Dera Ismail Khan,Provincial Highway,Average,Foggy,Daylight,Motorcycle,1,Signal Violation,1,0,0,1,3,2,High
2021,8,Tuesday,14,Punjab,Rahim Yar Khan,Urban Road,Under Repair,Extreme Heat,Daylight,Motorcycle,2,Mobile Phone Use,0,0,0,0,4,0,Medium
2022,3,Thursday,12,Sindh,Nawabshah,Urban Road,Poor,Rainy,Daylight,Rickshaw,2,Signal Violation,1,0,0,0,1,0,Low
2020,6,Tuesday,23,Punjab,Multan,Provincial Highway,Average,Clear,Street Light,Motorcycle,3,Over Speeding,0,0,1,0,8,0,High
2019,4,Sunday,20,Punjab,Bahawalpur,Rural Road,Average,Clear,Street Light,Motorcycle,3,Pedestrian Error,1,1,0,0,1,0,Low
2022,12,Thursday,18,Punjab,Gujranwala,Rural Road,Poor,Clear,Daylight,Motorcycle,1,Signal Violation,1,0,0,1,0,0,Low
2023,1,Thursday,8,Sindh,Thatta,National Highway,Under Repair,Rainy,Daylight,Rickshaw,2,Signal Violation,1,0,0,1,9,0,High
2023,12,Friday,17,Sindh,Thatta,Rural Road,Average,Clear,Street Light,Motorcycle,2,Mechanical Failure,1,0,0,1,2,0,Medium
2022,8,Friday,8,Punjab,Sheikhupura,Provincial Highway,Average,Rainy,Daylight,Motorcycle,3,Signal Violation,1,0,0,0,2,0,Medium
2023,2,Friday,19,Sindh,Dadu,National Highway,Good,Rainy,No Light,Rickshaw,1,Wrong Overtaking,1,0,0,1,2,0,Medium
2019,2,Saturday,20,AJK,Rawalakot,National Highway,Poor,Rainy,Street Light,Truck/Lorry,2,Wrong Overtaking,1,1,0,1,10,3,High
2023,5,Saturday,18,KPK,Dera Ismail Khan,Rural Road,Good,Clear,Daylight,Motorcycle,1,Wrong Overtaking,1,1,0,0,1,0,Low
2018,11,Saturday,19,Sindh,Jacobabad,Rural Road,Good,Clear,Dawn/Dusk,Motorcycle,3,Over Speeding,1,1,0,1,4,1,Medium
2023,8,Saturday,19,Balochistan,Zhob,Motorway,Good,Clear,Dawn/Dusk,Truck/Lorry,2,Mechanical Failure,1,1,0,0,5,2,Medium
2021,1,Friday,19,Sindh,Dadu,Urban Road,Good,Rainy,No Light,Rickshaw,2,Mechanical Failure,1,0,0,1,2,0,Low
2023,3,Monday,7,Punjab,Bahawalpur,National Highway,Poor,Clear,Daylight,Car/Taxi,4,Pedestrian Error,1,0,0,0,1,1,Medium
2023,8,Friday,10,Sindh,Karachi,Provincial Highway,Good,Clear,Daylight,Motorcycle,2,Wrong Overtaking,0,0,0,0,1,1,Medium
2019,7,Tuesday,2,Punjab,Bahawalpur,National Highway,Average,Clear,Street Light,Motorcycle,3,Over Speeding,0,0,1,0,2,0,High
2021,11,Sunday,12,KPK,Mardan,Urban Road,Good,Foggy,Daylight,Motorcycle,3,Over Speeding,1,1,0,1,4,0,High
2020,11,Monday,3,Islamabad,Islamabad,Rural Road,Poor,Clear,Street Light,Car/Taxi,1,Pedestrian Error,0,0,1,1,2,0,Low
2018,1,Wednesday,17,Punjab,Sheikhupura,National Highway,Good,Foggy,Daylight,Car/Taxi,1,Over Speeding,1,0,0,1,9,2,High
2020,3,Thursday,8,Sindh,Nawabshah,National Highway,Under Repair,Clear,Daylight,Motorcycle,1,Signal Violation,1,0,0,0,6,0,High
2023,11,Friday,19,Sindh,Mirpur Khas,Urban Road,Good,Foggy,Dawn/Dusk,Motorcycle,3,Signal Violation,1,0,0,1,2,0,Medium
2018,12,Thursday,19,Punjab,Sargodha,National Highway,Good,Clear,No Light,Motorcycle,3,Over Speeding,1,0,0,1,7,1,High
2019,2,Wednesday,21,KPK,Swat,Provincial Highway,Poor,Clear,No Light,Motorcycle,2,Wrong Overtaking,0,0,0,1,1,0,Medium
2023,2,Wednesday,12,Sindh,Dadu,Rural Road,Average,Foggy,Street Light,Motorcycle,4,Wrong Overtaking,1,0,0,1,3,0,Medium
2020,2,Tuesday,19,Punjab,Rahim Yar Khan,Provincial Highway,Average,Foggy,Dawn/Dusk,Truck/Lorry,2,Pedestrian Error,1,0,0,1,3,1,Medium
2021,1,Saturday,12,KPK,Charsadda,National Highway,Good,Dusty/Smoggy,Dawn/Dusk,Rickshaw,2,Signal Violation,1,1,0,1,2,0,Medium
2022,8,Sunday,10,Punjab,Lahore,Urban Road,Under Repair,Rainy,Daylight,Truck/Lorry,1,Mechanical Failure,0,1,0,0,2,0,Low
2023,5,Monday,17,AJK,Muzaffarabad,Motorway,Good,Rainy,Daylight,Rickshaw,2,Wrong Overtaking,1,0,0,0,9,1,High
2018,3,Sunday,19,Punjab,Rawalpindi,Rural Road,Under Repair,Rainy,Dawn/Dusk,Car/Taxi,2,Wrong Overtaking,1,1,0,0,1,0,Medium
2023,9,Monday,23,Sindh,Thatta,Motorway,Average,Clear,No Light,Motorcycle,1,Road Condition,0,0,1,0,5,0,Medium
2020,4,Saturday,12,Punjab,Bahawalpur,National Highway,Poor,Extreme Heat,Daylight,Bus/Coach,2,Road Condition,1,1,0,0,1,0,Medium
2023,11,Saturday,22,Punjab,Faisalabad,Rural Road,Good,Clear,No Light,Rickshaw,1,Pedestrian Error,0,1,1,1,2,0,Low
2019,10,Sunday,12,KPK,Peshawar,Rural Road,Good,Rainy,Dawn/Dusk,Motorcycle,2,Road Condition,1,1,0,0,3,0,Medium
2023,12,Tuesday,22,Sindh,Larkana,National Highway,Poor,Rainy,Street Light,Bicycle,3,Road Condition,0,0,1,1,4,1,High
2023,11,Saturday,21,Balochistan,Turbat,National Highway,Good,Foggy,No Light,Van/Pickup,1,Wrong Overtaking,0,1,0,1,2,1,Medium
2022,11,Friday,11,Sindh,Mirpur Khas,Rural Road,Under Repair,Clear,Daylight,Car/Taxi,1,Over Speeding,0,0,0,1,0,0,Low
2023,2,Tuesday,18,Islamabad,Islamabad,National Highway,Good,Extreme Heat,Daylight,Car/Taxi,2,Over Speeding,1,0,0,1,5,2,High
2022,7,Saturday,15,AJK,Mirpur,Urban Road,Good,Rainy,Daylight,Motorcycle,1,Signal Violation,0,1,0,0,6,2,High
2019,9,Monday,2,Sindh,Jacobabad,Provincial Highway,Good,Clear,No Light,Motorcycle,1,Mobile Phone Use,0,0,1,0,8,0,High
2021,4,Saturday,12,Sindh,Kashmore,Provincial Highway,Poor,Rainy,Daylight,Motorcycle,2,Over Speeding,1,1,0,0,5,1,High
2020,4,Wednesday,8,KPK,Dera Ismail Khan,Urban Road,Good,Clear,Dawn/Dusk,Motorcycle,2,Wrong Overtaking,1,0,0,0,0,0,Low
2021,6,Thursday,9,Punjab,Gujranwala,National Highway,Average,Clear,Daylight,Motorcycle,2,Pedestrian Error,1,0,0,0,4,1,Medium
2019,11,Friday,8,Balochistan,Quetta,National Highway,Good,Clear,Daylight,Bus/Coach,2,Road Condition,1,0,0,1,1,0,Low
2020,12,Sunday,16,Sindh,Kashmore,National Highway,Good,Clear,Daylight,Car/Taxi,2,Wrong Overtaking,0,1,0,1,3,1,Medium
2021,12,Tuesday,8,KPK,Kohat,Rural Road,Average,Clear,Daylight,Motorcycle,1,Over Speeding,1,0,0,1,2,0,Medium
2019,9,Sunday,23,Punjab,Sialkot,National Highway,Good,Clear,Street Light,Bus/Coach,2,Mobile Phone Use,0,1,1,0,5,0,Medium
2019,11,Saturday,11,KPK,Bannu,Motorway,Good,Foggy,Daylight,Van/Pickup,2,Road Condition,0,1,0,1,1,0,Medium
2022,6,Friday,10,Punjab,Lahore,Urban Road,Good,Clear,Daylight,Car/Taxi,3,Over Speeding,0,0,0,0,5,1,Medium
2022,5,Thursday,19,KPK,Abbottabad,Urban Road,Average,Extreme Heat,Dawn/Dusk,Motorcycle,2,Road Condition,1,0,0,0,1,0,Low
2022,9,Tuesday,21,Sindh,Mirpur Khas,Urban Road,Good,Foggy,No Light,Rickshaw,2,Driver Fatigue,0,0,0,0,0,0,Low
2021,9,Saturday,9,Punjab,Lahore,Rural Road,Good,Clear,Daylight,Motorcycle,1,Wrong Overtaking,1,1,0,0,0,0,Low
2023,8,Thursday,21,Islamabad,Islamabad,National Highway,Poor,Rainy,No Light,Motorcycle,1,Drunk Driving,0,0,0,0,7,2,High
2022,11,Friday,12,KPK,Nowshera,Motorway,Poor,Clear,Dawn/Dusk,Motorcycle,2,Pedestrian Error,1,0,0,1,3,0,Medium
2023,10,Wednesday,14,AJK,Muzaffarabad,Provincial Highway,Poor,Clear,Dawn/Dusk,Car/Taxi,1,Road Condition,0,0,0,0,2,1,Low
2023,12,Tuesday,20,Punjab,Rahim Yar Khan,Provincial Highway,Poor,Clear,Street Light,Car/Taxi,2,Mechanical Failure,1,0,0,1,1,0,Low
2020,7,Tuesday,21,Sindh,Kashmore,National Highway,Good,Clear,No Light,Motorcycle,1,Signal Violation,0,0,0,0,5,0,High
2018,7,Thursday,22,Sindh,Sukkur,Provincial Highway,Poor,Foggy,No Light,Truck/Lorry,2,Driver Fatigue,0,0,1,0,3,1,High
2020,11,Tuesday,19,KPK,Peshawar,National Highway,Average,Rainy,Street Light,Car/Taxi,2,Driver Fatigue,1,0,0,1,5,0,High
2018,9,Thursday,8,Punjab,Sheikhupura,Urban Road,Poor,Clear,Daylight,Car/Taxi,3,Over Speeding,1,0,0,0,1,0,Low
2023,7,Sunday,22,Punjab,Sargodha,Motorway,Poor,Foggy,Street Light,Van/Pickup,4,Pedestrian Error,0,1,1,0,4,0,Medium
2020,6,Saturday,8,Balochistan,Dera Bugti,Rural Road,Poor,Foggy,Daylight,Motorcycle,3,Wrong Overtaking,1,1,0,0,3,0,Medium
2020,3,Sunday,8,Sindh,Dadu,Provincial Highway,Average,Foggy,Daylight,Car/Taxi,1,Mobile Phone Use,1,1,0,0,0,0,Low
2022,2,Wednesday,20,Islamabad,Islamabad,Provincial Highway,Average,Rainy,No Light,Car/Taxi,1,Driver Fatigue,1,0,0,1,1,0,Medium
2022,2,Monday,7,Punjab,Sheikhupura,Urban Road,Good,Clear,Daylight,Car/Taxi,3,Over Speeding,1,0,0,1,3,0,Medium
2022,4,Monday,0,Gilgit-Baltistan,Hunza,Urban Road,Under Repair,Foggy,No Light,Truck/Lorry,3,Over Speeding,0,0,1,0,2,0,High
2023,8,Saturday,11,KPK,Bannu,Urban Road,Good,Extreme Heat,Daylight,Motorcycle,3,Signal Violation,0,1,0,0,5,0,Medium
2022,1,Sunday,19,KPK,Dera Ismail Khan,National Highway,Poor,Clear,Street Light,Truck/Lorry,1,Mechanical Failure,1,1,0,1,0,1,Low
2021,3,Sunday,17,Punjab,Gujranwala,National Highway,Poor,Extreme Heat,Daylight,Car/Taxi,1,Signal Violation,1,1,0,0,2,0,Medium
2022,5,Monday,21,Balochistan,Loralai,National Highway,Under Repair,Foggy,No Light,Car/Taxi,2,Signal Violation,0,0,0,0,1,2,Medium
2022,6,Friday,7,Sindh,Nawabshah,Urban Road,Good,Clear,Daylight,Bus/Coach,3,Road Condition,1,0,0,0,1,0,Low
2020,9,Saturday,5,KPK,Mansehra,Provincial Highway,Good,Rainy,Street Light,Motorcycle,1,Wrong Overtaking,0,1,1,0,10,1,High
2018,12,Saturday,14,Punjab,Rawalpindi,National Highway,Under Repair,Foggy,Street Light,Motorcycle,3,Pedestrian Error,0,1,0,1,5,0,High
2019,5,Saturday,4,Sindh,Kashmore,Rural Road,Average,Clear,No Light,Car/Taxi,1,Signal Violation,0,1,1,0,0,0,Low
2023,7,Wednesday,8,Balochistan,Zhob,National Highway,Poor,Rainy,Daylight,Motorcycle,2,Road Condition,1,0,0,0,3,1,High
2023,12,Friday,20,Punjab,Rahim Yar Khan,National Highway,Average,Foggy,No Light,Car/Taxi,1,Over Speeding,1,0,0,1,4,1,High
2023,1,Wednesday,12,KPK,Mansehra,National Highway,Under Repair,Rainy,Daylight,Motorcycle,2,Over Speeding,1,0,0,1,5,1,High
2018,3,Sunday,20,Punjab,Gujranwala,Provincial Highway,Average,Clear,Street Light,Car/Taxi,2,Mobile Phone Use,1,1,0,0,0,0,Low
2020,7,Wednesday,19,Islamabad,Islamabad,Provincial Highway,Average,Clear,Street Light,Motorcycle,3,Over Speeding,1,0,0,0,1,1,Medium
2023,1,Friday,10,AJK,Mirpur,Urban Road,Good,Clear,Daylight,Rickshaw,3,Over Speeding,0,0,0,1,3,2,Medium
2021,1,Tuesday,13,Punjab,Gujranwala,Rural Road,Average,Clear,Daylight,Motorcycle,2,Over Speeding,1,0,0,1,1,1,Medium
2021,3,Friday,13,Punjab,Sargodha,National Highway,Good,Foggy,Daylight,Car/Taxi,1,Over Speeding,1,0,0,0,8,0,High
2018,12,Friday,8,Sindh,Larkana,Provincial Highway,Poor,Clear,Daylight,Motorcycle,2,Over Speeding,1,0,0,1,10,2,High
2020,5,Sunday,10,Punjab,Sheikhupura,Rural Road,Average,Foggy,Daylight,Motorcycle,1,Over Speeding,0,1,0,0,1,2,Medium
2020,2,Sunday,19,Sindh,Larkana,National Highway,Under Repair,Clear,Street Light,Motorcycle,1,Mechanical Failure,1,1,0,1,1,1,Medium
2023,12,Friday,10,Punjab,Sheikhupura,Rural Road,Good,Clear,Daylight,Other,1,Driver Fatigue,0,0,0,1,2,0,Low
2018,11,Thursday,10,Sindh,Kashmore,Rural Road,Good,Foggy,Daylight,Motorcycle,2,Mechanical Failure,0,0,0,1,0,1,Low
2021,11,Wednesday,21,Punjab,Sheikhupura,National Highway,Average,Foggy,No Light,Motorcycle,3,Over Speeding,0,0,0,1,8,3,High
2023,7,Tuesday,12,Punjab,Sargodha,Provincial Highway,Average,Rainy,Daylight,Motorcycle,3,Over Speeding,1,0,0,0,6,0,High
2019,4,Saturday,18,Punjab,Sargodha,National Highway,Average,Extreme Heat,Daylight,Car/Taxi,1,Road Condition,1,1,0,0,2,0,Low
2020,6,Friday,19,Sindh,Kashmore,Rural Road,Poor,Clear,Dawn/Dusk,Motorcycle,1,Wrong Overtaking,1,0,0,0,5,0,Medium
2023,5,Wednesday,17,Sindh,Karachi,Provincial Highway,Poor,Extreme Heat,Daylight,Bus/Coach,1,Signal Violation,1,0,0,0,5,0,Medium
2023,2,Tuesday,17,Punjab,Faisalabad,National Highway,Average,Clear,No Light,Car/Taxi,1,Road Condition,1,0,0,1,0,0,Low
2020,12,Sunday,7,Sindh,Sukkur,National Highway,Poor,Clear,Street Light,Bicycle,1,Drunk Driving,1,1,0,1,6,2,High
2021,9,Tuesday,18,Balochistan,Khuzdar,Urban Road,Average,Clear,Daylight,Motorcycle,4,Over Speeding,1,0,0,0,4,0,Medium
2023,3,Sunday,22,Punjab,Rawalpindi,Motorway,Under Repair,Clear,Street Light,Rickshaw,2,Over Speeding,0,1,1,0,5,1,Medium
2019,2,Saturday,17,KPK,Bannu,Urban Road,Average,Clear,Daylight,Motorcycle,3,Driver Fatigue,1,1,0,1,2,0,Medium
2022,5,Thursday,10,KPK,Mardan,National Highway,Good,Clear,Dawn/Dusk,Car/Taxi,1,Road Condition,0,0,0,0,1,0,Low
2022,6,Thursday,20,Punjab,Lahore,National Highway,Average,Foggy,No Light,Motorcycle,1,Signal Violation,1,0,0,0,4,4,High
2023,5,Thursday,15,Punjab,Lahore,National Highway,Average,Rainy,Daylight,Motorcycle,2,Signal Violation,0,0,0,0,2,0,High
2022,6,Sunday,20,Sindh,Nawabshah,National Highway,Under Repair,Clear,No Light,Motorcycle,3,Driver Fatigue,1,1,0,0,5,4,High
2023,6,Friday,12,KPK,Nowshera,Urban Road,Poor,Dusty/Smoggy,Daylight,Motorcycle,4,Over Speeding,1,0,0,0,7,0,High
2022,10,Saturday,8,Punjab,Faisalabad,Provincial Highway,Good,Foggy,No Light,Car/Taxi,2,Pedestrian Error,1,1,0,0,1,0,Low
2022,1,Tuesday,11,AJK,Mirpur,National Highway,Under Repair,Clear,Daylight,Car/Taxi,2,Over Speeding,0,0,0,1,9,1,High
2022,1,Sunday,13,KPK,Charsadda,Provincial Highway,Good,Foggy,Daylight,Motorcycle,3,Pedestrian Error,1,1,0,1,3,1,Medium
2019,8,Friday,2,Punjab,Sargodha,Provincial Highway,Good,Dusty/Smoggy,No Light,Rickshaw,1,Signal Violation,0,0,1,0,1,0,Medium
2019,8,Wednesday,14,Punjab,Multan,National Highway,Good,Clear,Daylight,Motorcycle,1,Over Speeding,0,0,0,0,4,1,High
2021,12,Saturday,18,Punjab,Sargodha,National Highway,Good,Foggy,Dawn/Dusk,Motorcycle,2,Road Condition,1,1,0,1,2,1,Medium
2022,2,Sunday,11,Sindh,Larkana,Rural Road,Poor,Clear,Daylight,Car/Taxi,2,Over Speeding,0,1,0,1,2,0,Low
2019,7,Saturday,21,Sindh,Mirpur Khas,Urban Road,Good,Dusty/Smoggy,No Light,Car/Taxi,2,Mechanical Failure,0,1,0,0,0,0,Low
2021,2,Wednesday,16,KPK,Charsadda,National Highway,Under Repair,Clear,Daylight,Motorcycle,2,Road Condition,0,0,0,1,4,0,Medium
2018,11,Tuesday,1,KPK,Swat,National Highway,Good,Clear,Street Light,Bus/Coach,1,Wrong Overtaking,0,0,1,1,7,3,High
2019,1,Wednesday,5,Punjab,Sargodha,Urban Road,Good,Clear,No Light,Motorcycle,1,Road Condition,0,0,1,1,4,2,Medium
2018,11,Monday,16,Sindh,Hyderabad,National Highway,Poor,Dusty/Smoggy,Daylight,Rickshaw,2,Road Condition,0,0,0,1,0,0,Low
2020,4,Saturday,16,Punjab,Faisalabad,Urban Road,Poor,Rainy,Daylight,Van/Pickup,2,Road Condition,0,1,0,0,2,0,Low
2022,9,Sunday,19,Punjab,Sheikhupura,Provincial Highway,Good,Rainy,Dawn/Dusk,Rickshaw,3,Wrong Overtaking,1,1,0,0,1,2,Medium
2023,2,Wednesday,15,KPK,Dera Ismail Khan,Provincial Highway,Poor,Clear,Daylight,Motorcycle,1,Pedestrian Error,0,0,0,1,2,0,Medium
2022,10,Thursday,22,Punjab,Bahawalpur,National Highway,Poor,Clear,No Light,Motorcycle,2,Road Condition,0,0,1,0,9,1,High
2018,8,Thursday,8,KPK,Abbottabad,National Highway,Average,Clear,Daylight,Motorcycle,1,Signal Violation,1,0,0,0,2,0,Medium
2022,8,Tuesday,17,AJK,Rawalakot,National Highway,Average,Clear,Daylight,Motorcycle,4,Mechanical Failure,1,0,0,0,4,0,Medium
2018,12,Thursday,14,Sindh,Karachi,Rural Road,Poor,Clear,Daylight,Rickshaw,1,Wrong Overtaking,0,0,0,1,1,0,Low
2018,4,Wednesday,6,Punjab,Multan,Provincial Highway,Under Repair,Clear,Daylight,Bus/Coach,1,Pedestrian Error,0,0,0,0,2,0,Medium
2020,11,Monday,21,Punjab,Multan,Motorway,Average,Clear,No Light,Motorcycle,2,Road Condition,0,0,0,1,4,0,Medium
2023,7,Tuesday,17,Punjab,Bahawalpur,Provincial Highway,Poor,Clear,Daylight,Motorcycle,1,Wrong Overtaking,1,0,0,0,4,2,High
2018,3,Sunday,6,Sindh,Larkana,Motorway,Poor,Rainy,Street Light,Car/Taxi,2,Driver Fatigue,0,1,0,0,1,0,Medium
2018,8,Sunday,23,KPK,Bannu,Provincial Highway,Good,Dusty/Smoggy,No Light,Bus/Coach,3,Pedestrian Error,0,1,1,0,4,1,Medium
2019,2,Monday,11,Sindh,Kashmore,National Highway,Good,Clear,Daylight,Truck/Lorry,1,Over Speeding,0,0,0,1,1,1,Medium
2019,4,Wednesday,17,KPK,Nowshera,Provincial Highway,Poor,Extreme Heat,Dawn/Dusk,Motorcycle,1,Over Speeding,1,0,0,0,1,0,Medium
2019,11,Saturday,21,KPK,Dera Ismail Khan,Rural Road,Poor,Rainy,Street Light,Rickshaw,2,Over Speeding,0,1,0,1,4,1,Medium
2023,2,Thursday,17,Balochistan,Hub,National Highway,Good,Rainy,Daylight,Motorcycle,4,Over Speeding,1,0,0,1,5,0,High
2023,3,Sunday,18,Punjab,Bahawalpur,Provincial Highway,Average,Dusty/Smoggy,Daylight,Rickshaw,3,Drunk Driving,1,1,0,0,2,0,Low
2023,6,Wednesday,21,Balochistan,Gwadar,Rural Road,Average,Clear,No Light,Motorcycle,1,Pedestrian Error,0,0,0,0,3,0,Medium
2023,4,Monday,2,Sindh,Kashmore,Rural Road,Good,Clear,Street Light,Motorcycle,1,Wrong Overtaking,0,0,1,0,9,1,High
2021,2,Friday,13,Punjab,Sialkot,National Highway,Good,Clear,Daylight,Motorcycle,1,Mobile Phone Use,1,0,0,1,1,2,Medium
2023,10,Tuesday,8,AJK,Muzaffarabad,National Highway,Good,Clear,Daylight,Car/Taxi,2,Driver Fatigue,1,0,0,0,9,0,High
2018,11,Monday,13,Islamabad,Islamabad,Provincial Highway,Under Repair,Rainy,Daylight,Motorcycle,3,Pedestrian Error,1,0,0,1,5,2,Medium
2018,12,Thursday,7,Sindh,Kashmore,Rural Road,Poor,Clear,Daylight,Motorcycle,2,Pedestrian Error,1,0,0,1,0,0,Low
2022,7,Sunday,18,Balochistan,Khuzdar,National Highway,Good,Foggy,Daylight,Bus/Coach,2,Pedestrian Error,1,1,0,0,1,0,Medium
2018,6,Sunday,11,Punjab,Bahawalpur,National Highway,Good,Clear,Daylight,Motorcycle,1,Mobile Phone Use,0,1,0,0,7,1,High
2023,6,Thursday,14,Punjab,Sialkot,Provincial Highway,Under Repair,Rainy,Street Light,Bus/Coach,3,Wrong Overtaking,0,0,0,0,2,0,Medium
2019,5,Thursday,0,Punjab,Multan,National Highway,Poor,Clear,Street Light,Motorcycle,1,Wrong Overtaking,0,0,1,0,5,1,High
2021,1,Friday,11,Sindh,Karachi,National Highway,Under Repair,Extreme Heat,Dawn/Dusk,Car/Taxi,2,Signal Violation,0,0,0,1,4,0,Medium
2019,5,Saturday,17,Sindh,Kashmore,Rural Road,Good,Clear,Daylight,Rickshaw,1,Over Speeding,1,1,0,0,1,0,Low
2023,2,Sunday,15,Punjab,Lahore,National Highway,Good,Clear,Daylight,Car/Taxi,4,Signal Violation,0,1,0,1,5,0,Medium
2022,2,Monday,22,KPK,Abbottabad,National Highway,Good,Clear,No Light,Truck/Lorry,1,Wrong Overtaking,0,0,1,1,5,2,Medium
2018,11,Wednesday,12,Punjab,Bahawalpur,National Highway,Good,Clear,Daylight,Motorcycle,1,Mobile Phone Use,1,0,0,1,1,0,Medium
2023,3,Friday,8,Punjab,Bahawalpur,Provincial Highway,Poor,Clear,Daylight,Motorcycle,1,Pedestrian Error,1,0,0,0,3,0,Medium
2022,3,Tuesday,6,Punjab,Faisalabad,Rural Road,Under Repair,Clear,Daylight,Car/Taxi,2,Signal Violation,0,0,0,0,2,0,Low
2020,8,Monday,16,Punjab,Lahore,National Highway,Average,Clear,Street Light,Bicycle,2,Over Speeding,0,0,0,0,8,0,High
2022,12,Tuesday,18,Punjab,Gujranwala,Rural Road,Under Repair,Clear,Daylight,Rickshaw,1,Driver Fatigue,1,0,0,1,1,0,Low
2019,6,Monday,9,Punjab,Lahore,Rural Road,Average,Dusty/Smoggy,Daylight,Motorcycle,1,Over Speeding,1,0,0,0,4,0,Medium
2018,7,Thursday,18,Punjab,Bahawalpur,Provincial Highway,Under Repair,Foggy,Daylight,Motorcycle,2,Over Speeding,1,0,0,0,5,0,High
2019,4,Monday,11,Punjab,Sheikhupura,Rural Road,Under Repair,Foggy,Daylight,Motorcycle,1,Signal Violation,0,0,0,0,3,0,High
2018,8,Saturday,20,Punjab,Faisalabad,Provincial Highway,Poor,Clear,Street Light,Car/Taxi,2,Wrong Overtaking,1,1,0,0,1,1,Medium
2020,2,Friday,20,Balochistan,Gwadar,National Highway,Poor,Clear,No Light,Motorcycle,2,Road Condition,1,0,0,1,11,1,High
2020,5,Wednesday,15,Punjab,Sialkot,Rural Road,Good,Rainy,Daylight,Rickshaw,2,Over Speeding,0,0,0,0,2,1,Medium
2021,10,Friday,13,KPK,Nowshera,Provincial Highway,Good,Extreme Heat,Daylight,Motorcycle,3,Over Speeding,1,0,0,0,4,1,Medium
2023,9,Tuesday,20,Punjab,Gujranwala,Provincial Highway,Poor,Rainy,Street Light,Motorcycle,1,Over Speeding,1,0,0,0,3,2,High
2018,12,Wednesday,7,Punjab,Lahore,Urban Road,Average,Foggy,Daylight,Car/Taxi,3,Signal Violation,1,0,0,1,1,0,Low
2021,5,Friday,19,Punjab,Sargodha,National Highway,Average,Rainy,Dawn/Dusk,Car/Taxi,2,Wrong Overtaking,1,0,0,0,1,0,Medium
2023,9,Wednesday,6,Islamabad,Islamabad,National Highway,Average,Clear,Daylight,Bus/Coach,1,Signal Violation,0,0,0,0,4,0,Medium
2021,4,Monday,10,Sindh,Jacobabad,National Highway,Good,Clear,Daylight,Car/Taxi,2,Over Speeding,0,0,0,0,3,0,Medium
2018,3,Friday,18,KPK,Kohat,Provincial Highway,Good,Clear,Daylight,Rickshaw,2,Wrong Overtaking,1,0,0,0,0,0,Low
2023,2,Friday,2,Sindh,Hyderabad,Provincial Highway,Average,Clear,No Light,Motorcycle,2,Wrong Overtaking,0,0,1,1,3,1,High
2020,4,Wednesday,18,Punjab,Faisalabad,Motorway,Good,Foggy,Daylight,Motorcycle,4,Wrong Overtaking,1,0,0,0,5,2,High
2020,12,Saturday,16,Islamabad,Islamabad,Urban Road,Average,Rainy,Daylight,Car/Taxi,2,Over Speeding,0,1,0,1,5,0,Medium
2021,1,Saturday,10,Punjab,Sheikhupura,Urban Road,Average,Clear,Daylight,Truck/Lorry,3,Pedestrian Error,0,1,0,1,1,0,Low
2021,5,Tuesday,15,Punjab,Sheikhupura,National Highway,Good,Rainy,Daylight,Car/Taxi,3,Driver Fatigue,0,0,0,0,4,1,High
2021,6,Sunday,17,Punjab,Multan,Urban Road,Good,Clear,Dawn/Dusk,Bicycle,2,Road Condition,1,1,0,0,1,1,Low
2022,12,Saturday,22,Punjab,Multan,National Highway,Average,Foggy,Street Light,Bus/Coach,2,Road Condition,0,1,1,1,6,0,High
2021,5,Monday,13,Punjab,Sargodha,Provincial Highway,Average,Extreme Heat,Daylight,Motorcycle,1,Drunk Driving,1,0,0,0,8,1,High
2022,1,Monday,7,Sindh,Mirpur Khas,Urban Road,Average,Clear,Daylight,Car/Taxi,1,Pedestrian Error,1,0,0,1,2,0,Low
2022,12,Saturday,15,Punjab,Lahore,Rural Road,Average,Rainy,Daylight,Car/Taxi,2,Driver Fatigue,0,1,0,1,1,0,Low
2023,4,Sunday,22,Sindh,Mirpur Khas,Rural Road,Poor,Foggy,Street Light,Motorcycle,3,Over Speeding,0,1,1,0,2,0,High
2022,10,Wednesday,15,Punjab,Multan,National Highway,Good,Foggy,Daylight,Motorcycle,1,Over Speeding,0,0,0,0,11,3,High
2022,5,Thursday,9,AJK,Rawalakot,Provincial Highway,Good,Extreme Heat,Daylight,Motorcycle,2,Wrong Overtaking,1,0,0,0,3,1,Medium
2020,7,Wednesday,8,Punjab,Lahore,Provincial Highway,Good,Foggy,Street Light,Motorcycle,4,Over Speeding,1,0,0,0,2,0,High
2022,11,Thursday,19,Sindh,Dadu,Provincial Highway,Under Repair,Clear,Dawn/Dusk,Car/Taxi,1,Wrong Overtaking,1,0,0,1,1,0,Low
2019,6,Saturday,9,KPK,Swat,Provincial Highway,Poor,Foggy,Dawn/Dusk,Van/Pickup,2,Over Speeding,1,1,0,0,1,0,Medium
2019,12,Thursday,17,Punjab,Rawalpindi,Provincial Highway,Good,Rainy,Daylight,Van/Pickup,1,Road Condition,1,0,0,1,5,1,Medium
2022,1,Monday,12,Punjab,Bahawalpur,Provincial Highway,Poor,Dusty/Smoggy,Street Light,Car/Taxi,2,Over Speeding,1,0,0,1,0,0,Low