year,month,day_of_week,hour_of_day,province,district,road_type,road_condition,weather_condition,lighting_condition,vehicle_type,vehicles_involved,accident_cause,is_rush_hour,is_weekend,is_night,is_foggy_month,num_injured,num_killed,severity
2022,6,Tuesday,7,Punjab,Sargodha,National Highway,Average,Clear,Daylight,Motorcycle,1,Road Condition,1,0,0,0,8,3,High
2022,6,Friday,12,Punjab,Sialkot,National Highway,Average,Rainy,Daylight,Bus/Coach,1,Wrong Overtaking,1,0,0,0,3,0,Medium
2022,12,Wednesday,15,Punjab,Sialkot,Provincial Highway,Poor,Rainy,Daylight,Car/Taxi,3,Drunk Driving,0,0,0,1,3,0,Medium
2022,1,Saturday,9,KPK,Mardan,National Highway,Poor,Clear,Daylight,Car/Taxi,2,Drunk Driving,1,1,0,1,1,1,Medium
2020,5,Tuesday,22,Sindh,Dadu,Provincial Highway,Average,Rainy,No Light,Motorcycle,3,Drunk Driving,0,0,1,0,10,2,High
2021,11,Thursday,5,Sindh,Karachi,Provincial Highway,Poor,Clear,Dawn/Dusk,Motorcycle,2,Over Speeding,0,0,1,1,5,0,High
2018,9,Wednesday,12,Punjab,Multan,National Highway,Average,Clear,Daylight,Motorcycle,1,Mobile Phone Use,1,0,0,0,3,0,Medium
2020,7,Monday,4,Balochistan,Gwadar,National Highway,Good,Clear,Street Light,Bicycle,2,Road Condition,0,0,1,0,9,0,High
2018,10,Saturday,10,Punjab,Sheikhupura,National Highway,Average,Clear,Dawn/Dusk,Motorcycle,1,Wrong Overtaking,0,1,0,0,3,0,Medium
2021,2,Monday,19,Punjab,Rawalpindi,Urban Road,Poor,Clear,Dawn/Dusk,Truck/Lorry,2,Mobile Phone Use,1,0,0,1,0,1,Low
2020,12,Wednesday,9,Punjab,Sheikhupura,Provincial Highway,Poor,Clear,Daylight,Motorcycle,2,Wrong Overtaking,1,0,0,1,2,0,Medium
2019,5,Wednesday,13,Punjab,Faisalabad,National Highway,Good,Clear,Street Light,Car/Taxi,2,Mechanical Failure,1,0,0,0,0,0,Low
2018,4,Tuesday,11,KPK,Peshawar,Motorway,Good,Foggy,Daylight,Motorcycle,1,Driver Fatigue,0,0,0,0,7,1,High
2021,4,Tuesday,16,KPK,Nowshera,Provincial Highway,Good,Rainy,Daylight,Motorcycle,4,Mechanical Failure,0,0,0,0,2,0,Medium
2023,10,Wednesday,15,KPK,Mardan,Provincial Highway,Average,Clear,Daylight,Truck/Lorry,4,Over Speeding,0,0,0,0,1,0,Medium
2022,9,Friday,17,Sindh,Karachi,National Highway,Average,Clear,Daylight,Motorcycle,1,Mechanical Failure,1,0,0,0,1,2,Medium
2020,3,Wednesday,18,Islamabad,Islamabad,Provincial Highway,Poor,Extreme Heat,Daylight,Motorcycle,1,Signal Violation,1,0,0,0,4,2,Medium
2020,2,Monday,22,Sindh,Dadu,Provincial Highway,Good,Foggy,No Light,Car/Taxi,1,Over Speeding,0,0,1,1,9,2,High
2023,9,Monday,0,Sindh,Thatta,Provincial Highway,Good,Rainy,Street Light,Motorcycle,1,Over Speeding,0,0,1,0,3,2,High
2020,4,Saturday,19,Punjab,Rawalpindi,National Highway,Poor,Rainy,Dawn/Dusk,Rickshaw,3,Over Speeding,1,1,0,0,1,1,Medium
2022,8,Friday,3,Punjab,Faisalabad,Rural Road,Average,Foggy,Street Light,Van/Pickup,1,Over Speeding,0,0,1,0,6,2,High
2020,8,Wednesday,16,Sindh,Karachi,National Highway,Average,Dusty/Smoggy,Daylight,Car/Taxi,2,Road Condition,0,0,0,0,1,0,Low
2023,8,Sunday,6,Punjab,Rahim Yar Khan,Urban Road,Good,Clear,Daylight,Truck/Lorry,1,Over Speeding,0,1,0,0,0,0,Low
2019,5,Sunday,12,Sindh,Larkana,National Highway,Average,Clear,Daylight,Truck/Lorry,2,Over Speeding,1,1,0,0,6,1,High
2018,5,Tuesday,19,Punjab,Sialkot,Motorway,Average,Clear,Street Light,Car/Taxi,2,Over Speeding,1,0,0,0,9,0,High
2023,11,Monday,1,KPK,Mardan,National Highway,Average,Clear,No Light,Motorcycle,2,Signal Violation,0,0,1,1,7,1,High
2022,11,Sunday,16,Gilgit-Baltistan,Skardu,Provincial Highway,Good,Clear,Daylight,Car/Taxi,2,Wrong Overtaking,0,1,0,1,4,0,Medium
2020,2,Thursday,17,Punjab,Gujranwala,Provincial Highway,Good,Clear,Dawn/Dusk,Motorcycle,2,Pedestrian Error,1,0,0,1,1,0,Low
2019,7,Friday,21,Balochistan,Quetta,Urban Road,Under Repair,Foggy,No Light,Motorcycle,2,Over Speeding,0,0,0,0,6,2,High
2020,12,Wednesday,17,Balochistan,Dera Bugti,Provincial Highway,Average,Clear,Daylight,Bus/Coach,2,Over Speeding,1,0,0,1,11,0,High
2019,12,Wednesday,10,Gilgit-Baltistan,Hunza,National Highway,Good,Rainy,Daylight,Motorcycle,1,Road Condition,0,0,0,1,7,2,High
2021,6,Saturday,19,Punjab,Sargodha,Provincial Highway,Average,Clear,Street Light,Motorcycle,4,Over Speeding,1,1,0,0,5,0,Medium
2021,11,Tuesday,18,KPK,Kohat,National Highway,Poor,Dusty/Smoggy,No Light,Bus/Coach,1,Road Condition,1,0,0,1,2,0,Low
2018,8,Sunday,8,Punjab,Multan,National Highway,Good,Clear,Daylight,Car/Taxi,2,Pedestrian Error,1,1,0,0,2,0,Low
2019,7,Sunday,14,Sindh,Hyderabad,National Highway,Average,Rainy,No Light,Car/Taxi,1,Over Speeding,0,1,0,0,3,4,High
2018,9,Saturday,8,KPK,Nowshera,Urban Road,Average,Clear,Daylight,Bus/Coach,3,Road Condition,1,1,0,0,1,0,Low
2023,6,Saturday,18,KPK,Charsadda,Provincial Highway,Poor,Clear,Daylight,Motorcycle,4,Over Speeding,1,1,0,0,3,2,Medium
2020,11,Wednesday,9,Punjab,Sheikhupura,Rural Road,Poor,Clear,Daylight,Car/Taxi,3,Over Speeding,1,0,0,1,2,0,Low
2021,5,Saturday,11,Balochistan,Zhob,Urban Road,Poor,Clear,Dawn/Dusk,Car/Taxi,3,Road Condition,0,1,0,0,0,1,Low
2023,12,Monday,17,Sindh,Hyderabad,Provincial Highway,Average,Clear,Daylight,Motorcycle,1,Drunk Driving,1,0,0,1,4,0,Medium
2022,2,Saturday,11,Punjab,Lahore,Motorway,Poor,Clear,Daylight,Car/Taxi,1,Signal Violation,0,1,0,1,1,1,Medium
2019,10,Tuesday,14,Sindh,Hyderabad,Rural Road,Poor,Clear,Daylight,Bus/Coach,1,Signal Violation,0,0,0,0,2,0,Medium
2022,8,Tuesday,16,Balochistan,Khuzdar,Provincial Highway,Good,Clear,Daylight,Motorcycle,1,Pedestrian Error,0,0,0,0,2,1,Medium
2019,7,Monday,15,Islamabad,Islamabad,Rural Road,Poor,Clear,Daylight,Van/Pickup,3,Over Speeding,0,0,0,0,4,0,Medium
2022,11,Friday,8,KPK,Peshawar,Urban Road,Good,Rainy,Street Light,Rickshaw,2,Signal Violation,1,0,0,1,2,0,Low
2020,7,Tuesday,6,Punjab,Gujranwala,Provincial Highway,Good,Clear,Daylight,Motorcycle,4,Over Speeding,0,0,0,0,1,0,Medium
2023,2,Wednesday,14,Punjab,Sargodha,Urban Road,Poor,Clear,Daylight,Motorcycle,2,Over Speeding,0,0,0,1,3,0,Medium
2022,7,Tuesday,19,Punjab,Sheikhupura,Urban Road,Average,Foggy,No Light,Truck/Lorry,4,Mobile Phone Use,1,0,0,0,0,0,Low
2021,2,Saturday,23,Punjab,Sialkot,National Highway,Under Repair,Foggy,No Light,Motorcycle,1,Over Speeding,0,1,1,1,5,0,High
2020,6,Saturday,2,Punjab,Bahawalpur,National Highway,Average,Clear,Street Light,Bus/Coach,2,Mobile Phone Use,0,1,1,0,4,1,Medium
2022,12,Tuesday,18,Punjab,Faisalabad,Urban Road,Average,Clear,Dawn/Dusk,Van/Pickup,3,Signal Violation,1,0,0,1,0,0,Low
2021,4,Thursday,18,Punjab,Gujranwala,Provincial Highway,Good,Foggy,Dawn/Dusk,Motorcycle,2,Over Speeding,1,0,0,0,4,1,High
2020,5,Monday,18,Balochistan,Sibi,National Highway,Good,Clear,Daylight,Motorcycle,2,Mobile Phone Use,1,0,0,0,5,2,High
2023,1,Wednesday,16,Sindh,Jacobabad,Urban Road,Average,Rainy,Daylight,Car/Taxi,2,Over Speeding,0,0,0,1,0,0,Low
2023,7,Sunday,1,KPK,Nowshera,National Highway,Poor,Rainy,Street Light,Bus/Coach,1,Pedestrian Error,0,1,1,0,3,1,High
2022,9,Friday,16,Punjab,Rawalpindi,Rural Road,Poor,Clear,Daylight,Truck/Lorry,2,Pedestrian Error,0,0,0,0,2,1,Low
2018,1,Wednesday,14,Punjab,Rawalpindi,National Highway,Under Repair,Foggy,Daylight,Car/Taxi,1,Wrong Overtaking,0,0,0,1,5,1,Medium
2023,9,Friday,9,Punjab,Faisalabad,Provincial Highway,Average,Dusty/Smoggy,Daylight,Bus/Coach,2,Driver Fatigue,1,0,0,0,5,0,High
2020,12,Friday,23,Sindh,Dadu,National Highway,Under Repair,Clear,No Light,Bus/Coach,2,Over Speeding,0,0,1,1,11,2,High
2019,4,Saturday,9,Sindh,Larkana,Provincial Highway,Average,Dusty/Smoggy,Street Light,Motorcycle,2,Mobile Phone Use,1,1,0,0,2,1,Medium
2022,11,Sunday,21,Sindh,Dadu,Provincial Highway,Poor,Clear,Street Light,Rickshaw,3,Wrong Overtaking,0,1,0,1,0,1,Low
2021,4,Wednesday,17,KPK,Swat,Provincial Highway,Good,Clear,Daylight,Bus/Coach,2,Over Speeding,1,0,0,0,5,0,Medium
2023,11,Friday,1,Balochistan,Chaman,Urban Road,Poor,Clear,No Light,Motorcycle,1,Road Condition,0,0,1,1,0,0,Low
2020,1,Thursday,12,Sindh,Karachi,Provincial Highway,Good,Extreme Heat,Daylight,Motorcycle,1,Over Speeding,1,0,0,1,6,2,High
2022,1,Monday,18,Punjab,Lahore,Urban Road,Average,Clear,Daylight,Motorcycle,1,Wrong Overtaking,1,0,0,1,1,0,Low
2020,4,Monday,7,Islamabad,Islamabad,National Highway,Average,Foggy,Daylight,Motorcycle,4,Drunk Driving,1,0,0,0,3,1,High
2021,6,Friday,18,KPK,Mansehra,Provincial Highway,Poor,Clear,Daylight,Motorcycle,2,Over Speeding,1,0,0,0,9,1,High
2023,5,Tuesday,19,Sindh,Nawabshah,National Highway,Poor,Clear,Dawn/Dusk,Rickshaw,1,Over Speeding,1,0,0,0,2,0,Medium
2018,4,Sunday,17,KPK,Nowshera,Provincial Highway,Good,Rainy,Daylight,Car/Taxi,3,Wrong Overtaking,1,1,0,0,2,0,Low
2021,3,Friday,4,Punjab,Sargodha,Provincial Highway,Poor,Clear,No Light,Car/Taxi,1,Road Condition,0,0,1,0,0,1,Low
2022,10,Tuesday,15,Punjab,Rahim Yar Khan,Urban Road,Average,Extreme Heat,Daylight,Car/Taxi,2,Signal Violation,0,0,0,0,1,0,Low
2019,6,Thursday,11,Punjab,Rawalpindi,National Highway,Average,Clear,Daylight,Motorcycle,3,Over Speeding,0,0,0,0,9,2,High
2022,6,Thursday,9,Punjab,Sheikhupura,National Highway,Good,Clear,Daylight,Truck/Lorry,1,Over Speeding,1,0,0,0,3,1,High
2023,1,Saturday,18,Sindh,Dadu,Urban Road,Good,Dusty/Smoggy,Daylight,Motorcycle,2,Driver Fatigue,1,1,0,1,1,1,Medium
2023,7,Saturday,7,Punjab,Rawalpindi,Provincial Highway,Good,Rainy,Daylight,Bicycle,3,Wrong Overtaking,1,1,0,0,8,1,High
2023,6,Sunday,22,Balochistan,Loralai,Rural Road,Good,Foggy,Street Light,Bicycle,2,Over Speeding,0,1,1,0,5,0,High
2020,1,Monday,11,Sindh,Larkana,National Highway,Average,Clear,Daylight,Motorcycle,2,Wrong Overtaking,0,0,0,1,4,0,High
2020,12,Thursday,9,Punjab,Sialkot,Urban Road,Average,Clear,Daylight,Car/Taxi,1,Mobile Phone Use,1,0,0,1,1,0,Low
2023,12,Thursday,19,Punjab,Sialkot,National Highway,Good,Foggy,Dawn/Dusk,Motorcycle,3,Signal Violation,1,0,0,1,6,2,High
2019,6,Thursday,21,Sindh,Mirpur Khas,Provincial Highway,Good,Foggy,No Light,Car/Taxi,2,Mechanical Failure,0,0,0,0,1,0,Low
2018,2,Saturday,14,Punjab,Sialkot,National Highway,Under Repair,Rainy,Daylight,Motorcycle,2,Pedestrian Error,0,1,0,1,3,0,High
2018,12,Saturday,7,KPK,Nowshera,Provincial Highway,Average,Clear,Daylight,Motorcycle,2,Pedestrian Error,1,1,0,1,4,1,Medium
2022,6,Thursday,18,KPK,Mardan,Urban Road,Poor,Rainy,Daylight,Truck/Lorry,1,Wrong Overtaking,1,0,0,0,3,1,Medium
2020,8,Friday,12,Sindh,Jacobabad,National Highway,Good,Foggy,Daylight,Bus/Coach,3,Over Speeding,1,0,0,0,10,1,High
2022,2,Saturday,17,Punjab,Sargodha,Motorway,Poor,Dusty/Smoggy,Daylight,Car/Taxi,2,Wrong Overtaking,1,1,0,1,3,0,Medium
2023,11,Monday,3,KPK,Nowshera,National Highway,Average,Clear,No Light,Van/Pickup,1,Signal Violation,0,0,1,1,3,0,Medium
2023,8,Friday,8,Punjab,Rahim Yar Khan,Urban Road,Good,Clear,Daylight,Car/Taxi,2,Wrong Overtaking,1,0,0,0,1,0,Low
2022,7,Sunday,22,Punjab,Gujranwala,Provincial Highway,Good,Clear,Street Light,Car/Taxi,4,Wrong Overtaking,0,1,1,0,4,0,Medium
2022,9,Friday,23,Sindh,Sukkur,National Highway,Poor,Foggy,No Light,Motorcycle,2,Pedestrian Error,0,0,1,0,2,3,High
2023,7,Friday,17,Islamabad,Islamabad,National Highway,Average,Clear,Daylight,Motorcycle,3,Road Condition,1,0,0,0,3,0,Medium
2023,6,Friday,18,Punjab,Gujranwala,Provincial Highway,Poor,Clear,Daylight,Motorcycle,2,Pedestrian Error,1,0,0,0,5,0,Medium
2022,1,Friday,19,Balochistan,Quetta,Rural Road,Average,Clear,Dawn/Dusk,Car/Taxi,2,Over Speeding,1,0,0,1,1,0,Low
2020,11,Friday,6,Punjab,Gujranwala,Provincial Highway,Poor,Extreme Heat,Daylight,Bus/Coach,1,Over Speeding,0,0,0,1,5,0,Medium
2022,4,Friday,20,Punjab,Rawalpindi,Urban Road,Under Repair,Extreme Heat,Street Light,Motorcycle,2,Over Speeding,1,0,0,0,5,1,Medium
2020,1,Sunday,7,KPK,Nowshera,Provincial Highway,Poor,Clear,Daylight,Car/Taxi,3,Pedestrian Error,1,1,0,1,2,0,Low
2018,1,Tuesday,21,Punjab,Multan,Urban Road,Average,Clear,No Light,Car/Taxi,3,Wrong Overtaking,0,0,0,1,2,0,Low
2023,7,Friday,13,Punjab,Sialkot,National Highway,Under Repair,Clear,Daylight,Car/Taxi,3,Over Speeding,1,0,0,0,9,0,High
2020,1,Sunday,19,Punjab,Sialkot,Rural Road,Average,Clear,Dawn/Dusk,Car/Taxi,1,Wrong Overtaking,1,1,0,1,0,0,Low
2023,6,Monday,7,Punjab,Multan,Motorway,Average,Clear,Street Light,Motorcycle,3,Signal Violation,1,0,0,0,5,1,High
2020,11,Friday,10,Punjab,Lahore,Urban Road,Poor,Clear,Daylight,Bus/Coach,2,Road Condition,0,0,0,1,2,0,Low
2023,11,Wednesday,15,KPK,Abbottabad,National Highway,Poor,Clear,Daylight,Motorcycle,2,Wrong Overtaking,0,0,0,1,9,2,High
2023,7,Monday,20,KPK,Abbottabad,National Highway,Under Repair,Extreme Heat,Street Light,Rickshaw,1,Over Speeding,1,0,0,0,2,2,Medium
2018,9,Thursday,10,Islamabad,Islamabad,Urban Road,Poor,Clear,Daylight,Motorcycle,2,Drunk Driving,0,0,0,0,2,0,Medium
2022,7,Thursday,19,KPK,Mansehra,National Highway,Good,Foggy,Dawn/Dusk,Motorcycle,4,Over Speeding,1,0,0,0,4,2,High
2020,5,Monday,13,KPK,Dera Ismail Khan,National Highway,Good,Foggy,Daylight,Motorcycle,2,Over Speeding,1,0,0,0,3,0,High
2022,9,Tuesday,14,KPK,Charsadda,Urban Road,Poor,Clear,Daylight,Motorcycle,2,Signal Violation,0,0,0,0,3,0,Medium
2020,6,Monday,12,Balochistan,Turbat,Rural Road,Average,Rainy,Daylight,Car/Taxi,3,Signal Violation,1,0,0,0,3,0,Medium
2019,11,Sunday,14,Punjab,Sialkot,National Highway,Poor,Clear,Daylight,Motorcycle,4,Over Speeding,0,1,0,1,10,3,High
2018,12,Sunday,12,Punjab,Sargodha,Urban Road,Good,Clear,Daylight,Bus/Coach,1,Wrong Overtaking,1,1,0,1,2,0,Low
2021,7,Friday,20,KPK,Abbottabad,Provincial Highway,Good,Foggy,Street Light,Car/Taxi,4,Over Speeding,1,0,0,0,5,0,Medium
2020,12,Wednesday,15,Punjab,Lahore,Provincial Highway,Under Repair,Dusty/Smoggy,Daylight,Motorcycle,3,Signal Violation,0,0,0,1,3,1,High
2023,7,Monday,21,Balochistan,Turbat,National Highway,Average,Foggy,Street Light,Motorcycle,3,Signal Violation,0,0,0,0,3,1,High
2023,12,Thursday,3,Sindh,Mirpur Khas,Rural Road,Good,Foggy,Street Light,Motorcycle,4,Road Condition,0,0,1,1,1,0,Medium
2022,12,Thursday,5,Punjab,Lahore,Motorway,Average,Clear,Street Light,Car/Taxi,1,Wrong Overtaking,0,0,1,1,4,2,High
2023,10,Monday,10,KPK,Swat,Provincial Highway,Good,Clear,Street Light,Car/Taxi,3,Road Condition,0,0,0,0,0,1,Low
2021,9,Monday,2,Punjab,Sialkot,Rural Road,Good,Clear,Street Light,Motorcycle,1,Wrong Overtaking,0,0,1,0,10,1,High
2023,3,Friday,22,Islamabad,Islamabad,National Highway,Average,Dusty/Smoggy,Street Light,Truck/Lorry,1,Road Condition,0,0,1,0,8,0,High
2023,12,Sunday,11,AJK,Rawalakot,Rural Road,Good,Extreme Heat,Daylight,Truck/Lorry,2,Mechanical Failure,0,1,0,1,2,0,Low
2018,6,Sunday,15,KPK,Peshawar,Motorway,Under Repair,Rainy,Daylight,Motorcycle,1,Over Speeding,0,1,0,0,9,0,High
2023,7,Sunday,12,Punjab,Sialkot,National Highway,Poor,Rainy,Daylight,Van/Pickup,2,Over Speeding,1,1,0,0,8,2,High
2018,7,Saturday,14,Punjab,Bahawalpur,National Highway,Under Repair,Extreme Heat,Dawn/Dusk,Motorcycle,3,Road Condition,0,1,0,0,2,2,High
2022,12,Thursday,9,Sindh,Karachi,Provincial Highway,Good,Rainy,Street Light,Motorcycle,1,Road Condition,1,0,0,1,6,0,High
2023,7,Friday,6,Balochistan,Chaman,Urban Road,Under Repair,Clear,Daylight,Truck/Lorry,4,Signal Violation,0,0,0,0,1,1,Medium
2020,8,Tuesday,7,Punjab,Bahawalpur,Urban Road,Average,Foggy,Daylight,Rickshaw,2,Signal Violation,1,0,0,0,0,0,Low
2022,12,Saturday,17,Punjab,Faisalabad,National Highway,Poor,Clear,Daylight,Motorcycle,3,Wrong Overtaking,1,1,0,1,4,1,Medium
2021,3,Wednesday,18,Punjab,Rawalpindi,Rural Road,Poor,Dusty/Smoggy,Street Light,Bus/Coach,2,Over Speeding,1,0,0,0,0,1,Low
2023,1,Wednesday,17,Sindh,Nawabshah,Rural Road,Poor,Clear,Dawn/Dusk,Bicycle,4,Signal Violation,1,0,0,1,2,0,Low
2019,7,Sunday,5,Balochistan,Chaman,Rural Road,Average,Foggy,Street Light,Car/Taxi,2,Mobile Phone Use,0,1,1,0,2,0,Low
2023,12,Monday,5,Punjab,Gujranwala,Urban Road,Average,Rainy,Dawn/Dusk,Bicycle,4,Over Speeding,0,0,1,1,10,1,High
2018,1,Monday,9,Punjab,Sheikhupura,National Highway,Average,Extreme Heat,Daylight,Motorcycle,2,Pedestrian Error,1,0,0,1,5,1,High
2020,9,Wednesday,9,KPK,Swat,Rural Road,Poor,Clear,Daylight,Motorcycle,2,Pedestrian Error,1,0,0,0,2,1,Medium
2022,8,Wednesday,12,KPK,Swat,National Highway,Under Repair,Extreme Heat,No Light,Motorcycle,1,Road Condition,1,0,0,0,3,0,Medium
2021,7,Thursday,5,KPK,Charsadda,National Highway,Poor,Foggy,Dawn/Dusk,Motorcycle,2,Mobile Phone Use,0,0,1,0,3,0,High
2020,11,Friday,4,KPK,Kohat,National Highway,Good,Dusty/Smoggy,Street Light,Motorcycle,1,Wrong Overtaking,0,0,1,1,5,3,High
2018,12,Friday,20,Punjab,Bahawalpur,Urban Road,Average,Clear,Street Light,Motorcycle,1,Signal Violation,1,0,0,1,4,0,Medium
2022,1,Friday,18,Punjab,Lahore,National Highway,Average,Clear,Street Light,Motorcycle,2,Over Speeding,1,0,0,1,6,1,High
2019,3,Wednesday,18,AJK,Mirpur,Urban Road,Poor,Foggy,Daylight,Motorcycle,3,Over Speeding,1,0,0,0,3,2,High
2023,9,Friday,20,AJK,Muzaffarabad,National Highway,Under Repair,Foggy,No Light,Bus/Coach,1,Driver Fatigue,1,0,0,0,9,1,High
2019,8,Monday,9,Sindh,Mirpur Khas,Urban Road,Under Repair,Clear,Street Light,Motorcycle,1,Over Speeding,1,0,0,0,1,0,Medium
2019,7,Sunday,12,KPK,Charsadda,Rural Road,Good,Dusty/Smoggy,Street Light,Motorcycle,4,Mechanical Failure,1,1,0,0,0,0,Low
2023,11,Tuesday,13,Islamabad,Islamabad,Rural Road,Average,Clear,Daylight,Motorcycle,3,Road Condition,1,0,0,1,2,1,Medium
2023,4,Wednesday,9,Sindh,Thatta,National Highway,Good,Clear,Daylight,Car/Taxi,1,Road Condition,1,0,0,0,2,0,Low
2023,9,Friday,13,Punjab,Sargodha,Urban Road,Average,Extreme Heat,Daylight,Motorcycle,2,Road Condition,1,0,0,0,0,0,Low
2021,12,Monday,9,KPK,Abbottabad,Motorway,Average,Clear,Daylight,Motorcycle,2,Signal Violation,1,0,0,1,9,1,High
2019,2,Friday,20,Islamabad,Islamabad,Urban Road,Good,Clear,No Light,Motorcycle,2,Signal Violation,1,0,0,1,2,0,Medium
2019,12,Sunday,17,KPK,Dera Ismail Khan,National Highway,Good,Dusty/Smoggy,No Light,Truck/Lorry,2,Signal Violation,1,1,0,1,4,1,Medium
2020,12,Saturday,20,KPK,Dera Ismail Khan,Urban Road,Good,Clear,Street Light,Motorcycle,2,Over Speeding,1,1,0,1,3,1,High
2022,10,Thursday,13,Sindh,Jacobabad,Provincial Highway,Good,Clear,Daylight,Rickshaw,1,Pedestrian Error,1,0,0,0,2,0,Low
2023,6,Thursday,19,Punjab,Rawalpindi,National Highway,Average,Clear,Dawn/Dusk,Rickshaw,2,Wrong Overtaking,1,0,0,0,5,2,Medium
2019,4,Friday,12,Punjab,Sialkot,National Highway,Average,Foggy,No Light,Motorcycle,1,Driver Fatigue,1,0,0,0,9,2,High
2020,8,Thursday,16,AJK,Mirpur,Rural Road,Good,Rainy,Daylight,Rickshaw,1,Over Speeding,0,0,0,0,2,1,Medium
2021,3,Sunday,19,Sindh,Dadu,National Highway,Average,Dusty/Smoggy,Dawn/Dusk,Motorcycle,1,Mechanical Failure,1,1,0,0,2,0,Medium
2023,2,Saturday,16,Punjab,Bahawalpur,Motorway,Average,Foggy,No Light,Car/Taxi,1,Mechanical Failure,0,1,0,1,2,1,Medium
2019,8,Saturday,5,Islamabad,Islamabad,Rural Road,Average,Clear,No Light,Motorcycle,2,Wrong Overtaking,0,1,1,0,4,2,High
2018,6,Thursday,6,Sindh,Larkana,Rural Road,Good,Rainy,Daylight,Motorcycle,2,Wrong Overtaking,0,0,0,0,3,0,Medium
2019,7,Friday,7,KPK,Kohat,National Highway,Poor,Clear,Daylight,Motorcycle,1,Pedestrian Error,1,0,0,0,5,1,Medium
2020,10,Saturday,12,Sindh,Larkana,Provincial Highway,Poor,Clear,Daylight,Motorcycle,3,Wrong Overtaking,1,1,0,0,4,0,Medium
2022,6,Monday,10,Punjab,Sialkot,Provincial Highway,Average,Extreme Heat,Daylight,Motorcycle,1,Wrong Overtaking,0,0,0,0,4,1,Medium
2021,1,Thursday,22,Sindh,Thatta,Urban Road,Good,Clear,Street Light,Rickshaw,3,Mechanical Failure,0,0,1,1,1,0,Low
2019,1,Sunday,12,Gilgit-Baltistan,Skardu,National Highway,Good,Clear,Daylight,Rickshaw,3,Signal Violation,1,1,0,1,1,0,Medium
2023,3,Friday,18,Punjab,Gujranwala,National Highway,Good,Clear,Daylight,Bus/Coach,2,Driver Fatigue,1,0,0,0,2,1,Medium
2023,11,Saturday,20,Balochistan,Sibi,Urban Road,Under Repair,Dusty/Smoggy,No Light,Motorcycle,1,Driver Fatigue,1,1,0,1,2,0,High
2022,7,Monday,17,Punjab,Sargodha,Provincial Highway,Poor,Rainy,Dawn/Dusk,Motorcycle,1,Pedestrian Error,1,0,0,0,4,0,Medium
2022,12,Sunday,9,Punjab,Rahim Yar Khan,Provincial Highway,Under Repair,Foggy,Street Light,Truck/Lorry,3,Over Speeding,1,1,0,1,2,1,High
2020,6,Wednesday,9,Punjab,Rawalpindi,National Highway,Good,Dusty/Smoggy,Daylight,Car/Taxi,1,Drunk Driving,1,0,0,0,5,3,High
2019,3,Wednesday,5,Balochistan,Dera Bugti,Urban Road,Good,Clear,Dawn/Dusk,Car/Taxi,2,Over Speeding,0,0,1,0,0,0,Low
2023,12,Saturday,18,Sindh,Hyderabad,National Highway,Good,Clear,Daylight,Motorcycle,2,Mechanical Failure,1,1,0,1,4,0,Medium
2022,7,Sunday,20,Sindh,Mirpur Khas,Provincial Highway,Good,Clear,Street Light,Truck/Lorry,2,Wrong Overtaking,1,1,0,0,2,0,Low
2023,8,Thursday,9,KPK,Kohat,Provincial Highway,Poor,Clear,Daylight,Motorcycle,2,Wrong Overtaking,1,0,0,0,3,1,Medium
2023,5,Sunday,20,Punjab,Sialkot,Urban Road,Good,Clear,No Light,Motorcycle,3,Pedestrian Error,1,1,0,0,1,0,Low
2021,5,Sunday,19,Punjab,Lahore,Provincial Highway,Poor,Foggy,Dawn/Dusk,Car/Taxi,1,Signal Violation,1,1,0,0,2,0,Medium
2021,9,Monday,5,Punjab,Gujranwala,Provincial Highway,Under Repair,Clear,Dawn/Dusk,Bus/Coach,3,Drunk Driving,0,0,1,0,4,0,Medium
2019,9,Sunday,20,KPK,Nowshera,Rural Road,Good,Clear,No Light,Car/Taxi,3,Pedestrian Error,1,1,0,0,0,0,Low
2020,10,Wednesday,19,Sindh,Dadu,Rural Road,Under Repair,Clear,Street Light,Car/Taxi,2,Road Condition,1,0,0,0,1,0,Low
2020,6,Tuesday,8,Balochistan,Khuzdar,Rural Road,Poor,Dusty/Smoggy,Dawn/Dusk,Car/Taxi,4,Over Speeding,1,0,0,0,0,0,Low
2019,4,Friday,19,Sindh,Jacobabad,Rural Road,Good,Clear,Dawn/Dusk,Van/Pickup,4,Over Speeding,1,0,0,0,2,0,Low
2020,9,Saturday,20,Punjab,Sargodha,Provincial Highway,Average,Clear,Street Light,Rickshaw,1,Road Condition,1,1,0,0,0,0,Low
2021,6,Monday,21,KPK,Nowshera,Urban Road,Good,Clear,Street Light,Other,2,Wrong Overtaking,0,0,0,0,1,1,Low
2021,9,Friday,11,Punjab,Multan,Urban Road,Poor,Foggy,Daylight,Car/Taxi,4,Over Speeding,0,0,0,0,2,1,Medium
2019,2,Friday,14,Islamabad,Islamabad,Urban Road,Poor,Clear,Daylight,Bus/Coach,4,Over Speeding,0,0,0,1,5,0,Medium
2021,3,Tuesday,12,Punjab,Rawalpindi,Urban Road,Average,Clear,Daylight,Motorcycle,1,Signal Violation,1,0,0,0,2,0,Low