year,month,day_of_week,hour_of_day,province,district,road_type,road_condition,weather_condition,lighting_condition,vehicle_type,vehicles_involved,accident_cause,is_rush_hour,is_weekend,is_night,is_foggy_month,num_injured,num_killed,severity
2023,2,Thursday,16,Punjab,Lahore,Urban Road,Under Repair,Extreme Heat,Daylight,Car/Taxi,2,Signal Violation,0,0,0,1,2,0,Low
2022,2,Tuesday,11,Sindh,Nawabshah,Urban Road,Good,Rainy,Daylight,Motorcycle,2,Driver Fatigue,0,0,0,1,11,1,High
2021,11,Thursday,5,Punjab,Multan,Urban Road,Good,Clear,Dawn/Dusk,Motorcycle,1,Road Condition,0,0,1,1,3,1,Medium
2021,5,Friday,11,Punjab,Bahawalpur,Urban Road,Average,Dusty/Smoggy,Daylight,Motorcycle,3,Wrong Overtaking,0,0,0,0,1,0,Medium
2022,9,Wednesday,20,Sindh,Nawabshah,National Highway,Good,Clear,Street Light,Bus/Coach,3,Over Speeding,1,0,0,0,3,3,High
2019,10,Saturday,16,Punjab,Sialkot,Provincial Highway,Good,Clear,Daylight,Motorcycle,2,Driver Fatigue,0,1,0,0,11,1,High
2020,2,Monday,18,Punjab,Bahawalpur,Provincial Highway,Good,Rainy,Daylight,Motorcycle,1,Mobile Phone Use,1,0,0,1,3,0,Medium
2020,5,Tuesday,12,Punjab,Gujranwala,Urban Road,Good,Dusty/Smoggy,Daylight,Bus/Coach,2,Signal Violation,1,0,0,0,2,0,Low
2022,8,Thursday,16,Sindh,Thatta,Rural Road,Good,Clear,Street Light,Motorcycle,3,Road Condition,0,0,0,0,3,1,Medium
2023,6,Wednesday,20,Punjab,Lahore,Rural Road,Poor,Clear,No Light,Car/Taxi,1,Mechanical Failure,1,0,0,0,2,0,Low
2023,8,Wednesday,15,Punjab,Rahim Yar Khan,National Highway,Average,Clear,Daylight,Car/Taxi,1,Signal Violation,0,0,0,0,1,0,Low
2023,12,Monday,3,Sindh,Hyderabad,Provincial Highway,Good,Foggy,No Light,Motorcycle,2,Over Speeding,0,0,1,1,9,4,High
2018,3,Tuesday,3,KPK,Charsadda,Rural Road,Good,Extreme Heat,No Light,Car/Taxi,2,Wrong Overtaking,0,0,1,0,2,0,Low
2022,9,Sunday,15,KPK,Peshawar,Urban Road,Good,Rainy,Daylight,Motorcycle,2,Signal Violation,0,1,0,0,4,0,High
2022,11,Friday,13,Punjab,Gujranwala,Urban Road,Poor,Clear,Daylight,Motorcycle,1,Pedestrian Error,1,0,0,1,5,0,Medium
2019,5,Sunday,8,Punjab,Gujranwala,Urban Road,Good,Clear,Daylight,Motorcycle,2,Signal Violation,1,1,0,0,4,0,Medium
2021,12,Sunday,13,Sindh,Hyderabad,National Highway,Good,Clear,Daylight,Car/Taxi,3,Road Condition,1,1,0,1,3,1,Medium
2022,12,Thursday,9,Balochistan,Turbat,Provincial Highway,Average,Rainy,Daylight,Rickshaw,3,Over Speeding,1,0,0,1,8,4,High
2020,12,Sunday,1,Sindh,Karachi,Provincial Highway,Average,Rainy,Street Light,Motorcycle,2,Over Speeding,0,1,1,1,8,2,High
2023,10,Saturday,14,Punjab,Multan,Motorway,Poor,Clear,Daylight,Car/Taxi,1,Driver Fatigue,0,1,0,0,2,1,Medium
2021,2,Monday,20,Punjab,Sialkot,Rural Road,Good,Clear,Street Light,Rickshaw,2,Wrong Overtaking,1,0,0,1,1,0,Low
2018,11,Thursday,9,Islamabad,Islamabad,Motorway,Average,Dusty/Smoggy,No Light,Motorcycle,2,Over Speeding,1,0,0,1,3,1,High
2018,5,Wednesday,18,KPK,Abbottabad,Urban Road,Poor,Extreme Heat,No Light,Van/Pickup,2,Pedestrian Error,1,0,0,0,1,0,Low
2021,3,Thursday,14,Punjab,Rahim Yar Khan,Provincial Highway,Average,Clear,Daylight,Car/Taxi,2,Pedestrian Error,0,0,0,0,2,0,Low
2018,8,Thursday,8,Punjab,Multan,Motorway,Under Repair,Extreme Heat,Daylight,Motorcycle,1,Wrong Overtaking,1,0,0,0,5,1,High
2020,3,Sunday,5,Balochistan,Chaman,Urban Road,Good,Clear,Dawn/Dusk,Car/Taxi,2,Signal Violation,0,1,1,0,0,0,Low
2022,3,Wednesday,20,Punjab,Faisalabad,Provincial Highway,Good,Clear,No Light,Car/Taxi,3,Over Speeding,1,0,0,0,3,2,Medium
2019,5,Friday,13,Sindh,Dadu,Motorway,Good,Clear,Daylight,Motorcycle,2,Mechanical Failure,1,0,0,0,9,3,High
2018,3,Friday,21,KPK,Dera Ismail Khan,Urban Road,Good,Clear,No Light,Motorcycle,1,Signal Violation,0,0,0,0,2,0,Low
2021,4,Tuesday,8,Punjab,Sialkot,National Highway,Good,Clear,Daylight,Car/Taxi,1,Wrong Overtaking,1,0,0,0,2,0,Low
2023,6,Friday,7,Punjab,Sheikhupura,Provincial Highway,Good,Rainy,Daylight,Car/Taxi,1,Wrong Overtaking,1,0,0,0,1,0,Medium
2022,11,Monday,14,Punjab,Lahore,Provincial Highway,Poor,Clear,Dawn/Dusk,Car/Taxi,2,Drunk Driving,0,0,0,1,1,0,Low
2019,9,Wednesday,13,Balochistan,Gwadar,Rural Road,Poor,Clear,Daylight,Truck/Lorry,3,Wrong Overtaking,1,0,0,0,1,0,Medium
2019,8,Wednesday,16,Sindh,Jacobabad,Provincial Highway,Good,Clear,Daylight,Motorcycle,2,Pedestrian Error,0,0,0,0,5,0,Medium
2018,2,Monday,20,KPK,Dera Ismail Khan,Urban Road,Poor,Clear,No Light,Motorcycle,1,Over Speeding,1,0,0,1,5,1,High
2023,10,Friday,11,Sindh,Dadu,Rural Road,Average,Clear,Daylight,Motorcycle,1,Road Condition,0,0,0,0,2,0,Low
2022,1,Wednesday,8,Islamabad,Islamabad,Rural Road,Under Repair,Clear,Daylight,Car/Taxi,3,Over Speeding,1,0,0,1,3,0,Medium
2023,9,Thursday,21,Balochistan,Quetta,Provincial Highway,Poor,Dusty/Smoggy,Street Light,Motorcycle,1,Road Condition,0,0,0,0,2,0,Low
2021,6,Monday,13,Sindh,Karachi,Provincial Highway,Good,Clear,Street Light,Motorcycle,2,Pedestrian Error,1,0,0,0,2,0,Low
2022,2,Tuesday,13,Punjab,Rawalpindi,Urban Road,Poor,Rainy,Daylight,Rickshaw,2,Over Speeding,1,0,0,1,2,1,Medium
2019,2,Saturday,15,Sindh,Nawabshah,Motorway,Good,Foggy,Daylight,Car/Taxi,4,Drunk Driving,0,1,0,1,2,2,High
2021,7,Tuesday,9,KPK,Kohat,Urban Road,Poor,Clear,No Light,Truck/Lorry,3,Road Condition,1,0,0,0,2,0,Low
2020,1,Thursday,6,Sindh,Mirpur Khas,National Highway,Average,Clear,Daylight,Motorcycle,2,Over Speeding,0,0,0,1,10,3,High
2022,6,Monday,9,KPK,Bannu,National Highway,Under Repair,Clear,Daylight,Motorcycle,1,Signal Violation,1,0,0,0,2,1,High
2021,12,Friday,14,Punjab,Rawalpindi,National Highway,Poor,Dusty/Smoggy,Daylight,Motorcycle,4,Over Speeding,0,0,0,1,6,2,High
2020,6,Saturday,12,Punjab,Gujranwala,National Highway,Poor,Clear,Daylight,Truck/Lorry,3,Over Speeding,1,1,0,0,4,1,High
2018,2,Thursday,10,KPK,Nowshera,Rural Road,Poor,Clear,Daylight,Bus/Coach,2,Wrong Overtaking,0,0,0,1,2,0,Low
2020,7,Saturday,4,Punjab,Faisalabad,Provincial Highway,Good,Foggy,No Light,Car/Taxi,2,Mechanical Failure,0,1,1,0,0,0,Low
2023,10,Thursday,10,Sindh,Jacobabad,National Highway,Average,Clear,No Light,Motorcycle,2,Road Condition,0,0,0,0,2,0,Medium
2018,6,Monday,18,Islamabad,Islamabad,Urban Road,Average,Clear,Daylight,Motorcycle,1,Over Speeding,1,0,0,0,4,1,Medium
2023,11,Friday,6,Sindh,Karachi,National Highway,Under Repair,Clear,Daylight,Motorcycle,2,Over Speeding,0,0,0,1,5,0,High
2022,12,Wednesday,19,Islamabad,Islamabad,National Highway,Under Repair,Rainy,Dawn/Dusk,Motorcycle,4,Over Speeding,1,0,0,1,9,1,High
2023,5,Sunday,8,KPK,Nowshera,Provincial Highway,Average,Clear,Daylight,Motorcycle,1,Road Condition,1,1,0,0,4,1,Medium
2020,7,Tuesday,4,KPK,Mardan,National Highway,Average,Foggy,Street Light,Motorcycle,1,Road Condition,0,0,1,0,5,0,High
2021,2,Monday,13,Sindh,Jacobabad,Provincial Highway,Average,Rainy,Daylight,Truck/Lorry,1,Wrong Overtaking,1,0,0,1,1,0,Medium
2019,11,Saturday,16,Punjab,Rawalpindi,Urban Road,Poor,Clear,No Light,Rickshaw,2,Driver Fatigue,0,1,0,1,5,0,Medium
2019,6,Friday,6,Sindh,Mirpur Khas,National Highway,Average,Clear,Daylight,Rickshaw,2,Wrong Overtaking,0,0,0,0,2,1,Low
2022,8,Sunday,18,Punjab,Sheikhupura,Urban Road,Average,Clear,No Light,Motorcycle,1,Mobile Phone Use,1,1,0,0,0,0,Low
2019,10,Wednesday,16,Gilgit-Baltistan,Gilgit,Provincial Highway,Poor,Clear,Daylight,Truck/Lorry,2,Pedestrian Error,0,0,0,0,4,1,Medium
2022,10,Monday,7,Punjab,Sialkot,Rural Road,Good,Extreme Heat,Daylight,Rickshaw,1,Over Speeding,1,0,0,0,3,0,Medium
2022,3,Monday,18,Punjab,Sargodha,Provincial Highway,Good,Extreme Heat,Daylight,Motorcycle,3,Driver Fatigue,1,0,0,0,8,0,High
2022,1,Monday,11,Sindh,Kashmore,Provincial Highway,Good,Rainy,Daylight,Van/Pickup,2,Over Speeding,0,0,0,1,9,2,High
2022,4,Friday,3,Sindh,Dadu,Provincial Highway,Average,Clear,No Light,Bicycle,1,Mechanical Failure,0,0,1,0,4,0,Medium
2023,4,Thursday,8,Punjab,Multan,National Highway,Good,Dusty/Smoggy,Dawn/Dusk,Motorcycle,1,Driver Fatigue,1,0,0,0,5,1,High
2023,9,Tuesday,16,Punjab,Sheikhupura,Provincial Highway,Good,Clear,Dawn/Dusk,Motorcycle,4,Wrong Overtaking,0,0,0,0,3,1,Medium
2021,6,Tuesday,7,KPK,Peshawar,Provincial Highway,Under Repair,Clear,Daylight,Bus/Coach,3,Mechanical Failure,1,0,0,0,2,1,Low
2019,5,Wednesday,9,Sindh,Larkana,Urban Road,Good,Clear,Street Light,Motorcycle,2,Road Condition,1,0,0,0,0,0,Low
2020,12,Tuesday,17,Punjab,Sialkot,National Highway,Good,Clear,Dawn/Dusk,Motorcycle,2,Over Speeding,1,0,0,1,9,4,High
2021,1,Monday,9,Sindh,Jacobabad,Urban Road,Average,Clear,Daylight,Van/Pickup,2,Mechanical Failure,1,0,0,1,1,0,Low
2022,8,Saturday,12,Punjab,Lahore,National Highway,Good,Clear,No Light,Car/Taxi,2,Wrong Overtaking,1,1,0,0,4,0,Medium
2022,10,Friday,10,Punjab,Lahore,National Highway,Good,Clear,Daylight,Rickshaw,1,Drunk Driving,0,0,0,0,3,2,High
2018,4,Friday,21,Islamabad,Islamabad,Rural Road,Average,Foggy,Street Light,Car/Taxi,1,Signal Violation,0,0,0,0,3,1,Medium
2022,2,Friday,13,Punjab,Sheikhupura,National Highway,Good,Extreme Heat,Daylight,Car/Taxi,1,Wrong Overtaking,1,0,0,1,2,0,Low
2022,6,Tuesday,10,Punjab,Sargodha,Rural Road,Good,Clear,Dawn/Dusk,Rickshaw,1,Over Speeding,0,0,0,0,4,0,Medium
2022,8,Sunday,13,AJK,Muzaffarabad,Motorway,Poor,Clear,Daylight,Motorcycle,2,Over Speeding,1,1,0,0,6,4,High
2020,7,Tuesday,22,KPK,Kohat,Urban Road,Average,Foggy,Street Light,Car/Taxi,2,Signal Violation,0,0,1,0,2,0,Low
2023,1,Thursday,16,Punjab,Sheikhupura,Provincial Highway,Good,Clear,Dawn/Dusk,Motorcycle,2,Wrong Overtaking,0,0,0,1,5,1,Medium
2020,2,Wednesday,18,Punjab,Gujranwala,Provincial Highway,Average,Dusty/Smoggy,Street Light,Motorcycle,2,Over Speeding,1,0,0,1,4,0,Medium
2023,3,Monday,6,Balochistan,Zhob,Provincial Highway,Average,Foggy,Daylight,Motorcycle,3,Over Speeding,0,0,0,0,3,4,High
2019,3,Thursday,14,Punjab,Bahawalpur,Provincial Highway,Average,Clear,Daylight,Motorcycle,2,Over Speeding,0,0,0,0,4,1,Medium
2018,12,Tuesday,11,Sindh,Dadu,Provincial Highway,Poor,Clear,Daylight,Motorcycle,1,Mechanical Failure,0,0,0,1,1,0,Low
2020,12,Monday,16,Sindh,Kashmore,National Highway,Poor,Clear,Daylight,Van/Pickup,1,Road Condition,0,0,0,1,4,0,Medium
2020,8,Thursday,15,Punjab,Rawalpindi,National Highway,Good,Clear,Daylight,Car/Taxi,3,Mechanical Failure,0,0,0,0,0,0,Low
2022,11,Tuesday,21,Sindh,Hyderabad,Provincial Highway,Good,Clear,No Light,Motorcycle,1,Wrong Overtaking,0,0,0,1,1,1,Medium
2022,7,Friday,6,Sindh,Mirpur Khas,National Highway,Average,Clear,Daylight,Motorcycle,3,Road Condition,0,0,0,0,3,0,Medium
2018,1,Thursday,0,Punjab,Sialkot,Provincial Highway,Average,Clear,Street Light,Truck/Lorry,2,Wrong Overtaking,0,0,1,1,8,1,High
2019,2,Wednesday,15,KPK,Charsadda,National Highway,Average,Foggy,Street Light,Rickshaw,2,Signal Violation,0,0,0,1,9,1,High
2019,10,Saturday,22,Punjab,Multan,National Highway,Average,Clear,No Light,Truck/Lorry,1,Wrong Overtaking,0,1,1,0,10,1,High
2023,1,Wednesday,5,Sindh,Karachi,Provincial Highway,Good,Rainy,Street Light,Van/Pickup,2,Over Speeding,0,0,1,1,7,1,High
2019,4,Saturday,5,Sindh,Larkana,Urban Road,Good,Clear,Daylight,Truck/Lorry,2,Road Condition,0,1,1,0,4,0,Medium
2020,11,Wednesday,18,KPK,Dera Ismail Khan,Provincial Highway,Average,Clear,Daylight,Motorcycle,2,Road Condition,1,0,0,1,1,1,Medium
2018,8,Saturday,19,Punjab,Bahawalpur,Provincial Highway,Good,Rainy,Dawn/Dusk,Motorcycle,4,Drunk Driving,1,1,0,0,11,4,High
2019,12,Wednesday,9,KPK,Mardan,National Highway,Good,Clear,Daylight,Car/Taxi,2,Wrong Overtaking,1,0,0,1,2,1,Medium
2019,1,Saturday,8,Punjab,Rahim Yar Khan,Provincial Highway,Good,Clear,No Light,Motorcycle,2,Over Speeding,1,1,0,1,9,1,High
2023,8,Thursday,21,Sindh,Thatta,Rural Road,Good,Foggy,No Light,Motorcycle,1,Over Speeding,0,0,0,0,6,1,High
2022,3,Saturday,16,KPK,Swat,National Highway,Average,Rainy,Daylight,Car/Taxi,1,Pedestrian Error,0,1,0,0,5,0,Medium
2019,2,Tuesday,18,Balochistan,Turbat,Rural Road,Poor,Dusty/Smoggy,Dawn/Dusk,Bus/Coach,2,Wrong Overtaking,1,0,0,1,3,1,Medium
2018,5,Thursday,1,Sindh,Larkana,Urban Road,Average,Clear,No Light,Car/Taxi,3,Over Speeding,0,0,1,0,4,0,Medium
2020,6,Thursday,12,Punjab,Lahore,Urban Road,Good,Clear,Daylight,Motorcycle,3,Pedestrian Error,1,0,0,0,0,0,Low
2022,11,Saturday,9,Punjab,Rahim Yar Khan,Provincial Highway,Good,Foggy,Daylight,Motorcycle,2,Road Condition,1,1,0,1,11,1,High
2023,7,Saturday,15,Punjab,Sargodha,Urban Road,Poor,Clear,Daylight,Motorcycle,3,Wrong Overtaking,0,1,0,0,0,0,Low
2023,12,Friday,17,Sindh,Sukkur,Urban Road,Under Repair,Clear,Daylight,Motorcycle,2,Wrong Overtaking,1,0,0,1,2,0,Low
2019,3,Sunday,22,Punjab,Multan,Rural Road,Poor,Clear,No Light,Van/Pickup,1,Driver Fatigue,0,1,1,0,1,0,Medium
2021,3,Tuesday,8,Islamabad,Islamabad,Urban Road,Good,Extreme Heat,No Light,Motorcycle,3,Signal Violation,1,0,0,0,2,1,Medium
2022,1,Wednesday,14,Balochistan,Khuzdar,Provincial Highway,Good,Dusty/Smoggy,Daylight,Motorcycle,2,Signal Violation,0,0,0,1,5,0,Medium
2021,3,Saturday,12,Punjab,Bahawalpur,National Highway,Good,Clear,Daylight,Car/Taxi,3,Road Condition,1,1,0,0,0,0,Low
2020,4,Tuesday,16,Sindh,Sukkur,Provincial Highway,Under Repair,Dusty/Smoggy,Daylight,Motorcycle,2,Over Speeding,0,0,0,0,5,1,High
2022,8,Monday,7,KPK,Nowshera,National Highway,Good,Clear,Street Light,Truck/Lorry,3,Over Speeding,1,0,0,0,9,2,High
2021,7,Friday,8,Punjab,Faisalabad,Provincial Highway,Average,Foggy,Daylight,Car/Taxi,2,Weather Condition,1,0,0,0,3,0,Medium
2019,1,Sunday,20,Sindh,Kashmore,Provincial Highway,Average,Dusty/Smoggy,Street Light,Motorcycle,2,Wrong Overtaking,1,1,0,1,2,0,Medium
2019,2,Friday,12,Punjab,Sheikhupura,Provincial Highway,Good,Clear,Daylight,Car/Taxi,4,Signal Violation,1,0,0,1,2,1,Medium
2020,10,Saturday,5,Punjab,Sialkot,Rural Road,Poor,Extreme Heat,Dawn/Dusk,Car/Taxi,1,Over Speeding,0,1,1,0,2,0,Low
2023,11,Thursday,19,Sindh,Sukkur,Urban Road,Poor,Rainy,Dawn/Dusk,Van/Pickup,3,Wrong Overtaking,1,0,0,1,1,1,Medium
2021,5,Wednesday,11,Gilgit-Baltistan,Hunza,National Highway,Good,Dusty/Smoggy,Daylight,Bus/Coach,2,Wrong Overtaking,0,0,0,0,5,0,Medium
2023,6,Monday,18,Punjab,Bahawalpur,Urban Road,Good,Foggy,Street Light,Truck/Lorry,1,Wrong Overtaking,1,0,0,0,2,0,Low
2021,5,Thursday,17,Sindh,Thatta,Urban Road,Average,Clear,Dawn/Dusk,Car/Taxi,2,Mechanical Failure,1,0,0,0,1,0,Low
2020,9,Saturday,15,Punjab,Sialkot,Rural Road,Good,Clear,Daylight,Van/Pickup,2,Pedestrian Error,0,1,0,0,1,0,Low
2021,5,Saturday,22,Balochistan,Gwadar,Provincial Highway,Good,Foggy,Street Light,Car/Taxi,3,Pedestrian Error,0,1,1,0,4,1,Medium
2023,10,Thursday,9,Balochistan,Khuzdar,Rural Road,Poor,Clear,Street Light,Other,2,Over Speeding,1,0,0,0,1,2,Medium
2018,2,Tuesday,13,Punjab,Sheikhupura,Urban Road,Poor,Clear,Daylight,Car/Taxi,2,Over Speeding,1,0,0,1,1,0,Low
2021,5,Monday,15,Balochistan,Hub,National Highway,Good,Clear,Daylight,Bicycle,2,Signal Violation,0,0,0,0,2,1,High
2020,8,Thursday,22,Punjab,Multan,Urban Road,Good,Clear,No Light,Car/Taxi,3,Pedestrian Error,0,0,1,0,2,0,Low
2020,1,Thursday,22,Punjab,Sheikhupura,Provincial Highway,Average,Clear,Street Light,Bus/Coach,2,Signal Violation,0,0,1,1,3,2,High
2022,6,Thursday,8,Sindh,Jacobabad,Provincial Highway,Poor,Clear,Daylight,Motorcycle,1,Over Speeding,1,0,0,0,4,0,Medium
2023,7,Saturday,6,Punjab,Rawalpindi,National Highway,Average,Foggy,Daylight,Rickshaw,1,Over Speeding,0,1,0,0,11,2,High
2021,11,Saturday,22,Sindh,Nawabshah,Urban Road,Poor,Clear,No Light,Car/Taxi,2,Road Condition,0,1,1,1,1,0,Low
2019,3,Tuesday,7,Sindh,Thatta,Provincial Highway,Average,Clear,Daylight,Motorcycle,2,Driver Fatigue,1,0,0,0,4,1,Medium
2022,4,Sunday,10,Punjab,Gujranwala,Urban Road,Average,Foggy,Daylight,Rickshaw,1,Over Speeding,0,1,0,0,0,0,Low
2020,6,Thursday,3,Punjab,Faisalabad,Rural Road,Good,Foggy,Street Light,Car/Taxi,2,Drunk Driving,0,0,1,0,4,1,Medium
2022,5,Thursday,19,Sindh,Thatta,Provincial Highway,Average,Clear,Dawn/Dusk,Motorcycle,3,Pedestrian Error,1,0,0,0,4,1,Medium
2020,3,Sunday,13,Punjab,Faisalabad,National Highway,Good,Clear,Daylight,Motorcycle,4,Signal Violation,1,1,0,0,1,0,Medium
2020,6,Tuesday,9,Punjab,Lahore,Provincial Highway,Average,Clear,Daylight,Truck/Lorry,1,Driver Fatigue,1,0,0,0,5,1,Medium
2023,1,Friday,11,Punjab,Gujranwala,Motorway,Poor,Clear,No Light,Car/Taxi,2,Signal Violation,0,0,0,1,4,0,Medium
2020,11,Saturday,18,KPK,Kohat,Provincial Highway,Average,Rainy,No Light,Motorcycle,3,Over Speeding,1,1,0,1,6,2,High
2023,11,Saturday,19,Balochistan,Quetta,Provincial Highway,Average,Clear,No Light,Rickshaw,3,Over Speeding,1,1,0,1,0,0,Low
2021,5,Friday,17,Punjab,Sialkot,National Highway,Good,Dusty/Smoggy,Dawn/Dusk,Motorcycle,2,Over Speeding,1,0,0,0,3,0,High
2023,2,Sunday,12,Punjab,Sargodha,Provincial Highway,Good,Clear,Daylight,Motorcycle,2,Wrong Overtaking,1,1,0,1,5,0,Medium
2020,10,Saturday,13,Sindh,Dadu,Motorway,Good,Clear,Daylight,Car/Taxi,2,Mobile Phone Use,1,1,0,0,1,0,Low
2023,2,Friday,0,Islamabad,Islamabad,Provincial Highway,Good,Clear,No Light,Car/Taxi,1,Mechanical Failure,0,0,1,1,4,0,Medium
2021,7,Monday,6,Punjab,Sheikhupura,National Highway,Good,Clear,Dawn/Dusk,Rickshaw,2,Weather Condition,0,0,0,0,0,0,Low
2020,5,Saturday,22,Balochistan,Turbat,Rural Road,Poor,Clear,Street Light,Van/Pickup,2,Wrong Overtaking,0,1,1,0,2,0,Low
2019,6,Tuesday,15,Sindh,Thatta,Rural Road,Poor,Rainy,Daylight,Car/Taxi,1,Pedestrian Error,0,0,0,0,2,0,Low
2022,12,Monday,3,Islamabad,Islamabad,Urban Road,Good,Clear,Street Light,Motorcycle,1,Wrong Overtaking,0,0,1,1,6,2,High
2023,12,Saturday,11,Punjab,Sheikhupura,National Highway,Average,Clear,Daylight,Motorcycle,3,Pedestrian Error,0,1,0,1,3,0,Medium
2020,6,Friday,18,AJK,Rawalakot,Provincial Highway,Poor,Clear,Daylight,Bus/Coach,1,Mobile Phone Use,1,0,0,0,3,0,Medium
2022,1,Tuesday,12,Sindh,Mirpur Khas,Urban Road,Under Repair,Clear,Daylight,Motorcycle,2,Driver Fatigue,1,0,0,1,11,1,High
2021,6,Monday,5,Islamabad,Islamabad,Urban Road,Poor,Rainy,Daylight,Rickshaw,1,Signal Violation,0,0,1,0,5,0,Medium
2023,8,Saturday,20,Sindh,Karachi,Urban Road,Good,Clear,No Light,Car/Taxi,2,Over Speeding,1,1,0,0,2,0,Low
2022,4,Saturday,18,Sindh,Kashmore,Rural Road,Average,Clear,Street Light,Motorcycle,1,Drunk Driving,1,1,0,0,5,1,Medium
2023,5,Thursday,15,KPK,Charsadda,Urban Road,Good,Extreme Heat,No Light,Car/Taxi,3,Pedestrian Error,0,0,0,0,1,0,Low
2019,1,Thursday,19,KPK,Mardan,Urban Road,Average,Clear,Dawn/Dusk,Motorcycle,1,Over Speeding,1,0,0,1,3,1,High
2022,4,Wednesday,10,Sindh,Sukkur,Provincial Highway,Good,Clear,Daylight,Motorcycle,2,Road Condition,0,0,0,0,1,0,Medium
2023,8,Monday,17,Punjab,Gujranwala,Rural Road,Under Repair,Clear,Street Light,Motorcycle,3,Wrong Overtaking,1,0,0,0,3,1,Medium
2023,8,Saturday,5,KPK,Nowshera,Provincial Highway,Average,Clear,No Light,Car/Taxi,2,Wrong Overtaking,0,1,1,0,0,0,Low
2018,3,Sunday,18,Islamabad,Islamabad,National Highway,Good,Clear,Daylight,Motorcycle,1,Weather Condition,1,1,0,0,2,1,Medium
2023,11,Saturday,0,Punjab,Gujranwala,Rural Road,Good,Clear,No Light,Bus/Coach,2,Over Speeding,0,1,1,1,2,0,Medium
2019,1,Sunday,17,Sindh,Kashmore,Provincial Highway,Good,Foggy,Daylight,Car/Taxi,3,Over Speeding,1,1,0,1,2,0,Medium
2022,7,Sunday,15,Balochistan,Gwadar,Rural Road,Poor,Clear,Daylight,Motorcycle,1,Signal Violation,0,1,0,0,5,2,Medium
2020,5,Monday,1,Sindh,Hyderabad,Urban Road,Poor,Extreme Heat,No Light,Motorcycle,2,Signal Violation,0,0,1,0,2,1,High
2022,12,Wednesday,11,KPK,Peshawar,Rural Road,Average,Foggy,Daylight,Bus/Coach,1,Over Speeding,0,0,0,1,3,0,High
2020,4,Sunday,9,Balochistan,Khuzdar,National Highway,Good,Clear,Daylight,Motorcycle,2,Over Speeding,1,1,0,0,8,0,High
2018,5,Sunday,13,KPK,Mansehra,National Highway,Good,Foggy,Daylight,Car/Taxi,3,Road Condition,1,1,0,0,5,1,Medium
2022,12,Monday,23,KPK,Bannu,Rural Road,Good,Clear,Street Light,Truck/Lorry,3,Signal Violation,0,0,1,1,1,0,Low
2021,3,Saturday,6,Islamabad,Islamabad,Rural Road,Poor,Clear,Daylight,Motorcycle,1,Over Speeding,0,1,0,0,3,2,Medium
2023,11,Saturday,18,Balochistan,Sibi,Urban Road,Under Repair,Clear,Daylight,Motorcycle,2,Driver Fatigue,1,1,0,1,4,2,Medium
2018,12,Monday,14,KPK,Kohat,Rural Road,Poor,Clear,Daylight,Truck/Lorry,1,Driver Fatigue,0,0,0,1,4,0,Medium
2023,10,Monday,18,Punjab,Rawalpindi,Urban Road,Good,Rainy,Daylight,Truck/Lorry,3,Driver Fatigue,1,0,0,0,2,0,Medium
2022,5,Saturday,13,Punjab,Rawalpindi,Provincial Highway,Poor,Rainy,Daylight,Car/Taxi,3,Weather Condition,1,1,0,0,2,0,Low
2022,1,Monday,14,Sindh,Jacobabad,Urban Road,Good,Foggy,Street Light,Bus/Coach,2,Pedestrian Error,0,0,0,1,4,0,Medium
2023,6,Sunday,1,KPK,Nowshera,Provincial Highway,Average,Clear,Street Light,Truck/Lorry,1,Over Speeding,0,1,1,0,8,0,High
2018,7,Friday,1,Punjab,Rawalpindi,Motorway,Good,Clear,No Light,Motorcycle,2,Over Speeding,0,0,1,0,3,1,High
2023,5,Saturday,12,Punjab,Rahim Yar Khan,Provincial Highway,Poor,Foggy,No Light,Motorcycle,1,Over Speeding,1,1,0,0,3,3,High
2018,6,Thursday,22,Punjab,Sargodha,National Highway,Average,Foggy,Street Light,Car/Taxi,3,Wrong Overtaking,0,0,1,0,2,0,Medium
2023,2,Tuesday,12,KPK,Charsadda,Provincial Highway,Under Repair,Clear,Daylight,Motorcycle,2,Signal Violation,1,0,0,1,4,1,Medium
2019,1,Saturday,13,Balochistan,Khuzdar,Urban Road,Average,Rainy,Street Light,Car/Taxi,1,Pedestrian Error,1,1,0,1,0,0,Low
2023,5,Tuesday,13,Balochistan,Hub,Provincial Highway,Poor,Clear,Street Light,Motorcycle,2,Over Speeding,1,0,0,0,2,1,High
2021,2,Sunday,19,Punjab,Rahim Yar Khan,Motorway,Average,Foggy,Daylight,Car/Taxi,2,Over Speeding,1,1,0,1,4,0,Medium
2018,9,Sunday,10,Punjab,Bahawalpur,Motorway,Average,Clear,Daylight,Motorcycle,1,Wrong Overtaking,0,1,0,0,5,2,Medium
2022,8,Thursday,21,Punjab,Sargodha,Urban Road,Under Repair,Clear,No Light,Motorcycle,1,Over Speeding,0,0,0,0,3,0,Medium
2022,1,Wednesday,8,Punjab,Lahore,National Highway,Under Repair,Foggy,Daylight,Other,1,Over Speeding,1,0,0,1,4,0,Medium
2023,12,Thursday,1,KPK,Mardan,Provincial Highway,Average,Rainy,Street Light,Motorcycle,1,Signal Violation,0,0,1,1,7,3,High
2018,9,Monday,19,Punjab,Sialkot,Urban Road,Poor,Clear,Dawn/Dusk,Van/Pickup,3,Signal Violation,1,0,0,0,1,0,Low
2019,8,Friday,22,Punjab,Bahawalpur,Rural Road,Under Repair,Clear,No Light,Motorcycle,1,Drunk Driving,0,0,1,0,1,1,Medium