year,month,day_of_week,hour_of_day,province,district,road_type,road_condition,weather_condition,lighting_condition,vehicle_type,vehicles_involved,accident_cause,is_rush_hour,is_weekend,is_night,is_foggy_month,num_injured,num_killed,severity
2020,6,Monday,18,Sindh,Mirpur Khas,National Highway,Good,Dusty/Smoggy,Daylight,Car/Taxi,1,Mechanical Failure,1,0,0,0,0,0,Low
2020,6,Saturday,7,Punjab,Sargodha,National Highway,Good,Clear,Daylight,Rickshaw,2,Wrong Overtaking,1,1,0,0,1,0,Low
2018,11,Friday,6,Punjab,Rahim Yar Khan,Urban Road,Poor,Clear,Dawn/Dusk,Bus/Coach,4,Wrong Overtaking,0,0,0,1,4,0,Medium
2019,4,Sunday,6,Sindh,Jacobabad,National Highway,Average,Clear,Dawn/Dusk,Motorcycle,1,Driver Fatigue,0,1,0,0,6,1,High
2018,2,Monday,20,Punjab,Rawalpindi,Rural Road,Good,Clear,No Light,Car/Taxi,2,Wrong Overtaking,1,0,0,1,1,0,Low
2022,7,Wednesday,11,Sindh,Karachi,Rural Road,Poor,Dusty/Smoggy,Street Light,Car/Taxi,2,Mechanical Failure,0,0,0,0,1,0,Low
2019,1,Saturday,21,Punjab,Sialkot,Urban Road,Poor,Clear,Street Light,Car/Taxi,2,Pedestrian Error,0,1,0,1,1,0,Low
2019,10,Thursday,21,Sindh,Mirpur Khas,Provincial Highway,Average,Clear,No Light,Car/Taxi,4,Over Speeding,0,0,0,0,5,0,Medium
2023,4,Monday,10,Gilgit-Baltistan,Gilgit,National Highway,Good,Rainy,Daylight,Bus/Coach,2,Wrong Overtaking,0,0,0,0,6,0,High
2020,8,Thursday,5,Sindh,Karachi,Motorway,Good,Clear,Street Light,Van/Pickup,2,Mechanical Failure,0,0,1,0,1,0,Low
2019,12,Thursday,20,Sindh,Mirpur Khas,National Highway,Good,Dusty/Smoggy,Street Light,Car/Taxi,1,Pedestrian Error,1,0,0,1,2,1,Medium
2023,8,Monday,0,Balochistan,Khuzdar,Provincial Highway,Average,Clear,No Light,Motorcycle,1,Over Speeding,0,0,1,0,10,2,High
2023,4,Tuesday,4,Punjab,Sialkot,Urban Road,Average,Clear,Street Light,Rickshaw,1,Pedestrian Error,0,0,1,0,1,0,Low
2019,5,Wednesday,5,Punjab,Gujranwala,Provincial Highway,Average,Dusty/Smoggy,Dawn/Dusk,Other,2,Mobile Phone Use,0,0,1,0,2,0,Low
2019,2,Sunday,19,Punjab,Multan,Rural Road,Good,Clear,Street Light,Motorcycle,1,Over Speeding,1,1,0,1,5,0,Medium
2021,1,Friday,16,Punjab,Bahawalpur,National Highway,Good,Dusty/Smoggy,Daylight,Motorcycle,2,Wrong Overtaking,0,0,0,1,4,0,Medium
2023,1,Thursday,7,Sindh,Dadu,Urban Road,Good,Rainy,Daylight,Car/Taxi,1,Pedestrian Error,1,0,0,1,0,1,Low
2021,10,Friday,5,Punjab,Sheikhupura,National Highway,Average,Clear,Dawn/Dusk,Rickshaw,4,Drunk Driving,0,0,1,0,11,0,High
2020,11,Thursday,22,Balochistan,Quetta,Urban Road,Average,Foggy,No Light,Motorcycle,3,Mechanical Failure,0,0,1,1,4,1,Medium
2021,7,Friday,12,Punjab,Sheikhupura,Rural Road,Good,Foggy,Street Light,Car/Taxi,2,Over Speeding,1,0,0,0,3,0,Medium
2023,3,Saturday,12,Balochistan,Gwadar,Rural Road,Good,Clear,Daylight,Motorcycle,3,Driver Fatigue,1,1,0,0,1,0,Medium
2023,8,Saturday,12,Islamabad,Islamabad,Urban Road,Poor,Clear,Daylight,Motorcycle,2,Wrong Overtaking,1,1,0,0,5,0,Medium
2021,2,Saturday,7,Gilgit-Baltistan,Hunza,Urban Road,Average,Rainy,Dawn/Dusk,Motorcycle,1,Signal Violation,1,1,0,1,5,0,Medium
2022,3,Sunday,19,KPK,Swat,Urban Road,Average,Foggy,Street Light,Motorcycle,3,Signal Violation,1,1,0,0,3,0,Medium
2023,9,Wednesday,18,Punjab,Sheikhupura,National Highway,Average,Foggy,Daylight,Bicycle,1,Wrong Overtaking,1,0,0,0,6,0,High
2023,2,Thursday,20,KPK,Peshawar,Urban Road,Good,Clear,Street Light,Car/Taxi,1,Road Condition,1,0,0,1,1,0,Low
2021,3,Sunday,22,Punjab,Gujranwala,Provincial Highway,Under Repair,Clear,Street Light,Motorcycle,2,Mechanical Failure,0,1,1,0,7,0,High
2019,11,Sunday,11,Balochistan,Chaman,Provincial Highway,Good,Foggy,Daylight,Motorcycle,2,Wrong Overtaking,0,1,0,1,10,0,High
2021,2,Tuesday,16,Punjab,Gujranwala,Urban Road,Good,Clear,Daylight,Bicycle,2,Wrong Overtaking,0,0,0,1,3,1,Medium
2021,3,Monday,8,Punjab,Bahawalpur,Rural Road,Poor,Clear,Street Light,Car/Taxi,1,Pedestrian Error,1,0,0,0,1,0,Low
2022,11,Saturday,5,Balochistan,Hub,Urban Road,Poor,Foggy,Daylight,Car/Taxi,2,Road Condition,0,1,1,1,1,0,Low
2021,12,Sunday,19,Punjab,Faisalabad,Provincial Highway,Poor,Rainy,Dawn/Dusk,Car/Taxi,2,Road Condition,1,1,0,1,3,0,Medium
2020,2,Saturday,3,Punjab,Faisalabad,Provincial Highway,Good,Rainy,Street Light,Motorcycle,3,Over Speeding,0,1,1,1,11,2,High
2018,5,Sunday,14,Sindh,Thatta,Provincial Highway,Good,Extreme Heat,Daylight,Motorcycle,2,Wrong Overtaking,0,1,0,0,8,0,High
2018,4,Sunday,11,KPK,Abbottabad,Urban Road,Average,Clear,Daylight,Bus/Coach,2,Mechanical Failure,0,1,0,0,1,0,Low
2019,7,Friday,17,Sindh,Hyderabad,Urban Road,Under Repair,Clear,Daylight,Motorcycle,1,Pedestrian Error,1,0,0,0,1,1,Low
2022,9,Tuesday,22,KPK,Peshawar,Rural Road,Good,Clear,No Light,Truck/Lorry,4,Over Speeding,0,0,1,0,5,1,High
2021,2,Monday,17,Balochistan,Gwadar,National Highway,Poor,Clear,Dawn/Dusk,Motorcycle,1,Driver Fatigue,1,0,0,1,4,0,High
2023,9,Wednesday,21,Punjab,Rawalpindi,Rural Road,Under Repair,Clear,Street Light,Truck/Lorry,1,Drunk Driving,0,0,0,0,5,0,Medium
2019,6,Thursday,20,Sindh,Thatta,Provincial Highway,Good,Dusty/Smoggy,Street Light,Motorcycle,4,Road Condition,1,0,0,0,1,0,Low
2023,2,Saturday,19,KPK,Peshawar,Urban Road,Poor,Rainy,No Light,Rickshaw,2,Road Condition,1,1,0,1,1,0,Low
2021,3,Saturday,18,Sindh,Mirpur Khas,Urban Road,Average,Clear,Daylight,Motorcycle,2,Pedestrian Error,1,1,0,0,3,0,Medium
2022,5,Saturday,7,Sindh,Kashmore,National Highway,Poor,Foggy,Daylight,Motorcycle,3,Road Condition,1,1,0,0,4,0,Medium
2023,12,Friday,18,Punjab,Sialkot,Urban Road,Good,Clear,Daylight,Bus/Coach,2,Wrong Overtaking,1,0,0,1,1,0,Low
2023,6,Sunday,19,Punjab,Lahore,National Highway,Good,Clear,Dawn/Dusk,Car/Taxi,1,Over Speeding,1,1,0,0,2,0,Medium
2021,11,Monday,17,Punjab,Sheikhupura,Provincial Highway,Poor,Foggy,Dawn/Dusk,Car/Taxi,2,Drunk Driving,1,0,0,1,2,1,Medium
2022,8,Friday,19,Punjab,Faisalabad,Rural Road,Good,Clear,Dawn/Dusk,Motorcycle,1,Over Speeding,1,0,0,0,5,1,Medium
2021,12,Tuesday,10,Punjab,Multan,Rural Road,Good,Clear,Daylight,Motorcycle,2,Driver Fatigue,0,0,0,1,2,0,Medium
2020,2,Saturday,17,Sindh,Jacobabad,Urban Road,Average,Dusty/Smoggy,Street Light,Motorcycle,1,Over Speeding,1,1,0,1,3,2,Medium
2019,9,Saturday,18,Punjab,Sheikhupura,National Highway,Poor,Dusty/Smoggy,Daylight,Motorcycle,3,Signal Violation,1,1,0,0,5,1,High
2023,4,Sunday,23,KPK,Abbottabad,National Highway,Poor,Clear,Street Light,Motorcycle,4,Signal Violation,0,1,1,0,11,2,High
2020,5,Wednesday,8,Balochistan,Dera Bugti,Urban Road,Good,Clear,Daylight,Car/Taxi,3,Wrong Overtaking,1,0,0,0,1,0,Low
2019,7,Thursday,5,Punjab,Faisalabad,National Highway,Good,Rainy,Daylight,Van/Pickup,2,Over Speeding,0,0,1,0,9,3,High
2019,12,Saturday,10,Sindh,Thatta,National Highway,Good,Clear,Dawn/Dusk,Motorcycle,2,Wrong Overtaking,0,1,0,1,7,1,High
2022,1,Friday,18,Islamabad,Islamabad,National Highway,Average,Rainy,Daylight,Bus/Coach,3,Over Speeding,1,0,0,1,3,2,High
2020,1,Thursday,14,Sindh,Dadu,Provincial Highway,Good,Dusty/Smoggy,No Light,Car/Taxi,2,Over Speeding,0,0,0,1,2,0,Low
2023,10,Sunday,19,Gilgit-Baltistan,Skardu,National Highway,Average,Foggy,Daylight,Motorcycle,1,Wrong Overtaking,1,1,0,0,11,0,High
2022,4,Sunday,1,Punjab,Rawalpindi,Urban Road,Average,Clear,Street Light,Motorcycle,3,Mechanical Failure,0,1,1,0,2,0,Low
2023,2,Friday,12,Balochistan,Zhob,National Highway,Good,Foggy,Daylight,Car/Taxi,2,Mechanical Failure,1,0,0,1,3,0,Medium
2023,9,Friday,7,Sindh,Sukkur,National Highway,Good,Clear,Daylight,Rickshaw,2,Wrong Overtaking,1,0,0,0,2,1,Medium
2022,1,Sunday,9,Punjab,Sialkot,Rural Road,Good,Foggy,Daylight,Bicycle,3,Road Condition,1,1,0,1,0,0,Low
2019,2,Sunday,6,AJK,Muzaffarabad,National Highway,Poor,Dusty/Smoggy,Daylight,Motorcycle,3,Pedestrian Error,0,1,0,1,9,1,High
2018,1,Friday,13,Islamabad,Islamabad,Rural Road,Average,Clear,Daylight,Car/Taxi,1,Signal Violation,1,0,0,1,0,0,Low
2022,1,Tuesday,17,Punjab,Sialkot,National Highway,Average,Clear,Daylight,Motorcycle,3,Pedestrian Error,1,0,0,1,3,1,Medium
2023,7,Sunday,7,Islamabad,Islamabad,National Highway,Good,Clear,Daylight,Bicycle,2,Road Condition,1,1,0,0,5,0,Medium
2021,1,Wednesday,19,Punjab,Rawalpindi,Provincial Highway,Average,Clear,Dawn/Dusk,Rickshaw,4,Over Speeding,1,0,0,1,5,1,Medium
2020,4,Tuesday,9,KPK,Mardan,Provincial Highway,Poor,Foggy,Daylight,Truck/Lorry,1,Pedestrian Error,1,0,0,0,2,0,Medium
2019,1,Thursday,16,Punjab,Bahawalpur,Provincial Highway,Average,Extreme Heat,Daylight,Motorcycle,2,Mechanical Failure,0,0,0,1,5,2,Medium
2018,12,Thursday,17,Punjab,Sargodha,Motorway,Average,Extreme Heat,Daylight,Car/Taxi,2,Over Speeding,1,0,0,1,4,1,Medium
2020,5,Thursday,20,KPK,Bannu,Urban Road,Average,Clear,Street Light,Car/Taxi,2,Road Condition,1,0,0,0,0,0,Low
2018,8,Sunday,12,Punjab,Lahore,National Highway,Good,Clear,Daylight,Car/Taxi,3,Wrong Overtaking,1,1,0,0,1,0,Low
2019,7,Wednesday,23,Punjab,Lahore,National Highway,Poor,Rainy,Street Light,Motorcycle,2,Road Condition,0,0,1,0,2,1,High
2020,10,Friday,2,Punjab,Lahore,Rural Road,Good,Clear,No Light,Motorcycle,1,Wrong Overtaking,0,0,1,0,11,1,High
2022,7,Sunday,11,Punjab,Lahore,Provincial Highway,Good,Rainy,Daylight,Car/Taxi,1,Over Speeding,0,1,0,0,3,1,High
2022,4,Tuesday,14,KPK,Kohat,Urban Road,Good,Rainy,Daylight,Motorcycle,3,Pedestrian Error,0,0,0,0,4,1,Medium
2018,8,Saturday,20,Punjab,Faisalabad,Provincial Highway,Average,Rainy,Street Light,Motorcycle,2,Pedestrian Error,1,1,0,0,2,2,Medium
2023,2,Monday,10,Balochistan,Gwadar,National Highway,Poor,Clear,Daylight,Rickshaw,3,Driver Fatigue,0,0,0,1,5,1,Medium
2022,1,Friday,8,Punjab,Sheikhupura,Motorway,Poor,Clear,Daylight,Car/Taxi,1,Signal Violation,1,0,0,1,4,0,Medium
2023,6,Tuesday,8,Punjab,Rawalpindi,Provincial Highway,Good,Clear,Daylight,Bus/Coach,4,Road Condition,1,0,0,0,2,0,Low
2018,11,Saturday,20,Punjab,Bahawalpur,National Highway,Average,Clear,Street Light,Car/Taxi,2,Wrong Overtaking,1,1,0,1,0,0,Low
2021,3,Sunday,8,Sindh,Dadu,Rural Road,Good,Clear,Street Light,Motorcycle,2,Over Speeding,1,1,0,0,2,0,Medium
2020,10,Tuesday,9,Punjab,Sheikhupura,Provincial Highway,Average,Dusty/Smoggy,Street Light,Motorcycle,2,Pedestrian Error,1,0,0,0,3,1,Medium
2021,7,Wednesday,18,Sindh,Hyderabad,National Highway,Average,Clear,Daylight,Rickshaw,2,Over Speeding,1,0,0,0,7,2,High
2023,5,Saturday,12,Punjab,Bahawalpur,Urban Road,Average,Clear,Street Light,Motorcycle,3,Wrong Overtaking,1,1,0,0,3,2,Medium
2022,3,Thursday,9,Balochistan,Chaman,Urban Road,Poor,Clear,Daylight,Car/Taxi,4,Wrong Overtaking,1,0,0,0,0,0,Low
2022,10,Thursday,1,Punjab,Rawalpindi,Provincial Highway,Good,Foggy,No Light,Car/Taxi,3,Wrong Overtaking,0,0,1,0,4,1,Medium
2020,1,Thursday,7,KPK,Peshawar,Provincial Highway,Under Repair,Dusty/Smoggy,Daylight,Motorcycle,1,Driver Fatigue,1,0,0,1,3,4,High
2023,12,Tuesday,10,Punjab,Lahore,Rural Road,Poor,Clear,Street Light,Motorcycle,3,Over Speeding,0,0,0,1,5,0,Medium
2021,8,Monday,4,Punjab,Multan,Provincial Highway,Good,Rainy,No Light,Truck/Lorry,2,Signal Violation,0,0,1,0,5,1,Medium
2023,11,Friday,13,Punjab,Sheikhupura,Rural Road,Good,Clear,Daylight,Motorcycle,1,Pedestrian Error,1,0,0,1,1,0,Low
2018,10,Saturday,19,Punjab,Sheikhupura,National Highway,Average,Clear,Dawn/Dusk,Motorcycle,1,Wrong Overtaking,1,1,0,0,2,1,High
2018,11,Wednesday,10,Sindh,Hyderabad,Provincial Highway,Poor,Rainy,Street Light,Rickshaw,1,Driver Fatigue,0,0,0,1,6,0,High
2019,5,Sunday,16,AJK,Mirpur,Urban Road,Good,Clear,Daylight,Rickshaw,1,Over Speeding,0,1,0,0,4,0,Medium
2020,11,Sunday,12,Punjab,Sargodha,Provincial Highway,Average,Clear,Street Light,Motorcycle,2,Signal Violation,1,1,0,1,3,0,Medium
2023,12,Wednesday,14,Sindh,Karachi,Provincial Highway,Under Repair,Dusty/Smoggy,Daylight,Motorcycle,2,Signal Violation,0,0,0,1,5,1,Medium
2022,7,Sunday,18,Punjab,Gujranwala,Urban Road,Good,Rainy,Daylight,Motorcycle,1,Wrong Overtaking,1,1,0,0,2,1,Medium
2020,3,Sunday,19,Punjab,Rahim Yar Khan,Provincial Highway,Good,Dusty/Smoggy,Dawn/Dusk,Rickshaw,3,Over Speeding,1,1,0,0,2,0,Low
2022,1,Sunday,17,Punjab,Gujranwala,Provincial Highway,Good,Clear,Street Light,Motorcycle,1,Mechanical Failure,1,1,0,1,2,0,Medium
2023,4,Friday,12,Balochistan,Chaman,Provincial Highway,Under Repair,Rainy,Daylight,Car/Taxi,2,Over Speeding,1,0,0,0,4,1,Medium
2022,2,Friday,14,Punjab,Sheikhupura,National Highway,Poor,Clear,Daylight,Motorcycle,2,Wrong Overtaking,0,0,0,1,5,1,Medium
2021,12,Saturday,19,KPK,Abbottabad,Provincial Highway,Average,Clear,Street Light,Motorcycle,2,Over Speeding,1,1,0,1,6,3,High
2022,2,Sunday,18,Punjab,Sialkot,Rural Road,Average,Clear,Daylight,Car/Taxi,2,Pedestrian Error,1,1,0,1,1,0,Low
2021,9,Sunday,9,Punjab,Sargodha,Provincial Highway,Good,Foggy,Daylight,Rickshaw,1,Drunk Driving,1,1,0,0,5,1,Medium
2022,11,Wednesday,9,Sindh,Nawabshah,Provincial Highway,Poor,Clear,No Light,Motorcycle,2,Wrong Overtaking,1,0,0,1,6,1,High
2020,8,Thursday,6,Punjab,Sheikhupura,Provincial Highway,Good,Clear,No Light,Car/Taxi,2,Over Speeding,0,0,0,0,1,0,Medium
2022,8,Sunday,20,Punjab,Rahim Yar Khan,Urban Road,Average,Clear,No Light,Motorcycle,3,Driver Fatigue,1,1,0,0,5,2,Medium
2019,12,Wednesday,17,Punjab,Multan,Rural Road,Good,Foggy,Dawn/Dusk,Motorcycle,2,Over Speeding,1,0,0,1,4,1,High
2023,2,Tuesday,0,Punjab,Lahore,National Highway,Poor,Clear,Street Light,Motorcycle,1,Mechanical Failure,0,0,1,1,3,0,Medium
2020,10,Sunday,18,KPK,Swat,Motorway,Average,Dusty/Smoggy,Daylight,Motorcycle,1,Over Speeding,1,1,0,0,4,1,High
2023,7,Friday,22,Punjab,Rahim Yar Khan,Urban Road,Average,Clear,No Light,Motorcycle,1,Over Speeding,0,0,1,0,4,1,High
2019,2,Thursday,6,KPK,Mansehra,Rural Road,Poor,Rainy,Daylight,Bicycle,2,Wrong Overtaking,0,0,0,1,2,0,Medium
2023,1,Saturday,7,Punjab,Sialkot,Provincial Highway,Average,Foggy,Daylight,Bicycle,2,Over Speeding,1,1,0,1,6,1,High
2021,7,Monday,22,Balochistan,Khuzdar,Urban Road,Poor,Clear,No Light,Truck/Lorry,2,Road Condition,0,0,1,0,2,0,Low
2022,11,Thursday,11,Sindh,Hyderabad,Motorway,Good,Clear,Daylight,Car/Taxi,2,Over Speeding,0,0,0,1,1,0,Medium
2023,1,Friday,13,Punjab,Bahawalpur,Rural Road,Average,Clear,Daylight,Motorcycle,2,Wrong Overtaking,1,0,0,1,3,0,Medium
2023,12,Friday,10,AJK,Muzaffarabad,National Highway,Under Repair,Clear,Daylight,Rickshaw,2,Wrong Overtaking,0,0,0,1,1,1,Medium
2020,11,Tuesday,10,Punjab,Rahim Yar Khan,Urban Road,Poor,Rainy,Street Light,Car/Taxi,2,Road Condition,0,0,0,1,2,0,Low
2023,11,Saturday,22,Sindh,Kashmore,National Highway,Good,Rainy,Street Light,Motorcycle,4,Mechanical Failure,0,1,1,1,11,1,High
2022,11,Monday,16,Sindh,Larkana,Motorway,Poor,Clear,Daylight,Van/Pickup,2,Wrong Overtaking,0,0,0,1,4,0,Medium
2023,9,Thursday,10,Punjab,Rawalpindi,Rural Road,Average,Foggy,Dawn/Dusk,Motorcycle,4,Mobile Phone Use,0,0,0,0,2,0,Medium
2023,3,Monday,13,Islamabad,Islamabad,Rural Road,Good,Dusty/Smoggy,Daylight,Car/Taxi,1,Weather Condition,1,0,0,0,1,0,Low
2021,9,Thursday,22,Balochistan,Dera Bugti,Rural Road,Poor,Foggy,No Light,Car/Taxi,2,Road Condition,0,0,1,0,2,0,Low
2021,12,Monday,12,KPK,Peshawar,Urban Road,Good,Dusty/Smoggy,Daylight,Rickshaw,2,Road Condition,1,0,0,1,0,0,Low
2020,12,Sunday,19,AJK,Mirpur,Provincial Highway,Good,Rainy,No Light,Car/Taxi,2,Pedestrian Error,1,1,0,1,0,0,Low
2018,4,Friday,20,Sindh,Thatta,Urban Road,Poor,Clear,Street Light,Motorcycle,4,Road Condition,1,0,0,0,1,0,Medium
2021,9,Sunday,17,Punjab,Sialkot,Provincial Highway,Average,Clear,Daylight,Car/Taxi,2,Driver Fatigue,1,1,0,0,1,0,Low
2021,1,Friday,7,KPK,Mansehra,Urban Road,Poor,Dusty/Smoggy,Daylight,Motorcycle,1,Over Speeding,1,0,0,1,6,1,High
2023,5,Saturday,13,Punjab,Lahore,National Highway,Average,Clear,Daylight,Car/Taxi,1,Mobile Phone Use,1,1,0,0,1,0,Low
2023,10,Saturday,12,Punjab,Bahawalpur,Provincial Highway,Average,Rainy,Dawn/Dusk,Motorcycle,2,Pedestrian Error,1,1,0,0,1,0,Medium
2023,1,Sunday,7,Sindh,Nawabshah,National Highway,Good,Rainy,Daylight,Car/Taxi,3,Drunk Driving,1,1,0,1,6,1,High
2022,10,Wednesday,20,Islamabad,Islamabad,Urban Road,Good,Dusty/Smoggy,No Light,Car/Taxi,1,Driver Fatigue,1,0,0,0,3,0,Medium
2018,8,Saturday,1,Punjab,Multan,Rural Road,Under Repair,Rainy,Street Light,Car/Taxi,2,Over Speeding,0,1,1,0,6,1,High
2020,3,Friday,14,Balochistan,Khuzdar,National Highway,Poor,Foggy,Daylight,Rickshaw,2,Mechanical Failure,0,0,0,0,1,1,Medium
2018,3,Monday,7,Punjab,Sialkot,Motorway,Average,Clear,Dawn/Dusk,Motorcycle,1,Over Speeding,1,0,0,0,10,0,High
2023,12,Saturday,7,Punjab,Rawalpindi,Provincial Highway,Good,Rainy,Daylight,Motorcycle,2,Pedestrian Error,1,1,0,1,2,3,High
2019,2,Sunday,18,Balochistan,Gwadar,Rural Road,Average,Clear,Street Light,Motorcycle,2,Mechanical Failure,1,1,0,1,5,0,Medium
2021,2,Thursday,22,Islamabad,Islamabad,National Highway,Average,Clear,No Light,Motorcycle,1,Signal Violation,0,0,1,1,9,4,High
2019,9,Wednesday,6,Punjab,Rahim Yar Khan,National Highway,Poor,Clear,Daylight,Motorcycle,2,Signal Violation,0,0,0,0,5,1,Medium
2018,7,Saturday,18,Punjab,Bahawalpur,Rural Road,Average,Foggy,Daylight,Motorcycle,2,Over Speeding,1,1,0,0,2,0,Medium
2018,12,Wednesday,23,Punjab,Sargodha,Motorway,Poor,Clear,No Light,Bus/Coach,3,Over Speeding,0,0,1,1,6,2,High
2022,1,Wednesday,17,KPK,Nowshera,National Highway,Poor,Clear,Daylight,Motorcycle,1,Driver Fatigue,1,0,0,1,4,0,High
2019,12,Monday,21,Punjab,Sialkot,Urban Road,Good,Clear,Street Light,Bus/Coach,3,Driver Fatigue,0,0,0,1,4,0,Medium
2019,9,Tuesday,14,Punjab,Bahawalpur,Urban Road,Good,Rainy,Street Light,Motorcycle,3,Over Speeding,0,0,0,0,2,0,Medium
2023,10,Friday,23,KPK,Bannu,Provincial Highway,Under Repair,Foggy,No Light,Car/Taxi,1,Mechanical Failure,0,0,1,0,4,0,Medium
2021,10,Sunday,22,Punjab,Lahore,Provincial Highway,Poor,Clear,No Light,Car/Taxi,2,Weather Condition,0,1,1,0,1,1,Medium
2021,6,Wednesday,13,Punjab,Rawalpindi,Provincial Highway,Poor,Clear,Dawn/Dusk,Bus/Coach,2,Over Speeding,1,0,0,0,5,2,Medium
2022,10,Saturday,17,Balochistan,Chaman,National Highway,Good,Foggy,Daylight,Motorcycle,3,Over Speeding,1,1,0,0,4,1,High
2019,1,Saturday,4,Balochistan,Quetta,Urban Road,Good,Foggy,No Light,Bicycle,2,Road Condition,0,1,1,1,6,1,High
2019,8,Tuesday,10,Islamabad,Islamabad,Provincial Highway,Good,Foggy,Daylight,Motorcycle,1,Road Condition,0,0,0,0,3,0,Medium
2022,1,Friday,19,Punjab,Sheikhupura,Urban Road,Good,Foggy,Dawn/Dusk,Bicycle,2,Wrong Overtaking,1,0,0,1,2,0,Medium
2023,11,Friday,17,Balochistan,Quetta,National Highway,Poor,Clear,Daylight,Motorcycle,1,Signal Violation,1,0,0,1,5,2,Medium
2020,10,Thursday,19,KPK,Bannu,Rural Road,Poor,Clear,Street Light,Van/Pickup,2,Road Condition,1,0,0,0,0,0,Low
2019,1,Sunday,12,Punjab,Sargodha,National Highway,Average,Clear,Daylight,Motorcycle,2,Mobile Phone Use,1,1,0,1,2,0,Medium
2018,1,Saturday,17,Sindh,Nawabshah,Provincial Highway,Good,Clear,Daylight,Motorcycle,3,Wrong Overtaking,1,1,0,1,4,0,Medium
2019,4,Tuesday,17,Punjab,Sheikhupura,Urban Road,Poor,Dusty/Smoggy,Daylight,Car/Taxi,2,Over Speeding,1,0,0,0,5,0,Medium
2021,11,Wednesday,19,KPK,Dera Ismail Khan,National Highway,Average,Clear,Street Light,Truck/Lorry,1,Driver Fatigue,1,0,0,1,11,0,High
2023,4,Thursday,16,KPK,Swat,National Highway,Average,Clear,Daylight,Car/Taxi,1,Signal Violation,0,0,0,0,3,1,Medium
2022,10,Wednesday,5,KPK,Kohat,National Highway,Good,Rainy,Dawn/Dusk,Motorcycle,2,Signal Violation,0,0,1,0,3,2,High
2020,9,Wednesday,19,Punjab,Rahim Yar Khan,Rural Road,Good,Clear,Dawn/Dusk,Rickshaw,2,Road Condition,1,0,0,0,1,0,Low
2023,11,Sunday,21,Sindh,Hyderabad,Provincial Highway,Good,Foggy,Street Light,Motorcycle,4,Driver Fatigue,0,1,0,1,10,2,High
2020,4,Wednesday,7,Punjab,Rawalpindi,Urban Road,Good,Rainy,Daylight,Motorcycle,3,Road Condition,1,0,0,0,2,1,Medium
2020,3,Monday,6,Islamabad,Islamabad,Urban Road,Average,Foggy,Daylight,Motorcycle,3,Over Speeding,0,0,0,0,1,0,Medium
2023,7,Sunday,22,KPK,Nowshera,Urban Road,Under Repair,Extreme Heat,No Light,Truck/Lorry,2,Over Speeding,0,1,1,0,3,3,High
2023,7,Tuesday,13,Punjab,Gujranwala,Rural Road,Poor,Rainy,Daylight,Rickshaw,3,Over Speeding,1,0,0,0,0,0,Low
2022,12,Wednesday,14,Punjab,Bahawalpur,Provincial Highway,Good,Clear,Daylight,Bus/Coach,1,Drunk Driving,0,0,0,1,2,1,Medium
2023,1,Thursday,5,KPK,Abbottabad,National Highway,Good,Clear,Dawn/Dusk,Motorcycle,1,Over Speeding,0,0,1,1,2,1,High
2022,6,Sunday,22,Sindh,Sukkur,Provincial Highway,Good,Clear,Street Light,Bus/Coach,1,Driver Fatigue,0,1,1,0,8,1,High
2019,1,Wednesday,20,KPK,Peshawar,Provincial Highway,Good,Clear,No Light,Car/Taxi,3,Signal Violation,1,0,0,1,4,0,Medium
2022,7,Friday,18,Punjab,Lahore,Rural Road,Poor,Foggy,Daylight,Truck/Lorry,2,Road Condition,1,0,0,0,1,2,Medium
2020,9,Friday,21,Sindh,Hyderabad,Rural Road,Good,Foggy,No Light,Motorcycle,2,Mechanical Failure,0,0,0,0,3,1,Medium
2022,2,Saturday,13,Punjab,Sargodha,Provincial Highway,Poor,Clear,Daylight,Motorcycle,3,Mobile Phone Use,1,1,0,1,4,0,Medium
2020,9,Friday,19,Sindh,Dadu,Rural Road,Average,Rainy,Dawn/Dusk,Rickshaw,3,Wrong Overtaking,1,0,0,0,3,1,Medium
2021,9,Monday,12,Islamabad,Islamabad,Provincial Highway,Good,Clear,Daylight,Truck/Lorry,1,Signal Violation,1,0,0,0,4,1,Medium
2019,5,Thursday,13,Sindh,Nawabshah,Rural Road,Average,Rainy,Daylight,Motorcycle,2,Drunk Driving,1,0,0,0,5,1,High
2018,5,Sunday,21,Punjab,Gujranwala,National Highway,Average,Clear,Street Light,Car/Taxi,4,Over Speeding,0,1,0,0,1,1,Medium
2019,5,Thursday,23,AJK,Rawalakot,Motorway,Good,Foggy,No Light,Motorcycle,2,Wrong Overtaking,0,0,1,0,4,0,High
2023,10,Thursday,8,Punjab,Lahore,National Highway,Good,Clear,Daylight,Motorcycle,1,Road Condition,1,0,0,0,3,1,Medium
2020,8,Friday,15,KPK,Mansehra,National Highway,Good,Clear,Daylight,Motorcycle,2,Wrong Overtaking,0,0,0,0,5,1,Medium
2018,11,Sunday,7,Sindh,Karachi,National Highway,Good,Foggy,Dawn/Dusk,Motorcycle,2,Over Speeding,1,1,0,1,11,2,High
2023,5,Monday,13,Punjab,Multan,Provincial Highway,Poor,Clear,Daylight,Motorcycle,2,Mobile Phone Use,1,0,0,0,4,0,Medium
2023,3,Friday,17,Punjab,Rahim Yar Khan,Rural Road,Average,Clear,Daylight,Truck/Lorry,2,Over Speeding,1,0,0,0,2,0,Low
2021,12,Saturday,21,Punjab,Sialkot,Urban Road,Under Repair,Dusty/Smoggy,No Light,Car/Taxi,2,Mechanical Failure,0,1,0,1,1,0,Low