year,month,day_of_week,hour_of_day,province,district,road_type,road_condition,weather_condition,lighting_condition,vehicle_type,vehicles_involved,accident_cause,is_rush_hour,is_weekend,is_night,is_foggy_month,num_injured,num_killed,severity
2022,5,Wednesday,18,Balochistan,Turbat,Rural Road,Average,Clear,Daylight,Rickshaw,2,Over Speeding,1,0,0,0,0,0,Low
2021,12,Tuesday,19,Balochistan,Hub,Rural Road,Good,Extreme Heat,Dawn/Dusk,Bicycle,1,Over Speeding,1,0,0,1,4,0,Medium
2021,9,Saturday,2,Sindh,Kashmore,National Highway,Good,Clear,Street Light,Truck/Lorry,2,Mechanical Failure,0,1,1,0,9,0,High
2021,7,Sunday,17,Punjab,Multan,Rural Road,Good,Clear,Daylight,Bus/Coach,1,Pedestrian Error,1,1,0,0,2,0,Low
2022,4,Friday,18,Balochistan,Khuzdar,Provincial Highway,Good,Clear,Daylight,Van/Pickup,1,Mobile Phone Use,1,0,0,0,0,0,Low
2021,6,Friday,20,Sindh,Kashmore,Provincial Highway,Poor,Dusty/Smoggy,Street Light,Truck/Lorry,2,Mechanical Failure,1,0,0,0,5,2,Medium
2021,3,Friday,0,Sindh,Nawabshah,Rural Road,Good,Clear,No Light,Car/Taxi,1,Road Condition,0,0,1,0,2,0,Low
2018,1,Tuesday,6,Punjab,Sargodha,National Highway,Average,Clear,Daylight,Truck/Lorry,4,Road Condition,0,0,0,1,3,2,Medium
2019,8,Saturday,19,Punjab,Faisalabad,Provincial Highway,Average,Foggy,Street Light,Car/Taxi,2,Over Speeding,1,1,0,0,2,1,Medium
2022,3,Thursday,19,Sindh,Nawabshah,National Highway,Average,Clear,Street Light,Car/Taxi,3,Driver Fatigue,1,0,0,0,1,1,Medium
2022,7,Sunday,21,Sindh,Kashmore,National Highway,Good,Clear,No Light,Car/Taxi,2,Wrong Overtaking,0,1,0,0,1,0,Low
2020,1,Saturday,6,Sindh,Karachi,Rural Road,Good,Foggy,Daylight,Truck/Lorry,1,Wrong Overtaking,0,1,0,1,3,2,Medium
2020,11,Wednesday,7,Balochistan,Dera Bugti,Provincial Highway,Average,Clear,Street Light,Bus/Coach,1,Drunk Driving,1,0,0,1,11,0,High
2019,9,Tuesday,20,Punjab,Multan,Rural Road,Average,Clear,No Light,Car/Taxi,3,Mechanical Failure,1,0,0,0,1,0,Low
2022,12,Tuesday,12,Sindh,Nawabshah,National Highway,Poor,Clear,Daylight,Motorcycle,1,Road Condition,1,0,0,1,5,0,Medium
2023,12,Friday,17,Punjab,Rawalpindi,National Highway,Good,Clear,Dawn/Dusk,Motorcycle,2,Pedestrian Error,1,0,0,1,4,1,High
2020,4,Wednesday,12,KPK,Bannu,Rural Road,Good,Foggy,Daylight,Car/Taxi,2,Mechanical Failure,1,0,0,0,0,0,Low
2023,5,Saturday,14,Punjab,Rawalpindi,Rural Road,Poor,Clear,Street Light,Rickshaw,2,Pedestrian Error,0,1,0,0,0,0,Low
2022,6,Thursday,1,Punjab,Multan,Urban Road,Good,Extreme Heat,No Light,Motorcycle,2,Signal Violation,0,0,1,0,2,0,Medium
2022,11,Thursday,23,KPK,Kohat,National Highway,Good,Clear,No Light,Bus/Coach,1,Over Speeding,0,0,1,1,7,2,High
2021,1,Saturday,11,Punjab,Rahim Yar Khan,Urban Road,Poor,Clear,Dawn/Dusk,Rickshaw,2,Wrong Overtaking,0,1,0,1,0,0,Low
2020,12,Thursday,8,Sindh,Thatta,Rural Road,Average,Clear,Daylight,Motorcycle,2,Wrong Overtaking,1,0,0,1,1,0,Low
2022,5,Monday,3,AJK,Mirpur,Provincial Highway,Poor,Clear,No Light,Motorcycle,3,Wrong Overtaking,0,0,1,0,9,2,High
2022,12,Friday,22,Sindh,Hyderabad,National Highway,Average,Clear,Street Light,Bus/Coach,2,Wrong Overtaking,0,0,1,1,9,1,High
2023,8,Saturday,20,Punjab,Multan,Provincial Highway,Good,Foggy,No Light,Rickshaw,2,Over Speeding,1,1,0,0,2,1,Medium
2019,9,Friday,11,Punjab,Faisalabad,Urban Road,Average,Foggy,Daylight,Car/Taxi,2,Road Condition,0,0,0,0,1,0,Low
2018,6,Monday,19,KPK,Abbottabad,Rural Road,Poor,Dusty/Smoggy,Dawn/Dusk,Motorcycle,4,Over Speeding,1,0,0,0,5,2,Medium
2019,9,Monday,19,Punjab,Rawalpindi,Rural Road,Good,Clear,Dawn/Dusk,Motorcycle,2,Wrong Overtaking,1,0,0,0,3,0,Medium
2019,7,Monday,2,KPK,Nowshera,Urban Road,Good,Clear,No Light,Bus/Coach,2,Signal Violation,0,0,1,0,4,0,Medium
2021,3,Sunday,13,KPK,Kohat,National Highway,Average,Foggy,Daylight,Car/Taxi,2,Road Condition,1,1,0,0,1,0,Low
2023,10,Saturday,10,Sindh,Hyderabad,Rural Road,Good,Clear,Street Light,Motorcycle,2,Driver Fatigue,0,1,0,0,3,0,Medium
2021,5,Saturday,1,KPK,Mansehra,Urban Road,Average,Clear,No Light,Motorcycle,2,Over Speeding,0,1,1,0,2,1,Medium
2023,2,Saturday,7,Punjab,Multan,Provincial Highway,Poor,Rainy,Daylight,Car/Taxi,2,Signal Violation,1,1,0,1,3,1,Medium
2022,2,Friday,20,Sindh,Hyderabad,National Highway,Good,Extreme Heat,Street Light,Van/Pickup,3,Over Speeding,1,0,0,1,2,3,High
2021,9,Tuesday,10,KPK,Abbottabad,Provincial Highway,Poor,Dusty/Smoggy,Daylight,Motorcycle,3,Over Speeding,0,0,0,0,3,1,Medium
2020,6,Tuesday,20,Punjab,Faisalabad,Provincial Highway,Average,Clear,No Light,Car/Taxi,1,Signal Violation,1,0,0,0,0,0,Low
2022,10,Thursday,14,Punjab,Multan,Urban Road,Good,Rainy,Daylight,Truck/Lorry,2,Wrong Overtaking,0,0,0,0,3,0,Medium
2023,6,Thursday,14,Sindh,Sukkur,Provincial Highway,Poor,Clear,Daylight,Motorcycle,2,Wrong Overtaking,0,0,0,0,4,0,Medium
2023,10,Saturday,21,Sindh,Thatta,Urban Road,Good,Clear,Street Light,Motorcycle,3,Driver Fatigue,0,1,0,0,5,2,High
2022,1,Wednesday,19,Sindh,Larkana,Provincial Highway,Poor,Foggy,No Light,Van/Pickup,1,Road Condition,1,0,0,1,1,0,Low
2021,2,Thursday,18,KPK,Dera Ismail Khan,Provincial Highway,Good,Foggy,Dawn/Dusk,Van/Pickup,3,Pedestrian Error,1,0,0,1,1,0,Low
2023,6,Saturday,5,Sindh,Sukkur,Rural Road,Good,Dusty/Smoggy,Dawn/Dusk,Rickshaw,1,Road Condition,0,1,1,0,2,0,Low
2022,7,Tuesday,16,Balochistan,Dera Bugti,Provincial Highway,Average,Foggy,Street Light,Car/Taxi,4,Wrong Overtaking,0,0,0,0,2,0,Low
2022,10,Tuesday,13,KPK,Bannu,Motorway,Poor,Rainy,Street Light,Motorcycle,2,Signal Violation,1,0,0,0,8,1,High
2020,11,Friday,11,Punjab,Sheikhupura,Provincial Highway,Average,Clear,No Light,Motorcycle,2,Wrong Overtaking,0,0,0,1,2,1,Medium
2021,12,Wednesday,8,Punjab,Rawalpindi,Motorway,Poor,Clear,Daylight,Car/Taxi,1,Wrong Overtaking,1,0,0,1,1,0,Low
2023,6,Sunday,16,KPK,Swat,National Highway,Under Repair,Clear,Dawn/Dusk,Bicycle,1,Mechanical Failure,0,1,0,0,7,3,High
2019,11,Friday,15,Balochistan,Loralai,Urban Road,Good,Clear,Street Light,Motorcycle,2,Road Condition,0,0,0,1,1,1,Medium
2021,5,Wednesday,11,Punjab,Rawalpindi,National Highway,Poor,Clear,Daylight,Motorcycle,2,Driver Fatigue,0,0,0,0,10,0,High
2018,5,Friday,8,Sindh,Kashmore,Provincial Highway,Good,Clear,Daylight,Motorcycle,2,Pedestrian Error,1,0,0,0,5,0,Medium
2022,8,Friday,7,Punjab,Sheikhupura,Provincial Highway,Average,Foggy,Daylight,Car/Taxi,2,Over Speeding,1,0,0,0,7,2,High
2018,12,Friday,17,Punjab,Sargodha,Rural Road,Good,Rainy,Daylight,Car/Taxi,1,Pedestrian Error,1,0,0,1,2,0,Low
2023,1,Thursday,22,KPK,Mansehra,Motorway,Good,Foggy,No Light,Car/Taxi,1,Wrong Overtaking,0,0,1,1,11,1,High
2023,7,Tuesday,14,Punjab,Sialkot,Rural Road,Average,Clear,Street Light,Motorcycle,2,Signal Violation,0,0,0,0,1,2,Medium
2021,1,Thursday,6,KPK,Charsadda,National Highway,Good,Clear,Daylight,Truck/Lorry,1,Wrong Overtaking,0,0,0,1,6,0,High
2021,8,Tuesday,12,Balochistan,Sibi,Urban Road,Under Repair,Clear,Daylight,Motorcycle,1,Signal Violation,1,0,0,0,0,0,Low
2022,6,Friday,8,Islamabad,Islamabad,Provincial Highway,Good,Clear,Daylight,Truck/Lorry,1,Signal Violation,1,0,0,0,1,1,Medium
2018,12,Thursday,20,Punjab,Rawalpindi,National Highway,Poor,Clear,No Light,Bus/Coach,2,Over Speeding,1,0,0,1,2,0,Medium
2022,3,Thursday,18,KPK,Abbottabad,Urban Road,Average,Rainy,Daylight,Motorcycle,2,Over Speeding,1,0,0,0,3,0,Medium
2023,7,Friday,21,Islamabad,Islamabad,Provincial Highway,Average,Clear,No Light,Motorcycle,3,Road Condition,0,0,0,0,2,0,Low
2021,12,Sunday,9,Punjab,Bahawalpur,Rural Road,Average,Clear,Daylight,Motorcycle,1,Over Speeding,1,1,0,1,5,0,High
2023,7,Wednesday,12,Punjab,Rawalpindi,Provincial Highway,Under Repair,Foggy,Daylight,Car/Taxi,1,Driver Fatigue,1,0,0,0,2,0,Medium
2018,12,Tuesday,16,Balochistan,Gwadar,Rural Road,Poor,Clear,Daylight,Motorcycle,1,Drunk Driving,0,0,0,1,3,0,Medium
2023,12,Saturday,10,Punjab,Sargodha,National Highway,Good,Clear,Daylight,Rickshaw,2,Mobile Phone Use,0,1,0,1,5,0,Medium
2020,2,Thursday,12,Islamabad,Islamabad,National Highway,Poor,Clear,Daylight,Bus/Coach,2,Signal Violation,1,0,0,1,3,0,Medium
2023,12,Thursday,8,Sindh,Jacobabad,Provincial Highway,Average,Dusty/Smoggy,Dawn/Dusk,Motorcycle,3,Road Condition,1,0,0,1,1,0,Low
2022,7,Tuesday,13,Punjab,Faisalabad,National Highway,Good,Rainy,Daylight,Car/Taxi,1,Mechanical Failure,1,0,0,0,1,0,Low
2019,6,Monday,20,Sindh,Hyderabad,Urban Road,Good,Clear,Street Light,Motorcycle,1,Road Condition,1,0,0,0,0,0,Low
2023,12,Saturday,10,Punjab,Multan,Rural Road,Poor,Foggy,Dawn/Dusk,Truck/Lorry,2,Road Condition,0,1,0,1,4,0,Medium
2023,4,Saturday,17,Punjab,Gujranwala,Provincial Highway,Under Repair,Clear,Daylight,Motorcycle,3,Over Speeding,1,1,0,0,5,0,Medium
2023,8,Saturday,9,Sindh,Nawabshah,National Highway,Poor,Clear,Street Light,Car/Taxi,1,Pedestrian Error,1,1,0,0,2,0,Low
2022,5,Thursday,12,Sindh,Jacobabad,Provincial Highway,Good,Rainy,Daylight,Rickshaw,2,Signal Violation,1,0,0,0,4,0,Medium
2019,6,Wednesday,9,Sindh,Sukkur,Provincial Highway,Good,Clear,Dawn/Dusk,Car/Taxi,3,Over Speeding,1,0,0,0,2,0,Low
2023,2,Monday,3,Punjab,Lahore,National Highway,Poor,Clear,No Light,Motorcycle,2,Over Speeding,0,0,1,1,4,1,High
2021,6,Monday,19,KPK,Mardan,National Highway,Good,Clear,Street Light,Motorcycle,1,Mechanical Failure,1,0,0,0,4,2,High
2022,2,Monday,20,Sindh,Karachi,Provincial Highway,Good,Foggy,No Light,Motorcycle,3,Wrong Overtaking,1,0,0,1,10,0,High
2020,9,Sunday,20,KPK,Mardan,Motorway,Good,Clear,No Light,Car/Taxi,1,Pedestrian Error,1,1,0,0,3,1,Medium
2022,4,Monday,22,KPK,Mansehra,Rural Road,Poor,Clear,Street Light,Car/Taxi,4,Over Speeding,0,0,1,0,1,0,Low
2020,6,Thursday,18,Punjab,Rahim Yar Khan,Motorway,Average,Foggy,Street Light,Motorcycle,1,Pedestrian Error,1,0,0,0,5,2,Medium
2020,1,Monday,6,Punjab,Sargodha,National Highway,Good,Clear,Daylight,Motorcycle,3,Wrong Overtaking,0,0,0,1,9,2,High
2019,6,Wednesday,16,Balochistan,Chaman,Rural Road,Good,Clear,Daylight,Car/Taxi,2,Signal Violation,0,0,0,0,0,0,Low
2023,6,Wednesday,7,KPK,Charsadda,Provincial Highway,Under Repair,Foggy,Street Light,Car/Taxi,2,Pedestrian Error,1,0,0,0,2,0,Low
2019,5,Saturday,22,Punjab,Rahim Yar Khan,Rural Road,Poor,Clear,No Light,Motorcycle,3,Signal Violation,0,1,1,0,3,1,High
2020,1,Thursday,14,KPK,Nowshera,National Highway,Poor,Extreme Heat,Street Light,Truck/Lorry,3,Pedestrian Error,0,0,0,1,2,0,Medium
2022,1,Friday,22,Punjab,Faisalabad,Provincial Highway,Poor,Clear,No Light,Car/Taxi,2,Over Speeding,0,0,1,1,2,4,High
2022,6,Saturday,1,Punjab,Sheikhupura,National Highway,Good,Clear,No Light,Car/Taxi,3,Signal Violation,0,1,1,0,5,0,Medium
2021,11,Wednesday,12,Sindh,Mirpur Khas,National Highway,Good,Rainy,Dawn/Dusk,Van/Pickup,2,Over Speeding,1,0,0,1,10,3,High
2023,11,Wednesday,13,Punjab,Multan,Provincial Highway,Average,Foggy,Daylight,Bicycle,1,Over Speeding,1,0,0,1,10,1,High
2019,1,Friday,13,Islamabad,Islamabad,National Highway,Good,Clear,Dawn/Dusk,Rickshaw,3,Over Speeding,1,0,0,1,1,1,Medium
2018,12,Sunday,8,Balochistan,Turbat,Urban Road,Average,Foggy,Dawn/Dusk,Motorcycle,3,Mechanical Failure,1,1,0,1,2,0,Medium
2019,11,Saturday,7,Sindh,Thatta,Provincial Highway,Poor,Clear,Daylight,Car/Taxi,2,Pedestrian Error,1,1,0,1,1,0,Low
2018,12,Thursday,7,Punjab,Rahim Yar Khan,Urban Road,Average,Foggy,Daylight,Other,1,Wrong Overtaking,1,0,0,1,1,0,Low
2023,12,Friday,20,Punjab,Multan,Urban Road,Good,Clear,Street Light,Rickshaw,2,Wrong Overtaking,1,0,0,1,0,0,Low
2019,5,Saturday,20,Punjab,Lahore,Urban Road,Good,Clear,No Light,Motorcycle,2,Road Condition,1,1,0,0,5,0,Medium
2023,1,Tuesday,19,Sindh,Nawabshah,Motorway,Good,Foggy,No Light,Motorcycle,2,Road Condition,1,0,0,1,2,1,Medium
2019,8,Saturday,10,Punjab,Multan,National Highway,Poor,Foggy,Daylight,Motorcycle,3,Mechanical Failure,0,1,0,0,4,0,High
2019,8,Monday,13,Sindh,Jacobabad,Rural Road,Poor,Rainy,Daylight,Bus/Coach,3,Road Condition,1,0,0,0,1,0,Medium
2023,11,Tuesday,11,Sindh,Jacobabad,Urban Road,Average,Clear,Daylight,Rickshaw,2,Mechanical Failure,0,0,0,1,1,0,Low
2019,2,Friday,20,Islamabad,Islamabad,Provincial Highway,Under Repair,Clear,Street Light,Motorcycle,2,Over Speeding,1,0,0,1,9,4,High
2021,7,Monday,18,Islamabad,Islamabad,National Highway,Good,Clear,Daylight,Car/Taxi,3,Signal Violation,1,0,0,0,1,2,Medium
2018,3,Monday,14,Sindh,Kashmore,National Highway,Poor,Clear,Daylight,Bus/Coach,1,Over Speeding,0,0,0,0,3,0,Medium
2018,4,Friday,14,Sindh,Mirpur Khas,National Highway,Good,Clear,Daylight,Car/Taxi,2,Over Speeding,0,0,0,0,1,1,Medium
2018,6,Tuesday,8,Punjab,Sheikhupura,Provincial Highway,Average,Clear,Daylight,Motorcycle,2,Pedestrian Error,1,0,0,0,3,1,Medium
2020,2,Friday,14,Punjab,Sargodha,Urban Road,Average,Rainy,Daylight,Van/Pickup,2,Road Condition,0,0,0,1,1,0,Low
2023,3,Monday,9,Balochistan,Dera Bugti,Rural Road,Good,Foggy,Daylight,Car/Taxi,3,Over Speeding,1,0,0,0,2,1,Low
2020,5,Monday,19,KPK,Kohat,Urban Road,Good,Clear,No Light,Rickshaw,2,Road Condition,1,0,0,0,0,0,Low
2018,11,Wednesday,20,Punjab,Bahawalpur,Urban Road,Average,Rainy,Street Light,Motorcycle,1,Over Speeding,1,0,0,1,4,3,High
2018,6,Monday,5,Sindh,Kashmore,Motorway,Good,Clear,No Light,Car/Taxi,3,Signal Violation,0,0,1,0,11,1,High
2019,8,Sunday,16,Islamabad,Islamabad,Motorway,Good,Foggy,Daylight,Motorcycle,1,Driver Fatigue,0,1,0,0,4,0,High
2022,7,Monday,13,Punjab,Faisalabad,Motorway,Good,Foggy,Daylight,Motorcycle,1,Road Condition,1,0,0,0,5,2,Medium
2019,2,Sunday,15,Punjab,Sialkot,Provincial Highway,Good,Clear,Daylight,Car/Taxi,2,Signal Violation,0,1,0,1,2,0,Low
2022,7,Monday,20,Islamabad,Islamabad,National Highway,Good,Clear,No Light,Motorcycle,1,Wrong Overtaking,1,0,0,0,3,0,Medium
2023,7,Sunday,5,Sindh,Thatta,Rural Road,Poor,Foggy,No Light,Motorcycle,2,Pedestrian Error,0,1,1,0,2,1,Medium
2023,1,Thursday,21,Punjab,Sargodha,National Highway,Good,Foggy,Street Light,Car/Taxi,2,Signal Violation,0,0,0,1,3,0,Medium
2020,4,Wednesday,12,Punjab,Multan,National Highway,Good,Rainy,Daylight,Motorcycle,2,Drunk Driving,1,0,0,0,8,1,High
2021,10,Monday,1,Balochistan,Quetta,Provincial Highway,Average,Foggy,No Light,Truck/Lorry,2,Pedestrian Error,0,0,1,0,1,2,Medium
2023,7,Monday,14,Balochistan,Khuzdar,National Highway,Poor,Clear,Daylight,Motorcycle,1,Wrong Overtaking,0,0,0,0,5,0,Medium
2019,12,Sunday,12,Punjab,Gujranwala,Provincial Highway,Poor,Clear,Daylight,Bus/Coach,4,Over Speeding,1,1,0,1,1,0,Medium
2022,7,Saturday,19,Punjab,Sialkot,National Highway,Good,Clear,Dawn/Dusk,Motorcycle,2,Driver Fatigue,1,1,0,0,6,2,High
2023,9,Monday,20,Sindh,Sukkur,Motorway,Good,Clear,No Light,Motorcycle,2,Wrong Overtaking,1,0,0,0,3,1,High
2022,6,Sunday,17,Punjab,Faisalabad,Rural Road,Good,Clear,Daylight,Truck/Lorry,1,Over Speeding,1,1,0,0,4,0,Medium
2019,11,Wednesday,7,Punjab,Rawalpindi,National Highway,Good,Clear,No Light,Motorcycle,2,Drunk Driving,1,0,0,1,5,1,High
2022,2,Sunday,23,Punjab,Gujranwala,National Highway,Good,Clear,Street Light,Truck/Lorry,3,Driver Fatigue,0,1,1,1,3,1,High
2021,11,Saturday,6,Punjab,Rawalpindi,Provincial Highway,Average,Foggy,Daylight,Bicycle,2,Over Speeding,0,1,0,1,9,2,High
2019,1,Saturday,5,Islamabad,Islamabad,Provincial Highway,Good,Clear,Dawn/Dusk,Rickshaw,3,Wrong Overtaking,0,1,1,1,1,1,Medium
2021,11,Thursday,17,Punjab,Bahawalpur,National Highway,Good,Rainy,Daylight,Motorcycle,1,Mechanical Failure,1,0,0,1,3,1,High
2021,7,Friday,9,Punjab,Sargodha,Rural Road,Good,Extreme Heat,Daylight,Bus/Coach,2,Road Condition,1,0,0,0,2,0,Low
2021,9,Thursday,0,Punjab,Sheikhupura,Provincial Highway,Average,Clear,No Light,Motorcycle,2,Over Speeding,0,0,1,0,10,1,High
2023,4,Tuesday,18,KPK,Abbottabad,Rural Road,Average,Clear,Street Light,Truck/Lorry,2,Road Condition,1,0,0,0,2,0,Low
2019,8,Thursday,13,Punjab,Bahawalpur,Urban Road,Poor,Rainy,Street Light,Bicycle,2,Road Condition,1,0,0,0,1,0,Medium
2023,11,Sunday,7,Sindh,Dadu,Provincial Highway,Average,Extreme Heat,Daylight,Motorcycle,1,Wrong Overtaking,1,1,0,1,1,0,Medium
2022,7,Monday,14,KPK,Charsadda,Provincial Highway,Good,Clear,Daylight,Motorcycle,2,Over Speeding,0,0,0,0,7,0,High
2022,1,Monday,15,Islamabad,Islamabad,Provincial Highway,Under Repair,Foggy,Daylight,Van/Pickup,2,Wrong Overtaking,0,0,0,1,4,0,Medium
2023,5,Saturday,8,KPK,Kohat,National Highway,Average,Clear,Daylight,Car/Taxi,2,Road Condition,1,1,0,0,0,0,Low
2019,10,Tuesday,13,Punjab,Sialkot,Provincial Highway,Good,Rainy,Daylight,Rickshaw,1,Mechanical Failure,1,0,0,0,0,0,Low
2022,7,Monday,13,Punjab,Rahim Yar Khan,National Highway,Average,Clear,Daylight,Car/Taxi,2,Signal Violation,1,0,0,0,1,1,Medium
2023,8,Sunday,23,KPK,Bannu,Urban Road,Average,Foggy,Street Light,Car/Taxi,2,Drunk Driving,0,1,1,0,3,2,Medium
2019,6,Monday,18,Punjab,Faisalabad,National Highway,Average,Clear,Daylight,Car/Taxi,2,Over Speeding,1,0,0,0,1,1,Medium
2023,1,Saturday,19,Sindh,Dadu,Rural Road,Average,Clear,Dawn/Dusk,Car/Taxi,1,Pedestrian Error,1,1,0,1,1,0,Low
2021,4,Thursday,17,AJK,Muzaffarabad,Provincial Highway,Good,Foggy,Daylight,Motorcycle,1,Wrong Overtaking,1,0,0,0,2,2,High
2023,7,Tuesday,16,KPK,Dera Ismail Khan,Urban Road,Good,Foggy,Daylight,Bicycle,2,Over Speeding,0,0,0,0,2,1,High
2019,7,Saturday,8,Balochistan,Zhob,Urban Road,Good,Clear,Street Light,Truck/Lorry,2,Over Speeding,1,1,0,0,1,1,Low
2023,2,Wednesday,7,Balochistan,Quetta,National Highway,Good,Dusty/Smoggy,Daylight,Motorcycle,2,Signal Violation,1,0,0,1,3,1,High
2023,5,Friday,9,Sindh,Karachi,Urban Road,Good,Rainy,Daylight,Van/Pickup,2,Road Condition,1,0,0,0,2,0,Low
2019,12,Wednesday,17,KPK,Abbottabad,Urban Road,Average,Rainy,Daylight,Motorcycle,2,Over Speeding,1,0,0,1,6,3,High
2019,7,Saturday,12,Punjab,Multan,Rural Road,Poor,Clear,Daylight,Rickshaw,2,Wrong Overtaking,1,1,0,0,0,0,Low
2022,4,Monday,17,Gilgit-Baltistan,Skardu,Urban Road,Good,Clear,Daylight,Motorcycle,3,Over Speeding,1,0,0,0,4,0,Medium
2020,6,Sunday,9,Punjab,Rahim Yar Khan,Urban Road,Poor,Clear,Dawn/Dusk,Other,2,Mobile Phone Use,1,1,0,0,2,0,Low
2021,9,Tuesday,21,Sindh,Mirpur Khas,Rural Road,Poor,Foggy,No Light,Bus/Coach,1,Wrong Overtaking,0,0,0,0,1,0,Low
2022,8,Tuesday,18,Punjab,Sialkot,Urban Road,Under Repair,Clear,Daylight,Car/Taxi,1,Over Speeding,1,0,0,0,0,0,Low
2018,12,Saturday,13,Punjab,Multan,Urban Road,Poor,Dusty/Smoggy,Dawn/Dusk,Van/Pickup,2,Wrong Overtaking,1,1,0,1,0,1,Low
2019,4,Wednesday,11,Sindh,Jacobabad,National Highway,Poor,Clear,Daylight,Car/Taxi,4,Driver Fatigue,0,0,0,0,3,0,Medium
2019,3,Monday,21,Punjab,Faisalabad,National Highway,Good,Extreme Heat,No Light,Bus/Coach,2,Over Speeding,0,0,0,0,3,1,Medium
2023,1,Wednesday,1,Sindh,Thatta,Urban Road,Good,Clear,Street Light,Car/Taxi,3,Wrong Overtaking,0,0,1,1,0,0,Low
2021,1,Wednesday,2,Sindh,Larkana,Rural Road,Good,Foggy,Street Light,Van/Pickup,1,Signal Violation,0,0,1,1,4,0,Medium
2019,4,Wednesday,20,Sindh,Nawabshah,Rural Road,Poor,Foggy,No Light,Motorcycle,1,Signal Violation,1,0,0,0,2,0,Medium
2023,8,Thursday,9,Punjab,Rahim Yar Khan,Rural Road,Poor,Clear,Daylight,Car/Taxi,1,Wrong Overtaking,1,0,0,0,1,0,Low
2023,6,Friday,18,Sindh,Karachi,National Highway,Under Repair,Foggy,No Light,Motorcycle,2,Wrong Overtaking,1,0,0,0,5,1,High
2018,3,Monday,19,KPK,Mardan,Rural Road,Under Repair,Rainy,No Light,Car/Taxi,3,Wrong Overtaking,1,0,0,0,0,0,Low
2022,10,Sunday,13,Punjab,Multan,Urban Road,Average,Clear,Daylight,Car/Taxi,4,Over Speeding,1,1,0,0,1,0,Low
2018,7,Friday,6,Sindh,Kashmore,Urban Road,Average,Clear,Daylight,Motorcycle,3,Over Speeding,0,0,0,0,6,0,High
2023,6,Friday,17,Sindh,Dadu,National Highway,Poor,Extreme Heat,Daylight,Motorcycle,2,Over Speeding,1,0,0,0,8,2,High
2018,1,Saturday,0,Balochistan,Quetta,National Highway,Good,Foggy,No Light,Motorcycle,2,Mechanical Failure,0,1,1,1,10,2,High
2018,7,Wednesday,13,Sindh,Karachi,National Highway,Good,Rainy,Dawn/Dusk,Motorcycle,1,Signal Violation,1,0,0,0,8,0,High
2019,5,Tuesday,7,Punjab,Sargodha,National Highway,Good,Clear,Daylight,Motorcycle,2,Mobile Phone Use,1,0,0,0,4,1,Medium
2022,2,Friday,16,Balochistan,Dera Bugti,National Highway,Good,Dusty/Smoggy,Daylight,Rickshaw,4,Over Speeding,0,0,0,1,5,0,Medium
2023,12,Saturday,18,KPK,Charsadda,Urban Road,Good,Foggy,Daylight,Motorcycle,2,Wrong Overtaking,1,1,0,1,3,0,Medium
2023,6,Friday,20,KPK,Nowshera,Rural Road,Good,Clear,No Light,Rickshaw,1,Pedestrian Error,1,0,0,0,1,0,Low
2023,9,Thursday,20,Sindh,Sukkur,Provincial Highway,Good,Clear,No Light,Car/Taxi,1,Driver Fatigue,1,0,0,0,5,1,Medium
2022,12,Friday,19,KPK,Charsadda,Rural Road,Average,Clear,Dawn/Dusk,Motorcycle,3,Pedestrian Error,1,0,0,1,1,0,Low
2019,10,Friday,12,Sindh,Thatta,National Highway,Average,Clear,Daylight,Van/Pickup,2,Mobile Phone Use,1,0,0,0,3,1,Medium
2018,12,Saturday,20,KPK,Kohat,Provincial Highway,Under Repair,Foggy,Street Light,Motorcycle,4,Drunk Driving,1,1,0,1,8,0,High
2021,9,Wednesday,12,Balochistan,Chaman,National Highway,Average,Clear,Daylight,Motorcycle,1,Wrong Overtaking,1,0,0,0,9,0,High
2023,10,Saturday,19,Balochistan,Turbat,Provincial Highway,Poor,Clear,Street Light,Bus/Coach,2,Mechanical Failure,1,1,0,0,1,0,Medium
2023,1,Friday,9,Sindh,Dadu,Urban Road,Poor,Extreme Heat,Daylight,Car/Taxi,4,Over Speeding,1,0,0,1,1,0,Low
2021,7,Tuesday,11,Balochistan,Hub,Rural Road,Average,Foggy,Daylight,Motorcycle,3,Pedestrian Error,0,0,0,0,1,1,Medium
2022,9,Saturday,9,Punjab,Rawalpindi,Provincial Highway,Good,Clear,Daylight,Car/Taxi,2,Wrong Overtaking,1,1,0,0,1,0,Low
2022,8,Saturday,13,Punjab,Sialkot,National Highway,Good,Clear,Dawn/Dusk,Truck/Lorry,3,Signal Violation,1,1,0,0,4,0,Medium
2023,2,Saturday,19,Sindh,Nawabshah,National Highway,Poor,Foggy,Dawn/Dusk,Motorcycle,2,Wrong Overtaking,1,1,0,1,11,1,High
2020,11,Friday,18,Sindh,Sukkur,Urban Road,Good,Clear,Street Light,Car/Taxi,2,Mechanical Failure,1,0,0,1,2,0,Low
2020,7,Tuesday,17,Punjab,Sargodha,Provincial Highway,Good,Clear,Daylight,Rickshaw,2,Mechanical Failure,1,0,0,0,1,0,Low
2022,5,Saturday,19,Sindh,Thatta,Urban Road,Good,Clear,Dawn/Dusk,Motorcycle,1,Mechanical Failure,1,1,0,0,1,0,Medium
2020,3,Sunday,8,Punjab,Faisalabad,Urban Road,Average,Clear,No Light,Truck/Lorry,2,Signal Violation,1,1,0,0,2,0,Low