year,month,day_of_week,hour_of_day,province,district,road_type,road_condition,weather_condition,lighting_condition,vehicle_type,vehicles_involved,accident_cause,is_rush_hour,is_weekend,is_night,is_foggy_month,num_injured,num_killed,severity
2020,5,Monday,6,Sindh,Karachi,National Highway,Average,Clear,Daylight,Motorcycle,1,Road Condition,0,0,0,0,3,0,High
2023,12,Friday,21,Balochistan,Dera Bugti,Rural Road,Average,Clear,No Light,Rickshaw,2,Over Speeding,0,0,0,1,1,0,Low
2020,2,Saturday,10,KPK,Bannu,National Highway,Good,Clear,Daylight,Rickshaw,3,Wrong Overtaking,0,1,0,1,5,1,Medium
2023,4,Saturday,12,Punjab,Rahim Yar Khan,Urban Road,Average,Dusty/Smoggy,Daylight,Motorcycle,3,Mechanical Failure,1,1,0,0,0,0,Low
2021,10,Wednesday,9,Gilgit-Baltistan,Skardu,Provincial Highway,Good,Clear,Daylight,Truck/Lorry,1,Signal Violation,1,0,0,0,3,0,Medium
2018,12,Sunday,19,KPK,Charsadda,Urban Road,Average,Extreme Heat,Dawn/Dusk,Car/Taxi,2,Pedestrian Error,1,1,0,1,1,0,Low
2022,12,Tuesday,4,KPK,Mardan,Provincial Highway,Average,Foggy,Street Light,Motorcycle,2,Road Condition,0,0,1,1,11,1,High
2023,3,Wednesday,16,KPK,Dera Ismail Khan,Provincial Highway,Good,Clear,Daylight,Rickshaw,2,Driver Fatigue,0,0,0,0,2,1,Low
2023,5,Saturday,8,AJK,Rawalakot,Urban Road,Average,Foggy,Daylight,Motorcycle,2,Wrong Overtaking,1,1,0,0,4,2,Medium
2020,11,Monday,19,KPK,Kohat,Provincial Highway,Average,Clear,Dawn/Dusk,Motorcycle,2,Over Speeding,1,0,0,1,1,2,Medium
2019,12,Monday,8,Sindh,Hyderabad,Urban Road,Poor,Extreme Heat,Daylight,Motorcycle,3,Signal Violation,1,0,0,1,0,0,Low
2019,6,Monday,21,Punjab,Sheikhupura,National Highway,Good,Extreme Heat,No Light,Motorcycle,2,Drunk Driving,0,0,0,0,3,1,High
2021,5,Monday,13,KPK,Abbottabad,Urban Road,Average,Foggy,Daylight,Car/Taxi,1,Road Condition,1,0,0,0,2,0,Low
2021,10,Friday,8,Sindh,Jacobabad,Provincial Highway,Good,Extreme Heat,Daylight,Car/Taxi,2,Over Speeding,1,0,0,0,1,0,Low
2023,1,Monday,12,Sindh,Hyderabad,Urban Road,Average,Clear,Daylight,Bicycle,3,Driver Fatigue,1,0,0,1,5,1,Medium
2021,5,Wednesday,18,Punjab,Faisalabad,Provincial Highway,Good,Clear,Daylight,Motorcycle,2,Over Speeding,1,0,0,0,11,3,High
2022,7,Tuesday,5,Sindh,Jacobabad,Urban Road,Good,Clear,Daylight,Motorcycle,1,Pedestrian Error,0,0,1,0,3,1,Medium
2023,3,Sunday,8,Sindh,Karachi,Rural Road,Average,Rainy,Daylight,Motorcycle,1,Mechanical Failure,1,1,0,0,5,0,Medium
2021,3,Monday,21,KPK,Abbottabad,National Highway,Good,Foggy,No Light,Motorcycle,3,Over Speeding,0,0,0,0,4,1,High
2020,10,Saturday,16,KPK,Mardan,Provincial Highway,Poor,Clear,Daylight,Motorcycle,2,Mobile Phone Use,0,1,0,0,4,0,Medium
2019,7,Sunday,19,Punjab,Multan,National Highway,Average,Clear,Dawn/Dusk,Motorcycle,3,Driver Fatigue,1,1,0,0,9,1,High
2020,12,Sunday,8,Punjab,Multan,National Highway,Poor,Clear,No Light,Motorcycle,1,Pedestrian Error,1,1,0,1,9,1,High
2021,1,Sunday,20,Punjab,Rahim Yar Khan,Urban Road,Poor,Clear,Street Light,Motorcycle,1,Wrong Overtaking,1,1,0,1,5,1,Medium
2022,7,Monday,16,Punjab,Lahore,Motorway,Average,Rainy,No Light,Other,2,Signal Violation,0,0,0,0,5,1,Medium
2020,7,Monday,5,Punjab,Gujranwala,National Highway,Good,Clear,Dawn/Dusk,Car/Taxi,4,Over Speeding,0,0,1,0,10,0,High
2021,11,Tuesday,22,KPK,Nowshera,National Highway,Good,Clear,Street Light,Rickshaw,1,Mechanical Failure,0,0,1,1,1,0,Low
2020,12,Friday,4,Balochistan,Sibi,Motorway,Good,Clear,No Light,Van/Pickup,3,Signal Violation,0,0,1,1,3,0,Medium
2020,9,Monday,21,Punjab,Multan,Provincial Highway,Good,Rainy,No Light,Car/Taxi,2,Driver Fatigue,0,0,0,0,5,0,Medium
2021,3,Thursday,14,Sindh,Nawabshah,National Highway,Good,Rainy,Daylight,Bus/Coach,3,Pedestrian Error,0,0,0,0,5,0,Medium
2023,12,Wednesday,19,KPK,Bannu,Motorway,Under Repair,Clear,Daylight,Motorcycle,3,Mechanical Failure,1,0,0,1,11,1,High
2020,7,Thursday,14,Islamabad,Islamabad,Urban Road,Good,Clear,Daylight,Motorcycle,2,Over Speeding,0,0,0,0,5,0,Medium
2020,2,Saturday,10,Balochistan,Quetta,National Highway,Poor,Foggy,Daylight,Rickshaw,2,Wrong Overtaking,0,1,0,1,7,1,High
2020,1,Tuesday,12,Punjab,Rahim Yar Khan,National Highway,Average,Clear,Daylight,Motorcycle,2,Road Condition,1,0,0,1,2,1,Medium
2020,3,Saturday,17,Punjab,Lahore,Provincial Highway,Poor,Dusty/Smoggy,Daylight,Motorcycle,4,Wrong Overtaking,1,1,0,0,3,2,Medium
2022,12,Thursday,15,Punjab,Bahawalpur,National Highway,Average,Clear,Daylight,Motorcycle,2,Mobile Phone Use,0,0,0,1,9,1,High
2022,5,Wednesday,23,Sindh,Kashmore,Urban Road,Good,Foggy,No Light,Rickshaw,3,Wrong Overtaking,0,0,1,0,3,0,Medium
2018,12,Monday,7,KPK,Bannu,Provincial Highway,Under Repair,Rainy,Daylight,Motorcycle,1,Mechanical Failure,1,0,0,1,3,1,Medium
2021,10,Tuesday,22,Punjab,Lahore,Motorway,Good,Rainy,Street Light,Motorcycle,2,Road Condition,0,0,1,0,3,1,High
2022,7,Friday,12,Balochistan,Dera Bugti,National Highway,Good,Clear,Daylight,Motorcycle,2,Mechanical Failure,1,0,0,0,6,0,High
2022,9,Tuesday,5,Sindh,Jacobabad,Rural Road,Good,Clear,Dawn/Dusk,Rickshaw,2,Driver Fatigue,0,0,1,0,0,0,Low
2018,3,Friday,6,Gilgit-Baltistan,Hunza,Provincial Highway,Good,Foggy,Daylight,Motorcycle,2,Wrong Overtaking,0,0,0,0,5,0,Medium
2019,2,Thursday,6,Punjab,Gujranwala,Urban Road,Good,Clear,Daylight,Motorcycle,1,Over Speeding,0,0,0,1,7,2,High
2018,12,Sunday,7,Punjab,Bahawalpur,Motorway,Poor,Foggy,Daylight,Car/Taxi,3,Road Condition,1,1,0,1,0,0,Low
2022,9,Wednesday,19,Punjab,Sialkot,Rural Road,Average,Clear,No Light,Motorcycle,2,Pedestrian Error,1,0,0,0,0,0,Low
2020,12,Thursday,18,Punjab,Rahim Yar Khan,Urban Road,Good,Dusty/Smoggy,Daylight,Motorcycle,2,Over Speeding,1,0,0,1,5,0,Medium
2019,5,Sunday,20,KPK,Swat,Provincial Highway,Good,Foggy,No Light,Bicycle,2,Mobile Phone Use,1,1,0,0,3,0,Medium
2020,11,Saturday,3,Punjab,Rawalpindi,Provincial Highway,Poor,Foggy,Street Light,Motorcycle,1,Signal Violation,0,1,1,1,4,2,High
2021,3,Saturday,19,KPK,Abbottabad,Provincial Highway,Good,Clear,Dawn/Dusk,Car/Taxi,3,Road Condition,1,1,0,0,2,0,Low
2019,12,Saturday,15,Punjab,Lahore,Urban Road,Average,Clear,Daylight,Motorcycle,2,Signal Violation,0,1,0,1,1,1,Medium
2021,3,Wednesday,15,Punjab,Faisalabad,Rural Road,Average,Dusty/Smoggy,Daylight,Motorcycle,1,Road Condition,0,0,0,0,1,0,Low
2023,7,Sunday,11,Balochistan,Sibi,Rural Road,Poor,Dusty/Smoggy,Dawn/Dusk,Motorcycle,2,Mechanical Failure,0,1,0,0,5,0,Medium
2018,3,Sunday,21,Islamabad,Islamabad,Urban Road,Poor,Foggy,No Light,Motorcycle,2,Driver Fatigue,0,1,0,0,4,2,High
2019,2,Friday,11,Punjab,Gujranwala,Provincial Highway,Poor,Dusty/Smoggy,Daylight,Motorcycle,2,Over Speeding,0,0,0,1,5,1,Medium
2021,11,Friday,19,Islamabad,Islamabad,Rural Road,Average,Clear,Street Light,Motorcycle,2,Road Condition,1,0,0,1,0,0,Low
2018,3,Monday,19,Sindh,Jacobabad,Urban Road,Average,Foggy,Dawn/Dusk,Rickshaw,2,Over Speeding,1,0,0,0,3,1,Medium
2021,8,Thursday,17,Punjab,Multan,National Highway,Good,Clear,Daylight,Motorcycle,1,Over Speeding,1,0,0,0,9,0,High
2021,6,Friday,19,KPK,Mardan,National Highway,Under Repair,Clear,No Light,Motorcycle,3,Over Speeding,1,0,0,0,4,2,High
2023,1,Wednesday,23,Punjab,Gujranwala,National Highway,Poor,Clear,Street Light,Car/Taxi,1,Wrong Overtaking,0,0,1,1,4,0,Medium
2018,2,Saturday,18,Punjab,Sheikhupura,Rural Road,Poor,Foggy,Daylight,Motorcycle,4,Pedestrian Error,1,1,0,1,4,2,Medium
2021,8,Tuesday,5,Sindh,Dadu,Motorway,Average,Clear,Street Light,Car/Taxi,4,Driver Fatigue,0,0,1,0,3,2,High
2020,7,Thursday,20,Punjab,Bahawalpur,Urban Road,Poor,Clear,Street Light,Rickshaw,4,Signal Violation,1,0,0,0,1,0,Low
2023,3,Tuesday,12,Punjab,Gujranwala,National Highway,Poor,Clear,Daylight,Motorcycle,2,Mechanical Failure,1,0,0,0,3,0,Medium
2022,8,Wednesday,16,Punjab,Sargodha,Urban Road,Good,Clear,Daylight,Car/Taxi,2,Mechanical Failure,0,0,0,0,0,0,Low
2018,6,Wednesday,16,KPK,Peshawar,National Highway,Good,Clear,Daylight,Motorcycle,1,Over Speeding,0,0,0,0,10,0,High
2020,5,Saturday,19,KPK,Swat,Provincial Highway,Good,Clear,Street Light,Bicycle,1,Mobile Phone Use,1,1,0,0,2,0,Low
2019,1,Friday,17,Punjab,Sargodha,National Highway,Poor,Dusty/Smoggy,Daylight,Car/Taxi,2,Over Speeding,1,0,0,1,4,1,Medium
2023,1,Sunday,14,Balochistan,Khuzdar,Urban Road,Good,Foggy,Dawn/Dusk,Car/Taxi,1,Over Speeding,0,1,0,1,1,2,Medium
2023,7,Thursday,17,Punjab,Multan,Urban Road,Average,Foggy,Daylight,Car/Taxi,2,Over Speeding,1,0,0,0,3,0,Medium
2020,8,Thursday,3,KPK,Peshawar,Rural Road,Good,Clear,No Light,Bicycle,2,Over Speeding,0,0,1,0,5,0,Medium
2020,6,Monday,6,Balochistan,Chaman,National Highway,Poor,Clear,Daylight,Rickshaw,2,Road Condition,0,0,0,0,4,1,Medium
2021,12,Tuesday,6,Balochistan,Turbat,Rural Road,Good,Clear,Daylight,Motorcycle,1,Wrong Overtaking,0,0,0,1,0,0,Low
2021,11,Saturday,16,Sindh,Kashmore,Rural Road,Good,Rainy,Daylight,Motorcycle,3,Over Speeding,0,1,0,1,2,0,Medium
2021,11,Friday,14,KPK,Peshawar,National Highway,Good,Foggy,Daylight,Motorcycle,1,Drunk Driving,0,0,0,1,4,1,High
2019,2,Monday,20,Punjab,Rawalpindi,Provincial Highway,Poor,Clear,Street Light,Bus/Coach,3,Road Condition,1,0,0,1,3,1,Medium
2022,6,Saturday,15,Sindh,Sukkur,Rural Road,Average,Foggy,Daylight,Motorcycle,2,Pedestrian Error,0,1,0,0,1,1,Medium
2018,7,Friday,9,Punjab,Sargodha,National Highway,Under Repair,Extreme Heat,Dawn/Dusk,Truck/Lorry,2,Over Speeding,1,0,0,0,4,1,Medium
2022,7,Friday,19,Sindh,Hyderabad,National Highway,Poor,Foggy,Dawn/Dusk,Car/Taxi,2,Wrong Overtaking,1,0,0,0,3,1,Medium
2021,7,Monday,11,Punjab,Sargodha,Rural Road,Good,Clear,Daylight,Car/Taxi,3,Wrong Overtaking,0,0,0,0,2,0,Low
2023,1,Saturday,7,Punjab,Lahore,Provincial Highway,Average,Foggy,Daylight,Bus/Coach,2,Signal Violation,1,1,0,1,4,1,High
2023,4,Friday,13,Sindh,Kashmore,Urban Road,Good,Rainy,Street Light,Motorcycle,2,Over Speeding,1,0,0,0,7,3,High
2022,11,Monday,20,Balochistan,Gwadar,Urban Road,Under Repair,Rainy,No Light,Motorcycle,1,Wrong Overtaking,1,0,0,1,4,1,Medium
2023,12,Saturday,9,Punjab,Bahawalpur,National Highway,Poor,Foggy,No Light,Motorcycle,3,Road Condition,1,1,0,1,3,1,High
2023,10,Wednesday,5,Punjab,Sargodha,Motorway,Good,Clear,Dawn/Dusk,Motorcycle,1,Over Speeding,0,0,1,0,9,2,High
2023,3,Monday,10,Sindh,Mirpur Khas,Rural Road,Average,Clear,Daylight,Truck/Lorry,1,Over Speeding,0,0,0,0,0,0,Low
2023,1,Sunday,16,KPK,Nowshera,National Highway,Good,Dusty/Smoggy,Daylight,Truck/Lorry,2,Mechanical Failure,0,1,0,1,5,1,Medium
2018,4,Thursday,22,Punjab,Sheikhupura,Urban Road,Good,Clear,Street Light,Motorcycle,2,Signal Violation,0,0,1,0,5,0,Medium
2018,4,Thursday,20,Punjab,Lahore,National Highway,Poor,Rainy,No Light,Bus/Coach,2,Road Condition,1,0,0,0,8,2,High
2023,8,Tuesday,19,Sindh,Hyderabad,National Highway,Average,Clear,Street Light,Motorcycle,2,Pedestrian Error,1,0,0,0,2,0,Medium
2021,1,Tuesday,18,KPK,Peshawar,National Highway,Good,Clear,Daylight,Motorcycle,2,Road Condition,1,0,0,1,3,3,High
2021,5,Monday,20,Punjab,Gujranwala,Provincial Highway,Poor,Clear,No Light,Bus/Coach,2,Over Speeding,1,0,0,0,2,4,High
2022,1,Thursday,9,Punjab,Rawalpindi,Urban Road,Average,Clear,Daylight,Van/Pickup,2,Drunk Driving,1,0,0,1,1,0,Medium
2023,11,Saturday,12,KPK,Dera Ismail Khan,National Highway,Poor,Dusty/Smoggy,Daylight,Car/Taxi,2,Mechanical Failure,1,1,0,1,1,0,Low
2023,7,Sunday,13,Punjab,Lahore,Provincial Highway,Average,Clear,Daylight,Car/Taxi,4,Mechanical Failure,1,1,0,0,0,0,Low
2019,12,Wednesday,23,Punjab,Lahore,Urban Road,Good,Clear,No Light,Rickshaw,3,Pedestrian Error,0,0,1,1,0,0,Low
2018,7,Tuesday,16,Sindh,Jacobabad,Urban Road,Good,Clear,Daylight,Truck/Lorry,3,Mechanical Failure,0,0,0,0,0,0,Low
2021,9,Monday,5,Islamabad,Islamabad,Rural Road,Good,Clear,Dawn/Dusk,Rickshaw,3,Over Speeding,0,0,1,0,3,0,Medium
2019,10,Sunday,3,Punjab,Faisalabad,Provincial Highway,Good,Clear,Street Light,Car/Taxi,1,Mobile Phone Use,0,1,1,0,1,0,Medium
2018,10,Sunday,18,Sindh,Dadu,Motorway,Good,Foggy,Dawn/Dusk,Rickshaw,2,Over Speeding,1,1,0,0,1,1,Medium
2020,6,Wednesday,19,Punjab,Sargodha,Rural Road,Average,Rainy,Dawn/Dusk,Bus/Coach,1,Over Speeding,1,0,0,0,10,0,High
2022,1,Friday,19,Balochistan,Dera Bugti,Motorway,Average,Clear,Dawn/Dusk,Truck/Lorry,1,Road Condition,1,0,0,1,3,0,Medium
2020,9,Monday,10,Punjab,Lahore,Motorway,Good,Dusty/Smoggy,Daylight,Motorcycle,1,Over Speeding,0,0,0,0,9,0,High
2022,12,Friday,7,Sindh,Karachi,Urban Road,Average,Foggy,Daylight,Rickshaw,1,Road Condition,1,0,0,1,0,0,Low
2021,8,Wednesday,9,Balochistan,Gwadar,Provincial Highway,Good,Clear,Daylight,Motorcycle,3,Over Speeding,1,0,0,0,9,1,High
2018,5,Tuesday,14,AJK,Rawalakot,Provincial Highway,Good,Clear,Daylight,Motorcycle,4,Mechanical Failure,0,0,0,0,5,0,Medium
2023,6,Thursday,22,KPK,Mansehra,Provincial Highway,Average,Dusty/Smoggy,Street Light,Truck/Lorry,4,Mechanical Failure,0,0,1,0,2,2,Medium
2019,4,Friday,6,Punjab,Bahawalpur,Provincial Highway,Average,Foggy,Daylight,Motorcycle,4,Pedestrian Error,0,0,0,0,4,1,Medium
2023,8,Thursday,19,Punjab,Rahim Yar Khan,Urban Road,Good,Clear,Dawn/Dusk,Car/Taxi,2,Wrong Overtaking,1,0,0,0,1,0,Low
2021,11,Friday,15,Punjab,Sargodha,Provincial Highway,Poor,Clear,No Light,Motorcycle,2,Over Speeding,0,0,0,1,4,1,High
2018,3,Wednesday,22,Sindh,Karachi,Provincial Highway,Average,Clear,Street Light,Motorcycle,3,Road Condition,0,0,1,0,3,0,Medium
2019,7,Thursday,2,KPK,Mansehra,Provincial Highway,Average,Clear,No Light,Van/Pickup,2,Wrong Overtaking,0,0,1,0,0,0,Low
2023,4,Thursday,16,KPK,Bannu,Provincial Highway,Under Repair,Clear,Daylight,Rickshaw,4,Mobile Phone Use,0,0,0,0,1,0,Low
2019,3,Sunday,13,Punjab,Sheikhupura,Provincial Highway,Average,Extreme Heat,Daylight,Motorcycle,1,Over Speeding,1,1,0,0,3,1,High
2020,12,Thursday,8,KPK,Mardan,Provincial Highway,Poor,Rainy,Daylight,Motorcycle,2,Over Speeding,1,0,0,1,11,1,High
2023,12,Wednesday,20,Balochistan,Chaman,Urban Road,Average,Rainy,Street Light,Motorcycle,2,Wrong Overtaking,1,0,0,1,9,2,High
2021,5,Friday,22,Islamabad,Islamabad,Provincial Highway,Good,Clear,No Light,Car/Taxi,2,Over Speeding,0,0,1,0,1,1,Medium
2020,11,Monday,19,KPK,Swat,Urban Road,Poor,Clear,Dawn/Dusk,Motorcycle,2,Mobile Phone Use,1,0,0,1,0,0,Low
2019,1,Friday,6,Sindh,Sukkur,Urban Road,Good,Rainy,Daylight,Van/Pickup,3,Over Speeding,0,0,0,1,5,0,Medium
2018,5,Tuesday,8,Sindh,Jacobabad,National Highway,Poor,Clear,Dawn/Dusk,Car/Taxi,4,Wrong Overtaking,1,0,0,0,2,0,Low
2019,7,Friday,9,Punjab,Gujranwala,Provincial Highway,Good,Clear,Daylight,Truck/Lorry,2,Wrong Overtaking,1,0,0,0,1,0,Medium
2022,5,Friday,13,Punjab,Sialkot,Provincial Highway,Average,Clear,Daylight,Bus/Coach,4,Signal Violation,1,0,0,0,4,0,Medium
2022,7,Thursday,8,Sindh,Larkana,National Highway,Good,Rainy,Daylight,Motorcycle,1,Signal Violation,1,0,0,0,10,2,High
2023,12,Saturday,10,Punjab,Sheikhupura,National Highway,Poor,Clear,Daylight,Motorcycle,2,Over Speeding,0,1,0,1,11,0,High
2023,3,Sunday,13,Sindh,Sukkur,Provincial Highway,Good,Clear,No Light,Car/Taxi,2,Over Speeding,1,1,0,0,3,0,Medium
2023,6,Wednesday,17,Sindh,Mirpur Khas,National Highway,Under Repair,Dusty/Smoggy,Daylight,Motorcycle,3,Signal Violation,1,0,0,0,7,2,High
2022,11,Sunday,14,Sindh,Hyderabad,National Highway,Under Repair,Clear,Daylight,Motorcycle,2,Wrong Overtaking,0,1,0,1,1,0,Medium
2022,7,Wednesday,10,Punjab,Multan,Rural Road,Poor,Rainy,Daylight,Bicycle,3,Over Speeding,0,0,0,0,4,1,Medium
2023,4,Friday,10,Punjab,Sargodha,National Highway,Average,Clear,Daylight,Motorcycle,2,Wrong Overtaking,0,0,0,0,6,0,High
2022,2,Tuesday,22,Punjab,Rahim Yar Khan,Provincial Highway,Average,Clear,Street Light,Motorcycle,3,Drunk Driving,0,0,1,1,4,0,High
2020,7,Wednesday,20,Punjab,Gujranwala,National Highway,Good,Clear,No Light,Van/Pickup,1,Over Speeding,1,0,0,0,1,0,Medium
2021,1,Thursday,21,AJK,Mirpur,National Highway,Good,Rainy,No Light,Car/Taxi,2,Wrong Overtaking,0,0,0,1,3,0,High
2022,7,Friday,7,Punjab,Gujranwala,Rural Road,Good,Clear,Daylight,Car/Taxi,1,Signal Violation,1,0,0,0,2,0,Low
2021,7,Thursday,13,Punjab,Sargodha,Provincial Highway,Good,Clear,Dawn/Dusk,Car/Taxi,3,Road Condition,1,0,0,0,1,0,Low
2020,6,Tuesday,18,Punjab,Sheikhupura,National Highway,Good,Rainy,No Light,Bus/Coach,2,Wrong Overtaking,1,0,0,0,6,2,High
2018,8,Tuesday,20,Sindh,Jacobabad,Provincial Highway,Under Repair,Rainy,No Light,Car/Taxi,3,Mechanical Failure,1,0,0,0,2,0,Low
2022,12,Tuesday,19,Sindh,Sukkur,National Highway,Poor,Clear,No Light,Motorcycle,4,Signal Violation,1,0,0,1,9,2,High
2022,6,Friday,19,Punjab,Sargodha,Urban Road,Average,Clear,Dawn/Dusk,Bicycle,3,Mechanical Failure,1,0,0,0,0,0,Low
2021,5,Thursday,11,Balochistan,Khuzdar,National Highway,Good,Clear,Dawn/Dusk,Motorcycle,2,Over Speeding,0,0,0,0,2,1,High
2020,6,Saturday,17,KPK,Swat,Motorway,Average,Clear,Daylight,Car/Taxi,1,Mechanical Failure,1,1,0,0,0,0,Low
2023,6,Saturday,6,Punjab,Sialkot,National Highway,Average,Clear,Daylight,Rickshaw,4,Over Speeding,0,1,0,0,4,0,Medium
2023,4,Thursday,11,Sindh,Jacobabad,Urban Road,Good,Clear,Daylight,Motorcycle,3,Over Speeding,0,0,0,0,3,0,Medium
2019,2,Saturday,23,Sindh,Thatta,Provincial Highway,Good,Foggy,No Light,Truck/Lorry,2,Signal Violation,0,1,1,1,9,0,High
2021,5,Tuesday,18,Punjab,Sheikhupura,Provincial Highway,Poor,Clear,Daylight,Car/Taxi,2,Signal Violation,1,0,0,0,1,0,Low
2022,12,Wednesday,11,KPK,Peshawar,Provincial Highway,Average,Extreme Heat,Street Light,Van/Pickup,3,Road Condition,0,0,0,1,0,0,Low
2021,11,Wednesday,19,Punjab,Multan,Rural Road,Good,Clear,No Light,Motorcycle,2,Pedestrian Error,1,0,0,1,2,0,Low
2018,11,Saturday,22,Punjab,Rawalpindi,Provincial Highway,Good,Clear,No Light,Car/Taxi,2,Wrong Overtaking,0,1,1,1,0,0,Low
2023,2,Sunday,13,Sindh,Nawabshah,Provincial Highway,Average,Dusty/Smoggy,Daylight,Rickshaw,1,Signal Violation,1,1,0,1,0,0,Low
2020,2,Sunday,9,Sindh,Nawabshah,Provincial Highway,Average,Clear,Dawn/Dusk,Bus/Coach,3,Drunk Driving,1,1,0,1,3,0,Medium
2019,3,Monday,16,Balochistan,Chaman,Provincial Highway,Poor,Clear,Daylight,Motorcycle,2,Road Condition,0,0,0,0,1,1,Medium
2020,3,Tuesday,23,Punjab,Multan,National Highway,Average,Clear,Street Light,Car/Taxi,2,Pedestrian Error,0,0,1,0,3,0,Medium
2018,1,Sunday,8,Punjab,Multan,Provincial Highway,Good,Clear,Daylight,Truck/Lorry,2,Pedestrian Error,1,1,0,1,2,0,Low
2023,6,Tuesday,17,Sindh,Karachi,National Highway,Good,Extreme Heat,Street Light,Truck/Lorry,1,Mechanical Failure,1,0,0,0,2,1,Medium
2019,1,Friday,19,Punjab,Rawalpindi,National Highway,Good,Clear,Dawn/Dusk,Car/Taxi,1,Pedestrian Error,1,0,0,1,3,2,Medium
2019,7,Thursday,13,Punjab,Rawalpindi,Urban Road,Good,Clear,Daylight,Car/Taxi,1,Driver Fatigue,1,0,0,0,1,0,Low
2021,6,Thursday,10,Sindh,Thatta,National Highway,Good,Clear,Daylight,Rickshaw,2,Road Condition,0,0,0,0,4,0,Medium
2019,2,Friday,18,Punjab,Bahawalpur,National Highway,Under Repair,Clear,Dawn/Dusk,Truck/Lorry,3,Mobile Phone Use,1,0,0,1,2,0,Low
2023,3,Wednesday,21,Punjab,Bahawalpur,Urban Road,Poor,Clear,Street Light,Van/Pickup,3,Signal Violation,0,0,0,0,1,0,Low
2020,4,Wednesday,17,Punjab,Sheikhupura,Rural Road,Average,Clear,Daylight,Motorcycle,1,Road Condition,1,0,0,0,1,0,Medium
2021,6,Thursday,6,Punjab,Bahawalpur,National Highway,Average,Clear,Street Light,Motorcycle,2,Over Speeding,0,0,0,0,5,1,High
2020,2,Friday,18,Sindh,Nawabshah,Rural Road,Average,Dusty/Smoggy,Daylight,Rickshaw,3,Driver Fatigue,1,0,0,1,1,0,Low
2022,1,Wednesday,17,Punjab,Gujranwala,Rural Road,Good,Dusty/Smoggy,Daylight,Bus/Coach,4,Pedestrian Error,1,0,0,1,2,0,Low
2023,11,Saturday,10,Islamabad,Islamabad,Urban Road,Average,Clear,Daylight,Motorcycle,1,Wrong Overtaking,0,1,0,1,1,0,Low
2022,12,Tuesday,14,Punjab,Multan,Rural Road,Average,Rainy,Daylight,Motorcycle,1,Over Speeding,0,0,0,1,10,0,High
2022,10,Sunday,8,KPK,Abbottabad,Urban Road,Poor,Clear,Daylight,Car/Taxi,2,Pedestrian Error,1,1,0,0,2,0,Low
2023,10,Friday,12,KPK,Nowshera,National Highway,Under Repair,Foggy,Daylight,Motorcycle,2,Over Speeding,1,0,0,0,11,1,High
2019,5,Friday,23,Punjab,Sheikhupura,Provincial Highway,Average,Extreme Heat,No Light,Van/Pickup,2,Wrong Overtaking,0,0,1,0,0,0,Low
2021,7,Thursday,22,KPK,Peshawar,National Highway,Good,Extreme Heat,No Light,Car/Taxi,2,Over Speeding,0,0,1,0,5,2,High
2023,11,Monday,4,KPK,Mardan,Urban Road,Good,Foggy,Street Light,Rickshaw,2,Over Speeding,0,0,1,1,2,1,Medium
2021,1,Monday,19,Punjab,Bahawalpur,Urban Road,Average,Clear,Dawn/Dusk,Car/Taxi,1,Over Speeding,1,0,0,1,2,0,Low
2023,10,Sunday,8,Gilgit-Baltistan,Hunza,Motorway,Average,Foggy,Street Light,Motorcycle,3,Driver Fatigue,1,1,0,0,8,1,High
2021,11,Friday,15,Punjab,Sialkot,Urban Road,Poor,Clear,Daylight,Motorcycle,4,Pedestrian Error,0,0,0,1,1,0,Low
2022,11,Tuesday,16,Punjab,Lahore,Provincial Highway,Average,Clear,Daylight,Car/Taxi,2,Driver Fatigue,0,0,0,1,5,0,Medium
2023,5,Friday,21,KPK,Mansehra,Rural Road,Average,Clear,Street Light,Motorcycle,4,Over Speeding,0,0,0,0,4,1,Medium
2023,7,Sunday,16,Punjab,Lahore,National Highway,Average,Clear,Daylight,Motorcycle,2,Mechanical Failure,0,1,0,0,3,0,Medium
2020,2,Tuesday,19,KPK,Charsadda,National Highway,Average,Rainy,Dawn/Dusk,Motorcycle,3,Signal Violation,1,0,0,1,2,1,High
2019,12,Wednesday,13,Balochistan,Quetta,National Highway,Poor,Clear,No Light,Motorcycle,4,Wrong Overtaking,1,0,0,1,9,0,High
2023,8,Thursday,21,Islamabad,Islamabad,National Highway,Under Repair,Dusty/Smoggy,No Light,Car/Taxi,1,Wrong Overtaking,0,0,0,0,5,2,Medium
2022,6,Friday,19,Sindh,Mirpur Khas,Provincial Highway,Good,Rainy,Street Light,Motorcycle,2,Signal Violation,1,0,0,0,11,3,High
2022,7,Wednesday,6,AJK,Mirpur,Urban Road,Good,Clear,Daylight,Motorcycle,1,Wrong Overtaking,0,0,0,0,1,0,Low
2020,6,Saturday,9,Punjab,Sialkot,Motorway,Good,Dusty/Smoggy,Daylight,Motorcycle,3,Over Speeding,1,1,0,0,9,1,High
2022,5,Monday,13,Punjab,Bahawalpur,National Highway,Good,Clear,Daylight,Rickshaw,1,Wrong Overtaking,1,0,0,0,1,0,Low
2020,2,Wednesday,14,Sindh,Larkana,National Highway,Good,Clear,No Light,Rickshaw,3,Drunk Driving,0,0,0,1,5,1,Medium
2022,9,Tuesday,7,Sindh,Sukkur,Motorway,Average,Dusty/Smoggy,Daylight,Motorcycle,1,Wrong Overtaking,1,0,0,0,3,1,High
2023,1,Tuesday,21,Sindh,Mirpur Khas,Urban Road,Under Repair,Clear,No Light,Motorcycle,1,Drunk Driving,0,0,0,1,5,1,High