year,month,day_of_week,hour_of_day,province,district,road_type,road_condition,weather_condition,lighting_condition,vehicle_type,vehicles_involved,accident_cause,is_rush_hour,is_weekend,is_night,is_foggy_month,num_injured,num_killed,severity
2022,8,Thursday,9,Sindh,Thatta,National Highway,Good,Extreme Heat,Daylight,Truck/Lorry,3,Signal Violation,1,0,0,0,8,1,High
2022,8,Sunday,21,Punjab,Bahawalpur,Urban Road,Poor,Clear,No Light,Motorcycle,2,Mobile Phone Use,0,1,0,0,1,0,Low
2023,8,Tuesday,16,Sindh,Mirpur Khas,Provincial Highway,Average,Rainy,Daylight,Motorcycle,2,Over Speeding,0,0,0,0,7,1,High
2023,1,Friday,7,Islamabad,Islamabad,Urban Road,Good,Clear,Daylight,Car/Taxi,3,Signal Violation,1,0,0,1,0,0,Low
2019,3,Saturday,7,Sindh,Dadu,Rural Road,Good,Clear,Street Light,Car/Taxi,2,Mechanical Failure,1,1,0,0,0,0,Low
2021,7,Sunday,12,Punjab,Faisalabad,National Highway,Poor,Clear,Daylight,Motorcycle,1,Pedestrian Error,1,1,0,0,8,2,High
2021,8,Wednesday,15,KPK,Swat,Provincial Highway,Good,Clear,Dawn/Dusk,Motorcycle,2,Over Speeding,0,0,0,0,7,3,High
2023,11,Monday,14,Punjab,Lahore,National Highway,Good,Rainy,Street Light,Rickshaw,2,Road Condition,0,0,0,1,1,0,Low
2023,5,Saturday,7,KPK,Charsadda,Urban Road,Poor,Foggy,Daylight,Car/Taxi,2,Over Speeding,1,1,0,0,1,0,Low
2023,8,Thursday,12,Punjab,Faisalabad,National Highway,Poor,Foggy,Daylight,Motorcycle,2,Signal Violation,1,0,0,0,4,1,High
2023,10,Thursday,12,Punjab,Bahawalpur,Rural Road,Poor,Rainy,Daylight,Motorcycle,1,Over Speeding,1,0,0,0,5,2,High
2023,2,Tuesday,18,Punjab,Bahawalpur,Provincial Highway,Good,Clear,Daylight,Motorcycle,2,Mechanical Failure,1,0,0,1,5,1,Medium
2019,4,Sunday,4,Punjab,Bahawalpur,Provincial Highway,Good,Clear,Street Light,Car/Taxi,2,Over Speeding,0,1,1,0,3,1,High
2019,2,Wednesday,13,Sindh,Nawabshah,National Highway,Average,Extreme Heat,Street Light,Car/Taxi,2,Driver Fatigue,1,0,0,1,4,0,Medium
2020,7,Sunday,17,Punjab,Bahawalpur,National Highway,Average,Clear,Daylight,Motorcycle,1,Over Speeding,1,1,0,0,3,2,High
2019,7,Saturday,14,Balochistan,Gwadar,Provincial Highway,Poor,Foggy,Daylight,Motorcycle,2,Wrong Overtaking,0,1,0,0,5,1,High
2022,7,Sunday,19,Sindh,Nawabshah,National Highway,Good,Foggy,Street Light,Motorcycle,1,Signal Violation,1,1,0,0,9,1,High
2019,12,Monday,20,Punjab,Faisalabad,National Highway,Good,Rainy,No Light,Rickshaw,2,Mechanical Failure,1,0,0,1,3,0,Medium
2019,6,Wednesday,12,KPK,Nowshera,Urban Road,Average,Clear,Daylight,Motorcycle,4,Signal Violation,1,0,0,0,2,0,Medium
2021,1,Sunday,0,Sindh,Karachi,Urban Road,Good,Clear,Street Light,Bus/Coach,4,Wrong Overtaking,0,1,1,1,5,1,Medium
2022,6,Monday,16,KPK,Bannu,Provincial Highway,Good,Dusty/Smoggy,Daylight,Motorcycle,2,Over Speeding,0,0,0,0,3,1,High
2023,12,Saturday,15,Sindh,Kashmore,National Highway,Average,Clear,Dawn/Dusk,Car/Taxi,1,Pedestrian Error,0,1,0,1,0,1,Low
2023,12,Thursday,10,Punjab,Faisalabad,Provincial Highway,Good,Clear,Daylight,Car/Taxi,2,Road Condition,0,0,0,1,1,0,Low
2023,10,Friday,17,KPK,Nowshera,Rural Road,Poor,Clear,Daylight,Truck/Lorry,2,Drunk Driving,1,0,0,0,5,1,Medium
2023,7,Saturday,13,Punjab,Sialkot,Provincial Highway,Average,Foggy,Daylight,Van/Pickup,2,Over Speeding,1,1,0,0,3,0,Medium
2022,2,Monday,15,Sindh,Hyderabad,National Highway,Average,Clear,Daylight,Bicycle,1,Mechanical Failure,0,0,0,1,1,2,Medium
2020,6,Monday,10,Islamabad,Islamabad,Urban Road,Poor,Clear,Daylight,Motorcycle,2,Wrong Overtaking,0,0,0,0,5,2,Medium
2023,12,Monday,15,Punjab,Sialkot,Urban Road,Average,Clear,Daylight,Motorcycle,3,Over Speeding,0,0,0,1,2,1,High
2023,3,Friday,17,Sindh,Sukkur,Provincial Highway,Good,Clear,Daylight,Bus/Coach,4,Over Speeding,1,0,0,0,5,0,Medium
2023,8,Thursday,20,Punjab,Lahore,Provincial Highway,Under Repair,Extreme Heat,No Light,Car/Taxi,3,Signal Violation,1,0,0,0,1,0,Low
2019,7,Tuesday,10,Punjab,Sheikhupura,Rural Road,Good,Clear,Daylight,Car/Taxi,2,Pedestrian Error,0,0,0,0,1,0,Low
2022,5,Thursday,1,Sindh,Jacobabad,Urban Road,Average,Foggy,No Light,Rickshaw,2,Wrong Overtaking,0,0,1,0,2,0,Low
2022,3,Friday,16,Sindh,Dadu,Urban Road,Good,Clear,Daylight,Car/Taxi,4,Over Speeding,0,0,0,0,1,0,Low
2020,2,Saturday,13,Punjab,Rahim Yar Khan,Provincial Highway,Average,Rainy,No Light,Car/Taxi,2,Pedestrian Error,1,1,0,1,1,0,Low
2021,7,Wednesday,8,Punjab,Multan,Provincial Highway,Average,Rainy,Daylight,Truck/Lorry,1,Over Speeding,1,0,0,0,1,1,Medium
2023,7,Saturday,8,KPK,Nowshera,Provincial Highway,Poor,Extreme Heat,Daylight,Car/Taxi,3,Driver Fatigue,1,1,0,0,2,0,Low
2023,2,Friday,21,Punjab,Faisalabad,Rural Road,Good,Rainy,No Light,Car/Taxi,2,Mechanical Failure,0,0,0,1,1,0,Low
2018,3,Friday,10,Punjab,Lahore,Rural Road,Poor,Clear,Street Light,Car/Taxi,1,Over Speeding,0,0,0,0,1,0,Low
2021,12,Sunday,15,KPK,Charsadda,National Highway,Good,Extreme Heat,Daylight,Car/Taxi,1,Mechanical Failure,0,1,0,1,1,0,Low
2021,12,Thursday,9,Islamabad,Islamabad,Urban Road,Average,Rainy,Daylight,Bus/Coach,2,Road Condition,1,0,0,1,1,0,Low
2022,11,Sunday,18,Punjab,Sargodha,Rural Road,Average,Clear,Daylight,Car/Taxi,2,Pedestrian Error,1,1,0,1,2,0,Low
2021,8,Monday,2,Balochistan,Hub,Urban Road,Average,Clear,Street Light,Car/Taxi,2,Over Speeding,0,0,1,0,2,0,Medium
2019,6,Friday,7,Punjab,Rahim Yar Khan,National Highway,Average,Foggy,Daylight,Car/Taxi,1,Over Speeding,1,0,0,0,7,3,High
2023,7,Thursday,9,Punjab,Multan,Urban Road,Good,Clear,Dawn/Dusk,Van/Pickup,2,Pedestrian Error,1,0,0,0,0,0,Low
2018,11,Sunday,17,Balochistan,Turbat,National Highway,Poor,Dusty/Smoggy,Dawn/Dusk,Van/Pickup,3,Over Speeding,1,1,0,1,7,2,High
2019,4,Saturday,13,Balochistan,Zhob,Rural Road,Good,Foggy,Dawn/Dusk,Truck/Lorry,2,Over Speeding,1,1,0,0,1,0,Medium
2022,2,Sunday,16,Punjab,Gujranwala,Provincial Highway,Under Repair,Clear,Daylight,Car/Taxi,3,Pedestrian Error,0,1,0,1,0,0,Low
2021,6,Saturday,17,Punjab,Rahim Yar Khan,National Highway,Average,Rainy,Daylight,Car/Taxi,2,Over Speeding,1,1,0,0,3,0,Medium
2019,6,Sunday,18,Punjab,Sheikhupura,Urban Road,Good,Clear,Street Light,Motorcycle,2,Wrong Overtaking,1,1,0,0,3,1,Medium
2022,7,Friday,12,Punjab,Rahim Yar Khan,Provincial Highway,Poor,Foggy,Daylight,Bus/Coach,2,Road Condition,1,0,0,0,3,1,Medium
2021,6,Friday,18,KPK,Mardan,National Highway,Good,Clear,Daylight,Car/Taxi,3,Pedestrian Error,1,0,0,0,1,0,Low
2019,7,Friday,22,Sindh,Mirpur Khas,Provincial Highway,Under Repair,Clear,Street Light,Car/Taxi,3,Over Speeding,0,0,1,0,2,0,High
2022,5,Monday,18,Sindh,Sukkur,National Highway,Good,Clear,Street Light,Bus/Coach,2,Wrong Overtaking,1,0,0,0,3,1,Medium
2022,6,Sunday,13,Sindh,Mirpur Khas,National Highway,Good,Dusty/Smoggy,Daylight,Bus/Coach,1,Driver Fatigue,1,1,0,0,9,2,High
2018,7,Saturday,2,Balochistan,Hub,Urban Road,Poor,Foggy,Street Light,Bus/Coach,1,Road Condition,0,1,1,0,1,1,Low
2022,10,Tuesday,11,Punjab,Gujranwala,National Highway,Average,Foggy,Daylight,Truck/Lorry,4,Driver Fatigue,0,0,0,0,2,1,High
2023,4,Saturday,7,KPK,Charsadda,Provincial Highway,Good,Clear,Daylight,Van/Pickup,4,Wrong Overtaking,1,1,0,0,2,0,Low
2023,3,Sunday,5,Islamabad,Islamabad,Urban Road,Average,Rainy,Street Light,Motorcycle,1,Mechanical Failure,0,1,1,0,2,0,Medium
2023,5,Monday,4,Punjab,Gujranwala,National Highway,Good,Rainy,No Light,Motorcycle,2,Over Speeding,0,0,1,0,10,1,High
2019,12,Friday,8,KPK,Mansehra,National Highway,Average,Clear,Daylight,Motorcycle,3,Road Condition,1,0,0,1,7,2,High
2022,11,Monday,22,KPK,Peshawar,Motorway,Good,Clear,Street Light,Motorcycle,4,Over Speeding,0,0,1,1,5,4,High
2023,6,Monday,9,Punjab,Multan,Provincial Highway,Average,Clear,Daylight,Motorcycle,1,Weather Condition,1,0,0,0,1,2,Medium
2022,12,Sunday,11,Punjab,Faisalabad,Rural Road,Average,Foggy,Daylight,Bicycle,3,Over Speeding,0,1,0,1,5,1,Medium
2021,12,Sunday,14,Sindh,Hyderabad,Rural Road,Good,Clear,Dawn/Dusk,Motorcycle,2,Pedestrian Error,0,1,0,1,0,0,Low
2020,10,Saturday,16,Sindh,Karachi,Rural Road,Good,Rainy,Dawn/Dusk,Rickshaw,4,Mechanical Failure,0,1,0,0,1,0,Low
2020,4,Wednesday,9,Sindh,Nawabshah,Rural Road,Under Repair,Rainy,Daylight,Motorcycle,4,Drunk Driving,1,0,0,0,8,0,High
2023,12,Tuesday,17,Punjab,Rawalpindi,Rural Road,Good,Clear,Daylight,Motorcycle,2,Road Condition,1,0,0,1,1,0,Medium
2023,5,Tuesday,17,KPK,Mardan,Urban Road,Average,Clear,Dawn/Dusk,Car/Taxi,2,Wrong Overtaking,1,0,0,0,2,0,Low
2021,6,Thursday,21,Punjab,Bahawalpur,Provincial Highway,Under Repair,Foggy,No Light,Motorcycle,1,Wrong Overtaking,0,0,0,0,4,2,High
2021,6,Friday,8,Punjab,Gujranwala,Rural Road,Good,Clear,Daylight,Car/Taxi,1,Driver Fatigue,1,0,0,0,2,0,Low
2019,11,Wednesday,7,Punjab,Rahim Yar Khan,Rural Road,Good,Rainy,Street Light,Motorcycle,2,Pedestrian Error,1,0,0,1,1,0,Medium
2022,11,Friday,5,KPK,Peshawar,Rural Road,Poor,Dusty/Smoggy,Street Light,Motorcycle,3,Signal Violation,0,0,1,1,3,0,Medium
2019,7,Friday,17,Punjab,Lahore,National Highway,Good,Rainy,Daylight,Car/Taxi,4,Over Speeding,1,0,0,0,11,0,High
2023,11,Monday,18,Punjab,Faisalabad,Urban Road,Average,Foggy,Daylight,Motorcycle,1,Road Condition,1,0,0,1,2,0,Low
2020,6,Saturday,21,Punjab,Rawalpindi,Motorway,Good,Rainy,No Light,Motorcycle,3,Over Speeding,0,1,0,0,9,2,High
2023,6,Tuesday,8,Punjab,Faisalabad,Provincial Highway,Average,Foggy,Daylight,Car/Taxi,1,Over Speeding,1,0,0,0,11,3,High
2020,5,Thursday,16,Punjab,Faisalabad,Rural Road,Average,Extreme Heat,Daylight,Car/Taxi,3,Wrong Overtaking,0,0,0,0,1,0,Low
2020,12,Wednesday,18,Sindh,Mirpur Khas,Provincial Highway,Average,Clear,Daylight,Bus/Coach,3,Wrong Overtaking,1,0,0,1,5,1,Medium
2022,12,Friday,17,KPK,Nowshera,Urban Road,Poor,Clear,Daylight,Bicycle,2,Signal Violation,1,0,0,1,1,0,Low
2020,11,Thursday,7,KPK,Peshawar,Provincial Highway,Good,Extreme Heat,Daylight,Motorcycle,1,Wrong Overtaking,1,0,0,1,11,0,High
2021,2,Friday,20,Sindh,Karachi,National Highway,Good,Clear,No Light,Motorcycle,2,Wrong Overtaking,1,0,0,1,10,1,High
2023,10,Saturday,0,Punjab,Faisalabad,Rural Road,Average,Clear,No Light,Motorcycle,2,Road Condition,0,1,1,0,3,0,Medium
2022,12,Friday,17,Islamabad,Islamabad,Provincial Highway,Under Repair,Clear,Daylight,Motorcycle,1,Road Condition,1,0,0,1,3,0,Medium
2021,11,Wednesday,1,Punjab,Faisalabad,Rural Road,Poor,Clear,No Light,Car/Taxi,2,Signal Violation,0,0,1,1,2,0,Low
2023,1,Friday,10,KPK,Peshawar,Rural Road,Good,Clear,Daylight,Bus/Coach,1,Over Speeding,0,0,0,1,2,0,Medium
2022,1,Wednesday,3,Balochistan,Sibi,Provincial Highway,Average,Clear,Street Light,Rickshaw,2,Over Speeding,0,0,1,1,3,0,Medium
2021,2,Tuesday,18,KPK,Dera Ismail Khan,National Highway,Good,Clear,Daylight,Motorcycle,2,Wrong Overtaking,1,0,0,1,4,4,High
2019,7,Friday,18,Punjab,Sargodha,Provincial Highway,Good,Rainy,Street Light,Bus/Coach,1,Over Speeding,1,0,0,0,3,1,High
2022,9,Monday,8,Punjab,Rahim Yar Khan,National Highway,Average,Rainy,Daylight,Bicycle,2,Signal Violation,1,0,0,0,2,0,High
2021,11,Tuesday,19,Punjab,Sargodha,Urban Road,Poor,Foggy,Dawn/Dusk,Rickshaw,1,Mechanical Failure,1,0,0,1,0,0,Low
2023,4,Friday,11,Sindh,Nawabshah,Provincial Highway,Average,Clear,Daylight,Other,1,Pedestrian Error,0,0,0,0,2,0,Low
2023,3,Sunday,17,Sindh,Nawabshah,Urban Road,Good,Clear,Dawn/Dusk,Car/Taxi,4,Over Speeding,1,1,0,0,0,0,Low
2019,4,Tuesday,10,KPK,Mansehra,Provincial Highway,Average,Rainy,Daylight,Rickshaw,2,Signal Violation,0,0,0,0,4,1,Medium
2018,2,Monday,0,Punjab,Faisalabad,National Highway,Average,Clear,No Light,Motorcycle,4,Mechanical Failure,0,0,1,1,4,0,High
2022,3,Saturday,14,KPK,Dera Ismail Khan,National Highway,Average,Rainy,No Light,Motorcycle,2,Over Speeding,0,1,0,0,10,1,High
2023,1,Wednesday,13,KPK,Nowshera,Rural Road,Average,Dusty/Smoggy,Daylight,Car/Taxi,2,Drunk Driving,1,0,0,1,2,0,Low
2021,6,Tuesday,11,Punjab,Multan,Provincial Highway,Good,Clear,Daylight,Motorcycle,1,Over Speeding,0,0,0,0,2,1,High
2022,12,Friday,11,Punjab,Faisalabad,Provincial Highway,Poor,Foggy,Daylight,Car/Taxi,2,Weather Condition,0,0,0,1,2,0,Medium
2023,8,Thursday,11,Sindh,Dadu,National Highway,Under Repair,Dusty/Smoggy,Daylight,Rickshaw,2,Over Speeding,0,0,0,0,3,2,Medium
2023,6,Saturday,18,Sindh,Jacobabad,Provincial Highway,Good,Foggy,Daylight,Truck/Lorry,2,Drunk Driving,1,1,0,0,5,4,High
2019,4,Saturday,10,Punjab,Sialkot,Provincial Highway,Under Repair,Foggy,Daylight,Van/Pickup,1,Road Condition,0,1,0,0,4,0,Medium
2022,2,Tuesday,7,Punjab,Gujranwala,National Highway,Average,Clear,Daylight,Motorcycle,2,Driver Fatigue,1,0,0,1,7,0,High
2023,8,Friday,7,KPK,Dera Ismail Khan,Rural Road,Poor,Clear,Daylight,Motorcycle,1,Over Speeding,1,0,0,0,5,0,Medium
2023,11,Tuesday,16,Punjab,Rawalpindi,Rural Road,Good,Clear,No Light,Bus/Coach,1,Over Speeding,0,0,0,1,3,1,Medium
2022,5,Tuesday,15,Punjab,Lahore,Urban Road,Average,Clear,Street Light,Bus/Coach,1,Drunk Driving,0,0,0,0,1,1,Medium
2023,3,Monday,20,KPK,Kohat,Rural Road,Good,Clear,Street Light,Car/Taxi,2,Pedestrian Error,1,0,0,0,2,0,Low
2018,6,Sunday,17,Sindh,Larkana,Urban Road,Poor,Dusty/Smoggy,Daylight,Motorcycle,3,Over Speeding,1,1,0,0,2,0,Medium
2020,7,Monday,23,Sindh,Dadu,Provincial Highway,Average,Clear,No Light,Motorcycle,1,Pedestrian Error,0,0,1,0,3,1,Medium
2019,12,Wednesday,16,Sindh,Nawabshah,National Highway,Poor,Rainy,Daylight,Rickshaw,2,Over Speeding,0,0,0,1,8,3,High
2021,7,Wednesday,9,Sindh,Jacobabad,Provincial Highway,Good,Clear,Daylight,Car/Taxi,3,Driver Fatigue,1,0,0,0,1,0,Low
2019,2,Saturday,14,Sindh,Sukkur,Provincial Highway,Under Repair,Rainy,Street Light,Van/Pickup,2,Pedestrian Error,0,1,0,1,2,0,Low
2019,4,Monday,1,Islamabad,Islamabad,Urban Road,Good,Dusty/Smoggy,Street Light,Car/Taxi,2,Pedestrian Error,0,0,1,0,1,0,Low
2022,2,Sunday,13,Punjab,Sargodha,Provincial Highway,Poor,Foggy,Daylight,Car/Taxi,4,Drunk Driving,1,1,0,1,5,0,Medium
2019,6,Tuesday,11,Punjab,Sheikhupura,Provincial Highway,Average,Foggy,No Light,Rickshaw,2,Over Speeding,0,0,0,0,2,0,Medium
2020,8,Saturday,6,Punjab,Sheikhupura,Provincial Highway,Good,Foggy,Dawn/Dusk,Car/Taxi,2,Wrong Overtaking,0,1,0,0,0,0,Low
2020,8,Saturday,15,Sindh,Dadu,Provincial Highway,Poor,Clear,Daylight,Motorcycle,2,Over Speeding,0,1,0,0,7,2,High
2018,6,Thursday,18,Sindh,Karachi,Rural Road,Under Repair,Clear,Daylight,Motorcycle,2,Over Speeding,1,0,0,0,5,0,Medium
2020,10,Wednesday,21,Punjab,Lahore,National Highway,Poor,Clear,No Light,Truck/Lorry,4,Pedestrian Error,0,0,0,0,5,1,Medium
2021,3,Sunday,20,Punjab,Faisalabad,Urban Road,Poor,Foggy,Street Light,Motorcycle,3,Road Condition,1,1,0,0,5,0,Medium
2022,5,Wednesday,18,Punjab,Bahawalpur,Motorway,Poor,Clear,Daylight,Truck/Lorry,1,Over Speeding,1,0,0,0,2,1,Medium
2019,5,Monday,13,Punjab,Bahawalpur,Rural Road,Poor,Extreme Heat,Daylight,Motorcycle,2,Road Condition,1,0,0,0,1,0,Low
2019,7,Friday,19,Islamabad,Islamabad,Provincial Highway,Good,Rainy,Street Light,Motorcycle,1,Road Condition,1,0,0,0,2,1,High
2020,12,Saturday,22,KPK,Peshawar,National Highway,Average,Foggy,Street Light,Motorcycle,3,Mobile Phone Use,0,1,1,1,7,1,High
2020,5,Sunday,18,Punjab,Sialkot,Provincial Highway,Good,Rainy,Daylight,Motorcycle,1,Road Condition,1,1,0,0,4,0,Medium
2019,10,Tuesday,5,Punjab,Rahim Yar Khan,Provincial Highway,Poor,Clear,Street Light,Car/Taxi,2,Over Speeding,0,0,1,0,1,2,Medium
2021,3,Saturday,18,Punjab,Rawalpindi,National Highway,Good,Clear,No Light,Motorcycle,1,Wrong Overtaking,1,1,0,0,4,0,Medium
2020,1,Sunday,13,KPK,Peshawar,Provincial Highway,Under Repair,Foggy,Daylight,Motorcycle,2,Over Speeding,1,1,0,1,5,0,High
2021,5,Thursday,18,Sindh,Mirpur Khas,Provincial Highway,Poor,Clear,Daylight,Car/Taxi,1,Pedestrian Error,1,0,0,0,1,0,Low
2023,6,Sunday,21,Gilgit-Baltistan,Skardu,Provincial Highway,Under Repair,Clear,Street Light,Car/Taxi,3,Signal Violation,0,1,0,0,2,0,Low
2019,12,Monday,22,KPK,Mansehra,Provincial Highway,Average,Rainy,No Light,Car/Taxi,1,Over Speeding,0,0,1,1,11,0,High
2023,6,Thursday,7,Sindh,Larkana,National Highway,Good,Clear,Daylight,Car/Taxi,1,Wrong Overtaking,1,0,0,0,4,1,Medium
2022,3,Friday,18,KPK,Charsadda,National Highway,Under Repair,Clear,Daylight,Van/Pickup,2,Signal Violation,1,0,0,0,5,1,Medium
2023,10,Monday,11,KPK,Peshawar,National Highway,Good,Clear,Daylight,Motorcycle,2,Mechanical Failure,0,0,0,0,2,0,Medium
2019,5,Friday,17,Punjab,Sargodha,Urban Road,Good,Clear,Daylight,Car/Taxi,2,Road Condition,1,0,0,0,0,0,Low
2018,8,Friday,19,Sindh,Kashmore,National Highway,Average,Clear,Dawn/Dusk,Motorcycle,1,Signal Violation,1,0,0,0,1,0,Medium
2019,6,Thursday,18,Sindh,Nawabshah,National Highway,Average,Clear,Daylight,Motorcycle,3,Pedestrian Error,1,0,0,0,6,2,High
2019,5,Friday,16,Sindh,Dadu,Provincial Highway,Good,Clear,Daylight,Bus/Coach,2,Signal Violation,0,0,0,0,1,1,Medium
2022,9,Sunday,17,Punjab,Multan,Rural Road,Average,Rainy,Daylight,Van/Pickup,2,Over Speeding,1,1,0,0,1,0,Low
2019,2,Saturday,13,Punjab,Sialkot,Rural Road,Average,Clear,Daylight,Car/Taxi,1,Over Speeding,1,1,0,1,5,0,Medium
2019,7,Friday,21,Punjab,Sargodha,Rural Road,Good,Clear,No Light,Motorcycle,2,Signal Violation,0,0,0,0,1,0,Low
2023,6,Tuesday,19,Punjab,Bahawalpur,National Highway,Poor,Extreme Heat,Street Light,Motorcycle,1,Wrong Overtaking,1,0,0,0,4,2,Medium
2023,12,Monday,6,Balochistan,Dera Bugti,Provincial Highway,Good,Clear,Daylight,Motorcycle,3,Wrong Overtaking,0,0,0,1,4,1,Medium
2018,11,Thursday,18,KPK,Nowshera,Urban Road,Poor,Clear,Daylight,Motorcycle,2,Drunk Driving,1,0,0,1,11,0,High
2021,3,Monday,23,KPK,Nowshera,National Highway,Under Repair,Clear,Street Light,Motorcycle,3,Driver Fatigue,0,0,1,0,7,0,High
2023,2,Sunday,9,Sindh,Nawabshah,Urban Road,Average,Dusty/Smoggy,Dawn/Dusk,Car/Taxi,1,Driver Fatigue,1,1,0,1,1,1,Low
2022,9,Wednesday,19,KPK,Mansehra,National Highway,Average,Foggy,Dawn/Dusk,Car/Taxi,1,Signal Violation,1,0,0,0,5,0,Medium
2019,10,Monday,20,AJK,Muzaffarabad,National Highway,Average,Extreme Heat,No Light,Rickshaw,2,Over Speeding,1,0,0,0,5,0,Medium
2020,12,Friday,10,Punjab,Sheikhupura,National Highway,Good,Clear,Daylight,Motorcycle,2,Road Condition,0,0,0,1,3,1,Medium
2018,4,Monday,10,KPK,Charsadda,Urban Road,Good,Extreme Heat,Daylight,Rickshaw,1,Signal Violation,0,0,0,0,2,0,Low
2023,11,Saturday,14,Punjab,Sheikhupura,Provincial Highway,Poor,Clear,Daylight,Motorcycle,1,Signal Violation,0,1,0,1,2,0,Medium
2023,7,Friday,20,Balochistan,Quetta,Provincial Highway,Good,Clear,Street Light,Motorcycle,4,Over Speeding,1,0,0,0,9,1,High
2023,3,Monday,3,Balochistan,Zhob,Urban Road,Poor,Rainy,No Light,Motorcycle,2,Signal Violation,0,0,1,0,3,2,High
2021,12,Saturday,7,Balochistan,Zhob,Rural Road,Poor,Extreme Heat,Daylight,Motorcycle,2,Driver Fatigue,1,1,0,1,10,1,High
2019,11,Saturday,10,Punjab,Sheikhupura,National Highway,Poor,Clear,Dawn/Dusk,Car/Taxi,3,Wrong Overtaking,0,1,0,1,2,1,Medium
2022,3,Tuesday,14,Punjab,Faisalabad,Rural Road,Under Repair,Rainy,Daylight,Car/Taxi,3,Wrong Overtaking,0,0,0,0,1,0,Low
2022,6,Friday,13,Punjab,Lahore,Rural Road,Average,Clear,Daylight,Motorcycle,1,Wrong Overtaking,1,0,0,0,2,1,Medium
2022,6,Thursday,14,Sindh,Hyderabad,Provincial Highway,Good,Clear,Daylight,Motorcycle,1,Over Speeding,0,0,0,0,1,0,Medium
2020,6,Sunday,12,Sindh,Nawabshah,National Highway,Good,Extreme Heat,Daylight,Truck/Lorry,3,Pedestrian Error,1,1,0,0,3,0,Medium
2019,12,Sunday,19,Punjab,Sargodha,Motorway,Good,Clear,Dawn/Dusk,Van/Pickup,3,Over Speeding,1,1,0,1,2,1,Medium
2018,8,Monday,21,KPK,Nowshera,Urban Road,Good,Dusty/Smoggy,No Light,Car/Taxi,3,Mechanical Failure,0,0,0,0,1,0,Low
2022,8,Saturday,1,Punjab,Rawalpindi,National Highway,Good,Rainy,No Light,Motorcycle,1,Road Condition,0,1,1,0,3,2,High
2022,6,Monday,12,Balochistan,Gwadar,Provincial Highway,Good,Clear,Daylight,Car/Taxi,2,Driver Fatigue,1,0,0,0,2,0,Low
2021,7,Tuesday,0,Punjab,Rawalpindi,Urban Road,Poor,Clear,Street Light,Motorcycle,2,Road Condition,0,0,1,0,5,0,Medium
2020,2,Saturday,13,Punjab,Sheikhupura,Urban Road,Average,Clear,Daylight,Motorcycle,1,Over Speeding,1,1,0,1,2,2,Medium
2020,3,Tuesday,18,Sindh,Sukkur,Rural Road,Good,Foggy,Street Light,Motorcycle,3,Over Speeding,1,0,0,0,3,3,High
2019,7,Saturday,23,Sindh,Kashmore,Rural Road,Under Repair,Clear,No Light,Truck/Lorry,3,Signal Violation,0,1,1,0,1,1,Low
2018,11,Wednesday,10,Punjab,Sialkot,Rural Road,Poor,Clear,Daylight,Car/Taxi,3,Drunk Driving,0,0,0,1,0,0,Low
2023,7,Thursday,17,Balochistan,Zhob,Provincial Highway,Average,Extreme Heat,Daylight,Car/Taxi,3,Over Speeding,1,0,0,0,1,0,Low
2023,8,Wednesday,8,Sindh,Mirpur Khas,Rural Road,Good,Foggy,Daylight,Motorcycle,2,Over Speeding,1,0,0,0,7,1,High
2021,11,Sunday,16,Balochistan,Hub,Provincial Highway,Under Repair,Clear,No Light,Other,2,Over Speeding,0,1,0,1,4,2,Medium
2018,8,Friday,18,Balochistan,Chaman,National Highway,Average,Clear,Dawn/Dusk,Motorcycle,1,Wrong Overtaking,1,0,0,0,5,1,Medium
2020,6,Sunday,12,Sindh,Dadu,National Highway,Poor,Clear,Daylight,Car/Taxi,1,Over Speeding,1,1,0,0,5,0,Medium
2021,8,Sunday,4,Balochistan,Chaman,Rural Road,Average,Clear,No Light,Car/Taxi,1,Mechanical Failure,0,1,1,0,2,0,Low
2023,1,Tuesday,20,Balochistan,Chaman,Urban Road,Poor,Foggy,Street Light,Bus/Coach,2,Signal Violation,1,0,0,1,3,1,Medium
2021,10,Saturday,16,Islamabad,Islamabad,Provincial Highway,Poor,Dusty/Smoggy,Daylight,Motorcycle,1,Drunk Driving,0,1,0,0,5,0,Medium
2019,1,Wednesday,15,Balochistan,Dera Bugti,Provincial Highway,Poor,Clear,Daylight,Motorcycle,2,Wrong Overtaking,0,0,0,1,4,0,Medium
2019,5,Monday,20,KPK,Abbottabad,National Highway,Good,Foggy,No Light,Motorcycle,3,Wrong Overtaking,1,0,0,0,3,0,High
2020,8,Friday,19,Sindh,Nawabshah,Provincial Highway,Good,Clear,Dawn/Dusk,Bus/Coach,1,Driver Fatigue,1,0,0,0,5,0,Medium
2023,6,Thursday,9,Punjab,Sheikhupura,National Highway,Good,Foggy,Dawn/Dusk,Motorcycle,3,Signal Violation,1,0,0,0,4,2,High
2021,12,Monday,2,Balochistan,Hub,Rural Road,Good,Clear,No Light,Rickshaw,1,Mechanical Failure,0,0,1,1,1,1,Low
2021,7,Saturday,23,KPK,Swat,Provincial Highway,Poor,Clear,Street Light,Car/Taxi,2,Driver Fatigue,0,1,1,0,2,0,Medium
2023,10,Saturday,8,Punjab,Sheikhupura,Provincial Highway,Under Repair,Rainy,Daylight,Motorcycle,2,Pedestrian Error,1,1,0,0,5,0,Medium