year,month,day_of_week,hour_of_day,province,district,road_type,road_condition,weather_condition,lighting_condition,vehicle_type,vehicles_involved,accident_cause,is_rush_hour,is_weekend,is_night,is_foggy_month,num_injured,num_killed,severity
2021,2,Thursday,14,Punjab,Gujranwala,Rural Road,Average,Clear,Street Light,Motorcycle,1,Wrong Overtaking,0,0,0,1,1,0,Medium
2021,6,Monday,20,KPK,Mansehra,Rural Road,Poor,Clear,Street Light,Car/Taxi,4,Over Speeding,1,0,0,0,1,0,Low
2021,1,Friday,18,Sindh,Jacobabad,Provincial Highway,Good,Dusty/Smoggy,Daylight,Bicycle,2,Pedestrian Error,1,0,0,1,4,1,Medium
2021,7,Wednesday,21,Punjab,Bahawalpur,Urban Road,Average,Extreme Heat,No Light,Rickshaw,4,Wrong Overtaking,0,0,0,0,0,0,Low
2022,1,Saturday,14,Punjab,Rawalpindi,National Highway,Good,Clear,Daylight,Motorcycle,1,Mobile Phone Use,0,1,0,1,4,0,Medium
2021,1,Monday,8,KPK,Peshawar,Urban Road,Average,Extreme Heat,Street Light,Motorcycle,1,Over Speeding,1,0,0,1,4,0,Medium
2022,4,Thursday,18,Punjab,Rahim Yar Khan,National Highway,Poor,Rainy,Daylight,Rickshaw,2,Over Speeding,1,0,0,0,5,0,Medium
2020,4,Sunday,8,Sindh,Mirpur Khas,Rural Road,Poor,Rainy,Daylight,Van/Pickup,1,Over Speeding,1,1,0,0,1,0,Low
2023,12,Wednesday,18,KPK,Bannu,Provincial Highway,Average,Clear,Dawn/Dusk,Motorcycle,2,Drunk Driving,1,0,0,1,9,1,High
2021,11,Thursday,18,KPK,Bannu,National Highway,Good,Clear,Street Light,Motorcycle,1,Wrong Overtaking,1,0,0,1,11,2,High
2019,3,Thursday,20,Punjab,Multan,Urban Road,Good,Dusty/Smoggy,Street Light,Car/Taxi,2,Signal Violation,1,0,0,0,0,0,Low
2019,11,Saturday,7,Punjab,Rawalpindi,National Highway,Average,Extreme Heat,Daylight,Motorcycle,4,Pedestrian Error,1,1,0,1,2,0,Medium
2023,3,Saturday,12,Sindh,Mirpur Khas,Motorway,Poor,Foggy,Daylight,Motorcycle,4,Over Speeding,1,1,0,0,6,1,High
2018,1,Monday,13,KPK,Mardan,Urban Road,Poor,Clear,Daylight,Truck/Lorry,1,Over Speeding,1,0,0,1,5,0,Medium
2021,5,Thursday,11,Punjab,Faisalabad,Provincial Highway,Good,Rainy,Daylight,Bicycle,1,Wrong Overtaking,0,0,0,0,7,0,High
2018,6,Tuesday,14,Punjab,Sialkot,National Highway,Good,Foggy,Daylight,Bus/Coach,1,Signal Violation,0,0,0,0,7,0,High
2020,12,Monday,11,Balochistan,Hub,Rural Road,Good,Extreme Heat,Daylight,Motorcycle,1,Mobile Phone Use,0,0,0,1,0,0,Low
2023,12,Tuesday,12,Islamabad,Islamabad,Provincial Highway,Average,Clear,Daylight,Van/Pickup,2,Wrong Overtaking,1,0,0,1,4,0,Medium
2019,6,Tuesday,0,Sindh,Dadu,Provincial Highway,Good,Foggy,Street Light,Motorcycle,4,Wrong Overtaking,0,0,1,0,8,1,High
2021,2,Thursday,13,Punjab,Multan,Provincial Highway,Poor,Extreme Heat,Daylight,Bus/Coach,2,Signal Violation,1,0,0,1,1,0,Medium
2019,4,Friday,16,Punjab,Lahore,Provincial Highway,Poor,Rainy,Daylight,Bus/Coach,1,Signal Violation,0,0,0,0,1,1,Medium
2019,5,Sunday,19,Punjab,Rahim Yar Khan,Urban Road,Poor,Clear,Daylight,Car/Taxi,2,Road Condition,1,1,0,0,1,0,Low
2020,1,Saturday,5,Punjab,Sialkot,Urban Road,Good,Foggy,Daylight,Motorcycle,2,Mobile Phone Use,0,1,1,1,10,3,High
2018,2,Thursday,20,Sindh,Thatta,Provincial Highway,Average,Clear,Street Light,Car/Taxi,1,Mobile Phone Use,1,0,0,1,2,0,Low
2019,9,Thursday,17,Sindh,Jacobabad,Urban Road,Average,Extreme Heat,Street Light,Rickshaw,2,Pedestrian Error,1,0,0,0,2,0,Low
2021,9,Monday,15,Punjab,Rawalpindi,Provincial Highway,Average,Extreme Heat,Daylight,Motorcycle,3,Mechanical Failure,0,0,0,0,4,0,Medium
2019,7,Friday,19,Balochistan,Gwadar,Provincial Highway,Poor,Clear,No Light,Rickshaw,3,Signal Violation,1,0,0,0,0,1,Low
2020,2,Saturday,18,Sindh,Kashmore,National Highway,Under Repair,Clear,Daylight,Motorcycle,2,Over Speeding,1,1,0,1,2,2,High
2020,12,Friday,18,Sindh,Mirpur Khas,Provincial Highway,Good,Clear,Daylight,Car/Taxi,1,Pedestrian Error,1,0,0,1,0,0,Low
2023,5,Friday,16,AJK,Rawalakot,Urban Road,Good,Extreme Heat,Daylight,Motorcycle,3,Road Condition,0,0,0,0,1,0,Low
2023,12,Thursday,12,Sindh,Thatta,Motorway,Good,Clear,Daylight,Motorcycle,1,Signal Violation,1,0,0,1,2,0,High
2022,10,Thursday,0,Islamabad,Islamabad,Rural Road,Poor,Foggy,No Light,Van/Pickup,3,Mechanical Failure,0,0,1,0,2,1,Low
2023,12,Friday,17,Punjab,Sheikhupura,Provincial Highway,Average,Rainy,Daylight,Motorcycle,1,Over Speeding,1,0,0,1,4,1,High
2018,2,Saturday,6,Punjab,Sargodha,Rural Road,Poor,Foggy,Street Light,Motorcycle,2,Driver Fatigue,0,1,0,1,10,0,High
2023,11,Saturday,5,Sindh,Thatta,Rural Road,Poor,Dusty/Smoggy,Dawn/Dusk,Car/Taxi,2,Wrong Overtaking,0,1,1,1,2,2,Medium
2021,6,Saturday,20,Sindh,Hyderabad,Provincial Highway,Poor,Dusty/Smoggy,No Light,Motorcycle,3,Pedestrian Error,1,1,0,0,5,0,Medium
2021,7,Saturday,17,Punjab,Rahim Yar Khan,Motorway,Under Repair,Dusty/Smoggy,Street Light,Motorcycle,2,Pedestrian Error,1,1,0,0,5,1,High
2022,10,Wednesday,13,KPK,Abbottabad,Provincial Highway,Good,Foggy,Daylight,Motorcycle,2,Over Speeding,1,0,0,0,5,2,High
2019,12,Tuesday,16,Punjab,Multan,Rural Road,Under Repair,Rainy,Daylight,Car/Taxi,3,Over Speeding,0,0,0,1,2,1,Medium
2022,2,Saturday,22,KPK,Dera Ismail Khan,Provincial Highway,Poor,Foggy,Street Light,Bus/Coach,1,Over Speeding,0,1,1,1,3,2,High
2023,2,Friday,9,Sindh,Hyderabad,Rural Road,Average,Dusty/Smoggy,Daylight,Bicycle,2,Drunk Driving,1,0,0,1,2,0,Medium
2018,1,Thursday,6,KPK,Abbottabad,National Highway,Under Repair,Clear,Daylight,Truck/Lorry,2,Mechanical Failure,0,0,0,1,4,1,Medium
2018,5,Monday,11,Sindh,Thatta,Provincial Highway,Average,Clear,Daylight,Car/Taxi,2,Wrong Overtaking,0,0,0,0,2,0,Low
2020,2,Tuesday,17,AJK,Mirpur,Provincial Highway,Poor,Clear,Daylight,Bus/Coach,4,Over Speeding,1,0,0,1,4,0,Medium
2020,8,Friday,12,Punjab,Sargodha,Motorway,Average,Clear,Daylight,Motorcycle,2,Over Speeding,1,0,0,0,11,2,High
2022,6,Thursday,21,AJK,Mirpur,National Highway,Average,Clear,Street Light,Rickshaw,3,Wrong Overtaking,0,0,0,0,5,0,Medium
2021,10,Saturday,18,Punjab,Sialkot,Provincial Highway,Average,Clear,Daylight,Motorcycle,2,Wrong Overtaking,1,1,0,0,6,1,High
2019,6,Sunday,22,KPK,Mardan,Urban Road,Good,Clear,Street Light,Car/Taxi,2,Over Speeding,0,1,1,0,3,1,Medium
2019,11,Wednesday,1,Sindh,Thatta,Provincial Highway,Good,Clear,No Light,Motorcycle,2,Wrong Overtaking,0,0,1,1,6,1,High
2019,11,Wednesday,6,KPK,Mansehra,National Highway,Under Repair,Dusty/Smoggy,Daylight,Car/Taxi,2,Drunk Driving,0,0,0,1,4,2,High
2020,1,Wednesday,22,KPK,Kohat,Rural Road,Poor,Foggy,No Light,Bus/Coach,2,Signal Violation,0,0,1,1,5,0,Medium
2020,1,Monday,2,KPK,Dera Ismail Khan,Urban Road,Poor,Clear,Street Light,Car/Taxi,3,Drunk Driving,0,0,1,1,4,0,Medium
2019,12,Friday,14,Punjab,Gujranwala,National Highway,Average,Clear,No Light,Motorcycle,1,Signal Violation,0,0,0,1,6,0,High
2021,1,Wednesday,22,KPK,Mardan,National Highway,Average,Clear,No Light,Bus/Coach,2,Over Speeding,0,0,1,1,3,0,High
2019,7,Thursday,7,Punjab,Faisalabad,National Highway,Good,Clear,Daylight,Rickshaw,2,Road Condition,1,0,0,0,2,1,Low
2023,2,Sunday,21,Punjab,Sargodha,National Highway,Average,Foggy,Street Light,Motorcycle,1,Wrong Overtaking,0,1,0,1,2,2,High
2021,5,Friday,7,Punjab,Gujranwala,Provincial Highway,Good,Clear,Daylight,Truck/Lorry,2,Driver Fatigue,1,0,0,0,2,0,Medium
2023,5,Friday,7,Sindh,Jacobabad,Provincial Highway,Under Repair,Clear,Daylight,Bus/Coach,1,Drunk Driving,1,0,0,0,10,2,High
2020,2,Thursday,10,KPK,Charsadda,Rural Road,Average,Clear,Daylight,Car/Taxi,1,Over Speeding,0,0,0,1,1,0,Medium
2023,11,Sunday,20,Punjab,Multan,Provincial Highway,Good,Foggy,No Light,Motorcycle,2,Over Speeding,1,1,0,1,11,2,High
2022,11,Tuesday,18,Punjab,Gujranwala,Provincial Highway,Average,Clear,Daylight,Truck/Lorry,2,Mechanical Failure,1,0,0,1,2,0,Low
2021,12,Friday,12,Sindh,Karachi,Motorway,Poor,Dusty/Smoggy,Daylight,Other,2,Mechanical Failure,1,0,0,1,5,0,Medium
2022,11,Monday,5,AJK,Mirpur,National Highway,Average,Foggy,Street Light,Motorcycle,1,Pedestrian Error,0,0,1,1,5,2,High
2018,11,Sunday,9,Sindh,Karachi,National Highway,Average,Clear,Daylight,Bus/Coach,1,Over Speeding,1,1,0,1,4,0,Medium
2019,12,Monday,15,KPK,Abbottabad,Rural Road,Average,Clear,Daylight,Car/Taxi,1,Mechanical Failure,0,0,0,1,0,0,Low
2018,9,Tuesday,16,Sindh,Kashmore,National Highway,Poor,Clear,Daylight,Motorcycle,2,Drunk Driving,0,0,0,0,2,0,High
2022,1,Tuesday,19,KPK,Abbottabad,Provincial Highway,Good,Rainy,Daylight,Motorcycle,2,Over Speeding,1,0,0,1,3,0,High
2019,12,Monday,17,AJK,Mirpur,Urban Road,Good,Clear,Daylight,Motorcycle,1,Over Speeding,1,0,0,1,1,0,Medium
2019,11,Sunday,14,Sindh,Jacobabad,Rural Road,Good,Foggy,Daylight,Car/Taxi,2,Pedestrian Error,0,1,0,1,0,0,Low
2020,10,Wednesday,21,Punjab,Rahim Yar Khan,Rural Road,Poor,Clear,No Light,Motorcycle,2,Over Speeding,0,0,0,0,9,1,High
2022,8,Tuesday,13,Balochistan,Turbat,Provincial Highway,Average,Foggy,Daylight,Motorcycle,1,Over Speeding,1,0,0,0,8,1,High
2018,6,Tuesday,18,Islamabad,Islamabad,Urban Road,Poor,Extreme Heat,Street Light,Rickshaw,1,Wrong Overtaking,1,0,0,0,2,0,Low
2023,10,Friday,18,Punjab,Sheikhupura,Provincial Highway,Average,Foggy,Street Light,Van/Pickup,2,Road Condition,1,0,0,0,1,1,Medium
2022,11,Sunday,22,Sindh,Larkana,National Highway,Average,Foggy,No Light,Bus/Coach,3,Mechanical Failure,0,1,1,1,7,3,High
2022,7,Saturday,10,KPK,Mansehra,Rural Road,Poor,Clear,Daylight,Truck/Lorry,2,Driver Fatigue,0,1,0,0,4,0,Medium
2019,2,Thursday,4,Sindh,Nawabshah,National Highway,Under Repair,Clear,No Light,Motorcycle,3,Wrong Overtaking,0,0,1,1,9,1,High
2021,11,Monday,7,Punjab,Faisalabad,Provincial Highway,Average,Clear,Daylight,Rickshaw,1,Road Condition,1,0,0,1,0,0,Low
2021,5,Wednesday,5,Sindh,Kashmore,Urban Road,Poor,Dusty/Smoggy,Street Light,Motorcycle,2,Over Speeding,0,0,1,0,8,2,High
2020,9,Friday,5,Punjab,Multan,Provincial Highway,Good,Extreme Heat,Dawn/Dusk,Car/Taxi,3,Wrong Overtaking,0,0,1,0,4,0,Medium
2021,7,Monday,8,Punjab,Faisalabad,Urban Road,Average,Clear,Daylight,Rickshaw,3,Wrong Overtaking,1,0,0,0,0,0,Low
2022,7,Monday,15,Gilgit-Baltistan,Skardu,Urban Road,Under Repair,Clear,Daylight,Bicycle,2,Pedestrian Error,0,0,0,0,1,0,Low
2023,3,Friday,12,Sindh,Karachi,National Highway,Good,Extreme Heat,Daylight,Motorcycle,2,Over Speeding,1,0,0,0,10,4,High
2019,4,Thursday,20,Balochistan,Dera Bugti,Provincial Highway,Poor,Rainy,Street Light,Motorcycle,2,Signal Violation,1,0,0,0,6,0,High
2018,3,Friday,8,KPK,Nowshera,Rural Road,Poor,Clear,Street Light,Bus/Coach,2,Mobile Phone Use,1,0,0,0,2,1,Low
2022,12,Monday,12,Sindh,Mirpur Khas,Urban Road,Poor,Clear,Daylight,Car/Taxi,2,Wrong Overtaking,1,0,0,1,1,0,Low
2021,5,Tuesday,9,Balochistan,Hub,National Highway,Good,Clear,Daylight,Car/Taxi,3,Signal Violation,1,0,0,0,5,1,Medium
2022,3,Sunday,15,Punjab,Rawalpindi,National Highway,Poor,Clear,Daylight,Motorcycle,2,Mechanical Failure,0,1,0,0,5,2,Medium
2023,7,Monday,13,Sindh,Karachi,Provincial Highway,Good,Foggy,Daylight,Bicycle,2,Over Speeding,1,0,0,0,9,1,High
2023,2,Tuesday,8,Sindh,Sukkur,Rural Road,Average,Foggy,Daylight,Rickshaw,2,Over Speeding,1,0,0,1,1,0,Medium
2022,1,Sunday,7,Sindh,Dadu,National Highway,Under Repair,Dusty/Smoggy,Daylight,Car/Taxi,2,Mechanical Failure,1,1,0,1,1,0,Low
2020,1,Friday,17,Punjab,Multan,National Highway,Average,Foggy,Daylight,Motorcycle,1,Wrong Overtaking,1,0,0,1,11,1,High
2022,2,Saturday,2,Punjab,Gujranwala,Provincial Highway,Average,Clear,No Light,Bus/Coach,3,Pedestrian Error,0,1,1,1,5,0,Medium
2022,9,Friday,9,Punjab,Sialkot,National Highway,Good,Rainy,Street Light,Car/Taxi,3,Over Speeding,1,0,0,0,11,0,High
2020,8,Thursday,10,Sindh,Dadu,Rural Road,Good,Rainy,Daylight,Rickshaw,4,Signal Violation,0,0,0,0,0,0,Low
2018,8,Sunday,7,AJK,Muzaffarabad,Provincial Highway,Good,Clear,Daylight,Bus/Coach,1,Over Speeding,1,1,0,0,3,1,Medium
2021,10,Wednesday,15,Islamabad,Islamabad,Rural Road,Good,Clear,Daylight,Rickshaw,3,Wrong Overtaking,0,0,0,0,2,0,Low
2021,5,Monday,15,Punjab,Gujranwala,Urban Road,Average,Dusty/Smoggy,Daylight,Car/Taxi,3,Over Speeding,0,0,0,0,2,0,Low
2020,5,Friday,12,Punjab,Sargodha,Urban Road,Poor,Foggy,Daylight,Car/Taxi,2,Over Speeding,1,0,0,0,5,0,Medium
2022,7,Wednesday,20,Punjab,Sheikhupura,National Highway,Average,Clear,No Light,Motorcycle,2,Driver Fatigue,1,0,0,0,3,1,High
2023,3,Wednesday,12,Punjab,Lahore,National Highway,Good,Extreme Heat,Daylight,Motorcycle,2,Over Speeding,1,0,0,0,6,2,High
2023,2,Monday,15,KPK,Mardan,Provincial Highway,Poor,Dusty/Smoggy,Daylight,Van/Pickup,1,Over Speeding,0,0,0,1,2,0,Low
2019,8,Monday,8,Balochistan,Hub,Urban Road,Poor,Foggy,Daylight,Rickshaw,3,Driver Fatigue,1,0,0,0,5,0,Medium
2021,11,Tuesday,7,Punjab,Gujranwala,National Highway,Poor,Clear,Daylight,Car/Taxi,3,Wrong Overtaking,1,0,0,1,2,1,Medium
2020,6,Wednesday,9,Punjab,Sheikhupura,National Highway,Average,Clear,Street Light,Rickshaw,1,Over Speeding,1,0,0,0,4,1,Medium
2023,5,Sunday,12,Punjab,Sargodha,Urban Road,Average,Clear,Daylight,Motorcycle,1,Pedestrian Error,1,1,0,0,0,0,Low
2021,11,Friday,20,Punjab,Rahim Yar Khan,National Highway,Good,Foggy,Street Light,Motorcycle,2,Wrong Overtaking,1,0,0,1,4,1,High
2022,12,Tuesday,20,KPK,Bannu,Provincial Highway,Good,Clear,No Light,Rickshaw,1,Road Condition,1,0,0,1,0,0,Low
2022,12,Sunday,18,Sindh,Jacobabad,National Highway,Good,Clear,Daylight,Car/Taxi,2,Over Speeding,1,1,0,1,2,2,Medium
2018,6,Monday,1,KPK,Mansehra,National Highway,Under Repair,Clear,Street Light,Rickshaw,4,Signal Violation,0,0,1,0,2,1,Medium
2020,11,Tuesday,9,Sindh,Nawabshah,Rural Road,Poor,Clear,Daylight,Car/Taxi,4,Pedestrian Error,1,0,0,1,2,0,Low
2022,11,Wednesday,10,Punjab,Lahore,Urban Road,Good,Clear,Daylight,Car/Taxi,2,Over Speeding,0,0,0,1,1,0,Medium
2018,12,Monday,7,Punjab,Sargodha,National Highway,Poor,Dusty/Smoggy,Daylight,Motorcycle,2,Road Condition,1,0,0,1,2,0,Medium
2023,6,Friday,12,Punjab,Multan,National Highway,Good,Clear,Daylight,Truck/Lorry,2,Signal Violation,1,0,0,0,8,4,High
2023,4,Wednesday,12,KPK,Dera Ismail Khan,Provincial Highway,Good,Foggy,Daylight,Car/Taxi,3,Over Speeding,1,0,0,0,1,2,Medium
2020,3,Tuesday,20,Balochistan,Khuzdar,National Highway,Poor,Rainy,Street Light,Car/Taxi,4,Driver Fatigue,1,0,0,0,1,1,Medium
2020,3,Sunday,9,KPK,Peshawar,Provincial Highway,Poor,Rainy,Daylight,Car/Taxi,2,Drunk Driving,1,1,0,0,7,0,High
2021,11,Saturday,11,Punjab,Sargodha,Urban Road,Average,Clear,Daylight,Bus/Coach,2,Wrong Overtaking,0,1,0,1,1,0,Low
2023,5,Tuesday,14,KPK,Dera Ismail Khan,National Highway,Good,Dusty/Smoggy,Dawn/Dusk,Car/Taxi,2,Signal Violation,0,0,0,0,3,0,Medium
2023,7,Saturday,18,Punjab,Sheikhupura,Rural Road,Average,Rainy,Daylight,Rickshaw,2,Wrong Overtaking,1,1,0,0,1,0,Low
2022,5,Thursday,14,Punjab,Lahore,Rural Road,Average,Foggy,Daylight,Motorcycle,3,Road Condition,0,0,0,0,1,1,Low
2018,9,Sunday,10,Sindh,Hyderabad,National Highway,Average,Clear,Daylight,Motorcycle,4,Drunk Driving,0,1,0,0,8,1,High
2019,1,Thursday,12,Sindh,Kashmore,Provincial Highway,Good,Foggy,Daylight,Motorcycle,1,Over Speeding,1,0,0,1,4,3,High
2022,12,Tuesday,18,KPK,Swat,Urban Road,Good,Clear,Daylight,Motorcycle,3,Road Condition,1,0,0,1,2,0,Low
2021,1,Tuesday,15,KPK,Bannu,National Highway,Good,Clear,Daylight,Car/Taxi,2,Over Speeding,0,0,0,1,2,0,Medium
2018,7,Thursday,7,Punjab,Rahim Yar Khan,National Highway,Good,Foggy,Street Light,Motorcycle,2,Mechanical Failure,1,0,0,0,10,1,High
2021,12,Saturday,8,Punjab,Bahawalpur,Provincial Highway,Average,Clear,Street Light,Motorcycle,1,Pedestrian Error,1,1,0,1,2,1,Medium
2020,5,Saturday,18,Punjab,Lahore,Provincial Highway,Good,Clear,Daylight,Car/Taxi,3,Signal Violation,1,1,0,0,0,0,Low
2018,5,Monday,13,Punjab,Multan,National Highway,Average,Clear,Daylight,Car/Taxi,2,Over Speeding,1,0,0,0,11,2,High
2020,10,Friday,14,Punjab,Sheikhupura,Urban Road,Average,Foggy,Dawn/Dusk,Motorcycle,2,Pedestrian Error,0,0,0,0,4,0,Medium
2019,12,Monday,7,KPK,Mardan,Rural Road,Good,Clear,Daylight,Motorcycle,2,Road Condition,1,0,0,1,0,0,Low
2022,2,Saturday,9,Punjab,Faisalabad,Urban Road,Poor,Clear,Dawn/Dusk,Motorcycle,3,Signal Violation,1,1,0,1,2,0,Low
2023,7,Tuesday,19,KPK,Mansehra,National Highway,Good,Clear,Daylight,Van/Pickup,2,Drunk Driving,1,0,0,0,3,1,Medium
2019,7,Saturday,19,Sindh,Nawabshah,National Highway,Average,Clear,Dawn/Dusk,Motorcycle,3,Road Condition,1,1,0,0,3,0,Medium
2019,12,Friday,23,Punjab,Sialkot,Urban Road,Good,Clear,Street Light,Motorcycle,1,Weather Condition,0,0,1,1,0,0,Low
2021,8,Friday,14,Punjab,Rahim Yar Khan,Urban Road,Poor,Foggy,Dawn/Dusk,Motorcycle,2,Signal Violation,0,0,0,0,6,1,High
2020,6,Saturday,6,KPK,Peshawar,Urban Road,Poor,Clear,Daylight,Car/Taxi,2,Signal Violation,0,1,0,0,2,0,Low
2020,2,Thursday,17,Sindh,Dadu,National Highway,Good,Rainy,Daylight,Rickshaw,2,Signal Violation,1,0,0,1,3,1,High
2022,1,Tuesday,13,Punjab,Faisalabad,Provincial Highway,Good,Foggy,Daylight,Motorcycle,1,Wrong Overtaking,1,0,0,1,9,2,High
2018,4,Tuesday,2,Islamabad,Islamabad,National Highway,Good,Clear,No Light,Motorcycle,2,Signal Violation,0,0,1,0,6,2,High
2022,1,Wednesday,20,Punjab,Sargodha,Provincial Highway,Poor,Clear,Street Light,Rickshaw,2,Mechanical Failure,1,0,0,1,1,0,Low
2020,7,Thursday,12,Islamabad,Islamabad,Provincial Highway,Good,Clear,Daylight,Truck/Lorry,1,Wrong Overtaking,1,0,0,0,4,0,Medium
2023,2,Wednesday,2,Punjab,Lahore,National Highway,Poor,Foggy,No Light,Truck/Lorry,2,Road Condition,0,0,1,1,5,0,Medium
2019,2,Sunday,23,KPK,Peshawar,Urban Road,Good,Clear,Street Light,Motorcycle,2,Over Speeding,0,1,1,1,3,1,High
2019,9,Thursday,21,Sindh,Dadu,National Highway,Poor,Foggy,Street Light,Car/Taxi,1,Over Speeding,0,0,0,0,10,1,High
2020,6,Friday,23,Sindh,Jacobabad,Rural Road,Poor,Clear,Street Light,Motorcycle,2,Over Speeding,0,0,1,0,11,3,High
2018,6,Saturday,22,Punjab,Gujranwala,Urban Road,Poor,Rainy,Street Light,Car/Taxi,1,Wrong Overtaking,0,1,1,0,5,1,Medium
2021,8,Monday,8,Punjab,Rahim Yar Khan,Rural Road,Good,Clear,Dawn/Dusk,Truck/Lorry,2,Drunk Driving,1,0,0,0,2,0,Medium
2020,5,Friday,23,KPK,Abbottabad,Rural Road,Poor,Dusty/Smoggy,Street Light,Car/Taxi,2,Over Speeding,0,0,1,0,1,0,Low
2022,4,Sunday,5,Balochistan,Chaman,Provincial Highway,Good,Foggy,Street Light,Car/Taxi,2,Drunk Driving,0,1,1,0,5,1,High
2019,3,Friday,17,Sindh,Karachi,Urban Road,Poor,Foggy,Daylight,Motorcycle,1,Mechanical Failure,1,0,0,0,2,0,Medium
2022,10,Sunday,19,Punjab,Bahawalpur,Provincial Highway,Under Repair,Clear,No Light,Motorcycle,4,Over Speeding,1,1,0,0,9,2,High
2023,4,Monday,14,Punjab,Multan,Provincial Highway,Good,Rainy,Daylight,Motorcycle,1,Pedestrian Error,0,0,0,0,3,0,Medium
2019,2,Thursday,17,KPK,Mardan,National Highway,Poor,Clear,Daylight,Truck/Lorry,2,Pedestrian Error,1,0,0,1,1,0,Low
2023,5,Sunday,14,Punjab,Sargodha,National Highway,Good,Dusty/Smoggy,Daylight,Van/Pickup,2,Wrong Overtaking,0,1,0,0,2,0,Low
2020,5,Monday,6,Punjab,Multan,National Highway,Poor,Dusty/Smoggy,Daylight,Car/Taxi,1,Signal Violation,0,0,0,0,3,0,Medium
2021,7,Friday,12,KPK,Swat,Urban Road,Good,Foggy,Dawn/Dusk,Motorcycle,2,Signal Violation,1,0,0,0,4,0,Medium
2022,6,Saturday,12,Sindh,Nawabshah,Urban Road,Average,Clear,No Light,Rickshaw,2,Wrong Overtaking,1,1,0,0,0,0,Low
2020,2,Monday,15,Punjab,Faisalabad,National Highway,Poor,Rainy,Daylight,Motorcycle,2,Road Condition,0,0,0,1,10,2,High
2023,4,Sunday,9,Punjab,Gujranwala,Provincial Highway,Good,Clear,Daylight,Motorcycle,2,Driver Fatigue,1,1,0,0,8,1,High
2019,6,Monday,13,KPK,Bannu,Provincial Highway,Poor,Foggy,No Light,Van/Pickup,1,Mechanical Failure,1,0,0,0,2,0,Low
2022,4,Tuesday,13,Punjab,Rawalpindi,National Highway,Good,Dusty/Smoggy,Daylight,Truck/Lorry,1,Over Speeding,1,0,0,0,4,0,Medium
2019,11,Monday,22,Balochistan,Gwadar,Urban Road,Good,Clear,Street Light,Motorcycle,1,Signal Violation,0,0,1,1,4,0,Medium
2020,2,Sunday,12,Punjab,Rawalpindi,Urban Road,Average,Clear,Daylight,Other,2,Wrong Overtaking,1,1,0,1,1,0,Low
2021,10,Friday,1,Punjab,Sargodha,National Highway,Average,Rainy,No Light,Rickshaw,2,Over Speeding,0,0,1,0,5,0,High
2019,6,Saturday,11,KPK,Abbottabad,Urban Road,Good,Foggy,Daylight,Car/Taxi,2,Over Speeding,0,1,0,0,3,1,Medium
2022,11,Wednesday,8,Sindh,Jacobabad,Provincial Highway,Good,Clear,Daylight,Motorcycle,1,Pedestrian Error,1,0,0,1,2,0,Low
2023,7,Wednesday,15,Punjab,Gujranwala,Provincial Highway,Average,Clear,Daylight,Other,1,Mechanical Failure,0,0,0,0,1,0,Low
2023,6,Tuesday,18,Punjab,Rawalpindi,Urban Road,Average,Extreme Heat,Daylight,Van/Pickup,1,Signal Violation,1,0,0,0,0,0,Low
2022,11,Saturday,20,Punjab,Lahore,National Highway,Good,Clear,No Light,Car/Taxi,2,Driver Fatigue,1,1,0,1,5,0,Medium
2022,3,Thursday,19,KPK,Kohat,National Highway,Good,Rainy,Dawn/Dusk,Car/Taxi,2,Wrong Overtaking,1,0,0,0,3,1,Medium
2021,2,Saturday,19,Punjab,Sheikhupura,Rural Road,Poor,Extreme Heat,No Light,Bus/Coach,2,Over Speeding,1,1,0,1,1,0,Medium
2021,8,Thursday,10,KPK,Dera Ismail Khan,Provincial Highway,Poor,Clear,Daylight,Motorcycle,4,Road Condition,0,0,0,0,2,2,Medium
2018,4,Thursday,8,Sindh,Larkana,Provincial Highway,Good,Clear,Daylight,Truck/Lorry,3,Road Condition,1,0,0,0,2,0,Low
2023,5,Wednesday,9,Sindh,Dadu,Rural Road,Good,Clear,Daylight,Motorcycle,4,Mechanical Failure,1,0,0,0,1,1,Medium
2019,12,Monday,11,KPK,Dera Ismail Khan,National Highway,Poor,Clear,Dawn/Dusk,Truck/Lorry,1,Pedestrian Error,0,0,0,1,2,0,Medium
2022,12,Thursday,18,Sindh,Sukkur,Rural Road,Good,Clear,Daylight,Motorcycle,2,Wrong Overtaking,1,0,0,1,0,0,Low
2022,7,Saturday,19,Punjab,Bahawalpur,National Highway,Average,Foggy,No Light,Car/Taxi,2,Road Condition,1,1,0,0,4,2,Medium
2022,6,Wednesday,4,Punjab,Gujranwala,Urban Road,Average,Clear,No Light,Motorcycle,1,Driver Fatigue,0,0,1,0,2,0,High
2022,2,Friday,19,Punjab,Sialkot,Provincial Highway,Poor,Foggy,Dawn/Dusk,Motorcycle,2,Over Speeding,1,0,0,1,8,2,High
2019,4,Saturday,12,KPK,Swat,Rural Road,Good,Dusty/Smoggy,Daylight,Car/Taxi,2,Pedestrian Error,1,1,0,0,2,1,Low
2023,6,Sunday,13,KPK,Mansehra,Motorway,Good,Clear,Daylight,Motorcycle,2,Over Speeding,1,1,0,0,9,0,High
2020,3,Friday,17,Punjab,Rawalpindi,Rural Road,Good,Rainy,Daylight,Rickshaw,1,Road Condition,1,0,0,0,0,0,Low