year,month,day_of_week,hour_of_day,province,district,road_type,road_condition,weather_condition,lighting_condition,vehicle_type,vehicles_involved,accident_cause,is_rush_hour,is_weekend,is_night,is_foggy_month,num_injured,num_killed,severity
2020,2,Saturday,14,Balochistan,Loralai,Urban Road,Average,Clear,Daylight,Motorcycle,4,Signal Violation,0,1,0,1,5,0,Medium
2023,7,Saturday,4,Sindh,Larkana,National Highway,Good,Rainy,No Light,Motorcycle,3,Over Speeding,0,1,1,0,6,2,High
2020,2,Monday,10,Sindh,Mirpur Khas,Rural Road,Average,Clear,Daylight,Truck/Lorry,3,Wrong Overtaking,0,0,0,1,3,1,Medium
2020,7,Friday,17,Punjab,Sialkot,National Highway,Poor,Clear,Daylight,Van/Pickup,4,Over Speeding,1,0,0,0,4,0,Medium
2018,12,Sunday,23,Punjab,Gujranwala,National Highway,Average,Clear,Street Light,Car/Taxi,1,Signal Violation,0,1,1,1,1,0,Medium
2019,1,Monday,12,Sindh,Hyderabad,National Highway,Average,Dusty/Smoggy,Daylight,Rickshaw,2,Road Condition,1,0,0,1,1,0,Medium
2023,1,Wednesday,14,Punjab,Multan,Urban Road,Good,Clear,Dawn/Dusk,Motorcycle,1,Road Condition,0,0,0,1,2,0,Low
2018,10,Friday,18,Sindh,Thatta,Provincial Highway,Poor,Dusty/Smoggy,Daylight,Van/Pickup,1,Over Speeding,1,0,0,0,0,0,Low
2018,12,Friday,13,Gilgit-Baltistan,Hunza,Rural Road,Good,Rainy,Daylight,Car/Taxi,1,Over Speeding,1,0,0,1,2,0,Medium
2022,8,Sunday,8,KPK,Dera Ismail Khan,Provincial Highway,Average,Clear,Dawn/Dusk,Motorcycle,1,Over Speeding,1,1,0,0,5,2,High
2018,5,Tuesday,19,Sindh,Hyderabad,Urban Road,Poor,Clear,Dawn/Dusk,Van/Pickup,2,Mechanical Failure,1,0,0,0,1,0,Low
2021,3,Sunday,8,Sindh,Larkana,National Highway,Average,Dusty/Smoggy,Daylight,Rickshaw,2,Pedestrian Error,1,1,0,0,0,0,Low
2023,9,Saturday,11,Punjab,Sheikhupura,Urban Road,Good,Clear,Dawn/Dusk,Rickshaw,1,Wrong Overtaking,0,1,0,0,0,0,Low
2018,5,Saturday,7,Islamabad,Islamabad,Provincial Highway,Average,Rainy,Daylight,Motorcycle,2,Mechanical Failure,1,1,0,0,1,1,Medium
2023,7,Monday,18,Islamabad,Islamabad,Rural Road,Average,Dusty/Smoggy,Street Light,Car/Taxi,2,Wrong Overtaking,1,0,0,0,1,0,Low
2023,8,Thursday,21,KPK,Mansehra,Urban Road,Poor,Clear,No Light,Motorcycle,2,Driver Fatigue,0,0,0,0,1,1,Medium
2020,7,Friday,21,Punjab,Bahawalpur,Urban Road,Poor,Rainy,No Light,Truck/Lorry,1,Road Condition,0,0,0,0,2,0,Medium
2023,6,Thursday,0,Punjab,Sheikhupura,Rural Road,Good,Foggy,Street Light,Van/Pickup,2,Driver Fatigue,0,0,1,0,2,1,Medium
2022,8,Friday,8,Punjab,Gujranwala,National Highway,Good,Extreme Heat,Daylight,Motorcycle,2,Mobile Phone Use,1,0,0,0,7,2,High
2020,6,Monday,18,Sindh,Mirpur Khas,Motorway,Average,Foggy,Dawn/Dusk,Motorcycle,1,Pedestrian Error,1,0,0,0,3,1,Medium
2021,11,Monday,19,Punjab,Sheikhupura,National Highway,Average,Rainy,Dawn/Dusk,Car/Taxi,1,Drunk Driving,1,0,0,1,7,1,High
2021,1,Sunday,1,KPK,Mansehra,National Highway,Under Repair,Clear,Street Light,Bicycle,1,Over Speeding,0,1,1,1,11,0,High
2021,7,Wednesday,17,Sindh,Jacobabad,Rural Road,Poor,Extreme Heat,Dawn/Dusk,Motorcycle,1,Over Speeding,1,0,0,0,4,0,High
2020,5,Tuesday,19,Punjab,Bahawalpur,Provincial Highway,Average,Clear,Dawn/Dusk,Car/Taxi,1,Pedestrian Error,1,0,0,0,2,0,Low
2020,2,Thursday,14,KPK,Charsadda,National Highway,Under Repair,Clear,Daylight,Bus/Coach,2,Pedestrian Error,0,0,0,1,4,1,Medium
2023,1,Monday,16,Punjab,Rawalpindi,National Highway,Good,Rainy,Daylight,Motorcycle,2,Over Speeding,0,0,0,1,6,2,High
2023,8,Monday,14,KPK,Kohat,National Highway,Good,Clear,Daylight,Car/Taxi,2,Drunk Driving,0,0,0,0,4,0,Medium
2023,4,Tuesday,16,Punjab,Lahore,Provincial Highway,Good,Clear,Daylight,Car/Taxi,4,Over Speeding,0,0,0,0,1,0,Low
2020,6,Thursday,10,Punjab,Rawalpindi,National Highway,Good,Clear,Daylight,Rickshaw,1,Road Condition,0,0,0,0,2,1,Low
2019,7,Tuesday,7,Punjab,Faisalabad,National Highway,Good,Clear,Daylight,Motorcycle,4,Signal Violation,1,0,0,0,4,0,Medium
2023,1,Tuesday,7,AJK,Mirpur,Rural Road,Good,Rainy,Street Light,Bus/Coach,2,Pedestrian Error,1,0,0,1,5,0,Medium
2021,7,Friday,7,Sindh,Hyderabad,Urban Road,Under Repair,Clear,Daylight,Motorcycle,1,Road Condition,1,0,0,0,0,0,Low
2018,3,Saturday,2,Sindh,Hyderabad,National Highway,Under Repair,Clear,Street Light,Car/Taxi,2,Road Condition,0,1,1,0,1,0,Low
2022,12,Thursday,18,Punjab,Lahore,National Highway,Average,Dusty/Smoggy,Daylight,Motorcycle,3,Mobile Phone Use,1,0,0,1,1,1,Medium
2018,3,Friday,18,KPK,Mansehra,Urban Road,Good,Rainy,Daylight,Car/Taxi,2,Over Speeding,1,0,0,0,3,1,Medium
2019,5,Thursday,20,Punjab,Multan,Rural Road,Good,Clear,No Light,Van/Pickup,1,Signal Violation,1,0,0,0,0,1,Low
2021,6,Wednesday,14,AJK,Mirpur,Provincial Highway,Average,Clear,Daylight,Motorcycle,1,Over Speeding,0,0,0,0,6,0,High
2018,12,Wednesday,8,Islamabad,Islamabad,Rural Road,Good,Foggy,Daylight,Rickshaw,2,Over Speeding,1,0,0,1,3,0,Medium
2023,5,Friday,11,KPK,Mardan,Rural Road,Good,Rainy,Daylight,Other,1,Over Speeding,0,0,0,0,1,0,Medium
2022,8,Friday,16,AJK,Rawalakot,Provincial Highway,Average,Clear,Daylight,Motorcycle,1,Wrong Overtaking,0,0,0,0,4,0,Medium
2023,12,Saturday,20,Punjab,Gujranwala,Rural Road,Good,Foggy,Street Light,Bicycle,1,Over Speeding,1,1,0,1,7,0,High
2021,8,Friday,16,Punjab,Faisalabad,National Highway,Good,Rainy,Daylight,Bus/Coach,4,Wrong Overtaking,0,0,0,0,11,4,High
2022,9,Saturday,17,Punjab,Bahawalpur,Urban Road,Good,Clear,Daylight,Bicycle,1,Wrong Overtaking,1,1,0,0,4,1,Medium
2021,12,Thursday,1,Punjab,Multan,Provincial Highway,Good,Rainy,No Light,Van/Pickup,2,Drunk Driving,0,0,1,1,3,0,Medium
2021,6,Sunday,15,AJK,Mirpur,National Highway,Poor,Rainy,Street Light,Motorcycle,1,Signal Violation,0,1,0,0,4,0,High
2022,4,Friday,18,Punjab,Gujranwala,Rural Road,Poor,Rainy,Street Light,Motorcycle,3,Pedestrian Error,1,0,0,0,1,0,Low
2018,8,Sunday,7,Balochistan,Chaman,Rural Road,Good,Clear,Daylight,Truck/Lorry,2,Over Speeding,1,1,0,0,0,0,Low
2020,8,Wednesday,5,KPK,Mansehra,Provincial Highway,Poor,Foggy,Dawn/Dusk,Motorcycle,2,Over Speeding,0,0,1,0,3,2,High
2019,1,Wednesday,18,Punjab,Lahore,Urban Road,Good,Rainy,Street Light,Van/Pickup,4,Over Speeding,1,0,0,1,5,0,Medium
2018,12,Wednesday,13,Punjab,Sialkot,Provincial Highway,Poor,Foggy,Daylight,Rickshaw,2,Pedestrian Error,1,0,0,1,2,0,Low
2023,5,Friday,17,Punjab,Lahore,Urban Road,Poor,Clear,Daylight,Car/Taxi,1,Drunk Driving,1,0,0,0,2,0,Low
2019,6,Wednesday,11,Punjab,Sialkot,National Highway,Average,Extreme Heat,Daylight,Truck/Lorry,2,Wrong Overtaking,0,0,0,0,3,1,Medium
2019,9,Friday,11,Sindh,Jacobabad,Provincial Highway,Average,Clear,Daylight,Motorcycle,2,Over Speeding,0,0,0,0,3,0,Medium
2022,9,Friday,20,Sindh,Nawabshah,National Highway,Average,Clear,No Light,Rickshaw,1,Wrong Overtaking,1,0,0,0,5,0,Medium
2019,3,Sunday,17,Sindh,Larkana,Motorway,Good,Dusty/Smoggy,Dawn/Dusk,Motorcycle,3,Over Speeding,1,1,0,0,9,3,High
2020,6,Wednesday,10,KPK,Swat,Provincial Highway,Under Repair,Clear,Daylight,Rickshaw,1,Over Speeding,0,0,0,0,1,0,Low
2021,11,Thursday,16,Punjab,Faisalabad,Provincial Highway,Average,Rainy,Street Light,Car/Taxi,1,Mobile Phone Use,0,0,0,1,0,0,Low
2022,10,Sunday,21,Punjab,Faisalabad,Motorway,Good,Dusty/Smoggy,No Light,Motorcycle,3,Road Condition,0,1,0,0,3,0,Medium
2023,11,Friday,5,KPK,Nowshera,Rural Road,Average,Foggy,Street Light,Bus/Coach,3,Over Speeding,0,0,1,1,6,2,High
2022,7,Tuesday,20,Punjab,Rahim Yar Khan,Urban Road,Average,Clear,Street Light,Bicycle,2,Driver Fatigue,1,0,0,0,2,1,Medium
2018,6,Friday,8,Punjab,Bahawalpur,Urban Road,Good,Clear,Daylight,Car/Taxi,3,Over Speeding,1,0,0,0,2,0,Low
2020,5,Tuesday,20,KPK,Mansehra,Rural Road,Poor,Clear,No Light,Motorcycle,2,Over Speeding,1,0,0,0,2,1,Medium
2018,8,Tuesday,20,Islamabad,Islamabad,Motorway,Average,Clear,Street Light,Motorcycle,2,Wrong Overtaking,1,0,0,0,1,2,Medium
2020,3,Saturday,16,Balochistan,Zhob,Rural Road,Good,Clear,Daylight,Bus/Coach,2,Pedestrian Error,0,1,0,0,1,0,Low
2023,10,Friday,18,Punjab,Sargodha,National Highway,Average,Clear,Street Light,Motorcycle,3,Drunk Driving,1,0,0,0,11,4,High
2023,12,Thursday,9,Sindh,Sukkur,Urban Road,Good,Dusty/Smoggy,Daylight,Car/Taxi,3,Road Condition,1,0,0,1,1,0,Low
2022,4,Monday,21,Punjab,Rahim Yar Khan,Motorway,Good,Clear,Street Light,Motorcycle,4,Over Speeding,0,0,0,0,10,3,High
2018,7,Sunday,10,Islamabad,Islamabad,National Highway,Good,Rainy,Daylight,Rickshaw,2,Wrong Overtaking,0,1,0,0,5,1,Medium
2022,12,Thursday,13,Punjab,Faisalabad,Provincial Highway,Average,Rainy,Daylight,Car/Taxi,1,Road Condition,1,0,0,1,0,0,Low
2020,10,Thursday,20,Punjab,Multan,Motorway,Good,Dusty/Smoggy,No Light,Truck/Lorry,1,Mechanical Failure,1,0,0,0,1,0,Medium
2020,4,Saturday,5,Balochistan,Turbat,Urban Road,Good,Rainy,Dawn/Dusk,Motorcycle,2,Wrong Overtaking,0,1,1,0,1,0,Medium
2018,8,Friday,8,Islamabad,Islamabad,Provincial Highway,Good,Clear,Daylight,Motorcycle,2,Road Condition,1,0,0,0,1,0,Medium
2023,12,Monday,17,KPK,Nowshera,Urban Road,Average,Clear,Daylight,Rickshaw,4,Road Condition,1,0,0,1,1,1,Low
2021,5,Friday,12,Punjab,Sheikhupura,Motorway,Poor,Foggy,Daylight,Motorcycle,2,Wrong Overtaking,1,0,0,0,5,1,High
2020,1,Monday,20,Sindh,Jacobabad,National Highway,Good,Clear,No Light,Motorcycle,1,Over Speeding,1,0,0,1,6,2,High
2020,2,Friday,7,KPK,Kohat,National Highway,Poor,Extreme Heat,Daylight,Motorcycle,1,Over Speeding,1,0,0,1,10,2,High
2022,8,Sunday,21,Sindh,Sukkur,Urban Road,Poor,Clear,Street Light,Motorcycle,2,Over Speeding,0,1,0,0,5,0,High
2023,6,Friday,10,Punjab,Lahore,Urban Road,Good,Rainy,Daylight,Motorcycle,1,Over Speeding,0,0,0,0,9,1,High
2019,2,Tuesday,8,Punjab,Lahore,Urban Road,Average,Dusty/Smoggy,Street Light,Motorcycle,3,Over Speeding,1,0,0,1,1,2,Medium
2023,6,Friday,14,Balochistan,Khuzdar,Provincial Highway,Good,Clear,Daylight,Motorcycle,4,Wrong Overtaking,0,0,0,0,3,1,Medium
2023,1,Thursday,21,Sindh,Larkana,Motorway,Average,Clear,No Light,Car/Taxi,1,Mobile Phone Use,0,0,0,1,0,0,Low
2019,1,Monday,12,KPK,Kohat,Urban Road,Average,Clear,Dawn/Dusk,Car/Taxi,2,Wrong Overtaking,1,0,0,1,0,0,Low
2023,11,Monday,15,Punjab,Sheikhupura,Provincial Highway,Average,Clear,Street Light,Car/Taxi,1,Over Speeding,0,0,0,1,5,1,Medium
2021,4,Thursday,17,Sindh,Hyderabad,Urban Road,Poor,Foggy,Daylight,Truck/Lorry,2,Mechanical Failure,1,0,0,0,5,0,Medium
2021,6,Monday,17,AJK,Muzaffarabad,Rural Road,Average,Clear,Daylight,Motorcycle,2,Road Condition,1,0,0,0,1,1,Low
2023,6,Sunday,23,Punjab,Multan,Rural Road,Average,Foggy,No Light,Car/Taxi,2,Signal Violation,0,1,1,0,2,1,Low
2020,3,Friday,18,KPK,Abbottabad,Rural Road,Poor,Clear,No Light,Car/Taxi,2,Wrong Overtaking,1,0,0,0,1,0,Low
2019,4,Friday,11,Punjab,Bahawalpur,Urban Road,Under Repair,Clear,Street Light,Motorcycle,1,Driver Fatigue,0,0,0,0,4,1,High
2022,2,Tuesday,22,Punjab,Lahore,National Highway,Good,Clear,Street Light,Car/Taxi,3,Over Speeding,0,0,1,1,11,0,High
2022,1,Wednesday,9,KPK,Peshawar,Urban Road,Good,Dusty/Smoggy,Daylight,Motorcycle,1,Signal Violation,1,0,0,1,1,2,Medium
2019,7,Tuesday,19,Balochistan,Sibi,Urban Road,Average,Clear,Street Light,Car/Taxi,3,Road Condition,1,0,0,0,0,0,Low
2018,6,Tuesday,12,KPK,Peshawar,National Highway,Under Repair,Clear,Daylight,Car/Taxi,1,Over Speeding,1,0,0,0,1,0,Medium
2020,11,Monday,10,Punjab,Multan,Provincial Highway,Good,Rainy,Daylight,Motorcycle,3,Road Condition,0,0,0,1,5,2,High
2018,9,Sunday,13,Punjab,Bahawalpur,National Highway,Under Repair,Clear,Daylight,Car/Taxi,2,Over Speeding,1,1,0,0,5,0,Medium
2023,11,Thursday,8,Balochistan,Gwadar,Provincial Highway,Poor,Clear,Daylight,Bicycle,2,Over Speeding,1,0,0,1,4,0,Medium
2022,7,Friday,2,Punjab,Gujranwala,Provincial Highway,Good,Dusty/Smoggy,No Light,Car/Taxi,2,Signal Violation,0,0,1,0,3,0,Medium
2019,11,Monday,11,KPK,Mardan,National Highway,Good,Rainy,Street Light,Rickshaw,2,Road Condition,0,0,0,1,4,1,Medium
2023,6,Monday,18,Punjab,Sheikhupura,Urban Road,Good,Rainy,Daylight,Motorcycle,2,Weather Condition,1,0,0,0,2,0,Low
2022,8,Monday,22,Islamabad,Islamabad,Urban Road,Good,Clear,Street Light,Motorcycle,3,Over Speeding,0,0,1,0,10,2,High
2023,2,Saturday,7,Balochistan,Dera Bugti,Rural Road,Poor,Foggy,Daylight,Rickshaw,3,Weather Condition,1,1,0,1,0,0,Low
2021,11,Wednesday,16,Punjab,Sheikhupura,Rural Road,Good,Rainy,Street Light,Truck/Lorry,2,Over Speeding,0,0,0,1,1,0,Medium
2019,1,Sunday,13,KPK,Abbottabad,Urban Road,Good,Rainy,Daylight,Motorcycle,2,Pedestrian Error,1,1,0,1,2,0,Medium
2018,2,Tuesday,9,Punjab,Bahawalpur,Urban Road,Good,Clear,Daylight,Car/Taxi,1,Wrong Overtaking,1,0,0,1,1,0,Low
2018,6,Friday,18,Punjab,Sheikhupura,National Highway,Good,Clear,Daylight,Motorcycle,3,Over Speeding,1,0,0,0,9,0,High
2021,8,Thursday,19,Sindh,Sukkur,National Highway,Good,Extreme Heat,Dawn/Dusk,Car/Taxi,2,Weather Condition,1,0,0,0,5,0,Medium
2018,11,Thursday,18,Sindh,Karachi,Motorway,Under Repair,Clear,Daylight,Bicycle,3,Over Speeding,1,0,0,1,9,1,High
2022,4,Saturday,15,Punjab,Faisalabad,Motorway,Good,Extreme Heat,Daylight,Motorcycle,2,Over Speeding,0,1,0,0,6,3,High
2020,7,Monday,10,Sindh,Thatta,National Highway,Good,Clear,Daylight,Bus/Coach,4,Drunk Driving,0,0,0,0,11,3,High
2019,7,Saturday,22,Punjab,Lahore,Urban Road,Good,Foggy,No Light,Truck/Lorry,2,Wrong Overtaking,0,1,1,0,5,0,Medium
2023,6,Wednesday,9,Punjab,Sargodha,Urban Road,Good,Rainy,Daylight,Bus/Coach,3,Over Speeding,1,0,0,0,5,2,High
2022,7,Friday,14,Sindh,Hyderabad,National Highway,Average,Rainy,Street Light,Motorcycle,2,Pedestrian Error,0,0,0,0,9,1,High
2022,11,Wednesday,9,Sindh,Sukkur,Urban Road,Poor,Dusty/Smoggy,Daylight,Truck/Lorry,2,Mobile Phone Use,1,0,0,1,0,0,Low
2023,7,Wednesday,12,KPK,Swat,Urban Road,Good,Foggy,Daylight,Truck/Lorry,2,Over Speeding,1,0,0,0,4,1,Medium
2019,3,Tuesday,11,Sindh,Sukkur,Provincial Highway,Good,Clear,Daylight,Car/Taxi,2,Mobile Phone Use,0,0,0,0,0,0,Low
2018,7,Wednesday,13,Balochistan,Gwadar,Rural Road,Poor,Foggy,Dawn/Dusk,Motorcycle,3,Drunk Driving,1,0,0,0,3,2,High
2021,9,Friday,22,Sindh,Mirpur Khas,Motorway,Average,Clear,Street Light,Car/Taxi,1,Over Speeding,0,0,1,0,11,1,High
2021,12,Wednesday,11,Punjab,Sialkot,Rural Road,Good,Foggy,Daylight,Van/Pickup,2,Wrong Overtaking,0,0,0,1,2,0,Medium
2018,5,Saturday,9,Sindh,Mirpur Khas,National Highway,Under Repair,Clear,Street Light,Motorcycle,1,Wrong Overtaking,1,1,0,0,5,0,Medium
2021,8,Sunday,10,KPK,Bannu,National Highway,Good,Foggy,Daylight,Motorcycle,4,Signal Violation,0,1,0,0,4,3,High
2020,11,Thursday,18,Sindh,Kashmore,Provincial Highway,Average,Foggy,Daylight,Motorcycle,2,Over Speeding,1,0,0,1,5,3,High
2021,11,Sunday,10,KPK,Bannu,Rural Road,Poor,Clear,Daylight,Motorcycle,1,Over Speeding,0,1,0,1,4,0,Medium
2022,2,Wednesday,21,Punjab,Sialkot,National Highway,Under Repair,Clear,No Light,Car/Taxi,2,Road Condition,0,0,0,1,1,0,Low
2019,12,Wednesday,20,Punjab,Sialkot,Urban Road,Good,Clear,No Light,Motorcycle,2,Signal Violation,1,0,0,1,0,0,Low
2023,4,Saturday,16,KPK,Bannu,National Highway,Under Repair,Rainy,Daylight,Rickshaw,3,Weather Condition,0,1,0,0,2,0,Medium
2020,2,Sunday,13,Punjab,Sargodha,Provincial Highway,Good,Clear,Street Light,Car/Taxi,1,Wrong Overtaking,1,1,0,1,2,0,Low
2018,8,Tuesday,7,Sindh,Nawabshah,Rural Road,Poor,Clear,Daylight,Car/Taxi,2,Road Condition,1,0,0,0,1,0,Low
2023,1,Thursday,11,Sindh,Dadu,Provincial Highway,Average,Dusty/Smoggy,Daylight,Motorcycle,2,Over Speeding,0,0,0,1,9,2,High
2023,8,Friday,8,Sindh,Jacobabad,Urban Road,Good,Clear,Daylight,Car/Taxi,1,Wrong Overtaking,1,0,0,0,2,0,Low
2018,7,Friday,18,Sindh,Thatta,National Highway,Average,Dusty/Smoggy,Daylight,Rickshaw,2,Signal Violation,1,0,0,0,3,0,Medium
2019,10,Tuesday,17,Punjab,Rahim Yar Khan,National Highway,Average,Clear,Daylight,Bus/Coach,2,Mechanical Failure,1,0,0,0,5,1,Medium
2023,7,Saturday,10,AJK,Rawalakot,Rural Road,Poor,Foggy,Daylight,Motorcycle,1,Road Condition,0,1,0,0,1,0,Medium
2023,2,Tuesday,11,KPK,Kohat,Motorway,Average,Foggy,Daylight,Rickshaw,2,Over Speeding,0,0,0,1,9,1,High
2022,8,Thursday,8,Sindh,Thatta,National Highway,Poor,Clear,Daylight,Car/Taxi,2,Drunk Driving,1,0,0,0,4,1,Medium
2020,6,Thursday,4,Punjab,Rahim Yar Khan,Provincial Highway,Good,Clear,No Light,Rickshaw,2,Over Speeding,0,0,1,0,2,1,Medium
2020,10,Wednesday,8,Punjab,Lahore,National Highway,Good,Dusty/Smoggy,No Light,Motorcycle,3,Mobile Phone Use,1,0,0,0,2,0,Medium
2023,7,Saturday,3,KPK,Nowshera,Urban Road,Average,Clear,No Light,Motorcycle,2,Road Condition,0,1,1,0,4,2,Medium
2021,11,Wednesday,21,Punjab,Faisalabad,Rural Road,Average,Rainy,Street Light,Car/Taxi,1,Pedestrian Error,0,0,0,1,2,0,Low
2022,12,Tuesday,13,Punjab,Rawalpindi,Provincial Highway,Good,Clear,Daylight,Van/Pickup,3,Mechanical Failure,1,0,0,1,0,0,Low
2023,1,Sunday,16,Punjab,Bahawalpur,National Highway,Good,Dusty/Smoggy,Daylight,Motorcycle,4,Mechanical Failure,0,1,0,1,4,0,Medium
2020,9,Thursday,23,Sindh,Sukkur,Urban Road,Average,Foggy,Street Light,Motorcycle,2,Over Speeding,0,0,1,0,11,0,High
2021,10,Thursday,13,KPK,Dera Ismail Khan,National Highway,Average,Foggy,Street Light,Car/Taxi,1,Wrong Overtaking,1,0,0,0,8,2,High
2018,12,Monday,15,Sindh,Jacobabad,Rural Road,Good,Foggy,Dawn/Dusk,Motorcycle,1,Pedestrian Error,0,0,0,1,3,0,Medium
2022,7,Friday,11,Balochistan,Zhob,Rural Road,Under Repair,Foggy,Street Light,Motorcycle,2,Mechanical Failure,0,0,0,0,1,2,Medium
2020,6,Thursday,4,Punjab,Rawalpindi,Urban Road,Good,Rainy,No Light,Rickshaw,2,Road Condition,0,0,1,0,4,0,Medium
2023,10,Friday,14,Sindh,Sukkur,Provincial Highway,Good,Clear,Street Light,Motorcycle,2,Driver Fatigue,0,0,0,0,8,1,High
2022,10,Wednesday,6,Punjab,Sheikhupura,Rural Road,Average,Rainy,Daylight,Truck/Lorry,2,Pedestrian Error,0,0,0,0,2,0,Low
2021,6,Sunday,0,Sindh,Mirpur Khas,Urban Road,Average,Foggy,No Light,Other,2,Wrong Overtaking,0,1,1,0,1,0,Low
2023,8,Sunday,11,Sindh,Jacobabad,Urban Road,Average,Foggy,Daylight,Truck/Lorry,2,Pedestrian Error,0,1,0,0,1,0,Low
2022,10,Tuesday,10,Punjab,Faisalabad,Urban Road,Average,Foggy,Daylight,Car/Taxi,1,Mechanical Failure,0,0,0,0,0,0,Low
2018,1,Saturday,16,Punjab,Rahim Yar Khan,National Highway,Average,Dusty/Smoggy,Daylight,Car/Taxi,2,Over Speeding,0,1,0,1,8,2,High
2019,12,Thursday,11,KPK,Nowshera,Urban Road,Poor,Foggy,Dawn/Dusk,Motorcycle,3,Driver Fatigue,0,0,0,1,4,3,High
2021,3,Friday,18,Punjab,Bahawalpur,Provincial Highway,Under Repair,Dusty/Smoggy,Daylight,Motorcycle,3,Over Speeding,1,0,0,0,4,0,High
2022,6,Tuesday,12,Sindh,Larkana,Provincial Highway,Average,Clear,Daylight,Car/Taxi,2,Road Condition,1,0,0,0,2,0,Low
2022,1,Saturday,9,Islamabad,Islamabad,Urban Road,Poor,Clear,Daylight,Motorcycle,1,Over Speeding,1,1,0,1,6,1,High
2023,11,Saturday,12,Sindh,Karachi,Motorway,Good,Clear,Daylight,Motorcycle,3,Wrong Overtaking,1,1,0,1,11,2,High
2018,2,Sunday,20,KPK,Dera Ismail Khan,Rural Road,Average,Dusty/Smoggy,Street Light,Rickshaw,2,Road Condition,1,1,0,1,0,0,Low
2018,2,Friday,13,KPK,Swat,Motorway,Good,Clear,Daylight,Car/Taxi,2,Signal Violation,1,0,0,1,2,0,Low
2023,12,Tuesday,18,Punjab,Gujranwala,Rural Road,Good,Clear,Daylight,Motorcycle,3,Signal Violation,1,0,0,1,3,0,Medium
2022,6,Saturday,14,Punjab,Gujranwala,National Highway,Average,Rainy,Daylight,Motorcycle,2,Road Condition,0,1,0,0,11,1,High
2023,6,Thursday,15,KPK,Mardan,National Highway,Average,Clear,Daylight,Car/Taxi,2,Mechanical Failure,0,0,0,0,2,0,Medium
2022,10,Tuesday,8,KPK,Charsadda,National Highway,Poor,Dusty/Smoggy,Daylight,Car/Taxi,2,Wrong Overtaking,1,0,0,0,3,0,Medium
2020,1,Sunday,21,Punjab,Faisalabad,Motorway,Average,Clear,Street Light,Car/Taxi,3,Driver Fatigue,0,1,0,1,3,1,Medium
2022,10,Wednesday,16,Punjab,Lahore,Provincial Highway,Good,Clear,Daylight,Car/Taxi,1,Driver Fatigue,0,0,0,0,2,1,Medium
2022,9,Tuesday,21,Punjab,Gujranwala,Rural Road,Good,Clear,No Light,Motorcycle,2,Road Condition,0,0,0,0,1,0,Low
2018,7,Tuesday,16,KPK,Nowshera,Urban Road,Good,Foggy,Daylight,Rickshaw,3,Pedestrian Error,0,0,0,0,2,0,Low
2019,11,Sunday,22,Sindh,Thatta,Motorway,Average,Clear,No Light,Car/Taxi,2,Over Speeding,0,1,1,1,2,0,Medium
2019,7,Wednesday,14,Islamabad,Islamabad,National Highway,Poor,Clear,Daylight,Bus/Coach,4,Wrong Overtaking,0,0,0,0,4,0,Medium
2023,4,Tuesday,16,Gilgit-Baltistan,Hunza,National Highway,Poor,Clear,Daylight,Motorcycle,1,Over Speeding,0,0,0,0,7,1,High
2021,7,Saturday,14,KPK,Swat,Urban Road,Good,Clear,Daylight,Bus/Coach,3,Road Condition,0,1,0,0,2,0,Low
2020,7,Friday,20,KPK,Peshawar,National Highway,Good,Rainy,No Light,Motorcycle,1,Mechanical Failure,1,0,0,0,6,2,High
2021,11,Saturday,14,Punjab,Gujranwala,Rural Road,Under Repair,Foggy,Daylight,Motorcycle,2,Over Speeding,0,1,0,1,5,1,High
2019,8,Friday,16,Punjab,Rawalpindi,Provincial Highway,Good,Foggy,Street Light,Car/Taxi,1,Pedestrian Error,0,0,0,0,1,0,Low
2023,6,Friday,8,Sindh,Karachi,National Highway,Under Repair,Clear,Daylight,Motorcycle,4,Over Speeding,1,0,0,0,10,2,High
2021,10,Monday,19,Punjab,Sargodha,Rural Road,Under Repair,Clear,Street Light,Rickshaw,2,Signal Violation,1,0,0,0,1,0,Low
2023,12,Tuesday,15,Punjab,Sheikhupura,Urban Road,Average,Clear,Daylight,Van/Pickup,2,Wrong Overtaking,0,0,0,1,0,0,Low
2022,4,Tuesday,16,KPK,Bannu,National Highway,Average,Clear,Daylight,Truck/Lorry,2,Pedestrian Error,0,0,0,0,0,1,Low
2018,9,Thursday,12,Sindh,Larkana,Urban Road,Poor,Clear,Daylight,Motorcycle,3,Signal Violation,1,0,0,0,0,0,Low
2020,6,Friday,14,KPK,Charsadda,Provincial Highway,Average,Rainy,Daylight,Motorcycle,1,Wrong Overtaking,0,0,0,0,8,1,High
2022,9,Sunday,10,Punjab,Lahore,Provincial Highway,Under Repair,Clear,Daylight,Motorcycle,2,Mechanical Failure,0,1,0,0,2,0,Low
2022,12,Friday,16,Punjab,Multan,Urban Road,Average,Foggy,Daylight,Car/Taxi,1,Road Condition,0,0,0,1,1,0,Low
2021,4,Sunday,14,Sindh,Larkana,Provincial Highway,Good,Clear,Daylight,Bus/Coach,2,Pedestrian Error,0,1,0,0,1,0,Low
2018,6,Monday,18,Islamabad,Islamabad,Rural Road,Good,Foggy,Street Light,Truck/Lorry,2,Wrong Overtaking,1,0,0,0,2,1,Medium
2023,11,Thursday,16,KPK,Mardan,National Highway,Good,Extreme Heat,Street Light,Car/Taxi,2,Weather Condition,0,0,0,1,0,0,Low
2023,11,Saturday,10,Punjab,Bahawalpur,Provincial Highway,Good,Clear,Daylight,Car/Taxi,2,Signal Violation,0,1,0,1,1,0,Low