year,month,day_of_week,hour_of_day,province,district,road_type,road_condition,weather_condition,lighting_condition,vehicle_type,vehicles_involved,accident_cause,is_rush_hour,is_weekend,is_night,is_foggy_month,num_injured,num_killed,severity
2023,4,Friday,15,Punjab,Bahawalpur,National Highway,Poor,Foggy,Daylight,Car/Taxi,2,Mechanical Failure,0,0,0,0,1,1,Low
2023,6,Wednesday,14,Islamabad,Islamabad,Motorway,Average,Clear,Daylight,Car/Taxi,3,Road Condition,0,0,0,0,2,0,Low
2020,9,Thursday,13,Punjab,Sargodha,National Highway,Good,Clear,Daylight,Motorcycle,2,Pedestrian Error,1,0,0,0,5,1,High
2018,7,Monday,11,Punjab,Multan,National Highway,Good,Foggy,Dawn/Dusk,Motorcycle,2,Wrong Overtaking,0,0,0,0,11,1,High
2022,7,Monday,16,Punjab,Gujranwala,Provincial Highway,Average,Clear,Dawn/Dusk,Car/Taxi,4,Over Speeding,0,0,0,0,1,1,Medium
2023,4,Friday,8,Sindh,Mirpur Khas,National Highway,Average,Clear,Daylight,Rickshaw,2,Mechanical Failure,1,0,0,0,2,0,Medium
2021,5,Tuesday,11,Punjab,Lahore,Rural Road,Average,Clear,Daylight,Bus/Coach,1,Driver Fatigue,0,0,0,0,5,2,Medium
2021,6,Wednesday,9,Punjab,Sialkot,National Highway,Poor,Clear,Street Light,Car/Taxi,2,Over Speeding,1,0,0,0,1,0,Medium
2023,9,Wednesday,21,Sindh,Jacobabad,Urban Road,Good,Foggy,Street Light,Car/Taxi,1,Wrong Overtaking,0,0,0,0,4,0,Medium
2018,11,Sunday,9,Punjab,Multan,Rural Road,Good,Clear,Daylight,Motorcycle,3,Over Speeding,1,1,0,1,2,0,Medium
2020,6,Tuesday,13,Sindh,Sukkur,Provincial Highway,Average,Foggy,Daylight,Car/Taxi,2,Mechanical Failure,1,0,0,0,0,0,Low
2021,2,Friday,2,Sindh,Thatta,National Highway,Poor,Clear,Street Light,Bus/Coach,1,Mechanical Failure,0,0,1,1,2,2,High
2021,6,Tuesday,15,Sindh,Hyderabad,Provincial Highway,Good,Foggy,Street Light,Car/Taxi,4,Over Speeding,0,0,0,0,1,0,Medium
2022,4,Tuesday,7,Punjab,Lahore,Urban Road,Average,Foggy,Daylight,Motorcycle,3,Road Condition,1,0,0,0,1,1,Medium
2022,1,Saturday,9,Sindh,Jacobabad,Provincial Highway,Good,Foggy,Daylight,Van/Pickup,2,Signal Violation,1,1,0,1,3,0,Medium
2019,4,Monday,18,Sindh,Sukkur,Urban Road,Poor,Clear,Daylight,Car/Taxi,2,Over Speeding,1,0,0,0,1,1,Low
2019,4,Friday,3,Punjab,Rawalpindi,Provincial Highway,Average,Foggy,Street Light,Motorcycle,2,Road Condition,0,0,1,0,2,3,High
2023,11,Sunday,8,Sindh,Nawabshah,Provincial Highway,Poor,Dusty/Smoggy,Daylight,Car/Taxi,1,Pedestrian Error,1,1,0,1,1,0,Low
2019,10,Friday,3,Sindh,Sukkur,National Highway,Good,Extreme Heat,Street Light,Motorcycle,2,Over Speeding,0,0,1,0,5,0,High
2018,4,Tuesday,21,Punjab,Sheikhupura,Motorway,Under Repair,Clear,No Light,Van/Pickup,4,Over Speeding,0,0,0,0,2,2,Medium
2022,7,Tuesday,21,Punjab,Faisalabad,Urban Road,Average,Rainy,No Light,Car/Taxi,3,Mobile Phone Use,0,0,0,0,0,0,Low
2020,11,Monday,21,Punjab,Lahore,National Highway,Average,Clear,Street Light,Motorcycle,3,Wrong Overtaking,0,0,0,1,10,2,High
2022,12,Saturday,6,KPK,Nowshera,Provincial Highway,Under Repair,Foggy,Daylight,Motorcycle,1,Mechanical Failure,0,1,0,1,3,2,Medium
2022,5,Monday,9,Sindh,Jacobabad,National Highway,Good,Foggy,Daylight,Motorcycle,1,Wrong Overtaking,1,0,0,0,4,1,High
2022,5,Saturday,20,KPK,Bannu,Rural Road,Average,Clear,No Light,Motorcycle,1,Drunk Driving,1,1,0,0,3,2,Medium
2019,9,Thursday,9,KPK,Kohat,Urban Road,Poor,Clear,Daylight,Car/Taxi,2,Pedestrian Error,1,0,0,0,1,0,Low
2023,7,Sunday,2,Balochistan,Khuzdar,Rural Road,Good,Clear,No Light,Car/Taxi,2,Wrong Overtaking,0,1,1,0,1,0,Low
2018,6,Thursday,13,Punjab,Rahim Yar Khan,Urban Road,Poor,Clear,Daylight,Car/Taxi,1,Wrong Overtaking,1,0,0,0,1,0,Low
2021,4,Sunday,6,Punjab,Faisalabad,Motorway,Average,Clear,Daylight,Car/Taxi,2,Over Speeding,0,1,0,0,10,1,High
2022,6,Saturday,17,KPK,Charsadda,Urban Road,Average,Clear,Daylight,Bicycle,1,Signal Violation,1,1,0,0,4,1,Medium
2023,1,Sunday,21,Punjab,Gujranwala,Urban Road,Average,Rainy,Street Light,Motorcycle,1,Driver Fatigue,0,1,0,1,8,0,High
2023,3,Thursday,6,Sindh,Hyderabad,Urban Road,Good,Foggy,Daylight,Rickshaw,4,Wrong Overtaking,0,0,0,0,2,0,Low
2021,5,Tuesday,17,Punjab,Sialkot,National Highway,Average,Clear,Daylight,Car/Taxi,2,Pedestrian Error,1,0,0,0,4,1,Medium
2023,4,Saturday,8,Balochistan,Chaman,National Highway,Poor,Rainy,Street Light,Bus/Coach,2,Over Speeding,1,1,0,0,3,4,High
2023,9,Sunday,8,Punjab,Rawalpindi,Rural Road,Average,Clear,No Light,Bus/Coach,2,Wrong Overtaking,1,1,0,0,0,0,Low
2020,10,Tuesday,19,Punjab,Lahore,Urban Road,Good,Clear,Dawn/Dusk,Truck/Lorry,1,Mobile Phone Use,1,0,0,0,0,0,Low
2018,9,Monday,19,KPK,Kohat,National Highway,Average,Extreme Heat,Dawn/Dusk,Van/Pickup,2,Road Condition,1,0,0,0,0,0,Low
2022,12,Monday,21,Punjab,Bahawalpur,Motorway,Average,Clear,Street Light,Motorcycle,2,Over Speeding,0,0,0,1,9,1,High
2022,3,Tuesday,10,Islamabad,Islamabad,National Highway,Good,Dusty/Smoggy,Daylight,Motorcycle,2,Wrong Overtaking,0,0,0,0,8,3,High
2022,6,Friday,16,Punjab,Gujranwala,Provincial Highway,Poor,Dusty/Smoggy,Daylight,Motorcycle,1,Over Speeding,0,0,0,0,10,2,High
2023,7,Wednesday,7,KPK,Abbottabad,Motorway,Poor,Foggy,Daylight,Motorcycle,3,Mechanical Failure,1,0,0,0,7,2,High
2022,3,Tuesday,16,Punjab,Sargodha,Rural Road,Poor,Clear,Daylight,Bicycle,1,Over Speeding,0,0,0,0,3,2,Medium
2022,9,Friday,9,KPK,Dera Ismail Khan,National Highway,Under Repair,Dusty/Smoggy,Daylight,Motorcycle,2,Mechanical Failure,1,0,0,0,3,2,Medium
2020,7,Tuesday,11,Balochistan,Loralai,National Highway,Average,Foggy,Daylight,Motorcycle,2,Over Speeding,0,0,0,0,7,3,High
2022,6,Wednesday,18,KPK,Kohat,National Highway,Under Repair,Clear,Daylight,Motorcycle,3,Over Speeding,1,0,0,0,9,3,High
2022,6,Sunday,12,Balochistan,Turbat,National Highway,Average,Clear,No Light,Bicycle,3,Signal Violation,1,1,0,0,11,2,High
2023,8,Thursday,13,Punjab,Rahim Yar Khan,Provincial Highway,Average,Clear,Daylight,Motorcycle,1,Road Condition,1,0,0,0,5,0,Medium
2021,11,Saturday,9,Islamabad,Islamabad,Rural Road,Good,Clear,Daylight,Motorcycle,1,Wrong Overtaking,1,1,0,1,2,1,Medium
2019,11,Friday,18,Sindh,Thatta,National Highway,Good,Foggy,Dawn/Dusk,Van/Pickup,1,Over Speeding,1,0,0,1,4,2,High
2023,9,Tuesday,17,Balochistan,Loralai,Provincial Highway,Average,Dusty/Smoggy,Daylight,Bicycle,3,Over Speeding,1,0,0,0,5,0,High
2019,1,Saturday,22,KPK,Nowshera,National Highway,Average,Clear,No Light,Motorcycle,1,Wrong Overtaking,0,1,1,1,6,2,High
2018,6,Tuesday,8,Punjab,Bahawalpur,Urban Road,Poor,Foggy,Daylight,Motorcycle,1,Mechanical Failure,1,0,0,0,5,0,Medium
2021,4,Saturday,6,Sindh,Thatta,Urban Road,Under Repair,Dusty/Smoggy,No Light,Motorcycle,3,Road Condition,0,1,0,0,1,0,Low
2023,5,Monday,9,Punjab,Multan,National Highway,Average,Foggy,Daylight,Car/Taxi,1,Over Speeding,1,0,0,0,5,0,High
2023,12,Sunday,18,KPK,Peshawar,Provincial Highway,Poor,Foggy,Daylight,Motorcycle,3,Wrong Overtaking,1,1,0,1,4,0,Medium
2022,4,Sunday,17,Punjab,Rahim Yar Khan,Provincial Highway,Average,Foggy,Daylight,Car/Taxi,3,Over Speeding,1,1,0,0,5,0,Medium
2023,7,Friday,14,Punjab,Multan,National Highway,Good,Clear,Daylight,Car/Taxi,3,Over Speeding,0,0,0,0,5,1,Medium
2018,9,Thursday,5,AJK,Rawalakot,Urban Road,Average,Clear,Dawn/Dusk,Motorcycle,2,Drunk Driving,0,0,1,0,7,0,High
2020,2,Thursday,12,Balochistan,Turbat,Urban Road,Good,Clear,Daylight,Motorcycle,2,Drunk Driving,1,0,0,1,2,0,Medium
2019,3,Wednesday,9,Balochistan,Zhob,Provincial Highway,Average,Rainy,Daylight,Other,1,Over Speeding,1,0,0,0,5,0,Medium
2022,12,Sunday,21,KPK,Charsadda,National Highway,Good,Clear,Street Light,Motorcycle,2,Over Speeding,0,1,0,1,5,2,High
2018,10,Monday,13,KPK,Dera Ismail Khan,Provincial Highway,Average,Dusty/Smoggy,Daylight,Van/Pickup,2,Over Speeding,1,0,0,0,1,0,Low
2019,1,Monday,2,Sindh,Kashmore,Provincial Highway,Average,Clear,No Light,Motorcycle,1,Wrong Overtaking,0,0,1,1,6,2,High
2023,5,Friday,10,Punjab,Rawalpindi,Provincial Highway,Good,Clear,Daylight,Motorcycle,1,Over Speeding,0,0,0,0,6,1,High
2022,10,Monday,11,Balochistan,Zhob,National Highway,Average,Foggy,Daylight,Car/Taxi,2,Wrong Overtaking,0,0,0,0,11,0,High
2023,11,Sunday,6,Balochistan,Sibi,Motorway,Poor,Clear,Daylight,Bus/Coach,3,Wrong Overtaking,0,1,0,1,2,1,High
2023,12,Wednesday,20,KPK,Swat,National Highway,Good,Clear,Street Light,Bicycle,1,Driver Fatigue,1,0,0,1,5,1,High
2021,8,Sunday,22,Islamabad,Islamabad,Rural Road,Average,Rainy,Street Light,Motorcycle,2,Mechanical Failure,0,1,1,0,1,1,Medium
2022,6,Sunday,9,Sindh,Nawabshah,Urban Road,Average,Clear,Daylight,Motorcycle,2,Over Speeding,1,1,0,0,2,1,Medium
2018,1,Saturday,8,Sindh,Hyderabad,Provincial Highway,Good,Clear,No Light,Van/Pickup,2,Pedestrian Error,1,1,0,1,1,0,Low
2023,12,Monday,17,Islamabad,Islamabad,Rural Road,Poor,Clear,Daylight,Car/Taxi,2,Drunk Driving,1,0,0,1,1,0,Low
2022,6,Saturday,19,Sindh,Nawabshah,National Highway,Average,Dusty/Smoggy,Dawn/Dusk,Bus/Coach,3,Driver Fatigue,1,1,0,0,9,0,High
2020,1,Friday,11,Sindh,Karachi,National Highway,Average,Extreme Heat,Daylight,Motorcycle,2,Wrong Overtaking,0,0,0,1,2,0,High
2019,12,Sunday,17,Punjab,Sargodha,National Highway,Good,Foggy,No Light,Motorcycle,1,Signal Violation,1,1,0,1,10,1,High
2021,5,Tuesday,8,Sindh,Sukkur,Motorway,Poor,Clear,Daylight,Motorcycle,2,Signal Violation,1,0,0,0,3,0,High
2021,2,Wednesday,20,KPK,Abbottabad,National Highway,Good,Clear,No Light,Motorcycle,1,Wrong Overtaking,1,0,0,1,5,0,Medium
2023,12,Tuesday,4,Sindh,Kashmore,National Highway,Good,Clear,Street Light,Motorcycle,1,Signal Violation,0,0,1,1,4,3,High
2022,11,Thursday,13,Sindh,Nawabshah,Rural Road,Good,Rainy,Daylight,Motorcycle,2,Over Speeding,1,0,0,1,5,2,Medium
2019,2,Tuesday,16,Punjab,Gujranwala,Motorway,Good,Foggy,Daylight,Car/Taxi,2,Signal Violation,0,0,0,1,3,0,Medium
2021,6,Thursday,6,Sindh,Karachi,Motorway,Good,Clear,Street Light,Rickshaw,1,Wrong Overtaking,0,0,0,0,4,1,Medium
2023,7,Monday,16,Balochistan,Quetta,Urban Road,Good,Rainy,Daylight,Motorcycle,2,Wrong Overtaking,0,0,0,0,5,0,Medium
2018,4,Monday,5,Punjab,Faisalabad,National Highway,Good,Clear,Street Light,Rickshaw,1,Over Speeding,0,0,1,0,5,1,Medium
2023,5,Wednesday,19,Punjab,Rawalpindi,Urban Road,Average,Clear,Street Light,Motorcycle,2,Wrong Overtaking,1,0,0,0,2,0,Medium
2021,5,Friday,18,Punjab,Multan,Provincial Highway,Poor,Foggy,Daylight,Bus/Coach,2,Signal Violation,1,0,0,0,4,1,Medium
2020,5,Sunday,16,Islamabad,Islamabad,Urban Road,Good,Rainy,Daylight,Motorcycle,3,Mobile Phone Use,0,1,0,0,0,0,Low
2022,8,Monday,6,KPK,Dera Ismail Khan,Motorway,Average,Clear,Daylight,Car/Taxi,1,Wrong Overtaking,0,0,0,0,0,0,Low
2020,12,Friday,8,Islamabad,Islamabad,National Highway,Good,Clear,Daylight,Motorcycle,2,Over Speeding,1,0,0,1,5,3,High
2022,3,Saturday,18,Sindh,Nawabshah,Provincial Highway,Poor,Clear,Dawn/Dusk,Motorcycle,2,Mechanical Failure,1,1,0,0,4,2,Medium
2018,6,Sunday,17,Sindh,Kashmore,Provincial Highway,Poor,Clear,Daylight,Car/Taxi,4,Wrong Overtaking,1,1,0,0,0,0,Low
2022,9,Wednesday,8,KPK,Dera Ismail Khan,Urban Road,Good,Clear,Daylight,Motorcycle,2,Over Speeding,1,0,0,0,2,0,Medium
2023,6,Tuesday,15,Punjab,Faisalabad,Provincial Highway,Good,Clear,Daylight,Motorcycle,2,Mechanical Failure,0,0,0,0,1,1,Medium
2023,11,Saturday,18,Punjab,Sargodha,Urban Road,Poor,Foggy,Daylight,Truck/Lorry,3,Wrong Overtaking,1,1,0,1,0,0,Low
2022,12,Monday,21,Sindh,Thatta,Provincial Highway,Average,Foggy,No Light,Rickshaw,2,Signal Violation,0,0,0,1,2,1,Medium
2020,6,Thursday,17,Punjab,Multan,National Highway,Good,Clear,Daylight,Motorcycle,1,Over Speeding,1,0,0,0,11,1,High
2022,6,Thursday,9,Punjab,Sargodha,National Highway,Good,Clear,Street Light,Bus/Coach,3,Pedestrian Error,1,0,0,0,1,2,Medium
2021,11,Friday,14,Punjab,Rahim Yar Khan,National Highway,Poor,Clear,Daylight,Motorcycle,1,Signal Violation,0,0,0,1,10,1,High
2021,4,Monday,17,Punjab,Sheikhupura,National Highway,Average,Clear,Daylight,Bus/Coach,2,Driver Fatigue,1,0,0,0,10,3,High
2021,10,Sunday,15,Punjab,Lahore,Urban Road,Average,Clear,Daylight,Bus/Coach,1,Over Speeding,0,1,0,0,2,0,Low
2023,10,Monday,12,KPK,Mansehra,Motorway,Poor,Rainy,Daylight,Van/Pickup,1,Over Speeding,1,0,0,0,11,2,High
2023,12,Monday,14,Punjab,Rahim Yar Khan,National Highway,Good,Clear,Daylight,Motorcycle,2,Wrong Overtaking,0,0,0,1,1,0,Medium
2021,9,Thursday,9,Punjab,Sialkot,Provincial Highway,Poor,Rainy,Street Light,Bus/Coach,3,Road Condition,1,0,0,0,0,0,Low
2021,7,Saturday,18,Punjab,Rawalpindi,Urban Road,Poor,Clear,Daylight,Rickshaw,1,Wrong Overtaking,1,1,0,0,0,0,Low
2023,10,Monday,19,Sindh,Jacobabad,Provincial Highway,Poor,Foggy,Daylight,Motorcycle,4,Road Condition,1,0,0,0,4,1,Medium
2023,10,Monday,19,Sindh,Dadu,Urban Road,Good,Rainy,Daylight,Car/Taxi,2,Wrong Overtaking,1,0,0,0,0,0,Low
2023,8,Wednesday,2,Balochistan,Zhob,Provincial Highway,Poor,Rainy,Street Light,Motorcycle,3,Mechanical Failure,0,0,1,0,2,0,Medium
2019,6,Sunday,8,KPK,Abbottabad,National Highway,Poor,Clear,Daylight,Truck/Lorry,2,Drunk Driving,1,1,0,0,1,1,Medium
2022,7,Sunday,7,Punjab,Faisalabad,Provincial Highway,Under Repair,Clear,Daylight,Car/Taxi,2,Drunk Driving,1,1,0,0,3,0,Medium
2023,5,Sunday,20,Punjab,Sialkot,Provincial Highway,Poor,Dusty/Smoggy,No Light,Motorcycle,1,Over Speeding,1,1,0,0,7,0,High
2021,8,Tuesday,21,Punjab,Rawalpindi,Provincial Highway,Good,Clear,Street Light,Rickshaw,3,Mechanical Failure,0,0,0,0,2,0,Low
2022,6,Thursday,18,Islamabad,Islamabad,Provincial Highway,Good,Foggy,Dawn/Dusk,Motorcycle,1,Over Speeding,1,0,0,0,6,1,High
2019,4,Saturday,17,KPK,Peshawar,Urban Road,Good,Clear,Daylight,Truck/Lorry,1,Drunk Driving,1,1,0,0,5,1,Medium
2021,5,Thursday,8,Punjab,Sheikhupura,Urban Road,Average,Clear,Daylight,Truck/Lorry,2,Over Speeding,1,0,0,0,2,0,Low
2021,11,Thursday,13,Punjab,Sargodha,National Highway,Good,Clear,Daylight,Motorcycle,1,Road Condition,1,0,0,1,1,0,Medium
2023,4,Monday,21,Sindh,Larkana,Provincial Highway,Poor,Clear,No Light,Bus/Coach,4,Signal Violation,0,0,0,0,1,0,Low
2020,8,Monday,13,Punjab,Faisalabad,Rural Road,Poor,Clear,Daylight,Bus/Coach,4,Road Condition,1,0,0,0,1,0,Low
2020,8,Saturday,10,KPK,Abbottabad,National Highway,Good,Clear,Daylight,Motorcycle,3,Road Condition,0,1,0,0,10,1,High
2022,10,Wednesday,11,Sindh,Nawabshah,Urban Road,Good,Extreme Heat,No Light,Van/Pickup,2,Over Speeding,0,0,0,0,0,0,Low
2020,5,Monday,9,Sindh,Thatta,National Highway,Average,Foggy,Daylight,Car/Taxi,3,Signal Violation,1,0,0,0,4,0,Medium
2023,7,Wednesday,21,Sindh,Sukkur,Provincial Highway,Poor,Dusty/Smoggy,No Light,Car/Taxi,1,Driver Fatigue,0,0,0,0,4,0,Medium
2020,12,Wednesday,8,Punjab,Faisalabad,Motorway,Average,Clear,Daylight,Rickshaw,2,Signal Violation,1,0,0,1,1,0,Medium
2023,5,Saturday,12,Sindh,Mirpur Khas,Provincial Highway,Good,Clear,Daylight,Motorcycle,2,Road Condition,1,1,0,0,4,1,Medium
2019,10,Sunday,23,KPK,Charsadda,Urban Road,Average,Clear,Street Light,Motorcycle,2,Road Condition,0,1,1,0,5,2,Medium
2022,1,Monday,18,Punjab,Sheikhupura,Provincial Highway,Good,Clear,Daylight,Car/Taxi,1,Wrong Overtaking,1,0,0,1,1,0,Low
2023,2,Wednesday,10,Sindh,Larkana,Rural Road,Good,Extreme Heat,Daylight,Motorcycle,1,Drunk Driving,0,0,0,1,5,2,High
2023,2,Saturday,19,KPK,Mardan,National Highway,Poor,Foggy,No Light,Van/Pickup,2,Over Speeding,1,1,0,1,9,3,High
2022,11,Tuesday,12,Punjab,Sargodha,Provincial Highway,Good,Clear,Daylight,Motorcycle,3,Over Speeding,1,0,0,1,5,1,High
2022,2,Friday,10,Sindh,Mirpur Khas,Urban Road,Poor,Foggy,Daylight,Car/Taxi,1,Signal Violation,0,0,0,1,3,0,Medium
2021,11,Monday,7,Punjab,Sheikhupura,Urban Road,Poor,Rainy,Dawn/Dusk,Motorcycle,2,Wrong Overtaking,1,0,0,1,9,1,High
2019,2,Sunday,11,KPK,Peshawar,Rural Road,Poor,Rainy,Daylight,Bus/Coach,3,Mobile Phone Use,0,1,0,1,2,0,Low
2023,6,Tuesday,6,Punjab,Gujranwala,Rural Road,Poor,Foggy,Daylight,Car/Taxi,1,Over Speeding,0,0,0,0,1,0,Low
2021,6,Thursday,21,KPK,Swat,Urban Road,Poor,Clear,Street Light,Rickshaw,3,Drunk Driving,0,0,0,0,2,0,Low
2022,7,Wednesday,1,Punjab,Sheikhupura,Urban Road,Average,Foggy,No Light,Bus/Coach,2,Signal Violation,0,0,1,0,4,0,High
2018,11,Monday,12,Punjab,Faisalabad,National Highway,Under Repair,Clear,Daylight,Car/Taxi,1,Over Speeding,1,0,0,1,8,0,High
2018,2,Saturday,16,KPK,Dera Ismail Khan,National Highway,Good,Rainy,Daylight,Motorcycle,2,Road Condition,0,1,0,1,2,2,High
2021,7,Friday,8,Sindh,Karachi,Motorway,Poor,Rainy,Daylight,Rickshaw,1,Mobile Phone Use,1,0,0,0,4,2,Medium
2018,12,Friday,14,Balochistan,Dera Bugti,Rural Road,Poor,Rainy,Dawn/Dusk,Motorcycle,1,Signal Violation,0,0,0,1,8,1,High
2020,10,Sunday,17,Sindh,Hyderabad,Urban Road,Good,Clear,Daylight,Truck/Lorry,2,Over Speeding,1,1,0,0,3,0,Medium
2020,3,Sunday,7,Sindh,Jacobabad,National Highway,Average,Foggy,Daylight,Car/Taxi,2,Pedestrian Error,1,1,0,0,3,0,Medium
2019,6,Sunday,14,KPK,Mardan,Provincial Highway,Poor,Extreme Heat,Street Light,Car/Taxi,2,Over Speeding,0,1,0,0,2,1,Medium
2021,9,Tuesday,10,Punjab,Sialkot,Provincial Highway,Average,Clear,Street Light,Truck/Lorry,1,Pedestrian Error,0,0,0,0,3,1,Medium
2022,1,Saturday,22,Punjab,Lahore,National Highway,Good,Dusty/Smoggy,Street Light,Motorcycle,2,Pedestrian Error,0,1,1,1,11,0,High
2023,5,Friday,19,Punjab,Rahim Yar Khan,Provincial Highway,Poor,Foggy,Dawn/Dusk,Rickshaw,2,Mechanical Failure,1,0,0,0,0,0,Low
2020,1,Wednesday,18,Punjab,Multan,National Highway,Poor,Foggy,Daylight,Bus/Coach,1,Pedestrian Error,1,0,0,1,5,0,Medium
2023,8,Tuesday,16,Punjab,Sargodha,National Highway,Poor,Rainy,Daylight,Motorcycle,1,Over Speeding,0,0,0,0,3,0,High
2023,1,Thursday,5,Islamabad,Islamabad,Provincial Highway,Good,Clear,Dawn/Dusk,Car/Taxi,3,Pedestrian Error,0,0,1,1,1,0,Low
2020,8,Wednesday,16,KPK,Charsadda,Urban Road,Average,Clear,Street Light,Motorcycle,1,Wrong Overtaking,0,0,0,0,2,0,Low
2022,2,Tuesday,11,Islamabad,Islamabad,Urban Road,Average,Rainy,Dawn/Dusk,Rickshaw,1,Mechanical Failure,0,0,0,1,2,0,Low
2022,11,Saturday,14,Gilgit-Baltistan,Gilgit,Provincial Highway,Poor,Clear,Street Light,Motorcycle,2,Wrong Overtaking,0,1,0,1,3,1,Medium
2023,2,Sunday,16,Sindh,Hyderabad,Urban Road,Good,Extreme Heat,Dawn/Dusk,Car/Taxi,2,Mechanical Failure,0,1,0,1,1,0,Low
2021,9,Thursday,17,Punjab,Multan,National Highway,Good,Dusty/Smoggy,Street Light,Bicycle,2,Wrong Overtaking,1,0,0,0,7,2,High
2023,9,Saturday,20,Sindh,Sukkur,Rural Road,Good,Clear,Street Light,Motorcycle,3,Wrong Overtaking,1,1,0,0,0,0,Low
2020,2,Sunday,17,Balochistan,Loralai,Rural Road,Good,Clear,Daylight,Car/Taxi,2,Over Speeding,1,1,0,1,2,0,Low
2023,6,Saturday,7,Sindh,Nawabshah,National Highway,Good,Clear,Daylight,Rickshaw,2,Signal Violation,1,1,0,0,5,0,Medium
2020,9,Saturday,12,Sindh,Hyderabad,Urban Road,Good,Rainy,Daylight,Rickshaw,3,Wrong Overtaking,1,1,0,0,2,0,Low
2021,11,Sunday,19,Punjab,Multan,National Highway,Good,Clear,No Light,Motorcycle,1,Drunk Driving,1,1,0,1,3,2,High
2021,12,Monday,7,Sindh,Sukkur,National Highway,Average,Foggy,Daylight,Car/Taxi,2,Wrong Overtaking,1,0,0,1,5,0,Medium
2020,5,Friday,6,Punjab,Lahore,Urban Road,Poor,Dusty/Smoggy,Street Light,Motorcycle,1,Driver Fatigue,0,0,0,0,4,0,Medium
2023,12,Monday,16,Punjab,Lahore,National Highway,Good,Clear,Daylight,Motorcycle,1,Pedestrian Error,0,0,0,1,4,2,Medium
2023,11,Sunday,16,Balochistan,Khuzdar,Provincial Highway,Average,Clear,No Light,Car/Taxi,2,Signal Violation,0,1,0,1,1,1,Medium
2021,2,Saturday,22,Punjab,Sheikhupura,National Highway,Poor,Clear,No Light,Rickshaw,2,Signal Violation,0,1,1,1,4,1,Medium
2019,12,Friday,7,AJK,Mirpur,Provincial Highway,Average,Clear,Daylight,Car/Taxi,2,Driver Fatigue,1,0,0,1,1,2,Medium
2018,1,Monday,10,Punjab,Multan,Rural Road,Good,Clear,Daylight,Van/Pickup,2,Over Speeding,0,0,0,1,0,0,Low
2021,7,Sunday,18,Islamabad,Islamabad,Urban Road,Under Repair,Rainy,Daylight,Motorcycle,3,Pedestrian Error,1,1,0,0,2,1,Medium
2018,6,Saturday,18,Sindh,Kashmore,Provincial Highway,Under Repair,Clear,Daylight,Motorcycle,1,Over Speeding,1,1,0,0,1,2,Medium
2021,12,Tuesday,13,KPK,Charsadda,National Highway,Good,Clear,Street Light,Rickshaw,2,Mobile Phone Use,1,0,0,1,2,2,Medium
2022,9,Friday,9,Punjab,Lahore,Rural Road,Under Repair,Foggy,Daylight,Car/Taxi,1,Driver Fatigue,1,0,0,0,4,0,Medium
2020,12,Monday,18,Sindh,Thatta,Provincial Highway,Good,Foggy,Daylight,Rickshaw,1,Signal Violation,1,0,0,1,2,0,Medium
2018,6,Wednesday,3,Balochistan,Turbat,Motorway,Poor,Clear,No Light,Motorcycle,2,Over Speeding,0,0,1,0,11,0,High
2022,1,Sunday,9,Punjab,Rawalpindi,Provincial Highway,Good,Clear,Daylight,Motorcycle,2,Over Speeding,1,1,0,1,5,1,Medium
2023,7,Friday,12,Punjab,Lahore,Provincial Highway,Poor,Rainy,Daylight,Motorcycle,1,Driver Fatigue,1,0,0,0,6,1,High
2019,12,Monday,10,Punjab,Bahawalpur,Provincial Highway,Good,Clear,No Light,Bicycle,2,Driver Fatigue,0,0,0,1,3,1,Medium
2023,12,Saturday,12,Punjab,Gujranwala,Urban Road,Good,Clear,Dawn/Dusk,Car/Taxi,4,Over Speeding,1,1,0,1,3,0,Medium
2021,6,Wednesday,10,Punjab,Sheikhupura,Provincial Highway,Under Repair,Clear,Street Light,Motorcycle,1,Drunk Driving,0,0,0,0,3,0,High
2023,3,Saturday,1,KPK,Charsadda,Urban Road,Poor,Rainy,No Light,Motorcycle,2,Road Condition,0,1,1,0,10,0,High
2021,3,Thursday,5,Punjab,Faisalabad,Urban Road,Under Repair,Clear,Dawn/Dusk,Car/Taxi,2,Road Condition,0,0,1,0,1,0,Low
2021,5,Wednesday,17,KPK,Mansehra,Provincial Highway,Good,Clear,Daylight,Bus/Coach,4,Wrong Overtaking,1,0,0,0,3,1,Medium
2021,11,Tuesday,11,Balochistan,Gwadar,National Highway,Good,Clear,Daylight,Motorcycle,2,Wrong Overtaking,0,0,0,1,4,2,Medium
2019,5,Thursday,18,Sindh,Kashmore,Urban Road,Good,Clear,Daylight,Motorcycle,1,Drunk Driving,1,0,0,0,4,1,Medium
2023,11,Thursday,12,Punjab,Multan,Provincial Highway,Average,Clear,Daylight,Bus/Coach,1,Driver Fatigue,1,0,0,1,8,3,High
2023,5,Wednesday,20,Sindh,Larkana,Rural Road,Poor,Dusty/Smoggy,Street Light,Motorcycle,1,Road Condition,1,0,0,0,2,0,Low
2023,6,Tuesday,17,Punjab,Bahawalpur,Urban Road,Average,Clear,Daylight,Car/Taxi,1,Wrong Overtaking,1,0,0,0,2,0,Low
2021,1,Saturday,4,Punjab,Bahawalpur,Rural Road,Good,Clear,No Light,Car/Taxi,2,Over Speeding,0,1,1,1,0,0,Low
2020,4,Wednesday,7,Punjab,Rawalpindi,National Highway,Under Repair,Foggy,Daylight,Motorcycle,2,Mechanical Failure,1,0,0,0,8,1,High