year,month,day_of_week,hour_of_day,province,district,road_type,road_condition,weather_condition,lighting_condition,vehicle_type,vehicles_involved,accident_cause,is_rush_hour,is_weekend,is_night,is_foggy_month,num_injured,num_killed,severity
2019,3,Sunday,15,Islamabad,Islamabad,National Highway,Good,Dusty/Smoggy,Daylight,Motorcycle,3,Road Condition,0,1,0,0,7,1,High
2018,9,Friday,22,KPK,Charsadda,Provincial Highway,Good,Clear,Street Light,Car/Taxi,1,Over Speeding,0,0,1,0,2,1,Medium
2018,9,Thursday,8,Punjab,Bahawalpur,National Highway,Average,Clear,Daylight,Rickshaw,4,Signal Violation,1,0,0,0,1,1,Medium
2018,12,Tuesday,22,Sindh,Jacobabad,Urban Road,Good,Clear,No Light,Truck/Lorry,1,Wrong Overtaking,0,0,1,1,2,0,Low
2021,1,Wednesday,13,Punjab,Faisalabad,Rural Road,Poor,Clear,Daylight,Bus/Coach,1,Over Speeding,1,0,0,1,2,0,Low
2022,1,Thursday,11,AJK,Muzaffarabad,National Highway,Good,Foggy,Daylight,Motorcycle,2,Wrong Overtaking,0,0,0,1,4,4,High
2020,1,Tuesday,17,AJK,Mirpur,Rural Road,Poor,Rainy,Daylight,Motorcycle,2,Driver Fatigue,1,0,0,1,5,1,High
2023,12,Saturday,6,Punjab,Gujranwala,Urban Road,Good,Clear,Daylight,Car/Taxi,1,Pedestrian Error,0,1,0,1,1,0,Low
2022,6,Sunday,18,Punjab,Multan,Urban Road,Average,Clear,Dawn/Dusk,Car/Taxi,3,Wrong Overtaking,1,1,0,0,2,0,Low
2023,10,Wednesday,7,Sindh,Karachi,National Highway,Poor,Clear,Daylight,Motorcycle,3,Over Speeding,1,0,0,0,4,0,High
2019,4,Tuesday,14,Sindh,Larkana,Provincial Highway,Good,Clear,Daylight,Car/Taxi,3,Wrong Overtaking,0,0,0,0,2,0,Low
2023,6,Wednesday,12,Punjab,Lahore,Rural Road,Average,Clear,Daylight,Rickshaw,2,Driver Fatigue,1,0,0,0,3,0,Medium
2020,6,Thursday,8,KPK,Nowshera,Rural Road,Under Repair,Rainy,Daylight,Car/Taxi,2,Wrong Overtaking,1,0,0,0,1,1,Low
2023,6,Monday,16,Punjab,Lahore,Urban Road,Average,Clear,Daylight,Motorcycle,4,Pedestrian Error,0,0,0,0,2,0,Low
2021,11,Sunday,9,Sindh,Larkana,Urban Road,Good,Foggy,Daylight,Rickshaw,2,Pedestrian Error,1,1,0,1,1,0,Low
2020,5,Tuesday,9,Punjab,Sargodha,Provincial Highway,Poor,Clear,Daylight,Bus/Coach,2,Wrong Overtaking,1,0,0,0,5,0,Medium
2022,10,Tuesday,3,KPK,Kohat,Provincial Highway,Average,Clear,Street Light,Truck/Lorry,2,Drunk Driving,0,0,1,0,3,1,Medium
2021,11,Thursday,1,KPK,Abbottabad,National Highway,Average,Clear,No Light,Motorcycle,2,Pedestrian Error,0,0,1,1,7,3,High
2018,11,Saturday,19,Sindh,Dadu,Rural Road,Under Repair,Dusty/Smoggy,Daylight,Car/Taxi,1,Driver Fatigue,1,1,0,1,0,0,Low
2023,3,Wednesday,13,KPK,Mardan,Urban Road,Good,Foggy,Daylight,Motorcycle,2,Road Condition,1,0,0,0,1,2,Medium
2021,3,Sunday,10,Sindh,Hyderabad,Provincial Highway,Under Repair,Foggy,Daylight,Motorcycle,1,Wrong Overtaking,0,1,0,0,11,2,High
2023,9,Saturday,12,Punjab,Bahawalpur,National Highway,Good,Foggy,Daylight,Car/Taxi,1,Wrong Overtaking,1,1,0,0,8,0,High
2023,2,Monday,18,Punjab,Gujranwala,National Highway,Under Repair,Clear,Street Light,Car/Taxi,2,Wrong Overtaking,1,0,0,1,2,0,Low
2021,6,Thursday,8,Punjab,Sargodha,Urban Road,Good,Clear,Daylight,Bicycle,1,Wrong Overtaking,1,0,0,0,2,0,Medium
2020,1,Tuesday,10,Punjab,Sheikhupura,Urban Road,Poor,Clear,Daylight,Motorcycle,1,Mobile Phone Use,0,0,0,1,0,1,Low
2019,12,Saturday,8,KPK,Mardan,Rural Road,Average,Rainy,No Light,Motorcycle,1,Over Speeding,1,1,0,1,2,1,High
2021,7,Thursday,15,Punjab,Sargodha,Urban Road,Good,Rainy,Street Light,Car/Taxi,1,Wrong Overtaking,0,0,0,0,1,0,Low
2019,10,Wednesday,16,Punjab,Sargodha,Urban Road,Good,Clear,Street Light,Truck/Lorry,1,Road Condition,0,0,0,0,2,0,Low
2022,9,Friday,16,KPK,Swat,Rural Road,Average,Foggy,Daylight,Car/Taxi,3,Pedestrian Error,0,0,0,0,1,0,Low
2020,8,Friday,7,KPK,Nowshera,Provincial Highway,Average,Clear,Daylight,Car/Taxi,2,Road Condition,1,0,0,0,0,0,Low
2023,9,Wednesday,16,Sindh,Larkana,Rural Road,Poor,Rainy,Daylight,Motorcycle,4,Wrong Overtaking,0,0,0,0,3,0,Medium
2020,11,Tuesday,13,Punjab,Sheikhupura,Urban Road,Poor,Clear,Daylight,Motorcycle,2,Drunk Driving,1,0,0,1,4,0,Medium
2020,8,Wednesday,23,Punjab,Multan,Provincial Highway,Average,Clear,Street Light,Rickshaw,2,Wrong Overtaking,0,0,1,0,5,1,Medium
2018,11,Saturday,18,Sindh,Karachi,Urban Road,Good,Dusty/Smoggy,Daylight,Motorcycle,2,Mechanical Failure,1,1,0,1,4,0,Medium
2019,3,Sunday,5,Balochistan,Zhob,National Highway,Poor,Rainy,No Light,Motorcycle,2,Over Speeding,0,1,1,0,10,0,High
2023,5,Thursday,20,Punjab,Gujranwala,National Highway,Poor,Clear,Street Light,Motorcycle,2,Drunk Driving,1,0,0,0,10,3,High
2023,9,Monday,18,Sindh,Larkana,National Highway,Good,Foggy,Daylight,Car/Taxi,2,Wrong Overtaking,1,0,0,0,5,1,Medium
2021,3,Friday,12,Islamabad,Islamabad,Provincial Highway,Average,Clear,Daylight,Motorcycle,1,Road Condition,1,0,0,0,1,0,Low
2021,7,Monday,20,Sindh,Sukkur,Provincial Highway,Poor,Clear,No Light,Motorcycle,1,Drunk Driving,1,0,0,0,7,1,High
2021,1,Wednesday,9,Sindh,Larkana,National Highway,Good,Clear,Daylight,Motorcycle,2,Wrong Overtaking,1,0,0,1,2,0,Medium
2023,6,Saturday,17,KPK,Peshawar,National Highway,Good,Extreme Heat,Street Light,Motorcycle,1,Road Condition,1,1,0,0,1,2,Medium
2020,2,Sunday,12,KPK,Kohat,National Highway,Average,Clear,Daylight,Car/Taxi,1,Over Speeding,1,1,0,1,2,2,High
2022,2,Thursday,18,Sindh,Hyderabad,Motorway,Poor,Clear,Daylight,Motorcycle,2,Wrong Overtaking,1,0,0,1,2,1,High
2022,6,Tuesday,11,Balochistan,Loralai,Provincial Highway,Good,Clear,Street Light,Rickshaw,1,Driver Fatigue,0,0,0,0,5,0,Medium
2020,7,Tuesday,7,Sindh,Dadu,National Highway,Average,Rainy,Daylight,Motorcycle,3,Signal Violation,1,0,0,0,9,0,High
2018,2,Wednesday,17,KPK,Mansehra,Rural Road,Good,Foggy,Daylight,Car/Taxi,1,Wrong Overtaking,1,0,0,1,2,0,Medium
2019,10,Sunday,13,Islamabad,Islamabad,National Highway,Average,Clear,No Light,Car/Taxi,1,Driver Fatigue,1,1,0,0,1,0,Medium
2023,2,Tuesday,13,Sindh,Nawabshah,National Highway,Good,Clear,Daylight,Truck/Lorry,2,Over Speeding,1,0,0,1,8,0,High
2022,10,Sunday,18,Sindh,Kashmore,Motorway,Good,Foggy,Daylight,Rickshaw,1,Road Condition,1,1,0,0,1,0,Low
2019,11,Sunday,18,Sindh,Kashmore,Provincial Highway,Under Repair,Clear,Daylight,Motorcycle,2,Over Speeding,1,1,0,1,3,3,High
2020,2,Tuesday,7,KPK,Abbottabad,Provincial Highway,Good,Clear,Daylight,Motorcycle,3,Driver Fatigue,1,0,0,1,4,4,High
2023,8,Saturday,17,KPK,Charsadda,Provincial Highway,Good,Clear,Daylight,Rickshaw,1,Drunk Driving,1,1,0,0,4,0,Medium
2019,12,Tuesday,11,Punjab,Rawalpindi,Provincial Highway,Good,Rainy,Street Light,Motorcycle,2,Mobile Phone Use,0,0,0,1,2,0,Medium
2021,5,Wednesday,4,KPK,Swat,Rural Road,Average,Rainy,No Light,Motorcycle,2,Over Speeding,0,0,1,0,7,1,High
2023,2,Tuesday,8,KPK,Abbottabad,Rural Road,Average,Foggy,Daylight,Rickshaw,4,Over Speeding,1,0,0,1,3,2,Medium
2023,8,Thursday,8,KPK,Mardan,Urban Road,Average,Clear,Daylight,Truck/Lorry,1,Signal Violation,1,0,0,0,1,1,Medium
2021,11,Sunday,14,KPK,Peshawar,National Highway,Average,Clear,Dawn/Dusk,Motorcycle,2,Over Speeding,0,1,0,1,9,0,High
2022,7,Tuesday,20,Punjab,Lahore,Provincial Highway,Good,Extreme Heat,No Light,Bus/Coach,3,Mechanical Failure,1,0,0,0,1,2,Medium
2018,7,Monday,12,Sindh,Karachi,Motorway,Good,Clear,Daylight,Rickshaw,2,Signal Violation,1,0,0,0,0,0,Low
2021,9,Tuesday,1,KPK,Dera Ismail Khan,Provincial Highway,Under Repair,Clear,No Light,Car/Taxi,2,Over Speeding,0,0,1,0,2,2,High
2019,2,Monday,19,Islamabad,Islamabad,Rural Road,Average,Foggy,Dawn/Dusk,Motorcycle,2,Pedestrian Error,1,0,0,1,1,2,Medium
2019,5,Thursday,14,Punjab,Gujranwala,Urban Road,Average,Clear,No Light,Bus/Coach,1,Signal Violation,0,0,0,0,2,0,Medium
2022,12,Wednesday,21,Sindh,Kashmore,National Highway,Good,Clear,No Light,Motorcycle,2,Wrong Overtaking,0,0,0,1,2,1,High
2020,11,Sunday,16,KPK,Peshawar,Rural Road,Average,Clear,Daylight,Rickshaw,2,Mobile Phone Use,0,1,0,1,1,0,Low
2023,1,Saturday,15,KPK,Kohat,Urban Road,Poor,Clear,Dawn/Dusk,Motorcycle,1,Mobile Phone Use,0,1,0,1,0,0,Low
2019,7,Saturday,10,Sindh,Larkana,National Highway,Poor,Clear,Street Light,Motorcycle,3,Drunk Driving,0,1,0,0,2,0,High
2018,9,Saturday,12,Punjab,Faisalabad,Provincial Highway,Poor,Clear,Daylight,Motorcycle,1,Over Speeding,1,1,0,0,6,2,High
2021,1,Saturday,19,KPK,Abbottabad,Rural Road,Average,Rainy,No Light,Motorcycle,1,Pedestrian Error,1,1,0,1,2,0,Low
2023,7,Wednesday,10,KPK,Charsadda,Urban Road,Average,Rainy,Daylight,Motorcycle,3,Wrong Overtaking,0,0,0,0,5,1,Medium
2020,9,Monday,19,KPK,Abbottabad,Provincial Highway,Average,Foggy,No Light,Rickshaw,1,Road Condition,1,0,0,0,1,0,Low
2019,10,Monday,12,KPK,Abbottabad,Urban Road,Average,Clear,Daylight,Bus/Coach,2,Pedestrian Error,1,0,0,0,0,0,Low
2021,6,Saturday,7,Sindh,Hyderabad,Provincial Highway,Poor,Dusty/Smoggy,Dawn/Dusk,Bicycle,1,Road Condition,1,1,0,0,1,0,Low
2018,10,Friday,23,Gilgit-Baltistan,Gilgit,National Highway,Good,Clear,No Light,Car/Taxi,1,Over Speeding,0,0,1,0,9,2,High
2022,4,Wednesday,14,KPK,Mardan,Provincial Highway,Good,Foggy,Daylight,Motorcycle,2,Mechanical Failure,0,0,0,0,1,0,Medium
2018,5,Saturday,9,Sindh,Kashmore,National Highway,Average,Clear,Daylight,Motorcycle,2,Over Speeding,1,1,0,0,5,1,High
2019,12,Wednesday,17,Islamabad,Islamabad,Provincial Highway,Average,Clear,Daylight,Rickshaw,4,Signal Violation,1,0,0,1,1,0,Low
2023,1,Friday,8,Balochistan,Dera Bugti,Provincial Highway,Average,Clear,Daylight,Bus/Coach,1,Mobile Phone Use,1,0,0,1,1,0,Low
2022,7,Sunday,13,KPK,Nowshera,Provincial Highway,Poor,Clear,Daylight,Motorcycle,1,Wrong Overtaking,1,1,0,0,5,1,High
2022,11,Saturday,9,Sindh,Kashmore,Urban Road,Good,Foggy,Daylight,Motorcycle,3,Over Speeding,1,1,0,1,4,1,High
2022,4,Wednesday,7,Sindh,Thatta,Provincial Highway,Poor,Rainy,Daylight,Car/Taxi,3,Mobile Phone Use,1,0,0,0,5,0,Medium
2023,6,Friday,16,Punjab,Sialkot,National Highway,Good,Clear,Dawn/Dusk,Motorcycle,1,Over Speeding,0,0,0,0,2,2,High
2023,10,Sunday,23,Punjab,Sheikhupura,Urban Road,Good,Foggy,No Light,Motorcycle,1,Over Speeding,0,1,1,0,11,1,High
2022,1,Friday,17,Sindh,Mirpur Khas,Provincial Highway,Average,Clear,Street Light,Truck/Lorry,2,Signal Violation,1,0,0,1,2,0,Medium
2021,11,Saturday,23,Sindh,Nawabshah,Urban Road,Good,Clear,Street Light,Rickshaw,3,Signal Violation,0,1,1,1,5,1,Medium
2023,6,Sunday,14,Punjab,Multan,National Highway,Average,Foggy,Dawn/Dusk,Motorcycle,2,Wrong Overtaking,0,1,0,0,3,1,High
2022,7,Tuesday,14,Islamabad,Islamabad,National Highway,Good,Rainy,Daylight,Car/Taxi,4,Mechanical Failure,0,0,0,0,1,0,Medium
2020,8,Saturday,9,Sindh,Dadu,National Highway,Average,Clear,Daylight,Motorcycle,1,Road Condition,1,1,0,0,5,2,Medium
2022,5,Sunday,13,Sindh,Hyderabad,Rural Road,Average,Dusty/Smoggy,No Light,Motorcycle,4,Pedestrian Error,1,1,0,0,2,0,Low
2021,9,Wednesday,11,Sindh,Karachi,National Highway,Poor,Clear,Daylight,Motorcycle,3,Drunk Driving,0,0,0,0,10,0,High
2021,4,Friday,19,Punjab,Sialkot,Urban Road,Average,Foggy,Dawn/Dusk,Motorcycle,2,Signal Violation,1,0,0,0,2,2,Medium
2022,8,Wednesday,19,Balochistan,Zhob,National Highway,Poor,Clear,Dawn/Dusk,Car/Taxi,3,Signal Violation,1,0,0,0,1,0,Medium
2021,7,Saturday,15,Punjab,Sialkot,Provincial Highway,Good,Rainy,Daylight,Rickshaw,2,Over Speeding,0,1,0,0,3,0,Medium
2019,7,Tuesday,7,Sindh,Nawabshah,National Highway,Average,Clear,Daylight,Motorcycle,4,Over Speeding,1,0,0,0,9,1,High
2022,9,Tuesday,14,Sindh,Larkana,Urban Road,Under Repair,Clear,Daylight,Car/Taxi,2,Over Speeding,0,0,0,0,1,0,Low
2023,3,Sunday,12,Sindh,Dadu,National Highway,Good,Clear,Daylight,Motorcycle,4,Over Speeding,1,1,0,0,2,0,High
2023,3,Monday,9,Sindh,Jacobabad,Provincial Highway,Average,Clear,Street Light,Truck/Lorry,3,Over Speeding,1,0,0,0,4,1,Medium
2018,11,Saturday,16,Punjab,Bahawalpur,Motorway,Poor,Foggy,Dawn/Dusk,Car/Taxi,4,Wrong Overtaking,0,1,0,1,4,0,Medium
2021,11,Saturday,6,Punjab,Bahawalpur,National Highway,Good,Clear,Daylight,Car/Taxi,2,Mechanical Failure,0,1,0,1,3,1,Medium
2020,11,Tuesday,9,Sindh,Kashmore,Urban Road,Good,Rainy,Daylight,Truck/Lorry,4,Road Condition,1,0,0,1,2,0,Low
2018,8,Friday,7,KPK,Swat,Motorway,Under Repair,Clear,Daylight,Rickshaw,3,Pedestrian Error,1,0,0,0,2,0,Low
2020,6,Saturday,19,Sindh,Nawabshah,National Highway,Good,Clear,Dawn/Dusk,Car/Taxi,2,Over Speeding,1,1,0,0,1,1,Medium
2020,10,Sunday,7,Punjab,Sargodha,Urban Road,Average,Clear,Daylight,Truck/Lorry,1,Wrong Overtaking,1,1,0,0,2,0,Low
2022,8,Sunday,6,Punjab,Sialkot,National Highway,Good,Clear,Dawn/Dusk,Rickshaw,2,Driver Fatigue,0,1,0,0,4,0,Medium
2023,12,Saturday,8,KPK,Mansehra,Urban Road,Average,Clear,Daylight,Motorcycle,4,Signal Violation,1,1,0,1,0,0,Low
2022,7,Sunday,6,Sindh,Jacobabad,Provincial Highway,Average,Rainy,Daylight,Car/Taxi,2,Signal Violation,0,1,0,0,1,0,Medium
2019,11,Tuesday,4,Punjab,Sheikhupura,Provincial Highway,Average,Clear,Street Light,Car/Taxi,1,Over Speeding,0,0,1,1,2,2,High
2022,6,Monday,20,KPK,Charsadda,Provincial Highway,Average,Clear,Street Light,Motorcycle,1,Over Speeding,1,0,0,0,2,0,High
2021,9,Tuesday,8,Punjab,Rawalpindi,Rural Road,Good,Rainy,Dawn/Dusk,Truck/Lorry,2,Over Speeding,1,0,0,0,2,1,Medium
2023,1,Monday,22,Sindh,Sukkur,Urban Road,Under Repair,Extreme Heat,No Light,Motorcycle,1,Signal Violation,0,0,1,1,2,0,Medium
2021,2,Friday,9,Punjab,Faisalabad,Rural Road,Average,Foggy,Street Light,Bus/Coach,1,Pedestrian Error,1,0,0,1,2,0,Low
2023,4,Wednesday,12,Islamabad,Islamabad,Motorway,Good,Clear,Daylight,Rickshaw,1,Road Condition,1,0,0,0,5,0,Medium
2022,7,Monday,21,Punjab,Sialkot,Urban Road,Good,Clear,Street Light,Rickshaw,1,Over Speeding,0,0,0,0,2,1,Low
2020,8,Tuesday,9,Punjab,Sargodha,Urban Road,Average,Clear,Daylight,Bus/Coach,2,Wrong Overtaking,1,0,0,0,4,1,Medium
2023,7,Monday,14,Islamabad,Islamabad,Provincial Highway,Poor,Clear,Daylight,Car/Taxi,1,Road Condition,0,0,0,0,1,0,Low
2019,3,Sunday,14,Punjab,Sheikhupura,Provincial Highway,Good,Foggy,Daylight,Motorcycle,2,Over Speeding,0,1,0,0,11,3,High
2021,1,Saturday,7,Sindh,Nawabshah,Rural Road,Good,Clear,Daylight,Truck/Lorry,1,Pedestrian Error,1,1,0,1,2,0,Low
2018,1,Wednesday,16,Punjab,Sheikhupura,Rural Road,Under Repair,Clear,Daylight,Motorcycle,4,Road Condition,0,0,0,1,0,0,Low
2019,4,Wednesday,11,Punjab,Faisalabad,Provincial Highway,Poor,Foggy,Daylight,Car/Taxi,2,Wrong Overtaking,0,0,0,0,1,0,Medium
2022,6,Saturday,19,Sindh,Larkana,National Highway,Average,Clear,Dawn/Dusk,Car/Taxi,1,Over Speeding,1,1,0,0,6,1,High
2019,10,Sunday,7,Balochistan,Quetta,National Highway,Good,Clear,Daylight,Rickshaw,3,Wrong Overtaking,1,1,0,0,2,0,Low
2021,6,Thursday,8,Sindh,Nawabshah,Urban Road,Average,Rainy,Daylight,Bus/Coach,2,Wrong Overtaking,1,0,0,0,3,1,Medium
2020,4,Tuesday,23,Sindh,Sukkur,Provincial Highway,Good,Rainy,Street Light,Motorcycle,3,Drunk Driving,0,0,1,0,7,1,High
2023,4,Wednesday,11,Sindh,Kashmore,Urban Road,Good,Clear,Daylight,Other,3,Pedestrian Error,0,0,0,0,0,0,Low
2023,3,Wednesday,19,Punjab,Sialkot,Provincial Highway,Average,Clear,No Light,Motorcycle,1,Over Speeding,1,0,0,0,10,2,High
2023,8,Sunday,20,Sindh,Karachi,Provincial Highway,Average,Clear,No Light,Car/Taxi,2,Over Speeding,1,1,0,0,5,1,Medium
2018,9,Friday,21,Punjab,Bahawalpur,Urban Road,Poor,Clear,No Light,Bicycle,2,Over Speeding,0,0,0,0,4,0,Medium
2021,3,Friday,15,Punjab,Sialkot,Provincial Highway,Poor,Clear,Daylight,Motorcycle,2,Wrong Overtaking,0,0,0,0,8,1,High
2020,3,Friday,16,Sindh,Jacobabad,National Highway,Average,Clear,Daylight,Bus/Coach,2,Wrong Overtaking,0,0,0,0,4,0,Medium
2023,12,Friday,2,Balochistan,Sibi,Provincial Highway,Average,Dusty/Smoggy,Street Light,Car/Taxi,2,Mechanical Failure,0,0,1,1,1,0,Low
2023,12,Wednesday,12,Punjab,Multan,National Highway,Good,Clear,Daylight,Truck/Lorry,2,Road Condition,1,0,0,1,1,0,Low
2022,12,Wednesday,7,Sindh,Larkana,Rural Road,Good,Clear,Daylight,Motorcycle,1,Wrong Overtaking,1,0,0,1,2,0,Medium
2019,12,Friday,8,Punjab,Rahim Yar Khan,Urban Road,Average,Foggy,Daylight,Motorcycle,1,Wrong Overtaking,1,0,0,1,4,1,Medium
2019,7,Tuesday,15,Punjab,Multan,Urban Road,Good,Rainy,Daylight,Car/Taxi,1,Pedestrian Error,0,0,0,0,0,0,Low
2021,12,Thursday,11,Sindh,Hyderabad,Provincial Highway,Good,Clear,Daylight,Motorcycle,2,Pedestrian Error,0,0,0,1,5,0,Medium
2018,6,Saturday,16,KPK,Abbottabad,Provincial Highway,Average,Clear,Dawn/Dusk,Car/Taxi,2,Drunk Driving,0,1,0,0,4,1,Medium
2023,10,Tuesday,23,Sindh,Nawabshah,National Highway,Average,Dusty/Smoggy,No Light,Bus/Coach,1,Wrong Overtaking,0,0,1,0,11,0,High
2021,6,Tuesday,9,Punjab,Faisalabad,Urban Road,Average,Clear,Daylight,Car/Taxi,3,Road Condition,1,0,0,0,1,0,Low
2023,12,Tuesday,13,Balochistan,Sibi,Urban Road,Poor,Rainy,Daylight,Car/Taxi,2,Mechanical Failure,1,0,0,1,0,0,Low
2018,10,Thursday,17,Punjab,Rahim Yar Khan,Provincial Highway,Average,Clear,Daylight,Truck/Lorry,1,Over Speeding,1,0,0,0,1,0,Medium
2022,12,Wednesday,2,KPK,Abbottabad,Urban Road,Poor,Clear,Street Light,Other,2,Over Speeding,0,0,1,1,4,0,Medium
2019,3,Saturday,19,KPK,Dera Ismail Khan,Motorway,Average,Rainy,Dawn/Dusk,Rickshaw,2,Over Speeding,1,1,0,0,3,3,High
2023,1,Saturday,19,KPK,Abbottabad,Motorway,Poor,Clear,Daylight,Car/Taxi,2,Wrong Overtaking,1,1,0,1,4,0,Medium
2023,6,Sunday,17,Islamabad,Islamabad,Motorway,Good,Clear,Daylight,Truck/Lorry,1,Wrong Overtaking,1,1,0,0,4,0,Medium
2022,11,Sunday,10,KPK,Mansehra,National Highway,Poor,Dusty/Smoggy,Daylight,Rickshaw,3,Signal Violation,0,1,0,1,4,0,Medium
2018,12,Monday,17,Punjab,Faisalabad,Rural Road,Average,Clear,Dawn/Dusk,Van/Pickup,2,Mobile Phone Use,1,0,0,1,2,1,Low
2021,7,Thursday,15,Punjab,Multan,Rural Road,Poor,Extreme Heat,Daylight,Car/Taxi,2,Wrong Overtaking,0,0,0,0,2,0,Low
2022,7,Tuesday,12,Punjab,Lahore,Rural Road,Average,Clear,Daylight,Car/Taxi,1,Mobile Phone Use,1,0,0,0,1,0,Low
2023,12,Friday,9,Punjab,Multan,Provincial Highway,Under Repair,Clear,Daylight,Car/Taxi,2,Over Speeding,1,0,0,1,5,1,Medium
2018,5,Thursday,15,Balochistan,Hub,Provincial Highway,Poor,Clear,Daylight,Motorcycle,1,Pedestrian Error,0,0,0,0,5,0,Medium
2022,12,Saturday,14,Punjab,Gujranwala,National Highway,Good,Clear,Daylight,Car/Taxi,4,Driver Fatigue,0,1,0,1,5,0,Medium
2018,10,Monday,15,KPK,Dera Ismail Khan,Urban Road,Average,Clear,No Light,Motorcycle,2,Signal Violation,0,0,0,0,1,1,Low
2019,8,Sunday,2,KPK,Mardan,National Highway,Average,Dusty/Smoggy,No Light,Truck/Lorry,2,Road Condition,0,1,1,0,3,1,Medium
2023,8,Sunday,10,Balochistan,Sibi,Urban Road,Good,Clear,Daylight,Car/Taxi,1,Over Speeding,0,1,0,0,2,0,Low
2023,12,Saturday,19,Sindh,Jacobabad,National Highway,Poor,Foggy,No Light,Motorcycle,2,Wrong Overtaking,1,1,0,1,9,1,High
2021,1,Saturday,15,KPK,Swat,Urban Road,Good,Foggy,Street Light,Motorcycle,2,Signal Violation,0,1,0,1,1,2,Medium
2018,10,Friday,11,Punjab,Gujranwala,Provincial Highway,Under Repair,Clear,Daylight,Motorcycle,2,Pedestrian Error,0,0,0,0,1,0,Low
2022,8,Thursday,23,KPK,Peshawar,Motorway,Under Repair,Clear,Street Light,Rickshaw,4,Driver Fatigue,0,0,1,0,2,1,Medium
2021,7,Tuesday,4,Punjab,Rahim Yar Khan,Provincial Highway,Good,Clear,Street Light,Motorcycle,2,Over Speeding,0,0,1,0,7,1,High
2019,4,Thursday,10,Balochistan,Hub,Rural Road,Good,Clear,Dawn/Dusk,Motorcycle,2,Mechanical Failure,0,0,0,0,2,0,Medium
2023,7,Thursday,16,Punjab,Sialkot,National Highway,Average,Foggy,Daylight,Rickshaw,3,Wrong Overtaking,0,0,0,0,4,0,Medium
2023,7,Wednesday,20,Punjab,Gujranwala,Provincial Highway,Good,Extreme Heat,No Light,Motorcycle,3,Signal Violation,1,0,0,0,6,1,High
2023,10,Friday,19,Sindh,Nawabshah,Urban Road,Poor,Foggy,Dawn/Dusk,Bicycle,2,Over Speeding,1,0,0,0,4,0,Medium
2018,2,Friday,19,KPK,Nowshera,Provincial Highway,Good,Clear,Dawn/Dusk,Van/Pickup,2,Wrong Overtaking,1,0,0,1,2,0,Low
2018,1,Thursday,19,KPK,Mansehra,Urban Road,Average,Clear,No Light,Motorcycle,3,Signal Violation,1,0,0,1,2,0,Low
2022,12,Saturday,19,Punjab,Rahim Yar Khan,Urban Road,Average,Clear,Dawn/Dusk,Motorcycle,2,Over Speeding,1,1,0,1,8,0,High
2019,1,Wednesday,4,Punjab,Faisalabad,Urban Road,Poor,Foggy,No Light,Rickshaw,2,Mechanical Failure,0,0,1,1,2,0,Low
2022,2,Saturday,7,Punjab,Faisalabad,National Highway,Poor,Clear,Daylight,Motorcycle,2,Pedestrian Error,1,1,0,1,2,0,Medium
2019,4,Sunday,18,Sindh,Dadu,Rural Road,Poor,Clear,Daylight,Van/Pickup,4,Over Speeding,1,1,0,0,0,0,Low
2019,7,Thursday,13,Sindh,Nawabshah,National Highway,Average,Clear,Daylight,Van/Pickup,1,Road Condition,1,0,0,0,1,0,Medium
2020,6,Tuesday,6,Sindh,Kashmore,National Highway,Average,Clear,Daylight,Car/Taxi,1,Drunk Driving,0,0,0,0,3,1,Medium
2022,5,Thursday,20,KPK,Swat,Motorway,Average,Rainy,No Light,Car/Taxi,2,Drunk Driving,1,0,0,0,2,0,Medium
2023,11,Saturday,21,Sindh,Kashmore,Urban Road,Good,Rainy,Street Light,Motorcycle,2,Pedestrian Error,0,1,0,1,1,1,Medium
2023,4,Friday,19,Islamabad,Islamabad,Rural Road,Good,Clear,No Light,Bicycle,2,Signal Violation,1,0,0,0,1,0,Low
2023,6,Thursday,8,Punjab,Gujranwala,National Highway,Good,Clear,Daylight,Motorcycle,4,Over Speeding,1,0,0,0,7,1,High
2022,9,Tuesday,11,Sindh,Mirpur Khas,National Highway,Average,Clear,Daylight,Truck/Lorry,2,Mechanical Failure,0,0,0,0,0,0,Low
2018,6,Saturday,0,Sindh,Thatta,Motorway,Poor,Dusty/Smoggy,No Light,Motorcycle,3,Mechanical Failure,0,1,1,0,5,0,Medium
2021,5,Tuesday,23,Punjab,Gujranwala,Urban Road,Under Repair,Foggy,No Light,Motorcycle,2,Mechanical Failure,0,0,1,0,1,0,Medium
2021,7,Monday,14,Punjab,Faisalabad,National Highway,Average,Extreme Heat,Daylight,Motorcycle,2,Wrong Overtaking,0,0,0,0,9,4,High
2022,10,Monday,13,Punjab,Faisalabad,Urban Road,Good,Rainy,Daylight,Bicycle,1,Over Speeding,1,0,0,0,4,0,Medium
2021,2,Tuesday,10,Punjab,Gujranwala,Provincial Highway,Good,Clear,Daylight,Car/Taxi,2,Pedestrian Error,0,0,0,1,2,0,Low
2021,1,Friday,8,Sindh,Larkana,Urban Road,Good,Rainy,Daylight,Motorcycle,1,Drunk Driving,1,0,0,1,4,1,Medium
2018,11,Friday,20,Punjab,Faisalabad,Rural Road,Poor,Clear,No Light,Car/Taxi,1,Pedestrian Error,1,0,0,1,1,0,Low
2023,12,Saturday,18,Punjab,Sialkot,Rural Road,Good,Dusty/Smoggy,Daylight,Bicycle,4,Over Speeding,1,1,0,1,4,0,Medium
2019,7,Saturday,19,Sindh,Thatta,National Highway,Poor,Clear,Dawn/Dusk,Motorcycle,2,Signal Violation,1,1,0,0,5,2,Medium