year,month,day_of_week,hour_of_day,province,district,road_type,road_condition,weather_condition,lighting_condition,vehicle_type,vehicles_involved,accident_cause,is_rush_hour,is_weekend,is_night,is_foggy_month,num_injured,num_killed,severity
2022,6,Tuesday,17,Sindh,Hyderabad,National Highway,Good,Clear,Daylight,Motorcycle,2,Over Speeding,1,0,0,0,4,0,High
2019,1,Sunday,11,Punjab,Rahim Yar Khan,National Highway,Average,Clear,Daylight,Rickshaw,1,Wrong Overtaking,0,1,0,1,0,0,Low
2020,3,Thursday,8,Punjab,Sargodha,Provincial Highway,Good,Clear,No Light,Motorcycle,1,Signal Violation,1,0,0,0,5,2,Medium
2023,1,Friday,13,Sindh,Larkana,Provincial Highway,Average,Rainy,Daylight,Car/Taxi,3,Wrong Overtaking,1,0,0,1,1,1,Medium
2023,8,Monday,4,KPK,Kohat,Rural Road,Average,Clear,No Light,Truck/Lorry,1,Road Condition,0,0,1,0,1,0,Low
2021,9,Thursday,22,Islamabad,Islamabad,National Highway,Average,Foggy,Street Light,Van/Pickup,1,Signal Violation,0,0,1,0,2,2,High
2021,4,Monday,20,Punjab,Faisalabad,Urban Road,Good,Clear,Street Light,Motorcycle,3,Over Speeding,1,0,0,0,5,0,Medium
2023,12,Thursday,0,Punjab,Rahim Yar Khan,Urban Road,Poor,Clear,Street Light,Other,2,Pedestrian Error,0,0,1,1,0,0,Low
2022,7,Saturday,17,Punjab,Sheikhupura,Rural Road,Good,Foggy,Daylight,Motorcycle,4,Over Speeding,1,1,0,0,10,2,High
2023,1,Tuesday,12,Sindh,Sukkur,Motorway,Poor,Clear,Daylight,Motorcycle,1,Drunk Driving,1,0,0,1,4,2,High
2022,5,Tuesday,18,Sindh,Kashmore,Provincial Highway,Good,Foggy,Dawn/Dusk,Motorcycle,3,Over Speeding,1,0,0,0,9,1,High
2019,4,Sunday,13,Punjab,Lahore,Provincial Highway,Good,Foggy,Daylight,Truck/Lorry,2,Signal Violation,1,1,0,0,4,1,Medium
2023,7,Friday,12,KPK,Swat,Urban Road,Average,Clear,Street Light,Motorcycle,3,Over Speeding,1,0,0,0,7,2,High
2023,8,Saturday,11,KPK,Peshawar,Rural Road,Average,Clear,Daylight,Truck/Lorry,2,Mechanical Failure,0,1,0,0,0,0,Low
2023,5,Sunday,4,AJK,Muzaffarabad,Rural Road,Good,Rainy,Street Light,Car/Taxi,4,Pedestrian Error,0,1,1,0,1,0,Low
2023,4,Friday,13,Punjab,Sialkot,Urban Road,Good,Clear,Dawn/Dusk,Motorcycle,1,Mobile Phone Use,1,0,0,0,4,0,Medium
2018,11,Monday,21,Punjab,Multan,Provincial Highway,Good,Rainy,No Light,Motorcycle,1,Over Speeding,0,0,0,1,8,2,High
2021,3,Friday,12,Punjab,Multan,Rural Road,Good,Clear,Daylight,Motorcycle,3,Wrong Overtaking,1,0,0,0,0,0,Low
2023,6,Wednesday,8,Punjab,Sheikhupura,National Highway,Average,Rainy,Street Light,Rickshaw,3,Signal Violation,1,0,0,0,2,0,Medium
2023,3,Monday,16,Islamabad,Islamabad,National Highway,Poor,Dusty/Smoggy,Street Light,Car/Taxi,2,Pedestrian Error,0,0,0,0,1,0,Medium
2023,12,Sunday,15,Punjab,Sheikhupura,National Highway,Poor,Clear,Daylight,Motorcycle,2,Driver Fatigue,0,1,0,1,5,0,High
2019,3,Monday,22,Sindh,Jacobabad,National Highway,Average,Rainy,Street Light,Rickshaw,2,Over Speeding,0,0,1,0,11,3,High
2023,9,Sunday,16,Punjab,Multan,Provincial Highway,Average,Foggy,Daylight,Motorcycle,2,Over Speeding,0,1,0,0,8,1,High
2022,9,Monday,20,Punjab,Sheikhupura,Urban Road,Average,Clear,Street Light,Car/Taxi,2,Mechanical Failure,1,0,0,0,1,0,Low
2018,6,Friday,22,Punjab,Gujranwala,Rural Road,Good,Clear,No Light,Van/Pickup,2,Mobile Phone Use,0,0,1,0,2,0,Low
2020,7,Monday,12,Punjab,Rahim Yar Khan,National Highway,Average,Clear,Daylight,Motorcycle,2,Over Speeding,1,0,0,0,10,1,High
2022,8,Friday,10,Sindh,Larkana,National Highway,Poor,Foggy,Street Light,Motorcycle,1,Wrong Overtaking,0,0,0,0,3,2,High
2019,7,Wednesday,18,AJK,Muzaffarabad,Rural Road,Average,Foggy,Daylight,Bus/Coach,2,Pedestrian Error,1,0,0,0,0,0,Low
2023,6,Saturday,14,Sindh,Dadu,Provincial Highway,Average,Dusty/Smoggy,Daylight,Motorcycle,1,Driver Fatigue,0,1,0,0,5,0,High
2022,6,Thursday,8,Sindh,Karachi,Provincial Highway,Average,Foggy,Daylight,Motorcycle,2,Over Speeding,1,0,0,0,5,1,High
2018,7,Saturday,10,Punjab,Sargodha,National Highway,Good,Clear,Daylight,Rickshaw,1,Mechanical Failure,0,1,0,0,1,1,Low
2019,12,Saturday,2,Balochistan,Sibi,National Highway,Good,Clear,Street Light,Motorcycle,1,Wrong Overtaking,0,1,1,1,11,2,High
2019,1,Sunday,15,Punjab,Lahore,Provincial Highway,Average,Dusty/Smoggy,Daylight,Car/Taxi,2,Road Condition,0,1,0,1,1,0,Low
2021,5,Saturday,21,Balochistan,Khuzdar,Provincial Highway,Average,Foggy,No Light,Rickshaw,1,Over Speeding,0,1,0,0,2,0,Medium
2023,1,Friday,18,Sindh,Jacobabad,Provincial Highway,Poor,Clear,Daylight,Rickshaw,1,Signal Violation,1,0,0,1,0,0,Low
2021,11,Thursday,5,Punjab,Multan,National Highway,Good,Clear,Daylight,Motorcycle,1,Wrong Overtaking,0,0,1,1,5,1,High
2022,11,Thursday,12,Sindh,Dadu,National Highway,Good,Foggy,Daylight,Truck/Lorry,2,Over Speeding,1,0,0,1,8,1,High
2023,9,Tuesday,18,Gilgit-Baltistan,Skardu,Provincial Highway,Poor,Rainy,Daylight,Motorcycle,2,Over Speeding,1,0,0,0,10,0,High
2021,12,Friday,18,Punjab,Bahawalpur,National Highway,Poor,Rainy,Daylight,Motorcycle,1,Over Speeding,1,0,0,1,9,0,High
2022,1,Tuesday,13,Punjab,Rahim Yar Khan,National Highway,Average,Foggy,Daylight,Motorcycle,2,Drunk Driving,1,0,0,1,4,1,High
2022,6,Friday,17,Punjab,Multan,National Highway,Average,Foggy,Daylight,Motorcycle,2,Signal Violation,1,0,0,0,6,0,High
2023,5,Monday,13,Sindh,Sukkur,Provincial Highway,Average,Rainy,Daylight,Motorcycle,2,Pedestrian Error,1,0,0,0,1,0,Medium
2018,7,Sunday,20,Punjab,Gujranwala,Urban Road,Good,Foggy,No Light,Rickshaw,1,Signal Violation,1,1,0,0,2,2,Medium
2021,4,Monday,17,KPK,Nowshera,Provincial Highway,Average,Dusty/Smoggy,Daylight,Motorcycle,3,Over Speeding,1,0,0,0,3,1,High
2023,3,Saturday,14,Balochistan,Zhob,Rural Road,Average,Clear,Daylight,Motorcycle,4,Over Speeding,0,1,0,0,11,1,High
2023,4,Saturday,21,Islamabad,Islamabad,Urban Road,Average,Clear,No Light,Bus/Coach,2,Over Speeding,0,1,0,0,2,0,Low
2018,12,Tuesday,6,Punjab,Sargodha,Provincial Highway,Poor,Foggy,Daylight,Rickshaw,2,Over Speeding,0,0,0,1,3,0,Medium
2021,11,Sunday,21,Sindh,Mirpur Khas,Provincial Highway,Good,Rainy,Street Light,Car/Taxi,1,Mechanical Failure,0,1,0,1,0,0,Low
2018,5,Thursday,7,Punjab,Faisalabad,National Highway,Average,Clear,Daylight,Truck/Lorry,2,Over Speeding,1,0,0,0,3,1,High
2022,1,Saturday,14,Sindh,Mirpur Khas,Provincial Highway,Average,Clear,Daylight,Motorcycle,1,Mobile Phone Use,0,1,0,1,2,0,Low
2023,5,Friday,17,KPK,Nowshera,Provincial Highway,Average,Foggy,Daylight,Car/Taxi,2,Over Speeding,1,0,0,0,3,2,High
2023,12,Wednesday,13,Sindh,Karachi,National Highway,Under Repair,Dusty/Smoggy,Dawn/Dusk,Motorcycle,2,Driver Fatigue,1,0,0,1,4,2,High
2022,11,Thursday,13,Balochistan,Hub,National Highway,Good,Foggy,Daylight,Motorcycle,1,Driver Fatigue,1,0,0,1,10,1,High
2021,12,Sunday,18,KPK,Swat,Provincial Highway,Good,Rainy,Daylight,Rickshaw,1,Pedestrian Error,1,1,0,1,2,1,Medium
2018,1,Tuesday,19,Punjab,Sargodha,Provincial Highway,Good,Clear,Street Light,Car/Taxi,3,Wrong Overtaking,1,0,0,1,1,0,Low
2023,6,Saturday,15,Sindh,Nawabshah,Urban Road,Good,Foggy,Daylight,Car/Taxi,4,Wrong Overtaking,0,1,0,0,0,0,Low
2023,3,Monday,13,Punjab,Sargodha,Rural Road,Poor,Clear,Daylight,Bus/Coach,1,Over Speeding,1,0,0,0,5,1,Medium
2018,11,Thursday,0,Punjab,Multan,Urban Road,Good,Clear,Street Light,Car/Taxi,2,Road Condition,0,0,1,1,2,0,Low
2021,7,Sunday,6,Punjab,Gujranwala,Urban Road,Poor,Dusty/Smoggy,Daylight,Bus/Coach,1,Wrong Overtaking,0,1,0,0,2,0,Low
2022,10,Saturday,17,Islamabad,Islamabad,Provincial Highway,Poor,Rainy,Daylight,Car/Taxi,1,Wrong Overtaking,1,1,0,0,1,0,Medium
2019,6,Friday,23,Punjab,Bahawalpur,Provincial Highway,Good,Rainy,No Light,Motorcycle,1,Mechanical Failure,0,0,1,0,2,2,High
2021,9,Thursday,13,Sindh,Sukkur,National Highway,Average,Clear,Daylight,Motorcycle,3,Wrong Overtaking,1,0,0,0,2,1,Medium
2023,12,Thursday,14,KPK,Swat,Provincial Highway,Good,Clear,Daylight,Bus/Coach,3,Over Speeding,0,0,0,1,2,0,Medium
2022,12,Thursday,21,KPK,Dera Ismail Khan,Provincial Highway,Good,Clear,No Light,Car/Taxi,2,Drunk Driving,0,0,0,1,1,0,Medium
2021,1,Sunday,18,KPK,Mansehra,Provincial Highway,Good,Foggy,Daylight,Truck/Lorry,3,Road Condition,1,1,0,1,2,0,Medium
2020,6,Saturday,0,Punjab,Sargodha,Provincial Highway,Under Repair,Dusty/Smoggy,Street Light,Car/Taxi,3,Road Condition,0,1,1,0,1,0,Low
2019,6,Monday,13,KPK,Dera Ismail Khan,Provincial Highway,Poor,Rainy,Street Light,Car/Taxi,4,Mobile Phone Use,1,0,0,0,2,0,Low
2020,2,Saturday,9,Sindh,Dadu,Provincial Highway,Poor,Foggy,Street Light,Car/Taxi,1,Over Speeding,1,1,0,1,3,0,Medium
2023,9,Wednesday,15,Sindh,Mirpur Khas,Motorway,Good,Clear,Dawn/Dusk,Car/Taxi,3,Over Speeding,0,0,0,0,3,1,Medium
2018,12,Thursday,12,Punjab,Rawalpindi,National Highway,Poor,Clear,Daylight,Car/Taxi,2,Wrong Overtaking,1,0,0,1,1,1,Medium
2019,8,Thursday,14,Punjab,Gujranwala,Provincial Highway,Under Repair,Rainy,Daylight,Motorcycle,4,Wrong Overtaking,0,0,0,0,3,0,Medium
2023,12,Monday,20,Islamabad,Islamabad,Motorway,Average,Clear,No Light,Rickshaw,1,Wrong Overtaking,1,0,0,1,1,0,Medium
2023,8,Saturday,10,Punjab,Faisalabad,Provincial Highway,Poor,Clear,Street Light,Car/Taxi,1,Wrong Overtaking,0,1,0,0,1,0,Medium
2021,7,Saturday,11,Sindh,Thatta,Rural Road,Average,Dusty/Smoggy,Daylight,Motorcycle,2,Driver Fatigue,0,1,0,0,3,1,Medium
2020,1,Sunday,9,Punjab,Multan,Provincial Highway,Good,Clear,Dawn/Dusk,Car/Taxi,3,Road Condition,1,1,0,1,2,0,Low
2021,7,Tuesday,3,Punjab,Sheikhupura,Provincial Highway,Good,Foggy,No Light,Rickshaw,2,Drunk Driving,0,0,1,0,10,3,High
2019,3,Monday,18,Punjab,Rawalpindi,Rural Road,Good,Rainy,Daylight,Car/Taxi,1,Wrong Overtaking,1,0,0,0,0,1,Low
2021,11,Monday,19,Sindh,Jacobabad,Urban Road,Average,Rainy,No Light,Car/Taxi,2,Mobile Phone Use,1,0,0,1,0,0,Low
2022,7,Saturday,11,Balochistan,Khuzdar,Provincial Highway,Average,Clear,Street Light,Van/Pickup,3,Signal Violation,0,1,0,0,1,0,Low
2022,12,Thursday,6,Punjab,Multan,National Highway,Average,Clear,Daylight,Motorcycle,2,Pedestrian Error,0,0,0,1,4,2,High
2023,10,Thursday,10,Punjab,Faisalabad,Motorway,Average,Clear,No Light,Motorcycle,1,Driver Fatigue,0,0,0,0,8,2,High
2019,9,Saturday,12,Sindh,Nawabshah,National Highway,Good,Clear,Daylight,Car/Taxi,2,Pedestrian Error,1,1,0,0,1,0,Low
2018,6,Friday,19,Punjab,Gujranwala,Provincial Highway,Poor,Dusty/Smoggy,Dawn/Dusk,Car/Taxi,3,Road Condition,1,0,0,0,0,0,Low
2018,2,Thursday,8,Balochistan,Dera Bugti,Urban Road,Poor,Clear,Daylight,Car/Taxi,2,Mechanical Failure,1,0,0,1,2,0,Low
2020,1,Sunday,18,Punjab,Rahim Yar Khan,National Highway,Good,Clear,Daylight,Motorcycle,1,Signal Violation,1,1,0,1,7,1,High
2019,2,Thursday,0,Sindh,Larkana,National Highway,Average,Clear,No Light,Car/Taxi,2,Over Speeding,0,0,1,1,1,0,Medium
2022,12,Tuesday,11,Sindh,Larkana,Rural Road,Poor,Foggy,Daylight,Motorcycle,1,Road Condition,0,0,0,1,1,1,Medium
2021,9,Monday,9,KPK,Peshawar,Urban Road,Good,Dusty/Smoggy,Dawn/Dusk,Bus/Coach,2,Road Condition,1,0,0,0,0,0,Low
2023,7,Thursday,6,Sindh,Sukkur,Provincial Highway,Poor,Clear,Daylight,Motorcycle,1,Over Speeding,0,0,0,0,8,1,High
2023,3,Friday,7,Punjab,Gujranwala,Urban Road,Good,Clear,Dawn/Dusk,Motorcycle,1,Road Condition,1,0,0,0,1,1,Medium
2022,5,Friday,18,Punjab,Faisalabad,Provincial Highway,Average,Clear,Daylight,Truck/Lorry,2,Over Speeding,1,0,0,0,5,1,Medium
2018,7,Tuesday,8,Islamabad,Islamabad,Provincial Highway,Good,Clear,Daylight,Car/Taxi,3,Over Speeding,1,0,0,0,2,1,Medium
2021,9,Friday,5,KPK,Nowshera,Provincial Highway,Average,Clear,Dawn/Dusk,Car/Taxi,1,Over Speeding,0,0,1,0,1,1,Medium
2019,2,Saturday,15,Punjab,Rawalpindi,National Highway,Average,Clear,Dawn/Dusk,Motorcycle,2,Mechanical Failure,0,1,0,1,7,2,High
2019,3,Saturday,12,KPK,Charsadda,Provincial Highway,Good,Clear,Daylight,Bicycle,2,Over Speeding,1,1,0,0,4,1,High
2022,2,Tuesday,13,Sindh,Hyderabad,Provincial Highway,Good,Clear,Daylight,Car/Taxi,2,Mechanical Failure,1,0,0,1,2,0,Low
2021,7,Thursday,7,Sindh,Thatta,Provincial Highway,Good,Clear,No Light,Bicycle,3,Wrong Overtaking,1,0,0,0,4,1,Medium
2023,12,Thursday,9,Punjab,Gujranwala,National Highway,Good,Clear,Daylight,Motorcycle,3,Over Speeding,1,0,0,1,2,1,High
2021,4,Thursday,8,KPK,Bannu,Rural Road,Average,Clear,Daylight,Motorcycle,1,Mechanical Failure,1,0,0,0,0,0,Low
2023,8,Thursday,1,Punjab,Sheikhupura,Provincial Highway,Poor,Clear,Street Light,Motorcycle,2,Signal Violation,0,0,1,0,3,2,Medium
2019,5,Tuesday,13,KPK,Mansehra,Rural Road,Under Repair,Dusty/Smoggy,Dawn/Dusk,Van/Pickup,3,Wrong Overtaking,1,0,0,0,0,1,Low
2020,9,Sunday,9,Punjab,Rawalpindi,Provincial Highway,Average,Dusty/Smoggy,Dawn/Dusk,Motorcycle,2,Driver Fatigue,1,1,0,0,4,4,High
2023,12,Saturday,14,KPK,Peshawar,Rural Road,Poor,Rainy,Dawn/Dusk,Motorcycle,1,Road Condition,0,1,0,1,1,0,Low
2022,1,Monday,7,Punjab,Lahore,National Highway,Good,Clear,Daylight,Motorcycle,3,Over Speeding,1,0,0,1,9,0,High
2023,3,Wednesday,12,Punjab,Gujranwala,Rural Road,Good,Rainy,Daylight,Car/Taxi,2,Mobile Phone Use,1,0,0,0,1,0,Low
2023,8,Thursday,20,Punjab,Rahim Yar Khan,National Highway,Poor,Clear,Street Light,Car/Taxi,1,Mechanical Failure,1,0,0,0,0,0,Low
2019,7,Thursday,12,Punjab,Faisalabad,National Highway,Average,Rainy,Street Light,Rickshaw,1,Over Speeding,1,0,0,0,10,1,High
2022,1,Tuesday,23,Sindh,Kashmore,National Highway,Good,Clear,No Light,Car/Taxi,3,Wrong Overtaking,0,0,1,1,4,0,Medium
2020,8,Tuesday,16,Punjab,Sheikhupura,National Highway,Under Repair,Clear,Daylight,Car/Taxi,4,Driver Fatigue,0,0,0,0,5,1,Medium
2020,1,Saturday,17,Gilgit-Baltistan,Hunza,National Highway,Average,Clear,Daylight,Motorcycle,1,Wrong Overtaking,1,1,0,1,7,1,High
2023,2,Saturday,15,Sindh,Larkana,National Highway,Poor,Foggy,Daylight,Motorcycle,1,Wrong Overtaking,0,1,0,1,9,3,High
2020,11,Saturday,12,Sindh,Kashmore,National Highway,Average,Clear,Daylight,Car/Taxi,2,Mobile Phone Use,1,1,0,1,5,0,Medium
2020,12,Sunday,10,Punjab,Rahim Yar Khan,National Highway,Good,Clear,Daylight,Motorcycle,1,Drunk Driving,0,1,0,1,8,1,High
2021,2,Thursday,19,Punjab,Faisalabad,Rural Road,Average,Rainy,No Light,Motorcycle,1,Wrong Overtaking,1,0,0,1,2,0,High
2023,6,Tuesday,12,Punjab,Faisalabad,Urban Road,Poor,Clear,Daylight,Motorcycle,2,Mobile Phone Use,1,0,0,0,0,0,Low
2021,11,Saturday,12,KPK,Abbottabad,National Highway,Average,Foggy,Daylight,Van/Pickup,4,Wrong Overtaking,1,1,0,1,4,0,Medium
2022,8,Sunday,13,Punjab,Sialkot,National Highway,Average,Clear,Daylight,Car/Taxi,2,Signal Violation,1,1,0,0,4,1,Medium
2022,6,Friday,9,KPK,Nowshera,Urban Road,Average,Clear,Daylight,Motorcycle,1,Wrong Overtaking,1,0,0,0,5,2,Medium
2021,7,Saturday,18,Punjab,Gujranwala,Rural Road,Average,Foggy,Daylight,Bus/Coach,1,Signal Violation,1,1,0,0,1,0,Medium
2023,6,Tuesday,8,AJK,Rawalakot,Rural Road,Good,Clear,Daylight,Motorcycle,2,Drunk Driving,1,0,0,0,2,0,Medium
2020,12,Friday,9,Punjab,Bahawalpur,Provincial Highway,Average,Rainy,Daylight,Motorcycle,3,Pedestrian Error,1,0,0,1,4,1,High
2018,11,Saturday,13,Punjab,Lahore,Rural Road,Poor,Clear,Daylight,Motorcycle,2,Road Condition,1,1,0,1,1,0,Low
2018,11,Friday,9,Sindh,Hyderabad,Urban Road,Average,Rainy,No Light,Car/Taxi,2,Signal Violation,1,0,0,1,3,1,Medium
2021,7,Saturday,22,Islamabad,Islamabad,National Highway,Good,Foggy,Street Light,Rickshaw,1,Signal Violation,0,1,1,0,3,0,High
2020,12,Tuesday,17,Sindh,Mirpur Khas,Rural Road,Good,Foggy,Dawn/Dusk,Rickshaw,3,Drunk Driving,1,0,0,1,5,1,Medium
2023,1,Friday,5,Punjab,Lahore,Motorway,Average,Clear,Dawn/Dusk,Motorcycle,2,Driver Fatigue,0,0,1,1,11,1,High
2019,8,Monday,16,Sindh,Kashmore,Urban Road,Good,Clear,Daylight,Rickshaw,3,Driver Fatigue,0,0,0,0,1,0,Medium
2022,9,Sunday,7,Balochistan,Loralai,Motorway,Good,Clear,No Light,Car/Taxi,4,Pedestrian Error,1,1,0,0,1,0,Medium
2021,1,Tuesday,18,Punjab,Rawalpindi,Provincial Highway,Average,Clear,Daylight,Car/Taxi,2,Over Speeding,1,0,0,1,2,1,Medium
2023,11,Saturday,10,Punjab,Sialkot,Provincial Highway,Average,Clear,Daylight,Motorcycle,2,Road Condition,0,1,0,1,5,0,Medium
2022,9,Saturday,3,KPK,Dera Ismail Khan,Urban Road,Average,Clear,Street Light,Motorcycle,3,Road Condition,0,1,1,0,5,2,Medium
2021,10,Sunday,18,Balochistan,Loralai,National Highway,Poor,Clear,Daylight,Truck/Lorry,1,Over Speeding,1,1,0,0,10,1,High
2022,3,Thursday,18,KPK,Kohat,Provincial Highway,Good,Rainy,No Light,Car/Taxi,2,Mobile Phone Use,1,0,0,0,0,0,Low
2021,7,Tuesday,12,Gilgit-Baltistan,Gilgit,Urban Road,Average,Clear,Daylight,Car/Taxi,1,Pedestrian Error,1,0,0,0,1,0,Low
2018,10,Tuesday,9,Punjab,Sargodha,Urban Road,Under Repair,Clear,Daylight,Car/Taxi,2,Driver Fatigue,1,0,0,0,4,0,Medium
2022,7,Wednesday,15,Sindh,Sukkur,Provincial Highway,Average,Rainy,Daylight,Bus/Coach,1,Over Speeding,0,0,0,0,3,0,Medium
2021,6,Friday,14,KPK,Charsadda,Motorway,Good,Clear,Daylight,Motorcycle,1,Pedestrian Error,0,0,0,0,4,0,Medium
2023,3,Tuesday,19,KPK,Nowshera,Rural Road,Under Repair,Foggy,Daylight,Bus/Coach,2,Over Speeding,1,0,0,0,7,4,High
2022,6,Sunday,9,KPK,Swat,Rural Road,Average,Clear,Street Light,Motorcycle,3,Over Speeding,1,1,0,0,2,1,Medium
2021,11,Thursday,10,Balochistan,Loralai,Provincial Highway,Average,Clear,Daylight,Car/Taxi,3,Wrong Overtaking,0,0,0,1,2,0,Low
2018,6,Sunday,10,Punjab,Rahim Yar Khan,National Highway,Average,Clear,Daylight,Rickshaw,3,Road Condition,0,1,0,0,4,2,Medium
2019,11,Thursday,18,Punjab,Gujranwala,National Highway,Good,Clear,Street Light,Rickshaw,2,Drunk Driving,1,0,0,1,7,0,High
2023,12,Friday,22,Punjab,Rahim Yar Khan,Provincial Highway,Poor,Foggy,Street Light,Bus/Coach,2,Signal Violation,0,0,1,1,1,0,Medium
2018,6,Wednesday,8,KPK,Kohat,National Highway,Good,Foggy,Daylight,Motorcycle,1,Over Speeding,1,0,0,0,3,0,High
2023,3,Friday,20,Punjab,Rawalpindi,Provincial Highway,Poor,Clear,Street Light,Motorcycle,3,Signal Violation,1,0,0,0,1,1,Medium
2022,9,Wednesday,19,KPK,Nowshera,National Highway,Good,Foggy,Dawn/Dusk,Bus/Coach,1,Road Condition,1,0,0,0,4,1,Medium
2022,4,Wednesday,6,Punjab,Multan,Motorway,Good,Clear,Daylight,Motorcycle,1,Wrong Overtaking,0,0,0,0,3,0,Medium
2021,11,Wednesday,21,Punjab,Sargodha,Provincial Highway,Under Repair,Clear,Street Light,Rickshaw,1,Signal Violation,0,0,0,1,0,0,Low
2022,1,Wednesday,9,Sindh,Jacobabad,National Highway,Average,Clear,Daylight,Van/Pickup,2,Wrong Overtaking,1,0,0,1,0,0,Low
2022,11,Sunday,11,KPK,Dera Ismail Khan,Rural Road,Good,Clear,Daylight,Bus/Coach,2,Signal Violation,0,1,0,1,5,0,Medium
2019,2,Saturday,17,Punjab,Multan,Provincial Highway,Poor,Clear,Daylight,Motorcycle,4,Wrong Overtaking,1,1,0,1,4,0,Medium
2018,12,Wednesday,9,KPK,Mardan,National Highway,Under Repair,Rainy,Daylight,Truck/Lorry,3,Pedestrian Error,1,0,0,1,11,0,High
2023,4,Saturday,18,Sindh,Nawabshah,National Highway,Average,Clear,Daylight,Bus/Coach,2,Over Speeding,1,1,0,0,5,0,High
2022,8,Wednesday,20,Punjab,Sialkot,Provincial Highway,Under Repair,Clear,No Light,Bicycle,3,Wrong Overtaking,1,0,0,0,1,1,Medium
2020,2,Sunday,12,Punjab,Gujranwala,Provincial Highway,Good,Clear,Dawn/Dusk,Motorcycle,3,Signal Violation,1,1,0,1,1,2,Medium
2019,1,Thursday,14,KPK,Peshawar,Provincial Highway,Poor,Rainy,Street Light,Rickshaw,1,Over Speeding,0,0,0,1,1,0,Medium
2023,8,Monday,6,Punjab,Faisalabad,Urban Road,Good,Clear,Daylight,Motorcycle,1,Signal Violation,0,0,0,0,5,1,Medium
2019,11,Monday,12,Balochistan,Loralai,Rural Road,Average,Foggy,Daylight,Motorcycle,1,Wrong Overtaking,1,0,0,1,3,0,Medium
2023,7,Tuesday,11,Sindh,Sukkur,Urban Road,Good,Clear,Dawn/Dusk,Van/Pickup,4,Wrong Overtaking,0,0,0,0,2,0,Low
2023,10,Friday,19,Punjab,Sargodha,Urban Road,Poor,Clear,Dawn/Dusk,Motorcycle,1,Road Condition,1,0,0,0,2,0,Low
2022,3,Monday,22,Punjab,Faisalabad,Provincial Highway,Good,Foggy,No Light,Car/Taxi,2,Driver Fatigue,0,0,1,0,10,0,High
2020,12,Friday,8,Punjab,Sheikhupura,Urban Road,Good,Clear,Daylight,Motorcycle,1,Over Speeding,1,0,0,1,2,2,Medium
2020,6,Wednesday,13,Sindh,Dadu,Rural Road,Good,Foggy,Daylight,Motorcycle,2,Pedestrian Error,1,0,0,0,0,0,Low
2023,11,Wednesday,17,Sindh,Mirpur Khas,National Highway,Average,Clear,Daylight,Rickshaw,2,Mechanical Failure,1,0,0,1,2,0,Low
2020,11,Thursday,7,KPK,Kohat,Rural Road,Poor,Dusty/Smoggy,Daylight,Car/Taxi,1,Over Speeding,1,0,0,1,1,0,Low
2019,10,Friday,17,Punjab,Bahawalpur,Rural Road,Average,Rainy,Daylight,Motorcycle,2,Over Speeding,1,0,0,0,8,3,High
2021,7,Thursday,15,Punjab,Sheikhupura,Provincial Highway,Good,Foggy,Daylight,Motorcycle,3,Wrong Overtaking,0,0,0,0,7,1,High
2018,8,Saturday,6,Punjab,Bahawalpur,National Highway,Average,Foggy,Street Light,Truck/Lorry,2,Wrong Overtaking,0,1,0,0,6,1,High
2019,10,Saturday,17,Punjab,Rahim Yar Khan,Urban Road,Poor,Clear,Dawn/Dusk,Car/Taxi,1,Road Condition,1,1,0,0,2,0,Low
2023,11,Friday,12,Sindh,Nawabshah,National Highway,Good,Clear,Daylight,Car/Taxi,2,Over Speeding,1,0,0,1,3,1,High
2018,3,Tuesday,17,Islamabad,Islamabad,National Highway,Average,Clear,Daylight,Car/Taxi,2,Over Speeding,1,0,0,0,5,1,High
2020,7,Wednesday,15,Sindh,Hyderabad,Provincial Highway,Under Repair,Foggy,Daylight,Motorcycle,2,Pedestrian Error,0,0,0,0,9,0,High
2023,7,Wednesday,7,KPK,Dera Ismail Khan,Rural Road,Average,Clear,Daylight,Van/Pickup,1,Mechanical Failure,1,0,0,0,0,0,Low
2023,1,Sunday,23,Punjab,Rahim Yar Khan,National Highway,Good,Rainy,No Light,Motorcycle,1,Over Speeding,0,1,1,1,7,2,High
2023,12,Tuesday,7,Punjab,Faisalabad,Rural Road,Poor,Foggy,Daylight,Motorcycle,1,Mobile Phone Use,1,0,0,1,1,0,Medium
2020,6,Friday,3,Punjab,Faisalabad,National Highway,Average,Dusty/Smoggy,Street Light,Truck/Lorry,1,Driver Fatigue,0,0,1,0,10,3,High
2021,11,Friday,9,Punjab,Rawalpindi,National Highway,Good,Rainy,Daylight,Car/Taxi,1,Wrong Overtaking,1,0,0,1,6,1,High
2023,5,Friday,17,Sindh,Mirpur Khas,National Highway,Good,Clear,Daylight,Motorcycle,2,Signal Violation,1,0,0,0,4,0,High
2023,3,Wednesday,21,Punjab,Lahore,Provincial Highway,Good,Clear,Street Light,Truck/Lorry,3,Signal Violation,0,0,0,0,1,0,Low
2022,1,Saturday,13,Balochistan,Sibi,Urban Road,Good,Rainy,Daylight,Motorcycle,2,Wrong Overtaking,1,1,0,1,5,1,Medium
2023,12,Saturday,14,AJK,Rawalakot,Rural Road,Poor,Clear,Street Light,Car/Taxi,2,Mobile Phone Use,0,1,0,1,2,0,Low