year,month,day_of_week,hour_of_day,province,district,road_type,road_condition,weather_condition,lighting_condition,vehicle_type,vehicles_involved,accident_cause,is_rush_hour,is_weekend,is_night,is_foggy_month,num_injured,num_killed,severity
2020,11,Thursday,9,Punjab,Gujranwala,Rural Road,Average,Rainy,Daylight,Car/Taxi,2,Signal Violation,1,0,0,1,1,0,Low
2018,9,Tuesday,19,KPK,Nowshera,Rural Road,Good,Clear,Dawn/Dusk,Motorcycle,2,Over Speeding,1,0,0,0,2,1,Medium
2019,7,Thursday,9,Sindh,Mirpur Khas,Rural Road,Good,Foggy,Daylight,Motorcycle,2,Over Speeding,1,0,0,0,4,1,High
2020,11,Thursday,9,Punjab,Rahim Yar Khan,Provincial Highway,Good,Clear,Daylight,Motorcycle,2,Mobile Phone Use,1,0,0,1,3,1,Medium
2021,2,Sunday,22,Balochistan,Khuzdar,Provincial Highway,Good,Rainy,Street Light,Bus/Coach,3,Over Speeding,0,1,1,1,4,3,High
2022,1,Sunday,13,Punjab,Rawalpindi,Rural Road,Under Repair,Clear,Daylight,Other,1,Over Speeding,1,1,0,1,1,0,Low
2023,4,Tuesday,17,KPK,Swat,Rural Road,Under Repair,Extreme Heat,Daylight,Motorcycle,1,Wrong Overtaking,1,0,0,0,1,0,Low
2019,5,Monday,8,Punjab,Rahim Yar Khan,National Highway,Average,Dusty/Smoggy,Daylight,Motorcycle,2,Over Speeding,1,0,0,0,9,1,High
2019,11,Wednesday,20,Punjab,Rawalpindi,National Highway,Good,Clear,No Light,Motorcycle,2,Pedestrian Error,1,0,0,1,3,1,High
2020,4,Thursday,17,Sindh,Kashmore,Rural Road,Good,Foggy,Daylight,Car/Taxi,2,Mechanical Failure,1,0,0,0,0,0,Low
2021,5,Friday,8,Balochistan,Zhob,National Highway,Good,Clear,Daylight,Motorcycle,2,Signal Violation,1,0,0,0,5,2,Medium
2020,11,Saturday,13,Punjab,Gujranwala,National Highway,Under Repair,Clear,Daylight,Car/Taxi,3,Over Speeding,1,1,0,1,4,1,High
2019,8,Sunday,10,Punjab,Lahore,Rural Road,Average,Extreme Heat,Daylight,Car/Taxi,2,Over Speeding,0,1,0,0,1,0,Low
2023,10,Saturday,15,Punjab,Multan,Urban Road,Good,Clear,Daylight,Motorcycle,3,Drunk Driving,0,1,0,0,1,1,Medium
2023,6,Saturday,19,Punjab,Bahawalpur,Provincial Highway,Average,Clear,Dawn/Dusk,Motorcycle,4,Over Speeding,1,1,0,0,3,1,High
2019,12,Tuesday,18,KPK,Bannu,Provincial Highway,Poor,Dusty/Smoggy,Daylight,Bus/Coach,3,Wrong Overtaking,1,0,0,1,4,0,Medium
2021,3,Sunday,16,KPK,Dera Ismail Khan,Urban Road,Good,Clear,Dawn/Dusk,Motorcycle,2,Over Speeding,0,1,0,0,11,2,High
2019,9,Monday,15,Balochistan,Zhob,Provincial Highway,Average,Foggy,Street Light,Motorcycle,4,Over Speeding,0,0,0,0,5,0,High
2023,4,Wednesday,9,KPK,Swat,Motorway,Average,Clear,Street Light,Motorcycle,1,Over Speeding,1,0,0,0,7,1,High
2022,12,Sunday,5,Balochistan,Dera Bugti,Provincial Highway,Good,Rainy,Street Light,Car/Taxi,2,Signal Violation,0,1,1,1,1,1,Medium
2023,11,Saturday,17,KPK,Mardan,National Highway,Poor,Clear,Daylight,Car/Taxi,1,Over Speeding,1,1,0,1,3,2,Medium
2022,12,Thursday,2,Islamabad,Islamabad,National Highway,Under Repair,Dusty/Smoggy,No Light,Car/Taxi,3,Signal Violation,0,0,1,1,5,1,Medium
2020,8,Sunday,11,Punjab,Sheikhupura,Urban Road,Poor,Clear,Daylight,Car/Taxi,2,Mechanical Failure,0,1,0,0,2,0,Low
2022,2,Saturday,8,Sindh,Thatta,Urban Road,Poor,Clear,Daylight,Car/Taxi,1,Mobile Phone Use,1,1,0,1,1,0,Low
2023,5,Friday,14,Gilgit-Baltistan,Gilgit,Provincial Highway,Poor,Rainy,Daylight,Motorcycle,2,Pedestrian Error,0,0,0,0,1,0,Medium
2021,9,Friday,14,KPK,Charsadda,Rural Road,Poor,Extreme Heat,Daylight,Rickshaw,2,Wrong Overtaking,0,0,0,0,1,0,Low
2018,4,Monday,16,Balochistan,Zhob,National Highway,Good,Clear,Daylight,Motorcycle,2,Over Speeding,0,0,0,0,10,1,High
2020,12,Thursday,17,Punjab,Lahore,Provincial Highway,Poor,Rainy,Daylight,Motorcycle,2,Mechanical Failure,1,0,0,1,1,1,Medium
2021,7,Friday,10,Balochistan,Chaman,Urban Road,Good,Clear,Daylight,Motorcycle,3,Wrong Overtaking,0,0,0,0,2,0,Low
2019,2,Monday,19,KPK,Kohat,Provincial Highway,Good,Clear,Dawn/Dusk,Rickshaw,2,Wrong Overtaking,1,0,0,1,5,2,Medium
2021,12,Sunday,21,Punjab,Rawalpindi,Urban Road,Good,Clear,No Light,Motorcycle,3,Signal Violation,0,1,0,1,1,0,Medium
2019,2,Tuesday,8,Punjab,Lahore,Rural Road,Poor,Foggy,Daylight,Car/Taxi,1,Pedestrian Error,1,0,0,1,2,0,Low
2020,9,Saturday,17,Punjab,Bahawalpur,Urban Road,Average,Clear,Daylight,Car/Taxi,3,Over Speeding,1,1,0,0,2,0,Low
2018,6,Friday,12,Balochistan,Zhob,Provincial Highway,Good,Rainy,Street Light,Motorcycle,4,Mechanical Failure,1,0,0,0,1,0,Medium
2018,7,Saturday,16,KPK,Nowshera,Rural Road,Good,Clear,Street Light,Motorcycle,1,Road Condition,0,1,0,0,0,1,Low
2023,8,Wednesday,8,Balochistan,Khuzdar,Motorway,Under Repair,Clear,Daylight,Bicycle,2,Over Speeding,1,0,0,0,2,0,High
2023,2,Thursday,17,Sindh,Kashmore,Urban Road,Poor,Foggy,Daylight,Motorcycle,1,Mechanical Failure,1,0,0,1,2,0,Low
2020,10,Sunday,4,Islamabad,Islamabad,National Highway,Average,Clear,No Light,Motorcycle,1,Road Condition,0,1,1,0,3,0,High
2022,11,Sunday,19,Sindh,Thatta,National Highway,Poor,Clear,Street Light,Rickshaw,1,Wrong Overtaking,1,1,0,1,4,1,Medium
2022,7,Wednesday,12,Punjab,Rawalpindi,Rural Road,Poor,Rainy,Dawn/Dusk,Rickshaw,2,Over Speeding,1,0,0,0,1,0,Low
2021,2,Monday,21,Punjab,Gujranwala,Provincial Highway,Good,Clear,Street Light,Motorcycle,3,Pedestrian Error,0,0,0,1,1,0,Low
2018,12,Sunday,9,Gilgit-Baltistan,Skardu,Urban Road,Poor,Clear,No Light,Rickshaw,2,Signal Violation,1,1,0,1,1,0,Low
2018,1,Saturday,23,Punjab,Bahawalpur,National Highway,Good,Rainy,No Light,Truck/Lorry,3,Wrong Overtaking,0,1,1,1,8,2,High
2018,4,Sunday,17,Punjab,Gujranwala,Motorway,Average,Foggy,Daylight,Car/Taxi,2,Over Speeding,1,1,0,0,3,2,Medium
2020,3,Tuesday,2,Punjab,Lahore,Provincial Highway,Average,Rainy,Street Light,Truck/Lorry,4,Driver Fatigue,0,0,1,0,11,2,High
2018,8,Wednesday,21,Punjab,Lahore,Rural Road,Good,Clear,No Light,Motorcycle,2,Signal Violation,0,0,0,0,5,0,Medium
2020,1,Wednesday,18,Balochistan,Zhob,Urban Road,Good,Clear,Daylight,Rickshaw,4,Pedestrian Error,1,0,0,1,1,0,Low
2022,1,Friday,3,Sindh,Kashmore,Provincial Highway,Under Repair,Clear,Street Light,Car/Taxi,2,Pedestrian Error,0,0,1,1,2,0,Low
2018,7,Saturday,8,Sindh,Nawabshah,Rural Road,Average,Foggy,Daylight,Rickshaw,1,Wrong Overtaking,1,1,0,0,0,0,Low
2022,11,Monday,7,Islamabad,Islamabad,Provincial Highway,Good,Foggy,Dawn/Dusk,Motorcycle,1,Driver Fatigue,1,0,0,1,2,1,High
2019,9,Monday,5,Sindh,Kashmore,National Highway,Good,Clear,Street Light,Truck/Lorry,2,Pedestrian Error,0,0,1,0,5,0,Medium
2021,4,Saturday,14,KPK,Dera Ismail Khan,Provincial Highway,Good,Dusty/Smoggy,Daylight,Motorcycle,2,Driver Fatigue,0,1,0,0,3,2,High
2022,7,Tuesday,1,Punjab,Sargodha,Urban Road,Good,Clear,No Light,Motorcycle,1,Over Speeding,0,0,1,0,8,2,High
2022,11,Tuesday,19,AJK,Rawalakot,National Highway,Good,Rainy,Dawn/Dusk,Truck/Lorry,2,Road Condition,1,0,0,1,5,1,High
2021,8,Wednesday,10,Punjab,Sheikhupura,Urban Road,Good,Clear,Daylight,Rickshaw,2,Signal Violation,0,0,0,0,0,1,Low
2023,4,Thursday,13,KPK,Mansehra,Motorway,Average,Clear,Daylight,Truck/Lorry,2,Signal Violation,1,0,0,0,2,3,High
2018,1,Tuesday,19,KPK,Dera Ismail Khan,National Highway,Average,Foggy,Dawn/Dusk,Car/Taxi,3,Road Condition,1,0,0,1,2,1,Low
2018,4,Saturday,20,Punjab,Rawalpindi,National Highway,Average,Rainy,No Light,Car/Taxi,1,Wrong Overtaking,1,1,0,0,5,0,Medium
2018,7,Thursday,5,Punjab,Rawalpindi,National Highway,Average,Foggy,Dawn/Dusk,Car/Taxi,2,Drunk Driving,0,0,1,0,5,0,High
2021,12,Saturday,7,Punjab,Multan,National Highway,Poor,Clear,Daylight,Car/Taxi,3,Road Condition,1,1,0,1,3,0,Medium
2018,11,Friday,13,Punjab,Sialkot,Rural Road,Average,Clear,Daylight,Truck/Lorry,3,Signal Violation,1,0,0,1,0,0,Low
2020,8,Tuesday,12,Sindh,Larkana,National Highway,Average,Foggy,Daylight,Truck/Lorry,3,Wrong Overtaking,1,0,0,0,9,3,High
2021,5,Sunday,10,Gilgit-Baltistan,Skardu,Provincial Highway,Good,Clear,Daylight,Motorcycle,4,Driver Fatigue,0,1,0,0,4,1,High
2021,10,Wednesday,20,Sindh,Jacobabad,Rural Road,Good,Foggy,Street Light,Motorcycle,2,Over Speeding,1,0,0,0,10,2,High
2021,5,Saturday,4,Sindh,Hyderabad,National Highway,Average,Rainy,No Light,Bus/Coach,3,Over Speeding,0,1,1,0,10,2,High
2022,6,Thursday,17,Punjab,Gujranwala,Urban Road,Good,Clear,No Light,Motorcycle,3,Road Condition,1,0,0,0,5,0,Medium
2018,12,Friday,10,Punjab,Gujranwala,National Highway,Average,Clear,Daylight,Car/Taxi,2,Signal Violation,0,0,0,1,2,0,Medium
2022,2,Tuesday,12,Sindh,Thatta,Rural Road,Good,Clear,Daylight,Rickshaw,2,Wrong Overtaking,1,0,0,1,1,0,Low
2021,3,Friday,13,AJK,Rawalakot,National Highway,Under Repair,Clear,Daylight,Car/Taxi,3,Over Speeding,1,0,0,0,8,0,High
2022,1,Saturday,7,Balochistan,Dera Bugti,Provincial Highway,Poor,Clear,Daylight,Other,3,Over Speeding,1,1,0,1,2,0,Low
2022,11,Sunday,6,Punjab,Gujranwala,Rural Road,Average,Clear,Daylight,Motorcycle,2,Over Speeding,0,1,0,1,1,0,Medium
2023,10,Monday,12,Sindh,Kashmore,Urban Road,Average,Clear,Daylight,Motorcycle,2,Wrong Overtaking,1,0,0,0,2,0,Medium
2021,12,Saturday,22,Sindh,Nawabshah,National Highway,Good,Rainy,Street Light,Van/Pickup,4,Driver Fatigue,0,1,1,1,6,1,High
2022,1,Friday,7,KPK,Swat,Urban Road,Good,Dusty/Smoggy,Dawn/Dusk,Car/Taxi,2,Drunk Driving,1,0,0,1,1,0,Low
2020,12,Saturday,19,KPK,Swat,Urban Road,Average,Rainy,Street Light,Rickshaw,4,Signal Violation,1,1,0,1,1,0,Low
2023,12,Thursday,13,KPK,Abbottabad,Provincial Highway,Good,Clear,Dawn/Dusk,Motorcycle,3,Over Speeding,1,0,0,1,3,0,Medium
2019,7,Thursday,16,Punjab,Faisalabad,Motorway,Good,Rainy,Daylight,Car/Taxi,1,Road Condition,0,0,0,0,0,0,Low
2021,6,Wednesday,22,Islamabad,Islamabad,Rural Road,Average,Clear,No Light,Car/Taxi,3,Over Speeding,0,0,1,0,2,0,Low
2022,5,Saturday,18,Punjab,Multan,Urban Road,Average,Foggy,Daylight,Car/Taxi,4,Signal Violation,1,1,0,0,1,0,Low
2018,6,Friday,20,Sindh,Dadu,Provincial Highway,Good,Foggy,Street Light,Motorcycle,2,Over Speeding,1,0,0,0,10,0,High
2020,1,Wednesday,1,Balochistan,Sibi,National Highway,Average,Clear,Street Light,Motorcycle,2,Over Speeding,0,0,1,1,6,3,High
2021,4,Tuesday,20,Sindh,Larkana,Provincial Highway,Good,Rainy,Street Light,Bus/Coach,2,Wrong Overtaking,1,0,0,0,2,2,Medium
2021,11,Friday,11,Punjab,Sheikhupura,Provincial Highway,Poor,Clear,Daylight,Motorcycle,2,Over Speeding,0,0,0,1,9,0,High
2022,5,Wednesday,20,Punjab,Gujranwala,National Highway,Average,Foggy,Street Light,Bus/Coach,2,Wrong Overtaking,1,0,0,0,4,1,Medium
2023,1,Wednesday,16,Sindh,Dadu,Urban Road,Average,Clear,Daylight,Car/Taxi,2,Over Speeding,0,0,0,1,3,1,Medium
2021,5,Friday,11,Punjab,Sheikhupura,National Highway,Average,Dusty/Smoggy,Daylight,Car/Taxi,2,Signal Violation,0,0,0,0,1,1,Medium
2023,12,Thursday,23,Sindh,Dadu,Provincial Highway,Good,Foggy,No Light,Rickshaw,2,Road Condition,0,0,1,1,1,0,Medium
2022,6,Tuesday,19,Punjab,Sheikhupura,Urban Road,Good,Clear,No Light,Motorcycle,2,Over Speeding,1,0,0,0,2,1,Medium
2023,12,Sunday,17,KPK,Nowshera,Provincial Highway,Poor,Clear,Daylight,Motorcycle,1,Signal Violation,1,1,0,1,2,1,Medium
2023,7,Monday,18,Punjab,Sheikhupura,Provincial Highway,Good,Clear,Daylight,Car/Taxi,1,Drunk Driving,1,0,0,0,2,0,Medium
2023,6,Thursday,6,KPK,Peshawar,National Highway,Poor,Dusty/Smoggy,Street Light,Motorcycle,3,Road Condition,0,0,0,0,1,0,Medium
2020,4,Saturday,7,Punjab,Multan,National Highway,Good,Clear,Daylight,Motorcycle,2,Mechanical Failure,1,1,0,0,3,1,High
2018,6,Saturday,13,Sindh,Nawabshah,Provincial Highway,Poor,Clear,Daylight,Car/Taxi,3,Wrong Overtaking,1,1,0,0,1,1,Medium
2023,6,Saturday,23,Punjab,Sialkot,Urban Road,Good,Rainy,No Light,Car/Taxi,2,Over Speeding,0,1,1,0,8,2,High
2023,5,Friday,9,Sindh,Karachi,National Highway,Good,Foggy,Dawn/Dusk,Bicycle,2,Signal Violation,1,0,0,0,7,0,High
2018,4,Saturday,8,KPK,Peshawar,Urban Road,Average,Clear,Daylight,Car/Taxi,2,Road Condition,1,1,0,0,0,0,Low
2023,1,Saturday,0,Punjab,Lahore,Provincial Highway,Average,Clear,Street Light,Truck/Lorry,2,Wrong Overtaking,0,1,1,1,1,0,Medium
2019,1,Friday,7,KPK,Charsadda,Provincial Highway,Average,Clear,Daylight,Truck/Lorry,2,Over Speeding,1,0,0,1,5,1,Medium
2023,9,Monday,22,Balochistan,Quetta,Provincial Highway,Poor,Extreme Heat,No Light,Bus/Coach,2,Over Speeding,0,0,1,0,2,0,High
2019,6,Tuesday,17,Punjab,Sheikhupura,Urban Road,Average,Rainy,Dawn/Dusk,Motorcycle,1,Drunk Driving,1,0,0,0,1,0,Medium
2021,12,Friday,6,Sindh,Kashmore,Provincial Highway,Average,Dusty/Smoggy,Daylight,Bus/Coach,1,Mechanical Failure,0,0,0,1,0,0,Low
2020,9,Friday,9,Sindh,Hyderabad,Provincial Highway,Good,Clear,Daylight,Motorcycle,1,Over Speeding,1,0,0,0,5,1,High
2020,7,Tuesday,0,Punjab,Sheikhupura,Rural Road,Average,Foggy,No Light,Motorcycle,2,Wrong Overtaking,0,0,1,0,3,2,Medium
2023,1,Monday,7,Punjab,Sheikhupura,Provincial Highway,Poor,Dusty/Smoggy,Dawn/Dusk,Rickshaw,1,Over Speeding,1,0,0,1,4,1,Medium
2019,1,Monday,19,Islamabad,Islamabad,National Highway,Poor,Clear,No Light,Car/Taxi,1,Over Speeding,1,0,0,1,10,1,High
2023,12,Wednesday,8,Sindh,Hyderabad,Provincial Highway,Good,Rainy,Street Light,Car/Taxi,3,Drunk Driving,1,0,0,1,4,1,Medium
2022,10,Friday,12,Islamabad,Islamabad,National Highway,Average,Clear,Daylight,Motorcycle,2,Signal Violation,1,0,0,0,7,3,High
2020,5,Monday,16,KPK,Swat,Motorway,Poor,Clear,Daylight,Rickshaw,2,Over Speeding,0,0,0,0,9,3,High
2019,11,Tuesday,18,Punjab,Sheikhupura,Rural Road,Poor,Rainy,Street Light,Motorcycle,2,Drunk Driving,1,0,0,1,1,1,Medium
2021,7,Wednesday,17,Punjab,Sheikhupura,Rural Road,Poor,Clear,Daylight,Motorcycle,2,Signal Violation,1,0,0,0,1,0,Medium
2018,5,Friday,16,KPK,Charsadda,Rural Road,Under Repair,Foggy,Daylight,Motorcycle,2,Road Condition,0,0,0,0,3,1,Medium
2023,2,Monday,22,Sindh,Mirpur Khas,Rural Road,Good,Clear,Street Light,Motorcycle,2,Over Speeding,0,0,1,1,8,1,High
2019,12,Thursday,12,Punjab,Lahore,Urban Road,Average,Extreme Heat,Daylight,Rickshaw,3,Over Speeding,1,0,0,1,3,0,Medium
2021,7,Tuesday,11,Sindh,Hyderabad,National Highway,Good,Rainy,Daylight,Car/Taxi,1,Driver Fatigue,0,0,0,0,5,0,Medium
2021,2,Saturday,11,KPK,Swat,Rural Road,Good,Rainy,Daylight,Motorcycle,2,Over Speeding,0,1,0,1,2,1,High
2019,11,Monday,13,KPK,Bannu,National Highway,Poor,Clear,No Light,Motorcycle,2,Wrong Overtaking,1,0,0,1,10,2,High
2023,4,Saturday,14,Punjab,Multan,National Highway,Poor,Rainy,Daylight,Motorcycle,1,Driver Fatigue,0,1,0,0,11,1,High
2020,5,Wednesday,7,Punjab,Gujranwala,Rural Road,Good,Clear,Dawn/Dusk,Motorcycle,2,Wrong Overtaking,1,0,0,0,4,2,Medium
2019,11,Monday,13,Islamabad,Islamabad,Urban Road,Under Repair,Clear,Daylight,Car/Taxi,1,Wrong Overtaking,1,0,0,1,2,0,Low
2020,6,Tuesday,9,Balochistan,Quetta,Provincial Highway,Good,Rainy,Daylight,Car/Taxi,3,Road Condition,1,0,0,0,2,0,Medium
2020,7,Monday,23,Punjab,Gujranwala,Rural Road,Average,Clear,Street Light,Motorcycle,2,Over Speeding,0,0,1,0,8,2,High
2019,7,Sunday,18,KPK,Mardan,Provincial Highway,Average,Extreme Heat,Dawn/Dusk,Bicycle,2,Pedestrian Error,1,1,0,0,1,0,Medium
2022,9,Sunday,11,Punjab,Sheikhupura,Provincial Highway,Average,Clear,Daylight,Car/Taxi,1,Road Condition,0,1,0,0,2,1,Low
2018,12,Sunday,9,Punjab,Rahim Yar Khan,National Highway,Good,Clear,Daylight,Motorcycle,2,Driver Fatigue,1,1,0,1,3,4,High
2018,1,Friday,9,Punjab,Rahim Yar Khan,Urban Road,Poor,Clear,Daylight,Motorcycle,2,Wrong Overtaking,1,0,0,1,4,0,Medium
2023,2,Wednesday,11,Punjab,Sheikhupura,National Highway,Good,Clear,Daylight,Rickshaw,1,Drunk Driving,0,0,0,1,2,1,High
2022,4,Saturday,11,Balochistan,Hub,National Highway,Average,Clear,Daylight,Motorcycle,2,Pedestrian Error,0,1,0,0,2,2,High
2021,8,Wednesday,12,Sindh,Thatta,National Highway,Good,Clear,Daylight,Car/Taxi,1,Over Speeding,1,0,0,0,9,1,High
2021,5,Thursday,17,Punjab,Rahim Yar Khan,Urban Road,Good,Clear,Daylight,Rickshaw,4,Over Speeding,1,0,0,0,2,1,Low
2018,6,Wednesday,5,Balochistan,Zhob,National Highway,Poor,Clear,Dawn/Dusk,Car/Taxi,2,Over Speeding,0,0,1,0,11,1,High
2020,7,Sunday,13,KPK,Dera Ismail Khan,National Highway,Good,Rainy,Daylight,Motorcycle,2,Driver Fatigue,1,1,0,0,7,1,High
2023,11,Tuesday,3,Punjab,Bahawalpur,Provincial Highway,Under Repair,Clear,No Light,Van/Pickup,2,Wrong Overtaking,0,0,1,1,4,1,Medium
2019,4,Friday,22,Sindh,Dadu,Urban Road,Good,Extreme Heat,No Light,Motorcycle,1,Mechanical Failure,0,0,1,0,2,0,Low
2019,12,Tuesday,8,KPK,Swat,Motorway,Good,Extreme Heat,Daylight,Motorcycle,1,Over Speeding,1,0,0,1,8,1,High
2020,1,Saturday,15,KPK,Dera Ismail Khan,Rural Road,Average,Rainy,Daylight,Car/Taxi,2,Over Speeding,0,1,0,1,3,0,Medium
2023,2,Wednesday,5,KPK,Swat,National Highway,Good,Foggy,No Light,Truck/Lorry,2,Road Condition,0,0,1,1,2,0,High
2023,6,Sunday,20,Punjab,Sargodha,Provincial Highway,Average,Foggy,Street Light,Van/Pickup,4,Wrong Overtaking,1,1,0,0,2,0,Medium
2019,9,Friday,0,Punjab,Gujranwala,Provincial Highway,Average,Clear,Street Light,Truck/Lorry,1,Over Speeding,0,0,1,0,8,0,High
2019,3,Monday,15,Balochistan,Gwadar,National Highway,Good,Clear,Daylight,Truck/Lorry,1,Wrong Overtaking,0,0,0,0,8,1,High
2023,4,Monday,18,Balochistan,Turbat,Rural Road,Good,Clear,Street Light,Car/Taxi,1,Road Condition,1,0,0,0,2,0,Low
2020,6,Saturday,6,Punjab,Faisalabad,Provincial Highway,Good,Clear,Daylight,Motorcycle,2,Wrong Overtaking,0,1,0,0,1,1,Medium
2023,8,Tuesday,12,Punjab,Multan,Urban Road,Poor,Foggy,Daylight,Rickshaw,1,Over Speeding,1,0,0,0,3,0,Medium
2019,6,Sunday,22,Balochistan,Dera Bugti,National Highway,Average,Clear,Street Light,Truck/Lorry,1,Road Condition,0,1,1,0,5,1,Medium
2019,7,Thursday,21,Punjab,Bahawalpur,Provincial Highway,Poor,Clear,Street Light,Rickshaw,1,Pedestrian Error,0,0,0,0,1,0,Low
2023,12,Wednesday,7,Punjab,Bahawalpur,Urban Road,Average,Clear,Daylight,Motorcycle,1,Wrong Overtaking,1,0,0,1,2,1,Low
2018,8,Saturday,19,Punjab,Sargodha,National Highway,Average,Clear,Dawn/Dusk,Motorcycle,2,Signal Violation,1,1,0,0,4,0,High
2021,10,Thursday,19,Punjab,Multan,National Highway,Poor,Foggy,Dawn/Dusk,Car/Taxi,1,Signal Violation,1,0,0,0,3,2,Medium
2018,7,Sunday,20,Punjab,Sargodha,National Highway,Good,Clear,Street Light,Motorcycle,2,Mechanical Failure,1,1,0,0,5,0,Medium
2023,6,Thursday,12,Sindh,Dadu,Provincial Highway,Poor,Clear,Daylight,Car/Taxi,2,Road Condition,1,0,0,0,2,1,Low
2018,4,Monday,16,Punjab,Bahawalpur,National Highway,Poor,Foggy,Daylight,Motorcycle,1,Signal Violation,0,0,0,0,3,2,High
2018,2,Tuesday,12,AJK,Muzaffarabad,Provincial Highway,Good,Clear,Daylight,Truck/Lorry,1,Pedestrian Error,1,0,0,1,5,0,Medium
2023,9,Monday,6,Islamabad,Islamabad,Urban Road,Average,Rainy,Daylight,Bus/Coach,3,Wrong Overtaking,0,0,0,0,2,0,Low
2020,7,Wednesday,22,Islamabad,Islamabad,National Highway,Good,Dusty/Smoggy,No Light,Bus/Coach,1,Pedestrian Error,0,0,1,0,2,0,Medium
2020,4,Tuesday,20,Balochistan,Khuzdar,Provincial Highway,Good,Foggy,No Light,Car/Taxi,1,Wrong Overtaking,1,0,0,0,2,0,Low
2023,6,Saturday,14,KPK,Mardan,National Highway,Average,Clear,Daylight,Rickshaw,1,Over Speeding,0,1,0,0,9,0,High
2021,4,Tuesday,12,Punjab,Multan,Urban Road,Poor,Dusty/Smoggy,Daylight,Car/Taxi,1,Road Condition,1,0,0,0,1,0,Low
2018,9,Thursday,13,Punjab,Sheikhupura,Provincial Highway,Average,Foggy,Daylight,Motorcycle,2,Pedestrian Error,1,0,0,0,2,0,Medium
2023,7,Friday,22,Punjab,Rahim Yar Khan,Provincial Highway,Poor,Clear,No Light,Motorcycle,1,Over Speeding,0,0,1,0,9,0,High
2021,2,Sunday,8,Punjab,Multan,Provincial Highway,Good,Extreme Heat,Dawn/Dusk,Motorcycle,1,Pedestrian Error,1,1,0,1,1,0,Medium
2023,6,Saturday,20,Sindh,Dadu,Provincial Highway,Good,Clear,No Light,Bicycle,1,Wrong Overtaking,1,1,0,0,2,0,Medium
2023,11,Wednesday,11,Gilgit-Baltistan,Skardu,National Highway,Average,Clear,Daylight,Rickshaw,2,Wrong Overtaking,0,0,0,1,2,1,Low
2021,9,Friday,7,Sindh,Mirpur Khas,National Highway,Poor,Foggy,Daylight,Truck/Lorry,1,Road Condition,1,0,0,0,11,2,High
2022,7,Friday,12,Sindh,Sukkur,Urban Road,Good,Dusty/Smoggy,Daylight,Motorcycle,3,Road Condition,1,0,0,0,1,0,Low
2018,6,Friday,16,KPK,Mansehra,National Highway,Good,Clear,Daylight,Car/Taxi,3,Wrong Overtaking,0,0,0,0,2,0,Low
2020,6,Sunday,18,Punjab,Sheikhupura,Provincial Highway,Average,Clear,Daylight,Car/Taxi,3,Over Speeding,1,1,0,0,4,0,Medium
2021,8,Monday,18,Islamabad,Islamabad,National Highway,Good,Dusty/Smoggy,Daylight,Motorcycle,1,Pedestrian Error,1,0,0,0,4,2,Medium
2023,5,Wednesday,10,Sindh,Thatta,Urban Road,Average,Clear,Daylight,Motorcycle,2,Road Condition,0,0,0,0,2,0,Medium
2023,9,Sunday,7,Punjab,Rawalpindi,National Highway,Average,Clear,Street Light,Motorcycle,1,Driver Fatigue,1,1,0,0,8,2,High
2021,7,Saturday,22,Islamabad,Islamabad,Motorway,Good,Clear,Street Light,Rickshaw,1,Over Speeding,0,1,1,0,2,0,Medium
2022,2,Friday,22,Sindh,Larkana,Provincial Highway,Average,Clear,No Light,Car/Taxi,3,Signal Violation,0,0,1,1,1,0,Low
2018,7,Saturday,4,Sindh,Larkana,National Highway,Average,Dusty/Smoggy,Street Light,Car/Taxi,2,Mobile Phone Use,0,1,1,0,5,0,Medium
2023,7,Sunday,9,Sindh,Karachi,National Highway,Good,Dusty/Smoggy,Dawn/Dusk,Bicycle,2,Signal Violation,1,1,0,0,4,1,High
2022,3,Saturday,16,KPK,Kohat,Provincial Highway,Average,Clear,Daylight,Motorcycle,2,Mobile Phone Use,0,1,0,0,4,1,Medium
2020,1,Tuesday,20,Punjab,Rawalpindi,Urban Road,Good,Foggy,Street Light,Motorcycle,1,Wrong Overtaking,1,0,0,1,2,0,Medium
2021,1,Monday,11,Balochistan,Loralai,National Highway,Under Repair,Clear,Daylight,Motorcycle,3,Wrong Overtaking,0,0,0,1,9,0,High
2023,4,Monday,19,Islamabad,Islamabad,Rural Road,Good,Clear,Dawn/Dusk,Motorcycle,2,Mechanical Failure,1,0,0,0,2,0,Medium
2020,1,Saturday,21,Sindh,Jacobabad,Provincial Highway,Under Repair,Clear,No Light,Motorcycle,2,Wrong Overtaking,0,1,0,1,5,2,High
2023,12,Friday,10,KPK,Kohat,Rural Road,Poor,Clear,Daylight,Motorcycle,3,Over Speeding,0,0,0,1,4,0,Medium
2020,6,Tuesday,15,Balochistan,Hub,Provincial Highway,Good,Foggy,Dawn/Dusk,Bus/Coach,1,Road Condition,0,0,0,0,4,0,Medium
2021,2,Tuesday,18,Punjab,Lahore,Provincial Highway,Good,Clear,Daylight,Bicycle,2,Road Condition,1,0,0,1,4,0,Medium
2019,6,Friday,19,Gilgit-Baltistan,Hunza,National Highway,Average,Clear,Dawn/Dusk,Truck/Lorry,2,Over Speeding,1,0,0,0,2,1,High
2018,12,Saturday,12,KPK,Swat,Provincial Highway,Average,Rainy,Daylight,Motorcycle,4,Over Speeding,1,1,0,1,2,0,High