year,month,day_of_week,hour_of_day,province,district,road_type,road_condition,weather_condition,lighting_condition,vehicle_type,vehicles_involved,accident_cause,is_rush_hour,is_weekend,is_night,is_foggy_month,num_injured,num_killed,severity
2023,8,Sunday,21,Sindh,Karachi,National Highway,Poor,Clear,Street Light,Motorcycle,3,Signal Violation,0,1,0,0,6,1,High
2020,12,Tuesday,7,KPK,Peshawar,Rural Road,Good,Clear,Daylight,Motorcycle,2,Over Speeding,1,0,0,1,1,0,Medium
2022,12,Monday,13,Sindh,Thatta,National Highway,Good,Clear,Daylight,Car/Taxi,1,Over Speeding,1,0,0,1,4,0,Medium
2023,1,Sunday,17,Punjab,Sheikhupura,Motorway,Good,Rainy,Daylight,Motorcycle,2,Driver Fatigue,1,1,0,1,11,1,High
2019,4,Monday,7,KPK,Mardan,Urban Road,Poor,Clear,Daylight,Van/Pickup,2,Over Speeding,1,0,0,0,0,1,Low
2023,9,Tuesday,17,Sindh,Dadu,Urban Road,Poor,Clear,No Light,Car/Taxi,2,Wrong Overtaking,1,0,0,0,2,0,Low
2022,12,Wednesday,4,KPK,Peshawar,Provincial Highway,Poor,Clear,Street Light,Motorcycle,2,Wrong Overtaking,0,0,1,1,6,2,High
2020,6,Sunday,9,Punjab,Sheikhupura,Urban Road,Average,Rainy,Daylight,Rickshaw,3,Road Condition,1,1,0,0,0,0,Low
2022,7,Sunday,12,Sindh,Karachi,Motorway,Good,Foggy,Daylight,Motorcycle,1,Over Speeding,1,1,0,0,10,0,High
2020,7,Saturday,10,KPK,Dera Ismail Khan,Motorway,Average,Foggy,Daylight,Motorcycle,1,Signal Violation,0,1,0,0,9,1,High
2023,6,Saturday,8,AJK,Mirpur,National Highway,Good,Clear,Daylight,Motorcycle,3,Driver Fatigue,1,1,0,0,11,2,High
2021,11,Wednesday,14,Balochistan,Chaman,Provincial Highway,Good,Clear,Daylight,Bus/Coach,2,Signal Violation,0,0,0,1,1,0,Medium
2019,11,Wednesday,0,Balochistan,Quetta,Provincial Highway,Good,Clear,No Light,Motorcycle,2,Mechanical Failure,0,0,1,1,8,1,High
2023,11,Sunday,7,Punjab,Bahawalpur,Rural Road,Poor,Rainy,Street Light,Car/Taxi,2,Over Speeding,1,1,0,1,4,0,Medium
2021,12,Sunday,2,KPK,Peshawar,Rural Road,Good,Rainy,Street Light,Motorcycle,2,Pedestrian Error,0,1,1,1,5,0,Medium
2020,12,Thursday,11,Punjab,Bahawalpur,Urban Road,Good,Clear,Dawn/Dusk,Car/Taxi,4,Mobile Phone Use,0,0,0,1,1,0,Low
2023,8,Monday,6,Punjab,Faisalabad,Provincial Highway,Good,Rainy,Daylight,Truck/Lorry,1,Wrong Overtaking,0,0,0,0,3,0,Medium
2021,7,Friday,18,Punjab,Gujranwala,National Highway,Average,Extreme Heat,Daylight,Car/Taxi,1,Signal Violation,1,0,0,0,4,0,Medium
2021,7,Thursday,18,Balochistan,Loralai,Rural Road,Good,Foggy,Daylight,Bicycle,2,Weather Condition,1,0,0,0,2,1,Medium
2021,10,Saturday,8,Punjab,Bahawalpur,National Highway,Average,Dusty/Smoggy,Daylight,Truck/Lorry,1,Over Speeding,1,1,0,0,2,1,High
2019,1,Monday,21,Punjab,Sialkot,Urban Road,Good,Clear,No Light,Car/Taxi,2,Signal Violation,0,0,0,1,2,0,Low
2018,11,Wednesday,19,Punjab,Bahawalpur,Provincial Highway,Poor,Clear,Dawn/Dusk,Motorcycle,4,Mechanical Failure,1,0,0,1,4,0,Medium
2019,5,Friday,18,Sindh,Sukkur,Provincial Highway,Average,Clear,Daylight,Motorcycle,3,Over Speeding,1,0,0,0,2,0,Medium
2021,11,Sunday,19,Balochistan,Loralai,National Highway,Good,Rainy,Street Light,Motorcycle,1,Pedestrian Error,1,1,0,1,11,0,High
2022,10,Sunday,20,Punjab,Sargodha,National Highway,Poor,Clear,No Light,Motorcycle,2,Over Speeding,1,1,0,0,2,1,High
2021,2,Friday,9,Sindh,Hyderabad,Rural Road,Good,Rainy,Daylight,Van/Pickup,2,Driver Fatigue,1,0,0,1,2,0,Low
2018,3,Tuesday,9,Punjab,Rahim Yar Khan,National Highway,Good,Clear,Daylight,Motorcycle,1,Signal Violation,1,0,0,0,2,0,Medium
2018,12,Sunday,12,Punjab,Rawalpindi,National Highway,Poor,Foggy,Street Light,Bicycle,3,Signal Violation,1,1,0,1,8,1,High
2023,11,Sunday,15,Punjab,Bahawalpur,National Highway,Poor,Clear,Daylight,Bus/Coach,2,Over Speeding,0,1,0,1,6,4,High
2023,12,Monday,8,Punjab,Sheikhupura,Provincial Highway,Good,Foggy,Daylight,Car/Taxi,2,Road Condition,1,0,0,1,0,0,Low
2020,11,Saturday,17,Sindh,Hyderabad,Provincial Highway,Poor,Clear,Daylight,Rickshaw,3,Wrong Overtaking,1,1,0,1,2,1,Low
2022,4,Thursday,9,Punjab,Sheikhupura,Provincial Highway,Average,Clear,Daylight,Motorcycle,2,Pedestrian Error,1,0,0,0,2,1,Medium
2023,12,Sunday,19,Balochistan,Khuzdar,Urban Road,Poor,Foggy,No Light,Van/Pickup,2,Over Speeding,1,1,0,1,4,0,Medium
2020,6,Thursday,6,AJK,Muzaffarabad,Rural Road,Average,Rainy,Daylight,Truck/Lorry,3,Driver Fatigue,0,0,0,0,3,0,Medium
2023,12,Tuesday,10,Punjab,Lahore,Urban Road,Good,Foggy,Daylight,Motorcycle,3,Signal Violation,0,0,0,1,5,0,Medium
2023,5,Thursday,11,Punjab,Sargodha,Urban Road,Good,Clear,Daylight,Motorcycle,3,Mechanical Failure,0,0,0,0,2,0,Low
2018,11,Tuesday,11,KPK,Charsadda,Urban Road,Good,Foggy,Dawn/Dusk,Truck/Lorry,1,Road Condition,0,0,0,1,3,0,Medium
2022,7,Saturday,21,Punjab,Lahore,Rural Road,Good,Rainy,Street Light,Car/Taxi,2,Road Condition,0,1,0,0,2,0,Low
2020,11,Saturday,17,Punjab,Sargodha,Provincial Highway,Poor,Clear,Dawn/Dusk,Motorcycle,3,Mobile Phone Use,1,1,0,1,4,0,Medium
2023,3,Tuesday,18,Punjab,Sargodha,Provincial Highway,Average,Clear,Dawn/Dusk,Car/Taxi,2,Road Condition,1,0,0,0,2,0,Low
2019,5,Tuesday,23,Balochistan,Loralai,Urban Road,Under Repair,Foggy,No Light,Bus/Coach,3,Road Condition,0,0,1,0,1,0,Low
2020,12,Tuesday,8,Sindh,Nawabshah,Provincial Highway,Under Repair,Clear,Daylight,Truck/Lorry,1,Pedestrian Error,1,0,0,1,2,1,Medium
2023,5,Tuesday,18,Punjab,Multan,Provincial Highway,Poor,Clear,Daylight,Truck/Lorry,4,Over Speeding,1,0,0,0,4,2,Medium
2022,12,Saturday,21,Punjab,Multan,Provincial Highway,Average,Clear,Street Light,Motorcycle,2,Pedestrian Error,0,1,0,1,1,0,Low
2023,10,Tuesday,21,Punjab,Rahim Yar Khan,Provincial Highway,Good,Clear,Street Light,Rickshaw,3,Wrong Overtaking,0,0,0,0,0,0,Low
2023,7,Wednesday,15,Punjab,Sialkot,National Highway,Average,Clear,Daylight,Motorcycle,2,Road Condition,0,0,0,0,1,0,Medium
2018,5,Saturday,21,Sindh,Thatta,Provincial Highway,Good,Clear,Street Light,Motorcycle,2,Road Condition,0,1,0,0,5,2,Medium
2022,11,Tuesday,12,KPK,Charsadda,Motorway,Good,Clear,No Light,Rickshaw,1,Wrong Overtaking,1,0,0,1,0,0,Low
2021,12,Friday,19,Punjab,Rawalpindi,Provincial Highway,Poor,Clear,Dawn/Dusk,Motorcycle,2,Drunk Driving,1,0,0,1,10,2,High
2022,4,Wednesday,18,Punjab,Rahim Yar Khan,National Highway,Average,Extreme Heat,Daylight,Motorcycle,2,Driver Fatigue,1,0,0,0,10,3,High
2023,6,Sunday,19,Punjab,Sialkot,National Highway,Average,Clear,Street Light,Bus/Coach,2,Pedestrian Error,1,1,0,0,0,0,Low
2020,8,Saturday,19,Punjab,Multan,Provincial Highway,Good,Clear,Street Light,Motorcycle,2,Drunk Driving,1,1,0,0,2,2,Medium
2021,12,Thursday,11,Islamabad,Islamabad,Urban Road,Good,Foggy,Daylight,Van/Pickup,2,Over Speeding,0,0,0,1,1,0,Low
2023,12,Friday,21,Punjab,Sheikhupura,Provincial Highway,Good,Clear,Street Light,Car/Taxi,1,Road Condition,0,0,0,1,1,0,Low
2022,12,Sunday,18,Punjab,Sargodha,Urban Road,Under Repair,Dusty/Smoggy,Street Light,Car/Taxi,3,Signal Violation,1,1,0,1,0,0,Low
2018,4,Friday,13,Punjab,Bahawalpur,Provincial Highway,Good,Clear,Daylight,Truck/Lorry,1,Pedestrian Error,1,0,0,0,4,0,Medium
2018,10,Thursday,18,Sindh,Karachi,National Highway,Average,Clear,Daylight,Car/Taxi,1,Over Speeding,1,0,0,0,2,2,High
2019,2,Tuesday,10,Islamabad,Islamabad,Provincial Highway,Good,Clear,Daylight,Car/Taxi,2,Mechanical Failure,0,0,0,1,1,0,Low
2019,1,Wednesday,7,Punjab,Multan,Provincial Highway,Good,Clear,Daylight,Motorcycle,2,Pedestrian Error,1,0,0,1,5,0,Medium
2022,5,Monday,18,Sindh,Nawabshah,Urban Road,Poor,Clear,Dawn/Dusk,Motorcycle,3,Over Speeding,1,0,0,0,4,0,Medium
2023,6,Monday,7,Punjab,Sialkot,Rural Road,Poor,Clear,Daylight,Motorcycle,2,Over Speeding,1,0,0,0,5,0,Medium
2020,12,Sunday,12,KPK,Mardan,Urban Road,Good,Extreme Heat,Daylight,Car/Taxi,3,Wrong Overtaking,1,1,0,1,0,0,Low
2021,7,Wednesday,7,Sindh,Jacobabad,Urban Road,Good,Dusty/Smoggy,Daylight,Truck/Lorry,1,Wrong Overtaking,1,0,0,0,1,0,Low
2023,2,Friday,20,KPK,Abbottabad,National Highway,Average,Clear,Street Light,Motorcycle,1,Mechanical Failure,1,0,0,1,5,1,High
2023,8,Sunday,12,Sindh,Nawabshah,National Highway,Poor,Clear,Daylight,Bicycle,2,Wrong Overtaking,1,1,0,0,2,1,Medium
2019,5,Saturday,4,Balochistan,Khuzdar,National Highway,Good,Rainy,No Light,Car/Taxi,3,Driver Fatigue,0,1,1,0,5,1,High
2019,11,Thursday,8,Punjab,Sialkot,National Highway,Good,Extreme Heat,Daylight,Motorcycle,2,Drunk Driving,1,0,0,1,6,0,High
2021,10,Sunday,10,Sindh,Kashmore,National Highway,Poor,Clear,Dawn/Dusk,Car/Taxi,3,Wrong Overtaking,0,1,0,0,3,0,Medium
2023,3,Thursday,14,KPK,Dera Ismail Khan,Rural Road,Good,Clear,Daylight,Truck/Lorry,1,Signal Violation,0,0,0,0,2,1,Medium
2020,5,Saturday,17,Sindh,Thatta,Rural Road,Good,Clear,No Light,Bicycle,2,Wrong Overtaking,1,1,0,0,1,1,Medium
2019,11,Saturday,13,Punjab,Gujranwala,Motorway,Average,Extreme Heat,Daylight,Car/Taxi,1,Pedestrian Error,1,1,0,1,1,0,Low
2018,6,Sunday,17,Punjab,Lahore,National Highway,Good,Dusty/Smoggy,No Light,Car/Taxi,1,Over Speeding,1,1,0,0,4,0,Medium
2020,10,Saturday,6,Punjab,Rawalpindi,National Highway,Under Repair,Clear,Street Light,Car/Taxi,2,Signal Violation,0,1,0,0,2,2,Medium
2023,8,Monday,11,Sindh,Karachi,National Highway,Good,Clear,Street Light,Bus/Coach,2,Mechanical Failure,0,0,0,0,5,2,Medium
2023,6,Tuesday,15,Sindh,Thatta,Motorway,Good,Clear,Daylight,Car/Taxi,1,Signal Violation,0,0,0,0,1,1,Medium
2023,9,Saturday,9,Punjab,Sargodha,National Highway,Average,Clear,Daylight,Truck/Lorry,1,Signal Violation,1,1,0,0,5,0,Medium
2021,6,Monday,11,Sindh,Kashmore,Urban Road,Average,Rainy,Daylight,Motorcycle,2,Road Condition,0,0,0,0,2,1,Medium
2022,9,Friday,16,Balochistan,Gwadar,National Highway,Good,Rainy,Daylight,Truck/Lorry,3,Over Speeding,0,0,0,0,5,0,High
2023,11,Sunday,17,Punjab,Multan,Rural Road,Poor,Clear,Daylight,Van/Pickup,1,Wrong Overtaking,1,1,0,1,2,0,Low
2021,1,Friday,17,Punjab,Lahore,Urban Road,Average,Clear,Daylight,Van/Pickup,3,Road Condition,1,0,0,1,2,1,Low
2023,12,Wednesday,21,Balochistan,Gwadar,Urban Road,Average,Clear,Street Light,Motorcycle,2,Drunk Driving,0,0,0,1,2,0,Medium
2021,12,Thursday,23,KPK,Peshawar,Urban Road,Average,Clear,No Light,Bus/Coach,1,Pedestrian Error,0,0,1,1,2,0,Low
2022,1,Saturday,19,Punjab,Gujranwala,Motorway,Poor,Rainy,Street Light,Truck/Lorry,2,Wrong Overtaking,1,1,0,1,7,0,High
2018,7,Saturday,23,Punjab,Gujranwala,National Highway,Good,Clear,No Light,Motorcycle,1,Over Speeding,0,1,1,0,10,1,High
2023,3,Tuesday,18,KPK,Mardan,Provincial Highway,Under Repair,Foggy,Daylight,Motorcycle,1,Road Condition,1,0,0,0,4,0,Medium
2019,10,Saturday,6,Sindh,Kashmore,Urban Road,Poor,Clear,Daylight,Motorcycle,2,Road Condition,0,1,0,0,0,0,Low
2022,2,Thursday,15,Sindh,Hyderabad,National Highway,Poor,Foggy,Daylight,Motorcycle,2,Over Speeding,0,0,0,1,10,0,High
2019,12,Monday,16,Sindh,Dadu,National Highway,Good,Rainy,No Light,Motorcycle,3,Mechanical Failure,0,0,0,1,11,2,High
2020,12,Monday,18,KPK,Mardan,Urban Road,Good,Rainy,Daylight,Motorcycle,2,Road Condition,1,0,0,1,5,1,Medium
2022,11,Sunday,22,Punjab,Gujranwala,Provincial Highway,Good,Extreme Heat,Street Light,Motorcycle,4,Mechanical Failure,0,1,1,1,4,2,Medium
2022,10,Tuesday,7,KPK,Bannu,Motorway,Average,Foggy,Daylight,Motorcycle,2,Over Speeding,1,0,0,0,3,1,High
2021,2,Friday,12,Gilgit-Baltistan,Skardu,National Highway,Good,Clear,Daylight,Truck/Lorry,1,Over Speeding,1,0,0,1,5,1,Medium
2020,1,Friday,9,Punjab,Faisalabad,Provincial Highway,Good,Rainy,Street Light,Truck/Lorry,1,Mechanical Failure,1,0,0,1,2,1,Medium
2022,6,Saturday,13,KPK,Kohat,National Highway,Good,Clear,Daylight,Other,3,Over Speeding,1,1,0,0,4,0,Medium
2023,7,Friday,10,Punjab,Multan,National Highway,Good,Clear,Daylight,Motorcycle,1,Wrong Overtaking,0,0,0,0,4,2,Medium
2021,11,Monday,11,Punjab,Rawalpindi,Provincial Highway,Average,Foggy,Street Light,Motorcycle,3,Wrong Overtaking,0,0,0,1,4,0,Medium
2020,5,Sunday,14,Islamabad,Islamabad,Provincial Highway,Under Repair,Clear,Dawn/Dusk,Motorcycle,1,Wrong Overtaking,0,1,0,0,6,0,High
2019,11,Sunday,23,Punjab,Multan,Urban Road,Good,Clear,No Light,Rickshaw,1,Road Condition,0,1,1,1,0,0,Low
2023,7,Monday,13,Punjab,Faisalabad,National Highway,Poor,Foggy,Daylight,Motorcycle,1,Drunk Driving,1,0,0,0,10,2,High
2019,5,Saturday,12,Sindh,Hyderabad,National Highway,Average,Clear,Daylight,Bus/Coach,3,Over Speeding,1,1,0,0,11,1,High
2021,5,Saturday,22,Punjab,Multan,National Highway,Poor,Clear,Street Light,Truck/Lorry,3,Over Speeding,0,1,1,0,2,1,High
2023,5,Monday,13,Sindh,Sukkur,Urban Road,Good,Foggy,Daylight,Van/Pickup,2,Mobile Phone Use,1,0,0,0,2,0,Low
2021,12,Sunday,22,Punjab,Sargodha,Urban Road,Poor,Dusty/Smoggy,No Light,Motorcycle,1,Over Speeding,0,1,1,1,5,0,Medium
2020,2,Thursday,10,Punjab,Sheikhupura,Provincial Highway,Poor,Clear,Daylight,Car/Taxi,1,Signal Violation,0,0,0,1,0,0,Low
2022,3,Sunday,0,Punjab,Lahore,Provincial Highway,Good,Dusty/Smoggy,Street Light,Car/Taxi,1,Road Condition,0,1,1,0,3,0,Medium
2020,6,Monday,12,Sindh,Jacobabad,Motorway,Poor,Dusty/Smoggy,Daylight,Motorcycle,1,Over Speeding,1,0,0,0,4,1,High
2023,12,Friday,3,Sindh,Sukkur,Rural Road,Under Repair,Clear,No Light,Bus/Coach,2,Over Speeding,0,0,1,1,3,0,Medium
2023,7,Wednesday,12,Sindh,Larkana,Urban Road,Good,Clear,Daylight,Van/Pickup,3,Over Speeding,1,0,0,0,2,0,Low
2023,8,Wednesday,16,Sindh,Hyderabad,Provincial Highway,Good,Clear,Daylight,Motorcycle,2,Wrong Overtaking,0,0,0,0,5,1,Medium
2019,1,Friday,17,Punjab,Gujranwala,Rural Road,Poor,Dusty/Smoggy,Street Light,Bus/Coach,3,Road Condition,1,0,0,1,2,0,Low
2021,6,Tuesday,17,KPK,Charsadda,Urban Road,Good,Clear,Daylight,Motorcycle,1,Pedestrian Error,1,0,0,0,4,0,Medium
2021,1,Thursday,13,Punjab,Faisalabad,Rural Road,Average,Clear,Daylight,Motorcycle,3,Wrong Overtaking,1,0,0,1,3,1,Medium
2021,9,Saturday,10,Punjab,Bahawalpur,Urban Road,Good,Clear,Daylight,Motorcycle,2,Pedestrian Error,0,1,0,0,4,1,Medium
2020,5,Sunday,15,KPK,Bannu,Provincial Highway,Poor,Clear,Daylight,Van/Pickup,3,Mechanical Failure,0,1,0,0,1,0,Low
2020,7,Saturday,8,Punjab,Gujranwala,Rural Road,Average,Dusty/Smoggy,Daylight,Motorcycle,2,Road Condition,1,1,0,0,2,0,Low
2023,1,Monday,18,Sindh,Dadu,Provincial Highway,Good,Clear,Daylight,Motorcycle,2,Wrong Overtaking,1,0,0,1,2,1,Medium
2022,5,Tuesday,21,Punjab,Bahawalpur,National Highway,Under Repair,Rainy,Street Light,Motorcycle,2,Over Speeding,0,0,0,0,7,1,High
2019,11,Tuesday,20,Sindh,Hyderabad,Urban Road,Under Repair,Clear,Street Light,Car/Taxi,1,Drunk Driving,1,0,0,1,0,0,Low
2020,4,Sunday,7,Punjab,Gujranwala,Urban Road,Poor,Clear,Daylight,Car/Taxi,2,Over Speeding,1,1,0,0,2,0,Low
2021,11,Thursday,14,Gilgit-Baltistan,Hunza,Urban Road,Average,Clear,Dawn/Dusk,Motorcycle,3,Pedestrian Error,0,0,0,1,1,0,Low
2022,4,Saturday,11,Punjab,Sheikhupura,Urban Road,Good,Clear,Daylight,Bus/Coach,2,Driver Fatigue,0,1,0,0,0,0,Low
2023,7,Wednesday,9,Sindh,Dadu,Provincial Highway,Good,Foggy,Dawn/Dusk,Truck/Lorry,2,Driver Fatigue,1,0,0,0,4,1,High
2021,5,Tuesday,21,Balochistan,Chaman,Rural Road,Poor,Foggy,Street Light,Truck/Lorry,3,Signal Violation,0,0,0,0,0,0,Low
2019,6,Saturday,17,Sindh,Hyderabad,Motorway,Good,Foggy,No Light,Rickshaw,3,Over Speeding,1,1,0,0,11,1,High
2022,6,Friday,15,Sindh,Nawabshah,Rural Road,Average,Clear,Daylight,Car/Taxi,4,Driver Fatigue,0,0,0,0,1,0,Low
2020,12,Sunday,15,Sindh,Karachi,Urban Road,Poor,Clear,Daylight,Car/Taxi,1,Mechanical Failure,0,1,0,1,2,0,Low
2023,5,Friday,8,Sindh,Jacobabad,Rural Road,Under Repair,Clear,Daylight,Motorcycle,2,Over Speeding,1,0,0,0,4,1,Medium
2023,6,Monday,19,KPK,Mansehra,Rural Road,Under Repair,Clear,Street Light,Motorcycle,1,Mechanical Failure,1,0,0,0,0,0,Low
2023,10,Saturday,4,Punjab,Bahawalpur,National Highway,Under Repair,Foggy,No Light,Motorcycle,2,Signal Violation,0,1,1,0,7,2,High
2023,6,Thursday,20,Balochistan,Loralai,Provincial Highway,Good,Clear,No Light,Motorcycle,3,Mobile Phone Use,1,0,0,0,1,0,Medium
2019,1,Thursday,16,Sindh,Hyderabad,Rural Road,Poor,Clear,No Light,Motorcycle,1,Pedestrian Error,0,0,0,1,0,0,Low
2022,12,Sunday,19,Balochistan,Turbat,National Highway,Good,Clear,Dawn/Dusk,Truck/Lorry,3,Over Speeding,1,1,0,1,2,1,High
2019,11,Wednesday,7,Punjab,Faisalabad,Rural Road,Under Repair,Extreme Heat,Daylight,Motorcycle,3,Pedestrian Error,1,0,0,1,0,0,Low
2022,7,Friday,22,Balochistan,Zhob,Urban Road,Good,Clear,No Light,Motorcycle,3,Pedestrian Error,0,0,1,0,5,0,Medium
2023,4,Saturday,8,Punjab,Rahim Yar Khan,Urban Road,Good,Clear,Dawn/Dusk,Motorcycle,1,Over Speeding,1,1,0,0,6,2,High
2019,5,Sunday,14,KPK,Charsadda,Rural Road,Good,Clear,Daylight,Bus/Coach,2,Road Condition,0,1,0,0,2,0,Low
2023,12,Wednesday,18,Punjab,Lahore,Rural Road,Average,Clear,Daylight,Bus/Coach,1,Over Speeding,1,0,0,1,2,0,Low
2020,2,Friday,13,KPK,Mardan,Urban Road,Good,Clear,Dawn/Dusk,Motorcycle,3,Over Speeding,1,0,0,1,5,0,Medium
2018,1,Monday,20,Sindh,Mirpur Khas,Urban Road,Average,Clear,No Light,Motorcycle,1,Drunk Driving,1,0,0,1,8,1,High
2018,11,Thursday,11,Punjab,Sheikhupura,Urban Road,Good,Clear,Daylight,Car/Taxi,2,Wrong Overtaking,0,0,0,1,1,0,Low
2022,8,Monday,15,Sindh,Thatta,National Highway,Poor,Clear,Daylight,Motorcycle,2,Pedestrian Error,0,0,0,0,4,0,Medium
2019,12,Sunday,11,Punjab,Lahore,Urban Road,Average,Clear,Dawn/Dusk,Motorcycle,1,Road Condition,0,1,0,1,0,0,Low
2020,3,Thursday,8,Sindh,Thatta,Urban Road,Good,Rainy,Street Light,Car/Taxi,3,Signal Violation,1,0,0,0,2,0,Low
2023,7,Wednesday,9,KPK,Nowshera,National Highway,Good,Clear,Daylight,Motorcycle,1,Mechanical Failure,1,0,0,0,5,0,Medium
2020,4,Monday,5,Punjab,Sheikhupura,National Highway,Average,Dusty/Smoggy,Dawn/Dusk,Rickshaw,4,Over Speeding,0,0,1,0,10,4,High
2022,5,Wednesday,17,Sindh,Larkana,Urban Road,Good,Clear,Daylight,Motorcycle,1,Wrong Overtaking,1,0,0,0,1,1,Medium
2019,10,Sunday,11,Sindh,Kashmore,Provincial Highway,Poor,Rainy,Daylight,Motorcycle,1,Wrong Overtaking,0,1,0,0,5,3,High
2022,11,Wednesday,11,Punjab,Sialkot,Urban Road,Poor,Rainy,Daylight,Bus/Coach,2,Drunk Driving,0,0,0,1,5,2,High
2020,2,Tuesday,8,Islamabad,Islamabad,Provincial Highway,Good,Clear,Daylight,Motorcycle,2,Mechanical Failure,1,0,0,1,3,0,Medium
2022,6,Tuesday,12,Sindh,Larkana,Provincial Highway,Average,Clear,Daylight,Motorcycle,1,Over Speeding,1,0,0,0,4,0,High
2018,4,Saturday,16,Punjab,Multan,Provincial Highway,Average,Clear,No Light,Motorcycle,4,Mechanical Failure,0,1,0,0,5,1,Medium
2022,3,Thursday,16,Punjab,Sheikhupura,Provincial Highway,Good,Clear,Daylight,Motorcycle,2,Pedestrian Error,0,0,0,0,5,0,Medium
2023,12,Tuesday,23,Sindh,Karachi,Provincial Highway,Average,Clear,No Light,Car/Taxi,4,Over Speeding,0,0,1,1,1,0,Medium
2023,8,Friday,15,Punjab,Rahim Yar Khan,National Highway,Good,Clear,Street Light,Motorcycle,2,Over Speeding,0,0,0,0,10,1,High
2023,8,Monday,20,Punjab,Sargodha,Provincial Highway,Average,Dusty/Smoggy,No Light,Bicycle,2,Wrong Overtaking,1,0,0,0,4,1,High
2019,5,Thursday,21,Punjab,Bahawalpur,Provincial Highway,Good,Dusty/Smoggy,No Light,Rickshaw,2,Pedestrian Error,0,0,0,0,0,0,Low
2020,12,Thursday,7,Sindh,Nawabshah,Urban Road,Average,Clear,Daylight,Bus/Coach,2,Over Speeding,1,0,0,1,2,2,Medium
2020,10,Sunday,13,Sindh,Karachi,Urban Road,Good,Clear,Street Light,Bus/Coach,2,Signal Violation,1,1,0,0,0,0,Low
2021,4,Monday,15,Punjab,Sialkot,Provincial Highway,Good,Clear,Daylight,Motorcycle,2,Pedestrian Error,0,0,0,0,1,2,Medium
2023,6,Friday,19,Sindh,Larkana,National Highway,Average,Clear,Dawn/Dusk,Bus/Coach,2,Wrong Overtaking,1,0,0,0,4,2,Medium
2023,2,Wednesday,16,Islamabad,Islamabad,Rural Road,Good,Extreme Heat,Street Light,Motorcycle,4,Driver Fatigue,0,0,0,1,4,1,High
2020,5,Sunday,2,AJK,Rawalakot,Rural Road,Average,Extreme Heat,No Light,Bus/Coach,1,Signal Violation,0,1,1,0,2,0,Low
2023,3,Sunday,21,Balochistan,Chaman,Urban Road,Poor,Clear,No Light,Motorcycle,2,Wrong Overtaking,0,1,0,0,3,2,Medium
2022,8,Friday,14,KPK,Nowshera,Provincial Highway,Good,Rainy,Street Light,Motorcycle,2,Pedestrian Error,0,0,0,0,4,1,Medium
2022,6,Saturday,18,Punjab,Bahawalpur,Rural Road,Good,Clear,Dawn/Dusk,Car/Taxi,2,Pedestrian Error,1,1,0,0,2,0,Low
2018,1,Tuesday,4,Punjab,Lahore,Rural Road,Good,Rainy,No Light,Rickshaw,1,Over Speeding,0,0,1,1,7,0,High
2019,12,Saturday,8,Sindh,Kashmore,Urban Road,Poor,Clear,Street Light,Motorcycle,4,Road Condition,1,1,0,1,2,0,Low
2022,8,Sunday,12,Sindh,Dadu,Provincial Highway,Poor,Rainy,Daylight,Car/Taxi,2,Wrong Overtaking,1,1,0,0,0,1,Low
2021,3,Saturday,15,Balochistan,Dera Bugti,Urban Road,Under Repair,Extreme Heat,Daylight,Car/Taxi,1,Wrong Overtaking,0,1,0,0,1,0,Low
2020,5,Sunday,13,Punjab,Rahim Yar Khan,National Highway,Good,Clear,Daylight,Bicycle,1,Road Condition,1,1,0,0,4,1,Medium
2023,4,Friday,8,Sindh,Sukkur,National Highway,Under Repair,Clear,Daylight,Car/Taxi,2,Pedestrian Error,1,0,0,0,0,0,Low
2019,12,Wednesday,20,Sindh,Hyderabad,Rural Road,Average,Extreme Heat,No Light,Motorcycle,1,Over Speeding,1,0,0,1,1,0,Medium
2023,9,Thursday,17,Sindh,Dadu,Rural Road,Good,Foggy,Street Light,Rickshaw,1,Wrong Overtaking,1,0,0,0,1,0,Low
2018,6,Thursday,18,Sindh,Karachi,Provincial Highway,Average,Clear,Daylight,Rickshaw,1,Over Speeding,1,0,0,0,3,1,Medium
2021,9,Saturday,20,Punjab,Sialkot,National Highway,Under Repair,Clear,No Light,Rickshaw,2,Signal Violation,1,1,0,0,2,0,Low
2021,8,Thursday,8,AJK,Muzaffarabad,Rural Road,Average,Clear,Daylight,Rickshaw,1,Driver Fatigue,1,0,0,0,0,0,Low
2019,10,Monday,15,Sindh,Larkana,Rural Road,Poor,Clear,Daylight,Truck/Lorry,2,Road Condition,0,0,0,0,0,0,Low
2018,12,Thursday,23,Sindh,Kashmore,Motorway,Good,Clear,Street Light,Motorcycle,2,Wrong Overtaking,0,0,1,1,4,2,High
2020,8,Saturday,11,Punjab,Lahore,Provincial Highway,Good,Clear,Daylight,Bus/Coach,3,Over Speeding,0,1,0,0,2,0,Medium
2022,5,Sunday,18,Sindh,Hyderabad,Rural Road,Good,Rainy,Dawn/Dusk,Bus/Coach,2,Drunk Driving,1,1,0,0,1,0,Medium
2022,10,Friday,8,Punjab,Multan,Urban Road,Good,Foggy,Dawn/Dusk,Rickshaw,3,Driver Fatigue,1,0,0,0,1,0,Medium
2022,12,Thursday,16,Punjab,Sialkot,National Highway,Good,Clear,Daylight,Rickshaw,1,Road Condition,0,0,0,1,2,0,Low
2022,4,Friday,20,Punjab,Sialkot,Urban Road,Poor,Clear,No Light,Car/Taxi,2,Over Speeding,1,0,0,0,1,0,Low
2019,7,Sunday,11,Punjab,Gujranwala,National Highway,Average,Clear,Daylight,Motorcycle,2,Over Speeding,0,1,0,0,7,1,High