year,month,day_of_week,hour_of_day,province,district,road_type,road_condition,weather_condition,lighting_condition,vehicle_type,vehicles_involved,accident_cause,is_rush_hour,is_weekend,is_night,is_foggy_month,num_injured,num_killed,severity
2020,5,Thursday,7,Sindh,Thatta,National Highway,Good,Clear,Street Light,Car/Taxi,2,Signal Violation,1,0,0,0,1,0,Low
2022,5,Friday,13,Punjab,Rawalpindi,Rural Road,Good,Foggy,Daylight,Car/Taxi,3,Signal Violation,1,0,0,0,0,0,Low
2020,5,Sunday,19,Balochistan,Sibi,Provincial Highway,Good,Clear,Dawn/Dusk,Motorcycle,1,Signal Violation,1,1,0,0,1,1,Medium
2023,4,Tuesday,14,Punjab,Rahim Yar Khan,Rural Road,Good,Rainy,Daylight,Motorcycle,2,Driver Fatigue,0,0,0,0,6,4,High
2021,7,Sunday,15,Punjab,Multan,Provincial Highway,Poor,Dusty/Smoggy,Daylight,Motorcycle,1,Over Speeding,0,1,0,0,7,0,High
2018,7,Friday,7,Balochistan,Quetta,National Highway,Good,Rainy,Daylight,Bicycle,2,Wrong Overtaking,1,0,0,0,8,1,High
2023,4,Friday,12,Punjab,Sialkot,National Highway,Poor,Clear,Daylight,Van/Pickup,2,Driver Fatigue,1,0,0,0,5,1,Medium
2021,2,Friday,21,Punjab,Faisalabad,Provincial Highway,Poor,Rainy,No Light,Motorcycle,2,Road Condition,0,0,0,1,3,2,Medium
2023,7,Friday,18,Punjab,Multan,Provincial Highway,Poor,Clear,Daylight,Truck/Lorry,2,Road Condition,1,0,0,0,3,0,Medium
2019,7,Sunday,1,KPK,Abbottabad,National Highway,Average,Clear,Street Light,Motorcycle,2,Over Speeding,0,1,1,0,6,0,High
2019,8,Saturday,18,KPK,Abbottabad,Provincial Highway,Average,Clear,Street Light,Motorcycle,1,Over Speeding,1,1,0,0,4,2,High
2019,11,Saturday,14,Punjab,Faisalabad,National Highway,Good,Clear,Daylight,Motorcycle,3,Pedestrian Error,0,1,0,1,8,3,High
2023,10,Sunday,8,KPK,Charsadda,National Highway,Good,Rainy,Daylight,Bicycle,2,Signal Violation,1,1,0,0,2,3,High
2022,6,Wednesday,11,Sindh,Hyderabad,Urban Road,Good,Clear,Daylight,Other,2,Road Condition,0,0,0,0,0,0,Low
2023,11,Thursday,15,Balochistan,Quetta,Motorway,Poor,Rainy,Daylight,Van/Pickup,1,Pedestrian Error,0,0,0,1,2,1,Low
2022,4,Tuesday,19,Punjab,Gujranwala,National Highway,Good,Clear,Dawn/Dusk,Truck/Lorry,2,Signal Violation,1,0,0,0,5,2,High
2023,6,Tuesday,2,KPK,Peshawar,National Highway,Good,Clear,No Light,Truck/Lorry,2,Road Condition,0,0,1,0,2,1,Medium
2023,6,Monday,15,Punjab,Sialkot,Motorway,Good,Rainy,Daylight,Bus/Coach,1,Wrong Overtaking,0,0,0,0,2,0,Medium
2018,6,Thursday,9,Punjab,Gujranwala,Urban Road,Average,Clear,Daylight,Motorcycle,1,Over Speeding,1,0,0,0,10,1,High
2023,8,Saturday,17,Punjab,Lahore,Motorway,Poor,Dusty/Smoggy,Daylight,Van/Pickup,2,Signal Violation,1,1,0,0,1,0,Low
2020,3,Friday,18,KPK,Nowshera,National Highway,Average,Clear,Daylight,Motorcycle,2,Wrong Overtaking,1,0,0,0,9,2,High
2022,2,Thursday,11,KPK,Abbottabad,National Highway,Good,Extreme Heat,Daylight,Car/Taxi,4,Signal Violation,0,0,0,1,5,0,Medium
2019,5,Tuesday,22,Sindh,Hyderabad,National Highway,Average,Clear,No Light,Motorcycle,4,Over Speeding,0,0,1,0,9,0,High
2023,9,Monday,6,KPK,Dera Ismail Khan,Urban Road,Good,Clear,Daylight,Motorcycle,3,Wrong Overtaking,0,0,0,0,5,0,Medium
2019,6,Wednesday,10,Sindh,Dadu,Rural Road,Good,Foggy,Daylight,Motorcycle,1,Driver Fatigue,0,0,0,0,11,1,High
2022,2,Wednesday,18,KPK,Abbottabad,National Highway,Good,Clear,No Light,Bus/Coach,2,Over Speeding,1,0,0,1,6,1,High
2023,6,Friday,22,Punjab,Bahawalpur,Provincial Highway,Average,Dusty/Smoggy,No Light,Bus/Coach,1,Signal Violation,0,0,1,0,4,1,Medium
2020,5,Saturday,15,Sindh,Larkana,National Highway,Poor,Clear,Daylight,Motorcycle,1,Road Condition,0,1,0,0,1,2,Medium
2019,8,Saturday,11,Punjab,Sialkot,Rural Road,Good,Foggy,No Light,Motorcycle,1,Road Condition,0,1,0,0,4,0,Medium
2018,11,Tuesday,14,Sindh,Thatta,Provincial Highway,Average,Dusty/Smoggy,Daylight,Bus/Coach,2,Drunk Driving,0,0,0,1,1,1,Medium
2023,12,Friday,18,KPK,Swat,Rural Road,Average,Clear,Daylight,Rickshaw,2,Over Speeding,1,0,0,1,1,0,Low
2019,2,Thursday,7,KPK,Abbottabad,National Highway,Average,Dusty/Smoggy,Street Light,Motorcycle,1,Signal Violation,1,0,0,1,6,2,High
2022,12,Monday,14,KPK,Bannu,Provincial Highway,Average,Dusty/Smoggy,Daylight,Rickshaw,3,Signal Violation,0,0,0,1,1,0,Low
2018,11,Friday,7,Punjab,Rahim Yar Khan,Urban Road,Average,Foggy,Street Light,Truck/Lorry,3,Pedestrian Error,1,0,0,1,2,0,Low
2022,3,Tuesday,13,KPK,Nowshera,Urban Road,Average,Clear,Daylight,Bicycle,2,Driver Fatigue,1,0,0,0,5,0,Medium
2022,12,Wednesday,19,Punjab,Sheikhupura,Rural Road,Under Repair,Foggy,Dawn/Dusk,Van/Pickup,1,Road Condition,1,0,0,1,2,0,Low
2023,6,Saturday,16,Islamabad,Islamabad,Urban Road,Good,Clear,Daylight,Motorcycle,2,Road Condition,0,1,0,0,1,0,Low
2020,8,Tuesday,16,Punjab,Rawalpindi,Provincial Highway,Good,Extreme Heat,Daylight,Rickshaw,4,Signal Violation,0,0,0,0,0,0,Low
2022,10,Thursday,2,Sindh,Karachi,Provincial Highway,Good,Extreme Heat,Street Light,Motorcycle,4,Over Speeding,0,0,1,0,3,2,High
2023,5,Saturday,22,KPK,Abbottabad,Urban Road,Average,Dusty/Smoggy,No Light,Van/Pickup,4,Road Condition,0,1,1,0,2,0,Low
2023,1,Sunday,21,Balochistan,Loralai,Provincial Highway,Poor,Foggy,No Light,Car/Taxi,1,Over Speeding,0,1,0,1,6,0,High
2019,10,Sunday,19,Sindh,Karachi,National Highway,Poor,Rainy,Dawn/Dusk,Truck/Lorry,2,Driver Fatigue,1,1,0,0,10,0,High
2023,12,Saturday,14,Punjab,Gujranwala,Provincial Highway,Good,Dusty/Smoggy,Daylight,Bus/Coach,2,Drunk Driving,0,1,0,1,5,1,High
2018,12,Thursday,21,Sindh,Mirpur Khas,Provincial Highway,Good,Dusty/Smoggy,No Light,Car/Taxi,2,Signal Violation,0,0,0,1,5,0,Medium
2021,6,Saturday,21,Punjab,Rawalpindi,Urban Road,Poor,Clear,Street Light,Van/Pickup,1,Road Condition,0,1,0,0,1,1,Low
2023,9,Tuesday,9,Sindh,Thatta,National Highway,Good,Extreme Heat,Street Light,Van/Pickup,3,Over Speeding,1,0,0,0,5,1,High
2020,6,Friday,17,Islamabad,Islamabad,National Highway,Average,Clear,Daylight,Car/Taxi,2,Over Speeding,1,0,0,0,4,1,Medium
2020,5,Sunday,15,Punjab,Lahore,Motorway,Good,Foggy,Daylight,Car/Taxi,2,Over Speeding,0,1,0,0,10,2,High
2020,2,Sunday,0,Sindh,Dadu,Rural Road,Good,Clear,No Light,Car/Taxi,1,Wrong Overtaking,0,1,1,1,5,1,Medium
2020,3,Saturday,18,Balochistan,Loralai,National Highway,Under Repair,Rainy,Daylight,Motorcycle,2,Over Speeding,1,1,0,0,2,1,High
2023,5,Tuesday,23,Punjab,Lahore,Provincial Highway,Good,Clear,No Light,Rickshaw,1,Road Condition,0,0,1,0,1,0,Low
2023,6,Friday,16,Sindh,Hyderabad,National Highway,Good,Rainy,Daylight,Truck/Lorry,1,Wrong Overtaking,0,0,0,0,2,1,High
2023,7,Thursday,13,Balochistan,Turbat,Rural Road,Average,Dusty/Smoggy,Daylight,Motorcycle,3,Signal Violation,1,0,0,0,2,2,Medium
2023,2,Tuesday,8,Balochistan,Quetta,Urban Road,Poor,Clear,Daylight,Motorcycle,2,Weather Condition,1,0,0,1,2,0,Low
2022,12,Saturday,22,Sindh,Karachi,Rural Road,Good,Clear,No Light,Car/Taxi,1,Wrong Overtaking,0,1,1,1,1,0,Low
2023,4,Thursday,14,Punjab,Rahim Yar Khan,Provincial Highway,Good,Rainy,Daylight,Motorcycle,2,Wrong Overtaking,0,0,0,0,10,0,High
2022,8,Wednesday,6,Punjab,Faisalabad,Provincial Highway,Average,Clear,Daylight,Bus/Coach,2,Mobile Phone Use,0,0,0,0,2,0,Low
2022,8,Tuesday,16,Sindh,Nawabshah,Provincial Highway,Average,Clear,Dawn/Dusk,Other,2,Over Speeding,0,0,0,0,3,0,Medium
2022,1,Wednesday,6,Punjab,Gujranwala,Provincial Highway,Good,Clear,Daylight,Car/Taxi,1,Over Speeding,0,0,0,1,1,2,Medium
2021,9,Wednesday,13,Punjab,Gujranwala,Rural Road,Good,Clear,Daylight,Rickshaw,1,Signal Violation,1,0,0,0,0,0,Low
2023,5,Monday,7,KPK,Mardan,National Highway,Good,Rainy,Daylight,Motorcycle,2,Driver Fatigue,1,0,0,0,9,2,High
2023,4,Friday,9,KPK,Nowshera,Provincial Highway,Poor,Foggy,No Light,Motorcycle,1,Driver Fatigue,1,0,0,0,3,2,High
2021,12,Sunday,5,Balochistan,Khuzdar,Rural Road,Good,Clear,Dawn/Dusk,Car/Taxi,3,Wrong Overtaking,0,1,1,1,2,0,Low
2020,6,Tuesday,14,Punjab,Sheikhupura,Provincial Highway,Average,Clear,Daylight,Bus/Coach,1,Driver Fatigue,0,0,0,0,1,1,Medium
2021,7,Saturday,10,Punjab,Bahawalpur,Urban Road,Poor,Rainy,No Light,Bus/Coach,1,Pedestrian Error,0,1,0,0,3,1,Medium
2019,7,Tuesday,17,KPK,Bannu,National Highway,Good,Clear,Daylight,Rickshaw,2,Wrong Overtaking,1,0,0,0,3,0,Medium
2018,1,Monday,5,KPK,Bannu,National Highway,Good,Foggy,Dawn/Dusk,Truck/Lorry,2,Pedestrian Error,0,0,1,1,7,1,High
2023,8,Wednesday,10,KPK,Dera Ismail Khan,Provincial Highway,Good,Rainy,Daylight,Motorcycle,3,Wrong Overtaking,0,0,0,0,3,0,Medium
2020,11,Saturday,9,AJK,Mirpur,Provincial Highway,Average,Clear,Daylight,Motorcycle,4,Pedestrian Error,1,1,0,1,4,0,Medium
2023,12,Tuesday,12,Balochistan,Zhob,Provincial Highway,Poor,Foggy,Daylight,Car/Taxi,2,Wrong Overtaking,1,0,0,1,3,0,Medium
2023,10,Friday,6,Sindh,Mirpur Khas,Urban Road,Good,Foggy,Daylight,Motorcycle,2,Over Speeding,0,0,0,0,11,1,High
2022,12,Wednesday,6,Punjab,Faisalabad,Rural Road,Good,Clear,Daylight,Car/Taxi,2,Over Speeding,0,0,0,1,1,0,Low
2021,7,Monday,18,Sindh,Jacobabad,National Highway,Good,Clear,Daylight,Car/Taxi,2,Wrong Overtaking,1,0,0,0,2,0,Low
2020,6,Monday,21,Sindh,Mirpur Khas,National Highway,Good,Clear,Street Light,Motorcycle,3,Over Speeding,0,0,0,0,8,3,High
2019,12,Thursday,18,Punjab,Rahim Yar Khan,Rural Road,Poor,Foggy,Street Light,Motorcycle,2,Road Condition,1,0,0,1,1,0,Medium
2023,5,Saturday,11,KPK,Charsadda,National Highway,Poor,Foggy,Daylight,Rickshaw,2,Over Speeding,0,1,0,0,2,0,High
2019,1,Friday,18,Punjab,Gujranwala,National Highway,Poor,Clear,Daylight,Car/Taxi,2,Pedestrian Error,1,0,0,1,1,0,Low
2021,11,Monday,13,KPK,Peshawar,National Highway,Good,Foggy,Daylight,Truck/Lorry,1,Over Speeding,1,0,0,1,5,0,High
2018,7,Monday,18,Punjab,Rawalpindi,Urban Road,Good,Dusty/Smoggy,Daylight,Van/Pickup,1,Over Speeding,1,0,0,0,1,0,Low
2023,11,Monday,8,Sindh,Kashmore,Urban Road,Poor,Clear,Daylight,Motorcycle,2,Driver Fatigue,1,0,0,1,5,0,Medium
2023,4,Monday,17,Balochistan,Quetta,National Highway,Good,Dusty/Smoggy,Daylight,Motorcycle,2,Over Speeding,1,0,0,0,5,0,High
2022,7,Monday,11,Punjab,Rahim Yar Khan,Provincial Highway,Good,Extreme Heat,Daylight,Bus/Coach,1,Signal Violation,0,0,0,0,3,1,Medium
2019,10,Tuesday,23,Sindh,Mirpur Khas,Provincial Highway,Average,Clear,No Light,Car/Taxi,1,Over Speeding,0,0,1,0,2,0,Medium
2020,7,Wednesday,15,Punjab,Sialkot,National Highway,Good,Clear,Daylight,Motorcycle,1,Wrong Overtaking,0,0,0,0,2,2,High
2019,6,Friday,10,Balochistan,Loralai,Rural Road,Poor,Clear,Daylight,Car/Taxi,2,Road Condition,0,0,0,0,2,0,Low
2020,9,Saturday,11,KPK,Kohat,National Highway,Average,Clear,Daylight,Bus/Coach,2,Wrong Overtaking,0,1,0,0,9,2,High
2020,8,Friday,23,Islamabad,Islamabad,Urban Road,Under Repair,Foggy,No Light,Van/Pickup,1,Signal Violation,0,0,1,0,0,0,Low
2019,10,Tuesday,6,Balochistan,Hub,National Highway,Average,Clear,Daylight,Motorcycle,1,Drunk Driving,0,0,0,0,10,2,High
2022,9,Wednesday,8,KPK,Mansehra,Provincial Highway,Good,Foggy,Daylight,Truck/Lorry,3,Road Condition,1,0,0,0,1,0,Medium
2021,10,Saturday,9,Punjab,Sheikhupura,National Highway,Average,Rainy,Daylight,Van/Pickup,4,Wrong Overtaking,1,1,0,0,1,1,Medium
2018,10,Friday,22,Punjab,Faisalabad,Provincial Highway,Average,Clear,No Light,Motorcycle,3,Pedestrian Error,0,0,1,0,1,2,Medium
2023,1,Tuesday,14,Sindh,Nawabshah,National Highway,Poor,Clear,Daylight,Car/Taxi,2,Signal Violation,0,0,0,1,2,0,Low
2023,2,Sunday,18,Sindh,Kashmore,National Highway,Good,Clear,Daylight,Rickshaw,1,Wrong Overtaking,1,1,0,1,2,2,Medium
2023,10,Saturday,8,KPK,Nowshera,Provincial Highway,Poor,Rainy,No Light,Motorcycle,1,Over Speeding,1,1,0,0,6,0,High
2021,12,Tuesday,9,Punjab,Multan,National Highway,Average,Dusty/Smoggy,Daylight,Car/Taxi,1,Mobile Phone Use,1,0,0,1,3,0,Medium
2018,12,Saturday,16,Punjab,Gujranwala,Rural Road,Good,Rainy,Daylight,Bicycle,3,Drunk Driving,0,1,0,1,5,2,High
2021,1,Wednesday,12,Sindh,Jacobabad,National Highway,Poor,Clear,Daylight,Motorcycle,2,Road Condition,1,0,0,1,3,0,Medium
2023,8,Tuesday,22,Punjab,Bahawalpur,National Highway,Poor,Clear,No Light,Motorcycle,1,Signal Violation,0,0,1,0,8,1,High
2018,3,Friday,8,KPK,Abbottabad,Provincial Highway,Good,Clear,Daylight,Car/Taxi,1,Driver Fatigue,1,0,0,0,2,0,Medium
2023,6,Sunday,22,Sindh,Sukkur,Rural Road,Average,Clear,No Light,Car/Taxi,1,Wrong Overtaking,0,1,1,0,1,1,Medium
2023,6,Tuesday,5,KPK,Bannu,Rural Road,Poor,Clear,Dawn/Dusk,Motorcycle,3,Over Speeding,0,0,1,0,10,2,High
2022,7,Monday,20,Punjab,Lahore,Rural Road,Poor,Dusty/Smoggy,No Light,Motorcycle,2,Over Speeding,1,0,0,0,3,0,High
2019,7,Monday,23,Islamabad,Islamabad,Urban Road,Good,Clear,No Light,Motorcycle,3,Wrong Overtaking,0,0,1,0,1,0,Medium
2019,1,Saturday,18,Punjab,Rahim Yar Khan,Rural Road,Good,Clear,Street Light,Rickshaw,2,Drunk Driving,1,1,0,1,1,1,Low
2022,4,Sunday,13,Punjab,Bahawalpur,Provincial Highway,Good,Rainy,Daylight,Motorcycle,1,Driver Fatigue,1,1,0,0,6,1,High
2022,10,Tuesday,13,KPK,Kohat,Urban Road,Poor,Clear,Daylight,Car/Taxi,2,Mechanical Failure,1,0,0,0,1,0,Low
2018,7,Sunday,14,Punjab,Rawalpindi,National Highway,Under Repair,Clear,Dawn/Dusk,Rickshaw,2,Signal Violation,0,1,0,0,2,0,Medium
2020,3,Tuesday,19,Punjab,Sargodha,Provincial Highway,Average,Dusty/Smoggy,Dawn/Dusk,Motorcycle,2,Over Speeding,1,0,0,0,2,0,Medium
2023,7,Wednesday,23,Punjab,Multan,Provincial Highway,Good,Foggy,Street Light,Truck/Lorry,1,Signal Violation,0,0,1,0,3,0,Medium
2019,1,Saturday,13,Sindh,Nawabshah,National Highway,Average,Clear,Daylight,Motorcycle,3,Mechanical Failure,1,1,0,1,5,2,High
2019,3,Tuesday,23,Balochistan,Hub,National Highway,Poor,Clear,No Light,Car/Taxi,2,Over Speeding,0,0,1,0,11,2,High
2022,5,Thursday,20,Sindh,Jacobabad,Provincial Highway,Poor,Clear,Street Light,Motorcycle,2,Wrong Overtaking,1,0,0,0,3,1,Medium
2021,6,Friday,18,Sindh,Jacobabad,Provincial Highway,Good,Foggy,Daylight,Truck/Lorry,4,Over Speeding,1,0,0,0,5,0,Medium
2020,6,Sunday,8,Punjab,Rawalpindi,Rural Road,Good,Rainy,Dawn/Dusk,Motorcycle,2,Signal Violation,1,1,0,0,5,0,Medium
2019,7,Friday,14,Punjab,Gujranwala,Rural Road,Good,Rainy,Daylight,Truck/Lorry,2,Wrong Overtaking,0,0,0,0,3,0,Medium
2021,8,Friday,5,Punjab,Faisalabad,Provincial Highway,Poor,Clear,Dawn/Dusk,Motorcycle,2,Driver Fatigue,0,0,1,0,11,3,High
2018,5,Wednesday,17,Balochistan,Turbat,Urban Road,Good,Dusty/Smoggy,Daylight,Car/Taxi,1,Wrong Overtaking,1,0,0,0,2,0,Low
2020,6,Sunday,18,Punjab,Gujranwala,Provincial Highway,Good,Clear,Dawn/Dusk,Motorcycle,4,Road Condition,1,1,0,0,3,0,Medium
2021,5,Thursday,9,Gilgit-Baltistan,Gilgit,National Highway,Good,Foggy,Dawn/Dusk,Rickshaw,2,Road Condition,1,0,0,0,2,0,Low
2020,11,Sunday,13,Punjab,Sheikhupura,National Highway,Poor,Rainy,Dawn/Dusk,Motorcycle,4,Over Speeding,1,1,0,1,5,1,High
2023,12,Monday,12,KPK,Charsadda,National Highway,Good,Rainy,Street Light,Motorcycle,1,Over Speeding,1,0,0,1,5,1,High
2022,7,Monday,9,Islamabad,Islamabad,Provincial Highway,Good,Clear,Daylight,Other,2,Over Speeding,1,0,0,0,1,1,Medium
2020,11,Sunday,18,Punjab,Bahawalpur,Rural Road,Average,Foggy,Daylight,Car/Taxi,4,Over Speeding,1,1,0,1,4,0,Medium
2019,7,Tuesday,7,KPK,Dera Ismail Khan,National Highway,Good,Extreme Heat,Daylight,Car/Taxi,1,Wrong Overtaking,1,0,0,0,1,0,Medium
2022,9,Thursday,22,Punjab,Multan,Urban Road,Good,Clear,No Light,Motorcycle,2,Over Speeding,0,0,1,0,7,1,High
2018,1,Monday,17,Punjab,Sheikhupura,Provincial Highway,Average,Dusty/Smoggy,Street Light,Car/Taxi,3,Driver Fatigue,1,0,0,1,2,1,Medium
2023,11,Friday,18,Punjab,Lahore,Provincial Highway,Good,Clear,Daylight,Motorcycle,3,Wrong Overtaking,1,0,0,1,5,1,Medium
2022,2,Sunday,8,KPK,Mansehra,Urban Road,Good,Clear,Dawn/Dusk,Truck/Lorry,1,Wrong Overtaking,1,1,0,1,1,0,Medium
2023,12,Saturday,19,Punjab,Gujranwala,Provincial Highway,Good,Foggy,Street Light,Car/Taxi,1,Mechanical Failure,1,1,0,1,0,0,Low
2022,7,Monday,13,Punjab,Rawalpindi,Provincial Highway,Poor,Foggy,Daylight,Truck/Lorry,1,Mobile Phone Use,1,0,0,0,1,0,Low
2022,1,Wednesday,9,Gilgit-Baltistan,Gilgit,National Highway,Good,Foggy,Daylight,Motorcycle,1,Drunk Driving,1,0,0,1,3,2,High
2021,12,Saturday,9,Punjab,Gujranwala,Urban Road,Poor,Clear,Daylight,Motorcycle,2,Mechanical Failure,1,1,0,1,1,0,Low
2021,8,Wednesday,14,Sindh,Karachi,Rural Road,Average,Foggy,Daylight,Van/Pickup,2,Wrong Overtaking,0,0,0,0,1,0,Low
2022,4,Monday,15,Gilgit-Baltistan,Skardu,National Highway,Good,Clear,Street Light,Car/Taxi,2,Signal Violation,0,0,0,0,2,1,Low
2023,2,Saturday,16,Punjab,Rawalpindi,National Highway,Under Repair,Dusty/Smoggy,Dawn/Dusk,Car/Taxi,4,Wrong Overtaking,0,1,0,1,1,2,Medium
2023,3,Friday,11,Punjab,Rawalpindi,National Highway,Average,Clear,Daylight,Motorcycle,2,Signal Violation,0,0,0,0,1,2,Medium
2022,11,Wednesday,18,KPK,Abbottabad,National Highway,Good,Clear,Daylight,Car/Taxi,3,Mobile Phone Use,1,0,0,1,1,0,Low
2018,8,Thursday,19,Punjab,Rawalpindi,National Highway,Average,Foggy,Dawn/Dusk,Bus/Coach,2,Wrong Overtaking,1,0,0,0,7,2,High
2019,3,Sunday,2,Punjab,Rahim Yar Khan,Provincial Highway,Average,Clear,Street Light,Motorcycle,2,Signal Violation,0,1,1,0,3,0,Medium
2022,1,Wednesday,19,Sindh,Kashmore,Provincial Highway,Average,Foggy,Dawn/Dusk,Car/Taxi,1,Road Condition,1,0,0,1,1,0,Low
2022,3,Monday,16,KPK,Abbottabad,National Highway,Good,Rainy,Daylight,Van/Pickup,2,Pedestrian Error,0,0,0,0,0,0,Low
2023,4,Monday,17,Punjab,Faisalabad,Provincial Highway,Poor,Clear,Daylight,Motorcycle,4,Mobile Phone Use,1,0,0,0,4,0,Medium
2023,1,Sunday,14,Punjab,Gujranwala,Urban Road,Average,Clear,Daylight,Motorcycle,3,Over Speeding,0,1,0,1,5,1,Medium
2023,7,Saturday,13,Punjab,Sialkot,Provincial Highway,Poor,Clear,Daylight,Car/Taxi,2,Mechanical Failure,1,1,0,0,0,0,Low
2023,12,Wednesday,21,Punjab,Sialkot,Motorway,Good,Foggy,No Light,Van/Pickup,3,Driver Fatigue,0,0,0,1,6,1,High
2019,10,Sunday,10,Sindh,Hyderabad,Rural Road,Under Repair,Dusty/Smoggy,Street Light,Bus/Coach,3,Over Speeding,0,1,0,0,0,0,Low
2018,9,Thursday,11,Punjab,Lahore,Motorway,Good,Rainy,Daylight,Motorcycle,3,Signal Violation,0,0,0,0,6,1,High
2021,2,Friday,2,Sindh,Larkana,Provincial Highway,Good,Extreme Heat,Street Light,Bus/Coach,1,Over Speeding,0,0,1,1,9,1,High
2022,11,Thursday,2,Sindh,Kashmore,Provincial Highway,Poor,Foggy,No Light,Motorcycle,2,Mechanical Failure,0,0,1,1,3,0,High
2020,8,Tuesday,17,Punjab,Bahawalpur,Urban Road,Good,Foggy,Daylight,Motorcycle,3,Signal Violation,1,0,0,0,8,0,High
2021,11,Wednesday,18,Punjab,Lahore,Rural Road,Poor,Rainy,Daylight,Rickshaw,4,Signal Violation,1,0,0,1,1,0,Low
2018,2,Thursday,11,Punjab,Sargodha,National Highway,Good,Foggy,Daylight,Car/Taxi,2,Drunk Driving,0,0,0,1,4,0,Medium
2020,9,Saturday,1,Punjab,Gujranwala,Urban Road,Average,Foggy,Street Light,Bicycle,2,Over Speeding,0,1,1,0,7,2,High
2023,3,Friday,12,Sindh,Thatta,Provincial Highway,Good,Extreme Heat,Daylight,Bus/Coach,1,Over Speeding,1,0,0,0,8,3,High
2018,12,Thursday,17,KPK,Mardan,National Highway,Average,Rainy,Daylight,Rickshaw,1,Wrong Overtaking,1,0,0,1,3,0,Medium
2021,10,Friday,22,Punjab,Lahore,National Highway,Good,Foggy,No Light,Truck/Lorry,1,Over Speeding,0,0,1,0,7,3,High
2019,2,Friday,13,Sindh,Dadu,Provincial Highway,Good,Rainy,Daylight,Motorcycle,1,Over Speeding,1,0,0,1,11,0,High
2023,2,Saturday,20,AJK,Rawalakot,Rural Road,Under Repair,Rainy,Street Light,Car/Taxi,1,Mobile Phone Use,1,1,0,1,2,0,Low
2022,11,Wednesday,19,Punjab,Multan,Urban Road,Poor,Dusty/Smoggy,Street Light,Car/Taxi,2,Over Speeding,1,0,0,1,1,0,Low
2020,12,Tuesday,7,Sindh,Hyderabad,National Highway,Poor,Clear,Street Light,Car/Taxi,2,Mechanical Failure,1,0,0,1,2,0,Low
2022,12,Friday,21,KPK,Mardan,Provincial Highway,Average,Clear,Street Light,Bicycle,2,Signal Violation,0,0,0,1,1,0,Medium
2022,12,Saturday,7,Punjab,Gujranwala,National Highway,Good,Dusty/Smoggy,Street Light,Rickshaw,2,Over Speeding,1,1,0,1,4,0,Medium
2021,9,Sunday,4,KPK,Mardan,National Highway,Average,Clear,No Light,Motorcycle,2,Mechanical Failure,0,1,1,0,7,2,High
2018,10,Saturday,20,AJK,Mirpur,National Highway,Poor,Foggy,Street Light,Motorcycle,1,Driver Fatigue,1,1,0,0,6,2,High
2021,4,Tuesday,2,Punjab,Sargodha,Urban Road,Poor,Clear,Street Light,Car/Taxi,3,Wrong Overtaking,0,0,1,0,1,0,Low
2019,10,Saturday,6,KPK,Mardan,Urban Road,Under Repair,Clear,Daylight,Bicycle,3,Wrong Overtaking,0,1,0,0,1,0,Medium
2021,5,Saturday,2,Punjab,Bahawalpur,National Highway,Good,Clear,No Light,Motorcycle,2,Wrong Overtaking,0,1,1,0,7,0,High
2022,7,Wednesday,21,Punjab,Sheikhupura,Urban Road,Good,Foggy,No Light,Truck/Lorry,2,Over Speeding,0,0,0,0,4,0,Medium
2023,9,Friday,14,Sindh,Kashmore,Urban Road,Good,Clear,Daylight,Car/Taxi,3,Weather Condition,0,0,0,0,0,0,Low
2023,7,Monday,1,Punjab,Rawalpindi,Urban Road,Under Repair,Clear,No Light,Motorcycle,2,Signal Violation,0,0,1,0,9,1,High
2020,7,Friday,11,Sindh,Larkana,National Highway,Under Repair,Rainy,Daylight,Bus/Coach,3,Mechanical Failure,0,0,0,0,2,0,Medium
2019,5,Thursday,5,Punjab,Sargodha,National Highway,Average,Clear,Street Light,Car/Taxi,2,Wrong Overtaking,0,0,1,0,5,0,Medium
2018,8,Thursday,8,KPK,Peshawar,Provincial Highway,Average,Foggy,Daylight,Bicycle,3,Pedestrian Error,1,0,0,0,1,2,Medium
2020,6,Wednesday,12,Sindh,Larkana,National Highway,Average,Rainy,Dawn/Dusk,Bicycle,4,Road Condition,1,0,0,0,2,1,High
2018,9,Monday,1,Sindh,Karachi,Urban Road,Good,Rainy,No Light,Truck/Lorry,2,Over Speeding,0,0,1,0,5,3,High
2020,10,Friday,18,Punjab,Faisalabad,Urban Road,Good,Rainy,Daylight,Car/Taxi,2,Pedestrian Error,1,0,0,0,1,0,Low
2023,12,Thursday,17,Punjab,Sheikhupura,National Highway,Good,Clear,Daylight,Motorcycle,4,Over Speeding,1,0,0,1,6,2,High
2023,7,Friday,20,Punjab,Faisalabad,Rural Road,Good,Clear,No Light,Car/Taxi,3,Mechanical Failure,1,0,0,0,2,0,Low
2023,1,Sunday,15,KPK,Abbottabad,Urban Road,Good,Clear,No Light,Car/Taxi,1,Mobile Phone Use,0,1,0,1,2,0,Low
2020,9,Sunday,12,Punjab,Sialkot,National Highway,Poor,Clear,Daylight,Motorcycle,2,Mechanical Failure,1,1,0,0,2,2,Medium
2021,11,Wednesday,12,Sindh,Karachi,Provincial Highway,Good,Rainy,Daylight,Rickshaw,3,Mechanical Failure,1,0,0,1,2,0,Low
2021,1,Friday,7,Punjab,Sargodha,Urban Road,Average,Extreme Heat,Daylight,Rickshaw,2,Over Speeding,1,0,0,1,2,0,Low