year,month,day_of_week,hour_of_day,province,district,road_type,road_condition,weather_condition,lighting_condition,vehicle_type,vehicles_involved,accident_cause,is_rush_hour,is_weekend,is_night,is_foggy_month,num_injured,num_killed,severity
2021,12,Wednesday,19,Sindh,Thatta,Urban Road,Average,Foggy,Dawn/Dusk,Motorcycle,1,Drunk Driving,1,0,0,1,9,1,High
2023,4,Thursday,19,Sindh,Dadu,National Highway,Good,Dusty/Smoggy,No Light,Motorcycle,2,Over Speeding,1,0,0,0,3,2,High
2023,10,Friday,13,Sindh,Dadu,Provincial Highway,Under Repair,Foggy,Street Light,Motorcycle,2,Road Condition,1,0,0,0,3,0,Medium
2022,5,Sunday,19,KPK,Kohat,National Highway,Good,Extreme Heat,Dawn/Dusk,Car/Taxi,3,Over Speeding,1,1,0,0,3,0,Medium
2020,9,Monday,13,Punjab,Gujranwala,Provincial Highway,Poor,Clear,Daylight,Motorcycle,2,Over Speeding,1,0,0,0,3,1,Medium
2022,7,Saturday,19,KPK,Swat,Provincial Highway,Average,Clear,Dawn/Dusk,Motorcycle,1,Over Speeding,1,1,0,0,3,1,Medium
2022,8,Sunday,18,KPK,Swat,Provincial Highway,Poor,Clear,Daylight,Rickshaw,2,Wrong Overtaking,1,1,0,0,2,0,Medium
2020,9,Friday,2,Sindh,Kashmore,National Highway,Average,Clear,No Light,Van/Pickup,2,Over Speeding,0,0,1,0,2,1,Medium
2022,10,Tuesday,6,Balochistan,Quetta,Rural Road,Average,Clear,Daylight,Motorcycle,2,Over Speeding,0,0,0,0,4,0,Medium
2020,3,Thursday,19,KPK,Nowshera,Provincial Highway,Poor,Dusty/Smoggy,No Light,Car/Taxi,1,Over Speeding,1,0,0,0,2,1,Medium
2018,11,Tuesday,16,Sindh,Thatta,Provincial Highway,Average,Clear,Daylight,Motorcycle,2,Over Speeding,0,0,0,1,8,3,High
2022,7,Tuesday,19,Punjab,Multan,National Highway,Average,Dusty/Smoggy,Daylight,Rickshaw,1,Over Speeding,1,0,0,0,10,3,High
2021,12,Thursday,21,Sindh,Sukkur,Motorway,Under Repair,Dusty/Smoggy,No Light,Truck/Lorry,3,Wrong Overtaking,0,0,0,1,5,0,Medium
2021,12,Wednesday,13,Punjab,Rawalpindi,National Highway,Average,Rainy,Daylight,Truck/Lorry,2,Driver Fatigue,1,0,0,1,3,1,High
2022,1,Saturday,19,Sindh,Jacobabad,National Highway,Average,Dusty/Smoggy,Dawn/Dusk,Motorcycle,2,Mechanical Failure,1,1,0,1,3,0,Medium
2021,12,Saturday,1,Sindh,Nawabshah,Rural Road,Poor,Rainy,No Light,Van/Pickup,3,Over Speeding,0,1,1,1,4,1,Medium
2020,12,Saturday,16,Sindh,Karachi,Rural Road,Poor,Clear,Daylight,Car/Taxi,3,Drunk Driving,0,1,0,1,4,0,Medium
2022,6,Saturday,12,KPK,Peshawar,National Highway,Average,Dusty/Smoggy,Daylight,Bicycle,2,Over Speeding,1,1,0,0,3,1,High
2020,11,Wednesday,6,KPK,Peshawar,Rural Road,Poor,Foggy,Daylight,Rickshaw,2,Signal Violation,0,0,0,1,0,1,Low
2018,10,Monday,7,Punjab,Gujranwala,National Highway,Average,Clear,Daylight,Car/Taxi,2,Signal Violation,1,0,0,0,1,1,Medium
2023,11,Tuesday,10,Punjab,Lahore,Provincial Highway,Average,Foggy,Daylight,Car/Taxi,1,Over Speeding,0,0,0,1,1,0,Medium
2022,10,Tuesday,19,Sindh,Jacobabad,National Highway,Good,Rainy,No Light,Van/Pickup,4,Driver Fatigue,1,0,0,0,2,0,Medium
2020,12,Sunday,8,Punjab,Sheikhupura,Provincial Highway,Poor,Clear,Daylight,Motorcycle,3,Wrong Overtaking,1,1,0,1,2,0,Medium
2022,8,Saturday,8,KPK,Abbottabad,Rural Road,Average,Clear,Daylight,Truck/Lorry,3,Road Condition,1,1,0,0,1,0,Low
2022,12,Wednesday,19,Punjab,Multan,Provincial Highway,Good,Clear,Dawn/Dusk,Car/Taxi,1,Over Speeding,1,0,0,1,1,0,Low
2020,6,Saturday,14,Punjab,Sargodha,National Highway,Good,Clear,Daylight,Motorcycle,2,Signal Violation,0,1,0,0,8,1,High
2022,2,Friday,12,Sindh,Hyderabad,Provincial Highway,Poor,Dusty/Smoggy,Daylight,Van/Pickup,1,Over Speeding,1,0,0,1,1,0,Low
2020,4,Monday,6,Sindh,Larkana,National Highway,Poor,Clear,Daylight,Car/Taxi,3,Over Speeding,0,0,0,0,11,0,High
2023,10,Friday,20,Punjab,Sargodha,Rural Road,Average,Rainy,No Light,Motorcycle,1,Wrong Overtaking,1,0,0,0,10,0,High
2023,7,Wednesday,6,Punjab,Sheikhupura,National Highway,Good,Clear,Dawn/Dusk,Van/Pickup,4,Mechanical Failure,0,0,0,0,0,0,Low
2020,1,Tuesday,13,Punjab,Bahawalpur,Urban Road,Good,Rainy,Daylight,Bus/Coach,2,Over Speeding,1,0,0,1,3,0,Medium
2018,2,Friday,14,Punjab,Multan,National Highway,Good,Clear,Daylight,Motorcycle,2,Drunk Driving,0,0,0,1,5,0,High
2023,2,Thursday,17,Punjab,Faisalabad,Provincial Highway,Average,Dusty/Smoggy,Daylight,Motorcycle,2,Mechanical Failure,1,0,0,1,4,1,Medium
2020,9,Tuesday,17,Sindh,Dadu,Urban Road,Poor,Foggy,Daylight,Motorcycle,2,Over Speeding,1,0,0,0,5,0,Medium
2023,8,Friday,13,Balochistan,Gwadar,Urban Road,Average,Clear,Daylight,Van/Pickup,2,Road Condition,1,0,0,0,1,0,Low
2023,1,Friday,8,Punjab,Sheikhupura,Provincial Highway,Poor,Rainy,No Light,Motorcycle,1,Over Speeding,1,0,0,1,2,0,High
2020,12,Sunday,20,Punjab,Sheikhupura,National Highway,Poor,Clear,Street Light,Motorcycle,2,Drunk Driving,1,1,0,1,11,0,High
2022,6,Monday,13,KPK,Kohat,Rural Road,Average,Clear,Daylight,Truck/Lorry,4,Over Speeding,1,0,0,0,4,0,Medium
2022,5,Thursday,20,Balochistan,Zhob,Urban Road,Average,Rainy,No Light,Motorcycle,3,Pedestrian Error,1,0,0,0,2,0,Low
2021,12,Thursday,21,Punjab,Sialkot,Rural Road,Under Repair,Rainy,No Light,Motorcycle,1,Mobile Phone Use,0,0,0,1,2,0,Low
2018,10,Monday,19,Punjab,Gujranwala,Urban Road,Good,Dusty/Smoggy,Dawn/Dusk,Motorcycle,1,Wrong Overtaking,1,0,0,0,4,1,Medium
2023,2,Saturday,21,Punjab,Rahim Yar Khan,Provincial Highway,Poor,Dusty/Smoggy,No Light,Car/Taxi,3,Over Speeding,0,1,0,1,2,0,Low
2021,9,Friday,19,Punjab,Sargodha,Rural Road,Under Repair,Rainy,Dawn/Dusk,Rickshaw,4,Over Speeding,1,0,0,0,3,1,Medium
2022,6,Friday,6,Sindh,Jacobabad,National Highway,Good,Extreme Heat,Daylight,Bus/Coach,1,Wrong Overtaking,0,0,0,0,5,0,Medium
2020,3,Saturday,12,Islamabad,Islamabad,National Highway,Average,Clear,Dawn/Dusk,Motorcycle,3,Drunk Driving,1,1,0,0,7,1,High
2019,5,Saturday,20,KPK,Nowshera,Urban Road,Poor,Clear,No Light,Motorcycle,4,Road Condition,1,1,0,0,2,0,Low
2020,3,Tuesday,18,AJK,Mirpur,Rural Road,Average,Clear,Daylight,Motorcycle,2,Signal Violation,1,0,0,0,1,0,Low
2021,3,Sunday,15,Sindh,Hyderabad,Rural Road,Good,Dusty/Smoggy,Daylight,Bus/Coach,2,Pedestrian Error,0,1,0,0,2,0,Low
2023,11,Wednesday,19,Balochistan,Chaman,Provincial Highway,Poor,Rainy,Street Light,Motorcycle,1,Mechanical Failure,1,0,0,1,1,1,Medium
2020,1,Friday,22,Punjab,Rahim Yar Khan,National Highway,Good,Rainy,No Light,Motorcycle,1,Road Condition,0,0,1,1,4,1,High
2019,1,Friday,13,Punjab,Multan,Provincial Highway,Good,Foggy,Daylight,Motorcycle,1,Over Speeding,1,0,0,1,6,2,High
2022,8,Monday,10,KPK,Mansehra,Rural Road,Average,Clear,Daylight,Other,2,Over Speeding,0,0,0,0,1,0,Low
2023,11,Sunday,18,Punjab,Sargodha,Rural Road,Average,Clear,Street Light,Motorcycle,3,Signal Violation,1,1,0,1,2,0,Low
2023,12,Friday,23,Punjab,Lahore,National Highway,Poor,Foggy,Street Light,Motorcycle,1,Over Speeding,0,0,1,1,2,1,High
2021,2,Wednesday,16,KPK,Mansehra,Provincial Highway,Poor,Extreme Heat,Dawn/Dusk,Car/Taxi,1,Wrong Overtaking,0,0,0,1,1,1,Low
2022,3,Saturday,13,Punjab,Bahawalpur,Provincial Highway,Good,Clear,No Light,Car/Taxi,4,Wrong Overtaking,1,1,0,0,0,0,Low
2022,12,Sunday,15,Sindh,Mirpur Khas,National Highway,Poor,Clear,Daylight,Rickshaw,2,Pedestrian Error,0,1,0,1,0,0,Low
2022,6,Wednesday,20,Punjab,Bahawalpur,National Highway,Average,Clear,Street Light,Car/Taxi,2,Over Speeding,1,0,0,0,11,0,High
2020,12,Sunday,12,KPK,Mansehra,Provincial Highway,Average,Clear,Daylight,Car/Taxi,2,Over Speeding,1,1,0,1,5,0,Medium
2023,6,Wednesday,9,Punjab,Sargodha,Provincial Highway,Good,Clear,No Light,Bus/Coach,2,Mechanical Failure,1,0,0,0,2,2,Medium
2021,8,Thursday,18,Sindh,Dadu,Urban Road,Poor,Clear,Daylight,Bus/Coach,1,Road Condition,1,0,0,0,0,0,Low
2020,10,Sunday,12,Punjab,Sargodha,Urban Road,Average,Foggy,Daylight,Car/Taxi,2,Over Speeding,1,1,0,0,5,0,Medium
2019,7,Tuesday,16,KPK,Mardan,National Highway,Poor,Rainy,Daylight,Car/Taxi,2,Mechanical Failure,0,0,0,0,5,0,Medium
2020,6,Saturday,6,Sindh,Thatta,Urban Road,Good,Foggy,Daylight,Car/Taxi,1,Driver Fatigue,0,1,0,0,1,0,Medium
2023,9,Monday,13,Punjab,Lahore,Urban Road,Average,Rainy,Daylight,Motorcycle,1,Pedestrian Error,1,0,0,0,1,0,Medium
2018,7,Wednesday,3,Punjab,Lahore,Rural Road,Average,Clear,No Light,Motorcycle,2,Over Speeding,0,0,1,0,5,1,High
2019,4,Sunday,8,Punjab,Rahim Yar Khan,Urban Road,Good,Foggy,Daylight,Car/Taxi,3,Signal Violation,1,1,0,0,3,0,Medium
2021,5,Thursday,13,Sindh,Nawabshah,Urban Road,Poor,Clear,Daylight,Motorcycle,2,Over Speeding,1,0,0,0,4,3,High
2022,4,Wednesday,12,Sindh,Thatta,Provincial Highway,Good,Clear,Daylight,Rickshaw,1,Over Speeding,1,0,0,0,2,0,Low
2023,2,Monday,7,Punjab,Rahim Yar Khan,Provincial Highway,Poor,Dusty/Smoggy,Daylight,Motorcycle,1,Over Speeding,1,0,0,1,5,1,Medium
2023,6,Thursday,13,KPK,Peshawar,Motorway,Good,Clear,Daylight,Car/Taxi,1,Over Speeding,1,0,0,0,6,1,High
2022,1,Saturday,23,Balochistan,Quetta,National Highway,Poor,Clear,No Light,Car/Taxi,2,Mobile Phone Use,0,1,1,1,4,1,Medium
2022,10,Sunday,18,Punjab,Gujranwala,Rural Road,Good,Clear,No Light,Motorcycle,2,Signal Violation,1,1,0,0,5,0,Medium
2020,2,Saturday,8,Punjab,Rawalpindi,Provincial Highway,Good,Clear,Daylight,Motorcycle,1,Signal Violation,1,1,0,1,11,2,High
2023,11,Tuesday,18,Sindh,Kashmore,Rural Road,Good,Rainy,Daylight,Motorcycle,2,Over Speeding,1,0,0,1,4,0,High
2018,5,Saturday,6,Sindh,Kashmore,National Highway,Good,Clear,Dawn/Dusk,Motorcycle,4,Road Condition,0,1,0,0,9,0,High
2023,5,Saturday,19,Punjab,Lahore,Motorway,Poor,Clear,Dawn/Dusk,Bus/Coach,3,Mechanical Failure,1,1,0,0,2,0,Low
2021,7,Friday,8,Punjab,Faisalabad,Provincial Highway,Good,Clear,Dawn/Dusk,Car/Taxi,2,Signal Violation,1,0,0,0,1,0,Low
2021,7,Saturday,12,Punjab,Multan,Provincial Highway,Average,Clear,Daylight,Motorcycle,1,Signal Violation,1,1,0,0,3,2,Medium
2019,4,Friday,17,Sindh,Thatta,Rural Road,Good,Foggy,Daylight,Motorcycle,2,Wrong Overtaking,1,0,0,0,2,1,Medium
2023,2,Thursday,4,Sindh,Nawabshah,Rural Road,Poor,Rainy,Street Light,Rickshaw,2,Wrong Overtaking,0,0,1,1,2,0,Medium
2018,11,Monday,10,Punjab,Multan,Rural Road,Under Repair,Foggy,Daylight,Rickshaw,2,Mobile Phone Use,0,0,0,1,1,0,Low
2022,9,Monday,11,Punjab,Sargodha,Rural Road,Poor,Foggy,Daylight,Rickshaw,1,Wrong Overtaking,0,0,0,0,2,0,Low
2023,3,Monday,18,Punjab,Sheikhupura,Urban Road,Average,Clear,Dawn/Dusk,Bus/Coach,3,Drunk Driving,1,0,0,0,2,0,Low
2021,8,Sunday,4,KPK,Mansehra,National Highway,Average,Dusty/Smoggy,No Light,Motorcycle,2,Pedestrian Error,0,1,1,0,7,3,High
2023,10,Friday,6,Punjab,Lahore,Urban Road,Good,Clear,Daylight,Car/Taxi,2,Driver Fatigue,0,0,0,0,1,0,Low
2023,12,Thursday,19,Sindh,Thatta,Motorway,Good,Foggy,Dawn/Dusk,Bus/Coach,1,Signal Violation,1,0,0,1,3,0,Medium
2023,11,Friday,20,KPK,Abbottabad,Urban Road,Average,Rainy,Street Light,Truck/Lorry,2,Drunk Driving,1,0,0,1,1,0,Medium
2020,3,Thursday,10,KPK,Kohat,Motorway,Poor,Clear,Daylight,Bicycle,3,Road Condition,0,0,0,0,2,1,High
2022,1,Monday,14,KPK,Mardan,Rural Road,Good,Dusty/Smoggy,Daylight,Van/Pickup,2,Wrong Overtaking,0,0,0,1,2,0,Low
2019,7,Wednesday,15,Punjab,Lahore,Rural Road,Good,Foggy,Daylight,Van/Pickup,4,Road Condition,0,0,0,0,2,0,Low
2021,9,Friday,11,KPK,Nowshera,National Highway,Average,Clear,Dawn/Dusk,Motorcycle,2,Road Condition,0,0,0,0,2,1,Medium
2021,5,Wednesday,19,KPK,Abbottabad,Urban Road,Under Repair,Extreme Heat,No Light,Bus/Coach,1,Over Speeding,1,0,0,0,5,0,Medium
2018,11,Friday,14,KPK,Swat,Provincial Highway,Poor,Clear,Daylight,Motorcycle,1,Over Speeding,0,0,0,1,5,1,Medium
2021,6,Sunday,8,Punjab,Faisalabad,Urban Road,Poor,Clear,Daylight,Motorcycle,1,Pedestrian Error,1,1,0,0,0,1,Low
2020,4,Friday,7,Punjab,Multan,Urban Road,Poor,Clear,Daylight,Motorcycle,2,Signal Violation,1,0,0,0,5,1,Medium
2018,8,Friday,2,KPK,Bannu,Provincial Highway,Poor,Clear,No Light,Motorcycle,3,Over Speeding,0,0,1,0,8,1,High
2023,7,Tuesday,16,Islamabad,Islamabad,Urban Road,Average,Clear,Daylight,Truck/Lorry,4,Signal Violation,0,0,0,0,0,0,Low
2022,3,Sunday,20,KPK,Bannu,Rural Road,Poor,Foggy,No Light,Car/Taxi,1,Drunk Driving,1,1,0,0,4,1,Medium
2020,1,Thursday,21,KPK,Peshawar,Urban Road,Good,Clear,No Light,Motorcycle,2,Mechanical Failure,0,0,0,1,1,0,Low
2022,7,Friday,4,Sindh,Jacobabad,Urban Road,Under Repair,Rainy,No Light,Car/Taxi,2,Drunk Driving,0,0,1,0,4,1,Medium
2018,10,Wednesday,15,Punjab,Rawalpindi,National Highway,Average,Clear,Daylight,Car/Taxi,2,Wrong Overtaking,0,0,0,0,3,1,Medium
2019,8,Wednesday,19,KPK,Kohat,Provincial Highway,Poor,Rainy,Dawn/Dusk,Truck/Lorry,1,Wrong Overtaking,1,0,0,0,9,1,High
2020,4,Saturday,18,KPK,Kohat,Rural Road,Poor,Clear,Daylight,Motorcycle,3,Signal Violation,1,1,0,0,1,0,Low
2021,1,Saturday,18,KPK,Swat,Provincial Highway,Average,Clear,Daylight,Car/Taxi,3,Drunk Driving,1,1,0,1,4,2,Medium
2022,5,Sunday,14,Islamabad,Islamabad,National Highway,Poor,Rainy,Daylight,Motorcycle,2,Mobile Phone Use,0,1,0,0,1,1,Medium
2018,10,Saturday,6,Punjab,Lahore,National Highway,Average,Dusty/Smoggy,Daylight,Car/Taxi,2,Over Speeding,0,1,0,0,4,0,Medium
2018,7,Tuesday,2,Punjab,Sheikhupura,Provincial Highway,Poor,Rainy,No Light,Car/Taxi,3,Wrong Overtaking,0,0,1,0,5,1,High
2019,5,Monday,16,Balochistan,Hub,Motorway,Poor,Clear,Street Light,Motorcycle,1,Road Condition,0,0,0,0,5,0,Medium
2021,7,Saturday,22,Punjab,Faisalabad,Rural Road,Good,Clear,No Light,Car/Taxi,2,Pedestrian Error,0,1,1,0,0,0,Low
2018,7,Friday,21,KPK,Mardan,Motorway,Good,Clear,Street Light,Rickshaw,2,Over Speeding,0,0,0,0,8,3,High
2020,11,Friday,12,Balochistan,Gwadar,National Highway,Good,Clear,Daylight,Motorcycle,3,Signal Violation,1,0,0,1,2,1,High
2019,8,Tuesday,6,Punjab,Faisalabad,National Highway,Poor,Foggy,Daylight,Bus/Coach,3,Road Condition,0,0,0,0,2,1,Medium
2019,11,Friday,11,KPK,Kohat,Provincial Highway,Average,Dusty/Smoggy,Street Light,Car/Taxi,2,Over Speeding,0,0,0,1,1,0,Low
2021,6,Sunday,22,Punjab,Faisalabad,Rural Road,Good,Foggy,No Light,Car/Taxi,1,Mechanical Failure,0,1,1,0,2,0,Low
2021,3,Thursday,13,KPK,Swat,National Highway,Poor,Clear,Daylight,Motorcycle,3,Road Condition,1,0,0,0,5,0,Medium
2023,6,Monday,20,Punjab,Multan,National Highway,Average,Clear,No Light,Bus/Coach,3,Over Speeding,1,0,0,0,3,0,Medium
2020,1,Tuesday,15,Sindh,Sukkur,Rural Road,Poor,Rainy,Daylight,Rickshaw,2,Driver Fatigue,0,0,0,1,0,0,Low
2022,12,Sunday,20,KPK,Dera Ismail Khan,National Highway,Poor,Clear,Street Light,Rickshaw,3,Signal Violation,1,1,0,1,0,0,Low
2023,5,Friday,6,Sindh,Jacobabad,Rural Road,Poor,Rainy,Dawn/Dusk,Bus/Coach,1,Over Speeding,0,0,0,0,4,1,Medium
2020,7,Saturday,7,KPK,Mardan,Urban Road,Good,Clear,Daylight,Car/Taxi,1,Pedestrian Error,1,1,0,0,1,0,Low
2021,7,Friday,22,Islamabad,Islamabad,National Highway,Average,Clear,No Light,Motorcycle,2,Pedestrian Error,0,0,1,0,7,2,High
2022,12,Saturday,18,KPK,Kohat,Rural Road,Poor,Clear,Daylight,Bus/Coach,3,Wrong Overtaking,1,1,0,1,2,0,Low
2023,5,Saturday,19,Islamabad,Islamabad,Provincial Highway,Poor,Rainy,No Light,Motorcycle,2,Over Speeding,1,1,0,0,2,1,High
2023,5,Friday,5,Sindh,Hyderabad,National Highway,Good,Dusty/Smoggy,Dawn/Dusk,Motorcycle,4,Over Speeding,0,0,1,0,9,0,High
2020,6,Friday,10,Sindh,Dadu,Rural Road,Under Repair,Clear,Daylight,Truck/Lorry,4,Road Condition,0,0,0,0,1,0,Low
2020,1,Wednesday,21,Punjab,Sialkot,Provincial Highway,Good,Clear,No Light,Motorcycle,2,Mechanical Failure,0,0,0,1,1,1,Low
2019,11,Wednesday,10,AJK,Mirpur,Provincial Highway,Poor,Clear,Street Light,Car/Taxi,2,Wrong Overtaking,0,0,0,1,1,0,Medium
2021,1,Saturday,18,Punjab,Bahawalpur,National Highway,Good,Clear,Dawn/Dusk,Motorcycle,4,Mechanical Failure,1,1,0,1,2,0,Medium
2023,5,Sunday,21,Punjab,Sialkot,National Highway,Average,Dusty/Smoggy,Street Light,Rickshaw,2,Over Speeding,0,1,0,0,4,0,Medium
2021,7,Saturday,13,Punjab,Rawalpindi,National Highway,Good,Dusty/Smoggy,Daylight,Motorcycle,2,Over Speeding,1,1,0,0,9,0,High
2023,12,Saturday,19,Punjab,Sargodha,Urban Road,Average,Rainy,No Light,Bus/Coach,2,Driver Fatigue,1,1,0,1,8,1,High
2018,6,Saturday,3,Balochistan,Turbat,Provincial Highway,Poor,Foggy,No Light,Rickshaw,1,Pedestrian Error,0,1,1,0,3,0,Medium
2021,2,Wednesday,3,Punjab,Multan,National Highway,Average,Foggy,Street Light,Motorcycle,2,Over Speeding,0,0,1,1,7,4,High
2022,8,Thursday,17,Balochistan,Dera Bugti,Urban Road,Good,Extreme Heat,Daylight,Car/Taxi,2,Signal Violation,1,0,0,0,0,0,Low
2018,11,Tuesday,9,Sindh,Mirpur Khas,National Highway,Good,Foggy,Daylight,Van/Pickup,2,Over Speeding,1,0,0,1,5,1,Medium
2019,11,Monday,17,Balochistan,Gwadar,National Highway,Good,Rainy,Daylight,Rickshaw,2,Wrong Overtaking,1,0,0,1,3,1,High
2021,6,Saturday,12,Sindh,Hyderabad,Provincial Highway,Good,Foggy,Daylight,Car/Taxi,1,Signal Violation,1,1,0,0,3,1,Medium
2020,4,Monday,13,Punjab,Faisalabad,Urban Road,Good,Foggy,Daylight,Motorcycle,4,Wrong Overtaking,1,0,0,0,5,0,Medium
2019,9,Saturday,17,Sindh,Nawabshah,National Highway,Poor,Clear,Daylight,Motorcycle,3,Driver Fatigue,1,1,0,0,11,1,High
2023,5,Saturday,19,Sindh,Dadu,National Highway,Good,Clear,No Light,Motorcycle,2,Signal Violation,1,1,0,0,3,1,High
2020,5,Saturday,10,Punjab,Sargodha,Provincial Highway,Good,Clear,Daylight,Motorcycle,2,Mechanical Failure,0,1,0,0,5,0,Medium
2020,8,Thursday,9,Punjab,Bahawalpur,Rural Road,Good,Dusty/Smoggy,Daylight,Motorcycle,1,Driver Fatigue,1,0,0,0,5,0,Medium
2020,3,Wednesday,23,Punjab,Sialkot,Urban Road,Average,Clear,No Light,Rickshaw,1,Over Speeding,0,0,1,0,2,0,Low
2023,11,Sunday,9,Punjab,Bahawalpur,Urban Road,Good,Clear,Daylight,Car/Taxi,2,Weather Condition,1,1,0,1,2,0,Low
2023,7,Monday,15,Sindh,Kashmore,National Highway,Good,Foggy,Daylight,Motorcycle,2,Wrong Overtaking,0,0,0,0,9,0,High
2021,12,Wednesday,14,Punjab,Multan,Provincial Highway,Good,Clear,Daylight,Motorcycle,3,Wrong Overtaking,0,0,0,1,3,2,High
2022,7,Sunday,19,KPK,Dera Ismail Khan,Rural Road,Good,Rainy,Street Light,Truck/Lorry,3,Pedestrian Error,1,1,0,0,0,1,Low
2020,6,Friday,6,AJK,Rawalakot,Motorway,Good,Clear,Daylight,Motorcycle,1,Driver Fatigue,0,0,0,0,8,1,High
2019,7,Friday,9,Punjab,Rawalpindi,Urban Road,Average,Foggy,Daylight,Truck/Lorry,2,Signal Violation,1,0,0,0,2,0,Medium
2021,12,Friday,21,Sindh,Sukkur,National Highway,Average,Clear,Street Light,Car/Taxi,4,Over Speeding,0,0,0,1,4,0,Medium
2021,11,Thursday,11,Punjab,Rawalpindi,Rural Road,Good,Clear,Daylight,Rickshaw,2,Weather Condition,0,0,0,1,1,0,Low
2022,7,Friday,8,Punjab,Rahim Yar Khan,Motorway,Good,Clear,Dawn/Dusk,Other,2,Mobile Phone Use,1,0,0,0,5,1,Medium
2019,2,Saturday,10,KPK,Kohat,Urban Road,Good,Foggy,Dawn/Dusk,Bus/Coach,2,Over Speeding,0,1,0,1,1,0,Medium
2022,3,Monday,1,Punjab,Sialkot,Urban Road,Poor,Clear,Street Light,Car/Taxi,2,Wrong Overtaking,0,0,1,0,4,0,Medium
2018,10,Friday,13,Punjab,Multan,National Highway,Good,Dusty/Smoggy,Daylight,Bicycle,2,Pedestrian Error,1,0,0,0,3,0,Medium
2020,7,Wednesday,20,Punjab,Gujranwala,Provincial Highway,Good,Foggy,Street Light,Bus/Coach,3,Over Speeding,1,0,0,0,2,0,High
2019,5,Sunday,23,KPK,Abbottabad,Urban Road,Good,Rainy,Street Light,Van/Pickup,3,Road Condition,0,1,1,0,2,0,Low
2022,9,Thursday,12,Sindh,Thatta,National Highway,Average,Rainy,Daylight,Motorcycle,2,Over Speeding,1,0,0,0,10,1,High
2019,7,Sunday,9,Islamabad,Islamabad,Provincial Highway,Good,Clear,Street Light,Motorcycle,2,Over Speeding,1,1,0,0,6,1,High
2023,6,Sunday,9,Balochistan,Dera Bugti,National Highway,Poor,Foggy,Daylight,Car/Taxi,2,Mobile Phone Use,1,1,0,0,5,0,Medium
2018,5,Friday,19,Punjab,Sialkot,Provincial Highway,Poor,Rainy,Street Light,Bus/Coach,2,Mobile Phone Use,1,0,0,0,2,0,Low
2019,11,Saturday,17,Punjab,Multan,Rural Road,Good,Clear,Daylight,Rickshaw,2,Over Speeding,1,1,0,1,0,0,Low
2020,2,Wednesday,0,Punjab,Lahore,Rural Road,Good,Dusty/Smoggy,Street Light,Car/Taxi,2,Signal Violation,0,0,1,1,2,0,Low
2023,1,Tuesday,17,Sindh,Kashmore,Provincial Highway,Poor,Clear,Daylight,Bus/Coach,4,Mobile Phone Use,1,0,0,1,1,1,Low
2022,1,Monday,18,Sindh,Sukkur,Provincial Highway,Average,Foggy,No Light,Car/Taxi,1,Mechanical Failure,1,0,0,1,4,0,Medium
2018,5,Saturday,18,Punjab,Bahawalpur,National Highway,Average,Clear,Daylight,Car/Taxi,1,Over Speeding,1,1,0,0,5,0,Medium
2022,2,Wednesday,8,Punjab,Faisalabad,National Highway,Under Repair,Foggy,Daylight,Car/Taxi,3,Wrong Overtaking,1,0,0,1,4,0,Medium
2021,5,Tuesday,4,Punjab,Multan,Urban Road,Average,Dusty/Smoggy,No Light,Other,2,Wrong Overtaking,0,0,1,0,0,0,Low
2023,1,Friday,15,Balochistan,Dera Bugti,Provincial Highway,Average,Clear,Daylight,Car/Taxi,1,Pedestrian Error,0,0,0,1,1,0,Low
2018,5,Sunday,5,Islamabad,Islamabad,Rural Road,Good,Rainy,Street Light,Car/Taxi,2,Pedestrian Error,0,1,1,0,3,0,Medium
2021,6,Tuesday,13,Punjab,Gujranwala,Rural Road,Good,Clear,Daylight,Motorcycle,1,Signal Violation,1,0,0,0,3,0,Medium
2021,10,Sunday,8,Punjab,Sialkot,Rural Road,Average,Extreme Heat,Daylight,Car/Taxi,2,Over Speeding,1,1,0,0,1,0,Low
2020,5,Tuesday,9,Punjab,Faisalabad,Provincial Highway,Good,Rainy,Dawn/Dusk,Rickshaw,1,Pedestrian Error,1,0,0,0,0,0,Low
2023,3,Tuesday,19,Balochistan,Loralai,Rural Road,Poor,Rainy,Dawn/Dusk,Car/Taxi,2,Pedestrian Error,1,0,0,0,2,0,Low
2022,5,Monday,19,Islamabad,Islamabad,Provincial Highway,Good,Clear,Street Light,Truck/Lorry,2,Drunk Driving,1,0,0,0,5,2,High
2023,11,Friday,6,Punjab,Sheikhupura,Urban Road,Average,Clear,Daylight,Motorcycle,2,Over Speeding,0,0,0,1,4,0,Medium
2023,2,Sunday,8,Punjab,Sheikhupura,Provincial Highway,Under Repair,Clear,Daylight,Motorcycle,1,Mechanical Failure,1,1,0,1,2,0,Medium
2022,3,Tuesday,17,Punjab,Multan,Rural Road,Good,Foggy,Daylight,Car/Taxi,2,Signal Violation,1,0,0,0,1,0,Low
2020,11,Saturday,6,Sindh,Kashmore,Provincial Highway,Average,Clear,Dawn/Dusk,Rickshaw,2,Over Speeding,0,1,0,1,2,0,Medium
2023,11,Friday,17,KPK,Swat,Rural Road,Average,Rainy,Daylight,Truck/Lorry,1,Driver Fatigue,1,0,0,1,5,1,Medium
2018,6,Monday,6,Sindh,Hyderabad,Rural Road,Average,Clear,Daylight,Motorcycle,2,Driver Fatigue,0,0,0,0,3,1,Medium
2018,2,Friday,16,Islamabad,Islamabad,Urban Road,Good,Clear,Daylight,Motorcycle,2,Mechanical Failure,0,0,0,1,3,2,Medium
2021,3,Tuesday,11,Punjab,Sheikhupura,National Highway,Under Repair,Clear,Daylight,Motorcycle,1,Mobile Phone Use,0,0,0,0,3,0,Medium