year,month,day_of_week,hour_of_day,province,district,road_type,road_condition,weather_condition,lighting_condition,vehicle_type,vehicles_involved,accident_cause,is_rush_hour,is_weekend,is_night,is_foggy_month,num_injured,num_killed,severity
2018,1,Sunday,20,KPK,Kohat,Rural Road,Poor,Extreme Heat,No Light,Motorcycle,3,Wrong Overtaking,1,1,0,1,2,1,Medium
2019,8,Monday,13,Punjab,Sargodha,Urban Road,Good,Clear,Daylight,Truck/Lorry,2,Signal Violation,1,0,0,0,5,0,Medium
2021,3,Monday,18,Punjab,Rawalpindi,Rural Road,Average,Clear,Daylight,Truck/Lorry,1,Driver Fatigue,1,0,0,0,2,0,Low
2020,8,Tuesday,10,KPK,Charsadda,Provincial Highway,Average,Foggy,Daylight,Van/Pickup,2,Pedestrian Error,0,0,0,0,0,0,Low
2020,1,Tuesday,8,Islamabad,Islamabad,Provincial Highway,Average,Foggy,Street Light,Car/Taxi,2,Mobile Phone Use,1,0,0,1,0,0,Low
2022,7,Friday,17,KPK,Nowshera,National Highway,Average,Clear,Daylight,Car/Taxi,1,Signal Violation,1,0,0,0,1,0,Low
2022,7,Thursday,0,KPK,Charsadda,Urban Road,Poor,Clear,Street Light,Car/Taxi,2,Road Condition,0,0,1,0,0,0,Low
2022,4,Thursday,7,KPK,Mardan,Urban Road,Poor,Clear,Daylight,Car/Taxi,2,Mechanical Failure,1,0,0,0,0,0,Low
2021,4,Thursday,0,Punjab,Bahawalpur,Urban Road,Good,Dusty/Smoggy,No Light,Car/Taxi,4,Weather Condition,0,0,1,0,1,0,Low
2019,7,Saturday,11,KPK,Peshawar,Provincial Highway,Good,Clear,Dawn/Dusk,Motorcycle,2,Road Condition,0,1,0,0,0,0,Low
2021,1,Monday,22,KPK,Dera Ismail Khan,Urban Road,Under Repair,Rainy,No Light,Bus/Coach,2,Over Speeding,0,0,1,1,3,0,Medium
2023,11,Wednesday,19,Sindh,Nawabshah,Urban Road,Poor,Extreme Heat,Dawn/Dusk,Rickshaw,1,Signal Violation,1,0,0,1,2,0,Low
2022,5,Wednesday,20,Sindh,Nawabshah,Rural Road,Good,Rainy,Street Light,Car/Taxi,2,Signal Violation,1,0,0,0,2,0,Low
2021,6,Friday,8,KPK,Dera Ismail Khan,National Highway,Average,Clear,Daylight,Car/Taxi,3,Mechanical Failure,1,0,0,0,1,0,Low
2022,2,Saturday,13,KPK,Dera Ismail Khan,Urban Road,Under Repair,Clear,Daylight,Rickshaw,2,Driver Fatigue,1,1,0,1,1,0,Low
2022,1,Saturday,22,Punjab,Sargodha,National Highway,Good,Clear,No Light,Motorcycle,1,Signal Violation,0,1,1,1,11,0,High
2023,11,Thursday,16,KPK,Swat,Rural Road,Poor,Rainy,Daylight,Rickshaw,1,Road Condition,0,0,0,1,2,0,Low
2020,10,Thursday,23,KPK,Charsadda,Urban Road,Good,Foggy,No Light,Truck/Lorry,1,Over Speeding,0,0,1,0,4,1,High
2021,1,Tuesday,9,Punjab,Faisalabad,Urban Road,Poor,Rainy,Street Light,Car/Taxi,3,Wrong Overtaking,1,0,0,1,1,0,Low
2022,2,Saturday,6,KPK,Charsadda,National Highway,Average,Foggy,Daylight,Van/Pickup,2,Road Condition,0,1,0,1,0,0,Low
2022,2,Wednesday,19,Punjab,Sargodha,National Highway,Poor,Clear,Dawn/Dusk,Motorcycle,2,Wrong Overtaking,1,0,0,1,5,2,High
2019,10,Tuesday,10,Punjab,Rahim Yar Khan,Rural Road,Average,Extreme Heat,Street Light,Motorcycle,2,Wrong Overtaking,0,0,0,0,5,1,Medium
2018,1,Wednesday,17,Sindh,Nawabshah,Provincial Highway,Good,Foggy,Daylight,Car/Taxi,3,Over Speeding,1,0,0,1,2,1,High
2023,11,Friday,3,Balochistan,Chaman,Urban Road,Under Repair,Rainy,Street Light,Rickshaw,4,Weather Condition,0,0,1,1,5,2,Medium
2023,4,Monday,19,Punjab,Faisalabad,National Highway,Poor,Clear,Street Light,Motorcycle,2,Over Speeding,1,0,0,0,6,0,High
2019,6,Tuesday,7,KPK,Charsadda,Urban Road,Poor,Clear,Daylight,Motorcycle,1,Wrong Overtaking,1,0,0,0,4,0,Medium
2022,5,Monday,14,Sindh,Kashmore,National Highway,Good,Foggy,Daylight,Car/Taxi,2,Signal Violation,0,0,0,0,3,0,Medium
2020,7,Wednesday,4,Balochistan,Gwadar,Provincial Highway,Good,Clear,Street Light,Van/Pickup,1,Over Speeding,0,0,1,0,1,0,Medium
2022,4,Monday,22,Balochistan,Loralai,National Highway,Good,Dusty/Smoggy,No Light,Motorcycle,3,Road Condition,0,0,1,0,10,0,High
2022,12,Monday,8,Balochistan,Dera Bugti,Motorway,Poor,Rainy,Dawn/Dusk,Motorcycle,2,Pedestrian Error,1,0,0,1,6,4,High
2022,8,Monday,18,KPK,Charsadda,Provincial Highway,Good,Rainy,Daylight,Bus/Coach,2,Signal Violation,1,0,0,0,10,0,High
2020,3,Saturday,23,Balochistan,Khuzdar,Urban Road,Under Repair,Dusty/Smoggy,Street Light,Van/Pickup,1,Signal Violation,0,1,1,0,0,0,Low
2021,1,Thursday,5,Punjab,Bahawalpur,Urban Road,Good,Clear,Dawn/Dusk,Bus/Coach,1,Pedestrian Error,0,0,1,1,0,1,Low
2021,12,Saturday,10,Punjab,Lahore,Provincial Highway,Average,Clear,Daylight,Car/Taxi,1,Road Condition,0,1,0,1,1,0,Low
2022,6,Wednesday,13,Punjab,Sheikhupura,National Highway,Poor,Clear,Daylight,Truck/Lorry,2,Road Condition,1,0,0,0,1,0,Low
2023,7,Tuesday,9,KPK,Mardan,Urban Road,Good,Dusty/Smoggy,Daylight,Bus/Coach,2,Signal Violation,1,0,0,0,5,1,Medium
2023,1,Friday,18,Punjab,Faisalabad,National Highway,Average,Clear,Dawn/Dusk,Bus/Coach,2,Road Condition,1,0,0,1,3,0,Medium
2023,6,Wednesday,18,Punjab,Gujranwala,Urban Road,Average,Dusty/Smoggy,No Light,Van/Pickup,2,Signal Violation,1,0,0,0,1,0,Low
2021,5,Wednesday,16,Balochistan,Chaman,Urban Road,Under Repair,Rainy,Daylight,Bicycle,3,Mechanical Failure,0,0,0,0,3,0,Medium
2022,1,Monday,19,KPK,Peshawar,Urban Road,Average,Rainy,Street Light,Motorcycle,3,Mechanical Failure,1,0,0,1,1,1,Medium
2023,7,Friday,19,Balochistan,Khuzdar,Rural Road,Average,Rainy,Dawn/Dusk,Car/Taxi,4,Over Speeding,1,0,0,0,1,0,Medium
2020,7,Monday,21,Punjab,Bahawalpur,Urban Road,Poor,Dusty/Smoggy,No Light,Motorcycle,2,Wrong Overtaking,0,0,0,0,1,0,Medium
2021,12,Saturday,20,Punjab,Sargodha,Motorway,Average,Dusty/Smoggy,Street Light,Car/Taxi,1,Wrong Overtaking,1,1,0,1,1,0,Low
2022,4,Saturday,18,Punjab,Sialkot,Provincial Highway,Good,Foggy,Daylight,Truck/Lorry,2,Road Condition,1,1,0,0,1,0,Low
2018,1,Tuesday,9,Punjab,Lahore,Urban Road,Good,Clear,Daylight,Motorcycle,2,Pedestrian Error,1,0,0,1,2,0,Medium
2018,12,Monday,11,Punjab,Multan,National Highway,Under Repair,Clear,Daylight,Car/Taxi,1,Wrong Overtaking,0,0,0,1,3,0,Medium
2022,3,Tuesday,20,Punjab,Rawalpindi,Rural Road,Poor,Clear,Street Light,Rickshaw,2,Over Speeding,1,0,0,0,0,0,Low
2019,12,Thursday,8,Punjab,Rahim Yar Khan,Urban Road,Under Repair,Rainy,Daylight,Car/Taxi,1,Over Speeding,1,0,0,1,3,0,Medium
2018,12,Monday,9,Sindh,Kashmore,Provincial Highway,Average,Foggy,Street Light,Bicycle,1,Pedestrian Error,1,0,0,1,5,1,Medium
2022,9,Wednesday,20,Punjab,Sargodha,Provincial Highway,Good,Clear,No Light,Car/Taxi,1,Over Speeding,1,0,0,0,0,0,Low
2022,4,Wednesday,5,Punjab,Bahawalpur,National Highway,Good,Rainy,Daylight,Car/Taxi,2,Signal Violation,0,0,1,0,10,2,High
2019,11,Sunday,13,KPK,Nowshera,Motorway,Average,Clear,Daylight,Motorcycle,2,Drunk Driving,1,1,0,1,2,1,High
2019,1,Wednesday,21,KPK,Kohat,Urban Road,Average,Clear,No Light,Motorcycle,1,Over Speeding,0,0,0,1,4,1,High
2022,1,Sunday,10,KPK,Bannu,National Highway,Good,Clear,Daylight,Bus/Coach,2,Road Condition,0,1,0,1,0,1,Low
2022,7,Wednesday,9,Sindh,Larkana,Provincial Highway,Average,Rainy,Daylight,Bus/Coach,3,Wrong Overtaking,1,0,0,0,3,0,High
2019,9,Wednesday,19,Islamabad,Islamabad,Provincial Highway,Average,Clear,Dawn/Dusk,Car/Taxi,2,Over Speeding,1,0,0,0,5,1,Medium
2018,5,Sunday,19,Balochistan,Khuzdar,Provincial Highway,Good,Clear,Dawn/Dusk,Motorcycle,2,Road Condition,1,1,0,0,3,0,Medium
2018,7,Monday,5,Sindh,Thatta,Rural Road,Poor,Extreme Heat,Daylight,Motorcycle,1,Signal Violation,0,0,1,0,2,0,Medium
2022,1,Friday,9,Sindh,Karachi,Rural Road,Average,Clear,Daylight,Car/Taxi,1,Over Speeding,1,0,0,1,0,1,Low
2019,7,Tuesday,8,Punjab,Rahim Yar Khan,Urban Road,Poor,Clear,Daylight,Motorcycle,1,Over Speeding,1,0,0,0,1,0,Medium
2023,11,Saturday,15,KPK,Mardan,Provincial Highway,Poor,Extreme Heat,Daylight,Motorcycle,2,Over Speeding,0,1,0,1,10,1,High
2023,5,Monday,17,Sindh,Kashmore,Provincial Highway,Poor,Rainy,Daylight,Truck/Lorry,2,Signal Violation,1,0,0,0,6,2,High
2018,4,Saturday,13,Islamabad,Islamabad,Urban Road,Under Repair,Clear,Street Light,Van/Pickup,4,Road Condition,1,1,0,0,1,0,Low
2022,5,Friday,19,Sindh,Mirpur Khas,Urban Road,Good,Dusty/Smoggy,Dawn/Dusk,Car/Taxi,2,Driver Fatigue,1,0,0,0,1,0,Low
2018,12,Wednesday,14,Gilgit-Baltistan,Gilgit,Rural Road,Under Repair,Foggy,Daylight,Bus/Coach,2,Over Speeding,0,0,0,1,8,4,High
2020,1,Sunday,16,Balochistan,Zhob,Motorway,Good,Clear,Daylight,Rickshaw,2,Over Speeding,0,1,0,1,1,1,Medium
2023,7,Monday,12,Islamabad,Islamabad,Provincial Highway,Average,Clear,Daylight,Rickshaw,2,Over Speeding,1,0,0,0,3,0,Medium
2018,7,Wednesday,18,Punjab,Sargodha,Urban Road,Good,Clear,Daylight,Motorcycle,2,Drunk Driving,1,0,0,0,8,2,High
2022,12,Thursday,9,Punjab,Rawalpindi,Provincial Highway,Poor,Clear,Daylight,Rickshaw,2,Signal Violation,1,0,0,1,1,0,Medium
2018,2,Saturday,13,KPK,Kohat,Urban Road,Average,Clear,Dawn/Dusk,Motorcycle,4,Over Speeding,1,1,0,1,1,0,Medium
2023,7,Wednesday,22,KPK,Swat,Provincial Highway,Poor,Clear,Street Light,Rickshaw,2,Wrong Overtaking,0,0,1,0,4,1,Medium
2019,10,Saturday,16,Punjab,Gujranwala,Provincial Highway,Average,Extreme Heat,Daylight,Car/Taxi,1,Weather Condition,0,1,0,0,1,1,Low
2018,3,Friday,19,KPK,Swat,Provincial Highway,Average,Foggy,No Light,Truck/Lorry,1,Road Condition,1,0,0,0,1,1,Medium
2019,5,Tuesday,15,Sindh,Nawabshah,Urban Road,Good,Clear,Daylight,Car/Taxi,1,Over Speeding,0,0,0,0,2,0,Low
2018,7,Thursday,13,Punjab,Multan,Motorway,Average,Clear,Daylight,Truck/Lorry,2,Over Speeding,1,0,0,0,6,2,High
2020,6,Thursday,19,Sindh,Nawabshah,National Highway,Average,Clear,Street Light,Car/Taxi,1,Pedestrian Error,1,0,0,0,0,0,Low
2021,10,Wednesday,9,Islamabad,Islamabad,Motorway,Average,Clear,Daylight,Van/Pickup,2,Wrong Overtaking,1,0,0,0,2,1,Medium
2023,9,Tuesday,14,Sindh,Thatta,Provincial Highway,Average,Rainy,Daylight,Motorcycle,2,Over Speeding,0,0,0,0,2,1,High
2019,7,Thursday,17,KPK,Bannu,National Highway,Poor,Clear,Daylight,Motorcycle,2,Mechanical Failure,1,0,0,0,8,1,High
2023,5,Sunday,15,Punjab,Sialkot,Provincial Highway,Under Repair,Foggy,Daylight,Bus/Coach,2,Mechanical Failure,0,1,0,0,4,1,Medium
2023,8,Sunday,8,KPK,Nowshera,National Highway,Average,Extreme Heat,Daylight,Bus/Coach,1,Over Speeding,1,1,0,0,5,0,High
2019,10,Tuesday,6,Islamabad,Islamabad,Rural Road,Good,Extreme Heat,Street Light,Motorcycle,2,Wrong Overtaking,0,0,0,0,0,0,Low
2021,5,Thursday,14,Sindh,Hyderabad,National Highway,Average,Rainy,Daylight,Other,1,Road Condition,0,0,0,0,2,0,Low
2021,7,Saturday,10,Punjab,Multan,National Highway,Good,Clear,Dawn/Dusk,Rickshaw,2,Over Speeding,0,1,0,0,4,0,Medium
2022,2,Friday,17,Sindh,Larkana,Urban Road,Average,Clear,Dawn/Dusk,Motorcycle,1,Wrong Overtaking,1,0,0,1,2,0,Low
2020,8,Saturday,3,Balochistan,Sibi,Motorway,Good,Foggy,No Light,Car/Taxi,1,Wrong Overtaking,0,1,1,0,3,0,Medium
2019,10,Friday,8,Punjab,Sialkot,Urban Road,Poor,Clear,Daylight,Motorcycle,2,Over Speeding,1,0,0,0,5,2,Medium
2018,6,Friday,5,Punjab,Bahawalpur,National Highway,Poor,Clear,Street Light,Car/Taxi,2,Over Speeding,0,0,1,0,2,0,Medium
2018,2,Saturday,17,Punjab,Rahim Yar Khan,National Highway,Good,Clear,Daylight,Motorcycle,2,Wrong Overtaking,1,1,0,1,4,1,Medium
2020,11,Saturday,11,Sindh,Jacobabad,Rural Road,Good,Clear,Dawn/Dusk,Truck/Lorry,1,Signal Violation,0,1,0,1,1,0,Low
2023,5,Wednesday,14,Sindh,Hyderabad,Provincial Highway,Good,Rainy,Daylight,Motorcycle,2,Signal Violation,0,0,0,0,5,1,High
2023,10,Thursday,20,Islamabad,Islamabad,National Highway,Good,Clear,Street Light,Car/Taxi,1,Signal Violation,1,0,0,0,4,0,Medium
2018,6,Sunday,11,Punjab,Gujranwala,Rural Road,Poor,Clear,Daylight,Rickshaw,1,Road Condition,0,1,0,0,2,0,Low
2020,4,Thursday,5,Sindh,Dadu,Rural Road,Average,Clear,No Light,Motorcycle,1,Wrong Overtaking,0,0,1,0,5,1,Medium
2023,2,Monday,10,Balochistan,Dera Bugti,Urban Road,Average,Clear,Daylight,Motorcycle,4,Driver Fatigue,0,0,0,1,2,1,Medium
2021,5,Thursday,16,Punjab,Rahim Yar Khan,Provincial Highway,Poor,Clear,Dawn/Dusk,Truck/Lorry,3,Drunk Driving,0,0,0,0,2,2,High
2019,2,Wednesday,18,KPK,Mansehra,Rural Road,Average,Clear,Street Light,Motorcycle,1,Pedestrian Error,1,0,0,1,2,0,Low
2021,12,Friday,22,KPK,Bannu,Urban Road,Under Repair,Foggy,Street Light,Van/Pickup,1,Road Condition,0,0,1,1,1,0,Medium
2023,12,Monday,5,Punjab,Sheikhupura,National Highway,Good,Dusty/Smoggy,No Light,Motorcycle,4,Over Speeding,0,0,1,1,9,0,High
2021,6,Thursday,20,Punjab,Faisalabad,National Highway,Good,Foggy,No Light,Car/Taxi,1,Pedestrian Error,1,0,0,0,2,0,Low
2019,5,Friday,10,Sindh,Sukkur,Provincial Highway,Average,Clear,Daylight,Car/Taxi,2,Wrong Overtaking,0,0,0,0,2,0,Low
2019,9,Tuesday,11,Punjab,Rahim Yar Khan,National Highway,Under Repair,Clear,Daylight,Car/Taxi,3,Over Speeding,0,0,0,0,3,1,Medium
2019,9,Monday,11,Punjab,Faisalabad,Provincial Highway,Good,Dusty/Smoggy,Daylight,Motorcycle,1,Pedestrian Error,0,0,0,0,5,0,Medium
2021,4,Sunday,19,AJK,Muzaffarabad,Provincial Highway,Average,Clear,Street Light,Rickshaw,2,Wrong Overtaking,1,1,0,0,2,1,Medium
2021,6,Friday,7,Sindh,Thatta,Urban Road,Under Repair,Rainy,No Light,Motorcycle,2,Wrong Overtaking,1,0,0,0,11,0,High
2020,9,Tuesday,12,Balochistan,Zhob,National Highway,Average,Foggy,Street Light,Rickshaw,2,Pedestrian Error,1,0,0,0,1,0,Low
2023,10,Saturday,18,Punjab,Bahawalpur,Provincial Highway,Good,Clear,Daylight,Motorcycle,3,Over Speeding,1,1,0,0,11,0,High
2023,9,Wednesday,7,Islamabad,Islamabad,Urban Road,Average,Rainy,Dawn/Dusk,Truck/Lorry,1,Mechanical Failure,1,0,0,0,1,1,Low
2019,2,Friday,21,KPK,Peshawar,National Highway,Good,Dusty/Smoggy,No Light,Motorcycle,2,Over Speeding,0,0,0,1,10,0,High
2018,3,Wednesday,1,KPK,Bannu,Motorway,Good,Clear,No Light,Car/Taxi,1,Over Speeding,0,0,1,0,5,0,High
2023,5,Tuesday,15,Punjab,Sargodha,National Highway,Good,Clear,Daylight,Bus/Coach,1,Wrong Overtaking,0,0,0,0,5,0,Medium
2019,1,Sunday,6,Sindh,Larkana,Urban Road,Poor,Dusty/Smoggy,Daylight,Motorcycle,1,Signal Violation,0,1,0,1,5,0,Medium
2021,6,Tuesday,17,Sindh,Thatta,National Highway,Average,Clear,Daylight,Motorcycle,1,Signal Violation,1,0,0,0,2,0,Medium
2023,9,Thursday,19,KPK,Nowshera,Provincial Highway,Good,Clear,Dawn/Dusk,Motorcycle,2,Wrong Overtaking,1,0,0,0,3,0,Medium
2023,8,Sunday,21,Balochistan,Hub,Rural Road,Under Repair,Dusty/Smoggy,Street Light,Motorcycle,1,Signal Violation,0,1,0,0,1,1,Medium
2023,1,Sunday,18,Punjab,Gujranwala,Urban Road,Good,Clear,Daylight,Car/Taxi,3,Wrong Overtaking,1,1,0,1,1,0,Low
2018,6,Wednesday,2,Balochistan,Quetta,Motorway,Good,Rainy,Street Light,Car/Taxi,1,Drunk Driving,0,0,1,0,7,2,High
2020,8,Wednesday,15,Islamabad,Islamabad,Provincial Highway,Good,Rainy,Daylight,Bicycle,2,Road Condition,0,0,0,0,2,0,Medium
2022,10,Saturday,18,Sindh,Dadu,Urban Road,Good,Foggy,Daylight,Motorcycle,3,Driver Fatigue,1,1,0,0,11,2,High
2020,5,Monday,14,Punjab,Sialkot,Provincial Highway,Poor,Clear,Daylight,Motorcycle,1,Over Speeding,0,0,0,0,1,2,Medium
2022,9,Wednesday,1,KPK,Mardan,National Highway,Average,Clear,Street Light,Motorcycle,2,Wrong Overtaking,0,0,1,0,10,1,High
2022,7,Sunday,9,Sindh,Thatta,National Highway,Good,Foggy,Daylight,Truck/Lorry,2,Drunk Driving,1,1,0,0,5,1,High
2023,4,Thursday,16,KPK,Bannu,Urban Road,Average,Extreme Heat,Daylight,Van/Pickup,2,Mechanical Failure,0,0,0,0,0,0,Low
2023,6,Friday,6,KPK,Swat,National Highway,Average,Dusty/Smoggy,Daylight,Motorcycle,2,Over Speeding,0,0,0,0,8,1,High
2020,4,Thursday,20,Punjab,Sargodha,Urban Road,Good,Clear,No Light,Rickshaw,2,Drunk Driving,1,0,0,0,2,0,Low
2021,6,Tuesday,17,Sindh,Jacobabad,Rural Road,Good,Foggy,Daylight,Motorcycle,1,Wrong Overtaking,1,0,0,0,4,0,Medium
2020,7,Friday,19,Sindh,Jacobabad,National Highway,Average,Dusty/Smoggy,Daylight,Car/Taxi,2,Over Speeding,1,0,0,0,3,1,Medium
2022,11,Saturday,7,Islamabad,Islamabad,Urban Road,Good,Extreme Heat,Daylight,Bicycle,2,Drunk Driving,1,1,0,1,2,0,Medium
2020,11,Wednesday,9,Punjab,Rawalpindi,National Highway,Average,Clear,Daylight,Rickshaw,1,Mechanical Failure,1,0,0,1,1,0,Low
2018,9,Wednesday,12,Punjab,Sargodha,Urban Road,Average,Clear,Daylight,Truck/Lorry,2,Signal Violation,1,0,0,0,1,0,Low
2021,12,Friday,21,Balochistan,Hub,Urban Road,Good,Dusty/Smoggy,No Light,Motorcycle,1,Mobile Phone Use,0,0,0,1,0,0,Low
2018,5,Monday,13,Punjab,Sargodha,Provincial Highway,Good,Clear,Daylight,Motorcycle,2,Driver Fatigue,1,0,0,0,2,0,Medium
2022,1,Saturday,7,KPK,Swat,Provincial Highway,Under Repair,Clear,Dawn/Dusk,Car/Taxi,3,Pedestrian Error,1,1,0,1,1,0,Low
2020,8,Sunday,12,Punjab,Bahawalpur,Rural Road,Good,Rainy,Daylight,Car/Taxi,2,Pedestrian Error,1,1,0,0,2,0,Low
2022,7,Saturday,12,Sindh,Larkana,Rural Road,Average,Clear,Daylight,Motorcycle,4,Over Speeding,1,1,0,0,2,2,Medium
2021,7,Sunday,12,Sindh,Mirpur Khas,Urban Road,Average,Clear,Daylight,Car/Taxi,2,Signal Violation,1,1,0,0,0,0,Low
2021,2,Sunday,16,Punjab,Rahim Yar Khan,Rural Road,Poor,Clear,Daylight,Motorcycle,1,Road Condition,0,1,0,1,1,0,Low
2023,7,Thursday,3,AJK,Rawalakot,Provincial Highway,Average,Rainy,Street Light,Car/Taxi,2,Wrong Overtaking,0,0,1,0,5,0,Medium
2019,1,Friday,20,Punjab,Faisalabad,National Highway,Average,Clear,No Light,Truck/Lorry,2,Signal Violation,1,0,0,1,2,2,High
2023,10,Tuesday,20,Punjab,Sargodha,National Highway,Average,Rainy,Street Light,Car/Taxi,3,Mechanical Failure,1,0,0,0,0,0,Low
2022,7,Saturday,5,Sindh,Jacobabad,Provincial Highway,Average,Rainy,Dawn/Dusk,Motorcycle,2,Driver Fatigue,0,1,1,0,8,0,High
2018,7,Thursday,7,Sindh,Nawabshah,Provincial Highway,Good,Foggy,Daylight,Van/Pickup,2,Mechanical Failure,1,0,0,0,0,0,Low
2023,9,Monday,21,Punjab,Faisalabad,Urban Road,Poor,Rainy,No Light,Motorcycle,1,Road Condition,0,0,0,0,4,2,Medium
2022,7,Tuesday,12,Punjab,Bahawalpur,National Highway,Good,Extreme Heat,Daylight,Bus/Coach,2,Road Condition,1,0,0,0,4,0,Medium
2022,7,Saturday,8,Islamabad,Islamabad,Motorway,Average,Foggy,Dawn/Dusk,Car/Taxi,2,Over Speeding,1,1,0,0,5,0,Medium
2022,3,Sunday,14,Punjab,Sialkot,Urban Road,Under Repair,Clear,Daylight,Car/Taxi,1,Over Speeding,0,1,0,0,4,0,Medium
2019,10,Sunday,20,Punjab,Lahore,National Highway,Average,Extreme Heat,No Light,Car/Taxi,3,Drunk Driving,1,1,0,0,3,1,Medium
2022,9,Thursday,7,Sindh,Sukkur,Urban Road,Average,Clear,Street Light,Bus/Coach,3,Road Condition,1,0,0,0,2,0,Low
2023,7,Sunday,11,Punjab,Multan,National Highway,Under Repair,Dusty/Smoggy,Daylight,Truck/Lorry,3,Wrong Overtaking,0,1,0,0,7,1,High
2021,5,Saturday,16,Punjab,Rahim Yar Khan,Urban Road,Average,Rainy,Daylight,Bicycle,3,Mobile Phone Use,0,1,0,0,2,0,Medium
2020,6,Monday,18,Punjab,Rahim Yar Khan,National Highway,Good,Foggy,Daylight,Motorcycle,2,Over Speeding,1,0,0,0,10,2,High
2022,5,Saturday,3,Punjab,Bahawalpur,National Highway,Poor,Clear,Street Light,Car/Taxi,3,Over Speeding,0,1,1,0,8,1,High
2023,5,Thursday,12,Punjab,Sargodha,National Highway,Good,Clear,Daylight,Motorcycle,4,Mobile Phone Use,1,0,0,0,5,0,Medium
2021,4,Tuesday,9,Punjab,Sialkot,National Highway,Poor,Clear,Daylight,Motorcycle,2,Wrong Overtaking,1,0,0,0,4,1,Medium
2019,8,Wednesday,18,Sindh,Kashmore,Rural Road,Good,Clear,Daylight,Other,2,Driver Fatigue,1,0,0,0,1,0,Low
2019,1,Wednesday,17,Sindh,Nawabshah,National Highway,Under Repair,Clear,Street Light,Rickshaw,2,Wrong Overtaking,1,0,0,1,2,0,Low
2018,4,Wednesday,21,Punjab,Rahim Yar Khan,Urban Road,Average,Clear,Street Light,Bus/Coach,4,Wrong Overtaking,0,0,0,0,1,0,Low
2023,12,Saturday,6,Islamabad,Islamabad,Urban Road,Average,Foggy,Daylight,Bus/Coach,4,Driver Fatigue,0,1,0,1,4,0,Medium
2020,3,Friday,19,KPK,Bannu,Provincial Highway,Good,Clear,Dawn/Dusk,Motorcycle,1,Wrong Overtaking,1,0,0,0,4,0,Medium
2023,1,Monday,20,Islamabad,Islamabad,Provincial Highway,Poor,Clear,Street Light,Motorcycle,2,Wrong Overtaking,1,0,0,1,4,1,Medium
2018,2,Monday,21,Punjab,Gujranwala,Provincial Highway,Good,Clear,Street Light,Van/Pickup,1,Over Speeding,0,0,0,1,4,0,Medium
2021,8,Sunday,15,KPK,Abbottabad,Rural Road,Good,Rainy,Daylight,Truck/Lorry,2,Mechanical Failure,0,1,0,0,1,0,Low
2022,6,Friday,16,Punjab,Lahore,Rural Road,Good,Dusty/Smoggy,Daylight,Van/Pickup,3,Over Speeding,0,0,0,0,1,0,Low
2020,9,Wednesday,14,KPK,Mardan,Rural Road,Average,Clear,Daylight,Motorcycle,1,Over Speeding,0,0,0,0,5,0,Medium
2022,2,Thursday,14,Punjab,Sargodha,Provincial Highway,Under Repair,Clear,Daylight,Car/Taxi,1,Signal Violation,0,0,0,1,2,0,Medium
2021,7,Tuesday,23,Punjab,Faisalabad,Urban Road,Average,Rainy,No Light,Motorcycle,1,Wrong Overtaking,0,0,1,0,11,0,High
2022,8,Monday,0,Sindh,Dadu,National Highway,Good,Clear,No Light,Van/Pickup,2,Drunk Driving,0,0,1,0,1,0,Medium
2020,6,Friday,6,Sindh,Karachi,Provincial Highway,Poor,Foggy,Street Light,Car/Taxi,2,Road Condition,0,0,0,0,2,0,Low
2018,4,Wednesday,2,Sindh,Larkana,Provincial Highway,Under Repair,Clear,Street Light,Car/Taxi,1,Wrong Overtaking,0,0,1,0,0,0,Low
2023,4,Sunday,15,Punjab,Bahawalpur,Provincial Highway,Good,Rainy,Daylight,Car/Taxi,1,Over Speeding,0,1,0,0,5,1,Medium
2019,6,Saturday,20,Sindh,Thatta,Provincial Highway,Average,Clear,Street Light,Car/Taxi,2,Drunk Driving,1,1,0,0,1,0,Medium
2023,12,Wednesday,18,Islamabad,Islamabad,National Highway,Good,Foggy,Daylight,Motorcycle,2,Over Speeding,1,0,0,1,3,2,High
2020,12,Sunday,8,Balochistan,Gwadar,Provincial Highway,Poor,Clear,Street Light,Motorcycle,1,Wrong Overtaking,1,1,0,1,2,0,Medium
2023,12,Thursday,8,Sindh,Larkana,Urban Road,Good,Rainy,Daylight,Motorcycle,1,Signal Violation,1,0,0,1,4,1,Medium
2021,6,Monday,5,Sindh,Larkana,Motorway,Average,Foggy,Dawn/Dusk,Motorcycle,1,Mechanical Failure,0,0,1,0,9,3,High
2022,1,Saturday,9,Punjab,Lahore,National Highway,Average,Rainy,Daylight,Bus/Coach,2,Pedestrian Error,1,1,0,1,2,4,High
2022,5,Saturday,22,Punjab,Rawalpindi,Provincial Highway,Good,Clear,No Light,Motorcycle,2,Over Speeding,0,1,1,0,5,2,High
2020,7,Tuesday,7,Punjab,Rawalpindi,Urban Road,Average,Clear,Daylight,Bus/Coach,1,Mechanical Failure,1,0,0,0,2,0,Low
2022,1,Thursday,7,Sindh,Mirpur Khas,Provincial Highway,Good,Dusty/Smoggy,No Light,Motorcycle,2,Wrong Overtaking,1,0,0,1,1,0,Medium
2018,3,Saturday,16,KPK,Charsadda,Urban Road,Under Repair,Clear,Daylight,Motorcycle,1,Mechanical Failure,0,1,0,0,2,0,Low
2023,6,Thursday,14,Sindh,Mirpur Khas,Urban Road,Poor,Dusty/Smoggy,Street Light,Motorcycle,2,Over Speeding,0,0,0,0,2,1,High
2023,8,Tuesday,10,Punjab,Multan,Provincial Highway,Under Repair,Foggy,Daylight,Motorcycle,3,Driver Fatigue,0,0,0,0,5,2,High