year,month,day_of_week,hour_of_day,province,district,road_type,road_condition,weather_condition,lighting_condition,vehicle_type,vehicles_involved,accident_cause,is_rush_hour,is_weekend,is_night,is_foggy_month,num_injured,num_killed,severity
2022,11,Saturday,22,Sindh,Jacobabad,Provincial Highway,Good,Rainy,No Light,Truck/Lorry,1,Wrong Overtaking,0,1,1,1,8,0,High
2018,12,Monday,15,Punjab,Lahore,National Highway,Poor,Dusty/Smoggy,Daylight,Motorcycle,2,Wrong Overtaking,0,0,0,1,10,0,High
2018,7,Thursday,21,KPK,Mansehra,National Highway,Average,Rainy,No Light,Van/Pickup,1,Wrong Overtaking,0,0,0,0,3,0,Medium
2023,7,Wednesday,16,Punjab,Sheikhupura,National Highway,Average,Foggy,Daylight,Truck/Lorry,1,Over Speeding,0,0,0,0,7,0,High
2023,12,Monday,21,Sindh,Hyderabad,Rural Road,Good,Dusty/Smoggy,No Light,Car/Taxi,1,Wrong Overtaking,0,0,0,1,2,0,Low
2021,7,Monday,6,KPK,Bannu,National Highway,Good,Clear,Daylight,Truck/Lorry,2,Wrong Overtaking,0,0,0,0,7,0,High
2020,7,Tuesday,13,Punjab,Sargodha,National Highway,Good,Rainy,Dawn/Dusk,Motorcycle,2,Wrong Overtaking,1,0,0,0,5,2,High
2022,12,Thursday,12,Punjab,Sargodha,Rural Road,Average,Clear,Daylight,Motorcycle,3,Over Speeding,1,0,0,1,5,2,Medium
2023,4,Wednesday,19,Sindh,Larkana,Rural Road,Average,Clear,Street Light,Motorcycle,2,Road Condition,1,0,0,0,4,0,Medium
2019,5,Tuesday,0,Punjab,Rahim Yar Khan,National Highway,Under Repair,Dusty/Smoggy,Street Light,Bicycle,2,Driver Fatigue,0,0,1,0,7,1,High
2021,9,Saturday,0,Sindh,Mirpur Khas,National Highway,Average,Clear,No Light,Motorcycle,1,Over Speeding,0,1,1,0,10,1,High
2021,6,Tuesday,11,KPK,Mansehra,National Highway,Average,Clear,Daylight,Van/Pickup,3,Pedestrian Error,0,0,0,0,0,0,Low
2021,4,Saturday,13,Punjab,Sialkot,Provincial Highway,Poor,Rainy,Street Light,Motorcycle,2,Over Speeding,1,1,0,0,3,2,High
2022,8,Wednesday,18,Sindh,Thatta,Provincial Highway,Good,Clear,Daylight,Car/Taxi,1,Signal Violation,1,0,0,0,2,0,Medium
2018,1,Friday,20,Islamabad,Islamabad,Provincial Highway,Good,Clear,Street Light,Motorcycle,2,Mobile Phone Use,1,0,0,1,4,0,Medium
2021,12,Tuesday,8,Sindh,Kashmore,Provincial Highway,Average,Foggy,Daylight,Bus/Coach,1,Road Condition,1,0,0,1,3,1,Medium
2023,9,Friday,16,Gilgit-Baltistan,Gilgit,Urban Road,Average,Clear,Daylight,Motorcycle,2,Mechanical Failure,0,0,0,0,1,0,Low
2021,7,Saturday,22,Punjab,Rahim Yar Khan,Rural Road,Average,Clear,Street Light,Motorcycle,1,Over Speeding,0,1,1,0,6,0,High
2023,10,Wednesday,18,KPK,Swat,Urban Road,Good,Clear,Daylight,Motorcycle,3,Drunk Driving,1,0,0,0,5,1,Medium
2020,3,Tuesday,6,Sindh,Thatta,National Highway,Under Repair,Foggy,Daylight,Car/Taxi,4,Over Speeding,0,0,0,0,5,1,Medium
2021,4,Saturday,22,Balochistan,Dera Bugti,Provincial Highway,Good,Rainy,No Light,Van/Pickup,2,Driver Fatigue,0,1,1,0,3,0,Medium
2020,9,Saturday,22,Punjab,Bahawalpur,Motorway,Good,Foggy,Street Light,Car/Taxi,1,Over Speeding,0,1,1,0,7,2,High
2022,5,Sunday,18,Punjab,Rawalpindi,Rural Road,Good,Clear,Daylight,Motorcycle,3,Pedestrian Error,1,1,0,0,1,0,Low
2021,7,Monday,17,Punjab,Faisalabad,Urban Road,Under Repair,Clear,Daylight,Rickshaw,2,Pedestrian Error,1,0,0,0,2,0,Low
2018,2,Saturday,0,Islamabad,Islamabad,Provincial Highway,Good,Rainy,Street Light,Car/Taxi,1,Wrong Overtaking,0,1,1,1,11,1,High
2019,6,Tuesday,9,Sindh,Karachi,Rural Road,Poor,Rainy,Daylight,Rickshaw,1,Wrong Overtaking,1,0,0,0,0,0,Low
2023,12,Tuesday,7,Balochistan,Quetta,Urban Road,Good,Foggy,Dawn/Dusk,Motorcycle,2,Road Condition,1,0,0,1,5,1,Medium
2022,11,Thursday,7,Punjab,Multan,Urban Road,Poor,Clear,Daylight,Bus/Coach,1,Driver Fatigue,1,0,0,1,5,2,Medium
2023,6,Tuesday,9,Punjab,Rahim Yar Khan,Rural Road,Good,Dusty/Smoggy,Daylight,Motorcycle,4,Signal Violation,1,0,0,0,4,0,Medium
2020,8,Saturday,3,Punjab,Faisalabad,National Highway,Good,Clear,No Light,Motorcycle,2,Over Speeding,0,1,1,0,5,2,High
2022,6,Tuesday,11,Sindh,Sukkur,National Highway,Poor,Foggy,Daylight,Car/Taxi,1,Wrong Overtaking,0,0,0,0,3,0,Medium
2023,9,Friday,9,Balochistan,Khuzdar,Provincial Highway,Average,Foggy,Daylight,Motorcycle,1,Over Speeding,1,0,0,0,7,0,High
2019,10,Wednesday,8,Punjab,Sargodha,Urban Road,Good,Clear,Dawn/Dusk,Motorcycle,1,Over Speeding,1,0,0,0,5,0,Medium
2023,11,Friday,8,Balochistan,Zhob,Urban Road,Good,Clear,Daylight,Bus/Coach,2,Signal Violation,1,0,0,1,5,0,Medium
2019,9,Sunday,16,Punjab,Gujranwala,Provincial Highway,Average,Clear,Daylight,Rickshaw,3,Wrong Overtaking,0,1,0,0,2,1,Low
2019,7,Sunday,9,KPK,Bannu,Urban Road,Average,Clear,Daylight,Rickshaw,2,Over Speeding,1,1,0,0,1,0,Low
2022,12,Friday,9,KPK,Swat,Rural Road,Good,Clear,Daylight,Car/Taxi,2,Driver Fatigue,1,0,0,1,0,0,Low
2020,8,Friday,13,Punjab,Rahim Yar Khan,Rural Road,Under Repair,Clear,No Light,Car/Taxi,1,Over Speeding,1,0,0,0,1,0,Low
2021,6,Tuesday,3,Punjab,Rawalpindi,Provincial Highway,Average,Clear,No Light,Motorcycle,2,Over Speeding,0,0,1,0,7,3,High
2023,8,Tuesday,17,Punjab,Sargodha,National Highway,Average,Clear,Daylight,Motorcycle,2,Over Speeding,1,0,0,0,9,1,High
2022,12,Monday,9,Punjab,Sargodha,Urban Road,Good,Clear,Daylight,Car/Taxi,1,Over Speeding,1,0,0,1,4,1,Medium
2018,11,Wednesday,8,Balochistan,Turbat,National Highway,Good,Dusty/Smoggy,Daylight,Van/Pickup,1,Wrong Overtaking,1,0,0,1,3,0,Medium
2023,12,Wednesday,19,Islamabad,Islamabad,National Highway,Average,Clear,Dawn/Dusk,Motorcycle,1,Mechanical Failure,1,0,0,1,2,1,Medium
2018,5,Saturday,19,KPK,Bannu,Rural Road,Good,Clear,Dawn/Dusk,Motorcycle,1,Signal Violation,1,1,0,0,0,0,Low
2019,11,Sunday,11,KPK,Charsadda,Provincial Highway,Poor,Dusty/Smoggy,Street Light,Motorcycle,4,Over Speeding,0,1,0,1,4,1,High
2021,10,Wednesday,16,Punjab,Lahore,Provincial Highway,Good,Rainy,Daylight,Car/Taxi,2,Mechanical Failure,0,0,0,0,2,0,Medium
2019,3,Wednesday,18,Punjab,Faisalabad,Provincial Highway,Poor,Clear,Daylight,Rickshaw,2,Road Condition,1,0,0,0,1,0,Low
2023,12,Sunday,22,KPK,Mardan,Urban Road,Good,Clear,Street Light,Truck/Lorry,2,Drunk Driving,0,1,1,1,2,3,High
2022,2,Thursday,8,Sindh,Thatta,Provincial Highway,Average,Foggy,Daylight,Motorcycle,2,Over Speeding,1,0,0,1,3,1,High
2020,12,Thursday,10,KPK,Abbottabad,Provincial Highway,Good,Dusty/Smoggy,Daylight,Car/Taxi,2,Road Condition,0,0,0,1,2,0,Low
2020,1,Monday,7,KPK,Nowshera,National Highway,Good,Foggy,Dawn/Dusk,Motorcycle,2,Signal Violation,1,0,0,1,6,0,High
2022,7,Wednesday,21,Punjab,Rahim Yar Khan,Urban Road,Average,Foggy,Street Light,Van/Pickup,1,Signal Violation,0,0,0,0,2,0,Low
2018,6,Monday,9,Punjab,Sialkot,Urban Road,Good,Foggy,Daylight,Motorcycle,3,Wrong Overtaking,1,0,0,0,3,0,Medium
2023,8,Monday,17,KPK,Mardan,Provincial Highway,Poor,Dusty/Smoggy,Dawn/Dusk,Truck/Lorry,1,Wrong Overtaking,1,0,0,0,1,0,Low
2021,2,Thursday,18,Sindh,Dadu,Rural Road,Good,Rainy,Street Light,Van/Pickup,2,Mechanical Failure,1,0,0,1,1,0,Low
2023,3,Saturday,20,KPK,Bannu,National Highway,Good,Clear,No Light,Motorcycle,4,Pedestrian Error,1,1,0,0,7,2,High
2022,6,Sunday,4,Sindh,Jacobabad,National Highway,Good,Rainy,Street Light,Rickshaw,2,Over Speeding,0,1,1,0,4,1,High
2022,2,Saturday,8,Punjab,Multan,National Highway,Good,Clear,Street Light,Motorcycle,1,Pedestrian Error,1,1,0,1,1,0,Medium
2021,11,Tuesday,9,Punjab,Lahore,Rural Road,Good,Rainy,No Light,Truck/Lorry,2,Wrong Overtaking,1,0,0,1,0,0,Low
2019,4,Sunday,22,KPK,Charsadda,Provincial Highway,Good,Clear,No Light,Rickshaw,2,Wrong Overtaking,0,1,1,0,5,2,Medium
2020,5,Monday,18,Sindh,Dadu,National Highway,Average,Rainy,Daylight,Motorcycle,4,Driver Fatigue,1,0,0,0,9,2,High
2020,3,Sunday,13,Punjab,Bahawalpur,Urban Road,Good,Extreme Heat,Daylight,Car/Taxi,3,Pedestrian Error,1,1,0,0,1,0,Low
2022,2,Friday,16,Sindh,Hyderabad,Provincial Highway,Good,Clear,Daylight,Motorcycle,1,Over Speeding,0,0,0,1,4,2,Medium
2018,11,Friday,14,Sindh,Jacobabad,National Highway,Good,Clear,Daylight,Car/Taxi,1,Mechanical Failure,0,0,0,1,0,0,Low
2022,12,Friday,18,Punjab,Rahim Yar Khan,Urban Road,Poor,Clear,Daylight,Car/Taxi,2,Pedestrian Error,1,0,0,1,2,0,Low
2019,11,Thursday,5,Punjab,Lahore,National Highway,Poor,Clear,Street Light,Rickshaw,2,Wrong Overtaking,0,0,1,1,3,2,High
2022,5,Tuesday,16,Punjab,Gujranwala,Provincial Highway,Good,Clear,Daylight,Motorcycle,3,Mechanical Failure,0,0,0,0,1,0,Low
2022,4,Tuesday,9,Punjab,Bahawalpur,Motorway,Average,Foggy,Dawn/Dusk,Motorcycle,2,Mechanical Failure,1,0,0,0,5,0,High
2023,8,Saturday,22,Sindh,Dadu,Provincial Highway,Good,Clear,No Light,Rickshaw,3,Road Condition,0,1,1,0,1,0,Low
2021,6,Wednesday,13,Punjab,Rahim Yar Khan,Provincial Highway,Good,Dusty/Smoggy,Daylight,Rickshaw,2,Wrong Overtaking,1,0,0,0,3,0,Medium
2018,11,Saturday,18,Punjab,Rawalpindi,National Highway,Good,Dusty/Smoggy,Daylight,Car/Taxi,2,Pedestrian Error,1,1,0,1,1,2,Medium
2023,2,Saturday,18,Punjab,Bahawalpur,Urban Road,Good,Clear,Daylight,Van/Pickup,1,Drunk Driving,1,1,0,1,0,1,Low
2021,5,Saturday,19,Punjab,Rawalpindi,Provincial Highway,Good,Clear,Dawn/Dusk,Bus/Coach,2,Over Speeding,1,1,0,0,2,2,Medium
2023,8,Tuesday,21,Gilgit-Baltistan,Hunza,Urban Road,Good,Clear,Street Light,Car/Taxi,3,Wrong Overtaking,0,0,0,0,0,0,Low
2023,11,Saturday,15,Punjab,Gujranwala,Motorway,Under Repair,Clear,No Light,Car/Taxi,2,Road Condition,0,1,0,1,1,0,Low
2019,7,Wednesday,13,Sindh,Jacobabad,Provincial Highway,Under Repair,Clear,Daylight,Truck/Lorry,1,Road Condition,1,0,0,0,0,0,Low
2022,11,Thursday,17,Punjab,Sialkot,Urban Road,Good,Clear,Daylight,Car/Taxi,1,Wrong Overtaking,1,0,0,1,0,0,Low
2020,8,Wednesday,9,KPK,Kohat,Urban Road,Average,Dusty/Smoggy,Daylight,Rickshaw,1,Mobile Phone Use,1,0,0,0,2,0,Low
2022,12,Thursday,19,Balochistan,Turbat,Urban Road,Poor,Clear,Street Light,Motorcycle,1,Mechanical Failure,1,0,0,1,1,1,Medium
2018,12,Sunday,13,Punjab,Sheikhupura,Rural Road,Poor,Dusty/Smoggy,Daylight,Truck/Lorry,2,Over Speeding,1,1,0,1,1,0,Medium
2023,9,Saturday,12,KPK,Nowshera,National Highway,Good,Clear,Daylight,Motorcycle,2,Over Speeding,1,1,0,0,7,2,High
2020,6,Tuesday,18,Punjab,Sargodha,Urban Road,Poor,Foggy,Daylight,Motorcycle,1,Over Speeding,1,0,0,0,4,1,High
2023,11,Wednesday,12,Punjab,Gujranwala,Urban Road,Good,Clear,Daylight,Motorcycle,3,Over Speeding,1,0,0,1,5,0,Medium
2022,6,Saturday,2,Punjab,Rawalpindi,National Highway,Average,Clear,No Light,Rickshaw,2,Road Condition,0,1,1,0,0,1,Low
2023,12,Sunday,10,Punjab,Sheikhupura,Provincial Highway,Average,Clear,Street Light,Motorcycle,2,Pedestrian Error,0,1,0,1,0,0,Low
2021,5,Friday,12,Punjab,Rahim Yar Khan,National Highway,Average,Clear,No Light,Car/Taxi,2,Over Speeding,1,0,0,0,4,0,Medium
2019,9,Tuesday,14,Punjab,Bahawalpur,Provincial Highway,Under Repair,Rainy,Daylight,Car/Taxi,2,Mobile Phone Use,0,0,0,0,1,0,Low
2022,7,Monday,12,Punjab,Sialkot,National Highway,Good,Foggy,Dawn/Dusk,Bus/Coach,2,Wrong Overtaking,1,0,0,0,3,0,Medium
2023,7,Tuesday,14,KPK,Mardan,National Highway,Good,Clear,Dawn/Dusk,Motorcycle,2,Pedestrian Error,0,0,0,0,2,2,High
2023,5,Saturday,12,Punjab,Sargodha,Rural Road,Poor,Foggy,Daylight,Bus/Coach,4,Signal Violation,1,1,0,0,0,0,Low
2019,10,Sunday,8,Punjab,Gujranwala,National Highway,Average,Clear,Daylight,Rickshaw,1,Pedestrian Error,1,1,0,0,1,0,Low
2023,1,Friday,15,Sindh,Thatta,Motorway,Poor,Rainy,Daylight,Motorcycle,2,Signal Violation,0,0,0,1,6,1,High
2018,1,Saturday,22,Sindh,Nawabshah,Rural Road,Good,Clear,Street Light,Motorcycle,2,Signal Violation,0,1,1,1,5,1,Medium
2019,2,Thursday,19,Punjab,Rahim Yar Khan,Rural Road,Poor,Clear,Daylight,Motorcycle,4,Pedestrian Error,1,0,0,1,0,0,Low
2019,1,Monday,20,Punjab,Sheikhupura,National Highway,Average,Extreme Heat,Street Light,Truck/Lorry,4,Signal Violation,1,0,0,1,10,2,High
2022,7,Friday,12,Sindh,Thatta,Provincial Highway,Average,Extreme Heat,Street Light,Motorcycle,1,Over Speeding,1,0,0,0,10,3,High
2022,6,Saturday,10,Punjab,Sargodha,National Highway,Under Repair,Foggy,Daylight,Car/Taxi,2,Signal Violation,0,1,0,0,4,1,High
2022,5,Saturday,20,Balochistan,Quetta,Provincial Highway,Good,Clear,Street Light,Motorcycle,2,Over Speeding,1,1,0,0,4,3,High
2019,9,Friday,17,Punjab,Rahim Yar Khan,Rural Road,Good,Dusty/Smoggy,Daylight,Motorcycle,1,Mechanical Failure,1,0,0,0,0,1,Low
2020,12,Saturday,10,Punjab,Sheikhupura,National Highway,Average,Foggy,No Light,Bicycle,2,Road Condition,0,1,0,1,3,3,High
2021,2,Sunday,7,Sindh,Thatta,National Highway,Average,Clear,Daylight,Truck/Lorry,3,Wrong Overtaking,1,1,0,1,3,1,High
2019,10,Monday,11,AJK,Muzaffarabad,Urban Road,Average,Rainy,Daylight,Car/Taxi,2,Wrong Overtaking,0,0,0,0,2,0,Low
2021,6,Saturday,15,Sindh,Karachi,Provincial Highway,Poor,Rainy,Daylight,Motorcycle,1,Pedestrian Error,0,1,0,0,5,1,High
2023,6,Friday,2,Punjab,Rawalpindi,Provincial Highway,Average,Foggy,Street Light,Motorcycle,2,Pedestrian Error,0,0,1,0,2,0,Medium
2021,7,Thursday,9,Punjab,Rawalpindi,National Highway,Average,Rainy,Daylight,Truck/Lorry,2,Road Condition,1,0,0,0,6,2,High
2020,1,Wednesday,9,Sindh,Hyderabad,Provincial Highway,Good,Foggy,Daylight,Car/Taxi,1,Over Speeding,1,0,0,1,11,1,High
2023,11,Sunday,6,Punjab,Bahawalpur,Urban Road,Good,Clear,No Light,Motorcycle,1,Pedestrian Error,0,1,0,1,2,0,Low
2021,12,Sunday,14,Sindh,Mirpur Khas,Motorway,Good,Rainy,Street Light,Truck/Lorry,1,Signal Violation,0,1,0,1,1,0,Medium
2021,10,Wednesday,18,Sindh,Karachi,Rural Road,Poor,Clear,Daylight,Car/Taxi,2,Signal Violation,1,0,0,0,2,1,Low
2023,10,Monday,14,Punjab,Lahore,Rural Road,Average,Clear,Daylight,Rickshaw,2,Wrong Overtaking,0,0,0,0,2,0,Low
2018,6,Saturday,18,Punjab,Faisalabad,Urban Road,Good,Foggy,Daylight,Motorcycle,2,Road Condition,1,1,0,0,4,0,Medium
2019,7,Friday,0,KPK,Nowshera,Urban Road,Poor,Clear,No Light,Car/Taxi,2,Drunk Driving,0,0,1,0,3,2,Medium
2023,1,Tuesday,13,Sindh,Dadu,National Highway,Good,Clear,Daylight,Motorcycle,1,Over Speeding,1,0,0,1,6,2,High
2018,7,Monday,9,Balochistan,Sibi,Urban Road,Average,Clear,Daylight,Car/Taxi,2,Mechanical Failure,1,0,0,0,1,0,Low
2022,1,Saturday,10,Punjab,Sheikhupura,Urban Road,Good,Foggy,Daylight,Motorcycle,3,Pedestrian Error,0,1,0,1,4,0,Medium
2020,11,Tuesday,22,Sindh,Kashmore,National Highway,Average,Foggy,Street Light,Car/Taxi,1,Drunk Driving,0,0,1,1,2,1,High
2023,6,Thursday,17,Punjab,Sialkot,Urban Road,Good,Clear,Daylight,Truck/Lorry,3,Road Condition,1,0,0,0,2,0,Low
2022,12,Friday,9,Punjab,Gujranwala,National Highway,Average,Clear,Daylight,Car/Taxi,2,Road Condition,1,0,0,1,4,1,Medium
2021,7,Saturday,0,Sindh,Kashmore,Rural Road,Good,Extreme Heat,No Light,Truck/Lorry,2,Wrong Overtaking,0,1,1,0,3,0,Medium
2022,12,Monday,17,KPK,Dera Ismail Khan,Rural Road,Good,Foggy,Daylight,Motorcycle,1,Over Speeding,1,0,0,1,5,1,Medium
2021,9,Friday,20,Punjab,Bahawalpur,Urban Road,Under Repair,Clear,No Light,Motorcycle,4,Wrong Overtaking,1,0,0,0,2,0,Low
2023,8,Sunday,8,KPK,Mansehra,Provincial Highway,Average,Rainy,Daylight,Car/Taxi,1,Road Condition,1,1,0,0,0,0,Low
2020,3,Monday,18,KPK,Charsadda,Rural Road,Average,Clear,Daylight,Rickshaw,4,Pedestrian Error,1,0,0,0,1,0,Low
2023,9,Sunday,20,Punjab,Lahore,Urban Road,Average,Clear,Street Light,Car/Taxi,2,Signal Violation,1,1,0,0,1,0,Low
2023,12,Sunday,11,Balochistan,Gwadar,Provincial Highway,Under Repair,Clear,Street Light,Bus/Coach,1,Pedestrian Error,0,1,0,1,5,0,Medium
2020,4,Saturday,5,Sindh,Kashmore,Rural Road,Average,Dusty/Smoggy,No Light,Bus/Coach,2,Driver Fatigue,0,1,1,0,8,0,High
2023,7,Saturday,0,Sindh,Mirpur Khas,Provincial Highway,Good,Clear,Street Light,Motorcycle,2,Over Speeding,0,1,1,0,4,2,High
2023,12,Sunday,6,Sindh,Larkana,National Highway,Good,Extreme Heat,Daylight,Motorcycle,1,Signal Violation,0,1,0,1,4,2,High
2022,8,Thursday,16,Sindh,Nawabshah,Provincial Highway,Good,Extreme Heat,Daylight,Motorcycle,1,Pedestrian Error,0,0,0,0,1,0,Low
2020,1,Wednesday,11,Balochistan,Loralai,Urban Road,Poor,Foggy,Daylight,Motorcycle,2,Pedestrian Error,0,0,0,1,1,0,Medium
2018,1,Monday,23,Punjab,Bahawalpur,National Highway,Average,Rainy,No Light,Motorcycle,2,Driver Fatigue,0,0,1,1,5,2,High
2018,1,Friday,5,Punjab,Bahawalpur,Provincial Highway,Average,Clear,Dawn/Dusk,Car/Taxi,3,Mechanical Failure,0,0,1,1,2,0,Medium
2020,4,Thursday,19,Balochistan,Hub,Rural Road,Poor,Rainy,No Light,Motorcycle,4,Signal Violation,1,0,0,0,5,2,High
2022,12,Friday,0,KPK,Charsadda,National Highway,Average,Clear,No Light,Truck/Lorry,3,Over Speeding,0,0,1,1,10,3,High
2019,8,Friday,12,Punjab,Rawalpindi,Provincial Highway,Average,Rainy,Dawn/Dusk,Car/Taxi,1,Signal Violation,1,0,0,0,3,1,Medium
2023,6,Saturday,7,Punjab,Rawalpindi,Rural Road,Good,Foggy,Daylight,Car/Taxi,1,Drunk Driving,1,1,0,0,1,0,Low
2020,1,Monday,20,KPK,Peshawar,Motorway,Good,Clear,Street Light,Van/Pickup,2,Road Condition,1,0,0,1,3,0,Medium
2023,6,Sunday,18,Punjab,Rahim Yar Khan,Urban Road,Good,Clear,Daylight,Car/Taxi,4,Driver Fatigue,1,1,0,0,2,0,Low
2019,6,Thursday,19,Sindh,Karachi,Provincial Highway,Good,Foggy,Dawn/Dusk,Motorcycle,2,Drunk Driving,1,0,0,0,10,1,High
2023,6,Sunday,17,Punjab,Lahore,Provincial Highway,Average,Clear,Daylight,Car/Taxi,2,Pedestrian Error,1,1,0,0,1,0,Low
2019,11,Saturday,12,Sindh,Kashmore,Urban Road,Poor,Clear,Street Light,Car/Taxi,3,Pedestrian Error,1,1,0,1,1,0,Low
2021,12,Thursday,13,Punjab,Rawalpindi,Urban Road,Poor,Clear,Daylight,Motorcycle,3,Road Condition,1,0,0,1,2,0,Low
2020,5,Friday,9,Sindh,Thatta,National Highway,Good,Clear,Daylight,Car/Taxi,1,Wrong Overtaking,1,0,0,0,2,0,Medium
2018,3,Tuesday,5,KPK,Bannu,National Highway,Average,Clear,Dawn/Dusk,Car/Taxi,1,Over Speeding,0,0,1,0,4,0,Medium
2018,11,Wednesday,21,Sindh,Sukkur,National Highway,Good,Rainy,Street Light,Bicycle,2,Wrong Overtaking,0,0,0,1,7,1,High
2019,1,Wednesday,9,Punjab,Bahawalpur,National Highway,Poor,Clear,Daylight,Truck/Lorry,1,Wrong Overtaking,1,0,0,1,5,2,High
2023,12,Tuesday,19,Punjab,Rahim Yar Khan,Urban Road,Poor,Clear,Dawn/Dusk,Motorcycle,2,Signal Violation,1,0,0,1,3,0,Medium
2022,9,Monday,11,Punjab,Lahore,Rural Road,Average,Rainy,No Light,Car/Taxi,2,Over Speeding,0,0,0,0,4,0,Medium
2023,10,Tuesday,12,Sindh,Sukkur,Rural Road,Average,Clear,Daylight,Motorcycle,1,Over Speeding,1,0,0,0,5,0,Medium
2023,2,Saturday,15,Sindh,Karachi,Urban Road,Average,Rainy,Daylight,Car/Taxi,2,Over Speeding,0,1,0,1,3,0,Medium
2022,6,Saturday,17,Punjab,Rahim Yar Khan,Rural Road,Under Repair,Dusty/Smoggy,Daylight,Motorcycle,4,Over Speeding,1,1,0,0,4,0,Medium
2022,1,Friday,18,KPK,Bannu,National Highway,Good,Clear,Daylight,Car/Taxi,1,Wrong Overtaking,1,0,0,1,3,0,Medium
2019,5,Sunday,19,KPK,Abbottabad,Rural Road,Average,Clear,Dawn/Dusk,Car/Taxi,3,Signal Violation,1,1,0,0,2,0,Low
2021,7,Sunday,8,Sindh,Kashmore,National Highway,Good,Foggy,Street Light,Car/Taxi,3,Driver Fatigue,1,1,0,0,3,4,High
2021,6,Saturday,11,Punjab,Rahim Yar Khan,National Highway,Good,Clear,Daylight,Motorcycle,1,Wrong Overtaking,0,1,0,0,6,1,High
2022,10,Thursday,8,Balochistan,Hub,Provincial Highway,Good,Foggy,Daylight,Car/Taxi,3,Over Speeding,1,0,0,0,3,0,Medium
2020,6,Wednesday,23,KPK,Dera Ismail Khan,Urban Road,Average,Clear,No Light,Rickshaw,3,Over Speeding,0,0,1,0,0,0,Low
2022,1,Wednesday,20,AJK,Mirpur,National Highway,Average,Dusty/Smoggy,No Light,Car/Taxi,3,Over Speeding,1,0,0,1,4,0,High
2022,11,Sunday,6,Punjab,Sargodha,Rural Road,Poor,Clear,Daylight,Motorcycle,2,Over Speeding,0,1,0,1,1,0,Medium
2018,6,Sunday,15,Balochistan,Sibi,National Highway,Average,Clear,Daylight,Car/Taxi,2,Wrong Overtaking,0,1,0,0,2,1,Medium
2023,12,Sunday,5,Punjab,Sargodha,Provincial Highway,Good,Clear,Dawn/Dusk,Motorcycle,2,Wrong Overtaking,0,1,1,1,1,0,Medium
2021,1,Monday,9,Punjab,Lahore,Provincial Highway,Good,Clear,Street Light,Motorcycle,2,Road Condition,1,0,0,1,1,2,Medium
2019,12,Tuesday,9,Sindh,Jacobabad,Provincial Highway,Average,Extreme Heat,Daylight,Motorcycle,2,Driver Fatigue,1,0,0,1,3,0,Medium
2022,12,Sunday,9,Sindh,Jacobabad,Provincial Highway,Good,Clear,Daylight,Motorcycle,1,Signal Violation,1,1,0,1,2,0,Medium
2021,9,Friday,10,Sindh,Hyderabad,Provincial Highway,Good,Rainy,Daylight,Car/Taxi,1,Over Speeding,0,0,0,0,3,1,Medium
2018,5,Sunday,9,Punjab,Sargodha,Rural Road,Poor,Clear,Daylight,Truck/Lorry,1,Pedestrian Error,1,1,0,0,2,0,Low
2018,7,Saturday,23,Balochistan,Turbat,Provincial Highway,Under Repair,Clear,Street Light,Motorcycle,4,Signal Violation,0,1,1,0,9,2,High
2018,10,Friday,13,Sindh,Karachi,Rural Road,Good,Clear,Daylight,Car/Taxi,3,Drunk Driving,1,0,0,0,0,0,Low
2021,1,Tuesday,22,Balochistan,Sibi,National Highway,Under Repair,Foggy,Street Light,Motorcycle,3,Road Condition,0,0,1,1,10,2,High
2018,6,Thursday,9,Punjab,Rahim Yar Khan,Provincial Highway,Poor,Foggy,Daylight,Car/Taxi,1,Over Speeding,1,0,0,0,6,0,High
2023,9,Saturday,21,Sindh,Kashmore,Urban Road,Good,Clear,No Light,Motorcycle,3,Drunk Driving,0,1,0,0,4,0,High
2021,9,Sunday,7,Punjab,Gujranwala,Urban Road,Good,Clear,Daylight,Bicycle,2,Signal Violation,1,1,0,0,2,0,Medium
2021,3,Saturday,12,Sindh,Jacobabad,Urban Road,Good,Extreme Heat,Daylight,Car/Taxi,2,Pedestrian Error,1,1,0,0,1,0,Low
2021,7,Friday,21,KPK,Dera Ismail Khan,Provincial Highway,Under Repair,Foggy,No Light,Motorcycle,1,Wrong Overtaking,0,0,0,0,5,0,High
2019,11,Sunday,22,Punjab,Sialkot,Provincial Highway,Under Repair,Clear,Street Light,Car/Taxi,2,Wrong Overtaking,0,1,1,1,2,0,Medium
2021,3,Friday,10,Punjab,Bahawalpur,Provincial Highway,Poor,Clear,Dawn/Dusk,Motorcycle,2,Over Speeding,0,0,0,0,3,1,High
2021,12,Monday,7,KPK,Dera Ismail Khan,Rural Road,Good,Clear,Street Light,Bus/Coach,3,Weather Condition,1,0,0,1,2,0,Low
2021,8,Sunday,23,Sindh,Sukkur,Urban Road,Average,Clear,Street Light,Motorcycle,1,Over Speeding,0,1,1,0,9,0,High
2022,3,Saturday,11,Punjab,Multan,Urban Road,Under Repair,Clear,Dawn/Dusk,Motorcycle,1,Over Speeding,0,1,0,0,4,2,Medium
2023,4,Friday,15,Sindh,Hyderabad,Rural Road,Good,Foggy,Daylight,Motorcycle,4,Wrong Overtaking,0,0,0,0,1,0,Medium
2023,1,Thursday,18,Sindh,Mirpur Khas,Urban Road,Average,Rainy,Daylight,Car/Taxi,2,Over Speeding,1,0,0,1,3,1,Medium
2023,12,Tuesday,19,KPK,Dera Ismail Khan,Rural Road,Good,Clear,Street Light,Rickshaw,1,Pedestrian Error,1,0,0,1,2,0,Low