year,month,day_of_week,hour_of_day,province,district,road_type,road_condition,weather_condition,lighting_condition,vehicle_type,vehicles_involved,accident_cause,is_rush_hour,is_weekend,is_night,is_foggy_month,num_injured,num_killed,severity
2022,12,Saturday,15,Punjab,Lahore,Rural Road,Average,Extreme Heat,No Light,Motorcycle,1,Over Speeding,0,1,0,1,10,0,High
2018,6,Saturday,20,Sindh,Mirpur Khas,Urban Road,Good,Foggy,No Light,Car/Taxi,3,Drunk Driving,1,1,0,0,5,0,Medium
2020,7,Saturday,13,Sindh,Thatta,National Highway,Average,Foggy,Daylight,Motorcycle,2,Road Condition,1,1,0,0,4,1,High
2020,10,Sunday,16,KPK,Mansehra,Urban Road,Good,Clear,Daylight,Motorcycle,1,Road Condition,0,1,0,0,1,0,Low
2021,7,Friday,17,Balochistan,Dera Bugti,Motorway,Average,Dusty/Smoggy,Daylight,Rickshaw,4,Road Condition,1,0,0,0,1,0,Low
2023,6,Wednesday,12,Sindh,Dadu,Urban Road,Under Repair,Foggy,Street Light,Car/Taxi,1,Signal Violation,1,0,0,0,1,0,Low
2022,6,Sunday,5,Punjab,Sialkot,Rural Road,Under Repair,Clear,Dawn/Dusk,Bicycle,2,Wrong Overtaking,0,1,1,0,2,0,Medium
2021,3,Monday,15,Punjab,Sheikhupura,Provincial Highway,Good,Clear,Daylight,Bus/Coach,2,Over Speeding,0,0,0,0,4,1,Medium
2023,1,Monday,18,Punjab,Sialkot,National Highway,Average,Clear,No Light,Car/Taxi,3,Over Speeding,1,0,0,1,1,0,Medium
2023,1,Wednesday,16,Punjab,Rawalpindi,Urban Road,Average,Dusty/Smoggy,Daylight,Motorcycle,2,Wrong Overtaking,0,0,0,1,2,1,Medium
2022,1,Saturday,17,KPK,Abbottabad,National Highway,Good,Clear,Daylight,Bus/Coach,2,Over Speeding,1,1,0,1,8,1,High
2023,8,Thursday,18,KPK,Peshawar,Rural Road,Good,Clear,Daylight,Rickshaw,3,Signal Violation,1,0,0,0,0,0,Low
2019,1,Sunday,3,Punjab,Rahim Yar Khan,Provincial Highway,Average,Clear,No Light,Car/Taxi,1,Over Speeding,0,1,1,1,5,0,Medium
2020,11,Thursday,10,Punjab,Bahawalpur,Rural Road,Good,Clear,Daylight,Bus/Coach,1,Pedestrian Error,0,0,0,1,0,0,Low
2018,6,Saturday,15,Punjab,Sargodha,National Highway,Poor,Foggy,No Light,Motorcycle,2,Driver Fatigue,0,1,0,0,8,1,High
2022,8,Tuesday,16,Balochistan,Hub,Rural Road,Poor,Clear,No Light,Rickshaw,2,Drunk Driving,0,0,0,0,1,0,Low
2023,3,Sunday,19,Balochistan,Gwadar,Provincial Highway,Poor,Clear,No Light,Car/Taxi,2,Driver Fatigue,1,1,0,0,0,0,Low
2023,11,Tuesday,6,Punjab,Rawalpindi,National Highway,Under Repair,Rainy,Daylight,Motorcycle,1,Road Condition,0,0,0,1,11,3,High
2023,12,Sunday,8,Sindh,Sukkur,National Highway,Average,Dusty/Smoggy,Daylight,Motorcycle,2,Over Speeding,1,1,0,1,6,1,High
2022,10,Tuesday,20,Punjab,Sheikhupura,National Highway,Good,Clear,No Light,Van/Pickup,1,Pedestrian Error,1,0,0,0,0,0,Low
2020,12,Saturday,13,Punjab,Lahore,Provincial Highway,Average,Clear,Daylight,Motorcycle,2,Over Speeding,1,1,0,1,8,2,High
2018,6,Thursday,23,Punjab,Multan,Provincial Highway,Average,Rainy,No Light,Car/Taxi,2,Mobile Phone Use,0,0,1,0,2,0,Low
2019,2,Tuesday,21,Sindh,Dadu,Provincial Highway,Good,Clear,Street Light,Other,2,Mechanical Failure,0,0,0,1,2,0,Low
2021,8,Saturday,13,Punjab,Sheikhupura,National Highway,Average,Clear,Daylight,Car/Taxi,1,Road Condition,1,1,0,0,3,2,Medium
2020,8,Sunday,19,Punjab,Rahim Yar Khan,Rural Road,Poor,Dusty/Smoggy,No Light,Truck/Lorry,2,Signal Violation,1,1,0,0,1,0,Low
2021,2,Friday,18,Punjab,Sheikhupura,Urban Road,Under Repair,Foggy,Daylight,Rickshaw,2,Over Speeding,1,0,0,1,2,0,Medium
2019,11,Sunday,15,Punjab,Rawalpindi,National Highway,Poor,Clear,Daylight,Motorcycle,3,Wrong Overtaking,0,1,0,1,10,0,High
2023,3,Sunday,18,KPK,Kohat,Provincial Highway,Poor,Clear,No Light,Rickshaw,2,Over Speeding,1,1,0,0,3,1,Medium
2020,5,Sunday,1,Punjab,Multan,Provincial Highway,Good,Dusty/Smoggy,Street Light,Motorcycle,1,Mechanical Failure,0,1,1,0,5,2,Medium
2020,8,Tuesday,2,Balochistan,Dera Bugti,Rural Road,Poor,Clear,Street Light,Motorcycle,2,Wrong Overtaking,0,0,1,0,3,0,Medium
2022,5,Friday,22,Punjab,Multan,Urban Road,Average,Clear,Street Light,Motorcycle,3,Over Speeding,0,0,1,0,1,1,Medium
2021,1,Saturday,19,Punjab,Multan,Rural Road,Good,Clear,Dawn/Dusk,Car/Taxi,1,Mechanical Failure,1,1,0,1,1,0,Low
2023,6,Sunday,15,Punjab,Sialkot,Urban Road,Under Repair,Clear,Daylight,Motorcycle,2,Drunk Driving,0,1,0,0,5,2,Medium
2020,7,Tuesday,17,Punjab,Bahawalpur,Urban Road,Poor,Clear,Daylight,Motorcycle,1,Mobile Phone Use,1,0,0,0,2,0,Low
2021,3,Friday,14,Punjab,Rawalpindi,Urban Road,Good,Clear,Daylight,Motorcycle,2,Driver Fatigue,0,0,0,0,4,0,Medium
2023,9,Friday,14,Punjab,Faisalabad,National Highway,Average,Foggy,Daylight,Motorcycle,3,Driver Fatigue,0,0,0,0,5,2,High
2022,3,Friday,20,Balochistan,Chaman,National Highway,Good,Clear,No Light,Car/Taxi,2,Wrong Overtaking,1,0,0,0,2,0,Medium
2021,8,Monday,12,KPK,Bannu,National Highway,Average,Clear,Daylight,Car/Taxi,3,Over Speeding,1,0,0,0,1,1,Medium
2018,8,Sunday,20,Balochistan,Loralai,Urban Road,Poor,Foggy,No Light,Motorcycle,2,Over Speeding,1,1,0,0,8,4,High
2021,5,Sunday,18,Punjab,Multan,National Highway,Average,Clear,Daylight,Car/Taxi,1,Over Speeding,1,1,0,0,8,2,High
2019,1,Sunday,4,Sindh,Jacobabad,Provincial Highway,Good,Dusty/Smoggy,No Light,Motorcycle,2,Drunk Driving,0,1,1,1,8,2,High
2018,3,Wednesday,19,Punjab,Faisalabad,National Highway,Good,Dusty/Smoggy,Dawn/Dusk,Motorcycle,4,Over Speeding,1,0,0,0,11,1,High
2018,3,Wednesday,23,KPK,Abbottabad,Urban Road,Poor,Extreme Heat,No Light,Rickshaw,2,Signal Violation,0,0,1,0,1,0,Low
2020,6,Friday,13,AJK,Muzaffarabad,Urban Road,Good,Clear,No Light,Motorcycle,3,Driver Fatigue,1,0,0,0,3,0,Medium
2020,5,Saturday,19,KPK,Dera Ismail Khan,Provincial Highway,Average,Foggy,Street Light,Motorcycle,2,Pedestrian Error,1,1,0,0,2,0,High
2019,8,Tuesday,10,Punjab,Faisalabad,National Highway,Poor,Rainy,Daylight,Car/Taxi,2,Driver Fatigue,0,0,0,0,6,1,High
2020,12,Saturday,7,Punjab,Bahawalpur,Rural Road,Good,Clear,Daylight,Motorcycle,2,Road Condition,1,1,0,1,2,0,Low
2021,5,Sunday,20,Punjab,Faisalabad,Provincial Highway,Average,Foggy,Street Light,Motorcycle,3,Signal Violation,1,1,0,0,7,4,High
2021,2,Sunday,12,Punjab,Rahim Yar Khan,Provincial Highway,Average,Clear,Dawn/Dusk,Motorcycle,1,Wrong Overtaking,1,1,0,1,1,0,Medium
2018,12,Tuesday,6,Punjab,Sargodha,National Highway,Average,Foggy,Daylight,Truck/Lorry,3,Over Speeding,0,0,0,1,11,3,High
2018,12,Friday,19,Punjab,Faisalabad,Urban Road,Average,Clear,Dawn/Dusk,Motorcycle,2,Over Speeding,1,0,0,1,3,0,Medium
2021,12,Friday,17,Punjab,Faisalabad,National Highway,Poor,Clear,Dawn/Dusk,Rickshaw,2,Over Speeding,1,0,0,1,2,1,Medium
2019,11,Friday,17,Punjab,Rahim Yar Khan,Urban Road,Good,Clear,Daylight,Motorcycle,1,Wrong Overtaking,1,0,0,1,2,0,Low
2023,9,Saturday,16,Punjab,Rawalpindi,Rural Road,Under Repair,Clear,Daylight,Motorcycle,2,Over Speeding,0,1,0,0,6,3,High
2023,12,Tuesday,19,KPK,Abbottabad,National Highway,Good,Dusty/Smoggy,Daylight,Motorcycle,1,Over Speeding,1,0,0,1,6,2,High
2019,8,Friday,8,Punjab,Sialkot,Rural Road,Poor,Foggy,Daylight,Rickshaw,2,Over Speeding,1,0,0,0,1,1,Medium
2019,10,Saturday,13,Punjab,Rahim Yar Khan,National Highway,Good,Foggy,Daylight,Car/Taxi,1,Signal Violation,1,1,0,0,7,3,High
2019,4,Monday,10,Sindh,Larkana,Motorway,Average,Rainy,Street Light,Motorcycle,2,Signal Violation,0,0,0,0,9,1,High
2022,4,Tuesday,6,Sindh,Dadu,Provincial Highway,Average,Clear,Dawn/Dusk,Car/Taxi,1,Pedestrian Error,0,0,0,0,1,0,Low
2018,1,Friday,10,Punjab,Rahim Yar Khan,Urban Road,Under Repair,Rainy,Daylight,Motorcycle,1,Signal Violation,0,0,0,1,5,2,Medium
2021,2,Monday,7,Balochistan,Hub,National Highway,Average,Dusty/Smoggy,No Light,Motorcycle,1,Wrong Overtaking,1,0,0,1,4,1,Medium
2018,12,Tuesday,16,Punjab,Bahawalpur,Provincial Highway,Poor,Rainy,Daylight,Car/Taxi,1,Wrong Overtaking,0,0,0,1,3,1,Medium
2023,4,Thursday,13,Punjab,Rahim Yar Khan,Urban Road,Good,Dusty/Smoggy,Daylight,Rickshaw,2,Mechanical Failure,1,0,0,0,2,0,Low
2022,7,Tuesday,14,Sindh,Sukkur,National Highway,Average,Clear,Daylight,Motorcycle,3,Wrong Overtaking,0,0,0,0,7,0,High
2020,5,Monday,19,Punjab,Sheikhupura,Urban Road,Good,Rainy,No Light,Truck/Lorry,3,Mechanical Failure,1,0,0,0,0,0,Low
2021,6,Sunday,10,Sindh,Larkana,Urban Road,Under Repair,Clear,Street Light,Car/Taxi,1,Over Speeding,0,1,0,0,1,0,Low
2023,6,Thursday,21,Punjab,Rawalpindi,Motorway,Good,Clear,No Light,Motorcycle,2,Wrong Overtaking,0,0,0,0,4,0,Medium
2022,9,Friday,22,Punjab,Sheikhupura,Motorway,Good,Clear,Street Light,Car/Taxi,2,Mechanical Failure,0,0,1,0,5,1,Medium
2023,12,Tuesday,9,Balochistan,Gwadar,Rural Road,Under Repair,Clear,Daylight,Car/Taxi,2,Over Speeding,1,0,0,1,2,0,Medium
2022,4,Tuesday,1,Punjab,Sialkot,Rural Road,Good,Extreme Heat,Street Light,Motorcycle,2,Wrong Overtaking,0,0,1,0,8,3,High
2019,10,Monday,19,KPK,Nowshera,Rural Road,Average,Clear,Dawn/Dusk,Car/Taxi,2,Pedestrian Error,1,0,0,0,2,0,Low
2022,12,Friday,15,Punjab,Lahore,National Highway,Under Repair,Clear,Dawn/Dusk,Car/Taxi,2,Road Condition,0,0,0,1,4,0,Medium
2023,2,Friday,12,Sindh,Karachi,National Highway,Good,Clear,Daylight,Bus/Coach,1,Driver Fatigue,1,0,0,1,10,0,High
2019,2,Tuesday,21,Punjab,Faisalabad,Rural Road,Good,Rainy,No Light,Van/Pickup,2,Signal Violation,0,0,0,1,2,0,Medium
2019,12,Sunday,13,KPK,Dera Ismail Khan,National Highway,Good,Clear,Daylight,Car/Taxi,1,Over Speeding,1,1,0,1,3,0,Medium
2020,1,Wednesday,11,KPK,Mardan,Rural Road,Poor,Clear,Daylight,Other,1,Pedestrian Error,0,0,0,1,2,0,Low
2020,7,Friday,21,Punjab,Multan,Provincial Highway,Good,Clear,Street Light,Motorcycle,2,Drunk Driving,0,0,0,0,5,2,High
2020,4,Sunday,6,Punjab,Lahore,Rural Road,Good,Clear,Daylight,Car/Taxi,3,Mechanical Failure,0,1,0,0,0,0,Low
2019,7,Monday,21,Islamabad,Islamabad,Rural Road,Average,Clear,No Light,Motorcycle,2,Over Speeding,0,0,0,0,11,3,High
2020,12,Friday,17,Balochistan,Dera Bugti,National Highway,Good,Clear,Daylight,Motorcycle,1,Over Speeding,1,0,0,1,8,1,High
2023,11,Monday,0,Sindh,Jacobabad,Provincial Highway,Good,Foggy,No Light,Van/Pickup,2,Driver Fatigue,0,0,1,1,3,0,Medium
2023,12,Saturday,7,Sindh,Nawabshah,National Highway,Average,Clear,Daylight,Motorcycle,1,Driver Fatigue,1,1,0,1,8,2,High
2018,5,Wednesday,8,KPK,Mansehra,Urban Road,Good,Clear,Daylight,Car/Taxi,4,Wrong Overtaking,1,0,0,0,1,0,Low
2023,8,Wednesday,11,Punjab,Sheikhupura,National Highway,Under Repair,Clear,Dawn/Dusk,Truck/Lorry,2,Over Speeding,0,0,0,0,5,2,Medium
2022,5,Tuesday,8,Sindh,Larkana,Urban Road,Under Repair,Clear,Daylight,Rickshaw,3,Mechanical Failure,1,0,0,0,2,0,Low
2023,2,Tuesday,10,Sindh,Thatta,National Highway,Under Repair,Rainy,Daylight,Motorcycle,1,Over Speeding,0,0,0,1,11,0,High
2018,12,Saturday,8,KPK,Mardan,Urban Road,Good,Dusty/Smoggy,Daylight,Rickshaw,2,Mechanical Failure,1,1,0,1,1,0,Low
2023,6,Monday,17,Punjab,Bahawalpur,Urban Road,Good,Foggy,Daylight,Motorcycle,2,Over Speeding,1,0,0,0,3,4,High
2021,12,Sunday,19,Sindh,Kashmore,Urban Road,Average,Clear,Dawn/Dusk,Rickshaw,2,Pedestrian Error,1,1,0,1,2,0,Low
2021,7,Wednesday,20,Sindh,Nawabshah,Rural Road,Good,Rainy,No Light,Bicycle,4,Pedestrian Error,1,0,0,0,2,0,Low
2021,11,Saturday,20,Balochistan,Chaman,National Highway,Under Repair,Rainy,No Light,Car/Taxi,1,Mechanical Failure,1,1,0,1,0,0,Low
2022,10,Sunday,7,KPK,Abbottabad,Provincial Highway,Poor,Clear,Daylight,Motorcycle,4,Wrong Overtaking,1,1,0,0,1,0,Medium
2020,7,Friday,19,Balochistan,Gwadar,National Highway,Poor,Foggy,Dawn/Dusk,Motorcycle,3,Wrong Overtaking,1,0,0,0,10,0,High
2021,4,Wednesday,16,Balochistan,Zhob,National Highway,Poor,Clear,Daylight,Motorcycle,3,Pedestrian Error,0,0,0,0,5,0,Medium
2018,7,Tuesday,19,Punjab,Lahore,Urban Road,Under Repair,Rainy,Dawn/Dusk,Van/Pickup,2,Drunk Driving,1,0,0,0,2,0,Medium
2023,12,Tuesday,17,Punjab,Lahore,Rural Road,Good,Foggy,Daylight,Motorcycle,2,Drunk Driving,1,0,0,1,1,0,Medium
2021,10,Sunday,9,Sindh,Thatta,Rural Road,Average,Dusty/Smoggy,Street Light,Motorcycle,2,Mobile Phone Use,1,1,0,0,0,0,Low
2023,12,Friday,11,Balochistan,Zhob,Provincial Highway,Good,Clear,Daylight,Motorcycle,2,Over Speeding,0,0,0,1,10,3,High
2021,12,Friday,10,Punjab,Multan,Provincial Highway,Under Repair,Clear,Daylight,Motorcycle,2,Mechanical Failure,0,0,0,1,1,0,Medium
2020,7,Thursday,3,Sindh,Mirpur Khas,Provincial Highway,Average,Clear,Street Light,Bus/Coach,2,Pedestrian Error,0,0,1,0,3,2,Medium
2022,5,Tuesday,16,Punjab,Sargodha,Provincial Highway,Poor,Clear,Daylight,Motorcycle,1,Over Speeding,0,0,0,0,11,2,High
2018,9,Tuesday,19,Punjab,Bahawalpur,Provincial Highway,Average,Dusty/Smoggy,Street Light,Van/Pickup,2,Pedestrian Error,1,0,0,0,1,0,Low
2019,12,Thursday,21,KPK,Dera Ismail Khan,National Highway,Good,Clear,Street Light,Bicycle,2,Signal Violation,0,0,0,1,2,2,High
2021,4,Friday,18,KPK,Nowshera,Rural Road,Average,Foggy,Dawn/Dusk,Car/Taxi,4,Pedestrian Error,1,0,0,0,1,0,Low
2023,10,Sunday,12,Sindh,Jacobabad,Urban Road,Under Repair,Clear,Daylight,Car/Taxi,2,Mechanical Failure,1,1,0,0,2,1,Low
2020,6,Sunday,10,Balochistan,Loralai,National Highway,Average,Dusty/Smoggy,Daylight,Car/Taxi,3,Mechanical Failure,0,1,0,0,0,0,Low
2023,2,Sunday,13,Punjab,Multan,Provincial Highway,Average,Clear,Dawn/Dusk,Bus/Coach,1,Drunk Driving,1,1,0,1,4,0,Medium
2019,4,Sunday,11,Punjab,Gujranwala,National Highway,Average,Rainy,Street Light,Rickshaw,1,Signal Violation,0,1,0,0,5,1,High
2023,6,Friday,11,Balochistan,Dera Bugti,Urban Road,Poor,Clear,Dawn/Dusk,Motorcycle,1,Wrong Overtaking,0,0,0,0,0,1,Low
2020,7,Wednesday,7,Sindh,Jacobabad,National Highway,Good,Extreme Heat,Street Light,Motorcycle,2,Over Speeding,1,0,0,0,11,0,High
2020,1,Wednesday,10,Punjab,Rawalpindi,Rural Road,Average,Clear,Dawn/Dusk,Car/Taxi,2,Pedestrian Error,0,0,0,1,1,0,Low
2022,7,Monday,23,KPK,Kohat,Urban Road,Average,Clear,No Light,Van/Pickup,1,Over Speeding,0,0,1,0,5,1,Medium
2021,12,Saturday,17,Balochistan,Loralai,Rural Road,Good,Clear,Daylight,Motorcycle,1,Mobile Phone Use,1,1,0,1,0,0,Low
2021,10,Saturday,5,KPK,Mardan,Urban Road,Poor,Clear,Dawn/Dusk,Motorcycle,2,Signal Violation,0,1,1,0,2,0,Medium
2022,11,Thursday,18,KPK,Nowshera,National Highway,Poor,Dusty/Smoggy,Street Light,Car/Taxi,2,Mechanical Failure,1,0,0,1,3,1,Medium
2022,12,Thursday,3,Punjab,Sialkot,Provincial Highway,Under Repair,Foggy,No Light,Motorcycle,1,Drunk Driving,0,0,1,1,7,1,High
2019,10,Saturday,18,Punjab,Bahawalpur,National Highway,Good,Dusty/Smoggy,Daylight,Motorcycle,1,Over Speeding,1,1,0,0,5,4,High
2023,9,Tuesday,18,Balochistan,Loralai,Provincial Highway,Poor,Clear,Daylight,Motorcycle,1,Signal Violation,1,0,0,0,5,0,Medium
2019,4,Saturday,9,Sindh,Larkana,Rural Road,Average,Clear,Dawn/Dusk,Car/Taxi,2,Drunk Driving,1,1,0,0,2,0,Low
2023,8,Saturday,9,Punjab,Gujranwala,Provincial Highway,Average,Foggy,Daylight,Motorcycle,2,Signal Violation,1,1,0,0,3,1,High
2022,11,Sunday,16,Sindh,Kashmore,Provincial Highway,Good,Rainy,No Light,Car/Taxi,2,Over Speeding,0,1,0,1,2,0,High
2022,12,Tuesday,8,KPK,Dera Ismail Khan,Urban Road,Good,Foggy,Daylight,Van/Pickup,1,Pedestrian Error,1,0,0,1,1,0,Low
2021,1,Sunday,14,Punjab,Sialkot,National Highway,Good,Clear,Daylight,Bus/Coach,2,Mobile Phone Use,0,1,0,1,3,1,Medium
2023,11,Friday,8,Sindh,Hyderabad,Rural Road,Good,Clear,Daylight,Rickshaw,2,Over Speeding,1,0,0,1,5,0,Medium
2023,2,Thursday,12,Punjab,Rahim Yar Khan,Motorway,Good,Clear,Street Light,Motorcycle,3,Signal Violation,1,0,0,1,1,0,Medium
2023,2,Friday,6,Punjab,Sialkot,Motorway,Good,Clear,Daylight,Rickshaw,2,Mechanical Failure,0,0,0,1,3,0,Medium
2023,2,Sunday,12,KPK,Dera Ismail Khan,National Highway,Poor,Foggy,Daylight,Motorcycle,3,Wrong Overtaking,1,1,0,1,10,1,High
2022,2,Tuesday,21,Punjab,Sheikhupura,Provincial Highway,Average,Foggy,Street Light,Car/Taxi,2,Mechanical Failure,0,0,0,1,1,0,Low
2020,8,Thursday,20,Punjab,Bahawalpur,National Highway,Average,Extreme Heat,Street Light,Motorcycle,2,Drunk Driving,1,0,0,0,2,2,High
2023,2,Sunday,18,Balochistan,Hub,National Highway,Poor,Clear,Daylight,Car/Taxi,1,Over Speeding,1,1,0,1,1,2,Medium
2019,7,Wednesday,7,KPK,Kohat,Provincial Highway,Poor,Rainy,Daylight,Bicycle,2,Driver Fatigue,1,0,0,0,7,2,High
2022,7,Thursday,7,Sindh,Kashmore,Urban Road,Good,Rainy,Daylight,Bicycle,1,Drunk Driving,1,0,0,0,9,1,High
2020,10,Thursday,20,Punjab,Rahim Yar Khan,National Highway,Average,Rainy,No Light,Car/Taxi,1,Over Speeding,1,0,0,0,10,2,High
2018,8,Monday,9,Punjab,Faisalabad,Urban Road,Poor,Clear,Daylight,Car/Taxi,4,Signal Violation,1,0,0,0,2,0,Low
2022,4,Tuesday,14,Sindh,Kashmore,National Highway,Good,Clear,Daylight,Bicycle,1,Road Condition,0,0,0,0,2,0,Medium
2018,3,Monday,12,Punjab,Rawalpindi,Urban Road,Good,Rainy,Street Light,Motorcycle,2,Signal Violation,1,0,0,0,5,0,Medium
2018,10,Saturday,10,Sindh,Dadu,Provincial Highway,Average,Dusty/Smoggy,Daylight,Car/Taxi,2,Wrong Overtaking,0,1,0,0,1,0,Medium
2023,8,Wednesday,8,Punjab,Sargodha,Urban Road,Good,Rainy,Daylight,Bicycle,1,Signal Violation,1,0,0,0,7,3,High
2018,10,Monday,14,Sindh,Thatta,National Highway,Good,Dusty/Smoggy,Daylight,Van/Pickup,1,Mechanical Failure,0,0,0,0,1,0,Low
2018,3,Friday,14,Punjab,Sheikhupura,Urban Road,Good,Foggy,Street Light,Motorcycle,1,Wrong Overtaking,0,0,0,0,3,2,Medium
2021,9,Wednesday,5,Punjab,Rawalpindi,National Highway,Poor,Clear,No Light,Motorcycle,2,Wrong Overtaking,0,0,1,0,2,1,High
2022,9,Tuesday,7,Islamabad,Islamabad,National Highway,Good,Clear,Daylight,Truck/Lorry,2,Over Speeding,1,0,0,0,11,3,High
2023,2,Sunday,14,AJK,Muzaffarabad,Rural Road,Average,Foggy,Daylight,Bus/Coach,3,Driver Fatigue,0,1,0,1,1,0,Medium
2020,5,Saturday,14,Sindh,Larkana,Provincial Highway,Average,Rainy,Daylight,Truck/Lorry,2,Over Speeding,0,1,0,0,4,2,Medium
2023,1,Tuesday,17,KPK,Swat,Rural Road,Poor,Clear,Daylight,Truck/Lorry,3,Signal Violation,1,0,0,1,0,0,Low
2020,9,Tuesday,7,Sindh,Mirpur Khas,Provincial Highway,Good,Clear,Daylight,Motorcycle,2,Drunk Driving,1,0,0,0,5,1,High
2023,12,Wednesday,5,Punjab,Gujranwala,National Highway,Average,Clear,Dawn/Dusk,Motorcycle,3,Mechanical Failure,0,0,1,1,2,1,High
2023,8,Friday,20,Punjab,Multan,Urban Road,Good,Clear,Street Light,Motorcycle,4,Over Speeding,1,0,0,0,3,0,Medium
2021,9,Tuesday,4,Punjab,Sialkot,Motorway,Good,Clear,No Light,Car/Taxi,1,Signal Violation,0,0,1,0,2,1,High
2019,1,Sunday,21,Sindh,Jacobabad,Urban Road,Good,Foggy,Street Light,Rickshaw,3,Signal Violation,0,1,0,1,0,0,Low
2020,2,Thursday,20,Sindh,Thatta,Rural Road,Average,Clear,No Light,Motorcycle,1,Mobile Phone Use,1,0,0,1,2,0,Low
2022,12,Sunday,21,Islamabad,Islamabad,National Highway,Average,Rainy,Street Light,Motorcycle,2,Over Speeding,0,1,0,1,7,2,High
2019,11,Sunday,23,KPK,Abbottabad,National Highway,Good,Clear,No Light,Motorcycle,2,Mechanical Failure,0,1,1,1,2,0,Medium
2020,11,Wednesday,12,Balochistan,Gwadar,National Highway,Average,Clear,Street Light,Motorcycle,3,Over Speeding,1,0,0,1,11,1,High
2021,5,Tuesday,23,Balochistan,Quetta,Provincial Highway,Poor,Rainy,No Light,Motorcycle,2,Mechanical Failure,0,0,1,0,2,1,Medium
2023,6,Wednesday,11,KPK,Peshawar,National Highway,Good,Clear,Daylight,Car/Taxi,3,Road Condition,0,0,0,0,0,0,Low
2020,1,Saturday,14,Punjab,Gujranwala,Rural Road,Average,Rainy,Daylight,Car/Taxi,2,Wrong Overtaking,0,1,0,1,3,1,Medium
2019,2,Friday,13,Punjab,Lahore,National Highway,Poor,Foggy,Dawn/Dusk,Motorcycle,2,Pedestrian Error,1,0,0,1,6,0,High
2018,9,Monday,13,Sindh,Dadu,Motorway,Poor,Rainy,Daylight,Motorcycle,2,Wrong Overtaking,1,0,0,0,7,2,High
2022,11,Thursday,18,KPK,Abbottabad,Urban Road,Poor,Rainy,Daylight,Car/Taxi,1,Wrong Overtaking,1,0,0,1,2,1,Medium
2023,12,Sunday,8,Punjab,Rahim Yar Khan,Provincial Highway,Average,Rainy,Dawn/Dusk,Motorcycle,2,Wrong Overtaking,1,1,0,1,2,2,Medium
2022,7,Wednesday,19,Balochistan,Sibi,Motorway,Average,Clear,Dawn/Dusk,Motorcycle,3,Mobile Phone Use,1,0,0,0,3,0,Medium
2021,3,Wednesday,22,Islamabad,Islamabad,Urban Road,Good,Foggy,Street Light,Motorcycle,2,Over Speeding,0,0,1,0,3,1,High
2020,4,Sunday,14,Sindh,Mirpur Khas,National Highway,Poor,Dusty/Smoggy,Daylight,Truck/Lorry,1,Over Speeding,0,1,0,0,2,0,Medium
2018,2,Thursday,7,Sindh,Hyderabad,Rural Road,Good,Clear,Daylight,Rickshaw,3,Over Speeding,1,0,0,1,2,0,Low
2019,11,Thursday,14,Balochistan,Sibi,Urban Road,Poor,Clear,Daylight,Car/Taxi,4,Wrong Overtaking,0,0,0,1,2,0,Low
2023,11,Saturday,15,Punjab,Sargodha,National Highway,Poor,Rainy,Daylight,Motorcycle,3,Pedestrian Error,0,1,0,1,11,2,High
2022,4,Sunday,18,Punjab,Sialkot,National Highway,Good,Clear,No Light,Motorcycle,2,Road Condition,1,1,0,0,6,2,High
2023,7,Tuesday,22,Balochistan,Quetta,Rural Road,Good,Rainy,Street Light,Bus/Coach,4,Signal Violation,0,0,1,0,3,0,Medium
2021,4,Saturday,2,KPK,Abbottabad,Provincial Highway,Good,Clear,No Light,Motorcycle,2,Pedestrian Error,0,1,1,0,9,0,High
2022,5,Tuesday,15,Punjab,Gujranwala,National Highway,Average,Extreme Heat,Daylight,Motorcycle,1,Pedestrian Error,0,0,0,0,10,3,High
2023,11,Sunday,6,Balochistan,Hub,Urban Road,Good,Clear,Daylight,Motorcycle,2,Over Speeding,0,1,0,1,5,1,Medium
2020,11,Friday,19,Punjab,Gujranwala,Rural Road,Good,Rainy,No Light,Motorcycle,2,Over Speeding,1,0,0,1,6,1,High
2018,7,Wednesday,11,Sindh,Sukkur,Urban Road,Average,Clear,Daylight,Car/Taxi,2,Wrong Overtaking,0,0,0,0,1,0,Low
2022,1,Monday,16,Sindh,Larkana,Rural Road,Good,Dusty/Smoggy,Daylight,Motorcycle,1,Pedestrian Error,0,0,0,1,1,0,Low
2018,10,Thursday,23,Punjab,Sialkot,Urban Road,Good,Clear,Street Light,Truck/Lorry,1,Wrong Overtaking,0,0,1,0,1,2,Medium
2023,9,Wednesday,12,Punjab,Rawalpindi,Motorway,Good,Dusty/Smoggy,Daylight,Car/Taxi,2,Wrong Overtaking,1,0,0,0,2,1,Medium
2019,5,Tuesday,7,Balochistan,Chaman,Provincial Highway,Good,Clear,Daylight,Motorcycle,3,Over Speeding,1,0,0,0,6,1,High
2018,12,Monday,3,Punjab,Rawalpindi,National Highway,Poor,Clear,No Light,Rickshaw,2,Over Speeding,0,0,1,1,2,0,Medium
2019,10,Thursday,16,Punjab,Multan,Rural Road,Under Repair,Dusty/Smoggy,Daylight,Motorcycle,1,Over Speeding,0,0,0,0,4,0,High
2020,9,Wednesday,16,Sindh,Nawabshah,Provincial Highway,Good,Clear,Daylight,Motorcycle,1,Over Speeding,0,0,0,0,4,0,Medium
2023,2,Friday,10,Punjab,Sargodha,Provincial Highway,Poor,Dusty/Smoggy,Daylight,Bus/Coach,3,Wrong Overtaking,0,0,0,1,1,0,Medium