year,month,day_of_week,hour_of_day,province,district,road_type,road_condition,weather_condition,lighting_condition,vehicle_type,vehicles_involved,accident_cause,is_rush_hour,is_weekend,is_night,is_foggy_month,num_injured,num_killed,severity
2023,1,Monday,9,Balochistan,Khuzdar,Urban Road,Average,Rainy,Daylight,Motorcycle,3,Road Condition,1,0,0,1,1,1,Medium
2021,7,Wednesday,7,Punjab,Sheikhupura,National Highway,Good,Clear,Daylight,Car/Taxi,1,Over Speeding,1,0,0,0,2,0,Medium
2023,6,Sunday,7,Sindh,Mirpur Khas,National Highway,Average,Clear,Daylight,Truck/Lorry,1,Driver Fatigue,1,1,0,0,6,2,High
2023,2,Friday,9,Punjab,Gujranwala,National Highway,Average,Clear,Daylight,Bus/Coach,3,Wrong Overtaking,1,0,0,1,5,0,Medium
2022,7,Wednesday,6,KPK,Bannu,National Highway,Average,Foggy,Daylight,Car/Taxi,1,Signal Violation,0,0,0,0,2,1,Medium
2021,7,Tuesday,21,Sindh,Sukkur,Urban Road,Poor,Clear,No Light,Motorcycle,3,Wrong Overtaking,0,0,0,0,0,0,Low
2021,7,Monday,16,Punjab,Faisalabad,Rural Road,Average,Clear,Daylight,Truck/Lorry,1,Signal Violation,0,0,0,0,1,0,Low
2021,11,Friday,0,AJK,Rawalakot,Urban Road,Good,Clear,No Light,Car/Taxi,3,Wrong Overtaking,0,0,1,1,2,0,Low
2019,11,Sunday,16,Punjab,Gujranwala,National Highway,Under Repair,Foggy,Dawn/Dusk,Car/Taxi,1,Over Speeding,0,1,0,1,8,2,High
2020,8,Friday,11,Sindh,Jacobabad,Provincial Highway,Good,Clear,Daylight,Motorcycle,1,Signal Violation,0,0,0,0,8,2,High
2023,5,Friday,9,AJK,Rawalakot,Urban Road,Average,Clear,Daylight,Car/Taxi,2,Pedestrian Error,1,0,0,0,1,1,Low
2018,8,Wednesday,14,KPK,Abbottabad,Provincial Highway,Under Repair,Clear,Street Light,Motorcycle,2,Wrong Overtaking,0,0,0,0,3,0,Medium
2022,6,Tuesday,6,KPK,Dera Ismail Khan,National Highway,Under Repair,Clear,Daylight,Motorcycle,2,Wrong Overtaking,0,0,0,0,9,0,High
2022,10,Sunday,1,Punjab,Sheikhupura,National Highway,Good,Extreme Heat,No Light,Motorcycle,3,Over Speeding,0,1,1,0,7,1,High
2023,11,Wednesday,17,Punjab,Bahawalpur,Urban Road,Good,Clear,Dawn/Dusk,Motorcycle,3,Over Speeding,1,0,0,1,5,1,High
2019,2,Friday,21,Punjab,Gujranwala,National Highway,Under Repair,Rainy,Street Light,Motorcycle,1,Road Condition,0,0,0,1,2,0,Medium
2018,7,Wednesday,10,Gilgit-Baltistan,Skardu,Provincial Highway,Average,Clear,Street Light,Motorcycle,4,Pedestrian Error,0,0,0,0,2,0,Low
2023,4,Sunday,7,AJK,Mirpur,Provincial Highway,Average,Clear,Daylight,Truck/Lorry,1,Signal Violation,1,1,0,0,1,0,Medium
2021,10,Thursday,19,Punjab,Rahim Yar Khan,National Highway,Average,Clear,Dawn/Dusk,Car/Taxi,3,Over Speeding,1,0,0,0,2,2,Medium
2022,2,Saturday,23,Punjab,Multan,Motorway,Average,Rainy,No Light,Motorcycle,2,Over Speeding,0,1,1,1,3,0,High
2018,5,Saturday,10,Punjab,Bahawalpur,Rural Road,Under Repair,Clear,Daylight,Motorcycle,1,Pedestrian Error,0,1,0,0,1,0,Low
2018,6,Monday,10,Punjab,Bahawalpur,National Highway,Under Repair,Clear,Daylight,Truck/Lorry,3,Over Speeding,0,0,0,0,6,0,High
2022,7,Tuesday,13,Punjab,Lahore,National Highway,Good,Clear,Daylight,Truck/Lorry,2,Road Condition,1,0,0,0,1,0,Medium
2023,6,Friday,14,KPK,Peshawar,Provincial Highway,Good,Foggy,Daylight,Motorcycle,1,Driver Fatigue,0,0,0,0,7,2,High
2021,3,Wednesday,7,Balochistan,Gwadar,Provincial Highway,Average,Foggy,Daylight,Motorcycle,2,Over Speeding,1,0,0,0,6,1,High
2023,8,Friday,13,KPK,Mansehra,National Highway,Poor,Foggy,Daylight,Motorcycle,2,Over Speeding,1,0,0,0,8,2,High
2023,1,Monday,18,Sindh,Sukkur,Urban Road,Good,Clear,Dawn/Dusk,Motorcycle,2,Driver Fatigue,1,0,0,1,2,0,Medium
2023,12,Sunday,5,KPK,Peshawar,Provincial Highway,Average,Foggy,No Light,Motorcycle,3,Wrong Overtaking,0,1,1,1,2,2,High
2023,1,Saturday,10,KPK,Swat,Provincial Highway,Good,Clear,Daylight,Motorcycle,1,Wrong Overtaking,0,1,0,1,4,1,Medium
2019,10,Friday,11,Sindh,Nawabshah,National Highway,Under Repair,Clear,Daylight,Motorcycle,3,Over Speeding,0,0,0,0,11,4,High
2023,7,Sunday,21,Punjab,Gujranwala,Provincial Highway,Good,Clear,No Light,Car/Taxi,3,Over Speeding,0,1,0,0,1,0,Medium
2018,3,Saturday,3,Punjab,Lahore,Rural Road,Under Repair,Clear,Street Light,Truck/Lorry,1,Road Condition,0,1,1,0,1,0,Low
2021,1,Friday,9,KPK,Swat,Provincial Highway,Good,Foggy,Daylight,Motorcycle,2,Over Speeding,1,0,0,1,2,1,High
2023,12,Friday,18,Islamabad,Islamabad,Urban Road,Average,Clear,Daylight,Motorcycle,1,Over Speeding,1,0,0,1,4,1,High
2023,2,Sunday,7,Sindh,Nawabshah,National Highway,Good,Foggy,Daylight,Truck/Lorry,2,Mechanical Failure,1,1,0,1,5,0,Medium
2021,9,Friday,13,Balochistan,Dera Bugti,National Highway,Average,Clear,Daylight,Car/Taxi,3,Mechanical Failure,1,0,0,0,2,0,Low
2019,1,Friday,12,Punjab,Sialkot,National Highway,Poor,Clear,Daylight,Other,4,Wrong Overtaking,1,0,0,1,5,1,Medium
2020,10,Tuesday,21,KPK,Mansehra,Urban Road,Average,Clear,No Light,Bus/Coach,1,Over Speeding,0,0,0,0,2,0,Low
2021,12,Tuesday,6,Balochistan,Sibi,Provincial Highway,Good,Clear,Dawn/Dusk,Car/Taxi,2,Over Speeding,0,0,0,1,2,0,Low
2022,7,Saturday,12,Sindh,Thatta,Urban Road,Average,Rainy,Daylight,Car/Taxi,3,Mechanical Failure,1,1,0,0,2,0,Low
2023,4,Sunday,12,Islamabad,Islamabad,Provincial Highway,Poor,Clear,Daylight,Bicycle,2,Road Condition,1,1,0,0,0,0,Low
2021,12,Saturday,18,Sindh,Jacobabad,Urban Road,Good,Dusty/Smoggy,Street Light,Motorcycle,4,Wrong Overtaking,1,1,0,1,1,0,Low
2019,12,Sunday,18,Punjab,Rahim Yar Khan,National Highway,Good,Clear,Dawn/Dusk,Bus/Coach,1,Over Speeding,1,1,0,1,2,0,Medium
2018,6,Tuesday,9,Punjab,Multan,Provincial Highway,Poor,Foggy,Daylight,Bus/Coach,1,Mobile Phone Use,1,0,0,0,1,0,Low
2023,6,Sunday,16,Sindh,Sukkur,Urban Road,Under Repair,Rainy,Daylight,Rickshaw,2,Signal Violation,0,1,0,0,2,0,Low
2022,9,Thursday,17,Balochistan,Khuzdar,Provincial Highway,Under Repair,Rainy,Daylight,Bus/Coach,1,Pedestrian Error,1,0,0,0,3,0,Medium
2019,12,Saturday,8,Punjab,Rawalpindi,Provincial Highway,Average,Foggy,Daylight,Motorcycle,1,Wrong Overtaking,1,1,0,1,9,1,High
2023,3,Wednesday,21,Sindh,Kashmore,Provincial Highway,Poor,Foggy,No Light,Bus/Coach,1,Road Condition,0,0,0,0,0,0,Low
2022,2,Tuesday,19,KPK,Kohat,National Highway,Under Repair,Foggy,Dawn/Dusk,Car/Taxi,2,Mobile Phone Use,1,0,0,1,4,1,Medium
2021,7,Saturday,17,Punjab,Sialkot,Urban Road,Good,Rainy,Street Light,Bicycle,2,Mechanical Failure,1,1,0,0,2,0,Low
2022,2,Tuesday,21,Punjab,Multan,Urban Road,Good,Clear,Street Light,Motorcycle,1,Wrong Overtaking,0,0,0,1,3,1,Medium
2021,12,Monday,22,Punjab,Rahim Yar Khan,Rural Road,Good,Clear,No Light,Motorcycle,3,Wrong Overtaking,0,0,1,1,1,2,Medium
2021,2,Saturday,22,Punjab,Lahore,National Highway,Good,Clear,No Light,Bicycle,2,Weather Condition,0,1,1,1,7,3,High
2018,4,Tuesday,20,Punjab,Sargodha,Rural Road,Good,Clear,No Light,Motorcycle,2,Mobile Phone Use,1,0,0,0,2,0,Medium
2020,8,Friday,13,Punjab,Sargodha,Urban Road,Average,Rainy,Daylight,Motorcycle,2,Over Speeding,1,0,0,0,3,1,High
2022,10,Sunday,11,Punjab,Rahim Yar Khan,Rural Road,Average,Rainy,Daylight,Car/Taxi,2,Wrong Overtaking,0,1,0,0,5,0,Medium
2023,2,Friday,18,Sindh,Karachi,National Highway,Under Repair,Clear,Daylight,Motorcycle,3,Over Speeding,1,0,0,1,7,0,High
2019,5,Wednesday,18,KPK,Abbottabad,Rural Road,Average,Clear,Daylight,Truck/Lorry,2,Road Condition,1,0,0,0,0,0,Low
2022,11,Tuesday,13,KPK,Dera Ismail Khan,Provincial Highway,Good,Foggy,Daylight,Motorcycle,1,Over Speeding,1,0,0,1,5,2,High
2022,4,Tuesday,3,Sindh,Nawabshah,National Highway,Good,Rainy,Street Light,Motorcycle,1,Wrong Overtaking,0,0,1,0,5,1,High
2020,10,Wednesday,18,Islamabad,Islamabad,Rural Road,Poor,Clear,Daylight,Car/Taxi,4,Wrong Overtaking,1,0,0,0,2,0,Low
2019,9,Sunday,17,Balochistan,Gwadar,Rural Road,Under Repair,Foggy,Street Light,Motorcycle,3,Signal Violation,1,1,0,0,2,0,Medium
2020,2,Sunday,7,Islamabad,Islamabad,Urban Road,Average,Dusty/Smoggy,Daylight,Car/Taxi,2,Mechanical Failure,1,1,0,1,2,0,Low
2023,1,Friday,21,Punjab,Gujranwala,Provincial Highway,Average,Rainy,No Light,Car/Taxi,3,Mechanical Failure,0,0,0,1,2,0,Low
2022,4,Friday,13,Balochistan,Sibi,National Highway,Poor,Rainy,Daylight,Motorcycle,2,Over Speeding,1,0,0,0,4,1,High
2018,12,Friday,17,KPK,Dera Ismail Khan,Rural Road,Under Repair,Foggy,Daylight,Car/Taxi,2,Weather Condition,1,0,0,1,2,0,Low
2020,2,Sunday,8,Punjab,Sheikhupura,Urban Road,Good,Clear,Daylight,Rickshaw,1,Mechanical Failure,1,1,0,1,0,0,Low
2023,8,Monday,16,Punjab,Sialkot,Provincial Highway,Under Repair,Foggy,Daylight,Truck/Lorry,1,Signal Violation,0,0,0,0,5,0,Medium
2023,10,Thursday,11,KPK,Peshawar,Provincial Highway,Under Repair,Clear,Daylight,Truck/Lorry,2,Over Speeding,0,0,0,0,2,0,Medium
2023,8,Monday,14,Punjab,Sialkot,Urban Road,Average,Extreme Heat,Daylight,Car/Taxi,3,Pedestrian Error,0,0,0,0,0,0,Low
2019,1,Wednesday,7,Punjab,Faisalabad,Provincial Highway,Good,Clear,Daylight,Truck/Lorry,1,Over Speeding,1,0,0,1,2,0,Medium
2023,12,Saturday,16,Sindh,Jacobabad,National Highway,Good,Extreme Heat,Daylight,Motorcycle,2,Drunk Driving,0,1,0,1,4,2,High
2023,5,Friday,21,KPK,Mardan,Provincial Highway,Good,Clear,No Light,Bus/Coach,1,Over Speeding,0,0,0,0,5,2,High
2021,5,Saturday,20,Islamabad,Islamabad,Urban Road,Poor,Rainy,Street Light,Motorcycle,2,Pedestrian Error,1,1,0,0,5,0,Medium
2018,10,Thursday,19,Sindh,Hyderabad,Rural Road,Good,Clear,Dawn/Dusk,Car/Taxi,1,Over Speeding,1,0,0,0,2,0,Low
2021,10,Saturday,14,KPK,Charsadda,National Highway,Average,Dusty/Smoggy,Daylight,Motorcycle,1,Pedestrian Error,0,1,0,0,5,0,Medium
2019,5,Tuesday,5,Punjab,Bahawalpur,Provincial Highway,Good,Foggy,Dawn/Dusk,Motorcycle,2,Over Speeding,0,0,1,0,2,1,High
2020,6,Thursday,11,KPK,Kohat,National Highway,Poor,Clear,Daylight,Car/Taxi,1,Wrong Overtaking,0,0,0,0,2,0,Low
2020,7,Wednesday,15,Sindh,Nawabshah,Rural Road,Good,Dusty/Smoggy,Daylight,Motorcycle,1,Driver Fatigue,0,0,0,0,4,1,Medium
2023,3,Friday,11,Balochistan,Loralai,Urban Road,Under Repair,Extreme Heat,Daylight,Motorcycle,1,Pedestrian Error,0,0,0,0,0,0,Low
2021,10,Monday,8,Punjab,Sheikhupura,Rural Road,Good,Clear,Daylight,Rickshaw,1,Pedestrian Error,1,0,0,0,2,0,Low
2019,1,Friday,6,Sindh,Jacobabad,National Highway,Good,Clear,Daylight,Motorcycle,2,Mechanical Failure,0,0,0,1,3,0,High
2020,5,Sunday,0,Sindh,Dadu,Provincial Highway,Poor,Clear,Street Light,Motorcycle,2,Over Speeding,0,1,1,0,5,1,High
2019,1,Sunday,23,KPK,Kohat,Rural Road,Average,Clear,Street Light,Motorcycle,1,Over Speeding,0,1,1,1,11,1,High
2021,4,Sunday,20,Islamabad,Islamabad,National Highway,Average,Rainy,Street Light,Van/Pickup,3,Pedestrian Error,1,1,0,0,2,0,Low
2020,3,Friday,18,Punjab,Lahore,Urban Road,Average,Clear,Daylight,Motorcycle,1,Wrong Overtaking,1,0,0,0,1,0,Medium
2018,9,Sunday,11,Sindh,Larkana,Provincial Highway,Average,Clear,No Light,Van/Pickup,2,Wrong Overtaking,0,1,0,0,1,0,Medium
2020,10,Saturday,20,KPK,Nowshera,National Highway,Good,Rainy,No Light,Motorcycle,1,Mechanical Failure,1,1,0,0,11,0,High
2023,2,Tuesday,9,Balochistan,Turbat,Provincial Highway,Good,Clear,Dawn/Dusk,Car/Taxi,2,Drunk Driving,1,0,0,1,2,0,Medium
2022,6,Saturday,20,Sindh,Dadu,Provincial Highway,Average,Foggy,No Light,Truck/Lorry,2,Pedestrian Error,1,1,0,0,5,2,Medium
2018,1,Tuesday,20,Punjab,Faisalabad,Rural Road,Average,Foggy,No Light,Car/Taxi,3,Over Speeding,1,0,0,1,2,0,Medium
2021,2,Sunday,23,Punjab,Lahore,Urban Road,Good,Dusty/Smoggy,Street Light,Car/Taxi,2,Pedestrian Error,0,1,1,1,1,0,Low
2022,1,Saturday,15,Sindh,Mirpur Khas,National Highway,Good,Clear,Daylight,Motorcycle,2,Wrong Overtaking,0,1,0,1,10,1,High
2021,3,Tuesday,18,Punjab,Faisalabad,National Highway,Poor,Foggy,Daylight,Car/Taxi,2,Drunk Driving,1,0,0,0,8,3,High
2018,7,Tuesday,19,Punjab,Sialkot,Rural Road,Good,Clear,No Light,Motorcycle,3,Wrong Overtaking,1,0,0,0,0,0,Low
2020,8,Monday,22,Punjab,Faisalabad,Provincial Highway,Under Repair,Clear,No Light,Motorcycle,1,Signal Violation,0,0,1,0,2,2,High
2021,6,Wednesday,9,KPK,Mansehra,Rural Road,Under Repair,Extreme Heat,Daylight,Motorcycle,3,Driver Fatigue,1,0,0,0,3,0,Medium
2022,10,Tuesday,16,Gilgit-Baltistan,Skardu,Urban Road,Average,Dusty/Smoggy,Daylight,Motorcycle,2,Wrong Overtaking,0,0,0,0,1,0,Medium
2023,6,Tuesday,11,Balochistan,Dera Bugti,Provincial Highway,Good,Clear,Daylight,Bus/Coach,1,Pedestrian Error,0,0,0,0,5,0,Medium
2023,6,Sunday,14,KPK,Mardan,Rural Road,Poor,Dusty/Smoggy,Daylight,Motorcycle,1,Road Condition,0,1,0,0,1,0,Medium
2021,1,Saturday,10,Balochistan,Turbat,National Highway,Good,Clear,Daylight,Car/Taxi,2,Mechanical Failure,0,1,0,1,2,0,Low
2023,2,Friday,16,Punjab,Sialkot,Urban Road,Average,Clear,Daylight,Motorcycle,2,Drunk Driving,0,0,0,1,5,0,Medium
2018,1,Saturday,12,Sindh,Dadu,Motorway,Good,Rainy,Daylight,Rickshaw,2,Driver Fatigue,1,1,0,1,1,1,Medium
2021,2,Saturday,3,Punjab,Multan,Rural Road,Poor,Clear,No Light,Car/Taxi,2,Signal Violation,0,1,1,1,0,0,Low
2020,5,Monday,11,KPK,Dera Ismail Khan,Provincial Highway,Good,Clear,Daylight,Motorcycle,3,Pedestrian Error,0,0,0,0,2,0,Medium
2023,3,Tuesday,14,Islamabad,Islamabad,National Highway,Average,Rainy,Daylight,Motorcycle,1,Wrong Overtaking,0,0,0,0,11,2,High
2023,1,Tuesday,20,Balochistan,Gwadar,National Highway,Good,Clear,Street Light,Car/Taxi,2,Drunk Driving,1,0,0,1,2,1,Medium
2022,6,Sunday,9,Sindh,Hyderabad,National Highway,Good,Rainy,Daylight,Motorcycle,1,Wrong Overtaking,1,1,0,0,10,1,High
2023,4,Saturday,14,KPK,Swat,Motorway,Average,Rainy,Street Light,Motorcycle,2,Over Speeding,0,1,0,0,10,1,High
2019,2,Saturday,17,Islamabad,Islamabad,Urban Road,Poor,Rainy,Daylight,Car/Taxi,3,Drunk Driving,1,1,0,1,3,0,Medium
2019,10,Wednesday,16,Punjab,Rahim Yar Khan,Provincial Highway,Average,Foggy,Daylight,Truck/Lorry,2,Drunk Driving,0,0,0,0,9,2,High
2023,3,Sunday,16,KPK,Nowshera,Provincial Highway,Good,Clear,Daylight,Car/Taxi,1,Signal Violation,0,1,0,0,4,0,Medium
2020,12,Sunday,19,Punjab,Multan,Provincial Highway,Poor,Rainy,Daylight,Motorcycle,3,Over Speeding,1,1,0,1,9,2,High
2022,8,Tuesday,5,Balochistan,Zhob,Provincial Highway,Poor,Extreme Heat,Street Light,Motorcycle,3,Wrong Overtaking,0,0,1,0,9,1,High
2022,7,Saturday,19,Punjab,Gujranwala,Provincial Highway,Good,Rainy,No Light,Motorcycle,4,Signal Violation,1,1,0,0,9,0,High
2023,9,Tuesday,15,Punjab,Sargodha,Urban Road,Good,Clear,Daylight,Bicycle,4,Pedestrian Error,0,0,0,0,1,0,Low
2019,11,Wednesday,12,KPK,Abbottabad,National Highway,Average,Clear,Street Light,Bus/Coach,2,Pedestrian Error,1,0,0,1,0,0,Low
2020,6,Thursday,5,Punjab,Rawalpindi,National Highway,Poor,Rainy,Street Light,Motorcycle,3,Signal Violation,0,0,1,0,4,0,High
2018,9,Monday,10,Punjab,Gujranwala,Rural Road,Average,Extreme Heat,Daylight,Car/Taxi,2,Over Speeding,0,0,0,0,1,0,Medium
2018,5,Sunday,12,Sindh,Larkana,National Highway,Good,Dusty/Smoggy,Daylight,Bus/Coach,1,Over Speeding,1,1,0,0,8,0,High
2021,3,Friday,17,KPK,Kohat,Provincial Highway,Under Repair,Rainy,Daylight,Motorcycle,3,Over Speeding,1,0,0,0,10,2,High
2022,8,Friday,9,Punjab,Lahore,Urban Road,Under Repair,Dusty/Smoggy,Dawn/Dusk,Car/Taxi,1,Road Condition,1,0,0,0,1,0,Low
2019,12,Wednesday,4,Balochistan,Gwadar,National Highway,Good,Clear,No Light,Truck/Lorry,2,Signal Violation,0,0,1,1,2,0,Medium
2022,3,Monday,18,KPK,Mansehra,National Highway,Average,Clear,Daylight,Van/Pickup,1,Signal Violation,1,0,0,0,1,1,Medium
2022,3,Saturday,0,Sindh,Jacobabad,Provincial Highway,Good,Foggy,No Light,Motorcycle,3,Signal Violation,0,1,1,0,9,0,High
2020,10,Friday,16,Sindh,Thatta,National Highway,Poor,Clear,Street Light,Motorcycle,2,Mechanical Failure,0,0,0,0,11,1,High
2023,3,Saturday,11,Punjab,Gujranwala,Provincial Highway,Poor,Rainy,Daylight,Rickshaw,1,Over Speeding,0,1,0,0,4,0,Medium
2021,8,Sunday,12,Punjab,Faisalabad,Motorway,Average,Foggy,Dawn/Dusk,Motorcycle,1,Over Speeding,1,1,0,0,7,0,High
2018,9,Friday,17,Punjab,Faisalabad,Rural Road,Poor,Foggy,Daylight,Motorcycle,2,Over Speeding,1,0,0,0,4,2,High
2018,2,Monday,19,Punjab,Rawalpindi,Provincial Highway,Average,Clear,No Light,Rickshaw,2,Wrong Overtaking,1,0,0,1,0,0,Low
2023,5,Saturday,19,Punjab,Multan,Rural Road,Average,Dusty/Smoggy,Dawn/Dusk,Other,2,Mechanical Failure,1,1,0,0,1,0,Low
2021,4,Sunday,16,Punjab,Sialkot,Urban Road,Good,Foggy,Daylight,Motorcycle,1,Over Speeding,0,1,0,0,6,0,High
2021,11,Tuesday,19,KPK,Kohat,Motorway,Good,Clear,Street Light,Car/Taxi,3,Wrong Overtaking,1,0,0,1,0,0,Low
2022,6,Wednesday,10,Sindh,Mirpur Khas,Urban Road,Average,Foggy,Daylight,Car/Taxi,2,Driver Fatigue,0,0,0,0,4,2,Medium
2023,4,Thursday,18,Balochistan,Sibi,National Highway,Average,Rainy,Daylight,Motorcycle,3,Mechanical Failure,1,0,0,0,10,2,High
2019,12,Wednesday,22,Punjab,Sheikhupura,Urban Road,Poor,Rainy,No Light,Motorcycle,3,Drunk Driving,0,0,1,1,9,1,High
2023,8,Monday,22,Punjab,Rawalpindi,Provincial Highway,Average,Rainy,No Light,Motorcycle,1,Road Condition,0,0,1,0,4,1,High
2023,10,Saturday,18,Sindh,Dadu,Urban Road,Average,Clear,Daylight,Car/Taxi,1,Over Speeding,1,1,0,0,0,0,Low
2022,12,Tuesday,11,Punjab,Lahore,Provincial Highway,Good,Rainy,Daylight,Rickshaw,1,Over Speeding,0,0,0,1,1,1,Medium
2022,7,Thursday,2,KPK,Swat,Provincial Highway,Average,Clear,No Light,Motorcycle,2,Mechanical Failure,0,0,1,0,5,0,Medium
2018,7,Thursday,23,Sindh,Thatta,Urban Road,Good,Clear,No Light,Motorcycle,1,Driver Fatigue,0,0,1,0,2,1,High
2020,10,Saturday,5,Sindh,Dadu,National Highway,Poor,Rainy,Street Light,Motorcycle,1,Mechanical Failure,0,1,1,0,11,0,High
2023,12,Tuesday,15,Punjab,Gujranwala,National Highway,Average,Clear,Daylight,Rickshaw,2,Signal Violation,0,0,0,1,2,0,Low
2020,12,Tuesday,10,Punjab,Faisalabad,Provincial Highway,Poor,Clear,Daylight,Motorcycle,3,Over Speeding,0,0,0,1,11,1,High
2019,6,Friday,16,Sindh,Thatta,National Highway,Good,Clear,Dawn/Dusk,Motorcycle,1,Road Condition,0,0,0,0,1,0,Medium
2023,1,Saturday,18,Punjab,Bahawalpur,National Highway,Poor,Rainy,Daylight,Motorcycle,3,Road Condition,1,1,0,1,4,0,Medium
2021,2,Wednesday,9,Punjab,Sheikhupura,Urban Road,Poor,Foggy,Street Light,Car/Taxi,3,Over Speeding,1,0,0,1,2,0,Medium
2021,2,Wednesday,11,Sindh,Nawabshah,Urban Road,Good,Rainy,Daylight,Car/Taxi,2,Road Condition,0,0,0,1,0,1,Low
2019,11,Thursday,19,Punjab,Sheikhupura,Provincial Highway,Good,Clear,Dawn/Dusk,Truck/Lorry,1,Over Speeding,1,0,0,1,4,0,Medium
2019,12,Monday,6,KPK,Dera Ismail Khan,Provincial Highway,Average,Foggy,Daylight,Rickshaw,3,Road Condition,0,0,0,1,1,1,Medium
2022,3,Thursday,22,Punjab,Rahim Yar Khan,Provincial Highway,Good,Clear,Street Light,Car/Taxi,3,Mechanical Failure,0,0,1,0,1,0,Medium
2020,7,Saturday,8,Punjab,Bahawalpur,National Highway,Poor,Foggy,Daylight,Car/Taxi,2,Driver Fatigue,1,1,0,0,10,0,High
2021,1,Thursday,10,Punjab,Gujranwala,Rural Road,Average,Clear,Daylight,Bus/Coach,1,Road Condition,0,0,0,1,1,1,Low
2020,5,Friday,13,Punjab,Multan,Provincial Highway,Good,Clear,Street Light,Motorcycle,2,Wrong Overtaking,1,0,0,0,4,0,Medium
2021,2,Tuesday,21,Punjab,Sargodha,National Highway,Average,Clear,Street Light,Car/Taxi,2,Signal Violation,0,0,0,1,1,0,Medium
2022,9,Thursday,18,Punjab,Sialkot,Rural Road,Good,Dusty/Smoggy,Street Light,Car/Taxi,3,Pedestrian Error,1,0,0,0,2,0,Low
2020,9,Saturday,16,Punjab,Multan,Provincial Highway,Good,Clear,Daylight,Truck/Lorry,1,Wrong Overtaking,0,1,0,0,3,0,Medium
2022,10,Friday,6,Punjab,Faisalabad,Provincial Highway,Average,Dusty/Smoggy,Daylight,Motorcycle,2,Wrong Overtaking,0,0,0,0,5,0,Medium
2019,5,Saturday,10,KPK,Dera Ismail Khan,Urban Road,Good,Rainy,Daylight,Motorcycle,2,Wrong Overtaking,0,1,0,0,3,2,High
2023,3,Monday,21,Balochistan,Sibi,Provincial Highway,Good,Foggy,Street Light,Motorcycle,1,Driver Fatigue,0,0,0,0,5,3,High
2022,4,Monday,12,Punjab,Multan,Provincial Highway,Good,Rainy,Daylight,Motorcycle,2,Wrong Overtaking,1,0,0,0,2,1,High
2022,3,Sunday,16,Punjab,Rawalpindi,National Highway,Good,Extreme Heat,Dawn/Dusk,Motorcycle,4,Over Speeding,0,1,0,0,2,1,High
2021,7,Monday,9,Sindh,Kashmore,Provincial Highway,Average,Extreme Heat,Daylight,Motorcycle,2,Signal Violation,1,0,0,0,3,2,Medium
2023,2,Tuesday,14,KPK,Mansehra,National Highway,Poor,Clear,Daylight,Motorcycle,2,Mobile Phone Use,0,0,0,1,5,0,Medium
2023,11,Friday,17,Islamabad,Islamabad,Provincial Highway,Average,Foggy,Street Light,Car/Taxi,4,Wrong Overtaking,1,0,0,1,1,0,Medium
2023,1,Friday,2,Punjab,Faisalabad,Urban Road,Good,Rainy,Street Light,Car/Taxi,2,Over Speeding,0,0,1,1,1,0,Medium
2018,12,Sunday,15,Punjab,Bahawalpur,National Highway,Poor,Clear,Daylight,Rickshaw,2,Drunk Driving,0,1,0,1,4,1,High
2018,6,Saturday,7,KPK,Bannu,National Highway,Average,Clear,Daylight,Bus/Coach,1,Mechanical Failure,1,1,0,0,4,2,Medium
2020,2,Wednesday,11,KPK,Swat,Provincial Highway,Good,Clear,Daylight,Bus/Coach,1,Over Speeding,0,0,0,1,2,0,Medium
2020,5,Sunday,18,Punjab,Rahim Yar Khan,Urban Road,Average,Clear,Daylight,Car/Taxi,3,Wrong Overtaking,1,1,0,0,2,0,Low
2023,3,Monday,8,KPK,Nowshera,Urban Road,Good,Rainy,Daylight,Motorcycle,2,Pedestrian Error,1,0,0,0,1,1,Medium
2022,11,Thursday,21,Punjab,Lahore,Rural Road,Poor,Rainy,No Light,Motorcycle,2,Over Speeding,0,0,0,1,5,2,Medium
2020,4,Sunday,20,Punjab,Faisalabad,National Highway,Good,Foggy,No Light,Car/Taxi,3,Drunk Driving,1,1,0,0,5,0,Medium
2023,8,Tuesday,8,Sindh,Larkana,National Highway,Good,Dusty/Smoggy,Street Light,Car/Taxi,3,Road Condition,1,0,0,0,1,0,Low
2019,11,Saturday,14,Punjab,Gujranwala,Rural Road,Good,Clear,Dawn/Dusk,Car/Taxi,1,Driver Fatigue,0,1,0,1,4,1,Medium
2022,1,Saturday,22,KPK,Dera Ismail Khan,National Highway,Poor,Foggy,No Light,Car/Taxi,2,Over Speeding,0,1,1,1,9,1,High
2019,8,Monday,22,KPK,Charsadda,Provincial Highway,Good,Clear,No Light,Motorcycle,1,Over Speeding,0,0,1,0,8,2,High
2020,8,Monday,18,Balochistan,Turbat,Urban Road,Good,Clear,Daylight,Van/Pickup,2,Wrong Overtaking,1,0,0,0,1,0,Low
2018,1,Sunday,9,Punjab,Faisalabad,Rural Road,Average,Extreme Heat,Daylight,Car/Taxi,3,Road Condition,1,1,0,1,2,0,Low
2023,11,Monday,19,Punjab,Rahim Yar Khan,Rural Road,Good,Clear,Dawn/Dusk,Car/Taxi,3,Over Speeding,1,0,0,1,1,0,Medium
2021,11,Saturday,13,Punjab,Gujranwala,Urban Road,Average,Clear,Daylight,Car/Taxi,2,Signal Violation,1,1,0,1,2,1,Low