year,month,day_of_week,hour_of_day,province,district,road_type,road_condition,weather_condition,lighting_condition,vehicle_type,vehicles_involved,accident_cause,is_rush_hour,is_weekend,is_night,is_foggy_month,num_injured,num_killed,severity
2022,6,Sunday,13,Sindh,Hyderabad,Urban Road,Under Repair,Foggy,Daylight,Car/Taxi,2,Wrong Overtaking,1,1,0,0,0,0,Low
2022,1,Wednesday,2,KPK,Abbottabad,Rural Road,Good,Clear,Street Light,Truck/Lorry,3,Over Speeding,0,0,1,1,7,0,High
2022,9,Saturday,19,Punjab,Rahim Yar Khan,Urban Road,Good,Clear,Dawn/Dusk,Car/Taxi,2,Driver Fatigue,1,1,0,0,1,0,Low
2019,1,Friday,1,Sindh,Dadu,National Highway,Good,Foggy,Street Light,Rickshaw,3,Wrong Overtaking,0,0,1,1,8,3,High
2022,8,Wednesday,17,Sindh,Dadu,National Highway,Good,Clear,Daylight,Rickshaw,2,Over Speeding,1,0,0,0,4,2,Medium
2022,7,Sunday,21,Punjab,Sialkot,Urban Road,Good,Clear,No Light,Car/Taxi,2,Wrong Overtaking,0,1,0,0,1,0,Low
2023,1,Sunday,14,Sindh,Dadu,Urban Road,Good,Foggy,Daylight,Rickshaw,3,Over Speeding,0,1,0,1,3,0,Medium
2023,11,Friday,23,Sindh,Thatta,Urban Road,Poor,Clear,Street Light,Car/Taxi,1,Over Speeding,0,0,1,1,2,0,Low
2021,12,Sunday,16,KPK,Abbottabad,Urban Road,Good,Foggy,Daylight,Motorcycle,1,Road Condition,0,1,0,1,2,1,Medium
2019,5,Sunday,5,KPK,Charsadda,Provincial Highway,Poor,Rainy,Dawn/Dusk,Car/Taxi,2,Wrong Overtaking,0,1,1,0,1,1,Medium
2023,4,Tuesday,7,Punjab,Sargodha,Urban Road,Good,Foggy,Daylight,Motorcycle,3,Over Speeding,1,0,0,0,3,2,High
2021,1,Saturday,20,Sindh,Dadu,National Highway,Poor,Foggy,Street Light,Motorcycle,3,Signal Violation,1,1,0,1,11,1,High
2020,1,Sunday,8,KPK,Nowshera,Provincial Highway,Good,Rainy,Daylight,Motorcycle,2,Wrong Overtaking,1,1,0,1,6,1,High
2021,7,Sunday,14,Punjab,Gujranwala,National Highway,Average,Dusty/Smoggy,Daylight,Motorcycle,1,Over Speeding,0,1,0,0,11,0,High
2021,10,Saturday,3,KPK,Kohat,Urban Road,Average,Clear,No Light,Bicycle,3,Wrong Overtaking,0,1,1,0,2,2,Medium
2023,1,Friday,20,Punjab,Multan,National Highway,Poor,Extreme Heat,Street Light,Car/Taxi,2,Signal Violation,1,0,0,1,3,0,Medium
2021,6,Tuesday,7,Sindh,Hyderabad,Rural Road,Average,Foggy,Dawn/Dusk,Truck/Lorry,2,Signal Violation,1,0,0,0,3,2,Medium
2020,11,Monday,17,Islamabad,Islamabad,Provincial Highway,Average,Foggy,Daylight,Car/Taxi,2,Mechanical Failure,1,0,0,1,5,1,Medium
2019,6,Sunday,12,Sindh,Mirpur Khas,Provincial Highway,Average,Clear,Daylight,Car/Taxi,1,Over Speeding,1,1,0,0,2,0,Low
2022,3,Wednesday,3,Sindh,Kashmore,Rural Road,Poor,Clear,No Light,Motorcycle,1,Mechanical Failure,0,0,1,0,4,0,Medium
2019,1,Thursday,11,Punjab,Multan,National Highway,Average,Clear,Daylight,Motorcycle,4,Over Speeding,0,0,0,1,10,2,High
2023,2,Friday,12,Punjab,Lahore,National Highway,Average,Clear,Daylight,Car/Taxi,1,Over Speeding,1,0,0,1,2,0,Medium
2023,3,Tuesday,8,Sindh,Hyderabad,National Highway,Average,Foggy,Daylight,Rickshaw,4,Wrong Overtaking,1,0,0,0,7,2,High
2022,4,Monday,21,Sindh,Hyderabad,National Highway,Poor,Clear,No Light,Motorcycle,3,Driver Fatigue,0,0,0,0,3,2,High
2018,6,Saturday,16,Punjab,Sheikhupura,National Highway,Good,Clear,Daylight,Rickshaw,2,Drunk Driving,0,1,0,0,4,0,Medium
2018,6,Tuesday,7,Islamabad,Islamabad,Provincial Highway,Good,Clear,Daylight,Rickshaw,2,Over Speeding,1,0,0,0,1,0,Medium
2019,8,Saturday,6,Punjab,Faisalabad,Rural Road,Poor,Clear,Daylight,Motorcycle,2,Signal Violation,0,1,0,0,2,1,Medium
2023,12,Thursday,19,Sindh,Kashmore,National Highway,Good,Clear,Dawn/Dusk,Car/Taxi,3,Driver Fatigue,1,0,0,1,3,0,Medium
2022,8,Thursday,18,Sindh,Jacobabad,National Highway,Good,Rainy,Daylight,Car/Taxi,2,Mobile Phone Use,1,0,0,0,1,0,Medium
2022,12,Saturday,19,Sindh,Sukkur,Provincial Highway,Poor,Foggy,Street Light,Car/Taxi,4,Drunk Driving,1,1,0,1,3,2,High
2019,2,Sunday,20,Sindh,Hyderabad,Motorway,Average,Foggy,No Light,Car/Taxi,2,Road Condition,1,1,0,1,0,0,Low
2022,12,Wednesday,14,Punjab,Bahawalpur,Motorway,Average,Clear,Daylight,Motorcycle,2,Road Condition,0,0,0,1,3,0,Medium
2023,12,Monday,0,Balochistan,Turbat,Rural Road,Average,Clear,No Light,Rickshaw,1,Over Speeding,0,0,1,1,5,1,Medium
2020,12,Friday,10,Sindh,Dadu,National Highway,Good,Rainy,Daylight,Van/Pickup,1,Signal Violation,0,0,0,1,5,0,Medium
2020,11,Sunday,19,Sindh,Sukkur,Urban Road,Good,Clear,Dawn/Dusk,Rickshaw,2,Over Speeding,1,1,0,1,2,0,Low
2018,11,Monday,17,Sindh,Dadu,National Highway,Under Repair,Rainy,Daylight,Car/Taxi,2,Over Speeding,1,0,0,1,6,0,High
2020,3,Saturday,10,Punjab,Rawalpindi,Rural Road,Poor,Clear,Daylight,Motorcycle,2,Wrong Overtaking,0,1,0,0,2,0,Medium
2023,1,Saturday,11,KPK,Bannu,Provincial Highway,Good,Clear,Daylight,Rickshaw,3,Driver Fatigue,0,1,0,1,1,0,Low
2019,11,Wednesday,19,Sindh,Nawabshah,Urban Road,Average,Dusty/Smoggy,Daylight,Motorcycle,1,Wrong Overtaking,1,0,0,1,5,2,Medium
2018,11,Saturday,13,Sindh,Hyderabad,Provincial Highway,Poor,Clear,Dawn/Dusk,Car/Taxi,2,Signal Violation,1,1,0,1,1,0,Low
2021,5,Saturday,19,KPK,Peshawar,National Highway,Average,Rainy,Daylight,Car/Taxi,3,Wrong Overtaking,1,1,0,0,4,3,High
2019,6,Wednesday,15,Balochistan,Khuzdar,Urban Road,Good,Clear,Daylight,Bus/Coach,1,Wrong Overtaking,0,0,0,0,2,0,Medium
2023,2,Saturday,19,Punjab,Sargodha,Provincial Highway,Good,Rainy,Daylight,Car/Taxi,2,Driver Fatigue,1,1,0,1,4,3,High
2021,3,Sunday,21,KPK,Dera Ismail Khan,Rural Road,Good,Clear,Street Light,Motorcycle,2,Over Speeding,0,1,0,0,10,0,High
2019,5,Tuesday,4,Punjab,Rawalpindi,National Highway,Good,Foggy,Street Light,Car/Taxi,2,Weather Condition,0,0,1,0,7,2,High
2023,5,Sunday,18,KPK,Abbottabad,National Highway,Poor,Clear,Daylight,Truck/Lorry,2,Over Speeding,1,1,0,0,4,2,High
2022,7,Saturday,18,Punjab,Sargodha,Provincial Highway,Good,Clear,Dawn/Dusk,Motorcycle,3,Over Speeding,1,1,0,0,4,1,Medium
2023,7,Tuesday,19,Punjab,Sargodha,Urban Road,Good,Clear,Dawn/Dusk,Motorcycle,1,Wrong Overtaking,1,0,0,0,2,0,Medium
2023,1,Friday,9,Punjab,Multan,National Highway,Average,Extreme Heat,Daylight,Car/Taxi,2,Mobile Phone Use,1,0,0,1,1,0,Low
2023,2,Monday,19,Punjab,Lahore,National Highway,Good,Clear,Dawn/Dusk,Bus/Coach,1,Mechanical Failure,1,0,0,1,2,0,Medium
2022,2,Tuesday,17,Punjab,Rahim Yar Khan,Provincial Highway,Average,Clear,Daylight,Motorcycle,2,Wrong Overtaking,1,0,0,1,3,0,Medium
2020,11,Wednesday,19,Sindh,Thatta,National Highway,Average,Rainy,Dawn/Dusk,Car/Taxi,1,Over Speeding,1,0,0,1,7,0,High
2022,9,Thursday,8,Punjab,Bahawalpur,Provincial Highway,Good,Clear,Daylight,Motorcycle,2,Mobile Phone Use,1,0,0,0,1,0,Low
2023,6,Friday,18,KPK,Mansehra,Urban Road,Poor,Clear,Street Light,Car/Taxi,2,Over Speeding,1,0,0,0,0,0,Low
2019,7,Thursday,11,Punjab,Lahore,Rural Road,Average,Rainy,Daylight,Van/Pickup,3,Over Speeding,0,0,0,0,1,1,Medium
2022,12,Tuesday,20,Punjab,Rahim Yar Khan,National Highway,Poor,Rainy,No Light,Car/Taxi,2,Signal Violation,1,0,0,1,11,0,High
2021,11,Saturday,21,Punjab,Rawalpindi,National Highway,Average,Foggy,Street Light,Car/Taxi,2,Wrong Overtaking,0,1,0,1,4,1,Medium
2023,6,Friday,9,Punjab,Sialkot,Motorway,Good,Extreme Heat,Daylight,Car/Taxi,1,Drunk Driving,1,0,0,0,5,1,Medium
2023,10,Sunday,22,Punjab,Rahim Yar Khan,Rural Road,Good,Dusty/Smoggy,Street Light,Bus/Coach,4,Over Speeding,0,1,1,0,10,1,High
2023,1,Sunday,11,Gilgit-Baltistan,Skardu,Urban Road,Good,Clear,No Light,Motorcycle,1,Over Speeding,0,1,0,1,2,1,Medium
2021,9,Friday,11,Punjab,Lahore,Urban Road,Poor,Clear,Daylight,Bus/Coach,1,Signal Violation,0,0,0,0,2,0,Low
2019,4,Friday,20,KPK,Nowshera,Rural Road,Poor,Clear,Street Light,Motorcycle,3,Signal Violation,1,0,0,0,2,0,Low
2019,3,Sunday,21,Punjab,Faisalabad,Urban Road,Average,Clear,Street Light,Car/Taxi,3,Over Speeding,0,1,0,0,0,0,Low
2019,12,Wednesday,16,Balochistan,Chaman,Urban Road,Good,Clear,Daylight,Motorcycle,2,Drunk Driving,0,0,0,1,3,1,Medium
2018,7,Monday,19,Punjab,Sialkot,Rural Road,Under Repair,Extreme Heat,Street Light,Bus/Coach,3,Road Condition,1,0,0,0,2,0,Low
2022,5,Friday,22,Balochistan,Quetta,Provincial Highway,Good,Clear,No Light,Motorcycle,2,Wrong Overtaking,0,0,1,0,6,1,High
2018,4,Saturday,12,Punjab,Faisalabad,National Highway,Poor,Extreme Heat,Daylight,Truck/Lorry,4,Over Speeding,1,1,0,0,9,3,High
2018,7,Friday,18,Punjab,Sialkot,National Highway,Average,Clear,Daylight,Motorcycle,2,Over Speeding,1,0,0,0,8,3,High
2023,12,Saturday,16,Sindh,Hyderabad,Rural Road,Poor,Clear,Daylight,Rickshaw,3,Over Speeding,0,1,0,1,1,1,Medium
2023,1,Wednesday,8,Sindh,Larkana,Rural Road,Poor,Rainy,No Light,Motorcycle,1,Driver Fatigue,1,0,0,1,2,1,High
2021,6,Friday,8,Punjab,Sheikhupura,Provincial Highway,Poor,Clear,Street Light,Bicycle,1,Pedestrian Error,1,0,0,0,4,0,Medium
2020,2,Monday,9,Punjab,Rawalpindi,Urban Road,Poor,Extreme Heat,Daylight,Rickshaw,3,Over Speeding,1,0,0,1,0,1,Low
2018,7,Sunday,20,KPK,Kohat,Motorway,Poor,Extreme Heat,No Light,Truck/Lorry,2,Mobile Phone Use,1,1,0,0,0,0,Low
2021,6,Tuesday,9,Punjab,Rawalpindi,Rural Road,Good,Clear,Daylight,Motorcycle,2,Mechanical Failure,1,0,0,0,1,0,Low
2022,12,Thursday,17,Sindh,Thatta,Urban Road,Average,Extreme Heat,Daylight,Motorcycle,1,Wrong Overtaking,1,0,0,1,3,1,Medium
2023,4,Friday,13,Sindh,Kashmore,Provincial Highway,Good,Clear,Dawn/Dusk,Van/Pickup,2,Signal Violation,1,0,0,0,1,0,Low
2022,7,Tuesday,20,KPK,Kohat,Urban Road,Average,Clear,No Light,Car/Taxi,2,Mechanical Failure,1,0,0,0,2,0,Low
2022,11,Saturday,20,Punjab,Rahim Yar Khan,Motorway,Average,Clear,Street Light,Bus/Coach,1,Road Condition,1,1,0,1,3,0,Medium
2023,4,Sunday,12,Sindh,Nawabshah,Provincial Highway,Good,Clear,Daylight,Truck/Lorry,2,Over Speeding,1,1,0,0,5,1,Medium
2023,3,Saturday,18,Punjab,Sialkot,National Highway,Good,Clear,Daylight,Motorcycle,4,Wrong Overtaking,1,1,0,0,5,2,High
2022,10,Wednesday,16,Punjab,Multan,Motorway,Good,Foggy,Daylight,Car/Taxi,2,Driver Fatigue,0,0,0,0,1,2,Medium
2022,7,Monday,9,Sindh,Kashmore,Provincial Highway,Poor,Clear,Daylight,Other,1,Over Speeding,1,0,0,0,4,0,Medium
2019,4,Monday,18,Balochistan,Gwadar,Provincial Highway,Good,Clear,Daylight,Motorcycle,1,Driver Fatigue,1,0,0,0,4,0,Medium
2020,9,Tuesday,11,Punjab,Rahim Yar Khan,Provincial Highway,Average,Clear,Daylight,Motorcycle,2,Over Speeding,0,0,0,0,1,0,Medium
2023,12,Saturday,22,Punjab,Lahore,Provincial Highway,Good,Foggy,Street Light,Motorcycle,3,Over Speeding,0,1,1,1,11,2,High
2022,1,Sunday,12,KPK,Mansehra,National Highway,Under Repair,Clear,Daylight,Bus/Coach,1,Wrong Overtaking,1,1,0,1,5,1,Medium
2022,3,Wednesday,13,Punjab,Multan,Provincial Highway,Good,Foggy,Daylight,Motorcycle,2,Signal Violation,1,0,0,0,9,2,High
2023,1,Monday,18,Sindh,Nawabshah,Urban Road,Average,Dusty/Smoggy,Daylight,Rickshaw,1,Over Speeding,1,0,0,1,1,0,Low
2019,1,Thursday,22,Gilgit-Baltistan,Gilgit,Provincial Highway,Poor,Foggy,Street Light,Rickshaw,2,Wrong Overtaking,0,0,1,1,4,0,Medium
2021,4,Monday,16,AJK,Muzaffarabad,Urban Road,Good,Foggy,Street Light,Motorcycle,1,Over Speeding,0,0,0,0,3,1,High
2023,5,Thursday,4,Punjab,Lahore,Urban Road,Good,Clear,Street Light,Car/Taxi,2,Signal Violation,0,0,1,0,1,0,Medium
2022,2,Wednesday,17,Sindh,Mirpur Khas,Urban Road,Average,Clear,Dawn/Dusk,Motorcycle,2,Driver Fatigue,1,0,0,1,5,0,Medium
2022,1,Friday,20,Balochistan,Loralai,Rural Road,Poor,Rainy,Street Light,Motorcycle,2,Drunk Driving,1,0,0,1,7,3,High
2023,11,Tuesday,16,Punjab,Lahore,Urban Road,Average,Foggy,Daylight,Motorcycle,2,Over Speeding,0,0,0,1,11,2,High
2022,5,Saturday,17,Sindh,Nawabshah,Provincial Highway,Average,Clear,Daylight,Motorcycle,1,Over Speeding,1,1,0,0,4,0,Medium
2023,12,Tuesday,16,Punjab,Lahore,National Highway,Poor,Clear,Daylight,Motorcycle,2,Driver Fatigue,0,0,0,1,5,3,High
2020,3,Friday,11,Punjab,Sialkot,Provincial Highway,Average,Foggy,Daylight,Rickshaw,3,Signal Violation,0,0,0,0,1,0,Low
2021,7,Friday,21,Gilgit-Baltistan,Hunza,Provincial Highway,Good,Foggy,No Light,Motorcycle,1,Road Condition,0,0,0,0,5,1,High
2022,5,Monday,22,KPK,Kohat,National Highway,Average,Rainy,Street Light,Car/Taxi,3,Wrong Overtaking,0,0,1,0,6,2,High
2018,12,Sunday,17,Punjab,Faisalabad,Provincial Highway,Good,Clear,Daylight,Car/Taxi,1,Over Speeding,1,1,0,1,0,0,Low
2022,1,Saturday,15,KPK,Mardan,Provincial Highway,Poor,Clear,Street Light,Rickshaw,2,Pedestrian Error,0,1,0,1,0,0,Low
2019,7,Wednesday,13,Sindh,Nawabshah,National Highway,Average,Clear,Daylight,Motorcycle,3,Pedestrian Error,1,0,0,0,6,1,High
2022,6,Saturday,20,Balochistan,Zhob,Rural Road,Good,Clear,No Light,Truck/Lorry,2,Signal Violation,1,1,0,0,1,0,Low
2021,7,Wednesday,3,Punjab,Lahore,National Highway,Good,Clear,Street Light,Motorcycle,4,Road Condition,0,0,1,0,4,0,Medium
2022,3,Tuesday,13,Punjab,Rahim Yar Khan,Rural Road,Good,Clear,Daylight,Motorcycle,4,Wrong Overtaking,1,0,0,0,4,1,Medium
2023,7,Wednesday,18,Punjab,Sheikhupura,National Highway,Poor,Clear,Daylight,Motorcycle,2,Over Speeding,1,0,0,0,7,1,High
2023,1,Thursday,2,Sindh,Jacobabad,Urban Road,Under Repair,Foggy,No Light,Motorcycle,2,Over Speeding,0,0,1,1,11,0,High
2021,4,Friday,13,Punjab,Bahawalpur,National Highway,Average,Rainy,Daylight,Motorcycle,1,Mechanical Failure,1,0,0,0,8,0,High
2023,7,Wednesday,6,Punjab,Rahim Yar Khan,Urban Road,Average,Clear,Daylight,Motorcycle,2,Signal Violation,0,0,0,0,1,0,Low
2020,6,Friday,18,Gilgit-Baltistan,Skardu,Urban Road,Average,Clear,Dawn/Dusk,Van/Pickup,1,Over Speeding,1,0,0,0,1,0,Low
2018,5,Sunday,6,Balochistan,Zhob,Provincial Highway,Poor,Rainy,Daylight,Motorcycle,1,Mobile Phone Use,0,1,0,0,11,0,High
2018,8,Friday,10,Sindh,Dadu,Rural Road,Good,Foggy,Daylight,Truck/Lorry,3,Driver Fatigue,0,0,0,0,3,0,Medium
2019,10,Thursday,10,Balochistan,Quetta,Provincial Highway,Average,Rainy,Dawn/Dusk,Motorcycle,3,Mechanical Failure,0,0,0,0,5,2,High
2022,11,Tuesday,22,Islamabad,Islamabad,National Highway,Good,Clear,No Light,Car/Taxi,1,Over Speeding,0,0,1,1,2,0,Medium
2020,12,Saturday,21,KPK,Kohat,National Highway,Good,Rainy,No Light,Motorcycle,3,Driver Fatigue,0,1,0,1,8,1,High
2022,11,Saturday,2,Sindh,Thatta,Provincial Highway,Poor,Foggy,Street Light,Rickshaw,2,Pedestrian Error,0,1,1,1,2,0,Medium
2021,5,Sunday,3,Balochistan,Gwadar,Provincial Highway,Good,Foggy,No Light,Motorcycle,1,Signal Violation,0,1,1,0,7,0,High
2021,1,Saturday,20,Sindh,Karachi,National Highway,Average,Clear,Street Light,Bus/Coach,1,Over Speeding,1,1,0,1,6,1,High
2022,6,Tuesday,6,Punjab,Sargodha,Rural Road,Under Repair,Rainy,Daylight,Van/Pickup,2,Mechanical Failure,0,0,0,0,1,0,Low
2021,6,Saturday,18,Punjab,Lahore,Rural Road,Average,Clear,Daylight,Truck/Lorry,2,Over Speeding,1,1,0,0,2,1,Medium
2018,8,Wednesday,12,Sindh,Jacobabad,Urban Road,Good,Clear,Daylight,Truck/Lorry,3,Over Speeding,1,0,0,0,2,1,Medium
2018,9,Monday,6,Islamabad,Islamabad,Provincial Highway,Good,Clear,Daylight,Van/Pickup,2,Signal Violation,0,0,0,0,5,0,Medium
2020,1,Wednesday,19,Sindh,Kashmore,Urban Road,Poor,Clear,No Light,Motorcycle,2,Over Speeding,1,0,0,1,2,0,High
2023,6,Tuesday,12,Balochistan,Loralai,National Highway,Good,Foggy,Daylight,Rickshaw,3,Road Condition,1,0,0,0,4,0,Medium
2018,10,Saturday,20,KPK,Nowshera,Provincial Highway,Good,Dusty/Smoggy,No Light,Motorcycle,2,Over Speeding,1,1,0,0,2,0,Medium
2022,12,Monday,19,Punjab,Gujranwala,National Highway,Good,Clear,No Light,Motorcycle,4,Signal Violation,1,0,0,1,5,1,High
2021,3,Monday,7,KPK,Swat,National Highway,Good,Clear,Dawn/Dusk,Motorcycle,2,Driver Fatigue,1,0,0,0,8,2,High
2021,7,Saturday,23,Punjab,Multan,Urban Road,Under Repair,Dusty/Smoggy,Street Light,Car/Taxi,3,Road Condition,0,1,1,0,0,0,Low
2021,10,Friday,7,Punjab,Lahore,Provincial Highway,Poor,Clear,Daylight,Bus/Coach,2,Mechanical Failure,1,0,0,0,1,0,Low
2023,8,Monday,6,KPK,Mardan,Rural Road,Average,Clear,Street Light,Bicycle,2,Over Speeding,0,0,0,0,5,1,Medium
2019,12,Sunday,6,Sindh,Jacobabad,Rural Road,Poor,Foggy,Daylight,Motorcycle,2,Over Speeding,0,1,0,1,3,0,High
2023,4,Wednesday,8,KPK,Charsadda,National Highway,Poor,Clear,Daylight,Motorcycle,2,Over Speeding,1,0,0,0,8,1,High
2020,7,Friday,11,Punjab,Bahawalpur,National Highway,Good,Foggy,Daylight,Motorcycle,2,Wrong Overtaking,0,0,0,0,10,1,High
2021,5,Monday,12,KPK,Bannu,Rural Road,Average,Rainy,Daylight,Car/Taxi,2,Wrong Overtaking,1,0,0,0,1,1,Medium
2020,9,Wednesday,8,Punjab,Sargodha,Provincial Highway,Good,Clear,Daylight,Motorcycle,2,Driver Fatigue,1,0,0,0,4,1,High
2023,12,Thursday,18,Sindh,Karachi,National Highway,Poor,Dusty/Smoggy,Daylight,Truck/Lorry,1,Mechanical Failure,1,0,0,1,4,0,Medium
2018,2,Thursday,20,Sindh,Thatta,Rural Road,Good,Clear,No Light,Motorcycle,2,Wrong Overtaking,1,0,0,1,2,0,Medium
2021,1,Thursday,9,Sindh,Jacobabad,Rural Road,Good,Dusty/Smoggy,Daylight,Car/Taxi,3,Wrong Overtaking,1,0,0,1,2,0,Low
2019,5,Sunday,16,Punjab,Faisalabad,Provincial Highway,Under Repair,Foggy,Daylight,Bus/Coach,2,Drunk Driving,0,1,0,0,1,0,Medium
2022,3,Sunday,17,Punjab,Sialkot,Rural Road,Average,Foggy,Dawn/Dusk,Car/Taxi,1,Drunk Driving,1,1,0,0,3,0,Medium
2021,12,Sunday,16,KPK,Abbottabad,Urban Road,Average,Foggy,Daylight,Car/Taxi,3,Wrong Overtaking,0,1,0,1,0,0,Low
2021,8,Saturday,7,Sindh,Mirpur Khas,Provincial Highway,Average,Dusty/Smoggy,Daylight,Truck/Lorry,2,Signal Violation,1,1,0,0,0,0,Low
2022,1,Monday,10,Sindh,Nawabshah,Provincial Highway,Average,Extreme Heat,Daylight,Rickshaw,4,Over Speeding,0,0,0,1,4,1,Medium
2021,7,Wednesday,14,Sindh,Nawabshah,Provincial Highway,Average,Foggy,Dawn/Dusk,Bus/Coach,2,Drunk Driving,0,0,0,0,11,1,High
2021,8,Sunday,5,Islamabad,Islamabad,National Highway,Poor,Rainy,No Light,Motorcycle,3,Wrong Overtaking,0,1,1,0,4,2,High
2020,11,Wednesday,7,Islamabad,Islamabad,National Highway,Under Repair,Rainy,Street Light,Car/Taxi,2,Drunk Driving,1,0,0,1,6,0,High
2023,6,Thursday,7,Punjab,Bahawalpur,Provincial Highway,Average,Clear,Daylight,Motorcycle,2,Over Speeding,1,0,0,0,3,3,High
2021,12,Wednesday,14,Punjab,Bahawalpur,National Highway,Good,Foggy,Street Light,Motorcycle,3,Over Speeding,0,0,0,1,3,1,High
2020,5,Saturday,6,Sindh,Dadu,National Highway,Average,Foggy,Dawn/Dusk,Motorcycle,1,Drunk Driving,0,1,0,0,9,1,High
2019,4,Tuesday,13,Punjab,Lahore,National Highway,Poor,Clear,Dawn/Dusk,Motorcycle,2,Over Speeding,1,0,0,0,7,1,High
2022,1,Saturday,17,Punjab,Multan,Rural Road,Average,Dusty/Smoggy,Street Light,Motorcycle,2,Road Condition,1,1,0,1,1,0,Low
2018,8,Monday,18,Punjab,Rahim Yar Khan,Rural Road,Average,Extreme Heat,Daylight,Car/Taxi,3,Over Speeding,1,0,0,0,1,0,Medium
2022,4,Friday,16,Punjab,Lahore,Rural Road,Good,Clear,Daylight,Bicycle,2,Over Speeding,0,0,0,0,4,2,High
2021,1,Saturday,17,Sindh,Nawabshah,Rural Road,Poor,Foggy,Dawn/Dusk,Car/Taxi,2,Signal Violation,1,1,0,1,1,0,Low
2018,4,Saturday,8,Punjab,Rawalpindi,National Highway,Poor,Clear,Daylight,Bus/Coach,1,Wrong Overtaking,1,1,0,0,4,1,Medium
2020,9,Friday,12,Punjab,Gujranwala,Urban Road,Good,Rainy,Daylight,Motorcycle,3,Over Speeding,1,0,0,0,1,1,Medium
2020,8,Sunday,13,Balochistan,Dera Bugti,Provincial Highway,Average,Foggy,Daylight,Motorcycle,2,Signal Violation,1,1,0,0,3,1,High
2019,9,Sunday,13,Balochistan,Sibi,National Highway,Poor,Rainy,Daylight,Truck/Lorry,2,Over Speeding,1,1,0,0,10,3,High
2023,7,Wednesday,7,Balochistan,Khuzdar,Rural Road,Average,Clear,Daylight,Bus/Coach,3,Pedestrian Error,1,0,0,0,0,0,Low
2021,3,Friday,7,Punjab,Faisalabad,Urban Road,Under Repair,Clear,Dawn/Dusk,Motorcycle,2,Drunk Driving,1,0,0,0,10,4,High
2022,1,Friday,17,Punjab,Bahawalpur,Urban Road,Average,Clear,Daylight,Motorcycle,2,Signal Violation,1,0,0,1,2,0,Low
2023,9,Monday,16,Punjab,Sargodha,Urban Road,Under Repair,Clear,Dawn/Dusk,Car/Taxi,1,Mechanical Failure,0,0,0,0,0,0,Low
2021,11,Sunday,10,Punjab,Lahore,National Highway,Average,Dusty/Smoggy,Daylight,Motorcycle,2,Over Speeding,0,1,0,1,7,0,High
2020,9,Thursday,13,Punjab,Sheikhupura,Provincial Highway,Poor,Clear,Daylight,Rickshaw,2,Over Speeding,1,0,0,0,2,1,Medium
2020,3,Tuesday,22,Balochistan,Dera Bugti,Provincial Highway,Poor,Extreme Heat,Street Light,Motorcycle,1,Over Speeding,0,0,1,0,2,2,High
2022,12,Saturday,21,AJK,Mirpur,Urban Road,Poor,Rainy,No Light,Motorcycle,1,Mechanical Failure,0,1,0,1,3,0,Medium
2023,12,Saturday,19,KPK,Swat,Urban Road,Good,Clear,Street Light,Motorcycle,1,Mobile Phone Use,1,1,0,1,4,1,Medium
2023,4,Wednesday,6,KPK,Mansehra,National Highway,Under Repair,Extreme Heat,Daylight,Motorcycle,2,Over Speeding,0,0,0,0,11,2,High
2018,12,Wednesday,7,Sindh,Jacobabad,Provincial Highway,Poor,Clear,Daylight,Motorcycle,3,Signal Violation,1,0,0,1,5,1,Medium
2023,7,Wednesday,17,KPK,Charsadda,Provincial Highway,Good,Clear,Daylight,Truck/Lorry,2,Drunk Driving,1,0,0,0,2,0,Medium
2021,11,Thursday,17,Islamabad,Islamabad,Provincial Highway,Poor,Foggy,Daylight,Car/Taxi,2,Pedestrian Error,1,0,0,1,0,1,Low
2019,5,Friday,11,Sindh,Larkana,Provincial Highway,Good,Clear,Daylight,Bus/Coach,1,Wrong Overtaking,0,0,0,0,4,1,Medium
2021,2,Monday,19,Punjab,Sheikhupura,National Highway,Good,Clear,Dawn/Dusk,Rickshaw,2,Driver Fatigue,1,0,0,1,4,1,Medium
2020,10,Wednesday,7,Punjab,Rahim Yar Khan,Provincial Highway,Good,Rainy,Daylight,Car/Taxi,1,Wrong Overtaking,1,0,0,0,5,0,Medium
2019,12,Wednesday,4,Sindh,Karachi,National Highway,Average,Rainy,No Light,Bus/Coach,2,Driver Fatigue,0,0,1,1,3,2,High
2018,7,Monday,11,Punjab,Bahawalpur,National Highway,Average,Rainy,Dawn/Dusk,Rickshaw,2,Mobile Phone Use,0,0,0,0,1,0,Medium
2022,8,Wednesday,21,Balochistan,Sibi,National Highway,Average,Foggy,Street Light,Van/Pickup,3,Mobile Phone Use,0,0,0,0,4,0,Medium
2018,1,Monday,8,Sindh,Larkana,Rural Road,Good,Foggy,Daylight,Motorcycle,1,Driver Fatigue,1,0,0,1,10,2,High
2022,3,Sunday,2,KPK,Kohat,National Highway,Average,Clear,No Light,Rickshaw,2,Mobile Phone Use,0,1,1,0,2,1,Medium
2022,4,Wednesday,20,Punjab,Faisalabad,Rural Road,Good,Foggy,Street Light,Motorcycle,4,Road Condition,1,0,0,0,1,0,Medium
2020,11,Wednesday,8,Sindh,Mirpur Khas,Urban Road,Average,Clear,Daylight,Car/Taxi,4,Signal Violation,1,0,0,1,1,0,Low
2021,8,Monday,22,Sindh,Sukkur,Rural Road,Poor,Clear,No Light,Van/Pickup,2,Wrong Overtaking,0,0,1,0,4,0,Medium
2020,11,Tuesday,19,KPK,Bannu,Urban Road,Poor,Clear,Dawn/Dusk,Car/Taxi,2,Driver Fatigue,1,0,0,1,1,0,Low