year,month,day_of_week,hour_of_day,province,district,road_type,road_condition,weather_condition,lighting_condition,vehicle_type,vehicles_involved,accident_cause,is_rush_hour,is_weekend,is_night,is_foggy_month,num_injured,num_killed,severity
2021,10,Saturday,8,Punjab,Gujranwala,National Highway,Poor,Dusty/Smoggy,Daylight,Motorcycle,2,Driver Fatigue,1,1,0,0,3,3,High
2022,10,Friday,7,AJK,Muzaffarabad,Provincial Highway,Poor,Clear,Daylight,Motorcycle,2,Over Speeding,1,0,0,0,9,1,High
2020,1,Tuesday,12,KPK,Nowshera,Rural Road,Good,Clear,Daylight,Motorcycle,2,Signal Violation,1,0,0,1,2,1,Low
2020,12,Saturday,12,Sindh,Dadu,Rural Road,Good,Dusty/Smoggy,Dawn/Dusk,Motorcycle,1,Over Speeding,1,1,0,1,3,0,Medium
2023,5,Tuesday,23,Balochistan,Hub,Rural Road,Good,Rainy,Street Light,Motorcycle,3,Over Speeding,0,0,1,0,8,1,High
2018,2,Saturday,13,Gilgit-Baltistan,Skardu,Urban Road,Good,Foggy,Daylight,Rickshaw,2,Over Speeding,1,1,0,1,4,0,Medium
2021,1,Thursday,16,Punjab,Sheikhupura,National Highway,Good,Dusty/Smoggy,Daylight,Motorcycle,2,Over Speeding,0,0,0,1,4,2,High
2021,5,Friday,19,KPK,Nowshera,Rural Road,Average,Clear,Dawn/Dusk,Motorcycle,1,Mobile Phone Use,1,0,0,0,1,0,Low
2023,4,Sunday,18,Punjab,Sialkot,Motorway,Average,Dusty/Smoggy,No Light,Van/Pickup,3,Road Condition,1,1,0,0,4,0,Medium
2022,10,Wednesday,13,Sindh,Kashmore,National Highway,Average,Clear,Daylight,Van/Pickup,1,Wrong Overtaking,1,0,0,0,2,2,Medium
2021,9,Friday,7,Punjab,Sialkot,Provincial Highway,Good,Clear,Daylight,Motorcycle,2,Driver Fatigue,1,0,0,0,1,1,Medium
2019,4,Wednesday,1,Sindh,Larkana,National Highway,Good,Clear,Street Light,Car/Taxi,1,Signal Violation,0,0,1,0,2,0,Medium
2020,7,Thursday,19,Sindh,Kashmore,Motorway,Average,Rainy,Street Light,Rickshaw,3,Over Speeding,1,0,0,0,4,1,High
2022,6,Thursday,23,Sindh,Dadu,National Highway,Under Repair,Foggy,Street Light,Bicycle,3,Over Speeding,0,0,1,0,4,2,High
2022,12,Thursday,19,KPK,Bannu,Urban Road,Good,Clear,Street Light,Truck/Lorry,2,Signal Violation,1,0,0,1,0,0,Low
2021,6,Monday,5,Sindh,Sukkur,Rural Road,Good,Clear,Dawn/Dusk,Rickshaw,2,Over Speeding,0,0,1,0,5,2,Medium
2022,2,Thursday,10,Punjab,Multan,National Highway,Poor,Foggy,Daylight,Motorcycle,2,Wrong Overtaking,0,0,0,1,8,4,High
2019,5,Tuesday,17,KPK,Peshawar,Provincial Highway,Poor,Rainy,Daylight,Rickshaw,2,Wrong Overtaking,1,0,0,0,1,0,Low
2023,12,Friday,8,Sindh,Dadu,National Highway,Good,Clear,Daylight,Motorcycle,2,Wrong Overtaking,1,0,0,1,9,3,High
2022,12,Sunday,9,Sindh,Nawabshah,Rural Road,Poor,Clear,Daylight,Car/Taxi,2,Road Condition,1,1,0,1,0,0,Low
2023,7,Tuesday,22,AJK,Rawalakot,National Highway,Average,Foggy,No Light,Bus/Coach,1,Over Speeding,0,0,1,0,3,0,High
2019,1,Thursday,18,Punjab,Rawalpindi,Provincial Highway,Average,Clear,Daylight,Car/Taxi,2,Pedestrian Error,1,0,0,1,2,0,Low
2018,9,Thursday,17,Sindh,Hyderabad,Urban Road,Average,Clear,Dawn/Dusk,Motorcycle,4,Driver Fatigue,1,0,0,0,2,0,Medium
2022,4,Tuesday,19,KPK,Charsadda,Rural Road,Average,Clear,Dawn/Dusk,Motorcycle,4,Road Condition,1,0,0,0,1,0,Low
2021,5,Tuesday,1,Punjab,Sialkot,Provincial Highway,Under Repair,Clear,No Light,Motorcycle,2,Over Speeding,0,0,1,0,6,1,High
2023,1,Sunday,7,Punjab,Rawalpindi,National Highway,Average,Rainy,Daylight,Motorcycle,3,Mechanical Failure,1,1,0,1,9,1,High
2023,1,Monday,7,KPK,Abbottabad,Urban Road,Under Repair,Rainy,Dawn/Dusk,Car/Taxi,4,Wrong Overtaking,1,0,0,1,2,0,Low
2023,7,Saturday,10,Punjab,Bahawalpur,Rural Road,Average,Clear,Daylight,Motorcycle,1,Road Condition,0,1,0,0,4,1,Medium
2020,4,Sunday,10,Sindh,Karachi,Urban Road,Good,Clear,Daylight,Motorcycle,2,Over Speeding,0,1,0,0,11,0,High
2021,6,Thursday,15,Sindh,Sukkur,Provincial Highway,Good,Clear,Daylight,Motorcycle,1,Wrong Overtaking,0,0,0,0,2,1,Medium
2022,2,Saturday,20,KPK,Kohat,National Highway,Average,Foggy,Street Light,Bus/Coach,3,Drunk Driving,1,1,0,1,3,0,High
2023,6,Thursday,14,KPK,Kohat,Provincial Highway,Poor,Dusty/Smoggy,Daylight,Car/Taxi,1,Over Speeding,0,0,0,0,5,0,Medium
2018,7,Sunday,19,Balochistan,Chaman,National Highway,Good,Foggy,Street Light,Car/Taxi,1,Driver Fatigue,1,1,0,0,6,2,High
2023,2,Saturday,15,Punjab,Sialkot,Urban Road,Good,Rainy,Daylight,Motorcycle,2,Mechanical Failure,0,1,0,1,5,2,Medium
2021,5,Saturday,4,KPK,Abbottabad,National Highway,Good,Clear,No Light,Car/Taxi,2,Over Speeding,0,1,1,0,3,0,High
2023,3,Thursday,11,KPK,Swat,National Highway,Average,Clear,Dawn/Dusk,Bus/Coach,3,Over Speeding,0,0,0,0,4,1,High
2019,2,Sunday,14,Punjab,Multan,Urban Road,Good,Clear,Street Light,Truck/Lorry,1,Wrong Overtaking,0,1,0,1,0,0,Low
2023,6,Wednesday,21,Islamabad,Islamabad,Urban Road,Under Repair,Extreme Heat,No Light,Bus/Coach,1,Road Condition,0,0,0,0,1,0,Low
2020,8,Tuesday,17,Balochistan,Zhob,Provincial Highway,Poor,Rainy,Daylight,Rickshaw,1,Wrong Overtaking,1,0,0,0,2,0,Low
2019,2,Tuesday,17,Punjab,Sheikhupura,National Highway,Poor,Rainy,Daylight,Bus/Coach,2,Mobile Phone Use,1,0,0,1,2,2,High
2020,1,Monday,20,KPK,Charsadda,National Highway,Average,Clear,Street Light,Car/Taxi,4,Road Condition,1,0,0,1,0,0,Low
2018,11,Friday,19,KPK,Nowshera,National Highway,Poor,Clear,No Light,Motorcycle,2,Wrong Overtaking,1,0,0,1,8,1,High
2021,12,Friday,15,Sindh,Dadu,National Highway,Poor,Clear,Daylight,Motorcycle,1,Road Condition,0,0,0,1,3,4,High
2020,2,Tuesday,22,Balochistan,Sibi,National Highway,Average,Dusty/Smoggy,No Light,Other,2,Wrong Overtaking,0,0,1,1,4,2,Medium
2019,6,Friday,3,KPK,Mansehra,National Highway,Poor,Clear,Street Light,Car/Taxi,2,Mechanical Failure,0,0,1,0,1,1,Medium
2021,1,Wednesday,16,Sindh,Dadu,National Highway,Poor,Extreme Heat,Daylight,Truck/Lorry,1,Signal Violation,0,0,0,1,11,2,High
2023,5,Thursday,11,Punjab,Bahawalpur,National Highway,Average,Rainy,Daylight,Bus/Coach,1,Over Speeding,0,0,0,0,6,0,High
2020,3,Monday,21,Punjab,Rahim Yar Khan,National Highway,Poor,Clear,No Light,Rickshaw,3,Wrong Overtaking,0,0,0,0,1,0,Low
2022,1,Saturday,21,Sindh,Sukkur,Provincial Highway,Average,Foggy,Street Light,Motorcycle,2,Signal Violation,0,1,0,1,6,1,High
2022,2,Wednesday,6,KPK,Mansehra,Provincial Highway,Average,Clear,Daylight,Motorcycle,4,Over Speeding,0,0,0,1,1,0,Medium
2018,2,Saturday,12,Sindh,Larkana,Motorway,Average,Foggy,Daylight,Motorcycle,2,Over Speeding,1,1,0,1,10,0,High
2018,12,Thursday,20,Punjab,Rawalpindi,National Highway,Average,Clear,No Light,Motorcycle,3,Driver Fatigue,1,0,0,1,2,2,High
2022,7,Saturday,8,Punjab,Rahim Yar Khan,Urban Road,Good,Clear,Daylight,Motorcycle,2,Mobile Phone Use,1,1,0,0,1,0,Low
2019,10,Monday,13,Sindh,Mirpur Khas,National Highway,Poor,Clear,Street Light,Motorcycle,1,Road Condition,1,0,0,0,4,2,Medium
2020,7,Thursday,17,KPK,Charsadda,Urban Road,Good,Clear,Daylight,Motorcycle,3,Over Speeding,1,0,0,0,5,1,Medium
2022,12,Friday,16,KPK,Nowshera,Provincial Highway,Good,Clear,Daylight,Motorcycle,3,Mechanical Failure,0,0,0,1,1,0,Low
2021,8,Sunday,18,Sindh,Kashmore,Urban Road,Good,Foggy,Daylight,Rickshaw,1,Pedestrian Error,1,1,0,0,0,0,Low
2019,12,Monday,22,Punjab,Sargodha,Rural Road,Good,Clear,Street Light,Motorcycle,1,Driver Fatigue,0,0,1,1,5,1,High
2018,5,Saturday,8,Punjab,Rahim Yar Khan,Urban Road,Poor,Clear,Street Light,Car/Taxi,3,Wrong Overtaking,1,1,0,0,2,0,Low
2019,6,Monday,12,Punjab,Faisalabad,Urban Road,Good,Clear,Daylight,Rickshaw,2,Wrong Overtaking,1,0,0,0,0,0,Low
2022,10,Saturday,6,KPK,Nowshera,Rural Road,Poor,Foggy,Daylight,Rickshaw,1,Signal Violation,0,1,0,0,0,0,Low
2022,6,Monday,14,Punjab,Lahore,Provincial Highway,Under Repair,Clear,Daylight,Rickshaw,2,Signal Violation,0,0,0,0,0,0,Low
2021,11,Tuesday,19,Sindh,Nawabshah,Provincial Highway,Good,Clear,Dawn/Dusk,Motorcycle,1,Drunk Driving,1,0,0,1,2,0,Medium
2023,12,Tuesday,15,KPK,Dera Ismail Khan,Provincial Highway,Good,Extreme Heat,Daylight,Bicycle,1,Mobile Phone Use,0,0,0,1,1,0,Low
2021,10,Monday,12,Islamabad,Islamabad,Rural Road,Average,Foggy,Daylight,Car/Taxi,4,Road Condition,1,0,0,0,1,0,Low
2021,11,Wednesday,12,Gilgit-Baltistan,Hunza,Rural Road,Average,Clear,Daylight,Rickshaw,1,Wrong Overtaking,1,0,0,1,2,0,Low
2018,11,Monday,7,Islamabad,Islamabad,Provincial Highway,Good,Clear,Daylight,Car/Taxi,4,Road Condition,1,0,0,1,2,0,Low
2018,11,Saturday,11,KPK,Dera Ismail Khan,Urban Road,Poor,Clear,Dawn/Dusk,Rickshaw,3,Signal Violation,0,1,0,1,0,0,Low
2018,4,Friday,8,KPK,Mardan,Urban Road,Poor,Clear,Daylight,Rickshaw,2,Over Speeding,1,0,0,0,4,0,Medium
2022,11,Friday,5,KPK,Charsadda,Provincial Highway,Average,Clear,Street Light,Car/Taxi,3,Weather Condition,0,0,1,1,2,0,Low
2021,12,Monday,12,Balochistan,Chaman,Provincial Highway,Poor,Clear,Daylight,Motorcycle,3,Over Speeding,1,0,0,1,2,1,High
2023,12,Tuesday,12,Islamabad,Islamabad,Urban Road,Average,Clear,Daylight,Car/Taxi,1,Drunk Driving,1,0,0,1,5,0,Medium
2019,1,Sunday,15,Sindh,Nawabshah,National Highway,Average,Clear,Dawn/Dusk,Motorcycle,1,Signal Violation,0,1,0,1,3,1,Medium
2018,4,Saturday,17,Punjab,Sargodha,Rural Road,Average,Rainy,Daylight,Car/Taxi,1,Mechanical Failure,1,1,0,0,2,0,Low
2022,11,Saturday,11,Sindh,Mirpur Khas,National Highway,Average,Dusty/Smoggy,Daylight,Motorcycle,2,Wrong Overtaking,0,1,0,1,7,4,High
2023,1,Saturday,12,Sindh,Mirpur Khas,Provincial Highway,Good,Clear,Daylight,Motorcycle,1,Over Speeding,1,1,0,1,5,2,Medium
2021,5,Friday,14,KPK,Charsadda,National Highway,Poor,Clear,Daylight,Motorcycle,2,Road Condition,0,0,0,0,2,0,Medium
2021,9,Friday,20,Balochistan,Turbat,Provincial Highway,Poor,Rainy,No Light,Car/Taxi,1,Pedestrian Error,1,0,0,0,1,0,Low
2023,1,Monday,17,Sindh,Larkana,Rural Road,Average,Clear,Daylight,Motorcycle,2,Signal Violation,1,0,0,1,3,0,Medium
2021,1,Monday,7,Punjab,Sargodha,Motorway,Average,Clear,Daylight,Bus/Coach,3,Driver Fatigue,1,0,0,1,5,1,High
2019,1,Monday,12,AJK,Rawalakot,National Highway,Good,Clear,Daylight,Car/Taxi,1,Wrong Overtaking,1,0,0,1,5,2,Medium
2018,1,Friday,5,Punjab,Bahawalpur,National Highway,Good,Foggy,Street Light,Motorcycle,2,Pedestrian Error,0,0,1,1,4,1,High
2020,11,Thursday,11,Punjab,Multan,Provincial Highway,Poor,Foggy,Daylight,Motorcycle,1,Over Speeding,0,0,0,1,10,1,High
2022,9,Monday,7,KPK,Dera Ismail Khan,National Highway,Average,Rainy,No Light,Bus/Coach,3,Signal Violation,1,0,0,0,11,0,High
2019,12,Sunday,23,Punjab,Sialkot,Provincial Highway,Average,Clear,Street Light,Motorcycle,2,Over Speeding,0,1,1,1,4,2,High
2020,9,Sunday,12,Punjab,Rahim Yar Khan,Provincial Highway,Average,Clear,Daylight,Car/Taxi,2,Pedestrian Error,1,1,0,0,0,0,Low
2022,6,Thursday,21,Punjab,Rawalpindi,Provincial Highway,Poor,Clear,No Light,Motorcycle,1,Wrong Overtaking,0,0,0,0,3,1,Medium
2021,8,Sunday,5,Punjab,Sargodha,National Highway,Good,Dusty/Smoggy,Street Light,Motorcycle,1,Pedestrian Error,0,1,1,0,2,0,Medium
2023,6,Saturday,9,Sindh,Hyderabad,Provincial Highway,Good,Rainy,Daylight,Motorcycle,1,Road Condition,1,1,0,0,9,0,High
2018,11,Saturday,13,Punjab,Lahore,Urban Road,Good,Foggy,Daylight,Motorcycle,3,Road Condition,1,1,0,1,1,0,Medium
2022,4,Sunday,21,Sindh,Kashmore,Provincial Highway,Poor,Clear,Street Light,Motorcycle,1,Road Condition,0,1,0,0,2,0,Low
2022,9,Monday,20,Punjab,Gujranwala,Rural Road,Average,Clear,Street Light,Bus/Coach,2,Over Speeding,1,0,0,0,5,0,Medium
2022,3,Saturday,18,KPK,Dera Ismail Khan,National Highway,Poor,Dusty/Smoggy,Daylight,Bicycle,1,Over Speeding,1,1,0,0,7,0,High
2018,2,Tuesday,16,Punjab,Multan,Provincial Highway,Poor,Clear,Daylight,Motorcycle,2,Wrong Overtaking,0,0,0,1,5,2,High
2022,12,Thursday,6,Punjab,Gujranwala,National Highway,Poor,Clear,Daylight,Car/Taxi,2,Wrong Overtaking,0,0,0,1,5,0,Medium
2023,4,Saturday,20,Punjab,Sheikhupura,National Highway,Good,Clear,No Light,Bus/Coach,3,Over Speeding,1,1,0,0,4,0,Medium
2019,2,Wednesday,17,Sindh,Karachi,Urban Road,Good,Clear,Daylight,Motorcycle,4,Over Speeding,1,0,0,1,10,0,High
2020,7,Wednesday,13,Sindh,Thatta,Urban Road,Good,Rainy,Daylight,Car/Taxi,1,Driver Fatigue,1,0,0,0,5,1,Medium
2020,4,Saturday,16,Sindh,Sukkur,Rural Road,Poor,Dusty/Smoggy,Daylight,Motorcycle,3,Over Speeding,0,1,0,0,5,0,Medium
2023,4,Sunday,9,Islamabad,Islamabad,Provincial Highway,Poor,Clear,Daylight,Car/Taxi,2,Over Speeding,1,1,0,0,2,0,Low
2021,1,Saturday,16,Balochistan,Loralai,Urban Road,Good,Rainy,Street Light,Rickshaw,4,Mechanical Failure,0,1,0,1,0,0,Low
2022,12,Saturday,18,Sindh,Sukkur,National Highway,Good,Clear,Daylight,Bus/Coach,2,Signal Violation,1,1,0,1,2,1,Medium
2022,12,Saturday,20,Punjab,Gujranwala,National Highway,Good,Foggy,Street Light,Bus/Coach,4,Wrong Overtaking,1,1,0,1,1,1,Medium
2019,7,Monday,22,Sindh,Jacobabad,Provincial Highway,Poor,Clear,Street Light,Motorcycle,2,Signal Violation,0,0,1,0,2,0,Medium
2023,3,Saturday,21,Punjab,Sialkot,Rural Road,Good,Clear,No Light,Motorcycle,3,Wrong Overtaking,0,1,0,0,1,0,Low
2019,6,Sunday,14,KPK,Mardan,Provincial Highway,Under Repair,Clear,Daylight,Bicycle,3,Wrong Overtaking,0,1,0,0,2,2,Medium
2023,10,Saturday,14,Punjab,Rawalpindi,Rural Road,Good,Clear,Daylight,Truck/Lorry,3,Over Speeding,0,1,0,0,5,0,Medium
2019,1,Saturday,17,KPK,Bannu,Urban Road,Average,Clear,Daylight,Rickshaw,4,Over Speeding,1,1,0,1,2,0,Low
2023,10,Saturday,6,Islamabad,Islamabad,Provincial Highway,Good,Foggy,Daylight,Car/Taxi,2,Driver Fatigue,0,1,0,0,9,2,High
2022,4,Monday,16,Punjab,Sialkot,Urban Road,Average,Clear,Daylight,Motorcycle,4,Pedestrian Error,0,0,0,0,2,0,Low
2021,5,Thursday,1,Sindh,Hyderabad,Urban Road,Good,Dusty/Smoggy,No Light,Bus/Coach,1,Mobile Phone Use,0,0,1,0,2,0,Low
2019,12,Friday,20,Sindh,Mirpur Khas,Urban Road,Under Repair,Foggy,Street Light,Motorcycle,2,Over Speeding,1,0,0,1,1,0,Medium
2022,9,Monday,5,Punjab,Rahim Yar Khan,Rural Road,Average,Foggy,Dawn/Dusk,Rickshaw,4,Driver Fatigue,0,0,1,0,3,1,Medium
2022,7,Thursday,23,Islamabad,Islamabad,Urban Road,Good,Extreme Heat,No Light,Truck/Lorry,2,Mobile Phone Use,0,0,1,0,2,0,Low
2023,3,Saturday,13,Sindh,Dadu,Provincial Highway,Average,Foggy,Dawn/Dusk,Car/Taxi,1,Pedestrian Error,1,1,0,0,1,0,Low
2023,12,Wednesday,16,Punjab,Multan,Provincial Highway,Good,Clear,Daylight,Truck/Lorry,2,Over Speeding,0,0,0,1,1,0,Medium
2018,1,Sunday,17,KPK,Mardan,Provincial Highway,Good,Clear,Daylight,Motorcycle,3,Over Speeding,1,1,0,1,10,1,High
2020,10,Friday,9,Punjab,Faisalabad,National Highway,Good,Foggy,Daylight,Motorcycle,4,Signal Violation,1,0,0,0,4,1,High
2019,9,Tuesday,5,Punjab,Rahim Yar Khan,Urban Road,Under Repair,Extreme Heat,No Light,Motorcycle,2,Wrong Overtaking,0,0,1,0,1,0,Medium
2022,6,Saturday,18,Sindh,Larkana,Rural Road,Poor,Clear,No Light,Motorcycle,2,Drunk Driving,1,1,0,0,5,0,Medium
2019,9,Sunday,16,KPK,Nowshera,Provincial Highway,Average,Rainy,Daylight,Bicycle,1,Over Speeding,0,1,0,0,8,0,High
2018,11,Tuesday,5,Sindh,Mirpur Khas,Provincial Highway,Average,Clear,Dawn/Dusk,Car/Taxi,2,Over Speeding,0,0,1,1,1,0,Medium
2021,7,Tuesday,6,Sindh,Jacobabad,Urban Road,Average,Foggy,Dawn/Dusk,Motorcycle,3,Over Speeding,0,0,0,0,8,3,High
2021,6,Sunday,14,Punjab,Multan,Provincial Highway,Poor,Clear,Daylight,Bicycle,1,Over Speeding,0,1,0,0,5,1,High
2020,10,Monday,5,Sindh,Karachi,National Highway,Good,Dusty/Smoggy,Street Light,Car/Taxi,2,Pedestrian Error,0,0,1,0,4,0,Medium
2020,10,Wednesday,14,Punjab,Multan,National Highway,Average,Clear,Daylight,Motorcycle,2,Mechanical Failure,0,0,0,0,2,2,Medium
2021,1,Saturday,9,AJK,Muzaffarabad,Urban Road,Under Repair,Clear,Daylight,Car/Taxi,1,Mobile Phone Use,1,1,0,1,0,0,Low
2020,3,Monday,12,Punjab,Sialkot,Provincial Highway,Good,Dusty/Smoggy,Daylight,Bicycle,4,Mechanical Failure,1,0,0,0,3,0,Medium
2023,7,Friday,8,Punjab,Multan,Rural Road,Poor,Clear,Daylight,Rickshaw,1,Mechanical Failure,1,0,0,0,1,0,Low
2020,9,Saturday,17,Islamabad,Islamabad,Urban Road,Good,Rainy,Daylight,Car/Taxi,1,Road Condition,1,1,0,0,1,0,Low
2018,4,Wednesday,19,AJK,Rawalakot,Rural Road,Poor,Rainy,Dawn/Dusk,Truck/Lorry,2,Wrong Overtaking,1,0,0,0,3,1,Medium
2020,6,Monday,6,KPK,Swat,Provincial Highway,Good,Foggy,Daylight,Motorcycle,2,Mechanical Failure,0,0,0,0,2,2,High
2023,11,Tuesday,9,Punjab,Multan,National Highway,Average,Foggy,Daylight,Truck/Lorry,2,Signal Violation,1,0,0,1,9,1,High
2023,5,Monday,14,Sindh,Nawabshah,National Highway,Good,Rainy,Daylight,Motorcycle,1,Over Speeding,0,0,0,0,4,0,High
2021,6,Thursday,18,Punjab,Lahore,Rural Road,Good,Clear,Daylight,Motorcycle,2,Driver Fatigue,1,0,0,0,2,1,Medium
2019,4,Saturday,5,KPK,Bannu,Provincial Highway,Average,Clear,No Light,Motorcycle,1,Over Speeding,0,1,1,0,3,4,High
2021,4,Sunday,8,Punjab,Sialkot,Provincial Highway,Under Repair,Clear,Daylight,Car/Taxi,3,Drunk Driving,1,1,0,0,5,0,Medium
2022,1,Saturday,10,Punjab,Multan,Provincial Highway,Poor,Foggy,Street Light,Car/Taxi,2,Signal Violation,0,1,0,1,2,0,Low
2019,2,Wednesday,16,Sindh,Larkana,Rural Road,Average,Clear,Daylight,Rickshaw,2,Mechanical Failure,0,0,0,1,2,0,Low
2020,5,Sunday,12,Punjab,Sheikhupura,Rural Road,Good,Clear,Daylight,Rickshaw,2,Pedestrian Error,1,1,0,0,1,0,Low
2022,11,Sunday,9,KPK,Bannu,National Highway,Poor,Clear,Daylight,Motorcycle,2,Pedestrian Error,1,1,0,1,8,1,High
2018,5,Friday,23,KPK,Mansehra,Provincial Highway,Average,Extreme Heat,No Light,Van/Pickup,1,Over Speeding,0,0,1,0,4,2,Medium
2021,7,Thursday,12,KPK,Kohat,Provincial Highway,Good,Rainy,Daylight,Bus/Coach,2,Signal Violation,1,0,0,0,8,2,High
2020,11,Thursday,10,Sindh,Karachi,National Highway,Poor,Clear,Daylight,Rickshaw,2,Drunk Driving,0,0,0,1,5,1,Medium
2020,7,Monday,6,Balochistan,Sibi,Provincial Highway,Average,Foggy,Daylight,Motorcycle,1,Over Speeding,0,0,0,0,5,0,High
2022,1,Friday,19,Punjab,Sialkot,Provincial Highway,Poor,Clear,Street Light,Motorcycle,2,Drunk Driving,1,0,0,1,10,3,High
2020,4,Tuesday,11,Punjab,Sheikhupura,Rural Road,Average,Foggy,Daylight,Car/Taxi,3,Road Condition,0,0,0,0,2,1,Low
2018,1,Saturday,13,Sindh,Hyderabad,Motorway,Average,Clear,Daylight,Car/Taxi,1,Over Speeding,1,1,0,1,8,1,High
2018,3,Tuesday,8,Punjab,Bahawalpur,Provincial Highway,Good,Clear,Daylight,Motorcycle,1,Over Speeding,1,0,0,0,5,1,High
2021,11,Wednesday,23,Punjab,Sargodha,Provincial Highway,Average,Clear,No Light,Motorcycle,1,Over Speeding,0,0,1,1,4,4,High
2019,5,Monday,17,Punjab,Lahore,Rural Road,Good,Foggy,Street Light,Bus/Coach,1,Over Speeding,1,0,0,0,1,2,Medium
2022,12,Saturday,20,Islamabad,Islamabad,Provincial Highway,Average,Clear,No Light,Motorcycle,1,Driver Fatigue,1,1,0,1,9,1,High
2021,5,Monday,13,Balochistan,Zhob,Provincial Highway,Under Repair,Clear,Dawn/Dusk,Motorcycle,3,Signal Violation,1,0,0,0,5,1,Medium
2023,8,Tuesday,14,Sindh,Thatta,National Highway,Poor,Clear,Daylight,Motorcycle,2,Wrong Overtaking,0,0,0,0,1,0,Medium
2020,5,Thursday,11,Punjab,Rahim Yar Khan,Urban Road,Good,Foggy,Daylight,Rickshaw,2,Road Condition,0,0,0,0,0,0,Low
2020,9,Tuesday,17,Punjab,Rahim Yar Khan,Urban Road,Average,Clear,Daylight,Motorcycle,1,Signal Violation,1,0,0,0,2,0,Medium
2021,7,Wednesday,7,Punjab,Lahore,Provincial Highway,Good,Clear,Daylight,Motorcycle,2,Signal Violation,1,0,0,0,5,0,Medium
2021,1,Wednesday,18,Punjab,Rahim Yar Khan,Urban Road,Average,Foggy,Street Light,Car/Taxi,3,Wrong Overtaking,1,0,0,1,0,0,Low
2021,7,Saturday,14,Punjab,Rawalpindi,Provincial Highway,Under Repair,Clear,Daylight,Car/Taxi,3,Pedestrian Error,0,1,0,0,0,0,Low
2018,11,Thursday,22,KPK,Peshawar,Urban Road,Good,Dusty/Smoggy,Street Light,Bus/Coach,2,Signal Violation,0,0,1,1,3,2,Medium
2020,8,Thursday,10,Sindh,Larkana,National Highway,Average,Foggy,Daylight,Car/Taxi,1,Mobile Phone Use,0,0,0,0,4,0,Medium
2019,5,Monday,7,Punjab,Multan,National Highway,Average,Clear,Dawn/Dusk,Van/Pickup,1,Wrong Overtaking,1,0,0,0,1,1,Medium
2019,1,Tuesday,22,KPK,Mansehra,Urban Road,Good,Clear,Street Light,Motorcycle,3,Road Condition,0,0,1,1,0,0,Low
2019,1,Tuesday,7,KPK,Mansehra,Rural Road,Good,Dusty/Smoggy,Daylight,Bus/Coach,4,Over Speeding,1,0,0,1,3,0,Medium
2019,11,Sunday,8,Sindh,Hyderabad,National Highway,Average,Foggy,Daylight,Rickshaw,4,Over Speeding,1,1,0,1,5,0,Medium
2020,11,Saturday,1,Punjab,Sargodha,National Highway,Good,Rainy,Street Light,Bicycle,1,Over Speeding,0,1,1,1,2,2,High
2020,5,Saturday,8,Balochistan,Loralai,National Highway,Poor,Rainy,Daylight,Motorcycle,1,Driver Fatigue,1,1,0,0,2,0,High
2022,10,Friday,20,KPK,Mansehra,National Highway,Good,Extreme Heat,Street Light,Rickshaw,2,Drunk Driving,1,0,0,0,3,0,Medium
2023,1,Sunday,17,Punjab,Sheikhupura,Provincial Highway,Poor,Rainy,Daylight,Car/Taxi,1,Wrong Overtaking,1,1,0,1,2,1,Medium
2023,12,Sunday,10,Sindh,Larkana,Urban Road,Poor,Clear,Street Light,Rickshaw,1,Over Speeding,0,1,0,1,2,0,Low
2020,7,Sunday,20,Punjab,Bahawalpur,Rural Road,Good,Rainy,No Light,Rickshaw,2,Over Speeding,1,1,0,0,3,0,Medium
2021,2,Monday,19,Sindh,Hyderabad,Rural Road,Average,Clear,No Light,Motorcycle,1,Signal Violation,1,0,0,1,1,1,Low
2020,1,Monday,17,Sindh,Kashmore,Rural Road,Poor,Clear,Daylight,Motorcycle,2,Mechanical Failure,1,0,0,1,4,1,Medium
2023,3,Tuesday,23,Sindh,Larkana,National Highway,Good,Rainy,No Light,Car/Taxi,1,Road Condition,0,0,1,0,5,0,Medium
2022,9,Tuesday,8,KPK,Nowshera,Provincial Highway,Poor,Dusty/Smoggy,Daylight,Motorcycle,3,Mechanical Failure,1,0,0,0,2,1,Medium
2023,7,Monday,20,Sindh,Jacobabad,Urban Road,Good,Clear,No Light,Motorcycle,2,Over Speeding,1,0,0,0,4,0,Medium
2023,1,Thursday,22,Punjab,Multan,Provincial Highway,Average,Clear,No Light,Van/Pickup,3,Over Speeding,0,0,1,1,6,3,High
2022,6,Monday,13,Punjab,Sheikhupura,National Highway,Good,Rainy,Daylight,Motorcycle,3,Road Condition,1,0,0,0,5,1,High
2020,9,Wednesday,13,Punjab,Faisalabad,Provincial Highway,Poor,Clear,Daylight,Motorcycle,3,Wrong Overtaking,1,0,0,0,4,0,Medium
2022,5,Sunday,14,Sindh,Nawabshah,National Highway,Poor,Clear,Daylight,Motorcycle,1,Wrong Overtaking,0,1,0,0,9,0,High
2020,2,Tuesday,14,Punjab,Rawalpindi,National Highway,Average,Foggy,Daylight,Car/Taxi,4,Over Speeding,0,0,0,1,2,2,Medium
2023,6,Wednesday,18,Sindh,Hyderabad,National Highway,Under Repair,Rainy,Daylight,Motorcycle,3,Mechanical Failure,1,0,0,0,7,3,High
2022,10,Friday,22,Punjab,Lahore,Urban Road,Poor,Rainy,Street Light,Bus/Coach,1,Signal Violation,0,0,1,0,1,0,Medium