year,month,day_of_week,hour_of_day,province,district,road_type,road_condition,weather_condition,lighting_condition,vehicle_type,vehicles_involved,accident_cause,is_rush_hour,is_weekend,is_night,is_foggy_month,num_injured,num_killed,severity
2021,10,Friday,6,KPK,Dera Ismail Khan,Urban Road,Average,Foggy,Daylight,Motorcycle,3,Over Speeding,0,0,0,0,10,1,High
2018,4,Saturday,12,KPK,Charsadda,Provincial Highway,Poor,Clear,Daylight,Rickshaw,2,Signal Violation,1,1,0,0,0,0,Low
2020,4,Monday,18,Punjab,Faisalabad,Rural Road,Under Repair,Foggy,Dawn/Dusk,Motorcycle,3,Pedestrian Error,1,0,0,0,2,0,Low
2022,5,Tuesday,18,Sindh,Larkana,Provincial Highway,Average,Clear,Daylight,Motorcycle,2,Pedestrian Error,1,0,0,0,2,0,Medium
2020,5,Monday,17,Islamabad,Islamabad,National Highway,Average,Clear,Dawn/Dusk,Car/Taxi,3,Wrong Overtaking,1,0,0,0,4,0,Medium
2019,9,Tuesday,8,Punjab,Rawalpindi,Provincial Highway,Good,Extreme Heat,Dawn/Dusk,Motorcycle,2,Pedestrian Error,1,0,0,0,4,0,Medium
2018,3,Monday,10,Balochistan,Chaman,National Highway,Good,Clear,Daylight,Motorcycle,2,Signal Violation,0,0,0,0,4,1,Medium
2022,11,Friday,18,Sindh,Jacobabad,Urban Road,Good,Clear,Daylight,Motorcycle,2,Signal Violation,1,0,0,1,5,0,Medium
2020,7,Tuesday,23,Sindh,Larkana,Provincial Highway,Under Repair,Dusty/Smoggy,Street Light,Bus/Coach,3,Over Speeding,0,0,1,0,5,4,High
2020,12,Monday,8,Punjab,Sialkot,Motorway,Poor,Rainy,Daylight,Car/Taxi,1,Over Speeding,1,0,0,1,4,0,High
2019,7,Friday,18,KPK,Kohat,Urban Road,Average,Clear,Daylight,Rickshaw,3,Wrong Overtaking,1,0,0,0,2,0,Low
2023,7,Friday,13,Sindh,Hyderabad,Urban Road,Good,Dusty/Smoggy,Daylight,Car/Taxi,2,Driver Fatigue,1,0,0,0,0,0,Low
2018,11,Wednesday,22,KPK,Nowshera,Urban Road,Poor,Clear,Street Light,Car/Taxi,2,Signal Violation,0,0,1,1,1,0,Medium
2023,7,Sunday,7,KPK,Bannu,National Highway,Good,Extreme Heat,Daylight,Rickshaw,2,Wrong Overtaking,1,1,0,0,2,0,Low
2022,11,Monday,10,Sindh,Thatta,Rural Road,Good,Clear,Daylight,Van/Pickup,1,Mechanical Failure,0,0,0,1,2,0,Low
2018,11,Sunday,9,Punjab,Sargodha,Provincial Highway,Good,Foggy,Daylight,Motorcycle,1,Road Condition,1,1,0,1,3,1,Medium
2021,6,Saturday,11,Punjab,Sialkot,National Highway,Average,Clear,Daylight,Car/Taxi,1,Signal Violation,0,1,0,0,1,0,Low
2018,3,Monday,17,Punjab,Faisalabad,National Highway,Poor,Dusty/Smoggy,Daylight,Bus/Coach,3,Drunk Driving,1,0,0,0,4,1,Medium
2023,5,Monday,17,Balochistan,Zhob,Urban Road,Poor,Clear,Dawn/Dusk,Rickshaw,1,Mechanical Failure,1,0,0,0,1,1,Low
2022,9,Saturday,8,Punjab,Lahore,Urban Road,Average,Rainy,Street Light,Rickshaw,1,Signal Violation,1,1,0,0,2,0,Medium
2022,3,Saturday,7,Punjab,Sialkot,Provincial Highway,Good,Clear,Daylight,Truck/Lorry,3,Signal Violation,1,1,0,0,2,0,Medium
2018,1,Wednesday,18,Punjab,Sargodha,Provincial Highway,Average,Clear,Daylight,Car/Taxi,2,Weather Condition,1,0,0,1,1,0,Low
2021,9,Monday,18,Balochistan,Gwadar,Urban Road,Poor,Clear,Dawn/Dusk,Motorcycle,1,Signal Violation,1,0,0,0,5,0,Medium
2021,1,Monday,9,Sindh,Kashmore,National Highway,Good,Clear,Daylight,Motorcycle,3,Over Speeding,1,0,0,1,7,0,High
2023,9,Wednesday,6,Gilgit-Baltistan,Hunza,Motorway,Good,Foggy,Daylight,Truck/Lorry,2,Mechanical Failure,0,0,0,0,4,0,Medium
2023,1,Tuesday,23,KPK,Nowshera,National Highway,Poor,Clear,No Light,Van/Pickup,2,Mechanical Failure,0,0,1,1,0,0,Low
2021,8,Thursday,21,Balochistan,Sibi,Provincial Highway,Average,Clear,Street Light,Motorcycle,2,Over Speeding,0,0,0,0,5,1,Medium
2023,11,Monday,0,Punjab,Lahore,Provincial Highway,Average,Clear,Street Light,Motorcycle,1,Wrong Overtaking,0,0,1,1,8,3,High
2019,11,Thursday,8,Punjab,Multan,Rural Road,Average,Clear,Daylight,Motorcycle,2,Mechanical Failure,1,0,0,1,5,0,Medium
2020,12,Wednesday,19,Punjab,Rahim Yar Khan,National Highway,Good,Clear,Dawn/Dusk,Motorcycle,1,Over Speeding,1,0,0,1,10,0,High
2020,7,Sunday,12,Sindh,Larkana,Provincial Highway,Average,Clear,Dawn/Dusk,Motorcycle,2,Road Condition,1,1,0,0,0,0,Low
2020,7,Monday,10,KPK,Swat,Rural Road,Average,Rainy,Daylight,Other,4,Wrong Overtaking,0,0,0,0,1,1,Low
2022,5,Friday,18,Punjab,Lahore,Rural Road,Average,Foggy,Daylight,Motorcycle,2,Road Condition,1,0,0,0,2,0,Medium
2023,5,Thursday,13,Punjab,Sargodha,Urban Road,Poor,Clear,Daylight,Truck/Lorry,1,Over Speeding,1,0,0,0,3,2,Medium
2022,2,Sunday,20,Sindh,Thatta,Provincial Highway,Good,Clear,No Light,Car/Taxi,2,Mobile Phone Use,1,1,0,1,0,0,Low
2020,1,Tuesday,16,Punjab,Sargodha,Urban Road,Poor,Clear,Daylight,Truck/Lorry,1,Over Speeding,0,0,0,1,5,0,Medium
2019,2,Wednesday,8,Sindh,Hyderabad,National Highway,Good,Foggy,Daylight,Car/Taxi,2,Road Condition,1,0,0,1,2,1,Medium
2019,11,Monday,14,Punjab,Multan,National Highway,Good,Extreme Heat,Daylight,Car/Taxi,3,Driver Fatigue,0,0,0,1,1,0,Medium
2020,8,Monday,12,KPK,Mardan,National Highway,Poor,Rainy,Daylight,Rickshaw,2,Over Speeding,1,0,0,0,2,0,Medium
2023,4,Tuesday,7,Sindh,Jacobabad,Urban Road,Average,Foggy,Daylight,Truck/Lorry,1,Road Condition,1,0,0,0,0,1,Low
2022,7,Thursday,16,Sindh,Larkana,Rural Road,Poor,Extreme Heat,Street Light,Bus/Coach,2,Over Speeding,0,0,0,0,4,1,Medium
2022,11,Thursday,12,Punjab,Sargodha,National Highway,Average,Clear,Daylight,Motorcycle,2,Pedestrian Error,1,0,0,1,4,0,Medium
2020,12,Thursday,19,Punjab,Sialkot,Rural Road,Average,Rainy,No Light,Bus/Coach,1,Over Speeding,1,0,0,1,3,2,High
2022,3,Sunday,17,KPK,Dera Ismail Khan,Urban Road,Good,Clear,Daylight,Truck/Lorry,1,Driver Fatigue,1,1,0,0,4,0,Medium
2023,12,Monday,14,KPK,Dera Ismail Khan,Provincial Highway,Under Repair,Clear,No Light,Motorcycle,2,Over Speeding,0,0,0,1,6,1,High
2023,11,Wednesday,13,Sindh,Sukkur,Motorway,Average,Clear,No Light,Motorcycle,2,Over Speeding,1,0,0,1,3,0,High
2018,5,Thursday,8,Sindh,Dadu,National Highway,Good,Foggy,Daylight,Motorcycle,2,Over Speeding,1,0,0,0,8,2,High
2020,9,Monday,13,Punjab,Bahawalpur,Rural Road,Average,Extreme Heat,Daylight,Car/Taxi,2,Pedestrian Error,1,0,0,0,0,0,Low
2023,12,Saturday,9,Balochistan,Loralai,Urban Road,Good,Clear,Daylight,Motorcycle,2,Over Speeding,1,1,0,1,2,3,High
2023,3,Sunday,16,KPK,Abbottabad,Motorway,Good,Clear,Street Light,Other,1,Driver Fatigue,0,1,0,0,3,0,Medium
2020,7,Wednesday,19,Sindh,Mirpur Khas,Rural Road,Average,Clear,Dawn/Dusk,Van/Pickup,1,Mobile Phone Use,1,0,0,0,0,0,Low
2022,11,Saturday,17,Balochistan,Chaman,Provincial Highway,Poor,Clear,Dawn/Dusk,Bicycle,2,Signal Violation,1,1,0,1,5,1,Medium
2018,10,Saturday,22,Punjab,Faisalabad,Rural Road,Good,Rainy,No Light,Car/Taxi,2,Over Speeding,0,1,1,0,1,0,Medium
2019,12,Friday,1,KPK,Swat,National Highway,Good,Foggy,No Light,Motorcycle,1,Road Condition,0,0,1,1,8,1,High
2019,5,Thursday,11,Islamabad,Islamabad,National Highway,Average,Foggy,Daylight,Bus/Coach,2,Mechanical Failure,0,0,0,0,4,0,Medium
2022,7,Friday,8,Punjab,Gujranwala,Provincial Highway,Average,Foggy,Dawn/Dusk,Truck/Lorry,2,Signal Violation,1,0,0,0,7,0,High
2021,2,Saturday,10,Punjab,Faisalabad,Urban Road,Poor,Dusty/Smoggy,Daylight,Motorcycle,2,Wrong Overtaking,0,1,0,1,1,0,Low
2020,2,Monday,15,KPK,Mansehra,National Highway,Average,Foggy,Daylight,Rickshaw,3,Signal Violation,0,0,0,1,1,0,Medium
2018,7,Friday,7,Punjab,Sargodha,Rural Road,Average,Clear,Dawn/Dusk,Bus/Coach,2,Driver Fatigue,1,0,0,0,5,0,Medium
2022,9,Saturday,10,Balochistan,Chaman,Urban Road,Good,Clear,Daylight,Car/Taxi,2,Wrong Overtaking,0,1,0,0,2,0,Low
2022,7,Sunday,14,Punjab,Multan,National Highway,Good,Dusty/Smoggy,Daylight,Truck/Lorry,3,Signal Violation,0,1,0,0,4,1,Medium
2023,5,Saturday,16,Sindh,Mirpur Khas,Provincial Highway,Average,Clear,Daylight,Motorcycle,4,Driver Fatigue,0,1,0,0,7,0,High
2023,2,Sunday,20,Punjab,Rawalpindi,Provincial Highway,Good,Clear,No Light,Car/Taxi,4,Mechanical Failure,1,1,0,1,0,0,Low
2022,9,Tuesday,12,Punjab,Gujranwala,Provincial Highway,Good,Clear,Daylight,Bus/Coach,1,Mechanical Failure,1,0,0,0,1,0,Low
2023,10,Wednesday,13,Balochistan,Zhob,National Highway,Poor,Clear,Street Light,Rickshaw,2,Mechanical Failure,1,0,0,0,2,0,Medium
2019,5,Monday,6,KPK,Swat,National Highway,Under Repair,Clear,Street Light,Truck/Lorry,2,Mechanical Failure,0,0,0,0,1,0,Low
2022,6,Friday,19,Punjab,Sialkot,Motorway,Good,Foggy,No Light,Truck/Lorry,1,Signal Violation,1,0,0,0,2,0,Medium
2023,8,Wednesday,2,Punjab,Sheikhupura,Urban Road,Average,Clear,Street Light,Rickshaw,2,Wrong Overtaking,0,0,1,0,0,0,Low
2018,8,Tuesday,20,KPK,Swat,Urban Road,Poor,Clear,Street Light,Truck/Lorry,2,Road Condition,1,0,0,0,0,0,Low
2021,5,Thursday,20,KPK,Nowshera,Urban Road,Poor,Clear,No Light,Motorcycle,3,Wrong Overtaking,1,0,0,0,2,0,Low
2020,11,Friday,17,KPK,Charsadda,Urban Road,Good,Clear,Daylight,Motorcycle,2,Road Condition,1,0,0,1,2,0,Medium
2021,11,Wednesday,14,Sindh,Kashmore,Rural Road,Under Repair,Clear,Daylight,Bicycle,4,Signal Violation,0,0,0,1,3,0,Medium
2022,5,Saturday,6,Punjab,Rawalpindi,National Highway,Good,Clear,Street Light,Car/Taxi,2,Over Speeding,0,1,0,0,5,0,Medium
2018,3,Sunday,21,Balochistan,Loralai,Provincial Highway,Average,Clear,Street Light,Car/Taxi,2,Mechanical Failure,0,1,0,0,2,0,Low
2023,9,Tuesday,2,KPK,Bannu,Motorway,Average,Extreme Heat,No Light,Truck/Lorry,2,Road Condition,0,0,1,0,3,0,Medium
2020,12,Saturday,11,Sindh,Kashmore,Urban Road,Average,Foggy,Street Light,Motorcycle,2,Weather Condition,0,1,0,1,5,0,Medium
2022,1,Sunday,19,Sindh,Karachi,Rural Road,Under Repair,Foggy,Dawn/Dusk,Motorcycle,1,Over Speeding,1,1,0,1,5,0,Medium
2021,12,Friday,12,Sindh,Karachi,Provincial Highway,Poor,Clear,Daylight,Motorcycle,2,Mobile Phone Use,1,0,0,1,4,1,Medium
2019,6,Thursday,13,KPK,Nowshera,National Highway,Good,Clear,Daylight,Van/Pickup,2,Road Condition,1,0,0,0,0,1,Low
2023,5,Saturday,20,KPK,Mardan,National Highway,Average,Clear,No Light,Motorcycle,2,Signal Violation,1,1,0,0,6,0,High
2022,2,Sunday,6,Balochistan,Chaman,Provincial Highway,Good,Clear,Street Light,Bicycle,2,Road Condition,0,1,0,1,4,0,Medium
2023,3,Saturday,18,Sindh,Nawabshah,Motorway,Good,Clear,No Light,Car/Taxi,1,Over Speeding,1,1,0,0,2,3,High
2022,5,Monday,16,Sindh,Hyderabad,Motorway,Average,Clear,Daylight,Other,2,Wrong Overtaking,0,0,0,0,1,0,Medium
2023,2,Friday,23,Balochistan,Gwadar,Rural Road,Poor,Foggy,No Light,Motorcycle,1,Road Condition,0,0,1,1,3,0,Medium
2021,3,Wednesday,13,Punjab,Sargodha,Urban Road,Average,Rainy,Daylight,Bus/Coach,2,Over Speeding,1,0,0,0,5,1,Medium
2018,11,Tuesday,21,Sindh,Thatta,Urban Road,Good,Dusty/Smoggy,Street Light,Motorcycle,2,Drunk Driving,0,0,0,1,8,1,High
2019,2,Friday,18,Sindh,Mirpur Khas,Rural Road,Good,Dusty/Smoggy,Daylight,Motorcycle,2,Wrong Overtaking,1,0,0,1,1,0,Low
2022,1,Wednesday,16,Balochistan,Turbat,National Highway,Good,Rainy,Dawn/Dusk,Motorcycle,2,Over Speeding,0,0,0,1,4,2,High
2020,6,Friday,10,Punjab,Faisalabad,Provincial Highway,Average,Clear,Daylight,Bus/Coach,3,Weather Condition,0,0,0,0,2,0,Low
2021,1,Monday,18,Punjab,Multan,Urban Road,Good,Extreme Heat,Street Light,Bicycle,2,Wrong Overtaking,1,0,0,1,2,0,Medium
2020,8,Sunday,10,Punjab,Rawalpindi,National Highway,Good,Clear,Daylight,Bicycle,2,Over Speeding,0,1,0,0,4,1,High
2018,7,Saturday,19,Punjab,Sargodha,National Highway,Good,Clear,Dawn/Dusk,Motorcycle,4,Signal Violation,1,1,0,0,3,0,High
2023,5,Sunday,23,Punjab,Gujranwala,National Highway,Under Repair,Foggy,No Light,Motorcycle,1,Pedestrian Error,0,1,1,0,11,1,High
2019,12,Monday,16,Sindh,Mirpur Khas,Urban Road,Good,Clear,Daylight,Rickshaw,4,Road Condition,0,0,0,1,2,0,Low
2023,9,Monday,11,Balochistan,Dera Bugti,Rural Road,Under Repair,Rainy,Daylight,Car/Taxi,2,Over Speeding,0,0,0,0,2,1,Medium
2021,5,Monday,11,Sindh,Thatta,Urban Road,Good,Clear,Daylight,Car/Taxi,2,Driver Fatigue,0,0,0,0,0,0,Low
2019,6,Sunday,11,Punjab,Lahore,Urban Road,Good,Rainy,No Light,Car/Taxi,2,Over Speeding,0,1,0,0,5,0,Medium
2022,8,Tuesday,11,Balochistan,Zhob,Provincial Highway,Average,Clear,Daylight,Car/Taxi,2,Over Speeding,0,0,0,0,4,1,Medium
2023,4,Saturday,11,Sindh,Nawabshah,Provincial Highway,Good,Foggy,Daylight,Motorcycle,2,Over Speeding,0,1,0,0,5,2,High
2022,1,Friday,15,Punjab,Multan,Rural Road,Good,Dusty/Smoggy,Daylight,Rickshaw,2,Signal Violation,0,0,0,1,0,0,Low
2020,11,Friday,19,Punjab,Sargodha,Rural Road,Average,Clear,Dawn/Dusk,Motorcycle,2,Mechanical Failure,1,0,0,1,3,0,Medium
2021,3,Monday,22,KPK,Bannu,Motorway,Good,Foggy,No Light,Motorcycle,2,Wrong Overtaking,0,0,1,0,10,0,High
2021,2,Wednesday,9,KPK,Bannu,National Highway,Good,Dusty/Smoggy,Daylight,Motorcycle,1,Mobile Phone Use,1,0,0,1,5,0,Medium
2023,5,Sunday,15,Sindh,Thatta,Urban Road,Good,Foggy,Daylight,Other,3,Driver Fatigue,0,1,0,0,2,0,Low
2018,7,Tuesday,19,Punjab,Lahore,Motorway,Average,Clear,No Light,Motorcycle,2,Signal Violation,1,0,0,0,2,0,Medium
2021,12,Friday,7,KPK,Bannu,Rural Road,Good,Rainy,Daylight,Truck/Lorry,2,Over Speeding,1,0,0,1,5,0,Medium
2020,12,Friday,12,Punjab,Multan,Provincial Highway,Under Repair,Rainy,Daylight,Truck/Lorry,4,Over Speeding,1,0,0,1,2,1,Medium
2021,1,Thursday,10,KPK,Abbottabad,Provincial Highway,Good,Clear,Daylight,Truck/Lorry,1,Road Condition,0,0,0,1,1,0,Low
2021,8,Friday,17,Sindh,Hyderabad,Provincial Highway,Average,Rainy,Street Light,Rickshaw,2,Over Speeding,1,0,0,0,2,0,Medium
2020,2,Saturday,18,Punjab,Multan,Urban Road,Average,Rainy,No Light,Rickshaw,2,Wrong Overtaking,1,1,0,1,2,1,Low
2018,7,Friday,19,Punjab,Sargodha,Provincial Highway,Poor,Clear,Street Light,Car/Taxi,3,Over Speeding,1,0,0,0,3,2,Medium
2018,3,Friday,21,Punjab,Rahim Yar Khan,National Highway,Good,Rainy,No Light,Car/Taxi,2,Mechanical Failure,0,0,0,0,0,0,Low
2023,5,Saturday,18,Punjab,Lahore,Rural Road,Good,Extreme Heat,Street Light,Truck/Lorry,4,Over Speeding,1,1,0,0,0,0,Low
2023,12,Saturday,13,Punjab,Faisalabad,Urban Road,Good,Foggy,Daylight,Motorcycle,1,Driver Fatigue,1,1,0,1,7,2,High
2021,3,Wednesday,13,Sindh,Karachi,Motorway,Average,Clear,No Light,Car/Taxi,2,Drunk Driving,1,0,0,0,2,0,Medium
2020,11,Friday,19,Sindh,Nawabshah,National Highway,Good,Clear,No Light,Rickshaw,2,Over Speeding,1,0,0,1,2,1,Medium
2023,5,Saturday,22,Sindh,Kashmore,Urban Road,Good,Clear,No Light,Motorcycle,3,Over Speeding,0,1,1,0,9,2,High
2022,10,Thursday,19,Sindh,Jacobabad,National Highway,Average,Rainy,Dawn/Dusk,Motorcycle,3,Over Speeding,1,0,0,0,6,3,High
2019,5,Sunday,8,KPK,Charsadda,National Highway,Average,Foggy,Daylight,Motorcycle,2,Over Speeding,1,1,0,0,9,2,High
2019,6,Monday,6,Balochistan,Turbat,Urban Road,Good,Clear,No Light,Rickshaw,1,Mechanical Failure,0,0,0,0,1,1,Low
2023,8,Wednesday,13,Punjab,Lahore,Urban Road,Average,Clear,Daylight,Bus/Coach,1,Pedestrian Error,1,0,0,0,2,0,Low
2020,7,Tuesday,19,Sindh,Hyderabad,Motorway,Poor,Clear,Dawn/Dusk,Other,2,Wrong Overtaking,1,0,0,0,2,0,Low
2022,7,Tuesday,21,Punjab,Bahawalpur,Provincial Highway,Poor,Clear,Street Light,Motorcycle,2,Signal Violation,0,0,0,0,4,0,Medium
2022,4,Monday,18,Punjab,Gujranwala,Provincial Highway,Under Repair,Clear,Daylight,Motorcycle,2,Mechanical Failure,1,0,0,0,4,1,Medium
2022,6,Friday,1,Sindh,Nawabshah,Motorway,Good,Rainy,Street Light,Motorcycle,2,Signal Violation,0,0,1,0,5,0,High
2020,4,Monday,11,Sindh,Larkana,National Highway,Average,Extreme Heat,Dawn/Dusk,Bus/Coach,3,Over Speeding,0,0,0,0,1,0,Medium
2019,9,Saturday,11,KPK,Abbottabad,Urban Road,Average,Rainy,Daylight,Truck/Lorry,1,Signal Violation,0,1,0,0,4,0,Medium
2023,10,Wednesday,20,Sindh,Dadu,Motorway,Average,Clear,Street Light,Car/Taxi,1,Driver Fatigue,1,0,0,0,2,4,High
2022,7,Friday,17,Punjab,Gujranwala,National Highway,Average,Rainy,Daylight,Motorcycle,1,Signal Violation,1,0,0,0,5,1,High
2022,9,Monday,11,Balochistan,Loralai,National Highway,Good,Foggy,Daylight,Motorcycle,1,Wrong Overtaking,0,0,0,0,8,3,High
2021,4,Friday,4,Punjab,Sargodha,National Highway,Poor,Foggy,Street Light,Bus/Coach,3,Over Speeding,0,0,1,0,10,2,High
2021,11,Saturday,12,Punjab,Sargodha,Provincial Highway,Good,Extreme Heat,Dawn/Dusk,Bus/Coach,2,Over Speeding,1,1,0,1,5,0,Medium
2023,12,Wednesday,12,Punjab,Bahawalpur,National Highway,Average,Extreme Heat,Daylight,Rickshaw,3,Over Speeding,1,0,0,1,2,0,Medium
2022,7,Friday,8,Gilgit-Baltistan,Hunza,Urban Road,Good,Clear,Daylight,Car/Taxi,2,Wrong Overtaking,1,0,0,0,1,0,Low
2019,1,Friday,9,Punjab,Lahore,Urban Road,Average,Foggy,Daylight,Motorcycle,2,Driver Fatigue,1,0,0,1,10,0,High
2021,10,Tuesday,4,Sindh,Larkana,National Highway,Average,Clear,Street Light,Car/Taxi,2,Wrong Overtaking,0,0,1,0,1,1,Medium
2020,5,Friday,19,KPK,Peshawar,Provincial Highway,Average,Clear,Dawn/Dusk,Van/Pickup,3,Pedestrian Error,1,0,0,0,2,0,Low
2023,9,Friday,8,Sindh,Larkana,Provincial Highway,Poor,Clear,Daylight,Bus/Coach,2,Wrong Overtaking,1,0,0,0,3,0,Medium
2022,1,Friday,18,Balochistan,Turbat,Urban Road,Good,Clear,Daylight,Motorcycle,2,Driver Fatigue,1,0,0,1,2,1,Medium
2018,12,Friday,11,Sindh,Thatta,Urban Road,Good,Dusty/Smoggy,Street Light,Motorcycle,3,Over Speeding,0,0,0,1,2,0,Medium
2019,5,Monday,6,AJK,Mirpur,Provincial Highway,Average,Clear,Daylight,Motorcycle,2,Signal Violation,0,0,0,0,5,0,Medium
2023,3,Saturday,9,KPK,Kohat,National Highway,Average,Clear,Dawn/Dusk,Car/Taxi,2,Mechanical Failure,1,1,0,0,3,0,Medium
2022,4,Thursday,16,Punjab,Faisalabad,Provincial Highway,Average,Foggy,Daylight,Bus/Coach,2,Road Condition,0,0,0,0,3,0,Medium
2023,1,Tuesday,7,Punjab,Rahim Yar Khan,National Highway,Poor,Dusty/Smoggy,Daylight,Motorcycle,2,Mechanical Failure,1,0,0,1,8,2,High
2022,7,Monday,1,Islamabad,Islamabad,Rural Road,Average,Rainy,No Light,Car/Taxi,1,Wrong Overtaking,0,0,1,0,1,2,Medium
2020,2,Friday,11,KPK,Abbottabad,Urban Road,Average,Clear,Daylight,Car/Taxi,2,Road Condition,0,0,0,1,0,0,Low
2018,12,Saturday,1,Sindh,Dadu,Provincial Highway,Under Repair,Foggy,Street Light,Rickshaw,2,Over Speeding,0,1,1,1,7,1,High
2022,8,Monday,17,KPK,Kohat,Urban Road,Average,Clear,Dawn/Dusk,Motorcycle,1,Mechanical Failure,1,0,0,0,3,1,Medium
2020,5,Friday,5,Sindh,Hyderabad,Provincial Highway,Poor,Clear,Street Light,Car/Taxi,2,Over Speeding,0,0,1,0,11,1,High
2018,9,Tuesday,20,Punjab,Lahore,Urban Road,Average,Foggy,Street Light,Motorcycle,2,Wrong Overtaking,1,0,0,0,5,1,Medium
2020,11,Friday,22,Punjab,Gujranwala,Motorway,Poor,Clear,Street Light,Motorcycle,2,Over Speeding,0,0,1,1,8,3,High
2020,6,Sunday,20,Sindh,Sukkur,Urban Road,Good,Clear,No Light,Rickshaw,2,Over Speeding,1,1,0,0,1,1,Medium
2023,2,Tuesday,17,Punjab,Gujranwala,Provincial Highway,Under Repair,Clear,Dawn/Dusk,Car/Taxi,2,Wrong Overtaking,1,0,0,1,5,0,Medium
2018,12,Saturday,16,Sindh,Thatta,National Highway,Good,Foggy,Daylight,Motorcycle,3,Pedestrian Error,0,1,0,1,2,0,Medium
2020,11,Friday,20,KPK,Swat,National Highway,Average,Clear,No Light,Car/Taxi,2,Signal Violation,1,0,0,1,0,0,Low
2023,7,Sunday,7,Punjab,Sialkot,Urban Road,Good,Clear,Dawn/Dusk,Bus/Coach,1,Over Speeding,1,1,0,0,2,1,Medium
2022,10,Saturday,9,Punjab,Bahawalpur,National Highway,Poor,Foggy,Daylight,Car/Taxi,2,Wrong Overtaking,1,1,0,0,3,1,High
2021,1,Thursday,0,KPK,Abbottabad,Urban Road,Good,Foggy,Street Light,Car/Taxi,3,Wrong Overtaking,0,0,1,1,1,0,Low
2019,8,Friday,2,Sindh,Kashmore,Provincial Highway,Poor,Rainy,No Light,Motorcycle,1,Wrong Overtaking,0,0,1,0,6,0,High
2023,3,Sunday,8,Punjab,Bahawalpur,National Highway,Poor,Clear,Daylight,Motorcycle,2,Road Condition,1,1,0,0,5,0,Medium
2021,8,Monday,3,KPK,Peshawar,Urban Road,Average,Clear,Street Light,Car/Taxi,3,Over Speeding,0,0,1,0,2,0,Low
2018,12,Friday,3,Sindh,Kashmore,Provincial Highway,Average,Clear,No Light,Motorcycle,1,Wrong Overtaking,0,0,1,1,5,0,Medium
2019,4,Friday,16,Punjab,Multan,Provincial Highway,Average,Foggy,Daylight,Bus/Coach,2,Road Condition,0,0,0,0,1,0,Low
2023,5,Wednesday,8,Punjab,Sialkot,National Highway,Under Repair,Rainy,Daylight,Motorcycle,2,Pedestrian Error,1,0,0,0,3,3,High
2020,7,Saturday,19,Punjab,Multan,Provincial Highway,Average,Clear,Daylight,Motorcycle,1,Over Speeding,1,1,0,0,2,1,Medium
2021,2,Thursday,13,KPK,Nowshera,National Highway,Poor,Dusty/Smoggy,Daylight,Car/Taxi,1,Wrong Overtaking,1,0,0,1,0,0,Low
2023,2,Sunday,6,Sindh,Larkana,Motorway,Good,Clear,No Light,Rickshaw,1,Mechanical Failure,0,1,0,1,1,0,Medium
2019,5,Sunday,18,Sindh,Nawabshah,Urban Road,Good,Clear,Daylight,Motorcycle,2,Pedestrian Error,1,1,0,0,2,0,Low
2023,7,Sunday,20,Balochistan,Dera Bugti,National Highway,Good,Clear,No Light,Car/Taxi,1,Driver Fatigue,1,1,0,0,6,2,High
2019,9,Friday,15,Punjab,Multan,Urban Road,Good,Clear,Daylight,Rickshaw,2,Over Speeding,0,0,0,0,2,0,Medium
2022,8,Tuesday,16,Punjab,Sialkot,National Highway,Good,Rainy,Daylight,Car/Taxi,1,Over Speeding,0,0,0,0,5,0,Medium
2019,1,Monday,6,Punjab,Bahawalpur,National Highway,Good,Clear,Daylight,Truck/Lorry,2,Signal Violation,0,0,0,1,5,0,Medium
2022,1,Thursday,20,Punjab,Faisalabad,Provincial Highway,Good,Rainy,No Light,Car/Taxi,2,Mechanical Failure,1,0,0,1,4,0,Medium
2021,1,Tuesday,11,Sindh,Mirpur Khas,National Highway,Average,Foggy,Daylight,Car/Taxi,3,Wrong Overtaking,0,0,0,1,5,1,High
2018,11,Tuesday,11,Sindh,Jacobabad,Urban Road,Poor,Clear,Street Light,Motorcycle,3,Mechanical Failure,0,0,0,1,0,0,Low
2019,1,Wednesday,19,Punjab,Gujranwala,Rural Road,Average,Clear,Dawn/Dusk,Motorcycle,2,Over Speeding,1,0,0,1,11,1,High
2018,9,Friday,7,Punjab,Sargodha,National Highway,Poor,Foggy,Daylight,Motorcycle,2,Over Speeding,1,0,0,0,9,2,High
2020,7,Saturday,10,Punjab,Rawalpindi,Rural Road,Average,Clear,Daylight,Truck/Lorry,4,Signal Violation,0,1,0,0,0,0,Low
2018,7,Thursday,19,Islamabad,Islamabad,Rural Road,Average,Rainy,Street Light,Motorcycle,2,Wrong Overtaking,1,0,0,0,3,0,Medium
2021,6,Tuesday,7,KPK,Swat,Urban Road,Poor,Clear,Street Light,Motorcycle,2,Wrong Overtaking,1,0,0,0,2,0,Low
2021,1,Tuesday,6,Sindh,Mirpur Khas,National Highway,Good,Clear,Daylight,Motorcycle,1,Wrong Overtaking,0,0,0,1,2,2,High
2019,4,Tuesday,7,Punjab,Rawalpindi,Provincial Highway,Average,Foggy,Daylight,Car/Taxi,4,Signal Violation,1,0,0,0,5,0,Medium
2019,12,Sunday,15,Sindh,Nawabshah,Urban Road,Good,Clear,Daylight,Truck/Lorry,3,Mobile Phone Use,0,1,0,1,2,0,Low