year,month,day_of_week,hour_of_day,province,district,road_type,road_condition,weather_condition,lighting_condition,vehicle_type,vehicles_involved,accident_cause,is_rush_hour,is_weekend,is_night,is_foggy_month,num_injured,num_killed,severity
2022,7,Thursday,4,Punjab,Rahim Yar Khan,Rural Road,Poor,Clear,No Light,Motorcycle,2,Wrong Overtaking,0,0,1,0,3,2,High
2020,10,Thursday,15,Gilgit-Baltistan,Hunza,Provincial Highway,Average,Clear,Dawn/Dusk,Motorcycle,3,Road Condition,0,0,0,0,1,1,Medium
2020,2,Wednesday,8,KPK,Nowshera,Provincial Highway,Good,Clear,Dawn/Dusk,Bus/Coach,2,Over Speeding,1,0,0,1,4,0,Medium
2018,6,Wednesday,12,Sindh,Nawabshah,Urban Road,Good,Foggy,Daylight,Car/Taxi,2,Over Speeding,1,0,0,0,0,0,Low
2022,10,Tuesday,20,Sindh,Nawabshah,National Highway,Poor,Foggy,No Light,Motorcycle,1,Over Speeding,1,0,0,0,8,2,High
2022,7,Tuesday,6,Sindh,Mirpur Khas,Provincial Highway,Poor,Clear,Daylight,Bus/Coach,2,Over Speeding,0,0,0,0,4,3,High
2022,3,Sunday,7,Punjab,Sialkot,Urban Road,Average,Rainy,Daylight,Truck/Lorry,1,Wrong Overtaking,1,1,0,0,5,1,Medium
2019,12,Friday,14,Punjab,Sialkot,National Highway,Good,Clear,Daylight,Motorcycle,2,Over Speeding,0,0,0,1,8,1,High
2022,7,Thursday,20,Sindh,Kashmore,National Highway,Average,Foggy,No Light,Van/Pickup,1,Wrong Overtaking,1,0,0,0,5,0,Medium
2023,9,Sunday,13,Punjab,Bahawalpur,National Highway,Poor,Clear,Dawn/Dusk,Motorcycle,1,Over Speeding,1,1,0,0,6,1,High
2022,5,Sunday,8,Punjab,Lahore,Urban Road,Under Repair,Clear,Daylight,Motorcycle,3,Wrong Overtaking,1,1,0,0,5,1,Medium
2023,12,Sunday,14,Sindh,Hyderabad,Rural Road,Average,Extreme Heat,Daylight,Motorcycle,4,Drunk Driving,0,1,0,1,4,0,Medium
2021,6,Saturday,19,Balochistan,Zhob,Provincial Highway,Under Repair,Clear,No Light,Van/Pickup,1,Signal Violation,1,1,0,0,1,1,Medium
2020,1,Tuesday,12,Balochistan,Zhob,Urban Road,Poor,Clear,Daylight,Motorcycle,2,Wrong Overtaking,1,0,0,1,1,0,Low
2022,7,Thursday,12,Punjab,Sargodha,Rural Road,Good,Clear,Daylight,Bus/Coach,1,Signal Violation,1,0,0,0,5,2,Medium
2023,9,Thursday,8,Punjab,Lahore,Motorway,Average,Clear,Daylight,Motorcycle,1,Road Condition,1,0,0,0,3,0,Medium
2023,7,Sunday,20,Sindh,Nawabshah,Urban Road,Good,Dusty/Smoggy,Street Light,Truck/Lorry,2,Mechanical Failure,1,1,0,0,1,0,Low
2021,3,Sunday,6,Balochistan,Chaman,Urban Road,Poor,Clear,Street Light,Motorcycle,2,Over Speeding,0,1,0,0,1,0,Medium
2020,7,Saturday,9,Islamabad,Islamabad,Provincial Highway,Average,Rainy,Daylight,Rickshaw,3,Over Speeding,1,1,0,0,3,0,Medium
2021,1,Thursday,11,Balochistan,Khuzdar,Provincial Highway,Good,Clear,Dawn/Dusk,Car/Taxi,3,Over Speeding,0,0,0,1,2,0,Low
2020,9,Tuesday,21,KPK,Swat,National Highway,Average,Rainy,Street Light,Car/Taxi,2,Mechanical Failure,0,0,0,0,3,2,Medium
2020,9,Saturday,21,Punjab,Lahore,Provincial Highway,Average,Clear,Street Light,Car/Taxi,1,Drunk Driving,0,1,0,0,3,0,Medium
2018,8,Wednesday,9,Punjab,Rawalpindi,Motorway,Good,Clear,Street Light,Car/Taxi,2,Driver Fatigue,1,0,0,0,4,0,Medium
2021,11,Thursday,15,Punjab,Sargodha,Provincial Highway,Average,Clear,Street Light,Car/Taxi,1,Mechanical Failure,0,0,0,1,0,0,Low
2023,11,Monday,22,Sindh,Dadu,Provincial Highway,Poor,Clear,No Light,Car/Taxi,3,Road Condition,0,0,1,1,0,0,Low
2020,1,Monday,23,Punjab,Faisalabad,Urban Road,Good,Foggy,No Light,Bus/Coach,3,Road Condition,0,0,1,1,2,0,Medium
2019,1,Tuesday,17,KPK,Mansehra,Urban Road,Average,Clear,No Light,Car/Taxi,2,Over Speeding,1,0,0,1,4,0,Medium
2020,11,Saturday,11,KPK,Nowshera,Provincial Highway,Average,Clear,Daylight,Motorcycle,2,Mobile Phone Use,0,1,0,1,2,0,Medium
2022,9,Tuesday,6,Punjab,Faisalabad,Urban Road,Good,Clear,Daylight,Motorcycle,2,Signal Violation,0,0,0,0,2,2,Medium
2018,5,Thursday,7,Balochistan,Chaman,Urban Road,Good,Clear,Daylight,Rickshaw,1,Wrong Overtaking,1,0,0,0,1,0,Low
2023,1,Saturday,14,Sindh,Hyderabad,Rural Road,Average,Clear,Dawn/Dusk,Motorcycle,2,Mechanical Failure,0,1,0,1,1,0,Low
2019,4,Saturday,1,Balochistan,Dera Bugti,Provincial Highway,Good,Clear,No Light,Car/Taxi,3,Signal Violation,0,1,1,0,5,1,Medium
2019,11,Sunday,23,Balochistan,Hub,National Highway,Poor,Clear,No Light,Rickshaw,1,Over Speeding,0,1,1,1,6,0,High
2020,9,Tuesday,9,Punjab,Rahim Yar Khan,Rural Road,Average,Clear,Daylight,Truck/Lorry,4,Wrong Overtaking,1,0,0,0,0,1,Low
2022,10,Thursday,9,Punjab,Rahim Yar Khan,National Highway,Poor,Clear,Daylight,Motorcycle,2,Over Speeding,1,0,0,0,6,1,High
2019,7,Tuesday,13,Punjab,Sialkot,Urban Road,Under Repair,Clear,Street Light,Car/Taxi,4,Wrong Overtaking,1,0,0,0,2,1,Low
2018,12,Tuesday,8,KPK,Peshawar,Urban Road,Poor,Clear,Daylight,Truck/Lorry,1,Over Speeding,1,0,0,1,1,0,Medium
2021,4,Saturday,19,Sindh,Jacobabad,National Highway,Good,Clear,Dawn/Dusk,Other,3,Mechanical Failure,1,1,0,0,2,0,Medium
2020,5,Friday,8,Islamabad,Islamabad,Urban Road,Average,Clear,Daylight,Rickshaw,1,Road Condition,1,0,0,0,1,0,Low
2023,1,Friday,8,Punjab,Sialkot,National Highway,Good,Clear,Daylight,Bicycle,1,Over Speeding,1,0,0,1,4,2,High
2020,7,Saturday,19,KPK,Swat,Urban Road,Average,Clear,Dawn/Dusk,Car/Taxi,1,Signal Violation,1,1,0,0,1,0,Low
2023,8,Wednesday,19,AJK,Mirpur,National Highway,Good,Rainy,No Light,Motorcycle,3,Signal Violation,1,0,0,0,2,2,High
2020,1,Friday,22,KPK,Mansehra,Provincial Highway,Good,Rainy,Street Light,Motorcycle,1,Over Speeding,0,0,1,1,7,0,High
2019,12,Thursday,10,Punjab,Sheikhupura,Provincial Highway,Good,Foggy,Daylight,Car/Taxi,3,Mechanical Failure,0,0,0,1,0,0,Low
2020,11,Friday,11,Sindh,Thatta,Rural Road,Average,Rainy,Daylight,Motorcycle,1,Over Speeding,0,0,0,1,4,1,High
2021,6,Monday,18,Punjab,Rahim Yar Khan,National Highway,Average,Clear,Daylight,Rickshaw,2,Over Speeding,1,0,0,0,4,0,Medium
2019,2,Friday,9,Punjab,Sialkot,Urban Road,Good,Clear,Daylight,Car/Taxi,1,Over Speeding,1,0,0,1,0,0,Low
2018,1,Sunday,17,Punjab,Gujranwala,Provincial Highway,Poor,Clear,Daylight,Bus/Coach,1,Road Condition,1,1,0,1,1,0,Low
2020,5,Sunday,15,Punjab,Rahim Yar Khan,National Highway,Good,Rainy,Daylight,Motorcycle,2,Pedestrian Error,0,1,0,0,2,0,Medium
2022,9,Tuesday,16,KPK,Nowshera,National Highway,Good,Clear,No Light,Motorcycle,2,Road Condition,0,0,0,0,1,0,Medium
2022,12,Wednesday,11,Punjab,Rawalpindi,Urban Road,Average,Foggy,Daylight,Motorcycle,3,Drunk Driving,0,0,0,1,8,2,High
2023,7,Saturday,19,KPK,Bannu,National Highway,Average,Foggy,Dawn/Dusk,Rickshaw,1,Drunk Driving,1,1,0,0,5,0,Medium
2022,7,Friday,19,Punjab,Sialkot,Motorway,Under Repair,Clear,No Light,Truck/Lorry,2,Drunk Driving,1,0,0,0,7,4,High
2023,5,Sunday,9,Punjab,Faisalabad,Provincial Highway,Good,Rainy,Daylight,Motorcycle,1,Signal Violation,1,1,0,0,4,2,High
2023,6,Saturday,18,Punjab,Gujranwala,National Highway,Average,Dusty/Smoggy,Daylight,Motorcycle,3,Drunk Driving,1,1,0,0,6,0,High
2019,1,Monday,19,Punjab,Sheikhupura,National Highway,Average,Dusty/Smoggy,No Light,Motorcycle,1,Over Speeding,1,0,0,1,2,3,High
2018,11,Saturday,2,Punjab,Sialkot,Urban Road,Good,Clear,Street Light,Motorcycle,3,Drunk Driving,0,1,1,1,5,1,Medium
2022,4,Thursday,12,Sindh,Dadu,Provincial Highway,Under Repair,Foggy,Daylight,Motorcycle,1,Drunk Driving,1,0,0,0,2,1,High
2023,12,Friday,19,AJK,Rawalakot,Urban Road,Poor,Foggy,Dawn/Dusk,Car/Taxi,4,Over Speeding,1,0,0,1,4,1,Medium
2023,9,Saturday,17,Punjab,Lahore,Rural Road,Average,Rainy,Dawn/Dusk,Motorcycle,2,Signal Violation,1,1,0,0,5,0,Medium
2023,8,Tuesday,22,Punjab,Faisalabad,Urban Road,Good,Clear,Street Light,Motorcycle,2,Wrong Overtaking,0,0,1,0,5,0,Medium
2021,11,Sunday,8,Punjab,Sheikhupura,Rural Road,Average,Clear,Daylight,Car/Taxi,1,Drunk Driving,1,1,0,1,2,0,Low
2023,9,Monday,8,Balochistan,Sibi,National Highway,Average,Foggy,Street Light,Van/Pickup,2,Pedestrian Error,1,0,0,0,5,2,Medium
2023,11,Sunday,20,KPK,Peshawar,Urban Road,Good,Clear,Street Light,Bus/Coach,2,Mechanical Failure,1,1,0,1,0,0,Low
2020,2,Friday,11,KPK,Kohat,Rural Road,Poor,Foggy,Daylight,Motorcycle,1,Over Speeding,0,0,0,1,8,0,High
2022,3,Sunday,7,Punjab,Sialkot,National Highway,Poor,Extreme Heat,Daylight,Motorcycle,1,Wrong Overtaking,1,1,0,0,2,0,Medium
2019,4,Sunday,22,Punjab,Gujranwala,Provincial Highway,Good,Clear,Street Light,Motorcycle,2,Over Speeding,0,1,1,0,4,1,High
2021,2,Sunday,16,Punjab,Rahim Yar Khan,National Highway,Poor,Clear,Daylight,Bicycle,1,Wrong Overtaking,0,1,0,1,5,0,High
2020,2,Tuesday,11,Balochistan,Khuzdar,Rural Road,Good,Rainy,Daylight,Truck/Lorry,2,Pedestrian Error,0,0,0,1,2,1,Medium
2018,3,Thursday,20,Punjab,Sialkot,National Highway,Poor,Extreme Heat,Street Light,Bus/Coach,1,Drunk Driving,1,0,0,0,7,0,High
2023,6,Monday,19,Sindh,Dadu,Rural Road,Good,Clear,Dawn/Dusk,Bus/Coach,2,Drunk Driving,1,0,0,0,2,0,Medium
2020,6,Friday,17,Sindh,Kashmore,Rural Road,Poor,Extreme Heat,Daylight,Motorcycle,1,Driver Fatigue,1,0,0,0,3,0,Medium
2023,1,Monday,10,Sindh,Larkana,Urban Road,Good,Clear,Daylight,Car/Taxi,4,Mechanical Failure,0,0,0,1,2,0,Low
2022,5,Sunday,4,Punjab,Faisalabad,Urban Road,Good,Clear,No Light,Car/Taxi,1,Pedestrian Error,0,1,1,0,2,1,Low
2023,5,Monday,10,Sindh,Sukkur,Urban Road,Average,Clear,Daylight,Rickshaw,1,Signal Violation,0,0,0,0,2,0,Low
2022,10,Wednesday,8,Punjab,Sargodha,Urban Road,Good,Rainy,Daylight,Car/Taxi,2,Over Speeding,1,0,0,0,1,0,Medium
2020,1,Saturday,13,Gilgit-Baltistan,Gilgit,National Highway,Good,Clear,Dawn/Dusk,Motorcycle,3,Drunk Driving,1,1,0,1,9,4,High
2021,7,Tuesday,10,Punjab,Sargodha,Provincial Highway,Under Repair,Clear,Daylight,Motorcycle,3,Pedestrian Error,0,0,0,0,2,0,Medium
2019,9,Friday,21,Punjab,Rahim Yar Khan,Provincial Highway,Good,Clear,No Light,Rickshaw,3,Wrong Overtaking,0,0,0,0,0,0,Low
2021,6,Saturday,10,Punjab,Rahim Yar Khan,Provincial Highway,Average,Rainy,Daylight,Car/Taxi,1,Over Speeding,0,1,0,0,2,0,Medium
2023,10,Tuesday,12,KPK,Nowshera,Urban Road,Average,Clear,Daylight,Motorcycle,3,Mechanical Failure,1,0,0,0,1,0,Medium
2020,10,Monday,10,Punjab,Rahim Yar Khan,National Highway,Good,Rainy,Daylight,Van/Pickup,1,Signal Violation,0,0,0,0,5,0,Medium
2018,1,Friday,8,Sindh,Kashmore,Motorway,Average,Clear,Daylight,Motorcycle,1,Wrong Overtaking,1,0,0,1,11,4,High
2021,4,Saturday,9,Punjab,Sialkot,National Highway,Poor,Rainy,Daylight,Motorcycle,2,Signal Violation,1,1,0,0,10,2,High
2020,12,Thursday,10,Punjab,Faisalabad,Provincial Highway,Poor,Clear,Dawn/Dusk,Car/Taxi,2,Drunk Driving,0,0,0,1,2,1,Medium
2019,10,Saturday,21,Sindh,Karachi,National Highway,Poor,Clear,No Light,Motorcycle,1,Drunk Driving,0,1,0,0,10,0,High
2021,1,Saturday,20,Punjab,Rawalpindi,National Highway,Average,Foggy,Street Light,Car/Taxi,2,Wrong Overtaking,1,1,0,1,2,4,High
2020,9,Monday,8,KPK,Bannu,Provincial Highway,Good,Clear,Dawn/Dusk,Motorcycle,1,Over Speeding,1,0,0,0,8,0,High
2019,7,Saturday,20,KPK,Dera Ismail Khan,Urban Road,Good,Clear,No Light,Motorcycle,1,Mechanical Failure,1,1,0,0,2,0,Medium
2020,11,Friday,17,Balochistan,Hub,Provincial Highway,Under Repair,Clear,Dawn/Dusk,Car/Taxi,2,Signal Violation,1,0,0,1,1,0,Low
2023,7,Saturday,11,Punjab,Gujranwala,Urban Road,Good,Foggy,Daylight,Bus/Coach,2,Over Speeding,0,1,0,0,3,2,Medium
2022,1,Tuesday,5,Sindh,Kashmore,Provincial Highway,Poor,Clear,Street Light,Motorcycle,3,Driver Fatigue,0,0,1,1,11,1,High
2022,10,Wednesday,16,Islamabad,Islamabad,National Highway,Average,Clear,Daylight,Rickshaw,2,Wrong Overtaking,0,0,0,0,2,2,Medium
2023,6,Friday,11,KPK,Dera Ismail Khan,Provincial Highway,Average,Clear,Daylight,Car/Taxi,2,Over Speeding,0,0,0,0,1,0,Low
2019,6,Thursday,18,Punjab,Multan,National Highway,Good,Clear,Daylight,Bus/Coach,2,Wrong Overtaking,1,0,0,0,5,1,High
2022,6,Monday,22,Sindh,Larkana,National Highway,Under Repair,Clear,No Light,Car/Taxi,4,Signal Violation,0,0,1,0,2,2,Medium
2023,4,Saturday,5,Islamabad,Islamabad,Provincial Highway,Good,Clear,No Light,Van/Pickup,3,Pedestrian Error,0,1,1,0,2,1,Medium
2020,11,Wednesday,14,Sindh,Jacobabad,Provincial Highway,Average,Clear,Daylight,Car/Taxi,3,Signal Violation,0,0,0,1,2,0,Low
2018,5,Sunday,8,KPK,Dera Ismail Khan,Rural Road,Poor,Clear,Daylight,Motorcycle,2,Driver Fatigue,1,1,0,0,3,0,High
2019,11,Tuesday,18,Sindh,Hyderabad,National Highway,Good,Dusty/Smoggy,Daylight,Motorcycle,1,Driver Fatigue,1,0,0,1,6,1,High
2022,10,Tuesday,22,Punjab,Sargodha,National Highway,Average,Clear,No Light,Motorcycle,1,Wrong Overtaking,0,0,1,0,7,2,High
2023,2,Tuesday,7,Punjab,Multan,Provincial Highway,Under Repair,Clear,Dawn/Dusk,Rickshaw,1,Road Condition,1,0,0,1,1,0,Low
2022,6,Wednesday,22,Punjab,Sialkot,National Highway,Good,Clear,No Light,Motorcycle,1,Driver Fatigue,0,0,1,0,9,1,High
2020,7,Saturday,23,Punjab,Lahore,Rural Road,Good,Clear,No Light,Motorcycle,1,Wrong Overtaking,0,1,1,0,3,1,Medium
2020,7,Thursday,15,Balochistan,Loralai,Urban Road,Poor,Foggy,Street Light,Van/Pickup,1,Mechanical Failure,0,0,0,0,0,0,Low
2021,1,Sunday,20,Sindh,Sukkur,Motorway,Average,Rainy,No Light,Motorcycle,3,Over Speeding,1,1,0,1,2,1,High
2020,1,Sunday,13,KPK,Bannu,National Highway,Good,Clear,Daylight,Rickshaw,2,Mechanical Failure,1,1,0,1,1,0,Low
2022,12,Friday,1,Sindh,Mirpur Khas,Provincial Highway,Average,Foggy,Street Light,Car/Taxi,2,Driver Fatigue,0,0,1,1,4,1,High
2021,12,Wednesday,12,Punjab,Sialkot,Provincial Highway,Good,Rainy,Daylight,Motorcycle,3,Signal Violation,1,0,0,1,4,1,Medium
2020,10,Wednesday,12,Punjab,Rahim Yar Khan,Provincial Highway,Average,Dusty/Smoggy,Daylight,Motorcycle,3,Signal Violation,1,0,0,0,3,0,Medium
2023,2,Sunday,16,Islamabad,Islamabad,National Highway,Good,Clear,Street Light,Motorcycle,1,Mobile Phone Use,0,1,0,1,5,0,Medium
2023,1,Friday,12,Sindh,Nawabshah,Urban Road,Poor,Clear,Daylight,Motorcycle,3,Mechanical Failure,1,0,0,1,3,0,Medium
2023,12,Thursday,9,Sindh,Jacobabad,National Highway,Poor,Extreme Heat,Street Light,Bus/Coach,2,Driver Fatigue,1,0,0,1,7,0,High
2022,2,Friday,17,Gilgit-Baltistan,Hunza,Urban Road,Under Repair,Clear,Daylight,Motorcycle,3,Pedestrian Error,1,0,0,1,2,0,Medium
2020,5,Wednesday,18,Punjab,Lahore,Provincial Highway,Good,Clear,Dawn/Dusk,Van/Pickup,2,Driver Fatigue,1,0,0,0,1,1,Medium
2018,8,Friday,12,Balochistan,Quetta,Rural Road,Average,Clear,Dawn/Dusk,Car/Taxi,2,Pedestrian Error,1,0,0,0,2,1,Low
2023,4,Saturday,19,Balochistan,Loralai,Provincial Highway,Poor,Clear,No Light,Motorcycle,2,Over Speeding,1,1,0,0,11,1,High
2020,5,Wednesday,7,Punjab,Rahim Yar Khan,Provincial Highway,Poor,Foggy,Street Light,Motorcycle,4,Driver Fatigue,1,0,0,0,7,2,High
2022,1,Saturday,8,Punjab,Faisalabad,National Highway,Average,Dusty/Smoggy,Dawn/Dusk,Truck/Lorry,1,Wrong Overtaking,1,1,0,1,1,0,Medium
2022,11,Friday,14,AJK,Rawalakot,National Highway,Average,Clear,No Light,Van/Pickup,2,Over Speeding,0,0,0,1,1,0,Medium
2018,3,Monday,16,Sindh,Thatta,Provincial Highway,Poor,Clear,Street Light,Van/Pickup,4,Pedestrian Error,0,0,0,0,1,0,Low
2023,11,Wednesday,20,Punjab,Lahore,Provincial Highway,Average,Foggy,No Light,Car/Taxi,2,Wrong Overtaking,1,0,0,1,4,1,Medium
2022,5,Sunday,5,Sindh,Mirpur Khas,Urban Road,Good,Clear,Street Light,Motorcycle,3,Wrong Overtaking,0,1,1,0,5,0,Medium
2019,10,Saturday,20,Sindh,Kashmore,Rural Road,Good,Extreme Heat,Street Light,Car/Taxi,2,Road Condition,1,1,0,0,1,0,Low
2023,2,Monday,12,KPK,Mardan,Provincial Highway,Average,Clear,Daylight,Rickshaw,2,Over Speeding,1,0,0,1,2,1,Medium
2023,10,Thursday,18,Islamabad,Islamabad,National Highway,Poor,Clear,Daylight,Motorcycle,4,Wrong Overtaking,1,0,0,0,10,1,High
2019,2,Wednesday,20,Balochistan,Khuzdar,Provincial Highway,Average,Dusty/Smoggy,No Light,Bus/Coach,1,Signal Violation,1,0,0,1,2,0,Medium
2022,12,Saturday,17,Islamabad,Islamabad,Urban Road,Under Repair,Clear,Daylight,Motorcycle,3,Driver Fatigue,1,1,0,1,5,1,Medium
2022,7,Friday,17,Punjab,Gujranwala,Urban Road,Under Repair,Clear,Dawn/Dusk,Motorcycle,1,Mobile Phone Use,1,0,0,0,1,0,Low
2023,11,Saturday,10,KPK,Dera Ismail Khan,National Highway,Good,Rainy,No Light,Motorcycle,3,Over Speeding,0,1,0,1,5,0,High
2022,12,Wednesday,9,Punjab,Gujranwala,National Highway,Good,Foggy,Daylight,Car/Taxi,2,Over Speeding,1,0,0,1,7,0,High
2023,10,Friday,0,Punjab,Faisalabad,Provincial Highway,Poor,Clear,Street Light,Car/Taxi,2,Over Speeding,0,0,1,0,3,0,Medium
2020,1,Thursday,18,KPK,Swat,Urban Road,Good,Dusty/Smoggy,Daylight,Car/Taxi,2,Mobile Phone Use,1,0,0,1,0,0,Low
2020,7,Sunday,17,Punjab,Sargodha,Urban Road,Average,Rainy,Daylight,Motorcycle,1,Driver Fatigue,1,1,0,0,4,1,Medium
2019,10,Thursday,7,Balochistan,Zhob,Urban Road,Under Repair,Extreme Heat,Daylight,Bicycle,1,Wrong Overtaking,1,0,0,0,2,1,Medium
2023,2,Monday,10,Punjab,Rawalpindi,Motorway,Average,Rainy,Dawn/Dusk,Van/Pickup,3,Over Speeding,0,0,0,1,2,2,Medium
2023,6,Monday,17,KPK,Swat,National Highway,Average,Foggy,Daylight,Van/Pickup,3,Over Speeding,1,0,0,0,5,1,High
2020,6,Monday,17,Punjab,Sargodha,Provincial Highway,Under Repair,Clear,Daylight,Motorcycle,4,Road Condition,1,0,0,0,2,0,Medium
2022,11,Friday,19,Punjab,Lahore,National Highway,Average,Foggy,Dawn/Dusk,Car/Taxi,2,Mechanical Failure,1,0,0,1,1,0,Low
2022,3,Sunday,13,Sindh,Thatta,National Highway,Good,Clear,Daylight,Car/Taxi,1,Mobile Phone Use,1,1,0,0,2,0,Medium
2023,12,Monday,19,Punjab,Bahawalpur,Motorway,Average,Clear,Dawn/Dusk,Bus/Coach,2,Over Speeding,1,0,0,1,11,3,High
2020,6,Thursday,8,Sindh,Sukkur,Provincial Highway,Under Repair,Dusty/Smoggy,Dawn/Dusk,Motorcycle,2,Road Condition,1,0,0,0,2,0,Low
2019,9,Sunday,22,Islamabad,Islamabad,Provincial Highway,Poor,Clear,Street Light,Motorcycle,2,Over Speeding,0,1,1,0,11,1,High
2023,7,Friday,17,Sindh,Nawabshah,Provincial Highway,Good,Clear,Daylight,Motorcycle,2,Driver Fatigue,1,0,0,0,11,2,High
2019,8,Wednesday,8,Punjab,Faisalabad,Urban Road,Poor,Clear,Daylight,Car/Taxi,2,Wrong Overtaking,1,0,0,0,2,0,Low
2021,1,Sunday,6,Punjab,Bahawalpur,Rural Road,Average,Clear,Daylight,Motorcycle,2,Wrong Overtaking,0,1,0,1,3,0,Medium
2019,2,Thursday,0,Sindh,Thatta,Urban Road,Good,Clear,No Light,Van/Pickup,2,Wrong Overtaking,0,0,1,1,2,0,Low
2022,11,Tuesday,14,Sindh,Sukkur,Rural Road,Good,Clear,Daylight,Motorcycle,1,Wrong Overtaking,0,0,0,1,1,0,Medium
2019,11,Saturday,8,Sindh,Nawabshah,National Highway,Under Repair,Clear,Daylight,Bus/Coach,2,Mechanical Failure,1,1,0,1,4,1,Medium
2019,12,Thursday,23,Punjab,Lahore,National Highway,Average,Clear,Street Light,Motorcycle,1,Mechanical Failure,0,0,1,1,2,1,Medium
2023,2,Wednesday,14,KPK,Swat,Provincial Highway,Poor,Clear,Daylight,Motorcycle,2,Mobile Phone Use,0,0,0,1,1,0,Medium
2019,1,Saturday,1,Punjab,Sheikhupura,Rural Road,Good,Foggy,Street Light,Car/Taxi,2,Over Speeding,0,1,1,1,3,1,Medium
2019,1,Thursday,15,Sindh,Jacobabad,Provincial Highway,Poor,Foggy,Daylight,Car/Taxi,1,Road Condition,0,0,0,1,2,0,Low
2018,12,Monday,15,Sindh,Larkana,Provincial Highway,Poor,Clear,Daylight,Other,1,Wrong Overtaking,0,0,0,1,3,0,Medium
2023,9,Wednesday,10,Punjab,Rawalpindi,Provincial Highway,Average,Clear,Daylight,Bus/Coach,2,Road Condition,0,0,0,0,1,1,Low
2020,12,Tuesday,21,KPK,Dera Ismail Khan,National Highway,Good,Rainy,Street Light,Car/Taxi,3,Wrong Overtaking,0,0,0,1,3,2,Medium
2020,11,Friday,20,Sindh,Thatta,National Highway,Poor,Dusty/Smoggy,Street Light,Bicycle,3,Over Speeding,1,0,0,1,6,0,High
2022,6,Tuesday,9,Sindh,Thatta,National Highway,Good,Clear,Daylight,Car/Taxi,2,Over Speeding,1,0,0,0,3,1,Medium
2020,9,Tuesday,14,Sindh,Nawabshah,Rural Road,Good,Foggy,Daylight,Bicycle,1,Pedestrian Error,0,0,0,0,5,0,Medium
2022,4,Saturday,12,Balochistan,Loralai,Rural Road,Average,Clear,Daylight,Car/Taxi,2,Over Speeding,1,1,0,0,0,0,Low
2021,9,Wednesday,16,KPK,Mardan,National Highway,Good,Clear,Daylight,Car/Taxi,3,Signal Violation,0,0,0,0,1,0,Low
2018,2,Sunday,17,Punjab,Rawalpindi,National Highway,Poor,Rainy,Daylight,Van/Pickup,1,Pedestrian Error,1,1,0,1,2,0,Medium
2020,8,Saturday,5,Punjab,Multan,Urban Road,Good,Clear,No Light,Motorcycle,2,Mechanical Failure,0,1,1,0,4,0,Medium
2022,5,Saturday,8,Punjab,Sialkot,Urban Road,Poor,Foggy,Daylight,Car/Taxi,3,Over Speeding,1,1,0,0,0,0,Low
2020,12,Wednesday,22,Punjab,Faisalabad,National Highway,Average,Clear,Street Light,Motorcycle,3,Mechanical Failure,0,0,1,1,4,0,High
2020,1,Tuesday,7,Gilgit-Baltistan,Hunza,National Highway,Average,Clear,Street Light,Motorcycle,2,Pedestrian Error,1,0,0,1,3,1,Medium
2021,3,Tuesday,14,Punjab,Bahawalpur,National Highway,Average,Clear,Street Light,Car/Taxi,2,Mechanical Failure,0,0,0,0,2,0,Low
2023,1,Monday,12,Balochistan,Khuzdar,Rural Road,Average,Clear,Daylight,Motorcycle,2,Over Speeding,1,0,0,1,5,1,Medium
2018,1,Friday,15,Punjab,Rahim Yar Khan,Provincial Highway,Good,Clear,Daylight,Bus/Coach,2,Over Speeding,0,0,0,1,3,1,High
2021,9,Thursday,1,Sindh,Thatta,National Highway,Under Repair,Clear,No Light,Motorcycle,1,Over Speeding,0,0,1,0,4,1,High
2022,6,Tuesday,23,Islamabad,Islamabad,National Highway,Good,Extreme Heat,Street Light,Van/Pickup,2,Driver Fatigue,0,0,1,0,4,0,Medium
2018,7,Thursday,12,Punjab,Sargodha,Urban Road,Average,Clear,Daylight,Motorcycle,2,Pedestrian Error,1,0,0,0,1,0,Low
2021,12,Sunday,22,Sindh,Dadu,Rural Road,Poor,Foggy,Street Light,Car/Taxi,2,Signal Violation,0,1,1,1,0,0,Low
2020,10,Wednesday,22,Balochistan,Zhob,Rural Road,Good,Dusty/Smoggy,Street Light,Motorcycle,1,Wrong Overtaking,0,0,1,0,2,1,Medium
2022,1,Saturday,18,Islamabad,Islamabad,National Highway,Average,Rainy,Daylight,Car/Taxi,4,Mechanical Failure,1,1,0,1,1,0,Low
2023,9,Saturday,15,Balochistan,Hub,National Highway,Average,Dusty/Smoggy,Daylight,Motorcycle,1,Wrong Overtaking,0,1,0,0,6,0,High
2019,8,Sunday,12,Balochistan,Turbat,Urban Road,Good,Clear,Street Light,Motorcycle,1,Wrong Overtaking,1,1,0,0,1,0,Low
2018,3,Monday,20,Sindh,Karachi,Rural Road,Good,Dusty/Smoggy,No Light,Motorcycle,2,Over Speeding,1,0,0,0,1,1,Medium
2022,9,Tuesday,17,Punjab,Multan,National Highway,Good,Clear,Daylight,Motorcycle,3,Over Speeding,1,0,0,0,11,1,High
2018,3,Monday,10,KPK,Nowshera,Provincial Highway,Average,Rainy,Daylight,Motorcycle,1,Over Speeding,0,0,0,0,10,2,High
2022,2,Friday,23,AJK,Rawalakot,Motorway,Good,Foggy,Street Light,Motorcycle,1,Mobile Phone Use,0,0,1,1,6,1,High
2019,1,Friday,7,Sindh,Mirpur Khas,Urban Road,Poor,Foggy,Daylight,Bicycle,1,Over Speeding,1,0,0,1,2,1,Medium