year,month,day_of_week,hour_of_day,province,district,road_type,road_condition,weather_condition,lighting_condition,vehicle_type,vehicles_involved,accident_cause,is_rush_hour,is_weekend,is_night,is_foggy_month,num_injured,num_killed,severity
2018,10,Tuesday,21,Punjab,Bahawalpur,Rural Road,Poor,Clear,Street Light,Motorcycle,2,Over Speeding,0,0,0,0,11,1,High
2019,12,Saturday,21,Sindh,Hyderabad,Provincial Highway,Under Repair,Clear,No Light,Car/Taxi,2,Pedestrian Error,0,1,0,1,2,0,Low
2021,12,Wednesday,12,KPK,Bannu,National Highway,Good,Foggy,Daylight,Motorcycle,3,Pedestrian Error,1,0,0,1,3,1,Medium
2023,5,Wednesday,13,Punjab,Gujranwala,Rural Road,Average,Foggy,Daylight,Car/Taxi,2,Over Speeding,1,0,0,0,2,1,Medium
2022,10,Tuesday,1,KPK,Kohat,National Highway,Good,Clear,Street Light,Rickshaw,2,Wrong Overtaking,0,0,1,0,3,0,Medium
2022,12,Saturday,20,Sindh,Sukkur,Rural Road,Average,Clear,Street Light,Motorcycle,3,Road Condition,1,1,0,1,2,0,Low
2023,2,Thursday,17,Sindh,Hyderabad,Urban Road,Good,Rainy,Daylight,Truck/Lorry,2,Over Speeding,1,0,0,1,4,2,Medium
2019,9,Tuesday,13,Punjab,Sheikhupura,Provincial Highway,Good,Clear,Daylight,Motorcycle,3,Wrong Overtaking,1,0,0,0,4,0,Medium
2018,1,Saturday,12,Punjab,Multan,Provincial Highway,Average,Foggy,Dawn/Dusk,Bicycle,2,Signal Violation,1,1,0,1,3,0,Medium
2019,5,Wednesday,4,Sindh,Mirpur Khas,Urban Road,Good,Rainy,No Light,Motorcycle,4,Mechanical Failure,0,0,1,0,3,0,High
2018,2,Wednesday,16,Sindh,Sukkur,Urban Road,Good,Clear,Daylight,Motorcycle,2,Drunk Driving,0,0,0,1,7,3,High
2018,12,Tuesday,17,Punjab,Sialkot,Provincial Highway,Under Repair,Rainy,Daylight,Motorcycle,3,Driver Fatigue,1,0,0,1,10,4,High
2020,7,Sunday,12,Punjab,Gujranwala,Urban Road,Under Repair,Dusty/Smoggy,Daylight,Car/Taxi,1,Over Speeding,1,1,0,0,0,0,Low
2020,2,Tuesday,17,Punjab,Rawalpindi,National Highway,Good,Foggy,Daylight,Rickshaw,3,Wrong Overtaking,1,0,0,1,1,0,Medium
2018,1,Wednesday,7,Sindh,Kashmore,National Highway,Poor,Clear,Daylight,Car/Taxi,3,Signal Violation,1,0,0,1,5,0,Medium
2020,9,Tuesday,7,AJK,Mirpur,National Highway,Good,Clear,Daylight,Motorcycle,3,Mobile Phone Use,1,0,0,0,4,0,Medium
2023,12,Friday,23,KPK,Peshawar,Urban Road,Average,Foggy,Street Light,Car/Taxi,1,Wrong Overtaking,0,0,1,1,2,0,Low
2023,10,Monday,17,Balochistan,Dera Bugti,Provincial Highway,Good,Foggy,Dawn/Dusk,Car/Taxi,2,Pedestrian Error,1,0,0,0,0,0,Low
2023,7,Thursday,14,Sindh,Sukkur,National Highway,Poor,Foggy,Dawn/Dusk,Van/Pickup,1,Over Speeding,0,0,0,0,4,2,High
2023,7,Sunday,8,Sindh,Sukkur,Urban Road,Average,Clear,Street Light,Motorcycle,2,Over Speeding,1,1,0,0,4,0,Medium
2018,11,Saturday,0,Punjab,Gujranwala,Urban Road,Average,Rainy,Street Light,Car/Taxi,4,Pedestrian Error,0,1,1,1,3,2,Medium
2022,7,Thursday,17,KPK,Bannu,Provincial Highway,Good,Clear,Daylight,Rickshaw,3,Drunk Driving,1,0,0,0,3,0,Medium
2022,7,Saturday,21,Sindh,Larkana,National Highway,Poor,Extreme Heat,No Light,Car/Taxi,1,Pedestrian Error,0,1,0,0,3,0,Medium
2021,3,Monday,8,KPK,Mardan,Provincial Highway,Good,Foggy,Street Light,Motorcycle,1,Road Condition,1,0,0,0,4,0,Medium
2020,1,Monday,8,Punjab,Lahore,Urban Road,Average,Clear,Daylight,Motorcycle,4,Over Speeding,1,0,0,1,6,1,High
2020,12,Monday,9,Punjab,Sargodha,Rural Road,Average,Foggy,Daylight,Car/Taxi,1,Wrong Overtaking,1,0,0,1,2,0,Medium
2020,12,Wednesday,20,Punjab,Sheikhupura,Motorway,Poor,Clear,Street Light,Car/Taxi,2,Wrong Overtaking,1,0,0,1,1,2,Medium
2018,8,Sunday,22,KPK,Mansehra,National Highway,Average,Foggy,Street Light,Car/Taxi,2,Wrong Overtaking,0,1,1,0,6,0,High
2021,7,Sunday,18,Punjab,Sheikhupura,Urban Road,Good,Foggy,Daylight,Motorcycle,2,Mechanical Failure,1,1,0,0,4,2,Medium
2023,8,Saturday,9,Punjab,Multan,Provincial Highway,Good,Foggy,Dawn/Dusk,Motorcycle,2,Pedestrian Error,1,1,0,0,3,1,Medium
2021,8,Friday,7,Islamabad,Islamabad,Rural Road,Good,Rainy,Daylight,Bus/Coach,1,Over Speeding,1,0,0,0,4,0,High
2020,12,Saturday,0,Sindh,Nawabshah,Rural Road,Average,Clear,No Light,Bus/Coach,2,Wrong Overtaking,0,1,1,1,2,0,Low
2019,5,Sunday,13,Punjab,Faisalabad,Urban Road,Average,Foggy,Daylight,Car/Taxi,2,Mechanical Failure,1,1,0,0,2,1,Low
2019,6,Tuesday,13,Punjab,Rahim Yar Khan,National Highway,Good,Clear,Daylight,Car/Taxi,3,Signal Violation,1,0,0,0,1,0,Medium
2020,11,Monday,9,Punjab,Gujranwala,Provincial Highway,Average,Clear,Daylight,Car/Taxi,2,Mobile Phone Use,1,0,0,1,0,0,Low
2021,10,Thursday,9,Sindh,Jacobabad,National Highway,Average,Clear,Street Light,Truck/Lorry,1,Over Speeding,1,0,0,0,2,2,High
2021,3,Saturday,11,KPK,Mansehra,National Highway,Average,Extreme Heat,Street Light,Bus/Coach,2,Drunk Driving,0,1,0,0,2,2,Medium
2021,11,Sunday,10,Punjab,Lahore,Rural Road,Average,Dusty/Smoggy,Daylight,Van/Pickup,1,Driver Fatigue,0,1,0,1,2,0,Low
2023,12,Sunday,8,Balochistan,Khuzdar,Rural Road,Average,Dusty/Smoggy,Daylight,Motorcycle,3,Over Speeding,1,1,0,1,7,0,High
2020,12,Friday,14,Punjab,Gujranwala,Urban Road,Average,Clear,Daylight,Bicycle,2,Driver Fatigue,0,0,0,1,5,3,High
2022,10,Tuesday,2,Punjab,Sheikhupura,Urban Road,Good,Dusty/Smoggy,Street Light,Van/Pickup,4,Driver Fatigue,0,0,1,0,2,1,Medium
2023,7,Friday,5,AJK,Muzaffarabad,National Highway,Poor,Rainy,Dawn/Dusk,Car/Taxi,1,Wrong Overtaking,0,0,1,0,5,1,Medium
2020,3,Sunday,14,Punjab,Rahim Yar Khan,Provincial Highway,Poor,Clear,Daylight,Car/Taxi,2,Signal Violation,0,1,0,0,2,0,Low
2021,12,Sunday,9,Balochistan,Sibi,Provincial Highway,Average,Clear,Daylight,Bicycle,4,Pedestrian Error,1,1,0,1,2,1,Medium
2022,6,Thursday,5,KPK,Peshawar,Provincial Highway,Good,Foggy,No Light,Rickshaw,3,Wrong Overtaking,0,0,1,0,4,0,Medium
2020,8,Friday,21,Punjab,Faisalabad,Provincial Highway,Good,Foggy,No Light,Motorcycle,2,Signal Violation,0,0,0,0,3,2,High
2019,3,Thursday,14,Sindh,Larkana,National Highway,Average,Foggy,Daylight,Car/Taxi,1,Over Speeding,0,0,0,0,11,0,High
2023,12,Saturday,21,Sindh,Nawabshah,Provincial Highway,Average,Clear,Street Light,Motorcycle,2,Mobile Phone Use,0,1,0,1,2,0,Low
2023,1,Friday,18,Islamabad,Islamabad,Rural Road,Poor,Clear,Daylight,Rickshaw,1,Pedestrian Error,1,0,0,1,2,0,Low
2020,6,Friday,9,Sindh,Karachi,Rural Road,Average,Clear,Daylight,Truck/Lorry,2,Drunk Driving,1,0,0,0,1,1,Medium
2023,11,Friday,20,Sindh,Jacobabad,National Highway,Good,Rainy,No Light,Truck/Lorry,2,Over Speeding,1,0,0,1,4,2,High
2023,6,Thursday,22,Punjab,Sheikhupura,Rural Road,Good,Foggy,No Light,Van/Pickup,2,Over Speeding,0,0,1,0,8,1,High
2019,9,Thursday,20,Sindh,Dadu,Provincial Highway,Poor,Clear,Street Light,Motorcycle,2,Road Condition,1,0,0,0,1,0,Low
2021,6,Wednesday,21,Punjab,Sheikhupura,Rural Road,Poor,Clear,No Light,Bus/Coach,2,Signal Violation,0,0,0,0,5,1,Medium
2023,5,Tuesday,5,Punjab,Faisalabad,National Highway,Good,Clear,Dawn/Dusk,Car/Taxi,1,Over Speeding,0,0,1,0,3,0,Medium
2023,5,Friday,7,Gilgit-Baltistan,Gilgit,Urban Road,Poor,Clear,Daylight,Truck/Lorry,2,Weather Condition,1,0,0,0,2,0,Low
2023,1,Friday,11,Punjab,Faisalabad,Rural Road,Good,Dusty/Smoggy,Daylight,Motorcycle,2,Over Speeding,0,0,0,1,3,0,Medium
2022,7,Tuesday,22,Punjab,Lahore,Urban Road,Poor,Clear,Street Light,Bus/Coach,3,Signal Violation,0,0,1,0,5,1,Medium
2021,12,Thursday,12,KPK,Dera Ismail Khan,Provincial Highway,Average,Dusty/Smoggy,Daylight,Car/Taxi,2,Over Speeding,1,0,0,1,3,0,Medium
2021,11,Saturday,19,KPK,Mardan,National Highway,Poor,Clear,Dawn/Dusk,Car/Taxi,2,Over Speeding,1,1,0,1,1,0,Medium
2021,6,Friday,10,Punjab,Rawalpindi,National Highway,Average,Rainy,Daylight,Motorcycle,3,Wrong Overtaking,0,0,0,0,5,1,High
2018,11,Sunday,18,Punjab,Faisalabad,Rural Road,Good,Clear,Dawn/Dusk,Motorcycle,3,Drunk Driving,1,1,0,1,1,1,Medium
2021,7,Thursday,7,Punjab,Gujranwala,National Highway,Poor,Foggy,Daylight,Motorcycle,1,Driver Fatigue,1,0,0,0,9,1,High
2020,11,Sunday,16,Punjab,Multan,Rural Road,Average,Clear,Daylight,Bus/Coach,2,Signal Violation,0,1,0,1,4,0,Medium
2022,10,Friday,13,Sindh,Jacobabad,Urban Road,Poor,Dusty/Smoggy,Dawn/Dusk,Truck/Lorry,2,Signal Violation,1,0,0,0,1,0,Low
2022,6,Saturday,18,Sindh,Jacobabad,Provincial Highway,Poor,Clear,Dawn/Dusk,Rickshaw,2,Road Condition,1,1,0,0,2,0,Low
2020,9,Friday,10,KPK,Nowshera,Urban Road,Poor,Foggy,Street Light,Bicycle,2,Over Speeding,0,0,0,0,2,0,Medium
2021,10,Tuesday,7,Sindh,Mirpur Khas,Provincial Highway,Good,Clear,Daylight,Motorcycle,1,Over Speeding,1,0,0,0,11,1,High
2022,7,Monday,7,KPK,Dera Ismail Khan,Provincial Highway,Average,Clear,Daylight,Bus/Coach,1,Pedestrian Error,1,0,0,0,0,0,Low
2021,7,Tuesday,15,Sindh,Larkana,Motorway,Good,Foggy,Daylight,Car/Taxi,3,Road Condition,0,0,0,0,4,0,Medium
2018,1,Tuesday,9,Balochistan,Chaman,Rural Road,Average,Clear,Daylight,Motorcycle,2,Signal Violation,1,0,0,1,4,0,Medium
2021,4,Monday,14,Sindh,Larkana,Urban Road,Good,Clear,Daylight,Car/Taxi,2,Over Speeding,0,0,0,0,2,0,Low
2021,10,Sunday,22,KPK,Kohat,Motorway,Average,Rainy,Street Light,Motorcycle,3,Driver Fatigue,0,1,1,0,9,0,High
2019,1,Tuesday,16,Punjab,Bahawalpur,National Highway,Poor,Clear,Daylight,Motorcycle,2,Over Speeding,0,0,0,1,10,2,High
2021,8,Tuesday,21,Sindh,Sukkur,Urban Road,Good,Extreme Heat,No Light,Motorcycle,2,Road Condition,0,0,0,0,5,0,Medium
2023,5,Thursday,1,Balochistan,Loralai,National Highway,Good,Dusty/Smoggy,Street Light,Rickshaw,1,Signal Violation,0,0,1,0,3,0,Medium
2022,8,Saturday,9,Punjab,Lahore,Urban Road,Good,Clear,Daylight,Rickshaw,2,Driver Fatigue,1,1,0,0,0,0,Low
2019,1,Thursday,4,Sindh,Hyderabad,National Highway,Average,Foggy,No Light,Car/Taxi,4,Drunk Driving,0,0,1,1,5,0,High
2023,5,Sunday,0,KPK,Mardan,Urban Road,Good,Foggy,Street Light,Bus/Coach,3,Over Speeding,0,1,1,0,9,1,High
2021,8,Saturday,18,KPK,Kohat,National Highway,Good,Foggy,Daylight,Motorcycle,3,Over Speeding,1,1,0,0,10,1,High
2018,3,Thursday,17,Sindh,Hyderabad,Rural Road,Good,Foggy,Daylight,Rickshaw,1,Over Speeding,1,0,0,0,3,1,Medium
2019,5,Tuesday,23,Sindh,Larkana,Rural Road,Good,Foggy,No Light,Motorcycle,3,Wrong Overtaking,0,0,1,0,6,2,High
2022,5,Tuesday,16,Punjab,Lahore,Provincial Highway,Poor,Clear,Daylight,Motorcycle,2,Over Speeding,0,0,0,0,3,0,High
2022,5,Thursday,0,Balochistan,Zhob,National Highway,Good,Clear,No Light,Car/Taxi,1,Wrong Overtaking,0,0,1,0,10,0,High
2021,10,Friday,9,Punjab,Rahim Yar Khan,Provincial Highway,Under Repair,Rainy,Daylight,Motorcycle,2,Wrong Overtaking,1,0,0,0,9,1,High
2020,11,Friday,10,KPK,Peshawar,National Highway,Average,Clear,Street Light,Rickshaw,1,Mechanical Failure,0,0,0,1,2,0,Low
2018,9,Sunday,14,Punjab,Faisalabad,Provincial Highway,Good,Foggy,Street Light,Motorcycle,1,Over Speeding,0,1,0,0,8,1,High
2020,5,Monday,6,Punjab,Multan,Provincial Highway,Good,Clear,Daylight,Motorcycle,1,Signal Violation,0,0,0,0,5,0,Medium
2019,5,Sunday,14,Punjab,Multan,National Highway,Good,Foggy,Daylight,Motorcycle,1,Road Condition,0,1,0,0,2,1,High
2023,9,Sunday,19,KPK,Bannu,Urban Road,Good,Dusty/Smoggy,Dawn/Dusk,Bus/Coach,2,Over Speeding,1,1,0,0,4,0,Medium
2022,3,Saturday,20,Punjab,Gujranwala,National Highway,Average,Rainy,Street Light,Motorcycle,1,Over Speeding,1,1,0,0,2,1,High
2018,1,Tuesday,13,Punjab,Rahim Yar Khan,Rural Road,Average,Clear,Daylight,Bus/Coach,3,Wrong Overtaking,1,0,0,1,2,1,Low
2018,6,Tuesday,21,Punjab,Multan,National Highway,Average,Rainy,No Light,Car/Taxi,3,Wrong Overtaking,0,0,0,0,2,1,Medium
2021,12,Saturday,11,Punjab,Gujranwala,National Highway,Average,Clear,Street Light,Motorcycle,1,Over Speeding,0,1,0,1,10,0,High
2023,7,Tuesday,21,Punjab,Sargodha,Urban Road,Good,Dusty/Smoggy,Street Light,Rickshaw,4,Over Speeding,0,0,0,0,1,0,Low
2019,8,Thursday,8,Punjab,Sheikhupura,Urban Road,Average,Clear,Daylight,Bus/Coach,1,Over Speeding,1,0,0,0,4,0,Medium
2023,4,Sunday,17,KPK,Bannu,Provincial Highway,Good,Clear,Street Light,Car/Taxi,2,Wrong Overtaking,1,1,0,0,1,0,Low
2022,3,Friday,8,Punjab,Lahore,Provincial Highway,Good,Clear,Daylight,Car/Taxi,2,Over Speeding,1,0,0,0,0,0,Low
2021,5,Friday,17,Punjab,Multan,National Highway,Poor,Rainy,No Light,Motorcycle,1,Driver Fatigue,1,0,0,0,3,2,High
2021,8,Wednesday,14,Islamabad,Islamabad,Urban Road,Good,Clear,Street Light,Bus/Coach,2,Mobile Phone Use,0,0,0,0,0,0,Low
2019,5,Saturday,18,Sindh,Larkana,Urban Road,Average,Clear,Daylight,Car/Taxi,2,Road Condition,1,1,0,0,1,0,Low
2021,11,Saturday,1,Islamabad,Islamabad,National Highway,Good,Clear,Street Light,Motorcycle,2,Over Speeding,0,1,1,1,9,2,High
2018,8,Sunday,8,Punjab,Sargodha,National Highway,Average,Clear,Daylight,Motorcycle,2,Wrong Overtaking,1,1,0,0,4,2,High
2023,7,Saturday,10,Punjab,Sialkot,National Highway,Good,Clear,Dawn/Dusk,Car/Taxi,1,Mechanical Failure,0,1,0,0,3,1,Medium
2022,4,Wednesday,10,Punjab,Bahawalpur,National Highway,Good,Clear,Daylight,Rickshaw,4,Signal Violation,0,0,0,0,0,0,Low
2018,6,Friday,17,Sindh,Larkana,National Highway,Average,Clear,Daylight,Rickshaw,1,Driver Fatigue,1,0,0,0,5,1,Medium
2022,3,Tuesday,11,Sindh,Thatta,Provincial Highway,Average,Clear,Daylight,Car/Taxi,2,Mechanical Failure,0,0,0,0,2,0,Low
2019,4,Tuesday,20,Punjab,Sialkot,Urban Road,Poor,Clear,No Light,Other,2,Signal Violation,1,0,0,0,0,0,Low
2020,10,Thursday,17,KPK,Mardan,Rural Road,Poor,Rainy,Daylight,Car/Taxi,2,Signal Violation,1,0,0,0,2,0,Low
2020,3,Monday,13,Sindh,Karachi,Provincial Highway,Good,Clear,Daylight,Truck/Lorry,2,Wrong Overtaking,1,0,0,0,5,0,Medium
2023,11,Thursday,10,Punjab,Rahim Yar Khan,National Highway,Good,Foggy,Daylight,Van/Pickup,3,Signal Violation,0,0,0,1,11,1,High
2022,3,Sunday,13,Sindh,Dadu,National Highway,Good,Clear,Daylight,Motorcycle,1,Driver Fatigue,1,1,0,0,7,1,High
2023,1,Saturday,6,KPK,Charsadda,Provincial Highway,Poor,Rainy,Daylight,Bus/Coach,1,Wrong Overtaking,0,1,0,1,5,3,High
2023,6,Sunday,18,Punjab,Lahore,National Highway,Good,Clear,Daylight,Motorcycle,2,Over Speeding,1,1,0,0,9,3,High
2021,8,Tuesday,17,Punjab,Multan,National Highway,Poor,Foggy,Daylight,Motorcycle,4,Over Speeding,1,0,0,0,11,1,High
2022,6,Tuesday,19,KPK,Mardan,Urban Road,Average,Foggy,Dawn/Dusk,Rickshaw,2,Drunk Driving,1,0,0,0,1,0,Medium
2018,4,Friday,15,AJK,Mirpur,National Highway,Poor,Extreme Heat,Daylight,Motorcycle,1,Driver Fatigue,0,0,0,0,8,1,High
2023,11,Friday,17,Punjab,Sargodha,Urban Road,Poor,Foggy,Daylight,Motorcycle,2,Wrong Overtaking,1,0,0,1,8,1,High
2021,12,Monday,12,Islamabad,Islamabad,Rural Road,Average,Clear,Daylight,Car/Taxi,2,Road Condition,1,0,0,1,0,0,Low
2021,5,Tuesday,10,Punjab,Rahim Yar Khan,National Highway,Good,Foggy,Daylight,Motorcycle,3,Signal Violation,0,0,0,0,9,2,High
2023,7,Saturday,10,Islamabad,Islamabad,Motorway,Good,Clear,Daylight,Motorcycle,2,Over Speeding,0,1,0,0,5,2,High
2021,4,Tuesday,10,Sindh,Mirpur Khas,Urban Road,Poor,Rainy,Street Light,Van/Pickup,4,Over Speeding,0,0,0,0,5,2,Medium
2022,1,Thursday,18,Balochistan,Turbat,National Highway,Good,Clear,Daylight,Motorcycle,2,Road Condition,1,0,0,1,1,0,Medium
2018,6,Friday,4,KPK,Peshawar,Provincial Highway,Good,Foggy,Street Light,Motorcycle,2,Signal Violation,0,0,1,0,3,4,High
2023,5,Friday,13,Punjab,Lahore,Provincial Highway,Average,Clear,Street Light,Rickshaw,2,Pedestrian Error,1,0,0,0,2,0,Low
2023,1,Thursday,22,Punjab,Multan,National Highway,Average,Foggy,No Light,Rickshaw,4,Over Speeding,0,0,1,1,7,2,High
2023,2,Wednesday,10,Sindh,Larkana,Urban Road,Good,Foggy,Daylight,Motorcycle,4,Pedestrian Error,0,0,0,1,1,1,Low
2020,5,Sunday,12,Punjab,Faisalabad,Rural Road,Poor,Dusty/Smoggy,Daylight,Car/Taxi,2,Over Speeding,1,1,0,0,1,0,Low
2018,2,Sunday,8,Sindh,Hyderabad,Rural Road,Average,Clear,Daylight,Car/Taxi,2,Road Condition,1,1,0,1,2,0,Low
2021,8,Sunday,19,Islamabad,Islamabad,Provincial Highway,Average,Rainy,No Light,Motorcycle,2,Signal Violation,1,1,0,0,2,4,High
2019,1,Wednesday,7,Punjab,Multan,National Highway,Good,Clear,Daylight,Car/Taxi,1,Wrong Overtaking,1,0,0,1,2,0,Medium
2023,5,Saturday,2,Sindh,Thatta,Motorway,Average,Clear,No Light,Motorcycle,2,Signal Violation,0,1,1,0,2,1,High
2023,9,Sunday,15,Punjab,Sialkot,National Highway,Average,Clear,Daylight,Motorcycle,1,Pedestrian Error,0,1,0,0,1,1,Medium
2018,12,Monday,23,Sindh,Karachi,Urban Road,Good,Clear,No Light,Car/Taxi,3,Wrong Overtaking,0,0,1,1,0,0,Low
2023,7,Saturday,9,Punjab,Bahawalpur,Provincial Highway,Good,Extreme Heat,Daylight,Motorcycle,2,Drunk Driving,1,1,0,0,8,1,High
2020,1,Wednesday,22,Punjab,Gujranwala,Rural Road,Good,Extreme Heat,No Light,Motorcycle,1,Pedestrian Error,0,0,1,1,1,2,Medium
2020,12,Friday,21,Balochistan,Dera Bugti,Rural Road,Under Repair,Foggy,No Light,Bicycle,2,Road Condition,0,0,0,1,3,0,Medium
2022,7,Friday,13,KPK,Mansehra,Provincial Highway,Average,Clear,Daylight,Car/Taxi,2,Pedestrian Error,1,0,0,0,2,0,Low
2020,8,Thursday,10,KPK,Nowshera,Provincial Highway,Poor,Clear,Daylight,Car/Taxi,1,Wrong Overtaking,0,0,0,0,4,0,Medium
2023,6,Friday,13,KPK,Dera Ismail Khan,Rural Road,Good,Foggy,Daylight,Motorcycle,1,Pedestrian Error,1,0,0,0,1,0,Medium
2022,10,Wednesday,10,Sindh,Nawabshah,Urban Road,Average,Clear,Daylight,Bus/Coach,3,Signal Violation,0,0,0,0,3,0,Medium
2018,3,Wednesday,17,KPK,Abbottabad,National Highway,Good,Clear,Daylight,Car/Taxi,2,Road Condition,1,0,0,0,1,0,Low
2018,12,Thursday,22,Punjab,Rahim Yar Khan,National Highway,Poor,Clear,Street Light,Motorcycle,2,Driver Fatigue,0,0,1,1,7,0,High
2020,5,Saturday,7,Punjab,Faisalabad,National Highway,Poor,Clear,Daylight,Car/Taxi,4,Wrong Overtaking,1,1,0,0,1,0,Low
2022,3,Monday,19,Punjab,Faisalabad,Motorway,Good,Foggy,Dawn/Dusk,Bus/Coach,3,Driver Fatigue,1,0,0,0,7,2,High
2019,7,Saturday,9,Punjab,Rawalpindi,Provincial Highway,Good,Clear,Daylight,Motorcycle,2,Wrong Overtaking,1,1,0,0,3,1,Medium
2023,1,Friday,18,Punjab,Sialkot,National Highway,Average,Foggy,Daylight,Truck/Lorry,1,Road Condition,1,0,0,1,2,1,Medium
2020,4,Friday,13,Punjab,Lahore,Motorway,Average,Clear,Daylight,Car/Taxi,2,Road Condition,1,0,0,0,0,0,Low
2018,1,Saturday,20,Sindh,Sukkur,Provincial Highway,Good,Clear,Street Light,Car/Taxi,3,Over Speeding,1,1,0,1,0,0,Low
2019,6,Wednesday,8,Punjab,Faisalabad,National Highway,Under Repair,Clear,Daylight,Truck/Lorry,1,Mechanical Failure,1,0,0,0,1,0,Low
2022,5,Friday,14,KPK,Swat,Urban Road,Good,Dusty/Smoggy,Daylight,Car/Taxi,3,Driver Fatigue,0,0,0,0,2,0,Low
2018,2,Thursday,12,Sindh,Karachi,Rural Road,Poor,Clear,Daylight,Motorcycle,2,Over Speeding,1,0,0,1,1,0,Medium
2021,2,Tuesday,16,Balochistan,Khuzdar,Rural Road,Poor,Clear,Daylight,Motorcycle,1,Over Speeding,0,0,0,1,4,0,Medium
2021,12,Sunday,13,Punjab,Multan,National Highway,Good,Dusty/Smoggy,Daylight,Car/Taxi,1,Signal Violation,1,1,0,1,2,0,Low
2021,1,Tuesday,7,KPK,Kohat,National Highway,Average,Foggy,No Light,Car/Taxi,1,Signal Violation,1,0,0,1,4,0,High
2021,2,Saturday,22,KPK,Swat,Rural Road,Good,Clear,No Light,Car/Taxi,3,Driver Fatigue,0,1,1,1,1,2,Medium
2023,6,Thursday,5,Islamabad,Islamabad,Urban Road,Under Repair,Clear,Street Light,Van/Pickup,2,Drunk Driving,0,0,1,0,4,0,Medium
2019,12,Wednesday,19,Punjab,Gujranwala,Urban Road,Good,Clear,Dawn/Dusk,Truck/Lorry,2,Over Speeding,1,0,0,1,1,0,Medium
2020,5,Wednesday,9,Punjab,Lahore,Urban Road,Good,Extreme Heat,Daylight,Motorcycle,1,Wrong Overtaking,1,0,0,0,1,2,Medium
2019,2,Saturday,8,Punjab,Bahawalpur,Rural Road,Average,Clear,Daylight,Rickshaw,3,Driver Fatigue,1,1,0,1,0,0,Low
2023,7,Thursday,13,Punjab,Faisalabad,Provincial Highway,Good,Rainy,Daylight,Car/Taxi,1,Wrong Overtaking,1,0,0,0,5,0,Medium
2022,12,Thursday,19,Sindh,Nawabshah,Rural Road,Good,Clear,Dawn/Dusk,Motorcycle,1,Road Condition,1,0,0,1,0,0,Low
2023,4,Saturday,16,KPK,Mardan,Provincial Highway,Poor,Foggy,Daylight,Truck/Lorry,3,Signal Violation,0,1,0,0,4,0,Medium
2020,12,Thursday,7,Punjab,Faisalabad,Rural Road,Poor,Foggy,Daylight,Motorcycle,2,Signal Violation,1,0,0,1,3,1,Medium
2020,6,Tuesday,16,Punjab,Bahawalpur,National Highway,Good,Clear,Daylight,Rickshaw,2,Signal Violation,0,0,0,0,2,0,Medium
2020,7,Thursday,4,Punjab,Rawalpindi,Urban Road,Good,Clear,No Light,Rickshaw,1,Wrong Overtaking,0,0,1,0,2,2,Medium
2018,7,Friday,17,Punjab,Bahawalpur,National Highway,Average,Foggy,Daylight,Car/Taxi,4,Over Speeding,1,0,0,0,11,3,High
2022,8,Friday,23,Islamabad,Islamabad,National Highway,Average,Clear,No Light,Motorcycle,1,Over Speeding,0,0,1,0,4,1,High
2022,1,Saturday,22,Balochistan,Turbat,National Highway,Poor,Rainy,No Light,Motorcycle,3,Signal Violation,0,1,1,1,7,4,High
2018,12,Tuesday,0,Punjab,Lahore,Rural Road,Good,Extreme Heat,Street Light,Truck/Lorry,2,Signal Violation,0,0,1,1,4,0,Medium
2023,7,Saturday,12,Punjab,Lahore,Urban Road,Average,Clear,Street Light,Motorcycle,2,Mechanical Failure,1,1,0,0,3,0,Medium
2020,7,Wednesday,15,Balochistan,Loralai,Rural Road,Good,Foggy,Street Light,Motorcycle,2,Mechanical Failure,0,0,0,0,4,1,Medium
2023,12,Wednesday,8,Punjab,Bahawalpur,Rural Road,Under Repair,Dusty/Smoggy,Daylight,Motorcycle,3,Mechanical Failure,1,0,0,1,4,0,Medium
2022,8,Monday,18,Sindh,Karachi,Provincial Highway,Good,Clear,Daylight,Car/Taxi,4,Over Speeding,1,0,0,0,5,2,Medium
2023,11,Wednesday,4,Balochistan,Khuzdar,Urban Road,Poor,Extreme Heat,Street Light,Van/Pickup,2,Signal Violation,0,0,1,1,2,0,Low
2018,1,Thursday,18,Sindh,Larkana,National Highway,Under Repair,Clear,Daylight,Motorcycle,3,Driver Fatigue,1,0,0,1,2,1,High
2023,5,Sunday,18,Punjab,Bahawalpur,Urban Road,Average,Extreme Heat,Daylight,Bus/Coach,2,Wrong Overtaking,1,1,0,0,0,0,Low
2019,11,Monday,9,Punjab,Sargodha,Rural Road,Poor,Clear,Street Light,Car/Taxi,2,Wrong Overtaking,1,0,0,1,0,0,Low
2023,6,Thursday,14,Islamabad,Islamabad,Rural Road,Good,Clear,Daylight,Van/Pickup,2,Signal Violation,0,0,0,0,2,0,Low
2022,6,Wednesday,1,Punjab,Gujranwala,National Highway,Good,Clear,Street Light,Car/Taxi,1,Over Speeding,0,0,1,0,3,2,Medium
2019,8,Saturday,19,Punjab,Sargodha,Provincial Highway,Average,Clear,No Light,Motorcycle,2,Wrong Overtaking,1,1,0,0,5,0,Medium
2023,2,Thursday,9,KPK,Mardan,National Highway,Under Repair,Foggy,Daylight,Car/Taxi,2,Mechanical Failure,1,0,0,1,5,0,Medium
2019,5,Saturday,20,KPK,Nowshera,Urban Road,Good,Rainy,Street Light,Motorcycle,2,Road Condition,1,1,0,0,3,0,Medium