year,month,day_of_week,hour_of_day,province,district,road_type,road_condition,weather_condition,lighting_condition,vehicle_type,vehicles_involved,accident_cause,is_rush_hour,is_weekend,is_night,is_foggy_month,num_injured,num_killed,severity
2021,2,Thursday,20,Sindh,Karachi,National Highway,Good,Dusty/Smoggy,No Light,Rickshaw,3,Over Speeding,1,0,0,1,5,0,Medium
2019,3,Sunday,17,Punjab,Sialkot,Provincial Highway,Good,Clear,Daylight,Motorcycle,3,Driver Fatigue,1,1,0,0,5,2,High
2023,7,Monday,20,Sindh,Thatta,National Highway,Average,Extreme Heat,Street Light,Motorcycle,3,Mechanical Failure,1,0,0,0,2,0,Medium
2023,8,Sunday,4,Punjab,Sargodha,Provincial Highway,Average,Clear,Street Light,Truck/Lorry,2,Over Speeding,0,1,1,0,2,2,High
2022,4,Sunday,16,Punjab,Gujranwala,Motorway,Good,Clear,Daylight,Bus/Coach,1,Pedestrian Error,0,1,0,0,3,0,Medium
2023,8,Wednesday,12,KPK,Abbottabad,Urban Road,Good,Clear,Dawn/Dusk,Motorcycle,1,Driver Fatigue,1,0,0,0,8,2,High
2023,9,Saturday,19,Punjab,Sargodha,National Highway,Good,Extreme Heat,Street Light,Motorcycle,2,Over Speeding,1,1,0,0,5,1,High
2018,12,Tuesday,13,Punjab,Sheikhupura,National Highway,Poor,Clear,Daylight,Truck/Lorry,2,Pedestrian Error,1,0,0,1,3,0,Medium
2020,12,Tuesday,3,Punjab,Rahim Yar Khan,Urban Road,Average,Rainy,Street Light,Motorcycle,3,Over Speeding,0,0,1,1,11,3,High
2022,4,Friday,19,Sindh,Jacobabad,Rural Road,Good,Clear,No Light,Rickshaw,1,Wrong Overtaking,1,0,0,0,2,0,Low
2018,5,Monday,8,KPK,Peshawar,Urban Road,Good,Dusty/Smoggy,Daylight,Motorcycle,2,Signal Violation,1,0,0,0,5,1,Medium
2023,12,Sunday,9,KPK,Dera Ismail Khan,Provincial Highway,Poor,Clear,Daylight,Car/Taxi,3,Over Speeding,1,1,0,1,4,0,Medium
2022,7,Sunday,7,KPK,Nowshera,Rural Road,Average,Clear,Street Light,Car/Taxi,1,Mechanical Failure,1,1,0,0,0,0,Low
2023,2,Saturday,21,Sindh,Kashmore,Provincial Highway,Good,Rainy,No Light,Motorcycle,1,Pedestrian Error,0,1,0,1,1,0,Medium
2018,12,Friday,7,KPK,Mardan,Rural Road,Good,Clear,Daylight,Car/Taxi,2,Wrong Overtaking,1,0,0,1,1,0,Low
2019,12,Friday,19,Punjab,Sargodha,Urban Road,Poor,Clear,Dawn/Dusk,Motorcycle,3,Over Speeding,1,0,0,1,1,0,Medium
2023,6,Monday,13,Punjab,Gujranwala,National Highway,Poor,Clear,Daylight,Car/Taxi,2,Wrong Overtaking,1,0,0,0,4,0,Medium
2022,7,Saturday,18,Sindh,Nawabshah,Urban Road,Poor,Foggy,Daylight,Motorcycle,2,Pedestrian Error,1,1,0,0,2,0,Low
2023,5,Monday,17,Punjab,Sialkot,Provincial Highway,Poor,Clear,Daylight,Motorcycle,3,Road Condition,1,0,0,0,0,0,Low
2018,10,Saturday,17,Punjab,Rahim Yar Khan,Provincial Highway,Average,Rainy,Daylight,Bicycle,3,Mechanical Failure,1,1,0,0,5,1,Medium
2022,12,Tuesday,12,Punjab,Rawalpindi,Urban Road,Average,Clear,Daylight,Motorcycle,2,Over Speeding,1,0,0,1,1,2,Medium
2019,11,Tuesday,18,Sindh,Dadu,Rural Road,Good,Clear,Daylight,Motorcycle,1,Over Speeding,1,0,0,1,5,0,Medium
2022,12,Monday,22,Sindh,Sukkur,National Highway,Poor,Rainy,No Light,Bus/Coach,2,Over Speeding,0,0,1,1,10,1,High
2023,5,Monday,10,KPK,Mardan,Provincial Highway,Average,Dusty/Smoggy,Street Light,Rickshaw,1,Over Speeding,0,0,0,0,5,2,Medium
2022,11,Saturday,14,Sindh,Hyderabad,National Highway,Under Repair,Clear,Dawn/Dusk,Bus/Coach,4,Driver Fatigue,0,1,0,1,5,1,High
2021,3,Thursday,0,Balochistan,Loralai,Provincial Highway,Poor,Clear,No Light,Rickshaw,3,Signal Violation,0,0,1,0,1,0,Low
2020,11,Sunday,16,Punjab,Sargodha,Urban Road,Average,Clear,Daylight,Motorcycle,2,Pedestrian Error,0,1,0,1,2,0,Low
2018,2,Monday,6,Sindh,Hyderabad,National Highway,Good,Clear,Dawn/Dusk,Motorcycle,2,Pedestrian Error,0,0,0,1,1,0,Medium
2018,2,Saturday,13,Punjab,Multan,Provincial Highway,Good,Rainy,Daylight,Motorcycle,2,Wrong Overtaking,1,1,0,1,10,4,High
2022,11,Thursday,7,Punjab,Gujranwala,National Highway,Good,Clear,Dawn/Dusk,Bus/Coach,2,Signal Violation,1,0,0,1,5,0,Medium
2018,12,Tuesday,11,Balochistan,Turbat,Provincial Highway,Good,Foggy,Dawn/Dusk,Motorcycle,2,Pedestrian Error,0,0,0,1,5,1,Medium
2023,5,Sunday,20,Punjab,Bahawalpur,Urban Road,Average,Foggy,No Light,Bus/Coach,2,Wrong Overtaking,1,1,0,0,2,1,Medium
2019,1,Thursday,20,Punjab,Sialkot,Urban Road,Average,Clear,Street Light,Motorcycle,2,Over Speeding,1,0,0,1,2,0,Medium
2023,3,Friday,11,Sindh,Mirpur Khas,National Highway,Average,Clear,Daylight,Car/Taxi,1,Road Condition,0,0,0,0,1,0,Low
2023,9,Saturday,20,Punjab,Bahawalpur,Provincial Highway,Good,Clear,No Light,Motorcycle,3,Over Speeding,1,1,0,0,2,2,Medium
2018,6,Monday,19,Sindh,Nawabshah,Provincial Highway,Good,Rainy,Daylight,Motorcycle,4,Wrong Overtaking,1,0,0,0,2,1,High
2022,5,Wednesday,19,Punjab,Sheikhupura,Urban Road,Poor,Dusty/Smoggy,Daylight,Van/Pickup,1,Over Speeding,1,0,0,0,1,0,Low
2020,7,Sunday,19,Punjab,Sargodha,National Highway,Poor,Clear,Street Light,Rickshaw,1,Road Condition,1,1,0,0,1,0,Low
2020,8,Tuesday,0,KPK,Charsadda,Rural Road,Good,Clear,No Light,Car/Taxi,4,Over Speeding,0,0,1,0,5,0,Medium
2021,2,Saturday,12,KPK,Dera Ismail Khan,National Highway,Good,Clear,Daylight,Car/Taxi,3,Over Speeding,1,1,0,1,5,1,Medium
2022,10,Monday,4,Sindh,Jacobabad,National Highway,Good,Clear,No Light,Motorcycle,2,Road Condition,0,0,1,0,10,2,High
2023,5,Tuesday,12,Sindh,Jacobabad,National Highway,Good,Foggy,Dawn/Dusk,Bus/Coach,2,Over Speeding,1,0,0,0,4,1,High
2020,4,Friday,2,KPK,Charsadda,Provincial Highway,Average,Foggy,No Light,Car/Taxi,2,Wrong Overtaking,0,0,1,0,4,1,Medium
2023,4,Friday,7,KPK,Mansehra,National Highway,Good,Rainy,Street Light,Car/Taxi,1,Wrong Overtaking,1,0,0,0,1,1,Medium
2019,12,Friday,8,Punjab,Rahim Yar Khan,National Highway,Poor,Clear,Street Light,Motorcycle,2,Over Speeding,1,0,0,1,7,1,High
2020,11,Tuesday,10,Punjab,Multan,Rural Road,Poor,Clear,Daylight,Motorcycle,1,Signal Violation,0,0,0,1,1,0,Low
2022,1,Saturday,23,Punjab,Sheikhupura,National Highway,Average,Clear,Street Light,Motorcycle,2,Pedestrian Error,0,1,1,1,1,0,Medium
2023,2,Tuesday,10,Punjab,Bahawalpur,Rural Road,Poor,Rainy,Daylight,Motorcycle,2,Over Speeding,0,0,0,1,5,1,Medium
2022,8,Sunday,20,Punjab,Multan,Provincial Highway,Poor,Clear,Street Light,Motorcycle,4,Wrong Overtaking,1,1,0,0,1,0,Medium
2018,1,Thursday,15,Punjab,Rawalpindi,Rural Road,Good,Foggy,Street Light,Motorcycle,2,Mechanical Failure,0,0,0,1,2,0,Low
2021,6,Friday,7,KPK,Bannu,Rural Road,Under Repair,Dusty/Smoggy,Street Light,Motorcycle,3,Pedestrian Error,1,0,0,0,0,0,Low
2021,3,Wednesday,16,Sindh,Mirpur Khas,National Highway,Average,Clear,Dawn/Dusk,Van/Pickup,3,Drunk Driving,0,0,0,0,1,0,Medium
2021,9,Wednesday,16,Punjab,Bahawalpur,Rural Road,Poor,Clear,Daylight,Motorcycle,1,Over Speeding,0,0,0,0,3,0,Medium
2019,5,Wednesday,21,Sindh,Dadu,Provincial Highway,Poor,Clear,No Light,Motorcycle,4,Signal Violation,0,0,0,0,1,0,Medium
2019,3,Tuesday,20,KPK,Mansehra,Provincial Highway,Good,Foggy,Street Light,Motorcycle,3,Drunk Driving,1,0,0,0,11,2,High
2022,1,Wednesday,19,Punjab,Sheikhupura,Provincial Highway,Good,Clear,Dawn/Dusk,Motorcycle,4,Road Condition,1,0,0,1,2,1,Low
2022,12,Tuesday,17,Sindh,Kashmore,National Highway,Under Repair,Clear,Daylight,Car/Taxi,2,Mechanical Failure,1,0,0,1,0,0,Low
2021,8,Sunday,17,Punjab,Rawalpindi,Motorway,Under Repair,Clear,Daylight,Motorcycle,2,Wrong Overtaking,1,1,0,0,5,3,High
2021,7,Friday,11,Sindh,Nawabshah,Provincial Highway,Average,Clear,Daylight,Motorcycle,3,Signal Violation,0,0,0,0,2,2,Medium
2023,6,Saturday,9,Punjab,Rahim Yar Khan,Urban Road,Average,Clear,Daylight,Truck/Lorry,1,Wrong Overtaking,1,1,0,0,4,0,Medium
2019,7,Friday,11,Sindh,Dadu,Motorway,Good,Clear,Daylight,Motorcycle,2,Wrong Overtaking,0,0,0,0,5,2,High
2022,12,Friday,20,Sindh,Hyderabad,Provincial Highway,Poor,Clear,Street Light,Motorcycle,2,Road Condition,1,0,0,1,5,0,Medium
2019,5,Friday,20,Sindh,Sukkur,Urban Road,Good,Foggy,No Light,Motorcycle,1,Mechanical Failure,1,0,0,0,3,0,Medium
2023,8,Wednesday,9,Sindh,Jacobabad,Rural Road,Poor,Foggy,No Light,Bus/Coach,2,Over Speeding,1,0,0,0,8,1,High
2020,2,Thursday,8,Sindh,Mirpur Khas,National Highway,Good,Clear,Dawn/Dusk,Car/Taxi,1,Pedestrian Error,1,0,0,1,3,0,Medium
2020,2,Monday,10,Punjab,Sheikhupura,National Highway,Under Repair,Rainy,Dawn/Dusk,Car/Taxi,2,Road Condition,0,0,0,1,5,0,Medium
2018,12,Saturday,20,Sindh,Karachi,National Highway,Good,Clear,Street Light,Car/Taxi,3,Driver Fatigue,1,1,0,1,1,2,Medium
2019,4,Saturday,1,Balochistan,Chaman,National Highway,Under Repair,Clear,Street Light,Motorcycle,3,Signal Violation,0,1,1,0,9,1,High
2022,8,Sunday,9,KPK,Mansehra,National Highway,Good,Extreme Heat,Daylight,Car/Taxi,2,Wrong Overtaking,1,1,0,0,2,0,Medium
2021,8,Wednesday,12,AJK,Muzaffarabad,Urban Road,Poor,Rainy,No Light,Motorcycle,2,Over Speeding,1,0,0,0,4,0,Medium
2023,7,Wednesday,19,Punjab,Faisalabad,Provincial Highway,Average,Foggy,No Light,Car/Taxi,3,Road Condition,1,0,0,0,3,0,Medium
2023,12,Thursday,19,Punjab,Sialkot,National Highway,Poor,Foggy,Street Light,Car/Taxi,2,Over Speeding,1,0,0,1,9,0,High
2023,2,Friday,18,Sindh,Karachi,Rural Road,Poor,Clear,Daylight,Car/Taxi,3,Signal Violation,1,0,0,1,1,0,Low
2021,11,Saturday,13,Punjab,Sargodha,Urban Road,Good,Clear,Daylight,Car/Taxi,2,Wrong Overtaking,1,1,0,1,1,0,Low
2019,4,Tuesday,5,Punjab,Sheikhupura,National Highway,Poor,Dusty/Smoggy,Dawn/Dusk,Motorcycle,1,Driver Fatigue,0,0,1,0,10,1,High
2018,10,Wednesday,10,Punjab,Rawalpindi,National Highway,Under Repair,Clear,Daylight,Bus/Coach,1,Wrong Overtaking,0,0,0,0,6,1,High
2022,7,Friday,20,Punjab,Multan,Provincial Highway,Poor,Clear,Street Light,Car/Taxi,2,Signal Violation,1,0,0,0,0,0,Low
2019,11,Wednesday,9,Punjab,Sialkot,Urban Road,Under Repair,Clear,Daylight,Motorcycle,2,Road Condition,1,0,0,1,0,0,Low
2020,1,Thursday,10,Islamabad,Islamabad,National Highway,Poor,Clear,Dawn/Dusk,Bus/Coach,2,Wrong Overtaking,0,0,0,1,5,0,Medium
2021,1,Wednesday,0,Punjab,Gujranwala,Rural Road,Good,Dusty/Smoggy,No Light,Rickshaw,3,Signal Violation,0,0,1,1,1,0,Low
2021,1,Friday,9,Punjab,Faisalabad,National Highway,Average,Clear,No Light,Bus/Coach,2,Wrong Overtaking,1,0,0,1,2,0,Medium
2023,4,Saturday,9,Punjab,Bahawalpur,Rural Road,Good,Rainy,Street Light,Van/Pickup,2,Over Speeding,1,1,0,0,1,0,Low
2019,11,Tuesday,2,KPK,Dera Ismail Khan,National Highway,Poor,Extreme Heat,No Light,Motorcycle,3,Wrong Overtaking,0,0,1,1,7,0,High
2022,3,Saturday,6,KPK,Dera Ismail Khan,Provincial Highway,Average,Clear,Daylight,Car/Taxi,4,Drunk Driving,0,1,0,0,0,0,Low
2019,2,Friday,12,Punjab,Rahim Yar Khan,Provincial Highway,Average,Clear,Daylight,Motorcycle,4,Road Condition,1,0,0,1,1,2,Medium
2021,12,Friday,20,Punjab,Bahawalpur,Rural Road,Good,Clear,No Light,Truck/Lorry,2,Pedestrian Error,1,0,0,1,0,0,Low
2020,7,Saturday,6,KPK,Mardan,National Highway,Poor,Clear,Daylight,Motorcycle,1,Over Speeding,0,1,0,0,4,2,High
2023,4,Friday,12,Punjab,Faisalabad,National Highway,Average,Foggy,Daylight,Car/Taxi,1,Over Speeding,1,0,0,0,10,0,High
2022,6,Friday,12,AJK,Mirpur,Motorway,Good,Clear,Daylight,Van/Pickup,2,Wrong Overtaking,1,0,0,0,3,0,Medium
2022,7,Tuesday,8,Sindh,Jacobabad,National Highway,Good,Clear,Street Light,Car/Taxi,2,Road Condition,1,0,0,0,1,0,Low
2019,2,Wednesday,19,Punjab,Rawalpindi,Urban Road,Poor,Rainy,Dawn/Dusk,Rickshaw,2,Over Speeding,1,0,0,1,2,0,Low
2021,5,Monday,9,Balochistan,Sibi,Provincial Highway,Good,Foggy,No Light,Motorcycle,1,Signal Violation,1,0,0,0,11,2,High
2018,11,Friday,11,Punjab,Sialkot,National Highway,Poor,Clear,Daylight,Car/Taxi,3,Wrong Overtaking,0,0,0,1,5,0,Medium
2020,4,Tuesday,16,Punjab,Rawalpindi,National Highway,Average,Extreme Heat,No Light,Car/Taxi,2,Over Speeding,0,0,0,0,5,0,Medium
2018,11,Monday,15,Punjab,Sialkot,National Highway,Good,Foggy,Dawn/Dusk,Motorcycle,2,Wrong Overtaking,0,0,0,1,10,1,High
2022,3,Saturday,4,KPK,Charsadda,Urban Road,Average,Extreme Heat,Street Light,Motorcycle,2,Over Speeding,0,1,1,0,5,1,High
2019,12,Friday,18,Punjab,Sargodha,Rural Road,Good,Clear,Daylight,Rickshaw,1,Road Condition,1,0,0,1,2,1,Low
2023,2,Friday,10,Punjab,Sargodha,Rural Road,Good,Foggy,Dawn/Dusk,Car/Taxi,1,Driver Fatigue,0,0,0,1,2,0,Low
2022,1,Saturday,12,Punjab,Gujranwala,National Highway,Good,Clear,Daylight,Rickshaw,2,Road Condition,1,1,0,1,2,0,Low
2021,9,Tuesday,15,KPK,Dera Ismail Khan,Provincial Highway,Average,Clear,Dawn/Dusk,Motorcycle,2,Wrong Overtaking,0,0,0,0,3,0,Medium
2021,9,Saturday,19,Punjab,Multan,Provincial Highway,Good,Clear,Street Light,Motorcycle,1,Over Speeding,1,1,0,0,4,2,High
2018,10,Sunday,2,Punjab,Bahawalpur,National Highway,Good,Rainy,Street Light,Motorcycle,2,Over Speeding,0,1,1,0,5,4,High
2022,6,Saturday,20,Sindh,Dadu,Urban Road,Good,Clear,No Light,Truck/Lorry,3,Driver Fatigue,1,1,0,0,2,0,Medium
2019,1,Monday,15,KPK,Mardan,Provincial Highway,Average,Extreme Heat,No Light,Car/Taxi,2,Mechanical Failure,0,0,0,1,1,0,Low
2020,4,Saturday,18,KPK,Kohat,Rural Road,Average,Clear,Daylight,Bus/Coach,2,Road Condition,1,1,0,0,0,0,Low
2021,12,Thursday,19,Punjab,Sargodha,National Highway,Average,Foggy,No Light,Bicycle,1,Wrong Overtaking,1,0,0,1,2,1,High
2020,11,Sunday,11,KPK,Kohat,Urban Road,Good,Clear,Daylight,Motorcycle,2,Driver Fatigue,0,1,0,1,4,0,Medium
2020,11,Thursday,7,Sindh,Thatta,National Highway,Good,Clear,Daylight,Car/Taxi,4,Over Speeding,1,0,0,1,2,3,High
2022,4,Saturday,12,Punjab,Bahawalpur,Provincial Highway,Under Repair,Foggy,Daylight,Van/Pickup,2,Over Speeding,1,1,0,0,5,1,Medium
2019,5,Wednesday,10,Balochistan,Hub,Rural Road,Good,Clear,Daylight,Truck/Lorry,2,Over Speeding,0,0,0,0,4,2,Medium
2019,10,Wednesday,8,Sindh,Thatta,Provincial Highway,Average,Clear,Street Light,Car/Taxi,2,Over Speeding,1,0,0,0,2,0,Medium
2022,9,Friday,5,Sindh,Hyderabad,Provincial Highway,Average,Foggy,Dawn/Dusk,Car/Taxi,1,Pedestrian Error,0,0,1,0,2,1,Medium
2018,2,Monday,3,Islamabad,Islamabad,National Highway,Good,Rainy,No Light,Other,2,Road Condition,0,0,1,1,2,0,Medium
2023,6,Saturday,15,Sindh,Mirpur Khas,Provincial Highway,Average,Clear,No Light,Car/Taxi,2,Signal Violation,0,1,0,0,0,0,Low
2023,11,Monday,13,Punjab,Gujranwala,Urban Road,Average,Rainy,Street Light,Motorcycle,2,Driver Fatigue,1,0,0,1,4,0,Medium
2021,6,Thursday,20,Balochistan,Sibi,National Highway,Good,Foggy,No Light,Motorcycle,1,Road Condition,1,0,0,0,3,1,High
2018,6,Thursday,16,Punjab,Rahim Yar Khan,Provincial Highway,Average,Clear,Street Light,Motorcycle,2,Over Speeding,0,0,0,0,11,0,High
2018,5,Tuesday,19,Sindh,Hyderabad,National Highway,Poor,Foggy,Dawn/Dusk,Motorcycle,2,Mechanical Failure,1,0,0,0,5,2,Medium
2021,7,Sunday,8,Punjab,Rawalpindi,Rural Road,Average,Clear,Dawn/Dusk,Car/Taxi,2,Signal Violation,1,1,0,0,1,0,Low
2020,3,Tuesday,22,Punjab,Rahim Yar Khan,Urban Road,Good,Clear,Street Light,Motorcycle,2,Mechanical Failure,0,0,1,0,0,0,Low
2023,12,Sunday,19,KPK,Bannu,Provincial Highway,Average,Clear,Daylight,Car/Taxi,2,Weather Condition,1,1,0,1,0,0,Low
2020,11,Sunday,18,Sindh,Nawabshah,Urban Road,Poor,Clear,Dawn/Dusk,Car/Taxi,1,Pedestrian Error,1,1,0,1,0,0,Low
2018,11,Tuesday,10,Sindh,Nawabshah,National Highway,Good,Clear,Daylight,Motorcycle,2,Over Speeding,0,0,0,1,11,0,High
2023,6,Wednesday,15,KPK,Dera Ismail Khan,Urban Road,Under Repair,Clear,Daylight,Rickshaw,1,Pedestrian Error,0,0,0,0,2,0,Low
2019,8,Tuesday,12,Punjab,Multan,Rural Road,Average,Clear,Daylight,Other,1,Wrong Overtaking,1,0,0,0,0,0,Low
2020,11,Saturday,16,Sindh,Sukkur,Rural Road,Good,Extreme Heat,Daylight,Motorcycle,3,Road Condition,0,1,0,1,0,0,Low
2020,6,Wednesday,7,KPK,Charsadda,National Highway,Good,Clear,Daylight,Bus/Coach,4,Wrong Overtaking,1,0,0,0,5,1,Medium
2021,1,Saturday,8,KPK,Peshawar,Provincial Highway,Poor,Clear,Dawn/Dusk,Car/Taxi,3,Mechanical Failure,1,1,0,1,2,0,Low
2021,3,Saturday,20,Sindh,Dadu,National Highway,Average,Clear,Street Light,Motorcycle,1,Driver Fatigue,1,1,0,0,5,2,High
2022,8,Thursday,14,Punjab,Lahore,Provincial Highway,Average,Clear,Daylight,Truck/Lorry,3,Pedestrian Error,0,0,0,0,1,0,Low
2019,12,Monday,18,Punjab,Faisalabad,National Highway,Good,Foggy,Daylight,Motorcycle,2,Road Condition,1,0,0,1,3,0,High
2020,1,Sunday,14,Sindh,Larkana,National Highway,Good,Clear,Dawn/Dusk,Car/Taxi,4,Wrong Overtaking,0,1,0,1,2,0,Medium
2018,7,Sunday,13,Punjab,Gujranwala,National Highway,Good,Clear,Daylight,Truck/Lorry,2,Over Speeding,1,1,0,0,6,0,High
2019,11,Thursday,14,KPK,Swat,Urban Road,Good,Clear,Daylight,Rickshaw,2,Pedestrian Error,0,0,0,1,0,0,Low
2021,1,Thursday,10,Punjab,Rahim Yar Khan,Provincial Highway,Poor,Rainy,Daylight,Motorcycle,2,Over Speeding,0,0,0,1,4,2,High
2020,11,Friday,12,Islamabad,Islamabad,National Highway,Good,Clear,Daylight,Other,3,Pedestrian Error,1,0,0,1,2,0,Low
2021,12,Thursday,17,KPK,Dera Ismail Khan,Provincial Highway,Average,Clear,Daylight,Car/Taxi,3,Pedestrian Error,1,0,0,1,0,0,Low
2021,12,Friday,19,Punjab,Bahawalpur,Provincial Highway,Under Repair,Dusty/Smoggy,No Light,Van/Pickup,1,Over Speeding,1,0,0,1,1,0,Low
2023,7,Wednesday,19,Punjab,Sheikhupura,Motorway,Good,Rainy,No Light,Bus/Coach,2,Mobile Phone Use,1,0,0,0,6,4,High
2019,3,Saturday,18,KPK,Kohat,Urban Road,Good,Extreme Heat,Daylight,Motorcycle,1,Driver Fatigue,1,1,0,0,1,0,Medium
2021,10,Sunday,10,KPK,Mardan,Provincial Highway,Under Repair,Clear,Daylight,Motorcycle,1,Wrong Overtaking,0,1,0,0,4,1,High
2018,10,Thursday,0,Islamabad,Islamabad,National Highway,Average,Foggy,No Light,Bus/Coach,3,Mechanical Failure,0,0,1,0,11,1,High
2018,7,Saturday,17,Punjab,Lahore,National Highway,Good,Clear,Daylight,Motorcycle,1,Over Speeding,1,1,0,0,5,0,High
2020,9,Tuesday,12,Punjab,Sheikhupura,Urban Road,Good,Foggy,Daylight,Car/Taxi,2,Signal Violation,1,0,0,0,0,0,Low
2022,5,Saturday,19,Balochistan,Hub,National Highway,Good,Clear,Street Light,Motorcycle,2,Over Speeding,1,1,0,0,8,1,High
2019,7,Sunday,15,Punjab,Rawalpindi,Urban Road,Good,Foggy,Street Light,Car/Taxi,3,Road Condition,0,1,0,0,2,0,Low
2018,10,Friday,9,KPK,Swat,National Highway,Average,Dusty/Smoggy,Daylight,Van/Pickup,2,Drunk Driving,1,0,0,0,2,0,Medium
2018,7,Thursday,20,Punjab,Lahore,National Highway,Good,Clear,No Light,Motorcycle,1,Over Speeding,1,0,0,0,7,0,High
2022,8,Monday,12,KPK,Charsadda,Motorway,Good,Clear,Daylight,Motorcycle,2,Driver Fatigue,1,0,0,0,4,0,High
2023,1,Saturday,6,Punjab,Lahore,Motorway,Good,Clear,Dawn/Dusk,Motorcycle,1,Drunk Driving,0,1,0,1,4,1,High
2023,7,Wednesday,15,KPK,Kohat,Urban Road,Poor,Rainy,Daylight,Bus/Coach,1,Road Condition,0,0,0,0,2,1,Low
2020,6,Saturday,13,Sindh,Karachi,Rural Road,Average,Clear,Daylight,Motorcycle,2,Driver Fatigue,1,1,0,0,9,1,High
2019,1,Saturday,22,Islamabad,Islamabad,Motorway,Good,Clear,No Light,Bus/Coach,3,Signal Violation,0,1,1,1,9,1,High
2020,1,Friday,16,Punjab,Bahawalpur,Provincial Highway,Good,Dusty/Smoggy,Dawn/Dusk,Bus/Coach,3,Over Speeding,0,0,0,1,4,0,High
2021,12,Monday,17,Punjab,Gujranwala,National Highway,Average,Rainy,Daylight,Car/Taxi,1,Over Speeding,1,0,0,1,2,2,High
2022,6,Wednesday,10,Punjab,Gujranwala,Urban Road,Good,Clear,Daylight,Car/Taxi,2,Over Speeding,0,0,0,0,2,0,Low
2023,2,Friday,12,Balochistan,Loralai,Provincial Highway,Average,Clear,Daylight,Motorcycle,2,Road Condition,1,0,0,1,2,0,Medium
2018,10,Saturday,11,Sindh,Nawabshah,Urban Road,Good,Rainy,Daylight,Motorcycle,3,Mobile Phone Use,0,1,0,0,1,0,Low
2022,9,Wednesday,9,Sindh,Kashmore,National Highway,Poor,Dusty/Smoggy,Daylight,Motorcycle,4,Over Speeding,1,0,0,0,7,2,High
2022,6,Friday,8,Punjab,Sheikhupura,Motorway,Average,Clear,Daylight,Motorcycle,1,Wrong Overtaking,1,0,0,0,10,1,High
2023,12,Monday,5,Sindh,Thatta,Urban Road,Poor,Clear,Dawn/Dusk,Motorcycle,2,Over Speeding,0,0,1,1,3,2,High
2023,8,Saturday,16,Punjab,Bahawalpur,National Highway,Average,Clear,Daylight,Motorcycle,2,Road Condition,0,1,0,0,3,0,Medium
2021,1,Tuesday,5,Punjab,Rawalpindi,Rural Road,Good,Clear,Dawn/Dusk,Bus/Coach,2,Over Speeding,0,0,1,1,3,0,Medium
2023,6,Saturday,19,KPK,Abbottabad,Rural Road,Poor,Dusty/Smoggy,Dawn/Dusk,Motorcycle,1,Signal Violation,1,1,0,0,1,2,Medium
2022,9,Sunday,21,Punjab,Gujranwala,Provincial Highway,Good,Rainy,Street Light,Motorcycle,3,Over Speeding,0,1,0,0,5,0,High
2018,6,Sunday,13,Sindh,Thatta,Provincial Highway,Good,Rainy,Daylight,Car/Taxi,2,Wrong Overtaking,1,1,0,0,4,0,Medium
2023,6,Tuesday,12,KPK,Abbottabad,National Highway,Good,Clear,Dawn/Dusk,Motorcycle,2,Mechanical Failure,1,0,0,0,5,0,Medium
2022,10,Tuesday,18,Balochistan,Khuzdar,Rural Road,Under Repair,Clear,Daylight,Bicycle,2,Signal Violation,1,0,0,0,4,1,Medium
2023,11,Friday,10,KPK,Charsadda,Provincial Highway,Poor,Foggy,Daylight,Car/Taxi,2,Over Speeding,0,0,0,1,4,0,Medium
2019,1,Saturday,8,Punjab,Multan,Rural Road,Poor,Clear,Street Light,Rickshaw,2,Over Speeding,1,1,0,1,2,0,Low
2021,4,Tuesday,2,Sindh,Karachi,Rural Road,Under Repair,Clear,Street Light,Motorcycle,3,Road Condition,0,0,1,0,1,0,Low
2018,11,Saturday,5,Punjab,Gujranwala,Urban Road,Good,Extreme Heat,Street Light,Motorcycle,3,Over Speeding,0,1,1,1,5,2,High
2019,1,Sunday,17,Punjab,Gujranwala,National Highway,Good,Dusty/Smoggy,Daylight,Truck/Lorry,1,Mechanical Failure,1,1,0,1,3,0,Medium
2022,8,Monday,21,Sindh,Larkana,National Highway,Poor,Clear,Street Light,Van/Pickup,1,Over Speeding,0,0,0,0,1,1,Medium
2022,8,Monday,8,Balochistan,Zhob,Urban Road,Good,Clear,Daylight,Rickshaw,1,Over Speeding,1,0,0,0,1,0,Medium
2020,6,Tuesday,1,Punjab,Multan,Rural Road,Good,Foggy,Street Light,Bus/Coach,1,Over Speeding,0,0,1,0,7,3,High
2019,1,Friday,20,Punjab,Sargodha,Rural Road,Average,Clear,Street Light,Truck/Lorry,2,Pedestrian Error,1,0,0,1,0,0,Low
2023,11,Thursday,22,Sindh,Thatta,Provincial Highway,Average,Clear,No Light,Motorcycle,3,Pedestrian Error,0,0,1,1,1,1,Medium
2022,12,Friday,21,Punjab,Lahore,National Highway,Under Repair,Foggy,No Light,Motorcycle,2,Road Condition,0,0,0,1,9,2,High
2019,10,Wednesday,17,Sindh,Thatta,National Highway,Average,Clear,Daylight,Motorcycle,2,Pedestrian Error,1,0,0,0,3,0,Medium
2019,8,Saturday,15,Punjab,Multan,National Highway,Average,Clear,Daylight,Truck/Lorry,2,Drunk Driving,0,1,0,0,9,1,High
2021,5,Saturday,19,Punjab,Sheikhupura,National Highway,Average,Clear,Dawn/Dusk,Van/Pickup,2,Wrong Overtaking,1,1,0,0,0,0,Low