year,month,day_of_week,hour_of_day,province,district,road_type,road_condition,weather_condition,lighting_condition,vehicle_type,vehicles_involved,accident_cause,is_rush_hour,is_weekend,is_night,is_foggy_month,num_injured,num_killed,severity
2023,2,Monday,19,Sindh,Hyderabad,Urban Road,Average,Extreme Heat,Dawn/Dusk,Motorcycle,1,Mechanical Failure,1,0,0,1,1,0,Medium
2021,8,Sunday,16,Balochistan,Turbat,National Highway,Good,Clear,Street Light,Motorcycle,2,Drunk Driving,0,1,0,0,5,3,High
2021,5,Friday,18,KPK,Abbottabad,National Highway,Average,Extreme Heat,Daylight,Car/Taxi,1,Mobile Phone Use,1,0,0,0,1,1,Medium
2021,1,Saturday,13,KPK,Mansehra,Provincial Highway,Poor,Clear,Daylight,Motorcycle,1,Over Speeding,1,1,0,1,1,1,Medium
2022,10,Thursday,22,Punjab,Multan,Urban Road,Good,Clear,Street Light,Motorcycle,1,Over Speeding,0,0,1,0,7,0,High
2023,4,Wednesday,10,Balochistan,Hub,Provincial Highway,Average,Extreme Heat,Daylight,Motorcycle,2,Over Speeding,0,0,0,0,5,1,High
2021,2,Thursday,9,Punjab,Bahawalpur,Urban Road,Average,Clear,Daylight,Motorcycle,4,Signal Violation,1,0,0,1,5,1,Medium
2021,12,Wednesday,22,Balochistan,Loralai,Provincial Highway,Average,Clear,No Light,Motorcycle,1,Over Speeding,0,0,1,1,9,2,High
2019,10,Thursday,11,Sindh,Thatta,Rural Road,Good,Clear,Daylight,Truck/Lorry,1,Mobile Phone Use,0,0,0,0,0,0,Low
2021,9,Monday,10,Punjab,Rawalpindi,Provincial Highway,Poor,Clear,Daylight,Rickshaw,1,Signal Violation,0,0,0,0,3,0,Medium
2023,2,Saturday,20,Punjab,Faisalabad,Rural Road,Average,Clear,Street Light,Motorcycle,2,Wrong Overtaking,1,1,0,1,0,0,Low
2019,7,Saturday,9,Sindh,Nawabshah,Rural Road,Good,Clear,Daylight,Car/Taxi,3,Wrong Overtaking,1,1,0,0,2,0,Low
2020,1,Friday,20,Punjab,Rawalpindi,Rural Road,Poor,Clear,Street Light,Motorcycle,4,Pedestrian Error,1,0,0,1,0,0,Low
2023,3,Saturday,5,Islamabad,Islamabad,Provincial Highway,Good,Foggy,Dawn/Dusk,Motorcycle,3,Over Speeding,0,1,1,0,10,1,High
2023,7,Wednesday,18,Punjab,Lahore,Urban Road,Good,Clear,Daylight,Rickshaw,3,Over Speeding,1,0,0,0,3,2,Medium
2020,9,Saturday,22,Punjab,Bahawalpur,National Highway,Good,Clear,No Light,Car/Taxi,4,Mobile Phone Use,0,1,1,0,2,0,Low
2022,8,Thursday,17,Punjab,Rawalpindi,National Highway,Good,Rainy,Daylight,Rickshaw,1,Pedestrian Error,1,0,0,0,1,0,Low
2020,11,Friday,19,Punjab,Sialkot,Provincial Highway,Good,Clear,No Light,Car/Taxi,2,Road Condition,1,0,0,1,0,0,Low
2021,4,Thursday,21,KPK,Bannu,National Highway,Average,Foggy,Street Light,Motorcycle,3,Signal Violation,0,0,0,0,9,1,High
2021,1,Friday,15,Sindh,Jacobabad,Rural Road,Under Repair,Foggy,Street Light,Car/Taxi,1,Road Condition,0,0,0,1,1,0,Low
2022,11,Saturday,13,KPK,Swat,National Highway,Good,Extreme Heat,Daylight,Motorcycle,2,Over Speeding,1,1,0,1,6,0,High
2021,6,Wednesday,7,Punjab,Sialkot,National Highway,Good,Foggy,Daylight,Motorcycle,2,Signal Violation,1,0,0,0,4,3,High
2020,6,Friday,8,Islamabad,Islamabad,Rural Road,Good,Clear,Daylight,Motorcycle,3,Pedestrian Error,1,0,0,0,2,0,Low
2019,11,Tuesday,16,Punjab,Rahim Yar Khan,National Highway,Good,Clear,Dawn/Dusk,Van/Pickup,1,Road Condition,0,0,0,1,1,1,Low
2018,8,Tuesday,2,Balochistan,Sibi,Urban Road,Average,Clear,No Light,Rickshaw,3,Signal Violation,0,0,1,0,2,0,Low
2018,7,Friday,14,Punjab,Lahore,National Highway,Good,Clear,Street Light,Car/Taxi,2,Over Speeding,0,0,0,0,2,0,Medium
2019,9,Monday,7,KPK,Mardan,Provincial Highway,Poor,Rainy,Daylight,Truck/Lorry,2,Wrong Overtaking,1,0,0,0,3,0,Medium
2020,10,Friday,12,Sindh,Karachi,National Highway,Poor,Clear,Daylight,Truck/Lorry,1,Driver Fatigue,1,0,0,0,8,0,High
2023,5,Saturday,17,Punjab,Gujranwala,Provincial Highway,Under Repair,Dusty/Smoggy,Daylight,Car/Taxi,2,Pedestrian Error,1,1,0,0,2,0,Low
2021,6,Wednesday,8,Punjab,Gujranwala,Provincial Highway,Average,Clear,Street Light,Car/Taxi,3,Signal Violation,1,0,0,0,2,0,Low
2022,4,Sunday,12,Sindh,Karachi,Urban Road,Under Repair,Rainy,Daylight,Truck/Lorry,2,Wrong Overtaking,1,1,0,0,5,0,Medium
2020,2,Friday,16,Punjab,Lahore,Urban Road,Good,Clear,Daylight,Rickshaw,1,Mechanical Failure,0,0,0,1,0,0,Low
2018,5,Saturday,10,Sindh,Thatta,Provincial Highway,Good,Clear,Daylight,Motorcycle,3,Over Speeding,0,1,0,0,7,2,High
2022,6,Saturday,0,Sindh,Thatta,Provincial Highway,Average,Clear,No Light,Motorcycle,4,Wrong Overtaking,0,1,1,0,4,1,Medium
2020,7,Saturday,17,KPK,Peshawar,National Highway,Good,Clear,Daylight,Rickshaw,2,Over Speeding,1,1,0,0,3,0,Medium
2019,7,Monday,23,Gilgit-Baltistan,Skardu,Urban Road,Average,Clear,No Light,Motorcycle,1,Signal Violation,0,0,1,0,4,1,High
2023,12,Tuesday,11,Punjab,Rahim Yar Khan,National Highway,Poor,Clear,Daylight,Motorcycle,1,Signal Violation,0,0,0,1,3,3,High
2019,8,Saturday,16,Punjab,Sargodha,National Highway,Good,Clear,Daylight,Motorcycle,1,Over Speeding,0,1,0,0,7,1,High
2022,11,Wednesday,22,Punjab,Multan,Urban Road,Good,Clear,No Light,Truck/Lorry,2,Pedestrian Error,0,0,1,1,4,0,Medium
2020,11,Friday,18,KPK,Peshawar,Provincial Highway,Good,Clear,Daylight,Motorcycle,2,Signal Violation,1,0,0,1,5,0,Medium
2023,5,Tuesday,22,Islamabad,Islamabad,Urban Road,Under Repair,Rainy,Street Light,Motorcycle,2,Pedestrian Error,0,0,1,0,3,1,Medium
2021,2,Sunday,12,AJK,Rawalakot,Urban Road,Average,Foggy,Daylight,Van/Pickup,4,Wrong Overtaking,1,1,0,1,2,0,Low
2020,12,Saturday,16,Islamabad,Islamabad,National Highway,Good,Clear,Daylight,Bus/Coach,2,Mechanical Failure,0,1,0,1,0,1,Low
2022,5,Saturday,13,Balochistan,Turbat,National Highway,Good,Clear,Daylight,Van/Pickup,2,Pedestrian Error,1,1,0,0,1,0,Low
2023,11,Tuesday,19,Gilgit-Baltistan,Hunza,Urban Road,Average,Clear,Daylight,Truck/Lorry,2,Signal Violation,1,0,0,1,3,2,Medium
2022,11,Sunday,11,Punjab,Sheikhupura,Motorway,Poor,Extreme Heat,Daylight,Bus/Coach,2,Mechanical Failure,0,1,0,1,2,0,Medium
2022,4,Sunday,11,Islamabad,Islamabad,Provincial Highway,Average,Clear,Daylight,Car/Taxi,2,Road Condition,0,1,0,0,2,0,Low
2018,4,Sunday,12,KPK,Nowshera,Rural Road,Under Repair,Clear,No Light,Motorcycle,3,Drunk Driving,1,1,0,0,5,2,Medium
2019,5,Wednesday,2,Punjab,Gujranwala,Rural Road,Average,Clear,Street Light,Rickshaw,3,Wrong Overtaking,0,0,1,0,4,1,Medium
2022,9,Sunday,18,Punjab,Bahawalpur,Provincial Highway,Average,Dusty/Smoggy,Daylight,Motorcycle,1,Driver Fatigue,1,1,0,0,6,1,High
2021,12,Sunday,9,Punjab,Sargodha,Motorway,Average,Foggy,Daylight,Motorcycle,2,Mechanical Failure,1,1,0,1,1,0,Medium
2018,7,Saturday,18,KPK,Bannu,National Highway,Good,Clear,Daylight,Motorcycle,2,Over Speeding,1,1,0,0,4,1,High
2018,5,Sunday,3,Sindh,Kashmore,National Highway,Average,Clear,Street Light,Motorcycle,2,Over Speeding,0,1,1,0,3,1,High
2023,7,Wednesday,15,Punjab,Sialkot,Provincial Highway,Average,Clear,Daylight,Motorcycle,2,Wrong Overtaking,0,0,0,0,3,0,Medium
2021,7,Tuesday,19,KPK,Bannu,National Highway,Average,Clear,Dawn/Dusk,Truck/Lorry,3,Driver Fatigue,1,0,0,0,11,0,High
2022,7,Saturday,11,Punjab,Lahore,Rural Road,Poor,Clear,Daylight,Motorcycle,2,Wrong Overtaking,0,1,0,0,5,1,Medium
2021,2,Friday,14,KPK,Abbottabad,National Highway,Poor,Clear,No Light,Truck/Lorry,2,Wrong Overtaking,0,0,0,1,2,1,Medium
2022,10,Friday,6,KPK,Peshawar,Rural Road,Good,Foggy,Street Light,Car/Taxi,1,Mechanical Failure,0,0,0,0,2,0,Low
2019,8,Saturday,13,AJK,Rawalakot,Motorway,Good,Clear,Daylight,Van/Pickup,3,Wrong Overtaking,1,1,0,0,4,2,Medium
2022,6,Friday,19,Punjab,Lahore,Urban Road,Good,Dusty/Smoggy,Dawn/Dusk,Bus/Coach,3,Signal Violation,1,0,0,0,2,0,Low
2022,9,Wednesday,21,Balochistan,Khuzdar,Urban Road,Good,Rainy,No Light,Motorcycle,2,Over Speeding,0,0,0,0,11,1,High
2018,6,Friday,18,Punjab,Multan,Urban Road,Average,Clear,Daylight,Motorcycle,2,Mechanical Failure,1,0,0,0,4,0,Medium
2023,10,Monday,23,Punjab,Rawalpindi,Urban Road,Good,Clear,Street Light,Car/Taxi,2,Signal Violation,0,0,1,0,5,1,Medium
2018,6,Tuesday,7,Sindh,Dadu,Rural Road,Average,Rainy,Street Light,Truck/Lorry,2,Wrong Overtaking,1,0,0,0,5,0,Medium
2020,2,Saturday,15,Sindh,Nawabshah,Urban Road,Poor,Foggy,Daylight,Motorcycle,2,Signal Violation,0,1,0,1,1,0,Medium
2022,10,Friday,6,Gilgit-Baltistan,Skardu,Rural Road,Good,Clear,Daylight,Motorcycle,1,Over Speeding,0,0,0,0,2,0,Medium
2022,11,Saturday,16,Sindh,Nawabshah,National Highway,Poor,Dusty/Smoggy,Daylight,Car/Taxi,3,Wrong Overtaking,0,1,0,1,1,0,Low
2022,10,Wednesday,5,Islamabad,Islamabad,Rural Road,Good,Extreme Heat,Daylight,Bus/Coach,3,Mechanical Failure,0,0,1,0,4,0,Medium
2021,7,Monday,8,Punjab,Sheikhupura,National Highway,Average,Rainy,Daylight,Bus/Coach,2,Over Speeding,1,0,0,0,6,1,High
2023,5,Monday,21,Punjab,Bahawalpur,National Highway,Good,Clear,No Light,Car/Taxi,1,Over Speeding,0,0,0,0,6,2,High
2023,3,Wednesday,6,Sindh,Nawabshah,Provincial Highway,Good,Dusty/Smoggy,Daylight,Motorcycle,2,Over Speeding,0,0,0,0,10,0,High
2023,9,Wednesday,20,Punjab,Bahawalpur,Provincial Highway,Poor,Clear,No Light,Van/Pickup,2,Pedestrian Error,1,0,0,0,0,0,Low
2022,11,Monday,19,AJK,Rawalakot,Provincial Highway,Poor,Clear,Dawn/Dusk,Motorcycle,4,Over Speeding,1,0,0,1,3,0,Medium
2018,9,Monday,13,KPK,Bannu,National Highway,Under Repair,Foggy,Daylight,Motorcycle,2,Driver Fatigue,1,0,0,0,2,1,High
2022,7,Sunday,10,Sindh,Larkana,Provincial Highway,Good,Rainy,Street Light,Motorcycle,2,Over Speeding,0,1,0,0,5,2,High
2021,7,Tuesday,4,KPK,Kohat,Urban Road,Good,Clear,No Light,Motorcycle,2,Road Condition,0,0,1,0,5,1,Medium
2023,2,Monday,13,Sindh,Nawabshah,Rural Road,Average,Clear,Daylight,Truck/Lorry,2,Over Speeding,1,0,0,1,1,0,Low
2020,10,Friday,19,Punjab,Sargodha,Provincial Highway,Good,Rainy,Dawn/Dusk,Motorcycle,2,Drunk Driving,1,0,0,0,10,1,High
2021,7,Saturday,3,Sindh,Kashmore,National Highway,Average,Clear,Street Light,Truck/Lorry,3,Over Speeding,0,1,1,0,4,1,High
2018,12,Tuesday,18,Sindh,Mirpur Khas,National Highway,Poor,Clear,Dawn/Dusk,Motorcycle,1,Mobile Phone Use,1,0,0,1,1,2,Medium
2020,4,Sunday,22,AJK,Muzaffarabad,National Highway,Poor,Foggy,No Light,Motorcycle,3,Wrong Overtaking,0,1,1,0,6,2,High
2018,12,Monday,9,Punjab,Rahim Yar Khan,Rural Road,Average,Foggy,Daylight,Truck/Lorry,4,Wrong Overtaking,1,0,0,1,2,0,Medium
2019,11,Saturday,10,Sindh,Mirpur Khas,National Highway,Good,Clear,Daylight,Motorcycle,2,Wrong Overtaking,0,1,0,1,5,0,Medium
2021,5,Saturday,12,Punjab,Sargodha,National Highway,Poor,Clear,Daylight,Car/Taxi,3,Wrong Overtaking,1,1,0,0,2,0,Medium
2018,3,Friday,12,Punjab,Rahim Yar Khan,Provincial Highway,Poor,Clear,Daylight,Car/Taxi,1,Pedestrian Error,1,0,0,0,2,0,Low
2023,11,Friday,12,Sindh,Kashmore,National Highway,Average,Clear,Daylight,Motorcycle,3,Road Condition,1,0,0,1,4,2,Medium
2018,5,Saturday,19,Punjab,Rawalpindi,National Highway,Average,Clear,Dawn/Dusk,Truck/Lorry,2,Over Speeding,1,1,0,0,5,0,Medium
2022,7,Thursday,11,KPK,Dera Ismail Khan,Provincial Highway,Good,Rainy,Daylight,Motorcycle,4,Mobile Phone Use,0,0,0,0,4,0,Medium
2020,1,Friday,22,Sindh,Thatta,Rural Road,Good,Extreme Heat,Street Light,Car/Taxi,2,Over Speeding,0,0,1,1,3,0,Medium
2023,7,Friday,2,Punjab,Rahim Yar Khan,Rural Road,Good,Clear,Street Light,Truck/Lorry,2,Mechanical Failure,0,0,1,0,2,2,Medium
2021,12,Thursday,11,Sindh,Larkana,Rural Road,Average,Dusty/Smoggy,Dawn/Dusk,Bus/Coach,3,Mobile Phone Use,0,0,0,1,1,0,Low
2021,9,Sunday,13,Punjab,Multan,National Highway,Average,Clear,Daylight,Motorcycle,1,Driver Fatigue,1,1,0,0,6,4,High
2019,8,Sunday,10,Balochistan,Zhob,Provincial Highway,Good,Rainy,Daylight,Rickshaw,3,Mobile Phone Use,0,1,0,0,1,0,Low
2023,9,Tuesday,21,Punjab,Bahawalpur,National Highway,Good,Foggy,Street Light,Rickshaw,3,Road Condition,0,0,0,0,3,0,Medium
2020,12,Monday,3,Punjab,Sheikhupura,National Highway,Good,Clear,Street Light,Van/Pickup,2,Over Speeding,0,0,1,1,2,0,Medium
2020,7,Wednesday,12,Sindh,Karachi,Urban Road,Average,Foggy,Daylight,Car/Taxi,4,Over Speeding,1,0,0,0,2,0,Medium
2018,12,Sunday,5,AJK,Mirpur,National Highway,Good,Clear,Daylight,Motorcycle,3,Wrong Overtaking,0,1,1,1,4,1,High
2023,11,Thursday,4,Balochistan,Dera Bugti,Motorway,Good,Clear,No Light,Car/Taxi,1,Over Speeding,0,0,1,1,5,0,Medium
2018,7,Friday,16,Punjab,Sialkot,Rural Road,Average,Rainy,Daylight,Motorcycle,1,Signal Violation,0,0,0,0,1,0,Medium
2023,1,Tuesday,12,Punjab,Sargodha,Rural Road,Good,Clear,Daylight,Motorcycle,2,Mechanical Failure,1,0,0,1,0,0,Low
2023,8,Saturday,20,Sindh,Kashmore,Urban Road,Poor,Foggy,No Light,Motorcycle,2,Wrong Overtaking,1,1,0,0,4,1,Medium
2021,12,Monday,13,KPK,Kohat,National Highway,Average,Extreme Heat,Daylight,Motorcycle,1,Wrong Overtaking,1,0,0,1,7,0,High
2020,12,Monday,22,Punjab,Gujranwala,National Highway,Average,Clear,No Light,Motorcycle,3,Signal Violation,0,0,1,1,6,1,High
2022,7,Saturday,9,Sindh,Nawabshah,National Highway,Good,Clear,Daylight,Car/Taxi,2,Drunk Driving,1,1,0,0,4,2,Medium
2021,7,Saturday,16,Punjab,Sialkot,Provincial Highway,Under Repair,Rainy,Daylight,Truck/Lorry,4,Mechanical Failure,0,1,0,0,0,0,Low
2023,11,Tuesday,16,Punjab,Multan,National Highway,Good,Clear,Daylight,Motorcycle,3,Wrong Overtaking,0,0,0,1,11,0,High
2018,1,Wednesday,14,Sindh,Kashmore,Urban Road,Average,Foggy,Dawn/Dusk,Motorcycle,1,Road Condition,0,0,0,1,0,0,Low
2022,12,Monday,1,Punjab,Sargodha,Rural Road,Average,Clear,Street Light,Truck/Lorry,1,Pedestrian Error,0,0,1,1,1,0,Medium
2021,12,Friday,17,Punjab,Sheikhupura,Rural Road,Good,Foggy,Daylight,Motorcycle,3,Wrong Overtaking,1,0,0,1,2,1,Medium
2023,7,Sunday,18,Punjab,Faisalabad,Motorway,Good,Foggy,Daylight,Truck/Lorry,4,Driver Fatigue,1,1,0,0,11,0,High
2023,11,Friday,8,Sindh,Thatta,Rural Road,Good,Clear,Daylight,Motorcycle,1,Drunk Driving,1,0,0,1,4,1,Medium
2021,10,Wednesday,14,Punjab,Rahim Yar Khan,Rural Road,Average,Foggy,Street Light,Motorcycle,3,Driver Fatigue,0,0,0,0,1,0,Medium
2023,8,Saturday,6,Sindh,Kashmore,National Highway,Good,Clear,Daylight,Motorcycle,4,Signal Violation,0,1,0,0,9,1,High
2022,7,Monday,19,Islamabad,Islamabad,Urban Road,Good,Dusty/Smoggy,Street Light,Car/Taxi,4,Pedestrian Error,1,0,0,0,2,0,Low
2022,2,Tuesday,17,Punjab,Sialkot,Urban Road,Poor,Clear,Street Light,Van/Pickup,2,Wrong Overtaking,1,0,0,1,2,0,Low
2020,12,Saturday,11,Sindh,Sukkur,Urban Road,Under Repair,Clear,Daylight,Car/Taxi,1,Over Speeding,0,1,0,1,1,1,Medium
2022,1,Monday,14,KPK,Mardan,National Highway,Poor,Clear,Daylight,Car/Taxi,2,Mechanical Failure,0,0,0,1,2,0,Low
2023,12,Friday,9,Punjab,Rahim Yar Khan,Provincial Highway,Under Repair,Clear,Street Light,Car/Taxi,2,Wrong Overtaking,1,0,0,1,1,0,Low
2018,3,Monday,23,Punjab,Rahim Yar Khan,National Highway,Good,Dusty/Smoggy,No Light,Motorcycle,2,Wrong Overtaking,0,0,1,0,2,2,High
2018,10,Tuesday,21,Punjab,Sialkot,Motorway,Average,Dusty/Smoggy,No Light,Motorcycle,2,Wrong Overtaking,0,0,0,0,4,2,High
2019,4,Sunday,14,Sindh,Nawabshah,National Highway,Average,Foggy,Daylight,Car/Taxi,2,Signal Violation,0,1,0,0,3,1,Medium
2023,3,Friday,16,Sindh,Mirpur Khas,Rural Road,Good,Foggy,Daylight,Car/Taxi,2,Over Speeding,0,0,0,0,5,0,Medium
2022,4,Thursday,10,Punjab,Multan,National Highway,Good,Clear,Daylight,Car/Taxi,2,Wrong Overtaking,0,0,0,0,0,0,Low
2023,6,Sunday,6,KPK,Bannu,National Highway,Poor,Dusty/Smoggy,Daylight,Truck/Lorry,1,Over Speeding,0,1,0,0,4,0,High
2023,11,Friday,13,KPK,Mardan,Rural Road,Good,Clear,Daylight,Car/Taxi,1,Wrong Overtaking,1,0,0,1,2,0,Low
2023,12,Friday,22,Punjab,Multan,Urban Road,Good,Rainy,No Light,Car/Taxi,2,Wrong Overtaking,0,0,1,1,1,0,Medium
2021,8,Friday,22,KPK,Peshawar,National Highway,Poor,Clear,No Light,Motorcycle,2,Wrong Overtaking,0,0,1,0,5,1,High
2022,3,Friday,17,Punjab,Rahim Yar Khan,National Highway,Average,Rainy,Street Light,Truck/Lorry,3,Wrong Overtaking,1,0,0,0,3,4,High
2023,10,Friday,21,KPK,Swat,National Highway,Good,Dusty/Smoggy,No Light,Car/Taxi,3,Over Speeding,0,0,0,0,4,2,Medium
2020,10,Sunday,3,Punjab,Bahawalpur,Urban Road,Average,Rainy,Street Light,Motorcycle,2,Pedestrian Error,0,1,1,0,2,0,Medium
2023,1,Saturday,23,KPK,Dera Ismail Khan,National Highway,Good,Clear,No Light,Motorcycle,2,Signal Violation,0,1,1,1,6,2,High
2022,3,Wednesday,8,Punjab,Rawalpindi,Provincial Highway,Average,Clear,Daylight,Motorcycle,2,Driver Fatigue,1,0,0,0,3,2,High
2022,7,Wednesday,18,Sindh,Sukkur,Rural Road,Poor,Clear,Daylight,Car/Taxi,4,Signal Violation,1,0,0,0,2,0,Low
2022,1,Friday,14,Punjab,Sialkot,Rural Road,Average,Clear,Daylight,Rickshaw,3,Mobile Phone Use,0,0,0,1,0,0,Low
2019,5,Monday,5,KPK,Mardan,Provincial Highway,Under Repair,Clear,Dawn/Dusk,Motorcycle,2,Over Speeding,0,0,1,0,2,1,High
2021,9,Tuesday,18,Punjab,Multan,Urban Road,Average,Clear,Street Light,Motorcycle,2,Drunk Driving,1,0,0,0,5,2,High
2018,3,Saturday,21,Punjab,Gujranwala,Urban Road,Poor,Extreme Heat,No Light,Motorcycle,1,Pedestrian Error,0,1,0,0,1,0,Low
2020,4,Monday,15,Punjab,Bahawalpur,Urban Road,Good,Extreme Heat,Street Light,Motorcycle,1,Signal Violation,0,0,0,0,0,0,Low
2019,1,Wednesday,21,Punjab,Multan,Rural Road,Poor,Clear,No Light,Motorcycle,1,Over Speeding,0,0,0,1,11,2,High
2022,1,Sunday,19,KPK,Kohat,Rural Road,Average,Rainy,Dawn/Dusk,Bus/Coach,2,Over Speeding,1,1,0,1,1,0,Medium
2020,6,Monday,8,AJK,Muzaffarabad,Rural Road,Good,Clear,Daylight,Car/Taxi,3,Road Condition,1,0,0,0,1,0,Low
2023,4,Saturday,10,KPK,Swat,National Highway,Good,Clear,Daylight,Bus/Coach,3,Mobile Phone Use,0,1,0,0,1,2,Medium
2019,3,Sunday,21,Balochistan,Khuzdar,Urban Road,Good,Dusty/Smoggy,No Light,Motorcycle,2,Over Speeding,0,1,0,0,1,1,Medium
2023,8,Sunday,23,Punjab,Sialkot,Rural Road,Poor,Clear,Street Light,Rickshaw,2,Driver Fatigue,0,1,1,0,2,1,Medium
2022,7,Thursday,14,Punjab,Sheikhupura,National Highway,Poor,Clear,Daylight,Truck/Lorry,3,Wrong Overtaking,0,0,0,0,4,2,Medium
2022,1,Tuesday,21,Sindh,Nawabshah,Motorway,Good,Rainy,No Light,Motorcycle,2,Mobile Phone Use,0,0,0,1,9,1,High
2020,1,Wednesday,3,AJK,Rawalakot,National Highway,Good,Clear,Street Light,Motorcycle,2,Drunk Driving,0,0,1,1,9,4,High
2020,3,Sunday,19,KPK,Charsadda,Urban Road,Poor,Clear,Street Light,Car/Taxi,2,Over Speeding,1,1,0,0,0,1,Low
2023,4,Tuesday,17,Punjab,Lahore,Urban Road,Good,Clear,No Light,Car/Taxi,1,Driver Fatigue,1,0,0,0,2,0,Low
2020,3,Wednesday,20,Punjab,Sargodha,National Highway,Good,Dusty/Smoggy,Street Light,Car/Taxi,2,Mechanical Failure,1,0,0,0,0,0,Low
2023,5,Thursday,8,Punjab,Bahawalpur,Provincial Highway,Poor,Clear,Dawn/Dusk,Car/Taxi,2,Mechanical Failure,1,0,0,0,1,0,Low
2019,7,Monday,23,Punjab,Sargodha,Provincial Highway,Good,Extreme Heat,Street Light,Rickshaw,1,Driver Fatigue,0,0,1,0,1,0,Medium
2022,1,Monday,10,KPK,Peshawar,National Highway,Good,Clear,Street Light,Motorcycle,4,Wrong Overtaking,0,0,0,1,6,2,High
2023,11,Tuesday,10,Punjab,Faisalabad,Urban Road,Poor,Foggy,Daylight,Car/Taxi,1,Mechanical Failure,0,0,0,1,0,0,Low
2020,8,Friday,8,Balochistan,Gwadar,National Highway,Average,Clear,Street Light,Car/Taxi,2,Over Speeding,1,0,0,0,5,0,High
2019,6,Friday,17,Islamabad,Islamabad,Provincial Highway,Under Repair,Foggy,Daylight,Car/Taxi,1,Over Speeding,1,0,0,0,3,0,Medium
2018,5,Monday,19,Balochistan,Hub,Rural Road,Average,Clear,Dawn/Dusk,Motorcycle,2,Over Speeding,1,0,0,0,2,1,Medium
2021,12,Sunday,18,Balochistan,Sibi,Provincial Highway,Poor,Clear,Daylight,Car/Taxi,2,Over Speeding,1,1,0,1,3,1,Medium
2022,6,Saturday,20,Punjab,Sheikhupura,National Highway,Average,Clear,Street Light,Motorcycle,2,Signal Violation,1,1,0,0,5,0,Medium
2021,12,Sunday,23,AJK,Rawalakot,National Highway,Under Repair,Clear,No Light,Car/Taxi,2,Over Speeding,0,1,1,1,11,1,High
2023,5,Thursday,9,Punjab,Faisalabad,National Highway,Under Repair,Extreme Heat,Daylight,Motorcycle,1,Wrong Overtaking,1,0,0,0,3,2,High
2023,8,Tuesday,22,Balochistan,Loralai,Rural Road,Good,Clear,No Light,Bus/Coach,2,Mobile Phone Use,0,0,1,0,3,0,Medium
2021,12,Monday,9,Punjab,Rawalpindi,Rural Road,Good,Rainy,Daylight,Motorcycle,1,Over Speeding,1,0,0,1,3,1,High
2018,1,Thursday,21,Sindh,Thatta,National Highway,Good,Clear,Street Light,Motorcycle,3,Road Condition,0,0,0,1,5,1,Medium
2021,5,Friday,10,Punjab,Sheikhupura,Rural Road,Good,Clear,Daylight,Motorcycle,2,Signal Violation,0,0,0,0,1,0,Low
2020,2,Saturday,22,Punjab,Multan,Rural Road,Average,Clear,No Light,Motorcycle,4,Wrong Overtaking,0,1,1,1,2,2,Medium
2020,12,Wednesday,18,Islamabad,Islamabad,Urban Road,Average,Clear,Daylight,Motorcycle,4,Over Speeding,1,0,0,1,5,0,Medium
2019,12,Friday,18,KPK,Mardan,Provincial Highway,Average,Clear,Dawn/Dusk,Car/Taxi,1,Mechanical Failure,1,0,0,1,2,0,Low
2023,4,Wednesday,10,Sindh,Kashmore,Provincial Highway,Good,Rainy,Daylight,Rickshaw,2,Road Condition,0,0,0,0,4,1,Medium
2022,7,Saturday,19,Sindh,Dadu,National Highway,Poor,Clear,Dawn/Dusk,Bus/Coach,2,Over Speeding,1,1,0,0,9,1,High
2019,3,Tuesday,17,KPK,Mardan,Provincial Highway,Good,Dusty/Smoggy,Daylight,Motorcycle,4,Over Speeding,1,0,0,0,4,0,Medium
2023,10,Saturday,5,Punjab,Faisalabad,Urban Road,Under Repair,Rainy,Dawn/Dusk,Car/Taxi,2,Over Speeding,0,1,1,0,4,0,Medium
2023,10,Saturday,5,KPK,Bannu,Urban Road,Good,Rainy,No Light,Bus/Coach,1,Wrong Overtaking,0,1,1,0,2,0,Medium
2023,3,Saturday,12,Sindh,Nawabshah,National Highway,Under Repair,Clear,Daylight,Rickshaw,1,Signal Violation,1,1,0,0,5,1,Medium
2022,4,Saturday,20,Sindh,Mirpur Khas,Provincial Highway,Average,Foggy,No Light,Motorcycle,1,Road Condition,1,1,0,0,2,1,Medium
2021,1,Monday,10,Islamabad,Islamabad,Rural Road,Poor,Extreme Heat,Daylight,Motorcycle,1,Drunk Driving,0,0,0,1,10,0,High
2018,11,Sunday,6,Sindh,Nawabshah,Rural Road,Good,Rainy,No Light,Motorcycle,2,Pedestrian Error,0,1,0,1,1,0,Low
2018,12,Friday,7,Punjab,Sheikhupura,Provincial Highway,Poor,Clear,No Light,Bus/Coach,4,Signal Violation,1,0,0,1,2,1,Medium
2018,3,Tuesday,9,Balochistan,Quetta,Provincial Highway,Good,Foggy,Daylight,Motorcycle,2,Driver Fatigue,1,0,0,0,10,1,High
2022,5,Friday,11,Balochistan,Loralai,Urban Road,Average,Clear,Street Light,Car/Taxi,3,Over Speeding,0,0,0,0,3,0,Medium
2023,6,Sunday,5,Gilgit-Baltistan,Gilgit,National Highway,Poor,Foggy,Dawn/Dusk,Bus/Coach,1,Over Speeding,0,1,1,0,2,2,High
2018,5,Sunday,17,Sindh,Thatta,National Highway,Under Repair,Foggy,Daylight,Motorcycle,1,Drunk Driving,1,1,0,0,4,0,High