year,month,day_of_week,hour_of_day,province,district,road_type,road_condition,weather_condition,lighting_condition,vehicle_type,vehicles_involved,accident_cause,is_rush_hour,is_weekend,is_night,is_foggy_month,num_injured,num_killed,severity
2023,11,Monday,4,Punjab,Rahim Yar Khan,Urban Road,Poor,Clear,Street Light,Bus/Coach,1,Drunk Driving,0,0,1,1,10,1,High
2018,9,Friday,15,Punjab,Lahore,Rural Road,Average,Rainy,Daylight,Motorcycle,3,Road Condition,0,0,0,0,2,0,Low
2022,10,Thursday,7,Punjab,Bahawalpur,National Highway,Under Repair,Rainy,Street Light,Rickshaw,2,Over Speeding,1,0,0,0,3,0,Medium
2021,7,Saturday,19,KPK,Abbottabad,Provincial Highway,Poor,Foggy,Dawn/Dusk,Car/Taxi,2,Signal Violation,1,1,0,0,3,1,Medium
2022,11,Friday,15,Punjab,Multan,National Highway,Good,Rainy,Daylight,Motorcycle,1,Signal Violation,0,0,0,1,4,1,High
2019,9,Wednesday,8,Sindh,Thatta,National Highway,Good,Clear,Daylight,Motorcycle,3,Drunk Driving,1,0,0,0,5,1,High
2019,12,Thursday,8,Balochistan,Chaman,National Highway,Poor,Dusty/Smoggy,Daylight,Motorcycle,1,Over Speeding,1,0,0,1,8,1,High
2021,3,Friday,15,Islamabad,Islamabad,Rural Road,Good,Clear,Street Light,Car/Taxi,1,Road Condition,0,0,0,0,1,0,Low
2023,6,Tuesday,10,Punjab,Faisalabad,Provincial Highway,Poor,Clear,Daylight,Truck/Lorry,1,Over Speeding,0,0,0,0,1,1,Medium
2019,11,Wednesday,22,Punjab,Sheikhupura,National Highway,Average,Foggy,No Light,Bicycle,1,Over Speeding,0,0,1,1,3,2,High
2018,3,Saturday,7,KPK,Swat,Provincial Highway,Average,Foggy,Daylight,Car/Taxi,1,Over Speeding,1,1,0,0,1,0,Medium
2020,5,Saturday,14,Sindh,Nawabshah,National Highway,Average,Foggy,Daylight,Motorcycle,2,Road Condition,0,1,0,0,8,3,High
2023,7,Thursday,14,KPK,Charsadda,Provincial Highway,Average,Foggy,Daylight,Car/Taxi,1,Over Speeding,0,0,0,0,1,1,Medium
2020,2,Friday,6,Balochistan,Gwadar,Provincial Highway,Poor,Clear,Daylight,Truck/Lorry,1,Wrong Overtaking,0,0,0,1,1,0,Low
2020,12,Wednesday,14,Sindh,Thatta,Provincial Highway,Under Repair,Rainy,Daylight,Motorcycle,3,Road Condition,0,0,0,1,2,0,Medium
2023,1,Thursday,12,Punjab,Sargodha,Urban Road,Under Repair,Clear,Daylight,Motorcycle,2,Over Speeding,1,0,0,1,2,0,Medium
2021,12,Tuesday,19,Sindh,Thatta,Urban Road,Good,Clear,No Light,Truck/Lorry,3,Mechanical Failure,1,0,0,1,1,0,Low
2020,3,Saturday,17,Sindh,Larkana,Urban Road,Good,Clear,Daylight,Car/Taxi,2,Driver Fatigue,1,1,0,0,0,0,Low
2019,8,Friday,8,Punjab,Faisalabad,Motorway,Good,Foggy,Street Light,Rickshaw,2,Wrong Overtaking,1,0,0,0,4,0,Medium
2019,7,Friday,22,KPK,Swat,Motorway,Poor,Dusty/Smoggy,No Light,Truck/Lorry,1,Wrong Overtaking,0,0,1,0,5,2,High
2022,4,Wednesday,2,Balochistan,Hub,National Highway,Average,Clear,Street Light,Motorcycle,2,Road Condition,0,0,1,0,3,0,Medium
2021,11,Monday,12,Punjab,Multan,National Highway,Poor,Clear,Street Light,Motorcycle,1,Pedestrian Error,1,0,0,1,11,2,High
2023,9,Monday,14,Islamabad,Islamabad,Provincial Highway,Poor,Clear,Daylight,Bus/Coach,3,Signal Violation,0,0,0,0,3,0,Medium
2023,12,Tuesday,9,Sindh,Thatta,Urban Road,Average,Clear,Daylight,Rickshaw,1,Over Speeding,1,0,0,1,2,1,Low
2021,6,Friday,10,Balochistan,Dera Bugti,Motorway,Good,Clear,No Light,Car/Taxi,2,Over Speeding,0,0,0,0,3,2,High
2021,12,Sunday,14,Punjab,Gujranwala,Provincial Highway,Average,Dusty/Smoggy,Daylight,Van/Pickup,2,Pedestrian Error,0,1,0,1,0,0,Low
2021,3,Friday,9,Punjab,Sheikhupura,National Highway,Poor,Clear,Daylight,Motorcycle,1,Over Speeding,1,0,0,0,3,0,High
2019,9,Saturday,22,Punjab,Sargodha,Provincial Highway,Poor,Rainy,Street Light,Motorcycle,1,Mechanical Failure,0,1,1,0,7,1,High
2022,11,Monday,5,Punjab,Sargodha,Provincial Highway,Good,Rainy,Street Light,Truck/Lorry,3,Mobile Phone Use,0,0,1,1,1,1,Medium
2023,9,Tuesday,13,Punjab,Gujranwala,Provincial Highway,Good,Clear,Street Light,Motorcycle,2,Over Speeding,1,0,0,0,4,1,Medium
2022,10,Monday,13,Balochistan,Khuzdar,Provincial Highway,Under Repair,Foggy,Dawn/Dusk,Motorcycle,4,Wrong Overtaking,1,0,0,0,2,0,Medium
2023,4,Saturday,18,Punjab,Bahawalpur,National Highway,Good,Clear,Daylight,Motorcycle,1,Mechanical Failure,1,1,0,0,6,3,High
2023,11,Sunday,9,Islamabad,Islamabad,National Highway,Good,Clear,Daylight,Bus/Coach,1,Signal Violation,1,1,0,1,10,1,High
2018,9,Friday,0,Sindh,Larkana,Urban Road,Good,Dusty/Smoggy,No Light,Motorcycle,2,Over Speeding,0,0,1,0,2,1,Medium
2022,6,Friday,18,Punjab,Rawalpindi,National Highway,Under Repair,Clear,Dawn/Dusk,Rickshaw,2,Over Speeding,1,0,0,0,2,0,Medium
2019,4,Sunday,7,Sindh,Larkana,Urban Road,Poor,Clear,Daylight,Truck/Lorry,3,Pedestrian Error,1,1,0,0,1,0,Low
2023,6,Thursday,19,Gilgit-Baltistan,Skardu,Urban Road,Good,Clear,Dawn/Dusk,Truck/Lorry,3,Mobile Phone Use,1,0,0,0,2,0,Low
2021,7,Sunday,16,Sindh,Karachi,Rural Road,Good,Clear,Daylight,Motorcycle,1,Wrong Overtaking,0,1,0,0,4,0,Medium
2021,3,Monday,23,Punjab,Bahawalpur,National Highway,Good,Clear,No Light,Car/Taxi,3,Driver Fatigue,0,0,1,0,8,4,High
2021,12,Sunday,7,Islamabad,Islamabad,National Highway,Average,Foggy,Daylight,Car/Taxi,3,Road Condition,1,1,0,1,4,1,Medium
2023,7,Thursday,9,Punjab,Sheikhupura,National Highway,Good,Foggy,Daylight,Truck/Lorry,2,Signal Violation,1,0,0,0,7,2,High
2022,7,Monday,6,KPK,Abbottabad,Provincial Highway,Under Repair,Clear,Daylight,Motorcycle,3,Wrong Overtaking,0,0,0,0,3,0,Medium
2019,7,Tuesday,20,Sindh,Kashmore,National Highway,Good,Extreme Heat,Street Light,Car/Taxi,3,Mechanical Failure,1,0,0,0,0,0,Low
2018,12,Wednesday,2,Punjab,Sialkot,Rural Road,Average,Extreme Heat,Street Light,Motorcycle,1,Wrong Overtaking,0,0,1,1,5,3,High
2023,5,Tuesday,13,Punjab,Multan,Urban Road,Poor,Foggy,Daylight,Car/Taxi,2,Over Speeding,1,0,0,0,3,0,Medium
2018,7,Thursday,19,Islamabad,Islamabad,National Highway,Good,Clear,Daylight,Car/Taxi,3,Wrong Overtaking,1,0,0,0,4,1,Medium
2019,2,Tuesday,17,Balochistan,Sibi,Urban Road,Average,Clear,Daylight,Motorcycle,2,Mobile Phone Use,1,0,0,1,2,0,Low
2019,6,Saturday,12,Sindh,Hyderabad,Motorway,Good,Clear,Street Light,Car/Taxi,1,Over Speeding,1,1,0,0,1,1,Medium
2021,6,Monday,10,Punjab,Rawalpindi,Provincial Highway,Under Repair,Foggy,Daylight,Car/Taxi,3,Mobile Phone Use,0,0,0,0,5,2,Medium
2019,11,Monday,19,Punjab,Lahore,National Highway,Poor,Clear,Street Light,Motorcycle,3,Pedestrian Error,1,0,0,1,2,1,High
2021,4,Tuesday,22,Punjab,Sargodha,National Highway,Good,Clear,Street Light,Car/Taxi,2,Road Condition,0,0,1,0,1,0,Medium
2019,5,Tuesday,11,Sindh,Dadu,National Highway,Average,Foggy,Dawn/Dusk,Rickshaw,1,Wrong Overtaking,0,0,0,0,5,0,Medium
2020,12,Monday,9,Punjab,Lahore,Urban Road,Poor,Clear,Daylight,Car/Taxi,3,Wrong Overtaking,1,0,0,1,0,0,Low
2019,10,Friday,8,Punjab,Rawalpindi,Rural Road,Good,Dusty/Smoggy,Daylight,Bicycle,2,Wrong Overtaking,1,0,0,0,1,0,Low
2021,12,Friday,6,Sindh,Jacobabad,Rural Road,Poor,Rainy,Daylight,Van/Pickup,2,Over Speeding,0,0,0,1,2,1,Low
2023,7,Monday,11,KPK,Abbottabad,Rural Road,Good,Clear,Daylight,Car/Taxi,1,Over Speeding,0,0,0,0,0,0,Low
2021,3,Saturday,8,Balochistan,Khuzdar,Rural Road,Poor,Clear,Dawn/Dusk,Van/Pickup,2,Mechanical Failure,1,1,0,0,0,0,Low
2021,7,Sunday,18,Sindh,Sukkur,Urban Road,Good,Clear,Daylight,Car/Taxi,3,Mechanical Failure,1,1,0,0,2,0,Low
2020,7,Friday,12,KPK,Swat,National Highway,Under Repair,Clear,Daylight,Car/Taxi,2,Mobile Phone Use,1,0,0,0,1,0,Low
2021,2,Wednesday,14,Punjab,Multan,Urban Road,Average,Clear,Daylight,Car/Taxi,1,Over Speeding,0,0,0,1,0,0,Low
2022,11,Friday,18,Sindh,Thatta,Urban Road,Poor,Clear,Daylight,Bus/Coach,2,Over Speeding,1,0,0,1,0,0,Low
2023,11,Friday,20,KPK,Kohat,National Highway,Average,Foggy,Street Light,Motorcycle,1,Signal Violation,1,0,0,1,8,1,High
2019,12,Friday,2,KPK,Abbottabad,Motorway,Good,Foggy,Street Light,Rickshaw,2,Wrong Overtaking,0,0,1,1,1,1,Medium
2023,9,Wednesday,18,Sindh,Kashmore,Urban Road,Average,Clear,Daylight,Car/Taxi,3,Road Condition,1,0,0,0,0,0,Low
2018,10,Saturday,19,Sindh,Mirpur Khas,Provincial Highway,Good,Rainy,Dawn/Dusk,Car/Taxi,4,Driver Fatigue,1,1,0,0,1,0,Medium
2023,7,Saturday,18,Islamabad,Islamabad,Provincial Highway,Average,Clear,Daylight,Car/Taxi,1,Pedestrian Error,1,1,0,0,2,0,Low
2023,10,Saturday,23,Sindh,Dadu,Urban Road,Good,Clear,No Light,Motorcycle,4,Wrong Overtaking,0,1,1,0,4,1,Medium
2022,4,Thursday,22,Sindh,Nawabshah,Provincial Highway,Poor,Rainy,Street Light,Motorcycle,2,Over Speeding,0,0,1,0,3,1,High
2023,2,Tuesday,19,KPK,Swat,Urban Road,Poor,Clear,No Light,Van/Pickup,3,Road Condition,1,0,0,1,2,0,Low
2020,6,Monday,12,Punjab,Lahore,National Highway,Good,Clear,Daylight,Motorcycle,2,Over Speeding,1,0,0,0,11,2,High
2022,2,Saturday,21,Sindh,Thatta,National Highway,Average,Foggy,No Light,Car/Taxi,1,Driver Fatigue,0,1,0,1,5,0,High
2020,12,Sunday,20,Islamabad,Islamabad,National Highway,Poor,Clear,No Light,Car/Taxi,2,Over Speeding,1,1,0,1,5,0,Medium
2018,1,Sunday,20,Punjab,Gujranwala,National Highway,Good,Dusty/Smoggy,No Light,Bus/Coach,1,Pedestrian Error,1,1,0,1,4,0,Medium
2021,8,Thursday,2,Punjab,Sheikhupura,National Highway,Poor,Dusty/Smoggy,Street Light,Truck/Lorry,3,Wrong Overtaking,0,0,1,0,6,0,High
2021,9,Friday,17,Sindh,Jacobabad,Urban Road,Average,Clear,Street Light,Motorcycle,1,Over Speeding,1,0,0,0,1,0,Medium
2022,6,Sunday,16,Punjab,Faisalabad,National Highway,Good,Rainy,Dawn/Dusk,Bus/Coach,2,Over Speeding,0,1,0,0,2,2,High
2023,1,Tuesday,23,Sindh,Hyderabad,National Highway,Under Repair,Extreme Heat,Street Light,Bus/Coach,2,Pedestrian Error,0,0,1,1,1,1,Medium
2019,2,Monday,17,Punjab,Bahawalpur,National Highway,Good,Clear,Daylight,Car/Taxi,2,Pedestrian Error,1,0,0,1,2,1,Medium
2019,9,Monday,8,Sindh,Mirpur Khas,Urban Road,Average,Clear,Daylight,Truck/Lorry,2,Mechanical Failure,1,0,0,0,1,0,Low
2023,4,Sunday,11,Sindh,Mirpur Khas,Provincial Highway,Good,Foggy,Daylight,Car/Taxi,3,Mechanical Failure,0,1,0,0,2,0,Medium
2019,9,Wednesday,19,Punjab,Sialkot,Motorway,Poor,Clear,No Light,Bicycle,2,Signal Violation,1,0,0,0,4,2,High
2022,1,Saturday,12,Punjab,Sargodha,National Highway,Average,Extreme Heat,Daylight,Motorcycle,1,Signal Violation,1,1,0,1,4,1,Medium
2020,8,Saturday,6,Punjab,Multan,Rural Road,Average,Rainy,Daylight,Motorcycle,1,Signal Violation,0,1,0,0,8,4,High
2019,5,Wednesday,11,Punjab,Sheikhupura,Urban Road,Poor,Foggy,Daylight,Motorcycle,2,Mechanical Failure,0,0,0,0,2,1,Low
2022,12,Thursday,16,Sindh,Thatta,National Highway,Average,Clear,Street Light,Bicycle,3,Wrong Overtaking,0,0,0,1,2,1,High
2023,8,Saturday,18,Punjab,Sialkot,Urban Road,Average,Clear,Daylight,Bicycle,1,Pedestrian Error,1,1,0,0,3,0,Medium
2022,5,Sunday,18,KPK,Peshawar,Provincial Highway,Good,Foggy,Daylight,Bus/Coach,2,Over Speeding,1,1,0,0,1,0,Medium
2023,7,Tuesday,15,KPK,Mansehra,Provincial Highway,Good,Clear,Daylight,Car/Taxi,2,Mobile Phone Use,0,0,0,0,2,0,Low
2020,1,Monday,17,Punjab,Lahore,National Highway,Good,Rainy,Daylight,Car/Taxi,2,Wrong Overtaking,1,0,0,1,4,1,High
2018,12,Wednesday,9,Punjab,Gujranwala,National Highway,Poor,Clear,Daylight,Car/Taxi,2,Wrong Overtaking,1,0,0,1,5,1,Medium
2021,11,Thursday,14,Punjab,Sialkot,Provincial Highway,Average,Clear,Daylight,Motorcycle,4,Over Speeding,0,0,0,1,5,3,High
2021,12,Friday,17,Sindh,Hyderabad,Provincial Highway,Under Repair,Clear,Daylight,Motorcycle,2,Wrong Overtaking,1,0,0,1,3,0,Medium
2019,4,Wednesday,10,Punjab,Rawalpindi,Urban Road,Good,Clear,Daylight,Car/Taxi,1,Over Speeding,0,0,0,0,1,1,Medium
2022,5,Wednesday,3,Punjab,Sargodha,Provincial Highway,Average,Clear,Street Light,Car/Taxi,3,Drunk Driving,0,0,1,0,1,1,Medium
2021,5,Monday,21,Punjab,Gujranwala,Urban Road,Good,Clear,No Light,Bicycle,1,Drunk Driving,0,0,0,0,3,4,High
2023,2,Wednesday,17,Islamabad,Islamabad,National Highway,Good,Extreme Heat,Daylight,Motorcycle,1,Wrong Overtaking,1,0,0,1,2,2,High
2021,9,Thursday,21,KPK,Dera Ismail Khan,National Highway,Average,Extreme Heat,No Light,Motorcycle,2,Mechanical Failure,0,0,0,0,1,0,Medium
2019,6,Friday,6,Balochistan,Sibi,Provincial Highway,Poor,Clear,Daylight,Motorcycle,3,Driver Fatigue,0,0,0,0,9,0,High
2019,5,Thursday,9,Punjab,Bahawalpur,National Highway,Average,Dusty/Smoggy,Daylight,Motorcycle,4,Road Condition,1,0,0,0,3,0,High
2023,11,Tuesday,7,Punjab,Rahim Yar Khan,Provincial Highway,Average,Clear,Daylight,Motorcycle,2,Road Condition,1,0,0,1,2,0,Low
2021,10,Wednesday,23,Punjab,Sheikhupura,Provincial Highway,Average,Rainy,Street Light,Car/Taxi,2,Over Speeding,0,0,1,0,3,2,High
2023,7,Sunday,3,Islamabad,Islamabad,Provincial Highway,Average,Foggy,Street Light,Bus/Coach,2,Over Speeding,0,1,1,0,4,1,High
2020,5,Sunday,19,Punjab,Sialkot,National Highway,Average,Clear,Street Light,Car/Taxi,3,Road Condition,1,1,0,0,4,1,Medium
2019,8,Friday,5,Sindh,Hyderabad,National Highway,Average,Clear,Dawn/Dusk,Car/Taxi,3,Signal Violation,0,0,1,0,4,1,Medium
2019,2,Friday,10,Punjab,Sialkot,National Highway,Average,Dusty/Smoggy,Daylight,Van/Pickup,2,Over Speeding,0,0,0,1,2,4,High
2022,6,Friday,13,KPK,Kohat,Urban Road,Good,Foggy,Daylight,Motorcycle,2,Over Speeding,1,0,0,0,6,2,High
2022,9,Thursday,17,Punjab,Rahim Yar Khan,Urban Road,Average,Dusty/Smoggy,Daylight,Motorcycle,3,Over Speeding,1,0,0,0,1,2,Medium
2022,6,Sunday,9,Sindh,Larkana,National Highway,Average,Clear,Daylight,Motorcycle,2,Wrong Overtaking,1,1,0,0,6,0,High
2022,8,Tuesday,17,Gilgit-Baltistan,Gilgit,National Highway,Poor,Clear,No Light,Rickshaw,1,Signal Violation,1,0,0,0,1,0,Low
2023,3,Friday,11,Sindh,Hyderabad,Provincial Highway,Average,Extreme Heat,Daylight,Motorcycle,1,Over Speeding,0,0,0,0,9,1,High
2022,2,Thursday,6,Sindh,Sukkur,Urban Road,Average,Clear,Street Light,Motorcycle,3,Over Speeding,0,0,0,1,4,1,Medium
2019,12,Saturday,19,Sindh,Larkana,Provincial Highway,Good,Rainy,Dawn/Dusk,Motorcycle,3,Signal Violation,1,1,0,1,11,1,High
2020,10,Friday,12,KPK,Nowshera,Provincial Highway,Good,Extreme Heat,Daylight,Van/Pickup,3,Signal Violation,1,0,0,0,0,0,Low
2021,2,Thursday,15,Punjab,Lahore,Motorway,Good,Clear,Daylight,Motorcycle,1,Wrong Overtaking,0,0,0,1,10,2,High
2023,1,Thursday,17,Punjab,Sheikhupura,Provincial Highway,Average,Clear,Daylight,Motorcycle,2,Pedestrian Error,1,0,0,1,4,1,Medium
2020,12,Sunday,3,KPK,Kohat,National Highway,Poor,Rainy,No Light,Motorcycle,1,Wrong Overtaking,0,1,1,1,10,0,High
2023,4,Friday,9,Punjab,Lahore,Urban Road,Average,Foggy,No Light,Car/Taxi,2,Driver Fatigue,1,0,0,0,4,0,Medium
2023,6,Saturday,12,Balochistan,Chaman,Provincial Highway,Poor,Clear,Daylight,Motorcycle,2,Signal Violation,1,1,0,0,3,0,Medium
2023,3,Tuesday,12,Sindh,Sukkur,Provincial Highway,Good,Clear,Daylight,Motorcycle,2,Wrong Overtaking,1,0,0,0,3,0,Medium
2022,12,Tuesday,9,Sindh,Karachi,Rural Road,Poor,Rainy,Daylight,Motorcycle,1,Road Condition,1,0,0,1,0,0,Low
2020,8,Saturday,20,Punjab,Sargodha,Urban Road,Poor,Clear,No Light,Car/Taxi,2,Mechanical Failure,1,1,0,0,1,0,Low
2020,8,Monday,9,KPK,Swat,Provincial Highway,Average,Clear,Daylight,Van/Pickup,2,Mobile Phone Use,1,0,0,0,1,0,Low
2018,11,Tuesday,11,KPK,Kohat,Provincial Highway,Average,Clear,Street Light,Car/Taxi,2,Over Speeding,0,0,0,1,1,0,Medium
2023,11,Saturday,13,Sindh,Kashmore,Provincial Highway,Poor,Clear,Daylight,Motorcycle,4,Over Speeding,1,1,0,1,3,1,Medium
2023,11,Saturday,15,Punjab,Faisalabad,Motorway,Average,Clear,Daylight,Motorcycle,1,Road Condition,0,1,0,1,3,1,High
2018,1,Thursday,7,Islamabad,Islamabad,Urban Road,Good,Clear,Daylight,Motorcycle,2,Over Speeding,1,0,0,1,1,0,Medium
2019,7,Monday,10,Punjab,Multan,Rural Road,Good,Foggy,Dawn/Dusk,Motorcycle,2,Road Condition,0,0,0,0,3,1,Medium
2023,5,Friday,8,Punjab,Gujranwala,National Highway,Average,Foggy,Daylight,Car/Taxi,4,Road Condition,1,0,0,0,4,0,Medium
2021,6,Sunday,17,AJK,Rawalakot,Urban Road,Good,Rainy,Daylight,Motorcycle,2,Road Condition,1,1,0,0,4,1,Medium
2021,3,Monday,19,KPK,Kohat,Urban Road,Average,Clear,Street Light,Bus/Coach,3,Road Condition,1,0,0,0,2,0,Low
2020,7,Thursday,11,Punjab,Faisalabad,Motorway,Average,Clear,Daylight,Rickshaw,1,Driver Fatigue,0,0,0,0,1,1,Medium
2020,2,Friday,15,Islamabad,Islamabad,Provincial Highway,Average,Clear,Street Light,Rickshaw,1,Wrong Overtaking,0,0,0,1,0,0,Low
2023,12,Sunday,21,Punjab,Rahim Yar Khan,Provincial Highway,Good,Clear,Street Light,Bus/Coach,1,Road Condition,0,1,0,1,1,0,Low
2021,10,Saturday,0,Punjab,Rahim Yar Khan,Provincial Highway,Good,Rainy,Street Light,Truck/Lorry,2,Wrong Overtaking,0,1,1,0,4,1,High
2018,7,Friday,15,KPK,Peshawar,Rural Road,Average,Foggy,Daylight,Car/Taxi,2,Signal Violation,0,0,0,0,1,0,Low
2020,8,Friday,15,Punjab,Sargodha,National Highway,Good,Clear,Daylight,Truck/Lorry,1,Wrong Overtaking,0,0,0,0,5,1,High
2023,9,Sunday,18,Balochistan,Khuzdar,Provincial Highway,Average,Dusty/Smoggy,Daylight,Motorcycle,1,Wrong Overtaking,1,1,0,0,4,0,Medium
2018,1,Monday,6,Balochistan,Zhob,Rural Road,Good,Clear,Daylight,Motorcycle,1,Signal Violation,0,0,0,1,0,0,Low
2022,8,Wednesday,7,Punjab,Bahawalpur,National Highway,Average,Clear,No Light,Car/Taxi,1,Wrong Overtaking,1,0,0,0,4,0,Medium
2022,4,Saturday,19,Balochistan,Khuzdar,National Highway,Under Repair,Rainy,Dawn/Dusk,Bicycle,1,Over Speeding,1,1,0,0,11,1,High
2023,9,Friday,20,Punjab,Sheikhupura,Provincial Highway,Average,Clear,Street Light,Truck/Lorry,2,Wrong Overtaking,1,0,0,0,0,0,Low
2019,3,Thursday,8,Sindh,Mirpur Khas,Provincial Highway,Good,Rainy,Daylight,Motorcycle,2,Mechanical Failure,1,0,0,0,3,0,Medium
2020,3,Monday,18,Islamabad,Islamabad,Provincial Highway,Good,Rainy,Daylight,Motorcycle,2,Drunk Driving,1,0,0,0,4,4,High
2022,9,Tuesday,19,Balochistan,Chaman,Provincial Highway,Average,Clear,Daylight,Motorcycle,3,Pedestrian Error,1,0,0,0,2,0,Low
2019,10,Saturday,21,Punjab,Rahim Yar Khan,Provincial Highway,Poor,Clear,No Light,Bus/Coach,1,Over Speeding,0,1,0,0,6,2,High
2019,2,Thursday,20,Punjab,Faisalabad,Rural Road,Good,Clear,Street Light,Van/Pickup,2,Pedestrian Error,1,0,0,1,2,0,Low
2023,10,Sunday,19,Punjab,Faisalabad,Provincial Highway,Good,Rainy,Daylight,Van/Pickup,2,Signal Violation,1,1,0,0,0,0,Low
2019,12,Saturday,16,Sindh,Nawabshah,National Highway,Good,Clear,Daylight,Bus/Coach,2,Wrong Overtaking,0,1,0,1,4,1,Medium
2023,9,Wednesday,11,Sindh,Hyderabad,Motorway,Good,Extreme Heat,Daylight,Motorcycle,2,Over Speeding,0,0,0,0,6,0,High
2023,6,Sunday,17,Punjab,Sialkot,Rural Road,Good,Clear,Daylight,Motorcycle,3,Pedestrian Error,1,1,0,0,2,0,Low
2023,2,Monday,17,Punjab,Sheikhupura,National Highway,Average,Clear,Daylight,Motorcycle,1,Road Condition,1,0,0,1,4,0,Medium
2022,3,Sunday,17,KPK,Abbottabad,National Highway,Under Repair,Clear,Daylight,Motorcycle,1,Drunk Driving,1,1,0,0,4,0,High
2020,7,Wednesday,0,Sindh,Thatta,Provincial Highway,Poor,Clear,Street Light,Rickshaw,2,Wrong Overtaking,0,0,1,0,2,0,Low
2020,6,Saturday,21,Punjab,Rawalpindi,Urban Road,Average,Foggy,No Light,Motorcycle,2,Over Speeding,0,1,0,0,2,1,Medium
2020,11,Monday,19,Islamabad,Islamabad,Rural Road,Average,Clear,Street Light,Motorcycle,1,Road Condition,1,0,0,1,3,0,Medium
2020,7,Friday,17,Punjab,Sheikhupura,National Highway,Average,Foggy,Dawn/Dusk,Van/Pickup,1,Over Speeding,1,0,0,0,5,1,High
2023,6,Thursday,2,KPK,Kohat,Rural Road,Average,Rainy,Street Light,Bus/Coach,2,Mechanical Failure,0,0,1,0,2,0,Low
2019,2,Thursday,9,Punjab,Bahawalpur,National Highway,Good,Clear,Daylight,Car/Taxi,2,Mechanical Failure,1,0,0,1,5,0,Medium
2021,5,Tuesday,20,Sindh,Karachi,Rural Road,Poor,Clear,Street Light,Motorcycle,2,Wrong Overtaking,1,0,0,0,1,1,Medium
2022,4,Saturday,7,Sindh,Karachi,Provincial Highway,Good,Rainy,No Light,Bus/Coach,1,Road Condition,1,1,0,0,3,0,Medium
2023,2,Saturday,18,Sindh,Dadu,National Highway,Poor,Clear,Daylight,Motorcycle,2,Mechanical Failure,1,1,0,1,3,1,Medium
2021,6,Sunday,13,Sindh,Jacobabad,Rural Road,Good,Rainy,Daylight,Motorcycle,3,Signal Violation,1,1,0,0,5,2,High
2022,2,Tuesday,14,Punjab,Gujranwala,Urban Road,Average,Clear,Daylight,Bus/Coach,3,Mobile Phone Use,0,0,0,1,1,0,Low
2020,8,Wednesday,13,Sindh,Kashmore,Motorway,Good,Foggy,Daylight,Truck/Lorry,2,Signal Violation,1,0,0,0,6,1,High
2020,11,Monday,1,Sindh,Karachi,Provincial Highway,Poor,Extreme Heat,No Light,Motorcycle,2,Driver Fatigue,0,0,1,1,10,1,High
2022,11,Tuesday,20,Punjab,Rawalpindi,National Highway,Average,Clear,Street Light,Bicycle,1,Mechanical Failure,1,0,0,1,10,0,High
2022,5,Monday,10,AJK,Mirpur,Motorway,Under Repair,Dusty/Smoggy,Dawn/Dusk,Van/Pickup,2,Pedestrian Error,0,0,0,0,2,0,Low
2018,4,Friday,14,Balochistan,Dera Bugti,Rural Road,Good,Foggy,No Light,Motorcycle,2,Wrong Overtaking,0,0,0,0,3,2,High
2022,1,Saturday,17,Balochistan,Sibi,Urban Road,Under Repair,Clear,Daylight,Rickshaw,3,Wrong Overtaking,1,1,0,1,0,0,Low
2023,12,Monday,6,KPK,Dera Ismail Khan,Provincial Highway,Poor,Foggy,Daylight,Car/Taxi,3,Signal Violation,0,0,0,1,2,0,Medium
2023,1,Friday,11,Punjab,Rawalpindi,Urban Road,Good,Rainy,Daylight,Car/Taxi,3,Over Speeding,0,0,0,1,0,0,Low
2021,7,Sunday,13,Sindh,Mirpur Khas,National Highway,Good,Clear,Street Light,Van/Pickup,4,Signal Violation,1,1,0,0,1,0,Low
2018,4,Sunday,22,KPK,Mardan,National Highway,Poor,Rainy,No Light,Bus/Coach,2,Over Speeding,0,1,1,0,9,0,High
2021,7,Saturday,19,Punjab,Gujranwala,Provincial Highway,Good,Foggy,Dawn/Dusk,Rickshaw,1,Over Speeding,1,1,0,0,1,0,Medium
2019,10,Thursday,1,Sindh,Jacobabad,Rural Road,Average,Extreme Heat,No Light,Motorcycle,3,Over Speeding,0,0,1,0,5,3,High
2022,7,Friday,16,Punjab,Gujranwala,Provincial Highway,Average,Clear,Daylight,Motorcycle,1,Mechanical Failure,0,0,0,0,3,1,Medium
2021,6,Tuesday,14,Punjab,Gujranwala,National Highway,Good,Foggy,Daylight,Motorcycle,3,Driver Fatigue,0,0,0,0,8,0,High
2018,11,Saturday,8,Punjab,Multan,National Highway,Poor,Foggy,Daylight,Rickshaw,2,Mechanical Failure,1,1,0,1,2,0,Low
2019,1,Tuesday,18,AJK,Muzaffarabad,Urban Road,Average,Clear,Daylight,Car/Taxi,2,Over Speeding,1,0,0,1,1,0,Low
2023,1,Friday,11,KPK,Mardan,Urban Road,Poor,Clear,Daylight,Bus/Coach,2,Over Speeding,0,0,0,1,0,0,Low
2023,5,Friday,7,Punjab,Sialkot,Provincial Highway,Good,Clear,Street Light,Truck/Lorry,2,Over Speeding,1,0,0,0,8,2,High
2022,2,Saturday,13,Sindh,Hyderabad,Motorway,Good,Dusty/Smoggy,Street Light,Motorcycle,1,Over Speeding,1,1,0,1,9,1,High