year,month,day_of_week,hour_of_day,province,district,road_type,road_condition,weather_condition,lighting_condition,vehicle_type,vehicles_involved,accident_cause,is_rush_hour,is_weekend,is_night,is_foggy_month,num_injured,num_killed,severity
2022,11,Friday,20,Punjab,Sheikhupura,Urban Road,Poor,Clear,Street Light,Other,2,Over Speeding,1,0,0,1,4,1,Medium
2019,10,Thursday,7,Sindh,Nawabshah,Provincial Highway,Good,Clear,Daylight,Motorcycle,1,Drunk Driving,1,0,0,0,1,0,Medium
2019,11,Saturday,23,Balochistan,Hub,Motorway,Good,Foggy,No Light,Van/Pickup,1,Over Speeding,0,1,1,1,6,0,High
2020,6,Wednesday,10,Sindh,Sukkur,National Highway,Average,Clear,Daylight,Motorcycle,3,Wrong Overtaking,0,0,0,0,11,0,High
2018,12,Wednesday,17,KPK,Dera Ismail Khan,Provincial Highway,Average,Extreme Heat,Daylight,Motorcycle,2,Over Speeding,1,0,0,1,3,0,Medium
2018,8,Thursday,12,Sindh,Dadu,Rural Road,Poor,Clear,Daylight,Motorcycle,2,Pedestrian Error,1,0,0,0,1,0,Low
2021,6,Thursday,21,Sindh,Thatta,Rural Road,Poor,Clear,No Light,Car/Taxi,1,Wrong Overtaking,0,0,0,0,2,0,Low
2023,12,Friday,19,KPK,Abbottabad,National Highway,Good,Clear,No Light,Rickshaw,2,Road Condition,1,0,0,1,4,0,Medium
2020,8,Sunday,8,KPK,Peshawar,Rural Road,Good,Rainy,Daylight,Motorcycle,2,Wrong Overtaking,1,1,0,0,2,1,Medium
2019,12,Thursday,16,Sindh,Karachi,National Highway,Good,Clear,Daylight,Car/Taxi,2,Over Speeding,0,0,0,1,7,1,High
2019,6,Monday,18,AJK,Mirpur,Rural Road,Good,Rainy,Daylight,Truck/Lorry,2,Pedestrian Error,1,0,0,0,0,0,Low
2023,6,Saturday,5,KPK,Charsadda,Provincial Highway,Average,Clear,Daylight,Motorcycle,2,Over Speeding,0,1,1,0,8,2,High
2020,3,Thursday,14,KPK,Dera Ismail Khan,Urban Road,Average,Extreme Heat,Dawn/Dusk,Car/Taxi,2,Mechanical Failure,0,0,0,0,2,0,Low
2019,3,Sunday,19,Balochistan,Loralai,Provincial Highway,Good,Clear,Street Light,Car/Taxi,1,Driver Fatigue,1,1,0,0,5,0,Medium
2022,11,Saturday,18,Punjab,Sargodha,Provincial Highway,Good,Clear,Daylight,Car/Taxi,2,Road Condition,1,1,0,1,1,0,Low
2023,12,Monday,8,Sindh,Sukkur,Provincial Highway,Average,Clear,Street Light,Motorcycle,2,Drunk Driving,1,0,0,1,2,1,High
2019,11,Monday,11,Sindh,Nawabshah,Urban Road,Good,Clear,Street Light,Truck/Lorry,1,Over Speeding,0,0,0,1,1,1,Medium
2023,7,Saturday,13,Sindh,Kashmore,Rural Road,Poor,Clear,Daylight,Motorcycle,1,Signal Violation,1,1,0,0,3,0,Medium
2018,11,Monday,9,Balochistan,Hub,Rural Road,Good,Clear,Daylight,Motorcycle,1,Road Condition,1,0,0,1,2,0,Low
2019,5,Tuesday,5,Punjab,Gujranwala,Provincial Highway,Under Repair,Rainy,Dawn/Dusk,Bicycle,1,Road Condition,0,0,1,0,3,0,Medium
2021,7,Friday,20,Punjab,Sialkot,National Highway,Average,Clear,No Light,Car/Taxi,2,Over Speeding,1,0,0,0,9,1,High
2021,4,Sunday,11,Balochistan,Chaman,Urban Road,Good,Clear,Dawn/Dusk,Motorcycle,3,Road Condition,0,1,0,0,2,0,Low
2022,7,Wednesday,9,Punjab,Sheikhupura,National Highway,Average,Foggy,Daylight,Motorcycle,2,Wrong Overtaking,1,0,0,0,2,1,High
2020,11,Wednesday,6,Punjab,Gujranwala,Rural Road,Average,Clear,Street Light,Rickshaw,3,Over Speeding,0,0,0,1,0,0,Low
2019,11,Saturday,13,Punjab,Rahim Yar Khan,Rural Road,Poor,Clear,Daylight,Rickshaw,2,Drunk Driving,1,1,0,1,5,2,Medium
2022,6,Sunday,18,KPK,Nowshera,Provincial Highway,Good,Rainy,Street Light,Motorcycle,2,Driver Fatigue,1,1,0,0,3,1,High
2021,3,Friday,18,Sindh,Karachi,National Highway,Good,Rainy,Daylight,Truck/Lorry,2,Mechanical Failure,1,0,0,0,4,0,Medium
2018,2,Sunday,23,Islamabad,Islamabad,Urban Road,Good,Clear,No Light,Motorcycle,2,Mechanical Failure,0,1,1,1,1,0,Low
2021,5,Wednesday,12,Punjab,Gujranwala,Rural Road,Average,Clear,Daylight,Bus/Coach,2,Road Condition,1,0,0,0,0,0,Low
2023,1,Sunday,11,Balochistan,Dera Bugti,National Highway,Good,Rainy,Street Light,Motorcycle,1,Over Speeding,0,1,0,1,6,1,High
2021,7,Saturday,18,Punjab,Rawalpindi,Urban Road,Poor,Clear,Daylight,Motorcycle,1,Over Speeding,1,1,0,0,4,1,Medium
2021,7,Wednesday,21,Punjab,Rahim Yar Khan,Motorway,Under Repair,Dusty/Smoggy,No Light,Motorcycle,2,Over Speeding,0,0,0,0,9,3,High
2018,1,Wednesday,2,Sindh,Hyderabad,Rural Road,Average,Extreme Heat,No Light,Motorcycle,2,Signal Violation,0,0,1,1,5,2,Medium
2021,12,Tuesday,19,Punjab,Rawalpindi,Urban Road,Good,Clear,Dawn/Dusk,Motorcycle,1,Wrong Overtaking,1,0,0,1,4,2,Medium
2022,12,Monday,8,Punjab,Rahim Yar Khan,Rural Road,Under Repair,Clear,Daylight,Bicycle,2,Wrong Overtaking,1,0,0,1,1,0,Low
2021,5,Monday,14,Punjab,Sheikhupura,National Highway,Good,Foggy,Daylight,Motorcycle,1,Road Condition,0,0,0,0,4,1,High
2023,4,Wednesday,5,Punjab,Sheikhupura,Rural Road,Poor,Rainy,No Light,Bicycle,4,Drunk Driving,0,0,1,0,10,4,High
2023,7,Thursday,20,Balochistan,Turbat,Motorway,Under Repair,Dusty/Smoggy,No Light,Truck/Lorry,3,Driver Fatigue,1,0,0,0,1,0,Medium
2022,4,Saturday,1,Punjab,Sheikhupura,Rural Road,Good,Extreme Heat,Street Light,Motorcycle,2,Over Speeding,0,1,1,0,7,4,High
2023,12,Friday,18,AJK,Rawalakot,National Highway,Poor,Clear,Daylight,Motorcycle,1,Over Speeding,1,0,0,1,8,1,High
2022,1,Thursday,19,Balochistan,Khuzdar,National Highway,Average,Clear,Street Light,Car/Taxi,3,Over Speeding,1,0,0,1,4,1,Medium
2023,3,Monday,16,Punjab,Gujranwala,Rural Road,Poor,Rainy,Street Light,Car/Taxi,1,Signal Violation,0,0,0,0,1,0,Low
2019,5,Sunday,12,Sindh,Larkana,Urban Road,Average,Clear,Daylight,Motorcycle,3,Over Speeding,1,1,0,0,3,0,Medium
2020,9,Wednesday,22,Sindh,Karachi,National Highway,Poor,Dusty/Smoggy,Street Light,Motorcycle,2,Over Speeding,0,0,1,0,9,2,High
2021,12,Friday,12,KPK,Peshawar,Rural Road,Good,Clear,Daylight,Truck/Lorry,2,Over Speeding,1,0,0,1,2,0,Medium
2018,3,Friday,13,Balochistan,Hub,National Highway,Good,Clear,Daylight,Motorcycle,2,Over Speeding,1,0,0,0,8,1,High
2021,10,Tuesday,21,Sindh,Larkana,National Highway,Poor,Dusty/Smoggy,Street Light,Car/Taxi,1,Signal Violation,0,0,0,0,1,2,Medium
2022,8,Saturday,22,Punjab,Bahawalpur,Urban Road,Good,Clear,No Light,Motorcycle,1,Wrong Overtaking,0,1,1,0,4,2,High
2018,6,Thursday,18,Sindh,Hyderabad,National Highway,Average,Clear,Street Light,Rickshaw,2,Wrong Overtaking,1,0,0,0,2,0,Medium
2020,7,Saturday,22,Balochistan,Chaman,Provincial Highway,Good,Clear,No Light,Motorcycle,2,Signal Violation,0,1,1,0,3,1,Medium
2021,7,Thursday,19,KPK,Mansehra,National Highway,Good,Extreme Heat,Daylight,Motorcycle,2,Signal Violation,1,0,0,0,10,2,High
2019,8,Saturday,10,Balochistan,Dera Bugti,Provincial Highway,Poor,Clear,Daylight,Bicycle,4,Road Condition,0,1,0,0,2,0,Medium
2023,7,Tuesday,8,KPK,Bannu,Rural Road,Poor,Foggy,Daylight,Truck/Lorry,1,Wrong Overtaking,1,0,0,0,1,1,Medium
2021,3,Saturday,14,Punjab,Sialkot,Provincial Highway,Good,Foggy,Daylight,Van/Pickup,1,Wrong Overtaking,0,1,0,0,1,1,Low
2018,1,Sunday,21,Islamabad,Islamabad,National Highway,Average,Foggy,No Light,Motorcycle,2,Over Speeding,0,1,0,1,6,0,High
2021,6,Thursday,5,Balochistan,Loralai,National Highway,Poor,Clear,Daylight,Motorcycle,1,Wrong Overtaking,0,0,1,0,9,1,High
2022,5,Tuesday,8,Punjab,Bahawalpur,Rural Road,Average,Rainy,Street Light,Motorcycle,1,Over Speeding,1,0,0,0,4,4,High
2020,7,Saturday,21,Punjab,Lahore,National Highway,Good,Dusty/Smoggy,Street Light,Car/Taxi,2,Mechanical Failure,0,1,0,0,2,0,Low
2022,2,Monday,3,Sindh,Jacobabad,Provincial Highway,Under Repair,Extreme Heat,Street Light,Motorcycle,3,Over Speeding,0,0,1,1,4,0,High
2020,1,Sunday,16,KPK,Nowshera,Provincial Highway,Poor,Extreme Heat,Daylight,Motorcycle,1,Signal Violation,0,1,0,1,9,2,High
2022,7,Saturday,20,Punjab,Rawalpindi,National Highway,Good,Clear,No Light,Rickshaw,2,Pedestrian Error,1,1,0,0,4,0,Medium
2021,7,Monday,16,Punjab,Sargodha,Rural Road,Average,Dusty/Smoggy,Dawn/Dusk,Motorcycle,2,Over Speeding,0,0,0,0,3,0,High
2019,2,Saturday,20,Sindh,Larkana,National Highway,Good,Clear,Street Light,Car/Taxi,2,Wrong Overtaking,1,1,0,1,2,0,Medium
2023,5,Tuesday,9,Punjab,Sialkot,Provincial Highway,Poor,Clear,Daylight,Rickshaw,1,Pedestrian Error,1,0,0,0,0,0,Low
2023,2,Thursday,12,Punjab,Faisalabad,Provincial Highway,Good,Foggy,Street Light,Car/Taxi,3,Wrong Overtaking,1,0,0,1,0,0,Low
2022,1,Monday,8,Sindh,Larkana,National Highway,Under Repair,Rainy,Daylight,Motorcycle,3,Over Speeding,1,0,0,1,6,3,High
2019,12,Friday,23,Balochistan,Dera Bugti,Rural Road,Poor,Clear,Street Light,Rickshaw,4,Over Speeding,0,0,1,1,1,1,Medium
2022,12,Thursday,8,Sindh,Kashmore,Provincial Highway,Good,Dusty/Smoggy,Daylight,Car/Taxi,2,Signal Violation,1,0,0,1,2,0,Low
2022,8,Thursday,12,KPK,Swat,Rural Road,Poor,Rainy,Daylight,Rickshaw,3,Over Speeding,1,0,0,0,2,2,Medium
2020,12,Sunday,17,Sindh,Mirpur Khas,National Highway,Poor,Clear,Daylight,Car/Taxi,2,Driver Fatigue,1,1,0,1,9,1,High
2019,5,Monday,12,Sindh,Nawabshah,Provincial Highway,Poor,Clear,Daylight,Motorcycle,1,Over Speeding,1,0,0,0,2,1,Medium
2021,2,Tuesday,5,Punjab,Multan,Urban Road,Poor,Clear,Street Light,Motorcycle,1,Over Speeding,0,0,1,1,3,3,High
2023,10,Saturday,14,Punjab,Sialkot,Rural Road,Average,Clear,Daylight,Bus/Coach,2,Driver Fatigue,0,1,0,0,5,0,Medium
2019,9,Tuesday,7,Punjab,Sheikhupura,National Highway,Under Repair,Rainy,Daylight,Motorcycle,2,Over Speeding,1,0,0,0,3,1,High
2021,1,Monday,5,Balochistan,Gwadar,National Highway,Poor,Foggy,Street Light,Bicycle,1,Signal Violation,0,0,1,1,4,2,High
2021,3,Sunday,11,KPK,Nowshera,Provincial Highway,Good,Clear,Daylight,Car/Taxi,3,Driver Fatigue,0,1,0,0,2,0,Low
2021,7,Tuesday,19,Sindh,Jacobabad,National Highway,Average,Clear,Dawn/Dusk,Van/Pickup,2,Over Speeding,1,0,0,0,5,1,Medium
2019,4,Saturday,23,Balochistan,Chaman,Rural Road,Good,Foggy,No Light,Motorcycle,1,Mechanical Failure,0,1,1,0,5,0,Medium
2023,11,Tuesday,18,Balochistan,Turbat,National Highway,Average,Clear,Daylight,Bus/Coach,3,Signal Violation,1,0,0,1,4,2,Medium
2022,1,Wednesday,9,Islamabad,Islamabad,Urban Road,Poor,Clear,Daylight,Motorcycle,1,Mechanical Failure,1,0,0,1,1,0,Low
2021,1,Thursday,16,Punjab,Lahore,Provincial Highway,Good,Extreme Heat,Daylight,Motorcycle,2,Driver Fatigue,0,0,0,1,10,0,High
2020,9,Thursday,5,KPK,Bannu,Urban Road,Under Repair,Clear,Dawn/Dusk,Motorcycle,4,Drunk Driving,0,0,1,0,4,0,High
2023,1,Monday,12,Sindh,Dadu,Motorway,Poor,Clear,Street Light,Motorcycle,4,Driver Fatigue,1,0,0,1,6,2,High
2019,2,Saturday,20,KPK,Swat,Rural Road,Poor,Dusty/Smoggy,No Light,Truck/Lorry,3,Road Condition,1,1,0,1,2,0,Low
2020,10,Saturday,7,Punjab,Multan,Urban Road,Average,Foggy,Daylight,Motorcycle,3,Road Condition,1,1,0,0,0,0,Low
2020,6,Friday,7,KPK,Dera Ismail Khan,Urban Road,Poor,Dusty/Smoggy,Daylight,Motorcycle,2,Pedestrian Error,1,0,0,0,2,0,Medium
2020,12,Friday,12,Punjab,Rawalpindi,Provincial Highway,Average,Rainy,Daylight,Rickshaw,2,Road Condition,1,0,0,1,2,0,Low
2023,5,Monday,18,KPK,Abbottabad,National Highway,Average,Clear,Daylight,Car/Taxi,2,Over Speeding,1,0,0,0,4,0,Medium
2023,4,Tuesday,7,KPK,Kohat,National Highway,Average,Clear,Daylight,Motorcycle,3,Driver Fatigue,1,0,0,0,8,3,High
2019,6,Friday,17,Punjab,Gujranwala,Provincial Highway,Good,Clear,Daylight,Motorcycle,1,Signal Violation,1,0,0,0,1,1,Medium
2019,4,Wednesday,1,Punjab,Multan,Provincial Highway,Good,Clear,No Light,Bus/Coach,2,Wrong Overtaking,0,0,1,0,5,0,Medium
2023,6,Sunday,7,KPK,Kohat,Provincial Highway,Average,Foggy,Daylight,Car/Taxi,2,Over Speeding,1,1,0,0,5,1,High
2022,7,Wednesday,5,Sindh,Sukkur,National Highway,Good,Clear,Dawn/Dusk,Car/Taxi,2,Over Speeding,0,0,1,0,2,1,Medium
2020,12,Thursday,8,Sindh,Nawabshah,Urban Road,Good,Clear,Daylight,Motorcycle,2,Wrong Overtaking,1,0,0,1,5,1,Medium
2020,5,Tuesday,9,KPK,Charsadda,National Highway,Good,Clear,Daylight,Car/Taxi,3,Drunk Driving,1,0,0,0,3,0,Medium
2021,12,Friday,10,Balochistan,Zhob,Rural Road,Average,Rainy,Daylight,Car/Taxi,2,Driver Fatigue,0,0,0,1,0,0,Low
2022,6,Tuesday,17,Punjab,Sargodha,Urban Road,Good,Clear,Daylight,Car/Taxi,2,Over Speeding,1,0,0,0,0,0,Low
2018,11,Tuesday,19,Sindh,Thatta,Provincial Highway,Good,Clear,Dawn/Dusk,Motorcycle,2,Wrong Overtaking,1,0,0,1,2,0,Medium
2023,11,Sunday,19,KPK,Nowshera,Provincial Highway,Good,Foggy,Street Light,Rickshaw,3,Wrong Overtaking,1,1,0,1,0,0,Low
2022,3,Saturday,5,Balochistan,Dera Bugti,National Highway,Good,Clear,No Light,Car/Taxi,2,Drunk Driving,0,1,1,0,7,1,High
2019,11,Wednesday,8,Punjab,Gujranwala,Rural Road,Good,Foggy,Daylight,Car/Taxi,2,Wrong Overtaking,1,0,0,1,1,0,Low
2022,12,Wednesday,0,Punjab,Sialkot,Provincial Highway,Average,Rainy,No Light,Car/Taxi,2,Driver Fatigue,0,0,1,1,6,1,High
2020,8,Sunday,23,Punjab,Sialkot,National Highway,Poor,Clear,Street Light,Motorcycle,1,Wrong Overtaking,0,1,1,0,6,3,High
2023,12,Sunday,8,Islamabad,Islamabad,Motorway,Good,Dusty/Smoggy,Daylight,Rickshaw,1,Road Condition,1,1,0,1,1,0,Low
2019,10,Saturday,8,Sindh,Dadu,National Highway,Poor,Clear,Daylight,Bus/Coach,1,Wrong Overtaking,1,1,0,0,3,0,Medium
2019,12,Tuesday,3,Punjab,Gujranwala,Provincial Highway,Average,Clear,No Light,Van/Pickup,2,Wrong Overtaking,0,0,1,1,2,0,Medium
2019,6,Wednesday,17,Punjab,Multan,Provincial Highway,Good,Clear,Daylight,Motorcycle,1,Signal Violation,1,0,0,0,9,2,High
2023,1,Thursday,16,Punjab,Faisalabad,National Highway,Poor,Foggy,Daylight,Car/Taxi,1,Road Condition,0,0,0,1,0,0,Low
2021,1,Tuesday,19,KPK,Swat,Urban Road,Average,Clear,No Light,Car/Taxi,3,Over Speeding,1,0,0,1,2,0,Low
2020,7,Thursday,20,Sindh,Hyderabad,National Highway,Good,Extreme Heat,No Light,Motorcycle,2,Drunk Driving,1,0,0,0,6,1,High
2023,11,Wednesday,9,Sindh,Jacobabad,Rural Road,Average,Clear,Daylight,Motorcycle,2,Over Speeding,1,0,0,1,4,0,Medium
2023,9,Sunday,19,Punjab,Rahim Yar Khan,Urban Road,Poor,Clear,Dawn/Dusk,Bus/Coach,1,Over Speeding,1,1,0,0,2,2,Medium
2022,12,Monday,17,Punjab,Sialkot,National Highway,Poor,Extreme Heat,Daylight,Motorcycle,1,Wrong Overtaking,1,0,0,1,5,0,Medium
2020,5,Thursday,21,KPK,Mansehra,Rural Road,Under Repair,Foggy,No Light,Motorcycle,3,Over Speeding,0,0,0,0,6,2,High
2023,8,Saturday,10,Punjab,Lahore,Rural Road,Average,Clear,Daylight,Motorcycle,1,Over Speeding,0,1,0,0,1,0,Medium
2023,5,Thursday,19,Balochistan,Khuzdar,Urban Road,Poor,Clear,Street Light,Rickshaw,1,Wrong Overtaking,1,0,0,0,1,0,Low
2018,2,Thursday,19,Punjab,Faisalabad,National Highway,Poor,Foggy,Dawn/Dusk,Motorcycle,2,Over Speeding,1,0,0,1,6,0,High
2019,1,Wednesday,6,Punjab,Multan,Provincial Highway,Average,Clear,Daylight,Motorcycle,2,Over Speeding,0,0,0,1,10,1,High
2020,11,Tuesday,11,Sindh,Dadu,National Highway,Average,Rainy,Daylight,Van/Pickup,1,Over Speeding,0,0,0,1,2,0,Medium
2022,9,Tuesday,10,Islamabad,Islamabad,National Highway,Average,Rainy,Daylight,Rickshaw,1,Over Speeding,0,0,0,0,2,1,Medium
2021,11,Saturday,11,Punjab,Bahawalpur,National Highway,Good,Foggy,Daylight,Motorcycle,1,Over Speeding,0,1,0,1,3,1,High
2021,1,Sunday,2,Sindh,Karachi,Rural Road,Good,Dusty/Smoggy,Street Light,Motorcycle,2,Wrong Overtaking,0,1,1,1,5,0,Medium
2022,5,Wednesday,20,Sindh,Jacobabad,Provincial Highway,Good,Rainy,No Light,Bus/Coach,2,Over Speeding,1,0,0,0,10,0,High
2019,7,Tuesday,21,Punjab,Rahim Yar Khan,Rural Road,Good,Rainy,Street Light,Motorcycle,2,Wrong Overtaking,0,0,0,0,2,1,Medium
2018,12,Thursday,11,Punjab,Lahore,Rural Road,Under Repair,Dusty/Smoggy,No Light,Motorcycle,2,Weather Condition,0,0,0,1,1,0,Medium
2023,8,Friday,19,Islamabad,Islamabad,Provincial Highway,Average,Dusty/Smoggy,Street Light,Car/Taxi,1,Road Condition,1,0,0,0,1,0,Low
2023,11,Friday,21,Punjab,Sheikhupura,Rural Road,Good,Clear,Street Light,Motorcycle,3,Over Speeding,0,0,0,1,2,1,Medium
2022,12,Friday,11,KPK,Bannu,Urban Road,Good,Rainy,Daylight,Motorcycle,1,Road Condition,0,0,0,1,2,0,Medium
2020,8,Tuesday,7,Islamabad,Islamabad,National Highway,Average,Clear,Daylight,Truck/Lorry,3,Driver Fatigue,1,0,0,0,4,0,High
2023,6,Tuesday,11,Punjab,Rawalpindi,Urban Road,Poor,Rainy,Street Light,Bus/Coach,2,Road Condition,0,0,0,0,2,1,Medium
2023,12,Saturday,15,Punjab,Faisalabad,Provincial Highway,Average,Extreme Heat,Daylight,Car/Taxi,2,Wrong Overtaking,0,1,0,1,1,0,Medium
2019,12,Thursday,18,Punjab,Bahawalpur,Urban Road,Good,Rainy,Daylight,Motorcycle,2,Mechanical Failure,1,0,0,1,2,0,Low
2020,12,Thursday,10,Punjab,Sialkot,Provincial Highway,Good,Foggy,Daylight,Motorcycle,4,Pedestrian Error,0,0,0,1,5,0,Medium
2019,11,Tuesday,16,Punjab,Rawalpindi,Motorway,Poor,Clear,Daylight,Motorcycle,3,Over Speeding,0,0,0,1,9,1,High
2022,7,Sunday,9,Sindh,Mirpur Khas,Urban Road,Average,Clear,Daylight,Van/Pickup,1,Drunk Driving,1,1,0,0,1,1,Medium
2020,10,Saturday,6,KPK,Dera Ismail Khan,National Highway,Under Repair,Clear,Daylight,Motorcycle,4,Over Speeding,0,1,0,0,4,1,High
2018,1,Saturday,5,KPK,Bannu,Rural Road,Good,Clear,Dawn/Dusk,Motorcycle,2,Road Condition,0,1,1,1,2,1,Medium
2020,3,Wednesday,19,Islamabad,Islamabad,Urban Road,Under Repair,Rainy,No Light,Bus/Coach,2,Signal Violation,1,0,0,0,2,0,Low
2021,7,Thursday,6,Punjab,Bahawalpur,Provincial Highway,Good,Extreme Heat,Daylight,Van/Pickup,2,Pedestrian Error,0,0,0,0,1,0,Low
2023,7,Saturday,15,Punjab,Rahim Yar Khan,Motorway,Good,Clear,Daylight,Car/Taxi,2,Wrong Overtaking,0,1,0,0,5,0,Medium
2022,4,Saturday,10,Punjab,Faisalabad,Provincial Highway,Good,Clear,Daylight,Motorcycle,2,Signal Violation,0,1,0,0,10,1,High
2023,8,Tuesday,8,Punjab,Multan,Urban Road,Poor,Dusty/Smoggy,Street Light,Car/Taxi,1,Over Speeding,1,0,0,0,2,0,Low
2019,3,Saturday,13,Punjab,Rahim Yar Khan,Urban Road,Under Repair,Foggy,Daylight,Car/Taxi,3,Over Speeding,1,1,0,0,2,0,Low
2018,11,Tuesday,18,Sindh,Dadu,Rural Road,Good,Foggy,Daylight,Motorcycle,4,Over Speeding,1,0,0,1,8,2,High
2023,4,Thursday,2,KPK,Charsadda,Urban Road,Poor,Clear,No Light,Car/Taxi,1,Driver Fatigue,0,0,1,0,5,0,Medium
2022,3,Tuesday,12,Islamabad,Islamabad,Urban Road,Average,Clear,Daylight,Car/Taxi,2,Wrong Overtaking,1,0,0,0,2,0,Low
2023,8,Friday,16,Punjab,Rawalpindi,Rural Road,Poor,Dusty/Smoggy,Dawn/Dusk,Rickshaw,3,Over Speeding,0,0,0,0,4,0,Medium
2022,10,Thursday,7,KPK,Mardan,Rural Road,Good,Dusty/Smoggy,Daylight,Motorcycle,2,Mobile Phone Use,1,0,0,0,1,0,Low
2022,8,Monday,22,KPK,Swat,Urban Road,Good,Clear,No Light,Van/Pickup,2,Over Speeding,0,0,1,0,2,0,Medium
2022,8,Friday,10,Punjab,Faisalabad,Urban Road,Good,Extreme Heat,Daylight,Car/Taxi,1,Signal Violation,0,0,0,0,0,0,Low
2022,12,Wednesday,6,Punjab,Rahim Yar Khan,National Highway,Good,Rainy,Daylight,Car/Taxi,2,Pedestrian Error,0,0,0,1,2,0,Medium
2023,5,Saturday,9,Gilgit-Baltistan,Hunza,National Highway,Average,Clear,Daylight,Truck/Lorry,2,Over Speeding,1,1,0,0,1,0,Medium
2019,2,Friday,13,Sindh,Kashmore,National Highway,Poor,Clear,Street Light,Motorcycle,3,Pedestrian Error,1,0,0,1,7,1,High
2022,9,Tuesday,20,AJK,Mirpur,National Highway,Average,Clear,Street Light,Bus/Coach,4,Road Condition,1,0,0,0,1,0,Low
2022,6,Monday,12,Sindh,Karachi,Rural Road,Poor,Clear,Daylight,Van/Pickup,2,Driver Fatigue,1,0,0,0,0,0,Low
2020,7,Monday,19,Punjab,Faisalabad,Urban Road,Good,Rainy,Dawn/Dusk,Car/Taxi,1,Signal Violation,1,0,0,0,2,0,Low
2018,9,Monday,21,Punjab,Rahim Yar Khan,National Highway,Average,Clear,No Light,Motorcycle,2,Signal Violation,0,0,0,0,3,1,Medium
2019,4,Friday,2,AJK,Mirpur,Provincial Highway,Good,Clear,No Light,Car/Taxi,3,Road Condition,0,0,1,0,2,0,Low
2020,11,Sunday,7,Punjab,Bahawalpur,Motorway,Good,Clear,Daylight,Car/Taxi,1,Road Condition,1,1,0,1,1,0,Low
2020,7,Tuesday,2,Punjab,Rahim Yar Khan,Provincial Highway,Average,Foggy,Street Light,Rickshaw,1,Wrong Overtaking,0,0,1,0,3,1,Medium
2020,3,Sunday,11,Sindh,Thatta,National Highway,Poor,Clear,Daylight,Bicycle,3,Pedestrian Error,0,1,0,0,11,1,High
2022,5,Tuesday,16,Punjab,Sialkot,Provincial Highway,Poor,Clear,Street Light,Motorcycle,1,Wrong Overtaking,0,0,0,0,7,0,High
2023,1,Wednesday,2,Punjab,Rahim Yar Khan,Urban Road,Good,Clear,No Light,Bus/Coach,2,Wrong Overtaking,0,0,1,1,2,0,Medium
2020,8,Sunday,5,Sindh,Kashmore,Provincial Highway,Average,Clear,Dawn/Dusk,Motorcycle,2,Driver Fatigue,0,1,1,0,9,0,High
2021,7,Thursday,8,Punjab,Sargodha,Rural Road,Good,Clear,Street Light,Truck/Lorry,1,Wrong Overtaking,1,0,0,0,2,0,Low
2023,11,Saturday,7,Punjab,Faisalabad,Provincial Highway,Good,Foggy,Daylight,Bus/Coach,1,Over Speeding,1,1,0,1,4,2,High
2022,5,Monday,10,Punjab,Lahore,Motorway,Poor,Clear,Daylight,Motorcycle,1,Driver Fatigue,0,0,0,0,6,3,High
2018,3,Wednesday,2,Sindh,Nawabshah,National Highway,Good,Foggy,Street Light,Car/Taxi,4,Signal Violation,0,0,1,0,7,1,High
2023,10,Monday,10,Punjab,Rahim Yar Khan,National Highway,Good,Clear,Daylight,Motorcycle,3,Signal Violation,0,0,0,0,10,1,High
2020,4,Tuesday,6,Punjab,Rawalpindi,Provincial Highway,Good,Clear,Daylight,Bicycle,1,Pedestrian Error,0,0,0,0,1,0,Low
2018,8,Sunday,16,KPK,Peshawar,National Highway,Good,Clear,Daylight,Van/Pickup,3,Wrong Overtaking,0,1,0,0,2,0,Low
2021,10,Thursday,18,Punjab,Lahore,Provincial Highway,Good,Rainy,Daylight,Bicycle,4,Driver Fatigue,1,0,0,0,3,2,High
2022,9,Wednesday,9,Punjab,Rawalpindi,National Highway,Under Repair,Clear,Daylight,Van/Pickup,2,Over Speeding,1,0,0,0,1,0,Medium
2022,1,Saturday,21,Sindh,Kashmore,Urban Road,Good,Foggy,Street Light,Motorcycle,2,Wrong Overtaking,0,1,0,1,5,0,Medium
2023,1,Monday,10,Punjab,Sargodha,Rural Road,Poor,Clear,Daylight,Bus/Coach,2,Wrong Overtaking,0,0,0,1,2,0,Low
2021,5,Monday,8,Punjab,Faisalabad,Urban Road,Average,Clear,Street Light,Bicycle,1,Pedestrian Error,1,0,0,0,3,1,Medium
2019,8,Friday,14,Sindh,Larkana,Provincial Highway,Poor,Foggy,Dawn/Dusk,Motorcycle,1,Signal Violation,0,0,0,0,2,3,High
2023,7,Sunday,5,KPK,Swat,Urban Road,Average,Extreme Heat,Dawn/Dusk,Other,4,Wrong Overtaking,0,1,1,0,3,0,Medium
2019,5,Saturday,12,KPK,Mansehra,National Highway,Good,Foggy,Daylight,Rickshaw,2,Wrong Overtaking,1,1,0,0,5,2,High
2022,3,Saturday,19,Sindh,Jacobabad,Urban Road,Poor,Foggy,Dawn/Dusk,Motorcycle,1,Signal Violation,1,1,0,0,10,3,High
2023,10,Thursday,7,Sindh,Hyderabad,Provincial Highway,Good,Clear,Daylight,Motorcycle,2,Mechanical Failure,1,0,0,0,1,1,Medium
2019,5,Thursday,21,KPK,Peshawar,Urban Road,Under Repair,Foggy,Street Light,Truck/Lorry,2,Over Speeding,0,0,0,0,3,0,High