year,month,day_of_week,hour_of_day,province,district,road_type,road_condition,weather_condition,lighting_condition,vehicle_type,vehicles_involved,accident_cause,is_rush_hour,is_weekend,is_night,is_foggy_month,num_injured,num_killed,severity
2019,5,Saturday,10,Punjab,Sialkot,Rural Road,Good,Clear,Daylight,Motorcycle,4,Wrong Overtaking,0,1,0,0,2,0,Low
2021,7,Friday,18,Punjab,Rawalpindi,Rural Road,Poor,Clear,Street Light,Motorcycle,3,Pedestrian Error,1,0,0,0,1,0,Low
2021,5,Tuesday,16,KPK,Mansehra,Rural Road,Under Repair,Clear,Daylight,Car/Taxi,4,Wrong Overtaking,0,0,0,0,2,0,Low
2019,12,Friday,6,Punjab,Faisalabad,Urban Road,Average,Clear,Daylight,Car/Taxi,2,Over Speeding,0,0,0,1,0,0,Low
2022,5,Tuesday,18,KPK,Dera Ismail Khan,Provincial Highway,Average,Foggy,No Light,Motorcycle,1,Mechanical Failure,1,0,0,0,3,0,Medium
2022,4,Tuesday,2,Punjab,Sargodha,National Highway,Average,Foggy,Street Light,Motorcycle,1,Driver Fatigue,0,0,1,0,8,3,High
2021,12,Saturday,13,Punjab,Rahim Yar Khan,Urban Road,Good,Clear,Dawn/Dusk,Car/Taxi,2,Signal Violation,1,1,0,1,1,0,Low
2018,11,Thursday,7,Balochistan,Chaman,National Highway,Under Repair,Clear,Dawn/Dusk,Motorcycle,4,Signal Violation,1,0,0,1,5,1,High
2022,8,Saturday,22,Sindh,Mirpur Khas,National Highway,Good,Dusty/Smoggy,Street Light,Car/Taxi,2,Driver Fatigue,0,1,1,0,9,2,High
2023,9,Wednesday,12,Sindh,Dadu,Urban Road,Good,Clear,Daylight,Motorcycle,1,Over Speeding,1,0,0,0,1,1,Medium
2022,6,Wednesday,20,Punjab,Sialkot,Provincial Highway,Good,Foggy,No Light,Bus/Coach,2,Over Speeding,1,0,0,0,4,0,Medium
2022,6,Monday,16,Punjab,Rawalpindi,Provincial Highway,Good,Foggy,Dawn/Dusk,Car/Taxi,1,Signal Violation,0,0,0,0,4,1,Medium
2021,8,Wednesday,5,Punjab,Faisalabad,Provincial Highway,Under Repair,Clear,Street Light,Rickshaw,3,Road Condition,0,0,1,0,4,1,Medium
2020,9,Sunday,18,Sindh,Jacobabad,National Highway,Good,Rainy,Daylight,Rickshaw,1,Over Speeding,1,1,0,0,3,1,Medium
2020,6,Friday,17,AJK,Muzaffarabad,Urban Road,Poor,Clear,Daylight,Motorcycle,3,Signal Violation,1,0,0,0,5,0,Medium
2020,12,Friday,18,Balochistan,Quetta,Urban Road,Good,Clear,Daylight,Car/Taxi,2,Mechanical Failure,1,0,0,1,2,0,Low
2019,6,Tuesday,14,Sindh,Thatta,Provincial Highway,Average,Rainy,Daylight,Rickshaw,2,Signal Violation,0,0,0,0,0,0,Low
2021,2,Tuesday,12,Balochistan,Zhob,National Highway,Good,Clear,Daylight,Motorcycle,2,Signal Violation,1,0,0,1,4,3,High
2022,12,Friday,14,Sindh,Sukkur,Urban Road,Good,Clear,Daylight,Car/Taxi,2,Over Speeding,0,0,0,1,1,0,Low
2018,8,Thursday,6,Punjab,Sheikhupura,Rural Road,Poor,Clear,Street Light,Rickshaw,3,Road Condition,0,0,0,0,2,1,Low
2021,7,Saturday,4,Punjab,Lahore,Provincial Highway,Good,Clear,No Light,Motorcycle,1,Road Condition,0,1,1,0,4,1,Medium
2020,4,Wednesday,12,Sindh,Mirpur Khas,Motorway,Average,Clear,No Light,Car/Taxi,1,Wrong Overtaking,1,0,0,0,5,0,Medium
2021,3,Tuesday,19,Punjab,Lahore,National Highway,Average,Rainy,No Light,Car/Taxi,1,Wrong Overtaking,1,0,0,0,1,0,Medium
2020,7,Saturday,22,Punjab,Sargodha,Motorway,Good,Rainy,No Light,Motorcycle,1,Wrong Overtaking,0,1,1,0,4,2,High
2018,6,Wednesday,6,KPK,Peshawar,Urban Road,Average,Extreme Heat,Dawn/Dusk,Bus/Coach,1,Road Condition,0,0,0,0,0,0,Low
2023,4,Thursday,15,Punjab,Multan,Motorway,Good,Clear,Daylight,Car/Taxi,4,Pedestrian Error,0,0,0,0,0,0,Low
2021,7,Sunday,18,Punjab,Faisalabad,National Highway,Poor,Clear,Daylight,Van/Pickup,2,Mechanical Failure,1,1,0,0,1,0,Medium
2022,1,Saturday,9,Punjab,Rahim Yar Khan,Provincial Highway,Poor,Clear,Daylight,Car/Taxi,1,Over Speeding,1,1,0,1,5,1,Medium
2021,6,Friday,7,Sindh,Dadu,Motorway,Average,Dusty/Smoggy,Daylight,Van/Pickup,2,Pedestrian Error,1,0,0,0,1,0,Low
2021,3,Monday,7,Punjab,Rawalpindi,Provincial Highway,Good,Clear,Dawn/Dusk,Car/Taxi,2,Wrong Overtaking,1,0,0,0,1,1,Low
2019,5,Monday,10,Sindh,Nawabshah,Urban Road,Good,Clear,Dawn/Dusk,Car/Taxi,1,Wrong Overtaking,0,0,0,0,2,0,Low
2020,7,Friday,21,Punjab,Sargodha,National Highway,Good,Extreme Heat,No Light,Motorcycle,2,Pedestrian Error,0,0,0,0,3,2,Medium
2023,5,Saturday,14,Sindh,Hyderabad,Rural Road,Poor,Clear,Daylight,Car/Taxi,2,Pedestrian Error,0,1,0,0,0,0,Low
2018,10,Sunday,19,Punjab,Lahore,National Highway,Good,Clear,Dawn/Dusk,Motorcycle,2,Over Speeding,1,1,0,0,6,1,High
2021,5,Saturday,19,AJK,Mirpur,National Highway,Under Repair,Clear,Dawn/Dusk,Motorcycle,1,Wrong Overtaking,1,1,0,0,5,0,Medium
2018,2,Monday,8,Sindh,Thatta,Urban Road,Average,Clear,Daylight,Truck/Lorry,4,Driver Fatigue,1,0,0,1,0,0,Low
2018,7,Friday,6,KPK,Bannu,National Highway,Good,Foggy,Daylight,Motorcycle,2,Road Condition,0,0,0,0,7,2,High
2023,2,Saturday,5,KPK,Charsadda,Urban Road,Good,Clear,Dawn/Dusk,Van/Pickup,2,Wrong Overtaking,0,1,1,1,2,1,Medium
2023,3,Saturday,17,Sindh,Karachi,Rural Road,Average,Foggy,Daylight,Motorcycle,1,Over Speeding,1,1,0,0,7,1,High
2023,2,Monday,19,Punjab,Faisalabad,Provincial Highway,Good,Clear,Daylight,Motorcycle,2,Mobile Phone Use,1,0,0,1,0,0,Low
2023,9,Friday,9,Sindh,Larkana,National Highway,Good,Dusty/Smoggy,No Light,Bus/Coach,1,Pedestrian Error,1,0,0,0,2,0,Low
2023,10,Wednesday,17,KPK,Charsadda,Provincial Highway,Poor,Clear,Daylight,Bus/Coach,2,Pedestrian Error,1,0,0,0,1,0,Medium
2023,9,Tuesday,12,Sindh,Dadu,National Highway,Good,Clear,Daylight,Car/Taxi,2,Wrong Overtaking,1,0,0,0,1,0,Medium
2023,1,Wednesday,14,Punjab,Sargodha,Rural Road,Poor,Clear,Daylight,Motorcycle,2,Mechanical Failure,0,0,0,1,0,0,Low
2022,5,Saturday,9,Punjab,Bahawalpur,National Highway,Poor,Foggy,Daylight,Motorcycle,1,Wrong Overtaking,1,1,0,0,5,0,High
2022,10,Saturday,4,Punjab,Sheikhupura,Motorway,Good,Foggy,No Light,Motorcycle,2,Signal Violation,0,1,1,0,7,1,High
2023,11,Friday,13,Punjab,Multan,National Highway,Poor,Foggy,Daylight,Motorcycle,1,Over Speeding,1,0,0,1,5,1,High
2021,2,Friday,17,Balochistan,Gwadar,Provincial Highway,Poor,Clear,Daylight,Motorcycle,2,Road Condition,1,0,0,1,1,0,Low
2019,5,Monday,14,Punjab,Rawalpindi,National Highway,Good,Rainy,Daylight,Van/Pickup,4,Pedestrian Error,0,0,0,0,5,2,Medium
2018,2,Tuesday,7,Punjab,Sargodha,Motorway,Under Repair,Extreme Heat,Dawn/Dusk,Motorcycle,1,Road Condition,1,0,0,1,6,1,High
2020,6,Friday,17,KPK,Swat,Provincial Highway,Good,Clear,Dawn/Dusk,Car/Taxi,1,Signal Violation,1,0,0,0,1,1,Low
2022,9,Thursday,16,KPK,Peshawar,National Highway,Average,Clear,Daylight,Motorcycle,2,Drunk Driving,0,0,0,0,6,2,High
2022,2,Friday,19,Sindh,Thatta,Rural Road,Poor,Foggy,Street Light,Motorcycle,3,Over Speeding,1,0,0,1,4,0,Medium
2023,8,Sunday,6,Punjab,Lahore,National Highway,Under Repair,Dusty/Smoggy,Daylight,Rickshaw,2,Signal Violation,0,1,0,0,4,2,Medium
2018,1,Tuesday,18,Punjab,Rawalpindi,National Highway,Good,Clear,Daylight,Bus/Coach,3,Over Speeding,1,0,0,1,3,1,High
2023,7,Friday,6,Punjab,Sheikhupura,Urban Road,Average,Clear,Dawn/Dusk,Car/Taxi,2,Wrong Overtaking,0,0,0,0,1,0,Low
2019,4,Tuesday,19,Punjab,Rahim Yar Khan,National Highway,Good,Clear,Dawn/Dusk,Car/Taxi,1,Mechanical Failure,1,0,0,0,5,1,Medium
2022,6,Tuesday,22,Punjab,Lahore,Motorway,Good,Rainy,Street Light,Car/Taxi,2,Mobile Phone Use,0,0,1,0,1,2,Medium
2019,10,Saturday,16,Punjab,Lahore,National Highway,Average,Clear,Daylight,Motorcycle,2,Mobile Phone Use,0,1,0,0,3,1,High
2022,12,Monday,17,Balochistan,Khuzdar,National Highway,Good,Clear,Daylight,Truck/Lorry,2,Road Condition,1,0,0,1,1,0,Medium
2018,5,Tuesday,18,Punjab,Sargodha,Urban Road,Good,Rainy,Daylight,Bus/Coach,2,Over Speeding,1,0,0,0,3,1,Medium
2023,6,Saturday,18,Sindh,Nawabshah,Rural Road,Average,Clear,Dawn/Dusk,Rickshaw,2,Over Speeding,1,1,0,0,2,0,Low
2023,5,Saturday,0,AJK,Rawalakot,Provincial Highway,Good,Dusty/Smoggy,No Light,Car/Taxi,2,Drunk Driving,0,1,1,0,4,1,Medium
2021,12,Friday,16,Sindh,Mirpur Khas,Provincial Highway,Good,Clear,Dawn/Dusk,Van/Pickup,2,Pedestrian Error,0,0,0,1,2,0,Low
2023,1,Saturday,22,Punjab,Multan,National Highway,Good,Extreme Heat,Street Light,Motorcycle,2,Driver Fatigue,0,1,1,1,3,3,High
2021,2,Saturday,5,Punjab,Gujranwala,National Highway,Good,Clear,Dawn/Dusk,Car/Taxi,1,Pedestrian Error,0,1,1,1,1,0,Medium
2020,5,Monday,8,Islamabad,Islamabad,Rural Road,Poor,Clear,Daylight,Rickshaw,2,Mechanical Failure,1,0,0,0,0,0,Low
2022,2,Wednesday,6,Punjab,Gujranwala,National Highway,Good,Rainy,Daylight,Car/Taxi,1,Over Speeding,0,0,0,1,8,1,High
2022,10,Thursday,21,KPK,Nowshera,Urban Road,Average,Extreme Heat,Street Light,Motorcycle,1,Pedestrian Error,0,0,0,0,0,0,Low
2023,2,Sunday,7,Balochistan,Dera Bugti,National Highway,Good,Clear,Daylight,Van/Pickup,2,Pedestrian Error,1,1,0,1,0,0,Low
2020,2,Saturday,22,Punjab,Sialkot,Provincial Highway,Good,Clear,Street Light,Motorcycle,3,Wrong Overtaking,0,1,1,1,9,1,High
2018,2,Wednesday,20,KPK,Bannu,Urban Road,Poor,Clear,Street Light,Car/Taxi,2,Pedestrian Error,1,0,0,1,1,0,Low
2019,11,Monday,12,Gilgit-Baltistan,Skardu,National Highway,Good,Foggy,Daylight,Motorcycle,1,Over Speeding,1,0,0,1,7,1,High
2022,11,Sunday,20,Sindh,Sukkur,Provincial Highway,Good,Clear,No Light,Car/Taxi,1,Signal Violation,1,1,0,1,1,0,Low
2022,1,Wednesday,17,Punjab,Sargodha,Provincial Highway,Under Repair,Foggy,Daylight,Car/Taxi,2,Wrong Overtaking,1,0,0,1,5,0,Medium
2021,1,Friday,5,Balochistan,Zhob,National Highway,Under Repair,Clear,Dawn/Dusk,Car/Taxi,2,Wrong Overtaking,0,0,1,1,3,0,Medium
2023,2,Saturday,7,Sindh,Sukkur,Provincial Highway,Poor,Dusty/Smoggy,Daylight,Motorcycle,2,Over Speeding,1,1,0,1,3,0,Medium
2021,12,Tuesday,12,KPK,Nowshera,Urban Road,Good,Rainy,Daylight,Motorcycle,2,Road Condition,1,0,0,1,2,1,Low
2019,11,Friday,20,Sindh,Jacobabad,Rural Road,Poor,Foggy,Street Light,Rickshaw,4,Driver Fatigue,1,0,0,1,2,0,Medium
2023,2,Wednesday,18,Punjab,Rahim Yar Khan,Provincial Highway,Under Repair,Dusty/Smoggy,Daylight,Rickshaw,2,Over Speeding,1,0,0,1,2,1,Medium
2023,2,Saturday,15,Punjab,Lahore,Urban Road,Good,Rainy,Daylight,Car/Taxi,2,Mechanical Failure,0,1,0,1,0,0,Low
2020,12,Saturday,12,Punjab,Sialkot,National Highway,Good,Clear,Dawn/Dusk,Van/Pickup,1,Pedestrian Error,1,1,0,1,0,0,Low
2022,11,Tuesday,16,Punjab,Sargodha,Urban Road,Poor,Dusty/Smoggy,Daylight,Bus/Coach,2,Signal Violation,0,0,0,1,0,0,Low
2022,12,Sunday,22,Punjab,Faisalabad,Provincial Highway,Average,Clear,Street Light,Motorcycle,1,Wrong Overtaking,0,1,1,1,2,0,High
2023,1,Wednesday,19,Sindh,Kashmore,Urban Road,Average,Clear,Street Light,Rickshaw,3,Mechanical Failure,1,0,0,1,2,0,Low
2020,1,Tuesday,7,Punjab,Rawalpindi,Urban Road,Good,Clear,Daylight,Motorcycle,3,Over Speeding,1,0,0,1,10,1,High
2019,8,Friday,8,Balochistan,Sibi,Rural Road,Good,Clear,Daylight,Motorcycle,2,Road Condition,1,0,0,0,3,0,Medium
2019,10,Tuesday,8,KPK,Charsadda,National Highway,Average,Clear,Daylight,Bicycle,3,Over Speeding,1,0,0,0,5,3,High
2018,8,Friday,20,Sindh,Karachi,National Highway,Poor,Dusty/Smoggy,No Light,Car/Taxi,2,Over Speeding,1,0,0,0,10,0,High
2023,4,Monday,20,Sindh,Sukkur,Urban Road,Good,Extreme Heat,Street Light,Rickshaw,3,Signal Violation,1,0,0,0,2,0,Low
2019,1,Friday,8,Punjab,Rawalpindi,Urban Road,Good,Foggy,Daylight,Van/Pickup,1,Wrong Overtaking,1,0,0,1,0,0,Low
2019,4,Tuesday,12,Sindh,Sukkur,Provincial Highway,Good,Clear,Daylight,Car/Taxi,4,Wrong Overtaking,1,0,0,0,4,0,Medium
2022,10,Monday,13,Sindh,Hyderabad,Urban Road,Good,Dusty/Smoggy,Daylight,Motorcycle,2,Over Speeding,1,0,0,0,2,1,Medium
2023,4,Friday,19,KPK,Kohat,Provincial Highway,Average,Clear,Dawn/Dusk,Car/Taxi,2,Mechanical Failure,1,0,0,0,2,0,Low
2021,6,Wednesday,16,Punjab,Rawalpindi,Provincial Highway,Poor,Dusty/Smoggy,Daylight,Motorcycle,1,Over Speeding,0,0,0,0,4,1,Medium
2023,8,Wednesday,9,KPK,Abbottabad,Urban Road,Good,Clear,Street Light,Car/Taxi,3,Over Speeding,1,0,0,0,1,0,Low
2022,9,Thursday,10,KPK,Peshawar,Rural Road,Good,Clear,Daylight,Rickshaw,2,Driver Fatigue,0,0,0,0,0,0,Low
2020,5,Monday,19,Sindh,Nawabshah,National Highway,Average,Clear,Dawn/Dusk,Motorcycle,2,Over Speeding,1,0,0,0,11,0,High
2019,10,Sunday,6,Punjab,Rahim Yar Khan,Motorway,Good,Clear,Daylight,Car/Taxi,1,Wrong Overtaking,0,1,0,0,5,1,Medium
2023,8,Sunday,8,Sindh,Dadu,Provincial Highway,Average,Foggy,No Light,Motorcycle,3,Wrong Overtaking,1,1,0,0,8,1,High
2021,10,Thursday,17,Sindh,Nawabshah,Urban Road,Poor,Clear,Daylight,Motorcycle,1,Wrong Overtaking,1,0,0,0,1,0,Medium
2018,10,Friday,9,Sindh,Nawabshah,Rural Road,Poor,Rainy,Daylight,Motorcycle,3,Over Speeding,1,0,0,0,10,1,High
2018,10,Wednesday,12,Sindh,Larkana,Provincial Highway,Average,Clear,Daylight,Rickshaw,2,Signal Violation,1,0,0,0,1,1,Medium
2020,9,Wednesday,18,Punjab,Lahore,National Highway,Average,Foggy,Dawn/Dusk,Truck/Lorry,1,Over Speeding,1,0,0,0,8,2,High
2023,9,Wednesday,22,Punjab,Faisalabad,Motorway,Poor,Foggy,Street Light,Rickshaw,1,Signal Violation,0,0,1,0,3,2,Medium
2023,12,Wednesday,15,Punjab,Faisalabad,Rural Road,Average,Clear,Dawn/Dusk,Motorcycle,1,Wrong Overtaking,0,0,0,1,0,0,Low
2018,9,Saturday,1,Punjab,Rahim Yar Khan,National Highway,Average,Dusty/Smoggy,No Light,Car/Taxi,2,Road Condition,0,1,1,0,4,1,Medium
2023,10,Saturday,3,Punjab,Lahore,Urban Road,Under Repair,Clear,No Light,Motorcycle,2,Driver Fatigue,0,1,1,0,9,0,High
2019,3,Saturday,10,Punjab,Faisalabad,National Highway,Average,Clear,Daylight,Motorcycle,3,Signal Violation,0,1,0,0,1,0,Medium
2018,4,Thursday,15,Punjab,Gujranwala,Urban Road,Poor,Foggy,No Light,Car/Taxi,2,Signal Violation,0,0,0,0,1,1,Low
2020,3,Saturday,12,KPK,Swat,National Highway,Average,Clear,Daylight,Motorcycle,1,Wrong Overtaking,1,1,0,0,8,2,High
2023,2,Monday,9,KPK,Charsadda,Urban Road,Good,Foggy,Daylight,Car/Taxi,2,Over Speeding,1,0,0,1,4,0,Medium
2023,2,Wednesday,9,Punjab,Rawalpindi,Urban Road,Average,Foggy,Daylight,Motorcycle,1,Mechanical Failure,1,0,0,1,1,0,Low
2019,7,Monday,19,Punjab,Multan,National Highway,Poor,Clear,Dawn/Dusk,Car/Taxi,3,Wrong Overtaking,1,0,0,0,5,0,Medium
2023,7,Friday,14,Balochistan,Chaman,Provincial Highway,Average,Clear,Daylight,Motorcycle,2,Road Condition,0,0,0,0,3,1,Medium
2022,10,Sunday,9,Sindh,Karachi,Provincial Highway,Under Repair,Rainy,Daylight,Motorcycle,3,Pedestrian Error,1,1,0,0,4,1,Medium
2020,7,Monday,11,Punjab,Sargodha,Urban Road,Good,Rainy,Daylight,Bus/Coach,1,Over Speeding,0,0,0,0,10,2,High
2018,8,Tuesday,16,KPK,Mansehra,Provincial Highway,Good,Clear,Dawn/Dusk,Motorcycle,2,Wrong Overtaking,0,0,0,0,1,2,Medium
2021,11,Sunday,9,Punjab,Gujranwala,National Highway,Good,Clear,Daylight,Car/Taxi,2,Over Speeding,1,1,0,1,2,2,Medium
2023,8,Friday,18,Sindh,Karachi,National Highway,Average,Rainy,Daylight,Motorcycle,2,Mechanical Failure,1,0,0,0,3,3,High
2022,2,Thursday,7,Gilgit-Baltistan,Hunza,Provincial Highway,Average,Clear,Dawn/Dusk,Rickshaw,2,Signal Violation,1,0,0,1,2,0,Low
2020,8,Sunday,9,Punjab,Faisalabad,Provincial Highway,Poor,Clear,Daylight,Rickshaw,1,Pedestrian Error,1,1,0,0,2,0,Low
2022,7,Monday,13,Islamabad,Islamabad,Motorway,Average,Clear,Daylight,Car/Taxi,2,Pedestrian Error,1,0,0,0,2,0,Low
2019,9,Friday,18,Punjab,Gujranwala,Provincial Highway,Poor,Clear,Street Light,Motorcycle,1,Mechanical Failure,1,0,0,0,2,0,Medium
2023,6,Tuesday,18,Sindh,Dadu,Rural Road,Good,Clear,Daylight,Truck/Lorry,2,Over Speeding,1,0,0,0,1,0,Medium
2018,12,Friday,10,Sindh,Jacobabad,National Highway,Poor,Foggy,Daylight,Bus/Coach,1,Pedestrian Error,0,0,0,1,5,0,Medium
2020,12,Saturday,22,KPK,Nowshera,Provincial Highway,Under Repair,Rainy,No Light,Rickshaw,2,Wrong Overtaking,0,1,1,1,1,0,Medium
2022,7,Thursday,11,Punjab,Lahore,Provincial Highway,Good,Extreme Heat,Daylight,Car/Taxi,2,Over Speeding,0,0,0,0,4,0,Medium
2022,1,Friday,21,Sindh,Thatta,Rural Road,Good,Clear,No Light,Rickshaw,1,Wrong Overtaking,0,0,0,1,2,0,Low
2020,2,Sunday,23,KPK,Swat,National Highway,Good,Clear,No Light,Truck/Lorry,3,Wrong Overtaking,0,1,1,1,8,2,High
2018,5,Sunday,21,Sindh,Hyderabad,Provincial Highway,Poor,Clear,No Light,Rickshaw,4,Mobile Phone Use,0,1,0,0,0,0,Low
2020,8,Tuesday,21,Punjab,Sargodha,Urban Road,Average,Foggy,Street Light,Truck/Lorry,1,Mobile Phone Use,0,0,0,0,0,0,Low
2020,8,Monday,21,Punjab,Sialkot,Urban Road,Under Repair,Clear,No Light,Motorcycle,1,Signal Violation,0,0,0,0,1,0,Low
2023,7,Saturday,6,KPK,Bannu,Motorway,Poor,Clear,Daylight,Rickshaw,3,Wrong Overtaking,0,1,0,0,4,0,Medium
2022,2,Wednesday,15,Balochistan,Sibi,Motorway,Good,Dusty/Smoggy,Daylight,Car/Taxi,2,Driver Fatigue,0,0,0,1,2,0,Medium
2023,12,Saturday,14,Sindh,Larkana,Urban Road,Under Repair,Clear,Daylight,Car/Taxi,2,Over Speeding,0,1,0,1,0,0,Low
2021,7,Saturday,18,Sindh,Mirpur Khas,Urban Road,Under Repair,Clear,Daylight,Truck/Lorry,2,Over Speeding,1,1,0,0,3,1,Medium
2020,8,Tuesday,9,Punjab,Gujranwala,National Highway,Good,Foggy,Daylight,Motorcycle,4,Over Speeding,1,0,0,0,7,2,High
2022,8,Sunday,18,Punjab,Bahawalpur,Rural Road,Good,Clear,Daylight,Rickshaw,3,Road Condition,1,1,0,0,1,0,Low
2022,8,Tuesday,23,Punjab,Lahore,Provincial Highway,Good,Rainy,Street Light,Motorcycle,2,Driver Fatigue,0,0,1,0,5,3,High
2020,9,Friday,6,Sindh,Nawabshah,Urban Road,Average,Clear,Daylight,Motorcycle,2,Signal Violation,0,0,0,0,2,0,Low
2022,12,Tuesday,19,AJK,Muzaffarabad,Rural Road,Average,Rainy,Daylight,Truck/Lorry,3,Over Speeding,1,0,0,1,1,1,Medium
2022,1,Saturday,11,KPK,Mardan,National Highway,Good,Clear,Daylight,Bus/Coach,1,Mechanical Failure,0,1,0,1,0,0,Low
2023,9,Friday,10,Punjab,Multan,Rural Road,Good,Clear,Daylight,Motorcycle,2,Over Speeding,0,0,0,0,2,0,Medium
2022,11,Sunday,6,Sindh,Jacobabad,National Highway,Good,Clear,Daylight,Car/Taxi,2,Pedestrian Error,0,1,0,1,1,0,Low
2023,6,Tuesday,21,Punjab,Faisalabad,Provincial Highway,Good,Clear,Street Light,Bus/Coach,2,Over Speeding,0,0,0,0,3,0,Medium
2023,8,Thursday,8,Punjab,Sialkot,Urban Road,Good,Dusty/Smoggy,Daylight,Car/Taxi,1,Drunk Driving,1,0,0,0,1,0,Low
2021,1,Thursday,14,Punjab,Gujranwala,Urban Road,Good,Rainy,Daylight,Motorcycle,2,Over Speeding,0,0,0,1,2,0,Medium
2020,2,Saturday,20,Punjab,Lahore,Urban Road,Average,Clear,No Light,Rickshaw,2,Over Speeding,1,1,0,1,2,0,Low
2020,11,Sunday,9,KPK,Peshawar,Rural Road,Poor,Foggy,Daylight,Bus/Coach,2,Mechanical Failure,1,1,0,1,1,0,Low
2020,5,Sunday,16,Sindh,Thatta,National Highway,Average,Clear,Daylight,Rickshaw,2,Road Condition,0,1,0,0,1,0,Low
2021,2,Wednesday,21,Islamabad,Islamabad,Urban Road,Poor,Extreme Heat,Street Light,Motorcycle,2,Wrong Overtaking,0,0,0,1,3,0,Medium
2022,1,Wednesday,18,Punjab,Sheikhupura,Motorway,Good,Clear,Daylight,Bicycle,4,Over Speeding,1,0,0,1,8,2,High
2021,12,Wednesday,23,Punjab,Sargodha,National Highway,Under Repair,Clear,Street Light,Car/Taxi,2,Drunk Driving,0,0,1,1,3,0,High
2023,11,Tuesday,11,Punjab,Sheikhupura,National Highway,Poor,Clear,Daylight,Car/Taxi,2,Mobile Phone Use,0,0,0,1,0,0,Low
2023,8,Saturday,0,Punjab,Faisalabad,Rural Road,Under Repair,Clear,No Light,Motorcycle,1,Driver Fatigue,0,1,1,0,4,0,Medium
2019,9,Saturday,9,Gilgit-Baltistan,Skardu,National Highway,Good,Extreme Heat,Daylight,Car/Taxi,2,Wrong Overtaking,1,1,0,0,2,1,Medium
2021,10,Thursday,17,Punjab,Rahim Yar Khan,Rural Road,Good,Dusty/Smoggy,Daylight,Car/Taxi,1,Road Condition,1,0,0,0,1,0,Low
2021,9,Saturday,3,Islamabad,Islamabad,Provincial Highway,Good,Foggy,Street Light,Car/Taxi,1,Mechanical Failure,0,1,1,0,3,1,Medium
2022,6,Friday,9,Punjab,Bahawalpur,Provincial Highway,Poor,Foggy,Daylight,Bus/Coach,2,Over Speeding,1,0,0,0,3,0,Medium
2020,2,Thursday,14,Punjab,Sialkot,National Highway,Good,Dusty/Smoggy,Daylight,Rickshaw,3,Wrong Overtaking,0,0,0,1,2,0,Medium
2019,12,Sunday,19,Punjab,Sargodha,National Highway,Poor,Clear,Dawn/Dusk,Bus/Coach,1,Driver Fatigue,1,1,0,1,5,0,High
2021,9,Saturday,11,Balochistan,Loralai,Rural Road,Good,Rainy,Street Light,Motorcycle,4,Over Speeding,0,1,0,0,10,2,High
2023,1,Tuesday,10,Punjab,Sialkot,Urban Road,Poor,Clear,Daylight,Motorcycle,3,Wrong Overtaking,0,0,0,1,1,0,Medium
2023,8,Sunday,9,Islamabad,Islamabad,National Highway,Poor,Foggy,Daylight,Motorcycle,1,Wrong Overtaking,1,1,0,0,9,2,High
2018,7,Friday,22,Punjab,Multan,National Highway,Good,Clear,No Light,Rickshaw,1,Drunk Driving,0,0,1,0,11,1,High
2022,8,Tuesday,9,Punjab,Rawalpindi,Rural Road,Average,Dusty/Smoggy,Street Light,Car/Taxi,1,Over Speeding,1,0,0,0,1,1,Low
2018,1,Wednesday,16,Sindh,Dadu,Rural Road,Average,Clear,Street Light,Motorcycle,3,Mechanical Failure,0,0,0,1,5,0,Medium
2021,11,Friday,16,Punjab,Gujranwala,National Highway,Poor,Rainy,Daylight,Rickshaw,2,Road Condition,0,0,0,1,0,0,Low
2019,11,Monday,9,Punjab,Lahore,Urban Road,Poor,Clear,Dawn/Dusk,Motorcycle,2,Over Speeding,1,0,0,1,3,1,High
2023,2,Friday,10,KPK,Peshawar,Motorway,Good,Dusty/Smoggy,Daylight,Motorcycle,1,Wrong Overtaking,0,0,0,1,5,0,Medium
2022,2,Monday,10,Sindh,Thatta,Provincial Highway,Average,Clear,Daylight,Motorcycle,1,Driver Fatigue,0,0,0,1,2,1,Medium
2022,12,Sunday,9,Sindh,Mirpur Khas,National Highway,Good,Rainy,Daylight,Motorcycle,4,Wrong Overtaking,1,1,0,1,3,0,High
2022,1,Thursday,22,Punjab,Gujranwala,Provincial Highway,Average,Dusty/Smoggy,No Light,Motorcycle,2,Pedestrian Error,0,0,1,1,5,0,Medium
2020,11,Sunday,10,Punjab,Faisalabad,National Highway,Average,Clear,Daylight,Car/Taxi,1,Over Speeding,0,1,0,1,2,0,Medium
2021,9,Tuesday,13,Punjab,Bahawalpur,Provincial Highway,Average,Clear,Street Light,Car/Taxi,1,Drunk Driving,1,0,0,0,0,0,Low
2021,7,Thursday,20,Sindh,Nawabshah,Urban Road,Poor,Clear,No Light,Bus/Coach,2,Wrong Overtaking,1,0,0,0,2,1,Medium
2022,2,Wednesday,18,KPK,Peshawar,Provincial Highway,Good,Clear,Daylight,Car/Taxi,2,Wrong Overtaking,1,0,0,1,0,0,Low
2022,7,Friday,14,Sindh,Dadu,National Highway,Average,Clear,Daylight,Car/Taxi,3,Wrong Overtaking,0,0,0,0,0,0,Low
2018,5,Saturday,8,KPK,Mansehra,Urban Road,Good,Clear,Daylight,Car/Taxi,2,Over Speeding,1,1,0,0,0,0,Low
2020,6,Saturday,6,Punjab,Rawalpindi,National Highway,Good,Clear,Street Light,Motorcycle,2,Driver Fatigue,0,1,0,0,3,2,High
2018,10,Monday,17,Punjab,Sialkot,National Highway,Good,Extreme Heat,Daylight,Bicycle,2,Over Speeding,1,0,0,0,5,1,High
2022,12,Monday,20,Punjab,Multan,National Highway,Poor,Clear,No Light,Bus/Coach,2,Driver Fatigue,1,0,0,1,6,1,High
2023,8,Thursday,9,KPK,Bannu,Urban Road,Average,Clear,Daylight,Car/Taxi,4,Over Speeding,1,0,0,0,0,0,Low