year,month,day_of_week,hour_of_day,province,district,road_type,road_condition,weather_condition,lighting_condition,vehicle_type,vehicles_involved,accident_cause,is_rush_hour,is_weekend,is_night,is_foggy_month,num_injured,num_killed,severity
2018,8,Friday,22,KPK,Charsadda,Rural Road,Good,Clear,No Light,Car/Taxi,2,Mechanical Failure,0,0,1,0,0,0,Low
2023,4,Saturday,9,Punjab,Faisalabad,Urban Road,Good,Clear,Dawn/Dusk,Motorcycle,4,Signal Violation,1,1,0,0,2,0,Low
2019,6,Friday,12,Punjab,Rawalpindi,Provincial Highway,Good,Clear,Daylight,Van/Pickup,2,Mobile Phone Use,1,0,0,0,2,0,Low
2022,2,Saturday,13,KPK,Charsadda,Provincial Highway,Good,Foggy,Daylight,Motorcycle,3,Driver Fatigue,1,1,0,1,8,1,High
2021,6,Sunday,9,Balochistan,Turbat,Urban Road,Poor,Clear,Daylight,Motorcycle,1,Over Speeding,1,1,0,0,1,0,Medium
2023,10,Saturday,13,KPK,Dera Ismail Khan,National Highway,Poor,Clear,Daylight,Car/Taxi,4,Drunk Driving,1,1,0,0,7,3,High
2022,7,Sunday,18,Punjab,Bahawalpur,Rural Road,Average,Foggy,Daylight,Car/Taxi,3,Signal Violation,1,1,0,0,2,0,Medium
2021,5,Sunday,6,Sindh,Thatta,Provincial Highway,Good,Clear,Daylight,Truck/Lorry,4,Over Speeding,0,1,0,0,4,0,Medium
2022,3,Saturday,12,KPK,Kohat,Provincial Highway,Under Repair,Clear,Daylight,Car/Taxi,1,Drunk Driving,1,1,0,0,5,0,Medium
2020,11,Wednesday,9,Punjab,Gujranwala,National Highway,Poor,Clear,Daylight,Other,2,Signal Violation,1,0,0,1,3,1,Medium
2023,4,Thursday,17,Sindh,Thatta,National Highway,Under Repair,Foggy,Daylight,Car/Taxi,2,Road Condition,1,0,0,0,1,0,Medium
2022,3,Monday,11,Punjab,Sargodha,National Highway,Poor,Clear,Street Light,Rickshaw,3,Drunk Driving,0,0,0,0,5,0,Medium
2022,9,Saturday,15,Punjab,Bahawalpur,National Highway,Good,Foggy,Daylight,Other,3,Over Speeding,0,1,0,0,5,1,High
2022,8,Wednesday,9,Islamabad,Islamabad,Provincial Highway,Under Repair,Clear,Street Light,Car/Taxi,4,Pedestrian Error,1,0,0,0,0,0,Low
2018,1,Sunday,19,Balochistan,Quetta,Provincial Highway,Good,Clear,Dawn/Dusk,Motorcycle,1,Mobile Phone Use,1,1,0,1,1,0,Medium
2022,5,Friday,12,Sindh,Jacobabad,Urban Road,Poor,Clear,Daylight,Car/Taxi,2,Over Speeding,1,0,0,0,4,2,Medium
2020,10,Saturday,10,Punjab,Sargodha,National Highway,Average,Rainy,Street Light,Bus/Coach,3,Signal Violation,0,1,0,0,8,2,High
2021,3,Wednesday,15,KPK,Mardan,Provincial Highway,Under Repair,Clear,Dawn/Dusk,Rickshaw,1,Over Speeding,0,0,0,0,4,1,Medium
2022,2,Friday,21,Punjab,Sheikhupura,National Highway,Under Repair,Foggy,Street Light,Motorcycle,2,Road Condition,0,0,0,1,5,0,High
2022,8,Thursday,19,Punjab,Sialkot,Rural Road,Good,Clear,Dawn/Dusk,Car/Taxi,2,Drunk Driving,1,0,0,0,1,0,Low
2022,6,Thursday,11,Punjab,Bahawalpur,Motorway,Good,Clear,Daylight,Car/Taxi,4,Wrong Overtaking,0,0,0,0,1,0,Medium
2023,2,Wednesday,10,Sindh,Nawabshah,Urban Road,Good,Rainy,Street Light,Car/Taxi,3,Road Condition,0,0,0,1,2,0,Low
2023,8,Friday,17,Punjab,Sargodha,Urban Road,Average,Clear,Daylight,Car/Taxi,1,Road Condition,1,0,0,0,1,0,Low
2020,5,Friday,19,Sindh,Sukkur,National Highway,Good,Foggy,No Light,Rickshaw,1,Signal Violation,1,0,0,0,3,1,High
2018,3,Wednesday,19,Punjab,Faisalabad,Provincial Highway,Poor,Clear,Dawn/Dusk,Motorcycle,1,Over Speeding,1,0,0,0,2,0,Medium
2021,7,Monday,19,Balochistan,Gwadar,Provincial Highway,Average,Clear,Street Light,Motorcycle,2,Wrong Overtaking,1,0,0,0,9,1,High
2018,9,Tuesday,11,Islamabad,Islamabad,Motorway,Good,Rainy,Daylight,Car/Taxi,2,Pedestrian Error,0,0,0,0,4,0,Medium
2023,9,Sunday,15,KPK,Swat,National Highway,Under Repair,Clear,Daylight,Car/Taxi,3,Over Speeding,0,1,0,0,5,1,Medium
2018,2,Saturday,14,Sindh,Mirpur Khas,National Highway,Average,Foggy,Daylight,Bus/Coach,2,Over Speeding,0,1,0,1,5,2,High
2023,7,Saturday,15,Punjab,Sargodha,Provincial Highway,Under Repair,Clear,Daylight,Motorcycle,2,Drunk Driving,0,1,0,0,3,3,High
2023,9,Wednesday,19,KPK,Abbottabad,Provincial Highway,Good,Clear,Dawn/Dusk,Car/Taxi,2,Over Speeding,1,0,0,0,1,2,Medium
2022,7,Friday,17,Islamabad,Islamabad,Urban Road,Average,Clear,Daylight,Car/Taxi,2,Wrong Overtaking,1,0,0,0,2,0,Low
2019,6,Wednesday,15,Punjab,Sialkot,Motorway,Poor,Foggy,Daylight,Motorcycle,1,Over Speeding,0,0,0,0,10,3,High
2019,3,Thursday,22,Sindh,Thatta,Urban Road,Good,Clear,No Light,Truck/Lorry,2,Signal Violation,0,0,1,0,0,0,Low
2023,6,Wednesday,19,Punjab,Bahawalpur,Rural Road,Good,Foggy,Dawn/Dusk,Motorcycle,2,Pedestrian Error,1,0,0,0,4,1,Medium
2018,1,Saturday,8,Punjab,Sheikhupura,Urban Road,Good,Extreme Heat,Dawn/Dusk,Motorcycle,3,Pedestrian Error,1,1,0,1,1,0,Low
2021,10,Sunday,17,Punjab,Faisalabad,Provincial Highway,Average,Rainy,Daylight,Motorcycle,2,Over Speeding,1,1,0,0,2,2,High
2019,11,Thursday,16,Islamabad,Islamabad,Rural Road,Average,Clear,Daylight,Bicycle,2,Over Speeding,0,0,0,1,1,0,Medium
2023,6,Saturday,23,Punjab,Multan,National Highway,Good,Clear,No Light,Motorcycle,2,Mobile Phone Use,0,1,1,0,2,1,High
2019,7,Sunday,16,Sindh,Karachi,Urban Road,Average,Clear,Daylight,Bus/Coach,3,Over Speeding,0,1,0,0,2,1,Medium
2021,6,Monday,8,Islamabad,Islamabad,Rural Road,Good,Clear,Daylight,Car/Taxi,3,Road Condition,1,0,0,0,1,0,Low
2018,8,Friday,13,Sindh,Jacobabad,National Highway,Poor,Clear,Dawn/Dusk,Car/Taxi,1,Over Speeding,1,0,0,0,5,0,Medium
2023,3,Wednesday,5,Balochistan,Zhob,National Highway,Average,Foggy,Dawn/Dusk,Motorcycle,1,Mechanical Failure,0,0,1,0,6,0,High
2022,12,Wednesday,1,Punjab,Rawalpindi,National Highway,Good,Clear,Street Light,Motorcycle,3,Over Speeding,0,0,1,1,4,1,High
2019,7,Thursday,12,Islamabad,Islamabad,Rural Road,Average,Dusty/Smoggy,Daylight,Motorcycle,3,Over Speeding,1,0,0,0,1,2,Medium
2019,11,Saturday,3,Punjab,Gujranwala,National Highway,Good,Rainy,Street Light,Motorcycle,3,Signal Violation,0,1,1,1,8,1,High
2023,2,Monday,7,AJK,Rawalakot,National Highway,Average,Clear,Daylight,Rickshaw,2,Drunk Driving,1,0,0,1,2,2,Medium
2023,11,Wednesday,2,Punjab,Rahim Yar Khan,Provincial Highway,Good,Clear,No Light,Car/Taxi,2,Wrong Overtaking,0,0,1,1,1,2,Medium
2021,11,Wednesday,18,Sindh,Jacobabad,National Highway,Average,Foggy,Daylight,Motorcycle,2,Over Speeding,1,0,0,1,3,1,High
2020,10,Monday,18,Punjab,Bahawalpur,Rural Road,Good,Clear,Daylight,Motorcycle,1,Mobile Phone Use,1,0,0,0,1,0,Medium
2020,12,Friday,6,Sindh,Thatta,Provincial Highway,Good,Clear,Daylight,Truck/Lorry,2,Over Speeding,0,0,0,1,4,0,Medium
2023,6,Wednesday,8,Punjab,Sheikhupura,National Highway,Average,Rainy,Daylight,Car/Taxi,1,Wrong Overtaking,1,0,0,0,5,0,Medium
2019,8,Friday,7,Islamabad,Islamabad,National Highway,Average,Clear,Daylight,Bus/Coach,3,Pedestrian Error,1,0,0,0,3,1,Medium
2019,7,Friday,6,Punjab,Sheikhupura,National Highway,Average,Foggy,Daylight,Car/Taxi,3,Over Speeding,0,0,0,0,1,0,Medium
2018,5,Monday,11,Sindh,Larkana,Provincial Highway,Good,Clear,Daylight,Car/Taxi,2,Over Speeding,0,0,0,0,1,0,Low
2021,5,Tuesday,8,Punjab,Rahim Yar Khan,National Highway,Average,Clear,Daylight,Motorcycle,1,Drunk Driving,1,0,0,0,7,1,High
2022,12,Thursday,7,KPK,Kohat,Motorway,Poor,Clear,Street Light,Truck/Lorry,1,Over Speeding,1,0,0,1,5,0,Medium
2021,7,Monday,19,Sindh,Dadu,Rural Road,Good,Clear,Dawn/Dusk,Motorcycle,2,Signal Violation,1,0,0,0,1,0,Medium
2023,3,Friday,7,AJK,Muzaffarabad,Urban Road,Average,Foggy,No Light,Car/Taxi,3,Wrong Overtaking,1,0,0,0,2,1,Medium
2018,3,Friday,16,Sindh,Sukkur,Rural Road,Under Repair,Rainy,No Light,Car/Taxi,4,Wrong Overtaking,0,0,0,0,1,0,Low
2021,6,Friday,23,Punjab,Sheikhupura,Urban Road,Under Repair,Clear,Street Light,Bus/Coach,1,Wrong Overtaking,0,0,1,0,1,1,Medium
2021,6,Tuesday,11,Punjab,Bahawalpur,Rural Road,Good,Clear,Dawn/Dusk,Motorcycle,2,Pedestrian Error,0,0,0,0,5,0,Medium
2022,9,Tuesday,18,KPK,Charsadda,Rural Road,Under Repair,Clear,Daylight,Rickshaw,1,Over Speeding,1,0,0,0,1,0,Low
2020,9,Tuesday,13,Sindh,Nawabshah,National Highway,Good,Clear,Daylight,Motorcycle,1,Mechanical Failure,1,0,0,0,1,2,Medium
2019,2,Wednesday,7,KPK,Mardan,Urban Road,Poor,Dusty/Smoggy,Daylight,Motorcycle,2,Over Speeding,1,0,0,1,3,1,Medium
2022,1,Friday,18,Punjab,Sialkot,Provincial Highway,Under Repair,Clear,Daylight,Motorcycle,4,Pedestrian Error,1,0,0,1,1,0,Medium
2021,1,Tuesday,8,Sindh,Sukkur,Rural Road,Average,Clear,Daylight,Bus/Coach,4,Driver Fatigue,1,0,0,1,3,0,Medium
2019,1,Friday,12,Islamabad,Islamabad,Urban Road,Good,Rainy,Daylight,Motorcycle,3,Over Speeding,1,0,0,1,6,0,High
2020,4,Sunday,2,Punjab,Faisalabad,Urban Road,Average,Clear,Street Light,Bus/Coach,1,Drunk Driving,0,1,1,0,5,0,Medium
2023,11,Saturday,17,Punjab,Sialkot,Urban Road,Under Repair,Foggy,Dawn/Dusk,Car/Taxi,1,Mechanical Failure,1,1,0,1,2,0,Low
2018,7,Monday,15,KPK,Charsadda,National Highway,Average,Clear,Daylight,Car/Taxi,2,Over Speeding,0,0,0,0,7,2,High
2022,11,Wednesday,14,Punjab,Sargodha,Urban Road,Poor,Clear,Daylight,Car/Taxi,4,Road Condition,0,0,0,1,2,0,Low
2018,5,Friday,14,Sindh,Larkana,Motorway,Under Repair,Clear,No Light,Bus/Coach,1,Wrong Overtaking,0,0,0,0,1,2,Medium
2022,7,Thursday,17,Sindh,Thatta,Urban Road,Under Repair,Clear,Daylight,Car/Taxi,2,Over Speeding,1,0,0,0,2,0,Medium
2021,3,Saturday,19,AJK,Rawalakot,Rural Road,Under Repair,Dusty/Smoggy,Dawn/Dusk,Rickshaw,2,Drunk Driving,1,1,0,0,0,0,Low
2022,11,Saturday,19,Balochistan,Turbat,Provincial Highway,Average,Clear,Dawn/Dusk,Car/Taxi,3,Over Speeding,1,1,0,1,4,0,Medium
2022,5,Friday,21,KPK,Swat,Provincial Highway,Poor,Clear,No Light,Van/Pickup,2,Driver Fatigue,0,0,0,0,4,1,Medium
2019,6,Saturday,8,Punjab,Rawalpindi,National Highway,Average,Clear,Daylight,Van/Pickup,1,Signal Violation,1,1,0,0,2,1,Medium
2019,8,Friday,19,Punjab,Sargodha,Motorway,Under Repair,Dusty/Smoggy,No Light,Motorcycle,2,Road Condition,1,0,0,0,3,0,High
2022,12,Wednesday,1,Balochistan,Khuzdar,Motorway,Poor,Clear,Street Light,Motorcycle,1,Over Speeding,0,0,1,1,6,1,High
2021,12,Wednesday,15,Sindh,Jacobabad,Rural Road,Poor,Clear,Daylight,Motorcycle,1,Drunk Driving,0,0,0,1,4,0,High
2018,7,Wednesday,0,KPK,Charsadda,Rural Road,Poor,Clear,Street Light,Motorcycle,2,Over Speeding,0,0,1,0,11,0,High
2021,5,Sunday,21,Sindh,Larkana,Provincial Highway,Under Repair,Clear,No Light,Motorcycle,2,Pedestrian Error,0,1,0,0,3,1,Medium
2021,11,Thursday,12,Punjab,Sargodha,Urban Road,Good,Clear,Daylight,Rickshaw,1,Wrong Overtaking,1,0,0,1,2,0,Low
2018,6,Thursday,19,Punjab,Sheikhupura,National Highway,Under Repair,Extreme Heat,No Light,Motorcycle,2,Wrong Overtaking,1,0,0,0,7,1,High
2021,12,Thursday,9,Punjab,Sargodha,National Highway,Average,Clear,Daylight,Car/Taxi,3,Pedestrian Error,1,0,0,1,0,0,Low
2019,8,Saturday,21,KPK,Mardan,Provincial Highway,Good,Clear,Street Light,Rickshaw,3,Wrong Overtaking,0,1,0,0,0,0,Low
2022,9,Tuesday,10,KPK,Bannu,Urban Road,Average,Foggy,No Light,Car/Taxi,2,Over Speeding,0,0,0,0,3,0,Medium
2019,7,Monday,8,Punjab,Gujranwala,Urban Road,Good,Clear,Daylight,Motorcycle,2,Mechanical Failure,1,0,0,0,3,1,Medium
2019,6,Wednesday,21,Sindh,Kashmore,Provincial Highway,Poor,Extreme Heat,No Light,Rickshaw,2,Driver Fatigue,0,0,0,0,2,0,Low
2019,3,Monday,11,Balochistan,Zhob,Rural Road,Under Repair,Clear,Street Light,Motorcycle,2,Over Speeding,0,0,0,0,5,0,Medium
2023,10,Thursday,18,KPK,Mardan,Rural Road,Good,Clear,Daylight,Car/Taxi,1,Wrong Overtaking,1,0,0,0,0,0,Low
2019,1,Tuesday,8,Sindh,Kashmore,Provincial Highway,Good,Extreme Heat,Daylight,Car/Taxi,2,Driver Fatigue,1,0,0,1,1,0,Low
2020,7,Wednesday,13,Punjab,Sargodha,Motorway,Poor,Rainy,Daylight,Motorcycle,2,Over Speeding,1,0,0,0,8,0,High
2023,1,Tuesday,7,Balochistan,Sibi,National Highway,Good,Clear,Daylight,Motorcycle,2,Signal Violation,1,0,0,1,1,0,Medium
2023,6,Tuesday,11,Sindh,Hyderabad,Urban Road,Under Repair,Clear,Daylight,Rickshaw,1,Pedestrian Error,0,0,0,0,0,0,Low
2023,10,Friday,19,Balochistan,Sibi,National Highway,Good,Clear,Dawn/Dusk,Motorcycle,3,Wrong Overtaking,1,0,0,0,3,3,High
2022,8,Friday,10,KPK,Kohat,Urban Road,Average,Clear,Daylight,Motorcycle,1,Over Speeding,0,0,0,0,3,2,Medium
2019,1,Friday,20,KPK,Peshawar,National Highway,Poor,Clear,No Light,Motorcycle,1,Over Speeding,1,0,0,1,2,4,High
2023,12,Sunday,19,AJK,Muzaffarabad,Urban Road,Poor,Clear,Dawn/Dusk,Motorcycle,2,Over Speeding,1,1,0,1,4,1,Medium
2020,10,Thursday,14,KPK,Mardan,Motorway,Average,Clear,Daylight,Motorcycle,2,Mechanical Failure,0,0,0,0,2,1,Medium
2020,3,Saturday,19,Punjab,Bahawalpur,Provincial Highway,Average,Foggy,Street Light,Bus/Coach,1,Pedestrian Error,1,1,0,0,1,0,Low
2023,1,Saturday,3,Punjab,Rawalpindi,Rural Road,Good,Clear,Street Light,Car/Taxi,1,Pedestrian Error,0,1,1,1,0,0,Low
2019,8,Sunday,19,Punjab,Sheikhupura,National Highway,Good,Clear,Dawn/Dusk,Motorcycle,1,Road Condition,1,1,0,0,4,1,Medium
2022,1,Friday,10,Punjab,Gujranwala,Urban Road,Good,Foggy,Street Light,Motorcycle,1,Drunk Driving,0,0,0,1,3,0,Medium
2022,8,Friday,18,Punjab,Rawalpindi,National Highway,Poor,Clear,Daylight,Car/Taxi,2,Over Speeding,1,0,0,0,1,0,Medium
2021,5,Tuesday,20,Sindh,Kashmore,Rural Road,Average,Extreme Heat,Street Light,Bicycle,1,Drunk Driving,1,0,0,0,1,0,Medium
2021,3,Sunday,7,Punjab,Lahore,National Highway,Average,Rainy,Daylight,Bus/Coach,2,Over Speeding,1,1,0,0,5,0,High
2019,6,Sunday,14,Sindh,Larkana,Rural Road,Good,Extreme Heat,Daylight,Car/Taxi,3,Over Speeding,0,1,0,0,0,0,Low
2023,10,Saturday,12,Balochistan,Loralai,Urban Road,Average,Foggy,Daylight,Motorcycle,3,Road Condition,1,1,0,0,5,0,Medium
2020,5,Thursday,14,KPK,Abbottabad,Rural Road,Good,Rainy,No Light,Bus/Coach,1,Over Speeding,0,0,0,0,8,1,High
2018,7,Sunday,21,Islamabad,Islamabad,Provincial Highway,Good,Clear,Street Light,Bus/Coach,1,Signal Violation,0,1,0,0,1,0,Medium
2022,12,Friday,20,Punjab,Sheikhupura,Rural Road,Average,Clear,Street Light,Van/Pickup,2,Road Condition,1,0,0,1,2,0,Low
2018,12,Sunday,11,Sindh,Mirpur Khas,Provincial Highway,Good,Foggy,Daylight,Van/Pickup,2,Wrong Overtaking,0,1,0,1,5,1,Medium
2020,2,Tuesday,0,Punjab,Sialkot,Provincial Highway,Good,Foggy,No Light,Truck/Lorry,2,Road Condition,0,0,1,1,6,1,High
2023,1,Sunday,20,Sindh,Jacobabad,National Highway,Poor,Foggy,Street Light,Van/Pickup,1,Over Speeding,1,1,0,1,5,0,High
2018,3,Saturday,9,Sindh,Kashmore,Rural Road,Average,Clear,Daylight,Motorcycle,3,Over Speeding,1,1,0,0,4,0,Medium
2022,7,Thursday,16,Punjab,Gujranwala,Rural Road,Average,Extreme Heat,Daylight,Motorcycle,2,Over Speeding,0,0,0,0,11,0,High
2023,3,Monday,19,Punjab,Faisalabad,National Highway,Good,Clear,Street Light,Motorcycle,2,Over Speeding,1,0,0,0,2,1,High
2018,7,Tuesday,6,KPK,Abbottabad,National Highway,Good,Clear,Daylight,Motorcycle,2,Over Speeding,0,0,0,0,10,2,High
2021,6,Wednesday,19,KPK,Bannu,Provincial Highway,Good,Foggy,Dawn/Dusk,Truck/Lorry,1,Pedestrian Error,1,0,0,0,2,0,Low
2021,8,Wednesday,23,Sindh,Sukkur,National Highway,Good,Foggy,No Light,Bus/Coach,3,Over Speeding,0,0,1,0,7,1,High
2023,5,Friday,22,Punjab,Faisalabad,Provincial Highway,Poor,Extreme Heat,No Light,Car/Taxi,2,Wrong Overtaking,0,0,1,0,1,1,Low
2021,8,Wednesday,14,Punjab,Bahawalpur,National Highway,Average,Rainy,Daylight,Bus/Coach,1,Pedestrian Error,0,0,0,0,1,2,Medium
2018,1,Thursday,10,Punjab,Bahawalpur,Rural Road,Average,Clear,Daylight,Motorcycle,4,Signal Violation,0,0,0,1,5,0,Medium
2022,6,Tuesday,20,Islamabad,Islamabad,Rural Road,Good,Clear,No Light,Bus/Coach,1,Over Speeding,1,0,0,0,2,2,Medium
2020,6,Saturday,22,Balochistan,Loralai,Provincial Highway,Under Repair,Foggy,Street Light,Motorcycle,1,Signal Violation,0,1,1,0,4,0,High
2021,11,Tuesday,16,Punjab,Faisalabad,Urban Road,Poor,Clear,Daylight,Motorcycle,2,Signal Violation,0,0,0,1,1,0,Low
2020,2,Sunday,7,Punjab,Faisalabad,National Highway,Under Repair,Clear,Daylight,Motorcycle,2,Mechanical Failure,1,1,0,1,3,0,Medium
2021,1,Tuesday,19,Sindh,Sukkur,Urban Road,Good,Clear,Dawn/Dusk,Bicycle,1,Drunk Driving,1,0,0,1,2,1,Medium
2023,1,Tuesday,20,Punjab,Rahim Yar Khan,Urban Road,Good,Extreme Heat,Street Light,Motorcycle,1,Mobile Phone Use,1,0,0,1,1,0,Medium
2022,6,Thursday,14,Islamabad,Islamabad,Rural Road,Good,Rainy,Daylight,Car/Taxi,1,Road Condition,0,0,0,0,2,0,Low
2021,1,Thursday,21,KPK,Peshawar,National Highway,Poor,Clear,Street Light,Motorcycle,2,Over Speeding,0,0,0,1,4,0,High
2020,8,Saturday,14,Punjab,Gujranwala,Provincial Highway,Good,Foggy,Daylight,Car/Taxi,2,Mechanical Failure,0,1,0,0,1,0,Low
2022,7,Sunday,9,Punjab,Rawalpindi,Urban Road,Good,Rainy,Dawn/Dusk,Car/Taxi,2,Over Speeding,1,1,0,0,5,0,Medium
2020,5,Wednesday,17,KPK,Swat,Urban Road,Good,Clear,Daylight,Motorcycle,1,Pedestrian Error,1,0,0,0,5,0,Medium
2021,10,Saturday,2,Sindh,Dadu,Rural Road,Poor,Rainy,No Light,Van/Pickup,1,Over Speeding,0,1,1,0,3,1,Medium
2020,9,Saturday,21,Sindh,Jacobabad,Provincial Highway,Good,Clear,Street Light,Motorcycle,1,Road Condition,0,1,0,0,1,0,Medium
2019,5,Tuesday,9,Punjab,Sargodha,National Highway,Average,Foggy,Daylight,Rickshaw,1,Over Speeding,1,0,0,0,2,0,Medium
2023,3,Thursday,11,Punjab,Rawalpindi,Motorway,Average,Rainy,Daylight,Van/Pickup,2,Over Speeding,0,0,0,0,10,1,High
2023,1,Saturday,16,KPK,Nowshera,Rural Road,Poor,Foggy,Street Light,Car/Taxi,3,Pedestrian Error,0,1,0,1,1,0,Low
2020,12,Thursday,19,Sindh,Dadu,National Highway,Under Repair,Clear,Dawn/Dusk,Rickshaw,2,Drunk Driving,1,0,0,1,8,1,High
2022,9,Wednesday,6,Punjab,Rahim Yar Khan,Motorway,Good,Clear,Daylight,Car/Taxi,2,Pedestrian Error,0,0,0,0,3,2,Medium
2019,8,Friday,12,Punjab,Sheikhupura,Urban Road,Good,Foggy,Daylight,Van/Pickup,3,Driver Fatigue,1,0,0,0,3,2,Medium
2020,10,Sunday,12,Sindh,Kashmore,Provincial Highway,Average,Foggy,No Light,Motorcycle,3,Signal Violation,1,1,0,0,10,1,High
2021,4,Wednesday,8,KPK,Peshawar,National Highway,Poor,Clear,Dawn/Dusk,Rickshaw,1,Mechanical Failure,1,0,0,0,4,1,Medium
2023,2,Sunday,7,Punjab,Sheikhupura,Rural Road,Good,Clear,Daylight,Motorcycle,4,Mechanical Failure,1,1,0,1,1,0,Low
2021,12,Friday,12,KPK,Abbottabad,National Highway,Average,Foggy,Daylight,Truck/Lorry,1,Road Condition,1,0,0,1,3,1,Medium
2018,12,Saturday,18,Punjab,Sialkot,Urban Road,Average,Rainy,Daylight,Truck/Lorry,3,Wrong Overtaking,1,1,0,1,1,0,Low
2023,1,Friday,10,Punjab,Faisalabad,Urban Road,Average,Rainy,Daylight,Motorcycle,3,Wrong Overtaking,0,0,0,1,4,0,Medium
2021,12,Saturday,17,KPK,Swat,Rural Road,Average,Rainy,Daylight,Motorcycle,1,Drunk Driving,1,1,0,1,5,0,Medium
2023,12,Monday,6,KPK,Abbottabad,Provincial Highway,Poor,Rainy,Daylight,Car/Taxi,1,Driver Fatigue,0,0,0,1,1,0,Medium
2019,8,Monday,14,Punjab,Sialkot,National Highway,Good,Clear,Daylight,Car/Taxi,3,Wrong Overtaking,0,0,0,0,2,0,Low
2022,7,Tuesday,10,Punjab,Lahore,National Highway,Good,Clear,Daylight,Car/Taxi,1,Mechanical Failure,0,0,0,0,4,0,Medium
2020,10,Friday,10,Punjab,Multan,Urban Road,Poor,Rainy,Daylight,Motorcycle,4,Mechanical Failure,0,0,0,0,4,0,Medium
2019,4,Wednesday,20,KPK,Peshawar,Provincial Highway,Good,Foggy,Street Light,Motorcycle,3,Over Speeding,1,0,0,0,10,1,High
2018,12,Wednesday,17,Punjab,Lahore,Provincial Highway,Good,Dusty/Smoggy,Daylight,Other,2,Over Speeding,1,0,0,1,4,1,Medium
2023,6,Monday,16,Punjab,Multan,Rural Road,Poor,Clear,Daylight,Van/Pickup,1,Signal Violation,0,0,0,0,1,1,Low
2023,1,Tuesday,5,Punjab,Gujranwala,National Highway,Good,Foggy,Dawn/Dusk,Car/Taxi,3,Over Speeding,0,0,1,1,2,1,High
2019,5,Saturday,16,Sindh,Jacobabad,Rural Road,Good,Clear,Daylight,Rickshaw,1,Wrong Overtaking,0,1,0,0,2,0,Low
2020,12,Monday,21,KPK,Charsadda,Urban Road,Good,Foggy,Street Light,Motorcycle,4,Over Speeding,0,0,0,1,8,1,High
2018,5,Friday,16,Punjab,Rawalpindi,Rural Road,Under Repair,Clear,Daylight,Rickshaw,1,Over Speeding,0,0,0,0,0,1,Low
2023,1,Saturday,6,Sindh,Sukkur,Urban Road,Good,Clear,Dawn/Dusk,Car/Taxi,1,Road Condition,0,1,0,1,1,0,Low
2021,2,Tuesday,16,Punjab,Rahim Yar Khan,Provincial Highway,Poor,Dusty/Smoggy,Daylight,Rickshaw,2,Over Speeding,0,0,0,1,3,0,Medium
2022,7,Wednesday,12,Sindh,Larkana,National Highway,Good,Foggy,Dawn/Dusk,Motorcycle,1,Driver Fatigue,1,0,0,0,8,1,High
2018,11,Monday,16,Punjab,Sialkot,National Highway,Average,Clear,Daylight,Car/Taxi,3,Pedestrian Error,0,0,0,1,1,0,Low
2023,1,Tuesday,14,Punjab,Faisalabad,Rural Road,Under Repair,Rainy,Dawn/Dusk,Motorcycle,1,Mechanical Failure,0,0,0,1,1,0,Medium
2021,1,Wednesday,18,Punjab,Sialkot,Provincial Highway,Poor,Rainy,Daylight,Motorcycle,3,Pedestrian Error,1,0,0,1,7,4,High
2023,10,Tuesday,9,KPK,Mansehra,National Highway,Good,Clear,Daylight,Motorcycle,1,Over Speeding,1,0,0,0,3,1,High
2018,4,Sunday,11,KPK,Mardan,Rural Road,Good,Clear,Daylight,Motorcycle,2,Mechanical Failure,0,1,0,0,1,0,Low
2019,2,Friday,9,Punjab,Gujranwala,Motorway,Good,Extreme Heat,Daylight,Motorcycle,2,Road Condition,1,0,0,1,11,0,High
2021,11,Sunday,12,Punjab,Sargodha,Motorway,Good,Rainy,Daylight,Van/Pickup,1,Road Condition,1,1,0,1,1,0,Low
2021,11,Thursday,20,Punjab,Sheikhupura,National Highway,Average,Clear,Street Light,Motorcycle,2,Mobile Phone Use,1,0,0,1,7,1,High
2021,9,Friday,7,Sindh,Sukkur,National Highway,Poor,Foggy,Daylight,Truck/Lorry,1,Pedestrian Error,1,0,0,0,4,0,Medium
2021,2,Friday,8,Balochistan,Loralai,National Highway,Good,Rainy,Daylight,Bus/Coach,1,Over Speeding,1,0,0,1,6,0,High
2018,5,Thursday,16,Islamabad,Islamabad,National Highway,Good,Clear,Daylight,Rickshaw,2,Wrong Overtaking,0,0,0,0,1,0,Medium
2023,7,Thursday,8,Sindh,Sukkur,Urban Road,Average,Clear,Daylight,Motorcycle,4,Over Speeding,1,0,0,0,4,0,Medium
2020,8,Wednesday,17,Punjab,Faisalabad,Provincial Highway,Average,Clear,Daylight,Motorcycle,2,Pedestrian Error,1,0,0,0,4,0,Medium
2018,5,Wednesday,10,KPK,Swat,National Highway,Poor,Clear,Daylight,Motorcycle,1,Over Speeding,0,0,0,0,8,1,High
2018,11,Tuesday,0,Punjab,Bahawalpur,Urban Road,Poor,Dusty/Smoggy,Street Light,Car/Taxi,2,Mechanical Failure,0,0,1,1,1,0,Low
2022,10,Tuesday,20,Sindh,Mirpur Khas,Rural Road,Good,Extreme Heat,No Light,Car/Taxi,2,Mobile Phone Use,1,0,0,0,2,0,Low
2023,1,Monday,7,Punjab,Bahawalpur,Rural Road,Good,Clear,Daylight,Motorcycle,3,Driver Fatigue,1,0,0,1,4,2,High
2021,12,Sunday,19,Punjab,Sialkot,Rural Road,Poor,Extreme Heat,Dawn/Dusk,Motorcycle,3,Over Speeding,1,1,0,1,6,0,High