year,month,day_of_week,hour_of_day,province,district,road_type,road_condition,weather_condition,lighting_condition,vehicle_type,vehicles_involved,accident_cause,is_rush_hour,is_weekend,is_night,is_foggy_month,num_injured,num_killed,severity
2019,10,Thursday,19,Punjab,Lahore,Urban Road,Average,Dusty/Smoggy,No Light,Motorcycle,1,Mobile Phone Use,1,0,0,0,1,0,Low
2022,4,Friday,18,Sindh,Sukkur,National Highway,Average,Clear,Street Light,Motorcycle,2,Wrong Overtaking,1,0,0,0,3,0,Medium
2018,1,Saturday,22,Sindh,Thatta,Provincial Highway,Under Repair,Dusty/Smoggy,No Light,Rickshaw,2,Signal Violation,0,1,1,1,2,1,Medium
2019,11,Thursday,19,KPK,Swat,Urban Road,Poor,Extreme Heat,Dawn/Dusk,Car/Taxi,2,Signal Violation,1,0,0,1,0,0,Low
2022,8,Sunday,3,KPK,Mardan,National Highway,Good,Clear,No Light,Motorcycle,2,Road Condition,0,1,1,0,3,0,Medium
2019,10,Sunday,8,Gilgit-Baltistan,Gilgit,Rural Road,Poor,Foggy,Daylight,Motorcycle,1,Driver Fatigue,1,1,0,0,2,0,High
2022,11,Sunday,16,Punjab,Lahore,Rural Road,Good,Dusty/Smoggy,Daylight,Motorcycle,1,Over Speeding,0,1,0,1,4,0,Medium
2022,9,Wednesday,12,Sindh,Thatta,Urban Road,Average,Foggy,Daylight,Motorcycle,3,Wrong Overtaking,1,0,0,0,3,2,Medium
2018,1,Wednesday,8,Sindh,Dadu,Rural Road,Poor,Clear,Street Light,Motorcycle,2,Wrong Overtaking,1,0,0,1,4,2,Medium
2020,3,Thursday,14,KPK,Charsadda,Provincial Highway,Average,Rainy,Daylight,Bus/Coach,2,Road Condition,0,0,0,0,4,0,Medium
2018,1,Wednesday,8,Punjab,Lahore,National Highway,Poor,Rainy,Daylight,Car/Taxi,4,Mechanical Failure,1,0,0,1,1,1,Medium
2023,10,Friday,12,Punjab,Sialkot,Rural Road,Poor,Clear,Daylight,Van/Pickup,1,Wrong Overtaking,1,0,0,0,2,0,Low
2022,1,Friday,12,Punjab,Sialkot,National Highway,Poor,Clear,Daylight,Truck/Lorry,1,Over Speeding,1,0,0,1,5,1,High
2023,6,Sunday,17,AJK,Rawalakot,Rural Road,Good,Clear,Daylight,Motorcycle,1,Over Speeding,1,1,0,0,4,1,Medium
2020,9,Monday,17,Balochistan,Quetta,Rural Road,Average,Rainy,Dawn/Dusk,Car/Taxi,2,Over Speeding,1,0,0,0,2,1,Medium
2022,6,Sunday,1,Punjab,Bahawalpur,Provincial Highway,Good,Clear,Street Light,Motorcycle,2,Over Speeding,0,1,1,0,5,1,High
2021,8,Thursday,20,Balochistan,Gwadar,Provincial Highway,Average,Foggy,Street Light,Motorcycle,1,Pedestrian Error,1,0,0,0,4,0,Medium
2019,4,Sunday,6,Punjab,Multan,Urban Road,Good,Clear,Daylight,Car/Taxi,3,Mechanical Failure,0,1,0,0,0,0,Low
2022,7,Saturday,9,Punjab,Rahim Yar Khan,National Highway,Good,Rainy,Daylight,Car/Taxi,2,Mobile Phone Use,1,1,0,0,4,0,Medium
2022,2,Tuesday,17,KPK,Swat,National Highway,Good,Extreme Heat,Daylight,Bicycle,3,Wrong Overtaking,1,0,0,1,4,0,Medium
2021,2,Friday,20,Punjab,Sialkot,National Highway,Average,Clear,Street Light,Motorcycle,2,Road Condition,1,0,0,1,4,1,High
2022,4,Saturday,20,Punjab,Sialkot,National Highway,Average,Clear,No Light,Motorcycle,2,Over Speeding,1,1,0,0,4,4,High
2023,11,Tuesday,19,Balochistan,Zhob,Urban Road,Good,Clear,No Light,Motorcycle,2,Road Condition,1,0,0,1,1,1,Medium
2018,3,Saturday,21,Sindh,Hyderabad,Urban Road,Average,Clear,No Light,Rickshaw,2,Road Condition,0,1,0,0,1,0,Low
2020,3,Thursday,22,AJK,Muzaffarabad,Urban Road,Good,Clear,No Light,Motorcycle,1,Pedestrian Error,0,0,1,0,2,1,Medium
2020,11,Wednesday,16,Punjab,Faisalabad,National Highway,Good,Clear,Daylight,Motorcycle,2,Road Condition,0,0,0,1,1,1,Medium
2021,10,Monday,6,Punjab,Sialkot,Urban Road,Poor,Clear,Daylight,Motorcycle,1,Driver Fatigue,0,0,0,0,2,1,High
2023,2,Sunday,7,Punjab,Sargodha,Urban Road,Average,Clear,Dawn/Dusk,Rickshaw,2,Wrong Overtaking,1,1,0,1,1,0,Low
2022,12,Saturday,6,Balochistan,Zhob,Motorway,Average,Foggy,Daylight,Motorcycle,2,Signal Violation,0,1,0,1,6,2,High
2021,2,Thursday,22,Punjab,Rawalpindi,Provincial Highway,Poor,Clear,No Light,Motorcycle,1,Wrong Overtaking,0,0,1,1,1,0,Medium
2018,8,Saturday,9,Punjab,Rahim Yar Khan,Urban Road,Average,Clear,Daylight,Motorcycle,2,Wrong Overtaking,1,1,0,0,4,0,Medium
2020,3,Wednesday,15,Punjab,Rahim Yar Khan,Rural Road,Poor,Foggy,Daylight,Van/Pickup,3,Wrong Overtaking,0,0,0,0,1,0,Low
2020,3,Sunday,16,KPK,Kohat,Provincial Highway,Good,Dusty/Smoggy,Daylight,Motorcycle,1,Wrong Overtaking,0,1,0,0,2,0,Medium
2019,6,Saturday,19,Punjab,Sheikhupura,National Highway,Average,Rainy,Dawn/Dusk,Motorcycle,2,Road Condition,1,1,0,0,2,1,Medium
2023,8,Friday,15,Punjab,Sialkot,Rural Road,Good,Clear,Daylight,Motorcycle,2,Driver Fatigue,0,0,0,0,1,0,Medium
2021,12,Monday,18,Sindh,Sukkur,Provincial Highway,Good,Clear,Daylight,Motorcycle,1,Road Condition,1,0,0,1,1,2,Medium
2019,2,Saturday,19,Punjab,Sheikhupura,Rural Road,Average,Clear,Dawn/Dusk,Truck/Lorry,2,Road Condition,1,1,0,1,0,1,Low
2021,3,Tuesday,18,Punjab,Gujranwala,Rural Road,Good,Clear,Daylight,Rickshaw,3,Over Speeding,1,0,0,0,2,0,Low
2019,12,Monday,9,Punjab,Lahore,National Highway,Good,Clear,Daylight,Motorcycle,3,Over Speeding,1,0,0,1,3,0,High
2023,9,Tuesday,22,Balochistan,Dera Bugti,Rural Road,Poor,Clear,Street Light,Van/Pickup,2,Signal Violation,0,0,1,0,2,0,Low
2020,4,Sunday,22,Punjab,Rawalpindi,National Highway,Good,Clear,Street Light,Motorcycle,2,Road Condition,0,1,1,0,1,0,Medium
2020,2,Sunday,15,Punjab,Rawalpindi,Provincial Highway,Good,Clear,Daylight,Car/Taxi,3,Wrong Overtaking,0,1,0,1,0,0,Low
2022,11,Wednesday,21,Punjab,Faisalabad,Rural Road,Good,Clear,Street Light,Car/Taxi,2,Mechanical Failure,0,0,0,1,1,0,Low
2023,8,Friday,11,Islamabad,Islamabad,National Highway,Good,Foggy,Daylight,Motorcycle,2,Over Speeding,0,0,0,0,9,1,High
2020,12,Tuesday,19,Punjab,Faisalabad,National Highway,Good,Dusty/Smoggy,Dawn/Dusk,Motorcycle,2,Over Speeding,1,0,0,1,7,0,High
2023,11,Friday,17,KPK,Bannu,National Highway,Good,Foggy,Daylight,Car/Taxi,3,Mechanical Failure,1,0,0,1,2,2,Medium
2023,12,Wednesday,2,Balochistan,Khuzdar,Provincial Highway,Under Repair,Clear,Street Light,Motorcycle,1,Mechanical Failure,0,0,1,1,2,0,High
2020,12,Friday,19,Punjab,Rahim Yar Khan,Urban Road,Average,Foggy,No Light,Rickshaw,2,Wrong Overtaking,1,0,0,1,2,0,Low
2018,9,Tuesday,18,Punjab,Multan,Motorway,Average,Dusty/Smoggy,No Light,Car/Taxi,2,Road Condition,1,0,0,0,4,0,Medium
2018,11,Sunday,8,KPK,Mansehra,National Highway,Poor,Clear,Daylight,Van/Pickup,1,Pedestrian Error,1,1,0,1,5,1,Medium
2019,9,Thursday,8,KPK,Dera Ismail Khan,Motorway,Average,Clear,Daylight,Car/Taxi,4,Mechanical Failure,1,0,0,0,4,0,Medium
2023,6,Sunday,16,KPK,Bannu,Rural Road,Good,Foggy,No Light,Car/Taxi,1,Drunk Driving,0,1,0,0,5,1,Medium
2019,11,Friday,9,KPK,Peshawar,Urban Road,Poor,Foggy,Daylight,Car/Taxi,3,Road Condition,1,0,0,1,2,0,Low
2022,2,Saturday,14,Punjab,Rawalpindi,Provincial Highway,Average,Clear,Daylight,Motorcycle,3,Over Speeding,0,1,0,1,3,1,High
2018,5,Monday,13,KPK,Abbottabad,National Highway,Good,Clear,Daylight,Truck/Lorry,1,Over Speeding,1,0,0,0,8,1,High
2023,9,Wednesday,18,Punjab,Sialkot,Rural Road,Good,Clear,Daylight,Rickshaw,3,Road Condition,1,0,0,0,2,0,Low
2023,12,Monday,19,Sindh,Dadu,Rural Road,Average,Extreme Heat,Dawn/Dusk,Car/Taxi,1,Driver Fatigue,1,0,0,1,4,1,Medium
2023,9,Wednesday,23,Sindh,Dadu,Motorway,Average,Foggy,Street Light,Rickshaw,2,Driver Fatigue,0,0,1,0,6,2,High
2022,4,Monday,13,Punjab,Gujranwala,Rural Road,Good,Clear,Daylight,Motorcycle,4,Signal Violation,1,0,0,0,3,0,Medium
2023,8,Monday,13,Punjab,Sheikhupura,Rural Road,Poor,Foggy,Dawn/Dusk,Motorcycle,2,Mobile Phone Use,1,0,0,0,2,0,Low
2023,2,Saturday,23,Punjab,Sialkot,Rural Road,Poor,Dusty/Smoggy,No Light,Motorcycle,1,Wrong Overtaking,0,1,1,1,5,1,High
2023,10,Tuesday,8,Sindh,Mirpur Khas,Urban Road,Good,Clear,Daylight,Car/Taxi,2,Drunk Driving,1,0,0,0,3,1,Medium
2022,3,Thursday,4,Balochistan,Chaman,National Highway,Good,Clear,No Light,Truck/Lorry,2,Over Speeding,0,0,1,0,7,0,High
2019,11,Saturday,19,Sindh,Jacobabad,National Highway,Poor,Extreme Heat,Dawn/Dusk,Car/Taxi,2,Over Speeding,1,1,0,1,1,0,Medium
2023,12,Sunday,10,KPK,Nowshera,National Highway,Good,Clear,Daylight,Car/Taxi,2,Drunk Driving,0,1,0,1,2,2,Medium
2022,12,Monday,16,Punjab,Multan,National Highway,Average,Clear,Daylight,Car/Taxi,1,Signal Violation,0,0,0,1,5,0,Medium
2022,12,Sunday,18,Punjab,Rahim Yar Khan,Provincial Highway,Good,Clear,No Light,Van/Pickup,2,Wrong Overtaking,1,1,0,1,2,0,Medium
2022,4,Wednesday,20,Punjab,Lahore,Provincial Highway,Average,Extreme Heat,Street Light,Motorcycle,3,Drunk Driving,1,0,0,0,8,1,High
2021,10,Saturday,13,Punjab,Gujranwala,Urban Road,Average,Clear,Daylight,Motorcycle,2,Pedestrian Error,1,1,0,0,0,0,Low
2021,6,Thursday,19,Sindh,Dadu,National Highway,Under Repair,Rainy,Dawn/Dusk,Motorcycle,2,Over Speeding,1,0,0,0,9,0,High
2019,6,Monday,15,Balochistan,Chaman,Provincial Highway,Poor,Clear,Daylight,Truck/Lorry,1,Over Speeding,0,0,0,0,1,2,Medium
2023,12,Friday,3,Sindh,Larkana,Urban Road,Average,Clear,No Light,Car/Taxi,1,Road Condition,0,0,1,1,2,0,Low
2019,3,Sunday,23,Sindh,Kashmore,National Highway,Average,Clear,Street Light,Bicycle,1,Road Condition,0,1,1,0,11,0,High
2022,3,Sunday,14,Punjab,Sheikhupura,Provincial Highway,Poor,Clear,No Light,Truck/Lorry,1,Over Speeding,0,1,0,0,3,1,Medium
2020,11,Thursday,22,Punjab,Sialkot,National Highway,Poor,Rainy,No Light,Motorcycle,2,Over Speeding,0,0,1,1,8,2,High
2020,12,Friday,15,Punjab,Sargodha,Motorway,Poor,Clear,Street Light,Bus/Coach,2,Road Condition,0,0,0,1,2,0,Low
2020,10,Sunday,20,KPK,Dera Ismail Khan,National Highway,Good,Clear,No Light,Motorcycle,2,Over Speeding,1,1,0,0,6,0,High
2023,5,Wednesday,13,Sindh,Kashmore,Rural Road,Good,Foggy,Daylight,Motorcycle,1,Wrong Overtaking,1,0,0,0,4,0,Medium
2022,5,Saturday,10,Punjab,Rahim Yar Khan,Urban Road,Good,Dusty/Smoggy,Daylight,Motorcycle,4,Over Speeding,0,1,0,0,3,0,Medium
2022,3,Thursday,17,Sindh,Thatta,National Highway,Good,Clear,No Light,Car/Taxi,1,Over Speeding,1,0,0,0,3,1,Medium
2023,12,Saturday,6,Sindh,Karachi,Provincial Highway,Good,Clear,Daylight,Motorcycle,2,Wrong Overtaking,0,1,0,1,1,0,Medium
2021,12,Wednesday,12,Punjab,Multan,Provincial Highway,Poor,Rainy,Daylight,Car/Taxi,2,Over Speeding,1,0,0,1,4,1,Medium
2022,5,Friday,5,Sindh,Nawabshah,Provincial Highway,Good,Clear,Dawn/Dusk,Car/Taxi,2,Mechanical Failure,0,0,1,0,5,1,Medium
2022,6,Wednesday,3,KPK,Swat,Urban Road,Good,Rainy,No Light,Truck/Lorry,2,Drunk Driving,0,0,1,0,11,2,High
2018,5,Friday,11,Punjab,Rawalpindi,Rural Road,Average,Clear,Daylight,Motorcycle,1,Signal Violation,0,0,0,0,5,1,Medium
2023,8,Saturday,21,KPK,Kohat,Provincial Highway,Good,Foggy,No Light,Rickshaw,2,Signal Violation,0,1,0,0,4,1,Medium
2021,3,Monday,21,Punjab,Multan,Urban Road,Good,Foggy,No Light,Motorcycle,4,Pedestrian Error,0,0,0,0,4,0,Medium
2020,12,Sunday,18,KPK,Kohat,National Highway,Good,Extreme Heat,Daylight,Car/Taxi,2,Wrong Overtaking,1,1,0,1,1,0,Low
2018,3,Monday,14,Balochistan,Turbat,Provincial Highway,Good,Foggy,Dawn/Dusk,Motorcycle,1,Over Speeding,0,0,0,0,7,3,High
2021,10,Wednesday,21,Sindh,Sukkur,National Highway,Average,Rainy,No Light,Car/Taxi,3,Mobile Phone Use,0,0,0,0,3,0,Medium
2021,12,Thursday,7,Punjab,Bahawalpur,Rural Road,Good,Rainy,Daylight,Rickshaw,1,Wrong Overtaking,1,0,0,1,2,0,Low
2022,10,Friday,17,Punjab,Bahawalpur,Urban Road,Under Repair,Dusty/Smoggy,Daylight,Car/Taxi,4,Over Speeding,1,0,0,0,0,0,Low
2018,7,Friday,18,Punjab,Rahim Yar Khan,Provincial Highway,Good,Dusty/Smoggy,Daylight,Car/Taxi,4,Over Speeding,1,0,0,0,2,1,Low
2022,7,Saturday,16,Punjab,Bahawalpur,National Highway,Good,Clear,Daylight,Motorcycle,2,Over Speeding,0,1,0,0,11,1,High
2019,11,Thursday,9,Sindh,Sukkur,Urban Road,Under Repair,Rainy,Daylight,Motorcycle,3,Road Condition,1,0,0,1,4,1,Medium
2022,12,Sunday,19,Punjab,Lahore,Provincial Highway,Average,Clear,Street Light,Motorcycle,2,Over Speeding,1,1,0,1,6,1,High
2018,5,Friday,19,Punjab,Faisalabad,Urban Road,Average,Clear,Dawn/Dusk,Van/Pickup,1,Wrong Overtaking,1,0,0,0,2,0,Low
2022,3,Thursday,2,KPK,Abbottabad,Urban Road,Good,Foggy,Street Light,Motorcycle,1,Wrong Overtaking,0,0,1,0,3,0,Medium
2019,1,Saturday,8,KPK,Mardan,Motorway,Good,Clear,Daylight,Car/Taxi,2,Wrong Overtaking,1,1,0,1,2,0,Low
2021,9,Thursday,20,Punjab,Rawalpindi,Rural Road,Good,Dusty/Smoggy,No Light,Car/Taxi,3,Over Speeding,1,0,0,0,2,0,Low
2022,12,Sunday,7,KPK,Nowshera,Provincial Highway,Good,Extreme Heat,Daylight,Car/Taxi,1,Drunk Driving,1,1,0,1,1,1,Medium
2022,7,Sunday,18,Islamabad,Islamabad,National Highway,Average,Foggy,Dawn/Dusk,Motorcycle,2,Over Speeding,1,1,0,0,2,0,High
2019,7,Friday,8,Punjab,Gujranwala,National Highway,Good,Clear,Daylight,Truck/Lorry,2,Over Speeding,1,0,0,0,8,3,High
2019,11,Thursday,6,Punjab,Gujranwala,National Highway,Poor,Clear,No Light,Motorcycle,2,Over Speeding,0,0,0,1,8,0,High
2020,1,Thursday,21,KPK,Mardan,Rural Road,Average,Clear,Street Light,Motorcycle,1,Over Speeding,0,0,0,1,5,0,Medium
2021,4,Saturday,19,KPK,Bannu,Rural Road,Good,Clear,Dawn/Dusk,Rickshaw,2,Drunk Driving,1,1,0,0,1,0,Low
2019,8,Friday,11,Punjab,Sheikhupura,Rural Road,Poor,Foggy,Daylight,Rickshaw,1,Wrong Overtaking,0,0,0,0,0,0,Low
2018,7,Sunday,12,Punjab,Lahore,Provincial Highway,Poor,Foggy,Daylight,Motorcycle,1,Over Speeding,1,1,0,0,4,2,High
2023,1,Wednesday,22,KPK,Charsadda,Urban Road,Good,Clear,No Light,Motorcycle,2,Mobile Phone Use,0,0,1,1,4,0,Medium
2023,6,Thursday,19,Islamabad,Islamabad,National Highway,Good,Dusty/Smoggy,Dawn/Dusk,Other,4,Drunk Driving,1,0,0,0,9,0,High
2018,5,Thursday,11,KPK,Charsadda,Urban Road,Poor,Clear,Daylight,Motorcycle,1,Signal Violation,0,0,0,0,3,1,Medium
2018,4,Sunday,19,Islamabad,Islamabad,Provincial Highway,Average,Clear,Street Light,Truck/Lorry,1,Wrong Overtaking,1,1,0,0,2,0,Low
2023,11,Friday,1,Sindh,Dadu,Provincial Highway,Poor,Clear,Street Light,Motorcycle,2,Wrong Overtaking,0,0,1,1,6,0,High
2022,11,Tuesday,5,Islamabad,Islamabad,Rural Road,Poor,Foggy,No Light,Truck/Lorry,2,Wrong Overtaking,0,0,1,1,5,1,Medium
2019,6,Tuesday,19,KPK,Mardan,Urban Road,Poor,Clear,Dawn/Dusk,Bicycle,2,Signal Violation,1,0,0,0,1,1,Medium
2020,12,Saturday,12,Balochistan,Zhob,Urban Road,Good,Foggy,No Light,Motorcycle,1,Wrong Overtaking,1,1,0,1,7,1,High
2020,4,Monday,9,Punjab,Faisalabad,Urban Road,Average,Clear,Daylight,Car/Taxi,1,Wrong Overtaking,1,0,0,0,1,0,Low
2021,8,Thursday,19,KPK,Peshawar,Provincial Highway,Good,Extreme Heat,Daylight,Motorcycle,1,Over Speeding,1,0,0,0,9,3,High
2023,11,Friday,18,Punjab,Sargodha,National Highway,Average,Foggy,Daylight,Motorcycle,2,Wrong Overtaking,1,0,0,1,2,0,High
2023,7,Friday,20,Punjab,Rawalpindi,National Highway,Good,Clear,Street Light,Truck/Lorry,1,Road Condition,1,0,0,0,1,0,Low
2021,8,Friday,11,Sindh,Thatta,Urban Road,Poor,Clear,Street Light,Car/Taxi,4,Signal Violation,0,0,0,0,1,1,Low
2021,5,Thursday,17,Punjab,Rawalpindi,Rural Road,Average,Clear,Daylight,Car/Taxi,2,Over Speeding,1,0,0,0,0,0,Low
2023,1,Wednesday,13,Punjab,Faisalabad,Urban Road,Good,Clear,Daylight,Motorcycle,3,Wrong Overtaking,1,0,0,1,0,0,Low
2021,11,Sunday,14,AJK,Muzaffarabad,Provincial Highway,Good,Foggy,Daylight,Truck/Lorry,1,Driver Fatigue,0,1,0,1,7,4,High
2023,6,Monday,16,KPK,Dera Ismail Khan,Urban Road,Under Repair,Clear,Daylight,Motorcycle,3,Road Condition,0,0,0,0,2,0,Low
2023,7,Friday,22,Balochistan,Quetta,Provincial Highway,Poor,Rainy,No Light,Bicycle,1,Drunk Driving,0,0,1,0,6,2,High
2021,5,Thursday,14,Gilgit-Baltistan,Gilgit,Urban Road,Average,Clear,Daylight,Car/Taxi,2,Over Speeding,0,0,0,0,4,0,Medium
2023,6,Tuesday,6,Punjab,Rahim Yar Khan,Rural Road,Good,Foggy,Daylight,Rickshaw,2,Pedestrian Error,0,0,0,0,1,0,Low
2019,5,Wednesday,19,Punjab,Rawalpindi,National Highway,Average,Clear,Dawn/Dusk,Motorcycle,3,Over Speeding,1,0,0,0,8,2,High
2023,1,Saturday,21,Punjab,Rahim Yar Khan,National Highway,Good,Foggy,Street Light,Motorcycle,3,Driver Fatigue,0,1,0,1,8,0,High
2022,4,Tuesday,9,Sindh,Larkana,Provincial Highway,Good,Clear,Daylight,Car/Taxi,2,Wrong Overtaking,1,0,0,0,0,0,Low
2020,10,Friday,18,Sindh,Thatta,Urban Road,Good,Foggy,Daylight,Car/Taxi,3,Mobile Phone Use,1,0,0,0,2,0,Low
2023,12,Sunday,10,Sindh,Thatta,National Highway,Average,Foggy,Street Light,Rickshaw,2,Wrong Overtaking,0,1,0,1,1,0,Medium
2022,4,Tuesday,12,Punjab,Bahawalpur,Motorway,Poor,Rainy,Dawn/Dusk,Motorcycle,2,Road Condition,1,0,0,0,10,2,High
2022,5,Thursday,10,Punjab,Sargodha,Rural Road,Average,Clear,Street Light,Motorcycle,2,Over Speeding,0,0,0,0,5,0,Medium
2022,9,Monday,18,Sindh,Karachi,Urban Road,Poor,Foggy,Daylight,Van/Pickup,2,Pedestrian Error,1,0,0,0,0,0,Low
2023,1,Wednesday,7,Punjab,Lahore,Provincial Highway,Good,Foggy,Daylight,Car/Taxi,2,Over Speeding,1,0,0,1,3,0,Medium
2023,12,Monday,14,Balochistan,Hub,Rural Road,Good,Clear,Daylight,Bicycle,1,Wrong Overtaking,0,0,0,1,3,2,Medium
2023,6,Thursday,9,Punjab,Gujranwala,Provincial Highway,Poor,Clear,Street Light,Car/Taxi,1,Over Speeding,1,0,0,0,2,0,Low
2022,10,Saturday,6,Punjab,Gujranwala,Provincial Highway,Poor,Extreme Heat,Street Light,Bus/Coach,1,Pedestrian Error,0,1,0,0,2,0,Low
2023,5,Friday,16,Punjab,Lahore,National Highway,Average,Clear,Daylight,Car/Taxi,1,Road Condition,0,0,0,0,5,1,Medium
2021,10,Wednesday,6,KPK,Abbottabad,Motorway,Good,Clear,Dawn/Dusk,Car/Taxi,2,Drunk Driving,0,0,0,0,10,1,High
2020,7,Thursday,18,Punjab,Lahore,Urban Road,Poor,Clear,Daylight,Motorcycle,1,Wrong Overtaking,1,0,0,0,1,0,Low
2018,4,Wednesday,23,Punjab,Faisalabad,National Highway,Good,Dusty/Smoggy,Street Light,Motorcycle,1,Wrong Overtaking,0,0,1,0,5,0,High
2022,1,Saturday,11,Sindh,Thatta,Urban Road,Average,Clear,Daylight,Bus/Coach,3,Wrong Overtaking,0,1,0,1,1,0,Low
2022,11,Wednesday,21,Balochistan,Gwadar,Rural Road,Poor,Clear,Street Light,Motorcycle,1,Mechanical Failure,0,0,0,1,2,0,Low
2023,5,Thursday,8,Balochistan,Gwadar,Urban Road,Good,Clear,Dawn/Dusk,Motorcycle,1,Over Speeding,1,0,0,0,5,1,Medium
2023,7,Saturday,6,Punjab,Gujranwala,National Highway,Good,Clear,No Light,Bus/Coach,3,Signal Violation,0,1,0,0,3,3,High
2020,3,Tuesday,0,KPK,Mardan,Urban Road,Good,Clear,No Light,Bus/Coach,2,Wrong Overtaking,0,0,1,0,2,0,Low
2019,12,Saturday,13,Punjab,Sheikhupura,Provincial Highway,Average,Foggy,Daylight,Motorcycle,1,Wrong Overtaking,1,1,0,1,1,0,Medium
2018,1,Saturday,10,Punjab,Rahim Yar Khan,Rural Road,Average,Clear,Street Light,Motorcycle,2,Driver Fatigue,0,1,0,1,3,1,Medium
2022,5,Sunday,10,Sindh,Dadu,National Highway,Poor,Clear,Street Light,Rickshaw,2,Over Speeding,0,1,0,0,4,0,Medium
2022,5,Thursday,12,Punjab,Rawalpindi,National Highway,Good,Extreme Heat,Daylight,Rickshaw,3,Mechanical Failure,1,0,0,0,0,0,Low
2019,5,Wednesday,23,KPK,Peshawar,National Highway,Poor,Rainy,No Light,Car/Taxi,3,Over Speeding,0,0,1,0,9,1,High
2022,4,Wednesday,14,Islamabad,Islamabad,Provincial Highway,Good,Clear,Daylight,Motorcycle,2,Wrong Overtaking,0,0,0,0,3,0,Medium
2021,9,Sunday,19,Punjab,Faisalabad,Provincial Highway,Average,Clear,Dawn/Dusk,Motorcycle,2,Wrong Overtaking,1,1,0,0,3,0,High
2019,11,Sunday,20,Punjab,Bahawalpur,National Highway,Poor,Rainy,Street Light,Car/Taxi,2,Pedestrian Error,1,1,0,1,5,2,Medium
2022,11,Friday,14,Sindh,Thatta,Urban Road,Poor,Foggy,Daylight,Motorcycle,3,Over Speeding,0,0,0,1,11,1,High
2022,6,Saturday,13,Sindh,Hyderabad,Rural Road,Good,Foggy,Daylight,Car/Taxi,1,Wrong Overtaking,1,1,0,0,2,0,Low
2020,1,Saturday,11,Balochistan,Dera Bugti,National Highway,Poor,Foggy,Daylight,Motorcycle,2,Over Speeding,0,1,0,1,5,4,High
2022,4,Friday,10,Balochistan,Hub,Provincial Highway,Average,Clear,Daylight,Motorcycle,1,Mechanical Failure,0,0,0,0,2,2,Medium
2021,5,Sunday,12,Sindh,Dadu,National Highway,Poor,Clear,Daylight,Motorcycle,2,Over Speeding,1,1,0,0,4,1,High
2022,12,Tuesday,6,Punjab,Multan,National Highway,Under Repair,Rainy,Daylight,Bus/Coach,3,Pedestrian Error,0,0,0,1,3,0,Medium
2022,8,Tuesday,17,KPK,Peshawar,National Highway,Poor,Clear,No Light,Motorcycle,1,Road Condition,1,0,0,0,1,0,Medium
2020,5,Monday,4,Punjab,Lahore,Provincial Highway,Good,Foggy,Street Light,Truck/Lorry,1,Over Speeding,0,0,1,0,5,0,High
2020,5,Saturday,19,Islamabad,Islamabad,Urban Road,Good,Foggy,Dawn/Dusk,Motorcycle,2,Signal Violation,1,1,0,0,3,0,Medium
2020,3,Wednesday,18,Punjab,Sialkot,National Highway,Average,Foggy,Dawn/Dusk,Motorcycle,1,Pedestrian Error,1,0,0,0,2,4,High
2020,1,Saturday,12,Sindh,Jacobabad,Rural Road,Under Repair,Rainy,Street Light,Motorcycle,1,Over Speeding,1,1,0,1,4,0,Medium
2021,6,Wednesday,12,Punjab,Sheikhupura,National Highway,Good,Clear,Daylight,Car/Taxi,3,Road Condition,1,0,0,0,1,0,Low
2022,3,Saturday,10,Punjab,Sialkot,Urban Road,Average,Clear,Street Light,Motorcycle,2,Signal Violation,0,1,0,0,5,0,Medium
2021,6,Saturday,19,Sindh,Kashmore,Urban Road,Poor,Foggy,Daylight,Motorcycle,4,Wrong Overtaking,1,1,0,0,5,0,Medium
2022,4,Sunday,8,KPK,Kohat,Rural Road,Good,Clear,Daylight,Truck/Lorry,3,Wrong Overtaking,1,1,0,0,2,0,Low
2018,12,Wednesday,17,KPK,Kohat,Provincial Highway,Good,Clear,Daylight,Car/Taxi,3,Over Speeding,1,0,0,1,4,2,Medium
2021,12,Wednesday,9,Sindh,Sukkur,Urban Road,Average,Clear,Dawn/Dusk,Car/Taxi,2,Pedestrian Error,1,0,0,1,2,0,Low
2023,6,Sunday,8,Punjab,Multan,Rural Road,Average,Clear,Daylight,Car/Taxi,3,Over Speeding,1,1,0,0,0,0,Low
2019,10,Saturday,14,Balochistan,Khuzdar,National Highway,Average,Clear,No Light,Car/Taxi,2,Over Speeding,0,1,0,0,5,0,Medium
2020,7,Thursday,20,KPK,Dera Ismail Khan,Urban Road,Poor,Foggy,No Light,Motorcycle,4,Weather Condition,1,0,0,0,4,0,Medium
2019,7,Saturday,16,Punjab,Rahim Yar Khan,Provincial Highway,Good,Foggy,Daylight,Truck/Lorry,4,Over Speeding,0,1,0,0,5,2,High
2023,6,Tuesday,15,KPK,Bannu,Provincial Highway,Good,Clear,Daylight,Rickshaw,2,Over Speeding,0,0,0,0,3,0,Medium
2021,12,Tuesday,13,AJK,Rawalakot,Rural Road,Good,Foggy,Dawn/Dusk,Bicycle,3,Over Speeding,1,0,0,1,5,0,Medium
2023,12,Wednesday,11,Sindh,Karachi,Motorway,Good,Rainy,Daylight,Motorcycle,4,Over Speeding,0,0,0,1,2,1,High
2021,3,Monday,8,Punjab,Gujranwala,Provincial Highway,Good,Clear,Daylight,Car/Taxi,1,Pedestrian Error,1,0,0,0,1,0,Low
2022,8,Tuesday,21,Sindh,Karachi,Provincial Highway,Good,Clear,Street Light,Car/Taxi,2,Over Speeding,0,0,0,0,0,0,Low
2019,4,Tuesday,13,Punjab,Multan,Urban Road,Good,Clear,Daylight,Van/Pickup,3,Over Speeding,1,0,0,0,1,0,Low