year,month,day_of_week,hour_of_day,province,district,road_type,road_condition,weather_condition,lighting_condition,vehicle_type,vehicles_involved,accident_cause,is_rush_hour,is_weekend,is_night,is_foggy_month,num_injured,num_killed,severity
2021,7,Thursday,10,KPK,Dera Ismail Khan,Provincial Highway,Poor,Clear,Daylight,Bus/Coach,1,Signal Violation,0,0,0,0,5,0,Medium
2022,9,Friday,15,Sindh,Karachi,Urban Road,Poor,Foggy,Daylight,Car/Taxi,2,Mobile Phone Use,0,0,0,0,0,0,Low
2022,2,Sunday,21,Islamabad,Islamabad,National Highway,Average,Clear,No Light,Rickshaw,4,Road Condition,0,1,0,1,0,0,Low
2021,10,Friday,12,Sindh,Dadu,Urban Road,Average,Dusty/Smoggy,Daylight,Motorcycle,1,Road Condition,1,0,0,0,1,1,Low
2020,8,Thursday,17,Punjab,Sheikhupura,Urban Road,Average,Dusty/Smoggy,Street Light,Bicycle,2,Mechanical Failure,1,0,0,0,1,2,Medium
2019,6,Saturday,14,KPK,Swat,Rural Road,Good,Foggy,Dawn/Dusk,Car/Taxi,2,Over Speeding,0,1,0,0,4,0,Medium
2020,5,Monday,13,Punjab,Lahore,Provincial Highway,Average,Foggy,Daylight,Motorcycle,2,Wrong Overtaking,1,0,0,0,9,1,High
2019,8,Saturday,12,Punjab,Sialkot,National Highway,Under Repair,Extreme Heat,Daylight,Bus/Coach,2,Signal Violation,1,1,0,0,7,2,High
2023,4,Friday,1,Punjab,Gujranwala,Provincial Highway,Poor,Rainy,Street Light,Car/Taxi,2,Driver Fatigue,0,0,1,0,7,1,High
2020,1,Tuesday,8,Punjab,Multan,Provincial Highway,Poor,Clear,Daylight,Motorcycle,4,Mechanical Failure,1,0,0,1,3,1,Medium
2022,2,Friday,16,Islamabad,Islamabad,Urban Road,Under Repair,Clear,Daylight,Motorcycle,1,Wrong Overtaking,0,0,0,1,2,0,Medium
2020,11,Wednesday,20,Sindh,Hyderabad,Provincial Highway,Good,Clear,Street Light,Motorcycle,2,Drunk Driving,1,0,0,1,10,0,High
2018,1,Friday,16,KPK,Mansehra,Provincial Highway,Good,Clear,Daylight,Motorcycle,1,Mechanical Failure,0,0,0,1,2,1,Medium
2021,11,Tuesday,7,Punjab,Sargodha,Rural Road,Good,Clear,Daylight,Motorcycle,1,Wrong Overtaking,1,0,0,1,3,0,Medium
2023,7,Wednesday,10,KPK,Peshawar,Motorway,Good,Clear,Daylight,Motorcycle,2,Wrong Overtaking,0,0,0,0,10,1,High
2019,12,Sunday,19,Sindh,Sukkur,Provincial Highway,Average,Dusty/Smoggy,Street Light,Motorcycle,2,Road Condition,1,1,0,1,1,0,Low
2022,6,Tuesday,9,Sindh,Jacobabad,Urban Road,Good,Clear,Daylight,Motorcycle,2,Road Condition,1,0,0,0,1,0,Low
2018,3,Friday,6,AJK,Mirpur,Urban Road,Average,Dusty/Smoggy,Street Light,Motorcycle,3,Over Speeding,0,0,0,0,3,0,Medium
2022,10,Saturday,5,Sindh,Nawabshah,Provincial Highway,Average,Clear,Dawn/Dusk,Bus/Coach,2,Driver Fatigue,0,1,1,0,5,1,Medium
2022,8,Monday,7,Sindh,Hyderabad,National Highway,Poor,Dusty/Smoggy,Daylight,Motorcycle,2,Wrong Overtaking,1,0,0,0,3,1,Medium
2018,12,Thursday,21,Punjab,Bahawalpur,National Highway,Average,Extreme Heat,Street Light,Bus/Coach,2,Wrong Overtaking,0,0,0,1,2,0,Medium
2021,1,Wednesday,11,Punjab,Sialkot,Rural Road,Good,Clear,Daylight,Motorcycle,2,Wrong Overtaking,0,0,0,1,1,1,Medium
2021,12,Friday,11,Balochistan,Quetta,National Highway,Good,Foggy,Daylight,Truck/Lorry,1,Signal Violation,0,0,0,1,5,1,High
2023,6,Wednesday,15,KPK,Nowshera,Urban Road,Average,Foggy,Daylight,Rickshaw,2,Over Speeding,0,0,0,0,1,0,Low
2020,6,Monday,5,Sindh,Dadu,Urban Road,Average,Rainy,No Light,Motorcycle,1,Over Speeding,0,0,1,0,9,3,High
2018,1,Sunday,8,Balochistan,Chaman,Urban Road,Poor,Clear,Street Light,Motorcycle,1,Wrong Overtaking,1,1,0,1,0,0,Low
2022,12,Wednesday,1,Sindh,Jacobabad,National Highway,Good,Rainy,Street Light,Rickshaw,2,Pedestrian Error,0,0,1,1,5,0,Medium
2018,12,Monday,9,Sindh,Thatta,National Highway,Good,Dusty/Smoggy,Daylight,Motorcycle,2,Over Speeding,1,0,0,1,3,2,High
2020,7,Sunday,1,Punjab,Bahawalpur,National Highway,Good,Clear,Street Light,Truck/Lorry,1,Signal Violation,0,1,1,0,4,0,Medium
2023,11,Friday,12,Sindh,Larkana,Urban Road,Good,Foggy,Daylight,Motorcycle,2,Weather Condition,1,0,0,1,4,1,Medium
2018,10,Tuesday,10,Punjab,Gujranwala,Provincial Highway,Average,Clear,No Light,Truck/Lorry,1,Wrong Overtaking,0,0,0,0,1,1,Medium
2022,5,Thursday,7,Punjab,Gujranwala,Urban Road,Poor,Clear,No Light,Car/Taxi,2,Mechanical Failure,1,0,0,0,0,0,Low
2021,12,Monday,16,Islamabad,Islamabad,Provincial Highway,Average,Rainy,Daylight,Car/Taxi,1,Wrong Overtaking,0,0,0,1,4,0,Medium
2022,3,Saturday,11,Punjab,Bahawalpur,Rural Road,Good,Clear,Daylight,Rickshaw,2,Drunk Driving,0,1,0,0,3,0,Medium
2019,4,Wednesday,10,Punjab,Rahim Yar Khan,Urban Road,Poor,Foggy,Daylight,Car/Taxi,2,Over Speeding,0,0,0,0,3,1,Medium
2023,7,Wednesday,9,Punjab,Sheikhupura,National Highway,Poor,Clear,Daylight,Car/Taxi,2,Wrong Overtaking,1,0,0,0,0,0,Low
2023,6,Saturday,21,Punjab,Bahawalpur,National Highway,Poor,Clear,No Light,Rickshaw,1,Wrong Overtaking,0,1,0,0,3,0,Medium
2021,7,Tuesday,5,Punjab,Faisalabad,National Highway,Average,Extreme Heat,Dawn/Dusk,Bus/Coach,3,Mechanical Failure,0,0,1,0,3,1,Medium
2022,8,Tuesday,19,Punjab,Sargodha,Provincial Highway,Poor,Clear,Dawn/Dusk,Motorcycle,2,Signal Violation,1,0,0,0,2,0,Medium
2022,4,Tuesday,13,Sindh,Sukkur,Motorway,Average,Clear,Daylight,Car/Taxi,1,Signal Violation,1,0,0,0,1,0,Medium
2023,8,Friday,21,Sindh,Hyderabad,Rural Road,Average,Clear,No Light,Bus/Coach,2,Wrong Overtaking,0,0,0,0,0,0,Low
2022,7,Friday,11,KPK,Mardan,Urban Road,Poor,Clear,Daylight,Bus/Coach,1,Over Speeding,0,0,0,0,4,0,Medium
2019,9,Monday,17,AJK,Mirpur,National Highway,Average,Clear,Daylight,Motorcycle,3,Wrong Overtaking,1,0,0,0,2,3,High
2019,8,Monday,14,Sindh,Hyderabad,Motorway,Good,Clear,Daylight,Car/Taxi,3,Driver Fatigue,0,0,0,0,1,1,Medium
2022,3,Tuesday,15,Punjab,Rawalpindi,Provincial Highway,Good,Clear,Daylight,Rickshaw,3,Road Condition,0,0,0,0,1,0,Low
2022,6,Thursday,16,Punjab,Multan,Urban Road,Good,Foggy,Street Light,Rickshaw,3,Wrong Overtaking,0,0,0,0,2,0,Low
2018,12,Tuesday,17,KPK,Mansehra,Provincial Highway,Good,Clear,Daylight,Motorcycle,1,Weather Condition,1,0,0,1,1,0,Medium
2022,12,Tuesday,14,Sindh,Karachi,Provincial Highway,Good,Clear,Daylight,Truck/Lorry,1,Pedestrian Error,0,0,0,1,2,0,Low
2023,6,Saturday,18,Punjab,Rahim Yar Khan,Urban Road,Poor,Clear,Daylight,Motorcycle,2,Over Speeding,1,1,0,0,4,0,Medium
2020,8,Sunday,12,Punjab,Bahawalpur,National Highway,Average,Foggy,Street Light,Motorcycle,1,Over Speeding,1,1,0,0,10,1,High
2023,12,Saturday,23,KPK,Charsadda,Provincial Highway,Average,Foggy,Street Light,Motorcycle,2,Road Condition,0,1,1,1,2,1,High
2019,3,Monday,19,Sindh,Larkana,National Highway,Good,Clear,Street Light,Car/Taxi,2,Road Condition,1,0,0,0,1,0,Low
2021,6,Friday,13,Sindh,Karachi,National Highway,Average,Clear,Daylight,Motorcycle,1,Over Speeding,1,0,0,0,2,2,High
2019,8,Monday,18,Punjab,Sialkot,Provincial Highway,Poor,Clear,Daylight,Van/Pickup,2,Over Speeding,1,0,0,0,2,0,Low
2022,1,Wednesday,6,Sindh,Jacobabad,National Highway,Poor,Foggy,Daylight,Motorcycle,2,Mechanical Failure,0,0,0,1,2,0,Medium
2023,5,Thursday,13,KPK,Peshawar,Motorway,Poor,Rainy,Daylight,Truck/Lorry,1,Over Speeding,1,0,0,0,5,0,High
2020,7,Friday,9,Balochistan,Chaman,National Highway,Good,Dusty/Smoggy,Daylight,Car/Taxi,3,Pedestrian Error,1,0,0,0,3,0,Medium
2022,3,Tuesday,5,KPK,Swat,Motorway,Average,Foggy,Daylight,Car/Taxi,3,Road Condition,0,0,1,0,3,0,Medium
2023,2,Saturday,17,Sindh,Karachi,Rural Road,Under Repair,Clear,Dawn/Dusk,Car/Taxi,3,Signal Violation,1,1,0,1,0,0,Low
2021,1,Saturday,7,KPK,Bannu,Rural Road,Under Repair,Foggy,Daylight,Bicycle,2,Over Speeding,1,1,0,1,2,3,High
2018,1,Saturday,13,Sindh,Thatta,Urban Road,Poor,Clear,Daylight,Truck/Lorry,1,Wrong Overtaking,1,1,0,1,1,0,Low
2022,10,Monday,18,Punjab,Sheikhupura,Provincial Highway,Average,Foggy,Street Light,Bicycle,2,Pedestrian Error,1,0,0,0,5,1,High
2020,7,Monday,12,Balochistan,Gwadar,Urban Road,Good,Clear,Daylight,Bus/Coach,1,Over Speeding,1,0,0,0,3,0,Medium
2023,4,Tuesday,18,Sindh,Thatta,National Highway,Good,Extreme Heat,Daylight,Motorcycle,3,Drunk Driving,1,0,0,0,8,1,High
2019,5,Wednesday,11,Sindh,Thatta,Urban Road,Poor,Dusty/Smoggy,Daylight,Car/Taxi,1,Wrong Overtaking,0,0,0,0,1,0,Low
2023,1,Tuesday,23,Gilgit-Baltistan,Skardu,Rural Road,Average,Clear,No Light,Car/Taxi,3,Signal Violation,0,0,1,1,4,0,Medium
2022,9,Sunday,13,AJK,Rawalakot,Urban Road,Poor,Rainy,Daylight,Car/Taxi,2,Mobile Phone Use,1,1,0,0,1,0,Low
2023,12,Saturday,12,Sindh,Hyderabad,Provincial Highway,Good,Foggy,Dawn/Dusk,Car/Taxi,2,Driver Fatigue,1,1,0,1,5,2,High
2023,6,Wednesday,15,Punjab,Rahim Yar Khan,Provincial Highway,Under Repair,Rainy,Daylight,Car/Taxi,3,Weather Condition,0,0,0,0,5,0,Medium
2021,12,Monday,11,Punjab,Bahawalpur,Urban Road,Poor,Clear,Daylight,Car/Taxi,1,Signal Violation,0,0,0,1,0,0,Low
2022,11,Wednesday,8,Islamabad,Islamabad,National Highway,Poor,Rainy,No Light,Motorcycle,3,Over Speeding,1,0,0,1,8,2,High
2021,6,Tuesday,16,Punjab,Sialkot,Urban Road,Good,Clear,Daylight,Bicycle,2,Mechanical Failure,0,0,0,0,3,1,Medium
2022,12,Saturday,21,Gilgit-Baltistan,Hunza,Provincial Highway,Good,Rainy,Street Light,Truck/Lorry,1,Road Condition,0,1,0,1,2,0,Medium
2019,9,Saturday,13,Punjab,Bahawalpur,Provincial Highway,Poor,Clear,Daylight,Car/Taxi,1,Wrong Overtaking,1,1,0,0,1,0,Low
2023,5,Friday,18,Sindh,Karachi,National Highway,Average,Clear,Daylight,Motorcycle,2,Over Speeding,1,0,0,0,7,2,High
2022,9,Saturday,6,Sindh,Hyderabad,Rural Road,Poor,Extreme Heat,Daylight,Motorcycle,4,Pedestrian Error,0,1,0,0,0,0,Low
2023,7,Saturday,18,Punjab,Sargodha,Rural Road,Average,Foggy,Daylight,Car/Taxi,2,Wrong Overtaking,1,1,0,0,1,0,Medium
2023,12,Saturday,23,Islamabad,Islamabad,Rural Road,Good,Clear,Street Light,Motorcycle,2,Over Speeding,0,1,1,1,5,1,Medium
2023,11,Monday,22,Sindh,Thatta,Provincial Highway,Poor,Clear,Street Light,Car/Taxi,3,Pedestrian Error,0,0,1,1,1,0,Low
2018,12,Sunday,15,Punjab,Sheikhupura,National Highway,Poor,Clear,Daylight,Bus/Coach,1,Wrong Overtaking,0,1,0,1,11,2,High
2019,4,Sunday,9,Punjab,Lahore,Urban Road,Average,Clear,Daylight,Car/Taxi,2,Driver Fatigue,1,1,0,0,0,0,Low
2022,10,Sunday,14,KPK,Bannu,Urban Road,Average,Rainy,Daylight,Motorcycle,3,Driver Fatigue,0,1,0,0,3,0,Medium
2023,8,Saturday,14,Punjab,Faisalabad,Provincial Highway,Average,Clear,Daylight,Car/Taxi,2,Over Speeding,0,1,0,0,0,0,Low
2023,12,Tuesday,12,Balochistan,Chaman,National Highway,Average,Rainy,Daylight,Rickshaw,2,Signal Violation,1,0,0,1,4,0,Medium
2021,6,Monday,12,Punjab,Sargodha,National Highway,Good,Clear,Daylight,Motorcycle,2,Pedestrian Error,1,0,0,0,4,0,Medium
2021,9,Friday,13,Punjab,Sialkot,National Highway,Good,Clear,Dawn/Dusk,Motorcycle,3,Over Speeding,1,0,0,0,3,2,High
2023,7,Tuesday,19,Punjab,Sialkot,Urban Road,Good,Rainy,Daylight,Car/Taxi,1,Pedestrian Error,1,0,0,0,1,0,Low
2023,6,Sunday,16,Punjab,Rawalpindi,Rural Road,Good,Clear,Daylight,Motorcycle,3,Drunk Driving,0,1,0,0,5,1,Medium
2022,7,Tuesday,23,Punjab,Gujranwala,Rural Road,Good,Rainy,Street Light,Motorcycle,2,Signal Violation,0,0,1,0,2,1,High
2022,12,Friday,10,Gilgit-Baltistan,Skardu,National Highway,Good,Clear,Daylight,Truck/Lorry,2,Wrong Overtaking,0,0,0,1,3,0,Medium
2023,12,Tuesday,1,Punjab,Gujranwala,National Highway,Good,Dusty/Smoggy,No Light,Truck/Lorry,1,Over Speeding,0,0,1,1,2,0,High
2019,7,Saturday,17,Punjab,Rawalpindi,Provincial Highway,Average,Rainy,Daylight,Motorcycle,2,Over Speeding,1,1,0,0,8,0,High
2018,3,Friday,20,Punjab,Sheikhupura,National Highway,Good,Clear,Street Light,Truck/Lorry,3,Wrong Overtaking,1,0,0,0,2,1,Medium
2019,1,Thursday,20,Sindh,Karachi,National Highway,Good,Rainy,Street Light,Rickshaw,3,Signal Violation,1,0,0,1,1,0,Medium
2021,1,Friday,12,KPK,Abbottabad,National Highway,Poor,Clear,Daylight,Truck/Lorry,1,Pedestrian Error,1,0,0,1,1,1,Medium
2020,1,Wednesday,19,KPK,Peshawar,Provincial Highway,Good,Rainy,Dawn/Dusk,Bus/Coach,1,Signal Violation,1,0,0,1,1,0,Medium
2019,10,Sunday,13,Punjab,Sheikhupura,Provincial Highway,Average,Rainy,Daylight,Motorcycle,2,Signal Violation,1,1,0,0,9,2,High
2020,4,Wednesday,8,Sindh,Mirpur Khas,Urban Road,Good,Clear,Daylight,Truck/Lorry,2,Over Speeding,1,0,0,0,3,0,Medium
2019,8,Wednesday,17,Sindh,Jacobabad,Motorway,Under Repair,Clear,Daylight,Bicycle,1,Mechanical Failure,1,0,0,0,4,2,Medium
2022,6,Monday,10,Sindh,Sukkur,Rural Road,Average,Rainy,Dawn/Dusk,Truck/Lorry,2,Over Speeding,0,0,0,0,5,2,Medium
2020,12,Saturday,20,Punjab,Sheikhupura,Provincial Highway,Average,Clear,No Light,Motorcycle,3,Over Speeding,1,1,0,1,4,0,High
2019,1,Wednesday,6,KPK,Peshawar,National Highway,Good,Rainy,No Light,Motorcycle,3,Mobile Phone Use,0,0,0,1,9,0,High
2021,8,Saturday,22,Punjab,Rahim Yar Khan,Motorway,Good,Extreme Heat,No Light,Bus/Coach,2,Over Speeding,0,1,1,0,7,2,High
2021,7,Sunday,11,Punjab,Lahore,Urban Road,Poor,Clear,Daylight,Bus/Coach,3,Wrong Overtaking,0,1,0,0,0,0,Low
2020,2,Sunday,4,Punjab,Multan,Urban Road,Good,Clear,No Light,Other,2,Over Speeding,0,1,1,1,2,0,Medium
2019,10,Thursday,19,Sindh,Nawabshah,Provincial Highway,Poor,Clear,Dawn/Dusk,Van/Pickup,4,Over Speeding,1,0,0,0,0,0,Low
2023,11,Friday,8,Punjab,Sheikhupura,Provincial Highway,Average,Rainy,Daylight,Motorcycle,3,Pedestrian Error,1,0,0,1,10,0,High
2022,11,Tuesday,13,Sindh,Dadu,Urban Road,Average,Foggy,Daylight,Motorcycle,2,Road Condition,1,0,0,1,3,0,Medium
2019,5,Friday,20,Balochistan,Turbat,Provincial Highway,Good,Clear,Street Light,Car/Taxi,2,Pedestrian Error,1,0,0,0,1,0,Low
2018,3,Monday,13,Sindh,Mirpur Khas,Provincial Highway,Good,Foggy,Daylight,Car/Taxi,2,Drunk Driving,1,0,0,0,3,1,Medium
2021,12,Tuesday,19,Sindh,Mirpur Khas,Provincial Highway,Poor,Clear,Dawn/Dusk,Motorcycle,1,Over Speeding,1,0,0,1,3,0,Medium
2022,2,Thursday,18,KPK,Mardan,National Highway,Under Repair,Rainy,Daylight,Car/Taxi,2,Wrong Overtaking,1,0,0,1,1,0,Medium
2022,9,Friday,9,KPK,Bannu,Provincial Highway,Poor,Clear,Daylight,Car/Taxi,2,Over Speeding,1,0,0,0,2,0,Medium
2020,7,Wednesday,22,Punjab,Sheikhupura,National Highway,Average,Clear,Street Light,Motorcycle,1,Over Speeding,0,0,1,0,7,0,High
2022,11,Thursday,20,Sindh,Larkana,Rural Road,Average,Foggy,No Light,Motorcycle,3,Over Speeding,1,0,0,1,2,0,Medium
2022,6,Tuesday,8,KPK,Abbottabad,Urban Road,Good,Rainy,Daylight,Motorcycle,1,Over Speeding,1,0,0,0,3,0,Medium
2021,11,Saturday,16,Punjab,Gujranwala,Provincial Highway,Under Repair,Extreme Heat,Daylight,Motorcycle,4,Road Condition,0,1,0,1,4,1,Medium
2021,12,Monday,16,Punjab,Gujranwala,Urban Road,Under Repair,Clear,Daylight,Motorcycle,2,Mechanical Failure,0,0,0,1,0,0,Low
2020,8,Monday,19,Punjab,Sargodha,National Highway,Average,Rainy,Street Light,Motorcycle,2,Over Speeding,1,0,0,0,3,0,High
2020,4,Monday,8,AJK,Mirpur,National Highway,Good,Clear,Daylight,Motorcycle,2,Pedestrian Error,1,0,0,0,3,0,Medium
2021,12,Friday,15,Punjab,Gujranwala,National Highway,Poor,Clear,Dawn/Dusk,Motorcycle,2,Road Condition,0,0,0,1,3,0,Medium
2022,12,Monday,20,Punjab,Bahawalpur,Urban Road,Average,Clear,No Light,Van/Pickup,3,Road Condition,1,0,0,1,2,0,Low
2019,11,Saturday,14,Sindh,Karachi,Provincial Highway,Under Repair,Clear,Daylight,Motorcycle,1,Driver Fatigue,0,1,0,1,3,1,Medium
2021,1,Friday,18,Balochistan,Sibi,Provincial Highway,Good,Rainy,Daylight,Motorcycle,1,Wrong Overtaking,1,0,0,1,5,2,High
2022,11,Tuesday,19,Punjab,Rawalpindi,Motorway,Poor,Foggy,Daylight,Rickshaw,4,Driver Fatigue,1,0,0,1,6,2,High
2022,1,Tuesday,6,KPK,Nowshera,National Highway,Poor,Foggy,Daylight,Bicycle,2,Wrong Overtaking,0,0,0,1,4,1,High
2021,7,Monday,11,KPK,Mardan,National Highway,Poor,Rainy,Daylight,Truck/Lorry,3,Driver Fatigue,0,0,0,0,6,3,High
2023,6,Tuesday,21,Sindh,Hyderabad,Urban Road,Average,Clear,No Light,Motorcycle,2,Driver Fatigue,0,0,0,0,11,3,High
2020,10,Friday,17,Balochistan,Hub,Provincial Highway,Good,Rainy,No Light,Motorcycle,3,Wrong Overtaking,1,0,0,0,9,2,High
2023,1,Sunday,9,Punjab,Sargodha,Provincial Highway,Under Repair,Clear,Daylight,Motorcycle,2,Driver Fatigue,1,1,0,1,4,1,High
2019,2,Tuesday,9,Islamabad,Islamabad,Provincial Highway,Average,Clear,No Light,Car/Taxi,2,Over Speeding,1,0,0,1,1,0,Low
2022,6,Saturday,11,KPK,Bannu,Urban Road,Under Repair,Foggy,Daylight,Bus/Coach,3,Over Speeding,0,1,0,0,10,1,High
2023,9,Wednesday,14,Islamabad,Islamabad,Rural Road,Average,Rainy,Daylight,Motorcycle,2,Signal Violation,0,0,0,0,4,2,Medium
2023,8,Wednesday,19,KPK,Abbottabad,Provincial Highway,Average,Clear,Street Light,Motorcycle,1,Signal Violation,1,0,0,0,2,2,Medium
2018,4,Friday,10,Balochistan,Khuzdar,Provincial Highway,Poor,Clear,Dawn/Dusk,Rickshaw,2,Mechanical Failure,0,0,0,0,0,0,Low
2019,3,Sunday,8,Punjab,Multan,Urban Road,Good,Clear,Daylight,Motorcycle,2,Over Speeding,1,1,0,0,5,2,High
2022,7,Tuesday,4,Punjab,Bahawalpur,Provincial Highway,Good,Foggy,Street Light,Motorcycle,3,Pedestrian Error,0,0,1,0,4,0,Medium
2019,9,Tuesday,21,Punjab,Faisalabad,National Highway,Average,Foggy,No Light,Car/Taxi,2,Wrong Overtaking,0,0,0,0,3,0,Medium
2023,12,Sunday,5,Punjab,Sialkot,National Highway,Poor,Rainy,No Light,Motorcycle,1,Over Speeding,0,1,1,1,6,1,High
2023,11,Wednesday,11,KPK,Charsadda,National Highway,Good,Foggy,Daylight,Bus/Coach,2,Signal Violation,0,0,0,1,1,0,Medium
2023,11,Saturday,14,Punjab,Sheikhupura,Urban Road,Average,Rainy,Daylight,Motorcycle,3,Wrong Overtaking,0,1,0,1,2,1,Medium
2022,1,Saturday,20,Punjab,Faisalabad,National Highway,Good,Clear,No Light,Motorcycle,2,Over Speeding,1,1,0,1,5,4,High
2022,9,Saturday,15,KPK,Nowshera,Provincial Highway,Good,Foggy,Daylight,Car/Taxi,3,Over Speeding,0,1,0,0,1,0,Medium
2021,8,Saturday,7,Balochistan,Khuzdar,Urban Road,Average,Clear,Daylight,Bus/Coach,1,Road Condition,1,1,0,0,0,0,Low
2020,5,Monday,20,KPK,Abbottabad,Urban Road,Good,Foggy,No Light,Car/Taxi,2,Road Condition,1,0,0,0,0,0,Low
2023,11,Monday,13,KPK,Kohat,National Highway,Under Repair,Foggy,Street Light,Motorcycle,4,Road Condition,1,0,0,1,3,1,High
2023,7,Wednesday,6,Sindh,Kashmore,National Highway,Average,Clear,Daylight,Car/Taxi,1,Over Speeding,0,0,0,0,1,1,Medium
2023,7,Saturday,10,Balochistan,Chaman,National Highway,Poor,Dusty/Smoggy,Dawn/Dusk,Van/Pickup,2,Driver Fatigue,0,1,0,0,1,0,Medium
2019,9,Thursday,19,Sindh,Mirpur Khas,Provincial Highway,Under Repair,Clear,Dawn/Dusk,Car/Taxi,2,Road Condition,1,0,0,0,1,0,Low
2023,7,Saturday,5,AJK,Muzaffarabad,Provincial Highway,Good,Clear,Dawn/Dusk,Car/Taxi,2,Wrong Overtaking,0,1,1,0,1,0,Low
2019,6,Friday,15,Punjab,Bahawalpur,National Highway,Average,Rainy,Daylight,Motorcycle,1,Driver Fatigue,0,0,0,0,2,2,High
2018,8,Saturday,8,KPK,Swat,National Highway,Poor,Clear,Daylight,Motorcycle,2,Driver Fatigue,1,1,0,0,8,2,High
2018,9,Wednesday,15,Sindh,Jacobabad,Rural Road,Good,Dusty/Smoggy,Dawn/Dusk,Bus/Coach,3,Mechanical Failure,0,0,0,0,1,0,Low
2023,6,Saturday,9,Sindh,Mirpur Khas,Provincial Highway,Good,Clear,No Light,Bus/Coach,1,Over Speeding,1,1,0,0,4,0,Medium
2023,5,Tuesday,6,KPK,Dera Ismail Khan,National Highway,Average,Clear,Daylight,Motorcycle,3,Over Speeding,0,0,0,0,10,1,High
2022,1,Friday,20,Balochistan,Khuzdar,Provincial Highway,Average,Extreme Heat,No Light,Truck/Lorry,2,Over Speeding,1,0,0,1,4,0,Medium
2020,12,Tuesday,8,Balochistan,Hub,Rural Road,Good,Foggy,Daylight,Car/Taxi,3,Drunk Driving,1,0,0,1,2,0,Medium
2022,10,Sunday,10,Punjab,Sheikhupura,Provincial Highway,Poor,Rainy,Daylight,Car/Taxi,2,Over Speeding,0,1,0,0,10,1,High
2020,7,Tuesday,10,Punjab,Sargodha,National Highway,Good,Clear,Daylight,Rickshaw,1,Driver Fatigue,0,0,0,0,10,3,High
2021,6,Friday,12,Punjab,Bahawalpur,Urban Road,Poor,Dusty/Smoggy,Daylight,Motorcycle,4,Over Speeding,1,0,0,0,3,0,Medium
2018,4,Friday,17,Punjab,Sheikhupura,National Highway,Good,Clear,Daylight,Bus/Coach,2,Over Speeding,1,0,0,0,10,0,High
2018,12,Sunday,10,Punjab,Lahore,Urban Road,Poor,Clear,Daylight,Truck/Lorry,4,Signal Violation,0,1,0,1,5,0,Medium
2019,7,Monday,8,KPK,Nowshera,Urban Road,Good,Rainy,Daylight,Motorcycle,1,Drunk Driving,1,0,0,0,2,1,Medium
2023,11,Tuesday,11,Sindh,Kashmore,Provincial Highway,Average,Clear,Dawn/Dusk,Car/Taxi,3,Wrong Overtaking,0,0,0,1,1,0,Medium
2020,1,Monday,7,KPK,Charsadda,National Highway,Poor,Clear,Daylight,Motorcycle,2,Road Condition,1,0,0,1,2,1,Medium
2023,11,Tuesday,18,Sindh,Thatta,Rural Road,Poor,Clear,Daylight,Bus/Coach,3,Drunk Driving,1,0,0,1,5,2,Medium
2020,5,Sunday,13,Sindh,Dadu,Urban Road,Under Repair,Clear,Street Light,Motorcycle,3,Wrong Overtaking,1,1,0,0,2,1,Medium
2023,9,Friday,7,Punjab,Sialkot,National Highway,Average,Foggy,Daylight,Car/Taxi,4,Over Speeding,1,0,0,0,1,1,Medium
2020,7,Saturday,12,KPK,Nowshera,Provincial Highway,Poor,Clear,Dawn/Dusk,Motorcycle,1,Wrong Overtaking,1,1,0,0,4,1,Medium
2021,2,Friday,20,KPK,Charsadda,Provincial Highway,Poor,Clear,Street Light,Car/Taxi,1,Over Speeding,1,0,0,1,2,0,Medium
2021,10,Tuesday,9,Punjab,Sheikhupura,Rural Road,Poor,Clear,Daylight,Motorcycle,1,Wrong Overtaking,1,0,0,0,2,0,Low
2018,12,Sunday,17,Punjab,Faisalabad,Provincial Highway,Poor,Clear,Daylight,Motorcycle,3,Over Speeding,1,1,0,1,7,0,High
2018,5,Sunday,21,Punjab,Multan,National Highway,Under Repair,Dusty/Smoggy,Street Light,Motorcycle,3,Over Speeding,0,1,0,0,10,0,High
2020,2,Wednesday,22,KPK,Swat,National Highway,Poor,Dusty/Smoggy,No Light,Motorcycle,3,Pedestrian Error,0,0,1,1,2,2,High
2023,5,Sunday,21,KPK,Swat,Provincial Highway,Good,Clear,No Light,Motorcycle,4,Driver Fatigue,0,1,0,0,9,3,High
2023,6,Friday,19,Sindh,Karachi,National Highway,Under Repair,Rainy,Dawn/Dusk,Motorcycle,2,Over Speeding,1,0,0,0,8,2,High
2020,3,Wednesday,11,Punjab,Faisalabad,Provincial Highway,Good,Rainy,Dawn/Dusk,Motorcycle,3,Driver Fatigue,0,0,0,0,10,1,High
2022,7,Sunday,14,Punjab,Sheikhupura,Rural Road,Good,Clear,Daylight,Motorcycle,1,Road Condition,0,1,0,0,2,0,Medium
2022,5,Wednesday,19,Punjab,Bahawalpur,National Highway,Average,Clear,Dawn/Dusk,Motorcycle,2,Pedestrian Error,1,0,0,0,2,1,Medium
2023,10,Wednesday,12,Punjab,Rahim Yar Khan,Provincial Highway,Good,Clear,Dawn/Dusk,Motorcycle,2,Wrong Overtaking,1,0,0,0,8,1,High
2019,5,Wednesday,2,Punjab,Lahore,Provincial Highway,Good,Foggy,No Light,Truck/Lorry,2,Over Speeding,0,0,1,0,11,3,High
2023,1,Monday,17,Punjab,Bahawalpur,Provincial Highway,Good,Rainy,Daylight,Bicycle,1,Wrong Overtaking,1,0,0,1,5,2,High