year,month,day_of_week,hour_of_day,province,district,road_type,road_condition,weather_condition,lighting_condition,vehicle_type,vehicles_involved,accident_cause,is_rush_hour,is_weekend,is_night,is_foggy_month,num_injured,num_killed,severity
2022,5,Thursday,15,Sindh,Kashmore,Urban Road,Good,Clear,Daylight,Motorcycle,2,Wrong Overtaking,0,0,0,0,2,0,Low
2019,11,Sunday,18,Punjab,Rawalpindi,Urban Road,Poor,Extreme Heat,Daylight,Car/Taxi,2,Drunk Driving,1,1,0,1,2,0,Low
2021,12,Tuesday,12,Sindh,Larkana,National Highway,Good,Clear,Daylight,Truck/Lorry,2,Road Condition,1,0,0,1,2,0,Medium
2019,6,Friday,21,Sindh,Thatta,National Highway,Good,Clear,Street Light,Rickshaw,4,Over Speeding,0,0,0,0,1,0,Medium
2023,11,Saturday,21,Sindh,Thatta,Provincial Highway,Good,Foggy,Street Light,Motorcycle,1,Mechanical Failure,0,1,0,1,2,0,Medium
2018,8,Monday,18,Sindh,Sukkur,National Highway,Poor,Clear,Daylight,Bus/Coach,1,Over Speeding,1,0,0,0,8,3,High
2018,7,Monday,8,Punjab,Multan,National Highway,Good,Dusty/Smoggy,Daylight,Van/Pickup,2,Signal Violation,1,0,0,0,1,1,Low
2018,1,Monday,10,KPK,Abbottabad,Motorway,Average,Foggy,Daylight,Car/Taxi,2,Drunk Driving,0,0,0,1,11,1,High
2019,6,Wednesday,9,Balochistan,Chaman,Provincial Highway,Average,Clear,Dawn/Dusk,Rickshaw,2,Pedestrian Error,1,0,0,0,1,0,Low
2023,8,Thursday,7,Punjab,Bahawalpur,National Highway,Good,Foggy,Daylight,Car/Taxi,2,Signal Violation,1,0,0,0,5,1,Medium
2021,3,Monday,19,Punjab,Bahawalpur,Urban Road,Good,Clear,Street Light,Bus/Coach,4,Driver Fatigue,1,0,0,0,1,0,Medium
2020,4,Tuesday,12,Balochistan,Quetta,National Highway,Poor,Clear,Daylight,Motorcycle,2,Pedestrian Error,1,0,0,0,5,1,Medium
2023,4,Wednesday,15,Islamabad,Islamabad,Provincial Highway,Average,Clear,Daylight,Car/Taxi,1,Over Speeding,0,0,0,0,0,0,Low
2022,2,Sunday,21,Punjab,Gujranwala,Urban Road,Under Repair,Foggy,Street Light,Motorcycle,2,Wrong Overtaking,0,1,0,1,5,0,Medium
2020,1,Thursday,9,Punjab,Lahore,Provincial Highway,Under Repair,Clear,Street Light,Car/Taxi,2,Over Speeding,1,0,0,1,3,1,Medium
2022,1,Saturday,8,KPK,Bannu,Urban Road,Average,Clear,No Light,Motorcycle,3,Over Speeding,1,1,0,1,4,2,High
2019,7,Sunday,19,Punjab,Sargodha,Rural Road,Under Repair,Clear,Dawn/Dusk,Van/Pickup,2,Over Speeding,1,1,0,0,1,1,Low
2023,8,Saturday,18,Balochistan,Quetta,National Highway,Under Repair,Clear,Daylight,Car/Taxi,1,Mobile Phone Use,1,1,0,0,1,0,Low
2023,7,Thursday,9,Punjab,Sheikhupura,National Highway,Good,Clear,Dawn/Dusk,Truck/Lorry,2,Over Speeding,1,0,0,0,5,1,High
2023,7,Friday,11,Balochistan,Zhob,Provincial Highway,Average,Extreme Heat,Daylight,Car/Taxi,1,Pedestrian Error,0,0,0,0,1,0,Low
2022,2,Thursday,17,Punjab,Sheikhupura,National Highway,Good,Clear,Daylight,Truck/Lorry,2,Pedestrian Error,1,0,0,1,2,1,Medium
2019,12,Wednesday,10,Punjab,Sargodha,Urban Road,Good,Clear,Daylight,Motorcycle,2,Mechanical Failure,0,0,0,1,3,0,Medium
2019,12,Sunday,9,AJK,Rawalakot,Motorway,Average,Clear,Daylight,Truck/Lorry,1,Pedestrian Error,1,1,0,1,1,0,Low
2018,12,Wednesday,11,Punjab,Sargodha,Urban Road,Good,Clear,Street Light,Car/Taxi,2,Over Speeding,0,0,0,1,0,0,Low
2020,7,Wednesday,13,Punjab,Bahawalpur,Urban Road,Poor,Dusty/Smoggy,Daylight,Car/Taxi,1,Wrong Overtaking,1,0,0,0,2,0,Low
2020,2,Friday,21,Balochistan,Quetta,National Highway,Good,Foggy,Street Light,Truck/Lorry,2,Weather Condition,0,0,0,1,3,0,Medium
2023,12,Saturday,21,Punjab,Rahim Yar Khan,Urban Road,Poor,Clear,No Light,Motorcycle,4,Driver Fatigue,0,1,0,1,5,0,Medium
2023,7,Monday,15,Punjab,Multan,Urban Road,Average,Extreme Heat,Daylight,Motorcycle,1,Driver Fatigue,0,0,0,0,6,2,High
2021,4,Saturday,9,Punjab,Sargodha,Rural Road,Good,Clear,Daylight,Motorcycle,3,Mechanical Failure,1,1,0,0,0,0,Low
2020,12,Friday,9,Sindh,Dadu,Urban Road,Under Repair,Clear,Daylight,Motorcycle,2,Road Condition,1,0,0,1,2,2,Medium
2020,3,Sunday,16,KPK,Mardan,Urban Road,Average,Clear,Daylight,Motorcycle,1,Over Speeding,0,1,0,0,5,2,Medium
2023,2,Tuesday,10,Balochistan,Zhob,National Highway,Average,Dusty/Smoggy,Daylight,Motorcycle,2,Signal Violation,0,0,0,1,5,1,High
2023,7,Wednesday,8,Sindh,Hyderabad,Urban Road,Good,Clear,No Light,Truck/Lorry,2,Wrong Overtaking,1,0,0,0,2,0,Low
2018,3,Sunday,15,Punjab,Multan,Rural Road,Average,Clear,Daylight,Truck/Lorry,2,Over Speeding,0,1,0,0,1,0,Medium
2022,12,Monday,7,Punjab,Sargodha,National Highway,Good,Foggy,Daylight,Van/Pickup,1,Over Speeding,1,0,0,1,1,2,Medium
2020,6,Friday,19,Balochistan,Turbat,National Highway,Under Repair,Clear,No Light,Truck/Lorry,1,Wrong Overtaking,1,0,0,0,5,2,Medium
2019,8,Saturday,0,KPK,Bannu,Provincial Highway,Poor,Foggy,Street Light,Bus/Coach,3,Over Speeding,0,1,1,0,10,1,High
2023,2,Thursday,13,Balochistan,Zhob,National Highway,Poor,Clear,Daylight,Car/Taxi,2,Road Condition,1,0,0,1,3,0,Medium
2021,7,Monday,19,Islamabad,Islamabad,National Highway,Under Repair,Dusty/Smoggy,Dawn/Dusk,Car/Taxi,2,Over Speeding,1,0,0,0,5,2,Medium
2019,11,Wednesday,22,Punjab,Bahawalpur,Provincial Highway,Average,Clear,Street Light,Car/Taxi,2,Over Speeding,0,0,1,1,2,1,Medium
2020,1,Saturday,20,Sindh,Dadu,Rural Road,Poor,Clear,No Light,Truck/Lorry,3,Road Condition,1,1,0,1,2,0,Low
2019,9,Monday,13,Sindh,Dadu,Rural Road,Average,Clear,Dawn/Dusk,Rickshaw,1,Signal Violation,1,0,0,0,2,0,Low
2021,9,Tuesday,9,Punjab,Rawalpindi,Rural Road,Average,Clear,Daylight,Motorcycle,3,Over Speeding,1,0,0,0,3,0,Medium
2018,9,Wednesday,21,Punjab,Sheikhupura,Rural Road,Poor,Clear,No Light,Truck/Lorry,2,Pedestrian Error,0,0,0,0,0,1,Low
2021,6,Sunday,20,Balochistan,Gwadar,Rural Road,Good,Rainy,No Light,Car/Taxi,2,Over Speeding,1,1,0,0,3,1,Medium
2021,7,Sunday,18,Sindh,Thatta,National Highway,Good,Clear,No Light,Car/Taxi,4,Mechanical Failure,1,1,0,0,1,0,Low
2023,5,Tuesday,10,Sindh,Nawabshah,National Highway,Good,Clear,Daylight,Car/Taxi,4,Road Condition,0,0,0,0,5,0,Medium
2022,2,Tuesday,16,Sindh,Karachi,National Highway,Good,Rainy,Street Light,Car/Taxi,3,Signal Violation,0,0,0,1,1,0,Medium
2022,11,Saturday,11,KPK,Charsadda,Provincial Highway,Poor,Rainy,Daylight,Van/Pickup,1,Wrong Overtaking,0,1,0,1,5,1,Medium
2021,4,Tuesday,17,Punjab,Multan,Rural Road,Poor,Foggy,Dawn/Dusk,Motorcycle,4,Over Speeding,1,0,0,0,11,1,High
2019,12,Sunday,18,Sindh,Kashmore,Provincial Highway,Good,Clear,Daylight,Motorcycle,2,Mobile Phone Use,1,1,0,1,5,2,Medium
2022,12,Monday,10,Sindh,Karachi,Rural Road,Good,Clear,Daylight,Motorcycle,2,Drunk Driving,0,0,0,1,2,0,Medium
2019,8,Monday,19,Balochistan,Gwadar,National Highway,Good,Clear,Street Light,Motorcycle,3,Signal Violation,1,0,0,0,8,1,High
2022,8,Wednesday,19,Sindh,Sukkur,Rural Road,Average,Foggy,Dawn/Dusk,Other,4,Mechanical Failure,1,0,0,0,1,0,Low
2021,12,Saturday,23,Islamabad,Islamabad,Rural Road,Good,Clear,No Light,Rickshaw,2,Wrong Overtaking,0,1,1,1,0,0,Low
2022,2,Tuesday,10,Punjab,Faisalabad,Urban Road,Good,Clear,Daylight,Car/Taxi,2,Over Speeding,0,0,0,1,1,0,Low
2020,9,Wednesday,18,Islamabad,Islamabad,National Highway,Poor,Foggy,Daylight,Motorcycle,2,Drunk Driving,1,0,0,0,11,1,High
2020,12,Sunday,2,Balochistan,Dera Bugti,Rural Road,Poor,Clear,Street Light,Motorcycle,2,Driver Fatigue,0,1,1,1,10,2,High
2019,8,Tuesday,0,Sindh,Thatta,National Highway,Poor,Clear,No Light,Car/Taxi,3,Over Speeding,0,0,1,0,2,1,High
2022,6,Sunday,7,Punjab,Rahim Yar Khan,Rural Road,Good,Clear,Daylight,Motorcycle,2,Wrong Overtaking,1,1,0,0,2,1,Medium
2022,11,Saturday,12,Punjab,Sialkot,Rural Road,Good,Clear,Daylight,Car/Taxi,1,Signal Violation,1,1,0,1,2,0,Low
2018,12,Sunday,11,KPK,Charsadda,Rural Road,Poor,Foggy,Daylight,Motorcycle,2,Wrong Overtaking,0,1,0,1,3,0,Medium
2022,12,Friday,11,Sindh,Thatta,Rural Road,Good,Clear,Dawn/Dusk,Rickshaw,3,Over Speeding,0,0,0,1,2,0,Low
2018,5,Friday,17,Punjab,Gujranwala,Provincial Highway,Good,Clear,Daylight,Car/Taxi,2,Pedestrian Error,1,0,0,0,2,0,Low
2022,3,Tuesday,17,Sindh,Hyderabad,Urban Road,Average,Rainy,Daylight,Car/Taxi,2,Over Speeding,1,0,0,0,2,2,Medium
2019,9,Monday,16,KPK,Kohat,National Highway,Good,Rainy,Daylight,Rickshaw,1,Pedestrian Error,0,0,0,0,4,0,Medium
2020,7,Wednesday,23,Punjab,Sialkot,National Highway,Poor,Extreme Heat,No Light,Motorcycle,2,Road Condition,0,0,1,0,5,1,High
2020,5,Thursday,7,Punjab,Bahawalpur,Rural Road,Poor,Clear,Daylight,Bicycle,2,Over Speeding,1,0,0,0,2,2,Medium
2020,12,Wednesday,0,Punjab,Rahim Yar Khan,National Highway,Good,Clear,No Light,Rickshaw,1,Mobile Phone Use,0,0,1,1,3,0,Medium
2023,8,Thursday,13,Punjab,Faisalabad,Rural Road,Good,Rainy,Street Light,Car/Taxi,3,Driver Fatigue,1,0,0,0,0,0,Low
2023,9,Monday,4,Sindh,Jacobabad,Provincial Highway,Average,Clear,Street Light,Motorcycle,4,Road Condition,0,0,1,0,4,2,Medium
2021,2,Tuesday,8,KPK,Bannu,Rural Road,Under Repair,Foggy,Daylight,Motorcycle,1,Drunk Driving,1,0,0,1,5,1,Medium
2023,6,Monday,13,Punjab,Rahim Yar Khan,National Highway,Good,Clear,Daylight,Motorcycle,2,Mobile Phone Use,1,0,0,0,5,0,Medium
2023,7,Sunday,23,Punjab,Sheikhupura,National Highway,Average,Clear,No Light,Motorcycle,1,Road Condition,0,1,1,0,5,3,High
2021,2,Friday,23,Sindh,Kashmore,Urban Road,Average,Foggy,Street Light,Car/Taxi,4,Signal Violation,0,0,1,1,2,0,Medium
2020,6,Friday,17,Gilgit-Baltistan,Skardu,National Highway,Average,Foggy,Daylight,Motorcycle,2,Over Speeding,1,0,0,0,8,0,High
2021,1,Friday,8,Punjab,Sialkot,Provincial Highway,Under Repair,Foggy,Daylight,Car/Taxi,1,Driver Fatigue,1,0,0,1,2,0,Medium
2019,10,Monday,9,Islamabad,Islamabad,National Highway,Average,Dusty/Smoggy,Daylight,Motorcycle,1,Drunk Driving,1,0,0,0,11,0,High
2022,8,Friday,16,Punjab,Sialkot,National Highway,Poor,Clear,Street Light,Motorcycle,1,Over Speeding,0,0,0,0,3,3,High
2020,8,Wednesday,11,Punjab,Sargodha,Rural Road,Good,Clear,Street Light,Truck/Lorry,1,Signal Violation,0,0,0,0,5,0,Medium
2022,8,Thursday,7,KPK,Dera Ismail Khan,Rural Road,Poor,Foggy,Daylight,Motorcycle,1,Over Speeding,1,0,0,0,10,0,High
2021,11,Thursday,10,Sindh,Jacobabad,Provincial Highway,Poor,Clear,Daylight,Van/Pickup,2,Road Condition,0,0,0,1,2,0,Low
2019,7,Tuesday,13,KPK,Dera Ismail Khan,Rural Road,Under Repair,Clear,Daylight,Bus/Coach,2,Wrong Overtaking,1,0,0,0,0,0,Low
2021,9,Friday,0,Balochistan,Turbat,National Highway,Poor,Clear,No Light,Bus/Coach,4,Drunk Driving,0,0,1,0,8,0,High
2023,4,Saturday,8,Punjab,Gujranwala,Rural Road,Under Repair,Dusty/Smoggy,Daylight,Truck/Lorry,3,Over Speeding,1,1,0,0,1,0,Medium
2023,10,Thursday,20,KPK,Peshawar,Motorway,Average,Clear,No Light,Truck/Lorry,2,Pedestrian Error,1,0,0,0,3,2,Medium
2023,10,Monday,17,Sindh,Hyderabad,Urban Road,Good,Clear,Daylight,Motorcycle,1,Pedestrian Error,1,0,0,0,1,0,Low
2018,1,Friday,12,Balochistan,Zhob,Urban Road,Average,Clear,Daylight,Van/Pickup,2,Drunk Driving,1,0,0,1,0,0,Low
2023,11,Wednesday,18,Sindh,Mirpur Khas,Rural Road,Good,Clear,Daylight,Car/Taxi,3,Over Speeding,1,0,0,1,2,1,Low
2021,2,Tuesday,20,Punjab,Bahawalpur,Provincial Highway,Average,Rainy,No Light,Car/Taxi,1,Road Condition,1,0,0,1,2,0,Low
2023,10,Saturday,20,Sindh,Karachi,National Highway,Average,Clear,Street Light,Motorcycle,3,Over Speeding,1,1,0,0,2,4,High
2019,12,Sunday,20,Islamabad,Islamabad,Provincial Highway,Good,Foggy,Street Light,Truck/Lorry,2,Pedestrian Error,1,1,0,1,2,0,Medium
2018,11,Saturday,12,Punjab,Sheikhupura,National Highway,Good,Clear,Daylight,Bus/Coach,1,Pedestrian Error,1,1,0,1,4,0,Medium
2020,8,Sunday,12,Punjab,Multan,Urban Road,Average,Clear,Daylight,Car/Taxi,1,Over Speeding,1,1,0,0,1,1,Medium
2020,12,Sunday,11,Punjab,Lahore,Rural Road,Poor,Rainy,Daylight,Motorcycle,2,Over Speeding,0,1,0,1,3,2,Medium
2020,6,Tuesday,15,KPK,Kohat,Rural Road,Good,Clear,Street Light,Car/Taxi,1,Pedestrian Error,0,0,0,0,0,0,Low
2021,8,Friday,10,Punjab,Rahim Yar Khan,Rural Road,Good,Clear,Dawn/Dusk,Motorcycle,1,Driver Fatigue,0,0,0,0,2,2,Medium
2023,7,Monday,10,Punjab,Sheikhupura,Provincial Highway,Average,Foggy,Daylight,Car/Taxi,3,Over Speeding,0,0,0,0,3,0,High
2020,1,Tuesday,5,Sindh,Jacobabad,Urban Road,Good,Clear,Daylight,Motorcycle,2,Wrong Overtaking,0,0,1,1,1,0,Medium
2022,5,Saturday,12,Punjab,Rawalpindi,Provincial Highway,Good,Extreme Heat,Street Light,Car/Taxi,1,Signal Violation,1,1,0,0,2,1,Low
2022,8,Monday,18,Punjab,Bahawalpur,National Highway,Good,Rainy,Daylight,Rickshaw,3,Driver Fatigue,1,0,0,0,1,0,Medium
2020,8,Friday,7,Punjab,Faisalabad,Provincial Highway,Good,Clear,Daylight,Car/Taxi,2,Road Condition,1,0,0,0,1,0,Low
2021,12,Sunday,19,Punjab,Multan,Rural Road,Poor,Rainy,Dawn/Dusk,Bus/Coach,1,Road Condition,1,1,0,1,1,0,Low
2022,7,Monday,1,Punjab,Sargodha,Provincial Highway,Average,Rainy,No Light,Motorcycle,2,Over Speeding,0,0,1,0,10,0,High
2023,6,Thursday,18,Punjab,Multan,Urban Road,Average,Foggy,Street Light,Motorcycle,3,Over Speeding,1,0,0,0,3,0,Medium
2021,1,Sunday,12,Punjab,Sheikhupura,Rural Road,Poor,Clear,Street Light,Car/Taxi,3,Road Condition,1,1,0,1,0,0,Low
2023,7,Saturday,10,KPK,Abbottabad,National Highway,Under Repair,Clear,Daylight,Van/Pickup,2,Mechanical Failure,0,1,0,0,1,0,Low
2021,12,Tuesday,21,Punjab,Lahore,Provincial Highway,Poor,Clear,No Light,Car/Taxi,1,Road Condition,0,0,0,1,2,0,Low
2018,2,Monday,17,Sindh,Kashmore,Motorway,Under Repair,Clear,Daylight,Car/Taxi,3,Road Condition,1,0,0,1,3,0,Medium
2021,5,Wednesday,17,Punjab,Faisalabad,National Highway,Good,Rainy,Daylight,Motorcycle,2,Over Speeding,1,0,0,0,2,1,High
2018,4,Friday,8,Punjab,Sheikhupura,Motorway,Average,Clear,Daylight,Bus/Coach,1,Mechanical Failure,1,0,0,0,3,1,Medium
2019,7,Thursday,8,Balochistan,Hub,Rural Road,Poor,Clear,Daylight,Car/Taxi,3,Road Condition,1,0,0,0,2,0,Low
2020,3,Friday,15,Punjab,Gujranwala,National Highway,Poor,Clear,Street Light,Rickshaw,2,Drunk Driving,0,0,0,0,1,1,Medium
2020,8,Friday,11,Punjab,Gujranwala,Provincial Highway,Good,Rainy,Daylight,Motorcycle,2,Road Condition,0,0,0,0,2,1,Medium
2019,12,Sunday,2,Balochistan,Dera Bugti,Rural Road,Poor,Foggy,Street Light,Truck/Lorry,2,Pedestrian Error,0,1,1,1,5,0,Medium
2020,8,Saturday,21,KPK,Peshawar,Rural Road,Under Repair,Dusty/Smoggy,No Light,Van/Pickup,1,Mechanical Failure,0,1,0,0,1,0,Low
2019,10,Saturday,12,KPK,Abbottabad,Rural Road,Average,Dusty/Smoggy,Daylight,Motorcycle,3,Mobile Phone Use,1,1,0,0,1,0,Low
2020,8,Monday,13,KPK,Abbottabad,Urban Road,Good,Clear,Daylight,Car/Taxi,1,Signal Violation,1,0,0,0,1,0,Low
2020,1,Sunday,20,Punjab,Faisalabad,National Highway,Average,Foggy,No Light,Motorcycle,2,Over Speeding,1,1,0,1,10,3,High
2022,12,Tuesday,20,Islamabad,Islamabad,Urban Road,Good,Clear,No Light,Bicycle,2,Driver Fatigue,1,0,0,1,5,0,High
2019,9,Thursday,18,Balochistan,Loralai,Provincial Highway,Poor,Foggy,Daylight,Rickshaw,2,Over Speeding,1,0,0,0,5,0,Medium
2019,6,Sunday,20,Punjab,Gujranwala,National Highway,Average,Clear,Street Light,Motorcycle,2,Pedestrian Error,1,1,0,0,5,1,Medium
2019,11,Saturday,10,KPK,Peshawar,Provincial Highway,Poor,Extreme Heat,Daylight,Motorcycle,2,Over Speeding,0,1,0,1,11,1,High
2022,11,Sunday,5,Punjab,Lahore,Rural Road,Average,Clear,Dawn/Dusk,Car/Taxi,2,Mechanical Failure,0,1,1,1,1,0,Low
2023,12,Sunday,20,KPK,Swat,National Highway,Good,Extreme Heat,No Light,Car/Taxi,2,Over Speeding,1,1,0,1,5,0,High
2018,10,Sunday,13,Punjab,Bahawalpur,Provincial Highway,Poor,Extreme Heat,Street Light,Motorcycle,2,Over Speeding,1,1,0,0,8,2,High
2022,12,Tuesday,19,Sindh,Dadu,Provincial Highway,Average,Foggy,Daylight,Truck/Lorry,1,Wrong Overtaking,1,0,0,1,2,3,High
2023,1,Thursday,23,Punjab,Rawalpindi,National Highway,Good,Foggy,No Light,Motorcycle,2,Pedestrian Error,0,0,1,1,4,1,High
2021,7,Tuesday,5,Sindh,Thatta,National Highway,Good,Rainy,No Light,Motorcycle,2,Signal Violation,0,0,1,0,6,1,High
2021,12,Monday,7,Punjab,Bahawalpur,National Highway,Good,Clear,Daylight,Bus/Coach,2,Over Speeding,1,0,0,1,5,0,High
2018,10,Tuesday,13,Sindh,Jacobabad,Urban Road,Good,Rainy,Street Light,Motorcycle,2,Wrong Overtaking,1,0,0,0,1,1,Medium
2023,12,Monday,7,KPK,Peshawar,Provincial Highway,Average,Clear,Daylight,Van/Pickup,1,Wrong Overtaking,1,0,0,1,2,0,Low
2023,4,Saturday,9,Balochistan,Loralai,Motorway,Poor,Extreme Heat,Daylight,Bicycle,3,Road Condition,1,1,0,0,1,0,Medium
2022,1,Sunday,14,Punjab,Multan,National Highway,Average,Clear,Daylight,Motorcycle,2,Over Speeding,0,1,0,1,10,1,High
2021,11,Tuesday,22,Balochistan,Quetta,National Highway,Poor,Foggy,No Light,Van/Pickup,1,Driver Fatigue,0,0,1,1,10,2,High
2020,6,Saturday,14,Punjab,Bahawalpur,Motorway,Average,Clear,Daylight,Bus/Coach,4,Drunk Driving,0,1,0,0,3,0,Medium
2021,6,Friday,16,Balochistan,Khuzdar,Urban Road,Average,Rainy,Daylight,Car/Taxi,2,Wrong Overtaking,0,0,0,0,2,0,Low
2021,9,Friday,9,Sindh,Kashmore,National Highway,Average,Clear,Street Light,Motorcycle,2,Driver Fatigue,1,0,0,0,3,0,High
2021,3,Thursday,5,Balochistan,Gwadar,Rural Road,Good,Clear,Dawn/Dusk,Bus/Coach,1,Wrong Overtaking,0,0,1,0,2,0,Medium
2022,6,Tuesday,19,KPK,Peshawar,Provincial Highway,Average,Clear,Dawn/Dusk,Motorcycle,2,Driver Fatigue,1,0,0,0,9,2,High
2023,3,Sunday,3,Sindh,Thatta,Urban Road,Average,Clear,Street Light,Bus/Coach,1,Signal Violation,0,1,1,0,2,0,Low
2022,4,Friday,17,Punjab,Bahawalpur,Provincial Highway,Good,Clear,Daylight,Bicycle,1,Wrong Overtaking,1,0,0,0,3,0,High
2020,1,Sunday,18,Islamabad,Islamabad,Urban Road,Good,Clear,No Light,Motorcycle,2,Road Condition,1,1,0,1,5,1,Medium
2023,6,Friday,3,KPK,Nowshera,Urban Road,Average,Clear,No Light,Rickshaw,1,Road Condition,0,0,1,0,1,0,Low
2018,4,Friday,19,Punjab,Rawalpindi,National Highway,Under Repair,Clear,Dawn/Dusk,Car/Taxi,1,Over Speeding,1,0,0,0,8,3,High
2018,8,Friday,10,Punjab,Faisalabad,National Highway,Poor,Clear,Daylight,Truck/Lorry,2,Over Speeding,0,0,0,0,7,0,High
2019,2,Saturday,23,KPK,Swat,Urban Road,Poor,Foggy,Street Light,Car/Taxi,1,Over Speeding,0,1,1,1,2,2,High
2021,4,Thursday,20,AJK,Mirpur,National Highway,Good,Clear,No Light,Car/Taxi,2,Wrong Overtaking,1,0,0,0,3,1,Medium
2022,1,Thursday,19,Punjab,Lahore,National Highway,Good,Dusty/Smoggy,No Light,Motorcycle,1,Wrong Overtaking,1,0,0,1,4,0,High
2022,7,Saturday,8,Balochistan,Sibi,Rural Road,Average,Foggy,Daylight,Car/Taxi,1,Signal Violation,1,1,0,0,3,0,Medium
2023,3,Saturday,8,Punjab,Gujranwala,Rural Road,Average,Clear,Daylight,Truck/Lorry,1,Over Speeding,1,1,0,0,1,0,Medium
2022,7,Sunday,21,Islamabad,Islamabad,Rural Road,Poor,Clear,No Light,Bus/Coach,3,Driver Fatigue,0,1,0,0,2,0,Low
2019,2,Monday,8,KPK,Abbottabad,National Highway,Good,Clear,Daylight,Car/Taxi,4,Pedestrian Error,1,0,0,1,2,0,Low
2021,1,Sunday,15,Punjab,Rawalpindi,Provincial Highway,Under Repair,Clear,No Light,Car/Taxi,2,Signal Violation,0,1,0,1,2,1,Medium
2018,2,Saturday,12,Punjab,Sheikhupura,Rural Road,Under Repair,Clear,Daylight,Motorcycle,2,Signal Violation,1,1,0,1,2,2,Medium
2022,9,Thursday,2,Sindh,Karachi,National Highway,Poor,Clear,No Light,Bus/Coach,3,Pedestrian Error,0,0,1,0,2,1,Medium
2020,5,Monday,16,Sindh,Karachi,Rural Road,Good,Foggy,Daylight,Truck/Lorry,3,Pedestrian Error,0,0,0,0,2,0,Low
2019,12,Friday,17,Balochistan,Khuzdar,National Highway,Poor,Rainy,Daylight,Car/Taxi,1,Over Speeding,1,0,0,1,11,2,High
2023,9,Sunday,23,KPK,Kohat,Urban Road,Good,Dusty/Smoggy,Street Light,Van/Pickup,1,Over Speeding,0,1,1,0,4,1,Medium
2018,9,Saturday,17,Sindh,Karachi,National Highway,Poor,Clear,Daylight,Car/Taxi,2,Drunk Driving,1,1,0,0,3,0,Medium
2019,12,Wednesday,6,Islamabad,Islamabad,Provincial Highway,Good,Clear,Daylight,Motorcycle,1,Wrong Overtaking,0,0,0,1,5,0,Medium
2019,8,Tuesday,12,Sindh,Mirpur Khas,Motorway,Poor,Dusty/Smoggy,Daylight,Motorcycle,2,Pedestrian Error,1,0,0,0,2,0,Medium
2018,12,Thursday,18,Balochistan,Hub,Urban Road,Average,Clear,Daylight,Rickshaw,1,Mechanical Failure,1,0,0,1,0,0,Low
2019,1,Tuesday,12,Balochistan,Zhob,Rural Road,Average,Foggy,Daylight,Motorcycle,3,Wrong Overtaking,1,0,0,1,1,2,Medium
2020,12,Tuesday,9,Balochistan,Chaman,Provincial Highway,Good,Clear,Daylight,Car/Taxi,2,Signal Violation,1,0,0,1,0,1,Low
2023,4,Thursday,14,Punjab,Lahore,Rural Road,Average,Clear,Daylight,Motorcycle,3,Wrong Overtaking,0,0,0,0,2,0,Medium
2023,11,Sunday,6,Sindh,Dadu,Provincial Highway,Good,Foggy,Daylight,Car/Taxi,2,Road Condition,0,1,0,1,0,0,Low
2021,2,Tuesday,20,Sindh,Dadu,Provincial Highway,Good,Foggy,No Light,Motorcycle,3,Signal Violation,1,0,0,1,8,1,High
2018,8,Sunday,19,Sindh,Karachi,Rural Road,Poor,Clear,Dawn/Dusk,Motorcycle,2,Over Speeding,1,1,0,0,2,0,Medium
2018,6,Sunday,20,Sindh,Nawabshah,Urban Road,Good,Clear,No Light,Motorcycle,1,Road Condition,1,1,0,0,4,0,Medium
2019,11,Friday,11,KPK,Dera Ismail Khan,Motorway,Average,Extreme Heat,Daylight,Motorcycle,3,Signal Violation,0,0,0,1,7,3,High
2023,10,Monday,20,Punjab,Sialkot,Provincial Highway,Poor,Foggy,No Light,Car/Taxi,3,Road Condition,1,0,0,0,2,0,Low
2019,2,Friday,11,Sindh,Thatta,Motorway,Poor,Foggy,Daylight,Motorcycle,1,Drunk Driving,0,0,0,1,5,1,High
2021,11,Sunday,2,Punjab,Bahawalpur,National Highway,Poor,Extreme Heat,Street Light,Bicycle,1,Road Condition,0,1,1,1,7,1,High
2023,9,Thursday,11,Punjab,Faisalabad,Urban Road,Under Repair,Foggy,Street Light,Motorcycle,1,Signal Violation,0,0,0,0,4,1,Medium
2020,4,Tuesday,11,KPK,Bannu,Provincial Highway,Good,Dusty/Smoggy,Dawn/Dusk,Rickshaw,2,Over Speeding,0,0,0,0,1,0,Low
2020,8,Friday,21,Punjab,Rahim Yar Khan,National Highway,Good,Clear,Street Light,Rickshaw,1,Signal Violation,0,0,0,0,2,0,Medium
2018,4,Tuesday,23,Punjab,Lahore,National Highway,Poor,Foggy,Street Light,Rickshaw,4,Driver Fatigue,0,0,1,0,4,1,High
2018,2,Sunday,20,Sindh,Mirpur Khas,Provincial Highway,Poor,Extreme Heat,No Light,Truck/Lorry,2,Driver Fatigue,1,1,0,1,4,0,Medium
2020,11,Tuesday,21,Punjab,Rahim Yar Khan,Provincial Highway,Good,Clear,Street Light,Motorcycle,1,Wrong Overtaking,0,0,0,1,1,1,Medium
2022,4,Wednesday,3,Punjab,Faisalabad,Provincial Highway,Under Repair,Clear,No Light,Motorcycle,2,Wrong Overtaking,0,0,1,0,5,0,High
2018,10,Thursday,8,Balochistan,Dera Bugti,Rural Road,Good,Clear,Daylight,Motorcycle,1,Signal Violation,1,0,0,0,4,2,Medium
2020,11,Sunday,9,Balochistan,Quetta,Provincial Highway,Poor,Rainy,Daylight,Car/Taxi,2,Over Speeding,1,1,0,1,6,0,High