year,month,day_of_week,hour_of_day,province,district,road_type,road_condition,weather_condition,lighting_condition,vehicle_type,vehicles_involved,accident_cause,is_rush_hour,is_weekend,is_night,is_foggy_month,num_injured,num_killed,severity
2018,4,Friday,16,Punjab,Sargodha,Provincial Highway,Average,Clear,Street Light,Van/Pickup,3,Mobile Phone Use,0,0,0,0,2,0,Low
2019,4,Friday,13,Punjab,Sheikhupura,Urban Road,Poor,Clear,No Light,Car/Taxi,2,Signal Violation,1,0,0,0,2,0,Low
2018,12,Monday,14,Islamabad,Islamabad,Provincial Highway,Good,Clear,Daylight,Motorcycle,3,Road Condition,0,0,0,1,2,0,Low
2020,11,Saturday,17,Punjab,Faisalabad,Rural Road,Good,Clear,Street Light,Car/Taxi,1,Over Speeding,1,1,0,1,0,0,Low
2018,2,Tuesday,9,Sindh,Thatta,Urban Road,Good,Clear,Daylight,Motorcycle,2,Mechanical Failure,1,0,0,1,0,0,Low
2021,5,Wednesday,20,Sindh,Mirpur Khas,Provincial Highway,Good,Clear,Street Light,Rickshaw,1,Wrong Overtaking,1,0,0,0,1,0,Low
2019,5,Saturday,5,KPK,Mansehra,Motorway,Average,Clear,No Light,Bus/Coach,1,Road Condition,0,1,1,0,4,1,High
2019,8,Tuesday,12,Islamabad,Islamabad,Rural Road,Average,Clear,Daylight,Motorcycle,4,Wrong Overtaking,1,0,0,0,5,0,Medium
2023,3,Friday,13,Punjab,Rahim Yar Khan,National Highway,Good,Clear,Street Light,Bus/Coach,2,Driver Fatigue,1,0,0,0,4,0,Medium
2018,12,Monday,18,Sindh,Jacobabad,Provincial Highway,Good,Clear,Dawn/Dusk,Motorcycle,1,Wrong Overtaking,1,0,0,1,3,0,Medium
2021,10,Sunday,14,KPK,Swat,National Highway,Good,Clear,Daylight,Motorcycle,3,Over Speeding,0,1,0,0,4,1,High
2020,12,Sunday,5,Islamabad,Islamabad,Urban Road,Average,Clear,Dawn/Dusk,Motorcycle,3,Wrong Overtaking,0,1,1,1,1,0,Medium
2022,11,Friday,21,Balochistan,Khuzdar,National Highway,Good,Foggy,Street Light,Motorcycle,2,Signal Violation,0,0,0,1,4,2,High
2019,11,Thursday,19,KPK,Mardan,National Highway,Good,Clear,Dawn/Dusk,Motorcycle,2,Over Speeding,1,0,0,1,9,0,High
2023,12,Thursday,17,Balochistan,Quetta,Provincial Highway,Average,Rainy,No Light,Car/Taxi,2,Driver Fatigue,1,0,0,1,1,0,Medium
2023,5,Friday,20,Punjab,Multan,National Highway,Under Repair,Clear,No Light,Truck/Lorry,3,Wrong Overtaking,1,0,0,0,3,1,High
2020,1,Tuesday,6,Punjab,Sialkot,Motorway,Poor,Rainy,Daylight,Bus/Coach,4,Driver Fatigue,0,0,0,1,6,3,High
2020,8,Wednesday,14,Punjab,Rawalpindi,Rural Road,Good,Clear,Daylight,Rickshaw,3,Pedestrian Error,0,0,0,0,1,0,Low
2020,5,Saturday,15,Punjab,Rawalpindi,Rural Road,Good,Clear,Dawn/Dusk,Motorcycle,1,Signal Violation,0,1,0,0,3,0,Medium
2022,4,Thursday,17,Sindh,Kashmore,Urban Road,Good,Clear,Daylight,Rickshaw,2,Driver Fatigue,1,0,0,0,0,1,Low
2020,12,Thursday,17,Balochistan,Chaman,Urban Road,Average,Dusty/Smoggy,Daylight,Rickshaw,2,Road Condition,1,0,0,1,1,1,Low
2020,12,Thursday,14,Sindh,Mirpur Khas,Rural Road,Poor,Clear,Daylight,Motorcycle,1,Over Speeding,0,0,0,1,7,1,High
2018,6,Saturday,9,KPK,Mardan,National Highway,Good,Clear,Daylight,Bus/Coach,1,Pedestrian Error,1,1,0,0,4,0,Medium
2022,10,Thursday,9,Punjab,Rahim Yar Khan,National Highway,Poor,Rainy,Daylight,Car/Taxi,3,Driver Fatigue,1,0,0,0,4,1,High
2023,2,Tuesday,17,KPK,Bannu,Provincial Highway,Good,Dusty/Smoggy,Street Light,Car/Taxi,1,Pedestrian Error,1,0,0,1,0,0,Low
2020,11,Friday,21,Sindh,Karachi,National Highway,Good,Rainy,Street Light,Motorcycle,2,Over Speeding,0,0,0,1,6,3,High
2022,12,Saturday,23,Sindh,Nawabshah,Rural Road,Good,Clear,No Light,Bus/Coach,1,Driver Fatigue,0,1,1,1,1,0,Medium
2021,3,Wednesday,7,Punjab,Gujranwala,National Highway,Average,Clear,Dawn/Dusk,Motorcycle,4,Road Condition,1,0,0,0,5,0,Medium
2021,1,Friday,17,Sindh,Sukkur,Provincial Highway,Average,Rainy,Street Light,Motorcycle,2,Over Speeding,1,0,0,1,5,1,High
2023,2,Thursday,20,Sindh,Karachi,Rural Road,Poor,Foggy,Street Light,Motorcycle,3,Signal Violation,1,0,0,1,5,0,Medium
2023,12,Monday,18,Sindh,Karachi,Rural Road,Good,Foggy,Street Light,Van/Pickup,4,Over Speeding,1,0,0,1,5,0,Medium
2019,6,Wednesday,11,Punjab,Gujranwala,National Highway,Poor,Clear,Daylight,Motorcycle,3,Signal Violation,0,0,0,0,3,2,High
2019,2,Monday,20,Punjab,Sargodha,Rural Road,Good,Clear,No Light,Car/Taxi,2,Wrong Overtaking,1,0,0,1,0,0,Low
2019,3,Tuesday,21,Punjab,Bahawalpur,National Highway,Good,Clear,No Light,Bus/Coach,3,Over Speeding,0,0,0,0,3,0,Medium
2021,1,Wednesday,18,KPK,Abbottabad,Urban Road,Good,Foggy,Daylight,Car/Taxi,2,Signal Violation,1,0,0,1,3,0,Medium
2023,3,Wednesday,15,KPK,Nowshera,Rural Road,Average,Clear,Daylight,Motorcycle,3,Over Speeding,0,0,0,0,4,1,Medium
2023,6,Sunday,18,Balochistan,Chaman,National Highway,Average,Clear,Daylight,Motorcycle,2,Mechanical Failure,1,1,0,0,6,1,High
2019,5,Friday,12,Sindh,Sukkur,Urban Road,Under Repair,Rainy,Daylight,Truck/Lorry,1,Wrong Overtaking,1,0,0,0,5,1,Medium
2022,6,Saturday,19,Punjab,Rahim Yar Khan,Rural Road,Average,Rainy,Street Light,Bus/Coach,2,Driver Fatigue,1,1,0,0,7,2,High
2023,2,Tuesday,22,KPK,Charsadda,Rural Road,Average,Dusty/Smoggy,No Light,Truck/Lorry,2,Drunk Driving,0,0,1,1,2,2,High
2023,5,Saturday,23,Sindh,Mirpur Khas,National Highway,Good,Clear,No Light,Car/Taxi,1,Over Speeding,0,1,1,0,2,0,High
2019,6,Tuesday,19,Punjab,Gujranwala,Rural Road,Average,Clear,Street Light,Car/Taxi,2,Signal Violation,1,0,0,0,0,0,Low
2020,10,Thursday,16,KPK,Charsadda,Urban Road,Good,Clear,Daylight,Motorcycle,1,Over Speeding,0,0,0,0,1,1,Medium
2023,9,Sunday,15,Punjab,Sialkot,National Highway,Good,Clear,Daylight,Motorcycle,1,Over Speeding,0,1,0,0,4,1,High
2022,7,Sunday,14,Punjab,Sialkot,Provincial Highway,Average,Rainy,Daylight,Motorcycle,2,Mobile Phone Use,0,1,0,0,3,0,Medium
2018,1,Sunday,23,KPK,Mansehra,National Highway,Poor,Clear,Street Light,Motorcycle,2,Road Condition,0,1,1,1,2,1,Medium
2022,6,Friday,3,KPK,Dera Ismail Khan,Urban Road,Poor,Clear,Street Light,Motorcycle,2,Road Condition,0,0,1,0,2,1,Medium
2022,7,Sunday,7,KPK,Peshawar,Rural Road,Good,Foggy,Daylight,Truck/Lorry,1,Wrong Overtaking,1,1,0,0,3,0,Medium
2023,8,Monday,14,Punjab,Lahore,National Highway,Poor,Foggy,Daylight,Rickshaw,2,Over Speeding,0,0,0,0,5,1,Medium
2019,9,Sunday,18,Balochistan,Khuzdar,National Highway,Poor,Clear,Daylight,Motorcycle,2,Wrong Overtaking,1,1,0,0,1,0,Medium
2018,12,Thursday,12,KPK,Mardan,Urban Road,Good,Clear,Daylight,Car/Taxi,1,Road Condition,1,0,0,1,1,0,Low
2023,6,Tuesday,3,KPK,Bannu,Provincial Highway,Average,Clear,No Light,Rickshaw,2,Weather Condition,0,0,1,0,1,0,Low
2022,8,Saturday,1,KPK,Mardan,Rural Road,Good,Clear,No Light,Truck/Lorry,2,Driver Fatigue,0,1,1,0,5,0,Medium
2020,7,Tuesday,21,Sindh,Larkana,Provincial Highway,Good,Rainy,Street Light,Motorcycle,1,Over Speeding,0,0,0,0,6,2,High
2023,7,Thursday,11,Punjab,Sargodha,Motorway,Poor,Clear,Daylight,Car/Taxi,1,Over Speeding,0,0,0,0,3,0,Medium
2021,3,Saturday,3,KPK,Dera Ismail Khan,National Highway,Average,Rainy,Street Light,Motorcycle,1,Over Speeding,0,1,1,0,4,1,High
2019,10,Friday,8,KPK,Nowshera,Provincial Highway,Average,Dusty/Smoggy,Street Light,Motorcycle,2,Over Speeding,1,0,0,0,2,2,High
2023,5,Wednesday,18,Punjab,Sialkot,National Highway,Good,Dusty/Smoggy,Daylight,Motorcycle,2,Wrong Overtaking,1,0,0,0,5,0,Medium
2021,1,Friday,20,KPK,Kohat,National Highway,Poor,Rainy,Street Light,Car/Taxi,3,Driver Fatigue,1,0,0,1,11,3,High
2019,12,Monday,4,Sindh,Nawabshah,Urban Road,Good,Rainy,No Light,Motorcycle,2,Signal Violation,0,0,1,1,7,1,High
2023,8,Monday,6,Sindh,Sukkur,Rural Road,Good,Clear,Daylight,Motorcycle,2,Wrong Overtaking,0,0,0,0,1,0,Low
2023,12,Thursday,17,Punjab,Sargodha,Rural Road,Good,Foggy,Daylight,Car/Taxi,2,Wrong Overtaking,1,0,0,1,1,0,Low
2019,1,Thursday,11,Punjab,Sialkot,Provincial Highway,Good,Dusty/Smoggy,Daylight,Bus/Coach,2,Pedestrian Error,0,0,0,1,1,0,Low
2018,12,Saturday,1,Punjab,Multan,Provincial Highway,Average,Foggy,No Light,Motorcycle,2,Mechanical Failure,0,1,1,1,9,0,High
2023,11,Tuesday,12,KPK,Mardan,National Highway,Good,Rainy,Dawn/Dusk,Motorcycle,3,Mechanical Failure,1,0,0,1,9,2,High
2018,10,Tuesday,12,Punjab,Lahore,Urban Road,Average,Clear,Street Light,Motorcycle,3,Over Speeding,1,0,0,0,5,0,Medium
2022,1,Sunday,17,Punjab,Sheikhupura,Urban Road,Average,Extreme Heat,Street Light,Car/Taxi,4,Over Speeding,1,1,0,1,2,0,Low
2023,2,Tuesday,11,Gilgit-Baltistan,Hunza,Motorway,Average,Dusty/Smoggy,Daylight,Car/Taxi,2,Signal Violation,0,0,0,1,3,0,Medium
2021,9,Wednesday,13,Punjab,Multan,Rural Road,Average,Clear,Street Light,Truck/Lorry,1,Over Speeding,1,0,0,0,3,0,Medium
2022,5,Friday,18,Sindh,Kashmore,Rural Road,Under Repair,Clear,No Light,Motorcycle,4,Mechanical Failure,1,0,0,0,0,0,Low
2020,5,Tuesday,19,Islamabad,Islamabad,Rural Road,Good,Clear,Dawn/Dusk,Bus/Coach,1,Wrong Overtaking,1,0,0,0,2,0,Low
2020,7,Tuesday,11,Sindh,Karachi,Provincial Highway,Good,Foggy,No Light,Car/Taxi,3,Drunk Driving,0,0,0,0,8,3,High
2021,7,Saturday,8,KPK,Swat,Provincial Highway,Average,Clear,Daylight,Truck/Lorry,2,Over Speeding,1,1,0,0,9,2,High
2021,4,Thursday,9,AJK,Muzaffarabad,National Highway,Average,Dusty/Smoggy,Daylight,Car/Taxi,3,Over Speeding,1,0,0,0,2,0,Medium
2019,8,Tuesday,21,Balochistan,Quetta,Urban Road,Poor,Rainy,No Light,Motorcycle,2,Driver Fatigue,0,0,0,0,1,1,Medium
2021,2,Friday,13,Sindh,Dadu,Provincial Highway,Good,Foggy,Daylight,Motorcycle,2,Road Condition,1,0,0,1,2,1,Medium
2023,5,Friday,7,Punjab,Sargodha,National Highway,Poor,Foggy,No Light,Rickshaw,1,Wrong Overtaking,1,0,0,0,11,0,High
2023,11,Friday,7,Sindh,Jacobabad,Provincial Highway,Average,Clear,Daylight,Motorcycle,3,Over Speeding,1,0,0,1,2,3,High
2021,10,Monday,22,Balochistan,Quetta,Urban Road,Under Repair,Extreme Heat,Street Light,Motorcycle,2,Wrong Overtaking,0,0,1,0,2,0,Medium
2022,8,Monday,11,Balochistan,Sibi,Urban Road,Poor,Foggy,Daylight,Motorcycle,4,Mechanical Failure,0,0,0,0,1,2,Medium
2018,12,Sunday,22,Balochistan,Dera Bugti,Provincial Highway,Good,Clear,Street Light,Motorcycle,1,Signal Violation,0,1,1,1,5,0,Medium
2018,11,Sunday,19,Sindh,Thatta,Urban Road,Average,Clear,Dawn/Dusk,Motorcycle,2,Wrong Overtaking,1,1,0,1,2,0,Low
2023,1,Thursday,16,Sindh,Nawabshah,National Highway,Average,Clear,Daylight,Motorcycle,2,Pedestrian Error,0,0,0,1,3,0,Medium
2022,11,Friday,16,Punjab,Multan,Rural Road,Average,Clear,Daylight,Motorcycle,1,Pedestrian Error,0,0,0,1,2,0,Low
2023,6,Sunday,14,Punjab,Sialkot,National Highway,Good,Clear,Daylight,Motorcycle,3,Pedestrian Error,0,1,0,0,9,2,High
2022,3,Monday,9,KPK,Swat,Motorway,Good,Foggy,Daylight,Rickshaw,1,Mobile Phone Use,1,0,0,0,2,0,Low
2020,9,Thursday,10,Punjab,Faisalabad,Provincial Highway,Poor,Clear,Daylight,Motorcycle,3,Mechanical Failure,0,0,0,0,1,1,Low
2023,6,Friday,7,Punjab,Sheikhupura,Provincial Highway,Good,Clear,Daylight,Motorcycle,1,Road Condition,1,0,0,0,1,1,Medium
2019,5,Thursday,5,Balochistan,Dera Bugti,Motorway,Poor,Extreme Heat,Dawn/Dusk,Motorcycle,2,Road Condition,0,0,1,0,7,1,High
2019,2,Wednesday,12,Punjab,Faisalabad,Provincial Highway,Poor,Clear,Dawn/Dusk,Motorcycle,1,Driver Fatigue,1,0,0,1,4,3,High
2023,12,Monday,16,Islamabad,Islamabad,National Highway,Average,Foggy,Daylight,Motorcycle,3,Driver Fatigue,0,0,0,1,2,1,High
2023,11,Wednesday,18,Punjab,Sargodha,National Highway,Poor,Extreme Heat,Daylight,Motorcycle,2,Road Condition,1,0,0,1,4,0,Medium
2023,8,Sunday,20,Islamabad,Islamabad,Urban Road,Under Repair,Foggy,No Light,Motorcycle,2,Mobile Phone Use,1,1,0,0,3,0,Medium
2022,5,Tuesday,13,Sindh,Sukkur,Provincial Highway,Under Repair,Clear,Daylight,Motorcycle,1,Over Speeding,1,0,0,0,2,2,Medium
2018,1,Friday,21,Punjab,Multan,Provincial Highway,Under Repair,Clear,No Light,Bus/Coach,3,Wrong Overtaking,0,0,0,1,5,0,Medium
2023,2,Friday,22,KPK,Abbottabad,National Highway,Poor,Rainy,No Light,Motorcycle,2,Over Speeding,0,0,1,1,6,2,High
2019,11,Wednesday,23,Balochistan,Khuzdar,Rural Road,Average,Extreme Heat,Street Light,Car/Taxi,2,Road Condition,0,0,1,1,0,0,Low
2021,9,Wednesday,0,Sindh,Nawabshah,Urban Road,Average,Foggy,Street Light,Car/Taxi,2,Driver Fatigue,0,0,1,0,2,2,Medium
2021,2,Sunday,14,KPK,Mansehra,Rural Road,Good,Clear,Daylight,Motorcycle,3,Signal Violation,0,1,0,1,1,0,Low
2019,12,Monday,1,AJK,Mirpur,Urban Road,Poor,Clear,Street Light,Rickshaw,1,Over Speeding,0,0,1,1,5,0,Medium
2021,11,Sunday,15,Punjab,Lahore,Urban Road,Average,Clear,Street Light,Motorcycle,2,Over Speeding,0,1,0,1,1,1,Medium
2019,9,Friday,19,KPK,Mansehra,National Highway,Good,Rainy,No Light,Van/Pickup,3,Over Speeding,1,0,0,0,5,2,High
2023,2,Saturday,7,Punjab,Lahore,Provincial Highway,Under Repair,Clear,No Light,Motorcycle,1,Road Condition,1,1,0,1,1,0,Low
2020,11,Saturday,10,Sindh,Nawabshah,National Highway,Average,Clear,Daylight,Motorcycle,2,Drunk Driving,0,1,0,1,6,2,High
2018,4,Saturday,6,Punjab,Rahim Yar Khan,Provincial Highway,Average,Rainy,Dawn/Dusk,Motorcycle,2,Road Condition,0,1,0,0,8,2,High
2023,4,Thursday,13,Sindh,Nawabshah,National Highway,Good,Clear,Daylight,Motorcycle,3,Mechanical Failure,1,0,0,0,10,0,High
2019,11,Wednesday,12,Punjab,Lahore,Provincial Highway,Under Repair,Clear,Daylight,Car/Taxi,2,Signal Violation,1,0,0,1,1,0,Low
2023,5,Tuesday,17,Punjab,Gujranwala,Provincial Highway,Good,Clear,Daylight,Car/Taxi,2,Over Speeding,1,0,0,0,3,0,Medium
2020,2,Tuesday,9,Sindh,Larkana,Rural Road,Good,Clear,Daylight,Motorcycle,1,Over Speeding,1,0,0,1,3,1,Medium
2023,11,Saturday,7,Sindh,Nawabshah,National Highway,Average,Clear,Daylight,Car/Taxi,2,Mechanical Failure,1,1,0,1,0,0,Low
2023,3,Saturday,15,Sindh,Thatta,National Highway,Average,Clear,No Light,Car/Taxi,2,Mechanical Failure,0,1,0,0,2,0,Low
2020,12,Saturday,7,Sindh,Karachi,National Highway,Good,Foggy,Daylight,Other,3,Mechanical Failure,1,1,0,1,4,0,Medium
2018,3,Thursday,17,Punjab,Faisalabad,Urban Road,Under Repair,Foggy,Daylight,Bicycle,1,Over Speeding,1,0,0,0,2,1,Medium
2020,5,Thursday,9,Islamabad,Islamabad,Rural Road,Good,Rainy,Daylight,Bus/Coach,2,Over Speeding,1,0,0,0,8,1,High
2022,6,Thursday,21,Punjab,Faisalabad,Urban Road,Good,Dusty/Smoggy,No Light,Van/Pickup,3,Wrong Overtaking,0,0,0,0,1,0,Low
2023,6,Thursday,13,Punjab,Sheikhupura,National Highway,Under Repair,Rainy,Daylight,Bus/Coach,3,Pedestrian Error,1,0,0,0,2,0,Medium
2023,10,Tuesday,21,Sindh,Nawabshah,National Highway,Average,Rainy,No Light,Car/Taxi,2,Wrong Overtaking,0,0,0,0,1,1,Medium
2022,7,Sunday,14,KPK,Dera Ismail Khan,National Highway,Good,Foggy,Street Light,Motorcycle,2,Signal Violation,0,1,0,0,11,1,High
2019,11,Sunday,5,Punjab,Sheikhupura,Provincial Highway,Poor,Clear,Dawn/Dusk,Bus/Coach,4,Over Speeding,0,1,1,1,2,1,Medium
2021,5,Tuesday,19,Punjab,Multan,Urban Road,Average,Extreme Heat,No Light,Motorcycle,2,Drunk Driving,1,0,0,0,4,1,Medium
2020,6,Sunday,19,KPK,Bannu,Rural Road,Under Repair,Clear,Street Light,Car/Taxi,2,Driver Fatigue,1,1,0,0,1,0,Low
2018,4,Wednesday,9,Sindh,Dadu,Motorway,Average,Foggy,Daylight,Rickshaw,2,Mechanical Failure,1,0,0,0,3,2,Medium
2021,5,Saturday,7,Punjab,Lahore,National Highway,Poor,Foggy,Daylight,Van/Pickup,1,Over Speeding,1,1,0,0,7,0,High
2023,4,Monday,11,Islamabad,Islamabad,Provincial Highway,Under Repair,Foggy,Daylight,Motorcycle,3,Wrong Overtaking,0,0,0,0,8,2,High
2021,1,Sunday,14,Punjab,Sheikhupura,National Highway,Good,Clear,Street Light,Truck/Lorry,2,Over Speeding,0,1,0,1,6,2,High
2023,3,Wednesday,10,Sindh,Mirpur Khas,Provincial Highway,Good,Clear,Daylight,Truck/Lorry,1,Over Speeding,0,0,0,0,1,0,Medium
2023,12,Friday,21,Punjab,Rahim Yar Khan,National Highway,Poor,Extreme Heat,Street Light,Bus/Coach,1,Road Condition,0,0,0,1,2,0,Low
2020,8,Monday,18,Punjab,Rahim Yar Khan,Rural Road,Average,Foggy,Daylight,Bus/Coach,2,Pedestrian Error,1,0,0,0,1,0,Low
2022,9,Wednesday,13,Punjab,Sargodha,Rural Road,Under Repair,Rainy,Daylight,Motorcycle,3,Mechanical Failure,1,0,0,0,0,0,Low
2020,4,Thursday,16,Sindh,Mirpur Khas,Motorway,Average,Extreme Heat,Street Light,Car/Taxi,3,Over Speeding,0,0,0,0,10,2,High
2023,11,Thursday,12,Punjab,Faisalabad,National Highway,Poor,Clear,Daylight,Van/Pickup,3,Driver Fatigue,1,0,0,1,5,0,Medium
2022,7,Thursday,18,Sindh,Mirpur Khas,National Highway,Good,Clear,Street Light,Bus/Coach,1,Mechanical Failure,1,0,0,0,1,2,Medium
2023,1,Monday,9,Islamabad,Islamabad,Rural Road,Good,Clear,Daylight,Motorcycle,2,Over Speeding,1,0,0,1,4,0,High
2023,6,Tuesday,19,KPK,Peshawar,Urban Road,Good,Clear,Dawn/Dusk,Van/Pickup,3,Over Speeding,1,0,0,0,2,0,Low
2021,12,Saturday,17,Punjab,Lahore,Provincial Highway,Average,Dusty/Smoggy,Daylight,Van/Pickup,3,Signal Violation,1,1,0,1,2,0,Low
2019,2,Saturday,7,Punjab,Faisalabad,Urban Road,Good,Clear,Daylight,Truck/Lorry,2,Wrong Overtaking,1,1,0,1,2,0,Low
2019,12,Saturday,11,Sindh,Larkana,National Highway,Average,Clear,Daylight,Van/Pickup,2,Wrong Overtaking,0,1,0,1,2,0,Medium
2022,9,Monday,15,Punjab,Rahim Yar Khan,Urban Road,Under Repair,Clear,Daylight,Rickshaw,2,Weather Condition,0,0,0,0,1,0,Low
2020,5,Monday,22,AJK,Muzaffarabad,Provincial Highway,Under Repair,Rainy,Street Light,Motorcycle,2,Pedestrian Error,0,0,1,0,7,2,High
2021,2,Sunday,8,AJK,Mirpur,Urban Road,Poor,Clear,Daylight,Motorcycle,2,Over Speeding,1,1,0,1,2,0,Medium
2021,12,Tuesday,5,Punjab,Sheikhupura,Provincial Highway,Average,Clear,Daylight,Car/Taxi,2,Weather Condition,0,0,1,1,0,0,Low
2023,6,Wednesday,0,Punjab,Gujranwala,Provincial Highway,Poor,Clear,Street Light,Motorcycle,1,Mobile Phone Use,0,0,1,0,3,1,Medium
2022,4,Tuesday,19,Balochistan,Sibi,National Highway,Average,Foggy,Dawn/Dusk,Motorcycle,3,Driver Fatigue,1,0,0,0,6,0,High
2018,2,Thursday,9,KPK,Peshawar,National Highway,Under Repair,Clear,Daylight,Car/Taxi,4,Over Speeding,1,0,0,1,11,1,High
2018,4,Wednesday,7,Sindh,Karachi,National Highway,Poor,Clear,Daylight,Motorcycle,4,Pedestrian Error,1,0,0,0,1,0,Medium
2022,7,Tuesday,5,Punjab,Sialkot,Provincial Highway,Poor,Clear,No Light,Rickshaw,1,Mechanical Failure,0,0,1,0,4,0,Medium
2022,6,Monday,9,Sindh,Hyderabad,National Highway,Good,Extreme Heat,Daylight,Car/Taxi,2,Road Condition,1,0,0,0,0,0,Low
2023,5,Saturday,17,Balochistan,Loralai,Provincial Highway,Poor,Clear,Daylight,Rickshaw,3,Over Speeding,1,1,0,0,4,1,Medium
2023,2,Sunday,6,Punjab,Sheikhupura,National Highway,Poor,Clear,Daylight,Rickshaw,1,Drunk Driving,0,1,0,1,2,0,Medium
2020,7,Thursday,11,KPK,Nowshera,National Highway,Average,Clear,Daylight,Motorcycle,3,Wrong Overtaking,0,0,0,0,3,3,High
2021,1,Monday,16,Punjab,Sheikhupura,Provincial Highway,Good,Clear,Street Light,Motorcycle,1,Over Speeding,0,0,0,1,2,0,High
2020,6,Sunday,15,Islamabad,Islamabad,Provincial Highway,Good,Clear,Daylight,Motorcycle,2,Over Speeding,0,1,0,0,11,3,High
2018,6,Saturday,21,Sindh,Larkana,National Highway,Average,Clear,No Light,Car/Taxi,2,Signal Violation,0,1,0,0,1,0,Low
2021,6,Thursday,16,Punjab,Sargodha,Provincial Highway,Average,Clear,Daylight,Bicycle,1,Over Speeding,0,0,0,0,11,0,High
2020,3,Thursday,9,Punjab,Rahim Yar Khan,National Highway,Good,Dusty/Smoggy,Daylight,Bus/Coach,4,Over Speeding,1,0,0,0,7,1,High
2019,8,Monday,16,Sindh,Karachi,Urban Road,Poor,Clear,Daylight,Motorcycle,3,Over Speeding,0,0,0,0,1,1,Medium
2020,1,Friday,12,Punjab,Rahim Yar Khan,Provincial Highway,Poor,Clear,Dawn/Dusk,Motorcycle,2,Over Speeding,1,0,0,1,5,0,Medium
2018,3,Saturday,13,Sindh,Nawabshah,National Highway,Good,Extreme Heat,Daylight,Motorcycle,2,Over Speeding,1,1,0,0,8,0,High
2023,7,Sunday,17,Punjab,Sheikhupura,Rural Road,Good,Rainy,Daylight,Motorcycle,3,Wrong Overtaking,1,1,0,0,2,2,Medium
2022,1,Wednesday,8,Punjab,Sialkot,National Highway,Good,Clear,Daylight,Car/Taxi,4,Pedestrian Error,1,0,0,1,2,0,Medium
2018,7,Friday,9,Sindh,Jacobabad,Rural Road,Good,Clear,Daylight,Motorcycle,2,Drunk Driving,1,0,0,0,1,0,Medium
2022,11,Thursday,23,Sindh,Kashmore,National Highway,Poor,Clear,Street Light,Motorcycle,2,Road Condition,0,0,1,1,1,1,Medium
2019,5,Saturday,5,Sindh,Karachi,Urban Road,Average,Clear,Dawn/Dusk,Car/Taxi,2,Signal Violation,0,1,1,0,3,0,Medium
2019,1,Thursday,18,Sindh,Larkana,Urban Road,Poor,Foggy,Daylight,Rickshaw,2,Mobile Phone Use,1,0,0,1,2,0,Low
2022,4,Thursday,20,Sindh,Jacobabad,National Highway,Good,Clear,Street Light,Bus/Coach,1,Wrong Overtaking,1,0,0,0,6,1,High
2023,12,Monday,12,Sindh,Nawabshah,Urban Road,Good,Clear,Daylight,Rickshaw,2,Mechanical Failure,1,0,0,1,2,0,Low
2022,10,Saturday,9,Punjab,Sheikhupura,Provincial Highway,Good,Extreme Heat,Daylight,Motorcycle,3,Road Condition,1,1,0,0,5,0,Medium
2020,8,Monday,20,Punjab,Multan,National Highway,Average,Dusty/Smoggy,No Light,Bicycle,1,Wrong Overtaking,1,0,0,0,11,1,High
2023,4,Monday,12,Punjab,Rawalpindi,Urban Road,Average,Rainy,Daylight,Rickshaw,2,Pedestrian Error,1,0,0,0,1,0,Low
2023,5,Thursday,8,KPK,Peshawar,Provincial Highway,Under Repair,Extreme Heat,Daylight,Motorcycle,2,Over Speeding,1,0,0,0,10,1,High
2023,8,Sunday,5,Sindh,Thatta,Provincial Highway,Average,Foggy,Dawn/Dusk,Rickshaw,4,Weather Condition,0,1,1,0,0,0,Low
2023,5,Wednesday,13,Sindh,Karachi,National Highway,Average,Clear,Daylight,Van/Pickup,2,Wrong Overtaking,1,0,0,0,0,0,Low
2023,7,Tuesday,19,KPK,Kohat,Provincial Highway,Good,Foggy,Street Light,Bus/Coach,3,Signal Violation,1,0,0,0,1,1,Medium
2019,6,Saturday,23,Punjab,Faisalabad,Urban Road,Good,Clear,Street Light,Car/Taxi,2,Over Speeding,0,1,1,0,2,1,Medium
2019,12,Thursday,13,Sindh,Nawabshah,Rural Road,Average,Rainy,Daylight,Motorcycle,3,Wrong Overtaking,1,0,0,1,1,0,Medium
2021,7,Sunday,21,Punjab,Bahawalpur,Motorway,Average,Dusty/Smoggy,Street Light,Car/Taxi,2,Over Speeding,0,1,0,0,1,0,Medium
2022,7,Friday,11,KPK,Swat,National Highway,Average,Clear,Daylight,Truck/Lorry,1,Over Speeding,0,0,0,0,4,4,High
2021,1,Friday,13,KPK,Peshawar,Rural Road,Under Repair,Clear,Daylight,Rickshaw,2,Wrong Overtaking,1,0,0,1,0,0,Low
2020,9,Saturday,12,KPK,Nowshera,National Highway,Good,Dusty/Smoggy,Daylight,Rickshaw,2,Signal Violation,1,1,0,0,2,0,Medium
2023,7,Friday,5,Balochistan,Hub,Urban Road,Average,Clear,Dawn/Dusk,Motorcycle,2,Drunk Driving,0,0,1,0,3,2,High
2022,10,Monday,9,KPK,Mardan,Urban Road,Under Repair,Dusty/Smoggy,Daylight,Car/Taxi,1,Weather Condition,1,0,0,0,0,1,Low