year,month,day_of_week,hour_of_day,province,district,road_type,road_condition,weather_condition,lighting_condition,vehicle_type,vehicles_involved,accident_cause,is_rush_hour,is_weekend,is_night,is_foggy_month,num_injured,num_killed,severity
2018,12,Wednesday,18,Balochistan,Zhob,National Highway,Under Repair,Clear,Daylight,Car/Taxi,1,Signal Violation,1,0,0,1,1,0,Low
2023,4,Thursday,20,Punjab,Sialkot,Provincial Highway,Poor,Rainy,No Light,Motorcycle,2,Over Speeding,1,0,0,0,4,2,High
2023,6,Sunday,8,Punjab,Gujranwala,Urban Road,Under Repair,Clear,Daylight,Motorcycle,1,Wrong Overtaking,1,1,0,0,2,0,Low
2023,4,Friday,9,Islamabad,Islamabad,Rural Road,Average,Foggy,Daylight,Rickshaw,3,Mobile Phone Use,1,0,0,0,1,0,Low
2023,4,Friday,7,Balochistan,Zhob,Rural Road,Good,Extreme Heat,Street Light,Motorcycle,2,Mechanical Failure,1,0,0,0,2,0,Low
2022,10,Thursday,10,Sindh,Dadu,National Highway,Average,Foggy,Daylight,Motorcycle,2,Over Speeding,0,0,0,0,8,2,High
2023,6,Monday,12,Punjab,Sheikhupura,Urban Road,Poor,Foggy,Daylight,Bus/Coach,2,Drunk Driving,1,0,0,0,1,0,Medium
2019,6,Monday,10,Balochistan,Loralai,Urban Road,Poor,Clear,Daylight,Motorcycle,2,Mechanical Failure,0,0,0,0,0,0,Low
2023,8,Friday,19,Punjab,Rawalpindi,Rural Road,Good,Foggy,Dawn/Dusk,Car/Taxi,1,Road Condition,1,0,0,0,1,0,Low
2018,6,Sunday,7,Punjab,Sheikhupura,Provincial Highway,Poor,Clear,Street Light,Motorcycle,1,Road Condition,1,1,0,0,2,0,Low
2022,3,Saturday,12,Sindh,Kashmore,Provincial Highway,Good,Clear,Daylight,Truck/Lorry,4,Drunk Driving,1,1,0,0,10,1,High
2019,12,Saturday,7,Punjab,Sargodha,Urban Road,Under Repair,Foggy,Daylight,Truck/Lorry,1,Pedestrian Error,1,1,0,1,2,0,Low
2023,12,Tuesday,21,Punjab,Multan,National Highway,Under Repair,Clear,No Light,Car/Taxi,1,Pedestrian Error,0,0,0,1,2,1,Medium
2019,6,Monday,21,KPK,Peshawar,Urban Road,Good,Clear,No Light,Car/Taxi,4,Over Speeding,0,0,0,0,2,0,Low
2020,12,Thursday,7,Punjab,Rahim Yar Khan,Urban Road,Under Repair,Clear,Daylight,Motorcycle,1,Over Speeding,1,0,0,1,3,0,Medium
2020,8,Monday,22,Islamabad,Islamabad,National Highway,Average,Dusty/Smoggy,Street Light,Bicycle,2,Over Speeding,0,0,1,0,6,0,High
2023,7,Saturday,6,Islamabad,Islamabad,Urban Road,Average,Clear,Daylight,Rickshaw,1,Wrong Overtaking,0,1,0,0,0,0,Low
2020,11,Sunday,14,KPK,Mansehra,Rural Road,Average,Clear,Daylight,Truck/Lorry,3,Over Speeding,0,1,0,1,1,1,Medium
2021,7,Saturday,8,AJK,Mirpur,Provincial Highway,Good,Foggy,Daylight,Car/Taxi,3,Wrong Overtaking,1,1,0,0,5,0,Medium
2023,3,Thursday,3,Sindh,Nawabshah,Urban Road,Under Repair,Clear,No Light,Car/Taxi,1,Signal Violation,0,0,1,0,2,0,Low
2018,6,Wednesday,12,Sindh,Larkana,Urban Road,Average,Dusty/Smoggy,Daylight,Motorcycle,2,Signal Violation,1,0,0,0,2,0,Medium
2022,1,Monday,8,KPK,Bannu,Rural Road,Good,Clear,Dawn/Dusk,Truck/Lorry,2,Wrong Overtaking,1,0,0,1,1,0,Low
2019,4,Saturday,3,Sindh,Mirpur Khas,Provincial Highway,Poor,Foggy,Street Light,Motorcycle,3,Signal Violation,0,1,1,0,4,1,High
2023,4,Thursday,15,Punjab,Lahore,Urban Road,Under Repair,Clear,Daylight,Rickshaw,2,Wrong Overtaking,0,0,0,0,2,0,Low
2021,7,Saturday,15,Sindh,Larkana,National Highway,Good,Rainy,Daylight,Motorcycle,2,Mechanical Failure,0,1,0,0,2,0,Medium
2022,2,Saturday,18,Sindh,Kashmore,Provincial Highway,Poor,Clear,No Light,Car/Taxi,1,Drunk Driving,1,1,0,1,5,1,Medium
2022,6,Monday,18,KPK,Abbottabad,Rural Road,Poor,Clear,Daylight,Motorcycle,1,Mobile Phone Use,1,0,0,0,4,0,Medium
2023,6,Tuesday,21,KPK,Charsadda,Rural Road,Good,Clear,Street Light,Rickshaw,2,Mechanical Failure,0,0,0,0,2,0,Low
2023,7,Friday,10,KPK,Mansehra,Provincial Highway,Average,Foggy,Daylight,Rickshaw,3,Mobile Phone Use,0,0,0,0,3,2,Medium
2022,6,Monday,19,KPK,Dera Ismail Khan,Rural Road,Good,Clear,Dawn/Dusk,Motorcycle,2,Driver Fatigue,1,0,0,0,4,0,Medium
2019,4,Wednesday,0,Sindh,Kashmore,National Highway,Good,Rainy,Street Light,Motorcycle,2,Mechanical Failure,0,0,1,0,4,1,High
2022,12,Monday,15,Punjab,Sargodha,Rural Road,Average,Clear,Dawn/Dusk,Rickshaw,1,Pedestrian Error,0,0,0,1,0,0,Low
2021,7,Sunday,7,KPK,Dera Ismail Khan,National Highway,Good,Clear,Daylight,Car/Taxi,1,Pedestrian Error,1,1,0,0,2,1,Medium
2019,2,Friday,17,Punjab,Faisalabad,National Highway,Poor,Rainy,Daylight,Car/Taxi,1,Over Speeding,1,0,0,1,6,3,High
2023,1,Thursday,6,Gilgit-Baltistan,Gilgit,National Highway,Good,Clear,Daylight,Car/Taxi,1,Over Speeding,0,0,0,1,10,1,High
2018,11,Sunday,6,KPK,Mardan,Urban Road,Poor,Clear,Daylight,Motorcycle,2,Over Speeding,0,1,0,1,3,0,Medium
2022,9,Monday,22,KPK,Mansehra,Urban Road,Under Repair,Extreme Heat,No Light,Motorcycle,2,Over Speeding,0,0,1,0,2,0,Medium
2018,5,Monday,14,Islamabad,Islamabad,Urban Road,Poor,Dusty/Smoggy,Daylight,Motorcycle,3,Road Condition,0,0,0,0,2,0,Medium
2018,4,Thursday,10,Sindh,Mirpur Khas,Rural Road,Good,Foggy,Daylight,Motorcycle,1,Over Speeding,0,0,0,0,11,1,High
2021,2,Wednesday,12,Punjab,Bahawalpur,Rural Road,Average,Clear,Daylight,Bus/Coach,1,Over Speeding,1,0,0,1,0,0,Low
2023,10,Monday,15,Sindh,Larkana,National Highway,Good,Foggy,Street Light,Bicycle,2,Signal Violation,0,0,0,0,2,1,High
2023,6,Saturday,13,Punjab,Rawalpindi,Provincial Highway,Poor,Clear,Daylight,Motorcycle,2,Signal Violation,1,1,0,0,4,2,High
2020,6,Saturday,18,Punjab,Multan,Motorway,Average,Rainy,Daylight,Truck/Lorry,2,Wrong Overtaking,1,1,0,0,8,2,High
2021,6,Tuesday,19,Sindh,Dadu,Urban Road,Good,Clear,No Light,Motorcycle,2,Over Speeding,1,0,0,0,2,0,Medium
2020,12,Saturday,15,KPK,Charsadda,Provincial Highway,Average,Clear,Daylight,Truck/Lorry,2,Over Speeding,0,1,0,1,2,1,High
2020,8,Monday,19,Sindh,Thatta,Motorway,Average,Dusty/Smoggy,Street Light,Car/Taxi,1,Over Speeding,1,0,0,0,9,2,High
2019,6,Wednesday,9,Sindh,Nawabshah,Provincial Highway,Poor,Rainy,Daylight,Rickshaw,2,Signal Violation,1,0,0,0,4,1,Medium
2022,8,Thursday,14,Punjab,Gujranwala,National Highway,Poor,Clear,Daylight,Bus/Coach,3,Over Speeding,0,0,0,0,9,2,High
2020,12,Monday,21,Sindh,Thatta,Provincial Highway,Good,Clear,No Light,Car/Taxi,2,Over Speeding,0,0,0,1,2,0,Medium
2020,4,Thursday,9,Punjab,Multan,Provincial Highway,Good,Clear,Daylight,Van/Pickup,3,Pedestrian Error,1,0,0,0,2,0,Low
2021,11,Friday,16,Punjab,Rahim Yar Khan,Urban Road,Average,Clear,Daylight,Motorcycle,3,Wrong Overtaking,0,0,0,1,1,0,Medium
2023,4,Friday,7,KPK,Mansehra,National Highway,Average,Rainy,Daylight,Motorcycle,3,Over Speeding,1,0,0,0,10,4,High
2022,5,Saturday,19,Punjab,Sheikhupura,Urban Road,Good,Clear,Street Light,Bus/Coach,1,Signal Violation,1,1,0,0,1,0,Low
2022,2,Wednesday,15,Punjab,Rawalpindi,Provincial Highway,Average,Clear,Daylight,Motorcycle,2,Road Condition,0,0,0,1,2,1,Medium
2023,3,Friday,19,Punjab,Sheikhupura,Urban Road,Good,Clear,Street Light,Truck/Lorry,3,Pedestrian Error,1,0,0,0,2,0,Low
2022,3,Monday,11,Sindh,Thatta,National Highway,Under Repair,Rainy,No Light,Van/Pickup,2,Driver Fatigue,0,0,0,0,5,1,High
2018,11,Sunday,15,KPK,Abbottabad,Motorway,Good,Clear,Daylight,Motorcycle,2,Signal Violation,0,1,0,1,3,0,High
2023,8,Friday,15,Islamabad,Islamabad,National Highway,Average,Foggy,Daylight,Motorcycle,1,Wrong Overtaking,0,0,0,0,3,2,High
2018,1,Thursday,20,KPK,Nowshera,Rural Road,Good,Clear,No Light,Rickshaw,4,Over Speeding,1,0,0,1,4,0,Medium
2023,3,Sunday,16,Sindh,Mirpur Khas,Urban Road,Average,Clear,No Light,Car/Taxi,1,Over Speeding,0,1,0,0,1,0,Low
2020,5,Wednesday,9,Punjab,Sargodha,Rural Road,Good,Clear,Daylight,Motorcycle,2,Signal Violation,1,0,0,0,0,0,Low
2018,6,Friday,12,Punjab,Multan,National Highway,Good,Rainy,Daylight,Motorcycle,3,Drunk Driving,1,0,0,0,11,2,High
2020,9,Sunday,18,Sindh,Sukkur,Rural Road,Good,Rainy,Daylight,Car/Taxi,3,Signal Violation,1,1,0,0,0,0,Low
2018,2,Saturday,14,Sindh,Jacobabad,National Highway,Average,Clear,Daylight,Van/Pickup,1,Over Speeding,0,1,0,1,3,1,Medium
2019,3,Wednesday,19,KPK,Mansehra,Provincial Highway,Poor,Foggy,Dawn/Dusk,Motorcycle,2,Mechanical Failure,1,0,0,0,8,1,High
2023,4,Sunday,13,Punjab,Gujranwala,Rural Road,Average,Clear,Daylight,Motorcycle,2,Signal Violation,1,1,0,0,3,1,Medium
2021,2,Saturday,23,Punjab,Multan,Rural Road,Under Repair,Clear,Street Light,Motorcycle,1,Mechanical Failure,0,1,1,1,3,0,Medium
2018,1,Monday,19,Punjab,Sialkot,Provincial Highway,Good,Extreme Heat,Dawn/Dusk,Bus/Coach,4,Over Speeding,1,0,0,1,6,1,High
2023,12,Sunday,15,KPK,Peshawar,Urban Road,Average,Rainy,Daylight,Motorcycle,2,Road Condition,0,1,0,1,2,0,Medium
2021,5,Wednesday,14,Punjab,Bahawalpur,Provincial Highway,Good,Clear,No Light,Car/Taxi,1,Pedestrian Error,0,0,0,0,1,0,Low
2020,7,Tuesday,11,Sindh,Nawabshah,Provincial Highway,Good,Foggy,Daylight,Van/Pickup,1,Pedestrian Error,0,0,0,0,0,0,Low
2021,6,Wednesday,11,Punjab,Gujranwala,Urban Road,Poor,Clear,Street Light,Motorcycle,1,Wrong Overtaking,0,0,0,0,2,2,Medium
2021,7,Friday,22,Sindh,Thatta,National Highway,Good,Rainy,No Light,Rickshaw,4,Over Speeding,0,0,1,0,11,0,High
2023,6,Sunday,11,Punjab,Multan,Urban Road,Average,Clear,Daylight,Motorcycle,1,Over Speeding,0,1,0,0,1,1,Medium
2018,3,Saturday,14,Punjab,Faisalabad,Rural Road,Average,Clear,Dawn/Dusk,Motorcycle,2,Wrong Overtaking,0,1,0,0,0,0,Low
2023,10,Thursday,16,Punjab,Gujranwala,National Highway,Good,Clear,Street Light,Rickshaw,4,Mechanical Failure,0,0,0,0,0,0,Low
2020,12,Friday,15,Punjab,Sargodha,National Highway,Good,Clear,Street Light,Motorcycle,1,Wrong Overtaking,0,0,0,1,5,2,High
2019,6,Tuesday,18,Punjab,Gujranwala,Provincial Highway,Good,Dusty/Smoggy,Daylight,Motorcycle,2,Drunk Driving,1,0,0,0,6,0,High
2019,7,Friday,14,KPK,Nowshera,Urban Road,Average,Clear,Daylight,Motorcycle,1,Wrong Overtaking,0,0,0,0,1,0,Medium
2021,6,Sunday,9,Punjab,Faisalabad,Provincial Highway,Good,Foggy,Daylight,Rickshaw,3,Road Condition,1,1,0,0,4,1,Medium
2023,11,Monday,15,Punjab,Lahore,National Highway,Good,Foggy,Street Light,Motorcycle,1,Road Condition,0,0,0,1,5,0,High
2023,7,Monday,12,Sindh,Sukkur,Urban Road,Under Repair,Clear,Daylight,Motorcycle,2,Over Speeding,1,0,0,0,3,1,Medium
2019,9,Tuesday,9,KPK,Peshawar,National Highway,Good,Dusty/Smoggy,Dawn/Dusk,Car/Taxi,2,Over Speeding,1,0,0,0,1,2,Medium
2020,11,Sunday,6,Punjab,Rawalpindi,Rural Road,Poor,Foggy,Dawn/Dusk,Motorcycle,2,Wrong Overtaking,0,1,0,1,5,0,Medium
2019,3,Saturday,19,Sindh,Sukkur,Urban Road,Poor,Clear,Dawn/Dusk,Motorcycle,2,Road Condition,1,1,0,0,2,0,Low
2018,6,Friday,18,KPK,Charsadda,National Highway,Good,Clear,Street Light,Motorcycle,2,Drunk Driving,1,0,0,0,11,2,High
2023,6,Saturday,23,Punjab,Gujranwala,Urban Road,Poor,Extreme Heat,No Light,Motorcycle,1,Over Speeding,0,1,1,0,8,4,High
2020,7,Tuesday,12,Sindh,Sukkur,Urban Road,Average,Clear,Daylight,Rickshaw,2,Over Speeding,1,0,0,0,5,0,Medium
2020,6,Wednesday,16,Punjab,Gujranwala,Motorway,Poor,Clear,No Light,Motorcycle,2,Mobile Phone Use,0,0,0,0,3,1,Medium
2019,11,Monday,22,Punjab,Bahawalpur,National Highway,Poor,Clear,Street Light,Car/Taxi,3,Wrong Overtaking,0,0,1,1,5,1,Medium
2022,3,Friday,18,AJK,Mirpur,Urban Road,Average,Clear,Daylight,Motorcycle,1,Over Speeding,1,0,0,0,4,1,Medium
2019,7,Thursday,9,Punjab,Rahim Yar Khan,Provincial Highway,Average,Clear,Dawn/Dusk,Car/Taxi,4,Drunk Driving,1,0,0,0,2,1,Medium
2021,3,Monday,10,Punjab,Lahore,National Highway,Good,Rainy,Dawn/Dusk,Car/Taxi,3,Over Speeding,0,0,0,0,2,0,Medium
2022,1,Saturday,18,AJK,Rawalakot,National Highway,Poor,Clear,Daylight,Bus/Coach,2,Wrong Overtaking,1,1,0,1,5,1,High
2020,11,Sunday,22,KPK,Kohat,National Highway,Average,Foggy,Street Light,Bus/Coach,3,Wrong Overtaking,0,1,1,1,7,0,High
2023,2,Thursday,5,Sindh,Larkana,Urban Road,Average,Clear,Daylight,Motorcycle,1,Wrong Overtaking,0,0,1,1,2,0,Medium
2023,6,Wednesday,5,KPK,Abbottabad,Urban Road,Average,Clear,No Light,Motorcycle,1,Signal Violation,0,0,1,0,8,0,High
2020,2,Monday,3,KPK,Nowshera,Provincial Highway,Average,Rainy,No Light,Van/Pickup,1,Road Condition,0,0,1,1,2,1,Medium
2018,4,Sunday,20,KPK,Dera Ismail Khan,Urban Road,Good,Clear,No Light,Van/Pickup,1,Pedestrian Error,1,1,0,0,0,1,Low
2022,3,Monday,16,Punjab,Faisalabad,Motorway,Good,Clear,Daylight,Car/Taxi,2,Mechanical Failure,0,0,0,0,2,0,Medium
2023,2,Thursday,16,Punjab,Bahawalpur,Urban Road,Average,Clear,Daylight,Car/Taxi,1,Over Speeding,0,0,0,1,1,0,Low
2018,12,Thursday,17,Punjab,Multan,Provincial Highway,Average,Foggy,Daylight,Motorcycle,2,Over Speeding,1,0,0,1,4,3,High
2022,7,Wednesday,17,Punjab,Rahim Yar Khan,Rural Road,Poor,Rainy,Daylight,Motorcycle,1,Over Speeding,1,0,0,0,11,2,High
2023,1,Sunday,22,Punjab,Faisalabad,National Highway,Under Repair,Dusty/Smoggy,No Light,Car/Taxi,1,Pedestrian Error,0,1,1,1,3,1,Medium
2022,6,Wednesday,8,Sindh,Hyderabad,Motorway,Poor,Rainy,Street Light,Rickshaw,3,Drunk Driving,1,0,0,0,3,1,Medium
2020,2,Saturday,14,Punjab,Rahim Yar Khan,Provincial Highway,Good,Dusty/Smoggy,No Light,Bicycle,2,Wrong Overtaking,0,1,0,1,4,0,Medium
2020,11,Saturday,15,Punjab,Lahore,Provincial Highway,Good,Foggy,Daylight,Truck/Lorry,3,Wrong Overtaking,0,1,0,1,1,2,Medium
2019,2,Thursday,7,Sindh,Kashmore,Provincial Highway,Average,Clear,Dawn/Dusk,Car/Taxi,2,Over Speeding,1,0,0,1,3,1,Medium
2020,7,Monday,9,Sindh,Thatta,Rural Road,Good,Rainy,Daylight,Motorcycle,2,Mechanical Failure,1,0,0,0,0,0,Low
2021,11,Monday,9,Balochistan,Chaman,National Highway,Under Repair,Clear,Daylight,Motorcycle,4,Over Speeding,1,0,0,1,8,2,High
2022,4,Friday,18,KPK,Mansehra,Rural Road,Under Repair,Foggy,Daylight,Van/Pickup,2,Signal Violation,1,0,0,0,5,0,Medium
2022,7,Monday,8,Islamabad,Islamabad,Provincial Highway,Poor,Clear,Daylight,Bus/Coach,3,Over Speeding,1,0,0,0,2,0,Medium
2019,11,Thursday,12,Sindh,Hyderabad,Rural Road,Good,Clear,Street Light,Car/Taxi,2,Wrong Overtaking,1,0,0,1,2,0,Low
2022,3,Friday,11,KPK,Abbottabad,Urban Road,Poor,Clear,Street Light,Motorcycle,1,Over Speeding,0,0,0,0,2,1,Medium
2018,3,Wednesday,10,Balochistan,Sibi,National Highway,Good,Clear,Street Light,Motorcycle,1,Over Speeding,0,0,0,0,5,1,High
2018,4,Monday,9,KPK,Nowshera,Urban Road,Poor,Rainy,Dawn/Dusk,Bus/Coach,1,Over Speeding,1,0,0,0,1,0,Medium
2018,8,Sunday,15,KPK,Kohat,Provincial Highway,Poor,Clear,Daylight,Motorcycle,2,Wrong Overtaking,0,1,0,0,2,1,Medium
2020,6,Wednesday,9,Sindh,Mirpur Khas,Rural Road,Average,Clear,Daylight,Bus/Coach,2,Wrong Overtaking,1,0,0,0,2,0,Low
2018,11,Saturday,19,Punjab,Sargodha,Provincial Highway,Good,Clear,Dawn/Dusk,Motorcycle,1,Over Speeding,1,1,0,1,3,1,Medium
2023,11,Tuesday,19,Balochistan,Quetta,Urban Road,Good,Dusty/Smoggy,Daylight,Motorcycle,1,Pedestrian Error,1,0,0,1,2,0,Low
2021,10,Monday,19,KPK,Peshawar,Provincial Highway,Average,Foggy,Daylight,Van/Pickup,1,Over Speeding,1,0,0,0,1,0,Medium
2022,7,Sunday,16,KPK,Abbottabad,Urban Road,Good,Clear,Daylight,Bus/Coach,2,Mobile Phone Use,0,1,0,0,2,0,Low
2019,5,Wednesday,13,Punjab,Sheikhupura,Urban Road,Average,Rainy,Daylight,Car/Taxi,2,Road Condition,1,0,0,0,2,1,Low
2023,2,Wednesday,19,Punjab,Bahawalpur,National Highway,Poor,Clear,No Light,Car/Taxi,1,Signal Violation,1,0,0,1,2,0,Low
2021,6,Wednesday,2,Sindh,Sukkur,Rural Road,Poor,Foggy,No Light,Rickshaw,1,Wrong Overtaking,0,0,1,0,1,0,Medium
2021,5,Friday,15,KPK,Charsadda,Urban Road,Good,Clear,Dawn/Dusk,Rickshaw,2,Road Condition,0,0,0,0,1,0,Low
2019,8,Thursday,12,Balochistan,Gwadar,National Highway,Average,Clear,Daylight,Motorcycle,2,Over Speeding,1,0,0,0,11,0,High
2021,2,Friday,9,Punjab,Sargodha,Rural Road,Good,Rainy,Daylight,Car/Taxi,1,Over Speeding,1,0,0,1,1,0,Medium
2021,12,Wednesday,7,KPK,Mardan,National Highway,Good,Clear,Daylight,Motorcycle,2,Signal Violation,1,0,0,1,7,2,High
2023,6,Friday,8,Punjab,Gujranwala,Rural Road,Good,Foggy,No Light,Car/Taxi,2,Pedestrian Error,1,0,0,0,2,0,Low
2018,1,Friday,11,Punjab,Gujranwala,Motorway,Average,Clear,Daylight,Motorcycle,2,Wrong Overtaking,0,0,0,1,2,0,High
2021,5,Saturday,19,Sindh,Mirpur Khas,Urban Road,Good,Clear,Street Light,Motorcycle,1,Over Speeding,1,1,0,0,4,1,Medium
2022,7,Saturday,13,KPK,Bannu,Motorway,Average,Foggy,Daylight,Motorcycle,1,Mobile Phone Use,1,1,0,0,3,0,High
2019,5,Saturday,13,Balochistan,Sibi,Provincial Highway,Average,Clear,Dawn/Dusk,Bicycle,2,Over Speeding,1,1,0,0,10,2,High
2023,1,Tuesday,15,Punjab,Faisalabad,Rural Road,Good,Dusty/Smoggy,Daylight,Truck/Lorry,2,Over Speeding,0,0,0,1,1,0,Low
2023,3,Thursday,5,Sindh,Kashmore,National Highway,Average,Rainy,Dawn/Dusk,Car/Taxi,1,Driver Fatigue,0,0,1,0,7,2,High
2023,5,Saturday,17,Sindh,Dadu,Rural Road,Good,Extreme Heat,Daylight,Car/Taxi,2,Road Condition,1,1,0,0,0,0,Low
2023,2,Tuesday,18,Punjab,Lahore,National Highway,Average,Extreme Heat,Daylight,Car/Taxi,4,Driver Fatigue,1,0,0,1,4,0,Medium
2023,4,Saturday,10,AJK,Muzaffarabad,National Highway,Poor,Dusty/Smoggy,Daylight,Motorcycle,2,Over Speeding,0,1,0,0,8,1,High
2021,8,Friday,11,Balochistan,Dera Bugti,Motorway,Good,Foggy,Daylight,Bus/Coach,1,Pedestrian Error,0,0,0,0,2,0,Medium
2023,5,Saturday,17,Punjab,Lahore,Motorway,Poor,Rainy,Daylight,Motorcycle,1,Over Speeding,1,1,0,0,10,2,High
2022,5,Sunday,21,Sindh,Sukkur,Motorway,Good,Clear,Street Light,Car/Taxi,3,Drunk Driving,0,1,0,0,6,2,High
2022,4,Saturday,17,Punjab,Rahim Yar Khan,Urban Road,Good,Clear,Street Light,Motorcycle,2,Drunk Driving,1,1,0,0,6,2,High
2023,11,Saturday,17,Sindh,Nawabshah,National Highway,Average,Clear,Dawn/Dusk,Motorcycle,2,Driver Fatigue,1,1,0,1,2,2,High
2019,5,Tuesday,18,KPK,Dera Ismail Khan,National Highway,Poor,Clear,Daylight,Truck/Lorry,1,Over Speeding,1,0,0,0,3,2,High
2021,12,Thursday,10,Punjab,Sheikhupura,Urban Road,Average,Clear,No Light,Car/Taxi,2,Drunk Driving,0,0,0,1,1,0,Low
2022,10,Sunday,19,Balochistan,Gwadar,National Highway,Good,Clear,Daylight,Motorcycle,2,Over Speeding,1,1,0,0,9,1,High
2023,7,Thursday,15,Sindh,Hyderabad,National Highway,Poor,Clear,Daylight,Car/Taxi,2,Over Speeding,0,0,0,0,5,0,Medium
2018,5,Saturday,9,AJK,Muzaffarabad,Urban Road,Good,Foggy,Dawn/Dusk,Motorcycle,2,Wrong Overtaking,1,1,0,0,5,0,Medium
2023,1,Sunday,3,Punjab,Lahore,Urban Road,Average,Foggy,Street Light,Motorcycle,2,Wrong Overtaking,0,1,1,1,6,2,High
2019,11,Tuesday,18,KPK,Dera Ismail Khan,Rural Road,Average,Dusty/Smoggy,Daylight,Car/Taxi,2,Over Speeding,1,0,0,1,1,0,Low
2019,8,Wednesday,20,KPK,Nowshera,Rural Road,Good,Clear,No Light,Car/Taxi,2,Driver Fatigue,1,0,0,0,2,0,Low
2019,11,Saturday,11,Punjab,Faisalabad,National Highway,Good,Clear,Daylight,Car/Taxi,3,Wrong Overtaking,0,1,0,1,3,1,Medium
2023,3,Monday,19,Punjab,Bahawalpur,Rural Road,Poor,Dusty/Smoggy,Dawn/Dusk,Truck/Lorry,2,Wrong Overtaking,1,0,0,0,2,0,Low
2018,1,Monday,0,Balochistan,Sibi,Urban Road,Under Repair,Clear,Street Light,Motorcycle,2,Over Speeding,0,0,1,1,2,0,Medium
2019,4,Thursday,16,Sindh,Hyderabad,Provincial Highway,Poor,Clear,Daylight,Motorcycle,1,Over Speeding,0,0,0,0,10,1,High
2023,9,Sunday,7,Punjab,Faisalabad,National Highway,Average,Clear,Daylight,Car/Taxi,3,Over Speeding,1,1,0,0,2,0,Medium
2021,8,Saturday,11,Balochistan,Dera Bugti,Urban Road,Average,Foggy,Daylight,Bus/Coach,1,Drunk Driving,0,1,0,0,8,1,High
2022,7,Monday,0,Punjab,Sheikhupura,National Highway,Good,Rainy,Street Light,Motorcycle,2,Wrong Overtaking,0,0,1,0,3,2,High
2021,3,Sunday,6,Sindh,Thatta,National Highway,Average,Clear,Daylight,Car/Taxi,4,Wrong Overtaking,0,1,0,0,3,0,Medium
2019,1,Wednesday,22,Sindh,Jacobabad,Urban Road,Poor,Foggy,Street Light,Van/Pickup,3,Over Speeding,0,0,1,1,4,1,High
2022,5,Friday,18,Sindh,Karachi,Rural Road,Poor,Rainy,Daylight,Bus/Coach,4,Driver Fatigue,1,0,0,0,2,1,Medium
2022,8,Sunday,22,Punjab,Sheikhupura,National Highway,Poor,Foggy,No Light,Car/Taxi,1,Mechanical Failure,0,1,1,0,5,2,High
2019,12,Saturday,20,Sindh,Larkana,Urban Road,Average,Clear,Street Light,Bus/Coach,2,Wrong Overtaking,1,1,0,1,1,1,Low
2019,8,Sunday,20,KPK,Mansehra,National Highway,Good,Dusty/Smoggy,Street Light,Car/Taxi,1,Mobile Phone Use,1,1,0,0,1,0,Low
2019,8,Saturday,20,Sindh,Hyderabad,Provincial Highway,Poor,Foggy,Street Light,Rickshaw,1,Signal Violation,1,1,0,0,2,0,Medium
2020,11,Wednesday,10,KPK,Kohat,Rural Road,Good,Foggy,Daylight,Rickshaw,2,Wrong Overtaking,0,0,0,1,4,1,Medium
2021,12,Wednesday,18,Punjab,Lahore,National Highway,Good,Clear,Daylight,Rickshaw,2,Over Speeding,1,0,0,1,5,1,Medium
2018,6,Tuesday,17,KPK,Kohat,Provincial Highway,Poor,Extreme Heat,Daylight,Van/Pickup,2,Over Speeding,1,0,0,0,1,0,Low
2021,11,Tuesday,9,Sindh,Thatta,Urban Road,Average,Clear,Daylight,Car/Taxi,4,Over Speeding,1,0,0,1,2,0,Low
2021,12,Monday,9,AJK,Muzaffarabad,Provincial Highway,Poor,Clear,Daylight,Car/Taxi,2,Wrong Overtaking,1,0,0,1,2,0,Low
2021,4,Friday,8,Punjab,Sargodha,National Highway,Good,Extreme Heat,Daylight,Motorcycle,2,Wrong Overtaking,1,0,0,0,9,2,High
2021,7,Friday,17,Punjab,Bahawalpur,National Highway,Average,Rainy,Daylight,Motorcycle,3,Driver Fatigue,1,0,0,0,3,2,High
2022,7,Tuesday,0,Punjab,Lahore,National Highway,Good,Clear,No Light,Truck/Lorry,2,Over Speeding,0,0,1,0,7,2,High
2023,11,Thursday,12,Sindh,Thatta,Provincial Highway,Poor,Clear,Dawn/Dusk,Motorcycle,2,Wrong Overtaking,1,0,0,1,7,0,High
2022,8,Friday,6,Punjab,Lahore,National Highway,Average,Clear,Daylight,Car/Taxi,3,Signal Violation,0,0,0,0,1,2,Medium
2023,2,Monday,8,KPK,Charsadda,Rural Road,Poor,Rainy,No Light,Car/Taxi,1,Over Speeding,1,0,0,1,5,0,Medium
2021,2,Wednesday,20,Balochistan,Dera Bugti,Urban Road,Average,Dusty/Smoggy,No Light,Bus/Coach,3,Road Condition,1,0,0,1,1,0,Low
2023,11,Tuesday,9,Punjab,Faisalabad,National Highway,Good,Clear,Daylight,Bus/Coach,2,Wrong Overtaking,1,0,0,1,10,2,High
2023,7,Saturday,20,Punjab,Multan,National Highway,Good,Clear,Street Light,Rickshaw,3,Road Condition,1,1,0,0,1,0,Low
2023,7,Thursday,12,Balochistan,Quetta,Provincial Highway,Good,Clear,Dawn/Dusk,Motorcycle,2,Wrong Overtaking,1,0,0,0,4,1,Medium
2023,8,Wednesday,7,Punjab,Lahore,National Highway,Good,Clear,Street Light,Rickshaw,2,Signal Violation,1,0,0,0,2,0,Low
2020,12,Sunday,15,Sindh,Larkana,National Highway,Good,Foggy,Dawn/Dusk,Motorcycle,2,Road Condition,0,1,0,1,11,1,High
2018,7,Monday,12,Punjab,Multan,Provincial Highway,Average,Clear,Daylight,Truck/Lorry,3,Road Condition,1,0,0,0,1,0,Low