year,month,day_of_week,hour_of_day,province,district,road_type,road_condition,weather_condition,lighting_condition,vehicle_type,vehicles_involved,accident_cause,is_rush_hour,is_weekend,is_night,is_foggy_month,num_injured,num_killed,severity
2021,6,Monday,10,Sindh,Larkana,Provincial Highway,Average,Clear,Street Light,Car/Taxi,2,Over Speeding,0,0,0,0,4,2,Medium
2020,11,Tuesday,11,Punjab,Bahawalpur,National Highway,Average,Rainy,Daylight,Motorcycle,2,Mobile Phone Use,0,0,0,1,6,3,High
2023,6,Saturday,12,KPK,Swat,Urban Road,Good,Foggy,Daylight,Motorcycle,3,Over Speeding,1,1,0,0,8,1,High
2020,6,Sunday,8,Sindh,Mirpur Khas,National Highway,Poor,Rainy,Daylight,Truck/Lorry,1,Drunk Driving,1,1,0,0,8,0,High
2023,2,Sunday,13,KPK,Dera Ismail Khan,Provincial Highway,Poor,Clear,Dawn/Dusk,Bus/Coach,2,Wrong Overtaking,1,1,0,1,1,0,Low
2023,3,Tuesday,8,Punjab,Faisalabad,National Highway,Average,Clear,Street Light,Car/Taxi,2,Mechanical Failure,1,0,0,0,2,0,Low
2022,11,Saturday,18,Sindh,Kashmore,Provincial Highway,Good,Foggy,Daylight,Motorcycle,4,Over Speeding,1,1,0,1,7,1,High
2021,7,Sunday,9,Punjab,Rahim Yar Khan,Motorway,Good,Foggy,Daylight,Car/Taxi,2,Drunk Driving,1,1,0,0,4,4,High
2023,6,Sunday,6,Islamabad,Islamabad,Rural Road,Good,Foggy,No Light,Bus/Coach,2,Pedestrian Error,0,1,0,0,3,1,Medium
2022,3,Sunday,9,Sindh,Dadu,Urban Road,Poor,Clear,Daylight,Motorcycle,4,Over Speeding,1,1,0,0,1,0,Medium
2020,5,Monday,12,Punjab,Sargodha,Urban Road,Good,Clear,Dawn/Dusk,Motorcycle,1,Signal Violation,1,0,0,0,2,1,Medium
2021,11,Monday,8,Punjab,Lahore,Provincial Highway,Good,Clear,Daylight,Motorcycle,2,Signal Violation,1,0,0,1,2,0,High
2020,8,Tuesday,18,Punjab,Multan,Urban Road,Average,Foggy,Daylight,Motorcycle,3,Road Condition,1,0,0,0,4,0,Medium
2020,10,Tuesday,9,Punjab,Sargodha,Rural Road,Under Repair,Clear,No Light,Motorcycle,1,Road Condition,1,0,0,0,1,0,Low
2022,3,Saturday,10,Sindh,Dadu,Urban Road,Good,Foggy,Street Light,Bus/Coach,2,Over Speeding,0,1,0,0,2,0,Medium
2018,11,Tuesday,12,Punjab,Multan,Rural Road,Poor,Clear,Daylight,Motorcycle,2,Drunk Driving,1,0,0,1,2,0,Medium
2022,12,Saturday,12,Islamabad,Islamabad,Rural Road,Good,Foggy,Daylight,Motorcycle,1,Wrong Overtaking,1,1,0,1,2,0,Medium
2023,7,Saturday,18,Punjab,Sargodha,Rural Road,Average,Clear,Daylight,Bus/Coach,1,Wrong Overtaking,1,1,0,0,2,2,Medium
2018,12,Wednesday,8,KPK,Charsadda,National Highway,Good,Clear,Daylight,Car/Taxi,2,Wrong Overtaking,1,0,0,1,1,0,Medium
2019,8,Saturday,18,Punjab,Bahawalpur,Provincial Highway,Good,Dusty/Smoggy,Daylight,Motorcycle,2,Wrong Overtaking,1,1,0,0,7,1,High
2023,2,Monday,5,Punjab,Rawalpindi,Urban Road,Good,Clear,Dawn/Dusk,Motorcycle,1,Signal Violation,0,0,1,1,3,1,High
2018,12,Monday,19,Islamabad,Islamabad,Provincial Highway,Average,Clear,Dawn/Dusk,Motorcycle,2,Over Speeding,1,0,0,1,5,1,Medium
2020,1,Sunday,6,KPK,Kohat,National Highway,Good,Rainy,Daylight,Motorcycle,2,Driver Fatigue,0,1,0,1,8,1,High
2020,3,Monday,11,Sindh,Jacobabad,Urban Road,Average,Clear,Daylight,Motorcycle,2,Road Condition,0,0,0,0,1,0,Low
2022,6,Thursday,14,KPK,Mansehra,Provincial Highway,Poor,Clear,Daylight,Bus/Coach,2,Pedestrian Error,0,0,0,0,0,0,Low
2020,2,Friday,9,Gilgit-Baltistan,Skardu,Provincial Highway,Average,Clear,Daylight,Rickshaw,2,Mechanical Failure,1,0,0,1,2,0,Low
2022,2,Wednesday,12,Sindh,Thatta,Urban Road,Good,Clear,Daylight,Motorcycle,2,Signal Violation,1,0,0,1,1,0,Low
2023,5,Saturday,9,Punjab,Rahim Yar Khan,National Highway,Good,Dusty/Smoggy,Daylight,Bus/Coach,1,Pedestrian Error,1,1,0,0,5,0,Medium
2019,2,Wednesday,12,Punjab,Sheikhupura,Rural Road,Good,Clear,Dawn/Dusk,Motorcycle,1,Pedestrian Error,1,0,0,1,2,2,Medium
2019,3,Saturday,20,KPK,Abbottabad,Urban Road,Average,Foggy,No Light,Bus/Coach,1,Driver Fatigue,1,1,0,0,3,1,Medium
2023,4,Tuesday,13,Sindh,Mirpur Khas,Urban Road,Good,Rainy,Daylight,Bus/Coach,1,Over Speeding,1,0,0,0,5,0,Medium
2021,3,Friday,23,KPK,Charsadda,Provincial Highway,Average,Foggy,Street Light,Motorcycle,1,Wrong Overtaking,0,0,1,0,5,3,High
2021,2,Friday,19,Punjab,Gujranwala,National Highway,Under Repair,Clear,Street Light,Motorcycle,1,Wrong Overtaking,1,0,0,1,4,0,Medium
2021,7,Wednesday,13,Islamabad,Islamabad,National Highway,Good,Clear,Daylight,Motorcycle,3,Pedestrian Error,1,0,0,0,1,1,Medium
2023,11,Monday,4,Sindh,Hyderabad,Provincial Highway,Good,Clear,No Light,Motorcycle,2,Mechanical Failure,0,0,1,1,1,0,Medium
2019,1,Thursday,20,Sindh,Kashmore,Rural Road,Average,Clear,Street Light,Truck/Lorry,3,Pedestrian Error,1,0,0,1,2,0,Low
2019,2,Wednesday,22,Punjab,Multan,National Highway,Poor,Clear,No Light,Motorcycle,1,Wrong Overtaking,0,0,1,1,2,3,High
2018,6,Sunday,9,Islamabad,Islamabad,National Highway,Good,Clear,Daylight,Motorcycle,2,Road Condition,1,1,0,0,3,0,Medium
2020,1,Friday,9,Sindh,Kashmore,National Highway,Average,Foggy,Daylight,Car/Taxi,2,Pedestrian Error,1,0,0,1,2,2,Medium
2019,12,Saturday,21,Sindh,Dadu,Motorway,Under Repair,Clear,No Light,Motorcycle,1,Over Speeding,0,1,0,1,10,2,High
2023,11,Tuesday,11,Islamabad,Islamabad,Urban Road,Good,Clear,Daylight,Van/Pickup,2,Driver Fatigue,0,0,0,1,4,1,Medium
2023,7,Saturday,15,Islamabad,Islamabad,Rural Road,Good,Clear,Daylight,Motorcycle,2,Wrong Overtaking,0,1,0,0,4,0,Medium
2023,9,Saturday,23,Punjab,Sheikhupura,Rural Road,Good,Foggy,Street Light,Van/Pickup,2,Wrong Overtaking,0,1,1,0,0,0,Low
2022,12,Monday,11,Islamabad,Islamabad,Provincial Highway,Poor,Clear,Daylight,Motorcycle,4,Wrong Overtaking,0,0,0,1,10,1,High
2022,6,Monday,22,KPK,Dera Ismail Khan,Urban Road,Average,Clear,Street Light,Car/Taxi,1,Over Speeding,0,0,1,0,0,0,Low
2019,12,Friday,5,Punjab,Bahawalpur,National Highway,Good,Foggy,Dawn/Dusk,Car/Taxi,2,Mechanical Failure,0,0,1,1,5,0,Medium
2019,6,Sunday,17,Punjab,Sialkot,Urban Road,Good,Dusty/Smoggy,Daylight,Rickshaw,3,Over Speeding,1,1,0,0,0,0,Low
2018,7,Monday,15,Punjab,Gujranwala,National Highway,Average,Foggy,Daylight,Car/Taxi,1,Mechanical Failure,0,0,0,0,3,0,Medium
2020,4,Thursday,18,Sindh,Mirpur Khas,Rural Road,Poor,Clear,Dawn/Dusk,Truck/Lorry,2,Mobile Phone Use,1,0,0,0,0,0,Low
2023,6,Friday,18,KPK,Peshawar,Rural Road,Good,Clear,Daylight,Car/Taxi,2,Driver Fatigue,1,0,0,0,0,0,Low
2020,5,Friday,8,Punjab,Sargodha,Urban Road,Under Repair,Clear,Daylight,Car/Taxi,1,Over Speeding,1,0,0,0,0,0,Low
2021,4,Sunday,11,KPK,Kohat,Urban Road,Poor,Rainy,Daylight,Motorcycle,2,Over Speeding,0,1,0,0,4,0,Medium
2021,3,Tuesday,20,Balochistan,Khuzdar,Provincial Highway,Good,Foggy,No Light,Motorcycle,2,Wrong Overtaking,1,0,0,0,2,1,High
2020,8,Saturday,20,Sindh,Mirpur Khas,National Highway,Good,Foggy,No Light,Motorcycle,2,Road Condition,1,1,0,0,2,1,Medium
2019,5,Monday,19,Islamabad,Islamabad,Provincial Highway,Poor,Dusty/Smoggy,Street Light,Motorcycle,2,Drunk Driving,1,0,0,0,2,1,High
2019,5,Tuesday,11,KPK,Peshawar,Urban Road,Good,Clear,Daylight,Bus/Coach,3,Over Speeding,0,0,0,0,3,0,Medium
2023,12,Sunday,17,Punjab,Multan,National Highway,Poor,Clear,Daylight,Car/Taxi,1,Over Speeding,1,1,0,1,5,0,Medium
2021,6,Wednesday,11,KPK,Dera Ismail Khan,Rural Road,Good,Clear,Daylight,Truck/Lorry,2,Wrong Overtaking,0,0,0,0,5,0,Medium
2023,5,Tuesday,8,Islamabad,Islamabad,Provincial Highway,Poor,Rainy,Dawn/Dusk,Truck/Lorry,2,Wrong Overtaking,1,0,0,0,4,1,High
2022,1,Saturday,5,Punjab,Faisalabad,National Highway,Poor,Rainy,No Light,Motorcycle,2,Over Speeding,0,1,1,1,4,1,High
2020,2,Tuesday,11,AJK,Rawalakot,Urban Road,Good,Foggy,Daylight,Car/Taxi,1,Over Speeding,0,0,0,1,3,1,Medium
2018,10,Sunday,19,Punjab,Multan,National Highway,Poor,Clear,Daylight,Car/Taxi,1,Wrong Overtaking,1,1,0,0,1,0,Low
2018,6,Saturday,22,Sindh,Thatta,Rural Road,Good,Clear,Street Light,Car/Taxi,3,Mechanical Failure,0,1,1,0,0,1,Low
2018,6,Sunday,11,KPK,Nowshera,National Highway,Poor,Clear,Daylight,Car/Taxi,2,Signal Violation,0,1,0,0,2,0,Medium
2020,1,Sunday,10,KPK,Peshawar,National Highway,Good,Clear,Daylight,Bicycle,2,Road Condition,0,1,0,1,6,1,High
2021,8,Wednesday,16,KPK,Abbottabad,Motorway,Good,Clear,Dawn/Dusk,Motorcycle,1,Road Condition,0,0,0,0,3,0,Medium
2018,12,Thursday,1,Sindh,Thatta,National Highway,Average,Foggy,No Light,Bus/Coach,1,Mechanical Failure,0,0,1,1,5,0,High
2019,7,Tuesday,10,Sindh,Sukkur,Urban Road,Poor,Foggy,Daylight,Bus/Coach,3,Road Condition,0,0,0,0,1,0,Low
2022,8,Monday,18,KPK,Mansehra,Rural Road,Good,Clear,Daylight,Rickshaw,2,Road Condition,1,0,0,0,2,1,Low
2019,9,Saturday,21,Sindh,Kashmore,Urban Road,Poor,Clear,Street Light,Motorcycle,2,Signal Violation,0,1,0,0,2,0,Low
2020,2,Friday,8,Sindh,Kashmore,National Highway,Good,Clear,Daylight,Rickshaw,2,Wrong Overtaking,1,0,0,1,1,1,Medium
2021,10,Wednesday,21,Balochistan,Turbat,National Highway,Good,Clear,Street Light,Motorcycle,1,Driver Fatigue,0,0,0,0,4,2,High
2020,4,Friday,8,Punjab,Faisalabad,Provincial Highway,Good,Clear,Daylight,Motorcycle,2,Signal Violation,1,0,0,0,3,1,Medium
2023,5,Sunday,8,Sindh,Sukkur,National Highway,Poor,Dusty/Smoggy,Daylight,Bus/Coach,2,Pedestrian Error,1,1,0,0,3,0,Medium
2020,8,Thursday,13,Punjab,Rawalpindi,Urban Road,Under Repair,Foggy,Daylight,Motorcycle,2,Pedestrian Error,1,0,0,0,1,0,Medium
2020,11,Saturday,3,KPK,Charsadda,Provincial Highway,Good,Clear,No Light,Motorcycle,1,Over Speeding,0,1,1,1,10,2,High
2023,6,Monday,8,Punjab,Faisalabad,Provincial Highway,Good,Clear,Daylight,Motorcycle,1,Wrong Overtaking,1,0,0,0,3,0,Medium
2018,2,Monday,18,Sindh,Hyderabad,Provincial Highway,Good,Foggy,Daylight,Motorcycle,1,Wrong Overtaking,1,0,0,1,3,2,High
2022,5,Saturday,14,Punjab,Bahawalpur,Provincial Highway,Good,Clear,Dawn/Dusk,Bus/Coach,1,Signal Violation,0,1,0,0,3,0,Medium
2018,3,Monday,16,Punjab,Gujranwala,Provincial Highway,Average,Rainy,Daylight,Van/Pickup,1,Drunk Driving,0,0,0,0,1,0,Medium
2021,1,Friday,12,Sindh,Dadu,Urban Road,Average,Rainy,Street Light,Motorcycle,2,Over Speeding,1,0,0,1,2,0,Medium
2021,10,Friday,22,Sindh,Jacobabad,Urban Road,Good,Clear,No Light,Car/Taxi,2,Over Speeding,0,0,1,0,5,2,Medium
2019,7,Sunday,10,Sindh,Jacobabad,National Highway,Good,Rainy,Street Light,Bicycle,2,Mobile Phone Use,0,1,0,0,7,1,High
2020,8,Wednesday,22,Punjab,Sargodha,Urban Road,Average,Clear,No Light,Car/Taxi,2,Road Condition,0,0,1,0,0,0,Low
2022,4,Sunday,9,Islamabad,Islamabad,National Highway,Poor,Clear,Daylight,Bus/Coach,3,Road Condition,1,1,0,0,2,0,Medium
2020,5,Wednesday,11,Punjab,Gujranwala,Provincial Highway,Under Repair,Clear,Daylight,Car/Taxi,2,Road Condition,0,0,0,0,0,1,Low
2021,10,Sunday,20,Balochistan,Chaman,National Highway,Poor,Clear,No Light,Car/Taxi,1,Wrong Overtaking,1,1,0,0,2,0,Low
2021,1,Friday,9,KPK,Charsadda,Rural Road,Average,Clear,Street Light,Car/Taxi,2,Mobile Phone Use,1,0,0,1,2,0,Low
2023,2,Saturday,6,Punjab,Rawalpindi,National Highway,Poor,Clear,Street Light,Van/Pickup,2,Over Speeding,0,1,0,1,2,1,Medium
2018,11,Sunday,19,Sindh,Kashmore,Rural Road,Good,Dusty/Smoggy,No Light,Bus/Coach,3,Over Speeding,1,1,0,1,2,0,Low
2023,6,Wednesday,12,AJK,Mirpur,Provincial Highway,Good,Rainy,Daylight,Bus/Coach,2,Signal Violation,1,0,0,0,2,1,Medium
2021,3,Saturday,12,Sindh,Thatta,National Highway,Poor,Clear,Daylight,Motorcycle,1,Over Speeding,1,1,0,0,10,0,High
2022,5,Wednesday,6,Punjab,Gujranwala,Urban Road,Good,Clear,Daylight,Motorcycle,1,Signal Violation,0,0,0,0,3,2,Medium
2018,1,Friday,13,Sindh,Sukkur,Urban Road,Average,Clear,Daylight,Van/Pickup,2,Mechanical Failure,1,0,0,1,0,0,Low
2019,5,Friday,21,Sindh,Dadu,Urban Road,Good,Clear,No Light,Motorcycle,2,Signal Violation,0,0,0,0,3,1,Medium
2023,5,Friday,13,KPK,Swat,Rural Road,Good,Clear,Street Light,Truck/Lorry,3,Driver Fatigue,1,0,0,0,2,0,Low
2022,7,Saturday,22,Balochistan,Zhob,Urban Road,Poor,Foggy,No Light,Car/Taxi,1,Driver Fatigue,0,1,1,0,5,1,High
2020,12,Thursday,22,Punjab,Rahim Yar Khan,National Highway,Average,Foggy,Street Light,Car/Taxi,2,Drunk Driving,0,0,1,1,10,2,High
2021,11,Sunday,12,Punjab,Rawalpindi,Provincial Highway,Poor,Clear,Daylight,Motorcycle,1,Over Speeding,1,1,0,1,4,1,Medium
2019,3,Sunday,19,Punjab,Rawalpindi,Rural Road,Poor,Clear,Dawn/Dusk,Truck/Lorry,2,Road Condition,1,1,0,0,2,0,Low
2021,9,Saturday,18,Gilgit-Baltistan,Hunza,Provincial Highway,Good,Clear,Daylight,Car/Taxi,2,Wrong Overtaking,1,1,0,0,4,0,Medium
2018,12,Thursday,8,Sindh,Mirpur Khas,National Highway,Poor,Clear,Daylight,Motorcycle,3,Wrong Overtaking,1,0,0,1,5,0,High
2023,11,Thursday,6,Balochistan,Khuzdar,Rural Road,Poor,Clear,Daylight,Motorcycle,2,Over Speeding,0,0,0,1,3,1,Medium
2021,12,Friday,18,Sindh,Karachi,Motorway,Good,Clear,Street Light,Motorcycle,4,Wrong Overtaking,1,0,0,1,5,0,High
2022,8,Wednesday,4,KPK,Mardan,Rural Road,Poor,Foggy,No Light,Truck/Lorry,2,Driver Fatigue,0,0,1,0,3,0,High
2019,8,Tuesday,8,Punjab,Sialkot,National Highway,Poor,Clear,Daylight,Car/Taxi,2,Over Speeding,1,0,0,0,3,0,Medium
2021,4,Sunday,20,Balochistan,Turbat,Motorway,Good,Clear,Street Light,Car/Taxi,3,Over Speeding,1,1,0,0,3,0,Medium
2020,5,Wednesday,14,Sindh,Kashmore,Provincial Highway,Poor,Clear,Street Light,Other,1,Over Speeding,0,0,0,0,2,1,Low
2018,8,Monday,20,KPK,Charsadda,Provincial Highway,Under Repair,Clear,No Light,Motorcycle,2,Over Speeding,1,0,0,0,6,4,High
2020,7,Thursday,7,Punjab,Sialkot,National Highway,Good,Clear,Daylight,Motorcycle,1,Over Speeding,1,0,0,0,10,2,High
2018,1,Sunday,1,KPK,Mansehra,Urban Road,Good,Foggy,Street Light,Motorcycle,2,Drunk Driving,0,1,1,1,6,0,High
2018,12,Saturday,14,Punjab,Sialkot,Provincial Highway,Average,Clear,Daylight,Car/Taxi,1,Mobile Phone Use,0,1,0,1,1,0,Low
2022,9,Tuesday,10,Punjab,Gujranwala,Rural Road,Good,Rainy,Daylight,Car/Taxi,1,Mobile Phone Use,0,0,0,0,2,0,Low
2018,5,Monday,10,Punjab,Faisalabad,Provincial Highway,Good,Rainy,Daylight,Bus/Coach,2,Over Speeding,0,0,0,0,2,0,Medium
2020,3,Tuesday,21,Sindh,Nawabshah,National Highway,Good,Clear,No Light,Motorcycle,1,Driver Fatigue,0,0,0,0,8,0,High
2018,5,Wednesday,21,Punjab,Bahawalpur,National Highway,Under Repair,Clear,No Light,Motorcycle,1,Driver Fatigue,0,0,0,0,3,0,High
2021,1,Sunday,17,Punjab,Rahim Yar Khan,Urban Road,Good,Clear,Street Light,Car/Taxi,1,Over Speeding,1,1,0,1,2,0,Low
2019,11,Sunday,21,Sindh,Jacobabad,Urban Road,Poor,Clear,No Light,Bus/Coach,4,Drunk Driving,0,1,0,1,5,1,Medium
2022,3,Sunday,9,Punjab,Rawalpindi,National Highway,Poor,Clear,Dawn/Dusk,Motorcycle,2,Over Speeding,1,1,0,0,5,1,High
2020,3,Monday,18,Sindh,Nawabshah,Rural Road,Good,Clear,Daylight,Motorcycle,2,Over Speeding,1,0,0,0,4,1,Medium
2021,11,Thursday,13,Sindh,Thatta,National Highway,Under Repair,Clear,Daylight,Motorcycle,1,Signal Violation,1,0,0,1,3,1,High
2019,1,Saturday,17,Punjab,Sargodha,Provincial Highway,Average,Dusty/Smoggy,Daylight,Van/Pickup,2,Over Speeding,1,1,0,1,5,1,Medium
2020,5,Monday,20,Punjab,Lahore,National Highway,Poor,Rainy,No Light,Car/Taxi,2,Over Speeding,1,0,0,0,2,1,High
2021,6,Tuesday,12,Balochistan,Loralai,Motorway,Good,Foggy,No Light,Car/Taxi,2,Pedestrian Error,1,0,0,0,2,0,Medium
2023,2,Friday,12,Punjab,Multan,Provincial Highway,Poor,Clear,Daylight,Motorcycle,3,Over Speeding,1,0,0,1,9,1,High
2019,4,Sunday,9,KPK,Dera Ismail Khan,Rural Road,Good,Clear,Dawn/Dusk,Motorcycle,4,Signal Violation,1,1,0,0,1,0,Low
2019,1,Wednesday,13,Punjab,Rawalpindi,Rural Road,Good,Clear,Daylight,Truck/Lorry,2,Mechanical Failure,1,0,0,1,1,1,Low
2020,3,Monday,9,Islamabad,Islamabad,Provincial Highway,Good,Foggy,Daylight,Rickshaw,1,Over Speeding,1,0,0,0,5,0,Medium
2019,4,Friday,18,Punjab,Bahawalpur,Urban Road,Under Repair,Clear,Daylight,Motorcycle,4,Over Speeding,1,0,0,0,2,0,High
2023,4,Monday,5,KPK,Mardan,Provincial Highway,Poor,Clear,Dawn/Dusk,Car/Taxi,2,Wrong Overtaking,0,0,1,0,4,0,Medium
2020,2,Sunday,11,Sindh,Jacobabad,Provincial Highway,Poor,Clear,Daylight,Car/Taxi,2,Wrong Overtaking,0,1,0,1,5,0,Medium
2023,4,Friday,13,Punjab,Sialkot,Urban Road,Poor,Clear,Street Light,Bus/Coach,3,Over Speeding,1,0,0,0,1,0,Medium
2021,8,Sunday,7,Punjab,Bahawalpur,Provincial Highway,Good,Clear,Daylight,Car/Taxi,4,Pedestrian Error,1,1,0,0,2,1,Low
2023,3,Saturday,10,Punjab,Multan,Provincial Highway,Under Repair,Foggy,Daylight,Motorcycle,2,Wrong Overtaking,0,1,0,0,3,1,High
2022,12,Thursday,17,Punjab,Faisalabad,Provincial Highway,Average,Clear,Daylight,Car/Taxi,2,Driver Fatigue,1,0,0,1,2,0,Low
2019,9,Sunday,21,Punjab,Sheikhupura,National Highway,Good,Rainy,No Light,Van/Pickup,1,Over Speeding,0,1,0,0,4,2,High
2023,3,Saturday,16,Balochistan,Khuzdar,Rural Road,Average,Rainy,Street Light,Bus/Coach,3,Over Speeding,0,1,0,0,4,1,Medium
2021,7,Wednesday,18,Punjab,Rawalpindi,National Highway,Average,Clear,Daylight,Van/Pickup,2,Over Speeding,1,0,0,0,3,0,Medium
2019,11,Tuesday,22,Punjab,Gujranwala,National Highway,Good,Clear,No Light,Motorcycle,4,Road Condition,0,0,1,1,2,0,Medium
2019,6,Tuesday,17,KPK,Bannu,National Highway,Good,Extreme Heat,Dawn/Dusk,Motorcycle,2,Over Speeding,1,0,0,0,7,4,High
2018,7,Friday,18,KPK,Peshawar,Provincial Highway,Good,Dusty/Smoggy,Daylight,Car/Taxi,2,Signal Violation,1,0,0,0,0,0,Low
2018,2,Tuesday,11,Punjab,Multan,Urban Road,Poor,Rainy,No Light,Rickshaw,2,Signal Violation,0,0,0,1,2,1,Low
2021,8,Wednesday,14,KPK,Dera Ismail Khan,National Highway,Poor,Clear,Daylight,Van/Pickup,2,Drunk Driving,0,0,0,0,3,0,Medium
2019,2,Friday,11,Sindh,Larkana,National Highway,Average,Dusty/Smoggy,Daylight,Truck/Lorry,2,Drunk Driving,0,0,0,1,3,2,Medium
2021,7,Monday,6,Punjab,Faisalabad,Provincial Highway,Poor,Foggy,Daylight,Bus/Coach,2,Mechanical Failure,0,0,0,0,0,0,Low
2023,8,Tuesday,13,Punjab,Bahawalpur,Motorway,Average,Clear,Daylight,Van/Pickup,1,Over Speeding,1,0,0,0,7,3,High
2022,11,Sunday,20,Punjab,Lahore,Rural Road,Poor,Dusty/Smoggy,Street Light,Car/Taxi,2,Driver Fatigue,1,1,0,1,1,2,Medium
2020,7,Friday,14,Punjab,Rahim Yar Khan,Provincial Highway,Good,Clear,Daylight,Bus/Coach,3,Over Speeding,0,0,0,0,8,3,High
2018,4,Saturday,15,Punjab,Sialkot,National Highway,Good,Clear,Daylight,Motorcycle,3,Signal Violation,0,1,0,0,9,3,High
2023,12,Saturday,10,Punjab,Sargodha,National Highway,Average,Clear,Daylight,Motorcycle,1,Mechanical Failure,0,1,0,1,4,2,High
2022,4,Thursday,11,Sindh,Sukkur,Provincial Highway,Average,Clear,Street Light,Van/Pickup,4,Drunk Driving,0,0,0,0,2,0,Low
2021,9,Monday,19,KPK,Dera Ismail Khan,Provincial Highway,Poor,Clear,No Light,Motorcycle,3,Over Speeding,1,0,0,0,9,1,High
2023,12,Wednesday,21,Sindh,Mirpur Khas,National Highway,Under Repair,Clear,No Light,Car/Taxi,3,Mechanical Failure,0,0,0,1,1,0,Low
2021,1,Wednesday,8,KPK,Dera Ismail Khan,Motorway,Poor,Foggy,Daylight,Rickshaw,2,Driver Fatigue,1,0,0,1,7,3,High
2022,6,Saturday,2,Balochistan,Turbat,Provincial Highway,Poor,Extreme Heat,Street Light,Rickshaw,4,Wrong Overtaking,0,1,1,0,1,0,Medium
2022,7,Sunday,10,Balochistan,Zhob,Provincial Highway,Poor,Foggy,Daylight,Motorcycle,2,Signal Violation,0,1,0,0,8,2,High
2019,11,Thursday,8,Balochistan,Khuzdar,National Highway,Average,Foggy,Daylight,Truck/Lorry,2,Mobile Phone Use,1,0,0,1,3,2,Medium
2018,2,Sunday,14,Punjab,Lahore,Provincial Highway,Poor,Clear,Daylight,Rickshaw,2,Drunk Driving,0,1,0,1,3,1,Medium
2023,12,Sunday,10,Punjab,Rawalpindi,National Highway,Good,Clear,Daylight,Motorcycle,3,Mechanical Failure,0,1,0,1,3,2,Medium
2022,12,Sunday,11,Sindh,Dadu,Rural Road,Average,Clear,Daylight,Motorcycle,2,Over Speeding,0,1,0,1,5,2,Medium
2020,1,Sunday,8,Punjab,Sargodha,Provincial Highway,Poor,Clear,Daylight,Van/Pickup,2,Mobile Phone Use,1,1,0,1,0,0,Low
2019,11,Saturday,17,Punjab,Multan,National Highway,Average,Clear,Daylight,Motorcycle,1,Over Speeding,1,1,0,1,2,1,High
2023,6,Monday,1,Punjab,Sargodha,Urban Road,Average,Dusty/Smoggy,No Light,Rickshaw,2,Signal Violation,0,0,1,0,4,0,Medium
2023,9,Monday,9,AJK,Muzaffarabad,Provincial Highway,Poor,Clear,Daylight,Motorcycle,4,Pedestrian Error,1,0,0,0,1,0,Low
2018,12,Saturday,19,Punjab,Sialkot,Provincial Highway,Good,Foggy,No Light,Rickshaw,1,Road Condition,1,1,0,1,5,0,Medium
2021,2,Tuesday,10,Punjab,Rahim Yar Khan,Provincial Highway,Average,Clear,Daylight,Car/Taxi,3,Over Speeding,0,0,0,1,4,1,Medium
2023,5,Monday,16,Punjab,Faisalabad,Provincial Highway,Good,Foggy,Daylight,Motorcycle,1,Road Condition,0,0,0,0,9,4,High
2021,2,Sunday,16,KPK,Mardan,Provincial Highway,Good,Rainy,Daylight,Motorcycle,3,Road Condition,0,1,0,1,2,1,Medium
2021,3,Friday,21,Punjab,Rahim Yar Khan,Rural Road,Good,Extreme Heat,Street Light,Car/Taxi,4,Wrong Overtaking,0,0,0,0,1,0,Low
2019,1,Saturday,18,Punjab,Rawalpindi,Urban Road,Good,Clear,Daylight,Motorcycle,1,Mechanical Failure,1,1,0,1,1,0,Low
2023,7,Friday,7,Islamabad,Islamabad,National Highway,Good,Clear,Daylight,Car/Taxi,2,Signal Violation,1,0,0,0,1,0,Low
2021,1,Tuesday,13,KPK,Mansehra,Urban Road,Average,Foggy,Daylight,Car/Taxi,2,Signal Violation,1,0,0,1,0,1,Low
2021,8,Friday,16,KPK,Swat,National Highway,Average,Clear,Daylight,Truck/Lorry,2,Signal Violation,0,0,0,0,1,0,Medium
2020,9,Wednesday,13,Islamabad,Islamabad,National Highway,Poor,Clear,Daylight,Motorcycle,2,Over Speeding,1,0,0,0,6,0,High
2023,12,Tuesday,17,Punjab,Bahawalpur,Provincial Highway,Average,Rainy,Daylight,Motorcycle,2,Signal Violation,1,0,0,1,5,2,High
2022,7,Wednesday,15,KPK,Nowshera,Urban Road,Good,Extreme Heat,Daylight,Bus/Coach,2,Road Condition,0,0,0,0,1,0,Low
2021,1,Saturday,19,Punjab,Sialkot,Provincial Highway,Good,Dusty/Smoggy,No Light,Bicycle,2,Road Condition,1,1,0,1,2,0,Low
2023,5,Sunday,21,KPK,Charsadda,Provincial Highway,Average,Clear,No Light,Bus/Coach,1,Pedestrian Error,0,1,0,0,2,1,Low
2020,5,Monday,8,Punjab,Gujranwala,Provincial Highway,Poor,Dusty/Smoggy,Daylight,Motorcycle,3,Signal Violation,1,0,0,0,3,1,Medium
2023,7,Saturday,7,Punjab,Sheikhupura,Rural Road,Average,Rainy,Daylight,Motorcycle,2,Road Condition,1,1,0,0,1,0,Low
2020,10,Wednesday,20,Sindh,Karachi,Urban Road,Poor,Clear,No Light,Motorcycle,3,Road Condition,1,0,0,0,0,0,Low
2021,7,Friday,22,Punjab,Multan,Provincial Highway,Poor,Clear,No Light,Motorcycle,1,Road Condition,0,0,1,0,2,2,Medium
2019,6,Friday,5,Sindh,Hyderabad,Provincial Highway,Average,Dusty/Smoggy,Street Light,Car/Taxi,4,Over Speeding,0,0,1,0,2,0,Medium