year,month,day_of_week,hour_of_day,province,district,road_type,road_condition,weather_condition,lighting_condition,vehicle_type,vehicles_involved,accident_cause,is_rush_hour,is_weekend,is_night,is_foggy_month,num_injured,num_killed,severity
2020,8,Sunday,19,Sindh,Nawabshah,National Highway,Average,Clear,No Light,Truck/Lorry,1,Mechanical Failure,1,1,0,0,5,0,Medium
2022,5,Sunday,6,Sindh,Dadu,National Highway,Poor,Foggy,Daylight,Car/Taxi,2,Over Speeding,0,1,0,0,11,1,High
2020,4,Saturday,5,Punjab,Bahawalpur,Rural Road,Good,Rainy,Dawn/Dusk,Rickshaw,1,Signal Violation,0,1,1,0,0,0,Low
2019,4,Monday,8,Punjab,Sheikhupura,Rural Road,Good,Dusty/Smoggy,Daylight,Motorcycle,3,Driver Fatigue,1,0,0,0,10,1,High
2023,12,Friday,7,Sindh,Nawabshah,Urban Road,Average,Clear,Daylight,Motorcycle,3,Over Speeding,1,0,0,1,1,0,Medium
2021,12,Tuesday,3,Sindh,Dadu,Motorway,Good,Rainy,No Light,Motorcycle,3,Over Speeding,0,0,1,1,4,3,High
2022,1,Friday,8,Punjab,Sialkot,Urban Road,Good,Rainy,Daylight,Car/Taxi,2,Driver Fatigue,1,0,0,1,2,0,Medium
2018,7,Saturday,17,Sindh,Mirpur Khas,Rural Road,Good,Foggy,Street Light,Van/Pickup,1,Signal Violation,1,1,0,0,1,1,Medium
2022,7,Saturday,11,KPK,Abbottabad,National Highway,Average,Clear,Daylight,Motorcycle,3,Over Speeding,0,1,0,0,3,1,High
2021,11,Sunday,22,Punjab,Rawalpindi,Rural Road,Under Repair,Foggy,No Light,Motorcycle,1,Wrong Overtaking,0,1,1,1,8,1,High
2019,4,Tuesday,20,Punjab,Sheikhupura,Provincial Highway,Poor,Extreme Heat,Street Light,Motorcycle,2,Pedestrian Error,1,0,0,0,1,0,Low
2020,10,Friday,20,Punjab,Sheikhupura,Rural Road,Good,Clear,No Light,Van/Pickup,2,Over Speeding,1,0,0,0,1,0,Low
2021,10,Tuesday,18,Balochistan,Khuzdar,Urban Road,Under Repair,Clear,Daylight,Car/Taxi,2,Over Speeding,1,0,0,0,0,0,Low
2023,8,Monday,6,Punjab,Rawalpindi,Provincial Highway,Average,Rainy,Daylight,Rickshaw,1,Over Speeding,0,0,0,0,7,4,High
2018,11,Saturday,9,Punjab,Gujranwala,National Highway,Poor,Clear,Daylight,Van/Pickup,2,Mobile Phone Use,1,1,0,1,1,0,Low
2022,11,Sunday,3,Balochistan,Quetta,Provincial Highway,Poor,Clear,No Light,Motorcycle,1,Signal Violation,0,1,1,1,4,1,Medium
2021,11,Saturday,12,Punjab,Lahore,National Highway,Good,Foggy,Dawn/Dusk,Motorcycle,2,Over Speeding,1,1,0,1,10,1,High
2021,7,Saturday,11,Sindh,Hyderabad,Rural Road,Good,Clear,Daylight,Rickshaw,2,Road Condition,0,1,0,0,0,0,Low
2018,5,Friday,12,Punjab,Rahim Yar Khan,National Highway,Poor,Rainy,Daylight,Motorcycle,1,Over Speeding,1,0,0,0,8,0,High
2020,12,Tuesday,22,AJK,Mirpur,National Highway,Good,Clear,Street Light,Motorcycle,2,Over Speeding,0,0,1,1,11,1,High
2018,5,Saturday,18,KPK,Mardan,Provincial Highway,Under Repair,Dusty/Smoggy,Daylight,Rickshaw,2,Road Condition,1,1,0,0,0,0,Low
2023,3,Sunday,12,Sindh,Hyderabad,Urban Road,Average,Extreme Heat,Daylight,Rickshaw,1,Over Speeding,1,1,0,0,1,0,Low
2018,5,Tuesday,7,Punjab,Sialkot,Urban Road,Good,Clear,Daylight,Car/Taxi,2,Over Speeding,1,0,0,0,4,2,Medium
2023,3,Wednesday,8,Punjab,Sheikhupura,National Highway,Poor,Foggy,Daylight,Car/Taxi,2,Over Speeding,1,0,0,0,9,1,High
2022,7,Friday,12,Sindh,Larkana,National Highway,Good,Foggy,Daylight,Motorcycle,1,Over Speeding,1,0,0,0,2,0,High
2023,5,Saturday,8,Punjab,Rawalpindi,Motorway,Good,Clear,Street Light,Rickshaw,2,Weather Condition,1,1,0,0,0,0,Low
2018,11,Thursday,17,Sindh,Hyderabad,Rural Road,Good,Clear,Daylight,Motorcycle,1,Wrong Overtaking,1,0,0,1,2,1,Medium
2022,12,Thursday,20,Sindh,Hyderabad,Provincial Highway,Good,Foggy,Street Light,Motorcycle,3,Over Speeding,1,0,0,1,5,0,High
2021,9,Sunday,16,KPK,Mardan,Urban Road,Average,Rainy,Street Light,Car/Taxi,1,Road Condition,0,1,0,0,1,0,Low
2020,12,Thursday,13,Punjab,Sargodha,Urban Road,Good,Clear,Daylight,Motorcycle,2,Road Condition,1,0,0,1,2,0,Low
2019,11,Tuesday,19,Sindh,Nawabshah,National Highway,Good,Dusty/Smoggy,Dawn/Dusk,Car/Taxi,2,Road Condition,1,0,0,1,4,0,Medium
2022,4,Saturday,9,KPK,Nowshera,National Highway,Under Repair,Clear,Dawn/Dusk,Rickshaw,1,Signal Violation,1,1,0,0,3,1,Medium
2018,7,Friday,12,Sindh,Sukkur,Provincial Highway,Average,Clear,Street Light,Car/Taxi,2,Over Speeding,1,0,0,0,3,1,Medium
2021,7,Sunday,6,KPK,Mardan,Provincial Highway,Good,Rainy,Street Light,Car/Taxi,2,Pedestrian Error,0,1,0,0,2,0,Low
2022,9,Sunday,11,Punjab,Gujranwala,Provincial Highway,Good,Foggy,Dawn/Dusk,Motorcycle,4,Over Speeding,0,1,0,0,11,0,High
2023,2,Sunday,18,KPK,Dera Ismail Khan,National Highway,Poor,Clear,Dawn/Dusk,Car/Taxi,1,Over Speeding,1,1,0,1,5,0,High
2023,1,Thursday,22,Islamabad,Islamabad,National Highway,Poor,Foggy,Street Light,Motorcycle,2,Mobile Phone Use,0,0,1,1,10,3,High
2020,5,Tuesday,17,Punjab,Sargodha,Motorway,Poor,Foggy,Daylight,Car/Taxi,2,Signal Violation,1,0,0,0,2,1,Medium
2023,7,Saturday,12,Punjab,Faisalabad,National Highway,Good,Foggy,Daylight,Motorcycle,3,Pedestrian Error,1,1,0,0,1,1,Medium
2022,10,Saturday,9,Punjab,Sialkot,Rural Road,Good,Foggy,Street Light,Car/Taxi,2,Wrong Overtaking,1,1,0,0,0,0,Low
2023,2,Monday,14,Sindh,Dadu,Provincial Highway,Under Repair,Rainy,Daylight,Truck/Lorry,1,Over Speeding,0,0,0,1,8,0,High
2023,3,Saturday,22,Sindh,Thatta,Provincial Highway,Poor,Foggy,Street Light,Car/Taxi,1,Over Speeding,0,1,1,0,5,1,High
2022,10,Monday,11,Punjab,Gujranwala,Provincial Highway,Average,Rainy,Street Light,Car/Taxi,2,Wrong Overtaking,0,0,0,0,4,1,Medium
2020,5,Wednesday,6,KPK,Kohat,National Highway,Good,Foggy,Street Light,Motorcycle,1,Over Speeding,0,0,0,0,5,4,High
2018,6,Monday,1,KPK,Swat,National Highway,Good,Rainy,No Light,Car/Taxi,2,Wrong Overtaking,0,0,1,0,2,0,High
2022,2,Sunday,18,Balochistan,Hub,National Highway,Under Repair,Clear,Daylight,Car/Taxi,1,Mechanical Failure,1,1,0,1,1,0,Low
2022,1,Saturday,13,Sindh,Mirpur Khas,Urban Road,Average,Foggy,Daylight,Motorcycle,1,Signal Violation,1,1,0,1,3,1,Medium
2022,1,Tuesday,15,Sindh,Kashmore,National Highway,Good,Dusty/Smoggy,Daylight,Motorcycle,2,Road Condition,0,0,0,1,2,0,Medium
2022,4,Friday,16,Balochistan,Loralai,Urban Road,Average,Clear,Daylight,Bus/Coach,2,Pedestrian Error,0,0,0,0,2,0,Low
2020,11,Saturday,10,Punjab,Faisalabad,Provincial Highway,Good,Clear,Daylight,Truck/Lorry,2,Driver Fatigue,0,1,0,1,5,0,Medium
2021,1,Friday,20,Sindh,Mirpur Khas,Urban Road,Under Repair,Foggy,Street Light,Bus/Coach,2,Wrong Overtaking,1,0,0,1,1,1,Medium
2023,12,Thursday,14,Sindh,Hyderabad,Rural Road,Average,Clear,Daylight,Motorcycle,2,Over Speeding,0,0,0,1,3,0,Medium
2023,3,Sunday,11,Punjab,Gujranwala,Provincial Highway,Good,Rainy,Daylight,Van/Pickup,3,Over Speeding,0,1,0,0,2,0,Medium
2021,8,Saturday,11,Punjab,Bahawalpur,National Highway,Good,Rainy,No Light,Car/Taxi,2,Drunk Driving,0,1,0,0,5,0,Medium
2023,7,Friday,13,Punjab,Gujranwala,Urban Road,Average,Clear,Daylight,Motorcycle,2,Over Speeding,1,0,0,0,2,0,Medium
2018,3,Saturday,22,Sindh,Sukkur,Provincial Highway,Average,Rainy,Street Light,Motorcycle,1,Over Speeding,0,1,1,0,2,3,High
2021,2,Wednesday,14,Sindh,Mirpur Khas,Rural Road,Good,Clear,Dawn/Dusk,Rickshaw,2,Wrong Overtaking,0,0,0,1,0,0,Low
2019,12,Sunday,21,KPK,Dera Ismail Khan,Rural Road,Poor,Foggy,No Light,Motorcycle,2,Over Speeding,0,1,0,1,8,2,High
2023,7,Thursday,20,Punjab,Lahore,Rural Road,Poor,Rainy,No Light,Car/Taxi,1,Over Speeding,1,0,0,0,2,0,Low
2019,1,Tuesday,6,Punjab,Rahim Yar Khan,Rural Road,Poor,Clear,Daylight,Motorcycle,1,Mechanical Failure,0,0,0,1,1,0,Low
2023,9,Monday,11,Sindh,Hyderabad,National Highway,Good,Clear,Daylight,Motorcycle,1,Signal Violation,0,0,0,0,4,1,High
2020,7,Saturday,13,Punjab,Lahore,Urban Road,Average,Clear,Dawn/Dusk,Car/Taxi,2,Mobile Phone Use,1,1,0,0,0,0,Low
2021,5,Friday,8,Punjab,Lahore,Urban Road,Good,Dusty/Smoggy,Daylight,Rickshaw,3,Drunk Driving,1,0,0,0,2,0,Medium
2020,1,Saturday,13,Punjab,Lahore,National Highway,Average,Clear,Daylight,Rickshaw,2,Road Condition,1,1,0,1,2,0,Low
2022,1,Tuesday,17,Punjab,Sialkot,National Highway,Poor,Foggy,Daylight,Motorcycle,1,Mobile Phone Use,1,0,0,1,5,2,Medium
2022,2,Friday,20,Punjab,Sargodha,Rural Road,Under Repair,Clear,Street Light,Motorcycle,3,Over Speeding,1,0,0,1,3,1,High
2019,5,Thursday,23,Punjab,Gujranwala,Motorway,Good,Rainy,No Light,Car/Taxi,2,Over Speeding,0,0,1,0,9,2,High
2018,4,Friday,2,KPK,Swat,Rural Road,Good,Clear,No Light,Bus/Coach,3,Mechanical Failure,0,0,1,0,2,0,Low
2020,4,Wednesday,15,Punjab,Multan,National Highway,Poor,Dusty/Smoggy,Daylight,Rickshaw,4,Mechanical Failure,0,0,0,0,1,0,Low
2023,5,Thursday,8,Punjab,Sargodha,Urban Road,Average,Foggy,Daylight,Rickshaw,3,Signal Violation,1,0,0,0,0,0,Low
2022,4,Friday,16,Islamabad,Islamabad,National Highway,Average,Dusty/Smoggy,Daylight,Motorcycle,1,Wrong Overtaking,0,0,0,0,6,2,High
2019,7,Wednesday,20,Sindh,Larkana,National Highway,Good,Foggy,Street Light,Truck/Lorry,3,Over Speeding,1,0,0,0,5,2,High
2021,10,Monday,15,Punjab,Gujranwala,National Highway,Good,Foggy,Daylight,Bus/Coach,1,Pedestrian Error,0,0,0,0,3,0,Medium
2018,3,Monday,23,Punjab,Sialkot,National Highway,Good,Rainy,Street Light,Motorcycle,2,Wrong Overtaking,0,0,1,0,11,3,High
2018,1,Sunday,8,Sindh,Mirpur Khas,Provincial Highway,Good,Clear,Street Light,Motorcycle,1,Over Speeding,1,1,0,1,5,1,High
2020,9,Tuesday,16,Sindh,Jacobabad,National Highway,Good,Rainy,Daylight,Rickshaw,2,Road Condition,0,0,0,0,1,1,Medium
2021,12,Thursday,16,Punjab,Sialkot,National Highway,Under Repair,Clear,Street Light,Car/Taxi,1,Over Speeding,0,0,0,1,5,1,Medium
2018,1,Wednesday,10,Punjab,Sialkot,National Highway,Average,Clear,Daylight,Rickshaw,1,Signal Violation,0,0,0,1,2,1,Low
2020,6,Tuesday,1,Islamabad,Islamabad,National Highway,Poor,Clear,No Light,Car/Taxi,2,Signal Violation,0,0,1,0,6,3,High
2019,7,Wednesday,3,Sindh,Nawabshah,Motorway,Good,Clear,Street Light,Motorcycle,4,Over Speeding,0,0,1,0,11,2,High
2020,1,Saturday,23,Sindh,Sukkur,National Highway,Poor,Foggy,Street Light,Motorcycle,2,Mobile Phone Use,0,1,1,1,11,4,High
2022,8,Friday,20,Punjab,Sialkot,National Highway,Average,Clear,No Light,Car/Taxi,3,Signal Violation,1,0,0,0,3,1,Medium
2019,12,Monday,16,Punjab,Sheikhupura,Rural Road,Poor,Foggy,Daylight,Motorcycle,2,Over Speeding,0,0,0,1,10,2,High
2022,1,Sunday,23,Punjab,Faisalabad,National Highway,Average,Foggy,Street Light,Motorcycle,3,Wrong Overtaking,0,1,1,1,10,2,High
2019,12,Saturday,19,Islamabad,Islamabad,Rural Road,Good,Clear,Dawn/Dusk,Motorcycle,2,Signal Violation,1,1,0,1,1,0,Medium
2023,8,Saturday,7,Punjab,Rawalpindi,National Highway,Good,Clear,Dawn/Dusk,Car/Taxi,1,Mechanical Failure,1,1,0,0,1,1,Medium
2022,1,Tuesday,16,Gilgit-Baltistan,Skardu,National Highway,Average,Rainy,Daylight,Rickshaw,1,Road Condition,0,0,0,1,4,0,Medium
2020,5,Friday,10,Punjab,Rawalpindi,Rural Road,Poor,Rainy,Daylight,Motorcycle,2,Over Speeding,0,0,0,0,10,3,High
2021,4,Tuesday,22,Punjab,Rawalpindi,National Highway,Poor,Clear,Street Light,Bus/Coach,2,Wrong Overtaking,0,0,1,0,9,2,High
2022,1,Sunday,19,Punjab,Sialkot,Provincial Highway,Poor,Clear,Dawn/Dusk,Motorcycle,3,Over Speeding,1,1,0,1,2,0,Medium
2020,10,Friday,7,Sindh,Hyderabad,Urban Road,Average,Clear,Daylight,Motorcycle,1,Driver Fatigue,1,0,0,0,3,1,Medium
2023,2,Tuesday,11,Sindh,Dadu,Provincial Highway,Poor,Foggy,Daylight,Motorcycle,1,Over Speeding,0,0,0,1,6,0,High
2020,12,Sunday,12,KPK,Kohat,National Highway,Good,Foggy,Street Light,Rickshaw,1,Road Condition,1,1,0,1,2,1,Medium
2019,11,Tuesday,22,Sindh,Sukkur,National Highway,Good,Rainy,Street Light,Car/Taxi,2,Signal Violation,0,0,1,1,3,0,Medium
2022,9,Thursday,14,Punjab,Bahawalpur,Rural Road,Poor,Clear,Daylight,Car/Taxi,2,Drunk Driving,0,0,0,0,2,0,Low
2021,6,Wednesday,10,KPK,Nowshera,Urban Road,Average,Clear,Street Light,Motorcycle,2,Pedestrian Error,0,0,0,0,0,0,Low
2019,6,Monday,7,Punjab,Gujranwala,Urban Road,Average,Extreme Heat,Dawn/Dusk,Bus/Coach,4,Signal Violation,1,0,0,0,1,0,Low
2023,6,Thursday,15,Sindh,Nawabshah,Rural Road,Poor,Clear,Daylight,Motorcycle,1,Road Condition,0,0,0,0,2,0,Medium
2023,2,Friday,13,Punjab,Lahore,Provincial Highway,Average,Clear,Daylight,Motorcycle,2,Wrong Overtaking,1,0,0,1,2,0,Medium
2018,7,Sunday,19,Sindh,Nawabshah,Rural Road,Good,Rainy,Street Light,Motorcycle,2,Pedestrian Error,1,1,0,0,2,0,Low
2021,1,Thursday,21,KPK,Dera Ismail Khan,Provincial Highway,Average,Clear,No Light,Motorcycle,4,Wrong Overtaking,0,0,0,1,10,1,High
2018,7,Wednesday,22,Punjab,Bahawalpur,Provincial Highway,Average,Clear,No Light,Bus/Coach,3,Over Speeding,0,0,1,0,5,0,High
2020,4,Tuesday,5,Islamabad,Islamabad,Provincial Highway,Under Repair,Foggy,Daylight,Bicycle,2,Wrong Overtaking,0,0,1,0,5,1,High
2022,4,Sunday,16,Balochistan,Dera Bugti,Motorway,Good,Clear,Daylight,Truck/Lorry,3,Mobile Phone Use,0,1,0,0,3,0,Medium
2022,1,Saturday,9,Punjab,Sialkot,Urban Road,Average,Clear,Street Light,Motorcycle,4,Mechanical Failure,1,1,0,1,0,0,Low
2018,2,Friday,9,Punjab,Multan,National Highway,Good,Rainy,No Light,Rickshaw,1,Wrong Overtaking,1,0,0,1,4,0,Medium
2020,1,Friday,1,KPK,Peshawar,Provincial Highway,Average,Clear,Street Light,Motorcycle,2,Mechanical Failure,0,0,1,1,4,1,Medium
2023,6,Sunday,18,Balochistan,Sibi,Urban Road,Average,Rainy,Dawn/Dusk,Motorcycle,1,Driver Fatigue,1,1,0,0,6,2,High
2023,12,Monday,6,Punjab,Gujranwala,Provincial Highway,Good,Dusty/Smoggy,Daylight,Motorcycle,1,Over Speeding,0,0,0,1,8,1,High
2021,4,Monday,12,Balochistan,Quetta,Urban Road,Average,Clear,No Light,Motorcycle,2,Road Condition,1,0,0,0,2,0,Low
2022,10,Sunday,20,Balochistan,Khuzdar,National Highway,Average,Clear,Street Light,Motorcycle,2,Signal Violation,1,1,0,0,11,2,High
2018,4,Wednesday,9,Sindh,Kashmore,Provincial Highway,Poor,Clear,Daylight,Motorcycle,3,Over Speeding,1,0,0,0,4,0,Medium
2019,6,Friday,11,KPK,Charsadda,Provincial Highway,Poor,Clear,No Light,Other,2,Drunk Driving,0,0,0,0,2,0,Medium
2022,1,Tuesday,21,Sindh,Dadu,Urban Road,Poor,Foggy,Street Light,Motorcycle,2,Road Condition,0,0,0,1,2,0,Low
2023,9,Tuesday,7,Sindh,Nawabshah,National Highway,Good,Clear,Dawn/Dusk,Rickshaw,2,Road Condition,1,0,0,0,2,0,Low
2021,11,Saturday,10,Punjab,Faisalabad,Provincial Highway,Good,Clear,Daylight,Car/Taxi,1,Wrong Overtaking,0,1,0,1,1,1,Low
2020,5,Monday,13,Punjab,Sialkot,Urban Road,Poor,Rainy,Daylight,Motorcycle,2,Wrong Overtaking,1,0,0,0,10,3,High
2023,2,Monday,6,KPK,Kohat,National Highway,Poor,Clear,Dawn/Dusk,Rickshaw,2,Over Speeding,0,0,0,1,2,0,Medium
2023,7,Sunday,20,Punjab,Sargodha,Provincial Highway,Poor,Rainy,No Light,Car/Taxi,2,Mechanical Failure,1,1,0,0,1,1,Medium
2021,11,Friday,12,Sindh,Dadu,Urban Road,Poor,Clear,Daylight,Car/Taxi,2,Over Speeding,1,0,0,1,1,1,Low
2019,6,Wednesday,16,Balochistan,Dera Bugti,Urban Road,Good,Foggy,Daylight,Van/Pickup,3,Pedestrian Error,0,0,0,0,0,0,Low
2023,4,Monday,23,Punjab,Rahim Yar Khan,National Highway,Under Repair,Clear,No Light,Car/Taxi,2,Wrong Overtaking,0,0,1,0,2,0,Medium
2020,9,Sunday,13,Punjab,Sialkot,Provincial Highway,Good,Foggy,Dawn/Dusk,Bus/Coach,1,Wrong Overtaking,1,1,0,0,5,1,Medium
2022,7,Saturday,8,Sindh,Mirpur Khas,National Highway,Average,Rainy,Daylight,Car/Taxi,2,Driver Fatigue,1,1,0,0,2,2,Medium
2022,10,Saturday,19,Punjab,Rawalpindi,Rural Road,Good,Clear,Dawn/Dusk,Truck/Lorry,2,Wrong Overtaking,1,1,0,0,2,0,Low
2020,7,Tuesday,16,Balochistan,Khuzdar,Urban Road,Average,Clear,Daylight,Motorcycle,2,Over Speeding,0,0,0,0,5,4,High
2021,7,Friday,7,Punjab,Gujranwala,National Highway,Under Repair,Clear,Daylight,Rickshaw,2,Over Speeding,1,0,0,0,9,2,High
2019,10,Tuesday,0,Sindh,Larkana,Urban Road,Average,Clear,Street Light,Motorcycle,1,Wrong Overtaking,0,0,1,0,4,0,Medium
2022,9,Saturday,18,Punjab,Faisalabad,Urban Road,Average,Clear,Dawn/Dusk,Car/Taxi,2,Signal Violation,1,1,0,0,0,0,Low
2022,6,Sunday,20,Punjab,Faisalabad,National Highway,Good,Clear,Street Light,Van/Pickup,2,Road Condition,1,1,0,0,1,0,Low
2019,12,Sunday,13,Punjab,Rawalpindi,Provincial Highway,Good,Rainy,Daylight,Motorcycle,2,Over Speeding,1,1,0,1,7,1,High
2022,7,Monday,11,Punjab,Bahawalpur,Urban Road,Good,Clear,Daylight,Motorcycle,1,Over Speeding,0,0,0,0,4,1,Medium
2019,2,Monday,16,Sindh,Mirpur Khas,Provincial Highway,Average,Clear,Daylight,Bicycle,2,Pedestrian Error,0,0,0,1,1,0,Low
2022,1,Wednesday,9,Sindh,Mirpur Khas,Provincial Highway,Good,Clear,Daylight,Bicycle,2,Wrong Overtaking,1,0,0,1,11,0,High
2023,4,Sunday,8,Punjab,Gujranwala,National Highway,Good,Clear,Daylight,Motorcycle,2,Road Condition,1,1,0,0,3,0,High
2018,2,Tuesday,14,Punjab,Faisalabad,National Highway,Average,Clear,Daylight,Motorcycle,2,Road Condition,0,0,0,1,6,2,High
2020,6,Sunday,17,Sindh,Nawabshah,Motorway,Under Repair,Clear,Daylight,Other,1,Pedestrian Error,1,1,0,0,0,0,Low
2019,7,Monday,18,KPK,Peshawar,Rural Road,Average,Dusty/Smoggy,Dawn/Dusk,Car/Taxi,1,Pedestrian Error,1,0,0,0,1,0,Low
2022,9,Monday,19,Sindh,Larkana,National Highway,Good,Clear,No Light,Motorcycle,2,Over Speeding,1,0,0,0,3,0,High
2023,12,Saturday,15,Punjab,Bahawalpur,Provincial Highway,Good,Foggy,Daylight,Rickshaw,3,Over Speeding,0,1,0,1,3,1,Medium
2021,1,Saturday,3,Balochistan,Sibi,Urban Road,Average,Rainy,Street Light,Car/Taxi,2,Over Speeding,0,1,1,1,7,1,High
2020,6,Friday,22,Balochistan,Zhob,National Highway,Under Repair,Foggy,Street Light,Rickshaw,2,Over Speeding,0,0,1,0,9,2,High
2021,6,Saturday,23,Punjab,Rahim Yar Khan,Urban Road,Good,Clear,Street Light,Car/Taxi,4,Mechanical Failure,0,1,1,0,1,0,Low
2023,7,Wednesday,18,Sindh,Nawabshah,Urban Road,Good,Clear,Daylight,Bicycle,1,Road Condition,1,0,0,0,0,0,Low
2023,7,Monday,22,Sindh,Larkana,Urban Road,Good,Clear,No Light,Bicycle,4,Wrong Overtaking,0,0,1,0,4,2,Medium
2019,11,Friday,15,Islamabad,Islamabad,Urban Road,Good,Clear,Daylight,Motorcycle,1,Pedestrian Error,0,0,0,1,1,0,Low
2021,6,Saturday,8,Sindh,Jacobabad,National Highway,Average,Foggy,Street Light,Car/Taxi,1,Pedestrian Error,1,1,0,0,5,0,Medium
2020,12,Saturday,8,Islamabad,Islamabad,National Highway,Good,Foggy,Daylight,Motorcycle,2,Signal Violation,1,1,0,1,3,1,High
2019,4,Friday,10,Punjab,Gujranwala,Provincial Highway,Poor,Clear,Daylight,Motorcycle,1,Wrong Overtaking,0,0,0,0,8,1,High
2021,11,Sunday,6,Punjab,Lahore,Rural Road,Good,Clear,Street Light,Motorcycle,1,Over Speeding,0,1,0,1,2,0,Medium
2023,11,Saturday,14,KPK,Bannu,Rural Road,Good,Foggy,Daylight,Car/Taxi,2,Wrong Overtaking,0,1,0,1,1,0,Low
2022,4,Friday,5,KPK,Charsadda,Rural Road,Under Repair,Clear,Dawn/Dusk,Car/Taxi,2,Driver Fatigue,0,0,1,0,2,0,Medium
2019,11,Sunday,15,KPK,Dera Ismail Khan,Provincial Highway,Poor,Clear,Dawn/Dusk,Rickshaw,1,Over Speeding,0,1,0,1,1,0,Low
2022,4,Tuesday,19,Balochistan,Quetta,Motorway,Poor,Clear,Street Light,Car/Taxi,2,Pedestrian Error,1,0,0,0,2,0,Low
2018,2,Saturday,16,KPK,Peshawar,National Highway,Average,Clear,Daylight,Motorcycle,2,Over Speeding,0,1,0,1,10,3,High
2020,8,Wednesday,14,Sindh,Dadu,Provincial Highway,Average,Extreme Heat,Dawn/Dusk,Motorcycle,2,Wrong Overtaking,0,0,0,0,2,1,Medium
2019,10,Wednesday,12,Sindh,Hyderabad,Provincial Highway,Good,Clear,Daylight,Motorcycle,1,Driver Fatigue,1,0,0,0,6,3,High
2022,1,Sunday,19,Sindh,Larkana,Urban Road,Poor,Clear,Street Light,Rickshaw,1,Over Speeding,1,1,0,1,3,2,Medium
2023,3,Friday,7,Punjab,Lahore,Urban Road,Good,Clear,Daylight,Car/Taxi,2,Signal Violation,1,0,0,0,0,0,Low
2018,1,Friday,21,Sindh,Kashmore,Urban Road,Good,Clear,Street Light,Truck/Lorry,3,Signal Violation,0,0,0,1,1,0,Low
2020,8,Saturday,13,Punjab,Rawalpindi,Rural Road,Poor,Clear,Daylight,Bus/Coach,1,Mechanical Failure,1,1,0,0,0,0,Low
2018,6,Wednesday,12,Punjab,Sialkot,Urban Road,Under Repair,Extreme Heat,Daylight,Car/Taxi,2,Mechanical Failure,1,0,0,0,2,0,Low
2023,3,Thursday,10,Punjab,Rawalpindi,Urban Road,Good,Extreme Heat,Daylight,Truck/Lorry,1,Signal Violation,0,0,0,0,1,0,Medium
2023,7,Saturday,22,Islamabad,Islamabad,National Highway,Average,Clear,Street Light,Motorcycle,1,Pedestrian Error,0,1,1,0,3,1,Medium
2018,8,Wednesday,13,Punjab,Multan,National Highway,Poor,Rainy,Daylight,Motorcycle,1,Signal Violation,1,0,0,0,2,1,High
2019,1,Thursday,21,Punjab,Sheikhupura,Provincial Highway,Good,Clear,No Light,Motorcycle,1,Pedestrian Error,0,0,0,1,2,0,Low
2020,5,Sunday,17,Sindh,Sukkur,Provincial Highway,Poor,Clear,Daylight,Motorcycle,1,Pedestrian Error,1,1,0,0,1,0,Medium
2022,5,Sunday,18,Punjab,Gujranwala,National Highway,Average,Foggy,Dawn/Dusk,Motorcycle,3,Over Speeding,1,1,0,0,3,1,High
2022,9,Wednesday,13,Punjab,Bahawalpur,National Highway,Good,Clear,Daylight,Car/Taxi,3,Over Speeding,1,0,0,0,10,2,High
2023,9,Wednesday,18,Punjab,Gujranwala,Provincial Highway,Average,Clear,Daylight,Motorcycle,1,Driver Fatigue,1,0,0,0,4,3,High
2020,8,Friday,8,Punjab,Sargodha,Provincial Highway,Good,Clear,Dawn/Dusk,Bus/Coach,2,Mobile Phone Use,1,0,0,0,2,1,Medium
2020,2,Saturday,2,KPK,Dera Ismail Khan,Rural Road,Poor,Clear,No Light,Motorcycle,2,Over Speeding,0,1,1,1,6,2,High
2019,4,Tuesday,18,KPK,Mansehra,National Highway,Good,Clear,Daylight,Car/Taxi,1,Signal Violation,1,0,0,0,2,0,Low
2023,8,Thursday,12,Punjab,Bahawalpur,Urban Road,Average,Foggy,Dawn/Dusk,Car/Taxi,4,Over Speeding,1,0,0,0,0,0,Low
2022,2,Tuesday,2,KPK,Mansehra,Urban Road,Good,Clear,Street Light,Car/Taxi,2,Signal Violation,0,0,1,1,2,0,Low
2021,2,Thursday,14,Sindh,Jacobabad,Provincial Highway,Good,Clear,Daylight,Van/Pickup,2,Pedestrian Error,0,0,0,1,0,0,Low
2022,3,Tuesday,7,KPK,Charsadda,Urban Road,Good,Clear,Daylight,Car/Taxi,3,Wrong Overtaking,1,0,0,0,2,0,Low
2020,12,Wednesday,16,Sindh,Mirpur Khas,Provincial Highway,Good,Clear,Daylight,Car/Taxi,1,Road Condition,0,0,0,1,0,0,Low
2022,12,Sunday,13,Punjab,Bahawalpur,Provincial Highway,Good,Rainy,Street Light,Car/Taxi,2,Road Condition,1,1,0,1,2,0,Low
2022,10,Monday,7,KPK,Mardan,Provincial Highway,Poor,Clear,No Light,Car/Taxi,2,Pedestrian Error,1,0,0,0,2,0,Low
2023,7,Sunday,10,Punjab,Sialkot,Urban Road,Good,Clear,Daylight,Rickshaw,1,Signal Violation,0,1,0,0,0,0,Low
2019,9,Tuesday,20,Punjab,Sialkot,Provincial Highway,Average,Clear,No Light,Rickshaw,3,Pedestrian Error,1,0,0,0,1,0,Low
2019,9,Saturday,21,Punjab,Sargodha,Provincial Highway,Poor,Dusty/Smoggy,No Light,Truck/Lorry,1,Wrong Overtaking,0,1,0,0,4,0,Medium