year,month,day_of_week,hour_of_day,province,district,road_type,road_condition,weather_condition,lighting_condition,vehicle_type,vehicles_involved,accident_cause,is_rush_hour,is_weekend,is_night,is_foggy_month,num_injured,num_killed,severity
2021,4,Tuesday,20,KPK,Nowshera,Urban Road,Under Repair,Clear,Street Light,Motorcycle,3,Signal Violation,1,0,0,0,2,0,Low
2020,5,Friday,23,Sindh,Larkana,Urban Road,Average,Clear,Street Light,Bus/Coach,2,Over Speeding,0,0,1,0,2,0,Medium
2020,7,Saturday,16,Punjab,Sheikhupura,National Highway,Poor,Clear,Daylight,Car/Taxi,1,Drunk Driving,0,1,0,0,2,1,Medium
2019,9,Friday,21,KPK,Abbottabad,Urban Road,Average,Foggy,No Light,Motorcycle,2,Wrong Overtaking,0,0,0,0,7,1,High
2019,11,Friday,13,Balochistan,Sibi,Provincial Highway,Poor,Clear,Street Light,Motorcycle,1,Mechanical Failure,1,0,0,1,1,0,Medium
2022,5,Tuesday,10,Sindh,Dadu,Rural Road,Under Repair,Clear,Daylight,Truck/Lorry,2,Signal Violation,0,0,0,0,2,0,Low
2020,12,Wednesday,22,Punjab,Rawalpindi,National Highway,Under Repair,Clear,Street Light,Van/Pickup,2,Road Condition,0,0,1,1,3,1,Medium
2022,1,Sunday,6,Sindh,Sukkur,Rural Road,Good,Rainy,Daylight,Car/Taxi,2,Pedestrian Error,0,1,0,1,2,0,Low
2018,4,Sunday,21,Punjab,Lahore,Urban Road,Average,Extreme Heat,No Light,Truck/Lorry,2,Signal Violation,0,1,0,0,2,0,Medium
2021,7,Saturday,12,KPK,Nowshera,Rural Road,Average,Clear,Dawn/Dusk,Motorcycle,2,Wrong Overtaking,1,1,0,0,3,1,Medium
2018,7,Tuesday,4,KPK,Charsadda,National Highway,Good,Clear,No Light,Rickshaw,3,Wrong Overtaking,0,0,1,0,5,0,Medium
2018,6,Saturday,23,Punjab,Sargodha,Rural Road,Good,Clear,Street Light,Rickshaw,2,Driver Fatigue,0,1,1,0,1,0,Low
2019,12,Saturday,6,Punjab,Sargodha,Provincial Highway,Good,Clear,Daylight,Motorcycle,2,Over Speeding,0,1,0,1,4,1,High
2022,8,Saturday,21,Punjab,Gujranwala,Provincial Highway,Average,Foggy,Street Light,Motorcycle,2,Over Speeding,0,1,0,0,7,0,High
2018,9,Wednesday,14,Sindh,Jacobabad,National Highway,Average,Clear,Daylight,Car/Taxi,4,Mobile Phone Use,0,0,0,0,2,0,Low
2023,5,Sunday,8,Punjab,Rahim Yar Khan,Rural Road,Good,Extreme Heat,Daylight,Motorcycle,1,Wrong Overtaking,1,1,0,0,1,0,Medium
2021,7,Saturday,23,Sindh,Larkana,National Highway,Good,Clear,Street Light,Bus/Coach,2,Over Speeding,0,1,1,0,9,1,High
2018,1,Friday,15,Punjab,Lahore,Provincial Highway,Good,Rainy,Daylight,Van/Pickup,2,Wrong Overtaking,0,0,0,1,5,0,Medium
2018,12,Wednesday,6,Punjab,Rahim Yar Khan,National Highway,Good,Dusty/Smoggy,Daylight,Rickshaw,1,Mobile Phone Use,0,0,0,1,1,0,Low
2020,1,Saturday,11,Sindh,Larkana,Provincial Highway,Poor,Clear,Street Light,Motorcycle,1,Road Condition,0,1,0,1,3,0,Medium
2021,8,Saturday,8,Sindh,Larkana,Rural Road,Good,Foggy,Dawn/Dusk,Car/Taxi,1,Signal Violation,1,1,0,0,1,0,Low
2022,1,Thursday,16,Sindh,Larkana,National Highway,Good,Clear,Daylight,Motorcycle,2,Drunk Driving,0,0,0,1,5,1,High
2022,8,Sunday,11,Punjab,Sialkot,Urban Road,Average,Foggy,Daylight,Motorcycle,2,Wrong Overtaking,0,1,0,0,8,0,High
2022,7,Friday,11,Punjab,Lahore,Rural Road,Good,Rainy,Daylight,Motorcycle,1,Signal Violation,0,0,0,0,3,0,Medium
2019,12,Sunday,14,KPK,Swat,Provincial Highway,Poor,Foggy,Street Light,Motorcycle,2,Weather Condition,0,1,0,1,2,0,Medium
2020,11,Thursday,18,KPK,Peshawar,Urban Road,Good,Clear,Daylight,Motorcycle,2,Over Speeding,1,0,0,1,3,0,Medium
2020,3,Sunday,18,KPK,Peshawar,National Highway,Poor,Clear,Daylight,Bicycle,1,Wrong Overtaking,1,1,0,0,3,1,High
2020,7,Thursday,11,Punjab,Gujranwala,Rural Road,Good,Clear,Dawn/Dusk,Rickshaw,2,Signal Violation,0,0,0,0,0,0,Low
2021,9,Thursday,19,Punjab,Rahim Yar Khan,National Highway,Average,Clear,No Light,Car/Taxi,1,Signal Violation,1,0,0,0,1,0,Medium
2023,11,Monday,17,Sindh,Dadu,Urban Road,Poor,Clear,Daylight,Bus/Coach,4,Road Condition,1,0,0,1,1,0,Low
2020,10,Friday,7,Balochistan,Sibi,National Highway,Under Repair,Extreme Heat,Daylight,Rickshaw,2,Wrong Overtaking,1,0,0,0,1,0,Medium
2023,1,Wednesday,18,Balochistan,Quetta,National Highway,Average,Clear,Dawn/Dusk,Bus/Coach,3,Mechanical Failure,1,0,0,1,3,0,Medium
2020,4,Saturday,23,KPK,Mansehra,Rural Road,Good,Rainy,Street Light,Van/Pickup,3,Over Speeding,0,1,1,0,5,0,Medium
2018,5,Wednesday,10,Punjab,Sheikhupura,National Highway,Good,Dusty/Smoggy,Daylight,Car/Taxi,3,Mechanical Failure,0,0,0,0,5,2,Medium
2021,12,Friday,6,KPK,Peshawar,National Highway,Average,Clear,Daylight,Rickshaw,1,Over Speeding,0,0,0,1,8,2,High
2019,12,Wednesday,17,Balochistan,Turbat,Rural Road,Good,Clear,Street Light,Car/Taxi,3,Mechanical Failure,1,0,0,1,1,0,Low
2019,1,Thursday,9,Punjab,Rahim Yar Khan,Provincial Highway,Poor,Clear,Daylight,Truck/Lorry,2,Over Speeding,1,0,0,1,2,0,Medium
2020,2,Thursday,7,Punjab,Rawalpindi,Urban Road,Poor,Clear,Daylight,Van/Pickup,2,Mechanical Failure,1,0,0,1,1,0,Low
2021,7,Wednesday,14,Sindh,Mirpur Khas,Provincial Highway,Good,Rainy,Daylight,Car/Taxi,2,Wrong Overtaking,0,0,0,0,3,1,Medium
2019,12,Wednesday,12,Punjab,Rahim Yar Khan,Provincial Highway,Average,Clear,Daylight,Motorcycle,3,Driver Fatigue,1,0,0,1,7,2,High
2019,6,Tuesday,18,Sindh,Thatta,Provincial Highway,Poor,Clear,Dawn/Dusk,Van/Pickup,1,Over Speeding,1,0,0,0,3,0,Medium
2018,3,Saturday,11,Balochistan,Khuzdar,Urban Road,Average,Rainy,Daylight,Truck/Lorry,2,Over Speeding,0,1,0,0,2,3,High
2023,8,Thursday,13,Balochistan,Loralai,National Highway,Poor,Rainy,Daylight,Car/Taxi,1,Over Speeding,1,0,0,0,3,2,Medium
2023,4,Tuesday,7,Islamabad,Islamabad,Provincial Highway,Poor,Clear,No Light,Car/Taxi,1,Mechanical Failure,1,0,0,0,0,0,Low
2018,12,Monday,18,Sindh,Karachi,Urban Road,Average,Clear,Daylight,Motorcycle,3,Signal Violation,1,0,0,1,0,0,Low
2018,12,Friday,15,Punjab,Rahim Yar Khan,Rural Road,Average,Dusty/Smoggy,Daylight,Rickshaw,2,Drunk Driving,0,0,0,1,0,0,Low
2018,2,Tuesday,23,KPK,Kohat,National Highway,Average,Rainy,No Light,Rickshaw,3,Over Speeding,0,0,1,1,11,1,High
2022,12,Thursday,22,Punjab,Faisalabad,National Highway,Good,Clear,Street Light,Bus/Coach,2,Wrong Overtaking,0,0,1,1,10,2,High
2019,5,Saturday,11,Punjab,Gujranwala,Urban Road,Poor,Clear,Daylight,Rickshaw,2,Wrong Overtaking,0,1,0,0,1,0,Low
2022,5,Sunday,22,KPK,Kohat,National Highway,Average,Foggy,No Light,Van/Pickup,1,Road Condition,0,1,1,0,5,0,Medium
2019,1,Monday,18,Punjab,Rahim Yar Khan,Urban Road,Average,Dusty/Smoggy,No Light,Rickshaw,4,Road Condition,1,0,0,1,0,0,Low
2022,2,Thursday,8,Punjab,Sialkot,National Highway,Good,Clear,No Light,Car/Taxi,1,Over Speeding,1,0,0,1,6,1,High
2021,9,Thursday,1,Punjab,Gujranwala,National Highway,Good,Foggy,No Light,Motorcycle,4,Over Speeding,0,0,1,0,5,0,High
2023,10,Saturday,19,Islamabad,Islamabad,Urban Road,Good,Clear,Dawn/Dusk,Motorcycle,2,Pedestrian Error,1,1,0,0,2,0,Low
2020,9,Saturday,18,Punjab,Lahore,Urban Road,Average,Clear,No Light,Van/Pickup,3,Over Speeding,1,1,0,0,2,0,Medium
2018,11,Sunday,12,Sindh,Kashmore,Rural Road,Poor,Clear,Daylight,Rickshaw,3,Wrong Overtaking,1,1,0,1,2,0,Low
2022,12,Friday,19,Islamabad,Islamabad,Rural Road,Average,Clear,Street Light,Van/Pickup,3,Pedestrian Error,1,0,0,1,1,0,Low
2019,8,Sunday,21,Sindh,Hyderabad,National Highway,Good,Dusty/Smoggy,No Light,Motorcycle,3,Drunk Driving,0,1,0,0,4,0,High
2018,2,Monday,19,Punjab,Sargodha,National Highway,Good,Clear,Dawn/Dusk,Truck/Lorry,1,Weather Condition,1,0,0,1,2,0,Low
2021,1,Wednesday,9,Sindh,Sukkur,National Highway,Good,Foggy,Daylight,Car/Taxi,1,Signal Violation,1,0,0,1,5,0,Medium
2019,9,Monday,16,Punjab,Bahawalpur,Urban Road,Poor,Extreme Heat,Daylight,Rickshaw,2,Signal Violation,0,0,0,0,1,0,Low
2020,12,Wednesday,16,Punjab,Faisalabad,Motorway,Poor,Clear,Dawn/Dusk,Motorcycle,2,Mechanical Failure,0,0,0,1,1,0,Medium
2018,3,Tuesday,6,Balochistan,Khuzdar,Rural Road,Average,Clear,Dawn/Dusk,Motorcycle,1,Over Speeding,0,0,0,0,5,0,Medium
2019,6,Wednesday,7,Punjab,Rahim Yar Khan,National Highway,Good,Clear,Daylight,Truck/Lorry,3,Mechanical Failure,1,0,0,0,1,2,Medium
2019,5,Wednesday,5,KPK,Nowshera,Urban Road,Good,Clear,Dawn/Dusk,Motorcycle,2,Signal Violation,0,0,1,0,6,2,High
2020,1,Thursday,8,Sindh,Karachi,Urban Road,Poor,Clear,Dawn/Dusk,Bus/Coach,1,Mechanical Failure,1,0,0,1,1,0,Low
2022,10,Saturday,13,Punjab,Rahim Yar Khan,Rural Road,Good,Clear,Daylight,Motorcycle,2,Over Speeding,1,1,0,0,1,1,Medium
2023,1,Tuesday,18,Sindh,Mirpur Khas,National Highway,Good,Clear,No Light,Motorcycle,2,Wrong Overtaking,1,0,0,1,2,0,Medium
2022,6,Wednesday,21,Punjab,Sargodha,Urban Road,Under Repair,Foggy,No Light,Bus/Coach,3,Drunk Driving,0,0,0,0,7,1,High
2022,6,Saturday,21,Punjab,Lahore,Provincial Highway,Good,Clear,No Light,Car/Taxi,1,Pedestrian Error,0,1,0,0,0,0,Low
2022,12,Friday,12,Sindh,Karachi,Provincial Highway,Under Repair,Clear,Dawn/Dusk,Motorcycle,1,Road Condition,1,0,0,1,1,0,Low
2020,2,Friday,13,Punjab,Multan,National Highway,Poor,Clear,Daylight,Motorcycle,1,Wrong Overtaking,1,0,0,1,1,0,Medium
2020,1,Saturday,17,KPK,Nowshera,Rural Road,Good,Clear,Dawn/Dusk,Motorcycle,1,Pedestrian Error,1,1,0,1,1,0,Low
2022,6,Saturday,5,Punjab,Lahore,Urban Road,Good,Foggy,Dawn/Dusk,Van/Pickup,2,Pedestrian Error,0,1,1,0,2,0,Low
2023,12,Tuesday,9,Sindh,Nawabshah,Rural Road,Average,Foggy,Daylight,Truck/Lorry,3,Mechanical Failure,1,0,0,1,1,0,Low
2023,8,Thursday,9,KPK,Swat,Provincial Highway,Good,Clear,Daylight,Motorcycle,2,Drunk Driving,1,0,0,0,11,1,High
2020,12,Monday,11,Sindh,Mirpur Khas,Provincial Highway,Good,Dusty/Smoggy,Daylight,Motorcycle,1,Wrong Overtaking,0,0,0,1,3,2,Medium
2020,1,Saturday,6,Balochistan,Turbat,Provincial Highway,Poor,Dusty/Smoggy,Daylight,Motorcycle,3,Pedestrian Error,0,1,0,1,3,2,Medium
2018,7,Tuesday,16,Sindh,Hyderabad,Provincial Highway,Under Repair,Rainy,Daylight,Car/Taxi,2,Wrong Overtaking,0,0,0,0,3,0,Medium
2018,12,Tuesday,12,Islamabad,Islamabad,Provincial Highway,Under Repair,Extreme Heat,Daylight,Motorcycle,2,Pedestrian Error,1,0,0,1,2,0,Low
2022,4,Thursday,6,Punjab,Rahim Yar Khan,Provincial Highway,Poor,Clear,Daylight,Truck/Lorry,3,Drunk Driving,0,0,0,0,4,0,Medium
2020,4,Saturday,18,Islamabad,Islamabad,National Highway,Poor,Clear,Street Light,Motorcycle,2,Mechanical Failure,1,1,0,0,4,1,Medium
2019,9,Saturday,19,Sindh,Dadu,Urban Road,Average,Clear,No Light,Motorcycle,3,Over Speeding,1,1,0,0,3,4,High
2022,10,Sunday,9,KPK,Mansehra,Rural Road,Good,Foggy,Daylight,Motorcycle,1,Road Condition,1,1,0,0,3,1,Medium
2018,8,Thursday,10,Balochistan,Khuzdar,National Highway,Good,Clear,Daylight,Motorcycle,2,Pedestrian Error,0,0,0,0,5,0,Medium
2022,4,Wednesday,17,Sindh,Hyderabad,Provincial Highway,Poor,Clear,Daylight,Truck/Lorry,2,Over Speeding,1,0,0,0,10,0,High
2022,12,Thursday,10,Balochistan,Sibi,Urban Road,Poor,Clear,Daylight,Car/Taxi,2,Signal Violation,0,0,0,1,1,1,Low
2018,11,Monday,7,Sindh,Jacobabad,Provincial Highway,Average,Clear,Daylight,Car/Taxi,2,Over Speeding,1,0,0,1,4,0,Medium
2018,12,Friday,10,Sindh,Dadu,Provincial Highway,Good,Clear,Dawn/Dusk,Truck/Lorry,1,Over Speeding,0,0,0,1,3,1,High
2022,3,Monday,9,Sindh,Thatta,National Highway,Poor,Clear,Daylight,Car/Taxi,2,Mobile Phone Use,1,0,0,0,0,0,Low
2021,1,Saturday,9,Punjab,Bahawalpur,Rural Road,Under Repair,Clear,Daylight,Bicycle,1,Road Condition,1,1,0,1,1,0,Medium
2021,2,Wednesday,2,Sindh,Mirpur Khas,Provincial Highway,Poor,Clear,Street Light,Motorcycle,2,Wrong Overtaking,0,0,1,1,6,0,High
2023,9,Monday,18,AJK,Rawalakot,National Highway,Good,Clear,Daylight,Car/Taxi,3,Wrong Overtaking,1,0,0,0,2,0,Medium
2019,1,Sunday,0,KPK,Nowshera,Provincial Highway,Good,Extreme Heat,No Light,Bicycle,3,Over Speeding,0,1,1,1,2,0,High
2023,3,Friday,19,KPK,Kohat,National Highway,Average,Foggy,Street Light,Motorcycle,2,Driver Fatigue,1,0,0,0,11,2,High
2023,6,Thursday,3,Sindh,Kashmore,Motorway,Poor,Clear,Street Light,Bus/Coach,2,Signal Violation,0,0,1,0,2,0,High
2019,1,Monday,9,Punjab,Sargodha,Provincial Highway,Good,Clear,Dawn/Dusk,Rickshaw,2,Pedestrian Error,1,0,0,1,2,0,Low
2023,2,Tuesday,1,Punjab,Sialkot,Provincial Highway,Average,Rainy,Street Light,Truck/Lorry,3,Mechanical Failure,0,0,1,1,5,1,High
2022,3,Wednesday,10,Punjab,Multan,Motorway,Average,Clear,Daylight,Truck/Lorry,1,Over Speeding,0,0,0,0,5,0,High
2018,2,Sunday,19,Punjab,Sargodha,Provincial Highway,Poor,Foggy,Dawn/Dusk,Car/Taxi,2,Over Speeding,1,1,0,1,2,0,Medium
2018,5,Wednesday,17,KPK,Mansehra,Rural Road,Average,Clear,Daylight,Motorcycle,2,Pedestrian Error,1,0,0,0,2,0,Low
2023,12,Thursday,8,KPK,Nowshera,National Highway,Average,Foggy,No Light,Motorcycle,3,Wrong Overtaking,1,0,0,1,11,1,High
2022,7,Monday,10,Punjab,Rahim Yar Khan,National Highway,Good,Clear,Daylight,Rickshaw,4,Over Speeding,0,0,0,0,9,2,High
2021,8,Monday,11,Punjab,Lahore,Provincial Highway,Under Repair,Rainy,Daylight,Motorcycle,3,Wrong Overtaking,0,0,0,0,4,1,Medium
2022,4,Wednesday,19,Punjab,Sheikhupura,Motorway,Good,Rainy,Dawn/Dusk,Bicycle,1,Wrong Overtaking,1,0,0,0,3,0,High
2021,11,Monday,12,Punjab,Rahim Yar Khan,Urban Road,Good,Foggy,Daylight,Motorcycle,3,Wrong Overtaking,1,0,0,1,10,1,High
2020,6,Saturday,11,Sindh,Thatta,National Highway,Poor,Clear,Daylight,Rickshaw,2,Mechanical Failure,0,1,0,0,2,1,Medium
2018,4,Saturday,15,Punjab,Rawalpindi,Motorway,Poor,Foggy,No Light,Rickshaw,3,Over Speeding,0,1,0,0,4,1,High
2018,10,Friday,20,Punjab,Lahore,Provincial Highway,Good,Clear,No Light,Motorcycle,2,Wrong Overtaking,1,0,0,0,10,4,High
2021,7,Friday,15,Balochistan,Turbat,Urban Road,Good,Clear,Daylight,Van/Pickup,1,Pedestrian Error,0,0,0,0,0,0,Low
2023,3,Monday,7,Punjab,Sialkot,Motorway,Average,Rainy,Daylight,Rickshaw,2,Drunk Driving,1,0,0,0,5,2,High
2022,8,Sunday,6,KPK,Nowshera,Urban Road,Under Repair,Foggy,Dawn/Dusk,Rickshaw,1,Over Speeding,0,1,0,0,1,0,Medium
2021,5,Wednesday,12,Sindh,Hyderabad,Provincial Highway,Average,Clear,Daylight,Car/Taxi,2,Signal Violation,1,0,0,0,0,0,Low
2021,9,Saturday,5,Punjab,Bahawalpur,Rural Road,Good,Clear,Dawn/Dusk,Motorcycle,3,Wrong Overtaking,0,1,1,0,4,1,High
2023,11,Wednesday,21,KPK,Mansehra,Rural Road,Under Repair,Foggy,No Light,Car/Taxi,1,Over Speeding,0,0,0,1,3,2,Medium
2020,7,Monday,17,Sindh,Mirpur Khas,Motorway,Good,Foggy,Daylight,Car/Taxi,2,Over Speeding,1,0,0,0,3,2,Medium
2019,6,Saturday,13,Punjab,Gujranwala,Motorway,Good,Clear,Daylight,Motorcycle,3,Signal Violation,1,1,0,0,11,0,High
2021,2,Monday,21,Punjab,Sialkot,Provincial Highway,Average,Rainy,No Light,Motorcycle,2,Driver Fatigue,0,0,0,1,2,1,High
2022,10,Monday,7,KPK,Peshawar,Urban Road,Good,Clear,No Light,Rickshaw,2,Mechanical Failure,1,0,0,0,2,0,Low
2020,9,Sunday,9,Sindh,Sukkur,Urban Road,Under Repair,Clear,Daylight,Truck/Lorry,1,Over Speeding,1,1,0,0,2,0,Low
2018,4,Sunday,0,Punjab,Sargodha,National Highway,Good,Clear,Street Light,Rickshaw,1,Wrong Overtaking,0,1,1,0,5,0,Medium
2019,6,Monday,19,Punjab,Sialkot,Urban Road,Poor,Clear,No Light,Bus/Coach,1,Over Speeding,1,0,0,0,4,0,Medium
2022,5,Wednesday,12,Punjab,Sargodha,Urban Road,Good,Clear,Daylight,Bus/Coach,1,Pedestrian Error,1,0,0,0,1,0,Low
2019,3,Saturday,8,KPK,Mardan,National Highway,Average,Clear,Street Light,Motorcycle,2,Road Condition,1,1,0,0,11,0,High
2022,11,Sunday,19,KPK,Mansehra,Rural Road,Poor,Clear,Dawn/Dusk,Bicycle,2,Drunk Driving,1,1,0,1,8,1,High
2023,7,Monday,1,Sindh,Mirpur Khas,National Highway,Poor,Rainy,No Light,Motorcycle,4,Driver Fatigue,0,0,1,0,2,1,High
2018,12,Friday,13,Punjab,Rawalpindi,National Highway,Good,Rainy,Daylight,Bus/Coach,3,Drunk Driving,1,0,0,1,3,1,High
2022,12,Thursday,16,Islamabad,Islamabad,Provincial Highway,Average,Foggy,No Light,Motorcycle,2,Drunk Driving,0,0,0,1,10,0,High
2022,11,Sunday,10,Sindh,Kashmore,Motorway,Average,Foggy,No Light,Car/Taxi,1,Driver Fatigue,0,1,0,1,8,2,High
2019,3,Friday,23,KPK,Mardan,National Highway,Good,Clear,Street Light,Car/Taxi,2,Over Speeding,0,0,1,0,11,1,High
2020,4,Friday,12,Punjab,Gujranwala,National Highway,Good,Clear,Dawn/Dusk,Other,2,Road Condition,1,0,0,0,1,0,Low
2023,1,Saturday,18,Sindh,Jacobabad,Provincial Highway,Good,Clear,Street Light,Car/Taxi,1,Pedestrian Error,1,1,0,1,2,0,Low
2020,4,Sunday,8,Balochistan,Zhob,Rural Road,Average,Foggy,Daylight,Motorcycle,1,Wrong Overtaking,1,1,0,0,2,1,Medium
2022,6,Sunday,8,Punjab,Rawalpindi,Rural Road,Poor,Clear,Dawn/Dusk,Bus/Coach,1,Drunk Driving,1,1,0,0,5,0,Medium
2018,1,Friday,20,KPK,Mansehra,National Highway,Good,Clear,Street Light,Motorcycle,2,Drunk Driving,1,0,0,1,8,1,High
2020,1,Thursday,14,Sindh,Dadu,Urban Road,Under Repair,Rainy,Daylight,Truck/Lorry,4,Wrong Overtaking,0,0,0,1,5,1,Medium
2022,10,Tuesday,20,Punjab,Rawalpindi,Rural Road,Average,Clear,No Light,Motorcycle,2,Signal Violation,1,0,0,0,2,1,Medium
2019,12,Sunday,18,KPK,Mardan,National Highway,Good,Extreme Heat,Dawn/Dusk,Car/Taxi,1,Mobile Phone Use,1,1,0,1,1,0,Low
2021,2,Monday,17,Punjab,Sheikhupura,Provincial Highway,Good,Clear,Daylight,Car/Taxi,2,Mechanical Failure,1,0,0,1,0,0,Low
2022,7,Monday,20,KPK,Kohat,Provincial Highway,Good,Foggy,No Light,Motorcycle,2,Mechanical Failure,1,0,0,0,2,0,Medium
2021,2,Friday,12,Gilgit-Baltistan,Gilgit,Rural Road,Good,Clear,Dawn/Dusk,Car/Taxi,3,Over Speeding,1,0,0,1,1,0,Low
2020,10,Tuesday,21,Islamabad,Islamabad,National Highway,Poor,Rainy,No Light,Motorcycle,1,Over Speeding,0,0,0,0,5,4,High
2021,12,Sunday,7,KPK,Peshawar,Provincial Highway,Average,Clear,Street Light,Bus/Coach,2,Mechanical Failure,1,1,0,1,2,0,Low
2022,8,Monday,7,Sindh,Dadu,Rural Road,Average,Clear,Daylight,Motorcycle,1,Pedestrian Error,1,0,0,0,5,1,Medium
2018,9,Sunday,7,KPK,Charsadda,Urban Road,Poor,Extreme Heat,Street Light,Car/Taxi,3,Mechanical Failure,1,1,0,0,0,0,Low
2022,5,Saturday,13,KPK,Mardan,Rural Road,Average,Clear,Daylight,Van/Pickup,3,Weather Condition,1,1,0,0,1,0,Low
2023,11,Sunday,21,Punjab,Lahore,Rural Road,Average,Clear,Street Light,Car/Taxi,2,Road Condition,0,1,0,1,2,0,Low
2023,9,Saturday,17,Punjab,Rahim Yar Khan,Urban Road,Good,Clear,Dawn/Dusk,Car/Taxi,4,Over Speeding,1,1,0,0,0,0,Low
2021,1,Thursday,11,Sindh,Dadu,National Highway,Poor,Clear,Daylight,Bicycle,3,Wrong Overtaking,0,0,0,1,9,2,High
2023,5,Saturday,7,Punjab,Multan,Provincial Highway,Good,Clear,Daylight,Motorcycle,3,Driver Fatigue,1,1,0,0,8,2,High
2022,6,Sunday,11,Balochistan,Zhob,Provincial Highway,Poor,Foggy,Street Light,Car/Taxi,2,Wrong Overtaking,0,1,0,0,1,1,Medium
2022,11,Friday,3,Sindh,Larkana,National Highway,Poor,Clear,No Light,Motorcycle,2,Wrong Overtaking,0,0,1,1,7,2,High
2021,1,Sunday,8,Punjab,Rahim Yar Khan,National Highway,Good,Clear,Daylight,Motorcycle,2,Over Speeding,1,1,0,1,9,2,High
2022,11,Sunday,21,Punjab,Multan,Provincial Highway,Poor,Clear,No Light,Rickshaw,2,Over Speeding,0,1,0,1,2,0,Medium
2022,11,Friday,12,Balochistan,Chaman,Rural Road,Poor,Foggy,Dawn/Dusk,Car/Taxi,2,Over Speeding,1,0,0,1,0,0,Low
2019,6,Saturday,14,Islamabad,Islamabad,Provincial Highway,Poor,Rainy,Daylight,Bicycle,2,Wrong Overtaking,0,1,0,0,3,1,High
2021,12,Sunday,18,Punjab,Sheikhupura,National Highway,Good,Clear,Dawn/Dusk,Motorcycle,1,Over Speeding,1,1,0,1,9,4,High
2021,6,Friday,20,KPK,Kohat,Rural Road,Good,Rainy,No Light,Motorcycle,2,Wrong Overtaking,1,0,0,0,4,0,Medium
2022,2,Wednesday,18,Sindh,Sukkur,Rural Road,Under Repair,Clear,Street Light,Rickshaw,1,Over Speeding,1,0,0,1,0,0,Low
2021,4,Saturday,18,Sindh,Jacobabad,National Highway,Good,Clear,Daylight,Car/Taxi,1,Road Condition,1,1,0,0,0,0,Low
2022,12,Tuesday,2,KPK,Mardan,Provincial Highway,Average,Foggy,Street Light,Rickshaw,2,Signal Violation,0,0,1,1,4,1,High
2023,6,Friday,2,Punjab,Faisalabad,National Highway,Average,Rainy,No Light,Car/Taxi,3,Signal Violation,0,0,1,0,3,3,High
2021,8,Thursday,8,Sindh,Dadu,Rural Road,Good,Extreme Heat,Daylight,Van/Pickup,2,Over Speeding,1,0,0,0,2,0,Low
2021,11,Saturday,10,Punjab,Sialkot,National Highway,Good,Extreme Heat,Daylight,Truck/Lorry,2,Weather Condition,0,1,0,1,4,0,Medium
2022,4,Saturday,11,Punjab,Sheikhupura,Rural Road,Poor,Clear,No Light,Car/Taxi,1,Over Speeding,0,1,0,0,1,0,Low
2020,11,Tuesday,12,Punjab,Gujranwala,National Highway,Average,Clear,Dawn/Dusk,Van/Pickup,2,Mechanical Failure,1,0,0,1,1,0,Low
2021,7,Saturday,4,Punjab,Lahore,National Highway,Good,Clear,No Light,Car/Taxi,1,Pedestrian Error,0,1,1,0,0,0,Low
2020,8,Tuesday,8,Sindh,Hyderabad,National Highway,Good,Clear,Daylight,Motorcycle,2,Over Speeding,1,0,0,0,7,0,High
2023,6,Monday,20,Punjab,Rawalpindi,Urban Road,Good,Clear,Street Light,Car/Taxi,4,Over Speeding,1,0,0,0,1,0,Low
2020,12,Monday,18,Sindh,Kashmore,Rural Road,Good,Clear,Daylight,Rickshaw,3,Signal Violation,1,0,0,1,2,0,Low
2020,4,Saturday,6,Sindh,Thatta,Provincial Highway,Good,Rainy,Daylight,Motorcycle,1,Wrong Overtaking,0,1,0,0,5,1,High
2022,7,Saturday,20,Balochistan,Khuzdar,Rural Road,Average,Clear,Street Light,Truck/Lorry,1,Wrong Overtaking,1,1,0,0,5,0,Medium
2023,6,Saturday,18,Sindh,Sukkur,National Highway,Good,Dusty/Smoggy,Daylight,Motorcycle,2,Mechanical Failure,1,1,0,0,5,1,Medium
2021,7,Sunday,19,AJK,Muzaffarabad,Provincial Highway,Under Repair,Clear,Street Light,Car/Taxi,2,Over Speeding,1,1,0,0,3,0,Medium
2021,7,Saturday,15,Punjab,Sargodha,Rural Road,Good,Clear,Street Light,Truck/Lorry,1,Over Speeding,0,1,0,0,5,1,Medium
2022,9,Saturday,9,KPK,Bannu,National Highway,Good,Clear,Daylight,Motorcycle,2,Signal Violation,1,1,0,0,3,2,High
2023,7,Friday,12,Punjab,Multan,Provincial Highway,Poor,Dusty/Smoggy,Daylight,Rickshaw,1,Signal Violation,1,0,0,0,1,1,Medium
2018,12,Friday,20,KPK,Swat,National Highway,Poor,Dusty/Smoggy,Street Light,Motorcycle,1,Signal Violation,1,0,0,1,3,1,Medium
2021,9,Friday,0,Punjab,Sheikhupura,National Highway,Good,Clear,No Light,Motorcycle,3,Over Speeding,0,0,1,0,7,2,High
2022,10,Thursday,11,Sindh,Mirpur Khas,Urban Road,Average,Dusty/Smoggy,Daylight,Car/Taxi,2,Over Speeding,0,0,0,0,1,1,Low
2023,10,Monday,13,Punjab,Sialkot,Urban Road,Average,Clear,Daylight,Car/Taxi,1,Over Speeding,1,0,0,0,1,0,Low
2021,4,Wednesday,23,Punjab,Sargodha,National Highway,Poor,Clear,Street Light,Bus/Coach,1,Driver Fatigue,0,0,1,0,7,2,High
2023,1,Saturday,19,KPK,Mansehra,Urban Road,Average,Clear,No Light,Car/Taxi,2,Over Speeding,1,1,0,1,3,0,Medium
2022,3,Friday,14,Balochistan,Turbat,Motorway,Under Repair,Foggy,Daylight,Motorcycle,3,Weather Condition,0,0,0,0,4,2,High