year,month,day_of_week,hour_of_day,province,district,road_type,road_condition,weather_condition,lighting_condition,vehicle_type,vehicles_involved,accident_cause,is_rush_hour,is_weekend,is_night,is_foggy_month,num_injured,num_killed,severity
2018,12,Monday,14,Punjab,Sheikhupura,National Highway,Average,Clear,Daylight,Car/Taxi,3,Wrong Overtaking,0,0,0,1,1,0,Low
2018,10,Sunday,5,Islamabad,Islamabad,National Highway,Good,Extreme Heat,No Light,Car/Taxi,2,Wrong Overtaking,0,1,1,0,5,0,Medium
2021,2,Friday,17,Punjab,Faisalabad,Provincial Highway,Good,Rainy,Daylight,Motorcycle,1,Wrong Overtaking,1,0,0,1,11,3,High
2023,5,Tuesday,16,KPK,Bannu,Provincial Highway,Good,Rainy,No Light,Car/Taxi,1,Mechanical Failure,0,0,0,0,0,0,Low
2020,5,Sunday,8,Islamabad,Islamabad,National Highway,Good,Clear,Daylight,Motorcycle,2,Over Speeding,1,1,0,0,11,1,High
2020,1,Thursday,12,Punjab,Sialkot,Provincial Highway,Good,Foggy,Daylight,Bus/Coach,2,Driver Fatigue,1,0,0,1,5,1,Medium
2020,4,Wednesday,4,Sindh,Mirpur Khas,National Highway,Average,Clear,No Light,Motorcycle,2,Wrong Overtaking,0,0,1,0,4,0,High
2019,4,Sunday,8,Punjab,Bahawalpur,Provincial Highway,Poor,Foggy,Street Light,Motorcycle,3,Pedestrian Error,1,1,0,0,4,0,Medium
2023,7,Sunday,8,Punjab,Faisalabad,Urban Road,Good,Clear,No Light,Motorcycle,2,Wrong Overtaking,1,1,0,0,1,0,Medium
2021,4,Friday,8,KPK,Peshawar,Rural Road,Average,Dusty/Smoggy,Daylight,Motorcycle,3,Over Speeding,1,0,0,0,5,1,High
2023,7,Tuesday,10,KPK,Nowshera,Urban Road,Average,Clear,Daylight,Motorcycle,3,Over Speeding,0,0,0,0,2,0,Medium
2022,6,Friday,16,Islamabad,Islamabad,Urban Road,Average,Rainy,Street Light,Bus/Coach,2,Drunk Driving,0,0,0,0,2,0,High
2022,8,Monday,19,Punjab,Sialkot,Rural Road,Average,Rainy,Daylight,Car/Taxi,3,Pedestrian Error,1,0,0,0,0,0,Low
2018,12,Thursday,9,Sindh,Larkana,Motorway,Poor,Clear,No Light,Motorcycle,1,Road Condition,1,0,0,1,5,0,Medium
2023,4,Friday,20,Sindh,Larkana,Provincial Highway,Poor,Clear,No Light,Car/Taxi,4,Wrong Overtaking,1,0,0,0,0,0,Low
2021,7,Friday,8,Balochistan,Zhob,Urban Road,Good,Foggy,Street Light,Motorcycle,1,Over Speeding,1,0,0,0,9,1,High
2019,5,Saturday,18,Punjab,Sargodha,Provincial Highway,Under Repair,Clear,Dawn/Dusk,Car/Taxi,2,Signal Violation,1,1,0,0,1,1,Medium
2018,3,Monday,8,AJK,Mirpur,Urban Road,Average,Clear,Daylight,Motorcycle,3,Over Speeding,1,0,0,0,5,2,High
2023,1,Saturday,8,Sindh,Jacobabad,Provincial Highway,Good,Dusty/Smoggy,Street Light,Car/Taxi,1,Signal Violation,1,1,0,1,0,0,Low
2023,4,Saturday,8,Sindh,Kashmore,National Highway,Good,Foggy,Daylight,Motorcycle,2,Over Speeding,1,1,0,0,6,4,High
2023,5,Thursday,8,Punjab,Sargodha,Urban Road,Under Repair,Extreme Heat,Dawn/Dusk,Motorcycle,1,Over Speeding,1,0,0,0,1,0,Medium
2021,8,Sunday,20,Balochistan,Zhob,Urban Road,Average,Clear,Street Light,Van/Pickup,2,Road Condition,1,1,0,0,2,0,Low
2019,9,Saturday,19,Sindh,Sukkur,Provincial Highway,Average,Rainy,Dawn/Dusk,Car/Taxi,1,Over Speeding,1,1,0,0,9,0,High
2022,8,Thursday,9,KPK,Charsadda,Rural Road,Good,Rainy,Daylight,Car/Taxi,1,Signal Violation,1,0,0,0,3,0,Medium
2021,1,Saturday,13,Sindh,Karachi,Urban Road,Good,Clear,Daylight,Car/Taxi,2,Over Speeding,1,1,0,1,0,0,Low
2023,9,Tuesday,17,Punjab,Bahawalpur,National Highway,Average,Rainy,Daylight,Motorcycle,4,Driver Fatigue,1,0,0,0,3,3,High
2021,2,Sunday,6,Punjab,Sargodha,Urban Road,Average,Rainy,Daylight,Van/Pickup,1,Mechanical Failure,0,1,0,1,2,1,Low
2019,10,Wednesday,20,KPK,Mardan,Provincial Highway,Good,Clear,No Light,Truck/Lorry,3,Road Condition,1,0,0,0,4,0,Medium
2020,2,Saturday,18,Punjab,Lahore,National Highway,Good,Foggy,Daylight,Car/Taxi,2,Mechanical Failure,1,1,0,1,0,0,Low
2021,12,Saturday,10,Balochistan,Chaman,Rural Road,Average,Foggy,Daylight,Car/Taxi,2,Wrong Overtaking,0,1,0,1,1,0,Low
2023,2,Wednesday,12,Sindh,Larkana,Rural Road,Poor,Foggy,Daylight,Motorcycle,3,Over Speeding,1,0,0,1,3,4,High
2022,5,Friday,14,Punjab,Rahim Yar Khan,National Highway,Good,Clear,Dawn/Dusk,Rickshaw,1,Over Speeding,0,0,0,0,11,3,High
2018,1,Monday,19,Sindh,Kashmore,National Highway,Under Repair,Clear,Street Light,Bus/Coach,1,Driver Fatigue,1,0,0,1,2,2,High
2020,1,Saturday,14,Sindh,Dadu,Rural Road,Average,Clear,Daylight,Motorcycle,1,Wrong Overtaking,0,1,0,1,1,1,Low
2022,6,Monday,14,KPK,Swat,Urban Road,Poor,Rainy,Daylight,Rickshaw,1,Over Speeding,0,0,0,0,3,0,Medium
2023,8,Sunday,17,KPK,Charsadda,National Highway,Poor,Dusty/Smoggy,Daylight,Rickshaw,2,Pedestrian Error,1,1,0,0,1,1,Low
2020,1,Friday,13,Punjab,Bahawalpur,Provincial Highway,Good,Dusty/Smoggy,Daylight,Car/Taxi,2,Wrong Overtaking,1,0,0,1,0,0,Low
2018,1,Friday,17,Islamabad,Islamabad,Urban Road,Poor,Clear,No Light,Car/Taxi,1,Over Speeding,1,0,0,1,0,1,Low
2023,4,Monday,14,Punjab,Lahore,Rural Road,Poor,Dusty/Smoggy,Daylight,Car/Taxi,1,Driver Fatigue,0,0,0,0,1,0,Low
2023,12,Saturday,4,Balochistan,Hub,National Highway,Poor,Clear,No Light,Car/Taxi,2,Signal Violation,0,1,1,1,6,3,High
2020,9,Friday,12,Punjab,Multan,Urban Road,Poor,Clear,Daylight,Motorcycle,2,Signal Violation,1,0,0,0,2,0,Low
2023,4,Friday,1,Punjab,Multan,National Highway,Under Repair,Foggy,No Light,Motorcycle,3,Mechanical Failure,0,0,1,0,5,2,High
2023,4,Saturday,5,Sindh,Dadu,Urban Road,Poor,Clear,Street Light,Rickshaw,2,Mobile Phone Use,0,1,1,0,0,0,Low
2023,3,Friday,9,Punjab,Rawalpindi,Urban Road,Under Repair,Foggy,Daylight,Motorcycle,1,Over Speeding,1,0,0,0,10,3,High
2020,8,Thursday,12,AJK,Muzaffarabad,Motorway,Average,Rainy,Daylight,Car/Taxi,1,Pedestrian Error,1,0,0,0,4,1,Medium
2022,7,Friday,15,Punjab,Bahawalpur,National Highway,Good,Clear,Street Light,Bus/Coach,1,Road Condition,0,0,0,0,5,2,Medium
2018,6,Saturday,16,Punjab,Multan,National Highway,Good,Clear,Daylight,Car/Taxi,2,Signal Violation,0,1,0,0,1,0,Low
2022,11,Sunday,8,Punjab,Faisalabad,Urban Road,Average,Rainy,Daylight,Car/Taxi,2,Wrong Overtaking,1,1,0,1,2,0,Low
2019,1,Thursday,7,Punjab,Rahim Yar Khan,Motorway,Average,Rainy,Daylight,Bus/Coach,1,Wrong Overtaking,1,0,0,1,3,2,High
2019,2,Monday,6,Sindh,Jacobabad,Urban Road,Good,Clear,No Light,Motorcycle,4,Road Condition,0,0,0,1,0,0,Low
2021,12,Sunday,13,Sindh,Sukkur,Provincial Highway,Poor,Clear,Daylight,Car/Taxi,2,Wrong Overtaking,1,1,0,1,0,0,Low
2019,10,Sunday,14,Punjab,Sialkot,Rural Road,Average,Clear,Daylight,Rickshaw,3,Over Speeding,0,1,0,0,2,0,Medium
2020,4,Saturday,21,Punjab,Rawalpindi,Urban Road,Good,Clear,Street Light,Bus/Coach,2,Over Speeding,0,1,0,0,1,0,Low
2019,7,Tuesday,6,Punjab,Multan,National Highway,Good,Clear,Daylight,Car/Taxi,1,Drunk Driving,0,0,0,0,9,1,High
2019,8,Saturday,10,Punjab,Faisalabad,Provincial Highway,Poor,Clear,Daylight,Truck/Lorry,4,Over Speeding,0,1,0,0,4,0,Medium
2020,6,Wednesday,22,KPK,Kohat,Urban Road,Average,Clear,No Light,Rickshaw,2,Over Speeding,0,0,1,0,2,0,Medium
2018,7,Saturday,17,KPK,Dera Ismail Khan,Rural Road,Poor,Rainy,Dawn/Dusk,Motorcycle,2,Over Speeding,1,1,0,0,3,2,Medium
2018,1,Friday,2,KPK,Nowshera,Rural Road,Good,Extreme Heat,Street Light,Motorcycle,1,Over Speeding,0,0,1,1,5,0,Medium
2021,6,Friday,8,Islamabad,Islamabad,Provincial Highway,Good,Clear,Daylight,Motorcycle,3,Signal Violation,1,0,0,0,9,1,High
2020,6,Wednesday,3,Balochistan,Turbat,Provincial Highway,Average,Clear,No Light,Truck/Lorry,4,Road Condition,0,0,1,0,2,0,Low
2023,11,Thursday,16,Sindh,Mirpur Khas,Provincial Highway,Average,Clear,No Light,Motorcycle,2,Weather Condition,0,0,0,1,5,1,Medium
2020,7,Thursday,10,Punjab,Sialkot,Provincial Highway,Good,Rainy,Daylight,Car/Taxi,1,Wrong Overtaking,0,0,0,0,1,0,Low
2023,8,Friday,11,Balochistan,Zhob,Motorway,Average,Foggy,Daylight,Motorcycle,1,Road Condition,0,0,0,0,9,2,High
2022,5,Friday,9,Sindh,Hyderabad,National Highway,Good,Rainy,Daylight,Motorcycle,2,Mechanical Failure,1,0,0,0,2,1,High
2021,11,Sunday,12,Punjab,Faisalabad,National Highway,Poor,Dusty/Smoggy,Daylight,Motorcycle,1,Signal Violation,1,1,0,1,8,2,High
2022,2,Friday,20,Sindh,Hyderabad,Rural Road,Good,Rainy,No Light,Motorcycle,1,Wrong Overtaking,1,0,0,1,4,0,Medium
2023,4,Saturday,10,Gilgit-Baltistan,Hunza,National Highway,Good,Rainy,Daylight,Bus/Coach,2,Over Speeding,0,1,0,0,5,0,High
2022,6,Sunday,8,Balochistan,Turbat,National Highway,Average,Clear,Daylight,Car/Taxi,2,Pedestrian Error,1,1,0,0,2,0,Low
2022,7,Monday,7,Punjab,Sheikhupura,National Highway,Good,Clear,Daylight,Motorcycle,1,Pedestrian Error,1,0,0,0,1,0,Medium
2023,4,Thursday,15,Islamabad,Islamabad,National Highway,Poor,Clear,Street Light,Motorcycle,1,Over Speeding,0,0,0,0,6,2,High
2023,6,Thursday,18,AJK,Mirpur,Provincial Highway,Average,Dusty/Smoggy,Daylight,Van/Pickup,2,Over Speeding,1,0,0,0,0,0,Low
2023,4,Wednesday,13,Punjab,Gujranwala,National Highway,Good,Rainy,Daylight,Rickshaw,2,Signal Violation,1,0,0,0,3,0,Medium
2020,7,Wednesday,15,Balochistan,Sibi,National Highway,Average,Clear,Daylight,Rickshaw,2,Mobile Phone Use,0,0,0,0,0,0,Low
2023,1,Tuesday,7,Balochistan,Chaman,Provincial Highway,Poor,Rainy,Daylight,Car/Taxi,4,Road Condition,1,0,0,1,1,0,Low
2023,12,Sunday,17,Punjab,Gujranwala,National Highway,Under Repair,Dusty/Smoggy,Daylight,Car/Taxi,2,Mechanical Failure,1,1,0,1,2,0,Low
2022,12,Wednesday,13,KPK,Nowshera,Urban Road,Poor,Clear,Daylight,Motorcycle,1,Wrong Overtaking,1,0,0,1,5,0,Medium
2022,5,Sunday,16,Punjab,Faisalabad,National Highway,Good,Clear,Daylight,Bus/Coach,2,Road Condition,0,1,0,0,2,0,Low
2021,5,Friday,19,KPK,Dera Ismail Khan,Urban Road,Good,Clear,Dawn/Dusk,Motorcycle,1,Over Speeding,1,0,0,0,7,1,High
2018,12,Wednesday,7,Balochistan,Dera Bugti,Urban Road,Average,Rainy,Daylight,Motorcycle,2,Wrong Overtaking,1,0,0,1,10,0,High
2021,2,Monday,13,Sindh,Jacobabad,Urban Road,Good,Foggy,Daylight,Motorcycle,2,Signal Violation,1,0,0,1,4,0,Medium
2022,5,Tuesday,18,Punjab,Gujranwala,Rural Road,Good,Rainy,Daylight,Motorcycle,2,Over Speeding,1,0,0,0,7,0,High
2023,1,Tuesday,19,Islamabad,Islamabad,Provincial Highway,Good,Clear,No Light,Car/Taxi,1,Over Speeding,1,0,0,1,2,0,Medium
2020,4,Friday,10,AJK,Mirpur,National Highway,Good,Rainy,Daylight,Car/Taxi,2,Wrong Overtaking,0,0,0,0,11,2,High
2023,12,Wednesday,23,Punjab,Sheikhupura,Provincial Highway,Good,Rainy,Street Light,Truck/Lorry,3,Pedestrian Error,0,0,1,1,5,2,Medium
2023,7,Sunday,8,Islamabad,Islamabad,Urban Road,Good,Dusty/Smoggy,Daylight,Motorcycle,2,Over Speeding,1,1,0,0,9,3,High
2021,7,Sunday,19,Punjab,Bahawalpur,National Highway,Good,Foggy,Street Light,Motorcycle,2,Over Speeding,1,1,0,0,10,0,High
2022,8,Wednesday,15,Punjab,Faisalabad,Rural Road,Poor,Rainy,Street Light,Motorcycle,1,Wrong Overtaking,0,0,0,0,5,1,Medium
2022,11,Sunday,14,KPK,Dera Ismail Khan,National Highway,Good,Dusty/Smoggy,Daylight,Rickshaw,3,Wrong Overtaking,0,1,0,1,4,0,Medium
2022,7,Saturday,9,KPK,Mansehra,Rural Road,Average,Clear,Daylight,Rickshaw,1,Signal Violation,1,1,0,0,1,0,Low
2019,5,Monday,14,KPK,Peshawar,National Highway,Good,Clear,Daylight,Rickshaw,1,Over Speeding,0,0,0,0,9,2,High
2018,7,Wednesday,19,Punjab,Bahawalpur,Provincial Highway,Good,Foggy,Dawn/Dusk,Truck/Lorry,3,Over Speeding,1,0,0,0,10,1,High
2023,3,Saturday,7,Punjab,Lahore,National Highway,Poor,Foggy,Daylight,Car/Taxi,3,Signal Violation,1,1,0,0,10,0,High
2022,6,Wednesday,17,Islamabad,Islamabad,Provincial Highway,Good,Clear,Daylight,Motorcycle,3,Drunk Driving,1,0,0,0,1,1,Medium
2019,3,Friday,19,Punjab,Faisalabad,Urban Road,Good,Foggy,Dawn/Dusk,Bus/Coach,2,Wrong Overtaking,1,0,0,0,4,1,Medium
2018,4,Saturday,12,Punjab,Multan,Urban Road,Good,Foggy,Street Light,Car/Taxi,2,Road Condition,1,1,0,0,1,0,Low
2018,12,Sunday,22,KPK,Dera Ismail Khan,Urban Road,Average,Foggy,No Light,Car/Taxi,1,Wrong Overtaking,0,1,1,1,1,2,Medium
2022,7,Friday,11,Sindh,Hyderabad,Motorway,Poor,Foggy,Daylight,Car/Taxi,2,Road Condition,0,0,0,0,1,0,Medium
2022,3,Tuesday,2,Punjab,Gujranwala,National Highway,Good,Clear,No Light,Rickshaw,2,Signal Violation,0,0,1,0,8,3,High
2021,5,Thursday,8,Punjab,Sargodha,National Highway,Average,Clear,Daylight,Car/Taxi,3,Pedestrian Error,1,0,0,0,1,2,Medium
2018,5,Thursday,4,Balochistan,Loralai,Rural Road,Average,Clear,Street Light,Truck/Lorry,2,Wrong Overtaking,0,0,1,0,2,0,Low
2021,12,Friday,16,AJK,Mirpur,Motorway,Poor,Clear,Daylight,Motorcycle,1,Drunk Driving,0,0,0,1,7,1,High
2022,5,Saturday,13,Punjab,Gujranwala,Urban Road,Average,Foggy,Daylight,Motorcycle,4,Over Speeding,1,1,0,0,9,0,High
2022,2,Tuesday,22,Sindh,Sukkur,Rural Road,Under Repair,Foggy,Street Light,Rickshaw,3,Mechanical Failure,0,0,1,1,4,0,Medium
2022,2,Sunday,3,Punjab,Gujranwala,Rural Road,Average,Clear,Street Light,Car/Taxi,1,Over Speeding,0,1,1,1,0,0,Low
2022,12,Wednesday,20,KPK,Swat,Rural Road,Average,Clear,No Light,Rickshaw,1,Over Speeding,1,0,0,1,2,0,Low
2021,6,Friday,16,Punjab,Sialkot,Rural Road,Good,Rainy,Daylight,Motorcycle,1,Over Speeding,0,0,0,0,3,1,High
2019,12,Wednesday,13,KPK,Peshawar,Urban Road,Good,Foggy,Daylight,Motorcycle,1,Drunk Driving,1,0,0,1,11,1,High
2023,3,Wednesday,17,Sindh,Karachi,National Highway,Good,Clear,No Light,Motorcycle,3,Pedestrian Error,1,0,0,0,10,1,High
2018,12,Monday,9,Sindh,Thatta,National Highway,Good,Clear,Daylight,Motorcycle,2,Over Speeding,1,0,0,1,9,1,High
2022,3,Saturday,20,Balochistan,Zhob,Urban Road,Good,Clear,No Light,Car/Taxi,2,Over Speeding,1,1,0,0,0,0,Low
2022,5,Wednesday,20,Sindh,Dadu,Motorway,Average,Clear,Street Light,Motorcycle,1,Mechanical Failure,1,0,0,0,4,2,Medium
2022,8,Sunday,16,Balochistan,Dera Bugti,Provincial Highway,Good,Rainy,No Light,Rickshaw,3,Signal Violation,0,1,0,0,5,1,Medium
2023,12,Sunday,14,Punjab,Lahore,Urban Road,Good,Clear,Daylight,Bus/Coach,2,Road Condition,0,1,0,1,2,1,Low
2022,11,Friday,6,Punjab,Sargodha,National Highway,Poor,Clear,Daylight,Motorcycle,2,Over Speeding,0,0,0,1,5,0,High
2018,1,Monday,20,Sindh,Karachi,National Highway,Average,Clear,Street Light,Car/Taxi,1,Signal Violation,1,0,0,1,0,0,Low
2018,12,Tuesday,7,Sindh,Jacobabad,National Highway,Good,Foggy,Daylight,Motorcycle,2,Driver Fatigue,1,0,0,1,4,0,High
2023,2,Saturday,10,Sindh,Jacobabad,Rural Road,Poor,Foggy,No Light,Motorcycle,2,Over Speeding,0,1,0,1,3,0,Medium
2023,1,Tuesday,15,KPK,Charsadda,Motorway,Good,Clear,Daylight,Motorcycle,3,Over Speeding,0,0,0,1,2,2,High
2018,7,Tuesday,13,Sindh,Mirpur Khas,National Highway,Poor,Clear,Daylight,Bicycle,2,Wrong Overtaking,1,0,0,0,3,1,High
2022,6,Monday,9,Balochistan,Chaman,Provincial Highway,Good,Rainy,Daylight,Motorcycle,2,Pedestrian Error,1,0,0,0,1,2,Medium
2022,8,Friday,12,Sindh,Kashmore,National Highway,Good,Clear,Daylight,Motorcycle,3,Signal Violation,1,0,0,0,3,2,High
2019,2,Saturday,0,Punjab,Gujranwala,Rural Road,Good,Rainy,Street Light,Motorcycle,2,Over Speeding,0,1,1,1,2,1,High
2018,6,Monday,19,Punjab,Sheikhupura,Provincial Highway,Poor,Clear,Dawn/Dusk,Car/Taxi,1,Wrong Overtaking,1,0,0,0,1,0,Low
2022,1,Thursday,9,Balochistan,Chaman,Rural Road,Good,Clear,Daylight,Bus/Coach,1,Over Speeding,1,0,0,1,4,2,Medium
2022,12,Friday,9,Punjab,Sargodha,Urban Road,Average,Clear,Daylight,Rickshaw,1,Mechanical Failure,1,0,0,1,0,1,Low
2023,6,Sunday,3,Punjab,Sargodha,Provincial Highway,Average,Clear,Street Light,Truck/Lorry,1,Over Speeding,0,1,1,0,6,2,High
2022,8,Tuesday,10,Punjab,Rawalpindi,National Highway,Average,Dusty/Smoggy,Daylight,Motorcycle,2,Road Condition,0,0,0,0,3,0,Medium
2020,5,Monday,16,Sindh,Nawabshah,National Highway,Good,Foggy,Dawn/Dusk,Car/Taxi,2,Wrong Overtaking,0,0,0,0,3,0,Medium
2023,6,Thursday,21,Sindh,Nawabshah,Rural Road,Good,Foggy,Street Light,Motorcycle,3,Wrong Overtaking,0,0,0,0,4,0,Medium
2023,2,Friday,19,Punjab,Gujranwala,National Highway,Average,Clear,Dawn/Dusk,Motorcycle,1,Road Condition,1,0,0,1,3,0,Medium
2023,1,Saturday,19,Sindh,Hyderabad,National Highway,Average,Clear,Daylight,Motorcycle,1,Mobile Phone Use,1,1,0,1,8,3,High
2023,6,Saturday,12,Punjab,Rahim Yar Khan,Urban Road,Average,Clear,Street Light,Car/Taxi,1,Road Condition,1,1,0,0,1,0,Low
2023,2,Tuesday,7,KPK,Nowshera,Urban Road,Good,Clear,Street Light,Motorcycle,1,Signal Violation,1,0,0,1,2,0,Medium
2021,5,Thursday,22,KPK,Kohat,Urban Road,Good,Rainy,No Light,Motorcycle,2,Mechanical Failure,0,0,1,0,1,1,Medium
2018,9,Thursday,6,KPK,Mardan,Rural Road,Average,Rainy,Daylight,Bus/Coach,2,Pedestrian Error,0,0,0,0,0,0,Low
2022,12,Saturday,7,Sindh,Larkana,Rural Road,Good,Clear,Street Light,Bus/Coach,2,Signal Violation,1,1,0,1,2,0,Low
2023,6,Thursday,20,Punjab,Lahore,Urban Road,Good,Foggy,No Light,Truck/Lorry,2,Wrong Overtaking,1,0,0,0,4,0,Medium
2020,1,Wednesday,23,Balochistan,Chaman,Provincial Highway,Poor,Clear,No Light,Truck/Lorry,2,Drunk Driving,0,0,1,1,10,2,High
2023,8,Tuesday,12,Punjab,Gujranwala,National Highway,Poor,Clear,Daylight,Rickshaw,2,Road Condition,1,0,0,0,1,0,Low
2022,8,Tuesday,20,Punjab,Bahawalpur,Rural Road,Good,Clear,No Light,Bus/Coach,2,Over Speeding,1,0,0,0,4,1,Medium
2018,2,Saturday,1,Balochistan,Quetta,Provincial Highway,Good,Clear,No Light,Bus/Coach,3,Wrong Overtaking,0,1,1,1,2,0,Medium
2018,12,Wednesday,23,AJK,Muzaffarabad,Urban Road,Poor,Clear,No Light,Van/Pickup,3,Over Speeding,0,0,1,1,5,1,Medium
2020,11,Monday,21,Balochistan,Hub,Provincial Highway,Poor,Clear,Street Light,Car/Taxi,1,Signal Violation,0,0,0,1,2,0,Low
2023,9,Monday,16,Gilgit-Baltistan,Hunza,National Highway,Poor,Foggy,Daylight,Rickshaw,1,Over Speeding,0,0,0,0,2,0,Medium
2019,3,Thursday,19,Balochistan,Khuzdar,Provincial Highway,Poor,Foggy,Dawn/Dusk,Rickshaw,4,Signal Violation,1,0,0,0,1,1,Medium
2020,6,Tuesday,23,KPK,Abbottabad,National Highway,Average,Clear,No Light,Motorcycle,4,Pedestrian Error,0,0,1,0,10,4,High
2018,6,Monday,0,Punjab,Sheikhupura,Urban Road,Good,Foggy,No Light,Motorcycle,1,Over Speeding,0,0,1,0,3,4,High
2019,11,Saturday,19,Islamabad,Islamabad,Provincial Highway,Good,Dusty/Smoggy,Dawn/Dusk,Motorcycle,2,Pedestrian Error,1,1,0,1,2,1,Medium
2019,3,Saturday,19,Balochistan,Loralai,Urban Road,Under Repair,Clear,No Light,Motorcycle,3,Over Speeding,1,1,0,0,4,1,Medium
2021,1,Tuesday,20,Punjab,Sialkot,Provincial Highway,Poor,Clear,Street Light,Motorcycle,2,Over Speeding,1,0,0,1,3,2,Medium
2023,11,Wednesday,8,Sindh,Larkana,Urban Road,Poor,Clear,Daylight,Motorcycle,2,Signal Violation,1,0,0,1,0,0,Low
2023,11,Friday,10,Punjab,Gujranwala,Provincial Highway,Average,Foggy,Street Light,Rickshaw,1,Over Speeding,0,0,0,1,2,2,Medium
2022,7,Tuesday,23,Islamabad,Islamabad,Provincial Highway,Average,Rainy,Street Light,Motorcycle,1,Pedestrian Error,0,0,1,0,9,0,High
2018,1,Saturday,9,Sindh,Thatta,Provincial Highway,Good,Clear,Daylight,Bus/Coach,3,Driver Fatigue,1,1,0,1,2,1,High
2020,1,Monday,3,Punjab,Lahore,National Highway,Good,Foggy,Street Light,Truck/Lorry,1,Over Speeding,0,0,1,1,2,1,High
2021,12,Wednesday,11,Punjab,Faisalabad,Provincial Highway,Poor,Clear,Dawn/Dusk,Motorcycle,2,Mechanical Failure,0,0,0,1,2,0,Low
2021,1,Friday,20,AJK,Rawalakot,Urban Road,Good,Rainy,No Light,Van/Pickup,1,Wrong Overtaking,1,0,0,1,0,0,Low
2021,8,Tuesday,18,Sindh,Mirpur Khas,National Highway,Under Repair,Dusty/Smoggy,Daylight,Motorcycle,4,Signal Violation,1,0,0,0,4,0,Medium
2023,11,Sunday,14,Sindh,Thatta,Urban Road,Poor,Clear,Daylight,Van/Pickup,3,Drunk Driving,0,1,0,1,2,1,Medium
2022,3,Saturday,5,Sindh,Mirpur Khas,National Highway,Average,Foggy,Dawn/Dusk,Motorcycle,4,Drunk Driving,0,1,1,0,11,1,High
2020,4,Saturday,7,Punjab,Gujranwala,Provincial Highway,Good,Foggy,Daylight,Car/Taxi,1,Signal Violation,1,1,0,0,5,0,Medium
2023,12,Thursday,9,Punjab,Sialkot,National Highway,Average,Clear,Daylight,Bus/Coach,1,Over Speeding,1,0,0,1,2,1,High
2018,3,Saturday,12,Sindh,Dadu,Urban Road,Good,Foggy,Daylight,Truck/Lorry,4,Wrong Overtaking,1,1,0,0,4,0,Medium
2023,1,Sunday,14,Sindh,Dadu,Provincial Highway,Poor,Dusty/Smoggy,Daylight,Motorcycle,1,Road Condition,0,1,0,1,5,0,Medium
2022,12,Thursday,18,Punjab,Sheikhupura,Rural Road,Good,Extreme Heat,Street Light,Motorcycle,3,Wrong Overtaking,1,0,0,1,3,1,Medium
2018,12,Saturday,8,Sindh,Mirpur Khas,Provincial Highway,Good,Dusty/Smoggy,Dawn/Dusk,Car/Taxi,1,Driver Fatigue,1,1,0,1,0,0,Low
2023,5,Thursday,20,Punjab,Sialkot,Provincial Highway,Average,Clear,No Light,Bicycle,2,Signal Violation,1,0,0,0,5,2,High
2022,12,Saturday,19,Islamabad,Islamabad,Urban Road,Poor,Foggy,Dawn/Dusk,Van/Pickup,2,Mechanical Failure,1,1,0,1,1,0,Low
2023,11,Friday,13,Punjab,Sargodha,National Highway,Under Repair,Extreme Heat,Daylight,Rickshaw,2,Mechanical Failure,1,0,0,1,1,0,Low
2022,9,Monday,20,Punjab,Rawalpindi,Rural Road,Good,Extreme Heat,No Light,Motorcycle,4,Wrong Overtaking,1,0,0,0,1,0,Medium
2023,12,Sunday,10,Punjab,Lahore,Provincial Highway,Average,Clear,No Light,Motorcycle,2,Signal Violation,0,1,0,1,2,1,Medium
2023,6,Tuesday,7,Punjab,Faisalabad,Motorway,Good,Dusty/Smoggy,Daylight,Truck/Lorry,1,Driver Fatigue,1,0,0,0,9,1,High
2023,8,Monday,6,Punjab,Multan,National Highway,Poor,Clear,Daylight,Car/Taxi,2,Wrong Overtaking,0,0,0,0,4,0,Medium
2022,6,Monday,7,Punjab,Sheikhupura,Provincial Highway,Good,Foggy,Dawn/Dusk,Motorcycle,3,Wrong Overtaking,1,0,0,0,5,1,Medium
2019,6,Monday,17,KPK,Peshawar,National Highway,Good,Clear,Daylight,Truck/Lorry,2,Road Condition,1,0,0,0,1,1,Medium
2023,3,Friday,8,Punjab,Sialkot,Provincial Highway,Poor,Clear,Daylight,Motorcycle,3,Pedestrian Error,1,0,0,0,1,0,Low
2020,12,Monday,18,Sindh,Larkana,National Highway,Good,Dusty/Smoggy,Daylight,Motorcycle,1,Mechanical Failure,1,0,0,1,5,0,Medium
2023,10,Thursday,9,Islamabad,Islamabad,National Highway,Average,Clear,Daylight,Bicycle,2,Mechanical Failure,1,0,0,0,1,1,Medium
2021,5,Friday,17,Punjab,Sialkot,National Highway,Poor,Foggy,Daylight,Car/Taxi,3,Wrong Overtaking,1,0,0,0,2,2,Medium
2019,11,Thursday,14,KPK,Mardan,Urban Road,Good,Clear,Daylight,Motorcycle,2,Signal Violation,0,0,0,1,0,0,Low
2020,3,Monday,11,Punjab,Faisalabad,Urban Road,Poor,Clear,Daylight,Bus/Coach,2,Pedestrian Error,0,0,0,0,0,0,Low
2023,5,Wednesday,18,Punjab,Sargodha,Urban Road,Average,Foggy,Daylight,Car/Taxi,3,Wrong Overtaking,1,0,0,0,1,0,Low
2022,10,Friday,20,Sindh,Mirpur Khas,Urban Road,Good,Foggy,Street Light,Motorcycle,1,Over Speeding,1,0,0,0,1,1,Medium