year,month,day_of_week,hour_of_day,province,district,road_type,road_condition,weather_condition,lighting_condition,vehicle_type,vehicles_involved,accident_cause,is_rush_hour,is_weekend,is_night,is_foggy_month,num_injured,num_killed,severity
2019,12,Wednesday,17,Punjab,Sialkot,Urban Road,Average,Clear,Dawn/Dusk,Car/Taxi,2,Wrong Overtaking,1,0,0,1,0,0,Low
2019,10,Friday,13,Balochistan,Gwadar,Rural Road,Under Repair,Clear,Daylight,Car/Taxi,2,Wrong Overtaking,1,0,0,0,2,1,Low
2022,9,Sunday,13,Punjab,Lahore,National Highway,Poor,Clear,No Light,Motorcycle,3,Driver Fatigue,1,1,0,0,11,3,High
2023,12,Saturday,13,Sindh,Thatta,Rural Road,Average,Extreme Heat,Daylight,Motorcycle,2,Mechanical Failure,1,1,0,1,2,2,Medium
2023,1,Wednesday,13,Sindh,Karachi,Rural Road,Under Repair,Clear,Daylight,Bus/Coach,1,Over Speeding,1,0,0,1,1,0,Medium
2023,12,Tuesday,15,Punjab,Bahawalpur,Provincial Highway,Average,Rainy,Daylight,Car/Taxi,2,Wrong Overtaking,0,0,0,1,3,0,Medium
2023,12,Saturday,18,KPK,Peshawar,National Highway,Poor,Clear,Daylight,Car/Taxi,2,Pedestrian Error,1,1,0,1,2,0,Medium
2021,10,Sunday,12,Sindh,Kashmore,National Highway,Good,Foggy,Daylight,Motorcycle,1,Road Condition,1,1,0,0,3,0,Medium
2019,7,Wednesday,19,KPK,Dera Ismail Khan,Urban Road,Poor,Clear,Daylight,Motorcycle,2,Signal Violation,1,0,0,0,5,2,Medium
2023,7,Saturday,5,KPK,Swat,Provincial Highway,Good,Dusty/Smoggy,Dawn/Dusk,Motorcycle,1,Wrong Overtaking,0,1,1,0,3,0,High
2019,8,Thursday,15,Punjab,Sialkot,Rural Road,Good,Foggy,Daylight,Truck/Lorry,1,Over Speeding,0,0,0,0,2,1,High
2022,5,Sunday,8,Sindh,Karachi,Rural Road,Average,Foggy,Daylight,Motorcycle,2,Wrong Overtaking,1,1,0,0,7,2,High
2022,7,Thursday,7,Punjab,Sheikhupura,National Highway,Good,Clear,Daylight,Bus/Coach,3,Wrong Overtaking,1,0,0,0,3,0,Medium
2020,3,Tuesday,12,Punjab,Sargodha,Provincial Highway,Under Repair,Foggy,Daylight,Car/Taxi,1,Signal Violation,1,0,0,0,1,0,Medium
2020,4,Friday,22,Punjab,Lahore,Provincial Highway,Good,Clear,Street Light,Motorcycle,1,Wrong Overtaking,0,0,1,0,11,2,High
2020,7,Saturday,9,Islamabad,Islamabad,Provincial Highway,Good,Clear,Street Light,Motorcycle,1,Over Speeding,1,1,0,0,3,1,High
2021,7,Friday,7,Sindh,Kashmore,National Highway,Average,Foggy,Daylight,Motorcycle,3,Pedestrian Error,1,0,0,0,9,2,High
2021,10,Thursday,20,Punjab,Faisalabad,Provincial Highway,Good,Rainy,Street Light,Rickshaw,2,Wrong Overtaking,1,0,0,0,2,0,Low
2019,11,Friday,8,Punjab,Gujranwala,Provincial Highway,Good,Extreme Heat,Dawn/Dusk,Motorcycle,3,Over Speeding,1,0,0,1,11,3,High
2019,7,Monday,15,Punjab,Rawalpindi,National Highway,Average,Clear,Daylight,Bicycle,2,Drunk Driving,0,0,0,0,7,1,High
2021,5,Monday,19,Punjab,Lahore,National Highway,Average,Clear,No Light,Car/Taxi,2,Road Condition,1,0,0,0,1,1,Low
2020,1,Saturday,7,Punjab,Gujranwala,Urban Road,Good,Foggy,Street Light,Rickshaw,1,Drunk Driving,1,1,0,1,2,1,Medium
2018,5,Sunday,10,Punjab,Bahawalpur,Provincial Highway,Poor,Rainy,Daylight,Van/Pickup,2,Wrong Overtaking,0,1,0,0,1,0,Low
2020,3,Wednesday,18,Punjab,Lahore,Rural Road,Under Repair,Clear,Daylight,Bus/Coach,1,Wrong Overtaking,1,0,0,0,2,0,Low
2020,11,Friday,12,KPK,Mansehra,National Highway,Good,Rainy,Street Light,Motorcycle,2,Signal Violation,1,0,0,1,6,2,High
2023,1,Thursday,23,Balochistan,Quetta,Provincial Highway,Good,Dusty/Smoggy,No Light,Motorcycle,1,Wrong Overtaking,0,0,1,1,11,0,High
2022,1,Monday,1,Punjab,Bahawalpur,Rural Road,Good,Rainy,No Light,Motorcycle,2,Wrong Overtaking,0,0,1,1,1,0,Medium
2020,7,Wednesday,9,KPK,Kohat,Provincial Highway,Under Repair,Clear,Daylight,Motorcycle,2,Over Speeding,1,0,0,0,11,2,High
2022,12,Sunday,11,Punjab,Rawalpindi,Motorway,Average,Foggy,Daylight,Car/Taxi,2,Mobile Phone Use,0,1,0,1,5,0,Medium
2020,5,Wednesday,15,KPK,Charsadda,Provincial Highway,Good,Foggy,Daylight,Rickshaw,1,Wrong Overtaking,0,0,0,0,2,0,Medium
2023,7,Friday,18,Punjab,Rahim Yar Khan,National Highway,Average,Dusty/Smoggy,Daylight,Rickshaw,1,Wrong Overtaking,1,0,0,0,3,0,Medium
2023,1,Sunday,8,KPK,Charsadda,Urban Road,Average,Rainy,Daylight,Car/Taxi,2,Wrong Overtaking,1,1,0,1,2,0,Medium
2020,5,Sunday,12,Balochistan,Khuzdar,Urban Road,Average,Rainy,Daylight,Motorcycle,1,Signal Violation,1,1,0,0,3,2,Medium
2020,9,Sunday,6,KPK,Nowshera,Urban Road,Average,Rainy,Daylight,Motorcycle,1,Mechanical Failure,0,1,0,0,4,0,Medium
2022,5,Monday,19,KPK,Peshawar,Provincial Highway,Good,Clear,No Light,Motorcycle,1,Over Speeding,1,0,0,0,11,1,High
2018,6,Monday,17,Sindh,Sukkur,National Highway,Under Repair,Clear,Daylight,Motorcycle,2,Mechanical Failure,1,0,0,0,3,0,High
2021,4,Sunday,12,Punjab,Sargodha,National Highway,Good,Clear,Daylight,Car/Taxi,2,Over Speeding,1,1,0,0,10,4,High
2022,1,Saturday,10,Sindh,Sukkur,National Highway,Good,Clear,Daylight,Car/Taxi,1,Driver Fatigue,0,1,0,1,5,0,Medium
2019,5,Wednesday,8,Sindh,Jacobabad,Provincial Highway,Poor,Foggy,Daylight,Motorcycle,2,Signal Violation,1,0,0,0,7,1,High
2023,6,Thursday,17,Punjab,Rawalpindi,National Highway,Good,Clear,Daylight,Motorcycle,3,Wrong Overtaking,1,0,0,0,3,0,High
2022,9,Saturday,18,Sindh,Sukkur,Provincial Highway,Average,Clear,Daylight,Car/Taxi,2,Pedestrian Error,1,1,0,0,0,0,Low
2018,1,Sunday,19,Sindh,Hyderabad,National Highway,Poor,Clear,Dawn/Dusk,Motorcycle,3,Wrong Overtaking,1,1,0,1,3,1,High
2023,3,Saturday,13,Punjab,Gujranwala,Urban Road,Poor,Dusty/Smoggy,Daylight,Car/Taxi,1,Wrong Overtaking,1,1,0,0,0,0,Low
2020,5,Saturday,19,Sindh,Karachi,Provincial Highway,Average,Clear,Dawn/Dusk,Van/Pickup,1,Wrong Overtaking,1,1,0,0,0,0,Low
2023,8,Friday,18,Sindh,Larkana,Urban Road,Good,Clear,Daylight,Motorcycle,2,Over Speeding,1,0,0,0,5,0,Medium
2021,11,Sunday,17,Punjab,Multan,Rural Road,Under Repair,Clear,Street Light,Motorcycle,3,Mechanical Failure,1,1,0,1,1,0,Low
2022,9,Saturday,9,Sindh,Kashmore,Provincial Highway,Poor,Extreme Heat,Daylight,Bus/Coach,2,Road Condition,1,1,0,0,2,1,Medium
2023,12,Tuesday,8,Islamabad,Islamabad,National Highway,Good,Rainy,Daylight,Motorcycle,2,Wrong Overtaking,1,0,0,1,6,0,High
2020,2,Monday,5,Balochistan,Khuzdar,National Highway,Average,Foggy,Dawn/Dusk,Bus/Coach,1,Road Condition,0,0,1,1,5,1,Medium
2019,2,Wednesday,20,Punjab,Gujranwala,National Highway,Average,Foggy,No Light,Motorcycle,1,Over Speeding,1,0,0,1,9,1,High
2022,11,Monday,18,Punjab,Multan,Provincial Highway,Good,Extreme Heat,Daylight,Car/Taxi,2,Signal Violation,1,0,0,1,2,0,Low
2018,7,Tuesday,8,Punjab,Bahawalpur,Urban Road,Good,Foggy,Dawn/Dusk,Motorcycle,3,Road Condition,1,0,0,0,1,0,Low
2020,6,Friday,14,Punjab,Bahawalpur,Provincial Highway,Good,Clear,Daylight,Car/Taxi,2,Over Speeding,0,0,0,0,2,0,Low
2021,2,Sunday,11,Punjab,Rahim Yar Khan,Provincial Highway,Average,Foggy,Daylight,Car/Taxi,2,Mobile Phone Use,0,1,0,1,1,0,Low
2021,11,Saturday,14,Islamabad,Islamabad,Motorway,Good,Clear,Daylight,Motorcycle,2,Driver Fatigue,0,1,0,1,4,1,High
2022,5,Tuesday,14,Islamabad,Islamabad,National Highway,Good,Clear,Daylight,Rickshaw,1,Signal Violation,0,0,0,0,3,0,Medium
2023,2,Wednesday,16,KPK,Peshawar,National Highway,Average,Clear,Daylight,Truck/Lorry,2,Road Condition,0,0,0,1,2,0,Medium
2023,8,Monday,12,Punjab,Bahawalpur,Urban Road,Average,Clear,Dawn/Dusk,Motorcycle,1,Mechanical Failure,1,0,0,0,4,0,Medium
2022,12,Friday,19,Punjab,Sheikhupura,National Highway,Average,Clear,No Light,Car/Taxi,3,Wrong Overtaking,1,0,0,1,5,0,Medium
2020,5,Monday,17,Sindh,Larkana,Urban Road,Poor,Foggy,Daylight,Car/Taxi,2,Signal Violation,1,0,0,0,5,1,Medium
2020,4,Monday,7,Sindh,Thatta,Rural Road,Good,Clear,Daylight,Motorcycle,3,Over Speeding,1,0,0,0,4,0,Medium
2019,3,Saturday,15,Sindh,Dadu,Urban Road,Average,Rainy,Daylight,Car/Taxi,1,Pedestrian Error,0,1,0,0,2,1,Low
2022,1,Saturday,20,KPK,Mardan,Rural Road,Poor,Clear,Street Light,Motorcycle,1,Drunk Driving,1,1,0,1,8,1,High
2023,12,Friday,17,KPK,Bannu,Rural Road,Poor,Clear,Dawn/Dusk,Motorcycle,1,Over Speeding,1,0,0,1,4,1,High
2023,6,Saturday,9,KPK,Mansehra,Provincial Highway,Average,Clear,Daylight,Motorcycle,2,Signal Violation,1,1,0,0,1,1,Medium
2022,12,Friday,20,Sindh,Dadu,National Highway,Under Repair,Clear,Street Light,Motorcycle,2,Wrong Overtaking,1,0,0,1,2,0,Medium
2023,8,Monday,19,KPK,Charsadda,National Highway,Good,Foggy,Daylight,Motorcycle,2,Over Speeding,1,0,0,0,11,2,High
2022,8,Friday,12,Punjab,Multan,Rural Road,Under Repair,Rainy,Daylight,Bus/Coach,2,Drunk Driving,1,0,0,0,2,0,Medium
2021,12,Saturday,16,KPK,Nowshera,National Highway,Poor,Dusty/Smoggy,Dawn/Dusk,Car/Taxi,2,Driver Fatigue,0,1,0,1,4,1,High
2021,12,Saturday,20,Punjab,Rawalpindi,Provincial Highway,Good,Foggy,Street Light,Motorcycle,1,Over Speeding,1,1,0,1,11,4,High
2019,4,Monday,8,Punjab,Lahore,Urban Road,Average,Foggy,Daylight,Van/Pickup,1,Pedestrian Error,1,0,0,0,2,0,Low
2019,5,Tuesday,17,Punjab,Multan,National Highway,Good,Dusty/Smoggy,Daylight,Truck/Lorry,1,Weather Condition,1,0,0,0,1,0,Medium
2022,2,Tuesday,19,Punjab,Multan,National Highway,Average,Foggy,Dawn/Dusk,Motorcycle,2,Over Speeding,1,0,0,1,5,2,High
2019,5,Thursday,20,Gilgit-Baltistan,Hunza,Urban Road,Good,Clear,Street Light,Motorcycle,1,Driver Fatigue,1,0,0,0,5,1,Medium
2021,7,Wednesday,13,Punjab,Gujranwala,Rural Road,Poor,Clear,Daylight,Truck/Lorry,1,Signal Violation,1,0,0,0,3,0,Medium
2018,7,Tuesday,20,Islamabad,Islamabad,Rural Road,Under Repair,Rainy,Street Light,Motorcycle,2,Road Condition,1,0,0,0,2,1,Medium
2022,11,Thursday,20,Punjab,Multan,Urban Road,Under Repair,Foggy,No Light,Rickshaw,4,Signal Violation,1,0,0,1,1,0,Low
2019,11,Thursday,18,Punjab,Sheikhupura,Urban Road,Average,Rainy,Daylight,Car/Taxi,4,Signal Violation,1,0,0,1,1,0,Medium
2022,11,Wednesday,14,Sindh,Mirpur Khas,Rural Road,Average,Rainy,Daylight,Rickshaw,1,Weather Condition,0,0,0,1,2,0,Low
2021,8,Friday,21,Punjab,Gujranwala,Provincial Highway,Under Repair,Clear,Street Light,Bus/Coach,1,Wrong Overtaking,0,0,0,0,1,0,Medium
2022,5,Thursday,19,Sindh,Thatta,Motorway,Under Repair,Clear,No Light,Truck/Lorry,2,Signal Violation,1,0,0,0,1,0,Medium
2022,5,Thursday,16,Sindh,Jacobabad,Provincial Highway,Average,Clear,Street Light,Motorcycle,1,Driver Fatigue,0,0,0,0,6,0,High
2021,2,Sunday,14,KPK,Mardan,Provincial Highway,Average,Foggy,No Light,Motorcycle,2,Wrong Overtaking,0,1,0,1,5,1,High
2022,5,Wednesday,10,Sindh,Karachi,Urban Road,Average,Foggy,Daylight,Motorcycle,1,Over Speeding,0,0,0,0,3,1,Medium
2022,3,Friday,7,Sindh,Karachi,Urban Road,Average,Clear,Daylight,Motorcycle,2,Over Speeding,1,0,0,0,11,0,High
2023,1,Sunday,11,Punjab,Lahore,Provincial Highway,Good,Foggy,Daylight,Motorcycle,2,Over Speeding,0,1,0,1,6,4,High
2023,1,Monday,7,KPK,Dera Ismail Khan,National Highway,Poor,Rainy,Street Light,Van/Pickup,2,Over Speeding,1,0,0,1,8,0,High
2023,3,Sunday,14,Sindh,Nawabshah,Urban Road,Good,Clear,Daylight,Car/Taxi,1,Signal Violation,0,1,0,0,2,0,Low
2018,5,Saturday,13,Punjab,Gujranwala,Urban Road,Average,Foggy,Daylight,Motorcycle,2,Wrong Overtaking,1,1,0,0,7,0,High
2021,10,Saturday,21,Punjab,Sheikhupura,Rural Road,Good,Foggy,Street Light,Motorcycle,2,Driver Fatigue,0,1,0,0,3,0,Medium
2019,2,Saturday,21,Sindh,Nawabshah,National Highway,Average,Foggy,Street Light,Motorcycle,2,Drunk Driving,0,1,0,1,2,2,High
2021,11,Saturday,17,Islamabad,Islamabad,Rural Road,Under Repair,Rainy,Daylight,Car/Taxi,1,Wrong Overtaking,1,1,0,1,2,0,Low
2019,5,Tuesday,15,Punjab,Rahim Yar Khan,Urban Road,Poor,Clear,Daylight,Car/Taxi,4,Weather Condition,0,0,0,0,2,0,Low
2022,10,Saturday,9,KPK,Dera Ismail Khan,National Highway,Average,Foggy,Daylight,Motorcycle,1,Signal Violation,1,1,0,0,2,2,High
2018,3,Tuesday,5,Sindh,Mirpur Khas,Provincial Highway,Good,Clear,Dawn/Dusk,Motorcycle,3,Wrong Overtaking,0,0,1,0,9,0,High
2018,1,Tuesday,17,Sindh,Jacobabad,National Highway,Good,Rainy,Daylight,Motorcycle,1,Pedestrian Error,1,0,0,1,4,0,Medium
2018,2,Monday,8,Islamabad,Islamabad,Provincial Highway,Average,Rainy,Daylight,Car/Taxi,1,Over Speeding,1,0,0,1,3,0,Medium
2023,6,Thursday,23,Sindh,Mirpur Khas,Provincial Highway,Good,Clear,No Light,Motorcycle,3,Over Speeding,0,0,1,0,9,1,High
2020,12,Tuesday,10,KPK,Peshawar,Rural Road,Average,Rainy,Daylight,Rickshaw,3,Pedestrian Error,0,0,0,1,2,0,Low
2022,5,Sunday,19,Sindh,Dadu,Urban Road,Good,Dusty/Smoggy,Daylight,Motorcycle,1,Wrong Overtaking,1,1,0,0,2,0,Low
2020,12,Tuesday,12,Punjab,Multan,Urban Road,Good,Clear,Daylight,Car/Taxi,2,Road Condition,1,0,0,1,1,0,Low
2023,11,Wednesday,12,KPK,Kohat,Provincial Highway,Poor,Clear,Daylight,Truck/Lorry,3,Pedestrian Error,1,0,0,1,1,0,Low
2022,5,Saturday,16,Islamabad,Islamabad,Urban Road,Good,Clear,Daylight,Van/Pickup,2,Wrong Overtaking,0,1,0,0,0,0,Low
2023,1,Monday,8,Balochistan,Gwadar,National Highway,Good,Clear,Daylight,Car/Taxi,2,Wrong Overtaking,1,0,0,1,2,0,Low
2019,4,Friday,7,Punjab,Sialkot,Urban Road,Poor,Clear,Daylight,Motorcycle,1,Signal Violation,1,0,0,0,2,0,Low
2018,1,Friday,9,Punjab,Sheikhupura,Rural Road,Poor,Extreme Heat,Daylight,Bus/Coach,2,Signal Violation,1,0,0,1,0,0,Low
2019,2,Tuesday,21,Sindh,Karachi,Provincial Highway,Good,Extreme Heat,Street Light,Bus/Coach,3,Pedestrian Error,0,0,0,1,1,0,Medium
2023,8,Thursday,7,Sindh,Larkana,National Highway,Good,Clear,No Light,Motorcycle,2,Driver Fatigue,1,0,0,0,2,1,High
2019,11,Sunday,18,Punjab,Rahim Yar Khan,National Highway,Average,Clear,Daylight,Motorcycle,1,Signal Violation,1,1,0,1,2,1,High
2022,12,Saturday,15,Punjab,Rawalpindi,National Highway,Poor,Rainy,Daylight,Motorcycle,2,Over Speeding,0,1,0,1,8,1,High
2019,6,Saturday,11,KPK,Abbottabad,Urban Road,Average,Dusty/Smoggy,Daylight,Car/Taxi,1,Pedestrian Error,0,1,0,0,1,0,Low
2019,12,Wednesday,1,KPK,Charsadda,Rural Road,Poor,Clear,Street Light,Motorcycle,2,Pedestrian Error,0,0,1,1,5,2,Medium
2021,4,Wednesday,21,KPK,Charsadda,National Highway,Average,Clear,Street Light,Car/Taxi,3,Over Speeding,0,0,0,0,7,4,High
2022,7,Saturday,12,Islamabad,Islamabad,Urban Road,Average,Foggy,Daylight,Truck/Lorry,1,Driver Fatigue,1,1,0,0,4,0,High
2018,8,Tuesday,2,Punjab,Sargodha,Provincial Highway,Under Repair,Foggy,No Light,Motorcycle,2,Pedestrian Error,0,0,1,0,2,2,High
2022,1,Friday,20,Balochistan,Dera Bugti,Provincial Highway,Good,Extreme Heat,Street Light,Truck/Lorry,2,Over Speeding,1,0,0,1,1,0,Medium
2020,6,Monday,14,KPK,Kohat,Rural Road,Good,Clear,Dawn/Dusk,Car/Taxi,2,Driver Fatigue,0,0,0,0,1,0,Low
2019,11,Saturday,20,Islamabad,Islamabad,Urban Road,Average,Foggy,Street Light,Car/Taxi,2,Signal Violation,1,1,0,1,1,2,Medium
2021,11,Sunday,9,Punjab,Faisalabad,Provincial Highway,Good,Clear,Daylight,Rickshaw,2,Over Speeding,1,1,0,1,3,1,Medium
2019,2,Friday,20,Punjab,Gujranwala,Provincial Highway,Good,Rainy,Street Light,Motorcycle,1,Road Condition,1,0,0,1,5,2,Medium
2021,2,Monday,9,KPK,Swat,Urban Road,Good,Clear,Daylight,Car/Taxi,4,Signal Violation,1,0,0,1,0,1,Low
2023,4,Friday,9,Islamabad,Islamabad,National Highway,Under Repair,Clear,Daylight,Motorcycle,1,Pedestrian Error,1,0,0,0,5,2,Medium
2021,10,Monday,11,KPK,Charsadda,Urban Road,Good,Clear,Daylight,Motorcycle,3,Over Speeding,0,0,0,0,2,0,Medium
2019,11,Thursday,11,KPK,Mansehra,National Highway,Average,Foggy,Daylight,Van/Pickup,2,Wrong Overtaking,0,0,0,1,6,2,High
2022,7,Tuesday,19,Punjab,Lahore,Rural Road,Under Repair,Foggy,Street Light,Bus/Coach,3,Road Condition,1,0,0,0,0,0,Low
2021,11,Saturday,16,KPK,Kohat,National Highway,Average,Clear,Daylight,Motorcycle,1,Drunk Driving,0,1,0,1,4,3,High
2023,2,Friday,21,KPK,Charsadda,National Highway,Poor,Clear,No Light,Rickshaw,1,Over Speeding,0,0,0,1,3,2,Medium
2022,8,Saturday,20,KPK,Peshawar,Urban Road,Poor,Foggy,Street Light,Rickshaw,2,Signal Violation,1,1,0,0,0,0,Low
2020,6,Monday,13,KPK,Peshawar,Rural Road,Average,Clear,Daylight,Rickshaw,3,Driver Fatigue,1,0,0,0,0,0,Low
2023,8,Thursday,12,Punjab,Rawalpindi,Urban Road,Average,Clear,Daylight,Car/Taxi,2,Over Speeding,1,0,0,0,0,0,Low
2023,2,Thursday,14,Sindh,Karachi,National Highway,Under Repair,Clear,Daylight,Motorcycle,4,Over Speeding,0,0,0,1,10,1,High
2018,5,Monday,14,Sindh,Nawabshah,National Highway,Poor,Foggy,Daylight,Motorcycle,1,Mobile Phone Use,0,0,0,0,3,0,High
2022,4,Wednesday,5,Islamabad,Islamabad,National Highway,Poor,Clear,Street Light,Motorcycle,2,Wrong Overtaking,0,0,1,0,11,3,High
2020,11,Monday,12,Sindh,Mirpur Khas,National Highway,Good,Dusty/Smoggy,Daylight,Motorcycle,1,Wrong Overtaking,1,0,0,1,5,0,Medium
2020,4,Sunday,14,Sindh,Mirpur Khas,Provincial Highway,Average,Clear,Street Light,Motorcycle,1,Road Condition,0,1,0,0,2,1,Medium
2021,4,Sunday,13,Gilgit-Baltistan,Hunza,National Highway,Poor,Clear,Daylight,Car/Taxi,1,Over Speeding,1,1,0,0,5,1,Medium
2023,12,Monday,13,Punjab,Faisalabad,Rural Road,Under Repair,Clear,Daylight,Motorcycle,1,Weather Condition,1,0,0,1,3,0,Medium
2021,6,Saturday,11,Punjab,Lahore,National Highway,Good,Rainy,Daylight,Truck/Lorry,4,Driver Fatigue,0,1,0,0,5,2,High
2021,7,Thursday,20,Sindh,Hyderabad,Provincial Highway,Average,Clear,No Light,Motorcycle,2,Weather Condition,1,0,0,0,3,1,Medium
2019,2,Tuesday,19,Punjab,Rahim Yar Khan,Motorway,Good,Clear,Dawn/Dusk,Motorcycle,4,Over Speeding,1,0,0,1,11,4,High
2023,11,Tuesday,19,Punjab,Sheikhupura,Provincial Highway,Poor,Foggy,Dawn/Dusk,Motorcycle,1,Pedestrian Error,1,0,0,1,1,0,Medium
2021,10,Friday,23,Balochistan,Dera Bugti,Rural Road,Poor,Foggy,No Light,Car/Taxi,2,Wrong Overtaking,0,0,1,0,1,0,Low
2022,6,Tuesday,8,Sindh,Mirpur Khas,Rural Road,Good,Clear,Daylight,Bicycle,2,Road Condition,1,0,0,0,1,0,Low
2022,10,Monday,1,Punjab,Bahawalpur,Provincial Highway,Poor,Foggy,No Light,Bus/Coach,1,Wrong Overtaking,0,0,1,0,1,0,Medium
2019,12,Thursday,22,Punjab,Rawalpindi,Urban Road,Poor,Clear,Street Light,Car/Taxi,4,Over Speeding,0,0,1,1,3,0,Medium
2018,12,Saturday,13,Punjab,Gujranwala,National Highway,Good,Foggy,Daylight,Motorcycle,1,Signal Violation,1,1,0,1,10,3,High
2023,1,Monday,18,Sindh,Jacobabad,Provincial Highway,Average,Clear,Daylight,Motorcycle,1,Signal Violation,1,0,0,1,5,0,Medium
2019,5,Wednesday,7,Punjab,Faisalabad,Urban Road,Average,Rainy,Dawn/Dusk,Rickshaw,2,Wrong Overtaking,1,0,0,0,1,0,Low
2020,8,Thursday,13,Balochistan,Khuzdar,Provincial Highway,Under Repair,Clear,Street Light,Car/Taxi,2,Pedestrian Error,1,0,0,0,1,0,Low
2023,5,Monday,15,Sindh,Sukkur,National Highway,Under Repair,Clear,Dawn/Dusk,Other,2,Wrong Overtaking,0,0,0,0,0,0,Low
2022,10,Tuesday,0,Punjab,Sheikhupura,Rural Road,Poor,Rainy,Street Light,Car/Taxi,2,Over Speeding,0,0,1,0,1,0,Medium
2022,2,Friday,21,Punjab,Lahore,National Highway,Good,Dusty/Smoggy,No Light,Bicycle,2,Over Speeding,0,0,0,1,3,0,High
2020,7,Saturday,14,Sindh,Dadu,Urban Road,Average,Foggy,Daylight,Motorcycle,1,Over Speeding,0,1,0,0,7,0,High
2022,11,Monday,16,Punjab,Lahore,Urban Road,Good,Rainy,Street Light,Truck/Lorry,1,Pedestrian Error,0,0,0,1,1,0,Medium
2021,6,Monday,20,Sindh,Kashmore,National Highway,Poor,Clear,No Light,Car/Taxi,2,Drunk Driving,1,0,0,0,2,1,Medium
2021,9,Monday,16,Balochistan,Loralai,National Highway,Poor,Clear,No Light,Car/Taxi,1,Pedestrian Error,0,0,0,0,2,0,Low
2019,3,Saturday,15,Punjab,Multan,Urban Road,Good,Clear,Dawn/Dusk,Van/Pickup,1,Over Speeding,0,1,0,0,1,0,Low
2019,12,Saturday,10,Punjab,Rahim Yar Khan,Motorway,Average,Clear,Street Light,Car/Taxi,2,Drunk Driving,0,1,0,1,8,3,High
2022,7,Monday,6,KPK,Charsadda,Urban Road,Under Repair,Clear,Daylight,Motorcycle,1,Signal Violation,0,0,0,0,0,0,Low
2023,9,Friday,16,Punjab,Lahore,Rural Road,Average,Clear,Dawn/Dusk,Motorcycle,3,Over Speeding,0,0,0,0,3,2,Medium
2020,5,Monday,8,Punjab,Lahore,Rural Road,Average,Clear,Daylight,Bus/Coach,2,Mobile Phone Use,1,0,0,0,1,0,Low
2019,4,Friday,1,Punjab,Sialkot,Provincial Highway,Poor,Foggy,No Light,Car/Taxi,4,Drunk Driving,0,0,1,0,3,1,High
2022,7,Saturday,16,Islamabad,Islamabad,Provincial Highway,Poor,Rainy,Dawn/Dusk,Truck/Lorry,2,Driver Fatigue,0,1,0,0,7,1,High
2023,4,Wednesday,19,Islamabad,Islamabad,Urban Road,Good,Clear,Dawn/Dusk,Van/Pickup,2,Road Condition,1,0,0,0,2,0,Low
2023,3,Sunday,5,Punjab,Gujranwala,Urban Road,Average,Clear,Dawn/Dusk,Motorcycle,3,Road Condition,0,1,1,0,5,2,Medium
2020,11,Thursday,6,Sindh,Mirpur Khas,National Highway,Average,Clear,Street Light,Motorcycle,2,Wrong Overtaking,0,0,0,1,8,0,High
2023,2,Sunday,5,Punjab,Faisalabad,Provincial Highway,Under Repair,Foggy,Street Light,Car/Taxi,1,Over Speeding,0,1,1,1,3,1,Medium
2023,10,Saturday,13,KPK,Mardan,Urban Road,Good,Clear,Daylight,Motorcycle,2,Driver Fatigue,1,1,0,0,3,1,Medium
2019,6,Saturday,11,Punjab,Multan,Provincial Highway,Poor,Foggy,Daylight,Van/Pickup,1,Mechanical Failure,0,1,0,0,4,0,Medium
2022,10,Wednesday,17,Punjab,Faisalabad,Provincial Highway,Average,Clear,Street Light,Bus/Coach,2,Over Speeding,1,0,0,0,9,1,High
2018,11,Tuesday,13,KPK,Swat,Urban Road,Average,Dusty/Smoggy,No Light,Motorcycle,1,Road Condition,1,0,0,1,2,0,Medium
2022,7,Thursday,4,Punjab,Gujranwala,National Highway,Average,Clear,No Light,Bus/Coach,1,Mobile Phone Use,0,0,1,0,8,1,High
2019,8,Monday,22,Punjab,Multan,Rural Road,Good,Foggy,No Light,Motorcycle,1,Mechanical Failure,0,0,1,0,3,0,Medium
2020,7,Wednesday,14,KPK,Mansehra,Urban Road,Good,Extreme Heat,Daylight,Bus/Coach,2,Signal Violation,0,0,0,0,2,1,Medium
2019,11,Sunday,12,KPK,Abbottabad,Provincial Highway,Under Repair,Clear,Daylight,Motorcycle,2,Over Speeding,1,1,0,1,8,0,High
2020,2,Friday,17,KPK,Mardan,Rural Road,Average,Rainy,Daylight,Motorcycle,1,Over Speeding,1,0,0,1,5,0,High
2023,7,Saturday,13,Balochistan,Quetta,National Highway,Poor,Clear,Daylight,Motorcycle,2,Over Speeding,1,1,0,0,3,0,High
2020,7,Saturday,12,Sindh,Mirpur Khas,Motorway,Under Repair,Foggy,Daylight,Motorcycle,4,Road Condition,1,1,0,0,4,2,Medium
2023,10,Sunday,19,Punjab,Multan,Provincial Highway,Average,Clear,Daylight,Motorcycle,1,Wrong Overtaking,1,1,0,0,4,0,Medium
2023,11,Friday,12,Punjab,Sheikhupura,Provincial Highway,Poor,Dusty/Smoggy,Daylight,Motorcycle,2,Over Speeding,1,0,0,1,3,0,Medium
2021,2,Friday,8,Punjab,Rahim Yar Khan,Urban Road,Average,Clear,Daylight,Car/Taxi,2,Mobile Phone Use,1,0,0,1,2,0,Low