year,month,day_of_week,hour_of_day,province,district,road_type,road_condition,weather_condition,lighting_condition,vehicle_type,vehicles_involved,accident_cause,is_rush_hour,is_weekend,is_night,is_foggy_month,num_injured,num_killed,severity
2019,3,Monday,20,Punjab,Lahore,Rural Road,Good,Clear,Street Light,Motorcycle,2,Drunk Driving,1,0,0,0,7,2,High
2023,10,Friday,21,Sindh,Dadu,Motorway,Good,Extreme Heat,Street Light,Bus/Coach,2,Wrong Overtaking,0,0,0,0,3,0,Medium
2022,1,Thursday,9,Punjab,Bahawalpur,National Highway,Poor,Clear,Daylight,Motorcycle,1,Over Speeding,1,0,0,1,3,3,High
2019,7,Sunday,11,Sindh,Kashmore,National Highway,Under Repair,Clear,Daylight,Van/Pickup,3,Over Speeding,0,1,0,0,4,0,Medium
2022,1,Tuesday,7,Punjab,Multan,Provincial Highway,Average,Clear,Daylight,Bicycle,2,Signal Violation,1,0,0,1,1,1,Medium
2018,9,Wednesday,15,Punjab,Faisalabad,Rural Road,Average,Rainy,Daylight,Motorcycle,2,Pedestrian Error,0,0,0,0,1,1,Low
2019,1,Sunday,8,KPK,Abbottabad,Urban Road,Average,Dusty/Smoggy,Daylight,Van/Pickup,3,Over Speeding,1,1,0,1,1,0,Low
2022,10,Saturday,6,Punjab,Rahim Yar Khan,National Highway,Good,Clear,Daylight,Car/Taxi,3,Over Speeding,0,1,0,0,11,2,High
2021,1,Wednesday,17,Punjab,Sheikhupura,Provincial Highway,Good,Extreme Heat,Street Light,Rickshaw,2,Wrong Overtaking,1,0,0,1,2,0,Medium
2022,10,Wednesday,9,Gilgit-Baltistan,Skardu,Rural Road,Good,Rainy,Daylight,Motorcycle,1,Wrong Overtaking,1,0,0,0,5,0,Medium
2022,3,Wednesday,13,KPK,Mardan,National Highway,Poor,Clear,Daylight,Car/Taxi,2,Road Condition,1,0,0,0,1,0,Low
2020,8,Sunday,20,Sindh,Thatta,Provincial Highway,Under Repair,Clear,Street Light,Motorcycle,3,Wrong Overtaking,1,1,0,0,9,2,High
2020,6,Tuesday,13,Sindh,Kashmore,National Highway,Good,Foggy,Daylight,Van/Pickup,2,Signal Violation,1,0,0,0,4,0,Medium
2023,8,Sunday,11,Sindh,Karachi,Provincial Highway,Good,Foggy,Daylight,Car/Taxi,2,Wrong Overtaking,0,1,0,0,4,1,Medium
2019,10,Thursday,9,Punjab,Multan,National Highway,Average,Rainy,Daylight,Bus/Coach,3,Mechanical Failure,1,0,0,0,6,0,High
2023,3,Sunday,13,Punjab,Rawalpindi,Provincial Highway,Poor,Foggy,Daylight,Motorcycle,1,Pedestrian Error,1,1,0,0,4,0,Medium
2023,8,Monday,16,Sindh,Kashmore,Rural Road,Good,Rainy,Daylight,Bus/Coach,2,Road Condition,0,0,0,0,1,1,Medium
2023,6,Saturday,17,Punjab,Faisalabad,Provincial Highway,Average,Clear,Daylight,Rickshaw,2,Over Speeding,1,1,0,0,1,0,Low
2018,2,Tuesday,13,Punjab,Rawalpindi,Provincial Highway,Good,Clear,Daylight,Motorcycle,3,Over Speeding,1,0,0,1,5,1,High
2020,12,Tuesday,18,Punjab,Rawalpindi,Rural Road,Poor,Dusty/Smoggy,Daylight,Car/Taxi,2,Wrong Overtaking,1,0,0,1,0,0,Low
2022,12,Tuesday,21,Punjab,Sheikhupura,National Highway,Poor,Clear,No Light,Bus/Coach,2,Over Speeding,0,0,0,1,7,0,High
2020,12,Tuesday,12,Balochistan,Khuzdar,Provincial Highway,Poor,Dusty/Smoggy,Daylight,Motorcycle,2,Wrong Overtaking,1,0,0,1,7,2,High
2021,9,Friday,17,Punjab,Sheikhupura,Motorway,Average,Foggy,Daylight,Bus/Coach,3,Road Condition,1,0,0,0,3,1,Medium
2020,4,Saturday,19,Punjab,Multan,Urban Road,Good,Clear,Daylight,Van/Pickup,2,Over Speeding,1,1,0,0,1,2,Medium
2018,6,Saturday,7,Sindh,Karachi,Urban Road,Good,Extreme Heat,Daylight,Bicycle,3,Road Condition,1,1,0,0,1,0,Low
2022,1,Thursday,20,Sindh,Thatta,Urban Road,Good,Rainy,Street Light,Car/Taxi,2,Mechanical Failure,1,0,0,1,0,0,Low
2021,5,Friday,8,Sindh,Kashmore,National Highway,Good,Clear,Dawn/Dusk,Van/Pickup,1,Over Speeding,1,0,0,0,5,0,Medium
2022,8,Sunday,12,Sindh,Mirpur Khas,Urban Road,Average,Clear,Daylight,Car/Taxi,3,Over Speeding,1,1,0,0,1,0,Low
2023,11,Sunday,18,Sindh,Hyderabad,Rural Road,Poor,Clear,Dawn/Dusk,Motorcycle,2,Wrong Overtaking,1,1,0,1,1,0,Low
2019,12,Sunday,12,KPK,Bannu,Urban Road,Average,Clear,Street Light,Motorcycle,2,Road Condition,1,1,0,1,2,0,Low
2019,6,Monday,7,Punjab,Sargodha,National Highway,Poor,Clear,Street Light,Motorcycle,1,Signal Violation,1,0,0,0,1,1,Medium
2018,11,Friday,21,Punjab,Sialkot,Provincial Highway,Good,Rainy,Street Light,Motorcycle,1,Wrong Overtaking,0,0,0,1,11,1,High
2019,9,Sunday,21,Islamabad,Islamabad,National Highway,Good,Clear,No Light,Motorcycle,1,Pedestrian Error,0,1,0,0,3,2,High
2021,7,Thursday,16,Punjab,Faisalabad,Urban Road,Average,Clear,Street Light,Motorcycle,3,Road Condition,0,0,0,0,1,0,Medium
2022,6,Monday,18,Punjab,Sialkot,Motorway,Poor,Foggy,Daylight,Truck/Lorry,3,Drunk Driving,1,0,0,0,4,2,High
2020,8,Thursday,22,Punjab,Sargodha,Provincial Highway,Under Repair,Foggy,Street Light,Bicycle,1,Wrong Overtaking,0,0,1,0,2,2,High
2023,1,Tuesday,6,Punjab,Gujranwala,National Highway,Good,Clear,Daylight,Motorcycle,2,Wrong Overtaking,0,0,0,1,5,1,High
2020,2,Thursday,10,Punjab,Gujranwala,Provincial Highway,Average,Extreme Heat,Daylight,Motorcycle,2,Signal Violation,0,0,0,1,3,0,Medium
2022,3,Sunday,8,Punjab,Multan,Provincial Highway,Good,Clear,Daylight,Car/Taxi,1,Pedestrian Error,1,1,0,0,2,0,Low
2022,2,Sunday,19,Punjab,Rahim Yar Khan,Provincial Highway,Average,Foggy,Daylight,Van/Pickup,2,Over Speeding,1,1,0,1,3,1,Medium
2020,11,Sunday,18,Punjab,Lahore,Provincial Highway,Good,Rainy,Daylight,Car/Taxi,2,Over Speeding,1,1,0,1,10,0,High
2020,2,Friday,18,Punjab,Rahim Yar Khan,National Highway,Poor,Dusty/Smoggy,Daylight,Motorcycle,4,Pedestrian Error,1,0,0,1,2,1,High
2018,5,Saturday,18,KPK,Nowshera,Provincial Highway,Good,Foggy,Daylight,Truck/Lorry,1,Wrong Overtaking,1,1,0,0,5,1,High
2020,7,Saturday,15,KPK,Abbottabad,Motorway,Poor,Rainy,Daylight,Motorcycle,2,Driver Fatigue,0,1,0,0,2,4,High
2023,1,Monday,16,Punjab,Gujranwala,Rural Road,Good,Dusty/Smoggy,Daylight,Van/Pickup,2,Pedestrian Error,0,0,0,1,0,0,Low
2022,7,Saturday,23,AJK,Muzaffarabad,Urban Road,Average,Dusty/Smoggy,No Light,Truck/Lorry,2,Over Speeding,0,1,1,0,6,0,High
2021,8,Monday,13,KPK,Charsadda,Rural Road,Average,Clear,Daylight,Car/Taxi,4,Mobile Phone Use,1,0,0,0,2,0,Low
2020,5,Monday,16,KPK,Mardan,Provincial Highway,Good,Foggy,Daylight,Bicycle,1,Wrong Overtaking,0,0,0,0,11,0,High
2022,9,Friday,12,Punjab,Multan,National Highway,Average,Clear,Dawn/Dusk,Bus/Coach,2,Signal Violation,1,0,0,0,10,4,High
2023,7,Tuesday,7,KPK,Bannu,National Highway,Good,Clear,Daylight,Bicycle,1,Wrong Overtaking,1,0,0,0,4,0,Medium
2022,10,Thursday,19,Islamabad,Islamabad,National Highway,Good,Clear,No Light,Bus/Coach,4,Road Condition,1,0,0,0,2,0,Medium
2019,6,Sunday,15,Punjab,Faisalabad,Provincial Highway,Good,Clear,Daylight,Motorcycle,4,Over Speeding,0,1,0,0,4,1,Medium
2022,11,Wednesday,15,KPK,Charsadda,Rural Road,Good,Dusty/Smoggy,Daylight,Motorcycle,4,Over Speeding,0,0,0,1,5,0,Medium
2020,7,Sunday,15,KPK,Bannu,Urban Road,Under Repair,Clear,Daylight,Car/Taxi,2,Road Condition,0,1,0,0,0,0,Low
2021,6,Friday,19,Punjab,Rawalpindi,Rural Road,Good,Extreme Heat,No Light,Rickshaw,2,Drunk Driving,1,0,0,0,3,0,Medium
2022,2,Monday,16,Sindh,Mirpur Khas,National Highway,Good,Extreme Heat,Daylight,Motorcycle,2,Mechanical Failure,0,0,0,1,5,1,Medium
2022,5,Wednesday,10,Punjab,Multan,Rural Road,Good,Dusty/Smoggy,Daylight,Bus/Coach,2,Wrong Overtaking,0,0,0,0,3,0,Medium
2022,6,Tuesday,15,Punjab,Rahim Yar Khan,Urban Road,Under Repair,Foggy,Street Light,Motorcycle,2,Signal Violation,0,0,0,0,4,0,Medium
2019,11,Thursday,14,Punjab,Rahim Yar Khan,Provincial Highway,Average,Foggy,Daylight,Car/Taxi,2,Road Condition,0,0,0,1,1,0,Low
2019,11,Saturday,7,Sindh,Thatta,Urban Road,Average,Clear,Street Light,Motorcycle,3,Signal Violation,1,1,0,1,2,0,Medium
2023,6,Sunday,10,Sindh,Thatta,Urban Road,Average,Extreme Heat,Dawn/Dusk,Truck/Lorry,2,Road Condition,0,1,0,0,1,0,Low
2019,5,Friday,18,Balochistan,Hub,Rural Road,Good,Foggy,Daylight,Motorcycle,1,Mobile Phone Use,1,0,0,0,3,1,Medium
2018,1,Friday,3,Sindh,Mirpur Khas,National Highway,Poor,Clear,Street Light,Motorcycle,2,Driver Fatigue,0,0,1,1,10,4,High
2023,6,Friday,19,Punjab,Lahore,Provincial Highway,Under Repair,Foggy,Daylight,Motorcycle,2,Over Speeding,1,0,0,0,11,2,High
2019,1,Saturday,21,Punjab,Gujranwala,Urban Road,Average,Clear,Street Light,Car/Taxi,1,Over Speeding,0,1,0,1,2,0,Medium
2022,5,Friday,14,Balochistan,Quetta,Urban Road,Good,Rainy,Daylight,Motorcycle,3,Signal Violation,0,0,0,0,5,4,High
2023,2,Saturday,15,Sindh,Larkana,National Highway,Good,Rainy,Daylight,Bus/Coach,2,Over Speeding,0,1,0,1,2,2,High
2018,9,Saturday,12,KPK,Nowshera,Provincial Highway,Poor,Rainy,Street Light,Car/Taxi,1,Over Speeding,1,1,0,0,2,0,Medium
2020,10,Tuesday,13,Punjab,Faisalabad,National Highway,Good,Clear,Daylight,Motorcycle,2,Wrong Overtaking,1,0,0,0,5,2,High
2018,8,Saturday,10,Sindh,Karachi,Urban Road,Average,Clear,Daylight,Van/Pickup,1,Over Speeding,0,1,0,0,0,0,Low
2021,8,Wednesday,20,Punjab,Faisalabad,Motorway,Under Repair,Clear,Street Light,Motorcycle,2,Pedestrian Error,1,0,0,0,3,0,Medium
2023,5,Friday,12,Punjab,Sargodha,Provincial Highway,Average,Foggy,Daylight,Car/Taxi,2,Road Condition,1,0,0,0,4,0,Medium
2019,8,Wednesday,19,KPK,Abbottabad,Provincial Highway,Good,Rainy,Dawn/Dusk,Motorcycle,4,Driver Fatigue,1,0,0,0,9,2,High
2020,5,Friday,9,Sindh,Mirpur Khas,Urban Road,Average,Clear,Dawn/Dusk,Motorcycle,2,Weather Condition,1,0,0,0,0,0,Low
2022,3,Monday,1,Punjab,Lahore,Rural Road,Poor,Clear,No Light,Motorcycle,4,Wrong Overtaking,0,0,1,0,3,1,Medium
2018,8,Sunday,23,KPK,Dera Ismail Khan,Rural Road,Under Repair,Clear,Street Light,Motorcycle,1,Over Speeding,0,1,1,0,3,2,Medium
2022,1,Thursday,17,Sindh,Kashmore,Urban Road,Average,Rainy,Daylight,Motorcycle,2,Over Speeding,1,0,0,1,3,0,Medium
2023,6,Monday,10,Punjab,Rahim Yar Khan,Provincial Highway,Good,Clear,Daylight,Car/Taxi,2,Drunk Driving,0,0,0,0,1,0,Low
2023,9,Monday,3,Islamabad,Islamabad,Urban Road,Under Repair,Extreme Heat,Street Light,Car/Taxi,4,Road Condition,0,0,1,0,1,0,Low
2022,10,Friday,17,Punjab,Bahawalpur,National Highway,Average,Extreme Heat,Daylight,Rickshaw,3,Driver Fatigue,1,0,0,0,5,1,High
2022,7,Saturday,14,KPK,Swat,Urban Road,Good,Clear,Street Light,Van/Pickup,2,Over Speeding,0,1,0,0,0,1,Low
2023,9,Saturday,21,KPK,Dera Ismail Khan,National Highway,Under Repair,Clear,Street Light,Motorcycle,2,Signal Violation,0,1,0,0,1,2,Medium
2021,6,Tuesday,11,Punjab,Faisalabad,Urban Road,Average,Clear,Daylight,Bus/Coach,4,Driver Fatigue,0,0,0,0,2,0,Low
2021,3,Saturday,10,Sindh,Thatta,National Highway,Average,Foggy,Daylight,Motorcycle,1,Road Condition,0,1,0,0,4,0,Medium
2022,4,Saturday,21,Punjab,Rahim Yar Khan,Motorway,Poor,Clear,No Light,Rickshaw,2,Mobile Phone Use,0,1,0,0,4,0,Medium
2023,3,Tuesday,16,Punjab,Gujranwala,Urban Road,Good,Clear,Daylight,Motorcycle,2,Driver Fatigue,0,0,0,0,4,0,Medium
2023,10,Monday,8,KPK,Mardan,Rural Road,Average,Clear,Daylight,Car/Taxi,1,Wrong Overtaking,1,0,0,0,2,0,Low
2023,10,Friday,12,Punjab,Sheikhupura,Rural Road,Good,Clear,Dawn/Dusk,Car/Taxi,4,Signal Violation,1,0,0,0,1,0,Low
2021,8,Saturday,15,Punjab,Sialkot,Urban Road,Average,Clear,Daylight,Motorcycle,2,Wrong Overtaking,0,1,0,0,2,0,Medium
2023,3,Monday,17,Sindh,Thatta,Urban Road,Average,Clear,Daylight,Truck/Lorry,3,Mechanical Failure,1,0,0,0,1,1,Low
2021,5,Tuesday,11,Sindh,Hyderabad,Rural Road,Average,Foggy,Street Light,Motorcycle,3,Wrong Overtaking,0,0,0,0,6,4,High
2018,6,Monday,5,KPK,Kohat,Provincial Highway,Good,Clear,Dawn/Dusk,Rickshaw,1,Pedestrian Error,0,0,1,0,0,0,Low
2018,5,Thursday,8,KPK,Abbottabad,Rural Road,Poor,Clear,Daylight,Van/Pickup,1,Wrong Overtaking,1,0,0,0,0,0,Low
2020,11,Saturday,9,KPK,Charsadda,National Highway,Average,Extreme Heat,Daylight,Motorcycle,2,Road Condition,1,1,0,1,3,0,Medium
2023,5,Sunday,11,Balochistan,Quetta,Provincial Highway,Average,Dusty/Smoggy,Street Light,Car/Taxi,1,Wrong Overtaking,0,1,0,0,2,0,Medium
2021,7,Saturday,2,Punjab,Sheikhupura,Provincial Highway,Average,Rainy,Street Light,Car/Taxi,2,Over Speeding,0,1,1,0,3,0,Medium
2018,8,Tuesday,9,Sindh,Nawabshah,Provincial Highway,Good,Rainy,Dawn/Dusk,Motorcycle,2,Driver Fatigue,1,0,0,0,4,2,High
2022,4,Wednesday,8,Punjab,Lahore,National Highway,Average,Foggy,Daylight,Motorcycle,1,Pedestrian Error,1,0,0,0,11,0,High
2020,5,Friday,17,Islamabad,Islamabad,National Highway,Under Repair,Foggy,Daylight,Car/Taxi,2,Road Condition,1,0,0,0,2,0,Low
2018,11,Sunday,18,Sindh,Sukkur,Rural Road,Poor,Dusty/Smoggy,Daylight,Motorcycle,3,Mechanical Failure,1,1,0,1,5,0,Medium
2022,9,Monday,17,Islamabad,Islamabad,Provincial Highway,Good,Clear,Street Light,Motorcycle,3,Over Speeding,1,0,0,0,5,2,High
2023,8,Wednesday,20,KPK,Charsadda,Motorway,Average,Clear,Street Light,Motorcycle,2,Wrong Overtaking,1,0,0,0,5,2,High
2023,5,Wednesday,22,KPK,Charsadda,National Highway,Good,Foggy,No Light,Truck/Lorry,1,Over Speeding,0,0,1,0,9,0,High
2021,1,Tuesday,18,Sindh,Sukkur,Rural Road,Poor,Clear,Daylight,Motorcycle,3,Wrong Overtaking,1,0,0,1,4,1,Medium
2019,4,Friday,13,Sindh,Kashmore,National Highway,Average,Clear,Daylight,Bus/Coach,2,Pedestrian Error,1,0,0,0,1,0,Medium
2020,11,Friday,22,Sindh,Thatta,National Highway,Average,Clear,No Light,Motorcycle,2,Road Condition,0,0,1,1,6,2,High
2018,9,Sunday,7,Punjab,Sialkot,Provincial Highway,Good,Clear,Daylight,Motorcycle,2,Over Speeding,1,1,0,0,2,0,Medium
2022,8,Saturday,14,Balochistan,Loralai,Rural Road,Under Repair,Extreme Heat,Daylight,Motorcycle,3,Signal Violation,0,1,0,0,0,0,Low
2020,11,Wednesday,18,KPK,Mardan,Rural Road,Average,Clear,No Light,Van/Pickup,2,Mechanical Failure,1,0,0,1,0,1,Low
2018,5,Tuesday,11,KPK,Peshawar,National Highway,Poor,Rainy,Daylight,Motorcycle,2,Road Condition,0,0,0,0,5,1,High
2021,4,Tuesday,6,Sindh,Karachi,Urban Road,Good,Rainy,Dawn/Dusk,Van/Pickup,2,Wrong Overtaking,0,0,0,0,2,1,Low
2022,9,Friday,22,Punjab,Rawalpindi,National Highway,Good,Clear,No Light,Motorcycle,2,Driver Fatigue,0,0,1,0,2,1,High
2020,6,Thursday,23,KPK,Nowshera,Rural Road,Good,Foggy,Street Light,Motorcycle,2,Drunk Driving,0,0,1,0,7,1,High
2023,11,Sunday,8,Punjab,Sheikhupura,National Highway,Under Repair,Foggy,Daylight,Car/Taxi,3,Road Condition,1,1,0,1,2,0,Low
2023,12,Saturday,8,Balochistan,Turbat,National Highway,Average,Clear,Daylight,Truck/Lorry,3,Driver Fatigue,1,1,0,1,9,1,High
2018,8,Sunday,11,KPK,Mansehra,National Highway,Good,Clear,Daylight,Motorcycle,2,Signal Violation,0,1,0,0,8,1,High
2019,7,Sunday,12,Punjab,Bahawalpur,National Highway,Good,Dusty/Smoggy,Daylight,Car/Taxi,4,Road Condition,1,1,0,0,2,0,Medium
2020,3,Thursday,21,Sindh,Dadu,Provincial Highway,Average,Rainy,Street Light,Motorcycle,3,Drunk Driving,0,0,0,0,10,1,High
2018,4,Thursday,0,KPK,Dera Ismail Khan,National Highway,Good,Dusty/Smoggy,No Light,Bicycle,3,Over Speeding,0,0,1,0,11,1,High
2018,12,Sunday,15,Sindh,Sukkur,Provincial Highway,Good,Clear,Daylight,Car/Taxi,1,Pedestrian Error,0,1,0,1,1,0,Low
2022,7,Saturday,14,Sindh,Mirpur Khas,Urban Road,Average,Clear,Daylight,Car/Taxi,1,Mobile Phone Use,0,1,0,0,2,0,Low
2022,7,Saturday,0,Punjab,Gujranwala,Provincial Highway,Poor,Clear,No Light,Motorcycle,2,Over Speeding,0,1,1,0,8,2,High
2021,12,Tuesday,8,Punjab,Bahawalpur,Rural Road,Average,Clear,Daylight,Rickshaw,2,Over Speeding,1,0,0,1,2,0,Medium
2018,4,Friday,0,KPK,Peshawar,National Highway,Average,Dusty/Smoggy,Street Light,Car/Taxi,1,Wrong Overtaking,0,0,1,0,3,2,High
2018,2,Thursday,17,Punjab,Rawalpindi,Provincial Highway,Poor,Foggy,Daylight,Motorcycle,1,Pedestrian Error,1,0,0,1,2,1,High
2021,11,Monday,21,KPK,Mansehra,Provincial Highway,Average,Clear,No Light,Motorcycle,2,Driver Fatigue,0,0,0,1,1,0,Medium
2023,6,Thursday,10,Sindh,Nawabshah,Provincial Highway,Average,Foggy,Daylight,Car/Taxi,4,Driver Fatigue,0,0,0,0,3,2,Medium
2022,11,Wednesday,17,Islamabad,Islamabad,Motorway,Average,Foggy,Daylight,Bus/Coach,1,Over Speeding,1,0,0,1,8,2,High
2018,1,Saturday,18,Gilgit-Baltistan,Hunza,National Highway,Good,Clear,Daylight,Van/Pickup,2,Over Speeding,1,1,0,1,8,3,High
2020,7,Sunday,19,KPK,Kohat,Motorway,Under Repair,Dusty/Smoggy,Street Light,Car/Taxi,2,Signal Violation,1,1,0,0,1,1,Medium
2022,1,Friday,17,Punjab,Rahim Yar Khan,National Highway,Good,Clear,Daylight,Car/Taxi,2,Over Speeding,1,0,0,1,5,3,High
2022,11,Saturday,13,Sindh,Sukkur,National Highway,Poor,Clear,Daylight,Motorcycle,2,Driver Fatigue,1,1,0,1,2,1,High
2021,2,Friday,14,Punjab,Multan,Urban Road,Good,Dusty/Smoggy,Daylight,Motorcycle,2,Over Speeding,0,0,0,1,4,0,Medium
2020,12,Tuesday,19,Punjab,Rahim Yar Khan,Rural Road,Good,Clear,No Light,Motorcycle,1,Over Speeding,1,0,0,1,5,0,Medium
2019,5,Tuesday,11,Sindh,Kashmore,Provincial Highway,Average,Clear,Daylight,Van/Pickup,1,Over Speeding,0,0,0,0,2,0,Low
2023,3,Tuesday,20,KPK,Peshawar,Urban Road,Poor,Clear,No Light,Bicycle,2,Driver Fatigue,1,0,0,0,9,0,High
2018,11,Sunday,15,Punjab,Sialkot,Provincial Highway,Good,Clear,Daylight,Motorcycle,2,Signal Violation,0,1,0,1,4,2,High
2022,8,Sunday,2,Punjab,Gujranwala,Urban Road,Average,Clear,Street Light,Motorcycle,2,Wrong Overtaking,0,1,1,0,1,2,Medium
2023,11,Monday,10,Sindh,Mirpur Khas,Rural Road,Average,Clear,No Light,Other,2,Mechanical Failure,0,0,0,1,2,1,Low
2018,1,Saturday,16,Balochistan,Gwadar,Urban Road,Good,Foggy,Dawn/Dusk,Truck/Lorry,1,Over Speeding,0,1,0,1,7,0,High
2020,4,Friday,17,Punjab,Sheikhupura,Provincial Highway,Average,Clear,Daylight,Car/Taxi,2,Weather Condition,1,0,0,0,1,0,Low
2019,1,Saturday,18,Punjab,Sheikhupura,National Highway,Average,Clear,Daylight,Truck/Lorry,2,Mechanical Failure,1,1,0,1,3,0,Medium
2019,7,Monday,16,Balochistan,Hub,Provincial Highway,Under Repair,Dusty/Smoggy,Daylight,Motorcycle,2,Signal Violation,0,0,0,0,6,0,High
2018,12,Thursday,19,Punjab,Sargodha,Provincial Highway,Good,Clear,Street Light,Car/Taxi,2,Over Speeding,1,0,0,1,0,0,Low
2019,7,Wednesday,19,Sindh,Sukkur,Rural Road,Average,Rainy,Dawn/Dusk,Motorcycle,1,Wrong Overtaking,1,0,0,0,4,0,Medium
2019,6,Friday,13,Sindh,Karachi,Rural Road,Poor,Dusty/Smoggy,Daylight,Truck/Lorry,3,Pedestrian Error,1,0,0,0,2,1,Low
2021,12,Tuesday,11,Punjab,Lahore,Provincial Highway,Under Repair,Foggy,Dawn/Dusk,Motorcycle,3,Wrong Overtaking,0,0,0,1,8,2,High
2022,12,Sunday,7,Sindh,Sukkur,Provincial Highway,Poor,Foggy,Dawn/Dusk,Motorcycle,3,Driver Fatigue,1,1,0,1,8,4,High
2020,7,Thursday,20,Balochistan,Khuzdar,Provincial Highway,Poor,Clear,Street Light,Motorcycle,4,Wrong Overtaking,1,0,0,0,5,1,High
2022,7,Tuesday,11,Punjab,Gujranwala,Motorway,Good,Extreme Heat,Daylight,Bus/Coach,1,Wrong Overtaking,0,0,0,0,11,1,High
2021,1,Thursday,18,Punjab,Bahawalpur,Urban Road,Good,Clear,Dawn/Dusk,Car/Taxi,3,Wrong Overtaking,1,0,0,1,0,0,Low
2022,3,Wednesday,8,Sindh,Nawabshah,Rural Road,Average,Clear,Daylight,Van/Pickup,2,Over Speeding,1,0,0,0,5,0,Medium
2019,1,Thursday,7,Punjab,Bahawalpur,Provincial Highway,Average,Rainy,Daylight,Motorcycle,4,Signal Violation,1,0,0,1,7,0,High
2019,10,Wednesday,12,Sindh,Jacobabad,National Highway,Good,Clear,Street Light,Motorcycle,1,Over Speeding,1,0,0,0,11,0,High
2023,2,Sunday,7,Islamabad,Islamabad,Provincial Highway,Under Repair,Foggy,Daylight,Motorcycle,3,Signal Violation,1,1,0,1,4,2,High
2021,5,Sunday,16,Balochistan,Quetta,Provincial Highway,Good,Clear,Daylight,Car/Taxi,2,Pedestrian Error,0,1,0,0,2,0,Low
2018,4,Wednesday,13,Punjab,Rahim Yar Khan,Provincial Highway,Average,Foggy,Daylight,Truck/Lorry,1,Mechanical Failure,1,0,0,0,2,1,Medium
2019,10,Thursday,15,Punjab,Bahawalpur,Rural Road,Poor,Dusty/Smoggy,Dawn/Dusk,Motorcycle,2,Over Speeding,0,0,0,0,4,1,Medium
2021,7,Tuesday,16,Punjab,Lahore,National Highway,Average,Rainy,Daylight,Motorcycle,2,Wrong Overtaking,0,0,0,0,3,1,High
2020,11,Wednesday,12,Islamabad,Islamabad,National Highway,Poor,Clear,Dawn/Dusk,Motorcycle,4,Wrong Overtaking,1,0,0,1,4,0,Medium
2019,3,Wednesday,7,Punjab,Gujranwala,Rural Road,Average,Dusty/Smoggy,Daylight,Car/Taxi,2,Road Condition,1,0,0,0,2,0,Low
2018,7,Friday,5,Sindh,Sukkur,Urban Road,Good,Rainy,Street Light,Car/Taxi,4,Over Speeding,0,0,1,0,10,1,High
2023,8,Sunday,14,KPK,Nowshera,Rural Road,Good,Clear,Daylight,Bus/Coach,2,Over Speeding,0,1,0,0,1,0,Low
2020,1,Sunday,18,Sindh,Mirpur Khas,Motorway,Good,Clear,Daylight,Bus/Coach,2,Wrong Overtaking,1,1,0,1,4,0,Medium
2018,8,Tuesday,10,Punjab,Faisalabad,Urban Road,Good,Rainy,Street Light,Motorcycle,4,Driver Fatigue,0,0,0,0,6,1,High
2023,8,Monday,10,Sindh,Karachi,National Highway,Average,Clear,Daylight,Rickshaw,4,Road Condition,0,0,0,0,2,2,Medium
2020,8,Saturday,12,Sindh,Kashmore,National Highway,Good,Foggy,Street Light,Motorcycle,4,Signal Violation,1,1,0,0,9,0,High
2022,12,Thursday,9,KPK,Mansehra,Urban Road,Good,Clear,Dawn/Dusk,Van/Pickup,3,Road Condition,1,0,0,1,0,1,Low
2018,3,Saturday,6,Sindh,Nawabshah,Rural Road,Good,Clear,Daylight,Rickshaw,3,Mechanical Failure,0,1,0,0,0,0,Low
2022,5,Sunday,10,Punjab,Bahawalpur,Rural Road,Under Repair,Rainy,Dawn/Dusk,Rickshaw,2,Pedestrian Error,0,1,0,0,0,0,Low
2021,7,Tuesday,0,Punjab,Sheikhupura,National Highway,Poor,Clear,No Light,Truck/Lorry,2,Wrong Overtaking,0,0,1,0,5,2,High
2021,11,Monday,17,KPK,Mardan,National Highway,Poor,Clear,Daylight,Motorcycle,1,Pedestrian Error,1,0,0,1,3,1,Medium
2022,7,Saturday,8,Balochistan,Hub,Urban Road,Under Repair,Clear,Daylight,Car/Taxi,1,Pedestrian Error,1,1,0,0,2,0,Low
2022,10,Sunday,14,Punjab,Gujranwala,Urban Road,Good,Extreme Heat,Daylight,Car/Taxi,2,Mechanical Failure,0,1,0,0,0,1,Low
2022,1,Monday,17,Punjab,Rahim Yar Khan,Provincial Highway,Good,Foggy,Street Light,Car/Taxi,2,Pedestrian Error,1,0,0,1,0,0,Low
2020,5,Monday,18,Sindh,Thatta,Rural Road,Under Repair,Clear,Daylight,Motorcycle,2,Wrong Overtaking,1,0,0,0,3,0,Medium
2019,11,Sunday,14,Sindh,Dadu,Rural Road,Good,Dusty/Smoggy,Daylight,Motorcycle,2,Mechanical Failure,0,1,0,1,4,0,Medium
2018,3,Sunday,9,Punjab,Gujranwala,Provincial Highway,Poor,Clear,Daylight,Car/Taxi,2,Driver Fatigue,1,1,0,0,2,1,Medium
2020,5,Saturday,19,Sindh,Mirpur Khas,Urban Road,Good,Clear,Daylight,Truck/Lorry,2,Wrong Overtaking,1,1,0,0,0,0,Low
2020,4,Saturday,17,AJK,Rawalakot,Rural Road,Under Repair,Clear,Daylight,Truck/Lorry,3,Wrong Overtaking,1,1,0,0,1,1,Low
2021,1,Monday,14,Sindh,Sukkur,Urban Road,Good,Clear,Daylight,Rickshaw,1,Road Condition,0,0,0,1,2,0,Low
2020,1,Wednesday,9,Sindh,Nawabshah,National Highway,Average,Rainy,Daylight,Bus/Coach,3,Signal Violation,1,0,0,1,2,1,High