year,month,day_of_week,hour_of_day,province,district,road_type,road_condition,weather_condition,lighting_condition,vehicle_type,vehicles_involved,accident_cause,is_rush_hour,is_weekend,is_night,is_foggy_month,num_injured,num_killed,severity
2022,11,Saturday,21,KPK,Nowshera,National Highway,Under Repair,Clear,Street Light,Motorcycle,1,Signal Violation,0,1,0,1,3,0,Medium
2023,10,Friday,8,Punjab,Rawalpindi,National Highway,Poor,Foggy,Daylight,Motorcycle,2,Weather Condition,1,0,0,0,2,1,Medium
2019,8,Wednesday,17,Punjab,Faisalabad,Provincial Highway,Good,Clear,Daylight,Truck/Lorry,1,Over Speeding,1,0,0,0,11,2,High
2020,7,Sunday,19,Sindh,Hyderabad,Urban Road,Poor,Foggy,Street Light,Truck/Lorry,1,Mechanical Failure,1,1,0,0,0,0,Low
2020,8,Thursday,15,Sindh,Dadu,Provincial Highway,Poor,Foggy,Daylight,Car/Taxi,3,Over Speeding,0,0,0,0,2,1,Medium
2022,12,Sunday,4,Islamabad,Islamabad,Rural Road,Good,Clear,No Light,Motorcycle,1,Wrong Overtaking,0,1,1,1,1,2,Medium
2019,8,Sunday,7,Punjab,Sialkot,Rural Road,Poor,Clear,Street Light,Truck/Lorry,2,Road Condition,1,1,0,0,2,0,Low
2022,8,Friday,7,Punjab,Faisalabad,Urban Road,Average,Clear,Dawn/Dusk,Motorcycle,2,Mobile Phone Use,1,0,0,0,0,0,Low
2023,11,Saturday,4,Balochistan,Hub,National Highway,Poor,Foggy,Street Light,Motorcycle,1,Wrong Overtaking,0,1,1,1,8,0,High
2021,9,Thursday,15,Punjab,Sargodha,Provincial Highway,Poor,Clear,Daylight,Bus/Coach,2,Pedestrian Error,0,0,0,0,5,0,Medium
2021,6,Tuesday,12,Punjab,Lahore,Rural Road,Average,Rainy,Daylight,Bus/Coach,1,Pedestrian Error,1,0,0,0,1,0,Low
2023,3,Thursday,15,Sindh,Thatta,National Highway,Good,Foggy,Daylight,Bus/Coach,2,Wrong Overtaking,0,0,0,0,4,0,High
2022,10,Saturday,22,AJK,Rawalakot,Rural Road,Average,Foggy,No Light,Rickshaw,1,Wrong Overtaking,0,1,1,0,3,1,Medium
2022,5,Thursday,13,Sindh,Nawabshah,Urban Road,Average,Dusty/Smoggy,Street Light,Car/Taxi,1,Wrong Overtaking,1,0,0,0,1,0,Low
2020,11,Thursday,10,Sindh,Karachi,Urban Road,Good,Rainy,Dawn/Dusk,Bicycle,2,Over Speeding,0,0,0,1,10,0,High
2020,5,Sunday,17,Sindh,Thatta,National Highway,Poor,Clear,Dawn/Dusk,Car/Taxi,1,Over Speeding,1,1,0,0,4,3,High
2023,7,Wednesday,9,AJK,Muzaffarabad,Urban Road,Good,Rainy,Daylight,Truck/Lorry,1,Pedestrian Error,1,0,0,0,5,0,Medium
2019,2,Wednesday,11,KPK,Kohat,Rural Road,Poor,Rainy,Street Light,Rickshaw,1,Wrong Overtaking,0,0,0,1,5,0,Medium
2020,2,Wednesday,7,Punjab,Sargodha,Provincial Highway,Under Repair,Rainy,Daylight,Motorcycle,2,Wrong Overtaking,1,0,0,1,8,3,High
2022,1,Friday,18,KPK,Dera Ismail Khan,National Highway,Poor,Clear,Daylight,Other,2,Mobile Phone Use,1,0,0,1,3,0,Medium
2020,11,Thursday,7,Balochistan,Gwadar,Provincial Highway,Average,Clear,Daylight,Van/Pickup,2,Drunk Driving,1,0,0,1,1,0,Medium
2021,2,Sunday,7,KPK,Mardan,Urban Road,Poor,Clear,Dawn/Dusk,Car/Taxi,1,Signal Violation,1,1,0,1,1,0,Low
2018,8,Saturday,18,Sindh,Thatta,Provincial Highway,Good,Clear,Daylight,Van/Pickup,3,Signal Violation,1,1,0,0,1,0,Low
2023,4,Friday,9,Sindh,Larkana,Provincial Highway,Average,Clear,Daylight,Motorcycle,2,Over Speeding,1,0,0,0,5,1,Medium
2022,10,Saturday,14,Sindh,Thatta,Rural Road,Average,Clear,Daylight,Rickshaw,2,Over Speeding,0,1,0,0,2,0,Medium
2020,1,Saturday,7,KPK,Bannu,National Highway,Poor,Clear,Dawn/Dusk,Car/Taxi,1,Wrong Overtaking,1,1,0,1,0,0,Low
2019,5,Wednesday,19,Punjab,Multan,National Highway,Average,Foggy,Dawn/Dusk,Rickshaw,2,Wrong Overtaking,1,0,0,0,1,0,Medium
2023,8,Monday,9,Punjab,Bahawalpur,Rural Road,Average,Dusty/Smoggy,Daylight,Motorcycle,2,Mechanical Failure,1,0,0,0,2,0,Medium
2018,11,Wednesday,17,Punjab,Multan,Provincial Highway,Good,Foggy,Daylight,Motorcycle,1,Over Speeding,1,0,0,1,9,1,High
2022,5,Monday,14,Balochistan,Chaman,National Highway,Average,Clear,Daylight,Motorcycle,2,Wrong Overtaking,0,0,0,0,10,1,High
2023,9,Saturday,18,KPK,Peshawar,Motorway,Good,Clear,Daylight,Truck/Lorry,4,Signal Violation,1,1,0,0,2,0,Medium
2022,8,Friday,14,Sindh,Hyderabad,Motorway,Good,Clear,Dawn/Dusk,Motorcycle,3,Over Speeding,0,0,0,0,11,0,High
2023,1,Sunday,10,KPK,Dera Ismail Khan,Rural Road,Average,Rainy,Daylight,Motorcycle,2,Over Speeding,0,1,0,1,5,1,Medium
2023,3,Friday,5,KPK,Abbottabad,Urban Road,Poor,Foggy,Dawn/Dusk,Motorcycle,1,Over Speeding,0,0,1,0,2,3,High
2022,8,Friday,22,Balochistan,Turbat,Urban Road,Average,Clear,No Light,Car/Taxi,2,Wrong Overtaking,0,0,1,0,0,0,Low
2018,5,Sunday,8,Punjab,Rahim Yar Khan,Urban Road,Good,Clear,Daylight,Truck/Lorry,2,Over Speeding,1,1,0,0,2,1,Medium
2022,10,Wednesday,11,Sindh,Thatta,National Highway,Good,Rainy,Daylight,Motorcycle,1,Over Speeding,0,0,0,0,8,1,High
2019,8,Thursday,13,KPK,Dera Ismail Khan,Provincial Highway,Poor,Extreme Heat,Daylight,Car/Taxi,2,Driver Fatigue,1,0,0,0,5,0,Medium
2023,11,Tuesday,20,Punjab,Sheikhupura,Provincial Highway,Good,Clear,Street Light,Bicycle,3,Wrong Overtaking,1,0,0,1,8,0,High
2021,11,Sunday,19,Punjab,Sheikhupura,Provincial Highway,Poor,Clear,Street Light,Car/Taxi,1,Over Speeding,1,1,0,1,2,0,Medium
2022,4,Thursday,15,Punjab,Lahore,National Highway,Poor,Clear,Street Light,Rickshaw,2,Signal Violation,0,0,0,0,5,0,Medium
2022,11,Friday,13,KPK,Bannu,National Highway,Good,Foggy,Daylight,Motorcycle,2,Over Speeding,1,0,0,1,8,0,High
2023,7,Tuesday,20,Sindh,Thatta,National Highway,Average,Clear,No Light,Rickshaw,3,Drunk Driving,1,0,0,0,3,0,Medium
2023,3,Tuesday,21,Sindh,Thatta,National Highway,Poor,Foggy,Street Light,Motorcycle,1,Over Speeding,0,0,0,0,8,2,High
2021,8,Friday,16,Sindh,Sukkur,Urban Road,Under Repair,Foggy,Daylight,Bicycle,1,Driver Fatigue,0,0,0,0,5,0,Medium
2020,12,Friday,23,Punjab,Bahawalpur,Provincial Highway,Under Repair,Clear,Street Light,Motorcycle,1,Drunk Driving,0,0,1,1,8,2,High
2021,3,Sunday,18,Islamabad,Islamabad,Rural Road,Average,Rainy,No Light,Car/Taxi,2,Over Speeding,1,1,0,0,3,0,Medium
2018,6,Saturday,0,Punjab,Faisalabad,National Highway,Good,Rainy,No Light,Motorcycle,2,Over Speeding,0,1,1,0,8,1,High
2022,2,Thursday,6,Sindh,Hyderabad,Provincial Highway,Under Repair,Clear,Daylight,Motorcycle,2,Pedestrian Error,0,0,0,1,0,0,Low
2019,4,Monday,14,Punjab,Multan,National Highway,Good,Clear,Daylight,Van/Pickup,2,Driver Fatigue,0,0,0,0,6,1,High
2021,7,Sunday,21,Sindh,Jacobabad,National Highway,Poor,Clear,Street Light,Rickshaw,2,Over Speeding,0,1,0,0,1,1,Medium
2021,11,Saturday,13,Balochistan,Gwadar,National Highway,Poor,Clear,Street Light,Truck/Lorry,2,Road Condition,1,1,0,1,2,0,Low
2021,5,Sunday,13,Gilgit-Baltistan,Skardu,Urban Road,Good,Foggy,Daylight,Car/Taxi,2,Over Speeding,1,1,0,0,0,0,Low
2022,6,Saturday,19,Punjab,Gujranwala,Motorway,Average,Clear,Dawn/Dusk,Van/Pickup,3,Mobile Phone Use,1,1,0,0,5,2,Medium
2021,12,Saturday,21,Punjab,Bahawalpur,Provincial Highway,Poor,Clear,Street Light,Bus/Coach,2,Over Speeding,0,1,0,1,3,0,Medium
2022,5,Saturday,0,Punjab,Sargodha,National Highway,Average,Rainy,Street Light,Rickshaw,2,Over Speeding,0,1,1,0,10,1,High
2020,7,Saturday,3,Punjab,Sargodha,Rural Road,Poor,Clear,Street Light,Motorcycle,4,Over Speeding,0,1,1,0,8,0,High
2021,7,Saturday,22,Sindh,Dadu,National Highway,Poor,Clear,Street Light,Car/Taxi,4,Road Condition,0,1,1,0,1,0,Medium
2021,5,Thursday,19,Sindh,Mirpur Khas,National Highway,Average,Dusty/Smoggy,Street Light,Car/Taxi,2,Road Condition,1,0,0,0,4,2,Medium
2019,10,Thursday,14,KPK,Swat,National Highway,Average,Rainy,Daylight,Motorcycle,3,Wrong Overtaking,0,0,0,0,8,2,High
2020,10,Monday,17,KPK,Dera Ismail Khan,National Highway,Poor,Clear,Daylight,Rickshaw,2,Mechanical Failure,1,0,0,0,2,0,Low
2018,1,Sunday,15,Punjab,Sheikhupura,Urban Road,Good,Clear,Daylight,Motorcycle,3,Mobile Phone Use,0,1,0,1,5,0,Medium
2021,1,Tuesday,14,KPK,Peshawar,National Highway,Poor,Clear,No Light,Motorcycle,3,Over Speeding,0,0,0,1,7,0,High
2022,5,Sunday,8,Balochistan,Zhob,National Highway,Average,Rainy,Dawn/Dusk,Rickshaw,2,Signal Violation,1,1,0,0,4,0,Medium
2023,9,Wednesday,16,Sindh,Sukkur,Provincial Highway,Average,Clear,Daylight,Bus/Coach,1,Over Speeding,0,0,0,0,4,2,High
2021,10,Tuesday,1,Islamabad,Islamabad,National Highway,Good,Rainy,No Light,Motorcycle,2,Over Speeding,0,0,1,0,3,1,High
2023,8,Sunday,7,KPK,Mansehra,National Highway,Good,Clear,Daylight,Motorcycle,1,Over Speeding,1,1,0,0,10,1,High
2020,4,Tuesday,16,Sindh,Jacobabad,National Highway,Average,Dusty/Smoggy,Dawn/Dusk,Rickshaw,3,Over Speeding,0,0,0,0,3,0,Medium
2023,6,Wednesday,8,Balochistan,Quetta,Urban Road,Under Repair,Clear,Daylight,Car/Taxi,2,Wrong Overtaking,1,0,0,0,0,0,Low
2020,9,Wednesday,10,Sindh,Nawabshah,Provincial Highway,Poor,Foggy,Daylight,Rickshaw,1,Wrong Overtaking,0,0,0,0,2,0,Medium
2020,2,Sunday,12,Sindh,Thatta,Urban Road,Average,Clear,Daylight,Car/Taxi,1,Signal Violation,1,1,0,1,1,0,Low
2021,3,Sunday,12,Punjab,Gujranwala,Provincial Highway,Average,Clear,Daylight,Other,3,Wrong Overtaking,1,1,0,0,1,0,Low
2018,6,Saturday,8,Balochistan,Hub,Provincial Highway,Average,Clear,No Light,Car/Taxi,1,Over Speeding,1,1,0,0,1,0,Low
2021,4,Monday,21,Punjab,Sargodha,Rural Road,Good,Clear,Street Light,Car/Taxi,3,Mechanical Failure,0,0,0,0,2,0,Low
2019,1,Wednesday,1,Sindh,Thatta,Provincial Highway,Poor,Extreme Heat,No Light,Car/Taxi,3,Over Speeding,0,0,1,1,2,0,Medium
2018,11,Wednesday,13,Sindh,Jacobabad,Rural Road,Average,Dusty/Smoggy,Daylight,Rickshaw,1,Signal Violation,1,0,0,1,2,0,Low
2022,11,Friday,17,Sindh,Sukkur,Rural Road,Good,Dusty/Smoggy,Daylight,Car/Taxi,3,Wrong Overtaking,1,0,0,1,2,0,Low
2023,3,Wednesday,18,Sindh,Nawabshah,Urban Road,Average,Foggy,Daylight,Bicycle,2,Road Condition,1,0,0,0,3,0,Medium
2019,10,Saturday,7,Sindh,Dadu,Provincial Highway,Poor,Clear,Daylight,Van/Pickup,1,Road Condition,1,1,0,0,1,0,Low
2023,8,Saturday,21,Punjab,Faisalabad,Provincial Highway,Good,Clear,Street Light,Motorcycle,2,Over Speeding,0,1,0,0,10,1,High
2022,7,Saturday,22,Balochistan,Sibi,National Highway,Good,Clear,No Light,Bus/Coach,1,Over Speeding,0,1,1,0,4,1,High
2023,3,Saturday,10,Sindh,Sukkur,National Highway,Good,Clear,Daylight,Van/Pickup,1,Wrong Overtaking,0,1,0,0,4,0,Medium
2023,4,Sunday,23,Balochistan,Khuzdar,National Highway,Good,Foggy,Street Light,Motorcycle,2,Wrong Overtaking,0,1,1,0,3,2,High
2022,10,Monday,20,Punjab,Rahim Yar Khan,Provincial Highway,Good,Rainy,No Light,Motorcycle,2,Mechanical Failure,1,0,0,0,11,1,High
2020,11,Friday,17,Sindh,Hyderabad,Rural Road,Good,Clear,Daylight,Motorcycle,2,Driver Fatigue,1,0,0,1,4,1,Medium
2019,2,Sunday,5,KPK,Abbottabad,Urban Road,Average,Rainy,Dawn/Dusk,Motorcycle,2,Wrong Overtaking,0,1,1,1,4,0,Medium
2020,3,Saturday,15,Punjab,Sargodha,Provincial Highway,Good,Clear,Street Light,Motorcycle,3,Over Speeding,0,1,0,0,7,1,High
2023,2,Tuesday,21,KPK,Abbottabad,Provincial Highway,Good,Clear,No Light,Rickshaw,3,Signal Violation,0,0,0,1,1,0,Low
2020,3,Friday,14,Punjab,Lahore,Motorway,Average,Clear,Daylight,Car/Taxi,3,Drunk Driving,0,0,0,0,1,0,Medium
2023,4,Sunday,12,Sindh,Larkana,Provincial Highway,Good,Rainy,Daylight,Rickshaw,4,Signal Violation,1,1,0,0,5,1,Medium
2020,7,Saturday,11,Sindh,Jacobabad,Provincial Highway,Good,Dusty/Smoggy,Daylight,Motorcycle,2,Road Condition,0,1,0,0,4,1,Medium
2021,3,Sunday,0,Sindh,Nawabshah,Provincial Highway,Good,Extreme Heat,No Light,Bus/Coach,1,Pedestrian Error,0,1,1,0,1,0,Low
2020,5,Monday,7,Sindh,Kashmore,Rural Road,Good,Foggy,Daylight,Motorcycle,1,Road Condition,1,0,0,0,3,2,Medium
2019,5,Monday,20,Punjab,Rawalpindi,National Highway,Good,Clear,No Light,Motorcycle,2,Signal Violation,1,0,0,0,11,0,High
2023,8,Tuesday,23,KPK,Peshawar,Urban Road,Average,Clear,No Light,Truck/Lorry,2,Wrong Overtaking,0,0,1,0,1,0,Medium
2018,9,Monday,4,Punjab,Bahawalpur,Rural Road,Average,Clear,No Light,Car/Taxi,3,Driver Fatigue,0,0,1,0,1,0,Low
2023,9,Saturday,7,Sindh,Hyderabad,Provincial Highway,Average,Rainy,Dawn/Dusk,Motorcycle,1,Driver Fatigue,1,1,0,0,2,3,High
2018,10,Saturday,8,Punjab,Gujranwala,Provincial Highway,Average,Clear,Daylight,Car/Taxi,2,Mechanical Failure,1,1,0,0,0,0,Low
2019,2,Sunday,11,Sindh,Sukkur,Provincial Highway,Poor,Extreme Heat,Daylight,Car/Taxi,2,Wrong Overtaking,0,1,0,1,2,0,Medium
2022,9,Monday,13,Sindh,Larkana,National Highway,Average,Rainy,Daylight,Motorcycle,2,Driver Fatigue,1,0,0,0,7,1,High
2023,7,Tuesday,3,KPK,Abbottabad,Provincial Highway,Average,Rainy,No Light,Motorcycle,2,Over Speeding,0,0,1,0,7,0,High
2020,6,Friday,14,Sindh,Sukkur,Rural Road,Good,Clear,Daylight,Motorcycle,2,Driver Fatigue,0,0,0,0,3,1,Medium
2018,12,Saturday,12,Punjab,Rawalpindi,Urban Road,Poor,Foggy,Daylight,Motorcycle,3,Over Speeding,1,1,0,1,11,0,High
2018,5,Tuesday,5,Sindh,Kashmore,Provincial Highway,Average,Dusty/Smoggy,Street Light,Truck/Lorry,1,Drunk Driving,0,0,1,0,7,4,High
2018,7,Thursday,12,KPK,Charsadda,Rural Road,Poor,Clear,Daylight,Van/Pickup,4,Over Speeding,1,0,0,0,3,1,Medium
2018,4,Wednesday,13,Punjab,Lahore,National Highway,Poor,Clear,Daylight,Bus/Coach,3,Signal Violation,1,0,0,0,1,0,Medium
2021,7,Saturday,18,Punjab,Faisalabad,Rural Road,Good,Clear,Daylight,Rickshaw,3,Over Speeding,1,1,0,0,1,0,Low
2022,2,Sunday,10,Sindh,Hyderabad,Rural Road,Good,Clear,Dawn/Dusk,Van/Pickup,2,Pedestrian Error,0,1,0,1,0,0,Low
2022,2,Friday,13,Punjab,Sheikhupura,Rural Road,Good,Clear,Daylight,Motorcycle,1,Wrong Overtaking,1,0,0,1,1,0,Medium
2022,8,Tuesday,18,Punjab,Sargodha,Rural Road,Good,Foggy,Daylight,Car/Taxi,2,Signal Violation,1,0,0,0,0,0,Low
2023,5,Saturday,22,Punjab,Rahim Yar Khan,Rural Road,Average,Extreme Heat,No Light,Motorcycle,1,Wrong Overtaking,0,1,1,0,2,1,Medium
2023,2,Tuesday,5,Punjab,Sargodha,National Highway,Good,Clear,Street Light,Car/Taxi,1,Over Speeding,0,0,1,1,4,0,High
2020,12,Thursday,13,Punjab,Bahawalpur,Provincial Highway,Average,Clear,Dawn/Dusk,Motorcycle,2,Signal Violation,1,0,0,1,7,0,High
2021,9,Friday,9,Sindh,Hyderabad,National Highway,Average,Clear,Dawn/Dusk,Motorcycle,2,Mechanical Failure,1,0,0,0,8,0,High
2022,2,Wednesday,9,Punjab,Rahim Yar Khan,Rural Road,Average,Clear,Daylight,Truck/Lorry,2,Wrong Overtaking,1,0,0,1,3,1,Medium
2023,4,Sunday,12,Punjab,Lahore,Provincial Highway,Average,Foggy,Daylight,Motorcycle,2,Road Condition,1,1,0,0,5,1,Medium
2020,5,Friday,19,Punjab,Sialkot,Provincial Highway,Poor,Clear,Street Light,Bicycle,1,Driver Fatigue,1,0,0,0,3,0,High
2023,6,Thursday,9,Sindh,Sukkur,Urban Road,Good,Foggy,Daylight,Motorcycle,2,Wrong Overtaking,1,0,0,0,2,1,Medium
2022,9,Thursday,8,Balochistan,Turbat,National Highway,Good,Clear,Daylight,Truck/Lorry,1,Mobile Phone Use,1,0,0,0,0,0,Low
2022,10,Tuesday,12,Sindh,Sukkur,Urban Road,Good,Clear,Daylight,Van/Pickup,1,Over Speeding,1,0,0,0,2,0,Low
2021,6,Thursday,21,Sindh,Larkana,Provincial Highway,Good,Clear,No Light,Car/Taxi,2,Signal Violation,0,0,0,0,5,0,Medium
2019,7,Wednesday,17,KPK,Kohat,Provincial Highway,Average,Clear,Street Light,Bus/Coach,2,Driver Fatigue,1,0,0,0,6,1,High
2021,3,Sunday,21,Punjab,Rahim Yar Khan,Rural Road,Average,Dusty/Smoggy,No Light,Motorcycle,3,Pedestrian Error,0,1,0,0,5,1,Medium
2020,3,Sunday,13,Punjab,Rahim Yar Khan,Motorway,Under Repair,Clear,Daylight,Rickshaw,4,Wrong Overtaking,1,1,0,0,5,0,Medium
2022,5,Monday,9,Punjab,Multan,National Highway,Good,Foggy,Daylight,Motorcycle,2,Over Speeding,1,0,0,0,10,1,High
2022,11,Sunday,14,Punjab,Bahawalpur,Provincial Highway,Average,Clear,Dawn/Dusk,Van/Pickup,2,Weather Condition,0,1,0,1,1,0,Low
2022,9,Wednesday,8,Punjab,Sialkot,National Highway,Average,Extreme Heat,Street Light,Bus/Coach,1,Driver Fatigue,1,0,0,0,11,2,High
2020,8,Friday,18,Sindh,Jacobabad,Urban Road,Good,Rainy,Daylight,Truck/Lorry,2,Over Speeding,1,0,0,0,3,2,High
2019,8,Wednesday,17,Punjab,Multan,National Highway,Poor,Rainy,Daylight,Car/Taxi,2,Wrong Overtaking,1,0,0,0,4,1,Medium
2022,3,Sunday,10,Islamabad,Islamabad,Provincial Highway,Good,Foggy,Daylight,Rickshaw,3,Over Speeding,0,1,0,0,3,0,Medium
2022,12,Monday,9,Balochistan,Loralai,Urban Road,Good,Clear,Daylight,Bicycle,3,Over Speeding,1,0,0,1,2,1,Medium
2020,8,Monday,21,AJK,Muzaffarabad,Provincial Highway,Poor,Clear,No Light,Truck/Lorry,1,Wrong Overtaking,0,0,0,0,1,2,Medium
2023,12,Friday,10,Punjab,Faisalabad,Provincial Highway,Average,Clear,Daylight,Motorcycle,2,Wrong Overtaking,0,0,0,1,4,0,Medium
2019,8,Sunday,8,Balochistan,Sibi,National Highway,Poor,Foggy,Daylight,Car/Taxi,3,Road Condition,1,1,0,0,4,0,Medium
2023,12,Tuesday,9,KPK,Mardan,Provincial Highway,Average,Clear,Daylight,Motorcycle,1,Over Speeding,1,0,0,1,1,1,Medium
2022,11,Tuesday,8,Balochistan,Turbat,Provincial Highway,Average,Clear,Daylight,Bus/Coach,3,Road Condition,1,0,0,1,1,0,Low
2022,2,Thursday,10,Sindh,Sukkur,Rural Road,Average,Clear,Daylight,Bicycle,1,Road Condition,0,0,0,1,1,0,Medium
2018,2,Monday,15,KPK,Swat,Provincial Highway,Poor,Rainy,Daylight,Bicycle,2,Signal Violation,0,0,0,1,11,3,High
2019,2,Monday,21,Punjab,Sargodha,National Highway,Good,Clear,No Light,Car/Taxi,4,Road Condition,0,0,0,1,1,0,Low
2018,3,Tuesday,5,Punjab,Gujranwala,Rural Road,Good,Clear,Dawn/Dusk,Motorcycle,2,Signal Violation,0,0,1,0,5,0,Medium
2019,11,Sunday,17,Punjab,Sargodha,Provincial Highway,Good,Clear,Daylight,Motorcycle,1,Signal Violation,1,1,0,1,3,0,Medium
2023,7,Saturday,13,Balochistan,Quetta,National Highway,Poor,Dusty/Smoggy,Daylight,Van/Pickup,3,Signal Violation,1,1,0,0,3,0,Medium
2019,6,Saturday,12,Punjab,Multan,Rural Road,Good,Foggy,Dawn/Dusk,Car/Taxi,2,Wrong Overtaking,1,1,0,0,0,0,Low
2022,8,Thursday,8,Punjab,Faisalabad,National Highway,Poor,Extreme Heat,Daylight,Van/Pickup,2,Over Speeding,1,0,0,0,4,0,Medium
2018,5,Friday,19,Islamabad,Islamabad,Provincial Highway,Good,Clear,Dawn/Dusk,Van/Pickup,2,Over Speeding,1,0,0,0,1,1,Medium
2019,12,Monday,17,Punjab,Sialkot,Rural Road,Good,Extreme Heat,Dawn/Dusk,Car/Taxi,1,Road Condition,1,0,0,1,2,0,Low
2023,7,Tuesday,7,Balochistan,Turbat,Rural Road,Average,Clear,Street Light,Motorcycle,2,Wrong Overtaking,1,0,0,0,1,1,Medium
2020,7,Monday,22,KPK,Swat,Urban Road,Average,Clear,No Light,Van/Pickup,1,Driver Fatigue,0,0,1,0,0,0,Low
2023,12,Friday,12,Punjab,Gujranwala,Urban Road,Average,Clear,Dawn/Dusk,Motorcycle,1,Over Speeding,1,0,0,1,1,0,Medium
2023,9,Monday,20,Punjab,Bahawalpur,Rural Road,Average,Clear,No Light,Motorcycle,2,Road Condition,1,0,0,0,4,1,Medium
2023,1,Saturday,5,Sindh,Mirpur Khas,National Highway,Good,Clear,Dawn/Dusk,Bus/Coach,2,Wrong Overtaking,0,1,1,1,5,0,Medium
2023,5,Friday,17,Gilgit-Baltistan,Skardu,Motorway,Good,Foggy,Daylight,Motorcycle,2,Over Speeding,1,0,0,0,5,2,High
2019,7,Tuesday,10,Balochistan,Dera Bugti,National Highway,Under Repair,Dusty/Smoggy,Daylight,Motorcycle,1,Over Speeding,0,0,0,0,11,3,High
2018,3,Tuesday,16,Punjab,Bahawalpur,Provincial Highway,Average,Rainy,Daylight,Motorcycle,1,Over Speeding,0,0,0,0,4,3,High
2022,3,Monday,17,Punjab,Bahawalpur,National Highway,Poor,Clear,Daylight,Motorcycle,1,Road Condition,1,0,0,0,8,1,High
2019,5,Saturday,6,Punjab,Rahim Yar Khan,Rural Road,Good,Clear,Daylight,Motorcycle,1,Mobile Phone Use,0,1,0,0,2,0,Low
2023,1,Monday,9,KPK,Peshawar,Rural Road,Good,Rainy,Dawn/Dusk,Motorcycle,1,Wrong Overtaking,1,0,0,1,1,0,Medium
2021,8,Thursday,9,Punjab,Sheikhupura,National Highway,Under Repair,Rainy,Daylight,Car/Taxi,1,Signal Violation,1,0,0,0,2,1,Medium
2020,1,Friday,7,Punjab,Bahawalpur,Motorway,Good,Clear,Daylight,Car/Taxi,2,Pedestrian Error,1,0,0,1,0,0,Low
2019,2,Sunday,9,KPK,Peshawar,Urban Road,Good,Clear,Daylight,Motorcycle,3,Pedestrian Error,1,1,0,1,2,0,Low
2020,9,Monday,16,Sindh,Dadu,Rural Road,Average,Clear,Daylight,Car/Taxi,2,Wrong Overtaking,0,0,0,0,1,0,Low
2023,1,Wednesday,18,Punjab,Sheikhupura,Urban Road,Good,Dusty/Smoggy,Daylight,Motorcycle,2,Road Condition,1,0,0,1,2,0,Low
2018,6,Wednesday,8,KPK,Charsadda,Motorway,Good,Clear,Daylight,Van/Pickup,2,Over Speeding,1,0,0,0,4,1,Medium
2019,1,Friday,20,Sindh,Kashmore,National Highway,Good,Dusty/Smoggy,No Light,Rickshaw,4,Mechanical Failure,1,0,0,1,3,0,Medium
2022,1,Monday,12,Sindh,Jacobabad,National Highway,Poor,Foggy,Street Light,Motorcycle,4,Wrong Overtaking,1,0,0,1,11,3,High
2020,3,Monday,21,KPK,Mansehra,Urban Road,Average,Clear,Street Light,Bicycle,2,Road Condition,0,0,0,0,1,0,Low
2022,5,Tuesday,18,Sindh,Mirpur Khas,Urban Road,Under Repair,Clear,Daylight,Rickshaw,1,Over Speeding,1,0,0,0,1,0,Medium
2021,11,Saturday,7,Sindh,Nawabshah,Rural Road,Good,Dusty/Smoggy,Street Light,Car/Taxi,4,Over Speeding,1,1,0,1,2,1,Medium
2023,2,Friday,16,Balochistan,Quetta,Provincial Highway,Poor,Clear,Daylight,Motorcycle,1,Road Condition,0,0,0,1,1,0,Low
2019,7,Wednesday,13,Sindh,Karachi,Rural Road,Average,Clear,Daylight,Car/Taxi,1,Wrong Overtaking,1,0,0,0,2,0,Low
2022,11,Saturday,9,Sindh,Dadu,Provincial Highway,Good,Foggy,Street Light,Car/Taxi,3,Road Condition,1,1,0,1,3,1,Medium
2021,10,Sunday,17,Sindh,Nawabshah,Rural Road,Under Repair,Clear,Daylight,Motorcycle,1,Over Speeding,1,1,0,0,4,0,Medium
2022,10,Friday,14,Sindh,Sukkur,Rural Road,Average,Clear,Dawn/Dusk,Motorcycle,3,Over Speeding,0,0,0,0,2,0,Medium
2019,4,Saturday,17,Punjab,Sheikhupura,Provincial Highway,Average,Dusty/Smoggy,Street Light,Bicycle,1,Road Condition,1,1,0,0,5,0,Medium
2018,12,Saturday,17,Punjab,Rawalpindi,Urban Road,Average,Clear,Daylight,Motorcycle,1,Over Speeding,1,1,0,1,3,2,Medium
2019,6,Saturday,9,KPK,Bannu,Provincial Highway,Good,Clear,Daylight,Car/Taxi,1,Wrong Overtaking,1,1,0,0,2,2,Medium
2019,6,Thursday,9,Sindh,Mirpur Khas,Urban Road,Good,Foggy,Street Light,Bus/Coach,1,Mechanical Failure,1,0,0,0,2,1,Medium
2022,2,Monday,5,Punjab,Lahore,Urban Road,Under Repair,Clear,Dawn/Dusk,Rickshaw,2,Road Condition,0,0,1,1,0,1,Low
2022,2,Thursday,10,KPK,Kohat,Rural Road,Good,Clear,Daylight,Car/Taxi,1,Over Speeding,0,0,0,1,2,0,Low
2021,8,Thursday,15,Punjab,Rahim Yar Khan,Urban Road,Poor,Rainy,Street Light,Bicycle,2,Pedestrian Error,0,0,0,0,5,0,Medium
2023,4,Tuesday,15,KPK,Mardan,Motorway,Good,Rainy,Street Light,Motorcycle,2,Signal Violation,0,0,0,0,11,1,High
2023,4,Saturday,6,Sindh,Hyderabad,Provincial Highway,Poor,Dusty/Smoggy,Daylight,Motorcycle,2,Over Speeding,0,1,0,0,5,3,High
2019,3,Friday,19,Punjab,Lahore,Provincial Highway,Average,Rainy,Dawn/Dusk,Motorcycle,3,Drunk Driving,1,0,0,0,5,1,High