year,month,day_of_week,hour_of_day,province,district,road_type,road_condition,weather_condition,lighting_condition,vehicle_type,vehicles_involved,accident_cause,is_rush_hour,is_weekend,is_night,is_foggy_month,num_injured,num_killed,severity
2022,1,Thursday,7,Punjab,Rahim Yar Khan,Urban Road,Good,Foggy,Dawn/Dusk,Motorcycle,1,Over Speeding,1,0,0,1,1,0,Medium
2021,11,Friday,16,Punjab,Multan,Urban Road,Average,Dusty/Smoggy,Daylight,Car/Taxi,3,Mobile Phone Use,0,0,0,1,1,0,Low
2021,3,Sunday,10,Punjab,Multan,Provincial Highway,Good,Extreme Heat,Dawn/Dusk,Motorcycle,2,Over Speeding,0,1,0,0,1,1,Medium
2021,5,Saturday,19,Punjab,Gujranwala,National Highway,Average,Foggy,Dawn/Dusk,Car/Taxi,4,Wrong Overtaking,1,1,0,0,5,1,Medium
2018,5,Sunday,20,Sindh,Larkana,National Highway,Average,Clear,No Light,Motorcycle,2,Drunk Driving,1,1,0,0,4,2,High
2023,12,Monday,19,KPK,Mardan,Urban Road,Average,Rainy,Dawn/Dusk,Rickshaw,2,Signal Violation,1,0,0,1,2,0,Medium
2023,2,Friday,14,Sindh,Mirpur Khas,Rural Road,Average,Rainy,Dawn/Dusk,Motorcycle,4,Mobile Phone Use,0,0,0,1,4,0,Medium
2023,6,Wednesday,12,KPK,Charsadda,Rural Road,Poor,Extreme Heat,Daylight,Car/Taxi,2,Over Speeding,1,0,0,0,0,0,Low
2022,1,Thursday,10,Sindh,Nawabshah,Urban Road,Average,Clear,Daylight,Rickshaw,3,Over Speeding,0,0,0,1,5,0,Medium
2021,10,Sunday,6,Punjab,Gujranwala,National Highway,Good,Clear,Dawn/Dusk,Motorcycle,2,Signal Violation,0,1,0,0,5,1,High
2022,2,Saturday,17,Punjab,Sargodha,Rural Road,Average,Foggy,Daylight,Bus/Coach,2,Driver Fatigue,1,1,0,1,4,1,Medium
2022,6,Friday,16,Punjab,Lahore,Provincial Highway,Under Repair,Foggy,Daylight,Rickshaw,4,Over Speeding,0,0,0,0,8,4,High
2022,1,Thursday,21,Islamabad,Islamabad,National Highway,Good,Rainy,No Light,Car/Taxi,1,Signal Violation,0,0,0,1,7,3,High
2022,5,Thursday,21,Balochistan,Zhob,Urban Road,Good,Clear,No Light,Motorcycle,3,Driver Fatigue,0,0,0,0,3,0,Medium
2022,9,Wednesday,8,Punjab,Faisalabad,Rural Road,Good,Dusty/Smoggy,Daylight,Motorcycle,1,Driver Fatigue,1,0,0,0,3,0,Medium
2020,7,Monday,19,Sindh,Mirpur Khas,National Highway,Good,Foggy,Dawn/Dusk,Truck/Lorry,2,Over Speeding,1,0,0,0,9,1,High
2022,11,Friday,11,Islamabad,Islamabad,Urban Road,Poor,Clear,Daylight,Motorcycle,1,Over Speeding,0,0,0,1,3,1,High
2018,11,Monday,9,KPK,Dera Ismail Khan,Urban Road,Poor,Dusty/Smoggy,Street Light,Van/Pickup,2,Over Speeding,1,0,0,1,5,2,Medium
2023,1,Monday,18,Sindh,Larkana,National Highway,Good,Clear,Daylight,Motorcycle,2,Wrong Overtaking,1,0,0,1,7,0,High
2021,4,Friday,22,Punjab,Sargodha,Provincial Highway,Good,Dusty/Smoggy,Street Light,Motorcycle,2,Mechanical Failure,0,0,1,0,5,0,Medium
2019,8,Tuesday,11,Punjab,Sheikhupura,Urban Road,Under Repair,Foggy,Daylight,Motorcycle,4,Wrong Overtaking,0,0,0,0,9,2,High
2021,11,Tuesday,20,KPK,Bannu,Rural Road,Poor,Foggy,No Light,Motorcycle,3,Pedestrian Error,1,0,0,1,2,0,Low
2020,5,Monday,7,KPK,Dera Ismail Khan,National Highway,Good,Rainy,Daylight,Van/Pickup,2,Wrong Overtaking,1,0,0,0,4,1,Medium
2019,1,Wednesday,17,Sindh,Karachi,National Highway,Average,Rainy,No Light,Motorcycle,2,Road Condition,1,0,0,1,6,2,High
2022,9,Friday,16,Punjab,Sargodha,Urban Road,Poor,Clear,Daylight,Bus/Coach,2,Drunk Driving,0,0,0,0,3,0,Medium
2020,7,Saturday,6,Islamabad,Islamabad,Provincial Highway,Good,Dusty/Smoggy,Daylight,Van/Pickup,1,Over Speeding,0,1,0,0,5,1,Medium
2021,11,Monday,21,Balochistan,Loralai,Rural Road,Average,Clear,No Light,Rickshaw,2,Mobile Phone Use,0,0,0,1,2,0,Low
2022,4,Sunday,12,Punjab,Gujranwala,National Highway,Average,Clear,Daylight,Motorcycle,3,Pedestrian Error,1,1,0,0,4,1,Medium
2023,1,Saturday,7,Punjab,Bahawalpur,National Highway,Under Repair,Clear,Daylight,Motorcycle,1,Road Condition,1,1,0,1,3,0,Medium
2020,7,Monday,19,Sindh,Kashmore,Urban Road,Average,Clear,No Light,Motorcycle,3,Signal Violation,1,0,0,0,4,1,Medium
2022,9,Thursday,19,Punjab,Multan,Rural Road,Average,Clear,Daylight,Car/Taxi,2,Wrong Overtaking,1,0,0,0,1,0,Low
2022,12,Monday,9,Punjab,Lahore,Urban Road,Good,Dusty/Smoggy,Daylight,Truck/Lorry,1,Road Condition,1,0,0,1,1,0,Low
2020,3,Friday,20,Punjab,Multan,Provincial Highway,Good,Dusty/Smoggy,Street Light,Rickshaw,1,Over Speeding,1,0,0,0,2,0,Low
2021,6,Tuesday,20,Islamabad,Islamabad,National Highway,Average,Clear,No Light,Rickshaw,2,Wrong Overtaking,1,0,0,0,1,0,Low
2018,12,Sunday,9,KPK,Mardan,National Highway,Good,Foggy,Dawn/Dusk,Other,2,Over Speeding,1,1,0,1,5,0,Medium
2018,2,Thursday,9,Punjab,Rawalpindi,Rural Road,Under Repair,Rainy,Daylight,Car/Taxi,1,Over Speeding,1,0,0,1,1,0,Medium
2021,2,Wednesday,6,Balochistan,Gwadar,Provincial Highway,Good,Dusty/Smoggy,Dawn/Dusk,Motorcycle,3,Over Speeding,0,0,0,1,11,1,High
2018,12,Saturday,16,KPK,Nowshera,National Highway,Average,Clear,Dawn/Dusk,Rickshaw,2,Over Speeding,0,1,0,1,4,1,High
2020,12,Friday,19,Punjab,Sheikhupura,Provincial Highway,Average,Foggy,Dawn/Dusk,Car/Taxi,2,Pedestrian Error,1,0,0,1,1,1,Medium
2019,5,Saturday,20,Balochistan,Gwadar,Rural Road,Average,Clear,Street Light,Bus/Coach,1,Over Speeding,1,1,0,0,2,0,Medium
2023,6,Saturday,16,Sindh,Hyderabad,Provincial Highway,Under Repair,Clear,Daylight,Motorcycle,2,Over Speeding,0,1,0,0,1,1,Medium
2019,9,Friday,10,Balochistan,Dera Bugti,Provincial Highway,Average,Rainy,Daylight,Bus/Coach,2,Over Speeding,0,0,0,0,1,0,Medium
2021,5,Sunday,20,Sindh,Kashmore,National Highway,Good,Rainy,Street Light,Car/Taxi,1,Signal Violation,1,1,0,0,4,0,Medium
2022,7,Saturday,18,Sindh,Larkana,Provincial Highway,Average,Extreme Heat,Daylight,Rickshaw,2,Wrong Overtaking,1,1,0,0,0,0,Low
2023,12,Wednesday,15,Punjab,Bahawalpur,Urban Road,Good,Clear,No Light,Motorcycle,2,Mechanical Failure,0,0,0,1,2,1,Low
2020,2,Wednesday,16,Punjab,Faisalabad,National Highway,Good,Clear,Daylight,Rickshaw,1,Over Speeding,0,0,0,1,2,1,Medium
2021,6,Tuesday,17,Sindh,Thatta,Provincial Highway,Poor,Clear,Daylight,Motorcycle,4,Wrong Overtaking,1,0,0,0,3,1,Medium
2020,4,Friday,2,Islamabad,Islamabad,National Highway,Good,Foggy,No Light,Motorcycle,2,Wrong Overtaking,0,0,1,0,10,0,High
2023,9,Thursday,1,Sindh,Mirpur Khas,Provincial Highway,Good,Extreme Heat,No Light,Car/Taxi,1,Over Speeding,0,0,1,0,3,1,Medium
2023,9,Monday,18,Punjab,Faisalabad,Provincial Highway,Average,Dusty/Smoggy,Daylight,Car/Taxi,1,Over Speeding,1,0,0,0,2,0,Medium
2021,5,Thursday,22,Punjab,Bahawalpur,Provincial Highway,Good,Clear,Street Light,Rickshaw,2,Over Speeding,0,0,1,0,1,0,Medium
2021,6,Sunday,16,Balochistan,Turbat,National Highway,Average,Foggy,Daylight,Car/Taxi,2,Over Speeding,0,1,0,0,4,2,High
2022,9,Tuesday,19,Punjab,Multan,Provincial Highway,Good,Rainy,Street Light,Motorcycle,1,Signal Violation,1,0,0,0,3,1,High
2023,2,Wednesday,18,Punjab,Faisalabad,Provincial Highway,Poor,Clear,Daylight,Car/Taxi,3,Mechanical Failure,1,0,0,1,1,1,Low
2021,10,Sunday,10,KPK,Mansehra,Provincial Highway,Good,Rainy,Daylight,Rickshaw,1,Wrong Overtaking,0,1,0,0,3,0,Medium
2018,10,Friday,13,Islamabad,Islamabad,Urban Road,Average,Extreme Heat,Dawn/Dusk,Truck/Lorry,2,Over Speeding,1,0,0,0,2,0,Low
2020,7,Saturday,1,KPK,Abbottabad,National Highway,Under Repair,Foggy,Street Light,Motorcycle,1,Over Speeding,0,1,1,0,7,1,High
2021,7,Friday,14,Punjab,Sargodha,Provincial Highway,Good,Clear,Daylight,Car/Taxi,2,Signal Violation,0,0,0,0,1,1,Medium
2022,8,Saturday,16,Punjab,Sialkot,Urban Road,Average,Foggy,Daylight,Motorcycle,3,Road Condition,0,1,0,0,1,0,Low
2023,6,Monday,21,KPK,Peshawar,Provincial Highway,Under Repair,Rainy,No Light,Rickshaw,1,Mechanical Failure,0,0,0,0,1,1,Medium
2021,7,Monday,7,Balochistan,Sibi,Provincial Highway,Good,Dusty/Smoggy,Daylight,Motorcycle,2,Pedestrian Error,1,0,0,0,5,0,Medium
2020,12,Saturday,22,Gilgit-Baltistan,Hunza,Provincial Highway,Poor,Extreme Heat,Street Light,Rickshaw,2,Mechanical Failure,0,1,1,1,2,0,Low
2021,1,Monday,20,Sindh,Karachi,Motorway,Good,Extreme Heat,Street Light,Van/Pickup,3,Signal Violation,1,0,0,1,5,0,Medium
2019,9,Tuesday,18,KPK,Swat,National Highway,Average,Rainy,Daylight,Motorcycle,2,Mobile Phone Use,1,0,0,0,7,0,High
2018,8,Friday,5,Punjab,Multan,Provincial Highway,Under Repair,Rainy,Street Light,Car/Taxi,1,Pedestrian Error,0,0,1,0,4,0,Medium
2019,12,Sunday,11,Punjab,Sialkot,Provincial Highway,Good,Clear,Daylight,Car/Taxi,1,Wrong Overtaking,0,1,0,1,0,0,Low
2022,4,Friday,21,Punjab,Rawalpindi,Urban Road,Good,Clear,Street Light,Bus/Coach,2,Over Speeding,0,0,0,0,0,0,Low
2021,5,Monday,10,AJK,Muzaffarabad,National Highway,Good,Foggy,Street Light,Motorcycle,4,Pedestrian Error,0,0,0,0,8,0,High
2020,8,Saturday,10,Punjab,Faisalabad,Provincial Highway,Good,Foggy,Daylight,Other,1,Over Speeding,0,1,0,0,11,0,High
2020,6,Saturday,23,Punjab,Rawalpindi,National Highway,Average,Rainy,Street Light,Car/Taxi,3,Mechanical Failure,0,1,1,0,8,2,High
2020,6,Saturday,9,Islamabad,Islamabad,Provincial Highway,Good,Extreme Heat,Daylight,Motorcycle,3,Over Speeding,1,1,0,0,7,2,High
2022,7,Wednesday,21,Punjab,Multan,National Highway,Good,Dusty/Smoggy,Street Light,Car/Taxi,2,Drunk Driving,0,0,0,0,1,1,Medium
2022,8,Wednesday,8,Punjab,Bahawalpur,Rural Road,Good,Foggy,Daylight,Motorcycle,1,Driver Fatigue,1,0,0,0,4,1,High
2019,10,Wednesday,15,KPK,Charsadda,Rural Road,Average,Rainy,Daylight,Rickshaw,2,Road Condition,0,0,0,0,0,0,Low
2023,11,Tuesday,15,KPK,Peshawar,Urban Road,Average,Clear,Daylight,Bus/Coach,3,Wrong Overtaking,0,0,0,1,2,0,Low
2021,2,Friday,11,Sindh,Dadu,National Highway,Poor,Dusty/Smoggy,Daylight,Motorcycle,3,Over Speeding,0,0,0,1,8,0,High
2022,10,Wednesday,16,Islamabad,Islamabad,National Highway,Good,Clear,Dawn/Dusk,Motorcycle,1,Driver Fatigue,0,0,0,0,10,3,High
2018,11,Thursday,23,Punjab,Multan,National Highway,Good,Clear,No Light,Motorcycle,2,Drunk Driving,0,0,1,1,3,1,High
2020,3,Friday,18,Balochistan,Gwadar,Urban Road,Average,Clear,Dawn/Dusk,Car/Taxi,2,Mobile Phone Use,1,0,0,0,1,0,Low
2023,9,Friday,8,KPK,Swat,Rural Road,Good,Rainy,Daylight,Motorcycle,2,Wrong Overtaking,1,0,0,0,5,0,Medium
2018,10,Tuesday,20,Punjab,Sargodha,Urban Road,Poor,Foggy,Street Light,Other,2,Over Speeding,1,0,0,0,1,0,Low
2019,7,Saturday,8,KPK,Mardan,Rural Road,Good,Clear,Dawn/Dusk,Truck/Lorry,1,Over Speeding,1,1,0,0,3,0,Medium
2019,5,Saturday,9,Punjab,Sargodha,National Highway,Average,Clear,Dawn/Dusk,Car/Taxi,3,Road Condition,1,1,0,0,1,0,Medium
2019,11,Friday,8,Punjab,Rahim Yar Khan,Provincial Highway,Good,Clear,Street Light,Motorcycle,2,Wrong Overtaking,1,0,0,1,3,2,Medium
2020,4,Monday,14,Islamabad,Islamabad,Rural Road,Good,Rainy,Daylight,Motorcycle,2,Over Speeding,0,0,0,0,4,2,High
2018,7,Tuesday,10,Punjab,Faisalabad,Rural Road,Average,Clear,Daylight,Car/Taxi,2,Mechanical Failure,0,0,0,0,1,0,Low
2022,12,Tuesday,18,Punjab,Rawalpindi,National Highway,Average,Clear,Daylight,Car/Taxi,1,Over Speeding,1,0,0,1,2,1,High
2020,5,Monday,11,Punjab,Gujranwala,Provincial Highway,Good,Clear,Daylight,Motorcycle,1,Over Speeding,0,0,0,0,10,0,High
2023,2,Thursday,11,Punjab,Lahore,National Highway,Good,Foggy,Street Light,Truck/Lorry,2,Over Speeding,0,0,0,1,4,0,High
2021,6,Saturday,14,Balochistan,Chaman,Urban Road,Good,Extreme Heat,Daylight,Rickshaw,2,Mechanical Failure,0,1,0,0,0,0,Low
2023,8,Saturday,20,Islamabad,Islamabad,Provincial Highway,Under Repair,Clear,No Light,Motorcycle,1,Wrong Overtaking,1,1,0,0,1,0,Medium
2020,2,Tuesday,13,Sindh,Nawabshah,Rural Road,Good,Clear,Daylight,Motorcycle,1,Over Speeding,1,0,0,1,5,2,Medium
2022,9,Wednesday,13,Sindh,Larkana,National Highway,Average,Rainy,Daylight,Car/Taxi,1,Mechanical Failure,1,0,0,0,2,0,Medium
2019,12,Saturday,10,Sindh,Sukkur,Provincial Highway,Poor,Rainy,Daylight,Truck/Lorry,4,Over Speeding,0,1,0,1,3,4,High
2023,6,Monday,17,Punjab,Sargodha,National Highway,Good,Rainy,No Light,Motorcycle,2,Wrong Overtaking,1,0,0,0,9,2,High
2019,6,Friday,4,Punjab,Sialkot,Provincial Highway,Poor,Clear,No Light,Bicycle,1,Pedestrian Error,0,0,1,0,9,1,High
2021,4,Saturday,7,Punjab,Sheikhupura,Rural Road,Average,Clear,Daylight,Motorcycle,3,Drunk Driving,1,1,0,0,4,4,High
2020,6,Friday,12,Sindh,Hyderabad,Rural Road,Good,Extreme Heat,Daylight,Motorcycle,1,Weather Condition,1,0,0,0,4,1,Medium
2018,11,Saturday,18,Sindh,Nawabshah,National Highway,Good,Clear,Daylight,Rickshaw,2,Signal Violation,1,1,0,1,0,0,Low
2023,12,Saturday,14,Islamabad,Islamabad,Urban Road,Average,Clear,Daylight,Truck/Lorry,2,Over Speeding,0,1,0,1,1,1,Medium
2020,6,Sunday,10,KPK,Dera Ismail Khan,Provincial Highway,Average,Rainy,Daylight,Rickshaw,1,Signal Violation,0,1,0,0,2,0,Medium
2019,6,Friday,20,KPK,Peshawar,National Highway,Good,Clear,No Light,Motorcycle,2,Weather Condition,1,0,0,0,9,0,High
2023,6,Friday,21,Punjab,Multan,Rural Road,Under Repair,Rainy,Street Light,Motorcycle,2,Road Condition,0,0,0,0,4,1,Medium
2023,3,Saturday,8,Balochistan,Gwadar,Provincial Highway,Poor,Foggy,Daylight,Truck/Lorry,2,Mechanical Failure,1,1,0,0,5,0,Medium
2020,5,Friday,21,Islamabad,Islamabad,Rural Road,Good,Clear,Street Light,Motorcycle,4,Wrong Overtaking,0,0,0,0,4,0,Medium
2022,10,Tuesday,17,Islamabad,Islamabad,National Highway,Good,Foggy,Daylight,Truck/Lorry,2,Mobile Phone Use,1,0,0,0,4,0,Medium
2021,11,Wednesday,22,Punjab,Sheikhupura,Provincial Highway,Good,Clear,No Light,Bus/Coach,2,Signal Violation,0,0,1,1,1,1,Medium
2023,3,Monday,10,Sindh,Dadu,Urban Road,Good,Clear,Daylight,Truck/Lorry,1,Drunk Driving,0,0,0,0,3,2,Medium
2018,8,Tuesday,18,Sindh,Thatta,National Highway,Good,Clear,Daylight,Motorcycle,2,Road Condition,1,0,0,0,4,2,Medium
2021,4,Wednesday,9,Punjab,Bahawalpur,National Highway,Good,Foggy,Daylight,Motorcycle,2,Wrong Overtaking,1,0,0,0,9,0,High
2020,9,Thursday,18,Gilgit-Baltistan,Hunza,Provincial Highway,Average,Clear,Daylight,Motorcycle,1,Road Condition,1,0,0,0,0,0,Low
2023,4,Saturday,20,Punjab,Gujranwala,Urban Road,Poor,Clear,No Light,Motorcycle,3,Pedestrian Error,1,1,0,0,1,0,Low
2018,6,Saturday,21,Punjab,Rawalpindi,National Highway,Good,Clear,No Light,Motorcycle,2,Road Condition,0,1,0,0,4,0,Medium
2023,9,Sunday,14,Sindh,Kashmore,Provincial Highway,Good,Clear,Street Light,Rickshaw,2,Wrong Overtaking,0,1,0,0,1,0,Low
2019,4,Wednesday,18,Punjab,Gujranwala,Urban Road,Good,Foggy,Daylight,Car/Taxi,3,Pedestrian Error,1,0,0,0,2,0,Low
2022,3,Sunday,12,Islamabad,Islamabad,Urban Road,Good,Clear,Daylight,Car/Taxi,3,Wrong Overtaking,1,1,0,0,0,0,Low
2018,12,Saturday,18,Sindh,Kashmore,National Highway,Poor,Dusty/Smoggy,Daylight,Rickshaw,3,Wrong Overtaking,1,1,0,1,3,0,Medium
2021,2,Wednesday,8,Punjab,Sargodha,Rural Road,Good,Rainy,Daylight,Rickshaw,2,Over Speeding,1,0,0,1,1,0,Medium
2022,8,Monday,8,Sindh,Thatta,National Highway,Poor,Foggy,Daylight,Car/Taxi,1,Mobile Phone Use,1,0,0,0,0,0,Low
2023,5,Sunday,12,Punjab,Bahawalpur,Provincial Highway,Average,Clear,Daylight,Car/Taxi,3,Road Condition,1,1,0,0,1,0,Low
2018,9,Saturday,15,KPK,Mardan,National Highway,Under Repair,Clear,Daylight,Bus/Coach,2,Wrong Overtaking,0,1,0,0,6,2,High
2023,5,Monday,11,KPK,Nowshera,Urban Road,Under Repair,Extreme Heat,Daylight,Car/Taxi,1,Wrong Overtaking,0,0,0,0,1,0,Low
2020,11,Saturday,8,Sindh,Larkana,Provincial Highway,Average,Clear,Daylight,Motorcycle,2,Wrong Overtaking,1,1,0,1,4,0,Medium
2023,12,Sunday,19,Islamabad,Islamabad,Provincial Highway,Good,Foggy,Dawn/Dusk,Truck/Lorry,2,Mechanical Failure,1,1,0,1,4,0,Medium
2019,4,Friday,12,Sindh,Larkana,Urban Road,Good,Clear,Street Light,Car/Taxi,1,Signal Violation,1,0,0,0,1,0,Low
2019,9,Friday,1,KPK,Bannu,Provincial Highway,Average,Rainy,Street Light,Bus/Coach,2,Mechanical Failure,0,0,1,0,9,2,High
2022,12,Sunday,16,Islamabad,Islamabad,Urban Road,Poor,Dusty/Smoggy,Daylight,Motorcycle,2,Over Speeding,0,1,0,1,4,0,Medium
2022,3,Tuesday,13,KPK,Nowshera,Rural Road,Poor,Foggy,Street Light,Motorcycle,2,Driver Fatigue,1,0,0,0,7,2,High
2023,2,Wednesday,18,Sindh,Mirpur Khas,National Highway,Average,Foggy,Daylight,Motorcycle,1,Over Speeding,1,0,0,1,8,1,High
2021,1,Saturday,6,Punjab,Gujranwala,Provincial Highway,Good,Foggy,Daylight,Motorcycle,2,Road Condition,0,1,0,1,1,0,Medium
2023,6,Sunday,20,KPK,Nowshera,Urban Road,Good,Rainy,No Light,Motorcycle,2,Drunk Driving,1,1,0,0,9,1,High
2023,7,Tuesday,21,Islamabad,Islamabad,Urban Road,Average,Dusty/Smoggy,Street Light,Van/Pickup,1,Over Speeding,0,0,0,0,0,0,Low
2018,3,Thursday,10,Sindh,Dadu,Provincial Highway,Good,Dusty/Smoggy,Daylight,Bicycle,2,Signal Violation,0,0,0,0,9,2,High
2023,9,Sunday,13,Punjab,Sialkot,National Highway,Good,Rainy,Daylight,Van/Pickup,3,Wrong Overtaking,1,1,0,0,11,1,High
2022,8,Monday,6,Sindh,Kashmore,National Highway,Good,Clear,Daylight,Van/Pickup,3,Road Condition,0,0,0,0,2,1,Medium
2019,1,Sunday,8,KPK,Nowshera,Motorway,Poor,Extreme Heat,Daylight,Bus/Coach,1,Over Speeding,1,1,0,1,4,2,High
2023,7,Tuesday,22,Punjab,Multan,National Highway,Average,Rainy,Street Light,Motorcycle,1,Wrong Overtaking,0,0,1,0,6,2,High
2019,6,Monday,8,Balochistan,Sibi,Provincial Highway,Average,Foggy,Daylight,Car/Taxi,1,Road Condition,1,0,0,0,0,0,Low
2021,2,Saturday,19,Balochistan,Chaman,Provincial Highway,Average,Clear,Street Light,Car/Taxi,2,Pedestrian Error,1,1,0,1,2,0,Low
2020,2,Wednesday,8,Sindh,Dadu,Rural Road,Good,Clear,Daylight,Car/Taxi,2,Signal Violation,1,0,0,1,2,0,Low
2022,10,Sunday,1,Punjab,Gujranwala,National Highway,Poor,Clear,Street Light,Car/Taxi,1,Driver Fatigue,0,1,1,0,5,3,High
2020,10,Friday,7,KPK,Peshawar,Rural Road,Good,Clear,No Light,Bus/Coach,4,Road Condition,1,0,0,0,1,0,Low
2019,1,Thursday,17,Punjab,Bahawalpur,National Highway,Poor,Rainy,Daylight,Motorcycle,2,Over Speeding,1,0,0,1,9,3,High
2018,5,Thursday,18,Sindh,Thatta,National Highway,Good,Rainy,No Light,Motorcycle,2,Signal Violation,1,0,0,0,8,2,High
2018,10,Saturday,13,Punjab,Sargodha,Motorway,Average,Clear,Daylight,Car/Taxi,1,Pedestrian Error,1,1,0,0,4,1,Medium
2021,5,Sunday,9,Sindh,Jacobabad,National Highway,Average,Clear,Daylight,Rickshaw,2,Drunk Driving,1,1,0,0,1,0,Medium
2023,7,Monday,19,Punjab,Gujranwala,National Highway,Good,Clear,Dawn/Dusk,Motorcycle,1,Wrong Overtaking,1,0,0,0,4,0,Medium
2019,6,Monday,17,KPK,Charsadda,Urban Road,Good,Rainy,Street Light,Motorcycle,1,Pedestrian Error,1,0,0,0,2,0,Medium
2023,4,Monday,12,KPK,Abbottabad,Rural Road,Poor,Rainy,Daylight,Motorcycle,2,Signal Violation,1,0,0,0,2,1,Medium
2022,12,Wednesday,16,Gilgit-Baltistan,Hunza,National Highway,Average,Foggy,Dawn/Dusk,Motorcycle,2,Signal Violation,0,0,0,1,2,1,High
2022,8,Wednesday,4,Punjab,Gujranwala,National Highway,Poor,Foggy,Street Light,Motorcycle,2,Pedestrian Error,0,0,1,0,9,2,High
2018,7,Tuesday,9,Punjab,Rahim Yar Khan,National Highway,Average,Clear,Daylight,Motorcycle,1,Over Speeding,1,0,0,0,4,0,High
2020,9,Friday,9,Sindh,Kashmore,Urban Road,Poor,Dusty/Smoggy,Daylight,Rickshaw,1,Over Speeding,1,0,0,0,2,0,Low
2018,5,Saturday,18,Punjab,Sheikhupura,Rural Road,Good,Rainy,Daylight,Motorcycle,4,Pedestrian Error,1,1,0,0,4,0,Medium
2019,7,Tuesday,9,Punjab,Bahawalpur,National Highway,Average,Foggy,Dawn/Dusk,Motorcycle,1,Wrong Overtaking,1,0,0,0,3,2,High
2018,12,Wednesday,7,Sindh,Dadu,Rural Road,Poor,Clear,Daylight,Motorcycle,3,Over Speeding,1,0,0,1,2,0,Medium
2021,11,Tuesday,20,Sindh,Thatta,National Highway,Good,Clear,No Light,Motorcycle,1,Mechanical Failure,1,0,0,1,7,2,High
2022,10,Tuesday,9,Punjab,Sialkot,Urban Road,Under Repair,Clear,Daylight,Motorcycle,4,Over Speeding,1,0,0,0,4,0,Medium
2022,2,Friday,18,Sindh,Jacobabad,National Highway,Average,Rainy,Daylight,Motorcycle,2,Mobile Phone Use,1,0,0,1,5,1,High
2023,4,Saturday,20,Sindh,Nawabshah,Rural Road,Poor,Clear,No Light,Motorcycle,3,Road Condition,1,1,0,0,0,0,Low
2019,5,Monday,18,Punjab,Faisalabad,Motorway,Poor,Rainy,Daylight,Rickshaw,1,Over Speeding,1,0,0,0,5,1,Medium
2020,12,Sunday,4,Balochistan,Quetta,National Highway,Good,Rainy,No Light,Bus/Coach,2,Pedestrian Error,0,1,1,1,9,1,High
2022,3,Sunday,9,Punjab,Lahore,Provincial Highway,Good,Clear,Daylight,Rickshaw,1,Wrong Overtaking,1,1,0,0,5,0,Medium
2019,12,Friday,8,Punjab,Sargodha,Rural Road,Poor,Extreme Heat,Daylight,Van/Pickup,2,Signal Violation,1,0,0,1,1,0,Low
2021,1,Thursday,20,Punjab,Bahawalpur,Motorway,Average,Dusty/Smoggy,No Light,Car/Taxi,3,Wrong Overtaking,1,0,0,1,5,2,Medium
2023,12,Friday,18,Punjab,Lahore,Provincial Highway,Average,Dusty/Smoggy,Daylight,Motorcycle,2,Signal Violation,1,0,0,1,2,4,High
2018,9,Tuesday,0,Balochistan,Quetta,Provincial Highway,Average,Clear,No Light,Bus/Coach,1,Mechanical Failure,0,0,1,0,0,0,Low
2023,11,Tuesday,18,Punjab,Sargodha,National Highway,Good,Clear,Street Light,Motorcycle,3,Over Speeding,1,0,0,1,6,1,High
2021,7,Friday,17,KPK,Kohat,National Highway,Good,Clear,Daylight,Car/Taxi,2,Road Condition,1,0,0,0,5,1,Medium
2023,5,Friday,8,Sindh,Dadu,Rural Road,Good,Clear,Daylight,Truck/Lorry,1,Drunk Driving,1,0,0,0,1,0,Medium
2022,1,Saturday,18,Sindh,Dadu,Provincial Highway,Good,Foggy,Daylight,Motorcycle,3,Road Condition,1,1,0,1,3,0,Medium
2022,11,Sunday,13,Islamabad,Islamabad,Urban Road,Good,Foggy,Daylight,Car/Taxi,2,Mechanical Failure,1,1,0,1,0,1,Low
2019,7,Monday,9,Balochistan,Loralai,Provincial Highway,Average,Clear,Daylight,Car/Taxi,2,Wrong Overtaking,1,0,0,0,4,1,Medium
2022,7,Saturday,21,Punjab,Sargodha,Rural Road,Average,Clear,No Light,Car/Taxi,2,Over Speeding,0,1,0,0,2,0,Medium
2023,11,Monday,16,Balochistan,Turbat,National Highway,Good,Dusty/Smoggy,Daylight,Car/Taxi,2,Over Speeding,0,0,0,1,2,1,Medium
2022,11,Friday,8,Sindh,Hyderabad,National Highway,Poor,Clear,Daylight,Car/Taxi,1,Over Speeding,1,0,0,1,4,0,Medium
2021,12,Saturday,20,Punjab,Rahim Yar Khan,Provincial Highway,Under Repair,Rainy,No Light,Motorcycle,1,Over Speeding,1,1,0,1,7,1,High
2022,1,Wednesday,6,KPK,Peshawar,Rural Road,Average,Rainy,Street Light,Bus/Coach,2,Pedestrian Error,0,0,0,1,1,0,Low
2022,3,Friday,13,Islamabad,Islamabad,Provincial Highway,Under Repair,Clear,Daylight,Car/Taxi,2,Pedestrian Error,1,0,0,0,2,0,Low
2021,12,Wednesday,0,Punjab,Sargodha,Urban Road,Under Repair,Clear,Street Light,Car/Taxi,3,Over Speeding,0,0,1,1,2,0,Medium
2018,5,Saturday,22,KPK,Kohat,Urban Road,Poor,Clear,Street Light,Motorcycle,1,Road Condition,0,1,1,0,4,1,Medium