year,month,day_of_week,hour_of_day,province,district,road_type,road_condition,weather_condition,lighting_condition,vehicle_type,vehicles_involved,accident_cause,is_rush_hour,is_weekend,is_night,is_foggy_month,num_injured,num_killed,severity
2022,11,Thursday,20,Punjab,Lahore,Rural Road,Good,Foggy,Street Light,Motorcycle,2,Over Speeding,1,0,0,1,4,0,Medium
2023,12,Friday,12,Punjab,Sargodha,Urban Road,Average,Foggy,Daylight,Rickshaw,2,Pedestrian Error,1,0,0,1,0,0,Low
2018,10,Thursday,2,Balochistan,Loralai,Provincial Highway,Average,Dusty/Smoggy,No Light,Motorcycle,2,Weather Condition,0,0,1,0,4,0,Medium
2022,12,Thursday,8,Sindh,Kashmore,National Highway,Good,Foggy,No Light,Bicycle,1,Over Speeding,1,0,0,1,7,1,High
2018,12,Wednesday,12,Punjab,Rawalpindi,National Highway,Good,Rainy,Daylight,Motorcycle,3,Signal Violation,1,0,0,1,3,3,High
2022,7,Sunday,23,Sindh,Sukkur,National Highway,Average,Clear,Street Light,Car/Taxi,2,Over Speeding,0,1,1,0,9,2,High
2020,6,Sunday,13,KPK,Swat,Rural Road,Good,Clear,Daylight,Bus/Coach,4,Wrong Overtaking,1,1,0,0,5,0,Medium
2022,1,Wednesday,8,Sindh,Jacobabad,Provincial Highway,Good,Clear,Daylight,Car/Taxi,1,Mechanical Failure,1,0,0,1,1,0,Low
2021,12,Friday,16,Punjab,Sargodha,National Highway,Good,Clear,Dawn/Dusk,Motorcycle,2,Weather Condition,0,0,0,1,5,0,Medium
2021,8,Saturday,21,Sindh,Thatta,Urban Road,Poor,Clear,No Light,Car/Taxi,2,Wrong Overtaking,0,1,0,0,2,1,Low
2020,12,Friday,8,Islamabad,Islamabad,Provincial Highway,Good,Foggy,Daylight,Motorcycle,2,Signal Violation,1,0,0,1,5,0,Medium
2020,8,Friday,15,Sindh,Dadu,National Highway,Poor,Rainy,Daylight,Car/Taxi,3,Mechanical Failure,0,0,0,0,0,0,Low
2019,2,Monday,9,KPK,Kohat,Urban Road,Good,Dusty/Smoggy,Daylight,Rickshaw,1,Over Speeding,1,0,0,1,3,0,Medium
2023,5,Monday,13,KPK,Dera Ismail Khan,Provincial Highway,Average,Clear,Street Light,Car/Taxi,2,Road Condition,1,0,0,0,1,0,Low
2021,1,Saturday,12,Punjab,Bahawalpur,Provincial Highway,Average,Rainy,Daylight,Truck/Lorry,2,Driver Fatigue,1,1,0,1,6,3,High
2021,11,Saturday,21,Sindh,Karachi,Rural Road,Average,Dusty/Smoggy,No Light,Motorcycle,1,Wrong Overtaking,0,1,0,1,4,0,Medium
2019,8,Thursday,12,Punjab,Faisalabad,Rural Road,Good,Rainy,Daylight,Rickshaw,1,Over Speeding,1,0,0,0,4,0,Medium
2022,9,Sunday,16,Punjab,Bahawalpur,Urban Road,Average,Clear,Dawn/Dusk,Motorcycle,1,Pedestrian Error,0,1,0,0,1,0,Low
2018,2,Monday,11,Punjab,Bahawalpur,Rural Road,Good,Clear,Daylight,Truck/Lorry,3,Wrong Overtaking,0,0,0,1,1,0,Low
2021,2,Monday,17,KPK,Bannu,Rural Road,Average,Rainy,Daylight,Truck/Lorry,2,Over Speeding,1,0,0,1,10,2,High
2021,10,Friday,20,Punjab,Sargodha,National Highway,Poor,Rainy,Street Light,Motorcycle,2,Mechanical Failure,1,0,0,0,11,0,High
2020,7,Thursday,8,Punjab,Bahawalpur,Urban Road,Good,Clear,Daylight,Car/Taxi,2,Driver Fatigue,1,0,0,0,2,0,Low
2023,6,Wednesday,11,Punjab,Faisalabad,National Highway,Good,Foggy,Daylight,Motorcycle,3,Mobile Phone Use,0,0,0,0,3,1,Medium
2022,11,Friday,17,Punjab,Bahawalpur,National Highway,Average,Clear,Dawn/Dusk,Motorcycle,3,Mechanical Failure,1,0,0,1,1,0,Medium
2018,7,Wednesday,12,Sindh,Sukkur,Motorway,Poor,Extreme Heat,Daylight,Motorcycle,3,Pedestrian Error,1,0,0,0,5,2,Medium
2020,11,Monday,19,KPK,Dera Ismail Khan,Rural Road,Good,Clear,Daylight,Motorcycle,2,Mechanical Failure,1,0,0,1,5,0,Medium
2023,10,Friday,22,Punjab,Multan,National Highway,Average,Extreme Heat,No Light,Car/Taxi,3,Weather Condition,0,0,1,0,4,0,Medium
2021,10,Tuesday,8,Punjab,Sargodha,Provincial Highway,Poor,Foggy,Daylight,Car/Taxi,4,Road Condition,1,0,0,0,5,1,Medium
2018,6,Sunday,9,KPK,Nowshera,Motorway,Average,Clear,Daylight,Bus/Coach,3,Pedestrian Error,1,1,0,0,3,0,Medium
2021,2,Saturday,14,Sindh,Nawabshah,Provincial Highway,Average,Clear,Daylight,Car/Taxi,2,Road Condition,0,1,0,1,2,0,Low
2022,11,Wednesday,16,KPK,Peshawar,Provincial Highway,Good,Clear,Street Light,Car/Taxi,2,Over Speeding,0,0,0,1,2,0,Low
2018,8,Friday,16,Punjab,Sheikhupura,Motorway,Good,Clear,Daylight,Motorcycle,2,Over Speeding,0,0,0,0,10,0,High
2020,11,Thursday,5,KPK,Abbottabad,Provincial Highway,Poor,Clear,Dawn/Dusk,Motorcycle,2,Over Speeding,0,0,1,1,11,1,High
2021,5,Monday,17,Sindh,Kashmore,National Highway,Poor,Clear,Daylight,Car/Taxi,2,Pedestrian Error,1,0,0,0,4,0,Medium
2021,11,Tuesday,7,Sindh,Larkana,Rural Road,Average,Foggy,Daylight,Bus/Coach,2,Signal Violation,1,0,0,1,2,0,Low
2020,1,Tuesday,3,Punjab,Faisalabad,National Highway,Good,Clear,No Light,Motorcycle,3,Signal Violation,0,0,1,1,3,2,High
2023,7,Sunday,12,Punjab,Gujranwala,Urban Road,Average,Foggy,No Light,Rickshaw,2,Driver Fatigue,1,1,0,0,2,0,Low
2019,5,Sunday,5,KPK,Mansehra,National Highway,Good,Foggy,No Light,Motorcycle,2,Driver Fatigue,0,1,1,0,3,1,High
2023,12,Friday,18,Punjab,Sialkot,National Highway,Good,Foggy,Daylight,Van/Pickup,2,Wrong Overtaking,1,0,0,1,5,1,Medium
2019,8,Friday,8,Punjab,Lahore,National Highway,Good,Rainy,Street Light,Car/Taxi,1,Over Speeding,1,0,0,0,1,1,Medium
2021,10,Friday,12,Sindh,Larkana,Provincial Highway,Poor,Clear,Daylight,Motorcycle,2,Signal Violation,1,0,0,0,3,0,Medium
2019,7,Wednesday,14,Sindh,Kashmore,National Highway,Poor,Clear,Street Light,Car/Taxi,1,Mobile Phone Use,0,0,0,0,2,0,Low
2019,9,Saturday,9,Sindh,Larkana,Motorway,Average,Rainy,Daylight,Car/Taxi,2,Over Speeding,1,1,0,0,3,2,High
2020,5,Saturday,11,Sindh,Sukkur,National Highway,Poor,Rainy,Daylight,Motorcycle,1,Driver Fatigue,0,1,0,0,7,2,High
2022,6,Thursday,10,Sindh,Jacobabad,Provincial Highway,Average,Dusty/Smoggy,Dawn/Dusk,Motorcycle,1,Mobile Phone Use,0,0,0,0,4,0,Medium
2021,7,Wednesday,5,Sindh,Larkana,National Highway,Under Repair,Rainy,Daylight,Bicycle,1,Wrong Overtaking,0,0,1,0,8,1,High
2022,1,Thursday,14,Islamabad,Islamabad,Rural Road,Good,Clear,No Light,Motorcycle,3,Wrong Overtaking,0,0,0,1,4,0,Medium
2020,9,Sunday,20,Sindh,Jacobabad,Motorway,Average,Foggy,Street Light,Car/Taxi,2,Pedestrian Error,1,1,0,0,4,0,Medium
2020,3,Wednesday,14,Sindh,Sukkur,Provincial Highway,Good,Clear,Daylight,Car/Taxi,2,Weather Condition,0,0,0,0,0,0,Low
2023,8,Saturday,20,Punjab,Multan,Rural Road,Good,Clear,No Light,Motorcycle,2,Mechanical Failure,1,1,0,0,0,0,Low
2020,5,Sunday,11,Balochistan,Khuzdar,Rural Road,Under Repair,Clear,Daylight,Car/Taxi,1,Driver Fatigue,0,1,0,0,1,1,Medium
2018,5,Wednesday,19,Punjab,Multan,Urban Road,Good,Clear,Street Light,Other,3,Over Speeding,1,0,0,0,0,0,Low
2019,5,Sunday,5,Sindh,Kashmore,Rural Road,Good,Foggy,Dawn/Dusk,Bicycle,2,Mechanical Failure,0,1,1,0,4,1,Medium
2023,9,Wednesday,9,Punjab,Multan,Urban Road,Good,Rainy,Daylight,Truck/Lorry,2,Road Condition,1,0,0,0,1,0,Low
2018,5,Sunday,17,Sindh,Larkana,Urban Road,Poor,Foggy,Daylight,Motorcycle,1,Pedestrian Error,1,1,0,0,4,0,Medium
2019,12,Tuesday,18,Punjab,Rawalpindi,National Highway,Good,Dusty/Smoggy,Daylight,Motorcycle,3,Pedestrian Error,1,0,0,1,10,0,High
2019,7,Friday,16,KPK,Mansehra,Urban Road,Good,Clear,Daylight,Motorcycle,2,Wrong Overtaking,0,0,0,0,2,0,Low
2023,7,Wednesday,17,Punjab,Gujranwala,National Highway,Average,Rainy,Daylight,Rickshaw,4,Signal Violation,1,0,0,0,4,2,Medium
2023,4,Wednesday,18,Punjab,Sialkot,Urban Road,Good,Dusty/Smoggy,Street Light,Rickshaw,2,Pedestrian Error,1,0,0,0,1,0,Low
2022,11,Sunday,12,KPK,Nowshera,Urban Road,Good,Clear,Daylight,Motorcycle,2,Signal Violation,1,1,0,1,2,1,Medium
2019,8,Sunday,16,Punjab,Multan,Rural Road,Good,Rainy,Dawn/Dusk,Car/Taxi,1,Mechanical Failure,0,1,0,0,1,0,Low
2023,10,Monday,17,Punjab,Sheikhupura,Provincial Highway,Average,Foggy,Daylight,Car/Taxi,2,Signal Violation,1,0,0,0,5,0,Medium
2020,10,Sunday,9,Sindh,Karachi,National Highway,Good,Clear,Daylight,Car/Taxi,3,Over Speeding,1,1,0,0,1,1,Medium
2020,12,Friday,8,AJK,Muzaffarabad,Provincial Highway,Average,Clear,Dawn/Dusk,Motorcycle,2,Driver Fatigue,1,0,0,1,5,1,Medium
2019,3,Friday,16,Punjab,Faisalabad,Motorway,Good,Clear,Daylight,Rickshaw,1,Signal Violation,0,0,0,0,1,0,Medium
2018,7,Monday,12,Punjab,Rawalpindi,Rural Road,Good,Extreme Heat,Daylight,Rickshaw,2,Mobile Phone Use,1,0,0,0,2,0,Low
2022,7,Sunday,20,Sindh,Hyderabad,Motorway,Average,Clear,Street Light,Motorcycle,3,Mobile Phone Use,1,1,0,0,1,0,Medium
2018,11,Tuesday,11,Punjab,Rahim Yar Khan,Provincial Highway,Good,Foggy,Daylight,Truck/Lorry,1,Pedestrian Error,0,0,0,1,1,0,Low
2019,4,Thursday,10,Punjab,Sialkot,Rural Road,Good,Clear,Dawn/Dusk,Motorcycle,2,Wrong Overtaking,0,0,0,0,3,0,Medium
2023,1,Monday,9,KPK,Kohat,National Highway,Average,Clear,Daylight,Motorcycle,2,Road Condition,1,0,0,1,10,0,High
2023,6,Friday,14,Punjab,Sargodha,Motorway,Poor,Clear,No Light,Bus/Coach,2,Wrong Overtaking,0,0,0,0,5,1,Medium
2023,1,Thursday,10,KPK,Bannu,Rural Road,Average,Clear,Daylight,Car/Taxi,4,Signal Violation,0,0,0,1,1,0,Low
2023,5,Monday,15,Sindh,Jacobabad,Rural Road,Good,Clear,Daylight,Motorcycle,2,Drunk Driving,0,0,0,0,3,1,Medium
2023,2,Saturday,13,Balochistan,Sibi,National Highway,Average,Clear,Dawn/Dusk,Motorcycle,2,Over Speeding,1,1,0,1,8,1,High
2023,7,Saturday,8,AJK,Muzaffarabad,Provincial Highway,Good,Clear,No Light,Van/Pickup,2,Signal Violation,1,1,0,0,2,0,Low
2023,7,Sunday,8,Sindh,Mirpur Khas,Urban Road,Good,Clear,Daylight,Car/Taxi,1,Over Speeding,1,1,0,0,1,0,Low
2022,10,Friday,19,Sindh,Sukkur,Rural Road,Poor,Foggy,Street Light,Motorcycle,1,Road Condition,1,0,0,0,2,0,Medium
2021,11,Saturday,19,KPK,Abbottabad,Provincial Highway,Under Repair,Rainy,Dawn/Dusk,Motorcycle,1,Drunk Driving,1,1,0,1,7,2,High
2021,10,Monday,20,Punjab,Multan,Urban Road,Poor,Clear,No Light,Car/Taxi,3,Mechanical Failure,1,0,0,0,1,0,Low
2023,12,Friday,13,Punjab,Faisalabad,Provincial Highway,Average,Foggy,Daylight,Motorcycle,3,Wrong Overtaking,1,0,0,1,5,1,Medium
2020,9,Saturday,5,Islamabad,Islamabad,Rural Road,Average,Clear,Daylight,Car/Taxi,2,Mechanical Failure,0,1,1,0,2,0,Low
2023,4,Wednesday,8,Sindh,Sukkur,National Highway,Average,Foggy,Daylight,Car/Taxi,2,Road Condition,1,0,0,0,3,1,Medium
2019,3,Saturday,15,Punjab,Sheikhupura,Provincial Highway,Average,Clear,Daylight,Motorcycle,2,Wrong Overtaking,0,1,0,0,2,1,Medium
2023,8,Monday,22,KPK,Bannu,Rural Road,Poor,Foggy,No Light,Motorcycle,2,Pedestrian Error,0,0,1,0,11,2,High
2021,8,Sunday,20,Sindh,Thatta,Provincial Highway,Good,Clear,Street Light,Car/Taxi,1,Road Condition,1,1,0,0,1,0,Low
2019,4,Wednesday,20,Punjab,Faisalabad,National Highway,Poor,Foggy,No Light,Car/Taxi,1,Over Speeding,1,0,0,0,1,0,Medium
2022,2,Saturday,22,Punjab,Sheikhupura,Urban Road,Poor,Clear,Street Light,Car/Taxi,2,Mechanical Failure,0,1,1,1,1,0,Low
2022,8,Friday,9,Punjab,Gujranwala,Provincial Highway,Good,Clear,Daylight,Car/Taxi,2,Over Speeding,1,0,0,0,2,0,Medium
2020,6,Thursday,9,Islamabad,Islamabad,Provincial Highway,Good,Clear,Daylight,Truck/Lorry,3,Wrong Overtaking,1,0,0,0,1,0,Medium
2018,6,Thursday,10,Islamabad,Islamabad,Rural Road,Average,Clear,Daylight,Motorcycle,2,Mechanical Failure,0,0,0,0,1,0,Low
2021,9,Tuesday,16,Punjab,Bahawalpur,Provincial Highway,Average,Clear,Daylight,Bicycle,1,Signal Violation,0,0,0,0,4,0,Medium
2023,6,Thursday,13,KPK,Mansehra,National Highway,Good,Clear,Daylight,Motorcycle,4,Mechanical Failure,1,0,0,0,1,0,Medium
2021,9,Wednesday,19,Sindh,Hyderabad,National Highway,Average,Clear,No Light,Truck/Lorry,1,Wrong Overtaking,1,0,0,0,5,0,Medium
2023,4,Tuesday,10,Sindh,Karachi,Rural Road,Average,Clear,Daylight,Car/Taxi,1,Mechanical Failure,0,0,0,0,2,0,Low
2022,9,Sunday,7,Punjab,Multan,Urban Road,Average,Clear,Daylight,Motorcycle,3,Weather Condition,1,1,0,0,1,0,Low
2019,5,Saturday,19,Sindh,Larkana,National Highway,Good,Clear,Street Light,Car/Taxi,3,Driver Fatigue,1,1,0,0,1,0,Medium
2021,2,Saturday,13,Punjab,Sargodha,National Highway,Good,Foggy,Daylight,Car/Taxi,2,Pedestrian Error,1,1,0,1,1,0,Low
2022,9,Friday,19,Punjab,Faisalabad,Provincial Highway,Good,Clear,Dawn/Dusk,Truck/Lorry,4,Road Condition,1,0,0,0,3,0,Medium
2022,10,Friday,20,Punjab,Multan,Provincial Highway,Poor,Clear,Street Light,Motorcycle,2,Over Speeding,1,0,0,0,3,1,High
2022,1,Saturday,19,Punjab,Rahim Yar Khan,Urban Road,Good,Clear,Dawn/Dusk,Car/Taxi,3,Driver Fatigue,1,1,0,1,2,1,Low
2019,12,Wednesday,17,AJK,Rawalakot,Urban Road,Average,Clear,Daylight,Bus/Coach,3,Wrong Overtaking,1,0,0,1,4,0,Medium
2019,9,Wednesday,5,Islamabad,Islamabad,Provincial Highway,Under Repair,Clear,Dawn/Dusk,Truck/Lorry,2,Mechanical Failure,0,0,1,0,5,0,Medium
2022,10,Monday,1,KPK,Peshawar,Provincial Highway,Poor,Clear,Street Light,Rickshaw,2,Wrong Overtaking,0,0,1,0,5,1,Medium
2018,10,Wednesday,1,Punjab,Sargodha,Rural Road,Good,Clear,Street Light,Motorcycle,2,Wrong Overtaking,0,0,1,0,1,0,Medium
2020,8,Monday,13,Sindh,Sukkur,Rural Road,Good,Clear,Street Light,Car/Taxi,1,Road Condition,1,0,0,0,1,0,Low
2020,7,Tuesday,22,Sindh,Thatta,Urban Road,Poor,Clear,No Light,Car/Taxi,2,Pedestrian Error,0,0,1,0,1,0,Low
2019,10,Monday,18,Punjab,Lahore,Rural Road,Good,Foggy,Daylight,Car/Taxi,2,Over Speeding,1,0,0,0,5,2,Medium
2020,12,Sunday,19,Punjab,Lahore,Urban Road,Average,Clear,Dawn/Dusk,Motorcycle,1,Drunk Driving,1,1,0,1,1,0,Medium
2022,8,Wednesday,16,Sindh,Dadu,Urban Road,Poor,Rainy,Dawn/Dusk,Motorcycle,2,Pedestrian Error,0,0,0,0,2,0,Low
2018,8,Saturday,5,Punjab,Gujranwala,Provincial Highway,Average,Clear,Street Light,Car/Taxi,3,Over Speeding,0,1,1,0,2,0,High
2021,9,Sunday,20,KPK,Swat,Provincial Highway,Average,Clear,Street Light,Car/Taxi,2,Signal Violation,1,1,0,0,1,0,Medium
2022,1,Saturday,10,KPK,Swat,National Highway,Good,Clear,Street Light,Motorcycle,2,Signal Violation,0,1,0,1,2,1,Medium
2020,3,Wednesday,17,Punjab,Bahawalpur,Rural Road,Poor,Rainy,Daylight,Motorcycle,2,Over Speeding,1,0,0,0,2,2,High
2018,5,Saturday,1,Sindh,Dadu,Urban Road,Good,Foggy,No Light,Bicycle,2,Road Condition,0,1,1,0,3,0,Medium
2018,5,Wednesday,16,Punjab,Sargodha,Urban Road,Poor,Clear,Daylight,Car/Taxi,2,Wrong Overtaking,0,0,0,0,0,0,Low
2022,12,Sunday,5,Punjab,Bahawalpur,National Highway,Under Repair,Foggy,Dawn/Dusk,Truck/Lorry,2,Wrong Overtaking,0,1,1,1,3,0,High
2022,4,Thursday,12,Punjab,Faisalabad,Rural Road,Good,Extreme Heat,Daylight,Car/Taxi,2,Signal Violation,1,0,0,0,1,0,Low
2019,10,Saturday,15,KPK,Dera Ismail Khan,National Highway,Poor,Clear,Daylight,Rickshaw,2,Road Condition,0,1,0,0,1,0,Low
2022,5,Tuesday,6,Punjab,Sargodha,Urban Road,Poor,Clear,Daylight,Motorcycle,2,Over Speeding,0,0,0,0,4,2,Medium
2021,8,Saturday,21,Sindh,Larkana,National Highway,Average,Extreme Heat,No Light,Car/Taxi,2,Driver Fatigue,0,1,0,0,9,0,High
2022,6,Saturday,20,Punjab,Bahawalpur,National Highway,Under Repair,Clear,No Light,Rickshaw,3,Driver Fatigue,1,1,0,0,3,0,Medium
2019,11,Friday,17,Punjab,Rahim Yar Khan,National Highway,Average,Rainy,Street Light,Motorcycle,2,Over Speeding,1,0,0,1,7,0,High
2021,3,Friday,8,Punjab,Bahawalpur,Provincial Highway,Good,Rainy,Daylight,Car/Taxi,2,Road Condition,1,0,0,0,5,1,Medium
2018,8,Saturday,10,Sindh,Kashmore,National Highway,Poor,Clear,Daylight,Car/Taxi,2,Road Condition,0,1,0,0,2,0,Low
2020,11,Sunday,2,Sindh,Hyderabad,National Highway,Poor,Clear,No Light,Car/Taxi,2,Signal Violation,0,1,1,1,6,0,High
2022,7,Monday,0,KPK,Bannu,Urban Road,Average,Rainy,No Light,Van/Pickup,3,Over Speeding,0,0,1,0,5,0,Medium
2021,10,Saturday,8,Punjab,Sialkot,Provincial Highway,Good,Extreme Heat,Dawn/Dusk,Car/Taxi,3,Wrong Overtaking,1,1,0,0,4,0,Medium
2018,10,Friday,23,Punjab,Gujranwala,Urban Road,Average,Foggy,Street Light,Motorcycle,2,Wrong Overtaking,0,0,1,0,9,1,High
2023,5,Thursday,2,KPK,Bannu,Urban Road,Poor,Rainy,No Light,Truck/Lorry,2,Road Condition,0,0,1,0,2,0,Low
2018,10,Monday,2,Punjab,Rawalpindi,Rural Road,Under Repair,Clear,No Light,Motorcycle,4,Wrong Overtaking,0,0,1,0,4,0,Medium
2020,9,Saturday,1,Punjab,Gujranwala,Urban Road,Average,Clear,Street Light,Motorcycle,1,Wrong Overtaking,0,1,1,0,5,0,Medium
2023,9,Thursday,18,Punjab,Gujranwala,National Highway,Good,Extreme Heat,Daylight,Rickshaw,3,Driver Fatigue,1,0,0,0,8,4,High
2023,9,Saturday,2,KPK,Charsadda,Urban Road,Poor,Clear,Street Light,Rickshaw,1,Road Condition,0,1,1,0,1,0,Low
2018,3,Friday,11,Sindh,Dadu,Provincial Highway,Good,Clear,Daylight,Car/Taxi,3,Wrong Overtaking,0,0,0,0,0,0,Low
2023,10,Friday,6,Punjab,Sheikhupura,National Highway,Average,Clear,Daylight,Motorcycle,2,Drunk Driving,0,0,0,0,10,0,High
2021,4,Friday,5,Sindh,Mirpur Khas,National Highway,Average,Rainy,Dawn/Dusk,Motorcycle,2,Over Speeding,0,0,1,0,11,0,High
2021,11,Monday,23,KPK,Mardan,National Highway,Good,Clear,No Light,Bus/Coach,3,Over Speeding,0,0,1,1,5,0,High
2018,12,Sunday,16,Punjab,Rahim Yar Khan,National Highway,Poor,Clear,Daylight,Motorcycle,2,Over Speeding,0,1,0,1,8,2,High
2022,2,Friday,19,Punjab,Sialkot,Provincial Highway,Poor,Dusty/Smoggy,No Light,Rickshaw,2,Wrong Overtaking,1,0,0,1,1,0,Low
2020,11,Tuesday,17,KPK,Swat,Rural Road,Good,Rainy,Daylight,Motorcycle,1,Over Speeding,1,0,0,1,8,1,High
2023,4,Wednesday,5,Sindh,Dadu,Urban Road,Poor,Rainy,Dawn/Dusk,Bicycle,2,Over Speeding,0,0,1,0,11,3,High
2023,10,Tuesday,1,Punjab,Bahawalpur,National Highway,Average,Clear,No Light,Car/Taxi,3,Over Speeding,0,0,1,0,4,0,High
2020,1,Tuesday,17,KPK,Mansehra,Rural Road,Good,Clear,Daylight,Rickshaw,2,Road Condition,1,0,0,1,0,0,Low
2021,1,Wednesday,6,Sindh,Hyderabad,National Highway,Average,Foggy,Daylight,Rickshaw,4,Mechanical Failure,0,0,0,1,4,1,Medium
2022,9,Wednesday,17,KPK,Abbottabad,Motorway,Poor,Extreme Heat,Dawn/Dusk,Van/Pickup,3,Driver Fatigue,1,0,0,0,6,0,High
2020,11,Friday,8,Punjab,Faisalabad,Rural Road,Average,Foggy,Daylight,Car/Taxi,1,Over Speeding,1,0,0,1,4,0,Medium
2022,10,Wednesday,17,Punjab,Sialkot,Provincial Highway,Under Repair,Clear,Daylight,Motorcycle,2,Road Condition,1,0,0,0,2,0,Medium
2019,12,Sunday,17,Sindh,Larkana,Urban Road,Average,Foggy,No Light,Motorcycle,2,Pedestrian Error,1,1,0,1,1,0,Medium
2022,9,Wednesday,16,Sindh,Karachi,Provincial Highway,Average,Clear,Street Light,Rickshaw,2,Pedestrian Error,0,0,0,0,2,0,Low
2020,12,Friday,22,Punjab,Sheikhupura,National Highway,Under Repair,Foggy,Street Light,Rickshaw,1,Road Condition,0,0,1,1,5,2,Medium
2023,6,Monday,8,KPK,Mansehra,National Highway,Good,Foggy,Daylight,Motorcycle,2,Drunk Driving,1,0,0,0,10,0,High
2023,10,Thursday,8,Sindh,Hyderabad,Provincial Highway,Good,Foggy,Daylight,Car/Taxi,2,Signal Violation,1,0,0,0,4,0,Medium
2023,11,Tuesday,22,KPK,Abbottabad,Rural Road,Poor,Clear,No Light,Motorcycle,1,Wrong Overtaking,0,0,1,1,4,1,Medium
2023,5,Tuesday,3,Punjab,Bahawalpur,National Highway,Average,Clear,Street Light,Bus/Coach,4,Over Speeding,0,0,1,0,3,1,High
2023,3,Friday,9,KPK,Bannu,Urban Road,Average,Rainy,Daylight,Motorcycle,2,Mechanical Failure,1,0,0,0,1,0,Low
2020,9,Friday,13,Sindh,Dadu,National Highway,Average,Clear,No Light,Bus/Coach,2,Over Speeding,1,0,0,0,4,1,Medium
2023,6,Thursday,11,Punjab,Gujranwala,Urban Road,Good,Clear,Daylight,Bus/Coach,2,Over Speeding,0,0,0,0,4,0,Medium
2019,12,Tuesday,18,Punjab,Multan,Provincial Highway,Poor,Clear,Daylight,Truck/Lorry,2,Wrong Overtaking,1,0,0,1,5,1,Medium
2022,1,Friday,18,Punjab,Gujranwala,Provincial Highway,Good,Clear,Daylight,Motorcycle,3,Over Speeding,1,0,0,1,6,2,High
2020,1,Thursday,6,Sindh,Karachi,Rural Road,Good,Clear,Daylight,Bicycle,2,Pedestrian Error,0,0,0,1,1,0,Low
2019,6,Thursday,16,Punjab,Rawalpindi,National Highway,Good,Clear,Daylight,Car/Taxi,2,Over Speeding,0,0,0,0,4,0,Medium
2023,7,Monday,15,AJK,Rawalakot,Provincial Highway,Under Repair,Rainy,Dawn/Dusk,Motorcycle,2,Over Speeding,0,0,0,0,4,1,High
2022,7,Thursday,18,Balochistan,Sibi,National Highway,Good,Extreme Heat,Daylight,Motorcycle,3,Road Condition,1,0,0,0,3,0,Medium
2023,3,Thursday,9,KPK,Charsadda,Urban Road,Good,Foggy,Daylight,Motorcycle,1,Wrong Overtaking,1,0,0,0,1,1,Medium
2020,6,Sunday,17,Sindh,Larkana,National Highway,Poor,Clear,Daylight,Car/Taxi,1,Over Speeding,1,1,0,0,1,1,Medium
2022,11,Monday,5,KPK,Peshawar,Urban Road,Poor,Clear,Dawn/Dusk,Motorcycle,1,Over Speeding,0,0,1,1,11,1,High
2023,6,Friday,16,Punjab,Rawalpindi,Provincial Highway,Average,Clear,Daylight,Car/Taxi,2,Pedestrian Error,0,0,0,0,1,0,Low
2020,10,Thursday,21,Sindh,Larkana,Rural Road,Average,Foggy,No Light,Motorcycle,2,Over Speeding,0,0,0,0,11,2,High
2022,8,Wednesday,8,Punjab,Multan,Provincial Highway,Poor,Foggy,Daylight,Car/Taxi,2,Wrong Overtaking,1,0,0,0,2,0,Low
2018,8,Tuesday,15,Punjab,Lahore,Rural Road,Average,Dusty/Smoggy,Daylight,Bus/Coach,3,Over Speeding,0,0,0,0,1,1,Medium
2023,1,Thursday,16,Punjab,Sialkot,Rural Road,Poor,Rainy,Daylight,Car/Taxi,4,Over Speeding,0,0,0,1,2,0,Medium
2021,3,Monday,22,Sindh,Dadu,National Highway,Good,Clear,No Light,Rickshaw,2,Over Speeding,0,0,1,0,5,2,Medium
2020,7,Sunday,10,Punjab,Bahawalpur,National Highway,Good,Foggy,No Light,Car/Taxi,2,Signal Violation,0,1,0,0,10,2,High
2023,8,Monday,12,KPK,Mardan,National Highway,Good,Clear,Daylight,Bicycle,2,Drunk Driving,1,0,0,0,5,0,High
2023,12,Monday,1,Islamabad,Islamabad,National Highway,Poor,Rainy,No Light,Motorcycle,2,Over Speeding,0,0,1,1,5,0,High
2021,11,Tuesday,15,Punjab,Sargodha,National Highway,Average,Dusty/Smoggy,Daylight,Car/Taxi,2,Mechanical Failure,0,0,0,1,5,0,Medium
2021,1,Tuesday,22,Sindh,Sukkur,Urban Road,Average,Rainy,Street Light,Car/Taxi,1,Pedestrian Error,0,0,1,1,4,1,Medium
2018,5,Saturday,9,KPK,Mansehra,National Highway,Poor,Clear,Daylight,Bicycle,2,Wrong Overtaking,1,1,0,0,10,0,High
2020,5,Monday,21,Punjab,Faisalabad,Provincial Highway,Average,Dusty/Smoggy,Street Light,Bus/Coach,1,Over Speeding,0,0,0,0,4,0,Medium
2021,3,Sunday,13,Islamabad,Islamabad,Urban Road,Under Repair,Clear,No Light,Motorcycle,3,Wrong Overtaking,1,1,0,0,5,1,Medium
2019,4,Friday,18,Balochistan,Chaman,Urban Road,Poor,Clear,Street Light,Motorcycle,3,Wrong Overtaking,1,0,0,0,0,0,Low
2022,3,Tuesday,12,Punjab,Multan,Provincial Highway,Poor,Clear,Daylight,Truck/Lorry,2,Over Speeding,1,0,0,0,11,4,High
2023,4,Wednesday,7,Punjab,Sialkot,Urban Road,Poor,Clear,Street Light,Car/Taxi,2,Driver Fatigue,1,0,0,0,1,0,Low
2022,6,Monday,9,AJK,Rawalakot,National Highway,Poor,Clear,Daylight,Motorcycle,2,Road Condition,1,0,0,0,5,2,High