year,month,day_of_week,hour_of_day,province,district,road_type,road_condition,weather_condition,lighting_condition,vehicle_type,vehicles_involved,accident_cause,is_rush_hour,is_weekend,is_night,is_foggy_month,num_injured,num_killed,severity
2020,6,Friday,10,Islamabad,Islamabad,Provincial Highway,Under Repair,Dusty/Smoggy,Daylight,Motorcycle,1,Over Speeding,0,0,0,0,10,2,High
2022,2,Friday,18,Sindh,Karachi,Motorway,Good,Dusty/Smoggy,Daylight,Car/Taxi,2,Signal Violation,1,0,0,1,2,0,Medium
2018,6,Wednesday,20,Punjab,Faisalabad,Rural Road,Average,Clear,No Light,Car/Taxi,2,Wrong Overtaking,1,0,0,0,0,0,Low
2023,11,Wednesday,18,Sindh,Kashmore,Rural Road,Good,Clear,Daylight,Motorcycle,3,Driver Fatigue,1,0,0,1,5,1,Medium
2018,6,Sunday,6,Punjab,Bahawalpur,Urban Road,Good,Clear,Daylight,Rickshaw,3,Pedestrian Error,0,1,0,0,0,0,Low
2020,2,Tuesday,17,Islamabad,Islamabad,Provincial Highway,Average,Clear,Daylight,Motorcycle,1,Wrong Overtaking,1,0,0,1,2,0,Medium
2019,10,Sunday,19,KPK,Mansehra,National Highway,Poor,Clear,No Light,Motorcycle,3,Mechanical Failure,1,1,0,0,8,0,High
2021,10,Saturday,23,Sindh,Larkana,Rural Road,Good,Clear,Street Light,Motorcycle,2,Road Condition,0,1,1,0,4,2,Medium
2020,3,Tuesday,19,Punjab,Sheikhupura,Rural Road,Good,Clear,No Light,Car/Taxi,4,Over Speeding,1,0,0,0,2,0,Low
2022,12,Saturday,19,KPK,Nowshera,Provincial Highway,Good,Clear,No Light,Motorcycle,1,Over Speeding,1,1,0,1,4,0,High
2018,5,Wednesday,21,Punjab,Lahore,Urban Road,Under Repair,Dusty/Smoggy,Street Light,Rickshaw,2,Mobile Phone Use,0,0,0,0,1,0,Low
2023,8,Sunday,19,Punjab,Sialkot,Provincial Highway,Good,Foggy,Street Light,Motorcycle,3,Wrong Overtaking,1,1,0,0,4,1,High
2023,8,Tuesday,18,Sindh,Larkana,National Highway,Good,Clear,Daylight,Motorcycle,1,Pedestrian Error,1,0,0,0,4,4,High
2023,7,Monday,12,Sindh,Nawabshah,Urban Road,Good,Extreme Heat,Daylight,Motorcycle,3,Over Speeding,1,0,0,0,3,0,Medium
2023,7,Thursday,12,KPK,Charsadda,Provincial Highway,Good,Extreme Heat,Daylight,Motorcycle,1,Signal Violation,1,0,0,0,5,1,High
2020,1,Saturday,11,Balochistan,Sibi,Provincial Highway,Poor,Clear,Dawn/Dusk,Bus/Coach,2,Signal Violation,0,1,0,1,1,0,Medium
2018,3,Tuesday,10,Punjab,Rawalpindi,Urban Road,Poor,Clear,Daylight,Rickshaw,2,Pedestrian Error,0,0,0,0,1,0,Low
2022,4,Sunday,10,Sindh,Hyderabad,Motorway,Good,Foggy,Daylight,Motorcycle,2,Signal Violation,0,1,0,0,4,0,High
2019,7,Saturday,15,Sindh,Kashmore,Urban Road,Average,Foggy,Dawn/Dusk,Motorcycle,2,Driver Fatigue,0,1,0,0,10,0,High
2018,2,Saturday,10,Punjab,Sargodha,National Highway,Good,Clear,Daylight,Motorcycle,2,Mobile Phone Use,0,1,0,1,1,1,Medium
2020,10,Saturday,15,KPK,Nowshera,National Highway,Good,Dusty/Smoggy,Daylight,Motorcycle,3,Wrong Overtaking,0,1,0,0,1,1,Medium
2019,9,Thursday,18,Sindh,Sukkur,Provincial Highway,Poor,Clear,Daylight,Motorcycle,2,Over Speeding,1,0,0,0,6,0,High
2023,9,Tuesday,17,Balochistan,Hub,Urban Road,Average,Extreme Heat,Dawn/Dusk,Rickshaw,1,Over Speeding,1,0,0,0,4,1,Medium
2023,1,Tuesday,18,Sindh,Kashmore,Provincial Highway,Average,Rainy,Daylight,Truck/Lorry,3,Over Speeding,1,0,0,1,3,2,High
2020,9,Tuesday,13,Punjab,Bahawalpur,Rural Road,Average,Clear,Daylight,Bus/Coach,2,Over Speeding,1,0,0,0,4,1,Medium
2023,11,Wednesday,21,Punjab,Rawalpindi,National Highway,Average,Clear,No Light,Motorcycle,2,Mechanical Failure,0,0,0,1,5,1,Medium
2020,12,Tuesday,17,Punjab,Bahawalpur,Rural Road,Poor,Extreme Heat,Daylight,Car/Taxi,4,Pedestrian Error,1,0,0,1,2,0,Low
2020,12,Saturday,18,Punjab,Rawalpindi,Rural Road,Poor,Rainy,Daylight,Rickshaw,2,Over Speeding,1,1,0,1,2,0,Low
2021,7,Thursday,21,Punjab,Multan,National Highway,Average,Rainy,No Light,Motorcycle,2,Signal Violation,0,0,0,0,6,0,High
2022,4,Thursday,11,Punjab,Rawalpindi,National Highway,Good,Foggy,Daylight,Motorcycle,1,Wrong Overtaking,0,0,0,0,10,0,High
2021,3,Thursday,12,AJK,Muzaffarabad,Urban Road,Average,Clear,Daylight,Truck/Lorry,2,Mechanical Failure,1,0,0,0,2,0,Low
2023,1,Sunday,21,Punjab,Bahawalpur,Provincial Highway,Good,Clear,No Light,Bus/Coach,4,Over Speeding,0,1,0,1,9,3,High
2019,5,Sunday,0,Sindh,Mirpur Khas,Rural Road,Average,Clear,No Light,Van/Pickup,2,Over Speeding,0,1,1,0,1,0,Low
2021,1,Monday,1,Punjab,Sargodha,National Highway,Poor,Foggy,Street Light,Motorcycle,3,Signal Violation,0,0,1,1,3,3,High
2021,12,Friday,12,Punjab,Multan,Urban Road,Average,Clear,Street Light,Car/Taxi,1,Pedestrian Error,1,0,0,1,1,0,Low
2023,5,Tuesday,19,Punjab,Rahim Yar Khan,Rural Road,Poor,Clear,No Light,Bicycle,2,Road Condition,1,0,0,0,3,0,Medium
2022,7,Saturday,23,Punjab,Faisalabad,Motorway,Good,Clear,Street Light,Car/Taxi,2,Wrong Overtaking,0,1,1,0,3,0,Medium
2022,11,Saturday,5,Sindh,Nawabshah,Urban Road,Good,Clear,No Light,Rickshaw,3,Wrong Overtaking,0,1,1,1,2,1,Medium
2023,1,Friday,8,Sindh,Mirpur Khas,Motorway,Average,Foggy,Dawn/Dusk,Car/Taxi,1,Pedestrian Error,1,0,0,1,4,1,Medium
2023,9,Monday,10,Sindh,Thatta,Motorway,Good,Dusty/Smoggy,Daylight,Rickshaw,1,Road Condition,0,0,0,0,0,0,Low
2021,8,Thursday,13,Sindh,Thatta,Motorway,Good,Foggy,Daylight,Motorcycle,2,Drunk Driving,1,0,0,0,7,2,High
2022,7,Monday,12,Balochistan,Quetta,Provincial Highway,Poor,Clear,Daylight,Truck/Lorry,2,Signal Violation,1,0,0,0,1,1,Low
2021,5,Friday,12,Balochistan,Chaman,National Highway,Good,Clear,Daylight,Car/Taxi,2,Pedestrian Error,1,0,0,0,2,1,Low
2019,10,Monday,17,KPK,Abbottabad,National Highway,Good,Clear,Daylight,Rickshaw,4,Mechanical Failure,1,0,0,0,2,0,Medium
2023,9,Saturday,15,Punjab,Faisalabad,National Highway,Average,Clear,Daylight,Truck/Lorry,3,Wrong Overtaking,0,1,0,0,4,0,Medium
2020,9,Saturday,11,Islamabad,Islamabad,National Highway,Good,Clear,Street Light,Car/Taxi,4,Pedestrian Error,0,1,0,0,0,0,Low
2022,12,Monday,18,Islamabad,Islamabad,Provincial Highway,Average,Foggy,Daylight,Motorcycle,2,Over Speeding,1,0,0,1,11,1,High
2018,3,Friday,9,KPK,Dera Ismail Khan,Motorway,Good,Clear,Daylight,Car/Taxi,2,Signal Violation,1,0,0,0,5,0,Medium
2023,10,Wednesday,1,Sindh,Larkana,National Highway,Good,Clear,Street Light,Bus/Coach,3,Signal Violation,0,0,1,0,7,2,High
2020,2,Saturday,21,Punjab,Rahim Yar Khan,Provincial Highway,Average,Clear,Street Light,Bus/Coach,3,Pedestrian Error,0,1,0,1,5,0,Medium
2018,9,Monday,15,KPK,Charsadda,Rural Road,Good,Foggy,Daylight,Car/Taxi,1,Over Speeding,0,0,0,0,2,1,Medium
2023,12,Saturday,10,Balochistan,Hub,Motorway,Good,Clear,Dawn/Dusk,Motorcycle,2,Wrong Overtaking,0,1,0,1,5,2,High
2018,11,Thursday,20,KPK,Nowshera,Urban Road,Good,Clear,No Light,Rickshaw,2,Driver Fatigue,1,0,0,1,0,0,Low
2020,6,Tuesday,6,Sindh,Thatta,Rural Road,Poor,Dusty/Smoggy,Street Light,Car/Taxi,2,Over Speeding,0,0,0,0,3,1,Medium
2018,1,Friday,19,Punjab,Rawalpindi,Provincial Highway,Average,Rainy,Dawn/Dusk,Motorcycle,4,Over Speeding,1,0,0,1,4,0,High
2023,1,Saturday,10,Punjab,Sargodha,National Highway,Good,Rainy,Daylight,Car/Taxi,3,Pedestrian Error,0,1,0,1,0,0,Low
2023,10,Thursday,17,KPK,Nowshera,National Highway,Average,Clear,Daylight,Car/Taxi,2,Wrong Overtaking,1,0,0,0,0,0,Low
2020,6,Wednesday,9,Punjab,Sheikhupura,Provincial Highway,Good,Clear,Daylight,Rickshaw,2,Over Speeding,1,0,0,0,1,2,Medium
2021,3,Tuesday,19,Sindh,Sukkur,Urban Road,Good,Clear,Dawn/Dusk,Car/Taxi,4,Over Speeding,1,0,0,0,0,0,Low
2022,11,Wednesday,9,KPK,Mansehra,Motorway,Under Repair,Dusty/Smoggy,Daylight,Motorcycle,1,Over Speeding,1,0,0,1,3,1,High
2022,1,Tuesday,21,Punjab,Sargodha,National Highway,Good,Rainy,No Light,Motorcycle,2,Over Speeding,0,0,0,1,6,1,High
2022,11,Tuesday,11,Punjab,Sheikhupura,Urban Road,Good,Clear,Daylight,Car/Taxi,2,Signal Violation,0,0,0,1,0,0,Low
2019,1,Saturday,5,KPK,Swat,Provincial Highway,Poor,Rainy,Street Light,Truck/Lorry,3,Road Condition,0,1,1,1,2,0,High
2020,7,Saturday,6,Punjab,Multan,National Highway,Good,Rainy,Daylight,Car/Taxi,1,Pedestrian Error,0,1,0,0,4,0,Medium
2020,2,Friday,20,Punjab,Gujranwala,National Highway,Poor,Clear,Street Light,Van/Pickup,1,Signal Violation,1,0,0,1,0,0,Low
2022,12,Friday,19,KPK,Dera Ismail Khan,Motorway,Average,Clear,Daylight,Bus/Coach,2,Signal Violation,1,0,0,1,6,0,High
2021,11,Tuesday,12,KPK,Kohat,Motorway,Good,Clear,Daylight,Car/Taxi,2,Over Speeding,1,0,0,1,1,0,Medium
2019,12,Friday,20,Balochistan,Quetta,Provincial Highway,Average,Rainy,No Light,Car/Taxi,1,Driver Fatigue,1,0,0,1,3,0,Medium
2020,5,Tuesday,20,Sindh,Thatta,National Highway,Under Repair,Rainy,No Light,Truck/Lorry,2,Signal Violation,1,0,0,0,2,0,High
2019,8,Tuesday,10,Sindh,Thatta,Rural Road,Average,Clear,Daylight,Car/Taxi,3,Road Condition,0,0,0,0,2,0,Low
2023,6,Thursday,7,Balochistan,Sibi,National Highway,Average,Clear,Street Light,Truck/Lorry,3,Pedestrian Error,1,0,0,0,1,0,Medium
2019,1,Saturday,16,Sindh,Sukkur,Rural Road,Average,Clear,Street Light,Other,1,Road Condition,0,1,0,1,0,0,Low
2019,12,Saturday,8,Sindh,Nawabshah,Provincial Highway,Average,Foggy,No Light,Rickshaw,2,Wrong Overtaking,1,1,0,1,5,0,Medium
2022,6,Friday,21,Sindh,Kashmore,National Highway,Average,Clear,Street Light,Motorcycle,2,Signal Violation,0,0,0,0,9,0,High
2022,8,Tuesday,4,Punjab,Sheikhupura,Motorway,Average,Clear,No Light,Car/Taxi,4,Signal Violation,0,0,1,0,4,0,Medium
2021,9,Monday,19,Sindh,Larkana,National Highway,Average,Dusty/Smoggy,Dawn/Dusk,Motorcycle,4,Road Condition,1,0,0,0,1,0,Medium
2018,5,Thursday,12,Punjab,Sheikhupura,Provincial Highway,Poor,Foggy,Daylight,Bus/Coach,1,Over Speeding,1,0,0,0,8,1,High
2023,3,Tuesday,6,Punjab,Sialkot,Urban Road,Good,Extreme Heat,Daylight,Car/Taxi,2,Signal Violation,0,0,0,0,2,0,Low
2020,9,Sunday,13,Gilgit-Baltistan,Skardu,National Highway,Average,Clear,Street Light,Motorcycle,2,Signal Violation,1,1,0,0,4,0,Medium
2021,5,Saturday,8,Punjab,Sialkot,Urban Road,Poor,Dusty/Smoggy,Daylight,Motorcycle,3,Pedestrian Error,1,1,0,0,0,0,Low
2018,2,Sunday,7,Punjab,Multan,Provincial Highway,Good,Rainy,Dawn/Dusk,Motorcycle,4,Wrong Overtaking,1,1,0,1,5,1,High
2021,12,Thursday,7,Punjab,Rahim Yar Khan,Urban Road,Under Repair,Rainy,Street Light,Motorcycle,4,Road Condition,1,0,0,1,2,1,Medium
2018,9,Sunday,21,Sindh,Mirpur Khas,Provincial Highway,Poor,Rainy,Street Light,Car/Taxi,1,Mechanical Failure,0,1,0,0,4,0,Medium
2021,3,Friday,20,Balochistan,Quetta,Rural Road,Good,Foggy,No Light,Bus/Coach,3,Signal Violation,1,0,0,0,4,1,Medium
2023,12,Tuesday,18,KPK,Bannu,Rural Road,Average,Extreme Heat,Street Light,Motorcycle,4,Wrong Overtaking,1,0,0,1,0,0,Low
2023,1,Monday,11,Balochistan,Loralai,Provincial Highway,Good,Rainy,Daylight,Motorcycle,1,Road Condition,0,0,0,1,9,2,High
2021,1,Sunday,11,Balochistan,Hub,Urban Road,Poor,Clear,Daylight,Motorcycle,2,Mobile Phone Use,0,1,0,1,1,0,Low
2021,1,Saturday,4,Islamabad,Islamabad,National Highway,Average,Clear,No Light,Motorcycle,3,Wrong Overtaking,0,1,1,1,3,2,High
2020,7,Thursday,9,Punjab,Gujranwala,Rural Road,Good,Clear,Daylight,Motorcycle,3,Over Speeding,1,0,0,0,3,1,Medium
2023,3,Saturday,22,Sindh,Nawabshah,Provincial Highway,Under Repair,Foggy,Street Light,Bicycle,4,Signal Violation,0,1,1,0,3,1,High
2020,12,Wednesday,8,Punjab,Bahawalpur,Urban Road,Average,Clear,Daylight,Car/Taxi,3,Drunk Driving,1,0,0,1,1,0,Low
2022,10,Saturday,18,Punjab,Rawalpindi,National Highway,Poor,Clear,Dawn/Dusk,Other,2,Mechanical Failure,1,1,0,0,2,0,Low
2018,6,Thursday,13,Sindh,Thatta,Urban Road,Good,Foggy,Daylight,Car/Taxi,1,Mobile Phone Use,1,0,0,0,2,0,Low
2018,5,Tuesday,3,Punjab,Rawalpindi,National Highway,Under Repair,Rainy,No Light,Van/Pickup,1,Over Speeding,0,0,1,0,6,1,High
2021,4,Monday,9,Sindh,Kashmore,Urban Road,Average,Foggy,Daylight,Motorcycle,1,Signal Violation,1,0,0,0,2,0,Medium
2018,11,Thursday,14,Punjab,Gujranwala,Provincial Highway,Good,Foggy,Daylight,Motorcycle,1,Wrong Overtaking,0,0,0,1,3,0,High
2019,4,Monday,11,Punjab,Gujranwala,Provincial Highway,Average,Clear,Dawn/Dusk,Truck/Lorry,1,Wrong Overtaking,0,0,0,0,2,0,Low
2023,12,Thursday,4,Punjab,Faisalabad,Rural Road,Average,Clear,No Light,Van/Pickup,2,Driver Fatigue,0,0,1,1,3,0,Medium
2020,7,Tuesday,18,KPK,Peshawar,Rural Road,Average,Clear,Daylight,Truck/Lorry,4,Wrong Overtaking,1,0,0,0,1,0,Low
2020,7,Wednesday,11,Sindh,Sukkur,National Highway,Good,Clear,Street Light,Car/Taxi,2,Pedestrian Error,0,0,0,0,1,0,Low
2022,12,Friday,19,AJK,Mirpur,Rural Road,Good,Clear,No Light,Van/Pickup,3,Driver Fatigue,1,0,0,1,1,0,Low
2023,3,Friday,17,KPK,Swat,National Highway,Average,Clear,Daylight,Motorcycle,2,Road Condition,1,0,0,0,5,2,High
2022,10,Tuesday,8,Sindh,Jacobabad,Provincial Highway,Good,Clear,Daylight,Car/Taxi,2,Over Speeding,1,0,0,0,5,1,Medium
2022,10,Tuesday,11,Punjab,Sargodha,Urban Road,Good,Rainy,Street Light,Bicycle,2,Over Speeding,0,0,0,0,5,2,High
2020,1,Saturday,21,KPK,Bannu,Urban Road,Poor,Rainy,No Light,Motorcycle,2,Mechanical Failure,0,1,0,1,0,0,Low
2019,10,Friday,12,KPK,Swat,Rural Road,Good,Clear,Daylight,Rickshaw,3,Wrong Overtaking,1,0,0,0,1,0,Low
2021,8,Saturday,9,Sindh,Sukkur,Provincial Highway,Average,Rainy,Daylight,Motorcycle,3,Over Speeding,1,1,0,0,6,4,High
2021,6,Saturday,17,Punjab,Rawalpindi,Provincial Highway,Good,Clear,Daylight,Motorcycle,1,Over Speeding,1,1,0,0,7,0,High
2019,11,Monday,8,Sindh,Kashmore,Provincial Highway,Good,Clear,Daylight,Motorcycle,3,Mobile Phone Use,1,0,0,1,2,2,Medium
2022,1,Thursday,16,Punjab,Rahim Yar Khan,National Highway,Good,Clear,Dawn/Dusk,Van/Pickup,2,Wrong Overtaking,0,0,0,1,1,0,Medium
2018,4,Saturday,6,Islamabad,Islamabad,National Highway,Poor,Foggy,Daylight,Car/Taxi,1,Drunk Driving,0,1,0,0,2,0,High
2020,1,Thursday,9,Sindh,Karachi,Urban Road,Good,Clear,Street Light,Motorcycle,1,Over Speeding,1,0,0,1,6,0,High
2022,3,Tuesday,7,Punjab,Sialkot,Provincial Highway,Good,Clear,Daylight,Car/Taxi,2,Over Speeding,1,0,0,0,4,0,Medium
2019,4,Friday,14,Punjab,Multan,National Highway,Average,Clear,Dawn/Dusk,Motorcycle,2,Drunk Driving,0,0,0,0,3,1,High
2018,10,Saturday,11,KPK,Kohat,Urban Road,Poor,Clear,Daylight,Van/Pickup,1,Over Speeding,0,1,0,0,2,0,Low
2020,2,Tuesday,22,KPK,Mardan,Rural Road,Good,Rainy,Street Light,Car/Taxi,1,Wrong Overtaking,0,0,1,1,2,0,Medium
2023,5,Saturday,16,Sindh,Thatta,Provincial Highway,Average,Extreme Heat,Daylight,Bus/Coach,2,Over Speeding,0,1,0,0,5,2,Medium
2019,1,Monday,19,Sindh,Kashmore,Provincial Highway,Good,Clear,Dawn/Dusk,Motorcycle,2,Over Speeding,1,0,0,1,2,2,High
2021,11,Friday,21,Sindh,Sukkur,Motorway,Poor,Clear,Street Light,Car/Taxi,2,Over Speeding,0,0,0,1,6,1,High
2019,3,Thursday,19,Punjab,Sargodha,National Highway,Poor,Clear,Street Light,Car/Taxi,1,Wrong Overtaking,1,0,0,0,3,0,Medium
2022,12,Friday,17,Islamabad,Islamabad,Rural Road,Poor,Clear,Daylight,Car/Taxi,1,Signal Violation,1,0,0,1,0,0,Low
2021,11,Tuesday,19,Sindh,Dadu,National Highway,Average,Foggy,Daylight,Car/Taxi,2,Road Condition,1,0,0,1,5,0,Medium
2019,6,Friday,14,Punjab,Sheikhupura,Rural Road,Average,Foggy,Daylight,Car/Taxi,3,Wrong Overtaking,0,0,0,0,0,0,Low
2018,8,Tuesday,18,Punjab,Bahawalpur,National Highway,Good,Clear,Daylight,Motorcycle,2,Wrong Overtaking,1,0,0,0,2,0,Medium
2021,6,Saturday,20,Punjab,Rawalpindi,National Highway,Average,Clear,No Light,Van/Pickup,1,Over Speeding,1,1,0,0,3,0,Medium
2023,7,Saturday,10,Punjab,Gujranwala,National Highway,Average,Clear,Daylight,Motorcycle,3,Over Speeding,0,1,0,0,9,2,High
2023,2,Friday,19,Sindh,Kashmore,National Highway,Good,Dusty/Smoggy,Dawn/Dusk,Bus/Coach,1,Pedestrian Error,1,0,0,1,1,0,Medium
2021,7,Monday,9,Punjab,Lahore,Provincial Highway,Good,Clear,Daylight,Car/Taxi,2,Over Speeding,1,0,0,0,5,0,Medium
2023,11,Monday,22,Balochistan,Loralai,Provincial Highway,Under Repair,Rainy,No Light,Motorcycle,3,Mobile Phone Use,0,0,1,1,5,0,Medium
2020,11,Monday,7,Sindh,Larkana,Rural Road,Poor,Rainy,Daylight,Car/Taxi,2,Over Speeding,1,0,0,1,3,0,Medium
2020,12,Thursday,8,Punjab,Sheikhupura,Urban Road,Good,Dusty/Smoggy,Daylight,Motorcycle,2,Drunk Driving,1,0,0,1,2,1,Medium
2021,5,Saturday,11,Punjab,Rahim Yar Khan,Provincial Highway,Good,Foggy,Daylight,Truck/Lorry,2,Over Speeding,0,1,0,0,2,1,High
2019,4,Thursday,17,Sindh,Thatta,Rural Road,Poor,Clear,Daylight,Truck/Lorry,2,Over Speeding,1,0,0,0,0,0,Low
2019,2,Wednesday,5,Punjab,Rahim Yar Khan,Provincial Highway,Average,Clear,Daylight,Bicycle,4,Over Speeding,0,0,1,1,9,3,High
2020,8,Saturday,5,Punjab,Sargodha,National Highway,Poor,Dusty/Smoggy,Street Light,Motorcycle,4,Wrong Overtaking,0,1,1,0,10,0,High
2018,12,Tuesday,17,Punjab,Rahim Yar Khan,Rural Road,Average,Foggy,Daylight,Bus/Coach,1,Over Speeding,1,0,0,1,5,2,High
2019,1,Wednesday,21,Punjab,Multan,Urban Road,Average,Clear,No Light,Bicycle,2,Wrong Overtaking,0,0,0,1,1,1,Medium
2022,6,Tuesday,0,Punjab,Faisalabad,Rural Road,Poor,Clear,No Light,Motorcycle,2,Over Speeding,0,0,1,0,10,2,High
2020,6,Wednesday,22,Punjab,Rawalpindi,National Highway,Under Repair,Clear,Street Light,Motorcycle,1,Wrong Overtaking,0,0,1,0,4,1,High
2019,7,Wednesday,17,Balochistan,Chaman,Rural Road,Poor,Clear,Daylight,Rickshaw,2,Signal Violation,1,0,0,0,2,0,Low
2023,12,Saturday,13,Punjab,Sialkot,Motorway,Poor,Dusty/Smoggy,Daylight,Car/Taxi,2,Over Speeding,1,1,0,1,1,0,Medium
2018,2,Monday,19,Sindh,Sukkur,National Highway,Average,Rainy,Street Light,Car/Taxi,3,Pedestrian Error,1,0,0,1,1,0,Low
2023,1,Friday,6,Punjab,Rahim Yar Khan,Urban Road,Poor,Foggy,Daylight,Van/Pickup,2,Over Speeding,0,0,0,1,0,1,Low
2022,4,Saturday,18,Punjab,Faisalabad,Provincial Highway,Good,Clear,Daylight,Bus/Coach,3,Over Speeding,1,1,0,0,4,0,Medium
2020,6,Monday,6,KPK,Charsadda,Provincial Highway,Poor,Foggy,Daylight,Van/Pickup,1,Over Speeding,0,0,0,0,5,2,Medium
2021,11,Sunday,10,Punjab,Sheikhupura,National Highway,Good,Rainy,Daylight,Car/Taxi,3,Wrong Overtaking,0,1,0,1,2,1,Medium
2022,11,Friday,15,Punjab,Sargodha,Urban Road,Average,Clear,Daylight,Motorcycle,3,Wrong Overtaking,0,0,0,1,2,0,Low
2023,9,Wednesday,15,Sindh,Mirpur Khas,National Highway,Average,Extreme Heat,Daylight,Car/Taxi,2,Wrong Overtaking,0,0,0,0,5,0,Medium
2018,9,Saturday,6,Punjab,Bahawalpur,Urban Road,Under Repair,Clear,Street Light,Car/Taxi,1,Pedestrian Error,0,1,0,0,0,0,Low
2023,3,Thursday,8,Sindh,Sukkur,National Highway,Good,Clear,Daylight,Motorcycle,1,Over Speeding,1,0,0,0,7,2,High
2019,10,Saturday,16,Punjab,Multan,Provincial Highway,Poor,Clear,Street Light,Motorcycle,1,Over Speeding,0,1,0,0,3,0,High
2023,10,Friday,11,Punjab,Rawalpindi,Provincial Highway,Under Repair,Clear,Daylight,Motorcycle,1,Drunk Driving,0,0,0,0,4,0,Medium
2018,7,Friday,6,Punjab,Rawalpindi,National Highway,Good,Clear,Daylight,Car/Taxi,1,Pedestrian Error,0,0,0,0,2,0,Medium
2021,2,Monday,8,Islamabad,Islamabad,National Highway,Average,Clear,Daylight,Car/Taxi,4,Pedestrian Error,1,0,0,1,1,0,Low
2018,4,Thursday,11,Sindh,Thatta,Rural Road,Average,Foggy,Daylight,Motorcycle,3,Signal Violation,0,0,0,0,3,0,Medium
2021,12,Wednesday,14,Sindh,Sukkur,Provincial Highway,Average,Foggy,Street Light,Motorcycle,3,Over Speeding,0,0,0,1,5,1,High
2022,3,Monday,16,KPK,Mansehra,Urban Road,Good,Rainy,Daylight,Rickshaw,2,Pedestrian Error,0,0,0,0,1,0,Low
2023,5,Tuesday,18,KPK,Nowshera,Urban Road,Good,Clear,Daylight,Car/Taxi,2,Driver Fatigue,1,0,0,0,1,0,Low
2023,9,Friday,19,Sindh,Karachi,National Highway,Average,Clear,Dawn/Dusk,Rickshaw,3,Mechanical Failure,1,0,0,0,3,0,Medium
2021,12,Saturday,3,KPK,Charsadda,Urban Road,Average,Clear,Street Light,Motorcycle,2,Over Speeding,0,1,1,1,9,2,High
2021,10,Tuesday,16,Sindh,Thatta,National Highway,Average,Foggy,Dawn/Dusk,Bus/Coach,2,Mechanical Failure,0,0,0,0,11,2,High
2023,8,Sunday,12,Punjab,Multan,National Highway,Good,Dusty/Smoggy,Daylight,Motorcycle,2,Signal Violation,1,1,0,0,1,1,Medium
2022,6,Tuesday,8,KPK,Charsadda,National Highway,Under Repair,Clear,Daylight,Van/Pickup,1,Drunk Driving,1,0,0,0,1,0,Medium
2020,4,Tuesday,6,Balochistan,Zhob,Provincial Highway,Poor,Clear,Dawn/Dusk,Car/Taxi,3,Over Speeding,0,0,0,0,5,0,Medium
2023,3,Tuesday,21,Punjab,Sargodha,Rural Road,Poor,Clear,Street Light,Motorcycle,2,Over Speeding,0,0,0,0,5,1,High
2023,7,Tuesday,22,Sindh,Sukkur,Provincial Highway,Good,Clear,No Light,Van/Pickup,2,Over Speeding,0,0,1,0,4,0,Medium
2020,1,Sunday,9,KPK,Abbottabad,Urban Road,Average,Dusty/Smoggy,Daylight,Car/Taxi,1,Driver Fatigue,1,1,0,1,1,0,Low
2023,11,Thursday,20,Punjab,Rahim Yar Khan,Provincial Highway,Good,Dusty/Smoggy,Street Light,Bicycle,2,Drunk Driving,1,0,0,1,1,1,Medium
2020,10,Monday,1,Islamabad,Islamabad,National Highway,Average,Clear,Street Light,Motorcycle,2,Signal Violation,0,0,1,0,9,3,High
2020,4,Saturday,12,Sindh,Kashmore,Rural Road,Average,Clear,Daylight,Motorcycle,2,Signal Violation,1,1,0,0,2,0,Medium
2022,2,Monday,3,Sindh,Dadu,National Highway,Under Repair,Clear,Street Light,Motorcycle,2,Over Speeding,0,0,1,1,7,4,High
2018,9,Sunday,4,Punjab,Rahim Yar Khan,Provincial Highway,Poor,Clear,Street Light,Motorcycle,1,Signal Violation,0,1,1,0,4,0,High
2018,12,Wednesday,18,Punjab,Rahim Yar Khan,Rural Road,Under Repair,Foggy,Daylight,Car/Taxi,2,Signal Violation,1,0,0,1,4,1,Medium
2022,12,Wednesday,21,Punjab,Sheikhupura,Urban Road,Average,Rainy,No Light,Rickshaw,1,Mobile Phone Use,0,0,0,1,0,0,Low
2018,3,Thursday,8,Punjab,Rawalpindi,Urban Road,Average,Clear,Daylight,Rickshaw,3,Driver Fatigue,1,0,0,0,0,0,Low
2022,5,Saturday,19,Sindh,Dadu,National Highway,Average,Clear,Dawn/Dusk,Motorcycle,1,Over Speeding,1,1,0,0,8,0,High
2023,3,Friday,3,KPK,Abbottabad,National Highway,Under Repair,Clear,Street Light,Van/Pickup,3,Signal Violation,0,0,1,0,3,0,Medium
2023,2,Thursday,17,Sindh,Larkana,Provincial Highway,Under Repair,Rainy,Daylight,Motorcycle,1,Over Speeding,1,0,0,1,5,0,High
2021,5,Sunday,9,Punjab,Rawalpindi,Provincial Highway,Good,Clear,Daylight,Car/Taxi,1,Over Speeding,1,1,0,0,3,0,Medium
2021,12,Wednesday,21,Punjab,Gujranwala,Urban Road,Good,Clear,Street Light,Rickshaw,2,Over Speeding,0,0,0,1,0,0,Low
2019,5,Saturday,20,Sindh,Larkana,National Highway,Under Repair,Clear,Street Light,Rickshaw,1,Signal Violation,1,1,0,0,2,0,Low
2021,10,Monday,21,Sindh,Dadu,Rural Road,Good,Foggy,No Light,Car/Taxi,2,Over Speeding,0,0,0,0,2,0,Low