year,month,day_of_week,hour_of_day,province,district,road_type,road_condition,weather_condition,lighting_condition,vehicle_type,vehicles_involved,accident_cause,is_rush_hour,is_weekend,is_night,is_foggy_month,num_injured,num_killed,severity
2021,7,Sunday,9,AJK,Mirpur,Rural Road,Average,Foggy,Daylight,Rickshaw,2,Weather Condition,1,1,0,0,1,0,Low
2019,7,Monday,9,KPK,Dera Ismail Khan,Rural Road,Poor,Clear,Street Light,Van/Pickup,2,Wrong Overtaking,1,0,0,0,0,0,Low
2022,4,Saturday,13,KPK,Charsadda,Urban Road,Under Repair,Extreme Heat,Daylight,Rickshaw,2,Road Condition,1,1,0,0,1,0,Low
2023,5,Saturday,23,Punjab,Rawalpindi,Urban Road,Poor,Foggy,No Light,Truck/Lorry,4,Pedestrian Error,0,1,1,0,3,0,Medium
2023,1,Sunday,17,KPK,Bannu,Urban Road,Good,Dusty/Smoggy,Daylight,Car/Taxi,1,Mechanical Failure,1,1,0,1,1,0,Low
2019,6,Saturday,23,Punjab,Faisalabad,National Highway,Poor,Dusty/Smoggy,No Light,Motorcycle,2,Drunk Driving,0,1,1,0,7,0,High
2022,6,Thursday,23,Sindh,Jacobabad,Motorway,Good,Dusty/Smoggy,No Light,Motorcycle,2,Over Speeding,0,0,1,0,8,0,High
2022,1,Monday,14,Sindh,Nawabshah,Urban Road,Average,Clear,Daylight,Motorcycle,1,Wrong Overtaking,0,0,0,1,2,0,Medium
2023,5,Tuesday,6,Sindh,Thatta,National Highway,Average,Clear,Dawn/Dusk,Motorcycle,4,Mechanical Failure,0,0,0,0,1,0,Medium
2020,8,Saturday,10,Punjab,Rawalpindi,Provincial Highway,Average,Clear,Daylight,Motorcycle,2,Signal Violation,0,1,0,0,8,1,High
2021,5,Monday,18,Sindh,Nawabshah,National Highway,Good,Clear,Daylight,Bus/Coach,2,Over Speeding,1,0,0,0,8,1,High
2022,7,Friday,5,Punjab,Faisalabad,National Highway,Average,Rainy,Dawn/Dusk,Motorcycle,3,Over Speeding,0,0,1,0,10,2,High
2018,1,Saturday,5,Punjab,Rahim Yar Khan,Urban Road,Average,Clear,Dawn/Dusk,Truck/Lorry,2,Signal Violation,0,1,1,1,1,0,Low
2022,6,Thursday,15,Sindh,Kashmore,Provincial Highway,Average,Clear,Daylight,Motorcycle,2,Over Speeding,0,0,0,0,5,2,High
2023,7,Tuesday,10,Islamabad,Islamabad,National Highway,Good,Clear,Daylight,Motorcycle,2,Mobile Phone Use,0,0,0,0,4,1,Medium
2022,11,Sunday,19,KPK,Nowshera,National Highway,Good,Clear,Street Light,Car/Taxi,3,Driver Fatigue,1,1,0,1,9,2,High
2023,5,Sunday,16,Sindh,Sukkur,National Highway,Good,Foggy,Daylight,Motorcycle,2,Pedestrian Error,0,1,0,0,5,0,High
2023,4,Saturday,8,Punjab,Gujranwala,National Highway,Poor,Foggy,Daylight,Car/Taxi,2,Over Speeding,1,1,0,0,8,2,High
2022,10,Thursday,18,Punjab,Rawalpindi,Rural Road,Average,Foggy,Daylight,Motorcycle,1,Wrong Overtaking,1,0,0,0,1,0,Medium
2022,5,Tuesday,1,Punjab,Rahim Yar Khan,National Highway,Good,Dusty/Smoggy,No Light,Other,2,Signal Violation,0,0,1,0,4,0,Medium
2023,8,Monday,3,AJK,Rawalakot,Provincial Highway,Average,Clear,Street Light,Car/Taxi,4,Drunk Driving,0,0,1,0,5,1,Medium
2022,9,Saturday,17,Punjab,Lahore,National Highway,Good,Foggy,Daylight,Car/Taxi,3,Signal Violation,1,1,0,0,4,1,Medium
2019,1,Sunday,11,Balochistan,Quetta,Urban Road,Under Repair,Clear,Street Light,Motorcycle,4,Wrong Overtaking,0,1,0,1,3,0,Medium
2023,1,Sunday,12,KPK,Dera Ismail Khan,National Highway,Good,Clear,Daylight,Van/Pickup,2,Over Speeding,1,1,0,1,4,1,Medium
2020,6,Friday,12,Sindh,Larkana,National Highway,Average,Dusty/Smoggy,Daylight,Bus/Coach,2,Driver Fatigue,1,0,0,0,5,0,High
2023,1,Thursday,6,Islamabad,Islamabad,Provincial Highway,Average,Foggy,Dawn/Dusk,Car/Taxi,1,Mechanical Failure,0,0,0,1,0,0,Low
2019,9,Sunday,11,Punjab,Gujranwala,Provincial Highway,Average,Clear,Daylight,Bicycle,3,Mechanical Failure,0,1,0,0,4,2,Medium
2023,9,Monday,4,Sindh,Karachi,National Highway,Good,Clear,Street Light,Motorcycle,2,Over Speeding,0,0,1,0,11,1,High
2021,11,Tuesday,19,Balochistan,Dera Bugti,Rural Road,Good,Clear,Dawn/Dusk,Van/Pickup,3,Wrong Overtaking,1,0,0,1,2,0,Low
2019,3,Saturday,0,Sindh,Sukkur,Provincial Highway,Average,Rainy,No Light,Bus/Coach,1,Mobile Phone Use,0,1,1,0,1,0,Medium
2020,12,Monday,13,Punjab,Rawalpindi,National Highway,Average,Clear,Street Light,Car/Taxi,3,Wrong Overtaking,1,0,0,1,2,0,Low
2019,12,Tuesday,19,Punjab,Faisalabad,Motorway,Good,Clear,Dawn/Dusk,Car/Taxi,1,Driver Fatigue,1,0,0,1,5,0,Medium
2021,7,Sunday,17,KPK,Mansehra,Urban Road,Average,Dusty/Smoggy,Dawn/Dusk,Motorcycle,1,Driver Fatigue,1,1,0,0,2,0,Medium
2023,7,Sunday,13,Punjab,Faisalabad,National Highway,Average,Clear,Daylight,Motorcycle,3,Over Speeding,1,1,0,0,11,1,High
2020,9,Monday,23,Balochistan,Gwadar,Provincial Highway,Average,Clear,No Light,Car/Taxi,1,Pedestrian Error,0,0,1,0,2,0,Low
2018,5,Thursday,21,Punjab,Gujranwala,Rural Road,Poor,Clear,Street Light,Motorcycle,3,Wrong Overtaking,0,0,0,0,1,0,Low
2020,11,Monday,13,Sindh,Sukkur,Urban Road,Average,Foggy,Daylight,Motorcycle,1,Signal Violation,1,0,0,1,8,2,High
2018,12,Tuesday,10,Sindh,Karachi,Provincial Highway,Average,Clear,Daylight,Motorcycle,2,Wrong Overtaking,0,0,0,1,2,1,High
2020,2,Tuesday,15,Sindh,Karachi,National Highway,Average,Rainy,Daylight,Motorcycle,4,Driver Fatigue,0,0,0,1,8,2,High
2019,2,Saturday,12,Sindh,Karachi,Urban Road,Poor,Clear,Daylight,Motorcycle,2,Pedestrian Error,1,1,0,1,5,0,Medium
2018,4,Sunday,22,Balochistan,Zhob,Urban Road,Good,Clear,No Light,Car/Taxi,3,Signal Violation,0,1,1,0,0,0,Low
2023,1,Friday,10,Sindh,Larkana,Rural Road,Good,Foggy,Daylight,Motorcycle,1,Wrong Overtaking,0,0,0,1,4,1,Medium
2022,5,Monday,12,KPK,Mansehra,Urban Road,Good,Clear,Daylight,Car/Taxi,3,Signal Violation,1,0,0,0,0,0,Low
2022,4,Saturday,16,Punjab,Lahore,Rural Road,Under Repair,Foggy,Daylight,Motorcycle,1,Over Speeding,0,1,0,0,6,1,High
2019,7,Saturday,12,Punjab,Gujranwala,National Highway,Average,Clear,Daylight,Motorcycle,1,Pedestrian Error,1,1,0,0,4,0,Medium
2021,1,Sunday,18,Punjab,Lahore,National Highway,Average,Clear,Daylight,Rickshaw,3,Wrong Overtaking,1,1,0,1,1,0,Low
2023,3,Monday,11,Punjab,Multan,Urban Road,Average,Clear,Daylight,Motorcycle,2,Pedestrian Error,0,0,0,0,0,1,Low
2019,6,Friday,18,KPK,Bannu,Urban Road,Under Repair,Clear,Daylight,Truck/Lorry,3,Over Speeding,1,0,0,0,2,1,Medium
2019,1,Thursday,7,Sindh,Nawabshah,Motorway,Good,Clear,Daylight,Motorcycle,2,Drunk Driving,1,0,0,1,5,2,High
2022,7,Wednesday,13,KPK,Swat,Urban Road,Poor,Foggy,Daylight,Car/Taxi,2,Over Speeding,1,0,0,0,3,0,Medium
2021,4,Tuesday,5,Punjab,Rahim Yar Khan,Urban Road,Poor,Clear,No Light,Motorcycle,1,Wrong Overtaking,0,0,1,0,2,1,Medium
2018,2,Friday,16,Punjab,Sargodha,Provincial Highway,Poor,Clear,Daylight,Rickshaw,1,Driver Fatigue,0,0,0,1,5,1,Medium
2020,11,Tuesday,16,Balochistan,Dera Bugti,Urban Road,Good,Foggy,Daylight,Rickshaw,1,Wrong Overtaking,0,0,0,1,1,0,Low
2021,7,Wednesday,18,Islamabad,Islamabad,Rural Road,Average,Clear,Daylight,Car/Taxi,3,Pedestrian Error,1,0,0,0,1,1,Low
2022,3,Monday,19,Islamabad,Islamabad,Provincial Highway,Average,Extreme Heat,Dawn/Dusk,Car/Taxi,1,Drunk Driving,1,0,0,0,2,0,Medium
2021,10,Friday,22,KPK,Dera Ismail Khan,Rural Road,Good,Foggy,Street Light,Motorcycle,1,Mechanical Failure,0,0,1,0,2,1,High
2018,2,Thursday,9,KPK,Peshawar,Urban Road,Good,Foggy,Daylight,Car/Taxi,3,Over Speeding,1,0,0,1,3,0,Medium
2023,1,Sunday,17,Balochistan,Quetta,National Highway,Poor,Dusty/Smoggy,Daylight,Rickshaw,2,Wrong Overtaking,1,1,0,1,2,0,Medium
2022,11,Tuesday,8,KPK,Kohat,National Highway,Average,Clear,Dawn/Dusk,Motorcycle,2,Wrong Overtaking,1,0,0,1,7,0,High
2019,1,Saturday,14,Islamabad,Islamabad,Urban Road,Average,Extreme Heat,Daylight,Other,1,Wrong Overtaking,0,1,0,1,1,0,Low
2022,8,Tuesday,2,Punjab,Sargodha,Provincial Highway,Under Repair,Clear,Street Light,Car/Taxi,2,Over Speeding,0,0,1,0,1,0,Medium
2023,8,Friday,14,Islamabad,Islamabad,Provincial Highway,Average,Clear,Daylight,Rickshaw,1,Road Condition,0,0,0,0,0,0,Low
2020,11,Friday,18,Sindh,Dadu,Motorway,Average,Dusty/Smoggy,Daylight,Motorcycle,1,Pedestrian Error,1,0,0,1,10,0,High
2021,10,Saturday,23,Punjab,Sheikhupura,Provincial Highway,Poor,Rainy,No Light,Bus/Coach,1,Wrong Overtaking,0,1,1,0,2,0,Medium
2021,4,Thursday,13,Punjab,Rahim Yar Khan,National Highway,Average,Clear,No Light,Bus/Coach,2,Road Condition,1,0,0,0,1,0,Low
2019,1,Sunday,13,Balochistan,Chaman,Provincial Highway,Average,Rainy,Daylight,Bus/Coach,3,Mechanical Failure,1,1,0,1,2,1,Medium
2020,7,Sunday,16,Sindh,Hyderabad,Motorway,Average,Clear,Daylight,Bus/Coach,3,Over Speeding,0,1,0,0,11,0,High
2022,6,Monday,7,AJK,Muzaffarabad,Rural Road,Good,Dusty/Smoggy,Daylight,Car/Taxi,3,Over Speeding,1,0,0,0,0,0,Low
2023,8,Thursday,11,Punjab,Rawalpindi,Rural Road,Good,Rainy,Daylight,Rickshaw,1,Pedestrian Error,0,0,0,0,0,0,Low
2020,7,Wednesday,21,Punjab,Lahore,Rural Road,Poor,Clear,Street Light,Motorcycle,2,Mobile Phone Use,0,0,0,0,2,0,Low
2018,4,Friday,11,Punjab,Lahore,Provincial Highway,Poor,Foggy,Street Light,Rickshaw,2,Driver Fatigue,0,0,0,0,2,0,Medium
2023,1,Thursday,16,Sindh,Thatta,Provincial Highway,Average,Rainy,Daylight,Car/Taxi,1,Road Condition,0,0,0,1,0,0,Low
2022,7,Tuesday,19,Sindh,Sukkur,Rural Road,Good,Dusty/Smoggy,Dawn/Dusk,Car/Taxi,1,Wrong Overtaking,1,0,0,0,1,0,Low
2023,6,Tuesday,6,KPK,Mardan,National Highway,Good,Extreme Heat,Daylight,Motorcycle,2,Mechanical Failure,0,0,0,0,4,0,Medium
2022,12,Thursday,9,Punjab,Sialkot,Provincial Highway,Good,Foggy,Daylight,Car/Taxi,1,Road Condition,1,0,0,1,0,0,Low
2019,6,Thursday,20,Punjab,Lahore,Rural Road,Poor,Dusty/Smoggy,No Light,Car/Taxi,2,Wrong Overtaking,1,0,0,0,1,0,Low
2018,1,Sunday,11,Punjab,Faisalabad,Provincial Highway,Good,Foggy,Daylight,Motorcycle,2,Over Speeding,0,1,0,1,7,1,High
2018,2,Tuesday,12,Balochistan,Gwadar,Urban Road,Average,Clear,Daylight,Rickshaw,2,Wrong Overtaking,1,0,0,1,0,0,Low
2018,6,Wednesday,21,Punjab,Sargodha,Provincial Highway,Good,Foggy,Street Light,Motorcycle,2,Over Speeding,0,0,0,0,10,0,High
2021,10,Wednesday,19,Punjab,Faisalabad,National Highway,Good,Clear,Dawn/Dusk,Rickshaw,3,Wrong Overtaking,1,0,0,0,3,1,Medium
2023,7,Friday,0,Sindh,Larkana,Provincial Highway,Poor,Dusty/Smoggy,No Light,Car/Taxi,2,Pedestrian Error,0,0,1,0,1,0,Medium
2023,1,Sunday,10,Balochistan,Gwadar,National Highway,Good,Clear,Daylight,Bus/Coach,4,Pedestrian Error,0,1,0,1,1,0,Low
2023,11,Sunday,18,Punjab,Bahawalpur,Urban Road,Good,Clear,Daylight,Bus/Coach,3,Driver Fatigue,1,1,0,1,5,0,Medium
2021,11,Monday,16,Punjab,Sargodha,National Highway,Good,Extreme Heat,Street Light,Bicycle,2,Over Speeding,0,0,0,1,4,2,High
2020,1,Saturday,7,KPK,Nowshera,Provincial Highway,Poor,Rainy,Daylight,Truck/Lorry,1,Over Speeding,1,1,0,1,2,0,Medium
2022,7,Sunday,7,Islamabad,Islamabad,Provincial Highway,Average,Clear,Daylight,Van/Pickup,2,Over Speeding,1,1,0,0,1,0,Medium
2023,6,Tuesday,19,Sindh,Dadu,Provincial Highway,Good,Rainy,Dawn/Dusk,Car/Taxi,2,Pedestrian Error,1,0,0,0,1,0,Low
2019,4,Thursday,9,Punjab,Rawalpindi,Urban Road,Poor,Rainy,Daylight,Bus/Coach,1,Signal Violation,1,0,0,0,2,0,Medium
2020,7,Thursday,17,Sindh,Sukkur,Urban Road,Poor,Clear,Daylight,Truck/Lorry,2,Pedestrian Error,1,0,0,0,1,0,Low
2018,9,Friday,1,AJK,Mirpur,Urban Road,Average,Clear,No Light,Motorcycle,3,Pedestrian Error,0,0,1,0,0,0,Low
2023,2,Saturday,12,Sindh,Dadu,Motorway,Under Repair,Extreme Heat,Daylight,Motorcycle,2,Mechanical Failure,1,1,0,1,2,1,Medium
2020,5,Friday,15,Punjab,Faisalabad,National Highway,Good,Clear,Daylight,Motorcycle,2,Signal Violation,0,0,0,0,2,3,High
2019,4,Friday,20,Punjab,Rawalpindi,National Highway,Good,Dusty/Smoggy,No Light,Motorcycle,1,Road Condition,1,0,0,0,5,0,Medium
2020,12,Friday,8,Islamabad,Islamabad,National Highway,Good,Foggy,Daylight,Car/Taxi,2,Road Condition,1,0,0,1,0,0,Low
2018,12,Saturday,18,KPK,Bannu,National Highway,Good,Foggy,Daylight,Rickshaw,2,Pedestrian Error,1,1,0,1,0,0,Low
2021,4,Monday,22,KPK,Dera Ismail Khan,National Highway,Average,Rainy,No Light,Rickshaw,2,Weather Condition,0,0,1,0,3,1,High
2023,4,Thursday,7,Punjab,Sialkot,Provincial Highway,Good,Clear,Street Light,Rickshaw,4,Wrong Overtaking,1,0,0,0,1,0,Low
2020,1,Tuesday,15,Sindh,Mirpur Khas,Urban Road,Good,Rainy,Street Light,Bus/Coach,1,Wrong Overtaking,0,0,0,1,0,1,Low
2020,4,Saturday,17,Punjab,Sheikhupura,National Highway,Average,Clear,Daylight,Car/Taxi,3,Road Condition,1,1,0,0,4,0,Medium
2020,1,Saturday,20,Punjab,Sargodha,National Highway,Good,Clear,No Light,Bicycle,1,Wrong Overtaking,1,1,0,1,11,2,High
2020,12,Thursday,15,Balochistan,Turbat,Urban Road,Average,Foggy,Dawn/Dusk,Car/Taxi,2,Mobile Phone Use,0,0,0,1,0,1,Low
2018,9,Sunday,8,Punjab,Rahim Yar Khan,National Highway,Good,Clear,Daylight,Motorcycle,3,Over Speeding,1,1,0,0,4,1,High
2020,4,Saturday,18,Punjab,Sheikhupura,National Highway,Under Repair,Clear,Daylight,Motorcycle,1,Signal Violation,1,1,0,0,3,1,High
2018,4,Sunday,17,Islamabad,Islamabad,National Highway,Average,Clear,Daylight,Motorcycle,1,Over Speeding,1,1,0,0,8,0,High
2023,9,Sunday,17,Punjab,Sialkot,National Highway,Average,Clear,Daylight,Van/Pickup,2,Wrong Overtaking,1,1,0,0,4,1,Medium
2023,12,Tuesday,21,KPK,Abbottabad,Urban Road,Good,Dusty/Smoggy,Street Light,Motorcycle,2,Over Speeding,0,0,0,1,5,1,Medium
2021,1,Tuesday,17,Sindh,Karachi,National Highway,Poor,Clear,Dawn/Dusk,Car/Taxi,3,Road Condition,1,0,0,1,2,0,Low
2019,5,Sunday,12,Islamabad,Islamabad,National Highway,Average,Clear,Daylight,Truck/Lorry,2,Signal Violation,1,1,0,0,5,0,Medium
2021,2,Wednesday,23,KPK,Swat,Motorway,Good,Clear,Street Light,Car/Taxi,2,Over Speeding,0,0,1,1,11,1,High
2020,5,Wednesday,12,KPK,Charsadda,Provincial Highway,Under Repair,Clear,Daylight,Bus/Coach,1,Mechanical Failure,1,0,0,0,0,0,Low
2023,9,Friday,16,Punjab,Gujranwala,Provincial Highway,Under Repair,Rainy,Daylight,Motorcycle,3,Signal Violation,0,0,0,0,5,0,High
2022,2,Wednesday,22,Sindh,Mirpur Khas,National Highway,Good,Clear,Street Light,Motorcycle,1,Signal Violation,0,0,1,1,7,2,High
2019,3,Monday,19,Islamabad,Islamabad,Urban Road,Good,Clear,Daylight,Motorcycle,2,Wrong Overtaking,1,0,0,0,0,0,Low
2022,12,Tuesday,9,Punjab,Faisalabad,Provincial Highway,Under Repair,Foggy,Daylight,Car/Taxi,2,Over Speeding,1,0,0,1,1,1,Medium
2021,7,Friday,8,KPK,Swat,Provincial Highway,Average,Rainy,Dawn/Dusk,Motorcycle,2,Mobile Phone Use,1,0,0,0,10,1,High
2023,3,Sunday,18,Punjab,Multan,Motorway,Average,Foggy,Daylight,Rickshaw,2,Signal Violation,1,1,0,0,11,3,High
2020,7,Friday,12,Punjab,Sheikhupura,National Highway,Poor,Clear,No Light,Truck/Lorry,2,Over Speeding,1,0,0,0,1,0,Medium
2023,5,Sunday,9,Punjab,Sargodha,National Highway,Good,Clear,Daylight,Motorcycle,3,Over Speeding,1,1,0,0,8,2,High
2022,8,Saturday,19,Punjab,Sargodha,Rural Road,Under Repair,Clear,No Light,Bus/Coach,3,Road Condition,1,1,0,0,0,0,Low
2020,12,Tuesday,16,Gilgit-Baltistan,Gilgit,Motorway,Good,Clear,Daylight,Motorcycle,2,Pedestrian Error,0,0,0,1,1,1,Medium
2022,9,Friday,11,Balochistan,Sibi,Provincial Highway,Good,Clear,Street Light,Motorcycle,2,Pedestrian Error,0,0,0,0,2,0,Medium
2023,9,Wednesday,22,Sindh,Dadu,Rural Road,Average,Clear,Street Light,Bicycle,3,Over Speeding,0,0,1,0,5,0,Medium
2018,2,Tuesday,16,KPK,Kohat,Urban Road,Good,Extreme Heat,Daylight,Motorcycle,2,Pedestrian Error,0,0,0,1,2,0,Low
2020,7,Friday,15,Sindh,Karachi,Motorway,Good,Clear,Daylight,Motorcycle,2,Wrong Overtaking,0,0,0,0,2,4,High
2018,11,Saturday,1,KPK,Mardan,Provincial Highway,Poor,Clear,Street Light,Car/Taxi,3,Mechanical Failure,0,1,1,1,5,0,Medium
2019,3,Saturday,12,Balochistan,Chaman,Urban Road,Good,Clear,No Light,Car/Taxi,2,Wrong Overtaking,1,1,0,0,2,0,Low
2021,9,Wednesday,4,Punjab,Sialkot,Rural Road,Good,Clear,No Light,Bus/Coach,2,Mobile Phone Use,0,0,1,0,3,0,Medium
2019,12,Sunday,12,Sindh,Kashmore,National Highway,Good,Foggy,Daylight,Car/Taxi,1,Signal Violation,1,1,0,1,1,1,Medium
2018,7,Saturday,6,Sindh,Thatta,National Highway,Average,Foggy,Daylight,Car/Taxi,2,Road Condition,0,1,0,0,3,1,Medium
2022,12,Wednesday,22,AJK,Muzaffarabad,Provincial Highway,Poor,Extreme Heat,No Light,Motorcycle,2,Pedestrian Error,0,0,1,1,10,1,High
2021,10,Tuesday,16,KPK,Abbottabad,National Highway,Good,Clear,Daylight,Car/Taxi,3,Wrong Overtaking,0,0,0,0,2,1,Low
2023,2,Saturday,21,Balochistan,Khuzdar,National Highway,Good,Clear,No Light,Bus/Coach,3,Mechanical Failure,0,1,0,1,3,0,Medium
2019,1,Friday,18,Balochistan,Zhob,Urban Road,Average,Clear,Street Light,Rickshaw,2,Over Speeding,1,0,0,1,1,0,Medium
2018,2,Wednesday,7,Sindh,Larkana,National Highway,Good,Clear,Daylight,Bus/Coach,2,Pedestrian Error,1,0,0,1,2,0,Low
2020,12,Friday,17,Balochistan,Gwadar,Urban Road,Average,Clear,Daylight,Motorcycle,1,Mechanical Failure,1,0,0,1,2,0,Low
2023,12,Wednesday,19,Punjab,Multan,Provincial Highway,Good,Foggy,Dawn/Dusk,Bus/Coach,2,Drunk Driving,1,0,0,1,3,1,High
2019,11,Saturday,11,Punjab,Faisalabad,Motorway,Average,Clear,Daylight,Bus/Coach,1,Pedestrian Error,0,1,0,1,2,0,Low
2023,8,Tuesday,8,KPK,Nowshera,Rural Road,Average,Clear,Daylight,Rickshaw,2,Signal Violation,1,0,0,0,1,0,Low
2019,5,Sunday,16,Punjab,Gujranwala,Rural Road,Poor,Dusty/Smoggy,Daylight,Motorcycle,2,Mechanical Failure,0,1,0,0,3,0,Medium
2021,3,Tuesday,17,Punjab,Gujranwala,National Highway,Poor,Foggy,Street Light,Motorcycle,2,Pedestrian Error,1,0,0,0,5,2,High
2021,2,Tuesday,12,Sindh,Jacobabad,Rural Road,Good,Clear,Daylight,Car/Taxi,3,Mechanical Failure,1,0,0,1,0,0,Low
2019,6,Tuesday,10,Sindh,Mirpur Khas,Provincial Highway,Good,Clear,Daylight,Motorcycle,1,Signal Violation,0,0,0,0,2,0,Medium
2021,10,Monday,23,Islamabad,Islamabad,Urban Road,Average,Clear,Street Light,Motorcycle,3,Road Condition,0,0,1,0,0,0,Low
2021,9,Wednesday,19,Islamabad,Islamabad,Provincial Highway,Under Repair,Rainy,Street Light,Rickshaw,1,Signal Violation,1,0,0,0,2,0,Medium
2022,1,Saturday,8,Sindh,Karachi,Rural Road,Good,Clear,Dawn/Dusk,Bus/Coach,2,Drunk Driving,1,1,0,1,1,0,Medium
2018,7,Friday,3,Sindh,Hyderabad,Provincial Highway,Under Repair,Clear,No Light,Motorcycle,2,Signal Violation,0,0,1,0,2,0,Medium
2022,9,Thursday,14,KPK,Kohat,Urban Road,Poor,Clear,Street Light,Motorcycle,1,Mechanical Failure,0,0,0,0,2,0,Low
2019,4,Friday,7,Sindh,Jacobabad,Urban Road,Poor,Dusty/Smoggy,Daylight,Motorcycle,2,Wrong Overtaking,1,0,0,0,3,0,Medium
2021,12,Saturday,14,Punjab,Rahim Yar Khan,Rural Road,Poor,Clear,Daylight,Motorcycle,3,Over Speeding,0,1,0,1,9,1,High
2019,6,Wednesday,11,KPK,Mardan,Rural Road,Under Repair,Clear,Daylight,Car/Taxi,1,Wrong Overtaking,0,0,0,0,0,0,Low
2022,2,Thursday,8,KPK,Charsadda,Provincial Highway,Good,Foggy,Daylight,Rickshaw,2,Road Condition,1,0,0,1,1,0,Low
2023,11,Monday,14,Punjab,Gujranwala,Provincial Highway,Average,Clear,Daylight,Rickshaw,2,Over Speeding,0,0,0,1,1,0,Medium
2018,7,Wednesday,18,KPK,Bannu,National Highway,Poor,Clear,Daylight,Truck/Lorry,1,Mechanical Failure,1,0,0,0,1,0,Low
2023,7,Wednesday,5,Sindh,Nawabshah,Provincial Highway,Poor,Clear,Dawn/Dusk,Rickshaw,1,Over Speeding,0,0,1,0,4,0,Medium
2020,11,Friday,10,Punjab,Rawalpindi,Urban Road,Good,Clear,Street Light,Car/Taxi,1,Mechanical Failure,0,0,0,1,0,0,Low
2018,7,Sunday,9,Sindh,Nawabshah,Urban Road,Poor,Clear,Daylight,Motorcycle,3,Mechanical Failure,1,1,0,0,0,0,Low
2020,12,Wednesday,17,Punjab,Sheikhupura,Urban Road,Average,Clear,Daylight,Motorcycle,1,Driver Fatigue,1,0,0,1,9,0,High
2021,8,Saturday,3,Punjab,Lahore,Provincial Highway,Average,Clear,Street Light,Car/Taxi,3,Road Condition,0,1,1,0,5,0,Medium
2023,4,Friday,0,Balochistan,Quetta,Provincial Highway,Under Repair,Clear,Street Light,Motorcycle,3,Over Speeding,0,0,1,0,2,1,High
2021,3,Saturday,7,Islamabad,Islamabad,National Highway,Good,Clear,Daylight,Bus/Coach,1,Over Speeding,1,1,0,0,1,0,Medium
2022,11,Friday,21,Punjab,Bahawalpur,Rural Road,Average,Clear,No Light,Motorcycle,1,Wrong Overtaking,0,0,0,1,0,0,Low
2021,6,Wednesday,20,Islamabad,Islamabad,Motorway,Good,Clear,Street Light,Rickshaw,1,Over Speeding,1,0,0,0,4,2,Medium
2018,11,Monday,9,Punjab,Sargodha,National Highway,Poor,Rainy,Dawn/Dusk,Motorcycle,1,Signal Violation,1,0,0,1,2,1,High
2019,6,Wednesday,16,Punjab,Lahore,Provincial Highway,Poor,Clear,Daylight,Motorcycle,2,Road Condition,0,0,0,0,1,0,Low
2018,3,Tuesday,13,Punjab,Bahawalpur,National Highway,Average,Clear,Daylight,Motorcycle,2,Wrong Overtaking,1,0,0,0,6,0,High
2021,9,Friday,15,Punjab,Gujranwala,Urban Road,Good,Foggy,Dawn/Dusk,Van/Pickup,1,Wrong Overtaking,0,0,0,0,3,1,Medium
2021,1,Wednesday,10,Punjab,Sheikhupura,Urban Road,Good,Clear,Daylight,Car/Taxi,2,Signal Violation,0,0,0,1,1,0,Low
2020,9,Tuesday,5,Islamabad,Islamabad,National Highway,Under Repair,Extreme Heat,Dawn/Dusk,Motorcycle,2,Signal Violation,0,0,1,0,7,1,High
2022,6,Thursday,22,Punjab,Rawalpindi,Provincial Highway,Good,Clear,Street Light,Car/Taxi,1,Driver Fatigue,0,0,1,0,1,1,Medium
2019,7,Tuesday,17,Punjab,Gujranwala,Provincial Highway,Good,Clear,Dawn/Dusk,Other,2,Mobile Phone Use,1,0,0,0,0,0,Low
2023,12,Thursday,1,KPK,Nowshera,Urban Road,Good,Rainy,No Light,Motorcycle,3,Driver Fatigue,0,0,1,1,5,0,High
2023,12,Friday,8,Punjab,Rahim Yar Khan,National Highway,Good,Clear,Street Light,Motorcycle,1,Signal Violation,1,0,0,1,4,3,High
2023,2,Tuesday,12,KPK,Charsadda,Rural Road,Average,Clear,Daylight,Motorcycle,1,Signal Violation,1,0,0,1,2,1,Medium
2021,4,Sunday,19,Sindh,Sukkur,National Highway,Average,Rainy,No Light,Motorcycle,3,Wrong Overtaking,1,1,0,0,6,0,High
2020,2,Saturday,20,Punjab,Lahore,National Highway,Good,Foggy,Street Light,Van/Pickup,3,Road Condition,1,1,0,1,0,1,Low
2020,6,Sunday,22,KPK,Mansehra,National Highway,Average,Rainy,No Light,Motorcycle,1,Over Speeding,0,1,1,0,7,0,High
2023,11,Wednesday,18,Punjab,Gujranwala,Motorway,Good,Rainy,Daylight,Car/Taxi,3,Road Condition,1,0,0,1,5,0,Medium
2022,7,Tuesday,18,Punjab,Gujranwala,Rural Road,Poor,Rainy,Daylight,Car/Taxi,2,Road Condition,1,0,0,0,0,0,Low
2023,12,Friday,20,Punjab,Sialkot,Urban Road,Poor,Foggy,Street Light,Bicycle,2,Pedestrian Error,1,0,0,1,2,0,Low
2022,7,Friday,12,Sindh,Sukkur,Motorway,Average,Clear,Dawn/Dusk,Motorcycle,2,Over Speeding,1,0,0,0,7,0,High
2023,12,Sunday,11,KPK,Kohat,National Highway,Average,Clear,Daylight,Car/Taxi,2,Mechanical Failure,0,1,0,1,2,0,Low
2023,12,Thursday,23,Sindh,Kashmore,Rural Road,Good,Foggy,No Light,Motorcycle,3,Wrong Overtaking,0,0,1,1,8,1,High
2022,1,Thursday,16,Sindh,Karachi,Urban Road,Average,Rainy,Daylight,Motorcycle,3,Road Condition,0,0,0,1,1,0,Low