year,month,day_of_week,hour_of_day,province,district,road_type,road_condition,weather_condition,lighting_condition,vehicle_type,vehicles_involved,accident_cause,is_rush_hour,is_weekend,is_night,is_foggy_month,num_injured,num_killed,severity
2021,1,Thursday,6,Sindh,Thatta,National Highway,Under Repair,Dusty/Smoggy,Daylight,Truck/Lorry,1,Over Speeding,0,0,0,1,10,3,High
2020,6,Sunday,22,Punjab,Sheikhupura,Rural Road,Good,Foggy,Street Light,Car/Taxi,2,Over Speeding,0,1,1,0,3,1,Medium
2023,9,Monday,12,Islamabad,Islamabad,Rural Road,Good,Foggy,Daylight,Van/Pickup,2,Pedestrian Error,1,0,0,0,2,0,Low
2023,3,Sunday,10,Islamabad,Islamabad,National Highway,Poor,Clear,Daylight,Motorcycle,2,Road Condition,0,1,0,0,3,0,High
2023,5,Monday,9,Sindh,Larkana,Provincial Highway,Under Repair,Rainy,Daylight,Motorcycle,2,Driver Fatigue,1,0,0,0,3,0,High
2018,5,Wednesday,11,Punjab,Gujranwala,National Highway,Poor,Rainy,Daylight,Motorcycle,2,Signal Violation,0,0,0,0,9,0,High
2018,10,Wednesday,12,Sindh,Jacobabad,National Highway,Good,Clear,Daylight,Rickshaw,1,Driver Fatigue,1,0,0,0,4,0,Medium
2023,6,Wednesday,13,Punjab,Rahim Yar Khan,National Highway,Good,Rainy,Dawn/Dusk,Car/Taxi,3,Wrong Overtaking,1,0,0,0,4,1,Medium
2022,12,Saturday,20,Sindh,Mirpur Khas,Provincial Highway,Good,Clear,No Light,Car/Taxi,4,Driver Fatigue,1,1,0,1,1,0,Medium
2020,3,Sunday,20,Punjab,Multan,Rural Road,Good,Clear,Street Light,Car/Taxi,3,Signal Violation,1,1,0,0,2,0,Low
2022,5,Monday,6,KPK,Charsadda,Provincial Highway,Good,Foggy,Daylight,Rickshaw,2,Driver Fatigue,0,0,0,0,6,2,High
2023,6,Wednesday,18,Punjab,Sialkot,Rural Road,Poor,Clear,Daylight,Motorcycle,2,Driver Fatigue,1,0,0,0,2,0,Medium
2018,7,Tuesday,14,Islamabad,Islamabad,Urban Road,Average,Rainy,Daylight,Motorcycle,2,Drunk Driving,0,0,0,0,6,2,High
2018,12,Wednesday,7,Punjab,Faisalabad,Urban Road,Poor,Clear,Daylight,Car/Taxi,2,Wrong Overtaking,1,0,0,1,1,1,Low
2023,10,Thursday,6,KPK,Swat,Provincial Highway,Under Repair,Clear,Daylight,Motorcycle,1,Signal Violation,0,0,0,0,1,0,Medium
2021,12,Sunday,16,Balochistan,Khuzdar,National Highway,Good,Rainy,Street Light,Motorcycle,4,Signal Violation,0,1,0,1,5,3,High
2021,11,Wednesday,15,Punjab,Faisalabad,Provincial Highway,Average,Clear,Daylight,Motorcycle,2,Wrong Overtaking,0,0,0,1,9,1,High
2023,4,Monday,16,Islamabad,Islamabad,Urban Road,Average,Clear,No Light,Motorcycle,1,Mechanical Failure,0,0,0,0,2,0,Low
2019,4,Friday,12,Punjab,Sialkot,Provincial Highway,Poor,Clear,Daylight,Van/Pickup,4,Over Speeding,1,0,0,0,1,1,Medium
2018,6,Thursday,15,Islamabad,Islamabad,Rural Road,Good,Foggy,Daylight,Bus/Coach,2,Over Speeding,0,0,0,0,2,1,Medium
2019,5,Sunday,11,AJK,Rawalakot,Urban Road,Good,Clear,No Light,Rickshaw,1,Wrong Overtaking,0,1,0,0,1,0,Low
2021,11,Wednesday,16,Punjab,Rahim Yar Khan,National Highway,Good,Clear,Daylight,Rickshaw,3,Wrong Overtaking,0,0,0,1,3,1,Medium
2020,11,Sunday,14,KPK,Peshawar,Provincial Highway,Average,Clear,Daylight,Motorcycle,2,Signal Violation,0,1,0,1,5,2,Medium
2018,12,Wednesday,10,Punjab,Rahim Yar Khan,National Highway,Average,Clear,Daylight,Motorcycle,2,Over Speeding,0,0,0,1,8,3,High
2023,1,Monday,0,Punjab,Multan,Provincial Highway,Average,Clear,Street Light,Motorcycle,2,Signal Violation,0,0,1,1,3,1,Medium
2018,1,Friday,5,Punjab,Bahawalpur,Provincial Highway,Average,Clear,Dawn/Dusk,Car/Taxi,2,Road Condition,0,0,1,1,5,1,Medium
2023,5,Wednesday,22,Punjab,Gujranwala,Rural Road,Poor,Dusty/Smoggy,Street Light,Motorcycle,2,Pedestrian Error,0,0,1,0,3,0,Medium
2018,11,Tuesday,22,Sindh,Sukkur,Provincial Highway,Poor,Clear,Street Light,Bus/Coach,2,Over Speeding,0,0,1,1,9,0,High
2020,6,Thursday,9,Sindh,Hyderabad,Urban Road,Average,Clear,Daylight,Rickshaw,1,Over Speeding,1,0,0,0,2,0,Low
2023,1,Sunday,14,KPK,Mansehra,Provincial Highway,Average,Foggy,Street Light,Bus/Coach,2,Wrong Overtaking,0,1,0,1,5,0,Medium
2019,10,Wednesday,12,Punjab,Multan,Urban Road,Good,Clear,Daylight,Motorcycle,2,Over Speeding,1,0,0,0,1,2,Medium
2023,2,Tuesday,12,Islamabad,Islamabad,National Highway,Average,Foggy,Daylight,Car/Taxi,4,Mechanical Failure,1,0,0,1,5,1,Medium
2023,2,Friday,16,Punjab,Sargodha,National Highway,Poor,Clear,Daylight,Car/Taxi,1,Over Speeding,0,0,0,1,2,0,Medium
2022,8,Sunday,20,Punjab,Bahawalpur,Rural Road,Good,Clear,No Light,Rickshaw,2,Over Speeding,1,1,0,0,2,0,Low
2023,3,Sunday,11,KPK,Bannu,Provincial Highway,Poor,Extreme Heat,Daylight,Truck/Lorry,1,Wrong Overtaking,0,1,0,0,5,1,Medium
2022,6,Monday,18,Balochistan,Loralai,National Highway,Good,Clear,Daylight,Car/Taxi,2,Over Speeding,1,0,0,0,4,0,Medium
2023,9,Wednesday,6,KPK,Bannu,National Highway,Good,Rainy,Daylight,Car/Taxi,2,Wrong Overtaking,0,0,0,0,2,1,Medium
2023,8,Tuesday,7,Sindh,Larkana,Urban Road,Good,Clear,Daylight,Motorcycle,4,Pedestrian Error,1,0,0,0,2,0,Low
2023,5,Sunday,5,Punjab,Lahore,Provincial Highway,Good,Dusty/Smoggy,Dawn/Dusk,Motorcycle,4,Over Speeding,0,1,1,0,5,1,High
2018,3,Friday,22,Punjab,Sargodha,National Highway,Average,Clear,No Light,Motorcycle,2,Driver Fatigue,0,0,1,0,9,0,High
2020,11,Friday,14,Sindh,Hyderabad,Rural Road,Good,Dusty/Smoggy,Daylight,Rickshaw,1,Over Speeding,0,0,0,1,1,0,Medium
2021,2,Tuesday,10,Sindh,Kashmore,Rural Road,Good,Clear,Daylight,Car/Taxi,2,Over Speeding,0,0,0,1,2,0,Low
2020,2,Saturday,23,Punjab,Sheikhupura,National Highway,Average,Extreme Heat,No Light,Truck/Lorry,4,Over Speeding,0,1,1,1,8,1,High
2022,7,Thursday,13,Sindh,Nawabshah,National Highway,Good,Dusty/Smoggy,Street Light,Car/Taxi,2,Over Speeding,1,0,0,0,1,2,Medium
2021,7,Saturday,10,KPK,Bannu,Provincial Highway,Poor,Rainy,Daylight,Motorcycle,1,Wrong Overtaking,0,1,0,0,4,4,High
2019,7,Monday,12,KPK,Charsadda,Provincial Highway,Average,Clear,Daylight,Truck/Lorry,2,Wrong Overtaking,1,0,0,0,2,1,Low
2019,5,Sunday,11,Punjab,Sheikhupura,National Highway,Good,Foggy,Daylight,Motorcycle,1,Over Speeding,0,1,0,0,5,0,High
2022,7,Friday,8,Sindh,Jacobabad,Motorway,Average,Foggy,Daylight,Motorcycle,1,Over Speeding,1,0,0,0,5,1,High
2018,2,Sunday,17,Punjab,Rawalpindi,Provincial Highway,Good,Clear,Daylight,Motorcycle,4,Over Speeding,1,1,0,1,8,0,High
2019,1,Friday,5,Punjab,Rahim Yar Khan,Provincial Highway,Poor,Extreme Heat,Dawn/Dusk,Motorcycle,1,Wrong Overtaking,0,0,1,1,3,0,Medium
2023,4,Wednesday,5,KPK,Kohat,Urban Road,Poor,Foggy,Dawn/Dusk,Car/Taxi,3,Signal Violation,0,0,1,0,1,0,Low
2020,4,Saturday,15,KPK,Abbottabad,Rural Road,Poor,Clear,Daylight,Bicycle,4,Signal Violation,0,1,0,0,0,0,Low
2023,5,Friday,10,KPK,Abbottabad,National Highway,Good,Rainy,Daylight,Motorcycle,2,Pedestrian Error,0,0,0,0,5,1,Medium
2022,4,Tuesday,12,Punjab,Sargodha,National Highway,Average,Clear,Daylight,Car/Taxi,1,Mechanical Failure,1,0,0,0,5,1,Medium
2020,3,Sunday,9,Balochistan,Zhob,Urban Road,Good,Clear,Street Light,Motorcycle,2,Signal Violation,1,1,0,0,2,0,Low
2019,6,Saturday,0,Punjab,Gujranwala,National Highway,Good,Foggy,No Light,Truck/Lorry,4,Signal Violation,0,1,1,0,8,1,High
2022,10,Friday,15,Balochistan,Hub,Urban Road,Average,Foggy,Daylight,Motorcycle,2,Over Speeding,0,0,0,0,3,2,High
2022,7,Friday,9,Punjab,Bahawalpur,National Highway,Average,Clear,Street Light,Rickshaw,2,Driver Fatigue,1,0,0,0,3,1,Medium
2020,12,Thursday,10,Punjab,Lahore,Urban Road,Under Repair,Dusty/Smoggy,Daylight,Bicycle,2,Pedestrian Error,0,0,0,1,2,0,Low
2022,1,Sunday,22,Punjab,Multan,Urban Road,Good,Rainy,Street Light,Motorcycle,3,Over Speeding,0,1,1,1,3,4,High
2020,4,Sunday,10,Punjab,Gujranwala,Urban Road,Good,Clear,Daylight,Car/Taxi,2,Wrong Overtaking,0,1,0,0,0,1,Low
2019,6,Sunday,11,Sindh,Dadu,Urban Road,Average,Dusty/Smoggy,Daylight,Motorcycle,1,Over Speeding,0,1,0,0,10,2,High
2021,4,Sunday,19,Islamabad,Islamabad,Urban Road,Average,Clear,Dawn/Dusk,Motorcycle,4,Pedestrian Error,1,1,0,0,1,0,Low
2021,10,Tuesday,21,Punjab,Lahore,Motorway,Good,Foggy,No Light,Car/Taxi,3,Signal Violation,0,0,0,0,3,0,Medium
2023,2,Monday,20,Sindh,Dadu,Motorway,Poor,Foggy,No Light,Rickshaw,3,Drunk Driving,1,0,0,1,4,0,High
2022,1,Tuesday,15,Balochistan,Zhob,National Highway,Average,Dusty/Smoggy,Daylight,Bus/Coach,2,Pedestrian Error,0,0,0,1,0,0,Low
2023,12,Sunday,7,Sindh,Sukkur,Provincial Highway,Good,Clear,Daylight,Motorcycle,1,Wrong Overtaking,1,1,0,1,4,0,Medium
2022,5,Saturday,9,Punjab,Rawalpindi,Rural Road,Average,Dusty/Smoggy,Daylight,Car/Taxi,3,Pedestrian Error,1,1,0,0,0,0,Low
2022,12,Tuesday,15,Gilgit-Baltistan,Hunza,Provincial Highway,Good,Foggy,Daylight,Motorcycle,3,Over Speeding,0,0,0,1,10,2,High
2019,12,Wednesday,21,Punjab,Multan,National Highway,Good,Clear,Street Light,Rickshaw,1,Wrong Overtaking,0,0,0,1,2,0,Low
2023,4,Friday,17,Sindh,Mirpur Khas,Rural Road,Average,Clear,Daylight,Bicycle,2,Pedestrian Error,1,0,0,0,0,0,Low
2023,6,Thursday,16,KPK,Bannu,Provincial Highway,Good,Clear,Daylight,Rickshaw,1,Over Speeding,0,0,0,0,3,0,Medium
2021,11,Thursday,13,Punjab,Sialkot,National Highway,Poor,Clear,Daylight,Motorcycle,2,Pedestrian Error,1,0,0,1,1,1,Medium
2022,6,Monday,7,KPK,Kohat,Provincial Highway,Poor,Foggy,Daylight,Motorcycle,1,Road Condition,1,0,0,0,5,2,Medium
2023,6,Sunday,16,Punjab,Sialkot,Provincial Highway,Good,Clear,No Light,Motorcycle,1,Pedestrian Error,0,1,0,0,5,1,Medium
2023,12,Thursday,20,Punjab,Sialkot,National Highway,Under Repair,Rainy,No Light,Car/Taxi,2,Signal Violation,1,0,0,1,2,0,Medium
2021,9,Monday,19,Punjab,Sheikhupura,Provincial Highway,Average,Foggy,Dawn/Dusk,Motorcycle,1,Pedestrian Error,1,0,0,0,3,0,High
2022,3,Monday,17,Islamabad,Islamabad,National Highway,Good,Dusty/Smoggy,Daylight,Motorcycle,1,Signal Violation,1,0,0,0,5,1,High
2020,1,Sunday,12,Balochistan,Dera Bugti,Urban Road,Average,Clear,Daylight,Car/Taxi,1,Wrong Overtaking,1,1,0,1,0,0,Low
2019,7,Friday,9,Punjab,Sargodha,Provincial Highway,Poor,Clear,Daylight,Motorcycle,2,Mechanical Failure,1,0,0,0,5,1,Medium
2019,5,Saturday,13,Punjab,Sargodha,National Highway,Poor,Dusty/Smoggy,Street Light,Rickshaw,1,Road Condition,1,1,0,0,1,1,Medium
2023,10,Friday,19,Punjab,Multan,Motorway,Good,Foggy,Street Light,Car/Taxi,3,Mechanical Failure,1,0,0,0,3,0,Medium
2021,10,Friday,1,Sindh,Mirpur Khas,Motorway,Poor,Clear,Street Light,Bus/Coach,3,Signal Violation,0,0,1,0,11,1,High
2021,9,Sunday,15,Balochistan,Loralai,Rural Road,Good,Clear,Daylight,Car/Taxi,2,Pedestrian Error,0,1,0,0,2,0,Low
2020,11,Thursday,22,Islamabad,Islamabad,National Highway,Poor,Clear,Street Light,Car/Taxi,4,Pedestrian Error,0,0,1,1,0,1,Low
2022,1,Monday,16,KPK,Charsadda,National Highway,Good,Clear,Street Light,Car/Taxi,4,Drunk Driving,0,0,0,1,4,1,High
2021,11,Thursday,9,Sindh,Nawabshah,Provincial Highway,Average,Clear,Daylight,Motorcycle,1,Wrong Overtaking,1,0,0,1,5,1,Medium
2021,12,Tuesday,14,Punjab,Bahawalpur,Rural Road,Under Repair,Dusty/Smoggy,Daylight,Car/Taxi,4,Over Speeding,0,0,0,1,1,1,Low
2022,6,Wednesday,4,Punjab,Sheikhupura,Rural Road,Poor,Clear,No Light,Motorcycle,2,Over Speeding,0,0,1,0,10,0,High
2021,7,Wednesday,23,Sindh,Karachi,Provincial Highway,Poor,Foggy,Street Light,Motorcycle,2,Over Speeding,0,0,1,0,5,1,High
2019,5,Sunday,3,Sindh,Larkana,Provincial Highway,Good,Foggy,No Light,Car/Taxi,4,Wrong Overtaking,0,1,1,0,3,0,Medium
2023,1,Monday,23,Balochistan,Sibi,National Highway,Average,Clear,No Light,Motorcycle,2,Over Speeding,0,0,1,1,10,2,High
2022,12,Thursday,12,Punjab,Gujranwala,Rural Road,Good,Clear,Daylight,Motorcycle,1,Over Speeding,1,0,0,1,7,0,High
2019,6,Tuesday,21,Punjab,Multan,Provincial Highway,Good,Foggy,Street Light,Motorcycle,2,Mechanical Failure,0,0,0,0,3,0,Medium
2018,1,Sunday,18,Sindh,Dadu,Motorway,Poor,Clear,No Light,Truck/Lorry,2,Mechanical Failure,1,1,0,1,4,0,Medium
2021,8,Wednesday,20,Islamabad,Islamabad,Provincial Highway,Good,Rainy,Street Light,Motorcycle,2,Signal Violation,1,0,0,0,1,0,Medium
2018,7,Thursday,13,KPK,Mardan,National Highway,Average,Clear,Daylight,Car/Taxi,1,Signal Violation,1,0,0,0,2,1,Medium
2023,2,Monday,12,Punjab,Faisalabad,National Highway,Good,Clear,Daylight,Car/Taxi,3,Pedestrian Error,1,0,0,1,1,0,Medium
2022,1,Wednesday,13,Balochistan,Chaman,Provincial Highway,Poor,Clear,Daylight,Motorcycle,1,Over Speeding,1,0,0,1,11,2,High
2020,10,Tuesday,7,Sindh,Thatta,Rural Road,Good,Foggy,Daylight,Rickshaw,2,Signal Violation,1,0,0,0,4,1,Medium
2023,1,Saturday,20,Punjab,Gujranwala,National Highway,Good,Dusty/Smoggy,Street Light,Rickshaw,3,Road Condition,1,1,0,1,2,0,Medium
2019,12,Saturday,17,Punjab,Sialkot,National Highway,Average,Foggy,Daylight,Motorcycle,2,Signal Violation,1,1,0,1,7,1,High
2018,3,Tuesday,5,Sindh,Mirpur Khas,National Highway,Good,Clear,No Light,Truck/Lorry,1,Signal Violation,0,0,1,0,3,0,Medium
2023,11,Sunday,11,Sindh,Thatta,National Highway,Average,Clear,Daylight,Motorcycle,3,Drunk Driving,0,1,0,1,4,3,High
2022,7,Wednesday,21,Sindh,Nawabshah,Provincial Highway,Good,Rainy,No Light,Motorcycle,2,Over Speeding,0,0,0,0,3,1,High
2019,12,Saturday,13,Sindh,Nawabshah,Rural Road,Good,Foggy,Daylight,Motorcycle,1,Road Condition,1,1,0,1,3,1,Medium
2021,6,Friday,10,Punjab,Sargodha,National Highway,Poor,Clear,Daylight,Car/Taxi,3,Over Speeding,0,0,0,0,3,0,Medium
2019,10,Thursday,20,Punjab,Faisalabad,Provincial Highway,Good,Clear,Street Light,Car/Taxi,1,Signal Violation,1,0,0,0,2,0,Low
2018,1,Saturday,15,Balochistan,Sibi,Urban Road,Poor,Foggy,Daylight,Bus/Coach,2,Mechanical Failure,0,1,0,1,1,0,Low
2018,6,Friday,15,KPK,Abbottabad,Urban Road,Average,Clear,Street Light,Truck/Lorry,3,Wrong Overtaking,0,0,0,0,4,0,Medium
2018,12,Tuesday,21,Sindh,Dadu,National Highway,Good,Clear,Street Light,Motorcycle,2,Over Speeding,0,0,0,1,2,0,High
2023,12,Monday,18,Punjab,Rahim Yar Khan,National Highway,Poor,Clear,Daylight,Car/Taxi,2,Pedestrian Error,1,0,0,1,5,0,Medium
2019,11,Friday,10,Punjab,Gujranwala,Urban Road,Good,Clear,Daylight,Bus/Coach,3,Signal Violation,0,0,0,1,2,1,Medium
2019,1,Wednesday,9,Punjab,Lahore,National Highway,Good,Clear,Daylight,Motorcycle,1,Wrong Overtaking,1,0,0,1,1,0,Medium
2023,1,Sunday,7,Punjab,Rahim Yar Khan,National Highway,Average,Clear,Daylight,Motorcycle,1,Weather Condition,1,1,0,1,1,0,Medium
2020,12,Sunday,12,Sindh,Larkana,Rural Road,Good,Clear,Daylight,Van/Pickup,2,Over Speeding,1,1,0,1,2,0,Low
2020,12,Sunday,8,KPK,Mansehra,National Highway,Good,Clear,Daylight,Motorcycle,2,Over Speeding,1,1,0,1,2,1,High
2019,8,Sunday,18,Punjab,Rawalpindi,National Highway,Poor,Dusty/Smoggy,Daylight,Bicycle,3,Road Condition,1,1,0,0,4,2,Medium
2023,11,Monday,7,Balochistan,Zhob,Urban Road,Good,Clear,Daylight,Motorcycle,1,Over Speeding,1,0,0,1,5,0,Medium
2019,7,Friday,16,KPK,Peshawar,National Highway,Poor,Clear,Daylight,Motorcycle,1,Drunk Driving,0,0,0,0,5,0,High
2022,1,Friday,17,Punjab,Rahim Yar Khan,Rural Road,Poor,Extreme Heat,Street Light,Motorcycle,2,Wrong Overtaking,1,0,0,1,5,0,Medium
2022,6,Sunday,13,Sindh,Kashmore,Rural Road,Average,Clear,Daylight,Motorcycle,2,Signal Violation,1,1,0,0,1,0,Low
2021,11,Wednesday,16,Punjab,Sheikhupura,Provincial Highway,Good,Extreme Heat,Dawn/Dusk,Car/Taxi,2,Wrong Overtaking,0,0,0,1,1,0,Low
2019,10,Saturday,17,Sindh,Dadu,Rural Road,Poor,Foggy,Daylight,Motorcycle,4,Wrong Overtaking,1,1,0,0,4,1,Medium
2022,7,Sunday,18,Punjab,Multan,National Highway,Under Repair,Clear,Daylight,Car/Taxi,4,Over Speeding,1,1,0,0,6,2,High
2019,6,Saturday,4,Punjab,Faisalabad,National Highway,Good,Foggy,Street Light,Motorcycle,2,Mechanical Failure,0,1,1,0,3,0,High
2022,4,Monday,12,Sindh,Thatta,National Highway,Average,Clear,Dawn/Dusk,Motorcycle,3,Mechanical Failure,1,0,0,0,3,0,Medium
2023,11,Saturday,6,Punjab,Sargodha,National Highway,Poor,Clear,Daylight,Motorcycle,2,Over Speeding,0,1,0,1,9,1,High
2020,9,Tuesday,10,Punjab,Lahore,Urban Road,Good,Clear,Daylight,Car/Taxi,4,Over Speeding,0,0,0,0,2,1,Medium
2023,6,Saturday,6,Punjab,Sialkot,Motorway,Good,Clear,No Light,Truck/Lorry,4,Over Speeding,0,1,0,0,11,1,High
2022,7,Sunday,19,Sindh,Kashmore,National Highway,Average,Clear,Dawn/Dusk,Motorcycle,1,Wrong Overtaking,1,1,0,0,10,0,High
2022,8,Thursday,19,Balochistan,Hub,Rural Road,Average,Clear,Street Light,Car/Taxi,2,Over Speeding,1,0,0,0,5,0,Medium
2023,9,Tuesday,23,Punjab,Faisalabad,Urban Road,Good,Dusty/Smoggy,No Light,Car/Taxi,3,Over Speeding,0,0,1,0,2,0,Medium
2023,1,Monday,6,Punjab,Gujranwala,Provincial Highway,Average,Foggy,Daylight,Motorcycle,2,Over Speeding,0,0,0,1,10,0,High
2021,8,Friday,3,Sindh,Nawabshah,Urban Road,Poor,Rainy,Street Light,Car/Taxi,2,Wrong Overtaking,0,0,1,0,3,0,Medium
2023,11,Saturday,1,Punjab,Rahim Yar Khan,Provincial Highway,Average,Extreme Heat,Street Light,Van/Pickup,3,Road Condition,0,1,1,1,0,0,Low
2023,12,Monday,20,Sindh,Nawabshah,National Highway,Good,Extreme Heat,Street Light,Car/Taxi,4,Wrong Overtaking,1,0,0,1,1,2,Medium
2018,1,Friday,9,Punjab,Faisalabad,National Highway,Poor,Clear,Dawn/Dusk,Rickshaw,2,Over Speeding,1,0,0,1,11,3,High
2023,12,Friday,14,KPK,Peshawar,Urban Road,Poor,Clear,Street Light,Rickshaw,1,Drunk Driving,0,0,0,1,0,0,Low
2023,9,Monday,18,Sindh,Larkana,National Highway,Under Repair,Foggy,Daylight,Motorcycle,1,Signal Violation,1,0,0,0,6,1,High
2023,12,Sunday,11,Punjab,Multan,Rural Road,Poor,Clear,Daylight,Car/Taxi,2,Over Speeding,0,1,0,1,0,0,Low
2021,10,Saturday,8,Sindh,Dadu,Urban Road,Good,Foggy,Daylight,Truck/Lorry,3,Signal Violation,1,1,0,0,3,0,Medium
2021,2,Sunday,9,Sindh,Karachi,Urban Road,Poor,Clear,Daylight,Motorcycle,2,Road Condition,1,1,0,1,5,1,Medium
2021,9,Friday,17,Punjab,Rahim Yar Khan,Urban Road,Average,Clear,Daylight,Motorcycle,2,Over Speeding,1,0,0,0,1,2,Medium
2020,11,Thursday,9,Punjab,Lahore,Urban Road,Good,Rainy,Daylight,Motorcycle,1,Over Speeding,1,0,0,1,3,1,High
2022,1,Sunday,14,Punjab,Bahawalpur,Rural Road,Average,Clear,Dawn/Dusk,Motorcycle,1,Pedestrian Error,0,1,0,1,1,0,Low
2018,1,Wednesday,13,Punjab,Gujranwala,Provincial Highway,Under Repair,Clear,Dawn/Dusk,Motorcycle,2,Pedestrian Error,1,0,0,1,5,0,Medium
2019,8,Thursday,21,Punjab,Sheikhupura,Urban Road,Average,Clear,No Light,Car/Taxi,1,Weather Condition,0,0,0,0,1,0,Low
2023,7,Thursday,5,Sindh,Nawabshah,National Highway,Poor,Foggy,Daylight,Car/Taxi,2,Over Speeding,0,0,1,0,5,2,High
2022,6,Monday,8,KPK,Dera Ismail Khan,Urban Road,Good,Clear,Daylight,Car/Taxi,2,Signal Violation,1,0,0,0,2,0,Low
2022,9,Friday,16,Balochistan,Khuzdar,Provincial Highway,Poor,Clear,Daylight,Motorcycle,1,Wrong Overtaking,0,0,0,0,8,1,High
2018,8,Friday,1,Sindh,Karachi,Rural Road,Average,Rainy,Street Light,Motorcycle,2,Driver Fatigue,0,0,1,0,8,1,High
2023,3,Sunday,5,KPK,Dera Ismail Khan,Provincial Highway,Poor,Rainy,Daylight,Bus/Coach,2,Over Speeding,0,1,1,0,11,0,High
2019,9,Wednesday,5,Sindh,Nawabshah,Rural Road,Good,Clear,Dawn/Dusk,Car/Taxi,3,Driver Fatigue,0,0,1,0,1,0,Medium
2020,6,Monday,19,AJK,Rawalakot,Provincial Highway,Average,Clear,Dawn/Dusk,Car/Taxi,1,Over Speeding,1,0,0,0,5,0,Medium
2019,11,Wednesday,6,Punjab,Rawalpindi,Rural Road,Average,Clear,Street Light,Car/Taxi,3,Mechanical Failure,0,0,0,1,0,0,Low
2023,12,Tuesday,7,Punjab,Multan,Motorway,Average,Rainy,Dawn/Dusk,Rickshaw,3,Over Speeding,1,0,0,1,6,1,High
2023,12,Friday,13,Punjab,Rawalpindi,Motorway,Average,Clear,Daylight,Car/Taxi,1,Driver Fatigue,1,0,0,1,7,2,High
2022,10,Monday,17,Sindh,Jacobabad,Provincial Highway,Good,Dusty/Smoggy,Street Light,Motorcycle,4,Signal Violation,1,0,0,0,4,0,Medium
2023,4,Friday,20,Punjab,Sheikhupura,Motorway,Under Repair,Clear,Street Light,Car/Taxi,3,Signal Violation,1,0,0,0,1,1,Medium
2021,4,Monday,8,Punjab,Gujranwala,Rural Road,Good,Clear,Daylight,Rickshaw,1,Over Speeding,1,0,0,0,1,0,Low
2023,12,Monday,10,Sindh,Nawabshah,National Highway,Good,Extreme Heat,Dawn/Dusk,Bus/Coach,2,Over Speeding,0,0,0,1,1,0,Medium
2022,12,Thursday,1,Islamabad,Islamabad,Provincial Highway,Under Repair,Foggy,No Light,Truck/Lorry,3,Mobile Phone Use,0,0,1,1,10,2,High
2023,7,Saturday,8,Islamabad,Islamabad,National Highway,Poor,Clear,Dawn/Dusk,Car/Taxi,1,Signal Violation,1,1,0,0,0,0,Low
2020,7,Wednesday,10,KPK,Kohat,National Highway,Good,Clear,Daylight,Bus/Coach,2,Drunk Driving,0,0,0,0,5,0,Medium
2018,8,Thursday,7,Punjab,Rawalpindi,Rural Road,Good,Clear,Dawn/Dusk,Car/Taxi,2,Over Speeding,1,0,0,0,2,0,Low
2021,5,Friday,18,Balochistan,Khuzdar,Provincial Highway,Average,Foggy,Daylight,Motorcycle,2,Pedestrian Error,1,0,0,0,5,0,Medium
2020,1,Friday,18,Balochistan,Gwadar,Urban Road,Good,Extreme Heat,Daylight,Bus/Coach,3,Signal Violation,1,0,0,1,0,0,Low
2022,2,Tuesday,19,Balochistan,Hub,Provincial Highway,Average,Clear,Dawn/Dusk,Motorcycle,4,Pedestrian Error,1,0,0,1,4,0,Medium
2020,4,Wednesday,7,Sindh,Jacobabad,Rural Road,Average,Dusty/Smoggy,Dawn/Dusk,Car/Taxi,2,Mechanical Failure,1,0,0,0,0,0,Low
2021,4,Sunday,18,Punjab,Sheikhupura,National Highway,Average,Foggy,Daylight,Motorcycle,2,Drunk Driving,1,1,0,0,2,2,High
2022,11,Saturday,20,Punjab,Gujranwala,Provincial Highway,Good,Rainy,Street Light,Motorcycle,2,Mechanical Failure,1,1,0,1,8,1,High
2018,12,Saturday,12,Balochistan,Turbat,National Highway,Average,Dusty/Smoggy,Daylight,Motorcycle,2,Road Condition,1,1,0,1,5,0,Medium
2023,10,Tuesday,20,Punjab,Sheikhupura,Urban Road,Good,Clear,Street Light,Car/Taxi,2,Pedestrian Error,1,0,0,0,1,0,Low
2023,8,Monday,16,Punjab,Gujranwala,Rural Road,Average,Dusty/Smoggy,No Light,Motorcycle,2,Pedestrian Error,0,0,0,0,1,0,Low
2021,9,Wednesday,16,Sindh,Nawabshah,Provincial Highway,Good,Clear,Daylight,Van/Pickup,2,Driver Fatigue,0,0,0,0,4,0,Medium
2022,9,Wednesday,22,Punjab,Sheikhupura,Rural Road,Good,Clear,Street Light,Car/Taxi,2,Signal Violation,0,0,1,0,0,0,Low
2020,2,Thursday,19,Balochistan,Gwadar,National Highway,Good,Clear,Street Light,Rickshaw,2,Wrong Overtaking,1,0,0,1,2,0,Low
2020,3,Thursday,17,Punjab,Rawalpindi,Provincial Highway,Poor,Clear,Daylight,Motorcycle,1,Over Speeding,1,0,0,0,1,1,Medium
2021,5,Tuesday,19,Punjab,Multan,National Highway,Average,Clear,No Light,Car/Taxi,1,Over Speeding,1,0,0,0,9,0,High
2021,3,Tuesday,8,Gilgit-Baltistan,Hunza,Urban Road,Average,Clear,Dawn/Dusk,Motorcycle,3,Pedestrian Error,1,0,0,0,2,0,Low