year,month,day_of_week,hour_of_day,province,district,road_type,road_condition,weather_condition,lighting_condition,vehicle_type,vehicles_involved,accident_cause,is_rush_hour,is_weekend,is_night,is_foggy_month,num_injured,num_killed,severity
2023,11,Tuesday,11,Punjab,Sargodha,Urban Road,Good,Foggy,Daylight,Rickshaw,1,Road Condition,0,0,0,1,2,0,Low
2020,7,Wednesday,18,Balochistan,Quetta,Provincial Highway,Poor,Foggy,Daylight,Car/Taxi,3,Over Speeding,1,0,0,0,3,2,High
2022,10,Thursday,18,Sindh,Hyderabad,Provincial Highway,Poor,Clear,Daylight,Motorcycle,2,Over Speeding,1,0,0,0,7,2,High
2020,5,Friday,12,KPK,Abbottabad,Rural Road,Under Repair,Clear,Daylight,Car/Taxi,2,Road Condition,1,0,0,0,0,0,Low
2022,12,Sunday,8,Punjab,Lahore,Provincial Highway,Average,Extreme Heat,Daylight,Rickshaw,1,Wrong Overtaking,1,1,0,1,0,0,Low
2018,5,Thursday,12,Sindh,Dadu,Provincial Highway,Under Repair,Clear,Daylight,Van/Pickup,1,Drunk Driving,1,0,0,0,0,0,Low
2021,6,Saturday,21,Punjab,Sheikhupura,Rural Road,Average,Rainy,No Light,Bus/Coach,2,Mechanical Failure,0,1,0,0,4,0,Medium
2018,8,Thursday,8,Islamabad,Islamabad,Urban Road,Average,Clear,Daylight,Motorcycle,1,Wrong Overtaking,1,0,0,0,2,1,Medium
2022,5,Friday,9,Punjab,Gujranwala,National Highway,Poor,Clear,Dawn/Dusk,Car/Taxi,2,Road Condition,1,0,0,0,2,0,Low
2019,2,Wednesday,19,Punjab,Multan,National Highway,Good,Dusty/Smoggy,Daylight,Motorcycle,3,Pedestrian Error,1,0,0,1,3,1,Medium
2023,4,Monday,20,Balochistan,Khuzdar,National Highway,Under Repair,Foggy,Street Light,Bus/Coach,1,Wrong Overtaking,1,0,0,0,2,0,Medium
2018,4,Monday,8,Sindh,Dadu,Provincial Highway,Good,Clear,Dawn/Dusk,Motorcycle,2,Pedestrian Error,1,0,0,0,3,1,Medium
2023,12,Sunday,6,Sindh,Hyderabad,National Highway,Good,Foggy,Dawn/Dusk,Car/Taxi,2,Over Speeding,0,1,0,1,10,1,High
2022,10,Friday,18,Sindh,Thatta,National Highway,Good,Clear,Daylight,Motorcycle,2,Over Speeding,1,0,0,0,9,4,High
2022,2,Thursday,4,Punjab,Sargodha,National Highway,Good,Rainy,Street Light,Truck/Lorry,4,Mechanical Failure,0,0,1,1,11,3,High
2020,2,Sunday,10,Punjab,Faisalabad,Provincial Highway,Under Repair,Foggy,Daylight,Car/Taxi,2,Mechanical Failure,0,1,0,1,0,0,Low
2021,12,Sunday,13,Islamabad,Islamabad,National Highway,Under Repair,Foggy,Daylight,Motorcycle,2,Wrong Overtaking,1,1,0,1,11,1,High
2022,8,Saturday,12,Punjab,Rawalpindi,Provincial Highway,Good,Rainy,Daylight,Car/Taxi,2,Over Speeding,1,1,0,0,3,0,Medium
2019,1,Saturday,12,Punjab,Faisalabad,National Highway,Average,Rainy,Daylight,Rickshaw,2,Over Speeding,1,1,0,1,7,2,High
2018,1,Monday,6,KPK,Abbottabad,Rural Road,Good,Extreme Heat,Daylight,Motorcycle,1,Wrong Overtaking,0,0,0,1,1,0,Medium
2018,2,Wednesday,18,Punjab,Multan,Provincial Highway,Good,Foggy,Daylight,Motorcycle,1,Over Speeding,1,0,0,1,8,3,High
2022,9,Thursday,20,KPK,Kohat,Rural Road,Average,Clear,No Light,Bus/Coach,1,Road Condition,1,0,0,0,0,0,Low
2018,10,Tuesday,11,Sindh,Hyderabad,National Highway,Average,Foggy,Street Light,Motorcycle,2,Pedestrian Error,0,0,0,0,5,2,High
2021,12,Friday,22,Balochistan,Loralai,Motorway,Average,Rainy,Street Light,Truck/Lorry,1,Signal Violation,0,0,1,1,9,4,High
2023,3,Sunday,17,Punjab,Multan,Provincial Highway,Good,Clear,Dawn/Dusk,Rickshaw,3,Signal Violation,1,1,0,0,0,0,Low
2021,5,Friday,5,Punjab,Lahore,Urban Road,Average,Foggy,No Light,Motorcycle,2,Over Speeding,0,0,1,0,2,0,High
2023,2,Sunday,18,KPK,Swat,Rural Road,Poor,Clear,No Light,Bicycle,4,Mechanical Failure,1,1,0,1,2,0,Low
2020,8,Thursday,21,Punjab,Sheikhupura,National Highway,Good,Clear,Street Light,Motorcycle,1,Over Speeding,0,0,0,0,7,0,High
2023,5,Thursday,14,Punjab,Gujranwala,Provincial Highway,Good,Extreme Heat,Street Light,Car/Taxi,2,Wrong Overtaking,0,0,0,0,1,0,Low
2023,4,Saturday,15,KPK,Mardan,Urban Road,Average,Clear,Daylight,Motorcycle,2,Over Speeding,0,1,0,0,1,1,Medium
2018,12,Tuesday,15,Sindh,Nawabshah,National Highway,Good,Clear,No Light,Motorcycle,2,Wrong Overtaking,0,0,0,1,5,1,High
2022,4,Thursday,6,Sindh,Jacobabad,Urban Road,Average,Clear,Daylight,Motorcycle,1,Wrong Overtaking,0,0,0,0,5,2,Medium
2019,1,Friday,20,Punjab,Faisalabad,Rural Road,Good,Clear,No Light,Motorcycle,2,Mobile Phone Use,1,0,0,1,1,0,Low
2020,7,Thursday,16,KPK,Dera Ismail Khan,Urban Road,Good,Clear,Daylight,Van/Pickup,4,Wrong Overtaking,0,0,0,0,2,0,Low
2022,7,Saturday,19,Punjab,Faisalabad,Provincial Highway,Average,Clear,Daylight,Car/Taxi,2,Over Speeding,1,1,0,0,2,0,Medium
2019,5,Saturday,15,Islamabad,Islamabad,Urban Road,Good,Clear,Daylight,Motorcycle,1,Pedestrian Error,0,1,0,0,1,0,Low
2019,2,Friday,7,Punjab,Rahim Yar Khan,Rural Road,Average,Clear,Street Light,Motorcycle,2,Drunk Driving,1,0,0,1,5,0,Medium
2023,8,Sunday,19,KPK,Abbottabad,National Highway,Good,Clear,Street Light,Motorcycle,3,Drunk Driving,1,1,0,0,6,0,High
2020,6,Thursday,10,Sindh,Kashmore,Rural Road,Average,Clear,Daylight,Van/Pickup,3,Mechanical Failure,0,0,0,0,0,0,Low
2021,5,Thursday,0,Punjab,Multan,Urban Road,Good,Clear,No Light,Car/Taxi,4,Over Speeding,0,0,1,0,5,0,Medium
2023,12,Friday,14,Punjab,Gujranwala,Provincial Highway,Poor,Rainy,Daylight,Motorcycle,1,Road Condition,0,0,0,1,2,2,High
2021,7,Sunday,3,Punjab,Rawalpindi,Motorway,Average,Rainy,No Light,Car/Taxi,2,Mechanical Failure,0,1,1,0,1,0,Medium
2022,7,Thursday,8,Punjab,Multan,National Highway,Good,Clear,No Light,Car/Taxi,3,Over Speeding,1,0,0,0,5,0,High
2021,9,Thursday,12,Punjab,Sargodha,Provincial Highway,Average,Clear,Dawn/Dusk,Motorcycle,2,Mechanical Failure,1,0,0,0,4,2,Medium
2023,1,Monday,8,Balochistan,Zhob,Urban Road,Average,Clear,Daylight,Car/Taxi,2,Signal Violation,1,0,0,1,2,0,Low
2023,6,Saturday,18,Punjab,Faisalabad,National Highway,Good,Clear,Daylight,Bus/Coach,2,Wrong Overtaking,1,1,0,0,4,0,Medium
2021,6,Saturday,8,AJK,Rawalakot,Rural Road,Under Repair,Clear,Daylight,Motorcycle,3,Over Speeding,1,1,0,0,4,0,Medium
2021,6,Thursday,23,Punjab,Sargodha,Provincial Highway,Average,Clear,No Light,Car/Taxi,4,Drunk Driving,0,0,1,0,1,0,Medium
2023,1,Friday,11,Sindh,Hyderabad,National Highway,Average,Clear,Daylight,Motorcycle,3,Over Speeding,0,0,0,1,6,1,High
2023,5,Sunday,15,Balochistan,Khuzdar,Provincial Highway,Good,Clear,Daylight,Motorcycle,1,Signal Violation,0,1,0,0,6,2,High
2020,2,Sunday,6,Islamabad,Islamabad,National Highway,Poor,Clear,Daylight,Car/Taxi,2,Pedestrian Error,0,1,0,1,2,0,Low
2023,10,Friday,11,Punjab,Lahore,National Highway,Under Repair,Foggy,Daylight,Motorcycle,1,Mechanical Failure,0,0,0,0,10,1,High
2018,3,Thursday,23,KPK,Mansehra,National Highway,Under Repair,Clear,Street Light,Car/Taxi,2,Signal Violation,0,0,1,0,2,2,High
2019,1,Wednesday,9,Punjab,Rahim Yar Khan,National Highway,Average,Rainy,Daylight,Motorcycle,2,Over Speeding,1,0,0,1,4,1,High
2023,1,Wednesday,12,Punjab,Multan,Urban Road,Poor,Clear,Daylight,Motorcycle,1,Drunk Driving,1,0,0,1,2,3,High
2020,12,Monday,13,KPK,Bannu,National Highway,Under Repair,Clear,Daylight,Car/Taxi,3,Over Speeding,1,0,0,1,3,2,Medium
2020,1,Saturday,11,Punjab,Multan,Urban Road,Average,Clear,Daylight,Car/Taxi,2,Over Speeding,0,1,0,1,0,0,Low
2023,1,Saturday,10,Punjab,Rahim Yar Khan,National Highway,Average,Clear,Daylight,Car/Taxi,4,Pedestrian Error,0,1,0,1,4,1,Medium
2022,11,Wednesday,13,Punjab,Sialkot,Provincial Highway,Good,Clear,Daylight,Bus/Coach,3,Pedestrian Error,1,0,0,1,2,0,Low
2023,5,Thursday,14,Punjab,Bahawalpur,Provincial Highway,Average,Clear,Daylight,Bus/Coach,3,Signal Violation,0,0,0,0,3,0,Medium
2021,7,Sunday,21,Punjab,Gujranwala,Provincial Highway,Good,Clear,No Light,Van/Pickup,2,Pedestrian Error,0,1,0,0,1,0,Low
2018,11,Wednesday,13,Balochistan,Khuzdar,Urban Road,Average,Clear,Daylight,Motorcycle,2,Mechanical Failure,1,0,0,1,1,0,Low
2018,6,Saturday,3,Punjab,Sheikhupura,National Highway,Good,Clear,No Light,Car/Taxi,2,Wrong Overtaking,0,1,1,0,9,0,High
2020,9,Monday,15,KPK,Abbottabad,National Highway,Under Repair,Clear,Daylight,Motorcycle,2,Road Condition,0,0,0,0,4,0,Medium
2018,6,Wednesday,21,KPK,Bannu,Rural Road,Average,Clear,No Light,Van/Pickup,2,Mechanical Failure,0,0,0,0,0,0,Low
2023,9,Wednesday,22,Sindh,Hyderabad,National Highway,Average,Clear,No Light,Motorcycle,2,Over Speeding,0,0,1,0,7,0,High
2019,5,Saturday,17,KPK,Charsadda,Provincial Highway,Average,Rainy,No Light,Motorcycle,2,Over Speeding,1,1,0,0,9,2,High
2019,6,Sunday,21,Sindh,Nawabshah,Provincial Highway,Average,Clear,No Light,Motorcycle,3,Road Condition,0,1,0,0,4,1,Medium
2023,6,Saturday,19,Sindh,Dadu,National Highway,Poor,Clear,No Light,Car/Taxi,2,Mechanical Failure,1,1,0,0,3,1,Medium
2022,1,Sunday,14,Punjab,Gujranwala,Provincial Highway,Good,Dusty/Smoggy,Dawn/Dusk,Car/Taxi,3,Mobile Phone Use,0,1,0,1,0,0,Low
2020,12,Thursday,19,Islamabad,Islamabad,Provincial Highway,Average,Clear,Dawn/Dusk,Motorcycle,3,Road Condition,1,0,0,1,1,0,Medium
2023,11,Thursday,5,AJK,Mirpur,Rural Road,Poor,Dusty/Smoggy,Street Light,Car/Taxi,1,Wrong Overtaking,0,0,1,1,4,0,Medium
2018,8,Thursday,22,Sindh,Larkana,National Highway,Average,Dusty/Smoggy,Street Light,Van/Pickup,3,Mechanical Failure,0,0,1,0,5,0,Medium
2021,3,Sunday,13,Punjab,Faisalabad,Urban Road,Poor,Rainy,Street Light,Car/Taxi,2,Signal Violation,1,1,0,0,0,0,Low
2023,6,Tuesday,8,Sindh,Karachi,Urban Road,Good,Rainy,Daylight,Motorcycle,3,Signal Violation,1,0,0,0,5,0,Medium
2022,3,Friday,16,Sindh,Larkana,Rural Road,Poor,Foggy,Street Light,Bus/Coach,4,Wrong Overtaking,0,0,0,0,1,0,Low
2021,6,Friday,22,KPK,Charsadda,National Highway,Under Repair,Extreme Heat,No Light,Motorcycle,1,Drunk Driving,0,0,1,0,9,0,High
2022,9,Friday,6,KPK,Dera Ismail Khan,Provincial Highway,Under Repair,Clear,Daylight,Van/Pickup,4,Wrong Overtaking,0,0,0,0,2,1,Medium
2023,8,Thursday,8,Sindh,Dadu,Urban Road,Average,Foggy,Daylight,Rickshaw,3,Signal Violation,1,0,0,0,2,0,Low
2020,10,Saturday,23,KPK,Peshawar,National Highway,Poor,Clear,No Light,Other,1,Signal Violation,0,1,1,0,11,2,High
2019,5,Friday,14,Punjab,Faisalabad,National Highway,Good,Clear,Street Light,Car/Taxi,1,Driver Fatigue,0,0,0,0,10,2,High
2021,11,Monday,13,KPK,Abbottabad,Urban Road,Poor,Clear,Daylight,Rickshaw,2,Drunk Driving,1,0,0,1,1,0,Medium
2021,2,Monday,17,Punjab,Bahawalpur,Urban Road,Good,Clear,No Light,Motorcycle,3,Road Condition,1,0,0,1,3,0,Medium
2022,8,Friday,13,Sindh,Dadu,National Highway,Average,Foggy,Daylight,Motorcycle,3,Wrong Overtaking,1,0,0,0,11,2,High
2021,11,Friday,22,Punjab,Rawalpindi,Provincial Highway,Average,Foggy,Street Light,Rickshaw,1,Signal Violation,0,0,1,1,6,1,High
2022,11,Saturday,10,Punjab,Multan,National Highway,Good,Foggy,Daylight,Rickshaw,2,Over Speeding,0,1,0,1,3,0,Medium
2021,4,Friday,5,Punjab,Bahawalpur,National Highway,Average,Clear,Street Light,Motorcycle,1,Over Speeding,0,0,1,0,3,2,High
2021,2,Friday,11,Balochistan,Khuzdar,Rural Road,Good,Foggy,Daylight,Motorcycle,3,Drunk Driving,0,0,0,1,4,0,Medium
2019,5,Tuesday,17,Sindh,Nawabshah,National Highway,Under Repair,Clear,Daylight,Bicycle,2,Wrong Overtaking,1,0,0,0,4,1,Medium
2021,10,Friday,18,Punjab,Lahore,National Highway,Good,Clear,Daylight,Rickshaw,3,Wrong Overtaking,1,0,0,0,4,0,Medium
2020,11,Sunday,3,KPK,Nowshera,Urban Road,Good,Clear,No Light,Car/Taxi,1,Over Speeding,0,1,1,1,1,0,Medium
2020,6,Sunday,9,Sindh,Mirpur Khas,National Highway,Good,Clear,Daylight,Van/Pickup,2,Over Speeding,1,1,0,0,3,2,Medium
2018,5,Wednesday,19,Sindh,Larkana,Provincial Highway,Poor,Clear,Dawn/Dusk,Car/Taxi,2,Over Speeding,1,0,0,0,0,0,Low
2018,6,Sunday,13,Sindh,Thatta,National Highway,Good,Clear,Daylight,Motorcycle,3,Over Speeding,1,1,0,0,9,2,High
2022,5,Tuesday,21,Punjab,Bahawalpur,Urban Road,Good,Dusty/Smoggy,No Light,Car/Taxi,3,Pedestrian Error,0,0,0,0,0,0,Low
2020,5,Thursday,14,Punjab,Sargodha,Provincial Highway,Good,Clear,Daylight,Bicycle,3,Over Speeding,0,0,0,0,10,2,High
2021,1,Thursday,10,Punjab,Lahore,Motorway,Poor,Clear,Dawn/Dusk,Motorcycle,1,Over Speeding,0,0,0,1,8,2,High
2022,7,Sunday,9,KPK,Dera Ismail Khan,Urban Road,Good,Clear,Daylight,Rickshaw,2,Wrong Overtaking,1,1,0,0,0,0,Low
2022,6,Wednesday,8,Punjab,Sialkot,Motorway,Poor,Clear,Daylight,Motorcycle,2,Wrong Overtaking,1,0,0,0,2,2,Medium
2022,11,Tuesday,8,Sindh,Sukkur,Rural Road,Poor,Extreme Heat,Daylight,Motorcycle,3,Pedestrian Error,1,0,0,1,0,0,Low
2023,12,Tuesday,20,Punjab,Bahawalpur,Motorway,Good,Foggy,Street Light,Motorcycle,2,Mechanical Failure,1,0,0,1,4,1,High
2018,7,Sunday,13,Punjab,Rahim Yar Khan,Rural Road,Good,Clear,Daylight,Motorcycle,2,Mechanical Failure,1,1,0,0,1,1,Low
2021,11,Tuesday,10,Islamabad,Islamabad,Motorway,Good,Rainy,Daylight,Rickshaw,3,Signal Violation,0,0,0,1,4,1,Medium
2019,7,Saturday,18,Islamabad,Islamabad,Urban Road,Good,Dusty/Smoggy,Street Light,Car/Taxi,2,Mechanical Failure,1,1,0,0,1,0,Low
2018,1,Saturday,3,Punjab,Rawalpindi,National Highway,Under Repair,Foggy,Street Light,Motorcycle,2,Over Speeding,0,1,1,1,9,1,High
2022,4,Saturday,18,KPK,Charsadda,Rural Road,Good,Foggy,Daylight,Motorcycle,1,Road Condition,1,1,0,0,1,1,Medium
2021,8,Monday,14,Sindh,Mirpur Khas,Provincial Highway,Poor,Clear,Daylight,Rickshaw,1,Over Speeding,0,0,0,0,1,0,Low
2022,1,Saturday,17,KPK,Kohat,Provincial Highway,Good,Dusty/Smoggy,Daylight,Car/Taxi,2,Signal Violation,1,1,0,1,4,2,Medium
2018,2,Saturday,9,Punjab,Bahawalpur,Provincial Highway,Average,Clear,Daylight,Car/Taxi,3,Over Speeding,1,1,0,1,1,1,Low
2020,1,Monday,14,Punjab,Rawalpindi,National Highway,Average,Foggy,Dawn/Dusk,Rickshaw,2,Signal Violation,0,0,0,1,4,2,High
2019,7,Friday,18,Balochistan,Gwadar,National Highway,Good,Foggy,Street Light,Bicycle,3,Signal Violation,1,0,0,0,4,1,High
2020,7,Saturday,10,Balochistan,Quetta,Urban Road,Good,Rainy,Daylight,Bus/Coach,1,Wrong Overtaking,0,1,0,0,2,0,Medium
2019,6,Tuesday,12,Sindh,Dadu,Rural Road,Under Repair,Clear,Street Light,Bus/Coach,3,Road Condition,1,0,0,0,0,0,Low
2020,10,Sunday,9,Balochistan,Khuzdar,National Highway,Under Repair,Clear,Daylight,Car/Taxi,2,Mechanical Failure,1,1,0,0,0,0,Low
2023,2,Sunday,19,KPK,Charsadda,Urban Road,Good,Rainy,Street Light,Car/Taxi,3,Drunk Driving,1,1,0,1,3,1,Medium
2023,5,Tuesday,23,Punjab,Lahore,National Highway,Under Repair,Clear,No Light,Car/Taxi,3,Wrong Overtaking,0,0,1,0,1,1,Medium
2020,8,Friday,14,Punjab,Lahore,Provincial Highway,Good,Clear,Daylight,Car/Taxi,1,Drunk Driving,0,0,0,0,2,0,Low
2020,3,Friday,7,Punjab,Sialkot,National Highway,Average,Clear,Daylight,Car/Taxi,4,Over Speeding,1,0,0,0,5,0,Medium
2023,10,Sunday,7,KPK,Mansehra,Urban Road,Average,Clear,Daylight,Motorcycle,2,Mobile Phone Use,1,1,0,0,1,0,Low
2020,6,Wednesday,14,AJK,Rawalakot,Rural Road,Good,Clear,Daylight,Truck/Lorry,2,Pedestrian Error,0,0,0,0,0,0,Low
2020,5,Thursday,8,Sindh,Karachi,Provincial Highway,Average,Clear,Street Light,Motorcycle,3,Over Speeding,1,0,0,0,10,0,High
2022,1,Monday,11,Sindh,Sukkur,Rural Road,Good,Dusty/Smoggy,Daylight,Car/Taxi,3,Over Speeding,0,0,0,1,2,0,Low
2022,12,Saturday,15,KPK,Swat,Urban Road,Good,Clear,Street Light,Motorcycle,3,Over Speeding,0,1,0,1,3,0,Medium
2021,12,Tuesday,6,Punjab,Sheikhupura,Urban Road,Average,Rainy,Daylight,Motorcycle,1,Over Speeding,0,0,0,1,9,1,High
2018,1,Friday,15,Punjab,Bahawalpur,Provincial Highway,Good,Extreme Heat,Daylight,Rickshaw,1,Mechanical Failure,0,0,0,1,2,0,Low
2020,2,Wednesday,8,Punjab,Multan,Provincial Highway,Poor,Dusty/Smoggy,Daylight,Motorcycle,3,Wrong Overtaking,1,0,0,1,2,0,Medium
2022,11,Friday,3,Sindh,Kashmore,National Highway,Under Repair,Dusty/Smoggy,Street Light,Car/Taxi,2,Over Speeding,0,0,1,1,5,1,Medium
2022,9,Tuesday,15,Balochistan,Loralai,Urban Road,Average,Rainy,Daylight,Motorcycle,1,Signal Violation,0,0,0,0,5,0,Medium
2023,10,Friday,7,Punjab,Sheikhupura,Motorway,Average,Clear,Daylight,Motorcycle,1,Driver Fatigue,1,0,0,0,4,1,High
2021,5,Sunday,4,Sindh,Kashmore,Provincial Highway,Good,Clear,Street Light,Motorcycle,3,Pedestrian Error,0,1,1,0,4,1,Medium
2018,7,Tuesday,6,KPK,Dera Ismail Khan,Provincial Highway,Under Repair,Clear,Daylight,Truck/Lorry,1,Over Speeding,0,0,0,0,1,1,Medium
2023,5,Monday,22,Punjab,Bahawalpur,Provincial Highway,Poor,Foggy,Street Light,Car/Taxi,3,Wrong Overtaking,0,0,1,0,2,0,Medium
2019,12,Friday,20,Sindh,Mirpur Khas,National Highway,Good,Clear,No Light,Truck/Lorry,3,Wrong Overtaking,1,0,0,1,3,0,Medium
2023,9,Sunday,21,Punjab,Sheikhupura,Motorway,Poor,Foggy,Street Light,Car/Taxi,1,Signal Violation,0,1,0,0,7,1,High
2023,1,Tuesday,13,Sindh,Mirpur Khas,Provincial Highway,Under Repair,Dusty/Smoggy,Daylight,Motorcycle,1,Weather Condition,1,0,0,1,1,0,Low
2019,12,Sunday,13,KPK,Abbottabad,National Highway,Average,Clear,Daylight,Car/Taxi,2,Wrong Overtaking,1,1,0,1,2,0,Low
2022,7,Saturday,14,Punjab,Sialkot,Provincial Highway,Good,Clear,Daylight,Motorcycle,2,Wrong Overtaking,0,1,0,0,3,0,Medium
2019,2,Friday,9,Balochistan,Khuzdar,Urban Road,Average,Rainy,Daylight,Rickshaw,1,Mechanical Failure,1,0,0,1,1,0,Low
2022,1,Saturday,13,Punjab,Faisalabad,Motorway,Good,Clear,Daylight,Car/Taxi,2,Signal Violation,1,1,0,1,4,0,Medium
2018,11,Friday,3,Punjab,Sargodha,National Highway,Poor,Clear,Street Light,Truck/Lorry,3,Wrong Overtaking,0,0,1,1,9,1,High
2018,12,Friday,9,Sindh,Sukkur,Provincial Highway,Average,Clear,Daylight,Truck/Lorry,1,Over Speeding,1,0,0,1,7,0,High
2023,6,Monday,13,Balochistan,Hub,Provincial Highway,Under Repair,Clear,Daylight,Motorcycle,2,Road Condition,1,0,0,0,5,0,Medium
2019,5,Thursday,21,Punjab,Sheikhupura,Provincial Highway,Average,Clear,Street Light,Motorcycle,2,Signal Violation,0,0,0,0,1,0,Medium
2018,3,Sunday,23,Punjab,Multan,National Highway,Good,Clear,No Light,Car/Taxi,1,Wrong Overtaking,0,1,1,0,4,0,Medium
2020,9,Saturday,14,Sindh,Dadu,Urban Road,Poor,Clear,Daylight,Rickshaw,3,Mechanical Failure,0,1,0,0,2,0,Low
2023,8,Saturday,8,Punjab,Sialkot,National Highway,Average,Clear,Daylight,Motorcycle,1,Mechanical Failure,1,1,0,0,5,0,Medium
2018,6,Tuesday,13,Punjab,Rawalpindi,National Highway,Good,Foggy,Daylight,Car/Taxi,2,Signal Violation,1,0,0,0,5,1,Medium
2022,3,Tuesday,8,Punjab,Lahore,National Highway,Under Repair,Clear,Daylight,Car/Taxi,2,Over Speeding,1,0,0,0,3,2,Medium
2022,8,Sunday,4,KPK,Charsadda,Provincial Highway,Average,Clear,Street Light,Car/Taxi,1,Over Speeding,0,1,1,0,2,2,Medium
2023,2,Sunday,12,Islamabad,Islamabad,Provincial Highway,Good,Extreme Heat,Daylight,Truck/Lorry,1,Over Speeding,1,1,0,1,5,0,Medium
2023,12,Saturday,9,Punjab,Rahim Yar Khan,Urban Road,Average,Clear,Daylight,Motorcycle,3,Weather Condition,1,1,0,1,0,0,Low
2019,12,Friday,19,Sindh,Larkana,Provincial Highway,Average,Clear,No Light,Motorcycle,2,Over Speeding,1,0,0,1,1,1,Medium
2020,3,Tuesday,15,Punjab,Sialkot,Rural Road,Good,Rainy,Daylight,Car/Taxi,2,Over Speeding,0,0,0,0,1,1,Medium
2018,2,Sunday,2,KPK,Mardan,Provincial Highway,Good,Clear,Street Light,Truck/Lorry,4,Signal Violation,0,1,1,1,3,2,Medium
2021,12,Thursday,16,Punjab,Multan,Provincial Highway,Good,Extreme Heat,Daylight,Motorcycle,2,Mechanical Failure,0,0,0,1,1,1,Medium
2022,1,Thursday,19,Punjab,Bahawalpur,Rural Road,Poor,Rainy,Dawn/Dusk,Car/Taxi,1,Signal Violation,1,0,0,1,2,0,Low
2023,7,Sunday,13,KPK,Mardan,National Highway,Average,Dusty/Smoggy,Daylight,Motorcycle,3,Pedestrian Error,1,1,0,0,2,0,Medium
2020,11,Sunday,13,Punjab,Sialkot,Provincial Highway,Poor,Clear,Daylight,Motorcycle,2,Over Speeding,1,1,0,1,11,1,High
2023,2,Friday,2,Punjab,Faisalabad,National Highway,Good,Clear,No Light,Motorcycle,3,Over Speeding,0,0,1,1,5,2,High
2023,8,Sunday,13,Islamabad,Islamabad,Provincial Highway,Under Repair,Foggy,Daylight,Motorcycle,2,Road Condition,1,1,0,0,3,1,Medium
2021,4,Saturday,19,AJK,Mirpur,Rural Road,Under Repair,Clear,Street Light,Motorcycle,2,Drunk Driving,1,1,0,0,3,0,Medium
2019,2,Friday,12,Punjab,Rawalpindi,Rural Road,Average,Clear,Daylight,Motorcycle,3,Wrong Overtaking,1,0,0,1,2,0,Low
2020,5,Saturday,18,Sindh,Dadu,National Highway,Good,Clear,Daylight,Motorcycle,2,Drunk Driving,1,1,0,0,4,2,High
2021,5,Sunday,11,Sindh,Nawabshah,Provincial Highway,Average,Rainy,Daylight,Van/Pickup,1,Mechanical Failure,0,1,0,0,1,1,Medium
2022,9,Wednesday,9,Sindh,Sukkur,Provincial Highway,Good,Clear,Daylight,Motorcycle,2,Over Speeding,1,0,0,0,2,1,High
2020,2,Tuesday,20,Islamabad,Islamabad,Urban Road,Average,Clear,Street Light,Car/Taxi,2,Driver Fatigue,1,0,0,1,2,0,Low
2022,1,Friday,17,KPK,Mardan,Rural Road,Average,Extreme Heat,Daylight,Car/Taxi,2,Driver Fatigue,1,0,0,1,1,0,Low
2021,11,Wednesday,17,KPK,Charsadda,Provincial Highway,Poor,Rainy,Dawn/Dusk,Motorcycle,4,Over Speeding,1,0,0,1,3,2,High
2018,1,Saturday,21,Punjab,Multan,Provincial Highway,Good,Clear,Street Light,Rickshaw,2,Signal Violation,0,1,0,1,0,1,Low
2019,12,Tuesday,3,Sindh,Thatta,National Highway,Average,Clear,Street Light,Car/Taxi,1,Over Speeding,0,0,1,1,7,1,High
2020,9,Friday,7,Sindh,Jacobabad,National Highway,Average,Clear,Daylight,Bus/Coach,3,Wrong Overtaking,1,0,0,0,4,0,Medium
2021,2,Monday,7,Punjab,Faisalabad,Urban Road,Average,Foggy,Dawn/Dusk,Motorcycle,2,Signal Violation,1,0,0,1,4,0,High
2020,11,Monday,19,Punjab,Sargodha,Rural Road,Good,Clear,Daylight,Motorcycle,4,Mechanical Failure,1,0,0,1,2,0,Low
2021,4,Thursday,12,Punjab,Multan,National Highway,Good,Clear,Dawn/Dusk,Car/Taxi,2,Over Speeding,1,0,0,0,3,0,Medium
2021,8,Saturday,20,Punjab,Sialkot,Urban Road,Good,Foggy,No Light,Motorcycle,1,Mobile Phone Use,1,1,0,0,2,0,Low
2021,10,Friday,18,Punjab,Bahawalpur,Provincial Highway,Average,Clear,Daylight,Motorcycle,2,Road Condition,1,0,0,0,1,0,Medium
2023,8,Thursday,15,Punjab,Sheikhupura,Rural Road,Poor,Extreme Heat,No Light,Bus/Coach,2,Over Speeding,0,0,0,0,2,0,Medium
2020,3,Thursday,10,Punjab,Multan,National Highway,Average,Rainy,Daylight,Rickshaw,2,Pedestrian Error,0,0,0,0,2,0,Medium
2023,3,Friday,12,Sindh,Sukkur,Urban Road,Good,Clear,Daylight,Motorcycle,1,Mechanical Failure,1,0,0,0,2,0,Low
2022,7,Saturday,5,Sindh,Hyderabad,Provincial Highway,Good,Extreme Heat,Daylight,Motorcycle,1,Driver Fatigue,0,1,1,0,10,4,High
2022,4,Wednesday,19,Punjab,Multan,Urban Road,Average,Clear,Dawn/Dusk,Motorcycle,2,Driver Fatigue,1,0,0,0,5,1,High
2022,6,Wednesday,4,Balochistan,Turbat,National Highway,Under Repair,Clear,Street Light,Bus/Coach,1,Driver Fatigue,0,0,1,0,3,4,High