year,month,day_of_week,hour_of_day,province,district,road_type,road_condition,weather_condition,lighting_condition,vehicle_type,vehicles_involved,accident_cause,is_rush_hour,is_weekend,is_night,is_foggy_month,num_injured,num_killed,severity
2022,4,Sunday,10,Sindh,Sukkur,Urban Road,Good,Rainy,Street Light,Car/Taxi,2,Wrong Overtaking,0,1,0,0,1,1,Low
2018,3,Thursday,19,KPK,Peshawar,Rural Road,Good,Clear,Dawn/Dusk,Motorcycle,1,Wrong Overtaking,1,0,0,0,1,1,Medium
2022,1,Tuesday,8,Islamabad,Islamabad,Rural Road,Average,Clear,Daylight,Van/Pickup,3,Pedestrian Error,1,0,0,1,0,0,Low
2023,12,Friday,11,Punjab,Sargodha,Motorway,Poor,Clear,Dawn/Dusk,Motorcycle,1,Wrong Overtaking,0,0,0,1,5,1,Medium
2020,3,Friday,10,Sindh,Nawabshah,National Highway,Under Repair,Clear,Street Light,Truck/Lorry,1,Over Speeding,0,0,0,0,2,1,High
2019,2,Saturday,5,Sindh,Karachi,Urban Road,Poor,Clear,Dawn/Dusk,Car/Taxi,1,Mechanical Failure,0,1,1,1,1,0,Low
2019,9,Friday,12,Punjab,Sheikhupura,National Highway,Good,Foggy,Daylight,Motorcycle,2,Drunk Driving,1,0,0,0,4,0,High
2020,4,Thursday,9,Punjab,Sialkot,Provincial Highway,Good,Dusty/Smoggy,Dawn/Dusk,Motorcycle,2,Mechanical Failure,1,0,0,0,1,0,Low
2021,9,Sunday,13,KPK,Kohat,Provincial Highway,Good,Clear,Daylight,Van/Pickup,4,Over Speeding,1,1,0,0,0,0,Low
2019,1,Sunday,22,Punjab,Lahore,National Highway,Poor,Rainy,No Light,Motorcycle,1,Mechanical Failure,0,1,1,1,6,1,High
2021,12,Tuesday,20,Gilgit-Baltistan,Hunza,National Highway,Under Repair,Rainy,No Light,Car/Taxi,1,Wrong Overtaking,1,0,0,1,3,0,Medium
2020,6,Thursday,8,KPK,Dera Ismail Khan,Rural Road,Average,Clear,Daylight,Car/Taxi,1,Road Condition,1,0,0,0,1,0,Low
2020,8,Monday,16,Sindh,Mirpur Khas,Urban Road,Average,Clear,Daylight,Motorcycle,4,Over Speeding,0,0,0,0,3,0,Medium
2022,11,Thursday,20,Punjab,Faisalabad,Provincial Highway,Poor,Rainy,No Light,Motorcycle,4,Over Speeding,1,0,0,1,10,1,High
2023,1,Tuesday,17,Sindh,Jacobabad,Provincial Highway,Average,Clear,Dawn/Dusk,Motorcycle,2,Road Condition,1,0,0,1,2,0,Medium
2023,7,Sunday,8,Punjab,Sialkot,Urban Road,Good,Foggy,Daylight,Bus/Coach,3,Road Condition,1,1,0,0,1,0,Low
2020,11,Thursday,8,Punjab,Multan,Provincial Highway,Average,Clear,Daylight,Motorcycle,1,Road Condition,1,0,0,1,5,1,Medium
2021,12,Sunday,19,KPK,Abbottabad,Urban Road,Good,Foggy,Dawn/Dusk,Motorcycle,1,Wrong Overtaking,1,1,0,1,2,1,Medium
2023,12,Friday,10,Punjab,Gujranwala,National Highway,Good,Dusty/Smoggy,Street Light,Car/Taxi,1,Wrong Overtaking,0,0,0,1,2,0,Medium
2019,7,Sunday,8,Sindh,Sukkur,National Highway,Average,Clear,Daylight,Motorcycle,2,Road Condition,1,1,0,0,3,1,Medium
2020,11,Saturday,16,Balochistan,Sibi,Rural Road,Good,Clear,Daylight,Van/Pickup,3,Over Speeding,0,1,0,1,1,0,Low
2019,12,Saturday,11,Punjab,Sialkot,Provincial Highway,Average,Clear,Daylight,Other,4,Drunk Driving,0,1,0,1,2,1,Medium
2022,12,Tuesday,15,Sindh,Kashmore,Rural Road,Good,Clear,Daylight,Car/Taxi,2,Signal Violation,0,0,0,1,2,1,Low
2022,12,Tuesday,14,Sindh,Hyderabad,National Highway,Good,Extreme Heat,Street Light,Bus/Coach,3,Signal Violation,0,0,0,1,5,0,High
2023,1,Tuesday,9,Sindh,Jacobabad,Provincial Highway,Good,Clear,Daylight,Car/Taxi,3,Wrong Overtaking,1,0,0,1,4,0,Medium
2023,5,Monday,8,KPK,Charsadda,Provincial Highway,Good,Clear,Daylight,Car/Taxi,2,Pedestrian Error,1,0,0,0,2,0,Low
2022,5,Tuesday,14,Islamabad,Islamabad,National Highway,Average,Clear,Daylight,Bus/Coach,3,Weather Condition,0,0,0,0,2,2,Medium
2018,4,Sunday,19,Sindh,Dadu,Urban Road,Poor,Clear,Street Light,Car/Taxi,1,Pedestrian Error,1,1,0,0,0,0,Low
2021,1,Sunday,19,Sindh,Larkana,Provincial Highway,Under Repair,Extreme Heat,Dawn/Dusk,Motorcycle,3,Wrong Overtaking,1,1,0,1,4,0,Medium
2023,1,Friday,6,Sindh,Karachi,Rural Road,Poor,Clear,Daylight,Motorcycle,3,Signal Violation,0,0,0,1,4,0,Medium
2022,6,Wednesday,11,KPK,Charsadda,National Highway,Under Repair,Clear,Daylight,Rickshaw,2,Mechanical Failure,0,0,0,0,0,0,Low
2021,10,Thursday,20,KPK,Dera Ismail Khan,Provincial Highway,Good,Foggy,No Light,Motorcycle,2,Road Condition,1,0,0,0,4,1,Medium
2022,6,Sunday,20,Punjab,Lahore,National Highway,Average,Rainy,Street Light,Rickshaw,2,Signal Violation,1,1,0,0,3,0,Medium
2023,7,Monday,11,Punjab,Gujranwala,National Highway,Average,Clear,Street Light,Motorcycle,3,Driver Fatigue,0,0,0,0,5,1,High
2018,2,Sunday,9,Islamabad,Islamabad,Motorway,Good,Rainy,Daylight,Motorcycle,1,Signal Violation,1,1,0,1,11,1,High
2023,4,Sunday,8,Punjab,Faisalabad,Urban Road,Under Repair,Rainy,Daylight,Car/Taxi,1,Over Speeding,1,1,0,0,1,0,Medium
2018,11,Friday,18,Sindh,Thatta,Rural Road,Average,Clear,Daylight,Motorcycle,2,Over Speeding,1,0,0,1,4,0,Medium
2023,9,Tuesday,16,KPK,Kohat,National Highway,Average,Foggy,Street Light,Bicycle,2,Road Condition,0,0,0,0,3,0,Medium
2018,4,Thursday,7,Punjab,Sialkot,Provincial Highway,Average,Clear,Daylight,Other,1,Driver Fatigue,1,0,0,0,5,0,Medium
2018,6,Wednesday,17,Sindh,Jacobabad,National Highway,Good,Clear,Daylight,Motorcycle,3,Pedestrian Error,1,0,0,0,2,0,High
2023,2,Sunday,14,Punjab,Multan,National Highway,Good,Dusty/Smoggy,Daylight,Rickshaw,2,Road Condition,0,1,0,1,1,2,Medium
2021,10,Wednesday,8,Islamabad,Islamabad,National Highway,Poor,Clear,Dawn/Dusk,Motorcycle,4,Over Speeding,1,0,0,0,8,3,High
2022,3,Wednesday,16,Punjab,Gujranwala,Urban Road,Good,Clear,Daylight,Motorcycle,4,Road Condition,0,0,0,0,2,0,Low
2021,6,Saturday,5,Sindh,Dadu,Provincial Highway,Average,Clear,Dawn/Dusk,Bicycle,1,Driver Fatigue,0,1,1,0,7,2,High
2023,8,Thursday,13,Sindh,Nawabshah,Rural Road,Poor,Rainy,Dawn/Dusk,Rickshaw,2,Wrong Overtaking,1,0,0,0,3,0,Medium
2022,1,Saturday,15,KPK,Charsadda,Provincial Highway,Good,Rainy,Dawn/Dusk,Motorcycle,4,Road Condition,0,1,0,1,2,1,Medium
2023,5,Saturday,3,Punjab,Multan,Urban Road,Under Repair,Clear,No Light,Motorcycle,3,Over Speeding,0,1,1,0,5,1,Medium
2023,4,Tuesday,20,Sindh,Larkana,Urban Road,Poor,Clear,No Light,Rickshaw,2,Pedestrian Error,1,0,0,0,1,0,Low
2018,5,Thursday,17,Punjab,Bahawalpur,National Highway,Good,Dusty/Smoggy,Dawn/Dusk,Motorcycle,4,Drunk Driving,1,0,0,0,6,0,High
2023,10,Monday,16,Punjab,Rawalpindi,Rural Road,Poor,Rainy,Daylight,Motorcycle,2,Over Speeding,0,0,0,0,8,2,High
2018,4,Thursday,14,KPK,Kohat,Provincial Highway,Good,Clear,Daylight,Motorcycle,2,Drunk Driving,0,0,0,0,4,2,High
2022,4,Saturday,12,Punjab,Rawalpindi,Urban Road,Poor,Dusty/Smoggy,Daylight,Car/Taxi,1,Over Speeding,1,1,0,0,0,0,Low
2023,5,Tuesday,10,KPK,Peshawar,Provincial Highway,Average,Dusty/Smoggy,Daylight,Motorcycle,3,Pedestrian Error,0,0,0,0,3,0,Medium
2022,4,Friday,16,KPK,Abbottabad,Urban Road,Good,Rainy,Daylight,Car/Taxi,1,Road Condition,0,0,0,0,1,0,Low
2022,11,Friday,13,Balochistan,Zhob,Provincial Highway,Average,Clear,Daylight,Motorcycle,3,Wrong Overtaking,1,0,0,1,8,1,High
2022,5,Thursday,20,Sindh,Nawabshah,Urban Road,Good,Foggy,No Light,Bus/Coach,1,Drunk Driving,1,0,0,0,6,2,High
2020,12,Monday,23,Punjab,Sargodha,National Highway,Good,Clear,No Light,Car/Taxi,3,Over Speeding,0,0,1,1,3,1,Medium
2018,2,Tuesday,19,Sindh,Sukkur,Urban Road,Average,Clear,Dawn/Dusk,Motorcycle,1,Over Speeding,1,0,0,1,8,1,High
2020,11,Thursday,10,Islamabad,Islamabad,Rural Road,Average,Rainy,Dawn/Dusk,Car/Taxi,1,Pedestrian Error,0,0,0,1,1,0,Low
2021,6,Sunday,16,Balochistan,Sibi,National Highway,Good,Clear,Street Light,Motorcycle,1,Pedestrian Error,0,1,0,0,2,1,Medium
2021,5,Friday,21,Sindh,Kashmore,Urban Road,Good,Rainy,No Light,Rickshaw,1,Driver Fatigue,0,0,0,0,1,1,Low
2023,3,Thursday,9,Islamabad,Islamabad,National Highway,Good,Clear,Daylight,Rickshaw,3,Mobile Phone Use,1,0,0,0,0,0,Low
2023,8,Sunday,9,KPK,Bannu,National Highway,Poor,Clear,Street Light,Motorcycle,3,Signal Violation,1,1,0,0,5,0,Medium
2021,1,Sunday,18,Balochistan,Turbat,National Highway,Good,Foggy,Daylight,Motorcycle,1,Over Speeding,1,1,0,1,4,2,High
2021,8,Tuesday,16,KPK,Charsadda,Rural Road,Poor,Clear,No Light,Motorcycle,1,Road Condition,0,0,0,0,2,0,Low
2022,7,Sunday,8,Balochistan,Turbat,National Highway,Good,Clear,Daylight,Motorcycle,2,Weather Condition,1,1,0,0,2,0,Medium
2023,4,Tuesday,16,Balochistan,Turbat,National Highway,Under Repair,Rainy,Daylight,Car/Taxi,3,Wrong Overtaking,0,0,0,0,6,1,High
2023,11,Friday,16,Punjab,Sialkot,Provincial Highway,Poor,Clear,Daylight,Motorcycle,1,Pedestrian Error,0,0,0,1,2,0,Low
2022,8,Monday,18,Islamabad,Islamabad,National Highway,Average,Clear,Street Light,Car/Taxi,2,Wrong Overtaking,1,0,0,0,0,0,Low
2021,7,Friday,12,Punjab,Bahawalpur,Provincial Highway,Under Repair,Clear,Daylight,Other,1,Drunk Driving,1,0,0,0,0,0,Low
2019,3,Sunday,21,Sindh,Karachi,Urban Road,Poor,Clear,No Light,Motorcycle,1,Over Speeding,0,1,0,0,2,0,Medium
2023,3,Sunday,17,KPK,Charsadda,National Highway,Under Repair,Clear,Daylight,Motorcycle,2,Wrong Overtaking,1,1,0,0,7,1,High
2020,5,Tuesday,13,KPK,Charsadda,Rural Road,Good,Clear,Daylight,Car/Taxi,2,Pedestrian Error,1,0,0,0,2,0,Low
2018,2,Monday,7,Balochistan,Gwadar,Provincial Highway,Good,Clear,Street Light,Car/Taxi,3,Road Condition,1,0,0,1,1,0,Low
2023,8,Monday,12,Punjab,Sialkot,Provincial Highway,Poor,Rainy,Daylight,Rickshaw,2,Signal Violation,1,0,0,0,4,0,Medium
2020,7,Saturday,6,Punjab,Faisalabad,Provincial Highway,Poor,Foggy,Daylight,Van/Pickup,4,Over Speeding,0,1,0,0,4,0,Medium
2019,6,Tuesday,16,Punjab,Lahore,National Highway,Average,Clear,No Light,Motorcycle,2,Wrong Overtaking,0,0,0,0,3,1,Medium
2021,12,Sunday,13,Sindh,Jacobabad,Urban Road,Poor,Rainy,Daylight,Rickshaw,1,Over Speeding,1,1,0,1,5,1,Medium
2023,5,Saturday,11,KPK,Nowshera,Provincial Highway,Good,Clear,Daylight,Car/Taxi,3,Pedestrian Error,0,1,0,0,1,0,Low
2022,3,Thursday,19,Punjab,Rawalpindi,National Highway,Good,Foggy,Dawn/Dusk,Rickshaw,2,Over Speeding,1,0,0,0,4,2,High
2023,2,Friday,16,Sindh,Sukkur,National Highway,Under Repair,Clear,No Light,Rickshaw,4,Wrong Overtaking,0,0,0,1,2,0,Medium
2023,8,Tuesday,14,Punjab,Rahim Yar Khan,Urban Road,Average,Clear,Daylight,Motorcycle,2,Wrong Overtaking,0,0,0,0,1,0,Medium
2018,7,Sunday,17,KPK,Peshawar,Provincial Highway,Average,Rainy,Daylight,Motorcycle,3,Wrong Overtaking,1,1,0,0,11,2,High
2018,7,Friday,18,Punjab,Lahore,Motorway,Under Repair,Foggy,Dawn/Dusk,Motorcycle,1,Mechanical Failure,1,0,0,0,1,0,Medium
2023,8,Saturday,10,KPK,Mardan,National Highway,Good,Rainy,Daylight,Motorcycle,1,Signal Violation,0,1,0,0,5,1,High
2021,1,Sunday,7,Punjab,Rahim Yar Khan,National Highway,Good,Clear,Daylight,Motorcycle,2,Drunk Driving,1,1,0,1,7,0,High
2018,2,Sunday,20,Punjab,Rawalpindi,Rural Road,Average,Foggy,Street Light,Bicycle,2,Wrong Overtaking,1,1,0,1,1,0,Medium
2022,11,Sunday,16,Balochistan,Gwadar,Motorway,Poor,Foggy,Daylight,Motorcycle,2,Signal Violation,0,1,0,1,6,1,High
2023,1,Tuesday,13,Sindh,Thatta,National Highway,Average,Clear,Daylight,Motorcycle,2,Driver Fatigue,1,0,0,1,3,0,High
2022,4,Friday,9,Sindh,Mirpur Khas,National Highway,Poor,Rainy,Daylight,Truck/Lorry,2,Wrong Overtaking,1,0,0,0,2,0,Medium
2021,5,Thursday,16,KPK,Mardan,Motorway,Average,Clear,Street Light,Rickshaw,1,Over Speeding,0,0,0,0,5,0,Medium
2018,7,Saturday,22,Sindh,Jacobabad,Motorway,Average,Clear,No Light,Motorcycle,4,Over Speeding,0,1,1,0,8,1,High
2019,12,Tuesday,6,KPK,Charsadda,Rural Road,Good,Rainy,Daylight,Bus/Coach,2,Over Speeding,0,0,0,1,2,0,Medium
2018,6,Saturday,8,KPK,Abbottabad,Urban Road,Good,Clear,Daylight,Car/Taxi,2,Over Speeding,1,1,0,0,2,0,Low
2022,8,Wednesday,11,Sindh,Nawabshah,Urban Road,Good,Rainy,Daylight,Truck/Lorry,3,Mobile Phone Use,0,0,0,0,2,0,Low
2023,12,Saturday,9,Punjab,Rahim Yar Khan,Rural Road,Poor,Clear,Daylight,Car/Taxi,1,Mechanical Failure,1,1,0,1,0,0,Low
2018,4,Saturday,9,Punjab,Bahawalpur,Provincial Highway,Average,Clear,Daylight,Car/Taxi,1,Over Speeding,1,1,0,0,1,0,Medium
2023,12,Thursday,21,Balochistan,Dera Bugti,Urban Road,Poor,Clear,Street Light,Car/Taxi,3,Over Speeding,0,0,0,1,0,0,Low
2022,11,Monday,17,Islamabad,Islamabad,Rural Road,Good,Rainy,Daylight,Motorcycle,2,Wrong Overtaking,1,0,0,1,9,0,High
2018,11,Sunday,4,Punjab,Sialkot,Provincial Highway,Average,Clear,No Light,Rickshaw,3,Over Speeding,0,1,1,1,5,1,Medium
2019,11,Friday,17,Punjab,Rahim Yar Khan,National Highway,Good,Clear,Daylight,Motorcycle,1,Wrong Overtaking,1,0,0,1,4,3,High
2023,9,Wednesday,9,Punjab,Sialkot,Urban Road,Average,Clear,Daylight,Truck/Lorry,2,Over Speeding,1,0,0,0,2,1,Medium
2022,12,Wednesday,22,KPK,Charsadda,Rural Road,Poor,Clear,Street Light,Car/Taxi,2,Wrong Overtaking,0,0,1,1,2,0,Low
2023,2,Thursday,8,Punjab,Lahore,Urban Road,Average,Foggy,Dawn/Dusk,Rickshaw,2,Pedestrian Error,1,0,0,1,0,0,Low
2020,4,Sunday,6,KPK,Mardan,Urban Road,Good,Clear,Daylight,Car/Taxi,1,Pedestrian Error,0,1,0,0,1,0,Low
2019,12,Friday,20,Islamabad,Islamabad,Provincial Highway,Good,Clear,No Light,Bus/Coach,2,Over Speeding,1,0,0,1,2,2,Medium
2023,3,Tuesday,9,Islamabad,Islamabad,Provincial Highway,Under Repair,Foggy,Dawn/Dusk,Rickshaw,3,Over Speeding,1,0,0,0,2,0,Medium
2018,7,Sunday,22,Punjab,Rawalpindi,Provincial Highway,Good,Rainy,Street Light,Car/Taxi,1,Road Condition,0,1,1,0,3,1,Medium
2021,5,Friday,8,Islamabad,Islamabad,Rural Road,Average,Foggy,Daylight,Motorcycle,1,Road Condition,1,0,0,0,0,0,Low
2022,7,Saturday,12,KPK,Nowshera,Rural Road,Average,Extreme Heat,Daylight,Bus/Coach,1,Pedestrian Error,1,1,0,0,2,0,Low
2022,6,Wednesday,19,Punjab,Lahore,Urban Road,Good,Clear,Street Light,Motorcycle,2,Pedestrian Error,1,0,0,0,2,0,Low
2019,2,Friday,8,Punjab,Multan,Urban Road,Average,Clear,Daylight,Bicycle,1,Over Speeding,1,0,0,1,2,1,High
2021,5,Tuesday,13,KPK,Abbottabad,Urban Road,Poor,Clear,Street Light,Truck/Lorry,2,Mechanical Failure,1,0,0,0,1,0,Low
2021,7,Monday,16,Islamabad,Islamabad,National Highway,Poor,Rainy,Daylight,Car/Taxi,2,Road Condition,0,0,0,0,1,1,Low
2020,2,Sunday,21,Punjab,Bahawalpur,Urban Road,Average,Extreme Heat,Street Light,Car/Taxi,3,Mechanical Failure,0,1,0,1,1,0,Low
2019,12,Sunday,9,Punjab,Sargodha,National Highway,Average,Clear,Street Light,Bus/Coach,3,Mobile Phone Use,1,1,0,1,2,0,Low
2023,6,Sunday,10,Sindh,Karachi,National Highway,Good,Clear,Dawn/Dusk,Truck/Lorry,2,Signal Violation,0,1,0,0,3,0,Medium
2022,1,Sunday,19,Islamabad,Islamabad,Motorway,Good,Clear,Dawn/Dusk,Rickshaw,4,Over Speeding,1,1,0,1,6,2,High
2018,2,Friday,17,AJK,Rawalakot,National Highway,Good,Foggy,No Light,Car/Taxi,2,Over Speeding,1,0,0,1,10,0,High
2020,7,Friday,1,Punjab,Sheikhupura,Rural Road,Poor,Rainy,Street Light,Bicycle,1,Wrong Overtaking,0,0,1,0,8,2,High
2023,11,Sunday,12,Punjab,Multan,Provincial Highway,Good,Rainy,Daylight,Motorcycle,2,Wrong Overtaking,1,1,0,1,3,2,High
2023,10,Saturday,21,Balochistan,Loralai,National Highway,Under Repair,Dusty/Smoggy,No Light,Car/Taxi,2,Signal Violation,0,1,0,0,1,0,Medium
2023,11,Tuesday,18,KPK,Mansehra,National Highway,Good,Foggy,Daylight,Motorcycle,2,Over Speeding,1,0,0,1,4,2,High
2019,6,Sunday,17,AJK,Rawalakot,National Highway,Good,Clear,Daylight,Car/Taxi,3,Mobile Phone Use,1,1,0,0,1,1,Medium
2021,9,Saturday,11,Balochistan,Zhob,Provincial Highway,Good,Clear,Daylight,Car/Taxi,2,Over Speeding,0,1,0,0,4,1,Medium
2022,2,Thursday,15,Punjab,Sargodha,Provincial Highway,Good,Clear,Daylight,Car/Taxi,2,Road Condition,0,0,0,1,1,0,Low
2018,9,Monday,14,KPK,Kohat,Provincial Highway,Good,Foggy,Daylight,Car/Taxi,3,Signal Violation,0,0,0,0,2,1,Medium
2023,8,Wednesday,20,Punjab,Rahim Yar Khan,Urban Road,Under Repair,Clear,Street Light,Motorcycle,1,Signal Violation,1,0,0,0,3,1,Medium
2023,5,Sunday,21,KPK,Swat,Rural Road,Good,Clear,Street Light,Bus/Coach,2,Signal Violation,0,1,0,0,2,0,Low
2019,7,Wednesday,16,Sindh,Nawabshah,National Highway,Good,Clear,Daylight,Car/Taxi,2,Signal Violation,0,0,0,0,1,0,Medium
2020,9,Sunday,0,Islamabad,Islamabad,Provincial Highway,Under Repair,Clear,No Light,Motorcycle,3,Signal Violation,0,1,1,0,3,1,High
2022,7,Sunday,14,Islamabad,Islamabad,Urban Road,Under Repair,Rainy,Daylight,Bus/Coach,1,Driver Fatigue,0,1,0,0,2,0,Medium
2018,6,Saturday,14,Punjab,Rahim Yar Khan,Urban Road,Poor,Rainy,Daylight,Car/Taxi,1,Mechanical Failure,0,1,0,0,2,0,Low
2018,11,Friday,14,Punjab,Bahawalpur,Urban Road,Under Repair,Rainy,Daylight,Truck/Lorry,3,Wrong Overtaking,0,0,0,1,1,0,Low
2023,12,Thursday,13,Sindh,Jacobabad,Urban Road,Average,Clear,Daylight,Truck/Lorry,1,Drunk Driving,1,0,0,1,2,0,Medium
2022,3,Sunday,8,Balochistan,Khuzdar,National Highway,Average,Dusty/Smoggy,Street Light,Truck/Lorry,2,Drunk Driving,1,1,0,0,3,1,High
2020,8,Saturday,18,KPK,Mardan,Urban Road,Good,Clear,Daylight,Other,1,Road Condition,1,1,0,0,1,0,Low
2018,8,Monday,18,Islamabad,Islamabad,Rural Road,Good,Foggy,Dawn/Dusk,Car/Taxi,2,Road Condition,1,0,0,0,2,0,Low
2020,6,Thursday,11,Sindh,Kashmore,Motorway,Under Repair,Clear,Daylight,Motorcycle,1,Over Speeding,0,0,0,0,7,0,High
2020,6,Monday,13,Punjab,Gujranwala,National Highway,Poor,Clear,Daylight,Other,1,Mechanical Failure,1,0,0,0,0,0,Low
2022,11,Sunday,19,Punjab,Sheikhupura,National Highway,Poor,Clear,Street Light,Rickshaw,2,Pedestrian Error,1,1,0,1,1,1,Low
2020,5,Wednesday,17,Punjab,Rahim Yar Khan,National Highway,Average,Clear,Daylight,Motorcycle,2,Over Speeding,1,0,0,0,8,1,High
2022,4,Saturday,19,KPK,Kohat,National Highway,Under Repair,Clear,Dawn/Dusk,Motorcycle,3,Drunk Driving,1,1,0,0,11,1,High
2022,6,Thursday,18,Islamabad,Islamabad,Urban Road,Under Repair,Foggy,Daylight,Car/Taxi,1,Pedestrian Error,1,0,0,0,0,0,Low
2020,2,Sunday,18,Punjab,Rahim Yar Khan,Provincial Highway,Average,Clear,Dawn/Dusk,Rickshaw,2,Over Speeding,1,1,0,1,0,1,Low
2019,6,Friday,23,Balochistan,Quetta,Urban Road,Good,Clear,Street Light,Car/Taxi,2,Wrong Overtaking,0,0,1,0,1,0,Low
2020,1,Thursday,7,Punjab,Sheikhupura,National Highway,Average,Clear,No Light,Motorcycle,1,Wrong Overtaking,1,0,0,1,11,1,High
2020,7,Thursday,19,Punjab,Faisalabad,Provincial Highway,Average,Clear,No Light,Motorcycle,2,Drunk Driving,1,0,0,0,5,1,High
2023,11,Thursday,1,Sindh,Hyderabad,National Highway,Under Repair,Clear,Street Light,Motorcycle,2,Drunk Driving,0,0,1,1,8,0,High
2020,2,Saturday,2,Sindh,Nawabshah,Urban Road,Under Repair,Clear,No Light,Car/Taxi,2,Over Speeding,0,1,1,1,2,0,Medium
2022,1,Tuesday,7,Balochistan,Khuzdar,Provincial Highway,Average,Clear,Daylight,Van/Pickup,2,Pedestrian Error,1,0,0,1,2,0,Low
2023,11,Friday,15,Sindh,Mirpur Khas,Urban Road,Average,Dusty/Smoggy,Daylight,Motorcycle,1,Drunk Driving,0,0,0,1,1,1,Medium
2019,1,Monday,8,Punjab,Gujranwala,National Highway,Average,Rainy,Daylight,Motorcycle,1,Over Speeding,1,0,0,1,9,0,High
2019,12,Monday,16,Balochistan,Khuzdar,National Highway,Average,Rainy,Daylight,Car/Taxi,1,Over Speeding,0,0,0,1,3,2,High
2023,12,Tuesday,20,Gilgit-Baltistan,Gilgit,Urban Road,Average,Dusty/Smoggy,Street Light,Motorcycle,3,Road Condition,1,0,0,1,1,0,Medium
2022,12,Tuesday,5,Sindh,Sukkur,Rural Road,Average,Clear,Dawn/Dusk,Motorcycle,1,Over Speeding,0,0,1,1,9,1,High
2021,6,Sunday,22,Punjab,Sialkot,Urban Road,Poor,Dusty/Smoggy,No Light,Motorcycle,2,Pedestrian Error,0,1,1,0,2,0,Low
2023,7,Monday,4,Punjab,Rahim Yar Khan,Rural Road,Average,Clear,No Light,Car/Taxi,1,Mobile Phone Use,0,0,1,0,0,0,Low
2022,3,Sunday,14,Punjab,Gujranwala,National Highway,Poor,Rainy,Daylight,Motorcycle,1,Pedestrian Error,0,1,0,0,7,1,High
2023,11,Tuesday,13,Punjab,Sargodha,Provincial Highway,Poor,Clear,Street Light,Motorcycle,1,Signal Violation,1,0,0,1,1,1,Medium
2022,8,Saturday,12,Balochistan,Zhob,Rural Road,Average,Foggy,Street Light,Rickshaw,3,Wrong Overtaking,1,1,0,0,2,0,Low
2022,6,Friday,7,Punjab,Sheikhupura,Rural Road,Average,Foggy,No Light,Motorcycle,4,Over Speeding,1,0,0,0,5,1,High
2021,3,Saturday,6,Sindh,Hyderabad,National Highway,Poor,Clear,Daylight,Bus/Coach,2,Drunk Driving,0,1,0,0,5,2,High
2023,12,Tuesday,22,KPK,Dera Ismail Khan,National Highway,Good,Clear,Street Light,Car/Taxi,2,Mechanical Failure,0,0,1,1,1,0,Medium
2022,6,Sunday,21,Balochistan,Zhob,National Highway,Good,Clear,Street Light,Bus/Coach,3,Over Speeding,0,1,0,0,3,0,Medium
2019,6,Friday,20,Punjab,Rahim Yar Khan,National Highway,Under Repair,Rainy,Street Light,Bus/Coach,3,Driver Fatigue,1,0,0,0,4,2,High
2019,5,Tuesday,17,Sindh,Kashmore,National Highway,Good,Clear,Daylight,Car/Taxi,2,Over Speeding,1,0,0,0,5,1,Medium
2020,10,Thursday,16,Punjab,Gujranwala,Provincial Highway,Poor,Clear,Daylight,Motorcycle,2,Pedestrian Error,0,0,0,0,1,1,Medium
2023,12,Thursday,6,Punjab,Sheikhupura,Provincial Highway,Poor,Clear,Daylight,Motorcycle,1,Over Speeding,0,0,0,1,3,1,Medium
2022,6,Thursday,20,Punjab,Faisalabad,National Highway,Good,Clear,No Light,Car/Taxi,2,Over Speeding,1,0,0,0,11,1,High
2021,10,Saturday,12,Sindh,Thatta,Provincial Highway,Poor,Rainy,Daylight,Motorcycle,2,Over Speeding,1,1,0,0,2,3,High
2022,8,Monday,20,Punjab,Sargodha,Rural Road,Under Repair,Foggy,No Light,Car/Taxi,1,Wrong Overtaking,1,0,0,0,2,1,Medium
2018,1,Thursday,17,Punjab,Lahore,Provincial Highway,Average,Rainy,Daylight,Bus/Coach,1,Mechanical Failure,1,0,0,1,3,0,Medium
2023,2,Saturday,10,Punjab,Rawalpindi,Urban Road,Average,Clear,Daylight,Motorcycle,2,Signal Violation,0,1,0,1,2,1,Medium
2020,9,Saturday,18,Islamabad,Islamabad,National Highway,Average,Clear,Daylight,Motorcycle,2,Wrong Overtaking,1,1,0,0,5,1,High
2022,10,Friday,13,Sindh,Larkana,Provincial Highway,Poor,Rainy,Daylight,Bus/Coach,2,Over Speeding,1,0,0,0,7,3,High
2020,5,Saturday,10,Balochistan,Chaman,Rural Road,Good,Clear,Daylight,Rickshaw,1,Over Speeding,0,1,0,0,1,0,Medium
2019,1,Friday,16,Punjab,Faisalabad,Rural Road,Poor,Clear,Daylight,Motorcycle,2,Signal Violation,0,0,0,1,1,0,Low
2021,2,Saturday,20,KPK,Charsadda,National Highway,Good,Clear,Street Light,Motorcycle,3,Wrong Overtaking,1,1,0,1,9,1,High
2019,12,Saturday,19,Punjab,Faisalabad,Provincial Highway,Average,Clear,Street Light,Motorcycle,1,Mobile Phone Use,1,1,0,1,4,0,Medium
2023,3,Monday,7,Punjab,Rawalpindi,Provincial Highway,Under Repair,Rainy,Daylight,Bus/Coach,1,Driver Fatigue,1,0,0,0,6,1,High
2019,8,Monday,1,KPK,Charsadda,National Highway,Good,Clear,No Light,Van/Pickup,2,Over Speeding,0,0,1,0,10,2,High