year,month,day_of_week,hour_of_day,province,district,road_type,road_condition,weather_condition,lighting_condition,vehicle_type,vehicles_involved,accident_cause,is_rush_hour,is_weekend,is_night,is_foggy_month,num_injured,num_killed,severity
2023,12,Thursday,17,KPK,Bannu,Provincial Highway,Good,Clear,Daylight,Van/Pickup,3,Mechanical Failure,1,0,0,1,0,0,Low
2021,11,Wednesday,7,Gilgit-Baltistan,Hunza,Provincial Highway,Good,Foggy,Daylight,Motorcycle,1,Drunk Driving,1,0,0,1,8,2,High
2018,3,Saturday,20,KPK,Kohat,Provincial Highway,Good,Clear,No Light,Bicycle,1,Wrong Overtaking,1,1,0,0,4,0,Medium
2019,7,Thursday,17,Punjab,Multan,National Highway,Good,Clear,Daylight,Rickshaw,2,Driver Fatigue,1,0,0,0,2,1,Medium
2018,10,Thursday,12,Punjab,Rawalpindi,National Highway,Average,Dusty/Smoggy,Daylight,Motorcycle,1,Mobile Phone Use,1,0,0,0,3,1,High
2021,2,Friday,17,Sindh,Sukkur,Urban Road,Poor,Clear,Dawn/Dusk,Bus/Coach,1,Over Speeding,1,0,0,1,3,0,Medium
2023,5,Monday,17,Punjab,Sheikhupura,Urban Road,Average,Clear,Daylight,Bus/Coach,3,Mobile Phone Use,1,0,0,0,1,0,Low
2019,9,Friday,17,KPK,Swat,Urban Road,Good,Clear,Daylight,Car/Taxi,1,Mechanical Failure,1,0,0,0,0,0,Low
2019,4,Saturday,12,Sindh,Hyderabad,National Highway,Poor,Foggy,Daylight,Motorcycle,2,Wrong Overtaking,1,1,0,0,8,1,High
2021,10,Wednesday,2,Islamabad,Islamabad,Provincial Highway,Average,Clear,No Light,Truck/Lorry,2,Drunk Driving,0,0,1,0,4,0,Medium
2021,10,Friday,14,Sindh,Larkana,Provincial Highway,Good,Dusty/Smoggy,Daylight,Car/Taxi,1,Signal Violation,0,0,0,0,1,0,Medium
2020,11,Sunday,0,Sindh,Sukkur,National Highway,Good,Rainy,No Light,Motorcycle,2,Mobile Phone Use,0,1,1,1,5,0,High
2021,7,Tuesday,21,Punjab,Gujranwala,Motorway,Average,Dusty/Smoggy,No Light,Car/Taxi,1,Wrong Overtaking,0,0,0,0,4,0,Medium
2022,12,Thursday,9,Punjab,Multan,Provincial Highway,Poor,Foggy,Daylight,Car/Taxi,1,Wrong Overtaking,1,0,0,1,2,0,Low
2021,10,Friday,10,Balochistan,Turbat,National Highway,Average,Foggy,Daylight,Motorcycle,2,Over Speeding,0,0,0,0,8,1,High
2023,8,Tuesday,15,Gilgit-Baltistan,Skardu,Rural Road,Good,Clear,Daylight,Bus/Coach,4,Road Condition,0,0,0,0,2,0,Low
2022,8,Sunday,11,Punjab,Rahim Yar Khan,Motorway,Average,Foggy,Daylight,Bus/Coach,2,Drunk Driving,0,1,0,0,4,0,High
2020,4,Tuesday,22,KPK,Peshawar,National Highway,Poor,Clear,No Light,Van/Pickup,2,Mobile Phone Use,0,0,1,0,2,0,Low
2021,9,Monday,16,Sindh,Karachi,National Highway,Under Repair,Rainy,Street Light,Motorcycle,1,Road Condition,0,0,0,0,1,0,Medium
2018,12,Sunday,17,Islamabad,Islamabad,Provincial Highway,Average,Clear,Daylight,Bus/Coach,3,Over Speeding,1,1,0,1,1,0,Medium
2018,11,Monday,8,Punjab,Lahore,National Highway,Poor,Clear,Daylight,Car/Taxi,2,Over Speeding,1,0,0,1,4,0,Medium
2022,3,Saturday,8,Sindh,Sukkur,National Highway,Average,Foggy,Daylight,Motorcycle,1,Driver Fatigue,1,1,0,0,2,0,High
2023,7,Sunday,16,Punjab,Faisalabad,Provincial Highway,Average,Clear,No Light,Car/Taxi,1,Drunk Driving,0,1,0,0,2,1,Medium
2023,9,Sunday,3,Sindh,Larkana,Motorway,Average,Rainy,Street Light,Bicycle,1,Mechanical Failure,0,1,1,0,7,0,High
2018,12,Monday,15,Punjab,Rawalpindi,National Highway,Poor,Clear,Dawn/Dusk,Truck/Lorry,2,Over Speeding,0,0,0,1,7,1,High
2023,1,Sunday,12,Sindh,Jacobabad,Urban Road,Poor,Clear,Daylight,Motorcycle,3,Signal Violation,1,1,0,1,0,1,Low
2020,12,Thursday,14,Sindh,Thatta,Provincial Highway,Under Repair,Foggy,Dawn/Dusk,Motorcycle,1,Over Speeding,0,0,0,1,11,1,High
2021,9,Monday,6,Punjab,Gujranwala,Urban Road,Good,Clear,Daylight,Motorcycle,1,Signal Violation,0,0,0,0,5,0,Medium
2022,4,Saturday,12,KPK,Mansehra,Rural Road,Good,Foggy,Daylight,Car/Taxi,1,Driver Fatigue,1,1,0,0,4,0,Medium
2021,3,Saturday,18,KPK,Nowshera,Provincial Highway,Average,Clear,Daylight,Car/Taxi,3,Pedestrian Error,1,1,0,0,0,0,Low
2020,9,Sunday,10,Balochistan,Sibi,Urban Road,Poor,Clear,Daylight,Bus/Coach,1,Wrong Overtaking,0,1,0,0,3,0,Medium
2019,9,Tuesday,18,Sindh,Karachi,Urban Road,Poor,Clear,Daylight,Motorcycle,2,Over Speeding,1,0,0,0,9,1,High
2020,8,Thursday,17,Punjab,Faisalabad,National Highway,Poor,Clear,Daylight,Rickshaw,1,Road Condition,1,0,0,0,1,0,Low
2018,3,Friday,16,Sindh,Karachi,National Highway,Average,Clear,Daylight,Motorcycle,2,Over Speeding,0,0,0,0,11,2,High
2022,12,Tuesday,19,Punjab,Sheikhupura,National Highway,Good,Foggy,No Light,Motorcycle,3,Over Speeding,1,0,0,1,3,2,High
2023,6,Monday,5,Sindh,Hyderabad,Provincial Highway,Good,Clear,No Light,Motorcycle,2,Over Speeding,0,0,1,0,10,3,High
2020,6,Sunday,12,Punjab,Faisalabad,National Highway,Average,Dusty/Smoggy,Dawn/Dusk,Motorcycle,4,Mobile Phone Use,1,1,0,0,2,0,Medium
2018,3,Friday,20,Punjab,Gujranwala,Provincial Highway,Under Repair,Clear,Street Light,Car/Taxi,1,Over Speeding,1,0,0,0,1,0,Low
2022,9,Saturday,17,Punjab,Sheikhupura,Urban Road,Good,Clear,Daylight,Car/Taxi,3,Signal Violation,1,1,0,0,0,0,Low
2020,1,Sunday,3,Punjab,Rawalpindi,National Highway,Good,Extreme Heat,No Light,Motorcycle,3,Wrong Overtaking,0,1,1,1,11,2,High
2022,2,Tuesday,22,Islamabad,Islamabad,Provincial Highway,Good,Rainy,Street Light,Motorcycle,3,Driver Fatigue,0,0,1,1,10,2,High
2021,1,Monday,11,Gilgit-Baltistan,Skardu,Rural Road,Average,Clear,Street Light,Motorcycle,1,Over Speeding,0,0,0,1,10,2,High
2020,6,Wednesday,14,Sindh,Thatta,Rural Road,Good,Foggy,Daylight,Rickshaw,2,Wrong Overtaking,0,0,0,0,2,1,Medium
2023,12,Sunday,12,Punjab,Rahim Yar Khan,Rural Road,Under Repair,Clear,No Light,Van/Pickup,1,Mechanical Failure,1,1,0,1,1,0,Low
2018,6,Monday,19,Balochistan,Quetta,Provincial Highway,Good,Foggy,Dawn/Dusk,Motorcycle,3,Over Speeding,1,0,0,0,3,1,High
2022,5,Friday,20,Islamabad,Islamabad,Urban Road,Good,Clear,Street Light,Motorcycle,1,Drunk Driving,1,0,0,0,4,2,High
2019,5,Tuesday,9,Balochistan,Dera Bugti,National Highway,Under Repair,Clear,Daylight,Van/Pickup,1,Pedestrian Error,1,0,0,0,0,0,Low
2023,5,Saturday,13,Sindh,Hyderabad,Urban Road,Good,Clear,Street Light,Motorcycle,3,Signal Violation,1,1,0,0,1,0,Low
2018,10,Saturday,23,Punjab,Bahawalpur,Motorway,Good,Clear,No Light,Motorcycle,2,Mechanical Failure,0,1,1,0,1,0,Medium
2018,7,Saturday,19,Punjab,Lahore,Rural Road,Under Repair,Foggy,Dawn/Dusk,Motorcycle,3,Mobile Phone Use,1,1,0,0,1,0,Medium
2020,1,Sunday,20,Balochistan,Sibi,National Highway,Good,Clear,Street Light,Truck/Lorry,1,Over Speeding,1,1,0,1,5,0,High
2020,1,Friday,19,Balochistan,Gwadar,Provincial Highway,Good,Clear,Dawn/Dusk,Car/Taxi,2,Drunk Driving,1,0,0,1,5,0,Medium
2022,6,Sunday,20,Sindh,Sukkur,Rural Road,Good,Clear,No Light,Rickshaw,1,Driver Fatigue,1,1,0,0,2,0,Low
2023,5,Thursday,17,Punjab,Rawalpindi,Rural Road,Under Repair,Clear,Daylight,Motorcycle,1,Driver Fatigue,1,0,0,0,4,1,Medium
2023,1,Wednesday,16,Sindh,Karachi,Provincial Highway,Average,Clear,Daylight,Motorcycle,3,Wrong Overtaking,0,0,0,1,7,1,High
2022,11,Monday,23,KPK,Charsadda,Rural Road,Good,Dusty/Smoggy,Street Light,Car/Taxi,3,Signal Violation,0,0,1,1,1,1,Medium
2018,5,Thursday,16,KPK,Swat,Rural Road,Good,Clear,No Light,Motorcycle,2,Wrong Overtaking,0,0,0,0,4,0,Medium
2019,2,Thursday,10,Sindh,Karachi,National Highway,Good,Foggy,Daylight,Bus/Coach,3,Wrong Overtaking,0,0,0,1,2,1,High
2021,12,Wednesday,10,Punjab,Gujranwala,Motorway,Poor,Foggy,No Light,Car/Taxi,2,Driver Fatigue,0,0,0,1,4,0,High
2020,8,Friday,7,Punjab,Rahim Yar Khan,Urban Road,Poor,Clear,Daylight,Car/Taxi,3,Road Condition,1,0,0,0,2,0,Low
2021,12,Friday,18,KPK,Charsadda,Rural Road,Good,Foggy,Daylight,Motorcycle,3,Wrong Overtaking,1,0,0,1,5,1,Medium
2019,3,Thursday,15,KPK,Charsadda,National Highway,Average,Clear,Daylight,Car/Taxi,2,Signal Violation,0,0,0,0,2,1,Medium
2022,9,Wednesday,8,Punjab,Rahim Yar Khan,Motorway,Average,Rainy,Dawn/Dusk,Motorcycle,2,Mechanical Failure,1,0,0,0,9,1,High
2023,2,Thursday,22,Punjab,Rawalpindi,Provincial Highway,Poor,Clear,Street Light,Car/Taxi,1,Mechanical Failure,0,0,1,1,2,0,Low
2022,10,Friday,20,KPK,Swat,Urban Road,Poor,Clear,No Light,Rickshaw,1,Driver Fatigue,1,0,0,0,0,0,Low
2022,2,Saturday,20,Punjab,Rahim Yar Khan,Provincial Highway,Average,Clear,Street Light,Motorcycle,3,Signal Violation,1,1,0,1,4,0,Medium
2019,2,Wednesday,14,Sindh,Larkana,Rural Road,Good,Clear,No Light,Car/Taxi,3,Wrong Overtaking,0,0,0,1,0,0,Low
2023,12,Saturday,13,Sindh,Sukkur,National Highway,Under Repair,Clear,Daylight,Motorcycle,1,Wrong Overtaking,1,1,0,1,2,0,Medium
2023,11,Wednesday,7,KPK,Mansehra,National Highway,Average,Clear,Daylight,Car/Taxi,2,Driver Fatigue,1,0,0,1,1,0,Medium
2018,7,Thursday,7,KPK,Abbottabad,Urban Road,Good,Foggy,Daylight,Motorcycle,1,Road Condition,1,0,0,0,3,1,Medium
2018,2,Friday,18,Punjab,Sialkot,National Highway,Good,Clear,Daylight,Bus/Coach,2,Signal Violation,1,0,0,1,4,0,Medium
2023,3,Sunday,5,Sindh,Mirpur Khas,National Highway,Good,Clear,Dawn/Dusk,Motorcycle,1,Over Speeding,0,1,1,0,11,1,High
2022,5,Friday,20,Punjab,Faisalabad,National Highway,Average,Clear,No Light,Motorcycle,2,Over Speeding,1,0,0,0,8,0,High
2018,12,Sunday,21,Balochistan,Chaman,National Highway,Good,Clear,Street Light,Car/Taxi,2,Mechanical Failure,0,1,0,1,5,0,Medium
2020,12,Saturday,9,Balochistan,Loralai,National Highway,Poor,Clear,Daylight,Car/Taxi,3,Driver Fatigue,1,1,0,1,3,0,Medium
2022,9,Wednesday,17,Punjab,Sargodha,Provincial Highway,Good,Foggy,Daylight,Car/Taxi,3,Road Condition,1,0,0,0,1,0,Low
2019,12,Thursday,19,Punjab,Sialkot,Provincial Highway,Average,Clear,Dawn/Dusk,Motorcycle,2,Over Speeding,1,0,0,1,7,2,High
2021,6,Thursday,19,Punjab,Sheikhupura,Urban Road,Good,Foggy,Street Light,Motorcycle,3,Mechanical Failure,1,0,0,0,3,2,Medium
2023,8,Thursday,11,Sindh,Larkana,National Highway,Poor,Clear,Daylight,Rickshaw,1,Driver Fatigue,0,0,0,0,5,0,Medium
2019,12,Wednesday,6,Punjab,Gujranwala,Provincial Highway,Average,Extreme Heat,Daylight,Rickshaw,3,Signal Violation,0,0,0,1,4,0,Medium
2021,5,Monday,21,KPK,Bannu,Urban Road,Good,Clear,No Light,Bicycle,4,Over Speeding,0,0,0,0,11,1,High
2022,12,Wednesday,13,KPK,Abbottabad,National Highway,Good,Dusty/Smoggy,Daylight,Motorcycle,1,Over Speeding,1,0,0,1,10,1,High
2019,4,Wednesday,20,Sindh,Sukkur,National Highway,Good,Clear,Street Light,Motorcycle,2,Signal Violation,1,0,0,0,1,0,Medium
2020,12,Friday,12,Balochistan,Chaman,National Highway,Average,Clear,Dawn/Dusk,Truck/Lorry,4,Over Speeding,1,0,0,1,6,2,High
2020,3,Wednesday,10,Punjab,Rahim Yar Khan,Provincial Highway,Good,Clear,No Light,Car/Taxi,2,Road Condition,0,0,0,0,1,0,Low
2023,4,Thursday,2,Balochistan,Zhob,Rural Road,Good,Rainy,No Light,Car/Taxi,2,Signal Violation,0,0,1,0,1,0,Medium
2023,2,Saturday,11,Punjab,Faisalabad,Urban Road,Poor,Dusty/Smoggy,Dawn/Dusk,Car/Taxi,2,Road Condition,0,1,0,1,2,0,Low
2022,6,Friday,13,Punjab,Rawalpindi,Urban Road,Poor,Clear,Daylight,Motorcycle,1,Wrong Overtaking,1,0,0,0,0,0,Low
2021,1,Thursday,17,Punjab,Bahawalpur,Provincial Highway,Good,Foggy,Daylight,Car/Taxi,1,Over Speeding,1,0,0,1,4,1,Medium
2023,8,Saturday,6,Sindh,Mirpur Khas,Urban Road,Average,Clear,Daylight,Car/Taxi,3,Over Speeding,0,1,0,0,5,0,Medium
2020,9,Saturday,16,Punjab,Faisalabad,Urban Road,Under Repair,Clear,Daylight,Motorcycle,4,Signal Violation,0,1,0,0,2,0,Medium
2021,5,Wednesday,19,Sindh,Sukkur,Urban Road,Poor,Clear,Dawn/Dusk,Car/Taxi,2,Wrong Overtaking,1,0,0,0,1,0,Low
2023,5,Friday,13,Punjab,Faisalabad,Motorway,Under Repair,Clear,Daylight,Car/Taxi,1,Over Speeding,1,0,0,0,4,0,Medium
2023,12,Saturday,7,Balochistan,Hub,Rural Road,Poor,Clear,No Light,Motorcycle,1,Pedestrian Error,1,1,0,1,0,0,Low
2023,8,Saturday,14,Sindh,Mirpur Khas,Provincial Highway,Average,Clear,Daylight,Motorcycle,1,Mechanical Failure,0,1,0,0,2,0,Low
2020,1,Wednesday,17,Sindh,Dadu,Motorway,Good,Clear,Daylight,Truck/Lorry,2,Signal Violation,1,0,0,1,4,0,Medium
2019,6,Thursday,10,Islamabad,Islamabad,National Highway,Good,Clear,Daylight,Motorcycle,3,Pedestrian Error,0,0,0,0,3,1,Medium
2021,5,Tuesday,12,KPK,Mansehra,Urban Road,Good,Clear,Daylight,Motorcycle,1,Over Speeding,1,0,0,0,5,0,High
2022,11,Wednesday,9,Sindh,Hyderabad,Provincial Highway,Average,Foggy,Street Light,Bicycle,2,Wrong Overtaking,1,0,0,1,3,1,High
2020,1,Friday,21,Sindh,Karachi,National Highway,Average,Clear,No Light,Motorcycle,2,Wrong Overtaking,0,0,0,1,8,0,High
2018,11,Sunday,18,Sindh,Jacobabad,Motorway,Poor,Clear,Street Light,Motorcycle,4,Wrong Overtaking,1,1,0,1,6,2,High
2021,10,Sunday,10,Punjab,Sargodha,Provincial Highway,Average,Dusty/Smoggy,Daylight,Car/Taxi,2,Over Speeding,0,1,0,0,3,1,Medium
2020,10,Friday,13,Punjab,Rahim Yar Khan,Provincial Highway,Average,Foggy,Daylight,Motorcycle,1,Over Speeding,1,0,0,0,7,1,High
2023,3,Sunday,12,Punjab,Sialkot,National Highway,Average,Clear,Daylight,Bus/Coach,1,Over Speeding,1,1,0,0,9,0,High
2023,12,Monday,5,KPK,Mardan,Rural Road,Good,Clear,Dawn/Dusk,Motorcycle,1,Drunk Driving,0,0,1,1,4,0,High
2020,5,Monday,8,Punjab,Bahawalpur,National Highway,Under Repair,Foggy,Street Light,Motorcycle,2,Mechanical Failure,1,0,0,0,10,0,High
2023,9,Friday,16,Punjab,Multan,Provincial Highway,Good,Foggy,Dawn/Dusk,Motorcycle,3,Mechanical Failure,0,0,0,0,5,1,Medium
2023,8,Saturday,13,Punjab,Sargodha,Provincial Highway,Average,Extreme Heat,Daylight,Truck/Lorry,3,Over Speeding,1,1,0,0,1,0,Medium
2022,12,Monday,4,KPK,Charsadda,National Highway,Average,Clear,No Light,Truck/Lorry,2,Driver Fatigue,0,0,1,1,8,2,High
2020,11,Saturday,6,Sindh,Jacobabad,Rural Road,Good,Clear,Daylight,Car/Taxi,2,Wrong Overtaking,0,1,0,1,1,0,Low
2018,6,Tuesday,16,KPK,Abbottabad,Rural Road,Average,Extreme Heat,Daylight,Van/Pickup,4,Over Speeding,0,0,0,0,2,0,Low
2023,7,Sunday,5,Punjab,Bahawalpur,Motorway,Good,Clear,Dawn/Dusk,Car/Taxi,2,Mechanical Failure,0,1,1,0,0,0,Low
2023,7,Saturday,9,Balochistan,Gwadar,Provincial Highway,Good,Clear,Daylight,Motorcycle,2,Over Speeding,1,1,0,0,8,0,High
2022,5,Thursday,16,Sindh,Thatta,Provincial Highway,Poor,Clear,No Light,Car/Taxi,2,Over Speeding,0,0,0,0,4,0,Medium
2018,12,Saturday,2,Sindh,Mirpur Khas,Provincial Highway,Good,Clear,No Light,Motorcycle,1,Over Speeding,0,1,1,1,7,0,High
2018,5,Tuesday,18,Islamabad,Islamabad,Rural Road,Good,Clear,Daylight,Motorcycle,1,Mechanical Failure,1,0,0,0,1,0,Medium
2021,1,Monday,8,AJK,Muzaffarabad,Urban Road,Good,Clear,Daylight,Bus/Coach,2,Wrong Overtaking,1,0,0,1,2,0,Low
2023,11,Monday,11,KPK,Abbottabad,Provincial Highway,Good,Dusty/Smoggy,Street Light,Motorcycle,2,Mechanical Failure,0,0,0,1,0,0,Low
2019,7,Friday,12,Islamabad,Islamabad,Urban Road,Good,Rainy,Street Light,Bus/Coach,2,Road Condition,1,0,0,0,0,0,Low
2019,1,Wednesday,10,Sindh,Hyderabad,Provincial Highway,Poor,Foggy,Daylight,Bus/Coach,1,Driver Fatigue,0,0,0,1,4,0,High
2018,11,Wednesday,9,Punjab,Multan,Rural Road,Poor,Dusty/Smoggy,Daylight,Truck/Lorry,2,Road Condition,1,0,0,1,2,0,Low
2022,7,Sunday,9,Punjab,Faisalabad,Rural Road,Poor,Clear,Daylight,Motorcycle,1,Drunk Driving,1,1,0,0,3,1,Medium
2022,11,Friday,11,Sindh,Hyderabad,National Highway,Good,Foggy,Dawn/Dusk,Motorcycle,3,Over Speeding,0,0,0,1,4,1,High
2019,3,Saturday,2,Sindh,Karachi,Provincial Highway,Good,Foggy,Street Light,Motorcycle,2,Pedestrian Error,0,1,1,0,2,0,Medium
2022,12,Tuesday,9,Sindh,Thatta,Urban Road,Average,Clear,Daylight,Motorcycle,1,Wrong Overtaking,1,0,0,1,3,1,Medium
2023,8,Monday,7,Balochistan,Quetta,Provincial Highway,Average,Clear,Daylight,Van/Pickup,2,Drunk Driving,1,0,0,0,4,0,Medium
2019,8,Friday,10,Sindh,Thatta,Provincial Highway,Poor,Clear,Dawn/Dusk,Truck/Lorry,1,Signal Violation,0,0,0,0,5,0,Medium
2019,10,Friday,17,Punjab,Sheikhupura,Rural Road,Good,Rainy,Daylight,Motorcycle,3,Over Speeding,1,0,0,0,6,2,High
2021,7,Saturday,22,Punjab,Sialkot,Urban Road,Good,Clear,No Light,Motorcycle,2,Driver Fatigue,0,1,1,0,10,1,High
2018,7,Friday,23,AJK,Rawalakot,Provincial Highway,Poor,Clear,No Light,Motorcycle,2,Over Speeding,0,0,1,0,3,0,High
2023,2,Friday,14,KPK,Mansehra,National Highway,Average,Extreme Heat,Daylight,Motorcycle,3,Mechanical Failure,0,0,0,1,3,0,Medium
2023,11,Friday,10,Sindh,Karachi,Rural Road,Poor,Clear,Daylight,Bus/Coach,2,Over Speeding,0,0,0,1,1,0,Medium
2022,11,Thursday,18,KPK,Peshawar,Provincial Highway,Good,Foggy,Street Light,Truck/Lorry,3,Wrong Overtaking,1,0,0,1,3,2,Medium
2018,4,Friday,13,KPK,Peshawar,Rural Road,Good,Foggy,Daylight,Car/Taxi,1,Pedestrian Error,1,0,0,0,1,0,Low
2018,12,Thursday,21,Islamabad,Islamabad,National Highway,Good,Dusty/Smoggy,No Light,Car/Taxi,2,Road Condition,0,0,0,1,1,0,Low
2022,4,Friday,4,Punjab,Rawalpindi,Urban Road,Poor,Clear,Street Light,Motorcycle,3,Weather Condition,0,0,1,0,5,0,Medium
2021,11,Friday,14,Sindh,Jacobabad,Urban Road,Good,Clear,Street Light,Motorcycle,2,Drunk Driving,0,0,0,1,1,0,Medium
2021,2,Saturday,17,Punjab,Bahawalpur,National Highway,Good,Clear,Dawn/Dusk,Motorcycle,3,Pedestrian Error,1,1,0,1,2,0,Medium
2022,8,Saturday,19,Islamabad,Islamabad,Provincial Highway,Average,Clear,Street Light,Motorcycle,1,Signal Violation,1,1,0,0,11,1,High
2020,7,Saturday,17,AJK,Muzaffarabad,National Highway,Average,Clear,Street Light,Motorcycle,3,Wrong Overtaking,1,1,0,0,5,1,High
2023,9,Sunday,11,KPK,Mansehra,Provincial Highway,Poor,Clear,Daylight,Rickshaw,1,Drunk Driving,0,1,0,0,2,0,Low
2019,9,Sunday,1,Sindh,Thatta,Urban Road,Poor,Clear,Street Light,Bus/Coach,1,Over Speeding,0,1,1,0,1,0,Medium
2023,6,Tuesday,14,Sindh,Mirpur Khas,Urban Road,Good,Rainy,Daylight,Car/Taxi,1,Wrong Overtaking,0,0,0,0,2,0,Medium
2022,1,Thursday,19,Sindh,Hyderabad,Provincial Highway,Good,Clear,Dawn/Dusk,Car/Taxi,4,Wrong Overtaking,1,0,0,1,0,0,Low
2020,10,Monday,20,Punjab,Multan,Rural Road,Average,Clear,No Light,Motorcycle,3,Wrong Overtaking,1,0,0,0,0,0,Low
2023,10,Wednesday,19,Sindh,Larkana,Urban Road,Good,Clear,Dawn/Dusk,Motorcycle,1,Over Speeding,1,0,0,0,11,4,High
2020,1,Saturday,17,Punjab,Multan,Urban Road,Poor,Extreme Heat,Daylight,Rickshaw,3,Signal Violation,1,1,0,1,2,0,Low
2021,1,Wednesday,17,Gilgit-Baltistan,Skardu,National Highway,Average,Clear,Street Light,Rickshaw,2,Pedestrian Error,1,0,0,1,0,0,Low
2018,12,Friday,4,Sindh,Thatta,Provincial Highway,Poor,Foggy,No Light,Bus/Coach,2,Over Speeding,0,0,1,1,9,1,High
2022,9,Thursday,18,Islamabad,Islamabad,National Highway,Poor,Clear,Daylight,Motorcycle,1,Signal Violation,1,0,0,0,1,1,Medium
2023,6,Friday,19,KPK,Mansehra,National Highway,Good,Clear,Dawn/Dusk,Truck/Lorry,1,Over Speeding,1,0,0,0,4,0,Medium
2020,1,Thursday,16,Punjab,Sheikhupura,National Highway,Poor,Clear,Daylight,Motorcycle,1,Wrong Overtaking,0,0,0,1,4,1,High
2019,2,Friday,21,Punjab,Rahim Yar Khan,Provincial Highway,Good,Foggy,Street Light,Motorcycle,3,Over Speeding,0,0,0,1,3,2,High
2023,10,Wednesday,19,Gilgit-Baltistan,Gilgit,Provincial Highway,Good,Clear,Street Light,Motorcycle,2,Road Condition,1,0,0,0,3,0,Medium
2018,12,Thursday,17,KPK,Peshawar,National Highway,Poor,Extreme Heat,Daylight,Rickshaw,4,Mobile Phone Use,1,0,0,1,4,1,Medium
2021,3,Monday,9,Punjab,Faisalabad,National Highway,Average,Foggy,Daylight,Motorcycle,3,Drunk Driving,1,0,0,0,8,1,High
2020,10,Friday,13,Punjab,Gujranwala,Provincial Highway,Average,Clear,No Light,Bicycle,3,Signal Violation,1,0,0,0,2,0,Medium
2018,1,Saturday,7,KPK,Mansehra,National Highway,Good,Clear,Daylight,Bus/Coach,2,Over Speeding,1,1,0,1,2,1,Medium
2023,11,Monday,19,Punjab,Rawalpindi,National Highway,Average,Clear,No Light,Bicycle,1,Signal Violation,1,0,0,1,9,1,High
2022,6,Saturday,20,Punjab,Lahore,Rural Road,Average,Foggy,Street Light,Bus/Coach,2,Over Speeding,1,1,0,0,4,0,Medium
2020,1,Friday,12,KPK,Nowshera,Provincial Highway,Average,Clear,Street Light,Motorcycle,3,Driver Fatigue,1,0,0,1,6,3,High
2019,2,Saturday,14,KPK,Peshawar,Provincial Highway,Under Repair,Clear,Daylight,Motorcycle,2,Wrong Overtaking,0,1,0,1,5,2,Medium
2021,6,Saturday,14,Sindh,Jacobabad,National Highway,Good,Extreme Heat,Street Light,Motorcycle,2,Over Speeding,0,1,0,0,10,2,High
2023,1,Wednesday,11,Islamabad,Islamabad,Provincial Highway,Average,Foggy,Daylight,Motorcycle,4,Over Speeding,0,0,0,1,6,3,High
2023,1,Thursday,12,KPK,Bannu,Urban Road,Average,Clear,Daylight,Rickshaw,1,Mechanical Failure,1,0,0,1,0,0,Low
2020,5,Friday,14,Balochistan,Quetta,Provincial Highway,Good,Foggy,Daylight,Motorcycle,2,Mechanical Failure,0,0,0,0,2,0,Medium
2019,7,Thursday,0,Punjab,Bahawalpur,Urban Road,Average,Rainy,Street Light,Motorcycle,2,Wrong Overtaking,0,0,1,0,4,1,Medium
2018,8,Sunday,17,Punjab,Rahim Yar Khan,Motorway,Average,Clear,Daylight,Car/Taxi,2,Road Condition,1,1,0,0,5,2,Medium
2021,1,Friday,8,Punjab,Sheikhupura,Provincial Highway,Good,Clear,Daylight,Car/Taxi,2,Road Condition,1,0,0,1,2,0,Low
2023,7,Sunday,13,Punjab,Bahawalpur,Urban Road,Good,Clear,Daylight,Van/Pickup,1,Mechanical Failure,1,1,0,0,0,0,Low
2022,10,Wednesday,21,AJK,Muzaffarabad,National Highway,Average,Clear,No Light,Car/Taxi,1,Wrong Overtaking,0,0,0,0,1,0,Medium
2019,6,Saturday,18,Islamabad,Islamabad,Urban Road,Poor,Clear,Daylight,Car/Taxi,4,Pedestrian Error,1,1,0,0,1,0,Low
2023,8,Thursday,15,KPK,Swat,National Highway,Poor,Clear,Daylight,Motorcycle,2,Wrong Overtaking,0,0,0,0,5,2,High
2023,12,Saturday,20,Sindh,Kashmore,National Highway,Good,Foggy,Street Light,Motorcycle,1,Road Condition,1,1,0,1,4,0,Medium
2022,3,Wednesday,16,KPK,Swat,Provincial Highway,Average,Rainy,Daylight,Motorcycle,2,Signal Violation,0,0,0,0,9,0,High
2019,5,Tuesday,21,Sindh,Karachi,Urban Road,Poor,Foggy,Street Light,Motorcycle,1,Over Speeding,0,0,0,0,3,0,Medium
2022,5,Wednesday,12,Punjab,Sargodha,Urban Road,Poor,Foggy,Daylight,Rickshaw,2,Signal Violation,1,0,0,0,2,0,Medium
2022,6,Sunday,7,Sindh,Jacobabad,Rural Road,Average,Foggy,Dawn/Dusk,Rickshaw,1,Over Speeding,1,1,0,0,2,0,Low
2020,1,Saturday,10,Sindh,Kashmore,Motorway,Good,Clear,Daylight,Car/Taxi,2,Drunk Driving,0,1,0,1,5,2,High
2021,6,Tuesday,8,Punjab,Sheikhupura,National Highway,Good,Clear,Daylight,Car/Taxi,4,Signal Violation,1,0,0,0,1,2,Medium
2018,12,Wednesday,6,Punjab,Bahawalpur,Motorway,Poor,Clear,Daylight,Car/Taxi,2,Over Speeding,0,0,0,1,3,1,Medium
2023,9,Saturday,16,Punjab,Rawalpindi,National Highway,Average,Foggy,Daylight,Rickshaw,1,Road Condition,0,1,0,0,0,0,Low