year,month,day_of_week,hour_of_day,province,district,road_type,road_condition,weather_condition,lighting_condition,vehicle_type,vehicles_involved,accident_cause,is_rush_hour,is_weekend,is_night,is_foggy_month,num_injured,num_killed,severity
2023,10,Wednesday,17,Sindh,Hyderabad,Urban Road,Average,Clear,Daylight,Motorcycle,2,Driver Fatigue,1,0,0,0,3,1,Medium
2018,1,Saturday,22,Punjab,Rahim Yar Khan,National Highway,Average,Foggy,Street Light,Car/Taxi,1,Over Speeding,0,1,1,1,10,1,High
2019,5,Monday,12,KPK,Abbottabad,National Highway,Poor,Foggy,Daylight,Motorcycle,1,Drunk Driving,1,0,0,0,5,1,High
2020,2,Wednesday,19,Sindh,Thatta,Provincial Highway,Good,Foggy,Dawn/Dusk,Car/Taxi,2,Drunk Driving,1,0,0,1,6,2,High
2019,3,Friday,5,Punjab,Sialkot,National Highway,Poor,Clear,Dawn/Dusk,Car/Taxi,2,Mechanical Failure,0,0,1,0,4,0,Medium
2019,1,Wednesday,22,KPK,Abbottabad,Provincial Highway,Poor,Dusty/Smoggy,Street Light,Van/Pickup,3,Mobile Phone Use,0,0,1,1,1,0,Low
2019,6,Wednesday,21,Sindh,Hyderabad,National Highway,Poor,Clear,No Light,Motorcycle,2,Mechanical Failure,0,0,0,0,5,0,Medium
2022,6,Wednesday,20,Punjab,Lahore,National Highway,Good,Rainy,Street Light,Bus/Coach,2,Mechanical Failure,1,0,0,0,5,1,Medium
2018,6,Saturday,21,Balochistan,Chaman,National Highway,Average,Clear,Street Light,Motorcycle,4,Over Speeding,0,1,0,0,8,0,High
2018,12,Monday,22,Punjab,Rawalpindi,National Highway,Under Repair,Foggy,Street Light,Rickshaw,1,Over Speeding,0,0,1,1,2,2,High
2023,7,Friday,5,Balochistan,Khuzdar,Provincial Highway,Good,Clear,Dawn/Dusk,Other,1,Drunk Driving,0,0,1,0,2,0,Medium
2020,10,Saturday,10,Sindh,Mirpur Khas,Rural Road,Average,Clear,Daylight,Car/Taxi,2,Weather Condition,0,1,0,0,1,0,Low
2020,10,Monday,3,Punjab,Gujranwala,Urban Road,Poor,Clear,Street Light,Car/Taxi,4,Over Speeding,0,0,1,0,4,0,Medium
2022,5,Wednesday,11,Sindh,Dadu,Provincial Highway,Under Repair,Rainy,Daylight,Motorcycle,1,Over Speeding,0,0,0,0,7,0,High
2022,1,Thursday,8,Punjab,Gujranwala,Rural Road,Good,Clear,Daylight,Motorcycle,3,Over Speeding,1,0,0,1,2,1,Medium
2020,1,Friday,19,Punjab,Sargodha,National Highway,Good,Foggy,Dawn/Dusk,Bus/Coach,4,Wrong Overtaking,1,0,0,1,2,1,High
2018,11,Wednesday,19,Punjab,Sargodha,Rural Road,Average,Rainy,Dawn/Dusk,Car/Taxi,3,Road Condition,1,0,0,1,0,0,Low
2019,1,Sunday,19,Punjab,Sargodha,Urban Road,Good,Clear,Dawn/Dusk,Motorcycle,3,Over Speeding,1,1,0,1,11,2,High
2019,7,Friday,20,KPK,Kohat,National Highway,Good,Clear,Street Light,Bus/Coach,2,Drunk Driving,1,0,0,0,1,0,Medium
2023,6,Monday,22,KPK,Abbottabad,National Highway,Good,Clear,No Light,Motorcycle,2,Pedestrian Error,0,0,1,0,5,0,Medium
2020,7,Tuesday,14,Balochistan,Loralai,National Highway,Good,Rainy,Daylight,Motorcycle,2,Over Speeding,0,0,0,0,10,2,High
2019,5,Wednesday,18,Punjab,Bahawalpur,Rural Road,Poor,Clear,Daylight,Car/Taxi,2,Road Condition,1,0,0,0,0,0,Low
2018,11,Thursday,23,KPK,Swat,Urban Road,Average,Clear,No Light,Truck/Lorry,1,Mechanical Failure,0,0,1,1,2,0,Low
2021,1,Saturday,1,Punjab,Sialkot,Rural Road,Poor,Foggy,Street Light,Motorcycle,2,Road Condition,0,1,1,1,5,1,High
2022,2,Saturday,17,Sindh,Mirpur Khas,National Highway,Good,Clear,Daylight,Motorcycle,2,Over Speeding,1,1,0,1,3,2,High
2023,9,Wednesday,10,Balochistan,Dera Bugti,National Highway,Good,Foggy,Daylight,Car/Taxi,1,Signal Violation,0,0,0,0,1,0,Medium
2018,12,Monday,8,Punjab,Faisalabad,Provincial Highway,Good,Rainy,Daylight,Car/Taxi,2,Road Condition,1,0,0,1,2,0,Low
2022,10,Friday,9,AJK,Muzaffarabad,Provincial Highway,Good,Rainy,Daylight,Motorcycle,3,Over Speeding,1,0,0,0,4,0,High
2022,9,Thursday,18,KPK,Mansehra,Provincial Highway,Good,Clear,Daylight,Car/Taxi,2,Wrong Overtaking,1,0,0,0,0,0,Low
2023,5,Friday,9,KPK,Dera Ismail Khan,Provincial Highway,Good,Rainy,Street Light,Motorcycle,1,Mechanical Failure,1,0,0,0,1,0,Medium
2023,10,Thursday,6,KPK,Mansehra,Rural Road,Good,Foggy,No Light,Truck/Lorry,2,Wrong Overtaking,0,0,0,0,1,1,Medium
2023,1,Thursday,21,KPK,Nowshera,Urban Road,Good,Rainy,No Light,Bus/Coach,2,Over Speeding,0,0,0,1,1,0,Medium
2023,6,Thursday,14,Gilgit-Baltistan,Gilgit,Rural Road,Average,Clear,Daylight,Motorcycle,1,Pedestrian Error,0,0,0,0,2,0,Low
2023,7,Friday,11,KPK,Peshawar,National Highway,Good,Dusty/Smoggy,Street Light,Car/Taxi,3,Signal Violation,0,0,0,0,4,1,Medium
2021,7,Saturday,12,Punjab,Sialkot,National Highway,Under Repair,Clear,Daylight,Bus/Coach,2,Road Condition,1,1,0,0,2,1,Medium
2023,11,Monday,12,Sindh,Larkana,Rural Road,Good,Foggy,Daylight,Motorcycle,2,Wrong Overtaking,1,0,0,1,5,1,Medium
2022,12,Sunday,18,Punjab,Sargodha,Provincial Highway,Good,Clear,Daylight,Motorcycle,2,Mechanical Failure,1,1,0,1,1,0,Medium
2021,12,Tuesday,8,AJK,Mirpur,Provincial Highway,Good,Dusty/Smoggy,Daylight,Motorcycle,3,Over Speeding,1,0,0,1,5,2,High
2021,5,Wednesday,19,Balochistan,Sibi,Urban Road,Average,Clear,No Light,Van/Pickup,2,Wrong Overtaking,1,0,0,0,0,0,Low
2018,3,Sunday,16,Sindh,Jacobabad,National Highway,Poor,Clear,Dawn/Dusk,Car/Taxi,3,Wrong Overtaking,0,1,0,0,1,2,Medium
2019,11,Sunday,22,KPK,Kohat,Provincial Highway,Average,Clear,No Light,Car/Taxi,2,Pedestrian Error,0,1,1,1,2,0,Low
2022,3,Thursday,8,Balochistan,Turbat,Provincial Highway,Under Repair,Rainy,Daylight,Rickshaw,2,Driver Fatigue,1,0,0,0,5,1,Medium
2023,2,Saturday,17,Punjab,Lahore,Motorway,Good,Foggy,Daylight,Motorcycle,1,Wrong Overtaking,1,1,0,1,6,2,High
2021,6,Saturday,13,Sindh,Mirpur Khas,Rural Road,Poor,Clear,Dawn/Dusk,Car/Taxi,4,Wrong Overtaking,1,1,0,0,1,0,Low
2022,9,Thursday,19,Sindh,Kashmore,Rural Road,Good,Clear,Dawn/Dusk,Car/Taxi,1,Signal Violation,1,0,0,0,0,0,Low
2019,1,Saturday,20,KPK,Kohat,Rural Road,Average,Clear,No Light,Car/Taxi,2,Drunk Driving,1,1,0,1,2,0,Low
2020,3,Wednesday,17,Punjab,Rawalpindi,National Highway,Poor,Extreme Heat,No Light,Van/Pickup,2,Over Speeding,1,0,0,0,1,1,Medium
2021,12,Saturday,14,KPK,Bannu,National Highway,Average,Dusty/Smoggy,No Light,Truck/Lorry,2,Weather Condition,0,1,0,1,5,1,Medium
2021,12,Sunday,16,Punjab,Rahim Yar Khan,Rural Road,Average,Clear,Dawn/Dusk,Bus/Coach,2,Over Speeding,0,1,0,1,3,0,Medium
2021,9,Friday,21,Punjab,Lahore,National Highway,Average,Clear,No Light,Motorcycle,3,Over Speeding,0,0,0,0,10,4,High
2022,11,Sunday,18,Punjab,Gujranwala,Urban Road,Average,Foggy,Dawn/Dusk,Van/Pickup,2,Wrong Overtaking,1,1,0,1,1,0,Low
2021,1,Monday,16,Punjab,Multan,Provincial Highway,Under Repair,Foggy,Daylight,Car/Taxi,2,Wrong Overtaking,0,0,0,1,5,0,Medium
2023,6,Friday,18,Punjab,Faisalabad,Urban Road,Under Repair,Clear,Daylight,Motorcycle,2,Over Speeding,1,0,0,0,5,1,Medium
2020,12,Monday,21,Sindh,Karachi,National Highway,Under Repair,Clear,No Light,Motorcycle,2,Pedestrian Error,0,0,0,1,2,1,High
2023,10,Tuesday,19,KPK,Dera Ismail Khan,Urban Road,Good,Foggy,Street Light,Motorcycle,1,Pedestrian Error,1,0,0,0,5,1,Medium
2022,3,Saturday,15,Punjab,Multan,Provincial Highway,Average,Rainy,Street Light,Motorcycle,2,Wrong Overtaking,0,1,0,0,8,0,High
2023,2,Tuesday,19,Sindh,Nawabshah,Provincial Highway,Good,Clear,No Light,Van/Pickup,3,Over Speeding,1,0,0,1,5,0,Medium
2018,10,Sunday,14,Sindh,Thatta,Urban Road,Average,Clear,Daylight,Rickshaw,2,Over Speeding,0,1,0,0,3,1,Medium
2019,10,Friday,22,Punjab,Rahim Yar Khan,Urban Road,Under Repair,Foggy,No Light,Van/Pickup,3,Mobile Phone Use,0,0,1,0,2,0,Low
2020,4,Friday,12,Punjab,Faisalabad,Urban Road,Average,Foggy,Daylight,Car/Taxi,2,Wrong Overtaking,1,0,0,0,0,0,Low
2020,12,Friday,18,KPK,Mardan,Urban Road,Good,Clear,Daylight,Motorcycle,3,Driver Fatigue,1,0,0,1,6,1,High
2019,6,Saturday,3,Punjab,Sialkot,Rural Road,Good,Clear,No Light,Bus/Coach,2,Signal Violation,0,1,1,0,1,0,Low
2021,3,Wednesday,19,Punjab,Multan,National Highway,Under Repair,Clear,Street Light,Car/Taxi,1,Over Speeding,1,0,0,0,4,1,Medium
2021,12,Saturday,16,Gilgit-Baltistan,Skardu,National Highway,Average,Clear,Street Light,Motorcycle,2,Driver Fatigue,0,1,0,1,11,2,High
2023,11,Thursday,8,KPK,Bannu,Rural Road,Good,Dusty/Smoggy,Daylight,Motorcycle,2,Over Speeding,1,0,0,1,3,2,Medium
2019,8,Sunday,1,Sindh,Larkana,National Highway,Poor,Foggy,Street Light,Rickshaw,3,Signal Violation,0,1,1,0,11,1,High
2022,9,Wednesday,16,Sindh,Hyderabad,Provincial Highway,Poor,Clear,Street Light,Truck/Lorry,2,Over Speeding,0,0,0,0,1,2,Medium
2019,12,Friday,12,Balochistan,Quetta,Rural Road,Average,Rainy,Daylight,Motorcycle,2,Drunk Driving,1,0,0,1,5,2,High
2021,7,Saturday,18,Balochistan,Zhob,Provincial Highway,Good,Dusty/Smoggy,Daylight,Motorcycle,1,Signal Violation,1,1,0,0,2,0,Medium
2023,6,Tuesday,3,Punjab,Lahore,Rural Road,Poor,Extreme Heat,No Light,Motorcycle,2,Mechanical Failure,0,0,1,0,5,1,Medium
2023,7,Friday,0,Sindh,Nawabshah,Rural Road,Under Repair,Clear,Street Light,Other,4,Mechanical Failure,0,0,1,0,1,0,Low
2023,2,Thursday,12,Sindh,Thatta,Rural Road,Good,Clear,Daylight,Motorcycle,4,Weather Condition,1,0,0,1,1,0,Low
2021,9,Thursday,10,Punjab,Sialkot,National Highway,Average,Extreme Heat,Daylight,Car/Taxi,2,Drunk Driving,0,0,0,0,8,1,High
2022,11,Friday,20,Islamabad,Islamabad,National Highway,Under Repair,Clear,Street Light,Car/Taxi,2,Wrong Overtaking,1,0,0,1,1,0,Low
2019,2,Thursday,23,Sindh,Larkana,Rural Road,Good,Clear,No Light,Motorcycle,1,Mechanical Failure,0,0,1,1,2,1,Medium
2023,12,Tuesday,19,Punjab,Faisalabad,Urban Road,Under Repair,Foggy,Dawn/Dusk,Rickshaw,2,Pedestrian Error,1,0,0,1,1,0,Low
2020,10,Friday,16,Balochistan,Hub,Provincial Highway,Poor,Rainy,Dawn/Dusk,Rickshaw,2,Over Speeding,0,0,0,0,4,1,Medium
2019,9,Thursday,22,Punjab,Gujranwala,Provincial Highway,Good,Clear,Street Light,Truck/Lorry,2,Driver Fatigue,0,0,1,0,7,3,High
2022,4,Tuesday,18,Punjab,Bahawalpur,National Highway,Under Repair,Foggy,Daylight,Van/Pickup,2,Wrong Overtaking,1,0,0,0,3,2,Medium
2022,11,Tuesday,14,KPK,Abbottabad,Provincial Highway,Good,Clear,Dawn/Dusk,Bicycle,3,Over Speeding,0,0,0,1,4,1,Medium
2021,1,Monday,20,Punjab,Faisalabad,Provincial Highway,Under Repair,Clear,Street Light,Motorcycle,3,Road Condition,1,0,0,1,2,0,Low
2019,1,Monday,7,KPK,Peshawar,Urban Road,Poor,Extreme Heat,Daylight,Motorcycle,1,Mobile Phone Use,1,0,0,1,1,0,Low
2022,7,Saturday,22,Punjab,Faisalabad,Urban Road,Average,Clear,No Light,Motorcycle,1,Wrong Overtaking,0,1,1,0,6,0,High
2022,2,Sunday,22,Punjab,Faisalabad,Provincial Highway,Good,Clear,Street Light,Motorcycle,2,Pedestrian Error,0,1,1,1,1,1,Medium
2020,8,Saturday,14,Punjab,Lahore,Provincial Highway,Good,Clear,Dawn/Dusk,Car/Taxi,1,Signal Violation,0,1,0,0,0,0,Low
2019,9,Wednesday,19,KPK,Charsadda,Provincial Highway,Average,Clear,Street Light,Car/Taxi,1,Over Speeding,1,0,0,0,2,2,Medium
2023,1,Sunday,18,Punjab,Bahawalpur,National Highway,Average,Clear,Daylight,Motorcycle,1,Signal Violation,1,1,0,1,10,1,High
2020,5,Monday,6,Sindh,Kashmore,National Highway,Good,Dusty/Smoggy,Daylight,Bus/Coach,2,Over Speeding,0,0,0,0,7,2,High
2020,11,Thursday,11,KPK,Swat,Rural Road,Under Repair,Clear,Daylight,Motorcycle,2,Signal Violation,0,0,0,1,5,1,Medium
2021,5,Sunday,13,Balochistan,Khuzdar,Provincial Highway,Average,Clear,Daylight,Car/Taxi,3,Wrong Overtaking,1,1,0,0,3,0,Medium
2022,6,Sunday,23,KPK,Peshawar,Urban Road,Poor,Clear,Street Light,Motorcycle,2,Pedestrian Error,0,1,1,0,1,0,Low
2023,1,Sunday,18,Sindh,Thatta,Urban Road,Poor,Clear,Daylight,Car/Taxi,2,Road Condition,1,1,0,1,0,0,Low
2021,7,Saturday,5,Sindh,Thatta,Rural Road,Average,Rainy,Dawn/Dusk,Motorcycle,4,Signal Violation,0,1,1,0,5,1,Medium
2018,2,Saturday,5,KPK,Swat,Provincial Highway,Good,Dusty/Smoggy,Daylight,Motorcycle,1,Over Speeding,0,1,1,1,7,0,High
2021,2,Monday,19,Balochistan,Hub,Rural Road,Poor,Clear,Daylight,Car/Taxi,3,Drunk Driving,1,0,0,1,5,2,Medium
2018,8,Wednesday,16,Balochistan,Gwadar,Motorway,Average,Foggy,Daylight,Car/Taxi,1,Over Speeding,0,0,0,0,11,1,High
2018,12,Wednesday,15,Islamabad,Islamabad,Urban Road,Poor,Rainy,Daylight,Motorcycle,2,Over Speeding,0,0,0,1,4,1,High
2020,7,Saturday,7,KPK,Kohat,Rural Road,Good,Rainy,Daylight,Truck/Lorry,2,Wrong Overtaking,1,1,0,0,5,0,Medium
2021,10,Wednesday,3,Punjab,Multan,Motorway,Poor,Foggy,No Light,Motorcycle,3,Wrong Overtaking,0,0,1,0,6,2,High
2018,3,Sunday,12,KPK,Bannu,Provincial Highway,Average,Dusty/Smoggy,Daylight,Motorcycle,1,Wrong Overtaking,1,1,0,0,9,1,High
2023,12,Sunday,11,KPK,Peshawar,Provincial Highway,Under Repair,Clear,No Light,Motorcycle,4,Mobile Phone Use,0,1,0,1,0,1,Low
2023,8,Monday,17,Balochistan,Dera Bugti,National Highway,Good,Rainy,Daylight,Motorcycle,2,Over Speeding,1,0,0,0,6,1,High
2018,4,Wednesday,21,Islamabad,Islamabad,National Highway,Poor,Foggy,Street Light,Truck/Lorry,3,Driver Fatigue,0,0,0,0,7,2,High
2020,6,Thursday,17,Sindh,Kashmore,Urban Road,Poor,Clear,Daylight,Car/Taxi,3,Over Speeding,1,0,0,0,2,0,Low
2023,2,Friday,21,Sindh,Sukkur,Motorway,Good,Extreme Heat,No Light,Motorcycle,3,Over Speeding,0,0,0,1,10,1,High
2021,5,Friday,17,Punjab,Sargodha,Provincial Highway,Good,Clear,Daylight,Car/Taxi,1,Over Speeding,1,0,0,0,1,0,Low
2020,3,Tuesday,20,Sindh,Nawabshah,Rural Road,Average,Clear,No Light,Motorcycle,2,Wrong Overtaking,1,0,0,0,1,0,Medium
2023,2,Saturday,8,Sindh,Thatta,National Highway,Average,Dusty/Smoggy,Daylight,Car/Taxi,4,Wrong Overtaking,1,1,0,1,4,1,Medium
2022,5,Sunday,19,Islamabad,Islamabad,Provincial Highway,Under Repair,Dusty/Smoggy,Dawn/Dusk,Motorcycle,3,Wrong Overtaking,1,1,0,0,1,0,Medium
2019,12,Wednesday,7,Balochistan,Zhob,Provincial Highway,Poor,Extreme Heat,Street Light,Motorcycle,1,Driver Fatigue,1,0,0,1,3,2,High
2021,12,Saturday,16,KPK,Charsadda,Urban Road,Good,Clear,Daylight,Motorcycle,2,Wrong Overtaking,0,1,0,1,5,0,Medium
2023,9,Saturday,15,Punjab,Lahore,Rural Road,Average,Rainy,No Light,Motorcycle,2,Drunk Driving,0,1,0,0,10,1,High
2023,2,Tuesday,20,Punjab,Sheikhupura,National Highway,Poor,Clear,Street Light,Motorcycle,2,Over Speeding,1,0,0,1,11,2,High
2019,1,Saturday,8,KPK,Kohat,National Highway,Average,Clear,Daylight,Van/Pickup,1,Over Speeding,1,1,0,1,6,0,High
2022,6,Monday,10,Punjab,Rahim Yar Khan,Urban Road,Under Repair,Foggy,Daylight,Bus/Coach,1,Drunk Driving,0,0,0,0,5,1,High
2018,3,Saturday,9,Punjab,Faisalabad,Provincial Highway,Good,Rainy,Daylight,Van/Pickup,3,Signal Violation,1,1,0,0,5,0,Medium
2018,5,Thursday,22,Balochistan,Quetta,Urban Road,Poor,Clear,Street Light,Truck/Lorry,1,Mobile Phone Use,0,0,1,0,1,1,Low
2018,4,Friday,21,Punjab,Multan,National Highway,Good,Clear,No Light,Truck/Lorry,2,Over Speeding,0,0,0,0,5,3,High
2020,2,Saturday,7,Punjab,Rahim Yar Khan,Provincial Highway,Average,Rainy,Street Light,Bus/Coach,3,Wrong Overtaking,1,1,0,1,4,0,Medium
2020,12,Thursday,9,Sindh,Thatta,National Highway,Average,Clear,Dawn/Dusk,Car/Taxi,3,Drunk Driving,1,0,0,1,1,0,Medium
2022,8,Friday,20,Islamabad,Islamabad,Rural Road,Average,Foggy,No Light,Rickshaw,2,Road Condition,1,0,0,0,2,0,Low
2022,7,Thursday,17,KPK,Abbottabad,Provincial Highway,Average,Clear,Daylight,Rickshaw,1,Wrong Overtaking,1,0,0,0,0,0,Low
2023,7,Thursday,6,AJK,Rawalakot,National Highway,Average,Clear,Daylight,Car/Taxi,2,Pedestrian Error,0,0,0,0,0,0,Low
2022,2,Monday,22,KPK,Dera Ismail Khan,Urban Road,Good,Clear,No Light,Truck/Lorry,4,Wrong Overtaking,0,0,1,1,5,0,Medium
2023,1,Monday,0,Sindh,Larkana,National Highway,Poor,Clear,No Light,Bicycle,1,Over Speeding,0,0,1,1,3,3,High
2019,4,Sunday,19,Islamabad,Islamabad,National Highway,Under Repair,Clear,Daylight,Van/Pickup,1,Wrong Overtaking,1,1,0,0,4,0,Medium
2022,8,Saturday,16,Sindh,Hyderabad,National Highway,Poor,Extreme Heat,Daylight,Motorcycle,2,Drunk Driving,0,1,0,0,3,3,High
2022,2,Thursday,9,Punjab,Faisalabad,Rural Road,Good,Rainy,Daylight,Motorcycle,3,Pedestrian Error,1,0,0,1,3,0,Medium
2021,4,Monday,19,Sindh,Hyderabad,Urban Road,Average,Rainy,Street Light,Motorcycle,1,Over Speeding,1,0,0,0,2,0,Medium
2023,2,Monday,7,KPK,Dera Ismail Khan,National Highway,Average,Foggy,Daylight,Motorcycle,2,Mechanical Failure,1,0,0,1,6,1,High
2019,7,Thursday,22,Balochistan,Quetta,Rural Road,Average,Foggy,No Light,Car/Taxi,1,Road Condition,0,0,1,0,2,0,Low
2022,3,Friday,14,Punjab,Rahim Yar Khan,Rural Road,Average,Foggy,Daylight,Car/Taxi,2,Road Condition,0,0,0,0,0,0,Low
2018,1,Friday,12,Sindh,Kashmore,National Highway,Poor,Clear,Daylight,Car/Taxi,4,Over Speeding,1,0,0,1,1,1,Medium
2021,8,Sunday,15,Balochistan,Hub,Provincial Highway,Average,Rainy,No Light,Truck/Lorry,2,Over Speeding,0,1,0,0,9,2,High
2018,2,Sunday,10,Punjab,Gujranwala,Rural Road,Average,Foggy,Street Light,Bus/Coach,1,Over Speeding,0,1,0,1,1,2,Medium
2022,12,Saturday,14,KPK,Abbottabad,Urban Road,Good,Clear,Dawn/Dusk,Car/Taxi,2,Pedestrian Error,0,1,0,1,1,0,Low
2018,6,Sunday,9,Sindh,Sukkur,National Highway,Average,Clear,Dawn/Dusk,Motorcycle,2,Over Speeding,1,1,0,0,11,1,High
2020,9,Thursday,16,Punjab,Bahawalpur,National Highway,Good,Clear,Daylight,Bus/Coach,1,Over Speeding,0,0,0,0,11,0,High
2023,8,Monday,14,Sindh,Kashmore,National Highway,Good,Clear,Daylight,Motorcycle,1,Signal Violation,0,0,0,0,9,4,High
2019,9,Wednesday,10,Punjab,Sargodha,Urban Road,Average,Clear,Daylight,Motorcycle,3,Driver Fatigue,0,0,0,0,3,1,High
2023,5,Friday,18,KPK,Swat,Urban Road,Under Repair,Clear,Daylight,Car/Taxi,4,Wrong Overtaking,1,0,0,0,1,0,Low
2023,6,Thursday,13,Islamabad,Islamabad,Provincial Highway,Average,Clear,Dawn/Dusk,Car/Taxi,2,Driver Fatigue,1,0,0,0,1,0,Medium
2023,10,Thursday,9,Sindh,Thatta,National Highway,Good,Dusty/Smoggy,Daylight,Motorcycle,1,Road Condition,1,0,0,0,2,0,Medium
2019,11,Saturday,17,KPK,Dera Ismail Khan,Motorway,Average,Clear,Daylight,Bus/Coach,4,Wrong Overtaking,1,1,0,1,3,0,High
2021,4,Saturday,15,KPK,Bannu,Urban Road,Good,Clear,Daylight,Motorcycle,4,Over Speeding,0,1,0,0,4,2,Medium
2019,11,Friday,19,Punjab,Sialkot,Provincial Highway,Good,Foggy,Dawn/Dusk,Motorcycle,2,Over Speeding,1,0,0,1,7,2,High
2020,9,Thursday,20,Sindh,Jacobabad,Rural Road,Average,Rainy,Street Light,Car/Taxi,4,Signal Violation,1,0,0,0,1,0,Medium
2022,8,Thursday,3,KPK,Nowshera,Urban Road,Under Repair,Clear,Street Light,Car/Taxi,2,Wrong Overtaking,0,0,1,0,0,1,Low
2018,2,Sunday,15,Punjab,Gujranwala,National Highway,Poor,Dusty/Smoggy,Daylight,Motorcycle,2,Wrong Overtaking,0,1,0,1,9,4,High
2021,12,Saturday,13,Punjab,Multan,National Highway,Good,Dusty/Smoggy,Dawn/Dusk,Other,1,Wrong Overtaking,1,1,0,1,2,0,Medium
2023,8,Thursday,11,Gilgit-Baltistan,Gilgit,Rural Road,Good,Clear,Daylight,Other,1,Drunk Driving,0,0,0,0,1,0,Low
2022,7,Friday,18,Sindh,Hyderabad,Provincial Highway,Poor,Clear,Daylight,Motorcycle,2,Road Condition,1,0,0,0,3,2,Medium
2022,2,Sunday,18,Punjab,Lahore,National Highway,Average,Rainy,Daylight,Motorcycle,1,Mechanical Failure,1,1,0,1,7,0,High
2021,1,Wednesday,17,Punjab,Bahawalpur,Motorway,Poor,Clear,Daylight,Car/Taxi,3,Over Speeding,1,0,0,1,1,0,Medium
2018,3,Friday,8,Punjab,Faisalabad,Rural Road,Average,Foggy,Dawn/Dusk,Motorcycle,1,Wrong Overtaking,1,0,0,0,2,2,Medium
2023,12,Tuesday,17,Punjab,Bahawalpur,Rural Road,Poor,Clear,Daylight,Van/Pickup,3,Road Condition,1,0,0,1,1,0,Low
2023,11,Thursday,9,Punjab,Sheikhupura,Rural Road,Good,Foggy,Daylight,Car/Taxi,1,Road Condition,1,0,0,1,1,0,Low
2020,3,Monday,7,Punjab,Multan,Provincial Highway,Good,Foggy,No Light,Bus/Coach,2,Wrong Overtaking,1,0,0,0,5,0,Medium
2018,9,Wednesday,6,Punjab,Lahore,National Highway,Good,Foggy,Daylight,Car/Taxi,2,Over Speeding,0,0,0,0,11,3,High
2022,10,Wednesday,19,Sindh,Nawabshah,National Highway,Under Repair,Rainy,No Light,Motorcycle,4,Pedestrian Error,1,0,0,0,3,1,High
2023,12,Tuesday,16,Punjab,Bahawalpur,Urban Road,Good,Clear,Street Light,Car/Taxi,1,Pedestrian Error,0,0,0,1,0,0,Low
2020,3,Thursday,12,Punjab,Lahore,National Highway,Poor,Clear,Daylight,Truck/Lorry,1,Mechanical Failure,1,0,0,0,5,0,Medium
2022,5,Sunday,16,Punjab,Gujranwala,Provincial Highway,Average,Clear,Daylight,Car/Taxi,1,Mechanical Failure,0,1,0,0,0,0,Low
2022,6,Wednesday,18,Punjab,Lahore,Rural Road,Good,Dusty/Smoggy,Street Light,Bus/Coach,3,Over Speeding,1,0,0,0,4,0,Medium
2020,2,Friday,9,Punjab,Sargodha,National Highway,Good,Foggy,Daylight,Truck/Lorry,3,Over Speeding,1,0,0,1,7,0,High
2022,4,Monday,13,Sindh,Nawabshah,National Highway,Average,Clear,Daylight,Motorcycle,2,Signal Violation,1,0,0,0,9,1,High
2023,10,Friday,4,Sindh,Larkana,Provincial Highway,Poor,Clear,Street Light,Rickshaw,2,Signal Violation,0,0,1,0,5,0,Medium
2022,12,Thursday,20,Punjab,Bahawalpur,Rural Road,Good,Foggy,Street Light,Motorcycle,4,Over Speeding,1,0,0,1,10,2,High
2023,5,Tuesday,12,KPK,Charsadda,Provincial Highway,Good,Clear,Daylight,Car/Taxi,2,Pedestrian Error,1,0,0,0,1,0,Low
2022,7,Thursday,10,Sindh,Hyderabad,Provincial Highway,Average,Clear,Street Light,Car/Taxi,2,Over Speeding,0,0,0,0,1,0,Medium
2019,6,Thursday,2,Punjab,Gujranwala,National Highway,Under Repair,Foggy,No Light,Car/Taxi,1,Wrong Overtaking,0,0,1,0,6,1,High
2021,2,Wednesday,9,Punjab,Lahore,Urban Road,Average,Clear,Daylight,Motorcycle,1,Over Speeding,1,0,0,1,4,0,Medium
2021,8,Tuesday,19,AJK,Rawalakot,Motorway,Average,Clear,No Light,Van/Pickup,2,Over Speeding,1,0,0,0,3,0,Medium
2022,9,Thursday,13,AJK,Rawalakot,Urban Road,Average,Clear,Daylight,Car/Taxi,3,Wrong Overtaking,1,0,0,0,2,0,Low
2018,12,Tuesday,21,Punjab,Rawalpindi,Motorway,Average,Clear,No Light,Rickshaw,3,Wrong Overtaking,0,0,0,1,4,2,Medium
2018,6,Wednesday,9,Punjab,Rahim Yar Khan,Rural Road,Average,Clear,Dawn/Dusk,Car/Taxi,2,Mechanical Failure,1,0,0,0,0,0,Low
2023,1,Saturday,9,Sindh,Sukkur,Rural Road,Good,Rainy,Daylight,Car/Taxi,1,Road Condition,1,1,0,1,0,0,Low
2021,2,Tuesday,11,Sindh,Sukkur,National Highway,Good,Clear,Street Light,Motorcycle,2,Road Condition,0,0,0,1,5,0,Medium
2018,3,Wednesday,3,Punjab,Rahim Yar Khan,Provincial Highway,Under Repair,Rainy,No Light,Motorcycle,2,Over Speeding,0,0,1,0,8,3,High
2020,6,Saturday,14,Sindh,Hyderabad,Urban Road,Average,Foggy,Daylight,Motorcycle,3,Signal Violation,0,1,0,0,5,0,Medium
2022,7,Friday,12,Punjab,Sargodha,Urban Road,Average,Clear,No Light,Motorcycle,2,Pedestrian Error,1,0,0,0,2,0,Low
2019,1,Saturday,9,Punjab,Sargodha,Urban Road,Poor,Clear,Street Light,Rickshaw,1,Driver Fatigue,1,1,0,1,2,0,Low