year,month,day_of_week,hour_of_day,province,district,road_type,road_condition,weather_condition,lighting_condition,vehicle_type,vehicles_involved,accident_cause,is_rush_hour,is_weekend,is_night,is_foggy_month,num_injured,num_killed,severity
2021,3,Monday,14,Sindh,Larkana,Urban Road,Good,Clear,Daylight,Motorcycle,3,Wrong Overtaking,0,0,0,0,2,0,Low
2021,10,Sunday,11,Islamabad,Islamabad,National Highway,Good,Rainy,Daylight,Other,2,Driver Fatigue,0,1,0,0,5,0,Medium
2020,11,Wednesday,16,Punjab,Bahawalpur,National Highway,Under Repair,Clear,Daylight,Truck/Lorry,1,Over Speeding,0,0,0,1,2,0,High
2022,1,Monday,13,KPK,Dera Ismail Khan,National Highway,Good,Rainy,Daylight,Rickshaw,2,Drunk Driving,1,0,0,1,11,2,High
2018,5,Wednesday,19,Sindh,Kashmore,National Highway,Good,Clear,Street Light,Bus/Coach,2,Driver Fatigue,1,0,0,0,3,0,High
2021,8,Saturday,23,Punjab,Bahawalpur,National Highway,Poor,Dusty/Smoggy,No Light,Truck/Lorry,2,Wrong Overtaking,0,1,1,0,4,2,Medium
2019,6,Sunday,18,Balochistan,Gwadar,Provincial Highway,Average,Rainy,Daylight,Car/Taxi,4,Drunk Driving,1,1,0,0,4,0,Medium
2022,9,Tuesday,20,Sindh,Nawabshah,Urban Road,Under Repair,Foggy,Street Light,Car/Taxi,1,Driver Fatigue,1,0,0,0,1,1,Medium
2023,4,Sunday,13,Sindh,Nawabshah,Urban Road,Under Repair,Rainy,Daylight,Motorcycle,1,Road Condition,1,1,0,0,5,1,Medium
2023,6,Monday,21,Sindh,Mirpur Khas,Provincial Highway,Average,Foggy,Street Light,Motorcycle,3,Mechanical Failure,0,0,0,0,4,0,Medium
2023,2,Saturday,9,Punjab,Multan,National Highway,Average,Clear,Daylight,Motorcycle,1,Mechanical Failure,1,1,0,1,4,0,Medium
2020,2,Monday,8,Sindh,Dadu,Urban Road,Average,Clear,Daylight,Motorcycle,2,Pedestrian Error,1,0,0,1,0,0,Low
2022,5,Wednesday,16,Punjab,Sialkot,Rural Road,Good,Clear,Daylight,Car/Taxi,2,Over Speeding,0,0,0,0,1,2,Medium
2022,12,Sunday,16,Punjab,Sargodha,Urban Road,Under Repair,Clear,Street Light,Rickshaw,2,Over Speeding,0,1,0,1,0,0,Low
2022,11,Saturday,11,Sindh,Mirpur Khas,National Highway,Poor,Rainy,Street Light,Motorcycle,1,Pedestrian Error,0,1,0,1,1,0,Medium
2021,1,Monday,17,Punjab,Faisalabad,National Highway,Poor,Clear,No Light,Motorcycle,1,Driver Fatigue,1,0,0,1,4,3,High
2022,8,Wednesday,5,Punjab,Sialkot,Urban Road,Poor,Clear,Street Light,Bus/Coach,2,Over Speeding,0,0,1,0,2,0,Medium
2022,7,Wednesday,7,KPK,Abbottabad,Urban Road,Average,Clear,Street Light,Truck/Lorry,2,Wrong Overtaking,1,0,0,0,1,1,Medium
2023,5,Saturday,5,Punjab,Rahim Yar Khan,National Highway,Poor,Clear,Street Light,Car/Taxi,1,Wrong Overtaking,0,1,1,0,4,2,Medium
2020,7,Tuesday,8,Sindh,Nawabshah,National Highway,Average,Clear,Daylight,Bicycle,1,Road Condition,1,0,0,0,7,2,High
2019,6,Friday,12,Islamabad,Islamabad,Provincial Highway,Good,Clear,Daylight,Car/Taxi,1,Over Speeding,1,0,0,0,2,0,Medium
2023,6,Monday,22,Punjab,Rawalpindi,National Highway,Good,Rainy,No Light,Motorcycle,2,Driver Fatigue,0,0,1,0,8,2,High
2022,4,Sunday,13,Punjab,Bahawalpur,Provincial Highway,Good,Rainy,Daylight,Car/Taxi,2,Driver Fatigue,1,1,0,0,1,1,Medium
2022,3,Saturday,19,Sindh,Jacobabad,National Highway,Good,Clear,Daylight,Rickshaw,3,Drunk Driving,1,1,0,0,3,0,Medium
2023,6,Saturday,18,Sindh,Karachi,Rural Road,Good,Clear,Daylight,Bus/Coach,3,Wrong Overtaking,1,1,0,0,0,0,Low
2022,6,Wednesday,8,Sindh,Larkana,Urban Road,Good,Clear,Daylight,Bus/Coach,1,Driver Fatigue,1,0,0,0,3,0,Medium
2023,2,Sunday,16,Punjab,Faisalabad,National Highway,Poor,Foggy,Daylight,Motorcycle,2,Signal Violation,0,1,0,1,10,3,High
2021,10,Wednesday,11,Punjab,Sialkot,Urban Road,Good,Clear,Daylight,Bicycle,2,Over Speeding,0,0,0,0,2,0,Medium
2021,12,Tuesday,19,Punjab,Gujranwala,Provincial Highway,Average,Foggy,Dawn/Dusk,Motorcycle,1,Over Speeding,1,0,0,1,3,0,High
2023,1,Saturday,12,KPK,Mardan,Provincial Highway,Poor,Clear,Daylight,Motorcycle,3,Wrong Overtaking,1,1,0,1,6,2,High
2023,1,Thursday,18,Punjab,Lahore,Provincial Highway,Good,Rainy,Daylight,Motorcycle,2,Over Speeding,1,0,0,1,8,0,High
2023,12,Tuesday,9,Balochistan,Loralai,Rural Road,Poor,Rainy,Daylight,Van/Pickup,4,Signal Violation,1,0,0,1,1,0,Low
2019,1,Monday,19,KPK,Bannu,Urban Road,Good,Clear,Dawn/Dusk,Car/Taxi,1,Mechanical Failure,1,0,0,1,0,0,Low
2020,8,Friday,10,Punjab,Sheikhupura,Provincial Highway,Good,Rainy,Daylight,Bus/Coach,1,Over Speeding,0,0,0,0,3,1,High
2018,10,Sunday,15,Punjab,Rahim Yar Khan,Urban Road,Average,Clear,Daylight,Motorcycle,2,Wrong Overtaking,0,1,0,0,2,0,Low
2023,7,Sunday,7,Punjab,Rawalpindi,Provincial Highway,Good,Clear,Daylight,Motorcycle,2,Wrong Overtaking,1,1,0,0,3,0,Medium
2023,9,Thursday,3,Sindh,Nawabshah,National Highway,Good,Foggy,No Light,Car/Taxi,2,Road Condition,0,0,1,0,4,0,Medium
2022,1,Sunday,14,KPK,Dera Ismail Khan,Provincial Highway,Good,Foggy,Daylight,Bus/Coach,2,Mobile Phone Use,0,1,0,1,1,0,Low
2022,9,Friday,17,Punjab,Lahore,National Highway,Poor,Rainy,Street Light,Van/Pickup,2,Signal Violation,1,0,0,0,4,0,Medium
2018,12,Friday,22,Punjab,Lahore,National Highway,Average,Clear,Street Light,Bicycle,1,Weather Condition,0,0,1,1,8,2,High
2021,1,Friday,11,Punjab,Sialkot,National Highway,Poor,Clear,Daylight,Car/Taxi,2,Wrong Overtaking,0,0,0,1,0,0,Low
2022,7,Saturday,11,Punjab,Sialkot,Provincial Highway,Good,Clear,Daylight,Van/Pickup,1,Pedestrian Error,0,1,0,0,1,0,Low
2023,12,Wednesday,21,Sindh,Mirpur Khas,Motorway,Good,Clear,No Light,Motorcycle,2,Over Speeding,0,0,0,1,10,3,High
2018,12,Saturday,7,Sindh,Nawabshah,Rural Road,Good,Clear,Daylight,Van/Pickup,2,Pedestrian Error,1,1,0,1,0,0,Low
2021,11,Monday,13,Punjab,Rahim Yar Khan,Rural Road,Good,Rainy,Daylight,Motorcycle,2,Mechanical Failure,1,0,0,1,0,0,Low
2020,12,Thursday,15,Sindh,Mirpur Khas,National Highway,Good,Clear,Daylight,Motorcycle,2,Signal Violation,0,0,0,1,8,0,High
2023,12,Wednesday,22,Punjab,Sialkot,National Highway,Poor,Foggy,No Light,Bicycle,3,Wrong Overtaking,0,0,1,1,5,3,High
2018,7,Friday,23,Punjab,Sheikhupura,National Highway,Poor,Clear,No Light,Van/Pickup,1,Pedestrian Error,0,0,1,0,1,0,Medium
2023,1,Friday,14,Punjab,Sargodha,Rural Road,Poor,Foggy,Street Light,Rickshaw,2,Mechanical Failure,0,0,0,1,0,0,Low
2023,1,Sunday,7,Sindh,Sukkur,National Highway,Good,Extreme Heat,No Light,Rickshaw,2,Over Speeding,1,1,0,1,2,0,Medium
2021,6,Sunday,9,Sindh,Dadu,Urban Road,Good,Clear,Street Light,Motorcycle,2,Road Condition,1,1,0,0,1,1,Medium
2022,4,Saturday,20,Punjab,Sialkot,Urban Road,Average,Clear,No Light,Van/Pickup,2,Drunk Driving,1,1,0,0,5,0,Medium
2018,8,Friday,14,Punjab,Gujranwala,National Highway,Poor,Foggy,Daylight,Car/Taxi,2,Road Condition,0,0,0,0,1,0,Medium
2023,9,Wednesday,9,Punjab,Multan,Urban Road,Good,Clear,Daylight,Motorcycle,4,Wrong Overtaking,1,0,0,0,4,0,Medium
2023,5,Monday,18,Punjab,Rahim Yar Khan,National Highway,Average,Rainy,Daylight,Motorcycle,2,Road Condition,1,0,0,0,2,1,Medium
2019,1,Tuesday,17,Sindh,Karachi,National Highway,Average,Rainy,Dawn/Dusk,Motorcycle,2,Driver Fatigue,1,0,0,1,5,0,High
2019,1,Friday,19,Punjab,Sargodha,Provincial Highway,Poor,Foggy,Dawn/Dusk,Motorcycle,2,Over Speeding,1,0,0,1,10,0,High
2022,7,Wednesday,6,Sindh,Mirpur Khas,Rural Road,Good,Clear,Street Light,Motorcycle,2,Over Speeding,0,0,0,0,1,2,Medium
2023,9,Thursday,18,Punjab,Lahore,Urban Road,Good,Clear,Daylight,Motorcycle,2,Drunk Driving,1,0,0,0,3,0,Medium
2023,3,Friday,14,Sindh,Larkana,Urban Road,Poor,Clear,Daylight,Motorcycle,2,Over Speeding,0,0,0,0,5,0,Medium
2022,10,Friday,18,KPK,Dera Ismail Khan,Urban Road,Poor,Clear,Daylight,Car/Taxi,3,Signal Violation,1,0,0,0,2,0,Low
2021,2,Wednesday,6,Sindh,Karachi,Provincial Highway,Good,Foggy,Daylight,Rickshaw,3,Wrong Overtaking,0,0,0,1,2,2,Medium
2019,12,Wednesday,12,Punjab,Rahim Yar Khan,Urban Road,Average,Rainy,Dawn/Dusk,Bus/Coach,2,Wrong Overtaking,1,0,0,1,3,1,Medium
2023,6,Monday,19,Punjab,Multan,National Highway,Poor,Clear,Daylight,Car/Taxi,2,Wrong Overtaking,1,0,0,0,5,0,Medium
2018,7,Tuesday,7,Punjab,Sargodha,Provincial Highway,Good,Dusty/Smoggy,Street Light,Motorcycle,2,Over Speeding,1,0,0,0,2,0,Medium
2021,1,Tuesday,15,Sindh,Dadu,Rural Road,Under Repair,Clear,Daylight,Car/Taxi,1,Pedestrian Error,0,0,0,1,2,0,Low
2021,1,Friday,13,Punjab,Faisalabad,Urban Road,Average,Foggy,Daylight,Rickshaw,2,Over Speeding,1,0,0,1,2,0,Low
2018,8,Wednesday,0,Punjab,Multan,Rural Road,Poor,Clear,No Light,Car/Taxi,2,Mechanical Failure,0,0,1,0,1,0,Low
2020,12,Friday,9,Balochistan,Quetta,Urban Road,Good,Clear,Daylight,Bicycle,2,Over Speeding,1,0,0,1,9,1,High
2018,8,Friday,12,Punjab,Sialkot,Rural Road,Average,Extreme Heat,Daylight,Rickshaw,3,Drunk Driving,1,0,0,0,0,0,Low
2020,6,Monday,22,Islamabad,Islamabad,National Highway,Good,Foggy,No Light,Car/Taxi,2,Mechanical Failure,0,0,1,0,3,0,Medium
2021,6,Saturday,12,Balochistan,Chaman,Rural Road,Average,Clear,Daylight,Motorcycle,3,Signal Violation,1,1,0,0,0,0,Low
2023,10,Friday,7,KPK,Abbottabad,National Highway,Average,Clear,Daylight,Motorcycle,2,Over Speeding,1,0,0,0,11,1,High
2023,6,Saturday,18,Balochistan,Hub,Urban Road,Good,Clear,Daylight,Rickshaw,2,Over Speeding,1,1,0,0,2,1,Medium
2022,5,Friday,9,Punjab,Lahore,Urban Road,Good,Rainy,Daylight,Rickshaw,3,Wrong Overtaking,1,0,0,0,2,0,Low
2018,11,Tuesday,20,Punjab,Gujranwala,Urban Road,Under Repair,Clear,No Light,Motorcycle,2,Pedestrian Error,1,0,0,1,1,0,Low
2022,1,Friday,22,Punjab,Lahore,National Highway,Good,Clear,Street Light,Van/Pickup,3,Wrong Overtaking,0,0,1,1,6,4,High
2023,6,Tuesday,13,Punjab,Gujranwala,Urban Road,Good,Foggy,Daylight,Motorcycle,2,Over Speeding,1,0,0,0,7,1,High
2021,6,Thursday,8,Punjab,Sheikhupura,National Highway,Under Repair,Foggy,Dawn/Dusk,Car/Taxi,2,Pedestrian Error,1,0,0,0,5,2,Medium
2023,10,Saturday,16,KPK,Nowshera,Provincial Highway,Average,Clear,Daylight,Bus/Coach,2,Over Speeding,0,1,0,0,1,0,Medium
2021,1,Sunday,18,Punjab,Sargodha,Urban Road,Good,Clear,Daylight,Bus/Coach,2,Road Condition,1,1,0,1,1,0,Low
2021,2,Monday,9,Punjab,Sheikhupura,Provincial Highway,Poor,Clear,Daylight,Motorcycle,2,Mechanical Failure,1,0,0,1,1,0,Low
2022,12,Saturday,22,KPK,Kohat,Motorway,Average,Rainy,No Light,Motorcycle,2,Wrong Overtaking,0,1,1,1,7,2,High
2022,12,Friday,8,Punjab,Bahawalpur,Provincial Highway,Good,Clear,Daylight,Car/Taxi,1,Over Speeding,1,0,0,1,1,0,Medium
2022,2,Monday,9,Punjab,Sargodha,Urban Road,Under Repair,Clear,Dawn/Dusk,Motorcycle,4,Weather Condition,1,0,0,1,0,0,Low
2022,4,Sunday,3,Punjab,Sialkot,Rural Road,Under Repair,Dusty/Smoggy,No Light,Van/Pickup,1,Wrong Overtaking,0,1,1,0,5,1,Medium
2023,6,Saturday,18,Balochistan,Zhob,Rural Road,Good,Clear,Daylight,Motorcycle,1,Over Speeding,1,1,0,0,3,2,Medium
2019,7,Saturday,18,Sindh,Jacobabad,Urban Road,Good,Foggy,Dawn/Dusk,Motorcycle,2,Pedestrian Error,1,1,0,0,1,0,Low
2018,11,Monday,5,Sindh,Kashmore,Urban Road,Under Repair,Rainy,Daylight,Motorcycle,2,Over Speeding,0,0,1,1,11,0,High
2019,1,Saturday,17,Punjab,Rawalpindi,Rural Road,Good,Clear,Daylight,Motorcycle,3,Wrong Overtaking,1,1,0,1,1,0,Low
2023,2,Monday,20,Islamabad,Islamabad,National Highway,Under Repair,Clear,No Light,Bus/Coach,1,Road Condition,1,0,0,1,2,0,Low
2018,11,Thursday,19,Punjab,Gujranwala,National Highway,Average,Rainy,No Light,Motorcycle,2,Wrong Overtaking,1,0,0,1,2,1,High
2020,7,Tuesday,13,KPK,Mardan,National Highway,Average,Rainy,Daylight,Motorcycle,2,Over Speeding,1,0,0,0,6,1,High
2023,6,Thursday,11,Islamabad,Islamabad,Urban Road,Good,Foggy,No Light,Car/Taxi,1,Road Condition,0,0,0,0,0,0,Low
2023,5,Saturday,8,Sindh,Mirpur Khas,Urban Road,Average,Clear,Daylight,Rickshaw,1,Wrong Overtaking,1,1,0,0,0,0,Low
2018,2,Monday,8,Sindh,Thatta,Rural Road,Average,Clear,Daylight,Truck/Lorry,2,Over Speeding,1,0,0,1,1,0,Low
2018,1,Saturday,9,Punjab,Sargodha,Provincial Highway,Average,Clear,Daylight,Bicycle,1,Driver Fatigue,1,1,0,1,10,1,High
2023,9,Monday,7,Punjab,Rawalpindi,Urban Road,Under Repair,Clear,Dawn/Dusk,Car/Taxi,2,Wrong Overtaking,1,0,0,0,1,0,Low
2022,3,Friday,21,Balochistan,Loralai,Rural Road,Average,Clear,No Light,Motorcycle,1,Wrong Overtaking,0,0,0,0,2,0,Low
2021,1,Wednesday,7,Punjab,Faisalabad,National Highway,Good,Clear,Daylight,Van/Pickup,1,Over Speeding,1,0,0,1,1,2,Medium
2022,3,Saturday,15,Balochistan,Gwadar,National Highway,Poor,Rainy,Daylight,Truck/Lorry,1,Drunk Driving,0,1,0,0,10,2,High
2022,2,Tuesday,20,KPK,Dera Ismail Khan,Provincial Highway,Poor,Clear,No Light,Motorcycle,4,Over Speeding,1,0,0,1,4,0,Medium
2019,3,Wednesday,5,Sindh,Hyderabad,National Highway,Good,Clear,Dawn/Dusk,Bus/Coach,3,Over Speeding,0,0,1,0,3,1,High
2021,12,Tuesday,15,Sindh,Jacobabad,National Highway,Good,Foggy,Daylight,Van/Pickup,2,Mobile Phone Use,0,0,0,1,2,0,Medium
2022,12,Sunday,20,Punjab,Gujranwala,National Highway,Good,Extreme Heat,No Light,Bus/Coach,1,Mechanical Failure,1,1,0,1,2,0,Medium
2022,5,Saturday,9,Punjab,Sheikhupura,Motorway,Poor,Clear,Daylight,Bicycle,3,Signal Violation,1,1,0,0,3,0,Medium
2023,5,Saturday,8,Punjab,Sargodha,Urban Road,Average,Foggy,Daylight,Rickshaw,2,Over Speeding,1,1,0,0,2,0,Low
2019,9,Tuesday,11,Punjab,Faisalabad,Urban Road,Good,Foggy,Daylight,Car/Taxi,2,Driver Fatigue,0,0,0,0,0,0,Low
2021,5,Friday,20,Balochistan,Gwadar,Urban Road,Good,Clear,Street Light,Car/Taxi,2,Pedestrian Error,1,0,0,0,1,0,Low
2023,3,Thursday,6,Punjab,Rawalpindi,Motorway,Average,Rainy,Dawn/Dusk,Car/Taxi,1,Pedestrian Error,0,0,0,0,0,0,Low
2022,12,Monday,7,Sindh,Kashmore,Provincial Highway,Good,Clear,Daylight,Car/Taxi,3,Signal Violation,1,0,0,1,1,0,Medium
2022,12,Tuesday,22,Punjab,Faisalabad,Urban Road,Good,Foggy,No Light,Motorcycle,4,Over Speeding,0,0,1,1,8,4,High
2021,2,Tuesday,12,KPK,Mardan,Rural Road,Average,Clear,Daylight,Rickshaw,2,Pedestrian Error,1,0,0,1,1,0,Low
2020,12,Thursday,23,Sindh,Thatta,Provincial Highway,Poor,Clear,Street Light,Motorcycle,1,Over Speeding,0,0,1,1,3,1,High
2019,1,Monday,20,Sindh,Nawabshah,Urban Road,Average,Rainy,Street Light,Car/Taxi,2,Mobile Phone Use,1,0,0,1,1,0,Low
2023,7,Friday,13,Islamabad,Islamabad,National Highway,Average,Clear,Daylight,Motorcycle,1,Wrong Overtaking,1,0,0,0,8,4,High
2022,8,Tuesday,10,Balochistan,Khuzdar,Urban Road,Average,Rainy,Daylight,Motorcycle,2,Over Speeding,0,0,0,0,3,0,Medium
2023,2,Tuesday,10,Sindh,Thatta,Urban Road,Under Repair,Clear,Street Light,Truck/Lorry,1,Signal Violation,0,0,0,1,1,0,Low
2020,11,Friday,18,Islamabad,Islamabad,National Highway,Average,Clear,Daylight,Motorcycle,3,Road Condition,1,0,0,1,3,0,Medium
2021,7,Friday,21,Sindh,Sukkur,Provincial Highway,Good,Extreme Heat,No Light,Rickshaw,1,Wrong Overtaking,0,0,0,0,5,1,Medium
2021,12,Wednesday,9,KPK,Kohat,National Highway,Good,Clear,Daylight,Van/Pickup,4,Drunk Driving,1,0,0,1,1,0,Medium
2018,12,Friday,9,Punjab,Lahore,Urban Road,Average,Clear,Daylight,Motorcycle,3,Over Speeding,1,0,0,1,2,0,Medium
2020,4,Monday,18,Punjab,Lahore,Rural Road,Average,Dusty/Smoggy,Daylight,Motorcycle,3,Pedestrian Error,1,0,0,0,1,0,Low
2020,5,Saturday,13,Gilgit-Baltistan,Skardu,Motorway,Poor,Clear,Daylight,Motorcycle,3,Wrong Overtaking,1,1,0,0,7,2,High
2019,6,Tuesday,19,Punjab,Faisalabad,National Highway,Average,Clear,Street Light,Car/Taxi,1,Road Condition,1,0,0,0,2,0,Low
2018,8,Saturday,9,Punjab,Sargodha,Urban Road,Average,Rainy,Daylight,Truck/Lorry,2,Wrong Overtaking,1,1,0,0,2,0,Low
2019,5,Sunday,5,Punjab,Lahore,Urban Road,Poor,Clear,Street Light,Car/Taxi,3,Wrong Overtaking,0,1,1,0,1,0,Low
2021,6,Tuesday,23,Punjab,Sargodha,Rural Road,Good,Clear,Street Light,Car/Taxi,3,Signal Violation,0,0,1,0,2,0,Low
2019,2,Tuesday,18,Punjab,Rahim Yar Khan,Urban Road,Average,Clear,Daylight,Rickshaw,3,Pedestrian Error,1,0,0,1,1,0,Low
2023,8,Sunday,19,Sindh,Dadu,National Highway,Good,Foggy,Dawn/Dusk,Other,1,Wrong Overtaking,1,1,0,0,8,1,High
2023,5,Friday,22,Gilgit-Baltistan,Gilgit,Urban Road,Poor,Clear,Street Light,Car/Taxi,2,Over Speeding,0,0,1,0,5,1,Medium
2021,7,Sunday,9,Punjab,Sialkot,Provincial Highway,Good,Foggy,Daylight,Motorcycle,2,Signal Violation,1,1,0,0,2,2,High
2022,12,Tuesday,8,KPK,Dera Ismail Khan,National Highway,Under Repair,Rainy,Daylight,Motorcycle,2,Over Speeding,1,0,0,1,5,2,High
2021,1,Wednesday,22,Punjab,Sargodha,Rural Road,Good,Clear,Street Light,Rickshaw,3,Over Speeding,0,0,1,1,5,1,Medium
2023,2,Sunday,18,Punjab,Bahawalpur,Provincial Highway,Good,Foggy,Daylight,Car/Taxi,2,Wrong Overtaking,1,1,0,1,3,0,Medium
2023,10,Saturday,12,Sindh,Hyderabad,Urban Road,Under Repair,Clear,Dawn/Dusk,Motorcycle,2,Pedestrian Error,1,1,0,0,2,0,Medium
2019,12,Friday,21,Balochistan,Turbat,Rural Road,Under Repair,Clear,No Light,Motorcycle,1,Mobile Phone Use,0,0,0,1,2,1,Medium
2019,9,Monday,12,Punjab,Sheikhupura,Provincial Highway,Good,Foggy,Daylight,Motorcycle,1,Drunk Driving,1,0,0,0,10,1,High
2021,5,Wednesday,5,Punjab,Sialkot,Urban Road,Average,Clear,Street Light,Motorcycle,3,Over Speeding,0,0,1,0,8,1,High
2020,12,Tuesday,3,Punjab,Sargodha,National Highway,Average,Clear,Street Light,Motorcycle,3,Over Speeding,0,0,1,1,4,1,High
2023,2,Friday,14,Balochistan,Hub,Urban Road,Under Repair,Clear,Street Light,Car/Taxi,2,Pedestrian Error,0,0,0,1,2,1,Low
2018,12,Sunday,13,Punjab,Lahore,National Highway,Good,Extreme Heat,Daylight,Van/Pickup,3,Signal Violation,1,1,0,1,2,0,Low
2023,11,Friday,18,Sindh,Thatta,National Highway,Good,Clear,Daylight,Rickshaw,1,Signal Violation,1,0,0,1,3,0,Medium
2019,7,Sunday,16,Balochistan,Quetta,Rural Road,Poor,Clear,Daylight,Motorcycle,3,Wrong Overtaking,0,1,0,0,3,0,Medium
2020,11,Friday,19,Sindh,Karachi,National Highway,Good,Clear,Dawn/Dusk,Motorcycle,3,Wrong Overtaking,1,0,0,1,5,0,Medium
2020,9,Tuesday,8,Islamabad,Islamabad,Provincial Highway,Good,Clear,Daylight,Motorcycle,2,Over Speeding,1,0,0,0,3,1,High
2020,3,Friday,19,Islamabad,Islamabad,Rural Road,Poor,Clear,Street Light,Car/Taxi,2,Pedestrian Error,1,0,0,0,2,1,Low
2023,9,Thursday,22,Sindh,Hyderabad,Urban Road,Average,Dusty/Smoggy,No Light,Truck/Lorry,2,Road Condition,0,0,1,0,5,0,Medium
2022,1,Monday,9,Sindh,Mirpur Khas,Urban Road,Under Repair,Foggy,Daylight,Car/Taxi,3,Over Speeding,1,0,0,1,3,0,Medium
2019,3,Saturday,7,Punjab,Multan,Provincial Highway,Good,Clear,Daylight,Motorcycle,2,Wrong Overtaking,1,1,0,0,4,0,Medium
2022,4,Tuesday,2,Gilgit-Baltistan,Gilgit,Motorway,Good,Clear,Street Light,Truck/Lorry,1,Wrong Overtaking,0,0,1,0,2,0,High
2020,7,Friday,16,Punjab,Lahore,Provincial Highway,Poor,Clear,Daylight,Motorcycle,1,Drunk Driving,0,0,0,0,2,1,High
2020,4,Saturday,4,KPK,Dera Ismail Khan,Rural Road,Poor,Clear,No Light,Motorcycle,4,Wrong Overtaking,0,1,1,0,4,0,Medium
2018,9,Saturday,21,Punjab,Faisalabad,Provincial Highway,Poor,Clear,No Light,Car/Taxi,2,Over Speeding,0,1,0,0,0,0,Low
2018,12,Friday,18,Punjab,Faisalabad,Rural Road,Good,Clear,Daylight,Motorcycle,1,Drunk Driving,1,0,0,1,3,1,Medium
2020,9,Wednesday,14,Punjab,Lahore,National Highway,Average,Rainy,Daylight,Car/Taxi,3,Over Speeding,0,0,0,0,11,4,High
2022,3,Saturday,3,Sindh,Kashmore,Motorway,Good,Clear,No Light,Motorcycle,2,Pedestrian Error,0,1,1,0,11,3,High
2022,4,Friday,4,Punjab,Bahawalpur,Rural Road,Average,Rainy,Street Light,Motorcycle,3,Mobile Phone Use,0,0,1,0,4,0,Medium
2019,8,Tuesday,20,Punjab,Rawalpindi,National Highway,Average,Foggy,No Light,Car/Taxi,4,Over Speeding,1,0,0,0,5,2,High
2020,3,Sunday,15,Punjab,Bahawalpur,National Highway,Good,Clear,Daylight,Rickshaw,4,Wrong Overtaking,0,1,0,0,2,1,Medium
2022,3,Monday,19,Punjab,Gujranwala,Provincial Highway,Good,Clear,Dawn/Dusk,Motorcycle,4,Over Speeding,1,0,0,0,4,0,Medium
2021,1,Thursday,5,Sindh,Sukkur,Provincial Highway,Poor,Clear,Dawn/Dusk,Bicycle,2,Signal Violation,0,0,1,1,11,0,High
2018,12,Friday,19,Punjab,Sialkot,Provincial Highway,Average,Dusty/Smoggy,No Light,Motorcycle,2,Over Speeding,1,0,0,1,2,2,High
2023,3,Thursday,19,Punjab,Faisalabad,National Highway,Average,Dusty/Smoggy,Dawn/Dusk,Motorcycle,1,Over Speeding,1,0,0,0,11,3,High
2023,7,Thursday,15,Sindh,Karachi,Rural Road,Poor,Foggy,Daylight,Motorcycle,3,Over Speeding,0,0,0,0,5,1,High
2019,10,Monday,20,KPK,Bannu,Provincial Highway,Poor,Rainy,No Light,Bicycle,1,Pedestrian Error,1,0,0,0,4,0,Medium
2023,1,Sunday,7,Sindh,Sukkur,Provincial Highway,Good,Clear,Daylight,Car/Taxi,2,Driver Fatigue,1,1,0,1,1,0,Medium
2022,8,Saturday,0,AJK,Rawalakot,Provincial Highway,Good,Clear,No Light,Car/Taxi,4,Wrong Overtaking,0,1,1,0,0,0,Low
2021,11,Tuesday,7,Punjab,Sheikhupura,Urban Road,Good,Extreme Heat,Daylight,Bicycle,2,Over Speeding,1,0,0,1,3,0,Medium
2019,7,Saturday,6,KPK,Swat,National Highway,Average,Rainy,Daylight,Bus/Coach,3,Signal Violation,0,1,0,0,4,1,Medium
2022,8,Friday,12,Sindh,Dadu,National Highway,Poor,Clear,Daylight,Van/Pickup,2,Signal Violation,1,0,0,0,1,0,Medium
2020,12,Friday,13,Sindh,Larkana,National Highway,Good,Clear,Daylight,Bus/Coach,2,Mobile Phone Use,1,0,0,1,1,0,Low
2022,6,Monday,22,Sindh,Hyderabad,Urban Road,Good,Clear,Street Light,Car/Taxi,1,Over Speeding,0,0,1,0,5,0,Medium
2019,1,Saturday,17,Punjab,Sialkot,Provincial Highway,Good,Clear,Street Light,Motorcycle,1,Over Speeding,1,1,0,1,5,0,Medium
2020,10,Tuesday,8,Punjab,Sheikhupura,National Highway,Poor,Foggy,Daylight,Motorcycle,2,Pedestrian Error,1,0,0,0,3,0,Medium
2022,7,Sunday,18,Sindh,Sukkur,Motorway,Under Repair,Clear,Daylight,Car/Taxi,2,Pedestrian Error,1,1,0,0,1,1,Medium
2023,11,Sunday,9,Punjab,Faisalabad,National Highway,Average,Foggy,Daylight,Truck/Lorry,1,Driver Fatigue,1,1,0,1,10,1,High
2021,12,Wednesday,20,Sindh,Mirpur Khas,Provincial Highway,Good,Clear,Street Light,Bicycle,2,Driver Fatigue,1,0,0,1,8,3,High
2022,5,Friday,19,KPK,Nowshera,National Highway,Poor,Clear,Dawn/Dusk,Van/Pickup,2,Mechanical Failure,1,0,0,0,0,0,Low
2022,7,Saturday,21,Punjab,Sialkot,Urban Road,Good,Clear,Street Light,Car/Taxi,2,Over Speeding,0,1,0,0,1,0,Low
2021,9,Wednesday,10,Punjab,Multan,Urban Road,Poor,Clear,Daylight,Motorcycle,1,Over Speeding,0,0,0,0,5,0,Medium
2022,8,Friday,11,Punjab,Sheikhupura,Urban Road,Average,Foggy,Street Light,Motorcycle,4,Mechanical Failure,0,0,0,0,2,0,Low
2021,2,Tuesday,5,Punjab,Lahore,Motorway,Poor,Rainy,Daylight,Bicycle,1,Wrong Overtaking,0,0,1,1,9,2,High