year,month,day_of_week,hour_of_day,province,district,road_type,road_condition,weather_condition,lighting_condition,vehicle_type,vehicles_involved,accident_cause,is_rush_hour,is_weekend,is_night,is_foggy_month,num_injured,num_killed,severity
2019,2,Tuesday,20,Punjab,Rahim Yar Khan,Urban Road,Under Repair,Clear,No Light,Van/Pickup,3,Driver Fatigue,1,0,0,1,1,0,Medium
2022,9,Tuesday,12,Punjab,Lahore,Provincial Highway,Average,Clear,Daylight,Car/Taxi,4,Pedestrian Error,1,0,0,0,1,0,Low
2019,3,Saturday,17,Punjab,Sargodha,National Highway,Average,Clear,Daylight,Motorcycle,1,Over Speeding,1,1,0,0,3,0,High
2021,5,Saturday,9,Punjab,Gujranwala,Provincial Highway,Poor,Dusty/Smoggy,No Light,Truck/Lorry,2,Road Condition,1,1,0,0,0,0,Low
2022,3,Thursday,8,Punjab,Multan,Rural Road,Average,Clear,Daylight,Car/Taxi,1,Mechanical Failure,1,0,0,0,1,0,Low
2021,2,Friday,9,Gilgit-Baltistan,Skardu,National Highway,Good,Foggy,Daylight,Motorcycle,3,Drunk Driving,1,0,0,1,3,1,High
2023,2,Sunday,21,Gilgit-Baltistan,Gilgit,Rural Road,Good,Extreme Heat,Street Light,Bus/Coach,2,Drunk Driving,0,1,0,1,2,0,Medium
2020,7,Sunday,14,Punjab,Rawalpindi,Provincial Highway,Under Repair,Clear,Daylight,Van/Pickup,1,Over Speeding,0,1,0,0,2,1,Low
2022,1,Wednesday,11,Punjab,Lahore,Provincial Highway,Good,Clear,Dawn/Dusk,Motorcycle,4,Road Condition,0,0,0,1,1,0,Low
2023,5,Tuesday,13,Sindh,Dadu,Provincial Highway,Poor,Clear,Street Light,Motorcycle,2,Wrong Overtaking,1,0,0,0,4,2,Medium
2023,9,Friday,6,Punjab,Gujranwala,Urban Road,Good,Clear,Street Light,Rickshaw,2,Mobile Phone Use,0,0,0,0,0,0,Low
2021,3,Wednesday,14,Sindh,Kashmore,Provincial Highway,Good,Dusty/Smoggy,Daylight,Motorcycle,1,Signal Violation,0,0,0,0,1,2,Medium
2023,3,Monday,9,Punjab,Sialkot,Urban Road,Poor,Clear,Daylight,Car/Taxi,2,Drunk Driving,1,0,0,0,2,0,Medium
2018,9,Friday,12,Punjab,Bahawalpur,National Highway,Good,Extreme Heat,Daylight,Motorcycle,1,Road Condition,1,0,0,0,3,0,Medium
2020,3,Monday,22,KPK,Dera Ismail Khan,National Highway,Average,Clear,No Light,Motorcycle,1,Mechanical Failure,0,0,1,0,7,1,High
2019,10,Saturday,12,KPK,Mansehra,Rural Road,Good,Clear,Daylight,Motorcycle,2,Over Speeding,1,1,0,0,4,2,Medium
2020,12,Thursday,9,AJK,Mirpur,Provincial Highway,Poor,Clear,Daylight,Rickshaw,1,Drunk Driving,1,0,0,1,1,0,Low
2020,12,Thursday,17,Punjab,Rawalpindi,National Highway,Average,Clear,Daylight,Motorcycle,4,Wrong Overtaking,1,0,0,1,10,0,High
2023,4,Thursday,18,Balochistan,Chaman,National Highway,Good,Extreme Heat,No Light,Truck/Lorry,1,Wrong Overtaking,1,0,0,0,2,0,Medium
2019,6,Sunday,19,Sindh,Hyderabad,National Highway,Poor,Foggy,Dawn/Dusk,Truck/Lorry,3,Wrong Overtaking,1,1,0,0,3,0,Medium
2022,7,Thursday,20,Sindh,Jacobabad,National Highway,Good,Foggy,Street Light,Car/Taxi,2,Over Speeding,1,0,0,0,9,2,High
2023,1,Sunday,17,Balochistan,Zhob,Urban Road,Average,Dusty/Smoggy,Daylight,Car/Taxi,2,Signal Violation,1,1,0,1,0,0,Low
2021,3,Sunday,7,Islamabad,Islamabad,Provincial Highway,Poor,Clear,Street Light,Motorcycle,1,Signal Violation,1,1,0,0,9,3,High
2022,6,Thursday,10,KPK,Mardan,Rural Road,Poor,Clear,Daylight,Bus/Coach,3,Signal Violation,0,0,0,0,0,0,Low
2018,7,Sunday,21,Punjab,Multan,Urban Road,Good,Foggy,Street Light,Van/Pickup,3,Road Condition,0,1,0,0,1,1,Low
2019,6,Saturday,21,Sindh,Sukkur,National Highway,Good,Clear,Street Light,Truck/Lorry,3,Pedestrian Error,0,1,0,0,2,0,Low
2023,1,Monday,16,Sindh,Karachi,National Highway,Under Repair,Foggy,Daylight,Motorcycle,3,Wrong Overtaking,0,0,0,1,6,1,High
2022,5,Tuesday,18,KPK,Abbottabad,Urban Road,Good,Clear,Daylight,Motorcycle,3,Drunk Driving,1,0,0,0,8,1,High
2023,2,Saturday,19,Sindh,Jacobabad,Provincial Highway,Good,Clear,Dawn/Dusk,Motorcycle,2,Signal Violation,1,1,0,1,4,0,Medium
2022,6,Thursday,3,Punjab,Sialkot,Provincial Highway,Poor,Foggy,Street Light,Van/Pickup,1,Mobile Phone Use,0,0,1,0,1,0,Low
2023,2,Friday,4,Punjab,Rawalpindi,Rural Road,Poor,Clear,Street Light,Car/Taxi,2,Pedestrian Error,0,0,1,1,1,0,Low
2020,8,Saturday,9,Punjab,Faisalabad,National Highway,Good,Extreme Heat,Daylight,Car/Taxi,1,Over Speeding,1,1,0,0,1,1,Medium
2022,6,Monday,15,Islamabad,Islamabad,Rural Road,Average,Foggy,Daylight,Motorcycle,3,Over Speeding,0,0,0,0,8,2,High
2020,3,Sunday,15,Punjab,Sialkot,National Highway,Average,Rainy,Street Light,Bus/Coach,2,Signal Violation,0,1,0,0,10,4,High
2022,10,Wednesday,11,Sindh,Jacobabad,Rural Road,Good,Foggy,Daylight,Bus/Coach,1,Wrong Overtaking,0,0,0,0,2,0,Medium
2022,7,Monday,10,Balochistan,Turbat,Provincial Highway,Good,Clear,Street Light,Motorcycle,2,Pedestrian Error,0,0,0,0,1,0,Low
2022,5,Tuesday,19,Sindh,Jacobabad,Provincial Highway,Average,Clear,Daylight,Rickshaw,1,Over Speeding,1,0,0,0,1,1,Medium
2021,9,Tuesday,10,KPK,Abbottabad,Provincial Highway,Good,Clear,Daylight,Motorcycle,2,Mobile Phone Use,0,0,0,0,2,0,Low
2020,12,Sunday,10,KPK,Mansehra,Provincial Highway,Average,Clear,Dawn/Dusk,Bus/Coach,1,Pedestrian Error,0,1,0,1,4,0,Medium
2023,10,Sunday,17,Punjab,Gujranwala,National Highway,Good,Clear,Daylight,Motorcycle,1,Mechanical Failure,1,1,0,0,1,1,Medium
2023,7,Friday,12,Punjab,Lahore,Urban Road,Good,Dusty/Smoggy,Daylight,Truck/Lorry,2,Mechanical Failure,1,0,0,0,2,0,Low
2023,1,Wednesday,18,KPK,Bannu,Urban Road,Under Repair,Clear,Daylight,Car/Taxi,3,Wrong Overtaking,1,0,0,1,2,0,Low
2020,3,Wednesday,5,Sindh,Larkana,Provincial Highway,Good,Clear,Dawn/Dusk,Motorcycle,1,Over Speeding,0,0,1,0,5,2,High
2023,1,Tuesday,17,Sindh,Mirpur Khas,National Highway,Average,Foggy,Daylight,Car/Taxi,1,Over Speeding,1,0,0,1,5,0,Medium
2019,9,Wednesday,8,Sindh,Sukkur,National Highway,Average,Rainy,Dawn/Dusk,Rickshaw,3,Over Speeding,1,0,0,0,1,0,Medium
2022,12,Sunday,23,Punjab,Sargodha,Rural Road,Poor,Clear,No Light,Rickshaw,1,Wrong Overtaking,0,1,1,1,1,0,Low
2021,10,Saturday,17,Punjab,Rahim Yar Khan,National Highway,Average,Foggy,Daylight,Van/Pickup,2,Wrong Overtaking,1,1,0,0,5,0,Medium
2018,11,Friday,6,Punjab,Multan,National Highway,Average,Clear,Daylight,Motorcycle,1,Signal Violation,0,0,0,1,2,0,Medium
2022,4,Wednesday,7,Punjab,Multan,Rural Road,Good,Clear,Dawn/Dusk,Truck/Lorry,1,Drunk Driving,1,0,0,0,2,0,Low
2019,7,Tuesday,12,Sindh,Dadu,National Highway,Average,Clear,Daylight,Motorcycle,3,Drunk Driving,1,0,0,0,3,3,High
2023,5,Friday,8,Sindh,Sukkur,National Highway,Average,Dusty/Smoggy,Daylight,Motorcycle,3,Wrong Overtaking,1,0,0,0,2,1,High
2022,9,Thursday,13,Punjab,Gujranwala,National Highway,Average,Clear,Daylight,Car/Taxi,2,Pedestrian Error,1,0,0,0,0,0,Low
2021,4,Sunday,9,KPK,Abbottabad,Rural Road,Good,Clear,Daylight,Truck/Lorry,2,Wrong Overtaking,1,1,0,0,2,0,Low
2022,4,Tuesday,13,Punjab,Faisalabad,National Highway,Poor,Clear,Daylight,Car/Taxi,3,Wrong Overtaking,1,0,0,0,5,1,Medium
2022,3,Sunday,23,Islamabad,Islamabad,Urban Road,Under Repair,Clear,Street Light,Car/Taxi,1,Over Speeding,0,1,1,0,5,0,Medium
2021,1,Thursday,20,Punjab,Sialkot,Rural Road,Average,Clear,No Light,Motorcycle,2,Over Speeding,1,0,0,1,2,1,Medium
2020,8,Wednesday,5,Punjab,Bahawalpur,Motorway,Good,Foggy,Dawn/Dusk,Motorcycle,1,Over Speeding,0,0,1,0,5,1,High
2023,12,Wednesday,16,KPK,Kohat,Motorway,Under Repair,Clear,Daylight,Rickshaw,1,Road Condition,0,0,0,1,4,1,Medium
2022,3,Sunday,10,Sindh,Hyderabad,Rural Road,Average,Clear,Dawn/Dusk,Other,1,Signal Violation,0,1,0,0,0,0,Low
2021,4,Monday,9,Punjab,Gujranwala,Provincial Highway,Good,Clear,Daylight,Truck/Lorry,4,Signal Violation,1,0,0,0,5,1,Medium
2020,11,Thursday,15,Punjab,Rahim Yar Khan,Urban Road,Average,Extreme Heat,Daylight,Bus/Coach,1,Road Condition,0,0,0,1,0,0,Low
2022,11,Monday,7,Punjab,Sialkot,National Highway,Good,Clear,Daylight,Motorcycle,4,Over Speeding,1,0,0,1,9,1,High
2018,11,Sunday,16,Punjab,Lahore,Urban Road,Good,Dusty/Smoggy,Street Light,Bus/Coach,1,Wrong Overtaking,0,1,0,1,2,0,Low
2023,1,Saturday,16,Punjab,Rawalpindi,Urban Road,Average,Clear,Street Light,Bus/Coach,1,Signal Violation,0,1,0,1,1,0,Low
2020,11,Friday,19,Sindh,Jacobabad,Motorway,Good,Clear,Dawn/Dusk,Motorcycle,1,Drunk Driving,1,0,0,1,5,0,High
2023,8,Saturday,16,Balochistan,Sibi,National Highway,Average,Clear,Street Light,Motorcycle,1,Mechanical Failure,0,1,0,0,1,1,Medium
2023,5,Monday,11,KPK,Charsadda,National Highway,Poor,Clear,Daylight,Motorcycle,2,Road Condition,0,0,0,0,2,1,Medium
2022,4,Monday,9,Punjab,Multan,Rural Road,Good,Clear,Daylight,Car/Taxi,2,Signal Violation,1,0,0,0,0,0,Low
2018,6,Saturday,11,Balochistan,Zhob,Urban Road,Average,Extreme Heat,Daylight,Motorcycle,2,Wrong Overtaking,0,1,0,0,1,0,Low
2021,8,Wednesday,12,Sindh,Kashmore,Urban Road,Poor,Clear,Daylight,Motorcycle,1,Wrong Overtaking,1,0,0,0,2,0,Medium
2019,7,Monday,15,Punjab,Sheikhupura,Provincial Highway,Average,Rainy,Daylight,Motorcycle,3,Road Condition,0,0,0,0,3,0,Medium
2021,5,Saturday,14,KPK,Nowshera,National Highway,Good,Clear,Daylight,Rickshaw,2,Mechanical Failure,0,1,0,0,0,0,Low
2020,7,Thursday,17,Punjab,Rahim Yar Khan,Provincial Highway,Poor,Rainy,Dawn/Dusk,Motorcycle,1,Over Speeding,1,0,0,0,2,1,High
2019,1,Saturday,5,Punjab,Faisalabad,Urban Road,Average,Foggy,Dawn/Dusk,Truck/Lorry,2,Over Speeding,0,1,1,1,8,1,High
2019,9,Sunday,7,Punjab,Sialkot,Rural Road,Average,Clear,Daylight,Bicycle,4,Mechanical Failure,1,1,0,0,1,0,Low
2020,11,Friday,19,Sindh,Thatta,Rural Road,Average,Rainy,Daylight,Motorcycle,3,Pedestrian Error,1,0,0,1,1,0,Low
2018,2,Sunday,19,Punjab,Lahore,Provincial Highway,Average,Dusty/Smoggy,Daylight,Van/Pickup,3,Pedestrian Error,1,1,0,1,1,0,Low
2022,2,Friday,16,KPK,Peshawar,National Highway,Good,Clear,Daylight,Car/Taxi,1,Drunk Driving,0,0,0,1,5,0,Medium
2023,7,Tuesday,18,Sindh,Karachi,Urban Road,Poor,Clear,Daylight,Car/Taxi,2,Wrong Overtaking,1,0,0,0,1,0,Low
2023,11,Tuesday,1,Sindh,Larkana,Urban Road,Poor,Foggy,No Light,Motorcycle,1,Over Speeding,0,0,1,1,5,2,High
2020,6,Wednesday,16,Punjab,Faisalabad,Urban Road,Good,Clear,Daylight,Motorcycle,1,Over Speeding,0,0,0,0,7,2,High
2020,1,Saturday,5,KPK,Nowshera,Provincial Highway,Under Repair,Clear,Dawn/Dusk,Truck/Lorry,4,Signal Violation,0,1,1,1,4,0,Medium
2022,12,Tuesday,12,Sindh,Larkana,National Highway,Good,Clear,Daylight,Bus/Coach,1,Wrong Overtaking,1,0,0,1,1,2,Medium
2023,8,Tuesday,9,Sindh,Jacobabad,Provincial Highway,Good,Rainy,Street Light,Bicycle,3,Over Speeding,1,0,0,0,4,3,High
2020,4,Friday,15,KPK,Dera Ismail Khan,Rural Road,Average,Clear,Daylight,Rickshaw,1,Wrong Overtaking,0,0,0,0,0,0,Low
2019,5,Monday,19,Punjab,Faisalabad,Provincial Highway,Good,Clear,Dawn/Dusk,Car/Taxi,2,Over Speeding,1,0,0,0,1,1,Medium
2020,9,Monday,20,Punjab,Rawalpindi,Provincial Highway,Good,Extreme Heat,No Light,Car/Taxi,1,Wrong Overtaking,1,0,0,0,1,0,Low
2023,5,Saturday,18,Sindh,Karachi,Provincial Highway,Poor,Clear,No Light,Motorcycle,2,Pedestrian Error,1,1,0,0,2,1,Medium
2022,9,Friday,5,Sindh,Dadu,Rural Road,Average,Clear,Street Light,Motorcycle,1,Wrong Overtaking,0,0,1,0,2,1,High
2022,9,Saturday,18,Punjab,Sialkot,Urban Road,Good,Clear,Daylight,Car/Taxi,2,Mechanical Failure,1,1,0,0,2,0,Low
2018,12,Tuesday,12,Punjab,Rahim Yar Khan,Provincial Highway,Average,Clear,Daylight,Truck/Lorry,3,Over Speeding,1,0,0,1,1,2,Medium
2023,8,Friday,9,Punjab,Rahim Yar Khan,National Highway,Average,Clear,Daylight,Van/Pickup,1,Over Speeding,1,0,0,0,9,1,High
2021,7,Sunday,6,Gilgit-Baltistan,Hunza,Rural Road,Average,Dusty/Smoggy,Daylight,Van/Pickup,3,Road Condition,0,1,0,0,0,0,Low
2021,7,Saturday,19,Punjab,Multan,Urban Road,Poor,Clear,Dawn/Dusk,Motorcycle,2,Wrong Overtaking,1,1,0,0,1,0,Medium
2022,11,Thursday,11,Punjab,Multan,Provincial Highway,Average,Extreme Heat,Daylight,Car/Taxi,2,Wrong Overtaking,0,0,0,1,1,0,Low
2020,1,Sunday,6,KPK,Dera Ismail Khan,Urban Road,Average,Clear,Daylight,Truck/Lorry,3,Signal Violation,0,1,0,1,0,0,Low
2022,2,Friday,7,Sindh,Kashmore,Provincial Highway,Average,Clear,Daylight,Motorcycle,4,Weather Condition,1,0,0,1,1,0,Medium
2021,7,Saturday,17,Sindh,Thatta,National Highway,Poor,Foggy,Daylight,Motorcycle,2,Over Speeding,1,1,0,0,3,2,High
2019,5,Wednesday,19,Sindh,Karachi,National Highway,Good,Clear,Dawn/Dusk,Van/Pickup,2,Weather Condition,1,0,0,0,2,0,Low
2022,1,Tuesday,17,Sindh,Jacobabad,National Highway,Poor,Clear,Daylight,Bicycle,2,Over Speeding,1,0,0,1,5,0,High
2019,6,Sunday,21,Sindh,Larkana,National Highway,Under Repair,Foggy,Street Light,Motorcycle,2,Drunk Driving,0,1,0,0,9,4,High
2020,9,Tuesday,7,Punjab,Multan,Provincial Highway,Under Repair,Clear,Daylight,Motorcycle,1,Over Speeding,1,0,0,0,1,0,Medium
2022,12,Saturday,18,KPK,Charsadda,Motorway,Good,Clear,Daylight,Bus/Coach,2,Mechanical Failure,1,1,0,1,4,0,Medium
2023,12,Tuesday,12,Punjab,Sialkot,Provincial Highway,Under Repair,Rainy,Daylight,Motorcycle,2,Over Speeding,1,0,0,1,3,0,High
2019,2,Sunday,21,Punjab,Gujranwala,National Highway,Good,Clear,Street Light,Car/Taxi,2,Signal Violation,0,1,0,1,2,0,Low
2023,2,Saturday,7,Punjab,Sheikhupura,Rural Road,Under Repair,Clear,Daylight,Van/Pickup,2,Over Speeding,1,1,0,1,1,0,Low
2023,8,Friday,12,KPK,Mardan,Provincial Highway,Poor,Rainy,Daylight,Car/Taxi,1,Over Speeding,1,0,0,0,10,1,High
2021,5,Wednesday,15,Sindh,Jacobabad,National Highway,Good,Clear,Daylight,Van/Pickup,2,Drunk Driving,0,0,0,0,2,0,Medium
2023,7,Saturday,22,KPK,Mardan,Provincial Highway,Average,Rainy,Street Light,Rickshaw,3,Mechanical Failure,0,1,1,0,4,1,Medium
2022,9,Saturday,18,Sindh,Mirpur Khas,Urban Road,Poor,Foggy,Daylight,Other,1,Pedestrian Error,1,1,0,0,2,1,Low
2018,1,Thursday,22,Punjab,Rawalpindi,Provincial Highway,Good,Clear,Street Light,Motorcycle,3,Over Speeding,0,0,1,1,8,1,High
2021,9,Friday,18,Punjab,Sheikhupura,Urban Road,Average,Dusty/Smoggy,Street Light,Motorcycle,1,Signal Violation,1,0,0,0,4,1,Medium
2023,10,Sunday,20,Sindh,Nawabshah,National Highway,Poor,Clear,Street Light,Motorcycle,2,Signal Violation,1,1,0,0,5,0,High
2019,5,Wednesday,13,Punjab,Sialkot,Motorway,Good,Clear,Daylight,Car/Taxi,1,Over Speeding,1,0,0,0,4,0,Medium
2023,2,Monday,10,Punjab,Rawalpindi,Provincial Highway,Good,Clear,Daylight,Motorcycle,2,Drunk Driving,0,0,0,1,4,3,High
2022,3,Wednesday,0,Balochistan,Sibi,National Highway,Average,Clear,Street Light,Motorcycle,2,Mobile Phone Use,0,0,1,0,6,1,High
2021,1,Friday,15,KPK,Nowshera,Urban Road,Under Repair,Foggy,Daylight,Motorcycle,2,Over Speeding,0,0,0,1,9,1,High
2022,6,Saturday,16,Punjab,Gujranwala,Urban Road,Good,Clear,Daylight,Motorcycle,3,Wrong Overtaking,0,1,0,0,1,0,Medium
2018,9,Wednesday,7,KPK,Dera Ismail Khan,National Highway,Good,Clear,Street Light,Motorcycle,3,Over Speeding,1,0,0,0,8,0,High
2021,12,Thursday,15,Sindh,Jacobabad,National Highway,Good,Clear,Daylight,Rickshaw,1,Over Speeding,0,0,0,1,1,0,Medium
2018,1,Thursday,9,Punjab,Rahim Yar Khan,National Highway,Poor,Clear,Daylight,Bus/Coach,1,Pedestrian Error,1,0,0,1,2,0,Medium
2020,10,Monday,18,Punjab,Faisalabad,National Highway,Good,Clear,Daylight,Bus/Coach,1,Drunk Driving,1,0,0,0,11,3,High
2019,11,Saturday,9,Punjab,Sialkot,Urban Road,Poor,Clear,Daylight,Car/Taxi,4,Over Speeding,1,1,0,1,1,0,Low
2022,10,Tuesday,12,Punjab,Gujranwala,Provincial Highway,Good,Rainy,Dawn/Dusk,Car/Taxi,1,Wrong Overtaking,1,0,0,0,0,0,Low
2022,12,Monday,16,Punjab,Sialkot,National Highway,Good,Clear,Daylight,Other,2,Signal Violation,0,0,0,1,3,0,Medium
2020,2,Tuesday,13,Islamabad,Islamabad,National Highway,Under Repair,Clear,Daylight,Truck/Lorry,4,Road Condition,1,0,0,1,3,1,Medium
2019,9,Thursday,20,Sindh,Thatta,Provincial Highway,Good,Dusty/Smoggy,No Light,Motorcycle,2,Mobile Phone Use,1,0,0,0,1,0,Low
2018,7,Thursday,17,Balochistan,Khuzdar,Motorway,Good,Foggy,Daylight,Motorcycle,1,Pedestrian Error,1,0,0,0,8,1,High
2020,5,Tuesday,16,Punjab,Rahim Yar Khan,National Highway,Poor,Foggy,Daylight,Motorcycle,1,Signal Violation,0,0,0,0,10,4,High
2022,8,Thursday,11,Punjab,Bahawalpur,National Highway,Poor,Clear,Daylight,Car/Taxi,2,Drunk Driving,0,0,0,0,9,1,High
2023,7,Saturday,18,Balochistan,Sibi,Urban Road,Good,Clear,Daylight,Motorcycle,2,Wrong Overtaking,1,1,0,0,5,0,Medium
2023,6,Friday,11,Sindh,Mirpur Khas,Urban Road,Good,Rainy,Daylight,Car/Taxi,2,Over Speeding,0,0,0,0,1,0,Medium
2023,9,Thursday,9,Balochistan,Hub,National Highway,Average,Clear,Daylight,Car/Taxi,3,Signal Violation,1,0,0,0,3,1,Medium
2020,6,Saturday,12,Punjab,Sargodha,National Highway,Good,Foggy,Daylight,Motorcycle,1,Over Speeding,1,1,0,0,5,2,High
2021,7,Wednesday,15,Balochistan,Gwadar,Urban Road,Poor,Rainy,Daylight,Motorcycle,3,Driver Fatigue,0,0,0,0,7,0,High
2022,12,Thursday,16,Punjab,Rawalpindi,Provincial Highway,Poor,Clear,Daylight,Car/Taxi,3,Pedestrian Error,0,0,0,1,1,0,Low
2021,6,Sunday,16,Punjab,Rawalpindi,National Highway,Poor,Foggy,Daylight,Car/Taxi,2,Driver Fatigue,0,1,0,0,7,0,High
2022,9,Wednesday,10,KPK,Bannu,Urban Road,Good,Clear,Daylight,Motorcycle,3,Over Speeding,0,0,0,0,4,0,Medium
2023,2,Wednesday,11,KPK,Dera Ismail Khan,Urban Road,Poor,Clear,Daylight,Rickshaw,2,Pedestrian Error,0,0,0,1,1,0,Low
2021,6,Saturday,9,Punjab,Lahore,Urban Road,Average,Dusty/Smoggy,Daylight,Motorcycle,1,Over Speeding,1,1,0,0,5,0,Medium
2022,8,Thursday,10,AJK,Mirpur,Provincial Highway,Under Repair,Clear,Daylight,Car/Taxi,1,Driver Fatigue,0,0,0,0,4,0,Medium
2020,12,Tuesday,10,KPK,Bannu,Rural Road,Average,Rainy,Daylight,Motorcycle,4,Pedestrian Error,0,0,0,1,1,0,Low
2020,4,Sunday,16,Punjab,Bahawalpur,Provincial Highway,Poor,Clear,Daylight,Motorcycle,3,Signal Violation,0,1,0,0,4,0,Medium
2023,12,Thursday,21,Punjab,Lahore,Provincial Highway,Under Repair,Clear,No Light,Motorcycle,2,Road Condition,0,0,0,1,3,1,Medium
2022,7,Tuesday,14,Punjab,Bahawalpur,Provincial Highway,Good,Clear,Daylight,Bicycle,2,Road Condition,0,0,0,0,2,0,Medium
2023,6,Tuesday,7,Punjab,Multan,Urban Road,Average,Clear,Daylight,Truck/Lorry,1,Signal Violation,1,0,0,0,0,0,Low
2022,2,Wednesday,22,Sindh,Nawabshah,Urban Road,Average,Clear,Street Light,Bicycle,2,Road Condition,0,0,1,1,2,2,Medium
2023,12,Friday,8,KPK,Charsadda,Provincial Highway,Poor,Dusty/Smoggy,Daylight,Car/Taxi,1,Drunk Driving,1,0,0,1,4,0,Medium
2023,8,Saturday,10,KPK,Peshawar,Provincial Highway,Good,Clear,Daylight,Motorcycle,1,Over Speeding,0,1,0,0,11,2,High
2019,8,Friday,7,Sindh,Larkana,Provincial Highway,Under Repair,Foggy,Daylight,Car/Taxi,3,Over Speeding,1,0,0,0,3,0,Medium
2022,1,Sunday,19,Punjab,Faisalabad,Motorway,Average,Rainy,Dawn/Dusk,Car/Taxi,1,Over Speeding,1,1,0,1,3,1,Medium
2023,1,Sunday,5,Islamabad,Islamabad,Provincial Highway,Good,Rainy,No Light,Bicycle,2,Over Speeding,0,1,1,1,9,3,High
2021,2,Tuesday,10,Punjab,Lahore,National Highway,Average,Clear,Daylight,Motorcycle,1,Mechanical Failure,0,0,0,1,5,0,Medium
2022,11,Friday,12,Punjab,Multan,Provincial Highway,Good,Foggy,Daylight,Motorcycle,3,Over Speeding,1,0,0,1,3,3,High
2021,6,Friday,23,Sindh,Sukkur,National Highway,Under Repair,Clear,Street Light,Car/Taxi,2,Pedestrian Error,0,0,1,0,2,0,Low
2022,1,Sunday,9,KPK,Bannu,Provincial Highway,Good,Foggy,Dawn/Dusk,Rickshaw,1,Over Speeding,1,1,0,1,1,0,Medium
2021,9,Thursday,18,AJK,Muzaffarabad,National Highway,Poor,Clear,Daylight,Bus/Coach,1,Driver Fatigue,1,0,0,0,5,1,High
2019,11,Sunday,22,Islamabad,Islamabad,Provincial Highway,Good,Clear,No Light,Car/Taxi,2,Wrong Overtaking,0,1,1,1,2,0,Medium
2022,12,Saturday,8,Balochistan,Zhob,Rural Road,Average,Clear,Street Light,Truck/Lorry,2,Over Speeding,1,1,0,1,1,0,Medium
2020,6,Saturday,21,Sindh,Larkana,National Highway,Poor,Clear,No Light,Motorcycle,2,Pedestrian Error,0,1,0,0,2,1,High
2022,12,Monday,2,Punjab,Multan,Urban Road,Good,Clear,Street Light,Rickshaw,2,Wrong Overtaking,0,0,1,1,0,0,Low
2021,5,Tuesday,19,Sindh,Sukkur,Provincial Highway,Poor,Clear,Dawn/Dusk,Car/Taxi,1,Wrong Overtaking,1,0,0,0,2,0,Low
2023,10,Thursday,13,Punjab,Faisalabad,Motorway,Good,Foggy,Dawn/Dusk,Motorcycle,3,Over Speeding,1,0,0,0,11,2,High
2021,7,Wednesday,11,Punjab,Multan,National Highway,Average,Foggy,Daylight,Car/Taxi,1,Signal Violation,0,0,0,0,3,0,Medium
2019,7,Friday,23,Punjab,Sargodha,Provincial Highway,Poor,Dusty/Smoggy,Street Light,Rickshaw,3,Wrong Overtaking,0,0,1,0,1,0,Medium
2023,7,Thursday,18,Punjab,Sargodha,Provincial Highway,Good,Clear,Street Light,Truck/Lorry,2,Signal Violation,1,0,0,0,1,0,Low
2019,12,Monday,14,Sindh,Karachi,Provincial Highway,Good,Extreme Heat,Daylight,Rickshaw,2,Over Speeding,0,0,0,1,1,0,Low
2020,11,Thursday,19,Punjab,Rahim Yar Khan,Motorway,Poor,Dusty/Smoggy,Dawn/Dusk,Rickshaw,1,Signal Violation,1,0,0,1,4,1,Medium
2023,3,Saturday,16,Punjab,Rawalpindi,Rural Road,Good,Clear,Daylight,Motorcycle,2,Road Condition,0,1,0,0,1,0,Low
2022,10,Thursday,19,KPK,Swat,National Highway,Poor,Rainy,No Light,Motorcycle,2,Mechanical Failure,1,0,0,0,3,0,High
2022,7,Friday,21,KPK,Abbottabad,National Highway,Good,Clear,Street Light,Car/Taxi,2,Over Speeding,0,0,0,0,4,0,Medium
2019,6,Tuesday,7,Islamabad,Islamabad,National Highway,Average,Dusty/Smoggy,Daylight,Car/Taxi,1,Drunk Driving,1,0,0,0,1,0,Medium
2023,5,Thursday,18,Sindh,Nawabshah,National Highway,Average,Clear,Street Light,Car/Taxi,1,Wrong Overtaking,1,0,0,0,3,0,Medium
2022,2,Wednesday,19,Punjab,Sargodha,Rural Road,Good,Clear,No Light,Van/Pickup,3,Over Speeding,1,0,0,1,2,0,Low
2020,6,Sunday,2,Punjab,Multan,Rural Road,Good,Clear,No Light,Motorcycle,3,Pedestrian Error,0,1,1,0,3,2,Medium
2018,8,Wednesday,9,KPK,Nowshera,National Highway,Average,Clear,Street Light,Bus/Coach,1,Wrong Overtaking,1,0,0,0,4,1,Medium
2019,5,Thursday,19,Balochistan,Zhob,Urban Road,Average,Clear,Street Light,Car/Taxi,2,Mechanical Failure,1,0,0,0,1,1,Low
2019,7,Friday,10,Punjab,Lahore,Provincial Highway,Poor,Clear,Daylight,Motorcycle,2,Pedestrian Error,0,0,0,0,4,1,Medium
2020,11,Monday,11,Balochistan,Quetta,National Highway,Good,Clear,Daylight,Motorcycle,1,Road Condition,0,0,0,1,8,1,High
2018,4,Wednesday,15,Sindh,Larkana,National Highway,Good,Rainy,Daylight,Motorcycle,2,Mechanical Failure,0,0,0,0,6,4,High
2018,2,Tuesday,8,Punjab,Sargodha,National Highway,Good,Clear,Daylight,Motorcycle,1,Pedestrian Error,1,0,0,1,3,0,Medium
2019,8,Sunday,16,Sindh,Larkana,Motorway,Good,Rainy,Daylight,Car/Taxi,3,Road Condition,0,1,0,0,1,0,Medium