year,month,day_of_week,hour_of_day,province,district,road_type,road_condition,weather_condition,lighting_condition,vehicle_type,vehicles_involved,accident_cause,is_rush_hour,is_weekend,is_night,is_foggy_month,num_injured,num_killed,severity
2018,1,Thursday,11,Sindh,Jacobabad,Provincial Highway,Good,Clear,Daylight,Car/Taxi,1,Over Speeding,0,0,0,1,3,1,Medium
2021,6,Thursday,14,Punjab,Sialkot,Urban Road,Good,Clear,Daylight,Rickshaw,3,Over Speeding,0,0,0,0,1,1,Low
2022,8,Sunday,14,Punjab,Multan,Urban Road,Poor,Clear,Daylight,Motorcycle,2,Over Speeding,0,1,0,0,1,1,Medium
2020,2,Wednesday,14,KPK,Dera Ismail Khan,Provincial Highway,Poor,Dusty/Smoggy,Daylight,Van/Pickup,1,Signal Violation,0,0,0,1,2,0,Low
2020,2,Saturday,18,Sindh,Thatta,Rural Road,Average,Clear,Dawn/Dusk,Motorcycle,1,Over Speeding,1,1,0,1,1,0,Medium
2022,11,Thursday,18,Punjab,Lahore,Rural Road,Good,Clear,Daylight,Bus/Coach,2,Over Speeding,1,0,0,1,2,0,Low
2019,5,Saturday,7,Islamabad,Islamabad,National Highway,Average,Clear,Daylight,Bicycle,1,Pedestrian Error,1,1,0,0,4,0,Medium
2023,10,Friday,12,Punjab,Sargodha,Rural Road,Average,Clear,Daylight,Motorcycle,2,Wrong Overtaking,1,0,0,0,3,0,Medium
2020,6,Wednesday,16,Punjab,Lahore,National Highway,Good,Foggy,Daylight,Motorcycle,2,Over Speeding,0,0,0,0,2,0,High
2019,6,Sunday,18,Punjab,Sialkot,Rural Road,Good,Rainy,Dawn/Dusk,Car/Taxi,1,Over Speeding,1,1,0,0,5,1,Medium
2023,10,Tuesday,20,Balochistan,Loralai,National Highway,Average,Clear,No Light,Bicycle,1,Wrong Overtaking,1,0,0,0,4,1,Medium
2023,12,Monday,17,Sindh,Nawabshah,Urban Road,Good,Clear,Daylight,Motorcycle,2,Wrong Overtaking,1,0,0,1,5,0,Medium
2022,12,Friday,9,KPK,Swat,Motorway,Average,Clear,No Light,Motorcycle,2,Over Speeding,1,0,0,1,4,0,High
2023,2,Tuesday,11,AJK,Rawalakot,National Highway,Good,Rainy,Daylight,Motorcycle,1,Drunk Driving,0,0,0,1,3,1,High
2023,8,Sunday,19,KPK,Charsadda,Rural Road,Good,Rainy,Street Light,Car/Taxi,2,Over Speeding,1,1,0,0,1,0,Medium
2020,5,Tuesday,22,Punjab,Faisalabad,Provincial Highway,Poor,Clear,No Light,Motorcycle,2,Wrong Overtaking,0,0,1,0,3,0,Medium
2019,7,Monday,11,KPK,Peshawar,Provincial Highway,Good,Clear,Dawn/Dusk,Bus/Coach,2,Road Condition,0,0,0,0,5,2,Medium
2018,3,Tuesday,1,KPK,Charsadda,Urban Road,Good,Foggy,Street Light,Car/Taxi,2,Wrong Overtaking,0,0,1,0,4,0,Medium
2020,8,Monday,11,Punjab,Sargodha,Rural Road,Good,Clear,Daylight,Car/Taxi,2,Road Condition,0,0,0,0,1,0,Low
2021,2,Friday,18,Punjab,Rahim Yar Khan,Provincial Highway,Good,Clear,Daylight,Motorcycle,2,Over Speeding,1,0,0,1,4,0,Medium
2021,3,Saturday,17,KPK,Mardan,Urban Road,Average,Foggy,Daylight,Motorcycle,1,Over Speeding,1,1,0,0,3,3,High
2018,10,Thursday,10,Punjab,Gujranwala,Rural Road,Good,Clear,Daylight,Bicycle,2,Wrong Overtaking,0,0,0,0,1,1,Medium
2020,8,Saturday,20,Punjab,Gujranwala,Rural Road,Good,Clear,No Light,Car/Taxi,1,Signal Violation,1,1,0,0,0,0,Low
2023,3,Friday,2,KPK,Nowshera,Urban Road,Average,Rainy,Street Light,Truck/Lorry,3,Mobile Phone Use,0,0,1,0,3,0,Medium
2020,12,Friday,8,Balochistan,Turbat,Provincial Highway,Average,Extreme Heat,Daylight,Motorcycle,3,Over Speeding,1,0,0,1,5,0,Medium
2021,5,Tuesday,7,Punjab,Sheikhupura,Urban Road,Good,Foggy,Daylight,Motorcycle,2,Signal Violation,1,0,0,0,3,2,High
2019,3,Friday,7,Sindh,Dadu,Rural Road,Average,Foggy,Daylight,Motorcycle,1,Wrong Overtaking,1,0,0,0,4,1,Medium
2018,3,Thursday,6,Sindh,Mirpur Khas,National Highway,Under Repair,Clear,Daylight,Truck/Lorry,2,Over Speeding,0,0,0,0,10,1,High
2019,6,Monday,20,KPK,Mardan,Urban Road,Average,Clear,No Light,Motorcycle,2,Mechanical Failure,1,0,0,0,4,0,Medium
2018,6,Tuesday,14,Gilgit-Baltistan,Hunza,Provincial Highway,Good,Foggy,Daylight,Motorcycle,1,Over Speeding,0,0,0,0,3,1,High
2020,5,Friday,13,KPK,Swat,Urban Road,Poor,Rainy,Daylight,Motorcycle,2,Over Speeding,1,0,0,0,2,0,High
2023,4,Sunday,10,Sindh,Sukkur,Urban Road,Average,Clear,Daylight,Bus/Coach,3,Signal Violation,0,1,0,0,0,0,Low
2020,12,Wednesday,9,AJK,Rawalakot,Rural Road,Poor,Rainy,Daylight,Car/Taxi,2,Mechanical Failure,1,0,0,1,2,0,Low
2022,6,Monday,14,Punjab,Sargodha,Provincial Highway,Poor,Rainy,Daylight,Motorcycle,2,Over Speeding,0,0,0,0,4,1,High
2022,9,Thursday,19,Punjab,Sargodha,Provincial Highway,Average,Clear,Dawn/Dusk,Motorcycle,4,Road Condition,1,0,0,0,2,1,Medium
2023,4,Monday,16,Sindh,Karachi,Motorway,Good,Clear,Street Light,Bicycle,3,Wrong Overtaking,0,0,0,0,4,1,Medium
2023,2,Tuesday,19,Punjab,Sargodha,Urban Road,Average,Clear,Street Light,Rickshaw,2,Road Condition,1,0,0,1,2,0,Low
2019,7,Saturday,13,Punjab,Rahim Yar Khan,Provincial Highway,Average,Foggy,Street Light,Motorcycle,2,Over Speeding,1,1,0,0,3,4,High
2018,11,Monday,11,Punjab,Gujranwala,Provincial Highway,Average,Clear,Daylight,Bicycle,3,Road Condition,0,0,0,1,1,2,Medium
2019,11,Friday,9,KPK,Nowshera,Provincial Highway,Good,Dusty/Smoggy,Daylight,Car/Taxi,2,Signal Violation,1,0,0,1,1,0,Low
2019,6,Friday,9,Balochistan,Chaman,Urban Road,Poor,Foggy,Daylight,Motorcycle,2,Road Condition,1,0,0,0,1,0,Medium
2023,5,Friday,17,Punjab,Rahim Yar Khan,Rural Road,Good,Clear,Daylight,Truck/Lorry,2,Over Speeding,1,0,0,0,2,1,Medium
2021,6,Wednesday,10,Sindh,Jacobabad,National Highway,Good,Foggy,Street Light,Motorcycle,1,Road Condition,0,0,0,0,5,1,Medium
2018,1,Thursday,11,Punjab,Rahim Yar Khan,National Highway,Good,Clear,Daylight,Motorcycle,3,Wrong Overtaking,0,0,0,1,3,2,Medium
2021,5,Tuesday,18,KPK,Mardan,National Highway,Good,Clear,Daylight,Motorcycle,1,Over Speeding,1,0,0,0,3,4,High
2023,1,Friday,0,Sindh,Larkana,National Highway,Good,Clear,No Light,Car/Taxi,4,Mobile Phone Use,0,0,1,1,5,0,Medium
2023,1,Tuesday,9,Islamabad,Islamabad,National Highway,Under Repair,Foggy,Daylight,Car/Taxi,3,Pedestrian Error,1,0,0,1,0,0,Low
2020,5,Tuesday,10,Punjab,Sialkot,Urban Road,Good,Foggy,Daylight,Car/Taxi,1,Wrong Overtaking,0,0,0,0,2,0,Low
2022,12,Thursday,15,Sindh,Dadu,National Highway,Under Repair,Rainy,Daylight,Car/Taxi,1,Pedestrian Error,0,0,0,1,5,0,Medium
2018,6,Sunday,9,Punjab,Gujranwala,Urban Road,Average,Clear,Daylight,Van/Pickup,3,Pedestrian Error,1,1,0,0,1,0,Low
2023,9,Thursday,18,Sindh,Hyderabad,Urban Road,Average,Clear,Street Light,Motorcycle,2,Wrong Overtaking,1,0,0,0,5,0,Medium
2018,9,Friday,9,Balochistan,Gwadar,Urban Road,Good,Clear,Daylight,Car/Taxi,3,Road Condition,1,0,0,0,0,0,Low
2022,8,Sunday,2,Balochistan,Chaman,National Highway,Average,Dusty/Smoggy,No Light,Motorcycle,2,Wrong Overtaking,0,1,1,0,7,0,High
2019,7,Thursday,13,Punjab,Multan,Urban Road,Good,Clear,Daylight,Motorcycle,2,Driver Fatigue,1,0,0,0,4,1,High
2020,5,Monday,22,KPK,Charsadda,Motorway,Under Repair,Clear,Street Light,Bicycle,1,Over Speeding,0,0,1,0,9,2,High
2022,2,Friday,16,Punjab,Multan,Urban Road,Good,Clear,Daylight,Motorcycle,4,Over Speeding,0,0,0,1,5,0,Medium
2023,4,Saturday,13,Punjab,Bahawalpur,Provincial Highway,Average,Rainy,Dawn/Dusk,Bus/Coach,3,Signal Violation,1,1,0,0,5,0,Medium
2023,10,Saturday,15,Balochistan,Khuzdar,National Highway,Poor,Foggy,Daylight,Motorcycle,2,Wrong Overtaking,0,1,0,0,2,2,High
2023,6,Sunday,20,Punjab,Multan,Urban Road,Under Repair,Clear,No Light,Motorcycle,2,Signal Violation,1,1,0,0,0,0,Low
2021,12,Tuesday,3,Punjab,Rahim Yar Khan,Urban Road,Good,Clear,Street Light,Motorcycle,2,Mechanical Failure,0,0,1,1,0,0,Low
2023,6,Thursday,16,Punjab,Sheikhupura,Urban Road,Good,Rainy,Daylight,Van/Pickup,3,Over Speeding,0,0,0,0,5,2,Medium
2021,7,Tuesday,18,Punjab,Gujranwala,National Highway,Average,Clear,Daylight,Motorcycle,2,Road Condition,1,0,0,0,5,2,Medium
2022,8,Thursday,2,Punjab,Rawalpindi,Motorway,Good,Foggy,No Light,Van/Pickup,2,Driver Fatigue,0,0,1,0,2,2,High
2018,12,Saturday,1,KPK,Abbottabad,National Highway,Average,Clear,Street Light,Motorcycle,3,Wrong Overtaking,0,1,1,1,2,3,High
2022,6,Tuesday,22,Punjab,Multan,Motorway,Good,Clear,No Light,Motorcycle,2,Signal Violation,0,0,1,0,5,1,High
2022,12,Wednesday,12,Sindh,Hyderabad,National Highway,Under Repair,Rainy,Street Light,Motorcycle,2,Signal Violation,1,0,0,1,6,1,High
2021,2,Thursday,13,Punjab,Sargodha,National Highway,Under Repair,Foggy,Street Light,Motorcycle,1,Road Condition,1,0,0,1,11,3,High
2019,5,Sunday,21,Sindh,Jacobabad,Urban Road,Good,Rainy,No Light,Motorcycle,2,Over Speeding,0,1,0,0,3,0,Medium
2023,7,Wednesday,7,KPK,Bannu,Urban Road,Under Repair,Dusty/Smoggy,Street Light,Motorcycle,2,Signal Violation,1,0,0,0,1,1,Low
2019,6,Saturday,21,Balochistan,Chaman,Urban Road,Average,Clear,Street Light,Car/Taxi,4,Over Speeding,0,1,0,0,1,0,Low
2022,4,Sunday,22,AJK,Rawalakot,Urban Road,Good,Clear,No Light,Car/Taxi,3,Over Speeding,0,1,1,0,4,0,Medium
2021,3,Friday,18,Sindh,Mirpur Khas,National Highway,Poor,Clear,Daylight,Car/Taxi,3,Over Speeding,1,0,0,0,3,0,Medium
2021,7,Sunday,16,Gilgit-Baltistan,Hunza,Urban Road,Good,Clear,Dawn/Dusk,Bicycle,2,Road Condition,0,1,0,0,0,1,Low
2020,12,Wednesday,14,Punjab,Bahawalpur,Urban Road,Poor,Rainy,Daylight,Van/Pickup,1,Drunk Driving,0,0,0,1,2,0,Medium
2021,12,Saturday,18,Punjab,Faisalabad,Rural Road,Average,Dusty/Smoggy,Daylight,Motorcycle,2,Wrong Overtaking,1,1,0,1,5,1,Medium
2022,6,Monday,13,KPK,Peshawar,Urban Road,Good,Clear,Daylight,Bicycle,2,Road Condition,1,0,0,0,0,0,Low
2021,12,Wednesday,20,Punjab,Gujranwala,Provincial Highway,Good,Clear,No Light,Car/Taxi,2,Pedestrian Error,1,0,0,1,0,0,Low
2021,7,Sunday,18,Punjab,Lahore,Urban Road,Poor,Clear,Dawn/Dusk,Van/Pickup,1,Wrong Overtaking,1,1,0,0,2,0,Low
2020,6,Monday,23,Islamabad,Islamabad,National Highway,Poor,Clear,Street Light,Motorcycle,2,Drunk Driving,0,0,1,0,10,2,High
2023,11,Sunday,5,KPK,Nowshera,National Highway,Good,Clear,No Light,Car/Taxi,3,Driver Fatigue,0,1,1,1,7,2,High
2023,1,Saturday,15,Punjab,Bahawalpur,Provincial Highway,Good,Clear,Daylight,Car/Taxi,3,Wrong Overtaking,0,1,0,1,2,0,Low
2022,1,Saturday,18,KPK,Mansehra,Provincial Highway,Good,Foggy,Daylight,Motorcycle,3,Wrong Overtaking,1,1,0,1,3,1,High
2021,12,Wednesday,10,Balochistan,Khuzdar,Urban Road,Average,Dusty/Smoggy,Daylight,Motorcycle,2,Driver Fatigue,0,0,0,1,6,1,High
2021,9,Sunday,13,Balochistan,Dera Bugti,Urban Road,Average,Foggy,Daylight,Truck/Lorry,2,Mobile Phone Use,1,1,0,0,0,1,Low
2019,1,Sunday,16,Sindh,Karachi,National Highway,Average,Foggy,Street Light,Rickshaw,2,Drunk Driving,0,1,0,1,2,1,Medium
2021,11,Tuesday,7,KPK,Mardan,Urban Road,Poor,Rainy,Daylight,Bicycle,1,Over Speeding,1,0,0,1,7,2,High
2018,5,Tuesday,14,KPK,Mardan,National Highway,Good,Clear,Daylight,Car/Taxi,1,Wrong Overtaking,0,0,0,0,1,0,Low
2022,6,Wednesday,7,KPK,Dera Ismail Khan,Urban Road,Good,Clear,No Light,Car/Taxi,2,Over Speeding,1,0,0,0,0,0,Low
2023,11,Saturday,2,Sindh,Hyderabad,Provincial Highway,Good,Foggy,No Light,Car/Taxi,1,Pedestrian Error,0,1,1,1,0,0,Low
2020,10,Wednesday,20,Sindh,Kashmore,Urban Road,Good,Clear,Street Light,Motorcycle,2,Mechanical Failure,1,0,0,0,0,0,Low
2019,7,Monday,13,Sindh,Mirpur Khas,Urban Road,Poor,Clear,Daylight,Bus/Coach,2,Over Speeding,1,0,0,0,2,0,Low
2023,2,Wednesday,11,Gilgit-Baltistan,Skardu,Provincial Highway,Good,Clear,Daylight,Motorcycle,2,Wrong Overtaking,0,0,0,1,3,0,Medium
2019,6,Thursday,1,Punjab,Sheikhupura,Provincial Highway,Good,Rainy,Street Light,Bus/Coach,2,Over Speeding,0,0,1,0,10,4,High
2022,1,Wednesday,21,Punjab,Sialkot,Provincial Highway,Good,Clear,No Light,Truck/Lorry,2,Over Speeding,0,0,0,1,4,0,Medium
2019,2,Wednesday,6,KPK,Nowshera,Urban Road,Good,Clear,Daylight,Motorcycle,1,Wrong Overtaking,0,0,0,1,5,0,Medium
2021,7,Sunday,14,Punjab,Rawalpindi,Provincial Highway,Good,Clear,Daylight,Motorcycle,2,Drunk Driving,0,1,0,0,10,1,High
2023,6,Sunday,7,Sindh,Kashmore,Urban Road,Average,Foggy,Daylight,Motorcycle,1,Pedestrian Error,1,1,0,0,0,0,Low
2018,1,Friday,13,Punjab,Sargodha,Provincial Highway,Good,Clear,Daylight,Van/Pickup,1,Mobile Phone Use,1,0,0,1,0,0,Low
2023,12,Wednesday,10,Sindh,Larkana,National Highway,Under Repair,Clear,Daylight,Car/Taxi,1,Over Speeding,0,0,0,1,1,0,Medium
2022,11,Friday,21,Islamabad,Islamabad,Motorway,Good,Rainy,No Light,Motorcycle,1,Mechanical Failure,0,0,0,1,11,2,High
2022,11,Thursday,14,KPK,Charsadda,National Highway,Poor,Clear,Daylight,Car/Taxi,1,Over Speeding,0,0,0,1,1,1,Medium
2018,1,Wednesday,22,Punjab,Sheikhupura,Provincial Highway,Good,Extreme Heat,No Light,Van/Pickup,2,Over Speeding,0,0,1,1,9,3,High
2021,1,Saturday,12,AJK,Muzaffarabad,Motorway,Poor,Clear,Daylight,Car/Taxi,1,Over Speeding,1,1,0,1,1,1,Medium
2021,4,Monday,20,Punjab,Rawalpindi,Urban Road,Good,Clear,No Light,Motorcycle,2,Drunk Driving,1,0,0,0,3,0,Medium
2021,5,Saturday,10,Sindh,Nawabshah,National Highway,Average,Foggy,Daylight,Car/Taxi,2,Over Speeding,0,1,0,0,4,0,High
2018,10,Thursday,0,Sindh,Sukkur,National Highway,Good,Clear,No Light,Motorcycle,4,Wrong Overtaking,0,0,1,0,2,1,High
2023,10,Tuesday,6,Gilgit-Baltistan,Skardu,Provincial Highway,Average,Clear,Daylight,Motorcycle,2,Signal Violation,0,0,0,0,4,0,Medium
2022,7,Sunday,5,Punjab,Sargodha,National Highway,Poor,Extreme Heat,Dawn/Dusk,Truck/Lorry,3,Over Speeding,0,1,1,0,11,0,High
2021,12,Tuesday,18,KPK,Mansehra,Urban Road,Good,Clear,Dawn/Dusk,Car/Taxi,1,Drunk Driving,1,0,0,1,1,0,Medium
2018,2,Sunday,6,Punjab,Multan,Urban Road,Poor,Foggy,Daylight,Motorcycle,3,Pedestrian Error,0,1,0,1,5,0,Medium
2019,1,Sunday,9,Punjab,Sargodha,Rural Road,Poor,Rainy,Dawn/Dusk,Motorcycle,2,Mechanical Failure,1,1,0,1,3,0,Medium
2018,11,Wednesday,20,Islamabad,Islamabad,National Highway,Average,Foggy,Street Light,Motorcycle,2,Signal Violation,1,0,0,1,10,4,High
2021,11,Thursday,11,Sindh,Hyderabad,National Highway,Average,Clear,Dawn/Dusk,Van/Pickup,1,Road Condition,0,0,0,1,3,0,Medium
2020,4,Monday,10,KPK,Kohat,Urban Road,Average,Clear,Daylight,Bus/Coach,2,Wrong Overtaking,0,0,0,0,1,0,Medium
2019,6,Wednesday,11,Punjab,Sialkot,National Highway,Under Repair,Clear,Daylight,Motorcycle,3,Over Speeding,0,0,0,0,6,0,High
2020,3,Tuesday,8,KPK,Mansehra,Provincial Highway,Poor,Clear,Street Light,Van/Pickup,2,Over Speeding,1,0,0,0,2,0,Low
2023,2,Friday,17,KPK,Kohat,National Highway,Poor,Rainy,Daylight,Truck/Lorry,2,Over Speeding,1,0,0,1,11,0,High
2018,11,Sunday,10,Sindh,Kashmore,Provincial Highway,Average,Foggy,Daylight,Car/Taxi,4,Over Speeding,0,1,0,1,1,0,Medium
2023,5,Monday,5,Sindh,Mirpur Khas,National Highway,Average,Clear,No Light,Motorcycle,2,Wrong Overtaking,0,0,1,0,3,0,High
2019,9,Tuesday,15,AJK,Muzaffarabad,Rural Road,Poor,Clear,Dawn/Dusk,Motorcycle,1,Wrong Overtaking,0,0,0,0,1,0,Medium
2022,5,Saturday,11,Balochistan,Zhob,National Highway,Good,Extreme Heat,Dawn/Dusk,Bus/Coach,2,Over Speeding,0,1,0,0,5,0,Medium
2020,6,Sunday,20,Sindh,Kashmore,Provincial Highway,Good,Clear,No Light,Motorcycle,2,Signal Violation,1,1,0,0,2,0,Medium
2020,12,Saturday,9,KPK,Peshawar,Provincial Highway,Poor,Clear,Daylight,Motorcycle,2,Over Speeding,1,1,0,1,5,0,High
2021,8,Thursday,2,KPK,Peshawar,National Highway,Poor,Dusty/Smoggy,No Light,Truck/Lorry,1,Signal Violation,0,0,1,0,1,0,Medium
2020,5,Friday,19,Punjab,Lahore,Provincial Highway,Poor,Foggy,No Light,Bus/Coach,1,Wrong Overtaking,1,0,0,0,4,0,Medium
2023,1,Monday,20,Sindh,Larkana,Urban Road,Average,Foggy,No Light,Motorcycle,3,Over Speeding,1,0,0,1,3,0,Medium
2020,2,Saturday,4,AJK,Rawalakot,Rural Road,Poor,Clear,No Light,Bus/Coach,1,Drunk Driving,0,1,1,1,3,0,Medium
2023,2,Wednesday,11,Islamabad,Islamabad,Provincial Highway,Good,Foggy,No Light,Van/Pickup,2,Wrong Overtaking,0,0,0,1,5,0,Medium
2018,11,Saturday,12,KPK,Kohat,Provincial Highway,Average,Foggy,Daylight,Truck/Lorry,3,Driver Fatigue,1,1,0,1,9,1,High
2022,8,Tuesday,10,Punjab,Sargodha,Urban Road,Average,Rainy,Daylight,Motorcycle,2,Signal Violation,0,0,0,0,5,0,Medium
2020,6,Monday,15,Gilgit-Baltistan,Skardu,Provincial Highway,Average,Clear,No Light,Bicycle,3,Over Speeding,0,0,0,0,6,0,High
2018,7,Wednesday,8,Sindh,Sukkur,Provincial Highway,Average,Rainy,Daylight,Motorcycle,3,Mechanical Failure,1,0,0,0,4,0,Medium
2018,11,Monday,18,Punjab,Faisalabad,Rural Road,Good,Clear,Daylight,Truck/Lorry,2,Driver Fatigue,1,0,0,1,5,2,Medium
2022,8,Saturday,20,KPK,Mardan,Rural Road,Good,Dusty/Smoggy,Street Light,Motorcycle,2,Over Speeding,1,1,0,0,6,3,High
2020,11,Wednesday,6,Balochistan,Khuzdar,Provincial Highway,Good,Clear,Street Light,Motorcycle,1,Over Speeding,0,0,0,1,3,2,High
2018,8,Sunday,1,Punjab,Rahim Yar Khan,National Highway,Good,Clear,No Light,Van/Pickup,3,Pedestrian Error,0,1,1,0,0,0,Low
2018,4,Friday,14,Balochistan,Khuzdar,Provincial Highway,Poor,Clear,Daylight,Rickshaw,2,Wrong Overtaking,0,0,0,0,1,1,Low
2021,1,Thursday,8,Islamabad,Islamabad,Provincial Highway,Under Repair,Foggy,Daylight,Car/Taxi,2,Over Speeding,1,0,0,1,2,0,High
2023,1,Tuesday,17,Punjab,Rawalpindi,Urban Road,Average,Foggy,Daylight,Car/Taxi,1,Over Speeding,1,0,0,1,2,1,Medium
2022,11,Tuesday,17,Balochistan,Chaman,Rural Road,Poor,Clear,Daylight,Car/Taxi,3,Pedestrian Error,1,0,0,1,0,0,Low
2018,7,Wednesday,20,Islamabad,Islamabad,Provincial Highway,Good,Clear,No Light,Car/Taxi,3,Over Speeding,1,0,0,0,1,0,Medium
2023,5,Tuesday,18,Punjab,Rawalpindi,National Highway,Average,Rainy,Street Light,Rickshaw,2,Wrong Overtaking,1,0,0,0,3,1,Medium
2020,5,Saturday,8,Punjab,Sialkot,Provincial Highway,Average,Rainy,Street Light,Truck/Lorry,1,Mobile Phone Use,1,1,0,0,3,0,Medium
2018,2,Wednesday,8,Punjab,Sheikhupura,Provincial Highway,Average,Dusty/Smoggy,Daylight,Motorcycle,2,Wrong Overtaking,1,0,0,1,1,0,Medium
2023,1,Wednesday,5,Punjab,Bahawalpur,National Highway,Good,Foggy,Street Light,Bicycle,3,Wrong Overtaking,0,0,1,1,2,1,High
2023,2,Wednesday,6,KPK,Mansehra,Provincial Highway,Good,Foggy,Street Light,Motorcycle,2,Drunk Driving,0,0,0,1,6,2,High
2022,12,Monday,9,Punjab,Rahim Yar Khan,Urban Road,Good,Clear,Daylight,Motorcycle,2,Over Speeding,1,0,0,1,2,0,Medium
2019,11,Wednesday,0,Islamabad,Islamabad,Urban Road,Average,Dusty/Smoggy,Street Light,Car/Taxi,1,Signal Violation,0,0,1,1,1,0,Medium
2019,12,Tuesday,14,Gilgit-Baltistan,Gilgit,Urban Road,Good,Clear,Street Light,Motorcycle,2,Wrong Overtaking,0,0,0,1,5,0,Medium
2020,4,Thursday,10,Punjab,Gujranwala,Provincial Highway,Good,Clear,Dawn/Dusk,Bus/Coach,1,Over Speeding,0,0,0,0,10,2,High
2022,12,Saturday,6,Sindh,Thatta,Rural Road,Poor,Clear,Daylight,Van/Pickup,2,Over Speeding,0,1,0,1,5,0,Medium
2018,1,Tuesday,10,Sindh,Jacobabad,Urban Road,Good,Dusty/Smoggy,No Light,Car/Taxi,3,Drunk Driving,0,0,0,1,2,1,Medium
2018,1,Friday,7,Sindh,Mirpur Khas,Rural Road,Average,Foggy,Daylight,Truck/Lorry,1,Wrong Overtaking,1,0,0,1,4,0,Medium
2021,12,Monday,10,Punjab,Rahim Yar Khan,Urban Road,Poor,Foggy,Daylight,Motorcycle,3,Over Speeding,0,0,0,1,8,1,High
2023,8,Sunday,6,Punjab,Sialkot,Provincial Highway,Average,Clear,Daylight,Car/Taxi,2,Over Speeding,0,1,0,0,5,0,Medium
2019,5,Thursday,8,Punjab,Gujranwala,Provincial Highway,Average,Extreme Heat,Daylight,Rickshaw,2,Over Speeding,1,0,0,0,3,0,Medium
2018,9,Sunday,11,Punjab,Sheikhupura,Urban Road,Good,Clear,No Light,Motorcycle,2,Wrong Overtaking,0,1,0,0,5,1,Medium
2020,9,Monday,21,Balochistan,Zhob,Rural Road,Good,Dusty/Smoggy,Street Light,Motorcycle,3,Mechanical Failure,0,0,0,0,1,0,Medium
2023,8,Friday,7,Punjab,Rawalpindi,Urban Road,Poor,Clear,Dawn/Dusk,Van/Pickup,2,Wrong Overtaking,1,0,0,0,0,0,Low
2022,5,Friday,19,Punjab,Rawalpindi,Urban Road,Average,Clear,No Light,Car/Taxi,2,Signal Violation,1,0,0,0,0,0,Low
2020,11,Sunday,8,Sindh,Kashmore,Rural Road,Good,Clear,Daylight,Bicycle,1,Over Speeding,1,1,0,1,6,0,High
2022,10,Saturday,0,Punjab,Rahim Yar Khan,Provincial Highway,Under Repair,Clear,No Light,Motorcycle,2,Road Condition,0,1,1,0,5,2,Medium
2019,5,Friday,17,Punjab,Multan,Provincial Highway,Good,Extreme Heat,Daylight,Rickshaw,1,Over Speeding,1,0,0,0,1,0,Low
2020,8,Sunday,5,Sindh,Mirpur Khas,Rural Road,Good,Clear,No Light,Motorcycle,2,Wrong Overtaking,0,1,1,0,3,0,Medium
2021,2,Saturday,10,Sindh,Dadu,Rural Road,Poor,Foggy,Daylight,Bus/Coach,3,Wrong Overtaking,0,1,0,1,2,0,Low
2023,4,Monday,6,Punjab,Rahim Yar Khan,Urban Road,Good,Clear,Dawn/Dusk,Car/Taxi,2,Pedestrian Error,0,0,0,0,1,0,Low
2023,6,Sunday,17,Sindh,Hyderabad,Motorway,Poor,Foggy,Daylight,Bicycle,3,Over Speeding,1,1,0,0,3,0,High
2022,7,Tuesday,17,Sindh,Hyderabad,Motorway,Good,Extreme Heat,Daylight,Bus/Coach,2,Over Speeding,1,0,0,0,5,0,Medium
2021,4,Tuesday,23,Sindh,Karachi,Urban Road,Poor,Dusty/Smoggy,Street Light,Motorcycle,1,Over Speeding,0,0,1,0,9,0,High
2023,8,Saturday,22,KPK,Charsadda,Provincial Highway,Poor,Dusty/Smoggy,No Light,Motorcycle,2,Over Speeding,0,1,1,0,8,1,High
2022,7,Monday,16,Punjab,Lahore,National Highway,Good,Clear,Daylight,Car/Taxi,1,Over Speeding,0,0,0,0,1,2,Medium
2019,1,Wednesday,16,Sindh,Nawabshah,Provincial Highway,Good,Clear,Daylight,Motorcycle,2,Wrong Overtaking,0,0,0,1,5,1,High
2021,7,Monday,9,KPK,Mardan,Rural Road,Poor,Clear,Daylight,Car/Taxi,2,Over Speeding,1,0,0,0,2,0,Low
2021,3,Saturday,16,Islamabad,Islamabad,Provincial Highway,Good,Clear,Daylight,Motorcycle,2,Over Speeding,0,1,0,0,9,4,High
2023,9,Friday,18,Balochistan,Sibi,National Highway,Good,Clear,Dawn/Dusk,Truck/Lorry,2,Road Condition,1,0,0,0,1,0,Low
2023,2,Monday,20,Sindh,Larkana,Urban Road,Average,Foggy,No Light,Motorcycle,4,Road Condition,1,0,0,1,2,0,Medium
2018,7,Saturday,15,Sindh,Kashmore,Urban Road,Good,Clear,Daylight,Motorcycle,1,Over Speeding,0,1,0,0,1,2,Medium
2022,2,Sunday,23,Sindh,Mirpur Khas,Urban Road,Average,Foggy,Street Light,Motorcycle,3,Mechanical Failure,0,1,1,1,7,0,High
2019,1,Thursday,6,Balochistan,Turbat,National Highway,Average,Foggy,Street Light,Car/Taxi,2,Over Speeding,0,0,0,1,10,3,High
2020,12,Saturday,23,KPK,Kohat,Provincial Highway,Good,Foggy,No Light,Motorcycle,4,Over Speeding,0,1,1,1,7,1,High
2021,7,Friday,13,Punjab,Sargodha,Rural Road,Poor,Clear,Daylight,Motorcycle,2,Over Speeding,1,0,0,0,3,0,Medium
2019,7,Tuesday,9,Punjab,Gujranwala,Motorway,Average,Dusty/Smoggy,Daylight,Rickshaw,1,Over Speeding,1,0,0,0,2,2,Medium
2019,9,Thursday,12,Punjab,Lahore,National Highway,Poor,Foggy,Daylight,Car/Taxi,2,Over Speeding,1,0,0,0,5,0,Medium