year,month,day_of_week,hour_of_day,province,district,road_type,road_condition,weather_condition,lighting_condition,vehicle_type,vehicles_involved,accident_cause,is_rush_hour,is_weekend,is_night,is_foggy_month,num_injured,num_killed,severity
2021,6,Sunday,16,Punjab,Sheikhupura,Urban Road,Under Repair,Clear,Dawn/Dusk,Van/Pickup,2,Wrong Overtaking,0,1,0,0,0,0,Low
2023,8,Monday,9,Islamabad,Islamabad,Provincial Highway,Average,Clear,Daylight,Bus/Coach,2,Mechanical Failure,1,0,0,0,1,0,Low
2022,3,Wednesday,12,Punjab,Faisalabad,Provincial Highway,Average,Rainy,Daylight,Car/Taxi,1,Pedestrian Error,1,0,0,0,1,0,Low
2021,4,Tuesday,5,Punjab,Multan,Urban Road,Poor,Clear,Street Light,Car/Taxi,2,Signal Violation,0,0,1,0,0,1,Low
2019,12,Saturday,14,Balochistan,Zhob,National Highway,Average,Rainy,Street Light,Rickshaw,2,Wrong Overtaking,0,1,0,1,2,0,Medium
2021,11,Tuesday,21,Punjab,Lahore,National Highway,Average,Clear,No Light,Bus/Coach,1,Wrong Overtaking,0,0,0,1,2,2,Medium
2023,10,Tuesday,16,Punjab,Sheikhupura,National Highway,Good,Clear,Dawn/Dusk,Van/Pickup,2,Pedestrian Error,0,0,0,0,1,0,Medium
2021,6,Thursday,12,Sindh,Dadu,National Highway,Average,Clear,Daylight,Bus/Coach,1,Pedestrian Error,1,0,0,0,1,0,Medium
2022,4,Monday,8,Sindh,Thatta,National Highway,Good,Clear,Daylight,Rickshaw,3,Signal Violation,1,0,0,0,0,1,Low
2020,3,Tuesday,21,Punjab,Sheikhupura,Rural Road,Good,Clear,No Light,Van/Pickup,2,Over Speeding,0,0,0,0,1,1,Medium
2021,7,Saturday,10,Sindh,Larkana,Rural Road,Average,Clear,Daylight,Motorcycle,3,Wrong Overtaking,0,1,0,0,4,0,Medium
2023,6,Friday,18,Punjab,Sheikhupura,National Highway,Good,Foggy,Daylight,Bicycle,3,Mechanical Failure,1,0,0,0,11,1,High
2023,7,Monday,19,Sindh,Larkana,Motorway,Poor,Foggy,Daylight,Car/Taxi,1,Road Condition,1,0,0,0,4,0,Medium
2018,11,Wednesday,18,Punjab,Gujranwala,Provincial Highway,Average,Foggy,Daylight,Rickshaw,2,Over Speeding,1,0,0,1,4,1,Medium
2023,11,Tuesday,16,Balochistan,Zhob,National Highway,Good,Foggy,Dawn/Dusk,Car/Taxi,2,Drunk Driving,0,0,0,1,4,1,Medium
2018,5,Wednesday,3,Punjab,Sargodha,Rural Road,Average,Clear,No Light,Van/Pickup,2,Drunk Driving,0,0,1,0,5,0,Medium
2021,6,Thursday,7,Sindh,Sukkur,Urban Road,Good,Clear,Daylight,Bus/Coach,2,Mobile Phone Use,1,0,0,0,1,0,Low
2022,5,Friday,14,Sindh,Hyderabad,Motorway,Poor,Dusty/Smoggy,Daylight,Motorcycle,1,Mechanical Failure,0,0,0,0,3,0,Medium
2020,6,Sunday,13,Punjab,Gujranwala,Rural Road,Average,Clear,Dawn/Dusk,Motorcycle,4,Mechanical Failure,1,1,0,0,0,0,Low
2021,4,Sunday,17,Punjab,Rahim Yar Khan,Provincial Highway,Poor,Foggy,Daylight,Van/Pickup,2,Signal Violation,1,1,0,0,0,0,Low
2022,5,Tuesday,13,KPK,Abbottabad,National Highway,Good,Extreme Heat,Dawn/Dusk,Car/Taxi,1,Over Speeding,1,0,0,0,2,0,Medium
2020,8,Saturday,17,Punjab,Rawalpindi,Provincial Highway,Good,Foggy,Dawn/Dusk,Motorcycle,1,Driver Fatigue,1,1,0,0,7,2,High
2023,2,Friday,18,KPK,Nowshera,National Highway,Average,Clear,Daylight,Rickshaw,1,Mechanical Failure,1,0,0,1,0,0,Low
2019,11,Friday,6,Punjab,Sialkot,Urban Road,Good,Rainy,Daylight,Car/Taxi,3,Over Speeding,0,0,0,1,2,0,Medium
2018,1,Thursday,9,KPK,Abbottabad,National Highway,Average,Clear,Daylight,Motorcycle,1,Over Speeding,1,0,0,1,11,4,High
2018,9,Wednesday,11,AJK,Rawalakot,Rural Road,Average,Clear,Dawn/Dusk,Motorcycle,2,Over Speeding,0,0,0,0,3,0,Medium
2021,10,Tuesday,20,Punjab,Rahim Yar Khan,National Highway,Poor,Clear,No Light,Motorcycle,2,Over Speeding,1,0,0,0,6,2,High
2021,8,Friday,17,Sindh,Kashmore,Urban Road,Poor,Clear,Street Light,Rickshaw,1,Signal Violation,1,0,0,0,0,0,Low
2020,5,Sunday,17,Sindh,Nawabshah,Urban Road,Good,Foggy,Daylight,Rickshaw,2,Driver Fatigue,1,1,0,0,5,1,Medium
2018,11,Saturday,9,Balochistan,Quetta,Rural Road,Average,Clear,Daylight,Motorcycle,2,Over Speeding,1,1,0,1,5,2,High
2021,9,Saturday,15,Punjab,Gujranwala,Provincial Highway,Poor,Foggy,Daylight,Rickshaw,2,Over Speeding,0,1,0,0,1,2,Medium
2022,4,Monday,20,Sindh,Larkana,Provincial Highway,Poor,Foggy,Street Light,Motorcycle,4,Mechanical Failure,1,0,0,0,4,1,High
2022,12,Tuesday,17,Sindh,Sukkur,Urban Road,Average,Clear,Daylight,Van/Pickup,3,Over Speeding,1,0,0,1,5,2,Medium
2018,9,Saturday,6,Punjab,Rawalpindi,National Highway,Good,Clear,Daylight,Motorcycle,2,Wrong Overtaking,0,1,0,0,3,0,Medium
2023,12,Sunday,12,Punjab,Bahawalpur,Urban Road,Good,Clear,Daylight,Motorcycle,3,Over Speeding,1,1,0,1,1,0,Medium
2022,9,Thursday,6,Punjab,Rawalpindi,Rural Road,Good,Clear,Daylight,Bicycle,4,Road Condition,0,0,0,0,5,0,Medium
2021,4,Saturday,12,KPK,Mardan,Rural Road,Good,Clear,Daylight,Car/Taxi,3,Over Speeding,1,1,0,0,5,0,Medium
2022,8,Wednesday,7,Punjab,Gujranwala,Provincial Highway,Average,Clear,Street Light,Motorcycle,1,Pedestrian Error,1,0,0,0,3,0,Medium
2019,4,Thursday,13,Sindh,Kashmore,Provincial Highway,Under Repair,Extreme Heat,Daylight,Motorcycle,3,Wrong Overtaking,1,0,0,0,9,3,High
2023,9,Monday,20,Punjab,Rawalpindi,National Highway,Poor,Clear,Street Light,Car/Taxi,4,Road Condition,1,0,0,0,0,0,Low
2018,9,Wednesday,9,Punjab,Rahim Yar Khan,National Highway,Poor,Clear,Daylight,Car/Taxi,2,Signal Violation,1,0,0,0,2,0,Medium
2023,7,Monday,17,Sindh,Sukkur,Urban Road,Poor,Foggy,Daylight,Motorcycle,2,Wrong Overtaking,1,0,0,0,3,0,Medium
2023,3,Sunday,15,Balochistan,Chaman,Rural Road,Poor,Foggy,Dawn/Dusk,Rickshaw,2,Pedestrian Error,0,1,0,0,1,0,Low
2021,6,Monday,8,Sindh,Dadu,Provincial Highway,Good,Dusty/Smoggy,Daylight,Motorcycle,1,Mechanical Failure,1,0,0,0,1,1,Medium
2022,3,Monday,21,KPK,Mardan,Provincial Highway,Good,Clear,Street Light,Motorcycle,2,Road Condition,0,0,0,0,3,0,Medium
2021,5,Thursday,7,Sindh,Karachi,Rural Road,Average,Foggy,Daylight,Car/Taxi,1,Wrong Overtaking,1,0,0,0,1,0,Medium
2023,11,Sunday,13,KPK,Charsadda,National Highway,Poor,Extreme Heat,Daylight,Car/Taxi,2,Drunk Driving,1,1,0,1,3,0,Medium
2023,10,Tuesday,21,Sindh,Kashmore,Rural Road,Good,Clear,Street Light,Motorcycle,3,Signal Violation,0,0,0,0,2,0,Medium
2021,7,Sunday,7,Islamabad,Islamabad,Provincial Highway,Good,Clear,Daylight,Car/Taxi,2,Mechanical Failure,1,1,0,0,1,0,Low
2023,9,Wednesday,2,Sindh,Kashmore,National Highway,Average,Rainy,No Light,Rickshaw,1,Signal Violation,0,0,1,0,4,1,High
2019,2,Thursday,12,Sindh,Nawabshah,Urban Road,Good,Clear,Daylight,Rickshaw,4,Over Speeding,1,0,0,1,1,1,Medium
2019,12,Wednesday,16,Sindh,Dadu,National Highway,Poor,Foggy,Daylight,Motorcycle,2,Mechanical Failure,0,0,0,1,9,3,High
2023,6,Tuesday,16,Punjab,Lahore,National Highway,Under Repair,Clear,Street Light,Rickshaw,3,Over Speeding,0,0,0,0,2,0,Medium
2019,2,Sunday,8,Punjab,Gujranwala,Provincial Highway,Good,Clear,Daylight,Motorcycle,3,Pedestrian Error,1,1,0,1,1,1,Medium
2020,3,Saturday,16,Punjab,Gujranwala,Rural Road,Average,Foggy,Daylight,Motorcycle,2,Wrong Overtaking,0,1,0,0,3,1,Medium
2021,6,Friday,19,KPK,Abbottabad,National Highway,Average,Clear,Dawn/Dusk,Van/Pickup,1,Over Speeding,1,0,0,0,5,2,High
2021,8,Tuesday,9,Punjab,Faisalabad,National Highway,Average,Clear,Street Light,Truck/Lorry,1,Road Condition,1,0,0,0,0,0,Low
2020,1,Saturday,2,Punjab,Sheikhupura,Urban Road,Average,Clear,No Light,Motorcycle,2,Mechanical Failure,0,1,1,1,1,0,Medium
2019,6,Tuesday,23,Balochistan,Loralai,Provincial Highway,Good,Rainy,Street Light,Motorcycle,2,Signal Violation,0,0,1,0,8,1,High
2023,12,Saturday,14,Sindh,Dadu,Urban Road,Average,Foggy,Daylight,Motorcycle,2,Over Speeding,0,1,0,1,7,2,High
2023,2,Monday,8,Punjab,Rawalpindi,Provincial Highway,Average,Clear,Street Light,Motorcycle,2,Pedestrian Error,1,0,0,1,1,0,Low
2019,12,Tuesday,16,KPK,Peshawar,Provincial Highway,Good,Foggy,Street Light,Motorcycle,2,Mechanical Failure,0,0,0,1,9,0,High
2023,4,Tuesday,10,Punjab,Faisalabad,Provincial Highway,Average,Dusty/Smoggy,Daylight,Motorcycle,2,Wrong Overtaking,0,0,0,0,5,3,High
2023,12,Friday,20,Sindh,Nawabshah,Urban Road,Good,Clear,Street Light,Motorcycle,2,Wrong Overtaking,1,0,0,1,2,1,Medium
2023,1,Friday,7,Sindh,Nawabshah,Provincial Highway,Good,Clear,Daylight,Motorcycle,2,Weather Condition,1,0,0,1,3,1,Medium
2022,10,Tuesday,22,Punjab,Faisalabad,Rural Road,Under Repair,Foggy,Street Light,Rickshaw,1,Road Condition,0,0,1,0,1,0,Medium
2022,9,Wednesday,21,Punjab,Sheikhupura,Urban Road,Good,Foggy,No Light,Car/Taxi,2,Over Speeding,0,0,0,0,0,0,Low
2022,5,Tuesday,16,Punjab,Rahim Yar Khan,Rural Road,Average,Clear,Daylight,Motorcycle,2,Road Condition,0,0,0,0,0,0,Low
2021,5,Saturday,13,Punjab,Lahore,Urban Road,Good,Foggy,Dawn/Dusk,Motorcycle,1,Wrong Overtaking,1,1,0,0,4,1,Medium
2020,12,Saturday,5,Punjab,Multan,Provincial Highway,Average,Clear,Street Light,Motorcycle,3,Drunk Driving,0,1,1,1,9,1,High
2018,5,Sunday,9,Gilgit-Baltistan,Skardu,Provincial Highway,Average,Foggy,Daylight,Car/Taxi,3,Road Condition,1,1,0,0,5,1,Medium
2018,6,Friday,10,Punjab,Lahore,Urban Road,Good,Clear,Daylight,Car/Taxi,2,Over Speeding,0,0,0,0,2,0,Low
2022,12,Sunday,5,Balochistan,Hub,Urban Road,Poor,Clear,No Light,Bus/Coach,2,Over Speeding,0,1,1,1,1,1,Medium
2022,8,Thursday,12,Sindh,Nawabshah,National Highway,Good,Rainy,Daylight,Van/Pickup,1,Wrong Overtaking,1,0,0,0,1,0,Medium
2021,10,Monday,11,KPK,Bannu,National Highway,Good,Clear,No Light,Rickshaw,2,Drunk Driving,0,0,0,0,1,0,Medium
2018,4,Saturday,11,Punjab,Bahawalpur,National Highway,Good,Clear,Daylight,Motorcycle,2,Over Speeding,0,1,0,0,2,1,High
2020,6,Sunday,12,Punjab,Multan,Provincial Highway,Average,Extreme Heat,Daylight,Motorcycle,2,Signal Violation,1,1,0,0,9,1,High
2018,7,Saturday,11,Sindh,Nawabshah,Rural Road,Good,Foggy,Daylight,Motorcycle,3,Over Speeding,0,1,0,0,4,0,Medium
2021,12,Thursday,17,Balochistan,Loralai,Rural Road,Good,Clear,Daylight,Car/Taxi,1,Mechanical Failure,1,0,0,1,0,0,Low
2023,11,Sunday,17,Punjab,Sialkot,Provincial Highway,Poor,Foggy,No Light,Van/Pickup,3,Pedestrian Error,1,1,0,1,2,0,Low
2019,8,Wednesday,19,Sindh,Mirpur Khas,National Highway,Average,Rainy,Dawn/Dusk,Car/Taxi,1,Weather Condition,1,0,0,0,1,1,Medium
2020,8,Friday,19,Punjab,Lahore,National Highway,Poor,Clear,Street Light,Car/Taxi,2,Wrong Overtaking,1,0,0,0,2,0,Low
2018,5,Monday,14,Sindh,Jacobabad,National Highway,Average,Clear,Daylight,Car/Taxi,3,Signal Violation,0,0,0,0,2,0,Medium
2022,5,Thursday,12,Sindh,Jacobabad,Provincial Highway,Good,Clear,Daylight,Motorcycle,3,Over Speeding,1,0,0,0,5,2,Medium
2022,7,Sunday,14,KPK,Kohat,Rural Road,Poor,Clear,Daylight,Motorcycle,3,Over Speeding,0,1,0,0,4,2,Medium
2022,5,Monday,19,Punjab,Sheikhupura,National Highway,Under Repair,Clear,No Light,Motorcycle,1,Over Speeding,1,0,0,0,2,1,High
2018,7,Sunday,6,Punjab,Rawalpindi,National Highway,Good,Clear,Daylight,Car/Taxi,3,Pedestrian Error,0,1,0,0,3,0,Medium
2021,4,Sunday,3,Sindh,Karachi,National Highway,Good,Clear,No Light,Motorcycle,2,Drunk Driving,0,1,1,0,5,1,High
2022,7,Friday,4,Gilgit-Baltistan,Gilgit,Rural Road,Good,Rainy,Street Light,Rickshaw,4,Over Speeding,0,0,1,0,5,0,Medium
2019,10,Sunday,7,Punjab,Multan,Provincial Highway,Average,Clear,Daylight,Van/Pickup,2,Pedestrian Error,1,1,0,0,0,0,Low
2020,6,Monday,5,Sindh,Nawabshah,Urban Road,Good,Clear,Dawn/Dusk,Rickshaw,1,Mobile Phone Use,0,0,1,0,0,0,Low
2022,5,Monday,20,Sindh,Hyderabad,Provincial Highway,Good,Clear,Street Light,Rickshaw,1,Over Speeding,1,0,0,0,0,0,Low
2018,1,Tuesday,5,Punjab,Gujranwala,Urban Road,Good,Foggy,Dawn/Dusk,Car/Taxi,3,Pedestrian Error,0,0,1,1,2,0,Low
2021,1,Tuesday,9,KPK,Charsadda,Urban Road,Poor,Clear,Daylight,Motorcycle,2,Drunk Driving,1,0,0,1,5,0,Medium
2023,10,Tuesday,22,Punjab,Bahawalpur,Provincial Highway,Average,Clear,No Light,Car/Taxi,1,Over Speeding,0,0,1,0,2,1,Medium
2023,6,Friday,21,KPK,Mardan,Rural Road,Good,Foggy,No Light,Motorcycle,4,Pedestrian Error,0,0,0,0,5,0,Medium
2020,10,Thursday,17,Sindh,Sukkur,National Highway,Average,Clear,Daylight,Car/Taxi,2,Road Condition,1,0,0,0,1,0,Low
2018,7,Sunday,13,Sindh,Dadu,Motorway,Good,Clear,Daylight,Rickshaw,1,Over Speeding,1,1,0,0,6,1,High
2023,4,Saturday,13,Punjab,Sargodha,Rural Road,Average,Rainy,Daylight,Motorcycle,1,Drunk Driving,1,1,0,0,8,3,High
2020,1,Wednesday,5,Balochistan,Sibi,Provincial Highway,Under Repair,Clear,Daylight,Motorcycle,1,Mechanical Failure,0,0,1,1,4,1,Medium
2022,11,Tuesday,21,Punjab,Multan,Rural Road,Poor,Extreme Heat,No Light,Truck/Lorry,1,Road Condition,0,0,0,1,1,0,Low
2023,5,Friday,8,KPK,Nowshera,National Highway,Poor,Foggy,Daylight,Car/Taxi,3,Wrong Overtaking,1,0,0,0,5,1,High
2022,3,Tuesday,6,KPK,Nowshera,National Highway,Under Repair,Clear,Daylight,Motorcycle,3,Mechanical Failure,0,0,0,0,4,1,Medium
2022,6,Saturday,10,Sindh,Jacobabad,Rural Road,Average,Clear,Dawn/Dusk,Motorcycle,1,Road Condition,0,1,0,0,0,0,Low
2019,7,Friday,11,Punjab,Rahim Yar Khan,Provincial Highway,Average,Rainy,Street Light,Rickshaw,1,Road Condition,0,0,0,0,2,0,Low
2019,12,Wednesday,20,AJK,Rawalakot,Urban Road,Average,Foggy,No Light,Van/Pickup,3,Over Speeding,1,0,0,1,1,1,Medium
2022,10,Monday,1,Punjab,Gujranwala,Provincial Highway,Average,Extreme Heat,No Light,Van/Pickup,2,Over Speeding,0,0,1,0,2,0,Medium
2023,5,Sunday,19,Islamabad,Islamabad,Provincial Highway,Poor,Clear,Dawn/Dusk,Motorcycle,2,Pedestrian Error,1,1,0,0,2,0,Low
2020,10,Saturday,14,Punjab,Sialkot,Rural Road,Under Repair,Foggy,Dawn/Dusk,Car/Taxi,1,Wrong Overtaking,0,1,0,0,2,1,Medium
2018,6,Sunday,15,Punjab,Multan,Rural Road,Good,Clear,Daylight,Motorcycle,1,Over Speeding,0,1,0,0,7,0,High
2023,11,Sunday,18,Punjab,Sheikhupura,National Highway,Good,Clear,Dawn/Dusk,Motorcycle,2,Over Speeding,1,1,0,1,9,3,High
2023,6,Friday,20,Punjab,Multan,Provincial Highway,Poor,Dusty/Smoggy,No Light,Car/Taxi,1,Pedestrian Error,1,0,0,0,0,0,Low
2023,7,Thursday,10,Punjab,Sheikhupura,Urban Road,Good,Clear,Daylight,Motorcycle,2,Mechanical Failure,0,0,0,0,0,0,Low
2022,6,Saturday,4,Punjab,Sheikhupura,Provincial Highway,Good,Clear,No Light,Car/Taxi,4,Signal Violation,0,1,1,0,3,1,Medium
2018,8,Saturday,16,AJK,Muzaffarabad,National Highway,Average,Clear,Daylight,Rickshaw,1,Wrong Overtaking,0,1,0,0,0,0,Low
2020,3,Monday,16,KPK,Bannu,Provincial Highway,Under Repair,Clear,Daylight,Motorcycle,2,Signal Violation,0,0,0,0,3,1,Medium
2019,3,Sunday,12,Punjab,Sheikhupura,Provincial Highway,Poor,Clear,Daylight,Motorcycle,1,Signal Violation,1,1,0,0,3,3,High
2023,11,Sunday,6,Punjab,Rawalpindi,Provincial Highway,Poor,Clear,Daylight,Motorcycle,2,Wrong Overtaking,0,1,0,1,8,1,High
2023,2,Tuesday,7,KPK,Abbottabad,National Highway,Poor,Clear,No Light,Motorcycle,3,Wrong Overtaking,1,0,0,1,8,1,High
2023,5,Sunday,17,Punjab,Multan,Urban Road,Good,Clear,Daylight,Motorcycle,2,Wrong Overtaking,1,1,0,0,2,0,Medium
2019,7,Sunday,6,KPK,Charsadda,Urban Road,Poor,Clear,Daylight,Car/Taxi,3,Drunk Driving,0,1,0,0,1,0,Low
2018,5,Tuesday,8,Sindh,Sukkur,National Highway,Good,Clear,Daylight,Bus/Coach,2,Over Speeding,1,0,0,0,10,1,High
2021,8,Friday,12,Sindh,Hyderabad,Motorway,Poor,Clear,Daylight,Motorcycle,3,Over Speeding,1,0,0,0,11,1,High
2021,11,Friday,9,Sindh,Nawabshah,Motorway,Average,Clear,Dawn/Dusk,Car/Taxi,3,Mechanical Failure,1,0,0,1,0,0,Low
2020,9,Monday,9,Sindh,Sukkur,Rural Road,Good,Clear,Dawn/Dusk,Car/Taxi,2,Wrong Overtaking,1,0,0,0,2,0,Low
2022,6,Friday,23,Punjab,Sheikhupura,National Highway,Good,Foggy,No Light,Motorcycle,1,Mechanical Failure,0,0,1,0,6,0,High
2021,11,Tuesday,15,Punjab,Rahim Yar Khan,Rural Road,Poor,Clear,Street Light,Car/Taxi,4,Mobile Phone Use,0,0,0,1,2,0,Low
2021,5,Sunday,17,Punjab,Sheikhupura,Provincial Highway,Average,Clear,Daylight,Motorcycle,1,Road Condition,1,1,0,0,2,0,Low
2022,10,Wednesday,14,Sindh,Kashmore,National Highway,Poor,Clear,Daylight,Car/Taxi,1,Driver Fatigue,0,0,0,0,3,0,Medium
2023,12,Sunday,20,Sindh,Nawabshah,Urban Road,Under Repair,Rainy,Street Light,Other,1,Pedestrian Error,1,1,0,1,0,0,Low
2018,8,Monday,17,KPK,Kohat,National Highway,Under Repair,Extreme Heat,Street Light,Motorcycle,1,Over Speeding,1,0,0,0,10,1,High
2019,10,Monday,14,Punjab,Faisalabad,Provincial Highway,Good,Clear,Dawn/Dusk,Motorcycle,1,Mechanical Failure,0,0,0,0,0,0,Low
2018,7,Thursday,8,Sindh,Thatta,National Highway,Good,Clear,Daylight,Motorcycle,2,Over Speeding,1,0,0,0,6,2,High
2021,2,Wednesday,15,Punjab,Rawalpindi,Provincial Highway,Poor,Rainy,Street Light,Bus/Coach,1,Mobile Phone Use,0,0,0,1,0,0,Low
2019,9,Sunday,9,Sindh,Mirpur Khas,Urban Road,Good,Clear,Daylight,Car/Taxi,2,Over Speeding,1,1,0,0,3,1,Medium
2020,5,Monday,13,Balochistan,Dera Bugti,Urban Road,Good,Clear,Daylight,Bus/Coach,2,Wrong Overtaking,1,0,0,0,2,0,Low
2019,11,Friday,10,KPK,Swat,Provincial Highway,Average,Rainy,Daylight,Van/Pickup,3,Mobile Phone Use,0,0,0,1,4,0,Medium
2022,1,Saturday,13,Islamabad,Islamabad,Provincial Highway,Average,Clear,Daylight,Truck/Lorry,3,Wrong Overtaking,1,1,0,1,1,2,Medium
2019,1,Monday,9,AJK,Rawalakot,Provincial Highway,Under Repair,Rainy,Daylight,Truck/Lorry,3,Road Condition,1,0,0,1,2,0,Low
2020,12,Monday,10,KPK,Abbottabad,Provincial Highway,Under Repair,Clear,Daylight,Motorcycle,1,Driver Fatigue,0,0,0,1,11,0,High
2018,10,Tuesday,16,Punjab,Sheikhupura,Motorway,Average,Clear,Daylight,Car/Taxi,2,Over Speeding,0,0,0,0,7,2,High
2020,7,Saturday,22,Punjab,Faisalabad,Rural Road,Average,Clear,Street Light,Car/Taxi,2,Drunk Driving,0,1,1,0,1,0,Medium
2023,6,Sunday,16,Sindh,Sukkur,Urban Road,Poor,Foggy,Daylight,Motorcycle,2,Wrong Overtaking,0,1,0,0,4,1,High
2018,4,Wednesday,23,Gilgit-Baltistan,Gilgit,Provincial Highway,Average,Clear,No Light,Rickshaw,3,Drunk Driving,0,0,1,0,5,0,Medium
2021,3,Saturday,10,Punjab,Multan,Provincial Highway,Average,Clear,Daylight,Motorcycle,3,Driver Fatigue,0,1,0,0,3,1,Medium
2018,4,Sunday,15,Punjab,Sheikhupura,Motorway,Good,Foggy,Dawn/Dusk,Rickshaw,1,Pedestrian Error,0,1,0,0,4,0,Medium
2020,1,Tuesday,17,Islamabad,Islamabad,Provincial Highway,Under Repair,Clear,Daylight,Motorcycle,3,Over Speeding,1,0,0,1,8,1,High
2022,11,Monday,6,Punjab,Gujranwala,Provincial Highway,Good,Clear,Dawn/Dusk,Motorcycle,4,Wrong Overtaking,0,0,0,1,8,4,High
2023,1,Friday,5,KPK,Dera Ismail Khan,Urban Road,Average,Clear,Dawn/Dusk,Motorcycle,2,Wrong Overtaking,0,0,1,1,11,0,High
2019,11,Sunday,12,KPK,Kohat,National Highway,Good,Dusty/Smoggy,Daylight,Car/Taxi,4,Over Speeding,1,1,0,1,4,0,Medium
2022,2,Saturday,10,Balochistan,Loralai,Provincial Highway,Good,Extreme Heat,Daylight,Car/Taxi,2,Pedestrian Error,0,1,0,1,1,0,Low
2022,1,Monday,14,KPK,Swat,National Highway,Average,Clear,Daylight,Car/Taxi,2,Wrong Overtaking,0,0,0,1,0,0,Low
2022,2,Sunday,10,KPK,Kohat,Urban Road,Poor,Foggy,Daylight,Car/Taxi,1,Weather Condition,0,1,0,1,2,0,Low
2023,9,Monday,21,KPK,Peshawar,National Highway,Good,Foggy,No Light,Rickshaw,4,Road Condition,0,0,0,0,1,0,Low
2022,11,Tuesday,9,Punjab,Sargodha,Provincial Highway,Under Repair,Clear,Daylight,Motorcycle,1,Wrong Overtaking,1,0,0,1,1,1,Medium
2022,3,Sunday,19,KPK,Swat,Provincial Highway,Good,Rainy,Dawn/Dusk,Motorcycle,2,Road Condition,1,1,0,0,1,1,Medium
2021,5,Saturday,22,KPK,Mardan,National Highway,Good,Clear,Street Light,Motorcycle,2,Road Condition,0,1,1,0,4,1,High
2020,11,Thursday,21,Punjab,Sargodha,Urban Road,Good,Foggy,No Light,Motorcycle,4,Road Condition,0,0,0,1,2,2,Medium
2023,12,Saturday,22,Punjab,Bahawalpur,National Highway,Poor,Clear,No Light,Van/Pickup,1,Wrong Overtaking,0,1,1,1,2,2,High
2018,1,Thursday,18,Punjab,Sheikhupura,National Highway,Average,Dusty/Smoggy,Daylight,Motorcycle,2,Mechanical Failure,1,0,0,1,9,2,High
2021,5,Saturday,8,Sindh,Thatta,National Highway,Good,Dusty/Smoggy,Dawn/Dusk,Bicycle,4,Mobile Phone Use,1,1,0,0,3,0,Medium
2019,8,Friday,22,Punjab,Bahawalpur,National Highway,Good,Foggy,No Light,Motorcycle,2,Driver Fatigue,0,0,1,0,3,0,High
2023,6,Saturday,8,KPK,Charsadda,National Highway,Poor,Clear,Daylight,Motorcycle,1,Wrong Overtaking,1,1,0,0,11,3,High
2019,12,Sunday,23,Punjab,Sargodha,National Highway,Poor,Dusty/Smoggy,Street Light,Van/Pickup,2,Pedestrian Error,0,1,1,1,3,0,Medium
2021,8,Saturday,22,Punjab,Faisalabad,Provincial Highway,Good,Clear,No Light,Rickshaw,1,Wrong Overtaking,0,1,1,0,2,0,Low
2022,3,Saturday,11,Punjab,Faisalabad,National Highway,Poor,Clear,No Light,Car/Taxi,1,Road Condition,0,1,0,0,1,1,Medium
2018,11,Thursday,14,Sindh,Dadu,Provincial Highway,Good,Rainy,Daylight,Car/Taxi,1,Over Speeding,0,0,0,1,3,1,Medium
2019,8,Monday,6,Punjab,Lahore,Urban Road,Good,Clear,Dawn/Dusk,Motorcycle,2,Driver Fatigue,0,0,0,0,5,0,High
2023,6,Sunday,7,Punjab,Lahore,Motorway,Good,Clear,Daylight,Motorcycle,1,Wrong Overtaking,1,1,0,0,7,0,High
2020,11,Thursday,10,Islamabad,Islamabad,Motorway,Good,Clear,Daylight,Van/Pickup,1,Driver Fatigue,0,0,0,1,3,0,Medium
2023,6,Saturday,22,Balochistan,Loralai,Urban Road,Average,Rainy,Street Light,Car/Taxi,1,Over Speeding,0,1,1,0,6,1,High
2019,6,Monday,18,Balochistan,Dera Bugti,Urban Road,Average,Clear,Daylight,Bus/Coach,1,Drunk Driving,1,0,0,0,2,1,Medium
2022,7,Thursday,5,Sindh,Nawabshah,Provincial Highway,Average,Clear,No Light,Van/Pickup,1,Wrong Overtaking,0,0,1,0,3,0,Medium
2023,9,Sunday,14,Balochistan,Zhob,Urban Road,Average,Dusty/Smoggy,Dawn/Dusk,Bus/Coach,2,Over Speeding,0,1,0,0,0,0,Low
2022,9,Saturday,11,KPK,Charsadda,Rural Road,Good,Clear,Daylight,Motorcycle,2,Over Speeding,0,1,0,0,3,1,Medium
2020,4,Tuesday,7,Islamabad,Islamabad,Rural Road,Good,Dusty/Smoggy,Dawn/Dusk,Motorcycle,3,Road Condition,1,0,0,0,1,0,Low
2023,8,Monday,0,Punjab,Multan,Rural Road,Good,Clear,No Light,Motorcycle,1,Over Speeding,0,0,1,0,8,3,High
2023,10,Friday,19,Punjab,Gujranwala,Rural Road,Poor,Foggy,Dawn/Dusk,Motorcycle,2,Wrong Overtaking,1,0,0,0,2,2,Medium
2021,7,Friday,10,Punjab,Gujranwala,National Highway,Poor,Foggy,Dawn/Dusk,Motorcycle,4,Mobile Phone Use,0,0,0,0,2,2,Medium
2022,11,Wednesday,8,Islamabad,Islamabad,Rural Road,Poor,Clear,Daylight,Van/Pickup,3,Drunk Driving,1,0,0,1,1,1,Low
2022,5,Sunday,6,Sindh,Nawabshah,Urban Road,Good,Foggy,Daylight,Motorcycle,1,Mechanical Failure,0,1,0,0,1,1,Medium
2020,8,Monday,11,Sindh,Karachi,Provincial Highway,Good,Clear,Street Light,Car/Taxi,4,Driver Fatigue,0,0,0,0,5,0,Medium
2023,6,Sunday,20,Sindh,Larkana,National Highway,Average,Clear,No Light,Truck/Lorry,3,Over Speeding,1,1,0,0,3,2,High