year,month,day_of_week,hour_of_day,province,district,road_type,road_condition,weather_condition,lighting_condition,vehicle_type,vehicles_involved,accident_cause,is_rush_hour,is_weekend,is_night,is_foggy_month,num_injured,num_killed,severity
2022,5,Sunday,11,KPK,Abbottabad,National Highway,Poor,Clear,Daylight,Rickshaw,2,Over Speeding,0,1,0,0,2,0,Medium
2022,9,Thursday,7,Islamabad,Islamabad,National Highway,Under Repair,Foggy,Daylight,Motorcycle,4,Over Speeding,1,0,0,0,7,2,High
2021,12,Wednesday,6,KPK,Nowshera,Provincial Highway,Good,Clear,No Light,Motorcycle,2,Signal Violation,0,0,0,1,9,0,High
2019,2,Thursday,16,KPK,Peshawar,Motorway,Good,Clear,Daylight,Motorcycle,1,Wrong Overtaking,0,0,0,1,2,2,High
2023,11,Monday,9,Punjab,Faisalabad,National Highway,Good,Clear,Daylight,Motorcycle,2,Signal Violation,1,0,0,1,3,1,High
2023,5,Tuesday,7,Sindh,Thatta,Provincial Highway,Poor,Foggy,No Light,Car/Taxi,1,Over Speeding,1,0,0,0,1,1,Medium
2022,9,Saturday,15,Balochistan,Turbat,National Highway,Average,Extreme Heat,Daylight,Van/Pickup,1,Road Condition,0,1,0,0,0,0,Low
2022,7,Wednesday,22,KPK,Bannu,Rural Road,Average,Clear,No Light,Car/Taxi,3,Road Condition,0,0,1,0,1,0,Low
2023,11,Sunday,12,KPK,Swat,Rural Road,Poor,Clear,Daylight,Motorcycle,3,Over Speeding,1,1,0,1,6,1,High
2018,12,Monday,16,Punjab,Rawalpindi,National Highway,Average,Clear,Daylight,Motorcycle,4,Road Condition,0,0,0,1,1,2,Medium
2023,12,Tuesday,5,Punjab,Multan,National Highway,Poor,Dusty/Smoggy,Dawn/Dusk,Van/Pickup,2,Signal Violation,0,0,1,1,9,2,High
2023,9,Tuesday,13,Punjab,Sheikhupura,Provincial Highway,Good,Clear,Daylight,Motorcycle,2,Wrong Overtaking,1,0,0,0,3,1,Medium
2023,6,Thursday,18,Sindh,Jacobabad,Provincial Highway,Under Repair,Clear,Dawn/Dusk,Car/Taxi,3,Pedestrian Error,1,0,0,0,2,0,Low
2022,1,Saturday,8,Sindh,Larkana,Urban Road,Average,Rainy,Daylight,Motorcycle,3,Driver Fatigue,1,1,0,1,5,1,Medium
2023,10,Sunday,11,Islamabad,Islamabad,Provincial Highway,Poor,Clear,Street Light,Motorcycle,2,Road Condition,0,1,0,0,1,0,Medium
2020,8,Monday,17,KPK,Nowshera,National Highway,Poor,Clear,Daylight,Car/Taxi,2,Driver Fatigue,1,0,0,0,11,1,High
2022,2,Saturday,14,Punjab,Bahawalpur,Rural Road,Poor,Extreme Heat,Dawn/Dusk,Motorcycle,3,Over Speeding,0,1,0,1,5,1,Medium
2023,5,Saturday,17,Punjab,Bahawalpur,Urban Road,Good,Clear,No Light,Motorcycle,3,Over Speeding,1,1,0,0,4,1,Medium
2022,3,Friday,6,Balochistan,Zhob,Provincial Highway,Good,Clear,Daylight,Motorcycle,3,Wrong Overtaking,0,0,0,0,10,2,High
2023,7,Saturday,18,Sindh,Karachi,National Highway,Poor,Clear,Daylight,Motorcycle,2,Mobile Phone Use,1,1,0,0,7,2,High
2022,9,Monday,7,Sindh,Kashmore,Provincial Highway,Poor,Extreme Heat,Daylight,Bus/Coach,1,Road Condition,1,0,0,0,4,1,Medium
2023,8,Sunday,20,Sindh,Sukkur,Rural Road,Average,Clear,No Light,Motorcycle,1,Signal Violation,1,1,0,0,0,0,Low
2022,1,Thursday,21,Punjab,Sialkot,Urban Road,Good,Clear,Street Light,Bicycle,2,Pedestrian Error,0,0,0,1,1,0,Low
2022,8,Saturday,20,Punjab,Lahore,National Highway,Good,Rainy,No Light,Motorcycle,3,Road Condition,1,1,0,0,5,0,Medium
2023,12,Friday,7,Punjab,Gujranwala,National Highway,Poor,Extreme Heat,No Light,Car/Taxi,3,Mechanical Failure,1,0,0,1,2,0,Low
2019,11,Thursday,13,Punjab,Faisalabad,Rural Road,Average,Extreme Heat,Daylight,Van/Pickup,2,Over Speeding,1,0,0,1,1,1,Low
2020,12,Friday,3,KPK,Peshawar,National Highway,Good,Clear,Street Light,Car/Taxi,1,Signal Violation,0,0,1,1,5,0,Medium
2022,10,Saturday,20,Sindh,Kashmore,Provincial Highway,Average,Rainy,Street Light,Van/Pickup,1,Over Speeding,1,1,0,0,4,1,High
2023,4,Thursday,5,Islamabad,Islamabad,Provincial Highway,Under Repair,Clear,Dawn/Dusk,Motorcycle,2,Over Speeding,0,0,1,0,10,1,High
2022,7,Wednesday,22,Balochistan,Khuzdar,Urban Road,Average,Clear,No Light,Motorcycle,1,Driver Fatigue,0,0,1,0,11,2,High
2023,11,Friday,9,Sindh,Hyderabad,Provincial Highway,Good,Clear,Dawn/Dusk,Motorcycle,2,Over Speeding,1,0,0,1,5,0,Medium
2018,10,Tuesday,10,Sindh,Nawabshah,Rural Road,Good,Clear,Daylight,Rickshaw,1,Road Condition,0,0,0,0,1,0,Low
2020,1,Saturday,17,KPK,Mansehra,Provincial Highway,Good,Rainy,No Light,Truck/Lorry,2,Mechanical Failure,1,1,0,1,4,1,Medium
2023,5,Thursday,13,Punjab,Sargodha,Urban Road,Good,Clear,Daylight,Car/Taxi,2,Road Condition,1,0,0,0,0,0,Low
2023,12,Monday,9,Gilgit-Baltistan,Hunza,National Highway,Average,Foggy,Daylight,Truck/Lorry,2,Signal Violation,1,0,0,1,1,0,Medium
2019,12,Tuesday,15,Sindh,Mirpur Khas,National Highway,Poor,Clear,Daylight,Motorcycle,1,Pedestrian Error,0,0,0,1,10,4,High
2021,12,Monday,18,Balochistan,Khuzdar,Urban Road,Poor,Clear,Daylight,Car/Taxi,1,Mobile Phone Use,1,0,0,1,0,1,Low
2021,2,Friday,6,Islamabad,Islamabad,National Highway,Poor,Foggy,Street Light,Motorcycle,2,Over Speeding,0,0,0,1,4,2,High
2022,7,Monday,20,Sindh,Nawabshah,Provincial Highway,Good,Extreme Heat,No Light,Motorcycle,3,Signal Violation,1,0,0,0,5,1,Medium
2023,7,Tuesday,17,Punjab,Rawalpindi,Rural Road,Poor,Rainy,Daylight,Motorcycle,2,Wrong Overtaking,1,0,0,0,4,3,High
2022,10,Saturday,7,Sindh,Mirpur Khas,National Highway,Average,Clear,Street Light,Truck/Lorry,1,Over Speeding,1,1,0,0,8,1,High
2020,3,Sunday,17,Sindh,Sukkur,Provincial Highway,Average,Dusty/Smoggy,Daylight,Motorcycle,1,Over Speeding,1,1,0,0,11,3,High
2023,1,Friday,19,KPK,Mansehra,Provincial Highway,Good,Clear,Street Light,Motorcycle,4,Pedestrian Error,1,0,0,1,5,2,Medium
2023,11,Monday,19,Punjab,Multan,Provincial Highway,Average,Foggy,Dawn/Dusk,Car/Taxi,2,Wrong Overtaking,1,0,0,1,3,1,Medium
2023,2,Sunday,15,Sindh,Dadu,Rural Road,Good,Clear,Daylight,Motorcycle,3,Signal Violation,0,1,0,1,4,1,Medium
2021,10,Sunday,8,Islamabad,Islamabad,National Highway,Poor,Clear,Daylight,Car/Taxi,2,Driver Fatigue,1,1,0,0,1,0,Medium
2020,1,Friday,9,Gilgit-Baltistan,Skardu,National Highway,Good,Dusty/Smoggy,Daylight,Motorcycle,1,Signal Violation,1,0,0,1,10,3,High
2018,6,Monday,20,Punjab,Sargodha,National Highway,Under Repair,Rainy,No Light,Rickshaw,2,Over Speeding,1,0,0,0,8,3,High
2020,6,Friday,19,Balochistan,Hub,Motorway,Good,Rainy,No Light,Motorcycle,2,Over Speeding,1,0,0,0,5,0,High
2021,12,Friday,8,Punjab,Sheikhupura,Rural Road,Good,Extreme Heat,Daylight,Car/Taxi,3,Over Speeding,1,0,0,1,0,0,Low
2021,6,Tuesday,19,Balochistan,Dera Bugti,Urban Road,Average,Clear,Dawn/Dusk,Bicycle,4,Over Speeding,1,0,0,0,4,0,Medium
2021,5,Saturday,8,Punjab,Gujranwala,Urban Road,Good,Clear,Dawn/Dusk,Other,2,Road Condition,1,1,0,0,0,0,Low
2019,7,Saturday,11,Islamabad,Islamabad,National Highway,Good,Clear,Daylight,Motorcycle,2,Over Speeding,0,1,0,0,4,1,High
2021,12,Saturday,17,KPK,Kohat,Provincial Highway,Good,Rainy,Daylight,Motorcycle,2,Over Speeding,1,1,0,1,11,1,High
2020,11,Friday,20,Punjab,Faisalabad,Provincial Highway,Good,Foggy,No Light,Car/Taxi,2,Drunk Driving,1,0,0,1,2,2,Medium
2022,7,Sunday,16,Punjab,Rawalpindi,Provincial Highway,Good,Foggy,No Light,Motorcycle,1,Signal Violation,0,1,0,0,1,0,Medium
2021,7,Wednesday,13,Punjab,Sialkot,National Highway,Average,Clear,Daylight,Bicycle,3,Signal Violation,1,0,0,0,8,2,High
2021,6,Tuesday,11,KPK,Swat,Provincial Highway,Good,Clear,Daylight,Motorcycle,2,Over Speeding,0,0,0,0,8,0,High
2022,3,Thursday,11,Balochistan,Khuzdar,Provincial Highway,Good,Extreme Heat,Daylight,Rickshaw,2,Weather Condition,0,0,0,0,2,0,Low
2021,11,Thursday,17,KPK,Kohat,Rural Road,Good,Clear,Street Light,Rickshaw,2,Wrong Overtaking,1,0,0,1,1,0,Low
2022,2,Saturday,16,KPK,Bannu,Provincial Highway,Good,Foggy,Daylight,Motorcycle,1,Road Condition,0,1,0,1,5,1,High
2023,10,Sunday,19,KPK,Abbottabad,Urban Road,Good,Foggy,Street Light,Motorcycle,2,Mechanical Failure,1,1,0,0,2,1,Medium
2023,10,Saturday,5,AJK,Rawalakot,Provincial Highway,Average,Extreme Heat,No Light,Car/Taxi,2,Driver Fatigue,0,1,1,0,5,0,High
2022,6,Saturday,19,KPK,Bannu,Urban Road,Good,Clear,Dawn/Dusk,Rickshaw,1,Road Condition,1,1,0,0,1,0,Low
2020,12,Thursday,7,Punjab,Multan,National Highway,Good,Clear,Daylight,Bus/Coach,3,Signal Violation,1,0,0,1,4,0,Medium
2018,10,Saturday,10,KPK,Nowshera,Rural Road,Average,Extreme Heat,Daylight,Bus/Coach,3,Signal Violation,0,1,0,0,1,0,Low
2019,7,Saturday,10,Punjab,Sargodha,National Highway,Good,Clear,Daylight,Rickshaw,2,Pedestrian Error,0,1,0,0,1,0,Low
2023,7,Tuesday,23,Gilgit-Baltistan,Hunza,Provincial Highway,Average,Foggy,Street Light,Motorcycle,1,Wrong Overtaking,0,0,1,0,4,4,High
2022,10,Friday,20,Punjab,Rawalpindi,Rural Road,Average,Rainy,Street Light,Bus/Coach,2,Signal Violation,1,0,0,0,2,0,Medium
2018,2,Friday,12,Punjab,Lahore,National Highway,Poor,Clear,Daylight,Rickshaw,1,Weather Condition,1,0,0,1,1,0,Low
2021,7,Sunday,8,Punjab,Multan,Provincial Highway,Poor,Clear,Daylight,Motorcycle,1,Wrong Overtaking,1,1,0,0,2,0,Medium
2019,2,Wednesday,8,Sindh,Dadu,Rural Road,Poor,Foggy,Dawn/Dusk,Car/Taxi,2,Driver Fatigue,1,0,0,1,4,1,Medium
2023,6,Sunday,23,Punjab,Rahim Yar Khan,Urban Road,Average,Foggy,Street Light,Motorcycle,2,Pedestrian Error,0,1,1,0,1,0,Medium
2020,6,Sunday,19,Islamabad,Islamabad,Provincial Highway,Good,Clear,Dawn/Dusk,Motorcycle,2,Mechanical Failure,1,1,0,0,0,0,Low
2020,8,Friday,11,Punjab,Sargodha,National Highway,Poor,Rainy,Daylight,Motorcycle,2,Drunk Driving,0,0,0,0,2,2,High
2018,3,Saturday,8,Punjab,Rahim Yar Khan,National Highway,Average,Foggy,Daylight,Motorcycle,4,Over Speeding,1,1,0,0,4,2,High
2021,2,Saturday,21,Punjab,Sialkot,Provincial Highway,Good,Clear,Street Light,Motorcycle,1,Weather Condition,0,1,0,1,2,1,Medium
2022,12,Friday,11,Punjab,Gujranwala,National Highway,Average,Rainy,Daylight,Motorcycle,1,Mobile Phone Use,0,0,0,1,8,3,High
2018,7,Wednesday,19,Punjab,Rahim Yar Khan,National Highway,Poor,Foggy,Street Light,Rickshaw,1,Drunk Driving,1,0,0,0,9,1,High
2022,1,Wednesday,13,Punjab,Rahim Yar Khan,Motorway,Good,Clear,Daylight,Rickshaw,2,Wrong Overtaking,1,0,0,1,0,0,Low
2023,6,Friday,20,Punjab,Lahore,Provincial Highway,Average,Rainy,No Light,Motorcycle,4,Signal Violation,1,0,0,0,2,2,High
2021,4,Sunday,22,Punjab,Multan,Provincial Highway,Good,Dusty/Smoggy,Street Light,Motorcycle,1,Over Speeding,0,1,1,0,9,0,High
2022,6,Thursday,12,Punjab,Rawalpindi,Urban Road,Average,Dusty/Smoggy,Daylight,Motorcycle,3,Signal Violation,1,0,0,0,4,0,Medium
2022,12,Monday,22,KPK,Abbottabad,Urban Road,Poor,Clear,Street Light,Motorcycle,2,Wrong Overtaking,0,0,1,1,11,0,High
2021,2,Monday,23,Sindh,Karachi,National Highway,Average,Extreme Heat,Street Light,Motorcycle,3,Over Speeding,0,0,1,1,3,1,High
2021,4,Wednesday,19,Punjab,Rawalpindi,National Highway,Under Repair,Clear,No Light,Motorcycle,1,Driver Fatigue,1,0,0,0,6,1,High
2023,4,Thursday,8,Punjab,Rahim Yar Khan,Provincial Highway,Good,Extreme Heat,Street Light,Motorcycle,2,Road Condition,1,0,0,0,1,1,Medium
2018,11,Sunday,22,Sindh,Kashmore,Urban Road,Good,Clear,No Light,Motorcycle,2,Wrong Overtaking,0,1,1,1,1,1,Medium
2022,7,Saturday,17,Punjab,Bahawalpur,Motorway,Average,Clear,Dawn/Dusk,Rickshaw,2,Mechanical Failure,1,1,0,0,0,0,Low
2023,12,Monday,17,Sindh,Larkana,Urban Road,Poor,Dusty/Smoggy,Dawn/Dusk,Car/Taxi,2,Drunk Driving,1,0,0,1,5,1,Medium
2023,7,Monday,10,AJK,Rawalakot,Rural Road,Good,Rainy,Daylight,Car/Taxi,3,Pedestrian Error,0,0,0,0,1,0,Low
2019,6,Saturday,19,Punjab,Faisalabad,Motorway,Average,Dusty/Smoggy,Dawn/Dusk,Motorcycle,4,Over Speeding,1,1,0,0,8,2,High
2018,8,Sunday,12,Punjab,Sargodha,National Highway,Average,Clear,Daylight,Rickshaw,2,Driver Fatigue,1,1,0,0,2,2,Medium
2019,2,Monday,23,Punjab,Sialkot,Provincial Highway,Under Repair,Clear,Street Light,Motorcycle,1,Wrong Overtaking,0,0,1,1,2,1,Medium
2020,1,Saturday,8,Sindh,Thatta,Provincial Highway,Good,Clear,Daylight,Motorcycle,2,Wrong Overtaking,1,1,0,1,5,0,Medium
2023,1,Saturday,1,Punjab,Bahawalpur,Provincial Highway,Good,Clear,Street Light,Motorcycle,3,Mobile Phone Use,0,1,1,1,3,0,Medium
2020,8,Saturday,8,Sindh,Thatta,National Highway,Good,Clear,Daylight,Motorcycle,2,Wrong Overtaking,1,1,0,0,1,0,Medium
2023,2,Monday,21,Islamabad,Islamabad,National Highway,Average,Dusty/Smoggy,No Light,Motorcycle,3,Wrong Overtaking,0,0,0,1,3,1,Medium
2018,11,Monday,17,Punjab,Rahim Yar Khan,Provincial Highway,Poor,Clear,Daylight,Bus/Coach,2,Mechanical Failure,1,0,0,1,2,1,Medium
2022,7,Wednesday,13,Punjab,Multan,Motorway,Average,Clear,Daylight,Car/Taxi,3,Over Speeding,1,0,0,0,4,1,Medium
2020,12,Thursday,23,KPK,Bannu,Provincial Highway,Good,Clear,Street Light,Motorcycle,2,Driver Fatigue,0,0,1,1,6,2,High
2018,3,Wednesday,10,Punjab,Bahawalpur,Urban Road,Poor,Rainy,No Light,Rickshaw,2,Signal Violation,0,0,0,0,0,0,Low
2023,2,Thursday,1,Punjab,Multan,Provincial Highway,Good,Foggy,Street Light,Bicycle,2,Road Condition,0,0,1,1,1,0,Medium
2020,2,Sunday,12,Sindh,Hyderabad,Rural Road,Good,Extreme Heat,Daylight,Motorcycle,3,Signal Violation,1,1,0,1,1,1,Medium
2023,2,Saturday,8,Punjab,Lahore,National Highway,Good,Clear,Daylight,Truck/Lorry,3,Pedestrian Error,1,1,0,1,2,0,Medium
2018,10,Saturday,19,KPK,Mardan,National Highway,Average,Foggy,Dawn/Dusk,Bus/Coach,4,Wrong Overtaking,1,1,0,0,2,0,Medium
2020,5,Sunday,6,Punjab,Gujranwala,Provincial Highway,Poor,Rainy,Dawn/Dusk,Car/Taxi,2,Signal Violation,0,1,0,0,0,1,Low
2023,11,Saturday,12,Sindh,Mirpur Khas,Urban Road,Good,Clear,Daylight,Motorcycle,1,Wrong Overtaking,1,1,0,1,2,1,Low
2022,11,Friday,8,KPK,Dera Ismail Khan,National Highway,Average,Foggy,Daylight,Motorcycle,2,Signal Violation,1,0,0,1,9,2,High
2018,7,Saturday,0,Punjab,Faisalabad,Urban Road,Poor,Clear,No Light,Bus/Coach,2,Signal Violation,0,1,1,0,0,0,Low
2022,2,Saturday,10,Punjab,Multan,National Highway,Average,Clear,Daylight,Bus/Coach,3,Mechanical Failure,0,1,0,1,2,0,Low
2021,9,Thursday,21,Punjab,Bahawalpur,National Highway,Good,Clear,Street Light,Motorcycle,1,Over Speeding,0,0,0,0,11,0,High
2021,8,Thursday,7,Balochistan,Quetta,Rural Road,Average,Foggy,Daylight,Motorcycle,1,Over Speeding,1,0,0,0,10,1,High
2021,2,Friday,13,KPK,Mardan,National Highway,Average,Foggy,Daylight,Motorcycle,2,Mechanical Failure,1,0,0,1,3,1,Medium
2021,8,Saturday,7,Punjab,Faisalabad,National Highway,Good,Foggy,Daylight,Car/Taxi,1,Mobile Phone Use,1,1,0,0,1,0,Medium
2021,10,Saturday,19,KPK,Kohat,Motorway,Poor,Clear,Dawn/Dusk,Motorcycle,2,Wrong Overtaking,1,1,0,0,8,0,High
2023,11,Sunday,21,KPK,Mardan,Provincial Highway,Poor,Rainy,No Light,Motorcycle,1,Signal Violation,0,1,0,1,11,1,High
2019,2,Thursday,12,Gilgit-Baltistan,Hunza,Urban Road,Good,Clear,Daylight,Other,1,Wrong Overtaking,1,0,0,1,2,0,Low
2022,7,Monday,6,Punjab,Rawalpindi,National Highway,Good,Foggy,Daylight,Rickshaw,2,Over Speeding,0,0,0,0,5,1,High
2020,6,Sunday,18,Balochistan,Chaman,Provincial Highway,Average,Clear,Daylight,Bus/Coach,1,Over Speeding,1,1,0,0,6,1,High
2023,12,Thursday,17,Sindh,Karachi,National Highway,Average,Foggy,Dawn/Dusk,Van/Pickup,1,Over Speeding,1,0,0,1,11,2,High
2018,1,Wednesday,22,Balochistan,Gwadar,National Highway,Good,Rainy,Street Light,Van/Pickup,1,Signal Violation,0,0,1,1,5,3,High
2023,11,Thursday,18,Punjab,Sargodha,Motorway,Good,Rainy,Daylight,Car/Taxi,1,Over Speeding,1,0,0,1,11,1,High
2023,1,Tuesday,11,Punjab,Gujranwala,National Highway,Average,Clear,Daylight,Motorcycle,2,Road Condition,0,0,0,1,2,0,Medium
2020,12,Sunday,17,Balochistan,Khuzdar,Provincial Highway,Good,Clear,Daylight,Truck/Lorry,1,Road Condition,1,1,0,1,5,1,Medium
2022,12,Saturday,10,KPK,Charsadda,Urban Road,Good,Extreme Heat,Dawn/Dusk,Motorcycle,2,Wrong Overtaking,0,1,0,1,3,0,Medium
2023,6,Tuesday,14,Punjab,Gujranwala,Provincial Highway,Average,Clear,Daylight,Rickshaw,2,Road Condition,0,0,0,0,0,0,Low
2022,4,Saturday,8,Sindh,Nawabshah,Provincial Highway,Good,Clear,Street Light,Motorcycle,1,Wrong Overtaking,1,1,0,0,1,1,Medium
2022,1,Saturday,8,Punjab,Lahore,National Highway,Average,Clear,Dawn/Dusk,Bus/Coach,3,Weather Condition,1,1,0,1,3,0,Medium
2020,12,Sunday,17,Punjab,Rawalpindi,Provincial Highway,Good,Rainy,Daylight,Car/Taxi,2,Wrong Overtaking,1,1,0,1,1,0,Low
2023,11,Saturday,19,Punjab,Rahim Yar Khan,Rural Road,Average,Foggy,Dawn/Dusk,Motorcycle,2,Mechanical Failure,1,1,0,1,1,0,Low
2022,10,Saturday,19,Punjab,Multan,Urban Road,Good,Rainy,Dawn/Dusk,Motorcycle,1,Wrong Overtaking,1,1,0,0,3,0,High
2023,8,Friday,11,Sindh,Kashmore,Urban Road,Average,Clear,Daylight,Bicycle,2,Signal Violation,0,0,0,0,5,0,Medium
2023,3,Friday,13,Punjab,Rahim Yar Khan,Rural Road,Average,Clear,Dawn/Dusk,Rickshaw,3,Driver Fatigue,1,0,0,0,0,0,Low
2019,2,Sunday,8,Punjab,Multan,National Highway,Good,Clear,Daylight,Motorcycle,1,Signal Violation,1,1,0,1,5,1,High
2022,10,Friday,21,Islamabad,Islamabad,Motorway,Average,Clear,Street Light,Car/Taxi,2,Signal Violation,0,0,0,0,1,0,Low
2019,5,Tuesday,10,Punjab,Gujranwala,Motorway,Poor,Foggy,Daylight,Motorcycle,3,Over Speeding,0,0,0,0,2,2,High
2022,4,Sunday,12,KPK,Bannu,Provincial Highway,Good,Rainy,Daylight,Car/Taxi,2,Signal Violation,1,1,0,0,4,0,Medium
2023,2,Sunday,23,Balochistan,Gwadar,Rural Road,Good,Clear,No Light,Motorcycle,1,Driver Fatigue,0,1,1,1,7,1,High
2021,9,Wednesday,12,Punjab,Sargodha,National Highway,Average,Clear,Daylight,Rickshaw,2,Road Condition,1,0,0,0,5,2,Medium
2022,7,Friday,4,Punjab,Bahawalpur,Motorway,Good,Rainy,No Light,Rickshaw,4,Signal Violation,0,0,1,0,10,3,High
2023,10,Saturday,7,Sindh,Jacobabad,Provincial Highway,Good,Foggy,Daylight,Motorcycle,1,Pedestrian Error,1,1,0,0,2,0,Medium
2022,8,Wednesday,4,Sindh,Hyderabad,Motorway,Good,Foggy,No Light,Bus/Coach,3,Pedestrian Error,0,0,1,0,7,2,High
2022,1,Tuesday,20,Sindh,Karachi,Provincial Highway,Poor,Clear,No Light,Rickshaw,1,Wrong Overtaking,1,0,0,1,3,2,Medium
2021,8,Saturday,15,Sindh,Mirpur Khas,Urban Road,Poor,Clear,Daylight,Motorcycle,1,Pedestrian Error,0,1,0,0,1,0,Low
2021,1,Wednesday,9,Islamabad,Islamabad,National Highway,Under Repair,Clear,Daylight,Motorcycle,1,Driver Fatigue,1,0,0,1,9,1,High
2019,10,Friday,15,Punjab,Bahawalpur,National Highway,Good,Dusty/Smoggy,Daylight,Van/Pickup,2,Wrong Overtaking,0,0,0,0,2,1,Medium
2023,6,Saturday,9,KPK,Peshawar,Provincial Highway,Poor,Foggy,Dawn/Dusk,Bus/Coach,2,Signal Violation,1,1,0,0,2,1,Medium
2021,4,Sunday,18,Punjab,Faisalabad,Provincial Highway,Average,Clear,Daylight,Motorcycle,1,Over Speeding,1,1,0,0,11,0,High
2020,2,Sunday,19,Punjab,Sheikhupura,National Highway,Good,Clear,Dawn/Dusk,Motorcycle,1,Road Condition,1,1,0,1,4,2,High
2019,12,Friday,23,Punjab,Sialkot,National Highway,Poor,Foggy,Street Light,Car/Taxi,2,Drunk Driving,0,0,1,1,8,2,High
2020,12,Saturday,18,Sindh,Karachi,Urban Road,Good,Rainy,Daylight,Motorcycle,1,Pedestrian Error,1,1,0,1,5,0,Medium
2019,6,Sunday,21,KPK,Charsadda,National Highway,Good,Clear,Street Light,Motorcycle,3,Signal Violation,0,1,0,0,5,0,High
2022,4,Wednesday,20,Punjab,Rawalpindi,Rural Road,Good,Clear,Street Light,Rickshaw,3,Road Condition,1,0,0,0,2,0,Low
2021,5,Sunday,6,Punjab,Multan,Provincial Highway,Good,Clear,Daylight,Other,1,Over Speeding,0,1,0,0,1,1,Medium
2023,7,Wednesday,21,Punjab,Rahim Yar Khan,Provincial Highway,Good,Foggy,No Light,Truck/Lorry,3,Signal Violation,0,0,0,0,2,0,Medium
2019,6,Friday,10,Punjab,Gujranwala,National Highway,Good,Rainy,Daylight,Car/Taxi,2,Over Speeding,0,0,0,0,4,0,Medium
2023,7,Saturday,14,KPK,Bannu,National Highway,Average,Foggy,Daylight,Car/Taxi,1,Pedestrian Error,0,1,0,0,2,0,Low
2023,7,Monday,9,KPK,Kohat,Provincial Highway,Poor,Extreme Heat,Daylight,Car/Taxi,2,Signal Violation,1,0,0,0,2,0,Low
2023,7,Friday,9,KPK,Mansehra,Rural Road,Average,Clear,Daylight,Car/Taxi,3,Wrong Overtaking,1,0,0,0,0,0,Low
2023,3,Saturday,14,Sindh,Jacobabad,Urban Road,Under Repair,Clear,Daylight,Bus/Coach,1,Pedestrian Error,0,1,0,0,2,1,Low
2020,10,Saturday,19,Sindh,Mirpur Khas,Rural Road,Average,Clear,Daylight,Rickshaw,1,Signal Violation,1,1,0,0,1,0,Low
2021,4,Thursday,12,Punjab,Gujranwala,Provincial Highway,Poor,Clear,Daylight,Truck/Lorry,3,Wrong Overtaking,1,0,0,0,4,2,Medium
2020,12,Friday,17,Sindh,Hyderabad,Rural Road,Good,Clear,Daylight,Motorcycle,3,Signal Violation,1,0,0,1,0,0,Low
2021,11,Saturday,6,Sindh,Hyderabad,National Highway,Poor,Clear,Daylight,Bus/Coach,2,Wrong Overtaking,0,1,0,1,1,0,Medium
2022,2,Friday,12,AJK,Mirpur,National Highway,Poor,Clear,Daylight,Motorcycle,4,Pedestrian Error,1,0,0,1,6,3,High
2018,7,Friday,15,Islamabad,Islamabad,National Highway,Average,Clear,Daylight,Van/Pickup,1,Wrong Overtaking,0,0,0,0,1,0,Medium
2021,7,Monday,8,Balochistan,Dera Bugti,Rural Road,Poor,Clear,Daylight,Motorcycle,3,Over Speeding,1,0,0,0,2,0,Medium
2018,1,Friday,22,Punjab,Sialkot,Motorway,Poor,Foggy,No Light,Motorcycle,2,Road Condition,0,0,1,1,5,1,High
2022,5,Thursday,10,Punjab,Rahim Yar Khan,Urban Road,Average,Clear,Daylight,Car/Taxi,3,Pedestrian Error,0,0,0,0,1,0,Low
2023,5,Friday,17,Balochistan,Zhob,Provincial Highway,Good,Foggy,Dawn/Dusk,Motorcycle,2,Driver Fatigue,1,0,0,0,11,2,High
2023,11,Sunday,2,KPK,Abbottabad,Rural Road,Good,Clear,No Light,Rickshaw,2,Over Speeding,0,1,1,1,2,2,Medium
2019,4,Friday,11,KPK,Bannu,Urban Road,Good,Extreme Heat,Street Light,Bus/Coach,2,Mechanical Failure,0,0,0,0,0,0,Low
2023,8,Saturday,18,Punjab,Sargodha,National Highway,Poor,Foggy,Daylight,Motorcycle,2,Over Speeding,1,1,0,0,5,1,High
2023,9,Saturday,19,KPK,Swat,Rural Road,Good,Rainy,No Light,Truck/Lorry,1,Over Speeding,1,1,0,0,5,0,Medium
2019,12,Thursday,12,Sindh,Dadu,National Highway,Poor,Clear,Daylight,Van/Pickup,3,Over Speeding,1,0,0,1,3,1,Medium
2023,12,Friday,9,Sindh,Larkana,Provincial Highway,Good,Rainy,Daylight,Rickshaw,2,Over Speeding,1,0,0,1,4,0,Medium
2019,1,Saturday,13,Balochistan,Khuzdar,Motorway,Poor,Extreme Heat,Street Light,Car/Taxi,1,Drunk Driving,1,1,0,1,4,0,Medium
2020,2,Tuesday,18,Punjab,Lahore,Provincial Highway,Under Repair,Rainy,Daylight,Bus/Coach,2,Signal Violation,1,0,0,1,4,0,Medium
2022,1,Friday,8,Sindh,Larkana,National Highway,Good,Foggy,Daylight,Van/Pickup,3,Signal Violation,1,0,0,1,6,1,High
2022,11,Wednesday,17,Sindh,Sukkur,Urban Road,Poor,Clear,Street Light,Bicycle,4,Over Speeding,1,0,0,1,2,0,Medium
2019,11,Friday,17,Sindh,Sukkur,Provincial Highway,Average,Clear,Daylight,Motorcycle,1,Over Speeding,1,0,0,1,5,0,Medium