year,month,day_of_week,hour_of_day,province,district,road_type,road_condition,weather_condition,lighting_condition,vehicle_type,vehicles_involved,accident_cause,is_rush_hour,is_weekend,is_night,is_foggy_month,num_injured,num_killed,severity
2021,2,Thursday,1,Punjab,Sialkot,Urban Road,Under Repair,Foggy,No Light,Motorcycle,2,Over Speeding,0,0,1,1,10,3,High
2022,12,Saturday,18,Sindh,Dadu,Rural Road,Average,Foggy,Daylight,Motorcycle,2,Drunk Driving,1,1,0,1,3,0,Medium
2019,12,Thursday,19,Sindh,Karachi,National Highway,Good,Clear,No Light,Bicycle,4,Road Condition,1,0,0,1,9,3,High
2018,11,Monday,6,Sindh,Dadu,Provincial Highway,Good,Clear,Daylight,Motorcycle,2,Over Speeding,0,0,0,1,2,2,Medium
2021,12,Tuesday,18,Balochistan,Turbat,National Highway,Good,Clear,Daylight,Bus/Coach,1,Mechanical Failure,1,0,0,1,2,1,Medium
2018,5,Friday,7,Punjab,Rawalpindi,Provincial Highway,Average,Rainy,Daylight,Car/Taxi,1,Pedestrian Error,1,0,0,0,1,0,Low
2023,7,Thursday,12,Balochistan,Sibi,Rural Road,Average,Clear,Daylight,Rickshaw,1,Driver Fatigue,1,0,0,0,1,0,Low
2022,5,Friday,20,Punjab,Bahawalpur,Urban Road,Good,Clear,Street Light,Car/Taxi,2,Drunk Driving,1,0,0,0,5,1,Medium
2020,11,Monday,22,KPK,Bannu,National Highway,Average,Rainy,No Light,Rickshaw,2,Pedestrian Error,0,0,1,1,2,2,Medium
2023,1,Monday,22,Punjab,Bahawalpur,Urban Road,Poor,Clear,No Light,Motorcycle,4,Over Speeding,0,0,1,1,11,1,High
2021,8,Friday,18,Punjab,Sialkot,Provincial Highway,Average,Clear,Daylight,Rickshaw,1,Over Speeding,1,0,0,0,3,0,Medium
2018,1,Sunday,19,KPK,Dera Ismail Khan,Provincial Highway,Poor,Rainy,Daylight,Rickshaw,1,Over Speeding,1,1,0,1,2,2,High
2018,12,Friday,19,Punjab,Sheikhupura,National Highway,Under Repair,Dusty/Smoggy,Dawn/Dusk,Motorcycle,2,Signal Violation,1,0,0,1,9,2,High
2020,6,Friday,18,Islamabad,Islamabad,National Highway,Poor,Foggy,Daylight,Bus/Coach,2,Over Speeding,1,0,0,0,5,1,High
2018,12,Saturday,19,Punjab,Rawalpindi,National Highway,Average,Clear,Dawn/Dusk,Motorcycle,1,Over Speeding,1,1,0,1,10,4,High
2018,6,Sunday,21,Balochistan,Gwadar,Rural Road,Good,Clear,No Light,Rickshaw,1,Drunk Driving,0,1,0,0,1,0,Low
2018,5,Sunday,17,Sindh,Karachi,Provincial Highway,Under Repair,Foggy,Daylight,Car/Taxi,1,Signal Violation,1,1,0,0,2,0,Low
2022,4,Sunday,12,Sindh,Jacobabad,Rural Road,Good,Clear,Daylight,Motorcycle,1,Mechanical Failure,1,1,0,0,2,0,Low
2021,2,Saturday,17,Punjab,Faisalabad,Rural Road,Good,Clear,Daylight,Truck/Lorry,1,Wrong Overtaking,1,1,0,1,1,0,Medium
2018,1,Friday,18,Punjab,Lahore,Urban Road,Good,Rainy,Street Light,Motorcycle,4,Over Speeding,1,0,0,1,5,1,High
2023,8,Saturday,10,Punjab,Bahawalpur,Urban Road,Good,Foggy,Daylight,Bus/Coach,1,Over Speeding,0,1,0,0,1,0,Medium
2020,5,Sunday,19,Sindh,Kashmore,Rural Road,Average,Clear,Dawn/Dusk,Car/Taxi,2,Driver Fatigue,1,1,0,0,1,0,Low
2019,9,Saturday,6,Sindh,Dadu,National Highway,Good,Clear,Daylight,Motorcycle,4,Over Speeding,0,1,0,0,8,1,High
2022,11,Saturday,9,KPK,Swat,Urban Road,Good,Clear,Daylight,Van/Pickup,2,Over Speeding,1,1,0,1,1,0,Low
2023,5,Saturday,10,Balochistan,Sibi,Rural Road,Good,Clear,Daylight,Motorcycle,2,Road Condition,0,1,0,0,4,1,Medium
2022,5,Sunday,18,Sindh,Sukkur,Rural Road,Good,Dusty/Smoggy,Daylight,Car/Taxi,2,Wrong Overtaking,1,1,0,0,0,0,Low
2021,11,Thursday,19,Punjab,Bahawalpur,Rural Road,Average,Clear,No Light,Motorcycle,2,Pedestrian Error,1,0,0,1,0,0,Low
2018,9,Monday,19,Punjab,Rahim Yar Khan,National Highway,Poor,Clear,Dawn/Dusk,Van/Pickup,4,Wrong Overtaking,1,0,0,0,2,1,Medium
2023,6,Monday,13,Balochistan,Hub,Urban Road,Under Repair,Rainy,Daylight,Van/Pickup,1,Wrong Overtaking,1,0,0,0,2,0,Low
2022,1,Thursday,0,Punjab,Faisalabad,Rural Road,Good,Foggy,No Light,Motorcycle,3,Over Speeding,0,0,1,1,4,0,High
2023,2,Sunday,12,Sindh,Mirpur Khas,Provincial Highway,Average,Dusty/Smoggy,Daylight,Car/Taxi,3,Driver Fatigue,1,1,0,1,3,0,Medium
2023,8,Wednesday,9,Punjab,Sialkot,Urban Road,Average,Clear,Daylight,Car/Taxi,3,Over Speeding,1,0,0,0,0,0,Low
2021,6,Saturday,19,Punjab,Gujranwala,Provincial Highway,Average,Clear,Dawn/Dusk,Rickshaw,3,Mechanical Failure,1,1,0,0,2,0,Low
2020,1,Friday,13,Sindh,Jacobabad,Rural Road,Good,Clear,Daylight,Rickshaw,1,Wrong Overtaking,1,0,0,1,0,0,Low
2021,12,Wednesday,8,Sindh,Larkana,National Highway,Good,Foggy,Street Light,Motorcycle,3,Pedestrian Error,1,0,0,1,8,1,High
2021,3,Monday,21,Sindh,Kashmore,National Highway,Poor,Clear,No Light,Truck/Lorry,2,Signal Violation,0,0,0,0,4,0,Medium
2020,3,Saturday,20,KPK,Dera Ismail Khan,Urban Road,Average,Foggy,No Light,Motorcycle,2,Wrong Overtaking,1,1,0,0,3,1,Medium
2022,9,Friday,14,Punjab,Sargodha,National Highway,Poor,Clear,Dawn/Dusk,Motorcycle,3,Over Speeding,0,0,0,0,11,1,High
2018,4,Friday,22,Punjab,Sheikhupura,National Highway,Poor,Clear,No Light,Motorcycle,2,Wrong Overtaking,0,0,1,0,9,2,High
2018,11,Wednesday,0,KPK,Mardan,National Highway,Average,Clear,No Light,Bicycle,2,Signal Violation,0,0,1,1,3,1,High
2023,8,Sunday,5,Sindh,Dadu,Urban Road,Poor,Foggy,Dawn/Dusk,Motorcycle,2,Over Speeding,0,1,1,0,5,2,High
2021,11,Sunday,14,Punjab,Rahim Yar Khan,Provincial Highway,Good,Rainy,Daylight,Rickshaw,3,Over Speeding,0,1,0,1,5,1,Medium
2022,12,Sunday,22,KPK,Mardan,National Highway,Under Repair,Clear,Street Light,Motorcycle,2,Mechanical Failure,0,1,1,1,5,0,High
2022,6,Sunday,9,Sindh,Jacobabad,Provincial Highway,Average,Clear,Daylight,Bus/Coach,1,Over Speeding,1,1,0,0,5,2,Medium
2023,11,Sunday,17,Punjab,Gujranwala,Motorway,Average,Clear,Daylight,Motorcycle,2,Wrong Overtaking,1,1,0,1,2,0,Medium
2021,6,Friday,5,KPK,Swat,Rural Road,Average,Clear,No Light,Motorcycle,2,Wrong Overtaking,0,0,1,0,4,1,Medium
2023,7,Monday,9,Sindh,Jacobabad,Rural Road,Poor,Clear,Dawn/Dusk,Truck/Lorry,2,Road Condition,1,0,0,0,2,0,Low
2021,12,Monday,13,Punjab,Lahore,Urban Road,Good,Clear,Daylight,Rickshaw,2,Driver Fatigue,1,0,0,1,2,0,Low
2022,6,Friday,11,Sindh,Sukkur,National Highway,Good,Foggy,Street Light,Car/Taxi,3,Mechanical Failure,0,0,0,0,1,0,Low
2023,12,Saturday,16,Sindh,Hyderabad,Rural Road,Average,Clear,Daylight,Truck/Lorry,2,Over Speeding,0,1,0,1,5,2,Medium
2023,1,Monday,17,Islamabad,Islamabad,Provincial Highway,Good,Clear,Daylight,Rickshaw,2,Wrong Overtaking,1,0,0,1,2,0,Low
2023,1,Monday,19,KPK,Mardan,National Highway,Average,Dusty/Smoggy,No Light,Motorcycle,2,Road Condition,1,0,0,1,9,3,High
2023,5,Friday,16,Punjab,Gujranwala,National Highway,Good,Dusty/Smoggy,Daylight,Car/Taxi,3,Over Speeding,0,0,0,0,2,0,Medium
2023,12,Saturday,16,Punjab,Rahim Yar Khan,Rural Road,Good,Foggy,Street Light,Motorcycle,1,Drunk Driving,0,1,0,1,8,3,High
2023,11,Tuesday,17,Balochistan,Turbat,Urban Road,Poor,Foggy,Dawn/Dusk,Car/Taxi,2,Over Speeding,1,0,0,1,5,0,Medium
2019,1,Sunday,20,Balochistan,Khuzdar,National Highway,Good,Extreme Heat,Street Light,Bus/Coach,2,Pedestrian Error,1,1,0,1,1,1,Medium
2021,11,Thursday,17,Punjab,Sargodha,Rural Road,Under Repair,Rainy,Daylight,Car/Taxi,1,Road Condition,1,0,0,1,2,0,Low
2023,5,Tuesday,21,Punjab,Faisalabad,National Highway,Good,Rainy,No Light,Motorcycle,2,Over Speeding,0,0,0,0,11,2,High
2021,9,Sunday,14,KPK,Swat,Urban Road,Poor,Clear,Daylight,Motorcycle,3,Drunk Driving,0,1,0,0,3,2,High
2020,12,Sunday,18,KPK,Mardan,Motorway,Good,Clear,Daylight,Motorcycle,2,Pedestrian Error,1,1,0,1,2,2,High
2020,1,Sunday,19,Punjab,Bahawalpur,Rural Road,Average,Clear,Dawn/Dusk,Motorcycle,2,Over Speeding,1,1,0,1,4,0,Medium
2019,10,Thursday,22,KPK,Mansehra,Urban Road,Average,Clear,No Light,Motorcycle,2,Drunk Driving,0,0,1,0,3,2,High
2018,2,Tuesday,14,Punjab,Bahawalpur,Urban Road,Good,Rainy,Street Light,Car/Taxi,2,Wrong Overtaking,0,0,0,1,0,0,Low
2018,2,Sunday,5,Punjab,Sialkot,Provincial Highway,Under Repair,Foggy,Dawn/Dusk,Car/Taxi,2,Driver Fatigue,0,1,1,1,9,0,High
2019,4,Friday,10,Punjab,Lahore,Provincial Highway,Good,Foggy,Daylight,Motorcycle,1,Signal Violation,0,0,0,0,2,1,High
2021,6,Thursday,18,Sindh,Dadu,National Highway,Good,Rainy,Daylight,Bus/Coach,1,Over Speeding,1,0,0,0,4,2,High
2019,1,Wednesday,6,KPK,Bannu,National Highway,Average,Dusty/Smoggy,Dawn/Dusk,Bicycle,1,Pedestrian Error,0,0,0,1,4,0,Medium
2018,11,Friday,14,Sindh,Mirpur Khas,Rural Road,Average,Clear,No Light,Rickshaw,2,Drunk Driving,0,0,0,1,2,0,Low
2018,9,Thursday,14,Punjab,Rahim Yar Khan,National Highway,Poor,Clear,Daylight,Motorcycle,2,Mechanical Failure,0,0,0,0,5,0,Medium
2023,1,Tuesday,10,Balochistan,Loralai,Urban Road,Poor,Clear,Daylight,Car/Taxi,2,Road Condition,0,0,0,1,1,0,Low
2019,1,Wednesday,20,Punjab,Rawalpindi,Urban Road,Good,Clear,No Light,Motorcycle,1,Over Speeding,1,0,0,1,1,1,Medium
2019,11,Saturday,6,KPK,Mardan,Urban Road,Good,Rainy,Daylight,Truck/Lorry,2,Over Speeding,0,1,0,1,3,0,Medium
2023,9,Friday,10,KPK,Charsadda,Provincial Highway,Average,Rainy,Daylight,Car/Taxi,4,Over Speeding,0,0,0,0,7,3,High
2022,4,Saturday,17,Punjab,Rawalpindi,Rural Road,Poor,Clear,Daylight,Other,1,Over Speeding,1,1,0,0,0,0,Low
2019,2,Saturday,20,Punjab,Faisalabad,Provincial Highway,Poor,Clear,Street Light,Car/Taxi,1,Road Condition,1,1,0,1,1,0,Low
2022,11,Monday,12,Balochistan,Loralai,Provincial Highway,Good,Clear,Street Light,Motorcycle,4,Over Speeding,1,0,0,1,3,1,High
2023,5,Friday,13,Sindh,Dadu,Provincial Highway,Average,Clear,Daylight,Rickshaw,2,Drunk Driving,1,0,0,0,5,0,Medium
2022,6,Friday,18,Punjab,Sialkot,National Highway,Under Repair,Clear,Street Light,Motorcycle,1,Over Speeding,1,0,0,0,6,1,High
2019,8,Wednesday,21,Balochistan,Turbat,Urban Road,Good,Foggy,Street Light,Motorcycle,3,Wrong Overtaking,0,0,0,0,6,1,High
2020,11,Wednesday,10,Punjab,Faisalabad,Provincial Highway,Good,Extreme Heat,Dawn/Dusk,Car/Taxi,2,Driver Fatigue,0,0,0,1,1,1,Medium
2019,10,Saturday,20,Punjab,Lahore,National Highway,Poor,Rainy,No Light,Car/Taxi,2,Signal Violation,1,1,0,0,4,1,Medium
2022,12,Saturday,18,Sindh,Dadu,National Highway,Good,Foggy,Daylight,Truck/Lorry,2,Signal Violation,1,1,0,1,9,1,High
2019,3,Saturday,13,KPK,Swat,Urban Road,Good,Clear,Daylight,Motorcycle,4,Over Speeding,1,1,0,0,5,0,Medium
2018,2,Saturday,16,Punjab,Multan,National Highway,Good,Foggy,Daylight,Car/Taxi,3,Wrong Overtaking,0,1,0,1,4,2,High
2023,6,Saturday,15,Punjab,Rahim Yar Khan,National Highway,Good,Rainy,Dawn/Dusk,Car/Taxi,1,Over Speeding,0,1,0,0,7,2,High
2021,1,Sunday,6,Sindh,Larkana,Provincial Highway,Under Repair,Clear,Daylight,Car/Taxi,2,Mechanical Failure,0,1,0,1,1,0,Low
2020,5,Thursday,15,Sindh,Karachi,Rural Road,Good,Rainy,Daylight,Motorcycle,1,Wrong Overtaking,0,0,0,0,2,1,Medium
2020,4,Sunday,8,Balochistan,Dera Bugti,National Highway,Good,Clear,Daylight,Car/Taxi,2,Over Speeding,1,1,0,0,10,1,High
2021,1,Sunday,19,Sindh,Thatta,National Highway,Average,Clear,Dawn/Dusk,Motorcycle,4,Over Speeding,1,1,0,1,3,0,High
2023,4,Tuesday,13,Sindh,Dadu,National Highway,Poor,Clear,Daylight,Motorcycle,3,Over Speeding,1,0,0,0,7,1,High
2019,7,Thursday,17,Punjab,Sheikhupura,Provincial Highway,Average,Rainy,Daylight,Rickshaw,2,Road Condition,1,0,0,0,0,0,Low
2019,4,Thursday,11,Balochistan,Sibi,Provincial Highway,Poor,Rainy,Daylight,Rickshaw,2,Over Speeding,0,0,0,0,8,2,High
2021,3,Friday,17,Punjab,Sialkot,Rural Road,Poor,Clear,Daylight,Truck/Lorry,2,Signal Violation,1,0,0,0,2,0,Low
2022,8,Sunday,10,Sindh,Jacobabad,National Highway,Poor,Clear,No Light,Motorcycle,4,Wrong Overtaking,0,1,0,0,2,2,High
2019,7,Saturday,5,Balochistan,Quetta,National Highway,Average,Clear,No Light,Motorcycle,2,Wrong Overtaking,0,1,1,0,6,2,High
2020,1,Sunday,11,KPK,Kohat,National Highway,Average,Clear,Daylight,Car/Taxi,2,Mechanical Failure,0,1,0,1,0,0,Low
2018,5,Friday,10,Sindh,Nawabshah,Provincial Highway,Poor,Foggy,Daylight,Truck/Lorry,2,Wrong Overtaking,0,0,0,0,2,1,Medium
2018,10,Monday,9,KPK,Charsadda,Urban Road,Average,Clear,Dawn/Dusk,Motorcycle,1,Road Condition,1,0,0,0,0,0,Low
2019,8,Monday,17,Islamabad,Islamabad,Provincial Highway,Average,Rainy,Daylight,Motorcycle,4,Over Speeding,1,0,0,0,9,0,High
2023,5,Monday,20,KPK,Peshawar,National Highway,Poor,Clear,No Light,Car/Taxi,2,Over Speeding,1,0,0,0,4,0,Medium
2022,12,Thursday,3,Sindh,Thatta,National Highway,Poor,Clear,No Light,Motorcycle,1,Wrong Overtaking,0,0,1,1,3,0,High
2020,11,Thursday,15,Sindh,Jacobabad,Urban Road,Good,Clear,Street Light,Motorcycle,2,Wrong Overtaking,0,0,0,1,0,0,Low
2021,9,Thursday,21,Punjab,Faisalabad,Rural Road,Average,Clear,Street Light,Car/Taxi,4,Driver Fatigue,0,0,0,0,1,1,Medium
2022,12,Thursday,10,Sindh,Jacobabad,National Highway,Poor,Clear,Daylight,Motorcycle,2,Road Condition,0,0,0,1,2,1,Medium
2019,4,Tuesday,17,Punjab,Multan,National Highway,Good,Foggy,Daylight,Car/Taxi,1,Pedestrian Error,1,0,0,0,2,0,Low
2023,4,Monday,16,Sindh,Kashmore,Rural Road,Good,Clear,Daylight,Car/Taxi,3,Mobile Phone Use,0,0,0,0,1,0,Low
2023,2,Sunday,19,KPK,Dera Ismail Khan,Urban Road,Poor,Clear,No Light,Van/Pickup,1,Pedestrian Error,1,1,0,1,0,0,Low
2020,7,Monday,17,Punjab,Sialkot,Provincial Highway,Good,Clear,Daylight,Truck/Lorry,2,Pedestrian Error,1,0,0,0,1,0,Low
2019,3,Wednesday,7,Punjab,Sheikhupura,National Highway,Good,Rainy,Daylight,Other,1,Over Speeding,1,0,0,0,2,1,Medium
2018,6,Monday,8,Punjab,Multan,Urban Road,Good,Dusty/Smoggy,Street Light,Motorcycle,2,Driver Fatigue,1,0,0,0,5,1,Medium
2019,4,Tuesday,12,Punjab,Rahim Yar Khan,Urban Road,Under Repair,Foggy,Street Light,Car/Taxi,4,Wrong Overtaking,1,0,0,0,0,0,Low
2023,6,Tuesday,20,Sindh,Hyderabad,Rural Road,Good,Dusty/Smoggy,No Light,Car/Taxi,1,Road Condition,1,0,0,0,0,0,Low
2023,2,Thursday,10,Islamabad,Islamabad,Urban Road,Average,Clear,Daylight,Rickshaw,4,Over Speeding,0,0,0,1,2,0,Low
2019,4,Thursday,21,KPK,Bannu,Provincial Highway,Good,Foggy,No Light,Motorcycle,2,Drunk Driving,0,0,0,0,2,0,High
2018,4,Tuesday,18,Punjab,Lahore,National Highway,Poor,Clear,Daylight,Motorcycle,1,Pedestrian Error,1,0,0,0,2,0,Medium
2023,3,Sunday,6,Punjab,Sialkot,National Highway,Good,Clear,Street Light,Bus/Coach,1,Signal Violation,0,1,0,0,3,1,Medium
2020,3,Sunday,22,Sindh,Jacobabad,Provincial Highway,Average,Foggy,Street Light,Other,2,Signal Violation,0,1,1,0,1,1,Medium
2023,9,Thursday,17,Sindh,Thatta,Rural Road,Good,Clear,Daylight,Motorcycle,4,Over Speeding,1,0,0,0,3,1,High
2020,6,Wednesday,7,Sindh,Larkana,Rural Road,Good,Rainy,Daylight,Bus/Coach,4,Wrong Overtaking,1,0,0,0,1,0,Medium
2018,5,Sunday,13,Punjab,Lahore,Provincial Highway,Good,Clear,Daylight,Car/Taxi,2,Mechanical Failure,1,1,0,0,0,0,Low
2022,11,Sunday,1,Punjab,Lahore,National Highway,Average,Clear,No Light,Rickshaw,2,Pedestrian Error,0,1,1,1,4,0,Medium
2023,1,Wednesday,11,Punjab,Lahore,National Highway,Good,Clear,Daylight,Motorcycle,1,Pedestrian Error,0,0,0,1,7,1,High
2022,8,Tuesday,4,Sindh,Sukkur,Motorway,Poor,Rainy,Street Light,Rickshaw,1,Wrong Overtaking,0,0,1,0,9,0,High
2019,8,Monday,5,KPK,Bannu,National Highway,Poor,Clear,No Light,Motorcycle,1,Pedestrian Error,0,0,1,0,3,0,Medium
2022,5,Sunday,21,Balochistan,Zhob,Rural Road,Good,Clear,Street Light,Motorcycle,2,Over Speeding,0,1,0,0,4,0,High
2023,11,Friday,8,Punjab,Sargodha,Rural Road,Average,Clear,Daylight,Motorcycle,2,Over Speeding,1,0,0,1,7,1,High
2022,3,Thursday,12,KPK,Nowshera,Rural Road,Good,Foggy,Daylight,Motorcycle,1,Wrong Overtaking,1,0,0,0,4,0,Medium
2021,3,Monday,8,Gilgit-Baltistan,Skardu,National Highway,Average,Clear,Daylight,Motorcycle,3,Drunk Driving,1,0,0,0,11,1,High
2021,8,Thursday,8,KPK,Mansehra,National Highway,Under Repair,Clear,Daylight,Rickshaw,1,Mechanical Failure,1,0,0,0,1,0,Low
2021,4,Wednesday,16,KPK,Bannu,Provincial Highway,Poor,Rainy,Daylight,Rickshaw,1,Drunk Driving,0,0,0,0,2,0,Medium
2019,12,Saturday,17,Balochistan,Gwadar,Provincial Highway,Good,Rainy,Daylight,Motorcycle,1,Mechanical Failure,1,1,0,1,2,0,Medium
2022,8,Wednesday,1,Punjab,Bahawalpur,Provincial Highway,Good,Clear,Street Light,Truck/Lorry,4,Over Speeding,0,0,1,0,4,1,High
2021,1,Saturday,5,Punjab,Bahawalpur,Provincial Highway,Good,Clear,Dawn/Dusk,Motorcycle,1,Wrong Overtaking,0,1,1,1,5,0,High
2018,1,Thursday,21,AJK,Rawalakot,Rural Road,Poor,Extreme Heat,Street Light,Bus/Coach,1,Drunk Driving,0,0,0,1,2,0,Low
2022,8,Sunday,21,Sindh,Jacobabad,Provincial Highway,Under Repair,Foggy,Street Light,Motorcycle,2,Road Condition,0,1,0,0,4,3,High
2023,2,Wednesday,9,KPK,Charsadda,Provincial Highway,Average,Rainy,Daylight,Rickshaw,3,Signal Violation,1,0,0,1,1,0,Low
2021,6,Monday,9,KPK,Mansehra,Urban Road,Under Repair,Clear,Dawn/Dusk,Car/Taxi,1,Signal Violation,1,0,0,0,2,0,Low
2021,7,Saturday,18,Punjab,Multan,National Highway,Good,Clear,No Light,Motorcycle,1,Pedestrian Error,1,1,0,0,5,0,Medium
2018,2,Tuesday,18,Sindh,Thatta,Provincial Highway,Poor,Clear,Dawn/Dusk,Motorcycle,1,Wrong Overtaking,1,0,0,1,3,0,Medium
2022,10,Saturday,3,Sindh,Larkana,Urban Road,Under Repair,Extreme Heat,Street Light,Motorcycle,4,Over Speeding,0,1,1,0,1,0,Medium
2021,9,Saturday,11,Punjab,Sialkot,Urban Road,Good,Clear,Dawn/Dusk,Rickshaw,2,Over Speeding,0,1,0,0,2,0,Medium
2023,7,Saturday,11,Punjab,Faisalabad,Urban Road,Good,Extreme Heat,Daylight,Motorcycle,3,Over Speeding,0,1,0,0,4,0,Medium
2019,2,Saturday,23,Sindh,Hyderabad,Rural Road,Good,Foggy,Street Light,Bicycle,1,Mechanical Failure,0,1,1,1,3,0,Medium
2023,4,Sunday,13,Punjab,Multan,Provincial Highway,Poor,Foggy,Daylight,Rickshaw,1,Wrong Overtaking,1,1,0,0,2,2,Medium
2019,7,Tuesday,16,Punjab,Sialkot,Urban Road,Good,Rainy,Daylight,Motorcycle,3,Signal Violation,0,0,0,0,2,0,Medium
2019,5,Thursday,1,Punjab,Rawalpindi,Provincial Highway,Good,Clear,No Light,Motorcycle,2,Over Speeding,0,0,1,0,5,2,High
2019,10,Sunday,23,KPK,Abbottabad,Rural Road,Good,Clear,Street Light,Bus/Coach,1,Over Speeding,0,1,1,0,3,0,Medium
2021,4,Tuesday,18,Balochistan,Zhob,Provincial Highway,Average,Rainy,No Light,Motorcycle,1,Road Condition,1,0,0,0,1,1,Medium
2022,5,Friday,10,Sindh,Kashmore,Urban Road,Average,Rainy,Daylight,Truck/Lorry,1,Drunk Driving,0,0,0,0,5,2,High
2020,5,Saturday,8,Punjab,Bahawalpur,National Highway,Poor,Extreme Heat,Daylight,Car/Taxi,2,Drunk Driving,1,1,0,0,4,0,High
2022,8,Saturday,12,Gilgit-Baltistan,Skardu,Provincial Highway,Average,Extreme Heat,Daylight,Car/Taxi,3,Drunk Driving,1,1,0,0,5,0,Medium
2020,11,Tuesday,20,Punjab,Bahawalpur,Urban Road,Poor,Clear,No Light,Motorcycle,2,Over Speeding,1,0,0,1,4,0,Medium
2022,1,Wednesday,14,Punjab,Multan,Urban Road,Poor,Clear,Daylight,Motorcycle,2,Over Speeding,0,0,0,1,4,0,Medium
2022,8,Tuesday,21,Punjab,Gujranwala,National Highway,Poor,Clear,No Light,Motorcycle,1,Pedestrian Error,0,0,0,0,1,0,Medium
2018,7,Sunday,8,Punjab,Rawalpindi,Urban Road,Good,Clear,Daylight,Truck/Lorry,2,Over Speeding,1,1,0,0,4,0,Medium
2023,2,Monday,17,Punjab,Sargodha,Urban Road,Good,Dusty/Smoggy,No Light,Truck/Lorry,4,Mechanical Failure,1,0,0,1,2,0,Low
2022,5,Tuesday,22,Punjab,Sargodha,National Highway,Poor,Foggy,No Light,Car/Taxi,2,Road Condition,0,0,1,0,3,1,Medium
2018,5,Sunday,6,Punjab,Sialkot,Provincial Highway,Average,Clear,Dawn/Dusk,Motorcycle,2,Pedestrian Error,0,1,0,0,2,0,Medium
2023,11,Friday,18,Sindh,Larkana,Rural Road,Average,Clear,No Light,Car/Taxi,1,Signal Violation,1,0,0,1,0,0,Low
2019,12,Sunday,9,Punjab,Sargodha,National Highway,Average,Dusty/Smoggy,Daylight,Car/Taxi,2,Over Speeding,1,1,0,1,5,1,High
2021,1,Wednesday,18,Sindh,Sukkur,Provincial Highway,Good,Clear,Daylight,Truck/Lorry,1,Mechanical Failure,1,0,0,1,4,0,Medium
2019,1,Wednesday,10,Sindh,Nawabshah,Urban Road,Good,Clear,Daylight,Motorcycle,2,Road Condition,0,0,0,1,1,0,Low
2023,1,Friday,23,Punjab,Multan,National Highway,Poor,Clear,Street Light,Bicycle,2,Wrong Overtaking,0,0,1,1,11,0,High
2018,4,Saturday,0,KPK,Kohat,Provincial Highway,Poor,Dusty/Smoggy,Street Light,Motorcycle,2,Weather Condition,0,1,1,0,4,1,High
2022,4,Thursday,23,Sindh,Nawabshah,Urban Road,Average,Clear,Street Light,Bus/Coach,2,Drunk Driving,0,0,1,0,5,0,High
2023,7,Sunday,21,Punjab,Sargodha,National Highway,Good,Clear,No Light,Truck/Lorry,2,Mechanical Failure,0,1,0,0,4,1,Medium
2023,4,Friday,7,Punjab,Sargodha,National Highway,Average,Foggy,Daylight,Motorcycle,2,Road Condition,1,0,0,0,10,0,High
2021,5,Wednesday,22,KPK,Nowshera,Urban Road,Good,Rainy,No Light,Motorcycle,1,Road Condition,0,0,1,0,8,1,High
2023,4,Monday,12,KPK,Kohat,National Highway,Average,Clear,Street Light,Motorcycle,1,Over Speeding,1,0,0,0,3,1,High
2020,5,Tuesday,18,Sindh,Kashmore,Rural Road,Under Repair,Clear,Daylight,Motorcycle,2,Road Condition,1,0,0,0,2,2,Medium
2023,8,Monday,11,Punjab,Sargodha,Urban Road,Poor,Foggy,Daylight,Motorcycle,1,Over Speeding,0,0,0,0,2,1,High
2019,7,Sunday,21,Sindh,Mirpur Khas,Provincial Highway,Average,Clear,No Light,Motorcycle,1,Pedestrian Error,0,1,0,0,5,0,Medium
2020,6,Tuesday,19,Sindh,Mirpur Khas,National Highway,Under Repair,Clear,Street Light,Motorcycle,3,Wrong Overtaking,1,0,0,0,4,1,High
2022,7,Tuesday,2,Balochistan,Khuzdar,Urban Road,Under Repair,Clear,No Light,Motorcycle,2,Road Condition,0,0,1,0,1,2,Medium
2023,8,Wednesday,21,Sindh,Dadu,National Highway,Good,Clear,No Light,Motorcycle,3,Over Speeding,0,0,0,0,4,0,High
2018,9,Sunday,8,Punjab,Sheikhupura,Rural Road,Average,Foggy,Daylight,Car/Taxi,1,Drunk Driving,1,1,0,0,5,0,Medium
2018,12,Monday,6,Punjab,Lahore,National Highway,Poor,Clear,Daylight,Truck/Lorry,2,Wrong Overtaking,0,0,0,1,3,0,High
2022,11,Monday,17,Punjab,Multan,Provincial Highway,Poor,Clear,No Light,Truck/Lorry,2,Over Speeding,1,0,0,1,5,1,Medium
2023,11,Friday,8,Sindh,Sukkur,National Highway,Average,Foggy,Daylight,Bus/Coach,1,Over Speeding,1,0,0,1,10,1,High
2018,4,Saturday,12,Punjab,Multan,Urban Road,Poor,Clear,Daylight,Car/Taxi,2,Signal Violation,1,1,0,0,2,0,Low
2022,1,Friday,6,Sindh,Hyderabad,Urban Road,Poor,Foggy,No Light,Motorcycle,2,Wrong Overtaking,0,0,0,1,5,0,Medium
2019,3,Tuesday,20,KPK,Mansehra,Urban Road,Average,Clear,No Light,Motorcycle,2,Road Condition,1,0,0,0,1,1,Medium
2021,5,Thursday,12,Punjab,Sialkot,Rural Road,Average,Clear,Daylight,Car/Taxi,2,Over Speeding,1,0,0,0,2,0,Medium
2023,5,Monday,10,KPK,Nowshera,National Highway,Good,Rainy,Daylight,Motorcycle,2,Road Condition,0,0,0,0,4,0,Medium