year,month,day_of_week,hour_of_day,province,district,road_type,road_condition,weather_condition,lighting_condition,vehicle_type,vehicles_involved,accident_cause,is_rush_hour,is_weekend,is_night,is_foggy_month,num_injured,num_killed,severity
2021,11,Thursday,14,Sindh,Nawabshah,Urban Road,Average,Clear,Daylight,Motorcycle,3,Over Speeding,0,0,0,1,5,0,Medium
2018,9,Monday,13,Sindh,Thatta,National Highway,Average,Dusty/Smoggy,Street Light,Motorcycle,1,Over Speeding,1,0,0,0,2,0,High
2019,2,Friday,18,Balochistan,Gwadar,Urban Road,Under Repair,Foggy,Daylight,Motorcycle,2,Wrong Overtaking,1,0,0,1,5,1,Medium
2022,3,Wednesday,17,KPK,Mardan,Provincial Highway,Good,Foggy,Daylight,Motorcycle,1,Mechanical Failure,1,0,0,0,5,2,Medium
2022,6,Tuesday,15,Punjab,Rahim Yar Khan,Rural Road,Poor,Clear,Daylight,Bicycle,4,Wrong Overtaking,0,0,0,0,4,0,Medium
2022,12,Saturday,2,KPK,Nowshera,Provincial Highway,Good,Foggy,Street Light,Bus/Coach,3,Wrong Overtaking,0,1,1,1,6,0,High
2021,5,Sunday,19,KPK,Peshawar,National Highway,Under Repair,Clear,Dawn/Dusk,Car/Taxi,2,Over Speeding,1,1,0,0,1,0,Medium
2022,12,Sunday,14,KPK,Peshawar,Provincial Highway,Poor,Foggy,Daylight,Motorcycle,2,Mobile Phone Use,0,1,0,1,2,0,Medium
2023,1,Thursday,6,Sindh,Mirpur Khas,Rural Road,Good,Clear,Daylight,Motorcycle,2,Wrong Overtaking,0,0,0,1,2,0,Medium
2023,6,Saturday,12,Punjab,Gujranwala,Provincial Highway,Average,Dusty/Smoggy,Daylight,Rickshaw,1,Drunk Driving,1,1,0,0,1,0,Low
2019,11,Sunday,5,Punjab,Gujranwala,Rural Road,Poor,Clear,Dawn/Dusk,Motorcycle,1,Road Condition,0,1,1,1,2,0,Low
2021,11,Friday,17,Sindh,Sukkur,National Highway,Average,Clear,Daylight,Rickshaw,4,Pedestrian Error,1,0,0,1,2,0,Medium
2020,12,Tuesday,16,Punjab,Sialkot,National Highway,Poor,Dusty/Smoggy,Daylight,Van/Pickup,2,Driver Fatigue,0,0,0,1,5,0,High
2019,5,Wednesday,8,KPK,Mardan,National Highway,Average,Clear,Street Light,Bus/Coach,2,Mobile Phone Use,1,0,0,0,4,0,Medium
2022,3,Sunday,19,Punjab,Rahim Yar Khan,Urban Road,Average,Foggy,No Light,Rickshaw,1,Wrong Overtaking,1,1,0,0,1,0,Low
2018,5,Friday,10,Sindh,Thatta,Provincial Highway,Average,Foggy,Dawn/Dusk,Car/Taxi,2,Over Speeding,0,0,0,0,4,0,Medium
2019,10,Friday,15,Sindh,Thatta,Urban Road,Average,Clear,Street Light,Motorcycle,2,Road Condition,0,0,0,0,0,0,Low
2020,11,Monday,14,Sindh,Mirpur Khas,Provincial Highway,Poor,Clear,No Light,Truck/Lorry,3,Pedestrian Error,0,0,0,1,3,1,Medium
2023,3,Sunday,14,KPK,Mansehra,Provincial Highway,Good,Clear,Daylight,Motorcycle,2,Wrong Overtaking,0,1,0,0,4,1,High
2021,8,Monday,10,Sindh,Hyderabad,Provincial Highway,Poor,Foggy,Dawn/Dusk,Bus/Coach,2,Over Speeding,0,0,0,0,6,0,High
2019,7,Friday,21,Punjab,Gujranwala,Provincial Highway,Good,Clear,Street Light,Motorcycle,2,Wrong Overtaking,0,0,0,0,2,0,Medium
2021,12,Friday,17,Punjab,Bahawalpur,National Highway,Under Repair,Rainy,Daylight,Bus/Coach,2,Mechanical Failure,1,0,0,1,4,1,Medium
2022,8,Friday,8,Balochistan,Dera Bugti,Urban Road,Average,Clear,Daylight,Motorcycle,2,Over Speeding,1,0,0,0,4,1,Medium
2023,8,Thursday,9,Balochistan,Loralai,Provincial Highway,Good,Clear,Daylight,Motorcycle,1,Signal Violation,1,0,0,0,3,2,High
2020,2,Wednesday,17,Punjab,Sheikhupura,Urban Road,Average,Foggy,Daylight,Motorcycle,1,Road Condition,1,0,0,1,2,0,Medium
2022,7,Saturday,10,Punjab,Sheikhupura,National Highway,Good,Clear,Dawn/Dusk,Motorcycle,1,Driver Fatigue,0,1,0,0,7,0,High
2021,11,Monday,13,Punjab,Bahawalpur,National Highway,Poor,Dusty/Smoggy,Street Light,Motorcycle,2,Mechanical Failure,1,0,0,1,5,0,Medium
2020,6,Tuesday,16,Islamabad,Islamabad,Provincial Highway,Good,Foggy,Daylight,Motorcycle,3,Wrong Overtaking,0,0,0,0,7,0,High
2022,12,Friday,11,Punjab,Faisalabad,Urban Road,Good,Dusty/Smoggy,Daylight,Car/Taxi,1,Wrong Overtaking,0,0,0,1,2,0,Low
2021,7,Monday,20,Punjab,Multan,National Highway,Poor,Clear,No Light,Van/Pickup,3,Over Speeding,1,0,0,0,4,0,Medium
2020,12,Thursday,20,Punjab,Multan,National Highway,Good,Clear,No Light,Motorcycle,2,Signal Violation,1,0,0,1,8,3,High
2020,12,Wednesday,1,KPK,Charsadda,Urban Road,Poor,Clear,No Light,Car/Taxi,1,Over Speeding,0,0,1,1,4,0,Medium
2021,2,Friday,6,Balochistan,Turbat,Rural Road,Good,Clear,Daylight,Truck/Lorry,1,Pedestrian Error,0,0,0,1,2,0,Low
2021,12,Friday,13,Punjab,Rahim Yar Khan,Urban Road,Good,Clear,Daylight,Motorcycle,2,Pedestrian Error,1,0,0,1,1,0,Low
2023,12,Sunday,18,Punjab,Sheikhupura,Provincial Highway,Poor,Clear,Daylight,Car/Taxi,1,Over Speeding,1,1,0,1,4,0,Medium
2018,5,Saturday,23,Sindh,Hyderabad,Urban Road,Good,Foggy,No Light,Car/Taxi,4,Over Speeding,0,1,1,0,1,1,Medium
2019,11,Saturday,1,Punjab,Multan,Provincial Highway,Good,Clear,No Light,Truck/Lorry,3,Signal Violation,0,1,1,1,2,1,Medium
2022,8,Monday,14,Punjab,Rawalpindi,Rural Road,Good,Rainy,Dawn/Dusk,Motorcycle,2,Mechanical Failure,0,0,0,0,3,0,Medium
2022,8,Friday,14,Balochistan,Dera Bugti,Motorway,Good,Clear,Daylight,Motorcycle,3,Pedestrian Error,0,0,0,0,3,0,Medium
2020,11,Wednesday,18,Balochistan,Chaman,National Highway,Poor,Extreme Heat,Daylight,Motorcycle,1,Wrong Overtaking,1,0,0,1,6,1,High
2023,2,Sunday,8,AJK,Muzaffarabad,Urban Road,Good,Rainy,Daylight,Motorcycle,3,Road Condition,1,1,0,1,3,1,Medium
2020,9,Saturday,11,Sindh,Jacobabad,National Highway,Average,Foggy,Daylight,Car/Taxi,2,Signal Violation,0,1,0,0,5,0,Medium
2021,7,Sunday,15,Punjab,Sargodha,Provincial Highway,Under Repair,Foggy,Daylight,Car/Taxi,1,Over Speeding,0,1,0,0,5,0,Medium
2019,8,Wednesday,13,KPK,Bannu,Urban Road,Good,Rainy,Daylight,Motorcycle,3,Over Speeding,1,0,0,0,4,0,Medium
2023,10,Saturday,14,Punjab,Rahim Yar Khan,Urban Road,Good,Clear,Daylight,Rickshaw,1,Over Speeding,0,1,0,0,1,0,Medium
2022,12,Wednesday,6,Punjab,Bahawalpur,Rural Road,Good,Clear,Street Light,Motorcycle,3,Driver Fatigue,0,0,0,1,1,0,Medium
2020,10,Tuesday,20,Punjab,Sialkot,Rural Road,Average,Clear,No Light,Motorcycle,3,Over Speeding,1,0,0,0,1,1,Medium
2021,10,Monday,16,Islamabad,Islamabad,Provincial Highway,Good,Dusty/Smoggy,Daylight,Bicycle,3,Over Speeding,0,0,0,0,4,2,High
2019,10,Tuesday,23,KPK,Mansehra,Rural Road,Good,Clear,Street Light,Car/Taxi,4,Driver Fatigue,0,0,1,0,5,0,Medium
2023,9,Friday,4,Punjab,Sialkot,Motorway,Good,Clear,Street Light,Car/Taxi,3,Signal Violation,0,0,1,0,3,1,Medium
2019,12,Sunday,10,Punjab,Gujranwala,Urban Road,Good,Dusty/Smoggy,Dawn/Dusk,Motorcycle,2,Wrong Overtaking,0,1,0,1,4,1,Medium
2022,4,Sunday,16,Balochistan,Quetta,Urban Road,Under Repair,Foggy,Daylight,Motorcycle,2,Over Speeding,0,1,0,0,8,1,High
2019,6,Friday,16,KPK,Mardan,National Highway,Good,Clear,Daylight,Truck/Lorry,2,Over Speeding,0,0,0,0,4,2,High
2019,5,Monday,19,KPK,Mansehra,Motorway,Average,Dusty/Smoggy,Dawn/Dusk,Motorcycle,2,Over Speeding,1,0,0,0,6,2,High
2023,12,Monday,22,Punjab,Faisalabad,Rural Road,Poor,Foggy,No Light,Rickshaw,3,Road Condition,0,0,1,1,2,1,Medium
2021,12,Thursday,9,Sindh,Mirpur Khas,Provincial Highway,Good,Clear,Dawn/Dusk,Car/Taxi,1,Road Condition,1,0,0,1,2,0,Low
2023,7,Sunday,21,Sindh,Kashmore,Provincial Highway,Good,Foggy,Street Light,Rickshaw,3,Road Condition,0,1,0,0,3,0,Medium
2019,12,Sunday,16,Islamabad,Islamabad,Urban Road,Good,Clear,Dawn/Dusk,Bus/Coach,2,Mobile Phone Use,0,1,0,1,2,0,Low
2020,1,Wednesday,8,Punjab,Lahore,Urban Road,Good,Clear,Daylight,Motorcycle,2,Over Speeding,1,0,0,1,2,0,Medium
2023,5,Thursday,8,Sindh,Karachi,Urban Road,Good,Clear,Daylight,Car/Taxi,2,Weather Condition,1,0,0,0,1,0,Low
2023,11,Friday,2,Punjab,Sialkot,Urban Road,Good,Extreme Heat,Street Light,Motorcycle,3,Wrong Overtaking,0,0,1,1,4,0,Medium
2023,12,Saturday,22,Sindh,Karachi,National Highway,Good,Clear,No Light,Motorcycle,2,Pedestrian Error,0,1,1,1,9,4,High
2022,6,Wednesday,17,Punjab,Multan,Provincial Highway,Good,Clear,Daylight,Bus/Coach,2,Wrong Overtaking,1,0,0,0,5,0,Medium
2021,10,Thursday,12,KPK,Mardan,Urban Road,Poor,Extreme Heat,Daylight,Bus/Coach,1,Road Condition,1,0,0,0,2,0,Low
2023,5,Tuesday,6,Punjab,Sheikhupura,Provincial Highway,Poor,Clear,Daylight,Motorcycle,2,Wrong Overtaking,0,0,0,0,5,1,Medium
2020,11,Saturday,8,Punjab,Lahore,National Highway,Average,Foggy,No Light,Bus/Coach,3,Signal Violation,1,1,0,1,3,0,Medium
2019,8,Friday,22,Punjab,Rawalpindi,Rural Road,Poor,Clear,No Light,Motorcycle,2,Signal Violation,0,0,1,0,4,1,Medium
2019,1,Sunday,18,Balochistan,Loralai,Provincial Highway,Good,Clear,Daylight,Rickshaw,2,Over Speeding,1,1,0,1,2,0,Medium
2021,3,Sunday,18,KPK,Peshawar,Urban Road,Average,Clear,Daylight,Car/Taxi,1,Pedestrian Error,1,1,0,0,2,0,Low
2022,6,Sunday,14,Punjab,Lahore,Urban Road,Poor,Dusty/Smoggy,Daylight,Bus/Coach,3,Wrong Overtaking,0,1,0,0,2,0,Low
2022,1,Monday,21,Punjab,Sialkot,National Highway,Good,Foggy,No Light,Motorcycle,1,Drunk Driving,0,0,0,1,5,1,High
2019,2,Saturday,21,Sindh,Nawabshah,Rural Road,Average,Dusty/Smoggy,Street Light,Truck/Lorry,2,Over Speeding,0,1,0,1,2,1,Low
2020,10,Tuesday,9,Sindh,Larkana,Provincial Highway,Average,Clear,Daylight,Car/Taxi,2,Over Speeding,1,0,0,0,2,0,Low
2018,1,Wednesday,7,Punjab,Rahim Yar Khan,National Highway,Poor,Clear,Daylight,Van/Pickup,2,Wrong Overtaking,1,0,0,1,0,0,Low
2020,10,Friday,17,KPK,Abbottabad,Rural Road,Good,Clear,Daylight,Motorcycle,1,Signal Violation,1,0,0,0,4,1,Medium
2021,11,Thursday,7,Punjab,Rahim Yar Khan,National Highway,Good,Foggy,Daylight,Motorcycle,2,Over Speeding,1,0,0,1,4,1,High
2018,4,Thursday,9,AJK,Muzaffarabad,Urban Road,Good,Clear,Daylight,Rickshaw,3,Wrong Overtaking,1,0,0,0,2,1,Low
2019,12,Monday,15,Punjab,Bahawalpur,Motorway,Poor,Clear,Daylight,Motorcycle,2,Over Speeding,0,0,0,1,10,2,High
2020,6,Monday,18,Punjab,Bahawalpur,National Highway,Poor,Clear,Daylight,Rickshaw,3,Road Condition,1,0,0,0,2,0,Low
2022,12,Thursday,5,Punjab,Sargodha,Urban Road,Average,Clear,No Light,Motorcycle,1,Mechanical Failure,0,0,1,1,1,0,Medium
2018,9,Monday,7,Sindh,Larkana,National Highway,Poor,Clear,Dawn/Dusk,Rickshaw,4,Road Condition,1,0,0,0,1,0,Low
2019,12,Sunday,21,Punjab,Faisalabad,Rural Road,Average,Rainy,Street Light,Truck/Lorry,2,Weather Condition,0,1,0,1,0,0,Low
2022,10,Saturday,10,KPK,Nowshera,Rural Road,Poor,Foggy,Dawn/Dusk,Motorcycle,1,Mechanical Failure,0,1,0,0,2,1,Low
2022,5,Friday,18,Punjab,Bahawalpur,Provincial Highway,Average,Foggy,Street Light,Motorcycle,2,Wrong Overtaking,1,0,0,0,11,2,High
2022,11,Saturday,13,Punjab,Gujranwala,Provincial Highway,Poor,Dusty/Smoggy,Daylight,Car/Taxi,2,Drunk Driving,1,1,0,1,4,0,Medium
2018,7,Friday,11,Balochistan,Sibi,Urban Road,Good,Clear,Daylight,Car/Taxi,1,Over Speeding,0,0,0,0,4,1,Medium
2023,10,Sunday,8,Islamabad,Islamabad,Rural Road,Good,Dusty/Smoggy,Daylight,Bus/Coach,2,Over Speeding,1,1,0,0,1,1,Low
2023,12,Monday,16,Sindh,Kashmore,National Highway,Poor,Foggy,Dawn/Dusk,Rickshaw,2,Over Speeding,0,0,0,1,2,0,Medium
2023,11,Sunday,11,KPK,Charsadda,Provincial Highway,Average,Dusty/Smoggy,Daylight,Motorcycle,2,Wrong Overtaking,0,1,0,1,11,0,High
2019,11,Sunday,10,Punjab,Multan,National Highway,Average,Foggy,Daylight,Motorcycle,1,Mechanical Failure,0,1,0,1,2,1,Medium
2019,1,Tuesday,11,Punjab,Rahim Yar Khan,Rural Road,Good,Foggy,Daylight,Van/Pickup,2,Wrong Overtaking,0,0,0,1,0,0,Low
2022,9,Friday,15,Punjab,Sheikhupura,Urban Road,Good,Clear,Daylight,Motorcycle,2,Signal Violation,0,0,0,0,1,2,Medium
2023,5,Thursday,14,Islamabad,Islamabad,Provincial Highway,Good,Foggy,Daylight,Car/Taxi,2,Over Speeding,0,0,0,0,2,0,Medium
2023,6,Wednesday,13,Sindh,Karachi,Provincial Highway,Good,Rainy,Daylight,Motorcycle,1,Over Speeding,1,0,0,0,4,1,High
2019,6,Friday,9,Punjab,Sheikhupura,Rural Road,Average,Clear,Daylight,Motorcycle,1,Pedestrian Error,1,0,0,0,4,0,Medium
2022,12,Thursday,5,Punjab,Lahore,National Highway,Average,Rainy,Dawn/Dusk,Car/Taxi,1,Over Speeding,0,0,1,1,3,2,High
2022,7,Friday,20,Punjab,Gujranwala,Provincial Highway,Good,Clear,Street Light,Car/Taxi,2,Wrong Overtaking,1,0,0,0,0,0,Low
2019,11,Saturday,23,Punjab,Gujranwala,Urban Road,Average,Foggy,No Light,Bicycle,1,Drunk Driving,0,1,1,1,2,1,High
2023,10,Thursday,17,Sindh,Thatta,National Highway,Average,Rainy,Daylight,Car/Taxi,3,Over Speeding,1,0,0,0,9,3,High
2022,12,Thursday,8,Punjab,Gujranwala,Provincial Highway,Good,Clear,Daylight,Car/Taxi,2,Driver Fatigue,1,0,0,1,1,0,Low
2018,11,Thursday,12,Punjab,Bahawalpur,Urban Road,Good,Foggy,Daylight,Bus/Coach,4,Drunk Driving,1,0,0,1,1,0,Medium
2020,2,Wednesday,17,Punjab,Lahore,Provincial Highway,Good,Extreme Heat,Daylight,Van/Pickup,2,Wrong Overtaking,1,0,0,1,1,0,Low
2022,9,Friday,12,Sindh,Kashmore,National Highway,Good,Rainy,No Light,Truck/Lorry,1,Over Speeding,1,0,0,0,3,1,High
2021,1,Friday,23,KPK,Abbottabad,Urban Road,Good,Foggy,No Light,Car/Taxi,2,Mechanical Failure,0,0,1,1,2,0,Low
2019,8,Monday,16,Punjab,Sargodha,National Highway,Average,Clear,Daylight,Motorcycle,2,Wrong Overtaking,0,0,0,0,8,0,High
2022,12,Monday,17,KPK,Mansehra,Provincial Highway,Good,Clear,Daylight,Van/Pickup,3,Signal Violation,1,0,0,1,1,0,Low
2020,3,Friday,16,Punjab,Gujranwala,National Highway,Average,Foggy,Street Light,Bicycle,1,Pedestrian Error,0,0,0,0,2,0,Medium
2021,12,Monday,3,Punjab,Sargodha,Provincial Highway,Poor,Clear,No Light,Car/Taxi,2,Mechanical Failure,0,0,1,1,5,1,Medium
2022,3,Friday,5,KPK,Kohat,Provincial Highway,Good,Foggy,Street Light,Motorcycle,2,Signal Violation,0,0,1,0,6,0,High
2023,7,Saturday,9,Punjab,Sargodha,Rural Road,Good,Clear,Dawn/Dusk,Motorcycle,3,Wrong Overtaking,1,1,0,0,3,1,Medium
2021,12,Thursday,21,Sindh,Kashmore,Rural Road,Good,Clear,Street Light,Motorcycle,1,Over Speeding,0,0,0,1,5,2,Medium
2023,9,Sunday,10,Islamabad,Islamabad,Rural Road,Average,Rainy,Daylight,Rickshaw,4,Over Speeding,0,1,0,0,1,0,Medium
2021,9,Saturday,11,Sindh,Sukkur,National Highway,Average,Clear,Street Light,Motorcycle,1,Wrong Overtaking,0,1,0,0,5,0,Medium
2019,5,Tuesday,19,Punjab,Sialkot,National Highway,Poor,Dusty/Smoggy,Dawn/Dusk,Motorcycle,2,Over Speeding,1,0,0,0,3,1,High
2023,3,Tuesday,22,Islamabad,Islamabad,Urban Road,Good,Clear,No Light,Motorcycle,1,Wrong Overtaking,0,0,1,0,1,1,Medium
2023,10,Friday,18,Punjab,Faisalabad,Rural Road,Under Repair,Clear,Daylight,Car/Taxi,1,Driver Fatigue,1,0,0,0,2,0,Low
2018,11,Saturday,23,KPK,Peshawar,Provincial Highway,Poor,Foggy,No Light,Bicycle,2,Over Speeding,0,1,1,1,10,3,High
2018,3,Wednesday,11,Punjab,Faisalabad,Provincial Highway,Poor,Rainy,Daylight,Motorcycle,1,Over Speeding,0,0,0,0,7,2,High
2018,1,Sunday,4,Sindh,Larkana,Provincial Highway,Average,Rainy,Street Light,Car/Taxi,2,Mechanical Failure,0,1,1,1,1,0,Low
2020,8,Monday,7,Sindh,Kashmore,National Highway,Average,Clear,Street Light,Motorcycle,2,Over Speeding,1,0,0,0,3,1,High
2022,8,Sunday,23,Punjab,Sialkot,National Highway,Good,Foggy,Street Light,Motorcycle,2,Pedestrian Error,0,1,1,0,8,0,High
2022,11,Thursday,9,KPK,Kohat,National Highway,Poor,Clear,Daylight,Car/Taxi,4,Signal Violation,1,0,0,1,5,0,Medium
2021,6,Thursday,20,Islamabad,Islamabad,Provincial Highway,Good,Rainy,No Light,Motorcycle,3,Road Condition,1,0,0,0,4,0,Medium
2020,11,Friday,17,Punjab,Bahawalpur,Provincial Highway,Average,Clear,Daylight,Car/Taxi,2,Over Speeding,1,0,0,1,5,0,Medium
2022,2,Thursday,20,KPK,Mardan,National Highway,Average,Clear,No Light,Motorcycle,2,Over Speeding,1,0,0,1,11,2,High
2023,10,Thursday,9,Punjab,Rawalpindi,Urban Road,Average,Clear,Street Light,Car/Taxi,1,Pedestrian Error,1,0,0,0,0,0,Low
2019,11,Monday,14,Punjab,Faisalabad,National Highway,Good,Rainy,Daylight,Bus/Coach,2,Wrong Overtaking,0,0,0,1,4,0,Medium
2020,1,Tuesday,18,Islamabad,Islamabad,Urban Road,Good,Rainy,Daylight,Motorcycle,1,Signal Violation,1,0,0,1,7,0,High
2023,11,Friday,8,Sindh,Kashmore,Urban Road,Under Repair,Clear,Daylight,Rickshaw,2,Wrong Overtaking,1,0,0,1,1,0,Low
2019,10,Tuesday,19,Punjab,Faisalabad,National Highway,Good,Clear,Dawn/Dusk,Car/Taxi,1,Road Condition,1,0,0,0,0,0,Low
2021,5,Tuesday,21,Sindh,Larkana,Provincial Highway,Good,Foggy,No Light,Truck/Lorry,1,Wrong Overtaking,0,0,0,0,5,0,Medium
2018,6,Sunday,7,Punjab,Faisalabad,Urban Road,Good,Clear,Daylight,Bicycle,1,Over Speeding,1,1,0,0,8,1,High
2018,7,Saturday,23,Sindh,Hyderabad,Provincial Highway,Under Repair,Extreme Heat,Street Light,Motorcycle,1,Over Speeding,0,1,1,0,4,2,High
2023,12,Monday,14,Sindh,Sukkur,Rural Road,Good,Rainy,Street Light,Van/Pickup,2,Over Speeding,0,0,0,1,2,0,Low
2019,6,Sunday,14,Balochistan,Quetta,Motorway,Average,Rainy,Daylight,Car/Taxi,2,Road Condition,0,1,0,0,2,0,Medium
2023,3,Saturday,22,Punjab,Gujranwala,Rural Road,Average,Clear,Street Light,Car/Taxi,1,Mechanical Failure,0,1,1,0,0,0,Low
2018,3,Sunday,17,Punjab,Multan,Urban Road,Poor,Rainy,Daylight,Car/Taxi,1,Driver Fatigue,1,1,0,0,5,2,Medium
2018,12,Saturday,6,Punjab,Lahore,National Highway,Average,Clear,Daylight,Car/Taxi,2,Over Speeding,0,1,0,1,4,0,Medium
2019,5,Tuesday,19,Punjab,Sialkot,Provincial Highway,Average,Rainy,Dawn/Dusk,Van/Pickup,2,Drunk Driving,1,0,0,0,2,0,Medium
2021,11,Saturday,7,Islamabad,Islamabad,Motorway,Poor,Rainy,Street Light,Motorcycle,1,Road Condition,1,1,0,1,4,2,Medium
2022,1,Friday,6,Islamabad,Islamabad,National Highway,Average,Clear,Street Light,Motorcycle,2,Over Speeding,0,0,0,1,6,3,High
2022,1,Wednesday,23,KPK,Nowshera,Provincial Highway,Good,Rainy,Street Light,Rickshaw,1,Driver Fatigue,0,0,1,1,1,1,Medium
2022,6,Wednesday,17,Sindh,Larkana,National Highway,Poor,Dusty/Smoggy,Daylight,Bus/Coach,4,Road Condition,1,0,0,0,5,0,Medium
2021,6,Monday,13,Balochistan,Khuzdar,Rural Road,Average,Rainy,Daylight,Rickshaw,2,Wrong Overtaking,1,0,0,0,5,1,Medium
2023,2,Wednesday,14,Punjab,Sheikhupura,Provincial Highway,Average,Clear,No Light,Car/Taxi,2,Road Condition,0,0,0,1,0,1,Low
2023,7,Saturday,19,Punjab,Rawalpindi,National Highway,Average,Rainy,Street Light,Motorcycle,1,Over Speeding,1,1,0,0,9,3,High
2022,7,Sunday,19,Punjab,Gujranwala,Urban Road,Good,Clear,Dawn/Dusk,Rickshaw,3,Over Speeding,1,1,0,0,2,0,Low
2022,2,Sunday,3,KPK,Kohat,Provincial Highway,Poor,Clear,Street Light,Car/Taxi,2,Weather Condition,0,1,1,1,0,0,Low
2023,10,Tuesday,10,Sindh,Jacobabad,Urban Road,Good,Clear,Daylight,Car/Taxi,3,Over Speeding,0,0,0,0,1,0,Low
2022,10,Monday,12,Sindh,Karachi,National Highway,Good,Rainy,Street Light,Car/Taxi,1,Over Speeding,1,0,0,0,4,2,High
2023,5,Saturday,7,Punjab,Rawalpindi,Urban Road,Good,Clear,Street Light,Motorcycle,1,Mobile Phone Use,1,1,0,0,0,0,Low
2023,1,Monday,20,Sindh,Sukkur,Provincial Highway,Good,Rainy,No Light,Car/Taxi,2,Driver Fatigue,1,0,0,1,2,0,Medium
2022,5,Thursday,4,Balochistan,Dera Bugti,Motorway,Good,Dusty/Smoggy,No Light,Rickshaw,3,Driver Fatigue,0,0,1,0,2,2,High
2023,7,Monday,13,Punjab,Rahim Yar Khan,Provincial Highway,Good,Clear,Daylight,Car/Taxi,2,Mechanical Failure,1,0,0,0,0,0,Low
2022,2,Friday,9,Sindh,Thatta,Provincial Highway,Poor,Dusty/Smoggy,Daylight,Bus/Coach,1,Wrong Overtaking,1,0,0,1,1,0,Low
2023,7,Saturday,8,Punjab,Rawalpindi,Provincial Highway,Good,Extreme Heat,Daylight,Motorcycle,2,Wrong Overtaking,1,1,0,0,3,0,High
2022,2,Monday,22,KPK,Nowshera,National Highway,Average,Clear,Street Light,Car/Taxi,1,Mobile Phone Use,0,0,1,1,1,2,Medium
2018,9,Saturday,16,Sindh,Dadu,Motorway,Good,Foggy,Street Light,Car/Taxi,2,Wrong Overtaking,0,1,0,0,9,1,High
2018,12,Thursday,6,Punjab,Bahawalpur,Urban Road,Poor,Foggy,Daylight,Van/Pickup,1,Mobile Phone Use,0,0,0,1,0,0,Low
2023,12,Wednesday,5,Sindh,Nawabshah,Rural Road,Poor,Clear,Daylight,Car/Taxi,4,Wrong Overtaking,0,0,1,1,1,0,Low
2020,12,Saturday,5,Punjab,Gujranwala,Provincial Highway,Good,Rainy,Dawn/Dusk,Truck/Lorry,2,Wrong Overtaking,0,1,1,1,7,0,High
2022,12,Sunday,23,Balochistan,Loralai,Rural Road,Poor,Clear,No Light,Motorcycle,2,Over Speeding,0,1,1,1,5,1,Medium
2021,12,Saturday,6,Islamabad,Islamabad,Provincial Highway,Poor,Clear,Daylight,Motorcycle,2,Mechanical Failure,0,1,0,1,5,2,Medium
2023,12,Monday,8,Sindh,Dadu,National Highway,Good,Dusty/Smoggy,Street Light,Car/Taxi,2,Wrong Overtaking,1,0,0,1,5,1,Medium
2020,3,Sunday,15,Punjab,Sialkot,Urban Road,Average,Clear,Daylight,Car/Taxi,3,Road Condition,0,1,0,0,1,0,Low
2022,9,Saturday,19,KPK,Mardan,Urban Road,Average,Extreme Heat,No Light,Car/Taxi,1,Road Condition,1,1,0,0,1,0,Low
2023,8,Sunday,10,Sindh,Thatta,Rural Road,Good,Clear,Daylight,Car/Taxi,4,Wrong Overtaking,0,1,0,0,1,0,Low
2018,6,Wednesday,14,Punjab,Multan,Rural Road,Average,Dusty/Smoggy,Daylight,Van/Pickup,1,Wrong Overtaking,0,0,0,0,2,1,Low
2020,10,Tuesday,12,Punjab,Sialkot,National Highway,Average,Clear,Daylight,Bicycle,2,Wrong Overtaking,1,0,0,0,5,0,Medium
2023,4,Sunday,14,Balochistan,Turbat,Provincial Highway,Poor,Foggy,Street Light,Motorcycle,2,Driver Fatigue,0,1,0,0,2,2,High
2023,11,Thursday,18,KPK,Mansehra,Provincial Highway,Average,Rainy,Dawn/Dusk,Rickshaw,2,Wrong Overtaking,1,0,0,1,5,0,Medium
2022,4,Tuesday,9,KPK,Mardan,National Highway,Average,Clear,Daylight,Motorcycle,2,Road Condition,1,0,0,0,6,1,High
2022,6,Wednesday,6,Sindh,Karachi,Rural Road,Good,Clear,Dawn/Dusk,Motorcycle,1,Over Speeding,0,0,0,0,9,3,High
2023,7,Monday,18,KPK,Kohat,Provincial Highway,Average,Clear,Daylight,Car/Taxi,2,Over Speeding,1,0,0,0,2,0,Medium
2020,1,Thursday,2,Sindh,Larkana,Rural Road,Good,Clear,No Light,Motorcycle,1,Driver Fatigue,0,0,1,1,3,0,Medium
2022,11,Friday,21,Punjab,Multan,Provincial Highway,Good,Rainy,No Light,Motorcycle,2,Road Condition,0,0,0,1,11,1,High
2022,11,Tuesday,10,Balochistan,Quetta,Provincial Highway,Good,Clear,No Light,Motorcycle,3,Mechanical Failure,0,0,0,1,0,1,Low
2023,6,Saturday,3,Gilgit-Baltistan,Gilgit,Provincial Highway,Under Repair,Clear,No Light,Motorcycle,1,Over Speeding,0,1,1,0,3,1,High
2018,7,Wednesday,7,Balochistan,Chaman,Provincial Highway,Good,Rainy,Daylight,Motorcycle,2,Over Speeding,1,0,0,0,9,0,High
2022,7,Saturday,15,KPK,Peshawar,National Highway,Average,Clear,Daylight,Rickshaw,4,Road Condition,0,1,0,0,0,0,Low
2022,2,Monday,1,KPK,Kohat,Urban Road,Good,Clear,No Light,Motorcycle,2,Over Speeding,0,0,1,1,7,2,High
2023,2,Friday,7,Sindh,Dadu,National Highway,Good,Clear,Daylight,Car/Taxi,3,Over Speeding,1,0,0,1,9,2,High
2022,7,Monday,10,Balochistan,Quetta,Rural Road,Good,Extreme Heat,Daylight,Motorcycle,1,Drunk Driving,0,0,0,0,6,2,High