year,month,day_of_week,hour_of_day,province,district,road_type,road_condition,weather_condition,lighting_condition,vehicle_type,vehicles_involved,accident_cause,is_rush_hour,is_weekend,is_night,is_foggy_month,num_injured,num_killed,severity
2022,12,Thursday,10,Sindh,Kashmore,National Highway,Poor,Clear,Daylight,Car/Taxi,3,Signal Violation,0,0,0,1,1,0,Medium
2023,1,Saturday,21,Punjab,Rahim Yar Khan,Provincial Highway,Poor,Clear,No Light,Car/Taxi,4,Pedestrian Error,0,1,0,1,2,1,Low
2019,8,Wednesday,19,KPK,Abbottabad,National Highway,Poor,Foggy,Dawn/Dusk,Bus/Coach,1,Over Speeding,1,0,0,0,3,1,High
2022,3,Monday,11,Balochistan,Gwadar,Rural Road,Under Repair,Dusty/Smoggy,Street Light,Truck/Lorry,2,Pedestrian Error,0,0,0,0,2,0,Low
2022,6,Saturday,13,Punjab,Faisalabad,National Highway,Good,Clear,Daylight,Motorcycle,2,Mobile Phone Use,1,1,0,0,3,2,Medium
2023,5,Sunday,21,KPK,Bannu,Rural Road,Poor,Clear,Street Light,Motorcycle,1,Over Speeding,0,1,0,0,7,0,High
2022,11,Thursday,10,Punjab,Lahore,National Highway,Good,Rainy,Daylight,Bus/Coach,2,Over Speeding,0,0,0,1,4,2,High
2020,1,Saturday,0,Islamabad,Islamabad,National Highway,Good,Dusty/Smoggy,No Light,Bus/Coach,2,Pedestrian Error,0,1,1,1,11,0,High
2020,7,Thursday,18,KPK,Swat,National Highway,Poor,Rainy,Daylight,Motorcycle,2,Over Speeding,1,0,0,0,6,1,High
2019,11,Friday,2,Sindh,Kashmore,National Highway,Average,Dusty/Smoggy,Street Light,Motorcycle,1,Mobile Phone Use,0,0,1,1,2,1,Medium
2018,5,Friday,19,KPK,Abbottabad,Provincial Highway,Under Repair,Clear,Street Light,Car/Taxi,2,Over Speeding,1,0,0,0,1,0,Low
2019,1,Saturday,12,KPK,Dera Ismail Khan,Urban Road,Good,Rainy,Dawn/Dusk,Motorcycle,2,Mechanical Failure,1,1,0,1,1,0,Medium
2020,12,Monday,14,Balochistan,Sibi,National Highway,Good,Rainy,No Light,Rickshaw,1,Mobile Phone Use,0,0,0,1,2,0,Medium
2020,11,Wednesday,15,Balochistan,Khuzdar,National Highway,Average,Clear,Daylight,Motorcycle,2,Signal Violation,0,0,0,1,3,1,Medium
2023,1,Saturday,20,Punjab,Sargodha,Urban Road,Average,Foggy,No Light,Motorcycle,3,Wrong Overtaking,1,1,0,1,10,1,High
2019,3,Sunday,18,Punjab,Faisalabad,National Highway,Average,Clear,Daylight,Car/Taxi,1,Wrong Overtaking,1,1,0,0,3,0,Medium
2018,7,Wednesday,11,KPK,Charsadda,Urban Road,Poor,Clear,Daylight,Truck/Lorry,2,Road Condition,0,0,0,0,1,0,Low
2019,12,Thursday,15,Islamabad,Islamabad,Rural Road,Average,Clear,Daylight,Truck/Lorry,1,Over Speeding,0,0,0,1,1,0,Low
2019,1,Friday,15,Punjab,Faisalabad,Provincial Highway,Good,Foggy,Daylight,Motorcycle,2,Over Speeding,0,0,0,1,3,3,High
2022,5,Monday,22,Punjab,Rahim Yar Khan,Rural Road,Good,Clear,No Light,Car/Taxi,1,Wrong Overtaking,0,0,1,0,2,0,Low
2018,1,Friday,21,Punjab,Sheikhupura,National Highway,Poor,Dusty/Smoggy,Street Light,Bus/Coach,1,Road Condition,0,0,0,1,0,0,Low
2018,8,Tuesday,19,Punjab,Sheikhupura,Rural Road,Average,Clear,Street Light,Motorcycle,1,Pedestrian Error,1,0,0,0,2,0,Low
2023,2,Thursday,9,KPK,Bannu,National Highway,Good,Clear,Dawn/Dusk,Motorcycle,2,Over Speeding,1,0,0,1,11,3,High
2018,7,Saturday,12,Punjab,Sialkot,National Highway,Under Repair,Clear,Daylight,Car/Taxi,3,Driver Fatigue,1,1,0,0,7,0,High
2018,4,Thursday,9,Punjab,Sargodha,Rural Road,Poor,Clear,Daylight,Motorcycle,2,Over Speeding,1,0,0,0,2,0,Medium
2023,7,Thursday,12,Balochistan,Gwadar,National Highway,Good,Foggy,Daylight,Motorcycle,2,Wrong Overtaking,1,0,0,0,3,2,High
2019,4,Monday,19,Punjab,Faisalabad,Rural Road,Poor,Clear,Daylight,Motorcycle,2,Weather Condition,1,0,0,0,0,0,Low
2021,12,Tuesday,9,KPK,Abbottabad,Provincial Highway,Poor,Foggy,Daylight,Motorcycle,3,Over Speeding,1,0,0,1,6,2,High
2022,11,Saturday,23,Punjab,Rawalpindi,Provincial Highway,Poor,Dusty/Smoggy,No Light,Motorcycle,2,Over Speeding,0,1,1,1,5,1,High
2022,11,Friday,11,KPK,Peshawar,Motorway,Good,Foggy,Daylight,Car/Taxi,1,Mobile Phone Use,0,0,0,1,5,2,Medium
2021,1,Tuesday,19,Punjab,Rawalpindi,Urban Road,Good,Foggy,Dawn/Dusk,Motorcycle,1,Over Speeding,1,0,0,1,3,1,High
2019,12,Saturday,21,Punjab,Multan,Rural Road,Poor,Clear,No Light,Motorcycle,2,Signal Violation,0,1,0,1,5,2,Medium
2023,11,Wednesday,7,Sindh,Larkana,National Highway,Poor,Dusty/Smoggy,Daylight,Rickshaw,2,Signal Violation,1,0,0,1,2,0,Low
2020,12,Friday,13,Balochistan,Khuzdar,National Highway,Good,Clear,Daylight,Motorcycle,3,Pedestrian Error,1,0,0,1,1,0,Medium
2019,3,Thursday,9,Sindh,Kashmore,National Highway,Average,Extreme Heat,Daylight,Motorcycle,2,Over Speeding,1,0,0,0,4,0,High
2022,9,Saturday,22,Punjab,Multan,Rural Road,Average,Foggy,No Light,Car/Taxi,4,Wrong Overtaking,0,1,1,0,2,0,Low
2023,10,Sunday,23,KPK,Swat,Rural Road,Under Repair,Dusty/Smoggy,No Light,Car/Taxi,2,Pedestrian Error,0,1,1,0,2,1,Low
2018,7,Wednesday,16,Punjab,Rawalpindi,Rural Road,Poor,Clear,Daylight,Rickshaw,1,Signal Violation,0,0,0,0,1,0,Low
2020,5,Tuesday,12,Islamabad,Islamabad,Provincial Highway,Average,Clear,Daylight,Motorcycle,2,Driver Fatigue,1,0,0,0,6,0,High
2022,7,Sunday,20,Punjab,Gujranwala,National Highway,Under Repair,Clear,No Light,Car/Taxi,2,Wrong Overtaking,1,1,0,0,2,1,Low
2023,6,Saturday,15,Sindh,Sukkur,National Highway,Average,Clear,Daylight,Car/Taxi,2,Wrong Overtaking,0,1,0,0,1,0,Medium
2018,6,Wednesday,7,Punjab,Bahawalpur,National Highway,Average,Foggy,Street Light,Bus/Coach,1,Over Speeding,1,0,0,0,6,0,High
2021,2,Wednesday,15,Sindh,Sukkur,Provincial Highway,Good,Rainy,Daylight,Motorcycle,2,Mechanical Failure,0,0,0,1,5,0,Medium
2021,3,Wednesday,10,Sindh,Kashmore,Urban Road,Average,Rainy,Daylight,Motorcycle,3,Road Condition,0,0,0,0,4,1,Medium
2022,2,Sunday,8,Punjab,Rawalpindi,Rural Road,Under Repair,Foggy,Daylight,Car/Taxi,2,Over Speeding,1,1,0,1,3,1,Medium
2019,9,Wednesday,14,Punjab,Bahawalpur,Provincial Highway,Good,Rainy,Daylight,Motorcycle,2,Signal Violation,0,0,0,0,4,3,High
2020,12,Thursday,16,Balochistan,Quetta,Rural Road,Under Repair,Clear,Daylight,Motorcycle,2,Signal Violation,0,0,0,1,5,0,Medium
2023,8,Thursday,19,KPK,Swat,Rural Road,Poor,Clear,Street Light,Motorcycle,1,Driver Fatigue,1,0,0,0,8,2,High
2020,7,Friday,12,Sindh,Sukkur,Urban Road,Good,Extreme Heat,Daylight,Motorcycle,2,Wrong Overtaking,1,0,0,0,5,0,Medium
2020,10,Sunday,18,Sindh,Karachi,Urban Road,Good,Rainy,Daylight,Bus/Coach,1,Over Speeding,1,1,0,0,10,2,High
2021,12,Tuesday,19,KPK,Peshawar,National Highway,Under Repair,Clear,Dawn/Dusk,Rickshaw,3,Drunk Driving,1,0,0,1,1,0,Medium
2020,11,Saturday,20,Punjab,Sargodha,Provincial Highway,Good,Rainy,No Light,Motorcycle,1,Signal Violation,1,1,0,1,1,2,Medium
2023,9,Wednesday,10,Islamabad,Islamabad,Rural Road,Good,Rainy,Daylight,Motorcycle,3,Wrong Overtaking,0,0,0,0,8,0,High
2020,7,Monday,17,Punjab,Multan,Rural Road,Average,Rainy,Daylight,Motorcycle,1,Signal Violation,1,0,0,0,1,1,Medium
2018,7,Friday,8,Sindh,Mirpur Khas,Provincial Highway,Average,Extreme Heat,Daylight,Motorcycle,2,Over Speeding,1,0,0,0,1,1,Medium
2021,10,Thursday,1,Sindh,Hyderabad,Urban Road,Average,Clear,Street Light,Car/Taxi,1,Drunk Driving,0,0,1,0,2,0,Low
2022,6,Sunday,20,Sindh,Sukkur,Rural Road,Poor,Foggy,Street Light,Motorcycle,3,Wrong Overtaking,1,1,0,0,5,0,Medium
2023,11,Monday,9,Balochistan,Quetta,Provincial Highway,Good,Foggy,Daylight,Motorcycle,2,Wrong Overtaking,1,0,0,1,2,1,Medium
2022,10,Saturday,13,Punjab,Multan,Urban Road,Good,Foggy,Street Light,Motorcycle,1,Signal Violation,1,1,0,0,3,0,Medium
2023,7,Saturday,15,KPK,Charsadda,Rural Road,Good,Foggy,Daylight,Motorcycle,1,Signal Violation,0,1,0,0,2,0,Medium
2022,12,Wednesday,21,Sindh,Sukkur,Rural Road,Good,Clear,Street Light,Motorcycle,1,Over Speeding,0,0,0,1,5,1,Medium
2023,8,Sunday,14,Punjab,Lahore,National Highway,Average,Clear,Daylight,Motorcycle,4,Driver Fatigue,0,1,0,0,10,3,High
2021,5,Wednesday,12,Punjab,Multan,National Highway,Poor,Foggy,Daylight,Rickshaw,1,Signal Violation,1,0,0,0,1,1,Medium
2018,7,Tuesday,20,KPK,Bannu,Provincial Highway,Good,Clear,No Light,Motorcycle,1,Pedestrian Error,1,0,0,0,3,1,Medium
2019,7,Thursday,18,Punjab,Rahim Yar Khan,Rural Road,Poor,Rainy,Daylight,Rickshaw,1,Driver Fatigue,1,0,0,0,5,1,Medium
2023,7,Sunday,13,Sindh,Thatta,Rural Road,Average,Clear,Daylight,Car/Taxi,3,Signal Violation,1,1,0,0,2,0,Low
2023,5,Saturday,19,Sindh,Kashmore,Rural Road,Good,Clear,Dawn/Dusk,Bicycle,2,Driver Fatigue,1,1,0,0,3,0,Medium
2019,3,Monday,13,Sindh,Sukkur,Motorway,Poor,Clear,Daylight,Rickshaw,2,Over Speeding,1,0,0,0,7,1,High
2023,3,Saturday,20,Balochistan,Gwadar,Provincial Highway,Good,Clear,No Light,Car/Taxi,2,Over Speeding,1,1,0,0,3,0,Medium
2022,7,Friday,9,Punjab,Gujranwala,Rural Road,Good,Foggy,Daylight,Motorcycle,3,Over Speeding,1,0,0,0,3,0,High
2023,9,Tuesday,23,Sindh,Jacobabad,Urban Road,Good,Clear,No Light,Motorcycle,1,Road Condition,0,0,1,0,0,0,Low
2020,4,Saturday,19,Sindh,Karachi,Provincial Highway,Good,Clear,No Light,Motorcycle,4,Over Speeding,1,1,0,0,8,0,High
2020,8,Saturday,11,Punjab,Rawalpindi,Rural Road,Good,Rainy,Dawn/Dusk,Motorcycle,2,Drunk Driving,0,1,0,0,10,1,High
2020,3,Friday,14,Balochistan,Quetta,Provincial Highway,Poor,Clear,Daylight,Rickshaw,3,Wrong Overtaking,0,0,0,0,4,0,Medium
2023,12,Sunday,5,Punjab,Rawalpindi,National Highway,Good,Dusty/Smoggy,No Light,Motorcycle,1,Signal Violation,0,1,1,1,9,3,High
2022,5,Monday,15,Punjab,Sialkot,Urban Road,Poor,Clear,Daylight,Motorcycle,2,Pedestrian Error,0,0,0,0,2,0,Low
2019,6,Saturday,19,KPK,Bannu,National Highway,Good,Rainy,Dawn/Dusk,Rickshaw,3,Wrong Overtaking,1,1,0,0,8,1,High
2018,10,Friday,5,Punjab,Sialkot,Rural Road,Good,Dusty/Smoggy,No Light,Car/Taxi,2,Signal Violation,0,0,1,0,5,0,Medium
2022,5,Wednesday,16,KPK,Charsadda,Urban Road,Average,Clear,Daylight,Motorcycle,1,Signal Violation,0,0,0,0,1,0,Medium
2023,7,Monday,17,KPK,Swat,Urban Road,Good,Dusty/Smoggy,Daylight,Motorcycle,1,Signal Violation,1,0,0,0,4,2,Medium
2021,2,Wednesday,15,Punjab,Gujranwala,National Highway,Under Repair,Clear,Dawn/Dusk,Bicycle,2,Mechanical Failure,0,0,0,1,3,0,Medium
2023,7,Monday,16,Punjab,Bahawalpur,National Highway,Good,Extreme Heat,Daylight,Rickshaw,2,Driver Fatigue,0,0,0,0,4,0,Medium
2020,12,Saturday,11,Punjab,Lahore,Provincial Highway,Good,Rainy,Daylight,Truck/Lorry,1,Road Condition,0,1,0,1,5,2,Medium
2018,12,Tuesday,6,Punjab,Bahawalpur,Provincial Highway,Average,Foggy,Daylight,Car/Taxi,3,Road Condition,0,0,0,1,2,0,Low
2023,12,Friday,17,Punjab,Faisalabad,Provincial Highway,Average,Clear,Daylight,Car/Taxi,3,Wrong Overtaking,1,0,0,1,2,0,Low
2023,1,Wednesday,12,Balochistan,Zhob,Provincial Highway,Under Repair,Extreme Heat,Daylight,Car/Taxi,1,Pedestrian Error,1,0,0,1,2,0,Low
2020,8,Friday,18,KPK,Swat,Urban Road,Good,Foggy,No Light,Motorcycle,3,Over Speeding,1,0,0,0,6,1,High
2023,12,Saturday,19,Punjab,Rahim Yar Khan,Rural Road,Average,Clear,Dawn/Dusk,Bus/Coach,1,Road Condition,1,1,0,1,0,0,Low
2018,1,Saturday,11,Balochistan,Dera Bugti,Provincial Highway,Poor,Foggy,Daylight,Car/Taxi,3,Wrong Overtaking,0,1,0,1,5,2,Medium
2019,7,Sunday,8,Punjab,Multan,Rural Road,Poor,Clear,No Light,Motorcycle,1,Mechanical Failure,1,1,0,0,1,0,Low
2023,3,Sunday,19,Sindh,Mirpur Khas,Urban Road,Poor,Clear,Daylight,Car/Taxi,4,Signal Violation,1,1,0,0,1,0,Low
2023,3,Tuesday,18,Punjab,Lahore,National Highway,Good,Clear,Daylight,Car/Taxi,2,Over Speeding,1,0,0,0,3,0,Medium
2019,7,Friday,22,Punjab,Multan,National Highway,Poor,Rainy,Street Light,Car/Taxi,2,Signal Violation,0,0,1,0,5,4,High
2023,6,Monday,16,KPK,Charsadda,Rural Road,Good,Clear,Daylight,Car/Taxi,4,Drunk Driving,0,0,0,0,1,0,Low
2020,7,Monday,15,Sindh,Dadu,Provincial Highway,Average,Clear,Daylight,Car/Taxi,2,Pedestrian Error,0,0,0,0,1,0,Low
2018,8,Saturday,17,Sindh,Hyderabad,Rural Road,Poor,Clear,Daylight,Bus/Coach,2,Over Speeding,1,1,0,0,2,0,Low
2019,12,Tuesday,6,Sindh,Nawabshah,Rural Road,Good,Clear,Daylight,Motorcycle,1,Signal Violation,0,0,0,1,0,0,Low
2022,11,Thursday,12,Punjab,Gujranwala,Provincial Highway,Good,Clear,Daylight,Bus/Coach,3,Driver Fatigue,1,0,0,1,10,2,High
2018,1,Wednesday,21,KPK,Charsadda,National Highway,Poor,Clear,Street Light,Rickshaw,2,Signal Violation,0,0,0,1,2,2,Medium
2023,1,Wednesday,8,KPK,Charsadda,Urban Road,Average,Dusty/Smoggy,Daylight,Car/Taxi,2,Wrong Overtaking,1,0,0,1,2,0,Low
2023,11,Friday,10,Punjab,Bahawalpur,Motorway,Poor,Clear,Daylight,Motorcycle,3,Wrong Overtaking,0,0,0,1,6,2,High
2022,4,Wednesday,22,Punjab,Rahim Yar Khan,Provincial Highway,Good,Extreme Heat,No Light,Motorcycle,2,Pedestrian Error,0,0,1,0,4,1,High
2023,12,Friday,8,Sindh,Karachi,Rural Road,Average,Clear,Street Light,Motorcycle,2,Wrong Overtaking,1,0,0,1,1,0,Low
2021,4,Tuesday,12,Sindh,Kashmore,Provincial Highway,Good,Clear,Street Light,Motorcycle,3,Over Speeding,1,0,0,0,7,2,High
2020,1,Saturday,11,Sindh,Larkana,National Highway,Under Repair,Clear,Daylight,Motorcycle,3,Pedestrian Error,0,1,0,1,5,0,Medium
2022,6,Saturday,14,KPK,Mardan,National Highway,Good,Rainy,Daylight,Car/Taxi,3,Mechanical Failure,0,1,0,0,2,0,Low
2022,12,Thursday,8,Islamabad,Islamabad,Provincial Highway,Poor,Clear,Daylight,Car/Taxi,4,Wrong Overtaking,1,0,0,1,4,1,Medium
2021,1,Tuesday,22,Punjab,Multan,Rural Road,Poor,Clear,Street Light,Car/Taxi,2,Pedestrian Error,0,0,1,1,0,0,Low
2020,6,Sunday,14,Sindh,Nawabshah,Urban Road,Average,Clear,Daylight,Motorcycle,2,Road Condition,0,1,0,0,4,0,Medium
2021,6,Tuesday,1,KPK,Swat,National Highway,Good,Clear,No Light,Bus/Coach,2,Over Speeding,0,0,1,0,11,1,High
2023,9,Friday,19,Sindh,Mirpur Khas,National Highway,Average,Rainy,No Light,Motorcycle,2,Mechanical Failure,1,0,0,0,2,0,Medium
2020,5,Saturday,7,Punjab,Rawalpindi,Rural Road,Good,Rainy,Street Light,Motorcycle,3,Mechanical Failure,1,1,0,0,3,1,Medium
2018,11,Sunday,8,Sindh,Hyderabad,Urban Road,Good,Extreme Heat,Daylight,Motorcycle,3,Road Condition,1,1,0,1,0,0,Low
2020,3,Friday,13,Sindh,Jacobabad,National Highway,Average,Clear,Daylight,Motorcycle,2,Pedestrian Error,1,0,0,0,3,0,Medium
2020,9,Monday,16,Sindh,Nawabshah,Urban Road,Poor,Extreme Heat,Daylight,Truck/Lorry,2,Over Speeding,0,0,0,0,4,1,Medium
2018,2,Wednesday,20,Punjab,Rawalpindi,Rural Road,Poor,Clear,Street Light,Motorcycle,1,Over Speeding,1,0,0,1,3,0,Medium
2022,7,Tuesday,21,Sindh,Kashmore,Urban Road,Average,Rainy,Street Light,Motorcycle,1,Weather Condition,0,0,0,0,2,0,Medium
2019,3,Saturday,17,Balochistan,Sibi,National Highway,Good,Clear,Daylight,Car/Taxi,1,Mobile Phone Use,1,1,0,0,2,0,Low
2022,2,Saturday,19,Balochistan,Zhob,Urban Road,Good,Clear,No Light,Bus/Coach,2,Mechanical Failure,1,1,0,1,2,0,Low
2022,3,Sunday,9,KPK,Kohat,Rural Road,Good,Foggy,Daylight,Motorcycle,1,Road Condition,1,1,0,0,3,0,Medium
2020,10,Monday,10,KPK,Charsadda,Urban Road,Average,Clear,Daylight,Motorcycle,1,Road Condition,0,0,0,0,1,0,Low
2019,2,Tuesday,19,Punjab,Faisalabad,Urban Road,Average,Clear,No Light,Van/Pickup,2,Wrong Overtaking,1,0,0,1,0,1,Low
2019,12,Sunday,22,Sindh,Nawabshah,Rural Road,Good,Dusty/Smoggy,Street Light,Motorcycle,2,Signal Violation,0,1,1,1,11,0,High
2018,7,Sunday,13,Punjab,Sialkot,National Highway,Good,Extreme Heat,Daylight,Motorcycle,2,Over Speeding,1,1,0,0,4,2,High
2019,8,Monday,14,KPK,Nowshera,Provincial Highway,Good,Clear,Daylight,Truck/Lorry,3,Weather Condition,0,0,0,0,1,1,Low
2018,6,Monday,10,Punjab,Rawalpindi,Provincial Highway,Good,Rainy,Daylight,Bus/Coach,2,Mobile Phone Use,0,0,0,0,1,1,Medium
2022,9,Friday,15,KPK,Mansehra,Provincial Highway,Average,Clear,Dawn/Dusk,Motorcycle,1,Over Speeding,0,0,0,0,7,0,High
2019,8,Saturday,9,KPK,Abbottabad,National Highway,Average,Clear,Daylight,Car/Taxi,1,Over Speeding,1,1,0,0,11,1,High
2023,8,Friday,18,Balochistan,Chaman,Urban Road,Average,Clear,Daylight,Car/Taxi,3,Wrong Overtaking,1,0,0,0,1,0,Low
2018,7,Tuesday,22,KPK,Kohat,Provincial Highway,Average,Dusty/Smoggy,Street Light,Car/Taxi,2,Driver Fatigue,0,0,1,0,9,3,High
2022,11,Wednesday,6,Sindh,Nawabshah,Provincial Highway,Good,Clear,Daylight,Car/Taxi,2,Over Speeding,0,0,0,1,1,0,Low
2018,3,Friday,10,Sindh,Dadu,Rural Road,Average,Clear,Daylight,Car/Taxi,2,Signal Violation,0,0,0,0,1,0,Low
2022,2,Thursday,22,Punjab,Sheikhupura,Rural Road,Average,Clear,No Light,Truck/Lorry,1,Over Speeding,0,0,1,1,2,0,Medium
2021,12,Saturday,3,Punjab,Gujranwala,National Highway,Under Repair,Clear,Street Light,Motorcycle,1,Wrong Overtaking,0,1,1,1,10,3,High
2020,5,Saturday,1,Punjab,Rahim Yar Khan,National Highway,Average,Clear,No Light,Other,3,Road Condition,0,1,1,0,4,0,Medium
2018,1,Tuesday,12,Punjab,Sargodha,Provincial Highway,Under Repair,Dusty/Smoggy,Daylight,Car/Taxi,2,Signal Violation,1,0,0,1,0,0,Low
2023,9,Friday,18,Islamabad,Islamabad,Urban Road,Average,Dusty/Smoggy,Daylight,Motorcycle,1,Wrong Overtaking,1,0,0,0,0,0,Low
2020,1,Friday,12,Punjab,Sialkot,National Highway,Good,Foggy,Daylight,Motorcycle,2,Over Speeding,1,0,0,1,3,2,High
2019,12,Saturday,14,KPK,Dera Ismail Khan,National Highway,Average,Foggy,Street Light,Rickshaw,2,Driver Fatigue,0,1,0,1,9,2,High
2022,7,Sunday,11,Punjab,Multan,National Highway,Average,Clear,Daylight,Car/Taxi,2,Wrong Overtaking,0,1,0,0,1,0,Low
2021,1,Saturday,9,AJK,Muzaffarabad,Rural Road,Average,Rainy,Daylight,Rickshaw,3,Road Condition,1,1,0,1,2,0,Low
2019,11,Thursday,14,Punjab,Multan,Rural Road,Poor,Rainy,No Light,Rickshaw,1,Over Speeding,0,0,0,1,1,0,Low
2018,3,Friday,19,Punjab,Faisalabad,Provincial Highway,Good,Dusty/Smoggy,Dawn/Dusk,Car/Taxi,1,Over Speeding,1,0,0,0,2,0,Medium
2019,4,Thursday,9,Punjab,Bahawalpur,Rural Road,Good,Clear,Daylight,Car/Taxi,2,Pedestrian Error,1,0,0,0,2,0,Low
2023,3,Thursday,9,KPK,Mardan,National Highway,Good,Clear,Daylight,Motorcycle,2,Mechanical Failure,1,0,0,0,7,1,High
2020,10,Thursday,16,Punjab,Sheikhupura,Provincial Highway,Poor,Extreme Heat,Daylight,Truck/Lorry,1,Wrong Overtaking,0,0,0,0,1,0,Low
2022,8,Saturday,22,KPK,Dera Ismail Khan,Provincial Highway,Average,Foggy,Street Light,Motorcycle,1,Signal Violation,0,1,1,0,10,1,High
2020,10,Tuesday,6,Sindh,Nawabshah,National Highway,Good,Clear,Daylight,Motorcycle,2,Signal Violation,0,0,0,0,6,4,High
2023,2,Friday,13,Punjab,Gujranwala,Provincial Highway,Average,Foggy,Daylight,Rickshaw,2,Signal Violation,1,0,0,1,0,0,Low
2022,3,Sunday,9,Punjab,Sheikhupura,Provincial Highway,Good,Extreme Heat,No Light,Motorcycle,2,Over Speeding,1,1,0,0,5,2,Medium
2021,9,Thursday,18,KPK,Mardan,Provincial Highway,Poor,Clear,Dawn/Dusk,Car/Taxi,2,Road Condition,1,0,0,0,2,0,Low
2019,7,Wednesday,9,Punjab,Lahore,National Highway,Poor,Clear,Daylight,Motorcycle,2,Wrong Overtaking,1,0,0,0,2,2,Medium
2023,3,Friday,13,Balochistan,Sibi,Provincial Highway,Poor,Clear,Daylight,Motorcycle,2,Driver Fatigue,1,0,0,0,5,1,Medium
2019,2,Friday,18,Punjab,Rahim Yar Khan,Urban Road,Poor,Rainy,Daylight,Rickshaw,2,Weather Condition,1,0,0,1,2,1,Low
2023,1,Monday,17,Sindh,Larkana,Rural Road,Average,Foggy,Daylight,Motorcycle,2,Pedestrian Error,1,0,0,1,1,0,Medium
2021,7,Thursday,7,KPK,Mardan,Urban Road,Average,Clear,Dawn/Dusk,Car/Taxi,2,Over Speeding,1,0,0,0,0,0,Low
2023,4,Sunday,17,Sindh,Nawabshah,Rural Road,Good,Clear,Street Light,Van/Pickup,1,Road Condition,1,1,0,0,2,1,Low
2023,12,Tuesday,19,Punjab,Lahore,National Highway,Poor,Clear,Dawn/Dusk,Motorcycle,1,Over Speeding,1,0,0,1,11,0,High
2021,2,Tuesday,19,Balochistan,Gwadar,Urban Road,Good,Clear,Dawn/Dusk,Motorcycle,1,Over Speeding,1,0,0,1,4,1,High
2018,3,Thursday,9,KPK,Swat,National Highway,Good,Clear,Daylight,Car/Taxi,2,Over Speeding,1,0,0,0,2,0,Medium
2022,3,Monday,18,Sindh,Kashmore,Provincial Highway,Under Repair,Rainy,Daylight,Car/Taxi,2,Signal Violation,1,0,0,0,1,0,Medium
2019,2,Wednesday,12,Sindh,Jacobabad,Rural Road,Average,Clear,No Light,Van/Pickup,1,Road Condition,1,0,0,1,1,0,Low
2023,7,Saturday,15,Sindh,Sukkur,Urban Road,Good,Foggy,Daylight,Car/Taxi,1,Over Speeding,0,1,0,0,4,1,Medium
2018,1,Thursday,21,Islamabad,Islamabad,Provincial Highway,Average,Clear,No Light,Car/Taxi,2,Signal Violation,0,0,0,1,1,0,Low
2022,12,Thursday,15,Balochistan,Chaman,National Highway,Average,Extreme Heat,Daylight,Motorcycle,3,Drunk Driving,0,0,0,1,11,2,High
2023,4,Tuesday,13,Punjab,Faisalabad,Provincial Highway,Poor,Clear,Street Light,Truck/Lorry,2,Over Speeding,1,0,0,0,8,2,High
2022,5,Thursday,21,Punjab,Multan,Rural Road,Poor,Foggy,No Light,Bus/Coach,2,Mobile Phone Use,0,0,0,0,1,1,Medium
2021,12,Thursday,21,AJK,Mirpur,National Highway,Average,Rainy,Street Light,Motorcycle,3,Road Condition,0,0,0,1,7,0,High
2018,5,Sunday,21,Punjab,Gujranwala,National Highway,Average,Dusty/Smoggy,No Light,Motorcycle,1,Wrong Overtaking,0,1,0,0,2,1,Medium
2021,12,Tuesday,22,Islamabad,Islamabad,National Highway,Good,Clear,No Light,Motorcycle,1,Weather Condition,0,0,1,1,11,4,High
2023,7,Monday,16,Sindh,Kashmore,Provincial Highway,Good,Foggy,Daylight,Bus/Coach,1,Driver Fatigue,0,0,0,0,5,1,Medium
2021,7,Sunday,19,Punjab,Bahawalpur,Urban Road,Average,Clear,Dawn/Dusk,Bus/Coach,4,Over Speeding,1,1,0,0,2,0,Medium
2020,6,Thursday,17,Punjab,Bahawalpur,Rural Road,Good,Clear,Daylight,Motorcycle,1,Road Condition,1,0,0,0,0,0,Low
2023,2,Tuesday,6,Sindh,Mirpur Khas,Provincial Highway,Good,Foggy,No Light,Car/Taxi,2,Road Condition,0,0,0,1,2,0,Medium
2020,8,Wednesday,14,KPK,Mansehra,National Highway,Average,Clear,Daylight,Car/Taxi,1,Wrong Overtaking,0,0,0,0,3,1,Medium
2021,10,Saturday,17,Punjab,Sheikhupura,Provincial Highway,Good,Rainy,No Light,Motorcycle,3,Over Speeding,1,1,0,0,10,1,High
2020,4,Friday,21,Punjab,Faisalabad,Motorway,Average,Clear,No Light,Car/Taxi,2,Wrong Overtaking,0,0,0,0,3,0,Medium
2023,1,Thursday,9,Islamabad,Islamabad,National Highway,Good,Clear,Daylight,Motorcycle,4,Signal Violation,1,0,0,1,4,0,Medium
2023,2,Monday,10,Punjab,Rawalpindi,Provincial Highway,Good,Foggy,Daylight,Bus/Coach,2,Pedestrian Error,0,0,0,1,1,0,Medium
2020,3,Friday,9,Sindh,Dadu,Rural Road,Average,Clear,Daylight,Truck/Lorry,1,Road Condition,1,0,0,0,1,0,Low
2020,8,Sunday,14,Sindh,Sukkur,Rural Road,Good,Rainy,Daylight,Car/Taxi,2,Over Speeding,0,1,0,0,2,0,Low
2020,3,Saturday,18,Punjab,Gujranwala,Urban Road,Under Repair,Dusty/Smoggy,Daylight,Car/Taxi,1,Wrong Overtaking,1,1,0,0,1,0,Low