year,month,day_of_week,hour_of_day,province,district,road_type,road_condition,weather_condition,lighting_condition,vehicle_type,vehicles_involved,accident_cause,is_rush_hour,is_weekend,is_night,is_foggy_month,num_injured,num_killed,severity
2018,1,Friday,6,Punjab,Rawalpindi,National Highway,Good,Foggy,Daylight,Rickshaw,2,Road Condition,0,0,0,1,4,0,Medium
2020,6,Friday,17,Punjab,Rahim Yar Khan,National Highway,Average,Clear,Dawn/Dusk,Van/Pickup,1,Signal Violation,1,0,0,0,1,0,Medium
2019,1,Monday,10,Punjab,Multan,National Highway,Average,Clear,Dawn/Dusk,Car/Taxi,3,Road Condition,0,0,0,1,2,0,Medium
2018,7,Sunday,11,Sindh,Sukkur,Urban Road,Average,Rainy,Daylight,Motorcycle,4,Over Speeding,0,1,0,0,10,1,High
2022,6,Saturday,13,Sindh,Kashmore,Motorway,Good,Clear,Daylight,Car/Taxi,2,Signal Violation,1,1,0,0,5,0,Medium
2022,7,Tuesday,19,KPK,Swat,Urban Road,Average,Clear,Dawn/Dusk,Car/Taxi,3,Wrong Overtaking,1,0,0,0,0,0,Low
2020,2,Wednesday,5,Sindh,Karachi,National Highway,Average,Dusty/Smoggy,Dawn/Dusk,Motorcycle,2,Signal Violation,0,0,1,1,4,2,High
2020,10,Thursday,8,Punjab,Bahawalpur,Provincial Highway,Good,Foggy,Daylight,Motorcycle,2,Signal Violation,1,0,0,0,1,0,Medium
2018,11,Friday,23,Punjab,Rahim Yar Khan,National Highway,Average,Clear,No Light,Car/Taxi,3,Wrong Overtaking,0,0,1,1,9,0,High
2023,8,Friday,10,Punjab,Sargodha,National Highway,Average,Foggy,Daylight,Motorcycle,2,Wrong Overtaking,0,0,0,0,10,1,High
2022,6,Saturday,7,Punjab,Sialkot,Provincial Highway,Good,Foggy,Daylight,Rickshaw,3,Pedestrian Error,1,1,0,0,2,1,Medium
2023,10,Friday,17,Islamabad,Islamabad,Provincial Highway,Average,Clear,Daylight,Bus/Coach,2,Drunk Driving,1,0,0,0,5,0,Medium
2018,8,Friday,15,Punjab,Sargodha,National Highway,Under Repair,Rainy,Street Light,Car/Taxi,3,Over Speeding,0,0,0,0,7,2,High
2019,11,Wednesday,12,Punjab,Bahawalpur,National Highway,Poor,Clear,No Light,Bicycle,2,Over Speeding,1,0,0,1,7,1,High
2022,12,Saturday,18,KPK,Peshawar,Provincial Highway,Average,Clear,Daylight,Rickshaw,2,Over Speeding,1,1,0,1,3,0,Medium
2023,3,Tuesday,13,KPK,Nowshera,Rural Road,Under Repair,Rainy,Daylight,Bus/Coach,2,Driver Fatigue,1,0,0,0,2,1,High
2018,1,Friday,19,Islamabad,Islamabad,Rural Road,Poor,Foggy,Dawn/Dusk,Car/Taxi,3,Signal Violation,1,0,0,1,0,1,Low
2023,5,Sunday,12,Punjab,Sheikhupura,Provincial Highway,Good,Rainy,Dawn/Dusk,Motorcycle,2,Over Speeding,1,1,0,0,6,2,High
2023,1,Tuesday,8,Punjab,Multan,National Highway,Poor,Clear,Daylight,Motorcycle,4,Road Condition,1,0,0,1,1,0,Medium
2020,11,Saturday,8,Punjab,Faisalabad,Rural Road,Average,Foggy,Daylight,Motorcycle,3,Signal Violation,1,1,0,1,4,0,High
2020,2,Saturday,18,Punjab,Lahore,Provincial Highway,Good,Clear,Daylight,Motorcycle,1,Drunk Driving,1,1,0,1,6,0,High
2023,1,Sunday,21,Sindh,Thatta,National Highway,Poor,Foggy,Street Light,Truck/Lorry,1,Road Condition,0,1,0,1,3,1,Medium
2021,1,Wednesday,10,Balochistan,Sibi,Provincial Highway,Poor,Clear,Daylight,Rickshaw,2,Over Speeding,0,0,0,1,0,1,Low
2023,4,Friday,19,KPK,Abbottabad,Urban Road,Good,Clear,No Light,Motorcycle,3,Wrong Overtaking,1,0,0,0,2,0,Medium
2021,10,Tuesday,10,Punjab,Bahawalpur,Provincial Highway,Good,Rainy,Daylight,Car/Taxi,2,Signal Violation,0,0,0,0,3,0,Medium
2023,5,Sunday,22,Punjab,Bahawalpur,Urban Road,Poor,Clear,No Light,Bus/Coach,4,Pedestrian Error,0,1,1,0,0,0,Low
2021,8,Sunday,13,Balochistan,Quetta,National Highway,Good,Foggy,No Light,Motorcycle,1,Over Speeding,1,1,0,0,5,2,High
2021,2,Friday,8,Sindh,Thatta,Provincial Highway,Average,Rainy,Street Light,Car/Taxi,2,Pedestrian Error,1,0,0,1,2,2,Medium
2020,4,Friday,10,Islamabad,Islamabad,Motorway,Good,Clear,Street Light,Bicycle,3,Road Condition,0,0,0,0,9,1,High
2021,8,Sunday,20,KPK,Mardan,Rural Road,Good,Clear,No Light,Motorcycle,1,Over Speeding,1,1,0,0,4,0,High
2021,9,Wednesday,18,Gilgit-Baltistan,Skardu,National Highway,Poor,Rainy,Daylight,Rickshaw,2,Wrong Overtaking,1,0,0,0,9,2,High
2018,10,Sunday,18,Balochistan,Gwadar,Urban Road,Poor,Foggy,Daylight,Car/Taxi,1,Wrong Overtaking,1,1,0,0,3,1,Medium
2019,10,Saturday,11,Punjab,Rahim Yar Khan,Rural Road,Good,Clear,No Light,Car/Taxi,2,Over Speeding,0,1,0,0,0,0,Low
2019,2,Thursday,10,KPK,Nowshera,National Highway,Average,Clear,Street Light,Motorcycle,3,Mechanical Failure,0,0,0,1,4,0,Medium
2023,5,Wednesday,9,Sindh,Hyderabad,Urban Road,Average,Clear,Daylight,Car/Taxi,2,Over Speeding,1,0,0,0,0,0,Low
2021,7,Tuesday,20,Punjab,Gujranwala,Urban Road,Good,Rainy,No Light,Motorcycle,2,Road Condition,1,0,0,0,1,0,Medium
2023,8,Friday,14,Punjab,Multan,National Highway,Poor,Foggy,Daylight,Car/Taxi,1,Signal Violation,0,0,0,0,9,1,High
2020,2,Tuesday,14,Punjab,Sialkot,Rural Road,Poor,Foggy,Dawn/Dusk,Car/Taxi,1,Pedestrian Error,0,0,0,1,1,1,Low
2020,5,Saturday,15,Punjab,Rawalpindi,Urban Road,Good,Extreme Heat,Daylight,Motorcycle,1,Over Speeding,0,1,0,0,4,1,Medium
2021,11,Friday,14,Punjab,Sheikhupura,National Highway,Under Repair,Dusty/Smoggy,Daylight,Bus/Coach,3,Over Speeding,0,0,0,1,5,0,Medium
2020,6,Tuesday,8,Sindh,Karachi,Provincial Highway,Good,Clear,Daylight,Bus/Coach,3,Road Condition,1,0,0,0,2,0,Low
2023,2,Sunday,12,Islamabad,Islamabad,Rural Road,Average,Clear,Daylight,Motorcycle,3,Pedestrian Error,1,1,0,1,0,0,Low
2023,12,Sunday,13,Sindh,Thatta,Urban Road,Average,Clear,Daylight,Motorcycle,2,Over Speeding,1,1,0,1,5,1,Medium
2020,4,Saturday,20,Punjab,Sialkot,Provincial Highway,Average,Rainy,Street Light,Car/Taxi,1,Over Speeding,1,1,0,0,2,2,Medium
2018,12,Wednesday,15,Punjab,Multan,Provincial Highway,Under Repair,Clear,Daylight,Car/Taxi,1,Mobile Phone Use,0,0,0,1,2,0,Low
2022,3,Tuesday,17,Punjab,Sheikhupura,Provincial Highway,Good,Rainy,Dawn/Dusk,Motorcycle,2,Pedestrian Error,1,0,0,0,4,2,High
2022,4,Saturday,5,Sindh,Karachi,Provincial Highway,Good,Clear,Street Light,Motorcycle,3,Road Condition,0,1,1,0,11,1,High
2020,11,Wednesday,8,Balochistan,Sibi,Provincial Highway,Good,Clear,Daylight,Car/Taxi,3,Over Speeding,1,0,0,1,1,1,Medium
2023,11,Friday,20,Punjab,Faisalabad,National Highway,Poor,Clear,Street Light,Car/Taxi,2,Over Speeding,1,0,0,1,5,2,Medium
2021,5,Saturday,8,Sindh,Nawabshah,Rural Road,Poor,Foggy,Daylight,Car/Taxi,1,Mechanical Failure,1,1,0,0,0,0,Low
2020,10,Saturday,22,KPK,Charsadda,Motorway,Average,Rainy,Street Light,Motorcycle,4,Mechanical Failure,0,1,1,0,2,1,High
2020,7,Wednesday,8,Punjab,Faisalabad,Provincial Highway,Good,Clear,No Light,Rickshaw,2,Drunk Driving,1,0,0,0,5,1,Medium
2023,11,Wednesday,1,Punjab,Gujranwala,Motorway,Average,Clear,No Light,Car/Taxi,2,Pedestrian Error,0,0,1,1,4,2,Medium
2021,2,Saturday,9,KPK,Dera Ismail Khan,Provincial Highway,Poor,Clear,Daylight,Motorcycle,3,Over Speeding,1,1,0,1,8,0,High
2022,7,Monday,5,KPK,Dera Ismail Khan,Provincial Highway,Average,Rainy,Dawn/Dusk,Car/Taxi,2,Pedestrian Error,0,0,1,0,3,1,Medium
2018,6,Thursday,14,Punjab,Multan,Rural Road,Good,Foggy,Daylight,Motorcycle,2,Over Speeding,0,0,0,0,3,3,High
2019,5,Sunday,18,Punjab,Gujranwala,Motorway,Good,Clear,Daylight,Motorcycle,1,Over Speeding,1,1,0,0,8,0,High
2019,4,Thursday,10,KPK,Dera Ismail Khan,National Highway,Good,Clear,Daylight,Truck/Lorry,2,Mechanical Failure,0,0,0,0,1,2,Medium
2023,6,Friday,21,Punjab,Multan,Rural Road,Poor,Clear,No Light,Rickshaw,2,Over Speeding,0,0,0,0,0,0,Low
2022,5,Monday,13,KPK,Abbottabad,National Highway,Good,Clear,Daylight,Car/Taxi,2,Over Speeding,1,0,0,0,3,1,Medium
2023,9,Friday,3,Punjab,Multan,Urban Road,Good,Clear,No Light,Motorcycle,2,Signal Violation,0,0,1,0,4,1,Medium
2023,8,Sunday,3,Punjab,Gujranwala,Rural Road,Good,Clear,Street Light,Car/Taxi,1,Signal Violation,0,1,1,0,0,0,Low
2020,1,Friday,15,Punjab,Lahore,Provincial Highway,Poor,Clear,Daylight,Car/Taxi,1,Pedestrian Error,0,0,0,1,0,0,Low
2023,10,Sunday,9,Islamabad,Islamabad,National Highway,Average,Foggy,Daylight,Rickshaw,2,Driver Fatigue,1,1,0,0,6,0,High
2018,3,Thursday,14,KPK,Swat,Rural Road,Average,Dusty/Smoggy,Daylight,Bus/Coach,1,Over Speeding,0,0,0,0,2,0,Low
2018,9,Monday,15,Balochistan,Sibi,Rural Road,Average,Clear,No Light,Motorcycle,2,Over Speeding,0,0,0,0,10,1,High
2021,6,Sunday,13,Sindh,Thatta,National Highway,Poor,Clear,Daylight,Motorcycle,3,Over Speeding,1,1,0,0,3,2,High
2023,7,Tuesday,14,KPK,Kohat,Provincial Highway,Good,Clear,Daylight,Bus/Coach,1,Mobile Phone Use,0,0,0,0,5,0,Medium
2019,9,Tuesday,8,Balochistan,Khuzdar,Urban Road,Poor,Clear,Daylight,Rickshaw,1,Road Condition,1,0,0,0,0,0,Low
2019,12,Monday,15,Punjab,Faisalabad,Provincial Highway,Poor,Dusty/Smoggy,Daylight,Motorcycle,3,Signal Violation,0,0,0,1,2,0,Medium
2023,5,Wednesday,21,Gilgit-Baltistan,Gilgit,Rural Road,Average,Clear,No Light,Motorcycle,3,Mechanical Failure,0,0,0,0,0,0,Low
2018,4,Sunday,11,Balochistan,Chaman,National Highway,Under Repair,Clear,Daylight,Car/Taxi,1,Drunk Driving,0,1,0,0,4,1,High
2018,3,Saturday,21,AJK,Muzaffarabad,Urban Road,Good,Clear,Street Light,Motorcycle,2,Road Condition,0,1,0,0,0,0,Low
2018,8,Tuesday,20,Balochistan,Loralai,Rural Road,Average,Clear,Street Light,Car/Taxi,2,Over Speeding,1,0,0,0,2,0,Low
2023,9,Saturday,19,KPK,Peshawar,National Highway,Good,Rainy,Daylight,Motorcycle,2,Driver Fatigue,1,1,0,0,5,1,High
2022,8,Thursday,15,Islamabad,Islamabad,Urban Road,Good,Clear,Daylight,Motorcycle,2,Road Condition,0,0,0,0,3,1,Medium
2023,2,Wednesday,10,Punjab,Sialkot,Provincial Highway,Average,Rainy,Daylight,Van/Pickup,4,Drunk Driving,0,0,0,1,1,0,Medium
2023,6,Sunday,0,KPK,Dera Ismail Khan,Provincial Highway,Poor,Clear,No Light,Car/Taxi,3,Over Speeding,0,1,1,0,4,0,Medium
2023,1,Monday,19,Punjab,Sheikhupura,Provincial Highway,Under Repair,Rainy,Street Light,Bus/Coach,2,Over Speeding,1,0,0,1,9,0,High
2023,6,Wednesday,23,KPK,Nowshera,Urban Road,Good,Clear,No Light,Car/Taxi,2,Road Condition,0,0,1,0,0,0,Low
2022,10,Thursday,18,KPK,Kohat,Urban Road,Average,Clear,Street Light,Car/Taxi,1,Over Speeding,1,0,0,0,4,0,Medium
2022,4,Tuesday,20,KPK,Mansehra,Provincial Highway,Under Repair,Clear,No Light,Motorcycle,1,Over Speeding,1,0,0,0,6,1,High
2022,3,Tuesday,10,Balochistan,Loralai,Rural Road,Poor,Clear,Daylight,Car/Taxi,2,Signal Violation,0,0,0,0,2,0,Low
2021,7,Thursday,7,Punjab,Sialkot,National Highway,Average,Clear,Daylight,Motorcycle,2,Over Speeding,1,0,0,0,5,1,High
2019,6,Monday,13,Sindh,Mirpur Khas,Rural Road,Average,Foggy,Daylight,Rickshaw,4,Driver Fatigue,1,0,0,0,4,0,Medium
2022,12,Thursday,8,Punjab,Faisalabad,Rural Road,Average,Clear,Daylight,Car/Taxi,2,Over Speeding,1,0,0,1,2,2,Medium
2022,10,Tuesday,20,Punjab,Rawalpindi,National Highway,Average,Clear,Street Light,Car/Taxi,1,Signal Violation,1,0,0,0,3,2,Medium
2019,2,Tuesday,10,Sindh,Larkana,Provincial Highway,Good,Foggy,Daylight,Motorcycle,1,Mechanical Failure,0,0,0,1,5,0,Medium
2020,7,Wednesday,19,Sindh,Mirpur Khas,Urban Road,Average,Foggy,No Light,Motorcycle,3,Wrong Overtaking,1,0,0,0,4,1,Medium
2022,3,Sunday,21,Punjab,Lahore,Urban Road,Good,Clear,Street Light,Car/Taxi,1,Road Condition,0,1,0,0,2,0,Low
2021,12,Saturday,23,Punjab,Rahim Yar Khan,Rural Road,Average,Clear,Street Light,Van/Pickup,2,Signal Violation,0,1,1,1,2,0,Low
2020,5,Tuesday,17,Punjab,Sargodha,Motorway,Poor,Rainy,Daylight,Car/Taxi,2,Wrong Overtaking,1,0,0,0,3,0,Medium
2022,5,Thursday,6,KPK,Charsadda,National Highway,Good,Rainy,Daylight,Van/Pickup,1,Pedestrian Error,0,0,0,0,5,2,Medium
2023,11,Wednesday,19,Sindh,Jacobabad,Urban Road,Poor,Clear,Dawn/Dusk,Bus/Coach,1,Mobile Phone Use,1,0,0,1,2,0,Low
2020,3,Thursday,17,Punjab,Gujranwala,Urban Road,Poor,Clear,Street Light,Bus/Coach,2,Mechanical Failure,1,0,0,0,0,0,Low
2022,8,Sunday,13,KPK,Peshawar,Provincial Highway,Under Repair,Clear,Dawn/Dusk,Bus/Coach,2,Wrong Overtaking,1,1,0,0,2,1,Medium
2022,11,Saturday,12,Punjab,Sheikhupura,National Highway,Under Repair,Foggy,No Light,Motorcycle,3,Driver Fatigue,1,1,0,1,8,2,High
2018,10,Saturday,19,KPK,Mardan,Urban Road,Average,Foggy,Dawn/Dusk,Van/Pickup,2,Signal Violation,1,1,0,0,5,1,Medium
2021,9,Saturday,15,Punjab,Rahim Yar Khan,Provincial Highway,Under Repair,Clear,Street Light,Rickshaw,2,Road Condition,0,1,0,0,0,0,Low
2019,5,Saturday,18,Gilgit-Baltistan,Gilgit,National Highway,Good,Clear,Daylight,Motorcycle,1,Over Speeding,1,1,0,0,11,0,High
2018,6,Tuesday,20,Punjab,Faisalabad,National Highway,Average,Foggy,Street Light,Motorcycle,1,Drunk Driving,1,0,0,0,6,0,High
2023,7,Thursday,17,KPK,Swat,Provincial Highway,Under Repair,Clear,Street Light,Motorcycle,2,Over Speeding,1,0,0,0,5,2,Medium
2021,6,Tuesday,10,Sindh,Hyderabad,National Highway,Good,Clear,Daylight,Car/Taxi,1,Pedestrian Error,0,0,0,0,4,1,Medium
2020,9,Wednesday,19,Punjab,Sialkot,Urban Road,Average,Rainy,No Light,Car/Taxi,3,Pedestrian Error,1,0,0,0,1,0,Low
2022,6,Wednesday,4,Punjab,Bahawalpur,Urban Road,Under Repair,Clear,No Light,Car/Taxi,1,Signal Violation,0,0,1,0,0,0,Low
2020,11,Monday,5,Punjab,Sheikhupura,National Highway,Good,Clear,No Light,Rickshaw,1,Road Condition,0,0,1,1,1,2,Medium
2018,1,Saturday,15,KPK,Charsadda,Motorway,Under Repair,Clear,Daylight,Motorcycle,2,Over Speeding,0,1,0,1,11,2,High
2023,8,Monday,17,Punjab,Bahawalpur,National Highway,Good,Clear,No Light,Truck/Lorry,1,Signal Violation,1,0,0,0,5,0,Medium
2019,12,Tuesday,22,KPK,Bannu,Provincial Highway,Good,Dusty/Smoggy,No Light,Motorcycle,3,Signal Violation,0,0,1,1,5,0,High
2021,4,Friday,16,Sindh,Thatta,Provincial Highway,Good,Foggy,Daylight,Motorcycle,3,Drunk Driving,0,0,0,0,7,3,High
2019,12,Friday,15,Punjab,Faisalabad,Urban Road,Average,Foggy,Daylight,Car/Taxi,2,Pedestrian Error,0,0,0,1,2,0,Low
2020,6,Tuesday,19,Punjab,Sargodha,Rural Road,Good,Clear,No Light,Car/Taxi,2,Over Speeding,1,0,0,0,5,0,Medium
2022,5,Sunday,11,Balochistan,Khuzdar,Urban Road,Good,Rainy,Daylight,Motorcycle,2,Signal Violation,0,1,0,0,4,1,Medium
2023,7,Sunday,12,Punjab,Lahore,National Highway,Average,Clear,Daylight,Car/Taxi,2,Mechanical Failure,1,1,0,0,1,1,Low
2019,5,Tuesday,18,Punjab,Rahim Yar Khan,Rural Road,Good,Rainy,Daylight,Car/Taxi,1,Wrong Overtaking,1,0,0,0,2,0,Medium
2023,5,Monday,6,KPK,Bannu,National Highway,Average,Foggy,Dawn/Dusk,Car/Taxi,2,Drunk Driving,0,0,0,0,5,1,High
2022,2,Wednesday,7,Punjab,Bahawalpur,Urban Road,Good,Clear,Daylight,Motorcycle,3,Road Condition,1,0,0,1,2,1,Low
2021,7,Sunday,20,Sindh,Nawabshah,Rural Road,Average,Clear,No Light,Van/Pickup,1,Over Speeding,1,1,0,0,0,0,Low
2021,12,Tuesday,16,Punjab,Faisalabad,Rural Road,Poor,Foggy,Daylight,Bus/Coach,2,Pedestrian Error,0,0,0,1,1,0,Low
2023,2,Wednesday,5,Gilgit-Baltistan,Hunza,National Highway,Average,Dusty/Smoggy,Daylight,Car/Taxi,1,Pedestrian Error,0,0,1,1,3,0,Medium
2022,7,Sunday,17,Sindh,Karachi,National Highway,Average,Rainy,Daylight,Motorcycle,2,Wrong Overtaking,1,1,0,0,5,0,High
2022,9,Thursday,20,Gilgit-Baltistan,Skardu,Rural Road,Under Repair,Clear,Street Light,Motorcycle,1,Mobile Phone Use,1,0,0,0,2,0,Low
2021,3,Friday,19,Punjab,Sialkot,Provincial Highway,Poor,Clear,No Light,Motorcycle,2,Signal Violation,1,0,0,0,7,1,High
2022,6,Friday,21,Punjab,Gujranwala,Urban Road,Average,Clear,No Light,Motorcycle,4,Wrong Overtaking,0,0,0,0,4,0,Medium
2022,11,Tuesday,9,Balochistan,Turbat,Rural Road,Poor,Clear,Daylight,Rickshaw,3,Wrong Overtaking,1,0,0,1,2,0,Low
2018,3,Sunday,22,Punjab,Lahore,Provincial Highway,Poor,Clear,No Light,Motorcycle,4,Wrong Overtaking,0,1,1,0,9,2,High
2023,8,Saturday,3,Sindh,Sukkur,Motorway,Average,Clear,No Light,Motorcycle,1,Drunk Driving,0,1,1,0,8,2,High
2022,6,Sunday,10,Punjab,Gujranwala,National Highway,Average,Clear,Daylight,Motorcycle,3,Over Speeding,0,1,0,0,4,0,High
2023,1,Sunday,10,Islamabad,Islamabad,Provincial Highway,Poor,Foggy,Daylight,Rickshaw,2,Wrong Overtaking,0,1,0,1,5,1,Medium
2023,6,Monday,7,Punjab,Sheikhupura,National Highway,Good,Clear,Daylight,Motorcycle,3,Pedestrian Error,1,0,0,0,5,0,Medium
2021,4,Saturday,13,KPK,Charsadda,National Highway,Average,Clear,Daylight,Car/Taxi,1,Over Speeding,1,1,0,0,2,1,Medium
2021,1,Tuesday,13,Sindh,Dadu,Provincial Highway,Average,Clear,Daylight,Car/Taxi,1,Mechanical Failure,1,0,0,1,1,0,Low
2022,3,Thursday,19,Punjab,Gujranwala,Provincial Highway,Good,Clear,Daylight,Rickshaw,2,Road Condition,1,0,0,0,0,0,Low
2021,4,Saturday,9,Punjab,Multan,Rural Road,Average,Foggy,Daylight,Motorcycle,2,Road Condition,1,1,0,0,2,0,Low
2020,6,Monday,17,Islamabad,Islamabad,Urban Road,Average,Clear,Dawn/Dusk,Motorcycle,2,Over Speeding,1,0,0,0,6,0,High
2019,8,Sunday,15,KPK,Abbottabad,Urban Road,Good,Clear,No Light,Car/Taxi,2,Driver Fatigue,0,1,0,0,2,0,Medium
2023,6,Friday,17,KPK,Abbottabad,Urban Road,Good,Dusty/Smoggy,Dawn/Dusk,Truck/Lorry,1,Mechanical Failure,1,0,0,0,0,0,Low
2023,3,Saturday,11,Sindh,Larkana,Urban Road,Average,Rainy,Dawn/Dusk,Van/Pickup,2,Mobile Phone Use,0,1,0,0,2,0,Low
2022,2,Thursday,15,Punjab,Gujranwala,National Highway,Good,Clear,Daylight,Motorcycle,1,Driver Fatigue,0,0,0,1,7,2,High
2020,2,Friday,14,KPK,Dera Ismail Khan,Urban Road,Under Repair,Rainy,Daylight,Motorcycle,1,Mobile Phone Use,0,0,0,1,0,0,Low
2020,12,Sunday,6,Sindh,Jacobabad,Urban Road,Poor,Rainy,Daylight,Motorcycle,1,Signal Violation,0,1,0,1,6,3,High
2021,5,Wednesday,8,KPK,Bannu,Rural Road,Under Repair,Foggy,Daylight,Car/Taxi,3,Mobile Phone Use,1,0,0,0,0,0,Low
2021,8,Saturday,20,Punjab,Multan,Provincial Highway,Good,Clear,No Light,Car/Taxi,2,Wrong Overtaking,1,1,0,0,2,0,Medium
2023,7,Wednesday,13,AJK,Muzaffarabad,Provincial Highway,Under Repair,Dusty/Smoggy,Daylight,Motorcycle,1,Pedestrian Error,1,0,0,0,0,0,Low
2023,5,Wednesday,13,Punjab,Gujranwala,National Highway,Good,Clear,Daylight,Car/Taxi,2,Pedestrian Error,1,0,0,0,2,0,Low
2023,2,Thursday,10,Punjab,Multan,Urban Road,Average,Clear,Daylight,Rickshaw,2,Over Speeding,0,0,0,1,5,2,Medium
2018,2,Tuesday,21,Balochistan,Khuzdar,Provincial Highway,Good,Rainy,No Light,Car/Taxi,2,Pedestrian Error,0,0,0,1,3,0,Medium
2021,2,Tuesday,18,Sindh,Jacobabad,Urban Road,Average,Dusty/Smoggy,Daylight,Motorcycle,2,Signal Violation,1,0,0,1,1,0,Low
2020,9,Friday,5,Punjab,Gujranwala,Rural Road,Poor,Clear,Dawn/Dusk,Motorcycle,2,Over Speeding,0,0,1,0,8,2,High
2021,1,Thursday,21,KPK,Mardan,Rural Road,Poor,Foggy,Street Light,Car/Taxi,2,Mechanical Failure,0,0,0,1,1,0,Low
2023,3,Monday,11,Sindh,Dadu,Urban Road,Good,Clear,Daylight,Motorcycle,2,Over Speeding,0,0,0,0,5,0,Medium
2023,7,Saturday,16,Punjab,Lahore,National Highway,Under Repair,Clear,Street Light,Motorcycle,1,Over Speeding,0,1,0,0,6,0,High
2020,12,Thursday,12,Sindh,Larkana,Provincial Highway,Good,Clear,Daylight,Car/Taxi,2,Pedestrian Error,1,0,0,1,0,0,Low
2021,7,Thursday,15,Punjab,Sargodha,Rural Road,Poor,Extreme Heat,Street Light,Car/Taxi,1,Signal Violation,0,0,0,0,2,0,Low
2021,9,Friday,10,Punjab,Bahawalpur,Urban Road,Good,Rainy,Daylight,Car/Taxi,4,Pedestrian Error,0,0,0,0,1,0,Low
2021,1,Friday,19,Punjab,Rahim Yar Khan,Urban Road,Poor,Clear,Dawn/Dusk,Car/Taxi,1,Road Condition,1,0,0,1,2,0,Low
2022,12,Saturday,11,Sindh,Nawabshah,Urban Road,Poor,Clear,Daylight,Motorcycle,2,Signal Violation,0,1,0,1,0,0,Low
2023,3,Thursday,12,Punjab,Sargodha,National Highway,Poor,Foggy,Daylight,Car/Taxi,2,Wrong Overtaking,1,0,0,0,3,2,High
2018,6,Saturday,13,Balochistan,Sibi,Urban Road,Good,Clear,Daylight,Motorcycle,2,Drunk Driving,1,1,0,0,1,1,Medium
2023,4,Tuesday,3,Sindh,Nawabshah,National Highway,Good,Rainy,Street Light,Motorcycle,1,Driver Fatigue,0,0,1,0,9,2,High
2021,5,Tuesday,22,Punjab,Sargodha,Urban Road,Average,Clear,No Light,Motorcycle,2,Over Speeding,0,0,1,0,9,1,High
2020,11,Wednesday,18,KPK,Mardan,Urban Road,Poor,Extreme Heat,Daylight,Motorcycle,4,Signal Violation,1,0,0,1,0,0,Low
2018,2,Saturday,14,KPK,Nowshera,National Highway,Average,Clear,No Light,Car/Taxi,3,Mobile Phone Use,0,1,0,1,1,0,Low
2023,8,Saturday,17,Sindh,Jacobabad,Urban Road,Average,Dusty/Smoggy,Daylight,Bus/Coach,2,Signal Violation,1,1,0,0,1,1,Medium
2018,2,Friday,8,Punjab,Faisalabad,Urban Road,Average,Foggy,Daylight,Car/Taxi,2,Wrong Overtaking,1,0,0,1,2,0,Low
2021,4,Friday,17,Punjab,Gujranwala,Provincial Highway,Good,Clear,Daylight,Motorcycle,2,Over Speeding,1,0,0,0,2,0,High
2020,11,Friday,10,Balochistan,Gwadar,Urban Road,Good,Clear,Daylight,Car/Taxi,1,Road Condition,0,0,0,1,0,0,Low
2020,9,Tuesday,15,Punjab,Sargodha,Provincial Highway,Average,Clear,Daylight,Truck/Lorry,2,Wrong Overtaking,0,0,0,0,2,1,Low
2021,12,Saturday,19,Punjab,Multan,Rural Road,Good,Clear,Dawn/Dusk,Van/Pickup,3,Over Speeding,1,1,0,1,2,0,Low
2019,10,Thursday,10,Sindh,Dadu,Urban Road,Poor,Foggy,Daylight,Car/Taxi,2,Over Speeding,0,0,0,0,4,0,Medium
2021,12,Friday,20,Punjab,Sheikhupura,Provincial Highway,Good,Dusty/Smoggy,No Light,Car/Taxi,2,Over Speeding,1,0,0,1,5,1,Medium
2022,2,Saturday,18,Gilgit-Baltistan,Gilgit,Rural Road,Good,Dusty/Smoggy,Daylight,Car/Taxi,2,Road Condition,1,1,0,1,2,0,Low
2022,8,Thursday,9,Balochistan,Hub,Urban Road,Good,Dusty/Smoggy,Daylight,Bus/Coach,2,Driver Fatigue,1,0,0,0,2,2,Medium
2021,12,Tuesday,18,Sindh,Thatta,Provincial Highway,Good,Clear,Street Light,Truck/Lorry,2,Wrong Overtaking,1,0,0,1,4,2,Medium
2022,6,Thursday,17,KPK,Abbottabad,National Highway,Good,Rainy,Daylight,Car/Taxi,2,Wrong Overtaking,1,0,0,0,2,1,Medium
2021,3,Thursday,5,Sindh,Larkana,National Highway,Poor,Rainy,Dawn/Dusk,Motorcycle,2,Driver Fatigue,0,0,1,0,6,1,High
2023,8,Tuesday,22,KPK,Mardan,Urban Road,Good,Rainy,No Light,Van/Pickup,2,Over Speeding,0,0,1,0,2,0,Medium
2022,5,Sunday,13,Sindh,Sukkur,National Highway,Good,Foggy,Daylight,Motorcycle,1,Signal Violation,1,1,0,0,8,4,High
2019,8,Monday,17,Punjab,Multan,Rural Road,Good,Rainy,Daylight,Motorcycle,2,Mechanical Failure,1,0,0,0,3,0,Medium
2022,1,Wednesday,12,Islamabad,Islamabad,National Highway,Poor,Foggy,Daylight,Bus/Coach,2,Driver Fatigue,1,0,0,1,11,3,High
2021,7,Friday,7,Balochistan,Sibi,National Highway,Good,Clear,No Light,Motorcycle,2,Over Speeding,1,0,0,0,4,1,High
2021,6,Sunday,9,Islamabad,Islamabad,Provincial Highway,Average,Clear,Daylight,Car/Taxi,2,Road Condition,1,1,0,0,0,0,Low
2020,6,Sunday,13,KPK,Swat,Urban Road,Average,Clear,Daylight,Car/Taxi,1,Signal Violation,1,1,0,0,0,0,Low
2023,8,Tuesday,19,Punjab,Lahore,Provincial Highway,Good,Dusty/Smoggy,Dawn/Dusk,Bus/Coach,1,Wrong Overtaking,1,0,0,0,3,0,Medium