year,month,day_of_week,hour_of_day,province,district,road_type,road_condition,weather_condition,lighting_condition,vehicle_type,vehicles_involved,accident_cause,is_rush_hour,is_weekend,is_night,is_foggy_month,num_injured,num_killed,severity
2020,6,Thursday,13,Punjab,Faisalabad,Provincial Highway,Average,Dusty/Smoggy,Daylight,Car/Taxi,3,Wrong Overtaking,1,0,0,0,2,0,Low
2021,9,Saturday,1,Punjab,Sargodha,National Highway,Good,Clear,Street Light,Motorcycle,1,Road Condition,0,1,1,0,2,1,Medium
2022,4,Saturday,7,Punjab,Faisalabad,National Highway,Average,Clear,Dawn/Dusk,Motorcycle,1,Wrong Overtaking,1,1,0,0,1,0,Medium
2023,11,Friday,10,Punjab,Rawalpindi,Rural Road,Poor,Clear,Street Light,Rickshaw,2,Mechanical Failure,0,0,0,1,2,0,Low
2020,3,Friday,8,Sindh,Kashmore,Provincial Highway,Average,Clear,Dawn/Dusk,Motorcycle,3,Over Speeding,1,0,0,0,7,2,High
2023,7,Thursday,17,KPK,Abbottabad,Rural Road,Average,Clear,Daylight,Rickshaw,2,Over Speeding,1,0,0,0,1,0,Low
2019,1,Monday,12,Punjab,Bahawalpur,National Highway,Average,Rainy,Daylight,Motorcycle,1,Over Speeding,1,0,0,1,7,0,High
2021,7,Saturday,21,Sindh,Jacobabad,National Highway,Good,Clear,No Light,Motorcycle,3,Road Condition,0,1,0,0,8,2,High
2021,6,Sunday,21,Punjab,Lahore,Motorway,Good,Clear,No Light,Car/Taxi,1,Pedestrian Error,0,1,0,0,1,0,Low
2022,11,Sunday,10,KPK,Charsadda,Urban Road,Good,Dusty/Smoggy,Daylight,Motorcycle,1,Wrong Overtaking,0,1,0,1,1,0,Medium
2018,12,Sunday,17,AJK,Rawalakot,Motorway,Poor,Rainy,Daylight,Bicycle,1,Drunk Driving,1,1,0,1,4,1,High
2019,10,Friday,11,KPK,Kohat,National Highway,Average,Clear,Daylight,Bus/Coach,1,Pedestrian Error,0,0,0,0,3,0,Medium
2019,3,Friday,7,Punjab,Sargodha,Rural Road,Poor,Dusty/Smoggy,Daylight,Car/Taxi,2,Wrong Overtaking,1,0,0,0,0,1,Low
2018,6,Wednesday,18,Sindh,Sukkur,Urban Road,Good,Extreme Heat,Daylight,Motorcycle,1,Signal Violation,1,0,0,0,2,0,Medium
2021,1,Saturday,20,KPK,Charsadda,National Highway,Good,Clear,No Light,Rickshaw,2,Pedestrian Error,1,1,0,1,2,0,Medium
2018,9,Saturday,13,Sindh,Thatta,Rural Road,Good,Clear,Street Light,Car/Taxi,2,Wrong Overtaking,1,1,0,0,0,1,Low
2018,7,Sunday,19,Islamabad,Islamabad,Provincial Highway,Average,Clear,Dawn/Dusk,Car/Taxi,2,Mechanical Failure,1,1,0,0,2,0,Low
2023,8,Sunday,16,Punjab,Sheikhupura,Provincial Highway,Good,Rainy,Daylight,Car/Taxi,2,Drunk Driving,0,1,0,0,1,2,Medium
2022,12,Wednesday,3,Punjab,Sialkot,Rural Road,Good,Foggy,No Light,Motorcycle,2,Over Speeding,0,0,1,1,9,0,High
2022,11,Monday,22,Punjab,Faisalabad,Provincial Highway,Under Repair,Dusty/Smoggy,Street Light,Truck/Lorry,1,Road Condition,0,0,1,1,2,0,Low
2023,7,Wednesday,16,KPK,Charsadda,Provincial Highway,Average,Rainy,Daylight,Motorcycle,2,Wrong Overtaking,0,0,0,0,5,2,High
2018,12,Wednesday,19,Sindh,Kashmore,National Highway,Poor,Rainy,Daylight,Motorcycle,1,Over Speeding,1,0,0,1,6,1,High
2023,3,Thursday,22,Punjab,Faisalabad,Provincial Highway,Good,Clear,No Light,Motorcycle,2,Over Speeding,0,0,1,0,8,1,High
2022,11,Friday,11,Punjab,Sheikhupura,National Highway,Good,Clear,Street Light,Motorcycle,1,Mechanical Failure,0,0,0,1,10,1,High
2022,4,Tuesday,18,Sindh,Hyderabad,Urban Road,Good,Foggy,No Light,Motorcycle,1,Mechanical Failure,1,0,0,0,4,0,Medium
2021,10,Thursday,14,Gilgit-Baltistan,Hunza,Provincial Highway,Poor,Clear,Daylight,Motorcycle,4,Wrong Overtaking,0,0,0,0,3,1,Medium
2021,6,Tuesday,8,Punjab,Sargodha,Urban Road,Poor,Clear,Daylight,Motorcycle,4,Mechanical Failure,1,0,0,0,1,0,Low
2023,10,Tuesday,10,Punjab,Rawalpindi,Rural Road,Average,Clear,Daylight,Motorcycle,1,Pedestrian Error,0,0,0,0,5,1,Medium
2023,9,Monday,22,Sindh,Karachi,Urban Road,Average,Clear,No Light,Car/Taxi,2,Over Speeding,0,0,1,0,3,2,Medium
2023,4,Wednesday,13,Punjab,Bahawalpur,National Highway,Average,Clear,Daylight,Motorcycle,3,Signal Violation,1,0,0,0,6,1,High
2019,7,Tuesday,21,Sindh,Jacobabad,Provincial Highway,Average,Foggy,No Light,Motorcycle,2,Wrong Overtaking,0,0,0,0,3,0,High
2023,10,Friday,19,Sindh,Sukkur,National Highway,Average,Clear,Dawn/Dusk,Rickshaw,3,Over Speeding,1,0,0,0,3,0,Medium
2019,4,Friday,11,KPK,Peshawar,Rural Road,Good,Rainy,Daylight,Van/Pickup,2,Mechanical Failure,0,0,0,0,2,0,Low
2021,7,Friday,9,Balochistan,Dera Bugti,Provincial Highway,Under Repair,Dusty/Smoggy,Daylight,Car/Taxi,3,Over Speeding,1,0,0,0,1,0,Medium
2022,10,Monday,17,Punjab,Multan,Provincial Highway,Poor,Rainy,Daylight,Motorcycle,1,Pedestrian Error,1,0,0,0,4,1,Medium
2019,3,Wednesday,0,KPK,Kohat,Rural Road,Average,Rainy,No Light,Rickshaw,4,Wrong Overtaking,0,0,1,0,1,0,Low
2018,11,Friday,11,Islamabad,Islamabad,Provincial Highway,Poor,Clear,Dawn/Dusk,Car/Taxi,1,Wrong Overtaking,0,0,0,1,2,1,Medium
2020,8,Saturday,10,Punjab,Rawalpindi,Provincial Highway,Good,Clear,Daylight,Car/Taxi,1,Wrong Overtaking,0,1,0,0,2,1,Medium
2023,8,Friday,19,Punjab,Gujranwala,Motorway,Average,Dusty/Smoggy,Dawn/Dusk,Car/Taxi,3,Wrong Overtaking,1,0,0,0,2,0,Low
2022,9,Monday,10,KPK,Peshawar,National Highway,Good,Clear,Daylight,Bicycle,2,Mobile Phone Use,0,0,0,0,2,0,Medium
2023,2,Thursday,16,KPK,Nowshera,Provincial Highway,Good,Clear,Daylight,Bus/Coach,2,Mobile Phone Use,0,0,0,1,0,0,Low
2021,7,Thursday,11,Punjab,Faisalabad,Urban Road,Average,Clear,Daylight,Bicycle,3,Over Speeding,0,0,0,0,5,0,Medium
2020,7,Sunday,20,Sindh,Mirpur Khas,Provincial Highway,Under Repair,Dusty/Smoggy,Street Light,Motorcycle,2,Drunk Driving,1,1,0,0,10,1,High
2021,3,Wednesday,19,Sindh,Kashmore,Provincial Highway,Under Repair,Clear,Dawn/Dusk,Rickshaw,1,Signal Violation,1,0,0,0,0,0,Low
2021,5,Saturday,18,Punjab,Faisalabad,National Highway,Under Repair,Clear,Daylight,Rickshaw,2,Wrong Overtaking,1,1,0,0,3,0,Medium
2020,10,Friday,2,KPK,Charsadda,National Highway,Good,Clear,No Light,Motorcycle,2,Pedestrian Error,0,0,1,0,2,0,Medium
2020,6,Thursday,2,KPK,Abbottabad,Rural Road,Poor,Clear,No Light,Car/Taxi,1,Signal Violation,0,0,1,0,0,0,Low
2023,7,Saturday,7,Balochistan,Quetta,National Highway,Good,Clear,Daylight,Motorcycle,4,Over Speeding,1,1,0,0,9,0,High
2021,8,Saturday,16,Sindh,Nawabshah,Urban Road,Average,Clear,Dawn/Dusk,Truck/Lorry,2,Pedestrian Error,0,1,0,0,2,0,Low
2022,5,Sunday,13,Sindh,Thatta,National Highway,Under Repair,Clear,Daylight,Motorcycle,2,Over Speeding,1,1,0,0,3,1,High
2018,7,Thursday,9,Sindh,Jacobabad,Provincial Highway,Poor,Foggy,Street Light,Motorcycle,2,Drunk Driving,1,0,0,0,2,2,High
2023,7,Friday,11,Punjab,Sialkot,Urban Road,Average,Clear,Daylight,Car/Taxi,3,Over Speeding,0,0,0,0,3,1,Medium
2019,4,Sunday,9,KPK,Kohat,Provincial Highway,Good,Clear,No Light,Rickshaw,2,Wrong Overtaking,1,1,0,0,0,0,Low
2019,8,Friday,5,KPK,Charsadda,Provincial Highway,Average,Rainy,Dawn/Dusk,Car/Taxi,2,Over Speeding,0,0,1,0,5,0,Medium
2019,8,Saturday,17,KPK,Dera Ismail Khan,Motorway,Average,Foggy,Daylight,Car/Taxi,2,Drunk Driving,1,1,0,0,8,1,High
2020,12,Tuesday,12,KPK,Swat,National Highway,Good,Rainy,Daylight,Van/Pickup,4,Wrong Overtaking,1,0,0,1,10,1,High
2019,5,Tuesday,20,Sindh,Jacobabad,Urban Road,Poor,Dusty/Smoggy,No Light,Motorcycle,2,Over Speeding,1,0,0,0,5,1,Medium
2022,1,Thursday,22,Punjab,Faisalabad,National Highway,Under Repair,Clear,No Light,Motorcycle,2,Over Speeding,0,0,1,1,2,2,High
2023,7,Sunday,11,Balochistan,Sibi,Rural Road,Good,Foggy,Daylight,Car/Taxi,2,Driver Fatigue,0,1,0,0,3,0,Medium
2018,5,Sunday,11,Punjab,Bahawalpur,Urban Road,Good,Foggy,Dawn/Dusk,Motorcycle,3,Driver Fatigue,0,1,0,0,8,2,High
2021,8,Wednesday,3,Islamabad,Islamabad,Rural Road,Average,Clear,No Light,Bicycle,2,Mobile Phone Use,0,0,1,0,2,0,Medium
2023,11,Monday,9,Punjab,Multan,Urban Road,Poor,Clear,No Light,Motorcycle,1,Road Condition,1,0,0,1,0,0,Low
2022,8,Friday,17,Punjab,Sargodha,National Highway,Average,Foggy,Daylight,Motorcycle,2,Road Condition,1,0,0,0,10,2,High
2019,6,Tuesday,16,Balochistan,Quetta,Urban Road,Poor,Rainy,Daylight,Rickshaw,1,Mobile Phone Use,0,0,0,0,2,0,Low
2018,9,Wednesday,16,KPK,Kohat,Provincial Highway,Good,Clear,Daylight,Car/Taxi,1,Signal Violation,0,0,0,0,0,0,Low
2018,2,Sunday,16,KPK,Mardan,Provincial Highway,Poor,Clear,Street Light,Motorcycle,2,Signal Violation,0,1,0,1,2,1,Medium
2021,1,Friday,20,Punjab,Faisalabad,Provincial Highway,Good,Clear,No Light,Car/Taxi,3,Signal Violation,1,0,0,1,1,0,Medium
2022,6,Sunday,8,Balochistan,Turbat,Urban Road,Under Repair,Clear,Daylight,Rickshaw,2,Wrong Overtaking,1,1,0,0,1,0,Low
2021,10,Wednesday,13,Sindh,Hyderabad,Urban Road,Average,Clear,Street Light,Motorcycle,1,Wrong Overtaking,1,0,0,0,0,0,Low
2023,6,Sunday,17,Sindh,Mirpur Khas,Provincial Highway,Average,Clear,Daylight,Van/Pickup,2,Wrong Overtaking,1,1,0,0,1,0,Low
2018,9,Tuesday,6,Balochistan,Gwadar,Rural Road,Average,Clear,Daylight,Van/Pickup,1,Over Speeding,0,0,0,0,3,0,Medium
2020,9,Monday,18,KPK,Peshawar,Urban Road,Poor,Clear,Daylight,Truck/Lorry,1,Mechanical Failure,1,0,0,0,2,0,Low
2021,6,Wednesday,11,Punjab,Sialkot,National Highway,Average,Clear,Daylight,Motorcycle,2,Wrong Overtaking,0,0,0,0,5,2,High
2019,2,Thursday,20,Sindh,Sukkur,Provincial Highway,Average,Extreme Heat,Street Light,Motorcycle,1,Over Speeding,1,0,0,1,4,1,High
2023,5,Tuesday,7,Sindh,Thatta,Rural Road,Good,Dusty/Smoggy,Dawn/Dusk,Motorcycle,2,Over Speeding,1,0,0,0,1,0,Medium
2020,12,Saturday,11,Balochistan,Turbat,Urban Road,Under Repair,Dusty/Smoggy,Daylight,Motorcycle,2,Road Condition,0,1,0,1,0,0,Low
2021,7,Wednesday,11,Punjab,Bahawalpur,Provincial Highway,Good,Clear,Street Light,Car/Taxi,1,Mobile Phone Use,0,0,0,0,2,1,Low
2020,1,Saturday,21,KPK,Mansehra,Provincial Highway,Average,Clear,No Light,Motorcycle,3,Driver Fatigue,0,1,0,1,5,1,High
2022,2,Wednesday,5,KPK,Kohat,Urban Road,Good,Rainy,Dawn/Dusk,Car/Taxi,2,Mechanical Failure,0,0,1,1,3,2,Medium
2019,12,Saturday,22,Punjab,Rahim Yar Khan,National Highway,Good,Clear,No Light,Car/Taxi,2,Over Speeding,0,1,1,1,4,0,Medium
2019,12,Friday,14,Punjab,Sialkot,National Highway,Average,Rainy,Daylight,Motorcycle,1,Mobile Phone Use,0,0,0,1,1,0,Medium
2023,9,Saturday,9,Sindh,Nawabshah,National Highway,Good,Clear,Daylight,Car/Taxi,1,Mechanical Failure,1,1,0,0,5,0,Medium
2022,11,Thursday,16,KPK,Swat,National Highway,Under Repair,Clear,Daylight,Motorcycle,1,Over Speeding,0,0,0,1,8,0,High
2018,2,Sunday,7,Sindh,Karachi,Urban Road,Good,Dusty/Smoggy,Daylight,Motorcycle,2,Drunk Driving,1,1,0,1,1,2,Medium
2019,5,Thursday,21,KPK,Mardan,National Highway,Average,Clear,No Light,Car/Taxi,1,Mechanical Failure,0,0,0,0,3,2,Medium
2023,6,Monday,9,Sindh,Thatta,National Highway,Average,Clear,Daylight,Car/Taxi,2,Driver Fatigue,1,0,0,0,5,1,High
2022,4,Sunday,20,Sindh,Dadu,Urban Road,Good,Dusty/Smoggy,Street Light,Motorcycle,2,Over Speeding,1,1,0,0,2,0,High
2019,7,Friday,23,Punjab,Multan,Provincial Highway,Good,Extreme Heat,No Light,Rickshaw,4,Mobile Phone Use,0,0,1,0,1,0,Low
2022,6,Friday,1,Punjab,Bahawalpur,Provincial Highway,Under Repair,Clear,No Light,Motorcycle,2,Weather Condition,0,0,1,0,3,1,Medium
2020,1,Saturday,5,KPK,Dera Ismail Khan,Provincial Highway,Good,Rainy,Daylight,Motorcycle,3,Over Speeding,0,1,1,1,5,1,High
2023,10,Tuesday,3,KPK,Mansehra,Urban Road,Under Repair,Clear,No Light,Motorcycle,4,Wrong Overtaking,0,0,1,0,5,0,Medium
2019,4,Wednesday,19,Sindh,Karachi,Rural Road,Good,Clear,Dawn/Dusk,Rickshaw,2,Driver Fatigue,1,0,0,0,2,1,Medium
2019,5,Friday,20,Sindh,Nawabshah,Provincial Highway,Under Repair,Clear,No Light,Car/Taxi,4,Road Condition,1,0,0,0,1,0,Low
2019,6,Thursday,10,Sindh,Jacobabad,National Highway,Average,Rainy,Daylight,Car/Taxi,3,Mechanical Failure,0,0,0,0,5,0,Medium
2021,9,Sunday,10,Punjab,Lahore,Rural Road,Poor,Clear,Daylight,Car/Taxi,1,Signal Violation,0,1,0,0,1,0,Low
2018,1,Saturday,3,KPK,Bannu,Provincial Highway,Good,Rainy,No Light,Car/Taxi,2,Over Speeding,0,1,1,1,2,0,Medium
2020,9,Wednesday,4,Sindh,Nawabshah,National Highway,Good,Clear,Street Light,Motorcycle,1,Pedestrian Error,0,0,1,0,6,0,High
2023,5,Wednesday,23,Sindh,Thatta,National Highway,Poor,Dusty/Smoggy,No Light,Truck/Lorry,1,Over Speeding,0,0,1,0,8,0,High
2021,1,Sunday,22,Sindh,Thatta,Provincial Highway,Good,Clear,Street Light,Motorcycle,2,Mechanical Failure,0,1,1,1,6,0,High
2023,3,Wednesday,2,KPK,Bannu,Provincial Highway,Good,Rainy,Street Light,Motorcycle,2,Road Condition,0,0,1,0,7,2,High
2019,6,Wednesday,12,Punjab,Lahore,National Highway,Poor,Dusty/Smoggy,Daylight,Car/Taxi,1,Pedestrian Error,1,0,0,0,4,0,Medium
2023,11,Friday,14,Punjab,Sialkot,Urban Road,Good,Clear,Street Light,Motorcycle,2,Signal Violation,0,0,0,1,1,1,Medium
2023,9,Wednesday,17,Punjab,Sheikhupura,Urban Road,Good,Clear,Daylight,Van/Pickup,1,Pedestrian Error,1,0,0,0,1,0,Low
2020,8,Tuesday,20,KPK,Charsadda,Urban Road,Good,Rainy,Street Light,Motorcycle,1,Pedestrian Error,1,0,0,0,0,0,Low
2020,6,Friday,14,Sindh,Larkana,Provincial Highway,Under Repair,Clear,Daylight,Van/Pickup,2,Mechanical Failure,0,0,0,0,2,0,Low
2021,11,Saturday,21,Punjab,Gujranwala,Provincial Highway,Good,Rainy,No Light,Car/Taxi,3,Road Condition,0,1,0,1,4,1,Medium
2023,3,Monday,18,AJK,Muzaffarabad,Urban Road,Average,Dusty/Smoggy,Daylight,Bicycle,2,Signal Violation,1,0,0,0,2,2,Medium
2020,12,Sunday,8,Sindh,Mirpur Khas,Provincial Highway,Poor,Clear,Daylight,Motorcycle,2,Driver Fatigue,1,1,0,1,9,1,High
2023,11,Saturday,13,Punjab,Sheikhupura,Urban Road,Average,Foggy,Daylight,Bicycle,2,Driver Fatigue,1,1,0,1,5,1,High
2022,2,Friday,20,KPK,Peshawar,Rural Road,Poor,Rainy,Street Light,Car/Taxi,2,Drunk Driving,1,0,0,1,4,2,Medium
2022,2,Saturday,9,KPK,Dera Ismail Khan,Urban Road,Good,Clear,Daylight,Motorcycle,1,Over Speeding,1,1,0,1,4,0,Medium
2022,12,Monday,12,Sindh,Dadu,Urban Road,Average,Foggy,Daylight,Rickshaw,2,Mechanical Failure,1,0,0,1,1,0,Low
2018,8,Wednesday,16,Sindh,Kashmore,Rural Road,Poor,Foggy,Daylight,Bus/Coach,3,Pedestrian Error,0,0,0,0,2,0,Low
2018,3,Tuesday,13,Punjab,Sheikhupura,Motorway,Good,Rainy,Daylight,Truck/Lorry,2,Wrong Overtaking,1,0,0,0,6,0,High
2022,4,Tuesday,8,Punjab,Sialkot,Urban Road,Good,Rainy,Daylight,Bus/Coach,1,Over Speeding,1,0,0,0,4,0,High
2019,1,Wednesday,17,Punjab,Sargodha,Provincial Highway,Good,Clear,Daylight,Car/Taxi,2,Signal Violation,1,0,0,1,5,2,Medium
2021,12,Friday,20,Punjab,Sialkot,Provincial Highway,Poor,Rainy,No Light,Bus/Coach,2,Mechanical Failure,1,0,0,1,3,0,Medium
2021,5,Sunday,20,Sindh,Larkana,Urban Road,Good,Clear,Street Light,Rickshaw,2,Driver Fatigue,1,1,0,0,5,0,Medium
2018,1,Saturday,17,Sindh,Jacobabad,Motorway,Good,Clear,Daylight,Car/Taxi,2,Over Speeding,1,1,0,1,2,0,Medium
2021,6,Monday,13,Sindh,Hyderabad,National Highway,Average,Clear,Daylight,Car/Taxi,1,Pedestrian Error,1,0,0,0,1,0,Low
2019,8,Sunday,20,Sindh,Sukkur,Urban Road,Average,Extreme Heat,No Light,Motorcycle,3,Driver Fatigue,1,1,0,0,4,2,High
2018,7,Tuesday,21,Punjab,Multan,Provincial Highway,Average,Extreme Heat,No Light,Motorcycle,1,Mechanical Failure,0,0,0,0,4,0,Medium
2022,11,Tuesday,18,Punjab,Rawalpindi,Urban Road,Good,Clear,Daylight,Motorcycle,2,Road Condition,1,0,0,1,2,0,Medium
2022,11,Wednesday,17,Punjab,Sheikhupura,Provincial Highway,Average,Clear,Dawn/Dusk,Motorcycle,1,Drunk Driving,1,0,0,1,10,0,High
2022,8,Friday,13,Punjab,Multan,National Highway,Under Repair,Dusty/Smoggy,No Light,Car/Taxi,2,Over Speeding,1,0,0,0,10,3,High
2019,6,Friday,22,KPK,Dera Ismail Khan,Provincial Highway,Average,Extreme Heat,Street Light,Rickshaw,2,Signal Violation,0,0,1,0,1,0,Low
2019,1,Saturday,15,KPK,Peshawar,Motorway,Good,Clear,Daylight,Bicycle,1,Signal Violation,0,1,0,1,9,2,High
2022,5,Wednesday,13,KPK,Charsadda,National Highway,Under Repair,Clear,Daylight,Van/Pickup,2,Signal Violation,1,0,0,0,1,0,Low
2023,6,Monday,7,Sindh,Larkana,Motorway,Good,Rainy,Daylight,Van/Pickup,2,Over Speeding,1,0,0,0,9,1,High
2023,2,Friday,6,Punjab,Sheikhupura,National Highway,Good,Clear,Daylight,Motorcycle,3,Mechanical Failure,0,0,0,1,5,2,High
2022,6,Tuesday,22,KPK,Bannu,Provincial Highway,Average,Clear,No Light,Truck/Lorry,2,Signal Violation,0,0,1,0,2,0,Medium
2022,7,Tuesday,12,Sindh,Dadu,Urban Road,Average,Clear,Daylight,Truck/Lorry,2,Over Speeding,1,0,0,0,2,0,Low
2018,1,Tuesday,13,Punjab,Sheikhupura,Urban Road,Poor,Dusty/Smoggy,Daylight,Motorcycle,2,Wrong Overtaking,1,0,0,1,0,0,Low
2022,10,Friday,14,Balochistan,Loralai,National Highway,Under Repair,Clear,Daylight,Car/Taxi,2,Signal Violation,0,0,0,0,2,1,Low
2023,5,Sunday,4,Punjab,Sheikhupura,Provincial Highway,Good,Dusty/Smoggy,No Light,Truck/Lorry,3,Road Condition,0,1,1,0,2,0,Low
2023,7,Friday,12,Sindh,Jacobabad,Provincial Highway,Average,Dusty/Smoggy,Daylight,Motorcycle,4,Pedestrian Error,1,0,0,0,3,0,Medium
2019,11,Sunday,8,Sindh,Thatta,Motorway,Average,Rainy,Daylight,Motorcycle,2,Signal Violation,1,1,0,1,3,4,High
2019,1,Wednesday,10,KPK,Mardan,National Highway,Good,Extreme Heat,Daylight,Truck/Lorry,2,Pedestrian Error,0,0,0,1,2,0,Low
2020,4,Sunday,14,Balochistan,Gwadar,Provincial Highway,Good,Clear,Daylight,Truck/Lorry,2,Road Condition,0,1,0,0,3,1,Medium
2023,4,Saturday,20,Islamabad,Islamabad,Urban Road,Average,Dusty/Smoggy,No Light,Motorcycle,2,Over Speeding,1,1,0,0,2,0,Medium
2020,7,Wednesday,20,Sindh,Larkana,Urban Road,Good,Clear,Street Light,Motorcycle,2,Over Speeding,1,0,0,0,5,2,Medium
2021,3,Wednesday,10,KPK,Swat,Urban Road,Average,Clear,Daylight,Truck/Lorry,2,Signal Violation,0,0,0,0,2,0,Low
2022,7,Wednesday,19,Punjab,Rawalpindi,National Highway,Good,Clear,No Light,Motorcycle,1,Wrong Overtaking,1,0,0,0,1,0,Medium
2018,6,Tuesday,16,Sindh,Karachi,National Highway,Average,Foggy,Dawn/Dusk,Rickshaw,2,Over Speeding,0,0,0,0,11,2,High
2021,6,Saturday,12,Balochistan,Zhob,Rural Road,Good,Foggy,Daylight,Motorcycle,2,Over Speeding,1,1,0,0,3,0,Medium
2021,6,Sunday,18,Sindh,Mirpur Khas,Provincial Highway,Average,Rainy,Daylight,Van/Pickup,1,Wrong Overtaking,1,1,0,0,1,0,Low
2020,3,Friday,10,Punjab,Rawalpindi,National Highway,Average,Foggy,Daylight,Car/Taxi,4,Mechanical Failure,0,0,0,0,1,0,Low
2023,11,Thursday,23,Punjab,Sargodha,National Highway,Average,Rainy,Street Light,Van/Pickup,2,Mechanical Failure,0,0,1,1,6,1,High
2023,7,Wednesday,11,Sindh,Nawabshah,National Highway,Good,Clear,No Light,Bus/Coach,2,Pedestrian Error,0,0,0,0,4,0,Medium
2019,5,Sunday,20,Punjab,Multan,National Highway,Poor,Clear,No Light,Motorcycle,2,Over Speeding,1,1,0,0,10,2,High
2019,12,Sunday,23,Punjab,Sheikhupura,Rural Road,Average,Rainy,No Light,Van/Pickup,2,Weather Condition,0,1,1,1,1,2,Medium
2020,1,Friday,20,Punjab,Multan,Provincial Highway,Poor,Clear,No Light,Car/Taxi,3,Over Speeding,1,0,0,1,1,0,Low
2019,8,Saturday,20,Punjab,Sheikhupura,Provincial Highway,Good,Dusty/Smoggy,No Light,Motorcycle,1,Driver Fatigue,1,1,0,0,4,0,Medium
2019,7,Friday,12,Punjab,Rawalpindi,National Highway,Average,Clear,Daylight,Bus/Coach,1,Wrong Overtaking,1,0,0,0,4,0,Medium
2023,2,Saturday,18,Balochistan,Loralai,Urban Road,Poor,Foggy,Daylight,Car/Taxi,2,Wrong Overtaking,1,1,0,1,2,0,Medium
2020,8,Saturday,15,KPK,Nowshera,Urban Road,Poor,Clear,Daylight,Motorcycle,3,Road Condition,0,1,0,0,3,0,Medium
2023,6,Saturday,17,Sindh,Karachi,Provincial Highway,Poor,Extreme Heat,Dawn/Dusk,Motorcycle,1,Mechanical Failure,1,1,0,0,3,2,Medium
2021,1,Wednesday,19,Sindh,Karachi,Motorway,Under Repair,Clear,Dawn/Dusk,Car/Taxi,3,Wrong Overtaking,1,0,0,1,2,0,Medium
2023,3,Saturday,10,Punjab,Faisalabad,Urban Road,Good,Rainy,Daylight,Rickshaw,3,Signal Violation,0,1,0,0,2,1,Low
2023,11,Thursday,7,KPK,Swat,Urban Road,Average,Clear,Street Light,Truck/Lorry,1,Signal Violation,1,0,0,1,4,1,Medium
2023,6,Friday,12,Islamabad,Islamabad,Urban Road,Average,Clear,Dawn/Dusk,Van/Pickup,2,Drunk Driving,1,0,0,0,1,0,Low
2019,1,Monday,21,Punjab,Faisalabad,Rural Road,Average,Foggy,Street Light,Bus/Coach,3,Wrong Overtaking,0,0,0,1,2,0,Low
2023,12,Wednesday,3,Punjab,Rahim Yar Khan,Provincial Highway,Good,Foggy,No Light,Truck/Lorry,3,Mechanical Failure,0,0,1,1,3,1,Medium
2021,1,Friday,20,KPK,Dera Ismail Khan,Rural Road,Good,Clear,No Light,Motorcycle,2,Signal Violation,1,0,0,1,0,1,Low
2021,7,Wednesday,19,Punjab,Gujranwala,Rural Road,Poor,Clear,Dawn/Dusk,Motorcycle,3,Road Condition,1,0,0,0,3,0,Medium
2019,6,Tuesday,14,Balochistan,Turbat,Urban Road,Good,Clear,Daylight,Car/Taxi,2,Over Speeding,0,0,0,0,2,0,Low
2020,11,Tuesday,19,KPK,Charsadda,National Highway,Good,Rainy,Dawn/Dusk,Car/Taxi,2,Over Speeding,1,0,0,1,5,1,High
2021,1,Saturday,17,Punjab,Sialkot,Urban Road,Good,Clear,Daylight,Car/Taxi,1,Mobile Phone Use,1,1,0,1,1,0,Low
2022,5,Saturday,11,Punjab,Rawalpindi,National Highway,Good,Clear,Daylight,Motorcycle,2,Over Speeding,0,1,0,0,6,0,High
2022,1,Sunday,23,KPK,Mardan,Urban Road,Average,Foggy,Street Light,Motorcycle,2,Over Speeding,0,1,1,1,2,2,High
2018,1,Sunday,11,Punjab,Sheikhupura,Provincial Highway,Average,Clear,Daylight,Motorcycle,2,Over Speeding,0,1,0,1,7,3,High
2023,5,Tuesday,9,Balochistan,Quetta,Urban Road,Average,Foggy,Daylight,Bicycle,2,Over Speeding,1,0,0,0,10,1,High
2022,12,Tuesday,15,Punjab,Sialkot,Provincial Highway,Poor,Foggy,Daylight,Motorcycle,1,Over Speeding,0,0,0,1,5,3,High
2021,9,Friday,12,AJK,Rawalakot,Rural Road,Under Repair,Foggy,Daylight,Motorcycle,2,Over Speeding,1,0,0,0,7,1,High
2023,11,Wednesday,9,Punjab,Sheikhupura,Urban Road,Under Repair,Foggy,Street Light,Motorcycle,1,Over Speeding,1,0,0,1,10,4,High
2022,5,Wednesday,16,KPK,Nowshera,Rural Road,Good,Clear,Daylight,Motorcycle,2,Wrong Overtaking,0,0,0,0,5,0,Medium
2022,3,Saturday,0,Punjab,Multan,Provincial Highway,Good,Clear,No Light,Bus/Coach,3,Over Speeding,0,1,1,0,3,0,Medium
2022,6,Tuesday,18,Sindh,Hyderabad,Rural Road,Good,Clear,Daylight,Motorcycle,2,Road Condition,1,0,0,0,1,0,Low
2022,1,Tuesday,19,Sindh,Nawabshah,Provincial Highway,Good,Foggy,Dawn/Dusk,Bus/Coach,1,Pedestrian Error,1,0,0,1,3,0,Medium
2023,2,Wednesday,18,Punjab,Rahim Yar Khan,Rural Road,Poor,Clear,Daylight,Motorcycle,2,Over Speeding,1,0,0,1,5,1,High
2018,1,Thursday,19,Sindh,Jacobabad,Provincial Highway,Average,Rainy,Street Light,Rickshaw,1,Wrong Overtaking,1,0,0,1,5,0,Medium
2023,12,Friday,20,Punjab,Sialkot,Urban Road,Poor,Clear,No Light,Bus/Coach,2,Mobile Phone Use,1,0,0,1,0,0,Low