year,month,day_of_week,hour_of_day,province,district,road_type,road_condition,weather_condition,lighting_condition,vehicle_type,vehicles_involved,accident_cause,is_rush_hour,is_weekend,is_night,is_foggy_month,num_injured,num_killed,severity
2018,8,Monday,18,Sindh,Larkana,Rural Road,Average,Clear,Daylight,Motorcycle,1,Mechanical Failure,1,0,0,0,4,0,Medium
2021,1,Saturday,10,Sindh,Jacobabad,Provincial Highway,Good,Clear,Daylight,Motorcycle,3,Road Condition,0,1,0,1,4,0,Medium
2018,11,Saturday,16,KPK,Dera Ismail Khan,Provincial Highway,Under Repair,Clear,No Light,Motorcycle,2,Wrong Overtaking,0,1,0,1,4,0,Medium
2023,4,Friday,9,Punjab,Sialkot,Urban Road,Good,Rainy,Daylight,Motorcycle,2,Mechanical Failure,1,0,0,0,3,0,Medium
2023,11,Tuesday,17,Punjab,Sialkot,National Highway,Poor,Foggy,Daylight,Truck/Lorry,2,Over Speeding,1,0,0,1,10,0,High
2019,11,Tuesday,20,Punjab,Faisalabad,Provincial Highway,Average,Extreme Heat,No Light,Motorcycle,3,Over Speeding,1,0,0,1,2,0,Medium
2023,4,Tuesday,20,Balochistan,Turbat,National Highway,Poor,Clear,Street Light,Motorcycle,2,Over Speeding,1,0,0,0,7,0,High
2021,9,Monday,23,Balochistan,Zhob,Urban Road,Good,Rainy,No Light,Motorcycle,2,Mechanical Failure,0,0,1,0,9,2,High
2018,4,Wednesday,15,Sindh,Karachi,Rural Road,Average,Clear,Daylight,Rickshaw,3,Signal Violation,0,0,0,0,2,0,Low
2019,12,Saturday,16,Balochistan,Chaman,Provincial Highway,Good,Foggy,Daylight,Truck/Lorry,2,Over Speeding,0,1,0,1,9,2,High
2023,10,Thursday,18,KPK,Bannu,Provincial Highway,Good,Rainy,Dawn/Dusk,Motorcycle,2,Pedestrian Error,1,0,0,0,3,1,Medium
2023,8,Saturday,9,Punjab,Bahawalpur,Rural Road,Good,Clear,Daylight,Van/Pickup,1,Pedestrian Error,1,1,0,0,1,0,Low
2019,4,Monday,23,Punjab,Rahim Yar Khan,Urban Road,Under Repair,Rainy,No Light,Bus/Coach,2,Pedestrian Error,0,0,1,0,4,0,Medium
2020,4,Sunday,9,Punjab,Sialkot,Rural Road,Average,Clear,Daylight,Motorcycle,2,Over Speeding,1,1,0,0,3,0,Medium
2020,4,Friday,12,Punjab,Rahim Yar Khan,Urban Road,Poor,Clear,Dawn/Dusk,Rickshaw,2,Wrong Overtaking,1,0,0,0,1,0,Low
2021,6,Thursday,12,Sindh,Karachi,Provincial Highway,Good,Foggy,Daylight,Other,1,Over Speeding,1,0,0,0,3,0,Medium
2023,5,Friday,13,Sindh,Thatta,Provincial Highway,Good,Clear,Daylight,Motorcycle,2,Over Speeding,1,0,0,0,10,3,High
2023,7,Tuesday,9,Sindh,Hyderabad,Rural Road,Good,Foggy,Dawn/Dusk,Rickshaw,1,Signal Violation,1,0,0,0,5,2,Medium
2021,2,Sunday,1,Punjab,Multan,Urban Road,Poor,Clear,No Light,Motorcycle,4,Wrong Overtaking,0,1,1,1,10,1,High
2022,4,Thursday,21,KPK,Peshawar,Provincial Highway,Under Repair,Foggy,No Light,Truck/Lorry,2,Signal Violation,0,0,0,0,5,1,High
2018,5,Friday,19,Sindh,Karachi,Urban Road,Poor,Clear,No Light,Car/Taxi,3,Drunk Driving,1,0,0,0,2,0,Low
2023,7,Friday,7,Sindh,Mirpur Khas,Rural Road,Good,Clear,Daylight,Motorcycle,2,Over Speeding,1,0,0,0,2,0,Medium
2019,10,Sunday,21,Gilgit-Baltistan,Hunza,National Highway,Average,Clear,Street Light,Car/Taxi,2,Wrong Overtaking,0,1,0,0,3,0,Medium
2018,3,Thursday,16,Punjab,Sialkot,Rural Road,Good,Rainy,Daylight,Truck/Lorry,2,Pedestrian Error,0,0,0,0,2,0,Low
2023,10,Sunday,9,Punjab,Sheikhupura,Urban Road,Poor,Clear,Daylight,Motorcycle,1,Driver Fatigue,1,1,0,0,7,4,High
2022,12,Friday,0,KPK,Abbottabad,Urban Road,Poor,Foggy,No Light,Motorcycle,1,Over Speeding,0,0,1,1,9,3,High
2023,2,Wednesday,18,Balochistan,Turbat,Urban Road,Average,Clear,Daylight,Motorcycle,2,Wrong Overtaking,1,0,0,1,3,0,Medium
2023,5,Monday,9,Punjab,Faisalabad,National Highway,Poor,Clear,Street Light,Motorcycle,2,Mechanical Failure,1,0,0,0,1,1,Medium
2019,8,Thursday,8,KPK,Charsadda,Motorway,Good,Rainy,No Light,Car/Taxi,2,Wrong Overtaking,1,0,0,0,3,0,High
2020,11,Tuesday,9,Balochistan,Sibi,Provincial Highway,Good,Clear,Daylight,Car/Taxi,2,Wrong Overtaking,1,0,0,1,1,1,Medium
2019,1,Thursday,6,Sindh,Thatta,Urban Road,Good,Foggy,Daylight,Car/Taxi,1,Over Speeding,0,0,0,1,2,0,Medium
2020,7,Thursday,1,Punjab,Rawalpindi,Urban Road,Average,Clear,Street Light,Motorcycle,1,Signal Violation,0,0,1,0,3,1,Medium
2020,6,Friday,7,KPK,Dera Ismail Khan,Provincial Highway,Average,Foggy,Daylight,Car/Taxi,1,Mechanical Failure,1,0,0,0,0,0,Low
2023,6,Wednesday,7,Punjab,Rahim Yar Khan,National Highway,Good,Clear,Daylight,Car/Taxi,2,Driver Fatigue,1,0,0,0,4,4,High
2023,7,Sunday,6,Punjab,Bahawalpur,Urban Road,Under Repair,Rainy,Daylight,Bus/Coach,2,Wrong Overtaking,0,1,0,0,2,0,Low
2020,7,Monday,17,Balochistan,Dera Bugti,National Highway,Good,Clear,Daylight,Truck/Lorry,2,Over Speeding,1,0,0,0,2,2,High
2021,9,Wednesday,20,Sindh,Nawabshah,Rural Road,Good,Clear,No Light,Van/Pickup,2,Signal Violation,1,0,0,0,0,0,Low
2021,5,Saturday,10,Punjab,Sialkot,Urban Road,Good,Clear,Daylight,Car/Taxi,3,Wrong Overtaking,0,1,0,0,1,0,Low
2022,12,Wednesday,6,Punjab,Sheikhupura,Rural Road,Poor,Rainy,Dawn/Dusk,Truck/Lorry,2,Pedestrian Error,0,0,0,1,4,0,Medium
2022,1,Friday,18,Sindh,Thatta,Provincial Highway,Poor,Rainy,Daylight,Motorcycle,2,Road Condition,1,0,0,1,3,1,Medium
2019,6,Friday,6,Sindh,Karachi,National Highway,Poor,Rainy,Daylight,Rickshaw,4,Over Speeding,0,0,0,0,10,1,High
2018,12,Friday,14,KPK,Nowshera,Provincial Highway,Good,Clear,Daylight,Motorcycle,2,Pedestrian Error,0,0,0,1,2,0,Medium
2023,2,Thursday,13,KPK,Mansehra,Provincial Highway,Good,Dusty/Smoggy,Daylight,Motorcycle,1,Signal Violation,1,0,0,1,5,0,High
2020,2,Friday,17,Sindh,Mirpur Khas,Urban Road,Poor,Rainy,Daylight,Rickshaw,2,Signal Violation,1,0,0,1,3,0,Medium
2018,7,Wednesday,17,AJK,Rawalakot,National Highway,Good,Clear,No Light,Van/Pickup,1,Wrong Overtaking,1,0,0,0,0,0,Low
2022,2,Monday,7,Balochistan,Quetta,Provincial Highway,Good,Clear,Street Light,Bus/Coach,1,Over Speeding,1,0,0,1,5,3,High
2021,3,Sunday,17,Punjab,Bahawalpur,Urban Road,Good,Clear,Dawn/Dusk,Motorcycle,2,Driver Fatigue,1,1,0,0,5,1,High
2020,10,Wednesday,3,Punjab,Rawalpindi,Provincial Highway,Good,Clear,Street Light,Other,2,Drunk Driving,0,0,1,0,1,0,Medium
2022,11,Saturday,7,Punjab,Sargodha,National Highway,Poor,Clear,Daylight,Car/Taxi,1,Over Speeding,1,1,0,1,5,0,Medium
2023,3,Sunday,16,Punjab,Sialkot,Provincial Highway,Poor,Rainy,Daylight,Motorcycle,4,Driver Fatigue,0,1,0,0,4,2,High
2019,5,Monday,21,Punjab,Faisalabad,Provincial Highway,Good,Clear,No Light,Motorcycle,1,Signal Violation,0,0,0,0,4,0,Medium
2021,12,Tuesday,21,Sindh,Hyderabad,National Highway,Poor,Clear,No Light,Rickshaw,3,Over Speeding,0,0,0,1,2,2,Medium
2022,9,Saturday,11,Punjab,Rawalpindi,Urban Road,Average,Clear,Street Light,Motorcycle,2,Pedestrian Error,0,1,0,0,1,0,Low
2023,5,Tuesday,13,Punjab,Rawalpindi,Urban Road,Poor,Foggy,Daylight,Bicycle,1,Over Speeding,1,0,0,0,2,0,Medium
2023,9,Wednesday,17,Punjab,Faisalabad,Provincial Highway,Average,Clear,Daylight,Rickshaw,2,Road Condition,1,0,0,0,2,0,Low
2020,4,Sunday,19,Punjab,Bahawalpur,Provincial Highway,Average,Clear,No Light,Car/Taxi,3,Wrong Overtaking,1,1,0,0,1,0,Low
2019,7,Tuesday,16,Sindh,Karachi,Provincial Highway,Good,Clear,Street Light,Bus/Coach,1,Signal Violation,0,0,0,0,0,0,Low
2020,3,Monday,14,Punjab,Rawalpindi,Urban Road,Average,Foggy,Daylight,Motorcycle,4,Over Speeding,0,0,0,0,9,1,High
2023,10,Tuesday,6,Islamabad,Islamabad,Rural Road,Poor,Clear,Daylight,Motorcycle,1,Mechanical Failure,0,0,0,0,2,1,Low
2021,11,Wednesday,18,Punjab,Lahore,Rural Road,Good,Clear,Daylight,Rickshaw,3,Road Condition,1,0,0,1,2,0,Low
2021,6,Thursday,20,Islamabad,Islamabad,National Highway,Good,Clear,No Light,Bus/Coach,4,Mechanical Failure,1,0,0,0,1,0,Low
2019,1,Tuesday,10,Punjab,Multan,National Highway,Poor,Foggy,Daylight,Motorcycle,1,Mobile Phone Use,0,0,0,1,5,3,High
2023,9,Wednesday,9,Sindh,Karachi,Provincial Highway,Average,Clear,Daylight,Truck/Lorry,1,Mechanical Failure,1,0,0,0,4,0,Medium
2022,3,Wednesday,9,Punjab,Lahore,Rural Road,Poor,Clear,Daylight,Motorcycle,3,Drunk Driving,1,0,0,0,10,2,High
2023,8,Sunday,22,KPK,Swat,Rural Road,Poor,Foggy,No Light,Bicycle,2,Pedestrian Error,0,1,1,0,2,2,High
2020,10,Thursday,22,Punjab,Sialkot,Urban Road,Good,Clear,Street Light,Car/Taxi,2,Wrong Overtaking,0,0,1,0,0,0,Low
2023,1,Thursday,13,Islamabad,Islamabad,National Highway,Under Repair,Foggy,Daylight,Van/Pickup,1,Wrong Overtaking,1,0,0,1,3,1,Medium
2020,1,Friday,22,Punjab,Sialkot,National Highway,Poor,Clear,Street Light,Car/Taxi,2,Mechanical Failure,0,0,1,1,3,0,Medium
2023,10,Saturday,7,Punjab,Multan,Rural Road,Good,Clear,Daylight,Car/Taxi,2,Road Condition,1,1,0,0,2,0,Low
2022,6,Sunday,8,Sindh,Jacobabad,National Highway,Average,Clear,Daylight,Car/Taxi,1,Over Speeding,1,1,0,0,3,0,Medium
2022,8,Thursday,6,KPK,Charsadda,Rural Road,Under Repair,Foggy,Daylight,Rickshaw,4,Road Condition,0,0,0,0,0,0,Low
2023,3,Saturday,13,Islamabad,Islamabad,Provincial Highway,Average,Clear,Daylight,Car/Taxi,1,Road Condition,1,1,0,0,2,0,Low
2019,6,Sunday,16,Sindh,Hyderabad,Urban Road,Average,Extreme Heat,Daylight,Motorcycle,2,Pedestrian Error,0,1,0,0,1,0,Low
2021,2,Tuesday,14,KPK,Bannu,National Highway,Average,Clear,Daylight,Truck/Lorry,2,Driver Fatigue,0,0,0,1,3,1,Medium
2019,11,Tuesday,8,KPK,Kohat,Provincial Highway,Average,Clear,Daylight,Car/Taxi,4,Over Speeding,1,0,0,1,2,1,Medium
2023,7,Thursday,20,Sindh,Nawabshah,Urban Road,Poor,Dusty/Smoggy,Street Light,Motorcycle,3,Driver Fatigue,1,0,0,0,2,0,Medium
2022,6,Thursday,8,KPK,Peshawar,National Highway,Average,Extreme Heat,Daylight,Motorcycle,1,Road Condition,1,0,0,0,9,1,High
2020,8,Saturday,19,Punjab,Multan,National Highway,Average,Rainy,Dawn/Dusk,Car/Taxi,4,Mechanical Failure,1,1,0,0,1,0,Low
2019,2,Sunday,7,Sindh,Jacobabad,National Highway,Good,Clear,No Light,Motorcycle,2,Wrong Overtaking,1,1,0,1,11,2,High
2021,10,Thursday,21,KPK,Mansehra,Motorway,Average,Foggy,Street Light,Car/Taxi,2,Mechanical Failure,0,0,0,0,1,0,Low
2022,10,Saturday,3,Sindh,Hyderabad,Urban Road,Good,Foggy,No Light,Motorcycle,1,Over Speeding,0,1,1,0,11,3,High
2023,8,Tuesday,16,Balochistan,Loralai,National Highway,Good,Clear,Daylight,Rickshaw,2,Wrong Overtaking,0,0,0,0,5,0,Medium
2019,8,Wednesday,18,KPK,Bannu,Urban Road,Average,Rainy,No Light,Motorcycle,2,Driver Fatigue,1,0,0,0,4,0,Medium
2022,6,Sunday,12,Balochistan,Sibi,Urban Road,Good,Dusty/Smoggy,Daylight,Bus/Coach,4,Pedestrian Error,1,1,0,0,2,0,Low
2022,2,Tuesday,5,Punjab,Rawalpindi,Provincial Highway,Good,Clear,Dawn/Dusk,Motorcycle,2,Over Speeding,0,0,1,1,3,3,High
2019,8,Thursday,18,Punjab,Sialkot,National Highway,Poor,Dusty/Smoggy,Daylight,Rickshaw,2,Mechanical Failure,1,0,0,0,0,0,Low
2022,2,Tuesday,8,Punjab,Lahore,Provincial Highway,Average,Extreme Heat,Street Light,Car/Taxi,2,Mobile Phone Use,1,0,0,1,1,0,Low
2023,11,Friday,21,AJK,Muzaffarabad,National Highway,Good,Clear,Street Light,Other,4,Wrong Overtaking,0,0,0,1,4,0,Medium
2018,7,Thursday,12,Punjab,Sheikhupura,National Highway,Poor,Clear,Daylight,Car/Taxi,1,Wrong Overtaking,1,0,0,0,0,0,Low
2023,4,Wednesday,18,Punjab,Rawalpindi,Urban Road,Poor,Clear,Daylight,Truck/Lorry,1,Wrong Overtaking,1,0,0,0,0,0,Low
2018,12,Sunday,17,Punjab,Sheikhupura,Provincial Highway,Poor,Foggy,Daylight,Van/Pickup,1,Over Speeding,1,1,0,1,7,1,High
2020,3,Saturday,21,Punjab,Gujranwala,Provincial Highway,Average,Clear,Street Light,Car/Taxi,1,Road Condition,0,1,0,0,1,0,Low
2018,1,Wednesday,16,Punjab,Rawalpindi,Rural Road,Poor,Foggy,Dawn/Dusk,Motorcycle,2,Over Speeding,0,0,0,1,5,2,High
2020,7,Tuesday,17,Punjab,Faisalabad,Provincial Highway,Poor,Rainy,Daylight,Bus/Coach,2,Over Speeding,1,0,0,0,3,0,Medium
2021,11,Sunday,13,Punjab,Sheikhupura,Rural Road,Poor,Clear,Daylight,Truck/Lorry,1,Wrong Overtaking,1,1,0,1,0,0,Low
2023,12,Sunday,8,Islamabad,Islamabad,Rural Road,Poor,Clear,Daylight,Motorcycle,2,Signal Violation,1,1,0,1,4,1,Medium
2023,3,Friday,8,KPK,Mansehra,Rural Road,Good,Clear,Daylight,Bicycle,2,Wrong Overtaking,1,0,0,0,5,0,Medium
2022,10,Thursday,11,KPK,Mansehra,Rural Road,Average,Dusty/Smoggy,No Light,Rickshaw,1,Over Speeding,0,0,0,0,1,0,Low
2021,11,Thursday,10,Sindh,Hyderabad,Provincial Highway,Good,Dusty/Smoggy,Daylight,Motorcycle,3,Wrong Overtaking,0,0,0,1,7,2,High
2022,9,Sunday,8,KPK,Charsadda,National Highway,Good,Foggy,Daylight,Bus/Coach,2,Signal Violation,1,1,0,0,2,1,Medium
2023,7,Thursday,13,Balochistan,Hub,Provincial Highway,Average,Clear,Daylight,Car/Taxi,1,Wrong Overtaking,1,0,0,0,0,0,Low
2021,9,Friday,8,Islamabad,Islamabad,Provincial Highway,Average,Clear,Daylight,Motorcycle,3,Signal Violation,1,0,0,0,4,3,High
2020,12,Tuesday,9,Punjab,Rahim Yar Khan,National Highway,Under Repair,Clear,Daylight,Motorcycle,2,Wrong Overtaking,1,0,0,1,9,0,High
2020,12,Wednesday,6,Balochistan,Zhob,Motorway,Average,Rainy,Daylight,Car/Taxi,1,Mechanical Failure,0,0,0,1,4,1,Medium
2020,9,Monday,12,Punjab,Sheikhupura,Rural Road,Poor,Foggy,Daylight,Rickshaw,1,Over Speeding,1,0,0,0,0,0,Low
2023,3,Saturday,23,Punjab,Bahawalpur,Rural Road,Good,Clear,No Light,Van/Pickup,3,Mechanical Failure,0,1,1,0,0,0,Low
2019,2,Thursday,15,Punjab,Sheikhupura,National Highway,Average,Extreme Heat,Street Light,Bus/Coach,4,Driver Fatigue,0,0,0,1,5,0,Medium
2020,5,Monday,14,KPK,Nowshera,Rural Road,Under Repair,Foggy,Street Light,Rickshaw,1,Pedestrian Error,0,0,0,0,2,0,Low
2018,12,Wednesday,23,Sindh,Karachi,National Highway,Poor,Foggy,No Light,Car/Taxi,3,Road Condition,0,0,1,1,3,0,Medium
2021,3,Thursday,16,Punjab,Lahore,Rural Road,Good,Foggy,Daylight,Motorcycle,2,Wrong Overtaking,0,0,0,0,2,0,Medium
2019,12,Friday,8,KPK,Swat,Rural Road,Under Repair,Foggy,Daylight,Rickshaw,2,Wrong Overtaking,1,0,0,1,2,0,Low
2023,8,Friday,22,Sindh,Hyderabad,Urban Road,Good,Clear,No Light,Car/Taxi,1,Mechanical Failure,0,0,1,0,0,0,Low
2018,2,Monday,13,Punjab,Sheikhupura,Motorway,Under Repair,Dusty/Smoggy,Daylight,Motorcycle,2,Over Speeding,1,0,0,1,5,0,High
2019,12,Wednesday,1,Punjab,Multan,Provincial Highway,Average,Clear,Street Light,Motorcycle,1,Wrong Overtaking,0,0,1,1,11,2,High
2018,6,Thursday,10,Sindh,Mirpur Khas,Provincial Highway,Poor,Rainy,Daylight,Rickshaw,1,Wrong Overtaking,0,0,0,0,5,1,Medium
2022,6,Saturday,15,Punjab,Faisalabad,Rural Road,Average,Foggy,Daylight,Car/Taxi,3,Mobile Phone Use,0,1,0,0,1,0,Low
2020,5,Thursday,14,Punjab,Sheikhupura,Urban Road,Poor,Rainy,Daylight,Rickshaw,1,Wrong Overtaking,0,0,0,0,4,0,Medium
2021,7,Monday,17,Gilgit-Baltistan,Skardu,Urban Road,Average,Rainy,Daylight,Bus/Coach,2,Over Speeding,1,0,0,0,2,2,Medium
2019,7,Wednesday,8,Balochistan,Loralai,Provincial Highway,Poor,Clear,Daylight,Bicycle,2,Drunk Driving,1,0,0,0,3,0,Medium
2021,4,Saturday,11,Punjab,Sargodha,Urban Road,Poor,Foggy,Dawn/Dusk,Motorcycle,2,Over Speeding,0,1,0,0,6,0,High
2023,5,Wednesday,18,Sindh,Thatta,Provincial Highway,Good,Clear,No Light,Motorcycle,1,Signal Violation,1,0,0,0,5,1,Medium
2022,2,Friday,22,Punjab,Rahim Yar Khan,Provincial Highway,Good,Clear,No Light,Car/Taxi,3,Road Condition,0,0,1,1,1,0,Low
2023,11,Wednesday,16,Sindh,Kashmore,Provincial Highway,Average,Foggy,Daylight,Motorcycle,1,Over Speeding,0,0,0,1,6,1,High
2022,2,Wednesday,7,Sindh,Jacobabad,National Highway,Good,Clear,Daylight,Car/Taxi,2,Mechanical Failure,1,0,0,1,1,0,Low
2021,7,Thursday,16,Punjab,Rahim Yar Khan,National Highway,Good,Rainy,No Light,Motorcycle,1,Pedestrian Error,0,0,0,0,5,2,High
2021,10,Saturday,13,Punjab,Sargodha,National Highway,Good,Clear,Daylight,Motorcycle,2,Road Condition,1,1,0,0,5,0,Medium
2022,12,Thursday,21,Punjab,Sialkot,Rural Road,Good,Clear,Street Light,Car/Taxi,1,Mobile Phone Use,0,0,0,1,0,0,Low
2023,1,Friday,22,Sindh,Dadu,Urban Road,Good,Clear,No Light,Motorcycle,4,Wrong Overtaking,0,0,1,1,5,1,Medium
2023,12,Tuesday,5,Balochistan,Gwadar,National Highway,Poor,Clear,No Light,Car/Taxi,1,Over Speeding,0,0,1,1,5,2,Medium
2018,12,Thursday,17,Gilgit-Baltistan,Gilgit,Rural Road,Good,Clear,Street Light,Car/Taxi,2,Driver Fatigue,1,0,0,1,3,0,Medium
2023,10,Tuesday,20,Islamabad,Islamabad,Urban Road,Average,Foggy,Street Light,Car/Taxi,2,Over Speeding,1,0,0,0,5,1,Medium
2021,12,Saturday,20,AJK,Mirpur,Urban Road,Average,Rainy,Street Light,Motorcycle,2,Signal Violation,1,1,0,1,3,0,Medium
2023,1,Monday,8,Punjab,Sargodha,Urban Road,Poor,Foggy,Dawn/Dusk,Car/Taxi,1,Over Speeding,1,0,0,1,1,0,Low
2023,7,Saturday,9,KPK,Kohat,Urban Road,Good,Extreme Heat,Daylight,Bus/Coach,1,Wrong Overtaking,1,1,0,0,1,0,Low
2023,3,Sunday,11,Punjab,Gujranwala,Provincial Highway,Good,Dusty/Smoggy,Daylight,Rickshaw,1,Over Speeding,0,1,0,0,1,0,Medium
2018,3,Friday,10,Balochistan,Dera Bugti,National Highway,Good,Clear,Daylight,Motorcycle,2,Over Speeding,0,0,0,0,10,1,High
2019,12,Thursday,10,KPK,Dera Ismail Khan,National Highway,Average,Dusty/Smoggy,No Light,Motorcycle,2,Pedestrian Error,0,0,0,1,8,3,High
2021,12,Wednesday,16,Sindh,Nawabshah,National Highway,Poor,Foggy,Street Light,Motorcycle,2,Mechanical Failure,0,0,0,1,11,2,High
2018,12,Sunday,11,Sindh,Kashmore,Urban Road,Poor,Rainy,Daylight,Bus/Coach,2,Drunk Driving,0,1,0,1,2,0,Medium
2023,11,Thursday,18,Punjab,Sheikhupura,National Highway,Poor,Clear,Daylight,Rickshaw,3,Signal Violation,1,0,0,1,5,0,Medium
2023,4,Thursday,14,Punjab,Sialkot,National Highway,Under Repair,Clear,Daylight,Car/Taxi,3,Driver Fatigue,0,0,0,0,3,1,Medium
2022,6,Thursday,20,AJK,Rawalakot,Urban Road,Poor,Dusty/Smoggy,Street Light,Bus/Coach,1,Wrong Overtaking,1,0,0,0,2,2,Medium
2019,5,Monday,15,Balochistan,Chaman,National Highway,Poor,Dusty/Smoggy,Daylight,Bus/Coach,2,Over Speeding,0,0,0,0,5,1,High
2023,9,Monday,15,Punjab,Multan,Urban Road,Average,Clear,Daylight,Bicycle,1,Wrong Overtaking,0,0,0,0,1,0,Medium
2019,12,Monday,17,Punjab,Sargodha,Urban Road,Good,Dusty/Smoggy,Daylight,Motorcycle,2,Mechanical Failure,1,0,0,1,0,0,Low
2019,6,Wednesday,10,Punjab,Gujranwala,Provincial Highway,Good,Rainy,Daylight,Motorcycle,1,Over Speeding,0,0,0,0,10,0,High
2020,1,Thursday,15,AJK,Muzaffarabad,National Highway,Poor,Clear,Daylight,Bicycle,2,Signal Violation,0,0,0,1,11,2,High
2023,5,Sunday,23,Balochistan,Turbat,National Highway,Under Repair,Clear,Street Light,Bus/Coach,3,Mechanical Failure,0,1,1,0,11,1,High
2023,1,Wednesday,16,Sindh,Dadu,National Highway,Good,Clear,Daylight,Van/Pickup,2,Mobile Phone Use,0,0,0,1,2,0,Low
2018,1,Sunday,19,KPK,Kohat,National Highway,Poor,Rainy,No Light,Motorcycle,2,Pedestrian Error,1,1,0,1,8,0,High
2019,12,Thursday,6,KPK,Mansehra,National Highway,Under Repair,Clear,Dawn/Dusk,Rickshaw,3,Over Speeding,0,0,0,1,4,0,Medium
2018,9,Friday,14,Punjab,Lahore,National Highway,Under Repair,Clear,Daylight,Car/Taxi,2,Drunk Driving,0,0,0,0,3,0,Medium
2021,12,Saturday,18,Islamabad,Islamabad,National Highway,Good,Clear,Street Light,Motorcycle,1,Mechanical Failure,1,1,0,1,2,1,Medium
2021,1,Thursday,10,Sindh,Larkana,National Highway,Good,Extreme Heat,Daylight,Bicycle,2,Pedestrian Error,0,0,0,1,1,0,Medium
2023,11,Monday,7,Punjab,Gujranwala,Provincial Highway,Poor,Clear,Street Light,Motorcycle,1,Wrong Overtaking,1,0,0,1,2,0,Medium
2018,4,Saturday,13,Punjab,Multan,Provincial Highway,Good,Rainy,Daylight,Motorcycle,1,Over Speeding,1,1,0,0,6,1,High
2020,12,Monday,12,Sindh,Hyderabad,Rural Road,Average,Clear,Daylight,Motorcycle,1,Pedestrian Error,1,0,0,1,0,0,Low
2022,5,Saturday,8,Punjab,Lahore,Provincial Highway,Good,Clear,Street Light,Motorcycle,3,Signal Violation,1,1,0,0,4,0,Medium
2020,6,Friday,14,KPK,Bannu,National Highway,Average,Rainy,Daylight,Motorcycle,2,Road Condition,0,0,0,0,6,1,High
2023,6,Wednesday,12,Balochistan,Gwadar,National Highway,Average,Rainy,Daylight,Car/Taxi,2,Wrong Overtaking,1,0,0,0,5,0,Medium
2023,6,Wednesday,9,KPK,Charsadda,Provincial Highway,Good,Rainy,Daylight,Rickshaw,3,Pedestrian Error,1,0,0,0,1,1,Low
2023,10,Sunday,20,Sindh,Thatta,Urban Road,Good,Clear,Street Light,Bicycle,4,Mobile Phone Use,1,1,0,0,0,0,Low
2020,7,Sunday,2,Sindh,Larkana,Urban Road,Average,Rainy,Street Light,Car/Taxi,1,Pedestrian Error,0,1,1,0,2,1,Medium
2023,9,Friday,16,Punjab,Bahawalpur,National Highway,Good,Clear,Daylight,Motorcycle,3,Over Speeding,0,0,0,0,8,1,High
2023,12,Friday,23,Sindh,Larkana,Provincial Highway,Average,Clear,Street Light,Rickshaw,2,Driver Fatigue,0,0,1,1,5,0,Medium
2019,11,Friday,23,Punjab,Sialkot,Rural Road,Poor,Clear,Street Light,Rickshaw,2,Pedestrian Error,0,0,1,1,2,0,Low
2023,6,Monday,12,Islamabad,Islamabad,National Highway,Good,Rainy,No Light,Motorcycle,1,Signal Violation,1,0,0,0,9,1,High
2023,1,Friday,19,Balochistan,Hub,Urban Road,Good,Rainy,No Light,Motorcycle,1,Over Speeding,1,0,0,1,2,0,Medium
2022,11,Sunday,13,Punjab,Lahore,Rural Road,Under Repair,Clear,Dawn/Dusk,Motorcycle,3,Drunk Driving,1,1,0,1,3,0,Medium
2023,5,Monday,11,KPK,Bannu,Urban Road,Good,Foggy,Daylight,Rickshaw,2,Wrong Overtaking,0,0,0,0,4,0,Medium
2023,9,Wednesday,18,KPK,Mansehra,Rural Road,Poor,Clear,Daylight,Motorcycle,1,Wrong Overtaking,1,0,0,0,2,1,Medium
2023,11,Sunday,19,AJK,Mirpur,National Highway,Good,Clear,Dawn/Dusk,Other,2,Over Speeding,1,1,0,1,3,0,High
2022,6,Friday,16,Sindh,Kashmore,Provincial Highway,Under Repair,Dusty/Smoggy,Daylight,Car/Taxi,2,Wrong Overtaking,0,0,0,0,0,0,Low
2023,1,Wednesday,14,KPK,Bannu,Urban Road,Poor,Clear,Daylight,Bus/Coach,3,Wrong Overtaking,0,0,0,1,1,2,Medium
2019,6,Thursday,0,Sindh,Larkana,National Highway,Average,Clear,Street Light,Motorcycle,2,Wrong Overtaking,0,0,1,0,8,2,High
2022,3,Friday,19,Punjab,Multan,Urban Road,Poor,Rainy,Dawn/Dusk,Car/Taxi,1,Pedestrian Error,1,0,0,0,1,0,Low
2020,4,Friday,10,Punjab,Multan,Provincial Highway,Average,Clear,Daylight,Motorcycle,3,Road Condition,0,0,0,0,1,0,Medium
2023,2,Monday,23,Punjab,Faisalabad,Urban Road,Poor,Clear,No Light,Car/Taxi,2,Over Speeding,0,0,1,1,0,0,Low
2022,1,Wednesday,9,Punjab,Rawalpindi,Urban Road,Good,Clear,Daylight,Motorcycle,2,Road Condition,1,0,0,1,1,0,Low
2019,1,Thursday,8,Punjab,Gujranwala,National Highway,Good,Rainy,Daylight,Truck/Lorry,1,Road Condition,1,0,0,1,3,0,Medium
2023,6,Saturday,19,KPK,Swat,Provincial Highway,Poor,Foggy,No Light,Motorcycle,3,Over Speeding,1,1,0,0,9,1,High
2020,12,Saturday,3,KPK,Peshawar,Provincial Highway,Good,Foggy,Street Light,Motorcycle,2,Drunk Driving,0,1,1,1,8,2,High
2022,1,Wednesday,16,AJK,Rawalakot,Urban Road,Poor,Clear,Daylight,Rickshaw,4,Mobile Phone Use,0,0,0,1,2,0,Low