year,month,day_of_week,hour_of_day,province,district,road_type,road_condition,weather_condition,lighting_condition,vehicle_type,vehicles_involved,accident_cause,is_rush_hour,is_weekend,is_night,is_foggy_month,num_injured,num_killed,severity
2018,8,Friday,13,Punjab,Sialkot,Urban Road,Average,Dusty/Smoggy,Daylight,Car/Taxi,1,Drunk Driving,1,0,0,0,3,0,Medium
2023,12,Friday,13,Islamabad,Islamabad,Rural Road,Average,Foggy,Daylight,Van/Pickup,2,Wrong Overtaking,1,0,0,1,1,0,Low
2022,3,Sunday,19,Sindh,Hyderabad,National Highway,Average,Clear,Dawn/Dusk,Motorcycle,2,Wrong Overtaking,1,1,0,0,2,0,Medium
2022,2,Monday,16,Sindh,Larkana,National Highway,Average,Clear,No Light,Bus/Coach,1,Pedestrian Error,0,0,0,1,1,0,Low
2022,5,Monday,16,KPK,Mardan,National Highway,Good,Extreme Heat,No Light,Rickshaw,3,Road Condition,0,0,0,0,1,0,Low
2021,1,Saturday,18,KPK,Abbottabad,Rural Road,Average,Clear,Daylight,Motorcycle,4,Road Condition,1,1,0,1,1,0,Low
2019,1,Thursday,8,Punjab,Rahim Yar Khan,National Highway,Under Repair,Clear,Daylight,Motorcycle,2,Signal Violation,1,0,0,1,11,2,High
2018,1,Monday,21,KPK,Mansehra,Rural Road,Good,Foggy,Street Light,Motorcycle,1,Over Speeding,0,0,0,1,6,0,High
2022,2,Friday,22,KPK,Bannu,Urban Road,Average,Rainy,No Light,Car/Taxi,2,Wrong Overtaking,0,0,1,1,2,0,Medium
2023,2,Tuesday,10,Gilgit-Baltistan,Skardu,National Highway,Good,Foggy,Street Light,Rickshaw,4,Over Speeding,0,0,0,1,3,0,Medium
2021,9,Sunday,19,Balochistan,Quetta,Urban Road,Good,Rainy,Street Light,Car/Taxi,1,Wrong Overtaking,1,1,0,0,2,0,Low
2022,5,Tuesday,8,KPK,Swat,National Highway,Good,Dusty/Smoggy,Daylight,Motorcycle,1,Drunk Driving,1,0,0,0,2,0,High
2021,10,Tuesday,7,KPK,Charsadda,National Highway,Poor,Rainy,Daylight,Motorcycle,2,Road Condition,1,0,0,0,3,0,High
2020,10,Sunday,14,Islamabad,Islamabad,Urban Road,Average,Clear,No Light,Truck/Lorry,2,Mechanical Failure,0,1,0,0,0,0,Low
2019,10,Thursday,11,Islamabad,Islamabad,National Highway,Poor,Clear,Dawn/Dusk,Car/Taxi,2,Pedestrian Error,0,0,0,0,1,0,Low
2020,6,Friday,11,KPK,Swat,National Highway,Good,Clear,Daylight,Truck/Lorry,1,Drunk Driving,0,0,0,0,3,0,Medium
2021,5,Tuesday,5,KPK,Mansehra,Provincial Highway,Good,Dusty/Smoggy,Street Light,Motorcycle,2,Wrong Overtaking,0,0,1,0,8,4,High
2023,3,Monday,11,Punjab,Lahore,Urban Road,Average,Clear,Daylight,Motorcycle,2,Over Speeding,0,0,0,0,1,0,Medium
2018,2,Tuesday,3,KPK,Dera Ismail Khan,National Highway,Good,Clear,No Light,Car/Taxi,2,Over Speeding,0,0,1,1,11,2,High
2019,7,Monday,11,Punjab,Multan,Rural Road,Average,Clear,Daylight,Motorcycle,1,Road Condition,0,0,0,0,1,1,Medium
2022,6,Friday,19,Sindh,Jacobabad,National Highway,Average,Clear,Dawn/Dusk,Motorcycle,1,Wrong Overtaking,1,0,0,0,1,1,Medium
2023,11,Tuesday,8,Punjab,Sialkot,Urban Road,Good,Clear,Daylight,Bus/Coach,3,Signal Violation,1,0,0,1,2,0,Low
2021,6,Wednesday,22,Punjab,Sheikhupura,Provincial Highway,Poor,Foggy,No Light,Motorcycle,1,Over Speeding,0,0,1,0,10,2,High
2021,1,Saturday,16,Punjab,Rawalpindi,Urban Road,Good,Clear,Daylight,Motorcycle,2,Road Condition,0,1,0,1,2,0,Low
2023,6,Wednesday,2,Balochistan,Hub,Rural Road,Poor,Clear,Street Light,Motorcycle,3,Wrong Overtaking,0,0,1,0,7,2,High
2019,1,Thursday,6,KPK,Nowshera,Motorway,Under Repair,Rainy,Daylight,Motorcycle,2,Pedestrian Error,0,0,0,1,4,0,High
2019,12,Thursday,14,Sindh,Karachi,Provincial Highway,Poor,Foggy,Daylight,Motorcycle,4,Over Speeding,0,0,0,1,11,2,High
2020,12,Monday,9,KPK,Bannu,National Highway,Good,Clear,Daylight,Rickshaw,4,Over Speeding,1,0,0,1,4,0,Medium
2023,12,Friday,20,AJK,Rawalakot,Rural Road,Good,Dusty/Smoggy,No Light,Motorcycle,2,Pedestrian Error,1,0,0,1,0,0,Low
2021,6,Sunday,14,Punjab,Sheikhupura,Urban Road,Poor,Clear,Daylight,Motorcycle,1,Over Speeding,0,1,0,0,2,1,Medium
2022,8,Sunday,9,Sindh,Sukkur,Provincial Highway,Good,Clear,Daylight,Bus/Coach,1,Signal Violation,1,1,0,0,0,0,Low
2023,4,Wednesday,11,Sindh,Thatta,Provincial Highway,Good,Clear,Daylight,Car/Taxi,2,Road Condition,0,0,0,0,1,0,Low
2022,8,Thursday,9,Islamabad,Islamabad,Provincial Highway,Poor,Clear,Daylight,Car/Taxi,2,Pedestrian Error,1,0,0,0,2,0,Low
2019,12,Thursday,17,Punjab,Faisalabad,Provincial Highway,Good,Clear,Daylight,Car/Taxi,3,Signal Violation,1,0,0,1,5,0,Medium
2020,3,Sunday,12,AJK,Rawalakot,Urban Road,Under Repair,Clear,Daylight,Car/Taxi,2,Road Condition,1,1,0,0,0,0,Low
2019,1,Friday,8,Punjab,Sheikhupura,Urban Road,Poor,Clear,Daylight,Car/Taxi,1,Over Speeding,1,0,0,1,2,0,Medium
2021,12,Monday,9,Punjab,Multan,National Highway,Poor,Foggy,Daylight,Car/Taxi,1,Over Speeding,1,0,0,1,1,1,Medium
2020,10,Wednesday,9,Punjab,Lahore,National Highway,Average,Rainy,Daylight,Bus/Coach,1,Road Condition,1,0,0,0,5,0,Medium
2018,1,Friday,21,Sindh,Jacobabad,Provincial Highway,Poor,Clear,No Light,Car/Taxi,2,Wrong Overtaking,0,0,0,1,0,0,Low
2022,8,Monday,15,Sindh,Sukkur,Rural Road,Under Repair,Rainy,Street Light,Motorcycle,1,Over Speeding,0,0,0,0,7,0,High
2020,8,Friday,8,Sindh,Kashmore,Motorway,Good,Clear,Daylight,Motorcycle,2,Mechanical Failure,1,0,0,0,1,0,Medium
2022,6,Wednesday,15,Punjab,Sheikhupura,Urban Road,Good,Clear,Street Light,Motorcycle,2,Weather Condition,0,0,0,0,3,1,Medium
2023,1,Friday,0,Sindh,Kashmore,Provincial Highway,Good,Clear,Street Light,Bicycle,2,Over Speeding,0,0,1,1,3,3,High
2023,8,Monday,4,KPK,Bannu,National Highway,Good,Clear,Street Light,Car/Taxi,1,Wrong Overtaking,0,0,1,0,7,1,High
2021,7,Sunday,21,KPK,Mardan,Rural Road,Good,Foggy,Street Light,Bicycle,1,Over Speeding,0,1,0,0,7,2,High
2023,6,Monday,9,KPK,Nowshera,Rural Road,Under Repair,Foggy,Daylight,Motorcycle,2,Over Speeding,1,0,0,0,1,1,Medium
2022,2,Thursday,19,Islamabad,Islamabad,Provincial Highway,Good,Clear,Street Light,Motorcycle,3,Pedestrian Error,1,0,0,1,2,1,Medium
2019,1,Monday,18,Sindh,Thatta,Provincial Highway,Good,Foggy,Dawn/Dusk,Motorcycle,1,Wrong Overtaking,1,0,0,1,6,1,High
2019,3,Wednesday,17,Punjab,Lahore,National Highway,Average,Clear,Dawn/Dusk,Truck/Lorry,2,Road Condition,1,0,0,0,2,0,Low
2018,10,Sunday,22,Punjab,Gujranwala,Provincial Highway,Poor,Foggy,No Light,Motorcycle,3,Signal Violation,0,1,1,0,4,1,High
2022,9,Saturday,13,Punjab,Bahawalpur,Urban Road,Under Repair,Rainy,Daylight,Car/Taxi,2,Wrong Overtaking,1,1,0,0,0,1,Low
2023,1,Sunday,18,Sindh,Kashmore,Provincial Highway,Good,Extreme Heat,Daylight,Rickshaw,2,Over Speeding,1,1,0,1,2,2,Medium
2019,11,Saturday,18,Balochistan,Turbat,Rural Road,Average,Rainy,Street Light,Motorcycle,1,Wrong Overtaking,1,1,0,1,3,0,Medium
2022,4,Monday,14,KPK,Peshawar,Rural Road,Good,Dusty/Smoggy,Daylight,Van/Pickup,2,Over Speeding,0,0,0,0,2,1,Medium
2023,12,Saturday,6,Punjab,Rahim Yar Khan,Rural Road,Average,Clear,Daylight,Rickshaw,4,Mobile Phone Use,0,1,0,1,2,0,Low
2023,8,Wednesday,12,Sindh,Larkana,National Highway,Poor,Clear,Daylight,Car/Taxi,2,Over Speeding,1,0,0,0,4,0,Medium
2022,4,Saturday,18,Sindh,Karachi,National Highway,Good,Clear,Street Light,Bicycle,2,Road Condition,1,1,0,0,9,0,High
2022,12,Saturday,18,AJK,Rawalakot,National Highway,Average,Rainy,Daylight,Car/Taxi,4,Over Speeding,1,1,0,1,8,4,High
2021,4,Sunday,19,Punjab,Gujranwala,Urban Road,Good,Foggy,Street Light,Motorcycle,3,Signal Violation,1,1,0,0,3,1,High
2018,11,Saturday,11,Sindh,Thatta,National Highway,Good,Rainy,No Light,Car/Taxi,4,Over Speeding,0,1,0,1,11,2,High
2022,12,Monday,20,AJK,Rawalakot,Provincial Highway,Good,Clear,Street Light,Rickshaw,1,Over Speeding,1,0,0,1,4,0,Medium
2020,3,Monday,8,AJK,Rawalakot,Rural Road,Average,Clear,Daylight,Bicycle,2,Signal Violation,1,0,0,0,4,1,Medium
2023,12,Tuesday,16,Punjab,Bahawalpur,Urban Road,Poor,Rainy,Daylight,Car/Taxi,2,Wrong Overtaking,0,0,0,1,1,0,Low
2021,9,Monday,7,Punjab,Sheikhupura,National Highway,Poor,Rainy,Daylight,Motorcycle,1,Over Speeding,1,0,0,0,4,3,High
2019,11,Saturday,16,Sindh,Mirpur Khas,Urban Road,Good,Foggy,Daylight,Van/Pickup,2,Signal Violation,0,1,0,1,4,0,Medium
2018,8,Monday,18,Balochistan,Chaman,Urban Road,Poor,Clear,Daylight,Bus/Coach,1,Drunk Driving,1,0,0,0,0,0,Low
2021,5,Saturday,11,Punjab,Rahim Yar Khan,Provincial Highway,Average,Clear,Daylight,Car/Taxi,3,Over Speeding,0,1,0,0,5,0,Medium
2022,5,Wednesday,0,Islamabad,Islamabad,National Highway,Good,Rainy,No Light,Motorcycle,3,Pedestrian Error,0,0,1,0,5,2,High
2023,6,Saturday,4,Punjab,Gujranwala,Rural Road,Good,Clear,No Light,Car/Taxi,2,Over Speeding,0,1,1,0,0,0,Low
2023,3,Sunday,4,Sindh,Jacobabad,Rural Road,Poor,Rainy,Street Light,Motorcycle,2,Wrong Overtaking,0,1,1,0,5,0,High
2023,8,Saturday,16,KPK,Charsadda,Rural Road,Good,Clear,Daylight,Car/Taxi,2,Over Speeding,0,1,0,0,2,2,Medium
2018,4,Tuesday,18,Punjab,Bahawalpur,Rural Road,Poor,Clear,Daylight,Motorcycle,1,Over Speeding,1,0,0,0,3,1,High
2018,4,Thursday,11,Punjab,Faisalabad,Urban Road,Good,Extreme Heat,No Light,Rickshaw,1,Wrong Overtaking,0,0,0,0,1,0,Low
2023,9,Sunday,13,Sindh,Karachi,Provincial Highway,Poor,Clear,Daylight,Van/Pickup,2,Over Speeding,1,1,0,0,5,0,Medium
2020,5,Monday,5,KPK,Charsadda,National Highway,Under Repair,Clear,Dawn/Dusk,Bicycle,2,Over Speeding,0,0,1,0,10,2,High
2021,6,Saturday,19,Punjab,Sheikhupura,Rural Road,Under Repair,Clear,Dawn/Dusk,Car/Taxi,3,Driver Fatigue,1,1,0,0,2,0,Medium
2019,7,Wednesday,17,Sindh,Jacobabad,National Highway,Average,Clear,Daylight,Motorcycle,4,Driver Fatigue,1,0,0,0,3,2,High
2018,10,Monday,1,KPK,Charsadda,National Highway,Good,Extreme Heat,No Light,Car/Taxi,2,Over Speeding,0,0,1,0,2,3,High
2020,11,Friday,4,Sindh,Dadu,Provincial Highway,Average,Clear,No Light,Truck/Lorry,2,Pedestrian Error,0,0,1,1,2,0,Low
2020,12,Wednesday,5,Islamabad,Islamabad,Urban Road,Under Repair,Clear,No Light,Rickshaw,3,Over Speeding,0,0,1,1,4,1,Medium
2021,2,Wednesday,7,Sindh,Kashmore,Urban Road,Good,Dusty/Smoggy,Dawn/Dusk,Car/Taxi,2,Pedestrian Error,1,0,0,1,1,0,Low
2020,1,Thursday,8,Sindh,Kashmore,Provincial Highway,Good,Foggy,Daylight,Motorcycle,1,Wrong Overtaking,1,0,0,1,4,1,Medium
2023,9,Monday,15,Sindh,Kashmore,National Highway,Good,Clear,Daylight,Car/Taxi,3,Signal Violation,0,0,0,0,1,0,Low
2022,8,Tuesday,21,KPK,Swat,National Highway,Good,Foggy,Street Light,Motorcycle,2,Signal Violation,0,0,0,0,7,2,High
2020,1,Wednesday,9,Punjab,Rawalpindi,National Highway,Good,Extreme Heat,Daylight,Car/Taxi,1,Wrong Overtaking,1,0,0,1,1,0,Low
2020,12,Sunday,8,Balochistan,Gwadar,National Highway,Average,Clear,No Light,Rickshaw,2,Wrong Overtaking,1,1,0,1,1,0,Medium
2022,2,Monday,11,Punjab,Rahim Yar Khan,Provincial Highway,Good,Clear,Daylight,Motorcycle,1,Over Speeding,0,0,0,1,11,0,High
2020,6,Sunday,6,Sindh,Sukkur,National Highway,Good,Clear,No Light,Rickshaw,1,Mechanical Failure,0,1,0,0,2,0,Medium
2023,9,Tuesday,15,Sindh,Hyderabad,National Highway,Good,Foggy,Daylight,Motorcycle,2,Mechanical Failure,0,0,0,0,3,2,High
2021,12,Saturday,4,Punjab,Lahore,Urban Road,Average,Clear,Street Light,Bus/Coach,2,Wrong Overtaking,0,1,1,1,0,1,Low
2021,8,Sunday,17,Punjab,Multan,National Highway,Poor,Rainy,Street Light,Truck/Lorry,2,Weather Condition,1,1,0,0,2,0,High
2022,10,Monday,8,Punjab,Gujranwala,Urban Road,Average,Clear,Daylight,Car/Taxi,2,Over Speeding,1,0,0,0,0,0,Low
2023,5,Thursday,17,Punjab,Bahawalpur,Motorway,Good,Clear,Daylight,Rickshaw,2,Driver Fatigue,1,0,0,0,1,0,Medium
2021,2,Friday,11,Balochistan,Loralai,Rural Road,Under Repair,Clear,Daylight,Motorcycle,2,Over Speeding,0,0,0,1,1,0,Medium
2021,7,Wednesday,13,Balochistan,Zhob,Rural Road,Average,Clear,Daylight,Motorcycle,3,Wrong Overtaking,1,0,0,0,1,1,Medium
2020,1,Thursday,8,Punjab,Sialkot,Rural Road,Poor,Foggy,Daylight,Motorcycle,3,Signal Violation,1,0,0,1,5,0,Medium
2019,9,Thursday,4,Punjab,Gujranwala,National Highway,Good,Foggy,Street Light,Rickshaw,2,Signal Violation,0,0,1,0,9,2,High
2021,11,Saturday,9,Balochistan,Gwadar,Urban Road,Poor,Clear,Daylight,Car/Taxi,1,Road Condition,1,1,0,1,1,0,Low
2021,1,Monday,19,Punjab,Bahawalpur,Rural Road,Poor,Clear,Dawn/Dusk,Car/Taxi,2,Mechanical Failure,1,0,0,1,0,1,Low
2021,3,Monday,12,Gilgit-Baltistan,Hunza,Provincial Highway,Poor,Clear,Daylight,Rickshaw,2,Over Speeding,1,0,0,0,1,0,Low
2023,12,Monday,12,Punjab,Rahim Yar Khan,National Highway,Good,Clear,Daylight,Car/Taxi,2,Wrong Overtaking,1,0,0,1,5,0,Medium
2019,2,Thursday,7,KPK,Abbottabad,National Highway,Good,Foggy,Daylight,Car/Taxi,2,Weather Condition,1,0,0,1,3,0,Medium
2023,1,Friday,18,Punjab,Bahawalpur,Provincial Highway,Average,Clear,Dawn/Dusk,Motorcycle,2,Over Speeding,1,0,0,1,6,1,High
2022,1,Thursday,4,Punjab,Gujranwala,Rural Road,Good,Clear,No Light,Motorcycle,2,Over Speeding,0,0,1,1,11,1,High
2019,8,Wednesday,8,Punjab,Lahore,Urban Road,Good,Dusty/Smoggy,Daylight,Car/Taxi,3,Mobile Phone Use,1,0,0,0,1,0,Low
2020,6,Saturday,16,KPK,Charsadda,Urban Road,Average,Clear,Daylight,Motorcycle,2,Pedestrian Error,0,1,0,0,1,0,Low
2019,9,Tuesday,18,Punjab,Sargodha,National Highway,Good,Clear,Daylight,Motorcycle,1,Road Condition,1,0,0,0,5,1,Medium
2019,2,Tuesday,8,Sindh,Jacobabad,National Highway,Good,Clear,Daylight,Bus/Coach,2,Weather Condition,1,0,0,1,2,0,Medium
2021,6,Monday,11,Punjab,Gujranwala,Urban Road,Average,Clear,Daylight,Rickshaw,2,Wrong Overtaking,0,0,0,0,1,0,Low
2020,7,Friday,11,Sindh,Mirpur Khas,Motorway,Good,Rainy,Daylight,Rickshaw,2,Drunk Driving,0,0,0,0,1,0,Medium
2022,5,Saturday,20,Sindh,Jacobabad,National Highway,Poor,Rainy,Street Light,Truck/Lorry,2,Driver Fatigue,1,1,0,0,5,4,High
2023,10,Tuesday,20,Punjab,Sheikhupura,Provincial Highway,Good,Foggy,No Light,Car/Taxi,2,Pedestrian Error,1,0,0,0,0,0,Low
2021,5,Tuesday,23,Punjab,Rahim Yar Khan,Provincial Highway,Average,Extreme Heat,No Light,Bus/Coach,2,Wrong Overtaking,0,0,1,0,1,0,Medium
2020,3,Friday,13,Sindh,Karachi,Rural Road,Poor,Clear,Daylight,Motorcycle,4,Signal Violation,1,0,0,0,1,0,Low
2020,2,Wednesday,22,KPK,Charsadda,National Highway,Average,Extreme Heat,Street Light,Bus/Coach,2,Over Speeding,0,0,1,1,3,1,High
2019,1,Sunday,0,Islamabad,Islamabad,Provincial Highway,Good,Extreme Heat,Street Light,Motorcycle,1,Mechanical Failure,0,1,1,1,4,1,High
2022,1,Tuesday,9,KPK,Dera Ismail Khan,Provincial Highway,Good,Foggy,Daylight,Rickshaw,2,Pedestrian Error,1,0,0,1,3,0,Medium
2018,1,Tuesday,15,Punjab,Sheikhupura,National Highway,Average,Foggy,Daylight,Car/Taxi,2,Signal Violation,0,0,0,1,8,2,High
2023,5,Wednesday,6,Punjab,Sargodha,Urban Road,Good,Rainy,Daylight,Van/Pickup,2,Driver Fatigue,0,0,0,0,5,0,Medium
2021,6,Thursday,11,Punjab,Faisalabad,Rural Road,Average,Clear,Dawn/Dusk,Motorcycle,1,Road Condition,0,0,0,0,2,0,Medium
2020,8,Sunday,12,Punjab,Gujranwala,Rural Road,Under Repair,Rainy,Daylight,Bus/Coach,1,Drunk Driving,1,1,0,0,5,0,Medium
2023,10,Monday,11,Punjab,Multan,National Highway,Good,Rainy,No Light,Motorcycle,3,Road Condition,0,0,0,0,3,0,Medium
2021,1,Thursday,21,Punjab,Sargodha,National Highway,Under Repair,Clear,Street Light,Truck/Lorry,3,Driver Fatigue,0,0,0,1,2,0,High
2023,2,Tuesday,22,Punjab,Rawalpindi,Provincial Highway,Good,Clear,No Light,Car/Taxi,1,Mechanical Failure,0,0,1,1,1,0,Low
2022,1,Thursday,17,Punjab,Bahawalpur,National Highway,Under Repair,Foggy,Daylight,Motorcycle,2,Over Speeding,1,0,0,1,8,1,High
2022,4,Sunday,10,Punjab,Gujranwala,Urban Road,Under Repair,Foggy,Daylight,Motorcycle,3,Signal Violation,0,1,0,0,2,0,Medium
2023,12,Friday,18,Punjab,Sialkot,National Highway,Average,Clear,Daylight,Motorcycle,1,Weather Condition,1,0,0,1,3,0,Medium
2023,12,Friday,17,Punjab,Multan,Rural Road,Poor,Clear,Daylight,Motorcycle,2,Mechanical Failure,1,0,0,1,2,0,Low
2021,4,Tuesday,13,KPK,Nowshera,Provincial Highway,Average,Clear,Daylight,Rickshaw,2,Over Speeding,1,0,0,0,2,1,Low
2018,9,Wednesday,16,Punjab,Sheikhupura,National Highway,Good,Foggy,Daylight,Motorcycle,1,Mechanical Failure,0,0,0,0,5,1,High
2022,5,Friday,14,Punjab,Multan,National Highway,Average,Rainy,Dawn/Dusk,Motorcycle,2,Signal Violation,0,0,0,0,8,0,High
2021,2,Monday,20,Punjab,Sialkot,National Highway,Good,Clear,No Light,Bicycle,3,Over Speeding,1,0,0,1,3,1,High
2022,12,Sunday,19,Sindh,Nawabshah,Provincial Highway,Good,Clear,Street Light,Motorcycle,1,Wrong Overtaking,1,1,0,1,9,2,High
2018,10,Wednesday,18,Balochistan,Quetta,Provincial Highway,Good,Clear,Daylight,Bus/Coach,1,Over Speeding,1,0,0,0,4,0,Medium
2023,1,Monday,12,Punjab,Sheikhupura,Urban Road,Good,Clear,Daylight,Motorcycle,2,Wrong Overtaking,1,0,0,1,1,0,Medium
2019,1,Saturday,10,Sindh,Hyderabad,National Highway,Under Repair,Foggy,Daylight,Motorcycle,3,Driver Fatigue,0,1,0,1,5,2,High
2020,6,Tuesday,6,Sindh,Kashmore,Rural Road,Average,Rainy,No Light,Motorcycle,2,Wrong Overtaking,0,0,0,0,1,1,Medium
2023,1,Monday,9,Sindh,Karachi,National Highway,Under Repair,Clear,Daylight,Bus/Coach,1,Signal Violation,1,0,0,1,3,2,Medium
2022,2,Sunday,11,Balochistan,Hub,Rural Road,Good,Rainy,Daylight,Motorcycle,3,Over Speeding,0,1,0,1,2,0,Medium
2020,1,Friday,18,Balochistan,Turbat,Provincial Highway,Average,Rainy,Daylight,Motorcycle,2,Over Speeding,1,0,0,1,7,0,High
2021,11,Wednesday,13,Punjab,Rahim Yar Khan,National Highway,Good,Foggy,Dawn/Dusk,Other,1,Signal Violation,1,0,0,1,3,0,Medium
2023,10,Wednesday,9,Punjab,Gujranwala,Provincial Highway,Under Repair,Foggy,Daylight,Car/Taxi,3,Over Speeding,1,0,0,0,1,1,Medium
2018,12,Monday,16,KPK,Peshawar,Urban Road,Average,Clear,Daylight,Motorcycle,2,Mechanical Failure,0,0,0,1,2,2,Medium
2021,10,Wednesday,18,Islamabad,Islamabad,National Highway,Poor,Clear,Daylight,Car/Taxi,2,Wrong Overtaking,1,0,0,0,2,0,Low
2023,6,Monday,12,KPK,Nowshera,National Highway,Good,Clear,No Light,Motorcycle,3,Signal Violation,1,0,0,0,10,0,High
2021,1,Saturday,18,Punjab,Multan,National Highway,Good,Foggy,Daylight,Rickshaw,2,Road Condition,1,1,0,1,1,2,Medium
2019,11,Monday,19,Punjab,Bahawalpur,Urban Road,Good,Foggy,Dawn/Dusk,Motorcycle,1,Drunk Driving,1,0,0,1,5,1,High
2022,5,Thursday,8,KPK,Charsadda,Provincial Highway,Good,Clear,Daylight,Rickshaw,3,Over Speeding,1,0,0,0,3,0,Medium
2023,1,Sunday,18,Sindh,Jacobabad,Motorway,Good,Foggy,Daylight,Motorcycle,1,Over Speeding,1,1,0,1,4,1,High
2023,1,Saturday,14,Sindh,Karachi,National Highway,Good,Rainy,No Light,Van/Pickup,2,Mobile Phone Use,0,1,0,1,0,0,Low
2020,5,Monday,1,Sindh,Sukkur,Rural Road,Poor,Clear,Street Light,Van/Pickup,2,Driver Fatigue,0,0,1,0,4,1,Medium
2020,1,Saturday,6,Punjab,Sialkot,Rural Road,Average,Clear,Daylight,Motorcycle,1,Drunk Driving,0,1,0,1,2,1,High
2018,7,Saturday,9,Balochistan,Zhob,National Highway,Poor,Clear,Daylight,Rickshaw,2,Road Condition,1,1,0,0,4,0,Medium
2021,1,Thursday,13,Balochistan,Zhob,Provincial Highway,Good,Clear,Daylight,Bicycle,3,Drunk Driving,1,0,0,1,2,2,High
2021,12,Tuesday,19,Sindh,Hyderabad,Urban Road,Good,Foggy,Daylight,Truck/Lorry,2,Pedestrian Error,1,0,0,1,0,0,Low
2022,5,Monday,11,Sindh,Thatta,Provincial Highway,Poor,Clear,Daylight,Van/Pickup,2,Pedestrian Error,0,0,0,0,0,1,Low
2022,12,Thursday,22,Sindh,Sukkur,National Highway,Good,Clear,Street Light,Van/Pickup,1,Over Speeding,0,0,1,1,4,0,High
2020,4,Thursday,15,Punjab,Gujranwala,Provincial Highway,Good,Clear,Daylight,Truck/Lorry,2,Road Condition,0,0,0,0,5,1,Medium
2022,6,Saturday,7,Punjab,Sheikhupura,Urban Road,Good,Foggy,Daylight,Car/Taxi,1,Over Speeding,1,1,0,0,3,0,Medium
2021,7,Saturday,12,Punjab,Sargodha,Provincial Highway,Average,Clear,Dawn/Dusk,Car/Taxi,1,Over Speeding,1,1,0,0,1,0,Medium
2023,3,Wednesday,18,Balochistan,Sibi,Provincial Highway,Average,Clear,Daylight,Car/Taxi,1,Mechanical Failure,1,0,0,0,2,0,Low
2023,11,Monday,7,Punjab,Multan,National Highway,Under Repair,Clear,Street Light,Rickshaw,2,Wrong Overtaking,1,0,0,1,3,0,Medium
2018,2,Thursday,17,Punjab,Lahore,Motorway,Poor,Clear,Daylight,Car/Taxi,2,Signal Violation,1,0,0,1,1,0,Medium
2021,10,Saturday,4,Sindh,Kashmore,Rural Road,Good,Clear,No Light,Bus/Coach,2,Road Condition,0,1,1,0,5,1,Medium
2022,1,Sunday,13,Punjab,Rawalpindi,Rural Road,Average,Dusty/Smoggy,Daylight,Motorcycle,2,Wrong Overtaking,1,1,0,1,0,0,Low
2019,9,Monday,20,Punjab,Gujranwala,Rural Road,Average,Rainy,No Light,Motorcycle,1,Over Speeding,1,0,0,0,2,2,Medium
2022,8,Monday,20,Sindh,Kashmore,Provincial Highway,Average,Foggy,Street Light,Truck/Lorry,2,Over Speeding,1,0,0,0,10,0,High
2019,9,Tuesday,13,Sindh,Karachi,Provincial Highway,Average,Dusty/Smoggy,Daylight,Truck/Lorry,2,Wrong Overtaking,1,0,0,0,5,0,Medium
2021,4,Friday,8,Sindh,Jacobabad,Urban Road,Good,Foggy,Daylight,Rickshaw,1,Over Speeding,1,0,0,0,3,0,Medium
2019,6,Tuesday,14,Sindh,Karachi,Urban Road,Average,Clear,Daylight,Car/Taxi,1,Wrong Overtaking,0,0,0,0,1,0,Low
2022,2,Sunday,14,KPK,Charsadda,Rural Road,Good,Clear,Daylight,Car/Taxi,2,Wrong Overtaking,0,1,0,1,1,0,Low
2019,3,Tuesday,11,Sindh,Jacobabad,National Highway,Good,Clear,Daylight,Motorcycle,2,Pedestrian Error,0,0,0,0,1,0,Medium
2021,10,Friday,16,Sindh,Hyderabad,Urban Road,Average,Clear,Street Light,Car/Taxi,3,Wrong Overtaking,0,0,0,0,2,0,Low
2018,11,Sunday,21,Punjab,Sargodha,Provincial Highway,Good,Clear,No Light,Truck/Lorry,2,Road Condition,0,1,0,1,0,0,Low
2020,6,Tuesday,21,Sindh,Nawabshah,Rural Road,Good,Clear,Street Light,Truck/Lorry,2,Driver Fatigue,0,0,0,0,1,0,Medium
2022,9,Thursday,19,Punjab,Sargodha,Provincial Highway,Average,Foggy,Dawn/Dusk,Car/Taxi,2,Wrong Overtaking,1,0,0,0,1,0,Low
2020,3,Tuesday,13,Punjab,Lahore,Urban Road,Good,Clear,Dawn/Dusk,Motorcycle,2,Pedestrian Error,1,0,0,0,1,1,Medium
2020,11,Saturday,19,Punjab,Sargodha,Urban Road,Average,Clear,Daylight,Van/Pickup,2,Mechanical Failure,1,1,0,1,2,0,Low
2023,12,Sunday,10,Punjab,Sheikhupura,Urban Road,Good,Clear,Daylight,Motorcycle,1,Mechanical Failure,0,1,0,1,0,0,Low
2022,5,Friday,19,Sindh,Thatta,Provincial Highway,Average,Rainy,Daylight,Rickshaw,1,Pedestrian Error,1,0,0,0,1,0,Low
2022,4,Sunday,14,Sindh,Jacobabad,Urban Road,Average,Clear,No Light,Truck/Lorry,3,Drunk Driving,0,1,0,0,5,0,Medium
2023,12,Thursday,14,Punjab,Faisalabad,Rural Road,Good,Rainy,Daylight,Van/Pickup,2,Signal Violation,0,0,0,1,0,0,Low
2021,6,Monday,17,AJK,Mirpur,Provincial Highway,Good,Rainy,Daylight,Motorcycle,4,Over Speeding,1,0,0,0,10,2,High