year,month,day_of_week,hour_of_day,province,district,road_type,road_condition,weather_condition,lighting_condition,vehicle_type,vehicles_involved,accident_cause,is_rush_hour,is_weekend,is_night,is_foggy_month,num_injured,num_killed,severity
2022,4,Friday,21,Sindh,Jacobabad,National Highway,Average,Clear,Street Light,Car/Taxi,2,Over Speeding,0,0,0,0,5,0,Medium
2021,7,Sunday,9,Balochistan,Turbat,Provincial Highway,Average,Extreme Heat,Daylight,Motorcycle,3,Over Speeding,1,1,0,0,4,3,High
2023,1,Wednesday,13,Sindh,Larkana,Provincial Highway,Average,Rainy,Dawn/Dusk,Motorcycle,2,Wrong Overtaking,1,0,0,1,3,4,High
2023,5,Tuesday,21,Punjab,Lahore,Motorway,Good,Rainy,Street Light,Motorcycle,1,Road Condition,0,0,0,0,2,4,High
2018,5,Tuesday,22,AJK,Rawalakot,Urban Road,Poor,Clear,Street Light,Motorcycle,1,Driver Fatigue,0,0,1,0,11,1,High
2021,11,Sunday,23,Balochistan,Hub,Urban Road,Good,Rainy,No Light,Motorcycle,2,Driver Fatigue,0,1,1,1,4,3,High
2022,12,Wednesday,8,Sindh,Nawabshah,Provincial Highway,Average,Clear,Dawn/Dusk,Motorcycle,2,Over Speeding,1,0,0,1,5,0,Medium
2022,12,Monday,22,Punjab,Rawalpindi,National Highway,Poor,Clear,No Light,Motorcycle,3,Drunk Driving,0,0,1,1,8,3,High
2020,8,Sunday,11,Punjab,Rawalpindi,Rural Road,Good,Clear,Daylight,Car/Taxi,2,Over Speeding,0,1,0,0,1,0,Medium
2018,11,Monday,12,KPK,Dera Ismail Khan,Rural Road,Average,Clear,Daylight,Motorcycle,3,Wrong Overtaking,1,0,0,1,0,0,Low
2021,1,Thursday,21,Punjab,Sialkot,National Highway,Good,Foggy,No Light,Car/Taxi,3,Pedestrian Error,0,0,0,1,1,1,Medium
2018,8,Sunday,5,Sindh,Dadu,Provincial Highway,Good,Rainy,Dawn/Dusk,Motorcycle,1,Mechanical Failure,0,1,1,0,4,2,Medium
2023,1,Thursday,13,Sindh,Hyderabad,Rural Road,Under Repair,Rainy,Daylight,Motorcycle,1,Signal Violation,1,0,0,1,1,0,Medium
2021,9,Saturday,15,Punjab,Faisalabad,Provincial Highway,Good,Clear,Daylight,Car/Taxi,2,Road Condition,0,1,0,0,2,0,Low
2020,4,Monday,6,KPK,Nowshera,National Highway,Average,Clear,Daylight,Rickshaw,1,Mobile Phone Use,0,0,0,0,1,0,Low
2023,9,Sunday,18,KPK,Swat,National Highway,Average,Foggy,No Light,Car/Taxi,2,Signal Violation,1,1,0,0,2,0,Medium
2022,2,Wednesday,13,Punjab,Lahore,National Highway,Poor,Clear,Daylight,Truck/Lorry,1,Mechanical Failure,1,0,0,1,1,0,Low
2020,1,Saturday,13,Sindh,Nawabshah,National Highway,Good,Clear,Daylight,Motorcycle,2,Wrong Overtaking,1,1,0,1,6,1,High
2019,4,Saturday,19,KPK,Bannu,National Highway,Good,Clear,Dawn/Dusk,Bus/Coach,2,Over Speeding,1,1,0,0,1,0,Medium
2021,9,Monday,10,Sindh,Kashmore,Provincial Highway,Poor,Extreme Heat,Daylight,Motorcycle,2,Driver Fatigue,0,0,0,0,4,0,Medium
2018,11,Friday,10,Sindh,Nawabshah,Rural Road,Good,Clear,No Light,Bicycle,1,Over Speeding,0,0,0,1,3,1,Medium
2020,12,Saturday,7,Punjab,Sialkot,Rural Road,Good,Rainy,Daylight,Car/Taxi,1,Pedestrian Error,1,1,0,1,1,1,Low
2018,9,Wednesday,16,Punjab,Multan,National Highway,Average,Clear,Daylight,Bus/Coach,1,Over Speeding,0,0,0,0,5,2,High
2023,11,Monday,13,Gilgit-Baltistan,Hunza,Provincial Highway,Poor,Clear,Dawn/Dusk,Motorcycle,1,Mechanical Failure,1,0,0,1,2,0,Medium
2021,8,Saturday,21,Sindh,Karachi,Rural Road,Good,Clear,Street Light,Motorcycle,2,Over Speeding,0,1,0,0,11,1,High
2023,12,Tuesday,11,Punjab,Sargodha,National Highway,Good,Rainy,Daylight,Motorcycle,2,Signal Violation,0,0,0,1,5,1,High
2018,12,Saturday,0,KPK,Swat,National Highway,Good,Clear,Street Light,Rickshaw,1,Wrong Overtaking,0,1,1,1,4,0,Medium
2021,1,Thursday,1,Sindh,Dadu,Urban Road,Average,Rainy,No Light,Motorcycle,2,Over Speeding,0,0,1,1,10,2,High
2023,11,Saturday,20,Punjab,Multan,Provincial Highway,Under Repair,Foggy,No Light,Motorcycle,3,Over Speeding,1,1,0,1,7,1,High
2020,8,Saturday,13,Balochistan,Sibi,Urban Road,Poor,Clear,Daylight,Motorcycle,1,Wrong Overtaking,1,1,0,0,0,0,Low
2023,9,Wednesday,20,Punjab,Lahore,National Highway,Good,Extreme Heat,Street Light,Motorcycle,3,Wrong Overtaking,1,0,0,0,3,2,High
2022,6,Wednesday,6,Sindh,Kashmore,National Highway,Good,Foggy,Street Light,Bus/Coach,3,Wrong Overtaking,0,0,0,0,6,1,High
2019,9,Saturday,16,Sindh,Larkana,National Highway,Average,Foggy,Street Light,Motorcycle,3,Driver Fatigue,0,1,0,0,7,3,High
2023,4,Tuesday,18,Punjab,Faisalabad,National Highway,Average,Clear,Daylight,Motorcycle,2,Signal Violation,1,0,0,0,4,0,High
2021,2,Saturday,17,KPK,Mansehra,National Highway,Good,Foggy,Daylight,Motorcycle,1,Road Condition,1,1,0,1,10,0,High
2023,3,Sunday,18,Sindh,Dadu,Provincial Highway,Poor,Extreme Heat,Daylight,Truck/Lorry,4,Driver Fatigue,1,1,0,0,3,1,Medium
2022,12,Monday,6,KPK,Mardan,Provincial Highway,Average,Clear,Daylight,Motorcycle,2,Signal Violation,0,0,0,1,4,0,Medium
2023,10,Sunday,14,Punjab,Faisalabad,Rural Road,Good,Rainy,Daylight,Motorcycle,2,Over Speeding,0,1,0,0,5,1,High
2023,10,Thursday,21,Islamabad,Islamabad,Provincial Highway,Poor,Clear,No Light,Motorcycle,3,Drunk Driving,0,0,0,0,9,1,High
2019,2,Friday,20,Punjab,Lahore,Rural Road,Average,Clear,No Light,Motorcycle,2,Wrong Overtaking,1,0,0,1,1,0,Low
2020,2,Saturday,5,Sindh,Dadu,Urban Road,Good,Clear,Street Light,Motorcycle,3,Road Condition,0,1,1,1,4,0,Medium
2022,7,Friday,8,Islamabad,Islamabad,Rural Road,Good,Clear,Dawn/Dusk,Rickshaw,1,Road Condition,1,0,0,0,1,0,Low
2021,8,Thursday,17,Punjab,Lahore,National Highway,Good,Clear,Daylight,Motorcycle,1,Road Condition,1,0,0,0,2,1,Medium
2023,7,Monday,7,Punjab,Faisalabad,Rural Road,Good,Extreme Heat,Daylight,Car/Taxi,3,Road Condition,1,0,0,0,2,0,Low
2020,5,Saturday,7,Gilgit-Baltistan,Gilgit,Provincial Highway,Good,Extreme Heat,Daylight,Car/Taxi,1,Wrong Overtaking,1,1,0,0,2,1,Low
2019,7,Saturday,8,AJK,Rawalakot,National Highway,Average,Clear,Daylight,Motorcycle,2,Wrong Overtaking,1,1,0,0,7,2,High
2022,2,Saturday,16,KPK,Bannu,Provincial Highway,Poor,Clear,Daylight,Bus/Coach,2,Road Condition,0,1,0,1,2,0,Low
2019,10,Sunday,16,Sindh,Karachi,National Highway,Under Repair,Foggy,Daylight,Van/Pickup,2,Over Speeding,0,1,0,0,3,2,High
2021,6,Saturday,10,Sindh,Thatta,Motorway,Good,Clear,Daylight,Car/Taxi,1,Mechanical Failure,0,1,0,0,2,0,Low
2018,5,Wednesday,17,Punjab,Lahore,Provincial Highway,Poor,Clear,Daylight,Motorcycle,1,Road Condition,1,0,0,0,1,1,Medium
2022,11,Wednesday,12,Sindh,Dadu,National Highway,Average,Rainy,Daylight,Bicycle,1,Road Condition,1,0,0,1,5,1,High
2022,10,Sunday,14,Sindh,Kashmore,National Highway,Good,Clear,Dawn/Dusk,Motorcycle,3,Over Speeding,0,1,0,0,7,1,High
2021,3,Monday,19,Punjab,Faisalabad,Motorway,Good,Foggy,Dawn/Dusk,Van/Pickup,2,Pedestrian Error,1,0,0,0,2,0,Medium
2020,9,Saturday,15,Sindh,Sukkur,Urban Road,Under Repair,Clear,Daylight,Car/Taxi,2,Weather Condition,0,1,0,0,1,0,Low
2021,6,Sunday,6,Sindh,Kashmore,Provincial Highway,Under Repair,Rainy,Daylight,Car/Taxi,2,Pedestrian Error,0,1,0,0,0,0,Low
2020,8,Monday,6,KPK,Swat,National Highway,Good,Clear,Daylight,Truck/Lorry,1,Drunk Driving,0,0,0,0,5,0,Medium
2023,1,Saturday,9,Sindh,Sukkur,Provincial Highway,Average,Dusty/Smoggy,Daylight,Bicycle,1,Signal Violation,1,1,0,1,2,1,Medium
2019,6,Thursday,9,Balochistan,Turbat,Rural Road,Under Repair,Clear,Street Light,Car/Taxi,4,Drunk Driving,1,0,0,0,0,0,Low
2021,2,Sunday,17,Punjab,Gujranwala,Provincial Highway,Good,Clear,Daylight,Rickshaw,3,Over Speeding,1,1,0,1,5,0,Medium
2023,1,Saturday,16,Punjab,Faisalabad,National Highway,Poor,Clear,Daylight,Motorcycle,1,Wrong Overtaking,0,1,0,1,3,0,Medium
2023,9,Monday,10,Sindh,Hyderabad,Rural Road,Average,Clear,Daylight,Other,2,Signal Violation,0,0,0,0,2,0,Low
2022,6,Thursday,21,Punjab,Bahawalpur,Rural Road,Good,Rainy,No Light,Rickshaw,2,Road Condition,0,0,0,0,2,0,Low
2019,3,Wednesday,10,Punjab,Faisalabad,National Highway,Poor,Clear,No Light,Car/Taxi,2,Driver Fatigue,0,0,0,0,2,1,Medium
2022,7,Saturday,16,KPK,Charsadda,Provincial Highway,Good,Clear,Daylight,Car/Taxi,1,Pedestrian Error,0,1,0,0,2,0,Low
2023,6,Sunday,13,Punjab,Bahawalpur,Urban Road,Under Repair,Clear,Daylight,Truck/Lorry,2,Signal Violation,1,1,0,0,0,0,Low
2018,7,Friday,17,Balochistan,Quetta,National Highway,Good,Rainy,Daylight,Truck/Lorry,1,Signal Violation,1,0,0,0,7,0,High
2021,5,Saturday,9,Sindh,Mirpur Khas,Provincial Highway,Under Repair,Rainy,Daylight,Motorcycle,3,Driver Fatigue,1,1,0,0,4,0,High
2022,4,Tuesday,22,Punjab,Sheikhupura,Provincial Highway,Average,Foggy,Street Light,Motorcycle,2,Mechanical Failure,0,0,1,0,3,0,High
2019,10,Monday,6,Sindh,Thatta,Provincial Highway,Average,Clear,Daylight,Motorcycle,1,Road Condition,0,0,0,0,0,0,Low
2018,6,Saturday,12,KPK,Dera Ismail Khan,Provincial Highway,Average,Clear,Daylight,Motorcycle,2,Wrong Overtaking,1,1,0,0,10,2,High
2022,7,Sunday,9,Sindh,Dadu,National Highway,Poor,Foggy,Daylight,Motorcycle,2,Over Speeding,1,1,0,0,9,0,High
2022,12,Sunday,9,Balochistan,Khuzdar,Urban Road,Poor,Rainy,Daylight,Motorcycle,2,Signal Violation,1,1,0,1,4,3,High
2022,12,Monday,20,KPK,Mardan,National Highway,Poor,Clear,Street Light,Bicycle,1,Drunk Driving,1,0,0,1,3,2,High
2021,12,Tuesday,12,Punjab,Lahore,National Highway,Good,Foggy,No Light,Bicycle,2,Mechanical Failure,1,0,0,1,3,1,High
2021,2,Saturday,7,Punjab,Bahawalpur,National Highway,Poor,Clear,Daylight,Car/Taxi,2,Wrong Overtaking,1,1,0,1,1,0,Low
2020,11,Thursday,6,Sindh,Thatta,Rural Road,Average,Clear,Daylight,Motorcycle,4,Wrong Overtaking,0,0,0,1,0,0,Low
2021,6,Tuesday,7,Punjab,Bahawalpur,Motorway,Good,Extreme Heat,Daylight,Motorcycle,3,Wrong Overtaking,1,0,0,0,6,4,High
2023,5,Sunday,11,Sindh,Sukkur,National Highway,Good,Clear,Daylight,Car/Taxi,3,Road Condition,0,1,0,0,2,0,Low
2022,8,Sunday,16,KPK,Peshawar,Urban Road,Good,Foggy,Daylight,Truck/Lorry,2,Road Condition,0,1,0,0,3,1,Medium
2020,4,Sunday,18,Sindh,Dadu,Rural Road,Average,Clear,Daylight,Bicycle,3,Wrong Overtaking,1,1,0,0,4,1,Medium
2020,8,Saturday,15,Punjab,Sargodha,National Highway,Poor,Clear,Daylight,Bus/Coach,2,Road Condition,0,1,0,0,0,0,Low
2020,10,Friday,19,Sindh,Nawabshah,Rural Road,Good,Extreme Heat,Street Light,Motorcycle,3,Wrong Overtaking,1,0,0,0,1,0,Medium
2023,11,Saturday,19,Punjab,Sargodha,Provincial Highway,Good,Clear,Daylight,Motorcycle,4,Over Speeding,1,1,0,1,5,0,Medium
2019,12,Friday,18,KPK,Mansehra,Motorway,Average,Clear,Dawn/Dusk,Car/Taxi,1,Over Speeding,1,0,0,1,5,1,Medium
2020,4,Thursday,16,KPK,Swat,Rural Road,Poor,Clear,Daylight,Car/Taxi,3,Over Speeding,0,0,0,0,5,0,Medium
2023,7,Saturday,7,Sindh,Hyderabad,Provincial Highway,Good,Foggy,No Light,Motorcycle,1,Mechanical Failure,1,1,0,0,11,2,High
2020,4,Sunday,18,Punjab,Lahore,Provincial Highway,Good,Clear,Daylight,Motorcycle,2,Road Condition,1,1,0,0,1,0,Low
2022,11,Saturday,11,KPK,Bannu,Rural Road,Average,Foggy,Daylight,Car/Taxi,1,Over Speeding,0,1,0,1,1,0,Medium
2023,9,Monday,21,Sindh,Hyderabad,Urban Road,Poor,Clear,Street Light,Car/Taxi,3,Over Speeding,0,0,0,0,2,0,Low
2020,2,Thursday,8,Punjab,Sialkot,Provincial Highway,Poor,Foggy,Daylight,Bicycle,1,Over Speeding,1,0,0,1,8,1,High
2023,3,Saturday,19,Balochistan,Chaman,National Highway,Good,Rainy,No Light,Car/Taxi,2,Wrong Overtaking,1,1,0,0,9,3,High
2021,8,Friday,13,KPK,Nowshera,Urban Road,Poor,Clear,Daylight,Motorcycle,3,Signal Violation,1,0,0,0,2,0,Low
2021,4,Monday,2,Sindh,Dadu,Urban Road,Average,Clear,No Light,Rickshaw,2,Pedestrian Error,0,0,1,0,1,0,Low
2019,3,Saturday,22,Sindh,Dadu,Provincial Highway,Poor,Rainy,Street Light,Motorcycle,1,Mobile Phone Use,0,1,1,0,9,2,High
2023,9,Sunday,7,Islamabad,Islamabad,National Highway,Under Repair,Clear,Daylight,Rickshaw,1,Signal Violation,1,1,0,0,2,0,Medium
2021,11,Monday,12,KPK,Swat,National Highway,Average,Extreme Heat,Daylight,Car/Taxi,2,Signal Violation,1,0,0,1,3,0,Medium
2020,3,Friday,8,Sindh,Dadu,National Highway,Good,Clear,Daylight,Bicycle,3,Signal Violation,1,0,0,0,2,0,Medium
2020,7,Monday,15,Sindh,Kashmore,Provincial Highway,Poor,Foggy,Dawn/Dusk,Rickshaw,2,Road Condition,0,0,0,0,1,2,Medium
2021,4,Saturday,13,Punjab,Faisalabad,Provincial Highway,Good,Clear,Daylight,Car/Taxi,2,Signal Violation,1,1,0,0,4,1,Medium
2020,12,Thursday,9,Punjab,Lahore,National Highway,Poor,Extreme Heat,Daylight,Rickshaw,1,Over Speeding,1,0,0,1,3,0,Medium
2019,9,Friday,19,Punjab,Sialkot,Provincial Highway,Poor,Clear,Dawn/Dusk,Motorcycle,1,Over Speeding,1,0,0,0,7,0,High
2019,12,Tuesday,18,Punjab,Multan,Urban Road,Poor,Clear,Daylight,Van/Pickup,1,Over Speeding,1,0,0,1,2,1,Low
2021,8,Sunday,2,KPK,Swat,National Highway,Average,Foggy,No Light,Rickshaw,2,Wrong Overtaking,0,1,1,0,2,2,High
2018,6,Tuesday,14,Punjab,Rahim Yar Khan,Motorway,Poor,Rainy,Daylight,Motorcycle,1,Mobile Phone Use,0,0,0,0,4,2,Medium
2022,4,Thursday,12,KPK,Dera Ismail Khan,National Highway,Poor,Clear,Street Light,Motorcycle,2,Wrong Overtaking,1,0,0,0,9,1,High
2022,2,Wednesday,17,Sindh,Karachi,Urban Road,Good,Clear,Daylight,Car/Taxi,2,Road Condition,1,0,0,1,2,0,Low
2019,9,Monday,20,Punjab,Sialkot,Urban Road,Poor,Extreme Heat,No Light,Motorcycle,2,Over Speeding,1,0,0,0,1,0,Medium
2021,3,Saturday,7,Punjab,Rawalpindi,National Highway,Good,Rainy,Daylight,Van/Pickup,1,Mobile Phone Use,1,1,0,0,5,1,Medium
2021,7,Friday,21,Sindh,Jacobabad,Rural Road,Good,Clear,Street Light,Motorcycle,1,Over Speeding,0,0,0,0,3,1,Medium
2021,10,Friday,11,Punjab,Lahore,Provincial Highway,Good,Clear,Daylight,Truck/Lorry,2,Wrong Overtaking,0,0,0,0,2,0,Low
2020,11,Friday,19,Sindh,Thatta,National Highway,Poor,Clear,No Light,Rickshaw,3,Over Speeding,1,0,0,1,5,1,Medium
2023,6,Saturday,20,KPK,Bannu,National Highway,Poor,Rainy,Street Light,Rickshaw,2,Road Condition,1,1,0,0,1,0,Medium
2018,5,Thursday,19,Sindh,Larkana,Provincial Highway,Good,Clear,Dawn/Dusk,Motorcycle,2,Road Condition,1,0,0,0,2,0,Low
2023,12,Saturday,8,KPK,Kohat,National Highway,Good,Rainy,Daylight,Van/Pickup,2,Mobile Phone Use,1,1,0,1,2,0,Medium
2023,4,Tuesday,19,KPK,Charsadda,Urban Road,Average,Rainy,No Light,Motorcycle,2,Over Speeding,1,0,0,0,3,0,High
2023,1,Thursday,5,KPK,Kohat,Provincial Highway,Good,Rainy,Dawn/Dusk,Motorcycle,1,Over Speeding,0,0,1,1,7,1,High
2022,1,Thursday,21,Punjab,Rahim Yar Khan,National Highway,Under Repair,Clear,No Light,Motorcycle,1,Driver Fatigue,0,0,0,1,6,4,High
2023,6,Sunday,8,Gilgit-Baltistan,Gilgit,Urban Road,Poor,Foggy,Daylight,Bus/Coach,2,Mechanical Failure,1,1,0,0,0,0,Low
2018,2,Monday,7,Sindh,Hyderabad,Rural Road,Average,Foggy,Dawn/Dusk,Van/Pickup,3,Wrong Overtaking,1,0,0,1,2,0,Low
2022,1,Monday,11,KPK,Dera Ismail Khan,Rural Road,Under Repair,Clear,Daylight,Car/Taxi,4,Pedestrian Error,0,0,0,1,2,0,Low
2022,5,Thursday,21,KPK,Mardan,Provincial Highway,Good,Clear,No Light,Car/Taxi,2,Wrong Overtaking,0,0,0,0,3,1,Medium
2018,7,Thursday,17,Sindh,Karachi,Motorway,Poor,Clear,Daylight,Car/Taxi,1,Wrong Overtaking,1,0,0,0,0,0,Low
2021,5,Friday,18,Gilgit-Baltistan,Skardu,National Highway,Average,Clear,Daylight,Motorcycle,3,Signal Violation,1,0,0,0,4,3,High
2018,12,Thursday,19,Punjab,Bahawalpur,Provincial Highway,Good,Clear,No Light,Motorcycle,2,Driver Fatigue,1,0,0,1,2,1,Medium
2023,9,Wednesday,6,Sindh,Kashmore,Provincial Highway,Average,Extreme Heat,Street Light,Car/Taxi,3,Drunk Driving,0,0,0,0,1,1,Medium
2023,7,Monday,10,Punjab,Rahim Yar Khan,Provincial Highway,Good,Rainy,No Light,Truck/Lorry,2,Road Condition,0,0,0,0,1,0,Low
2021,7,Thursday,12,Punjab,Rahim Yar Khan,National Highway,Poor,Foggy,Street Light,Car/Taxi,2,Pedestrian Error,1,0,0,0,5,0,Medium
2018,6,Thursday,17,KPK,Dera Ismail Khan,Urban Road,Good,Clear,Daylight,Car/Taxi,2,Driver Fatigue,1,0,0,0,1,0,Low
2018,6,Thursday,4,Punjab,Faisalabad,National Highway,Good,Foggy,No Light,Motorcycle,1,Wrong Overtaking,0,0,1,0,8,1,High
2023,3,Saturday,14,Balochistan,Loralai,Urban Road,Good,Foggy,Daylight,Motorcycle,2,Pedestrian Error,0,1,0,0,1,0,Medium
2023,1,Wednesday,10,Sindh,Thatta,Urban Road,Poor,Foggy,Daylight,Car/Taxi,1,Road Condition,0,0,0,1,1,0,Low
2023,5,Friday,18,Sindh,Kashmore,National Highway,Good,Clear,Daylight,Motorcycle,2,Pedestrian Error,1,0,0,0,5,1,Medium
2019,1,Tuesday,7,Punjab,Lahore,National Highway,Poor,Clear,Daylight,Motorcycle,3,Driver Fatigue,1,0,0,1,2,2,High
2022,7,Sunday,17,Punjab,Rawalpindi,Rural Road,Average,Foggy,Daylight,Bus/Coach,3,Over Speeding,1,1,0,0,2,0,Medium
2021,9,Friday,2,Islamabad,Islamabad,Urban Road,Poor,Dusty/Smoggy,Street Light,Truck/Lorry,1,Wrong Overtaking,0,0,1,0,3,0,Medium
2018,5,Tuesday,22,KPK,Mansehra,Provincial Highway,Good,Clear,Street Light,Bus/Coach,2,Signal Violation,0,0,1,0,3,2,High
2020,1,Monday,14,Punjab,Sargodha,Provincial Highway,Poor,Rainy,Daylight,Car/Taxi,2,Wrong Overtaking,0,0,0,1,0,0,Low
2018,3,Wednesday,21,Punjab,Gujranwala,Rural Road,Average,Clear,No Light,Bus/Coach,3,Mechanical Failure,0,0,0,0,1,0,Low
2023,4,Thursday,19,Punjab,Sargodha,Rural Road,Average,Clear,Daylight,Car/Taxi,2,Wrong Overtaking,1,0,0,0,2,0,Low
2019,12,Monday,13,Punjab,Sialkot,Urban Road,Good,Foggy,Daylight,Motorcycle,1,Over Speeding,1,0,0,1,5,0,Medium
2023,11,Monday,15,KPK,Nowshera,National Highway,Average,Rainy,Daylight,Motorcycle,1,Pedestrian Error,0,0,0,1,7,2,High
2022,12,Saturday,18,KPK,Swat,Provincial Highway,Under Repair,Clear,Daylight,Car/Taxi,3,Drunk Driving,1,1,0,1,4,1,Medium
2022,11,Sunday,18,Sindh,Hyderabad,National Highway,Good,Clear,No Light,Car/Taxi,1,Road Condition,1,1,0,1,2,0,Medium
2023,6,Thursday,9,Balochistan,Chaman,Urban Road,Average,Clear,Daylight,Motorcycle,2,Wrong Overtaking,1,0,0,0,5,1,Medium
2020,4,Friday,11,Punjab,Lahore,Provincial Highway,Average,Dusty/Smoggy,Street Light,Other,1,Driver Fatigue,0,0,0,0,1,2,Medium
2019,6,Sunday,6,Sindh,Larkana,National Highway,Under Repair,Clear,Daylight,Rickshaw,1,Signal Violation,0,1,0,0,2,2,Medium
2023,12,Saturday,19,KPK,Swat,Urban Road,Good,Clear,Daylight,Car/Taxi,2,Over Speeding,1,1,0,1,2,0,Low
2018,6,Monday,10,Punjab,Lahore,Provincial Highway,Under Repair,Clear,Daylight,Bicycle,2,Wrong Overtaking,0,0,0,0,6,0,High
2021,9,Saturday,13,Punjab,Bahawalpur,Urban Road,Good,Clear,Dawn/Dusk,Motorcycle,2,Over Speeding,1,1,0,0,5,1,Medium
2021,9,Sunday,8,Sindh,Nawabshah,National Highway,Average,Extreme Heat,Daylight,Car/Taxi,1,Wrong Overtaking,1,1,0,0,1,1,Medium
2023,3,Sunday,8,Punjab,Faisalabad,Provincial Highway,Average,Clear,Daylight,Motorcycle,1,Mobile Phone Use,1,1,0,0,5,2,Medium
2020,7,Monday,8,Sindh,Larkana,National Highway,Average,Extreme Heat,Dawn/Dusk,Motorcycle,3,Over Speeding,1,0,0,0,10,1,High
2023,5,Saturday,2,Sindh,Jacobabad,Provincial Highway,Poor,Foggy,No Light,Van/Pickup,1,Mechanical Failure,0,1,1,0,2,1,Low
2023,1,Tuesday,20,Punjab,Sheikhupura,Urban Road,Good,Clear,Street Light,Motorcycle,2,Wrong Overtaking,1,0,0,1,2,0,Medium
2023,6,Thursday,9,Punjab,Sargodha,Provincial Highway,Good,Clear,Daylight,Car/Taxi,3,Over Speeding,1,0,0,0,3,0,Medium
2023,6,Wednesday,9,Punjab,Faisalabad,National Highway,Good,Clear,Dawn/Dusk,Motorcycle,1,Over Speeding,1,0,0,0,7,0,High
2019,7,Thursday,19,Sindh,Karachi,Rural Road,Good,Clear,No Light,Car/Taxi,2,Road Condition,1,0,0,0,0,0,Low
2018,12,Friday,18,Punjab,Rahim Yar Khan,Urban Road,Good,Clear,Daylight,Bus/Coach,3,Over Speeding,1,0,0,1,1,1,Medium
2022,12,Wednesday,18,Balochistan,Loralai,National Highway,Average,Clear,Street Light,Motorcycle,3,Road Condition,1,0,0,1,4,2,Medium
2023,5,Wednesday,18,KPK,Bannu,Urban Road,Poor,Clear,Dawn/Dusk,Car/Taxi,2,Road Condition,1,0,0,0,1,0,Low
2023,12,Friday,12,Punjab,Faisalabad,Rural Road,Good,Foggy,Daylight,Motorcycle,3,Wrong Overtaking,1,0,0,1,6,0,High
2021,1,Thursday,14,KPK,Abbottabad,Urban Road,Good,Clear,Daylight,Van/Pickup,2,Signal Violation,0,0,0,1,0,0,Low
2020,9,Wednesday,16,Sindh,Larkana,National Highway,Good,Dusty/Smoggy,Daylight,Motorcycle,4,Signal Violation,0,0,0,0,4,1,High
2021,5,Tuesday,10,Punjab,Sheikhupura,Rural Road,Poor,Foggy,Dawn/Dusk,Car/Taxi,1,Signal Violation,0,0,0,0,1,0,Low
2023,2,Thursday,15,Sindh,Jacobabad,National Highway,Average,Clear,Daylight,Bus/Coach,2,Mechanical Failure,0,0,0,1,4,1,Medium
2020,12,Wednesday,7,KPK,Mardan,Rural Road,Good,Clear,Daylight,Truck/Lorry,2,Over Speeding,1,0,0,1,2,0,Low
2021,10,Saturday,6,Punjab,Multan,National Highway,Poor,Extreme Heat,Street Light,Motorcycle,1,Road Condition,0,1,0,0,2,1,Medium
2023,12,Saturday,15,Punjab,Multan,Urban Road,Poor,Clear,Daylight,Rickshaw,1,Road Condition,0,1,0,1,1,0,Low
2019,6,Sunday,11,Punjab,Multan,Rural Road,Poor,Foggy,Daylight,Bus/Coach,1,Wrong Overtaking,0,1,0,0,1,0,Medium
2019,6,Friday,17,Punjab,Rahim Yar Khan,Provincial Highway,Good,Clear,Daylight,Rickshaw,2,Signal Violation,1,0,0,0,3,0,Medium
2022,5,Sunday,5,Punjab,Sargodha,Urban Road,Good,Foggy,Street Light,Motorcycle,1,Driver Fatigue,0,1,1,0,9,1,High
2019,6,Sunday,13,Sindh,Nawabshah,Urban Road,Good,Clear,Daylight,Motorcycle,2,Wrong Overtaking,1,1,0,0,5,1,Medium
2023,7,Monday,12,Punjab,Faisalabad,National Highway,Average,Clear,Street Light,Motorcycle,3,Wrong Overtaking,1,0,0,0,1,0,Medium
2020,7,Saturday,1,Punjab,Rahim Yar Khan,Urban Road,Poor,Foggy,No Light,Bicycle,2,Wrong Overtaking,0,1,1,0,6,4,High
2022,9,Monday,10,Punjab,Faisalabad,National Highway,Under Repair,Clear,Daylight,Motorcycle,3,Over Speeding,0,0,0,0,3,0,High
2019,2,Saturday,13,KPK,Abbottabad,Motorway,Good,Clear,Daylight,Rickshaw,2,Wrong Overtaking,1,1,0,1,3,2,Medium
2020,10,Sunday,11,Punjab,Rahim Yar Khan,Rural Road,Poor,Clear,Daylight,Bus/Coach,1,Wrong Overtaking,0,1,0,0,1,0,Low
2020,8,Monday,15,Punjab,Lahore,Rural Road,Poor,Foggy,Street Light,Car/Taxi,2,Over Speeding,0,0,0,0,2,0,Low
2020,5,Thursday,17,Sindh,Dadu,Motorway,Poor,Clear,Daylight,Car/Taxi,2,Wrong Overtaking,1,0,0,0,1,0,Medium
2019,12,Thursday,7,KPK,Nowshera,National Highway,Poor,Clear,Daylight,Van/Pickup,2,Wrong Overtaking,1,0,0,1,1,1,Medium
2023,2,Saturday,3,Sindh,Jacobabad,National Highway,Good,Clear,No Light,Truck/Lorry,2,Pedestrian Error,0,1,1,1,2,1,Medium
2018,4,Tuesday,19,Punjab,Sheikhupura,Urban Road,Good,Clear,No Light,Motorcycle,4,Mechanical Failure,1,0,0,0,0,0,Low
2019,6,Tuesday,18,Punjab,Sargodha,National Highway,Poor,Clear,Daylight,Bicycle,1,Over Speeding,1,0,0,0,7,0,High
2018,11,Monday,0,Punjab,Lahore,National Highway,Good,Clear,Street Light,Motorcycle,2,Road Condition,0,0,1,1,10,1,High