year,month,day_of_week,hour_of_day,province,district,road_type,road_condition,weather_condition,lighting_condition,vehicle_type,vehicles_involved,accident_cause,is_rush_hour,is_weekend,is_night,is_foggy_month,num_injured,num_killed,severity
2022,1,Sunday,7,Sindh,Larkana,Provincial Highway,Good,Extreme Heat,Daylight,Bus/Coach,1,Pedestrian Error,1,1,0,1,2,0,Low
2021,2,Friday,18,Punjab,Sheikhupura,Urban Road,Under Repair,Clear,Daylight,Motorcycle,2,Over Speeding,1,0,0,1,5,0,Medium
2022,12,Monday,22,Punjab,Sialkot,Rural Road,Average,Clear,Street Light,Van/Pickup,1,Drunk Driving,0,0,1,1,0,0,Low
2021,12,Sunday,9,Sindh,Thatta,Urban Road,Average,Clear,Daylight,Van/Pickup,2,Wrong Overtaking,1,1,0,1,1,0,Low
2019,3,Saturday,8,Punjab,Rawalpindi,National Highway,Good,Clear,Dawn/Dusk,Motorcycle,1,Over Speeding,1,1,0,0,4,4,High
2018,8,Sunday,20,KPK,Mansehra,National Highway,Average,Foggy,Street Light,Motorcycle,1,Signal Violation,1,1,0,0,2,3,High
2020,7,Wednesday,5,Punjab,Multan,Provincial Highway,Good,Clear,Dawn/Dusk,Car/Taxi,2,Weather Condition,0,0,1,0,1,0,Low
2022,12,Sunday,18,AJK,Rawalakot,Urban Road,Average,Foggy,Daylight,Van/Pickup,1,Road Condition,1,1,0,1,1,1,Low
2020,9,Friday,4,Islamabad,Islamabad,National Highway,Average,Clear,No Light,Motorcycle,1,Wrong Overtaking,0,0,1,0,6,1,High
2020,2,Thursday,8,KPK,Charsadda,National Highway,Good,Foggy,Daylight,Motorcycle,2,Over Speeding,1,0,0,1,8,0,High
2020,6,Saturday,7,Islamabad,Islamabad,Provincial Highway,Good,Clear,Daylight,Car/Taxi,1,Mechanical Failure,1,1,0,0,0,0,Low
2022,2,Monday,19,Punjab,Rawalpindi,Urban Road,Good,Rainy,Daylight,Truck/Lorry,1,Wrong Overtaking,1,0,0,1,0,0,Low
2023,7,Sunday,18,KPK,Kohat,Urban Road,Poor,Clear,Daylight,Motorcycle,2,Pedestrian Error,1,1,0,0,0,0,Low
2018,8,Thursday,23,Punjab,Faisalabad,Provincial Highway,Good,Clear,Street Light,Motorcycle,1,Over Speeding,0,0,1,0,10,0,High
2018,7,Monday,15,KPK,Nowshera,Provincial Highway,Good,Clear,Street Light,Car/Taxi,2,Mechanical Failure,0,0,0,0,1,0,Low
2021,9,Monday,8,Punjab,Sheikhupura,National Highway,Average,Clear,Daylight,Truck/Lorry,1,Over Speeding,1,0,0,0,5,2,Medium
2019,7,Sunday,1,Punjab,Gujranwala,Provincial Highway,Good,Dusty/Smoggy,Street Light,Motorcycle,3,Over Speeding,0,1,1,0,5,0,High
2022,4,Friday,17,Islamabad,Islamabad,Provincial Highway,Good,Rainy,Daylight,Van/Pickup,1,Driver Fatigue,1,0,0,0,3,0,Medium
2021,1,Friday,9,Punjab,Sheikhupura,National Highway,Average,Clear,Daylight,Truck/Lorry,2,Wrong Overtaking,1,0,0,1,2,4,High
2020,12,Sunday,16,KPK,Mardan,Provincial Highway,Under Repair,Clear,Daylight,Bus/Coach,1,Drunk Driving,0,1,0,1,5,0,Medium
2019,8,Tuesday,13,KPK,Charsadda,Urban Road,Good,Clear,Street Light,Truck/Lorry,3,Over Speeding,1,0,0,0,1,0,Low
2021,8,Saturday,2,Punjab,Rawalpindi,Urban Road,Poor,Clear,Street Light,Motorcycle,2,Over Speeding,0,1,1,0,9,1,High
2020,3,Sunday,18,Sindh,Kashmore,Provincial Highway,Average,Clear,Daylight,Motorcycle,2,Mobile Phone Use,1,1,0,0,2,1,Medium
2023,9,Friday,9,Punjab,Gujranwala,National Highway,Good,Foggy,Daylight,Car/Taxi,2,Signal Violation,1,0,0,0,2,2,Medium
2020,7,Friday,14,Islamabad,Islamabad,Urban Road,Good,Foggy,Daylight,Motorcycle,1,Wrong Overtaking,0,0,0,0,7,0,High
2021,8,Tuesday,14,Islamabad,Islamabad,National Highway,Poor,Clear,No Light,Bus/Coach,2,Over Speeding,0,0,0,0,5,1,High
2022,7,Saturday,19,KPK,Abbottabad,National Highway,Good,Foggy,Dawn/Dusk,Car/Taxi,2,Road Condition,1,1,0,0,0,0,Low
2020,4,Wednesday,19,Balochistan,Hub,National Highway,Under Repair,Foggy,Dawn/Dusk,Rickshaw,3,Wrong Overtaking,1,0,0,0,3,1,Medium
2020,2,Thursday,16,Punjab,Gujranwala,National Highway,Poor,Foggy,Daylight,Bus/Coach,1,Pedestrian Error,0,0,0,1,5,1,Medium
2021,10,Wednesday,15,Punjab,Lahore,National Highway,Poor,Clear,Dawn/Dusk,Rickshaw,2,Mechanical Failure,0,0,0,0,0,0,Low
2021,9,Wednesday,8,Punjab,Bahawalpur,Provincial Highway,Average,Rainy,Daylight,Van/Pickup,2,Wrong Overtaking,1,0,0,0,3,0,Medium
2019,6,Thursday,22,Sindh,Jacobabad,Provincial Highway,Poor,Dusty/Smoggy,No Light,Motorcycle,1,Pedestrian Error,0,0,1,0,1,0,Medium
2020,4,Monday,17,Punjab,Bahawalpur,Urban Road,Good,Clear,Daylight,Truck/Lorry,2,Drunk Driving,1,0,0,0,3,0,Medium
2022,6,Wednesday,14,Sindh,Sukkur,National Highway,Under Repair,Clear,Daylight,Motorcycle,1,Wrong Overtaking,0,0,0,0,5,0,Medium
2021,3,Saturday,15,Sindh,Jacobabad,Provincial Highway,Poor,Clear,Daylight,Rickshaw,2,Signal Violation,0,1,0,0,3,0,Medium
2020,12,Wednesday,22,Punjab,Sargodha,Urban Road,Poor,Clear,No Light,Truck/Lorry,1,Wrong Overtaking,0,0,1,1,2,0,Medium
2022,12,Saturday,13,Punjab,Faisalabad,Rural Road,Good,Clear,Daylight,Motorcycle,1,Mechanical Failure,1,1,0,1,1,1,Medium
2020,9,Thursday,15,Punjab,Rawalpindi,Urban Road,Good,Clear,Daylight,Motorcycle,4,Over Speeding,0,0,0,0,4,0,High
2022,9,Friday,17,KPK,Mansehra,Rural Road,Average,Clear,Daylight,Car/Taxi,1,Pedestrian Error,1,0,0,0,0,0,Low
2023,12,Thursday,19,Punjab,Multan,Provincial Highway,Average,Clear,Dawn/Dusk,Motorcycle,2,Wrong Overtaking,1,0,0,1,4,0,Medium
2019,9,Friday,9,Punjab,Multan,National Highway,Good,Clear,Dawn/Dusk,Motorcycle,4,Road Condition,1,0,0,0,1,0,Medium
2018,6,Friday,19,KPK,Peshawar,Urban Road,Poor,Rainy,Dawn/Dusk,Van/Pickup,1,Mechanical Failure,1,0,0,0,0,0,Low
2018,4,Thursday,19,Punjab,Bahawalpur,Urban Road,Average,Dusty/Smoggy,Street Light,Motorcycle,1,Road Condition,1,0,0,0,1,0,Low
2022,12,Wednesday,19,Sindh,Hyderabad,National Highway,Poor,Foggy,Daylight,Car/Taxi,2,Driver Fatigue,1,0,0,1,1,1,Medium
2020,8,Saturday,18,KPK,Mansehra,National Highway,Poor,Rainy,Street Light,Car/Taxi,2,Over Speeding,1,1,0,0,3,1,High
2023,8,Saturday,17,Sindh,Kashmore,National Highway,Good,Clear,Daylight,Car/Taxi,2,Signal Violation,1,1,0,0,1,0,Low
2023,1,Sunday,7,Sindh,Kashmore,Urban Road,Good,Rainy,Daylight,Car/Taxi,3,Signal Violation,1,1,0,1,2,0,Medium
2018,6,Monday,19,Punjab,Lahore,Provincial Highway,Good,Foggy,Daylight,Motorcycle,3,Wrong Overtaking,1,0,0,0,4,1,Medium
2018,8,Thursday,7,Punjab,Lahore,Provincial Highway,Good,Clear,Daylight,Car/Taxi,4,Driver Fatigue,1,0,0,0,5,0,Medium
2019,7,Thursday,21,Sindh,Kashmore,National Highway,Under Repair,Clear,No Light,Motorcycle,1,Over Speeding,0,0,0,0,10,2,High
2018,7,Friday,13,Punjab,Faisalabad,National Highway,Average,Foggy,Daylight,Bus/Coach,2,Road Condition,1,0,0,0,1,1,Medium
2018,11,Friday,19,Balochistan,Zhob,Provincial Highway,Good,Clear,Street Light,Bicycle,3,Drunk Driving,1,0,0,1,7,0,High
2020,8,Monday,9,Punjab,Multan,Urban Road,Average,Clear,Dawn/Dusk,Car/Taxi,2,Wrong Overtaking,1,0,0,0,0,0,Low
2022,3,Tuesday,16,Punjab,Bahawalpur,National Highway,Under Repair,Rainy,Daylight,Motorcycle,1,Over Speeding,0,0,0,0,2,2,High
2019,7,Monday,18,Punjab,Sargodha,National Highway,Average,Foggy,Daylight,Motorcycle,3,Pedestrian Error,1,0,0,0,2,0,Medium
2022,2,Wednesday,7,Balochistan,Gwadar,National Highway,Good,Clear,Daylight,Rickshaw,4,Over Speeding,1,0,0,1,1,1,Medium
2023,9,Thursday,11,Sindh,Larkana,Rural Road,Good,Rainy,No Light,Motorcycle,1,Signal Violation,0,0,0,0,10,1,High
2021,10,Friday,7,Sindh,Mirpur Khas,Rural Road,Good,Clear,Daylight,Motorcycle,3,Wrong Overtaking,1,0,0,0,1,0,Medium
2023,8,Monday,16,Sindh,Jacobabad,National Highway,Average,Clear,Daylight,Motorcycle,2,Over Speeding,0,0,0,0,5,1,High
2023,12,Thursday,8,Punjab,Rahim Yar Khan,National Highway,Good,Clear,Daylight,Car/Taxi,2,Over Speeding,1,0,0,1,2,1,High
2021,7,Sunday,18,Sindh,Dadu,National Highway,Good,Clear,Street Light,Motorcycle,2,Over Speeding,1,1,0,0,11,2,High
2018,2,Sunday,9,Punjab,Gujranwala,Provincial Highway,Average,Clear,Dawn/Dusk,Motorcycle,3,Signal Violation,1,1,0,1,4,1,Medium
2020,3,Monday,17,Punjab,Rawalpindi,National Highway,Poor,Foggy,Street Light,Truck/Lorry,2,Over Speeding,1,0,0,0,9,2,High
2018,1,Saturday,17,Punjab,Sheikhupura,National Highway,Good,Dusty/Smoggy,Daylight,Motorcycle,1,Over Speeding,1,1,0,1,3,1,High
2020,5,Sunday,8,Punjab,Lahore,Provincial Highway,Good,Rainy,Daylight,Motorcycle,1,Mobile Phone Use,1,1,0,0,3,1,High
2023,9,Saturday,10,Punjab,Faisalabad,Provincial Highway,Poor,Extreme Heat,Daylight,Car/Taxi,4,Signal Violation,0,1,0,0,4,0,Medium
2021,12,Tuesday,23,Punjab,Multan,National Highway,Average,Foggy,No Light,Motorcycle,3,Over Speeding,0,0,1,1,10,0,High
2018,3,Wednesday,0,Punjab,Sialkot,Rural Road,Good,Clear,No Light,Bus/Coach,1,Signal Violation,0,0,1,0,5,1,Medium
2019,9,Saturday,20,Balochistan,Khuzdar,National Highway,Average,Foggy,No Light,Motorcycle,2,Wrong Overtaking,1,1,0,0,10,2,High
2022,2,Wednesday,12,Sindh,Kashmore,Rural Road,Good,Extreme Heat,Daylight,Rickshaw,3,Over Speeding,1,0,0,1,5,0,Medium
2020,9,Wednesday,14,Islamabad,Islamabad,National Highway,Under Repair,Clear,Daylight,Motorcycle,2,Wrong Overtaking,0,0,0,0,2,1,High
2022,5,Monday,15,Punjab,Rawalpindi,National Highway,Average,Clear,Daylight,Car/Taxi,2,Road Condition,0,0,0,0,1,0,Low
2021,7,Wednesday,7,Punjab,Sheikhupura,Rural Road,Under Repair,Clear,Daylight,Car/Taxi,3,Over Speeding,1,0,0,0,0,0,Low
2019,3,Saturday,13,KPK,Abbottabad,Provincial Highway,Good,Clear,No Light,Other,2,Over Speeding,1,1,0,0,1,2,Medium
2022,6,Saturday,18,Sindh,Mirpur Khas,National Highway,Under Repair,Foggy,Street Light,Rickshaw,2,Driver Fatigue,1,1,0,0,3,1,Medium
2023,10,Sunday,9,Sindh,Sukkur,Provincial Highway,Good,Clear,Daylight,Motorcycle,1,Pedestrian Error,1,1,0,0,4,1,Medium
2019,11,Saturday,4,Sindh,Karachi,Motorway,Average,Rainy,No Light,Bicycle,3,Driver Fatigue,0,1,1,1,2,1,High
2023,4,Monday,18,Sindh,Mirpur Khas,Rural Road,Average,Rainy,Daylight,Motorcycle,2,Pedestrian Error,1,0,0,0,2,0,Low
2020,9,Sunday,12,KPK,Kohat,National Highway,Good,Clear,Dawn/Dusk,Car/Taxi,1,Signal Violation,1,1,0,0,5,0,Medium
2023,8,Sunday,17,KPK,Abbottabad,National Highway,Good,Clear,Daylight,Motorcycle,3,Pedestrian Error,1,1,0,0,5,2,Medium
2019,6,Saturday,6,Islamabad,Islamabad,Rural Road,Good,Clear,Daylight,Other,2,Pedestrian Error,0,1,0,0,1,1,Low
2020,11,Friday,15,Islamabad,Islamabad,National Highway,Average,Dusty/Smoggy,Daylight,Motorcycle,2,Wrong Overtaking,0,0,0,1,6,1,High
2023,3,Friday,16,Sindh,Dadu,Urban Road,Good,Clear,Daylight,Motorcycle,1,Over Speeding,0,0,0,0,5,1,Medium
2023,1,Sunday,19,Punjab,Rahim Yar Khan,Urban Road,Poor,Clear,No Light,Car/Taxi,3,Over Speeding,1,1,0,1,1,0,Low
2021,1,Sunday,22,Punjab,Multan,National Highway,Average,Foggy,No Light,Truck/Lorry,1,Driver Fatigue,0,1,1,1,4,1,High
2020,9,Saturday,2,Punjab,Rawalpindi,Urban Road,Average,Rainy,No Light,Motorcycle,1,Driver Fatigue,0,1,1,0,5,2,High
2023,4,Monday,18,Punjab,Gujranwala,Provincial Highway,Average,Clear,Daylight,Motorcycle,1,Drunk Driving,1,0,0,0,3,1,High
2018,12,Wednesday,20,Punjab,Sargodha,Urban Road,Poor,Clear,Street Light,Car/Taxi,2,Drunk Driving,1,0,0,1,0,0,Low
2019,12,Friday,19,Punjab,Faisalabad,Rural Road,Good,Clear,Dawn/Dusk,Van/Pickup,2,Wrong Overtaking,1,0,0,1,1,0,Low
2022,2,Saturday,19,Sindh,Mirpur Khas,National Highway,Good,Clear,Daylight,Motorcycle,2,Drunk Driving,1,1,0,1,6,1,High
2019,8,Saturday,16,Punjab,Rawalpindi,Urban Road,Good,Clear,Daylight,Motorcycle,2,Signal Violation,0,1,0,0,1,0,Low
2018,5,Thursday,12,Sindh,Dadu,Provincial Highway,Average,Clear,Daylight,Motorcycle,3,Over Speeding,1,0,0,0,3,1,Medium
2020,9,Monday,19,Punjab,Bahawalpur,Provincial Highway,Average,Clear,No Light,Rickshaw,3,Over Speeding,1,0,0,0,3,1,Medium
2022,7,Monday,12,KPK,Bannu,Provincial Highway,Poor,Extreme Heat,Daylight,Motorcycle,1,Over Speeding,1,0,0,0,10,0,High
2021,3,Friday,17,KPK,Mansehra,Motorway,Good,Rainy,Daylight,Bus/Coach,1,Road Condition,1,0,0,0,5,2,High
2023,10,Thursday,12,Punjab,Multan,Urban Road,Average,Clear,Daylight,Car/Taxi,3,Drunk Driving,1,0,0,0,4,0,Medium
2019,12,Wednesday,6,Balochistan,Sibi,Urban Road,Average,Clear,Daylight,Car/Taxi,2,Over Speeding,0,0,0,1,1,0,Low
2022,6,Thursday,21,Punjab,Multan,Urban Road,Average,Foggy,No Light,Car/Taxi,2,Road Condition,0,0,0,0,1,0,Low
2023,1,Friday,15,KPK,Swat,National Highway,Average,Clear,Daylight,Motorcycle,2,Pedestrian Error,0,0,0,1,1,2,Medium
2021,11,Sunday,1,Sindh,Hyderabad,National Highway,Under Repair,Foggy,Street Light,Bus/Coach,2,Signal Violation,0,1,1,1,7,2,High
2018,3,Monday,19,Punjab,Lahore,National Highway,Average,Rainy,Dawn/Dusk,Rickshaw,2,Over Speeding,1,0,0,0,5,2,Medium
2022,1,Wednesday,21,Punjab,Rahim Yar Khan,Provincial Highway,Good,Clear,Street Light,Motorcycle,1,Wrong Overtaking,0,0,0,1,6,1,High
2021,9,Sunday,12,Punjab,Multan,Provincial Highway,Good,Clear,Daylight,Motorcycle,4,Over Speeding,1,1,0,0,4,1,Medium
2019,6,Saturday,19,Balochistan,Zhob,National Highway,Good,Rainy,No Light,Truck/Lorry,2,Driver Fatigue,1,1,0,0,4,0,High
2020,7,Thursday,19,Sindh,Larkana,Provincial Highway,Average,Clear,Dawn/Dusk,Motorcycle,4,Pedestrian Error,1,0,0,0,4,1,Medium
2023,7,Thursday,11,Punjab,Multan,Urban Road,Poor,Dusty/Smoggy,Daylight,Motorcycle,2,Road Condition,0,0,0,0,2,1,Medium
2020,8,Sunday,6,Sindh,Hyderabad,National Highway,Good,Clear,Daylight,Bus/Coach,3,Mechanical Failure,0,1,0,0,3,1,Medium
2023,11,Sunday,5,Punjab,Rawalpindi,National Highway,Good,Clear,Dawn/Dusk,Motorcycle,1,Driver Fatigue,0,1,1,1,3,1,High
2023,9,Friday,9,Punjab,Rawalpindi,Rural Road,Poor,Clear,Daylight,Truck/Lorry,2,Wrong Overtaking,1,0,0,0,0,0,Low
2019,12,Wednesday,21,Balochistan,Loralai,National Highway,Average,Rainy,No Light,Motorcycle,3,Over Speeding,0,0,0,1,3,1,High
2018,5,Thursday,12,Sindh,Larkana,Motorway,Poor,Clear,Daylight,Motorcycle,2,Over Speeding,1,0,0,0,2,1,High
2023,7,Monday,2,Punjab,Rawalpindi,Urban Road,Poor,Clear,Street Light,Motorcycle,2,Over Speeding,0,0,1,0,3,2,High
2019,11,Monday,20,Islamabad,Islamabad,Urban Road,Good,Foggy,Street Light,Motorcycle,2,Over Speeding,1,0,0,1,2,1,High
2021,9,Sunday,21,Punjab,Gujranwala,Rural Road,Good,Clear,Street Light,Car/Taxi,2,Mobile Phone Use,0,1,0,0,1,0,Low
2021,4,Friday,22,Punjab,Multan,National Highway,Good,Foggy,No Light,Car/Taxi,2,Signal Violation,0,0,1,0,2,0,Medium
2019,2,Sunday,11,Punjab,Lahore,National Highway,Under Repair,Dusty/Smoggy,Street Light,Other,4,Wrong Overtaking,0,1,0,1,3,0,Medium
2020,12,Thursday,18,Sindh,Nawabshah,National Highway,Good,Clear,No Light,Bus/Coach,2,Pedestrian Error,1,0,0,1,5,0,Medium
2018,4,Saturday,7,Sindh,Mirpur Khas,Urban Road,Average,Clear,Dawn/Dusk,Rickshaw,2,Over Speeding,1,1,0,0,2,0,Low
2019,12,Saturday,11,Punjab,Sargodha,National Highway,Good,Clear,Street Light,Motorcycle,2,Mechanical Failure,0,1,0,1,5,2,Medium
2022,4,Friday,4,Sindh,Thatta,National Highway,Good,Dusty/Smoggy,Street Light,Motorcycle,2,Over Speeding,0,0,1,0,11,1,High
2023,2,Saturday,22,KPK,Abbottabad,National Highway,Good,Clear,No Light,Bus/Coach,2,Mobile Phone Use,0,1,1,1,4,1,Medium
2019,12,Saturday,19,Sindh,Larkana,National Highway,Good,Clear,Street Light,Bicycle,2,Drunk Driving,1,1,0,1,11,2,High
2022,7,Saturday,21,Balochistan,Hub,National Highway,Average,Clear,No Light,Car/Taxi,1,Signal Violation,0,1,0,0,4,1,Medium
2018,4,Wednesday,22,Punjab,Bahawalpur,Provincial Highway,Average,Clear,Street Light,Car/Taxi,1,Signal Violation,0,0,1,0,4,2,Medium
2023,2,Sunday,18,Punjab,Rahim Yar Khan,Rural Road,Poor,Clear,Daylight,Car/Taxi,3,Wrong Overtaking,1,1,0,1,0,0,Low
2019,5,Saturday,7,KPK,Nowshera,Urban Road,Good,Dusty/Smoggy,Daylight,Motorcycle,4,Wrong Overtaking,1,1,0,0,3,1,Medium
2019,6,Thursday,1,Punjab,Sargodha,Urban Road,Good,Clear,No Light,Truck/Lorry,2,Mechanical Failure,0,0,1,0,1,0,Low
2022,11,Sunday,23,Punjab,Gujranwala,National Highway,Good,Extreme Heat,No Light,Motorcycle,3,Driver Fatigue,0,1,1,1,8,2,High
2023,1,Tuesday,7,Punjab,Multan,Urban Road,Good,Clear,Daylight,Car/Taxi,2,Mechanical Failure,1,0,0,1,1,0,Low
2021,10,Sunday,10,KPK,Peshawar,Provincial Highway,Average,Clear,Daylight,Rickshaw,2,Road Condition,0,1,0,0,0,0,Low
2023,12,Friday,17,Punjab,Sialkot,Motorway,Poor,Clear,Daylight,Bus/Coach,3,Road Condition,1,0,0,1,4,0,Medium
2019,5,Saturday,12,Punjab,Sheikhupura,National Highway,Under Repair,Foggy,Daylight,Car/Taxi,2,Over Speeding,1,1,0,0,8,3,High
2022,10,Tuesday,10,Punjab,Faisalabad,National Highway,Poor,Clear,Daylight,Motorcycle,2,Mobile Phone Use,0,0,0,0,11,1,High
2020,1,Friday,4,KPK,Peshawar,National Highway,Good,Clear,Street Light,Motorcycle,1,Road Condition,0,0,1,1,7,1,High
2022,9,Thursday,5,Sindh,Kashmore,Urban Road,Good,Clear,Street Light,Car/Taxi,2,Pedestrian Error,0,0,1,0,2,0,Low
2023,11,Wednesday,23,Punjab,Gujranwala,Provincial Highway,Poor,Clear,No Light,Car/Taxi,3,Weather Condition,0,0,1,1,0,0,Low
2020,10,Friday,13,KPK,Swat,National Highway,Good,Clear,Daylight,Bus/Coach,2,Over Speeding,1,0,0,0,10,0,High
2022,4,Sunday,14,KPK,Swat,Urban Road,Good,Rainy,Daylight,Car/Taxi,1,Signal Violation,0,1,0,0,0,0,Low
2018,2,Sunday,7,Sindh,Karachi,Provincial Highway,Good,Rainy,Daylight,Car/Taxi,3,Signal Violation,1,1,0,1,1,1,Low
2022,11,Sunday,11,Punjab,Lahore,Provincial Highway,Poor,Rainy,Daylight,Motorcycle,2,Over Speeding,0,1,0,1,7,1,High
2019,9,Monday,13,Sindh,Karachi,National Highway,Average,Dusty/Smoggy,Daylight,Car/Taxi,1,Driver Fatigue,1,0,0,0,5,0,Medium
2018,12,Tuesday,11,Islamabad,Islamabad,Urban Road,Average,Clear,Dawn/Dusk,Motorcycle,1,Over Speeding,0,0,0,1,4,0,Medium
2022,5,Monday,12,Punjab,Bahawalpur,Rural Road,Average,Clear,Dawn/Dusk,Car/Taxi,4,Wrong Overtaking,1,0,0,0,0,1,Low
2023,11,Sunday,22,Punjab,Lahore,National Highway,Good,Rainy,Street Light,Motorcycle,2,Over Speeding,0,1,1,1,11,1,High
2022,10,Saturday,22,Punjab,Gujranwala,National Highway,Good,Foggy,Street Light,Rickshaw,3,Over Speeding,0,1,1,0,9,2,High
2019,10,Friday,3,Sindh,Kashmore,Rural Road,Good,Rainy,No Light,Rickshaw,1,Over Speeding,0,0,1,0,3,1,Medium
2019,3,Wednesday,9,Sindh,Nawabshah,Rural Road,Good,Clear,Daylight,Car/Taxi,2,Drunk Driving,1,0,0,0,5,0,Medium
2021,7,Friday,15,Punjab,Sargodha,National Highway,Poor,Rainy,Daylight,Car/Taxi,1,Mechanical Failure,0,0,0,0,0,0,Low
2018,12,Wednesday,17,Punjab,Gujranwala,Rural Road,Poor,Clear,Daylight,Car/Taxi,2,Over Speeding,1,0,0,1,3,0,Medium
2023,5,Sunday,8,Islamabad,Islamabad,Urban Road,Poor,Clear,Daylight,Motorcycle,2,Signal Violation,1,1,0,0,1,0,Low
2018,9,Friday,12,KPK,Bannu,Rural Road,Good,Rainy,Dawn/Dusk,Motorcycle,4,Pedestrian Error,1,0,0,0,0,0,Low
2022,6,Wednesday,13,Islamabad,Islamabad,Rural Road,Good,Clear,Daylight,Car/Taxi,2,Wrong Overtaking,1,0,0,0,0,0,Low
2022,7,Monday,11,KPK,Peshawar,Provincial Highway,Under Repair,Rainy,Daylight,Car/Taxi,2,Over Speeding,0,0,0,0,6,0,High
2019,11,Thursday,8,Punjab,Sargodha,Rural Road,Average,Clear,Daylight,Rickshaw,2,Wrong Overtaking,1,0,0,1,2,0,Low
2021,7,Saturday,0,Punjab,Sialkot,Urban Road,Average,Rainy,Street Light,Motorcycle,2,Pedestrian Error,0,1,1,0,8,1,High
2018,2,Sunday,19,Sindh,Dadu,Urban Road,Good,Extreme Heat,Daylight,Motorcycle,2,Signal Violation,1,1,0,1,1,1,Medium
2018,8,Thursday,0,Punjab,Sialkot,Rural Road,Poor,Clear,Street Light,Car/Taxi,2,Mechanical Failure,0,0,1,0,2,0,Low
2023,6,Thursday,17,Sindh,Hyderabad,Urban Road,Average,Clear,Daylight,Bus/Coach,1,Signal Violation,1,0,0,0,0,0,Low
2021,7,Friday,20,Sindh,Dadu,Urban Road,Poor,Clear,No Light,Bicycle,2,Over Speeding,1,0,0,0,5,1,High
2021,8,Sunday,14,Islamabad,Islamabad,Urban Road,Good,Clear,Daylight,Car/Taxi,2,Over Speeding,0,1,0,0,1,0,Medium
2020,3,Saturday,5,Punjab,Multan,Urban Road,Average,Clear,Street Light,Rickshaw,2,Signal Violation,0,1,1,0,2,0,Low
2023,1,Sunday,20,Punjab,Sheikhupura,Rural Road,Average,Clear,Street Light,Car/Taxi,2,Over Speeding,1,1,0,1,1,0,Low
2020,3,Thursday,10,Sindh,Sukkur,National Highway,Average,Clear,Daylight,Motorcycle,1,Wrong Overtaking,0,0,0,0,3,0,Medium
2020,6,Friday,15,Balochistan,Khuzdar,Urban Road,Under Repair,Clear,No Light,Motorcycle,1,Wrong Overtaking,0,0,0,0,3,0,Medium
2022,2,Monday,6,Balochistan,Hub,National Highway,Poor,Clear,Daylight,Bus/Coach,2,Over Speeding,0,0,0,1,9,1,High
2020,10,Thursday,16,Sindh,Thatta,National Highway,Average,Dusty/Smoggy,Street Light,Motorcycle,3,Pedestrian Error,0,0,0,0,6,1,High
2023,4,Thursday,19,Punjab,Sheikhupura,Urban Road,Good,Foggy,Street Light,Other,2,Mechanical Failure,1,0,0,0,1,0,Low
2019,7,Wednesday,0,Punjab,Multan,Provincial Highway,Average,Foggy,Street Light,Car/Taxi,2,Mechanical Failure,0,0,1,0,0,0,Low
2018,10,Wednesday,6,Balochistan,Chaman,Rural Road,Average,Clear,Daylight,Motorcycle,2,Wrong Overtaking,0,0,0,0,3,0,Medium
2021,1,Tuesday,16,Sindh,Kashmore,Urban Road,Average,Clear,Daylight,Motorcycle,2,Signal Violation,0,0,0,1,4,2,Medium
2023,10,Saturday,7,KPK,Kohat,Provincial Highway,Poor,Clear,Daylight,Motorcycle,2,Road Condition,1,1,0,0,3,1,Medium
2019,2,Saturday,19,Punjab,Sheikhupura,National Highway,Average,Dusty/Smoggy,Dawn/Dusk,Motorcycle,1,Over Speeding,1,1,0,1,5,2,High
2020,8,Friday,18,Punjab,Rawalpindi,National Highway,Average,Dusty/Smoggy,Daylight,Car/Taxi,2,Wrong Overtaking,1,0,0,0,4,0,Medium
2021,3,Tuesday,8,Sindh,Thatta,Provincial Highway,Poor,Clear,Daylight,Car/Taxi,1,Pedestrian Error,1,0,0,0,1,0,Low
2021,4,Sunday,17,KPK,Kohat,Urban Road,Good,Clear,Daylight,Motorcycle,3,Signal Violation,1,1,0,0,2,0,Medium
2020,5,Sunday,20,Gilgit-Baltistan,Skardu,Provincial Highway,Average,Clear,No Light,Motorcycle,4,Over Speeding,1,1,0,0,7,2,High
2020,8,Saturday,13,Balochistan,Chaman,Provincial Highway,Poor,Dusty/Smoggy,Daylight,Motorcycle,2,Wrong Overtaking,1,1,0,0,1,1,Medium
2022,1,Sunday,12,Sindh,Kashmore,Provincial Highway,Poor,Foggy,Daylight,Bicycle,1,Mechanical Failure,1,1,0,1,5,1,High
2020,11,Thursday,21,Sindh,Karachi,Provincial Highway,Average,Foggy,Street Light,Truck/Lorry,1,Pedestrian Error,0,0,0,1,5,0,Medium
2022,1,Thursday,12,KPK,Bannu,National Highway,Average,Rainy,Daylight,Truck/Lorry,1,Signal Violation,1,0,0,1,6,2,High
2020,6,Friday,8,Punjab,Gujranwala,National Highway,Poor,Clear,Daylight,Truck/Lorry,3,Pedestrian Error,1,0,0,0,5,0,Medium
2020,10,Tuesday,12,Islamabad,Islamabad,National Highway,Average,Clear,Dawn/Dusk,Motorcycle,1,Driver Fatigue,1,0,0,0,2,0,High
2022,4,Friday,13,Sindh,Sukkur,Provincial Highway,Good,Rainy,Dawn/Dusk,Bus/Coach,3,Signal Violation,1,0,0,0,9,2,High