year,month,day_of_week,hour_of_day,province,district,road_type,road_condition,weather_condition,lighting_condition,vehicle_type,vehicles_involved,accident_cause,is_rush_hour,is_weekend,is_night,is_foggy_month,num_injured,num_killed,severity
2021,6,Saturday,17,Islamabad,Islamabad,National Highway,Poor,Clear,Daylight,Van/Pickup,3,Over Speeding,1,1,0,0,6,1,High
2021,11,Saturday,7,KPK,Mardan,Provincial Highway,Poor,Clear,Daylight,Truck/Lorry,3,Road Condition,1,1,0,1,0,0,Low
2019,1,Thursday,5,Punjab,Rawalpindi,National Highway,Poor,Clear,Street Light,Motorcycle,2,Wrong Overtaking,0,0,1,1,10,1,High
2023,2,Tuesday,20,Punjab,Lahore,Provincial Highway,Good,Clear,No Light,Bus/Coach,2,Drunk Driving,1,0,0,1,1,1,Medium
2020,9,Saturday,19,Punjab,Sialkot,Rural Road,Average,Rainy,Dawn/Dusk,Car/Taxi,1,Wrong Overtaking,1,1,0,0,5,1,Medium
2021,8,Monday,9,Punjab,Sargodha,Urban Road,Average,Clear,Daylight,Car/Taxi,4,Over Speeding,1,0,0,0,2,0,Low
2019,1,Wednesday,8,Sindh,Kashmore,National Highway,Good,Clear,Street Light,Motorcycle,2,Wrong Overtaking,1,0,0,1,1,0,Medium
2022,4,Thursday,9,Sindh,Jacobabad,National Highway,Good,Clear,Daylight,Car/Taxi,2,Over Speeding,1,0,0,0,2,0,Medium
2022,6,Monday,8,Sindh,Hyderabad,Rural Road,Poor,Clear,Daylight,Bus/Coach,1,Over Speeding,1,0,0,0,2,1,Low
2023,9,Wednesday,6,Punjab,Rawalpindi,National Highway,Good,Rainy,Daylight,Van/Pickup,4,Pedestrian Error,0,0,0,0,5,2,Medium
2018,2,Tuesday,21,AJK,Mirpur,Rural Road,Average,Clear,Street Light,Car/Taxi,2,Signal Violation,0,0,0,1,2,0,Low
2018,9,Sunday,20,Sindh,Jacobabad,National Highway,Average,Clear,No Light,Car/Taxi,2,Over Speeding,1,1,0,0,4,2,Medium
2018,9,Tuesday,22,Balochistan,Dera Bugti,Provincial Highway,Average,Foggy,No Light,Car/Taxi,2,Over Speeding,0,0,1,0,2,1,Medium
2023,5,Saturday,11,Punjab,Bahawalpur,Provincial Highway,Good,Rainy,Daylight,Van/Pickup,2,Mechanical Failure,0,1,0,0,1,0,Low
2020,10,Sunday,17,KPK,Bannu,Rural Road,Poor,Clear,Daylight,Truck/Lorry,4,Over Speeding,1,1,0,0,3,0,Medium
2023,11,Monday,3,Punjab,Sialkot,Provincial Highway,Average,Clear,No Light,Bicycle,2,Pedestrian Error,0,0,1,1,1,2,Medium
2020,10,Monday,17,KPK,Nowshera,National Highway,Average,Clear,Dawn/Dusk,Bus/Coach,1,Over Speeding,1,0,0,0,9,1,High
2023,6,Wednesday,7,KPK,Charsadda,Provincial Highway,Good,Dusty/Smoggy,Daylight,Truck/Lorry,2,Over Speeding,1,0,0,0,3,2,Medium
2022,12,Wednesday,21,Balochistan,Loralai,Provincial Highway,Average,Clear,No Light,Car/Taxi,2,Signal Violation,0,0,0,1,2,0,Low
2021,10,Friday,18,Punjab,Sargodha,Rural Road,Average,Clear,Daylight,Motorcycle,3,Wrong Overtaking,1,0,0,0,2,0,Low
2019,8,Wednesday,9,Punjab,Sheikhupura,Rural Road,Average,Clear,Daylight,Car/Taxi,1,Mechanical Failure,1,0,0,0,1,0,Low
2023,5,Monday,6,Balochistan,Dera Bugti,Urban Road,Average,Foggy,Dawn/Dusk,Motorcycle,4,Road Condition,0,0,0,0,2,0,Low
2018,12,Wednesday,22,Punjab,Sialkot,Motorway,Good,Rainy,No Light,Car/Taxi,1,Over Speeding,0,0,1,1,6,3,High
2021,12,Wednesday,7,Punjab,Lahore,Rural Road,Average,Clear,Daylight,Car/Taxi,3,Signal Violation,1,0,0,1,0,0,Low
2020,12,Sunday,9,Sindh,Sukkur,National Highway,Good,Clear,Daylight,Motorcycle,2,Over Speeding,1,1,0,1,9,3,High
2018,3,Friday,17,Punjab,Gujranwala,National Highway,Under Repair,Extreme Heat,Daylight,Motorcycle,3,Road Condition,1,0,0,0,4,0,Medium
2023,3,Tuesday,18,Punjab,Sheikhupura,Urban Road,Good,Foggy,Daylight,Car/Taxi,2,Over Speeding,1,0,0,0,4,0,Medium
2023,2,Thursday,2,Punjab,Lahore,National Highway,Good,Foggy,No Light,Rickshaw,1,Over Speeding,0,0,1,1,9,2,High
2023,4,Saturday,15,Punjab,Faisalabad,Urban Road,Good,Foggy,No Light,Motorcycle,1,Over Speeding,0,1,0,0,3,0,Medium
2022,11,Sunday,2,Sindh,Sukkur,National Highway,Under Repair,Foggy,Street Light,Motorcycle,2,Over Speeding,0,1,1,1,7,4,High
2021,4,Saturday,15,Punjab,Multan,Rural Road,Good,Clear,Daylight,Motorcycle,2,Over Speeding,0,1,0,0,6,2,High
2019,8,Saturday,15,KPK,Mansehra,Provincial Highway,Good,Foggy,Daylight,Car/Taxi,1,Wrong Overtaking,0,1,0,0,4,0,Medium
2022,6,Tuesday,14,Balochistan,Loralai,National Highway,Average,Clear,Street Light,Motorcycle,1,Road Condition,0,0,0,0,2,0,Medium
2019,7,Wednesday,8,Punjab,Sargodha,Provincial Highway,Poor,Clear,Daylight,Van/Pickup,3,Over Speeding,1,0,0,0,1,0,Medium
2019,3,Tuesday,14,KPK,Mardan,Urban Road,Under Repair,Clear,Daylight,Motorcycle,3,Over Speeding,0,0,0,0,3,0,Medium
2021,4,Thursday,6,Islamabad,Islamabad,Urban Road,Under Repair,Clear,Daylight,Motorcycle,2,Road Condition,0,0,0,0,1,0,Low
2020,4,Sunday,11,KPK,Abbottabad,National Highway,Average,Foggy,Daylight,Motorcycle,1,Signal Violation,0,1,0,0,10,1,High
2020,6,Saturday,11,Gilgit-Baltistan,Gilgit,National Highway,Poor,Clear,Daylight,Motorcycle,2,Wrong Overtaking,0,1,0,0,1,0,Medium
2018,9,Friday,18,Punjab,Lahore,Rural Road,Poor,Extreme Heat,Daylight,Car/Taxi,2,Signal Violation,1,0,0,0,1,0,Low
2021,9,Saturday,10,KPK,Mansehra,Urban Road,Poor,Foggy,Daylight,Bus/Coach,2,Over Speeding,0,1,0,0,4,1,High
2018,11,Wednesday,21,KPK,Swat,National Highway,Average,Clear,Street Light,Car/Taxi,1,Mechanical Failure,0,0,0,1,5,0,Medium
2020,5,Sunday,18,Punjab,Rahim Yar Khan,Provincial Highway,Good,Clear,Daylight,Rickshaw,2,Over Speeding,1,1,0,0,0,0,Low
2019,12,Wednesday,15,KPK,Swat,Provincial Highway,Good,Clear,Daylight,Motorcycle,3,Over Speeding,0,0,0,1,10,0,High
2020,7,Tuesday,8,Sindh,Dadu,National Highway,Good,Clear,Street Light,Motorcycle,2,Signal Violation,1,0,0,0,8,1,High
2023,4,Friday,22,Punjab,Bahawalpur,National Highway,Poor,Clear,Street Light,Motorcycle,1,Wrong Overtaking,0,0,1,0,2,1,High
2022,12,Tuesday,7,Punjab,Rawalpindi,Provincial Highway,Good,Foggy,Daylight,Car/Taxi,1,Over Speeding,1,0,0,1,1,0,Medium
2023,5,Friday,18,KPK,Abbottabad,Motorway,Good,Clear,Daylight,Motorcycle,2,Mechanical Failure,1,0,0,0,3,1,Medium
2019,8,Sunday,23,KPK,Charsadda,National Highway,Good,Clear,No Light,Rickshaw,2,Wrong Overtaking,0,1,1,0,3,0,Medium
2023,9,Monday,5,Sindh,Hyderabad,National Highway,Average,Clear,Dawn/Dusk,Car/Taxi,3,Road Condition,0,0,1,0,1,0,Low
2021,5,Sunday,10,Sindh,Kashmore,Rural Road,Average,Clear,Dawn/Dusk,Other,2,Over Speeding,0,1,0,0,2,0,Low
2022,10,Tuesday,16,Punjab,Gujranwala,Rural Road,Good,Clear,No Light,Car/Taxi,3,Mobile Phone Use,0,0,0,0,2,0,Low
2020,12,Tuesday,19,Sindh,Nawabshah,Urban Road,Poor,Clear,Dawn/Dusk,Bus/Coach,2,Pedestrian Error,1,0,0,1,1,0,Low
2018,11,Friday,18,Balochistan,Hub,National Highway,Poor,Clear,Daylight,Motorcycle,3,Mobile Phone Use,1,0,0,1,2,2,High
2020,5,Monday,21,Balochistan,Quetta,Provincial Highway,Poor,Extreme Heat,No Light,Motorcycle,2,Road Condition,0,0,0,0,3,1,Medium
2020,10,Tuesday,1,KPK,Kohat,Urban Road,Poor,Foggy,No Light,Car/Taxi,3,Road Condition,0,0,1,0,2,0,Medium
2021,1,Sunday,21,Gilgit-Baltistan,Gilgit,Provincial Highway,Good,Clear,Street Light,Motorcycle,1,Mechanical Failure,0,1,0,1,2,0,Low
2022,11,Monday,17,Balochistan,Dera Bugti,Urban Road,Good,Clear,Daylight,Motorcycle,2,Pedestrian Error,1,0,0,1,1,0,Low
2018,4,Saturday,5,Punjab,Faisalabad,Provincial Highway,Poor,Clear,No Light,Rickshaw,2,Pedestrian Error,0,1,1,0,2,1,Medium
2020,2,Sunday,10,Punjab,Rawalpindi,Urban Road,Good,Clear,Daylight,Car/Taxi,2,Mechanical Failure,0,1,0,1,2,0,Low
2021,12,Thursday,15,Punjab,Sialkot,Motorway,Poor,Foggy,No Light,Car/Taxi,1,Mobile Phone Use,0,0,0,1,2,1,Medium
2021,11,Friday,22,Sindh,Sukkur,National Highway,Good,Foggy,No Light,Motorcycle,4,Wrong Overtaking,0,0,1,1,11,1,High
2021,4,Friday,16,KPK,Mansehra,Provincial Highway,Good,Dusty/Smoggy,Daylight,Motorcycle,3,Pedestrian Error,0,0,0,0,4,0,Medium
2022,5,Thursday,1,Punjab,Sargodha,National Highway,Poor,Foggy,No Light,Car/Taxi,2,Pedestrian Error,0,0,1,0,5,1,Medium
2023,5,Tuesday,14,Balochistan,Khuzdar,National Highway,Good,Rainy,Daylight,Rickshaw,2,Pedestrian Error,0,0,0,0,3,1,Medium
2018,7,Friday,17,Sindh,Larkana,National Highway,Poor,Clear,Daylight,Motorcycle,2,Over Speeding,1,0,0,0,2,0,High
2021,8,Saturday,0,KPK,Mansehra,National Highway,Average,Clear,Street Light,Motorcycle,2,Over Speeding,0,1,1,0,3,1,High
2019,12,Tuesday,11,Punjab,Lahore,Rural Road,Poor,Dusty/Smoggy,Daylight,Motorcycle,2,Over Speeding,0,0,0,1,2,2,Medium
2020,10,Friday,8,Punjab,Lahore,National Highway,Average,Dusty/Smoggy,Daylight,Van/Pickup,2,Over Speeding,1,0,0,0,1,0,Medium
2023,6,Wednesday,11,Sindh,Mirpur Khas,Rural Road,Good,Clear,Street Light,Bus/Coach,1,Road Condition,0,0,0,0,2,0,Low
2023,11,Friday,8,KPK,Charsadda,Rural Road,Good,Clear,Daylight,Motorcycle,2,Signal Violation,1,0,0,1,3,1,Medium
2023,1,Sunday,6,Balochistan,Quetta,National Highway,Average,Extreme Heat,Daylight,Motorcycle,2,Pedestrian Error,0,1,0,1,5,0,Medium
2020,10,Monday,16,KPK,Peshawar,Urban Road,Good,Clear,Daylight,Bus/Coach,2,Signal Violation,0,0,0,0,2,0,Medium
2021,9,Tuesday,11,Punjab,Lahore,Provincial Highway,Average,Clear,Daylight,Motorcycle,3,Wrong Overtaking,0,0,0,0,7,1,High
2021,1,Wednesday,20,Punjab,Rahim Yar Khan,Provincial Highway,Poor,Foggy,Street Light,Van/Pickup,3,Road Condition,1,0,0,1,3,1,Medium
2023,9,Sunday,12,Balochistan,Quetta,Provincial Highway,Average,Foggy,Daylight,Van/Pickup,1,Road Condition,1,1,0,0,2,0,Low
2018,6,Saturday,9,Punjab,Sheikhupura,National Highway,Average,Clear,Street Light,Motorcycle,2,Pedestrian Error,1,1,0,0,5,1,High
2023,1,Sunday,22,KPK,Mardan,Rural Road,Poor,Extreme Heat,Street Light,Motorcycle,1,Driver Fatigue,0,1,1,1,10,2,High
2020,1,Saturday,14,Sindh,Nawabshah,Motorway,Average,Clear,Daylight,Van/Pickup,2,Pedestrian Error,0,1,0,1,1,1,Low
2019,1,Wednesday,17,Sindh,Hyderabad,National Highway,Poor,Clear,Dawn/Dusk,Car/Taxi,2,Signal Violation,1,0,0,1,0,0,Low
2021,12,Saturday,8,Sindh,Mirpur Khas,National Highway,Good,Rainy,No Light,Car/Taxi,2,Over Speeding,1,1,0,1,2,0,Medium
2020,6,Sunday,3,Islamabad,Islamabad,National Highway,Poor,Clear,Street Light,Rickshaw,2,Signal Violation,0,1,1,0,2,1,Medium
2022,5,Sunday,12,Balochistan,Hub,National Highway,Average,Rainy,Daylight,Car/Taxi,2,Wrong Overtaking,1,1,0,0,1,1,Medium
2022,10,Friday,16,Balochistan,Sibi,Urban Road,Average,Clear,Daylight,Car/Taxi,2,Over Speeding,0,0,0,0,4,0,Medium
2019,12,Monday,14,Punjab,Multan,Urban Road,Average,Clear,Daylight,Motorcycle,2,Drunk Driving,0,0,0,1,7,1,High
2019,4,Wednesday,5,Punjab,Sialkot,Urban Road,Good,Clear,Dawn/Dusk,Rickshaw,3,Wrong Overtaking,0,0,1,0,5,0,Medium
2021,6,Monday,18,Gilgit-Baltistan,Hunza,National Highway,Good,Clear,Daylight,Car/Taxi,2,Road Condition,1,0,0,0,4,0,Medium
2019,7,Thursday,16,Punjab,Sialkot,Provincial Highway,Good,Foggy,Daylight,Motorcycle,2,Road Condition,0,0,0,0,4,1,Medium
2018,8,Tuesday,21,Sindh,Sukkur,Rural Road,Under Repair,Clear,No Light,Motorcycle,4,Wrong Overtaking,0,0,0,0,3,0,Medium
2022,8,Thursday,12,Punjab,Multan,National Highway,Good,Clear,Daylight,Motorcycle,2,Signal Violation,1,0,0,0,5,0,Medium
2019,7,Wednesday,22,Sindh,Dadu,Urban Road,Good,Rainy,No Light,Car/Taxi,1,Over Speeding,0,0,1,0,4,1,High
2023,6,Tuesday,20,Punjab,Lahore,National Highway,Poor,Foggy,Street Light,Car/Taxi,2,Mechanical Failure,1,0,0,0,4,0,Medium
2018,6,Sunday,15,Balochistan,Loralai,Provincial Highway,Average,Rainy,Dawn/Dusk,Car/Taxi,2,Mechanical Failure,0,1,0,0,2,0,Medium
2019,7,Saturday,19,Islamabad,Islamabad,Rural Road,Good,Clear,Dawn/Dusk,Car/Taxi,1,Over Speeding,1,1,0,0,1,0,Low
2022,4,Tuesday,8,Punjab,Rawalpindi,Provincial Highway,Average,Clear,Daylight,Bus/Coach,3,Pedestrian Error,1,0,0,0,1,1,Low
2022,11,Monday,13,Punjab,Sheikhupura,Urban Road,Poor,Clear,Daylight,Car/Taxi,2,Wrong Overtaking,1,0,0,1,0,0,Low
2022,5,Friday,17,KPK,Nowshera,National Highway,Good,Dusty/Smoggy,Daylight,Car/Taxi,2,Mechanical Failure,1,0,0,0,1,0,Low
2023,7,Friday,12,Punjab,Faisalabad,Provincial Highway,Average,Clear,Daylight,Van/Pickup,2,Wrong Overtaking,1,0,0,0,0,0,Low
2020,3,Saturday,13,AJK,Rawalakot,National Highway,Good,Clear,Daylight,Motorcycle,2,Over Speeding,1,1,0,0,6,2,High
2022,2,Monday,8,Punjab,Gujranwala,Motorway,Average,Foggy,Dawn/Dusk,Motorcycle,2,Wrong Overtaking,1,0,0,1,11,1,High
2019,1,Friday,13,Punjab,Lahore,Rural Road,Average,Dusty/Smoggy,Daylight,Car/Taxi,2,Pedestrian Error,1,0,0,1,2,0,Low
2019,5,Friday,6,KPK,Peshawar,National Highway,Good,Foggy,Daylight,Car/Taxi,2,Signal Violation,0,0,0,0,3,2,Medium
2022,5,Saturday,9,KPK,Nowshera,National Highway,Poor,Rainy,Daylight,Car/Taxi,2,Mechanical Failure,1,1,0,0,5,0,Medium
2022,12,Tuesday,20,Sindh,Jacobabad,Urban Road,Poor,Clear,Street Light,Car/Taxi,2,Over Speeding,1,0,0,1,2,0,Low
2023,1,Thursday,6,Punjab,Bahawalpur,National Highway,Under Repair,Clear,Daylight,Van/Pickup,2,Signal Violation,0,0,0,1,1,2,Medium
2020,9,Wednesday,11,Punjab,Bahawalpur,National Highway,Poor,Clear,Daylight,Bus/Coach,2,Over Speeding,0,0,0,0,4,0,Medium
2023,12,Tuesday,19,Punjab,Sargodha,National Highway,Good,Clear,No Light,Motorcycle,2,Road Condition,1,0,0,1,3,0,Medium
2022,4,Monday,12,Punjab,Rawalpindi,Provincial Highway,Under Repair,Clear,Street Light,Motorcycle,4,Road Condition,1,0,0,0,4,0,Medium
2023,4,Monday,9,Balochistan,Khuzdar,National Highway,Good,Clear,Daylight,Rickshaw,2,Drunk Driving,1,0,0,0,5,0,Medium
2021,11,Friday,18,Punjab,Faisalabad,National Highway,Poor,Clear,Street Light,Rickshaw,1,Over Speeding,1,0,0,1,1,1,Medium
2022,6,Tuesday,8,Punjab,Lahore,Rural Road,Average,Clear,Dawn/Dusk,Car/Taxi,4,Over Speeding,1,0,0,0,2,0,Medium
2022,1,Sunday,20,KPK,Charsadda,National Highway,Good,Clear,Street Light,Motorcycle,3,Over Speeding,1,1,0,1,10,1,High
2020,1,Sunday,19,Punjab,Sialkot,Rural Road,Average,Clear,Street Light,Truck/Lorry,2,Driver Fatigue,1,1,0,1,0,0,Low
2019,12,Monday,21,Balochistan,Hub,Urban Road,Average,Clear,No Light,Car/Taxi,2,Driver Fatigue,0,0,0,1,3,1,Medium
2021,1,Friday,5,KPK,Peshawar,Provincial Highway,Under Repair,Foggy,Dawn/Dusk,Car/Taxi,2,Over Speeding,0,0,1,1,4,0,Medium
2023,6,Tuesday,19,Punjab,Gujranwala,Urban Road,Average,Extreme Heat,Street Light,Motorcycle,1,Road Condition,1,0,0,0,0,0,Low
2018,10,Thursday,15,Balochistan,Dera Bugti,Provincial Highway,Average,Foggy,Street Light,Car/Taxi,2,Pedestrian Error,0,0,0,0,1,0,Low
2020,9,Friday,7,Sindh,Thatta,Rural Road,Poor,Clear,Daylight,Van/Pickup,1,Over Speeding,1,0,0,0,5,0,Medium
2019,5,Wednesday,19,Sindh,Thatta,National Highway,Good,Extreme Heat,No Light,Car/Taxi,1,Signal Violation,1,0,0,0,5,1,Medium
2020,7,Thursday,16,Balochistan,Dera Bugti,Provincial Highway,Good,Clear,Street Light,Motorcycle,3,Driver Fatigue,0,0,0,0,8,0,High
2018,7,Friday,8,Balochistan,Zhob,Provincial Highway,Under Repair,Foggy,Daylight,Motorcycle,1,Wrong Overtaking,1,0,0,0,6,2,High
2020,9,Sunday,8,Punjab,Faisalabad,Rural Road,Average,Extreme Heat,Street Light,Motorcycle,2,Road Condition,1,1,0,0,1,0,Low
2018,10,Friday,0,Punjab,Faisalabad,Urban Road,Poor,Clear,Street Light,Motorcycle,2,Road Condition,0,0,1,0,3,0,Medium
2023,4,Friday,12,Punjab,Faisalabad,Urban Road,Average,Clear,Daylight,Motorcycle,3,Over Speeding,1,0,0,0,3,4,High
2023,4,Friday,13,KPK,Charsadda,National Highway,Average,Clear,Street Light,Car/Taxi,2,Driver Fatigue,1,0,0,0,3,0,Medium
2023,3,Thursday,18,Islamabad,Islamabad,Provincial Highway,Good,Clear,Daylight,Motorcycle,1,Wrong Overtaking,1,0,0,0,5,0,Medium
2021,2,Monday,12,Punjab,Bahawalpur,Urban Road,Under Repair,Clear,Daylight,Motorcycle,1,Signal Violation,1,0,0,1,1,0,Low
2018,6,Wednesday,13,Punjab,Bahawalpur,Motorway,Poor,Foggy,Daylight,Motorcycle,1,Over Speeding,1,0,0,0,3,1,High
2022,4,Saturday,12,KPK,Peshawar,Provincial Highway,Poor,Clear,Daylight,Car/Taxi,2,Road Condition,1,1,0,0,2,0,Low
2023,4,Friday,7,Punjab,Sheikhupura,Rural Road,Good,Clear,Dawn/Dusk,Truck/Lorry,3,Mechanical Failure,1,0,0,0,1,0,Low
2022,1,Tuesday,21,Punjab,Rahim Yar Khan,Provincial Highway,Good,Clear,No Light,Motorcycle,2,Pedestrian Error,0,0,0,1,5,0,Medium
2022,8,Thursday,16,Punjab,Multan,Urban Road,Average,Rainy,Daylight,Motorcycle,2,Over Speeding,0,0,0,0,11,1,High
2023,2,Thursday,19,Punjab,Sheikhupura,National Highway,Under Repair,Clear,Dawn/Dusk,Car/Taxi,1,Over Speeding,1,0,0,1,10,1,High
2022,10,Sunday,10,AJK,Rawalakot,National Highway,Good,Clear,Daylight,Motorcycle,1,Over Speeding,0,1,0,0,4,1,High
2020,3,Saturday,20,AJK,Rawalakot,Rural Road,Average,Clear,Street Light,Rickshaw,2,Over Speeding,1,1,0,0,2,1,Medium
2022,12,Wednesday,20,Punjab,Rahim Yar Khan,National Highway,Good,Rainy,No Light,Car/Taxi,4,Pedestrian Error,1,0,0,1,0,0,Low
2022,7,Thursday,10,Islamabad,Islamabad,Rural Road,Average,Rainy,Daylight,Bus/Coach,1,Signal Violation,0,0,0,0,1,1,Medium
2021,12,Sunday,20,Punjab,Rahim Yar Khan,National Highway,Average,Foggy,Street Light,Car/Taxi,2,Over Speeding,1,1,0,1,5,0,Medium
2022,9,Tuesday,9,Balochistan,Khuzdar,Urban Road,Average,Rainy,Daylight,Rickshaw,1,Pedestrian Error,1,0,0,0,1,0,Low
2022,3,Saturday,8,Punjab,Faisalabad,Provincial Highway,Good,Clear,Daylight,Motorcycle,2,Over Speeding,1,1,0,0,10,0,High
2018,11,Friday,13,KPK,Nowshera,National Highway,Average,Rainy,Street Light,Motorcycle,1,Wrong Overtaking,1,0,0,1,11,2,High
2023,10,Friday,12,Punjab,Bahawalpur,National Highway,Good,Clear,Daylight,Rickshaw,2,Pedestrian Error,1,0,0,0,2,0,Medium
2018,5,Monday,21,Punjab,Lahore,Urban Road,Good,Clear,No Light,Bus/Coach,1,Over Speeding,0,0,0,0,0,0,Low
2018,9,Tuesday,19,Islamabad,Islamabad,Rural Road,Good,Clear,Street Light,Motorcycle,2,Mechanical Failure,1,0,0,0,0,1,Low
2022,11,Sunday,20,Punjab,Sargodha,National Highway,Good,Clear,No Light,Bus/Coach,2,Over Speeding,1,1,0,1,6,2,High
2023,3,Thursday,19,Gilgit-Baltistan,Skardu,Provincial Highway,Average,Clear,Street Light,Motorcycle,3,Over Speeding,1,0,0,0,4,1,High
2018,9,Wednesday,15,Punjab,Sargodha,Motorway,Average,Rainy,Daylight,Motorcycle,2,Signal Violation,0,0,0,0,2,2,High
2022,5,Wednesday,6,Punjab,Sialkot,Provincial Highway,Poor,Clear,Daylight,Car/Taxi,4,Over Speeding,0,0,0,0,1,0,Low
2022,4,Wednesday,18,Balochistan,Sibi,National Highway,Poor,Dusty/Smoggy,Daylight,Motorcycle,2,Signal Violation,1,0,0,0,2,0,Medium
2019,7,Tuesday,21,Sindh,Jacobabad,Rural Road,Average,Clear,No Light,Motorcycle,2,Road Condition,0,0,0,0,2,0,Low
2023,9,Wednesday,12,Sindh,Dadu,Rural Road,Under Repair,Foggy,Daylight,Van/Pickup,2,Signal Violation,1,0,0,0,2,1,Medium
2018,11,Monday,13,Punjab,Gujranwala,National Highway,Good,Clear,Daylight,Motorcycle,2,Pedestrian Error,1,0,0,1,10,0,High
2020,7,Thursday,20,Sindh,Nawabshah,Provincial Highway,Good,Foggy,Street Light,Bus/Coach,2,Driver Fatigue,1,0,0,0,4,0,High
2021,8,Saturday,19,Punjab,Sialkot,Motorway,Poor,Extreme Heat,Dawn/Dusk,Motorcycle,2,Road Condition,1,1,0,0,1,0,Medium
2023,8,Tuesday,11,Sindh,Sukkur,Provincial Highway,Poor,Dusty/Smoggy,Daylight,Rickshaw,4,Driver Fatigue,0,0,0,0,5,0,Medium
2021,1,Thursday,15,Sindh,Sukkur,Urban Road,Poor,Clear,Daylight,Car/Taxi,1,Pedestrian Error,0,0,0,1,0,0,Low
2020,8,Monday,18,Sindh,Karachi,National Highway,Average,Clear,Dawn/Dusk,Bus/Coach,2,Over Speeding,1,0,0,0,4,0,Medium
2023,6,Wednesday,21,Islamabad,Islamabad,Urban Road,Average,Clear,Street Light,Motorcycle,1,Pedestrian Error,0,0,0,0,1,2,Medium
2021,6,Wednesday,8,Sindh,Larkana,Urban Road,Good,Rainy,Daylight,Bicycle,2,Pedestrian Error,1,0,0,0,0,0,Low
2023,10,Friday,8,Punjab,Rawalpindi,Urban Road,Average,Clear,Daylight,Motorcycle,3,Mechanical Failure,1,0,0,0,1,0,Low
2022,6,Wednesday,10,Punjab,Sargodha,Urban Road,Average,Dusty/Smoggy,Daylight,Car/Taxi,2,Wrong Overtaking,0,0,0,0,2,0,Low
2021,8,Friday,4,Sindh,Nawabshah,National Highway,Poor,Clear,No Light,Motorcycle,1,Over Speeding,0,0,1,0,10,4,High
2018,1,Friday,14,Punjab,Sheikhupura,National Highway,Good,Clear,Dawn/Dusk,Motorcycle,2,Mechanical Failure,0,0,0,1,1,0,Medium
2019,11,Saturday,20,Punjab,Rahim Yar Khan,Rural Road,Poor,Rainy,No Light,Bicycle,4,Road Condition,1,1,0,1,1,0,Low
2018,12,Friday,12,Balochistan,Khuzdar,Urban Road,Good,Clear,Dawn/Dusk,Car/Taxi,2,Over Speeding,1,0,0,1,1,0,Medium
2022,10,Wednesday,21,Balochistan,Zhob,Rural Road,Under Repair,Foggy,Street Light,Motorcycle,3,Road Condition,0,0,0,0,3,1,Medium
2023,12,Sunday,10,Sindh,Dadu,Urban Road,Good,Clear,Daylight,Car/Taxi,1,Road Condition,0,1,0,1,0,0,Low
2018,8,Saturday,23,Sindh,Kashmore,National Highway,Average,Rainy,No Light,Truck/Lorry,2,Signal Violation,0,1,1,0,2,3,High
2019,6,Tuesday,15,Sindh,Sukkur,Urban Road,Good,Clear,Daylight,Car/Taxi,2,Road Condition,0,0,0,0,0,0,Low
2023,6,Friday,20,Sindh,Dadu,National Highway,Poor,Clear,Street Light,Car/Taxi,2,Mechanical Failure,1,0,0,0,2,0,Low
2023,2,Friday,17,KPK,Abbottabad,Urban Road,Good,Clear,Daylight,Van/Pickup,1,Pedestrian Error,1,0,0,1,0,0,Low
2019,2,Friday,6,KPK,Peshawar,Urban Road,Average,Clear,Daylight,Car/Taxi,3,Mechanical Failure,0,0,0,1,0,1,Low
2019,2,Saturday,13,Punjab,Rawalpindi,Provincial Highway,Poor,Rainy,Daylight,Motorcycle,1,Pedestrian Error,1,1,0,1,1,0,Medium
2020,1,Friday,3,KPK,Kohat,National Highway,Average,Foggy,No Light,Motorcycle,3,Mobile Phone Use,0,0,1,1,10,2,High
2020,4,Sunday,11,KPK,Charsadda,National Highway,Average,Rainy,No Light,Van/Pickup,2,Wrong Overtaking,0,1,0,0,11,0,High
2022,5,Saturday,20,Punjab,Lahore,Urban Road,Good,Foggy,Street Light,Motorcycle,2,Wrong Overtaking,1,1,0,0,4,0,Medium
2023,5,Tuesday,10,Punjab,Multan,National Highway,Good,Clear,Daylight,Car/Taxi,2,Road Condition,0,0,0,0,0,0,Low
2022,5,Friday,16,KPK,Dera Ismail Khan,National Highway,Good,Clear,Daylight,Car/Taxi,1,Over Speeding,0,0,0,0,3,0,Medium
2018,12,Thursday,3,Sindh,Thatta,National Highway,Good,Rainy,Street Light,Rickshaw,2,Over Speeding,0,0,1,1,6,3,High
2021,7,Monday,21,KPK,Mansehra,Urban Road,Average,Clear,No Light,Motorcycle,2,Driver Fatigue,0,0,0,0,4,0,Medium
2022,7,Tuesday,21,Punjab,Multan,Provincial Highway,Average,Dusty/Smoggy,No Light,Bicycle,1,Wrong Overtaking,0,0,0,0,9,2,High
2021,10,Wednesday,11,Punjab,Rawalpindi,National Highway,Good,Clear,Daylight,Rickshaw,3,Signal Violation,0,0,0,0,1,0,Low
2019,11,Sunday,14,Punjab,Lahore,Provincial Highway,Poor,Clear,Daylight,Motorcycle,1,Pedestrian Error,0,1,0,1,1,1,Medium
2019,7,Sunday,18,Sindh,Kashmore,Urban Road,Good,Clear,Daylight,Motorcycle,2,Over Speeding,1,1,0,0,3,0,Medium