year,month,day_of_week,hour_of_day,province,district,road_type,road_condition,weather_condition,lighting_condition,vehicle_type,vehicles_involved,accident_cause,is_rush_hour,is_weekend,is_night,is_foggy_month,num_injured,num_killed,severity
2020,4,Monday,4,Sindh,Thatta,Motorway,Average,Foggy,No Light,Motorcycle,2,Wrong Overtaking,0,0,1,0,3,2,High
2020,6,Saturday,3,Balochistan,Turbat,Rural Road,Good,Clear,Street Light,Motorcycle,2,Signal Violation,0,1,1,0,5,0,Medium
2019,7,Tuesday,17,KPK,Nowshera,National Highway,Poor,Foggy,Daylight,Motorcycle,2,Mobile Phone Use,1,0,0,0,4,2,High
2021,3,Saturday,19,Gilgit-Baltistan,Hunza,Provincial Highway,Good,Clear,Street Light,Truck/Lorry,2,Pedestrian Error,1,1,0,0,2,0,Low
2020,2,Wednesday,13,Punjab,Gujranwala,Urban Road,Poor,Clear,Daylight,Bus/Coach,3,Drunk Driving,1,0,0,1,5,0,Medium
2023,8,Friday,12,Punjab,Sialkot,Urban Road,Poor,Foggy,Street Light,Motorcycle,2,Signal Violation,1,0,0,0,2,0,Medium
2023,8,Saturday,1,Punjab,Rawalpindi,National Highway,Poor,Clear,Street Light,Truck/Lorry,1,Over Speeding,0,1,1,0,6,1,High
2021,8,Friday,16,Sindh,Nawabshah,National Highway,Average,Rainy,Daylight,Car/Taxi,1,Road Condition,0,0,0,0,2,0,Medium
2018,4,Sunday,7,Punjab,Sargodha,National Highway,Average,Clear,Street Light,Truck/Lorry,2,Over Speeding,1,1,0,0,10,1,High
2019,6,Friday,11,KPK,Dera Ismail Khan,Rural Road,Good,Clear,Daylight,Car/Taxi,2,Road Condition,0,0,0,0,2,1,Low
2022,5,Sunday,19,Punjab,Sargodha,Urban Road,Average,Clear,Dawn/Dusk,Motorcycle,2,Over Speeding,1,1,0,0,2,0,High
2022,6,Wednesday,5,Punjab,Faisalabad,Rural Road,Under Repair,Foggy,Street Light,Motorcycle,2,Signal Violation,0,0,1,0,10,0,High
2018,6,Saturday,16,Sindh,Hyderabad,Rural Road,Good,Rainy,Daylight,Car/Taxi,2,Pedestrian Error,0,1,0,0,0,0,Low
2020,7,Friday,21,Punjab,Rawalpindi,Rural Road,Poor,Clear,Street Light,Motorcycle,2,Drunk Driving,0,0,0,0,4,0,Medium
2021,1,Tuesday,9,KPK,Nowshera,National Highway,Good,Clear,Daylight,Car/Taxi,2,Signal Violation,1,0,0,1,5,0,Medium
2019,1,Sunday,10,KPK,Peshawar,Urban Road,Poor,Rainy,Dawn/Dusk,Bus/Coach,2,Wrong Overtaking,0,1,0,1,1,1,Medium
2022,11,Wednesday,20,Punjab,Bahawalpur,Provincial Highway,Good,Clear,Street Light,Motorcycle,3,Over Speeding,1,0,0,1,4,0,Medium
2023,8,Tuesday,6,KPK,Swat,Provincial Highway,Average,Extreme Heat,Daylight,Motorcycle,1,Driver Fatigue,0,0,0,0,10,1,High
2018,1,Friday,14,Sindh,Nawabshah,Urban Road,Good,Dusty/Smoggy,Daylight,Motorcycle,2,Over Speeding,0,0,0,1,5,0,Medium
2023,2,Thursday,21,Sindh,Mirpur Khas,National Highway,Average,Rainy,Street Light,Motorcycle,2,Mechanical Failure,0,0,0,1,5,0,Medium
2022,12,Tuesday,11,Punjab,Lahore,Provincial Highway,Good,Clear,Daylight,Rickshaw,1,Over Speeding,0,0,0,1,4,0,Medium
2021,2,Thursday,8,KPK,Kohat,National Highway,Good,Foggy,Daylight,Motorcycle,3,Mechanical Failure,1,0,0,1,4,1,High
2022,9,Monday,17,Punjab,Gujranwala,Motorway,Good,Clear,Daylight,Bus/Coach,2,Wrong Overtaking,1,0,0,0,5,1,Medium
2020,11,Thursday,10,Punjab,Sargodha,Provincial Highway,Poor,Rainy,Daylight,Rickshaw,2,Over Speeding,0,0,0,1,5,2,High
2020,8,Tuesday,21,Punjab,Sheikhupura,Rural Road,Good,Clear,No Light,Rickshaw,1,Over Speeding,0,0,0,0,0,0,Low
2020,8,Sunday,9,Sindh,Dadu,Rural Road,Good,Clear,Daylight,Rickshaw,2,Road Condition,1,1,0,0,0,1,Low
2020,1,Thursday,10,Sindh,Karachi,National Highway,Under Repair,Clear,Daylight,Motorcycle,1,Road Condition,0,0,0,1,5,2,Medium
2021,3,Tuesday,5,Balochistan,Hub,National Highway,Average,Dusty/Smoggy,Dawn/Dusk,Rickshaw,1,Over Speeding,0,0,1,0,10,1,High
2022,3,Saturday,8,KPK,Swat,Provincial Highway,Average,Clear,Daylight,Motorcycle,4,Driver Fatigue,1,1,0,0,8,2,High
2022,5,Sunday,4,Islamabad,Islamabad,National Highway,Average,Clear,No Light,Motorcycle,3,Over Speeding,0,1,1,0,10,1,High
2023,1,Tuesday,0,KPK,Nowshera,Motorway,Average,Extreme Heat,Street Light,Motorcycle,2,Driver Fatigue,0,0,1,1,7,0,High
2023,8,Tuesday,17,Punjab,Gujranwala,National Highway,Poor,Clear,Dawn/Dusk,Car/Taxi,1,Driver Fatigue,1,0,0,0,4,2,High
2021,7,Wednesday,23,Sindh,Hyderabad,Motorway,Under Repair,Clear,No Light,Car/Taxi,1,Pedestrian Error,0,0,1,0,1,2,Medium
2020,11,Tuesday,18,Sindh,Larkana,Provincial Highway,Poor,Clear,Daylight,Van/Pickup,2,Over Speeding,1,0,0,1,1,1,Medium
2023,5,Saturday,9,Sindh,Kashmore,Provincial Highway,Good,Dusty/Smoggy,No Light,Rickshaw,2,Wrong Overtaking,1,1,0,0,0,0,Low
2022,5,Tuesday,20,Sindh,Larkana,Urban Road,Good,Foggy,Street Light,Motorcycle,3,Signal Violation,1,0,0,0,5,1,Medium
2020,10,Saturday,21,KPK,Dera Ismail Khan,Urban Road,Average,Rainy,Street Light,Car/Taxi,1,Over Speeding,0,1,0,0,3,0,Medium
2020,4,Friday,10,Punjab,Rawalpindi,Provincial Highway,Under Repair,Foggy,Daylight,Motorcycle,2,Signal Violation,0,0,0,0,5,0,Medium
2021,5,Thursday,7,KPK,Kohat,Provincial Highway,Average,Clear,Daylight,Truck/Lorry,3,Mechanical Failure,1,0,0,0,5,2,Medium
2022,5,Sunday,21,Punjab,Bahawalpur,National Highway,Under Repair,Clear,No Light,Rickshaw,1,Pedestrian Error,0,1,0,0,1,0,Medium
2020,1,Wednesday,21,Punjab,Faisalabad,National Highway,Good,Rainy,No Light,Car/Taxi,2,Over Speeding,0,0,0,1,2,0,Medium
2020,12,Wednesday,2,Sindh,Hyderabad,National Highway,Poor,Rainy,Street Light,Car/Taxi,2,Pedestrian Error,0,0,1,1,2,1,Medium
2018,4,Sunday,7,Sindh,Dadu,Provincial Highway,Good,Clear,Daylight,Motorcycle,3,Over Speeding,1,1,0,0,3,0,High
2018,9,Friday,12,Punjab,Gujranwala,Provincial Highway,Good,Rainy,Daylight,Motorcycle,4,Mechanical Failure,1,0,0,0,2,2,Medium
2018,5,Monday,2,Sindh,Hyderabad,National Highway,Average,Dusty/Smoggy,Street Light,Motorcycle,3,Wrong Overtaking,0,0,1,0,3,2,High
2023,5,Friday,19,Sindh,Hyderabad,National Highway,Poor,Clear,Dawn/Dusk,Motorcycle,2,Road Condition,1,0,0,0,6,0,High
2023,6,Monday,20,Punjab,Rawalpindi,National Highway,Poor,Clear,No Light,Motorcycle,2,Signal Violation,1,0,0,0,9,0,High
2022,7,Thursday,10,KPK,Bannu,Provincial Highway,Good,Foggy,Dawn/Dusk,Car/Taxi,4,Road Condition,0,0,0,0,1,0,Low
2021,6,Wednesday,9,Punjab,Sialkot,Provincial Highway,Good,Rainy,Daylight,Motorcycle,2,Road Condition,1,0,0,0,8,2,High
2020,6,Saturday,22,KPK,Peshawar,Urban Road,Good,Foggy,No Light,Car/Taxi,3,Over Speeding,0,1,1,0,4,1,Medium
2020,8,Sunday,5,Punjab,Rahim Yar Khan,Urban Road,Under Repair,Extreme Heat,Daylight,Car/Taxi,1,Driver Fatigue,0,1,1,0,2,1,Medium
2019,1,Saturday,9,Sindh,Sukkur,National Highway,Good,Rainy,Daylight,Motorcycle,2,Over Speeding,1,1,0,1,8,1,High
2019,7,Saturday,18,Balochistan,Hub,National Highway,Good,Clear,Street Light,Truck/Lorry,2,Wrong Overtaking,1,1,0,0,5,0,Medium
2022,5,Saturday,14,KPK,Swat,Urban Road,Good,Foggy,Daylight,Car/Taxi,1,Signal Violation,0,1,0,0,0,0,Low
2022,10,Sunday,20,KPK,Kohat,Rural Road,Good,Clear,Street Light,Motorcycle,2,Mechanical Failure,1,1,0,0,1,0,Low
2021,1,Thursday,2,Punjab,Lahore,Provincial Highway,Good,Clear,Street Light,Motorcycle,2,Over Speeding,0,0,1,1,9,1,High
2021,1,Sunday,19,Punjab,Lahore,Provincial Highway,Under Repair,Foggy,Daylight,Car/Taxi,2,Wrong Overtaking,1,1,0,1,2,0,Medium
2021,11,Sunday,9,Sindh,Hyderabad,National Highway,Average,Clear,Daylight,Motorcycle,2,Drunk Driving,1,1,0,1,5,0,High
2023,6,Thursday,12,Punjab,Sheikhupura,National Highway,Average,Clear,Daylight,Car/Taxi,2,Signal Violation,1,0,0,0,1,0,Low
2023,1,Saturday,5,Balochistan,Khuzdar,Provincial Highway,Under Repair,Foggy,Dawn/Dusk,Motorcycle,2,Wrong Overtaking,0,1,1,1,3,2,High
2022,1,Tuesday,0,Punjab,Bahawalpur,Motorway,Poor,Dusty/Smoggy,No Light,Car/Taxi,3,Signal Violation,0,0,1,1,3,1,High
2018,4,Wednesday,11,Punjab,Rahim Yar Khan,Urban Road,Average,Clear,Daylight,Motorcycle,2,Over Speeding,0,0,0,0,5,0,Medium
2019,5,Saturday,10,Sindh,Sukkur,Provincial Highway,Good,Clear,Street Light,Car/Taxi,3,Over Speeding,0,1,0,0,4,0,Medium
2022,8,Sunday,14,KPK,Abbottabad,Provincial Highway,Average,Foggy,Street Light,Motorcycle,2,Road Condition,0,1,0,0,2,1,Medium
2022,3,Sunday,9,Punjab,Sheikhupura,National Highway,Good,Clear,Street Light,Car/Taxi,1,Over Speeding,1,1,0,0,8,3,High
2023,1,Friday,15,Islamabad,Islamabad,National Highway,Average,Clear,Daylight,Motorcycle,2,Over Speeding,0,0,0,1,6,1,High
2022,4,Saturday,6,Sindh,Dadu,Urban Road,Good,Clear,Daylight,Bus/Coach,1,Over Speeding,0,1,0,0,3,0,Medium
2023,1,Thursday,21,Balochistan,Turbat,Urban Road,Under Repair,Rainy,Street Light,Motorcycle,2,Mobile Phone Use,0,0,0,1,4,0,Medium
2023,1,Thursday,8,Sindh,Thatta,Urban Road,Average,Clear,Daylight,Motorcycle,2,Over Speeding,1,0,0,1,3,1,Medium
2023,9,Sunday,20,KPK,Bannu,National Highway,Average,Clear,Street Light,Motorcycle,3,Mobile Phone Use,1,1,0,0,2,2,High
2023,3,Wednesday,9,Punjab,Sargodha,National Highway,Average,Clear,Daylight,Rickshaw,2,Drunk Driving,1,0,0,0,2,2,Medium
2018,10,Saturday,22,KPK,Charsadda,Urban Road,Under Repair,Foggy,No Light,Motorcycle,2,Over Speeding,0,1,1,0,11,1,High
2021,5,Friday,21,Sindh,Karachi,National Highway,Average,Rainy,Street Light,Other,1,Over Speeding,0,0,0,0,11,4,High
2022,10,Sunday,19,Sindh,Hyderabad,National Highway,Average,Clear,Street Light,Truck/Lorry,1,Over Speeding,1,1,0,0,4,0,Medium
2018,7,Monday,10,Punjab,Bahawalpur,Rural Road,Poor,Dusty/Smoggy,Daylight,Car/Taxi,2,Drunk Driving,0,0,0,0,0,0,Low
2023,8,Tuesday,22,KPK,Abbottabad,National Highway,Average,Clear,No Light,Motorcycle,2,Driver Fatigue,0,0,1,0,5,1,High
2020,4,Monday,17,Punjab,Sargodha,Urban Road,Under Repair,Clear,Daylight,Motorcycle,2,Wrong Overtaking,1,0,0,0,1,0,Low
2022,7,Saturday,13,Punjab,Sargodha,Urban Road,Average,Foggy,Daylight,Motorcycle,2,Wrong Overtaking,1,1,0,0,2,0,Medium
2019,2,Saturday,12,Punjab,Bahawalpur,Motorway,Poor,Clear,Daylight,Motorcycle,2,Signal Violation,1,1,0,1,4,1,Medium
2022,4,Tuesday,12,Punjab,Bahawalpur,Provincial Highway,Average,Clear,Daylight,Car/Taxi,2,Wrong Overtaking,1,0,0,0,1,0,Low
2020,8,Sunday,22,KPK,Charsadda,Provincial Highway,Good,Rainy,No Light,Motorcycle,2,Signal Violation,0,1,1,0,6,2,High
2022,6,Wednesday,11,Punjab,Gujranwala,Provincial Highway,Average,Extreme Heat,Daylight,Car/Taxi,2,Road Condition,0,0,0,0,2,0,Low
2018,4,Monday,11,Punjab,Lahore,National Highway,Good,Foggy,Daylight,Car/Taxi,3,Wrong Overtaking,0,0,0,0,5,0,Medium
2023,11,Sunday,12,Punjab,Sheikhupura,National Highway,Average,Foggy,Daylight,Car/Taxi,1,Wrong Overtaking,1,1,0,1,5,1,High
2019,5,Tuesday,8,Sindh,Dadu,Motorway,Average,Foggy,Daylight,Car/Taxi,2,Over Speeding,1,0,0,0,4,1,High
2021,6,Sunday,7,Sindh,Nawabshah,Motorway,Good,Clear,Daylight,Motorcycle,3,Drunk Driving,1,1,0,0,9,1,High
2023,9,Sunday,8,Punjab,Sheikhupura,National Highway,Under Repair,Rainy,Daylight,Truck/Lorry,2,Road Condition,1,1,0,0,5,0,Medium
2022,5,Wednesday,13,Sindh,Jacobabad,National Highway,Average,Clear,Daylight,Motorcycle,2,Over Speeding,1,0,0,0,8,0,High
2023,12,Thursday,13,Sindh,Larkana,National Highway,Average,Rainy,No Light,Motorcycle,1,Driver Fatigue,1,0,0,1,5,3,High
2020,12,Monday,5,KPK,Dera Ismail Khan,Urban Road,Good,Clear,Dawn/Dusk,Bus/Coach,4,Signal Violation,0,0,1,1,5,0,Medium
2019,4,Sunday,17,Punjab,Rahim Yar Khan,Provincial Highway,Average,Dusty/Smoggy,Daylight,Car/Taxi,1,Over Speeding,1,1,0,0,1,1,Medium
2022,1,Thursday,12,Balochistan,Gwadar,National Highway,Good,Extreme Heat,Dawn/Dusk,Motorcycle,2,Driver Fatigue,1,0,0,1,10,1,High
2023,7,Friday,10,Punjab,Lahore,Provincial Highway,Poor,Dusty/Smoggy,Daylight,Bus/Coach,4,Drunk Driving,0,0,0,0,10,0,High
2019,6,Saturday,21,KPK,Bannu,National Highway,Average,Foggy,Street Light,Bus/Coach,1,Drunk Driving,0,1,0,0,2,1,High
2023,12,Monday,16,Punjab,Sialkot,Urban Road,Good,Rainy,Daylight,Car/Taxi,4,Over Speeding,0,0,0,1,1,0,Low
2022,8,Wednesday,4,Punjab,Sargodha,Urban Road,Good,Clear,Street Light,Motorcycle,2,Drunk Driving,0,0,1,0,11,2,High
2021,12,Thursday,13,Sindh,Hyderabad,Provincial Highway,Average,Clear,Daylight,Bus/Coach,4,Wrong Overtaking,1,0,0,1,2,0,Low
2023,11,Friday,23,KPK,Abbottabad,Provincial Highway,Average,Clear,No Light,Motorcycle,1,Over Speeding,0,0,1,1,7,3,High
2021,8,Sunday,7,Sindh,Larkana,National Highway,Average,Extreme Heat,Daylight,Truck/Lorry,1,Over Speeding,1,1,0,0,9,0,High
2023,7,Monday,11,Sindh,Sukkur,Provincial Highway,Under Repair,Clear,Daylight,Rickshaw,1,Over Speeding,0,0,0,0,5,0,Medium
2022,4,Wednesday,6,Punjab,Rahim Yar Khan,Rural Road,Average,Clear,Daylight,Motorcycle,2,Over Speeding,0,0,0,0,4,0,Medium
2018,10,Tuesday,4,Islamabad,Islamabad,National Highway,Average,Clear,No Light,Van/Pickup,1,Wrong Overtaking,0,0,1,0,3,1,Medium
2020,12,Wednesday,14,Balochistan,Sibi,Rural Road,Good,Extreme Heat,Dawn/Dusk,Rickshaw,1,Wrong Overtaking,0,0,0,1,2,0,Low
2018,1,Friday,12,Punjab,Bahawalpur,Provincial Highway,Poor,Clear,Daylight,Rickshaw,1,Driver Fatigue,1,0,0,1,3,1,Medium
2020,6,Sunday,10,KPK,Mardan,Rural Road,Good,Dusty/Smoggy,Daylight,Motorcycle,2,Road Condition,0,1,0,0,2,0,Low
2022,4,Monday,19,Punjab,Sheikhupura,National Highway,Average,Clear,Street Light,Car/Taxi,4,Over Speeding,1,0,0,0,2,0,Medium
2019,9,Friday,10,KPK,Charsadda,Urban Road,Good,Foggy,Dawn/Dusk,Bus/Coach,1,Drunk Driving,0,0,0,0,4,0,Medium
2019,6,Tuesday,13,Sindh,Larkana,National Highway,Good,Foggy,Daylight,Rickshaw,2,Wrong Overtaking,1,0,0,0,1,1,Medium
2023,3,Wednesday,20,Sindh,Sukkur,Rural Road,Under Repair,Dusty/Smoggy,No Light,Motorcycle,3,Signal Violation,1,0,0,0,1,0,Medium
2023,6,Sunday,19,Punjab,Multan,Rural Road,Average,Clear,Street Light,Motorcycle,1,Signal Violation,1,1,0,0,4,0,Medium
2020,1,Friday,8,Islamabad,Islamabad,Rural Road,Average,Rainy,Daylight,Motorcycle,1,Weather Condition,1,0,0,1,0,0,Low
2021,5,Sunday,18,KPK,Mardan,Rural Road,Good,Foggy,Daylight,Motorcycle,1,Road Condition,1,1,0,0,3,1,Medium
2018,7,Sunday,8,KPK,Charsadda,Motorway,Average,Foggy,Street Light,Motorcycle,1,Over Speeding,1,1,0,0,4,2,High
2020,5,Friday,10,Punjab,Sialkot,Rural Road,Poor,Clear,Daylight,Motorcycle,1,Pedestrian Error,0,0,0,0,0,0,Low
2020,7,Saturday,21,Punjab,Rahim Yar Khan,Rural Road,Good,Clear,No Light,Van/Pickup,1,Pedestrian Error,0,1,0,0,0,0,Low
2022,9,Friday,3,Sindh,Karachi,Provincial Highway,Under Repair,Foggy,Street Light,Motorcycle,2,Wrong Overtaking,0,0,1,0,6,0,High
2021,1,Tuesday,12,Balochistan,Loralai,Urban Road,Average,Clear,Daylight,Truck/Lorry,1,Over Speeding,1,0,0,1,2,0,Medium
2020,8,Wednesday,16,Islamabad,Islamabad,National Highway,Under Repair,Foggy,Daylight,Truck/Lorry,3,Mechanical Failure,0,0,0,0,1,0,Medium
2023,11,Wednesday,14,Punjab,Multan,Provincial Highway,Average,Clear,Daylight,Car/Taxi,2,Over Speeding,0,0,0,1,1,1,Medium
2021,10,Tuesday,12,Sindh,Larkana,Urban Road,Poor,Rainy,Street Light,Bus/Coach,4,Road Condition,1,0,0,0,1,0,Medium
2019,12,Friday,5,KPK,Kohat,Provincial Highway,Poor,Extreme Heat,Dawn/Dusk,Rickshaw,3,Signal Violation,0,0,1,1,2,0,Low
2019,6,Monday,11,Punjab,Bahawalpur,Rural Road,Under Repair,Clear,Street Light,Motorcycle,3,Over Speeding,0,0,0,0,4,1,Medium
2022,9,Monday,4,Punjab,Rahim Yar Khan,National Highway,Good,Dusty/Smoggy,No Light,Motorcycle,3,Pedestrian Error,0,0,1,0,3,0,High
2019,1,Monday,15,Punjab,Faisalabad,Urban Road,Good,Clear,No Light,Motorcycle,2,Road Condition,0,0,0,1,0,0,Low
2023,10,Tuesday,17,KPK,Nowshera,Provincial Highway,Good,Clear,Daylight,Bus/Coach,3,Over Speeding,1,0,0,0,1,1,Medium
2023,10,Tuesday,12,Balochistan,Sibi,Provincial Highway,Good,Foggy,Daylight,Car/Taxi,3,Road Condition,1,0,0,0,2,0,Medium
2022,11,Tuesday,10,Balochistan,Chaman,National Highway,Good,Clear,Daylight,Motorcycle,2,Driver Fatigue,0,0,0,1,2,1,High
2023,1,Wednesday,6,KPK,Dera Ismail Khan,Urban Road,Poor,Clear,Street Light,Truck/Lorry,1,Signal Violation,0,0,0,1,2,0,Medium
2022,12,Wednesday,16,Punjab,Rahim Yar Khan,Provincial Highway,Good,Dusty/Smoggy,Dawn/Dusk,Motorcycle,1,Over Speeding,0,0,0,1,10,0,High
2020,1,Saturday,8,KPK,Mardan,Rural Road,Good,Clear,Daylight,Motorcycle,3,Drunk Driving,1,1,0,1,7,1,High
2019,2,Sunday,17,Balochistan,Gwadar,Rural Road,Good,Clear,Daylight,Motorcycle,2,Over Speeding,1,1,0,1,2,0,High
2023,4,Sunday,14,Sindh,Karachi,Provincial Highway,Good,Clear,Dawn/Dusk,Car/Taxi,2,Mechanical Failure,0,1,0,0,0,0,Low
2020,12,Tuesday,12,Punjab,Multan,National Highway,Good,Rainy,Daylight,Car/Taxi,2,Wrong Overtaking,1,0,0,1,9,0,High
2021,6,Saturday,19,Balochistan,Hub,Rural Road,Poor,Clear,Dawn/Dusk,Car/Taxi,2,Pedestrian Error,1,1,0,0,2,0,Low
2019,4,Thursday,21,KPK,Mansehra,National Highway,Poor,Extreme Heat,No Light,Motorcycle,1,Over Speeding,0,0,0,0,6,0,High
2020,10,Saturday,14,Balochistan,Turbat,Provincial Highway,Average,Rainy,Daylight,Rickshaw,4,Over Speeding,0,1,0,0,4,0,Medium
2023,1,Monday,19,Balochistan,Hub,Rural Road,Good,Dusty/Smoggy,Street Light,Car/Taxi,1,Mechanical Failure,1,0,0,1,2,0,Low
2021,3,Sunday,11,Punjab,Gujranwala,National Highway,Under Repair,Clear,Daylight,Motorcycle,1,Over Speeding,0,1,0,0,4,3,High
2019,11,Sunday,19,Balochistan,Gwadar,Provincial Highway,Good,Clear,Dawn/Dusk,Car/Taxi,1,Driver Fatigue,1,1,0,1,0,1,Low
2023,6,Monday,22,Sindh,Thatta,Rural Road,Good,Foggy,No Light,Motorcycle,1,Signal Violation,0,0,1,0,10,2,High
2019,9,Saturday,18,Punjab,Rahim Yar Khan,National Highway,Good,Foggy,Daylight,Car/Taxi,3,Over Speeding,1,1,0,0,4,2,Medium
2021,9,Sunday,18,Sindh,Jacobabad,Urban Road,Poor,Dusty/Smoggy,Street Light,Van/Pickup,3,Wrong Overtaking,1,1,0,0,2,0,Low
2018,4,Sunday,17,Sindh,Hyderabad,National Highway,Under Repair,Clear,Daylight,Motorcycle,1,Over Speeding,1,1,0,0,3,2,High
2022,2,Thursday,20,Punjab,Bahawalpur,Urban Road,Good,Foggy,No Light,Motorcycle,2,Pedestrian Error,1,0,0,1,2,0,Low
2018,2,Tuesday,7,AJK,Mirpur,Provincial Highway,Good,Clear,Dawn/Dusk,Truck/Lorry,1,Road Condition,1,0,0,1,0,1,Low
2021,5,Tuesday,18,Punjab,Bahawalpur,National Highway,Good,Clear,Daylight,Truck/Lorry,1,Over Speeding,1,0,0,0,4,0,High
2019,7,Friday,21,Islamabad,Islamabad,Urban Road,Good,Clear,No Light,Truck/Lorry,2,Mechanical Failure,0,0,0,0,1,0,Low
2023,11,Friday,9,Punjab,Gujranwala,Urban Road,Poor,Clear,Daylight,Bus/Coach,1,Drunk Driving,1,0,0,1,2,0,Low
2023,12,Friday,9,Punjab,Sargodha,National Highway,Poor,Clear,Daylight,Car/Taxi,1,Drunk Driving,1,0,0,1,11,1,High
2023,7,Friday,10,Punjab,Multan,Provincial Highway,Good,Extreme Heat,Daylight,Rickshaw,1,Mobile Phone Use,0,0,0,0,1,0,Low
2023,9,Wednesday,16,KPK,Kohat,Urban Road,Average,Dusty/Smoggy,Daylight,Motorcycle,2,Pedestrian Error,0,0,0,0,0,0,Low
2021,8,Saturday,8,Punjab,Rawalpindi,National Highway,Good,Clear,Daylight,Motorcycle,2,Over Speeding,1,1,0,0,2,1,High
2019,1,Saturday,11,AJK,Rawalakot,Rural Road,Average,Extreme Heat,Dawn/Dusk,Motorcycle,3,Drunk Driving,0,1,0,1,4,0,Medium
2022,9,Sunday,16,KPK,Dera Ismail Khan,Provincial Highway,Good,Clear,No Light,Other,1,Wrong Overtaking,0,1,0,0,1,0,Low
2022,1,Wednesday,8,KPK,Dera Ismail Khan,Motorway,Poor,Rainy,Street Light,Van/Pickup,2,Wrong Overtaking,1,0,0,1,4,0,Medium
2023,6,Wednesday,7,Punjab,Rahim Yar Khan,Rural Road,Poor,Dusty/Smoggy,Daylight,Motorcycle,1,Road Condition,1,0,0,0,2,0,Low
2022,1,Thursday,13,Sindh,Karachi,Urban Road,Poor,Clear,Street Light,Motorcycle,4,Driver Fatigue,1,0,0,1,2,0,Medium
2022,7,Saturday,16,Islamabad,Islamabad,National Highway,Average,Clear,Street Light,Car/Taxi,2,Wrong Overtaking,0,1,0,0,3,0,Medium
2022,6,Monday,11,Punjab,Sargodha,Provincial Highway,Average,Rainy,Daylight,Truck/Lorry,1,Driver Fatigue,0,0,0,0,5,1,Medium
2018,11,Saturday,9,Punjab,Gujranwala,Provincial Highway,Average,Foggy,Street Light,Motorcycle,1,Wrong Overtaking,1,1,0,1,5,1,High
2022,1,Sunday,7,Sindh,Thatta,Rural Road,Average,Clear,Daylight,Bus/Coach,2,Road Condition,1,1,0,1,1,1,Low
2023,7,Sunday,16,Islamabad,Islamabad,Provincial Highway,Good,Clear,Daylight,Motorcycle,1,Over Speeding,0,1,0,0,3,0,Medium
2019,9,Wednesday,19,Sindh,Thatta,Urban Road,Under Repair,Clear,Dawn/Dusk,Motorcycle,2,Mechanical Failure,1,0,0,0,0,0,Low
2019,1,Saturday,5,Punjab,Sialkot,Provincial Highway,Average,Dusty/Smoggy,Dawn/Dusk,Car/Taxi,1,Driver Fatigue,0,1,1,1,4,0,Medium
2021,8,Saturday,6,Sindh,Sukkur,Urban Road,Average,Clear,Daylight,Motorcycle,3,Over Speeding,0,1,0,0,3,1,High
2020,5,Sunday,12,Islamabad,Islamabad,National Highway,Poor,Clear,Daylight,Other,1,Signal Violation,1,1,0,0,2,0,Medium
2020,8,Tuesday,8,Punjab,Faisalabad,Provincial Highway,Good,Clear,Street Light,Motorcycle,1,Over Speeding,1,0,0,0,5,0,Medium
2023,6,Saturday,20,Punjab,Sheikhupura,National Highway,Good,Rainy,Street Light,Motorcycle,4,Road Condition,1,1,0,0,3,0,Medium
2022,12,Friday,10,Punjab,Bahawalpur,Urban Road,Good,Rainy,Daylight,Motorcycle,2,Driver Fatigue,0,0,0,1,3,0,High
2023,3,Friday,8,Punjab,Rahim Yar Khan,Provincial Highway,Good,Clear,Daylight,Motorcycle,4,Wrong Overtaking,1,0,0,0,11,1,High
2019,9,Monday,18,Punjab,Gujranwala,Rural Road,Average,Rainy,Daylight,Car/Taxi,1,Signal Violation,1,0,0,0,1,0,Low
2023,12,Monday,11,Punjab,Rahim Yar Khan,National Highway,Average,Rainy,Dawn/Dusk,Car/Taxi,2,Over Speeding,0,0,0,1,8,2,High
2022,11,Friday,20,Sindh,Sukkur,Urban Road,Average,Foggy,No Light,Motorcycle,3,Over Speeding,1,0,0,1,3,0,High
2021,10,Monday,15,Punjab,Sargodha,Provincial Highway,Average,Rainy,Dawn/Dusk,Van/Pickup,1,Over Speeding,0,0,0,0,5,0,Medium
2022,4,Tuesday,9,Punjab,Faisalabad,Urban Road,Average,Clear,Daylight,Car/Taxi,2,Wrong Overtaking,1,0,0,0,2,0,Low
2022,11,Monday,11,Islamabad,Islamabad,Urban Road,Good,Clear,Daylight,Motorcycle,2,Over Speeding,0,0,0,1,11,4,High
2019,5,Sunday,5,Punjab,Gujranwala,Rural Road,Poor,Clear,No Light,Rickshaw,2,Wrong Overtaking,0,1,1,0,3,0,Medium
2021,5,Wednesday,21,Punjab,Multan,Urban Road,Average,Clear,No Light,Motorcycle,3,Over Speeding,0,0,0,0,2,0,High
2018,1,Friday,22,Punjab,Gujranwala,Urban Road,Average,Rainy,No Light,Rickshaw,1,Over Speeding,0,0,1,1,4,0,Medium
2021,5,Wednesday,13,Sindh,Kashmore,Motorway,Good,Clear,Daylight,Car/Taxi,1,Road Condition,1,0,0,0,3,0,Medium
2021,3,Thursday,12,KPK,Kohat,Urban Road,Average,Rainy,No Light,Motorcycle,3,Driver Fatigue,1,0,0,0,9,2,High
2019,7,Sunday,10,KPK,Peshawar,Motorway,Poor,Clear,Daylight,Car/Taxi,3,Weather Condition,0,1,0,0,1,1,Low