year,month,day_of_week,hour_of_day,province,district,road_type,road_condition,weather_condition,lighting_condition,vehicle_type,vehicles_involved,accident_cause,is_rush_hour,is_weekend,is_night,is_foggy_month,num_injured,num_killed,severity
2022,6,Sunday,4,Sindh,Kashmore,Urban Road,Under Repair,Rainy,Street Light,Motorcycle,2,Pedestrian Error,0,1,1,0,2,0,Medium
2019,6,Friday,18,Balochistan,Chaman,Motorway,Average,Foggy,Street Light,Motorcycle,3,Pedestrian Error,1,0,0,0,3,0,Medium
2021,12,Friday,11,KPK,Mardan,National Highway,Good,Foggy,Street Light,Car/Taxi,2,Over Speeding,0,0,0,1,8,0,High
2021,8,Sunday,13,Punjab,Sheikhupura,Urban Road,Average,Foggy,Street Light,Motorcycle,1,Over Speeding,1,1,0,0,5,0,Medium
2023,5,Sunday,23,Punjab,Multan,Provincial Highway,Poor,Foggy,Street Light,Rickshaw,2,Drunk Driving,0,1,1,0,4,0,High
2022,12,Monday,15,KPK,Charsadda,Urban Road,Poor,Rainy,Daylight,Car/Taxi,2,Wrong Overtaking,0,0,0,1,0,1,Low
2023,5,Saturday,2,AJK,Mirpur,National Highway,Good,Foggy,No Light,Car/Taxi,2,Over Speeding,0,1,1,0,3,0,High
2021,5,Friday,10,Punjab,Rawalpindi,Provincial Highway,Good,Foggy,Daylight,Motorcycle,2,Drunk Driving,0,0,0,0,7,2,High
2023,4,Wednesday,12,Punjab,Gujranwala,National Highway,Poor,Dusty/Smoggy,Daylight,Car/Taxi,3,Over Speeding,1,0,0,0,8,0,High
2019,7,Sunday,9,Balochistan,Quetta,Provincial Highway,Good,Foggy,Daylight,Rickshaw,2,Over Speeding,1,1,0,0,7,1,High
2020,4,Tuesday,1,Punjab,Sialkot,Provincial Highway,Poor,Clear,No Light,Bicycle,3,Over Speeding,0,0,1,0,9,1,High
2019,7,Wednesday,13,KPK,Charsadda,Provincial Highway,Average,Clear,Daylight,Motorcycle,4,Signal Violation,1,0,0,0,6,1,High
2018,6,Friday,6,Punjab,Multan,Rural Road,Average,Clear,Daylight,Rickshaw,1,Road Condition,0,0,0,0,0,0,Low
2023,6,Sunday,10,Punjab,Lahore,Provincial Highway,Good,Clear,Dawn/Dusk,Motorcycle,1,Over Speeding,0,1,0,0,1,0,Medium
2020,1,Saturday,20,Sindh,Kashmore,National Highway,Average,Foggy,No Light,Motorcycle,1,Road Condition,1,1,0,1,1,1,Medium
2021,9,Monday,19,Sindh,Kashmore,Rural Road,Average,Clear,No Light,Rickshaw,4,Signal Violation,1,0,0,0,1,0,Low
2021,1,Thursday,4,Punjab,Bahawalpur,Rural Road,Good,Clear,No Light,Motorcycle,1,Over Speeding,0,0,1,1,4,0,Medium
2023,12,Sunday,19,KPK,Mansehra,National Highway,Poor,Foggy,Dawn/Dusk,Car/Taxi,1,Over Speeding,1,1,0,1,3,0,Medium
2019,4,Saturday,9,Punjab,Rahim Yar Khan,National Highway,Good,Extreme Heat,Daylight,Van/Pickup,2,Driver Fatigue,1,1,0,0,7,2,High
2020,11,Sunday,13,Sindh,Thatta,National Highway,Good,Clear,Street Light,Motorcycle,3,Pedestrian Error,1,1,0,1,3,0,Medium
2023,7,Monday,15,Punjab,Faisalabad,Rural Road,Average,Foggy,Daylight,Motorcycle,1,Wrong Overtaking,0,0,0,0,3,0,Medium
2021,1,Wednesday,22,KPK,Mansehra,Rural Road,Good,Clear,Street Light,Motorcycle,1,Pedestrian Error,0,0,1,1,1,0,Medium
2023,2,Saturday,13,KPK,Mardan,Rural Road,Good,Clear,Daylight,Motorcycle,2,Over Speeding,1,1,0,1,3,1,Medium
2023,9,Wednesday,6,Punjab,Sialkot,Provincial Highway,Good,Clear,Dawn/Dusk,Bus/Coach,3,Road Condition,0,0,0,0,5,0,Medium
2018,6,Thursday,22,Punjab,Sialkot,National Highway,Good,Rainy,Street Light,Motorcycle,4,Road Condition,0,0,1,0,11,1,High
2019,7,Wednesday,6,Balochistan,Dera Bugti,Motorway,Good,Clear,Street Light,Bicycle,2,Road Condition,0,0,0,0,9,0,High
2019,9,Monday,17,Punjab,Sargodha,National Highway,Average,Clear,Street Light,Car/Taxi,2,Signal Violation,1,0,0,0,2,0,Low
2023,6,Saturday,18,Sindh,Karachi,Rural Road,Good,Dusty/Smoggy,Daylight,Rickshaw,1,Signal Violation,1,1,0,0,2,0,Low
2023,10,Sunday,13,Punjab,Lahore,Urban Road,Good,Foggy,Daylight,Motorcycle,3,Wrong Overtaking,1,1,0,0,4,1,Medium
2023,5,Friday,18,Gilgit-Baltistan,Gilgit,Rural Road,Good,Foggy,Daylight,Rickshaw,1,Over Speeding,1,0,0,0,4,0,Medium
2023,5,Friday,7,Islamabad,Islamabad,Urban Road,Good,Dusty/Smoggy,Daylight,Motorcycle,2,Drunk Driving,1,0,0,0,2,2,Medium
2022,9,Friday,6,Punjab,Gujranwala,National Highway,Good,Clear,Daylight,Bus/Coach,2,Drunk Driving,0,0,0,0,4,2,Medium
2019,5,Sunday,6,Sindh,Karachi,Provincial Highway,Average,Extreme Heat,Daylight,Van/Pickup,1,Driver Fatigue,0,1,0,0,1,0,Medium
2022,2,Wednesday,10,Balochistan,Khuzdar,National Highway,Good,Rainy,Street Light,Motorcycle,1,Road Condition,0,0,0,1,5,1,Medium
2020,11,Thursday,10,Sindh,Karachi,National Highway,Good,Foggy,Daylight,Car/Taxi,1,Pedestrian Error,0,0,0,1,1,1,Medium
2020,7,Friday,14,Sindh,Jacobabad,Provincial Highway,Good,Clear,Daylight,Motorcycle,1,Wrong Overtaking,0,0,0,0,3,0,Medium
2023,9,Friday,12,Punjab,Bahawalpur,National Highway,Good,Clear,Daylight,Motorcycle,2,Over Speeding,1,0,0,0,6,2,High
2021,11,Thursday,9,Punjab,Multan,Provincial Highway,Good,Clear,Dawn/Dusk,Motorcycle,4,Wrong Overtaking,1,0,0,1,4,1,Medium
2021,12,Tuesday,15,KPK,Bannu,National Highway,Good,Clear,Daylight,Car/Taxi,1,Wrong Overtaking,0,0,0,1,1,0,Low
2023,3,Saturday,21,Sindh,Thatta,National Highway,Good,Rainy,No Light,Other,2,Over Speeding,0,1,0,0,9,1,High
2019,1,Tuesday,20,Sindh,Jacobabad,National Highway,Good,Foggy,Street Light,Truck/Lorry,1,Pedestrian Error,1,0,0,1,4,1,Medium
2023,2,Saturday,17,Punjab,Sheikhupura,National Highway,Average,Foggy,Dawn/Dusk,Motorcycle,2,Mechanical Failure,1,1,0,1,5,0,Medium
2022,3,Tuesday,11,KPK,Dera Ismail Khan,National Highway,Good,Foggy,Daylight,Van/Pickup,2,Mechanical Failure,0,0,0,0,2,0,Medium
2021,4,Sunday,9,KPK,Abbottabad,Urban Road,Poor,Rainy,Daylight,Motorcycle,1,Over Speeding,1,1,0,0,10,3,High
2023,6,Tuesday,13,Sindh,Hyderabad,National Highway,Poor,Clear,Daylight,Truck/Lorry,3,Road Condition,1,0,0,0,1,0,Low
2023,1,Friday,16,Balochistan,Dera Bugti,Rural Road,Good,Foggy,Daylight,Motorcycle,1,Over Speeding,0,0,0,1,4,1,High
2020,1,Sunday,23,Punjab,Gujranwala,National Highway,Good,Rainy,No Light,Van/Pickup,1,Road Condition,0,1,1,1,5,0,High
2019,8,Sunday,5,KPK,Dera Ismail Khan,Rural Road,Under Repair,Clear,Dawn/Dusk,Motorcycle,2,Mechanical Failure,0,1,1,0,5,1,Medium
2019,10,Monday,20,Sindh,Dadu,Rural Road,Under Repair,Clear,No Light,Motorcycle,3,Wrong Overtaking,1,0,0,0,2,0,Low
2018,12,Wednesday,9,Punjab,Faisalabad,Provincial Highway,Average,Rainy,Street Light,Car/Taxi,1,Wrong Overtaking,1,0,0,1,4,0,Medium
2023,6,Wednesday,17,Punjab,Faisalabad,Urban Road,Under Repair,Foggy,Daylight,Motorcycle,2,Pedestrian Error,1,0,0,0,0,0,Low
2023,7,Saturday,17,Punjab,Gujranwala,Urban Road,Average,Rainy,Daylight,Motorcycle,3,Mechanical Failure,1,1,0,0,1,1,Medium
2020,8,Sunday,17,Balochistan,Sibi,Rural Road,Average,Foggy,Daylight,Car/Taxi,2,Over Speeding,1,1,0,0,1,0,Low
2020,12,Friday,6,KPK,Bannu,Motorway,Under Repair,Rainy,Daylight,Van/Pickup,1,Road Condition,0,0,0,1,4,1,Medium
2022,3,Sunday,6,Sindh,Kashmore,Provincial Highway,Good,Clear,Daylight,Van/Pickup,3,Over Speeding,0,1,0,0,1,0,Low
2019,11,Wednesday,13,Punjab,Multan,Provincial Highway,Good,Clear,Daylight,Motorcycle,1,Wrong Overtaking,1,0,0,1,5,0,Medium
2021,2,Saturday,8,Islamabad,Islamabad,National Highway,Average,Foggy,No Light,Car/Taxi,2,Pedestrian Error,1,1,0,1,0,0,Low
2019,12,Saturday,14,Punjab,Sheikhupura,Urban Road,Average,Dusty/Smoggy,Daylight,Car/Taxi,1,Pedestrian Error,0,1,0,1,1,0,Low
2022,12,Sunday,9,Sindh,Karachi,Rural Road,Poor,Clear,Street Light,Rickshaw,1,Mobile Phone Use,1,1,0,1,1,0,Low
2022,6,Monday,19,KPK,Bannu,National Highway,Average,Clear,Dawn/Dusk,Motorcycle,1,Wrong Overtaking,1,0,0,0,11,0,High
2020,8,Tuesday,13,Punjab,Sargodha,Urban Road,Poor,Clear,Daylight,Car/Taxi,2,Pedestrian Error,1,0,0,0,1,0,Low
2023,4,Tuesday,15,Sindh,Dadu,Provincial Highway,Average,Clear,Daylight,Motorcycle,1,Pedestrian Error,0,0,0,0,5,0,Medium
2023,5,Tuesday,15,Punjab,Rahim Yar Khan,Motorway,Good,Clear,Daylight,Rickshaw,2,Mechanical Failure,0,0,0,0,1,0,Low
2021,5,Monday,9,Punjab,Gujranwala,National Highway,Average,Foggy,Street Light,Bus/Coach,2,Road Condition,1,0,0,0,4,0,Medium
2018,9,Monday,16,KPK,Mansehra,Rural Road,Poor,Clear,Dawn/Dusk,Motorcycle,2,Over Speeding,0,0,0,0,2,1,Medium
2023,11,Monday,12,Punjab,Lahore,Urban Road,Good,Dusty/Smoggy,Daylight,Motorcycle,2,Driver Fatigue,1,0,0,1,1,1,Medium
2020,7,Saturday,21,Sindh,Hyderabad,Urban Road,Under Repair,Foggy,Street Light,Car/Taxi,2,Wrong Overtaking,0,1,0,0,0,0,Low
2021,4,Friday,14,Punjab,Lahore,National Highway,Good,Clear,Daylight,Motorcycle,2,Over Speeding,0,0,0,0,4,0,High
2020,8,Wednesday,13,Sindh,Karachi,National Highway,Under Repair,Clear,Street Light,Motorcycle,1,Over Speeding,1,0,0,0,2,0,High
2021,7,Thursday,12,Punjab,Sargodha,Provincial Highway,Good,Dusty/Smoggy,Daylight,Car/Taxi,2,Pedestrian Error,1,0,0,0,2,0,Low
2021,3,Thursday,23,KPK,Abbottabad,National Highway,Good,Foggy,Street Light,Motorcycle,2,Wrong Overtaking,0,0,1,0,6,2,High
2020,3,Thursday,18,Punjab,Lahore,National Highway,Good,Clear,Dawn/Dusk,Motorcycle,2,Mobile Phone Use,1,0,0,0,4,0,Medium
2019,6,Monday,20,KPK,Peshawar,National Highway,Good,Clear,Street Light,Car/Taxi,2,Wrong Overtaking,1,0,0,0,3,0,Medium
2019,4,Friday,12,KPK,Nowshera,Provincial Highway,Good,Dusty/Smoggy,Daylight,Motorcycle,4,Over Speeding,1,0,0,0,6,2,High
2020,6,Thursday,0,Punjab,Gujranwala,Provincial Highway,Poor,Clear,No Light,Truck/Lorry,2,Over Speeding,0,0,1,0,3,3,High
2021,2,Tuesday,6,Balochistan,Quetta,Provincial Highway,Average,Clear,Daylight,Motorcycle,2,Pedestrian Error,0,0,0,1,1,0,Medium
2020,11,Friday,20,Punjab,Bahawalpur,Provincial Highway,Average,Clear,Street Light,Car/Taxi,2,Wrong Overtaking,1,0,0,1,0,0,Low
2019,9,Sunday,9,Punjab,Sialkot,Provincial Highway,Poor,Clear,Dawn/Dusk,Rickshaw,3,Wrong Overtaking,1,1,0,0,0,0,Low
2018,12,Wednesday,13,Punjab,Gujranwala,National Highway,Average,Clear,Daylight,Motorcycle,3,Over Speeding,1,0,0,1,3,0,High
2018,8,Saturday,10,Punjab,Sialkot,Urban Road,Average,Rainy,Daylight,Motorcycle,2,Driver Fatigue,0,1,0,0,5,0,Medium
2018,5,Friday,8,AJK,Muzaffarabad,Urban Road,Average,Clear,Street Light,Car/Taxi,3,Driver Fatigue,1,0,0,0,2,0,Low
2021,8,Monday,12,Punjab,Sheikhupura,Urban Road,Good,Foggy,Daylight,Motorcycle,2,Over Speeding,1,0,0,0,11,3,High
2018,9,Friday,21,KPK,Abbottabad,Urban Road,Average,Clear,Street Light,Motorcycle,1,Wrong Overtaking,0,0,0,0,1,0,Medium
2023,11,Friday,16,Sindh,Karachi,Urban Road,Average,Clear,Daylight,Car/Taxi,2,Over Speeding,0,0,0,1,2,0,Low
2018,12,Wednesday,16,Punjab,Rahim Yar Khan,Provincial Highway,Poor,Clear,Daylight,Bicycle,4,Wrong Overtaking,0,0,0,1,2,1,Medium
2023,11,Saturday,12,Islamabad,Islamabad,National Highway,Good,Foggy,Daylight,Motorcycle,2,Wrong Overtaking,1,1,0,1,10,1,High
2019,1,Thursday,21,AJK,Mirpur,Provincial Highway,Good,Rainy,No Light,Bus/Coach,2,Driver Fatigue,0,0,0,1,5,2,Medium
2022,9,Wednesday,6,Islamabad,Islamabad,Motorway,Poor,Clear,Daylight,Rickshaw,2,Pedestrian Error,0,0,0,0,0,0,Low
2022,1,Tuesday,12,Sindh,Jacobabad,National Highway,Good,Clear,Daylight,Motorcycle,2,Signal Violation,1,0,0,1,3,1,Medium
2023,9,Saturday,14,Punjab,Sialkot,Provincial Highway,Good,Clear,Daylight,Motorcycle,1,Drunk Driving,0,1,0,0,5,1,High
2018,8,Tuesday,8,Punjab,Gujranwala,Provincial Highway,Good,Clear,Daylight,Car/Taxi,3,Pedestrian Error,1,0,0,0,2,0,Low
2022,11,Thursday,16,Sindh,Kashmore,Provincial Highway,Poor,Clear,Daylight,Van/Pickup,4,Over Speeding,0,0,0,1,4,0,Medium
2022,12,Monday,18,Punjab,Gujranwala,Provincial Highway,Poor,Dusty/Smoggy,Daylight,Motorcycle,3,Wrong Overtaking,1,0,0,1,5,0,Medium
2021,8,Monday,12,KPK,Dera Ismail Khan,Urban Road,Good,Rainy,Daylight,Car/Taxi,1,Over Speeding,1,0,0,0,5,1,Medium
2018,12,Thursday,17,KPK,Abbottabad,Rural Road,Average,Clear,Daylight,Car/Taxi,1,Driver Fatigue,1,0,0,1,1,0,Low
2022,1,Monday,12,Punjab,Multan,National Highway,Good,Clear,Daylight,Car/Taxi,2,Pedestrian Error,1,0,0,1,4,0,Medium
2020,11,Thursday,14,Punjab,Rahim Yar Khan,Urban Road,Good,Rainy,Daylight,Car/Taxi,2,Mechanical Failure,0,0,0,1,1,0,Low
2018,7,Wednesday,8,Islamabad,Islamabad,Urban Road,Poor,Clear,Daylight,Motorcycle,1,Wrong Overtaking,1,0,0,0,4,0,Medium
2020,3,Sunday,13,Punjab,Rawalpindi,Urban Road,Poor,Foggy,Daylight,Rickshaw,3,Driver Fatigue,1,1,0,0,1,0,Medium
2023,3,Saturday,8,Punjab,Sheikhupura,Urban Road,Average,Clear,Daylight,Motorcycle,2,Driver Fatigue,1,1,0,0,1,0,Medium
2021,11,Wednesday,7,Punjab,Rawalpindi,National Highway,Poor,Clear,Daylight,Motorcycle,2,Over Speeding,1,0,0,1,7,2,High
2022,12,Wednesday,9,Punjab,Gujranwala,Provincial Highway,Poor,Clear,No Light,Motorcycle,2,Wrong Overtaking,1,0,0,1,4,0,Medium
2021,8,Sunday,20,Punjab,Sialkot,Urban Road,Good,Foggy,No Light,Motorcycle,2,Over Speeding,1,1,0,0,11,0,High
2018,5,Wednesday,8,Punjab,Bahawalpur,National Highway,Poor,Extreme Heat,Dawn/Dusk,Motorcycle,3,Pedestrian Error,1,0,0,0,6,4,High
2018,5,Thursday,21,Punjab,Rahim Yar Khan,National Highway,Poor,Clear,No Light,Motorcycle,4,Over Speeding,0,0,0,0,4,2,High
2021,6,Saturday,17,Sindh,Nawabshah,Urban Road,Average,Dusty/Smoggy,Daylight,Van/Pickup,3,Mobile Phone Use,1,1,0,0,1,0,Low
2019,5,Friday,15,Punjab,Sialkot,Urban Road,Average,Foggy,Daylight,Other,2,Mobile Phone Use,0,0,0,0,2,0,Low
2022,3,Saturday,10,Punjab,Sialkot,National Highway,Good,Rainy,Daylight,Rickshaw,3,Weather Condition,0,1,0,0,3,1,Medium
2023,8,Friday,13,Balochistan,Quetta,National Highway,Good,Clear,Dawn/Dusk,Truck/Lorry,1,Wrong Overtaking,1,0,0,0,1,0,Medium
2021,6,Saturday,17,Sindh,Kashmore,Provincial Highway,Good,Clear,Daylight,Car/Taxi,2,Driver Fatigue,1,1,0,0,0,0,Low
2019,6,Friday,11,Punjab,Sialkot,Rural Road,Average,Foggy,Daylight,Motorcycle,1,Over Speeding,0,0,0,0,9,2,High
2020,5,Tuesday,21,Balochistan,Quetta,Urban Road,Average,Clear,Street Light,Car/Taxi,4,Drunk Driving,0,0,0,0,1,0,Low
2018,12,Saturday,14,Punjab,Faisalabad,Urban Road,Average,Clear,Daylight,Motorcycle,2,Pedestrian Error,0,1,0,1,1,0,Low
2023,9,Tuesday,8,Punjab,Bahawalpur,Rural Road,Average,Clear,Daylight,Motorcycle,3,Pedestrian Error,1,0,0,0,1,0,Low
2019,3,Monday,7,Balochistan,Chaman,Provincial Highway,Good,Extreme Heat,Daylight,Van/Pickup,4,Road Condition,1,0,0,0,0,0,Low
2019,4,Thursday,9,Punjab,Faisalabad,Urban Road,Good,Foggy,Daylight,Truck/Lorry,4,Mechanical Failure,1,0,0,0,1,0,Low
2022,5,Sunday,6,Balochistan,Khuzdar,Rural Road,Poor,Extreme Heat,Daylight,Bus/Coach,1,Mechanical Failure,0,1,0,0,1,0,Low
2020,11,Monday,18,KPK,Mansehra,Provincial Highway,Poor,Clear,Daylight,Car/Taxi,2,Wrong Overtaking,1,0,0,1,1,0,Low
2023,3,Wednesday,15,Punjab,Multan,National Highway,Under Repair,Foggy,Daylight,Rickshaw,2,Drunk Driving,0,0,0,0,11,2,High
2018,2,Friday,19,Punjab,Sheikhupura,Urban Road,Good,Clear,Street Light,Motorcycle,4,Wrong Overtaking,1,0,0,1,0,0,Low
2019,12,Saturday,1,Punjab,Sargodha,Urban Road,Poor,Clear,No Light,Car/Taxi,1,Wrong Overtaking,0,1,1,1,2,0,Low
2023,7,Wednesday,18,Punjab,Rahim Yar Khan,Provincial Highway,Poor,Clear,Daylight,Bus/Coach,1,Mechanical Failure,1,0,0,0,4,0,Medium
2021,8,Monday,12,Balochistan,Sibi,National Highway,Poor,Dusty/Smoggy,Dawn/Dusk,Car/Taxi,3,Road Condition,1,0,0,0,0,0,Low
2022,6,Tuesday,19,Punjab,Sargodha,Urban Road,Average,Dusty/Smoggy,Dawn/Dusk,Truck/Lorry,1,Wrong Overtaking,1,0,0,0,1,0,Medium
2023,3,Friday,8,Punjab,Sialkot,National Highway,Average,Rainy,Dawn/Dusk,Car/Taxi,2,Wrong Overtaking,1,0,0,0,1,1,Medium
2022,7,Saturday,0,Sindh,Larkana,National Highway,Good,Clear,Street Light,Motorcycle,1,Over Speeding,0,1,1,0,2,0,High
2020,1,Sunday,12,Punjab,Bahawalpur,National Highway,Good,Clear,Daylight,Car/Taxi,2,Driver Fatigue,1,1,0,1,4,1,Medium
2019,1,Sunday,7,Punjab,Sialkot,National Highway,Good,Clear,Daylight,Motorcycle,2,Pedestrian Error,1,1,0,1,2,1,Medium
2023,1,Monday,20,Punjab,Rahim Yar Khan,National Highway,Good,Foggy,No Light,Car/Taxi,3,Signal Violation,1,0,0,1,2,0,Medium
2021,5,Sunday,3,KPK,Kohat,Urban Road,Poor,Clear,No Light,Motorcycle,2,Wrong Overtaking,0,1,1,0,2,0,Medium
2023,9,Thursday,19,Punjab,Sialkot,Motorway,Average,Clear,No Light,Bus/Coach,2,Signal Violation,1,0,0,0,5,1,Medium
2020,10,Wednesday,14,Sindh,Nawabshah,Provincial Highway,Good,Foggy,No Light,Rickshaw,2,Over Speeding,0,0,0,0,4,0,Medium
2019,5,Wednesday,13,Punjab,Faisalabad,Rural Road,Poor,Clear,Daylight,Rickshaw,1,Signal Violation,1,0,0,0,1,0,Low
2023,12,Friday,1,Sindh,Sukkur,Provincial Highway,Under Repair,Foggy,Street Light,Car/Taxi,3,Weather Condition,0,0,1,1,3,0,Medium
2018,8,Wednesday,14,Punjab,Rahim Yar Khan,Provincial Highway,Average,Extreme Heat,Daylight,Car/Taxi,3,Road Condition,0,0,0,0,1,0,Low
2023,5,Thursday,13,Punjab,Sheikhupura,Urban Road,Good,Clear,Daylight,Motorcycle,4,Over Speeding,1,0,0,0,1,1,Medium
2023,11,Friday,16,Sindh,Thatta,Urban Road,Poor,Clear,Daylight,Motorcycle,2,Over Speeding,0,0,0,1,5,2,High
2018,1,Wednesday,19,Sindh,Thatta,National Highway,Good,Clear,No Light,Motorcycle,1,Over Speeding,1,0,0,1,3,2,High
2022,9,Saturday,21,Punjab,Lahore,Rural Road,Good,Clear,Street Light,Rickshaw,2,Mechanical Failure,0,1,0,0,2,0,Low
2018,7,Wednesday,9,KPK,Bannu,Motorway,Good,Foggy,Dawn/Dusk,Car/Taxi,1,Mechanical Failure,1,0,0,0,0,0,Low
2021,9,Thursday,14,Punjab,Multan,National Highway,Good,Clear,Daylight,Motorcycle,3,Over Speeding,0,0,0,0,2,1,High
2020,5,Tuesday,21,KPK,Mardan,National Highway,Average,Foggy,No Light,Truck/Lorry,3,Over Speeding,0,0,0,0,2,2,High
2019,6,Sunday,21,Sindh,Jacobabad,Rural Road,Poor,Rainy,Street Light,Car/Taxi,2,Wrong Overtaking,0,1,0,0,1,0,Low
2019,5,Sunday,19,Balochistan,Zhob,Urban Road,Good,Clear,Street Light,Car/Taxi,2,Mechanical Failure,1,1,0,0,1,0,Low
2022,1,Sunday,18,Sindh,Dadu,Urban Road,Average,Rainy,Daylight,Car/Taxi,2,Wrong Overtaking,1,1,0,1,3,0,Medium
2023,3,Wednesday,19,Punjab,Faisalabad,Provincial Highway,Average,Rainy,Dawn/Dusk,Motorcycle,1,Wrong Overtaking,1,0,0,0,1,0,Medium
2022,6,Friday,19,KPK,Mansehra,Provincial Highway,Poor,Foggy,Dawn/Dusk,Other,3,Wrong Overtaking,1,0,0,0,0,0,Low
2020,5,Thursday,3,KPK,Charsadda,Urban Road,Poor,Dusty/Smoggy,No Light,Car/Taxi,1,Mechanical Failure,0,0,1,0,0,0,Low
2019,8,Saturday,20,AJK,Mirpur,Urban Road,Good,Rainy,No Light,Rickshaw,1,Pedestrian Error,1,1,0,0,0,0,Low
2021,1,Saturday,12,Punjab,Bahawalpur,National Highway,Average,Clear,Daylight,Truck/Lorry,1,Wrong Overtaking,1,1,0,1,4,0,Medium
2019,3,Tuesday,9,Sindh,Hyderabad,Motorway,Poor,Clear,Daylight,Bicycle,4,Pedestrian Error,1,0,0,0,5,0,Medium
2020,3,Thursday,0,Sindh,Dadu,Urban Road,Poor,Clear,No Light,Bus/Coach,1,Road Condition,0,0,1,0,1,0,Low
2020,5,Sunday,6,KPK,Mansehra,National Highway,Good,Foggy,Daylight,Car/Taxi,1,Wrong Overtaking,0,1,0,0,5,2,High
2022,2,Friday,16,AJK,Rawalakot,National Highway,Average,Clear,Daylight,Bus/Coach,2,Over Speeding,0,0,0,1,5,1,Medium
2021,4,Tuesday,8,Sindh,Hyderabad,Motorway,Good,Clear,Daylight,Car/Taxi,1,Mechanical Failure,1,0,0,0,5,1,Medium
2020,5,Sunday,4,KPK,Dera Ismail Khan,National Highway,Poor,Rainy,No Light,Car/Taxi,4,Over Speeding,0,1,1,0,6,3,High
2020,12,Wednesday,9,Punjab,Bahawalpur,Provincial Highway,Good,Foggy,Daylight,Car/Taxi,1,Pedestrian Error,1,0,0,1,4,1,Medium
2023,7,Thursday,17,Punjab,Sheikhupura,Provincial Highway,Good,Clear,Daylight,Bus/Coach,1,Over Speeding,1,0,0,0,2,1,Medium
2022,6,Thursday,10,Punjab,Rawalpindi,National Highway,Good,Foggy,Daylight,Rickshaw,2,Over Speeding,0,0,0,0,2,0,Medium
2023,2,Saturday,16,Punjab,Multan,National Highway,Poor,Clear,Street Light,Motorcycle,1,Signal Violation,0,1,0,1,3,0,Medium
2023,9,Sunday,1,Punjab,Sialkot,Provincial Highway,Poor,Clear,Street Light,Motorcycle,1,Pedestrian Error,0,1,1,0,5,0,Medium
2018,4,Tuesday,16,Punjab,Rawalpindi,National Highway,Average,Clear,Dawn/Dusk,Motorcycle,2,Driver Fatigue,0,0,0,0,11,0,High
2021,2,Wednesday,11,Sindh,Kashmore,Urban Road,Poor,Dusty/Smoggy,Daylight,Motorcycle,1,Road Condition,0,0,0,1,0,0,Low
2022,8,Friday,21,Sindh,Jacobabad,National Highway,Average,Foggy,Street Light,Motorcycle,1,Pedestrian Error,0,0,0,0,2,2,Medium
2019,5,Thursday,7,KPK,Charsadda,Motorway,Good,Rainy,Daylight,Motorcycle,2,Road Condition,1,0,0,0,4,3,High
2020,5,Monday,12,Sindh,Mirpur Khas,Rural Road,Poor,Extreme Heat,Daylight,Motorcycle,2,Road Condition,1,0,0,0,0,0,Low
2022,3,Friday,0,Sindh,Mirpur Khas,Rural Road,Good,Clear,Street Light,Motorcycle,2,Wrong Overtaking,0,0,1,0,2,0,High
2022,6,Sunday,7,Punjab,Rawalpindi,Urban Road,Under Repair,Rainy,Daylight,Motorcycle,3,Over Speeding,1,1,0,0,10,2,High
2018,1,Monday,0,Balochistan,Gwadar,Rural Road,Good,Foggy,No Light,Motorcycle,3,Over Speeding,0,0,1,1,6,1,High
2023,10,Saturday,10,Punjab,Rawalpindi,Provincial Highway,Poor,Extreme Heat,Daylight,Bus/Coach,3,Wrong Overtaking,0,1,0,0,3,1,Medium
2020,4,Monday,3,AJK,Muzaffarabad,National Highway,Average,Clear,No Light,Car/Taxi,3,Over Speeding,0,0,1,0,4,3,High
2022,2,Wednesday,21,Sindh,Thatta,Urban Road,Average,Clear,Street Light,Car/Taxi,2,Signal Violation,0,0,0,1,0,0,Low
2021,1,Friday,14,Punjab,Rawalpindi,Rural Road,Under Repair,Extreme Heat,Dawn/Dusk,Truck/Lorry,2,Over Speeding,0,0,0,1,0,0,Low
2019,7,Sunday,5,Punjab,Faisalabad,Rural Road,Average,Clear,Dawn/Dusk,Motorcycle,3,Signal Violation,0,1,1,0,1,0,Medium
2019,4,Sunday,17,Punjab,Sialkot,Provincial Highway,Average,Extreme Heat,Daylight,Bus/Coach,2,Wrong Overtaking,1,1,0,0,5,0,Medium
2023,8,Thursday,9,Punjab,Bahawalpur,National Highway,Good,Foggy,Street Light,Car/Taxi,2,Signal Violation,1,0,0,0,3,1,High
2020,9,Tuesday,11,Punjab,Rahim Yar Khan,Provincial Highway,Poor,Clear,Dawn/Dusk,Truck/Lorry,2,Over Speeding,0,0,0,0,3,0,Medium
2022,12,Tuesday,5,Sindh,Thatta,Provincial Highway,Good,Dusty/Smoggy,Street Light,Van/Pickup,3,Wrong Overtaking,0,0,1,1,0,0,Low
2020,7,Monday,9,Punjab,Sialkot,National Highway,Good,Clear,Daylight,Motorcycle,2,Over Speeding,1,0,0,0,11,1,High
2019,6,Monday,14,KPK,Mansehra,Provincial Highway,Good,Clear,Daylight,Car/Taxi,1,Road Condition,0,0,0,0,2,0,Low
2023,6,Saturday,0,Balochistan,Zhob,Provincial Highway,Good,Clear,Street Light,Motorcycle,2,Over Speeding,0,1,1,0,8,3,High
2018,12,Friday,13,Sindh,Mirpur Khas,Urban Road,Average,Clear,Daylight,Motorcycle,1,Drunk Driving,1,0,0,1,2,0,High