year,month,day_of_week,hour_of_day,province,district,road_type,road_condition,weather_condition,lighting_condition,vehicle_type,vehicles_involved,accident_cause,is_rush_hour,is_weekend,is_night,is_foggy_month,num_injured,num_killed,severity
2023,2,Thursday,21,Punjab,Multan,National Highway,Poor,Clear,No Light,Truck/Lorry,3,Mechanical Failure,0,0,0,1,2,1,Medium
2023,1,Saturday,11,Punjab,Faisalabad,Provincial Highway,Average,Foggy,Daylight,Van/Pickup,1,Wrong Overtaking,0,1,0,1,2,1,Medium
2022,7,Tuesday,19,Punjab,Gujranwala,Motorway,Good,Extreme Heat,Street Light,Car/Taxi,3,Wrong Overtaking,1,0,0,0,1,0,Low
2023,1,Sunday,10,KPK,Mardan,Provincial Highway,Average,Rainy,Dawn/Dusk,Other,2,Mechanical Failure,0,1,0,1,3,0,Medium
2023,10,Tuesday,21,Sindh,Dadu,National Highway,Good,Extreme Heat,Street Light,Car/Taxi,3,Over Speeding,0,0,0,0,5,2,Medium
2022,11,Thursday,9,Sindh,Larkana,National Highway,Average,Foggy,Dawn/Dusk,Bus/Coach,2,Over Speeding,1,0,0,1,5,0,High
2023,5,Thursday,9,Punjab,Lahore,National Highway,Under Repair,Clear,Street Light,Truck/Lorry,3,Signal Violation,1,0,0,0,2,2,Medium
2019,7,Monday,14,Punjab,Rahim Yar Khan,Provincial Highway,Poor,Rainy,Daylight,Bicycle,2,Driver Fatigue,0,0,0,0,9,2,High
2020,10,Thursday,18,KPK,Peshawar,Provincial Highway,Good,Extreme Heat,Daylight,Rickshaw,2,Drunk Driving,1,0,0,0,3,1,Medium
2018,12,Wednesday,19,Sindh,Kashmore,Rural Road,Good,Clear,No Light,Motorcycle,1,Over Speeding,1,0,0,1,3,2,High
2019,4,Wednesday,18,Islamabad,Islamabad,National Highway,Poor,Clear,Daylight,Motorcycle,2,Mobile Phone Use,1,0,0,0,4,0,Medium
2023,1,Friday,21,Gilgit-Baltistan,Gilgit,Rural Road,Good,Clear,No Light,Motorcycle,2,Road Condition,0,0,0,1,1,0,Low
2020,7,Sunday,21,KPK,Charsadda,Rural Road,Good,Clear,Street Light,Van/Pickup,1,Road Condition,0,1,0,0,1,0,Low
2023,12,Tuesday,15,Punjab,Sargodha,National Highway,Good,Extreme Heat,Daylight,Truck/Lorry,2,Over Speeding,0,0,0,1,1,1,Medium
2022,11,Monday,22,Punjab,Sargodha,Rural Road,Good,Dusty/Smoggy,Street Light,Motorcycle,2,Over Speeding,0,0,1,1,8,2,High
2022,12,Tuesday,14,Punjab,Gujranwala,National Highway,Good,Clear,Street Light,Car/Taxi,2,Wrong Overtaking,0,0,0,1,1,1,Medium
2021,5,Saturday,8,AJK,Muzaffarabad,Urban Road,Good,Clear,Daylight,Motorcycle,3,Over Speeding,1,1,0,0,5,0,Medium
2023,3,Tuesday,20,Punjab,Gujranwala,Urban Road,Average,Dusty/Smoggy,No Light,Bicycle,1,Over Speeding,1,0,0,0,2,0,Medium
2022,4,Tuesday,16,KPK,Peshawar,Urban Road,Good,Dusty/Smoggy,Daylight,Motorcycle,2,Over Speeding,0,0,0,0,5,1,Medium
2021,9,Tuesday,18,Islamabad,Islamabad,Provincial Highway,Poor,Clear,Daylight,Van/Pickup,2,Over Speeding,1,0,0,0,0,0,Low
2021,7,Friday,21,KPK,Kohat,Urban Road,Poor,Dusty/Smoggy,No Light,Car/Taxi,2,Road Condition,0,0,0,0,1,0,Low
2021,6,Sunday,19,Sindh,Sukkur,Provincial Highway,Under Repair,Rainy,Dawn/Dusk,Bus/Coach,3,Road Condition,1,1,0,0,2,0,Low
2020,6,Friday,18,Punjab,Rawalpindi,Motorway,Under Repair,Clear,No Light,Van/Pickup,1,Over Speeding,1,0,0,0,5,1,Medium
2020,6,Monday,7,Punjab,Gujranwala,Urban Road,Good,Rainy,Dawn/Dusk,Car/Taxi,4,Pedestrian Error,1,0,0,0,2,0,Low
2020,4,Monday,18,Sindh,Karachi,National Highway,Average,Rainy,Daylight,Motorcycle,1,Over Speeding,1,0,0,0,10,2,High
2023,1,Wednesday,9,Islamabad,Islamabad,Provincial Highway,Good,Clear,Daylight,Rickshaw,4,Signal Violation,1,0,0,1,2,1,Medium
2019,11,Sunday,22,Balochistan,Chaman,Rural Road,Poor,Clear,No Light,Motorcycle,1,Pedestrian Error,0,1,1,1,1,0,Low
2023,1,Friday,6,Punjab,Sheikhupura,National Highway,Under Repair,Rainy,Daylight,Motorcycle,2,Wrong Overtaking,0,0,0,1,2,2,High
2021,10,Wednesday,8,Punjab,Rahim Yar Khan,Urban Road,Under Repair,Clear,No Light,Motorcycle,3,Wrong Overtaking,1,0,0,0,4,2,Medium
2019,10,Sunday,12,Sindh,Larkana,Rural Road,Average,Clear,Daylight,Rickshaw,2,Drunk Driving,1,1,0,0,0,0,Low
2021,11,Tuesday,5,Sindh,Karachi,Urban Road,Good,Clear,No Light,Car/Taxi,1,Mechanical Failure,0,0,1,1,1,0,Low
2023,2,Thursday,10,Punjab,Faisalabad,National Highway,Good,Clear,Daylight,Truck/Lorry,2,Pedestrian Error,0,0,0,1,5,1,Medium
2019,9,Saturday,12,Punjab,Sargodha,Provincial Highway,Poor,Dusty/Smoggy,Daylight,Truck/Lorry,2,Mobile Phone Use,1,1,0,0,2,0,Low
2020,2,Thursday,21,Islamabad,Islamabad,Urban Road,Average,Foggy,No Light,Motorcycle,2,Over Speeding,0,0,0,1,11,0,High
2019,6,Friday,10,Islamabad,Islamabad,National Highway,Average,Clear,Daylight,Motorcycle,1,Over Speeding,0,0,0,0,5,2,High
2023,10,Tuesday,6,Sindh,Karachi,Urban Road,Under Repair,Foggy,Daylight,Motorcycle,1,Drunk Driving,0,0,0,0,5,1,High
2018,12,Thursday,16,Sindh,Sukkur,Urban Road,Poor,Clear,Daylight,Motorcycle,1,Mechanical Failure,0,0,0,1,0,1,Low
2019,12,Saturday,20,Punjab,Sargodha,Urban Road,Average,Clear,Street Light,Truck/Lorry,2,Driver Fatigue,1,1,0,1,4,2,Medium
2018,10,Tuesday,18,KPK,Swat,Provincial Highway,Average,Clear,Daylight,Car/Taxi,1,Road Condition,1,0,0,0,1,0,Low
2022,1,Tuesday,7,Punjab,Rahim Yar Khan,Provincial Highway,Poor,Foggy,Daylight,Car/Taxi,2,Over Speeding,1,0,0,1,3,0,Medium
2022,11,Sunday,6,Punjab,Multan,National Highway,Good,Clear,Daylight,Motorcycle,1,Mechanical Failure,0,1,0,1,1,0,Medium
2020,12,Tuesday,12,Punjab,Lahore,Provincial Highway,Good,Clear,Street Light,Bicycle,3,Signal Violation,1,0,0,1,3,0,Medium
2021,11,Thursday,17,Punjab,Bahawalpur,National Highway,Poor,Foggy,Street Light,Motorcycle,2,Over Speeding,1,0,0,1,11,2,High
2023,1,Thursday,10,Balochistan,Gwadar,Urban Road,Average,Clear,Daylight,Rickshaw,2,Road Condition,0,0,0,1,1,0,Low
2023,4,Saturday,22,AJK,Muzaffarabad,Rural Road,Average,Rainy,No Light,Car/Taxi,2,Over Speeding,0,1,1,0,5,1,High
2023,7,Tuesday,19,KPK,Kohat,Urban Road,Average,Clear,Dawn/Dusk,Rickshaw,1,Mechanical Failure,1,0,0,0,1,0,Low
2019,3,Tuesday,1,KPK,Mansehra,Provincial Highway,Good,Clear,Street Light,Motorcycle,1,Mechanical Failure,0,0,1,0,3,1,High
2022,4,Monday,15,Punjab,Sialkot,National Highway,Average,Clear,Daylight,Motorcycle,1,Over Speeding,0,0,0,0,7,1,High
2021,1,Monday,23,Sindh,Dadu,Provincial Highway,Good,Clear,No Light,Truck/Lorry,1,Wrong Overtaking,0,0,1,1,1,0,Medium
2018,10,Saturday,11,KPK,Abbottabad,Rural Road,Good,Extreme Heat,Daylight,Car/Taxi,1,Driver Fatigue,0,1,0,0,2,0,Low
2021,9,Wednesday,10,Sindh,Nawabshah,National Highway,Good,Foggy,Dawn/Dusk,Motorcycle,4,Signal Violation,0,0,0,0,8,1,High
2021,2,Wednesday,17,Punjab,Sheikhupura,Rural Road,Poor,Clear,Daylight,Motorcycle,1,Driver Fatigue,1,0,0,1,4,1,Medium
2023,3,Sunday,20,KPK,Charsadda,Provincial Highway,Average,Clear,No Light,Motorcycle,3,Road Condition,1,1,0,0,1,0,Medium
2023,12,Saturday,14,Punjab,Sargodha,Rural Road,Good,Clear,Street Light,Motorcycle,3,Over Speeding,0,1,0,1,5,0,Medium
2020,10,Saturday,10,Punjab,Multan,Urban Road,Poor,Clear,Daylight,Motorcycle,2,Signal Violation,0,1,0,0,5,2,Medium
2018,11,Friday,8,Sindh,Mirpur Khas,Provincial Highway,Average,Clear,Daylight,Motorcycle,1,Signal Violation,1,0,0,1,4,2,High
2019,4,Saturday,20,Punjab,Sargodha,National Highway,Good,Clear,Street Light,Van/Pickup,2,Over Speeding,1,1,0,0,5,2,Medium
2021,6,Thursday,9,Sindh,Nawabshah,National Highway,Good,Dusty/Smoggy,Dawn/Dusk,Motorcycle,2,Pedestrian Error,1,0,0,0,3,1,High
2021,1,Thursday,11,Sindh,Mirpur Khas,Urban Road,Under Repair,Clear,Daylight,Bus/Coach,2,Over Speeding,0,0,0,1,4,0,Medium
2021,10,Wednesday,16,Punjab,Sheikhupura,Rural Road,Good,Rainy,Daylight,Car/Taxi,3,Over Speeding,0,0,0,0,3,0,Medium
2019,7,Sunday,10,Islamabad,Islamabad,Rural Road,Good,Foggy,Daylight,Truck/Lorry,2,Over Speeding,0,1,0,0,4,0,Medium
2021,5,Sunday,12,KPK,Kohat,Rural Road,Good,Rainy,Daylight,Car/Taxi,2,Wrong Overtaking,1,1,0,0,2,0,Medium
2022,5,Saturday,9,Punjab,Sialkot,Urban Road,Poor,Dusty/Smoggy,Daylight,Motorcycle,1,Mechanical Failure,1,1,0,0,2,1,Medium
2020,8,Saturday,21,KPK,Dera Ismail Khan,National Highway,Average,Foggy,Street Light,Motorcycle,2,Over Speeding,0,1,0,0,11,0,High
2022,8,Thursday,10,Punjab,Sargodha,National Highway,Poor,Rainy,Daylight,Bus/Coach,1,Wrong Overtaking,0,0,0,0,1,1,Medium
2018,12,Wednesday,8,KPK,Mardan,National Highway,Good,Clear,Daylight,Bus/Coach,2,Wrong Overtaking,1,0,0,1,5,1,Medium
2018,12,Sunday,12,KPK,Kohat,National Highway,Average,Dusty/Smoggy,Daylight,Bus/Coach,2,Over Speeding,1,1,0,1,3,3,High
2021,1,Sunday,13,Punjab,Sialkot,Rural Road,Poor,Clear,Daylight,Car/Taxi,1,Pedestrian Error,1,1,0,1,0,0,Low
2020,5,Thursday,10,KPK,Abbottabad,Rural Road,Poor,Dusty/Smoggy,Daylight,Motorcycle,1,Wrong Overtaking,0,0,0,0,1,0,Low
2022,4,Thursday,12,Balochistan,Gwadar,Provincial Highway,Poor,Extreme Heat,Daylight,Car/Taxi,1,Road Condition,1,0,0,0,2,0,Low
2018,1,Monday,3,Punjab,Faisalabad,Provincial Highway,Average,Foggy,Street Light,Car/Taxi,3,Wrong Overtaking,0,0,1,1,4,0,Medium
2019,2,Thursday,15,Punjab,Sargodha,National Highway,Good,Clear,Daylight,Van/Pickup,2,Mechanical Failure,0,0,0,1,1,0,Low
2023,11,Thursday,9,Punjab,Faisalabad,Rural Road,Under Repair,Clear,Daylight,Car/Taxi,2,Road Condition,1,0,0,1,2,0,Low
2020,4,Friday,16,Punjab,Faisalabad,Provincial Highway,Good,Foggy,Daylight,Motorcycle,2,Over Speeding,0,0,0,0,3,1,High
2022,7,Friday,11,Punjab,Gujranwala,National Highway,Average,Clear,Daylight,Car/Taxi,4,Road Condition,0,0,0,0,1,0,Low
2021,6,Friday,0,Punjab,Gujranwala,National Highway,Good,Rainy,No Light,Bus/Coach,3,Driver Fatigue,0,0,1,0,9,2,High
2018,3,Tuesday,6,Punjab,Sialkot,National Highway,Good,Rainy,Daylight,Motorcycle,1,Over Speeding,0,0,0,0,6,2,High
2020,10,Saturday,13,Punjab,Faisalabad,Motorway,Average,Rainy,Daylight,Motorcycle,1,Wrong Overtaking,1,1,0,0,10,0,High
2023,2,Wednesday,5,Sindh,Dadu,Provincial Highway,Good,Clear,No Light,Van/Pickup,1,Pedestrian Error,0,0,1,1,4,0,Medium
2022,7,Sunday,14,Gilgit-Baltistan,Skardu,Rural Road,Good,Rainy,Daylight,Van/Pickup,2,Driver Fatigue,0,1,0,0,0,0,Low
2019,6,Monday,17,Balochistan,Quetta,Urban Road,Poor,Clear,Daylight,Motorcycle,1,Wrong Overtaking,1,0,0,0,4,0,Medium
2019,6,Tuesday,6,Punjab,Multan,Provincial Highway,Good,Clear,Daylight,Bicycle,3,Pedestrian Error,0,0,0,0,5,0,Medium
2022,1,Wednesday,12,KPK,Mardan,Provincial Highway,Good,Clear,Daylight,Rickshaw,2,Pedestrian Error,1,0,0,1,2,0,Low
2019,12,Wednesday,13,Islamabad,Islamabad,Provincial Highway,Average,Clear,Daylight,Van/Pickup,4,Signal Violation,1,0,0,1,3,0,Medium
2019,8,Sunday,1,Balochistan,Loralai,Provincial Highway,Average,Clear,No Light,Car/Taxi,1,Wrong Overtaking,0,1,1,0,1,0,Low
2023,12,Friday,7,Balochistan,Gwadar,Urban Road,Good,Clear,Daylight,Car/Taxi,1,Road Condition,1,0,0,1,0,0,Low
2022,5,Monday,7,KPK,Mardan,Provincial Highway,Average,Foggy,Daylight,Motorcycle,2,Over Speeding,1,0,0,0,3,2,High
2018,8,Sunday,11,Punjab,Rahim Yar Khan,Rural Road,Good,Rainy,Daylight,Motorcycle,4,Pedestrian Error,0,1,0,0,0,0,Low
2020,12,Friday,16,Punjab,Gujranwala,Rural Road,Under Repair,Clear,Daylight,Motorcycle,3,Mechanical Failure,0,0,0,1,0,0,Low
2022,3,Sunday,12,Sindh,Dadu,Rural Road,Good,Foggy,Daylight,Motorcycle,2,Signal Violation,1,1,0,0,4,0,Medium
2018,7,Saturday,16,Punjab,Multan,National Highway,Under Repair,Clear,Daylight,Motorcycle,2,Pedestrian Error,0,1,0,0,4,0,Medium
2019,3,Saturday,15,Gilgit-Baltistan,Hunza,Urban Road,Average,Dusty/Smoggy,Daylight,Bicycle,2,Over Speeding,0,1,0,0,4,0,Medium
2022,8,Sunday,17,Punjab,Lahore,Provincial Highway,Poor,Clear,Daylight,Rickshaw,3,Signal Violation,1,1,0,0,0,0,Low
2021,8,Friday,9,Islamabad,Islamabad,Provincial Highway,Under Repair,Rainy,Daylight,Motorcycle,3,Over Speeding,1,0,0,0,3,2,High
2023,3,Saturday,20,KPK,Charsadda,Provincial Highway,Good,Clear,No Light,Motorcycle,2,Driver Fatigue,1,1,0,0,2,2,High
2019,3,Saturday,19,Punjab,Bahawalpur,Motorway,Average,Clear,Daylight,Car/Taxi,2,Over Speeding,1,1,0,0,3,1,Medium
2023,2,Friday,18,Punjab,Rahim Yar Khan,Provincial Highway,Average,Clear,Daylight,Car/Taxi,2,Signal Violation,1,0,0,1,4,0,Medium
2022,8,Friday,20,Punjab,Rahim Yar Khan,National Highway,Average,Rainy,No Light,Motorcycle,2,Over Speeding,1,0,0,0,11,1,High
2022,8,Saturday,9,KPK,Kohat,National Highway,Good,Clear,Street Light,Bus/Coach,1,Wrong Overtaking,1,1,0,0,9,2,High
2023,11,Wednesday,7,KPK,Charsadda,Urban Road,Good,Dusty/Smoggy,Daylight,Rickshaw,2,Wrong Overtaking,1,0,0,1,0,0,Low
2020,2,Saturday,2,AJK,Mirpur,Provincial Highway,Average,Dusty/Smoggy,No Light,Car/Taxi,1,Over Speeding,0,1,1,1,3,1,Medium
2023,8,Monday,19,Punjab,Lahore,Provincial Highway,Good,Extreme Heat,Street Light,Motorcycle,1,Mechanical Failure,1,0,0,0,1,0,Medium
2023,7,Friday,21,Punjab,Faisalabad,Provincial Highway,Good,Clear,Street Light,Bicycle,3,Pedestrian Error,0,0,0,0,1,0,Low
2020,11,Monday,13,Punjab,Multan,National Highway,Poor,Clear,Daylight,Motorcycle,1,Over Speeding,1,0,0,1,2,1,High
2022,11,Wednesday,9,Punjab,Rawalpindi,Provincial Highway,Good,Foggy,Daylight,Car/Taxi,3,Over Speeding,1,0,0,1,10,0,High
2022,2,Tuesday,9,KPK,Abbottabad,Provincial Highway,Average,Rainy,Daylight,Motorcycle,2,Over Speeding,1,0,0,1,8,4,High
2018,5,Wednesday,14,Punjab,Sheikhupura,National Highway,Average,Foggy,Daylight,Motorcycle,1,Over Speeding,0,0,0,0,8,3,High
2018,1,Monday,20,Sindh,Dadu,National Highway,Good,Clear,No Light,Bus/Coach,2,Pedestrian Error,1,0,0,1,2,0,Low
2021,5,Tuesday,18,Sindh,Thatta,Urban Road,Good,Clear,Daylight,Car/Taxi,2,Road Condition,1,0,0,0,1,0,Low
2023,7,Tuesday,14,Punjab,Sargodha,Rural Road,Good,Clear,Daylight,Bus/Coach,3,Drunk Driving,0,0,0,0,4,0,Medium
2018,4,Tuesday,18,Sindh,Thatta,Rural Road,Good,Rainy,Daylight,Motorcycle,1,Over Speeding,1,0,0,0,1,1,Medium
2023,12,Monday,11,Sindh,Larkana,Rural Road,Poor,Clear,Dawn/Dusk,Car/Taxi,1,Wrong Overtaking,0,0,0,1,0,0,Low
2023,5,Wednesday,16,Punjab,Sargodha,Provincial Highway,Under Repair,Clear,Daylight,Car/Taxi,1,Pedestrian Error,0,0,0,0,1,0,Low
2020,11,Saturday,22,KPK,Charsadda,National Highway,Good,Dusty/Smoggy,Street Light,Motorcycle,3,Drunk Driving,0,1,1,1,8,1,High
2019,1,Wednesday,23,Punjab,Multan,National Highway,Under Repair,Foggy,Street Light,Car/Taxi,3,Over Speeding,0,0,1,1,10,4,High
2020,7,Saturday,7,Sindh,Mirpur Khas,Rural Road,Average,Dusty/Smoggy,Dawn/Dusk,Bus/Coach,2,Road Condition,1,1,0,0,1,0,Low
2021,10,Friday,12,Islamabad,Islamabad,National Highway,Good,Clear,No Light,Motorcycle,2,Driver Fatigue,1,0,0,0,6,0,High
2023,7,Monday,17,KPK,Charsadda,Rural Road,Average,Clear,No Light,Car/Taxi,1,Signal Violation,1,0,0,0,2,1,Low
2020,10,Sunday,14,Punjab,Faisalabad,Urban Road,Average,Extreme Heat,Daylight,Van/Pickup,3,Pedestrian Error,0,1,0,0,1,0,Low
2022,2,Saturday,12,KPK,Swat,Provincial Highway,Under Repair,Rainy,Daylight,Motorcycle,2,Over Speeding,1,1,0,1,2,2,High
2020,7,Tuesday,7,KPK,Swat,Urban Road,Average,Rainy,Daylight,Motorcycle,3,Over Speeding,1,0,0,0,2,1,High
2020,4,Monday,22,Punjab,Rahim Yar Khan,Provincial Highway,Poor,Foggy,No Light,Motorcycle,2,Wrong Overtaking,0,0,1,0,5,0,High
2023,1,Saturday,13,KPK,Swat,Urban Road,Good,Extreme Heat,Daylight,Van/Pickup,1,Drunk Driving,1,1,0,1,0,0,Low
2022,12,Sunday,8,Sindh,Karachi,National Highway,Average,Foggy,Dawn/Dusk,Motorcycle,1,Road Condition,1,1,0,1,2,1,Medium
2018,2,Sunday,18,KPK,Mansehra,National Highway,Poor,Clear,Dawn/Dusk,Motorcycle,4,Over Speeding,1,1,0,1,2,0,High
2021,9,Friday,11,Punjab,Rawalpindi,National Highway,Good,Clear,Daylight,Motorcycle,2,Drunk Driving,0,0,0,0,2,2,High
2021,12,Sunday,19,Islamabad,Islamabad,National Highway,Average,Foggy,No Light,Rickshaw,1,Road Condition,1,1,0,1,2,0,Low
2019,2,Monday,9,Sindh,Hyderabad,Rural Road,Poor,Foggy,Daylight,Truck/Lorry,1,Over Speeding,1,0,0,1,3,2,High
2019,7,Friday,13,Punjab,Rahim Yar Khan,Provincial Highway,Under Repair,Clear,Daylight,Motorcycle,3,Over Speeding,1,0,0,0,6,0,High
2020,9,Saturday,17,Punjab,Bahawalpur,Rural Road,Poor,Foggy,Street Light,Motorcycle,2,Pedestrian Error,1,1,0,0,0,0,Low
2023,7,Thursday,18,Punjab,Sargodha,Provincial Highway,Good,Clear,Daylight,Van/Pickup,1,Wrong Overtaking,1,0,0,0,3,0,Medium
2023,7,Tuesday,15,Punjab,Sargodha,Provincial Highway,Good,Dusty/Smoggy,Daylight,Rickshaw,1,Over Speeding,0,0,0,0,1,0,Medium
2021,4,Friday,11,Punjab,Sargodha,Rural Road,Poor,Clear,Daylight,Motorcycle,4,Over Speeding,0,0,0,0,5,1,Medium
2020,10,Saturday,7,Punjab,Faisalabad,Provincial Highway,Average,Clear,Daylight,Motorcycle,2,Road Condition,1,1,0,0,0,0,Low
2019,9,Tuesday,17,Sindh,Mirpur Khas,Provincial Highway,Poor,Clear,Daylight,Car/Taxi,1,Over Speeding,1,0,0,0,1,0,Low
2019,3,Sunday,20,Punjab,Lahore,Rural Road,Average,Clear,Street Light,Motorcycle,2,Weather Condition,1,1,0,0,2,0,Low
2023,4,Sunday,12,Punjab,Faisalabad,Rural Road,Good,Clear,Daylight,Car/Taxi,3,Weather Condition,1,1,0,0,2,0,Low
2021,8,Wednesday,8,Sindh,Kashmore,Motorway,Good,Rainy,Daylight,Motorcycle,3,Over Speeding,1,0,0,0,10,2,High
2022,5,Wednesday,19,Punjab,Lahore,National Highway,Good,Clear,Street Light,Motorcycle,2,Drunk Driving,1,0,0,0,2,0,High
2021,8,Friday,14,Punjab,Sialkot,Provincial Highway,Average,Foggy,Daylight,Car/Taxi,1,Over Speeding,0,0,0,0,1,0,Medium
2022,7,Sunday,10,Punjab,Sheikhupura,National Highway,Average,Foggy,Daylight,Motorcycle,3,Pedestrian Error,0,1,0,0,4,1,Medium
2023,10,Saturday,9,Sindh,Thatta,Motorway,Good,Rainy,Dawn/Dusk,Motorcycle,1,Road Condition,1,1,0,0,4,2,High
2021,6,Saturday,10,Punjab,Sialkot,National Highway,Good,Foggy,Street Light,Motorcycle,1,Mechanical Failure,0,1,0,0,5,0,Medium
2022,7,Saturday,9,Punjab,Sargodha,National Highway,Average,Clear,Daylight,Car/Taxi,1,Wrong Overtaking,1,1,0,0,0,0,Low
2022,1,Tuesday,16,Sindh,Sukkur,Provincial Highway,Under Repair,Clear,Daylight,Car/Taxi,1,Wrong Overtaking,0,0,0,1,4,0,Medium
2019,6,Monday,8,Punjab,Rahim Yar Khan,Urban Road,Good,Clear,No Light,Motorcycle,3,Pedestrian Error,1,0,0,0,2,0,Low
2023,1,Tuesday,13,Sindh,Hyderabad,Rural Road,Good,Clear,Daylight,Car/Taxi,3,Signal Violation,1,0,0,1,0,1,Low
2023,4,Saturday,13,Punjab,Bahawalpur,Urban Road,Under Repair,Clear,Street Light,Car/Taxi,2,Over Speeding,1,1,0,0,3,0,Medium
2018,11,Friday,20,Balochistan,Hub,Motorway,Under Repair,Clear,Street Light,Car/Taxi,4,Pedestrian Error,1,0,0,1,2,0,Low
2019,5,Sunday,23,KPK,Nowshera,Rural Road,Poor,Clear,Street Light,Bus/Coach,2,Over Speeding,0,1,1,0,6,1,High
2019,11,Monday,18,Gilgit-Baltistan,Hunza,Urban Road,Good,Extreme Heat,No Light,Van/Pickup,2,Mechanical Failure,1,0,0,1,2,1,Low
2023,4,Sunday,19,Sindh,Mirpur Khas,Urban Road,Poor,Dusty/Smoggy,No Light,Motorcycle,3,Wrong Overtaking,1,1,0,0,3,2,Medium
2022,10,Monday,22,Sindh,Larkana,Provincial Highway,Average,Clear,Street Light,Car/Taxi,2,Driver Fatigue,0,0,1,0,2,1,Medium
2023,9,Wednesday,22,Islamabad,Islamabad,Rural Road,Good,Clear,No Light,Bus/Coach,2,Mechanical Failure,0,0,1,0,1,2,Medium
2023,12,Friday,7,Punjab,Gujranwala,Provincial Highway,Under Repair,Clear,Daylight,Rickshaw,1,Over Speeding,1,0,0,1,4,1,Medium
2022,1,Tuesday,20,Sindh,Jacobabad,Urban Road,Under Repair,Foggy,Street Light,Motorcycle,3,Pedestrian Error,1,0,0,1,0,0,Low
2022,9,Saturday,9,Punjab,Sialkot,Urban Road,Good,Foggy,Daylight,Motorcycle,2,Driver Fatigue,1,1,0,0,2,1,High
2019,2,Monday,16,Sindh,Jacobabad,Urban Road,Poor,Foggy,Daylight,Motorcycle,4,Mobile Phone Use,0,0,0,1,1,1,Medium
2019,3,Saturday,17,Punjab,Sargodha,National Highway,Average,Rainy,Daylight,Motorcycle,2,Mechanical Failure,1,1,0,0,6,3,High
2021,1,Saturday,5,KPK,Bannu,Rural Road,Poor,Clear,Street Light,Van/Pickup,2,Over Speeding,0,1,1,1,1,0,Medium
2022,1,Saturday,6,AJK,Mirpur,National Highway,Average,Clear,Daylight,Bicycle,2,Over Speeding,0,1,0,1,9,1,High
2019,12,Thursday,7,Punjab,Rawalpindi,National Highway,Good,Foggy,Daylight,Bus/Coach,4,Over Speeding,1,0,0,1,2,3,High
2022,4,Thursday,20,KPK,Abbottabad,Urban Road,Poor,Clear,No Light,Motorcycle,3,Wrong Overtaking,1,0,0,0,2,0,Low
2020,11,Monday,19,Punjab,Sialkot,Urban Road,Good,Foggy,No Light,Motorcycle,2,Driver Fatigue,1,0,0,1,2,1,High
2018,6,Monday,23,Punjab,Lahore,Motorway,Good,Clear,Street Light,Bicycle,2,Pedestrian Error,0,0,1,0,4,2,High
2023,10,Saturday,11,KPK,Bannu,Rural Road,Good,Clear,No Light,Bus/Coach,1,Drunk Driving,0,1,0,0,1,1,Medium
2023,2,Saturday,11,Punjab,Gujranwala,Urban Road,Average,Clear,Daylight,Bus/Coach,2,Wrong Overtaking,0,1,0,1,2,0,Low
2018,5,Tuesday,12,Sindh,Nawabshah,Provincial Highway,Average,Dusty/Smoggy,No Light,Car/Taxi,3,Over Speeding,1,0,0,0,2,0,Low
2023,6,Saturday,15,Punjab,Sargodha,Provincial Highway,Average,Clear,Daylight,Car/Taxi,2,Mechanical Failure,0,1,0,0,0,0,Low
2019,12,Friday,13,Sindh,Karachi,Motorway,Under Repair,Foggy,Daylight,Bicycle,1,Road Condition,1,0,0,1,7,3,High
2023,12,Saturday,11,Sindh,Sukkur,Urban Road,Good,Clear,Daylight,Motorcycle,2,Wrong Overtaking,0,1,0,1,2,0,Medium
2023,7,Monday,14,Balochistan,Sibi,Rural Road,Average,Clear,Daylight,Motorcycle,2,Over Speeding,0,0,0,0,3,0,Medium
2020,4,Sunday,11,KPK,Kohat,National Highway,Average,Clear,Daylight,Motorcycle,2,Mechanical Failure,0,1,0,0,3,1,Medium
2019,7,Monday,22,Punjab,Faisalabad,National Highway,Average,Extreme Heat,No Light,Truck/Lorry,3,Mechanical Failure,0,0,1,0,11,0,High
2020,11,Thursday,12,Punjab,Rawalpindi,National Highway,Average,Foggy,Daylight,Motorcycle,1,Mobile Phone Use,1,0,0,1,8,2,High
2023,5,Friday,20,Islamabad,Islamabad,Rural Road,Good,Clear,No Light,Truck/Lorry,1,Pedestrian Error,1,0,0,0,2,0,Low
2020,5,Tuesday,22,KPK,Mansehra,Rural Road,Average,Foggy,No Light,Car/Taxi,3,Over Speeding,0,0,1,0,10,1,High
2023,1,Sunday,14,Sindh,Sukkur,National Highway,Poor,Clear,Daylight,Truck/Lorry,3,Wrong Overtaking,0,1,0,1,9,2,High
2018,4,Friday,18,Sindh,Karachi,National Highway,Average,Rainy,Daylight,Motorcycle,2,Drunk Driving,1,0,0,0,5,0,High
2019,12,Friday,15,Punjab,Gujranwala,National Highway,Good,Clear,Daylight,Motorcycle,1,Over Speeding,0,0,0,1,9,1,High
2020,7,Sunday,17,Sindh,Kashmore,Rural Road,Average,Clear,Daylight,Motorcycle,3,Pedestrian Error,1,1,0,0,1,2,Medium
2022,1,Friday,14,KPK,Nowshera,Provincial Highway,Good,Clear,Daylight,Car/Taxi,4,Over Speeding,0,0,0,1,2,0,Low
2023,4,Sunday,18,Punjab,Gujranwala,Provincial Highway,Average,Foggy,Daylight,Bicycle,2,Pedestrian Error,1,1,0,0,7,1,High