year,month,day_of_week,hour_of_day,province,district,road_type,road_condition,weather_condition,lighting_condition,vehicle_type,vehicles_involved,accident_cause,is_rush_hour,is_weekend,is_night,is_foggy_month,num_injured,num_killed,severity
2018,8,Friday,7,Islamabad,Islamabad,Urban Road,Average,Foggy,Daylight,Motorcycle,1,Over Speeding,1,0,0,0,5,1,High
2019,11,Monday,18,Punjab,Lahore,Urban Road,Average,Foggy,Daylight,Car/Taxi,2,Pedestrian Error,1,0,0,1,2,0,Low
2021,7,Saturday,13,Sindh,Hyderabad,Rural Road,Good,Rainy,Daylight,Motorcycle,3,Mechanical Failure,1,1,0,0,5,2,Medium
2021,2,Friday,11,Punjab,Faisalabad,Urban Road,Under Repair,Clear,Daylight,Bus/Coach,2,Mechanical Failure,0,0,0,1,0,0,Low
2023,6,Wednesday,16,Sindh,Kashmore,National Highway,Good,Clear,Daylight,Car/Taxi,1,Signal Violation,0,0,0,0,1,0,Low
2022,6,Tuesday,13,Punjab,Multan,Provincial Highway,Average,Clear,Street Light,Motorcycle,1,Over Speeding,1,0,0,0,4,2,Medium
2022,6,Monday,20,Punjab,Multan,Rural Road,Good,Clear,Street Light,Motorcycle,2,Driver Fatigue,1,0,0,0,3,1,Medium
2018,6,Monday,11,AJK,Muzaffarabad,Urban Road,Under Repair,Clear,Daylight,Car/Taxi,2,Signal Violation,0,0,0,0,2,0,Low
2018,1,Friday,5,Sindh,Hyderabad,Motorway,Good,Foggy,Street Light,Car/Taxi,2,Over Speeding,0,0,1,1,6,0,High
2019,3,Sunday,22,Punjab,Faisalabad,Motorway,Poor,Rainy,No Light,Rickshaw,2,Pedestrian Error,0,1,1,0,1,1,Medium
2022,6,Monday,16,Sindh,Karachi,Urban Road,Under Repair,Clear,Street Light,Car/Taxi,1,Signal Violation,0,0,0,0,1,0,Low
2019,3,Friday,20,Punjab,Gujranwala,Urban Road,Good,Clear,No Light,Car/Taxi,2,Over Speeding,1,0,0,0,2,0,Low
2023,3,Wednesday,16,Punjab,Gujranwala,National Highway,Poor,Foggy,Daylight,Motorcycle,3,Signal Violation,0,0,0,0,3,1,High
2023,7,Friday,19,Punjab,Gujranwala,Urban Road,Good,Clear,Dawn/Dusk,Motorcycle,4,Wrong Overtaking,1,0,0,0,4,0,Medium
2018,6,Monday,9,Sindh,Nawabshah,Rural Road,Poor,Clear,Daylight,Motorcycle,4,Mechanical Failure,1,0,0,0,2,0,Low
2018,6,Friday,12,Balochistan,Hub,National Highway,Average,Clear,Daylight,Motorcycle,2,Signal Violation,1,0,0,0,2,0,Medium
2023,1,Monday,22,Punjab,Rahim Yar Khan,Rural Road,Poor,Clear,No Light,Motorcycle,3,Over Speeding,0,0,1,1,5,1,High
2020,7,Thursday,11,Sindh,Jacobabad,National Highway,Good,Foggy,Daylight,Rickshaw,1,Over Speeding,0,0,0,0,6,2,High
2022,8,Saturday,14,Punjab,Sheikhupura,Urban Road,Good,Clear,Street Light,Motorcycle,2,Road Condition,0,1,0,0,2,0,Low
2023,10,Monday,13,Punjab,Sheikhupura,Rural Road,Poor,Clear,Daylight,Car/Taxi,2,Pedestrian Error,1,0,0,0,2,0,Low
2021,3,Sunday,20,Sindh,Kashmore,Provincial Highway,Good,Clear,No Light,Car/Taxi,2,Over Speeding,1,1,0,0,2,0,Low
2019,8,Sunday,18,Punjab,Lahore,Urban Road,Good,Clear,No Light,Truck/Lorry,1,Signal Violation,1,1,0,0,0,0,Low
2021,11,Monday,18,Sindh,Nawabshah,National Highway,Average,Dusty/Smoggy,Daylight,Motorcycle,1,Drunk Driving,1,0,0,1,3,3,High
2021,10,Saturday,12,Punjab,Sargodha,Rural Road,Good,Clear,Daylight,Motorcycle,4,Mobile Phone Use,1,1,0,0,0,0,Low
2020,1,Friday,12,Gilgit-Baltistan,Gilgit,Provincial Highway,Good,Clear,Daylight,Motorcycle,2,Over Speeding,1,0,0,1,5,0,Medium
2019,4,Tuesday,4,Sindh,Kashmore,Urban Road,Average,Clear,Street Light,Motorcycle,4,Over Speeding,0,0,1,0,7,2,High
2018,1,Wednesday,20,Punjab,Gujranwala,Rural Road,Good,Clear,Street Light,Motorcycle,1,Road Condition,1,0,0,1,3,1,Medium
2022,12,Monday,17,Punjab,Faisalabad,Provincial Highway,Average,Foggy,Daylight,Rickshaw,3,Road Condition,1,0,0,1,2,0,Low
2018,7,Saturday,21,Punjab,Rahim Yar Khan,Urban Road,Poor,Clear,No Light,Motorcycle,3,Wrong Overtaking,0,1,0,0,4,0,Medium
2021,7,Monday,8,Punjab,Bahawalpur,Provincial Highway,Under Repair,Clear,Daylight,Motorcycle,1,Wrong Overtaking,1,0,0,0,11,2,High
2019,12,Monday,9,KPK,Peshawar,Rural Road,Good,Foggy,Daylight,Motorcycle,2,Pedestrian Error,1,0,0,1,3,0,Medium
2022,5,Friday,19,Balochistan,Loralai,Rural Road,Good,Foggy,Dawn/Dusk,Motorcycle,3,Driver Fatigue,1,0,0,0,3,0,Medium
2022,12,Wednesday,0,Punjab,Multan,Urban Road,Good,Foggy,Street Light,Bus/Coach,3,Over Speeding,0,0,1,1,6,1,High
2019,6,Saturday,13,Punjab,Rahim Yar Khan,Rural Road,Good,Clear,Street Light,Motorcycle,2,Mechanical Failure,1,1,0,0,0,0,Low
2022,12,Wednesday,14,Punjab,Sialkot,Urban Road,Poor,Clear,Daylight,Motorcycle,2,Mechanical Failure,0,0,0,1,2,0,Medium
2022,1,Monday,15,Sindh,Thatta,Rural Road,Good,Foggy,Daylight,Car/Taxi,2,Wrong Overtaking,0,0,0,1,0,0,Low
2022,7,Monday,16,Punjab,Rawalpindi,National Highway,Average,Clear,Daylight,Motorcycle,4,Wrong Overtaking,0,0,0,0,2,2,High
2020,10,Wednesday,13,Islamabad,Islamabad,Provincial Highway,Good,Rainy,Daylight,Motorcycle,4,Signal Violation,1,0,0,0,4,0,Medium
2018,3,Monday,20,KPK,Mardan,National Highway,Average,Dusty/Smoggy,No Light,Rickshaw,3,Mechanical Failure,1,0,0,0,1,1,Medium
2023,7,Sunday,20,Islamabad,Islamabad,Rural Road,Under Repair,Rainy,No Light,Truck/Lorry,3,Pedestrian Error,1,1,0,0,4,0,Medium
2018,3,Monday,17,Punjab,Bahawalpur,Urban Road,Good,Clear,Daylight,Car/Taxi,1,Road Condition,1,0,0,0,0,0,Low
2022,11,Friday,14,Sindh,Nawabshah,Rural Road,Good,Foggy,Street Light,Motorcycle,1,Weather Condition,0,0,0,1,3,0,Medium
2018,7,Tuesday,18,KPK,Mansehra,National Highway,Average,Rainy,Daylight,Motorcycle,3,Over Speeding,1,0,0,0,9,2,High
2023,2,Wednesday,17,KPK,Charsadda,Provincial Highway,Average,Clear,Daylight,Motorcycle,2,Mechanical Failure,1,0,0,1,0,0,Low
2023,5,Wednesday,14,Punjab,Gujranwala,National Highway,Poor,Clear,Dawn/Dusk,Car/Taxi,4,Over Speeding,0,0,0,0,4,2,Medium
2020,3,Monday,19,Gilgit-Baltistan,Hunza,Rural Road,Average,Clear,Dawn/Dusk,Van/Pickup,2,Mobile Phone Use,1,0,0,0,1,0,Low
2023,12,Sunday,18,Islamabad,Islamabad,Urban Road,Poor,Clear,Daylight,Truck/Lorry,3,Road Condition,1,1,0,1,2,0,Low
2022,3,Wednesday,11,Punjab,Gujranwala,Provincial Highway,Poor,Rainy,Daylight,Motorcycle,1,Drunk Driving,0,0,0,0,7,1,High
2018,11,Wednesday,18,Sindh,Jacobabad,Urban Road,Poor,Clear,Dawn/Dusk,Motorcycle,2,Wrong Overtaking,1,0,0,1,4,0,Medium
2019,5,Wednesday,20,Punjab,Sialkot,Urban Road,Average,Foggy,Street Light,Truck/Lorry,1,Over Speeding,1,0,0,0,11,1,High
2018,1,Saturday,20,Balochistan,Khuzdar,National Highway,Average,Rainy,Street Light,Van/Pickup,3,Driver Fatigue,1,1,0,1,3,2,High
2022,7,Saturday,21,KPK,Swat,Rural Road,Good,Foggy,Street Light,Rickshaw,3,Over Speeding,0,1,0,0,5,2,Medium
2019,5,Monday,22,Punjab,Faisalabad,Provincial Highway,Good,Clear,No Light,Bus/Coach,2,Pedestrian Error,0,0,1,0,2,0,Low
2023,2,Wednesday,7,Punjab,Bahawalpur,National Highway,Average,Clear,Daylight,Rickshaw,1,Pedestrian Error,1,0,0,1,1,0,Low
2022,8,Friday,12,Punjab,Sialkot,National Highway,Good,Clear,Daylight,Motorcycle,1,Wrong Overtaking,1,0,0,0,3,4,High
2022,9,Thursday,18,Punjab,Sargodha,National Highway,Average,Dusty/Smoggy,Daylight,Motorcycle,1,Over Speeding,1,0,0,0,2,1,High
2023,8,Friday,7,Punjab,Gujranwala,Urban Road,Good,Clear,Daylight,Truck/Lorry,1,Over Speeding,1,0,0,0,0,0,Low
2023,11,Tuesday,11,Sindh,Jacobabad,Provincial Highway,Under Repair,Extreme Heat,Daylight,Motorcycle,4,Over Speeding,0,0,0,1,4,2,High
2019,10,Thursday,14,KPK,Swat,Urban Road,Poor,Clear,Daylight,Bicycle,2,Over Speeding,0,0,0,0,3,1,Medium
2018,6,Thursday,16,Sindh,Kashmore,Provincial Highway,Good,Foggy,Daylight,Truck/Lorry,1,Mechanical Failure,0,0,0,0,1,0,Low
2021,6,Friday,12,Sindh,Larkana,Provincial Highway,Good,Foggy,Daylight,Rickshaw,3,Wrong Overtaking,1,0,0,0,2,0,Medium
2022,4,Tuesday,17,Punjab,Faisalabad,National Highway,Average,Clear,Dawn/Dusk,Truck/Lorry,1,Road Condition,1,0,0,0,0,0,Low
2023,11,Monday,8,Punjab,Bahawalpur,Rural Road,Poor,Clear,Daylight,Car/Taxi,2,Pedestrian Error,1,0,0,1,0,0,Low
2022,10,Thursday,16,KPK,Nowshera,National Highway,Average,Clear,Dawn/Dusk,Car/Taxi,2,Over Speeding,0,0,0,0,1,0,Medium
2018,1,Sunday,19,Punjab,Multan,Provincial Highway,Average,Clear,Dawn/Dusk,Car/Taxi,1,Pedestrian Error,1,1,0,1,0,0,Low
2020,8,Saturday,12,Punjab,Rawalpindi,Motorway,Poor,Clear,Daylight,Van/Pickup,2,Signal Violation,1,1,0,0,4,2,Medium
2022,2,Monday,18,Punjab,Lahore,Urban Road,Good,Foggy,Daylight,Motorcycle,1,Signal Violation,1,0,0,1,2,2,Medium
2020,6,Saturday,9,Sindh,Mirpur Khas,National Highway,Good,Rainy,Daylight,Bus/Coach,3,Driver Fatigue,1,1,0,0,2,1,High
2023,8,Friday,21,KPK,Mansehra,National Highway,Under Repair,Foggy,No Light,Truck/Lorry,2,Over Speeding,0,0,0,0,3,1,High
2019,2,Sunday,22,Sindh,Sukkur,Urban Road,Average,Clear,No Light,Motorcycle,1,Pedestrian Error,0,1,1,1,1,0,Low
2019,7,Sunday,22,Punjab,Rahim Yar Khan,National Highway,Average,Clear,No Light,Rickshaw,2,Road Condition,0,1,1,0,5,0,Medium
2020,12,Thursday,10,KPK,Bannu,National Highway,Average,Extreme Heat,Daylight,Motorcycle,3,Over Speeding,0,0,0,1,7,2,High
2023,7,Sunday,22,Punjab,Rahim Yar Khan,Rural Road,Poor,Rainy,Street Light,Car/Taxi,2,Wrong Overtaking,0,1,1,0,1,1,Medium
2020,5,Tuesday,12,Sindh,Kashmore,National Highway,Under Repair,Clear,Daylight,Motorcycle,1,Pedestrian Error,1,0,0,0,6,0,High
2021,8,Wednesday,8,Punjab,Sheikhupura,Urban Road,Poor,Clear,Daylight,Bicycle,2,Road Condition,1,0,0,0,2,0,Low
2022,6,Tuesday,15,Islamabad,Islamabad,National Highway,Poor,Clear,Daylight,Truck/Lorry,3,Mechanical Failure,0,0,0,0,0,0,Low
2023,12,Tuesday,8,KPK,Mansehra,National Highway,Under Repair,Foggy,Dawn/Dusk,Motorcycle,1,Wrong Overtaking,1,0,0,1,7,0,High
2021,6,Tuesday,6,Sindh,Mirpur Khas,Motorway,Poor,Extreme Heat,Daylight,Motorcycle,2,Over Speeding,0,0,0,0,3,0,High
2020,4,Thursday,19,KPK,Mardan,National Highway,Poor,Clear,Dawn/Dusk,Motorcycle,3,Pedestrian Error,1,0,0,0,1,0,Medium
2019,5,Thursday,6,Sindh,Nawabshah,Rural Road,Good,Clear,Daylight,Bicycle,1,Over Speeding,0,0,0,0,3,1,Medium
2019,8,Sunday,18,Punjab,Gujranwala,Rural Road,Average,Rainy,Daylight,Motorcycle,1,Over Speeding,1,1,0,0,3,0,Medium
2020,12,Thursday,19,KPK,Abbottabad,Provincial Highway,Average,Clear,Dawn/Dusk,Car/Taxi,3,Over Speeding,1,0,0,1,4,1,Medium
2022,1,Thursday,5,Sindh,Kashmore,National Highway,Under Repair,Clear,No Light,Car/Taxi,3,Road Condition,0,0,1,1,4,1,Medium
2022,11,Wednesday,15,Sindh,Sukkur,National Highway,Good,Clear,Daylight,Rickshaw,2,Wrong Overtaking,0,0,0,1,3,0,Medium
2020,2,Friday,22,Punjab,Lahore,National Highway,Under Repair,Clear,No Light,Motorcycle,2,Wrong Overtaking,0,0,1,1,4,0,High
2021,12,Friday,0,Punjab,Sheikhupura,National Highway,Good,Clear,No Light,Motorcycle,1,Over Speeding,0,0,1,1,8,0,High
2020,4,Wednesday,12,Sindh,Larkana,Rural Road,Good,Rainy,Daylight,Truck/Lorry,4,Road Condition,1,0,0,0,5,0,Medium
2020,11,Monday,10,Sindh,Dadu,Urban Road,Average,Clear,Daylight,Car/Taxi,2,Signal Violation,0,0,0,1,0,0,Low
2023,6,Tuesday,23,Punjab,Multan,Provincial Highway,Average,Foggy,Street Light,Motorcycle,3,Mechanical Failure,0,0,1,0,10,2,High
2023,7,Saturday,6,Punjab,Gujranwala,National Highway,Poor,Rainy,Daylight,Car/Taxi,2,Signal Violation,0,1,0,0,5,0,Medium
2022,3,Wednesday,4,Sindh,Mirpur Khas,Rural Road,Average,Rainy,No Light,Motorcycle,3,Road Condition,0,0,1,0,3,1,High
2020,3,Friday,20,Punjab,Multan,Provincial Highway,Poor,Clear,Street Light,Motorcycle,2,Road Condition,1,0,0,0,1,1,Low
2020,12,Tuesday,20,Sindh,Larkana,Rural Road,Average,Clear,Street Light,Rickshaw,2,Driver Fatigue,1,0,0,1,2,0,Low
2023,7,Saturday,19,Sindh,Jacobabad,Provincial Highway,Good,Dusty/Smoggy,Dawn/Dusk,Motorcycle,2,Pedestrian Error,1,1,0,0,1,0,Medium
2022,10,Friday,7,Punjab,Sargodha,Provincial Highway,Good,Foggy,Daylight,Motorcycle,2,Drunk Driving,1,0,0,0,8,4,High
2021,2,Friday,19,KPK,Mansehra,National Highway,Good,Extreme Heat,Dawn/Dusk,Car/Taxi,1,Mechanical Failure,1,0,0,1,2,0,Low
2023,2,Thursday,22,Punjab,Rawalpindi,Provincial Highway,Good,Clear,No Light,Car/Taxi,3,Wrong Overtaking,0,0,1,1,1,0,Low
2023,5,Tuesday,19,Balochistan,Zhob,Urban Road,Good,Clear,Daylight,Motorcycle,1,Driver Fatigue,1,0,0,0,4,0,Medium
2023,9,Saturday,7,KPK,Bannu,Urban Road,Average,Clear,Dawn/Dusk,Car/Taxi,2,Wrong Overtaking,1,1,0,0,0,0,Low
2022,2,Thursday,14,Sindh,Sukkur,Rural Road,Good,Clear,Daylight,Bus/Coach,2,Wrong Overtaking,0,0,0,1,1,0,Medium
2021,11,Saturday,10,Islamabad,Islamabad,National Highway,Poor,Clear,Daylight,Motorcycle,1,Road Condition,0,1,0,1,10,0,High
2019,7,Monday,11,KPK,Nowshera,Motorway,Good,Clear,Daylight,Motorcycle,2,Wrong Overtaking,0,0,0,0,9,1,High
2022,10,Wednesday,12,Islamabad,Islamabad,Urban Road,Good,Clear,Daylight,Rickshaw,2,Wrong Overtaking,1,0,0,0,0,0,Low
2022,6,Saturday,3,Sindh,Mirpur Khas,National Highway,Average,Foggy,No Light,Car/Taxi,3,Wrong Overtaking,0,1,1,0,11,2,High
2023,11,Tuesday,12,Sindh,Jacobabad,Provincial Highway,Poor,Foggy,Daylight,Motorcycle,2,Road Condition,1,0,0,1,9,1,High
2019,1,Tuesday,12,Sindh,Hyderabad,National Highway,Average,Clear,Daylight,Car/Taxi,2,Mechanical Failure,1,0,0,1,1,1,Medium
2023,5,Saturday,18,Punjab,Rawalpindi,Provincial Highway,Good,Clear,Dawn/Dusk,Car/Taxi,2,Over Speeding,1,1,0,0,5,1,Medium
2020,4,Friday,11,Balochistan,Turbat,Motorway,Under Repair,Rainy,Street Light,Motorcycle,2,Wrong Overtaking,0,0,0,0,9,2,High
2023,1,Saturday,20,KPK,Dera Ismail Khan,National Highway,Good,Clear,No Light,Car/Taxi,2,Over Speeding,1,1,0,1,2,1,Medium
2022,4,Thursday,3,Sindh,Jacobabad,Rural Road,Good,Dusty/Smoggy,Street Light,Motorcycle,4,Over Speeding,0,0,1,0,9,2,High
2020,12,Monday,19,Islamabad,Islamabad,Rural Road,Good,Rainy,No Light,Van/Pickup,2,Wrong Overtaking,1,0,0,1,2,0,Low
2019,2,Friday,15,Gilgit-Baltistan,Gilgit,Provincial Highway,Poor,Clear,Street Light,Motorcycle,1,Driver Fatigue,0,0,0,1,1,2,Medium
2019,2,Friday,13,Punjab,Rawalpindi,Provincial Highway,Poor,Clear,Daylight,Motorcycle,2,Over Speeding,1,0,0,1,1,0,Medium
2023,7,Friday,2,KPK,Nowshera,Provincial Highway,Average,Foggy,Street Light,Car/Taxi,4,Road Condition,0,0,1,0,0,0,Low
2022,11,Saturday,13,Sindh,Kashmore,Provincial Highway,Under Repair,Clear,Daylight,Motorcycle,4,Road Condition,1,1,0,1,5,0,Medium
2021,3,Friday,13,Sindh,Jacobabad,Motorway,Poor,Clear,Street Light,Car/Taxi,2,Driver Fatigue,1,0,0,0,2,1,Medium
2019,9,Tuesday,6,AJK,Rawalakot,National Highway,Poor,Clear,Daylight,Van/Pickup,2,Over Speeding,0,0,0,0,3,1,Medium
2023,6,Saturday,18,Balochistan,Hub,Motorway,Poor,Clear,Daylight,Motorcycle,3,Signal Violation,1,1,0,0,8,4,High
2020,2,Thursday,6,KPK,Mansehra,Rural Road,Poor,Clear,Daylight,Truck/Lorry,2,Wrong Overtaking,0,0,0,1,1,0,Low
2020,7,Wednesday,10,Punjab,Gujranwala,Urban Road,Good,Foggy,Daylight,Motorcycle,1,Weather Condition,0,0,0,0,0,0,Low
2022,3,Saturday,23,KPK,Charsadda,National Highway,Poor,Clear,No Light,Truck/Lorry,1,Over Speeding,0,1,1,0,3,1,High
2019,7,Tuesday,16,Sindh,Dadu,Urban Road,Good,Extreme Heat,Daylight,Motorcycle,4,Over Speeding,0,0,0,0,3,1,Medium
2022,12,Sunday,18,Punjab,Sialkot,National Highway,Good,Clear,Daylight,Car/Taxi,3,Signal Violation,1,1,0,1,4,0,Medium
2019,7,Friday,12,Sindh,Hyderabad,National Highway,Average,Clear,Daylight,Bicycle,2,Over Speeding,1,0,0,0,7,4,High
2020,12,Thursday,16,Punjab,Faisalabad,Motorway,Good,Extreme Heat,Daylight,Bicycle,1,Signal Violation,0,0,0,1,3,1,High
2018,4,Tuesday,6,Sindh,Larkana,Rural Road,Average,Foggy,Daylight,Truck/Lorry,1,Over Speeding,0,0,0,0,7,1,High
2022,2,Wednesday,7,KPK,Dera Ismail Khan,Provincial Highway,Average,Clear,Daylight,Car/Taxi,3,Over Speeding,1,0,0,1,2,1,Medium
2021,7,Friday,8,Punjab,Rawalpindi,Urban Road,Average,Clear,Daylight,Car/Taxi,2,Over Speeding,1,0,0,0,1,0,Low
2018,7,Monday,12,KPK,Nowshera,Rural Road,Poor,Clear,Daylight,Car/Taxi,2,Over Speeding,1,0,0,0,1,0,Medium
2018,11,Thursday,8,Punjab,Multan,National Highway,Average,Clear,Daylight,Car/Taxi,1,Mechanical Failure,1,0,0,1,1,1,Low
2023,9,Friday,23,Sindh,Sukkur,Rural Road,Good,Rainy,No Light,Car/Taxi,3,Road Condition,0,0,1,0,0,0,Low
2021,6,Sunday,18,Sindh,Hyderabad,Provincial Highway,Average,Clear,Daylight,Motorcycle,1,Wrong Overtaking,1,1,0,0,2,0,High
2023,8,Sunday,20,KPK,Swat,Urban Road,Average,Clear,No Light,Car/Taxi,3,Mechanical Failure,1,1,0,0,1,0,Low
2021,12,Monday,22,KPK,Kohat,National Highway,Average,Rainy,Street Light,Motorcycle,1,Pedestrian Error,0,0,1,1,8,1,High
2020,5,Friday,20,Punjab,Multan,Provincial Highway,Good,Foggy,Street Light,Motorcycle,2,Road Condition,1,0,0,0,5,0,Medium
2022,8,Tuesday,6,Punjab,Rahim Yar Khan,Provincial Highway,Good,Clear,Daylight,Motorcycle,2,Drunk Driving,0,0,0,0,3,1,High
2023,11,Friday,1,KPK,Bannu,National Highway,Good,Clear,No Light,Motorcycle,3,Over Speeding,0,0,1,1,5,0,High
2022,6,Monday,16,Sindh,Karachi,Rural Road,Good,Dusty/Smoggy,Daylight,Other,1,Over Speeding,0,0,0,0,1,0,Low
2021,9,Thursday,10,Punjab,Sheikhupura,National Highway,Average,Clear,Street Light,Motorcycle,2,Wrong Overtaking,0,0,0,0,9,3,High
2021,12,Monday,21,Punjab,Bahawalpur,Rural Road,Under Repair,Clear,No Light,Bus/Coach,2,Drunk Driving,0,0,0,1,3,0,Medium
2019,7,Thursday,10,Punjab,Sheikhupura,Rural Road,Good,Rainy,Daylight,Motorcycle,2,Wrong Overtaking,0,0,0,0,2,1,Medium
2019,1,Thursday,8,Punjab,Rawalpindi,Urban Road,Poor,Foggy,Street Light,Van/Pickup,2,Wrong Overtaking,1,0,0,1,1,0,Low
2022,7,Sunday,13,Sindh,Dadu,Urban Road,Average,Foggy,Daylight,Motorcycle,2,Pedestrian Error,1,1,0,0,4,1,Medium
2023,8,Friday,17,Sindh,Dadu,Provincial Highway,Poor,Clear,Daylight,Truck/Lorry,2,Signal Violation,1,0,0,0,5,0,Medium
2022,7,Thursday,7,Sindh,Hyderabad,National Highway,Average,Clear,Daylight,Motorcycle,1,Over Speeding,1,0,0,0,2,2,High
2023,8,Thursday,12,Punjab,Rawalpindi,Rural Road,Poor,Clear,Daylight,Bicycle,3,Signal Violation,1,0,0,0,1,1,Medium
2021,8,Sunday,9,Balochistan,Chaman,Provincial Highway,Poor,Clear,No Light,Motorcycle,2,Over Speeding,1,1,0,0,8,0,High
2021,10,Tuesday,0,Sindh,Jacobabad,Urban Road,Under Repair,Foggy,Street Light,Car/Taxi,3,Wrong Overtaking,0,0,1,0,1,0,Medium
2022,3,Saturday,13,Sindh,Hyderabad,Urban Road,Good,Clear,Daylight,Motorcycle,1,Over Speeding,1,1,0,0,1,0,Medium
2021,7,Thursday,12,Punjab,Rahim Yar Khan,Rural Road,Good,Extreme Heat,Daylight,Car/Taxi,2,Signal Violation,1,0,0,0,2,1,Low
2023,9,Monday,9,Sindh,Dadu,Urban Road,Good,Rainy,Daylight,Car/Taxi,2,Signal Violation,1,0,0,0,2,1,Medium
2018,8,Sunday,20,Sindh,Hyderabad,Provincial Highway,Average,Clear,No Light,Van/Pickup,1,Over Speeding,1,1,0,0,5,1,Medium
2022,5,Sunday,18,Sindh,Karachi,Rural Road,Good,Clear,Daylight,Motorcycle,3,Pedestrian Error,1,1,0,0,2,0,Low
2023,3,Saturday,20,Balochistan,Sibi,National Highway,Average,Rainy,No Light,Motorcycle,1,Wrong Overtaking,1,1,0,0,2,2,High
2023,2,Wednesday,10,KPK,Swat,Provincial Highway,Poor,Clear,Daylight,Car/Taxi,1,Driver Fatigue,0,0,0,1,2,0,Low
2018,12,Wednesday,18,Balochistan,Zhob,Provincial Highway,Poor,Rainy,Daylight,Car/Taxi,2,Wrong Overtaking,1,0,0,1,2,0,Low
2018,1,Thursday,6,Punjab,Gujranwala,Motorway,Good,Rainy,Street Light,Car/Taxi,1,Road Condition,0,0,0,1,1,0,Low
2023,12,Thursday,17,Punjab,Multan,Provincial Highway,Average,Clear,Daylight,Car/Taxi,3,Wrong Overtaking,1,0,0,1,1,0,Medium
2019,4,Friday,20,Punjab,Multan,Provincial Highway,Under Repair,Clear,Street Light,Bus/Coach,2,Wrong Overtaking,1,0,0,0,5,0,Medium
2020,2,Wednesday,9,Sindh,Sukkur,Provincial Highway,Poor,Foggy,Daylight,Motorcycle,3,Over Speeding,1,0,0,1,10,2,High
2022,8,Friday,10,Sindh,Larkana,Rural Road,Average,Clear,Daylight,Car/Taxi,2,Wrong Overtaking,0,0,0,0,0,0,Low
2018,8,Friday,18,KPK,Swat,National Highway,Good,Rainy,Daylight,Car/Taxi,2,Drunk Driving,1,0,0,0,10,0,High
2022,2,Friday,14,Punjab,Sargodha,Provincial Highway,Average,Clear,Daylight,Car/Taxi,2,Mechanical Failure,0,0,0,1,2,0,Low
2021,11,Wednesday,17,Punjab,Sheikhupura,Provincial Highway,Poor,Dusty/Smoggy,Daylight,Rickshaw,1,Road Condition,1,0,0,1,2,0,Low
2018,12,Wednesday,18,Punjab,Rahim Yar Khan,Provincial Highway,Average,Dusty/Smoggy,Daylight,Car/Taxi,3,Wrong Overtaking,1,0,0,1,1,0,Low
2023,10,Friday,16,Punjab,Multan,Provincial Highway,Good,Foggy,Daylight,Bus/Coach,3,Mechanical Failure,0,0,0,0,4,1,Medium
2020,6,Thursday,16,Punjab,Sialkot,Rural Road,Poor,Dusty/Smoggy,No Light,Motorcycle,3,Road Condition,0,0,0,0,1,0,Low
2020,4,Tuesday,6,Punjab,Sialkot,Provincial Highway,Poor,Clear,Daylight,Car/Taxi,1,Over Speeding,0,0,0,0,0,0,Low
2020,11,Saturday,5,Punjab,Gujranwala,Provincial Highway,Poor,Clear,No Light,Motorcycle,2,Over Speeding,0,1,1,1,3,0,High
2023,4,Friday,20,KPK,Kohat,Rural Road,Average,Clear,No Light,Motorcycle,2,Pedestrian Error,1,0,0,0,2,0,Low
2018,7,Wednesday,10,Punjab,Sheikhupura,Rural Road,Good,Foggy,No Light,Motorcycle,1,Over Speeding,0,0,0,0,11,2,High
2022,8,Saturday,7,Punjab,Faisalabad,Rural Road,Under Repair,Clear,Daylight,Rickshaw,3,Over Speeding,1,1,0,0,0,0,Low
2022,5,Tuesday,13,Punjab,Sialkot,Urban Road,Good,Rainy,Daylight,Van/Pickup,1,Mechanical Failure,1,0,0,0,2,1,Low
2023,5,Saturday,5,Balochistan,Sibi,Motorway,Average,Clear,Dawn/Dusk,Motorcycle,2,Wrong Overtaking,0,1,1,0,11,1,High
2021,6,Friday,17,Sindh,Sukkur,Rural Road,Average,Rainy,Daylight,Motorcycle,1,Pedestrian Error,1,0,0,0,5,1,Medium
2022,10,Wednesday,20,AJK,Mirpur,Rural Road,Good,Dusty/Smoggy,No Light,Motorcycle,3,Road Condition,1,0,0,0,2,0,Medium
2022,5,Saturday,20,Sindh,Jacobabad,National Highway,Average,Clear,No Light,Truck/Lorry,2,Over Speeding,1,1,0,0,2,0,Medium
2022,6,Friday,7,Islamabad,Islamabad,National Highway,Good,Dusty/Smoggy,Daylight,Motorcycle,2,Road Condition,1,0,0,0,4,1,High
2021,6,Monday,9,Punjab,Rawalpindi,Urban Road,Good,Clear,No Light,Motorcycle,1,Drunk Driving,1,0,0,0,5,0,High
2021,5,Saturday,13,Punjab,Bahawalpur,Rural Road,Poor,Rainy,Daylight,Motorcycle,2,Over Speeding,1,1,0,0,3,1,High
2019,9,Friday,17,KPK,Bannu,National Highway,Average,Foggy,Daylight,Van/Pickup,2,Pedestrian Error,1,0,0,0,2,0,Low
2023,11,Saturday,20,AJK,Mirpur,Provincial Highway,Under Repair,Rainy,Street Light,Bus/Coach,1,Wrong Overtaking,1,1,0,1,1,0,Medium
2022,3,Wednesday,13,KPK,Nowshera,Motorway,Average,Clear,Daylight,Van/Pickup,2,Road Condition,1,0,0,0,1,1,Low
2023,8,Sunday,6,Sindh,Jacobabad,Urban Road,Good,Clear,Daylight,Motorcycle,1,Mechanical Failure,0,1,0,0,3,0,Medium