year,month,day_of_week,hour_of_day,province,district,road_type,road_condition,weather_condition,lighting_condition,vehicle_type,vehicles_involved,accident_cause,is_rush_hour,is_weekend,is_night,is_foggy_month,num_injured,num_killed,severity
2022,6,Thursday,12,Punjab,Rawalpindi,Urban Road,Good,Clear,Daylight,Car/Taxi,3,Mobile Phone Use,1,0,0,0,2,0,Low
2020,7,Saturday,11,Punjab,Faisalabad,Urban Road,Good,Dusty/Smoggy,Daylight,Rickshaw,3,Drunk Driving,0,1,0,0,1,0,Low
2023,2,Sunday,14,Punjab,Sheikhupura,Urban Road,Poor,Dusty/Smoggy,Daylight,Car/Taxi,2,Over Speeding,0,1,0,1,1,0,Medium
2020,10,Monday,21,Punjab,Sargodha,National Highway,Good,Clear,No Light,Motorcycle,1,Driver Fatigue,0,0,0,0,6,0,High
2022,6,Friday,11,Punjab,Multan,Urban Road,Average,Clear,Daylight,Truck/Lorry,1,Over Speeding,0,0,0,0,3,0,Medium
2023,1,Tuesday,19,Punjab,Rahim Yar Khan,National Highway,Average,Clear,Daylight,Rickshaw,2,Road Condition,1,0,0,1,0,1,Low
2019,6,Saturday,6,KPK,Kohat,National Highway,Poor,Rainy,Daylight,Motorcycle,2,Mechanical Failure,0,1,0,0,2,0,High
2018,1,Wednesday,19,Punjab,Sargodha,Urban Road,Good,Foggy,Dawn/Dusk,Motorcycle,1,Over Speeding,1,0,0,1,4,3,High
2020,1,Thursday,4,Punjab,Sheikhupura,Provincial Highway,Under Repair,Clear,Street Light,Motorcycle,3,Driver Fatigue,0,0,1,1,4,2,High
2018,12,Thursday,8,Punjab,Gujranwala,Provincial Highway,Good,Dusty/Smoggy,Daylight,Car/Taxi,3,Pedestrian Error,1,0,0,1,2,0,Low
2018,11,Wednesday,0,Punjab,Sargodha,Urban Road,Good,Rainy,No Light,Bus/Coach,3,Signal Violation,0,0,1,1,2,2,High
2021,5,Wednesday,9,Punjab,Lahore,Motorway,Good,Extreme Heat,Dawn/Dusk,Motorcycle,2,Mechanical Failure,1,0,0,0,7,2,High
2018,5,Saturday,0,Punjab,Gujranwala,National Highway,Good,Foggy,Street Light,Rickshaw,4,Pedestrian Error,0,1,1,0,4,1,High
2020,9,Sunday,19,Islamabad,Islamabad,National Highway,Good,Clear,Street Light,Van/Pickup,3,Wrong Overtaking,1,1,0,0,2,0,Low
2021,9,Thursday,12,Sindh,Thatta,Provincial Highway,Poor,Clear,Daylight,Motorcycle,3,Over Speeding,1,0,0,0,11,1,High
2018,12,Friday,10,Punjab,Faisalabad,Rural Road,Poor,Rainy,Daylight,Motorcycle,2,Pedestrian Error,0,0,0,1,1,0,Low
2022,7,Monday,11,Sindh,Thatta,Urban Road,Average,Foggy,Daylight,Motorcycle,1,Signal Violation,0,0,0,0,4,0,High
2021,6,Thursday,10,Punjab,Gujranwala,Urban Road,Poor,Extreme Heat,Daylight,Truck/Lorry,3,Road Condition,0,0,0,0,0,0,Low
2022,10,Monday,10,Punjab,Bahawalpur,Rural Road,Good,Clear,Dawn/Dusk,Car/Taxi,1,Over Speeding,0,0,0,0,2,0,Low
2023,8,Friday,11,Punjab,Faisalabad,Provincial Highway,Average,Clear,Daylight,Motorcycle,2,Drunk Driving,0,0,0,0,2,2,High
2020,3,Sunday,5,Punjab,Bahawalpur,National Highway,Average,Rainy,Dawn/Dusk,Motorcycle,2,Over Speeding,0,1,1,0,4,4,High
2021,2,Monday,12,KPK,Kohat,Urban Road,Good,Clear,Daylight,Motorcycle,3,Pedestrian Error,1,0,0,1,0,0,Low
2018,5,Wednesday,18,KPK,Swat,Provincial Highway,Good,Rainy,Daylight,Motorcycle,1,Over Speeding,1,0,0,0,9,1,High
2020,2,Saturday,11,Punjab,Sheikhupura,Motorway,Poor,Clear,Daylight,Truck/Lorry,3,Mobile Phone Use,0,1,0,1,0,0,Low
2023,7,Thursday,22,KPK,Abbottabad,National Highway,Poor,Clear,Street Light,Car/Taxi,2,Over Speeding,0,0,1,0,2,2,High
2019,7,Wednesday,18,Punjab,Rawalpindi,Provincial Highway,Poor,Rainy,Daylight,Motorcycle,2,Pedestrian Error,1,0,0,0,3,0,Medium
2019,6,Thursday,17,Punjab,Bahawalpur,National Highway,Poor,Foggy,Dawn/Dusk,Motorcycle,2,Over Speeding,1,0,0,0,10,0,High
2018,9,Friday,8,Punjab,Faisalabad,National Highway,Poor,Clear,No Light,Motorcycle,1,Over Speeding,1,0,0,0,4,1,High
2021,9,Tuesday,13,Sindh,Sukkur,Provincial Highway,Poor,Clear,Daylight,Car/Taxi,1,Wrong Overtaking,1,0,0,0,1,0,Low
2023,3,Monday,12,Punjab,Bahawalpur,Provincial Highway,Good,Clear,Daylight,Bus/Coach,2,Road Condition,1,0,0,0,0,0,Low
2023,7,Saturday,7,Sindh,Dadu,Provincial Highway,Good,Clear,Daylight,Bus/Coach,1,Wrong Overtaking,1,1,0,0,5,1,Medium
2023,12,Tuesday,14,KPK,Peshawar,Motorway,Average,Rainy,Daylight,Van/Pickup,2,Wrong Overtaking,0,0,0,1,7,1,High
2022,7,Friday,0,Balochistan,Chaman,Urban Road,Poor,Rainy,No Light,Motorcycle,2,Mechanical Failure,0,0,1,0,2,0,Medium
2022,6,Saturday,10,Punjab,Rahim Yar Khan,National Highway,Poor,Clear,Dawn/Dusk,Car/Taxi,2,Over Speeding,0,1,0,0,2,0,Medium
2023,11,Friday,8,Punjab,Sargodha,National Highway,Good,Clear,No Light,Rickshaw,2,Over Speeding,1,0,0,1,3,0,Medium
2021,10,Thursday,20,Punjab,Faisalabad,Rural Road,Average,Rainy,No Light,Motorcycle,4,Mobile Phone Use,1,0,0,0,4,0,Medium
2022,7,Saturday,12,Islamabad,Islamabad,Urban Road,Good,Clear,Daylight,Motorcycle,1,Over Speeding,1,1,0,0,2,0,Medium
2023,11,Friday,20,KPK,Peshawar,National Highway,Poor,Clear,Street Light,Car/Taxi,3,Signal Violation,1,0,0,1,0,1,Low
2023,7,Thursday,8,KPK,Nowshera,National Highway,Poor,Rainy,Daylight,Van/Pickup,2,Signal Violation,1,0,0,0,4,1,Medium
2023,10,Tuesday,8,Sindh,Thatta,National Highway,Average,Clear,Daylight,Car/Taxi,4,Pedestrian Error,1,0,0,0,1,0,Medium
2019,5,Thursday,18,Sindh,Karachi,National Highway,Good,Foggy,Street Light,Motorcycle,2,Pedestrian Error,1,0,0,0,9,1,High
2021,7,Sunday,4,Punjab,Multan,National Highway,Average,Rainy,Street Light,Rickshaw,3,Wrong Overtaking,0,1,1,0,11,1,High
2021,11,Thursday,11,Balochistan,Khuzdar,National Highway,Average,Clear,No Light,Motorcycle,2,Road Condition,0,0,0,1,2,0,Medium
2023,8,Tuesday,23,KPK,Kohat,National Highway,Poor,Dusty/Smoggy,Street Light,Car/Taxi,3,Over Speeding,0,0,1,0,3,0,Medium
2018,4,Tuesday,13,Punjab,Sheikhupura,Rural Road,Poor,Clear,Dawn/Dusk,Motorcycle,3,Wrong Overtaking,1,0,0,0,1,1,Medium
2020,12,Wednesday,14,Punjab,Lahore,National Highway,Good,Clear,Street Light,Car/Taxi,3,Over Speeding,0,0,0,1,4,1,Medium
2020,2,Sunday,22,KPK,Abbottabad,National Highway,Poor,Rainy,Street Light,Motorcycle,2,Signal Violation,0,1,1,1,7,0,High
2023,9,Tuesday,18,Punjab,Faisalabad,National Highway,Good,Clear,Daylight,Van/Pickup,3,Pedestrian Error,1,0,0,0,2,1,Low
2018,8,Saturday,10,Balochistan,Quetta,Provincial Highway,Average,Extreme Heat,Daylight,Car/Taxi,2,Signal Violation,0,1,0,0,1,0,Low
2018,12,Monday,18,Sindh,Nawabshah,National Highway,Average,Rainy,Daylight,Motorcycle,1,Mechanical Failure,1,0,0,1,9,3,High
2020,1,Wednesday,19,Sindh,Nawabshah,National Highway,Poor,Foggy,Dawn/Dusk,Motorcycle,2,Pedestrian Error,1,0,0,1,10,3,High
2023,2,Thursday,20,KPK,Bannu,National Highway,Good,Foggy,Street Light,Motorcycle,2,Driver Fatigue,1,0,0,1,4,0,High
2022,7,Saturday,13,Sindh,Thatta,Rural Road,Average,Clear,Street Light,Motorcycle,2,Signal Violation,1,1,0,0,2,0,Low
2023,2,Friday,20,Punjab,Faisalabad,Provincial Highway,Good,Foggy,No Light,Bus/Coach,2,Wrong Overtaking,1,0,0,1,4,1,High
2022,11,Monday,21,Islamabad,Islamabad,Rural Road,Good,Clear,No Light,Motorcycle,3,Wrong Overtaking,0,0,0,1,0,0,Low
2022,12,Saturday,13,AJK,Rawalakot,Urban Road,Poor,Clear,Daylight,Rickshaw,1,Pedestrian Error,1,1,0,1,1,1,Low
2022,8,Sunday,16,Sindh,Dadu,Provincial Highway,Poor,Foggy,Daylight,Car/Taxi,2,Road Condition,0,1,0,0,1,0,Low
2020,5,Friday,22,Sindh,Nawabshah,Provincial Highway,Poor,Clear,Street Light,Car/Taxi,4,Mechanical Failure,0,0,1,0,5,1,Medium
2023,3,Sunday,16,Sindh,Dadu,Rural Road,Good,Clear,No Light,Motorcycle,3,Signal Violation,0,1,0,0,5,0,Medium
2021,7,Friday,14,Sindh,Jacobabad,Provincial Highway,Under Repair,Foggy,Dawn/Dusk,Motorcycle,3,Driver Fatigue,0,0,0,0,4,0,High
2019,6,Monday,20,Islamabad,Islamabad,Provincial Highway,Poor,Rainy,No Light,Car/Taxi,2,Drunk Driving,1,0,0,0,4,0,Medium
2021,7,Thursday,17,Punjab,Bahawalpur,National Highway,Under Repair,Extreme Heat,Daylight,Motorcycle,3,Wrong Overtaking,1,0,0,0,2,1,Medium
2023,8,Wednesday,19,Punjab,Rahim Yar Khan,Provincial Highway,Good,Foggy,No Light,Van/Pickup,2,Signal Violation,1,0,0,0,4,1,Medium
2019,1,Saturday,6,Islamabad,Islamabad,Urban Road,Poor,Dusty/Smoggy,Daylight,Rickshaw,2,Road Condition,0,1,0,1,1,0,Low
2023,7,Sunday,11,Punjab,Sargodha,Urban Road,Good,Clear,Daylight,Motorcycle,1,Mobile Phone Use,0,1,0,0,4,1,Medium
2022,9,Monday,11,KPK,Charsadda,Rural Road,Average,Clear,Daylight,Car/Taxi,3,Road Condition,0,0,0,0,0,0,Low
2021,9,Tuesday,18,Punjab,Sheikhupura,Provincial Highway,Good,Dusty/Smoggy,Dawn/Dusk,Motorcycle,1,Over Speeding,1,0,0,0,4,2,High
2020,7,Monday,19,Islamabad,Islamabad,Rural Road,Good,Clear,Dawn/Dusk,Motorcycle,1,Mechanical Failure,1,0,0,0,1,0,Low
2022,4,Wednesday,11,KPK,Mansehra,Urban Road,Good,Rainy,Daylight,Car/Taxi,1,Road Condition,0,0,0,0,2,0,Low
2018,2,Wednesday,11,Balochistan,Dera Bugti,National Highway,Average,Clear,Daylight,Truck/Lorry,3,Wrong Overtaking,0,0,0,1,4,1,Medium
2023,11,Thursday,15,Islamabad,Islamabad,Provincial Highway,Good,Clear,Dawn/Dusk,Bus/Coach,2,Over Speeding,0,0,0,1,3,3,High
2023,12,Friday,16,Punjab,Sargodha,Provincial Highway,Average,Dusty/Smoggy,Dawn/Dusk,Motorcycle,1,Driver Fatigue,0,0,0,1,3,4,High
2020,1,Thursday,16,Sindh,Hyderabad,Urban Road,Good,Clear,Daylight,Car/Taxi,2,Over Speeding,0,0,0,1,2,1,Low
2021,12,Saturday,12,Sindh,Jacobabad,Provincial Highway,Poor,Foggy,Daylight,Car/Taxi,1,Mobile Phone Use,1,1,0,1,0,0,Low
2023,5,Tuesday,10,KPK,Peshawar,Rural Road,Poor,Extreme Heat,Daylight,Motorcycle,2,Mechanical Failure,0,0,0,0,2,0,Low
2022,7,Friday,14,Punjab,Rahim Yar Khan,Urban Road,Good,Dusty/Smoggy,Daylight,Motorcycle,4,Mechanical Failure,0,0,0,0,0,0,Low
2022,1,Thursday,6,Balochistan,Gwadar,National Highway,Poor,Extreme Heat,Daylight,Motorcycle,1,Wrong Overtaking,0,0,0,1,3,2,High
2021,9,Monday,17,Punjab,Rahim Yar Khan,Provincial Highway,Good,Foggy,Daylight,Truck/Lorry,4,Over Speeding,1,0,0,0,8,0,High
2022,11,Tuesday,9,Balochistan,Khuzdar,Rural Road,Under Repair,Foggy,No Light,Motorcycle,1,Drunk Driving,1,0,0,1,2,0,Medium
2022,2,Sunday,5,Sindh,Larkana,Rural Road,Average,Clear,Dawn/Dusk,Rickshaw,1,Over Speeding,0,1,1,1,4,0,Medium
2018,5,Saturday,18,Sindh,Mirpur Khas,National Highway,Good,Foggy,Daylight,Motorcycle,2,Drunk Driving,1,1,0,0,2,0,High
2022,10,Tuesday,20,Punjab,Rahim Yar Khan,Urban Road,Good,Clear,Street Light,Truck/Lorry,1,Weather Condition,1,0,0,0,2,0,Low
2018,5,Tuesday,12,Punjab,Multan,Rural Road,Poor,Clear,Street Light,Motorcycle,3,Over Speeding,1,0,0,0,8,3,High
2022,7,Wednesday,7,Punjab,Multan,Provincial Highway,Average,Clear,Daylight,Van/Pickup,1,Over Speeding,1,0,0,0,3,0,Medium
2022,9,Monday,10,Sindh,Thatta,Provincial Highway,Poor,Extreme Heat,Street Light,Motorcycle,2,Wrong Overtaking,0,0,0,0,3,2,High
2020,1,Wednesday,16,Sindh,Hyderabad,Rural Road,Average,Foggy,Dawn/Dusk,Motorcycle,2,Wrong Overtaking,0,0,0,1,6,0,High
2021,2,Friday,5,KPK,Peshawar,National Highway,Average,Foggy,Dawn/Dusk,Bus/Coach,1,Drunk Driving,0,0,1,1,10,3,High
2021,1,Friday,10,Punjab,Bahawalpur,National Highway,Average,Clear,Daylight,Motorcycle,3,Drunk Driving,0,0,0,1,3,1,High
2023,1,Saturday,20,Punjab,Sargodha,Motorway,Poor,Dusty/Smoggy,Street Light,Motorcycle,2,Signal Violation,1,1,0,1,9,2,High
2022,9,Saturday,21,Balochistan,Turbat,Urban Road,Poor,Clear,No Light,Motorcycle,2,Pedestrian Error,0,1,0,0,4,2,Medium
2023,5,Saturday,13,KPK,Abbottabad,Rural Road,Poor,Clear,Street Light,Motorcycle,2,Mechanical Failure,1,1,0,0,0,0,Low
2020,8,Saturday,5,Punjab,Lahore,Rural Road,Average,Clear,Street Light,Bus/Coach,2,Wrong Overtaking,0,1,1,0,2,0,Medium
2022,7,Sunday,12,KPK,Mansehra,Rural Road,Average,Extreme Heat,Daylight,Car/Taxi,1,Over Speeding,1,1,0,0,1,1,Medium
2023,6,Monday,19,AJK,Mirpur,Urban Road,Average,Clear,No Light,Motorcycle,1,Signal Violation,1,0,0,0,3,0,Medium
2023,10,Saturday,10,Islamabad,Islamabad,National Highway,Average,Foggy,Daylight,Motorcycle,4,Weather Condition,0,1,0,0,4,1,Medium
2022,7,Wednesday,10,KPK,Swat,Urban Road,Good,Clear,Daylight,Motorcycle,2,Over Speeding,0,0,0,0,1,0,Medium
2018,2,Friday,17,Sindh,Thatta,Provincial Highway,Good,Clear,Street Light,Motorcycle,2,Road Condition,1,0,0,1,4,1,Medium
2022,5,Saturday,17,Punjab,Rawalpindi,Rural Road,Poor,Dusty/Smoggy,Daylight,Rickshaw,2,Pedestrian Error,1,1,0,0,2,0,Low
2022,4,Monday,5,Sindh,Karachi,Urban Road,Average,Clear,Dawn/Dusk,Van/Pickup,1,Wrong Overtaking,0,0,1,0,2,0,Low
2020,12,Friday,13,KPK,Dera Ismail Khan,National Highway,Poor,Clear,Daylight,Bus/Coach,1,Signal Violation,1,0,0,1,2,1,High
2018,5,Friday,20,Punjab,Lahore,Rural Road,Good,Rainy,No Light,Car/Taxi,1,Road Condition,1,0,0,0,1,0,Low
2019,1,Tuesday,16,Punjab,Sialkot,Provincial Highway,Poor,Foggy,Daylight,Motorcycle,4,Signal Violation,0,0,0,1,10,1,High
2020,1,Saturday,18,Punjab,Sargodha,Urban Road,Under Repair,Rainy,Daylight,Bicycle,3,Signal Violation,1,1,0,1,4,0,High
2019,6,Tuesday,7,Sindh,Thatta,National Highway,Average,Clear,Dawn/Dusk,Motorcycle,2,Over Speeding,1,0,0,0,10,0,High
2020,1,Sunday,19,Punjab,Lahore,Urban Road,Average,Clear,Dawn/Dusk,Motorcycle,3,Wrong Overtaking,1,1,0,1,2,0,Low
2021,5,Wednesday,11,Sindh,Mirpur Khas,National Highway,Average,Rainy,Daylight,Car/Taxi,1,Over Speeding,0,0,0,0,3,1,Medium
2021,7,Tuesday,8,Balochistan,Hub,Provincial Highway,Average,Clear,Daylight,Car/Taxi,4,Wrong Overtaking,1,0,0,0,2,0,Low
2020,2,Saturday,13,Punjab,Sialkot,Provincial Highway,Poor,Clear,Dawn/Dusk,Car/Taxi,2,Mechanical Failure,1,1,0,1,2,0,Low
2022,11,Thursday,11,Islamabad,Islamabad,Urban Road,Poor,Clear,Daylight,Bus/Coach,3,Signal Violation,0,0,0,1,4,0,Medium
2018,12,Wednesday,19,Sindh,Dadu,National Highway,Good,Foggy,Street Light,Car/Taxi,2,Signal Violation,1,0,0,1,5,0,Medium
2023,8,Tuesday,14,Punjab,Rawalpindi,National Highway,Under Repair,Rainy,Daylight,Motorcycle,4,Signal Violation,0,0,0,0,8,1,High
2018,5,Thursday,11,Punjab,Lahore,Provincial Highway,Average,Extreme Heat,Daylight,Motorcycle,2,Over Speeding,0,0,0,0,1,0,Medium
2022,6,Sunday,5,Punjab,Rawalpindi,National Highway,Good,Clear,Daylight,Motorcycle,3,Mobile Phone Use,0,1,1,0,3,1,High
2023,11,Friday,14,Punjab,Bahawalpur,Rural Road,Poor,Clear,Daylight,Van/Pickup,1,Over Speeding,0,0,0,1,1,0,Low
2019,3,Thursday,16,Balochistan,Dera Bugti,Rural Road,Average,Rainy,Daylight,Bus/Coach,3,Signal Violation,0,0,0,0,2,1,Medium
2021,2,Saturday,19,KPK,Abbottabad,National Highway,Good,Foggy,Dawn/Dusk,Rickshaw,1,Over Speeding,1,1,0,1,3,0,Medium
2021,9,Monday,10,Balochistan,Loralai,Urban Road,Good,Clear,Street Light,Motorcycle,1,Pedestrian Error,0,0,0,0,2,0,Medium
2019,5,Sunday,3,Sindh,Dadu,Provincial Highway,Good,Foggy,No Light,Rickshaw,4,Over Speeding,0,1,1,0,2,1,High
2018,7,Thursday,18,Sindh,Thatta,National Highway,Poor,Rainy,Daylight,Motorcycle,1,Signal Violation,1,0,0,0,10,0,High
2019,11,Sunday,6,Punjab,Gujranwala,Motorway,Good,Foggy,Daylight,Motorcycle,2,Road Condition,0,1,0,1,8,1,High
2023,12,Thursday,7,Sindh,Thatta,Rural Road,Good,Rainy,Daylight,Truck/Lorry,3,Over Speeding,1,0,0,1,4,0,High
2018,11,Monday,9,Sindh,Karachi,Motorway,Poor,Clear,Daylight,Bus/Coach,1,Drunk Driving,1,0,0,1,7,2,High
2023,11,Thursday,17,Punjab,Faisalabad,National Highway,Poor,Rainy,Dawn/Dusk,Bus/Coach,1,Driver Fatigue,1,0,0,1,3,1,High
2019,11,Saturday,1,Islamabad,Islamabad,National Highway,Poor,Dusty/Smoggy,Street Light,Motorcycle,2,Road Condition,0,1,1,1,2,0,Medium
2021,5,Saturday,12,Sindh,Sukkur,National Highway,Average,Dusty/Smoggy,Daylight,Bicycle,2,Over Speeding,1,1,0,0,2,4,High
2018,1,Saturday,19,KPK,Swat,Provincial Highway,Average,Clear,Dawn/Dusk,Motorcycle,3,Road Condition,1,1,0,1,4,2,Medium
2020,3,Friday,7,Sindh,Karachi,Urban Road,Average,Clear,Daylight,Van/Pickup,1,Driver Fatigue,1,0,0,0,2,0,Low
2019,7,Monday,20,Punjab,Bahawalpur,Urban Road,Average,Dusty/Smoggy,No Light,Rickshaw,1,Over Speeding,1,0,0,0,0,0,Low
2022,7,Saturday,7,KPK,Swat,Motorway,Average,Foggy,Daylight,Car/Taxi,4,Road Condition,1,1,0,0,2,0,Low
2021,9,Monday,13,Punjab,Sargodha,Urban Road,Good,Clear,Daylight,Car/Taxi,2,Mechanical Failure,1,0,0,0,0,0,Low
2022,6,Friday,8,Sindh,Kashmore,Urban Road,Good,Clear,Daylight,Motorcycle,1,Driver Fatigue,1,0,0,0,11,2,High
2021,1,Thursday,19,Punjab,Faisalabad,National Highway,Average,Rainy,No Light,Car/Taxi,2,Wrong Overtaking,1,0,0,1,5,0,Medium
2023,10,Tuesday,8,Punjab,Sialkot,Rural Road,Average,Clear,Street Light,Van/Pickup,4,Driver Fatigue,1,0,0,0,1,1,Low
2023,12,Sunday,16,Punjab,Sheikhupura,Provincial Highway,Good,Rainy,Street Light,Rickshaw,1,Over Speeding,0,1,0,1,2,1,Medium
2019,1,Tuesday,9,Punjab,Sargodha,National Highway,Poor,Rainy,Daylight,Motorcycle,3,Wrong Overtaking,1,0,0,1,7,0,High
2020,5,Friday,1,Punjab,Sargodha,National Highway,Poor,Clear,Street Light,Car/Taxi,2,Over Speeding,0,0,1,0,2,0,Medium
2022,12,Friday,7,KPK,Abbottabad,Provincial Highway,Good,Clear,Daylight,Car/Taxi,2,Over Speeding,1,0,0,1,1,2,Medium
2018,5,Monday,13,Sindh,Jacobabad,National Highway,Poor,Clear,Daylight,Truck/Lorry,1,Over Speeding,1,0,0,0,3,1,High
2020,11,Friday,19,Punjab,Sheikhupura,National Highway,Good,Clear,Street Light,Motorcycle,1,Pedestrian Error,1,0,0,1,3,0,Medium
2018,2,Friday,23,Sindh,Jacobabad,Urban Road,Good,Foggy,No Light,Car/Taxi,3,Mobile Phone Use,0,0,1,1,0,0,Low
2021,4,Friday,22,KPK,Mardan,Provincial Highway,Under Repair,Clear,No Light,Car/Taxi,3,Road Condition,0,0,1,0,1,0,Low
2020,12,Wednesday,10,Punjab,Sargodha,National Highway,Average,Foggy,Daylight,Motorcycle,3,Pedestrian Error,0,0,0,1,11,0,High
2022,10,Saturday,12,Sindh,Kashmore,Urban Road,Good,Rainy,Daylight,Bus/Coach,2,Wrong Overtaking,1,1,0,0,1,0,Low
2018,2,Tuesday,10,Sindh,Dadu,Rural Road,Poor,Clear,Daylight,Motorcycle,1,Wrong Overtaking,0,0,0,1,1,1,Medium
2021,11,Thursday,22,Balochistan,Loralai,Rural Road,Good,Clear,Street Light,Rickshaw,2,Signal Violation,0,0,1,1,4,1,Medium
2018,11,Monday,19,Sindh,Karachi,Motorway,Under Repair,Clear,Dawn/Dusk,Car/Taxi,1,Mechanical Failure,1,0,0,1,1,0,Low
2020,7,Tuesday,13,Punjab,Sargodha,Motorway,Poor,Rainy,Daylight,Car/Taxi,2,Over Speeding,1,0,0,0,4,1,High
2022,4,Tuesday,18,Punjab,Lahore,Rural Road,Average,Clear,Daylight,Motorcycle,3,Pedestrian Error,1,0,0,0,0,0,Low
2019,9,Saturday,13,Sindh,Hyderabad,Urban Road,Average,Clear,Daylight,Motorcycle,2,Weather Condition,1,1,0,0,1,0,Low
2020,3,Thursday,12,Punjab,Sheikhupura,Rural Road,Average,Clear,Daylight,Motorcycle,2,Over Speeding,1,0,0,0,7,0,High
2019,12,Friday,17,Balochistan,Khuzdar,Motorway,Average,Dusty/Smoggy,Daylight,Car/Taxi,1,Over Speeding,1,0,0,1,3,0,Medium
2022,7,Monday,13,Punjab,Bahawalpur,Provincial Highway,Poor,Foggy,Daylight,Bus/Coach,2,Driver Fatigue,1,0,0,0,10,2,High
2018,5,Saturday,13,Punjab,Lahore,National Highway,Poor,Clear,Daylight,Motorcycle,4,Over Speeding,1,1,0,0,11,2,High
2020,7,Friday,10,Punjab,Sheikhupura,Provincial Highway,Poor,Clear,Daylight,Motorcycle,1,Wrong Overtaking,0,0,0,0,3,0,Medium
2022,12,Tuesday,18,KPK,Dera Ismail Khan,Rural Road,Poor,Foggy,Dawn/Dusk,Motorcycle,2,Mobile Phone Use,1,0,0,1,2,0,Medium
2018,1,Thursday,17,Sindh,Nawabshah,Provincial Highway,Good,Rainy,Daylight,Van/Pickup,1,Over Speeding,1,0,0,1,10,2,High
2022,5,Monday,12,Punjab,Lahore,National Highway,Average,Dusty/Smoggy,Daylight,Motorcycle,3,Road Condition,1,0,0,0,9,3,High
2022,12,Saturday,8,Balochistan,Loralai,Provincial Highway,Average,Rainy,Daylight,Motorcycle,1,Road Condition,1,1,0,1,3,0,Medium
2021,5,Wednesday,19,Punjab,Gujranwala,Rural Road,Poor,Clear,Daylight,Motorcycle,2,Signal Violation,1,0,0,0,3,1,Medium
2020,9,Monday,8,Punjab,Gujranwala,National Highway,Good,Foggy,Daylight,Bus/Coach,3,Mechanical Failure,1,0,0,0,1,2,Medium
2021,12,Sunday,6,Punjab,Sheikhupura,Provincial Highway,Poor,Foggy,Dawn/Dusk,Car/Taxi,1,Wrong Overtaking,0,1,0,1,2,0,Medium
2023,6,Monday,15,Islamabad,Islamabad,Provincial Highway,Average,Clear,Daylight,Bicycle,2,Over Speeding,0,0,0,0,8,1,High
2020,8,Friday,18,KPK,Mansehra,Provincial Highway,Good,Clear,Daylight,Car/Taxi,2,Over Speeding,1,0,0,0,2,1,Medium
2019,7,Saturday,13,KPK,Bannu,National Highway,Good,Clear,Daylight,Motorcycle,1,Road Condition,1,1,0,0,3,0,High
2021,6,Sunday,6,Punjab,Faisalabad,National Highway,Good,Rainy,Daylight,Car/Taxi,2,Over Speeding,0,1,0,0,10,1,High
2022,4,Tuesday,16,Sindh,Larkana,National Highway,Average,Clear,Daylight,Motorcycle,1,Wrong Overtaking,0,0,0,0,9,1,High
2023,11,Monday,7,Sindh,Nawabshah,Provincial Highway,Average,Clear,Daylight,Car/Taxi,3,Over Speeding,1,0,0,1,2,1,Medium
2018,10,Wednesday,20,Punjab,Rawalpindi,National Highway,Poor,Rainy,No Light,Car/Taxi,1,Over Speeding,1,0,0,0,3,0,Medium
2023,12,Tuesday,14,Punjab,Rahim Yar Khan,Provincial Highway,Average,Clear,Daylight,Rickshaw,2,Over Speeding,0,0,0,1,5,1,Medium
2022,12,Friday,3,Balochistan,Dera Bugti,Provincial Highway,Good,Clear,Street Light,Rickshaw,3,Mechanical Failure,0,0,1,1,0,0,Low
2021,10,Saturday,21,Punjab,Rawalpindi,Urban Road,Poor,Foggy,No Light,Motorcycle,4,Over Speeding,0,1,0,0,2,1,Medium
2018,11,Wednesday,6,Sindh,Kashmore,Provincial Highway,Average,Clear,Daylight,Car/Taxi,1,Wrong Overtaking,0,0,0,1,1,1,Low
2023,12,Saturday,6,Punjab,Rahim Yar Khan,Urban Road,Poor,Dusty/Smoggy,Street Light,Truck/Lorry,2,Mechanical Failure,0,1,0,1,2,1,Low
2019,3,Monday,15,KPK,Peshawar,Provincial Highway,Poor,Rainy,Street Light,Other,2,Over Speeding,0,0,0,0,6,1,High
2019,12,Thursday,23,Punjab,Gujranwala,Rural Road,Average,Rainy,No Light,Car/Taxi,3,Over Speeding,0,0,1,1,3,0,Medium
2019,8,Wednesday,12,Punjab,Sialkot,Urban Road,Good,Foggy,Daylight,Rickshaw,2,Drunk Driving,1,0,0,0,1,2,Medium
2023,1,Sunday,14,Sindh,Larkana,Rural Road,Average,Rainy,Daylight,Motorcycle,2,Signal Violation,0,1,0,1,4,0,Medium
2021,3,Friday,13,AJK,Muzaffarabad,National Highway,Under Repair,Clear,Daylight,Motorcycle,2,Pedestrian Error,1,0,0,0,4,0,High
2018,3,Thursday,9,AJK,Mirpur,Rural Road,Average,Foggy,Daylight,Motorcycle,2,Wrong Overtaking,1,0,0,0,8,3,High
2022,5,Tuesday,17,Punjab,Sheikhupura,National Highway,Good,Clear,Dawn/Dusk,Motorcycle,2,Driver Fatigue,1,0,0,0,11,2,High
2020,11,Thursday,20,Punjab,Sialkot,Rural Road,Average,Clear,Street Light,Motorcycle,1,Driver Fatigue,1,0,0,1,11,0,High
2022,5,Saturday,17,Sindh,Sukkur,Urban Road,Average,Clear,Daylight,Truck/Lorry,4,Road Condition,1,1,0,0,0,0,Low
2023,4,Sunday,17,Punjab,Sargodha,Rural Road,Good,Clear,Daylight,Rickshaw,1,Over Speeding,1,1,0,0,1,0,Medium