year,month,day_of_week,hour_of_day,province,district,road_type,road_condition,weather_condition,lighting_condition,vehicle_type,vehicles_involved,accident_cause,is_rush_hour,is_weekend,is_night,is_foggy_month,num_injured,num_killed,severity
2019,6,Monday,21,KPK,Kohat,National Highway,Good,Clear,No Light,Motorcycle,1,Wrong Overtaking,0,0,0,0,2,0,Medium
2018,12,Monday,18,Sindh,Dadu,Urban Road,Good,Rainy,Daylight,Rickshaw,2,Pedestrian Error,1,0,0,1,0,0,Low
2022,9,Friday,18,Sindh,Mirpur Khas,Urban Road,Average,Foggy,Daylight,Motorcycle,2,Drunk Driving,1,0,0,0,5,1,Medium
2018,8,Friday,5,Sindh,Jacobabad,Provincial Highway,Average,Clear,No Light,Motorcycle,3,Wrong Overtaking,0,0,1,0,2,1,Medium
2018,6,Friday,13,Punjab,Sialkot,Provincial Highway,Poor,Clear,Daylight,Motorcycle,2,Road Condition,1,0,0,0,1,0,Low
2020,12,Thursday,20,KPK,Dera Ismail Khan,Urban Road,Good,Dusty/Smoggy,Street Light,Motorcycle,3,Over Speeding,1,0,0,1,1,0,Medium
2023,6,Tuesday,16,Sindh,Sukkur,Urban Road,Good,Foggy,Daylight,Motorcycle,2,Over Speeding,0,0,0,0,2,3,High
2022,12,Sunday,21,KPK,Dera Ismail Khan,National Highway,Poor,Clear,No Light,Motorcycle,2,Over Speeding,0,1,0,1,5,4,High
2022,3,Thursday,14,Punjab,Sargodha,National Highway,Good,Clear,Daylight,Car/Taxi,2,Weather Condition,0,0,0,0,1,0,Low
2023,9,Tuesday,6,Punjab,Multan,National Highway,Under Repair,Clear,Daylight,Motorcycle,2,Pedestrian Error,0,0,0,0,5,1,Medium
2022,9,Friday,13,Islamabad,Islamabad,Motorway,Under Repair,Clear,Daylight,Motorcycle,1,Wrong Overtaking,1,0,0,0,5,0,Medium
2022,9,Friday,6,Sindh,Nawabshah,National Highway,Poor,Clear,Daylight,Rickshaw,1,Over Speeding,0,0,0,0,2,3,High
2023,5,Friday,9,Islamabad,Islamabad,Provincial Highway,Poor,Dusty/Smoggy,Daylight,Car/Taxi,4,Drunk Driving,1,0,0,0,5,0,Medium
2023,6,Wednesday,11,KPK,Mansehra,Urban Road,Good,Clear,Daylight,Car/Taxi,2,Driver Fatigue,0,0,0,0,1,0,Low
2023,12,Friday,13,Islamabad,Islamabad,Provincial Highway,Average,Rainy,Daylight,Motorcycle,1,Signal Violation,1,0,0,1,5,0,High
2020,9,Saturday,19,Punjab,Rawalpindi,National Highway,Average,Clear,Street Light,Rickshaw,1,Over Speeding,1,1,0,0,4,0,Medium
2023,7,Friday,15,Punjab,Faisalabad,Urban Road,Average,Rainy,Daylight,Car/Taxi,2,Wrong Overtaking,0,0,0,0,1,0,Low
2023,11,Saturday,4,KPK,Abbottabad,Provincial Highway,Good,Clear,No Light,Motorcycle,1,Over Speeding,0,1,1,1,6,1,High
2023,2,Tuesday,17,KPK,Charsadda,Rural Road,Average,Dusty/Smoggy,Daylight,Motorcycle,2,Pedestrian Error,1,0,0,1,2,2,Medium
2019,2,Tuesday,5,Sindh,Karachi,Urban Road,Good,Clear,Street Light,Rickshaw,4,Over Speeding,0,0,1,1,1,0,Low
2021,7,Saturday,20,Sindh,Sukkur,Rural Road,Good,Clear,No Light,Bus/Coach,2,Over Speeding,1,1,0,0,1,2,Medium
2021,9,Monday,11,Balochistan,Zhob,National Highway,Good,Extreme Heat,Daylight,Motorcycle,2,Signal Violation,0,0,0,0,5,2,High
2020,8,Thursday,2,Punjab,Sargodha,Provincial Highway,Good,Clear,No Light,Bicycle,2,Wrong Overtaking,0,0,1,0,10,0,High
2020,6,Wednesday,22,Sindh,Kashmore,Rural Road,Good,Dusty/Smoggy,No Light,Motorcycle,2,Wrong Overtaking,0,0,1,0,1,1,Medium
2021,4,Friday,15,Punjab,Multan,Provincial Highway,Good,Clear,Daylight,Motorcycle,1,Pedestrian Error,0,0,0,0,4,0,Medium
2020,1,Monday,7,Punjab,Bahawalpur,Provincial Highway,Good,Foggy,Street Light,Car/Taxi,3,Signal Violation,1,0,0,1,0,0,Low
2022,12,Wednesday,6,Sindh,Thatta,Rural Road,Poor,Clear,Daylight,Motorcycle,3,Over Speeding,0,0,0,1,1,2,Medium
2020,6,Thursday,17,KPK,Swat,National Highway,Good,Dusty/Smoggy,No Light,Motorcycle,1,Over Speeding,1,0,0,0,9,2,High
2022,3,Thursday,18,KPK,Swat,Urban Road,Good,Rainy,Daylight,Motorcycle,1,Road Condition,1,0,0,0,0,0,Low
2023,1,Tuesday,12,AJK,Rawalakot,National Highway,Under Repair,Foggy,Daylight,Car/Taxi,4,Wrong Overtaking,1,0,0,1,6,0,High
2023,5,Thursday,9,Punjab,Gujranwala,National Highway,Poor,Clear,Daylight,Motorcycle,1,Signal Violation,1,0,0,0,10,0,High
2023,7,Friday,8,Punjab,Rawalpindi,Rural Road,Good,Rainy,Daylight,Motorcycle,2,Signal Violation,1,0,0,0,3,0,Medium
2019,9,Friday,10,Punjab,Sialkot,Urban Road,Average,Foggy,Daylight,Van/Pickup,1,Over Speeding,0,0,0,0,3,1,Medium
2022,9,Friday,10,Punjab,Sheikhupura,Rural Road,Poor,Clear,Daylight,Bus/Coach,2,Over Speeding,0,0,0,0,3,2,Medium
2021,5,Tuesday,15,Punjab,Faisalabad,Provincial Highway,Poor,Foggy,Daylight,Motorcycle,4,Road Condition,0,0,0,0,2,0,Medium
2021,5,Saturday,6,Punjab,Rawalpindi,National Highway,Average,Foggy,Daylight,Motorcycle,3,Signal Violation,0,1,0,0,9,0,High
2020,9,Thursday,7,Sindh,Kashmore,Urban Road,Good,Foggy,No Light,Motorcycle,2,Mobile Phone Use,1,0,0,0,4,0,Medium
2019,5,Saturday,14,Punjab,Lahore,Motorway,Good,Clear,Daylight,Car/Taxi,4,Over Speeding,0,1,0,0,1,0,Medium
2022,9,Sunday,23,Sindh,Nawabshah,National Highway,Good,Clear,Street Light,Motorcycle,3,Wrong Overtaking,0,1,1,0,8,2,High
2023,9,Monday,18,Islamabad,Islamabad,Rural Road,Under Repair,Foggy,Daylight,Motorcycle,2,Mobile Phone Use,1,0,0,0,5,1,Medium
2020,7,Thursday,21,KPK,Abbottabad,Provincial Highway,Under Repair,Foggy,Street Light,Car/Taxi,1,Wrong Overtaking,0,0,0,0,4,0,Medium
2021,7,Friday,4,Balochistan,Quetta,Provincial Highway,Under Repair,Clear,No Light,Motorcycle,2,Driver Fatigue,0,0,1,0,4,2,High
2023,11,Thursday,8,KPK,Nowshera,Provincial Highway,Good,Foggy,Dawn/Dusk,Rickshaw,4,Over Speeding,1,0,0,1,4,1,Medium
2018,9,Sunday,9,Punjab,Sialkot,Rural Road,Good,Clear,Daylight,Van/Pickup,2,Driver Fatigue,1,1,0,0,0,0,Low
2022,12,Saturday,19,KPK,Dera Ismail Khan,Urban Road,Good,Clear,Street Light,Rickshaw,1,Mobile Phone Use,1,1,0,1,2,0,Low
2019,10,Thursday,5,KPK,Dera Ismail Khan,Urban Road,Under Repair,Rainy,Dawn/Dusk,Bus/Coach,4,Wrong Overtaking,0,0,1,0,3,0,Medium
2018,6,Friday,9,Punjab,Sargodha,Urban Road,Under Repair,Foggy,Daylight,Car/Taxi,2,Mobile Phone Use,1,0,0,0,0,1,Low
2021,5,Monday,2,Balochistan,Loralai,National Highway,Under Repair,Foggy,No Light,Car/Taxi,1,Wrong Overtaking,0,0,1,0,2,2,Medium
2022,8,Sunday,19,Sindh,Hyderabad,Urban Road,Average,Rainy,Street Light,Motorcycle,2,Signal Violation,1,1,0,0,8,2,High
2020,11,Thursday,6,Punjab,Multan,National Highway,Average,Clear,Daylight,Other,2,Pedestrian Error,0,0,0,1,2,0,Low
2022,8,Monday,6,Sindh,Mirpur Khas,National Highway,Average,Clear,Daylight,Car/Taxi,1,Over Speeding,0,0,0,0,4,0,Medium
2019,7,Friday,14,KPK,Bannu,National Highway,Poor,Clear,Daylight,Motorcycle,3,Signal Violation,0,0,0,0,6,1,High
2022,1,Wednesday,18,Sindh,Thatta,Urban Road,Poor,Clear,Daylight,Car/Taxi,2,Mechanical Failure,1,0,0,1,1,0,Low
2018,2,Tuesday,2,Punjab,Bahawalpur,Rural Road,Average,Clear,No Light,Car/Taxi,3,Pedestrian Error,0,0,1,1,1,0,Low
2022,5,Wednesday,9,Sindh,Dadu,Provincial Highway,Good,Clear,Daylight,Van/Pickup,4,Pedestrian Error,1,0,0,0,1,0,Low
2020,6,Sunday,22,Punjab,Sargodha,Provincial Highway,Good,Extreme Heat,No Light,Car/Taxi,2,Mechanical Failure,0,1,1,0,1,0,Low
2021,6,Friday,17,AJK,Mirpur,Provincial Highway,Good,Clear,Daylight,Motorcycle,3,Wrong Overtaking,1,0,0,0,3,0,Medium
2018,4,Friday,19,KPK,Mansehra,Provincial Highway,Good,Clear,Dawn/Dusk,Bus/Coach,2,Over Speeding,1,0,0,0,5,1,Medium
2019,4,Thursday,12,KPK,Bannu,Provincial Highway,Good,Rainy,Daylight,Car/Taxi,3,Mobile Phone Use,1,0,0,0,1,0,Low
2022,11,Sunday,13,Punjab,Gujranwala,National Highway,Good,Foggy,Daylight,Truck/Lorry,1,Over Speeding,1,1,0,1,3,1,High
2022,11,Wednesday,9,Punjab,Gujranwala,Rural Road,Good,Clear,Daylight,Motorcycle,3,Wrong Overtaking,1,0,0,1,2,0,Low
2020,4,Wednesday,9,Punjab,Rawalpindi,Provincial Highway,Average,Foggy,Daylight,Motorcycle,1,Drunk Driving,1,0,0,0,6,1,High
2019,5,Friday,7,Sindh,Dadu,Urban Road,Good,Clear,Daylight,Car/Taxi,2,Signal Violation,1,0,0,0,1,0,Low
2020,12,Friday,22,Punjab,Faisalabad,National Highway,Poor,Clear,Street Light,Bus/Coach,1,Signal Violation,0,0,1,1,4,0,Medium
2019,5,Thursday,22,Sindh,Kashmore,Rural Road,Under Repair,Clear,No Light,Van/Pickup,1,Wrong Overtaking,0,0,1,0,2,0,Medium
2023,5,Wednesday,19,Punjab,Rawalpindi,Rural Road,Good,Clear,No Light,Car/Taxi,2,Signal Violation,1,0,0,0,1,0,Low
2022,2,Friday,21,Sindh,Larkana,Urban Road,Poor,Foggy,Street Light,Motorcycle,3,Driver Fatigue,0,0,0,1,5,0,High
2021,3,Monday,6,Punjab,Lahore,National Highway,Average,Clear,Dawn/Dusk,Motorcycle,2,Drunk Driving,0,0,0,0,9,2,High
2023,10,Tuesday,10,Punjab,Faisalabad,Rural Road,Poor,Clear,Daylight,Truck/Lorry,2,Signal Violation,0,0,0,0,2,0,Low
2019,11,Sunday,12,KPK,Kohat,Urban Road,Good,Clear,Dawn/Dusk,Truck/Lorry,2,Over Speeding,1,1,0,1,2,1,Medium
2023,8,Friday,9,Sindh,Nawabshah,Rural Road,Average,Clear,Daylight,Motorcycle,1,Over Speeding,1,0,0,0,4,2,Medium
2018,1,Sunday,10,KPK,Mansehra,Rural Road,Good,Foggy,Daylight,Motorcycle,1,Over Speeding,0,1,0,1,5,0,Medium
2020,7,Saturday,21,KPK,Abbottabad,Motorway,Poor,Clear,Street Light,Motorcycle,1,Driver Fatigue,0,1,0,0,11,1,High
2020,12,Monday,0,Balochistan,Gwadar,Provincial Highway,Average,Clear,Street Light,Car/Taxi,1,Signal Violation,0,0,1,1,4,0,Medium
2022,7,Monday,4,Punjab,Sheikhupura,Rural Road,Poor,Rainy,No Light,Bus/Coach,2,Pedestrian Error,0,0,1,0,0,0,Low
2020,12,Monday,20,Punjab,Lahore,Provincial Highway,Average,Clear,Street Light,Motorcycle,1,Driver Fatigue,1,0,0,1,5,2,High
2018,11,Saturday,14,Sindh,Dadu,Motorway,Good,Rainy,Daylight,Car/Taxi,1,Pedestrian Error,0,1,0,1,3,0,Medium
2023,4,Saturday,14,Islamabad,Islamabad,National Highway,Average,Foggy,Daylight,Rickshaw,2,Over Speeding,0,1,0,0,2,2,High
2023,6,Tuesday,14,KPK,Charsadda,National Highway,Poor,Clear,Street Light,Motorcycle,1,Signal Violation,0,0,0,0,5,0,High
2018,6,Monday,20,Sindh,Larkana,National Highway,Good,Clear,Street Light,Motorcycle,1,Over Speeding,1,0,0,0,8,2,High
2021,6,Friday,11,Punjab,Multan,Provincial Highway,Under Repair,Clear,Daylight,Car/Taxi,1,Road Condition,0,0,0,0,0,0,Low
2023,4,Wednesday,15,Sindh,Mirpur Khas,Urban Road,Poor,Foggy,Street Light,Motorcycle,3,Over Speeding,0,0,0,0,1,0,Medium
2019,1,Monday,9,Sindh,Kashmore,Urban Road,Average,Rainy,Street Light,Car/Taxi,2,Weather Condition,1,0,0,1,0,0,Low
2020,2,Wednesday,13,KPK,Mardan,Rural Road,Average,Clear,Daylight,Van/Pickup,2,Over Speeding,1,0,0,1,4,1,Medium
2023,12,Saturday,6,Punjab,Sargodha,Provincial Highway,Average,Foggy,Daylight,Motorcycle,2,Wrong Overtaking,0,1,0,1,4,0,High
2018,11,Saturday,21,Punjab,Faisalabad,National Highway,Average,Clear,No Light,Rickshaw,1,Pedestrian Error,0,1,0,1,0,0,Low
2020,5,Tuesday,19,Punjab,Sargodha,Rural Road,Good,Foggy,Dawn/Dusk,Rickshaw,1,Wrong Overtaking,1,0,0,0,1,0,Low
2020,4,Monday,9,Punjab,Gujranwala,Provincial Highway,Poor,Foggy,Daylight,Motorcycle,2,Over Speeding,1,0,0,0,8,2,High
2018,11,Wednesday,7,Sindh,Jacobabad,Urban Road,Under Repair,Clear,Daylight,Motorcycle,2,Over Speeding,1,0,0,1,3,0,Medium
2022,2,Saturday,9,Punjab,Lahore,National Highway,Good,Foggy,Daylight,Car/Taxi,1,Road Condition,1,1,0,1,4,0,Medium
2023,3,Wednesday,10,Sindh,Dadu,Motorway,Good,Clear,Daylight,Car/Taxi,1,Mechanical Failure,0,0,0,0,2,0,Low
2023,11,Sunday,8,KPK,Swat,Provincial Highway,Good,Clear,Daylight,Car/Taxi,4,Wrong Overtaking,1,1,0,1,0,0,Low
2023,2,Monday,12,Punjab,Rahim Yar Khan,Rural Road,Good,Foggy,Daylight,Motorcycle,2,Pedestrian Error,1,0,0,1,1,0,Low
2023,1,Monday,6,Sindh,Thatta,National Highway,Under Repair,Clear,Daylight,Car/Taxi,4,Drunk Driving,0,0,0,1,4,2,Medium
2022,12,Wednesday,13,Balochistan,Zhob,Urban Road,Average,Foggy,Dawn/Dusk,Bicycle,2,Driver Fatigue,1,0,0,1,4,1,Medium
2020,8,Thursday,16,Sindh,Larkana,Provincial Highway,Good,Foggy,Daylight,Van/Pickup,2,Over Speeding,0,0,0,0,1,0,Medium
2021,3,Wednesday,17,Sindh,Kashmore,Motorway,Poor,Clear,Daylight,Motorcycle,3,Over Speeding,1,0,0,0,3,1,High
2022,6,Tuesday,7,Sindh,Thatta,Urban Road,Good,Clear,Daylight,Motorcycle,2,Over Speeding,1,0,0,0,2,2,High
2022,7,Monday,20,Punjab,Sheikhupura,National Highway,Average,Clear,No Light,Car/Taxi,2,Road Condition,1,0,0,0,2,1,Low
2018,6,Friday,9,Punjab,Gujranwala,Provincial Highway,Good,Rainy,Daylight,Car/Taxi,3,Mobile Phone Use,1,0,0,0,3,1,Medium
2021,3,Sunday,7,Punjab,Rahim Yar Khan,Provincial Highway,Average,Clear,Dawn/Dusk,Rickshaw,3,Signal Violation,1,1,0,0,0,0,Low
2021,4,Tuesday,15,Punjab,Bahawalpur,Rural Road,Average,Foggy,Street Light,Rickshaw,2,Road Condition,0,0,0,0,0,0,Low
2023,5,Monday,11,KPK,Swat,Provincial Highway,Good,Clear,Daylight,Motorcycle,2,Pedestrian Error,0,0,0,0,2,0,Medium
2020,7,Monday,14,Punjab,Rahim Yar Khan,National Highway,Good,Clear,Daylight,Other,2,Pedestrian Error,0,0,0,0,3,1,Medium
2022,8,Tuesday,17,Islamabad,Islamabad,National Highway,Average,Foggy,Daylight,Motorcycle,2,Driver Fatigue,1,0,0,0,6,1,High
2020,7,Tuesday,17,KPK,Swat,Provincial Highway,Average,Clear,Daylight,Motorcycle,3,Wrong Overtaking,1,0,0,0,1,1,Medium
2020,12,Saturday,7,KPK,Bannu,National Highway,Good,Rainy,Daylight,Motorcycle,3,Pedestrian Error,1,1,0,1,10,2,High
2018,10,Monday,7,KPK,Nowshera,Provincial Highway,Good,Clear,Daylight,Car/Taxi,3,Over Speeding,1,0,0,0,0,0,Low
2021,4,Saturday,18,Punjab,Gujranwala,Provincial Highway,Poor,Clear,Daylight,Motorcycle,2,Mechanical Failure,1,1,0,0,4,0,Medium
2023,6,Monday,2,Sindh,Jacobabad,National Highway,Average,Foggy,Street Light,Car/Taxi,1,Pedestrian Error,0,0,1,0,2,0,Medium
2019,8,Friday,22,Islamabad,Islamabad,Motorway,Under Repair,Foggy,Street Light,Car/Taxi,3,Over Speeding,0,0,1,0,3,3,High
2021,10,Wednesday,11,Punjab,Lahore,Urban Road,Good,Clear,Street Light,Car/Taxi,1,Wrong Overtaking,0,0,0,0,0,0,Low
2019,1,Tuesday,17,Punjab,Faisalabad,Urban Road,Good,Rainy,Dawn/Dusk,Motorcycle,2,Wrong Overtaking,1,0,0,1,3,2,High
2019,2,Sunday,21,Punjab,Multan,National Highway,Good,Rainy,No Light,Car/Taxi,3,Wrong Overtaking,0,1,0,1,3,1,Medium
2021,6,Monday,7,Sindh,Kashmore,National Highway,Good,Rainy,Daylight,Other,2,Over Speeding,1,0,0,0,9,0,High
2022,11,Saturday,21,Punjab,Faisalabad,Provincial Highway,Under Repair,Foggy,No Light,Motorcycle,3,Mechanical Failure,0,1,0,1,5,1,Medium
2021,8,Friday,7,Sindh,Nawabshah,National Highway,Good,Clear,Daylight,Motorcycle,1,Driver Fatigue,1,0,0,0,10,0,High
2020,10,Wednesday,9,KPK,Mardan,Provincial Highway,Poor,Clear,Daylight,Motorcycle,2,Signal Violation,1,0,0,0,1,0,Medium
2022,2,Sunday,21,Punjab,Bahawalpur,National Highway,Average,Foggy,No Light,Bus/Coach,1,Road Condition,0,1,0,1,10,1,High
2018,10,Saturday,10,KPK,Nowshera,National Highway,Under Repair,Clear,Daylight,Bus/Coach,4,Wrong Overtaking,0,1,0,0,7,1,High
2023,6,Tuesday,7,Punjab,Gujranwala,National Highway,Poor,Clear,Dawn/Dusk,Motorcycle,2,Wrong Overtaking,1,0,0,0,7,1,High
2023,11,Monday,14,Punjab,Rahim Yar Khan,Rural Road,Poor,Clear,Daylight,Van/Pickup,1,Over Speeding,0,0,0,1,5,2,Medium
2022,5,Friday,16,Punjab,Lahore,Rural Road,Average,Dusty/Smoggy,Daylight,Car/Taxi,2,Wrong Overtaking,0,0,0,0,1,0,Low
2019,3,Friday,7,KPK,Charsadda,Rural Road,Good,Clear,Daylight,Bus/Coach,3,Road Condition,1,0,0,0,1,0,Low
2022,12,Wednesday,7,Balochistan,Gwadar,Urban Road,Poor,Clear,Daylight,Car/Taxi,3,Mobile Phone Use,1,0,0,1,0,0,Low
2022,1,Wednesday,14,Punjab,Multan,Rural Road,Good,Rainy,Daylight,Car/Taxi,3,Mechanical Failure,0,0,0,1,0,0,Low
2018,10,Tuesday,12,Punjab,Multan,National Highway,Good,Clear,Daylight,Car/Taxi,1,Mechanical Failure,1,0,0,0,2,0,Medium
2021,7,Saturday,4,Balochistan,Quetta,Urban Road,Good,Clear,No Light,Truck/Lorry,2,Pedestrian Error,0,1,1,0,4,1,Medium
2023,1,Saturday,4,Sindh,Kashmore,Rural Road,Good,Foggy,No Light,Car/Taxi,2,Wrong Overtaking,0,1,1,1,1,0,Medium
2023,12,Wednesday,18,Punjab,Rahim Yar Khan,National Highway,Good,Clear,Daylight,Truck/Lorry,2,Driver Fatigue,1,0,0,1,4,0,Medium
2021,8,Thursday,13,Sindh,Hyderabad,Urban Road,Average,Clear,Daylight,Car/Taxi,2,Road Condition,1,0,0,0,1,0,Low
2019,1,Wednesday,21,Balochistan,Loralai,Urban Road,Average,Extreme Heat,No Light,Motorcycle,2,Mechanical Failure,0,0,0,1,0,0,Low
2019,1,Friday,8,Punjab,Lahore,National Highway,Under Repair,Rainy,Daylight,Rickshaw,2,Over Speeding,1,0,0,1,4,0,Medium
2022,5,Wednesday,7,Punjab,Gujranwala,National Highway,Poor,Clear,Daylight,Motorcycle,1,Wrong Overtaking,1,0,0,0,3,0,High
2023,10,Friday,10,Punjab,Sheikhupura,Rural Road,Poor,Clear,No Light,Rickshaw,2,Mechanical Failure,0,0,0,0,2,0,Low
2020,2,Saturday,15,Sindh,Thatta,Urban Road,Average,Rainy,Daylight,Rickshaw,3,Driver Fatigue,0,1,0,1,3,1,Medium
2018,7,Monday,17,Punjab,Bahawalpur,Provincial Highway,Good,Clear,Street Light,Van/Pickup,2,Road Condition,1,0,0,0,2,0,Low
2023,7,Tuesday,12,KPK,Kohat,Rural Road,Under Repair,Foggy,Daylight,Motorcycle,3,Pedestrian Error,1,0,0,0,5,0,Medium
2023,12,Sunday,16,KPK,Swat,Urban Road,Average,Rainy,Daylight,Car/Taxi,2,Drunk Driving,0,1,0,1,4,0,Medium
2019,6,Thursday,18,Sindh,Kashmore,National Highway,Under Repair,Clear,Dawn/Dusk,Motorcycle,2,Mechanical Failure,1,0,0,0,3,0,Medium
2019,6,Wednesday,8,Punjab,Faisalabad,Provincial Highway,Average,Foggy,Daylight,Van/Pickup,2,Over Speeding,1,0,0,0,3,0,Medium
2021,8,Monday,16,AJK,Muzaffarabad,Urban Road,Good,Foggy,Daylight,Car/Taxi,1,Over Speeding,0,0,0,0,0,0,Low
2021,3,Tuesday,9,Sindh,Hyderabad,Urban Road,Good,Clear,Daylight,Motorcycle,1,Wrong Overtaking,1,0,0,0,2,0,Medium
2019,7,Friday,20,Sindh,Jacobabad,Urban Road,Good,Clear,No Light,Car/Taxi,2,Over Speeding,1,0,0,0,5,0,Medium
2022,1,Thursday,6,Gilgit-Baltistan,Skardu,Provincial Highway,Good,Clear,Daylight,Rickshaw,1,Over Speeding,0,0,0,1,1,0,Medium
2020,12,Tuesday,14,Balochistan,Loralai,National Highway,Average,Clear,Dawn/Dusk,Motorcycle,2,Driver Fatigue,0,0,0,1,3,2,High
2021,5,Monday,9,Sindh,Kashmore,Provincial Highway,Average,Clear,Daylight,Truck/Lorry,3,Pedestrian Error,1,0,0,0,2,0,Medium
2019,3,Thursday,8,Punjab,Rawalpindi,Urban Road,Good,Foggy,Daylight,Motorcycle,1,Mobile Phone Use,1,0,0,0,2,1,Medium
2018,5,Sunday,15,Punjab,Gujranwala,Provincial Highway,Good,Clear,Daylight,Motorcycle,1,Over Speeding,0,1,0,0,3,1,High
2018,5,Saturday,14,Islamabad,Islamabad,National Highway,Poor,Clear,No Light,Car/Taxi,1,Signal Violation,0,1,0,0,4,0,Medium
2022,2,Saturday,7,Balochistan,Khuzdar,National Highway,Good,Foggy,Daylight,Car/Taxi,1,Mobile Phone Use,1,1,0,1,4,1,Medium
2022,12,Saturday,4,Punjab,Sheikhupura,Rural Road,Poor,Dusty/Smoggy,Street Light,Motorcycle,2,Over Speeding,0,1,1,1,9,2,High
2020,12,Tuesday,11,KPK,Charsadda,National Highway,Good,Clear,Daylight,Motorcycle,2,Signal Violation,0,0,0,1,3,1,Medium
2022,12,Tuesday,18,KPK,Nowshera,Urban Road,Good,Dusty/Smoggy,Daylight,Motorcycle,2,Pedestrian Error,1,0,0,1,4,2,Medium
2018,8,Saturday,10,Punjab,Sialkot,Urban Road,Poor,Foggy,Daylight,Motorcycle,1,Over Speeding,0,1,0,0,8,2,High
2019,6,Friday,19,Sindh,Larkana,Urban Road,Poor,Clear,Dawn/Dusk,Car/Taxi,1,Mechanical Failure,1,0,0,0,2,0,Low
2022,7,Saturday,12,Punjab,Multan,National Highway,Poor,Clear,Daylight,Rickshaw,3,Road Condition,1,1,0,0,1,0,Low
2021,3,Wednesday,13,KPK,Mardan,National Highway,Good,Clear,Daylight,Car/Taxi,1,Over Speeding,1,0,0,0,2,0,Medium
2020,6,Thursday,21,Punjab,Sialkot,Urban Road,Average,Foggy,Street Light,Rickshaw,2,Signal Violation,0,0,0,0,3,0,Medium
2019,1,Friday,19,KPK,Mansehra,National Highway,Average,Rainy,Dawn/Dusk,Bus/Coach,1,Signal Violation,1,0,0,1,2,0,Medium
2021,10,Friday,8,Punjab,Rahim Yar Khan,Urban Road,Average,Clear,Daylight,Bus/Coach,2,Over Speeding,1,0,0,0,0,0,Low
2023,6,Wednesday,13,Punjab,Faisalabad,Motorway,Average,Clear,Daylight,Other,2,Wrong Overtaking,1,0,0,0,3,2,Medium
2022,8,Saturday,18,Punjab,Sargodha,Provincial Highway,Poor,Clear,Daylight,Car/Taxi,3,Pedestrian Error,1,1,0,0,1,0,Low
2023,2,Saturday,19,Sindh,Kashmore,Provincial Highway,Average,Foggy,Daylight,Van/Pickup,1,Wrong Overtaking,1,1,0,1,4,1,Medium
2023,4,Monday,3,Punjab,Multan,National Highway,Good,Foggy,No Light,Motorcycle,1,Over Speeding,0,0,1,0,9,1,High
2023,5,Thursday,18,Sindh,Nawabshah,National Highway,Average,Clear,Daylight,Rickshaw,2,Over Speeding,1,0,0,0,4,1,Medium
2019,1,Tuesday,19,Punjab,Sialkot,Motorway,Good,Clear,Daylight,Motorcycle,2,Wrong Overtaking,1,0,0,1,7,2,High
2018,1,Wednesday,9,KPK,Nowshera,National Highway,Good,Foggy,Daylight,Rickshaw,2,Mechanical Failure,1,0,0,1,1,1,Medium
2019,12,Wednesday,5,Sindh,Sukkur,National Highway,Average,Clear,No Light,Rickshaw,1,Pedestrian Error,0,0,1,1,3,0,Medium
2023,6,Friday,21,Punjab,Gujranwala,Rural Road,Good,Clear,No Light,Motorcycle,2,Over Speeding,0,0,0,0,2,1,Medium
2020,4,Tuesday,11,Punjab,Gujranwala,Urban Road,Poor,Clear,Daylight,Motorcycle,2,Wrong Overtaking,0,0,0,0,2,1,Medium
2021,7,Tuesday,20,Punjab,Multan,National Highway,Under Repair,Clear,Street Light,Car/Taxi,4,Over Speeding,1,0,0,0,1,0,Medium
2021,5,Thursday,15,Sindh,Kashmore,Provincial Highway,Good,Dusty/Smoggy,Daylight,Bicycle,1,Over Speeding,0,0,0,0,3,2,High
2023,8,Tuesday,13,KPK,Dera Ismail Khan,Urban Road,Poor,Clear,Daylight,Motorcycle,1,Pedestrian Error,1,0,0,0,2,0,Low
2020,8,Thursday,12,Punjab,Rahim Yar Khan,Provincial Highway,Good,Foggy,Daylight,Motorcycle,2,Road Condition,1,0,0,0,2,0,Medium
2022,8,Monday,5,KPK,Nowshera,Urban Road,Good,Dusty/Smoggy,Dawn/Dusk,Car/Taxi,2,Over Speeding,0,0,1,0,1,1,Medium
2021,7,Tuesday,21,Punjab,Gujranwala,National Highway,Under Repair,Extreme Heat,No Light,Motorcycle,2,Over Speeding,0,0,0,0,11,3,High
2020,10,Wednesday,15,Punjab,Rawalpindi,National Highway,Good,Clear,Daylight,Motorcycle,3,Wrong Overtaking,0,0,0,0,10,4,High
2019,12,Friday,15,Sindh,Larkana,Motorway,Poor,Foggy,Daylight,Van/Pickup,3,Drunk Driving,0,0,0,1,1,0,Medium
2021,3,Friday,23,Punjab,Faisalabad,Urban Road,Average,Foggy,Street Light,Motorcycle,2,Road Condition,0,0,1,0,6,1,High
2020,12,Thursday,0,KPK,Abbottabad,National Highway,Good,Clear,Street Light,Rickshaw,4,Over Speeding,0,0,1,1,8,1,High
2021,11,Wednesday,12,Islamabad,Islamabad,National Highway,Good,Foggy,Daylight,Car/Taxi,1,Wrong Overtaking,1,0,0,1,3,1,Medium
2023,7,Saturday,21,Punjab,Gujranwala,National Highway,Under Repair,Rainy,No Light,Motorcycle,2,Driver Fatigue,0,1,0,0,11,1,High