year,month,day_of_week,hour_of_day,province,district,road_type,road_condition,weather_condition,lighting_condition,vehicle_type,vehicles_involved,accident_cause,is_rush_hour,is_weekend,is_night,is_foggy_month,num_injured,num_killed,severity
2020,1,Thursday,9,Sindh,Karachi,Provincial Highway,Good,Clear,Daylight,Truck/Lorry,1,Wrong Overtaking,1,0,0,1,1,0,Medium
2022,7,Saturday,15,Islamabad,Islamabad,Motorway,Poor,Clear,Dawn/Dusk,Motorcycle,2,Drunk Driving,0,1,0,0,10,3,High
2023,6,Saturday,13,Punjab,Multan,Urban Road,Good,Clear,Daylight,Rickshaw,1,Wrong Overtaking,1,1,0,0,0,0,Low
2021,12,Saturday,19,Punjab,Gujranwala,National Highway,Poor,Clear,Dawn/Dusk,Motorcycle,2,Weather Condition,1,1,0,1,3,1,High
2022,1,Tuesday,10,Punjab,Gujranwala,Rural Road,Average,Clear,Daylight,Car/Taxi,1,Wrong Overtaking,0,0,0,1,1,0,Low
2020,6,Friday,12,Sindh,Thatta,Urban Road,Good,Dusty/Smoggy,Daylight,Rickshaw,2,Road Condition,1,0,0,0,0,0,Low
2020,10,Sunday,18,KPK,Abbottabad,Provincial Highway,Average,Rainy,Daylight,Motorcycle,2,Driver Fatigue,1,1,0,0,8,2,High
2023,4,Friday,22,KPK,Bannu,National Highway,Poor,Clear,No Light,Car/Taxi,2,Pedestrian Error,0,0,1,0,2,0,Low
2020,12,Monday,7,Sindh,Larkana,Urban Road,Under Repair,Foggy,Daylight,Car/Taxi,4,Mechanical Failure,1,0,0,1,0,0,Low
2020,1,Tuesday,10,KPK,Dera Ismail Khan,National Highway,Average,Rainy,Daylight,Motorcycle,2,Road Condition,0,0,0,1,10,0,High
2019,1,Saturday,8,Punjab,Gujranwala,Rural Road,Average,Extreme Heat,Daylight,Motorcycle,2,Driver Fatigue,1,1,0,1,3,1,High
2022,2,Tuesday,16,Islamabad,Islamabad,National Highway,Average,Rainy,Daylight,Motorcycle,2,Wrong Overtaking,0,0,0,1,7,0,High
2023,6,Sunday,12,Punjab,Faisalabad,National Highway,Average,Foggy,Daylight,Motorcycle,2,Driver Fatigue,1,1,0,0,5,2,High
2020,8,Thursday,17,Punjab,Faisalabad,Provincial Highway,Average,Dusty/Smoggy,Daylight,Motorcycle,1,Wrong Overtaking,1,0,0,0,3,0,Medium
2023,4,Friday,3,Islamabad,Islamabad,Rural Road,Average,Clear,No Light,Motorcycle,2,Driver Fatigue,0,0,1,0,1,0,Medium
2020,12,Tuesday,15,KPK,Bannu,Provincial Highway,Average,Rainy,Daylight,Van/Pickup,2,Pedestrian Error,0,0,0,1,0,0,Low
2023,5,Sunday,17,KPK,Bannu,Rural Road,Poor,Clear,Daylight,Van/Pickup,3,Over Speeding,1,1,0,0,0,0,Low
2020,5,Friday,12,Punjab,Faisalabad,Provincial Highway,Poor,Clear,Street Light,Motorcycle,1,Over Speeding,1,0,0,0,2,2,High
2018,3,Wednesday,22,KPK,Peshawar,National Highway,Good,Rainy,No Light,Car/Taxi,2,Signal Violation,0,0,1,0,2,1,Medium
2018,1,Thursday,15,Sindh,Karachi,Rural Road,Good,Foggy,Daylight,Motorcycle,4,Driver Fatigue,0,0,0,1,2,0,Medium
2021,2,Friday,20,KPK,Bannu,Rural Road,Average,Extreme Heat,Street Light,Motorcycle,2,Over Speeding,1,0,0,1,2,0,High
2023,3,Sunday,8,AJK,Mirpur,Urban Road,Average,Clear,No Light,Motorcycle,2,Pedestrian Error,1,1,0,0,0,1,Low
2018,12,Saturday,14,Punjab,Gujranwala,National Highway,Poor,Clear,Street Light,Car/Taxi,2,Road Condition,0,1,0,1,0,0,Low
2019,5,Monday,20,Sindh,Sukkur,National Highway,Good,Dusty/Smoggy,No Light,Motorcycle,3,Mechanical Failure,1,0,0,0,4,1,Medium
2021,11,Tuesday,13,KPK,Peshawar,Motorway,Average,Clear,Daylight,Motorcycle,2,Road Condition,1,0,0,1,5,2,Medium
2023,6,Thursday,22,Sindh,Larkana,Provincial Highway,Good,Clear,Street Light,Motorcycle,2,Pedestrian Error,0,0,1,0,4,2,High
2023,8,Sunday,18,Punjab,Rawalpindi,Urban Road,Under Repair,Clear,Daylight,Bus/Coach,2,Over Speeding,1,1,0,0,1,2,Medium
2020,6,Sunday,20,Punjab,Gujranwala,Provincial Highway,Good,Rainy,Street Light,Car/Taxi,1,Signal Violation,1,1,0,0,2,0,Low
2019,7,Friday,17,Sindh,Kashmore,Provincial Highway,Poor,Dusty/Smoggy,Daylight,Motorcycle,1,Mobile Phone Use,1,0,0,0,0,0,Low
2018,1,Wednesday,12,Punjab,Bahawalpur,Provincial Highway,Poor,Clear,Daylight,Motorcycle,2,Road Condition,1,0,0,1,0,1,Low
2020,3,Friday,11,Punjab,Sargodha,National Highway,Good,Dusty/Smoggy,Dawn/Dusk,Motorcycle,1,Wrong Overtaking,0,0,0,0,1,1,Medium
2020,1,Wednesday,19,Punjab,Gujranwala,Motorway,Good,Foggy,Dawn/Dusk,Car/Taxi,2,Wrong Overtaking,1,0,0,1,5,0,Medium
2023,12,Sunday,15,Punjab,Rahim Yar Khan,Rural Road,Good,Clear,Daylight,Car/Taxi,1,Driver Fatigue,0,1,0,1,1,0,Low
2023,1,Sunday,7,Punjab,Rawalpindi,Urban Road,Poor,Clear,Street Light,Truck/Lorry,1,Wrong Overtaking,1,1,0,1,1,0,Low
2019,2,Saturday,14,Punjab,Gujranwala,Urban Road,Poor,Clear,Daylight,Motorcycle,2,Signal Violation,0,1,0,1,0,0,Low
2020,7,Monday,10,Balochistan,Quetta,Rural Road,Average,Clear,Daylight,Motorcycle,1,Over Speeding,0,0,0,0,6,1,High
2021,8,Saturday,9,Punjab,Rawalpindi,Rural Road,Good,Clear,Daylight,Motorcycle,1,Over Speeding,1,1,0,0,3,1,High
2022,10,Saturday,10,KPK,Mardan,Rural Road,Average,Foggy,Daylight,Car/Taxi,1,Road Condition,0,1,0,0,1,0,Low
2020,11,Saturday,17,KPK,Peshawar,Urban Road,Under Repair,Rainy,Daylight,Car/Taxi,4,Over Speeding,1,1,0,1,5,1,Medium
2020,10,Saturday,23,Sindh,Mirpur Khas,Rural Road,Poor,Clear,Street Light,Car/Taxi,1,Over Speeding,0,1,1,0,1,2,Medium
2023,12,Monday,18,Punjab,Lahore,Urban Road,Good,Clear,Daylight,Bus/Coach,2,Driver Fatigue,1,0,0,1,4,1,Medium
2019,1,Monday,22,Balochistan,Turbat,Urban Road,Good,Rainy,No Light,Motorcycle,2,Wrong Overtaking,0,0,1,1,3,4,High
2021,11,Thursday,11,Sindh,Karachi,Provincial Highway,Poor,Clear,Daylight,Car/Taxi,2,Mechanical Failure,0,0,0,1,2,0,Low
2022,12,Thursday,10,Punjab,Rahim Yar Khan,Rural Road,Average,Clear,Daylight,Motorcycle,2,Wrong Overtaking,0,0,0,1,2,0,Low
2023,8,Monday,22,Sindh,Thatta,National Highway,Good,Clear,No Light,Car/Taxi,2,Wrong Overtaking,0,0,1,0,7,1,High
2023,5,Wednesday,8,Punjab,Bahawalpur,Rural Road,Good,Clear,Daylight,Car/Taxi,1,Wrong Overtaking,1,0,0,0,2,0,Low
2023,3,Saturday,20,Punjab,Lahore,Provincial Highway,Good,Foggy,Street Light,Car/Taxi,4,Mechanical Failure,1,1,0,0,2,0,Low
2022,12,Wednesday,7,Sindh,Jacobabad,Rural Road,Good,Rainy,Dawn/Dusk,Motorcycle,1,Over Speeding,1,0,0,1,8,1,High
2020,9,Monday,22,Punjab,Rawalpindi,Provincial Highway,Good,Extreme Heat,No Light,Car/Taxi,3,Road Condition,0,0,1,0,0,0,Low
2022,12,Tuesday,21,Sindh,Sukkur,Provincial Highway,Under Repair,Rainy,No Light,Car/Taxi,3,Signal Violation,0,0,0,1,1,1,Medium
2023,2,Saturday,13,Islamabad,Islamabad,Rural Road,Poor,Dusty/Smoggy,Daylight,Van/Pickup,3,Pedestrian Error,1,1,0,1,0,1,Low
2022,1,Wednesday,18,Punjab,Faisalabad,Provincial Highway,Good,Clear,Daylight,Car/Taxi,1,Wrong Overtaking,1,0,0,1,1,0,Low
2022,9,Thursday,13,Punjab,Faisalabad,Provincial Highway,Good,Clear,Daylight,Car/Taxi,1,Signal Violation,1,0,0,0,0,0,Low
2021,7,Wednesday,8,KPK,Dera Ismail Khan,National Highway,Good,Clear,No Light,Motorcycle,2,Wrong Overtaking,1,0,0,0,10,4,High
2023,10,Thursday,10,Sindh,Nawabshah,Rural Road,Good,Foggy,Daylight,Bus/Coach,2,Wrong Overtaking,0,0,0,0,5,1,Medium
2018,7,Tuesday,9,Sindh,Mirpur Khas,Urban Road,Average,Foggy,Dawn/Dusk,Bicycle,4,Over Speeding,1,0,0,0,2,0,Medium
2020,6,Thursday,20,KPK,Mansehra,Urban Road,Under Repair,Dusty/Smoggy,Street Light,Car/Taxi,4,Road Condition,1,0,0,0,1,0,Low
2022,12,Saturday,10,Balochistan,Dera Bugti,Urban Road,Good,Dusty/Smoggy,Daylight,Motorcycle,3,Mechanical Failure,0,1,0,1,2,0,Medium
2021,7,Wednesday,5,Sindh,Sukkur,Urban Road,Good,Clear,Dawn/Dusk,Motorcycle,2,Over Speeding,0,0,1,0,6,4,High
2021,3,Friday,19,Punjab,Sargodha,National Highway,Average,Extreme Heat,Street Light,Car/Taxi,2,Road Condition,1,0,0,0,0,0,Low
2019,1,Wednesday,15,Sindh,Kashmore,National Highway,Poor,Clear,Dawn/Dusk,Car/Taxi,2,Road Condition,0,0,0,1,1,0,Medium
2019,7,Tuesday,19,Sindh,Larkana,Urban Road,Average,Rainy,Street Light,Car/Taxi,2,Over Speeding,1,0,0,0,2,1,Low
2019,12,Sunday,21,Sindh,Hyderabad,Urban Road,Average,Clear,No Light,Bus/Coach,3,Mechanical Failure,0,1,0,1,2,0,Low
2021,1,Monday,18,Punjab,Sargodha,Provincial Highway,Under Repair,Rainy,Daylight,Car/Taxi,3,Road Condition,1,0,0,1,2,1,Low
2023,2,Saturday,19,Sindh,Larkana,Rural Road,Poor,Clear,Dawn/Dusk,Motorcycle,1,Over Speeding,1,1,0,1,10,0,High
2022,6,Tuesday,10,Sindh,Karachi,National Highway,Good,Clear,Daylight,Motorcycle,1,Wrong Overtaking,0,0,0,0,4,0,High
2019,1,Tuesday,23,Punjab,Sheikhupura,Rural Road,Poor,Foggy,Street Light,Van/Pickup,2,Over Speeding,0,0,1,1,10,1,High
2023,12,Monday,12,Balochistan,Quetta,National Highway,Average,Clear,Daylight,Rickshaw,2,Pedestrian Error,1,0,0,1,3,2,Medium
2018,11,Tuesday,17,Balochistan,Quetta,National Highway,Poor,Foggy,Daylight,Motorcycle,2,Signal Violation,1,0,0,1,5,0,High
2020,5,Wednesday,1,KPK,Nowshera,Provincial Highway,Good,Dusty/Smoggy,No Light,Motorcycle,3,Wrong Overtaking,0,0,1,0,3,0,Medium
2023,11,Friday,13,Punjab,Sargodha,Provincial Highway,Average,Clear,Daylight,Motorcycle,1,Mechanical Failure,1,0,0,1,2,0,Medium
2021,2,Saturday,13,Punjab,Sheikhupura,National Highway,Under Repair,Foggy,Dawn/Dusk,Rickshaw,2,Over Speeding,1,1,0,1,5,1,Medium
2021,11,Thursday,8,KPK,Kohat,National Highway,Under Repair,Clear,Daylight,Car/Taxi,1,Mobile Phone Use,1,0,0,1,1,0,Low
2023,4,Wednesday,11,Sindh,Hyderabad,Motorway,Poor,Clear,Street Light,Motorcycle,3,Driver Fatigue,0,0,0,0,8,1,High
2021,9,Tuesday,11,Sindh,Thatta,Rural Road,Average,Clear,Daylight,Bus/Coach,1,Wrong Overtaking,0,0,0,0,2,0,Low
2020,2,Friday,18,Punjab,Rawalpindi,Urban Road,Poor,Clear,Dawn/Dusk,Car/Taxi,2,Mechanical Failure,1,0,0,1,1,0,Low
2023,12,Tuesday,22,Sindh,Mirpur Khas,Urban Road,Average,Clear,No Light,Truck/Lorry,1,Road Condition,0,0,1,1,2,0,Low
2020,8,Thursday,19,Balochistan,Zhob,Provincial Highway,Average,Clear,Daylight,Car/Taxi,2,Road Condition,1,0,0,0,0,0,Low
2021,10,Sunday,19,Punjab,Rawalpindi,Urban Road,Average,Rainy,Dawn/Dusk,Motorcycle,2,Over Speeding,1,1,0,0,4,2,Medium
2022,10,Tuesday,7,Punjab,Sialkot,National Highway,Poor,Clear,Dawn/Dusk,Motorcycle,2,Pedestrian Error,1,0,0,0,1,0,Medium
2021,1,Saturday,15,Sindh,Mirpur Khas,National Highway,Average,Clear,Street Light,Motorcycle,2,Over Speeding,0,1,0,1,7,2,High
2020,6,Saturday,21,KPK,Nowshera,Urban Road,Average,Foggy,Street Light,Car/Taxi,1,Wrong Overtaking,0,1,0,0,5,0,Medium
2021,12,Saturday,17,Punjab,Rahim Yar Khan,Rural Road,Good,Clear,Street Light,Bus/Coach,1,Over Speeding,1,1,0,1,5,0,Medium
2021,7,Saturday,16,Balochistan,Turbat,National Highway,Average,Rainy,Daylight,Bus/Coach,1,Wrong Overtaking,0,1,0,0,3,2,High
2023,3,Thursday,3,Punjab,Bahawalpur,Urban Road,Average,Extreme Heat,No Light,Car/Taxi,2,Weather Condition,0,0,1,0,1,0,Low
2019,10,Monday,17,Balochistan,Zhob,Urban Road,Average,Dusty/Smoggy,Daylight,Truck/Lorry,4,Signal Violation,1,0,0,0,0,0,Low
2019,10,Thursday,12,Punjab,Lahore,Rural Road,Good,Clear,Daylight,Truck/Lorry,2,Mechanical Failure,1,0,0,0,2,0,Low
2019,6,Sunday,9,Punjab,Faisalabad,Motorway,Good,Clear,No Light,Rickshaw,3,Over Speeding,1,1,0,0,1,0,Medium
2019,6,Friday,11,KPK,Abbottabad,Urban Road,Poor,Dusty/Smoggy,Dawn/Dusk,Motorcycle,1,Wrong Overtaking,0,0,0,0,0,0,Low
2020,3,Wednesday,18,Balochistan,Khuzdar,Urban Road,Average,Rainy,Daylight,Car/Taxi,2,Pedestrian Error,1,0,0,0,0,0,Low
2020,9,Thursday,19,AJK,Muzaffarabad,Rural Road,Average,Foggy,Street Light,Motorcycle,2,Pedestrian Error,1,0,0,0,5,0,Medium
2019,10,Tuesday,8,Punjab,Rahim Yar Khan,Rural Road,Good,Dusty/Smoggy,Daylight,Van/Pickup,1,Wrong Overtaking,1,0,0,0,1,0,Low
2018,8,Thursday,5,Sindh,Sukkur,National Highway,Good,Clear,Daylight,Rickshaw,2,Wrong Overtaking,0,0,1,0,5,0,Medium
2020,8,Thursday,19,Punjab,Gujranwala,Provincial Highway,Good,Clear,Street Light,Motorcycle,3,Drunk Driving,1,0,0,0,3,0,Medium
2022,5,Tuesday,19,Punjab,Sheikhupura,Provincial Highway,Good,Clear,Dawn/Dusk,Motorcycle,2,Pedestrian Error,1,0,0,0,2,2,Medium
2023,3,Thursday,12,Punjab,Sialkot,National Highway,Average,Clear,Daylight,Car/Taxi,1,Wrong Overtaking,1,0,0,0,1,0,Low
2023,12,Saturday,4,Punjab,Sheikhupura,National Highway,Average,Clear,Street Light,Bus/Coach,3,Over Speeding,0,1,1,1,3,1,High
2019,12,Wednesday,17,Balochistan,Khuzdar,National Highway,Average,Clear,Daylight,Car/Taxi,1,Over Speeding,1,0,0,1,10,2,High
2023,6,Tuesday,15,Punjab,Sheikhupura,Urban Road,Good,Foggy,Daylight,Motorcycle,4,Driver Fatigue,0,0,0,0,4,2,High
2020,3,Sunday,11,Sindh,Larkana,National Highway,Good,Clear,Daylight,Motorcycle,2,Driver Fatigue,0,1,0,0,10,1,High
2023,5,Tuesday,9,Sindh,Jacobabad,Provincial Highway,Poor,Foggy,Dawn/Dusk,Rickshaw,2,Weather Condition,1,0,0,0,5,1,Medium
2020,11,Saturday,8,Punjab,Lahore,Motorway,Under Repair,Clear,Daylight,Motorcycle,2,Wrong Overtaking,1,1,0,1,8,1,High
2023,1,Tuesday,17,Gilgit-Baltistan,Skardu,Urban Road,Under Repair,Rainy,Daylight,Rickshaw,3,Over Speeding,1,0,0,1,4,0,Medium
2019,10,Thursday,7,Punjab,Rawalpindi,Provincial Highway,Good,Foggy,Daylight,Truck/Lorry,3,Road Condition,1,0,0,0,2,0,Low
2021,6,Sunday,11,Balochistan,Gwadar,Urban Road,Average,Foggy,Daylight,Motorcycle,1,Pedestrian Error,0,1,0,0,5,0,Medium
2022,11,Wednesday,22,Islamabad,Islamabad,National Highway,Good,Clear,Street Light,Car/Taxi,2,Wrong Overtaking,0,0,1,1,5,0,Medium
2023,1,Monday,13,Islamabad,Islamabad,National Highway,Average,Foggy,Daylight,Motorcycle,2,Mechanical Failure,1,0,0,1,6,0,High
2023,1,Monday,16,KPK,Charsadda,Provincial Highway,Average,Extreme Heat,Dawn/Dusk,Car/Taxi,3,Over Speeding,0,0,0,1,2,0,Low
2022,8,Tuesday,13,Punjab,Lahore,National Highway,Average,Clear,No Light,Motorcycle,2,Over Speeding,1,0,0,0,4,0,High
2022,1,Sunday,0,Punjab,Sargodha,Provincial Highway,Poor,Foggy,Street Light,Rickshaw,1,Over Speeding,0,1,1,1,1,0,Medium
2023,11,Saturday,18,Sindh,Larkana,Rural Road,Average,Clear,Daylight,Motorcycle,2,Pedestrian Error,1,1,0,1,1,0,Low
2022,7,Tuesday,16,Punjab,Rawalpindi,Provincial Highway,Poor,Extreme Heat,Dawn/Dusk,Bus/Coach,2,Over Speeding,0,0,0,0,6,3,High
2020,12,Monday,7,KPK,Charsadda,National Highway,Poor,Clear,Daylight,Motorcycle,1,Road Condition,1,0,0,1,5,0,Medium
2018,11,Thursday,17,KPK,Kohat,National Highway,Poor,Clear,Street Light,Motorcycle,2,Wrong Overtaking,1,0,0,1,5,2,Medium
2019,5,Friday,20,Punjab,Sialkot,Provincial Highway,Poor,Foggy,Street Light,Motorcycle,3,Over Speeding,1,0,0,0,8,1,High
2018,12,Friday,21,Punjab,Faisalabad,Provincial Highway,Good,Clear,No Light,Bus/Coach,2,Wrong Overtaking,0,0,0,1,1,0,Medium
2023,7,Friday,8,Punjab,Lahore,Urban Road,Good,Clear,Daylight,Car/Taxi,2,Road Condition,1,0,0,0,1,1,Low
2018,1,Saturday,20,Sindh,Jacobabad,Rural Road,Good,Rainy,Street Light,Car/Taxi,2,Mechanical Failure,1,1,0,1,1,1,Low
2022,1,Tuesday,16,Punjab,Bahawalpur,National Highway,Average,Clear,Daylight,Bus/Coach,2,Signal Violation,0,0,0,1,2,1,Medium
2023,6,Sunday,21,Sindh,Sukkur,Urban Road,Good,Foggy,Street Light,Car/Taxi,2,Over Speeding,0,1,0,0,2,1,Low
2019,12,Sunday,8,KPK,Mansehra,Urban Road,Average,Foggy,Street Light,Truck/Lorry,2,Mobile Phone Use,1,1,0,1,2,0,Medium
2021,8,Saturday,10,Punjab,Lahore,Provincial Highway,Good,Dusty/Smoggy,Daylight,Rickshaw,2,Road Condition,0,1,0,0,1,0,Low
2020,10,Thursday,21,Sindh,Larkana,National Highway,Good,Clear,Street Light,Motorcycle,1,Over Speeding,0,0,0,0,2,2,High
2021,7,Thursday,0,Sindh,Hyderabad,Urban Road,Poor,Foggy,Street Light,Motorcycle,2,Road Condition,0,0,1,0,1,0,Medium
2019,9,Saturday,13,Sindh,Karachi,National Highway,Good,Clear,Daylight,Car/Taxi,1,Drunk Driving,1,1,0,0,2,0,Medium
2020,2,Saturday,11,Islamabad,Islamabad,Provincial Highway,Good,Rainy,Daylight,Car/Taxi,1,Signal Violation,0,1,0,1,5,1,Medium
2023,4,Sunday,18,Punjab,Rawalpindi,Provincial Highway,Poor,Clear,Daylight,Motorcycle,4,Over Speeding,1,1,0,0,9,2,High
2021,11,Sunday,14,Punjab,Faisalabad,Urban Road,Poor,Clear,Daylight,Rickshaw,2,Road Condition,0,1,0,1,1,1,Low
2023,2,Tuesday,9,Balochistan,Hub,Urban Road,Average,Clear,Dawn/Dusk,Car/Taxi,2,Over Speeding,1,0,0,1,3,0,Medium
2020,5,Monday,17,Punjab,Sheikhupura,National Highway,Poor,Clear,Daylight,Motorcycle,3,Pedestrian Error,1,0,0,0,3,1,Medium
2021,5,Friday,8,Sindh,Thatta,Urban Road,Poor,Foggy,Daylight,Car/Taxi,2,Mechanical Failure,1,0,0,0,1,0,Low
2018,1,Sunday,12,KPK,Mardan,Urban Road,Poor,Foggy,Daylight,Rickshaw,2,Road Condition,1,1,0,1,1,0,Low
2019,1,Wednesday,22,KPK,Nowshera,Urban Road,Poor,Foggy,Street Light,Motorcycle,2,Pedestrian Error,0,0,1,1,5,0,Medium
2023,12,Wednesday,18,Punjab,Rawalpindi,National Highway,Good,Rainy,Daylight,Bus/Coach,2,Signal Violation,1,0,0,1,7,0,High
2019,5,Sunday,3,Sindh,Nawabshah,Motorway,Under Repair,Foggy,Street Light,Motorcycle,1,Drunk Driving,0,1,1,0,10,1,High
2022,5,Saturday,1,Punjab,Sheikhupura,National Highway,Average,Rainy,No Light,Bus/Coach,1,Over Speeding,0,1,1,0,11,3,High
2018,7,Saturday,6,Sindh,Sukkur,Rural Road,Average,Foggy,Daylight,Motorcycle,2,Drunk Driving,0,1,0,0,4,2,High
2022,12,Sunday,8,Sindh,Kashmore,National Highway,Poor,Dusty/Smoggy,Daylight,Car/Taxi,1,Signal Violation,1,1,0,1,1,0,Medium
2018,5,Thursday,9,Sindh,Kashmore,National Highway,Average,Clear,Daylight,Rickshaw,1,Mechanical Failure,1,0,0,0,0,0,Low
2022,11,Friday,10,Sindh,Hyderabad,National Highway,Good,Clear,Daylight,Motorcycle,2,Drunk Driving,0,0,0,1,11,1,High
2023,12,Thursday,19,Punjab,Faisalabad,National Highway,Under Repair,Clear,Dawn/Dusk,Car/Taxi,2,Signal Violation,1,0,0,1,4,1,Medium
2022,11,Saturday,14,Punjab,Gujranwala,Rural Road,Poor,Rainy,Daylight,Van/Pickup,1,Mobile Phone Use,0,1,0,1,1,0,Low
2019,1,Tuesday,19,Punjab,Sialkot,Urban Road,Poor,Clear,Dawn/Dusk,Van/Pickup,2,Over Speeding,1,0,0,1,5,2,Medium
2023,7,Saturday,0,Punjab,Multan,Provincial Highway,Average,Clear,Street Light,Rickshaw,3,Signal Violation,0,1,1,0,3,2,Medium
2021,3,Tuesday,18,KPK,Mansehra,Rural Road,Average,Clear,Daylight,Motorcycle,2,Mechanical Failure,1,0,0,0,2,0,Low
2023,5,Tuesday,8,Sindh,Larkana,Provincial Highway,Good,Clear,Daylight,Bicycle,2,Over Speeding,1,0,0,0,4,1,Medium
2022,12,Saturday,13,Punjab,Gujranwala,Provincial Highway,Good,Foggy,Dawn/Dusk,Car/Taxi,3,Mobile Phone Use,1,1,0,1,1,0,Low
2020,8,Friday,17,Balochistan,Loralai,National Highway,Poor,Foggy,Daylight,Car/Taxi,2,Driver Fatigue,1,0,0,0,11,1,High
2023,6,Sunday,7,Sindh,Nawabshah,Rural Road,Good,Clear,Daylight,Motorcycle,1,Driver Fatigue,1,1,0,0,6,1,High
2020,6,Tuesday,14,Punjab,Faisalabad,Motorway,Good,Clear,Daylight,Motorcycle,2,Signal Violation,0,0,0,0,8,2,High
2021,3,Saturday,11,Punjab,Sheikhupura,National Highway,Poor,Rainy,Daylight,Truck/Lorry,2,Wrong Overtaking,0,1,0,0,4,1,High
2022,2,Tuesday,18,Sindh,Kashmore,Motorway,Poor,Clear,Dawn/Dusk,Van/Pickup,1,Over Speeding,1,0,0,1,8,3,High
2023,5,Thursday,14,Punjab,Gujranwala,National Highway,Good,Clear,Daylight,Car/Taxi,1,Over Speeding,0,0,0,0,4,1,Medium
2022,5,Thursday,12,Balochistan,Sibi,Urban Road,Poor,Clear,Daylight,Motorcycle,1,Driver Fatigue,1,0,0,0,1,0,Medium
2020,2,Monday,11,Sindh,Mirpur Khas,National Highway,Good,Dusty/Smoggy,Daylight,Rickshaw,2,Pedestrian Error,0,0,0,1,2,0,Low
2022,1,Saturday,2,Balochistan,Khuzdar,National Highway,Good,Clear,Street Light,Motorcycle,1,Mechanical Failure,0,1,1,1,5,1,High
2023,3,Saturday,22,Punjab,Sargodha,Motorway,Good,Clear,Street Light,Motorcycle,3,Wrong Overtaking,0,1,1,0,9,3,High
2021,1,Friday,8,KPK,Charsadda,Provincial Highway,Poor,Rainy,Daylight,Car/Taxi,1,Over Speeding,1,0,0,1,7,1,High
2021,7,Friday,4,Balochistan,Hub,Provincial Highway,Good,Clear,No Light,Motorcycle,3,Mechanical Failure,0,0,1,0,3,1,Medium
2020,8,Monday,16,Punjab,Sheikhupura,Urban Road,Good,Clear,Daylight,Rickshaw,3,Mechanical Failure,0,0,0,0,2,0,Low
2021,5,Thursday,19,Punjab,Rawalpindi,National Highway,Good,Clear,Dawn/Dusk,Car/Taxi,1,Signal Violation,1,0,0,0,2,1,Medium
2022,9,Saturday,16,Sindh,Thatta,National Highway,Poor,Rainy,Daylight,Motorcycle,2,Signal Violation,0,1,0,0,8,2,High
2023,3,Saturday,22,Islamabad,Islamabad,Rural Road,Average,Clear,Street Light,Motorcycle,1,Over Speeding,0,1,1,0,3,0,High
2018,11,Thursday,18,Sindh,Hyderabad,Rural Road,Good,Clear,Daylight,Motorcycle,1,Road Condition,1,0,0,1,5,0,Medium
2021,2,Thursday,12,Sindh,Kashmore,Provincial Highway,Poor,Dusty/Smoggy,Daylight,Truck/Lorry,4,Wrong Overtaking,1,0,0,1,1,0,Low
2022,12,Tuesday,8,KPK,Peshawar,Urban Road,Average,Foggy,Daylight,Bus/Coach,2,Road Condition,1,0,0,1,2,0,Low
2021,2,Thursday,15,Punjab,Sargodha,Provincial Highway,Good,Clear,Daylight,Car/Taxi,1,Road Condition,0,0,0,1,2,1,Low
2018,1,Wednesday,9,Sindh,Kashmore,Rural Road,Under Repair,Clear,Daylight,Truck/Lorry,2,Signal Violation,1,0,0,1,0,0,Low
2018,5,Friday,20,Punjab,Gujranwala,Urban Road,Poor,Rainy,No Light,Rickshaw,4,Over Speeding,1,0,0,0,3,0,Medium
2022,8,Sunday,18,Punjab,Sargodha,National Highway,Average,Foggy,Daylight,Motorcycle,1,Mobile Phone Use,1,1,0,0,5,3,High
2023,7,Friday,17,KPK,Abbottabad,Urban Road,Average,Clear,Daylight,Car/Taxi,2,Signal Violation,1,0,0,0,2,0,Low
2022,1,Friday,19,Sindh,Sukkur,Provincial Highway,Good,Foggy,Dawn/Dusk,Motorcycle,3,Signal Violation,1,0,0,1,9,1,High
2019,4,Wednesday,18,Gilgit-Baltistan,Gilgit,Provincial Highway,Average,Clear,Daylight,Car/Taxi,1,Over Speeding,1,0,0,0,3,0,Medium
2020,5,Saturday,20,Punjab,Lahore,Urban Road,Average,Dusty/Smoggy,Street Light,Truck/Lorry,2,Over Speeding,1,1,0,0,1,0,Medium
2019,4,Saturday,12,Punjab,Rawalpindi,National Highway,Average,Clear,Daylight,Motorcycle,1,Over Speeding,1,1,0,0,8,1,High
2023,7,Friday,9,KPK,Peshawar,Urban Road,Good,Clear,Dawn/Dusk,Motorcycle,1,Over Speeding,1,0,0,0,5,1,High
2019,8,Monday,16,Punjab,Multan,Rural Road,Average,Clear,Street Light,Car/Taxi,1,Wrong Overtaking,0,0,0,0,1,0,Low
2022,5,Thursday,21,Punjab,Rahim Yar Khan,Rural Road,Good,Rainy,Street Light,Rickshaw,1,Over Speeding,0,0,0,0,1,0,Medium
2019,2,Friday,23,Sindh,Mirpur Khas,Urban Road,Poor,Extreme Heat,Street Light,Rickshaw,4,Mobile Phone Use,0,0,1,1,2,0,Low
2022,4,Thursday,19,Punjab,Rahim Yar Khan,Urban Road,Good,Clear,No Light,Motorcycle,1,Over Speeding,1,0,0,0,10,0,High
2022,3,Thursday,5,AJK,Rawalakot,National Highway,Average,Foggy,Street Light,Motorcycle,3,Road Condition,0,0,1,0,2,2,High
2021,8,Thursday,10,Sindh,Dadu,Provincial Highway,Under Repair,Foggy,Daylight,Bus/Coach,2,Signal Violation,0,0,0,0,2,2,Medium
2020,4,Sunday,23,Balochistan,Quetta,National Highway,Poor,Foggy,No Light,Motorcycle,1,Signal Violation,0,1,1,0,2,1,High