year,month,day_of_week,hour_of_day,province,district,road_type,road_condition,weather_condition,lighting_condition,vehicle_type,vehicles_involved,accident_cause,is_rush_hour,is_weekend,is_night,is_foggy_month,num_injured,num_killed,severity
2022,2,Sunday,14,Balochistan,Chaman,Rural Road,Average,Extreme Heat,Daylight,Motorcycle,1,Drunk Driving,0,1,0,1,2,0,Medium
2020,1,Thursday,15,Punjab,Multan,Urban Road,Average,Clear,Daylight,Motorcycle,2,Over Speeding,0,0,0,1,5,0,Medium
2019,7,Thursday,8,KPK,Swat,Provincial Highway,Average,Clear,Daylight,Car/Taxi,2,Wrong Overtaking,1,0,0,0,4,0,Medium
2019,6,Sunday,5,Punjab,Lahore,Rural Road,Good,Clear,No Light,Rickshaw,2,Signal Violation,0,1,1,0,0,0,Low
2022,6,Monday,16,Punjab,Bahawalpur,Urban Road,Good,Foggy,Daylight,Truck/Lorry,1,Over Speeding,0,0,0,0,5,0,Medium
2020,8,Tuesday,9,Balochistan,Hub,Provincial Highway,Good,Rainy,Daylight,Van/Pickup,1,Pedestrian Error,1,0,0,0,1,0,Low
2019,12,Monday,13,Punjab,Rawalpindi,Urban Road,Poor,Clear,Street Light,Motorcycle,2,Over Speeding,1,0,0,1,2,1,Medium
2023,3,Sunday,14,Punjab,Gujranwala,Urban Road,Under Repair,Clear,Daylight,Bus/Coach,3,Over Speeding,0,1,0,0,0,0,Low
2023,7,Saturday,9,Punjab,Sargodha,National Highway,Average,Clear,Daylight,Truck/Lorry,2,Drunk Driving,1,1,0,0,4,1,High
2020,9,Saturday,18,Punjab,Sheikhupura,Rural Road,Good,Rainy,Daylight,Bus/Coach,2,Pedestrian Error,1,1,0,0,1,2,Medium
2018,12,Sunday,19,Sindh,Dadu,Urban Road,Poor,Foggy,Street Light,Motorcycle,4,Signal Violation,1,1,0,1,5,0,Medium
2022,6,Wednesday,18,Sindh,Jacobabad,National Highway,Good,Clear,Daylight,Bicycle,2,Mechanical Failure,1,0,0,0,3,1,Medium
2023,9,Saturday,13,Punjab,Sheikhupura,Urban Road,Good,Rainy,Daylight,Motorcycle,2,Signal Violation,1,1,0,0,9,0,High
2021,2,Thursday,14,Balochistan,Sibi,Rural Road,Poor,Clear,Daylight,Rickshaw,1,Wrong Overtaking,0,0,0,1,0,0,Low
2021,1,Friday,17,Punjab,Rawalpindi,Urban Road,Good,Clear,Daylight,Motorcycle,1,Wrong Overtaking,1,0,0,1,2,1,Medium
2020,2,Wednesday,16,Punjab,Gujranwala,Motorway,Average,Rainy,Daylight,Motorcycle,1,Weather Condition,0,0,0,1,2,2,Medium
2022,3,Saturday,18,Punjab,Faisalabad,Provincial Highway,Poor,Dusty/Smoggy,Daylight,Car/Taxi,2,Over Speeding,1,1,0,0,2,0,Low
2018,3,Saturday,20,KPK,Dera Ismail Khan,Provincial Highway,Average,Dusty/Smoggy,Street Light,Motorcycle,4,Over Speeding,1,1,0,0,4,1,High
2022,10,Thursday,11,Sindh,Mirpur Khas,Rural Road,Average,Clear,Daylight,Bicycle,2,Over Speeding,0,0,0,0,6,2,High
2022,3,Friday,9,Islamabad,Islamabad,Provincial Highway,Good,Foggy,Daylight,Car/Taxi,1,Driver Fatigue,1,0,0,0,1,1,Medium
2020,11,Monday,21,KPK,Nowshera,National Highway,Under Repair,Dusty/Smoggy,Street Light,Bus/Coach,1,Pedestrian Error,0,0,0,1,0,0,Low
2021,7,Wednesday,4,Punjab,Gujranwala,National Highway,Under Repair,Clear,No Light,Rickshaw,1,Signal Violation,0,0,1,0,3,0,Medium
2019,12,Saturday,6,Punjab,Bahawalpur,Urban Road,Average,Clear,Daylight,Motorcycle,3,Over Speeding,0,1,0,1,4,0,Medium
2022,7,Friday,17,Sindh,Kashmore,Urban Road,Average,Clear,Daylight,Motorcycle,3,Over Speeding,1,0,0,0,3,0,Medium
2021,10,Monday,20,KPK,Mardan,Rural Road,Good,Clear,No Light,Rickshaw,2,Road Condition,1,0,0,0,1,0,Low
2018,6,Thursday,20,Punjab,Sialkot,National Highway,Under Repair,Clear,No Light,Truck/Lorry,1,Signal Violation,1,0,0,0,4,1,High
2020,11,Sunday,1,Sindh,Kashmore,Urban Road,Average,Clear,Street Light,Motorcycle,3,Driver Fatigue,0,1,1,1,10,3,High
2018,1,Tuesday,18,Balochistan,Zhob,Rural Road,Good,Rainy,Daylight,Van/Pickup,1,Pedestrian Error,1,0,0,1,0,0,Low
2023,12,Sunday,19,KPK,Swat,Rural Road,Good,Clear,Dawn/Dusk,Motorcycle,1,Over Speeding,1,1,0,1,3,1,Medium
2018,12,Thursday,11,KPK,Peshawar,National Highway,Good,Clear,Daylight,Motorcycle,1,Wrong Overtaking,0,0,0,1,9,2,High
2021,2,Tuesday,16,KPK,Mansehra,Rural Road,Good,Foggy,Daylight,Car/Taxi,1,Over Speeding,0,0,0,1,3,0,Medium
2023,6,Tuesday,12,Punjab,Sheikhupura,Rural Road,Poor,Clear,Street Light,Rickshaw,2,Over Speeding,1,0,0,0,0,0,Low
2022,9,Tuesday,22,Punjab,Lahore,Urban Road,Average,Extreme Heat,Street Light,Motorcycle,3,Wrong Overtaking,0,0,1,0,4,1,Medium
2018,1,Wednesday,8,Punjab,Sialkot,Motorway,Poor,Rainy,Daylight,Rickshaw,2,Mobile Phone Use,1,0,0,1,0,0,Low
2018,12,Sunday,19,Punjab,Multan,Provincial Highway,Poor,Rainy,No Light,Car/Taxi,1,Road Condition,1,1,0,1,0,1,Low
2023,12,Saturday,17,Balochistan,Sibi,Rural Road,Poor,Clear,Daylight,Car/Taxi,1,Signal Violation,1,1,0,1,2,0,Low
2018,7,Saturday,14,Punjab,Sheikhupura,National Highway,Average,Dusty/Smoggy,Daylight,Bus/Coach,2,Over Speeding,0,1,0,0,3,3,High
2022,6,Friday,23,KPK,Nowshera,Provincial Highway,Average,Clear,No Light,Car/Taxi,4,Over Speeding,0,0,1,0,10,3,High
2023,6,Monday,7,KPK,Peshawar,Provincial Highway,Good,Rainy,Daylight,Bus/Coach,1,Drunk Driving,1,0,0,0,4,2,Medium
2020,11,Monday,14,Sindh,Sukkur,Provincial Highway,Average,Clear,Daylight,Motorcycle,1,Mechanical Failure,0,0,0,1,1,0,Medium
2021,7,Tuesday,18,Sindh,Karachi,National Highway,Good,Clear,Daylight,Bus/Coach,3,Wrong Overtaking,1,0,0,0,4,0,Medium
2023,2,Tuesday,14,Sindh,Mirpur Khas,Provincial Highway,Poor,Clear,Dawn/Dusk,Rickshaw,2,Wrong Overtaking,0,0,0,1,0,0,Low
2020,7,Saturday,15,Punjab,Sargodha,Motorway,Good,Clear,Daylight,Motorcycle,2,Over Speeding,0,1,0,0,9,0,High
2022,10,Sunday,15,Balochistan,Hub,Urban Road,Good,Clear,Daylight,Motorcycle,1,Wrong Overtaking,0,1,0,0,3,0,Medium
2022,11,Wednesday,7,Punjab,Rawalpindi,Motorway,Good,Clear,Daylight,Car/Taxi,2,Over Speeding,1,0,0,1,2,1,High
2023,2,Monday,7,Punjab,Gujranwala,Urban Road,Poor,Clear,Daylight,Motorcycle,2,Over Speeding,1,0,0,1,5,0,Medium
2023,2,Sunday,7,Sindh,Dadu,Provincial Highway,Poor,Dusty/Smoggy,No Light,Motorcycle,2,Mechanical Failure,1,1,0,1,0,0,Low
2021,12,Tuesday,22,Punjab,Rawalpindi,Provincial Highway,Average,Clear,No Light,Car/Taxi,4,Over Speeding,0,0,1,1,5,0,Medium
2021,9,Monday,7,Punjab,Rahim Yar Khan,National Highway,Good,Clear,Daylight,Motorcycle,4,Over Speeding,1,0,0,0,8,1,High
2020,6,Sunday,14,Gilgit-Baltistan,Skardu,Provincial Highway,Good,Clear,Daylight,Car/Taxi,2,Signal Violation,0,1,0,0,5,0,Medium
2019,6,Tuesday,19,KPK,Mardan,Rural Road,Good,Rainy,Dawn/Dusk,Motorcycle,3,Wrong Overtaking,1,0,0,0,6,0,High
2023,2,Friday,8,Balochistan,Gwadar,National Highway,Average,Clear,Daylight,Motorcycle,1,Pedestrian Error,1,0,0,1,10,3,High
2019,9,Sunday,11,Punjab,Sargodha,Rural Road,Good,Foggy,Street Light,Motorcycle,1,Wrong Overtaking,0,1,0,0,1,0,Medium
2021,7,Thursday,20,Punjab,Sheikhupura,Urban Road,Good,Foggy,No Light,Motorcycle,1,Signal Violation,1,0,0,0,7,1,High
2020,5,Thursday,22,KPK,Swat,Urban Road,Average,Dusty/Smoggy,Street Light,Bus/Coach,1,Drunk Driving,0,0,1,0,2,1,Medium
2023,6,Tuesday,21,KPK,Dera Ismail Khan,Urban Road,Under Repair,Clear,Street Light,Bus/Coach,1,Wrong Overtaking,0,0,0,0,2,0,Low
2023,9,Monday,21,Sindh,Sukkur,National Highway,Average,Clear,No Light,Bus/Coach,3,Wrong Overtaking,0,0,0,0,4,0,Medium
2022,11,Sunday,20,Balochistan,Loralai,National Highway,Poor,Dusty/Smoggy,Street Light,Motorcycle,1,Signal Violation,1,1,0,1,5,0,Medium
2022,6,Sunday,17,Islamabad,Islamabad,Rural Road,Average,Rainy,Daylight,Rickshaw,1,Signal Violation,1,1,0,0,1,0,Low
2021,7,Thursday,23,Sindh,Hyderabad,Provincial Highway,Poor,Clear,No Light,Motorcycle,3,Signal Violation,0,0,1,0,6,2,High
2018,2,Monday,1,Punjab,Multan,Provincial Highway,Average,Rainy,No Light,Motorcycle,2,Mechanical Failure,0,0,1,1,5,0,Medium
2019,1,Friday,19,Sindh,Mirpur Khas,National Highway,Poor,Rainy,Street Light,Van/Pickup,1,Drunk Driving,1,0,0,1,2,1,Medium
2022,7,Thursday,16,AJK,Rawalakot,Provincial Highway,Good,Clear,Daylight,Truck/Lorry,2,Over Speeding,0,0,0,0,4,1,Medium
2022,6,Tuesday,19,Punjab,Gujranwala,National Highway,Average,Dusty/Smoggy,Dawn/Dusk,Motorcycle,3,Over Speeding,1,0,0,0,9,2,High
2022,1,Wednesday,4,Sindh,Hyderabad,National Highway,Good,Clear,Street Light,Car/Taxi,3,Signal Violation,0,0,1,1,5,3,High
2022,5,Monday,18,KPK,Charsadda,Urban Road,Good,Rainy,Daylight,Bicycle,2,Wrong Overtaking,1,0,0,0,5,1,Medium
2018,11,Sunday,1,Punjab,Gujranwala,National Highway,Average,Clear,No Light,Car/Taxi,2,Wrong Overtaking,0,1,1,1,3,2,Medium
2021,11,Friday,11,Sindh,Thatta,National Highway,Under Repair,Dusty/Smoggy,Dawn/Dusk,Motorcycle,2,Driver Fatigue,0,0,0,1,11,0,High
2023,7,Friday,11,Punjab,Rawalpindi,Urban Road,Poor,Foggy,Street Light,Motorcycle,2,Mobile Phone Use,0,0,0,0,2,0,Low
2020,9,Wednesday,23,Balochistan,Turbat,Urban Road,Good,Clear,Street Light,Rickshaw,3,Over Speeding,0,0,1,0,3,1,Medium
2023,1,Wednesday,6,KPK,Bannu,National Highway,Poor,Rainy,Dawn/Dusk,Bus/Coach,2,Road Condition,0,0,0,1,4,2,Medium
2018,5,Thursday,18,KPK,Kohat,Motorway,Average,Foggy,Daylight,Van/Pickup,2,Wrong Overtaking,1,0,0,0,5,0,Medium
2021,1,Monday,13,Punjab,Bahawalpur,Rural Road,Poor,Clear,Daylight,Car/Taxi,1,Mechanical Failure,1,0,0,1,2,0,Low
2021,12,Thursday,17,Punjab,Rahim Yar Khan,National Highway,Average,Rainy,Daylight,Van/Pickup,1,Signal Violation,1,0,0,1,3,0,Medium
2020,2,Sunday,8,Balochistan,Hub,Motorway,Average,Dusty/Smoggy,Daylight,Motorcycle,2,Over Speeding,1,1,0,1,10,1,High
2023,9,Monday,8,Punjab,Sialkot,Provincial Highway,Good,Clear,Daylight,Bus/Coach,3,Mobile Phone Use,1,0,0,0,2,0,Medium
2021,11,Friday,20,Punjab,Faisalabad,National Highway,Good,Rainy,No Light,Bus/Coach,4,Drunk Driving,1,0,0,1,8,1,High
2023,5,Thursday,6,Punjab,Lahore,Provincial Highway,Average,Foggy,Daylight,Bus/Coach,3,Signal Violation,0,0,0,0,8,1,High
2018,7,Friday,22,Sindh,Hyderabad,Rural Road,Average,Dusty/Smoggy,No Light,Bus/Coach,2,Over Speeding,0,0,1,0,2,2,High
2023,2,Sunday,12,Punjab,Faisalabad,National Highway,Good,Clear,Daylight,Motorcycle,2,Wrong Overtaking,1,1,0,1,1,2,Medium
2020,4,Saturday,20,Sindh,Dadu,Urban Road,Average,Foggy,Street Light,Car/Taxi,3,Road Condition,1,1,0,0,2,0,Low
2019,10,Friday,15,KPK,Nowshera,Urban Road,Average,Clear,Daylight,Bus/Coach,1,Signal Violation,0,0,0,0,4,1,Medium
2021,3,Sunday,20,Sindh,Mirpur Khas,Provincial Highway,Good,Foggy,Street Light,Motorcycle,3,Pedestrian Error,1,1,0,0,1,0,Medium
2020,5,Tuesday,6,Balochistan,Sibi,Provincial Highway,Average,Clear,No Light,Truck/Lorry,2,Wrong Overtaking,0,0,0,0,0,0,Low
2020,6,Sunday,0,Punjab,Bahawalpur,Provincial Highway,Good,Foggy,Street Light,Van/Pickup,3,Signal Violation,0,1,1,0,9,0,High
2018,2,Monday,15,Sindh,Kashmore,National Highway,Average,Clear,Daylight,Bicycle,4,Signal Violation,0,0,0,1,4,1,Medium
2023,9,Saturday,6,Punjab,Sargodha,National Highway,Good,Clear,Daylight,Motorcycle,2,Over Speeding,0,1,0,0,3,2,High
2022,6,Thursday,1,Balochistan,Hub,National Highway,Good,Clear,Street Light,Motorcycle,2,Signal Violation,0,0,1,0,10,2,High
2020,8,Friday,21,Islamabad,Islamabad,Provincial Highway,Good,Clear,No Light,Motorcycle,2,Over Speeding,0,0,0,0,5,0,Medium
2019,6,Friday,7,Punjab,Bahawalpur,Rural Road,Good,Clear,Daylight,Motorcycle,1,Pedestrian Error,1,0,0,0,3,0,Medium
2023,10,Friday,19,Punjab,Rahim Yar Khan,Provincial Highway,Average,Clear,No Light,Motorcycle,2,Pedestrian Error,1,0,0,0,3,0,Medium
2022,9,Monday,16,Punjab,Gujranwala,Provincial Highway,Good,Dusty/Smoggy,Daylight,Car/Taxi,1,Pedestrian Error,0,0,0,0,0,0,Low
2023,3,Friday,16,Balochistan,Hub,Rural Road,Good,Clear,Daylight,Car/Taxi,2,Signal Violation,0,0,0,0,0,1,Low
2023,9,Friday,11,KPK,Kohat,Provincial Highway,Poor,Rainy,Daylight,Car/Taxi,3,Wrong Overtaking,0,0,0,0,2,0,Low
2021,12,Sunday,14,Balochistan,Turbat,National Highway,Poor,Extreme Heat,Daylight,Motorcycle,2,Over Speeding,0,1,0,1,2,0,High
2020,12,Wednesday,18,Punjab,Sheikhupura,National Highway,Average,Clear,Daylight,Car/Taxi,3,Driver Fatigue,1,0,0,1,5,2,Medium
2018,11,Thursday,12,Sindh,Kashmore,Motorway,Good,Clear,Dawn/Dusk,Car/Taxi,3,Over Speeding,1,0,0,1,5,0,Medium
2019,11,Friday,13,KPK,Mansehra,National Highway,Average,Clear,Daylight,Motorcycle,3,Wrong Overtaking,1,0,0,1,5,1,High
2022,3,Wednesday,10,Balochistan,Turbat,Rural Road,Average,Dusty/Smoggy,Street Light,Truck/Lorry,4,Over Speeding,0,0,0,0,2,0,Medium
2022,7,Sunday,21,Punjab,Lahore,Urban Road,Average,Clear,Street Light,Motorcycle,4,Signal Violation,0,1,0,0,1,0,Low
2022,6,Friday,10,Punjab,Multan,National Highway,Average,Foggy,Daylight,Car/Taxi,2,Driver Fatigue,0,0,0,0,11,0,High
2020,2,Wednesday,19,Balochistan,Gwadar,Provincial Highway,Poor,Clear,Dawn/Dusk,Truck/Lorry,1,Signal Violation,1,0,0,1,3,2,Medium
2020,12,Thursday,17,Punjab,Gujranwala,Rural Road,Average,Foggy,Daylight,Motorcycle,3,Signal Violation,1,0,0,1,4,0,Medium
2019,5,Saturday,19,Sindh,Larkana,Provincial Highway,Poor,Dusty/Smoggy,Street Light,Rickshaw,2,Over Speeding,1,1,0,0,3,0,Medium
2022,5,Wednesday,13,Sindh,Karachi,National Highway,Poor,Clear,Dawn/Dusk,Motorcycle,2,Road Condition,1,0,0,0,4,1,Medium
2020,3,Tuesday,13,Punjab,Faisalabad,National Highway,Good,Clear,Street Light,Truck/Lorry,3,Driver Fatigue,1,0,0,0,2,0,Medium
2023,4,Thursday,10,Punjab,Sialkot,National Highway,Good,Rainy,Daylight,Car/Taxi,3,Road Condition,0,0,0,0,0,0,Low
2023,8,Saturday,18,KPK,Dera Ismail Khan,Rural Road,Good,Clear,Daylight,Motorcycle,2,Over Speeding,1,1,0,0,5,1,Medium
2019,4,Saturday,3,Punjab,Sheikhupura,Urban Road,Average,Clear,No Light,Car/Taxi,3,Pedestrian Error,0,1,1,0,2,0,Low
2022,5,Friday,21,Punjab,Bahawalpur,National Highway,Under Repair,Clear,Street Light,Van/Pickup,2,Road Condition,0,0,0,0,2,0,Low
2020,9,Saturday,14,KPK,Nowshera,Provincial Highway,Good,Clear,Daylight,Car/Taxi,1,Driver Fatigue,0,1,0,0,3,0,Medium
2023,5,Tuesday,6,AJK,Rawalakot,Rural Road,Good,Clear,Daylight,Truck/Lorry,2,Wrong Overtaking,0,0,0,0,4,0,Medium
2018,7,Thursday,13,KPK,Peshawar,Provincial Highway,Good,Clear,Daylight,Bus/Coach,4,Pedestrian Error,1,0,0,0,3,1,Medium
2019,6,Saturday,18,Balochistan,Hub,National Highway,Good,Foggy,No Light,Motorcycle,3,Wrong Overtaking,1,1,0,0,9,1,High
2022,2,Thursday,15,Islamabad,Islamabad,National Highway,Good,Clear,Daylight,Car/Taxi,1,Over Speeding,0,0,0,1,4,1,Medium
2021,3,Monday,11,KPK,Swat,National Highway,Average,Rainy,Daylight,Motorcycle,2,Over Speeding,0,0,0,0,7,0,High
2021,7,Wednesday,22,AJK,Muzaffarabad,National Highway,Poor,Clear,No Light,Truck/Lorry,2,Drunk Driving,0,0,1,0,6,3,High
2021,3,Monday,8,KPK,Mansehra,Provincial Highway,Good,Extreme Heat,Daylight,Bus/Coach,1,Pedestrian Error,1,0,0,0,3,0,Medium
2018,4,Wednesday,6,KPK,Mansehra,Provincial Highway,Average,Dusty/Smoggy,Daylight,Car/Taxi,1,Wrong Overtaking,0,0,0,0,5,0,Medium
2023,8,Monday,1,KPK,Dera Ismail Khan,Urban Road,Average,Foggy,Street Light,Motorcycle,2,Over Speeding,0,0,1,0,11,2,High
2018,11,Thursday,3,Balochistan,Hub,Motorway,Average,Clear,No Light,Rickshaw,2,Over Speeding,0,0,1,1,4,0,Medium
2023,1,Tuesday,16,KPK,Abbottabad,National Highway,Good,Rainy,Daylight,Motorcycle,4,Over Speeding,0,0,0,1,11,0,High
2023,1,Thursday,13,KPK,Abbottabad,National Highway,Poor,Clear,No Light,Motorcycle,4,Mechanical Failure,1,0,0,1,2,0,Medium
2022,5,Tuesday,2,Punjab,Bahawalpur,National Highway,Good,Clear,Street Light,Motorcycle,1,Wrong Overtaking,0,0,1,0,7,2,High
2023,2,Wednesday,11,Balochistan,Chaman,Provincial Highway,Good,Clear,Daylight,Car/Taxi,2,Mechanical Failure,0,0,0,1,1,0,Low
2023,12,Tuesday,10,Sindh,Thatta,Rural Road,Good,Clear,No Light,Bicycle,2,Wrong Overtaking,0,0,0,1,4,0,Medium
2023,12,Sunday,9,Punjab,Sargodha,National Highway,Poor,Rainy,Daylight,Car/Taxi,4,Road Condition,1,1,0,1,2,0,Low
2021,10,Sunday,8,KPK,Kohat,National Highway,Good,Clear,Daylight,Motorcycle,2,Signal Violation,1,1,0,0,10,1,High
2019,2,Wednesday,12,Punjab,Sialkot,National Highway,Average,Dusty/Smoggy,Daylight,Truck/Lorry,1,Signal Violation,1,0,0,1,9,0,High
2023,2,Tuesday,18,Punjab,Sialkot,Urban Road,Poor,Clear,Daylight,Motorcycle,1,Signal Violation,1,0,0,1,1,1,Medium
2022,7,Wednesday,12,Punjab,Sheikhupura,Provincial Highway,Good,Dusty/Smoggy,Daylight,Motorcycle,2,Wrong Overtaking,1,0,0,0,5,0,Medium
2022,4,Friday,21,Punjab,Gujranwala,Urban Road,Poor,Foggy,No Light,Motorcycle,3,Weather Condition,0,0,0,0,1,1,Medium
2019,6,Sunday,10,Punjab,Sargodha,Urban Road,Poor,Clear,Daylight,Motorcycle,2,Mechanical Failure,0,1,0,0,0,0,Low
2020,4,Sunday,7,Sindh,Dadu,Urban Road,Average,Clear,Street Light,Van/Pickup,2,Mobile Phone Use,1,1,0,0,1,0,Low
2022,3,Monday,20,Balochistan,Sibi,Urban Road,Average,Clear,No Light,Car/Taxi,2,Pedestrian Error,1,0,0,0,2,0,Low
2021,11,Thursday,14,Sindh,Karachi,National Highway,Poor,Clear,Daylight,Car/Taxi,2,Over Speeding,0,0,0,1,5,1,High
2023,12,Wednesday,9,Sindh,Jacobabad,Provincial Highway,Good,Rainy,Daylight,Car/Taxi,2,Over Speeding,1,0,0,1,3,0,Medium
2021,11,Sunday,12,KPK,Bannu,National Highway,Average,Dusty/Smoggy,Daylight,Bus/Coach,3,Wrong Overtaking,1,1,0,1,2,1,Medium
2019,6,Wednesday,9,Punjab,Multan,Rural Road,Average,Clear,Daylight,Bicycle,2,Over Speeding,1,0,0,0,3,1,High
2018,9,Saturday,21,Sindh,Sukkur,Urban Road,Average,Clear,No Light,Motorcycle,2,Over Speeding,0,1,0,0,1,2,Medium
2018,4,Wednesday,19,Punjab,Lahore,Rural Road,Good,Clear,No Light,Motorcycle,2,Mechanical Failure,1,0,0,0,1,0,Low
2023,4,Wednesday,13,Sindh,Jacobabad,National Highway,Average,Rainy,Dawn/Dusk,Car/Taxi,3,Wrong Overtaking,1,0,0,0,4,1,Medium
2019,12,Thursday,3,Punjab,Bahawalpur,Rural Road,Average,Clear,No Light,Motorcycle,1,Signal Violation,0,0,1,1,3,0,Medium
2018,6,Wednesday,2,AJK,Muzaffarabad,National Highway,Average,Clear,Street Light,Rickshaw,2,Over Speeding,0,0,1,0,7,2,High
2019,4,Friday,18,Punjab,Sheikhupura,National Highway,Under Repair,Foggy,Daylight,Car/Taxi,1,Road Condition,1,0,0,0,0,0,Low
2023,9,Monday,2,Sindh,Sukkur,Motorway,Poor,Rainy,No Light,Car/Taxi,1,Over Speeding,0,0,1,0,6,1,High
2021,2,Wednesday,18,Punjab,Rawalpindi,National Highway,Under Repair,Extreme Heat,Daylight,Motorcycle,1,Signal Violation,1,0,0,1,5,2,Medium
2023,9,Tuesday,18,Sindh,Karachi,National Highway,Good,Foggy,Daylight,Motorcycle,1,Over Speeding,1,0,0,0,9,0,High
2020,10,Monday,20,Sindh,Mirpur Khas,National Highway,Poor,Dusty/Smoggy,Street Light,Truck/Lorry,3,Over Speeding,1,0,0,0,4,0,High
2021,6,Sunday,20,Punjab,Bahawalpur,National Highway,Poor,Clear,No Light,Rickshaw,3,Wrong Overtaking,1,1,0,0,4,1,Medium
2022,11,Tuesday,21,Punjab,Sargodha,National Highway,Poor,Clear,No Light,Motorcycle,3,Signal Violation,0,0,0,1,4,1,Medium
2019,8,Friday,0,Punjab,Sargodha,National Highway,Good,Rainy,Street Light,Rickshaw,2,Mechanical Failure,0,0,1,0,2,0,Medium
2020,10,Thursday,19,KPK,Swat,Rural Road,Average,Clear,No Light,Car/Taxi,1,Wrong Overtaking,1,0,0,0,2,0,Low
2023,6,Sunday,8,Punjab,Lahore,Urban Road,Average,Clear,Street Light,Motorcycle,3,Over Speeding,1,1,0,0,4,0,Medium
2020,5,Thursday,17,KPK,Nowshera,Urban Road,Average,Foggy,Daylight,Motorcycle,1,Mechanical Failure,1,0,0,0,4,1,Medium
2020,5,Sunday,18,Sindh,Sukkur,Urban Road,Under Repair,Clear,Daylight,Van/Pickup,1,Mechanical Failure,1,1,0,0,0,0,Low
2020,7,Tuesday,9,Punjab,Gujranwala,Provincial Highway,Good,Clear,Daylight,Car/Taxi,2,Wrong Overtaking,1,0,0,0,2,0,Low
2020,6,Saturday,19,Punjab,Sheikhupura,Urban Road,Average,Rainy,Dawn/Dusk,Rickshaw,1,Signal Violation,1,1,0,0,2,0,Low
2022,1,Tuesday,3,Balochistan,Khuzdar,National Highway,Average,Clear,Street Light,Motorcycle,2,Road Condition,0,0,1,1,5,0,Medium
2020,4,Monday,9,Sindh,Hyderabad,Provincial Highway,Good,Foggy,Daylight,Truck/Lorry,3,Over Speeding,1,0,0,0,8,2,High
2019,5,Tuesday,15,Punjab,Rahim Yar Khan,Rural Road,Good,Rainy,Street Light,Car/Taxi,2,Over Speeding,0,0,0,0,1,0,Medium
2019,9,Wednesday,16,KPK,Charsadda,National Highway,Good,Clear,Dawn/Dusk,Car/Taxi,3,Pedestrian Error,0,0,0,0,0,0,Low
2022,11,Sunday,13,KPK,Mardan,Urban Road,Average,Clear,Daylight,Motorcycle,2,Drunk Driving,1,1,0,1,1,0,Medium
2023,11,Saturday,10,Punjab,Sialkot,National Highway,Poor,Foggy,Daylight,Other,2,Road Condition,0,1,0,1,2,0,Medium
2018,6,Tuesday,9,Sindh,Nawabshah,National Highway,Poor,Clear,Daylight,Bus/Coach,1,Road Condition,1,0,0,0,5,1,Medium
2022,4,Friday,9,Punjab,Faisalabad,Urban Road,Good,Clear,Dawn/Dusk,Motorcycle,1,Drunk Driving,1,0,0,0,3,1,Medium
2018,1,Wednesday,19,Punjab,Gujranwala,Provincial Highway,Good,Rainy,No Light,Motorcycle,2,Over Speeding,1,0,0,1,4,1,High
2020,5,Saturday,16,Punjab,Lahore,Provincial Highway,Under Repair,Clear,Daylight,Bicycle,2,Over Speeding,0,1,0,0,3,1,Medium
2018,11,Friday,13,KPK,Nowshera,Urban Road,Under Repair,Clear,Dawn/Dusk,Motorcycle,3,Signal Violation,1,0,0,1,5,0,Medium
2019,6,Tuesday,5,Sindh,Hyderabad,Rural Road,Good,Dusty/Smoggy,Dawn/Dusk,Motorcycle,2,Driver Fatigue,0,0,1,0,11,0,High
2020,1,Sunday,18,Punjab,Sheikhupura,Rural Road,Good,Foggy,Daylight,Motorcycle,1,Over Speeding,1,1,0,1,6,0,High
2021,1,Saturday,19,Punjab,Lahore,National Highway,Good,Clear,Dawn/Dusk,Car/Taxi,2,Pedestrian Error,1,1,0,1,2,0,Low
2018,11,Monday,16,Sindh,Larkana,Provincial Highway,Good,Clear,Daylight,Motorcycle,2,Signal Violation,0,0,0,1,5,0,Medium
2019,4,Saturday,10,Punjab,Sialkot,Provincial Highway,Average,Extreme Heat,Daylight,Truck/Lorry,3,Wrong Overtaking,0,1,0,0,5,0,Medium
2022,9,Sunday,21,Sindh,Sukkur,Provincial Highway,Good,Dusty/Smoggy,Street Light,Motorcycle,2,Wrong Overtaking,0,1,0,0,2,0,Medium
2019,2,Saturday,7,Punjab,Sialkot,Rural Road,Good,Foggy,Daylight,Motorcycle,1,Signal Violation,1,1,0,1,3,0,Medium
2022,7,Tuesday,3,KPK,Swat,Provincial Highway,Average,Dusty/Smoggy,No Light,Car/Taxi,3,Pedestrian Error,0,0,1,0,1,0,Low
2020,3,Sunday,11,Punjab,Faisalabad,Provincial Highway,Under Repair,Rainy,Daylight,Car/Taxi,2,Signal Violation,0,1,0,0,0,0,Low
2023,12,Wednesday,20,Sindh,Kashmore,National Highway,Poor,Clear,No Light,Motorcycle,1,Drunk Driving,1,0,0,1,3,0,High
2023,5,Sunday,5,Sindh,Mirpur Khas,Provincial Highway,Poor,Rainy,Daylight,Motorcycle,3,Over Speeding,0,1,1,0,4,0,High
2021,8,Tuesday,6,KPK,Dera Ismail Khan,Rural Road,Good,Clear,Daylight,Motorcycle,2,Road Condition,0,0,0,0,3,0,Medium
2023,10,Saturday,12,KPK,Charsadda,National Highway,Good,Clear,Daylight,Motorcycle,3,Over Speeding,1,1,0,0,7,2,High