year,month,day_of_week,hour_of_day,province,district,road_type,road_condition,weather_condition,lighting_condition,vehicle_type,vehicles_involved,accident_cause,is_rush_hour,is_weekend,is_night,is_foggy_month,num_injured,num_killed,severity
2018,8,Saturday,14,Punjab,Faisalabad,Rural Road,Good,Clear,No Light,Bicycle,2,Pedestrian Error,0,1,0,0,2,0,Low
2021,7,Friday,16,KPK,Mansehra,Provincial Highway,Average,Dusty/Smoggy,Street Light,Truck/Lorry,3,Road Condition,0,0,0,0,1,0,Medium
2021,7,Sunday,9,Punjab,Bahawalpur,Provincial Highway,Good,Clear,Street Light,Motorcycle,2,Pedestrian Error,1,1,0,0,2,1,Medium
2022,1,Wednesday,12,Punjab,Sialkot,Provincial Highway,Good,Rainy,Daylight,Car/Taxi,1,Road Condition,1,0,0,1,3,0,Medium
2018,8,Tuesday,7,Islamabad,Islamabad,Provincial Highway,Average,Foggy,Daylight,Car/Taxi,1,Wrong Overtaking,1,0,0,0,2,1,Medium
2022,2,Monday,1,Punjab,Gujranwala,Urban Road,Good,Rainy,Street Light,Car/Taxi,3,Driver Fatigue,0,0,1,1,9,1,High
2021,8,Monday,7,Punjab,Rawalpindi,Rural Road,Under Repair,Clear,Daylight,Motorcycle,2,Pedestrian Error,1,0,0,0,5,0,Medium
2023,1,Tuesday,7,Punjab,Bahawalpur,National Highway,Good,Clear,Daylight,Bus/Coach,1,Over Speeding,1,0,0,1,5,2,Medium
2020,11,Tuesday,16,Sindh,Kashmore,Rural Road,Poor,Clear,Daylight,Motorcycle,1,Over Speeding,0,0,0,1,6,1,High
2023,11,Thursday,16,Balochistan,Turbat,National Highway,Poor,Rainy,Daylight,Bus/Coach,4,Pedestrian Error,0,0,0,1,11,2,High
2021,5,Wednesday,16,Punjab,Rahim Yar Khan,Urban Road,Good,Clear,Daylight,Car/Taxi,2,Mobile Phone Use,0,0,0,0,2,0,Low
2022,1,Monday,21,Sindh,Dadu,Urban Road,Good,Clear,No Light,Truck/Lorry,2,Wrong Overtaking,0,0,0,1,0,0,Low
2021,1,Wednesday,22,Punjab,Bahawalpur,Urban Road,Average,Clear,No Light,Motorcycle,3,Over Speeding,0,0,1,1,2,0,Medium
2022,2,Tuesday,16,Punjab,Sialkot,Urban Road,Average,Rainy,Daylight,Motorcycle,2,Over Speeding,0,0,0,1,4,0,High
2023,6,Sunday,17,Sindh,Dadu,Motorway,Good,Clear,Daylight,Truck/Lorry,2,Wrong Overtaking,1,1,0,0,4,0,Medium
2023,5,Friday,23,Sindh,Nawabshah,National Highway,Good,Clear,Street Light,Bus/Coach,2,Over Speeding,0,0,1,0,11,3,High
2021,8,Monday,17,Punjab,Bahawalpur,Urban Road,Average,Clear,Daylight,Bus/Coach,1,Signal Violation,1,0,0,0,0,0,Low
2023,7,Saturday,15,Balochistan,Hub,Provincial Highway,Average,Foggy,Daylight,Motorcycle,4,Road Condition,0,1,0,0,1,1,Medium
2021,6,Friday,20,Punjab,Sargodha,Urban Road,Good,Clear,Street Light,Rickshaw,1,Pedestrian Error,1,0,0,0,0,0,Low
2023,8,Thursday,10,Punjab,Faisalabad,Urban Road,Good,Clear,Street Light,Car/Taxi,3,Weather Condition,0,0,0,0,0,0,Low
2022,6,Thursday,10,Gilgit-Baltistan,Gilgit,National Highway,Average,Rainy,Dawn/Dusk,Motorcycle,2,Over Speeding,0,0,0,0,2,4,High
2023,10,Sunday,12,KPK,Charsadda,National Highway,Good,Foggy,Daylight,Car/Taxi,3,Drunk Driving,1,1,0,0,9,0,High
2019,10,Wednesday,11,KPK,Kohat,National Highway,Good,Clear,Dawn/Dusk,Motorcycle,2,Drunk Driving,0,0,0,0,2,4,High
2022,7,Monday,13,Sindh,Dadu,National Highway,Good,Foggy,Daylight,Motorcycle,2,Mechanical Failure,1,0,0,0,1,0,Medium
2020,7,Wednesday,0,Punjab,Sargodha,Provincial Highway,Good,Rainy,Street Light,Car/Taxi,2,Mechanical Failure,0,0,1,0,1,0,Medium
2022,6,Saturday,10,Sindh,Larkana,National Highway,Average,Foggy,Street Light,Motorcycle,3,Drunk Driving,0,1,0,0,8,2,High
2023,3,Friday,20,Punjab,Gujranwala,Provincial Highway,Average,Clear,No Light,Car/Taxi,1,Drunk Driving,1,0,0,0,2,0,Low
2020,4,Saturday,13,KPK,Abbottabad,Rural Road,Good,Foggy,Street Light,Car/Taxi,2,Wrong Overtaking,1,1,0,0,1,0,Low
2018,6,Saturday,18,Sindh,Mirpur Khas,Urban Road,Good,Clear,Daylight,Van/Pickup,1,Over Speeding,1,1,0,0,0,0,Low
2023,7,Wednesday,13,Islamabad,Islamabad,Urban Road,Good,Foggy,No Light,Bicycle,2,Over Speeding,1,0,0,0,7,3,High
2021,4,Monday,22,Sindh,Kashmore,Provincial Highway,Poor,Clear,No Light,Van/Pickup,2,Over Speeding,0,0,1,0,1,0,Medium
2022,6,Sunday,20,Punjab,Multan,Urban Road,Good,Rainy,No Light,Car/Taxi,3,Driver Fatigue,1,1,0,0,2,0,Low
2020,11,Wednesday,21,Sindh,Sukkur,National Highway,Average,Foggy,No Light,Van/Pickup,2,Wrong Overtaking,0,0,0,1,8,0,High
2022,1,Wednesday,9,Punjab,Bahawalpur,Provincial Highway,Average,Clear,Dawn/Dusk,Motorcycle,3,Over Speeding,1,0,0,1,8,2,High
2018,6,Wednesday,6,KPK,Swat,Provincial Highway,Good,Rainy,Daylight,Car/Taxi,1,Road Condition,0,0,0,0,1,0,Low
2021,6,Thursday,6,Sindh,Kashmore,Rural Road,Good,Clear,Daylight,Motorcycle,3,Driver Fatigue,0,0,0,0,9,0,High
2023,6,Saturday,9,Punjab,Multan,Provincial Highway,Poor,Rainy,Daylight,Other,2,Road Condition,1,1,0,0,2,0,Low
2019,2,Sunday,10,Islamabad,Islamabad,Provincial Highway,Good,Clear,Daylight,Motorcycle,2,Over Speeding,0,1,0,1,4,4,High
2019,12,Sunday,14,Islamabad,Islamabad,National Highway,Average,Rainy,Daylight,Van/Pickup,2,Signal Violation,0,1,0,1,5,0,Medium
2022,6,Wednesday,19,Islamabad,Islamabad,Rural Road,Poor,Clear,Street Light,Car/Taxi,2,Weather Condition,1,0,0,0,2,1,Low
2019,10,Thursday,22,Punjab,Bahawalpur,Provincial Highway,Good,Clear,No Light,Car/Taxi,1,Over Speeding,0,0,1,0,8,2,High
2023,6,Wednesday,22,KPK,Kohat,Provincial Highway,Good,Clear,Street Light,Rickshaw,2,Pedestrian Error,0,0,1,0,0,0,Low
2022,8,Friday,10,Islamabad,Islamabad,Provincial Highway,Average,Clear,Daylight,Rickshaw,2,Mobile Phone Use,0,0,0,0,2,1,Low
2018,7,Wednesday,20,Sindh,Mirpur Khas,National Highway,Good,Dusty/Smoggy,No Light,Motorcycle,1,Over Speeding,1,0,0,0,9,1,High
2021,3,Sunday,2,Punjab,Gujranwala,Rural Road,Average,Clear,No Light,Motorcycle,2,Over Speeding,0,1,1,0,2,1,High
2022,5,Saturday,17,KPK,Mansehra,Urban Road,Good,Foggy,Daylight,Car/Taxi,2,Road Condition,1,1,0,0,2,0,Low
2022,9,Monday,7,Balochistan,Hub,Urban Road,Average,Rainy,Daylight,Motorcycle,2,Wrong Overtaking,1,0,0,0,5,0,Medium
2019,9,Saturday,18,KPK,Peshawar,Provincial Highway,Average,Clear,Daylight,Rickshaw,2,Wrong Overtaking,1,1,0,0,1,0,Low
2019,4,Friday,9,Punjab,Lahore,National Highway,Poor,Rainy,Daylight,Motorcycle,3,Driver Fatigue,1,0,0,0,11,0,High
2022,2,Friday,21,Punjab,Sialkot,Provincial Highway,Average,Rainy,No Light,Car/Taxi,1,Wrong Overtaking,0,0,0,1,5,1,Medium
2018,4,Friday,22,Sindh,Hyderabad,Rural Road,Poor,Clear,No Light,Bus/Coach,2,Wrong Overtaking,0,0,1,0,5,1,Medium
2022,1,Tuesday,13,Sindh,Sukkur,Urban Road,Good,Clear,Daylight,Car/Taxi,1,Mechanical Failure,1,0,0,1,1,0,Low
2023,2,Saturday,6,KPK,Mansehra,Provincial Highway,Under Repair,Foggy,Daylight,Van/Pickup,3,Pedestrian Error,0,1,0,1,0,1,Low
2023,3,Sunday,20,Punjab,Faisalabad,Rural Road,Good,Clear,Street Light,Bus/Coach,2,Pedestrian Error,1,1,0,0,2,0,Low
2023,12,Saturday,19,Punjab,Sialkot,Provincial Highway,Under Repair,Clear,No Light,Car/Taxi,3,Mobile Phone Use,1,1,0,1,0,1,Low
2019,6,Wednesday,21,Punjab,Sialkot,Rural Road,Poor,Rainy,Street Light,Motorcycle,4,Wrong Overtaking,0,0,0,0,3,1,Medium
2020,12,Tuesday,10,Punjab,Faisalabad,Urban Road,Average,Clear,Daylight,Bus/Coach,2,Pedestrian Error,0,0,0,1,0,0,Low
2019,5,Tuesday,13,Sindh,Kashmore,National Highway,Poor,Clear,Daylight,Car/Taxi,1,Drunk Driving,1,0,0,0,3,0,Medium
2020,12,Thursday,6,Punjab,Faisalabad,Urban Road,Good,Foggy,Daylight,Motorcycle,2,Mobile Phone Use,0,0,0,1,2,2,Medium
2022,9,Friday,20,KPK,Nowshera,Urban Road,Poor,Foggy,Street Light,Car/Taxi,3,Mechanical Failure,1,0,0,0,0,0,Low
2020,5,Thursday,13,KPK,Bannu,Urban Road,Good,Clear,Daylight,Motorcycle,2,Pedestrian Error,1,0,0,0,2,0,Low
2019,5,Thursday,14,Punjab,Lahore,Urban Road,Poor,Clear,Street Light,Motorcycle,2,Drunk Driving,0,0,0,0,5,0,Medium
2023,8,Tuesday,5,Balochistan,Chaman,Rural Road,Average,Extreme Heat,No Light,Bus/Coach,2,Signal Violation,0,0,1,0,2,0,Low
2023,7,Friday,17,KPK,Swat,National Highway,Good,Clear,Dawn/Dusk,Bus/Coach,1,Pedestrian Error,1,0,0,0,2,0,Medium
2023,8,Friday,20,Sindh,Nawabshah,Urban Road,Good,Rainy,No Light,Motorcycle,2,Mechanical Failure,1,0,0,0,2,1,Medium
2022,11,Thursday,19,Balochistan,Khuzdar,Rural Road,Good,Rainy,No Light,Rickshaw,2,Pedestrian Error,1,0,0,1,0,0,Low
2021,5,Friday,6,Punjab,Rahim Yar Khan,Provincial Highway,Good,Clear,Daylight,Car/Taxi,1,Driver Fatigue,0,0,0,0,4,1,Medium
2018,11,Thursday,21,Sindh,Karachi,Provincial Highway,Good,Foggy,Street Light,Motorcycle,3,Road Condition,0,0,0,1,3,1,Medium
2022,6,Friday,15,Punjab,Lahore,National Highway,Poor,Clear,Daylight,Motorcycle,2,Road Condition,0,0,0,0,2,0,Medium
2023,12,Sunday,10,Sindh,Mirpur Khas,Urban Road,Average,Clear,Dawn/Dusk,Rickshaw,1,Pedestrian Error,0,1,0,1,1,0,Low
2020,12,Tuesday,7,Sindh,Larkana,Rural Road,Under Repair,Clear,Daylight,Motorcycle,3,Driver Fatigue,1,0,0,1,5,0,Medium
2019,3,Saturday,17,Sindh,Thatta,National Highway,Average,Clear,Daylight,Van/Pickup,2,Over Speeding,1,1,0,0,11,1,High
2023,9,Thursday,5,Punjab,Rawalpindi,Rural Road,Average,Clear,Street Light,Motorcycle,2,Signal Violation,0,0,1,0,10,2,High
2018,7,Sunday,11,Punjab,Rawalpindi,National Highway,Good,Extreme Heat,Daylight,Motorcycle,2,Wrong Overtaking,0,1,0,0,8,2,High
2023,11,Monday,7,Punjab,Faisalabad,National Highway,Good,Extreme Heat,Daylight,Motorcycle,2,Road Condition,1,0,0,1,3,0,Medium
2019,8,Friday,17,Punjab,Sheikhupura,Urban Road,Average,Clear,Daylight,Motorcycle,3,Signal Violation,1,0,0,0,5,0,Medium
2022,12,Friday,20,KPK,Kohat,Urban Road,Good,Dusty/Smoggy,Street Light,Motorcycle,3,Pedestrian Error,1,0,0,1,2,0,Low
2022,6,Thursday,13,KPK,Bannu,Rural Road,Poor,Foggy,Daylight,Motorcycle,2,Road Condition,1,0,0,0,5,2,Medium
2020,12,Wednesday,18,Punjab,Sargodha,Urban Road,Average,Dusty/Smoggy,Daylight,Motorcycle,2,Over Speeding,1,0,0,1,2,0,Medium
2023,3,Thursday,17,Punjab,Bahawalpur,Provincial Highway,Good,Clear,Daylight,Motorcycle,3,Wrong Overtaking,1,0,0,0,1,0,Medium
2021,6,Sunday,8,Punjab,Sargodha,National Highway,Good,Dusty/Smoggy,Daylight,Bus/Coach,2,Wrong Overtaking,1,1,0,0,4,1,Medium
2021,6,Monday,22,KPK,Kohat,Provincial Highway,Good,Clear,Street Light,Motorcycle,1,Over Speeding,0,0,1,0,5,3,High
2021,6,Sunday,18,Gilgit-Baltistan,Skardu,Rural Road,Average,Foggy,No Light,Car/Taxi,1,Over Speeding,1,1,0,0,2,0,Low
2023,5,Friday,13,Punjab,Faisalabad,Rural Road,Average,Clear,Street Light,Bicycle,2,Over Speeding,1,0,0,0,3,2,Medium
2021,12,Sunday,7,KPK,Charsadda,Urban Road,Good,Foggy,Dawn/Dusk,Motorcycle,1,Drunk Driving,1,1,0,1,3,2,High
2020,2,Saturday,9,Balochistan,Hub,Rural Road,Good,Clear,Daylight,Rickshaw,1,Over Speeding,1,1,0,1,2,0,Low
2023,3,Saturday,10,Punjab,Bahawalpur,Urban Road,Good,Clear,Daylight,Motorcycle,2,Drunk Driving,0,1,0,0,9,2,High
2023,4,Friday,20,Balochistan,Hub,National Highway,Good,Clear,No Light,Car/Taxi,2,Signal Violation,1,0,0,0,3,2,Medium
2022,11,Saturday,21,Sindh,Karachi,Rural Road,Average,Clear,No Light,Motorcycle,2,Driver Fatigue,0,1,0,1,4,1,High
2023,1,Tuesday,19,Islamabad,Islamabad,Urban Road,Under Repair,Clear,Street Light,Car/Taxi,2,Mechanical Failure,1,0,0,1,1,0,Low
2019,11,Thursday,14,Sindh,Kashmore,National Highway,Good,Extreme Heat,Daylight,Motorcycle,1,Mobile Phone Use,0,0,0,1,3,0,Medium
2022,6,Sunday,8,Punjab,Sheikhupura,Provincial Highway,Average,Clear,No Light,Motorcycle,2,Signal Violation,1,1,0,0,5,0,Medium
2021,5,Friday,9,AJK,Rawalakot,Rural Road,Good,Clear,Daylight,Bus/Coach,1,Road Condition,1,0,0,0,1,0,Low
2023,2,Saturday,17,Punjab,Gujranwala,Urban Road,Average,Foggy,Street Light,Motorcycle,3,Signal Violation,1,1,0,1,7,4,High
2019,6,Thursday,14,Balochistan,Turbat,Rural Road,Average,Clear,Dawn/Dusk,Motorcycle,2,Driver Fatigue,0,0,0,0,8,1,High
2019,6,Saturday,14,Punjab,Multan,National Highway,Poor,Clear,Daylight,Motorcycle,2,Mechanical Failure,0,1,0,0,3,1,Medium
2020,7,Sunday,22,KPK,Peshawar,Rural Road,Good,Foggy,Street Light,Car/Taxi,3,Wrong Overtaking,0,1,1,0,1,1,Low
2021,4,Monday,9,Punjab,Multan,National Highway,Under Repair,Clear,Street Light,Motorcycle,2,Pedestrian Error,1,0,0,0,10,2,High
2020,9,Saturday,8,AJK,Muzaffarabad,Rural Road,Average,Clear,Daylight,Car/Taxi,1,Pedestrian Error,1,1,0,0,2,0,Low
2023,9,Thursday,9,Punjab,Gujranwala,Urban Road,Good,Clear,Daylight,Car/Taxi,2,Mechanical Failure,1,0,0,0,0,0,Low
2022,2,Sunday,4,Punjab,Faisalabad,Rural Road,Under Repair,Rainy,No Light,Motorcycle,1,Signal Violation,0,1,1,1,3,1,Medium
2023,10,Friday,18,Sindh,Nawabshah,Urban Road,Poor,Clear,Street Light,Car/Taxi,2,Wrong Overtaking,1,0,0,0,0,0,Low
2020,7,Wednesday,15,AJK,Muzaffarabad,Provincial Highway,Good,Foggy,Daylight,Bicycle,3,Wrong Overtaking,0,0,0,0,11,0,High
2021,12,Friday,7,Punjab,Rahim Yar Khan,Rural Road,Poor,Clear,Daylight,Car/Taxi,2,Signal Violation,1,0,0,1,0,0,Low
2020,10,Wednesday,6,Punjab,Rahim Yar Khan,Provincial Highway,Poor,Foggy,Dawn/Dusk,Bus/Coach,3,Mobile Phone Use,0,0,0,0,2,1,Medium
2023,6,Sunday,19,Sindh,Mirpur Khas,Provincial Highway,Good,Clear,Dawn/Dusk,Car/Taxi,1,Over Speeding,1,1,0,0,2,0,Low
2023,7,Thursday,18,Punjab,Multan,Urban Road,Under Repair,Foggy,Dawn/Dusk,Rickshaw,3,Weather Condition,1,0,0,0,2,0,Low
2019,7,Saturday,12,KPK,Peshawar,Rural Road,Under Repair,Clear,Street Light,Truck/Lorry,2,Over Speeding,1,1,0,0,1,0,Medium
2020,3,Tuesday,12,Punjab,Gujranwala,Provincial Highway,Good,Clear,Daylight,Truck/Lorry,3,Wrong Overtaking,1,0,0,0,1,0,Low
2023,12,Friday,13,KPK,Swat,Provincial Highway,Average,Clear,Daylight,Car/Taxi,2,Over Speeding,1,0,0,1,1,2,Medium
2023,9,Monday,9,Sindh,Nawabshah,National Highway,Poor,Rainy,Daylight,Bus/Coach,1,Driver Fatigue,1,0,0,0,3,4,High
2023,12,Thursday,13,Punjab,Sargodha,National Highway,Good,Extreme Heat,Daylight,Bus/Coach,2,Over Speeding,1,0,0,1,5,2,High
2019,1,Friday,19,Sindh,Larkana,Provincial Highway,Average,Clear,Street Light,Motorcycle,1,Signal Violation,1,0,0,1,10,1,High
2021,1,Sunday,10,KPK,Abbottabad,Rural Road,Under Repair,Rainy,Daylight,Car/Taxi,2,Over Speeding,0,1,0,1,3,1,Medium
2019,11,Friday,9,Sindh,Karachi,National Highway,Average,Clear,Daylight,Motorcycle,1,Over Speeding,1,0,0,1,8,2,High
2023,2,Saturday,8,Punjab,Faisalabad,National Highway,Good,Foggy,Daylight,Motorcycle,2,Driver Fatigue,1,1,0,1,10,2,High
2018,2,Tuesday,12,Punjab,Lahore,Urban Road,Good,Clear,Daylight,Motorcycle,2,Signal Violation,1,0,0,1,3,0,Medium
2018,10,Saturday,9,KPK,Bannu,Provincial Highway,Good,Clear,Daylight,Bus/Coach,1,Over Speeding,1,1,0,0,8,2,High
2020,12,Friday,8,Punjab,Multan,Urban Road,Good,Clear,Daylight,Bus/Coach,1,Mechanical Failure,1,0,0,1,0,0,Low
2023,12,Wednesday,14,Islamabad,Islamabad,National Highway,Poor,Foggy,Daylight,Motorcycle,3,Signal Violation,0,0,0,1,6,1,High
2022,5,Tuesday,3,Sindh,Jacobabad,Urban Road,Average,Foggy,Street Light,Rickshaw,1,Road Condition,0,0,1,0,1,0,Low
2022,1,Thursday,6,Sindh,Nawabshah,Rural Road,Average,Clear,Daylight,Bus/Coach,2,Over Speeding,0,0,0,1,4,0,Medium
2018,4,Monday,15,Sindh,Karachi,Provincial Highway,Average,Rainy,Daylight,Car/Taxi,2,Drunk Driving,0,0,0,0,4,0,High
2020,12,Monday,8,Sindh,Hyderabad,Motorway,Good,Rainy,Daylight,Truck/Lorry,2,Wrong Overtaking,1,0,0,1,11,1,High
2023,7,Wednesday,22,Balochistan,Gwadar,Rural Road,Poor,Rainy,No Light,Car/Taxi,3,Signal Violation,0,0,1,0,5,1,Medium
2022,4,Thursday,7,Sindh,Nawabshah,Provincial Highway,Good,Clear,Daylight,Car/Taxi,2,Signal Violation,1,0,0,0,2,0,Medium
2021,11,Wednesday,11,Punjab,Gujranwala,Provincial Highway,Average,Foggy,Daylight,Truck/Lorry,2,Signal Violation,0,0,0,1,1,0,Medium
2019,1,Saturday,12,Sindh,Sukkur,Motorway,Poor,Foggy,Street Light,Motorcycle,1,Signal Violation,1,1,0,1,9,2,High
2020,12,Friday,20,Sindh,Dadu,Rural Road,Average,Clear,Street Light,Car/Taxi,1,Wrong Overtaking,1,0,0,1,1,0,Low
2020,8,Thursday,10,KPK,Nowshera,Urban Road,Average,Rainy,Daylight,Truck/Lorry,1,Wrong Overtaking,0,0,0,0,2,0,Low
2023,5,Wednesday,9,Islamabad,Islamabad,Provincial Highway,Average,Clear,Street Light,Motorcycle,2,Mechanical Failure,1,0,0,0,1,0,Low
2020,3,Thursday,18,Sindh,Nawabshah,National Highway,Good,Rainy,Daylight,Motorcycle,3,Over Speeding,1,0,0,0,3,4,High
2021,6,Friday,20,Punjab,Gujranwala,National Highway,Good,Clear,Street Light,Bicycle,1,Wrong Overtaking,1,0,0,0,2,2,Medium
2023,5,Sunday,13,Sindh,Thatta,Urban Road,Average,Rainy,Dawn/Dusk,Motorcycle,3,Over Speeding,1,1,0,0,4,0,Medium
2020,6,Wednesday,7,Balochistan,Chaman,Urban Road,Good,Clear,Daylight,Motorcycle,2,Wrong Overtaking,1,0,0,0,1,0,Medium
2019,5,Wednesday,8,AJK,Mirpur,National Highway,Poor,Foggy,Daylight,Bus/Coach,1,Wrong Overtaking,1,0,0,0,5,2,High
2023,1,Wednesday,10,AJK,Mirpur,National Highway,Poor,Clear,Daylight,Car/Taxi,3,Pedestrian Error,0,0,0,1,0,0,Low
2021,2,Sunday,16,Punjab,Rahim Yar Khan,Motorway,Good,Clear,Daylight,Car/Taxi,2,Over Speeding,0,1,0,1,1,2,Medium
2019,4,Tuesday,10,Sindh,Kashmore,Urban Road,Poor,Clear,Daylight,Motorcycle,1,Mechanical Failure,0,0,0,0,2,0,Low
2018,2,Saturday,3,Punjab,Rahim Yar Khan,National Highway,Average,Extreme Heat,No Light,Bus/Coach,1,Drunk Driving,0,1,1,1,6,2,High
2019,2,Friday,12,Punjab,Gujranwala,National Highway,Good,Clear,Daylight,Motorcycle,2,Over Speeding,1,0,0,1,6,1,High
2022,4,Tuesday,21,Punjab,Lahore,Urban Road,Good,Clear,Street Light,Car/Taxi,2,Wrong Overtaking,0,0,0,0,0,0,Low
2021,1,Monday,18,Punjab,Rawalpindi,National Highway,Poor,Dusty/Smoggy,Daylight,Motorcycle,2,Over Speeding,1,0,0,1,3,0,High
2019,9,Thursday,10,Punjab,Multan,Provincial Highway,Under Repair,Clear,Street Light,Motorcycle,1,Pedestrian Error,0,0,0,0,0,0,Low
2019,12,Saturday,12,Punjab,Lahore,Urban Road,Good,Clear,Daylight,Van/Pickup,2,Drunk Driving,1,1,0,1,5,1,Medium
2018,9,Saturday,9,Punjab,Lahore,National Highway,Good,Clear,Daylight,Motorcycle,1,Road Condition,1,1,0,0,4,3,High
2020,2,Saturday,20,Punjab,Multan,National Highway,Average,Clear,Street Light,Motorcycle,1,Signal Violation,1,1,0,1,4,0,High
2023,1,Sunday,17,KPK,Swat,Provincial Highway,Good,Clear,Daylight,Car/Taxi,2,Over Speeding,1,1,0,1,2,0,Low
2022,6,Tuesday,12,Punjab,Sargodha,Motorway,Poor,Clear,Daylight,Bus/Coach,3,Signal Violation,1,0,0,0,4,0,Medium
2022,8,Monday,7,KPK,Mansehra,National Highway,Good,Clear,Daylight,Motorcycle,3,Wrong Overtaking,1,0,0,0,9,1,High
2023,4,Saturday,12,Punjab,Lahore,Provincial Highway,Good,Extreme Heat,Daylight,Motorcycle,1,Over Speeding,1,1,0,0,2,2,Medium
2021,9,Tuesday,19,KPK,Peshawar,Urban Road,Average,Clear,Dawn/Dusk,Car/Taxi,3,Signal Violation,1,0,0,0,2,0,Low
2019,1,Wednesday,16,Punjab,Sialkot,Provincial Highway,Average,Extreme Heat,Daylight,Car/Taxi,1,Over Speeding,0,0,0,1,1,0,Medium
2020,12,Sunday,20,Punjab,Sargodha,Urban Road,Average,Clear,Street Light,Truck/Lorry,2,Driver Fatigue,1,1,0,1,2,0,Low
2018,2,Saturday,23,KPK,Mardan,National Highway,Poor,Extreme Heat,No Light,Motorcycle,3,Wrong Overtaking,0,1,1,1,4,2,High
2021,6,Monday,19,Balochistan,Khuzdar,Provincial Highway,Average,Foggy,Dawn/Dusk,Car/Taxi,2,Wrong Overtaking,1,0,0,0,2,0,Medium
2020,7,Sunday,6,Punjab,Faisalabad,National Highway,Poor,Clear,Dawn/Dusk,Car/Taxi,2,Signal Violation,0,1,0,0,0,0,Low
2021,1,Monday,4,Punjab,Sialkot,Rural Road,Average,Foggy,No Light,Motorcycle,2,Wrong Overtaking,0,0,1,1,4,1,Medium
2021,9,Monday,7,Islamabad,Islamabad,Provincial Highway,Good,Rainy,Daylight,Car/Taxi,3,Signal Violation,1,0,0,0,0,0,Low
2022,10,Friday,15,Punjab,Lahore,Provincial Highway,Good,Clear,Daylight,Car/Taxi,2,Mechanical Failure,0,0,0,0,0,0,Low
2023,1,Saturday,21,Punjab,Sargodha,National Highway,Average,Clear,No Light,Motorcycle,2,Mobile Phone Use,0,1,0,1,2,0,Medium
2022,8,Monday,16,Islamabad,Islamabad,National Highway,Good,Clear,Dawn/Dusk,Motorcycle,1,Signal Violation,0,0,0,0,1,0,Medium
2019,3,Sunday,18,KPK,Dera Ismail Khan,Urban Road,Good,Rainy,Daylight,Motorcycle,2,Pedestrian Error,1,1,0,0,2,0,Medium
2023,11,Saturday,13,Punjab,Faisalabad,National Highway,Good,Clear,Dawn/Dusk,Car/Taxi,4,Mechanical Failure,1,1,0,1,2,1,Low
2023,8,Wednesday,15,Islamabad,Islamabad,Rural Road,Under Repair,Rainy,Daylight,Motorcycle,2,Mechanical Failure,0,0,0,0,5,0,Medium
2023,11,Friday,13,Sindh,Mirpur Khas,Rural Road,Poor,Clear,Daylight,Bicycle,2,Wrong Overtaking,1,0,0,1,0,0,Low
2019,11,Monday,20,Punjab,Lahore,Provincial Highway,Good,Clear,No Light,Car/Taxi,3,Wrong Overtaking,1,0,0,1,3,0,Medium
2021,8,Sunday,23,KPK,Dera Ismail Khan,Provincial Highway,Average,Clear,No Light,Rickshaw,1,Over Speeding,0,1,1,0,4,0,Medium
2019,8,Wednesday,8,Sindh,Kashmore,Provincial Highway,Poor,Rainy,Daylight,Motorcycle,3,Wrong Overtaking,1,0,0,0,3,0,High
2019,5,Friday,6,Sindh,Jacobabad,Provincial Highway,Average,Foggy,Daylight,Motorcycle,1,Pedestrian Error,0,0,0,0,1,1,Medium
2020,2,Tuesday,22,Gilgit-Baltistan,Gilgit,Rural Road,Average,Clear,Street Light,Car/Taxi,2,Over Speeding,0,0,1,1,0,0,Low
2023,9,Tuesday,2,Punjab,Gujranwala,Rural Road,Good,Rainy,Street Light,Van/Pickup,1,Wrong Overtaking,0,0,1,0,5,1,Medium
2023,11,Sunday,9,Sindh,Thatta,Provincial Highway,Good,Dusty/Smoggy,Street Light,Truck/Lorry,1,Wrong Overtaking,1,1,0,1,2,2,Medium
2019,6,Thursday,7,Sindh,Thatta,Rural Road,Poor,Rainy,Daylight,Car/Taxi,2,Signal Violation,1,0,0,0,2,1,Medium
2023,7,Thursday,19,Punjab,Bahawalpur,Urban Road,Good,Clear,No Light,Bus/Coach,1,Over Speeding,1,0,0,0,3,0,Medium
2023,5,Saturday,19,KPK,Abbottabad,Rural Road,Under Repair,Clear,Dawn/Dusk,Motorcycle,2,Driver Fatigue,1,1,0,0,3,0,Medium
2023,5,Thursday,8,KPK,Charsadda,Provincial Highway,Poor,Foggy,Daylight,Car/Taxi,4,Road Condition,1,0,0,0,3,1,Medium
2019,2,Friday,22,Balochistan,Hub,National Highway,Under Repair,Clear,No Light,Car/Taxi,1,Wrong Overtaking,0,0,1,1,3,2,High
2020,1,Friday,18,Balochistan,Quetta,Provincial Highway,Poor,Dusty/Smoggy,Daylight,Van/Pickup,4,Pedestrian Error,1,0,0,1,2,0,Low
2022,12,Wednesday,13,Sindh,Larkana,Provincial Highway,Poor,Clear,Daylight,Car/Taxi,3,Signal Violation,1,0,0,1,3,1,Medium
2023,7,Saturday,1,Punjab,Gujranwala,Urban Road,Good,Clear,Street Light,Motorcycle,1,Driver Fatigue,0,1,1,0,1,0,Medium
2019,5,Friday,21,Sindh,Thatta,Rural Road,Average,Clear,Street Light,Rickshaw,2,Wrong Overtaking,0,0,0,0,0,0,Low
2021,11,Saturday,18,Punjab,Rahim Yar Khan,National Highway,Average,Foggy,Daylight,Motorcycle,3,Wrong Overtaking,1,1,0,1,5,3,High