year,month,day_of_week,hour_of_day,province,district,road_type,road_condition,weather_condition,lighting_condition,vehicle_type,vehicles_involved,accident_cause,is_rush_hour,is_weekend,is_night,is_foggy_month,num_injured,num_killed,severity
2019,1,Saturday,7,Punjab,Faisalabad,Urban Road,Good,Clear,Daylight,Motorcycle,2,Over Speeding,1,1,0,1,4,0,Medium
2022,10,Tuesday,20,Sindh,Nawabshah,Provincial Highway,Average,Clear,Street Light,Motorcycle,1,Wrong Overtaking,1,0,0,0,2,0,Medium
2023,1,Sunday,17,Sindh,Larkana,Urban Road,Poor,Clear,Daylight,Bus/Coach,2,Signal Violation,1,1,0,1,2,0,Low
2023,7,Monday,12,Sindh,Sukkur,National Highway,Average,Foggy,Daylight,Motorcycle,2,Wrong Overtaking,1,0,0,0,4,0,High
2019,4,Monday,8,Islamabad,Islamabad,National Highway,Average,Rainy,Daylight,Bus/Coach,2,Road Condition,1,0,0,0,3,1,Medium
2020,10,Saturday,23,Punjab,Sheikhupura,Provincial Highway,Poor,Clear,No Light,Motorcycle,1,Signal Violation,0,1,1,0,4,1,High
2022,12,Monday,5,Punjab,Gujranwala,National Highway,Good,Dusty/Smoggy,Street Light,Motorcycle,3,Mechanical Failure,0,0,1,1,6,0,High
2021,3,Friday,18,KPK,Mardan,Provincial Highway,Good,Clear,Daylight,Bus/Coach,2,Over Speeding,1,0,0,0,2,0,High
2023,7,Monday,23,Sindh,Sukkur,Motorway,Average,Clear,No Light,Car/Taxi,2,Over Speeding,0,0,1,0,7,2,High
2018,8,Friday,13,Punjab,Sheikhupura,Provincial Highway,Under Repair,Clear,Daylight,Car/Taxi,1,Wrong Overtaking,1,0,0,0,2,0,Low
2019,9,Saturday,14,Punjab,Bahawalpur,Rural Road,Good,Foggy,Daylight,Car/Taxi,2,Mechanical Failure,0,1,0,0,2,0,Low
2018,12,Monday,10,Punjab,Sialkot,Urban Road,Poor,Dusty/Smoggy,Daylight,Car/Taxi,2,Pedestrian Error,0,0,0,1,0,0,Low
2022,12,Sunday,8,KPK,Charsadda,National Highway,Under Repair,Dusty/Smoggy,Daylight,Motorcycle,2,Over Speeding,1,1,0,1,10,1,High
2021,8,Tuesday,13,Balochistan,Quetta,Provincial Highway,Average,Rainy,Street Light,Truck/Lorry,3,Over Speeding,1,0,0,0,2,2,High
2023,5,Saturday,9,Punjab,Faisalabad,Urban Road,Good,Clear,Daylight,Motorcycle,2,Road Condition,1,1,0,0,5,0,Medium
2021,5,Friday,18,Punjab,Sialkot,Urban Road,Good,Clear,No Light,Truck/Lorry,2,Wrong Overtaking,1,0,0,0,0,0,Low
2023,2,Wednesday,18,Punjab,Gujranwala,Urban Road,Poor,Clear,Daylight,Car/Taxi,4,Over Speeding,1,0,0,1,0,1,Low
2022,1,Monday,9,Punjab,Lahore,Rural Road,Good,Clear,Daylight,Rickshaw,1,Over Speeding,1,0,0,1,1,0,Low
2023,12,Monday,20,Punjab,Multan,Urban Road,Good,Dusty/Smoggy,Street Light,Rickshaw,1,Drunk Driving,1,0,0,1,1,1,Low
2020,7,Saturday,17,Punjab,Bahawalpur,National Highway,Average,Rainy,Daylight,Motorcycle,4,Signal Violation,1,1,0,0,7,1,High
2022,7,Saturday,15,Sindh,Dadu,National Highway,Good,Foggy,Daylight,Motorcycle,3,Mechanical Failure,0,1,0,0,6,0,High
2021,1,Wednesday,18,Punjab,Lahore,Urban Road,Good,Dusty/Smoggy,Daylight,Bus/Coach,1,Signal Violation,1,0,0,1,4,1,Medium
2023,6,Thursday,6,Sindh,Hyderabad,Urban Road,Good,Rainy,Daylight,Motorcycle,1,Over Speeding,0,0,0,0,4,3,High
2021,1,Monday,21,Punjab,Rawalpindi,National Highway,Good,Clear,No Light,Motorcycle,1,Road Condition,0,0,0,1,3,1,Medium
2019,5,Sunday,5,KPK,Nowshera,National Highway,Average,Clear,Daylight,Car/Taxi,1,Signal Violation,0,1,1,0,2,2,High
2023,4,Wednesday,19,Islamabad,Islamabad,Provincial Highway,Average,Dusty/Smoggy,Dawn/Dusk,Car/Taxi,2,Pedestrian Error,1,0,0,0,1,0,Low
2022,9,Sunday,12,Punjab,Gujranwala,Provincial Highway,Average,Clear,Daylight,Rickshaw,4,Road Condition,1,1,0,0,1,0,Low
2022,1,Saturday,13,Punjab,Faisalabad,Motorway,Good,Dusty/Smoggy,Daylight,Motorcycle,2,Over Speeding,1,1,0,1,5,1,High
2018,7,Sunday,21,Punjab,Rawalpindi,Motorway,Under Repair,Clear,Street Light,Motorcycle,2,Over Speeding,0,1,0,0,11,1,High
2019,4,Saturday,15,Punjab,Bahawalpur,Provincial Highway,Good,Foggy,Daylight,Car/Taxi,2,Wrong Overtaking,0,1,0,0,5,0,Medium
2022,8,Friday,22,Punjab,Multan,Urban Road,Poor,Foggy,Street Light,Van/Pickup,2,Signal Violation,0,0,1,0,3,0,Medium
2022,1,Wednesday,18,Sindh,Kashmore,National Highway,Good,Clear,Daylight,Motorcycle,1,Over Speeding,1,0,0,1,3,1,High
2020,5,Wednesday,7,Sindh,Dadu,Provincial Highway,Average,Clear,No Light,Car/Taxi,2,Signal Violation,1,0,0,0,1,0,Low
2021,10,Saturday,16,Punjab,Sialkot,Rural Road,Good,Clear,Daylight,Bicycle,4,Mobile Phone Use,0,1,0,0,0,0,Low
2023,12,Tuesday,15,KPK,Charsadda,National Highway,Good,Clear,Daylight,Rickshaw,2,Over Speeding,0,0,0,1,5,1,Medium
2022,10,Monday,13,Punjab,Rahim Yar Khan,Rural Road,Average,Foggy,Dawn/Dusk,Motorcycle,3,Over Speeding,1,0,0,0,6,2,High
2021,4,Thursday,17,Punjab,Sialkot,National Highway,Good,Rainy,Daylight,Car/Taxi,2,Over Speeding,1,0,0,0,5,1,High
2018,3,Wednesday,8,KPK,Mardan,National Highway,Average,Clear,Daylight,Car/Taxi,2,Road Condition,1,0,0,0,2,0,Low
2022,6,Thursday,14,Punjab,Rahim Yar Khan,National Highway,Under Repair,Clear,Dawn/Dusk,Van/Pickup,2,Over Speeding,0,0,0,0,4,1,Medium
2021,10,Monday,19,KPK,Charsadda,Urban Road,Poor,Foggy,Dawn/Dusk,Truck/Lorry,1,Wrong Overtaking,1,0,0,0,3,1,Medium
2023,1,Sunday,12,AJK,Rawalakot,National Highway,Poor,Dusty/Smoggy,Daylight,Rickshaw,3,Mechanical Failure,1,1,0,1,0,0,Low
2020,4,Friday,8,KPK,Swat,National Highway,Average,Clear,Daylight,Motorcycle,2,Over Speeding,1,0,0,0,10,3,High
2019,5,Friday,20,Punjab,Sialkot,Urban Road,Average,Clear,No Light,Car/Taxi,1,Signal Violation,1,0,0,0,2,0,Low
2019,10,Sunday,17,Sindh,Dadu,Rural Road,Under Repair,Clear,Daylight,Bus/Coach,3,Signal Violation,1,1,0,0,2,0,Low
2023,4,Saturday,18,Sindh,Karachi,National Highway,Average,Foggy,Daylight,Motorcycle,2,Road Condition,1,1,0,0,10,0,High
2023,11,Sunday,8,Gilgit-Baltistan,Hunza,Rural Road,Good,Clear,Daylight,Motorcycle,2,Signal Violation,1,1,0,1,0,0,Low
2020,7,Monday,8,Islamabad,Islamabad,Provincial Highway,Good,Rainy,Dawn/Dusk,Motorcycle,2,Driver Fatigue,1,0,0,0,11,2,High
2020,9,Saturday,22,Punjab,Sheikhupura,National Highway,Poor,Dusty/Smoggy,Street Light,Rickshaw,4,Road Condition,0,1,1,0,2,2,Medium
2019,10,Saturday,19,Balochistan,Dera Bugti,Provincial Highway,Under Repair,Foggy,Street Light,Motorcycle,2,Wrong Overtaking,1,1,0,0,4,0,Medium
2021,4,Friday,5,Punjab,Multan,Motorway,Average,Foggy,Daylight,Van/Pickup,2,Over Speeding,0,0,1,0,7,1,High
2022,1,Thursday,15,Punjab,Lahore,Urban Road,Good,Extreme Heat,Daylight,Van/Pickup,2,Wrong Overtaking,0,0,0,1,1,1,Low
2018,2,Monday,8,Punjab,Bahawalpur,Rural Road,Good,Foggy,Daylight,Motorcycle,1,Over Speeding,1,0,0,1,5,1,Medium
2020,2,Thursday,18,Punjab,Bahawalpur,Urban Road,Poor,Dusty/Smoggy,Daylight,Car/Taxi,2,Signal Violation,1,0,0,1,1,1,Low
2023,1,Wednesday,13,Balochistan,Sibi,Urban Road,Good,Foggy,Daylight,Car/Taxi,2,Drunk Driving,1,0,0,1,2,0,Medium
2022,8,Sunday,20,Punjab,Rahim Yar Khan,National Highway,Good,Clear,No Light,Car/Taxi,1,Mobile Phone Use,1,1,0,0,1,0,Low
2023,7,Wednesday,16,KPK,Peshawar,Provincial Highway,Good,Clear,Daylight,Motorcycle,1,Road Condition,0,0,0,0,4,0,Medium
2021,2,Monday,8,Gilgit-Baltistan,Hunza,Provincial Highway,Average,Extreme Heat,Daylight,Van/Pickup,1,Road Condition,1,0,0,1,2,0,Low
2022,5,Tuesday,18,Balochistan,Turbat,Rural Road,Average,Dusty/Smoggy,Daylight,Motorcycle,1,Mobile Phone Use,1,0,0,0,2,0,Low
2021,10,Monday,18,Punjab,Sialkot,Rural Road,Average,Rainy,Daylight,Truck/Lorry,2,Wrong Overtaking,1,0,0,0,5,0,Medium
2022,12,Thursday,12,KPK,Kohat,Rural Road,Good,Foggy,Street Light,Car/Taxi,3,Mechanical Failure,1,0,0,1,2,0,Low
2019,9,Friday,11,Sindh,Sukkur,Rural Road,Good,Dusty/Smoggy,Daylight,Car/Taxi,1,Wrong Overtaking,0,0,0,0,2,0,Low
2022,9,Sunday,8,KPK,Abbottabad,Rural Road,Poor,Clear,Dawn/Dusk,Truck/Lorry,2,Mechanical Failure,1,1,0,0,1,0,Low
2019,12,Wednesday,20,Punjab,Sheikhupura,National Highway,Good,Clear,Street Light,Car/Taxi,2,Driver Fatigue,1,0,0,1,2,0,Medium
2023,4,Wednesday,21,Sindh,Karachi,National Highway,Under Repair,Clear,Street Light,Motorcycle,2,Wrong Overtaking,0,0,0,0,10,0,High
2022,7,Monday,11,KPK,Swat,National Highway,Average,Clear,Daylight,Rickshaw,3,Over Speeding,0,0,0,0,3,0,Medium
2021,1,Tuesday,22,KPK,Nowshera,National Highway,Average,Clear,No Light,Motorcycle,2,Road Condition,0,0,1,1,3,0,Medium
2022,7,Wednesday,10,Islamabad,Islamabad,National Highway,Good,Clear,No Light,Car/Taxi,3,Over Speeding,0,0,0,0,8,2,High
2019,8,Thursday,15,Punjab,Gujranwala,Provincial Highway,Average,Rainy,Daylight,Car/Taxi,2,Over Speeding,0,0,0,0,5,1,Medium
2019,3,Monday,18,Punjab,Sheikhupura,Provincial Highway,Poor,Foggy,No Light,Truck/Lorry,2,Driver Fatigue,1,0,0,0,5,2,High
2020,10,Thursday,18,Sindh,Kashmore,Provincial Highway,Good,Clear,Daylight,Car/Taxi,2,Wrong Overtaking,1,0,0,0,0,0,Low
2019,11,Wednesday,17,Punjab,Bahawalpur,National Highway,Poor,Clear,Daylight,Truck/Lorry,1,Wrong Overtaking,1,0,0,1,11,1,High
2019,11,Friday,18,Punjab,Lahore,Provincial Highway,Good,Clear,Street Light,Motorcycle,2,Over Speeding,1,0,0,1,4,1,High
2023,7,Friday,9,Punjab,Bahawalpur,National Highway,Average,Clear,Daylight,Car/Taxi,4,Wrong Overtaking,1,0,0,0,1,1,Medium
2020,4,Sunday,12,KPK,Dera Ismail Khan,Rural Road,Average,Rainy,Daylight,Motorcycle,1,Road Condition,1,1,0,0,3,0,Medium
2020,6,Saturday,13,Balochistan,Dera Bugti,Rural Road,Average,Rainy,Daylight,Truck/Lorry,1,Road Condition,1,1,0,0,2,0,Low
2020,10,Monday,12,Punjab,Gujranwala,Rural Road,Good,Dusty/Smoggy,Daylight,Car/Taxi,2,Weather Condition,1,0,0,0,0,0,Low
2020,7,Saturday,11,Punjab,Sialkot,Motorway,Average,Clear,Dawn/Dusk,Car/Taxi,2,Wrong Overtaking,0,1,0,0,5,0,Medium
2023,7,Friday,11,Punjab,Lahore,National Highway,Poor,Foggy,Dawn/Dusk,Car/Taxi,1,Over Speeding,0,0,0,0,2,2,High
2020,1,Friday,18,Sindh,Mirpur Khas,Urban Road,Good,Clear,Daylight,Van/Pickup,1,Signal Violation,1,0,0,1,2,0,Low
2022,7,Sunday,17,KPK,Swat,National Highway,Good,Clear,Daylight,Bicycle,2,Over Speeding,1,1,0,0,2,0,High
2022,10,Monday,22,Punjab,Sheikhupura,Provincial Highway,Poor,Dusty/Smoggy,No Light,Car/Taxi,1,Over Speeding,0,0,1,0,4,0,Medium
2019,2,Thursday,11,Sindh,Larkana,Rural Road,Under Repair,Clear,Daylight,Bus/Coach,1,Signal Violation,0,0,0,1,0,0,Low
2021,7,Friday,19,Punjab,Sialkot,National Highway,Average,Clear,Dawn/Dusk,Bus/Coach,1,Over Speeding,1,0,0,0,7,1,High
2021,4,Thursday,10,AJK,Mirpur,Rural Road,Average,Clear,Daylight,Car/Taxi,2,Signal Violation,0,0,0,0,2,1,Low
2018,12,Thursday,16,Balochistan,Khuzdar,Urban Road,Good,Clear,Daylight,Other,2,Mechanical Failure,0,0,0,1,1,0,Low
2021,8,Friday,23,Islamabad,Islamabad,Provincial Highway,Good,Clear,Street Light,Van/Pickup,2,Over Speeding,0,0,1,0,4,1,Medium
2021,12,Wednesday,20,Punjab,Sheikhupura,Provincial Highway,Good,Clear,No Light,Motorcycle,2,Mechanical Failure,1,0,0,1,2,0,Low
2019,5,Sunday,14,Sindh,Thatta,National Highway,Poor,Clear,Daylight,Car/Taxi,1,Signal Violation,0,1,0,0,3,0,Medium
2022,2,Thursday,17,Punjab,Sheikhupura,National Highway,Average,Dusty/Smoggy,Daylight,Rickshaw,3,Over Speeding,1,0,0,1,4,0,Medium
2022,5,Friday,2,Sindh,Kashmore,National Highway,Good,Clear,Street Light,Truck/Lorry,2,Over Speeding,0,0,1,0,7,4,High
2020,11,Tuesday,1,Punjab,Sialkot,National Highway,Good,Clear,No Light,Rickshaw,3,Mechanical Failure,0,0,1,1,0,0,Low
2023,1,Friday,11,KPK,Charsadda,Urban Road,Average,Clear,Daylight,Truck/Lorry,1,Wrong Overtaking,0,0,0,1,1,0,Low
2022,5,Friday,19,Sindh,Karachi,Urban Road,Good,Clear,Street Light,Motorcycle,3,Signal Violation,1,0,0,0,2,0,Medium
2019,3,Wednesday,10,Sindh,Karachi,Urban Road,Good,Dusty/Smoggy,Daylight,Car/Taxi,2,Driver Fatigue,0,0,0,0,0,0,Low
2018,4,Thursday,10,KPK,Dera Ismail Khan,Urban Road,Poor,Clear,Daylight,Motorcycle,2,Wrong Overtaking,0,0,0,0,2,1,Medium
2021,8,Tuesday,9,Sindh,Larkana,National Highway,Under Repair,Clear,Daylight,Rickshaw,2,Over Speeding,1,0,0,0,5,1,Medium
2020,12,Monday,17,Punjab,Lahore,National Highway,Good,Foggy,Street Light,Van/Pickup,1,Over Speeding,1,0,0,1,3,0,Medium
2023,7,Wednesday,7,Sindh,Jacobabad,Urban Road,Good,Clear,Daylight,Rickshaw,1,Over Speeding,1,0,0,0,1,0,Medium
2022,1,Saturday,11,Islamabad,Islamabad,Urban Road,Average,Clear,No Light,Rickshaw,4,Driver Fatigue,0,1,0,1,0,0,Low
2021,10,Sunday,9,Sindh,Larkana,National Highway,Good,Clear,Daylight,Bus/Coach,2,Driver Fatigue,1,1,0,0,9,0,High
2020,9,Sunday,6,Sindh,Karachi,National Highway,Average,Clear,Daylight,Truck/Lorry,1,Pedestrian Error,0,1,0,0,2,1,Medium
2021,11,Thursday,5,Islamabad,Islamabad,Provincial Highway,Under Repair,Rainy,Street Light,Motorcycle,2,Over Speeding,0,0,1,1,9,0,High
2020,3,Sunday,14,Sindh,Karachi,National Highway,Poor,Clear,Daylight,Van/Pickup,2,Wrong Overtaking,0,1,0,0,1,0,Medium
2020,6,Monday,6,Gilgit-Baltistan,Skardu,National Highway,Good,Clear,No Light,Rickshaw,1,Signal Violation,0,0,0,0,3,1,Medium
2023,2,Tuesday,8,Punjab,Sialkot,Rural Road,Average,Extreme Heat,Daylight,Motorcycle,2,Over Speeding,1,0,0,1,1,1,Medium
2019,10,Saturday,18,Sindh,Nawabshah,National Highway,Average,Foggy,Dawn/Dusk,Car/Taxi,3,Wrong Overtaking,1,1,0,0,6,1,High
2018,10,Tuesday,12,Punjab,Sialkot,National Highway,Poor,Clear,Daylight,Motorcycle,1,Over Speeding,1,0,0,0,8,2,High
2023,8,Sunday,14,Sindh,Dadu,Rural Road,Good,Clear,Dawn/Dusk,Motorcycle,1,Over Speeding,0,1,0,0,4,2,Medium
2021,12,Thursday,18,Punjab,Sargodha,National Highway,Average,Rainy,Daylight,Car/Taxi,4,Over Speeding,1,0,0,1,3,1,High
2023,8,Thursday,11,Punjab,Sargodha,Urban Road,Average,Foggy,Daylight,Motorcycle,1,Driver Fatigue,0,0,0,0,8,3,High
2021,6,Friday,20,Punjab,Lahore,Rural Road,Good,Clear,No Light,Motorcycle,2,Road Condition,1,0,0,0,0,0,Low
2023,6,Sunday,8,Punjab,Bahawalpur,Provincial Highway,Under Repair,Clear,Daylight,Motorcycle,2,Road Condition,1,1,0,0,3,1,Medium
2021,5,Friday,3,Punjab,Sialkot,Provincial Highway,Under Repair,Clear,No Light,Car/Taxi,2,Pedestrian Error,0,0,1,0,0,0,Low
2019,11,Friday,9,KPK,Kohat,National Highway,Good,Foggy,Daylight,Motorcycle,4,Road Condition,1,0,0,1,3,2,High
2022,9,Sunday,7,Punjab,Sialkot,Provincial Highway,Average,Clear,Dawn/Dusk,Car/Taxi,3,Signal Violation,1,1,0,0,0,0,Low
2021,8,Sunday,18,Punjab,Sheikhupura,Provincial Highway,Under Repair,Clear,Daylight,Rickshaw,2,Pedestrian Error,1,1,0,0,2,0,Low
2021,3,Thursday,18,Punjab,Multan,National Highway,Under Repair,Foggy,Daylight,Rickshaw,1,Signal Violation,1,0,0,0,7,2,High
2023,5,Tuesday,10,Punjab,Sargodha,National Highway,Average,Clear,Dawn/Dusk,Rickshaw,3,Driver Fatigue,0,0,0,0,5,0,Medium
2020,10,Tuesday,21,Balochistan,Khuzdar,Provincial Highway,Average,Clear,Street Light,Truck/Lorry,3,Pedestrian Error,0,0,0,0,1,0,Low
2023,9,Saturday,16,KPK,Mardan,Provincial Highway,Good,Dusty/Smoggy,Daylight,Bus/Coach,2,Signal Violation,0,1,0,0,4,0,Medium
2022,11,Sunday,13,Balochistan,Khuzdar,National Highway,Under Repair,Foggy,No Light,Bus/Coach,3,Road Condition,1,1,0,1,3,0,Medium
2023,11,Monday,7,Punjab,Sargodha,Motorway,Poor,Foggy,Daylight,Motorcycle,2,Wrong Overtaking,1,0,0,1,11,0,High
2021,5,Tuesday,6,Punjab,Sialkot,Rural Road,Good,Foggy,Street Light,Motorcycle,4,Signal Violation,0,0,0,0,1,1,Medium
2020,5,Friday,9,Punjab,Rawalpindi,Rural Road,Poor,Clear,Daylight,Motorcycle,4,Over Speeding,1,0,0,0,5,0,Medium
2021,3,Thursday,19,Sindh,Larkana,National Highway,Average,Clear,Street Light,Truck/Lorry,1,Wrong Overtaking,1,0,0,0,1,0,Medium
2022,4,Tuesday,12,KPK,Peshawar,Provincial Highway,Good,Clear,Daylight,Motorcycle,2,Wrong Overtaking,1,0,0,0,8,1,High
2023,4,Saturday,11,Balochistan,Loralai,Urban Road,Good,Clear,Street Light,Rickshaw,1,Over Speeding,0,1,0,0,0,0,Low
2023,10,Saturday,7,Punjab,Gujranwala,National Highway,Poor,Foggy,Daylight,Car/Taxi,1,Road Condition,1,1,0,0,2,1,Medium
2022,12,Thursday,18,Punjab,Lahore,National Highway,Poor,Clear,Daylight,Car/Taxi,2,Road Condition,1,0,0,1,1,0,Low
2022,5,Saturday,8,Punjab,Multan,National Highway,Good,Rainy,Daylight,Van/Pickup,4,Over Speeding,1,1,0,0,10,4,High
2018,10,Friday,6,KPK,Swat,Provincial Highway,Average,Clear,Daylight,Motorcycle,3,Signal Violation,0,0,0,0,10,3,High
2018,2,Sunday,17,Punjab,Sargodha,National Highway,Average,Clear,Daylight,Motorcycle,3,Over Speeding,1,1,0,1,5,1,High
2019,2,Thursday,11,Sindh,Nawabshah,National Highway,Good,Rainy,Daylight,Car/Taxi,4,Over Speeding,0,0,0,1,11,0,High
2022,7,Saturday,18,Islamabad,Islamabad,Rural Road,Average,Extreme Heat,Daylight,Car/Taxi,1,Wrong Overtaking,1,1,0,0,0,0,Low
2023,4,Saturday,20,KPK,Dera Ismail Khan,Rural Road,Good,Clear,No Light,Motorcycle,2,Road Condition,1,1,0,0,2,0,Low
2021,9,Monday,16,Punjab,Rahim Yar Khan,Rural Road,Good,Foggy,Daylight,Car/Taxi,2,Mechanical Failure,0,0,0,0,1,0,Low
2020,3,Monday,5,Punjab,Multan,National Highway,Average,Clear,Dawn/Dusk,Motorcycle,1,Over Speeding,0,0,1,0,6,1,High
2023,2,Wednesday,7,KPK,Kohat,National Highway,Good,Clear,Daylight,Motorcycle,1,Wrong Overtaking,1,0,0,1,5,1,High
2022,1,Wednesday,20,Sindh,Hyderabad,Rural Road,Good,Clear,No Light,Motorcycle,3,Over Speeding,1,0,0,1,4,2,High
2019,9,Wednesday,15,KPK,Nowshera,Rural Road,Poor,Clear,Daylight,Car/Taxi,2,Wrong Overtaking,0,0,0,0,0,1,Low
2023,6,Tuesday,11,Punjab,Sheikhupura,Provincial Highway,Average,Extreme Heat,Daylight,Motorcycle,4,Over Speeding,0,0,0,0,7,1,High
2022,7,Monday,21,Balochistan,Sibi,Urban Road,Good,Clear,Street Light,Bus/Coach,4,Mechanical Failure,0,0,0,0,2,1,Low
2021,9,Monday,21,KPK,Nowshera,Urban Road,Good,Rainy,Street Light,Motorcycle,1,Wrong Overtaking,0,0,0,0,9,4,High
2022,11,Saturday,11,Balochistan,Loralai,Rural Road,Under Repair,Clear,Daylight,Bus/Coach,2,Signal Violation,0,1,0,1,1,0,Low
2021,7,Tuesday,13,Punjab,Bahawalpur,National Highway,Average,Clear,Dawn/Dusk,Car/Taxi,1,Signal Violation,1,0,0,0,2,0,Low
2020,11,Monday,20,Punjab,Gujranwala,Urban Road,Good,Foggy,No Light,Truck/Lorry,2,Road Condition,1,0,0,1,3,0,Medium
2018,7,Sunday,9,Punjab,Lahore,Rural Road,Good,Clear,Dawn/Dusk,Bus/Coach,2,Signal Violation,1,1,0,0,3,0,Medium
2023,11,Monday,23,Islamabad,Islamabad,National Highway,Good,Clear,Street Light,Car/Taxi,1,Signal Violation,0,0,1,1,1,1,Medium
2018,8,Tuesday,23,Punjab,Rahim Yar Khan,National Highway,Good,Clear,No Light,Car/Taxi,4,Over Speeding,0,0,1,0,11,2,High
2019,12,Sunday,14,Punjab,Rahim Yar Khan,National Highway,Poor,Clear,Daylight,Motorcycle,1,Signal Violation,0,1,0,1,2,0,Medium
2021,8,Saturday,17,Punjab,Rahim Yar Khan,National Highway,Good,Clear,Street Light,Motorcycle,3,Over Speeding,1,1,0,0,10,0,High
2019,7,Friday,9,KPK,Abbottabad,National Highway,Average,Foggy,Daylight,Van/Pickup,1,Driver Fatigue,1,0,0,0,5,1,High
2023,9,Sunday,7,Balochistan,Khuzdar,National Highway,Good,Clear,Daylight,Motorcycle,2,Wrong Overtaking,1,1,0,0,3,0,Medium
2021,5,Monday,15,KPK,Abbottabad,Urban Road,Good,Clear,Daylight,Other,2,Mechanical Failure,0,0,0,0,2,1,Low
2020,11,Monday,23,Sindh,Mirpur Khas,National Highway,Average,Clear,No Light,Bus/Coach,1,Signal Violation,0,0,1,1,2,0,Medium
2019,7,Monday,15,Gilgit-Baltistan,Gilgit,Provincial Highway,Average,Rainy,Daylight,Car/Taxi,2,Over Speeding,0,0,0,0,4,1,Medium
2019,7,Saturday,15,Punjab,Sargodha,Provincial Highway,Under Repair,Clear,Daylight,Bus/Coach,2,Mechanical Failure,0,1,0,0,1,0,Low
2021,9,Saturday,12,Balochistan,Sibi,National Highway,Poor,Clear,No Light,Car/Taxi,2,Wrong Overtaking,1,1,0,0,1,1,Medium
2020,7,Sunday,8,Sindh,Larkana,National Highway,Under Repair,Dusty/Smoggy,Daylight,Bus/Coach,3,Over Speeding,1,1,0,0,4,0,Medium
2021,2,Friday,18,Sindh,Thatta,National Highway,Average,Rainy,Dawn/Dusk,Motorcycle,3,Signal Violation,1,0,0,1,5,2,High
2021,2,Monday,19,Punjab,Rahim Yar Khan,Motorway,Average,Clear,No Light,Motorcycle,1,Wrong Overtaking,1,0,0,1,4,2,Medium
2023,12,Wednesday,6,Punjab,Sialkot,National Highway,Average,Rainy,Street Light,Car/Taxi,1,Signal Violation,0,0,0,1,2,1,High
2020,2,Saturday,17,Punjab,Rawalpindi,Urban Road,Good,Rainy,Daylight,Rickshaw,1,Pedestrian Error,1,1,0,1,1,0,Low
2020,6,Saturday,10,Punjab,Rahim Yar Khan,Urban Road,Good,Clear,Daylight,Car/Taxi,1,Wrong Overtaking,0,1,0,0,1,0,Low
2023,2,Saturday,20,Sindh,Mirpur Khas,Urban Road,Good,Dusty/Smoggy,No Light,Rickshaw,2,Mechanical Failure,1,1,0,1,1,0,Low
2019,6,Tuesday,7,Punjab,Bahawalpur,Urban Road,Good,Foggy,Daylight,Truck/Lorry,1,Wrong Overtaking,1,0,0,0,2,0,Low
2020,9,Friday,16,Punjab,Lahore,Provincial Highway,Good,Clear,Daylight,Car/Taxi,2,Wrong Overtaking,0,0,0,0,0,0,Low
2021,7,Friday,17,Balochistan,Khuzdar,Urban Road,Good,Clear,Dawn/Dusk,Car/Taxi,2,Over Speeding,1,0,0,0,0,0,Low
2021,8,Thursday,17,Islamabad,Islamabad,National Highway,Under Repair,Clear,Daylight,Motorcycle,2,Wrong Overtaking,1,0,0,0,6,0,High
2022,7,Thursday,6,Islamabad,Islamabad,Provincial Highway,Good,Foggy,No Light,Rickshaw,2,Over Speeding,0,0,0,0,4,1,Medium
2023,12,Saturday,23,KPK,Charsadda,Motorway,Under Repair,Clear,No Light,Truck/Lorry,3,Road Condition,0,1,1,1,7,3,High
2023,11,Friday,10,KPK,Nowshera,Urban Road,Good,Rainy,Daylight,Motorcycle,2,Driver Fatigue,0,0,0,1,1,1,Medium
2019,2,Friday,11,KPK,Peshawar,National Highway,Poor,Dusty/Smoggy,Daylight,Car/Taxi,1,Over Speeding,0,0,0,1,3,1,Medium
2022,8,Tuesday,0,Sindh,Larkana,Rural Road,Good,Clear,Street Light,Car/Taxi,1,Wrong Overtaking,0,0,1,0,1,0,Low
2023,6,Monday,18,Punjab,Gujranwala,Provincial Highway,Average,Clear,Daylight,Motorcycle,3,Over Speeding,1,0,0,0,2,2,Medium
2021,3,Sunday,16,Punjab,Gujranwala,Provincial Highway,Good,Rainy,Daylight,Motorcycle,2,Driver Fatigue,0,1,0,0,9,2,High
2019,12,Friday,8,Punjab,Gujranwala,Provincial Highway,Good,Clear,Daylight,Motorcycle,1,Wrong Overtaking,1,0,0,1,3,1,High
2020,1,Friday,15,Balochistan,Gwadar,Provincial Highway,Average,Foggy,Daylight,Car/Taxi,3,Wrong Overtaking,0,0,0,1,0,0,Low
2018,2,Saturday,16,KPK,Bannu,Provincial Highway,Poor,Clear,Street Light,Bicycle,3,Mechanical Failure,0,1,0,1,2,1,Medium
2020,2,Tuesday,12,Sindh,Karachi,National Highway,Poor,Foggy,Daylight,Car/Taxi,2,Wrong Overtaking,1,0,0,1,3,0,Medium
2021,3,Friday,19,Punjab,Sargodha,National Highway,Poor,Clear,Street Light,Motorcycle,3,Over Speeding,1,0,0,0,3,2,High
2019,7,Thursday,23,Punjab,Lahore,Provincial Highway,Good,Clear,No Light,Truck/Lorry,3,Signal Violation,0,0,1,0,2,0,Medium