year,month,day_of_week,hour_of_day,province,district,road_type,road_condition,weather_condition,lighting_condition,vehicle_type,vehicles_involved,accident_cause,is_rush_hour,is_weekend,is_night,is_foggy_month,num_injured,num_killed,severity
2021,8,Saturday,18,KPK,Abbottabad,National Highway,Average,Clear,Daylight,Car/Taxi,1,Drunk Driving,1,1,0,0,1,1,Medium
2020,10,Tuesday,11,Sindh,Kashmore,Rural Road,Average,Rainy,Street Light,Bicycle,1,Pedestrian Error,0,0,0,0,3,0,Medium
2020,11,Friday,23,Sindh,Mirpur Khas,Rural Road,Under Repair,Clear,No Light,Truck/Lorry,1,Weather Condition,0,0,1,1,1,0,Low
2022,1,Wednesday,16,Punjab,Bahawalpur,Provincial Highway,Good,Clear,Daylight,Motorcycle,2,Over Speeding,0,0,0,1,5,2,High
2020,9,Sunday,16,Sindh,Jacobabad,National Highway,Average,Clear,Daylight,Rickshaw,1,Pedestrian Error,0,1,0,0,1,0,Medium
2023,10,Friday,17,Islamabad,Islamabad,Rural Road,Good,Foggy,Daylight,Car/Taxi,2,Wrong Overtaking,1,0,0,0,2,0,Low
2019,12,Saturday,5,Balochistan,Loralai,National Highway,Good,Clear,No Light,Motorcycle,2,Wrong Overtaking,0,1,1,1,7,2,High
2019,7,Tuesday,15,Punjab,Gujranwala,Rural Road,Good,Foggy,Daylight,Van/Pickup,2,Road Condition,0,0,0,0,2,0,Low
2023,5,Saturday,5,Sindh,Kashmore,Provincial Highway,Average,Clear,No Light,Truck/Lorry,2,Mobile Phone Use,0,1,1,0,2,0,Low
2023,1,Sunday,0,Punjab,Sargodha,National Highway,Good,Clear,No Light,Other,2,Drunk Driving,0,1,1,1,5,0,Medium
2022,1,Saturday,19,Sindh,Kashmore,Rural Road,Poor,Dusty/Smoggy,Dawn/Dusk,Motorcycle,2,Road Condition,1,1,0,1,2,0,Low
2019,4,Thursday,7,Sindh,Sukkur,Urban Road,Average,Foggy,Street Light,Car/Taxi,1,Over Speeding,1,0,0,0,3,0,Medium
2020,1,Wednesday,16,Punjab,Multan,National Highway,Poor,Foggy,Daylight,Motorcycle,2,Driver Fatigue,0,0,0,1,6,0,High
2023,8,Tuesday,19,KPK,Swat,Motorway,Poor,Rainy,Dawn/Dusk,Bus/Coach,2,Signal Violation,1,0,0,0,5,2,High
2021,9,Monday,14,Sindh,Hyderabad,Motorway,Average,Dusty/Smoggy,Daylight,Car/Taxi,2,Driver Fatigue,0,0,0,0,3,2,Medium
2022,4,Saturday,18,Gilgit-Baltistan,Gilgit,Rural Road,Good,Dusty/Smoggy,No Light,Truck/Lorry,2,Driver Fatigue,1,1,0,0,2,0,Medium
2019,9,Wednesday,5,Punjab,Sheikhupura,Rural Road,Average,Clear,No Light,Bus/Coach,1,Signal Violation,0,0,1,0,2,1,Medium
2023,1,Thursday,7,Punjab,Faisalabad,National Highway,Average,Clear,Daylight,Car/Taxi,2,Drunk Driving,1,0,0,1,5,2,Medium
2018,5,Wednesday,10,KPK,Peshawar,National Highway,Average,Clear,Daylight,Motorcycle,2,Over Speeding,0,0,0,0,9,1,High
2019,8,Friday,8,KPK,Dera Ismail Khan,National Highway,Good,Clear,Daylight,Car/Taxi,1,Driver Fatigue,1,0,0,0,3,2,Medium
2022,1,Monday,2,Sindh,Thatta,Provincial Highway,Poor,Clear,Street Light,Rickshaw,3,Over Speeding,0,0,1,1,3,2,High
2018,5,Thursday,2,AJK,Muzaffarabad,National Highway,Average,Clear,No Light,Motorcycle,1,Over Speeding,0,0,1,0,4,2,High
2021,2,Tuesday,17,Punjab,Multan,Provincial Highway,Good,Dusty/Smoggy,Daylight,Motorcycle,3,Signal Violation,1,0,0,1,1,1,Medium
2018,2,Sunday,6,Punjab,Rawalpindi,Urban Road,Good,Clear,Daylight,Motorcycle,1,Pedestrian Error,0,1,0,1,2,0,Low
2020,1,Sunday,12,Balochistan,Loralai,National Highway,Poor,Dusty/Smoggy,Daylight,Car/Taxi,2,Wrong Overtaking,1,1,0,1,2,0,Medium
2023,8,Tuesday,18,Sindh,Jacobabad,Provincial Highway,Good,Foggy,Daylight,Rickshaw,2,Mechanical Failure,1,0,0,0,1,0,Low
2021,4,Tuesday,17,Punjab,Sheikhupura,Urban Road,Average,Clear,Daylight,Truck/Lorry,2,Wrong Overtaking,1,0,0,0,0,0,Low
2023,11,Saturday,22,KPK,Swat,National Highway,Good,Dusty/Smoggy,No Light,Motorcycle,2,Mechanical Failure,0,1,1,1,4,0,Medium
2023,7,Tuesday,17,Sindh,Sukkur,Motorway,Poor,Rainy,No Light,Rickshaw,2,Wrong Overtaking,1,0,0,0,3,0,Medium
2021,7,Thursday,19,Punjab,Sialkot,Rural Road,Good,Clear,Dawn/Dusk,Truck/Lorry,1,Wrong Overtaking,1,0,0,0,4,0,Medium
2020,12,Monday,7,Punjab,Sialkot,Urban Road,Average,Clear,Daylight,Car/Taxi,2,Signal Violation,1,0,0,1,0,0,Low
2021,1,Friday,11,Punjab,Gujranwala,Motorway,Good,Rainy,Daylight,Car/Taxi,3,Wrong Overtaking,0,0,0,1,11,4,High
2022,7,Friday,13,Punjab,Faisalabad,National Highway,Poor,Clear,Dawn/Dusk,Car/Taxi,2,Pedestrian Error,1,0,0,0,1,1,Low
2021,5,Saturday,11,Islamabad,Islamabad,National Highway,Average,Rainy,Daylight,Truck/Lorry,3,Over Speeding,0,1,0,0,5,2,High
2021,8,Wednesday,20,Punjab,Faisalabad,National Highway,Poor,Extreme Heat,No Light,Car/Taxi,1,Over Speeding,1,0,0,0,9,1,High
2022,7,Saturday,15,Punjab,Gujranwala,Provincial Highway,Good,Clear,Daylight,Motorcycle,3,Mechanical Failure,0,1,0,0,4,0,Medium
2023,11,Saturday,17,Sindh,Sukkur,Urban Road,Poor,Clear,Street Light,Car/Taxi,1,Mobile Phone Use,1,1,0,1,2,1,Low
2020,5,Friday,16,KPK,Abbottabad,Motorway,Under Repair,Clear,Daylight,Motorcycle,3,Road Condition,0,0,0,0,2,1,Medium
2021,5,Monday,6,KPK,Dera Ismail Khan,Rural Road,Good,Dusty/Smoggy,Daylight,Bus/Coach,3,Over Speeding,0,0,0,0,2,0,Low
2021,11,Wednesday,11,Punjab,Bahawalpur,Urban Road,Good,Clear,Daylight,Motorcycle,4,Over Speeding,0,0,0,1,3,1,Medium
2019,11,Wednesday,12,Balochistan,Quetta,National Highway,Good,Clear,Daylight,Car/Taxi,3,Over Speeding,1,0,0,1,3,0,High
2021,9,Saturday,11,Sindh,Mirpur Khas,Urban Road,Poor,Foggy,Daylight,Car/Taxi,2,Driver Fatigue,0,1,0,0,2,0,Low
2021,10,Sunday,8,Sindh,Mirpur Khas,Urban Road,Average,Foggy,Daylight,Rickshaw,3,Road Condition,1,1,0,0,1,0,Low
2018,6,Wednesday,1,KPK,Bannu,Rural Road,Poor,Rainy,No Light,Motorcycle,4,Road Condition,0,0,1,0,3,1,Medium
2022,3,Friday,16,Punjab,Lahore,Motorway,Good,Rainy,Daylight,Motorcycle,3,Road Condition,0,0,0,0,5,1,Medium
2022,3,Friday,4,Balochistan,Quetta,National Highway,Good,Rainy,No Light,Motorcycle,3,Pedestrian Error,0,0,1,0,7,3,High
2022,6,Monday,14,Sindh,Sukkur,Rural Road,Good,Clear,Daylight,Bus/Coach,1,Over Speeding,0,0,0,0,1,1,Medium
2023,9,Saturday,10,Balochistan,Zhob,National Highway,Poor,Rainy,Daylight,Motorcycle,2,Mechanical Failure,0,1,0,0,6,4,High
2023,10,Friday,20,Punjab,Sheikhupura,Urban Road,Poor,Extreme Heat,Street Light,Motorcycle,1,Driver Fatigue,1,0,0,0,8,3,High
2022,11,Friday,14,Islamabad,Islamabad,Urban Road,Good,Rainy,Dawn/Dusk,Rickshaw,3,Driver Fatigue,0,0,0,1,0,0,Low
2019,5,Saturday,17,KPK,Dera Ismail Khan,National Highway,Under Repair,Clear,Daylight,Car/Taxi,1,Road Condition,1,1,0,0,2,0,Low
2019,6,Saturday,9,Sindh,Jacobabad,National Highway,Good,Clear,Dawn/Dusk,Truck/Lorry,3,Over Speeding,1,1,0,0,1,1,Medium
2019,2,Tuesday,12,Sindh,Kashmore,Provincial Highway,Good,Clear,Street Light,Bicycle,1,Pedestrian Error,1,0,0,1,0,0,Low
2019,1,Wednesday,13,Islamabad,Islamabad,National Highway,Good,Foggy,Daylight,Car/Taxi,4,Driver Fatigue,1,0,0,1,5,0,Medium
2023,11,Monday,22,Sindh,Dadu,Rural Road,Poor,Clear,No Light,Motorcycle,3,Driver Fatigue,0,0,1,1,9,3,High
2023,11,Wednesday,9,Sindh,Hyderabad,National Highway,Average,Extreme Heat,Daylight,Car/Taxi,4,Over Speeding,1,0,0,1,4,0,Medium
2021,12,Tuesday,18,KPK,Kohat,Urban Road,Good,Extreme Heat,Dawn/Dusk,Motorcycle,3,Signal Violation,1,0,0,1,3,1,Medium
2020,6,Saturday,20,Punjab,Lahore,National Highway,Average,Clear,Street Light,Motorcycle,2,Wrong Overtaking,1,1,0,0,10,1,High
2022,11,Saturday,0,Punjab,Bahawalpur,Provincial Highway,Good,Clear,Street Light,Car/Taxi,3,Drunk Driving,0,1,1,1,4,0,Medium
2019,6,Friday,19,KPK,Abbottabad,National Highway,Poor,Foggy,Dawn/Dusk,Bus/Coach,2,Wrong Overtaking,1,0,0,0,6,2,High
2021,1,Sunday,9,Punjab,Sargodha,Rural Road,Good,Rainy,No Light,Van/Pickup,1,Wrong Overtaking,1,1,0,1,2,0,Low
2023,6,Monday,9,KPK,Peshawar,Rural Road,Under Repair,Dusty/Smoggy,Daylight,Car/Taxi,1,Pedestrian Error,1,0,0,0,0,0,Low
2021,6,Saturday,10,Sindh,Nawabshah,National Highway,Average,Clear,Daylight,Motorcycle,1,Signal Violation,0,1,0,0,5,2,High
2022,11,Sunday,11,Sindh,Dadu,Provincial Highway,Good,Dusty/Smoggy,Daylight,Motorcycle,2,Wrong Overtaking,0,1,0,1,2,1,Medium
2023,7,Monday,17,Punjab,Gujranwala,Provincial Highway,Average,Rainy,Street Light,Motorcycle,2,Drunk Driving,1,0,0,0,3,0,High
2021,10,Friday,19,KPK,Nowshera,Provincial Highway,Poor,Clear,Street Light,Bus/Coach,2,Road Condition,1,0,0,0,0,0,Low
2019,12,Saturday,15,KPK,Nowshera,National Highway,Good,Foggy,Street Light,Motorcycle,3,Over Speeding,0,1,0,1,6,0,High
2021,10,Sunday,20,Sindh,Thatta,Provincial Highway,Good,Rainy,No Light,Motorcycle,2,Weather Condition,1,1,0,0,2,1,Medium
2019,7,Tuesday,16,Punjab,Gujranwala,Provincial Highway,Average,Rainy,Daylight,Van/Pickup,2,Wrong Overtaking,0,0,0,0,3,0,Medium
2020,11,Wednesday,9,Punjab,Multan,Provincial Highway,Average,Clear,Daylight,Motorcycle,1,Over Speeding,1,0,0,1,4,0,High
2019,8,Friday,6,KPK,Peshawar,Provincial Highway,Under Repair,Dusty/Smoggy,Street Light,Car/Taxi,1,Road Condition,0,0,0,0,0,0,Low
2019,12,Saturday,1,Sindh,Thatta,Rural Road,Average,Clear,Street Light,Bus/Coach,1,Over Speeding,0,1,1,1,5,2,High
2019,1,Friday,6,Punjab,Sialkot,Urban Road,Average,Clear,Daylight,Motorcycle,2,Mechanical Failure,0,0,0,1,0,1,Low
2020,5,Tuesday,18,KPK,Peshawar,Provincial Highway,Under Repair,Foggy,Daylight,Bus/Coach,2,Wrong Overtaking,1,0,0,0,1,0,Medium
2020,2,Wednesday,5,Balochistan,Hub,Rural Road,Average,Clear,Dawn/Dusk,Bicycle,2,Mechanical Failure,0,0,1,1,5,0,Medium
2021,7,Tuesday,15,Punjab,Rahim Yar Khan,National Highway,Good,Clear,Daylight,Motorcycle,4,Over Speeding,0,0,0,0,2,0,High
2020,6,Saturday,9,KPK,Mardan,National Highway,Under Repair,Clear,Daylight,Truck/Lorry,2,Over Speeding,1,1,0,0,3,1,Medium
2019,11,Friday,11,Balochistan,Zhob,National Highway,Good,Clear,Daylight,Motorcycle,1,Road Condition,0,0,0,1,8,2,High
2021,12,Saturday,13,Gilgit-Baltistan,Gilgit,Urban Road,Good,Dusty/Smoggy,Daylight,Motorcycle,1,Over Speeding,1,1,0,1,5,1,Medium
2022,8,Friday,16,Punjab,Multan,National Highway,Average,Clear,Daylight,Car/Taxi,1,Over Speeding,0,0,0,0,4,1,High
2023,8,Saturday,12,Punjab,Rawalpindi,Provincial Highway,Poor,Foggy,Daylight,Bus/Coach,1,Wrong Overtaking,1,1,0,0,4,2,High
2022,6,Wednesday,14,Islamabad,Islamabad,Rural Road,Average,Rainy,Daylight,Motorcycle,2,Mechanical Failure,0,0,0,0,2,0,Low
2022,10,Friday,7,Punjab,Sialkot,Provincial Highway,Poor,Extreme Heat,Street Light,Motorcycle,3,Signal Violation,1,0,0,0,1,1,Medium
2023,12,Tuesday,17,Sindh,Jacobabad,National Highway,Good,Clear,Daylight,Motorcycle,3,Weather Condition,1,0,0,1,1,1,Medium
2022,9,Saturday,12,Sindh,Mirpur Khas,Urban Road,Average,Foggy,No Light,Motorcycle,1,Pedestrian Error,1,1,0,0,1,0,Low
2023,1,Sunday,21,Sindh,Thatta,Urban Road,Average,Clear,No Light,Rickshaw,2,Over Speeding,0,1,0,1,1,0,Low
2021,7,Monday,10,Punjab,Rawalpindi,Motorway,Average,Dusty/Smoggy,Daylight,Car/Taxi,1,Over Speeding,0,0,0,0,2,2,Medium
2023,9,Saturday,11,Islamabad,Islamabad,National Highway,Good,Rainy,Street Light,Motorcycle,2,Signal Violation,0,1,0,0,5,2,High
2021,7,Thursday,4,Punjab,Rawalpindi,National Highway,Poor,Clear,No Light,Car/Taxi,1,Signal Violation,0,0,1,0,1,1,Medium
2019,3,Saturday,14,Sindh,Hyderabad,National Highway,Good,Clear,Daylight,Motorcycle,4,Over Speeding,0,1,0,0,4,3,High
2022,2,Monday,10,Sindh,Dadu,Urban Road,Average,Clear,Daylight,Car/Taxi,3,Wrong Overtaking,0,0,0,1,0,0,Low
2021,5,Thursday,11,Punjab,Multan,Rural Road,Good,Foggy,No Light,Motorcycle,2,Road Condition,0,0,0,0,1,0,Low
2023,5,Friday,2,Punjab,Faisalabad,Urban Road,Good,Clear,No Light,Bus/Coach,4,Drunk Driving,0,0,1,0,3,0,Medium
2022,10,Monday,15,Islamabad,Islamabad,National Highway,Poor,Rainy,Daylight,Rickshaw,2,Over Speeding,0,0,0,0,2,0,Medium
2021,6,Saturday,17,Sindh,Jacobabad,Provincial Highway,Under Repair,Clear,Daylight,Motorcycle,2,Road Condition,1,1,0,0,0,0,Low
2023,2,Sunday,10,Sindh,Thatta,Rural Road,Average,Extreme Heat,Daylight,Bus/Coach,2,Road Condition,0,1,0,1,2,0,Low
2023,3,Friday,18,KPK,Abbottabad,Provincial Highway,Good,Foggy,Daylight,Rickshaw,3,Over Speeding,1,0,0,0,9,1,High
2020,4,Saturday,11,Punjab,Sheikhupura,National Highway,Poor,Clear,Daylight,Rickshaw,1,Over Speeding,0,1,0,0,2,1,Medium
2018,10,Thursday,20,KPK,Swat,Urban Road,Poor,Foggy,Street Light,Car/Taxi,3,Over Speeding,1,0,0,0,1,0,Medium
2023,3,Tuesday,20,Punjab,Sargodha,Urban Road,Poor,Extreme Heat,No Light,Car/Taxi,1,Pedestrian Error,1,0,0,0,1,1,Low
2019,1,Friday,19,KPK,Bannu,Motorway,Good,Rainy,Dawn/Dusk,Bicycle,1,Over Speeding,1,0,0,1,2,1,High
2022,9,Sunday,20,Punjab,Sargodha,Rural Road,Good,Dusty/Smoggy,No Light,Motorcycle,2,Road Condition,1,1,0,0,4,0,Medium
2023,8,Saturday,23,KPK,Kohat,Rural Road,Good,Foggy,Street Light,Bus/Coach,1,Over Speeding,0,1,1,0,5,0,Medium
2021,1,Saturday,21,KPK,Dera Ismail Khan,Rural Road,Poor,Clear,No Light,Motorcycle,2,Mechanical Failure,0,1,0,1,1,1,Medium
2023,4,Friday,13,Punjab,Lahore,Urban Road,Good,Clear,Daylight,Truck/Lorry,2,Signal Violation,1,0,0,0,0,1,Low
2020,12,Saturday,7,Punjab,Faisalabad,Provincial Highway,Average,Rainy,Daylight,Car/Taxi,2,Signal Violation,1,1,0,1,5,1,Medium
2021,12,Saturday,19,Punjab,Sargodha,National Highway,Average,Rainy,Street Light,Bus/Coach,1,Over Speeding,1,1,0,1,4,1,High
2018,8,Thursday,8,Balochistan,Hub,Provincial Highway,Average,Rainy,Daylight,Truck/Lorry,2,Over Speeding,1,0,0,0,5,0,Medium
2023,2,Friday,5,Punjab,Sheikhupura,Provincial Highway,Good,Clear,Dawn/Dusk,Bicycle,2,Mechanical Failure,0,0,1,1,2,1,Medium
2018,1,Saturday,17,Sindh,Sukkur,Rural Road,Under Repair,Rainy,Daylight,Rickshaw,2,Signal Violation,1,1,0,1,0,0,Low
2020,2,Monday,11,Punjab,Sheikhupura,Provincial Highway,Poor,Dusty/Smoggy,Daylight,Motorcycle,2,Signal Violation,0,0,0,1,5,0,Medium
2020,6,Saturday,5,Gilgit-Baltistan,Skardu,Urban Road,Good,Clear,Street Light,Motorcycle,2,Over Speeding,0,1,1,0,1,0,Medium
2023,6,Sunday,19,Sindh,Nawabshah,Urban Road,Average,Dusty/Smoggy,Street Light,Rickshaw,1,Over Speeding,1,1,0,0,2,0,Medium
2018,10,Saturday,6,Punjab,Rahim Yar Khan,Rural Road,Average,Clear,Street Light,Motorcycle,3,Weather Condition,0,1,0,0,0,1,Low
2018,5,Monday,9,KPK,Dera Ismail Khan,Provincial Highway,Average,Clear,Street Light,Car/Taxi,2,Wrong Overtaking,1,0,0,0,2,0,Low
2022,1,Wednesday,11,Gilgit-Baltistan,Hunza,Rural Road,Good,Clear,Daylight,Rickshaw,2,Road Condition,0,0,0,1,1,0,Low
2018,11,Saturday,20,Sindh,Karachi,Urban Road,Good,Clear,Street Light,Car/Taxi,2,Signal Violation,1,1,0,1,0,0,Low
2020,8,Friday,6,Sindh,Kashmore,National Highway,Under Repair,Dusty/Smoggy,Daylight,Car/Taxi,3,Over Speeding,0,0,0,0,3,0,Medium
2022,7,Monday,21,Punjab,Sheikhupura,Provincial Highway,Poor,Clear,No Light,Car/Taxi,1,Over Speeding,0,0,0,0,2,0,Medium
2023,6,Saturday,19,Punjab,Rawalpindi,National Highway,Good,Clear,Dawn/Dusk,Car/Taxi,1,Signal Violation,1,1,0,0,5,0,Medium
2022,11,Tuesday,6,Punjab,Faisalabad,National Highway,Good,Clear,Daylight,Motorcycle,2,Mechanical Failure,0,0,0,1,9,0,High
2023,12,Tuesday,23,Sindh,Karachi,Provincial Highway,Average,Rainy,No Light,Motorcycle,1,Over Speeding,0,0,1,1,7,0,High
2019,8,Tuesday,17,KPK,Swat,Motorway,Good,Clear,Street Light,Car/Taxi,1,Driver Fatigue,1,0,0,0,5,0,Medium
2019,7,Thursday,21,Balochistan,Loralai,Urban Road,Under Repair,Clear,Street Light,Rickshaw,2,Drunk Driving,0,0,0,0,2,0,Low
2022,9,Thursday,7,KPK,Abbottabad,Motorway,Poor,Extreme Heat,Daylight,Car/Taxi,2,Over Speeding,1,0,0,0,4,0,Medium
2023,10,Thursday,18,Punjab,Rahim Yar Khan,Provincial Highway,Good,Clear,Daylight,Motorcycle,1,Road Condition,1,0,0,0,2,0,Medium
2018,5,Friday,10,KPK,Mansehra,Urban Road,Average,Rainy,Street Light,Motorcycle,2,Over Speeding,0,0,0,0,1,0,Medium
2021,6,Wednesday,21,Sindh,Sukkur,Provincial Highway,Good,Clear,Street Light,Motorcycle,1,Signal Violation,0,0,0,0,5,2,Medium
2023,11,Tuesday,7,Sindh,Dadu,Provincial Highway,Poor,Foggy,Daylight,Motorcycle,2,Road Condition,1,0,0,1,2,2,Medium
2020,7,Friday,7,Sindh,Jacobabad,Rural Road,Good,Clear,Dawn/Dusk,Bicycle,1,Signal Violation,1,0,0,0,4,0,Medium
2021,7,Thursday,8,Punjab,Sialkot,Provincial Highway,Good,Clear,Daylight,Motorcycle,2,Road Condition,1,0,0,0,1,0,Low
2020,5,Thursday,22,Punjab,Multan,Provincial Highway,Average,Clear,No Light,Rickshaw,2,Wrong Overtaking,0,0,1,0,1,2,Medium
2023,4,Saturday,11,Sindh,Larkana,National Highway,Good,Clear,Daylight,Car/Taxi,3,Wrong Overtaking,0,1,0,0,2,0,Medium
2020,8,Saturday,18,Punjab,Multan,Urban Road,Good,Rainy,No Light,Car/Taxi,2,Driver Fatigue,1,1,0,0,2,0,Medium
2021,6,Sunday,16,Sindh,Mirpur Khas,Urban Road,Good,Clear,Daylight,Motorcycle,1,Over Speeding,0,1,0,0,8,2,High
2022,12,Monday,9,Punjab,Lahore,National Highway,Average,Clear,Daylight,Rickshaw,2,Signal Violation,1,0,0,1,0,0,Low
2020,1,Monday,8,Balochistan,Loralai,Rural Road,Average,Clear,Dawn/Dusk,Motorcycle,3,Mechanical Failure,1,0,0,1,1,0,Low
2018,7,Tuesday,19,Islamabad,Islamabad,Rural Road,Good,Foggy,Dawn/Dusk,Car/Taxi,2,Drunk Driving,1,0,0,0,2,1,Low
2019,12,Sunday,6,AJK,Mirpur,Urban Road,Good,Clear,Daylight,Motorcycle,2,Signal Violation,0,1,0,1,3,0,Medium
2022,6,Monday,23,Balochistan,Sibi,Provincial Highway,Poor,Clear,No Light,Rickshaw,1,Road Condition,0,0,1,0,2,0,Low
2021,12,Saturday,18,AJK,Mirpur,Rural Road,Poor,Clear,Dawn/Dusk,Bus/Coach,2,Road Condition,1,1,0,1,2,0,Low
2020,6,Tuesday,11,KPK,Mardan,Urban Road,Average,Rainy,Daylight,Van/Pickup,4,Over Speeding,0,0,0,0,2,0,Low
2022,3,Saturday,15,Islamabad,Islamabad,National Highway,Poor,Rainy,Daylight,Rickshaw,1,Signal Violation,0,1,0,0,2,1,High
2019,1,Monday,19,Sindh,Jacobabad,Urban Road,Average,Foggy,Dawn/Dusk,Motorcycle,3,Over Speeding,1,0,0,1,9,3,High
2021,10,Monday,13,KPK,Abbottabad,Urban Road,Good,Dusty/Smoggy,Daylight,Bus/Coach,2,Mechanical Failure,1,0,0,0,2,1,Low
2019,12,Wednesday,13,Punjab,Sialkot,National Highway,Good,Rainy,Daylight,Motorcycle,2,Signal Violation,1,0,0,1,5,3,High
2021,11,Friday,15,KPK,Bannu,National Highway,Average,Clear,Daylight,Truck/Lorry,1,Signal Violation,0,0,0,1,3,0,Medium
2023,12,Sunday,13,Islamabad,Islamabad,Provincial Highway,Good,Clear,Daylight,Motorcycle,1,Over Speeding,1,1,0,1,2,1,High
2022,11,Sunday,11,Sindh,Kashmore,Urban Road,Good,Foggy,Daylight,Other,2,Mechanical Failure,0,1,0,1,1,0,Low
2023,12,Wednesday,16,Punjab,Bahawalpur,National Highway,Average,Extreme Heat,Daylight,Motorcycle,1,Weather Condition,0,0,0,1,5,2,High
2021,6,Wednesday,16,Sindh,Nawabshah,Urban Road,Under Repair,Clear,Daylight,Rickshaw,2,Wrong Overtaking,0,0,0,0,1,0,Low
2022,6,Tuesday,18,KPK,Dera Ismail Khan,National Highway,Good,Foggy,Street Light,Bus/Coach,1,Signal Violation,1,0,0,0,5,0,High
2018,10,Tuesday,18,KPK,Kohat,Provincial Highway,Average,Clear,Daylight,Rickshaw,3,Over Speeding,1,0,0,0,5,0,Medium
2022,6,Saturday,7,Sindh,Larkana,Urban Road,Good,Clear,Daylight,Car/Taxi,3,Over Speeding,1,1,0,0,0,0,Low
2020,8,Thursday,21,Punjab,Bahawalpur,Urban Road,Poor,Clear,No Light,Motorcycle,2,Signal Violation,0,0,0,0,4,0,Medium
2020,11,Friday,15,Islamabad,Islamabad,Urban Road,Average,Clear,Daylight,Bus/Coach,2,Over Speeding,0,0,0,1,1,0,Low
2023,12,Monday,12,KPK,Mansehra,Urban Road,Average,Clear,Dawn/Dusk,Car/Taxi,1,Wrong Overtaking,1,0,0,1,0,0,Low
2021,12,Friday,12,Punjab,Bahawalpur,National Highway,Poor,Foggy,Daylight,Car/Taxi,4,Wrong Overtaking,1,0,0,1,7,1,High
2021,8,Tuesday,18,KPK,Bannu,Provincial Highway,Good,Rainy,No Light,Car/Taxi,2,Over Speeding,1,0,0,0,4,1,Medium
2023,7,Saturday,19,Punjab,Multan,Rural Road,Average,Rainy,Street Light,Motorcycle,2,Wrong Overtaking,1,1,0,0,3,1,High
2023,12,Saturday,11,Punjab,Rahim Yar Khan,Provincial Highway,Good,Dusty/Smoggy,Daylight,Motorcycle,3,Road Condition,0,1,0,1,2,1,Medium
2021,7,Tuesday,18,Balochistan,Turbat,National Highway,Good,Clear,Daylight,Truck/Lorry,1,Driver Fatigue,1,0,0,0,4,2,High
2019,5,Thursday,22,Balochistan,Loralai,National Highway,Good,Foggy,No Light,Rickshaw,2,Mobile Phone Use,0,0,1,0,1,0,Medium
2023,12,Friday,6,Punjab,Bahawalpur,Rural Road,Good,Clear,Daylight,Bicycle,1,Signal Violation,0,0,0,1,0,0,Low
2019,12,Saturday,8,Punjab,Multan,Rural Road,Good,Clear,Street Light,Car/Taxi,2,Mechanical Failure,1,1,0,1,2,0,Low
2022,7,Sunday,17,Punjab,Faisalabad,Urban Road,Poor,Clear,No Light,Car/Taxi,1,Road Condition,1,1,0,0,2,0,Low
2018,11,Sunday,6,Balochistan,Sibi,National Highway,Average,Clear,Daylight,Rickshaw,1,Mechanical Failure,0,1,0,1,4,0,Medium
2018,8,Wednesday,1,Balochistan,Khuzdar,National Highway,Average,Foggy,Street Light,Motorcycle,3,Mobile Phone Use,0,0,1,0,4,0,High
2018,12,Sunday,14,Sindh,Sukkur,National Highway,Good,Clear,Street Light,Car/Taxi,2,Wrong Overtaking,0,1,0,1,1,0,Medium
2021,3,Tuesday,16,Punjab,Sheikhupura,National Highway,Average,Clear,Daylight,Bus/Coach,3,Pedestrian Error,0,0,0,0,5,1,Medium
2021,5,Friday,12,Punjab,Bahawalpur,Provincial Highway,Under Repair,Clear,Daylight,Car/Taxi,2,Over Speeding,1,0,0,0,5,0,Medium
2023,12,Friday,7,Balochistan,Gwadar,National Highway,Average,Clear,Daylight,Bicycle,1,Signal Violation,1,0,0,1,7,3,High
2020,10,Saturday,19,Punjab,Rahim Yar Khan,National Highway,Average,Clear,Street Light,Motorcycle,2,Over Speeding,1,1,0,0,2,2,High
2018,12,Saturday,20,Sindh,Larkana,Provincial Highway,Good,Clear,No Light,Motorcycle,1,Wrong Overtaking,1,1,0,1,4,0,Medium
2020,3,Wednesday,22,KPK,Peshawar,National Highway,Good,Clear,Street Light,Car/Taxi,1,Over Speeding,0,0,1,0,2,1,High
2023,8,Friday,15,Punjab,Lahore,Urban Road,Good,Clear,Daylight,Car/Taxi,2,Mechanical Failure,0,0,0,0,0,0,Low
2023,8,Saturday,14,Punjab,Sheikhupura,National Highway,Under Repair,Extreme Heat,Street Light,Other,2,Over Speeding,0,1,0,0,4,0,Medium
2021,1,Sunday,17,Punjab,Lahore,National Highway,Average,Clear,Daylight,Motorcycle,2,Mechanical Failure,1,1,0,1,2,0,Medium
2023,12,Tuesday,11,Sindh,Hyderabad,National Highway,Average,Clear,Daylight,Motorcycle,2,Road Condition,0,0,0,1,1,2,Medium
2021,7,Saturday,14,KPK,Nowshera,Rural Road,Average,Clear,Daylight,Motorcycle,2,Road Condition,0,1,0,0,2,0,Low
2023,1,Tuesday,21,Sindh,Hyderabad,Provincial Highway,Poor,Dusty/Smoggy,Street Light,Van/Pickup,4,Over Speeding,0,0,0,1,1,0,Medium
2023,7,Thursday,17,Punjab,Multan,Urban Road,Poor,Extreme Heat,No Light,Car/Taxi,1,Pedestrian Error,1,0,0,0,2,0,Low
2022,3,Sunday,18,Sindh,Kashmore,National Highway,Average,Extreme Heat,Dawn/Dusk,Bus/Coach,2,Over Speeding,1,1,0,0,11,1,High