year,month,day_of_week,hour_of_day,province,district,road_type,road_condition,weather_condition,lighting_condition,vehicle_type,vehicles_involved,accident_cause,is_rush_hour,is_weekend,is_night,is_foggy_month,num_injured,num_killed,severity
2022,6,Monday,10,Punjab,Faisalabad,Rural Road,Good,Clear,Daylight,Truck/Lorry,1,Pedestrian Error,0,0,0,0,1,0,Low
2019,4,Friday,11,Punjab,Rawalpindi,Provincial Highway,Good,Clear,Daylight,Rickshaw,2,Pedestrian Error,0,0,0,0,2,0,Low
2022,8,Saturday,6,Sindh,Nawabshah,Urban Road,Poor,Extreme Heat,Daylight,Motorcycle,3,Mechanical Failure,0,1,0,0,0,1,Low
2023,1,Saturday,17,Islamabad,Islamabad,Provincial Highway,Poor,Clear,Daylight,Bicycle,1,Over Speeding,1,1,0,1,5,0,High
2019,4,Sunday,23,KPK,Nowshera,National Highway,Poor,Clear,No Light,Motorcycle,1,Signal Violation,0,1,1,0,10,2,High
2023,12,Saturday,3,KPK,Mardan,National Highway,Good,Clear,Street Light,Car/Taxi,3,Pedestrian Error,0,1,1,1,1,0,Medium
2021,7,Tuesday,21,KPK,Bannu,National Highway,Average,Clear,No Light,Rickshaw,1,Signal Violation,0,0,0,0,3,0,Medium
2020,1,Monday,16,Balochistan,Turbat,Provincial Highway,Good,Clear,Daylight,Motorcycle,1,Over Speeding,0,0,0,1,3,2,Medium
2019,11,Tuesday,19,KPK,Swat,Provincial Highway,Good,Rainy,No Light,Motorcycle,4,Over Speeding,1,0,0,1,5,1,High
2018,4,Saturday,5,Sindh,Mirpur Khas,Provincial Highway,Good,Foggy,Street Light,Bicycle,2,Mechanical Failure,0,1,1,0,7,0,High
2022,5,Sunday,6,Punjab,Bahawalpur,Urban Road,Good,Clear,Daylight,Motorcycle,3,Road Condition,0,1,0,0,0,1,Low
2023,2,Monday,11,Punjab,Multan,National Highway,Poor,Clear,Daylight,Rickshaw,1,Drunk Driving,0,0,0,1,9,2,High
2023,5,Friday,9,Sindh,Karachi,Rural Road,Poor,Clear,Daylight,Motorcycle,2,Wrong Overtaking,1,0,0,0,4,2,Medium
2021,9,Sunday,9,Islamabad,Islamabad,Rural Road,Good,Rainy,Daylight,Motorcycle,2,Mechanical Failure,1,1,0,0,2,2,Medium
2023,6,Tuesday,8,Sindh,Jacobabad,Urban Road,Average,Clear,Daylight,Other,4,Drunk Driving,1,0,0,0,3,0,Medium
2023,3,Friday,8,Punjab,Sheikhupura,Rural Road,Good,Foggy,Daylight,Motorcycle,1,Over Speeding,1,0,0,0,6,3,High
2018,4,Thursday,21,Sindh,Mirpur Khas,National Highway,Average,Clear,No Light,Van/Pickup,2,Signal Violation,0,0,0,0,2,1,Low
2022,12,Thursday,17,Sindh,Hyderabad,Provincial Highway,Good,Clear,No Light,Van/Pickup,4,Road Condition,1,0,0,1,2,0,Low
2018,2,Thursday,9,Islamabad,Islamabad,National Highway,Average,Foggy,Daylight,Car/Taxi,2,Over Speeding,1,0,0,1,3,0,High
2023,5,Wednesday,16,Punjab,Sheikhupura,Urban Road,Poor,Clear,Daylight,Truck/Lorry,1,Over Speeding,0,0,0,0,2,0,Low
2019,9,Friday,15,KPK,Abbottabad,Motorway,Poor,Clear,Street Light,Motorcycle,1,Over Speeding,0,0,0,0,11,4,High
2019,10,Thursday,14,KPK,Mardan,National Highway,Under Repair,Clear,Daylight,Motorcycle,3,Over Speeding,0,0,0,0,9,1,High
2018,6,Sunday,11,AJK,Muzaffarabad,National Highway,Under Repair,Foggy,Daylight,Other,2,Road Condition,0,1,0,0,5,0,Medium
2022,2,Monday,20,Sindh,Kashmore,Rural Road,Average,Rainy,No Light,Bus/Coach,2,Road Condition,1,0,0,1,2,0,Low
2022,1,Monday,21,Balochistan,Hub,Provincial Highway,Poor,Foggy,Street Light,Car/Taxi,2,Wrong Overtaking,0,0,0,1,2,0,Medium
2019,12,Thursday,7,Punjab,Lahore,National Highway,Good,Rainy,Daylight,Car/Taxi,2,Wrong Overtaking,1,0,0,1,5,0,Medium
2023,9,Monday,10,Punjab,Rahim Yar Khan,National Highway,Good,Clear,Daylight,Motorcycle,4,Mechanical Failure,0,0,0,0,5,1,Medium
2020,3,Friday,9,Punjab,Lahore,Urban Road,Good,Clear,Daylight,Car/Taxi,1,Over Speeding,1,0,0,0,2,0,Low
2023,3,Saturday,7,Sindh,Kashmore,Provincial Highway,Under Repair,Rainy,Daylight,Car/Taxi,3,Drunk Driving,1,1,0,0,2,0,Medium
2021,7,Saturday,12,Sindh,Jacobabad,Rural Road,Good,Rainy,Daylight,Motorcycle,1,Mobile Phone Use,1,1,0,0,3,0,Medium
2022,1,Tuesday,17,Punjab,Gujranwala,Provincial Highway,Good,Foggy,Daylight,Bicycle,3,Over Speeding,1,0,0,1,6,2,High
2018,8,Monday,22,Sindh,Kashmore,Urban Road,Average,Foggy,Street Light,Rickshaw,2,Pedestrian Error,0,0,1,0,1,0,Low
2023,12,Monday,10,Sindh,Nawabshah,Provincial Highway,Average,Dusty/Smoggy,No Light,Motorcycle,2,Over Speeding,0,0,0,1,2,0,High
2019,10,Saturday,11,Sindh,Jacobabad,Rural Road,Average,Foggy,No Light,Car/Taxi,2,Pedestrian Error,0,1,0,0,2,0,Low
2021,6,Friday,18,Punjab,Lahore,National Highway,Average,Clear,Dawn/Dusk,Motorcycle,3,Over Speeding,1,0,0,0,6,2,High
2020,6,Saturday,23,Islamabad,Islamabad,Provincial Highway,Poor,Clear,No Light,Car/Taxi,4,Wrong Overtaking,0,1,1,0,2,1,Medium
2023,9,Wednesday,12,Sindh,Mirpur Khas,Rural Road,Good,Clear,Daylight,Rickshaw,2,Road Condition,1,0,0,0,1,0,Low
2022,10,Sunday,6,Punjab,Bahawalpur,National Highway,Good,Clear,Daylight,Rickshaw,1,Road Condition,0,1,0,0,3,0,Medium
2020,12,Saturday,23,KPK,Abbottabad,Urban Road,Poor,Foggy,Street Light,Bus/Coach,2,Over Speeding,0,1,1,1,7,0,High
2022,6,Monday,7,Punjab,Faisalabad,National Highway,Average,Clear,Daylight,Motorcycle,2,Wrong Overtaking,1,0,0,0,4,0,Medium
2020,12,Sunday,10,Sindh,Hyderabad,Rural Road,Poor,Clear,Dawn/Dusk,Motorcycle,1,Mechanical Failure,0,1,0,1,2,0,Low
2023,11,Friday,11,Punjab,Multan,Urban Road,Good,Clear,Daylight,Motorcycle,1,Over Speeding,0,0,0,1,11,1,High
2021,12,Tuesday,6,Balochistan,Loralai,Provincial Highway,Good,Foggy,Daylight,Motorcycle,2,Over Speeding,0,0,0,1,2,2,High
2022,6,Tuesday,11,Gilgit-Baltistan,Skardu,Rural Road,Good,Clear,Daylight,Rickshaw,3,Signal Violation,0,0,0,0,0,0,Low
2019,7,Wednesday,21,Punjab,Sialkot,National Highway,Good,Foggy,No Light,Truck/Lorry,2,Wrong Overtaking,0,0,0,0,10,2,High
2023,12,Sunday,8,Punjab,Sargodha,Provincial Highway,Good,Rainy,Daylight,Rickshaw,2,Over Speeding,1,1,0,1,2,1,Medium
2022,6,Saturday,20,Punjab,Sheikhupura,National Highway,Poor,Clear,No Light,Van/Pickup,2,Wrong Overtaking,1,1,0,0,3,1,Medium
2023,8,Friday,5,Sindh,Jacobabad,National Highway,Poor,Clear,Dawn/Dusk,Truck/Lorry,2,Over Speeding,0,0,1,0,2,0,High
2023,10,Friday,15,Punjab,Lahore,Provincial Highway,Good,Clear,Daylight,Motorcycle,2,Wrong Overtaking,0,0,0,0,1,0,Medium
2018,12,Friday,18,KPK,Charsadda,National Highway,Good,Clear,Daylight,Car/Taxi,3,Mobile Phone Use,1,0,0,1,1,0,Medium
2021,10,Sunday,10,Punjab,Rawalpindi,National Highway,Average,Extreme Heat,Daylight,Car/Taxi,3,Road Condition,0,1,0,0,1,0,Low
2022,5,Monday,8,Sindh,Jacobabad,Provincial Highway,Good,Clear,Daylight,Rickshaw,2,Pedestrian Error,1,0,0,0,1,0,Low
2018,6,Tuesday,18,Sindh,Nawabshah,National Highway,Average,Foggy,Street Light,Motorcycle,2,Mechanical Failure,1,0,0,0,3,4,High
2023,12,Friday,7,Balochistan,Khuzdar,Rural Road,Good,Clear,Dawn/Dusk,Rickshaw,1,Signal Violation,1,0,0,1,2,0,Low
2023,12,Monday,22,Punjab,Faisalabad,Rural Road,Good,Rainy,No Light,Motorcycle,1,Signal Violation,0,0,1,1,1,1,Medium
2019,12,Wednesday,11,KPK,Swat,Rural Road,Poor,Clear,Daylight,Motorcycle,3,Pedestrian Error,0,0,0,1,2,0,Low
2023,6,Saturday,9,Sindh,Karachi,Motorway,Average,Foggy,Daylight,Motorcycle,2,Wrong Overtaking,1,1,0,0,10,0,High
2023,11,Saturday,14,Sindh,Kashmore,National Highway,Under Repair,Clear,Daylight,Car/Taxi,1,Mechanical Failure,0,1,0,1,4,0,Medium
2023,9,Saturday,12,Punjab,Rahim Yar Khan,Urban Road,Poor,Dusty/Smoggy,Daylight,Truck/Lorry,1,Over Speeding,1,1,0,0,2,0,Medium
2023,6,Monday,21,Punjab,Sargodha,National Highway,Good,Rainy,No Light,Car/Taxi,1,Drunk Driving,0,0,0,0,5,2,High
2021,12,Sunday,11,KPK,Abbottabad,National Highway,Under Repair,Dusty/Smoggy,Daylight,Motorcycle,2,Drunk Driving,0,1,0,1,5,0,High
2023,12,Wednesday,11,KPK,Mardan,National Highway,Good,Extreme Heat,Daylight,Motorcycle,1,Drunk Driving,0,0,0,1,4,0,High
2020,11,Saturday,19,Punjab,Gujranwala,Provincial Highway,Poor,Clear,Dawn/Dusk,Car/Taxi,2,Pedestrian Error,1,1,0,1,0,0,Low
2022,5,Monday,5,Sindh,Jacobabad,Provincial Highway,Good,Extreme Heat,Dawn/Dusk,Car/Taxi,1,Road Condition,0,0,1,0,3,1,Medium
2021,5,Wednesday,17,Punjab,Lahore,National Highway,Good,Rainy,Daylight,Motorcycle,1,Wrong Overtaking,1,0,0,0,7,1,High
2022,1,Wednesday,12,Sindh,Karachi,National Highway,Poor,Clear,Daylight,Rickshaw,4,Over Speeding,1,0,0,1,10,1,High
2020,11,Thursday,21,KPK,Dera Ismail Khan,Provincial Highway,Good,Clear,No Light,Motorcycle,1,Wrong Overtaking,0,0,0,1,4,3,High
2022,8,Saturday,16,KPK,Charsadda,Urban Road,Good,Clear,Dawn/Dusk,Motorcycle,1,Over Speeding,0,1,0,0,5,0,High
2021,7,Wednesday,16,Punjab,Gujranwala,Rural Road,Good,Clear,Daylight,Motorcycle,3,Over Speeding,0,0,0,0,2,0,Medium
2022,10,Saturday,17,Punjab,Bahawalpur,Provincial Highway,Under Repair,Dusty/Smoggy,Daylight,Motorcycle,1,Wrong Overtaking,1,1,0,0,4,0,Medium
2023,12,Wednesday,14,KPK,Abbottabad,Urban Road,Average,Clear,Daylight,Motorcycle,3,Over Speeding,0,0,0,1,5,0,Medium
2022,5,Friday,13,Punjab,Faisalabad,Rural Road,Good,Dusty/Smoggy,Daylight,Rickshaw,4,Wrong Overtaking,1,0,0,0,2,0,Low
2022,4,Wednesday,17,Punjab,Sargodha,Urban Road,Poor,Rainy,Daylight,Rickshaw,2,Drunk Driving,1,0,0,0,1,0,Medium
2020,1,Saturday,22,Sindh,Nawabshah,National Highway,Average,Clear,No Light,Car/Taxi,3,Signal Violation,0,1,1,1,3,1,Medium
2021,6,Sunday,20,Punjab,Multan,Urban Road,Good,Rainy,Street Light,Car/Taxi,1,Pedestrian Error,1,1,0,0,0,0,Low
2023,6,Saturday,22,Balochistan,Loralai,Motorway,Good,Clear,No Light,Motorcycle,3,Over Speeding,0,1,1,0,6,3,High
2023,6,Saturday,11,Punjab,Sheikhupura,Rural Road,Good,Clear,Daylight,Motorcycle,2,Wrong Overtaking,0,1,0,0,3,0,Medium
2018,8,Saturday,22,Sindh,Dadu,Provincial Highway,Under Repair,Clear,Street Light,Motorcycle,2,Drunk Driving,0,1,1,0,8,0,High
2022,11,Sunday,13,Punjab,Rawalpindi,Rural Road,Under Repair,Extreme Heat,Street Light,Car/Taxi,2,Pedestrian Error,1,1,0,1,0,0,Low
2023,3,Wednesday,6,KPK,Peshawar,National Highway,Average,Rainy,Daylight,Rickshaw,2,Road Condition,0,0,0,0,2,0,Low
2023,3,Friday,19,Sindh,Larkana,Rural Road,Average,Dusty/Smoggy,Street Light,Van/Pickup,1,Signal Violation,1,0,0,0,1,0,Low
2020,4,Monday,18,KPK,Dera Ismail Khan,Urban Road,Under Repair,Foggy,Daylight,Bus/Coach,2,Over Speeding,1,0,0,0,5,0,Medium
2022,1,Saturday,14,Sindh,Karachi,National Highway,Poor,Clear,Daylight,Motorcycle,4,Mobile Phone Use,0,1,0,1,3,0,Medium
2018,7,Wednesday,14,Punjab,Sargodha,Rural Road,Good,Clear,Daylight,Motorcycle,2,Over Speeding,0,0,0,0,5,0,High
2018,12,Thursday,13,Punjab,Faisalabad,Rural Road,Good,Clear,Daylight,Motorcycle,1,Over Speeding,1,0,0,1,9,0,High
2020,12,Friday,11,Gilgit-Baltistan,Skardu,Urban Road,Good,Clear,Dawn/Dusk,Motorcycle,1,Over Speeding,0,0,0,1,5,0,Medium
2021,9,Monday,9,Punjab,Bahawalpur,Urban Road,Average,Rainy,Daylight,Motorcycle,2,Road Condition,1,0,0,0,2,0,Low
2021,12,Saturday,18,Sindh,Mirpur Khas,Urban Road,Good,Clear,Daylight,Motorcycle,2,Over Speeding,1,1,0,1,10,0,High
2023,9,Sunday,7,Balochistan,Dera Bugti,National Highway,Average,Dusty/Smoggy,Daylight,Van/Pickup,2,Over Speeding,1,1,0,0,4,0,Medium
2023,5,Sunday,20,Punjab,Lahore,Rural Road,Under Repair,Clear,No Light,Car/Taxi,2,Over Speeding,1,1,0,0,5,0,Medium
2021,5,Thursday,19,Sindh,Hyderabad,Urban Road,Average,Clear,No Light,Car/Taxi,1,Driver Fatigue,1,0,0,0,0,0,Low
2022,1,Wednesday,9,Punjab,Multan,National Highway,Poor,Dusty/Smoggy,Daylight,Motorcycle,2,Drunk Driving,1,0,0,1,9,1,High
2022,10,Wednesday,10,Punjab,Rawalpindi,National Highway,Good,Foggy,Daylight,Bicycle,1,Driver Fatigue,0,0,0,0,6,1,High
2021,1,Thursday,2,Punjab,Gujranwala,Urban Road,Poor,Foggy,Street Light,Motorcycle,2,Signal Violation,0,0,1,1,5,1,High
2020,6,Thursday,22,KPK,Swat,Urban Road,Good,Clear,No Light,Other,1,Signal Violation,0,0,1,0,0,0,Low
2021,5,Tuesday,19,Punjab,Faisalabad,Urban Road,Under Repair,Clear,Street Light,Car/Taxi,3,Over Speeding,1,0,0,0,4,0,Medium
2019,7,Friday,12,Punjab,Sheikhupura,Provincial Highway,Poor,Foggy,Daylight,Bus/Coach,3,Over Speeding,1,0,0,0,10,0,High
2020,11,Thursday,10,Punjab,Sargodha,Rural Road,Average,Foggy,Daylight,Bicycle,2,Road Condition,0,0,0,1,1,1,Low
2021,5,Friday,5,Punjab,Gujranwala,Rural Road,Good,Clear,Daylight,Motorcycle,2,Driver Fatigue,0,0,1,0,3,2,High
2020,2,Saturday,13,Balochistan,Gwadar,Urban Road,Average,Clear,Daylight,Bus/Coach,1,Over Speeding,1,1,0,1,1,0,Low
2020,4,Friday,16,Sindh,Kashmore,Rural Road,Good,Foggy,Daylight,Motorcycle,2,Drunk Driving,0,0,0,0,4,2,High
2022,7,Friday,9,Balochistan,Hub,Rural Road,Good,Clear,Daylight,Rickshaw,2,Road Condition,1,0,0,0,2,0,Low
2021,10,Thursday,19,KPK,Mardan,Urban Road,Average,Clear,Dawn/Dusk,Motorcycle,2,Over Speeding,1,0,0,0,8,2,High
2020,2,Wednesday,14,KPK,Charsadda,Provincial Highway,Poor,Clear,Daylight,Van/Pickup,3,Road Condition,0,0,0,1,0,0,Low
2022,1,Saturday,14,Punjab,Faisalabad,Provincial Highway,Good,Rainy,Daylight,Bicycle,2,Road Condition,0,1,0,1,3,0,Medium
2023,11,Sunday,8,Punjab,Bahawalpur,National Highway,Average,Foggy,Daylight,Motorcycle,2,Over Speeding,1,1,0,1,11,1,High
2022,6,Friday,16,Sindh,Mirpur Khas,National Highway,Poor,Clear,Street Light,Motorcycle,2,Signal Violation,0,0,0,0,6,1,High
2018,7,Tuesday,10,Punjab,Multan,Provincial Highway,Good,Clear,Daylight,Car/Taxi,1,Over Speeding,0,0,0,0,3,1,Medium
2021,1,Saturday,11,Sindh,Jacobabad,Urban Road,Under Repair,Clear,Daylight,Car/Taxi,1,Pedestrian Error,0,1,0,1,1,0,Low
2023,1,Wednesday,13,Punjab,Lahore,Provincial Highway,Average,Dusty/Smoggy,Daylight,Car/Taxi,1,Mechanical Failure,1,0,0,1,1,0,Low
2021,12,Saturday,12,AJK,Rawalakot,Urban Road,Good,Clear,Daylight,Motorcycle,1,Over Speeding,1,1,0,1,4,0,Medium
2022,1,Thursday,11,Punjab,Rahim Yar Khan,Rural Road,Good,Clear,Street Light,Rickshaw,2,Driver Fatigue,0,0,0,1,2,1,Medium
2021,7,Friday,20,Punjab,Gujranwala,Urban Road,Average,Foggy,Street Light,Motorcycle,3,Over Speeding,1,0,0,0,6,2,High
2019,10,Wednesday,13,KPK,Mansehra,Provincial Highway,Poor,Clear,Daylight,Van/Pickup,4,Over Speeding,1,0,0,0,5,0,Medium
2023,8,Friday,9,Punjab,Gujranwala,National Highway,Average,Clear,Daylight,Truck/Lorry,4,Mechanical Failure,1,0,0,0,5,2,Medium
2021,1,Thursday,17,Punjab,Sargodha,Provincial Highway,Good,Foggy,Dawn/Dusk,Bus/Coach,2,Wrong Overtaking,1,0,0,1,3,0,Medium
2020,12,Friday,19,Punjab,Lahore,Urban Road,Good,Dusty/Smoggy,No Light,Rickshaw,2,Road Condition,1,0,0,1,1,0,Low
2019,3,Saturday,23,Punjab,Faisalabad,Rural Road,Poor,Extreme Heat,No Light,Motorcycle,3,Driver Fatigue,0,1,1,0,5,0,High
2018,11,Wednesday,13,Punjab,Sialkot,National Highway,Average,Dusty/Smoggy,Daylight,Rickshaw,3,Over Speeding,1,0,0,1,10,0,High
2023,5,Saturday,12,Punjab,Sargodha,Provincial Highway,Good,Clear,Dawn/Dusk,Motorcycle,1,Mechanical Failure,1,1,0,0,0,0,Low
2020,7,Friday,16,Sindh,Thatta,Provincial Highway,Under Repair,Foggy,Daylight,Motorcycle,2,Wrong Overtaking,0,0,0,0,4,0,Medium
2019,7,Saturday,17,Sindh,Larkana,Rural Road,Good,Clear,Daylight,Rickshaw,1,Wrong Overtaking,1,1,0,0,2,0,Low
2019,6,Saturday,13,Sindh,Sukkur,Urban Road,Average,Foggy,Dawn/Dusk,Car/Taxi,3,Mechanical Failure,1,1,0,0,1,0,Low
2023,10,Saturday,22,Sindh,Dadu,National Highway,Average,Clear,No Light,Motorcycle,3,Mechanical Failure,0,1,1,0,6,0,High
2023,1,Sunday,13,Punjab,Faisalabad,Provincial Highway,Average,Rainy,Daylight,Van/Pickup,2,Wrong Overtaking,1,1,0,1,2,1,Medium
2020,8,Saturday,4,Punjab,Rahim Yar Khan,Rural Road,Poor,Clear,No Light,Other,2,Drunk Driving,0,1,1,0,1,0,Medium
2023,4,Thursday,20,Balochistan,Quetta,Urban Road,Poor,Rainy,Street Light,Motorcycle,2,Over Speeding,1,0,0,0,4,1,Medium
2023,11,Saturday,14,Sindh,Nawabshah,Rural Road,Average,Rainy,Daylight,Car/Taxi,1,Road Condition,0,1,0,1,0,0,Low
2023,6,Friday,21,Punjab,Rawalpindi,Urban Road,Average,Clear,Street Light,Car/Taxi,2,Mechanical Failure,0,0,0,0,1,0,Low
2020,12,Friday,10,Islamabad,Islamabad,Rural Road,Good,Clear,Street Light,Motorcycle,2,Wrong Overtaking,0,0,0,1,5,0,Medium
2022,11,Friday,19,KPK,Nowshera,Urban Road,Average,Rainy,Dawn/Dusk,Motorcycle,2,Over Speeding,1,0,0,1,8,1,High
2020,3,Saturday,16,Punjab,Bahawalpur,Urban Road,Average,Foggy,No Light,Motorcycle,2,Wrong Overtaking,0,1,0,0,5,0,Medium
2021,9,Wednesday,17,Islamabad,Islamabad,Provincial Highway,Poor,Clear,Street Light,Van/Pickup,1,Mechanical Failure,1,0,0,0,2,0,Low
2023,7,Friday,7,Punjab,Faisalabad,Urban Road,Good,Clear,Daylight,Truck/Lorry,1,Over Speeding,1,0,0,0,5,0,Medium
2019,11,Sunday,8,AJK,Rawalakot,Urban Road,Average,Foggy,Daylight,Motorcycle,3,Driver Fatigue,1,1,0,1,9,2,High
2021,1,Sunday,11,Punjab,Rahim Yar Khan,National Highway,Poor,Clear,Daylight,Motorcycle,1,Wrong Overtaking,0,1,0,1,3,0,High
2023,11,Tuesday,10,Punjab,Gujranwala,Rural Road,Good,Rainy,Dawn/Dusk,Motorcycle,1,Drunk Driving,0,0,0,1,11,1,High
2020,4,Monday,0,Sindh,Mirpur Khas,Provincial Highway,Good,Foggy,No Light,Van/Pickup,2,Wrong Overtaking,0,0,1,0,5,0,Medium
2021,12,Wednesday,20,Punjab,Gujranwala,National Highway,Average,Clear,No Light,Car/Taxi,2,Mechanical Failure,1,0,0,1,0,1,Low
2020,7,Friday,9,Punjab,Gujranwala,Provincial Highway,Good,Rainy,Daylight,Motorcycle,2,Wrong Overtaking,1,0,0,0,5,1,Medium
2018,11,Saturday,10,KPK,Dera Ismail Khan,Urban Road,Good,Clear,Daylight,Car/Taxi,1,Over Speeding,0,1,0,1,2,0,Low
2023,9,Sunday,13,Punjab,Gujranwala,Urban Road,Average,Clear,Daylight,Bus/Coach,1,Road Condition,1,1,0,0,0,0,Low
2022,5,Sunday,9,Balochistan,Loralai,Provincial Highway,Average,Clear,Dawn/Dusk,Motorcycle,1,Over Speeding,1,1,0,0,3,3,High
2021,12,Saturday,14,Sindh,Thatta,National Highway,Poor,Clear,Daylight,Rickshaw,3,Drunk Driving,0,1,0,1,4,2,Medium
2018,6,Thursday,20,Balochistan,Gwadar,Motorway,Poor,Clear,No Light,Motorcycle,3,Over Speeding,1,0,0,0,6,2,High
2023,9,Thursday,16,Punjab,Sargodha,National Highway,Poor,Foggy,Daylight,Car/Taxi,2,Wrong Overtaking,0,0,0,0,3,0,Medium
2023,9,Monday,10,Sindh,Dadu,Provincial Highway,Good,Rainy,Daylight,Bus/Coach,2,Signal Violation,0,0,0,0,4,0,Medium
2019,7,Friday,7,Punjab,Faisalabad,Rural Road,Poor,Clear,Daylight,Rickshaw,2,Over Speeding,1,0,0,0,1,0,Low
2022,9,Wednesday,14,Sindh,Dadu,National Highway,Good,Dusty/Smoggy,Daylight,Car/Taxi,2,Wrong Overtaking,0,0,0,0,3,0,Medium
2022,6,Thursday,20,Punjab,Sialkot,Urban Road,Average,Clear,No Light,Bus/Coach,2,Over Speeding,1,0,0,0,0,0,Low
2021,3,Saturday,19,Punjab,Sheikhupura,Rural Road,Poor,Clear,Dawn/Dusk,Motorcycle,2,Over Speeding,1,1,0,0,6,1,High
2020,5,Friday,6,Punjab,Sargodha,National Highway,Average,Clear,Daylight,Bus/Coach,2,Pedestrian Error,0,0,0,0,1,0,Low
2021,11,Sunday,9,Punjab,Gujranwala,Provincial Highway,Poor,Clear,Dawn/Dusk,Rickshaw,2,Road Condition,1,1,0,1,2,0,Low
2021,9,Wednesday,21,Punjab,Gujranwala,Rural Road,Average,Rainy,No Light,Motorcycle,2,Wrong Overtaking,0,0,0,0,2,1,Medium
2020,4,Thursday,10,KPK,Peshawar,Rural Road,Good,Clear,Daylight,Motorcycle,2,Signal Violation,0,0,0,0,2,0,Medium
2018,5,Saturday,3,Punjab,Rawalpindi,National Highway,Poor,Foggy,No Light,Car/Taxi,2,Signal Violation,0,1,1,0,4,1,High
2018,5,Tuesday,22,Punjab,Sialkot,Provincial Highway,Under Repair,Clear,No Light,Rickshaw,1,Signal Violation,0,0,1,0,0,0,Low
2022,2,Wednesday,14,Balochistan,Turbat,Rural Road,Average,Dusty/Smoggy,Dawn/Dusk,Truck/Lorry,1,Signal Violation,0,0,0,1,1,2,Medium
2020,10,Saturday,17,Sindh,Nawabshah,Urban Road,Good,Rainy,Daylight,Truck/Lorry,2,Wrong Overtaking,1,1,0,0,2,0,Medium
2020,4,Friday,20,Balochistan,Hub,Provincial Highway,Poor,Rainy,No Light,Other,2,Drunk Driving,1,0,0,0,5,2,Medium
2018,12,Saturday,8,Balochistan,Quetta,National Highway,Average,Foggy,No Light,Motorcycle,4,Wrong Overtaking,1,1,0,1,10,0,High
2022,5,Tuesday,14,Punjab,Rawalpindi,Provincial Highway,Good,Rainy,Daylight,Motorcycle,1,Mobile Phone Use,0,0,0,0,1,0,Medium
2022,9,Monday,9,Islamabad,Islamabad,Rural Road,Poor,Clear,Street Light,Van/Pickup,1,Over Speeding,1,0,0,0,2,0,Low
2018,6,Friday,7,Punjab,Lahore,Provincial Highway,Good,Clear,Daylight,Bus/Coach,4,Over Speeding,1,0,0,0,10,1,High
2022,3,Friday,10,Islamabad,Islamabad,National Highway,Poor,Clear,Daylight,Motorcycle,2,Driver Fatigue,0,0,0,0,10,0,High
2019,12,Sunday,18,Sindh,Jacobabad,Urban Road,Good,Clear,No Light,Motorcycle,2,Pedestrian Error,1,1,0,1,2,0,Low
2019,6,Thursday,16,Sindh,Jacobabad,Provincial Highway,Poor,Clear,Daylight,Motorcycle,2,Pedestrian Error,0,0,0,0,2,0,Medium
2023,7,Thursday,8,KPK,Peshawar,Urban Road,Good,Foggy,Daylight,Motorcycle,3,Wrong Overtaking,1,0,0,0,1,0,Medium
2022,12,Friday,9,Balochistan,Chaman,Motorway,Poor,Dusty/Smoggy,Daylight,Motorcycle,2,Pedestrian Error,1,0,0,1,3,0,Medium
2021,9,Monday,20,Sindh,Jacobabad,Rural Road,Under Repair,Clear,Street Light,Rickshaw,3,Road Condition,1,0,0,0,2,0,Low
2023,7,Sunday,9,Sindh,Sukkur,Provincial Highway,Under Repair,Rainy,Street Light,Van/Pickup,2,Mobile Phone Use,1,1,0,0,1,1,Medium
2019,5,Sunday,6,Punjab,Faisalabad,National Highway,Poor,Clear,Dawn/Dusk,Van/Pickup,4,Mobile Phone Use,0,1,0,0,0,0,Low
2023,12,Thursday,1,KPK,Bannu,National Highway,Good,Foggy,Street Light,Bus/Coach,2,Wrong Overtaking,0,0,1,1,10,2,High
2023,12,Thursday,22,Punjab,Sargodha,Provincial Highway,Poor,Clear,No Light,Motorcycle,3,Signal Violation,0,0,1,1,6,2,High
2019,2,Tuesday,13,KPK,Mansehra,National Highway,Poor,Foggy,Daylight,Motorcycle,2,Pedestrian Error,1,0,0,1,6,1,High
2023,2,Monday,19,Sindh,Mirpur Khas,National Highway,Average,Clear,Street Light,Car/Taxi,1,Mechanical Failure,1,0,0,1,1,0,Medium
2018,8,Friday,5,Punjab,Gujranwala,Urban Road,Poor,Rainy,Dawn/Dusk,Motorcycle,1,Pedestrian Error,0,0,1,0,1,0,Medium
2022,9,Tuesday,18,Sindh,Sukkur,National Highway,Good,Rainy,Daylight,Truck/Lorry,1,Wrong Overtaking,1,0,0,0,6,0,High
2018,3,Sunday,9,KPK,Kohat,Motorway,Average,Clear,Dawn/Dusk,Rickshaw,4,Over Speeding,1,1,0,0,3,0,Medium
2020,5,Tuesday,10,Islamabad,Islamabad,National Highway,Good,Clear,Daylight,Rickshaw,2,Over Speeding,0,0,0,0,1,1,Medium
2021,7,Friday,19,Punjab,Bahawalpur,Rural Road,Good,Clear,No Light,Motorcycle,2,Over Speeding,1,0,0,0,1,0,Medium
2023,5,Saturday,19,Islamabad,Islamabad,Provincial Highway,Under Repair,Foggy,Dawn/Dusk,Motorcycle,1,Wrong Overtaking,1,1,0,0,3,1,High
2023,10,Saturday,21,Islamabad,Islamabad,Urban Road,Good,Clear,Street Light,Motorcycle,2,Road Condition,0,1,0,0,2,0,Low