year,month,day_of_week,hour_of_day,province,district,road_type,road_condition,weather_condition,lighting_condition,vehicle_type,vehicles_involved,accident_cause,is_rush_hour,is_weekend,is_night,is_foggy_month,num_injured,num_killed,severity
2022,4,Monday,16,KPK,Mardan,Provincial Highway,Good,Foggy,Daylight,Car/Taxi,2,Road Condition,0,0,0,0,0,0,Low
2019,8,Friday,13,Balochistan,Khuzdar,National Highway,Poor,Dusty/Smoggy,Daylight,Car/Taxi,3,Wrong Overtaking,1,0,0,0,2,0,Medium
2023,8,Thursday,8,KPK,Abbottabad,Rural Road,Good,Clear,Street Light,Rickshaw,1,Road Condition,1,0,0,0,1,0,Low
2018,1,Friday,17,Punjab,Sialkot,National Highway,Average,Dusty/Smoggy,No Light,Car/Taxi,3,Pedestrian Error,1,0,0,1,1,0,Low
2018,11,Friday,7,Sindh,Karachi,National Highway,Average,Clear,Street Light,Car/Taxi,3,Over Speeding,1,0,0,1,11,2,High
2020,8,Sunday,17,KPK,Kohat,Provincial Highway,Poor,Clear,Daylight,Truck/Lorry,1,Wrong Overtaking,1,1,0,0,2,0,Medium
2022,12,Tuesday,11,Islamabad,Islamabad,National Highway,Average,Clear,Daylight,Bus/Coach,2,Drunk Driving,0,0,0,1,6,1,High
2023,11,Tuesday,7,Sindh,Dadu,Urban Road,Good,Clear,Street Light,Motorcycle,2,Driver Fatigue,1,0,0,1,2,1,Medium
2019,12,Wednesday,10,KPK,Peshawar,National Highway,Poor,Clear,Daylight,Bus/Coach,3,Over Speeding,0,0,0,1,1,0,Medium
2022,4,Friday,18,KPK,Mansehra,Provincial Highway,Poor,Clear,Daylight,Car/Taxi,3,Mechanical Failure,1,0,0,0,2,0,Low
2020,3,Saturday,12,Punjab,Sargodha,National Highway,Good,Dusty/Smoggy,Street Light,Truck/Lorry,2,Over Speeding,1,1,0,0,6,1,High
2018,1,Thursday,2,Punjab,Lahore,Urban Road,Good,Clear,No Light,Motorcycle,2,Over Speeding,0,0,1,1,4,0,Medium
2019,8,Wednesday,19,KPK,Mansehra,National Highway,Good,Foggy,Daylight,Car/Taxi,1,Road Condition,1,0,0,0,5,0,Medium
2019,7,Tuesday,16,Punjab,Multan,Provincial Highway,Good,Clear,Street Light,Motorcycle,2,Road Condition,0,0,0,0,1,0,Low
2022,1,Saturday,11,Punjab,Multan,Provincial Highway,Average,Clear,Daylight,Van/Pickup,2,Road Condition,0,1,0,1,1,0,Low
2022,7,Saturday,10,Sindh,Nawabshah,National Highway,Poor,Extreme Heat,Daylight,Motorcycle,1,Over Speeding,0,1,0,0,7,1,High
2019,7,Sunday,0,KPK,Dera Ismail Khan,National Highway,Under Repair,Dusty/Smoggy,No Light,Car/Taxi,1,Signal Violation,0,1,1,0,6,1,High
2023,1,Saturday,21,Sindh,Kashmore,Rural Road,Poor,Clear,No Light,Car/Taxi,2,Over Speeding,0,1,0,1,4,0,Medium
2018,6,Wednesday,2,Balochistan,Chaman,Rural Road,Average,Clear,No Light,Car/Taxi,2,Over Speeding,0,0,1,0,4,0,Medium
2022,2,Tuesday,10,Punjab,Rawalpindi,National Highway,Good,Clear,Daylight,Bicycle,1,Signal Violation,0,0,0,1,5,2,High
2021,12,Saturday,6,Punjab,Sargodha,Urban Road,Average,Clear,Daylight,Motorcycle,3,Signal Violation,0,1,0,1,2,0,Low
2018,1,Thursday,20,Sindh,Kashmore,National Highway,Poor,Clear,Street Light,Motorcycle,2,Wrong Overtaking,1,0,0,1,10,1,High
2022,8,Sunday,23,KPK,Swat,National Highway,Average,Clear,Street Light,Car/Taxi,2,Wrong Overtaking,0,1,1,0,9,2,High
2022,7,Thursday,18,Sindh,Sukkur,Provincial Highway,Good,Clear,Daylight,Car/Taxi,2,Wrong Overtaking,1,0,0,0,1,1,Low
2019,10,Saturday,7,Punjab,Rawalpindi,Rural Road,Average,Clear,Daylight,Motorcycle,2,Pedestrian Error,1,1,0,0,2,0,Low
2023,6,Tuesday,20,KPK,Mansehra,National Highway,Under Repair,Foggy,Street Light,Bus/Coach,2,Signal Violation,1,0,0,0,3,0,Medium
2023,11,Saturday,5,KPK,Dera Ismail Khan,National Highway,Average,Clear,Dawn/Dusk,Car/Taxi,3,Over Speeding,0,1,1,1,3,1,Medium
2022,6,Saturday,17,Punjab,Bahawalpur,Rural Road,Poor,Rainy,Daylight,Motorcycle,2,Over Speeding,1,1,0,0,2,0,High
2023,8,Monday,20,Punjab,Lahore,National Highway,Poor,Extreme Heat,No Light,Motorcycle,3,Wrong Overtaking,1,0,0,0,4,2,Medium
2020,7,Monday,13,Sindh,Larkana,National Highway,Good,Rainy,Daylight,Truck/Lorry,2,Wrong Overtaking,1,0,0,0,8,3,High
2023,6,Sunday,23,Punjab,Lahore,Rural Road,Good,Foggy,No Light,Car/Taxi,1,Driver Fatigue,0,1,1,0,9,0,High
2018,9,Sunday,20,Punjab,Bahawalpur,National Highway,Average,Foggy,Street Light,Motorcycle,1,Mechanical Failure,1,1,0,0,3,0,Medium
2022,8,Tuesday,17,Punjab,Gujranwala,National Highway,Average,Dusty/Smoggy,Dawn/Dusk,Bus/Coach,2,Road Condition,1,0,0,0,0,0,Low
2019,1,Thursday,16,Punjab,Rawalpindi,National Highway,Poor,Clear,Daylight,Motorcycle,1,Drunk Driving,0,0,0,1,2,2,High
2020,1,Thursday,14,Punjab,Bahawalpur,Urban Road,Good,Clear,No Light,Motorcycle,2,Over Speeding,0,0,0,1,5,0,Medium
2021,5,Tuesday,21,Punjab,Sheikhupura,National Highway,Poor,Foggy,No Light,Car/Taxi,2,Signal Violation,0,0,0,0,2,2,Medium
2023,11,Friday,20,Punjab,Gujranwala,Provincial Highway,Poor,Clear,Street Light,Car/Taxi,1,Driver Fatigue,1,0,0,1,4,2,Medium
2019,11,Wednesday,14,KPK,Peshawar,Urban Road,Poor,Clear,Daylight,Rickshaw,2,Signal Violation,0,0,0,1,2,0,Low
2022,2,Saturday,5,Punjab,Sialkot,Provincial Highway,Good,Extreme Heat,Street Light,Car/Taxi,3,Over Speeding,0,1,1,1,8,2,High
2022,2,Friday,21,KPK,Kohat,Urban Road,Good,Foggy,Street Light,Motorcycle,2,Over Speeding,0,0,0,1,3,2,High
2018,4,Sunday,2,KPK,Mansehra,National Highway,Poor,Clear,No Light,Motorcycle,1,Signal Violation,0,1,1,0,2,2,High
2021,5,Thursday,3,Punjab,Multan,Rural Road,Good,Foggy,No Light,Motorcycle,3,Over Speeding,0,0,1,0,9,1,High
2021,10,Saturday,18,Punjab,Sargodha,Provincial Highway,Good,Rainy,Daylight,Motorcycle,3,Over Speeding,1,1,0,0,6,0,High
2020,8,Friday,12,Sindh,Mirpur Khas,National Highway,Average,Foggy,Daylight,Motorcycle,3,Over Speeding,1,0,0,0,2,3,High
2020,7,Monday,17,Punjab,Sargodha,Provincial Highway,Good,Clear,Daylight,Van/Pickup,2,Wrong Overtaking,1,0,0,0,1,0,Low
2019,7,Wednesday,13,Sindh,Kashmore,Urban Road,Under Repair,Clear,Dawn/Dusk,Car/Taxi,4,Over Speeding,1,0,0,0,1,0,Medium
2020,8,Thursday,14,KPK,Mardan,Provincial Highway,Under Repair,Rainy,Daylight,Bus/Coach,2,Driver Fatigue,0,0,0,0,5,2,High
2020,5,Tuesday,10,Punjab,Rawalpindi,Provincial Highway,Good,Rainy,Daylight,Motorcycle,3,Road Condition,0,0,0,0,5,0,Medium
2022,10,Tuesday,17,Sindh,Karachi,National Highway,Poor,Rainy,Daylight,Motorcycle,3,Driver Fatigue,1,0,0,0,11,1,High
2021,8,Sunday,8,Islamabad,Islamabad,National Highway,Poor,Foggy,Daylight,Bicycle,2,Mechanical Failure,1,1,0,0,4,0,Medium
2022,11,Monday,7,Punjab,Rawalpindi,National Highway,Average,Foggy,Daylight,Van/Pickup,2,Wrong Overtaking,1,0,0,1,1,0,Medium
2022,11,Monday,1,Punjab,Bahawalpur,Provincial Highway,Good,Rainy,No Light,Motorcycle,1,Wrong Overtaking,0,0,1,1,9,1,High
2023,5,Saturday,10,Sindh,Mirpur Khas,Urban Road,Average,Clear,Daylight,Bus/Coach,2,Signal Violation,0,1,0,0,0,0,Low
2022,12,Monday,15,Islamabad,Islamabad,National Highway,Good,Clear,Daylight,Rickshaw,2,Over Speeding,0,0,0,1,4,2,High
2023,9,Monday,18,Punjab,Sheikhupura,Provincial Highway,Good,Dusty/Smoggy,No Light,Motorcycle,4,Over Speeding,1,0,0,0,6,1,High
2020,11,Thursday,11,Punjab,Lahore,Provincial Highway,Good,Clear,Daylight,Motorcycle,3,Over Speeding,0,0,0,1,2,2,High
2022,3,Saturday,2,Punjab,Gujranwala,Motorway,Average,Clear,Street Light,Rickshaw,2,Over Speeding,0,1,1,0,6,2,High
2022,7,Thursday,10,Punjab,Faisalabad,Provincial Highway,Average,Clear,Dawn/Dusk,Rickshaw,1,Pedestrian Error,0,0,0,0,0,0,Low
2022,7,Monday,19,Punjab,Bahawalpur,National Highway,Average,Extreme Heat,Street Light,Car/Taxi,2,Drunk Driving,1,0,0,0,3,0,Medium
2018,5,Monday,2,Punjab,Faisalabad,Provincial Highway,Good,Rainy,No Light,Truck/Lorry,2,Wrong Overtaking,0,0,1,0,10,2,High
2023,8,Wednesday,6,Sindh,Dadu,Urban Road,Good,Foggy,Street Light,Bicycle,1,Over Speeding,0,0,0,0,2,1,High
2019,12,Monday,9,AJK,Mirpur,Provincial Highway,Good,Clear,Daylight,Motorcycle,2,Over Speeding,1,0,0,1,8,1,High
2023,12,Sunday,21,KPK,Dera Ismail Khan,Provincial Highway,Average,Extreme Heat,Street Light,Motorcycle,2,Wrong Overtaking,0,1,0,1,1,0,Medium
2019,8,Sunday,20,KPK,Bannu,Urban Road,Average,Clear,Street Light,Motorcycle,2,Over Speeding,1,1,0,0,4,1,Medium
2023,8,Friday,12,Punjab,Faisalabad,Provincial Highway,Good,Clear,Street Light,Motorcycle,2,Driver Fatigue,1,0,0,0,3,1,High
2021,3,Saturday,9,Punjab,Sheikhupura,Provincial Highway,Good,Clear,Daylight,Motorcycle,2,Pedestrian Error,1,1,0,0,2,0,Low
2023,9,Thursday,21,Sindh,Larkana,Provincial Highway,Under Repair,Clear,Street Light,Motorcycle,1,Over Speeding,0,0,0,0,3,1,High
2020,8,Thursday,23,Sindh,Sukkur,Provincial Highway,Average,Foggy,No Light,Motorcycle,3,Mechanical Failure,0,0,1,0,9,2,High
2019,1,Sunday,4,Sindh,Larkana,Provincial Highway,Poor,Clear,Street Light,Truck/Lorry,2,Signal Violation,0,1,1,1,5,0,Medium
2023,9,Saturday,22,Punjab,Bahawalpur,Rural Road,Good,Rainy,No Light,Motorcycle,1,Road Condition,0,1,1,0,4,0,Medium
2019,9,Tuesday,5,Sindh,Jacobabad,Provincial Highway,Average,Clear,No Light,Motorcycle,2,Wrong Overtaking,0,0,1,0,4,1,High
2021,11,Thursday,3,Punjab,Sialkot,Provincial Highway,Average,Foggy,Street Light,Motorcycle,1,Wrong Overtaking,0,0,1,1,8,0,High
2020,1,Wednesday,15,Sindh,Karachi,Rural Road,Good,Dusty/Smoggy,Street Light,Motorcycle,1,Wrong Overtaking,0,0,0,1,0,0,Low
2019,5,Thursday,23,Punjab,Faisalabad,Provincial Highway,Good,Rainy,Street Light,Motorcycle,2,Over Speeding,0,0,1,0,4,0,High
2023,12,Saturday,23,Balochistan,Dera Bugti,Urban Road,Good,Dusty/Smoggy,Street Light,Van/Pickup,3,Driver Fatigue,0,1,1,1,4,0,Medium
2020,4,Friday,22,Punjab,Faisalabad,Provincial Highway,Good,Clear,No Light,Bus/Coach,3,Signal Violation,0,0,1,0,7,1,High
2020,12,Sunday,8,Islamabad,Islamabad,Rural Road,Good,Rainy,Daylight,Motorcycle,2,Pedestrian Error,1,1,0,1,2,0,Low
2022,9,Wednesday,19,Balochistan,Chaman,Provincial Highway,Average,Clear,No Light,Truck/Lorry,3,Over Speeding,1,0,0,0,4,0,Medium
2019,7,Sunday,17,KPK,Kohat,Urban Road,Average,Clear,Daylight,Motorcycle,2,Over Speeding,1,1,0,0,5,0,Medium
2020,12,Friday,22,AJK,Muzaffarabad,Urban Road,Good,Dusty/Smoggy,No Light,Rickshaw,2,Wrong Overtaking,0,0,1,1,2,0,Low
2022,3,Thursday,19,Punjab,Sialkot,National Highway,Poor,Rainy,Dawn/Dusk,Motorcycle,1,Driver Fatigue,1,0,0,0,5,1,High
2023,5,Monday,7,Sindh,Sukkur,Urban Road,Good,Dusty/Smoggy,Daylight,Car/Taxi,2,Road Condition,1,0,0,0,0,0,Low
2022,12,Tuesday,15,Balochistan,Turbat,Urban Road,Average,Clear,Daylight,Car/Taxi,2,Wrong Overtaking,0,0,0,1,2,0,Low
2023,2,Tuesday,23,Punjab,Rawalpindi,Provincial Highway,Good,Clear,Street Light,Motorcycle,4,Over Speeding,0,0,1,1,6,1,High
2022,12,Thursday,16,Sindh,Mirpur Khas,Rural Road,Good,Rainy,Daylight,Motorcycle,2,Over Speeding,0,0,0,1,1,0,Medium
2021,6,Monday,8,Punjab,Rahim Yar Khan,National Highway,Good,Clear,Daylight,Car/Taxi,2,Over Speeding,1,0,0,0,2,0,Medium
2023,7,Tuesday,16,Sindh,Dadu,Rural Road,Good,Foggy,Daylight,Truck/Lorry,1,Wrong Overtaking,0,0,0,0,2,1,Medium
2023,1,Monday,19,Balochistan,Hub,Motorway,Average,Clear,Dawn/Dusk,Rickshaw,3,Road Condition,1,0,0,1,0,0,Low
2023,5,Sunday,18,Sindh,Nawabshah,Provincial Highway,Good,Foggy,Daylight,Bus/Coach,1,Wrong Overtaking,1,1,0,0,1,0,Medium
2021,8,Wednesday,1,Punjab,Rahim Yar Khan,Provincial Highway,Average,Rainy,Street Light,Car/Taxi,2,Wrong Overtaking,0,0,1,0,3,0,Medium
2023,12,Monday,13,Islamabad,Islamabad,Rural Road,Average,Clear,Daylight,Motorcycle,2,Wrong Overtaking,1,0,0,1,4,0,Medium
2020,2,Wednesday,5,Punjab,Rawalpindi,Urban Road,Good,Foggy,Dawn/Dusk,Motorcycle,1,Over Speeding,0,0,1,1,4,3,High
2022,3,Thursday,10,Balochistan,Hub,Provincial Highway,Average,Clear,Daylight,Car/Taxi,2,Wrong Overtaking,0,0,0,0,5,0,Medium
2018,6,Tuesday,8,AJK,Rawalakot,Provincial Highway,Good,Foggy,Daylight,Truck/Lorry,4,Signal Violation,1,0,0,0,1,1,Medium
2018,2,Saturday,22,Balochistan,Chaman,National Highway,Good,Clear,No Light,Van/Pickup,2,Over Speeding,0,1,1,1,3,1,High
2018,8,Wednesday,11,KPK,Peshawar,Provincial Highway,Good,Rainy,Daylight,Motorcycle,3,Over Speeding,0,0,0,0,3,0,High
2023,3,Thursday,18,KPK,Abbottabad,National Highway,Average,Foggy,Daylight,Motorcycle,2,Over Speeding,1,0,0,0,3,1,High
2020,1,Tuesday,10,KPK,Bannu,Urban Road,Poor,Foggy,Daylight,Rickshaw,2,Over Speeding,0,0,0,1,4,1,Medium
2022,6,Tuesday,18,Sindh,Karachi,Rural Road,Average,Foggy,Daylight,Rickshaw,3,Over Speeding,1,0,0,0,2,0,Medium
2018,6,Thursday,13,Punjab,Bahawalpur,Provincial Highway,Poor,Clear,Daylight,Car/Taxi,2,Over Speeding,1,0,0,0,0,1,Low
2022,6,Sunday,6,Punjab,Faisalabad,Provincial Highway,Good,Rainy,Daylight,Rickshaw,1,Over Speeding,0,1,0,0,3,0,Medium
2019,9,Wednesday,19,KPK,Dera Ismail Khan,Urban Road,Poor,Dusty/Smoggy,Street Light,Bus/Coach,1,Wrong Overtaking,1,0,0,0,5,1,Medium
2018,5,Thursday,14,Sindh,Kashmore,National Highway,Poor,Clear,Daylight,Car/Taxi,2,Wrong Overtaking,0,0,0,0,4,0,Medium
2022,11,Friday,13,Sindh,Mirpur Khas,Urban Road,Good,Rainy,Daylight,Motorcycle,2,Wrong Overtaking,1,0,0,1,4,0,High
2020,9,Sunday,18,Sindh,Sukkur,Urban Road,Good,Rainy,Daylight,Motorcycle,3,Over Speeding,1,1,0,0,1,0,Medium
2023,11,Saturday,12,KPK,Nowshera,National Highway,Average,Dusty/Smoggy,Daylight,Car/Taxi,1,Signal Violation,1,1,0,1,2,0,Medium
2023,7,Thursday,9,KPK,Mardan,Rural Road,Good,Clear,Daylight,Truck/Lorry,3,Over Speeding,1,0,0,0,0,0,Low
2022,5,Sunday,8,Punjab,Bahawalpur,Urban Road,Good,Clear,Daylight,Motorcycle,2,Signal Violation,1,1,0,0,2,0,Medium
2019,8,Wednesday,20,Punjab,Lahore,Provincial Highway,Average,Clear,No Light,Car/Taxi,2,Driver Fatigue,1,0,0,0,1,0,Medium
2021,6,Tuesday,15,Punjab,Sialkot,National Highway,Good,Dusty/Smoggy,Daylight,Truck/Lorry,1,Mechanical Failure,0,0,0,0,4,0,Medium
2023,8,Monday,21,Sindh,Sukkur,National Highway,Good,Rainy,Street Light,Motorcycle,1,Wrong Overtaking,0,0,0,0,11,1,High
2019,10,Saturday,8,Punjab,Lahore,National Highway,Average,Clear,Daylight,Motorcycle,1,Over Speeding,1,1,0,0,3,3,High
2021,11,Monday,7,KPK,Dera Ismail Khan,Urban Road,Under Repair,Foggy,Daylight,Motorcycle,1,Wrong Overtaking,1,0,0,1,7,4,High
2023,10,Sunday,15,Punjab,Lahore,Urban Road,Poor,Clear,Daylight,Motorcycle,1,Over Speeding,0,1,0,0,4,0,High
2021,10,Thursday,16,Punjab,Rawalpindi,Urban Road,Good,Foggy,Daylight,Car/Taxi,2,Drunk Driving,0,0,0,0,1,0,Medium
2023,9,Monday,20,KPK,Mansehra,National Highway,Average,Foggy,Street Light,Motorcycle,2,Pedestrian Error,1,0,0,0,11,1,High
2022,8,Sunday,20,Punjab,Sargodha,Urban Road,Poor,Clear,No Light,Rickshaw,2,Wrong Overtaking,1,1,0,0,1,0,Low
2021,5,Saturday,18,KPK,Swat,Provincial Highway,Poor,Clear,Daylight,Motorcycle,2,Driver Fatigue,1,1,0,0,5,0,Medium
2022,8,Thursday,7,Islamabad,Islamabad,Urban Road,Average,Foggy,Daylight,Car/Taxi,3,Over Speeding,1,0,0,0,3,0,Medium
2019,1,Monday,9,Sindh,Sukkur,Rural Road,Average,Dusty/Smoggy,Daylight,Motorcycle,2,Signal Violation,1,0,0,1,1,1,Low
2020,7,Tuesday,7,KPK,Abbottabad,National Highway,Good,Clear,Daylight,Bus/Coach,3,Mobile Phone Use,1,0,0,0,3,0,Medium
2018,11,Monday,4,KPK,Swat,Rural Road,Average,Clear,No Light,Car/Taxi,3,Pedestrian Error,0,0,1,1,1,0,Low
2022,7,Monday,19,Punjab,Rawalpindi,Provincial Highway,Poor,Foggy,Daylight,Car/Taxi,3,Mobile Phone Use,1,0,0,0,2,0,Medium
2023,7,Wednesday,12,Sindh,Larkana,Urban Road,Average,Rainy,Daylight,Rickshaw,4,Pedestrian Error,1,0,0,0,1,0,Low
2021,7,Thursday,15,Punjab,Sialkot,Rural Road,Poor,Clear,Daylight,Truck/Lorry,1,Drunk Driving,0,0,0,0,3,0,Medium
2022,2,Monday,9,Punjab,Sheikhupura,Urban Road,Poor,Rainy,Dawn/Dusk,Rickshaw,3,Driver Fatigue,1,0,0,1,3,0,Medium
2020,10,Saturday,11,Punjab,Rahim Yar Khan,National Highway,Poor,Clear,Daylight,Car/Taxi,1,Over Speeding,0,1,0,0,4,1,Medium
2020,10,Sunday,21,Sindh,Kashmore,Provincial Highway,Average,Extreme Heat,Street Light,Truck/Lorry,2,Weather Condition,0,1,0,0,2,0,Low
2020,2,Monday,11,KPK,Nowshera,Rural Road,Average,Foggy,Daylight,Truck/Lorry,1,Over Speeding,0,0,0,1,4,0,Medium
2020,10,Monday,21,Balochistan,Loralai,National Highway,Poor,Clear,Street Light,Motorcycle,4,Mechanical Failure,0,0,0,0,2,1,Medium
2021,10,Tuesday,7,Sindh,Jacobabad,Rural Road,Good,Clear,Daylight,Motorcycle,2,Wrong Overtaking,1,0,0,0,3,0,Medium
2018,4,Sunday,5,Punjab,Gujranwala,Provincial Highway,Good,Extreme Heat,Daylight,Rickshaw,3,Mobile Phone Use,0,1,1,0,5,0,Medium
2023,7,Saturday,15,KPK,Nowshera,Rural Road,Average,Clear,Daylight,Rickshaw,1,Wrong Overtaking,0,1,0,0,0,0,Low
2020,7,Saturday,2,KPK,Charsadda,Rural Road,Poor,Clear,No Light,Van/Pickup,1,Driver Fatigue,0,1,1,0,2,1,Medium
2021,4,Tuesday,8,Punjab,Sargodha,National Highway,Under Repair,Clear,Street Light,Car/Taxi,1,Mechanical Failure,1,0,0,0,4,2,Medium
2021,5,Wednesday,23,Punjab,Rawalpindi,Rural Road,Poor,Foggy,Street Light,Bus/Coach,2,Driver Fatigue,0,0,1,0,4,0,High
2022,5,Saturday,17,Sindh,Kashmore,Urban Road,Average,Clear,Daylight,Truck/Lorry,1,Signal Violation,1,1,0,0,1,0,Low
2018,2,Monday,8,Sindh,Dadu,Provincial Highway,Good,Clear,Daylight,Motorcycle,2,Mechanical Failure,1,0,0,1,3,0,Medium
2023,3,Sunday,1,KPK,Dera Ismail Khan,Rural Road,Good,Foggy,Street Light,Bus/Coach,1,Drunk Driving,0,1,1,0,5,1,High
2023,12,Friday,8,Sindh,Nawabshah,National Highway,Average,Foggy,Daylight,Bus/Coach,1,Wrong Overtaking,1,0,0,1,10,1,High
2022,12,Tuesday,11,Punjab,Bahawalpur,National Highway,Average,Rainy,Daylight,Motorcycle,2,Road Condition,0,0,0,1,9,2,High
2020,10,Friday,3,Punjab,Sialkot,Rural Road,Poor,Rainy,Street Light,Car/Taxi,2,Signal Violation,0,0,1,0,5,0,Medium
2020,11,Monday,9,Balochistan,Gwadar,National Highway,Good,Clear,Dawn/Dusk,Motorcycle,2,Over Speeding,1,0,0,1,5,2,High
2021,12,Sunday,13,Punjab,Lahore,Rural Road,Good,Clear,Daylight,Rickshaw,2,Signal Violation,1,1,0,1,2,0,Low
2023,7,Thursday,5,Punjab,Sargodha,National Highway,Poor,Clear,Dawn/Dusk,Motorcycle,1,Mobile Phone Use,0,0,1,0,2,1,Medium
2020,12,Wednesday,16,KPK,Charsadda,National Highway,Under Repair,Clear,Daylight,Motorcycle,3,Signal Violation,0,0,0,1,3,1,Medium
2022,1,Monday,17,KPK,Swat,Urban Road,Poor,Clear,Daylight,Motorcycle,4,Pedestrian Error,1,0,0,1,1,0,Low
2021,1,Wednesday,7,Sindh,Dadu,Rural Road,Poor,Clear,Daylight,Motorcycle,2,Over Speeding,1,0,0,1,9,4,High
2023,5,Friday,15,Sindh,Thatta,Urban Road,Under Repair,Foggy,Daylight,Motorcycle,3,Signal Violation,0,0,0,0,7,0,High
2023,11,Thursday,18,Islamabad,Islamabad,Rural Road,Poor,Foggy,Daylight,Motorcycle,1,Over Speeding,1,0,0,1,10,2,High
2020,3,Sunday,18,Punjab,Rahim Yar Khan,Provincial Highway,Good,Clear,No Light,Bicycle,2,Over Speeding,1,1,0,0,7,2,High
2018,5,Friday,15,Sindh,Hyderabad,Rural Road,Good,Clear,Daylight,Bus/Coach,2,Road Condition,0,0,0,0,2,0,Low
2021,12,Thursday,15,Sindh,Kashmore,National Highway,Good,Rainy,Daylight,Truck/Lorry,1,Wrong Overtaking,0,0,0,1,4,0,Medium
2019,9,Wednesday,21,Punjab,Bahawalpur,Motorway,Good,Clear,No Light,Motorcycle,3,Wrong Overtaking,0,0,0,0,4,0,High
2021,3,Saturday,8,Punjab,Multan,Provincial Highway,Average,Foggy,Daylight,Motorcycle,2,Road Condition,1,1,0,0,3,0,Medium
2020,5,Saturday,17,KPK,Dera Ismail Khan,Rural Road,Under Repair,Clear,Daylight,Motorcycle,1,Over Speeding,1,1,0,0,5,0,Medium
2019,4,Tuesday,17,Sindh,Dadu,National Highway,Average,Clear,Daylight,Rickshaw,1,Over Speeding,1,0,0,0,3,1,Medium
2021,2,Monday,20,Balochistan,Khuzdar,National Highway,Poor,Clear,Street Light,Motorcycle,3,Over Speeding,1,0,0,1,6,0,High
2019,7,Monday,18,Sindh,Sukkur,Provincial Highway,Poor,Clear,Dawn/Dusk,Rickshaw,2,Pedestrian Error,1,0,0,0,0,1,Low
2020,12,Friday,13,KPK,Nowshera,National Highway,Good,Clear,Daylight,Motorcycle,1,Wrong Overtaking,1,0,0,1,6,4,High
2018,4,Thursday,17,KPK,Charsadda,National Highway,Poor,Clear,Dawn/Dusk,Bus/Coach,1,Mechanical Failure,1,0,0,0,1,0,Medium
2023,5,Thursday,15,KPK,Mansehra,Rural Road,Average,Clear,Dawn/Dusk,Rickshaw,4,Road Condition,0,0,0,0,0,1,Low
2020,11,Saturday,12,KPK,Mansehra,Rural Road,Poor,Dusty/Smoggy,Dawn/Dusk,Truck/Lorry,3,Wrong Overtaking,1,1,0,1,2,0,Medium
2019,5,Saturday,22,KPK,Dera Ismail Khan,National Highway,Good,Extreme Heat,No Light,Car/Taxi,2,Signal Violation,0,1,1,0,4,0,Medium
2019,8,Saturday,15,Sindh,Thatta,National Highway,Good,Rainy,Street Light,Motorcycle,2,Signal Violation,0,1,0,0,10,2,High
2018,6,Saturday,19,Sindh,Kashmore,Provincial Highway,Poor,Clear,No Light,Motorcycle,1,Signal Violation,1,1,0,0,5,0,Medium
2023,3,Sunday,8,Punjab,Rahim Yar Khan,National Highway,Average,Clear,Street Light,Car/Taxi,1,Over Speeding,1,1,0,0,4,2,Medium
2022,7,Thursday,6,KPK,Mardan,Urban Road,Poor,Clear,Daylight,Rickshaw,2,Mechanical Failure,0,0,0,0,1,0,Low
2022,12,Friday,18,Punjab,Gujranwala,Rural Road,Average,Rainy,Dawn/Dusk,Rickshaw,2,Pedestrian Error,1,0,0,1,2,0,Low
2022,12,Saturday,20,Sindh,Hyderabad,Rural Road,Under Repair,Clear,Street Light,Truck/Lorry,2,Signal Violation,1,1,0,1,2,0,Low
2019,8,Tuesday,21,Punjab,Rawalpindi,Urban Road,Poor,Rainy,No Light,Car/Taxi,1,Wrong Overtaking,0,0,0,0,2,0,Medium
2020,11,Monday,8,KPK,Nowshera,Urban Road,Good,Clear,Street Light,Motorcycle,2,Road Condition,1,0,0,1,1,0,Low
2022,8,Thursday,14,AJK,Muzaffarabad,Provincial Highway,Average,Rainy,Daylight,Car/Taxi,4,Over Speeding,0,0,0,0,4,0,Medium
2023,9,Monday,11,KPK,Swat,Provincial Highway,Good,Clear,Dawn/Dusk,Car/Taxi,1,Over Speeding,0,0,0,0,1,0,Medium
2023,5,Monday,19,Sindh,Jacobabad,Motorway,Poor,Clear,Dawn/Dusk,Motorcycle,1,Over Speeding,1,0,0,0,2,2,High
2022,11,Thursday,14,Sindh,Mirpur Khas,Urban Road,Good,Rainy,Daylight,Car/Taxi,1,Over Speeding,0,0,0,1,0,0,Low
2019,12,Sunday,22,Sindh,Mirpur Khas,Rural Road,Average,Rainy,No Light,Motorcycle,1,Over Speeding,0,1,1,1,6,1,High
2020,2,Tuesday,17,Punjab,Rawalpindi,Rural Road,Under Repair,Rainy,Daylight,Car/Taxi,1,Over Speeding,1,0,0,1,2,0,Low
2023,10,Tuesday,10,Punjab,Bahawalpur,Motorway,Poor,Rainy,Daylight,Car/Taxi,1,Over Speeding,0,0,0,0,4,1,Medium
2020,8,Wednesday,17,Punjab,Rawalpindi,Urban Road,Average,Rainy,Street Light,Motorcycle,3,Road Condition,1,0,0,0,3,0,Medium
2022,6,Sunday,20,Islamabad,Islamabad,Provincial Highway,Good,Clear,No Light,Truck/Lorry,1,Over Speeding,1,1,0,0,2,1,High
2021,11,Sunday,9,Sindh,Jacobabad,Motorway,Poor,Rainy,No Light,Motorcycle,2,Over Speeding,1,1,0,1,4,2,High
2023,6,Wednesday,17,Sindh,Karachi,Rural Road,Good,Clear,No Light,Car/Taxi,1,Road Condition,1,0,0,0,2,1,Low