year,month,day_of_week,hour_of_day,province,district,road_type,road_condition,weather_condition,lighting_condition,vehicle_type,vehicles_involved,accident_cause,is_rush_hour,is_weekend,is_night,is_foggy_month,num_injured,num_killed,severity
2018,6,Wednesday,3,Islamabad,Islamabad,National Highway,Poor,Clear,No Light,Motorcycle,2,Wrong Overtaking,0,0,1,0,3,1,High
2020,4,Saturday,3,Sindh,Sukkur,National Highway,Average,Clear,Street Light,Truck/Lorry,2,Driver Fatigue,0,1,1,0,8,1,High
2023,12,Saturday,7,Punjab,Lahore,Provincial Highway,Average,Dusty/Smoggy,Daylight,Van/Pickup,2,Pedestrian Error,1,1,0,1,1,0,Low
2023,6,Sunday,8,Punjab,Multan,Rural Road,Good,Clear,Daylight,Bus/Coach,2,Signal Violation,1,1,0,0,0,0,Low
2022,5,Wednesday,2,Punjab,Rawalpindi,Rural Road,Good,Foggy,Street Light,Rickshaw,2,Wrong Overtaking,0,0,1,0,2,0,Medium
2019,8,Thursday,17,KPK,Bannu,Urban Road,Average,Clear,Daylight,Motorcycle,1,Pedestrian Error,1,0,0,0,2,0,Low
2023,6,Wednesday,13,Punjab,Faisalabad,Rural Road,Average,Clear,Daylight,Car/Taxi,3,Road Condition,1,0,0,0,1,0,Low
2020,8,Thursday,23,KPK,Kohat,Rural Road,Average,Dusty/Smoggy,No Light,Bus/Coach,2,Driver Fatigue,0,0,1,0,5,0,Medium
2023,10,Tuesday,3,Balochistan,Dera Bugti,National Highway,Average,Extreme Heat,No Light,Motorcycle,2,Road Condition,0,0,1,0,2,1,Medium
2021,5,Thursday,20,Punjab,Rawalpindi,National Highway,Good,Clear,No Light,Motorcycle,2,Over Speeding,1,0,0,0,9,0,High
2023,6,Monday,12,Punjab,Rawalpindi,Provincial Highway,Average,Clear,Daylight,Car/Taxi,1,Over Speeding,1,0,0,0,2,0,Low
2020,6,Sunday,18,Sindh,Mirpur Khas,Urban Road,Good,Foggy,Daylight,Truck/Lorry,2,Mechanical Failure,1,1,0,0,1,0,Low
2023,7,Monday,10,Punjab,Faisalabad,Urban Road,Good,Clear,Daylight,Motorcycle,2,Drunk Driving,0,0,0,0,3,1,Medium
2021,7,Tuesday,12,Sindh,Mirpur Khas,National Highway,Average,Clear,Daylight,Car/Taxi,3,Signal Violation,1,0,0,0,5,0,Medium
2023,10,Saturday,11,Sindh,Sukkur,Provincial Highway,Average,Clear,Daylight,Motorcycle,3,Over Speeding,0,1,0,0,2,0,Medium
2019,6,Tuesday,7,Punjab,Faisalabad,Provincial Highway,Good,Foggy,Daylight,Rickshaw,3,Signal Violation,1,0,0,0,1,0,Low
2018,8,Friday,13,Islamabad,Islamabad,National Highway,Under Repair,Rainy,Daylight,Motorcycle,3,Over Speeding,1,0,0,0,10,2,High
2022,9,Wednesday,8,Punjab,Gujranwala,Provincial Highway,Good,Dusty/Smoggy,Daylight,Car/Taxi,4,Over Speeding,1,0,0,0,3,1,Medium
2023,2,Tuesday,22,Punjab,Rawalpindi,Motorway,Poor,Clear,No Light,Motorcycle,3,Wrong Overtaking,0,0,1,1,8,0,High
2020,6,Monday,23,Balochistan,Chaman,National Highway,Poor,Rainy,Street Light,Bus/Coach,2,Over Speeding,0,0,1,0,2,2,High
2020,11,Friday,5,Punjab,Faisalabad,National Highway,Good,Clear,Dawn/Dusk,Motorcycle,1,Over Speeding,0,0,1,1,7,2,High
2022,11,Tuesday,10,Punjab,Sargodha,National Highway,Good,Foggy,Daylight,Van/Pickup,1,Driver Fatigue,0,0,0,1,4,1,Medium
2021,11,Wednesday,10,Islamabad,Islamabad,Provincial Highway,Average,Clear,Daylight,Truck/Lorry,1,Wrong Overtaking,0,0,0,1,0,0,Low
2018,8,Saturday,11,Punjab,Bahawalpur,Provincial Highway,Average,Foggy,Daylight,Truck/Lorry,2,Over Speeding,0,1,0,0,5,1,High
2020,11,Saturday,11,Punjab,Sargodha,Provincial Highway,Average,Rainy,Daylight,Car/Taxi,2,Road Condition,0,1,0,1,2,1,Medium
2023,12,Sunday,13,Sindh,Hyderabad,Rural Road,Under Repair,Clear,Daylight,Bicycle,2,Mechanical Failure,1,1,0,1,0,0,Low
2023,7,Friday,17,Punjab,Sheikhupura,Urban Road,Good,Rainy,Daylight,Car/Taxi,3,Wrong Overtaking,1,0,0,0,2,0,Low
2018,1,Tuesday,22,Sindh,Kashmore,Urban Road,Good,Clear,No Light,Motorcycle,1,Drunk Driving,0,0,1,1,4,2,High
2019,5,Friday,6,Sindh,Nawabshah,Urban Road,Average,Extreme Heat,Daylight,Motorcycle,3,Wrong Overtaking,0,0,0,0,0,0,Low
2023,6,Thursday,9,Sindh,Dadu,Urban Road,Poor,Clear,Daylight,Rickshaw,1,Over Speeding,1,0,0,0,2,0,Low
2020,11,Friday,19,Punjab,Rawalpindi,National Highway,Average,Rainy,Street Light,Motorcycle,2,Over Speeding,1,0,0,1,10,2,High
2018,6,Monday,14,Balochistan,Sibi,Urban Road,Under Repair,Clear,Daylight,Motorcycle,1,Over Speeding,0,0,0,0,5,1,Medium
2019,12,Monday,22,Punjab,Rawalpindi,National Highway,Poor,Clear,Street Light,Rickshaw,2,Pedestrian Error,0,0,1,1,1,1,Medium
2021,1,Friday,16,Sindh,Sukkur,Urban Road,Good,Foggy,Daylight,Car/Taxi,1,Pedestrian Error,0,0,0,1,1,0,Low
2021,2,Wednesday,9,Islamabad,Islamabad,Motorway,Good,Clear,Daylight,Van/Pickup,2,Driver Fatigue,1,0,0,1,8,1,High
2020,4,Tuesday,13,Punjab,Bahawalpur,Provincial Highway,Average,Clear,Daylight,Truck/Lorry,2,Mechanical Failure,1,0,0,0,0,0,Low
2019,11,Thursday,15,Punjab,Sialkot,National Highway,Good,Clear,Daylight,Car/Taxi,4,Pedestrian Error,0,0,0,1,3,1,Medium
2018,7,Thursday,11,Punjab,Lahore,National Highway,Good,Clear,Daylight,Truck/Lorry,2,Over Speeding,0,0,0,0,3,1,High
2022,1,Thursday,8,Islamabad,Islamabad,National Highway,Average,Clear,Daylight,Truck/Lorry,1,Road Condition,1,0,0,1,5,1,Medium
2020,1,Tuesday,16,KPK,Mardan,Urban Road,Good,Clear,Daylight,Rickshaw,2,Signal Violation,0,0,0,1,1,0,Low
2019,6,Monday,15,Balochistan,Dera Bugti,National Highway,Average,Clear,Daylight,Truck/Lorry,3,Pedestrian Error,0,0,0,0,1,0,Medium
2022,1,Sunday,9,KPK,Charsadda,Provincial Highway,Good,Rainy,No Light,Motorcycle,1,Driver Fatigue,1,1,0,1,3,2,High
2022,7,Wednesday,15,Punjab,Sargodha,National Highway,Good,Rainy,Daylight,Bicycle,2,Pedestrian Error,0,0,0,0,4,2,High
2023,1,Saturday,18,Punjab,Bahawalpur,Provincial Highway,Average,Clear,Street Light,Car/Taxi,1,Over Speeding,1,1,0,1,1,1,Medium
2022,2,Monday,21,Islamabad,Islamabad,Urban Road,Poor,Clear,Street Light,Rickshaw,4,Mechanical Failure,0,0,0,1,0,0,Low
2020,2,Thursday,14,Sindh,Thatta,Rural Road,Good,Rainy,Daylight,Motorcycle,3,Over Speeding,0,0,0,1,2,0,Medium
2023,11,Thursday,20,Punjab,Sialkot,National Highway,Good,Clear,No Light,Car/Taxi,2,Mechanical Failure,1,0,0,1,0,0,Low
2021,6,Thursday,6,Sindh,Jacobabad,Urban Road,Average,Foggy,Dawn/Dusk,Car/Taxi,3,Signal Violation,0,0,0,0,0,0,Low
2021,9,Sunday,22,Punjab,Sialkot,Urban Road,Average,Clear,No Light,Motorcycle,3,Road Condition,0,1,1,0,4,1,Medium
2023,10,Sunday,6,Punjab,Lahore,Rural Road,Good,Foggy,Daylight,Truck/Lorry,1,Road Condition,0,1,0,0,1,0,Low
2021,11,Tuesday,2,Sindh,Mirpur Khas,Urban Road,Good,Dusty/Smoggy,Street Light,Motorcycle,2,Over Speeding,0,0,1,1,9,2,High
2022,4,Tuesday,23,Punjab,Rahim Yar Khan,Provincial Highway,Poor,Rainy,No Light,Car/Taxi,4,Road Condition,0,0,1,0,5,0,Medium
2022,4,Wednesday,11,Punjab,Lahore,Rural Road,Average,Clear,Dawn/Dusk,Van/Pickup,1,Wrong Overtaking,0,0,0,0,0,0,Low
2018,8,Thursday,8,Sindh,Hyderabad,Provincial Highway,Good,Rainy,Daylight,Motorcycle,1,Drunk Driving,1,0,0,0,3,3,High
2018,1,Friday,15,Sindh,Mirpur Khas,National Highway,Good,Clear,Daylight,Motorcycle,1,Over Speeding,0,0,0,1,9,3,High
2021,8,Thursday,8,Punjab,Faisalabad,Urban Road,Poor,Clear,Dawn/Dusk,Motorcycle,3,Over Speeding,1,0,0,0,4,1,Medium
2019,6,Sunday,10,Punjab,Multan,Provincial Highway,Poor,Clear,Daylight,Van/Pickup,4,Wrong Overtaking,0,1,0,0,1,0,Low
2022,8,Wednesday,15,Islamabad,Islamabad,Urban Road,Poor,Foggy,Daylight,Motorcycle,1,Wrong Overtaking,0,0,0,0,7,1,High
2022,4,Monday,18,Punjab,Rawalpindi,National Highway,Average,Clear,Street Light,Motorcycle,1,Over Speeding,1,0,0,0,9,1,High
2023,7,Saturday,17,Punjab,Sheikhupura,Urban Road,Poor,Clear,Daylight,Motorcycle,1,Signal Violation,1,1,0,0,4,1,Medium
2019,7,Friday,22,Punjab,Rahim Yar Khan,Motorway,Poor,Clear,Street Light,Motorcycle,2,Over Speeding,0,0,1,0,11,0,High
2023,2,Sunday,17,Punjab,Gujranwala,Rural Road,Average,Clear,Daylight,Bus/Coach,1,Over Speeding,1,1,0,1,2,0,Low
2018,2,Monday,9,Sindh,Hyderabad,Provincial Highway,Poor,Clear,Street Light,Car/Taxi,1,Signal Violation,1,0,0,1,1,0,Medium
2019,5,Thursday,8,Balochistan,Dera Bugti,National Highway,Good,Clear,Dawn/Dusk,Motorcycle,3,Mechanical Failure,1,0,0,0,2,0,Medium
2018,11,Thursday,22,Sindh,Nawabshah,Provincial Highway,Average,Rainy,No Light,Car/Taxi,2,Wrong Overtaking,0,0,1,1,4,0,Medium
2022,6,Wednesday,7,KPK,Mansehra,National Highway,Poor,Dusty/Smoggy,Daylight,Motorcycle,1,Signal Violation,1,0,0,0,2,1,Medium
2021,3,Tuesday,8,Balochistan,Hub,National Highway,Good,Extreme Heat,Dawn/Dusk,Motorcycle,1,Road Condition,1,0,0,0,4,0,Medium
2019,12,Thursday,8,Punjab,Rawalpindi,Urban Road,Good,Clear,Street Light,Motorcycle,1,Signal Violation,1,0,0,1,5,1,Medium
2023,11,Sunday,20,Sindh,Thatta,Motorway,Poor,Clear,Street Light,Motorcycle,2,Over Speeding,1,1,0,1,10,0,High
2020,1,Wednesday,19,Sindh,Mirpur Khas,Rural Road,Good,Foggy,Street Light,Motorcycle,2,Signal Violation,1,0,0,1,3,0,Medium
2023,6,Sunday,18,Punjab,Rahim Yar Khan,Provincial Highway,Poor,Extreme Heat,Daylight,Rickshaw,2,Over Speeding,1,1,0,0,1,1,Low
2021,11,Tuesday,8,KPK,Bannu,Urban Road,Good,Clear,Daylight,Car/Taxi,4,Driver Fatigue,1,0,0,1,1,0,Medium
2021,4,Sunday,10,KPK,Swat,Rural Road,Good,Foggy,Daylight,Car/Taxi,2,Pedestrian Error,0,1,0,0,0,0,Low
2021,8,Wednesday,7,Sindh,Larkana,Provincial Highway,Good,Foggy,Daylight,Motorcycle,1,Pedestrian Error,1,0,0,0,2,2,Medium
2020,7,Wednesday,17,Punjab,Faisalabad,National Highway,Poor,Foggy,Daylight,Truck/Lorry,2,Over Speeding,1,0,0,0,9,0,High
2022,8,Saturday,19,Punjab,Rawalpindi,Urban Road,Average,Foggy,Dawn/Dusk,Car/Taxi,2,Wrong Overtaking,1,1,0,0,1,0,Medium
2018,1,Friday,17,Punjab,Sargodha,Provincial Highway,Average,Clear,Street Light,Motorcycle,1,Signal Violation,1,0,0,1,3,0,Medium
2022,7,Wednesday,20,Punjab,Sialkot,National Highway,Good,Clear,No Light,Motorcycle,3,Drunk Driving,1,0,0,0,7,1,High
2023,9,Tuesday,11,KPK,Nowshera,Urban Road,Average,Clear,No Light,Rickshaw,2,Pedestrian Error,0,0,0,0,1,0,Low
2020,7,Monday,6,Punjab,Sargodha,National Highway,Poor,Dusty/Smoggy,Daylight,Car/Taxi,2,Driver Fatigue,0,0,0,0,2,0,Medium
2020,5,Saturday,19,KPK,Bannu,Urban Road,Good,Clear,Dawn/Dusk,Truck/Lorry,1,Road Condition,1,1,0,0,1,0,Low
2018,12,Sunday,10,Punjab,Rawalpindi,Provincial Highway,Good,Clear,Street Light,Other,2,Over Speeding,0,1,0,1,5,0,Medium
2022,11,Friday,5,KPK,Mansehra,Provincial Highway,Good,Clear,Street Light,Bus/Coach,2,Wrong Overtaking,0,0,1,1,6,4,High
2019,8,Saturday,16,Balochistan,Turbat,Provincial Highway,Average,Clear,Street Light,Motorcycle,2,Road Condition,0,1,0,0,1,2,Medium
2018,6,Wednesday,15,KPK,Abbottabad,National Highway,Poor,Clear,Daylight,Motorcycle,2,Over Speeding,0,0,0,0,10,2,High
2022,11,Tuesday,15,Sindh,Nawabshah,National Highway,Good,Clear,Daylight,Motorcycle,2,Wrong Overtaking,0,0,0,1,4,0,Medium
2019,1,Tuesday,14,Punjab,Lahore,Rural Road,Good,Rainy,Dawn/Dusk,Van/Pickup,2,Over Speeding,0,0,0,1,4,1,Medium
2020,11,Saturday,15,Punjab,Bahawalpur,Urban Road,Poor,Clear,Daylight,Motorcycle,3,Signal Violation,0,1,0,1,1,1,Medium
2019,6,Saturday,10,Sindh,Larkana,National Highway,Average,Clear,Daylight,Car/Taxi,3,Road Condition,0,1,0,0,1,0,Low
2021,12,Sunday,12,Islamabad,Islamabad,National Highway,Average,Rainy,Daylight,Car/Taxi,3,Pedestrian Error,1,1,0,1,5,1,Medium
2021,3,Thursday,11,Sindh,Mirpur Khas,National Highway,Average,Foggy,Daylight,Rickshaw,3,Mechanical Failure,0,0,0,0,2,0,Low
2021,10,Monday,7,Sindh,Mirpur Khas,National Highway,Average,Clear,Daylight,Car/Taxi,3,Signal Violation,1,0,0,0,2,1,Medium
2022,1,Saturday,22,KPK,Mansehra,Urban Road,Under Repair,Rainy,Street Light,Rickshaw,2,Pedestrian Error,0,1,1,1,2,0,Medium
2023,6,Friday,20,Sindh,Karachi,National Highway,Average,Foggy,No Light,Van/Pickup,1,Over Speeding,1,0,0,0,6,2,High
2021,12,Tuesday,20,Sindh,Thatta,Provincial Highway,Good,Foggy,No Light,Motorcycle,3,Weather Condition,1,0,0,1,2,1,High
2022,10,Friday,11,Punjab,Gujranwala,Urban Road,Poor,Rainy,Daylight,Car/Taxi,1,Wrong Overtaking,0,0,0,0,2,0,Low
2023,5,Tuesday,11,Punjab,Rawalpindi,National Highway,Good,Rainy,Dawn/Dusk,Motorcycle,2,Wrong Overtaking,0,0,0,0,10,4,High
2020,7,Friday,6,KPK,Charsadda,Urban Road,Under Repair,Clear,No Light,Motorcycle,2,Mechanical Failure,0,0,0,0,2,0,Medium
2018,12,Thursday,15,Balochistan,Dera Bugti,Provincial Highway,Poor,Foggy,Daylight,Car/Taxi,3,Wrong Overtaking,0,0,0,1,5,0,Medium
2020,6,Monday,17,Punjab,Rawalpindi,National Highway,Average,Rainy,Street Light,Car/Taxi,1,Wrong Overtaking,1,0,0,0,7,1,High
2021,3,Friday,18,Sindh,Sukkur,Provincial Highway,Poor,Foggy,Daylight,Rickshaw,2,Signal Violation,1,0,0,0,2,1,Medium
2020,12,Monday,5,Punjab,Bahawalpur,National Highway,Good,Rainy,Dawn/Dusk,Motorcycle,1,Pedestrian Error,0,0,1,1,9,2,High
2019,10,Monday,20,Sindh,Kashmore,Provincial Highway,Poor,Dusty/Smoggy,No Light,Rickshaw,2,Signal Violation,1,0,0,0,1,0,Low
2022,1,Saturday,5,Punjab,Bahawalpur,Provincial Highway,Average,Dusty/Smoggy,Dawn/Dusk,Car/Taxi,1,Road Condition,0,1,1,1,1,0,Low
2022,10,Sunday,6,KPK,Abbottabad,National Highway,Good,Clear,Daylight,Car/Taxi,1,Mobile Phone Use,0,1,0,0,2,0,Medium
2023,12,Saturday,18,Sindh,Larkana,Urban Road,Good,Dusty/Smoggy,Daylight,Rickshaw,2,Pedestrian Error,1,1,0,1,2,0,Low
2022,5,Wednesday,15,Sindh,Nawabshah,Urban Road,Poor,Foggy,Daylight,Rickshaw,2,Over Speeding,0,0,0,0,0,0,Low
2023,2,Wednesday,20,Punjab,Lahore,National Highway,Good,Clear,Street Light,Rickshaw,1,Wrong Overtaking,1,0,0,1,2,0,Medium
2018,11,Monday,7,Sindh,Dadu,National Highway,Average,Rainy,Daylight,Bus/Coach,2,Drunk Driving,1,0,0,1,4,1,High
2020,12,Monday,21,Punjab,Faisalabad,National Highway,Good,Foggy,Street Light,Truck/Lorry,2,Over Speeding,0,0,0,1,7,2,High
2022,11,Monday,12,Punjab,Lahore,Provincial Highway,Good,Foggy,Daylight,Motorcycle,2,Over Speeding,1,0,0,1,5,2,High
2022,5,Friday,12,Punjab,Gujranwala,Urban Road,Under Repair,Foggy,No Light,Rickshaw,1,Pedestrian Error,1,0,0,0,1,0,Low
2019,1,Monday,19,Sindh,Jacobabad,Provincial Highway,Good,Clear,Dawn/Dusk,Motorcycle,1,Signal Violation,1,0,0,1,4,3,High
2020,10,Friday,5,Punjab,Bahawalpur,Urban Road,Average,Clear,Dawn/Dusk,Other,2,Mechanical Failure,0,0,1,0,0,0,Low
2019,5,Sunday,10,Balochistan,Hub,Provincial Highway,Good,Clear,Daylight,Motorcycle,1,Over Speeding,0,1,0,0,8,0,High
2021,3,Saturday,16,Sindh,Thatta,Provincial Highway,Average,Rainy,Daylight,Car/Taxi,1,Wrong Overtaking,0,1,0,0,2,0,Medium
2019,9,Saturday,22,Sindh,Sukkur,Provincial Highway,Good,Clear,No Light,Bus/Coach,2,Signal Violation,0,1,1,0,5,1,Medium
2022,10,Thursday,10,Sindh,Jacobabad,National Highway,Average,Clear,Daylight,Truck/Lorry,1,Signal Violation,0,0,0,0,3,0,Medium
2019,6,Sunday,8,Sindh,Thatta,Rural Road,Average,Clear,Daylight,Truck/Lorry,3,Signal Violation,1,1,0,0,0,0,Low
2019,5,Saturday,12,Sindh,Mirpur Khas,Rural Road,Average,Clear,Daylight,Bus/Coach,2,Driver Fatigue,1,1,0,0,4,1,Medium
2018,7,Friday,21,KPK,Kohat,Urban Road,Average,Rainy,No Light,Motorcycle,3,Drunk Driving,0,0,0,0,9,2,High
2020,7,Friday,13,KPK,Nowshera,Motorway,Good,Clear,Daylight,Car/Taxi,1,Drunk Driving,1,0,0,0,3,0,Medium
2020,12,Monday,12,Punjab,Faisalabad,Urban Road,Good,Clear,Daylight,Truck/Lorry,1,Road Condition,1,0,0,1,1,0,Low
2021,11,Friday,13,Sindh,Sukkur,Rural Road,Good,Clear,No Light,Car/Taxi,2,Pedestrian Error,1,0,0,1,0,0,Low
2021,5,Monday,9,Punjab,Sheikhupura,Provincial Highway,Poor,Clear,Daylight,Car/Taxi,1,Wrong Overtaking,1,0,0,0,4,0,Medium
2020,3,Thursday,13,Punjab,Sargodha,Urban Road,Poor,Clear,Daylight,Car/Taxi,1,Mechanical Failure,1,0,0,0,2,0,Low
2023,5,Sunday,22,Sindh,Nawabshah,Provincial Highway,Average,Clear,No Light,Motorcycle,2,Signal Violation,0,1,1,0,9,1,High
2022,6,Friday,16,Balochistan,Quetta,Provincial Highway,Average,Clear,Daylight,Car/Taxi,2,Wrong Overtaking,0,0,0,0,0,0,Low
2023,1,Tuesday,18,Sindh,Jacobabad,Urban Road,Average,Clear,Daylight,Car/Taxi,2,Over Speeding,1,0,0,1,3,0,Medium
2021,7,Wednesday,19,KPK,Kohat,Rural Road,Poor,Foggy,Street Light,Motorcycle,2,Road Condition,1,0,0,0,3,1,Medium
2018,1,Tuesday,18,Punjab,Sialkot,National Highway,Under Repair,Dusty/Smoggy,Daylight,Motorcycle,2,Road Condition,1,0,0,1,1,0,Medium
2022,9,Sunday,17,Sindh,Hyderabad,Motorway,Average,Dusty/Smoggy,Dawn/Dusk,Car/Taxi,2,Over Speeding,1,1,0,0,4,2,Medium
2020,2,Friday,19,Punjab,Bahawalpur,Rural Road,Average,Dusty/Smoggy,Dawn/Dusk,Motorcycle,4,Signal Violation,1,0,0,1,2,0,Low
2023,7,Friday,2,KPK,Dera Ismail Khan,Provincial Highway,Average,Clear,Street Light,Truck/Lorry,3,Driver Fatigue,0,0,1,0,5,3,High
2018,2,Saturday,11,Punjab,Sialkot,National Highway,Poor,Clear,Daylight,Rickshaw,1,Signal Violation,0,1,0,1,3,0,Medium
2020,7,Wednesday,14,Sindh,Hyderabad,Provincial Highway,Good,Rainy,Daylight,Motorcycle,2,Pedestrian Error,0,0,0,0,2,1,High
2022,1,Tuesday,23,Balochistan,Chaman,Provincial Highway,Good,Clear,Street Light,Motorcycle,2,Over Speeding,0,0,1,1,3,1,High
2023,11,Tuesday,13,Balochistan,Quetta,Urban Road,Poor,Foggy,Daylight,Motorcycle,1,Mechanical Failure,1,0,0,1,4,0,Medium
2022,4,Tuesday,8,Balochistan,Turbat,Motorway,Good,Clear,Daylight,Motorcycle,4,Wrong Overtaking,1,0,0,0,3,4,High
2019,2,Monday,4,Punjab,Gujranwala,Provincial Highway,Good,Rainy,No Light,Van/Pickup,3,Over Speeding,0,0,1,1,5,0,Medium
2019,7,Tuesday,14,Islamabad,Islamabad,National Highway,Good,Clear,Daylight,Car/Taxi,4,Over Speeding,0,0,0,0,5,1,Medium
2022,7,Saturday,9,KPK,Mansehra,National Highway,Good,Clear,Daylight,Motorcycle,2,Over Speeding,1,1,0,0,9,3,High
2022,6,Thursday,16,Balochistan,Hub,National Highway,Under Repair,Clear,Daylight,Motorcycle,2,Over Speeding,0,0,0,0,3,0,High
2023,12,Saturday,21,Islamabad,Islamabad,Rural Road,Good,Clear,Street Light,Motorcycle,2,Signal Violation,0,1,0,1,1,2,Medium
2020,8,Friday,12,Islamabad,Islamabad,Urban Road,Good,Dusty/Smoggy,Daylight,Motorcycle,3,Driver Fatigue,1,0,0,0,5,1,Medium
2023,12,Sunday,6,Punjab,Faisalabad,Provincial Highway,Good,Clear,Daylight,Car/Taxi,2,Over Speeding,0,1,0,1,5,1,Medium
2020,1,Saturday,10,Punjab,Rawalpindi,Provincial Highway,Poor,Rainy,Daylight,Motorcycle,1,Pedestrian Error,0,1,0,1,5,1,Medium
2023,11,Tuesday,8,KPK,Dera Ismail Khan,Provincial Highway,Good,Clear,Daylight,Car/Taxi,1,Pedestrian Error,1,0,0,1,2,0,Low
2019,6,Friday,6,Sindh,Larkana,Motorway,Average,Rainy,No Light,Bicycle,2,Over Speeding,0,0,0,0,5,2,High
2020,6,Thursday,3,Punjab,Bahawalpur,National Highway,Good,Foggy,No Light,Car/Taxi,1,Signal Violation,0,0,1,0,2,0,High
2023,6,Monday,12,KPK,Peshawar,National Highway,Average,Extreme Heat,Daylight,Car/Taxi,2,Road Condition,1,0,0,0,1,0,Medium
2023,6,Friday,20,Punjab,Sialkot,National Highway,Good,Clear,No Light,Motorcycle,3,Road Condition,1,0,0,0,11,1,High
2023,9,Friday,6,Punjab,Sargodha,Rural Road,Poor,Clear,Daylight,Motorcycle,2,Over Speeding,0,0,0,0,5,1,Medium
2023,7,Friday,10,Punjab,Sheikhupura,National Highway,Good,Foggy,Daylight,Rickshaw,1,Road Condition,0,0,0,0,2,2,Medium
2022,9,Saturday,23,Punjab,Rawalpindi,Motorway,Good,Foggy,No Light,Motorcycle,2,Over Speeding,0,1,1,0,3,0,High
2022,3,Sunday,20,KPK,Dera Ismail Khan,National Highway,Good,Clear,Street Light,Motorcycle,2,Road Condition,1,1,0,0,1,0,Medium
2021,11,Friday,10,Islamabad,Islamabad,Urban Road,Good,Rainy,Dawn/Dusk,Motorcycle,3,Driver Fatigue,0,0,0,1,5,1,Medium
2020,7,Friday,17,KPK,Abbottabad,National Highway,Good,Clear,Dawn/Dusk,Motorcycle,1,Road Condition,1,0,0,0,3,1,Medium
2021,2,Thursday,12,Sindh,Kashmore,Rural Road,Good,Foggy,Daylight,Rickshaw,1,Wrong Overtaking,1,0,0,1,0,0,Low
2021,11,Saturday,20,Punjab,Multan,National Highway,Under Repair,Foggy,Street Light,Motorcycle,2,Signal Violation,1,1,0,1,2,2,High
2021,3,Saturday,12,Sindh,Karachi,Rural Road,Under Repair,Rainy,Daylight,Motorcycle,2,Wrong Overtaking,1,1,0,0,4,1,Medium
2019,8,Wednesday,9,KPK,Nowshera,National Highway,Under Repair,Rainy,Daylight,Bus/Coach,4,Mobile Phone Use,1,0,0,0,1,0,Medium
2022,6,Thursday,10,Sindh,Kashmore,Provincial Highway,Average,Rainy,Dawn/Dusk,Car/Taxi,2,Over Speeding,0,0,0,0,5,0,Medium
2022,5,Saturday,6,Punjab,Rawalpindi,National Highway,Poor,Foggy,Daylight,Van/Pickup,2,Driver Fatigue,0,1,0,0,5,0,Medium
2023,6,Thursday,19,Balochistan,Hub,National Highway,Under Repair,Clear,Dawn/Dusk,Car/Taxi,3,Wrong Overtaking,1,0,0,0,3,1,Medium
2020,2,Monday,13,Islamabad,Islamabad,Provincial Highway,Poor,Clear,Daylight,Motorcycle,1,Over Speeding,1,0,0,1,4,0,Medium
2020,7,Wednesday,16,Punjab,Sargodha,National Highway,Average,Rainy,Street Light,Motorcycle,2,Pedestrian Error,0,0,0,0,4,1,High
2019,5,Monday,8,Punjab,Gujranwala,Provincial Highway,Good,Dusty/Smoggy,No Light,Other,1,Driver Fatigue,1,0,0,0,1,0,Low
2023,6,Monday,12,Punjab,Sialkot,Provincial Highway,Good,Dusty/Smoggy,Dawn/Dusk,Car/Taxi,1,Pedestrian Error,1,0,0,0,0,0,Low
2022,10,Sunday,20,Punjab,Multan,Provincial Highway,Good,Rainy,Street Light,Motorcycle,1,Driver Fatigue,1,1,0,0,7,0,High
2020,2,Thursday,18,Balochistan,Quetta,Urban Road,Good,Rainy,Daylight,Car/Taxi,2,Signal Violation,1,0,0,1,1,0,Low
2023,10,Friday,12,Islamabad,Islamabad,Urban Road,Poor,Clear,Dawn/Dusk,Bicycle,1,Mechanical Failure,1,0,0,0,2,0,Low
2020,11,Sunday,17,Sindh,Jacobabad,Motorway,Average,Clear,Daylight,Bus/Coach,1,Road Condition,1,1,0,1,5,1,Medium
2020,7,Thursday,8,KPK,Mardan,National Highway,Under Repair,Clear,Dawn/Dusk,Truck/Lorry,2,Signal Violation,1,0,0,0,1,0,Medium
2019,11,Friday,9,KPK,Nowshera,National Highway,Poor,Rainy,Daylight,Car/Taxi,1,Wrong Overtaking,1,0,0,1,4,2,Medium
2021,1,Thursday,23,Punjab,Lahore,Provincial Highway,Under Repair,Clear,Street Light,Car/Taxi,2,Over Speeding,0,0,1,1,2,2,High
2018,11,Tuesday,10,Sindh,Dadu,Provincial Highway,Average,Rainy,Daylight,Motorcycle,2,Road Condition,0,0,0,1,2,0,Medium
2018,8,Tuesday,20,KPK,Dera Ismail Khan,Provincial Highway,Good,Dusty/Smoggy,No Light,Van/Pickup,2,Pedestrian Error,1,0,0,0,0,0,Low
2023,6,Monday,2,KPK,Swat,Rural Road,Good,Dusty/Smoggy,Street Light,Motorcycle,3,Wrong Overtaking,0,0,1,0,5,2,Medium
2020,4,Friday,13,Punjab,Sheikhupura,Urban Road,Average,Dusty/Smoggy,Daylight,Motorcycle,1,Over Speeding,1,0,0,0,11,3,High
2020,6,Thursday,17,Sindh,Sukkur,Urban Road,Average,Rainy,Dawn/Dusk,Motorcycle,2,Wrong Overtaking,1,0,0,0,1,0,Medium
2022,1,Tuesday,13,Punjab,Faisalabad,Urban Road,Under Repair,Dusty/Smoggy,Dawn/Dusk,Motorcycle,2,Mechanical Failure,1,0,0,1,1,1,Low