year,month,day_of_week,hour_of_day,province,district,road_type,road_condition,weather_condition,lighting_condition,vehicle_type,vehicles_involved,accident_cause,is_rush_hour,is_weekend,is_night,is_foggy_month,num_injured,num_killed,severity
2021,7,Sunday,10,KPK,Kohat,National Highway,Good,Dusty/Smoggy,Daylight,Motorcycle,2,Over Speeding,0,1,0,0,6,1,High
2023,11,Tuesday,20,Sindh,Sukkur,Motorway,Good,Clear,No Light,Car/Taxi,2,Mobile Phone Use,1,0,0,1,1,0,Low
2018,7,Friday,13,Punjab,Sialkot,Rural Road,Poor,Foggy,Daylight,Car/Taxi,4,Signal Violation,1,0,0,0,5,0,Medium
2022,9,Tuesday,18,KPK,Swat,Provincial Highway,Good,Clear,Daylight,Bicycle,1,Pedestrian Error,1,0,0,0,4,1,Medium
2020,12,Sunday,17,Sindh,Larkana,Urban Road,Good,Clear,Daylight,Motorcycle,3,Signal Violation,1,1,0,1,2,0,Medium
2019,1,Tuesday,18,Punjab,Rahim Yar Khan,Provincial Highway,Average,Rainy,Daylight,Truck/Lorry,2,Pedestrian Error,1,0,0,1,2,1,Medium
2023,5,Friday,19,Balochistan,Hub,National Highway,Average,Foggy,No Light,Motorcycle,3,Signal Violation,1,0,0,0,11,0,High
2020,11,Friday,6,Punjab,Sialkot,National Highway,Average,Foggy,Daylight,Truck/Lorry,1,Wrong Overtaking,0,0,0,1,5,1,Medium
2022,8,Monday,8,Punjab,Rahim Yar Khan,National Highway,Good,Clear,Daylight,Truck/Lorry,2,Over Speeding,1,0,0,0,5,0,Medium
2023,10,Saturday,17,Punjab,Rahim Yar Khan,Provincial Highway,Good,Clear,Daylight,Car/Taxi,2,Over Speeding,1,1,0,0,1,0,Medium
2020,6,Saturday,16,Punjab,Rahim Yar Khan,Rural Road,Good,Clear,Daylight,Car/Taxi,1,Over Speeding,0,1,0,0,2,0,Low
2020,4,Sunday,16,Sindh,Nawabshah,Urban Road,Good,Clear,Dawn/Dusk,Bus/Coach,3,Road Condition,0,1,0,0,1,0,Low
2019,9,Friday,14,Sindh,Jacobabad,Provincial Highway,Poor,Clear,Street Light,Car/Taxi,1,Wrong Overtaking,0,0,0,0,1,0,Low
2019,10,Saturday,12,Sindh,Jacobabad,Urban Road,Poor,Foggy,Daylight,Rickshaw,3,Wrong Overtaking,1,1,0,0,2,1,Medium
2020,7,Friday,7,Punjab,Multan,National Highway,Average,Clear,Daylight,Motorcycle,4,Signal Violation,1,0,0,0,10,1,High
2020,11,Thursday,16,Punjab,Sialkot,National Highway,Good,Extreme Heat,Daylight,Truck/Lorry,2,Over Speeding,0,0,0,1,1,0,Medium
2023,9,Friday,21,Sindh,Larkana,Urban Road,Good,Clear,Street Light,Motorcycle,1,Over Speeding,0,0,0,0,4,0,Medium
2021,8,Saturday,18,Sindh,Hyderabad,National Highway,Good,Rainy,Daylight,Car/Taxi,2,Driver Fatigue,1,1,0,0,4,1,High
2023,6,Monday,5,Punjab,Bahawalpur,Urban Road,Good,Clear,No Light,Rickshaw,1,Pedestrian Error,0,0,1,0,2,0,Low
2020,8,Sunday,20,Punjab,Lahore,Rural Road,Good,Foggy,No Light,Motorcycle,2,Signal Violation,1,1,0,0,8,2,High
2020,11,Friday,16,Punjab,Gujranwala,National Highway,Good,Clear,Daylight,Motorcycle,1,Mechanical Failure,0,0,0,1,5,1,Medium
2021,8,Saturday,7,Punjab,Rawalpindi,National Highway,Average,Foggy,Daylight,Van/Pickup,1,Pedestrian Error,1,1,0,0,4,1,Medium
2022,12,Saturday,8,Punjab,Sialkot,Provincial Highway,Good,Rainy,Daylight,Motorcycle,2,Wrong Overtaking,1,1,0,1,3,1,Medium
2023,12,Monday,10,KPK,Charsadda,National Highway,Average,Rainy,Daylight,Car/Taxi,1,Road Condition,0,0,0,1,1,1,Medium
2018,12,Saturday,18,Punjab,Lahore,Urban Road,Good,Clear,Dawn/Dusk,Motorcycle,1,Road Condition,1,1,0,1,1,2,Medium
2022,6,Tuesday,10,Punjab,Rahim Yar Khan,Urban Road,Poor,Clear,Daylight,Truck/Lorry,3,Signal Violation,0,0,0,0,2,0,Low
2023,5,Wednesday,7,Sindh,Larkana,National Highway,Good,Clear,Daylight,Motorcycle,1,Over Speeding,1,0,0,0,9,2,High
2022,12,Sunday,18,Sindh,Larkana,Urban Road,Good,Dusty/Smoggy,No Light,Motorcycle,2,Signal Violation,1,1,0,1,2,0,Medium
2021,7,Monday,22,Sindh,Nawabshah,Provincial Highway,Good,Extreme Heat,Street Light,Car/Taxi,2,Wrong Overtaking,0,0,1,0,1,1,Medium
2023,6,Sunday,17,Punjab,Lahore,Provincial Highway,Average,Dusty/Smoggy,Daylight,Motorcycle,4,Signal Violation,1,1,0,0,3,0,Medium
2023,5,Thursday,10,KPK,Mansehra,Provincial Highway,Good,Clear,Daylight,Motorcycle,2,Signal Violation,0,0,0,0,3,0,Medium
2022,10,Wednesday,5,KPK,Dera Ismail Khan,Rural Road,Average,Clear,Daylight,Car/Taxi,2,Signal Violation,0,0,1,0,0,1,Low
2019,3,Sunday,15,Punjab,Sheikhupura,Rural Road,Good,Clear,Dawn/Dusk,Car/Taxi,1,Wrong Overtaking,0,1,0,0,1,0,Low
2021,5,Tuesday,9,Punjab,Lahore,Rural Road,Good,Rainy,Daylight,Car/Taxi,1,Driver Fatigue,1,0,0,0,2,1,Low
2022,4,Wednesday,20,Punjab,Rawalpindi,National Highway,Poor,Clear,Street Light,Motorcycle,1,Wrong Overtaking,1,0,0,0,4,0,Medium
2022,4,Sunday,16,KPK,Kohat,Provincial Highway,Under Repair,Rainy,Daylight,Motorcycle,3,Over Speeding,0,1,0,0,9,2,High
2019,7,Thursday,17,Sindh,Kashmore,Urban Road,Good,Clear,Daylight,Motorcycle,1,Mechanical Failure,1,0,0,0,0,0,Low
2023,4,Thursday,18,Punjab,Faisalabad,Provincial Highway,Average,Clear,Daylight,Motorcycle,2,Wrong Overtaking,1,0,0,0,3,0,Medium
2022,4,Friday,20,Punjab,Rawalpindi,Urban Road,Good,Dusty/Smoggy,Street Light,Bicycle,2,Signal Violation,1,0,0,0,5,0,Medium
2022,2,Tuesday,14,Balochistan,Turbat,Provincial Highway,Good,Clear,Daylight,Motorcycle,2,Wrong Overtaking,0,0,0,1,5,2,Medium
2023,1,Friday,21,Sindh,Larkana,Urban Road,Poor,Clear,No Light,Car/Taxi,1,Over Speeding,0,0,0,1,2,1,Medium
2018,1,Thursday,6,Punjab,Bahawalpur,Provincial Highway,Good,Clear,Daylight,Truck/Lorry,3,Pedestrian Error,0,0,0,1,4,1,Medium
2020,8,Saturday,22,Sindh,Dadu,Provincial Highway,Average,Rainy,Street Light,Motorcycle,3,Mechanical Failure,0,1,1,0,6,0,High
2023,6,Thursday,19,Punjab,Bahawalpur,Provincial Highway,Average,Clear,Street Light,Rickshaw,1,Over Speeding,1,0,0,0,2,1,Medium
2023,10,Saturday,16,Sindh,Kashmore,National Highway,Under Repair,Clear,Street Light,Motorcycle,2,Pedestrian Error,0,1,0,0,5,0,Medium
2020,8,Wednesday,19,KPK,Dera Ismail Khan,Rural Road,Good,Rainy,Street Light,Motorcycle,2,Wrong Overtaking,1,0,0,0,5,1,Medium
2023,9,Friday,21,Balochistan,Quetta,National Highway,Average,Clear,No Light,Other,2,Over Speeding,0,0,0,0,4,1,High
2021,11,Sunday,16,KPK,Bannu,National Highway,Average,Rainy,No Light,Truck/Lorry,1,Over Speeding,0,1,0,1,5,3,High
2021,6,Sunday,19,Punjab,Gujranwala,Urban Road,Average,Clear,Dawn/Dusk,Motorcycle,2,Mobile Phone Use,1,1,0,0,2,0,Low
2018,6,Friday,19,KPK,Mardan,Provincial Highway,Average,Clear,Dawn/Dusk,Rickshaw,2,Over Speeding,1,0,0,0,2,0,Medium
2020,7,Thursday,16,Balochistan,Sibi,Provincial Highway,Good,Foggy,Street Light,Motorcycle,1,Pedestrian Error,0,0,0,0,3,1,Medium
2021,12,Sunday,8,Sindh,Hyderabad,Rural Road,Good,Clear,Daylight,Motorcycle,4,Wrong Overtaking,1,1,0,1,0,0,Low
2021,7,Wednesday,18,Punjab,Lahore,Motorway,Average,Clear,Street Light,Motorcycle,1,Over Speeding,1,0,0,0,6,2,High
2020,1,Sunday,16,Balochistan,Khuzdar,National Highway,Average,Foggy,Daylight,Motorcycle,1,Over Speeding,0,1,0,1,11,0,High
2020,8,Thursday,21,Punjab,Sialkot,National Highway,Good,Clear,Street Light,Car/Taxi,1,Signal Violation,0,0,0,0,4,0,Medium
2020,5,Tuesday,23,Punjab,Rawalpindi,Urban Road,Average,Clear,Street Light,Bus/Coach,2,Signal Violation,0,0,1,0,4,0,Medium
2023,8,Wednesday,20,Punjab,Sialkot,Motorway,Average,Clear,No Light,Bus/Coach,2,Road Condition,1,0,0,0,5,0,Medium
2018,9,Friday,19,Punjab,Rawalpindi,National Highway,Good,Foggy,Dawn/Dusk,Car/Taxi,2,Over Speeding,1,0,0,0,7,1,High
2023,2,Wednesday,16,KPK,Dera Ismail Khan,Motorway,Average,Clear,Dawn/Dusk,Rickshaw,2,Signal Violation,0,0,0,1,0,0,Low
2023,6,Sunday,4,Punjab,Faisalabad,National Highway,Average,Dusty/Smoggy,No Light,Rickshaw,2,Wrong Overtaking,0,1,1,0,3,1,Medium
2023,9,Monday,20,Punjab,Faisalabad,Urban Road,Under Repair,Clear,Street Light,Motorcycle,2,Mechanical Failure,1,0,0,0,0,0,Low
2019,6,Thursday,10,Sindh,Larkana,National Highway,Good,Clear,Daylight,Motorcycle,4,Pedestrian Error,0,0,0,0,4,0,Medium
2022,11,Friday,9,KPK,Abbottabad,National Highway,Good,Clear,Daylight,Motorcycle,1,Mechanical Failure,1,0,0,1,7,2,High
2022,10,Saturday,4,KPK,Charsadda,Provincial Highway,Good,Clear,No Light,Rickshaw,3,Over Speeding,0,1,1,0,4,0,Medium
2018,7,Wednesday,9,Punjab,Lahore,Urban Road,Average,Clear,Daylight,Motorcycle,2,Wrong Overtaking,1,0,0,0,3,0,Medium
2022,4,Monday,12,Punjab,Sialkot,Rural Road,Average,Clear,Dawn/Dusk,Motorcycle,2,Over Speeding,1,0,0,0,11,4,High
2023,3,Friday,18,Sindh,Nawabshah,Rural Road,Average,Clear,Street Light,Motorcycle,3,Road Condition,1,0,0,0,0,0,Low
2020,11,Friday,10,Punjab,Gujranwala,Provincial Highway,Poor,Clear,Daylight,Motorcycle,2,Over Speeding,0,0,0,1,11,1,High
2018,6,Saturday,20,Punjab,Rahim Yar Khan,Provincial Highway,Good,Rainy,Street Light,Motorcycle,1,Wrong Overtaking,1,1,0,0,8,0,High
2021,11,Sunday,14,KPK,Charsadda,Urban Road,Poor,Dusty/Smoggy,Daylight,Motorcycle,2,Driver Fatigue,0,1,0,1,6,0,High
2018,11,Wednesday,18,Punjab,Lahore,National Highway,Under Repair,Clear,Daylight,Car/Taxi,2,Wrong Overtaking,1,0,0,1,4,0,Medium
2020,3,Thursday,11,Sindh,Mirpur Khas,Provincial Highway,Good,Clear,Daylight,Motorcycle,2,Signal Violation,0,0,0,0,11,0,High
2023,8,Sunday,8,KPK,Swat,Urban Road,Good,Foggy,No Light,Motorcycle,4,Wrong Overtaking,1,1,0,0,1,1,Medium
2023,5,Wednesday,12,Punjab,Bahawalpur,Motorway,Good,Dusty/Smoggy,Daylight,Motorcycle,3,Mechanical Failure,1,0,0,0,5,0,Medium
2023,7,Wednesday,13,Punjab,Rahim Yar Khan,Rural Road,Average,Foggy,Daylight,Motorcycle,1,Mobile Phone Use,1,0,0,0,2,1,Medium
2023,6,Friday,11,Punjab,Faisalabad,National Highway,Poor,Clear,Daylight,Truck/Lorry,1,Mobile Phone Use,0,0,0,0,1,0,Low
2023,1,Thursday,7,Punjab,Rahim Yar Khan,Urban Road,Poor,Clear,Dawn/Dusk,Motorcycle,2,Signal Violation,1,0,0,1,2,2,Medium
2023,10,Friday,10,AJK,Rawalakot,National Highway,Average,Clear,Daylight,Motorcycle,2,Pedestrian Error,0,0,0,0,5,4,High
2019,7,Sunday,13,KPK,Mardan,Provincial Highway,Poor,Clear,Daylight,Car/Taxi,2,Road Condition,1,1,0,0,0,0,Low
2020,8,Thursday,17,Sindh,Thatta,Urban Road,Good,Clear,Daylight,Motorcycle,2,Over Speeding,1,0,0,0,3,1,Medium
2020,7,Sunday,17,Punjab,Gujranwala,Provincial Highway,Average,Rainy,Daylight,Car/Taxi,1,Pedestrian Error,1,1,0,0,0,1,Low
2020,1,Monday,11,Punjab,Faisalabad,Urban Road,Good,Clear,Daylight,Motorcycle,3,Signal Violation,0,0,0,1,2,0,Medium
2020,7,Sunday,21,KPK,Peshawar,Rural Road,Average,Clear,No Light,Car/Taxi,3,Mechanical Failure,0,1,0,0,2,0,Low
2022,9,Wednesday,16,Islamabad,Islamabad,Provincial Highway,Poor,Clear,Daylight,Motorcycle,2,Over Speeding,0,0,0,0,11,0,High
2020,6,Saturday,18,Punjab,Sheikhupura,Rural Road,Average,Clear,Daylight,Motorcycle,2,Drunk Driving,1,1,0,0,2,0,High
2019,6,Saturday,21,Balochistan,Turbat,National Highway,Good,Rainy,Street Light,Van/Pickup,2,Drunk Driving,0,1,0,0,4,1,Medium
2022,12,Wednesday,9,Punjab,Lahore,Motorway,Under Repair,Clear,Dawn/Dusk,Motorcycle,2,Pedestrian Error,1,0,0,1,2,0,High
2023,12,Saturday,6,Punjab,Sargodha,Urban Road,Good,Foggy,Dawn/Dusk,Van/Pickup,1,Wrong Overtaking,0,1,0,1,2,2,Medium
2023,12,Friday,13,Punjab,Sialkot,Urban Road,Poor,Foggy,Street Light,Motorcycle,1,Wrong Overtaking,1,0,0,1,2,0,Medium
2020,11,Friday,23,KPK,Charsadda,Motorway,Average,Dusty/Smoggy,No Light,Car/Taxi,1,Road Condition,0,0,1,1,0,0,Low
2019,11,Friday,19,Sindh,Kashmore,Provincial Highway,Average,Foggy,Dawn/Dusk,Motorcycle,2,Mobile Phone Use,1,0,0,1,3,1,Medium
2020,8,Monday,18,KPK,Abbottabad,Provincial Highway,Average,Clear,Daylight,Car/Taxi,2,Pedestrian Error,1,0,0,0,1,0,Low
2018,12,Saturday,21,Punjab,Rawalpindi,Urban Road,Average,Clear,Street Light,Motorcycle,1,Driver Fatigue,0,1,0,1,2,0,Medium
2019,10,Friday,10,KPK,Mansehra,Provincial Highway,Good,Clear,Daylight,Motorcycle,2,Road Condition,0,0,0,0,3,2,Medium
2022,1,Friday,15,Punjab,Sialkot,National Highway,Good,Clear,Daylight,Motorcycle,4,Over Speeding,0,0,0,1,8,3,High
2023,9,Friday,18,Punjab,Rawalpindi,Provincial Highway,Good,Foggy,Daylight,Bus/Coach,1,Over Speeding,1,0,0,0,8,1,High
2023,1,Monday,16,Punjab,Sialkot,National Highway,Good,Rainy,Daylight,Motorcycle,1,Over Speeding,0,0,0,1,9,0,High
2019,4,Saturday,7,KPK,Peshawar,Provincial Highway,Poor,Clear,Daylight,Bus/Coach,3,Mechanical Failure,1,1,0,0,1,0,Medium
2023,2,Friday,19,Sindh,Karachi,National Highway,Poor,Clear,Dawn/Dusk,Motorcycle,4,Weather Condition,1,0,0,1,1,0,Medium
2020,11,Thursday,17,Punjab,Gujranwala,Rural Road,Good,Rainy,Daylight,Motorcycle,3,Over Speeding,1,0,0,1,11,2,High
2019,1,Saturday,12,Punjab,Multan,National Highway,Average,Clear,Daylight,Truck/Lorry,4,Signal Violation,1,1,0,1,5,0,Medium
2020,2,Friday,1,KPK,Mardan,Urban Road,Average,Extreme Heat,No Light,Motorcycle,1,Over Speeding,0,0,1,1,2,0,Medium
2022,11,Sunday,23,Punjab,Rawalpindi,Urban Road,Good,Clear,Street Light,Motorcycle,2,Pedestrian Error,0,1,1,1,2,0,Medium
2018,2,Friday,21,Islamabad,Islamabad,Provincial Highway,Good,Clear,Street Light,Van/Pickup,2,Pedestrian Error,0,0,0,1,2,0,Low
2021,6,Tuesday,22,Balochistan,Quetta,Provincial Highway,Average,Dusty/Smoggy,Street Light,Truck/Lorry,3,Signal Violation,0,0,1,0,1,2,Medium
2018,9,Monday,12,Sindh,Nawabshah,Rural Road,Under Repair,Foggy,Street Light,Car/Taxi,2,Signal Violation,1,0,0,0,2,0,Low
2018,12,Monday,18,Sindh,Kashmore,Rural Road,Average,Rainy,Daylight,Motorcycle,4,Mobile Phone Use,1,0,0,1,2,0,Medium
2022,12,Sunday,16,Sindh,Mirpur Khas,National Highway,Poor,Clear,Daylight,Motorcycle,1,Drunk Driving,0,1,0,1,6,1,High
2022,3,Friday,5,Punjab,Rahim Yar Khan,Provincial Highway,Poor,Clear,Dawn/Dusk,Car/Taxi,2,Signal Violation,0,0,1,0,2,0,Low
2021,4,Sunday,3,Punjab,Sialkot,Urban Road,Poor,Clear,Street Light,Bicycle,3,Wrong Overtaking,0,1,1,0,10,1,High
2019,11,Sunday,22,Punjab,Sialkot,Rural Road,Good,Foggy,No Light,Motorcycle,1,Over Speeding,0,1,1,1,8,1,High
2019,6,Saturday,12,Islamabad,Islamabad,National Highway,Good,Clear,Dawn/Dusk,Motorcycle,3,Driver Fatigue,1,1,0,0,2,0,High
2018,1,Saturday,8,KPK,Mardan,National Highway,Average,Clear,Dawn/Dusk,Bus/Coach,3,Mechanical Failure,1,1,0,1,1,0,Low
2022,2,Monday,8,Punjab,Bahawalpur,National Highway,Average,Clear,Daylight,Bicycle,2,Over Speeding,1,0,0,1,10,1,High
2021,6,Monday,19,Sindh,Nawabshah,Urban Road,Good,Clear,Dawn/Dusk,Car/Taxi,3,Mechanical Failure,1,0,0,0,1,0,Low
2023,6,Saturday,17,Punjab,Faisalabad,National Highway,Poor,Foggy,Daylight,Rickshaw,2,Mobile Phone Use,1,1,0,0,2,1,Medium
2022,7,Saturday,10,KPK,Peshawar,Provincial Highway,Average,Clear,Daylight,Bus/Coach,3,Signal Violation,0,1,0,0,2,1,Low
2019,11,Friday,8,Punjab,Sheikhupura,Rural Road,Poor,Clear,Daylight,Motorcycle,2,Road Condition,1,0,0,1,2,1,Medium
2023,4,Friday,12,Sindh,Larkana,Motorway,Good,Clear,Daylight,Truck/Lorry,2,Mechanical Failure,1,0,0,0,5,0,Medium
2023,4,Thursday,10,Punjab,Rahim Yar Khan,Provincial Highway,Average,Dusty/Smoggy,Daylight,Bus/Coach,1,Wrong Overtaking,0,0,0,0,1,0,Low
2021,12,Thursday,9,Sindh,Thatta,Motorway,Good,Dusty/Smoggy,Street Light,Motorcycle,2,Mechanical Failure,1,0,0,1,4,1,Medium
2020,10,Wednesday,9,Punjab,Faisalabad,National Highway,Average,Foggy,Dawn/Dusk,Bus/Coach,2,Signal Violation,1,0,0,0,5,4,High
2023,6,Sunday,19,Punjab,Sheikhupura,Provincial Highway,Average,Clear,No Light,Motorcycle,2,Over Speeding,1,1,0,0,2,0,Medium
2023,7,Friday,18,Sindh,Thatta,Urban Road,Poor,Clear,Daylight,Motorcycle,2,Over Speeding,1,0,0,0,2,0,Medium
2020,10,Wednesday,12,Sindh,Hyderabad,Urban Road,Average,Clear,Daylight,Motorcycle,2,Driver Fatigue,1,0,0,0,5,4,High
2023,8,Sunday,21,AJK,Muzaffarabad,Provincial Highway,Good,Clear,Street Light,Van/Pickup,3,Wrong Overtaking,0,1,0,0,1,0,Low
2023,12,Friday,20,KPK,Charsadda,Motorway,Average,Rainy,No Light,Motorcycle,2,Driver Fatigue,1,0,0,1,7,1,High
2023,5,Thursday,21,Sindh,Hyderabad,National Highway,Good,Foggy,No Light,Truck/Lorry,1,Signal Violation,0,0,0,0,5,0,High
2022,1,Tuesday,6,Balochistan,Zhob,Rural Road,Good,Clear,Daylight,Motorcycle,2,Wrong Overtaking,0,0,0,1,2,0,Low
2020,9,Wednesday,19,KPK,Kohat,National Highway,Good,Clear,Street Light,Car/Taxi,1,Over Speeding,1,0,0,0,8,0,High
2019,9,Friday,11,Sindh,Hyderabad,Rural Road,Average,Extreme Heat,Dawn/Dusk,Car/Taxi,2,Over Speeding,0,0,0,0,2,0,Low
2022,4,Friday,16,Sindh,Thatta,National Highway,Good,Foggy,Street Light,Rickshaw,4,Signal Violation,0,0,0,0,4,0,Medium
2018,2,Wednesday,22,Islamabad,Islamabad,National Highway,Under Repair,Foggy,No Light,Motorcycle,2,Driver Fatigue,0,0,1,1,7,0,High
2022,6,Thursday,9,Sindh,Karachi,Provincial Highway,Good,Clear,Daylight,Car/Taxi,2,Wrong Overtaking,1,0,0,0,2,0,Low
2021,2,Thursday,7,KPK,Charsadda,National Highway,Good,Clear,Daylight,Motorcycle,2,Over Speeding,1,0,0,1,9,2,High
2023,11,Tuesday,11,Punjab,Sialkot,National Highway,Average,Dusty/Smoggy,Daylight,Car/Taxi,2,Mechanical Failure,0,0,0,1,2,1,Medium
2023,5,Saturday,19,KPK,Bannu,Rural Road,Average,Foggy,No Light,Car/Taxi,2,Mechanical Failure,1,1,0,0,0,0,Low
2023,3,Tuesday,11,Punjab,Sialkot,Provincial Highway,Average,Foggy,Daylight,Car/Taxi,2,Wrong Overtaking,0,0,0,0,4,1,Medium
2019,10,Wednesday,16,Punjab,Lahore,National Highway,Average,Foggy,Street Light,Truck/Lorry,1,Over Speeding,0,0,0,0,3,2,High
2021,9,Monday,10,Balochistan,Dera Bugti,Urban Road,Poor,Clear,Daylight,Motorcycle,2,Wrong Overtaking,0,0,0,0,1,0,Low
2021,3,Sunday,14,KPK,Kohat,Urban Road,Good,Clear,Daylight,Van/Pickup,3,Signal Violation,0,1,0,0,0,0,Low
2020,7,Tuesday,12,Punjab,Sargodha,Urban Road,Good,Clear,No Light,Car/Taxi,4,Mechanical Failure,1,0,0,0,2,0,Low
2023,7,Friday,16,Sindh,Larkana,Rural Road,Average,Rainy,Daylight,Van/Pickup,2,Pedestrian Error,0,0,0,0,2,0,Low
2019,11,Wednesday,20,Punjab,Multan,Rural Road,Good,Clear,No Light,Motorcycle,2,Wrong Overtaking,1,0,0,1,2,0,Medium
2022,11,Thursday,18,Punjab,Rawalpindi,Urban Road,Good,Rainy,Daylight,Rickshaw,2,Driver Fatigue,1,0,0,1,5,1,Medium
2018,5,Friday,20,Punjab,Bahawalpur,National Highway,Poor,Clear,Street Light,Motorcycle,2,Over Speeding,1,0,0,0,9,2,High
2021,3,Tuesday,18,Punjab,Gujranwala,Provincial Highway,Average,Clear,Daylight,Motorcycle,4,Driver Fatigue,1,0,0,0,5,0,Medium
2022,1,Friday,20,Sindh,Nawabshah,Rural Road,Good,Foggy,Street Light,Truck/Lorry,2,Signal Violation,1,0,0,1,2,0,Medium
2020,6,Monday,9,KPK,Abbottabad,National Highway,Good,Clear,Street Light,Rickshaw,1,Over Speeding,1,0,0,0,3,0,Medium
2020,3,Friday,7,Punjab,Lahore,National Highway,Average,Foggy,Daylight,Motorcycle,4,Driver Fatigue,1,0,0,0,8,4,High
2021,11,Monday,22,Punjab,Bahawalpur,Provincial Highway,Poor,Clear,No Light,Motorcycle,3,Wrong Overtaking,0,0,1,1,2,2,Medium
2021,9,Saturday,20,Balochistan,Chaman,Provincial Highway,Good,Clear,Street Light,Motorcycle,2,Over Speeding,1,1,0,0,9,1,High
2022,5,Sunday,19,KPK,Nowshera,Provincial Highway,Poor,Clear,Street Light,Bus/Coach,3,Driver Fatigue,1,1,0,0,4,0,Medium
2023,8,Friday,17,Punjab,Sargodha,Rural Road,Poor,Clear,Daylight,Car/Taxi,2,Pedestrian Error,1,0,0,0,1,0,Low
2019,4,Tuesday,21,Punjab,Multan,Provincial Highway,Good,Clear,Street Light,Car/Taxi,2,Pedestrian Error,0,0,0,0,1,1,Low
2018,11,Wednesday,19,KPK,Dera Ismail Khan,National Highway,Good,Clear,Daylight,Rickshaw,1,Over Speeding,1,0,0,1,2,1,High
2021,1,Monday,6,Punjab,Sialkot,National Highway,Poor,Clear,Daylight,Motorcycle,2,Over Speeding,0,0,0,1,5,0,High
2023,9,Friday,17,KPK,Mansehra,Rural Road,Average,Dusty/Smoggy,Daylight,Van/Pickup,2,Pedestrian Error,1,0,0,0,1,0,Low
2022,6,Thursday,12,Punjab,Bahawalpur,Rural Road,Good,Clear,Dawn/Dusk,Motorcycle,2,Signal Violation,1,0,0,0,2,0,Medium
2023,5,Monday,17,Islamabad,Islamabad,Provincial Highway,Average,Foggy,Daylight,Car/Taxi,2,Driver Fatigue,1,0,0,0,10,0,High
2019,1,Thursday,17,KPK,Peshawar,Provincial Highway,Poor,Clear,No Light,Motorcycle,4,Over Speeding,1,0,0,1,10,2,High
2023,1,Tuesday,13,Punjab,Sialkot,Motorway,Good,Rainy,Daylight,Motorcycle,1,Road Condition,1,0,0,1,8,1,High
2022,12,Thursday,8,Punjab,Faisalabad,Urban Road,Average,Clear,Daylight,Bus/Coach,2,Driver Fatigue,1,0,0,1,2,1,Medium
2022,2,Sunday,18,Sindh,Mirpur Khas,National Highway,Poor,Dusty/Smoggy,Daylight,Motorcycle,2,Over Speeding,1,1,0,1,6,3,High
2022,8,Tuesday,17,Punjab,Sheikhupura,Urban Road,Good,Clear,Daylight,Motorcycle,1,Signal Violation,1,0,0,0,1,0,Low
2022,2,Monday,9,Punjab,Lahore,Urban Road,Poor,Clear,Daylight,Van/Pickup,2,Road Condition,1,0,0,1,2,0,Low
2022,5,Friday,6,Punjab,Sialkot,National Highway,Poor,Clear,Daylight,Bus/Coach,3,Over Speeding,0,0,0,0,1,0,Medium
2022,7,Friday,18,Sindh,Dadu,Provincial Highway,Poor,Foggy,Daylight,Motorcycle,4,Over Speeding,1,0,0,0,3,2,High
2020,2,Monday,15,Sindh,Mirpur Khas,National Highway,Average,Clear,Daylight,Motorcycle,1,Over Speeding,0,0,0,1,5,3,High
2020,8,Thursday,14,Punjab,Gujranwala,Provincial Highway,Good,Clear,Daylight,Car/Taxi,2,Over Speeding,0,0,0,0,5,0,Medium
2020,1,Wednesday,11,KPK,Abbottabad,National Highway,Poor,Foggy,Daylight,Rickshaw,2,Over Speeding,0,0,0,1,9,1,High
2018,1,Thursday,22,Sindh,Hyderabad,Provincial Highway,Average,Clear,No Light,Van/Pickup,4,Road Condition,0,0,1,1,1,0,Low
2018,8,Tuesday,20,Islamabad,Islamabad,Provincial Highway,Good,Clear,No Light,Bus/Coach,2,Over Speeding,1,0,0,0,1,0,Medium
2019,6,Sunday,17,Balochistan,Loralai,Urban Road,Average,Foggy,Daylight,Car/Taxi,2,Over Speeding,1,1,0,0,2,0,Low
2023,9,Thursday,22,Islamabad,Islamabad,Urban Road,Average,Clear,Street Light,Bus/Coach,2,Drunk Driving,0,0,1,0,3,0,Medium
2018,3,Thursday,14,Islamabad,Islamabad,National Highway,Poor,Foggy,Street Light,Motorcycle,4,Wrong Overtaking,0,0,0,0,6,0,High
2021,9,Tuesday,16,Sindh,Sukkur,Rural Road,Good,Clear,Daylight,Car/Taxi,3,Wrong Overtaking,0,0,0,0,0,0,Low
2020,12,Wednesday,21,Sindh,Sukkur,Provincial Highway,Average,Clear,No Light,Other,2,Pedestrian Error,0,0,0,1,1,0,Low
2023,4,Wednesday,9,Punjab,Faisalabad,National Highway,Average,Rainy,Daylight,Motorcycle,1,Pedestrian Error,1,0,0,0,5,2,High
2019,8,Thursday,22,Sindh,Larkana,National Highway,Poor,Clear,Street Light,Car/Taxi,1,Wrong Overtaking,0,0,1,0,5,0,Medium
2018,9,Sunday,20,Punjab,Bahawalpur,Rural Road,Good,Clear,Street Light,Car/Taxi,2,Road Condition,1,1,0,0,2,0,Low
2023,4,Saturday,19,KPK,Swat,Motorway,Average,Clear,Street Light,Motorcycle,4,Drunk Driving,1,1,0,0,9,1,High