year,month,day_of_week,hour_of_day,province,district,road_type,road_condition,weather_condition,lighting_condition,vehicle_type,vehicles_involved,accident_cause,is_rush_hour,is_weekend,is_night,is_foggy_month,num_injured,num_killed,severity
2021,6,Thursday,10,Punjab,Multan,Rural Road,Average,Rainy,Daylight,Rickshaw,2,Wrong Overtaking,0,0,0,0,2,0,Low
2021,11,Sunday,8,Punjab,Rahim Yar Khan,Rural Road,Poor,Rainy,Daylight,Car/Taxi,3,Over Speeding,1,1,0,1,2,0,Low
2023,10,Sunday,6,Punjab,Rahim Yar Khan,Rural Road,Good,Foggy,Dawn/Dusk,Bus/Coach,3,Road Condition,0,1,0,0,1,0,Low
2023,9,Monday,1,Islamabad,Islamabad,Urban Road,Under Repair,Foggy,No Light,Rickshaw,2,Over Speeding,0,0,1,0,11,2,High
2022,1,Monday,18,Punjab,Sialkot,National Highway,Good,Foggy,Dawn/Dusk,Bus/Coach,2,Over Speeding,1,0,0,1,3,2,High
2019,7,Sunday,22,Balochistan,Sibi,Urban Road,Good,Foggy,No Light,Bus/Coach,2,Over Speeding,0,1,1,0,4,2,High
2022,8,Thursday,14,Punjab,Rawalpindi,National Highway,Good,Clear,Daylight,Motorcycle,2,Pedestrian Error,0,0,0,0,4,0,Medium
2021,12,Friday,19,Sindh,Jacobabad,National Highway,Good,Foggy,No Light,Other,1,Over Speeding,1,0,0,1,3,1,High
2018,12,Friday,22,Punjab,Multan,Urban Road,Good,Foggy,Street Light,Car/Taxi,2,Pedestrian Error,0,0,1,1,2,1,Medium
2022,11,Friday,19,Punjab,Sargodha,National Highway,Under Repair,Clear,Street Light,Car/Taxi,3,Over Speeding,1,0,0,1,4,0,Medium
2023,6,Tuesday,21,Gilgit-Baltistan,Skardu,Urban Road,Good,Dusty/Smoggy,No Light,Car/Taxi,2,Signal Violation,0,0,0,0,0,0,Low
2020,9,Wednesday,21,Punjab,Rawalpindi,National Highway,Good,Clear,No Light,Motorcycle,4,Over Speeding,0,0,0,0,5,1,High
2022,4,Friday,13,Punjab,Multan,National Highway,Good,Clear,Daylight,Car/Taxi,1,Pedestrian Error,1,0,0,0,0,0,Low
2020,10,Saturday,11,Sindh,Mirpur Khas,Provincial Highway,Poor,Foggy,Daylight,Motorcycle,1,Wrong Overtaking,0,1,0,0,6,3,High
2018,4,Wednesday,12,KPK,Nowshera,Rural Road,Poor,Clear,Daylight,Motorcycle,1,Weather Condition,1,0,0,0,0,0,Low
2022,1,Thursday,21,AJK,Mirpur,National Highway,Good,Clear,No Light,Car/Taxi,2,Signal Violation,0,0,0,1,2,0,Low
2023,11,Saturday,21,KPK,Peshawar,Provincial Highway,Under Repair,Clear,Street Light,Truck/Lorry,4,Over Speeding,0,1,0,1,2,0,Medium
2020,3,Friday,19,Sindh,Thatta,Motorway,Poor,Extreme Heat,Dawn/Dusk,Rickshaw,4,Road Condition,1,0,0,0,0,0,Low
2019,10,Tuesday,19,Punjab,Sialkot,National Highway,Good,Rainy,Dawn/Dusk,Motorcycle,1,Over Speeding,1,0,0,0,11,0,High
2021,5,Friday,11,Sindh,Thatta,National Highway,Poor,Foggy,Daylight,Car/Taxi,3,Over Speeding,0,0,0,0,8,3,High
2022,8,Sunday,0,Sindh,Thatta,Provincial Highway,Good,Clear,Street Light,Rickshaw,2,Road Condition,0,1,1,0,5,1,Medium
2020,12,Saturday,19,Punjab,Sheikhupura,National Highway,Good,Foggy,No Light,Motorcycle,1,Driver Fatigue,1,1,0,1,2,2,High
2023,12,Wednesday,17,KPK,Swat,National Highway,Good,Extreme Heat,Daylight,Car/Taxi,2,Pedestrian Error,1,0,0,1,1,0,Low
2021,12,Friday,15,Punjab,Rawalpindi,National Highway,Good,Dusty/Smoggy,Daylight,Motorcycle,3,Road Condition,0,0,0,1,5,0,Medium
2019,4,Thursday,12,Sindh,Karachi,National Highway,Good,Clear,Daylight,Car/Taxi,2,Over Speeding,1,0,0,0,4,0,Medium
2022,12,Thursday,5,Punjab,Sheikhupura,Urban Road,Good,Foggy,Dawn/Dusk,Van/Pickup,2,Over Speeding,0,0,1,1,1,2,Medium
2022,11,Thursday,18,Punjab,Faisalabad,Urban Road,Under Repair,Clear,Daylight,Car/Taxi,2,Driver Fatigue,1,0,0,1,5,0,Medium
2023,1,Friday,9,Sindh,Dadu,Rural Road,Poor,Clear,Daylight,Truck/Lorry,2,Mechanical Failure,1,0,0,1,1,0,Low
2023,2,Tuesday,12,Punjab,Rahim Yar Khan,Rural Road,Good,Rainy,Street Light,Car/Taxi,2,Over Speeding,1,0,0,1,4,0,Medium
2019,12,Tuesday,21,Punjab,Bahawalpur,National Highway,Good,Clear,No Light,Bus/Coach,2,Over Speeding,0,0,0,1,8,2,High
2019,5,Friday,4,Punjab,Sheikhupura,Urban Road,Under Repair,Foggy,Street Light,Motorcycle,1,Driver Fatigue,0,0,1,0,5,0,High
2020,6,Monday,18,Punjab,Faisalabad,Motorway,Good,Clear,Daylight,Van/Pickup,2,Over Speeding,1,0,0,0,3,1,Medium
2021,4,Monday,11,Punjab,Sargodha,Urban Road,Poor,Foggy,Street Light,Motorcycle,2,Over Speeding,0,0,0,0,3,1,High
2019,9,Friday,14,KPK,Nowshera,Rural Road,Good,Clear,Daylight,Rickshaw,1,Over Speeding,0,0,0,0,4,1,Medium
2020,2,Saturday,21,Sindh,Sukkur,Rural Road,Good,Clear,Street Light,Car/Taxi,3,Pedestrian Error,0,1,0,1,1,0,Low
2018,2,Tuesday,9,Sindh,Larkana,National Highway,Poor,Clear,Daylight,Rickshaw,2,Driver Fatigue,1,0,0,1,4,1,Medium
2023,6,Sunday,7,Sindh,Kashmore,Motorway,Good,Rainy,No Light,Rickshaw,1,Over Speeding,1,1,0,0,5,1,High
2018,12,Monday,4,KPK,Bannu,Urban Road,Under Repair,Foggy,No Light,Motorcycle,1,Drunk Driving,0,0,1,1,4,1,High
2019,10,Thursday,3,Punjab,Lahore,Provincial Highway,Average,Clear,Street Light,Car/Taxi,2,Wrong Overtaking,0,0,1,0,3,1,Medium
2019,11,Thursday,17,Balochistan,Khuzdar,Provincial Highway,Good,Extreme Heat,Street Light,Car/Taxi,1,Wrong Overtaking,1,0,0,1,0,0,Low
2018,7,Tuesday,11,AJK,Rawalakot,Provincial Highway,Poor,Rainy,Daylight,Motorcycle,2,Drunk Driving,0,0,0,0,3,1,High
2023,9,Friday,22,Punjab,Faisalabad,Rural Road,Average,Foggy,No Light,Motorcycle,1,Wrong Overtaking,0,0,1,0,5,0,Medium
2018,11,Sunday,5,Sindh,Sukkur,Provincial Highway,Poor,Foggy,No Light,Motorcycle,1,Driver Fatigue,0,1,1,1,3,0,High
2022,5,Thursday,18,Punjab,Multan,National Highway,Poor,Foggy,Daylight,Rickshaw,4,Over Speeding,1,0,0,0,5,2,Medium
2021,11,Monday,12,Punjab,Lahore,Urban Road,Poor,Clear,Daylight,Motorcycle,1,Over Speeding,1,0,0,1,2,0,Medium
2023,11,Tuesday,23,Punjab,Sheikhupura,Provincial Highway,Under Repair,Clear,No Light,Truck/Lorry,3,Road Condition,0,0,1,1,2,1,Medium
2023,9,Friday,0,Balochistan,Sibi,Provincial Highway,Under Repair,Clear,Street Light,Van/Pickup,4,Road Condition,0,0,1,0,1,1,Low
2020,8,Thursday,20,Sindh,Sukkur,National Highway,Average,Extreme Heat,No Light,Car/Taxi,2,Over Speeding,1,0,0,0,4,0,Medium
2021,9,Wednesday,14,Sindh,Mirpur Khas,National Highway,Under Repair,Rainy,Daylight,Van/Pickup,4,Wrong Overtaking,0,0,0,0,1,1,Medium
2022,2,Friday,19,Sindh,Hyderabad,Urban Road,Poor,Clear,Street Light,Motorcycle,2,Signal Violation,1,0,0,1,2,0,Low
2019,5,Thursday,10,Sindh,Thatta,National Highway,Average,Clear,Daylight,Motorcycle,1,Over Speeding,0,0,0,0,2,2,High
2018,10,Friday,16,Punjab,Gujranwala,Provincial Highway,Good,Clear,Daylight,Car/Taxi,2,Wrong Overtaking,0,0,0,0,1,0,Low
2019,9,Friday,20,Balochistan,Turbat,National Highway,Good,Clear,Street Light,Motorcycle,2,Wrong Overtaking,1,0,0,0,7,0,High
2019,5,Tuesday,2,Sindh,Nawabshah,Urban Road,Poor,Rainy,Street Light,Bus/Coach,2,Over Speeding,0,0,1,0,2,0,High
2021,1,Tuesday,9,Sindh,Nawabshah,Rural Road,Average,Rainy,Street Light,Motorcycle,1,Signal Violation,1,0,0,1,4,0,High
2020,8,Monday,18,Sindh,Mirpur Khas,Rural Road,Poor,Foggy,Dawn/Dusk,Truck/Lorry,3,Wrong Overtaking,1,0,0,0,1,0,Medium
2023,9,Monday,18,Islamabad,Islamabad,Provincial Highway,Average,Clear,Dawn/Dusk,Motorcycle,2,Mechanical Failure,1,0,0,0,1,0,Medium
2023,10,Friday,2,KPK,Mansehra,Provincial Highway,Poor,Clear,No Light,Car/Taxi,2,Wrong Overtaking,0,0,1,0,5,2,Medium
2023,2,Thursday,20,Punjab,Bahawalpur,National Highway,Poor,Foggy,Street Light,Motorcycle,2,Signal Violation,1,0,0,1,6,1,High
2023,4,Wednesday,16,Sindh,Mirpur Khas,National Highway,Good,Extreme Heat,Daylight,Bus/Coach,2,Wrong Overtaking,0,0,0,0,9,1,High
2022,2,Saturday,7,Punjab,Lahore,Provincial Highway,Under Repair,Clear,Daylight,Motorcycle,2,Signal Violation,1,1,0,1,2,0,Medium
2019,7,Wednesday,18,AJK,Mirpur,Provincial Highway,Poor,Rainy,Daylight,Bus/Coach,3,Wrong Overtaking,1,0,0,0,11,1,High
2020,1,Saturday,19,Punjab,Sheikhupura,Provincial Highway,Average,Clear,No Light,Motorcycle,4,Over Speeding,1,1,0,1,2,1,Medium
2020,6,Sunday,18,Punjab,Bahawalpur,Urban Road,Average,Clear,Daylight,Motorcycle,2,Road Condition,1,1,0,0,0,1,Low
2023,6,Saturday,9,Punjab,Multan,Rural Road,Under Repair,Clear,Daylight,Bus/Coach,1,Drunk Driving,1,1,0,0,4,1,Medium
2021,11,Wednesday,13,Punjab,Lahore,Urban Road,Good,Foggy,Daylight,Motorcycle,1,Over Speeding,1,0,0,1,3,3,High
2021,1,Monday,11,Sindh,Thatta,Provincial Highway,Under Repair,Clear,Daylight,Motorcycle,1,Wrong Overtaking,0,0,0,1,2,0,Medium
2020,3,Tuesday,12,Punjab,Lahore,Urban Road,Average,Clear,Daylight,Car/Taxi,1,Over Speeding,1,0,0,0,5,1,Medium
2023,4,Friday,7,Punjab,Sheikhupura,National Highway,Poor,Foggy,Daylight,Motorcycle,2,Pedestrian Error,1,0,0,0,10,2,High
2022,1,Wednesday,15,Punjab,Rahim Yar Khan,National Highway,Good,Clear,Daylight,Truck/Lorry,3,Signal Violation,0,0,0,1,11,1,High
2019,10,Wednesday,17,Punjab,Sheikhupura,Motorway,Good,Rainy,Daylight,Car/Taxi,2,Wrong Overtaking,1,0,0,0,4,0,Medium
2018,12,Sunday,17,Punjab,Gujranwala,National Highway,Poor,Clear,Dawn/Dusk,Bicycle,2,Over Speeding,1,1,0,1,2,0,High
2021,8,Saturday,20,KPK,Abbottabad,Provincial Highway,Poor,Rainy,No Light,Bus/Coach,1,Signal Violation,1,1,0,0,2,1,High
2023,5,Tuesday,10,Punjab,Lahore,Motorway,Good,Clear,No Light,Bus/Coach,1,Over Speeding,0,0,0,0,8,2,High
2021,6,Sunday,10,Punjab,Faisalabad,Rural Road,Good,Dusty/Smoggy,Daylight,Truck/Lorry,3,Weather Condition,0,1,0,0,2,0,Low
2023,12,Thursday,18,KPK,Kohat,Provincial Highway,Average,Rainy,Dawn/Dusk,Car/Taxi,3,Pedestrian Error,1,0,0,1,4,2,Medium
2021,4,Sunday,18,Balochistan,Turbat,National Highway,Average,Clear,Daylight,Truck/Lorry,2,Drunk Driving,1,1,0,0,8,2,High
2020,1,Sunday,10,Sindh,Nawabshah,Motorway,Good,Foggy,Daylight,Car/Taxi,3,Signal Violation,0,1,0,1,7,0,High
2019,10,Thursday,12,Punjab,Rawalpindi,National Highway,Under Repair,Rainy,Daylight,Car/Taxi,2,Signal Violation,1,0,0,0,9,2,High
2018,12,Sunday,7,KPK,Nowshera,Rural Road,Good,Clear,Dawn/Dusk,Car/Taxi,1,Mechanical Failure,1,1,0,1,0,0,Low
2022,9,Friday,7,Punjab,Rahim Yar Khan,National Highway,Average,Foggy,Daylight,Van/Pickup,1,Over Speeding,1,0,0,0,11,2,High
2023,3,Monday,18,Islamabad,Islamabad,Urban Road,Average,Foggy,Daylight,Bus/Coach,2,Wrong Overtaking,1,0,0,0,0,0,Low
2022,1,Sunday,15,Balochistan,Dera Bugti,Provincial Highway,Average,Clear,Daylight,Motorcycle,4,Wrong Overtaking,0,1,0,1,6,0,High
2020,5,Sunday,16,Sindh,Dadu,Provincial Highway,Good,Clear,Daylight,Car/Taxi,1,Over Speeding,0,1,0,0,2,0,Medium
2022,11,Wednesday,8,Punjab,Lahore,Motorway,Poor,Clear,Daylight,Motorcycle,1,Wrong Overtaking,1,0,0,1,7,1,High
2023,6,Monday,20,Punjab,Rawalpindi,Urban Road,Poor,Clear,No Light,Car/Taxi,2,Over Speeding,1,0,0,0,3,0,Medium
2022,10,Saturday,5,Gilgit-Baltistan,Skardu,Rural Road,Good,Foggy,Street Light,Truck/Lorry,3,Wrong Overtaking,0,1,1,0,1,2,Medium
2018,8,Sunday,20,KPK,Swat,National Highway,Good,Extreme Heat,No Light,Truck/Lorry,2,Signal Violation,1,1,0,0,5,0,Medium
2020,6,Thursday,23,Punjab,Sialkot,National Highway,Average,Clear,Street Light,Car/Taxi,1,Road Condition,0,0,1,0,3,0,Medium
2022,11,Friday,17,Punjab,Rawalpindi,Urban Road,Average,Clear,Daylight,Car/Taxi,2,Drunk Driving,1,0,0,1,1,0,Low
2022,4,Monday,18,Sindh,Larkana,National Highway,Good,Clear,Daylight,Rickshaw,2,Mechanical Failure,1,0,0,0,1,0,Low
2022,7,Friday,11,AJK,Rawalakot,National Highway,Average,Foggy,Daylight,Car/Taxi,1,Over Speeding,0,0,0,0,4,1,High
2022,9,Friday,19,KPK,Dera Ismail Khan,Motorway,Poor,Clear,Dawn/Dusk,Motorcycle,1,Mobile Phone Use,1,0,0,0,3,1,High
2022,8,Saturday,13,Punjab,Gujranwala,National Highway,Good,Rainy,Street Light,Car/Taxi,3,Signal Violation,1,1,0,0,4,2,High
2020,2,Tuesday,15,Punjab,Multan,Urban Road,Good,Clear,Daylight,Motorcycle,3,Road Condition,0,0,0,1,2,0,Low
2022,1,Sunday,8,Punjab,Rawalpindi,Urban Road,Good,Dusty/Smoggy,Daylight,Car/Taxi,2,Wrong Overtaking,1,1,0,1,1,0,Low
2020,8,Wednesday,11,Balochistan,Loralai,Urban Road,Average,Foggy,Dawn/Dusk,Car/Taxi,2,Road Condition,0,0,0,0,2,0,Low
2020,11,Saturday,6,Punjab,Bahawalpur,Urban Road,Average,Clear,Dawn/Dusk,Motorcycle,1,Pedestrian Error,0,1,0,1,5,0,Medium
2018,7,Sunday,9,KPK,Mardan,Provincial Highway,Under Repair,Extreme Heat,Daylight,Motorcycle,3,Pedestrian Error,1,1,0,0,5,0,Medium
2018,12,Saturday,13,Punjab,Rahim Yar Khan,Urban Road,Good,Foggy,Daylight,Motorcycle,3,Signal Violation,1,1,0,1,2,0,Medium
2020,3,Thursday,6,Punjab,Sialkot,National Highway,Good,Clear,Daylight,Car/Taxi,2,Wrong Overtaking,0,0,0,0,5,1,Medium
2018,5,Friday,9,KPK,Bannu,Urban Road,Under Repair,Clear,Daylight,Car/Taxi,1,Road Condition,1,0,0,0,2,0,Low
2022,12,Tuesday,7,Balochistan,Quetta,Provincial Highway,Good,Clear,Daylight,Truck/Lorry,2,Over Speeding,1,0,0,1,2,0,Medium
2022,11,Friday,16,Punjab,Bahawalpur,Urban Road,Average,Foggy,Daylight,Car/Taxi,2,Wrong Overtaking,0,0,0,1,4,0,Medium
2022,2,Tuesday,12,Punjab,Sialkot,Rural Road,Good,Rainy,Dawn/Dusk,Motorcycle,2,Mechanical Failure,1,0,0,1,3,1,Medium
2019,1,Sunday,18,Sindh,Larkana,National Highway,Average,Clear,Daylight,Car/Taxi,2,Over Speeding,1,1,0,1,3,0,Medium
2022,11,Tuesday,20,KPK,Mansehra,National Highway,Average,Foggy,No Light,Truck/Lorry,3,Over Speeding,1,0,0,1,7,0,High
2021,1,Sunday,13,Sindh,Kashmore,Provincial Highway,Good,Clear,Daylight,Bicycle,2,Road Condition,1,1,0,1,0,0,Low
2021,9,Wednesday,18,Punjab,Sheikhupura,Urban Road,Under Repair,Clear,Daylight,Rickshaw,2,Driver Fatigue,1,0,0,0,1,0,Low
2023,6,Monday,1,Sindh,Mirpur Khas,Provincial Highway,Poor,Clear,No Light,Motorcycle,1,Driver Fatigue,0,0,1,0,11,2,High
2022,3,Sunday,20,Balochistan,Hub,Provincial Highway,Under Repair,Clear,No Light,Bus/Coach,2,Wrong Overtaking,1,1,0,0,2,1,Medium
2020,12,Tuesday,19,Balochistan,Khuzdar,Urban Road,Good,Clear,Dawn/Dusk,Car/Taxi,2,Wrong Overtaking,1,0,0,1,1,0,Low
2022,2,Saturday,10,Sindh,Dadu,Provincial Highway,Good,Foggy,Daylight,Car/Taxi,1,Signal Violation,0,1,0,1,1,0,Medium
2022,3,Sunday,21,Gilgit-Baltistan,Hunza,National Highway,Good,Dusty/Smoggy,No Light,Bus/Coach,2,Mobile Phone Use,0,1,0,0,2,0,Low
2022,6,Thursday,19,Punjab,Gujranwala,Provincial Highway,Average,Clear,No Light,Rickshaw,4,Over Speeding,1,0,0,0,1,1,Medium
2018,9,Wednesday,19,Sindh,Karachi,National Highway,Poor,Extreme Heat,Dawn/Dusk,Car/Taxi,2,Over Speeding,1,0,0,0,11,2,High
2022,2,Monday,13,KPK,Dera Ismail Khan,Rural Road,Good,Rainy,Daylight,Motorcycle,2,Wrong Overtaking,1,0,0,1,1,1,Medium
2023,5,Friday,18,Punjab,Sargodha,Urban Road,Poor,Foggy,Daylight,Motorcycle,2,Over Speeding,1,0,0,0,10,0,High
2023,8,Monday,18,AJK,Muzaffarabad,Urban Road,Poor,Clear,Daylight,Motorcycle,3,Mobile Phone Use,1,0,0,0,1,2,Medium
2018,10,Sunday,22,Punjab,Bahawalpur,Urban Road,Average,Foggy,No Light,Car/Taxi,2,Pedestrian Error,0,1,1,0,1,0,Low
2021,10,Sunday,1,Punjab,Rahim Yar Khan,National Highway,Average,Clear,Street Light,Motorcycle,3,Mechanical Failure,0,1,1,0,3,1,High
2020,6,Thursday,7,Punjab,Lahore,Urban Road,Under Repair,Rainy,Daylight,Car/Taxi,1,Wrong Overtaking,1,0,0,0,0,0,Low
2020,1,Wednesday,11,Punjab,Rahim Yar Khan,Urban Road,Average,Clear,Daylight,Motorcycle,1,Mechanical Failure,0,0,0,1,1,2,Medium
2023,5,Thursday,9,Sindh,Kashmore,Rural Road,Good,Clear,Daylight,Motorcycle,3,Drunk Driving,1,0,0,0,5,1,Medium
2022,5,Thursday,14,Sindh,Kashmore,Provincial Highway,Good,Clear,Daylight,Bus/Coach,1,Mechanical Failure,0,0,0,0,2,2,Medium
2018,7,Monday,10,Punjab,Lahore,Rural Road,Good,Clear,Daylight,Bus/Coach,1,Driver Fatigue,0,0,0,0,4,1,Medium
2018,12,Monday,21,KPK,Nowshera,Provincial Highway,Good,Rainy,Street Light,Rickshaw,1,Pedestrian Error,0,0,0,1,1,0,Low
2021,6,Sunday,19,Punjab,Lahore,National Highway,Good,Clear,Dawn/Dusk,Car/Taxi,2,Road Condition,1,1,0,0,0,0,Low
2018,7,Monday,17,KPK,Kohat,Rural Road,Poor,Rainy,Daylight,Van/Pickup,2,Signal Violation,1,0,0,0,2,0,Low
2021,1,Friday,10,Punjab,Multan,Urban Road,Average,Rainy,Daylight,Car/Taxi,2,Mechanical Failure,0,0,0,1,0,0,Low
2023,4,Tuesday,23,Sindh,Sukkur,Provincial Highway,Good,Extreme Heat,Street Light,Car/Taxi,1,Wrong Overtaking,0,0,1,0,5,1,Medium
2022,8,Friday,1,Punjab,Lahore,Urban Road,Average,Clear,No Light,Motorcycle,2,Drunk Driving,0,0,1,0,4,3,High
2019,9,Saturday,13,Sindh,Thatta,Provincial Highway,Good,Clear,Dawn/Dusk,Car/Taxi,3,Drunk Driving,1,1,0,0,3,0,Medium
2019,10,Monday,19,KPK,Abbottabad,National Highway,Good,Extreme Heat,Dawn/Dusk,Car/Taxi,3,Wrong Overtaking,1,0,0,0,4,0,Medium
2023,12,Saturday,13,AJK,Mirpur,Rural Road,Poor,Clear,Street Light,Motorcycle,1,Pedestrian Error,1,1,0,1,2,0,Low
2020,5,Friday,8,Punjab,Multan,National Highway,Good,Dusty/Smoggy,Daylight,Car/Taxi,2,Mechanical Failure,1,0,0,0,3,0,Medium
2022,11,Saturday,4,Sindh,Larkana,National Highway,Under Repair,Clear,No Light,Truck/Lorry,4,Drunk Driving,0,1,1,1,5,0,High
2023,11,Saturday,10,Sindh,Karachi,Urban Road,Good,Clear,No Light,Motorcycle,2,Signal Violation,0,1,0,1,1,0,Medium
2018,1,Friday,19,Gilgit-Baltistan,Gilgit,Urban Road,Average,Dusty/Smoggy,Dawn/Dusk,Motorcycle,1,Over Speeding,1,0,0,1,5,3,High
2020,3,Friday,12,KPK,Swat,Provincial Highway,Good,Clear,Daylight,Van/Pickup,3,Road Condition,1,0,0,0,2,0,Low
2020,4,Thursday,17,Punjab,Sialkot,National Highway,Average,Clear,Daylight,Bus/Coach,1,Over Speeding,1,0,0,0,3,0,Medium
2022,2,Saturday,8,Sindh,Nawabshah,National Highway,Good,Dusty/Smoggy,Daylight,Rickshaw,2,Over Speeding,1,1,0,1,3,0,Medium
2021,1,Saturday,12,Punjab,Multan,Urban Road,Poor,Foggy,Daylight,Rickshaw,1,Driver Fatigue,1,1,0,1,1,2,Medium
2019,3,Thursday,21,KPK,Mansehra,National Highway,Average,Clear,Street Light,Motorcycle,3,Over Speeding,0,0,0,0,2,1,High
2018,4,Monday,23,Balochistan,Turbat,Provincial Highway,Average,Clear,No Light,Motorcycle,2,Over Speeding,0,0,1,0,8,2,High
2022,8,Wednesday,17,Islamabad,Islamabad,Rural Road,Under Repair,Clear,Daylight,Truck/Lorry,2,Mobile Phone Use,1,0,0,0,1,0,Low
2022,1,Friday,8,Sindh,Larkana,Rural Road,Average,Clear,Street Light,Bicycle,1,Wrong Overtaking,1,0,0,1,2,0,Medium
2021,7,Wednesday,19,KPK,Swat,National Highway,Under Repair,Clear,Dawn/Dusk,Truck/Lorry,2,Road Condition,1,0,0,0,4,0,Medium
2019,3,Monday,16,Sindh,Kashmore,Rural Road,Poor,Dusty/Smoggy,Daylight,Motorcycle,3,Signal Violation,0,0,0,0,3,0,Medium
2019,6,Sunday,22,Sindh,Mirpur Khas,National Highway,Poor,Rainy,No Light,Car/Taxi,3,Mobile Phone Use,0,1,1,0,5,0,Medium
2019,11,Wednesday,17,Punjab,Lahore,National Highway,Poor,Clear,Daylight,Car/Taxi,2,Wrong Overtaking,1,0,0,1,4,0,Medium
2021,2,Tuesday,15,KPK,Abbottabad,Provincial Highway,Average,Foggy,Daylight,Truck/Lorry,1,Wrong Overtaking,0,0,0,1,1,0,Medium
2018,5,Monday,10,Punjab,Rawalpindi,National Highway,Average,Clear,Daylight,Car/Taxi,1,Road Condition,0,0,0,0,0,1,Low
2021,4,Tuesday,8,Punjab,Multan,National Highway,Poor,Clear,Daylight,Motorcycle,2,Mechanical Failure,1,0,0,0,10,1,High
2019,3,Saturday,3,KPK,Abbottabad,Provincial Highway,Good,Dusty/Smoggy,No Light,Car/Taxi,2,Over Speeding,0,1,1,0,11,0,High
2019,7,Saturday,0,Islamabad,Islamabad,Urban Road,Poor,Foggy,No Light,Car/Taxi,2,Over Speeding,0,1,1,0,3,2,Medium
2020,12,Thursday,18,Sindh,Nawabshah,Urban Road,Under Repair,Clear,Street Light,Bicycle,2,Wrong Overtaking,1,0,0,1,5,1,Medium
2022,12,Friday,8,KPK,Mardan,National Highway,Good,Dusty/Smoggy,Daylight,Motorcycle,2,Signal Violation,1,0,0,1,1,0,Medium
2020,5,Sunday,9,KPK,Kohat,National Highway,Under Repair,Rainy,No Light,Motorcycle,3,Wrong Overtaking,1,1,0,0,2,2,High
2021,2,Sunday,8,Punjab,Sialkot,National Highway,Average,Foggy,No Light,Car/Taxi,2,Mechanical Failure,1,1,0,1,2,1,Medium
2022,10,Monday,9,Punjab,Sheikhupura,National Highway,Good,Clear,Daylight,Motorcycle,1,Wrong Overtaking,1,0,0,0,2,0,Medium
2020,1,Tuesday,9,Islamabad,Islamabad,Provincial Highway,Average,Clear,Daylight,Motorcycle,2,Driver Fatigue,1,0,0,1,4,0,Medium
2018,4,Sunday,11,Islamabad,Islamabad,Rural Road,Poor,Clear,Daylight,Rickshaw,2,Signal Violation,0,1,0,0,1,1,Low
2022,2,Thursday,5,Sindh,Kashmore,National Highway,Poor,Clear,Dawn/Dusk,Car/Taxi,2,Drunk Driving,0,0,1,1,7,3,High
2021,5,Saturday,10,Punjab,Lahore,Urban Road,Poor,Clear,Daylight,Motorcycle,2,Driver Fatigue,0,1,0,0,4,2,High
2022,7,Tuesday,20,Balochistan,Khuzdar,National Highway,Average,Clear,No Light,Car/Taxi,2,Mechanical Failure,1,0,0,0,2,0,Low
2022,7,Monday,7,KPK,Nowshera,Urban Road,Average,Clear,No Light,Motorcycle,3,Over Speeding,1,0,0,0,3,0,Medium
2018,8,Saturday,7,Punjab,Bahawalpur,Rural Road,Good,Rainy,Daylight,Van/Pickup,3,Wrong Overtaking,1,1,0,0,0,0,Low
2023,1,Wednesday,7,Punjab,Gujranwala,National Highway,Good,Clear,No Light,Motorcycle,3,Signal Violation,1,0,0,1,2,0,High
2018,3,Saturday,10,AJK,Muzaffarabad,Rural Road,Poor,Dusty/Smoggy,Dawn/Dusk,Bus/Coach,1,Wrong Overtaking,0,1,0,0,2,0,Low
2021,7,Monday,19,Punjab,Rahim Yar Khan,Urban Road,Poor,Clear,No Light,Motorcycle,4,Road Condition,1,0,0,0,0,0,Low
2021,2,Saturday,12,Punjab,Bahawalpur,Provincial Highway,Under Repair,Clear,No Light,Motorcycle,3,Driver Fatigue,1,1,0,1,4,0,High
2019,2,Wednesday,15,Sindh,Karachi,Urban Road,Poor,Clear,Street Light,Rickshaw,3,Signal Violation,0,0,0,1,1,0,Low
2020,12,Thursday,14,Punjab,Lahore,Rural Road,Good,Clear,Daylight,Car/Taxi,1,Over Speeding,0,0,0,1,1,0,Low
2018,1,Sunday,15,Punjab,Bahawalpur,National Highway,Good,Rainy,Daylight,Motorcycle,1,Over Speeding,0,1,0,1,5,0,High
2021,11,Tuesday,20,Punjab,Sheikhupura,National Highway,Average,Foggy,No Light,Van/Pickup,1,Road Condition,1,0,0,1,5,0,Medium
2022,12,Friday,20,Punjab,Sheikhupura,Rural Road,Good,Clear,No Light,Motorcycle,2,Over Speeding,1,0,0,1,1,0,Medium
2021,8,Friday,6,KPK,Mansehra,Urban Road,Good,Clear,Street Light,Bus/Coach,3,Signal Violation,0,0,0,0,2,0,Low
2019,12,Thursday,9,Sindh,Jacobabad,National Highway,Poor,Clear,Daylight,Motorcycle,2,Road Condition,1,0,0,1,3,0,Medium
2021,7,Saturday,9,Punjab,Gujranwala,Urban Road,Average,Clear,Daylight,Car/Taxi,2,Wrong Overtaking,1,1,0,0,2,0,Low
2019,2,Wednesday,20,Punjab,Rahim Yar Khan,Rural Road,Average,Clear,Street Light,Rickshaw,4,Mechanical Failure,1,0,0,1,2,0,Low
2020,7,Sunday,15,Punjab,Multan,National Highway,Average,Clear,Daylight,Car/Taxi,2,Road Condition,0,1,0,0,4,2,Medium
2019,9,Friday,11,Punjab,Bahawalpur,Urban Road,Good,Rainy,Street Light,Car/Taxi,1,Weather Condition,0,0,0,0,0,0,Low