year,month,day_of_week,hour_of_day,province,district,road_type,road_condition,weather_condition,lighting_condition,vehicle_type,vehicles_involved,accident_cause,is_rush_hour,is_weekend,is_night,is_foggy_month,num_injured,num_killed,severity
2020,12,Saturday,5,KPK,Abbottabad,Provincial Highway,Good,Clear,No Light,Car/Taxi,3,Pedestrian Error,0,1,1,1,3,0,Medium
2022,5,Saturday,17,Punjab,Sargodha,National Highway,Good,Clear,Daylight,Motorcycle,2,Over Speeding,1,1,0,0,7,2,High
2023,7,Sunday,9,Sindh,Nawabshah,Provincial Highway,Under Repair,Clear,Daylight,Car/Taxi,3,Over Speeding,1,1,0,0,1,0,Low
2023,1,Thursday,11,Balochistan,Dera Bugti,Rural Road,Good,Rainy,Daylight,Motorcycle,2,Mechanical Failure,0,0,0,1,5,0,Medium
2019,2,Friday,22,Punjab,Bahawalpur,Provincial Highway,Good,Rainy,Street Light,Car/Taxi,2,Mobile Phone Use,0,0,1,1,0,0,Low
2019,8,Monday,12,Punjab,Sialkot,Urban Road,Good,Clear,Daylight,Motorcycle,2,Over Speeding,1,0,0,0,3,0,Medium
2020,5,Wednesday,9,Balochistan,Turbat,Provincial Highway,Average,Clear,Daylight,Motorcycle,1,Signal Violation,1,0,0,0,8,0,High
2018,3,Wednesday,18,Balochistan,Hub,Provincial Highway,Average,Foggy,Daylight,Motorcycle,1,Pedestrian Error,1,0,0,0,4,1,High
2020,10,Saturday,7,Balochistan,Gwadar,Provincial Highway,Good,Clear,Street Light,Motorcycle,4,Mobile Phone Use,1,1,0,0,1,0,Medium
2022,3,Sunday,10,Sindh,Sukkur,Rural Road,Average,Rainy,Daylight,Van/Pickup,2,Drunk Driving,0,1,0,0,1,0,Low
2021,1,Tuesday,17,Islamabad,Islamabad,Provincial Highway,Average,Clear,Daylight,Car/Taxi,3,Over Speeding,1,0,0,1,3,0,Medium
2020,11,Sunday,12,KPK,Mansehra,Provincial Highway,Good,Rainy,Daylight,Motorcycle,2,Mobile Phone Use,1,1,0,1,1,0,Medium
2021,7,Friday,15,Punjab,Gujranwala,Rural Road,Good,Clear,Daylight,Van/Pickup,3,Driver Fatigue,0,0,0,0,2,0,Medium
2021,7,Friday,13,Sindh,Sukkur,Provincial Highway,Good,Dusty/Smoggy,Daylight,Bicycle,2,Wrong Overtaking,1,0,0,0,8,1,High
2022,8,Friday,15,Punjab,Sialkot,Rural Road,Good,Clear,Daylight,Bicycle,2,Road Condition,0,0,0,0,2,0,Low
2018,2,Thursday,18,Sindh,Larkana,National Highway,Average,Clear,Street Light,Rickshaw,2,Road Condition,1,0,0,1,0,0,Low
2023,10,Friday,18,Punjab,Sargodha,National Highway,Average,Foggy,Street Light,Car/Taxi,3,Wrong Overtaking,1,0,0,0,10,1,High
2019,5,Saturday,11,Punjab,Lahore,Urban Road,Good,Clear,Daylight,Truck/Lorry,2,Mechanical Failure,0,1,0,0,0,0,Low
2020,9,Sunday,11,Punjab,Rawalpindi,Rural Road,Average,Foggy,Street Light,Car/Taxi,1,Driver Fatigue,0,1,0,0,3,1,Medium
2023,4,Saturday,16,Punjab,Gujranwala,Rural Road,Good,Rainy,Street Light,Rickshaw,2,Signal Violation,0,1,0,0,4,0,Medium
2023,5,Saturday,20,Sindh,Hyderabad,Provincial Highway,Under Repair,Clear,Street Light,Van/Pickup,4,Road Condition,1,1,0,0,1,0,Low
2020,3,Saturday,23,Sindh,Dadu,National Highway,Poor,Clear,Street Light,Motorcycle,2,Mobile Phone Use,0,1,1,0,10,0,High
2019,12,Tuesday,10,Punjab,Rahim Yar Khan,National Highway,Good,Clear,Daylight,Motorcycle,2,Mechanical Failure,0,0,0,1,7,1,High
2020,11,Friday,17,KPK,Peshawar,National Highway,Good,Clear,Daylight,Rickshaw,2,Road Condition,1,0,0,1,1,0,Low
2019,9,Monday,0,Sindh,Larkana,Provincial Highway,Average,Extreme Heat,Street Light,Motorcycle,2,Wrong Overtaking,0,0,1,0,6,0,High
2023,9,Thursday,9,Sindh,Larkana,Urban Road,Average,Clear,Dawn/Dusk,Motorcycle,3,Wrong Overtaking,1,0,0,0,5,1,Medium
2023,3,Sunday,18,Punjab,Faisalabad,National Highway,Good,Rainy,Daylight,Car/Taxi,1,Signal Violation,1,1,0,0,7,0,High
2018,8,Thursday,19,KPK,Dera Ismail Khan,Provincial Highway,Poor,Clear,No Light,Motorcycle,2,Road Condition,1,0,0,0,2,0,Low
2022,11,Sunday,14,Sindh,Karachi,Rural Road,Good,Rainy,Daylight,Rickshaw,2,Over Speeding,0,1,0,1,2,0,Medium
2022,10,Thursday,23,Balochistan,Quetta,Provincial Highway,Average,Dusty/Smoggy,No Light,Rickshaw,1,Over Speeding,0,0,1,0,3,1,Medium
2022,4,Wednesday,14,Punjab,Rahim Yar Khan,Provincial Highway,Under Repair,Dusty/Smoggy,Daylight,Motorcycle,2,Driver Fatigue,0,0,0,0,10,3,High
2019,6,Saturday,6,Punjab,Rahim Yar Khan,Provincial Highway,Average,Foggy,Street Light,Bus/Coach,4,Mechanical Failure,0,1,0,0,5,0,Medium
2023,6,Saturday,12,Punjab,Gujranwala,National Highway,Poor,Foggy,Street Light,Motorcycle,3,Drunk Driving,1,1,0,0,3,2,High
2019,12,Thursday,17,Punjab,Rahim Yar Khan,National Highway,Poor,Clear,Street Light,Motorcycle,2,Drunk Driving,1,0,0,1,7,0,High
2021,8,Thursday,16,Punjab,Lahore,National Highway,Average,Clear,Daylight,Motorcycle,2,Pedestrian Error,0,0,0,0,4,1,Medium
2021,8,Saturday,21,Balochistan,Gwadar,Urban Road,Average,Foggy,Street Light,Bus/Coach,2,Over Speeding,0,1,0,0,3,0,Medium
2019,8,Saturday,8,Sindh,Larkana,Rural Road,Good,Rainy,No Light,Car/Taxi,1,Road Condition,1,1,0,0,0,0,Low
2019,4,Sunday,8,Punjab,Multan,National Highway,Poor,Dusty/Smoggy,Street Light,Car/Taxi,2,Weather Condition,1,1,0,0,1,0,Low
2022,10,Wednesday,18,KPK,Kohat,Provincial Highway,Poor,Foggy,Daylight,Motorcycle,3,Wrong Overtaking,1,0,0,0,2,0,Medium
2020,6,Tuesday,8,Punjab,Faisalabad,Provincial Highway,Under Repair,Clear,Daylight,Motorcycle,1,Pedestrian Error,1,0,0,0,1,0,Low
2021,11,Sunday,21,Punjab,Rawalpindi,Urban Road,Good,Foggy,No Light,Motorcycle,2,Signal Violation,0,1,0,1,4,0,Medium
2019,2,Friday,19,Sindh,Jacobabad,Provincial Highway,Average,Clear,Street Light,Van/Pickup,1,Over Speeding,1,0,0,1,4,0,Medium
2023,7,Saturday,11,Sindh,Kashmore,Provincial Highway,Average,Foggy,Daylight,Motorcycle,2,Signal Violation,0,1,0,0,5,0,Medium
2018,7,Sunday,8,Sindh,Dadu,Urban Road,Poor,Foggy,Daylight,Motorcycle,2,Wrong Overtaking,1,1,0,0,3,0,Medium
2018,3,Tuesday,12,Punjab,Gujranwala,Rural Road,Poor,Clear,Daylight,Motorcycle,1,Wrong Overtaking,1,0,0,0,2,0,Medium
2018,10,Friday,16,Punjab,Gujranwala,National Highway,Under Repair,Clear,Daylight,Car/Taxi,2,Pedestrian Error,0,0,0,0,4,1,Medium
2019,4,Friday,10,Islamabad,Islamabad,Rural Road,Good,Clear,Daylight,Motorcycle,3,Pedestrian Error,0,0,0,0,0,0,Low
2021,10,Sunday,13,AJK,Muzaffarabad,Provincial Highway,Average,Clear,Dawn/Dusk,Motorcycle,1,Mechanical Failure,1,1,0,0,1,2,Medium
2020,12,Friday,21,Punjab,Bahawalpur,National Highway,Good,Foggy,Street Light,Car/Taxi,2,Mobile Phone Use,0,0,0,1,0,0,Low
2023,2,Tuesday,7,Sindh,Thatta,Provincial Highway,Poor,Clear,Daylight,Car/Taxi,3,Pedestrian Error,1,0,0,1,1,0,Low
2021,10,Saturday,19,Punjab,Gujranwala,Provincial Highway,Average,Extreme Heat,Dawn/Dusk,Motorcycle,1,Over Speeding,1,1,0,0,1,0,Medium
2023,3,Sunday,3,Punjab,Multan,National Highway,Good,Clear,Street Light,Car/Taxi,2,Driver Fatigue,0,1,1,0,4,0,Medium
2022,12,Saturday,11,KPK,Abbottabad,Provincial Highway,Good,Dusty/Smoggy,Daylight,Truck/Lorry,1,Pedestrian Error,0,1,0,1,1,0,Low
2018,7,Friday,8,Sindh,Kashmore,Provincial Highway,Average,Foggy,Daylight,Rickshaw,1,Signal Violation,1,0,0,0,2,1,Medium
2022,1,Tuesday,15,Balochistan,Dera Bugti,Provincial Highway,Average,Clear,Street Light,Car/Taxi,2,Wrong Overtaking,0,0,0,1,0,0,Low
2023,11,Sunday,12,Sindh,Larkana,Rural Road,Average,Foggy,Daylight,Car/Taxi,2,Pedestrian Error,1,1,0,1,1,0,Low
2022,11,Wednesday,10,Sindh,Sukkur,Provincial Highway,Average,Clear,Daylight,Motorcycle,1,Wrong Overtaking,0,0,0,1,2,0,Medium
2020,11,Sunday,11,Punjab,Sialkot,Rural Road,Poor,Clear,Daylight,Motorcycle,1,Wrong Overtaking,0,1,0,1,0,0,Low
2021,5,Saturday,9,KPK,Abbottabad,Provincial Highway,Average,Clear,Daylight,Car/Taxi,3,Driver Fatigue,1,1,0,0,1,0,Low
2022,9,Thursday,13,AJK,Rawalakot,National Highway,Good,Clear,Daylight,Motorcycle,3,Wrong Overtaking,1,0,0,0,2,0,Medium
2023,3,Tuesday,21,Sindh,Karachi,Provincial Highway,Good,Rainy,No Light,Car/Taxi,2,Mechanical Failure,0,0,0,0,1,2,Medium
2020,2,Thursday,8,Punjab,Sheikhupura,National Highway,Good,Clear,No Light,Motorcycle,1,Wrong Overtaking,1,0,0,1,9,4,High
2023,1,Sunday,7,AJK,Muzaffarabad,Provincial Highway,Good,Clear,Daylight,Car/Taxi,2,Over Speeding,1,1,0,1,3,0,Medium
2023,11,Saturday,7,Punjab,Rahim Yar Khan,National Highway,Average,Rainy,Daylight,Motorcycle,3,Wrong Overtaking,1,1,0,1,10,0,High
2019,1,Tuesday,19,Punjab,Lahore,Rural Road,Poor,Clear,Dawn/Dusk,Car/Taxi,1,Drunk Driving,1,0,0,1,1,0,Medium
2018,12,Sunday,22,Punjab,Multan,Provincial Highway,Poor,Clear,No Light,Motorcycle,1,Pedestrian Error,0,1,1,1,7,1,High
2020,3,Sunday,21,Punjab,Rawalpindi,Rural Road,Poor,Clear,Street Light,Motorcycle,2,Driver Fatigue,0,1,0,0,2,0,Medium
2023,10,Tuesday,10,Punjab,Sargodha,Urban Road,Good,Clear,No Light,Motorcycle,2,Driver Fatigue,0,0,0,0,7,2,High
2020,10,Thursday,8,Sindh,Nawabshah,Provincial Highway,Poor,Extreme Heat,Daylight,Motorcycle,1,Mechanical Failure,1,0,0,0,2,0,Low
2022,6,Thursday,0,Sindh,Thatta,National Highway,Good,Rainy,Street Light,Motorcycle,1,Pedestrian Error,0,0,1,0,3,0,High
2022,12,Saturday,5,Sindh,Thatta,Provincial Highway,Good,Clear,No Light,Motorcycle,2,Driver Fatigue,0,1,1,1,4,1,High
2023,7,Wednesday,16,Sindh,Thatta,Rural Road,Good,Foggy,Daylight,Car/Taxi,3,Over Speeding,0,0,0,0,2,0,Low
2021,7,Tuesday,21,Sindh,Mirpur Khas,National Highway,Average,Clear,Street Light,Motorcycle,1,Over Speeding,0,0,0,0,11,2,High
2023,12,Saturday,10,KPK,Abbottabad,Rural Road,Poor,Clear,Daylight,Motorcycle,1,Wrong Overtaking,0,1,0,1,3,0,Medium
2019,2,Monday,11,Islamabad,Islamabad,Urban Road,Average,Clear,Daylight,Car/Taxi,2,Pedestrian Error,0,0,0,1,2,0,Low
2022,3,Monday,12,Punjab,Multan,Provincial Highway,Good,Clear,Daylight,Car/Taxi,2,Road Condition,1,0,0,0,1,0,Low
2020,2,Friday,8,Punjab,Sargodha,Provincial Highway,Poor,Rainy,Street Light,Motorcycle,3,Over Speeding,1,0,0,1,8,1,High
2023,9,Tuesday,21,Sindh,Thatta,Provincial Highway,Average,Clear,Street Light,Motorcycle,1,Wrong Overtaking,0,0,0,0,5,1,Medium
2021,11,Thursday,8,Punjab,Sheikhupura,Rural Road,Good,Extreme Heat,Daylight,Motorcycle,1,Wrong Overtaking,1,0,0,1,3,0,Medium
2022,12,Sunday,13,Balochistan,Hub,National Highway,Good,Rainy,Dawn/Dusk,Motorcycle,2,Road Condition,1,1,0,1,4,1,Medium
2020,4,Saturday,5,Punjab,Rahim Yar Khan,Urban Road,Good,Clear,Street Light,Car/Taxi,2,Signal Violation,0,1,1,0,0,0,Low
2020,2,Saturday,10,Sindh,Larkana,Urban Road,Good,Clear,Dawn/Dusk,Motorcycle,2,Pedestrian Error,0,1,0,1,1,2,Medium
2023,2,Thursday,7,Punjab,Sargodha,Rural Road,Poor,Rainy,Daylight,Car/Taxi,1,Pedestrian Error,1,0,0,1,1,0,Low
2019,6,Tuesday,20,Sindh,Kashmore,Rural Road,Good,Dusty/Smoggy,Street Light,Car/Taxi,1,Driver Fatigue,1,0,0,0,1,0,Low
2021,11,Sunday,20,Punjab,Multan,Urban Road,Good,Foggy,Street Light,Motorcycle,2,Pedestrian Error,1,1,0,1,2,1,Medium
2021,7,Monday,7,KPK,Abbottabad,Motorway,Good,Clear,Dawn/Dusk,Bus/Coach,1,Over Speeding,1,0,0,0,1,1,Medium
2023,7,Wednesday,21,Islamabad,Islamabad,Urban Road,Poor,Clear,No Light,Van/Pickup,2,Signal Violation,0,0,0,0,1,0,Low
2021,6,Tuesday,17,Punjab,Multan,Provincial Highway,Average,Clear,Daylight,Car/Taxi,1,Mechanical Failure,1,0,0,0,0,0,Low
2023,2,Tuesday,15,Punjab,Bahawalpur,National Highway,Average,Rainy,Daylight,Motorcycle,1,Road Condition,0,0,0,1,5,0,Medium
2021,2,Wednesday,10,Sindh,Thatta,National Highway,Good,Clear,Daylight,Bus/Coach,1,Over Speeding,0,0,0,1,11,1,High
2020,11,Sunday,13,Sindh,Nawabshah,Provincial Highway,Poor,Rainy,No Light,Motorcycle,1,Signal Violation,1,1,0,1,10,2,High
2020,6,Friday,12,Punjab,Bahawalpur,National Highway,Average,Clear,Daylight,Van/Pickup,1,Over Speeding,1,0,0,0,2,2,High
2022,3,Sunday,14,KPK,Swat,National Highway,Average,Rainy,Daylight,Motorcycle,2,Signal Violation,0,1,0,0,9,1,High
2021,12,Sunday,15,Punjab,Rawalpindi,National Highway,Poor,Clear,Daylight,Car/Taxi,1,Mobile Phone Use,0,1,0,1,0,0,Low
2018,12,Monday,16,Punjab,Sargodha,Provincial Highway,Poor,Clear,Daylight,Motorcycle,3,Wrong Overtaking,0,0,0,1,3,0,High
2023,4,Thursday,11,Sindh,Nawabshah,Rural Road,Good,Clear,Daylight,Rickshaw,3,Wrong Overtaking,0,0,0,0,1,0,Low
2019,1,Wednesday,21,Punjab,Sialkot,National Highway,Average,Foggy,Street Light,Bus/Coach,2,Signal Violation,0,0,0,1,9,2,High
2023,3,Monday,18,KPK,Mardan,National Highway,Good,Clear,Daylight,Bus/Coach,1,Weather Condition,1,0,0,0,1,0,Low
2018,12,Thursday,7,Punjab,Faisalabad,National Highway,Good,Clear,Dawn/Dusk,Car/Taxi,2,Over Speeding,1,0,0,1,7,0,High
2019,7,Saturday,19,KPK,Dera Ismail Khan,National Highway,Good,Rainy,Daylight,Motorcycle,3,Driver Fatigue,1,1,0,0,9,0,High
2020,5,Tuesday,7,Sindh,Mirpur Khas,Rural Road,Average,Clear,Daylight,Motorcycle,2,Mechanical Failure,1,0,0,0,0,0,Low
2023,3,Tuesday,7,Sindh,Sukkur,Rural Road,Good,Clear,Daylight,Other,2,Over Speeding,1,0,0,0,1,0,Low
2019,7,Friday,17,Punjab,Rawalpindi,Urban Road,Good,Clear,Daylight,Motorcycle,1,Over Speeding,1,0,0,0,1,0,Medium
2022,8,Thursday,10,Punjab,Sheikhupura,Rural Road,Under Repair,Dusty/Smoggy,Street Light,Motorcycle,2,Driver Fatigue,0,0,0,0,7,1,High
2022,2,Saturday,19,Sindh,Dadu,Provincial Highway,Good,Rainy,Dawn/Dusk,Motorcycle,1,Mechanical Failure,1,1,0,1,1,1,Medium
2021,6,Wednesday,14,Punjab,Lahore,Provincial Highway,Good,Dusty/Smoggy,No Light,Motorcycle,1,Over Speeding,0,0,0,0,6,2,High
2022,3,Thursday,0,Punjab,Sialkot,Provincial Highway,Good,Foggy,No Light,Truck/Lorry,1,Road Condition,0,0,1,0,1,0,Medium
2019,1,Saturday,9,Sindh,Hyderabad,National Highway,Good,Clear,Daylight,Car/Taxi,2,Wrong Overtaking,1,1,0,1,1,0,Medium
2021,10,Wednesday,9,Punjab,Gujranwala,Motorway,Good,Rainy,Daylight,Motorcycle,3,Driver Fatigue,1,0,0,0,2,3,High
2023,11,Tuesday,2,KPK,Mardan,Rural Road,Good,Clear,No Light,Motorcycle,1,Driver Fatigue,0,0,1,1,11,0,High
2021,6,Wednesday,13,Islamabad,Islamabad,National Highway,Good,Clear,Street Light,Car/Taxi,3,Over Speeding,1,0,0,0,1,0,Medium
2022,11,Friday,7,Sindh,Nawabshah,Rural Road,Average,Foggy,Daylight,Motorcycle,4,Signal Violation,1,0,0,1,3,2,High
2023,1,Friday,9,Balochistan,Sibi,National Highway,Good,Foggy,Street Light,Motorcycle,2,Over Speeding,1,0,0,1,7,1,High
2023,1,Monday,20,Balochistan,Loralai,Provincial Highway,Average,Foggy,No Light,Car/Taxi,2,Drunk Driving,1,0,0,1,4,1,High
2021,6,Thursday,7,Punjab,Lahore,Provincial Highway,Good,Foggy,Daylight,Bus/Coach,3,Wrong Overtaking,1,0,0,0,3,0,High
2023,7,Thursday,14,Punjab,Sialkot,Urban Road,Good,Clear,Dawn/Dusk,Motorcycle,1,Signal Violation,0,0,0,0,4,0,Medium
2019,2,Thursday,8,Sindh,Hyderabad,National Highway,Good,Clear,Daylight,Motorcycle,1,Mobile Phone Use,1,0,0,1,1,0,Medium
2020,2,Wednesday,19,Sindh,Hyderabad,Urban Road,Good,Rainy,Dawn/Dusk,Bus/Coach,1,Wrong Overtaking,1,0,0,1,3,0,Medium
2023,11,Wednesday,18,Punjab,Rawalpindi,Urban Road,Poor,Clear,Daylight,Rickshaw,2,Road Condition,1,0,0,1,0,0,Low
2021,7,Monday,23,Punjab,Bahawalpur,Provincial Highway,Under Repair,Clear,Street Light,Car/Taxi,1,Wrong Overtaking,0,0,1,0,1,1,Medium
2018,12,Tuesday,22,Sindh,Jacobabad,Urban Road,Good,Foggy,No Light,Car/Taxi,3,Wrong Overtaking,0,0,1,1,1,0,Low
2021,7,Thursday,7,KPK,Swat,Urban Road,Poor,Clear,Daylight,Motorcycle,1,Road Condition,1,0,0,0,2,1,Low
2020,4,Friday,13,Punjab,Rawalpindi,Rural Road,Average,Clear,Daylight,Car/Taxi,1,Signal Violation,1,0,0,0,2,0,Low
2019,12,Monday,7,KPK,Peshawar,Motorway,Poor,Foggy,Daylight,Motorcycle,2,Drunk Driving,1,0,0,1,3,3,High
2023,2,Wednesday,14,Islamabad,Islamabad,Rural Road,Poor,Foggy,Daylight,Rickshaw,3,Over Speeding,0,0,0,1,2,0,Low
2019,5,Thursday,11,KPK,Dera Ismail Khan,National Highway,Poor,Clear,Daylight,Motorcycle,2,Drunk Driving,0,0,0,0,2,0,High
2020,7,Sunday,19,Punjab,Multan,National Highway,Good,Foggy,Dawn/Dusk,Car/Taxi,3,Over Speeding,1,1,0,0,4,2,High
2023,12,Sunday,4,Punjab,Bahawalpur,Rural Road,Poor,Clear,Street Light,Car/Taxi,1,Mechanical Failure,0,1,1,1,0,0,Low
2023,1,Friday,18,Sindh,Karachi,Urban Road,Under Repair,Clear,Daylight,Motorcycle,2,Mechanical Failure,1,0,0,1,2,0,Low
2021,4,Tuesday,7,Islamabad,Islamabad,National Highway,Average,Rainy,Daylight,Motorcycle,2,Over Speeding,1,0,0,0,5,1,High
2019,8,Wednesday,17,KPK,Mardan,National Highway,Good,Dusty/Smoggy,No Light,Motorcycle,2,Over Speeding,1,0,0,0,3,3,High
2022,2,Thursday,12,Sindh,Kashmore,Provincial Highway,Good,Clear,No Light,Truck/Lorry,2,Road Condition,1,0,0,1,3,1,Medium
2023,11,Thursday,9,Punjab,Faisalabad,Provincial Highway,Good,Rainy,Street Light,Motorcycle,1,Mechanical Failure,1,0,0,1,9,2,High
2023,7,Sunday,14,KPK,Bannu,Motorway,Average,Foggy,Daylight,Bus/Coach,1,Wrong Overtaking,0,1,0,0,8,1,High
2021,8,Saturday,7,KPK,Peshawar,Provincial Highway,Good,Foggy,Daylight,Motorcycle,1,Driver Fatigue,1,1,0,0,11,0,High
2019,4,Monday,19,Islamabad,Islamabad,National Highway,Average,Clear,No Light,Motorcycle,2,Driver Fatigue,1,0,0,0,8,2,High
2021,6,Tuesday,16,Sindh,Nawabshah,National Highway,Good,Clear,Daylight,Motorcycle,2,Wrong Overtaking,0,0,0,0,11,1,High
2021,12,Friday,7,Sindh,Larkana,Urban Road,Good,Clear,Daylight,Motorcycle,2,Mechanical Failure,1,0,0,1,1,0,Low
2020,3,Saturday,10,Sindh,Dadu,Provincial Highway,Good,Clear,Daylight,Car/Taxi,1,Pedestrian Error,0,1,0,0,1,0,Low
2022,8,Friday,13,Islamabad,Islamabad,Rural Road,Good,Clear,Daylight,Car/Taxi,2,Wrong Overtaking,1,0,0,0,1,0,Low
2020,1,Saturday,20,Sindh,Nawabshah,Provincial Highway,Poor,Clear,Street Light,Car/Taxi,2,Over Speeding,1,1,0,1,3,0,Medium
2022,2,Wednesday,3,Punjab,Sheikhupura,National Highway,Good,Foggy,No Light,Motorcycle,2,Over Speeding,0,0,1,1,4,1,High
2021,12,Wednesday,18,Sindh,Hyderabad,National Highway,Average,Rainy,Dawn/Dusk,Motorcycle,1,Mechanical Failure,1,0,0,1,4,1,Medium
2022,7,Monday,19,Balochistan,Turbat,Provincial Highway,Good,Foggy,Dawn/Dusk,Car/Taxi,2,Mechanical Failure,1,0,0,0,3,0,Medium
2023,6,Friday,10,Sindh,Nawabshah,Rural Road,Poor,Clear,Daylight,Motorcycle,2,Wrong Overtaking,0,0,0,0,4,0,Medium
2018,5,Monday,23,Sindh,Kashmore,Urban Road,Poor,Rainy,No Light,Bus/Coach,1,Wrong Overtaking,0,0,1,0,3,0,High
2021,12,Sunday,23,KPK,Mardan,Urban Road,Good,Clear,Street Light,Other,1,Driver Fatigue,0,1,1,1,1,0,Low
2020,5,Saturday,13,KPK,Swat,Urban Road,Poor,Clear,Street Light,Bus/Coach,3,Signal Violation,1,1,0,0,0,0,Low
2021,12,Monday,20,Punjab,Multan,Rural Road,Poor,Dusty/Smoggy,No Light,Motorcycle,2,Over Speeding,1,0,0,1,8,0,High
2023,3,Friday,10,KPK,Kohat,Rural Road,Poor,Extreme Heat,Street Light,Motorcycle,2,Signal Violation,0,0,0,0,3,0,Medium
2018,6,Monday,21,Punjab,Sargodha,Urban Road,Good,Foggy,Street Light,Motorcycle,3,Over Speeding,0,0,0,0,10,1,High
2018,6,Sunday,15,Islamabad,Islamabad,Rural Road,Good,Foggy,Street Light,Car/Taxi,1,Wrong Overtaking,0,1,0,0,1,0,Low
2023,11,Wednesday,7,AJK,Muzaffarabad,Urban Road,Average,Foggy,Daylight,Motorcycle,2,Signal Violation,1,0,0,1,4,2,Medium
2023,5,Friday,14,Sindh,Kashmore,Provincial Highway,Average,Clear,Daylight,Motorcycle,1,Mobile Phone Use,0,0,0,0,0,0,Low
2021,12,Monday,16,Islamabad,Islamabad,National Highway,Poor,Clear,Dawn/Dusk,Car/Taxi,1,Wrong Overtaking,0,0,0,1,3,0,Medium
2019,2,Sunday,22,Punjab,Lahore,Provincial Highway,Good,Rainy,No Light,Car/Taxi,4,Over Speeding,0,1,1,1,5,0,Medium
2023,6,Sunday,2,KPK,Kohat,National Highway,Average,Clear,No Light,Motorcycle,4,Wrong Overtaking,0,1,1,0,8,2,High
2020,10,Sunday,15,Punjab,Sargodha,Rural Road,Poor,Clear,Street Light,Car/Taxi,2,Mechanical Failure,0,1,0,0,1,0,Low
2020,9,Sunday,19,Punjab,Rawalpindi,National Highway,Average,Clear,Dawn/Dusk,Motorcycle,2,Driver Fatigue,1,1,0,0,2,3,High
2019,1,Friday,12,Balochistan,Dera Bugti,National Highway,Average,Foggy,Daylight,Truck/Lorry,2,Wrong Overtaking,1,0,0,1,7,0,High
2022,2,Friday,7,Balochistan,Khuzdar,National Highway,Average,Extreme Heat,Street Light,Rickshaw,2,Over Speeding,1,0,0,1,3,1,Medium
2023,4,Monday,17,Sindh,Thatta,Provincial Highway,Poor,Clear,Daylight,Car/Taxi,3,Signal Violation,1,0,0,0,0,1,Low
2020,5,Tuesday,19,Punjab,Multan,Urban Road,Good,Clear,No Light,Car/Taxi,3,Over Speeding,1,0,0,0,0,0,Low
2022,1,Wednesday,12,Sindh,Hyderabad,Rural Road,Good,Foggy,Dawn/Dusk,Truck/Lorry,4,Driver Fatigue,1,0,0,1,4,1,High
2023,6,Friday,21,Balochistan,Zhob,Provincial Highway,Poor,Clear,Street Light,Bus/Coach,1,Over Speeding,0,0,0,0,8,1,High
2023,8,Monday,16,Punjab,Gujranwala,Rural Road,Poor,Foggy,Daylight,Bicycle,1,Over Speeding,0,0,0,0,11,1,High
2023,9,Tuesday,5,Punjab,Sargodha,Provincial Highway,Good,Extreme Heat,Dawn/Dusk,Car/Taxi,2,Road Condition,0,0,1,0,2,1,Low
2023,4,Thursday,6,KPK,Mardan,National Highway,Good,Clear,No Light,Truck/Lorry,2,Wrong Overtaking,0,0,0,0,2,4,High
2020,5,Thursday,11,Islamabad,Islamabad,Rural Road,Poor,Clear,Daylight,Motorcycle,2,Over Speeding,0,0,0,0,3,0,Medium
2019,3,Friday,2,Punjab,Gujranwala,Urban Road,Poor,Clear,Street Light,Truck/Lorry,4,Over Speeding,0,0,1,0,1,1,Medium
2020,6,Thursday,13,KPK,Kohat,Urban Road,Poor,Dusty/Smoggy,Daylight,Truck/Lorry,4,Mobile Phone Use,1,0,0,0,1,0,Low
2022,2,Monday,7,Sindh,Sukkur,Rural Road,Poor,Foggy,Daylight,Bus/Coach,1,Over Speeding,1,0,0,1,2,0,Medium
2018,11,Thursday,20,Punjab,Bahawalpur,Urban Road,Good,Extreme Heat,No Light,Other,2,Over Speeding,1,0,0,1,2,0,Low
2022,3,Friday,17,KPK,Nowshera,National Highway,Poor,Clear,Daylight,Truck/Lorry,2,Driver Fatigue,1,0,0,0,7,2,High
2023,10,Wednesday,23,KPK,Bannu,National Highway,Poor,Foggy,No Light,Motorcycle,3,Over Speeding,0,0,1,0,2,0,High
2022,5,Wednesday,9,Punjab,Rahim Yar Khan,Provincial Highway,Under Repair,Foggy,Daylight,Car/Taxi,1,Over Speeding,1,0,0,0,4,1,High
2018,8,Friday,9,Sindh,Nawabshah,National Highway,Under Repair,Rainy,Daylight,Car/Taxi,1,Over Speeding,1,0,0,0,6,2,High
2022,3,Thursday,18,KPK,Kohat,Provincial Highway,Poor,Clear,Daylight,Motorcycle,1,Mechanical Failure,1,0,0,0,1,0,Low
2023,7,Tuesday,1,Punjab,Gujranwala,National Highway,Good,Clear,No Light,Car/Taxi,2,Over Speeding,0,0,1,0,7,1,High
2022,7,Friday,11,Sindh,Nawabshah,Rural Road,Good,Foggy,Daylight,Car/Taxi,2,Over Speeding,0,0,0,0,1,0,Low
2021,5,Friday,7,Punjab,Lahore,Provincial Highway,Good,Foggy,Street Light,Bus/Coach,1,Pedestrian Error,1,0,0,0,1,1,Medium
2021,6,Friday,5,Punjab,Sargodha,Rural Road,Good,Clear,Daylight,Motorcycle,3,Wrong Overtaking,0,0,1,0,1,0,Medium
2018,8,Wednesday,16,Punjab,Faisalabad,Provincial Highway,Under Repair,Rainy,Daylight,Motorcycle,2,Over Speeding,0,0,0,0,6,1,High