year,month,day_of_week,hour_of_day,province,district,road_type,road_condition,weather_condition,lighting_condition,vehicle_type,vehicles_involved,accident_cause,is_rush_hour,is_weekend,is_night,is_foggy_month,num_injured,num_killed,severity
2022,8,Saturday,20,Sindh,Sukkur,National Highway,Poor,Foggy,No Light,Motorcycle,2,Over Speeding,1,1,0,0,3,1,High
2020,6,Sunday,18,Punjab,Gujranwala,Urban Road,Poor,Clear,Daylight,Car/Taxi,1,Pedestrian Error,1,1,0,0,1,0,Low
2023,5,Wednesday,8,Punjab,Bahawalpur,Urban Road,Average,Clear,Street Light,Rickshaw,2,Wrong Overtaking,1,0,0,0,1,0,Low
2020,9,Sunday,11,Punjab,Sheikhupura,Rural Road,Average,Clear,Daylight,Motorcycle,3,Road Condition,0,1,0,0,1,0,Medium
2022,7,Saturday,7,KPK,Bannu,Rural Road,Good,Clear,Daylight,Car/Taxi,2,Wrong Overtaking,1,1,0,0,1,0,Low
2022,1,Saturday,0,KPK,Peshawar,Rural Road,Average,Clear,No Light,Car/Taxi,3,Driver Fatigue,0,1,1,1,5,0,Medium
2021,6,Thursday,12,Punjab,Faisalabad,Rural Road,Average,Clear,Daylight,Motorcycle,2,Drunk Driving,1,0,0,0,5,0,High
2023,12,Friday,2,Islamabad,Islamabad,Provincial Highway,Poor,Rainy,Street Light,Truck/Lorry,4,Driver Fatigue,0,0,1,1,3,0,High
2019,6,Friday,10,KPK,Kohat,Provincial Highway,Average,Clear,Daylight,Motorcycle,1,Signal Violation,0,0,0,0,2,0,Medium
2020,1,Thursday,17,Sindh,Sukkur,Provincial Highway,Good,Clear,Daylight,Rickshaw,1,Signal Violation,1,0,0,1,1,0,Low
2022,4,Monday,19,Sindh,Nawabshah,Rural Road,Under Repair,Foggy,Street Light,Car/Taxi,2,Signal Violation,1,0,0,0,1,1,Low
2023,5,Sunday,18,Punjab,Rawalpindi,Rural Road,Average,Clear,Dawn/Dusk,Motorcycle,1,Mobile Phone Use,1,1,0,0,4,0,Medium
2019,12,Monday,20,Islamabad,Islamabad,Urban Road,Good,Clear,No Light,Motorcycle,1,Pedestrian Error,1,0,0,1,1,0,Low
2022,11,Sunday,18,Punjab,Rawalpindi,Provincial Highway,Average,Rainy,Dawn/Dusk,Motorcycle,4,Road Condition,1,1,0,1,1,0,Medium
2020,6,Saturday,14,KPK,Dera Ismail Khan,Urban Road,Average,Clear,Daylight,Motorcycle,1,Pedestrian Error,0,1,0,0,1,0,Medium
2019,11,Thursday,21,Sindh,Mirpur Khas,National Highway,Good,Clear,No Light,Rickshaw,2,Driver Fatigue,0,0,0,1,2,1,Medium
2018,9,Tuesday,6,Balochistan,Dera Bugti,Urban Road,Under Repair,Clear,Daylight,Motorcycle,2,Wrong Overtaking,0,0,0,0,5,0,Medium
2021,9,Monday,19,Punjab,Sargodha,Urban Road,Average,Dusty/Smoggy,No Light,Motorcycle,1,Road Condition,1,0,0,0,2,0,Medium
2022,2,Tuesday,14,Sindh,Jacobabad,National Highway,Average,Extreme Heat,Daylight,Motorcycle,2,Mechanical Failure,0,0,0,1,3,1,Medium
2020,7,Tuesday,7,KPK,Charsadda,Urban Road,Poor,Foggy,Daylight,Rickshaw,1,Wrong Overtaking,1,0,0,0,2,0,Low
2022,8,Tuesday,7,Punjab,Faisalabad,Motorway,Poor,Clear,Daylight,Bus/Coach,1,Signal Violation,1,0,0,0,2,2,Medium
2021,4,Saturday,14,Punjab,Gujranwala,Provincial Highway,Average,Foggy,Daylight,Motorcycle,2,Over Speeding,0,1,0,0,3,0,High
2018,1,Friday,17,Punjab,Faisalabad,Rural Road,Poor,Foggy,Street Light,Car/Taxi,3,Signal Violation,1,0,0,1,2,0,Low
2022,6,Monday,11,Punjab,Sialkot,Urban Road,Poor,Clear,Daylight,Motorcycle,2,Over Speeding,0,0,0,0,10,2,High
2020,1,Friday,4,Punjab,Gujranwala,National Highway,Average,Clear,No Light,Motorcycle,2,Road Condition,0,0,1,1,10,0,High
2021,12,Tuesday,21,Sindh,Kashmore,National Highway,Average,Clear,No Light,Rickshaw,2,Signal Violation,0,0,0,1,0,0,Low
2018,6,Saturday,9,KPK,Peshawar,Rural Road,Average,Clear,Daylight,Motorcycle,1,Signal Violation,1,1,0,0,0,0,Low
2019,11,Sunday,14,Islamabad,Islamabad,National Highway,Average,Rainy,No Light,Truck/Lorry,3,Driver Fatigue,0,1,0,1,4,1,High
2019,3,Saturday,19,Sindh,Thatta,Provincial Highway,Average,Dusty/Smoggy,Dawn/Dusk,Motorcycle,2,Road Condition,1,1,0,0,0,0,Low
2023,4,Monday,14,Punjab,Sargodha,Urban Road,Good,Clear,Daylight,Rickshaw,2,Pedestrian Error,0,0,0,0,1,0,Low
2019,6,Sunday,12,Balochistan,Dera Bugti,Provincial Highway,Under Repair,Rainy,Street Light,Car/Taxi,2,Mechanical Failure,1,1,0,0,1,0,Low
2021,1,Friday,19,Balochistan,Dera Bugti,National Highway,Good,Rainy,Dawn/Dusk,Motorcycle,1,Wrong Overtaking,1,0,0,1,11,1,High
2021,4,Wednesday,10,Sindh,Karachi,National Highway,Good,Foggy,Daylight,Other,2,Over Speeding,0,0,0,0,5,0,Medium
2022,11,Wednesday,13,Punjab,Lahore,Urban Road,Average,Clear,Dawn/Dusk,Car/Taxi,2,Wrong Overtaking,1,0,0,1,0,0,Low
2021,5,Wednesday,17,Balochistan,Quetta,Rural Road,Poor,Foggy,Daylight,Truck/Lorry,2,Road Condition,1,0,0,0,5,0,Medium
2022,4,Tuesday,19,Punjab,Multan,Motorway,Poor,Clear,Dawn/Dusk,Car/Taxi,1,Mechanical Failure,1,0,0,0,2,0,Low
2019,7,Sunday,8,Punjab,Sargodha,Urban Road,Average,Dusty/Smoggy,Daylight,Motorcycle,2,Wrong Overtaking,1,1,0,0,0,0,Low
2022,5,Friday,23,KPK,Charsadda,Urban Road,Good,Clear,Street Light,Bus/Coach,2,Signal Violation,0,0,1,0,5,0,Medium
2023,7,Monday,12,Sindh,Dadu,Urban Road,Average,Foggy,Daylight,Truck/Lorry,1,Over Speeding,1,0,0,0,7,1,High
2020,12,Sunday,19,Punjab,Bahawalpur,National Highway,Average,Extreme Heat,Street Light,Motorcycle,2,Wrong Overtaking,1,1,0,1,11,2,High
2023,2,Thursday,2,KPK,Swat,Urban Road,Good,Extreme Heat,No Light,Motorcycle,2,Over Speeding,0,0,1,1,3,1,High
2023,11,Sunday,11,KPK,Abbottabad,National Highway,Good,Dusty/Smoggy,No Light,Car/Taxi,1,Over Speeding,0,1,0,1,2,0,Medium
2023,1,Thursday,11,Balochistan,Loralai,Urban Road,Good,Clear,Street Light,Car/Taxi,2,Over Speeding,0,0,0,1,0,0,Low
2022,5,Monday,10,Punjab,Sialkot,Motorway,Good,Rainy,Daylight,Truck/Lorry,3,Wrong Overtaking,0,0,0,0,5,0,Medium
2018,3,Friday,3,Punjab,Rahim Yar Khan,Provincial Highway,Average,Clear,Street Light,Motorcycle,2,Mechanical Failure,0,0,1,0,3,1,Medium
2023,9,Monday,21,Sindh,Kashmore,Provincial Highway,Good,Clear,No Light,Motorcycle,1,Road Condition,0,0,0,0,2,1,Medium
2019,2,Tuesday,16,Balochistan,Quetta,Rural Road,Average,Clear,Daylight,Car/Taxi,4,Signal Violation,0,0,0,1,0,0,Low
2019,7,Tuesday,20,Punjab,Gujranwala,Provincial Highway,Average,Clear,No Light,Rickshaw,2,Signal Violation,1,0,0,0,1,0,Low
2018,6,Sunday,13,Sindh,Nawabshah,Rural Road,Good,Clear,Street Light,Car/Taxi,2,Mechanical Failure,1,1,0,0,2,1,Low
2023,3,Tuesday,15,Punjab,Multan,National Highway,Good,Rainy,Daylight,Car/Taxi,4,Wrong Overtaking,0,0,0,0,1,0,Medium
2018,5,Monday,9,Punjab,Rahim Yar Khan,Urban Road,Good,Clear,Dawn/Dusk,Motorcycle,3,Over Speeding,1,0,0,0,3,0,Medium
2022,9,Thursday,19,Balochistan,Quetta,Rural Road,Average,Clear,Street Light,Motorcycle,4,Over Speeding,1,0,0,0,3,0,Medium
2019,4,Wednesday,19,Punjab,Multan,Provincial Highway,Average,Dusty/Smoggy,Dawn/Dusk,Truck/Lorry,2,Over Speeding,1,0,0,0,7,2,High
2021,6,Thursday,12,KPK,Swat,Urban Road,Average,Clear,Daylight,Motorcycle,1,Road Condition,1,0,0,0,2,0,Low
2023,4,Saturday,9,Punjab,Faisalabad,Urban Road,Average,Dusty/Smoggy,Daylight,Motorcycle,3,Pedestrian Error,1,1,0,0,1,0,Low
2022,1,Saturday,18,Punjab,Rahim Yar Khan,Urban Road,Average,Clear,Daylight,Car/Taxi,3,Over Speeding,1,1,0,1,2,0,Medium
2019,10,Thursday,20,Islamabad,Islamabad,Urban Road,Good,Clear,Street Light,Motorcycle,2,Mechanical Failure,1,0,0,0,2,0,Low
2023,2,Friday,11,Sindh,Thatta,National Highway,Under Repair,Dusty/Smoggy,Daylight,Motorcycle,3,Over Speeding,0,0,0,1,6,0,High
2019,9,Friday,13,KPK,Bannu,National Highway,Good,Clear,Daylight,Motorcycle,2,Pedestrian Error,1,0,0,0,5,0,High
2022,5,Wednesday,23,KPK,Kohat,Provincial Highway,Good,Foggy,No Light,Motorcycle,2,Road Condition,0,0,1,0,4,1,Medium
2021,5,Wednesday,9,Punjab,Multan,National Highway,Average,Clear,Daylight,Truck/Lorry,1,Mobile Phone Use,1,0,0,0,2,2,Medium
2020,1,Monday,15,Sindh,Larkana,Rural Road,Under Repair,Clear,Street Light,Car/Taxi,1,Wrong Overtaking,0,0,0,1,2,0,Low
2023,6,Monday,18,Punjab,Gujranwala,Provincial Highway,Good,Dusty/Smoggy,Daylight,Van/Pickup,2,Over Speeding,1,0,0,0,1,0,Medium
2021,12,Saturday,0,KPK,Charsadda,Urban Road,Good,Dusty/Smoggy,Street Light,Car/Taxi,3,Mobile Phone Use,0,1,1,1,2,0,Low
2022,5,Sunday,7,Sindh,Hyderabad,National Highway,Average,Clear,Street Light,Rickshaw,1,Drunk Driving,1,1,0,0,5,0,Medium
2018,3,Thursday,18,Punjab,Multan,Provincial Highway,Under Repair,Rainy,Daylight,Motorcycle,2,Over Speeding,1,0,0,0,5,4,High
2019,10,Sunday,21,Balochistan,Gwadar,Provincial Highway,Good,Dusty/Smoggy,No Light,Rickshaw,2,Wrong Overtaking,0,1,0,0,0,0,Low
2022,7,Thursday,12,Sindh,Karachi,Provincial Highway,Average,Rainy,Daylight,Car/Taxi,2,Driver Fatigue,1,0,0,0,1,0,Medium
2023,11,Thursday,2,Sindh,Mirpur Khas,Urban Road,Poor,Foggy,Street Light,Motorcycle,2,Drunk Driving,0,0,1,1,6,1,High
2019,4,Wednesday,14,Punjab,Gujranwala,National Highway,Good,Extreme Heat,Daylight,Motorcycle,3,Wrong Overtaking,0,0,0,0,2,1,High
2020,5,Tuesday,17,Balochistan,Chaman,Motorway,Good,Clear,Daylight,Car/Taxi,3,Pedestrian Error,1,0,0,0,1,0,Low
2021,7,Saturday,6,Islamabad,Islamabad,Rural Road,Under Repair,Clear,No Light,Motorcycle,1,Drunk Driving,0,1,0,0,2,1,Medium
2023,5,Wednesday,3,Sindh,Mirpur Khas,National Highway,Poor,Clear,Street Light,Motorcycle,3,Mechanical Failure,0,0,1,0,4,1,High
2020,10,Monday,12,Sindh,Dadu,Urban Road,Poor,Clear,Daylight,Car/Taxi,3,Driver Fatigue,1,0,0,0,5,2,Medium
2023,6,Saturday,16,Punjab,Faisalabad,Urban Road,Average,Clear,Dawn/Dusk,Bus/Coach,2,Weather Condition,0,1,0,0,1,0,Low
2019,4,Thursday,20,Punjab,Sheikhupura,National Highway,Under Repair,Clear,Street Light,Truck/Lorry,2,Signal Violation,1,0,0,0,1,0,Medium
2018,9,Tuesday,10,Sindh,Nawabshah,National Highway,Under Repair,Clear,Daylight,Car/Taxi,2,Mechanical Failure,0,0,0,0,1,0,Low
2022,11,Thursday,20,Punjab,Sargodha,Provincial Highway,Poor,Clear,No Light,Motorcycle,2,Wrong Overtaking,1,0,0,1,3,4,High
2018,10,Monday,19,Balochistan,Gwadar,Rural Road,Good,Foggy,Daylight,Motorcycle,1,Pedestrian Error,1,0,0,0,1,0,Medium
2022,4,Sunday,10,Punjab,Sargodha,National Highway,Poor,Clear,Daylight,Van/Pickup,1,Over Speeding,0,1,0,0,2,2,Medium
2020,4,Wednesday,10,KPK,Mansehra,National Highway,Average,Rainy,Daylight,Car/Taxi,1,Pedestrian Error,0,0,0,0,5,0,Medium
2020,1,Friday,22,Punjab,Multan,Rural Road,Good,Clear,Street Light,Motorcycle,2,Over Speeding,0,0,1,1,3,0,Medium
2020,12,Tuesday,21,Punjab,Multan,Provincial Highway,Good,Clear,Street Light,Car/Taxi,2,Driver Fatigue,0,0,0,1,1,2,Medium
2019,5,Friday,18,Sindh,Kashmore,National Highway,Good,Extreme Heat,Daylight,Motorcycle,2,Over Speeding,1,0,0,0,8,0,High
2023,7,Wednesday,5,KPK,Dera Ismail Khan,Provincial Highway,Under Repair,Rainy,Dawn/Dusk,Car/Taxi,3,Road Condition,0,0,1,0,3,0,Medium
2018,7,Thursday,15,KPK,Peshawar,Rural Road,Good,Clear,Street Light,Car/Taxi,2,Over Speeding,0,0,0,0,1,0,Low
2022,6,Friday,9,Punjab,Gujranwala,Provincial Highway,Good,Foggy,Daylight,Truck/Lorry,1,Mechanical Failure,1,0,0,0,5,0,Medium
2023,11,Saturday,23,Punjab,Multan,Provincial Highway,Average,Foggy,No Light,Car/Taxi,1,Wrong Overtaking,0,1,1,1,3,0,Medium
2021,3,Tuesday,12,Balochistan,Gwadar,National Highway,Good,Clear,Daylight,Motorcycle,2,Road Condition,1,0,0,0,11,2,High
2022,10,Tuesday,13,KPK,Kohat,National Highway,Under Repair,Foggy,Daylight,Motorcycle,2,Mechanical Failure,1,0,0,0,11,3,High
2022,11,Thursday,14,KPK,Bannu,Provincial Highway,Good,Clear,Daylight,Motorcycle,2,Pedestrian Error,0,0,0,1,1,0,Medium
2020,10,Tuesday,18,Punjab,Bahawalpur,National Highway,Good,Foggy,Daylight,Bicycle,2,Driver Fatigue,1,0,0,0,8,0,High
2023,9,Saturday,19,KPK,Nowshera,Urban Road,Poor,Clear,No Light,Car/Taxi,2,Signal Violation,1,1,0,0,0,0,Low
2020,11,Tuesday,11,Punjab,Rawalpindi,Provincial Highway,Good,Clear,Daylight,Motorcycle,2,Signal Violation,0,0,0,1,5,0,Medium
2020,1,Sunday,13,Punjab,Gujranwala,Urban Road,Good,Clear,Daylight,Bus/Coach,2,Pedestrian Error,1,1,0,1,0,0,Low
2020,8,Friday,12,Punjab,Sargodha,Urban Road,Under Repair,Clear,Daylight,Motorcycle,3,Road Condition,1,0,0,0,1,0,Medium
2018,2,Sunday,21,Punjab,Faisalabad,Rural Road,Under Repair,Foggy,No Light,Car/Taxi,2,Over Speeding,0,1,0,1,0,0,Low
2020,1,Wednesday,4,Sindh,Hyderabad,Urban Road,Under Repair,Clear,Street Light,Car/Taxi,1,Road Condition,0,0,1,1,0,0,Low
2021,11,Friday,9,Punjab,Gujranwala,Rural Road,Average,Clear,Street Light,Motorcycle,1,Drunk Driving,1,0,0,1,4,0,Medium
2022,4,Sunday,18,Sindh,Dadu,Urban Road,Average,Clear,Daylight,Truck/Lorry,3,Pedestrian Error,1,1,0,0,2,0,Low
2023,1,Sunday,7,KPK,Dera Ismail Khan,National Highway,Poor,Rainy,Daylight,Car/Taxi,2,Driver Fatigue,1,1,0,1,5,1,High
2020,6,Tuesday,7,Islamabad,Islamabad,National Highway,Poor,Clear,Daylight,Motorcycle,2,Pedestrian Error,1,0,0,0,4,0,Medium
2018,12,Thursday,14,Punjab,Rawalpindi,Rural Road,Poor,Extreme Heat,Daylight,Motorcycle,1,Signal Violation,0,0,0,1,1,0,Medium
2019,2,Wednesday,17,Punjab,Lahore,National Highway,Poor,Clear,Daylight,Car/Taxi,2,Pedestrian Error,1,0,0,1,1,0,Medium
2020,5,Friday,12,Sindh,Jacobabad,National Highway,Average,Clear,Daylight,Car/Taxi,1,Driver Fatigue,1,0,0,0,9,1,High
2022,12,Thursday,7,Punjab,Sheikhupura,Urban Road,Under Repair,Clear,Daylight,Rickshaw,2,Over Speeding,1,0,0,1,0,1,Low
2022,2,Thursday,17,Punjab,Sialkot,Urban Road,Poor,Dusty/Smoggy,Dawn/Dusk,Motorcycle,1,Signal Violation,1,0,0,1,5,0,Medium
2021,8,Monday,13,Sindh,Nawabshah,Rural Road,Good,Clear,Daylight,Car/Taxi,1,Drunk Driving,1,0,0,0,2,1,Medium
2022,12,Saturday,15,Sindh,Larkana,National Highway,Good,Dusty/Smoggy,Daylight,Rickshaw,2,Over Speeding,0,1,0,1,4,1,Medium
2023,11,Friday,20,KPK,Charsadda,National Highway,Poor,Clear,No Light,Car/Taxi,3,Signal Violation,1,0,0,1,2,0,Low
2021,7,Thursday,8,Gilgit-Baltistan,Skardu,Provincial Highway,Good,Clear,Daylight,Rickshaw,2,Mechanical Failure,1,0,0,0,2,0,Low
2019,1,Sunday,10,KPK,Mansehra,Motorway,Average,Foggy,Daylight,Car/Taxi,2,Signal Violation,0,1,0,1,2,0,Medium
2019,11,Tuesday,18,Punjab,Rahim Yar Khan,National Highway,Average,Clear,Daylight,Car/Taxi,2,Over Speeding,1,0,0,1,5,1,High
2020,8,Monday,14,KPK,Nowshera,Provincial Highway,Average,Clear,Daylight,Motorcycle,2,Road Condition,0,0,0,0,1,0,Low
2021,8,Sunday,22,Sindh,Hyderabad,National Highway,Poor,Clear,No Light,Car/Taxi,3,Wrong Overtaking,0,1,1,0,5,0,Medium
2021,6,Wednesday,12,Sindh,Mirpur Khas,Rural Road,Average,Clear,Street Light,Car/Taxi,3,Wrong Overtaking,1,0,0,0,2,0,Low
2021,6,Wednesday,9,Islamabad,Islamabad,National Highway,Average,Rainy,Daylight,Motorcycle,1,Pedestrian Error,1,0,0,0,1,0,Medium
2019,2,Thursday,11,KPK,Swat,National Highway,Average,Clear,Daylight,Motorcycle,2,Mechanical Failure,0,0,0,1,3,0,Medium
2023,1,Sunday,20,KPK,Peshawar,Provincial Highway,Poor,Rainy,No Light,Van/Pickup,3,Signal Violation,1,1,0,1,0,0,Low
2022,2,Saturday,20,Punjab,Sialkot,Urban Road,Average,Clear,No Light,Motorcycle,2,Driver Fatigue,1,1,0,1,11,2,High
2019,6,Friday,23,Balochistan,Sibi,Rural Road,Under Repair,Clear,Street Light,Bus/Coach,2,Over Speeding,0,0,1,0,2,1,Medium
2019,10,Sunday,11,KPK,Kohat,National Highway,Average,Foggy,Daylight,Motorcycle,2,Over Speeding,0,1,0,0,6,1,High
2020,6,Sunday,17,Punjab,Multan,Urban Road,Good,Foggy,Daylight,Bus/Coach,3,Mobile Phone Use,1,1,0,0,2,0,Medium
2020,7,Wednesday,15,Punjab,Faisalabad,National Highway,Average,Dusty/Smoggy,Street Light,Motorcycle,3,Over Speeding,0,0,0,0,10,1,High
2021,4,Saturday,9,Punjab,Bahawalpur,Urban Road,Under Repair,Clear,Daylight,Bicycle,2,Wrong Overtaking,1,1,0,0,1,0,Low
2023,7,Wednesday,8,Punjab,Sheikhupura,National Highway,Good,Foggy,Daylight,Other,2,Over Speeding,1,0,0,0,5,2,High
2021,7,Sunday,8,KPK,Mansehra,Provincial Highway,Good,Clear,Daylight,Rickshaw,1,Over Speeding,1,1,0,0,5,1,Medium
2023,8,Tuesday,14,Punjab,Sialkot,National Highway,Under Repair,Foggy,Daylight,Truck/Lorry,2,Mechanical Failure,0,0,0,0,10,4,High
2023,6,Thursday,13,Islamabad,Islamabad,Provincial Highway,Good,Clear,Daylight,Car/Taxi,2,Drunk Driving,1,0,0,0,5,0,Medium
2022,8,Monday,18,Balochistan,Zhob,National Highway,Average,Clear,Daylight,Motorcycle,4,Drunk Driving,1,0,0,0,7,1,High
2019,3,Saturday,11,Punjab,Faisalabad,National Highway,Poor,Extreme Heat,Daylight,Motorcycle,2,Wrong Overtaking,0,1,0,0,6,1,High
2018,4,Saturday,8,Punjab,Gujranwala,National Highway,Good,Rainy,Daylight,Motorcycle,3,Drunk Driving,1,1,0,0,11,3,High
2021,7,Monday,11,Punjab,Sargodha,National Highway,Good,Rainy,Daylight,Car/Taxi,1,Pedestrian Error,0,0,0,0,2,1,Low
2020,3,Sunday,13,Punjab,Bahawalpur,Rural Road,Average,Rainy,Daylight,Motorcycle,4,Wrong Overtaking,1,1,0,0,11,2,High
2020,7,Thursday,14,Punjab,Bahawalpur,Provincial Highway,Poor,Clear,Daylight,Motorcycle,1,Mobile Phone Use,0,0,0,0,1,0,Medium
2023,3,Friday,7,Sindh,Mirpur Khas,Provincial Highway,Average,Clear,Dawn/Dusk,Bus/Coach,2,Wrong Overtaking,1,0,0,0,1,0,Medium
2023,1,Saturday,6,Islamabad,Islamabad,Urban Road,Average,Foggy,No Light,Motorcycle,1,Over Speeding,0,1,0,1,10,1,High
2019,8,Saturday,18,Balochistan,Hub,National Highway,Good,Foggy,Street Light,Car/Taxi,1,Over Speeding,1,1,0,0,4,0,Medium
2021,7,Thursday,11,KPK,Mansehra,Rural Road,Good,Rainy,Daylight,Bicycle,2,Over Speeding,0,0,0,0,5,2,High
2023,7,Sunday,22,Sindh,Larkana,National Highway,Poor,Rainy,No Light,Van/Pickup,3,Mechanical Failure,0,1,1,0,2,1,Medium
2021,12,Monday,6,Balochistan,Chaman,Provincial Highway,Average,Clear,Dawn/Dusk,Truck/Lorry,1,Pedestrian Error,0,0,0,1,0,0,Low
2019,3,Sunday,17,Sindh,Jacobabad,Urban Road,Good,Clear,Daylight,Motorcycle,4,Road Condition,1,1,0,0,3,1,Medium
2019,6,Friday,6,Punjab,Faisalabad,Provincial Highway,Average,Dusty/Smoggy,Street Light,Motorcycle,1,Driver Fatigue,0,0,0,0,7,0,High
2021,1,Friday,23,KPK,Mansehra,Provincial Highway,Average,Clear,Street Light,Rickshaw,3,Weather Condition,0,0,1,1,0,0,Low
2018,11,Tuesday,14,Islamabad,Islamabad,Urban Road,Good,Clear,Daylight,Car/Taxi,3,Wrong Overtaking,0,0,0,1,1,0,Low
2019,11,Wednesday,7,Punjab,Sialkot,Rural Road,Good,Dusty/Smoggy,Street Light,Van/Pickup,2,Wrong Overtaking,1,0,0,1,0,0,Low
2022,7,Saturday,2,Punjab,Multan,Urban Road,Poor,Rainy,No Light,Motorcycle,2,Wrong Overtaking,0,1,1,0,8,2,High
2023,10,Saturday,8,Punjab,Sialkot,National Highway,Good,Clear,Daylight,Motorcycle,1,Signal Violation,1,1,0,0,8,2,High
2020,12,Saturday,10,Punjab,Rahim Yar Khan,Urban Road,Average,Dusty/Smoggy,Daylight,Bicycle,1,Road Condition,0,1,0,1,0,0,Low
2022,6,Friday,8,Punjab,Sheikhupura,Motorway,Average,Clear,Daylight,Motorcycle,2,Wrong Overtaking,1,0,0,0,11,1,High
2023,12,Saturday,8,Punjab,Rahim Yar Khan,Provincial Highway,Good,Clear,Daylight,Car/Taxi,3,Mobile Phone Use,1,1,0,1,0,0,Low
2022,4,Saturday,9,Islamabad,Islamabad,Provincial Highway,Average,Clear,Dawn/Dusk,Rickshaw,2,Wrong Overtaking,1,1,0,0,0,0,Low
2022,7,Tuesday,17,Balochistan,Sibi,Urban Road,Good,Clear,Daylight,Car/Taxi,2,Wrong Overtaking,1,0,0,0,2,0,Low
2021,3,Tuesday,18,Islamabad,Islamabad,National Highway,Good,Clear,Street Light,Motorcycle,2,Mechanical Failure,1,0,0,0,1,0,Medium
2019,6,Tuesday,13,Punjab,Lahore,Urban Road,Good,Foggy,Daylight,Car/Taxi,1,Mechanical Failure,1,0,0,0,2,0,Low
2020,5,Friday,10,Punjab,Sargodha,Provincial Highway,Poor,Rainy,Daylight,Truck/Lorry,3,Drunk Driving,0,0,0,0,6,0,High
2022,4,Saturday,7,Punjab,Multan,National Highway,Good,Foggy,Daylight,Rickshaw,2,Signal Violation,1,1,0,0,5,1,Medium
2018,8,Thursday,18,Balochistan,Turbat,Urban Road,Poor,Foggy,Daylight,Van/Pickup,2,Over Speeding,1,0,0,0,1,1,Medium
2019,5,Monday,20,Punjab,Bahawalpur,National Highway,Good,Clear,No Light,Motorcycle,2,Wrong Overtaking,1,0,0,0,11,2,High
2023,7,Tuesday,12,Sindh,Kashmore,National Highway,Good,Dusty/Smoggy,Daylight,Rickshaw,2,Wrong Overtaking,1,0,0,0,4,2,Medium
2023,12,Saturday,13,Punjab,Rawalpindi,National Highway,Poor,Clear,Daylight,Rickshaw,3,Road Condition,1,1,0,1,1,0,Low
2018,2,Wednesday,22,Punjab,Faisalabad,Provincial Highway,Poor,Foggy,No Light,Motorcycle,3,Driver Fatigue,0,0,1,1,4,2,High
2021,5,Sunday,2,Punjab,Sheikhupura,Provincial Highway,Average,Rainy,No Light,Bus/Coach,2,Signal Violation,0,1,1,0,5,0,Medium
2019,12,Sunday,1,KPK,Kohat,Rural Road,Average,Foggy,Street Light,Car/Taxi,1,Pedestrian Error,0,1,1,1,1,0,Low
2018,12,Wednesday,8,Punjab,Bahawalpur,Rural Road,Good,Clear,Daylight,Bicycle,2,Over Speeding,1,0,0,1,2,0,Medium
2023,10,Tuesday,22,Punjab,Bahawalpur,National Highway,Good,Foggy,No Light,Car/Taxi,2,Mechanical Failure,0,0,1,0,9,1,High
2021,12,Thursday,13,Punjab,Multan,Provincial Highway,Good,Rainy,Daylight,Car/Taxi,1,Signal Violation,1,0,0,1,3,0,Medium
2021,1,Thursday,20,Sindh,Sukkur,Urban Road,Poor,Clear,Street Light,Car/Taxi,1,Over Speeding,1,0,0,1,2,1,Low
2020,5,Friday,0,Sindh,Nawabshah,Provincial Highway,Good,Clear,No Light,Motorcycle,1,Drunk Driving,0,0,1,0,9,1,High
2019,1,Friday,8,Islamabad,Islamabad,Rural Road,Good,Clear,Daylight,Car/Taxi,3,Wrong Overtaking,1,0,0,1,0,0,Low
2018,4,Monday,15,Sindh,Jacobabad,National Highway,Average,Clear,Daylight,Car/Taxi,2,Mechanical Failure,0,0,0,0,1,1,Low
2018,9,Saturday,18,Punjab,Sargodha,Rural Road,Under Repair,Foggy,Daylight,Motorcycle,2,Pedestrian Error,1,1,0,0,2,1,Medium
2021,12,Wednesday,6,Sindh,Mirpur Khas,Urban Road,Good,Clear,Daylight,Motorcycle,1,Signal Violation,0,0,0,1,2,2,Medium
2019,5,Saturday,8,Sindh,Jacobabad,Provincial Highway,Poor,Rainy,Street Light,Car/Taxi,2,Driver Fatigue,1,1,0,0,4,0,Medium
2018,1,Tuesday,10,KPK,Mardan,Urban Road,Average,Clear,Dawn/Dusk,Car/Taxi,1,Wrong Overtaking,0,0,0,1,0,0,Low
2023,7,Saturday,22,Islamabad,Islamabad,Motorway,Good,Clear,No Light,Car/Taxi,1,Wrong Overtaking,0,1,1,0,4,1,Medium
2021,6,Tuesday,16,KPK,Bannu,National Highway,Poor,Foggy,Daylight,Truck/Lorry,2,Pedestrian Error,0,0,0,0,2,1,Medium
2019,6,Saturday,18,Punjab,Rawalpindi,Provincial Highway,Good,Foggy,Daylight,Motorcycle,2,Over Speeding,1,1,0,0,4,2,High
2020,4,Saturday,8,Punjab,Lahore,Urban Road,Good,Foggy,Daylight,Motorcycle,1,Wrong Overtaking,1,1,0,0,4,0,High
2018,8,Friday,8,Balochistan,Khuzdar,Urban Road,Good,Clear,Daylight,Car/Taxi,2,Over Speeding,1,0,0,0,2,0,Low
2019,10,Saturday,12,Punjab,Gujranwala,National Highway,Average,Clear,Daylight,Motorcycle,2,Road Condition,1,1,0,0,1,1,Medium
2020,2,Saturday,19,KPK,Peshawar,National Highway,Good,Clear,Dawn/Dusk,Bus/Coach,1,Mechanical Failure,1,1,0,1,3,0,Medium