year,month,day_of_week,hour_of_day,province,district,road_type,road_condition,weather_condition,lighting_condition,vehicle_type,vehicles_involved,accident_cause,is_rush_hour,is_weekend,is_night,is_foggy_month,num_injured,num_killed,severity
2022,3,Monday,10,AJK,Mirpur,National Highway,Good,Clear,Dawn/Dusk,Rickshaw,2,Road Condition,0,0,0,0,4,0,Medium
2020,11,Thursday,16,Sindh,Karachi,Urban Road,Average,Clear,Daylight,Car/Taxi,2,Pedestrian Error,0,0,0,1,1,0,Low
2022,4,Monday,1,Sindh,Kashmore,Rural Road,Good,Clear,No Light,Motorcycle,1,Wrong Overtaking,0,0,1,0,11,1,High
2021,3,Thursday,23,KPK,Mansehra,Rural Road,Poor,Clear,Street Light,Car/Taxi,1,Road Condition,0,0,1,0,2,0,Low
2021,2,Wednesday,11,Punjab,Rahim Yar Khan,Provincial Highway,Good,Dusty/Smoggy,Street Light,Motorcycle,2,Over Speeding,0,0,0,1,4,0,High
2019,9,Friday,9,Sindh,Karachi,National Highway,Good,Extreme Heat,Daylight,Car/Taxi,2,Mechanical Failure,1,0,0,0,1,0,Low
2021,10,Wednesday,8,Punjab,Bahawalpur,National Highway,Average,Dusty/Smoggy,Daylight,Motorcycle,1,Signal Violation,1,0,0,0,6,3,High
2019,3,Sunday,6,Punjab,Faisalabad,Provincial Highway,Good,Foggy,Daylight,Motorcycle,2,Wrong Overtaking,0,1,0,0,5,0,High
2023,11,Sunday,7,Sindh,Hyderabad,National Highway,Poor,Clear,Daylight,Car/Taxi,1,Pedestrian Error,1,1,0,1,1,0,Low
2019,5,Monday,18,Sindh,Hyderabad,Rural Road,Good,Clear,Daylight,Motorcycle,1,Over Speeding,1,0,0,0,7,0,High
2018,12,Saturday,10,KPK,Peshawar,Provincial Highway,Good,Clear,Daylight,Rickshaw,2,Signal Violation,0,1,0,1,0,0,Low
2020,4,Tuesday,9,Balochistan,Turbat,Motorway,Average,Clear,Daylight,Car/Taxi,3,Driver Fatigue,1,0,0,0,2,0,Medium
2018,4,Saturday,8,Punjab,Bahawalpur,National Highway,Average,Clear,Daylight,Car/Taxi,2,Over Speeding,1,1,0,0,4,1,High
2023,6,Tuesday,19,KPK,Charsadda,Provincial Highway,Good,Clear,Daylight,Bus/Coach,3,Signal Violation,1,0,0,0,3,0,Medium
2021,6,Saturday,15,Punjab,Sialkot,Rural Road,Poor,Clear,Daylight,Motorcycle,1,Road Condition,0,1,0,0,0,0,Low
2021,3,Saturday,14,Sindh,Larkana,National Highway,Poor,Foggy,Daylight,Motorcycle,2,Over Speeding,0,1,0,0,4,1,High
2019,10,Thursday,20,Balochistan,Dera Bugti,Provincial Highway,Poor,Clear,No Light,Bus/Coach,1,Weather Condition,1,0,0,0,1,1,Low
2022,8,Friday,7,Punjab,Multan,Rural Road,Good,Clear,Daylight,Motorcycle,2,Mobile Phone Use,1,0,0,0,3,0,Medium
2022,3,Friday,7,Sindh,Thatta,Urban Road,Under Repair,Foggy,Daylight,Rickshaw,1,Over Speeding,1,0,0,0,2,0,Medium
2020,7,Saturday,14,Sindh,Thatta,Urban Road,Good,Clear,Daylight,Car/Taxi,2,Over Speeding,0,1,0,0,2,0,Low
2020,4,Thursday,18,KPK,Charsadda,Urban Road,Average,Foggy,Daylight,Motorcycle,2,Road Condition,1,0,0,0,3,0,Medium
2022,8,Sunday,20,KPK,Dera Ismail Khan,Provincial Highway,Average,Clear,No Light,Car/Taxi,1,Over Speeding,1,1,0,0,2,0,Medium
2018,7,Friday,12,KPK,Swat,Provincial Highway,Good,Clear,Daylight,Motorcycle,2,Wrong Overtaking,1,0,0,0,7,4,High
2021,5,Monday,4,Punjab,Faisalabad,National Highway,Good,Clear,Street Light,Car/Taxi,3,Wrong Overtaking,0,0,1,0,2,0,Medium
2021,12,Sunday,0,KPK,Abbottabad,Provincial Highway,Average,Clear,No Light,Rickshaw,4,Drunk Driving,0,1,1,1,9,2,High
2021,2,Wednesday,18,Sindh,Sukkur,Provincial Highway,Average,Foggy,Daylight,Rickshaw,2,Over Speeding,1,0,0,1,8,1,High
2018,5,Friday,14,Sindh,Nawabshah,Motorway,Poor,Clear,No Light,Car/Taxi,3,Driver Fatigue,0,0,0,0,3,1,High
2023,11,Friday,20,Punjab,Lahore,Provincial Highway,Under Repair,Rainy,Street Light,Motorcycle,2,Mechanical Failure,1,0,0,1,4,1,Medium
2021,2,Saturday,10,Punjab,Lahore,National Highway,Poor,Dusty/Smoggy,Dawn/Dusk,Motorcycle,1,Pedestrian Error,0,1,0,1,5,2,Medium
2023,7,Friday,8,Punjab,Rawalpindi,National Highway,Good,Clear,Daylight,Car/Taxi,4,Pedestrian Error,1,0,0,0,2,0,Low
2020,7,Friday,21,Punjab,Rawalpindi,Provincial Highway,Good,Clear,No Light,Motorcycle,2,Over Speeding,0,0,0,0,8,0,High
2023,9,Tuesday,21,Punjab,Faisalabad,National Highway,Under Repair,Clear,No Light,Car/Taxi,2,Drunk Driving,0,0,0,0,4,0,Medium
2021,6,Monday,23,Balochistan,Gwadar,Urban Road,Good,Clear,Street Light,Motorcycle,2,Over Speeding,0,0,1,0,7,0,High
2020,11,Saturday,21,Balochistan,Hub,Urban Road,Good,Clear,No Light,Car/Taxi,2,Road Condition,0,1,0,1,0,0,Low
2020,4,Tuesday,11,Balochistan,Khuzdar,Urban Road,Good,Clear,Daylight,Bicycle,2,Signal Violation,0,0,0,0,1,1,Medium
2022,4,Tuesday,21,KPK,Nowshera,Provincial Highway,Average,Clear,No Light,Motorcycle,4,Drunk Driving,0,0,0,0,7,2,High
2019,1,Monday,18,Punjab,Rahim Yar Khan,Urban Road,Good,Clear,Daylight,Motorcycle,1,Mechanical Failure,1,0,0,1,0,0,Low
2023,7,Tuesday,17,Sindh,Kashmore,Urban Road,Good,Clear,Dawn/Dusk,Bus/Coach,4,Road Condition,1,0,0,0,0,0,Low
2021,7,Thursday,7,Balochistan,Hub,Rural Road,Average,Clear,Daylight,Car/Taxi,2,Road Condition,1,0,0,0,2,0,Low
2023,4,Sunday,6,KPK,Swat,Urban Road,Poor,Dusty/Smoggy,Daylight,Rickshaw,2,Wrong Overtaking,0,1,0,0,0,0,Low
2018,6,Friday,7,Punjab,Faisalabad,National Highway,Good,Rainy,Daylight,Motorcycle,2,Over Speeding,1,0,0,0,9,0,High
2021,6,Friday,13,Sindh,Dadu,Motorway,Poor,Extreme Heat,Daylight,Rickshaw,1,Road Condition,1,0,0,0,5,0,Medium
2022,7,Saturday,16,Punjab,Rawalpindi,National Highway,Good,Clear,Daylight,Car/Taxi,1,Driver Fatigue,0,1,0,0,5,1,Medium
2018,8,Friday,8,Punjab,Sheikhupura,Urban Road,Average,Foggy,Daylight,Van/Pickup,3,Driver Fatigue,1,0,0,0,5,0,Medium
2023,6,Tuesday,12,Sindh,Karachi,Rural Road,Under Repair,Clear,Daylight,Rickshaw,2,Signal Violation,1,0,0,0,1,0,Low
2022,6,Tuesday,15,Balochistan,Khuzdar,Urban Road,Good,Rainy,Daylight,Truck/Lorry,2,Over Speeding,0,0,0,0,9,0,High
2023,2,Friday,10,Sindh,Kashmore,National Highway,Average,Clear,Daylight,Car/Taxi,2,Over Speeding,0,0,0,1,1,0,Medium
2021,5,Friday,18,Punjab,Multan,National Highway,Poor,Clear,Daylight,Car/Taxi,2,Pedestrian Error,1,0,0,0,5,1,Medium
2023,9,Sunday,6,Sindh,Sukkur,Rural Road,Poor,Dusty/Smoggy,Daylight,Motorcycle,2,Wrong Overtaking,0,1,0,0,1,1,Medium
2021,4,Saturday,18,KPK,Mansehra,Provincial Highway,Poor,Foggy,Daylight,Motorcycle,2,Driver Fatigue,1,1,0,0,2,2,High
2021,7,Friday,6,Punjab,Sargodha,Provincial Highway,Good,Clear,Daylight,Motorcycle,2,Wrong Overtaking,0,0,0,0,3,0,Medium
2019,1,Saturday,3,Sindh,Dadu,Rural Road,Poor,Clear,No Light,Car/Taxi,2,Wrong Overtaking,0,1,1,1,2,0,Medium
2023,12,Thursday,7,Punjab,Sheikhupura,National Highway,Average,Clear,Daylight,Motorcycle,3,Driver Fatigue,1,0,0,1,9,1,High
2022,7,Friday,16,Sindh,Jacobabad,Provincial Highway,Good,Rainy,Dawn/Dusk,Motorcycle,1,Pedestrian Error,0,0,0,0,2,1,High
2018,7,Friday,16,Punjab,Rahim Yar Khan,Provincial Highway,Average,Foggy,Daylight,Car/Taxi,1,Road Condition,0,0,0,0,1,0,Low
2020,8,Sunday,18,Balochistan,Loralai,National Highway,Good,Clear,Street Light,Rickshaw,1,Wrong Overtaking,1,1,0,0,1,0,Medium
2022,3,Saturday,8,Punjab,Rahim Yar Khan,Provincial Highway,Poor,Clear,Daylight,Motorcycle,3,Pedestrian Error,1,1,0,0,2,0,Medium
2022,2,Saturday,23,Punjab,Rawalpindi,Provincial Highway,Average,Foggy,No Light,Rickshaw,1,Wrong Overtaking,0,1,1,1,9,1,High
2020,6,Friday,11,Punjab,Bahawalpur,Urban Road,Poor,Rainy,Daylight,Motorcycle,3,Over Speeding,0,0,0,0,2,3,High
2023,1,Thursday,18,Sindh,Hyderabad,Rural Road,Poor,Foggy,Daylight,Car/Taxi,1,Over Speeding,1,0,0,1,3,1,Medium
2023,2,Saturday,19,KPK,Swat,Rural Road,Good,Foggy,Daylight,Motorcycle,2,Driver Fatigue,1,1,0,1,11,2,High
2019,12,Sunday,6,Punjab,Rawalpindi,National Highway,Average,Clear,Daylight,Bus/Coach,1,Pedestrian Error,0,1,0,1,1,0,Low
2023,2,Friday,19,Punjab,Sheikhupura,National Highway,Poor,Foggy,No Light,Motorcycle,1,Over Speeding,1,0,0,1,11,1,High
2021,7,Monday,14,KPK,Mansehra,Rural Road,Good,Dusty/Smoggy,Daylight,Rickshaw,1,Signal Violation,0,0,0,0,1,0,Low
2020,1,Tuesday,9,KPK,Nowshera,National Highway,Good,Clear,Street Light,Truck/Lorry,1,Over Speeding,1,0,0,1,1,0,Medium
2023,1,Monday,21,KPK,Mansehra,Urban Road,Average,Rainy,Street Light,Rickshaw,1,Over Speeding,0,0,0,1,1,0,Medium
2021,9,Tuesday,20,KPK,Charsadda,Urban Road,Average,Rainy,Street Light,Motorcycle,2,Over Speeding,1,0,0,0,9,3,High
2018,4,Friday,20,KPK,Peshawar,Urban Road,Poor,Rainy,Street Light,Motorcycle,4,Driver Fatigue,1,0,0,0,5,0,Medium
2019,5,Sunday,12,Punjab,Sargodha,Motorway,Good,Foggy,Daylight,Car/Taxi,3,Over Speeding,1,1,0,0,5,1,High
2022,5,Monday,18,Sindh,Nawabshah,Provincial Highway,Average,Foggy,Daylight,Motorcycle,2,Wrong Overtaking,1,0,0,0,8,2,High
2020,5,Monday,14,KPK,Peshawar,Urban Road,Average,Clear,Dawn/Dusk,Motorcycle,1,Signal Violation,0,0,0,0,4,0,Medium
2020,12,Thursday,8,Punjab,Lahore,Rural Road,Good,Rainy,Daylight,Motorcycle,2,Over Speeding,1,0,0,1,11,3,High
2021,5,Tuesday,10,Sindh,Karachi,Rural Road,Poor,Clear,Daylight,Motorcycle,2,Wrong Overtaking,0,0,0,0,1,0,Low
2023,5,Tuesday,11,KPK,Mansehra,Urban Road,Under Repair,Clear,No Light,Car/Taxi,2,Over Speeding,0,0,0,0,1,0,Low
2021,5,Tuesday,20,Sindh,Sukkur,Rural Road,Average,Clear,No Light,Car/Taxi,2,Wrong Overtaking,1,0,0,0,0,0,Low
2018,2,Friday,11,KPK,Mansehra,Provincial Highway,Poor,Foggy,Street Light,Car/Taxi,1,Over Speeding,0,0,0,1,9,1,High
2022,11,Wednesday,21,Punjab,Sheikhupura,National Highway,Good,Foggy,No Light,Van/Pickup,4,Over Speeding,0,0,0,1,5,0,High
2018,2,Saturday,10,Punjab,Multan,National Highway,Average,Foggy,Daylight,Car/Taxi,2,Wrong Overtaking,0,1,0,1,3,1,Medium
2022,12,Tuesday,22,Punjab,Lahore,National Highway,Average,Clear,Street Light,Bus/Coach,1,Over Speeding,0,0,1,1,7,3,High
2021,2,Thursday,19,Islamabad,Islamabad,National Highway,Average,Dusty/Smoggy,Dawn/Dusk,Car/Taxi,2,Over Speeding,1,0,0,1,1,1,Medium
2022,6,Tuesday,14,Islamabad,Islamabad,National Highway,Average,Foggy,Dawn/Dusk,Motorcycle,1,Pedestrian Error,0,0,0,0,8,1,High
2022,5,Friday,17,Punjab,Faisalabad,National Highway,Poor,Clear,Dawn/Dusk,Rickshaw,2,Driver Fatigue,1,0,0,0,5,0,Medium
2018,7,Thursday,17,Punjab,Gujranwala,Urban Road,Poor,Foggy,Daylight,Motorcycle,2,Wrong Overtaking,1,0,0,0,4,0,Medium
2022,8,Monday,4,Punjab,Sargodha,Rural Road,Good,Dusty/Smoggy,Street Light,Motorcycle,1,Weather Condition,0,0,1,0,1,2,Medium
2019,1,Saturday,0,Punjab,Gujranwala,Urban Road,Average,Extreme Heat,Street Light,Motorcycle,2,Over Speeding,0,1,1,1,10,2,High
2023,9,Sunday,8,Punjab,Sialkot,Rural Road,Under Repair,Extreme Heat,Daylight,Van/Pickup,3,Signal Violation,1,1,0,0,0,0,Low
2022,11,Wednesday,14,Punjab,Lahore,Provincial Highway,Good,Clear,Daylight,Rickshaw,2,Over Speeding,0,0,0,1,4,1,Medium
2022,5,Saturday,19,KPK,Kohat,National Highway,Poor,Rainy,Dawn/Dusk,Van/Pickup,3,Signal Violation,1,1,0,0,3,0,Medium
2020,6,Tuesday,17,KPK,Mansehra,National Highway,Under Repair,Clear,Daylight,Car/Taxi,1,Driver Fatigue,1,0,0,0,3,1,Medium
2020,4,Sunday,2,Punjab,Lahore,Rural Road,Good,Clear,No Light,Truck/Lorry,2,Over Speeding,0,1,1,0,5,0,Medium
2021,6,Friday,10,KPK,Mardan,National Highway,Good,Rainy,Daylight,Truck/Lorry,2,Wrong Overtaking,0,0,0,0,2,1,Medium
2021,12,Tuesday,8,Sindh,Nawabshah,National Highway,Average,Dusty/Smoggy,Daylight,Car/Taxi,2,Wrong Overtaking,1,0,0,1,3,0,Medium
2022,4,Saturday,9,Punjab,Sargodha,National Highway,Average,Dusty/Smoggy,Daylight,Motorcycle,3,Over Speeding,1,1,0,0,7,2,High
2023,7,Saturday,18,KPK,Mardan,Motorway,Average,Foggy,No Light,Motorcycle,1,Road Condition,1,1,0,0,1,0,Medium
2021,10,Saturday,4,Punjab,Lahore,Rural Road,Average,Dusty/Smoggy,Street Light,Motorcycle,4,Weather Condition,0,1,1,0,2,0,Medium
2018,8,Friday,17,Punjab,Sialkot,Provincial Highway,Average,Dusty/Smoggy,Daylight,Motorcycle,4,Mechanical Failure,1,0,0,0,0,0,Low
2018,1,Thursday,20,Punjab,Rahim Yar Khan,Provincial Highway,Good,Clear,Street Light,Car/Taxi,2,Pedestrian Error,1,0,0,1,0,0,Low
2022,8,Friday,15,Islamabad,Islamabad,National Highway,Average,Rainy,Daylight,Motorcycle,1,Signal Violation,0,0,0,0,4,2,High
2018,6,Thursday,8,KPK,Kohat,Rural Road,Good,Clear,Daylight,Rickshaw,4,Over Speeding,1,0,0,0,4,0,Medium
2022,9,Wednesday,17,Punjab,Rawalpindi,Provincial Highway,Poor,Clear,Daylight,Car/Taxi,2,Over Speeding,1,0,0,0,0,0,Low
2019,11,Monday,20,KPK,Bannu,Rural Road,Poor,Clear,No Light,Truck/Lorry,2,Road Condition,1,0,0,1,2,0,Low
2019,8,Saturday,8,Punjab,Lahore,Provincial Highway,Poor,Rainy,Daylight,Motorcycle,2,Pedestrian Error,1,1,0,0,4,2,Medium
2022,4,Saturday,20,Islamabad,Islamabad,National Highway,Good,Clear,No Light,Motorcycle,1,Drunk Driving,1,1,0,0,7,1,High
2019,8,Wednesday,7,KPK,Bannu,National Highway,Under Repair,Rainy,Street Light,Bus/Coach,3,Wrong Overtaking,1,0,0,0,3,1,Medium
2020,3,Saturday,20,Sindh,Karachi,Rural Road,Good,Extreme Heat,No Light,Rickshaw,2,Over Speeding,1,1,0,0,4,0,Medium
2021,11,Sunday,19,KPK,Nowshera,Urban Road,Under Repair,Clear,Street Light,Truck/Lorry,2,Signal Violation,1,1,0,1,1,0,Low
2019,7,Tuesday,21,Sindh,Karachi,Rural Road,Average,Foggy,No Light,Bus/Coach,1,Over Speeding,0,0,0,0,10,0,High
2021,1,Friday,0,Balochistan,Zhob,National Highway,Average,Clear,No Light,Motorcycle,2,Road Condition,0,0,1,1,11,1,High
2022,8,Thursday,21,KPK,Bannu,Rural Road,Good,Dusty/Smoggy,No Light,Rickshaw,2,Wrong Overtaking,0,0,0,0,1,1,Low
2023,7,Monday,18,Punjab,Sargodha,Provincial Highway,Average,Foggy,Daylight,Car/Taxi,2,Over Speeding,1,0,0,0,2,3,High
2019,1,Friday,9,Punjab,Sialkot,Provincial Highway,Average,Clear,Daylight,Motorcycle,2,Pedestrian Error,1,0,0,1,0,1,Low
2020,1,Tuesday,21,Punjab,Gujranwala,National Highway,Poor,Rainy,No Light,Motorcycle,3,Over Speeding,0,0,0,1,7,1,High
2020,1,Saturday,18,Punjab,Rawalpindi,Rural Road,Good,Clear,Street Light,Car/Taxi,2,Signal Violation,1,1,0,1,2,0,Low
2020,7,Wednesday,21,Punjab,Faisalabad,Provincial Highway,Under Repair,Clear,No Light,Motorcycle,1,Over Speeding,0,0,0,0,5,0,High
2018,1,Wednesday,18,Punjab,Faisalabad,Provincial Highway,Poor,Clear,Daylight,Motorcycle,3,Road Condition,1,0,0,1,1,0,Low
2023,2,Friday,10,Punjab,Sheikhupura,Urban Road,Average,Foggy,Daylight,Car/Taxi,2,Driver Fatigue,0,0,0,1,2,0,Low
2021,12,Sunday,20,KPK,Abbottabad,National Highway,Good,Rainy,Street Light,Motorcycle,1,Mechanical Failure,1,1,0,1,4,0,Medium
2019,6,Monday,18,Balochistan,Loralai,Rural Road,Good,Clear,Daylight,Motorcycle,1,Road Condition,1,0,0,0,3,1,Medium
2019,9,Friday,7,Punjab,Multan,National Highway,Good,Rainy,Daylight,Van/Pickup,1,Road Condition,1,0,0,0,1,1,Medium
2020,7,Friday,20,Punjab,Sargodha,Motorway,Under Repair,Clear,Street Light,Car/Taxi,2,Over Speeding,1,0,0,0,4,0,Medium
2019,3,Monday,16,Punjab,Sialkot,Urban Road,Good,Foggy,Daylight,Motorcycle,3,Over Speeding,0,0,0,0,2,1,Medium
2022,1,Thursday,13,Balochistan,Dera Bugti,Rural Road,Good,Clear,Daylight,Van/Pickup,1,Mobile Phone Use,1,0,0,1,1,0,Low
2021,8,Sunday,8,Sindh,Larkana,Rural Road,Average,Clear,Dawn/Dusk,Rickshaw,1,Over Speeding,1,1,0,0,2,0,Low
2023,10,Thursday,7,AJK,Rawalakot,National Highway,Poor,Clear,Daylight,Car/Taxi,1,Mechanical Failure,1,0,0,0,2,0,Low
2023,5,Tuesday,16,Balochistan,Gwadar,Rural Road,Good,Clear,Daylight,Motorcycle,2,Wrong Overtaking,0,0,0,0,0,0,Low
2020,8,Thursday,7,Balochistan,Turbat,National Highway,Poor,Dusty/Smoggy,Daylight,Car/Taxi,3,Wrong Overtaking,1,0,0,0,4,1,Medium
2019,6,Wednesday,13,Punjab,Faisalabad,National Highway,Good,Rainy,Dawn/Dusk,Bus/Coach,2,Mechanical Failure,1,0,0,0,5,1,Medium
2018,7,Sunday,10,Sindh,Larkana,Provincial Highway,Average,Rainy,Dawn/Dusk,Rickshaw,1,Over Speeding,0,1,0,0,4,0,Medium
2019,7,Sunday,18,Gilgit-Baltistan,Hunza,Motorway,Poor,Rainy,Street Light,Motorcycle,2,Driver Fatigue,1,1,0,0,6,0,High
2023,11,Monday,9,Punjab,Rawalpindi,Urban Road,Good,Dusty/Smoggy,Daylight,Motorcycle,1,Road Condition,1,0,0,1,2,0,Low
2023,11,Sunday,14,Sindh,Mirpur Khas,National Highway,Good,Clear,Daylight,Motorcycle,1,Road Condition,0,1,0,1,1,2,Medium
2020,9,Saturday,21,Punjab,Lahore,Rural Road,Under Repair,Foggy,Street Light,Motorcycle,4,Over Speeding,0,1,0,0,1,1,Medium
2023,4,Sunday,10,Punjab,Sargodha,Urban Road,Under Repair,Dusty/Smoggy,No Light,Car/Taxi,2,Mechanical Failure,0,1,0,0,1,0,Low
2021,9,Sunday,20,Balochistan,Gwadar,Rural Road,Poor,Clear,No Light,Motorcycle,2,Wrong Overtaking,1,1,0,0,0,0,Low
2018,5,Tuesday,11,Sindh,Nawabshah,Urban Road,Poor,Rainy,Daylight,Car/Taxi,2,Mobile Phone Use,0,0,0,0,1,0,Low
2023,8,Wednesday,17,KPK,Mardan,National Highway,Good,Clear,Daylight,Motorcycle,2,Over Speeding,1,0,0,0,11,1,High
2023,11,Monday,9,KPK,Swat,Provincial Highway,Poor,Clear,Daylight,Motorcycle,1,Over Speeding,1,0,0,1,9,1,High
2021,12,Sunday,7,Sindh,Mirpur Khas,National Highway,Good,Clear,Daylight,Car/Taxi,2,Road Condition,1,1,0,1,1,0,Low
2018,3,Friday,22,KPK,Mansehra,Provincial Highway,Good,Clear,No Light,Truck/Lorry,2,Mobile Phone Use,0,0,1,0,0,0,Low
2020,7,Friday,10,AJK,Muzaffarabad,Provincial Highway,Average,Clear,Street Light,Car/Taxi,1,Signal Violation,0,0,0,0,2,0,Low
2021,6,Friday,7,Islamabad,Islamabad,Rural Road,Good,Clear,Daylight,Car/Taxi,2,Over Speeding,1,0,0,0,1,0,Low
2019,6,Sunday,13,KPK,Swat,National Highway,Good,Clear,Daylight,Rickshaw,2,Signal Violation,1,1,0,0,5,0,Medium
2019,7,Sunday,12,Sindh,Hyderabad,Provincial Highway,Poor,Clear,Daylight,Van/Pickup,1,Road Condition,1,1,0,0,0,0,Low
2020,6,Wednesday,12,Punjab,Rahim Yar Khan,Rural Road,Poor,Clear,Street Light,Truck/Lorry,1,Over Speeding,1,0,0,0,0,0,Low
2022,10,Monday,19,Punjab,Lahore,National Highway,Poor,Dusty/Smoggy,Dawn/Dusk,Motorcycle,1,Over Speeding,1,0,0,0,2,2,High
2023,1,Saturday,11,Punjab,Sheikhupura,National Highway,Good,Clear,Daylight,Car/Taxi,3,Pedestrian Error,0,1,0,1,0,0,Low
2021,8,Monday,18,Punjab,Lahore,Urban Road,Poor,Foggy,Daylight,Motorcycle,1,Over Speeding,1,0,0,0,9,2,High
2023,9,Sunday,19,Punjab,Faisalabad,Provincial Highway,Average,Foggy,No Light,Motorcycle,1,Signal Violation,1,1,0,0,11,0,High
2022,7,Monday,11,Punjab,Sheikhupura,National Highway,Average,Clear,Daylight,Car/Taxi,2,Road Condition,0,0,0,0,0,0,Low
2018,11,Friday,8,Punjab,Bahawalpur,Provincial Highway,Poor,Clear,Daylight,Motorcycle,4,Pedestrian Error,1,0,0,1,4,0,Medium
2019,12,Sunday,15,Sindh,Kashmore,Provincial Highway,Average,Clear,Street Light,Motorcycle,3,Pedestrian Error,0,1,0,1,2,1,Medium
2018,12,Tuesday,10,Punjab,Rahim Yar Khan,Urban Road,Poor,Clear,Daylight,Other,3,Wrong Overtaking,0,0,0,1,0,0,Low
2022,12,Saturday,8,KPK,Dera Ismail Khan,National Highway,Good,Foggy,Dawn/Dusk,Rickshaw,2,Over Speeding,1,1,0,1,5,0,Medium
2018,3,Friday,19,Punjab,Multan,National Highway,Good,Foggy,No Light,Car/Taxi,2,Driver Fatigue,1,0,0,0,6,1,High
2020,6,Thursday,5,KPK,Mardan,National Highway,Good,Rainy,Dawn/Dusk,Van/Pickup,1,Wrong Overtaking,0,0,1,0,4,2,High
2022,1,Saturday,18,Balochistan,Chaman,Motorway,Good,Clear,Daylight,Rickshaw,1,Over Speeding,1,1,0,1,7,0,High
2023,7,Saturday,12,Punjab,Rawalpindi,Provincial Highway,Good,Rainy,Daylight,Motorcycle,1,Over Speeding,1,1,0,0,2,0,High
2023,9,Monday,15,AJK,Mirpur,Urban Road,Average,Clear,Daylight,Motorcycle,1,Mechanical Failure,0,0,0,0,0,0,Low
2022,6,Friday,10,Sindh,Karachi,National Highway,Poor,Foggy,Daylight,Bicycle,1,Over Speeding,0,0,0,0,7,0,High
2021,3,Saturday,7,Punjab,Faisalabad,National Highway,Average,Clear,Daylight,Motorcycle,3,Road Condition,1,1,0,0,1,2,Medium
2021,1,Tuesday,19,Punjab,Multan,Urban Road,Good,Clear,No Light,Motorcycle,2,Wrong Overtaking,1,0,0,1,5,0,Medium
2022,8,Tuesday,19,Balochistan,Quetta,Rural Road,Poor,Clear,Street Light,Motorcycle,3,Pedestrian Error,1,0,0,0,1,0,Low
2018,1,Friday,16,Sindh,Nawabshah,Motorway,Average,Clear,Daylight,Motorcycle,2,Wrong Overtaking,0,0,0,1,2,1,High
2018,11,Wednesday,14,Punjab,Multan,Provincial Highway,Average,Extreme Heat,No Light,Car/Taxi,2,Drunk Driving,0,0,0,1,2,0,Low
2023,10,Sunday,21,Islamabad,Islamabad,Provincial Highway,Good,Foggy,Street Light,Rickshaw,3,Over Speeding,0,1,0,0,3,0,Medium
2018,11,Sunday,7,KPK,Mansehra,Urban Road,Under Repair,Foggy,Daylight,Motorcycle,2,Mechanical Failure,1,1,0,1,1,0,Medium
2022,7,Tuesday,20,KPK,Kohat,Rural Road,Good,Dusty/Smoggy,Street Light,Car/Taxi,2,Over Speeding,1,0,0,0,1,0,Low
2020,7,Saturday,14,Balochistan,Gwadar,Rural Road,Poor,Clear,Daylight,Motorcycle,3,Drunk Driving,0,1,0,0,1,0,Medium
2020,7,Tuesday,15,KPK,Nowshera,Rural Road,Poor,Clear,Daylight,Bus/Coach,2,Pedestrian Error,0,0,0,0,2,0,Low
2022,8,Wednesday,18,Punjab,Sargodha,National Highway,Poor,Foggy,Daylight,Motorcycle,2,Over Speeding,1,0,0,0,3,2,High
2022,7,Sunday,17,Sindh,Larkana,Provincial Highway,Good,Extreme Heat,Daylight,Motorcycle,3,Pedestrian Error,1,1,0,0,2,0,Medium
2022,6,Thursday,14,Balochistan,Gwadar,Provincial Highway,Good,Rainy,Daylight,Motorcycle,1,Pedestrian Error,0,0,0,0,7,2,High
2023,8,Saturday,8,Punjab,Multan,Provincial Highway,Average,Clear,Daylight,Van/Pickup,4,Pedestrian Error,1,1,0,0,2,0,Low
2019,12,Saturday,4,Punjab,Bahawalpur,Rural Road,Good,Rainy,Street Light,Rickshaw,1,Wrong Overtaking,0,1,1,1,2,0,Low
2021,4,Friday,17,Punjab,Gujranwala,Provincial Highway,Average,Clear,Street Light,Rickshaw,1,Road Condition,1,0,0,0,2,0,Low
2020,12,Saturday,4,Punjab,Gujranwala,National Highway,Average,Clear,Street Light,Motorcycle,1,Over Speeding,0,1,1,1,10,1,High
2023,12,Saturday,8,Punjab,Sheikhupura,Urban Road,Average,Clear,Dawn/Dusk,Truck/Lorry,2,Over Speeding,1,1,0,1,2,2,Medium
2019,5,Monday,17,KPK,Dera Ismail Khan,Provincial Highway,Average,Extreme Heat,No Light,Car/Taxi,1,Over Speeding,1,0,0,0,2,1,Medium
2023,7,Sunday,20,KPK,Mansehra,Rural Road,Average,Clear,Street Light,Motorcycle,3,Pedestrian Error,1,1,0,0,4,1,Medium
2023,11,Tuesday,18,Punjab,Multan,Rural Road,Good,Foggy,Daylight,Car/Taxi,2,Driver Fatigue,1,0,0,1,4,0,Medium
2023,1,Tuesday,9,KPK,Nowshera,Rural Road,Under Repair,Clear,Dawn/Dusk,Rickshaw,1,Drunk Driving,1,0,0,1,4,2,Medium
2022,11,Monday,16,Sindh,Thatta,National Highway,Good,Clear,Daylight,Motorcycle,2,Over Speeding,0,0,0,1,3,1,High
2021,2,Monday,6,Punjab,Sargodha,National Highway,Good,Extreme Heat,Street Light,Car/Taxi,1,Over Speeding,0,0,0,1,1,2,Medium
2019,7,Monday,22,Punjab,Sialkot,Urban Road,Good,Clear,No Light,Car/Taxi,2,Mechanical Failure,0,0,1,0,0,0,Low