year,month,day_of_week,hour_of_day,province,district,road_type,road_condition,weather_condition,lighting_condition,vehicle_type,vehicles_involved,accident_cause,is_rush_hour,is_weekend,is_night,is_foggy_month,num_injured,num_killed,severity
2022,6,Thursday,7,Punjab,Faisalabad,Provincial Highway,Good,Rainy,Street Light,Motorcycle,4,Over Speeding,1,0,0,0,5,1,High
2023,2,Monday,12,KPK,Kohat,Urban Road,Poor,Rainy,Street Light,Rickshaw,2,Mechanical Failure,1,0,0,1,1,0,Low
2021,9,Saturday,12,Punjab,Sialkot,Provincial Highway,Good,Clear,Daylight,Motorcycle,2,Over Speeding,1,1,0,0,2,1,Medium
2021,4,Saturday,15,Punjab,Faisalabad,National Highway,Under Repair,Rainy,Daylight,Motorcycle,2,Signal Violation,0,1,0,0,7,2,High
2023,11,Friday,8,Punjab,Sheikhupura,National Highway,Poor,Clear,Daylight,Car/Taxi,2,Mobile Phone Use,1,0,0,1,2,1,Medium
2023,5,Wednesday,8,Balochistan,Dera Bugti,Urban Road,Average,Clear,Daylight,Motorcycle,2,Wrong Overtaking,1,0,0,0,1,1,Medium
2023,1,Thursday,8,KPK,Swat,Urban Road,Under Repair,Clear,Daylight,Motorcycle,2,Signal Violation,1,0,0,1,0,0,Low
2020,7,Monday,19,Sindh,Mirpur Khas,National Highway,Poor,Clear,Dawn/Dusk,Rickshaw,1,Signal Violation,1,0,0,0,1,0,Medium
2023,1,Thursday,13,Islamabad,Islamabad,National Highway,Good,Clear,Daylight,Bus/Coach,1,Wrong Overtaking,1,0,0,1,2,0,Medium
2020,8,Sunday,19,Punjab,Gujranwala,Urban Road,Average,Clear,Dawn/Dusk,Car/Taxi,1,Wrong Overtaking,1,1,0,0,0,0,Low
2020,2,Thursday,9,KPK,Nowshera,National Highway,Average,Extreme Heat,Daylight,Car/Taxi,3,Over Speeding,1,0,0,1,2,0,Medium
2023,7,Sunday,22,Punjab,Sheikhupura,Rural Road,Good,Foggy,No Light,Car/Taxi,2,Road Condition,0,1,1,0,4,0,Medium
2022,1,Sunday,19,Punjab,Sheikhupura,Urban Road,Average,Foggy,Dawn/Dusk,Bicycle,1,Pedestrian Error,1,1,0,1,3,0,Medium
2022,5,Sunday,22,Balochistan,Zhob,Urban Road,Average,Clear,Street Light,Car/Taxi,2,Over Speeding,0,1,1,0,1,0,Medium
2022,6,Sunday,5,KPK,Bannu,National Highway,Average,Clear,Daylight,Bus/Coach,2,Driver Fatigue,0,1,1,0,7,1,High
2023,2,Thursday,19,Punjab,Multan,National Highway,Good,Dusty/Smoggy,Dawn/Dusk,Car/Taxi,2,Drunk Driving,1,0,0,1,4,0,Medium
2023,8,Thursday,4,Punjab,Gujranwala,National Highway,Good,Foggy,No Light,Car/Taxi,3,Over Speeding,0,0,1,0,2,1,High
2020,4,Sunday,11,Punjab,Gujranwala,Rural Road,Average,Foggy,Daylight,Other,1,Drunk Driving,0,1,0,0,3,2,Medium
2020,2,Saturday,8,KPK,Kohat,Rural Road,Average,Rainy,Daylight,Rickshaw,2,Signal Violation,1,1,0,1,3,0,Medium
2019,10,Friday,9,Punjab,Lahore,Urban Road,Good,Foggy,Daylight,Bicycle,1,Mobile Phone Use,1,0,0,0,5,0,Medium
2019,11,Saturday,9,KPK,Nowshera,Urban Road,Under Repair,Clear,Daylight,Motorcycle,1,Mechanical Failure,1,1,0,1,0,0,Low
2020,12,Wednesday,15,Balochistan,Zhob,Motorway,Poor,Extreme Heat,Daylight,Motorcycle,2,Wrong Overtaking,0,0,0,1,5,3,High
2021,1,Saturday,18,Punjab,Rawalpindi,National Highway,Poor,Rainy,Daylight,Bus/Coach,2,Road Condition,1,1,0,1,3,1,High
2020,1,Sunday,17,Balochistan,Chaman,Urban Road,Poor,Extreme Heat,Daylight,Car/Taxi,2,Wrong Overtaking,1,1,0,1,0,0,Low
2018,1,Monday,20,Punjab,Sialkot,Urban Road,Poor,Clear,Street Light,Motorcycle,3,Pedestrian Error,1,0,0,1,0,0,Low
2021,12,Friday,7,KPK,Bannu,Motorway,Average,Clear,Daylight,Motorcycle,1,Mobile Phone Use,1,0,0,1,5,0,High
2022,3,Wednesday,20,KPK,Nowshera,National Highway,Poor,Clear,No Light,Bicycle,4,Over Speeding,1,0,0,0,9,1,High
2022,7,Friday,13,Sindh,Thatta,National Highway,Average,Rainy,Daylight,Rickshaw,2,Over Speeding,1,0,0,0,3,0,High
2020,10,Wednesday,12,Punjab,Sheikhupura,National Highway,Average,Clear,No Light,Car/Taxi,2,Wrong Overtaking,1,0,0,0,2,0,Low
2021,11,Thursday,2,Islamabad,Islamabad,National Highway,Average,Clear,Street Light,Motorcycle,1,Wrong Overtaking,0,0,1,1,9,1,High
2022,5,Monday,3,Punjab,Sialkot,Urban Road,Good,Foggy,Street Light,Rickshaw,2,Drunk Driving,0,0,1,0,1,0,Medium
2019,1,Saturday,6,Sindh,Thatta,National Highway,Average,Foggy,Daylight,Motorcycle,1,Wrong Overtaking,0,1,0,1,10,4,High
2018,6,Tuesday,17,Punjab,Faisalabad,Urban Road,Good,Foggy,Street Light,Other,2,Signal Violation,1,0,0,0,2,0,Low
2018,1,Wednesday,12,Sindh,Karachi,Provincial Highway,Good,Clear,Daylight,Motorcycle,2,Wrong Overtaking,1,0,0,1,4,0,Medium
2018,12,Tuesday,7,Sindh,Dadu,Provincial Highway,Good,Clear,Daylight,Car/Taxi,1,Wrong Overtaking,1,0,0,1,0,1,Low
2022,11,Saturday,16,Sindh,Kashmore,Provincial Highway,Poor,Clear,Daylight,Motorcycle,1,Pedestrian Error,0,1,0,1,2,1,Medium
2023,3,Thursday,15,Punjab,Sialkot,Provincial Highway,Poor,Rainy,Daylight,Car/Taxi,1,Wrong Overtaking,0,0,0,0,4,1,Medium
2022,6,Saturday,15,KPK,Dera Ismail Khan,Motorway,Good,Clear,Dawn/Dusk,Motorcycle,2,Wrong Overtaking,0,1,0,0,2,2,High
2021,12,Saturday,17,Punjab,Rahim Yar Khan,Motorway,Poor,Clear,Dawn/Dusk,Motorcycle,2,Mobile Phone Use,1,1,0,1,5,1,Medium
2019,10,Saturday,21,Punjab,Rawalpindi,Provincial Highway,Good,Clear,Street Light,Car/Taxi,1,Pedestrian Error,0,1,0,0,2,1,Low
2022,11,Wednesday,6,Sindh,Sukkur,National Highway,Good,Foggy,Street Light,Car/Taxi,1,Over Speeding,0,0,0,1,5,0,High
2023,7,Thursday,3,Sindh,Thatta,National Highway,Good,Clear,Street Light,Bus/Coach,2,Wrong Overtaking,0,0,1,0,5,1,High
2019,5,Saturday,19,Punjab,Rawalpindi,Provincial Highway,Average,Clear,No Light,Bus/Coach,2,Road Condition,1,1,0,0,0,0,Low
2023,9,Thursday,17,Sindh,Kashmore,Rural Road,Average,Rainy,Street Light,Motorcycle,1,Over Speeding,1,0,0,0,9,0,High
2019,3,Thursday,12,Sindh,Nawabshah,Provincial Highway,Poor,Clear,Daylight,Car/Taxi,1,Over Speeding,1,0,0,0,5,1,Medium
2021,9,Tuesday,20,Punjab,Sialkot,Motorway,Average,Dusty/Smoggy,No Light,Motorcycle,2,Wrong Overtaking,1,0,0,0,6,2,High
2023,4,Sunday,18,Sindh,Mirpur Khas,Rural Road,Average,Clear,Daylight,Bus/Coach,1,Road Condition,1,1,0,0,1,0,Low
2019,11,Monday,11,Islamabad,Islamabad,Rural Road,Average,Foggy,Daylight,Car/Taxi,1,Pedestrian Error,0,0,0,1,2,0,Low
2020,11,Saturday,12,Sindh,Jacobabad,Rural Road,Poor,Clear,Daylight,Bus/Coach,3,Road Condition,1,1,0,1,2,0,Low
2022,7,Wednesday,11,KPK,Swat,Rural Road,Good,Clear,Daylight,Motorcycle,2,Wrong Overtaking,0,0,0,0,4,0,Medium
2022,3,Friday,18,Punjab,Rahim Yar Khan,Rural Road,Average,Clear,Daylight,Bus/Coach,1,Signal Violation,1,0,0,0,0,0,Low
2020,12,Friday,9,KPK,Mansehra,National Highway,Average,Dusty/Smoggy,Daylight,Motorcycle,1,Signal Violation,1,0,0,1,8,0,High
2019,10,Friday,19,Sindh,Karachi,Provincial Highway,Average,Foggy,No Light,Bicycle,3,Over Speeding,1,0,0,0,8,1,High
2020,12,Saturday,2,Sindh,Sukkur,National Highway,Good,Clear,No Light,Rickshaw,3,Pedestrian Error,0,1,1,1,2,0,Medium
2019,3,Thursday,20,Balochistan,Loralai,Urban Road,Average,Clear,No Light,Rickshaw,2,Road Condition,1,0,0,0,2,0,Low
2018,8,Tuesday,22,Punjab,Sheikhupura,Provincial Highway,Average,Clear,No Light,Car/Taxi,3,Signal Violation,0,0,1,0,1,1,Medium
2019,4,Saturday,12,Punjab,Lahore,Urban Road,Under Repair,Foggy,Daylight,Motorcycle,1,Over Speeding,1,1,0,0,4,0,Medium
2021,8,Friday,21,Punjab,Multan,Urban Road,Good,Foggy,Street Light,Bicycle,1,Pedestrian Error,0,0,0,0,0,0,Low
2022,4,Friday,8,KPK,Nowshera,Rural Road,Good,Rainy,Daylight,Car/Taxi,2,Drunk Driving,1,0,0,0,5,2,Medium
2020,3,Friday,13,Balochistan,Dera Bugti,Rural Road,Poor,Dusty/Smoggy,Daylight,Motorcycle,4,Signal Violation,1,0,0,0,3,1,Medium
2020,5,Tuesday,5,Punjab,Sheikhupura,National Highway,Poor,Foggy,Dawn/Dusk,Motorcycle,1,Mechanical Failure,0,0,1,0,10,1,High
2021,9,Monday,12,Punjab,Bahawalpur,National Highway,Average,Clear,Street Light,Car/Taxi,3,Over Speeding,1,0,0,0,11,0,High
2022,1,Thursday,15,Sindh,Hyderabad,Urban Road,Poor,Clear,No Light,Car/Taxi,2,Driver Fatigue,0,0,0,1,1,0,Low
2022,11,Monday,3,Punjab,Faisalabad,Motorway,Good,Dusty/Smoggy,Street Light,Other,3,Over Speeding,0,0,1,1,3,0,Medium
2022,1,Monday,17,Punjab,Sheikhupura,National Highway,Good,Clear,Daylight,Motorcycle,1,Mechanical Failure,1,0,0,1,5,3,High
2020,1,Sunday,9,Punjab,Faisalabad,Provincial Highway,Good,Clear,No Light,Car/Taxi,2,Driver Fatigue,1,1,0,1,1,0,Low
2019,5,Friday,20,Sindh,Kashmore,Motorway,Average,Foggy,Street Light,Motorcycle,2,Pedestrian Error,1,0,0,0,1,0,Medium
2019,5,Saturday,13,Sindh,Jacobabad,Provincial Highway,Poor,Foggy,Dawn/Dusk,Motorcycle,1,Pedestrian Error,1,1,0,0,2,0,Medium
2018,4,Friday,19,Punjab,Rahim Yar Khan,National Highway,Average,Clear,Daylight,Motorcycle,2,Over Speeding,1,0,0,0,2,0,High
2020,11,Friday,21,Sindh,Dadu,Rural Road,Average,Dusty/Smoggy,No Light,Motorcycle,2,Road Condition,0,0,0,1,0,0,Low
2021,6,Wednesday,14,Islamabad,Islamabad,Rural Road,Good,Foggy,Daylight,Motorcycle,1,Wrong Overtaking,0,0,0,0,9,0,High
2022,10,Tuesday,19,Punjab,Bahawalpur,National Highway,Poor,Clear,Street Light,Motorcycle,3,Pedestrian Error,1,0,0,0,2,0,Medium
2018,5,Sunday,21,KPK,Kohat,Rural Road,Good,Clear,Street Light,Van/Pickup,3,Pedestrian Error,0,1,0,0,2,0,Low
2023,11,Monday,7,Sindh,Hyderabad,Provincial Highway,Average,Clear,Dawn/Dusk,Motorcycle,2,Over Speeding,1,0,0,1,11,0,High
2023,11,Tuesday,18,Islamabad,Islamabad,National Highway,Poor,Clear,Daylight,Motorcycle,3,Over Speeding,1,0,0,1,5,2,High
2019,11,Friday,8,Sindh,Nawabshah,National Highway,Good,Rainy,Daylight,Bus/Coach,3,Over Speeding,1,0,0,1,6,3,High
2018,4,Wednesday,17,Sindh,Jacobabad,Provincial Highway,Poor,Clear,Dawn/Dusk,Bus/Coach,2,Drunk Driving,1,0,0,0,4,1,High
2020,4,Thursday,13,KPK,Dera Ismail Khan,Urban Road,Good,Rainy,Dawn/Dusk,Car/Taxi,1,Wrong Overtaking,1,0,0,0,1,1,Medium
2020,7,Tuesday,5,Punjab,Sargodha,Urban Road,Poor,Clear,Street Light,Truck/Lorry,2,Mechanical Failure,0,0,1,0,1,1,Medium
2018,12,Sunday,14,Sindh,Mirpur Khas,Urban Road,Good,Clear,Daylight,Rickshaw,1,Wrong Overtaking,0,1,0,1,2,0,Low
2018,4,Monday,12,Sindh,Kashmore,Rural Road,Poor,Dusty/Smoggy,Daylight,Car/Taxi,2,Road Condition,1,0,0,0,0,0,Low
2023,6,Saturday,14,Sindh,Dadu,Provincial Highway,Average,Foggy,Daylight,Motorcycle,2,Pedestrian Error,0,1,0,0,6,2,High
2023,1,Friday,18,Punjab,Sialkot,Provincial Highway,Good,Foggy,Daylight,Motorcycle,1,Pedestrian Error,1,0,0,1,3,0,Medium
2023,1,Tuesday,22,Punjab,Rahim Yar Khan,Urban Road,Good,Clear,Street Light,Motorcycle,3,Wrong Overtaking,0,0,1,1,2,1,High
2023,6,Thursday,5,Punjab,Sheikhupura,Urban Road,Good,Foggy,No Light,Car/Taxi,1,Over Speeding,0,0,1,0,4,0,Medium
2020,12,Tuesday,6,KPK,Charsadda,Motorway,Good,Clear,Daylight,Car/Taxi,1,Over Speeding,0,0,0,1,5,2,High
2019,4,Sunday,19,Islamabad,Islamabad,National Highway,Good,Clear,Dawn/Dusk,Rickshaw,1,Signal Violation,1,1,0,0,1,1,Medium
2019,6,Wednesday,7,Punjab,Rahim Yar Khan,Rural Road,Poor,Clear,Daylight,Truck/Lorry,2,Driver Fatigue,1,0,0,0,0,0,Low
2022,12,Tuesday,9,Punjab,Sheikhupura,National Highway,Poor,Dusty/Smoggy,Daylight,Motorcycle,1,Over Speeding,1,0,0,1,2,0,High
2022,11,Tuesday,11,Gilgit-Baltistan,Skardu,National Highway,Good,Clear,Dawn/Dusk,Motorcycle,2,Over Speeding,0,0,0,1,8,0,High
2023,5,Thursday,21,KPK,Peshawar,National Highway,Good,Clear,Street Light,Motorcycle,1,Wrong Overtaking,0,0,0,0,9,4,High
2022,12,Monday,23,Balochistan,Turbat,Provincial Highway,Poor,Foggy,No Light,Motorcycle,1,Signal Violation,0,0,1,1,11,0,High
2022,1,Friday,14,Punjab,Bahawalpur,National Highway,Good,Clear,Daylight,Motorcycle,2,Over Speeding,0,0,0,1,6,2,High
2018,12,Thursday,6,KPK,Mansehra,Provincial Highway,Good,Foggy,Street Light,Car/Taxi,2,Over Speeding,0,0,0,1,5,1,Medium
2020,1,Sunday,22,KPK,Peshawar,National Highway,Average,Dusty/Smoggy,No Light,Motorcycle,3,Wrong Overtaking,0,1,1,1,5,1,High
2022,7,Thursday,20,Punjab,Rahim Yar Khan,National Highway,Good,Foggy,Street Light,Motorcycle,2,Driver Fatigue,1,0,0,0,8,0,High
2022,7,Friday,20,Punjab,Lahore,National Highway,Average,Clear,No Light,Motorcycle,2,Over Speeding,1,0,0,0,6,1,High
2019,4,Wednesday,6,Punjab,Lahore,Rural Road,Average,Rainy,Daylight,Motorcycle,1,Signal Violation,0,0,0,0,4,1,Medium
2022,3,Saturday,20,Punjab,Rawalpindi,Provincial Highway,Under Repair,Foggy,No Light,Motorcycle,2,Signal Violation,1,1,0,0,10,1,High
2019,1,Friday,9,AJK,Muzaffarabad,Urban Road,Good,Clear,Dawn/Dusk,Motorcycle,1,Signal Violation,1,0,0,1,2,0,Low
2019,7,Sunday,19,Punjab,Sialkot,Urban Road,Under Repair,Rainy,Dawn/Dusk,Rickshaw,2,Wrong Overtaking,1,1,0,0,0,0,Low
2021,1,Thursday,0,KPK,Mardan,Rural Road,Average,Clear,Street Light,Car/Taxi,2,Driver Fatigue,0,0,1,1,5,0,Medium
2023,6,Friday,6,KPK,Charsadda,Provincial Highway,Average,Rainy,Daylight,Rickshaw,1,Over Speeding,0,0,0,0,10,2,High
2021,7,Monday,10,Punjab,Rahim Yar Khan,National Highway,Good,Dusty/Smoggy,Daylight,Motorcycle,3,Pedestrian Error,0,0,0,0,1,0,Medium
2021,4,Friday,8,KPK,Abbottabad,National Highway,Good,Dusty/Smoggy,Daylight,Motorcycle,4,Over Speeding,1,0,0,0,2,1,High
2019,9,Monday,8,Punjab,Lahore,Urban Road,Good,Foggy,Daylight,Bus/Coach,2,Wrong Overtaking,1,0,0,0,1,0,Medium
2022,7,Tuesday,19,Punjab,Rahim Yar Khan,Urban Road,Average,Foggy,Daylight,Rickshaw,2,Over Speeding,1,0,0,0,0,0,Low
2021,8,Thursday,18,Islamabad,Islamabad,National Highway,Good,Clear,Daylight,Motorcycle,2,Wrong Overtaking,1,0,0,0,9,2,High
2021,7,Monday,19,Punjab,Sialkot,National Highway,Average,Foggy,No Light,Truck/Lorry,2,Mobile Phone Use,1,0,0,0,9,3,High
2018,3,Saturday,18,Punjab,Multan,Urban Road,Average,Clear,Daylight,Motorcycle,2,Over Speeding,1,1,0,0,1,0,Medium
2023,10,Monday,14,KPK,Mansehra,Rural Road,Poor,Clear,No Light,Motorcycle,3,Over Speeding,0,0,0,0,9,1,High
2018,12,Monday,8,KPK,Charsadda,National Highway,Average,Clear,Daylight,Rickshaw,2,Over Speeding,1,0,0,1,1,1,Medium
2021,10,Saturday,11,Sindh,Larkana,Rural Road,Average,Clear,Daylight,Motorcycle,1,Wrong Overtaking,0,1,0,0,2,0,Low
2021,5,Saturday,9,Balochistan,Gwadar,National Highway,Poor,Foggy,Daylight,Motorcycle,2,Over Speeding,1,1,0,0,5,2,High
2023,7,Thursday,8,Punjab,Sialkot,National Highway,Good,Clear,Daylight,Motorcycle,1,Wrong Overtaking,1,0,0,0,5,1,Medium
2020,10,Sunday,23,KPK,Mardan,Urban Road,Good,Clear,No Light,Car/Taxi,4,Wrong Overtaking,0,1,1,0,0,0,Low
2018,12,Saturday,16,Balochistan,Khuzdar,Urban Road,Good,Clear,Daylight,Car/Taxi,4,Driver Fatigue,0,1,0,1,1,0,Low
2020,10,Thursday,16,Punjab,Faisalabad,Provincial Highway,Good,Clear,Street Light,Car/Taxi,3,Driver Fatigue,0,0,0,0,1,0,Medium
2022,1,Tuesday,12,Sindh,Dadu,Provincial Highway,Poor,Dusty/Smoggy,Daylight,Motorcycle,2,Over Speeding,1,0,0,1,4,0,High
2023,11,Wednesday,11,Punjab,Multan,Urban Road,Poor,Clear,Dawn/Dusk,Motorcycle,2,Wrong Overtaking,0,0,0,1,0,0,Low
2019,7,Tuesday,17,Punjab,Rawalpindi,Provincial Highway,Good,Dusty/Smoggy,Daylight,Car/Taxi,3,Driver Fatigue,1,0,0,0,4,0,Medium
2021,1,Wednesday,17,Punjab,Faisalabad,National Highway,Good,Rainy,Daylight,Motorcycle,2,Over Speeding,1,0,0,1,11,0,High
2020,5,Tuesday,10,Sindh,Karachi,Provincial Highway,Average,Extreme Heat,Daylight,Car/Taxi,3,Mechanical Failure,0,0,0,0,0,0,Low
2018,1,Monday,6,Balochistan,Turbat,Rural Road,Average,Rainy,Dawn/Dusk,Motorcycle,1,Over Speeding,0,0,0,1,10,0,High
2022,3,Thursday,6,Sindh,Larkana,National Highway,Poor,Dusty/Smoggy,Daylight,Bus/Coach,1,Signal Violation,0,0,0,0,5,0,Medium
2022,3,Monday,19,Balochistan,Gwadar,Motorway,Good,Foggy,Dawn/Dusk,Rickshaw,1,Over Speeding,1,0,0,0,3,1,Medium
2022,6,Saturday,8,Punjab,Sargodha,Urban Road,Good,Extreme Heat,Daylight,Car/Taxi,1,Wrong Overtaking,1,1,0,0,1,0,Low
2022,11,Tuesday,8,Punjab,Rawalpindi,Rural Road,Good,Clear,Daylight,Bus/Coach,3,Over Speeding,1,0,0,1,4,0,Medium
2023,4,Wednesday,17,AJK,Mirpur,Provincial Highway,Good,Clear,Daylight,Rickshaw,1,Drunk Driving,1,0,0,0,2,0,Low
2021,10,Friday,20,Balochistan,Loralai,Rural Road,Good,Rainy,No Light,Truck/Lorry,2,Wrong Overtaking,1,0,0,0,2,0,Medium
2023,3,Monday,13,Punjab,Multan,National Highway,Under Repair,Clear,Daylight,Motorcycle,2,Over Speeding,1,0,0,0,9,2,High
2022,1,Wednesday,7,Sindh,Dadu,Urban Road,Good,Clear,Daylight,Bicycle,3,Wrong Overtaking,1,0,0,1,5,1,Medium
2023,4,Friday,10,Punjab,Sargodha,National Highway,Poor,Clear,Daylight,Motorcycle,2,Pedestrian Error,0,0,0,0,4,2,High
2022,10,Monday,18,Sindh,Hyderabad,Urban Road,Good,Foggy,Daylight,Motorcycle,1,Signal Violation,1,0,0,0,3,1,Medium
2019,8,Saturday,16,Balochistan,Sibi,Provincial Highway,Average,Clear,Daylight,Motorcycle,4,Road Condition,0,1,0,0,3,1,Medium
2018,12,Monday,18,KPK,Bannu,Provincial Highway,Average,Clear,Street Light,Truck/Lorry,3,Signal Violation,1,0,0,1,4,0,Medium
2023,2,Wednesday,10,Punjab,Faisalabad,Motorway,Good,Clear,Daylight,Rickshaw,1,Over Speeding,0,0,0,1,1,0,Medium
2019,4,Friday,21,Punjab,Bahawalpur,Provincial Highway,Poor,Clear,No Light,Motorcycle,2,Driver Fatigue,0,0,0,0,5,0,Medium
2020,9,Sunday,8,Punjab,Sargodha,National Highway,Under Repair,Extreme Heat,Daylight,Car/Taxi,3,Mechanical Failure,1,1,0,0,3,0,Medium
2022,2,Thursday,19,KPK,Peshawar,National Highway,Good,Rainy,Dawn/Dusk,Motorcycle,2,Pedestrian Error,1,0,0,1,6,1,High
2022,4,Sunday,9,Sindh,Karachi,Provincial Highway,Poor,Dusty/Smoggy,Street Light,Motorcycle,2,Over Speeding,1,1,0,0,8,0,High
2019,5,Sunday,4,Islamabad,Islamabad,National Highway,Good,Foggy,Street Light,Car/Taxi,3,Over Speeding,0,1,1,0,9,1,High
2022,4,Sunday,19,KPK,Charsadda,Urban Road,Average,Rainy,Dawn/Dusk,Motorcycle,2,Pedestrian Error,1,1,0,0,1,0,Low
2023,6,Monday,17,Punjab,Rahim Yar Khan,National Highway,Good,Clear,Daylight,Car/Taxi,1,Pedestrian Error,1,0,0,0,2,0,Low
2023,1,Thursday,14,KPK,Kohat,Urban Road,Average,Foggy,Daylight,Bus/Coach,2,Over Speeding,0,0,0,1,2,0,Medium
2018,7,Saturday,14,Sindh,Dadu,Provincial Highway,Average,Foggy,Daylight,Bus/Coach,2,Over Speeding,0,1,0,0,3,0,Medium
2021,1,Saturday,15,Punjab,Rawalpindi,National Highway,Poor,Clear,Daylight,Motorcycle,4,Pedestrian Error,0,1,0,1,4,2,Medium
2021,6,Friday,15,Punjab,Rawalpindi,Provincial Highway,Under Repair,Foggy,Daylight,Motorcycle,2,Over Speeding,0,0,0,0,9,4,High
2022,7,Saturday,20,AJK,Mirpur,Provincial Highway,Good,Foggy,No Light,Motorcycle,2,Wrong Overtaking,1,1,0,0,9,0,High
2019,5,Tuesday,17,Sindh,Thatta,National Highway,Under Repair,Foggy,Daylight,Rickshaw,2,Over Speeding,1,0,0,0,6,1,High
2021,1,Tuesday,16,KPK,Kohat,National Highway,Good,Clear,Dawn/Dusk,Motorcycle,2,Road Condition,0,0,0,1,5,2,Medium
2020,7,Wednesday,7,Sindh,Karachi,National Highway,Good,Rainy,Daylight,Motorcycle,2,Road Condition,1,0,0,0,7,2,High
2023,12,Friday,12,Punjab,Sheikhupura,Urban Road,Good,Rainy,Daylight,Bicycle,2,Weather Condition,1,0,0,1,5,0,Medium
2020,11,Monday,22,KPK,Mardan,Rural Road,Under Repair,Clear,No Light,Motorcycle,2,Pedestrian Error,0,0,1,1,4,2,Medium
2021,11,Thursday,23,Balochistan,Loralai,Motorway,Good,Clear,Street Light,Car/Taxi,1,Mechanical Failure,0,0,1,1,3,0,Medium
2019,2,Monday,14,Punjab,Bahawalpur,Urban Road,Good,Clear,Daylight,Rickshaw,3,Over Speeding,0,0,0,1,3,1,Medium
2018,3,Thursday,22,Punjab,Multan,Urban Road,Good,Rainy,No Light,Truck/Lorry,2,Mechanical Failure,0,0,1,0,5,0,Medium
2022,7,Wednesday,19,Sindh,Sukkur,National Highway,Good,Foggy,Dawn/Dusk,Car/Taxi,1,Driver Fatigue,1,0,0,0,2,2,Medium
2021,6,Sunday,19,Punjab,Lahore,Rural Road,Good,Clear,No Light,Motorcycle,2,Over Speeding,1,1,0,0,11,0,High
2022,11,Tuesday,18,KPK,Dera Ismail Khan,Rural Road,Poor,Clear,No Light,Motorcycle,2,Mechanical Failure,1,0,0,1,2,0,Low
2023,4,Wednesday,7,Punjab,Sargodha,Provincial Highway,Good,Rainy,Daylight,Car/Taxi,1,Signal Violation,1,0,0,0,0,0,Low
2021,10,Thursday,11,KPK,Nowshera,Provincial Highway,Good,Clear,Daylight,Car/Taxi,2,Wrong Overtaking,0,0,0,0,1,0,Low
2021,3,Friday,23,Sindh,Dadu,Provincial Highway,Average,Rainy,Street Light,Motorcycle,1,Mobile Phone Use,0,0,1,0,9,3,High
2023,4,Sunday,23,Punjab,Sialkot,Provincial Highway,Good,Foggy,No Light,Bus/Coach,2,Pedestrian Error,0,1,1,0,5,1,Medium
2020,8,Sunday,16,Punjab,Multan,Urban Road,Under Repair,Foggy,No Light,Motorcycle,4,Drunk Driving,0,1,0,0,3,2,Medium
2018,8,Friday,1,Punjab,Lahore,Rural Road,Average,Foggy,Street Light,Bicycle,2,Over Speeding,0,0,1,0,10,3,High
2023,8,Tuesday,18,Punjab,Sialkot,Provincial Highway,Good,Clear,Daylight,Motorcycle,1,Over Speeding,1,0,0,0,2,2,High
2023,7,Saturday,9,KPK,Mardan,Provincial Highway,Good,Clear,Daylight,Motorcycle,3,Road Condition,1,1,0,0,5,0,Medium
2021,12,Monday,12,Punjab,Rahim Yar Khan,National Highway,Average,Clear,Daylight,Truck/Lorry,2,Pedestrian Error,1,0,0,1,2,2,Medium
2023,10,Friday,19,KPK,Bannu,National Highway,Average,Clear,No Light,Motorcycle,2,Drunk Driving,1,0,0,0,9,1,High
2023,4,Tuesday,6,Sindh,Jacobabad,Rural Road,Good,Dusty/Smoggy,Daylight,Motorcycle,3,Road Condition,0,0,0,0,2,0,Low
2020,4,Saturday,13,Punjab,Lahore,National Highway,Good,Rainy,Daylight,Motorcycle,1,Signal Violation,1,1,0,0,2,0,High
2022,8,Tuesday,18,Sindh,Larkana,National Highway,Poor,Rainy,Street Light,Bus/Coach,3,Wrong Overtaking,1,0,0,0,4,2,High
2020,10,Wednesday,21,KPK,Kohat,Rural Road,Good,Clear,Street Light,Motorcycle,1,Signal Violation,0,0,0,0,4,0,Medium
2022,1,Saturday,13,Punjab,Rawalpindi,National Highway,Good,Dusty/Smoggy,No Light,Motorcycle,4,Drunk Driving,1,1,0,1,4,0,High
2022,6,Wednesday,7,Sindh,Dadu,Urban Road,Good,Clear,Dawn/Dusk,Truck/Lorry,3,Over Speeding,1,0,0,0,1,0,Low
2021,8,Wednesday,6,Punjab,Sheikhupura,Rural Road,Good,Foggy,Daylight,Bus/Coach,1,Wrong Overtaking,0,0,0,0,1,1,Medium
2023,12,Sunday,22,Punjab,Sheikhupura,Urban Road,Average,Clear,No Light,Motorcycle,2,Mobile Phone Use,0,1,1,1,4,2,Medium
2019,2,Thursday,20,Punjab,Faisalabad,Rural Road,Good,Clear,No Light,Motorcycle,2,Wrong Overtaking,1,0,0,1,2,0,Medium
2019,3,Saturday,9,Punjab,Rawalpindi,Urban Road,Average,Foggy,Daylight,Car/Taxi,2,Mechanical Failure,1,1,0,0,2,0,Low
2018,5,Wednesday,21,KPK,Dera Ismail Khan,Urban Road,Good,Clear,Street Light,Car/Taxi,1,Road Condition,0,0,0,0,0,0,Low
2020,8,Wednesday,14,Sindh,Jacobabad,Provincial Highway,Average,Clear,Daylight,Motorcycle,4,Road Condition,0,0,0,0,5,1,Medium
2020,7,Saturday,21,Punjab,Sialkot,Provincial Highway,Good,Dusty/Smoggy,No Light,Truck/Lorry,2,Wrong Overtaking,0,1,0,0,3,0,Medium