year,month,day_of_week,hour_of_day,province,district,road_type,road_condition,weather_condition,lighting_condition,vehicle_type,vehicles_involved,accident_cause,is_rush_hour,is_weekend,is_night,is_foggy_month,num_injured,num_killed,severity
2022,2,Thursday,17,Sindh,Mirpur Khas,National Highway,Good,Clear,Daylight,Rickshaw,1,Over Speeding,1,0,0,1,1,0,Medium
2018,11,Saturday,18,KPK,Swat,Provincial Highway,Average,Clear,Daylight,Car/Taxi,2,Driver Fatigue,1,1,0,1,1,0,Low
2023,12,Wednesday,19,Balochistan,Hub,Urban Road,Average,Rainy,Street Light,Bicycle,2,Mobile Phone Use,1,0,0,1,5,0,Medium
2019,12,Friday,19,KPK,Swat,Motorway,Poor,Clear,Dawn/Dusk,Motorcycle,2,Wrong Overtaking,1,0,0,1,4,4,High
2019,12,Friday,13,AJK,Rawalakot,Rural Road,Good,Clear,Daylight,Rickshaw,1,Mechanical Failure,1,0,0,1,2,0,Low
2020,6,Tuesday,12,KPK,Abbottabad,Urban Road,Good,Foggy,Daylight,Car/Taxi,2,Over Speeding,1,0,0,0,2,0,Low
2019,3,Sunday,18,Punjab,Bahawalpur,Provincial Highway,Average,Clear,Dawn/Dusk,Rickshaw,1,Over Speeding,1,1,0,0,2,1,Medium
2019,4,Monday,13,Sindh,Nawabshah,Rural Road,Average,Clear,Daylight,Motorcycle,2,Road Condition,1,0,0,0,2,1,Medium
2020,7,Wednesday,16,Balochistan,Quetta,National Highway,Poor,Rainy,Daylight,Car/Taxi,2,Wrong Overtaking,0,0,0,0,1,0,Medium
2019,7,Monday,1,Islamabad,Islamabad,National Highway,Good,Clear,No Light,Bus/Coach,2,Mechanical Failure,0,0,1,0,5,0,Medium
2018,11,Tuesday,18,Punjab,Rahim Yar Khan,Rural Road,Average,Clear,No Light,Van/Pickup,1,Over Speeding,1,0,0,1,2,0,Low
2020,1,Sunday,3,KPK,Mansehra,Rural Road,Good,Clear,No Light,Motorcycle,3,Mobile Phone Use,0,1,1,1,1,0,Medium
2021,7,Sunday,21,Punjab,Bahawalpur,Provincial Highway,Good,Clear,No Light,Bicycle,1,Signal Violation,0,1,0,0,3,1,Medium
2020,9,Monday,11,Punjab,Multan,Urban Road,Poor,Foggy,Daylight,Motorcycle,2,Over Speeding,0,0,0,0,11,3,High
2021,6,Wednesday,9,Balochistan,Turbat,Urban Road,Average,Clear,Daylight,Rickshaw,3,Over Speeding,1,0,0,0,2,1,Low
2022,9,Wednesday,15,Islamabad,Islamabad,National Highway,Average,Foggy,Daylight,Car/Taxi,1,Over Speeding,0,0,0,0,6,0,High
2019,8,Thursday,20,Sindh,Larkana,Provincial Highway,Poor,Foggy,No Light,Motorcycle,2,Drunk Driving,1,0,0,0,6,2,High
2019,5,Friday,17,Punjab,Sheikhupura,Provincial Highway,Poor,Clear,Daylight,Car/Taxi,1,Driver Fatigue,1,0,0,0,5,2,Medium
2018,2,Saturday,18,KPK,Nowshera,Rural Road,Average,Clear,Daylight,Car/Taxi,2,Mobile Phone Use,1,1,0,1,0,0,Low
2023,6,Friday,19,Sindh,Kashmore,National Highway,Good,Rainy,Street Light,Car/Taxi,1,Over Speeding,1,0,0,0,2,1,Medium
2020,3,Saturday,16,Punjab,Sargodha,National Highway,Poor,Clear,Daylight,Motorcycle,1,Driver Fatigue,0,1,0,0,4,0,High
2022,12,Thursday,8,Punjab,Faisalabad,Provincial Highway,Average,Clear,Daylight,Truck/Lorry,2,Wrong Overtaking,1,0,0,1,1,0,Low
2022,11,Monday,9,Punjab,Rawalpindi,Urban Road,Good,Rainy,Daylight,Motorcycle,2,Mechanical Failure,1,0,0,1,4,2,Medium
2020,2,Tuesday,2,KPK,Nowshera,National Highway,Poor,Clear,No Light,Rickshaw,1,Mobile Phone Use,0,0,1,1,2,0,Low
2023,12,Friday,19,Punjab,Gujranwala,Provincial Highway,Average,Clear,Dawn/Dusk,Motorcycle,2,Mechanical Failure,1,0,0,1,1,0,Low
2021,6,Friday,7,Punjab,Bahawalpur,National Highway,Average,Foggy,Daylight,Motorcycle,1,Signal Violation,1,0,0,0,10,0,High
2022,8,Monday,13,Balochistan,Loralai,Provincial Highway,Average,Clear,Daylight,Bus/Coach,4,Signal Violation,1,0,0,0,1,1,Medium
2019,7,Monday,12,Islamabad,Islamabad,Urban Road,Good,Clear,No Light,Van/Pickup,2,Mechanical Failure,1,0,0,0,2,0,Low
2023,6,Sunday,18,Punjab,Multan,Rural Road,Poor,Rainy,Daylight,Car/Taxi,3,Signal Violation,1,1,0,0,4,0,Medium
2021,7,Saturday,20,Punjab,Multan,Provincial Highway,Average,Clear,No Light,Bus/Coach,2,Road Condition,1,1,0,0,1,0,Low
2021,9,Wednesday,12,Sindh,Thatta,National Highway,Poor,Clear,Daylight,Truck/Lorry,2,Over Speeding,1,0,0,0,5,0,High
2020,1,Thursday,18,Punjab,Sheikhupura,Rural Road,Good,Clear,Daylight,Rickshaw,1,Signal Violation,1,0,0,1,0,0,Low
2022,6,Thursday,20,Punjab,Bahawalpur,National Highway,Poor,Clear,No Light,Motorcycle,3,Wrong Overtaking,1,0,0,0,4,1,High
2023,10,Thursday,15,Punjab,Gujranwala,Rural Road,Average,Extreme Heat,Daylight,Rickshaw,1,Mechanical Failure,0,0,0,0,0,0,Low
2023,4,Saturday,9,Islamabad,Islamabad,National Highway,Poor,Foggy,Daylight,Bicycle,1,Pedestrian Error,1,1,0,0,4,2,High
2019,8,Thursday,19,Islamabad,Islamabad,Provincial Highway,Good,Clear,Dawn/Dusk,Motorcycle,1,Over Speeding,1,0,0,0,2,2,High
2020,1,Thursday,18,Balochistan,Quetta,Provincial Highway,Average,Clear,Dawn/Dusk,Car/Taxi,2,Signal Violation,1,0,0,1,3,0,Medium
2023,2,Thursday,12,KPK,Mansehra,National Highway,Good,Clear,Daylight,Rickshaw,2,Over Speeding,1,0,0,1,10,0,High
2023,6,Monday,20,KPK,Abbottabad,Motorway,Average,Dusty/Smoggy,No Light,Motorcycle,2,Driver Fatigue,1,0,0,0,3,3,High
2022,6,Saturday,22,Sindh,Larkana,Urban Road,Average,Foggy,No Light,Motorcycle,1,Over Speeding,0,1,1,0,10,4,High
2023,3,Friday,18,Sindh,Kashmore,Provincial Highway,Poor,Rainy,Street Light,Car/Taxi,1,Wrong Overtaking,1,0,0,0,4,0,Medium
2018,5,Wednesday,12,Sindh,Karachi,Urban Road,Good,Clear,Daylight,Car/Taxi,2,Over Speeding,1,0,0,0,2,1,Low
2022,7,Saturday,14,KPK,Kohat,National Highway,Poor,Clear,Dawn/Dusk,Bus/Coach,1,Drunk Driving,0,1,0,0,2,1,High
2022,6,Saturday,2,Punjab,Bahawalpur,National Highway,Good,Clear,Street Light,Car/Taxi,1,Over Speeding,0,1,1,0,9,0,High
2020,8,Wednesday,11,Punjab,Faisalabad,National Highway,Good,Clear,Daylight,Motorcycle,2,Wrong Overtaking,0,0,0,0,2,0,High
2019,2,Tuesday,10,Islamabad,Islamabad,Provincial Highway,Good,Rainy,Street Light,Bicycle,2,Mechanical Failure,0,0,0,1,4,0,Medium
2018,12,Monday,5,Punjab,Sialkot,Provincial Highway,Good,Clear,Dawn/Dusk,Bus/Coach,2,Wrong Overtaking,0,0,1,1,3,2,High
2021,6,Saturday,17,Punjab,Rahim Yar Khan,National Highway,Good,Foggy,Dawn/Dusk,Bus/Coach,3,Pedestrian Error,1,1,0,0,5,0,Medium
2022,9,Saturday,18,Sindh,Thatta,Provincial Highway,Average,Clear,Daylight,Motorcycle,1,Over Speeding,1,1,0,0,7,1,High
2018,1,Friday,5,Punjab,Bahawalpur,Rural Road,Poor,Clear,Street Light,Car/Taxi,4,Mechanical Failure,0,0,1,1,2,0,Low
2020,6,Thursday,17,Punjab,Sargodha,Provincial Highway,Average,Clear,Daylight,Car/Taxi,1,Drunk Driving,1,0,0,0,1,2,Medium
2023,12,Monday,11,Punjab,Sheikhupura,Rural Road,Good,Clear,Daylight,Truck/Lorry,2,Over Speeding,0,0,0,1,2,0,Medium
2022,12,Monday,19,Sindh,Jacobabad,Urban Road,Average,Rainy,Street Light,Motorcycle,1,Signal Violation,1,0,0,1,4,2,Medium
2023,10,Tuesday,12,Punjab,Rahim Yar Khan,National Highway,Good,Foggy,Daylight,Car/Taxi,1,Over Speeding,1,0,0,0,5,0,High
2022,4,Monday,17,Sindh,Nawabshah,National Highway,Poor,Clear,No Light,Bus/Coach,2,Over Speeding,1,0,0,0,2,0,Medium
2023,6,Wednesday,9,Punjab,Sialkot,Provincial Highway,Good,Rainy,Dawn/Dusk,Car/Taxi,2,Mechanical Failure,1,0,0,0,2,1,Low
2019,5,Tuesday,18,Punjab,Multan,National Highway,Poor,Foggy,Dawn/Dusk,Car/Taxi,2,Wrong Overtaking,1,0,0,0,3,0,Medium
2023,1,Sunday,23,Balochistan,Chaman,Provincial Highway,Good,Rainy,No Light,Car/Taxi,2,Signal Violation,0,1,1,1,5,2,High
2022,7,Sunday,20,KPK,Mardan,Urban Road,Poor,Clear,Street Light,Motorcycle,2,Over Speeding,1,1,0,0,5,0,Medium
2018,5,Wednesday,16,KPK,Dera Ismail Khan,Rural Road,Poor,Clear,Street Light,Car/Taxi,4,Signal Violation,0,0,0,0,0,0,Low
2023,10,Friday,6,Punjab,Faisalabad,National Highway,Good,Dusty/Smoggy,Daylight,Rickshaw,2,Wrong Overtaking,0,0,0,0,1,1,Medium
2023,12,Sunday,17,Punjab,Sheikhupura,Urban Road,Good,Clear,Daylight,Van/Pickup,2,Driver Fatigue,1,1,0,1,5,0,Medium
2021,1,Friday,10,KPK,Charsadda,National Highway,Average,Clear,Daylight,Truck/Lorry,1,Signal Violation,0,0,0,1,5,0,Medium
2019,5,Wednesday,12,Punjab,Gujranwala,National Highway,Average,Rainy,Street Light,Car/Taxi,4,Driver Fatigue,1,0,0,0,5,0,Medium
2023,7,Wednesday,9,KPK,Abbottabad,National Highway,Good,Foggy,No Light,Motorcycle,2,Signal Violation,1,0,0,0,3,2,High
2021,1,Wednesday,17,Sindh,Larkana,Urban Road,Average,Foggy,Daylight,Motorcycle,2,Pedestrian Error,1,0,0,1,3,0,Medium
2022,12,Tuesday,12,KPK,Abbottabad,National Highway,Poor,Clear,Daylight,Bus/Coach,1,Wrong Overtaking,1,0,0,1,7,0,High
2022,12,Tuesday,12,Sindh,Mirpur Khas,Urban Road,Good,Foggy,Daylight,Bus/Coach,1,Over Speeding,1,0,0,1,11,1,High
2020,12,Friday,21,Punjab,Bahawalpur,Rural Road,Average,Foggy,Street Light,Car/Taxi,3,Signal Violation,0,0,0,1,4,0,Medium
2018,11,Monday,19,Punjab,Rawalpindi,Urban Road,Good,Extreme Heat,Dawn/Dusk,Bus/Coach,2,Road Condition,1,0,0,1,1,0,Low
2023,2,Wednesday,18,KPK,Swat,Provincial Highway,Good,Clear,Daylight,Truck/Lorry,2,Signal Violation,1,0,0,1,3,0,Medium
2023,1,Monday,16,KPK,Bannu,Urban Road,Average,Rainy,Daylight,Car/Taxi,2,Road Condition,0,0,0,1,2,0,Low
2022,4,Saturday,17,Punjab,Multan,Urban Road,Good,Clear,Daylight,Car/Taxi,3,Pedestrian Error,1,1,0,0,1,0,Low
2021,11,Wednesday,12,Punjab,Gujranwala,Provincial Highway,Under Repair,Clear,Street Light,Motorcycle,2,Road Condition,1,0,0,1,2,0,Low
2021,8,Thursday,20,Punjab,Multan,Provincial Highway,Average,Clear,No Light,Car/Taxi,1,Signal Violation,1,0,0,0,2,0,Low
2021,2,Friday,9,Sindh,Nawabshah,Urban Road,Good,Clear,Daylight,Motorcycle,2,Wrong Overtaking,1,0,0,1,1,0,Low
2018,5,Tuesday,12,Punjab,Sialkot,Provincial Highway,Poor,Dusty/Smoggy,Daylight,Motorcycle,1,Pedestrian Error,1,0,0,0,4,1,Medium
2018,5,Monday,18,Islamabad,Islamabad,Provincial Highway,Poor,Extreme Heat,Daylight,Motorcycle,1,Wrong Overtaking,1,0,0,0,8,2,High
2018,6,Wednesday,5,Sindh,Nawabshah,Urban Road,Good,Clear,Street Light,Car/Taxi,1,Over Speeding,0,0,1,0,2,0,Low
2023,9,Monday,17,Islamabad,Islamabad,Urban Road,Good,Clear,Daylight,Motorcycle,3,Pedestrian Error,1,0,0,0,2,0,Low
2022,11,Monday,21,KPK,Kohat,Provincial Highway,Average,Foggy,No Light,Motorcycle,1,Wrong Overtaking,0,0,0,1,3,1,High
2022,11,Saturday,15,Punjab,Sargodha,National Highway,Average,Clear,Daylight,Motorcycle,2,Mobile Phone Use,0,1,0,1,3,1,Medium
2023,12,Saturday,11,Punjab,Rawalpindi,Rural Road,Average,Clear,Daylight,Rickshaw,1,Over Speeding,0,1,0,1,2,0,Low
2023,11,Monday,8,Balochistan,Chaman,Urban Road,Good,Clear,Daylight,Motorcycle,2,Mobile Phone Use,1,0,0,1,1,0,Low
2023,12,Tuesday,20,Sindh,Sukkur,National Highway,Average,Clear,Street Light,Rickshaw,2,Pedestrian Error,1,0,0,1,1,0,Low
2022,2,Thursday,13,Punjab,Rawalpindi,National Highway,Average,Clear,Daylight,Car/Taxi,2,Over Speeding,1,0,0,1,3,2,Medium
2020,5,Monday,8,Islamabad,Islamabad,Provincial Highway,Average,Clear,Daylight,Bicycle,3,Driver Fatigue,1,0,0,0,6,0,High
2019,11,Saturday,16,Sindh,Larkana,Provincial Highway,Poor,Clear,Daylight,Bicycle,4,Drunk Driving,0,1,0,1,6,2,High
2020,2,Thursday,11,Punjab,Faisalabad,Motorway,Poor,Clear,No Light,Motorcycle,1,Signal Violation,0,0,0,1,2,1,Medium
2021,2,Thursday,11,Sindh,Nawabshah,Motorway,Good,Clear,Dawn/Dusk,Bicycle,1,Over Speeding,0,0,0,1,9,2,High
2020,1,Saturday,22,KPK,Charsadda,Provincial Highway,Under Repair,Clear,No Light,Rickshaw,4,Over Speeding,0,1,1,1,3,2,High
2022,12,Sunday,17,Punjab,Rahim Yar Khan,National Highway,Good,Foggy,Street Light,Car/Taxi,1,Mechanical Failure,1,1,0,1,2,0,Low
2022,8,Sunday,1,Punjab,Sheikhupura,Urban Road,Average,Dusty/Smoggy,No Light,Motorcycle,2,Over Speeding,0,1,1,0,6,2,High
2020,7,Friday,15,Punjab,Multan,Provincial Highway,Average,Rainy,Daylight,Bicycle,2,Road Condition,0,0,0,0,2,0,High
2018,8,Friday,13,KPK,Swat,National Highway,Under Repair,Clear,Daylight,Motorcycle,1,Driver Fatigue,1,0,0,0,7,0,High
2020,7,Sunday,6,KPK,Peshawar,National Highway,Poor,Dusty/Smoggy,Daylight,Motorcycle,2,Mechanical Failure,0,1,0,0,5,1,Medium
2023,5,Friday,22,Punjab,Sheikhupura,Provincial Highway,Poor,Foggy,Street Light,Motorcycle,2,Road Condition,0,0,1,0,4,0,Medium
2023,10,Saturday,15,KPK,Mardan,Urban Road,Average,Clear,Street Light,Motorcycle,1,Road Condition,0,1,0,0,1,0,Low
2023,5,Tuesday,21,Punjab,Multan,National Highway,Good,Foggy,No Light,Truck/Lorry,2,Driver Fatigue,0,0,0,0,3,1,High
2022,4,Tuesday,13,Sindh,Jacobabad,Rural Road,Poor,Dusty/Smoggy,Street Light,Van/Pickup,1,Wrong Overtaking,1,0,0,0,2,0,Low
2020,10,Tuesday,6,Gilgit-Baltistan,Skardu,Urban Road,Good,Foggy,Daylight,Bus/Coach,3,Road Condition,0,0,0,0,2,0,Low
2018,7,Wednesday,10,Sindh,Thatta,National Highway,Average,Clear,Daylight,Car/Taxi,2,Road Condition,0,0,0,0,1,0,Low
2022,2,Tuesday,23,AJK,Mirpur,Urban Road,Under Repair,Clear,No Light,Motorcycle,2,Driver Fatigue,0,0,1,1,4,3,High
2020,1,Wednesday,20,KPK,Mardan,Rural Road,Poor,Clear,Street Light,Car/Taxi,4,Pedestrian Error,1,0,0,1,2,0,Low
2019,11,Tuesday,12,Punjab,Sialkot,Provincial Highway,Average,Foggy,Daylight,Car/Taxi,3,Pedestrian Error,1,0,0,1,3,0,Medium
2021,10,Friday,19,KPK,Peshawar,Provincial Highway,Good,Clear,Dawn/Dusk,Bus/Coach,4,Mechanical Failure,1,0,0,0,2,0,Medium
2019,2,Tuesday,12,Punjab,Rahim Yar Khan,Rural Road,Good,Clear,Daylight,Motorcycle,2,Road Condition,1,0,0,1,0,0,Low
2019,3,Thursday,14,Sindh,Jacobabad,Provincial Highway,Under Repair,Clear,Daylight,Car/Taxi,2,Signal Violation,0,0,0,0,1,0,Low
2018,3,Friday,17,Sindh,Hyderabad,Urban Road,Average,Clear,Daylight,Car/Taxi,2,Pedestrian Error,1,0,0,0,0,0,Low
2020,6,Monday,21,Balochistan,Zhob,Rural Road,Poor,Clear,Street Light,Motorcycle,3,Pedestrian Error,0,0,0,0,3,0,Medium
2020,6,Wednesday,9,Punjab,Rahim Yar Khan,Provincial Highway,Poor,Clear,Daylight,Motorcycle,2,Mechanical Failure,1,0,0,0,2,0,Low
2021,5,Friday,17,Balochistan,Khuzdar,National Highway,Good,Foggy,Daylight,Rickshaw,2,Over Speeding,1,0,0,0,3,0,High
2023,1,Friday,19,Islamabad,Islamabad,Urban Road,Poor,Clear,Street Light,Car/Taxi,2,Driver Fatigue,1,0,0,1,4,0,Medium
2023,4,Sunday,6,Punjab,Sheikhupura,National Highway,Good,Foggy,Street Light,Motorcycle,1,Signal Violation,0,1,0,0,10,1,High
2018,5,Friday,16,Balochistan,Gwadar,Provincial Highway,Good,Clear,Daylight,Van/Pickup,2,Over Speeding,0,0,0,0,0,0,Low
2018,7,Thursday,13,Punjab,Faisalabad,National Highway,Poor,Foggy,Dawn/Dusk,Car/Taxi,1,Wrong Overtaking,1,0,0,0,10,1,High
2023,5,Monday,3,Punjab,Faisalabad,Rural Road,Average,Clear,No Light,Car/Taxi,4,Over Speeding,0,0,1,0,2,0,Low
2022,11,Thursday,17,Islamabad,Islamabad,National Highway,Average,Clear,Daylight,Car/Taxi,3,Over Speeding,1,0,0,1,2,1,Medium
2021,7,Sunday,18,Punjab,Bahawalpur,Urban Road,Good,Rainy,Daylight,Motorcycle,2,Wrong Overtaking,1,1,0,0,5,2,High
2018,1,Saturday,19,Sindh,Hyderabad,Motorway,Good,Foggy,Dawn/Dusk,Car/Taxi,2,Over Speeding,1,1,0,1,9,2,High
2019,1,Sunday,7,Sindh,Kashmore,Provincial Highway,Under Repair,Foggy,Daylight,Car/Taxi,2,Mechanical Failure,1,1,0,1,0,0,Low
2022,1,Wednesday,5,Punjab,Faisalabad,Urban Road,Good,Clear,Street Light,Car/Taxi,3,Pedestrian Error,0,0,1,1,1,0,Low
2022,6,Friday,8,KPK,Nowshera,Provincial Highway,Average,Clear,Daylight,Car/Taxi,2,Drunk Driving,1,0,0,0,2,0,Low
2023,4,Monday,20,Punjab,Lahore,National Highway,Poor,Clear,Street Light,Motorcycle,2,Mechanical Failure,1,0,0,0,1,1,Medium
2020,12,Saturday,9,Punjab,Lahore,Rural Road,Good,Extreme Heat,Dawn/Dusk,Truck/Lorry,2,Pedestrian Error,1,1,0,1,0,0,Low
2020,8,Sunday,17,Islamabad,Islamabad,National Highway,Under Repair,Foggy,Daylight,Car/Taxi,2,Signal Violation,1,1,0,0,3,0,Medium
2021,2,Sunday,20,Islamabad,Islamabad,National Highway,Good,Extreme Heat,Street Light,Motorcycle,1,Drunk Driving,1,1,0,1,9,1,High
2019,6,Sunday,13,Sindh,Nawabshah,National Highway,Under Repair,Rainy,Daylight,Rickshaw,2,Signal Violation,1,1,0,0,2,0,Medium
2021,12,Thursday,6,Punjab,Rahim Yar Khan,Rural Road,Poor,Extreme Heat,Daylight,Motorcycle,1,Wrong Overtaking,0,0,0,1,1,2,Medium
2021,6,Sunday,5,Sindh,Thatta,Provincial Highway,Good,Clear,Daylight,Van/Pickup,1,Wrong Overtaking,0,1,1,0,0,0,Low
2019,6,Thursday,19,Balochistan,Dera Bugti,National Highway,Good,Foggy,No Light,Motorcycle,2,Wrong Overtaking,1,0,0,0,7,0,High
2019,2,Monday,17,Punjab,Bahawalpur,Motorway,Good,Clear,Street Light,Car/Taxi,2,Road Condition,1,0,0,1,1,0,Medium
2023,11,Wednesday,14,Punjab,Sargodha,Provincial Highway,Poor,Foggy,Daylight,Truck/Lorry,3,Over Speeding,0,0,0,1,1,0,Medium
2018,5,Tuesday,7,Balochistan,Gwadar,National Highway,Good,Clear,Daylight,Van/Pickup,2,Signal Violation,1,0,0,0,1,0,Medium
2019,1,Thursday,23,Punjab,Sialkot,Provincial Highway,Average,Clear,Street Light,Car/Taxi,3,Over Speeding,0,0,1,1,4,1,Medium
2022,6,Friday,4,Punjab,Sheikhupura,Provincial Highway,Good,Foggy,Street Light,Rickshaw,4,Wrong Overtaking,0,0,1,0,5,1,Medium
2023,7,Thursday,21,Punjab,Multan,National Highway,Poor,Extreme Heat,No Light,Motorcycle,3,Over Speeding,0,0,0,0,11,2,High
2022,12,Sunday,13,Balochistan,Chaman,Urban Road,Good,Clear,Daylight,Car/Taxi,1,Mechanical Failure,1,1,0,1,0,0,Low
2019,5,Saturday,10,Sindh,Thatta,Rural Road,Average,Clear,Daylight,Car/Taxi,1,Road Condition,0,1,0,0,1,0,Low
2023,1,Monday,20,Punjab,Sialkot,Rural Road,Average,Rainy,No Light,Car/Taxi,1,Over Speeding,1,0,0,1,1,0,Medium
2022,4,Friday,19,Balochistan,Loralai,National Highway,Average,Clear,Dawn/Dusk,Rickshaw,4,Pedestrian Error,1,0,0,0,5,0,Medium
2020,11,Friday,7,Balochistan,Quetta,National Highway,Good,Clear,Street Light,Motorcycle,3,Mechanical Failure,1,0,0,1,10,2,High
2022,6,Sunday,23,Punjab,Faisalabad,Rural Road,Average,Clear,Street Light,Rickshaw,2,Mechanical Failure,0,1,1,0,2,0,Low
2018,2,Thursday,5,Sindh,Kashmore,Provincial Highway,Poor,Clear,No Light,Car/Taxi,2,Drunk Driving,0,0,1,1,8,1,High
2022,4,Saturday,14,Punjab,Rahim Yar Khan,Urban Road,Poor,Foggy,Dawn/Dusk,Motorcycle,1,Signal Violation,0,1,0,0,9,1,High
2021,11,Wednesday,4,Sindh,Mirpur Khas,National Highway,Poor,Foggy,Street Light,Motorcycle,4,Wrong Overtaking,0,0,1,1,4,0,High
2019,10,Thursday,9,Punjab,Multan,Provincial Highway,Poor,Clear,Dawn/Dusk,Car/Taxi,2,Signal Violation,1,0,0,0,1,0,Low
2022,7,Wednesday,15,Punjab,Gujranwala,National Highway,Good,Dusty/Smoggy,Daylight,Car/Taxi,4,Wrong Overtaking,0,0,0,0,2,0,Low
2022,6,Saturday,0,Sindh,Mirpur Khas,Provincial Highway,Average,Clear,Street Light,Rickshaw,2,Over Speeding,0,1,1,0,7,0,High
2019,12,Friday,6,Sindh,Kashmore,National Highway,Under Repair,Clear,Daylight,Car/Taxi,2,Over Speeding,0,0,0,1,3,0,Medium
2022,9,Sunday,18,Punjab,Rawalpindi,Provincial Highway,Average,Dusty/Smoggy,Daylight,Motorcycle,2,Pedestrian Error,1,1,0,0,0,0,Low
2019,8,Friday,4,Punjab,Sialkot,National Highway,Average,Clear,No Light,Motorcycle,2,Over Speeding,0,0,1,0,10,1,High
2018,5,Sunday,9,Islamabad,Islamabad,Urban Road,Good,Extreme Heat,Daylight,Motorcycle,1,Mechanical Failure,1,1,0,0,3,0,Medium
2022,11,Friday,18,Punjab,Lahore,National Highway,Average,Dusty/Smoggy,Daylight,Motorcycle,3,Over Speeding,1,0,0,1,10,1,High
2019,5,Tuesday,6,Sindh,Larkana,Provincial Highway,Poor,Clear,Daylight,Van/Pickup,2,Driver Fatigue,0,0,0,0,0,0,Low
2022,5,Friday,13,Punjab,Rahim Yar Khan,Urban Road,Good,Clear,Daylight,Van/Pickup,2,Mechanical Failure,1,0,0,0,1,0,Low
2021,6,Thursday,13,KPK,Dera Ismail Khan,National Highway,Poor,Clear,Street Light,Car/Taxi,1,Pedestrian Error,1,0,0,0,1,0,Medium
2018,9,Friday,19,Punjab,Multan,Provincial Highway,Under Repair,Rainy,Dawn/Dusk,Motorcycle,1,Over Speeding,1,0,0,0,7,3,High
2023,5,Thursday,12,Punjab,Sheikhupura,Urban Road,Poor,Clear,Daylight,Bus/Coach,2,Driver Fatigue,1,0,0,0,2,1,Medium
2021,2,Saturday,17,Sindh,Karachi,National Highway,Poor,Clear,Dawn/Dusk,Car/Taxi,1,Road Condition,1,1,0,1,0,0,Low
2023,1,Monday,16,Punjab,Sheikhupura,National Highway,Average,Clear,No Light,Car/Taxi,3,Mechanical Failure,0,0,0,1,0,0,Low
2020,9,Sunday,13,Sindh,Thatta,Rural Road,Under Repair,Rainy,No Light,Motorcycle,4,Over Speeding,1,1,0,0,6,1,High
2020,12,Saturday,20,Punjab,Rahim Yar Khan,Rural Road,Poor,Extreme Heat,Street Light,Car/Taxi,1,Driver Fatigue,1,1,0,1,2,0,Low
2022,7,Thursday,14,Punjab,Faisalabad,National Highway,Poor,Foggy,Daylight,Motorcycle,2,Mobile Phone Use,0,0,0,0,3,0,Medium
2018,11,Monday,0,KPK,Mardan,Urban Road,Average,Rainy,No Light,Motorcycle,4,Wrong Overtaking,0,0,1,1,8,0,High
2021,1,Sunday,14,Punjab,Multan,National Highway,Poor,Foggy,Daylight,Motorcycle,2,Over Speeding,0,1,0,1,8,3,High
2022,12,Saturday,7,Punjab,Sialkot,Provincial Highway,Average,Foggy,Daylight,Motorcycle,2,Drunk Driving,1,1,0,1,10,2,High
2019,3,Tuesday,13,Punjab,Rawalpindi,National Highway,Good,Extreme Heat,Street Light,Motorcycle,3,Over Speeding,1,0,0,0,7,2,High
2023,5,Saturday,12,Punjab,Sheikhupura,Provincial Highway,Poor,Rainy,Daylight,Rickshaw,4,Driver Fatigue,1,1,0,0,10,2,High
2019,4,Monday,11,Punjab,Sargodha,National Highway,Under Repair,Clear,Daylight,Truck/Lorry,2,Wrong Overtaking,0,0,0,0,4,1,Medium
2023,10,Saturday,17,Punjab,Lahore,Rural Road,Poor,Clear,Daylight,Motorcycle,1,Pedestrian Error,1,1,0,0,1,0,Low
2021,1,Saturday,8,Punjab,Rahim Yar Khan,Urban Road,Good,Clear,Daylight,Motorcycle,1,Drunk Driving,1,1,0,1,1,0,Medium
2023,3,Sunday,0,Balochistan,Gwadar,Provincial Highway,Good,Extreme Heat,No Light,Van/Pickup,2,Mechanical Failure,0,1,1,0,1,0,Low
2022,6,Wednesday,22,Punjab,Rawalpindi,Provincial Highway,Good,Foggy,No Light,Car/Taxi,2,Wrong Overtaking,0,0,1,0,3,2,Medium
2021,5,Saturday,6,Balochistan,Gwadar,Rural Road,Poor,Rainy,Daylight,Car/Taxi,2,Drunk Driving,0,1,0,0,2,0,Low
2018,6,Tuesday,16,KPK,Mansehra,Rural Road,Good,Clear,Daylight,Motorcycle,2,Driver Fatigue,0,0,0,0,10,1,High
2018,12,Sunday,17,Punjab,Rawalpindi,Urban Road,Poor,Dusty/Smoggy,Dawn/Dusk,Bus/Coach,2,Driver Fatigue,1,1,0,1,3,1,Medium
2020,3,Saturday,21,Punjab,Sheikhupura,Provincial Highway,Poor,Clear,No Light,Motorcycle,3,Over Speeding,0,1,0,0,2,0,Medium
2021,1,Tuesday,19,Punjab,Rahim Yar Khan,Urban Road,Poor,Clear,Street Light,Car/Taxi,2,Over Speeding,1,0,0,1,3,0,Medium
2022,11,Saturday,10,Sindh,Dadu,Provincial Highway,Poor,Clear,Daylight,Motorcycle,1,Over Speeding,0,1,0,1,1,0,Medium
2019,12,Friday,9,KPK,Swat,National Highway,Poor,Clear,Daylight,Motorcycle,2,Over Speeding,1,0,0,1,9,1,High
2022,3,Sunday,19,Sindh,Dadu,Provincial Highway,Average,Clear,Dawn/Dusk,Van/Pickup,1,Over Speeding,1,1,0,0,2,0,Low