year,month,day_of_week,hour_of_day,province,district,road_type,road_condition,weather_condition,lighting_condition,vehicle_type,vehicles_involved,accident_cause,is_rush_hour,is_weekend,is_night,is_foggy_month,num_injured,num_killed,severity
2020,5,Monday,8,Sindh,Hyderabad,Rural Road,Good,Clear,Daylight,Motorcycle,3,Over Speeding,1,0,0,0,4,2,High
2023,1,Sunday,12,Punjab,Sheikhupura,National Highway,Good,Foggy,Daylight,Bus/Coach,1,Road Condition,1,1,0,1,4,1,High
2022,4,Wednesday,10,Balochistan,Gwadar,Provincial Highway,Good,Foggy,No Light,Motorcycle,2,Over Speeding,0,0,0,0,6,3,High
2022,1,Saturday,14,Punjab,Rahim Yar Khan,Provincial Highway,Average,Clear,Dawn/Dusk,Bus/Coach,2,Drunk Driving,0,1,0,1,6,1,High
2022,2,Tuesday,16,AJK,Mirpur,Provincial Highway,Good,Clear,Daylight,Motorcycle,2,Pedestrian Error,0,0,0,1,1,0,Medium
2023,7,Monday,18,Punjab,Rahim Yar Khan,National Highway,Average,Clear,Daylight,Car/Taxi,2,Mechanical Failure,1,0,0,0,1,0,Low
2018,3,Thursday,9,Punjab,Rawalpindi,Rural Road,Under Repair,Clear,Daylight,Bus/Coach,4,Pedestrian Error,1,0,0,0,1,0,Low
2023,2,Saturday,19,Balochistan,Turbat,Rural Road,Poor,Clear,No Light,Motorcycle,3,Wrong Overtaking,1,1,0,1,3,1,Medium
2020,7,Friday,19,Sindh,Thatta,Urban Road,Good,Clear,No Light,Car/Taxi,4,Wrong Overtaking,1,0,0,0,1,0,Low
2020,9,Sunday,11,KPK,Kohat,Provincial Highway,Good,Dusty/Smoggy,Daylight,Truck/Lorry,2,Over Speeding,0,1,0,0,3,1,Medium
2023,5,Friday,11,Punjab,Rahim Yar Khan,Rural Road,Good,Clear,Daylight,Car/Taxi,1,Mechanical Failure,0,0,0,0,2,0,Low
2023,5,Saturday,9,Balochistan,Zhob,Rural Road,Average,Clear,Daylight,Motorcycle,2,Road Condition,1,1,0,0,2,0,Low
2022,7,Thursday,10,Balochistan,Khuzdar,National Highway,Good,Foggy,Daylight,Car/Taxi,2,Pedestrian Error,0,0,0,0,4,0,Medium
2022,10,Sunday,22,Sindh,Larkana,Rural Road,Poor,Clear,No Light,Motorcycle,2,Wrong Overtaking,0,1,1,0,2,1,Medium
2022,12,Monday,22,Punjab,Faisalabad,Urban Road,Under Repair,Clear,No Light,Motorcycle,3,Over Speeding,0,0,1,1,4,1,High
2021,8,Wednesday,7,Sindh,Sukkur,National Highway,Poor,Extreme Heat,Daylight,Motorcycle,2,Over Speeding,1,0,0,0,3,1,High
2021,2,Sunday,17,Islamabad,Islamabad,Rural Road,Poor,Clear,Street Light,Motorcycle,2,Mobile Phone Use,1,1,0,1,1,0,Low
2019,12,Saturday,11,Sindh,Kashmore,National Highway,Good,Rainy,Daylight,Bus/Coach,4,Wrong Overtaking,0,1,0,1,1,0,Medium
2018,7,Friday,17,Islamabad,Islamabad,Provincial Highway,Average,Rainy,Street Light,Car/Taxi,1,Road Condition,1,0,0,0,2,0,Low
2020,6,Thursday,9,Punjab,Gujranwala,Rural Road,Under Repair,Foggy,Daylight,Rickshaw,1,Mechanical Failure,1,0,0,0,1,1,Low
2022,5,Wednesday,1,Balochistan,Gwadar,Rural Road,Good,Foggy,No Light,Van/Pickup,3,Pedestrian Error,0,0,1,0,2,0,Low
2023,12,Thursday,21,Punjab,Rahim Yar Khan,National Highway,Average,Rainy,No Light,Motorcycle,1,Over Speeding,0,0,0,1,6,3,High
2021,5,Thursday,8,Punjab,Rahim Yar Khan,Urban Road,Under Repair,Clear,Daylight,Rickshaw,2,Over Speeding,1,0,0,0,2,0,Low
2020,3,Saturday,21,Sindh,Hyderabad,Provincial Highway,Good,Rainy,Street Light,Bicycle,1,Wrong Overtaking,0,1,0,0,4,1,High
2019,12,Monday,13,Sindh,Hyderabad,Provincial Highway,Under Repair,Clear,Daylight,Car/Taxi,2,Signal Violation,1,0,0,1,2,0,Low
2020,2,Wednesday,10,Punjab,Sialkot,Urban Road,Good,Foggy,Daylight,Bus/Coach,4,Wrong Overtaking,0,0,0,1,5,0,Medium
2023,1,Friday,12,Islamabad,Islamabad,Rural Road,Good,Clear,Daylight,Car/Taxi,2,Wrong Overtaking,1,0,0,1,0,0,Low
2021,5,Friday,17,Balochistan,Sibi,Urban Road,Poor,Clear,Dawn/Dusk,Car/Taxi,2,Signal Violation,1,0,0,0,2,0,Low
2019,12,Monday,23,KPK,Nowshera,Urban Road,Average,Foggy,No Light,Motorcycle,3,Road Condition,0,0,1,1,2,0,Medium
2019,7,Thursday,14,Punjab,Bahawalpur,National Highway,Good,Clear,No Light,Motorcycle,3,Over Speeding,0,0,0,0,11,2,High
2019,10,Friday,20,Punjab,Multan,Provincial Highway,Good,Rainy,Street Light,Motorcycle,1,Wrong Overtaking,1,0,0,0,9,0,High
2019,10,Saturday,11,Sindh,Hyderabad,Rural Road,Average,Rainy,Daylight,Van/Pickup,3,Over Speeding,0,1,0,0,4,1,Medium
2020,4,Tuesday,18,KPK,Nowshera,Rural Road,Good,Clear,Daylight,Car/Taxi,2,Signal Violation,1,0,0,0,0,0,Low
2021,11,Sunday,1,Punjab,Lahore,Urban Road,Average,Dusty/Smoggy,Street Light,Car/Taxi,2,Signal Violation,0,1,1,1,3,0,Medium
2021,8,Tuesday,13,Sindh,Karachi,National Highway,Good,Clear,Daylight,Rickshaw,2,Over Speeding,1,0,0,0,1,1,Medium
2018,11,Thursday,15,Sindh,Mirpur Khas,Urban Road,Good,Foggy,Daylight,Bicycle,4,Wrong Overtaking,0,0,0,1,5,2,High
2019,11,Friday,0,KPK,Abbottabad,National Highway,Poor,Clear,No Light,Motorcycle,2,Driver Fatigue,0,0,1,1,3,1,High
2023,2,Wednesday,20,Sindh,Nawabshah,Rural Road,Good,Dusty/Smoggy,No Light,Van/Pickup,2,Mobile Phone Use,1,0,0,1,0,0,Low
2022,6,Tuesday,20,KPK,Swat,National Highway,Average,Foggy,Street Light,Motorcycle,2,Signal Violation,1,0,0,0,9,3,High
2023,1,Sunday,17,Punjab,Sargodha,Provincial Highway,Under Repair,Clear,Street Light,Motorcycle,2,Road Condition,1,1,0,1,3,2,Medium
2021,6,Tuesday,12,Punjab,Lahore,Urban Road,Average,Clear,Daylight,Motorcycle,2,Wrong Overtaking,1,0,0,0,2,2,Medium
2021,3,Sunday,8,Balochistan,Zhob,Rural Road,Average,Clear,Daylight,Motorcycle,1,Wrong Overtaking,1,1,0,0,1,0,Medium
2021,6,Saturday,22,Punjab,Faisalabad,Provincial Highway,Good,Extreme Heat,Street Light,Motorcycle,2,Wrong Overtaking,0,1,1,0,11,1,High
2022,1,Tuesday,10,AJK,Rawalakot,Provincial Highway,Average,Foggy,Daylight,Motorcycle,1,Over Speeding,0,0,0,1,9,1,High
2020,10,Monday,17,Punjab,Rawalpindi,Provincial Highway,Under Repair,Extreme Heat,Daylight,Motorcycle,1,Over Speeding,1,0,0,0,5,3,High
2022,4,Saturday,6,Sindh,Kashmore,Provincial Highway,Poor,Foggy,Daylight,Bicycle,1,Drunk Driving,0,1,0,0,8,0,High
2022,11,Saturday,6,Punjab,Gujranwala,Motorway,Poor,Rainy,Daylight,Motorcycle,3,Mechanical Failure,0,1,0,1,8,2,High
2023,10,Monday,19,Gilgit-Baltistan,Skardu,Urban Road,Under Repair,Clear,Street Light,Bus/Coach,3,Over Speeding,1,0,0,0,4,0,Medium
2019,11,Saturday,10,Gilgit-Baltistan,Gilgit,National Highway,Poor,Clear,Dawn/Dusk,Car/Taxi,4,Over Speeding,0,1,0,1,4,2,Medium
2023,11,Sunday,19,Punjab,Gujranwala,National Highway,Poor,Clear,Dawn/Dusk,Motorcycle,3,Wrong Overtaking,1,1,0,1,2,1,Medium
2023,4,Wednesday,12,Punjab,Rawalpindi,Motorway,Average,Rainy,Daylight,Van/Pickup,1,Mobile Phone Use,1,0,0,0,3,0,Medium
2022,9,Saturday,13,KPK,Bannu,Provincial Highway,Good,Clear,Daylight,Car/Taxi,1,Mechanical Failure,1,1,0,0,2,0,Low
2018,7,Saturday,20,Balochistan,Chaman,Urban Road,Poor,Clear,Street Light,Van/Pickup,1,Signal Violation,1,1,0,0,1,0,Low
2023,12,Saturday,21,KPK,Dera Ismail Khan,National Highway,Average,Clear,Street Light,Truck/Lorry,3,Wrong Overtaking,0,1,0,1,1,0,Medium
2023,1,Tuesday,8,Balochistan,Khuzdar,Urban Road,Good,Foggy,Daylight,Car/Taxi,1,Signal Violation,1,0,0,1,2,0,Low
2018,1,Wednesday,18,Punjab,Multan,National Highway,Poor,Foggy,Daylight,Van/Pickup,1,Over Speeding,1,0,0,1,2,0,Medium
2021,10,Thursday,9,Sindh,Kashmore,Urban Road,Good,Clear,Daylight,Car/Taxi,2,Drunk Driving,1,0,0,0,1,0,Medium
2020,1,Wednesday,19,KPK,Swat,Provincial Highway,Poor,Rainy,Dawn/Dusk,Motorcycle,2,Wrong Overtaking,1,0,0,1,7,2,High
2023,10,Tuesday,14,Punjab,Sheikhupura,Urban Road,Average,Clear,Daylight,Motorcycle,1,Wrong Overtaking,0,0,0,0,3,0,Medium
2022,1,Saturday,10,KPK,Swat,Provincial Highway,Good,Clear,Daylight,Car/Taxi,2,Weather Condition,0,1,0,1,1,0,Low
2021,7,Friday,8,Islamabad,Islamabad,National Highway,Good,Clear,Daylight,Motorcycle,3,Wrong Overtaking,1,0,0,0,3,0,Medium
2023,9,Tuesday,7,Balochistan,Sibi,National Highway,Good,Clear,Daylight,Motorcycle,1,Signal Violation,1,0,0,0,4,0,Medium
2019,10,Saturday,14,Punjab,Multan,Provincial Highway,Good,Foggy,Street Light,Car/Taxi,4,Signal Violation,0,1,0,0,2,0,Medium
2022,11,Monday,12,Punjab,Sialkot,National Highway,Poor,Rainy,Dawn/Dusk,Motorcycle,1,Wrong Overtaking,1,0,0,1,3,2,High
2023,10,Saturday,19,Sindh,Mirpur Khas,Urban Road,Good,Rainy,Dawn/Dusk,Car/Taxi,1,Over Speeding,1,1,0,0,3,0,Medium
2020,9,Sunday,5,Punjab,Sialkot,Motorway,Good,Dusty/Smoggy,Daylight,Rickshaw,1,Signal Violation,0,1,1,0,3,1,Medium
2023,8,Sunday,8,Islamabad,Islamabad,Rural Road,Average,Clear,Daylight,Car/Taxi,1,Over Speeding,1,1,0,0,2,0,Low
2020,5,Monday,3,Punjab,Bahawalpur,Urban Road,Good,Dusty/Smoggy,No Light,Rickshaw,1,Signal Violation,0,0,1,0,1,0,Medium
2018,7,Tuesday,14,KPK,Bannu,Urban Road,Good,Foggy,Daylight,Motorcycle,4,Mechanical Failure,0,0,0,0,5,1,Medium
2020,2,Tuesday,15,Punjab,Faisalabad,Urban Road,Average,Clear,Daylight,Car/Taxi,2,Over Speeding,0,0,0,1,2,1,Medium
2022,3,Monday,10,Sindh,Karachi,Rural Road,Average,Extreme Heat,Dawn/Dusk,Motorcycle,1,Over Speeding,0,0,0,0,5,0,High
2023,11,Monday,9,Punjab,Faisalabad,National Highway,Good,Clear,No Light,Motorcycle,2,Signal Violation,1,0,0,1,3,1,Medium
2019,6,Tuesday,12,Punjab,Multan,Urban Road,Good,Clear,Daylight,Car/Taxi,3,Over Speeding,1,0,0,0,1,0,Low
2023,11,Friday,23,Sindh,Nawabshah,Provincial Highway,Average,Rainy,No Light,Motorcycle,2,Road Condition,0,0,1,1,3,3,High
2022,9,Thursday,2,KPK,Kohat,Rural Road,Average,Foggy,No Light,Motorcycle,2,Road Condition,0,0,1,0,9,4,High
2023,8,Saturday,13,KPK,Swat,National Highway,Good,Rainy,Daylight,Rickshaw,2,Pedestrian Error,1,1,0,0,5,0,Medium
2022,6,Wednesday,10,Punjab,Bahawalpur,National Highway,Average,Clear,Daylight,Rickshaw,4,Drunk Driving,0,0,0,0,4,0,High
2023,11,Sunday,11,Punjab,Rawalpindi,Urban Road,Good,Foggy,Street Light,Motorcycle,2,Pedestrian Error,0,1,0,1,5,0,Medium
2022,8,Thursday,20,KPK,Peshawar,Provincial Highway,Good,Rainy,No Light,Van/Pickup,2,Wrong Overtaking,1,0,0,0,5,1,Medium
2019,2,Tuesday,13,KPK,Bannu,Provincial Highway,Average,Rainy,Daylight,Car/Taxi,1,Driver Fatigue,1,0,0,1,9,1,High
2020,4,Monday,5,Punjab,Sargodha,Provincial Highway,Average,Foggy,Dawn/Dusk,Motorcycle,1,Wrong Overtaking,0,0,1,0,7,1,High
2018,7,Wednesday,18,Punjab,Multan,National Highway,Poor,Clear,Daylight,Car/Taxi,2,Drunk Driving,1,0,0,0,1,0,Medium
2022,6,Tuesday,9,Punjab,Rahim Yar Khan,National Highway,Good,Foggy,Daylight,Bicycle,4,Wrong Overtaking,1,0,0,0,6,0,High
2021,1,Thursday,14,Punjab,Rahim Yar Khan,National Highway,Good,Rainy,Daylight,Car/Taxi,1,Pedestrian Error,0,0,0,1,1,2,Medium
2021,9,Saturday,15,Punjab,Lahore,Urban Road,Good,Rainy,Daylight,Car/Taxi,1,Drunk Driving,0,1,0,0,2,1,Medium
2020,2,Friday,21,Sindh,Dadu,Urban Road,Poor,Clear,No Light,Motorcycle,2,Pedestrian Error,0,0,0,1,0,1,Low
2023,11,Saturday,17,Balochistan,Khuzdar,Rural Road,Good,Rainy,Daylight,Rickshaw,4,Mechanical Failure,1,1,0,1,1,0,Low
2022,11,Saturday,20,Punjab,Multan,Urban Road,Good,Clear,Street Light,Motorcycle,3,Over Speeding,1,1,0,1,1,0,Medium
2019,8,Saturday,19,KPK,Swat,Urban Road,Average,Dusty/Smoggy,Street Light,Motorcycle,1,Signal Violation,1,1,0,0,0,0,Low
2021,5,Sunday,17,Sindh,Karachi,Provincial Highway,Good,Extreme Heat,Daylight,Bicycle,1,Signal Violation,1,1,0,0,7,0,High
2022,12,Wednesday,12,Islamabad,Islamabad,Rural Road,Poor,Clear,Daylight,Bus/Coach,2,Over Speeding,1,0,0,1,5,0,Medium
2023,7,Saturday,9,KPK,Swat,Rural Road,Poor,Foggy,Daylight,Car/Taxi,1,Road Condition,1,1,0,0,1,0,Low
2022,9,Friday,13,Balochistan,Dera Bugti,National Highway,Poor,Clear,Daylight,Motorcycle,2,Pedestrian Error,1,0,0,0,1,0,Medium
2022,11,Monday,22,Sindh,Hyderabad,National Highway,Poor,Clear,No Light,Motorcycle,2,Mobile Phone Use,0,0,1,1,2,0,Medium
2019,5,Tuesday,11,KPK,Swat,Rural Road,Poor,Foggy,Daylight,Motorcycle,2,Pedestrian Error,0,0,0,0,1,0,Low
2023,2,Wednesday,8,Punjab,Sargodha,National Highway,Good,Extreme Heat,Daylight,Car/Taxi,2,Signal Violation,1,0,0,1,5,0,Medium
2019,9,Saturday,21,Punjab,Bahawalpur,Provincial Highway,Good,Clear,No Light,Car/Taxi,2,Signal Violation,0,1,0,0,2,0,Low
2022,2,Friday,21,Balochistan,Loralai,Rural Road,Average,Rainy,Street Light,Motorcycle,2,Signal Violation,0,0,0,1,4,1,High
2018,8,Thursday,1,KPK,Peshawar,Rural Road,Good,Clear,No Light,Car/Taxi,3,Over Speeding,0,0,1,0,1,0,Medium
2023,5,Wednesday,16,Punjab,Multan,Rural Road,Poor,Clear,Daylight,Bus/Coach,1,Signal Violation,0,0,0,0,1,0,Low
2022,4,Sunday,16,Balochistan,Loralai,National Highway,Good,Clear,Daylight,Motorcycle,1,Over Speeding,0,1,0,0,2,0,High
2021,7,Saturday,12,Punjab,Sialkot,Urban Road,Good,Clear,Daylight,Rickshaw,3,Drunk Driving,1,1,0,0,1,0,Low
2020,5,Thursday,2,Punjab,Sialkot,Provincial Highway,Poor,Dusty/Smoggy,No Light,Van/Pickup,1,Mechanical Failure,0,0,1,0,3,1,Medium
2020,6,Friday,11,Sindh,Nawabshah,National Highway,Poor,Rainy,Daylight,Bus/Coach,3,Pedestrian Error,0,0,0,0,2,1,High
2020,5,Saturday,12,Sindh,Nawabshah,Provincial Highway,Poor,Foggy,Daylight,Rickshaw,2,Wrong Overtaking,1,1,0,0,1,2,Medium
2023,11,Wednesday,20,Sindh,Nawabshah,Motorway,Good,Clear,No Light,Motorcycle,1,Wrong Overtaking,1,0,0,1,11,4,High
2023,3,Thursday,10,Punjab,Sialkot,Urban Road,Good,Clear,Daylight,Rickshaw,2,Over Speeding,0,0,0,0,4,2,Medium
2020,1,Saturday,19,Islamabad,Islamabad,Rural Road,Good,Foggy,Dawn/Dusk,Motorcycle,3,Drunk Driving,1,1,0,1,3,0,Medium
2020,5,Sunday,21,Islamabad,Islamabad,National Highway,Good,Foggy,Street Light,Car/Taxi,2,Wrong Overtaking,0,1,0,0,6,0,High
2020,6,Friday,11,Punjab,Bahawalpur,Provincial Highway,Under Repair,Rainy,No Light,Truck/Lorry,1,Over Speeding,0,0,0,0,5,0,Medium
2023,4,Sunday,11,Punjab,Faisalabad,Provincial Highway,Good,Clear,Daylight,Motorcycle,1,Mechanical Failure,0,1,0,0,4,0,Medium
2023,12,Saturday,16,Punjab,Lahore,National Highway,Good,Dusty/Smoggy,Daylight,Motorcycle,4,Driver Fatigue,0,1,0,1,8,1,High
2018,12,Wednesday,17,Balochistan,Zhob,National Highway,Average,Clear,Daylight,Bicycle,1,Road Condition,1,0,0,1,2,0,High
2021,12,Saturday,9,Balochistan,Loralai,Rural Road,Good,Rainy,Daylight,Car/Taxi,3,Wrong Overtaking,1,1,0,1,1,0,Low
2022,12,Sunday,8,Sindh,Kashmore,Provincial Highway,Good,Foggy,No Light,Motorcycle,2,Road Condition,1,1,0,1,1,0,Medium
2021,3,Friday,22,KPK,Bannu,Rural Road,Good,Extreme Heat,No Light,Car/Taxi,2,Over Speeding,0,0,1,0,2,0,Medium
2022,9,Tuesday,19,KPK,Abbottabad,National Highway,Average,Foggy,Street Light,Motorcycle,2,Road Condition,1,0,0,0,4,0,Medium
2019,7,Friday,11,Sindh,Karachi,Provincial Highway,Under Repair,Rainy,Daylight,Motorcycle,1,Mechanical Failure,0,0,0,0,5,0,Medium
2023,6,Sunday,8,Punjab,Sialkot,Urban Road,Average,Clear,Daylight,Car/Taxi,1,Over Speeding,1,1,0,0,1,1,Low
2020,11,Monday,6,Punjab,Rahim Yar Khan,National Highway,Poor,Rainy,No Light,Rickshaw,3,Mobile Phone Use,0,0,0,1,2,0,Low
2021,1,Tuesday,9,Punjab,Gujranwala,Urban Road,Good,Clear,Dawn/Dusk,Car/Taxi,4,Driver Fatigue,1,0,0,1,2,0,Low
2019,6,Sunday,9,Sindh,Larkana,Motorway,Good,Rainy,Daylight,Motorcycle,3,Mechanical Failure,1,1,0,0,2,1,High
2021,8,Sunday,10,Punjab,Rahim Yar Khan,National Highway,Good,Rainy,Daylight,Motorcycle,2,Over Speeding,0,1,0,0,11,0,High
2023,8,Friday,18,Punjab,Rahim Yar Khan,Motorway,Average,Clear,Daylight,Van/Pickup,2,Pedestrian Error,1,0,0,0,1,0,Low
2018,7,Sunday,4,Punjab,Sargodha,Provincial Highway,Poor,Clear,No Light,Rickshaw,2,Wrong Overtaking,0,1,1,0,1,0,Low
2021,8,Friday,13,Sindh,Mirpur Khas,Provincial Highway,Good,Clear,Dawn/Dusk,Truck/Lorry,3,Over Speeding,1,0,0,0,2,0,Medium
2019,11,Wednesday,22,Gilgit-Baltistan,Hunza,National Highway,Poor,Dusty/Smoggy,No Light,Motorcycle,1,Wrong Overtaking,0,0,1,1,2,0,High
2022,7,Wednesday,19,Balochistan,Gwadar,Provincial Highway,Good,Clear,Dawn/Dusk,Motorcycle,2,Over Speeding,1,0,0,0,7,2,High
2018,11,Wednesday,8,KPK,Dera Ismail Khan,National Highway,Good,Clear,Daylight,Motorcycle,2,Mechanical Failure,1,0,0,1,2,0,Medium
2023,2,Thursday,5,KPK,Dera Ismail Khan,National Highway,Average,Dusty/Smoggy,Daylight,Motorcycle,3,Drunk Driving,0,0,1,1,9,1,High
2020,1,Thursday,9,Punjab,Rahim Yar Khan,Rural Road,Average,Clear,Dawn/Dusk,Truck/Lorry,1,Road Condition,1,0,0,1,2,1,Low
2018,8,Friday,23,Punjab,Sheikhupura,Provincial Highway,Good,Clear,No Light,Van/Pickup,4,Wrong Overtaking,0,0,1,0,3,0,Medium
2023,7,Monday,15,Punjab,Bahawalpur,Rural Road,Poor,Clear,Daylight,Motorcycle,2,Wrong Overtaking,0,0,0,0,2,1,Medium
2019,12,Wednesday,12,Punjab,Multan,Provincial Highway,Good,Clear,Dawn/Dusk,Bus/Coach,1,Over Speeding,1,0,0,1,4,1,Medium
2023,11,Wednesday,14,Sindh,Larkana,National Highway,Poor,Clear,Daylight,Car/Taxi,2,Over Speeding,0,0,0,1,10,2,High
2020,12,Friday,13,Punjab,Rahim Yar Khan,Rural Road,Good,Dusty/Smoggy,No Light,Motorcycle,2,Wrong Overtaking,1,0,0,1,4,0,Medium
2022,3,Friday,20,KPK,Bannu,Urban Road,Poor,Foggy,No Light,Truck/Lorry,1,Drunk Driving,1,0,0,0,5,1,Medium
2023,6,Saturday,14,Punjab,Bahawalpur,Provincial Highway,Poor,Rainy,Daylight,Car/Taxi,2,Road Condition,0,1,0,0,1,0,Low
2023,8,Sunday,8,Punjab,Sargodha,Urban Road,Poor,Clear,Daylight,Motorcycle,2,Mobile Phone Use,1,1,0,0,2,0,Low
2021,8,Thursday,9,Islamabad,Islamabad,Motorway,Under Repair,Clear,Daylight,Car/Taxi,3,Wrong Overtaking,1,0,0,0,1,0,Low
2018,11,Friday,16,Punjab,Lahore,Rural Road,Under Repair,Dusty/Smoggy,Daylight,Motorcycle,2,Road Condition,0,0,0,1,4,1,Medium
2020,9,Saturday,13,Sindh,Larkana,National Highway,Average,Clear,Daylight,Motorcycle,2,Over Speeding,1,1,0,0,9,1,High
2022,12,Wednesday,17,Punjab,Lahore,Provincial Highway,Average,Foggy,Daylight,Car/Taxi,2,Mechanical Failure,1,0,0,1,0,0,Low
2021,7,Monday,2,Punjab,Gujranwala,Rural Road,Good,Clear,No Light,Motorcycle,2,Wrong Overtaking,0,0,1,0,4,0,Medium
2021,3,Wednesday,20,Sindh,Larkana,Provincial Highway,Poor,Clear,No Light,Motorcycle,4,Road Condition,1,0,0,0,1,0,Medium
2021,3,Thursday,19,Sindh,Jacobabad,National Highway,Good,Clear,Street Light,Motorcycle,1,Wrong Overtaking,1,0,0,0,5,1,Medium
2018,11,Friday,19,Punjab,Bahawalpur,Rural Road,Good,Foggy,Dawn/Dusk,Motorcycle,3,Mechanical Failure,1,0,0,1,4,0,Medium
2023,10,Monday,21,Balochistan,Quetta,Provincial Highway,Average,Clear,Street Light,Car/Taxi,2,Wrong Overtaking,0,0,0,0,1,0,Low
2021,10,Tuesday,20,KPK,Kohat,Rural Road,Average,Clear,Street Light,Bus/Coach,2,Wrong Overtaking,1,0,0,0,4,0,Medium
2022,4,Tuesday,16,Punjab,Rahim Yar Khan,Urban Road,Average,Rainy,Daylight,Rickshaw,1,Mechanical Failure,0,0,0,0,1,0,Low
2019,6,Friday,11,Punjab,Sargodha,National Highway,Good,Foggy,Daylight,Car/Taxi,1,Driver Fatigue,0,0,0,0,5,0,Medium
2023,4,Friday,16,KPK,Abbottabad,National Highway,Good,Clear,Dawn/Dusk,Truck/Lorry,2,Pedestrian Error,0,0,0,0,1,0,Medium
2023,4,Saturday,7,KPK,Bannu,Rural Road,Under Repair,Clear,Daylight,Motorcycle,1,Pedestrian Error,1,1,0,0,2,0,Low
2022,11,Sunday,12,Punjab,Bahawalpur,Urban Road,Good,Clear,Daylight,Rickshaw,2,Over Speeding,1,1,0,1,0,0,Low
2021,10,Friday,17,Punjab,Gujranwala,Provincial Highway,Poor,Clear,Street Light,Car/Taxi,3,Wrong Overtaking,1,0,0,0,1,0,Low
2019,12,Monday,9,Punjab,Rawalpindi,Urban Road,Poor,Clear,Daylight,Rickshaw,2,Over Speeding,1,0,0,1,3,0,Medium
2022,8,Sunday,14,Punjab,Rawalpindi,Rural Road,Good,Clear,Daylight,Bus/Coach,3,Wrong Overtaking,0,1,0,0,0,0,Low
2023,5,Friday,10,Punjab,Rawalpindi,Rural Road,Good,Clear,Daylight,Rickshaw,1,Signal Violation,0,0,0,0,0,0,Low
2022,11,Wednesday,8,AJK,Mirpur,Provincial Highway,Good,Rainy,Daylight,Motorcycle,2,Over Speeding,1,0,0,1,7,1,High
2022,2,Friday,12,KPK,Peshawar,National Highway,Good,Dusty/Smoggy,Daylight,Motorcycle,2,Driver Fatigue,1,0,0,1,2,0,High
2023,2,Thursday,14,KPK,Peshawar,Provincial Highway,Poor,Foggy,Daylight,Bus/Coach,2,Signal Violation,0,0,0,1,1,0,Medium
2020,7,Friday,20,Punjab,Sheikhupura,Provincial Highway,Average,Clear,Street Light,Truck/Lorry,1,Wrong Overtaking,1,0,0,0,2,0,Low
2022,4,Thursday,19,Punjab,Sargodha,Provincial Highway,Under Repair,Clear,Dawn/Dusk,Rickshaw,1,Drunk Driving,1,0,0,0,5,0,Medium
2021,12,Sunday,7,Punjab,Sargodha,Motorway,Good,Clear,Dawn/Dusk,Car/Taxi,1,Driver Fatigue,1,1,0,1,9,2,High
2023,11,Sunday,1,Sindh,Kashmore,National Highway,Average,Foggy,No Light,Motorcycle,2,Over Speeding,0,1,1,1,11,2,High
2022,10,Wednesday,19,Punjab,Faisalabad,Provincial Highway,Good,Clear,Daylight,Motorcycle,3,Over Speeding,1,0,0,0,5,1,High
2020,7,Monday,19,Punjab,Multan,Provincial Highway,Under Repair,Clear,Daylight,Van/Pickup,2,Over Speeding,1,0,0,0,1,1,Medium
2019,5,Wednesday,13,Punjab,Bahawalpur,Rural Road,Under Repair,Foggy,Daylight,Motorcycle,2,Over Speeding,1,0,0,0,5,1,High
2018,12,Wednesday,9,Balochistan,Zhob,Urban Road,Good,Foggy,Dawn/Dusk,Motorcycle,3,Driver Fatigue,1,0,0,1,7,3,High
2019,4,Thursday,18,Sindh,Larkana,Rural Road,Good,Clear,Dawn/Dusk,Motorcycle,2,Mobile Phone Use,1,0,0,0,3,0,Medium
2021,6,Saturday,10,Punjab,Rahim Yar Khan,National Highway,Average,Clear,Daylight,Bicycle,3,Over Speeding,0,1,0,0,7,0,High
2019,10,Monday,6,KPK,Abbottabad,Urban Road,Average,Rainy,Daylight,Car/Taxi,2,Wrong Overtaking,0,0,0,0,0,0,Low
2020,11,Tuesday,6,KPK,Mardan,Rural Road,Under Repair,Clear,Daylight,Car/Taxi,1,Weather Condition,0,0,0,1,1,0,Low
2020,10,Wednesday,10,Punjab,Multan,Rural Road,Good,Foggy,Daylight,Motorcycle,2,Wrong Overtaking,0,0,0,0,3,1,High
2023,7,Tuesday,8,Punjab,Multan,Provincial Highway,Average,Foggy,Daylight,Motorcycle,3,Over Speeding,1,0,0,0,7,3,High
2021,5,Saturday,20,KPK,Peshawar,Rural Road,Good,Clear,Street Light,Motorcycle,2,Over Speeding,1,1,0,0,4,0,Medium
2019,1,Friday,20,Punjab,Bahawalpur,Rural Road,Poor,Foggy,No Light,Bus/Coach,2,Signal Violation,1,0,0,1,5,0,Medium
2019,8,Tuesday,22,Balochistan,Chaman,National Highway,Good,Dusty/Smoggy,No Light,Motorcycle,2,Pedestrian Error,0,0,1,0,6,2,High
2022,1,Friday,13,Punjab,Sialkot,Provincial Highway,Good,Clear,Daylight,Motorcycle,1,Wrong Overtaking,1,0,0,1,3,2,Medium
2020,1,Wednesday,16,Sindh,Mirpur Khas,Urban Road,Poor,Clear,Daylight,Other,3,Wrong Overtaking,0,0,0,1,0,0,Low
2023,8,Thursday,15,Punjab,Lahore,Provincial Highway,Average,Rainy,Daylight,Car/Taxi,2,Wrong Overtaking,0,0,0,0,1,0,Low
2018,8,Friday,13,KPK,Charsadda,Motorway,Good,Clear,Daylight,Truck/Lorry,2,Road Condition,1,0,0,0,2,0,Medium
2018,11,Saturday,12,Gilgit-Baltistan,Hunza,National Highway,Good,Clear,Daylight,Car/Taxi,1,Wrong Overtaking,1,1,0,1,1,0,Low