year,month,day_of_week,hour_of_day,province,district,road_type,road_condition,weather_condition,lighting_condition,vehicle_type,vehicles_involved,accident_cause,is_rush_hour,is_weekend,is_night,is_foggy_month,num_injured,num_killed,severity
2020,11,Monday,19,Punjab,Rawalpindi,Provincial Highway,Under Repair,Clear,Dawn/Dusk,Motorcycle,2,Pedestrian Error,1,0,0,1,1,1,Medium
2023,9,Sunday,17,Punjab,Sargodha,National Highway,Good,Extreme Heat,Daylight,Motorcycle,1,Over Speeding,1,1,0,0,11,1,High
2020,2,Monday,7,Punjab,Sargodha,Rural Road,Average,Foggy,Daylight,Truck/Lorry,2,Signal Violation,1,0,0,1,5,1,Medium
2023,4,Tuesday,9,Balochistan,Turbat,Rural Road,Good,Foggy,Daylight,Bicycle,1,Driver Fatigue,1,0,0,0,8,2,High
2022,4,Friday,18,KPK,Dera Ismail Khan,Motorway,Good,Clear,Dawn/Dusk,Car/Taxi,3,Road Condition,1,0,0,0,2,0,Low
2023,3,Friday,12,Punjab,Rawalpindi,Rural Road,Good,Clear,Dawn/Dusk,Motorcycle,2,Over Speeding,1,0,0,0,6,1,High
2023,2,Tuesday,10,Islamabad,Islamabad,National Highway,Good,Rainy,Dawn/Dusk,Motorcycle,2,Wrong Overtaking,0,0,0,1,3,1,High
2020,7,Sunday,5,Sindh,Jacobabad,Urban Road,Under Repair,Dusty/Smoggy,Street Light,Car/Taxi,2,Drunk Driving,0,1,1,0,3,0,Medium
2018,11,Wednesday,7,Punjab,Sheikhupura,Provincial Highway,Average,Clear,Daylight,Van/Pickup,2,Drunk Driving,1,0,0,1,1,1,Medium
2023,2,Sunday,9,Sindh,Nawabshah,Motorway,Good,Extreme Heat,Daylight,Motorcycle,3,Drunk Driving,1,1,0,1,4,3,High
2022,1,Sunday,21,Sindh,Kashmore,Rural Road,Poor,Clear,Street Light,Motorcycle,4,Driver Fatigue,0,1,0,1,4,1,Medium
2021,9,Tuesday,16,KPK,Swat,Provincial Highway,Good,Extreme Heat,Daylight,Rickshaw,1,Over Speeding,0,0,0,0,1,0,Medium
2023,6,Tuesday,14,Punjab,Rahim Yar Khan,Rural Road,Poor,Dusty/Smoggy,Daylight,Motorcycle,2,Driver Fatigue,0,0,0,0,4,0,Medium
2021,8,Tuesday,17,Balochistan,Gwadar,Provincial Highway,Average,Clear,Daylight,Car/Taxi,4,Signal Violation,1,0,0,0,0,0,Low
2018,9,Tuesday,9,KPK,Charsadda,Urban Road,Good,Clear,Dawn/Dusk,Motorcycle,1,Road Condition,1,0,0,0,2,0,Low
2023,5,Saturday,0,KPK,Charsadda,National Highway,Good,Rainy,No Light,Car/Taxi,1,Road Condition,0,1,1,0,9,0,High
2020,8,Thursday,6,Punjab,Rahim Yar Khan,Provincial Highway,Average,Clear,Daylight,Car/Taxi,3,Wrong Overtaking,0,0,0,0,2,0,Low
2021,5,Monday,19,AJK,Muzaffarabad,National Highway,Average,Clear,Daylight,Motorcycle,1,Drunk Driving,1,0,0,0,7,2,High
2022,12,Monday,8,Sindh,Larkana,Provincial Highway,Good,Clear,No Light,Motorcycle,1,Mechanical Failure,1,0,0,1,0,0,Low
2021,6,Tuesday,19,Balochistan,Hub,Urban Road,Good,Foggy,Daylight,Bus/Coach,2,Signal Violation,1,0,0,0,2,0,Low
2023,9,Saturday,15,Punjab,Bahawalpur,Urban Road,Good,Foggy,Street Light,Motorcycle,1,Road Condition,0,1,0,0,1,0,Medium
2022,1,Monday,16,AJK,Rawalakot,Provincial Highway,Average,Clear,Daylight,Motorcycle,2,Pedestrian Error,0,0,0,1,0,0,Low
2019,3,Sunday,13,KPK,Kohat,Rural Road,Average,Dusty/Smoggy,Daylight,Bus/Coach,1,Pedestrian Error,1,1,0,0,1,0,Low
2022,12,Sunday,17,Islamabad,Islamabad,Urban Road,Poor,Foggy,No Light,Car/Taxi,2,Drunk Driving,1,1,0,1,2,0,Low
2019,12,Saturday,12,Punjab,Rahim Yar Khan,Urban Road,Average,Dusty/Smoggy,Daylight,Rickshaw,3,Wrong Overtaking,1,1,0,1,2,0,Low
2023,7,Wednesday,14,Sindh,Kashmore,National Highway,Average,Foggy,Daylight,Van/Pickup,2,Pedestrian Error,0,0,0,0,4,1,Medium
2021,10,Tuesday,17,Punjab,Faisalabad,Rural Road,Good,Rainy,Daylight,Motorcycle,2,Signal Violation,1,0,0,0,10,0,High
2019,7,Saturday,7,Punjab,Sialkot,National Highway,Average,Clear,Daylight,Car/Taxi,1,Over Speeding,1,1,0,0,5,0,Medium
2019,4,Tuesday,7,Punjab,Gujranwala,National Highway,Good,Rainy,Dawn/Dusk,Bus/Coach,1,Wrong Overtaking,1,0,0,0,4,0,Medium
2023,6,Saturday,9,Islamabad,Islamabad,Rural Road,Poor,Clear,Street Light,Car/Taxi,2,Over Speeding,1,1,0,0,0,0,Low
2020,1,Wednesday,23,KPK,Dera Ismail Khan,Provincial Highway,Good,Clear,Street Light,Truck/Lorry,2,Over Speeding,0,0,1,1,5,0,Medium
2021,2,Wednesday,11,Punjab,Bahawalpur,Rural Road,Good,Clear,Daylight,Rickshaw,2,Pedestrian Error,0,0,0,1,0,0,Low
2023,6,Wednesday,17,Islamabad,Islamabad,Rural Road,Good,Clear,No Light,Motorcycle,4,Mechanical Failure,1,0,0,0,2,0,Medium
2023,11,Saturday,18,KPK,Mardan,Provincial Highway,Under Repair,Rainy,Daylight,Car/Taxi,2,Wrong Overtaking,1,1,0,1,1,2,Medium
2019,5,Monday,17,Balochistan,Loralai,National Highway,Good,Clear,Daylight,Motorcycle,2,Mechanical Failure,1,0,0,0,8,2,High
2020,6,Sunday,17,Islamabad,Islamabad,National Highway,Good,Clear,Daylight,Car/Taxi,2,Wrong Overtaking,1,1,0,0,1,1,Low
2020,9,Friday,6,KPK,Kohat,National Highway,Poor,Clear,Daylight,Motorcycle,2,Over Speeding,0,0,0,0,3,2,High
2019,10,Saturday,17,Punjab,Gujranwala,National Highway,Average,Rainy,Daylight,Van/Pickup,2,Over Speeding,1,1,0,0,3,2,High
2022,8,Saturday,23,Gilgit-Baltistan,Gilgit,Urban Road,Good,Clear,No Light,Bus/Coach,2,Drunk Driving,0,1,1,0,5,2,Medium
2021,5,Thursday,15,Punjab,Gujranwala,Urban Road,Average,Foggy,Street Light,Rickshaw,1,Road Condition,0,0,0,0,2,0,Low
2019,5,Saturday,18,KPK,Peshawar,Provincial Highway,Good,Clear,Daylight,Rickshaw,3,Signal Violation,1,1,0,0,0,0,Low
2019,6,Thursday,6,Balochistan,Chaman,Rural Road,Under Repair,Clear,Daylight,Motorcycle,3,Wrong Overtaking,0,0,0,0,1,0,Low
2022,12,Thursday,8,Punjab,Faisalabad,Rural Road,Good,Rainy,Daylight,Motorcycle,2,Drunk Driving,1,0,0,1,7,1,High
2021,6,Monday,19,Sindh,Jacobabad,National Highway,Good,Dusty/Smoggy,Dawn/Dusk,Bus/Coach,1,Over Speeding,1,0,0,0,7,1,High
2018,9,Thursday,18,Punjab,Gujranwala,Urban Road,Good,Clear,Daylight,Van/Pickup,3,Road Condition,1,0,0,0,2,0,Low
2023,9,Friday,7,Punjab,Multan,Provincial Highway,Average,Dusty/Smoggy,Daylight,Car/Taxi,2,Wrong Overtaking,1,0,0,0,2,0,Low
2018,5,Wednesday,9,Punjab,Faisalabad,Provincial Highway,Under Repair,Clear,Daylight,Motorcycle,2,Weather Condition,1,0,0,0,0,0,Low
2018,10,Sunday,9,Balochistan,Gwadar,Urban Road,Good,Clear,Daylight,Motorcycle,3,Driver Fatigue,1,1,0,0,2,1,Medium
2018,10,Friday,20,Punjab,Sialkot,Urban Road,Average,Clear,Street Light,Car/Taxi,2,Over Speeding,1,0,0,0,0,0,Low
2021,3,Sunday,9,Balochistan,Sibi,Rural Road,Under Repair,Clear,Daylight,Motorcycle,2,Over Speeding,1,1,0,0,9,1,High
2018,1,Saturday,9,Sindh,Mirpur Khas,Provincial Highway,Good,Clear,Daylight,Bus/Coach,2,Road Condition,1,1,0,1,2,0,Low
2022,6,Saturday,17,Sindh,Sukkur,Urban Road,Poor,Clear,Daylight,Truck/Lorry,3,Pedestrian Error,1,1,0,0,2,0,Low
2019,6,Thursday,13,KPK,Abbottabad,Rural Road,Under Repair,Clear,Daylight,Motorcycle,2,Over Speeding,1,0,0,0,3,1,Medium
2023,1,Wednesday,8,Sindh,Mirpur Khas,Provincial Highway,Under Repair,Clear,Daylight,Car/Taxi,2,Over Speeding,1,0,0,1,1,0,Low
2018,7,Monday,16,Punjab,Multan,Provincial Highway,Poor,Rainy,Street Light,Car/Taxi,3,Over Speeding,0,0,0,0,3,0,Medium
2023,8,Monday,9,Punjab,Bahawalpur,National Highway,Average,Clear,Daylight,Motorcycle,3,Drunk Driving,1,0,0,0,2,1,High
2023,12,Tuesday,11,Sindh,Karachi,Rural Road,Poor,Dusty/Smoggy,Dawn/Dusk,Bus/Coach,1,Signal Violation,0,0,0,1,1,0,Low
2023,4,Saturday,5,Sindh,Kashmore,Rural Road,Average,Extreme Heat,Dawn/Dusk,Motorcycle,3,Driver Fatigue,0,1,1,0,11,1,High
2022,4,Wednesday,17,Punjab,Rawalpindi,National Highway,Average,Clear,Daylight,Rickshaw,1,Wrong Overtaking,1,0,0,0,4,1,Medium
2023,2,Wednesday,4,Sindh,Mirpur Khas,Urban Road,Good,Dusty/Smoggy,No Light,Motorcycle,2,Driver Fatigue,0,0,1,1,2,0,Medium
2019,11,Friday,19,Sindh,Larkana,Rural Road,Good,Rainy,No Light,Motorcycle,2,Mobile Phone Use,1,0,0,1,4,0,Medium
2019,7,Friday,20,KPK,Peshawar,Urban Road,Average,Dusty/Smoggy,No Light,Motorcycle,2,Over Speeding,1,0,0,0,1,0,Medium
2020,1,Wednesday,22,Sindh,Mirpur Khas,Urban Road,Good,Clear,Street Light,Motorcycle,1,Driver Fatigue,0,0,1,1,8,0,High
2022,5,Sunday,7,Islamabad,Islamabad,Rural Road,Poor,Clear,Daylight,Car/Taxi,2,Over Speeding,1,1,0,0,0,0,Low
2020,1,Sunday,8,Sindh,Karachi,Urban Road,Good,Rainy,Daylight,Motorcycle,1,Mobile Phone Use,1,1,0,1,3,1,Medium
2021,2,Wednesday,20,Balochistan,Chaman,National Highway,Average,Clear,No Light,Truck/Lorry,1,Over Speeding,1,0,0,1,7,1,High
2022,4,Friday,14,Sindh,Kashmore,National Highway,Good,Foggy,Street Light,Bus/Coach,3,Signal Violation,0,0,0,0,2,3,High
2019,3,Wednesday,22,Sindh,Nawabshah,National Highway,Average,Clear,Street Light,Motorcycle,2,Over Speeding,0,0,1,0,6,1,High
2021,6,Friday,5,Punjab,Sargodha,Provincial Highway,Poor,Clear,Dawn/Dusk,Motorcycle,1,Drunk Driving,0,0,1,0,4,2,High
2021,7,Sunday,19,Punjab,Sheikhupura,National Highway,Good,Dusty/Smoggy,Street Light,Motorcycle,3,Over Speeding,1,1,0,0,4,4,High
2022,4,Friday,7,Islamabad,Islamabad,National Highway,Poor,Clear,Daylight,Motorcycle,2,Mobile Phone Use,1,0,0,0,2,0,Medium
2019,4,Saturday,17,Punjab,Bahawalpur,Provincial Highway,Poor,Clear,Daylight,Car/Taxi,3,Driver Fatigue,1,1,0,0,2,0,Low
2019,6,Saturday,21,Punjab,Lahore,National Highway,Good,Rainy,No Light,Motorcycle,3,Road Condition,0,1,0,0,5,0,Medium
2023,4,Monday,16,KPK,Mardan,National Highway,Good,Clear,Daylight,Motorcycle,1,Mechanical Failure,0,0,0,0,2,1,Medium
2018,2,Thursday,21,Sindh,Hyderabad,National Highway,Poor,Clear,Street Light,Van/Pickup,1,Weather Condition,0,0,0,1,0,0,Low
2021,2,Saturday,9,Punjab,Rawalpindi,National Highway,Good,Clear,Daylight,Motorcycle,1,Over Speeding,1,1,0,1,5,2,High
2020,1,Thursday,13,Sindh,Mirpur Khas,Provincial Highway,Average,Clear,Daylight,Motorcycle,2,Wrong Overtaking,1,0,0,1,9,1,High
2020,11,Tuesday,7,Sindh,Nawabshah,Rural Road,Good,Dusty/Smoggy,Daylight,Rickshaw,1,Drunk Driving,1,0,0,1,1,0,Low
2023,2,Tuesday,9,Sindh,Sukkur,Provincial Highway,Good,Rainy,Daylight,Van/Pickup,2,Over Speeding,1,0,0,1,4,0,Medium
2023,6,Monday,18,KPK,Mansehra,Urban Road,Under Repair,Clear,Daylight,Van/Pickup,1,Drunk Driving,1,0,0,0,2,0,Medium
2018,12,Monday,18,Punjab,Sialkot,National Highway,Good,Foggy,Street Light,Car/Taxi,2,Wrong Overtaking,1,0,0,1,6,2,High
2018,2,Monday,20,KPK,Dera Ismail Khan,Provincial Highway,Good,Clear,No Light,Motorcycle,3,Mobile Phone Use,1,0,0,1,3,0,Medium
2023,11,Saturday,18,KPK,Abbottabad,National Highway,Average,Foggy,Daylight,Car/Taxi,2,Over Speeding,1,1,0,1,2,0,Medium
2022,1,Wednesday,5,Balochistan,Gwadar,National Highway,Good,Dusty/Smoggy,No Light,Car/Taxi,1,Over Speeding,0,0,1,1,5,1,Medium
2023,9,Saturday,7,Punjab,Multan,National Highway,Good,Clear,Daylight,Bicycle,1,Mechanical Failure,1,1,0,0,2,1,Medium
2019,7,Sunday,11,Punjab,Lahore,Rural Road,Poor,Foggy,Daylight,Bus/Coach,3,Wrong Overtaking,0,1,0,0,3,0,Medium
2023,8,Saturday,11,Sindh,Kashmore,Urban Road,Good,Clear,Daylight,Car/Taxi,1,Signal Violation,0,1,0,0,2,0,Low
2023,12,Thursday,11,Balochistan,Quetta,National Highway,Good,Clear,No Light,Motorcycle,2,Pedestrian Error,0,0,0,1,4,1,Medium
2019,2,Tuesday,7,KPK,Swat,National Highway,Poor,Dusty/Smoggy,Daylight,Motorcycle,2,Pedestrian Error,1,0,0,1,6,1,High
2019,4,Monday,9,Sindh,Thatta,National Highway,Poor,Rainy,Daylight,Motorcycle,3,Wrong Overtaking,1,0,0,0,5,1,High
2022,10,Tuesday,21,AJK,Muzaffarabad,Rural Road,Average,Clear,No Light,Motorcycle,2,Signal Violation,0,0,0,0,4,0,Medium
2018,2,Saturday,5,Sindh,Nawabshah,Urban Road,Good,Clear,Street Light,Motorcycle,3,Signal Violation,0,1,1,1,9,0,High
2021,9,Thursday,17,Balochistan,Khuzdar,National Highway,Poor,Foggy,Street Light,Rickshaw,2,Signal Violation,1,0,0,0,5,2,High
2018,7,Thursday,19,KPK,Peshawar,Provincial Highway,Good,Extreme Heat,No Light,Bus/Coach,1,Wrong Overtaking,1,0,0,0,1,0,Medium
2023,4,Friday,8,Balochistan,Gwadar,Provincial Highway,Average,Foggy,Street Light,Rickshaw,2,Mobile Phone Use,1,0,0,0,3,0,Medium
2018,9,Tuesday,10,AJK,Mirpur,National Highway,Poor,Foggy,Daylight,Motorcycle,1,Wrong Overtaking,0,0,0,0,6,0,High
2020,6,Saturday,5,Sindh,Jacobabad,Rural Road,Average,Rainy,Dawn/Dusk,Motorcycle,2,Over Speeding,0,1,1,0,8,1,High
2019,3,Tuesday,7,Punjab,Rawalpindi,Provincial Highway,Good,Rainy,Daylight,Motorcycle,3,Over Speeding,1,0,0,0,11,0,High
2018,6,Friday,13,Sindh,Thatta,National Highway,Good,Clear,Daylight,Motorcycle,2,Over Speeding,1,0,0,0,4,2,High
2022,4,Thursday,4,Balochistan,Sibi,Urban Road,Poor,Clear,No Light,Car/Taxi,1,Drunk Driving,0,0,1,0,5,0,Medium
2023,1,Tuesday,9,KPK,Swat,Urban Road,Good,Clear,Daylight,Motorcycle,2,Pedestrian Error,1,0,0,1,2,0,Low
2023,6,Tuesday,18,Punjab,Gujranwala,Urban Road,Good,Clear,Daylight,Motorcycle,1,Wrong Overtaking,1,0,0,0,0,0,Low
2022,5,Tuesday,6,Punjab,Gujranwala,Urban Road,Good,Rainy,Daylight,Van/Pickup,3,Wrong Overtaking,0,0,0,0,2,0,Low
2018,3,Friday,4,Sindh,Thatta,Rural Road,Under Repair,Rainy,No Light,Bicycle,2,Pedestrian Error,0,0,1,0,4,2,Medium
2020,6,Thursday,12,Sindh,Karachi,Provincial Highway,Poor,Clear,Dawn/Dusk,Motorcycle,1,Over Speeding,1,0,0,0,4,1,High
2018,5,Friday,9,Punjab,Sialkot,Rural Road,Average,Clear,Street Light,Motorcycle,1,Wrong Overtaking,1,0,0,0,2,0,Low
2022,11,Thursday,3,KPK,Mardan,Rural Road,Poor,Clear,Street Light,Motorcycle,3,Driver Fatigue,0,0,1,1,11,1,High
2021,11,Tuesday,22,Punjab,Sheikhupura,Rural Road,Good,Foggy,No Light,Motorcycle,3,Signal Violation,0,0,1,1,1,1,Medium
2018,5,Sunday,22,Sindh,Jacobabad,Urban Road,Good,Clear,Street Light,Truck/Lorry,2,Driver Fatigue,0,1,1,0,3,1,Medium
2021,5,Sunday,1,Punjab,Rahim Yar Khan,Rural Road,Poor,Extreme Heat,Street Light,Motorcycle,2,Mobile Phone Use,0,1,1,0,0,0,Low
2018,11,Wednesday,16,Balochistan,Sibi,National Highway,Under Repair,Clear,Daylight,Car/Taxi,1,Road Condition,0,0,0,1,5,0,Medium
2022,6,Monday,20,KPK,Dera Ismail Khan,Rural Road,Poor,Foggy,No Light,Motorcycle,2,Driver Fatigue,1,0,0,0,5,0,Medium
2023,7,Saturday,7,Punjab,Multan,Provincial Highway,Good,Clear,Daylight,Motorcycle,2,Over Speeding,1,1,0,0,3,3,High
2018,6,Sunday,15,Sindh,Mirpur Khas,Rural Road,Average,Dusty/Smoggy,Daylight,Rickshaw,1,Driver Fatigue,0,1,0,0,1,0,Medium
2022,12,Monday,16,Punjab,Rahim Yar Khan,Provincial Highway,Good,Foggy,Daylight,Rickshaw,2,Signal Violation,0,0,0,1,5,2,Medium
2019,12,Thursday,14,AJK,Muzaffarabad,Urban Road,Under Repair,Clear,No Light,Bus/Coach,2,Over Speeding,0,0,0,1,4,0,Medium
2022,7,Wednesday,9,KPK,Nowshera,Motorway,Average,Clear,Dawn/Dusk,Car/Taxi,2,Drunk Driving,1,0,0,0,1,0,Medium
2023,4,Saturday,14,KPK,Abbottabad,Urban Road,Poor,Clear,Daylight,Rickshaw,1,Road Condition,0,1,0,0,1,0,Low
2023,5,Thursday,18,Punjab,Bahawalpur,Provincial Highway,Poor,Clear,Daylight,Bus/Coach,1,Over Speeding,1,0,0,0,4,2,Medium
2021,11,Monday,8,Punjab,Sargodha,Urban Road,Good,Clear,Daylight,Motorcycle,3,Driver Fatigue,1,0,0,1,9,3,High
2020,12,Saturday,12,Sindh,Nawabshah,National Highway,Average,Clear,Daylight,Truck/Lorry,2,Drunk Driving,1,1,0,1,7,0,High
2019,7,Saturday,1,Punjab,Bahawalpur,Rural Road,Under Repair,Dusty/Smoggy,Street Light,Motorcycle,2,Mechanical Failure,0,1,1,0,2,1,Medium
2020,5,Sunday,8,KPK,Mardan,Provincial Highway,Poor,Foggy,Daylight,Motorcycle,3,Drunk Driving,1,1,0,0,2,4,High
2023,10,Tuesday,9,Punjab,Gujranwala,National Highway,Average,Foggy,Daylight,Motorcycle,2,Drunk Driving,1,0,0,0,3,2,High
2019,1,Monday,18,Punjab,Sheikhupura,Provincial Highway,Good,Foggy,Daylight,Motorcycle,1,Over Speeding,1,0,0,1,11,2,High
2022,9,Thursday,16,Punjab,Bahawalpur,Provincial Highway,Good,Clear,Daylight,Rickshaw,3,Wrong Overtaking,0,0,0,0,2,0,Low
2022,1,Monday,15,Gilgit-Baltistan,Gilgit,National Highway,Good,Foggy,Daylight,Car/Taxi,3,Wrong Overtaking,0,0,0,1,1,1,Medium
2022,12,Wednesday,12,Islamabad,Islamabad,National Highway,Average,Clear,Daylight,Rickshaw,2,Driver Fatigue,1,0,0,1,2,1,High
2019,1,Friday,13,Punjab,Rahim Yar Khan,Provincial Highway,Average,Clear,Daylight,Bus/Coach,2,Wrong Overtaking,1,0,0,1,2,0,Medium
2020,9,Saturday,13,Punjab,Bahawalpur,Rural Road,Poor,Clear,Street Light,Rickshaw,1,Over Speeding,1,1,0,0,1,0,Low
2023,11,Saturday,21,Punjab,Faisalabad,Urban Road,Under Repair,Clear,No Light,Motorcycle,1,Over Speeding,0,1,0,1,1,0,Medium
2018,6,Thursday,22,Punjab,Sargodha,Rural Road,Poor,Clear,No Light,Car/Taxi,2,Pedestrian Error,0,0,1,0,2,0,Low
2023,5,Wednesday,19,Islamabad,Islamabad,Urban Road,Good,Foggy,Dawn/Dusk,Car/Taxi,2,Road Condition,1,0,0,0,2,0,Low
2021,6,Tuesday,0,KPK,Peshawar,National Highway,Good,Foggy,Street Light,Motorcycle,1,Signal Violation,0,0,1,0,10,0,High
2023,12,Wednesday,13,Islamabad,Islamabad,National Highway,Under Repair,Clear,Daylight,Motorcycle,2,Mechanical Failure,1,0,0,1,1,2,Medium
2018,2,Tuesday,20,Balochistan,Khuzdar,Rural Road,Average,Foggy,Street Light,Motorcycle,1,Mobile Phone Use,1,0,0,1,1,0,Medium
2021,4,Wednesday,14,KPK,Nowshera,Provincial Highway,Good,Clear,Daylight,Motorcycle,2,Mechanical Failure,0,0,0,0,2,1,Low
2018,6,Thursday,11,KPK,Dera Ismail Khan,Rural Road,Poor,Foggy,Dawn/Dusk,Bicycle,2,Road Condition,0,0,0,0,5,1,Medium
2023,9,Friday,13,Balochistan,Quetta,Provincial Highway,Under Repair,Rainy,Daylight,Motorcycle,1,Signal Violation,1,0,0,0,2,2,High
2020,6,Wednesday,0,KPK,Bannu,Provincial Highway,Good,Clear,No Light,Bus/Coach,2,Over Speeding,0,0,1,0,10,0,High
2019,11,Friday,16,Punjab,Multan,Provincial Highway,Poor,Clear,Daylight,Car/Taxi,3,Pedestrian Error,0,0,0,1,2,0,Low
2023,9,Sunday,14,Sindh,Mirpur Khas,Provincial Highway,Average,Foggy,Daylight,Car/Taxi,2,Drunk Driving,0,1,0,0,8,0,High
2020,7,Friday,4,Sindh,Sukkur,National Highway,Average,Dusty/Smoggy,Street Light,Car/Taxi,1,Pedestrian Error,0,0,1,0,1,2,Medium
2020,12,Sunday,21,AJK,Muzaffarabad,Urban Road,Good,Rainy,No Light,Van/Pickup,2,Mechanical Failure,0,1,0,1,0,0,Low
2023,2,Monday,14,Sindh,Nawabshah,Urban Road,Good,Clear,No Light,Car/Taxi,2,Weather Condition,0,0,0,1,2,0,Low
2023,1,Sunday,9,Punjab,Sargodha,Provincial Highway,Average,Clear,Daylight,Motorcycle,3,Drunk Driving,1,1,0,1,4,4,High
2021,8,Tuesday,14,Punjab,Bahawalpur,Rural Road,Poor,Extreme Heat,Daylight,Motorcycle,2,Mechanical Failure,0,0,0,0,0,0,Low
2021,9,Wednesday,23,Balochistan,Quetta,National Highway,Average,Clear,Street Light,Motorcycle,2,Signal Violation,0,0,1,0,11,0,High
2022,8,Saturday,17,Islamabad,Islamabad,Provincial Highway,Good,Rainy,Daylight,Motorcycle,2,Driver Fatigue,1,1,0,0,11,0,High
2018,12,Saturday,14,KPK,Peshawar,Urban Road,Average,Clear,Daylight,Car/Taxi,4,Over Speeding,0,1,0,1,1,0,Low
2018,12,Saturday,12,Punjab,Sialkot,National Highway,Good,Clear,Daylight,Bicycle,2,Over Speeding,1,1,0,1,4,3,High
2022,1,Monday,19,Punjab,Sialkot,National Highway,Poor,Clear,Dawn/Dusk,Motorcycle,2,Over Speeding,1,0,0,1,10,0,High
2022,9,Monday,10,Sindh,Karachi,Urban Road,Poor,Rainy,Dawn/Dusk,Rickshaw,1,Drunk Driving,0,0,0,0,2,0,Medium
2022,9,Tuesday,17,Gilgit-Baltistan,Skardu,National Highway,Good,Clear,Dawn/Dusk,Motorcycle,1,Road Condition,1,0,0,0,5,1,Medium
2021,5,Monday,6,Balochistan,Loralai,Urban Road,Poor,Foggy,Daylight,Motorcycle,1,Road Condition,0,0,0,0,2,0,Low
2023,8,Tuesday,6,Islamabad,Islamabad,Urban Road,Good,Clear,Daylight,Car/Taxi,1,Wrong Overtaking,0,0,0,0,2,0,Low
2018,6,Friday,14,Sindh,Jacobabad,Provincial Highway,Poor,Clear,Dawn/Dusk,Truck/Lorry,2,Over Speeding,0,0,0,0,2,0,Medium
2021,2,Tuesday,19,Balochistan,Gwadar,Rural Road,Good,Clear,Dawn/Dusk,Motorcycle,1,Mechanical Failure,1,0,0,1,2,0,Low
2022,5,Saturday,14,Punjab,Gujranwala,National Highway,Good,Clear,Daylight,Motorcycle,2,Signal Violation,0,1,0,0,1,0,Medium
2018,1,Thursday,10,Punjab,Bahawalpur,Provincial Highway,Average,Extreme Heat,Daylight,Bus/Coach,2,Pedestrian Error,0,0,0,1,2,0,Medium
2020,3,Thursday,7,Balochistan,Dera Bugti,National Highway,Good,Clear,Daylight,Bus/Coach,3,Over Speeding,1,0,0,0,4,0,High
2023,2,Saturday,5,Punjab,Sheikhupura,National Highway,Good,Foggy,Dawn/Dusk,Motorcycle,1,Road Condition,0,1,1,1,2,1,High
2018,9,Sunday,20,KPK,Swat,Rural Road,Poor,Clear,No Light,Van/Pickup,1,Road Condition,1,1,0,0,0,0,Low
2023,2,Thursday,16,Sindh,Dadu,National Highway,Poor,Clear,Daylight,Bicycle,1,Road Condition,0,0,0,1,5,0,High
2022,9,Thursday,9,Punjab,Rahim Yar Khan,Rural Road,Good,Clear,Daylight,Motorcycle,3,Signal Violation,1,0,0,0,4,2,Medium
2021,2,Friday,13,Punjab,Rahim Yar Khan,Urban Road,Poor,Clear,Dawn/Dusk,Motorcycle,2,Wrong Overtaking,1,0,0,1,3,1,Medium
2023,7,Friday,20,Punjab,Sheikhupura,Urban Road,Average,Clear,Street Light,Bicycle,2,Wrong Overtaking,1,0,0,0,4,0,Medium
2020,9,Wednesday,11,KPK,Bannu,National Highway,Average,Clear,Daylight,Rickshaw,1,Over Speeding,0,0,0,0,3,0,Medium
2020,3,Friday,9,Punjab,Rawalpindi,National Highway,Average,Clear,No Light,Bus/Coach,1,Over Speeding,1,0,0,0,3,0,High
2021,7,Thursday,8,Punjab,Multan,Urban Road,Poor,Clear,Daylight,Motorcycle,2,Road Condition,1,0,0,0,2,0,Low
2021,8,Saturday,13,KPK,Kohat,Rural Road,Good,Clear,Daylight,Car/Taxi,1,Over Speeding,1,1,0,0,0,0,Low
2020,9,Friday,17,Punjab,Sialkot,Rural Road,Average,Rainy,Daylight,Rickshaw,2,Road Condition,1,0,0,0,1,0,Low
2023,2,Saturday,17,Punjab,Rahim Yar Khan,Urban Road,Under Repair,Foggy,Daylight,Bicycle,3,Driver Fatigue,1,1,0,1,8,0,High
2020,3,Friday,9,Punjab,Sialkot,Provincial Highway,Good,Clear,Street Light,Bicycle,2,Signal Violation,1,0,0,0,1,0,Medium
2020,6,Sunday,22,Punjab,Rahim Yar Khan,Provincial Highway,Average,Clear,No Light,Motorcycle,1,Road Condition,0,1,1,0,5,1,High
2019,11,Wednesday,3,Sindh,Karachi,Rural Road,Under Repair,Foggy,Street Light,Truck/Lorry,3,Signal Violation,0,0,1,1,8,1,High
2018,6,Saturday,19,Islamabad,Islamabad,Urban Road,Good,Extreme Heat,Daylight,Motorcycle,2,Pedestrian Error,1,1,0,0,5,1,Medium
2022,1,Monday,12,Punjab,Multan,Provincial Highway,Poor,Clear,Daylight,Motorcycle,2,Over Speeding,1,0,0,1,5,1,Medium
2022,6,Tuesday,16,Balochistan,Dera Bugti,National Highway,Under Repair,Clear,Daylight,Rickshaw,1,Wrong Overtaking,0,0,0,0,1,1,Medium
2021,7,Friday,8,Sindh,Jacobabad,Motorway,Good,Extreme Heat,No Light,Rickshaw,1,Wrong Overtaking,1,0,0,0,1,0,Low
2022,7,Tuesday,13,KPK,Charsadda,National Highway,Good,Foggy,Daylight,Car/Taxi,2,Mechanical Failure,1,0,0,0,1,1,Medium
2019,3,Saturday,8,Balochistan,Chaman,National Highway,Good,Extreme Heat,Street Light,Motorcycle,2,Over Speeding,1,1,0,0,9,0,High