year,month,day_of_week,hour_of_day,province,district,road_type,road_condition,weather_condition,lighting_condition,vehicle_type,vehicles_involved,accident_cause,is_rush_hour,is_weekend,is_night,is_foggy_month,num_injured,num_killed,severity
2019,8,Friday,19,Sindh,Nawabshah,National Highway,Average,Clear,Daylight,Motorcycle,2,Pedestrian Error,1,0,0,0,1,1,Medium
2018,12,Friday,6,Punjab,Rawalpindi,Urban Road,Average,Clear,No Light,Truck/Lorry,1,Drunk Driving,0,0,0,1,2,0,Low
2020,7,Saturday,12,Punjab,Multan,Provincial Highway,Good,Clear,Daylight,Motorcycle,4,Over Speeding,1,1,0,0,8,1,High
2019,10,Thursday,8,KPK,Swat,Rural Road,Good,Clear,Daylight,Motorcycle,1,Over Speeding,1,0,0,0,8,1,High
2021,2,Monday,12,Punjab,Sialkot,Provincial Highway,Poor,Clear,Daylight,Car/Taxi,2,Mechanical Failure,1,0,0,1,2,0,Low
2018,12,Thursday,22,Sindh,Larkana,National Highway,Average,Clear,Street Light,Van/Pickup,1,Signal Violation,0,0,1,1,3,1,Medium
2018,1,Saturday,17,Sindh,Mirpur Khas,National Highway,Average,Foggy,Daylight,Other,1,Over Speeding,1,1,0,1,5,2,High
2019,5,Saturday,9,Punjab,Sialkot,Motorway,Poor,Clear,Daylight,Car/Taxi,1,Pedestrian Error,1,1,0,0,2,0,Low
2022,12,Saturday,5,KPK,Abbottabad,Urban Road,Good,Clear,Street Light,Bicycle,2,Wrong Overtaking,0,1,1,1,10,3,High
2019,1,Monday,16,KPK,Abbottabad,Provincial Highway,Average,Clear,Dawn/Dusk,Motorcycle,1,Road Condition,0,0,0,1,3,1,Medium
2022,5,Sunday,6,Sindh,Jacobabad,National Highway,Under Repair,Rainy,Daylight,Motorcycle,2,Road Condition,0,1,0,0,1,0,Medium
2023,8,Friday,16,Punjab,Lahore,National Highway,Good,Clear,Daylight,Motorcycle,1,Over Speeding,0,0,0,0,4,3,High
2022,2,Saturday,20,Punjab,Multan,National Highway,Poor,Clear,No Light,Bicycle,4,Mobile Phone Use,1,1,0,1,11,1,High
2019,2,Friday,12,Sindh,Sukkur,Urban Road,Under Repair,Clear,Daylight,Bicycle,3,Wrong Overtaking,1,0,0,1,0,1,Low
2021,12,Thursday,19,KPK,Kohat,Urban Road,Good,Rainy,No Light,Motorcycle,3,Driver Fatigue,1,0,0,1,2,0,Medium
2023,9,Friday,19,Sindh,Hyderabad,Provincial Highway,Poor,Foggy,Dawn/Dusk,Car/Taxi,1,Over Speeding,1,0,0,0,2,1,Medium
2020,12,Friday,6,AJK,Mirpur,Provincial Highway,Good,Foggy,Street Light,Car/Taxi,2,Road Condition,0,0,0,1,2,0,Low
2018,6,Friday,16,Punjab,Sheikhupura,Urban Road,Poor,Rainy,Daylight,Van/Pickup,4,Drunk Driving,0,0,0,0,5,2,Medium
2018,12,Saturday,22,Gilgit-Baltistan,Gilgit,Urban Road,Good,Rainy,Street Light,Motorcycle,2,Mechanical Failure,0,1,1,1,4,1,Medium
2023,4,Tuesday,14,KPK,Dera Ismail Khan,Provincial Highway,Good,Clear,Daylight,Rickshaw,2,Pedestrian Error,0,0,0,0,0,0,Low
2023,7,Monday,21,KPK,Swat,Provincial Highway,Good,Foggy,Street Light,Motorcycle,2,Signal Violation,0,0,0,0,5,1,High
2023,11,Friday,10,Punjab,Multan,National Highway,Good,Rainy,Daylight,Bicycle,3,Over Speeding,0,0,0,1,7,4,High
2018,1,Monday,5,Sindh,Jacobabad,National Highway,Average,Foggy,Dawn/Dusk,Car/Taxi,1,Wrong Overtaking,0,0,1,1,2,0,Medium
2019,9,Friday,18,KPK,Swat,Urban Road,Average,Clear,Daylight,Car/Taxi,3,Drunk Driving,1,0,0,0,2,0,Low
2023,7,Friday,4,KPK,Dera Ismail Khan,Provincial Highway,Average,Foggy,No Light,Car/Taxi,1,Over Speeding,0,0,1,0,3,1,High
2023,11,Monday,11,Punjab,Bahawalpur,National Highway,Average,Clear,Daylight,Motorcycle,2,Over Speeding,0,0,0,1,11,1,High
2022,12,Wednesday,20,Punjab,Lahore,Provincial Highway,Poor,Foggy,Street Light,Motorcycle,2,Mechanical Failure,1,0,0,1,5,0,Medium
2021,12,Thursday,19,KPK,Dera Ismail Khan,Rural Road,Good,Clear,Street Light,Rickshaw,1,Wrong Overtaking,1,0,0,1,2,0,Low
2019,1,Monday,12,Islamabad,Islamabad,National Highway,Poor,Clear,Daylight,Car/Taxi,2,Over Speeding,1,0,0,1,1,0,Medium
2021,7,Thursday,6,Sindh,Nawabshah,Rural Road,Good,Rainy,Daylight,Motorcycle,1,Over Speeding,0,0,0,0,6,1,High
2022,12,Monday,15,Punjab,Sheikhupura,National Highway,Average,Foggy,Daylight,Rickshaw,2,Mechanical Failure,0,0,0,1,2,1,Low
2020,8,Wednesday,12,Balochistan,Hub,Rural Road,Under Repair,Foggy,Street Light,Truck/Lorry,2,Driver Fatigue,1,0,0,0,8,1,High
2020,4,Saturday,12,KPK,Kohat,Urban Road,Average,Rainy,No Light,Van/Pickup,1,Wrong Overtaking,1,1,0,0,2,0,Low
2023,8,Friday,11,Punjab,Multan,National Highway,Poor,Dusty/Smoggy,Daylight,Rickshaw,1,Wrong Overtaking,0,0,0,0,5,0,Medium
2018,2,Thursday,19,Punjab,Sheikhupura,National Highway,Average,Rainy,No Light,Car/Taxi,2,Signal Violation,1,0,0,1,1,1,Medium
2018,4,Friday,19,KPK,Mardan,Provincial Highway,Poor,Clear,Street Light,Motorcycle,2,Over Speeding,1,0,0,0,3,0,Medium
2018,7,Saturday,10,Punjab,Sheikhupura,Urban Road,Good,Clear,Street Light,Motorcycle,2,Wrong Overtaking,0,1,0,0,3,0,Medium
2018,1,Friday,6,Punjab,Sialkot,National Highway,Good,Foggy,Daylight,Motorcycle,3,Mechanical Failure,0,0,0,1,1,0,Medium
2019,6,Thursday,13,Sindh,Kashmore,Rural Road,Poor,Clear,Daylight,Motorcycle,1,Wrong Overtaking,1,0,0,0,3,1,Medium
2023,6,Wednesday,8,Punjab,Bahawalpur,Provincial Highway,Good,Foggy,Daylight,Rickshaw,1,Wrong Overtaking,1,0,0,0,3,1,Medium
2023,11,Friday,18,Punjab,Multan,National Highway,Good,Clear,Dawn/Dusk,Rickshaw,2,Over Speeding,1,0,0,1,7,2,High
2021,1,Tuesday,18,Sindh,Larkana,Rural Road,Good,Foggy,Daylight,Motorcycle,1,Wrong Overtaking,1,0,0,1,2,0,Medium
2023,6,Tuesday,12,KPK,Dera Ismail Khan,Rural Road,Good,Rainy,Daylight,Rickshaw,2,Driver Fatigue,1,0,0,0,1,0,Medium
2022,10,Monday,19,Punjab,Lahore,Urban Road,Average,Rainy,Street Light,Truck/Lorry,2,Drunk Driving,1,0,0,0,3,1,Medium
2022,9,Monday,14,Punjab,Sialkot,Provincial Highway,Poor,Clear,Daylight,Car/Taxi,2,Mobile Phone Use,0,0,0,0,2,0,Low
2023,6,Wednesday,13,Sindh,Hyderabad,National Highway,Poor,Clear,Daylight,Bicycle,1,Drunk Driving,1,0,0,0,3,1,High
2023,3,Saturday,17,Punjab,Gujranwala,Rural Road,Average,Clear,Street Light,Motorcycle,4,Over Speeding,1,1,0,0,2,0,Medium
2019,6,Sunday,20,KPK,Abbottabad,National Highway,Average,Rainy,Street Light,Motorcycle,1,Over Speeding,1,1,0,0,11,0,High
2019,10,Thursday,21,Islamabad,Islamabad,Urban Road,Good,Clear,Street Light,Car/Taxi,2,Signal Violation,0,0,0,0,2,0,Low
2020,12,Tuesday,17,Sindh,Hyderabad,Provincial Highway,Poor,Clear,Daylight,Car/Taxi,4,Over Speeding,1,0,0,1,4,0,Medium
2021,6,Friday,17,Punjab,Rahim Yar Khan,Provincial Highway,Average,Foggy,No Light,Car/Taxi,3,Pedestrian Error,1,0,0,0,5,2,Medium
2023,5,Tuesday,16,Punjab,Lahore,Urban Road,Average,Clear,No Light,Motorcycle,2,Mechanical Failure,0,0,0,0,2,0,Medium
2022,6,Wednesday,7,Punjab,Sheikhupura,Rural Road,Average,Clear,Daylight,Van/Pickup,2,Signal Violation,1,0,0,0,0,0,Low
2020,2,Tuesday,15,Punjab,Lahore,Urban Road,Average,Clear,Daylight,Car/Taxi,3,Mechanical Failure,0,0,0,1,2,0,Low
2022,9,Wednesday,20,Punjab,Bahawalpur,Provincial Highway,Average,Rainy,Street Light,Bus/Coach,1,Pedestrian Error,1,0,0,0,3,1,Medium
2021,4,Saturday,21,Punjab,Sialkot,Urban Road,Average,Dusty/Smoggy,Street Light,Bus/Coach,1,Over Speeding,0,1,0,0,1,0,Medium
2022,7,Tuesday,18,Balochistan,Gwadar,National Highway,Good,Clear,Daylight,Motorcycle,1,Wrong Overtaking,1,0,0,0,3,1,High
2021,12,Saturday,18,Balochistan,Sibi,Rural Road,Good,Clear,Daylight,Bus/Coach,1,Signal Violation,1,1,0,1,2,0,Medium
2019,7,Saturday,12,Sindh,Karachi,National Highway,Average,Dusty/Smoggy,Daylight,Motorcycle,1,Road Condition,1,1,0,0,4,0,Medium
2018,1,Thursday,11,Punjab,Multan,Rural Road,Under Repair,Foggy,Daylight,Van/Pickup,1,Mobile Phone Use,0,0,0,1,1,0,Low
2023,6,Tuesday,4,KPK,Dera Ismail Khan,National Highway,Poor,Extreme Heat,No Light,Bicycle,4,Road Condition,0,0,1,0,2,0,High
2022,8,Saturday,7,Punjab,Sargodha,Rural Road,Average,Clear,Daylight,Car/Taxi,2,Wrong Overtaking,1,1,0,0,2,0,Low
2022,1,Monday,9,Punjab,Multan,Provincial Highway,Under Repair,Rainy,Daylight,Car/Taxi,2,Over Speeding,1,0,0,1,1,0,Medium
2020,9,Monday,9,Punjab,Lahore,Provincial Highway,Good,Clear,Daylight,Other,1,Drunk Driving,1,0,0,0,1,1,Medium
2021,2,Thursday,8,Sindh,Larkana,Provincial Highway,Good,Clear,Daylight,Motorcycle,1,Over Speeding,1,0,0,1,2,0,Medium
2023,7,Monday,16,Punjab,Sialkot,Urban Road,Average,Clear,Daylight,Car/Taxi,2,Mechanical Failure,0,0,0,0,2,0,Low
2022,11,Monday,8,Punjab,Bahawalpur,Urban Road,Poor,Clear,Daylight,Motorcycle,2,Over Speeding,1,0,0,1,3,0,Medium
2019,7,Friday,10,Punjab,Faisalabad,Motorway,Good,Clear,Daylight,Bicycle,1,Road Condition,0,0,0,0,4,2,High
2019,8,Thursday,16,Balochistan,Sibi,National Highway,Good,Clear,Daylight,Truck/Lorry,2,Wrong Overtaking,0,0,0,0,4,2,High
2018,3,Friday,6,Punjab,Sargodha,Urban Road,Average,Clear,Street Light,Bus/Coach,2,Wrong Overtaking,0,0,0,0,2,0,Low
2018,4,Monday,9,Punjab,Sialkot,National Highway,Average,Clear,Daylight,Truck/Lorry,1,Signal Violation,1,0,0,0,5,1,Medium
2023,11,Friday,7,Sindh,Sukkur,Provincial Highway,Average,Rainy,Street Light,Van/Pickup,1,Wrong Overtaking,1,0,0,1,2,1,Medium
2018,4,Wednesday,22,Punjab,Multan,Provincial Highway,Good,Extreme Heat,No Light,Van/Pickup,1,Over Speeding,0,0,1,0,2,1,Medium
2019,7,Tuesday,13,Sindh,Thatta,Motorway,Average,Rainy,Daylight,Car/Taxi,2,Over Speeding,1,0,0,0,1,0,Medium
2022,7,Sunday,19,Punjab,Sargodha,National Highway,Average,Clear,Street Light,Motorcycle,3,Over Speeding,1,1,0,0,6,3,High
2023,5,Sunday,23,Sindh,Nawabshah,National Highway,Good,Clear,No Light,Rickshaw,4,Over Speeding,0,1,1,0,3,0,High
2021,7,Tuesday,17,Sindh,Jacobabad,National Highway,Average,Dusty/Smoggy,Daylight,Car/Taxi,1,Mobile Phone Use,1,0,0,0,5,1,Medium
2019,2,Tuesday,13,KPK,Bannu,Rural Road,Good,Clear,Daylight,Motorcycle,2,Weather Condition,1,0,0,1,1,0,Low
2020,6,Monday,0,Punjab,Gujranwala,Provincial Highway,Average,Clear,No Light,Rickshaw,1,Over Speeding,0,0,1,0,11,1,High
2018,5,Sunday,21,Sindh,Mirpur Khas,National Highway,Good,Clear,Street Light,Car/Taxi,1,Over Speeding,0,1,0,0,3,2,Medium
2021,5,Saturday,13,Islamabad,Islamabad,Urban Road,Good,Clear,Daylight,Motorcycle,3,Road Condition,1,1,0,0,0,0,Low
2021,2,Friday,17,KPK,Dera Ismail Khan,National Highway,Poor,Foggy,Daylight,Truck/Lorry,2,Over Speeding,1,0,0,1,10,2,High
2020,2,Thursday,7,AJK,Rawalakot,Urban Road,Poor,Foggy,Daylight,Car/Taxi,2,Signal Violation,1,0,0,1,4,1,Medium
2021,1,Saturday,5,Islamabad,Islamabad,Urban Road,Good,Dusty/Smoggy,Daylight,Bus/Coach,4,Pedestrian Error,0,1,1,1,2,0,Low
2019,5,Monday,19,Sindh,Jacobabad,Provincial Highway,Average,Clear,Daylight,Motorcycle,1,Wrong Overtaking,1,0,0,0,6,1,High
2019,4,Saturday,17,Punjab,Gujranwala,Provincial Highway,Good,Rainy,Daylight,Truck/Lorry,2,Drunk Driving,1,1,0,0,11,0,High
2021,2,Thursday,5,KPK,Charsadda,Rural Road,Good,Clear,Daylight,Bus/Coach,4,Wrong Overtaking,0,0,1,1,1,1,Medium
2022,1,Friday,18,KPK,Mansehra,National Highway,Good,Clear,Daylight,Bus/Coach,3,Signal Violation,1,0,0,1,5,0,High
2018,5,Monday,10,Sindh,Larkana,Urban Road,Under Repair,Clear,Daylight,Motorcycle,2,Over Speeding,0,0,0,0,5,1,Medium
2023,12,Saturday,6,KPK,Bannu,National Highway,Average,Foggy,Dawn/Dusk,Car/Taxi,2,Pedestrian Error,0,1,0,1,3,0,Medium
2020,10,Wednesday,9,Sindh,Hyderabad,Urban Road,Good,Clear,Dawn/Dusk,Motorcycle,3,Road Condition,1,0,0,0,2,0,Low
2020,8,Friday,20,Sindh,Hyderabad,Rural Road,Under Repair,Clear,No Light,Motorcycle,2,Drunk Driving,1,0,0,0,4,0,Medium
2021,1,Wednesday,8,Punjab,Gujranwala,National Highway,Good,Clear,Daylight,Motorcycle,2,Pedestrian Error,1,0,0,1,2,0,Medium
2021,12,Sunday,18,Punjab,Rawalpindi,Urban Road,Under Repair,Foggy,Daylight,Motorcycle,1,Pedestrian Error,1,1,0,1,1,1,Medium
2023,12,Monday,19,Balochistan,Khuzdar,Rural Road,Average,Foggy,Daylight,Car/Taxi,1,Pedestrian Error,1,0,0,1,2,0,Low
2020,3,Friday,13,Balochistan,Loralai,Rural Road,Average,Rainy,Daylight,Motorcycle,2,Road Condition,1,0,0,0,1,0,Low
2020,9,Wednesday,13,Sindh,Mirpur Khas,National Highway,Poor,Clear,Daylight,Motorcycle,1,Weather Condition,1,0,0,0,3,1,Medium
2020,6,Saturday,18,Punjab,Sialkot,National Highway,Good,Clear,Daylight,Bus/Coach,1,Pedestrian Error,1,1,0,0,2,0,Low
2019,4,Friday,13,Punjab,Rawalpindi,Provincial Highway,Good,Extreme Heat,Daylight,Car/Taxi,1,Over Speeding,1,0,0,0,4,2,Medium
2018,3,Wednesday,23,Punjab,Bahawalpur,Rural Road,Average,Rainy,Street Light,Motorcycle,2,Signal Violation,0,0,1,0,2,1,Medium
2023,11,Sunday,22,Punjab,Gujranwala,Rural Road,Good,Clear,Street Light,Motorcycle,1,Drunk Driving,0,1,1,1,3,2,High
2018,1,Saturday,1,Punjab,Bahawalpur,Urban Road,Under Repair,Clear,No Light,Car/Taxi,2,Over Speeding,0,1,1,1,1,1,Medium
2023,10,Saturday,8,Punjab,Multan,Rural Road,Under Repair,Clear,Dawn/Dusk,Truck/Lorry,1,Over Speeding,1,1,0,0,1,0,Low
2018,2,Tuesday,19,Punjab,Multan,National Highway,Average,Rainy,Dawn/Dusk,Bus/Coach,3,Wrong Overtaking,1,0,0,1,6,1,High
2019,11,Tuesday,8,KPK,Kohat,National Highway,Poor,Dusty/Smoggy,Daylight,Bus/Coach,1,Over Speeding,1,0,0,1,8,1,High
2020,4,Sunday,20,Islamabad,Islamabad,National Highway,Good,Clear,Street Light,Motorcycle,2,Pedestrian Error,1,1,0,0,5,1,Medium
2021,10,Thursday,8,Punjab,Bahawalpur,Urban Road,Poor,Foggy,Daylight,Motorcycle,3,Wrong Overtaking,1,0,0,0,4,0,Medium
2022,1,Sunday,14,Sindh,Larkana,Provincial Highway,Good,Extreme Heat,Daylight,Car/Taxi,1,Driver Fatigue,0,1,0,1,1,0,Medium
2022,8,Tuesday,19,Gilgit-Baltistan,Skardu,National Highway,Good,Dusty/Smoggy,Street Light,Motorcycle,2,Wrong Overtaking,1,0,0,0,3,1,Medium
2022,1,Tuesday,13,Islamabad,Islamabad,Urban Road,Under Repair,Clear,Daylight,Motorcycle,3,Over Speeding,1,0,0,1,5,0,Medium
2021,6,Sunday,19,Punjab,Bahawalpur,Urban Road,Poor,Clear,Dawn/Dusk,Rickshaw,1,Over Speeding,1,1,0,0,2,0,Low
2022,1,Monday,21,Punjab,Rawalpindi,Motorway,Under Repair,Clear,No Light,Motorcycle,2,Over Speeding,0,0,0,1,4,0,High
2018,2,Tuesday,17,Punjab,Sialkot,Rural Road,Good,Clear,No Light,Car/Taxi,3,Pedestrian Error,1,0,0,1,2,0,Low
2019,3,Saturday,16,Punjab,Sargodha,Provincial Highway,Poor,Clear,No Light,Car/Taxi,3,Over Speeding,0,1,0,0,1,0,Low
2023,1,Thursday,10,Sindh,Thatta,Urban Road,Good,Clear,Dawn/Dusk,Car/Taxi,2,Over Speeding,0,0,0,1,3,0,Medium
2021,10,Monday,19,Punjab,Gujranwala,Provincial Highway,Good,Foggy,Dawn/Dusk,Motorcycle,1,Driver Fatigue,1,0,0,0,4,0,High
2022,12,Wednesday,15,KPK,Swat,Urban Road,Poor,Clear,Daylight,Rickshaw,2,Drunk Driving,0,0,0,1,0,0,Low
2022,10,Friday,0,Punjab,Rahim Yar Khan,Provincial Highway,Under Repair,Clear,Street Light,Motorcycle,2,Signal Violation,0,0,1,0,11,2,High
2023,5,Wednesday,19,KPK,Dera Ismail Khan,Rural Road,Poor,Clear,Daylight,Motorcycle,1,Pedestrian Error,1,0,0,0,2,0,Medium
2022,8,Saturday,10,Punjab,Rahim Yar Khan,Urban Road,Good,Clear,Daylight,Car/Taxi,3,Signal Violation,0,1,0,0,2,0,Low
2019,12,Wednesday,8,Sindh,Larkana,Provincial Highway,Average,Rainy,Dawn/Dusk,Car/Taxi,2,Driver Fatigue,1,0,0,1,4,1,Medium
2018,2,Sunday,12,Sindh,Sukkur,Urban Road,Good,Foggy,Dawn/Dusk,Motorcycle,2,Pedestrian Error,1,1,0,1,3,0,Medium
2022,9,Tuesday,7,KPK,Mardan,Urban Road,Average,Extreme Heat,Street Light,Car/Taxi,2,Mechanical Failure,1,0,0,0,2,0,Low
2023,3,Wednesday,18,Punjab,Rahim Yar Khan,Rural Road,Average,Clear,Daylight,Motorcycle,1,Wrong Overtaking,1,0,0,0,5,0,Medium
2019,8,Sunday,16,Punjab,Sialkot,Provincial Highway,Good,Clear,Daylight,Van/Pickup,2,Wrong Overtaking,0,1,0,0,4,1,Medium
2020,11,Friday,4,Punjab,Lahore,Provincial Highway,Good,Clear,Street Light,Car/Taxi,3,Wrong Overtaking,0,0,1,1,3,0,Medium
2023,4,Thursday,20,Sindh,Nawabshah,National Highway,Average,Foggy,Street Light,Truck/Lorry,2,Road Condition,1,0,0,0,2,0,Medium
2021,1,Wednesday,7,Punjab,Gujranwala,Provincial Highway,Good,Clear,Street Light,Bus/Coach,2,Wrong Overtaking,1,0,0,1,1,0,Low
2020,3,Saturday,20,Sindh,Hyderabad,Provincial Highway,Average,Clear,No Light,Car/Taxi,1,Wrong Overtaking,1,1,0,0,2,0,Medium
2023,1,Tuesday,13,Punjab,Rahim Yar Khan,National Highway,Poor,Rainy,Dawn/Dusk,Rickshaw,3,Mobile Phone Use,1,0,0,1,0,0,Low
2019,11,Monday,19,Punjab,Gujranwala,Provincial Highway,Average,Rainy,Street Light,Motorcycle,2,Pedestrian Error,1,0,0,1,5,2,High
2020,4,Monday,9,KPK,Nowshera,Urban Road,Average,Clear,Street Light,Motorcycle,2,Over Speeding,1,0,0,0,3,0,Medium
2021,6,Wednesday,16,Punjab,Lahore,National Highway,Good,Clear,Daylight,Motorcycle,2,Wrong Overtaking,0,0,0,0,6,0,High
2018,5,Sunday,18,Punjab,Gujranwala,Provincial Highway,Good,Clear,Street Light,Car/Taxi,2,Wrong Overtaking,1,1,0,0,2,2,Medium
2021,11,Wednesday,6,Sindh,Thatta,Provincial Highway,Average,Clear,Daylight,Motorcycle,3,Over Speeding,0,0,0,1,1,0,Medium
2019,6,Thursday,9,KPK,Charsadda,Provincial Highway,Poor,Clear,Daylight,Car/Taxi,3,Signal Violation,1,0,0,0,2,0,Low
2023,11,Friday,13,Punjab,Bahawalpur,National Highway,Average,Foggy,Daylight,Truck/Lorry,4,Mechanical Failure,1,0,0,1,2,0,Medium
2020,6,Wednesday,13,Punjab,Lahore,National Highway,Good,Foggy,Daylight,Truck/Lorry,3,Wrong Overtaking,1,0,0,0,8,1,High
2018,9,Saturday,14,Sindh,Thatta,National Highway,Good,Clear,Dawn/Dusk,Motorcycle,3,Over Speeding,0,1,0,0,3,2,High
2019,2,Thursday,12,Islamabad,Islamabad,National Highway,Average,Rainy,Dawn/Dusk,Motorcycle,1,Over Speeding,1,0,0,1,9,2,High
2023,8,Monday,4,Punjab,Bahawalpur,Urban Road,Average,Clear,No Light,Car/Taxi,2,Mechanical Failure,0,0,1,0,2,0,Low
2019,9,Tuesday,18,Sindh,Mirpur Khas,National Highway,Average,Clear,Daylight,Truck/Lorry,2,Mobile Phone Use,1,0,0,0,1,1,Medium
2018,11,Sunday,8,Balochistan,Zhob,Provincial Highway,Poor,Clear,Daylight,Car/Taxi,3,Mechanical Failure,1,1,0,1,0,0,Low
2022,4,Wednesday,19,Sindh,Hyderabad,Rural Road,Good,Dusty/Smoggy,Daylight,Car/Taxi,2,Mechanical Failure,1,0,0,0,1,1,Low
2020,1,Sunday,16,Punjab,Faisalabad,National Highway,Poor,Clear,Street Light,Motorcycle,3,Signal Violation,0,1,0,1,3,0,Medium
2022,10,Monday,9,KPK,Peshawar,National Highway,Average,Clear,Daylight,Bicycle,2,Over Speeding,1,0,0,0,8,1,High
2018,5,Wednesday,6,Punjab,Rahim Yar Khan,National Highway,Average,Clear,Dawn/Dusk,Motorcycle,1,Pedestrian Error,0,0,0,0,1,1,Medium
2022,2,Saturday,18,Punjab,Rawalpindi,Urban Road,Poor,Rainy,Dawn/Dusk,Motorcycle,2,Driver Fatigue,1,1,0,1,4,2,High
2018,6,Wednesday,22,Punjab,Faisalabad,Rural Road,Under Repair,Rainy,Street Light,Motorcycle,3,Signal Violation,0,0,1,0,8,1,High
2022,12,Sunday,20,Punjab,Bahawalpur,Rural Road,Average,Foggy,Street Light,Motorcycle,2,Over Speeding,1,1,0,1,5,0,Medium
2020,6,Wednesday,7,Punjab,Gujranwala,Rural Road,Good,Foggy,Daylight,Motorcycle,3,Over Speeding,1,0,0,0,5,1,High
2018,1,Friday,6,KPK,Nowshera,Urban Road,Good,Clear,No Light,Bus/Coach,3,Wrong Overtaking,0,0,0,1,0,0,Low
2020,12,Wednesday,14,Islamabad,Islamabad,Provincial Highway,Good,Foggy,Daylight,Rickshaw,1,Wrong Overtaking,0,0,0,1,5,0,Medium
2018,1,Thursday,8,Punjab,Faisalabad,Urban Road,Good,Foggy,Daylight,Bus/Coach,2,Pedestrian Error,1,0,0,1,1,1,Medium
2023,6,Tuesday,8,Punjab,Bahawalpur,National Highway,Average,Extreme Heat,Daylight,Motorcycle,3,Signal Violation,1,0,0,0,2,0,Medium
2021,10,Monday,11,KPK,Peshawar,National Highway,Average,Clear,No Light,Car/Taxi,3,Over Speeding,0,0,0,0,2,1,Medium
2022,2,Friday,12,Sindh,Larkana,Motorway,Poor,Rainy,Dawn/Dusk,Rickshaw,2,Mechanical Failure,1,0,0,1,5,2,Medium
2023,3,Tuesday,15,KPK,Nowshera,National Highway,Good,Foggy,Street Light,Motorcycle,2,Pedestrian Error,0,0,0,0,2,1,Medium
2023,10,Friday,17,Sindh,Karachi,Urban Road,Average,Clear,Daylight,Rickshaw,2,Over Speeding,1,0,0,0,2,0,Medium
2023,6,Saturday,19,Balochistan,Khuzdar,Rural Road,Average,Rainy,Street Light,Car/Taxi,2,Pedestrian Error,1,1,0,0,0,0,Low
2020,3,Thursday,19,Punjab,Rawalpindi,Rural Road,Good,Clear,Dawn/Dusk,Motorcycle,3,Over Speeding,1,0,0,0,1,0,Medium
2019,7,Friday,7,Punjab,Gujranwala,Provincial Highway,Good,Dusty/Smoggy,Daylight,Car/Taxi,2,Driver Fatigue,1,0,0,0,2,0,Low
2019,7,Saturday,16,Punjab,Rawalpindi,Provincial Highway,Poor,Extreme Heat,Daylight,Motorcycle,4,Over Speeding,0,1,0,0,5,0,Medium
2022,7,Tuesday,18,Sindh,Larkana,Urban Road,Average,Clear,Daylight,Rickshaw,3,Over Speeding,1,0,0,0,2,0,Low
2020,1,Friday,19,Islamabad,Islamabad,Provincial Highway,Good,Clear,Dawn/Dusk,Car/Taxi,1,Over Speeding,1,0,0,1,0,0,Low
2019,5,Saturday,20,Balochistan,Zhob,Motorway,Under Repair,Rainy,No Light,Motorcycle,2,Wrong Overtaking,1,1,0,0,6,2,High
2023,5,Thursday,7,Balochistan,Gwadar,National Highway,Under Repair,Extreme Heat,Dawn/Dusk,Motorcycle,3,Road Condition,1,0,0,0,11,3,High
2020,12,Friday,13,Punjab,Lahore,Rural Road,Good,Clear,Daylight,Rickshaw,2,Over Speeding,1,0,0,1,0,0,Low
2020,2,Saturday,15,KPK,Nowshera,Rural Road,Average,Clear,No Light,Rickshaw,1,Wrong Overtaking,0,1,0,1,2,0,Low
2018,12,Sunday,12,Punjab,Bahawalpur,Urban Road,Average,Dusty/Smoggy,Daylight,Motorcycle,2,Road Condition,1,1,0,1,0,0,Low
2023,7,Thursday,17,Islamabad,Islamabad,Rural Road,Poor,Clear,Daylight,Bicycle,2,Over Speeding,1,0,0,0,4,1,Medium
2018,10,Sunday,13,Punjab,Sargodha,National Highway,Good,Clear,Daylight,Van/Pickup,2,Mobile Phone Use,1,1,0,0,0,0,Low
2020,1,Friday,9,Punjab,Gujranwala,National Highway,Average,Clear,Dawn/Dusk,Car/Taxi,3,Wrong Overtaking,1,0,0,1,5,0,Medium
2023,10,Sunday,16,Balochistan,Loralai,Rural Road,Good,Rainy,Daylight,Car/Taxi,2,Driver Fatigue,0,1,0,0,2,0,Medium
2019,10,Thursday,11,KPK,Nowshera,Provincial Highway,Poor,Clear,Street Light,Car/Taxi,4,Mechanical Failure,0,0,0,0,1,0,Low
2021,1,Tuesday,10,KPK,Peshawar,National Highway,Good,Clear,Daylight,Car/Taxi,3,Over Speeding,0,0,0,1,2,2,Medium
2021,12,Monday,19,Punjab,Bahawalpur,Rural Road,Good,Clear,Dawn/Dusk,Motorcycle,1,Over Speeding,1,0,0,1,1,0,Medium
2023,11,Saturday,7,Balochistan,Sibi,Motorway,Good,Dusty/Smoggy,Daylight,Motorcycle,1,Wrong Overtaking,1,1,0,1,4,1,Medium
2023,2,Wednesday,8,KPK,Peshawar,National Highway,Good,Rainy,Daylight,Motorcycle,1,Road Condition,1,0,0,1,5,1,Medium
2023,1,Tuesday,21,Sindh,Kashmore,Urban Road,Average,Dusty/Smoggy,Street Light,Motorcycle,1,Over Speeding,0,0,0,1,5,0,Medium
2019,1,Monday,20,Sindh,Karachi,National Highway,Average,Foggy,Street Light,Rickshaw,2,Pedestrian Error,1,0,0,1,1,1,Medium
2022,2,Monday,14,KPK,Abbottabad,National Highway,Poor,Clear,Daylight,Car/Taxi,2,Over Speeding,0,0,0,1,2,1,Medium