year,month,day_of_week,hour_of_day,province,district,road_type,road_condition,weather_condition,lighting_condition,vehicle_type,vehicles_involved,accident_cause,is_rush_hour,is_weekend,is_night,is_foggy_month,num_injured,num_killed,severity
2019,11,Saturday,23,Punjab,Bahawalpur,Provincial Highway,Good,Clear,No Light,Motorcycle,4,Over Speeding,0,1,1,1,10,1,High
2019,6,Wednesday,19,Punjab,Sheikhupura,National Highway,Poor,Rainy,Dawn/Dusk,Motorcycle,2,Drunk Driving,1,0,0,0,11,1,High
2022,4,Friday,17,Sindh,Hyderabad,Provincial Highway,Average,Clear,Daylight,Van/Pickup,2,Over Speeding,1,0,0,0,1,1,Medium
2022,4,Sunday,13,KPK,Peshawar,National Highway,Under Repair,Foggy,Street Light,Car/Taxi,2,Weather Condition,1,1,0,0,3,0,Medium
2018,12,Wednesday,14,Punjab,Rahim Yar Khan,Provincial Highway,Under Repair,Foggy,Daylight,Car/Taxi,2,Signal Violation,0,0,0,1,4,1,Medium
2023,7,Sunday,3,Punjab,Multan,Rural Road,Poor,Clear,No Light,Bus/Coach,1,Pedestrian Error,0,1,1,0,3,0,Medium
2021,8,Friday,13,KPK,Mardan,Rural Road,Good,Clear,Daylight,Truck/Lorry,3,Signal Violation,1,0,0,0,1,0,Low
2019,10,Tuesday,18,Punjab,Sheikhupura,Urban Road,Poor,Clear,Daylight,Motorcycle,2,Pedestrian Error,1,0,0,0,3,1,Medium
2022,12,Friday,14,Punjab,Sheikhupura,Rural Road,Good,Clear,Daylight,Car/Taxi,1,Mobile Phone Use,0,0,0,1,0,0,Low
2021,4,Sunday,19,Balochistan,Hub,National Highway,Good,Clear,No Light,Motorcycle,2,Over Speeding,1,1,0,0,9,0,High
2018,3,Friday,17,Punjab,Gujranwala,Provincial Highway,Good,Foggy,Daylight,Car/Taxi,3,Mobile Phone Use,1,0,0,0,4,1,Medium
2020,11,Monday,23,Punjab,Sheikhupura,National Highway,Poor,Extreme Heat,No Light,Motorcycle,2,Mechanical Failure,0,0,1,1,3,0,Medium
2022,11,Wednesday,10,Sindh,Jacobabad,National Highway,Good,Clear,Daylight,Truck/Lorry,1,Drunk Driving,0,0,0,1,2,0,Medium
2019,5,Wednesday,22,Sindh,Hyderabad,Rural Road,Average,Foggy,Street Light,Motorcycle,3,Mobile Phone Use,0,0,1,0,1,1,Medium
2022,8,Wednesday,14,Punjab,Sialkot,National Highway,Poor,Clear,Daylight,Car/Taxi,2,Over Speeding,0,0,0,0,2,0,Medium
2020,6,Sunday,8,Balochistan,Zhob,Rural Road,Poor,Clear,Street Light,Bicycle,2,Pedestrian Error,1,1,0,0,2,0,Low
2018,9,Saturday,22,Sindh,Kashmore,Provincial Highway,Average,Clear,Street Light,Rickshaw,1,Pedestrian Error,0,1,1,0,2,0,Low
2022,12,Wednesday,20,Punjab,Lahore,Urban Road,Good,Clear,Street Light,Car/Taxi,1,Wrong Overtaking,1,0,0,1,1,0,Low
2020,8,Friday,13,Punjab,Faisalabad,National Highway,Poor,Clear,Daylight,Motorcycle,4,Over Speeding,1,0,0,0,10,0,High
2022,1,Friday,9,Sindh,Hyderabad,National Highway,Average,Clear,Daylight,Car/Taxi,2,Signal Violation,1,0,0,1,4,0,Medium
2023,4,Monday,14,Punjab,Lahore,National Highway,Good,Rainy,Daylight,Motorcycle,2,Mechanical Failure,0,0,0,0,4,2,High
2023,5,Thursday,5,Islamabad,Islamabad,National Highway,Under Repair,Clear,No Light,Motorcycle,3,Road Condition,0,0,1,0,4,2,High
2018,1,Monday,20,Punjab,Sialkot,Rural Road,Good,Clear,No Light,Car/Taxi,2,Over Speeding,1,0,0,1,2,0,Low
2023,9,Monday,16,KPK,Abbottabad,Rural Road,Average,Dusty/Smoggy,Daylight,Truck/Lorry,2,Road Condition,0,0,0,0,0,0,Low
2023,4,Sunday,7,KPK,Bannu,National Highway,Good,Clear,Daylight,Truck/Lorry,1,Driver Fatigue,1,1,0,0,4,1,High
2021,7,Saturday,6,KPK,Charsadda,Urban Road,Average,Clear,Street Light,Motorcycle,1,Road Condition,0,1,0,0,2,0,Medium
2022,5,Thursday,18,Punjab,Sargodha,Provincial Highway,Good,Clear,Daylight,Bus/Coach,4,Over Speeding,1,0,0,0,3,0,Medium
2022,8,Monday,19,Sindh,Mirpur Khas,Urban Road,Poor,Dusty/Smoggy,Street Light,Bus/Coach,2,Over Speeding,1,0,0,0,1,0,Medium
2021,1,Sunday,15,Punjab,Rawalpindi,Urban Road,Average,Foggy,Daylight,Motorcycle,2,Signal Violation,0,1,0,1,9,1,High
2023,7,Saturday,19,KPK,Nowshera,National Highway,Good,Rainy,Dawn/Dusk,Truck/Lorry,2,Driver Fatigue,1,1,0,0,5,2,High
2021,12,Friday,20,Sindh,Nawabshah,National Highway,Average,Clear,Street Light,Motorcycle,3,Over Speeding,1,0,0,1,4,0,High
2022,8,Sunday,20,Punjab,Faisalabad,Urban Road,Good,Foggy,No Light,Bus/Coach,1,Driver Fatigue,1,1,0,0,10,3,High
2022,10,Friday,18,KPK,Kohat,National Highway,Poor,Clear,Daylight,Car/Taxi,1,Signal Violation,1,0,0,0,1,0,Low
2019,4,Monday,17,Punjab,Gujranwala,Urban Road,Good,Dusty/Smoggy,Daylight,Rickshaw,3,Over Speeding,1,0,0,0,1,2,Medium
2019,8,Saturday,19,Punjab,Rawalpindi,National Highway,Under Repair,Clear,No Light,Motorcycle,2,Pedestrian Error,1,1,0,0,4,1,Medium
2022,7,Sunday,17,Sindh,Hyderabad,Urban Road,Good,Foggy,Daylight,Car/Taxi,1,Mechanical Failure,1,1,0,0,2,0,Low
2018,8,Thursday,9,Punjab,Faisalabad,Provincial Highway,Poor,Clear,Daylight,Car/Taxi,1,Over Speeding,1,0,0,0,0,0,Low
2022,7,Thursday,17,Islamabad,Islamabad,National Highway,Average,Foggy,Daylight,Motorcycle,4,Over Speeding,1,0,0,0,2,1,High
2023,6,Thursday,18,Punjab,Gujranwala,Urban Road,Good,Clear,Daylight,Motorcycle,2,Wrong Overtaking,1,0,0,0,1,2,Medium
2019,12,Saturday,15,Sindh,Karachi,Provincial Highway,Good,Clear,Daylight,Car/Taxi,2,Mechanical Failure,0,1,0,1,0,0,Low
2023,7,Wednesday,18,Islamabad,Islamabad,Urban Road,Average,Rainy,Daylight,Rickshaw,1,Wrong Overtaking,1,0,0,0,2,0,Low
2022,5,Tuesday,17,Punjab,Sialkot,Urban Road,Poor,Dusty/Smoggy,Daylight,Truck/Lorry,2,Drunk Driving,1,0,0,0,5,0,Medium
2021,1,Wednesday,22,Punjab,Sheikhupura,Urban Road,Poor,Dusty/Smoggy,Street Light,Motorcycle,3,Road Condition,0,0,1,1,3,2,Medium
2020,7,Friday,18,Punjab,Lahore,National Highway,Poor,Clear,Daylight,Car/Taxi,2,Road Condition,1,0,0,0,4,0,Medium
2021,12,Thursday,20,Islamabad,Islamabad,Urban Road,Good,Clear,No Light,Motorcycle,1,Wrong Overtaking,1,0,0,1,2,0,Medium
2020,8,Friday,4,KPK,Abbottabad,Rural Road,Good,Clear,No Light,Rickshaw,1,Over Speeding,0,0,1,0,4,0,Medium
2018,12,Wednesday,14,Punjab,Rahim Yar Khan,Provincial Highway,Average,Dusty/Smoggy,Dawn/Dusk,Bus/Coach,3,Mechanical Failure,0,0,0,1,2,0,Low
2018,1,Friday,11,Punjab,Gujranwala,Provincial Highway,Average,Foggy,Daylight,Motorcycle,2,Mechanical Failure,0,0,0,1,6,1,High
2020,1,Thursday,14,Balochistan,Khuzdar,National Highway,Good,Extreme Heat,Daylight,Motorcycle,3,Mobile Phone Use,0,0,0,1,2,1,Medium
2018,6,Saturday,13,Sindh,Hyderabad,Motorway,Good,Clear,Daylight,Van/Pickup,4,Mobile Phone Use,1,1,0,0,2,0,Low
2021,10,Wednesday,22,Sindh,Sukkur,Motorway,Average,Rainy,No Light,Truck/Lorry,2,Pedestrian Error,0,0,1,0,3,1,Medium
2018,10,Thursday,3,Sindh,Jacobabad,Urban Road,Good,Dusty/Smoggy,Street Light,Motorcycle,3,Signal Violation,0,0,1,0,3,0,Medium
2019,5,Friday,10,KPK,Nowshera,National Highway,Good,Foggy,Daylight,Motorcycle,1,Signal Violation,0,0,0,0,10,1,High
2022,9,Tuesday,3,Islamabad,Islamabad,Urban Road,Good,Dusty/Smoggy,Street Light,Motorcycle,2,Wrong Overtaking,0,0,1,0,2,1,Medium
2021,4,Monday,15,KPK,Kohat,Provincial Highway,Good,Clear,Daylight,Motorcycle,3,Over Speeding,0,0,0,0,11,1,High
2020,9,Thursday,7,Islamabad,Islamabad,Provincial Highway,Average,Clear,Daylight,Rickshaw,1,Over Speeding,1,0,0,0,2,0,Medium
2023,2,Friday,19,KPK,Mardan,National Highway,Good,Clear,Dawn/Dusk,Motorcycle,1,Wrong Overtaking,1,0,0,1,1,1,Medium
2023,12,Monday,18,Punjab,Lahore,Urban Road,Poor,Rainy,Daylight,Car/Taxi,3,Over Speeding,1,0,0,1,4,0,Medium
2020,10,Wednesday,17,Punjab,Rawalpindi,Urban Road,Good,Foggy,Dawn/Dusk,Car/Taxi,2,Over Speeding,1,0,0,0,1,1,Medium
2023,1,Sunday,2,Balochistan,Loralai,National Highway,Good,Clear,No Light,Car/Taxi,2,Signal Violation,0,1,1,1,4,2,Medium
2023,11,Saturday,14,Punjab,Lahore,Urban Road,Average,Clear,Daylight,Motorcycle,2,Wrong Overtaking,0,1,0,1,1,0,Low
2022,1,Wednesday,21,KPK,Nowshera,Provincial Highway,Good,Rainy,No Light,Rickshaw,3,Over Speeding,0,0,0,1,7,1,High
2023,4,Saturday,2,Balochistan,Zhob,Provincial Highway,Average,Clear,Street Light,Motorcycle,3,Road Condition,0,1,1,0,2,2,High
2022,2,Thursday,20,Punjab,Multan,National Highway,Good,Clear,No Light,Truck/Lorry,2,Weather Condition,1,0,0,1,1,0,Medium
2021,1,Friday,23,Punjab,Rahim Yar Khan,National Highway,Good,Clear,No Light,Bus/Coach,2,Over Speeding,0,0,1,1,7,1,High
2022,8,Wednesday,14,Punjab,Sialkot,Provincial Highway,Poor,Clear,Daylight,Motorcycle,2,Mechanical Failure,0,0,0,0,4,0,Medium
2023,1,Monday,8,Punjab,Multan,National Highway,Poor,Rainy,Daylight,Motorcycle,2,Drunk Driving,1,0,0,1,2,3,High
2023,7,Sunday,21,KPK,Kohat,Provincial Highway,Good,Clear,Street Light,Car/Taxi,3,Signal Violation,0,1,0,0,1,0,Low
2019,3,Monday,13,Punjab,Rawalpindi,Provincial Highway,Average,Dusty/Smoggy,Street Light,Motorcycle,1,Drunk Driving,1,0,0,0,2,0,Medium
2020,12,Tuesday,11,Islamabad,Islamabad,National Highway,Good,Rainy,Daylight,Car/Taxi,1,Mechanical Failure,0,0,0,1,5,0,Medium
2023,6,Monday,21,Punjab,Rahim Yar Khan,Urban Road,Average,Clear,No Light,Bus/Coach,2,Over Speeding,0,0,0,0,3,0,Medium
2022,5,Thursday,11,KPK,Bannu,Provincial Highway,Good,Clear,Dawn/Dusk,Car/Taxi,2,Mechanical Failure,0,0,0,0,2,0,Low
2021,10,Sunday,13,Punjab,Lahore,National Highway,Good,Clear,Street Light,Car/Taxi,2,Mechanical Failure,1,1,0,0,0,0,Low
2021,12,Tuesday,18,Sindh,Jacobabad,Provincial Highway,Average,Clear,Daylight,Car/Taxi,3,Over Speeding,1,0,0,1,2,0,Low
2019,11,Tuesday,21,Punjab,Gujranwala,National Highway,Average,Rainy,No Light,Bicycle,2,Wrong Overtaking,0,0,0,1,6,4,High
2020,9,Wednesday,17,Punjab,Sheikhupura,Provincial Highway,Good,Clear,Daylight,Bus/Coach,1,Over Speeding,1,0,0,0,4,0,Medium
2021,3,Sunday,17,Sindh,Hyderabad,Urban Road,Poor,Clear,Daylight,Motorcycle,1,Road Condition,1,1,0,0,3,1,Medium
2021,9,Friday,0,Islamabad,Islamabad,Rural Road,Good,Clear,No Light,Truck/Lorry,2,Over Speeding,0,0,1,0,1,1,Medium
2020,8,Monday,18,Punjab,Sialkot,Provincial Highway,Under Repair,Clear,Daylight,Bus/Coach,3,Signal Violation,1,0,0,0,0,0,Low
2022,12,Monday,11,Punjab,Rawalpindi,Rural Road,Average,Foggy,Daylight,Motorcycle,3,Over Speeding,0,0,0,1,3,1,Medium
2023,11,Monday,23,KPK,Swat,National Highway,Average,Clear,No Light,Motorcycle,1,Over Speeding,0,0,1,1,8,2,High
2023,9,Wednesday,14,Balochistan,Gwadar,Rural Road,Average,Clear,Dawn/Dusk,Car/Taxi,2,Over Speeding,0,0,0,0,0,0,Low
2023,2,Thursday,11,Punjab,Faisalabad,Rural Road,Average,Rainy,Daylight,Car/Taxi,1,Mechanical Failure,0,0,0,1,1,0,Low
2023,7,Sunday,19,Punjab,Lahore,Rural Road,Good,Dusty/Smoggy,Street Light,Bus/Coach,1,Signal Violation,1,1,0,0,2,1,Medium
2022,6,Thursday,14,Punjab,Rawalpindi,Provincial Highway,Poor,Clear,Daylight,Motorcycle,1,Over Speeding,0,0,0,0,11,2,High
2018,2,Friday,10,Punjab,Rahim Yar Khan,National Highway,Poor,Clear,Daylight,Motorcycle,2,Wrong Overtaking,0,0,0,1,8,2,High
2019,12,Wednesday,4,Punjab,Bahawalpur,Provincial Highway,Good,Clear,Street Light,Rickshaw,1,Wrong Overtaking,0,0,1,1,1,0,Low
2020,12,Tuesday,20,Punjab,Rawalpindi,Provincial Highway,Poor,Foggy,Street Light,Bus/Coach,2,Wrong Overtaking,1,0,0,1,4,1,Medium
2021,11,Tuesday,22,Sindh,Karachi,National Highway,Good,Clear,Street Light,Car/Taxi,1,Over Speeding,0,0,1,1,2,2,Medium
2023,11,Saturday,19,Sindh,Larkana,Urban Road,Poor,Rainy,No Light,Rickshaw,2,Signal Violation,1,1,0,1,1,0,Medium
2021,5,Friday,9,Punjab,Sheikhupura,National Highway,Poor,Extreme Heat,Daylight,Car/Taxi,2,Over Speeding,1,0,0,0,8,3,High
2022,11,Friday,9,Sindh,Nawabshah,Rural Road,Poor,Clear,Dawn/Dusk,Truck/Lorry,2,Signal Violation,1,0,0,1,2,0,Low
2019,9,Saturday,13,Punjab,Sheikhupura,Urban Road,Poor,Rainy,Daylight,Rickshaw,1,Over Speeding,1,1,0,0,1,0,Medium
2022,4,Wednesday,9,Punjab,Lahore,Rural Road,Average,Clear,Daylight,Motorcycle,2,Wrong Overtaking,1,0,0,0,3,0,Medium
2019,7,Tuesday,17,Punjab,Lahore,Provincial Highway,Average,Clear,Daylight,Truck/Lorry,4,Pedestrian Error,1,0,0,0,2,0,Medium
2023,9,Thursday,19,Punjab,Sialkot,National Highway,Poor,Clear,Street Light,Car/Taxi,2,Pedestrian Error,1,0,0,0,5,0,Medium
2018,5,Tuesday,22,KPK,Abbottabad,Provincial Highway,Good,Dusty/Smoggy,Street Light,Bicycle,3,Over Speeding,0,0,1,0,8,1,High
2018,10,Saturday,0,Punjab,Bahawalpur,Rural Road,Good,Foggy,Street Light,Car/Taxi,2,Over Speeding,0,1,1,0,5,1,Medium
2022,11,Thursday,23,KPK,Swat,Provincial Highway,Good,Clear,Street Light,Car/Taxi,2,Pedestrian Error,0,0,1,1,2,0,Medium
2020,8,Friday,8,Sindh,Dadu,National Highway,Average,Clear,Daylight,Rickshaw,2,Over Speeding,1,0,0,0,6,1,High
2023,11,Thursday,13,Sindh,Nawabshah,Urban Road,Poor,Clear,Street Light,Rickshaw,2,Over Speeding,1,0,0,1,2,0,Low
2023,11,Wednesday,16,Sindh,Hyderabad,Rural Road,Under Repair,Clear,Daylight,Motorcycle,4,Signal Violation,0,0,0,1,0,0,Low
2018,2,Saturday,12,Punjab,Lahore,Urban Road,Good,Clear,Dawn/Dusk,Motorcycle,1,Driver Fatigue,1,1,0,1,4,1,Medium
2022,2,Friday,17,Punjab,Rahim Yar Khan,Urban Road,Good,Clear,Street Light,Car/Taxi,2,Signal Violation,1,0,0,1,2,0,Low
2018,6,Wednesday,12,Punjab,Faisalabad,Urban Road,Average,Foggy,Daylight,Motorcycle,1,Road Condition,1,0,0,0,1,0,Medium
2019,3,Saturday,19,Punjab,Lahore,Provincial Highway,Average,Clear,No Light,Motorcycle,1,Mechanical Failure,1,1,0,0,1,0,Low
2020,9,Wednesday,16,Sindh,Thatta,Urban Road,Average,Clear,Dawn/Dusk,Van/Pickup,2,Wrong Overtaking,0,0,0,0,2,0,Low
2021,1,Thursday,1,KPK,Mardan,Urban Road,Good,Clear,No Light,Motorcycle,2,Wrong Overtaking,0,0,1,1,2,0,Medium
2019,6,Sunday,20,Punjab,Sheikhupura,Urban Road,Good,Extreme Heat,No Light,Bus/Coach,2,Drunk Driving,1,1,0,0,1,1,Medium
2023,3,Tuesday,1,Islamabad,Islamabad,Urban Road,Average,Clear,Street Light,Rickshaw,2,Wrong Overtaking,0,0,1,0,1,2,Medium
2021,10,Wednesday,6,Punjab,Sheikhupura,Rural Road,Average,Clear,Daylight,Motorcycle,2,Signal Violation,0,0,0,0,5,1,Medium
2022,5,Friday,10,Punjab,Sheikhupura,National Highway,Good,Clear,Daylight,Motorcycle,1,Wrong Overtaking,0,0,0,0,10,2,High
2019,11,Wednesday,19,Balochistan,Dera Bugti,Urban Road,Poor,Rainy,Daylight,Bus/Coach,2,Drunk Driving,1,0,0,1,1,0,Medium
2020,5,Saturday,9,Punjab,Sialkot,Urban Road,Good,Clear,Daylight,Rickshaw,1,Wrong Overtaking,1,1,0,0,0,0,Low
2021,10,Tuesday,18,Gilgit-Baltistan,Skardu,Motorway,Average,Clear,Daylight,Motorcycle,2,Pedestrian Error,1,0,0,0,2,2,Medium
2023,7,Saturday,7,Punjab,Rawalpindi,National Highway,Average,Dusty/Smoggy,Daylight,Van/Pickup,4,Signal Violation,1,1,0,0,5,2,Medium
2021,12,Saturday,8,Punjab,Sheikhupura,Urban Road,Poor,Foggy,Dawn/Dusk,Motorcycle,3,Over Speeding,1,1,0,1,3,3,High
2022,1,Monday,8,Punjab,Sheikhupura,Provincial Highway,Average,Rainy,Daylight,Motorcycle,1,Over Speeding,1,0,0,1,5,1,High
2023,2,Sunday,8,Sindh,Kashmore,Provincial Highway,Under Repair,Foggy,Dawn/Dusk,Van/Pickup,1,Over Speeding,1,1,0,1,2,1,Medium
2021,9,Saturday,6,Sindh,Mirpur Khas,Urban Road,Average,Clear,Daylight,Car/Taxi,2,Over Speeding,0,1,0,0,1,0,Low
2022,6,Monday,9,Punjab,Sheikhupura,Urban Road,Good,Clear,Daylight,Motorcycle,3,Over Speeding,1,0,0,0,4,2,Medium
2022,3,Monday,9,Punjab,Rahim Yar Khan,Urban Road,Good,Clear,Daylight,Truck/Lorry,2,Wrong Overtaking,1,0,0,0,2,0,Low
2023,11,Friday,20,Punjab,Bahawalpur,Rural Road,Good,Clear,Street Light,Bus/Coach,2,Driver Fatigue,1,0,0,1,2,2,Medium
2023,7,Thursday,21,Punjab,Sargodha,Provincial Highway,Good,Clear,No Light,Motorcycle,2,Mobile Phone Use,0,0,0,0,1,0,Low
2020,12,Wednesday,19,Islamabad,Islamabad,Rural Road,Average,Foggy,Street Light,Motorcycle,3,Over Speeding,1,0,0,1,10,3,High
2020,1,Saturday,19,Punjab,Rahim Yar Khan,Rural Road,Average,Clear,No Light,Motorcycle,3,Signal Violation,1,1,0,1,5,0,Medium
2018,7,Tuesday,13,KPK,Swat,National Highway,Good,Foggy,Street Light,Bus/Coach,1,Wrong Overtaking,1,0,0,0,1,1,Medium
2023,2,Wednesday,12,Punjab,Gujranwala,Provincial Highway,Average,Foggy,Daylight,Motorcycle,4,Over Speeding,1,0,0,1,10,3,High
2022,2,Friday,0,Punjab,Lahore,Urban Road,Poor,Rainy,Street Light,Motorcycle,2,Mechanical Failure,0,0,1,1,2,2,High
2019,11,Wednesday,9,Sindh,Mirpur Khas,National Highway,Average,Clear,Street Light,Motorcycle,2,Over Speeding,1,0,0,1,3,1,High
2019,6,Sunday,21,KPK,Mardan,Urban Road,Average,Clear,No Light,Motorcycle,3,Over Speeding,0,1,0,0,4,1,Medium
2018,7,Tuesday,10,Balochistan,Quetta,Urban Road,Good,Dusty/Smoggy,Daylight,Bus/Coach,1,Mobile Phone Use,0,0,0,0,2,0,Low
2021,1,Sunday,22,Sindh,Hyderabad,National Highway,Poor,Clear,No Light,Motorcycle,1,Pedestrian Error,0,1,1,1,4,1,Medium
2021,12,Tuesday,21,Punjab,Bahawalpur,Rural Road,Good,Clear,Street Light,Rickshaw,3,Driver Fatigue,0,0,0,1,2,1,Low
2018,2,Wednesday,14,Punjab,Sialkot,Rural Road,Poor,Dusty/Smoggy,Daylight,Bus/Coach,2,Signal Violation,0,0,0,1,2,0,Low
2023,9,Thursday,7,KPK,Mansehra,National Highway,Average,Foggy,Daylight,Motorcycle,2,Over Speeding,1,0,0,0,11,0,High
2021,11,Sunday,8,Punjab,Sheikhupura,Urban Road,Good,Clear,Daylight,Motorcycle,2,Mechanical Failure,1,1,0,1,2,0,Low
2022,12,Saturday,19,Balochistan,Turbat,Urban Road,Good,Extreme Heat,Daylight,Van/Pickup,1,Pedestrian Error,1,1,0,1,2,1,Low
2018,3,Monday,14,Sindh,Karachi,Urban Road,Average,Clear,No Light,Motorcycle,2,Over Speeding,0,0,0,0,2,0,Medium
2019,3,Tuesday,0,Balochistan,Hub,Urban Road,Average,Foggy,No Light,Bus/Coach,1,Over Speeding,0,0,1,0,2,0,High
2019,5,Saturday,22,Sindh,Larkana,Provincial Highway,Good,Clear,No Light,Rickshaw,2,Driver Fatigue,0,1,1,0,3,0,Medium
2021,1,Sunday,17,KPK,Swat,National Highway,Average,Clear,Daylight,Rickshaw,1,Over Speeding,1,1,0,1,5,0,Medium
2023,9,Tuesday,17,Punjab,Bahawalpur,Provincial Highway,Under Repair,Dusty/Smoggy,Daylight,Motorcycle,1,Mechanical Failure,1,0,0,0,1,0,Medium
2019,2,Thursday,11,Sindh,Hyderabad,Rural Road,Average,Dusty/Smoggy,Daylight,Truck/Lorry,2,Weather Condition,0,0,0,1,0,0,Low
2022,2,Sunday,7,Punjab,Lahore,National Highway,Poor,Foggy,Daylight,Car/Taxi,1,Wrong Overtaking,1,1,0,1,9,2,High
2021,10,Saturday,15,Sindh,Hyderabad,Urban Road,Poor,Clear,Street Light,Van/Pickup,2,Road Condition,0,1,0,0,2,0,Low
2018,5,Wednesday,14,Sindh,Dadu,National Highway,Average,Clear,Daylight,Car/Taxi,2,Pedestrian Error,0,0,0,0,3,0,Medium
2023,11,Tuesday,9,KPK,Nowshera,Urban Road,Good,Foggy,Daylight,Motorcycle,1,Over Speeding,1,0,0,1,2,0,Medium
2023,6,Saturday,22,KPK,Swat,Provincial Highway,Poor,Clear,Street Light,Truck/Lorry,3,Over Speeding,0,1,1,0,9,1,High
2020,6,Wednesday,9,Sindh,Kashmore,Urban Road,Good,Clear,Daylight,Bicycle,2,Road Condition,1,0,0,0,2,0,Low
2023,5,Monday,19,Punjab,Sheikhupura,Provincial Highway,Good,Clear,Daylight,Motorcycle,2,Wrong Overtaking,1,0,0,0,1,2,Medium
2022,3,Sunday,22,Balochistan,Dera Bugti,National Highway,Poor,Foggy,Street Light,Bus/Coach,3,Signal Violation,0,1,1,0,6,2,High
2022,12,Thursday,9,Punjab,Rahim Yar Khan,Motorway,Good,Clear,Daylight,Motorcycle,2,Drunk Driving,1,0,0,1,8,1,High
2018,5,Saturday,12,KPK,Mansehra,Motorway,Average,Clear,Daylight,Bus/Coach,2,Signal Violation,1,1,0,0,4,3,High
2018,12,Friday,18,Sindh,Thatta,National Highway,Poor,Clear,Daylight,Truck/Lorry,2,Wrong Overtaking,1,0,0,1,2,1,Medium
2020,8,Tuesday,10,KPK,Kohat,Rural Road,Good,Clear,Daylight,Car/Taxi,3,Signal Violation,0,0,0,0,2,1,Low
2022,1,Monday,14,Sindh,Kashmore,Rural Road,Average,Rainy,Daylight,Truck/Lorry,1,Road Condition,0,0,0,1,5,1,Medium
2019,11,Wednesday,21,Sindh,Hyderabad,Provincial Highway,Average,Clear,Street Light,Truck/Lorry,1,Pedestrian Error,0,0,0,1,1,2,Medium
2021,7,Thursday,20,Punjab,Rahim Yar Khan,Rural Road,Poor,Extreme Heat,No Light,Rickshaw,2,Over Speeding,1,0,0,0,2,0,Low
2022,6,Monday,7,KPK,Bannu,Rural Road,Good,Clear,Daylight,Motorcycle,2,Over Speeding,1,0,0,0,4,1,Medium
2022,8,Wednesday,19,Punjab,Gujranwala,Urban Road,Under Repair,Foggy,Street Light,Motorcycle,2,Road Condition,1,0,0,0,2,0,Low
2019,5,Wednesday,10,KPK,Swat,Urban Road,Good,Dusty/Smoggy,Daylight,Motorcycle,2,Pedestrian Error,0,0,0,0,3,0,Medium
2023,8,Friday,12,Punjab,Bahawalpur,Urban Road,Average,Clear,Daylight,Motorcycle,1,Wrong Overtaking,1,0,0,0,1,1,Medium
2021,5,Monday,9,KPK,Mardan,National Highway,Good,Foggy,Daylight,Motorcycle,2,Over Speeding,1,0,0,0,8,0,High
2021,7,Monday,19,Punjab,Sargodha,Rural Road,Poor,Foggy,No Light,Truck/Lorry,4,Over Speeding,1,0,0,0,4,1,Medium
2023,6,Tuesday,14,Punjab,Rawalpindi,Rural Road,Good,Clear,Daylight,Rickshaw,2,Mechanical Failure,0,0,0,0,0,0,Low
2022,5,Thursday,16,KPK,Mansehra,Urban Road,Average,Clear,Daylight,Motorcycle,3,Wrong Overtaking,0,0,0,0,2,0,Medium
2022,1,Friday,11,KPK,Mardan,Urban Road,Average,Foggy,Daylight,Car/Taxi,2,Over Speeding,0,0,0,1,3,0,Medium
2021,11,Friday,12,KPK,Abbottabad,National Highway,Good,Clear,Daylight,Van/Pickup,2,Pedestrian Error,1,0,0,1,4,0,Medium
2018,3,Sunday,6,Islamabad,Islamabad,Urban Road,Good,Clear,Street Light,Car/Taxi,1,Wrong Overtaking,0,1,0,0,2,0,Low
2020,7,Thursday,17,Punjab,Rahim Yar Khan,Motorway,Good,Clear,Daylight,Motorcycle,2,Mechanical Failure,1,0,0,0,8,0,High
2021,6,Saturday,12,Punjab,Sargodha,Provincial Highway,Good,Clear,Daylight,Motorcycle,2,Over Speeding,1,1,0,0,8,1,High
2023,4,Tuesday,16,Punjab,Lahore,Urban Road,Good,Clear,Dawn/Dusk,Rickshaw,2,Over Speeding,0,0,0,0,2,0,Medium
2023,2,Friday,8,Punjab,Sargodha,National Highway,Good,Foggy,No Light,Car/Taxi,3,Wrong Overtaking,1,0,0,1,3,2,Medium
2023,2,Wednesday,23,Punjab,Sargodha,National Highway,Poor,Clear,Street Light,Bicycle,3,Wrong Overtaking,0,0,1,1,9,2,High
2020,7,Sunday,19,KPK,Bannu,Urban Road,Poor,Foggy,Dawn/Dusk,Rickshaw,2,Wrong Overtaking,1,1,0,0,0,0,Low
2022,3,Monday,7,Punjab,Gujranwala,National Highway,Poor,Clear,No Light,Bus/Coach,1,Wrong Overtaking,1,0,0,0,7,1,High
2023,10,Monday,18,Punjab,Bahawalpur,National Highway,Poor,Clear,Dawn/Dusk,Van/Pickup,1,Pedestrian Error,1,0,0,0,2,0,Low
2021,1,Sunday,9,Sindh,Sukkur,Provincial Highway,Good,Extreme Heat,Daylight,Rickshaw,4,Over Speeding,1,1,0,1,2,0,Medium
2020,4,Sunday,14,Punjab,Lahore,National Highway,Poor,Clear,Daylight,Bus/Coach,3,Pedestrian Error,0,1,0,0,2,0,Medium
2020,3,Wednesday,10,Punjab,Faisalabad,National Highway,Average,Clear,Dawn/Dusk,Motorcycle,3,Pedestrian Error,0,0,0,0,2,0,Medium
2023,4,Saturday,23,Punjab,Gujranwala,National Highway,Good,Rainy,No Light,Bus/Coach,1,Over Speeding,0,1,1,0,3,2,High