year,month,day_of_week,hour_of_day,province,district,road_type,road_condition,weather_condition,lighting_condition,vehicle_type,vehicles_involved,accident_cause,is_rush_hour,is_weekend,is_night,is_foggy_month,num_injured,num_killed,severity
2022,6,Wednesday,22,Islamabad,Islamabad,Rural Road,Poor,Clear,Street Light,Bicycle,1,Driver Fatigue,0,0,1,0,3,1,High
2022,7,Thursday,6,Punjab,Rahim Yar Khan,National Highway,Under Repair,Clear,No Light,Motorcycle,4,Mechanical Failure,0,0,0,0,3,2,Medium
2021,6,Wednesday,18,Balochistan,Sibi,National Highway,Good,Clear,Daylight,Motorcycle,2,Over Speeding,1,0,0,0,9,3,High
2022,1,Thursday,20,Sindh,Larkana,Rural Road,Average,Rainy,Street Light,Motorcycle,1,Over Speeding,1,0,0,1,2,0,Medium
2019,7,Thursday,6,Punjab,Sargodha,National Highway,Good,Clear,Daylight,Rickshaw,2,Pedestrian Error,0,0,0,0,5,1,Medium
2021,7,Monday,21,Punjab,Rahim Yar Khan,Rural Road,Good,Dusty/Smoggy,Street Light,Car/Taxi,1,Road Condition,0,0,0,0,2,0,Low
2020,7,Friday,18,KPK,Nowshera,Urban Road,Good,Extreme Heat,Daylight,Bicycle,1,Drunk Driving,1,0,0,0,4,0,Medium
2019,8,Saturday,21,Islamabad,Islamabad,Provincial Highway,Poor,Foggy,No Light,Bicycle,2,Weather Condition,0,1,0,0,2,2,Medium
2018,11,Saturday,10,Punjab,Lahore,Provincial Highway,Under Repair,Foggy,Daylight,Car/Taxi,1,Pedestrian Error,0,1,0,1,1,0,Low
2023,5,Monday,7,Punjab,Faisalabad,National Highway,Good,Clear,No Light,Bus/Coach,4,Signal Violation,1,0,0,0,4,0,Medium
2021,2,Sunday,23,Punjab,Bahawalpur,Urban Road,Average,Rainy,Street Light,Motorcycle,2,Pedestrian Error,0,1,1,1,3,0,Medium
2023,4,Wednesday,7,Punjab,Multan,Provincial Highway,Good,Foggy,Daylight,Rickshaw,1,Driver Fatigue,1,0,0,0,4,0,Medium
2022,1,Thursday,17,KPK,Charsadda,Urban Road,Under Repair,Rainy,Daylight,Rickshaw,2,Over Speeding,1,0,0,1,1,0,Medium
2020,3,Thursday,14,Sindh,Thatta,Provincial Highway,Average,Foggy,Street Light,Motorcycle,2,Over Speeding,0,0,0,0,8,0,High
2022,11,Friday,18,Punjab,Sargodha,Provincial Highway,Poor,Foggy,Daylight,Motorcycle,1,Over Speeding,1,0,0,1,9,0,High
2023,12,Thursday,6,Islamabad,Islamabad,Provincial Highway,Under Repair,Clear,No Light,Car/Taxi,2,Signal Violation,0,0,0,1,2,0,Low
2020,7,Sunday,18,Punjab,Faisalabad,National Highway,Good,Foggy,No Light,Motorcycle,2,Wrong Overtaking,1,1,0,0,6,1,High
2021,1,Thursday,15,KPK,Mansehra,Rural Road,Good,Foggy,Daylight,Bicycle,2,Over Speeding,0,0,0,1,3,1,High
2023,5,Friday,0,KPK,Peshawar,Provincial Highway,Average,Clear,No Light,Motorcycle,3,Over Speeding,0,0,1,0,11,2,High
2020,11,Thursday,9,Punjab,Gujranwala,National Highway,Poor,Dusty/Smoggy,Dawn/Dusk,Bus/Coach,1,Drunk Driving,1,0,0,1,2,2,Medium
2023,12,Wednesday,6,Punjab,Multan,National Highway,Good,Foggy,Street Light,Bus/Coach,3,Wrong Overtaking,0,0,0,1,6,2,High
2019,4,Monday,18,Punjab,Rahim Yar Khan,Rural Road,Poor,Foggy,Daylight,Rickshaw,4,Mechanical Failure,1,0,0,0,1,0,Low
2021,11,Saturday,7,Islamabad,Islamabad,National Highway,Poor,Foggy,Daylight,Truck/Lorry,3,Driver Fatigue,1,1,0,1,2,0,High
2022,6,Monday,16,KPK,Mardan,Rural Road,Good,Rainy,Daylight,Car/Taxi,2,Over Speeding,0,0,0,0,1,0,Medium
2019,9,Wednesday,16,Punjab,Gujranwala,Urban Road,Average,Extreme Heat,Daylight,Rickshaw,2,Wrong Overtaking,0,0,0,0,0,0,Low
2018,12,Tuesday,10,Sindh,Karachi,Urban Road,Average,Clear,Dawn/Dusk,Car/Taxi,2,Mechanical Failure,0,0,0,1,1,0,Low
2023,2,Saturday,7,Sindh,Sukkur,National Highway,Average,Rainy,Daylight,Rickshaw,2,Mechanical Failure,1,1,0,1,1,0,Low
2023,10,Sunday,15,Punjab,Sargodha,Provincial Highway,Poor,Clear,Daylight,Motorcycle,1,Over Speeding,0,1,0,0,11,0,High
2023,12,Sunday,13,Sindh,Larkana,Rural Road,Poor,Extreme Heat,Daylight,Rickshaw,1,Wrong Overtaking,1,1,0,1,2,0,Low
2023,7,Sunday,12,KPK,Nowshera,National Highway,Good,Extreme Heat,No Light,Motorcycle,3,Over Speeding,1,1,0,0,6,0,High
2018,5,Monday,22,Punjab,Sargodha,Provincial Highway,Poor,Foggy,Street Light,Truck/Lorry,3,Road Condition,0,0,1,0,3,0,Medium
2022,2,Saturday,22,Balochistan,Zhob,Provincial Highway,Good,Clear,No Light,Motorcycle,2,Mobile Phone Use,0,1,1,1,10,0,High
2022,8,Thursday,23,KPK,Abbottabad,Provincial Highway,Poor,Dusty/Smoggy,Street Light,Motorcycle,1,Road Condition,0,0,1,0,1,0,Medium
2023,1,Friday,6,Punjab,Rahim Yar Khan,Rural Road,Average,Clear,Daylight,Bicycle,2,Pedestrian Error,0,0,0,1,2,0,Low
2023,3,Wednesday,22,Balochistan,Chaman,Provincial Highway,Good,Clear,No Light,Motorcycle,1,Pedestrian Error,0,0,1,0,1,1,Medium
2023,10,Wednesday,18,Punjab,Rahim Yar Khan,Urban Road,Poor,Clear,Street Light,Car/Taxi,3,Wrong Overtaking,1,0,0,0,2,0,Low
2022,5,Friday,13,Balochistan,Gwadar,National Highway,Good,Foggy,Street Light,Rickshaw,1,Over Speeding,1,0,0,0,3,1,Medium
2018,1,Sunday,0,Punjab,Faisalabad,National Highway,Average,Clear,No Light,Motorcycle,1,Over Speeding,0,1,1,1,7,0,High
2020,6,Monday,16,KPK,Mardan,Rural Road,Good,Foggy,Daylight,Van/Pickup,2,Driver Fatigue,0,0,0,0,0,0,Low
2022,7,Saturday,23,KPK,Peshawar,Urban Road,Good,Clear,Street Light,Bus/Coach,1,Over Speeding,0,1,1,0,1,0,Medium
2019,7,Tuesday,15,Punjab,Lahore,Urban Road,Average,Clear,Daylight,Car/Taxi,3,Over Speeding,0,0,0,0,2,0,Low
2022,9,Monday,6,Punjab,Lahore,National Highway,Good,Foggy,Daylight,Car/Taxi,2,Driver Fatigue,0,0,0,0,6,1,High
2023,3,Wednesday,7,Sindh,Dadu,Rural Road,Average,Dusty/Smoggy,Daylight,Motorcycle,2,Mechanical Failure,1,0,0,0,2,0,Low
2023,5,Sunday,11,Sindh,Sukkur,National Highway,Under Repair,Dusty/Smoggy,Daylight,Other,1,Over Speeding,0,1,0,0,3,1,Medium
2022,11,Wednesday,5,Punjab,Sargodha,Urban Road,Good,Clear,Dawn/Dusk,Rickshaw,2,Signal Violation,0,0,1,1,3,0,Medium
2023,2,Tuesday,5,Gilgit-Baltistan,Hunza,National Highway,Under Repair,Clear,Daylight,Motorcycle,2,Wrong Overtaking,0,0,1,1,8,0,High
2023,8,Friday,11,KPK,Kohat,Urban Road,Good,Foggy,Daylight,Rickshaw,1,Driver Fatigue,0,0,0,0,1,0,Low
2022,6,Wednesday,19,Punjab,Sargodha,Motorway,Good,Clear,Daylight,Motorcycle,2,Signal Violation,1,0,0,0,4,3,High
2019,7,Friday,3,Sindh,Jacobabad,Urban Road,Good,Dusty/Smoggy,Street Light,Car/Taxi,3,Over Speeding,0,0,1,0,0,0,Low
2020,9,Monday,18,Sindh,Nawabshah,Urban Road,Good,Clear,Daylight,Van/Pickup,1,Driver Fatigue,1,0,0,0,5,0,Medium
2021,5,Saturday,6,Balochistan,Hub,Urban Road,Average,Extreme Heat,Daylight,Motorcycle,3,Over Speeding,0,1,0,0,11,1,High
2019,3,Sunday,21,Punjab,Sheikhupura,Provincial Highway,Poor,Extreme Heat,Street Light,Car/Taxi,1,Over Speeding,0,1,0,0,5,0,Medium
2018,5,Tuesday,1,Punjab,Sargodha,National Highway,Good,Clear,Street Light,Motorcycle,1,Mechanical Failure,0,0,1,0,4,1,Medium
2018,6,Tuesday,19,Punjab,Lahore,Urban Road,Poor,Clear,Street Light,Rickshaw,2,Mechanical Failure,1,0,0,0,2,1,Low
2021,6,Saturday,6,AJK,Rawalakot,Rural Road,Good,Foggy,Daylight,Motorcycle,1,Over Speeding,0,1,0,0,8,1,High
2020,3,Thursday,23,Punjab,Bahawalpur,Rural Road,Good,Rainy,No Light,Car/Taxi,1,Signal Violation,0,0,1,0,4,0,Medium
2021,11,Monday,20,Punjab,Faisalabad,Provincial Highway,Good,Foggy,No Light,Car/Taxi,2,Pedestrian Error,1,0,0,1,2,0,Low
2023,11,Wednesday,16,Sindh,Mirpur Khas,Rural Road,Poor,Foggy,Daylight,Motorcycle,2,Pedestrian Error,0,0,0,1,2,0,Low
2019,9,Monday,19,Punjab,Rawalpindi,National Highway,Poor,Clear,Dawn/Dusk,Car/Taxi,2,Over Speeding,1,0,0,0,4,0,Medium
2020,12,Saturday,8,Punjab,Gujranwala,Urban Road,Under Repair,Clear,Dawn/Dusk,Motorcycle,2,Mechanical Failure,1,1,0,1,1,0,Low
2019,10,Monday,9,Sindh,Kashmore,Provincial Highway,Average,Clear,Daylight,Motorcycle,2,Over Speeding,1,0,0,0,7,2,High
2019,11,Tuesday,13,Punjab,Rahim Yar Khan,Provincial Highway,Average,Dusty/Smoggy,Dawn/Dusk,Truck/Lorry,2,Road Condition,1,0,0,1,1,0,Low
2023,8,Thursday,8,Sindh,Thatta,Rural Road,Average,Foggy,Daylight,Rickshaw,4,Pedestrian Error,1,0,0,0,1,0,Low
2023,10,Wednesday,8,Punjab,Rahim Yar Khan,Urban Road,Good,Clear,Street Light,Car/Taxi,3,Road Condition,1,0,0,0,1,0,Low
2020,3,Sunday,20,Sindh,Karachi,Rural Road,Good,Clear,No Light,Motorcycle,2,Mechanical Failure,1,1,0,0,2,0,Low
2023,4,Friday,18,Punjab,Bahawalpur,Urban Road,Good,Clear,Daylight,Motorcycle,1,Pedestrian Error,1,0,0,0,0,0,Low
2022,5,Monday,21,Sindh,Hyderabad,National Highway,Average,Clear,No Light,Motorcycle,3,Pedestrian Error,0,0,0,0,3,0,Medium
2022,7,Thursday,12,Punjab,Multan,Urban Road,Average,Rainy,Daylight,Rickshaw,2,Over Speeding,1,0,0,0,3,1,Medium
2023,4,Sunday,7,Punjab,Sialkot,National Highway,Good,Extreme Heat,Daylight,Motorcycle,2,Driver Fatigue,1,1,0,0,2,1,High
2020,5,Monday,17,Punjab,Bahawalpur,Rural Road,Good,Clear,Street Light,Motorcycle,2,Mechanical Failure,1,0,0,0,3,0,Medium
2023,6,Friday,19,Sindh,Nawabshah,Urban Road,Poor,Clear,Dawn/Dusk,Rickshaw,4,Over Speeding,1,0,0,0,5,0,Medium
2022,4,Tuesday,9,Punjab,Rawalpindi,Provincial Highway,Poor,Rainy,Daylight,Motorcycle,2,Over Speeding,1,0,0,0,6,1,High
2022,1,Friday,9,Sindh,Larkana,National Highway,Good,Rainy,Street Light,Car/Taxi,2,Over Speeding,1,0,0,1,3,0,Medium
2022,3,Saturday,22,Sindh,Hyderabad,Urban Road,Poor,Rainy,No Light,Motorcycle,2,Over Speeding,0,1,1,0,3,1,High
2021,9,Sunday,9,Punjab,Sheikhupura,National Highway,Good,Clear,Daylight,Motorcycle,2,Wrong Overtaking,1,1,0,0,3,1,Medium
2022,8,Sunday,6,Punjab,Sheikhupura,National Highway,Average,Clear,Daylight,Motorcycle,2,Drunk Driving,0,1,0,0,3,1,High
2022,3,Saturday,19,Sindh,Jacobabad,National Highway,Poor,Clear,Dawn/Dusk,Motorcycle,3,Signal Violation,1,1,0,0,5,1,Medium
2023,11,Saturday,18,Islamabad,Islamabad,Rural Road,Poor,Foggy,Daylight,Motorcycle,3,Wrong Overtaking,1,1,0,1,5,0,High
2019,1,Friday,18,Punjab,Rahim Yar Khan,Provincial Highway,Poor,Clear,Daylight,Bus/Coach,4,Pedestrian Error,1,0,0,1,2,0,Low
2023,7,Friday,17,Punjab,Gujranwala,National Highway,Poor,Clear,No Light,Motorcycle,3,Signal Violation,1,0,0,0,11,0,High
2022,7,Tuesday,2,Punjab,Rawalpindi,Urban Road,Poor,Rainy,Street Light,Motorcycle,3,Over Speeding,0,0,1,0,2,2,High
2022,2,Saturday,1,Punjab,Lahore,Provincial Highway,Good,Rainy,Street Light,Rickshaw,3,Wrong Overtaking,0,1,1,1,7,2,High
2020,8,Monday,19,Punjab,Sialkot,Rural Road,Average,Extreme Heat,No Light,Motorcycle,1,Road Condition,1,0,0,0,4,0,Medium
2019,11,Saturday,13,KPK,Swat,National Highway,Good,Clear,Dawn/Dusk,Motorcycle,2,Drunk Driving,1,1,0,1,8,3,High
2019,11,Friday,7,Sindh,Hyderabad,National Highway,Good,Extreme Heat,Street Light,Car/Taxi,1,Over Speeding,1,0,0,1,2,1,Medium
2020,6,Friday,10,Punjab,Rahim Yar Khan,Motorway,Good,Extreme Heat,Dawn/Dusk,Motorcycle,1,Road Condition,0,0,0,0,4,2,Medium
2022,5,Monday,10,Islamabad,Islamabad,Urban Road,Poor,Clear,Street Light,Car/Taxi,2,Pedestrian Error,0,0,0,0,2,0,Low
2022,5,Monday,21,Punjab,Sargodha,Provincial Highway,Good,Extreme Heat,No Light,Truck/Lorry,2,Mechanical Failure,0,0,0,0,0,0,Low
2021,3,Monday,12,Punjab,Faisalabad,Rural Road,Good,Foggy,Street Light,Motorcycle,3,Pedestrian Error,1,0,0,0,3,1,Medium
2023,8,Monday,6,Punjab,Faisalabad,Urban Road,Good,Clear,Dawn/Dusk,Motorcycle,2,Signal Violation,0,0,0,0,5,0,Medium
2018,11,Tuesday,21,Punjab,Bahawalpur,National Highway,Average,Foggy,No Light,Bus/Coach,2,Driver Fatigue,0,0,0,1,2,0,High
2022,10,Friday,22,KPK,Charsadda,Urban Road,Poor,Clear,No Light,Truck/Lorry,3,Over Speeding,0,0,1,0,3,0,Medium
2022,9,Thursday,9,Punjab,Bahawalpur,National Highway,Good,Clear,Daylight,Other,1,Pedestrian Error,1,0,0,0,1,0,Low
2022,11,Tuesday,5,KPK,Swat,National Highway,Good,Clear,Dawn/Dusk,Motorcycle,3,Over Speeding,0,0,1,1,4,1,High
2020,8,Wednesday,4,KPK,Nowshera,National Highway,Good,Foggy,No Light,Motorcycle,2,Over Speeding,0,0,1,0,7,2,High
2022,3,Tuesday,9,Punjab,Bahawalpur,Provincial Highway,Average,Clear,Daylight,Motorcycle,1,Road Condition,1,0,0,0,2,0,Low
2022,2,Tuesday,21,Sindh,Dadu,Urban Road,Average,Rainy,Street Light,Car/Taxi,3,Signal Violation,0,0,0,1,0,0,Low
2019,2,Wednesday,8,Sindh,Hyderabad,Provincial Highway,Average,Clear,Street Light,Van/Pickup,2,Over Speeding,1,0,0,1,1,1,Medium
2022,12,Monday,8,Balochistan,Dera Bugti,Urban Road,Poor,Clear,Street Light,Car/Taxi,3,Signal Violation,1,0,0,1,1,0,Low
2021,12,Sunday,14,Punjab,Sargodha,Urban Road,Under Repair,Clear,Daylight,Rickshaw,2,Over Speeding,0,1,0,1,2,0,Low
2021,1,Wednesday,5,Punjab,Multan,Rural Road,Good,Rainy,No Light,Rickshaw,2,Over Speeding,0,0,1,1,6,0,High
2023,12,Friday,23,Balochistan,Dera Bugti,Provincial Highway,Poor,Rainy,No Light,Car/Taxi,2,Over Speeding,0,0,1,1,1,0,Medium
2020,8,Friday,14,Punjab,Rawalpindi,National Highway,Good,Foggy,Daylight,Truck/Lorry,2,Signal Violation,0,0,0,0,11,0,High
2023,2,Tuesday,11,Punjab,Sialkot,Provincial Highway,Average,Dusty/Smoggy,Daylight,Rickshaw,1,Signal Violation,0,0,0,1,1,0,Low
2022,6,Saturday,23,Sindh,Nawabshah,National Highway,Good,Clear,No Light,Motorcycle,4,Mechanical Failure,0,1,1,0,5,0,Medium
2021,3,Friday,22,Punjab,Bahawalpur,National Highway,Good,Rainy,No Light,Rickshaw,1,Mobile Phone Use,0,0,1,0,4,1,Medium
2020,12,Sunday,6,Sindh,Nawabshah,National Highway,Average,Clear,Daylight,Car/Taxi,3,Over Speeding,0,1,0,1,2,0,High
2019,10,Friday,22,KPK,Dera Ismail Khan,Provincial Highway,Good,Clear,Street Light,Motorcycle,1,Over Speeding,0,0,1,0,7,4,High
2022,5,Wednesday,19,Sindh,Karachi,Rural Road,Good,Foggy,No Light,Bus/Coach,1,Over Speeding,1,0,0,0,3,0,Medium
2023,12,Monday,20,Sindh,Mirpur Khas,Provincial Highway,Poor,Rainy,No Light,Motorcycle,2,Road Condition,1,0,0,1,1,1,Medium
2019,7,Wednesday,16,Punjab,Sargodha,Provincial Highway,Average,Clear,Daylight,Motorcycle,3,Wrong Overtaking,0,0,0,0,3,1,Medium
2023,1,Friday,4,KPK,Abbottabad,Provincial Highway,Good,Clear,No Light,Truck/Lorry,2,Pedestrian Error,0,0,1,1,4,0,Medium
2018,7,Sunday,9,KPK,Dera Ismail Khan,National Highway,Average,Dusty/Smoggy,Dawn/Dusk,Motorcycle,2,Driver Fatigue,1,1,0,0,8,1,High
2018,3,Sunday,18,Punjab,Sheikhupura,National Highway,Average,Foggy,Daylight,Van/Pickup,2,Wrong Overtaking,1,1,0,0,3,1,High
2018,1,Thursday,13,Punjab,Rawalpindi,Provincial Highway,Good,Clear,Daylight,Motorcycle,2,Signal Violation,1,0,0,1,4,0,Medium
2022,1,Saturday,20,KPK,Dera Ismail Khan,Urban Road,Poor,Clear,No Light,Motorcycle,3,Pedestrian Error,1,1,0,1,2,1,Medium
2018,11,Saturday,3,Punjab,Sialkot,Rural Road,Good,Clear,Street Light,Truck/Lorry,1,Wrong Overtaking,0,1,1,1,4,0,Medium
2021,8,Friday,6,Punjab,Faisalabad,Provincial Highway,Good,Clear,Daylight,Motorcycle,1,Pedestrian Error,0,0,0,0,2,0,Medium
2023,6,Saturday,18,Punjab,Multan,Provincial Highway,Under Repair,Clear,Daylight,Motorcycle,2,Over Speeding,1,1,0,0,4,2,High
2020,8,Wednesday,10,Punjab,Faisalabad,National Highway,Poor,Rainy,Street Light,Rickshaw,2,Over Speeding,0,0,0,0,5,0,High
2019,11,Monday,2,Punjab,Sheikhupura,Urban Road,Average,Foggy,Street Light,Motorcycle,2,Over Speeding,0,0,1,1,7,1,High
2019,9,Saturday,3,KPK,Mardan,Urban Road,Poor,Clear,Street Light,Motorcycle,2,Signal Violation,0,1,1,0,8,1,High
2020,7,Wednesday,2,Sindh,Thatta,Urban Road,Good,Clear,No Light,Truck/Lorry,4,Drunk Driving,0,0,1,0,5,1,Medium
2023,7,Wednesday,14,Sindh,Larkana,Rural Road,Under Repair,Clear,Daylight,Car/Taxi,1,Over Speeding,0,0,0,0,1,0,Medium
2019,1,Thursday,14,Punjab,Faisalabad,National Highway,Good,Rainy,Daylight,Bus/Coach,3,Wrong Overtaking,0,0,0,1,7,3,High
2020,2,Monday,20,Punjab,Sargodha,Provincial Highway,Good,Dusty/Smoggy,Street Light,Other,3,Pedestrian Error,1,0,0,1,1,0,Low
2023,4,Tuesday,19,Punjab,Multan,Urban Road,Under Repair,Clear,No Light,Motorcycle,2,Driver Fatigue,1,0,0,0,4,0,Medium
2020,4,Sunday,9,Punjab,Sheikhupura,Urban Road,Average,Foggy,Daylight,Motorcycle,1,Drunk Driving,1,1,0,0,5,0,Medium
2022,7,Tuesday,16,Sindh,Hyderabad,National Highway,Poor,Foggy,Daylight,Car/Taxi,2,Signal Violation,0,0,0,0,7,0,High
2020,12,Wednesday,10,Punjab,Bahawalpur,Urban Road,Average,Dusty/Smoggy,Daylight,Motorcycle,1,Wrong Overtaking,0,0,0,1,3,0,Medium
2022,8,Friday,11,Punjab,Lahore,National Highway,Good,Clear,Daylight,Car/Taxi,3,Wrong Overtaking,0,0,0,0,0,0,Low
2023,6,Sunday,10,Gilgit-Baltistan,Skardu,Rural Road,Good,Clear,Daylight,Car/Taxi,3,Mechanical Failure,0,1,0,0,1,1,Low
2023,11,Wednesday,23,Punjab,Multan,Urban Road,Average,Foggy,Street Light,Van/Pickup,3,Drunk Driving,0,0,1,1,2,0,Medium
2022,11,Saturday,16,KPK,Abbottabad,National Highway,Good,Clear,Daylight,Rickshaw,2,Pedestrian Error,0,1,0,1,0,0,Low
2020,1,Saturday,7,Punjab,Sheikhupura,Provincial Highway,Poor,Foggy,Daylight,Car/Taxi,1,Over Speeding,1,1,0,1,4,0,Medium
2023,5,Friday,9,Punjab,Multan,National Highway,Average,Dusty/Smoggy,Daylight,Car/Taxi,3,Driver Fatigue,1,0,0,0,5,0,Medium
2022,11,Thursday,20,Sindh,Mirpur Khas,National Highway,Good,Clear,Street Light,Bicycle,1,Wrong Overtaking,1,0,0,1,2,0,Medium
2022,3,Saturday,11,Punjab,Rahim Yar Khan,Rural Road,Good,Rainy,No Light,Motorcycle,1,Signal Violation,0,1,0,0,2,0,Medium
2019,12,Saturday,20,Punjab,Rawalpindi,Rural Road,Poor,Rainy,No Light,Motorcycle,2,Road Condition,1,1,0,1,5,0,Medium
2023,11,Monday,16,Punjab,Faisalabad,National Highway,Good,Dusty/Smoggy,Daylight,Motorcycle,1,Signal Violation,0,0,0,1,2,2,Medium
2021,9,Thursday,17,Punjab,Bahawalpur,Urban Road,Good,Clear,Daylight,Motorcycle,2,Road Condition,1,0,0,0,0,0,Low
2023,12,Tuesday,15,Sindh,Dadu,National Highway,Poor,Clear,Daylight,Motorcycle,1,Signal Violation,0,0,0,1,11,2,High
2019,4,Monday,14,KPK,Charsadda,Rural Road,Poor,Clear,Dawn/Dusk,Rickshaw,2,Over Speeding,0,0,0,0,5,0,Medium
2020,3,Saturday,22,Punjab,Rawalpindi,Rural Road,Good,Clear,No Light,Motorcycle,2,Wrong Overtaking,0,1,1,0,2,0,Medium
2023,12,Thursday,17,Punjab,Lahore,Provincial Highway,Poor,Dusty/Smoggy,Daylight,Van/Pickup,2,Wrong Overtaking,1,0,0,1,0,0,Low
2023,8,Saturday,1,KPK,Mardan,National Highway,Good,Clear,Street Light,Car/Taxi,2,Road Condition,0,1,1,0,2,0,Medium
2019,1,Friday,8,Punjab,Sargodha,National Highway,Good,Foggy,Daylight,Truck/Lorry,3,Pedestrian Error,1,0,0,1,5,2,Medium
2022,6,Tuesday,19,KPK,Bannu,Provincial Highway,Average,Clear,Dawn/Dusk,Car/Taxi,2,Wrong Overtaking,1,0,0,0,1,2,Medium
2018,2,Friday,19,Islamabad,Islamabad,National Highway,Average,Clear,Daylight,Rickshaw,2,Road Condition,1,0,0,1,1,0,Low
2021,11,Monday,0,Punjab,Faisalabad,Motorway,Good,Foggy,No Light,Motorcycle,2,Signal Violation,0,0,1,1,4,2,High
2022,1,Sunday,21,Punjab,Sialkot,National Highway,Good,Clear,Street Light,Rickshaw,4,Road Condition,0,1,0,1,1,0,Low
2020,11,Thursday,12,AJK,Rawalakot,Urban Road,Average,Rainy,Daylight,Motorcycle,3,Road Condition,1,0,0,1,1,0,Low
2019,1,Sunday,16,Punjab,Sheikhupura,Rural Road,Good,Clear,Daylight,Motorcycle,2,Driver Fatigue,0,1,0,1,4,0,Medium
2018,3,Sunday,23,Punjab,Rahim Yar Khan,National Highway,Good,Extreme Heat,Street Light,Rickshaw,1,Road Condition,0,1,1,0,2,0,Low
2023,4,Wednesday,22,Sindh,Larkana,National Highway,Average,Clear,Street Light,Motorcycle,2,Road Condition,0,0,1,0,11,1,High
2023,6,Saturday,7,Punjab,Gujranwala,Rural Road,Poor,Clear,Daylight,Bus/Coach,3,Over Speeding,1,1,0,0,1,1,Medium
2019,4,Monday,20,Gilgit-Baltistan,Hunza,National Highway,Good,Clear,Street Light,Bicycle,4,Over Speeding,1,0,0,0,8,1,High
2020,7,Monday,13,Punjab,Bahawalpur,National Highway,Good,Clear,Street Light,Car/Taxi,2,Wrong Overtaking,1,0,0,0,1,0,Medium
2020,7,Tuesday,21,Sindh,Mirpur Khas,Urban Road,Average,Foggy,Street Light,Bus/Coach,2,Road Condition,0,0,0,0,0,0,Low
2018,8,Saturday,17,Sindh,Mirpur Khas,National Highway,Good,Foggy,Daylight,Motorcycle,2,Wrong Overtaking,1,1,0,0,6,1,High
2022,10,Sunday,3,Sindh,Larkana,National Highway,Average,Rainy,Street Light,Motorcycle,1,Over Speeding,0,1,1,0,5,4,High
2020,11,Friday,8,Sindh,Jacobabad,Provincial Highway,Good,Dusty/Smoggy,Street Light,Motorcycle,2,Road Condition,1,0,0,1,3,1,Medium
2018,12,Thursday,7,AJK,Rawalakot,National Highway,Poor,Foggy,Daylight,Motorcycle,2,Road Condition,1,0,0,1,4,1,High
2021,3,Thursday,20,Balochistan,Hub,Provincial Highway,Good,Clear,Street Light,Motorcycle,3,Signal Violation,1,0,0,0,10,1,High
2020,11,Friday,12,Punjab,Bahawalpur,Provincial Highway,Average,Clear,Daylight,Motorcycle,2,Over Speeding,1,0,0,1,3,1,High
2018,8,Monday,19,Sindh,Dadu,National Highway,Poor,Clear,No Light,Car/Taxi,3,Road Condition,1,0,0,0,0,0,Low
2019,7,Thursday,8,Punjab,Sargodha,Provincial Highway,Average,Extreme Heat,Dawn/Dusk,Motorcycle,3,Signal Violation,1,0,0,0,1,0,Medium
2018,12,Sunday,23,Punjab,Sargodha,Provincial Highway,Average,Clear,No Light,Car/Taxi,2,Mobile Phone Use,0,1,1,1,2,0,Low
2020,6,Thursday,18,Punjab,Sargodha,National Highway,Average,Clear,Daylight,Rickshaw,4,Over Speeding,1,0,0,0,1,0,Medium
2021,11,Tuesday,10,KPK,Peshawar,Provincial Highway,Poor,Foggy,Daylight,Car/Taxi,2,Wrong Overtaking,0,0,0,1,1,0,Low
2019,11,Monday,10,Punjab,Sheikhupura,National Highway,Good,Rainy,Daylight,Bicycle,3,Pedestrian Error,0,0,0,1,7,2,High
2021,8,Tuesday,6,KPK,Abbottabad,Rural Road,Average,Clear,Daylight,Motorcycle,2,Road Condition,0,0,0,0,2,2,Medium
2021,9,Friday,7,Punjab,Rahim Yar Khan,Urban Road,Good,Clear,Daylight,Bus/Coach,2,Mobile Phone Use,1,0,0,0,0,0,Low
2021,12,Wednesday,15,Islamabad,Islamabad,Provincial Highway,Average,Rainy,Daylight,Rickshaw,2,Mechanical Failure,0,0,0,1,2,0,Low
2023,2,Monday,1,Sindh,Larkana,National Highway,Average,Foggy,No Light,Motorcycle,2,Mechanical Failure,0,0,1,1,6,0,High
2021,11,Sunday,13,KPK,Kohat,National Highway,Good,Clear,Daylight,Car/Taxi,1,Pedestrian Error,1,1,0,1,3,0,Medium
2019,8,Sunday,12,Sindh,Kashmore,Rural Road,Average,Clear,Daylight,Motorcycle,1,Signal Violation,1,1,0,0,1,0,Low
2019,3,Wednesday,9,AJK,Mirpur,National Highway,Average,Dusty/Smoggy,Daylight,Motorcycle,2,Wrong Overtaking,1,0,0,0,8,0,High
2022,8,Monday,8,KPK,Kohat,National Highway,Good,Clear,Daylight,Car/Taxi,3,Pedestrian Error,1,0,0,0,2,0,Low
2021,5,Thursday,14,KPK,Dera Ismail Khan,Provincial Highway,Average,Foggy,Street Light,Motorcycle,2,Pedestrian Error,0,0,0,0,9,0,High
2023,12,Saturday,12,Punjab,Bahawalpur,Provincial Highway,Average,Clear,Daylight,Car/Taxi,1,Road Condition,1,1,0,1,1,0,Low
2023,2,Monday,4,Sindh,Sukkur,National Highway,Average,Clear,No Light,Rickshaw,3,Driver Fatigue,0,0,1,1,5,1,Medium