year,month,day_of_week,hour_of_day,province,district,road_type,road_condition,weather_condition,lighting_condition,vehicle_type,vehicles_involved,accident_cause,is_rush_hour,is_weekend,is_night,is_foggy_month,num_injured,num_killed,severity
2022,11,Wednesday,9,Punjab,Multan,Urban Road,Good,Clear,Street Light,Motorcycle,1,Over Speeding,1,0,0,1,4,1,Medium
2023,2,Sunday,13,Punjab,Sialkot,Rural Road,Poor,Extreme Heat,Daylight,Motorcycle,4,Pedestrian Error,1,1,0,1,1,0,Low
2021,12,Sunday,18,KPK,Nowshera,Provincial Highway,Good,Dusty/Smoggy,Dawn/Dusk,Car/Taxi,2,Pedestrian Error,1,1,0,1,2,0,Low
2019,12,Monday,16,Punjab,Multan,Rural Road,Average,Foggy,Daylight,Motorcycle,2,Signal Violation,0,0,0,1,5,1,Medium
2022,12,Saturday,20,Punjab,Faisalabad,National Highway,Average,Foggy,No Light,Motorcycle,1,Over Speeding,1,1,0,1,7,1,High
2021,5,Saturday,20,Punjab,Lahore,Rural Road,Poor,Clear,No Light,Motorcycle,2,Signal Violation,1,1,0,0,4,0,Medium
2023,6,Monday,7,Punjab,Sheikhupura,National Highway,Good,Rainy,Street Light,Bicycle,3,Over Speeding,1,0,0,0,5,0,High
2018,2,Saturday,3,Punjab,Sheikhupura,Provincial Highway,Poor,Clear,Street Light,Motorcycle,2,Over Speeding,0,1,1,1,4,1,High
2023,12,Saturday,17,Punjab,Sialkot,Urban Road,Average,Clear,Daylight,Car/Taxi,2,Road Condition,1,1,0,1,0,1,Low
2019,6,Saturday,18,Punjab,Sargodha,National Highway,Average,Clear,Daylight,Car/Taxi,2,Signal Violation,1,1,0,0,2,0,Low
2023,5,Thursday,18,Sindh,Jacobabad,National Highway,Under Repair,Clear,Daylight,Rickshaw,4,Over Speeding,1,0,0,0,3,3,High
2023,6,Sunday,10,Punjab,Lahore,Provincial Highway,Good,Clear,Daylight,Motorcycle,1,Pedestrian Error,0,1,0,0,5,0,Medium
2023,7,Sunday,23,Islamabad,Islamabad,Provincial Highway,Good,Foggy,No Light,Rickshaw,2,Over Speeding,0,1,1,0,10,3,High
2020,1,Wednesday,13,Islamabad,Islamabad,Provincial Highway,Good,Clear,Daylight,Rickshaw,3,Wrong Overtaking,1,0,0,1,2,0,Low
2019,7,Friday,9,Punjab,Sialkot,Provincial Highway,Poor,Clear,Daylight,Car/Taxi,2,Wrong Overtaking,1,0,0,0,3,0,Medium
2020,10,Tuesday,6,Punjab,Sargodha,Provincial Highway,Average,Clear,Daylight,Truck/Lorry,2,Over Speeding,0,0,0,0,4,0,Medium
2019,10,Friday,7,Punjab,Bahawalpur,Provincial Highway,Average,Clear,Daylight,Motorcycle,3,Wrong Overtaking,1,0,0,0,5,3,High
2019,7,Sunday,20,Balochistan,Sibi,Rural Road,Good,Foggy,No Light,Car/Taxi,2,Road Condition,1,1,0,0,1,0,Low
2018,1,Friday,14,Sindh,Nawabshah,Provincial Highway,Good,Clear,Daylight,Van/Pickup,1,Wrong Overtaking,0,0,0,1,4,0,Medium
2019,2,Wednesday,13,Sindh,Hyderabad,Motorway,Poor,Clear,Daylight,Rickshaw,1,Wrong Overtaking,1,0,0,1,2,0,Low
2021,4,Monday,13,Balochistan,Quetta,Provincial Highway,Poor,Clear,Daylight,Motorcycle,1,Over Speeding,1,0,0,0,2,2,Medium
2020,7,Thursday,8,Balochistan,Loralai,National Highway,Good,Clear,Daylight,Motorcycle,1,Wrong Overtaking,1,0,0,0,4,0,Medium
2022,3,Friday,14,KPK,Kohat,Urban Road,Average,Clear,Daylight,Car/Taxi,1,Over Speeding,0,0,0,0,5,2,Medium
2019,8,Tuesday,3,KPK,Charsadda,National Highway,Average,Foggy,Street Light,Motorcycle,2,Driver Fatigue,0,0,1,0,6,4,High
2022,12,Thursday,17,Balochistan,Quetta,Provincial Highway,Good,Dusty/Smoggy,Street Light,Van/Pickup,4,Over Speeding,1,0,0,1,3,1,Medium
2018,7,Saturday,6,Balochistan,Loralai,National Highway,Poor,Foggy,Daylight,Car/Taxi,1,Over Speeding,0,1,0,0,2,3,High
2018,9,Saturday,6,Punjab,Lahore,Provincial Highway,Good,Clear,Street Light,Motorcycle,4,Pedestrian Error,0,1,0,0,3,2,Medium
2023,12,Wednesday,19,AJK,Muzaffarabad,Urban Road,Poor,Foggy,Dawn/Dusk,Motorcycle,3,Wrong Overtaking,1,0,0,1,5,1,Medium
2023,6,Tuesday,9,KPK,Mardan,Motorway,Good,Clear,Daylight,Motorcycle,1,Mechanical Failure,1,0,0,0,2,1,High
2018,2,Wednesday,10,Punjab,Rahim Yar Khan,Provincial Highway,Average,Clear,Daylight,Motorcycle,2,Drunk Driving,0,0,0,1,11,0,High
2020,10,Sunday,20,Sindh,Dadu,Provincial Highway,Good,Clear,No Light,Car/Taxi,2,Over Speeding,1,1,0,0,5,1,Medium
2021,2,Thursday,16,KPK,Dera Ismail Khan,Provincial Highway,Average,Clear,Daylight,Car/Taxi,1,Pedestrian Error,0,0,0,1,2,0,Low
2021,5,Wednesday,9,Punjab,Sialkot,National Highway,Poor,Clear,Daylight,Van/Pickup,2,Wrong Overtaking,1,0,0,0,1,0,Medium
2022,11,Friday,14,KPK,Swat,Provincial Highway,Average,Clear,No Light,Van/Pickup,1,Drunk Driving,0,0,0,1,1,0,Medium
2023,6,Monday,19,Punjab,Multan,Rural Road,Average,Foggy,No Light,Motorcycle,4,Over Speeding,1,0,0,0,9,1,High
2018,4,Sunday,4,Balochistan,Gwadar,Rural Road,Good,Foggy,No Light,Car/Taxi,2,Pedestrian Error,0,1,1,0,1,1,Medium
2019,5,Saturday,7,Punjab,Sheikhupura,Motorway,Good,Clear,No Light,Motorcycle,1,Signal Violation,1,1,0,0,4,3,High
2023,9,Monday,15,Punjab,Rahim Yar Khan,Provincial Highway,Poor,Clear,Daylight,Motorcycle,2,Signal Violation,0,0,0,0,3,0,Medium
2023,9,Tuesday,13,Balochistan,Hub,Rural Road,Good,Extreme Heat,Daylight,Truck/Lorry,2,Wrong Overtaking,1,0,0,0,0,0,Low
2022,3,Monday,18,Punjab,Faisalabad,Motorway,Under Repair,Clear,Daylight,Car/Taxi,2,Wrong Overtaking,1,0,0,0,2,1,Medium
2022,7,Monday,13,Balochistan,Gwadar,Provincial Highway,Average,Foggy,Daylight,Truck/Lorry,2,Over Speeding,1,0,0,0,5,2,Medium
2021,3,Tuesday,17,Punjab,Gujranwala,National Highway,Good,Clear,Daylight,Rickshaw,2,Driver Fatigue,1,0,0,0,7,1,High
2022,5,Sunday,10,Islamabad,Islamabad,National Highway,Good,Clear,Daylight,Motorcycle,1,Over Speeding,0,1,0,0,5,0,High
2023,2,Tuesday,17,Punjab,Rawalpindi,Urban Road,Good,Foggy,Daylight,Motorcycle,2,Over Speeding,1,0,0,1,1,2,Medium
2022,7,Friday,22,Punjab,Lahore,Rural Road,Average,Clear,Street Light,Motorcycle,1,Road Condition,0,0,1,0,4,0,Medium
2022,2,Tuesday,9,Islamabad,Islamabad,Rural Road,Average,Clear,Daylight,Rickshaw,3,Signal Violation,1,0,0,1,1,0,Low
2022,2,Saturday,11,Punjab,Sheikhupura,Provincial Highway,Poor,Clear,Daylight,Truck/Lorry,1,Over Speeding,0,1,0,1,1,0,Medium
2020,1,Sunday,20,Islamabad,Islamabad,Rural Road,Good,Extreme Heat,Street Light,Motorcycle,2,Mobile Phone Use,1,1,0,1,0,0,Low
2022,12,Friday,7,KPK,Mardan,National Highway,Average,Foggy,Street Light,Car/Taxi,1,Signal Violation,1,0,0,1,4,1,Medium
2023,9,Friday,17,Punjab,Lahore,Urban Road,Average,Clear,Dawn/Dusk,Car/Taxi,3,Mechanical Failure,1,0,0,0,2,0,Low
2020,5,Friday,23,Sindh,Thatta,Rural Road,Good,Clear,Street Light,Car/Taxi,2,Road Condition,0,0,1,0,1,0,Low
2019,10,Wednesday,18,Punjab,Faisalabad,Motorway,Average,Rainy,Daylight,Motorcycle,3,Road Condition,1,0,0,0,9,3,High
2023,7,Tuesday,20,Punjab,Sargodha,National Highway,Average,Foggy,No Light,Motorcycle,3,Driver Fatigue,1,0,0,0,5,3,High
2019,10,Monday,13,Punjab,Lahore,Provincial Highway,Good,Clear,Daylight,Motorcycle,3,Over Speeding,1,0,0,0,1,0,Medium
2020,7,Friday,9,Sindh,Thatta,Provincial Highway,Average,Rainy,Daylight,Motorcycle,1,Road Condition,1,0,0,0,1,2,Medium
2023,1,Wednesday,13,AJK,Muzaffarabad,National Highway,Good,Extreme Heat,Daylight,Motorcycle,2,Wrong Overtaking,1,0,0,1,8,4,High
2023,3,Saturday,10,Punjab,Gujranwala,Provincial Highway,Good,Clear,Daylight,Motorcycle,1,Over Speeding,0,1,0,0,2,2,High
2020,5,Saturday,13,Punjab,Rahim Yar Khan,Rural Road,Average,Clear,Daylight,Truck/Lorry,2,Signal Violation,1,1,0,0,2,0,Low
2023,9,Tuesday,19,Sindh,Jacobabad,Rural Road,Average,Clear,Dawn/Dusk,Motorcycle,1,Road Condition,1,0,0,0,1,0,Medium
2021,4,Wednesday,17,Punjab,Sargodha,Urban Road,Average,Clear,Daylight,Rickshaw,2,Over Speeding,1,0,0,0,1,0,Low
2023,11,Thursday,21,KPK,Peshawar,Urban Road,Poor,Rainy,Street Light,Bus/Coach,4,Signal Violation,0,0,0,1,0,0,Low
2023,8,Friday,22,Punjab,Sargodha,Urban Road,Average,Extreme Heat,No Light,Motorcycle,4,Driver Fatigue,0,0,1,0,5,1,High
2023,6,Monday,9,Islamabad,Islamabad,Rural Road,Good,Clear,Daylight,Car/Taxi,1,Wrong Overtaking,1,0,0,0,0,0,Low
2023,7,Thursday,17,Sindh,Karachi,Urban Road,Poor,Clear,Daylight,Car/Taxi,4,Over Speeding,1,0,0,0,2,0,Low
2021,8,Monday,8,Punjab,Rawalpindi,Provincial Highway,Poor,Clear,Daylight,Motorcycle,1,Mechanical Failure,1,0,0,0,5,0,Medium
2021,7,Saturday,18,KPK,Mardan,Rural Road,Good,Dusty/Smoggy,Daylight,Car/Taxi,2,Over Speeding,1,1,0,0,0,0,Low
2023,1,Sunday,16,KPK,Mardan,Rural Road,Poor,Clear,Daylight,Car/Taxi,4,Wrong Overtaking,0,1,0,1,1,0,Low
2021,7,Monday,10,KPK,Mardan,National Highway,Poor,Clear,Daylight,Motorcycle,3,Pedestrian Error,0,0,0,0,5,0,High
2023,11,Thursday,13,Punjab,Bahawalpur,Rural Road,Good,Rainy,No Light,Motorcycle,1,Wrong Overtaking,1,0,0,1,9,1,High
2019,6,Monday,13,Punjab,Rawalpindi,National Highway,Good,Extreme Heat,Daylight,Truck/Lorry,1,Wrong Overtaking,1,0,0,0,5,1,Medium
2020,5,Sunday,20,Sindh,Larkana,Urban Road,Poor,Rainy,No Light,Motorcycle,1,Over Speeding,1,1,0,0,9,1,High
2019,6,Sunday,22,Punjab,Multan,National Highway,Good,Rainy,No Light,Car/Taxi,4,Road Condition,0,1,1,0,5,0,Medium
2022,10,Monday,13,Punjab,Sialkot,Provincial Highway,Good,Clear,Daylight,Car/Taxi,1,Wrong Overtaking,1,0,0,0,2,0,Low
2022,3,Thursday,18,KPK,Swat,National Highway,Poor,Rainy,Daylight,Motorcycle,3,Road Condition,1,0,0,0,1,1,Medium
2020,7,Friday,14,Punjab,Lahore,National Highway,Good,Rainy,Daylight,Bicycle,1,Drunk Driving,0,0,0,0,2,3,High
2019,11,Saturday,0,Punjab,Lahore,Provincial Highway,Average,Rainy,No Light,Motorcycle,2,Over Speeding,0,1,1,1,8,2,High
2022,7,Friday,13,Punjab,Lahore,National Highway,Poor,Foggy,No Light,Other,3,Wrong Overtaking,1,0,0,0,2,2,Medium
2023,8,Wednesday,18,Punjab,Faisalabad,Provincial Highway,Good,Clear,Daylight,Car/Taxi,2,Road Condition,1,0,0,0,2,0,Low
2021,9,Thursday,3,Punjab,Sargodha,Urban Road,Average,Clear,No Light,Van/Pickup,2,Mechanical Failure,0,0,1,0,2,0,Low
2018,9,Sunday,8,KPK,Abbottabad,Provincial Highway,Average,Extreme Heat,Dawn/Dusk,Truck/Lorry,2,Over Speeding,1,1,0,0,7,3,High
2023,12,Sunday,14,Islamabad,Islamabad,Rural Road,Good,Clear,Daylight,Motorcycle,3,Mechanical Failure,0,1,0,1,1,0,Low
2021,4,Sunday,14,Sindh,Jacobabad,Provincial Highway,Good,Clear,Daylight,Car/Taxi,3,Wrong Overtaking,0,1,0,0,4,1,Medium
2022,2,Sunday,20,Punjab,Sargodha,Rural Road,Good,Clear,No Light,Car/Taxi,4,Weather Condition,1,1,0,1,1,0,Low
2020,11,Tuesday,22,KPK,Peshawar,Urban Road,Good,Clear,No Light,Motorcycle,1,Mechanical Failure,0,0,1,1,1,0,Low
2021,7,Friday,3,Punjab,Rawalpindi,National Highway,Average,Foggy,Street Light,Van/Pickup,3,Over Speeding,0,0,1,0,11,1,High
2021,12,Thursday,0,Punjab,Multan,Provincial Highway,Poor,Rainy,No Light,Truck/Lorry,2,Over Speeding,0,0,1,1,4,1,High
2023,10,Sunday,11,Punjab,Lahore,National Highway,Poor,Clear,Daylight,Bus/Coach,1,Over Speeding,0,1,0,0,5,0,Medium
2022,12,Saturday,13,Sindh,Thatta,National Highway,Average,Rainy,Daylight,Motorcycle,3,Road Condition,1,1,0,1,10,2,High
2020,11,Sunday,18,KPK,Kohat,Urban Road,Under Repair,Rainy,Daylight,Bus/Coach,1,Over Speeding,1,1,0,1,4,0,Medium
2020,7,Saturday,15,Islamabad,Islamabad,Urban Road,Average,Clear,Daylight,Bus/Coach,1,Wrong Overtaking,0,1,0,0,0,0,Low
2023,9,Saturday,17,Sindh,Thatta,National Highway,Average,Dusty/Smoggy,Daylight,Motorcycle,3,Mechanical Failure,1,1,0,0,1,1,Medium
2018,8,Saturday,19,Sindh,Nawabshah,Provincial Highway,Average,Foggy,No Light,Motorcycle,2,Mechanical Failure,1,1,0,0,4,0,Medium
2022,4,Wednesday,15,Punjab,Sialkot,Provincial Highway,Poor,Clear,Daylight,Rickshaw,2,Road Condition,0,0,0,0,1,0,Low
2023,6,Wednesday,12,Sindh,Dadu,Provincial Highway,Poor,Dusty/Smoggy,Daylight,Motorcycle,1,Wrong Overtaking,1,0,0,0,10,1,High
2021,12,Monday,17,Islamabad,Islamabad,Urban Road,Average,Rainy,Daylight,Motorcycle,2,Over Speeding,1,0,0,1,1,0,Medium
2020,11,Thursday,18,Punjab,Multan,Rural Road,Good,Rainy,Daylight,Rickshaw,2,Wrong Overtaking,1,0,0,1,2,0,Low
2018,7,Wednesday,16,Punjab,Sheikhupura,National Highway,Average,Rainy,Dawn/Dusk,Motorcycle,1,Driver Fatigue,0,0,0,0,9,1,High
2021,4,Saturday,9,Punjab,Sialkot,Provincial Highway,Poor,Dusty/Smoggy,Dawn/Dusk,Car/Taxi,1,Signal Violation,1,1,0,0,3,0,Medium
2020,7,Thursday,14,Sindh,Dadu,Urban Road,Average,Rainy,No Light,Motorcycle,3,Road Condition,0,0,0,0,4,1,Medium
2020,10,Saturday,16,Sindh,Hyderabad,Motorway,Poor,Foggy,Street Light,Rickshaw,2,Driver Fatigue,0,1,0,0,6,2,High
2020,4,Friday,14,Sindh,Hyderabad,Provincial Highway,Average,Clear,Daylight,Motorcycle,4,Driver Fatigue,0,0,0,0,9,2,High
2019,3,Friday,13,KPK,Peshawar,National Highway,Average,Rainy,Daylight,Motorcycle,3,Over Speeding,1,0,0,0,9,1,High
2021,12,Monday,10,Sindh,Dadu,Urban Road,Good,Rainy,Daylight,Bus/Coach,1,Signal Violation,0,0,0,1,3,1,Medium
2018,5,Wednesday,0,KPK,Mansehra,National Highway,Average,Clear,Street Light,Car/Taxi,2,Wrong Overtaking,0,0,1,0,2,1,Medium
2023,5,Friday,17,Balochistan,Gwadar,National Highway,Under Repair,Clear,Daylight,Motorcycle,2,Over Speeding,1,0,0,0,2,1,High
2020,6,Monday,18,Balochistan,Sibi,National Highway,Average,Extreme Heat,Daylight,Motorcycle,2,Wrong Overtaking,1,0,0,0,4,0,Medium
2019,6,Friday,16,Punjab,Gujranwala,Urban Road,Average,Clear,Daylight,Motorcycle,3,Drunk Driving,0,0,0,0,3,1,High
2021,6,Tuesday,16,Sindh,Nawabshah,Rural Road,Good,Clear,Daylight,Car/Taxi,1,Mobile Phone Use,0,0,0,0,0,0,Low
2022,2,Tuesday,5,KPK,Peshawar,Provincial Highway,Under Repair,Dusty/Smoggy,Street Light,Motorcycle,2,Wrong Overtaking,0,0,1,1,10,1,High
2020,1,Tuesday,13,Punjab,Bahawalpur,Provincial Highway,Good,Rainy,Daylight,Car/Taxi,1,Over Speeding,1,0,0,1,3,1,High
2018,7,Monday,11,Balochistan,Loralai,Urban Road,Good,Clear,Daylight,Motorcycle,2,Over Speeding,0,0,0,0,3,1,Medium
2020,1,Friday,18,Punjab,Rahim Yar Khan,Rural Road,Good,Dusty/Smoggy,No Light,Car/Taxi,3,Road Condition,1,0,0,1,1,0,Low
2023,4,Friday,6,KPK,Abbottabad,Rural Road,Average,Clear,Daylight,Car/Taxi,3,Mechanical Failure,0,0,0,0,2,0,Low
2021,5,Saturday,21,Punjab,Gujranwala,National Highway,Good,Rainy,No Light,Bicycle,4,Wrong Overtaking,0,1,0,0,7,1,High
2021,2,Saturday,17,KPK,Bannu,Rural Road,Average,Clear,Daylight,Motorcycle,2,Signal Violation,1,1,0,1,3,0,Medium
2018,11,Thursday,17,Punjab,Rawalpindi,Urban Road,Average,Clear,Daylight,Motorcycle,1,Over Speeding,1,0,0,1,5,0,Medium
2018,3,Sunday,21,Punjab,Bahawalpur,National Highway,Average,Extreme Heat,Street Light,Motorcycle,1,Signal Violation,0,1,0,0,5,2,High
2018,6,Tuesday,23,Punjab,Multan,Rural Road,Good,Rainy,Street Light,Motorcycle,1,Pedestrian Error,0,0,1,0,4,0,Medium
2020,7,Tuesday,20,Punjab,Sheikhupura,National Highway,Poor,Clear,No Light,Rickshaw,1,Drunk Driving,1,0,0,0,3,0,Medium
2021,4,Wednesday,16,AJK,Muzaffarabad,Provincial Highway,Good,Rainy,Daylight,Bicycle,3,Over Speeding,0,0,0,0,5,0,High
2021,1,Saturday,12,Punjab,Sialkot,Provincial Highway,Average,Foggy,Daylight,Motorcycle,2,Drunk Driving,1,1,0,1,3,1,High
2020,6,Tuesday,7,Punjab,Sheikhupura,Provincial Highway,Good,Clear,Daylight,Truck/Lorry,3,Wrong Overtaking,1,0,0,0,1,0,Low
2019,9,Saturday,19,KPK,Swat,Rural Road,Good,Clear,No Light,Truck/Lorry,3,Pedestrian Error,1,1,0,0,0,0,Low
2023,9,Sunday,20,Punjab,Lahore,Rural Road,Poor,Dusty/Smoggy,No Light,Car/Taxi,4,Wrong Overtaking,1,1,0,0,0,0,Low
2022,1,Thursday,8,Punjab,Gujranwala,National Highway,Poor,Clear,Daylight,Rickshaw,2,Road Condition,1,0,0,1,0,0,Low
2019,10,Tuesday,21,Punjab,Sargodha,Rural Road,Under Repair,Rainy,No Light,Car/Taxi,2,Over Speeding,0,0,0,0,1,0,Low
2022,7,Monday,6,Sindh,Nawabshah,Urban Road,Average,Clear,Dawn/Dusk,Car/Taxi,2,Mechanical Failure,0,0,0,0,2,0,Low
2020,11,Friday,11,Balochistan,Chaman,Rural Road,Good,Foggy,Daylight,Car/Taxi,1,Road Condition,0,0,0,1,1,0,Low
2022,1,Wednesday,23,KPK,Abbottabad,Urban Road,Under Repair,Extreme Heat,No Light,Motorcycle,1,Mechanical Failure,0,0,1,1,2,1,Low
2023,10,Sunday,2,AJK,Rawalakot,National Highway,Poor,Dusty/Smoggy,No Light,Car/Taxi,3,Driver Fatigue,0,1,1,0,6,1,High
2022,8,Wednesday,13,Sindh,Sukkur,Rural Road,Good,Extreme Heat,Daylight,Motorcycle,4,Signal Violation,1,0,0,0,0,0,Low
2019,11,Friday,18,Islamabad,Islamabad,Rural Road,Poor,Foggy,Daylight,Van/Pickup,3,Driver Fatigue,1,0,0,1,4,0,Medium
2020,9,Monday,5,Punjab,Bahawalpur,Provincial Highway,Good,Rainy,No Light,Car/Taxi,2,Mechanical Failure,0,0,1,0,4,0,Medium
2021,11,Saturday,15,Sindh,Thatta,Rural Road,Under Repair,Clear,Daylight,Rickshaw,2,Signal Violation,0,1,0,1,1,0,Low
2019,8,Sunday,7,Punjab,Bahawalpur,Rural Road,Good,Clear,Daylight,Car/Taxi,3,Over Speeding,1,1,0,0,5,1,Medium
2018,12,Wednesday,0,Punjab,Sargodha,Urban Road,Poor,Foggy,Street Light,Car/Taxi,2,Wrong Overtaking,0,0,1,1,4,0,Medium
2021,1,Tuesday,8,KPK,Charsadda,Provincial Highway,Average,Clear,Daylight,Motorcycle,2,Signal Violation,1,0,0,1,1,1,Medium
2018,1,Saturday,9,Punjab,Sialkot,Urban Road,Good,Dusty/Smoggy,Daylight,Truck/Lorry,3,Drunk Driving,1,1,0,1,3,2,Medium
2021,11,Monday,5,KPK,Mardan,Urban Road,Poor,Clear,Dawn/Dusk,Car/Taxi,2,Pedestrian Error,0,0,1,1,2,0,Low
2018,1,Monday,22,Punjab,Rahim Yar Khan,National Highway,Average,Clear,Street Light,Rickshaw,3,Wrong Overtaking,0,0,1,1,2,0,Medium
2018,2,Saturday,5,Punjab,Sargodha,Rural Road,Good,Foggy,Dawn/Dusk,Truck/Lorry,1,Over Speeding,0,1,1,1,2,2,High
2023,1,Sunday,13,Punjab,Sargodha,Provincial Highway,Good,Dusty/Smoggy,Daylight,Motorcycle,1,Signal Violation,1,1,0,1,5,0,Medium
2020,12,Sunday,7,Punjab,Lahore,Provincial Highway,Good,Clear,Daylight,Motorcycle,2,Over Speeding,1,1,0,1,4,0,High
2018,5,Friday,13,Islamabad,Islamabad,Motorway,Average,Clear,Street Light,Motorcycle,1,Wrong Overtaking,1,0,0,0,4,0,High
2023,2,Friday,19,KPK,Nowshera,Urban Road,Good,Foggy,Street Light,Motorcycle,1,Signal Violation,1,0,0,1,4,1,High
2018,2,Wednesday,11,Sindh,Karachi,Rural Road,Good,Rainy,Street Light,Motorcycle,2,Over Speeding,0,0,0,1,2,0,High
2022,10,Wednesday,8,Punjab,Sargodha,Urban Road,Poor,Clear,Daylight,Motorcycle,2,Over Speeding,1,0,0,0,5,2,High
2023,3,Monday,9,Punjab,Sialkot,National Highway,Average,Dusty/Smoggy,Daylight,Motorcycle,2,Over Speeding,1,0,0,0,3,0,High
2023,2,Tuesday,19,Punjab,Sialkot,National Highway,Good,Clear,Dawn/Dusk,Motorcycle,2,Over Speeding,1,0,0,1,3,2,High
2020,5,Monday,15,KPK,Mardan,Provincial Highway,Average,Rainy,Daylight,Car/Taxi,2,Signal Violation,0,0,0,0,3,0,Medium
2020,10,Thursday,20,Punjab,Sargodha,Provincial Highway,Average,Clear,No Light,Bus/Coach,1,Signal Violation,1,0,0,0,4,2,Medium
2022,6,Saturday,15,Sindh,Thatta,National Highway,Poor,Extreme Heat,Daylight,Motorcycle,2,Mobile Phone Use,0,1,0,0,9,2,High
2021,1,Friday,7,KPK,Charsadda,Provincial Highway,Poor,Extreme Heat,Street Light,Motorcycle,2,Over Speeding,1,0,0,1,8,0,High
2020,3,Saturday,21,Punjab,Rawalpindi,Rural Road,Under Repair,Clear,Street Light,Car/Taxi,1,Over Speeding,0,1,0,0,3,1,Medium
2023,4,Friday,11,Sindh,Nawabshah,Provincial Highway,Poor,Rainy,Street Light,Rickshaw,2,Pedestrian Error,0,0,0,0,2,0,Low
2023,1,Wednesday,11,KPK,Mansehra,Provincial Highway,Poor,Extreme Heat,Street Light,Motorcycle,2,Mobile Phone Use,0,0,0,1,1,1,Medium
2022,6,Thursday,9,Punjab,Gujranwala,Motorway,Average,Clear,Dawn/Dusk,Motorcycle,2,Wrong Overtaking,1,0,0,0,8,1,High
2023,2,Tuesday,22,Sindh,Dadu,Provincial Highway,Poor,Clear,Street Light,Motorcycle,3,Over Speeding,0,0,1,1,5,3,High
2019,1,Friday,12,KPK,Bannu,National Highway,Good,Clear,Dawn/Dusk,Car/Taxi,1,Mechanical Failure,1,0,0,1,2,0,Medium
2018,12,Saturday,21,Punjab,Rawalpindi,Provincial Highway,Poor,Clear,Street Light,Motorcycle,1,Over Speeding,0,1,0,1,8,1,High
2022,8,Tuesday,7,Punjab,Bahawalpur,Rural Road,Good,Clear,Daylight,Car/Taxi,1,Pedestrian Error,1,0,0,0,2,0,Low
2023,7,Friday,18,Punjab,Sheikhupura,Urban Road,Average,Clear,Daylight,Motorcycle,1,Wrong Overtaking,1,0,0,0,1,0,Medium
2022,1,Monday,18,Islamabad,Islamabad,Provincial Highway,Poor,Rainy,Daylight,Motorcycle,1,Road Condition,1,0,0,1,7,1,High
2018,3,Friday,13,Punjab,Gujranwala,Rural Road,Good,Rainy,Daylight,Motorcycle,1,Driver Fatigue,1,0,0,0,8,1,High
2022,6,Saturday,17,Punjab,Sialkot,Urban Road,Average,Clear,Daylight,Car/Taxi,4,Road Condition,1,1,0,0,0,0,Low
2020,10,Friday,14,Punjab,Multan,Provincial Highway,Poor,Dusty/Smoggy,No Light,Motorcycle,2,Over Speeding,0,0,0,0,3,1,Medium
2018,9,Friday,15,Punjab,Sialkot,Urban Road,Average,Clear,Daylight,Car/Taxi,1,Pedestrian Error,0,0,0,0,0,1,Low
2023,6,Monday,12,Punjab,Rawalpindi,Motorway,Under Repair,Clear,Dawn/Dusk,Car/Taxi,2,Over Speeding,1,0,0,0,6,1,High
2023,5,Saturday,10,Sindh,Nawabshah,Urban Road,Under Repair,Foggy,Daylight,Motorcycle,2,Wrong Overtaking,0,1,0,0,10,0,High
2023,9,Monday,12,Punjab,Rahim Yar Khan,Rural Road,Good,Clear,Daylight,Car/Taxi,1,Wrong Overtaking,1,0,0,0,1,0,Low
2019,1,Sunday,13,Balochistan,Loralai,Provincial Highway,Good,Rainy,Street Light,Motorcycle,2,Wrong Overtaking,1,1,0,1,5,2,High
2022,12,Tuesday,21,Balochistan,Quetta,National Highway,Poor,Clear,No Light,Motorcycle,2,Signal Violation,0,0,0,1,3,1,Medium
2023,2,Thursday,8,Sindh,Jacobabad,Urban Road,Poor,Clear,Daylight,Motorcycle,2,Mobile Phone Use,1,0,0,1,0,0,Low
2020,12,Friday,22,Balochistan,Khuzdar,National Highway,Good,Foggy,Street Light,Truck/Lorry,2,Drunk Driving,0,0,1,1,2,1,High
2018,1,Thursday,12,Sindh,Mirpur Khas,Rural Road,Average,Clear,Daylight,Truck/Lorry,1,Weather Condition,1,0,0,1,2,0,Low
2023,1,Thursday,17,Sindh,Mirpur Khas,Rural Road,Average,Foggy,No Light,Motorcycle,1,Signal Violation,1,0,0,1,3,0,Medium
2022,4,Wednesday,23,Punjab,Sialkot,Urban Road,Poor,Clear,Street Light,Motorcycle,3,Mechanical Failure,0,0,1,0,3,0,Medium
2018,6,Sunday,21,Punjab,Faisalabad,National Highway,Poor,Clear,Street Light,Truck/Lorry,1,Over Speeding,0,1,0,0,1,0,Medium
2021,3,Tuesday,13,Punjab,Sheikhupura,Provincial Highway,Good,Foggy,Daylight,Rickshaw,2,Over Speeding,1,0,0,0,5,2,High
2023,7,Tuesday,15,Punjab,Sargodha,National Highway,Under Repair,Clear,Street Light,Truck/Lorry,3,Over Speeding,0,0,0,0,8,2,High
2022,1,Thursday,9,KPK,Swat,National Highway,Under Repair,Extreme Heat,Daylight,Motorcycle,3,Wrong Overtaking,1,0,0,1,5,2,Medium
2023,2,Friday,17,Punjab,Gujranwala,National Highway,Average,Clear,Daylight,Bus/Coach,1,Signal Violation,1,0,0,1,5,1,Medium
2022,10,Wednesday,14,Punjab,Gujranwala,Provincial Highway,Good,Clear,Daylight,Bus/Coach,3,Wrong Overtaking,0,0,0,0,1,0,Low