year,month,day_of_week,hour_of_day,province,district,road_type,road_condition,weather_condition,lighting_condition,vehicle_type,vehicles_involved,accident_cause,is_rush_hour,is_weekend,is_night,is_foggy_month,num_injured,num_killed,severity
2022,11,Sunday,9,Islamabad,Islamabad,Urban Road,Under Repair,Foggy,Daylight,Rickshaw,4,Over Speeding,1,1,0,1,0,0,Low
2022,6,Friday,12,KPK,Dera Ismail Khan,Provincial Highway,Average,Foggy,Daylight,Motorcycle,2,Signal Violation,1,0,0,0,2,0,Medium
2021,2,Tuesday,14,Sindh,Nawabshah,National Highway,Poor,Clear,Daylight,Van/Pickup,1,Signal Violation,0,0,0,1,3,0,Medium
2021,1,Saturday,16,Punjab,Multan,National Highway,Good,Foggy,Daylight,Van/Pickup,1,Signal Violation,0,1,0,1,1,0,Medium
2019,9,Sunday,21,Balochistan,Zhob,Motorway,Average,Dusty/Smoggy,No Light,Motorcycle,2,Signal Violation,0,1,0,0,1,1,Medium
2019,6,Sunday,13,Punjab,Multan,Urban Road,Good,Clear,Daylight,Van/Pickup,2,Mobile Phone Use,1,1,0,0,2,0,Low
2021,11,Saturday,8,Sindh,Mirpur Khas,Provincial Highway,Average,Clear,Daylight,Car/Taxi,4,Over Speeding,1,1,0,1,3,0,Medium
2018,10,Sunday,7,KPK,Swat,Motorway,Average,Clear,Street Light,Rickshaw,2,Mobile Phone Use,1,1,0,0,0,0,Low
2023,8,Tuesday,20,Punjab,Sheikhupura,Provincial Highway,Good,Clear,No Light,Bus/Coach,2,Pedestrian Error,1,0,0,0,0,0,Low
2023,12,Thursday,6,Balochistan,Quetta,Rural Road,Good,Clear,Daylight,Motorcycle,1,Drunk Driving,0,0,0,1,11,1,High
2023,9,Friday,20,Punjab,Gujranwala,Provincial Highway,Average,Clear,No Light,Rickshaw,1,Road Condition,1,0,0,0,0,0,Low
2022,9,Saturday,12,KPK,Kohat,Rural Road,Poor,Clear,Street Light,Motorcycle,4,Road Condition,1,1,0,0,0,0,Low
2021,3,Saturday,9,Sindh,Karachi,Urban Road,Good,Clear,Daylight,Car/Taxi,1,Mechanical Failure,1,1,0,0,2,0,Low
2022,10,Tuesday,11,Sindh,Larkana,Urban Road,Good,Clear,Daylight,Car/Taxi,2,Road Condition,0,0,0,0,0,0,Low
2021,1,Monday,13,AJK,Mirpur,Urban Road,Average,Clear,Dawn/Dusk,Motorcycle,3,Mechanical Failure,1,0,0,1,2,0,Low
2018,4,Sunday,10,Sindh,Hyderabad,Urban Road,Average,Dusty/Smoggy,Daylight,Bicycle,2,Road Condition,0,1,0,0,0,0,Low
2022,8,Sunday,21,KPK,Mardan,National Highway,Average,Foggy,No Light,Motorcycle,3,Driver Fatigue,0,1,0,0,8,0,High
2018,4,Friday,18,Punjab,Rahim Yar Khan,Provincial Highway,Good,Extreme Heat,Street Light,Truck/Lorry,1,Wrong Overtaking,1,0,0,0,0,0,Low
2023,3,Sunday,20,KPK,Peshawar,National Highway,Under Repair,Foggy,Street Light,Rickshaw,2,Over Speeding,1,1,0,0,9,1,High
2023,3,Sunday,22,KPK,Bannu,National Highway,Good,Foggy,No Light,Motorcycle,2,Wrong Overtaking,0,1,1,0,5,2,High
2019,3,Saturday,10,Islamabad,Islamabad,Urban Road,Good,Clear,Dawn/Dusk,Car/Taxi,1,Over Speeding,0,1,0,0,0,0,Low
2021,8,Monday,13,Islamabad,Islamabad,Motorway,Good,Foggy,Daylight,Car/Taxi,1,Signal Violation,1,0,0,0,5,0,Medium
2021,5,Tuesday,8,Punjab,Sialkot,National Highway,Good,Clear,Daylight,Rickshaw,1,Wrong Overtaking,1,0,0,0,2,0,Medium
2021,1,Saturday,10,Sindh,Jacobabad,Urban Road,Poor,Clear,Street Light,Motorcycle,4,Over Speeding,0,1,0,1,4,0,Medium
2020,6,Wednesday,0,Balochistan,Zhob,Urban Road,Average,Clear,No Light,Motorcycle,2,Signal Violation,0,0,1,0,3,0,Medium
2023,4,Monday,20,Sindh,Larkana,Urban Road,Good,Clear,Street Light,Motorcycle,2,Pedestrian Error,1,0,0,0,0,0,Low
2022,11,Saturday,16,Sindh,Kashmore,Rural Road,Average,Rainy,Daylight,Rickshaw,4,Driver Fatigue,0,1,0,1,2,0,Low
2019,9,Monday,19,Punjab,Faisalabad,Urban Road,Average,Clear,No Light,Motorcycle,2,Signal Violation,1,0,0,0,2,0,Low
2023,11,Tuesday,12,Punjab,Gujranwala,Rural Road,Average,Foggy,Daylight,Bicycle,1,Over Speeding,1,0,0,1,2,0,Medium
2023,8,Saturday,11,KPK,Abbottabad,Motorway,Good,Clear,Daylight,Motorcycle,2,Wrong Overtaking,0,1,0,0,7,1,High
2020,4,Sunday,7,KPK,Peshawar,Urban Road,Average,Clear,Daylight,Rickshaw,2,Driver Fatigue,1,1,0,0,2,0,Medium
2019,1,Sunday,5,Sindh,Hyderabad,National Highway,Average,Clear,Dawn/Dusk,Motorcycle,2,Mobile Phone Use,0,1,1,1,10,3,High
2021,6,Sunday,0,Punjab,Bahawalpur,Urban Road,Poor,Clear,Street Light,Motorcycle,1,Driver Fatigue,0,1,1,0,2,0,High
2018,6,Wednesday,19,Sindh,Jacobabad,Motorway,Average,Clear,Dawn/Dusk,Other,2,Signal Violation,1,0,0,0,5,0,Medium
2021,1,Sunday,8,Islamabad,Islamabad,Rural Road,Good,Clear,Street Light,Motorcycle,1,Over Speeding,1,1,0,1,2,1,Medium
2020,9,Thursday,21,Sindh,Jacobabad,National Highway,Under Repair,Clear,No Light,Van/Pickup,3,Signal Violation,0,0,0,0,2,0,Low
2018,12,Thursday,12,Islamabad,Islamabad,Rural Road,Poor,Clear,Daylight,Car/Taxi,1,Signal Violation,1,0,0,1,2,0,Low
2022,10,Thursday,14,Punjab,Sheikhupura,National Highway,Poor,Clear,Daylight,Rickshaw,1,Over Speeding,0,0,0,0,3,0,Medium
2018,6,Saturday,23,Balochistan,Dera Bugti,National Highway,Good,Dusty/Smoggy,No Light,Motorcycle,1,Signal Violation,0,1,1,0,11,1,High
2021,7,Sunday,19,KPK,Mardan,National Highway,Good,Clear,Dawn/Dusk,Van/Pickup,1,Wrong Overtaking,1,1,0,0,1,0,Medium
2020,11,Friday,10,Islamabad,Islamabad,Motorway,Good,Foggy,Daylight,Rickshaw,1,Mechanical Failure,0,0,0,1,3,1,Medium
2020,12,Sunday,5,KPK,Mardan,National Highway,Poor,Clear,No Light,Car/Taxi,2,Road Condition,0,1,1,1,1,0,Low
2019,11,Thursday,12,Punjab,Rahim Yar Khan,National Highway,Poor,Foggy,Daylight,Motorcycle,3,Road Condition,1,0,0,1,3,1,Medium
2022,8,Thursday,6,Balochistan,Zhob,National Highway,Poor,Dusty/Smoggy,Daylight,Motorcycle,2,Mobile Phone Use,0,0,0,0,10,2,High
2018,7,Monday,12,KPK,Mardan,Urban Road,Average,Dusty/Smoggy,Dawn/Dusk,Motorcycle,4,Signal Violation,1,0,0,0,5,1,Medium
2023,11,Thursday,13,Punjab,Bahawalpur,National Highway,Poor,Clear,Daylight,Motorcycle,1,Pedestrian Error,1,0,0,1,4,0,Medium
2023,10,Sunday,22,Punjab,Sheikhupura,Urban Road,Average,Clear,Street Light,Motorcycle,2,Weather Condition,0,1,1,0,3,0,Medium
2020,6,Tuesday,7,Punjab,Sialkot,National Highway,Poor,Foggy,Daylight,Motorcycle,2,Road Condition,1,0,0,0,3,1,High
2022,10,Saturday,8,KPK,Mansehra,Provincial Highway,Good,Foggy,Daylight,Other,2,Over Speeding,1,1,0,0,4,0,Medium
2019,8,Monday,10,Sindh,Mirpur Khas,Urban Road,Good,Clear,Street Light,Truck/Lorry,2,Mechanical Failure,0,0,0,0,1,0,Low
2022,1,Saturday,7,Sindh,Kashmore,National Highway,Good,Clear,Daylight,Car/Taxi,2,Wrong Overtaking,1,1,0,1,4,0,Medium
2019,1,Saturday,8,Punjab,Sargodha,Provincial Highway,Poor,Clear,Daylight,Motorcycle,2,Wrong Overtaking,1,1,0,1,2,0,Medium
2021,11,Thursday,8,Sindh,Nawabshah,National Highway,Good,Clear,Street Light,Motorcycle,1,Over Speeding,1,0,0,1,5,0,High
2022,3,Tuesday,23,Punjab,Sheikhupura,Urban Road,Average,Rainy,Street Light,Motorcycle,1,Mechanical Failure,0,0,1,0,3,1,High
2022,4,Tuesday,18,Sindh,Nawabshah,Provincial Highway,Poor,Clear,No Light,Car/Taxi,2,Road Condition,1,0,0,0,0,0,Low
2023,2,Wednesday,21,Gilgit-Baltistan,Gilgit,National Highway,Good,Clear,No Light,Motorcycle,2,Drunk Driving,0,0,0,1,5,1,High
2023,1,Tuesday,8,Balochistan,Gwadar,National Highway,Good,Clear,Daylight,Car/Taxi,2,Mechanical Failure,1,0,0,1,4,0,Medium
2021,5,Thursday,13,Punjab,Sargodha,Urban Road,Poor,Clear,Daylight,Van/Pickup,2,Over Speeding,1,0,0,0,2,0,Low
2021,12,Saturday,10,Sindh,Sukkur,Provincial Highway,Good,Rainy,Daylight,Car/Taxi,1,Wrong Overtaking,0,1,0,1,2,1,Low
2021,7,Wednesday,21,Sindh,Nawabshah,Urban Road,Poor,Clear,No Light,Car/Taxi,1,Signal Violation,0,0,0,0,2,0,Low
2023,4,Friday,9,Punjab,Multan,Provincial Highway,Average,Foggy,Daylight,Motorcycle,2,Mobile Phone Use,1,0,0,0,3,0,Medium
2019,5,Monday,13,AJK,Muzaffarabad,Provincial Highway,Average,Rainy,No Light,Car/Taxi,1,Pedestrian Error,1,0,0,0,2,0,Low
2022,8,Sunday,10,Sindh,Thatta,Rural Road,Good,Clear,Daylight,Van/Pickup,1,Mechanical Failure,0,1,0,0,0,0,Low
2018,5,Thursday,19,Sindh,Nawabshah,Urban Road,Average,Dusty/Smoggy,Daylight,Rickshaw,2,Road Condition,1,0,0,0,1,0,Low
2023,10,Friday,21,Sindh,Hyderabad,Rural Road,Poor,Clear,No Light,Car/Taxi,1,Wrong Overtaking,0,0,0,0,2,0,Low
2023,1,Friday,16,Punjab,Rawalpindi,Rural Road,Good,Clear,Daylight,Bicycle,2,Over Speeding,0,0,0,1,2,1,Medium
2019,1,Saturday,12,Punjab,Lahore,Provincial Highway,Average,Dusty/Smoggy,Daylight,Car/Taxi,2,Road Condition,1,1,0,1,1,1,Low
2021,11,Friday,3,Punjab,Sheikhupura,Provincial Highway,Poor,Clear,Street Light,Rickshaw,2,Pedestrian Error,0,0,1,1,5,1,Medium
2023,1,Sunday,10,Punjab,Rahim Yar Khan,National Highway,Good,Clear,Daylight,Truck/Lorry,2,Over Speeding,0,1,0,1,3,1,High
2021,2,Saturday,17,Punjab,Sialkot,National Highway,Good,Rainy,Daylight,Car/Taxi,1,Wrong Overtaking,1,1,0,1,2,0,Medium
2023,10,Friday,6,Islamabad,Islamabad,National Highway,Poor,Foggy,Street Light,Motorcycle,2,Drunk Driving,0,0,0,0,3,4,High
2023,4,Wednesday,11,KPK,Dera Ismail Khan,Urban Road,Poor,Foggy,Dawn/Dusk,Rickshaw,1,Mechanical Failure,0,0,0,0,0,0,Low
2023,8,Thursday,18,Balochistan,Sibi,Provincial Highway,Average,Clear,Daylight,Motorcycle,4,Over Speeding,1,0,0,0,9,1,High
2020,10,Saturday,17,Balochistan,Khuzdar,Rural Road,Average,Extreme Heat,Dawn/Dusk,Motorcycle,1,Wrong Overtaking,1,1,0,0,2,0,Low
2021,7,Thursday,11,KPK,Kohat,Urban Road,Average,Rainy,Daylight,Motorcycle,2,Signal Violation,0,0,0,0,10,3,High
2019,11,Friday,8,Punjab,Gujranwala,Urban Road,Poor,Foggy,Daylight,Motorcycle,1,Pedestrian Error,1,0,0,1,1,1,Low
2020,7,Tuesday,7,Sindh,Mirpur Khas,National Highway,Average,Foggy,Daylight,Truck/Lorry,3,Wrong Overtaking,1,0,0,0,4,0,Medium
2023,8,Saturday,12,Punjab,Sheikhupura,National Highway,Good,Foggy,Daylight,Car/Taxi,1,Mobile Phone Use,1,1,0,0,2,0,Low
2022,1,Monday,11,Punjab,Faisalabad,Urban Road,Poor,Clear,Daylight,Rickshaw,2,Over Speeding,0,0,0,1,1,0,Low
2018,1,Thursday,11,Sindh,Nawabshah,National Highway,Average,Clear,Daylight,Bus/Coach,2,Mechanical Failure,0,0,0,1,1,1,Medium
2022,10,Friday,12,Sindh,Thatta,Provincial Highway,Good,Clear,Daylight,Bus/Coach,2,Road Condition,1,0,0,0,2,0,Medium
2019,1,Monday,17,Punjab,Rahim Yar Khan,Motorway,Average,Clear,Dawn/Dusk,Van/Pickup,1,Pedestrian Error,1,0,0,1,2,0,Medium
2023,3,Friday,21,Punjab,Rahim Yar Khan,Provincial Highway,Good,Clear,No Light,Bicycle,1,Over Speeding,0,0,0,0,7,2,High
2019,5,Sunday,6,Punjab,Multan,Urban Road,Good,Clear,Dawn/Dusk,Rickshaw,2,Over Speeding,0,1,0,0,3,0,Medium
2022,1,Sunday,8,KPK,Peshawar,National Highway,Average,Clear,Daylight,Motorcycle,3,Wrong Overtaking,1,1,0,1,9,4,High
2022,11,Saturday,7,AJK,Muzaffarabad,National Highway,Under Repair,Rainy,No Light,Car/Taxi,2,Signal Violation,1,1,0,1,2,0,Medium
2022,7,Wednesday,17,KPK,Kohat,Provincial Highway,Good,Rainy,Daylight,Rickshaw,2,Over Speeding,1,0,0,0,5,0,Medium
2023,7,Friday,6,Balochistan,Gwadar,Urban Road,Average,Rainy,Daylight,Car/Taxi,2,Over Speeding,0,0,0,0,0,1,Low
2021,9,Tuesday,20,Sindh,Hyderabad,Urban Road,Good,Foggy,Street Light,Car/Taxi,2,Wrong Overtaking,1,0,0,0,1,0,Low
2022,9,Sunday,5,Punjab,Sargodha,Rural Road,Good,Rainy,No Light,Motorcycle,2,Road Condition,0,1,1,0,2,1,Medium
2023,11,Wednesday,13,KPK,Nowshera,Urban Road,Good,Clear,Dawn/Dusk,Motorcycle,2,Wrong Overtaking,1,0,0,1,0,0,Low
2023,11,Tuesday,14,Punjab,Rawalpindi,National Highway,Under Repair,Clear,No Light,Motorcycle,2,Road Condition,0,0,0,1,6,2,High
2021,8,Monday,23,Punjab,Rahim Yar Khan,Urban Road,Average,Rainy,No Light,Car/Taxi,3,Pedestrian Error,0,0,1,0,0,0,Low
2022,9,Saturday,17,KPK,Mansehra,Motorway,Good,Dusty/Smoggy,No Light,Motorcycle,1,Driver Fatigue,1,1,0,0,5,2,High
2022,11,Friday,7,Balochistan,Turbat,National Highway,Poor,Foggy,Daylight,Motorcycle,3,Road Condition,1,0,0,1,5,0,Medium
2018,1,Wednesday,10,Sindh,Karachi,National Highway,Poor,Clear,Daylight,Motorcycle,1,Mechanical Failure,0,0,0,1,2,0,Medium
2021,10,Wednesday,9,Islamabad,Islamabad,Provincial Highway,Average,Clear,Daylight,Motorcycle,1,Mechanical Failure,1,0,0,0,0,0,Low
2023,4,Friday,11,Sindh,Dadu,Rural Road,Under Repair,Clear,Dawn/Dusk,Motorcycle,2,Driver Fatigue,0,0,0,0,7,1,High
2022,11,Monday,17,Punjab,Rahim Yar Khan,Provincial Highway,Poor,Foggy,Daylight,Car/Taxi,2,Pedestrian Error,1,0,0,1,0,0,Low
2023,1,Thursday,18,Sindh,Karachi,Urban Road,Good,Rainy,Daylight,Motorcycle,4,Wrong Overtaking,1,0,0,1,2,2,Medium
2018,1,Tuesday,18,Balochistan,Dera Bugti,National Highway,Average,Foggy,Daylight,Car/Taxi,4,Road Condition,1,0,0,1,2,0,Medium
2023,6,Monday,6,Sindh,Mirpur Khas,Provincial Highway,Good,Clear,Daylight,Motorcycle,1,Mobile Phone Use,0,0,0,0,1,0,Medium
2022,7,Monday,14,KPK,Abbottabad,National Highway,Average,Clear,Daylight,Truck/Lorry,1,Over Speeding,0,0,0,0,5,2,Medium
2023,12,Saturday,6,Sindh,Dadu,Rural Road,Poor,Foggy,Dawn/Dusk,Motorcycle,1,Drunk Driving,0,1,0,1,1,0,Medium
2023,2,Sunday,9,Sindh,Thatta,National Highway,Poor,Extreme Heat,Daylight,Motorcycle,2,Over Speeding,1,1,0,1,10,0,High
2023,7,Thursday,23,Punjab,Multan,Provincial Highway,Good,Clear,No Light,Rickshaw,2,Mechanical Failure,0,0,1,0,1,0,Low
2021,7,Thursday,2,Punjab,Bahawalpur,National Highway,Good,Rainy,No Light,Motorcycle,4,Mobile Phone Use,0,0,1,0,9,0,High
2022,8,Sunday,20,Punjab,Gujranwala,Urban Road,Good,Foggy,No Light,Motorcycle,1,Over Speeding,1,1,0,0,6,0,High
2021,5,Wednesday,3,Sindh,Kashmore,National Highway,Average,Clear,No Light,Car/Taxi,3,Over Speeding,0,0,1,0,9,2,High
2019,5,Friday,21,KPK,Charsadda,Rural Road,Average,Clear,Street Light,Bicycle,3,Over Speeding,0,0,0,0,1,0,Medium
2019,2,Monday,12,KPK,Mardan,National Highway,Good,Clear,Daylight,Motorcycle,2,Mechanical Failure,1,0,0,1,8,2,High
2019,1,Sunday,7,Punjab,Bahawalpur,National Highway,Under Repair,Clear,Daylight,Motorcycle,2,Drunk Driving,1,1,0,1,11,1,High
2022,1,Monday,19,Sindh,Jacobabad,National Highway,Average,Foggy,Street Light,Car/Taxi,3,Over Speeding,1,0,0,1,7,1,High
2020,11,Saturday,18,Punjab,Sialkot,National Highway,Average,Clear,Daylight,Car/Taxi,2,Mechanical Failure,1,1,0,1,2,0,Low
2023,6,Friday,20,Sindh,Thatta,National Highway,Average,Clear,No Light,Bus/Coach,2,Over Speeding,1,0,0,0,4,0,Medium
2023,11,Monday,10,Sindh,Jacobabad,National Highway,Poor,Clear,Daylight,Motorcycle,4,Wrong Overtaking,0,0,0,1,5,2,High
2018,6,Friday,10,Punjab,Gujranwala,Urban Road,Poor,Extreme Heat,Daylight,Van/Pickup,3,Pedestrian Error,0,0,0,0,1,1,Low
2020,2,Tuesday,17,Balochistan,Hub,Motorway,Good,Rainy,Dawn/Dusk,Motorcycle,2,Weather Condition,1,0,0,1,7,3,High
2022,11,Saturday,17,Islamabad,Islamabad,Urban Road,Poor,Foggy,Daylight,Motorcycle,2,Mobile Phone Use,1,1,0,1,5,1,Medium
2023,9,Tuesday,16,Punjab,Rahim Yar Khan,Urban Road,Poor,Foggy,Daylight,Motorcycle,1,Over Speeding,0,0,0,0,7,3,High
2023,5,Saturday,12,KPK,Nowshera,Provincial Highway,Good,Rainy,Daylight,Motorcycle,2,Over Speeding,1,1,0,0,3,0,High
2018,7,Friday,18,Punjab,Bahawalpur,Rural Road,Good,Rainy,Daylight,Motorcycle,2,Wrong Overtaking,1,0,0,0,10,1,High
2022,5,Friday,20,Punjab,Multan,National Highway,Average,Dusty/Smoggy,Street Light,Car/Taxi,1,Road Condition,1,0,0,0,0,0,Low
2021,5,Saturday,13,Islamabad,Islamabad,Provincial Highway,Average,Foggy,Dawn/Dusk,Bicycle,3,Road Condition,1,1,0,0,5,0,Medium
2019,11,Saturday,3,KPK,Abbottabad,Urban Road,Average,Clear,No Light,Truck/Lorry,2,Wrong Overtaking,0,1,1,1,3,2,Medium
2023,12,Sunday,1,Punjab,Faisalabad,Urban Road,Good,Clear,Street Light,Motorcycle,2,Wrong Overtaking,0,1,1,1,1,0,Medium
2023,11,Sunday,14,KPK,Mansehra,Urban Road,Average,Clear,Daylight,Car/Taxi,3,Over Speeding,0,1,0,1,5,0,Medium
2020,5,Monday,19,Balochistan,Loralai,Urban Road,Poor,Dusty/Smoggy,Street Light,Car/Taxi,1,Wrong Overtaking,1,0,0,0,1,0,Low
2019,11,Wednesday,13,Balochistan,Turbat,Provincial Highway,Average,Clear,Street Light,Car/Taxi,1,Pedestrian Error,1,0,0,1,1,0,Low
2022,10,Tuesday,21,Punjab,Faisalabad,Rural Road,Average,Clear,No Light,Car/Taxi,1,Signal Violation,0,0,0,0,2,0,Low
2023,9,Monday,8,KPK,Abbottabad,Rural Road,Poor,Clear,Daylight,Motorcycle,2,Driver Fatigue,1,0,0,0,2,1,Medium
2023,1,Friday,6,Balochistan,Gwadar,National Highway,Under Repair,Rainy,Street Light,Bus/Coach,1,Road Condition,0,0,0,1,5,1,Medium
2019,5,Saturday,10,Sindh,Mirpur Khas,Rural Road,Average,Clear,Daylight,Car/Taxi,2,Mechanical Failure,0,1,0,0,0,0,Low
2023,4,Saturday,21,Sindh,Larkana,National Highway,Good,Dusty/Smoggy,No Light,Motorcycle,1,Mobile Phone Use,0,1,0,0,1,1,Medium
2022,2,Tuesday,6,Punjab,Multan,Provincial Highway,Average,Clear,Daylight,Motorcycle,3,Driver Fatigue,0,0,0,1,1,2,Medium
2019,6,Wednesday,21,Punjab,Rawalpindi,Rural Road,Poor,Clear,Street Light,Car/Taxi,2,Over Speeding,0,0,0,0,2,0,Low
2023,12,Tuesday,7,Sindh,Jacobabad,Urban Road,Average,Clear,Daylight,Truck/Lorry,1,Over Speeding,1,0,0,1,2,0,Low
2018,10,Saturday,10,Balochistan,Loralai,Provincial Highway,Poor,Clear,Daylight,Car/Taxi,1,Mechanical Failure,0,1,0,0,0,0,Low
2019,3,Tuesday,18,KPK,Swat,Rural Road,Average,Foggy,Street Light,Motorcycle,1,Wrong Overtaking,1,0,0,0,9,1,High
2023,9,Friday,8,Sindh,Karachi,National Highway,Good,Clear,Daylight,Motorcycle,1,Drunk Driving,1,0,0,0,8,2,High
2023,5,Thursday,21,KPK,Mardan,Rural Road,Poor,Extreme Heat,No Light,Motorcycle,3,Pedestrian Error,0,0,0,0,0,0,Low
2019,5,Sunday,10,KPK,Swat,Urban Road,Good,Clear,Daylight,Bicycle,4,Driver Fatigue,0,1,0,0,2,1,Medium
2022,1,Thursday,12,Sindh,Larkana,National Highway,Poor,Extreme Heat,Daylight,Rickshaw,2,Wrong Overtaking,1,0,0,1,1,1,Medium
2023,11,Thursday,9,Punjab,Bahawalpur,Motorway,Good,Foggy,Daylight,Truck/Lorry,1,Wrong Overtaking,1,0,0,1,10,0,High
2023,5,Friday,0,Punjab,Faisalabad,Urban Road,Good,Foggy,No Light,Motorcycle,3,Driver Fatigue,0,0,1,0,4,3,High
2018,2,Saturday,4,Punjab,Lahore,Rural Road,Average,Clear,No Light,Car/Taxi,3,Road Condition,0,1,1,1,1,0,Low
2018,8,Friday,11,Punjab,Sheikhupura,National Highway,Average,Clear,Daylight,Motorcycle,3,Signal Violation,0,0,0,0,2,0,High
2021,4,Friday,10,Punjab,Sialkot,Urban Road,Under Repair,Clear,Daylight,Truck/Lorry,1,Drunk Driving,0,0,0,0,3,0,Medium
2020,3,Monday,17,KPK,Peshawar,National Highway,Poor,Clear,Dawn/Dusk,Truck/Lorry,3,Pedestrian Error,1,0,0,0,4,0,Medium
2021,6,Monday,18,Punjab,Sialkot,Motorway,Average,Clear,Street Light,Motorcycle,1,Over Speeding,1,0,0,0,4,0,High
2021,6,Friday,8,Punjab,Sheikhupura,National Highway,Good,Foggy,Daylight,Truck/Lorry,2,Mechanical Failure,1,0,0,0,4,0,Medium
2022,3,Saturday,13,AJK,Rawalakot,National Highway,Average,Clear,Daylight,Rickshaw,3,Pedestrian Error,1,1,0,0,4,0,Medium
2019,9,Saturday,22,KPK,Bannu,Provincial Highway,Under Repair,Dusty/Smoggy,No Light,Motorcycle,3,Signal Violation,0,1,1,0,6,1,High
2022,12,Monday,6,KPK,Kohat,Provincial Highway,Poor,Clear,Daylight,Bus/Coach,3,Pedestrian Error,0,0,0,1,0,0,Low
2019,8,Tuesday,18,Punjab,Lahore,Rural Road,Good,Clear,Daylight,Bus/Coach,3,Signal Violation,1,0,0,0,1,0,Low
2023,4,Tuesday,11,Sindh,Mirpur Khas,Urban Road,Good,Clear,Daylight,Motorcycle,1,Signal Violation,0,0,0,0,1,1,Low
2021,1,Friday,18,Sindh,Kashmore,Provincial Highway,Poor,Extreme Heat,Daylight,Car/Taxi,2,Over Speeding,1,0,0,1,1,0,Medium
2023,3,Tuesday,10,Sindh,Mirpur Khas,Provincial Highway,Average,Foggy,Daylight,Rickshaw,4,Pedestrian Error,0,0,0,0,3,0,Medium
2019,3,Saturday,2,Sindh,Hyderabad,National Highway,Average,Rainy,No Light,Motorcycle,2,Mobile Phone Use,0,1,1,0,11,1,High
2021,5,Friday,0,Sindh,Sukkur,Urban Road,Poor,Foggy,No Light,Bus/Coach,1,Over Speeding,0,0,1,0,4,0,Medium
2023,11,Friday,15,AJK,Rawalakot,Rural Road,Good,Clear,Daylight,Car/Taxi,1,Signal Violation,0,0,0,1,0,0,Low
2019,4,Monday,22,Punjab,Rawalpindi,Rural Road,Under Repair,Clear,Street Light,Bus/Coach,2,Wrong Overtaking,0,0,1,0,0,0,Low
2021,1,Tuesday,11,Punjab,Rawalpindi,National Highway,Poor,Clear,Dawn/Dusk,Rickshaw,1,Wrong Overtaking,0,0,0,1,5,1,Medium
2022,8,Friday,23,Sindh,Hyderabad,Urban Road,Under Repair,Rainy,No Light,Motorcycle,1,Signal Violation,0,0,1,0,5,0,Medium
2018,2,Friday,5,Sindh,Nawabshah,National Highway,Poor,Foggy,Street Light,Motorcycle,4,Signal Violation,0,0,1,1,9,2,High
2022,5,Thursday,8,Punjab,Sheikhupura,National Highway,Average,Extreme Heat,Daylight,Motorcycle,1,Wrong Overtaking,1,0,0,0,4,2,High
2023,11,Thursday,4,KPK,Peshawar,Provincial Highway,Good,Clear,No Light,Car/Taxi,2,Drunk Driving,0,0,1,1,5,1,Medium
2018,3,Sunday,17,Sindh,Hyderabad,Provincial Highway,Average,Rainy,Street Light,Car/Taxi,1,Driver Fatigue,1,1,0,0,3,1,Medium
2021,12,Monday,16,Punjab,Rahim Yar Khan,National Highway,Under Repair,Clear,Daylight,Motorcycle,1,Pedestrian Error,0,0,0,1,2,0,Medium
2019,5,Wednesday,9,Sindh,Nawabshah,Rural Road,Under Repair,Foggy,Daylight,Car/Taxi,1,Drunk Driving,1,0,0,0,2,2,Medium
2022,1,Saturday,12,KPK,Peshawar,Rural Road,Good,Clear,No Light,Motorcycle,4,Over Speeding,1,1,0,1,3,0,Medium
2023,12,Saturday,14,AJK,Mirpur,Provincial Highway,Poor,Clear,Daylight,Motorcycle,2,Over Speeding,0,1,0,1,4,2,High
2022,11,Thursday,19,Punjab,Sargodha,National Highway,Good,Foggy,Daylight,Motorcycle,2,Over Speeding,1,0,0,1,6,2,High
2023,8,Friday,16,Punjab,Rawalpindi,Urban Road,Good,Clear,Daylight,Motorcycle,1,Signal Violation,0,0,0,0,5,0,Medium
2022,3,Wednesday,23,Punjab,Sialkot,National Highway,Average,Foggy,Street Light,Motorcycle,2,Over Speeding,0,0,1,0,10,1,High
2021,8,Monday,7,Balochistan,Khuzdar,Rural Road,Good,Clear,Daylight,Car/Taxi,2,Wrong Overtaking,1,0,0,0,1,0,Low
2020,11,Tuesday,8,Sindh,Nawabshah,Rural Road,Good,Rainy,Daylight,Bus/Coach,3,Over Speeding,1,0,0,1,5,1,High
2022,7,Wednesday,18,Balochistan,Gwadar,Motorway,Good,Clear,Daylight,Rickshaw,3,Pedestrian Error,1,0,0,0,0,0,Low
2021,7,Sunday,18,AJK,Muzaffarabad,National Highway,Average,Clear,Daylight,Bus/Coach,1,Wrong Overtaking,1,1,0,0,6,3,High
2019,5,Friday,10,Sindh,Sukkur,National Highway,Poor,Rainy,Daylight,Car/Taxi,4,Signal Violation,0,0,0,0,4,0,High
2021,8,Friday,6,Punjab,Gujranwala,Urban Road,Good,Rainy,Street Light,Motorcycle,2,Pedestrian Error,0,0,0,0,4,1,Medium
2018,8,Saturday,6,Punjab,Sialkot,National Highway,Average,Rainy,Daylight,Motorcycle,1,Over Speeding,0,1,0,0,9,2,High
2022,4,Friday,19,Punjab,Rahim Yar Khan,Provincial Highway,Average,Rainy,Dawn/Dusk,Rickshaw,2,Road Condition,1,0,0,0,2,0,Low