year,month,day_of_week,hour_of_day,province,district,road_type,road_condition,weather_condition,lighting_condition,vehicle_type,vehicles_involved,accident_cause,is_rush_hour,is_weekend,is_night,is_foggy_month,num_injured,num_killed,severity
2022,6,Sunday,11,Balochistan,Quetta,Provincial Highway,Good,Rainy,Street Light,Car/Taxi,4,Road Condition,0,1,0,0,1,0,Medium
2019,6,Saturday,10,Punjab,Sargodha,Provincial Highway,Good,Extreme Heat,Street Light,Car/Taxi,2,Road Condition,0,1,0,0,0,0,Low
2018,12,Thursday,14,Sindh,Dadu,Urban Road,Good,Rainy,Daylight,Rickshaw,2,Wrong Overtaking,0,0,0,1,1,1,Low
2023,5,Thursday,19,Punjab,Sialkot,National Highway,Average,Rainy,No Light,Truck/Lorry,1,Over Speeding,1,0,0,0,11,0,High
2023,11,Thursday,13,Punjab,Rahim Yar Khan,Urban Road,Good,Clear,Street Light,Motorcycle,2,Road Condition,1,0,0,1,3,2,Medium
2020,9,Tuesday,19,Punjab,Multan,Urban Road,Good,Clear,Dawn/Dusk,Car/Taxi,2,Mobile Phone Use,1,0,0,0,0,0,Low
2022,12,Friday,9,Sindh,Jacobabad,Provincial Highway,Good,Clear,Daylight,Car/Taxi,3,Road Condition,1,0,0,1,1,0,Low
2020,8,Wednesday,10,Punjab,Multan,Urban Road,Poor,Clear,Daylight,Rickshaw,3,Wrong Overtaking,0,0,0,0,0,0,Low
2019,5,Wednesday,10,Sindh,Dadu,Provincial Highway,Poor,Clear,Street Light,Motorcycle,2,Wrong Overtaking,0,0,0,0,5,0,Medium
2023,2,Wednesday,5,KPK,Charsadda,Rural Road,Average,Clear,Street Light,Rickshaw,2,Over Speeding,0,0,1,1,1,1,Low
2018,1,Friday,8,Islamabad,Islamabad,Urban Road,Poor,Clear,Daylight,Car/Taxi,2,Mechanical Failure,1,0,0,1,1,0,Low
2022,5,Wednesday,14,Balochistan,Quetta,National Highway,Good,Foggy,Street Light,Car/Taxi,2,Mechanical Failure,0,0,0,0,2,1,Medium
2019,1,Wednesday,5,Sindh,Sukkur,Urban Road,Good,Foggy,Street Light,Motorcycle,3,Signal Violation,0,0,1,1,1,2,Medium
2022,3,Sunday,19,KPK,Peshawar,National Highway,Good,Foggy,Dawn/Dusk,Car/Taxi,2,Mechanical Failure,1,1,0,0,4,1,Medium
2023,10,Saturday,9,Punjab,Lahore,Provincial Highway,Good,Clear,Daylight,Truck/Lorry,1,Wrong Overtaking,1,1,0,0,0,0,Low
2022,8,Saturday,7,Sindh,Jacobabad,Provincial Highway,Good,Foggy,No Light,Van/Pickup,1,Wrong Overtaking,1,1,0,0,1,0,Low
2023,12,Thursday,8,Punjab,Sargodha,National Highway,Good,Rainy,Street Light,Van/Pickup,3,Pedestrian Error,1,0,0,1,0,0,Low
2019,10,Tuesday,4,Punjab,Sheikhupura,National Highway,Under Repair,Clear,No Light,Rickshaw,2,Road Condition,0,0,1,0,5,0,Medium
2021,9,Saturday,20,KPK,Peshawar,National Highway,Good,Dusty/Smoggy,No Light,Motorcycle,2,Road Condition,1,1,0,0,2,0,Medium
2021,9,Saturday,5,Punjab,Faisalabad,Provincial Highway,Average,Clear,No Light,Car/Taxi,2,Over Speeding,0,1,1,0,4,2,Medium
2020,11,Wednesday,23,Punjab,Sheikhupura,Urban Road,Poor,Clear,No Light,Motorcycle,3,Over Speeding,0,0,1,1,5,0,Medium
2019,1,Sunday,8,Punjab,Sheikhupura,National Highway,Poor,Clear,Daylight,Motorcycle,2,Signal Violation,1,1,0,1,2,3,High
2021,7,Monday,8,Balochistan,Dera Bugti,Rural Road,Poor,Rainy,Daylight,Motorcycle,3,Over Speeding,1,0,0,0,8,1,High
2020,1,Wednesday,13,Punjab,Faisalabad,Urban Road,Good,Foggy,Dawn/Dusk,Bicycle,3,Pedestrian Error,1,0,0,1,4,0,Medium
2018,8,Tuesday,2,Punjab,Multan,Rural Road,Average,Clear,Street Light,Car/Taxi,3,Pedestrian Error,0,0,1,0,2,0,Low
2023,12,Monday,22,Balochistan,Loralai,Urban Road,Good,Rainy,No Light,Truck/Lorry,2,Mechanical Failure,0,0,1,1,2,0,Low
2019,2,Friday,16,Punjab,Lahore,Provincial Highway,Poor,Clear,Daylight,Motorcycle,1,Over Speeding,0,0,0,1,5,0,Medium
2023,8,Sunday,7,Islamabad,Islamabad,Provincial Highway,Average,Extreme Heat,Dawn/Dusk,Motorcycle,1,Over Speeding,1,1,0,0,9,1,High
2022,12,Thursday,19,Balochistan,Turbat,National Highway,Good,Clear,Dawn/Dusk,Motorcycle,3,Signal Violation,1,0,0,1,8,4,High
2021,7,Friday,9,Punjab,Gujranwala,Provincial Highway,Good,Foggy,Daylight,Car/Taxi,2,Signal Violation,1,0,0,0,5,0,Medium
2022,7,Sunday,17,Sindh,Kashmore,Urban Road,Poor,Clear,Daylight,Motorcycle,2,Over Speeding,1,1,0,0,1,0,Medium
2020,11,Tuesday,10,Gilgit-Baltistan,Skardu,Rural Road,Average,Clear,Daylight,Motorcycle,2,Signal Violation,0,0,0,1,0,0,Low
2023,5,Sunday,8,Sindh,Nawabshah,Motorway,Poor,Clear,Daylight,Car/Taxi,2,Over Speeding,1,1,0,0,1,0,Medium
2022,7,Friday,19,Punjab,Lahore,National Highway,Average,Clear,Dawn/Dusk,Motorcycle,1,Road Condition,1,0,0,0,4,0,Medium
2020,2,Monday,17,Balochistan,Zhob,Urban Road,Poor,Rainy,Daylight,Motorcycle,2,Wrong Overtaking,1,0,0,1,4,2,Medium
2023,9,Friday,18,Punjab,Gujranwala,Urban Road,Poor,Rainy,Daylight,Rickshaw,1,Wrong Overtaking,1,0,0,0,5,1,Medium
2023,12,Thursday,21,Punjab,Sheikhupura,National Highway,Average,Clear,Street Light,Motorcycle,3,Drunk Driving,0,0,0,1,11,2,High
2020,2,Sunday,12,Balochistan,Chaman,Urban Road,Good,Foggy,Daylight,Bicycle,2,Over Speeding,1,1,0,1,4,1,High
2018,6,Thursday,11,Punjab,Bahawalpur,National Highway,Good,Foggy,Daylight,Bicycle,2,Over Speeding,0,0,0,0,7,2,High
2022,8,Monday,9,KPK,Dera Ismail Khan,Rural Road,Good,Dusty/Smoggy,Daylight,Motorcycle,2,Signal Violation,1,0,0,0,3,0,Medium
2021,9,Saturday,13,Sindh,Dadu,Provincial Highway,Average,Clear,Daylight,Bicycle,2,Drunk Driving,1,1,0,0,6,0,High
2023,5,Sunday,13,KPK,Kohat,Provincial Highway,Good,Rainy,Street Light,Other,3,Driver Fatigue,1,1,0,0,5,0,Medium
2022,8,Sunday,20,Punjab,Rahim Yar Khan,National Highway,Average,Rainy,No Light,Car/Taxi,3,Pedestrian Error,1,1,0,0,1,0,Low
2021,6,Tuesday,17,Punjab,Rahim Yar Khan,Urban Road,Average,Clear,Daylight,Car/Taxi,3,Mechanical Failure,1,0,0,0,0,0,Low
2020,3,Thursday,9,Punjab,Sargodha,Rural Road,Good,Clear,Daylight,Car/Taxi,3,Over Speeding,1,0,0,0,2,0,Low
2020,6,Tuesday,7,Punjab,Rawalpindi,Provincial Highway,Good,Clear,Street Light,Motorcycle,3,Mechanical Failure,1,0,0,0,1,0,Low
2018,3,Wednesday,19,Punjab,Sialkot,Urban Road,Good,Foggy,Street Light,Car/Taxi,2,Wrong Overtaking,1,0,0,0,1,0,Low
2021,6,Monday,13,Punjab,Bahawalpur,Rural Road,Average,Rainy,Daylight,Car/Taxi,1,Wrong Overtaking,1,0,0,0,1,0,Low
2021,9,Monday,8,Islamabad,Islamabad,Urban Road,Poor,Clear,Daylight,Car/Taxi,1,Over Speeding,1,0,0,0,5,1,Medium
2020,1,Thursday,20,Sindh,Larkana,Rural Road,Under Repair,Rainy,Street Light,Rickshaw,2,Over Speeding,1,0,0,1,0,0,Low
2018,3,Monday,12,Sindh,Kashmore,Urban Road,Good,Clear,Dawn/Dusk,Motorcycle,2,Signal Violation,1,0,0,0,1,2,Medium
2019,7,Sunday,9,Sindh,Karachi,Urban Road,Average,Dusty/Smoggy,Daylight,Motorcycle,2,Mechanical Failure,1,1,0,0,2,0,Low
2022,11,Saturday,20,Gilgit-Baltistan,Hunza,Rural Road,Good,Clear,Street Light,Motorcycle,2,Wrong Overtaking,1,1,0,1,2,0,Medium
2019,5,Tuesday,15,Sindh,Sukkur,Urban Road,Poor,Foggy,Daylight,Car/Taxi,1,Pedestrian Error,0,0,0,0,0,0,Low
2020,2,Sunday,9,KPK,Nowshera,Urban Road,Under Repair,Foggy,Daylight,Bicycle,2,Over Speeding,1,1,0,1,11,0,High
2021,7,Monday,17,Punjab,Rahim Yar Khan,Provincial Highway,Poor,Clear,Daylight,Rickshaw,3,Driver Fatigue,1,0,0,0,1,0,Low
2019,4,Tuesday,19,Sindh,Nawabshah,National Highway,Good,Clear,Street Light,Van/Pickup,1,Over Speeding,1,0,0,0,5,0,Medium
2018,8,Monday,22,Punjab,Lahore,Provincial Highway,Good,Foggy,Street Light,Bus/Coach,4,Signal Violation,0,0,1,0,3,0,High
2020,7,Saturday,10,KPK,Mansehra,Urban Road,Good,Clear,Daylight,Motorcycle,3,Mechanical Failure,0,1,0,0,1,0,Low
2019,7,Sunday,16,Punjab,Sialkot,Urban Road,Poor,Clear,Daylight,Motorcycle,2,Signal Violation,0,1,0,0,0,0,Low
2019,3,Sunday,3,KPK,Mardan,National Highway,Good,Clear,Street Light,Motorcycle,2,Wrong Overtaking,0,1,1,0,11,1,High
2019,12,Saturday,19,Punjab,Sialkot,National Highway,Good,Clear,Dawn/Dusk,Car/Taxi,3,Mechanical Failure,1,1,0,1,2,2,Medium
2022,8,Saturday,19,Punjab,Sheikhupura,National Highway,Poor,Clear,Dawn/Dusk,Car/Taxi,1,Signal Violation,1,1,0,0,2,0,Medium
2022,9,Sunday,23,Sindh,Thatta,National Highway,Good,Clear,No Light,Motorcycle,1,Over Speeding,0,1,1,0,7,2,High
2020,11,Saturday,9,Punjab,Rawalpindi,Urban Road,Under Repair,Clear,Daylight,Motorcycle,4,Drunk Driving,1,1,0,1,3,0,Medium
2023,2,Tuesday,6,Punjab,Rawalpindi,Rural Road,Good,Clear,Daylight,Truck/Lorry,2,Wrong Overtaking,0,0,0,1,1,0,Low
2020,2,Sunday,9,Punjab,Gujranwala,National Highway,Poor,Clear,Daylight,Motorcycle,2,Signal Violation,1,1,0,1,4,0,Medium
2023,1,Sunday,16,Sindh,Jacobabad,National Highway,Average,Dusty/Smoggy,Daylight,Van/Pickup,2,Over Speeding,0,1,0,1,4,2,Medium
2021,3,Tuesday,20,Sindh,Karachi,Urban Road,Good,Clear,Street Light,Motorcycle,2,Over Speeding,1,0,0,0,4,0,High
2019,8,Thursday,18,Sindh,Sukkur,Provincial Highway,Average,Rainy,Daylight,Car/Taxi,3,Signal Violation,1,0,0,0,5,0,Medium
2019,5,Saturday,2,Sindh,Nawabshah,Urban Road,Poor,Clear,No Light,Motorcycle,2,Over Speeding,0,1,1,0,3,2,Medium
2018,9,Saturday,21,Sindh,Hyderabad,National Highway,Average,Dusty/Smoggy,Street Light,Car/Taxi,3,Over Speeding,0,1,0,0,4,0,Medium
2023,12,Friday,19,Sindh,Hyderabad,National Highway,Good,Clear,Dawn/Dusk,Car/Taxi,1,Over Speeding,1,0,0,1,3,1,Medium
2019,9,Monday,17,Punjab,Gujranwala,Motorway,Average,Foggy,Daylight,Car/Taxi,2,Road Condition,1,0,0,0,0,0,Low
2020,6,Wednesday,18,Punjab,Gujranwala,Rural Road,Good,Dusty/Smoggy,Dawn/Dusk,Motorcycle,2,Signal Violation,1,0,0,0,2,0,Medium
2021,10,Saturday,6,Punjab,Rawalpindi,Rural Road,Good,Clear,Daylight,Truck/Lorry,3,Driver Fatigue,0,1,0,0,3,1,Medium
2018,4,Tuesday,20,Sindh,Kashmore,Rural Road,Average,Rainy,No Light,Car/Taxi,2,Signal Violation,1,0,0,0,0,1,Low
2023,5,Sunday,1,KPK,Swat,Provincial Highway,Good,Dusty/Smoggy,Street Light,Car/Taxi,2,Driver Fatigue,0,1,1,0,1,0,Medium
2023,2,Friday,10,Sindh,Mirpur Khas,National Highway,Good,Foggy,Daylight,Motorcycle,2,Mechanical Failure,0,0,0,1,6,1,High
2023,11,Friday,14,Punjab,Rahim Yar Khan,Provincial Highway,Good,Foggy,Daylight,Rickshaw,3,Over Speeding,0,0,0,1,10,2,High
2020,12,Friday,22,Punjab,Sialkot,National Highway,Good,Clear,No Light,Truck/Lorry,2,Over Speeding,0,0,1,1,2,0,High
2021,10,Saturday,15,Punjab,Gujranwala,National Highway,Average,Rainy,Daylight,Car/Taxi,2,Pedestrian Error,0,1,0,0,2,0,Low
2021,8,Friday,15,Sindh,Dadu,Urban Road,Poor,Clear,Daylight,Motorcycle,2,Mobile Phone Use,0,0,0,0,2,1,Medium
2021,11,Saturday,8,Sindh,Nawabshah,National Highway,Poor,Clear,Dawn/Dusk,Car/Taxi,2,Road Condition,1,1,0,1,0,0,Low
2021,7,Sunday,16,Punjab,Rahim Yar Khan,Rural Road,Under Repair,Clear,Daylight,Motorcycle,3,Pedestrian Error,0,1,0,0,0,0,Low
2023,5,Thursday,9,KPK,Mardan,Urban Road,Under Repair,Clear,Daylight,Truck/Lorry,4,Over Speeding,1,0,0,0,4,1,Medium
2021,12,Tuesday,19,Punjab,Gujranwala,Provincial Highway,Under Repair,Clear,No Light,Motorcycle,3,Mechanical Failure,1,0,0,1,5,0,Medium
2021,1,Friday,20,KPK,Dera Ismail Khan,National Highway,Poor,Clear,No Light,Other,1,Over Speeding,1,0,0,1,9,2,High
2021,11,Saturday,20,Sindh,Dadu,Provincial Highway,Poor,Foggy,Street Light,Motorcycle,2,Signal Violation,1,1,0,1,3,1,High
2023,8,Tuesday,22,Sindh,Karachi,Rural Road,Good,Foggy,Street Light,Motorcycle,2,Over Speeding,0,0,1,0,5,4,High
2021,1,Saturday,8,Balochistan,Dera Bugti,Provincial Highway,Good,Rainy,Daylight,Motorcycle,1,Signal Violation,1,1,0,1,5,0,Medium
2021,10,Sunday,8,Punjab,Lahore,Motorway,Good,Dusty/Smoggy,Daylight,Bus/Coach,1,Mechanical Failure,1,1,0,0,0,0,Low
2018,7,Saturday,16,Punjab,Multan,Urban Road,Under Repair,Clear,No Light,Bus/Coach,1,Over Speeding,0,1,0,0,1,0,Medium
2019,11,Wednesday,12,KPK,Nowshera,Urban Road,Poor,Clear,Daylight,Bus/Coach,2,Wrong Overtaking,1,0,0,1,2,0,Low
2020,11,Wednesday,21,Punjab,Sheikhupura,National Highway,Poor,Clear,No Light,Car/Taxi,1,Signal Violation,0,0,0,1,5,2,Medium
2022,1,Saturday,18,AJK,Mirpur,Provincial Highway,Average,Extreme Heat,Daylight,Motorcycle,4,Drunk Driving,1,1,0,1,5,2,High
2021,1,Sunday,15,Punjab,Sheikhupura,Urban Road,Good,Clear,Daylight,Truck/Lorry,4,Over Speeding,0,1,0,1,1,0,Medium
2019,11,Tuesday,21,Punjab,Multan,Urban Road,Average,Clear,No Light,Rickshaw,2,Road Condition,0,0,0,1,2,1,Low
2023,7,Wednesday,10,Sindh,Karachi,Urban Road,Good,Clear,Daylight,Motorcycle,2,Wrong Overtaking,0,0,0,0,5,0,Medium
2018,1,Monday,11,Punjab,Sargodha,Rural Road,Average,Dusty/Smoggy,Daylight,Bus/Coach,4,Over Speeding,0,0,0,1,2,1,Medium
2019,12,Wednesday,14,Punjab,Gujranwala,Rural Road,Good,Foggy,Daylight,Truck/Lorry,2,Wrong Overtaking,0,0,0,1,0,0,Low
2018,10,Sunday,16,Islamabad,Islamabad,National Highway,Average,Clear,Daylight,Car/Taxi,3,Drunk Driving,0,1,0,0,9,1,High
2023,11,Sunday,18,Punjab,Lahore,National Highway,Good,Extreme Heat,Daylight,Motorcycle,3,Wrong Overtaking,1,1,0,1,2,1,High
2022,10,Friday,16,Sindh,Karachi,Rural Road,Under Repair,Dusty/Smoggy,Daylight,Motorcycle,2,Drunk Driving,0,0,0,0,5,1,Medium
2023,10,Saturday,20,Punjab,Rahim Yar Khan,Provincial Highway,Good,Foggy,Street Light,Motorcycle,1,Over Speeding,1,1,0,0,9,3,High
2023,2,Thursday,9,Punjab,Faisalabad,Urban Road,Average,Clear,Daylight,Motorcycle,2,Driver Fatigue,1,0,0,1,5,4,High
2023,3,Tuesday,22,Punjab,Sargodha,Rural Road,Good,Foggy,Street Light,Bus/Coach,1,Pedestrian Error,0,0,1,0,2,0,Medium
2021,8,Saturday,9,Punjab,Sargodha,Provincial Highway,Poor,Dusty/Smoggy,Daylight,Van/Pickup,3,Over Speeding,1,1,0,0,5,1,Medium
2022,11,Friday,2,Punjab,Rawalpindi,Rural Road,Under Repair,Clear,No Light,Motorcycle,1,Over Speeding,0,0,1,1,10,0,High
2022,9,Friday,14,AJK,Mirpur,Provincial Highway,Poor,Foggy,Daylight,Motorcycle,2,Over Speeding,0,0,0,0,7,3,High
2021,10,Saturday,9,KPK,Dera Ismail Khan,Provincial Highway,Good,Clear,Dawn/Dusk,Rickshaw,2,Road Condition,1,1,0,0,0,0,Low
2023,12,Monday,6,KPK,Charsadda,Urban Road,Average,Clear,Daylight,Car/Taxi,3,Over Speeding,0,0,0,1,3,1,Medium
2019,6,Friday,9,Punjab,Sargodha,Motorway,Poor,Clear,Daylight,Bus/Coach,1,Wrong Overtaking,1,0,0,0,4,0,Medium
2023,3,Friday,9,Punjab,Sheikhupura,Provincial Highway,Under Repair,Clear,Dawn/Dusk,Rickshaw,1,Road Condition,1,0,0,0,1,0,Low
2023,7,Sunday,23,Sindh,Dadu,National Highway,Poor,Clear,No Light,Car/Taxi,2,Road Condition,0,1,1,0,1,1,Medium
2018,7,Sunday,13,KPK,Peshawar,Provincial Highway,Good,Foggy,Daylight,Car/Taxi,2,Over Speeding,1,1,0,0,5,1,Medium
2019,4,Tuesday,17,Punjab,Faisalabad,Provincial Highway,Poor,Dusty/Smoggy,Daylight,Motorcycle,3,Wrong Overtaking,1,0,0,0,4,2,High
2019,4,Saturday,12,Punjab,Sargodha,Rural Road,Poor,Clear,Daylight,Truck/Lorry,2,Wrong Overtaking,1,1,0,0,1,0,Low
2022,8,Monday,16,Punjab,Bahawalpur,Urban Road,Good,Clear,Daylight,Rickshaw,2,Signal Violation,0,0,0,0,0,0,Low
2021,2,Saturday,7,Punjab,Sialkot,Urban Road,Good,Rainy,Daylight,Motorcycle,4,Wrong Overtaking,1,1,0,1,1,0,Medium
2022,12,Wednesday,23,KPK,Kohat,Provincial Highway,Poor,Foggy,No Light,Motorcycle,2,Over Speeding,0,0,1,1,2,1,High
2022,12,Thursday,17,Punjab,Sialkot,Provincial Highway,Average,Clear,Daylight,Car/Taxi,1,Over Speeding,1,0,0,1,5,0,Medium
2019,4,Friday,11,Punjab,Faisalabad,National Highway,Under Repair,Foggy,Daylight,Motorcycle,2,Over Speeding,0,0,0,0,5,0,High
2019,8,Saturday,15,KPK,Bannu,National Highway,Good,Clear,No Light,Motorcycle,1,Wrong Overtaking,0,1,0,0,3,0,Medium
2021,5,Monday,11,Punjab,Rahim Yar Khan,Urban Road,Average,Foggy,Daylight,Motorcycle,1,Over Speeding,0,0,0,0,5,2,Medium
2023,5,Sunday,12,KPK,Swat,Provincial Highway,Under Repair,Clear,Daylight,Motorcycle,2,Over Speeding,1,1,0,0,2,2,High
2021,7,Saturday,9,Balochistan,Sibi,Urban Road,Good,Clear,Daylight,Rickshaw,3,Road Condition,1,1,0,0,2,0,Low
2023,2,Thursday,19,Punjab,Bahawalpur,Rural Road,Average,Clear,Street Light,Car/Taxi,3,Mobile Phone Use,1,0,0,1,1,0,Low
2018,9,Tuesday,7,Sindh,Kashmore,Urban Road,Poor,Clear,Daylight,Motorcycle,1,Signal Violation,1,0,0,0,1,0,Medium
2023,6,Monday,12,Punjab,Multan,Rural Road,Average,Clear,Daylight,Car/Taxi,2,Over Speeding,1,0,0,0,5,0,Medium
2018,8,Friday,20,Punjab,Gujranwala,Rural Road,Good,Foggy,No Light,Rickshaw,2,Drunk Driving,1,0,0,0,4,1,Medium
2021,8,Tuesday,18,KPK,Dera Ismail Khan,Urban Road,Under Repair,Clear,Daylight,Motorcycle,2,Signal Violation,1,0,0,0,2,2,Medium
2021,11,Friday,19,Sindh,Jacobabad,Motorway,Poor,Clear,Street Light,Car/Taxi,2,Signal Violation,1,0,0,1,1,0,Medium
2023,11,Wednesday,8,Sindh,Mirpur Khas,Rural Road,Good,Foggy,Dawn/Dusk,Motorcycle,1,Mechanical Failure,1,0,0,1,1,0,Medium
2019,5,Monday,19,KPK,Mardan,Provincial Highway,Average,Clear,Street Light,Bus/Coach,3,Wrong Overtaking,1,0,0,0,3,0,Medium
2021,1,Thursday,18,Punjab,Bahawalpur,National Highway,Average,Clear,Daylight,Car/Taxi,3,Over Speeding,1,0,0,1,3,0,Medium
2023,8,Wednesday,8,KPK,Dera Ismail Khan,Urban Road,Good,Foggy,Daylight,Car/Taxi,3,Over Speeding,1,0,0,0,1,0,Low
2021,12,Saturday,12,KPK,Charsadda,Urban Road,Good,Clear,Daylight,Car/Taxi,2,Over Speeding,1,1,0,1,1,1,Medium
2021,6,Friday,19,Punjab,Bahawalpur,Provincial Highway,Good,Dusty/Smoggy,Daylight,Motorcycle,2,Driver Fatigue,1,0,0,0,8,1,High
2019,11,Friday,13,Islamabad,Islamabad,Provincial Highway,Poor,Clear,Daylight,Motorcycle,1,Over Speeding,1,0,0,1,2,1,Medium
2020,1,Sunday,19,Punjab,Rahim Yar Khan,Urban Road,Poor,Extreme Heat,Street Light,Car/Taxi,2,Mobile Phone Use,1,1,0,1,0,0,Low
2022,1,Friday,14,KPK,Charsadda,Urban Road,Good,Foggy,Daylight,Motorcycle,2,Mechanical Failure,0,0,0,1,4,0,Medium
2018,2,Sunday,12,KPK,Mansehra,Urban Road,Under Repair,Clear,Daylight,Motorcycle,1,Road Condition,1,1,0,1,1,0,Low
2021,7,Saturday,21,Sindh,Kashmore,National Highway,Good,Foggy,No Light,Rickshaw,1,Over Speeding,0,1,0,0,3,1,High
2022,6,Sunday,13,Punjab,Faisalabad,Rural Road,Good,Clear,Daylight,Truck/Lorry,1,Over Speeding,1,1,0,0,3,0,Medium
2019,11,Sunday,7,Punjab,Multan,Motorway,Good,Rainy,Street Light,Motorcycle,4,Over Speeding,1,1,0,1,4,2,High
2019,7,Saturday,11,Punjab,Faisalabad,Provincial Highway,Under Repair,Dusty/Smoggy,Street Light,Car/Taxi,2,Mechanical Failure,0,1,0,0,1,0,Low
2021,3,Friday,23,Sindh,Hyderabad,Rural Road,Good,Rainy,Street Light,Rickshaw,2,Pedestrian Error,0,0,1,0,2,0,Low
2020,3,Thursday,7,Punjab,Sheikhupura,National Highway,Good,Clear,Street Light,Car/Taxi,4,Pedestrian Error,1,0,0,0,2,1,Medium
2022,1,Tuesday,19,Sindh,Dadu,National Highway,Good,Clear,No Light,Rickshaw,2,Over Speeding,1,0,0,1,5,0,High
2018,5,Friday,12,Punjab,Gujranwala,Provincial Highway,Under Repair,Foggy,Daylight,Bus/Coach,1,Wrong Overtaking,1,0,0,0,4,0,Medium
2020,12,Saturday,18,Punjab,Rawalpindi,Provincial Highway,Good,Extreme Heat,Daylight,Motorcycle,2,Road Condition,1,1,0,1,0,0,Low
2022,4,Wednesday,10,Punjab,Sheikhupura,Rural Road,Good,Rainy,Daylight,Truck/Lorry,1,Pedestrian Error,0,0,0,0,2,0,Low
2022,10,Sunday,6,Sindh,Jacobabad,Urban Road,Good,Clear,Daylight,Rickshaw,2,Pedestrian Error,0,1,0,0,1,0,Low
2020,12,Monday,14,KPK,Swat,National Highway,Average,Foggy,Daylight,Rickshaw,2,Signal Violation,0,0,0,1,11,0,High
2020,10,Monday,17,Punjab,Rawalpindi,Provincial Highway,Good,Clear,Daylight,Car/Taxi,1,Signal Violation,1,0,0,0,2,0,Low
2018,1,Wednesday,16,Punjab,Bahawalpur,National Highway,Average,Clear,Street Light,Rickshaw,2,Mobile Phone Use,0,0,0,1,1,0,Medium
2019,6,Monday,9,AJK,Mirpur,National Highway,Poor,Clear,Daylight,Van/Pickup,1,Wrong Overtaking,1,0,0,0,1,0,Medium
2023,3,Wednesday,21,Punjab,Multan,Urban Road,Under Repair,Dusty/Smoggy,No Light,Car/Taxi,3,Mechanical Failure,0,0,0,0,1,0,Low
2019,6,Friday,10,KPK,Bannu,National Highway,Good,Clear,Daylight,Rickshaw,2,Wrong Overtaking,0,0,0,0,1,0,Medium
2023,7,Sunday,17,Sindh,Karachi,Provincial Highway,Poor,Clear,Street Light,Bus/Coach,2,Wrong Overtaking,1,1,0,0,4,0,Medium
2022,11,Monday,8,Punjab,Gujranwala,Provincial Highway,Good,Clear,Daylight,Motorcycle,2,Driver Fatigue,1,0,0,1,6,2,High
2019,12,Sunday,8,Sindh,Sukkur,National Highway,Average,Clear,Daylight,Car/Taxi,3,Mobile Phone Use,1,1,0,1,2,0,Low
2021,8,Sunday,19,Islamabad,Islamabad,Rural Road,Poor,Dusty/Smoggy,No Light,Motorcycle,1,Over Speeding,1,1,0,0,6,2,High
2019,10,Tuesday,20,Balochistan,Turbat,Provincial Highway,Average,Clear,No Light,Van/Pickup,4,Mechanical Failure,1,0,0,0,2,0,Low
2018,2,Tuesday,8,KPK,Kohat,Rural Road,Good,Clear,Daylight,Bus/Coach,2,Over Speeding,1,0,0,1,2,0,Medium
2021,8,Sunday,9,Sindh,Sukkur,Provincial Highway,Poor,Clear,Daylight,Motorcycle,1,Wrong Overtaking,1,1,0,0,10,1,High
2020,3,Tuesday,18,Punjab,Sargodha,Rural Road,Average,Clear,No Light,Motorcycle,2,Mechanical Failure,1,0,0,0,2,1,Medium
2022,11,Monday,4,Punjab,Lahore,Provincial Highway,Good,Clear,Street Light,Car/Taxi,2,Driver Fatigue,0,0,1,1,4,1,Medium
2018,6,Monday,19,Punjab,Gujranwala,Provincial Highway,Poor,Rainy,Daylight,Bus/Coach,3,Over Speeding,1,0,0,0,2,4,High
2021,1,Tuesday,7,Islamabad,Islamabad,Provincial Highway,Average,Clear,Dawn/Dusk,Motorcycle,3,Pedestrian Error,1,0,0,1,3,1,Medium
2018,6,Friday,21,Punjab,Sargodha,Rural Road,Good,Clear,Street Light,Car/Taxi,2,Road Condition,0,0,0,0,0,0,Low
2023,10,Tuesday,11,Punjab,Sialkot,Urban Road,Good,Foggy,Daylight,Motorcycle,3,Pedestrian Error,0,0,0,0,3,1,Medium
2023,1,Thursday,6,Sindh,Hyderabad,National Highway,Poor,Foggy,Daylight,Motorcycle,4,Driver Fatigue,0,0,0,1,6,1,High
2023,12,Saturday,16,Punjab,Gujranwala,Rural Road,Good,Rainy,Daylight,Van/Pickup,1,Over Speeding,0,1,0,1,2,0,Low
2020,9,Friday,19,Punjab,Rawalpindi,Provincial Highway,Poor,Clear,No Light,Rickshaw,2,Pedestrian Error,1,0,0,0,0,0,Low
2019,6,Monday,22,Punjab,Faisalabad,Urban Road,Poor,Clear,No Light,Car/Taxi,2,Over Speeding,0,0,1,0,2,0,Medium
2018,6,Thursday,21,Sindh,Thatta,Provincial Highway,Poor,Foggy,Street Light,Motorcycle,1,Signal Violation,0,0,0,0,5,0,High
2018,11,Thursday,17,KPK,Mardan,Urban Road,Good,Clear,Street Light,Motorcycle,2,Wrong Overtaking,1,0,0,1,2,0,Medium
2019,8,Thursday,12,Sindh,Larkana,Rural Road,Poor,Clear,Daylight,Car/Taxi,3,Wrong Overtaking,1,0,0,0,2,0,Low
2021,8,Wednesday,12,Punjab,Bahawalpur,Provincial Highway,Average,Clear,Daylight,Motorcycle,1,Signal Violation,1,0,0,0,4,0,Medium
2020,5,Tuesday,17,KPK,Dera Ismail Khan,National Highway,Good,Dusty/Smoggy,Daylight,Motorcycle,3,Pedestrian Error,1,0,0,0,5,0,Medium
2019,10,Wednesday,18,KPK,Bannu,Urban Road,Poor,Clear,Daylight,Car/Taxi,1,Wrong Overtaking,1,0,0,0,1,0,Low