year,month,day_of_week,hour_of_day,province,district,road_type,road_condition,weather_condition,lighting_condition,vehicle_type,vehicles_involved,accident_cause,is_rush_hour,is_weekend,is_night,is_foggy_month,num_injured,num_killed,severity
2023,11,Tuesday,23,Punjab,Sialkot,Provincial Highway,Good,Foggy,No Light,Truck/Lorry,1,Mechanical Failure,0,0,1,1,4,0,Medium
2023,5,Saturday,9,Punjab,Gujranwala,Urban Road,Poor,Foggy,Daylight,Bus/Coach,1,Road Condition,1,1,0,0,1,0,Low
2019,1,Friday,3,KPK,Swat,National Highway,Poor,Clear,No Light,Car/Taxi,2,Driver Fatigue,0,0,1,1,4,0,Medium
2021,12,Wednesday,14,Sindh,Karachi,Urban Road,Average,Foggy,Daylight,Motorcycle,1,Signal Violation,0,0,0,1,3,0,High
2023,3,Saturday,7,Punjab,Rahim Yar Khan,Provincial Highway,Poor,Dusty/Smoggy,Daylight,Car/Taxi,2,Over Speeding,1,1,0,0,4,0,Medium
2022,6,Sunday,16,Punjab,Gujranwala,Provincial Highway,Average,Foggy,Daylight,Car/Taxi,1,Over Speeding,0,1,0,0,5,0,Medium
2023,1,Thursday,9,KPK,Swat,Provincial Highway,Average,Rainy,Daylight,Bus/Coach,1,Wrong Overtaking,1,0,0,1,3,2,Medium
2019,4,Thursday,6,Sindh,Nawabshah,Urban Road,Average,Clear,Daylight,Motorcycle,2,Pedestrian Error,0,0,0,0,2,1,Low
2022,9,Monday,20,Islamabad,Islamabad,Urban Road,Good,Extreme Heat,No Light,Truck/Lorry,2,Pedestrian Error,1,0,0,0,2,0,Low
2020,11,Thursday,20,Sindh,Nawabshah,Provincial Highway,Poor,Foggy,No Light,Bus/Coach,2,Driver Fatigue,1,0,0,1,3,0,High
2019,8,Tuesday,21,Punjab,Sargodha,National Highway,Average,Clear,Street Light,Motorcycle,1,Signal Violation,0,0,0,0,4,0,Medium
2020,6,Monday,10,KPK,Swat,National Highway,Good,Clear,Daylight,Bicycle,2,Road Condition,0,0,0,0,5,0,Medium
2023,12,Saturday,18,Punjab,Lahore,Provincial Highway,Good,Clear,Dawn/Dusk,Motorcycle,2,Wrong Overtaking,1,1,0,1,4,0,Medium
2020,6,Thursday,16,Punjab,Rawalpindi,Urban Road,Poor,Foggy,No Light,Motorcycle,2,Over Speeding,0,0,0,0,6,0,High
2023,12,Sunday,6,Punjab,Sheikhupura,Provincial Highway,Average,Clear,Daylight,Truck/Lorry,4,Road Condition,0,1,0,1,4,0,Medium
2022,7,Thursday,9,Punjab,Gujranwala,National Highway,Good,Clear,Daylight,Motorcycle,3,Mobile Phone Use,1,0,0,0,3,0,Medium
2022,11,Thursday,20,KPK,Abbottabad,Provincial Highway,Average,Extreme Heat,No Light,Motorcycle,2,Drunk Driving,1,0,0,1,8,2,High
2019,10,Saturday,14,Sindh,Thatta,Urban Road,Good,Clear,Daylight,Motorcycle,2,Over Speeding,0,1,0,0,4,0,High
2019,12,Friday,5,Punjab,Lahore,Urban Road,Good,Foggy,No Light,Motorcycle,4,Road Condition,0,0,1,1,8,0,High
2023,11,Wednesday,20,Sindh,Larkana,Provincial Highway,Poor,Dusty/Smoggy,No Light,Car/Taxi,1,Over Speeding,1,0,0,1,3,0,Medium
2023,12,Tuesday,14,Sindh,Sukkur,Provincial Highway,Average,Clear,Daylight,Bus/Coach,2,Mechanical Failure,0,0,0,1,2,0,Low
2021,9,Thursday,3,Balochistan,Turbat,National Highway,Average,Rainy,Street Light,Motorcycle,3,Signal Violation,0,0,1,0,7,0,High
2018,6,Wednesday,9,Balochistan,Turbat,Provincial Highway,Poor,Clear,Daylight,Motorcycle,3,Mechanical Failure,1,0,0,0,2,2,Medium
2018,11,Saturday,22,Punjab,Gujranwala,National Highway,Poor,Dusty/Smoggy,No Light,Car/Taxi,2,Wrong Overtaking,0,1,1,1,2,1,Medium
2020,3,Friday,20,Balochistan,Loralai,Rural Road,Average,Foggy,No Light,Car/Taxi,1,Wrong Overtaking,1,0,0,0,3,0,Medium
2023,12,Monday,7,Punjab,Sheikhupura,Provincial Highway,Average,Clear,Daylight,Rickshaw,1,Pedestrian Error,1,0,0,1,1,0,Low
2019,9,Thursday,20,Punjab,Gujranwala,Provincial Highway,Good,Rainy,No Light,Car/Taxi,4,Over Speeding,1,0,0,0,4,1,High
2023,8,Wednesday,17,Punjab,Faisalabad,National Highway,Good,Clear,Daylight,Car/Taxi,1,Over Speeding,1,0,0,0,6,1,High
2023,6,Tuesday,21,Punjab,Multan,Urban Road,Average,Dusty/Smoggy,Street Light,Motorcycle,4,Wrong Overtaking,0,0,0,0,1,0,Medium
2023,1,Tuesday,7,KPK,Swat,Urban Road,Poor,Clear,Daylight,Rickshaw,2,Mobile Phone Use,1,0,0,1,2,0,Low
2023,3,Saturday,17,KPK,Mansehra,National Highway,Good,Extreme Heat,Daylight,Motorcycle,3,Over Speeding,1,1,0,0,10,3,High
2022,4,Monday,22,KPK,Mardan,National Highway,Good,Rainy,Street Light,Bicycle,1,Over Speeding,0,0,1,0,5,2,High
2022,12,Saturday,11,Islamabad,Islamabad,National Highway,Average,Rainy,Daylight,Motorcycle,3,Over Speeding,0,1,0,1,7,1,High
2020,10,Sunday,17,Punjab,Rawalpindi,Provincial Highway,Good,Rainy,Daylight,Motorcycle,1,Driver Fatigue,1,1,0,0,9,1,High
2022,10,Monday,10,Punjab,Sialkot,Motorway,Average,Foggy,Daylight,Motorcycle,2,Signal Violation,0,0,0,0,4,4,High
2020,5,Monday,12,Sindh,Larkana,Rural Road,Good,Extreme Heat,Dawn/Dusk,Motorcycle,1,Over Speeding,1,0,0,0,4,0,Medium
2020,5,Monday,6,Balochistan,Zhob,Provincial Highway,Good,Rainy,Daylight,Bus/Coach,3,Signal Violation,0,0,0,0,4,0,Medium
2022,10,Friday,17,AJK,Mirpur,Urban Road,Average,Clear,Street Light,Motorcycle,2,Over Speeding,1,0,0,0,1,0,Medium
2021,1,Tuesday,18,Punjab,Rawalpindi,Provincial Highway,Average,Foggy,No Light,Motorcycle,1,Wrong Overtaking,1,0,0,1,3,1,Medium
2020,7,Thursday,10,KPK,Nowshera,Motorway,Average,Clear,Dawn/Dusk,Motorcycle,3,Wrong Overtaking,0,0,0,0,2,1,Medium
2020,12,Friday,18,Balochistan,Gwadar,Provincial Highway,Good,Rainy,Daylight,Bicycle,2,Over Speeding,1,0,0,1,4,1,High
2019,5,Tuesday,16,Punjab,Sargodha,Motorway,Poor,Clear,Daylight,Motorcycle,1,Signal Violation,0,0,0,0,6,1,High
2021,8,Friday,1,Sindh,Dadu,Rural Road,Average,Rainy,Street Light,Motorcycle,3,Road Condition,0,0,1,0,1,1,Medium
2021,3,Friday,5,Punjab,Rawalpindi,Provincial Highway,Under Repair,Rainy,Street Light,Motorcycle,4,Wrong Overtaking,0,0,1,0,3,1,High
2019,11,Friday,5,Sindh,Dadu,Rural Road,Good,Clear,No Light,Motorcycle,2,Mechanical Failure,0,0,1,1,4,0,Medium
2019,8,Monday,11,Balochistan,Turbat,Urban Road,Average,Clear,Street Light,Truck/Lorry,1,Drunk Driving,0,0,0,0,1,0,Medium
2020,11,Sunday,18,KPK,Kohat,Urban Road,Average,Clear,Street Light,Truck/Lorry,3,Wrong Overtaking,1,1,0,1,2,0,Low
2020,8,Friday,11,Sindh,Larkana,National Highway,Average,Clear,Daylight,Motorcycle,2,Over Speeding,0,0,0,0,11,1,High
2019,1,Monday,21,KPK,Dera Ismail Khan,Rural Road,Poor,Clear,No Light,Van/Pickup,2,Driver Fatigue,0,0,0,1,0,0,Low
2023,1,Friday,7,Punjab,Sargodha,Provincial Highway,Average,Clear,No Light,Motorcycle,2,Over Speeding,1,0,0,1,4,3,High
2018,7,Thursday,17,Punjab,Sargodha,National Highway,Average,Foggy,Daylight,Van/Pickup,1,Wrong Overtaking,1,0,0,0,3,0,Medium
2023,5,Saturday,13,Punjab,Rawalpindi,Rural Road,Good,Clear,Daylight,Motorcycle,2,Over Speeding,1,1,0,0,6,2,High
2019,1,Wednesday,19,KPK,Swat,Rural Road,Good,Rainy,Street Light,Truck/Lorry,3,Signal Violation,1,0,0,1,0,0,Low
2020,7,Friday,8,Balochistan,Loralai,Rural Road,Poor,Foggy,No Light,Van/Pickup,3,Signal Violation,1,0,0,0,1,0,Low
2021,10,Tuesday,8,Sindh,Sukkur,Rural Road,Average,Clear,No Light,Motorcycle,2,Wrong Overtaking,1,0,0,0,2,0,Low
2022,2,Saturday,18,Islamabad,Islamabad,Rural Road,Average,Extreme Heat,Daylight,Van/Pickup,3,Wrong Overtaking,1,1,0,1,1,0,Low
2022,8,Monday,9,KPK,Peshawar,National Highway,Good,Clear,Daylight,Motorcycle,3,Wrong Overtaking,1,0,0,0,9,1,High
2020,1,Tuesday,18,Sindh,Hyderabad,Urban Road,Good,Foggy,Daylight,Van/Pickup,4,Road Condition,1,0,0,1,1,0,Low
2018,11,Tuesday,9,Sindh,Mirpur Khas,Provincial Highway,Average,Clear,Daylight,Bus/Coach,2,Wrong Overtaking,1,0,0,1,3,1,Medium
2018,12,Saturday,18,Balochistan,Hub,Provincial Highway,Average,Dusty/Smoggy,Daylight,Motorcycle,2,Pedestrian Error,1,1,0,1,4,1,Medium
2020,11,Wednesday,7,Punjab,Bahawalpur,Urban Road,Good,Clear,Daylight,Car/Taxi,1,Road Condition,1,0,0,1,2,0,Low
2021,9,Sunday,18,Punjab,Rawalpindi,Urban Road,Average,Clear,Daylight,Motorcycle,2,Mobile Phone Use,1,1,0,0,0,0,Low
2020,6,Monday,17,Punjab,Sheikhupura,Urban Road,Average,Clear,Daylight,Car/Taxi,2,Wrong Overtaking,1,0,0,0,1,0,Low
2023,6,Thursday,18,Balochistan,Hub,Provincial Highway,Average,Clear,Daylight,Motorcycle,1,Wrong Overtaking,1,0,0,0,4,2,Medium
2020,3,Thursday,19,Islamabad,Islamabad,Rural Road,Average,Clear,Dawn/Dusk,Motorcycle,1,Signal Violation,1,0,0,0,1,0,Medium
2019,8,Monday,9,Punjab,Rahim Yar Khan,National Highway,Average,Clear,Street Light,Car/Taxi,3,Drunk Driving,1,0,0,0,5,0,Medium
2018,4,Thursday,23,Islamabad,Islamabad,National Highway,Poor,Foggy,No Light,Car/Taxi,3,Over Speeding,0,0,1,0,3,2,High
2020,7,Tuesday,12,Sindh,Sukkur,National Highway,Good,Foggy,Street Light,Car/Taxi,1,Wrong Overtaking,1,0,0,0,10,0,High
2021,12,Sunday,10,Sindh,Thatta,National Highway,Average,Clear,No Light,Rickshaw,2,Pedestrian Error,0,1,0,1,2,1,Medium
2018,11,Saturday,1,KPK,Mardan,Motorway,Poor,Clear,Street Light,Car/Taxi,1,Over Speeding,0,1,1,1,6,0,High
2021,7,Wednesday,14,Sindh,Thatta,National Highway,Good,Clear,Daylight,Rickshaw,2,Driver Fatigue,0,0,0,0,2,0,Medium
2020,2,Tuesday,2,Sindh,Dadu,Urban Road,Good,Clear,No Light,Truck/Lorry,2,Mobile Phone Use,0,0,1,1,1,0,Low
2018,11,Saturday,17,Punjab,Bahawalpur,Urban Road,Good,Clear,Street Light,Car/Taxi,2,Mechanical Failure,1,1,0,1,1,0,Low
2022,6,Wednesday,19,Punjab,Rahim Yar Khan,Rural Road,Average,Clear,Dawn/Dusk,Motorcycle,2,Road Condition,1,0,0,0,2,1,Medium
2022,4,Friday,21,Sindh,Karachi,Urban Road,Good,Dusty/Smoggy,Street Light,Truck/Lorry,2,Road Condition,0,0,0,0,1,0,Low
2020,12,Friday,18,Punjab,Sheikhupura,National Highway,Good,Clear,Daylight,Motorcycle,1,Pedestrian Error,1,0,0,1,1,2,Medium
2021,10,Wednesday,7,KPK,Peshawar,Provincial Highway,Under Repair,Foggy,Daylight,Motorcycle,1,Drunk Driving,1,0,0,0,4,1,High
2021,12,Monday,19,Sindh,Dadu,National Highway,Poor,Dusty/Smoggy,Dawn/Dusk,Motorcycle,1,Driver Fatigue,1,0,0,1,9,2,High
2018,9,Saturday,9,Sindh,Kashmore,National Highway,Average,Clear,Daylight,Bus/Coach,1,Signal Violation,1,1,0,0,2,1,Medium
2021,8,Friday,18,KPK,Mardan,National Highway,Good,Clear,Daylight,Motorcycle,1,Wrong Overtaking,1,0,0,0,6,1,High
2023,9,Tuesday,11,Gilgit-Baltistan,Skardu,National Highway,Under Repair,Clear,Daylight,Motorcycle,4,Wrong Overtaking,0,0,0,0,4,2,Medium
2021,6,Sunday,9,Punjab,Sheikhupura,Rural Road,Poor,Clear,Daylight,Car/Taxi,2,Signal Violation,1,1,0,0,1,0,Low
2022,11,Friday,12,Sindh,Nawabshah,Urban Road,Good,Extreme Heat,Daylight,Car/Taxi,2,Driver Fatigue,1,0,0,1,2,0,Low
2021,12,Saturday,18,Balochistan,Zhob,Urban Road,Average,Clear,Dawn/Dusk,Motorcycle,2,Wrong Overtaking,1,1,0,1,5,2,Medium
2023,11,Saturday,2,Punjab,Rawalpindi,Urban Road,Average,Foggy,Street Light,Truck/Lorry,1,Road Condition,0,1,1,1,2,1,Medium
2023,3,Monday,10,Punjab,Rahim Yar Khan,National Highway,Average,Foggy,Daylight,Motorcycle,2,Wrong Overtaking,0,0,0,0,9,3,High
2023,2,Monday,19,Sindh,Dadu,Provincial Highway,Under Repair,Clear,Dawn/Dusk,Motorcycle,2,Signal Violation,1,0,0,1,4,0,Medium
2022,6,Friday,13,Sindh,Thatta,Urban Road,Average,Foggy,Daylight,Motorcycle,2,Over Speeding,1,0,0,0,5,1,Medium
2020,8,Thursday,12,Punjab,Faisalabad,Rural Road,Good,Rainy,Daylight,Rickshaw,3,Driver Fatigue,1,0,0,0,1,0,Medium
2023,7,Monday,2,Punjab,Gujranwala,Rural Road,Good,Foggy,Street Light,Car/Taxi,3,Mobile Phone Use,0,0,1,0,0,0,Low
2022,2,Wednesday,9,Sindh,Jacobabad,National Highway,Good,Clear,Daylight,Truck/Lorry,2,Over Speeding,1,0,0,1,1,0,Medium
2023,6,Friday,19,Sindh,Karachi,National Highway,Good,Extreme Heat,No Light,Motorcycle,1,Over Speeding,1,0,0,0,9,1,High
2021,3,Saturday,1,KPK,Charsadda,Provincial Highway,Good,Clear,No Light,Motorcycle,3,Drunk Driving,0,1,1,0,4,1,High
2021,8,Saturday,10,KPK,Abbottabad,Provincial Highway,Average,Foggy,Daylight,Rickshaw,4,Pedestrian Error,0,1,0,0,1,0,Medium
2018,7,Friday,18,Sindh,Kashmore,Urban Road,Average,Dusty/Smoggy,Daylight,Bus/Coach,4,Signal Violation,1,0,0,0,5,0,Medium
2020,12,Saturday,20,Sindh,Hyderabad,Provincial Highway,Poor,Clear,Street Light,Rickshaw,1,Road Condition,1,1,0,1,2,0,Low
2023,12,Wednesday,8,KPK,Nowshera,Motorway,Good,Dusty/Smoggy,Daylight,Motorcycle,1,Over Speeding,1,0,0,1,5,1,High
2021,7,Friday,16,Sindh,Mirpur Khas,Urban Road,Average,Rainy,Dawn/Dusk,Truck/Lorry,2,Mechanical Failure,0,0,0,0,2,0,Medium
2019,10,Wednesday,15,Balochistan,Chaman,National Highway,Average,Clear,Daylight,Motorcycle,2,Over Speeding,0,0,0,0,3,1,High
2018,5,Thursday,15,Sindh,Karachi,Provincial Highway,Average,Clear,Daylight,Motorcycle,2,Wrong Overtaking,0,0,0,0,8,0,High
2019,8,Friday,4,Sindh,Dadu,Urban Road,Good,Foggy,No Light,Motorcycle,2,Drunk Driving,0,0,1,0,9,1,High
2022,3,Saturday,8,Punjab,Sialkot,Urban Road,Good,Clear,No Light,Motorcycle,1,Over Speeding,1,1,0,0,4,1,Medium
2023,2,Sunday,18,KPK,Charsadda,Urban Road,Good,Clear,Daylight,Motorcycle,2,Pedestrian Error,1,1,0,1,3,1,Medium
2023,1,Wednesday,9,Sindh,Nawabshah,Provincial Highway,Average,Foggy,Daylight,Bicycle,4,Driver Fatigue,1,0,0,1,8,1,High
2022,12,Sunday,19,KPK,Nowshera,Urban Road,Average,Clear,Dawn/Dusk,Motorcycle,1,Wrong Overtaking,1,1,0,1,2,0,Low
2018,11,Tuesday,7,Sindh,Thatta,Provincial Highway,Poor,Foggy,Daylight,Car/Taxi,2,Signal Violation,1,0,0,1,2,1,Medium
2023,10,Wednesday,14,Punjab,Sheikhupura,National Highway,Average,Foggy,Street Light,Motorcycle,3,Signal Violation,0,0,0,0,9,2,High
2021,11,Saturday,22,Punjab,Multan,National Highway,Poor,Clear,No Light,Bus/Coach,1,Wrong Overtaking,0,1,1,1,3,1,High
2022,11,Saturday,20,Punjab,Rawalpindi,Motorway,Under Repair,Foggy,Street Light,Bus/Coach,2,Mechanical Failure,1,1,0,1,9,4,High
2020,9,Sunday,17,Punjab,Rahim Yar Khan,National Highway,Poor,Clear,Daylight,Motorcycle,3,Over Speeding,1,1,0,0,6,1,High
2022,4,Thursday,7,Punjab,Rahim Yar Khan,Urban Road,Poor,Clear,Daylight,Motorcycle,2,Driver Fatigue,1,0,0,0,2,0,Medium
2019,3,Friday,19,Punjab,Faisalabad,Motorway,Poor,Clear,Street Light,Van/Pickup,2,Drunk Driving,1,0,0,0,2,0,Medium
2019,10,Tuesday,11,Punjab,Faisalabad,Provincial Highway,Average,Clear,Daylight,Truck/Lorry,2,Signal Violation,0,0,0,0,2,0,Low
2019,1,Wednesday,6,KPK,Swat,Urban Road,Average,Clear,Street Light,Car/Taxi,2,Road Condition,0,0,0,1,1,0,Low
2022,12,Wednesday,12,KPK,Charsadda,Provincial Highway,Good,Dusty/Smoggy,Dawn/Dusk,Truck/Lorry,1,Over Speeding,1,0,0,1,4,0,Medium
2021,7,Sunday,10,Punjab,Sialkot,Rural Road,Good,Extreme Heat,Daylight,Rickshaw,2,Road Condition,0,1,0,0,2,0,Low
2023,8,Sunday,20,Sindh,Sukkur,Provincial Highway,Poor,Rainy,No Light,Bus/Coach,2,Road Condition,1,1,0,0,3,1,Medium
2023,7,Saturday,16,Sindh,Larkana,National Highway,Good,Dusty/Smoggy,Daylight,Motorcycle,1,Over Speeding,0,1,0,0,3,0,High
2022,1,Monday,13,Punjab,Rawalpindi,Provincial Highway,Good,Rainy,Daylight,Motorcycle,2,Drunk Driving,1,0,0,1,10,1,High
2018,11,Thursday,4,Punjab,Rawalpindi,Rural Road,Average,Clear,No Light,Car/Taxi,2,Over Speeding,0,0,1,1,0,0,Low
2020,2,Tuesday,19,Punjab,Sheikhupura,Urban Road,Good,Clear,Daylight,Motorcycle,2,Wrong Overtaking,1,0,0,1,4,2,Medium
2020,12,Saturday,7,Balochistan,Khuzdar,National Highway,Poor,Rainy,Street Light,Bicycle,2,Mechanical Failure,1,1,0,1,4,1,Medium
2020,5,Saturday,17,KPK,Mardan,Provincial Highway,Poor,Rainy,Street Light,Rickshaw,3,Pedestrian Error,1,1,0,0,0,0,Low
2023,7,Wednesday,13,Punjab,Faisalabad,Urban Road,Average,Foggy,Daylight,Car/Taxi,1,Driver Fatigue,1,0,0,0,3,2,Medium
2023,3,Monday,17,KPK,Charsadda,National Highway,Good,Clear,Street Light,Motorcycle,2,Pedestrian Error,1,0,0,0,4,2,Medium
2020,6,Friday,18,Sindh,Kashmore,Urban Road,Average,Clear,Dawn/Dusk,Motorcycle,2,Road Condition,1,0,0,0,0,0,Low
2021,8,Friday,22,Punjab,Rawalpindi,National Highway,Average,Clear,Street Light,Car/Taxi,1,Pedestrian Error,0,0,1,0,3,0,Medium
2021,6,Saturday,18,KPK,Dera Ismail Khan,Rural Road,Average,Foggy,Daylight,Motorcycle,2,Mechanical Failure,1,1,0,0,0,0,Low
2023,3,Tuesday,20,Punjab,Rahim Yar Khan,Provincial Highway,Good,Clear,Street Light,Bus/Coach,2,Wrong Overtaking,1,0,0,0,3,1,Medium
2023,4,Saturday,19,KPK,Bannu,National Highway,Poor,Clear,Street Light,Bicycle,4,Over Speeding,1,1,0,0,4,1,High
2021,6,Sunday,16,Sindh,Sukkur,Urban Road,Under Repair,Rainy,Daylight,Motorcycle,2,Over Speeding,0,1,0,0,1,1,Medium
2018,6,Saturday,17,KPK,Dera Ismail Khan,Provincial Highway,Good,Rainy,Daylight,Motorcycle,2,Over Speeding,1,1,0,0,7,1,High
2021,7,Monday,12,Sindh,Hyderabad,Rural Road,Good,Clear,No Light,Motorcycle,1,Mobile Phone Use,1,0,0,0,1,0,Low
2022,11,Sunday,10,KPK,Charsadda,Provincial Highway,Under Repair,Clear,Daylight,Car/Taxi,3,Wrong Overtaking,0,1,0,1,0,0,Low
2020,8,Saturday,9,Punjab,Sialkot,Provincial Highway,Poor,Clear,Street Light,Car/Taxi,1,Mechanical Failure,1,1,0,0,0,0,Low
2018,7,Sunday,18,Punjab,Multan,Rural Road,Poor,Dusty/Smoggy,Daylight,Bus/Coach,1,Wrong Overtaking,1,1,0,0,2,0,Medium
2023,1,Sunday,6,Balochistan,Quetta,Provincial Highway,Average,Foggy,Daylight,Car/Taxi,4,Wrong Overtaking,0,1,0,1,3,1,Medium
2022,1,Sunday,20,KPK,Dera Ismail Khan,Rural Road,Poor,Foggy,No Light,Rickshaw,1,Driver Fatigue,1,1,0,1,4,0,Medium
2022,9,Friday,1,KPK,Mansehra,Urban Road,Average,Dusty/Smoggy,No Light,Motorcycle,3,Over Speeding,0,0,1,0,4,0,Medium
2021,4,Wednesday,16,Sindh,Jacobabad,Urban Road,Good,Rainy,Daylight,Bicycle,2,Wrong Overtaking,0,0,0,0,2,0,Medium
2023,3,Saturday,20,Sindh,Thatta,National Highway,Good,Clear,Street Light,Motorcycle,2,Signal Violation,1,1,0,0,4,2,High
2021,7,Thursday,7,Sindh,Jacobabad,National Highway,Good,Clear,Street Light,Rickshaw,2,Wrong Overtaking,1,0,0,0,4,0,Medium
2022,7,Tuesday,13,Punjab,Faisalabad,Provincial Highway,Poor,Rainy,Dawn/Dusk,Motorcycle,1,Wrong Overtaking,1,0,0,0,7,2,High
2021,11,Sunday,8,KPK,Abbottabad,National Highway,Good,Foggy,Daylight,Motorcycle,1,Over Speeding,1,1,0,1,8,1,High
2023,2,Thursday,9,KPK,Peshawar,Provincial Highway,Good,Clear,Dawn/Dusk,Other,2,Wrong Overtaking,1,0,0,1,4,0,Medium
2021,5,Saturday,19,Balochistan,Gwadar,Rural Road,Good,Clear,Dawn/Dusk,Car/Taxi,3,Driver Fatigue,1,1,0,0,5,0,Medium
2020,11,Friday,14,Sindh,Mirpur Khas,Urban Road,Poor,Clear,Daylight,Bus/Coach,1,Over Speeding,0,0,0,1,5,0,Medium
2023,12,Saturday,23,Punjab,Sheikhupura,Motorway,Poor,Dusty/Smoggy,No Light,Motorcycle,1,Pedestrian Error,0,1,1,1,4,3,High
2022,4,Wednesday,18,KPK,Peshawar,Urban Road,Good,Clear,Daylight,Motorcycle,3,Over Speeding,1,0,0,0,1,1,Medium
2023,6,Monday,13,KPK,Nowshera,Provincial Highway,Poor,Foggy,Daylight,Motorcycle,2,Over Speeding,1,0,0,0,11,0,High
2022,4,Tuesday,15,Balochistan,Gwadar,Urban Road,Poor,Dusty/Smoggy,Daylight,Motorcycle,2,Over Speeding,0,0,0,0,3,0,Medium
2021,12,Friday,6,Sindh,Thatta,Rural Road,Poor,Clear,Daylight,Motorcycle,1,Pedestrian Error,0,0,0,1,3,0,Medium
2022,8,Tuesday,19,Balochistan,Dera Bugti,National Highway,Good,Clear,Dawn/Dusk,Car/Taxi,1,Driver Fatigue,1,0,0,0,1,0,Medium
2022,5,Tuesday,9,Punjab,Faisalabad,Rural Road,Average,Foggy,Daylight,Truck/Lorry,2,Pedestrian Error,1,0,0,0,0,0,Low
2023,7,Saturday,19,KPK,Kohat,Provincial Highway,Poor,Rainy,Dawn/Dusk,Truck/Lorry,1,Wrong Overtaking,1,1,0,0,8,3,High
2020,3,Sunday,18,Punjab,Faisalabad,Motorway,Poor,Clear,Daylight,Bus/Coach,3,Road Condition,1,1,0,0,3,2,Medium
2019,10,Friday,20,KPK,Mardan,Rural Road,Good,Dusty/Smoggy,No Light,Car/Taxi,3,Over Speeding,1,0,0,0,1,0,Medium
2023,1,Saturday,21,Sindh,Jacobabad,Urban Road,Good,Dusty/Smoggy,Street Light,Rickshaw,3,Driver Fatigue,0,1,0,1,2,0,Low
2020,12,Friday,11,Punjab,Multan,National Highway,Good,Clear,Daylight,Motorcycle,1,Wrong Overtaking,0,0,0,1,10,1,High
2019,7,Tuesday,16,Sindh,Dadu,Provincial Highway,Poor,Clear,Daylight,Bicycle,2,Over Speeding,0,0,0,0,5,0,Medium
2022,9,Sunday,8,Punjab,Rahim Yar Khan,Provincial Highway,Poor,Dusty/Smoggy,Daylight,Rickshaw,2,Wrong Overtaking,1,1,0,0,1,0,Low
2018,4,Sunday,18,Punjab,Faisalabad,National Highway,Good,Clear,Daylight,Car/Taxi,1,Signal Violation,1,1,0,0,4,1,Medium
2022,10,Tuesday,20,Punjab,Sargodha,Urban Road,Average,Clear,Street Light,Rickshaw,4,Road Condition,1,0,0,0,2,0,Low
2021,12,Friday,16,Sindh,Thatta,Rural Road,Poor,Clear,No Light,Motorcycle,4,Over Speeding,0,0,0,1,2,0,Medium
2023,11,Monday,19,Punjab,Lahore,Provincial Highway,Good,Dusty/Smoggy,Street Light,Motorcycle,3,Over Speeding,1,0,0,1,4,3,High
2021,7,Sunday,16,Punjab,Lahore,Rural Road,Under Repair,Foggy,Daylight,Car/Taxi,2,Over Speeding,0,1,0,0,0,0,Low
2021,2,Sunday,15,Punjab,Sargodha,Provincial Highway,Average,Dusty/Smoggy,Daylight,Motorcycle,2,Wrong Overtaking,0,1,0,1,1,0,Medium
2022,5,Friday,18,Punjab,Gujranwala,Urban Road,Good,Foggy,Street Light,Motorcycle,2,Pedestrian Error,1,0,0,0,2,0,Low
2020,11,Saturday,14,Punjab,Sargodha,National Highway,Average,Clear,Daylight,Car/Taxi,2,Pedestrian Error,0,1,0,1,5,1,Medium
2023,6,Wednesday,18,Sindh,Karachi,Provincial Highway,Poor,Clear,Daylight,Van/Pickup,1,Over Speeding,1,0,0,0,5,1,Medium
2021,5,Friday,18,Sindh,Dadu,Rural Road,Poor,Clear,Daylight,Rickshaw,1,Driver Fatigue,1,0,0,0,5,0,Medium
2022,6,Saturday,13,Islamabad,Islamabad,Urban Road,Good,Clear,Daylight,Car/Taxi,1,Signal Violation,1,1,0,0,1,0,Low
2018,9,Wednesday,18,Punjab,Faisalabad,Urban Road,Average,Foggy,Daylight,Motorcycle,3,Over Speeding,1,0,0,0,8,0,High
2023,2,Friday,7,Balochistan,Hub,National Highway,Average,Foggy,Daylight,Motorcycle,3,Signal Violation,1,0,0,1,9,1,High
2023,1,Saturday,7,Punjab,Multan,Provincial Highway,Average,Dusty/Smoggy,Daylight,Motorcycle,2,Signal Violation,1,1,0,1,3,0,Medium
2022,3,Friday,12,Punjab,Gujranwala,National Highway,Poor,Clear,Daylight,Car/Taxi,1,Mobile Phone Use,1,0,0,0,4,1,Medium
2019,5,Sunday,15,Punjab,Sheikhupura,Rural Road,Under Repair,Clear,Daylight,Motorcycle,3,Over Speeding,0,1,0,0,3,1,Medium
2020,9,Sunday,19,Punjab,Gujranwala,Rural Road,Good,Clear,Street Light,Motorcycle,2,Pedestrian Error,1,1,0,0,1,0,Low
2023,7,Saturday,15,Sindh,Larkana,Motorway,Good,Dusty/Smoggy,Daylight,Motorcycle,3,Wrong Overtaking,0,1,0,0,11,2,High
2020,1,Sunday,15,KPK,Swat,Urban Road,Good,Clear,Daylight,Motorcycle,3,Over Speeding,0,1,0,1,9,4,High
2023,7,Friday,4,Balochistan,Hub,Rural Road,Good,Rainy,No Light,Car/Taxi,4,Drunk Driving,0,0,1,0,6,1,High
2022,10,Thursday,12,Islamabad,Islamabad,Provincial Highway,Good,Rainy,Daylight,Car/Taxi,1,Drunk Driving,1,0,0,0,2,1,Medium
2020,5,Saturday,16,KPK,Dera Ismail Khan,National Highway,Average,Clear,Street Light,Motorcycle,1,Over Speeding,0,1,0,0,4,1,High