year,month,day_of_week,hour_of_day,province,district,road_type,road_condition,weather_condition,lighting_condition,vehicle_type,vehicles_involved,accident_cause,is_rush_hour,is_weekend,is_night,is_foggy_month,num_injured,num_killed,severity
2018,12,Saturday,12,Sindh,Karachi,National Highway,Under Repair,Foggy,Daylight,Motorcycle,3,Over Speeding,1,1,0,1,3,3,High
2018,8,Sunday,17,Sindh,Dadu,National Highway,Good,Dusty/Smoggy,Daylight,Car/Taxi,3,Driver Fatigue,1,1,0,0,2,2,Medium
2021,8,Monday,10,Balochistan,Quetta,Provincial Highway,Good,Clear,Daylight,Car/Taxi,2,Road Condition,0,0,0,0,2,0,Low
2020,11,Wednesday,13,KPK,Nowshera,Rural Road,Poor,Clear,Daylight,Motorcycle,2,Signal Violation,1,0,0,1,5,2,Medium
2020,5,Monday,9,Punjab,Multan,National Highway,Average,Extreme Heat,Daylight,Rickshaw,2,Road Condition,1,0,0,0,0,0,Low
2021,8,Wednesday,21,KPK,Bannu,National Highway,Poor,Foggy,No Light,Car/Taxi,2,Over Speeding,0,0,0,0,8,2,High
2020,5,Wednesday,0,Sindh,Kashmore,Rural Road,Good,Clear,No Light,Motorcycle,2,Mechanical Failure,0,0,1,0,4,0,Medium
2019,2,Monday,6,Sindh,Karachi,Rural Road,Good,Clear,Daylight,Motorcycle,2,Wrong Overtaking,0,0,0,1,1,0,Low
2023,9,Tuesday,8,Balochistan,Gwadar,National Highway,Good,Foggy,Daylight,Car/Taxi,2,Signal Violation,1,0,0,0,4,0,Medium
2022,5,Thursday,20,Sindh,Jacobabad,Rural Road,Good,Dusty/Smoggy,Street Light,Motorcycle,2,Pedestrian Error,1,0,0,0,0,0,Low
2019,3,Thursday,21,Islamabad,Islamabad,Urban Road,Poor,Foggy,Street Light,Car/Taxi,2,Pedestrian Error,0,0,0,0,2,0,Low
2023,7,Tuesday,9,Balochistan,Turbat,Provincial Highway,Under Repair,Clear,Daylight,Motorcycle,1,Road Condition,1,0,0,0,2,0,Medium
2018,4,Thursday,15,Punjab,Gujranwala,Urban Road,Average,Foggy,Daylight,Truck/Lorry,1,Over Speeding,0,0,0,0,5,0,Medium
2018,3,Wednesday,23,Punjab,Rahim Yar Khan,National Highway,Good,Clear,Street Light,Car/Taxi,1,Wrong Overtaking,0,0,1,0,2,1,Medium
2022,1,Monday,19,Punjab,Sargodha,Rural Road,Average,Dusty/Smoggy,Daylight,Rickshaw,4,Mobile Phone Use,1,0,0,1,2,0,Low
2020,3,Thursday,12,Balochistan,Dera Bugti,Provincial Highway,Good,Clear,Dawn/Dusk,Motorcycle,2,Signal Violation,1,0,0,0,5,1,Medium
2018,4,Sunday,15,Punjab,Rahim Yar Khan,National Highway,Average,Dusty/Smoggy,Dawn/Dusk,Car/Taxi,3,Mechanical Failure,0,1,0,0,3,0,Medium
2021,12,Saturday,12,KPK,Abbottabad,Motorway,Good,Foggy,Daylight,Car/Taxi,2,Road Condition,1,1,0,1,3,1,Medium
2021,1,Saturday,17,Sindh,Thatta,Provincial Highway,Good,Clear,Dawn/Dusk,Motorcycle,2,Wrong Overtaking,1,1,0,1,2,0,Medium
2023,6,Tuesday,17,KPK,Swat,Provincial Highway,Average,Rainy,Daylight,Motorcycle,2,Wrong Overtaking,1,0,0,0,1,0,Medium
2019,11,Saturday,2,Punjab,Gujranwala,Urban Road,Average,Rainy,No Light,Motorcycle,2,Wrong Overtaking,0,1,1,1,9,3,High
2023,2,Thursday,16,Punjab,Gujranwala,Motorway,Good,Clear,Street Light,Car/Taxi,1,Over Speeding,0,0,0,1,5,0,Medium
2022,5,Thursday,0,Punjab,Sargodha,National Highway,Good,Clear,Street Light,Car/Taxi,4,Road Condition,0,0,1,0,5,1,Medium
2019,8,Friday,19,Sindh,Thatta,Rural Road,Average,Clear,Dawn/Dusk,Motorcycle,1,Mechanical Failure,1,0,0,0,0,0,Low
2021,8,Saturday,14,Punjab,Lahore,Provincial Highway,Poor,Clear,Daylight,Rickshaw,1,Mechanical Failure,0,1,0,0,0,0,Low
2023,3,Tuesday,5,KPK,Dera Ismail Khan,National Highway,Good,Clear,No Light,Bus/Coach,2,Signal Violation,0,0,1,0,1,0,Medium
2019,12,Wednesday,21,Punjab,Sargodha,Rural Road,Average,Clear,Street Light,Motorcycle,2,Signal Violation,0,0,0,1,5,0,Medium
2021,1,Monday,11,KPK,Charsadda,Motorway,Good,Foggy,Daylight,Bus/Coach,1,Road Condition,0,0,0,1,5,2,Medium
2018,2,Sunday,18,Islamabad,Islamabad,Rural Road,Good,Foggy,Daylight,Bus/Coach,2,Signal Violation,1,1,0,1,2,2,Medium
2022,1,Sunday,7,Sindh,Hyderabad,Urban Road,Average,Clear,Daylight,Truck/Lorry,2,Wrong Overtaking,1,1,0,1,1,0,Low
2023,12,Wednesday,22,Punjab,Lahore,Rural Road,Poor,Extreme Heat,Street Light,Truck/Lorry,2,Over Speeding,0,0,1,1,9,1,High
2022,11,Thursday,13,KPK,Bannu,National Highway,Good,Clear,Daylight,Other,2,Mechanical Failure,1,0,0,1,2,1,Medium
2023,9,Sunday,8,Punjab,Sheikhupura,Provincial Highway,Average,Clear,Daylight,Motorcycle,1,Wrong Overtaking,1,1,0,0,3,2,High
2021,11,Tuesday,9,Punjab,Rawalpindi,Provincial Highway,Poor,Rainy,Daylight,Car/Taxi,3,Wrong Overtaking,1,0,0,1,2,0,Medium
2022,11,Sunday,11,Punjab,Rahim Yar Khan,Urban Road,Average,Clear,Street Light,Motorcycle,2,Pedestrian Error,0,1,0,1,1,0,Low
2023,1,Monday,18,Punjab,Sheikhupura,National Highway,Poor,Rainy,Daylight,Motorcycle,1,Driver Fatigue,1,0,0,1,6,1,High
2019,2,Monday,19,Sindh,Karachi,Urban Road,Good,Clear,Dawn/Dusk,Car/Taxi,2,Over Speeding,1,0,0,1,1,0,Low
2022,7,Saturday,2,Sindh,Karachi,Provincial Highway,Good,Rainy,Street Light,Motorcycle,2,Signal Violation,0,1,1,0,10,4,High
2022,4,Monday,13,Punjab,Faisalabad,Urban Road,Good,Clear,Daylight,Motorcycle,2,Pedestrian Error,1,0,0,0,4,1,Medium
2019,1,Sunday,20,Punjab,Sargodha,Provincial Highway,Average,Extreme Heat,No Light,Motorcycle,1,Wrong Overtaking,1,1,0,1,5,1,Medium
2023,10,Monday,7,Sindh,Larkana,National Highway,Average,Foggy,Street Light,Bus/Coach,4,Signal Violation,1,0,0,0,5,0,High
2019,6,Saturday,23,Punjab,Sheikhupura,Urban Road,Average,Foggy,No Light,Motorcycle,2,Signal Violation,0,1,1,0,10,1,High
2019,6,Saturday,8,Punjab,Sialkot,Urban Road,Average,Dusty/Smoggy,Daylight,Rickshaw,3,Over Speeding,1,1,0,0,1,0,Low
2022,3,Monday,9,Punjab,Bahawalpur,Rural Road,Average,Clear,Daylight,Motorcycle,2,Wrong Overtaking,1,0,0,0,1,1,Medium
2021,12,Saturday,19,Sindh,Jacobabad,Provincial Highway,Good,Rainy,Street Light,Motorcycle,3,Over Speeding,1,1,0,1,2,0,High
2019,4,Friday,18,Sindh,Dadu,Provincial Highway,Poor,Rainy,Daylight,Car/Taxi,3,Road Condition,1,0,0,0,0,0,Low
2019,6,Wednesday,18,Punjab,Rahim Yar Khan,Urban Road,Good,Clear,Daylight,Motorcycle,1,Driver Fatigue,1,0,0,0,3,1,High
2022,3,Monday,17,Islamabad,Islamabad,National Highway,Good,Rainy,Daylight,Motorcycle,2,Over Speeding,1,0,0,0,7,1,High
2019,6,Wednesday,19,Punjab,Sheikhupura,Provincial Highway,Average,Clear,Dawn/Dusk,Car/Taxi,1,Driver Fatigue,1,0,0,0,3,1,Medium
2019,1,Tuesday,15,KPK,Mardan,National Highway,Poor,Clear,Daylight,Rickshaw,2,Over Speeding,0,0,0,1,4,0,Medium
2021,7,Thursday,11,Punjab,Lahore,Rural Road,Poor,Dusty/Smoggy,Daylight,Rickshaw,1,Mechanical Failure,0,0,0,0,2,0,Low
2018,1,Tuesday,3,KPK,Bannu,Rural Road,Poor,Extreme Heat,No Light,Car/Taxi,2,Drunk Driving,0,0,1,1,1,1,Low
2020,5,Thursday,14,Sindh,Dadu,Urban Road,Poor,Clear,Daylight,Car/Taxi,4,Over Speeding,0,0,0,0,1,0,Medium
2022,6,Monday,19,Sindh,Sukkur,Urban Road,Average,Clear,Dawn/Dusk,Bus/Coach,2,Over Speeding,1,0,0,0,1,2,Medium
2023,5,Saturday,8,Punjab,Sargodha,Urban Road,Average,Foggy,Dawn/Dusk,Other,2,Signal Violation,1,1,0,0,3,1,Medium
2019,7,Saturday,11,Sindh,Thatta,Rural Road,Average,Foggy,Daylight,Bicycle,4,Over Speeding,0,1,0,0,3,1,High
2018,8,Wednesday,11,KPK,Mardan,Urban Road,Good,Rainy,Daylight,Motorcycle,3,Pedestrian Error,0,0,0,0,2,0,Low
2018,10,Wednesday,18,KPK,Abbottabad,Rural Road,Good,Clear,No Light,Rickshaw,1,Pedestrian Error,1,0,0,0,2,0,Low
2021,2,Wednesday,18,Punjab,Sargodha,Rural Road,Poor,Rainy,Daylight,Bus/Coach,3,Over Speeding,1,0,0,1,2,1,Medium
2023,1,Thursday,9,Punjab,Rawalpindi,Urban Road,Good,Dusty/Smoggy,Street Light,Bus/Coach,2,Over Speeding,1,0,0,1,4,0,Medium
2018,4,Thursday,21,Punjab,Sheikhupura,Motorway,Average,Extreme Heat,No Light,Rickshaw,4,Over Speeding,0,0,0,0,8,1,High
2021,3,Sunday,21,Punjab,Sargodha,Urban Road,Good,Extreme Heat,No Light,Rickshaw,2,Mobile Phone Use,0,1,0,0,0,0,Low
2023,12,Friday,7,Punjab,Sheikhupura,Provincial Highway,Poor,Rainy,Daylight,Motorcycle,2,Over Speeding,1,0,0,1,5,2,High
2021,2,Saturday,22,Punjab,Sargodha,Urban Road,Average,Clear,No Light,Van/Pickup,2,Drunk Driving,0,1,1,1,5,2,Medium
2019,3,Tuesday,9,KPK,Mansehra,Urban Road,Under Repair,Rainy,Street Light,Rickshaw,2,Wrong Overtaking,1,0,0,0,4,0,Medium
2019,7,Saturday,16,Sindh,Mirpur Khas,Provincial Highway,Good,Clear,Daylight,Van/Pickup,1,Pedestrian Error,0,1,0,0,1,1,Low
2022,6,Saturday,18,KPK,Mardan,Rural Road,Good,Clear,Daylight,Car/Taxi,2,Driver Fatigue,1,1,0,0,0,0,Low
2020,3,Saturday,14,KPK,Charsadda,National Highway,Good,Foggy,Daylight,Truck/Lorry,2,Wrong Overtaking,0,1,0,0,11,2,High
2018,12,Thursday,16,Sindh,Larkana,Rural Road,Good,Clear,Daylight,Car/Taxi,2,Pedestrian Error,0,0,0,1,2,0,Low
2020,10,Sunday,11,Sindh,Thatta,Rural Road,Good,Clear,Street Light,Motorcycle,2,Wrong Overtaking,0,1,0,0,1,0,Medium
2023,12,Tuesday,17,Islamabad,Islamabad,Motorway,Good,Extreme Heat,Daylight,Motorcycle,1,Over Speeding,1,0,0,1,7,3,High
2021,9,Friday,7,Sindh,Nawabshah,Urban Road,Good,Foggy,Daylight,Rickshaw,2,Signal Violation,1,0,0,0,2,0,Low
2018,11,Tuesday,15,Sindh,Kashmore,National Highway,Good,Clear,Daylight,Van/Pickup,2,Over Speeding,0,0,0,1,10,3,High
2021,10,Saturday,13,Balochistan,Zhob,Rural Road,Poor,Foggy,Daylight,Rickshaw,2,Over Speeding,1,1,0,0,2,1,Medium
2018,2,Sunday,20,Punjab,Rawalpindi,National Highway,Under Repair,Clear,No Light,Car/Taxi,1,Drunk Driving,1,1,0,1,11,2,High
2023,11,Friday,12,Sindh,Jacobabad,Urban Road,Poor,Clear,Dawn/Dusk,Rickshaw,2,Wrong Overtaking,1,0,0,1,0,0,Low
2021,12,Monday,11,Punjab,Sargodha,National Highway,Good,Clear,Daylight,Car/Taxi,1,Pedestrian Error,0,0,0,1,3,0,Medium
2021,4,Wednesday,7,KPK,Kohat,Rural Road,Average,Clear,Daylight,Car/Taxi,3,Over Speeding,1,0,0,0,0,0,Low
2022,9,Tuesday,0,KPK,Mansehra,National Highway,Poor,Clear,Street Light,Car/Taxi,2,Over Speeding,0,0,1,0,3,3,High
2023,5,Saturday,13,Sindh,Nawabshah,Urban Road,Average,Clear,Daylight,Truck/Lorry,2,Over Speeding,1,1,0,0,2,0,Medium
2020,12,Monday,12,KPK,Charsadda,National Highway,Good,Rainy,Dawn/Dusk,Car/Taxi,2,Over Speeding,1,0,0,1,2,0,Medium
2018,7,Friday,12,KPK,Bannu,Provincial Highway,Good,Dusty/Smoggy,Daylight,Van/Pickup,2,Mobile Phone Use,1,0,0,0,1,0,Low
2021,3,Saturday,9,Sindh,Nawabshah,Provincial Highway,Good,Clear,Daylight,Motorcycle,4,Mobile Phone Use,1,1,0,0,1,0,Medium
2023,6,Saturday,9,Balochistan,Khuzdar,Provincial Highway,Good,Clear,Daylight,Motorcycle,2,Wrong Overtaking,1,1,0,0,1,0,Medium
2021,6,Sunday,13,Sindh,Mirpur Khas,National Highway,Good,Clear,Daylight,Motorcycle,2,Over Speeding,1,1,0,0,9,1,High
2023,12,Tuesday,19,Balochistan,Quetta,Urban Road,Average,Extreme Heat,Daylight,Rickshaw,1,Road Condition,1,0,0,1,0,0,Low
2020,4,Monday,13,Sindh,Karachi,Urban Road,Good,Clear,Daylight,Car/Taxi,3,Over Speeding,1,0,0,0,1,1,Medium
2022,8,Friday,5,Sindh,Kashmore,National Highway,Average,Clear,Dawn/Dusk,Van/Pickup,2,Signal Violation,0,0,1,0,8,4,High
2023,6,Monday,10,Punjab,Rahim Yar Khan,Rural Road,Good,Clear,Dawn/Dusk,Motorcycle,2,Over Speeding,0,0,0,0,7,1,High
2020,7,Thursday,18,Punjab,Lahore,National Highway,Average,Clear,Dawn/Dusk,Bus/Coach,1,Signal Violation,1,0,0,0,1,1,Medium
2022,12,Wednesday,11,Balochistan,Sibi,Rural Road,Average,Clear,Daylight,Motorcycle,3,Road Condition,0,0,0,1,2,0,Medium
2019,4,Sunday,21,Sindh,Kashmore,Rural Road,Average,Clear,No Light,Truck/Lorry,3,Signal Violation,0,1,0,0,5,0,Medium
2023,8,Thursday,13,Sindh,Hyderabad,National Highway,Good,Foggy,Daylight,Car/Taxi,2,Mobile Phone Use,1,0,0,0,0,0,Low
2023,12,Wednesday,8,Sindh,Kashmore,Provincial Highway,Good,Foggy,Street Light,Motorcycle,2,Over Speeding,1,0,0,1,3,1,High
2019,2,Saturday,3,Punjab,Lahore,Urban Road,Average,Clear,Street Light,Bus/Coach,2,Over Speeding,0,1,1,1,2,0,Medium
2019,10,Saturday,18,Sindh,Mirpur Khas,Urban Road,Good,Clear,Daylight,Car/Taxi,1,Mobile Phone Use,1,1,0,0,1,0,Low
2023,6,Thursday,16,Punjab,Bahawalpur,Provincial Highway,Average,Clear,Daylight,Rickshaw,2,Road Condition,0,0,0,0,0,0,Low
2023,4,Thursday,11,Balochistan,Hub,National Highway,Poor,Dusty/Smoggy,Daylight,Car/Taxi,2,Mechanical Failure,0,0,0,0,2,0,Low
2020,5,Friday,6,Sindh,Mirpur Khas,Motorway,Good,Rainy,Daylight,Motorcycle,1,Over Speeding,0,0,0,0,5,2,High
2021,10,Monday,18,KPK,Dera Ismail Khan,Provincial Highway,Average,Foggy,Street Light,Car/Taxi,1,Wrong Overtaking,1,0,0,0,1,0,Low
2023,12,Monday,9,KPK,Mardan,Provincial Highway,Good,Foggy,Daylight,Rickshaw,4,Signal Violation,1,0,0,1,1,0,Low
2022,12,Friday,1,Punjab,Sargodha,Provincial Highway,Good,Rainy,No Light,Motorcycle,4,Over Speeding,0,0,1,1,2,2,High
2023,8,Friday,15,Balochistan,Quetta,Provincial Highway,Under Repair,Clear,Daylight,Motorcycle,1,Road Condition,0,0,0,0,4,1,Medium
2021,1,Tuesday,13,Punjab,Faisalabad,Provincial Highway,Average,Foggy,Dawn/Dusk,Car/Taxi,1,Wrong Overtaking,1,0,0,1,5,0,Medium
2020,2,Monday,21,Sindh,Mirpur Khas,National Highway,Average,Foggy,Street Light,Motorcycle,3,Mechanical Failure,0,0,0,1,1,0,Medium
2020,1,Thursday,20,Punjab,Sargodha,Urban Road,Good,Foggy,Street Light,Bus/Coach,2,Road Condition,1,0,0,1,3,1,Medium
2023,10,Saturday,19,Sindh,Jacobabad,National Highway,Good,Foggy,No Light,Car/Taxi,2,Wrong Overtaking,1,1,0,0,4,0,Medium
2021,11,Wednesday,17,Punjab,Bahawalpur,National Highway,Good,Foggy,Daylight,Motorcycle,1,Over Speeding,1,0,0,1,6,0,High
2020,9,Saturday,19,KPK,Mansehra,National Highway,Good,Foggy,Dawn/Dusk,Rickshaw,2,Mechanical Failure,1,1,0,0,1,0,Low
2023,2,Sunday,5,Islamabad,Islamabad,Rural Road,Average,Clear,Street Light,Bicycle,2,Signal Violation,0,1,1,1,6,4,High
2022,6,Saturday,10,KPK,Abbottabad,National Highway,Average,Rainy,Daylight,Motorcycle,1,Mechanical Failure,0,1,0,0,5,0,Medium
2018,3,Monday,10,Punjab,Bahawalpur,Provincial Highway,Good,Rainy,Daylight,Motorcycle,2,Signal Violation,0,0,0,0,1,1,Medium
2021,6,Saturday,9,Sindh,Karachi,Motorway,Good,Rainy,Daylight,Car/Taxi,1,Driver Fatigue,1,1,0,0,2,1,High
2023,3,Tuesday,15,Balochistan,Khuzdar,Provincial Highway,Poor,Clear,Daylight,Bus/Coach,1,Over Speeding,0,0,0,0,2,1,Medium
2021,12,Tuesday,15,Punjab,Bahawalpur,Rural Road,Average,Foggy,Daylight,Motorcycle,1,Mechanical Failure,0,0,0,1,1,0,Medium
2023,10,Sunday,13,Punjab,Rawalpindi,Rural Road,Poor,Clear,Daylight,Motorcycle,1,Over Speeding,1,1,0,0,5,0,Medium
2022,9,Saturday,23,Punjab,Gujranwala,National Highway,Poor,Foggy,No Light,Rickshaw,1,Over Speeding,0,1,1,0,3,0,High
2021,8,Saturday,13,Sindh,Mirpur Khas,Rural Road,Good,Foggy,Daylight,Truck/Lorry,3,Over Speeding,1,1,0,0,4,3,High
2020,11,Saturday,15,KPK,Nowshera,Provincial Highway,Good,Foggy,No Light,Truck/Lorry,1,Mechanical Failure,0,1,0,1,3,1,Medium
2021,12,Saturday,19,Sindh,Larkana,Rural Road,Good,Foggy,Street Light,Car/Taxi,2,Over Speeding,1,1,0,1,3,2,Medium
2018,4,Saturday,20,Sindh,Kashmore,National Highway,Poor,Rainy,No Light,Motorcycle,3,Over Speeding,1,1,0,0,9,3,High
2018,4,Wednesday,5,KPK,Mardan,National Highway,Average,Rainy,Dawn/Dusk,Car/Taxi,2,Pedestrian Error,0,0,1,0,2,0,Medium
2020,10,Saturday,16,Sindh,Hyderabad,Provincial Highway,Average,Foggy,Daylight,Motorcycle,4,Mobile Phone Use,0,1,0,0,1,1,Medium
2018,11,Wednesday,12,Sindh,Jacobabad,Rural Road,Average,Clear,Daylight,Motorcycle,2,Driver Fatigue,1,0,0,1,4,0,Medium
2021,7,Saturday,20,Punjab,Rawalpindi,National Highway,Good,Clear,Street Light,Motorcycle,1,Road Condition,1,1,0,0,3,1,High
2019,8,Tuesday,7,Punjab,Rahim Yar Khan,Provincial Highway,Good,Rainy,No Light,Bus/Coach,2,Signal Violation,1,0,0,0,2,2,Medium
2019,11,Friday,9,Punjab,Faisalabad,Urban Road,Average,Clear,Street Light,Van/Pickup,1,Over Speeding,1,0,0,1,0,0,Low
2023,6,Monday,9,KPK,Kohat,Provincial Highway,Good,Foggy,No Light,Car/Taxi,1,Over Speeding,1,0,0,0,11,1,High
2023,4,Friday,23,KPK,Mardan,National Highway,Poor,Clear,Street Light,Rickshaw,2,Signal Violation,0,0,1,0,5,2,Medium
2019,10,Saturday,20,Punjab,Gujranwala,Provincial Highway,Poor,Clear,No Light,Motorcycle,2,Over Speeding,1,1,0,0,7,3,High
2020,7,Thursday,16,Punjab,Bahawalpur,National Highway,Under Repair,Clear,Daylight,Motorcycle,1,Wrong Overtaking,0,0,0,0,5,1,High
2018,8,Saturday,6,KPK,Mansehra,National Highway,Under Repair,Clear,No Light,Car/Taxi,2,Mechanical Failure,0,1,0,0,2,0,Low
2022,12,Friday,17,Punjab,Lahore,National Highway,Average,Clear,Daylight,Car/Taxi,3,Wrong Overtaking,1,0,0,1,2,0,Low
2022,10,Saturday,14,Punjab,Rahim Yar Khan,Urban Road,Average,Clear,Daylight,Car/Taxi,1,Drunk Driving,0,1,0,0,1,0,Low
2023,4,Monday,9,Punjab,Sargodha,Urban Road,Average,Rainy,Daylight,Motorcycle,3,Over Speeding,1,0,0,0,10,0,High
2018,4,Tuesday,12,Punjab,Multan,Urban Road,Average,Clear,Street Light,Rickshaw,2,Mechanical Failure,1,0,0,0,1,0,Low
2021,3,Saturday,21,Sindh,Larkana,National Highway,Average,Foggy,Street Light,Motorcycle,3,Drunk Driving,0,1,0,0,9,3,High
2020,5,Friday,4,Punjab,Sheikhupura,Provincial Highway,Poor,Clear,Street Light,Bus/Coach,2,Wrong Overtaking,0,0,1,0,4,2,High
2019,4,Friday,12,KPK,Dera Ismail Khan,Urban Road,Poor,Clear,Daylight,Rickshaw,1,Over Speeding,1,0,0,0,2,0,Low
2023,11,Wednesday,22,AJK,Mirpur,National Highway,Poor,Rainy,No Light,Car/Taxi,1,Signal Violation,0,0,1,1,11,2,High
2018,6,Tuesday,10,Punjab,Rahim Yar Khan,Rural Road,Good,Foggy,Dawn/Dusk,Motorcycle,1,Drunk Driving,0,0,0,0,9,1,High
2020,8,Tuesday,20,Punjab,Sargodha,Urban Road,Under Repair,Clear,Street Light,Car/Taxi,1,Pedestrian Error,1,0,0,0,0,0,Low
2019,11,Tuesday,7,Punjab,Faisalabad,National Highway,Average,Clear,Daylight,Rickshaw,1,Driver Fatigue,1,0,0,1,5,3,High
2022,7,Wednesday,3,Sindh,Sukkur,Urban Road,Poor,Clear,No Light,Van/Pickup,1,Over Speeding,0,0,1,0,3,0,Medium
2020,12,Thursday,8,KPK,Dera Ismail Khan,National Highway,Poor,Clear,Street Light,Car/Taxi,2,Road Condition,1,0,0,1,0,0,Low
2023,5,Friday,17,Punjab,Lahore,National Highway,Average,Clear,Daylight,Bus/Coach,1,Mechanical Failure,1,0,0,0,1,0,Medium
2023,3,Friday,6,Punjab,Gujranwala,Urban Road,Average,Clear,Daylight,Car/Taxi,2,Mechanical Failure,0,0,0,0,0,0,Low
2022,7,Monday,16,KPK,Nowshera,Provincial Highway,Average,Clear,Daylight,Motorcycle,2,Over Speeding,0,0,0,0,9,1,High
2022,5,Thursday,17,KPK,Mansehra,Provincial Highway,Average,Clear,Daylight,Motorcycle,2,Over Speeding,1,0,0,0,9,2,High
2023,8,Saturday,18,Punjab,Sialkot,Provincial Highway,Good,Foggy,Dawn/Dusk,Car/Taxi,2,Pedestrian Error,1,1,0,0,0,0,Low
2023,8,Tuesday,9,Punjab,Sialkot,Provincial Highway,Poor,Clear,Street Light,Rickshaw,1,Driver Fatigue,1,0,0,0,4,0,Medium
2021,12,Thursday,5,Sindh,Larkana,National Highway,Poor,Extreme Heat,Street Light,Motorcycle,3,Signal Violation,0,0,1,1,4,2,High
2019,1,Thursday,11,Punjab,Sargodha,Motorway,Average,Clear,Daylight,Motorcycle,4,Signal Violation,0,0,0,1,6,1,High
2020,12,Sunday,21,Punjab,Sialkot,National Highway,Average,Clear,Street Light,Car/Taxi,2,Signal Violation,0,1,0,1,2,0,Low
2018,10,Monday,6,KPK,Kohat,Urban Road,Average,Foggy,Daylight,Motorcycle,3,Wrong Overtaking,0,0,0,0,4,1,Medium
2019,12,Sunday,14,Punjab,Sargodha,Provincial Highway,Good,Clear,Daylight,Motorcycle,2,Over Speeding,0,1,0,1,6,3,High
2020,4,Friday,21,KPK,Nowshera,Provincial Highway,Good,Rainy,No Light,Bus/Coach,3,Signal Violation,0,0,0,0,3,0,Medium
2019,6,Wednesday,21,KPK,Mardan,National Highway,Poor,Dusty/Smoggy,Street Light,Motorcycle,2,Mechanical Failure,0,0,0,0,7,1,High
2023,3,Friday,7,Punjab,Gujranwala,National Highway,Under Repair,Foggy,Daylight,Motorcycle,3,Wrong Overtaking,1,0,0,0,5,1,High
2018,4,Saturday,11,Sindh,Jacobabad,National Highway,Average,Clear,Daylight,Rickshaw,1,Road Condition,0,1,0,0,4,0,Medium
2019,12,Tuesday,9,Sindh,Thatta,National Highway,Good,Clear,Daylight,Motorcycle,3,Over Speeding,1,0,0,1,6,1,High
2023,1,Sunday,7,Punjab,Sheikhupura,Rural Road,Good,Clear,Daylight,Motorcycle,2,Road Condition,1,1,0,1,2,0,Medium
2018,1,Saturday,9,Punjab,Multan,National Highway,Average,Rainy,Daylight,Motorcycle,4,Mobile Phone Use,1,1,0,1,11,1,High
2022,9,Saturday,21,Sindh,Mirpur Khas,National Highway,Good,Foggy,No Light,Bus/Coach,2,Wrong Overtaking,0,1,0,0,8,1,High
2020,8,Monday,20,KPK,Charsadda,Urban Road,Good,Clear,Street Light,Bus/Coach,2,Signal Violation,1,0,0,0,2,0,Low
2018,1,Thursday,7,Sindh,Thatta,Rural Road,Good,Foggy,Dawn/Dusk,Rickshaw,4,Pedestrian Error,1,0,0,1,2,0,Low
2023,1,Friday,10,Punjab,Faisalabad,National Highway,Good,Clear,Daylight,Car/Taxi,2,Road Condition,0,0,0,1,1,0,Low
2019,3,Tuesday,11,Islamabad,Islamabad,Rural Road,Average,Clear,Daylight,Car/Taxi,3,Pedestrian Error,0,0,0,0,1,0,Low
2019,9,Friday,13,KPK,Peshawar,Urban Road,Good,Clear,Street Light,Motorcycle,1,Drunk Driving,1,0,0,0,5,0,Medium
2023,3,Sunday,13,Sindh,Kashmore,National Highway,Good,Clear,Daylight,Motorcycle,1,Over Speeding,1,1,0,0,5,4,High
2021,1,Tuesday,17,Sindh,Kashmore,National Highway,Average,Clear,Daylight,Motorcycle,2,Road Condition,1,0,0,1,4,0,Medium
2018,12,Thursday,20,Punjab,Multan,Urban Road,Good,Clear,Street Light,Motorcycle,2,Road Condition,1,0,0,1,0,1,Low
2021,6,Wednesday,15,AJK,Rawalakot,Provincial Highway,Good,Extreme Heat,Daylight,Car/Taxi,4,Road Condition,0,0,0,0,1,0,Low
2023,7,Sunday,19,Punjab,Faisalabad,Provincial Highway,Good,Clear,Dawn/Dusk,Motorcycle,2,Over Speeding,1,1,0,0,8,3,High
2020,11,Monday,12,KPK,Dera Ismail Khan,Rural Road,Average,Clear,Daylight,Motorcycle,2,Over Speeding,1,0,0,1,11,2,High
2023,11,Thursday,16,Sindh,Sukkur,Urban Road,Good,Clear,Daylight,Car/Taxi,2,Driver Fatigue,0,0,0,1,5,0,Medium
2018,2,Wednesday,14,Balochistan,Turbat,National Highway,Poor,Foggy,Daylight,Bicycle,1,Over Speeding,0,0,0,1,9,1,High
2022,7,Saturday,1,KPK,Swat,Provincial Highway,Average,Clear,Street Light,Van/Pickup,1,Over Speeding,0,1,1,0,3,0,Medium
2018,8,Saturday,14,Sindh,Thatta,National Highway,Average,Dusty/Smoggy,Dawn/Dusk,Car/Taxi,2,Wrong Overtaking,0,1,0,0,4,2,Medium
2018,1,Wednesday,18,Islamabad,Islamabad,Rural Road,Poor,Clear,Daylight,Car/Taxi,3,Road Condition,1,0,0,1,0,0,Low
2019,4,Tuesday,6,Balochistan,Sibi,Provincial Highway,Under Repair,Clear,Daylight,Bicycle,2,Pedestrian Error,0,0,0,0,0,0,Low
2023,11,Monday,12,Punjab,Sargodha,National Highway,Poor,Extreme Heat,Daylight,Car/Taxi,1,Pedestrian Error,1,0,0,1,0,0,Low
2020,12,Tuesday,12,Punjab,Faisalabad,Urban Road,Average,Clear,Daylight,Rickshaw,2,Signal Violation,1,0,0,1,1,0,Low