year,month,day_of_week,hour_of_day,province,district,road_type,road_condition,weather_condition,lighting_condition,vehicle_type,vehicles_involved,accident_cause,is_rush_hour,is_weekend,is_night,is_foggy_month,num_injured,num_killed,severity
2018,11,Wednesday,21,KPK,Nowshera,Provincial Highway,Good,Clear,No Light,Car/Taxi,2,Over Speeding,0,0,0,1,1,0,Low
2021,3,Sunday,9,Islamabad,Islamabad,Provincial Highway,Average,Clear,Daylight,Car/Taxi,3,Driver Fatigue,1,1,0,0,0,0,Low
2019,5,Sunday,15,Sindh,Kashmore,National Highway,Poor,Clear,Street Light,Motorcycle,3,Signal Violation,0,1,0,0,3,0,Medium
2020,8,Saturday,8,Punjab,Sialkot,National Highway,Good,Clear,Daylight,Car/Taxi,2,Wrong Overtaking,1,1,0,0,0,1,Low
2023,2,Wednesday,20,Sindh,Larkana,Rural Road,Good,Clear,Street Light,Motorcycle,2,Driver Fatigue,1,0,0,1,1,0,Medium
2023,12,Saturday,19,Punjab,Lahore,National Highway,Good,Foggy,Street Light,Bus/Coach,2,Over Speeding,1,1,0,1,2,1,High
2022,9,Saturday,10,Sindh,Kashmore,Rural Road,Average,Clear,Daylight,Car/Taxi,2,Over Speeding,0,1,0,0,2,0,Medium
2018,5,Friday,8,Punjab,Rahim Yar Khan,Urban Road,Poor,Clear,Daylight,Car/Taxi,2,Mobile Phone Use,1,0,0,0,0,0,Low
2020,4,Wednesday,20,Sindh,Karachi,National Highway,Poor,Rainy,No Light,Motorcycle,2,Road Condition,1,0,0,0,5,1,Medium
2019,5,Saturday,21,Islamabad,Islamabad,Urban Road,Average,Clear,No Light,Car/Taxi,2,Over Speeding,0,1,0,0,3,0,Medium
2020,4,Thursday,7,Sindh,Nawabshah,National Highway,Poor,Clear,Daylight,Car/Taxi,2,Wrong Overtaking,1,0,0,0,5,1,Medium
2019,5,Tuesday,13,Punjab,Sargodha,National Highway,Good,Clear,Daylight,Bus/Coach,2,Wrong Overtaking,1,0,0,0,4,1,Medium
2018,11,Friday,20,Sindh,Karachi,Urban Road,Good,Foggy,No Light,Car/Taxi,3,Wrong Overtaking,1,0,0,1,2,0,Low
2022,8,Friday,10,Punjab,Faisalabad,Motorway,Good,Clear,Daylight,Rickshaw,1,Wrong Overtaking,0,0,0,0,4,1,Medium
2020,2,Wednesday,12,KPK,Bannu,Provincial Highway,Average,Clear,Daylight,Motorcycle,2,Road Condition,1,0,0,1,1,2,Medium
2020,7,Tuesday,7,Sindh,Kashmore,National Highway,Average,Foggy,Daylight,Truck/Lorry,1,Over Speeding,1,0,0,0,8,2,High
2023,1,Sunday,20,KPK,Swat,Rural Road,Good,Clear,No Light,Motorcycle,1,Wrong Overtaking,1,1,0,1,5,0,Medium
2019,8,Saturday,12,Balochistan,Gwadar,National Highway,Average,Dusty/Smoggy,Daylight,Truck/Lorry,1,Mechanical Failure,1,1,0,0,5,0,Medium
2023,5,Sunday,19,Punjab,Rahim Yar Khan,Motorway,Under Repair,Rainy,Dawn/Dusk,Motorcycle,1,Signal Violation,1,1,0,0,11,1,High
2021,1,Tuesday,11,AJK,Mirpur,Provincial Highway,Good,Clear,Daylight,Car/Taxi,1,Wrong Overtaking,0,0,0,1,0,0,Low
2023,7,Friday,21,Punjab,Gujranwala,Rural Road,Average,Rainy,Street Light,Motorcycle,2,Wrong Overtaking,0,0,0,0,4,0,Medium
2023,12,Monday,20,Sindh,Dadu,National Highway,Good,Clear,No Light,Motorcycle,3,Pedestrian Error,1,0,0,1,5,1,Medium
2022,1,Wednesday,16,Punjab,Rawalpindi,Rural Road,Good,Clear,Dawn/Dusk,Motorcycle,1,Road Condition,0,0,0,1,0,0,Low
2023,1,Friday,18,Punjab,Bahawalpur,Rural Road,Average,Clear,Daylight,Car/Taxi,3,Over Speeding,1,0,0,1,1,0,Low
2020,1,Friday,18,Sindh,Karachi,National Highway,Good,Dusty/Smoggy,Daylight,Car/Taxi,2,Mechanical Failure,1,0,0,1,2,2,Medium
2021,11,Friday,10,Punjab,Sargodha,National Highway,Good,Clear,Daylight,Car/Taxi,2,Wrong Overtaking,0,0,0,1,0,0,Low
2023,12,Saturday,7,Punjab,Bahawalpur,National Highway,Good,Clear,Daylight,Car/Taxi,2,Pedestrian Error,1,1,0,1,1,1,Low
2020,2,Friday,23,Punjab,Sheikhupura,Rural Road,Poor,Clear,No Light,Motorcycle,1,Over Speeding,0,0,1,1,3,2,High
2022,7,Monday,12,Sindh,Kashmore,Rural Road,Good,Clear,Dawn/Dusk,Motorcycle,2,Signal Violation,1,0,0,0,1,0,Low
2020,5,Friday,5,Punjab,Lahore,Provincial Highway,Good,Clear,No Light,Car/Taxi,3,Pedestrian Error,0,0,1,0,2,0,Low
2022,1,Wednesday,11,Sindh,Karachi,Rural Road,Poor,Clear,Daylight,Motorcycle,2,Over Speeding,0,0,0,1,1,1,Medium
2022,1,Monday,22,Sindh,Thatta,Rural Road,Poor,Foggy,No Light,Truck/Lorry,1,Road Condition,0,0,1,1,1,0,Low
2021,5,Friday,22,Punjab,Faisalabad,Urban Road,Under Repair,Clear,No Light,Van/Pickup,1,Pedestrian Error,0,0,1,0,1,0,Low
2022,3,Monday,20,Punjab,Sialkot,National Highway,Average,Clear,No Light,Car/Taxi,2,Pedestrian Error,1,0,0,0,1,0,Medium
2019,7,Tuesday,18,Sindh,Thatta,Rural Road,Good,Clear,Daylight,Bicycle,2,Over Speeding,1,0,0,0,1,0,Medium
2022,9,Friday,6,Sindh,Kashmore,National Highway,Good,Foggy,Dawn/Dusk,Car/Taxi,1,Over Speeding,0,0,0,0,3,0,Medium
2018,3,Friday,20,Sindh,Nawabshah,National Highway,Average,Clear,Street Light,Motorcycle,1,Over Speeding,1,0,0,0,8,0,High
2023,11,Tuesday,15,KPK,Bannu,Provincial Highway,Average,Foggy,Daylight,Van/Pickup,2,Road Condition,0,0,0,1,0,1,Low
2023,7,Wednesday,8,Punjab,Bahawalpur,National Highway,Poor,Clear,Street Light,Motorcycle,1,Mechanical Failure,1,0,0,0,4,0,Medium
2023,5,Saturday,11,KPK,Nowshera,National Highway,Poor,Clear,Daylight,Car/Taxi,4,Over Speeding,0,1,0,0,2,0,Medium
2021,9,Friday,1,Punjab,Gujranwala,National Highway,Average,Foggy,No Light,Car/Taxi,2,Signal Violation,0,0,1,0,5,0,High
2022,2,Saturday,8,Punjab,Lahore,Rural Road,Poor,Clear,Dawn/Dusk,Motorcycle,2,Signal Violation,1,1,0,1,2,0,Medium
2022,12,Tuesday,9,Punjab,Faisalabad,National Highway,Good,Clear,Daylight,Car/Taxi,1,Over Speeding,1,0,0,1,4,0,Medium
2023,2,Thursday,14,KPK,Mardan,Provincial Highway,Good,Clear,Street Light,Truck/Lorry,3,Driver Fatigue,0,0,0,1,4,2,Medium
2023,1,Thursday,18,Sindh,Karachi,Urban Road,Good,Clear,Daylight,Motorcycle,1,Road Condition,1,0,0,1,1,0,Medium
2022,5,Saturday,17,AJK,Muzaffarabad,Rural Road,Good,Rainy,Daylight,Car/Taxi,3,Signal Violation,1,1,0,0,5,0,Medium
2018,11,Saturday,9,Islamabad,Islamabad,Urban Road,Average,Extreme Heat,Dawn/Dusk,Motorcycle,2,Mechanical Failure,1,1,0,1,0,0,Low
2021,9,Friday,14,Gilgit-Baltistan,Hunza,Urban Road,Good,Clear,Daylight,Bicycle,1,Wrong Overtaking,0,0,0,0,2,0,Low
2020,7,Friday,14,Punjab,Bahawalpur,National Highway,Good,Extreme Heat,Daylight,Rickshaw,1,Over Speeding,0,0,0,0,8,0,High
2022,7,Sunday,9,Sindh,Hyderabad,Urban Road,Good,Foggy,Daylight,Car/Taxi,2,Over Speeding,1,1,0,0,1,1,Medium
2023,1,Wednesday,7,Punjab,Rawalpindi,National Highway,Good,Foggy,Dawn/Dusk,Car/Taxi,2,Mechanical Failure,1,0,0,1,3,0,Medium
2023,6,Thursday,20,Sindh,Dadu,Rural Road,Under Repair,Clear,Street Light,Car/Taxi,2,Drunk Driving,1,0,0,0,1,0,Medium
2022,7,Thursday,13,Punjab,Faisalabad,National Highway,Poor,Extreme Heat,No Light,Bus/Coach,2,Wrong Overtaking,1,0,0,0,4,0,Medium
2022,3,Saturday,17,Punjab,Sheikhupura,Urban Road,Average,Clear,No Light,Other,2,Road Condition,1,1,0,0,0,0,Low
2023,7,Saturday,13,KPK,Bannu,Rural Road,Good,Foggy,Dawn/Dusk,Motorcycle,3,Mechanical Failure,1,1,0,0,2,0,Medium
2021,9,Wednesday,20,Islamabad,Islamabad,Rural Road,Good,Clear,No Light,Motorcycle,2,Drunk Driving,1,0,0,0,6,0,High
2019,11,Wednesday,20,Sindh,Sukkur,Provincial Highway,Poor,Clear,No Light,Truck/Lorry,3,Road Condition,1,0,0,1,1,0,Low
2022,3,Friday,16,Punjab,Gujranwala,Provincial Highway,Poor,Clear,Daylight,Bicycle,1,Signal Violation,0,0,0,0,1,2,Medium
2019,7,Friday,10,Islamabad,Islamabad,Urban Road,Good,Clear,Daylight,Rickshaw,1,Signal Violation,0,0,0,0,0,0,Low
2021,7,Saturday,6,Punjab,Rahim Yar Khan,Rural Road,Poor,Clear,Daylight,Motorcycle,2,Signal Violation,0,1,0,0,4,0,Medium
2018,11,Monday,16,Balochistan,Turbat,National Highway,Good,Clear,Daylight,Rickshaw,3,Signal Violation,0,0,0,1,4,1,Medium
2022,8,Friday,6,Balochistan,Quetta,Provincial Highway,Average,Foggy,Street Light,Van/Pickup,2,Over Speeding,0,0,0,0,5,1,Medium
2021,6,Monday,19,Sindh,Sukkur,Provincial Highway,Good,Foggy,Dawn/Dusk,Motorcycle,2,Signal Violation,1,0,0,0,4,0,High
2023,6,Sunday,17,KPK,Charsadda,Provincial Highway,Average,Clear,Daylight,Motorcycle,1,Road Condition,1,1,0,0,5,0,Medium
2020,8,Saturday,13,KPK,Mardan,Provincial Highway,Good,Foggy,Daylight,Motorcycle,1,Over Speeding,1,1,0,0,8,1,High
2020,1,Thursday,13,Sindh,Mirpur Khas,National Highway,Good,Dusty/Smoggy,Daylight,Motorcycle,1,Road Condition,1,0,0,1,11,2,High
2022,1,Sunday,2,Punjab,Multan,National Highway,Average,Dusty/Smoggy,No Light,Car/Taxi,3,Pedestrian Error,0,1,1,1,3,0,Medium
2018,6,Wednesday,7,KPK,Bannu,National Highway,Average,Clear,Daylight,Van/Pickup,1,Drunk Driving,1,0,0,0,2,1,High
2021,7,Wednesday,8,Punjab,Rahim Yar Khan,Rural Road,Good,Clear,Daylight,Motorcycle,2,Over Speeding,1,0,0,0,2,0,High
2023,11,Friday,18,KPK,Kohat,Rural Road,Good,Rainy,Daylight,Motorcycle,2,Over Speeding,1,0,0,1,4,1,Medium
2023,3,Sunday,9,Sindh,Karachi,Urban Road,Average,Clear,Daylight,Motorcycle,4,Mechanical Failure,1,1,0,0,2,1,Low
2022,3,Tuesday,15,Punjab,Sargodha,Provincial Highway,Good,Rainy,No Light,Truck/Lorry,3,Driver Fatigue,0,0,0,0,2,2,Medium
2022,1,Monday,11,KPK,Bannu,Provincial Highway,Average,Clear,Dawn/Dusk,Motorcycle,1,Drunk Driving,0,0,0,1,4,0,High
2023,12,Friday,0,Punjab,Sialkot,Urban Road,Under Repair,Clear,Street Light,Car/Taxi,3,Over Speeding,0,0,1,1,4,1,Medium
2022,7,Monday,20,Sindh,Kashmore,Urban Road,Under Repair,Dusty/Smoggy,Street Light,Car/Taxi,3,Wrong Overtaking,1,0,0,0,0,0,Low
2022,11,Wednesday,11,Punjab,Bahawalpur,Provincial Highway,Average,Foggy,Daylight,Car/Taxi,1,Signal Violation,0,0,0,1,5,1,Medium
2022,12,Monday,4,Punjab,Sheikhupura,Provincial Highway,Good,Foggy,Street Light,Rickshaw,2,Signal Violation,0,0,1,1,2,0,Medium
2018,7,Sunday,12,Punjab,Sargodha,Rural Road,Average,Foggy,Daylight,Motorcycle,1,Road Condition,1,1,0,0,3,0,Medium
2022,9,Tuesday,6,Punjab,Gujranwala,National Highway,Good,Rainy,No Light,Car/Taxi,2,Over Speeding,0,0,0,0,3,1,Medium
2023,8,Tuesday,6,Punjab,Rawalpindi,Urban Road,Good,Dusty/Smoggy,Daylight,Motorcycle,2,Signal Violation,0,0,0,0,5,0,Medium
2019,7,Sunday,16,Punjab,Multan,Rural Road,Average,Clear,Daylight,Car/Taxi,1,Signal Violation,0,1,0,0,0,0,Low
2022,5,Monday,8,Sindh,Larkana,Urban Road,Average,Dusty/Smoggy,Daylight,Motorcycle,2,Over Speeding,1,0,0,0,2,0,Medium
2021,11,Saturday,5,Sindh,Jacobabad,National Highway,Good,Rainy,Dawn/Dusk,Van/Pickup,1,Weather Condition,0,1,1,1,2,2,Medium
2022,6,Wednesday,16,Sindh,Dadu,National Highway,Good,Clear,Daylight,Car/Taxi,2,Over Speeding,0,0,0,0,2,0,Medium
2021,5,Thursday,12,Sindh,Hyderabad,Urban Road,Poor,Clear,Daylight,Bus/Coach,2,Signal Violation,1,0,0,0,1,0,Low
2018,6,Thursday,19,Balochistan,Dera Bugti,Provincial Highway,Average,Clear,Dawn/Dusk,Rickshaw,3,Drunk Driving,1,0,0,0,4,2,Medium
2021,8,Wednesday,5,Punjab,Faisalabad,Urban Road,Poor,Foggy,Dawn/Dusk,Car/Taxi,2,Drunk Driving,0,0,1,0,3,1,Medium
2023,7,Saturday,14,Sindh,Larkana,Motorway,Good,Clear,Daylight,Motorcycle,2,Over Speeding,0,1,0,0,6,0,High
2019,6,Saturday,21,Balochistan,Chaman,Rural Road,Good,Clear,No Light,Motorcycle,2,Signal Violation,0,1,0,0,4,0,Medium
2022,1,Saturday,18,Punjab,Rahim Yar Khan,Urban Road,Good,Clear,Daylight,Car/Taxi,2,Road Condition,1,1,0,1,0,0,Low
2021,9,Thursday,12,Sindh,Karachi,National Highway,Average,Extreme Heat,Dawn/Dusk,Other,3,Weather Condition,1,0,0,0,1,0,Low
2018,9,Sunday,10,Sindh,Nawabshah,Urban Road,Poor,Clear,No Light,Rickshaw,1,Signal Violation,0,1,0,0,0,0,Low
2023,6,Saturday,20,Punjab,Lahore,Urban Road,Average,Foggy,No Light,Rickshaw,4,Signal Violation,1,1,0,0,2,1,Medium
2018,10,Saturday,7,Punjab,Sheikhupura,Rural Road,Poor,Clear,Daylight,Motorcycle,2,Wrong Overtaking,1,1,0,0,2,1,Medium
2021,11,Tuesday,11,KPK,Kohat,Rural Road,Good,Clear,Street Light,Car/Taxi,2,Over Speeding,0,0,0,1,1,0,Low
2023,5,Friday,2,Sindh,Sukkur,Provincial Highway,Good,Clear,Street Light,Motorcycle,1,Signal Violation,0,0,1,0,3,1,High
2023,1,Wednesday,15,Punjab,Lahore,Provincial Highway,Average,Clear,Dawn/Dusk,Van/Pickup,3,Mechanical Failure,0,0,0,1,1,0,Low
2020,1,Saturday,16,KPK,Swat,Rural Road,Good,Clear,Daylight,Van/Pickup,2,Road Condition,0,1,0,1,2,0,Low
2018,4,Monday,7,KPK,Dera Ismail Khan,Provincial Highway,Average,Clear,Daylight,Rickshaw,2,Wrong Overtaking,1,0,0,0,1,0,Low
2018,9,Thursday,20,Punjab,Sialkot,Provincial Highway,Average,Clear,No Light,Van/Pickup,2,Mechanical Failure,1,0,0,0,2,0,Low
2023,12,Wednesday,22,Sindh,Thatta,National Highway,Average,Clear,Street Light,Motorcycle,1,Pedestrian Error,0,0,1,1,8,2,High
2023,10,Monday,13,KPK,Bannu,Urban Road,Good,Extreme Heat,No Light,Car/Taxi,3,Signal Violation,1,0,0,0,0,0,Low
2021,9,Wednesday,18,Punjab,Multan,Provincial Highway,Poor,Clear,Daylight,Truck/Lorry,2,Over Speeding,1,0,0,0,3,0,Medium
2022,1,Tuesday,6,Sindh,Mirpur Khas,National Highway,Poor,Rainy,Daylight,Motorcycle,1,Pedestrian Error,0,0,0,1,2,0,Medium
2018,1,Sunday,17,Punjab,Bahawalpur,Rural Road,Poor,Clear,Dawn/Dusk,Motorcycle,1,Mechanical Failure,1,1,0,1,2,0,Low
2020,2,Thursday,23,Punjab,Rawalpindi,Provincial Highway,Good,Clear,No Light,Motorcycle,2,Driver Fatigue,0,0,1,1,2,4,High
2023,12,Tuesday,16,Punjab,Multan,National Highway,Good,Clear,Dawn/Dusk,Car/Taxi,3,Drunk Driving,0,0,0,1,6,4,High
2022,12,Friday,1,Islamabad,Islamabad,National Highway,Poor,Clear,No Light,Van/Pickup,1,Mechanical Failure,0,0,1,1,4,2,Medium
2023,3,Monday,6,KPK,Dera Ismail Khan,Rural Road,Good,Clear,Daylight,Rickshaw,2,Wrong Overtaking,0,0,0,0,2,0,Low
2023,7,Tuesday,12,Sindh,Nawabshah,Urban Road,Good,Clear,Daylight,Car/Taxi,2,Over Speeding,1,0,0,0,0,0,Low
2023,5,Friday,17,Sindh,Mirpur Khas,Urban Road,Good,Clear,Daylight,Van/Pickup,2,Over Speeding,1,0,0,0,1,0,Low
2022,12,Wednesday,14,Punjab,Bahawalpur,National Highway,Poor,Extreme Heat,Daylight,Motorcycle,4,Signal Violation,0,0,0,1,1,1,Medium
2023,11,Monday,12,Sindh,Kashmore,Provincial Highway,Poor,Clear,Daylight,Motorcycle,2,Drunk Driving,1,0,0,1,3,0,Medium
2021,6,Friday,18,Punjab,Faisalabad,Urban Road,Poor,Clear,Daylight,Bus/Coach,2,Wrong Overtaking,1,0,0,0,4,0,Medium
2023,5,Friday,7,Sindh,Dadu,National Highway,Good,Clear,No Light,Bicycle,2,Road Condition,1,0,0,0,3,0,Medium
2020,5,Friday,4,Balochistan,Quetta,Urban Road,Average,Foggy,No Light,Car/Taxi,1,Drunk Driving,0,0,1,0,3,0,Medium
2021,11,Saturday,5,Punjab,Faisalabad,National Highway,Average,Dusty/Smoggy,Dawn/Dusk,Rickshaw,2,Wrong Overtaking,0,1,1,1,10,0,High
2023,10,Tuesday,8,Sindh,Thatta,Provincial Highway,Average,Clear,Street Light,Car/Taxi,2,Over Speeding,1,0,0,0,4,0,Medium
2019,12,Saturday,8,Sindh,Thatta,Provincial Highway,Average,Clear,Street Light,Car/Taxi,1,Driver Fatigue,1,1,0,1,2,0,Medium
2023,7,Friday,16,Punjab,Bahawalpur,National Highway,Average,Clear,Daylight,Bus/Coach,3,Mechanical Failure,0,0,0,0,0,0,Low
2018,2,Sunday,9,Sindh,Hyderabad,Provincial Highway,Average,Clear,Daylight,Bus/Coach,1,Wrong Overtaking,1,1,0,1,5,1,Medium
2019,12,Sunday,8,Sindh,Thatta,Urban Road,Good,Rainy,Daylight,Other,1,Pedestrian Error,1,1,0,1,2,1,Low
2022,10,Thursday,14,KPK,Kohat,Provincial Highway,Average,Clear,Street Light,Car/Taxi,3,Signal Violation,0,0,0,0,1,0,Low
2023,12,Tuesday,22,Punjab,Multan,Provincial Highway,Average,Clear,No Light,Rickshaw,3,Pedestrian Error,0,0,1,1,1,0,Low
2022,4,Thursday,5,Sindh,Hyderabad,Urban Road,Average,Foggy,No Light,Motorcycle,2,Signal Violation,0,0,1,0,3,2,Medium
2022,6,Friday,6,Gilgit-Baltistan,Gilgit,Rural Road,Average,Clear,Dawn/Dusk,Motorcycle,2,Road Condition,0,0,0,0,2,1,Medium
2020,12,Wednesday,6,KPK,Abbottabad,Provincial Highway,Poor,Foggy,Street Light,Motorcycle,1,Wrong Overtaking,0,0,0,1,7,2,High
2020,12,Thursday,19,KPK,Kohat,National Highway,Good,Clear,Dawn/Dusk,Car/Taxi,2,Over Speeding,1,0,0,1,4,0,Medium
2023,4,Tuesday,14,Punjab,Multan,Motorway,Good,Foggy,Daylight,Motorcycle,2,Signal Violation,0,0,0,0,8,3,High
2023,3,Saturday,18,Punjab,Sheikhupura,National Highway,Poor,Extreme Heat,Daylight,Car/Taxi,3,Signal Violation,1,1,0,0,1,1,Medium
2023,9,Wednesday,9,Islamabad,Islamabad,Urban Road,Good,Clear,Daylight,Car/Taxi,1,Signal Violation,1,0,0,0,1,0,Low
2018,11,Saturday,22,Punjab,Multan,Provincial Highway,Good,Clear,No Light,Rickshaw,2,Driver Fatigue,0,1,1,1,2,0,Medium
2020,2,Friday,17,Gilgit-Baltistan,Gilgit,National Highway,Good,Clear,Daylight,Rickshaw,2,Drunk Driving,1,0,0,1,4,1,Medium
2021,12,Sunday,22,Punjab,Bahawalpur,Provincial Highway,Good,Clear,No Light,Truck/Lorry,2,Over Speeding,0,1,1,1,1,0,Medium
2021,3,Saturday,13,Punjab,Multan,Urban Road,Average,Extreme Heat,Daylight,Motorcycle,2,Signal Violation,1,1,0,0,2,0,Low
2023,9,Saturday,4,Punjab,Faisalabad,Rural Road,Poor,Clear,Street Light,Motorcycle,1,Over Speeding,0,1,1,0,11,1,High
2023,1,Tuesday,12,Sindh,Kashmore,Provincial Highway,Poor,Clear,Daylight,Car/Taxi,1,Wrong Overtaking,1,0,0,1,2,0,Low
2022,9,Sunday,10,KPK,Mardan,Rural Road,Poor,Clear,Daylight,Motorcycle,2,Drunk Driving,0,1,0,0,5,1,Medium
2019,6,Friday,8,AJK,Mirpur,Motorway,Average,Clear,Daylight,Motorcycle,3,Mechanical Failure,1,0,0,0,3,0,High
2023,5,Friday,8,Punjab,Sheikhupura,Urban Road,Good,Clear,Daylight,Motorcycle,1,Pedestrian Error,1,0,0,0,2,0,Medium
2022,5,Saturday,14,Punjab,Rahim Yar Khan,Urban Road,Average,Clear,Daylight,Car/Taxi,3,Signal Violation,0,1,0,0,1,0,Low
2020,12,Thursday,18,Sindh,Nawabshah,Provincial Highway,Good,Clear,Daylight,Rickshaw,1,Over Speeding,1,0,0,1,2,0,Low
2020,12,Sunday,18,KPK,Peshawar,Urban Road,Average,Dusty/Smoggy,Daylight,Car/Taxi,2,Over Speeding,1,1,0,1,0,0,Low
2023,8,Tuesday,10,Punjab,Rahim Yar Khan,Provincial Highway,Good,Clear,Daylight,Bicycle,1,Over Speeding,0,0,0,0,5,1,Medium
2022,6,Saturday,19,Punjab,Faisalabad,Provincial Highway,Good,Foggy,No Light,Motorcycle,2,Over Speeding,1,1,0,0,11,1,High
2021,4,Friday,20,Punjab,Sheikhupura,Urban Road,Good,Clear,Street Light,Truck/Lorry,2,Wrong Overtaking,1,0,0,0,1,0,Low
2022,6,Monday,10,Sindh,Thatta,Provincial Highway,Poor,Rainy,Daylight,Motorcycle,4,Over Speeding,0,0,0,0,2,2,High
2021,3,Monday,23,Sindh,Dadu,National Highway,Poor,Clear,Street Light,Rickshaw,2,Signal Violation,0,0,1,0,7,1,High
2023,7,Monday,16,KPK,Mansehra,Rural Road,Average,Clear,Daylight,Motorcycle,1,Wrong Overtaking,0,0,0,0,1,0,Medium
2021,4,Sunday,16,Punjab,Rawalpindi,Provincial Highway,Average,Clear,Daylight,Motorcycle,2,Mechanical Failure,0,1,0,0,0,0,Low
2019,8,Sunday,19,Balochistan,Gwadar,National Highway,Good,Clear,Daylight,Motorcycle,2,Signal Violation,1,1,0,0,3,1,High
2023,3,Monday,20,Punjab,Sargodha,Rural Road,Poor,Clear,No Light,Motorcycle,2,Over Speeding,1,0,0,0,7,1,High
2023,12,Wednesday,19,Punjab,Bahawalpur,National Highway,Good,Foggy,No Light,Truck/Lorry,3,Wrong Overtaking,1,0,0,1,7,2,High
2021,4,Tuesday,19,Sindh,Kashmore,National Highway,Average,Clear,No Light,Motorcycle,2,Signal Violation,1,0,0,0,4,2,High
2022,12,Saturday,6,KPK,Bannu,Urban Road,Good,Rainy,Daylight,Van/Pickup,2,Road Condition,0,1,0,1,1,0,Low
2023,1,Saturday,16,Punjab,Rahim Yar Khan,Rural Road,Good,Rainy,Daylight,Bicycle,2,Wrong Overtaking,0,1,0,1,1,2,Medium
2020,4,Thursday,19,Islamabad,Islamabad,Motorway,Average,Foggy,Dawn/Dusk,Van/Pickup,1,Over Speeding,1,0,0,0,4,3,High
2023,10,Monday,11,KPK,Charsadda,National Highway,Average,Dusty/Smoggy,Daylight,Car/Taxi,1,Wrong Overtaking,0,0,0,0,1,0,Low
2020,7,Sunday,16,Punjab,Faisalabad,Motorway,Average,Extreme Heat,Daylight,Car/Taxi,2,Mechanical Failure,0,1,0,0,1,0,Low
2021,3,Saturday,9,KPK,Mardan,Rural Road,Average,Clear,Daylight,Bus/Coach,1,Drunk Driving,1,1,0,0,5,1,Medium
2018,3,Monday,18,KPK,Kohat,National Highway,Average,Clear,Daylight,Car/Taxi,4,Mechanical Failure,1,0,0,0,2,0,Low
2019,8,Tuesday,21,KPK,Mardan,Urban Road,Poor,Foggy,Street Light,Truck/Lorry,3,Signal Violation,0,0,0,0,3,0,Medium
2019,10,Monday,8,Balochistan,Quetta,Provincial Highway,Under Repair,Rainy,No Light,Motorcycle,2,Pedestrian Error,1,0,0,0,4,0,Medium
2022,12,Monday,6,KPK,Dera Ismail Khan,Urban Road,Average,Clear,Daylight,Truck/Lorry,2,Road Condition,0,0,0,1,1,1,Low
2022,11,Saturday,17,Punjab,Multan,National Highway,Average,Clear,Daylight,Rickshaw,3,Pedestrian Error,1,1,0,1,0,0,Low
2023,8,Wednesday,13,KPK,Peshawar,National Highway,Poor,Extreme Heat,Daylight,Truck/Lorry,2,Signal Violation,1,0,0,0,3,0,Medium
2023,12,Wednesday,8,KPK,Swat,Rural Road,Good,Rainy,Daylight,Motorcycle,1,Over Speeding,1,0,0,1,3,3,High
2018,10,Saturday,12,Sindh,Larkana,Urban Road,Good,Clear,Daylight,Motorcycle,4,Wrong Overtaking,1,1,0,0,5,1,Medium
2020,12,Monday,21,Punjab,Sialkot,Urban Road,Good,Clear,No Light,Car/Taxi,2,Weather Condition,0,0,0,1,1,0,Low
2022,7,Friday,11,Islamabad,Islamabad,Provincial Highway,Good,Clear,Daylight,Motorcycle,1,Signal Violation,0,0,0,0,3,1,Medium
2022,1,Saturday,20,Sindh,Kashmore,Urban Road,Average,Foggy,Street Light,Motorcycle,1,Over Speeding,1,1,0,1,4,1,Medium
2020,12,Monday,23,Sindh,Mirpur Khas,Provincial Highway,Poor,Clear,No Light,Motorcycle,2,Wrong Overtaking,0,0,1,1,11,1,High
2022,5,Sunday,18,Punjab,Sheikhupura,Urban Road,Average,Rainy,Daylight,Motorcycle,1,Over Speeding,1,1,0,0,5,0,Medium
2021,10,Friday,5,KPK,Dera Ismail Khan,Provincial Highway,Good,Foggy,No Light,Motorcycle,2,Mobile Phone Use,0,0,1,0,3,0,Medium
2020,8,Thursday,8,Punjab,Bahawalpur,Rural Road,Average,Rainy,Daylight,Car/Taxi,1,Signal Violation,1,0,0,0,0,0,Low
2019,6,Tuesday,8,KPK,Mansehra,Rural Road,Average,Clear,Daylight,Bicycle,1,Signal Violation,1,0,0,0,5,1,Medium
2018,2,Sunday,18,Punjab,Sialkot,National Highway,Average,Clear,Daylight,Motorcycle,2,Signal Violation,1,1,0,1,5,1,High
2023,6,Monday,23,KPK,Mansehra,National Highway,Poor,Clear,No Light,Motorcycle,2,Road Condition,0,0,1,0,4,0,Medium
2023,11,Sunday,5,Sindh,Larkana,Urban Road,Average,Clear,No Light,Car/Taxi,1,Over Speeding,0,1,1,1,1,0,Low
2022,3,Thursday,22,KPK,Kohat,National Highway,Average,Clear,No Light,Van/Pickup,2,Over Speeding,0,0,1,0,11,2,High
2021,6,Tuesday,21,Sindh,Larkana,National Highway,Poor,Rainy,No Light,Bicycle,2,Over Speeding,0,0,0,0,5,1,High
2023,3,Monday,10,Punjab,Faisalabad,Provincial Highway,Poor,Clear,Daylight,Motorcycle,1,Wrong Overtaking,0,0,0,0,4,0,High
2021,4,Friday,14,Sindh,Mirpur Khas,National Highway,Poor,Rainy,Daylight,Car/Taxi,2,Drunk Driving,0,0,0,0,3,1,High
2018,12,Wednesday,2,Islamabad,Islamabad,Rural Road,Good,Clear,No Light,Motorcycle,3,Pedestrian Error,0,0,1,1,4,0,Medium
2020,12,Saturday,10,KPK,Peshawar,Rural Road,Good,Dusty/Smoggy,Daylight,Motorcycle,1,Over Speeding,0,1,0,1,5,0,High