year,month,day_of_week,hour_of_day,province,district,road_type,road_condition,weather_condition,lighting_condition,vehicle_type,vehicles_involved,accident_cause,is_rush_hour,is_weekend,is_night,is_foggy_month,num_injured,num_killed,severity
2021,10,Wednesday,22,Punjab,Sheikhupura,Urban Road,Average,Foggy,Street Light,Rickshaw,2,Mechanical Failure,0,0,1,0,1,0,Low
2021,7,Thursday,16,Islamabad,Islamabad,Provincial Highway,Average,Extreme Heat,Daylight,Motorcycle,3,Wrong Overtaking,0,0,0,0,3,2,High
2019,11,Sunday,23,KPK,Dera Ismail Khan,National Highway,Good,Clear,No Light,Van/Pickup,1,Pedestrian Error,0,1,1,1,4,0,Medium
2023,11,Saturday,9,Punjab,Sheikhupura,National Highway,Poor,Clear,Daylight,Rickshaw,2,Over Speeding,1,1,0,1,2,2,High
2021,12,Saturday,3,Sindh,Dadu,Urban Road,Good,Foggy,No Light,Car/Taxi,2,Pedestrian Error,0,1,1,1,1,0,Medium
2022,5,Wednesday,21,Sindh,Hyderabad,Rural Road,Good,Clear,Street Light,Motorcycle,1,Over Speeding,0,0,0,0,1,1,Medium
2021,5,Sunday,14,Punjab,Rawalpindi,National Highway,Poor,Clear,Dawn/Dusk,Car/Taxi,3,Over Speeding,0,1,0,0,8,1,High
2021,1,Friday,8,KPK,Charsadda,Rural Road,Average,Rainy,Daylight,Car/Taxi,2,Mechanical Failure,1,0,0,1,1,0,Low
2020,9,Tuesday,12,Punjab,Faisalabad,Rural Road,Average,Foggy,Daylight,Bus/Coach,1,Wrong Overtaking,1,0,0,0,4,1,Medium
2021,5,Friday,1,Sindh,Nawabshah,Rural Road,Good,Clear,No Light,Car/Taxi,2,Pedestrian Error,0,0,1,0,2,0,Low
2018,8,Wednesday,20,KPK,Bannu,National Highway,Poor,Clear,No Light,Rickshaw,2,Mechanical Failure,1,0,0,0,2,0,Low
2021,10,Tuesday,22,Islamabad,Islamabad,Rural Road,Average,Rainy,Street Light,Bus/Coach,2,Over Speeding,0,0,1,0,8,0,High
2023,12,Tuesday,18,Punjab,Sargodha,Provincial Highway,Good,Foggy,Daylight,Motorcycle,3,Over Speeding,1,0,0,1,11,1,High
2021,7,Tuesday,12,Punjab,Rawalpindi,Provincial Highway,Average,Foggy,Daylight,Car/Taxi,3,Over Speeding,1,0,0,0,9,1,High
2021,1,Saturday,11,Sindh,Thatta,Urban Road,Under Repair,Clear,Daylight,Motorcycle,3,Over Speeding,0,1,0,1,4,0,Medium
2022,1,Tuesday,7,KPK,Bannu,Rural Road,Poor,Extreme Heat,Daylight,Car/Taxi,2,Pedestrian Error,1,0,0,1,1,0,Low
2023,11,Saturday,19,Islamabad,Islamabad,Provincial Highway,Average,Clear,Dawn/Dusk,Car/Taxi,2,Over Speeding,1,1,0,1,3,0,Medium
2018,12,Sunday,5,Punjab,Gujranwala,Motorway,Poor,Foggy,Dawn/Dusk,Truck/Lorry,3,Road Condition,0,1,1,1,4,0,Medium
2018,1,Monday,8,Sindh,Thatta,National Highway,Good,Foggy,Daylight,Motorcycle,2,Signal Violation,1,0,0,1,6,2,High
2018,4,Saturday,13,Punjab,Bahawalpur,Urban Road,Poor,Clear,Daylight,Bus/Coach,1,Signal Violation,1,1,0,0,3,1,Medium
2020,4,Sunday,16,KPK,Peshawar,Motorway,Good,Foggy,Daylight,Rickshaw,3,Pedestrian Error,0,1,0,0,2,1,Medium
2018,5,Thursday,13,Punjab,Faisalabad,Rural Road,Average,Foggy,Daylight,Motorcycle,2,Road Condition,1,0,0,0,4,0,Medium
2019,12,Friday,19,Balochistan,Loralai,National Highway,Good,Rainy,Daylight,Car/Taxi,4,Wrong Overtaking,1,0,0,1,5,1,High
2022,7,Saturday,9,Punjab,Lahore,Provincial Highway,Poor,Extreme Heat,Street Light,Motorcycle,1,Driver Fatigue,1,1,0,0,5,1,Medium
2020,10,Saturday,14,KPK,Swat,National Highway,Poor,Foggy,Daylight,Motorcycle,2,Mechanical Failure,0,1,0,0,3,2,Medium
2019,4,Saturday,9,Punjab,Sargodha,Motorway,Poor,Clear,Daylight,Truck/Lorry,3,Signal Violation,1,1,0,0,6,0,High
2022,2,Saturday,8,Sindh,Kashmore,Urban Road,Poor,Foggy,Dawn/Dusk,Motorcycle,2,Driver Fatigue,1,1,0,1,6,3,High
2018,4,Monday,13,Sindh,Mirpur Khas,Provincial Highway,Good,Rainy,Daylight,Motorcycle,2,Road Condition,1,0,0,0,5,0,Medium
2020,5,Saturday,14,Punjab,Faisalabad,National Highway,Poor,Rainy,Street Light,Truck/Lorry,2,Over Speeding,0,1,0,0,3,0,High
2021,5,Tuesday,21,Punjab,Rawalpindi,Urban Road,Good,Rainy,Street Light,Motorcycle,1,Over Speeding,0,0,0,0,9,0,High
2020,2,Thursday,10,Punjab,Bahawalpur,National Highway,Poor,Extreme Heat,Daylight,Truck/Lorry,3,Signal Violation,0,0,0,1,4,1,High
2019,1,Friday,14,Punjab,Lahore,National Highway,Poor,Dusty/Smoggy,Dawn/Dusk,Bus/Coach,1,Over Speeding,0,0,0,1,5,1,Medium
2022,1,Thursday,13,Punjab,Gujranwala,National Highway,Average,Rainy,Daylight,Motorcycle,2,Mobile Phone Use,1,0,0,1,5,0,Medium
2019,5,Friday,14,Sindh,Sukkur,Rural Road,Average,Rainy,No Light,Motorcycle,1,Drunk Driving,0,0,0,0,4,0,Medium
2022,9,Sunday,17,KPK,Bannu,Urban Road,Good,Foggy,Daylight,Motorcycle,2,Driver Fatigue,1,1,0,0,2,1,High
2020,11,Monday,18,KPK,Mansehra,Provincial Highway,Under Repair,Clear,Daylight,Car/Taxi,1,Road Condition,1,0,0,1,0,0,Low
2023,3,Sunday,18,Punjab,Gujranwala,National Highway,Average,Foggy,Street Light,Motorcycle,1,Over Speeding,1,1,0,0,11,0,High
2022,10,Thursday,1,Punjab,Rawalpindi,Rural Road,Good,Clear,No Light,Rickshaw,2,Over Speeding,0,0,1,0,2,0,Medium
2023,9,Saturday,8,KPK,Swat,Urban Road,Poor,Clear,Daylight,Rickshaw,1,Signal Violation,1,1,0,0,1,1,Low
2021,7,Wednesday,9,Sindh,Thatta,Urban Road,Good,Clear,Daylight,Car/Taxi,2,Over Speeding,1,0,0,0,2,0,Medium
2018,5,Saturday,12,Punjab,Lahore,Urban Road,Good,Clear,Dawn/Dusk,Motorcycle,2,Over Speeding,1,1,0,0,4,0,Medium
2021,11,Sunday,6,Punjab,Sargodha,Motorway,Average,Foggy,Daylight,Car/Taxi,2,Pedestrian Error,0,1,0,1,1,1,Low
2023,7,Saturday,23,Punjab,Lahore,National Highway,Poor,Clear,No Light,Bicycle,3,Pedestrian Error,0,1,1,0,8,2,High
2023,2,Saturday,19,Punjab,Lahore,Provincial Highway,Good,Clear,No Light,Motorcycle,3,Drunk Driving,1,1,0,1,2,1,Medium
2021,11,Wednesday,14,KPK,Swat,National Highway,Average,Rainy,Daylight,Truck/Lorry,1,Signal Violation,0,0,0,1,5,1,Medium
2020,7,Sunday,13,Punjab,Faisalabad,National Highway,Average,Rainy,Dawn/Dusk,Rickshaw,2,Over Speeding,1,1,0,0,1,0,Medium
2021,1,Monday,18,Islamabad,Islamabad,National Highway,Poor,Clear,Daylight,Motorcycle,2,Wrong Overtaking,1,0,0,1,5,1,Medium
2020,3,Saturday,8,Balochistan,Quetta,Rural Road,Poor,Clear,Dawn/Dusk,Motorcycle,1,Wrong Overtaking,1,1,0,0,1,0,Low
2023,10,Sunday,14,KPK,Charsadda,Urban Road,Good,Clear,Daylight,Car/Taxi,3,Over Speeding,0,1,0,0,2,1,Low
2022,6,Sunday,14,Punjab,Rahim Yar Khan,National Highway,Average,Rainy,Street Light,Bus/Coach,3,Mobile Phone Use,0,1,0,0,1,1,Medium
2022,11,Tuesday,11,Punjab,Rahim Yar Khan,Provincial Highway,Poor,Dusty/Smoggy,Daylight,Car/Taxi,3,Road Condition,0,0,0,1,2,0,Low
2018,1,Friday,20,Sindh,Jacobabad,Provincial Highway,Good,Clear,Street Light,Motorcycle,2,Over Speeding,1,0,0,1,2,1,High
2023,7,Sunday,14,Punjab,Sheikhupura,National Highway,Good,Rainy,No Light,Motorcycle,3,Pedestrian Error,0,1,0,0,2,0,High
2022,1,Saturday,6,Balochistan,Turbat,Rural Road,Average,Clear,Daylight,Motorcycle,1,Mechanical Failure,0,1,0,1,1,0,Low
2021,10,Saturday,15,Punjab,Rahim Yar Khan,Urban Road,Poor,Rainy,Daylight,Motorcycle,2,Over Speeding,0,1,0,0,4,1,Medium
2018,10,Tuesday,8,KPK,Dera Ismail Khan,Provincial Highway,Average,Rainy,Daylight,Motorcycle,2,Wrong Overtaking,1,0,0,0,11,2,High
2021,12,Friday,9,Sindh,Nawabshah,Motorway,Good,Clear,Daylight,Motorcycle,1,Driver Fatigue,1,0,0,1,8,2,High
2023,5,Wednesday,16,KPK,Abbottabad,Urban Road,Poor,Dusty/Smoggy,No Light,Motorcycle,3,Over Speeding,0,0,0,0,7,1,High
2023,6,Sunday,23,Sindh,Mirpur Khas,Rural Road,Average,Clear,Street Light,Car/Taxi,1,Drunk Driving,0,1,1,0,4,0,Medium
2022,11,Sunday,8,Sindh,Dadu,Rural Road,Under Repair,Clear,Street Light,Motorcycle,4,Wrong Overtaking,1,1,0,1,1,0,Medium
2018,8,Friday,13,Islamabad,Islamabad,Provincial Highway,Average,Rainy,Dawn/Dusk,Car/Taxi,3,Signal Violation,1,0,0,0,4,0,Medium
2018,1,Thursday,10,Punjab,Rawalpindi,National Highway,Under Repair,Extreme Heat,Daylight,Motorcycle,2,Signal Violation,0,0,0,1,4,0,High
2018,8,Wednesday,2,Punjab,Sheikhupura,Provincial Highway,Average,Clear,No Light,Truck/Lorry,2,Mobile Phone Use,0,0,1,0,1,2,Medium
2018,12,Tuesday,11,Punjab,Bahawalpur,Provincial Highway,Poor,Rainy,Daylight,Car/Taxi,1,Signal Violation,0,0,0,1,2,0,Low
2022,3,Sunday,17,Sindh,Kashmore,National Highway,Average,Foggy,Street Light,Car/Taxi,1,Wrong Overtaking,1,1,0,0,4,1,Medium
2023,6,Wednesday,2,Punjab,Sheikhupura,Provincial Highway,Good,Clear,No Light,Van/Pickup,3,Pedestrian Error,0,0,1,0,2,0,Low
2023,7,Sunday,20,Punjab,Faisalabad,Rural Road,Good,Dusty/Smoggy,Street Light,Rickshaw,2,Mechanical Failure,1,1,0,0,2,0,Low
2018,12,Thursday,4,Punjab,Multan,National Highway,Average,Foggy,Street Light,Car/Taxi,2,Pedestrian Error,0,0,1,1,6,1,High
2023,1,Saturday,8,KPK,Abbottabad,Provincial Highway,Average,Clear,Daylight,Bicycle,3,Wrong Overtaking,1,1,0,1,1,0,Medium
2022,9,Thursday,9,Sindh,Nawabshah,National Highway,Poor,Foggy,Daylight,Car/Taxi,3,Pedestrian Error,1,0,0,0,4,0,Medium
2020,3,Tuesday,8,Balochistan,Chaman,National Highway,Average,Rainy,Daylight,Motorcycle,2,Over Speeding,1,0,0,0,10,1,High
2023,11,Saturday,18,Punjab,Sargodha,Provincial Highway,Good,Foggy,Street Light,Bus/Coach,2,Road Condition,1,1,0,1,3,0,Medium
2022,2,Tuesday,21,KPK,Mardan,Rural Road,Good,Dusty/Smoggy,Street Light,Motorcycle,2,Wrong Overtaking,0,0,0,1,5,0,Medium
2021,3,Sunday,20,Sindh,Mirpur Khas,Motorway,Good,Clear,No Light,Motorcycle,2,Over Speeding,1,1,0,0,9,3,High
2021,6,Saturday,9,Sindh,Larkana,National Highway,Good,Clear,Daylight,Motorcycle,3,Driver Fatigue,1,1,0,0,3,0,High
2019,8,Tuesday,11,Punjab,Lahore,National Highway,Average,Clear,Dawn/Dusk,Motorcycle,1,Driver Fatigue,0,0,0,0,11,1,High
2023,2,Tuesday,22,Punjab,Gujranwala,Provincial Highway,Good,Clear,No Light,Bicycle,1,Wrong Overtaking,0,0,1,1,5,0,High
2020,6,Monday,19,Islamabad,Islamabad,Provincial Highway,Under Repair,Clear,Street Light,Motorcycle,1,Over Speeding,1,0,0,0,10,4,High
2018,1,Saturday,19,KPK,Kohat,Urban Road,Good,Clear,Dawn/Dusk,Motorcycle,1,Over Speeding,1,1,0,1,4,0,High
2023,7,Tuesday,6,Punjab,Gujranwala,Urban Road,Average,Clear,Daylight,Motorcycle,1,Wrong Overtaking,0,0,0,0,2,0,Low
2019,5,Saturday,22,Islamabad,Islamabad,Provincial Highway,Good,Extreme Heat,No Light,Motorcycle,3,Mechanical Failure,0,1,1,0,4,0,Medium
2019,6,Friday,15,Punjab,Rawalpindi,Rural Road,Under Repair,Rainy,Daylight,Van/Pickup,1,Over Speeding,0,0,0,0,0,0,Low
2022,5,Sunday,15,Sindh,Karachi,Provincial Highway,Good,Rainy,Daylight,Car/Taxi,1,Signal Violation,0,1,0,0,1,0,Low
2019,5,Friday,11,KPK,Dera Ismail Khan,National Highway,Good,Clear,Dawn/Dusk,Motorcycle,3,Road Condition,0,0,0,0,3,2,Medium
2020,4,Saturday,16,Punjab,Sargodha,Provincial Highway,Good,Clear,No Light,Motorcycle,1,Signal Violation,0,1,0,0,5,0,Medium
2023,1,Sunday,9,Punjab,Sheikhupura,Provincial Highway,Poor,Clear,Daylight,Motorcycle,1,Driver Fatigue,1,1,0,1,4,0,High
2021,9,Tuesday,20,Punjab,Rahim Yar Khan,Provincial Highway,Good,Clear,Street Light,Car/Taxi,2,Mobile Phone Use,1,0,0,0,0,0,Low
2019,8,Friday,18,Sindh,Nawabshah,Rural Road,Good,Clear,Daylight,Bus/Coach,3,Wrong Overtaking,1,0,0,0,4,0,Medium
2019,11,Thursday,6,Punjab,Multan,Motorway,Under Repair,Foggy,Daylight,Truck/Lorry,4,Over Speeding,0,0,0,1,10,0,High
2022,6,Friday,18,Punjab,Gujranwala,National Highway,Poor,Clear,Daylight,Car/Taxi,2,Mechanical Failure,1,0,0,0,2,0,Low
2019,10,Tuesday,7,Balochistan,Khuzdar,Urban Road,Good,Clear,Dawn/Dusk,Bicycle,3,Over Speeding,1,0,0,0,2,0,Medium
2018,1,Monday,19,Punjab,Multan,National Highway,Average,Dusty/Smoggy,No Light,Motorcycle,2,Road Condition,1,0,0,1,7,2,High
2019,3,Wednesday,19,Punjab,Rahim Yar Khan,Rural Road,Average,Extreme Heat,Dawn/Dusk,Bicycle,4,Signal Violation,1,0,0,0,4,1,Medium
2023,9,Monday,13,KPK,Abbottabad,Motorway,Average,Clear,Daylight,Van/Pickup,1,Mechanical Failure,1,0,0,0,0,0,Low
2018,12,Monday,13,Punjab,Rahim Yar Khan,Provincial Highway,Good,Clear,Daylight,Motorcycle,2,Wrong Overtaking,1,0,0,1,1,0,Medium
2023,6,Sunday,17,Punjab,Sargodha,National Highway,Average,Clear,Daylight,Car/Taxi,2,Over Speeding,1,1,0,0,5,0,Medium
2019,6,Friday,6,Islamabad,Islamabad,National Highway,Under Repair,Clear,Daylight,Rickshaw,2,Wrong Overtaking,0,0,0,0,2,0,Low
2023,9,Wednesday,13,Islamabad,Islamabad,Urban Road,Under Repair,Foggy,Street Light,Car/Taxi,1,Signal Violation,1,0,0,0,2,0,Low
2019,2,Thursday,17,Punjab,Multan,Provincial Highway,Poor,Rainy,Dawn/Dusk,Motorcycle,2,Road Condition,1,0,0,1,7,0,High
2023,12,Thursday,18,Balochistan,Dera Bugti,Provincial Highway,Poor,Extreme Heat,Daylight,Car/Taxi,1,Mechanical Failure,1,0,0,1,0,0,Low
2019,12,Tuesday,20,Balochistan,Zhob,Urban Road,Good,Clear,No Light,Car/Taxi,4,Wrong Overtaking,1,0,0,1,2,0,Low
2021,5,Monday,20,Sindh,Thatta,Urban Road,Poor,Clear,No Light,Bus/Coach,4,Over Speeding,1,0,0,0,3,0,Medium
2018,1,Monday,16,Sindh,Thatta,Motorway,Good,Clear,Daylight,Car/Taxi,2,Over Speeding,0,0,0,1,1,0,Medium
2019,2,Friday,23,Punjab,Sialkot,National Highway,Under Repair,Clear,Street Light,Car/Taxi,2,Wrong Overtaking,0,0,1,1,4,2,High
2023,4,Thursday,22,Punjab,Sheikhupura,National Highway,Under Repair,Dusty/Smoggy,Street Light,Motorcycle,3,Over Speeding,0,0,1,0,5,4,High
2023,1,Saturday,21,Sindh,Nawabshah,National Highway,Under Repair,Clear,Street Light,Bus/Coach,3,Over Speeding,0,1,0,1,4,0,High
2023,12,Monday,12,KPK,Bannu,Provincial Highway,Poor,Clear,Street Light,Motorcycle,2,Mechanical Failure,1,0,0,1,4,1,Medium
2020,5,Monday,8,KPK,Mansehra,Urban Road,Poor,Clear,Daylight,Rickshaw,2,Over Speeding,1,0,0,0,0,0,Low
2019,1,Monday,6,Punjab,Sheikhupura,Urban Road,Good,Rainy,Daylight,Van/Pickup,2,Wrong Overtaking,0,0,0,1,1,0,Low
2021,4,Sunday,10,Punjab,Bahawalpur,National Highway,Poor,Clear,Daylight,Truck/Lorry,2,Road Condition,0,1,0,0,1,0,Low
2020,12,Thursday,17,Sindh,Jacobabad,National Highway,Average,Foggy,Street Light,Bus/Coach,1,Over Speeding,1,0,0,1,6,0,High
2022,3,Sunday,11,Sindh,Thatta,Urban Road,Good,Clear,Dawn/Dusk,Motorcycle,2,Signal Violation,0,1,0,0,5,2,Medium
2018,12,Wednesday,6,Punjab,Multan,National Highway,Average,Clear,Daylight,Car/Taxi,1,Over Speeding,0,0,0,1,3,0,Medium
2020,5,Saturday,20,Sindh,Jacobabad,Provincial Highway,Average,Foggy,No Light,Van/Pickup,1,Over Speeding,1,1,0,0,4,1,High
2022,6,Wednesday,8,KPK,Mardan,National Highway,Average,Clear,Daylight,Motorcycle,2,Wrong Overtaking,1,0,0,0,2,0,Medium
2023,1,Saturday,9,Punjab,Rawalpindi,National Highway,Good,Foggy,Daylight,Car/Taxi,1,Drunk Driving,1,1,0,1,1,0,Medium
2021,12,Thursday,8,Punjab,Rawalpindi,Rural Road,Average,Dusty/Smoggy,Daylight,Car/Taxi,1,Road Condition,1,0,0,1,0,0,Low
2018,6,Wednesday,17,Punjab,Gujranwala,Rural Road,Poor,Clear,Daylight,Car/Taxi,3,Over Speeding,1,0,0,0,1,0,Medium
2022,6,Thursday,21,Islamabad,Islamabad,Motorway,Average,Dusty/Smoggy,No Light,Motorcycle,2,Pedestrian Error,0,0,0,0,2,0,High
2020,7,Friday,4,Punjab,Multan,National Highway,Under Repair,Clear,Street Light,Truck/Lorry,3,Signal Violation,0,0,1,0,5,0,Medium
2022,7,Tuesday,0,Sindh,Karachi,Rural Road,Poor,Dusty/Smoggy,No Light,Car/Taxi,3,Signal Violation,0,0,1,0,2,0,Low
2023,11,Saturday,14,KPK,Nowshera,National Highway,Good,Rainy,Daylight,Rickshaw,2,Mechanical Failure,0,1,0,1,3,0,Medium
2019,8,Monday,14,Punjab,Rahim Yar Khan,Provincial Highway,Good,Extreme Heat,No Light,Motorcycle,4,Driver Fatigue,0,0,0,0,9,4,High
2019,1,Monday,11,Punjab,Faisalabad,Urban Road,Good,Rainy,Daylight,Motorcycle,3,Over Speeding,0,0,0,1,5,1,Medium
2023,5,Monday,12,Sindh,Thatta,Provincial Highway,Average,Clear,Daylight,Car/Taxi,1,Mechanical Failure,1,0,0,0,2,0,Low
2023,9,Sunday,12,KPK,Swat,National Highway,Good,Rainy,Daylight,Motorcycle,2,Drunk Driving,1,1,0,0,7,4,High
2022,1,Monday,6,Punjab,Rahim Yar Khan,Provincial Highway,Good,Clear,Daylight,Motorcycle,2,Road Condition,0,0,0,1,5,0,Medium
2023,1,Sunday,18,Punjab,Gujranwala,National Highway,Poor,Extreme Heat,Daylight,Rickshaw,2,Signal Violation,1,1,0,1,2,0,Low
2023,8,Thursday,5,KPK,Swat,National Highway,Good,Clear,Dawn/Dusk,Motorcycle,1,Over Speeding,0,0,1,0,5,1,High
2021,9,Thursday,8,KPK,Swat,Motorway,Poor,Dusty/Smoggy,Daylight,Car/Taxi,1,Road Condition,1,0,0,0,2,1,Medium
2021,5,Saturday,7,Punjab,Sialkot,Urban Road,Good,Rainy,Daylight,Motorcycle,3,Over Speeding,1,1,0,0,3,2,High
2023,1,Thursday,10,KPK,Kohat,National Highway,Good,Foggy,Street Light,Motorcycle,2,Over Speeding,0,0,0,1,6,0,High
2020,9,Friday,19,Islamabad,Islamabad,National Highway,Good,Clear,Dawn/Dusk,Motorcycle,3,Wrong Overtaking,1,0,0,0,2,1,Medium
2023,12,Wednesday,17,Punjab,Sialkot,Provincial Highway,Good,Clear,Daylight,Truck/Lorry,4,Over Speeding,1,0,0,1,3,2,High
2022,7,Friday,12,Sindh,Hyderabad,Urban Road,Good,Clear,Daylight,Motorcycle,3,Wrong Overtaking,1,0,0,0,1,1,Medium
2022,6,Friday,19,KPK,Peshawar,Provincial Highway,Good,Clear,Street Light,Car/Taxi,1,Weather Condition,1,0,0,0,2,0,Low
2023,9,Thursday,13,Punjab,Rawalpindi,Provincial Highway,Good,Clear,Daylight,Bus/Coach,2,Mobile Phone Use,1,0,0,0,0,0,Low
2020,7,Tuesday,7,KPK,Dera Ismail Khan,Rural Road,Under Repair,Clear,Dawn/Dusk,Motorcycle,1,Pedestrian Error,1,0,0,0,2,0,Low
2023,3,Sunday,4,Balochistan,Chaman,Rural Road,Good,Clear,No Light,Car/Taxi,3,Over Speeding,0,1,1,0,4,1,Medium
2023,1,Sunday,11,KPK,Peshawar,Rural Road,Poor,Clear,Daylight,Motorcycle,2,Drunk Driving,0,1,0,1,2,2,Medium
2022,8,Saturday,21,Punjab,Bahawalpur,Rural Road,Good,Clear,No Light,Motorcycle,1,Mobile Phone Use,0,1,0,0,0,0,Low
2020,6,Monday,13,KPK,Mardan,Urban Road,Good,Clear,Dawn/Dusk,Bus/Coach,2,Mobile Phone Use,1,0,0,0,0,0,Low
2020,11,Tuesday,10,Punjab,Rahim Yar Khan,Motorway,Average,Clear,Dawn/Dusk,Motorcycle,2,Pedestrian Error,0,0,0,1,8,1,High
2019,4,Monday,12,Punjab,Multan,Provincial Highway,Average,Clear,Dawn/Dusk,Rickshaw,1,Over Speeding,1,0,0,0,1,0,Medium
2023,12,Monday,9,Punjab,Rawalpindi,Urban Road,Good,Clear,Daylight,Car/Taxi,1,Over Speeding,1,0,0,1,1,0,Low
2021,3,Sunday,7,Balochistan,Quetta,Provincial Highway,Poor,Clear,Daylight,Motorcycle,2,Wrong Overtaking,1,1,0,0,4,0,Medium
2022,12,Thursday,13,Sindh,Thatta,Provincial Highway,Good,Rainy,Daylight,Motorcycle,2,Road Condition,1,0,0,1,9,0,High
2020,7,Saturday,22,Balochistan,Quetta,National Highway,Under Repair,Clear,No Light,Car/Taxi,2,Over Speeding,0,1,1,0,3,2,High
2018,5,Sunday,7,Punjab,Sargodha,Rural Road,Good,Dusty/Smoggy,Daylight,Car/Taxi,2,Wrong Overtaking,1,1,0,0,1,0,Low
2023,5,Saturday,12,KPK,Abbottabad,Provincial Highway,Poor,Foggy,Dawn/Dusk,Bus/Coach,1,Pedestrian Error,1,1,0,0,2,0,Low
2020,6,Saturday,17,Punjab,Rawalpindi,Urban Road,Good,Rainy,Daylight,Motorcycle,2,Mobile Phone Use,1,1,0,0,2,0,Low
2018,5,Saturday,5,Punjab,Sheikhupura,Urban Road,Average,Rainy,Dawn/Dusk,Car/Taxi,2,Wrong Overtaking,0,1,1,0,2,0,Medium
2019,1,Saturday,18,Gilgit-Baltistan,Gilgit,Provincial Highway,Good,Foggy,No Light,Rickshaw,4,Road Condition,1,1,0,1,1,0,Low
2019,2,Friday,8,Punjab,Bahawalpur,Rural Road,Under Repair,Foggy,Daylight,Rickshaw,1,Signal Violation,1,0,0,1,0,0,Low
2021,8,Thursday,10,Sindh,Kashmore,Urban Road,Good,Extreme Heat,Daylight,Car/Taxi,2,Over Speeding,0,0,0,0,2,0,Low
2023,12,Thursday,18,Balochistan,Khuzdar,Urban Road,Poor,Clear,Street Light,Car/Taxi,1,Signal Violation,1,0,0,1,0,0,Low
2019,5,Saturday,20,KPK,Bannu,Rural Road,Good,Clear,Street Light,Motorcycle,1,Signal Violation,1,1,0,0,1,0,Medium
2021,3,Thursday,11,Sindh,Nawabshah,Rural Road,Good,Clear,No Light,Motorcycle,1,Mechanical Failure,0,0,0,0,1,1,Medium
2019,6,Friday,2,Sindh,Sukkur,Provincial Highway,Good,Dusty/Smoggy,Street Light,Car/Taxi,2,Road Condition,0,0,1,0,1,0,Low
2022,6,Sunday,13,Sindh,Jacobabad,Urban Road,Average,Clear,Daylight,Car/Taxi,2,Signal Violation,1,1,0,0,1,0,Low
2023,1,Thursday,5,Punjab,Multan,Rural Road,Good,Clear,Dawn/Dusk,Van/Pickup,1,Drunk Driving,0,0,1,1,2,1,Low
2019,12,Tuesday,11,Punjab,Sialkot,Urban Road,Poor,Rainy,Daylight,Bus/Coach,2,Pedestrian Error,0,0,0,1,3,0,Medium
2023,5,Wednesday,19,Punjab,Faisalabad,Provincial Highway,Good,Clear,Daylight,Car/Taxi,3,Over Speeding,1,0,0,0,4,1,Medium
2019,4,Tuesday,7,Punjab,Sheikhupura,Rural Road,Good,Clear,Daylight,Rickshaw,2,Road Condition,1,0,0,0,1,0,Low
2020,6,Monday,11,Punjab,Rawalpindi,Provincial Highway,Average,Clear,Daylight,Motorcycle,2,Driver Fatigue,0,0,0,0,5,2,Medium
2022,2,Thursday,16,Punjab,Rahim Yar Khan,National Highway,Good,Clear,Street Light,Rickshaw,4,Driver Fatigue,0,0,0,1,5,0,Medium
2019,12,Friday,20,Punjab,Multan,Rural Road,Under Repair,Foggy,Street Light,Car/Taxi,1,Wrong Overtaking,1,0,0,1,5,0,Medium
2021,12,Friday,17,Punjab,Sheikhupura,National Highway,Good,Clear,No Light,Motorcycle,2,Road Condition,1,0,0,1,11,0,High
2023,1,Saturday,23,Sindh,Jacobabad,Rural Road,Average,Clear,No Light,Truck/Lorry,4,Over Speeding,0,1,1,1,2,1,Medium
2018,4,Tuesday,23,Punjab,Faisalabad,Rural Road,Poor,Clear,No Light,Motorcycle,2,Signal Violation,0,0,1,0,11,0,High
2018,9,Tuesday,21,KPK,Peshawar,Provincial Highway,Good,Clear,No Light,Truck/Lorry,4,Over Speeding,0,0,0,0,7,1,High
2020,11,Sunday,5,Balochistan,Loralai,Motorway,Average,Clear,Street Light,Motorcycle,2,Over Speeding,0,1,1,1,7,0,High
2021,1,Monday,22,Punjab,Faisalabad,Provincial Highway,Good,Clear,No Light,Motorcycle,2,Over Speeding,0,0,1,1,9,0,High
2023,1,Friday,17,Punjab,Sialkot,Urban Road,Average,Clear,Daylight,Car/Taxi,2,Driver Fatigue,1,0,0,1,2,0,Low
2021,10,Tuesday,10,KPK,Mansehra,National Highway,Good,Clear,Daylight,Motorcycle,2,Mechanical Failure,0,0,0,0,4,0,Medium
2023,7,Saturday,8,Islamabad,Islamabad,National Highway,Good,Clear,Daylight,Truck/Lorry,2,Over Speeding,1,1,0,0,3,1,High
2022,2,Wednesday,11,Punjab,Gujranwala,Provincial Highway,Average,Clear,Daylight,Other,1,Road Condition,0,0,0,1,2,0,Low
2023,1,Wednesday,11,Punjab,Faisalabad,Rural Road,Average,Rainy,Daylight,Bus/Coach,2,Drunk Driving,0,0,0,1,1,0,Medium
2021,12,Tuesday,17,Punjab,Sheikhupura,Provincial Highway,Good,Clear,Dawn/Dusk,Bus/Coach,1,Mobile Phone Use,1,0,0,1,0,0,Low
2020,6,Thursday,21,KPK,Peshawar,Rural Road,Average,Clear,No Light,Motorcycle,3,Over Speeding,0,0,0,0,8,0,High
2018,2,Wednesday,13,Islamabad,Islamabad,National Highway,Poor,Rainy,Daylight,Rickshaw,1,Signal Violation,1,0,0,1,2,1,Medium
2019,8,Sunday,6,KPK,Dera Ismail Khan,National Highway,Average,Dusty/Smoggy,Daylight,Motorcycle,2,Pedestrian Error,0,1,0,0,5,2,Medium