year,month,day_of_week,hour_of_day,province,district,road_type,road_condition,weather_condition,lighting_condition,vehicle_type,vehicles_involved,accident_cause,is_rush_hour,is_weekend,is_night,is_foggy_month,num_injured,num_killed,severity
2023,7,Tuesday,18,Sindh,Karachi,Provincial Highway,Average,Dusty/Smoggy,Daylight,Motorcycle,2,Over Speeding,1,0,0,0,11,1,High
2021,8,Friday,17,KPK,Mardan,Rural Road,Good,Foggy,Daylight,Motorcycle,2,Road Condition,1,0,0,0,0,0,Low
2022,7,Thursday,14,Punjab,Bahawalpur,Urban Road,Under Repair,Clear,Daylight,Motorcycle,3,Over Speeding,0,0,0,0,1,0,Medium
2021,7,Sunday,9,KPK,Kohat,Urban Road,Average,Foggy,Street Light,Car/Taxi,2,Over Speeding,1,1,0,0,2,1,Medium
2018,8,Tuesday,22,Punjab,Rawalpindi,Urban Road,Poor,Clear,No Light,Car/Taxi,2,Wrong Overtaking,0,0,1,0,0,0,Low
2018,1,Saturday,16,Punjab,Multan,National Highway,Average,Foggy,Daylight,Motorcycle,2,Wrong Overtaking,0,1,0,1,3,3,High
2021,12,Friday,16,Punjab,Multan,Rural Road,Good,Clear,Daylight,Motorcycle,1,Road Condition,0,0,0,1,0,0,Low
2021,12,Thursday,5,KPK,Bannu,Provincial Highway,Average,Clear,Dawn/Dusk,Motorcycle,1,Road Condition,0,0,1,1,4,2,Medium
2019,7,Saturday,14,KPK,Kohat,National Highway,Good,Clear,Daylight,Bicycle,4,Over Speeding,0,1,0,0,6,1,High
2018,10,Thursday,21,Sindh,Larkana,National Highway,Good,Clear,No Light,Motorcycle,2,Road Condition,0,0,0,0,2,0,Medium
2023,12,Tuesday,4,Punjab,Sargodha,Motorway,Average,Clear,Street Light,Motorcycle,2,Wrong Overtaking,0,0,1,1,9,2,High
2023,1,Thursday,14,Punjab,Sialkot,Provincial Highway,Average,Clear,Daylight,Motorcycle,2,Drunk Driving,0,0,0,1,9,2,High
2023,8,Tuesday,4,Punjab,Faisalabad,Urban Road,Good,Clear,Street Light,Motorcycle,3,Over Speeding,0,0,1,0,8,1,High
2020,5,Tuesday,14,Punjab,Multan,Rural Road,Good,Clear,Daylight,Car/Taxi,2,Over Speeding,0,0,0,0,2,1,Low
2020,12,Wednesday,5,Punjab,Rawalpindi,National Highway,Good,Clear,Dawn/Dusk,Bicycle,1,Drunk Driving,0,0,1,1,8,1,High
2023,6,Sunday,11,Punjab,Sheikhupura,Rural Road,Poor,Clear,Street Light,Van/Pickup,2,Over Speeding,0,1,0,0,2,0,Low
2023,5,Thursday,17,KPK,Mansehra,Rural Road,Good,Rainy,Daylight,Motorcycle,2,Pedestrian Error,1,0,0,0,1,0,Medium
2022,4,Wednesday,13,KPK,Mardan,National Highway,Good,Clear,Daylight,Car/Taxi,3,Pedestrian Error,1,0,0,0,0,0,Low
2023,5,Saturday,2,Punjab,Gujranwala,Provincial Highway,Average,Foggy,No Light,Car/Taxi,2,Wrong Overtaking,0,1,1,0,1,0,Medium
2019,11,Wednesday,19,Sindh,Nawabshah,Rural Road,Under Repair,Clear,Dawn/Dusk,Bus/Coach,2,Road Condition,1,0,0,1,1,0,Low
2022,9,Saturday,8,Punjab,Lahore,Provincial Highway,Average,Rainy,Daylight,Car/Taxi,2,Pedestrian Error,1,1,0,0,4,2,Medium
2022,12,Thursday,14,Punjab,Rahim Yar Khan,Rural Road,Average,Foggy,Daylight,Rickshaw,1,Road Condition,0,0,0,1,2,1,Low
2022,5,Sunday,8,Balochistan,Zhob,National Highway,Good,Clear,Daylight,Rickshaw,4,Driver Fatigue,1,1,0,0,1,2,Medium
2019,12,Saturday,19,KPK,Abbottabad,Provincial Highway,Poor,Clear,Dawn/Dusk,Motorcycle,1,Signal Violation,1,1,0,1,4,1,Medium
2019,5,Saturday,16,Punjab,Bahawalpur,Provincial Highway,Good,Clear,Daylight,Motorcycle,1,Wrong Overtaking,0,1,0,0,5,1,Medium
2021,5,Saturday,12,Balochistan,Hub,Urban Road,Poor,Rainy,Dawn/Dusk,Motorcycle,2,Wrong Overtaking,1,1,0,0,5,1,Medium
2022,1,Saturday,0,KPK,Mansehra,Provincial Highway,Good,Foggy,Street Light,Motorcycle,1,Signal Violation,0,1,1,1,8,1,High
2022,1,Friday,18,Sindh,Larkana,National Highway,Good,Clear,Dawn/Dusk,Bicycle,1,Drunk Driving,1,0,0,1,2,0,High
2021,11,Thursday,9,KPK,Peshawar,Provincial Highway,Poor,Clear,Daylight,Motorcycle,2,Driver Fatigue,1,0,0,1,3,2,High
2023,8,Saturday,14,Punjab,Multan,Urban Road,Good,Clear,Daylight,Car/Taxi,1,Drunk Driving,0,1,0,0,1,0,Medium
2018,6,Friday,10,Sindh,Kashmore,Provincial Highway,Good,Rainy,Dawn/Dusk,Motorcycle,3,Wrong Overtaking,0,0,0,0,2,0,Medium
2022,12,Friday,13,Sindh,Larkana,Rural Road,Poor,Clear,Daylight,Car/Taxi,2,Wrong Overtaking,1,0,0,1,0,0,Low
2020,2,Thursday,8,Islamabad,Islamabad,National Highway,Good,Clear,Dawn/Dusk,Car/Taxi,2,Signal Violation,1,0,0,1,5,0,Medium
2018,4,Tuesday,17,Punjab,Multan,National Highway,Under Repair,Foggy,No Light,Car/Taxi,3,Pedestrian Error,1,0,0,0,5,1,Medium
2022,8,Tuesday,20,Punjab,Rawalpindi,Rural Road,Average,Dusty/Smoggy,Street Light,Car/Taxi,3,Pedestrian Error,1,0,0,0,2,1,Low
2022,1,Saturday,9,Islamabad,Islamabad,Motorway,Average,Clear,Daylight,Motorcycle,4,Over Speeding,1,1,0,1,10,1,High
2021,5,Sunday,19,Punjab,Rawalpindi,Rural Road,Good,Foggy,Dawn/Dusk,Bus/Coach,2,Over Speeding,1,1,0,0,4,2,High
2021,7,Tuesday,18,KPK,Peshawar,National Highway,Average,Clear,Daylight,Motorcycle,2,Wrong Overtaking,1,0,0,0,3,0,High
2023,8,Wednesday,5,Punjab,Bahawalpur,National Highway,Average,Clear,Dawn/Dusk,Motorcycle,2,Signal Violation,0,0,1,0,5,1,High
2022,12,Sunday,22,Punjab,Sargodha,National Highway,Poor,Clear,Street Light,Car/Taxi,1,Over Speeding,0,1,1,1,1,0,Medium
2021,9,Monday,11,Punjab,Rawalpindi,Rural Road,Average,Clear,Daylight,Motorcycle,2,Mechanical Failure,0,0,0,0,0,0,Low
2023,6,Monday,9,KPK,Nowshera,Urban Road,Poor,Dusty/Smoggy,Daylight,Truck/Lorry,1,Wrong Overtaking,1,0,0,0,2,0,Low
2020,9,Thursday,20,Punjab,Sheikhupura,Rural Road,Good,Foggy,Street Light,Other,4,Pedestrian Error,1,0,0,0,0,0,Low
2021,3,Tuesday,10,Punjab,Sargodha,Urban Road,Average,Clear,Dawn/Dusk,Motorcycle,1,Wrong Overtaking,0,0,0,0,1,1,Medium
2019,9,Sunday,16,Punjab,Multan,National Highway,Poor,Clear,Street Light,Motorcycle,4,Signal Violation,0,1,0,0,1,0,Medium
2018,7,Sunday,15,Punjab,Lahore,Provincial Highway,Poor,Clear,Daylight,Van/Pickup,1,Over Speeding,0,1,0,0,4,0,Medium
2021,12,Friday,19,Sindh,Dadu,Urban Road,Poor,Dusty/Smoggy,Daylight,Truck/Lorry,2,Wrong Overtaking,1,0,0,1,2,0,Medium
2020,7,Sunday,11,Punjab,Bahawalpur,Provincial Highway,Average,Foggy,Daylight,Van/Pickup,1,Signal Violation,0,1,0,0,1,0,Medium
2019,2,Saturday,15,Punjab,Rawalpindi,National Highway,Average,Clear,Dawn/Dusk,Motorcycle,1,Over Speeding,0,1,0,1,7,2,High
2020,6,Monday,7,Punjab,Rahim Yar Khan,National Highway,Average,Foggy,Street Light,Rickshaw,2,Over Speeding,1,0,0,0,10,1,High
2022,10,Sunday,12,KPK,Bannu,National Highway,Average,Clear,Daylight,Car/Taxi,1,Wrong Overtaking,1,1,0,0,1,0,Low
2023,8,Tuesday,9,Punjab,Gujranwala,Urban Road,Under Repair,Foggy,Daylight,Rickshaw,3,Wrong Overtaking,1,0,0,0,0,0,Low
2023,2,Wednesday,12,Sindh,Larkana,Rural Road,Poor,Clear,Daylight,Truck/Lorry,1,Signal Violation,1,0,0,1,2,0,Low
2023,8,Thursday,17,Punjab,Sialkot,Urban Road,Under Repair,Clear,Daylight,Motorcycle,2,Pedestrian Error,1,0,0,0,1,1,Medium
2018,7,Sunday,7,Punjab,Sargodha,National Highway,Good,Clear,No Light,Motorcycle,2,Over Speeding,1,1,0,0,7,1,High
2022,5,Thursday,21,KPK,Mansehra,Rural Road,Good,Clear,No Light,Motorcycle,2,Over Speeding,0,0,0,0,6,2,High
2023,8,Sunday,18,Islamabad,Islamabad,National Highway,Good,Clear,No Light,Car/Taxi,2,Over Speeding,1,1,0,0,4,1,Medium
2020,7,Sunday,20,Punjab,Sheikhupura,Urban Road,Good,Rainy,No Light,Motorcycle,1,Drunk Driving,1,1,0,0,10,1,High
2019,11,Thursday,13,Sindh,Karachi,Provincial Highway,Average,Rainy,Street Light,Motorcycle,2,Road Condition,1,0,0,1,1,1,Medium
2020,11,Tuesday,14,KPK,Swat,National Highway,Poor,Clear,Street Light,Motorcycle,4,Pedestrian Error,0,0,0,1,3,0,High
2023,6,Tuesday,16,Balochistan,Quetta,Urban Road,Average,Rainy,Dawn/Dusk,Truck/Lorry,2,Signal Violation,0,0,0,0,3,0,Medium
2018,4,Sunday,11,Balochistan,Dera Bugti,Urban Road,Poor,Clear,Daylight,Motorcycle,2,Road Condition,0,1,0,0,2,0,Low
2020,5,Friday,19,Sindh,Jacobabad,Provincial Highway,Poor,Clear,Daylight,Motorcycle,3,Driver Fatigue,1,0,0,0,9,4,High
2022,1,Tuesday,13,AJK,Muzaffarabad,Rural Road,Average,Rainy,Dawn/Dusk,Motorcycle,2,Mechanical Failure,1,0,0,1,5,0,Medium
2022,12,Tuesday,7,AJK,Muzaffarabad,National Highway,Poor,Clear,Daylight,Rickshaw,3,Signal Violation,1,0,0,1,0,0,Low
2019,8,Saturday,12,Sindh,Karachi,Provincial Highway,Average,Clear,Daylight,Motorcycle,2,Signal Violation,1,1,0,0,1,1,Medium
2021,8,Wednesday,18,Sindh,Thatta,Urban Road,Good,Dusty/Smoggy,Daylight,Truck/Lorry,4,Over Speeding,1,0,0,0,3,0,Medium
2020,4,Friday,17,KPK,Swat,Provincial Highway,Good,Clear,Street Light,Motorcycle,2,Over Speeding,1,0,0,0,2,0,Medium
2021,7,Thursday,17,Punjab,Rahim Yar Khan,National Highway,Average,Clear,Street Light,Rickshaw,2,Over Speeding,1,0,0,0,2,0,Medium
2020,6,Monday,18,KPK,Abbottabad,National Highway,Average,Clear,No Light,Motorcycle,2,Mechanical Failure,1,0,0,0,2,0,Medium
2020,5,Monday,1,Sindh,Dadu,Rural Road,Poor,Clear,Street Light,Truck/Lorry,2,Wrong Overtaking,0,0,1,0,5,0,Medium
2021,11,Thursday,13,Punjab,Faisalabad,Urban Road,Average,Clear,Daylight,Truck/Lorry,1,Over Speeding,1,0,0,1,5,1,Medium
2023,9,Thursday,19,Balochistan,Hub,Rural Road,Under Repair,Clear,No Light,Bus/Coach,3,Over Speeding,1,0,0,0,2,0,Medium
2023,2,Thursday,13,Islamabad,Islamabad,National Highway,Poor,Clear,Daylight,Bus/Coach,2,Driver Fatigue,1,0,0,1,8,2,High
2019,6,Thursday,13,Punjab,Faisalabad,Provincial Highway,Average,Clear,Daylight,Motorcycle,1,Signal Violation,1,0,0,0,2,2,Medium
2023,9,Friday,8,KPK,Abbottabad,Rural Road,Good,Clear,Daylight,Car/Taxi,1,Signal Violation,1,0,0,0,1,0,Low
2021,8,Wednesday,8,Punjab,Gujranwala,National Highway,Good,Dusty/Smoggy,Daylight,Bus/Coach,1,Mechanical Failure,1,0,0,0,2,0,Low
2023,5,Saturday,12,Sindh,Hyderabad,National Highway,Average,Rainy,Daylight,Motorcycle,4,Road Condition,1,1,0,0,10,1,High
2021,3,Wednesday,0,Sindh,Jacobabad,Rural Road,Average,Clear,No Light,Motorcycle,3,Pedestrian Error,0,0,1,0,3,0,Medium
2018,7,Thursday,1,Sindh,Hyderabad,Provincial Highway,Good,Rainy,Street Light,Motorcycle,2,Pedestrian Error,0,0,1,0,3,1,High
2020,6,Wednesday,8,Sindh,Kashmore,Provincial Highway,Average,Clear,Street Light,Motorcycle,3,Wrong Overtaking,1,0,0,0,5,0,Medium
2023,11,Friday,12,Balochistan,Hub,National Highway,Average,Extreme Heat,Daylight,Truck/Lorry,2,Drunk Driving,1,0,0,1,3,0,Medium
2023,8,Saturday,22,KPK,Kohat,National Highway,Good,Clear,Street Light,Motorcycle,2,Mechanical Failure,0,1,1,0,10,1,High
2021,8,Thursday,19,Punjab,Rawalpindi,Rural Road,Poor,Clear,Dawn/Dusk,Motorcycle,3,Driver Fatigue,1,0,0,0,3,2,Medium
2022,12,Wednesday,23,KPK,Mardan,National Highway,Good,Dusty/Smoggy,No Light,Motorcycle,3,Wrong Overtaking,0,0,1,1,4,1,High
2021,6,Wednesday,12,Islamabad,Islamabad,Urban Road,Average,Clear,Street Light,Bicycle,3,Mechanical Failure,1,0,0,0,2,0,Low
2018,3,Saturday,21,Punjab,Bahawalpur,Provincial Highway,Under Repair,Clear,No Light,Car/Taxi,4,Mobile Phone Use,0,1,0,0,0,0,Low
2019,4,Monday,7,Punjab,Sialkot,Provincial Highway,Poor,Clear,Daylight,Car/Taxi,3,Driver Fatigue,1,0,0,0,5,0,Medium
2021,11,Friday,22,Balochistan,Dera Bugti,National Highway,Average,Dusty/Smoggy,No Light,Bus/Coach,1,Signal Violation,0,0,1,1,4,2,High
2019,1,Sunday,10,KPK,Kohat,National Highway,Good,Rainy,Daylight,Motorcycle,2,Over Speeding,0,1,0,1,9,0,High
2023,5,Sunday,22,Islamabad,Islamabad,Provincial Highway,Good,Clear,Street Light,Bus/Coach,4,Road Condition,0,1,1,0,0,0,Low
2023,8,Tuesday,10,Punjab,Rawalpindi,Motorway,Good,Clear,Dawn/Dusk,Motorcycle,2,Wrong Overtaking,0,0,0,0,2,0,Medium
2021,9,Wednesday,0,Balochistan,Dera Bugti,Rural Road,Poor,Rainy,No Light,Motorcycle,2,Road Condition,0,0,1,0,4,0,Medium
2023,7,Friday,11,KPK,Peshawar,Provincial Highway,Average,Clear,Daylight,Rickshaw,1,Road Condition,0,0,0,0,1,0,Low
2021,5,Friday,18,KPK,Dera Ismail Khan,Urban Road,Under Repair,Extreme Heat,Daylight,Car/Taxi,3,Over Speeding,1,0,0,0,2,0,Low
2021,12,Tuesday,14,Sindh,Mirpur Khas,Urban Road,Average,Clear,Daylight,Truck/Lorry,1,Mechanical Failure,0,0,0,1,0,0,Low
2023,3,Friday,16,Punjab,Lahore,Rural Road,Good,Extreme Heat,Daylight,Car/Taxi,3,Pedestrian Error,0,0,0,0,1,0,Low
2019,11,Saturday,22,Sindh,Karachi,Urban Road,Under Repair,Clear,Street Light,Motorcycle,2,Wrong Overtaking,0,1,1,1,5,1,Medium
2022,6,Thursday,7,Punjab,Rawalpindi,Rural Road,Good,Clear,Daylight,Bus/Coach,2,Road Condition,1,0,0,0,2,0,Low
2023,12,Saturday,11,Sindh,Hyderabad,Urban Road,Average,Clear,Street Light,Bus/Coach,2,Weather Condition,0,1,0,1,0,0,Low
2018,6,Sunday,19,KPK,Kohat,National Highway,Poor,Dusty/Smoggy,Street Light,Car/Taxi,2,Over Speeding,1,1,0,0,5,0,Medium
2018,2,Friday,3,Sindh,Mirpur Khas,Provincial Highway,Average,Dusty/Smoggy,Street Light,Truck/Lorry,1,Wrong Overtaking,0,0,1,1,5,0,Medium
2022,6,Monday,5,Punjab,Sargodha,National Highway,Good,Rainy,Dawn/Dusk,Motorcycle,2,Signal Violation,0,0,1,0,5,1,High
2020,4,Tuesday,17,Sindh,Mirpur Khas,Urban Road,Under Repair,Foggy,Daylight,Bus/Coach,2,Signal Violation,1,0,0,0,2,0,Medium
2022,5,Monday,20,Punjab,Sargodha,Provincial Highway,Good,Clear,No Light,Motorcycle,3,Road Condition,1,0,0,0,1,0,Medium
2020,7,Wednesday,18,Punjab,Bahawalpur,Rural Road,Average,Clear,Daylight,Car/Taxi,3,Over Speeding,1,0,0,0,0,0,Low
2022,11,Friday,17,Punjab,Lahore,Provincial Highway,Good,Clear,Daylight,Motorcycle,2,Driver Fatigue,1,0,0,1,11,1,High
2018,2,Wednesday,7,KPK,Swat,Provincial Highway,Good,Foggy,Daylight,Car/Taxi,4,Signal Violation,1,0,0,1,3,0,Medium
2021,7,Wednesday,22,KPK,Peshawar,Urban Road,Poor,Rainy,Street Light,Truck/Lorry,1,Signal Violation,0,0,1,0,5,1,Medium
2021,12,Friday,11,Sindh,Nawabshah,Urban Road,Good,Foggy,Daylight,Car/Taxi,3,Road Condition,0,0,0,1,2,0,Low
2022,5,Friday,20,Balochistan,Gwadar,Rural Road,Good,Clear,No Light,Motorcycle,4,Over Speeding,1,0,0,0,9,1,High
2021,11,Wednesday,8,Punjab,Sheikhupura,National Highway,Good,Extreme Heat,Daylight,Motorcycle,1,Weather Condition,1,0,0,1,5,2,High
2023,7,Thursday,8,Islamabad,Islamabad,National Highway,Good,Dusty/Smoggy,Daylight,Motorcycle,2,Wrong Overtaking,1,0,0,0,2,3,High
2020,1,Sunday,14,Islamabad,Islamabad,Urban Road,Under Repair,Foggy,Daylight,Truck/Lorry,2,Wrong Overtaking,0,1,0,1,0,0,Low
2023,11,Monday,2,Sindh,Karachi,Rural Road,Average,Extreme Heat,Street Light,Rickshaw,3,Mechanical Failure,0,0,1,1,2,0,Low
2018,7,Saturday,18,Punjab,Sargodha,Urban Road,Good,Dusty/Smoggy,Daylight,Car/Taxi,2,Mechanical Failure,1,1,0,0,0,0,Low
2020,5,Sunday,18,Sindh,Thatta,Provincial Highway,Average,Clear,Daylight,Rickshaw,1,Driver Fatigue,1,1,0,0,3,1,Medium
2018,8,Tuesday,6,Punjab,Lahore,National Highway,Under Repair,Rainy,Daylight,Motorcycle,4,Signal Violation,0,0,0,0,7,3,High
2021,7,Tuesday,16,Sindh,Larkana,Motorway,Poor,Rainy,Daylight,Car/Taxi,3,Driver Fatigue,0,0,0,0,8,1,High
2022,1,Saturday,18,Punjab,Lahore,Provincial Highway,Average,Dusty/Smoggy,Dawn/Dusk,Bus/Coach,2,Over Speeding,1,1,0,1,9,1,High
2018,2,Friday,15,Sindh,Nawabshah,National Highway,Good,Clear,Daylight,Car/Taxi,3,Driver Fatigue,0,0,0,1,5,0,Medium
2018,12,Thursday,14,Punjab,Rawalpindi,Motorway,Average,Dusty/Smoggy,Daylight,Motorcycle,2,Road Condition,0,0,0,1,2,0,Medium
2022,1,Friday,20,Punjab,Gujranwala,National Highway,Average,Clear,Street Light,Car/Taxi,2,Over Speeding,1,0,0,1,2,1,Medium
2023,1,Monday,2,Punjab,Lahore,Rural Road,Good,Dusty/Smoggy,Street Light,Motorcycle,3,Over Speeding,0,0,1,1,1,2,Medium
2023,12,Tuesday,13,Punjab,Lahore,Provincial Highway,Average,Extreme Heat,Dawn/Dusk,Van/Pickup,2,Over Speeding,1,0,0,1,3,0,Medium
2021,12,Saturday,8,KPK,Nowshera,Rural Road,Average,Foggy,Daylight,Bus/Coach,4,Over Speeding,1,1,0,1,1,1,Medium
2021,12,Tuesday,16,Punjab,Sialkot,National Highway,Good,Clear,Daylight,Rickshaw,2,Signal Violation,0,0,0,1,3,1,Medium
2020,12,Friday,13,KPK,Bannu,Urban Road,Under Repair,Rainy,Dawn/Dusk,Car/Taxi,4,Mobile Phone Use,1,0,0,1,0,0,Low
2020,3,Tuesday,10,Sindh,Mirpur Khas,Urban Road,Good,Rainy,Street Light,Motorcycle,3,Wrong Overtaking,0,0,0,0,3,0,Medium
2021,6,Friday,13,Punjab,Lahore,Provincial Highway,Good,Clear,Dawn/Dusk,Bus/Coach,1,Signal Violation,1,0,0,0,5,0,Medium
2020,8,Sunday,13,Punjab,Bahawalpur,Provincial Highway,Good,Dusty/Smoggy,Daylight,Motorcycle,3,Pedestrian Error,1,1,0,0,0,0,Low
2019,6,Sunday,18,Sindh,Karachi,National Highway,Average,Clear,Daylight,Motorcycle,1,Drunk Driving,1,1,0,0,2,0,High
2020,12,Tuesday,19,Balochistan,Quetta,Provincial Highway,Average,Clear,Street Light,Motorcycle,1,Over Speeding,1,0,0,1,7,3,High
2021,8,Tuesday,9,Punjab,Rahim Yar Khan,Provincial Highway,Average,Clear,No Light,Car/Taxi,1,Mobile Phone Use,1,0,0,0,0,0,Low
2022,11,Thursday,15,Sindh,Dadu,National Highway,Poor,Foggy,Daylight,Motorcycle,3,Mechanical Failure,0,0,0,1,2,0,High
2023,8,Monday,0,KPK,Nowshera,Urban Road,Average,Clear,Street Light,Motorcycle,1,Over Speeding,0,0,1,0,2,0,Medium
2022,5,Wednesday,9,KPK,Kohat,National Highway,Poor,Rainy,Dawn/Dusk,Bus/Coach,4,Over Speeding,1,0,0,0,7,2,High
2021,12,Wednesday,15,Islamabad,Islamabad,Urban Road,Poor,Dusty/Smoggy,Daylight,Car/Taxi,1,Over Speeding,0,0,0,1,2,0,Low
2022,5,Saturday,21,Sindh,Mirpur Khas,Motorway,Good,Clear,No Light,Other,3,Signal Violation,0,1,0,0,5,1,Medium
2019,6,Friday,10,Punjab,Rahim Yar Khan,Rural Road,Good,Clear,Daylight,Truck/Lorry,2,Signal Violation,0,0,0,0,1,0,Low
2023,4,Wednesday,18,KPK,Charsadda,Rural Road,Good,Clear,Street Light,Motorcycle,2,Signal Violation,1,0,0,0,2,2,Medium
2022,8,Tuesday,12,Punjab,Rawalpindi,National Highway,Average,Clear,Daylight,Motorcycle,2,Over Speeding,1,0,0,0,5,1,High
2023,5,Sunday,17,Punjab,Lahore,Provincial Highway,Under Repair,Foggy,Daylight,Car/Taxi,4,Pedestrian Error,1,1,0,0,1,0,Low
2020,8,Saturday,16,Sindh,Mirpur Khas,Provincial Highway,Good,Clear,Daylight,Car/Taxi,4,Signal Violation,0,1,0,0,1,1,Low
2020,12,Tuesday,21,KPK,Kohat,National Highway,Good,Rainy,No Light,Van/Pickup,2,Pedestrian Error,0,0,0,1,1,0,Medium
2023,1,Monday,7,KPK,Nowshera,Provincial Highway,Average,Rainy,Daylight,Motorcycle,1,Weather Condition,1,0,0,1,5,2,Medium
2018,11,Sunday,13,Punjab,Rahim Yar Khan,Provincial Highway,Good,Foggy,Street Light,Car/Taxi,3,Wrong Overtaking,1,1,0,1,0,0,Low
2018,5,Friday,13,AJK,Rawalakot,Urban Road,Good,Clear,No Light,Motorcycle,1,Signal Violation,1,0,0,0,2,1,Medium
2020,11,Sunday,12,Punjab,Sargodha,Urban Road,Average,Clear,No Light,Motorcycle,2,Over Speeding,1,1,0,1,3,3,High
2018,7,Sunday,15,Punjab,Sheikhupura,Provincial Highway,Average,Dusty/Smoggy,Daylight,Bicycle,3,Wrong Overtaking,0,1,0,0,10,2,High
2022,6,Monday,17,KPK,Peshawar,Provincial Highway,Poor,Clear,Daylight,Motorcycle,2,Over Speeding,1,0,0,0,2,3,High
2019,5,Monday,10,Balochistan,Chaman,Provincial Highway,Average,Foggy,Street Light,Car/Taxi,2,Drunk Driving,0,0,0,0,3,0,High
2022,4,Saturday,8,Sindh,Dadu,Rural Road,Average,Clear,Daylight,Motorcycle,2,Over Speeding,1,1,0,0,1,0,Medium
2019,5,Saturday,5,Sindh,Hyderabad,Provincial Highway,Poor,Rainy,Dawn/Dusk,Car/Taxi,3,Over Speeding,0,1,1,0,8,0,High
2019,10,Saturday,22,Sindh,Larkana,Rural Road,Average,Clear,No Light,Motorcycle,1,Wrong Overtaking,0,1,1,0,2,2,Medium
2023,8,Monday,7,Punjab,Bahawalpur,National Highway,Average,Foggy,Daylight,Motorcycle,2,Over Speeding,1,0,0,0,9,2,High
2022,1,Tuesday,19,KPK,Charsadda,Rural Road,Average,Foggy,Dawn/Dusk,Van/Pickup,4,Over Speeding,1,0,0,1,0,0,Low
2021,5,Wednesday,16,Punjab,Rawalpindi,National Highway,Good,Clear,Daylight,Car/Taxi,2,Over Speeding,0,0,0,0,11,1,High
2018,6,Tuesday,13,Islamabad,Islamabad,National Highway,Poor,Clear,Daylight,Truck/Lorry,2,Over Speeding,1,0,0,0,5,4,High
2020,1,Saturday,12,Punjab,Lahore,Motorway,Average,Dusty/Smoggy,No Light,Rickshaw,1,Over Speeding,1,1,0,1,1,0,Medium
2020,7,Saturday,17,Punjab,Sargodha,National Highway,Average,Clear,Dawn/Dusk,Motorcycle,2,Wrong Overtaking,1,1,0,0,4,2,High
2018,11,Sunday,12,Sindh,Karachi,National Highway,Average,Rainy,Street Light,Car/Taxi,1,Over Speeding,1,1,0,1,7,1,High
2018,7,Wednesday,20,Sindh,Jacobabad,National Highway,Good,Clear,No Light,Car/Taxi,1,Signal Violation,1,0,0,0,5,1,Medium
2018,10,Wednesday,5,Punjab,Bahawalpur,National Highway,Poor,Clear,No Light,Bus/Coach,1,Signal Violation,0,0,1,0,2,3,High
2023,10,Saturday,7,Punjab,Rawalpindi,Provincial Highway,Average,Extreme Heat,Daylight,Motorcycle,2,Mechanical Failure,1,1,0,0,5,0,Medium
2023,9,Tuesday,22,Punjab,Rahim Yar Khan,National Highway,Good,Clear,No Light,Motorcycle,4,Wrong Overtaking,0,0,1,0,3,1,High
2020,10,Wednesday,13,KPK,Mardan,Rural Road,Average,Clear,Daylight,Car/Taxi,2,Over Speeding,1,0,0,0,0,0,Low
2021,5,Thursday,19,Sindh,Larkana,National Highway,Under Repair,Clear,Street Light,Motorcycle,3,Over Speeding,1,0,0,0,5,0,High
2018,10,Sunday,14,Sindh,Karachi,Provincial Highway,Average,Dusty/Smoggy,Daylight,Van/Pickup,1,Pedestrian Error,0,1,0,0,0,0,Low
2020,8,Saturday,18,Sindh,Hyderabad,Urban Road,Average,Rainy,Daylight,Rickshaw,2,Over Speeding,1,1,0,0,1,1,Medium
2019,10,Thursday,11,Sindh,Dadu,Urban Road,Poor,Dusty/Smoggy,Daylight,Motorcycle,2,Wrong Overtaking,0,0,0,0,1,0,Medium
2023,11,Tuesday,17,KPK,Charsadda,Urban Road,Average,Clear,Daylight,Truck/Lorry,1,Wrong Overtaking,1,0,0,1,2,0,Low
2022,3,Sunday,18,Sindh,Dadu,Rural Road,Average,Foggy,Daylight,Motorcycle,2,Pedestrian Error,1,1,0,0,5,0,Medium
2023,2,Friday,8,Punjab,Lahore,Rural Road,Good,Extreme Heat,Daylight,Car/Taxi,1,Signal Violation,1,0,0,1,2,0,Low
2020,4,Monday,10,Sindh,Kashmore,Urban Road,Good,Clear,No Light,Motorcycle,1,Wrong Overtaking,0,0,0,0,2,0,Medium
2021,4,Tuesday,18,Punjab,Sialkot,Urban Road,Poor,Rainy,Daylight,Motorcycle,2,Over Speeding,1,0,0,0,11,0,High
2022,5,Thursday,22,Sindh,Karachi,Provincial Highway,Good,Rainy,No Light,Rickshaw,3,Wrong Overtaking,0,0,1,0,9,0,High
2018,7,Wednesday,21,Sindh,Jacobabad,Provincial Highway,Average,Clear,No Light,Van/Pickup,2,Signal Violation,0,0,0,0,1,0,Low
2019,9,Saturday,8,Punjab,Rahim Yar Khan,Motorway,Average,Foggy,No Light,Motorcycle,2,Over Speeding,1,1,0,0,7,2,High
2021,12,Friday,10,KPK,Kohat,Urban Road,Good,Extreme Heat,Daylight,Motorcycle,2,Signal Violation,0,0,0,1,2,0,Medium
2022,8,Sunday,16,Punjab,Bahawalpur,Urban Road,Good,Clear,Daylight,Bus/Coach,1,Over Speeding,0,1,0,0,4,0,Medium
2023,10,Friday,0,Islamabad,Islamabad,National Highway,Poor,Rainy,No Light,Van/Pickup,2,Road Condition,0,0,1,0,3,4,High