year,month,day_of_week,hour_of_day,province,district,road_type,road_condition,weather_condition,lighting_condition,vehicle_type,vehicles_involved,accident_cause,is_rush_hour,is_weekend,is_night,is_foggy_month,num_injured,num_killed,severity
2023,8,Sunday,4,Punjab,Sialkot,Provincial Highway,Poor,Clear,Street Light,Car/Taxi,4,Over Speeding,0,1,1,0,5,1,Medium
2023,1,Wednesday,21,Gilgit-Baltistan,Gilgit,National Highway,Good,Rainy,Street Light,Motorcycle,2,Over Speeding,0,0,0,1,4,0,High
2022,6,Monday,10,Sindh,Jacobabad,Provincial Highway,Average,Rainy,Daylight,Motorcycle,2,Driver Fatigue,0,0,0,0,4,1,High
2021,1,Saturday,6,Punjab,Sialkot,Provincial Highway,Good,Clear,Dawn/Dusk,Motorcycle,2,Mechanical Failure,0,1,0,1,2,0,Low
2018,8,Thursday,16,Punjab,Rawalpindi,Rural Road,Good,Foggy,Daylight,Car/Taxi,1,Wrong Overtaking,0,0,0,0,2,0,Low
2023,11,Sunday,11,Punjab,Bahawalpur,Provincial Highway,Average,Clear,Daylight,Car/Taxi,2,Over Speeding,0,1,0,1,2,0,Low
2023,3,Sunday,5,Punjab,Rawalpindi,Motorway,Good,Rainy,No Light,Motorcycle,2,Road Condition,0,1,1,0,11,2,High
2020,4,Saturday,23,Punjab,Bahawalpur,Rural Road,Good,Clear,Street Light,Car/Taxi,1,Over Speeding,0,1,1,0,5,0,Medium
2021,11,Monday,12,Punjab,Gujranwala,National Highway,Poor,Foggy,Daylight,Motorcycle,1,Wrong Overtaking,1,0,0,1,11,1,High
2023,12,Tuesday,10,Punjab,Rahim Yar Khan,National Highway,Good,Dusty/Smoggy,Daylight,Car/Taxi,4,Mobile Phone Use,0,0,0,1,1,0,Low
2020,7,Wednesday,10,Sindh,Sukkur,Rural Road,Under Repair,Clear,Daylight,Car/Taxi,1,Mechanical Failure,0,0,0,0,2,0,Low
2022,8,Tuesday,7,Punjab,Bahawalpur,Motorway,Good,Foggy,Street Light,Car/Taxi,2,Over Speeding,1,0,0,0,1,0,Medium
2022,4,Tuesday,22,Sindh,Hyderabad,National Highway,Good,Clear,No Light,Bus/Coach,2,Wrong Overtaking,0,0,1,0,10,1,High
2023,3,Saturday,17,Punjab,Rahim Yar Khan,Provincial Highway,Good,Extreme Heat,Daylight,Motorcycle,2,Mechanical Failure,1,1,0,0,1,0,Low
2021,1,Thursday,14,Balochistan,Quetta,National Highway,Under Repair,Rainy,Daylight,Car/Taxi,3,Signal Violation,0,0,0,1,7,1,High
2020,10,Friday,6,Sindh,Thatta,National Highway,Poor,Clear,Dawn/Dusk,Car/Taxi,1,Wrong Overtaking,0,0,0,0,1,0,Medium
2021,3,Thursday,20,Sindh,Thatta,Provincial Highway,Poor,Clear,No Light,Rickshaw,3,Over Speeding,1,0,0,0,2,0,Medium
2019,7,Monday,5,Punjab,Multan,Urban Road,Average,Rainy,No Light,Bus/Coach,2,Wrong Overtaking,0,0,1,0,7,2,High
2023,10,Tuesday,12,Sindh,Jacobabad,National Highway,Average,Clear,Daylight,Car/Taxi,4,Signal Violation,1,0,0,0,1,0,Medium
2019,9,Sunday,8,Punjab,Rawalpindi,Urban Road,Good,Clear,Daylight,Car/Taxi,2,Wrong Overtaking,1,1,0,0,2,0,Low
2020,2,Monday,16,Islamabad,Islamabad,Provincial Highway,Good,Rainy,Daylight,Motorcycle,3,Drunk Driving,0,0,0,1,3,2,High
2020,11,Saturday,21,Balochistan,Sibi,National Highway,Poor,Clear,No Light,Bus/Coach,2,Wrong Overtaking,0,1,0,1,2,0,Medium
2019,6,Saturday,8,Sindh,Karachi,National Highway,Average,Dusty/Smoggy,Street Light,Car/Taxi,2,Driver Fatigue,1,1,0,0,9,2,High
2023,3,Thursday,9,KPK,Charsadda,National Highway,Poor,Clear,Daylight,Van/Pickup,2,Wrong Overtaking,1,0,0,0,3,0,Medium
2021,8,Friday,6,Sindh,Jacobabad,Provincial Highway,Good,Clear,Daylight,Bus/Coach,1,Wrong Overtaking,0,0,0,0,3,1,Medium
2023,3,Sunday,1,Punjab,Bahawalpur,Urban Road,Good,Clear,No Light,Motorcycle,1,Wrong Overtaking,0,1,1,0,5,0,Medium
2020,6,Tuesday,11,KPK,Kohat,Urban Road,Average,Clear,Daylight,Car/Taxi,4,Over Speeding,0,0,0,0,5,1,Medium
2020,11,Monday,19,Punjab,Bahawalpur,Provincial Highway,Under Repair,Foggy,Daylight,Motorcycle,1,Wrong Overtaking,1,0,0,1,10,2,High
2023,10,Saturday,15,KPK,Nowshera,Urban Road,Poor,Clear,Daylight,Motorcycle,3,Road Condition,0,1,0,0,5,0,Medium
2021,7,Friday,7,Punjab,Sargodha,Rural Road,Average,Clear,Daylight,Motorcycle,2,Driver Fatigue,1,0,0,0,3,0,Medium
2023,3,Monday,19,Punjab,Gujranwala,National Highway,Good,Clear,No Light,Motorcycle,3,Signal Violation,1,0,0,0,11,3,High
2023,10,Saturday,15,Sindh,Jacobabad,Motorway,Poor,Clear,Daylight,Car/Taxi,1,Wrong Overtaking,0,1,0,0,4,0,Medium
2022,9,Sunday,17,Punjab,Rahim Yar Khan,Motorway,Poor,Clear,Daylight,Motorcycle,2,Driver Fatigue,1,1,0,0,4,1,High
2023,11,Thursday,15,KPK,Peshawar,Provincial Highway,Average,Extreme Heat,Daylight,Car/Taxi,2,Wrong Overtaking,0,0,0,1,4,0,Medium
2023,9,Saturday,21,Sindh,Thatta,Urban Road,Poor,Dusty/Smoggy,No Light,Van/Pickup,2,Pedestrian Error,0,1,0,0,1,0,Low
2018,9,Friday,19,Islamabad,Islamabad,Urban Road,Average,Rainy,Dawn/Dusk,Rickshaw,2,Over Speeding,1,0,0,0,5,2,Medium
2019,8,Wednesday,21,Punjab,Sheikhupura,Urban Road,Poor,Clear,No Light,Motorcycle,3,Over Speeding,0,0,0,0,3,1,Medium
2023,5,Monday,13,KPK,Dera Ismail Khan,National Highway,Good,Clear,Daylight,Motorcycle,2,Wrong Overtaking,1,0,0,0,5,0,Medium
2021,12,Wednesday,14,KPK,Swat,Urban Road,Average,Clear,Street Light,Rickshaw,2,Over Speeding,0,0,0,1,2,0,Low
2023,6,Friday,17,Punjab,Gujranwala,Urban Road,Poor,Foggy,Street Light,Van/Pickup,2,Wrong Overtaking,1,0,0,0,2,0,Low
2023,12,Monday,23,KPK,Nowshera,Urban Road,Good,Foggy,No Light,Bus/Coach,4,Signal Violation,0,0,1,1,3,0,Medium
2023,10,Thursday,8,Punjab,Sialkot,National Highway,Average,Rainy,Daylight,Motorcycle,2,Road Condition,1,0,0,0,1,0,Medium
2021,9,Saturday,7,Punjab,Sialkot,National Highway,Average,Clear,Daylight,Truck/Lorry,3,Over Speeding,1,1,0,0,2,1,High
2023,11,Wednesday,11,Punjab,Sargodha,National Highway,Under Repair,Clear,Daylight,Motorcycle,3,Pedestrian Error,0,0,0,1,7,0,High
2023,4,Sunday,20,KPK,Bannu,Provincial Highway,Poor,Clear,Street Light,Truck/Lorry,2,Over Speeding,1,1,0,0,1,1,Medium
2020,12,Monday,16,Punjab,Faisalabad,National Highway,Good,Clear,Daylight,Bicycle,2,Wrong Overtaking,0,0,0,1,11,0,High
2019,7,Sunday,7,Punjab,Gujranwala,Provincial Highway,Poor,Rainy,No Light,Motorcycle,3,Drunk Driving,1,1,0,0,10,0,High
2022,1,Sunday,8,Sindh,Jacobabad,National Highway,Good,Clear,Daylight,Motorcycle,2,Signal Violation,1,1,0,1,11,3,High
2019,6,Tuesday,19,Punjab,Lahore,Provincial Highway,Good,Foggy,Daylight,Rickshaw,2,Road Condition,1,0,0,0,1,1,Low
2018,3,Tuesday,7,KPK,Nowshera,Provincial Highway,Poor,Rainy,Daylight,Bicycle,3,Over Speeding,1,0,0,0,6,0,High
2023,11,Wednesday,12,Punjab,Sheikhupura,Provincial Highway,Average,Clear,Daylight,Rickshaw,1,Wrong Overtaking,1,0,0,1,1,0,Low
2021,7,Tuesday,10,Punjab,Sheikhupura,Provincial Highway,Good,Dusty/Smoggy,Daylight,Motorcycle,1,Mobile Phone Use,0,0,0,0,1,0,Medium
2018,2,Friday,20,Punjab,Sargodha,Provincial Highway,Poor,Clear,No Light,Motorcycle,2,Over Speeding,1,0,0,1,5,0,High
2020,11,Monday,16,Sindh,Kashmore,Rural Road,Good,Clear,Dawn/Dusk,Bus/Coach,2,Pedestrian Error,0,0,0,1,2,0,Low
2023,3,Sunday,7,KPK,Mansehra,National Highway,Poor,Rainy,Daylight,Motorcycle,4,Wrong Overtaking,1,1,0,0,4,1,High
2022,4,Sunday,21,Sindh,Kashmore,Provincial Highway,Average,Rainy,No Light,Car/Taxi,2,Signal Violation,0,1,0,0,2,1,Medium
2023,2,Thursday,7,Balochistan,Quetta,Motorway,Under Repair,Clear,Daylight,Motorcycle,4,Wrong Overtaking,1,0,0,1,1,0,Medium
2019,12,Wednesday,5,Punjab,Sialkot,Urban Road,Good,Foggy,Dawn/Dusk,Motorcycle,1,Over Speeding,0,0,1,1,9,0,High
2022,8,Sunday,13,Sindh,Larkana,Urban Road,Good,Foggy,Daylight,Car/Taxi,1,Over Speeding,1,1,0,0,0,0,Low
2022,7,Monday,18,Sindh,Larkana,National Highway,Poor,Clear,Daylight,Motorcycle,2,Drunk Driving,1,0,0,0,3,1,High
2022,9,Sunday,10,KPK,Mardan,National Highway,Average,Foggy,Daylight,Rickshaw,1,Pedestrian Error,0,1,0,0,2,1,Medium
2023,6,Monday,9,AJK,Mirpur,National Highway,Average,Clear,Daylight,Car/Taxi,1,Pedestrian Error,1,0,0,0,2,0,Low
2021,12,Thursday,17,Sindh,Thatta,Rural Road,Average,Clear,Dawn/Dusk,Car/Taxi,2,Wrong Overtaking,1,0,0,1,0,0,Low
2019,7,Saturday,7,Punjab,Sheikhupura,Urban Road,Average,Clear,Daylight,Car/Taxi,1,Road Condition,1,1,0,0,2,0,Low
2023,10,Monday,9,Balochistan,Quetta,Motorway,Good,Foggy,Daylight,Rickshaw,2,Pedestrian Error,1,0,0,0,4,1,Medium
2019,4,Saturday,19,Punjab,Sargodha,Urban Road,Average,Clear,Dawn/Dusk,Motorcycle,2,Signal Violation,1,1,0,0,2,1,Medium
2022,2,Tuesday,20,Punjab,Sargodha,Motorway,Good,Clear,Street Light,Truck/Lorry,3,Road Condition,1,0,0,1,3,0,Medium
2020,5,Saturday,13,Sindh,Jacobabad,Provincial Highway,Poor,Clear,Daylight,Truck/Lorry,3,Over Speeding,1,1,0,0,3,1,Medium
2018,4,Saturday,15,Punjab,Multan,National Highway,Poor,Clear,Daylight,Motorcycle,2,Pedestrian Error,0,1,0,0,4,0,Medium
2022,7,Saturday,6,Punjab,Sialkot,Rural Road,Poor,Clear,Daylight,Other,3,Road Condition,0,1,0,0,2,0,Low
2023,10,Tuesday,12,AJK,Rawalakot,Provincial Highway,Poor,Clear,Street Light,Motorcycle,1,Wrong Overtaking,1,0,0,0,5,0,Medium
2019,12,Saturday,9,Punjab,Rahim Yar Khan,Motorway,Poor,Foggy,Street Light,Motorcycle,2,Mechanical Failure,1,1,0,1,2,0,Medium
2018,10,Wednesday,10,KPK,Bannu,National Highway,Poor,Clear,Dawn/Dusk,Car/Taxi,3,Wrong Overtaking,0,0,0,0,1,0,Medium
2019,1,Friday,12,Punjab,Sheikhupura,National Highway,Good,Clear,Daylight,Motorcycle,1,Over Speeding,1,0,0,1,6,3,High
2023,4,Friday,20,Punjab,Multan,Urban Road,Good,Foggy,No Light,Motorcycle,2,Over Speeding,1,0,0,0,6,1,High
2018,5,Thursday,16,Punjab,Faisalabad,Provincial Highway,Good,Clear,Street Light,Motorcycle,2,Wrong Overtaking,0,0,0,0,9,3,High
2019,4,Saturday,12,Sindh,Hyderabad,Provincial Highway,Average,Clear,Daylight,Motorcycle,4,Wrong Overtaking,1,1,0,0,2,0,Medium
2023,9,Tuesday,19,Punjab,Faisalabad,Urban Road,Good,Foggy,Dawn/Dusk,Motorcycle,4,Over Speeding,1,0,0,0,2,1,Medium
2019,12,Thursday,20,KPK,Peshawar,Urban Road,Good,Rainy,No Light,Car/Taxi,1,Pedestrian Error,1,0,0,1,2,1,Low
2018,12,Wednesday,14,KPK,Dera Ismail Khan,Provincial Highway,Poor,Clear,Daylight,Motorcycle,1,Signal Violation,0,0,0,1,10,2,High
2020,1,Monday,21,Sindh,Jacobabad,National Highway,Good,Rainy,Street Light,Motorcycle,2,Over Speeding,0,0,0,1,10,2,High
2020,4,Thursday,9,Punjab,Sialkot,Provincial Highway,Average,Foggy,No Light,Bus/Coach,3,Over Speeding,1,0,0,0,8,1,High
2022,2,Thursday,10,Punjab,Gujranwala,Provincial Highway,Poor,Clear,Daylight,Motorcycle,2,Signal Violation,0,0,0,1,5,1,High
2022,2,Monday,15,Sindh,Sukkur,Urban Road,Good,Extreme Heat,Daylight,Bus/Coach,2,Pedestrian Error,0,0,0,1,2,0,Low
2022,8,Sunday,17,KPK,Abbottabad,Provincial Highway,Poor,Dusty/Smoggy,Daylight,Truck/Lorry,4,Pedestrian Error,1,1,0,0,2,0,Medium
2021,5,Friday,16,Sindh,Karachi,National Highway,Average,Clear,Dawn/Dusk,Bus/Coach,2,Wrong Overtaking,0,0,0,0,4,0,Medium
2021,7,Tuesday,18,Sindh,Karachi,Urban Road,Average,Extreme Heat,Daylight,Motorcycle,1,Drunk Driving,1,0,0,0,10,1,High
2020,6,Thursday,14,Balochistan,Dera Bugti,Motorway,Poor,Foggy,Daylight,Motorcycle,1,Over Speeding,0,0,0,0,11,1,High
2023,12,Saturday,17,Punjab,Bahawalpur,National Highway,Good,Clear,Daylight,Rickshaw,2,Over Speeding,1,1,0,1,4,1,Medium
2020,4,Thursday,10,Punjab,Sialkot,Urban Road,Average,Clear,Daylight,Motorcycle,1,Wrong Overtaking,0,0,0,0,4,0,Medium
2020,6,Friday,8,Sindh,Mirpur Khas,Rural Road,Poor,Dusty/Smoggy,Street Light,Motorcycle,2,Wrong Overtaking,1,0,0,0,2,1,Medium
2021,8,Wednesday,2,Punjab,Multan,Motorway,Good,Clear,No Light,Truck/Lorry,1,Driver Fatigue,0,0,1,0,10,2,High
2022,2,Wednesday,0,Gilgit-Baltistan,Skardu,Rural Road,Good,Clear,No Light,Motorcycle,2,Wrong Overtaking,0,0,1,1,3,0,Medium
2023,3,Thursday,8,Sindh,Dadu,Rural Road,Good,Rainy,Daylight,Motorcycle,2,Wrong Overtaking,1,0,0,0,4,2,Medium
2018,5,Saturday,10,Punjab,Lahore,National Highway,Poor,Clear,Street Light,Car/Taxi,1,Over Speeding,0,1,0,0,4,1,High
2021,7,Thursday,21,Punjab,Faisalabad,Provincial Highway,Average,Clear,No Light,Truck/Lorry,1,Drunk Driving,0,0,0,0,3,0,Medium
2023,1,Friday,17,Sindh,Larkana,Provincial Highway,Good,Clear,Daylight,Motorcycle,2,Over Speeding,1,0,0,1,6,1,High
2018,3,Thursday,21,Sindh,Nawabshah,Urban Road,Good,Clear,Street Light,Car/Taxi,2,Wrong Overtaking,0,0,0,0,1,0,Low
2018,1,Saturday,19,AJK,Mirpur,National Highway,Poor,Rainy,No Light,Car/Taxi,2,Wrong Overtaking,1,1,0,1,1,0,Medium
2022,4,Tuesday,0,Sindh,Sukkur,National Highway,Average,Clear,No Light,Rickshaw,2,Road Condition,0,0,1,0,1,0,Low
2023,11,Tuesday,16,KPK,Peshawar,Rural Road,Under Repair,Clear,Daylight,Bicycle,2,Road Condition,0,0,0,1,2,0,Low
2022,11,Monday,9,Punjab,Rawalpindi,Rural Road,Good,Clear,Daylight,Motorcycle,1,Signal Violation,1,0,0,1,5,0,Medium
2021,7,Wednesday,12,Punjab,Bahawalpur,Provincial Highway,Under Repair,Clear,Daylight,Car/Taxi,4,Over Speeding,1,0,0,0,4,2,Medium
2019,12,Thursday,5,Sindh,Mirpur Khas,Provincial Highway,Good,Clear,Daylight,Rickshaw,3,Mechanical Failure,0,0,1,1,3,1,Medium
2022,7,Thursday,11,Balochistan,Quetta,Provincial Highway,Poor,Clear,Daylight,Car/Taxi,2,Pedestrian Error,0,0,0,0,0,0,Low
2023,9,Monday,12,Sindh,Mirpur Khas,Urban Road,Under Repair,Rainy,Daylight,Motorcycle,2,Over Speeding,1,0,0,0,4,1,High
2023,5,Friday,5,Sindh,Kashmore,Urban Road,Good,Clear,Dawn/Dusk,Car/Taxi,1,Road Condition,0,0,1,0,2,0,Low
2021,11,Tuesday,10,Sindh,Thatta,Provincial Highway,Average,Dusty/Smoggy,Street Light,Car/Taxi,3,Drunk Driving,0,0,0,1,5,1,Medium
2021,6,Monday,13,Sindh,Dadu,Provincial Highway,Poor,Foggy,Dawn/Dusk,Motorcycle,3,Road Condition,1,0,0,0,5,1,Medium
2022,11,Wednesday,1,Punjab,Sialkot,Urban Road,Poor,Foggy,No Light,Car/Taxi,1,Signal Violation,0,0,1,1,3,1,Medium
2021,12,Saturday,13,KPK,Swat,National Highway,Good,Rainy,Daylight,Car/Taxi,2,Road Condition,1,1,0,1,1,0,Medium
2023,12,Wednesday,8,Sindh,Mirpur Khas,National Highway,Good,Clear,Daylight,Rickshaw,1,Road Condition,1,0,0,1,0,0,Low
2019,11,Tuesday,7,Punjab,Rawalpindi,National Highway,Average,Clear,Daylight,Car/Taxi,1,Road Condition,1,0,0,1,2,0,Low
2018,8,Friday,18,Sindh,Jacobabad,National Highway,Poor,Clear,Daylight,Bus/Coach,2,Mobile Phone Use,1,0,0,0,1,0,Medium
2023,4,Saturday,21,Punjab,Rahim Yar Khan,National Highway,Good,Clear,No Light,Truck/Lorry,2,Wrong Overtaking,0,1,0,0,5,0,Medium
2020,3,Thursday,9,Sindh,Larkana,Rural Road,Good,Clear,Daylight,Car/Taxi,4,Road Condition,1,0,0,0,0,0,Low
2020,12,Tuesday,14,Sindh,Kashmore,National Highway,Good,Foggy,Daylight,Other,3,Road Condition,0,0,0,1,0,0,Low
2023,11,Monday,20,Punjab,Sargodha,Provincial Highway,Good,Clear,No Light,Motorcycle,2,Pedestrian Error,1,0,0,1,4,0,Medium
2018,4,Sunday,17,KPK,Dera Ismail Khan,Rural Road,Good,Dusty/Smoggy,Daylight,Motorcycle,2,Over Speeding,1,1,0,0,1,0,Medium
2018,4,Thursday,9,Sindh,Larkana,Urban Road,Good,Clear,Daylight,Motorcycle,2,Over Speeding,1,0,0,0,2,0,Medium
2023,6,Saturday,8,Balochistan,Quetta,Provincial Highway,Good,Dusty/Smoggy,Street Light,Rickshaw,2,Over Speeding,1,1,0,0,1,0,Low
2022,6,Thursday,14,Balochistan,Sibi,National Highway,Average,Dusty/Smoggy,Dawn/Dusk,Motorcycle,3,Weather Condition,0,0,0,0,2,0,Medium
2018,6,Sunday,11,Sindh,Kashmore,Provincial Highway,Good,Clear,Street Light,Motorcycle,3,Driver Fatigue,0,1,0,0,3,1,Medium
2022,4,Thursday,19,Punjab,Sargodha,National Highway,Good,Clear,Dawn/Dusk,Rickshaw,3,Driver Fatigue,1,0,0,0,2,0,Medium
2020,12,Saturday,6,KPK,Dera Ismail Khan,National Highway,Average,Clear,Daylight,Car/Taxi,2,Road Condition,0,1,0,1,2,0,Medium
2021,6,Tuesday,8,Punjab,Bahawalpur,Rural Road,Good,Foggy,Dawn/Dusk,Van/Pickup,2,Wrong Overtaking,1,0,0,0,0,0,Low
2019,8,Friday,14,Sindh,Mirpur Khas,Urban Road,Good,Foggy,Daylight,Car/Taxi,2,Mechanical Failure,0,0,0,0,2,1,Low
2022,7,Monday,8,Punjab,Faisalabad,National Highway,Poor,Clear,Daylight,Motorcycle,2,Wrong Overtaking,1,0,0,0,4,2,High
2023,4,Wednesday,6,Sindh,Hyderabad,National Highway,Poor,Clear,No Light,Rickshaw,2,Over Speeding,0,0,0,0,2,0,High
2020,7,Wednesday,18,Punjab,Rahim Yar Khan,Urban Road,Good,Dusty/Smoggy,Daylight,Truck/Lorry,3,Wrong Overtaking,1,0,0,0,2,0,Low
2020,1,Thursday,9,Punjab,Lahore,National Highway,Good,Dusty/Smoggy,Daylight,Motorcycle,2,Signal Violation,1,0,0,1,2,2,High
2018,8,Wednesday,21,AJK,Muzaffarabad,National Highway,Good,Clear,No Light,Van/Pickup,1,Pedestrian Error,0,0,0,0,2,1,Medium
2022,3,Monday,19,Sindh,Dadu,Urban Road,Poor,Clear,Daylight,Bus/Coach,3,Signal Violation,1,0,0,0,4,1,Medium
2021,5,Monday,19,KPK,Nowshera,Rural Road,Good,Clear,No Light,Truck/Lorry,2,Wrong Overtaking,1,0,0,0,2,0,Low
2022,6,Sunday,17,Sindh,Larkana,Rural Road,Good,Clear,Street Light,Car/Taxi,2,Over Speeding,1,1,0,0,1,0,Low
2019,10,Friday,2,Punjab,Gujranwala,Urban Road,Poor,Extreme Heat,No Light,Car/Taxi,3,Drunk Driving,0,0,1,0,4,2,Medium
2018,5,Saturday,18,KPK,Swat,National Highway,Average,Clear,Street Light,Car/Taxi,4,Mechanical Failure,1,1,0,0,0,0,Low
2018,11,Friday,9,Punjab,Rawalpindi,Rural Road,Poor,Clear,Dawn/Dusk,Van/Pickup,2,Wrong Overtaking,1,0,0,1,1,0,Low
2021,11,Monday,17,KPK,Bannu,Rural Road,Average,Clear,Dawn/Dusk,Truck/Lorry,2,Wrong Overtaking,1,0,0,1,0,1,Low
2022,5,Monday,16,Sindh,Jacobabad,Rural Road,Poor,Clear,Dawn/Dusk,Motorcycle,1,Over Speeding,0,0,0,0,2,0,Medium
2018,3,Saturday,22,Punjab,Faisalabad,Rural Road,Good,Dusty/Smoggy,Street Light,Rickshaw,1,Wrong Overtaking,0,1,1,0,1,0,Medium
2018,7,Thursday,20,Punjab,Faisalabad,Urban Road,Poor,Clear,Street Light,Motorcycle,2,Over Speeding,1,0,0,0,4,0,Medium
2023,11,Tuesday,13,KPK,Nowshera,Urban Road,Average,Foggy,Daylight,Motorcycle,2,Pedestrian Error,1,0,0,1,0,1,Low
2022,9,Wednesday,6,Sindh,Dadu,Rural Road,Under Repair,Rainy,Daylight,Car/Taxi,1,Over Speeding,0,0,0,0,4,1,Medium
2020,11,Thursday,7,KPK,Swat,National Highway,Average,Clear,Daylight,Motorcycle,3,Road Condition,1,0,0,1,4,1,High
2019,4,Saturday,8,Punjab,Sialkot,National Highway,Good,Clear,Street Light,Van/Pickup,3,Wrong Overtaking,1,1,0,0,3,1,Medium
2023,4,Friday,6,KPK,Mansehra,Provincial Highway,Poor,Clear,Street Light,Car/Taxi,1,Over Speeding,0,0,0,0,4,0,Medium
2023,7,Sunday,15,Punjab,Sheikhupura,National Highway,Good,Foggy,Daylight,Motorcycle,1,Over Speeding,0,1,0,0,3,1,High
2019,1,Friday,16,Sindh,Hyderabad,Provincial Highway,Good,Clear,Daylight,Motorcycle,2,Over Speeding,0,0,0,1,9,1,High
2023,3,Wednesday,3,Punjab,Rahim Yar Khan,National Highway,Under Repair,Extreme Heat,No Light,Motorcycle,1,Drunk Driving,0,0,1,0,5,1,High
2022,4,Saturday,16,Punjab,Faisalabad,Provincial Highway,Average,Clear,Daylight,Motorcycle,2,Mechanical Failure,0,1,0,0,2,0,Medium
2018,2,Saturday,19,Sindh,Mirpur Khas,National Highway,Good,Clear,Dawn/Dusk,Rickshaw,3,Signal Violation,1,1,0,1,2,0,Low
2023,1,Sunday,12,Punjab,Rawalpindi,National Highway,Average,Extreme Heat,No Light,Truck/Lorry,3,Wrong Overtaking,1,1,0,1,2,0,Medium
2023,8,Wednesday,5,Balochistan,Hub,Rural Road,Poor,Rainy,Dawn/Dusk,Motorcycle,1,Mechanical Failure,0,0,1,0,2,0,Medium
2018,10,Tuesday,17,KPK,Nowshera,Rural Road,Average,Extreme Heat,Daylight,Motorcycle,2,Road Condition,1,0,0,0,1,2,Medium
2020,9,Thursday,13,Balochistan,Dera Bugti,Urban Road,Good,Clear,Dawn/Dusk,Rickshaw,4,Signal Violation,1,0,0,0,2,0,Low
2023,9,Thursday,21,Punjab,Lahore,National Highway,Good,Clear,Street Light,Van/Pickup,2,Road Condition,0,0,0,0,2,0,Medium
2021,6,Friday,6,Punjab,Multan,Rural Road,Average,Clear,No Light,Car/Taxi,4,Mechanical Failure,0,0,0,0,0,0,Low
2018,5,Saturday,9,Sindh,Larkana,Urban Road,Good,Clear,Street Light,Motorcycle,2,Wrong Overtaking,1,1,0,0,2,1,Medium
2022,8,Wednesday,19,Punjab,Multan,Provincial Highway,Under Repair,Clear,No Light,Truck/Lorry,3,Over Speeding,1,0,0,0,3,0,Medium
2019,2,Saturday,9,Sindh,Sukkur,Provincial Highway,Good,Clear,Daylight,Van/Pickup,1,Over Speeding,1,1,0,1,4,1,Medium
2018,8,Monday,11,KPK,Swat,Rural Road,Good,Foggy,Daylight,Car/Taxi,2,Wrong Overtaking,0,0,0,0,1,1,Medium
2022,9,Friday,17,KPK,Nowshera,Urban Road,Average,Dusty/Smoggy,Daylight,Bus/Coach,1,Drunk Driving,1,0,0,0,2,0,Medium
2022,3,Saturday,8,Punjab,Rawalpindi,Rural Road,Good,Clear,Daylight,Motorcycle,3,Mechanical Failure,1,1,0,0,1,0,Low
2020,4,Sunday,16,KPK,Dera Ismail Khan,Urban Road,Average,Clear,Daylight,Motorcycle,2,Road Condition,0,1,0,0,0,0,Low
2020,1,Tuesday,17,Sindh,Dadu,Urban Road,Good,Clear,Daylight,Car/Taxi,2,Road Condition,1,0,0,1,0,0,Low
2023,2,Sunday,7,Sindh,Kashmore,Rural Road,Poor,Clear,Daylight,Rickshaw,1,Over Speeding,1,1,0,1,5,1,Medium
2021,3,Saturday,13,Punjab,Bahawalpur,National Highway,Average,Clear,Daylight,Bus/Coach,2,Pedestrian Error,1,1,0,0,5,0,Medium
2023,10,Tuesday,15,Sindh,Thatta,National Highway,Good,Foggy,Daylight,Car/Taxi,2,Wrong Overtaking,0,0,0,0,11,2,High
2023,1,Saturday,9,KPK,Kohat,National Highway,Under Repair,Foggy,Daylight,Car/Taxi,1,Mechanical Failure,1,1,0,1,1,0,Low
2021,9,Wednesday,5,KPK,Abbottabad,National Highway,Good,Clear,Dawn/Dusk,Bicycle,2,Pedestrian Error,0,0,1,0,6,4,High
2019,5,Monday,11,Punjab,Faisalabad,Urban Road,Average,Foggy,Daylight,Motorcycle,3,Over Speeding,0,0,0,0,2,1,Medium
2018,11,Tuesday,14,KPK,Swat,Provincial Highway,Good,Clear,Daylight,Truck/Lorry,2,Over Speeding,0,0,0,1,2,0,Medium
2021,7,Monday,20,Punjab,Rahim Yar Khan,Provincial Highway,Good,Extreme Heat,Street Light,Motorcycle,4,Pedestrian Error,1,0,0,0,1,0,Low
2021,4,Thursday,12,KPK,Mardan,Provincial Highway,Good,Dusty/Smoggy,Daylight,Motorcycle,2,Drunk Driving,1,0,0,0,10,2,High
2023,10,Thursday,20,Sindh,Dadu,National Highway,Average,Clear,No Light,Truck/Lorry,1,Wrong Overtaking,1,0,0,0,2,0,Medium
2020,6,Friday,21,KPK,Mardan,Motorway,Poor,Clear,No Light,Car/Taxi,2,Over Speeding,0,0,0,0,4,0,Medium
2022,12,Tuesday,19,Sindh,Larkana,Provincial Highway,Under Repair,Clear,Dawn/Dusk,Truck/Lorry,2,Over Speeding,1,0,0,1,5,0,Medium
2019,12,Friday,9,Punjab,Sargodha,Provincial Highway,Average,Rainy,Daylight,Motorcycle,3,Road Condition,1,0,0,1,4,1,Medium
2022,4,Sunday,1,Sindh,Sukkur,Urban Road,Average,Clear,No Light,Other,1,Over Speeding,0,1,1,0,3,0,Medium
2022,12,Monday,19,Punjab,Lahore,Rural Road,Average,Clear,Dawn/Dusk,Car/Taxi,4,Pedestrian Error,1,0,0,1,1,1,Low
2022,7,Friday,8,Punjab,Rahim Yar Khan,Motorway,Good,Dusty/Smoggy,Daylight,Motorcycle,2,Wrong Overtaking,1,0,0,0,6,2,High
2023,11,Monday,12,Punjab,Sialkot,Provincial Highway,Average,Dusty/Smoggy,Daylight,Car/Taxi,1,Over Speeding,1,0,0,1,2,0,Medium