year,month,day_of_week,hour_of_day,province,district,road_type,road_condition,weather_condition,lighting_condition,vehicle_type,vehicles_involved,accident_cause,is_rush_hour,is_weekend,is_night,is_foggy_month,num_injured,num_killed,severity
2023,10,Monday,6,KPK,Peshawar,National Highway,Good,Clear,Street Light,Van/Pickup,3,Signal Violation,0,0,0,0,1,1,Medium
2022,1,Sunday,11,Punjab,Faisalabad,Urban Road,Good,Clear,Daylight,Motorcycle,1,Over Speeding,0,1,0,1,5,0,Medium
2019,11,Friday,11,Balochistan,Zhob,Urban Road,Poor,Clear,Daylight,Car/Taxi,2,Wrong Overtaking,0,0,0,1,0,0,Low
2022,10,Thursday,18,Punjab,Faisalabad,National Highway,Good,Clear,Daylight,Car/Taxi,3,Drunk Driving,1,0,0,0,1,1,Medium
2020,5,Tuesday,14,AJK,Rawalakot,Urban Road,Average,Clear,Street Light,Motorcycle,2,Over Speeding,0,0,0,0,3,0,Medium
2021,4,Wednesday,17,AJK,Rawalakot,National Highway,Average,Rainy,Daylight,Car/Taxi,1,Mechanical Failure,1,0,0,0,5,1,Medium
2022,10,Friday,16,Punjab,Gujranwala,Motorway,Poor,Clear,Daylight,Bus/Coach,1,Wrong Overtaking,0,0,0,0,5,0,Medium
2021,6,Tuesday,13,AJK,Rawalakot,Rural Road,Average,Dusty/Smoggy,Daylight,Motorcycle,3,Driver Fatigue,1,0,0,0,2,0,High
2022,7,Saturday,15,Balochistan,Turbat,National Highway,Good,Clear,Daylight,Other,3,Pedestrian Error,0,1,0,0,2,0,Low
2018,10,Saturday,7,Punjab,Faisalabad,National Highway,Poor,Clear,Daylight,Van/Pickup,3,Driver Fatigue,1,1,0,0,2,0,Medium
2023,10,Tuesday,19,Islamabad,Islamabad,National Highway,Poor,Clear,Dawn/Dusk,Motorcycle,1,Over Speeding,1,0,0,0,4,2,High
2021,4,Monday,8,Punjab,Multan,National Highway,Poor,Rainy,Daylight,Motorcycle,1,Mechanical Failure,1,0,0,0,3,1,High
2021,11,Sunday,19,Punjab,Lahore,Provincial Highway,Good,Dusty/Smoggy,No Light,Motorcycle,2,Over Speeding,1,1,0,1,8,0,High
2022,4,Saturday,12,Sindh,Kashmore,National Highway,Good,Dusty/Smoggy,Daylight,Car/Taxi,2,Signal Violation,1,1,0,0,3,0,Medium
2023,5,Thursday,9,Punjab,Rawalpindi,Urban Road,Poor,Rainy,No Light,Motorcycle,2,Mechanical Failure,1,0,0,0,3,1,Medium
2022,7,Wednesday,15,Punjab,Bahawalpur,Provincial Highway,Good,Rainy,Dawn/Dusk,Motorcycle,2,Wrong Overtaking,0,0,0,0,5,1,Medium
2019,9,Saturday,21,Islamabad,Islamabad,National Highway,Under Repair,Extreme Heat,No Light,Motorcycle,3,Over Speeding,0,1,0,0,8,3,High
2019,9,Friday,12,Gilgit-Baltistan,Gilgit,National Highway,Good,Rainy,Dawn/Dusk,Motorcycle,4,Over Speeding,1,0,0,0,4,2,High
2023,1,Friday,10,KPK,Abbottabad,National Highway,Average,Clear,No Light,Car/Taxi,1,Over Speeding,0,0,0,1,4,0,Medium
2023,2,Saturday,19,Sindh,Jacobabad,Provincial Highway,Average,Clear,Street Light,Motorcycle,2,Over Speeding,1,1,0,1,1,1,Medium
2020,10,Friday,19,Balochistan,Gwadar,National Highway,Good,Foggy,Dawn/Dusk,Van/Pickup,2,Weather Condition,1,0,0,0,2,0,Low
2022,9,Wednesday,17,Punjab,Rawalpindi,Provincial Highway,Good,Extreme Heat,Daylight,Car/Taxi,2,Wrong Overtaking,1,0,0,0,0,0,Low
2021,3,Thursday,20,Islamabad,Islamabad,Rural Road,Poor,Foggy,No Light,Bus/Coach,2,Over Speeding,1,0,0,0,4,1,Medium
2020,5,Monday,18,Punjab,Gujranwala,Provincial Highway,Average,Clear,Street Light,Car/Taxi,1,Wrong Overtaking,1,0,0,0,2,0,Medium
2020,3,Thursday,17,Balochistan,Sibi,National Highway,Average,Clear,Daylight,Rickshaw,1,Wrong Overtaking,1,0,0,0,1,0,Medium
2022,4,Sunday,10,KPK,Swat,Urban Road,Average,Rainy,Daylight,Car/Taxi,2,Over Speeding,0,1,0,0,1,1,Medium
2023,9,Sunday,5,Islamabad,Islamabad,Rural Road,Poor,Clear,Dawn/Dusk,Truck/Lorry,1,Signal Violation,0,1,1,0,2,0,Low
2019,6,Saturday,10,Balochistan,Chaman,National Highway,Good,Clear,Daylight,Motorcycle,3,Over Speeding,0,1,0,0,6,3,High
2023,10,Saturday,9,Balochistan,Turbat,Provincial Highway,Average,Rainy,Daylight,Rickshaw,2,Over Speeding,1,1,0,0,8,1,High
2023,7,Wednesday,18,Sindh,Dadu,Provincial Highway,Good,Rainy,Daylight,Car/Taxi,2,Over Speeding,1,0,0,0,2,0,Medium
2022,5,Thursday,17,KPK,Dera Ismail Khan,National Highway,Under Repair,Rainy,Daylight,Car/Taxi,3,Over Speeding,1,0,0,0,5,1,Medium
2019,12,Tuesday,14,KPK,Peshawar,National Highway,Average,Clear,Street Light,Car/Taxi,2,Over Speeding,0,0,0,1,1,0,Medium
2018,12,Saturday,8,Punjab,Bahawalpur,Provincial Highway,Good,Foggy,Daylight,Car/Taxi,2,Weather Condition,1,1,0,1,0,0,Low
2020,7,Monday,19,Sindh,Thatta,Rural Road,Poor,Clear,No Light,Bus/Coach,2,Over Speeding,1,0,0,0,2,0,Medium
2023,9,Monday,20,Punjab,Rawalpindi,National Highway,Average,Clear,No Light,Motorcycle,3,Road Condition,1,0,0,0,1,0,Medium
2023,9,Monday,13,Balochistan,Quetta,Urban Road,Good,Clear,Street Light,Motorcycle,2,Over Speeding,1,0,0,0,2,0,Medium
2022,5,Sunday,7,Punjab,Multan,Provincial Highway,Good,Clear,Daylight,Van/Pickup,2,Signal Violation,1,1,0,0,2,0,Low
2020,4,Friday,13,AJK,Muzaffarabad,National Highway,Good,Clear,Street Light,Car/Taxi,2,Over Speeding,1,0,0,0,2,1,Medium
2023,3,Saturday,7,Punjab,Rawalpindi,Urban Road,Under Repair,Clear,Daylight,Motorcycle,2,Over Speeding,1,1,0,0,1,1,Medium
2022,12,Saturday,19,Punjab,Faisalabad,Rural Road,Poor,Clear,No Light,Bus/Coach,1,Wrong Overtaking,1,1,0,1,3,0,Medium
2023,1,Wednesday,16,Islamabad,Islamabad,Provincial Highway,Average,Rainy,Daylight,Car/Taxi,2,Road Condition,0,0,0,1,0,0,Low
2022,8,Monday,5,Punjab,Sialkot,National Highway,Poor,Foggy,Dawn/Dusk,Motorcycle,3,Over Speeding,0,0,1,0,2,3,High
2022,2,Friday,14,Sindh,Sukkur,Urban Road,Poor,Clear,Daylight,Motorcycle,3,Over Speeding,0,0,0,1,5,2,High
2021,2,Thursday,11,KPK,Nowshera,National Highway,Good,Dusty/Smoggy,Daylight,Car/Taxi,2,Wrong Overtaking,0,0,0,1,1,0,Medium
2018,6,Friday,15,Punjab,Faisalabad,Provincial Highway,Good,Clear,Daylight,Bicycle,4,Road Condition,0,0,0,0,4,0,Medium
2021,10,Friday,17,Sindh,Larkana,National Highway,Poor,Foggy,Daylight,Car/Taxi,2,Signal Violation,1,0,0,0,3,0,Medium
2021,1,Thursday,7,KPK,Charsadda,Rural Road,Poor,Clear,Daylight,Car/Taxi,1,Mobile Phone Use,1,0,0,1,0,0,Low
2021,4,Sunday,17,Islamabad,Islamabad,Motorway,Poor,Clear,No Light,Car/Taxi,2,Signal Violation,1,1,0,0,1,0,Medium
2021,3,Tuesday,13,Punjab,Rawalpindi,Motorway,Under Repair,Clear,Daylight,Truck/Lorry,2,Mechanical Failure,1,0,0,0,2,1,Medium
2023,7,Thursday,11,Punjab,Lahore,National Highway,Poor,Clear,Street Light,Motorcycle,2,Mechanical Failure,0,0,0,0,11,1,High
2023,1,Saturday,7,Sindh,Mirpur Khas,Urban Road,Average,Rainy,Street Light,Motorcycle,2,Over Speeding,1,1,0,1,2,1,High
2022,11,Friday,7,Punjab,Sargodha,Urban Road,Good,Foggy,Daylight,Rickshaw,2,Over Speeding,1,0,0,1,5,0,Medium
2023,5,Saturday,9,Punjab,Gujranwala,Provincial Highway,Poor,Clear,Street Light,Motorcycle,2,Mechanical Failure,1,1,0,0,2,0,Medium
2020,7,Sunday,18,Punjab,Sialkot,Rural Road,Good,Clear,Daylight,Motorcycle,2,Over Speeding,1,1,0,0,5,4,High
2022,10,Wednesday,9,Sindh,Kashmore,Rural Road,Average,Clear,Daylight,Motorcycle,1,Over Speeding,1,0,0,0,2,1,Medium
2023,1,Monday,13,Balochistan,Quetta,Rural Road,Good,Rainy,Street Light,Motorcycle,1,Over Speeding,1,0,0,1,2,0,High
2023,10,Thursday,5,Punjab,Faisalabad,Rural Road,Average,Clear,Dawn/Dusk,Bicycle,2,Mobile Phone Use,0,0,1,0,4,1,Medium
2022,12,Saturday,5,Punjab,Lahore,Urban Road,Poor,Clear,Daylight,Rickshaw,2,Road Condition,0,1,1,1,0,0,Low
2020,7,Monday,8,KPK,Abbottabad,Provincial Highway,Good,Clear,Daylight,Motorcycle,3,Road Condition,1,0,0,0,2,1,Medium
2021,2,Saturday,20,Punjab,Rawalpindi,National Highway,Poor,Foggy,No Light,Car/Taxi,1,Over Speeding,1,1,0,1,10,2,High
2018,12,Sunday,12,KPK,Dera Ismail Khan,Rural Road,Under Repair,Foggy,Daylight,Motorcycle,2,Road Condition,1,1,0,1,1,2,Medium
2020,10,Saturday,18,Punjab,Multan,Rural Road,Average,Dusty/Smoggy,Daylight,Truck/Lorry,1,Over Speeding,1,1,0,0,3,1,Medium
2023,9,Sunday,12,Punjab,Sialkot,Rural Road,Poor,Clear,Dawn/Dusk,Motorcycle,1,Over Speeding,1,1,0,0,4,0,Medium
2021,1,Monday,19,Punjab,Faisalabad,National Highway,Under Repair,Rainy,Dawn/Dusk,Bus/Coach,1,Over Speeding,1,0,0,1,5,4,High
2021,1,Sunday,16,Punjab,Lahore,National Highway,Good,Dusty/Smoggy,Daylight,Truck/Lorry,2,Over Speeding,0,1,0,1,4,0,Medium
2020,12,Saturday,11,Balochistan,Quetta,Provincial Highway,Under Repair,Foggy,Daylight,Car/Taxi,2,Over Speeding,0,1,0,1,9,4,High
2020,3,Wednesday,23,Islamabad,Islamabad,National Highway,Average,Clear,Street Light,Van/Pickup,2,Pedestrian Error,0,0,1,0,0,0,Low
2023,11,Wednesday,9,Sindh,Kashmore,Rural Road,Good,Clear,Street Light,Motorcycle,3,Signal Violation,1,0,0,1,2,0,Medium
2020,11,Tuesday,17,Sindh,Sukkur,National Highway,Good,Clear,Daylight,Truck/Lorry,2,Over Speeding,1,0,0,1,1,1,Medium
2020,11,Friday,3,Punjab,Multan,Urban Road,Under Repair,Clear,Street Light,Motorcycle,3,Wrong Overtaking,0,0,1,1,1,2,Medium
2020,1,Wednesday,18,KPK,Mardan,Urban Road,Good,Clear,Daylight,Car/Taxi,1,Driver Fatigue,1,0,0,1,1,0,Low
2022,5,Tuesday,12,Sindh,Mirpur Khas,Urban Road,Good,Clear,Street Light,Truck/Lorry,1,Road Condition,1,0,0,0,2,0,Low
2020,9,Wednesday,20,Punjab,Gujranwala,Urban Road,Good,Clear,Street Light,Truck/Lorry,1,Over Speeding,1,0,0,0,2,0,Medium
2022,12,Wednesday,19,Punjab,Sheikhupura,Provincial Highway,Good,Foggy,Dawn/Dusk,Motorcycle,2,Signal Violation,1,0,0,1,3,0,High
2019,10,Saturday,10,Punjab,Sargodha,National Highway,Good,Clear,Daylight,Car/Taxi,1,Over Speeding,0,1,0,0,4,0,Medium
2023,4,Tuesday,13,Punjab,Lahore,National Highway,Good,Clear,Daylight,Truck/Lorry,2,Signal Violation,1,0,0,0,5,0,Medium
2020,6,Wednesday,20,Sindh,Jacobabad,National Highway,Good,Rainy,No Light,Motorcycle,2,Over Speeding,1,0,0,0,10,0,High
2023,2,Monday,22,Islamabad,Islamabad,Provincial Highway,Good,Clear,No Light,Motorcycle,3,Over Speeding,0,0,1,1,7,2,High
2022,10,Saturday,22,KPK,Abbottabad,National Highway,Average,Clear,Street Light,Motorcycle,1,Driver Fatigue,0,1,1,0,9,1,High
2023,4,Tuesday,19,Sindh,Kashmore,National Highway,Poor,Clear,Daylight,Motorcycle,2,Wrong Overtaking,1,0,0,0,7,2,High
2022,12,Thursday,18,Punjab,Rawalpindi,Urban Road,Good,Rainy,Daylight,Rickshaw,1,Over Speeding,1,0,0,1,2,1,Medium
2022,7,Friday,23,Punjab,Multan,Urban Road,Poor,Clear,No Light,Truck/Lorry,2,Over Speeding,0,0,1,0,5,1,Medium
2019,3,Saturday,6,Sindh,Hyderabad,Urban Road,Good,Rainy,Daylight,Motorcycle,2,Drunk Driving,0,1,0,0,4,0,High
2022,4,Saturday,8,Punjab,Sheikhupura,National Highway,Good,Clear,Daylight,Car/Taxi,2,Over Speeding,1,1,0,0,6,2,High
2023,12,Thursday,22,Punjab,Sialkot,Urban Road,Poor,Clear,No Light,Car/Taxi,1,Over Speeding,0,0,1,1,4,0,Medium
2018,2,Wednesday,12,Sindh,Kashmore,Urban Road,Average,Foggy,Street Light,Motorcycle,2,Wrong Overtaking,1,0,0,1,3,0,High
2023,5,Wednesday,19,Punjab,Sialkot,Urban Road,Good,Dusty/Smoggy,Dawn/Dusk,Rickshaw,2,Mobile Phone Use,1,0,0,0,1,0,Low
2020,1,Monday,11,Punjab,Sheikhupura,Provincial Highway,Poor,Foggy,Street Light,Motorcycle,2,Signal Violation,0,0,0,1,6,2,High
2022,6,Friday,9,Punjab,Faisalabad,National Highway,Average,Clear,Daylight,Car/Taxi,2,Drunk Driving,1,0,0,0,11,2,High
2021,3,Tuesday,14,Punjab,Sialkot,Rural Road,Good,Extreme Heat,Street Light,Motorcycle,1,Pedestrian Error,0,0,0,0,1,0,Low
2023,9,Sunday,19,Sindh,Dadu,Urban Road,Poor,Rainy,Daylight,Motorcycle,1,Drunk Driving,1,1,0,0,2,0,High
2020,9,Sunday,12,Punjab,Sargodha,Urban Road,Average,Clear,Daylight,Motorcycle,3,Over Speeding,1,1,0,0,4,1,Medium
2019,11,Monday,12,Punjab,Sheikhupura,Rural Road,Poor,Foggy,Daylight,Bus/Coach,1,Mechanical Failure,1,0,0,1,0,0,Low
2019,2,Thursday,17,Punjab,Lahore,Rural Road,Good,Clear,Daylight,Rickshaw,1,Road Condition,1,0,0,1,1,0,Low
2018,7,Friday,20,Punjab,Sheikhupura,National Highway,Good,Clear,No Light,Motorcycle,2,Wrong Overtaking,1,0,0,0,5,0,Medium
2020,4,Tuesday,23,Islamabad,Islamabad,National Highway,Good,Clear,No Light,Rickshaw,4,Over Speeding,0,0,1,0,2,0,Medium
2019,9,Wednesday,8,Punjab,Sialkot,Rural Road,Good,Clear,Daylight,Car/Taxi,1,Over Speeding,1,0,0,0,1,0,Low
2022,12,Monday,14,Punjab,Sialkot,Provincial Highway,Good,Foggy,Street Light,Bus/Coach,2,Over Speeding,0,0,0,1,9,2,High
2020,4,Wednesday,4,KPK,Kohat,Motorway,Under Repair,Clear,Street Light,Motorcycle,3,Mechanical Failure,0,0,1,0,2,1,Medium
2018,7,Sunday,13,Punjab,Faisalabad,Urban Road,Average,Clear,Daylight,Car/Taxi,3,Over Speeding,1,1,0,0,0,1,Low
2023,7,Saturday,6,Sindh,Nawabshah,Provincial Highway,Poor,Extreme Heat,Daylight,Car/Taxi,2,Drunk Driving,0,1,0,0,5,0,Medium
2020,5,Saturday,19,Punjab,Lahore,Urban Road,Average,Rainy,Dawn/Dusk,Bus/Coach,3,Pedestrian Error,1,1,0,0,0,0,Low
2018,3,Thursday,18,AJK,Muzaffarabad,Rural Road,Average,Clear,Daylight,Bus/Coach,2,Over Speeding,1,0,0,0,5,1,Medium
2023,7,Thursday,7,AJK,Muzaffarabad,National Highway,Good,Rainy,Daylight,Motorcycle,2,Driver Fatigue,1,0,0,0,8,1,High
2023,2,Saturday,10,Sindh,Jacobabad,Urban Road,Poor,Extreme Heat,Street Light,Motorcycle,2,Wrong Overtaking,0,1,0,1,3,0,Medium
2019,2,Tuesday,22,KPK,Peshawar,Provincial Highway,Poor,Clear,Street Light,Rickshaw,3,Driver Fatigue,0,0,1,1,1,0,Medium
2023,7,Monday,7,Sindh,Mirpur Khas,National Highway,Poor,Clear,Daylight,Motorcycle,2,Over Speeding,1,0,0,0,4,1,High
2020,2,Tuesday,4,Islamabad,Islamabad,Provincial Highway,Average,Rainy,No Light,Rickshaw,2,Over Speeding,0,0,1,1,5,0,Medium
2018,12,Friday,18,Sindh,Nawabshah,National Highway,Average,Clear,Daylight,Bus/Coach,4,Mechanical Failure,1,0,0,1,4,1,Medium
2019,9,Wednesday,18,Punjab,Multan,National Highway,Good,Rainy,Daylight,Car/Taxi,2,Drunk Driving,1,0,0,0,4,2,High
2021,2,Sunday,5,Punjab,Gujranwala,Motorway,Good,Clear,Dawn/Dusk,Motorcycle,2,Road Condition,0,1,1,1,2,0,Medium
2023,9,Wednesday,15,Punjab,Faisalabad,National Highway,Good,Rainy,Dawn/Dusk,Car/Taxi,3,Over Speeding,0,0,0,0,9,0,High
2018,5,Friday,22,Sindh,Kashmore,Provincial Highway,Good,Clear,No Light,Car/Taxi,2,Mechanical Failure,0,0,1,0,3,0,Medium
2021,11,Friday,6,Punjab,Sargodha,Urban Road,Good,Clear,Daylight,Car/Taxi,2,Mechanical Failure,0,0,0,1,0,0,Low
2022,1,Saturday,17,Sindh,Kashmore,National Highway,Good,Clear,Dawn/Dusk,Car/Taxi,2,Wrong Overtaking,1,1,0,1,4,0,Medium
2023,2,Thursday,23,Punjab,Lahore,Provincial Highway,Good,Foggy,Street Light,Motorcycle,3,Over Speeding,0,0,1,1,9,0,High
2019,4,Wednesday,7,Balochistan,Turbat,Rural Road,Under Repair,Clear,Daylight,Motorcycle,2,Pedestrian Error,1,0,0,0,0,0,Low
2022,6,Saturday,13,Sindh,Thatta,Rural Road,Good,Rainy,No Light,Car/Taxi,3,Signal Violation,1,1,0,0,1,0,Medium
2023,11,Wednesday,14,Sindh,Kashmore,Urban Road,Poor,Foggy,Street Light,Bus/Coach,1,Signal Violation,0,0,0,1,1,1,Medium
2022,3,Monday,19,Sindh,Hyderabad,Provincial Highway,Good,Clear,Street Light,Motorcycle,2,Signal Violation,1,0,0,0,2,1,Medium
2022,6,Sunday,19,Balochistan,Quetta,Urban Road,Average,Foggy,Dawn/Dusk,Bus/Coach,4,Wrong Overtaking,1,1,0,0,3,1,Medium
2022,7,Thursday,14,Punjab,Gujranwala,National Highway,Average,Clear,Dawn/Dusk,Motorcycle,2,Wrong Overtaking,0,0,0,0,7,0,High
2020,3,Wednesday,7,Punjab,Faisalabad,Urban Road,Average,Clear,Daylight,Bus/Coach,1,Wrong Overtaking,1,0,0,0,1,0,Medium
2021,5,Friday,4,KPK,Dera Ismail Khan,National Highway,Poor,Clear,No Light,Motorcycle,1,Road Condition,0,0,1,0,1,0,Medium
2020,3,Wednesday,17,KPK,Abbottabad,Rural Road,Average,Clear,Dawn/Dusk,Car/Taxi,2,Signal Violation,1,0,0,0,2,0,Low
2019,1,Monday,10,Sindh,Nawabshah,Motorway,Average,Clear,Daylight,Bus/Coach,1,Signal Violation,0,0,0,1,4,0,Medium
2021,11,Thursday,18,Punjab,Sialkot,National Highway,Good,Foggy,Daylight,Rickshaw,1,Wrong Overtaking,1,0,0,1,3,2,Medium
2019,4,Saturday,3,Punjab,Rawalpindi,National Highway,Good,Foggy,No Light,Bicycle,4,Over Speeding,0,1,1,0,3,0,High
2020,7,Wednesday,18,Punjab,Rahim Yar Khan,Provincial Highway,Under Repair,Clear,Daylight,Motorcycle,3,Over Speeding,1,0,0,0,4,0,High
2023,2,Tuesday,0,Balochistan,Dera Bugti,Rural Road,Under Repair,Dusty/Smoggy,No Light,Bus/Coach,2,Over Speeding,0,0,1,1,3,0,Medium
2022,2,Tuesday,14,Punjab,Rawalpindi,Provincial Highway,Poor,Foggy,Street Light,Motorcycle,3,Over Speeding,0,0,0,1,5,2,High
2022,6,Saturday,9,Sindh,Jacobabad,National Highway,Average,Rainy,Daylight,Bicycle,2,Over Speeding,1,1,0,0,4,0,High
2018,4,Thursday,8,KPK,Mansehra,Rural Road,Good,Rainy,Daylight,Motorcycle,2,Over Speeding,1,0,0,0,6,2,High
2023,2,Saturday,2,Punjab,Lahore,National Highway,Under Repair,Foggy,Street Light,Van/Pickup,2,Drunk Driving,0,1,1,1,5,3,High
2021,2,Sunday,18,Punjab,Gujranwala,Urban Road,Poor,Rainy,Daylight,Motorcycle,2,Over Speeding,1,1,0,1,8,3,High
2023,1,Thursday,8,Punjab,Sargodha,Rural Road,Good,Rainy,No Light,Rickshaw,2,Driver Fatigue,1,0,0,1,1,0,Low
2023,7,Tuesday,17,KPK,Mansehra,Urban Road,Good,Rainy,Daylight,Rickshaw,1,Mobile Phone Use,1,0,0,0,0,0,Low
2018,4,Tuesday,22,Punjab,Multan,National Highway,Poor,Foggy,No Light,Motorcycle,1,Mobile Phone Use,0,0,1,0,5,4,High
2021,3,Thursday,19,Punjab,Lahore,Urban Road,Good,Clear,Dawn/Dusk,Truck/Lorry,4,Over Speeding,1,0,0,0,1,0,Low
2022,5,Friday,16,Punjab,Sargodha,National Highway,Good,Foggy,Dawn/Dusk,Van/Pickup,3,Signal Violation,0,0,0,0,4,1,Medium
2022,12,Sunday,22,Punjab,Multan,National Highway,Under Repair,Clear,Street Light,Truck/Lorry,1,Signal Violation,0,1,1,1,2,4,High
2019,11,Tuesday,14,Punjab,Multan,Urban Road,Under Repair,Clear,Dawn/Dusk,Other,1,Wrong Overtaking,0,0,0,1,1,0,Low
2020,3,Saturday,14,Punjab,Gujranwala,Rural Road,Under Repair,Clear,Street Light,Car/Taxi,1,Wrong Overtaking,0,1,0,0,1,0,Low
2019,4,Thursday,19,Punjab,Sargodha,Urban Road,Good,Rainy,No Light,Car/Taxi,2,Signal Violation,1,0,0,0,2,0,Low
2023,10,Thursday,19,KPK,Bannu,Provincial Highway,Good,Extreme Heat,Dawn/Dusk,Car/Taxi,1,Over Speeding,1,0,0,0,2,0,Medium
2018,12,Thursday,8,Punjab,Multan,National Highway,Average,Dusty/Smoggy,Street Light,Van/Pickup,1,Signal Violation,1,0,0,1,2,0,Low
2020,12,Tuesday,23,KPK,Peshawar,Urban Road,Good,Foggy,No Light,Bus/Coach,1,Pedestrian Error,0,0,1,1,0,0,Low
2023,12,Friday,19,Sindh,Sukkur,Rural Road,Good,Rainy,Daylight,Van/Pickup,3,Mechanical Failure,1,0,0,1,2,0,Low
2022,12,Saturday,14,Balochistan,Loralai,Urban Road,Good,Clear,Daylight,Truck/Lorry,1,Mechanical Failure,0,1,0,1,2,0,Low
2018,5,Thursday,19,Punjab,Rahim Yar Khan,Urban Road,Good,Clear,Dawn/Dusk,Motorcycle,4,Over Speeding,1,0,0,0,4,1,Medium
2018,8,Saturday,9,Punjab,Rahim Yar Khan,Rural Road,Good,Foggy,Dawn/Dusk,Motorcycle,3,Over Speeding,1,1,0,0,6,1,High
2020,10,Saturday,12,Balochistan,Loralai,Rural Road,Poor,Clear,Dawn/Dusk,Bus/Coach,1,Over Speeding,1,1,0,0,3,0,Medium
2022,12,Sunday,10,KPK,Mardan,National Highway,Good,Foggy,Daylight,Car/Taxi,2,Wrong Overtaking,0,1,0,1,3,1,Medium
2022,3,Thursday,5,Punjab,Sialkot,National Highway,Good,Foggy,Dawn/Dusk,Rickshaw,2,Signal Violation,0,0,1,0,5,2,Medium
2018,3,Friday,19,Punjab,Rawalpindi,National Highway,Average,Clear,Dawn/Dusk,Motorcycle,2,Mechanical Failure,1,0,0,0,3,1,Medium
2019,10,Friday,12,Balochistan,Dera Bugti,National Highway,Poor,Rainy,Street Light,Van/Pickup,2,Wrong Overtaking,1,0,0,0,4,0,Medium
2019,2,Friday,11,Punjab,Sargodha,Urban Road,Average,Clear,Daylight,Motorcycle,1,Over Speeding,0,0,0,1,6,3,High
2021,5,Friday,18,Balochistan,Quetta,Provincial Highway,Under Repair,Foggy,Daylight,Rickshaw,1,Road Condition,1,0,0,0,5,0,Medium
2021,6,Monday,15,Islamabad,Islamabad,Urban Road,Average,Clear,Daylight,Motorcycle,2,Signal Violation,0,0,0,0,4,0,Medium
2022,1,Tuesday,8,Punjab,Faisalabad,Rural Road,Good,Foggy,Daylight,Rickshaw,2,Over Speeding,1,0,0,1,5,0,Medium
2021,1,Sunday,17,Balochistan,Zhob,Provincial Highway,Good,Clear,Daylight,Motorcycle,2,Over Speeding,1,1,0,1,6,2,High
2022,1,Monday,18,Sindh,Dadu,Rural Road,Poor,Foggy,Daylight,Motorcycle,2,Wrong Overtaking,1,0,0,1,5,1,Medium
2022,8,Thursday,10,KPK,Mardan,Rural Road,Good,Foggy,Daylight,Motorcycle,1,Over Speeding,0,0,0,0,9,0,High
2022,12,Friday,20,Punjab,Multan,Urban Road,Poor,Foggy,No Light,Rickshaw,4,Road Condition,1,0,0,1,2,0,Low
2018,12,Tuesday,15,Punjab,Gujranwala,Urban Road,Good,Dusty/Smoggy,Daylight,Motorcycle,3,Wrong Overtaking,0,0,0,1,1,0,Low
2021,11,Tuesday,1,KPK,Mardan,National Highway,Average,Dusty/Smoggy,No Light,Van/Pickup,2,Mechanical Failure,0,0,1,1,4,0,Medium
2023,4,Sunday,18,Punjab,Bahawalpur,Urban Road,Good,Clear,Daylight,Bus/Coach,1,Road Condition,1,1,0,0,2,0,Low
2019,5,Thursday,8,Islamabad,Islamabad,National Highway,Good,Rainy,Daylight,Car/Taxi,3,Drunk Driving,1,0,0,0,8,3,High
2022,1,Friday,11,Punjab,Rawalpindi,National Highway,Good,Dusty/Smoggy,Street Light,Car/Taxi,2,Driver Fatigue,0,0,0,1,5,0,Medium
2018,9,Saturday,5,Punjab,Multan,Urban Road,Good,Foggy,Street Light,Motorcycle,3,Over Speeding,0,1,1,0,11,1,High
2019,11,Sunday,2,Punjab,Sheikhupura,National Highway,Good,Foggy,No Light,Rickshaw,2,Wrong Overtaking,0,1,1,1,7,0,High
2020,1,Thursday,3,Balochistan,Dera Bugti,Provincial Highway,Under Repair,Foggy,No Light,Truck/Lorry,2,Over Speeding,0,0,1,1,2,0,High
2021,3,Monday,16,Punjab,Gujranwala,Urban Road,Good,Rainy,No Light,Motorcycle,4,Over Speeding,0,0,0,0,2,0,High
2021,9,Monday,17,Balochistan,Khuzdar,Urban Road,Average,Rainy,Daylight,Car/Taxi,2,Pedestrian Error,1,0,0,0,1,0,Low
2021,12,Friday,22,Punjab,Sargodha,Rural Road,Good,Dusty/Smoggy,Street Light,Car/Taxi,2,Pedestrian Error,0,0,1,1,2,0,Low
2020,8,Tuesday,14,Sindh,Karachi,Provincial Highway,Under Repair,Rainy,Daylight,Motorcycle,2,Signal Violation,0,0,0,0,4,3,High
2023,8,Saturday,7,Balochistan,Khuzdar,Provincial Highway,Good,Clear,Daylight,Car/Taxi,3,Signal Violation,1,1,0,0,2,0,Low
2022,6,Tuesday,6,Punjab,Multan,Urban Road,Average,Clear,Daylight,Car/Taxi,2,Wrong Overtaking,0,0,0,0,1,0,Low
2018,10,Friday,18,Punjab,Bahawalpur,Rural Road,Average,Clear,Street Light,Rickshaw,2,Mechanical Failure,1,0,0,0,0,0,Low
2023,2,Tuesday,9,Balochistan,Zhob,National Highway,Average,Clear,Street Light,Car/Taxi,1,Mechanical Failure,1,0,0,1,1,0,Low
2023,12,Sunday,10,Sindh,Sukkur,National Highway,Poor,Clear,Daylight,Car/Taxi,2,Road Condition,0,1,0,1,2,0,Medium
2022,7,Thursday,16,KPK,Bannu,Urban Road,Poor,Clear,Daylight,Motorcycle,3,Pedestrian Error,0,0,0,0,5,1,Medium
2020,4,Tuesday,8,Balochistan,Chaman,Provincial Highway,Good,Clear,Daylight,Truck/Lorry,4,Over Speeding,1,0,0,0,9,2,High