year,month,day_of_week,hour_of_day,province,district,road_type,road_condition,weather_condition,lighting_condition,vehicle_type,vehicles_involved,accident_cause,is_rush_hour,is_weekend,is_night,is_foggy_month,num_injured,num_killed,severity
2022,1,Sunday,20,Sindh,Kashmore,Provincial Highway,Poor,Rainy,No Light,Motorcycle,1,Wrong Overtaking,1,1,0,1,1,1,Medium
2020,11,Friday,7,Balochistan,Quetta,National Highway,Poor,Foggy,Daylight,Motorcycle,2,Signal Violation,1,0,0,1,6,2,High
2020,1,Saturday,12,Sindh,Mirpur Khas,Rural Road,Average,Clear,Daylight,Truck/Lorry,2,Wrong Overtaking,1,1,0,1,3,0,Medium
2022,8,Tuesday,13,KPK,Peshawar,National Highway,Average,Clear,Dawn/Dusk,Rickshaw,2,Weather Condition,1,0,0,0,2,0,Low
2020,10,Saturday,8,Punjab,Rahim Yar Khan,National Highway,Good,Foggy,Daylight,Motorcycle,3,Wrong Overtaking,1,1,0,0,2,1,High
2021,5,Sunday,19,Islamabad,Islamabad,National Highway,Good,Foggy,Street Light,Motorcycle,1,Driver Fatigue,1,1,0,0,8,1,High
2018,5,Tuesday,11,KPK,Bannu,Rural Road,Poor,Foggy,Daylight,Rickshaw,3,Over Speeding,0,0,0,0,2,2,Medium
2018,11,Tuesday,19,Punjab,Faisalabad,National Highway,Good,Clear,Dawn/Dusk,Motorcycle,3,Wrong Overtaking,1,0,0,1,5,0,Medium
2020,6,Wednesday,19,Sindh,Larkana,Rural Road,Poor,Clear,Dawn/Dusk,Motorcycle,2,Wrong Overtaking,1,0,0,0,2,0,Medium
2019,11,Sunday,9,Punjab,Lahore,Rural Road,Good,Clear,No Light,Motorcycle,2,Wrong Overtaking,1,1,0,1,1,0,Low
2021,5,Thursday,19,KPK,Swat,Provincial Highway,Average,Clear,Dawn/Dusk,Car/Taxi,2,Pedestrian Error,1,0,0,0,0,0,Low
2018,7,Tuesday,2,Gilgit-Baltistan,Gilgit,National Highway,Under Repair,Foggy,No Light,Truck/Lorry,1,Wrong Overtaking,0,0,1,0,11,1,High
2020,5,Thursday,11,Punjab,Rahim Yar Khan,National Highway,Poor,Rainy,Daylight,Motorcycle,1,Signal Violation,0,0,0,0,6,3,High
2023,7,Saturday,10,Islamabad,Islamabad,National Highway,Good,Clear,Daylight,Car/Taxi,2,Signal Violation,0,1,0,0,5,0,Medium
2022,10,Friday,19,Punjab,Gujranwala,Urban Road,Good,Clear,Daylight,Bicycle,2,Over Speeding,1,0,0,0,2,0,Medium
2022,5,Sunday,1,Sindh,Mirpur Khas,National Highway,Average,Clear,No Light,Car/Taxi,2,Wrong Overtaking,0,1,1,0,8,1,High
2020,9,Thursday,15,Sindh,Hyderabad,Motorway,Poor,Foggy,Street Light,Motorcycle,1,Drunk Driving,0,0,0,0,10,1,High
2023,7,Saturday,15,Punjab,Rahim Yar Khan,National Highway,Good,Clear,Daylight,Motorcycle,1,Signal Violation,0,1,0,0,4,1,Medium
2022,11,Thursday,19,Sindh,Nawabshah,Motorway,Average,Clear,Dawn/Dusk,Motorcycle,3,Over Speeding,1,0,0,1,3,3,High
2023,8,Sunday,11,KPK,Peshawar,Rural Road,Average,Clear,Daylight,Motorcycle,4,Wrong Overtaking,0,1,0,0,2,0,Low
2022,7,Sunday,9,Punjab,Rahim Yar Khan,National Highway,Good,Foggy,Daylight,Motorcycle,1,Driver Fatigue,1,1,0,0,6,3,High
2022,3,Friday,9,Punjab,Lahore,Provincial Highway,Good,Rainy,Daylight,Car/Taxi,4,Road Condition,1,0,0,0,3,2,Medium
2023,2,Friday,5,Sindh,Larkana,Motorway,Good,Clear,Dawn/Dusk,Car/Taxi,2,Drunk Driving,0,0,1,1,4,3,High
2019,9,Wednesday,17,KPK,Nowshera,National Highway,Average,Foggy,Daylight,Motorcycle,2,Driver Fatigue,1,0,0,0,6,3,High
2021,10,Saturday,17,Islamabad,Islamabad,Provincial Highway,Good,Rainy,Daylight,Van/Pickup,1,Over Speeding,1,1,0,0,4,0,Medium
2019,5,Sunday,21,Punjab,Gujranwala,Urban Road,Good,Clear,No Light,Bus/Coach,3,Wrong Overtaking,0,1,0,0,1,0,Low
2022,12,Wednesday,17,Balochistan,Khuzdar,Urban Road,Under Repair,Rainy,Daylight,Rickshaw,2,Wrong Overtaking,1,0,0,1,0,0,Low
2023,11,Saturday,19,Sindh,Dadu,Provincial Highway,Average,Dusty/Smoggy,Dawn/Dusk,Motorcycle,2,Over Speeding,1,1,0,1,3,0,High
2023,8,Saturday,21,Punjab,Sheikhupura,National Highway,Under Repair,Foggy,Street Light,Motorcycle,2,Wrong Overtaking,0,1,0,0,2,3,High
2020,5,Thursday,20,Islamabad,Islamabad,Rural Road,Poor,Rainy,No Light,Van/Pickup,2,Over Speeding,1,0,0,0,3,2,Medium
2021,6,Sunday,9,Punjab,Rawalpindi,Provincial Highway,Under Repair,Rainy,Daylight,Motorcycle,2,Pedestrian Error,1,1,0,0,10,1,High
2021,9,Wednesday,2,KPK,Bannu,Rural Road,Under Repair,Clear,No Light,Car/Taxi,2,Over Speeding,0,0,1,0,2,0,Medium
2022,11,Wednesday,22,KPK,Abbottabad,Provincial Highway,Average,Clear,No Light,Motorcycle,2,Pedestrian Error,0,0,1,1,1,0,Medium
2018,3,Wednesday,8,Sindh,Nawabshah,Provincial Highway,Good,Rainy,Daylight,Car/Taxi,2,Signal Violation,1,0,0,0,1,2,Medium
2018,4,Tuesday,7,KPK,Mardan,Urban Road,Average,Foggy,Daylight,Car/Taxi,1,Signal Violation,1,0,0,0,2,0,Low
2022,10,Monday,12,Sindh,Hyderabad,Provincial Highway,Average,Clear,Daylight,Bus/Coach,1,Over Speeding,1,0,0,0,11,1,High
2019,6,Monday,13,Punjab,Sialkot,Urban Road,Poor,Rainy,Daylight,Motorcycle,1,Mechanical Failure,1,0,0,0,3,2,Medium
2022,4,Thursday,2,KPK,Kohat,Rural Road,Poor,Rainy,No Light,Motorcycle,1,Pedestrian Error,0,0,1,0,6,0,High
2020,7,Wednesday,7,Islamabad,Islamabad,Provincial Highway,Poor,Foggy,Daylight,Car/Taxi,3,Road Condition,1,0,0,0,5,0,Medium
2020,12,Thursday,16,Sindh,Mirpur Khas,National Highway,Good,Clear,Dawn/Dusk,Truck/Lorry,3,Road Condition,0,0,0,1,5,1,Medium
2021,4,Friday,12,Gilgit-Baltistan,Hunza,Urban Road,Poor,Clear,Daylight,Car/Taxi,1,Weather Condition,1,0,0,0,0,0,Low
2022,6,Wednesday,20,Sindh,Karachi,Urban Road,Good,Clear,Street Light,Truck/Lorry,2,Driver Fatigue,1,0,0,0,4,1,Medium
2021,4,Tuesday,8,Sindh,Nawabshah,Rural Road,Average,Clear,Daylight,Truck/Lorry,3,Signal Violation,1,0,0,0,1,0,Low
2021,1,Wednesday,13,KPK,Bannu,National Highway,Poor,Clear,Daylight,Car/Taxi,4,Wrong Overtaking,1,0,0,1,1,0,Low
2023,11,Friday,5,Punjab,Gujranwala,National Highway,Poor,Foggy,No Light,Motorcycle,2,Pedestrian Error,0,0,1,1,3,2,High
2021,6,Saturday,14,Balochistan,Dera Bugti,Provincial Highway,Poor,Clear,Daylight,Car/Taxi,2,Mobile Phone Use,0,1,0,0,0,0,Low
2020,12,Saturday,13,KPK,Dera Ismail Khan,Rural Road,Average,Clear,Daylight,Motorcycle,2,Mechanical Failure,1,1,0,1,1,0,Low
2021,6,Saturday,10,Balochistan,Loralai,Provincial Highway,Poor,Clear,Daylight,Car/Taxi,1,Wrong Overtaking,0,1,0,0,1,0,Low
2023,2,Friday,8,Sindh,Sukkur,Urban Road,Poor,Rainy,Daylight,Motorcycle,2,Drunk Driving,1,0,0,1,8,1,High
2022,6,Tuesday,11,Balochistan,Dera Bugti,Provincial Highway,Poor,Clear,Street Light,Motorcycle,4,Over Speeding,0,0,0,0,5,0,High
2020,3,Tuesday,20,KPK,Charsadda,Urban Road,Good,Clear,No Light,Motorcycle,1,Signal Violation,1,0,0,0,4,0,Medium
2018,3,Saturday,12,Sindh,Karachi,National Highway,Average,Clear,Daylight,Motorcycle,2,Wrong Overtaking,1,1,0,0,7,0,High
2023,2,Tuesday,1,Islamabad,Islamabad,Provincial Highway,Poor,Clear,No Light,Motorcycle,2,Road Condition,0,0,1,1,9,4,High
2023,2,Thursday,12,Sindh,Kashmore,National Highway,Poor,Clear,Daylight,Motorcycle,2,Signal Violation,1,0,0,1,3,1,Medium
2020,3,Saturday,9,Sindh,Jacobabad,Provincial Highway,Average,Clear,Daylight,Motorcycle,2,Signal Violation,1,1,0,0,3,0,Medium
2022,2,Thursday,18,Punjab,Sialkot,Urban Road,Poor,Foggy,Daylight,Motorcycle,1,Mobile Phone Use,1,0,0,1,4,0,Medium
2023,3,Thursday,17,Islamabad,Islamabad,National Highway,Average,Clear,Daylight,Motorcycle,1,Wrong Overtaking,1,0,0,0,11,2,High
2018,5,Tuesday,23,Punjab,Rahim Yar Khan,Urban Road,Good,Foggy,Street Light,Motorcycle,3,Wrong Overtaking,0,0,1,0,11,1,High
2021,2,Wednesday,17,Punjab,Sialkot,National Highway,Average,Clear,Daylight,Van/Pickup,2,Pedestrian Error,1,0,0,1,5,1,Medium
2023,8,Monday,2,Punjab,Lahore,Urban Road,Average,Clear,Street Light,Motorcycle,3,Road Condition,0,0,1,0,0,0,Low
2020,3,Thursday,20,Sindh,Hyderabad,Urban Road,Good,Clear,No Light,Motorcycle,2,Signal Violation,1,0,0,0,3,1,Medium
2019,1,Saturday,22,Punjab,Sialkot,National Highway,Poor,Foggy,Street Light,Motorcycle,3,Over Speeding,0,1,1,1,5,1,High
2018,3,Friday,20,KPK,Mardan,Provincial Highway,Average,Dusty/Smoggy,No Light,Rickshaw,1,Road Condition,1,0,0,0,2,0,Low
2020,11,Friday,14,Punjab,Multan,National Highway,Good,Rainy,Daylight,Motorcycle,2,Over Speeding,0,0,0,1,4,2,High
2019,1,Sunday,19,KPK,Mansehra,National Highway,Poor,Clear,Dawn/Dusk,Bus/Coach,2,Driver Fatigue,1,1,0,1,5,0,High
2020,8,Friday,4,Punjab,Faisalabad,National Highway,Good,Dusty/Smoggy,No Light,Motorcycle,1,Over Speeding,0,0,1,0,2,1,High
2020,3,Monday,15,Punjab,Sialkot,Motorway,Poor,Clear,Daylight,Car/Taxi,2,Over Speeding,0,0,0,0,3,0,High
2023,2,Tuesday,10,KPK,Bannu,Rural Road,Good,Rainy,Daylight,Motorcycle,4,Over Speeding,0,0,0,1,5,0,High
2018,8,Wednesday,16,Punjab,Sialkot,Urban Road,Average,Clear,Daylight,Motorcycle,2,Driver Fatigue,0,0,0,0,2,0,Medium
2023,11,Monday,12,Punjab,Rahim Yar Khan,Urban Road,Average,Clear,Daylight,Motorcycle,2,Over Speeding,1,0,0,1,5,0,Medium
2023,1,Tuesday,20,Islamabad,Islamabad,National Highway,Good,Rainy,No Light,Van/Pickup,2,Signal Violation,1,0,0,1,5,0,Medium
2023,10,Monday,9,Punjab,Sargodha,Urban Road,Good,Dusty/Smoggy,No Light,Motorcycle,2,Over Speeding,1,0,0,0,4,0,Medium
2021,6,Friday,13,Punjab,Rawalpindi,Urban Road,Poor,Clear,Daylight,Truck/Lorry,3,Pedestrian Error,1,0,0,0,2,0,Low
2019,2,Monday,17,Punjab,Multan,National Highway,Good,Clear,Daylight,Truck/Lorry,2,Over Speeding,1,0,0,1,8,3,High
2023,1,Friday,18,Punjab,Multan,Rural Road,Under Repair,Rainy,Daylight,Car/Taxi,1,Wrong Overtaking,1,0,0,1,1,0,Medium
2023,4,Friday,13,Punjab,Lahore,National Highway,Good,Clear,Street Light,Motorcycle,2,Over Speeding,1,0,0,0,7,2,High
2022,3,Sunday,9,Balochistan,Sibi,Rural Road,Average,Foggy,Dawn/Dusk,Rickshaw,1,Mechanical Failure,1,1,0,0,2,0,Low
2018,1,Wednesday,5,Punjab,Sheikhupura,Urban Road,Good,Clear,No Light,Motorcycle,1,Wrong Overtaking,0,0,1,1,1,1,Medium
2022,3,Tuesday,10,Punjab,Sargodha,National Highway,Under Repair,Dusty/Smoggy,No Light,Rickshaw,2,Wrong Overtaking,0,0,0,0,4,0,Medium
2020,8,Tuesday,7,Balochistan,Turbat,Urban Road,Under Repair,Rainy,Street Light,Motorcycle,2,Over Speeding,1,0,0,0,9,2,High
2022,11,Wednesday,9,Sindh,Sukkur,Provincial Highway,Good,Rainy,Street Light,Motorcycle,4,Over Speeding,1,0,0,1,9,1,High
2018,3,Saturday,13,Punjab,Sargodha,Rural Road,Good,Clear,Street Light,Van/Pickup,2,Pedestrian Error,1,1,0,0,1,0,Low
2021,3,Sunday,4,Sindh,Karachi,Provincial Highway,Good,Clear,No Light,Motorcycle,2,Wrong Overtaking,0,1,1,0,3,0,Medium
2022,6,Wednesday,19,Punjab,Rawalpindi,National Highway,Good,Clear,Dawn/Dusk,Car/Taxi,3,Driver Fatigue,1,0,0,0,3,2,High
2020,8,Tuesday,9,Sindh,Larkana,Provincial Highway,Under Repair,Clear,Daylight,Motorcycle,2,Pedestrian Error,1,0,0,0,1,0,Low
2020,11,Tuesday,14,Sindh,Mirpur Khas,National Highway,Good,Clear,Daylight,Motorcycle,1,Wrong Overtaking,0,0,0,1,2,0,Medium
2018,12,Saturday,18,Islamabad,Islamabad,National Highway,Poor,Clear,Daylight,Car/Taxi,2,Signal Violation,1,1,0,1,4,0,Medium
2019,12,Wednesday,5,Punjab,Sargodha,Provincial Highway,Good,Dusty/Smoggy,No Light,Motorcycle,3,Mechanical Failure,0,0,1,1,9,2,High
2023,3,Wednesday,6,KPK,Bannu,Urban Road,Good,Clear,Daylight,Bus/Coach,2,Over Speeding,0,0,0,0,1,0,Low
2021,5,Saturday,17,Punjab,Faisalabad,Provincial Highway,Average,Foggy,Daylight,Van/Pickup,4,Signal Violation,1,1,0,0,0,0,Low
2022,3,Monday,22,Sindh,Nawabshah,Urban Road,Under Repair,Foggy,Street Light,Bus/Coach,2,Mechanical Failure,0,0,1,0,3,1,Medium
2021,6,Thursday,20,Punjab,Faisalabad,Rural Road,Average,Foggy,No Light,Bus/Coach,1,Over Speeding,1,0,0,0,2,0,Medium
2023,2,Tuesday,15,Sindh,Kashmore,Rural Road,Good,Clear,Daylight,Car/Taxi,1,Over Speeding,0,0,0,1,1,0,Low
2021,4,Friday,13,Punjab,Faisalabad,National Highway,Good,Foggy,Dawn/Dusk,Car/Taxi,1,Over Speeding,1,0,0,0,10,1,High
2021,1,Tuesday,19,AJK,Mirpur,Provincial Highway,Poor,Rainy,No Light,Motorcycle,4,Over Speeding,1,0,0,1,5,1,High
2019,8,Wednesday,20,Balochistan,Hub,Provincial Highway,Good,Extreme Heat,No Light,Truck/Lorry,1,Over Speeding,1,0,0,0,2,1,Medium
2018,5,Wednesday,17,Sindh,Mirpur Khas,National Highway,Average,Clear,Daylight,Bus/Coach,3,Signal Violation,1,0,0,0,8,0,High
2023,8,Wednesday,19,Punjab,Lahore,Motorway,Good,Clear,Dawn/Dusk,Motorcycle,1,Over Speeding,1,0,0,0,9,0,High
2023,1,Friday,18,Sindh,Thatta,National Highway,Good,Extreme Heat,Daylight,Motorcycle,2,Pedestrian Error,1,0,0,1,5,1,Medium
2020,5,Thursday,19,KPK,Charsadda,National Highway,Poor,Clear,Dawn/Dusk,Other,3,Wrong Overtaking,1,0,0,0,5,0,Medium
2020,3,Monday,11,Punjab,Lahore,Rural Road,Poor,Dusty/Smoggy,Daylight,Motorcycle,3,Over Speeding,0,0,0,0,4,1,High
2018,4,Friday,14,Sindh,Nawabshah,National Highway,Good,Foggy,Daylight,Bus/Coach,3,Drunk Driving,0,0,0,0,2,1,High
2023,11,Monday,20,Punjab,Sheikhupura,National Highway,Average,Clear,Street Light,Motorcycle,2,Over Speeding,1,0,0,1,5,0,High
2023,1,Saturday,10,Punjab,Gujranwala,Urban Road,Average,Clear,Daylight,Bus/Coach,1,Mechanical Failure,0,1,0,1,1,0,Low
2023,10,Saturday,22,Punjab,Sargodha,National Highway,Poor,Clear,No Light,Motorcycle,3,Pedestrian Error,0,1,1,0,1,2,Medium
2019,1,Saturday,19,Islamabad,Islamabad,Provincial Highway,Good,Clear,Dawn/Dusk,Car/Taxi,1,Driver Fatigue,1,1,0,1,2,0,Low
2020,4,Friday,20,Punjab,Sialkot,National Highway,Poor,Dusty/Smoggy,No Light,Van/Pickup,1,Mobile Phone Use,1,0,0,0,4,0,Medium
2023,10,Sunday,20,Punjab,Lahore,Urban Road,Good,Clear,Street Light,Car/Taxi,4,Over Speeding,1,1,0,0,2,0,Medium
2021,5,Friday,8,AJK,Rawalakot,Provincial Highway,Average,Clear,Daylight,Rickshaw,1,Mechanical Failure,1,0,0,0,2,0,Low
2018,12,Sunday,9,Sindh,Sukkur,National Highway,Average,Clear,Daylight,Rickshaw,2,Drunk Driving,1,1,0,1,3,0,Medium
2018,8,Wednesday,7,KPK,Nowshera,Urban Road,Poor,Clear,Street Light,Truck/Lorry,3,Wrong Overtaking,1,0,0,0,1,0,Low
2023,8,Tuesday,9,Punjab,Bahawalpur,National Highway,Poor,Clear,Daylight,Rickshaw,1,Over Speeding,1,0,0,0,6,3,High
2021,2,Monday,17,Sindh,Jacobabad,Urban Road,Good,Rainy,Daylight,Rickshaw,3,Driver Fatigue,1,0,0,1,2,0,Low
2022,12,Tuesday,8,Punjab,Lahore,Provincial Highway,Good,Clear,Dawn/Dusk,Motorcycle,2,Over Speeding,1,0,0,1,4,0,High
2023,8,Tuesday,19,Punjab,Rawalpindi,Motorway,Average,Clear,Dawn/Dusk,Motorcycle,2,Signal Violation,1,0,0,0,11,0,High
2019,10,Tuesday,12,Sindh,Hyderabad,National Highway,Average,Clear,Daylight,Car/Taxi,3,Wrong Overtaking,1,0,0,0,0,0,Low
2022,4,Friday,12,Sindh,Larkana,National Highway,Good,Clear,Daylight,Motorcycle,2,Wrong Overtaking,1,0,0,0,10,0,High
2021,8,Saturday,8,Punjab,Rawalpindi,National Highway,Good,Clear,Daylight,Motorcycle,3,Over Speeding,1,1,0,0,4,1,High
2023,1,Tuesday,8,KPK,Bannu,Rural Road,Poor,Clear,Dawn/Dusk,Car/Taxi,2,Wrong Overtaking,1,0,0,1,2,0,Low
2023,6,Sunday,19,Sindh,Nawabshah,Motorway,Good,Clear,Street Light,Motorcycle,1,Over Speeding,1,1,0,0,2,1,High
2019,7,Monday,18,Sindh,Nawabshah,Urban Road,Poor,Clear,No Light,Car/Taxi,3,Over Speeding,1,0,0,0,2,0,Medium
2023,8,Thursday,19,Punjab,Sialkot,Rural Road,Average,Rainy,Dawn/Dusk,Bicycle,2,Over Speeding,1,0,0,0,5,3,High
2020,10,Wednesday,8,Balochistan,Sibi,National Highway,Average,Clear,Street Light,Car/Taxi,1,Over Speeding,1,0,0,0,3,1,High
2019,12,Tuesday,9,Punjab,Sheikhupura,Provincial Highway,Good,Rainy,Daylight,Motorcycle,2,Over Speeding,1,0,0,1,4,1,High
2018,6,Friday,15,Sindh,Dadu,Urban Road,Average,Clear,Daylight,Bus/Coach,2,Wrong Overtaking,0,0,0,0,2,0,Low
2022,6,Saturday,18,Punjab,Multan,Provincial Highway,Good,Clear,Dawn/Dusk,Motorcycle,1,Over Speeding,1,1,0,0,5,0,Medium
2019,5,Sunday,22,Balochistan,Zhob,Provincial Highway,Good,Clear,Street Light,Bus/Coach,2,Driver Fatigue,0,1,1,0,11,0,High
2023,12,Wednesday,15,Balochistan,Sibi,Provincial Highway,Good,Extreme Heat,Daylight,Car/Taxi,2,Wrong Overtaking,0,0,0,1,1,0,Low
2023,12,Saturday,9,Punjab,Sialkot,National Highway,Average,Clear,Daylight,Motorcycle,1,Wrong Overtaking,1,1,0,1,11,0,High
2018,1,Saturday,20,KPK,Charsadda,National Highway,Good,Clear,Street Light,Motorcycle,2,Mobile Phone Use,1,1,0,1,4,0,Medium
2021,12,Sunday,7,Punjab,Bahawalpur,Urban Road,Poor,Rainy,Daylight,Motorcycle,3,Signal Violation,1,1,0,1,2,0,Medium
2022,2,Friday,17,Punjab,Gujranwala,National Highway,Good,Clear,Street Light,Motorcycle,1,Over Speeding,1,0,0,1,8,1,High
2023,11,Monday,8,KPK,Abbottabad,National Highway,Good,Clear,No Light,Car/Taxi,2,Signal Violation,1,0,0,1,2,0,Low
2022,3,Tuesday,4,Punjab,Sialkot,Urban Road,Good,Clear,No Light,Car/Taxi,2,Road Condition,0,0,1,0,1,0,Low
2022,8,Tuesday,8,Punjab,Gujranwala,National Highway,Average,Clear,Dawn/Dusk,Rickshaw,2,Over Speeding,1,0,0,0,3,0,Medium
2023,9,Wednesday,5,Sindh,Sukkur,National Highway,Average,Foggy,Dawn/Dusk,Motorcycle,2,Drunk Driving,0,0,1,0,5,2,High
2020,1,Tuesday,20,KPK,Mansehra,National Highway,Average,Clear,No Light,Motorcycle,1,Wrong Overtaking,1,0,0,1,2,1,Medium
2023,12,Wednesday,3,Punjab,Multan,Urban Road,Poor,Foggy,Street Light,Car/Taxi,3,Pedestrian Error,0,0,1,1,1,0,Low
2021,8,Sunday,16,Punjab,Sialkot,Rural Road,Good,Rainy,Daylight,Motorcycle,3,Drunk Driving,0,1,0,0,4,0,Medium
2023,12,Wednesday,18,Punjab,Sargodha,Urban Road,Good,Clear,Daylight,Van/Pickup,3,Over Speeding,1,0,0,1,0,0,Low
2018,10,Friday,5,Punjab,Lahore,National Highway,Good,Clear,Dawn/Dusk,Motorcycle,1,Over Speeding,0,0,1,0,3,2,High
2022,6,Saturday,5,Punjab,Sialkot,Urban Road,Average,Foggy,No Light,Motorcycle,1,Over Speeding,0,1,1,0,10,1,High
2020,4,Saturday,11,Islamabad,Islamabad,Provincial Highway,Poor,Dusty/Smoggy,Daylight,Rickshaw,3,Pedestrian Error,0,1,0,0,1,0,Low
2019,8,Saturday,14,Punjab,Bahawalpur,National Highway,Good,Clear,Daylight,Motorcycle,3,Mobile Phone Use,0,1,0,0,1,1,Medium
2020,7,Friday,13,Sindh,Kashmore,National Highway,Average,Dusty/Smoggy,Daylight,Motorcycle,1,Over Speeding,1,0,0,0,3,3,High
2021,5,Thursday,9,Islamabad,Islamabad,National Highway,Good,Foggy,Daylight,Car/Taxi,1,Road Condition,1,0,0,0,1,1,Medium
2022,11,Wednesday,7,Sindh,Sukkur,National Highway,Good,Rainy,Daylight,Bus/Coach,1,Over Speeding,1,0,0,1,5,2,High
2019,7,Friday,12,Punjab,Faisalabad,National Highway,Average,Clear,Dawn/Dusk,Motorcycle,3,Signal Violation,1,0,0,0,9,2,High
2023,10,Monday,15,Sindh,Jacobabad,Urban Road,Average,Clear,Daylight,Rickshaw,3,Wrong Overtaking,0,0,0,0,2,0,Low
2020,1,Sunday,10,Balochistan,Dera Bugti,Provincial Highway,Average,Clear,Daylight,Motorcycle,3,Mechanical Failure,0,1,0,1,3,1,Medium
2018,1,Monday,16,Punjab,Multan,Provincial Highway,Good,Clear,Daylight,Car/Taxi,2,Over Speeding,0,0,0,1,2,0,Low
2021,12,Thursday,21,Punjab,Sargodha,Urban Road,Good,Foggy,No Light,Van/Pickup,1,Signal Violation,0,0,0,1,2,0,Low
2022,9,Wednesday,21,Punjab,Sheikhupura,National Highway,Poor,Dusty/Smoggy,No Light,Motorcycle,2,Over Speeding,0,0,0,0,3,1,High
2020,12,Friday,23,Sindh,Thatta,Provincial Highway,Average,Foggy,No Light,Truck/Lorry,2,Over Speeding,0,0,1,1,9,0,High
2018,5,Tuesday,8,Punjab,Faisalabad,Rural Road,Poor,Foggy,Street Light,Rickshaw,1,Pedestrian Error,1,0,0,0,0,0,Low
2021,5,Monday,6,KPK,Dera Ismail Khan,Rural Road,Good,Rainy,Daylight,Bus/Coach,2,Wrong Overtaking,0,0,0,0,3,2,Medium
2023,9,Monday,19,Sindh,Nawabshah,Provincial Highway,Average,Clear,Street Light,Rickshaw,1,Over Speeding,1,0,0,0,2,0,Medium
2020,6,Tuesday,22,Punjab,Rawalpindi,Provincial Highway,Good,Clear,Street Light,Bus/Coach,1,Drunk Driving,0,0,1,0,2,1,Medium
2020,9,Saturday,17,KPK,Mardan,Provincial Highway,Good,Foggy,Dawn/Dusk,Motorcycle,2,Pedestrian Error,1,1,0,0,5,0,Medium
2022,12,Tuesday,19,Punjab,Rahim Yar Khan,Urban Road,Good,Clear,Dawn/Dusk,Motorcycle,3,Mechanical Failure,1,0,0,1,5,0,Medium
2019,5,Monday,7,KPK,Abbottabad,Urban Road,Good,Clear,Daylight,Motorcycle,3,Over Speeding,1,0,0,0,3,2,Medium
2022,10,Saturday,20,Sindh,Jacobabad,National Highway,Average,Rainy,Street Light,Car/Taxi,1,Signal Violation,1,1,0,0,10,0,High
2023,3,Thursday,14,Sindh,Nawabshah,Urban Road,Good,Dusty/Smoggy,Daylight,Car/Taxi,1,Over Speeding,0,0,0,0,2,0,Low
2020,1,Wednesday,15,Punjab,Sheikhupura,Provincial Highway,Average,Clear,Street Light,Motorcycle,2,Over Speeding,0,0,0,1,5,2,High
2022,5,Wednesday,5,Sindh,Sukkur,National Highway,Average,Clear,Dawn/Dusk,Car/Taxi,2,Over Speeding,0,0,1,0,3,0,Medium
2022,3,Friday,22,Sindh,Sukkur,Provincial Highway,Good,Clear,Street Light,Motorcycle,1,Wrong Overtaking,0,0,1,0,10,0,High
2022,10,Wednesday,17,Sindh,Thatta,Urban Road,Good,Clear,Street Light,Motorcycle,3,Driver Fatigue,1,0,0,0,4,1,Medium
2020,10,Sunday,17,Punjab,Rawalpindi,Rural Road,Poor,Clear,Daylight,Motorcycle,2,Over Speeding,1,1,0,0,5,0,Medium
2022,12,Thursday,12,Punjab,Multan,National Highway,Average,Rainy,Daylight,Motorcycle,3,Mechanical Failure,1,0,0,1,4,1,High
2018,2,Sunday,13,Sindh,Kashmore,National Highway,Good,Dusty/Smoggy,Daylight,Rickshaw,2,Wrong Overtaking,1,1,0,1,1,0,Low
2023,11,Friday,7,Punjab,Rahim Yar Khan,Urban Road,Poor,Clear,Daylight,Bus/Coach,1,Over Speeding,1,0,0,1,2,0,Low
2018,1,Thursday,12,Sindh,Thatta,National Highway,Average,Foggy,Daylight,Motorcycle,1,Wrong Overtaking,1,0,0,1,5,1,High
2023,1,Tuesday,6,Sindh,Sukkur,Motorway,Average,Clear,Daylight,Motorcycle,1,Road Condition,0,0,0,1,3,0,Medium
2022,11,Friday,22,Punjab,Sargodha,National Highway,Good,Clear,Street Light,Motorcycle,3,Driver Fatigue,0,0,1,1,2,4,High
2018,11,Wednesday,16,Punjab,Gujranwala,Provincial Highway,Good,Clear,Daylight,Motorcycle,2,Signal Violation,0,0,0,1,2,0,Medium
2021,11,Saturday,16,Sindh,Dadu,National Highway,Good,Foggy,Daylight,Motorcycle,1,Signal Violation,0,1,0,1,3,2,High
2022,10,Wednesday,19,Sindh,Karachi,Provincial Highway,Good,Clear,Dawn/Dusk,Car/Taxi,2,Signal Violation,1,0,0,0,3,0,Medium
2018,2,Friday,7,Sindh,Larkana,Urban Road,Poor,Clear,Daylight,Truck/Lorry,1,Driver Fatigue,1,0,0,1,2,0,Medium
2022,3,Monday,7,Balochistan,Khuzdar,Motorway,Good,Foggy,Daylight,Motorcycle,2,Wrong Overtaking,1,0,0,0,9,0,High
2019,9,Monday,19,KPK,Bannu,National Highway,Average,Clear,No Light,Truck/Lorry,4,Signal Violation,1,0,0,0,1,1,Medium
2021,3,Tuesday,18,Punjab,Sargodha,Provincial Highway,Average,Foggy,Street Light,Rickshaw,2,Driver Fatigue,1,0,0,0,4,0,Medium
2023,5,Thursday,23,Sindh,Mirpur Khas,National Highway,Poor,Clear,No Light,Motorcycle,3,Over Speeding,0,0,1,0,6,4,High
2018,8,Monday,16,Punjab,Rahim Yar Khan,National Highway,Average,Foggy,Daylight,Bus/Coach,2,Over Speeding,0,0,0,0,6,0,High