year,month,day_of_week,hour_of_day,province,district,road_type,road_condition,weather_condition,lighting_condition,vehicle_type,vehicles_involved,accident_cause,is_rush_hour,is_weekend,is_night,is_foggy_month,num_injured,num_killed,severity
2020,9,Thursday,23,Punjab,Lahore,Rural Road,Average,Clear,Street Light,Car/Taxi,2,Over Speeding,0,0,1,0,4,2,Medium
2023,4,Monday,9,Islamabad,Islamabad,National Highway,Poor,Rainy,No Light,Car/Taxi,3,Pedestrian Error,1,0,0,0,5,1,Medium
2021,7,Friday,6,Sindh,Thatta,National Highway,Average,Rainy,Daylight,Motorcycle,2,Driver Fatigue,0,0,0,0,2,1,High
2018,2,Wednesday,19,KPK,Peshawar,National Highway,Good,Clear,Dawn/Dusk,Motorcycle,2,Driver Fatigue,1,0,0,1,4,2,High
2019,3,Wednesday,2,Islamabad,Islamabad,National Highway,Poor,Clear,No Light,Car/Taxi,2,Over Speeding,0,0,1,0,3,0,High
2018,11,Sunday,19,Punjab,Lahore,Urban Road,Good,Rainy,Street Light,Car/Taxi,1,Signal Violation,1,1,0,1,4,0,Medium
2019,3,Saturday,21,Punjab,Rawalpindi,Urban Road,Average,Clear,No Light,Motorcycle,2,Signal Violation,0,1,0,0,2,2,Medium
2020,10,Tuesday,10,Punjab,Lahore,Provincial Highway,Under Repair,Foggy,Dawn/Dusk,Motorcycle,1,Over Speeding,0,0,0,0,10,0,High
2021,7,Thursday,11,Punjab,Rawalpindi,Urban Road,Good,Clear,Daylight,Bus/Coach,4,Over Speeding,0,0,0,0,1,0,Low
2022,12,Thursday,15,Punjab,Gujranwala,Rural Road,Good,Clear,Daylight,Car/Taxi,2,Wrong Overtaking,0,0,0,1,1,0,Low
2021,1,Monday,18,Gilgit-Baltistan,Gilgit,Provincial Highway,Good,Dusty/Smoggy,Daylight,Van/Pickup,2,Wrong Overtaking,1,0,0,1,0,0,Low
2022,12,Friday,9,Islamabad,Islamabad,Provincial Highway,Under Repair,Clear,No Light,Truck/Lorry,1,Wrong Overtaking,1,0,0,1,4,1,Medium
2020,1,Monday,7,KPK,Mardan,National Highway,Good,Rainy,Dawn/Dusk,Car/Taxi,1,Wrong Overtaking,1,0,0,1,5,3,High
2018,11,Saturday,16,KPK,Kohat,Urban Road,Good,Clear,Daylight,Motorcycle,2,Signal Violation,0,1,0,1,3,0,Medium
2021,3,Wednesday,23,Punjab,Rahim Yar Khan,National Highway,Good,Clear,No Light,Bicycle,2,Over Speeding,0,0,1,0,11,1,High
2019,5,Sunday,19,Sindh,Nawabshah,Urban Road,Average,Rainy,Street Light,Motorcycle,2,Wrong Overtaking,1,1,0,0,5,2,Medium
2022,2,Thursday,12,Punjab,Gujranwala,Rural Road,Average,Foggy,Daylight,Motorcycle,2,Drunk Driving,1,0,0,1,4,1,High
2021,7,Wednesday,8,Punjab,Bahawalpur,Provincial Highway,Average,Clear,Daylight,Car/Taxi,3,Mechanical Failure,1,0,0,0,2,0,Low
2023,12,Saturday,4,Punjab,Sialkot,Urban Road,Good,Clear,Street Light,Car/Taxi,1,Over Speeding,0,1,1,1,4,0,Medium
2023,3,Monday,5,Sindh,Larkana,National Highway,Good,Extreme Heat,No Light,Motorcycle,3,Road Condition,0,0,1,0,3,0,High
2023,10,Sunday,4,Punjab,Faisalabad,Rural Road,Good,Extreme Heat,Street Light,Car/Taxi,3,Over Speeding,0,1,1,0,5,0,Medium
2018,10,Sunday,15,Punjab,Bahawalpur,Urban Road,Poor,Foggy,Daylight,Car/Taxi,2,Signal Violation,0,1,0,0,1,0,Low
2018,8,Tuesday,11,Sindh,Dadu,Provincial Highway,Average,Clear,Daylight,Car/Taxi,2,Road Condition,0,0,0,0,1,0,Low
2023,10,Saturday,22,Sindh,Thatta,Provincial Highway,Poor,Clear,No Light,Motorcycle,3,Wrong Overtaking,0,1,1,0,6,0,High
2019,7,Friday,16,Punjab,Rahim Yar Khan,Urban Road,Good,Clear,Daylight,Bus/Coach,2,Wrong Overtaking,0,0,0,0,1,1,Low
2018,11,Wednesday,14,Punjab,Sheikhupura,Urban Road,Good,Clear,No Light,Car/Taxi,1,Wrong Overtaking,0,0,0,1,0,0,Low
2021,7,Tuesday,17,Balochistan,Quetta,Urban Road,Poor,Rainy,Daylight,Car/Taxi,4,Signal Violation,1,0,0,0,1,0,Low
2022,3,Wednesday,7,Punjab,Gujranwala,Urban Road,Poor,Clear,Daylight,Motorcycle,2,Weather Condition,1,0,0,0,1,0,Low
2022,7,Thursday,20,KPK,Abbottabad,Urban Road,Good,Rainy,No Light,Motorcycle,1,Road Condition,1,0,0,0,4,0,Medium
2023,5,Thursday,9,Punjab,Multan,National Highway,Good,Clear,Daylight,Bicycle,2,Over Speeding,1,0,0,0,4,0,High
2023,7,Sunday,17,Sindh,Mirpur Khas,Rural Road,Average,Rainy,Daylight,Bus/Coach,1,Signal Violation,1,1,0,0,1,0,Low
2023,8,Thursday,23,KPK,Dera Ismail Khan,Rural Road,Good,Extreme Heat,No Light,Rickshaw,1,Over Speeding,0,0,1,0,2,1,Medium
2022,8,Friday,17,KPK,Peshawar,National Highway,Good,Clear,Daylight,Car/Taxi,2,Over Speeding,1,0,0,0,9,1,High
2021,12,Saturday,19,Punjab,Faisalabad,Provincial Highway,Under Repair,Clear,Dawn/Dusk,Truck/Lorry,1,Drunk Driving,1,1,0,1,3,1,Medium
2023,11,Friday,23,Punjab,Bahawalpur,Urban Road,Average,Foggy,Street Light,Van/Pickup,1,Mechanical Failure,0,0,1,1,0,0,Low
2023,7,Wednesday,12,KPK,Dera Ismail Khan,National Highway,Good,Clear,Daylight,Rickshaw,1,Wrong Overtaking,1,0,0,0,1,0,Low
2023,4,Monday,18,Sindh,Nawabshah,Rural Road,Good,Clear,Dawn/Dusk,Bus/Coach,3,Over Speeding,1,0,0,0,2,1,Medium
2021,12,Sunday,10,Balochistan,Sibi,National Highway,Under Repair,Clear,Dawn/Dusk,Truck/Lorry,1,Driver Fatigue,0,1,0,1,3,2,Medium
2022,5,Friday,22,KPK,Mardan,National Highway,Average,Dusty/Smoggy,No Light,Car/Taxi,3,Over Speeding,0,0,1,0,5,2,Medium
2022,10,Sunday,9,Sindh,Nawabshah,Urban Road,Good,Rainy,Daylight,Bus/Coach,3,Mechanical Failure,1,1,0,0,0,0,Low
2018,10,Saturday,10,Gilgit-Baltistan,Gilgit,Urban Road,Good,Extreme Heat,Daylight,Car/Taxi,4,Signal Violation,0,1,0,0,0,0,Low
2023,1,Monday,19,Sindh,Karachi,Motorway,Good,Extreme Heat,Street Light,Rickshaw,1,Mechanical Failure,1,0,0,1,1,0,Low
2022,10,Saturday,9,KPK,Dera Ismail Khan,Provincial Highway,Good,Foggy,Daylight,Car/Taxi,3,Over Speeding,1,1,0,0,7,2,High
2021,4,Thursday,4,KPK,Dera Ismail Khan,Provincial Highway,Under Repair,Clear,No Light,Car/Taxi,2,Signal Violation,0,0,1,0,2,0,Low
2019,4,Thursday,14,Sindh,Thatta,Rural Road,Good,Clear,Daylight,Bus/Coach,2,Signal Violation,0,0,0,0,1,0,Low
2020,3,Sunday,14,Sindh,Larkana,Rural Road,Average,Foggy,Daylight,Truck/Lorry,2,Over Speeding,0,1,0,0,1,0,Medium
2023,8,Sunday,5,KPK,Kohat,National Highway,Poor,Rainy,Dawn/Dusk,Car/Taxi,1,Over Speeding,0,1,1,0,4,0,High
2023,7,Saturday,15,Sindh,Mirpur Khas,National Highway,Good,Foggy,Dawn/Dusk,Truck/Lorry,1,Pedestrian Error,0,1,0,0,5,0,Medium
2023,7,Saturday,20,Sindh,Larkana,Provincial Highway,Average,Clear,No Light,Rickshaw,1,Road Condition,1,1,0,0,2,0,Low
2018,1,Thursday,16,KPK,Abbottabad,Urban Road,Average,Clear,Daylight,Bus/Coach,1,Mechanical Failure,0,0,0,1,0,0,Low
2022,7,Wednesday,2,Punjab,Rawalpindi,Rural Road,Average,Clear,Street Light,Car/Taxi,2,Wrong Overtaking,0,0,1,0,3,0,Medium
2023,1,Thursday,10,Punjab,Gujranwala,Provincial Highway,Average,Clear,Daylight,Motorcycle,1,Wrong Overtaking,0,0,0,1,10,1,High
2023,10,Monday,22,Punjab,Lahore,Urban Road,Good,Rainy,Street Light,Motorcycle,2,Over Speeding,0,0,1,0,9,0,High
2018,6,Friday,22,Sindh,Larkana,Urban Road,Average,Clear,No Light,Car/Taxi,3,Wrong Overtaking,0,0,1,0,5,0,Medium
2022,11,Saturday,14,Balochistan,Sibi,National Highway,Under Repair,Clear,Daylight,Bus/Coach,1,Over Speeding,0,1,0,1,5,0,High
2018,11,Tuesday,8,Sindh,Hyderabad,Rural Road,Average,Rainy,Daylight,Bus/Coach,3,Weather Condition,1,0,0,1,2,0,Low
2021,11,Saturday,19,AJK,Muzaffarabad,National Highway,Good,Clear,No Light,Motorcycle,2,Signal Violation,1,1,0,1,4,0,Medium
2020,12,Friday,16,Punjab,Sheikhupura,National Highway,Poor,Rainy,Daylight,Car/Taxi,3,Road Condition,0,0,0,1,5,1,Medium
2019,11,Tuesday,2,KPK,Dera Ismail Khan,Urban Road,Average,Clear,No Light,Rickshaw,1,Drunk Driving,0,0,1,1,4,0,Medium
2022,5,Saturday,10,Punjab,Sargodha,Urban Road,Under Repair,Clear,Daylight,Motorcycle,3,Driver Fatigue,0,1,0,0,2,0,Medium
2023,8,Thursday,19,Punjab,Gujranwala,Urban Road,Poor,Clear,Daylight,Bus/Coach,1,Signal Violation,1,0,0,0,0,0,Low
2022,2,Tuesday,9,KPK,Charsadda,National Highway,Good,Clear,Daylight,Motorcycle,4,Over Speeding,1,0,0,1,10,1,High
2023,8,Sunday,11,Punjab,Bahawalpur,Rural Road,Good,Dusty/Smoggy,Dawn/Dusk,Other,3,Signal Violation,0,1,0,0,0,0,Low
2022,5,Monday,18,Punjab,Gujranwala,National Highway,Under Repair,Clear,Daylight,Motorcycle,1,Mobile Phone Use,1,0,0,0,11,1,High
2020,7,Thursday,11,Punjab,Faisalabad,National Highway,Poor,Foggy,Daylight,Car/Taxi,1,Signal Violation,0,0,0,0,10,4,High
2019,4,Thursday,21,KPK,Abbottabad,National Highway,Poor,Clear,No Light,Motorcycle,2,Signal Violation,0,0,0,0,10,1,High
2021,4,Friday,21,Sindh,Hyderabad,Provincial Highway,Average,Clear,No Light,Motorcycle,1,Over Speeding,0,0,0,0,11,1,High
2023,2,Monday,23,Punjab,Sialkot,Rural Road,Under Repair,Dusty/Smoggy,No Light,Van/Pickup,1,Over Speeding,0,0,1,1,1,0,Medium
2018,10,Sunday,21,Punjab,Faisalabad,National Highway,Average,Rainy,No Light,Rickshaw,2,Drunk Driving,0,1,0,0,8,1,High
2023,11,Wednesday,8,Punjab,Rawalpindi,Rural Road,Poor,Clear,Dawn/Dusk,Motorcycle,1,Over Speeding,1,0,0,1,1,0,Medium
2023,2,Thursday,10,Punjab,Multan,Urban Road,Good,Clear,Street Light,Motorcycle,1,Wrong Overtaking,0,0,0,1,0,0,Low
2020,4,Monday,8,Balochistan,Turbat,Urban Road,Average,Clear,Daylight,Car/Taxi,2,Drunk Driving,1,0,0,0,0,0,Low
2023,3,Friday,16,Islamabad,Islamabad,Provincial Highway,Good,Clear,Daylight,Car/Taxi,2,Wrong Overtaking,0,0,0,0,0,0,Low
2021,4,Thursday,16,Islamabad,Islamabad,National Highway,Average,Foggy,Daylight,Car/Taxi,1,Signal Violation,0,0,0,0,2,1,High
2018,10,Monday,11,KPK,Peshawar,National Highway,Under Repair,Clear,Daylight,Car/Taxi,3,Road Condition,0,0,0,0,1,0,Low
2019,9,Saturday,1,Balochistan,Loralai,Provincial Highway,Average,Clear,No Light,Motorcycle,2,Wrong Overtaking,0,1,1,0,9,1,High
2023,12,Saturday,10,KPK,Peshawar,National Highway,Under Repair,Clear,Street Light,Van/Pickup,2,Wrong Overtaking,0,1,0,1,4,0,Medium
2023,1,Sunday,14,Islamabad,Islamabad,National Highway,Good,Foggy,Dawn/Dusk,Car/Taxi,2,Over Speeding,0,1,0,1,4,0,Medium
2021,1,Saturday,21,Balochistan,Dera Bugti,National Highway,Average,Rainy,No Light,Car/Taxi,1,Over Speeding,0,1,0,1,6,0,High
2022,11,Thursday,21,Sindh,Jacobabad,National Highway,Good,Clear,Street Light,Motorcycle,3,Drunk Driving,0,0,0,1,4,1,High
2023,3,Monday,5,Punjab,Gujranwala,Urban Road,Poor,Foggy,Dawn/Dusk,Bus/Coach,1,Over Speeding,0,0,1,0,6,0,High
2022,9,Friday,1,Sindh,Hyderabad,Provincial Highway,Average,Clear,No Light,Bus/Coach,1,Pedestrian Error,0,0,1,0,2,0,Low
2019,4,Tuesday,6,Sindh,Dadu,Urban Road,Good,Clear,Daylight,Motorcycle,2,Road Condition,0,0,0,0,1,0,Low
2023,2,Friday,18,Sindh,Nawabshah,Urban Road,Good,Foggy,Daylight,Motorcycle,2,Over Speeding,1,0,0,1,5,0,High
2023,9,Sunday,15,KPK,Nowshera,National Highway,Average,Clear,Daylight,Motorcycle,1,Mobile Phone Use,0,1,0,0,2,1,Medium
2019,2,Wednesday,13,KPK,Bannu,Provincial Highway,Good,Clear,Daylight,Van/Pickup,2,Over Speeding,1,0,0,1,4,0,Medium
2022,7,Saturday,11,Punjab,Bahawalpur,Provincial Highway,Good,Clear,Daylight,Motorcycle,1,Wrong Overtaking,0,1,0,0,2,0,High
2019,2,Thursday,22,Punjab,Bahawalpur,Provincial Highway,Average,Clear,No Light,Van/Pickup,2,Wrong Overtaking,0,0,1,1,2,0,Low
2021,5,Friday,4,Balochistan,Khuzdar,Rural Road,Good,Clear,No Light,Car/Taxi,2,Signal Violation,0,0,1,0,1,0,Low
2020,6,Friday,8,Sindh,Thatta,National Highway,Good,Clear,Daylight,Car/Taxi,3,Road Condition,1,0,0,0,1,0,Low
2020,9,Sunday,6,Punjab,Multan,Provincial Highway,Poor,Foggy,Dawn/Dusk,Motorcycle,1,Wrong Overtaking,0,1,0,0,8,1,High
2019,3,Tuesday,6,Balochistan,Loralai,Provincial Highway,Average,Clear,Daylight,Motorcycle,2,Over Speeding,0,0,0,0,6,1,High
2018,5,Thursday,10,Punjab,Sialkot,Rural Road,Average,Foggy,Daylight,Bus/Coach,2,Pedestrian Error,0,0,0,0,0,0,Low
2021,3,Wednesday,6,Punjab,Lahore,National Highway,Average,Clear,Daylight,Motorcycle,2,Road Condition,0,0,0,0,7,2,High
2021,12,Friday,15,Punjab,Multan,Provincial Highway,Good,Dusty/Smoggy,Daylight,Motorcycle,2,Pedestrian Error,0,0,0,1,5,1,Medium
2019,4,Friday,13,Balochistan,Sibi,Provincial Highway,Good,Clear,Dawn/Dusk,Motorcycle,2,Signal Violation,1,0,0,0,2,2,Medium
2022,1,Monday,18,KPK,Bannu,Provincial Highway,Under Repair,Clear,Dawn/Dusk,Motorcycle,2,Signal Violation,1,0,0,1,5,1,Medium
2023,12,Friday,18,Sindh,Jacobabad,Urban Road,Average,Rainy,Street Light,Motorcycle,2,Driver Fatigue,1,0,0,1,8,2,High
2018,2,Sunday,20,Islamabad,Islamabad,Rural Road,Good,Clear,Street Light,Car/Taxi,2,Drunk Driving,1,1,0,1,4,0,Medium
2020,3,Sunday,18,Islamabad,Islamabad,Provincial Highway,Average,Clear,Daylight,Car/Taxi,4,Over Speeding,1,1,0,0,2,0,Medium
2019,1,Thursday,18,KPK,Abbottabad,Provincial Highway,Average,Clear,Daylight,Motorcycle,3,Signal Violation,1,0,0,1,5,0,Medium
2023,8,Monday,19,Balochistan,Khuzdar,Urban Road,Average,Clear,Dawn/Dusk,Car/Taxi,1,Over Speeding,1,0,0,0,1,0,Low
2022,1,Tuesday,12,KPK,Charsadda,Provincial Highway,Good,Dusty/Smoggy,Daylight,Car/Taxi,2,Signal Violation,1,0,0,1,2,1,Medium
2023,3,Monday,8,Sindh,Dadu,Urban Road,Good,Foggy,Daylight,Bus/Coach,2,Over Speeding,1,0,0,0,3,1,Medium
2021,4,Tuesday,18,Sindh,Sukkur,Urban Road,Under Repair,Clear,Daylight,Rickshaw,3,Mechanical Failure,1,0,0,0,2,0,Low
2020,8,Monday,20,Punjab,Bahawalpur,Urban Road,Average,Clear,Street Light,Car/Taxi,1,Signal Violation,1,0,0,0,2,0,Low
2023,3,Tuesday,14,Punjab,Sialkot,Urban Road,Average,Extreme Heat,Street Light,Van/Pickup,1,Over Speeding,0,0,0,0,5,0,Medium
2018,12,Friday,13,KPK,Kohat,Urban Road,Poor,Clear,Daylight,Motorcycle,2,Over Speeding,1,0,0,1,9,2,High
2022,5,Sunday,17,Punjab,Sargodha,Motorway,Good,Rainy,Daylight,Car/Taxi,2,Over Speeding,1,1,0,0,7,0,High
2022,7,Monday,18,Punjab,Faisalabad,National Highway,Average,Dusty/Smoggy,Daylight,Motorcycle,2,Over Speeding,1,0,0,0,9,1,High
2020,12,Wednesday,22,Punjab,Lahore,Provincial Highway,Poor,Foggy,Street Light,Motorcycle,2,Wrong Overtaking,0,0,1,1,3,3,High
2021,6,Friday,6,Sindh,Hyderabad,National Highway,Good,Clear,Daylight,Van/Pickup,1,Drunk Driving,0,0,0,0,1,1,Medium
2021,3,Friday,20,Punjab,Faisalabad,Rural Road,Good,Foggy,Street Light,Truck/Lorry,3,Drunk Driving,1,0,0,0,2,0,Medium
2021,9,Saturday,8,KPK,Swat,Rural Road,Good,Rainy,Daylight,Truck/Lorry,1,Over Speeding,1,1,0,0,5,1,High
2021,6,Tuesday,9,AJK,Mirpur,National Highway,Average,Clear,Daylight,Motorcycle,2,Mechanical Failure,1,0,0,0,6,0,High
2021,6,Tuesday,20,Islamabad,Islamabad,Urban Road,Average,Clear,No Light,Motorcycle,3,Driver Fatigue,1,0,0,0,9,4,High
2019,7,Saturday,14,Sindh,Larkana,Rural Road,Average,Rainy,Daylight,Car/Taxi,3,Road Condition,0,1,0,0,2,0,Low
2019,5,Tuesday,14,AJK,Muzaffarabad,Rural Road,Poor,Clear,Daylight,Rickshaw,2,Signal Violation,0,0,0,0,1,0,Low
2021,3,Monday,11,Punjab,Lahore,Urban Road,Good,Rainy,Street Light,Motorcycle,3,Road Condition,0,0,0,0,1,0,Medium
2020,2,Sunday,7,Sindh,Dadu,Provincial Highway,Good,Clear,Daylight,Van/Pickup,3,Mechanical Failure,1,1,0,1,2,0,Low
2020,4,Saturday,17,Punjab,Rawalpindi,Provincial Highway,Good,Foggy,Daylight,Motorcycle,2,Over Speeding,1,1,0,0,8,1,High
2023,1,Sunday,1,Balochistan,Gwadar,National Highway,Average,Clear,No Light,Motorcycle,2,Signal Violation,0,1,1,1,11,0,High
2023,10,Thursday,11,Punjab,Rawalpindi,National Highway,Good,Clear,Daylight,Car/Taxi,1,Road Condition,0,0,0,0,2,0,Low
2020,11,Friday,8,Sindh,Karachi,Rural Road,Under Repair,Clear,Daylight,Car/Taxi,3,Mechanical Failure,1,0,0,1,2,0,Low
2023,6,Thursday,19,KPK,Dera Ismail Khan,Provincial Highway,Good,Foggy,Dawn/Dusk,Motorcycle,1,Wrong Overtaking,1,0,0,0,4,1,Medium
2023,12,Friday,20,Sindh,Jacobabad,National Highway,Average,Clear,Street Light,Motorcycle,1,Over Speeding,1,0,0,1,11,1,High
2019,1,Monday,7,Punjab,Bahawalpur,Urban Road,Average,Extreme Heat,Daylight,Car/Taxi,1,Over Speeding,1,0,0,1,0,0,Low
2023,1,Thursday,10,Sindh,Karachi,National Highway,Poor,Clear,Daylight,Motorcycle,1,Over Speeding,0,0,0,1,5,4,High
2022,1,Wednesday,20,KPK,Bannu,Provincial Highway,Average,Clear,Street Light,Motorcycle,4,Over Speeding,1,0,0,1,5,3,High
2022,3,Wednesday,12,Punjab,Sheikhupura,Rural Road,Good,Clear,Daylight,Truck/Lorry,3,Drunk Driving,1,0,0,0,2,2,Medium
2021,7,Wednesday,21,KPK,Peshawar,Urban Road,Good,Clear,No Light,Motorcycle,2,Signal Violation,0,0,0,0,1,0,Low
2023,4,Monday,6,Balochistan,Chaman,Urban Road,Poor,Foggy,Dawn/Dusk,Car/Taxi,3,Mechanical Failure,0,0,0,0,0,1,Low
2019,8,Monday,16,AJK,Rawalakot,Urban Road,Average,Dusty/Smoggy,Daylight,Truck/Lorry,1,Wrong Overtaking,0,0,0,0,3,0,Medium
2022,12,Friday,12,Punjab,Sargodha,Rural Road,Poor,Rainy,Daylight,Motorcycle,2,Over Speeding,1,0,0,1,6,1,High
2022,2,Thursday,20,Punjab,Faisalabad,Urban Road,Under Repair,Clear,No Light,Car/Taxi,2,Pedestrian Error,1,0,0,1,1,1,Low
2022,9,Friday,7,Punjab,Rawalpindi,Urban Road,Average,Clear,Daylight,Car/Taxi,2,Driver Fatigue,1,0,0,0,2,0,Low
2023,1,Thursday,5,KPK,Bannu,National Highway,Under Repair,Foggy,Street Light,Motorcycle,1,Wrong Overtaking,0,0,1,1,7,1,High
2022,9,Friday,8,Balochistan,Hub,Urban Road,Average,Clear,Daylight,Motorcycle,2,Road Condition,1,0,0,0,1,0,Low
2020,2,Saturday,8,Islamabad,Islamabad,National Highway,Under Repair,Clear,Daylight,Motorcycle,4,Mechanical Failure,1,1,0,1,5,1,Medium
2023,9,Sunday,11,Balochistan,Zhob,Provincial Highway,Good,Rainy,Daylight,Motorcycle,1,Signal Violation,0,1,0,0,3,0,Medium
2020,8,Sunday,19,Sindh,Sukkur,Rural Road,Average,Foggy,Street Light,Truck/Lorry,1,Mobile Phone Use,1,1,0,0,1,0,Low
2018,7,Saturday,18,KPK,Abbottabad,Provincial Highway,Average,Foggy,Daylight,Motorcycle,2,Pedestrian Error,1,1,0,0,5,0,Medium
2023,11,Saturday,20,Punjab,Bahawalpur,National Highway,Good,Clear,No Light,Bus/Coach,2,Wrong Overtaking,1,1,0,1,7,0,High
2019,5,Monday,13,Punjab,Rawalpindi,Urban Road,Good,Rainy,Dawn/Dusk,Bus/Coach,3,Over Speeding,1,0,0,0,4,0,Medium
2021,2,Friday,21,Balochistan,Dera Bugti,National Highway,Average,Foggy,Street Light,Motorcycle,2,Over Speeding,0,0,0,1,5,0,High
2019,1,Wednesday,10,KPK,Swat,National Highway,Good,Clear,Daylight,Motorcycle,2,Mechanical Failure,0,0,0,1,5,1,Medium
2022,8,Monday,7,Sindh,Jacobabad,National Highway,Poor,Foggy,Daylight,Car/Taxi,2,Weather Condition,1,0,0,0,2,0,Low
2021,12,Saturday,6,Punjab,Sheikhupura,Provincial Highway,Average,Clear,Dawn/Dusk,Motorcycle,2,Road Condition,0,1,0,1,3,0,Medium
2019,11,Sunday,18,Punjab,Rawalpindi,Provincial Highway,Average,Extreme Heat,No Light,Motorcycle,1,Signal Violation,1,1,0,1,3,1,Medium
2019,7,Wednesday,13,Sindh,Nawabshah,Rural Road,Average,Rainy,No Light,Van/Pickup,4,Signal Violation,1,0,0,0,2,0,Low
2022,5,Wednesday,20,Balochistan,Khuzdar,National Highway,Good,Clear,Street Light,Motorcycle,2,Wrong Overtaking,1,0,0,0,2,1,High
2023,12,Thursday,11,Punjab,Rawalpindi,Provincial Highway,Poor,Clear,Daylight,Rickshaw,4,Over Speeding,0,0,0,1,1,1,Medium
2021,12,Wednesday,1,Punjab,Sialkot,National Highway,Poor,Dusty/Smoggy,No Light,Motorcycle,2,Over Speeding,0,0,1,1,10,1,High
2021,6,Friday,17,Sindh,Karachi,National Highway,Good,Clear,Daylight,Car/Taxi,4,Drunk Driving,1,0,0,0,2,2,High
2022,11,Monday,18,Punjab,Lahore,Provincial Highway,Good,Clear,Dawn/Dusk,Bus/Coach,2,Over Speeding,1,0,0,1,1,0,Medium
2019,7,Tuesday,11,Punjab,Multan,National Highway,Average,Foggy,Daylight,Rickshaw,1,Wrong Overtaking,0,0,0,0,7,2,High
2023,2,Saturday,7,Punjab,Rawalpindi,Urban Road,Poor,Clear,Daylight,Truck/Lorry,3,Mechanical Failure,1,1,0,1,0,0,Low
2020,7,Friday,21,Sindh,Jacobabad,National Highway,Under Repair,Clear,No Light,Truck/Lorry,2,Wrong Overtaking,0,0,0,0,10,0,High
2023,6,Tuesday,14,Sindh,Jacobabad,Provincial Highway,Under Repair,Clear,Daylight,Rickshaw,2,Wrong Overtaking,0,0,0,0,0,0,Low
2018,7,Saturday,17,Balochistan,Gwadar,National Highway,Average,Clear,Street Light,Car/Taxi,2,Wrong Overtaking,1,1,0,0,5,1,Medium
2018,6,Sunday,9,Sindh,Jacobabad,Motorway,Average,Clear,Daylight,Car/Taxi,2,Mechanical Failure,1,1,0,0,3,0,Medium
2022,11,Wednesday,19,KPK,Swat,Urban Road,Good,Extreme Heat,Dawn/Dusk,Rickshaw,2,Road Condition,1,0,0,1,1,0,Low
2020,3,Tuesday,19,Punjab,Bahawalpur,National Highway,Average,Foggy,Dawn/Dusk,Truck/Lorry,3,Mechanical Failure,1,0,0,0,3,1,High
2023,4,Tuesday,19,KPK,Swat,Rural Road,Under Repair,Clear,No Light,Car/Taxi,2,Weather Condition,1,0,0,0,1,0,Low
2018,10,Friday,12,Sindh,Hyderabad,National Highway,Good,Clear,Daylight,Rickshaw,2,Over Speeding,1,0,0,0,9,1,High
2019,10,Thursday,16,Punjab,Rahim Yar Khan,Rural Road,Good,Dusty/Smoggy,Street Light,Bus/Coach,4,Mobile Phone Use,0,0,0,0,0,0,Low
2022,10,Saturday,13,KPK,Swat,Motorway,Average,Dusty/Smoggy,Daylight,Motorcycle,2,Signal Violation,1,1,0,0,1,0,Medium
2023,7,Thursday,21,Punjab,Rahim Yar Khan,Motorway,Good,Dusty/Smoggy,No Light,Car/Taxi,2,Wrong Overtaking,0,0,0,0,2,0,Low
2023,12,Monday,18,Sindh,Sukkur,Rural Road,Poor,Clear,Dawn/Dusk,Car/Taxi,3,Signal Violation,1,0,0,1,0,0,Low
2021,6,Monday,7,KPK,Kohat,Motorway,Poor,Foggy,Daylight,Rickshaw,2,Mobile Phone Use,1,0,0,0,4,2,Medium
2022,6,Tuesday,12,KPK,Swat,National Highway,Average,Foggy,Daylight,Van/Pickup,1,Wrong Overtaking,1,0,0,0,2,1,Medium
2021,8,Thursday,14,Balochistan,Dera Bugti,Urban Road,Good,Clear,Daylight,Motorcycle,1,Road Condition,0,0,0,0,2,0,Low
2023,9,Wednesday,11,Islamabad,Islamabad,Urban Road,Under Repair,Clear,Daylight,Car/Taxi,4,Over Speeding,0,0,0,0,1,0,Medium
2018,2,Wednesday,21,KPK,Mansehra,Urban Road,Average,Foggy,No Light,Van/Pickup,3,Road Condition,0,0,0,1,2,0,Low
2022,11,Thursday,9,Balochistan,Khuzdar,National Highway,Average,Clear,Daylight,Car/Taxi,4,Road Condition,1,0,0,1,1,2,Medium
2023,1,Tuesday,16,Punjab,Rawalpindi,Rural Road,Average,Extreme Heat,Daylight,Car/Taxi,1,Over Speeding,0,0,0,1,2,0,Medium
2022,4,Wednesday,22,Punjab,Multan,National Highway,Average,Clear,No Light,Car/Taxi,3,Signal Violation,0,0,1,0,2,3,High
2022,3,Sunday,5,Punjab,Rawalpindi,National Highway,Average,Clear,No Light,Bicycle,3,Over Speeding,0,1,1,0,9,0,High
2023,12,Thursday,16,Punjab,Rawalpindi,Rural Road,Average,Foggy,Daylight,Motorcycle,2,Mechanical Failure,0,0,0,1,2,1,Medium
2022,2,Monday,23,Punjab,Multan,Urban Road,Good,Clear,Street Light,Motorcycle,2,Over Speeding,0,0,1,1,4,1,High
2019,8,Wednesday,18,Balochistan,Dera Bugti,Urban Road,Poor,Clear,Dawn/Dusk,Motorcycle,2,Wrong Overtaking,1,0,0,0,2,1,Medium
2020,9,Friday,14,Sindh,Thatta,Urban Road,Good,Clear,Daylight,Car/Taxi,2,Over Speeding,0,0,0,0,5,0,Medium