year,month,day_of_week,hour_of_day,province,district,road_type,road_condition,weather_condition,lighting_condition,vehicle_type,vehicles_involved,accident_cause,is_rush_hour,is_weekend,is_night,is_foggy_month,num_injured,num_killed,severity
2021,6,Friday,9,Sindh,Jacobabad,National Highway,Good,Clear,Dawn/Dusk,Motorcycle,2,Wrong Overtaking,1,0,0,0,3,0,High
2023,3,Saturday,9,Punjab,Lahore,Rural Road,Poor,Clear,Dawn/Dusk,Truck/Lorry,2,Over Speeding,1,1,0,0,5,1,Medium
2020,1,Friday,7,Sindh,Larkana,National Highway,Good,Clear,Daylight,Bicycle,2,Wrong Overtaking,1,0,0,1,1,0,Medium
2018,6,Thursday,19,KPK,Mansehra,Provincial Highway,Good,Rainy,Dawn/Dusk,Car/Taxi,1,Pedestrian Error,1,0,0,0,1,0,Low
2022,8,Saturday,15,Punjab,Sargodha,National Highway,Good,Dusty/Smoggy,Daylight,Bicycle,3,Signal Violation,0,1,0,0,2,2,Medium
2018,12,Monday,18,Islamabad,Islamabad,Urban Road,Good,Extreme Heat,Daylight,Motorcycle,4,Over Speeding,1,0,0,1,1,0,Medium
2023,8,Monday,21,Punjab,Rahim Yar Khan,National Highway,Poor,Foggy,No Light,Rickshaw,2,Driver Fatigue,0,0,0,0,3,0,Medium
2020,1,Tuesday,19,Balochistan,Sibi,Provincial Highway,Poor,Rainy,Daylight,Bus/Coach,2,Pedestrian Error,1,0,0,1,5,2,Medium
2020,2,Friday,12,Punjab,Lahore,Motorway,Good,Clear,Daylight,Rickshaw,1,Over Speeding,1,0,0,1,4,2,High
2019,11,Sunday,22,Sindh,Karachi,Urban Road,Average,Clear,No Light,Car/Taxi,2,Over Speeding,0,1,1,1,3,2,Medium
2018,9,Monday,18,AJK,Mirpur,National Highway,Average,Clear,Daylight,Motorcycle,1,Road Condition,1,0,0,0,6,1,High
2022,6,Tuesday,0,Sindh,Larkana,Motorway,Good,Clear,No Light,Motorcycle,1,Driver Fatigue,0,0,1,0,5,3,High
2022,8,Sunday,17,Sindh,Hyderabad,Provincial Highway,Under Repair,Dusty/Smoggy,Daylight,Motorcycle,1,Driver Fatigue,1,1,0,0,4,0,High
2021,2,Monday,10,KPK,Nowshera,Rural Road,Poor,Rainy,Street Light,Car/Taxi,1,Road Condition,0,0,0,1,1,0,Low
2023,9,Wednesday,17,Punjab,Rahim Yar Khan,National Highway,Good,Foggy,Daylight,Motorcycle,1,Road Condition,1,0,0,0,9,0,High
2019,1,Wednesday,18,Punjab,Bahawalpur,National Highway,Average,Clear,Daylight,Motorcycle,4,Drunk Driving,1,0,0,1,7,1,High
2019,10,Saturday,18,Punjab,Lahore,National Highway,Under Repair,Extreme Heat,Daylight,Motorcycle,2,Over Speeding,1,1,0,0,6,2,High
2018,9,Saturday,13,Punjab,Rahim Yar Khan,National Highway,Good,Clear,Daylight,Motorcycle,4,Road Condition,1,1,0,0,6,3,High
2020,2,Sunday,3,Islamabad,Islamabad,Urban Road,Good,Dusty/Smoggy,Street Light,Truck/Lorry,1,Pedestrian Error,0,1,1,1,3,0,Medium
2022,1,Monday,19,Balochistan,Chaman,National Highway,Average,Clear,Daylight,Car/Taxi,3,Mechanical Failure,1,0,0,1,1,0,Medium
2022,9,Sunday,18,Punjab,Rahim Yar Khan,Rural Road,Average,Clear,Street Light,Rickshaw,2,Weather Condition,1,1,0,0,2,0,Low
2018,12,Saturday,20,KPK,Bannu,Motorway,Poor,Rainy,Street Light,Car/Taxi,4,Over Speeding,1,1,0,1,3,0,Medium
2018,2,Sunday,23,Punjab,Sheikhupura,Rural Road,Average,Clear,Street Light,Truck/Lorry,2,Signal Violation,0,1,1,1,0,0,Low
2023,12,Sunday,19,Punjab,Faisalabad,National Highway,Average,Clear,Daylight,Motorcycle,1,Wrong Overtaking,1,1,0,1,4,0,Medium
2023,8,Sunday,20,KPK,Abbottabad,Provincial Highway,Good,Rainy,No Light,Van/Pickup,2,Over Speeding,1,1,0,0,6,0,High
2019,5,Monday,12,Punjab,Sheikhupura,Provincial Highway,Poor,Foggy,Daylight,Motorcycle,2,Wrong Overtaking,1,0,0,0,1,1,Medium
2023,7,Sunday,9,Punjab,Bahawalpur,Provincial Highway,Average,Rainy,Daylight,Truck/Lorry,2,Pedestrian Error,1,1,0,0,1,0,Medium
2018,7,Monday,13,KPK,Swat,Rural Road,Poor,Foggy,Daylight,Motorcycle,2,Over Speeding,1,0,0,0,4,0,Medium
2021,1,Monday,22,AJK,Rawalakot,Provincial Highway,Good,Rainy,Street Light,Van/Pickup,3,Signal Violation,0,0,1,1,5,0,Medium
2022,1,Saturday,22,Sindh,Mirpur Khas,Rural Road,Under Repair,Extreme Heat,No Light,Motorcycle,1,Signal Violation,0,1,1,1,1,1,Medium
2018,10,Saturday,21,Punjab,Multan,National Highway,Average,Foggy,Street Light,Car/Taxi,2,Signal Violation,0,1,0,0,5,0,Medium
2019,9,Tuesday,12,Punjab,Gujranwala,Provincial Highway,Poor,Clear,Daylight,Car/Taxi,2,Over Speeding,1,0,0,0,4,2,Medium
2018,6,Tuesday,19,Sindh,Karachi,National Highway,Average,Extreme Heat,Dawn/Dusk,Rickshaw,1,Over Speeding,1,0,0,0,2,1,Medium
2023,2,Friday,12,KPK,Mardan,Provincial Highway,Poor,Dusty/Smoggy,Dawn/Dusk,Motorcycle,2,Signal Violation,1,0,0,1,5,0,Medium
2023,11,Thursday,6,Balochistan,Turbat,Provincial Highway,Good,Dusty/Smoggy,Daylight,Rickshaw,1,Driver Fatigue,0,0,0,1,3,0,Medium
2018,7,Monday,22,Balochistan,Hub,Urban Road,Under Repair,Clear,Street Light,Car/Taxi,2,Road Condition,0,0,1,0,1,0,Low
2021,6,Tuesday,8,Balochistan,Turbat,Provincial Highway,Average,Clear,Daylight,Motorcycle,3,Over Speeding,1,0,0,0,3,2,High
2022,7,Friday,11,Sindh,Karachi,Provincial Highway,Good,Clear,Daylight,Van/Pickup,2,Mobile Phone Use,0,0,0,0,1,0,Low
2019,12,Monday,20,Sindh,Kashmore,Urban Road,Good,Dusty/Smoggy,Street Light,Bus/Coach,2,Over Speeding,1,0,0,1,2,0,Low
2023,7,Sunday,20,KPK,Kohat,National Highway,Poor,Rainy,No Light,Motorcycle,3,Over Speeding,1,1,0,0,8,1,High
2023,6,Tuesday,14,KPK,Mardan,Rural Road,Average,Foggy,Daylight,Car/Taxi,3,Over Speeding,0,0,0,0,0,0,Low
2022,12,Friday,18,Punjab,Faisalabad,Provincial Highway,Good,Clear,Daylight,Car/Taxi,3,Road Condition,1,0,0,1,1,0,Low
2020,5,Sunday,14,Sindh,Karachi,Provincial Highway,Good,Clear,Daylight,Motorcycle,2,Mechanical Failure,0,1,0,0,2,0,Medium
2019,5,Sunday,19,Punjab,Rahim Yar Khan,Rural Road,Under Repair,Clear,Dawn/Dusk,Motorcycle,2,Wrong Overtaking,1,1,0,0,5,1,Medium
2023,12,Wednesday,16,Balochistan,Khuzdar,Rural Road,Good,Foggy,Street Light,Motorcycle,1,Mobile Phone Use,0,0,0,1,4,1,Medium
2020,6,Monday,19,Punjab,Faisalabad,Urban Road,Good,Rainy,Street Light,Motorcycle,1,Pedestrian Error,1,0,0,0,4,1,Medium
2023,3,Wednesday,7,KPK,Nowshera,Provincial Highway,Average,Clear,Daylight,Truck/Lorry,1,Wrong Overtaking,1,0,0,0,2,0,Medium
2020,10,Saturday,6,Punjab,Bahawalpur,Urban Road,Average,Clear,Daylight,Van/Pickup,1,Drunk Driving,0,1,0,0,1,0,Low
2023,4,Sunday,14,KPK,Bannu,National Highway,Average,Extreme Heat,Daylight,Motorcycle,2,Signal Violation,0,1,0,0,1,0,Medium
2019,8,Tuesday,8,Punjab,Bahawalpur,Rural Road,Average,Dusty/Smoggy,Daylight,Rickshaw,1,Wrong Overtaking,1,0,0,0,1,0,Low
2018,1,Thursday,9,KPK,Mansehra,National Highway,Good,Clear,Street Light,Truck/Lorry,4,Driver Fatigue,1,0,0,1,4,0,Medium
2018,8,Monday,20,Punjab,Bahawalpur,Urban Road,Average,Clear,Street Light,Car/Taxi,2,Road Condition,1,0,0,0,2,0,Low
2023,7,Thursday,6,Sindh,Karachi,Rural Road,Good,Clear,Daylight,Motorcycle,2,Road Condition,0,0,0,0,2,2,Medium
2023,9,Thursday,16,Punjab,Sheikhupura,National Highway,Good,Rainy,Daylight,Truck/Lorry,2,Driver Fatigue,0,0,0,0,7,1,High
2023,11,Monday,7,Sindh,Thatta,Rural Road,Average,Clear,Dawn/Dusk,Car/Taxi,2,Over Speeding,1,0,0,1,1,0,Low
2022,12,Sunday,17,KPK,Abbottabad,Provincial Highway,Good,Dusty/Smoggy,Daylight,Motorcycle,2,Wrong Overtaking,1,1,0,1,2,0,Medium
2022,2,Thursday,1,KPK,Mardan,Urban Road,Poor,Rainy,No Light,Bus/Coach,1,Drunk Driving,0,0,1,1,3,3,High
2021,1,Tuesday,5,Punjab,Sheikhupura,Provincial Highway,Average,Foggy,Dawn/Dusk,Rickshaw,1,Wrong Overtaking,0,0,1,1,3,1,Medium
2019,5,Friday,5,Sindh,Sukkur,Urban Road,Under Repair,Clear,Dawn/Dusk,Car/Taxi,2,Road Condition,0,0,1,0,0,0,Low
2018,1,Friday,19,Balochistan,Zhob,Rural Road,Average,Foggy,Street Light,Motorcycle,1,Wrong Overtaking,1,0,0,1,4,0,Medium
2022,5,Sunday,7,Sindh,Hyderabad,National Highway,Poor,Rainy,Daylight,Car/Taxi,4,Over Speeding,1,1,0,0,3,3,High
2019,5,Monday,21,Punjab,Gujranwala,Provincial Highway,Good,Rainy,Street Light,Motorcycle,1,Pedestrian Error,0,0,0,0,6,1,High
2019,7,Sunday,18,Punjab,Sialkot,National Highway,Average,Dusty/Smoggy,Daylight,Truck/Lorry,4,Signal Violation,1,1,0,0,4,2,High
2021,5,Friday,14,Sindh,Dadu,National Highway,Good,Clear,Daylight,Car/Taxi,2,Mechanical Failure,0,0,0,0,1,1,Low
2022,6,Sunday,15,Punjab,Multan,Rural Road,Poor,Foggy,Street Light,Motorcycle,4,Road Condition,0,1,0,0,2,0,Low
2021,1,Friday,12,KPK,Dera Ismail Khan,National Highway,Under Repair,Rainy,Daylight,Motorcycle,3,Drunk Driving,1,0,0,1,3,2,High
2020,8,Saturday,7,Sindh,Dadu,Provincial Highway,Average,Foggy,Daylight,Car/Taxi,3,Over Speeding,1,1,0,0,1,2,Medium
2021,6,Tuesday,17,Punjab,Sargodha,Rural Road,Average,Foggy,Daylight,Motorcycle,1,Over Speeding,1,0,0,0,3,2,High
2021,1,Wednesday,18,Sindh,Dadu,Rural Road,Poor,Clear,Daylight,Car/Taxi,2,Wrong Overtaking,1,0,0,1,1,0,Low
2019,2,Sunday,14,KPK,Abbottabad,National Highway,Good,Rainy,Daylight,Van/Pickup,1,Signal Violation,0,1,0,1,7,0,High
2023,3,Tuesday,20,Punjab,Sheikhupura,Rural Road,Good,Clear,No Light,Van/Pickup,1,Over Speeding,1,0,0,0,2,0,Medium
2020,5,Sunday,19,Punjab,Sargodha,National Highway,Good,Rainy,Dawn/Dusk,Motorcycle,1,Wrong Overtaking,1,1,0,0,9,1,High
2019,1,Saturday,18,KPK,Nowshera,Provincial Highway,Under Repair,Extreme Heat,Daylight,Motorcycle,1,Wrong Overtaking,1,1,0,1,6,0,High
2023,11,Friday,22,Punjab,Sialkot,Urban Road,Good,Rainy,Street Light,Bus/Coach,2,Road Condition,0,0,1,1,2,2,Medium
2023,8,Wednesday,17,KPK,Dera Ismail Khan,Provincial Highway,Poor,Clear,Dawn/Dusk,Bus/Coach,4,Wrong Overtaking,1,0,0,0,5,0,Medium
2018,11,Friday,17,Islamabad,Islamabad,Provincial Highway,Average,Clear,Daylight,Car/Taxi,3,Road Condition,1,0,0,1,1,0,Low
2022,4,Friday,13,Islamabad,Islamabad,Urban Road,Good,Clear,Daylight,Car/Taxi,2,Over Speeding,1,0,0,0,1,0,Low
2022,7,Monday,7,Sindh,Hyderabad,National Highway,Average,Clear,Daylight,Car/Taxi,1,Over Speeding,1,0,0,0,1,0,Medium
2018,7,Saturday,14,Sindh,Jacobabad,National Highway,Good,Clear,Daylight,Motorcycle,2,Driver Fatigue,0,1,0,0,3,1,High
2023,9,Friday,6,Balochistan,Chaman,National Highway,Poor,Clear,Daylight,Rickshaw,2,Wrong Overtaking,0,0,0,0,2,1,Medium
2021,2,Friday,22,Punjab,Rahim Yar Khan,Urban Road,Average,Rainy,Street Light,Car/Taxi,2,Mobile Phone Use,0,0,1,1,1,0,Low
2022,1,Sunday,19,Punjab,Lahore,National Highway,Good,Rainy,No Light,Motorcycle,1,Over Speeding,1,1,0,1,8,1,High
2020,1,Saturday,4,Punjab,Bahawalpur,Provincial Highway,Poor,Foggy,No Light,Rickshaw,2,Road Condition,0,1,1,1,0,0,Low
2022,6,Sunday,16,Balochistan,Chaman,National Highway,Good,Clear,Dawn/Dusk,Truck/Lorry,1,Over Speeding,0,1,0,0,10,1,High
2023,8,Wednesday,7,Sindh,Mirpur Khas,Provincial Highway,Good,Foggy,Daylight,Motorcycle,1,Road Condition,1,0,0,0,8,3,High
2023,11,Monday,12,Sindh,Larkana,Urban Road,Average,Clear,Daylight,Car/Taxi,1,Wrong Overtaking,1,0,0,1,2,0,Low
2018,11,Sunday,8,KPK,Mardan,Provincial Highway,Average,Rainy,Daylight,Motorcycle,2,Driver Fatigue,1,1,0,1,2,1,High
2023,1,Friday,11,Sindh,Sukkur,National Highway,Poor,Foggy,Daylight,Rickshaw,3,Over Speeding,0,0,0,1,5,2,High
2021,12,Friday,3,Punjab,Rawalpindi,Provincial Highway,Under Repair,Clear,No Light,Motorcycle,1,Wrong Overtaking,0,0,1,1,4,1,Medium
2022,8,Friday,21,Sindh,Nawabshah,National Highway,Good,Foggy,No Light,Truck/Lorry,3,Over Speeding,0,0,0,0,5,0,High
2020,8,Saturday,6,Sindh,Nawabshah,Provincial Highway,Under Repair,Clear,Daylight,Car/Taxi,4,Pedestrian Error,0,1,0,0,2,0,Low
2022,4,Monday,10,Sindh,Dadu,Rural Road,Average,Clear,Daylight,Bicycle,1,Over Speeding,0,0,0,0,4,0,Medium
2023,10,Friday,8,KPK,Charsadda,Provincial Highway,Poor,Rainy,Daylight,Car/Taxi,2,Pedestrian Error,1,0,0,0,2,0,Low
2021,8,Saturday,15,Sindh,Dadu,National Highway,Average,Clear,Daylight,Motorcycle,1,Pedestrian Error,0,1,0,0,7,3,High
2019,9,Friday,7,Balochistan,Quetta,National Highway,Average,Clear,Daylight,Car/Taxi,2,Over Speeding,1,0,0,0,10,2,High
2020,4,Tuesday,23,Sindh,Kashmore,National Highway,Good,Clear,Street Light,Car/Taxi,1,Driver Fatigue,0,0,1,0,11,3,High
2019,6,Monday,13,Sindh,Karachi,Rural Road,Poor,Dusty/Smoggy,Daylight,Rickshaw,2,Road Condition,1,0,0,0,0,0,Low
2023,8,Friday,13,KPK,Swat,Rural Road,Good,Clear,Street Light,Motorcycle,2,Over Speeding,1,0,0,0,5,2,High
2023,7,Friday,7,KPK,Kohat,National Highway,Average,Clear,Daylight,Motorcycle,1,Road Condition,1,0,0,0,4,0,Medium
2019,1,Saturday,21,Sindh,Jacobabad,National Highway,Good,Clear,No Light,Rickshaw,1,Driver Fatigue,0,1,0,1,1,0,Medium
2020,9,Saturday,16,Punjab,Rawalpindi,Urban Road,Good,Foggy,Daylight,Bicycle,4,Pedestrian Error,0,1,0,0,5,0,Medium
2023,6,Monday,6,Punjab,Lahore,Rural Road,Good,Clear,Street Light,Motorcycle,2,Signal Violation,0,0,0,0,2,1,Medium
2020,7,Tuesday,14,Punjab,Bahawalpur,Urban Road,Average,Clear,Street Light,Motorcycle,3,Wrong Overtaking,0,0,0,0,2,0,Low
2021,12,Wednesday,12,Punjab,Gujranwala,National Highway,Under Repair,Clear,Dawn/Dusk,Motorcycle,2,Over Speeding,1,0,0,1,5,2,High
2023,11,Sunday,18,Sindh,Mirpur Khas,Urban Road,Under Repair,Dusty/Smoggy,Daylight,Bus/Coach,3,Driver Fatigue,1,1,0,1,2,0,Low
2020,6,Sunday,19,KPK,Mansehra,National Highway,Good,Clear,Street Light,Truck/Lorry,3,Road Condition,1,1,0,0,3,1,Medium
2018,3,Sunday,20,Sindh,Dadu,Provincial Highway,Poor,Clear,No Light,Car/Taxi,1,Over Speeding,1,1,0,0,1,0,Medium
2018,4,Tuesday,13,Punjab,Faisalabad,Urban Road,Good,Extreme Heat,Daylight,Truck/Lorry,1,Signal Violation,1,0,0,0,2,0,Low
2019,12,Sunday,22,Punjab,Multan,Urban Road,Average,Clear,No Light,Car/Taxi,3,Wrong Overtaking,0,1,1,1,2,1,Low
2023,9,Monday,16,Sindh,Larkana,Urban Road,Poor,Clear,Street Light,Car/Taxi,2,Signal Violation,0,0,0,0,2,0,Low
2022,9,Tuesday,18,KPK,Nowshera,Provincial Highway,Good,Clear,Dawn/Dusk,Bus/Coach,1,Over Speeding,1,0,0,0,3,1,High
2019,5,Saturday,9,Balochistan,Zhob,Provincial Highway,Poor,Clear,Daylight,Car/Taxi,1,Wrong Overtaking,1,1,0,0,1,1,Medium
2019,6,Thursday,7,Islamabad,Islamabad,Urban Road,Good,Clear,Dawn/Dusk,Motorcycle,3,Wrong Overtaking,1,0,0,0,2,0,Medium
2023,9,Wednesday,14,Balochistan,Zhob,Provincial Highway,Average,Rainy,Daylight,Motorcycle,2,Over Speeding,0,0,0,0,2,3,High
2021,7,Monday,10,Sindh,Kashmore,Rural Road,Good,Clear,Street Light,Motorcycle,1,Pedestrian Error,0,0,0,0,4,0,Medium
2021,3,Tuesday,19,KPK,Peshawar,Urban Road,Average,Clear,Dawn/Dusk,Motorcycle,2,Over Speeding,1,0,0,0,3,1,Medium
2020,6,Saturday,8,Punjab,Sheikhupura,Provincial Highway,Good,Clear,Daylight,Motorcycle,2,Drunk Driving,1,1,0,0,4,0,Medium
2019,8,Thursday,16,Punjab,Sargodha,Urban Road,Poor,Clear,Daylight,Motorcycle,4,Driver Fatigue,0,0,0,0,5,0,Medium
2019,1,Friday,12,Punjab,Rawalpindi,Urban Road,Poor,Clear,Daylight,Bus/Coach,2,Mechanical Failure,1,0,0,1,2,0,Low
2022,8,Saturday,5,Punjab,Rahim Yar Khan,National Highway,Under Repair,Rainy,Daylight,Motorcycle,1,Road Condition,0,1,1,0,8,0,High
2023,9,Thursday,5,Punjab,Multan,Urban Road,Good,Clear,No Light,Bicycle,2,Wrong Overtaking,0,0,1,0,4,0,Medium
2020,12,Saturday,7,Balochistan,Quetta,National Highway,Poor,Clear,Daylight,Motorcycle,3,Pedestrian Error,1,1,0,1,9,1,High
2023,9,Tuesday,13,Sindh,Hyderabad,Urban Road,Poor,Rainy,Daylight,Motorcycle,2,Driver Fatigue,1,0,0,0,2,2,High
2020,12,Sunday,20,KPK,Mansehra,Provincial Highway,Good,Foggy,No Light,Car/Taxi,4,Over Speeding,1,1,0,1,3,0,Medium
2022,2,Sunday,5,Islamabad,Islamabad,National Highway,Average,Clear,Dawn/Dusk,Truck/Lorry,1,Wrong Overtaking,0,1,1,1,5,0,High
2023,5,Sunday,11,Gilgit-Baltistan,Hunza,Rural Road,Average,Foggy,Dawn/Dusk,Rickshaw,2,Signal Violation,0,1,0,0,0,1,Low
2019,11,Tuesday,0,Islamabad,Islamabad,Provincial Highway,Good,Clear,No Light,Truck/Lorry,2,Wrong Overtaking,0,0,1,1,3,0,Medium
2020,12,Monday,14,KPK,Kohat,Rural Road,Average,Foggy,Daylight,Rickshaw,2,Drunk Driving,0,0,0,1,0,0,Low
2022,2,Wednesday,7,Sindh,Hyderabad,Rural Road,Average,Clear,Daylight,Motorcycle,3,Mechanical Failure,1,0,0,1,0,0,Low
2023,12,Saturday,7,Sindh,Jacobabad,Provincial Highway,Good,Clear,Daylight,Car/Taxi,1,Signal Violation,1,1,0,1,2,2,Medium
2022,6,Saturday,22,KPK,Nowshera,National Highway,Good,Clear,No Light,Motorcycle,3,Over Speeding,0,1,1,0,7,4,High
2021,5,Sunday,20,Balochistan,Khuzdar,National Highway,Average,Clear,No Light,Van/Pickup,1,Mechanical Failure,1,1,0,0,2,0,Low
2020,7,Wednesday,18,Islamabad,Islamabad,Urban Road,Good,Clear,Daylight,Motorcycle,2,Over Speeding,1,0,0,0,2,0,Medium
2023,12,Tuesday,20,KPK,Peshawar,National Highway,Poor,Clear,No Light,Car/Taxi,1,Wrong Overtaking,1,0,0,1,1,0,Medium
2018,7,Saturday,17,Sindh,Karachi,Urban Road,Average,Clear,Dawn/Dusk,Motorcycle,2,Drunk Driving,1,1,0,0,6,1,High
2020,3,Sunday,17,Islamabad,Islamabad,National Highway,Good,Foggy,Daylight,Rickshaw,2,Road Condition,1,1,0,0,0,0,Low
2021,11,Friday,9,Islamabad,Islamabad,Urban Road,Poor,Foggy,Daylight,Motorcycle,3,Pedestrian Error,1,0,0,1,5,1,Medium
2023,4,Saturday,0,Sindh,Thatta,Rural Road,Average,Clear,No Light,Car/Taxi,1,Driver Fatigue,0,1,1,0,0,0,Low
2023,12,Wednesday,5,Sindh,Jacobabad,Rural Road,Average,Rainy,Dawn/Dusk,Motorcycle,3,Wrong Overtaking,0,0,1,1,3,0,High
2023,8,Friday,7,KPK,Swat,National Highway,Average,Rainy,Daylight,Motorcycle,1,Signal Violation,1,0,0,0,10,0,High
2019,7,Saturday,7,Sindh,Larkana,Provincial Highway,Poor,Clear,Daylight,Rickshaw,1,Road Condition,1,1,0,0,1,0,Low
2023,8,Tuesday,16,KPK,Peshawar,Urban Road,Average,Clear,Daylight,Rickshaw,2,Road Condition,0,0,0,0,0,0,Low
2021,8,Friday,19,Punjab,Lahore,National Highway,Under Repair,Rainy,No Light,Motorcycle,3,Over Speeding,1,0,0,0,4,1,High
2021,12,Saturday,6,Sindh,Karachi,Rural Road,Average,Foggy,Daylight,Bicycle,2,Drunk Driving,0,1,0,1,4,1,High
2023,8,Wednesday,7,Sindh,Thatta,Provincial Highway,Average,Rainy,Daylight,Truck/Lorry,3,Over Speeding,1,0,0,0,5,0,High
2021,7,Wednesday,9,KPK,Mardan,Provincial Highway,Good,Clear,Daylight,Motorcycle,2,Mechanical Failure,1,0,0,0,1,0,Medium
2023,5,Tuesday,16,Punjab,Sargodha,Motorway,Good,Clear,Daylight,Motorcycle,1,Road Condition,0,0,0,0,5,0,Medium
2019,5,Saturday,18,Punjab,Rahim Yar Khan,Provincial Highway,Poor,Clear,Dawn/Dusk,Motorcycle,3,Road Condition,1,1,0,0,0,0,Low
2022,6,Wednesday,12,Balochistan,Loralai,Provincial Highway,Good,Clear,Street Light,Motorcycle,3,Over Speeding,1,0,0,0,6,4,High
2020,10,Saturday,14,Punjab,Sargodha,Motorway,Good,Dusty/Smoggy,Daylight,Motorcycle,2,Driver Fatigue,0,1,0,0,5,0,High
2020,4,Friday,9,Punjab,Gujranwala,Urban Road,Poor,Clear,Daylight,Motorcycle,2,Drunk Driving,1,0,0,0,10,2,High
2019,3,Thursday,5,KPK,Mansehra,Provincial Highway,Good,Clear,Street Light,Motorcycle,2,Over Speeding,0,0,1,0,8,1,High
2018,4,Friday,12,Punjab,Bahawalpur,Urban Road,Poor,Rainy,Daylight,Van/Pickup,1,Driver Fatigue,1,0,0,0,2,1,Medium
2020,12,Wednesday,7,KPK,Swat,National Highway,Poor,Foggy,Daylight,Motorcycle,2,Road Condition,1,0,0,1,5,0,Medium
2018,1,Friday,20,Punjab,Rawalpindi,Provincial Highway,Good,Clear,No Light,Car/Taxi,3,Pedestrian Error,1,0,0,1,0,0,Low
2022,10,Tuesday,21,KPK,Mardan,National Highway,Good,Rainy,No Light,Motorcycle,3,Over Speeding,0,0,0,0,11,1,High
2022,2,Sunday,3,Sindh,Larkana,Provincial Highway,Good,Foggy,No Light,Car/Taxi,2,Mechanical Failure,0,1,1,1,1,0,Low
2019,7,Sunday,20,Islamabad,Islamabad,Provincial Highway,Good,Rainy,No Light,Motorcycle,1,Over Speeding,1,1,0,0,9,4,High
2022,2,Tuesday,14,Punjab,Lahore,Urban Road,Good,Clear,Daylight,Motorcycle,2,Wrong Overtaking,0,0,0,1,3,0,Medium
2019,9,Friday,19,Punjab,Multan,Rural Road,Poor,Extreme Heat,Street Light,Motorcycle,1,Mobile Phone Use,1,0,0,0,1,0,Low
2023,1,Tuesday,6,Islamabad,Islamabad,National Highway,Good,Rainy,Daylight,Car/Taxi,3,Drunk Driving,0,0,0,1,7,2,High
2022,11,Friday,11,KPK,Swat,Rural Road,Good,Foggy,Daylight,Car/Taxi,3,Over Speeding,0,0,0,1,1,1,Medium
2023,9,Friday,8,KPK,Bannu,National Highway,Average,Clear,Daylight,Motorcycle,3,Road Condition,1,0,0,0,8,2,High
2023,10,Wednesday,19,Punjab,Rahim Yar Khan,National Highway,Average,Foggy,Street Light,Motorcycle,3,Mobile Phone Use,1,0,0,0,3,2,High
2022,8,Tuesday,1,Sindh,Dadu,National Highway,Good,Clear,No Light,Motorcycle,3,Pedestrian Error,0,0,1,0,2,4,High
2022,11,Monday,2,Punjab,Sialkot,Urban Road,Average,Clear,Street Light,Motorcycle,1,Road Condition,0,0,1,1,1,0,Medium
2022,7,Sunday,18,Punjab,Rawalpindi,Provincial Highway,Poor,Clear,Daylight,Car/Taxi,2,Pedestrian Error,1,1,0,0,0,0,Low
2021,4,Saturday,1,Sindh,Kashmore,National Highway,Poor,Clear,No Light,Motorcycle,1,Pedestrian Error,0,1,1,0,3,0,High
2021,9,Saturday,7,AJK,Muzaffarabad,Rural Road,Under Repair,Clear,Daylight,Motorcycle,3,Road Condition,1,1,0,0,1,0,Low
2018,8,Thursday,21,Punjab,Sialkot,National Highway,Good,Clear,Street Light,Motorcycle,1,Driver Fatigue,0,0,0,0,11,1,High
2021,5,Tuesday,8,Punjab,Sheikhupura,National Highway,Good,Clear,Street Light,Car/Taxi,2,Over Speeding,1,0,0,0,4,0,Medium
2023,12,Monday,8,Punjab,Rahim Yar Khan,Rural Road,Good,Clear,Daylight,Car/Taxi,1,Wrong Overtaking,1,0,0,1,2,0,Low
2023,12,Saturday,15,KPK,Bannu,Provincial Highway,Poor,Clear,Daylight,Motorcycle,2,Wrong Overtaking,0,1,0,1,7,1,High
2020,1,Monday,19,Sindh,Larkana,Urban Road,Good,Rainy,Dawn/Dusk,Van/Pickup,3,Wrong Overtaking,1,0,0,1,0,0,Low
2023,5,Friday,8,Punjab,Rawalpindi,Urban Road,Average,Clear,Daylight,Rickshaw,4,Over Speeding,1,0,0,0,1,1,Medium
2020,11,Wednesday,9,Balochistan,Quetta,Rural Road,Poor,Dusty/Smoggy,Street Light,Motorcycle,2,Signal Violation,1,0,0,1,2,1,Low
2021,4,Sunday,23,Punjab,Gujranwala,Motorway,Poor,Clear,No Light,Bicycle,1,Wrong Overtaking,0,1,1,0,3,0,High
2023,1,Wednesday,10,Punjab,Multan,National Highway,Under Repair,Extreme Heat,Daylight,Car/Taxi,2,Mobile Phone Use,0,0,0,1,0,0,Low
2019,11,Friday,6,Punjab,Rawalpindi,National Highway,Poor,Clear,No Light,Car/Taxi,2,Drunk Driving,0,0,0,1,4,0,Medium
2022,6,Thursday,6,Punjab,Bahawalpur,Provincial Highway,Average,Rainy,Daylight,Motorcycle,1,Drunk Driving,0,0,0,0,6,2,High
2020,6,Saturday,15,Punjab,Rahim Yar Khan,Urban Road,Good,Clear,Daylight,Car/Taxi,1,Mechanical Failure,0,1,0,0,1,0,Low
2018,2,Sunday,6,Punjab,Sargodha,Provincial Highway,Average,Clear,Daylight,Rickshaw,4,Road Condition,0,1,0,1,1,0,Low
2023,11,Sunday,7,Sindh,Hyderabad,National Highway,Poor,Rainy,Daylight,Bus/Coach,3,Wrong Overtaking,1,1,0,1,11,0,High
2018,6,Monday,5,Punjab,Sheikhupura,Rural Road,Average,Clear,No Light,Rickshaw,2,Road Condition,0,0,1,0,2,0,Low