year,month,day_of_week,hour_of_day,province,district,road_type,road_condition,weather_condition,lighting_condition,vehicle_type,vehicles_involved,accident_cause,is_rush_hour,is_weekend,is_night,is_foggy_month,num_injured,num_killed,severity
2020,5,Friday,19,Punjab,Bahawalpur,National Highway,Poor,Clear,Daylight,Truck/Lorry,1,Over Speeding,1,0,0,0,3,2,Medium
2022,2,Wednesday,17,Punjab,Rahim Yar Khan,Provincial Highway,Good,Rainy,Daylight,Car/Taxi,3,Mobile Phone Use,1,0,0,1,1,0,Low
2023,7,Tuesday,20,Punjab,Multan,Provincial Highway,Good,Clear,No Light,Rickshaw,3,Wrong Overtaking,1,0,0,0,1,0,Low
2022,12,Friday,20,Punjab,Multan,Provincial Highway,Good,Clear,Street Light,Rickshaw,1,Road Condition,1,0,0,1,1,0,Low
2020,8,Saturday,16,Punjab,Sargodha,National Highway,Under Repair,Clear,Daylight,Motorcycle,1,Wrong Overtaking,0,1,0,0,5,0,Medium
2018,2,Wednesday,9,AJK,Rawalakot,National Highway,Poor,Dusty/Smoggy,Daylight,Motorcycle,2,Over Speeding,1,0,0,1,4,2,High
2023,3,Saturday,19,Sindh,Larkana,Urban Road,Good,Clear,Dawn/Dusk,Van/Pickup,1,Signal Violation,1,1,0,0,1,0,Low
2018,5,Friday,21,KPK,Peshawar,National Highway,Poor,Clear,Street Light,Motorcycle,2,Mechanical Failure,0,0,0,0,5,0,Medium
2018,8,Sunday,6,KPK,Mansehra,National Highway,Good,Clear,Daylight,Motorcycle,1,Over Speeding,0,1,0,0,10,2,High
2022,11,Friday,15,KPK,Mansehra,Provincial Highway,Good,Clear,Street Light,Motorcycle,3,Pedestrian Error,0,0,0,1,5,1,Medium
2021,1,Tuesday,16,KPK,Abbottabad,National Highway,Average,Clear,Daylight,Motorcycle,2,Pedestrian Error,0,0,0,1,5,0,Medium
2023,11,Tuesday,15,Sindh,Mirpur Khas,Motorway,Good,Clear,Daylight,Car/Taxi,2,Drunk Driving,0,0,0,1,2,3,High
2020,10,Monday,19,Sindh,Thatta,Urban Road,Poor,Clear,No Light,Motorcycle,3,Wrong Overtaking,1,0,0,0,1,1,Low
2020,1,Sunday,15,Islamabad,Islamabad,Urban Road,Poor,Clear,Dawn/Dusk,Car/Taxi,3,Over Speeding,0,1,0,1,0,0,Low
2023,7,Sunday,8,Punjab,Multan,Rural Road,Good,Clear,Daylight,Rickshaw,2,Mechanical Failure,1,1,0,0,2,0,Low
2021,12,Saturday,13,Punjab,Sheikhupura,National Highway,Poor,Extreme Heat,No Light,Car/Taxi,2,Road Condition,1,1,0,1,2,0,Low
2020,6,Tuesday,14,Punjab,Rahim Yar Khan,Provincial Highway,Poor,Clear,Daylight,Car/Taxi,1,Over Speeding,0,0,0,0,0,0,Low
2023,3,Sunday,12,KPK,Kohat,Urban Road,Good,Clear,Daylight,Motorcycle,4,Road Condition,1,1,0,0,2,0,Medium
2023,3,Wednesday,7,Sindh,Mirpur Khas,Rural Road,Average,Rainy,Daylight,Motorcycle,3,Over Speeding,1,0,0,0,11,2,High
2018,4,Tuesday,21,Balochistan,Loralai,Motorway,Under Repair,Dusty/Smoggy,Street Light,Truck/Lorry,3,Wrong Overtaking,0,0,0,0,5,0,High
2021,7,Thursday,18,Punjab,Lahore,Urban Road,Average,Clear,Daylight,Car/Taxi,1,Over Speeding,1,0,0,0,2,0,Low
2022,1,Tuesday,20,Sindh,Nawabshah,Rural Road,Average,Foggy,No Light,Motorcycle,2,Wrong Overtaking,1,0,0,1,4,0,Medium
2023,6,Friday,20,Sindh,Hyderabad,Motorway,Average,Clear,No Light,Car/Taxi,2,Road Condition,1,0,0,0,2,0,Low
2023,6,Tuesday,17,Sindh,Sukkur,Urban Road,Average,Clear,Daylight,Car/Taxi,1,Road Condition,1,0,0,0,2,0,Low
2021,6,Thursday,13,KPK,Charsadda,Urban Road,Under Repair,Rainy,Daylight,Motorcycle,4,Pedestrian Error,1,0,0,0,5,1,Medium
2020,1,Wednesday,8,Punjab,Multan,Motorway,Average,Dusty/Smoggy,Street Light,Motorcycle,3,Mobile Phone Use,1,0,0,1,5,1,High
2018,10,Wednesday,17,Sindh,Jacobabad,Rural Road,Average,Clear,Daylight,Car/Taxi,2,Signal Violation,1,0,0,0,2,1,Low
2018,5,Friday,21,Punjab,Rahim Yar Khan,Rural Road,Average,Clear,Street Light,Motorcycle,4,Wrong Overtaking,0,0,0,0,3,2,Medium
2023,11,Friday,15,Sindh,Kashmore,National Highway,Average,Rainy,Dawn/Dusk,Motorcycle,2,Signal Violation,0,0,0,1,3,1,High
2018,7,Sunday,20,Sindh,Mirpur Khas,Motorway,Average,Clear,No Light,Car/Taxi,1,Wrong Overtaking,1,1,0,0,0,0,Low
2019,11,Thursday,11,Balochistan,Turbat,Provincial Highway,Good,Clear,Daylight,Car/Taxi,2,Over Speeding,0,0,0,1,1,0,Low
2022,1,Tuesday,12,Balochistan,Quetta,Rural Road,Good,Clear,Street Light,Rickshaw,4,Over Speeding,1,0,0,1,2,0,Low
2019,6,Monday,16,Sindh,Mirpur Khas,Rural Road,Good,Clear,Daylight,Motorcycle,3,Wrong Overtaking,0,0,0,0,2,1,Medium
2020,6,Tuesday,12,Punjab,Multan,Urban Road,Poor,Clear,Street Light,Car/Taxi,2,Over Speeding,1,0,0,0,2,0,Low
2023,7,Monday,20,Balochistan,Zhob,Urban Road,Good,Clear,Street Light,Motorcycle,2,Drunk Driving,1,0,0,0,1,2,Medium
2022,11,Monday,17,Punjab,Rawalpindi,Motorway,Average,Rainy,Daylight,Motorcycle,2,Mechanical Failure,1,0,0,1,4,0,Medium
2021,7,Tuesday,2,Sindh,Hyderabad,National Highway,Good,Clear,No Light,Truck/Lorry,2,Mechanical Failure,0,0,1,0,5,0,Medium
2021,5,Tuesday,14,Punjab,Rawalpindi,Provincial Highway,Good,Rainy,Daylight,Motorcycle,1,Signal Violation,0,0,0,0,8,3,High
2018,6,Tuesday,9,Punjab,Multan,Urban Road,Average,Foggy,Daylight,Motorcycle,3,Driver Fatigue,1,0,0,0,10,3,High
2022,7,Saturday,18,Sindh,Nawabshah,National Highway,Average,Rainy,Daylight,Motorcycle,3,Signal Violation,1,1,0,0,9,2,High
2018,12,Friday,10,Punjab,Sheikhupura,Provincial Highway,Average,Clear,Daylight,Bus/Coach,2,Pedestrian Error,0,0,0,1,2,0,Low
2021,6,Saturday,17,Islamabad,Islamabad,Urban Road,Good,Clear,Daylight,Van/Pickup,1,Road Condition,1,1,0,0,2,0,Low
2022,3,Saturday,1,Sindh,Hyderabad,National Highway,Poor,Foggy,No Light,Car/Taxi,3,Over Speeding,0,1,1,0,6,1,High
2021,6,Sunday,2,Sindh,Nawabshah,Rural Road,Good,Clear,Street Light,Truck/Lorry,2,Pedestrian Error,0,1,1,0,0,0,Low
2021,10,Saturday,18,Punjab,Sheikhupura,Provincial Highway,Average,Clear,Daylight,Car/Taxi,2,Drunk Driving,1,1,0,0,5,0,Medium
2023,2,Tuesday,17,Punjab,Faisalabad,National Highway,Average,Clear,Dawn/Dusk,Car/Taxi,1,Road Condition,1,0,0,1,0,0,Low
2020,12,Wednesday,11,KPK,Peshawar,Provincial Highway,Average,Clear,Daylight,Motorcycle,1,Signal Violation,0,0,0,1,7,1,High
2020,1,Thursday,20,KPK,Charsadda,National Highway,Good,Foggy,Street Light,Motorcycle,4,Road Condition,1,0,0,1,5,1,Medium
2020,9,Saturday,18,Sindh,Larkana,National Highway,Poor,Dusty/Smoggy,Daylight,Car/Taxi,3,Pedestrian Error,1,1,0,0,2,0,Low
2022,1,Sunday,16,Punjab,Faisalabad,Motorway,Good,Dusty/Smoggy,Dawn/Dusk,Motorcycle,1,Pedestrian Error,0,1,0,1,3,0,Medium
2019,7,Friday,2,Sindh,Thatta,Provincial Highway,Good,Clear,Street Light,Truck/Lorry,1,Over Speeding,0,0,1,0,3,0,Medium
2018,8,Tuesday,20,KPK,Kohat,National Highway,Average,Clear,Street Light,Bus/Coach,3,Pedestrian Error,1,0,0,0,5,0,Medium
2020,8,Monday,7,KPK,Charsadda,Rural Road,Good,Clear,Daylight,Motorcycle,2,Signal Violation,1,0,0,0,4,1,Medium
2020,6,Thursday,9,Sindh,Larkana,National Highway,Good,Foggy,Dawn/Dusk,Van/Pickup,2,Driver Fatigue,1,0,0,0,1,0,Medium
2020,6,Saturday,18,Balochistan,Gwadar,Provincial Highway,Average,Rainy,Daylight,Other,2,Over Speeding,1,1,0,0,10,2,High
2019,10,Thursday,19,Sindh,Mirpur Khas,Rural Road,Good,Clear,No Light,Car/Taxi,1,Road Condition,1,0,0,0,0,0,Low
2020,6,Wednesday,8,Punjab,Lahore,National Highway,Under Repair,Clear,Daylight,Motorcycle,4,Wrong Overtaking,1,0,0,0,5,1,High
2022,3,Friday,14,Sindh,Kashmore,Rural Road,Poor,Dusty/Smoggy,Daylight,Motorcycle,2,Road Condition,0,0,0,0,4,0,Medium
2023,9,Sunday,23,Sindh,Sukkur,Provincial Highway,Average,Clear,No Light,Car/Taxi,1,Mechanical Failure,0,1,1,0,2,0,Medium
2023,5,Thursday,17,Punjab,Bahawalpur,National Highway,Good,Clear,Daylight,Other,2,Over Speeding,1,0,0,0,9,2,High
2018,9,Thursday,13,Sindh,Larkana,Provincial Highway,Poor,Clear,Daylight,Car/Taxi,3,Over Speeding,1,0,0,0,0,0,Low
2021,4,Thursday,8,Sindh,Karachi,Urban Road,Average,Clear,No Light,Motorcycle,2,Over Speeding,1,0,0,0,2,2,Medium
2020,1,Sunday,20,KPK,Mansehra,National Highway,Good,Rainy,No Light,Motorcycle,1,Over Speeding,1,1,0,1,4,0,High
2023,9,Tuesday,13,Balochistan,Zhob,Provincial Highway,Poor,Clear,Daylight,Motorcycle,3,Mechanical Failure,1,0,0,0,5,0,Medium
2019,6,Sunday,2,Balochistan,Turbat,Rural Road,Good,Clear,Street Light,Rickshaw,3,Wrong Overtaking,0,1,1,0,2,2,Medium
2023,5,Wednesday,11,Punjab,Bahawalpur,Urban Road,Good,Foggy,Daylight,Motorcycle,3,Pedestrian Error,0,0,0,0,3,0,Medium
2023,12,Sunday,17,Sindh,Larkana,Rural Road,Average,Dusty/Smoggy,Daylight,Van/Pickup,3,Signal Violation,1,1,0,1,1,0,Low
2020,11,Friday,13,Sindh,Thatta,Motorway,Good,Extreme Heat,Daylight,Motorcycle,1,Drunk Driving,1,0,0,1,6,3,High
2023,6,Saturday,2,Punjab,Bahawalpur,National Highway,Good,Clear,Street Light,Motorcycle,2,Over Speeding,0,1,1,0,11,1,High
2021,1,Thursday,21,Punjab,Rawalpindi,Provincial Highway,Average,Dusty/Smoggy,Street Light,Motorcycle,2,Over Speeding,0,0,0,1,4,1,Medium
2023,4,Monday,16,Punjab,Gujranwala,National Highway,Poor,Dusty/Smoggy,Daylight,Bus/Coach,1,Over Speeding,0,0,0,0,3,0,Medium
2023,3,Tuesday,8,Punjab,Bahawalpur,Urban Road,Average,Clear,Daylight,Motorcycle,3,Wrong Overtaking,1,0,0,0,4,0,Medium
2018,5,Monday,9,KPK,Peshawar,National Highway,Under Repair,Foggy,Daylight,Motorcycle,1,Over Speeding,1,0,0,0,9,2,High
2021,3,Monday,15,Punjab,Rahim Yar Khan,National Highway,Poor,Clear,Daylight,Bus/Coach,1,Over Speeding,0,0,0,0,10,2,High
2020,12,Friday,15,Punjab,Multan,Urban Road,Good,Clear,Dawn/Dusk,Van/Pickup,2,Wrong Overtaking,0,0,0,1,0,1,Low
2023,2,Monday,17,Punjab,Rawalpindi,National Highway,Average,Rainy,Daylight,Motorcycle,4,Over Speeding,1,0,0,1,4,2,High
2021,9,Tuesday,4,KPK,Mansehra,Rural Road,Good,Clear,Street Light,Van/Pickup,2,Pedestrian Error,0,0,1,0,0,0,Low
2023,1,Monday,10,Punjab,Rahim Yar Khan,National Highway,Average,Clear,Daylight,Motorcycle,2,Pedestrian Error,0,0,0,1,1,0,Medium
2023,4,Sunday,23,Punjab,Bahawalpur,Urban Road,Average,Rainy,No Light,Motorcycle,3,Road Condition,0,1,1,0,5,1,Medium
2023,2,Saturday,5,Punjab,Sheikhupura,Rural Road,Under Repair,Clear,No Light,Bus/Coach,2,Road Condition,0,1,1,1,1,0,Low
2022,1,Tuesday,23,Punjab,Sargodha,Rural Road,Average,Clear,Street Light,Rickshaw,3,Signal Violation,0,0,1,1,0,0,Low
2020,7,Wednesday,17,Punjab,Rawalpindi,Urban Road,Average,Dusty/Smoggy,No Light,Motorcycle,3,Mechanical Failure,1,0,0,0,2,0,Low
2022,2,Tuesday,9,KPK,Kohat,Rural Road,Average,Rainy,Daylight,Motorcycle,2,Wrong Overtaking,1,0,0,1,4,1,Medium
2022,7,Sunday,21,Punjab,Gujranwala,Rural Road,Good,Clear,Street Light,Bus/Coach,1,Over Speeding,0,1,0,0,0,0,Low
2019,8,Saturday,11,Punjab,Lahore,Provincial Highway,Poor,Extreme Heat,Daylight,Car/Taxi,2,Over Speeding,0,1,0,0,2,0,Low
2020,7,Friday,16,Punjab,Faisalabad,Rural Road,Poor,Clear,Daylight,Motorcycle,1,Pedestrian Error,0,0,0,0,2,0,Medium
2019,5,Sunday,6,Balochistan,Loralai,Provincial Highway,Poor,Extreme Heat,Daylight,Van/Pickup,4,Mechanical Failure,0,1,0,0,0,0,Low
2023,12,Friday,18,Punjab,Multan,Motorway,Average,Clear,Street Light,Bus/Coach,2,Pedestrian Error,1,0,0,1,4,0,Medium
2023,3,Sunday,12,Gilgit-Baltistan,Hunza,Urban Road,Poor,Clear,Daylight,Rickshaw,3,Over Speeding,1,1,0,0,0,0,Low
2023,5,Saturday,10,KPK,Swat,Provincial Highway,Poor,Clear,Daylight,Motorcycle,2,Mechanical Failure,0,1,0,0,4,0,Medium
2022,7,Saturday,22,Sindh,Jacobabad,Urban Road,Average,Dusty/Smoggy,No Light,Motorcycle,2,Over Speeding,0,1,1,0,7,1,High
2023,4,Tuesday,20,KPK,Swat,Provincial Highway,Poor,Dusty/Smoggy,Street Light,Bus/Coach,1,Over Speeding,1,0,0,0,11,2,High
2018,1,Friday,17,Sindh,Dadu,Rural Road,Good,Clear,Daylight,Motorcycle,1,Road Condition,1,0,0,1,3,2,Medium
2020,2,Saturday,11,Sindh,Jacobabad,Motorway,Good,Foggy,Daylight,Motorcycle,2,Driver Fatigue,0,1,0,1,2,2,High
2022,7,Tuesday,13,Sindh,Hyderabad,Urban Road,Poor,Extreme Heat,Daylight,Motorcycle,2,Pedestrian Error,1,0,0,0,1,0,Low
2018,11,Wednesday,2,Sindh,Kashmore,National Highway,Average,Clear,No Light,Rickshaw,2,Signal Violation,0,0,1,1,10,3,High
2018,7,Saturday,17,Punjab,Multan,Provincial Highway,Poor,Clear,Daylight,Other,2,Signal Violation,1,1,0,0,2,0,Low
2018,8,Thursday,21,Sindh,Larkana,Provincial Highway,Good,Foggy,No Light,Car/Taxi,3,Over Speeding,0,0,0,0,1,0,Medium
2020,5,Tuesday,23,KPK,Abbottabad,Rural Road,Good,Foggy,No Light,Truck/Lorry,3,Over Speeding,0,0,1,0,7,1,High
2021,9,Thursday,19,Punjab,Lahore,Urban Road,Good,Foggy,Dawn/Dusk,Car/Taxi,2,Signal Violation,1,0,0,0,2,0,Low
2023,2,Tuesday,12,AJK,Muzaffarabad,National Highway,Under Repair,Clear,Daylight,Car/Taxi,3,Signal Violation,1,0,0,1,3,0,Medium
2022,4,Monday,14,Punjab,Gujranwala,National Highway,Poor,Foggy,Street Light,Motorcycle,2,Wrong Overtaking,0,0,0,0,4,1,High
2023,9,Wednesday,15,Balochistan,Sibi,National Highway,Good,Foggy,Street Light,Motorcycle,3,Pedestrian Error,0,0,0,0,4,0,Medium
2018,11,Monday,23,KPK,Charsadda,Provincial Highway,Average,Clear,Street Light,Motorcycle,3,Mechanical Failure,0,0,1,1,2,0,Medium
2021,3,Friday,16,KPK,Dera Ismail Khan,Urban Road,Good,Foggy,Daylight,Van/Pickup,2,Road Condition,0,0,0,0,1,0,Low
2021,12,Friday,7,Balochistan,Loralai,Urban Road,Good,Clear,Daylight,Car/Taxi,4,Road Condition,1,0,0,1,1,0,Low
2021,8,Saturday,9,KPK,Peshawar,Provincial Highway,Good,Clear,Daylight,Motorcycle,3,Mechanical Failure,1,1,0,0,2,0,Low
2018,4,Tuesday,13,Punjab,Multan,Motorway,Good,Clear,Daylight,Car/Taxi,1,Over Speeding,1,0,0,0,1,1,Medium
2022,7,Saturday,13,KPK,Swat,Urban Road,Poor,Rainy,Daylight,Car/Taxi,2,Road Condition,1,1,0,0,1,0,Low
2020,2,Friday,13,Punjab,Multan,Provincial Highway,Poor,Foggy,Daylight,Car/Taxi,2,Over Speeding,1,0,0,1,11,1,High
2020,12,Wednesday,19,Sindh,Thatta,National Highway,Good,Clear,Street Light,Motorcycle,2,Signal Violation,1,0,0,1,5,3,High
2019,9,Saturday,3,Islamabad,Islamabad,Rural Road,Average,Clear,Street Light,Motorcycle,2,Pedestrian Error,0,1,1,0,3,0,Medium
2023,1,Saturday,6,Punjab,Sialkot,Rural Road,Average,Foggy,Street Light,Car/Taxi,2,Over Speeding,0,1,0,1,2,0,Medium
2019,10,Monday,18,Punjab,Lahore,National Highway,Average,Clear,Daylight,Motorcycle,3,Mobile Phone Use,1,0,0,0,3,0,Medium
2023,8,Saturday,16,Sindh,Larkana,Provincial Highway,Average,Foggy,Daylight,Motorcycle,2,Wrong Overtaking,0,1,0,0,10,0,High
2023,2,Sunday,14,Punjab,Rahim Yar Khan,Urban Road,Poor,Clear,Daylight,Motorcycle,2,Over Speeding,0,1,0,1,1,0,Medium
2018,5,Tuesday,21,Punjab,Sargodha,Rural Road,Average,Foggy,Street Light,Rickshaw,2,Mobile Phone Use,0,0,0,0,2,0,Low
2022,2,Thursday,7,Sindh,Dadu,National Highway,Under Repair,Rainy,Daylight,Bus/Coach,2,Signal Violation,1,0,0,1,7,1,High
2020,10,Saturday,15,Sindh,Hyderabad,Motorway,Average,Clear,Dawn/Dusk,Truck/Lorry,2,Drunk Driving,0,1,0,0,2,0,Medium
2022,7,Monday,18,Sindh,Hyderabad,Urban Road,Good,Clear,Dawn/Dusk,Car/Taxi,1,Over Speeding,1,0,0,0,2,1,Low
2020,3,Saturday,8,Sindh,Mirpur Khas,Provincial Highway,Good,Clear,Daylight,Motorcycle,1,Wrong Overtaking,1,1,0,0,3,0,Medium
2023,2,Sunday,9,Gilgit-Baltistan,Gilgit,Provincial Highway,Average,Clear,Daylight,Car/Taxi,2,Mobile Phone Use,1,1,0,1,2,0,Low
2023,12,Saturday,9,Islamabad,Islamabad,National Highway,Average,Dusty/Smoggy,Street Light,Rickshaw,2,Wrong Overtaking,1,1,0,1,3,0,Medium
2019,2,Wednesday,6,KPK,Nowshera,National Highway,Good,Rainy,Daylight,Van/Pickup,2,Wrong Overtaking,0,0,0,1,1,0,Medium
2022,7,Monday,19,Punjab,Multan,Provincial Highway,Good,Rainy,No Light,Car/Taxi,2,Signal Violation,1,0,0,0,1,0,Low
2023,1,Tuesday,18,Punjab,Multan,Urban Road,Average,Dusty/Smoggy,Daylight,Rickshaw,1,Signal Violation,1,0,0,1,0,0,Low
2023,6,Monday,0,Balochistan,Turbat,National Highway,Under Repair,Rainy,No Light,Van/Pickup,1,Over Speeding,0,0,1,0,5,2,High
2018,2,Monday,9,Sindh,Hyderabad,Provincial Highway,Average,Foggy,Street Light,Motorcycle,2,Over Speeding,1,0,0,1,9,1,High
2018,1,Monday,8,Islamabad,Islamabad,Provincial Highway,Good,Foggy,Street Light,Motorcycle,1,Wrong Overtaking,1,0,0,1,2,2,High
2020,5,Friday,16,Sindh,Larkana,Rural Road,Average,Foggy,Street Light,Bus/Coach,1,Over Speeding,0,0,0,0,8,0,High
2023,9,Friday,12,Balochistan,Turbat,Urban Road,Average,Clear,Daylight,Motorcycle,1,Mechanical Failure,1,0,0,0,1,0,Medium
2020,12,Wednesday,10,Punjab,Faisalabad,National Highway,Under Repair,Clear,No Light,Car/Taxi,3,Wrong Overtaking,0,0,0,1,1,1,Low
2023,6,Thursday,8,Sindh,Kashmore,Urban Road,Under Repair,Clear,Daylight,Truck/Lorry,1,Road Condition,1,0,0,0,2,0,Low
2021,7,Friday,22,KPK,Swat,Motorway,Poor,Rainy,No Light,Motorcycle,3,Signal Violation,0,0,1,0,4,1,High
2021,11,Thursday,9,Balochistan,Khuzdar,National Highway,Good,Clear,Daylight,Rickshaw,2,Over Speeding,1,0,0,1,5,2,High
2022,10,Friday,5,Sindh,Kashmore,Provincial Highway,Under Repair,Clear,Street Light,Motorcycle,2,Wrong Overtaking,0,0,1,0,1,0,Medium
2018,5,Sunday,10,Punjab,Multan,National Highway,Average,Clear,Dawn/Dusk,Motorcycle,3,Road Condition,0,1,0,0,3,1,Medium
2023,11,Monday,14,Balochistan,Dera Bugti,National Highway,Average,Foggy,Daylight,Car/Taxi,1,Mobile Phone Use,0,0,0,1,1,1,Medium
2021,8,Friday,23,Sindh,Jacobabad,National Highway,Good,Clear,Street Light,Motorcycle,3,Pedestrian Error,0,0,1,0,2,2,High
2021,9,Tuesday,8,Punjab,Rawalpindi,Urban Road,Average,Rainy,Daylight,Bus/Coach,3,Over Speeding,1,0,0,0,5,0,Medium
2018,7,Wednesday,2,Sindh,Karachi,National Highway,Average,Clear,No Light,Other,2,Over Speeding,0,0,1,0,5,2,High
2020,9,Wednesday,2,KPK,Swat,Urban Road,Good,Clear,No Light,Car/Taxi,1,Over Speeding,0,0,1,0,2,2,Medium
2022,1,Saturday,11,Sindh,Jacobabad,Provincial Highway,Poor,Clear,Daylight,Bus/Coach,3,Over Speeding,0,1,0,1,2,1,High
2019,6,Thursday,10,Balochistan,Turbat,National Highway,Good,Clear,Daylight,Motorcycle,1,Signal Violation,0,0,0,0,6,1,High
2021,12,Wednesday,0,Sindh,Kashmore,Rural Road,Good,Clear,Street Light,Motorcycle,2,Road Condition,0,0,1,1,5,0,Medium
2022,12,Thursday,20,Sindh,Kashmore,Urban Road,Poor,Clear,Street Light,Car/Taxi,3,Over Speeding,1,0,0,1,2,0,Medium
2021,1,Sunday,20,Punjab,Faisalabad,Provincial Highway,Good,Extreme Heat,No Light,Car/Taxi,2,Over Speeding,1,1,0,1,2,0,Medium
2021,5,Thursday,10,Sindh,Nawabshah,Provincial Highway,Average,Rainy,Dawn/Dusk,Motorcycle,3,Wrong Overtaking,0,0,0,0,3,0,High
2023,12,Saturday,13,Punjab,Gujranwala,National Highway,Good,Clear,Daylight,Car/Taxi,2,Wrong Overtaking,1,1,0,1,0,0,Low
2023,8,Friday,16,Punjab,Multan,National Highway,Poor,Clear,No Light,Car/Taxi,2,Over Speeding,0,0,0,0,3,0,Medium
2021,9,Wednesday,1,Punjab,Sialkot,Rural Road,Poor,Clear,No Light,Motorcycle,2,Weather Condition,0,0,1,0,2,1,Medium
2023,10,Tuesday,23,Punjab,Sheikhupura,Provincial Highway,Under Repair,Rainy,No Light,Motorcycle,1,Mechanical Failure,0,0,1,0,5,0,Medium
2023,12,Monday,1,Punjab,Multan,Provincial Highway,Poor,Clear,No Light,Bus/Coach,2,Wrong Overtaking,0,0,1,1,4,2,Medium
2019,11,Sunday,18,Sindh,Mirpur Khas,Urban Road,Average,Foggy,Daylight,Motorcycle,2,Road Condition,1,1,0,1,2,0,Low
2023,7,Tuesday,18,Punjab,Sheikhupura,National Highway,Average,Clear,Daylight,Motorcycle,4,Over Speeding,1,0,0,0,10,3,High
2019,1,Friday,22,Punjab,Lahore,National Highway,Good,Clear,Street Light,Truck/Lorry,3,Over Speeding,0,0,1,1,2,2,High
2023,8,Saturday,7,Islamabad,Islamabad,Provincial Highway,Good,Clear,Daylight,Car/Taxi,2,Signal Violation,1,1,0,0,1,0,Low
2023,2,Wednesday,15,Sindh,Kashmore,National Highway,Good,Foggy,Daylight,Motorcycle,1,Over Speeding,0,0,0,1,3,0,High
2018,4,Monday,9,Punjab,Rawalpindi,Rural Road,Under Repair,Dusty/Smoggy,Daylight,Car/Taxi,2,Over Speeding,1,0,0,0,0,0,Low
2022,1,Sunday,11,Punjab,Lahore,Provincial Highway,Poor,Clear,Daylight,Motorcycle,2,Drunk Driving,0,1,0,1,9,1,High
2023,11,Sunday,9,Sindh,Mirpur Khas,Provincial Highway,Poor,Clear,Daylight,Van/Pickup,2,Pedestrian Error,1,1,0,1,2,0,Low
2022,2,Monday,10,Sindh,Mirpur Khas,Provincial Highway,Average,Clear,Daylight,Van/Pickup,1,Road Condition,0,0,0,1,1,0,Low
2020,9,Sunday,14,Punjab,Rawalpindi,Provincial Highway,Poor,Clear,Street Light,Rickshaw,3,Driver Fatigue,0,1,0,0,2,0,Low
2020,3,Tuesday,9,Punjab,Gujranwala,Provincial Highway,Poor,Clear,Street Light,Motorcycle,1,Over Speeding,1,0,0,0,10,0,High
2023,12,Sunday,21,KPK,Peshawar,Provincial Highway,Poor,Rainy,No Light,Car/Taxi,3,Over Speeding,0,1,0,1,3,0,Medium
2023,8,Saturday,11,Islamabad,Islamabad,Provincial Highway,Good,Clear,Daylight,Motorcycle,1,Wrong Overtaking,0,1,0,0,3,1,High
2022,6,Wednesday,13,Balochistan,Turbat,Provincial Highway,Under Repair,Clear,Daylight,Car/Taxi,2,Pedestrian Error,1,0,0,0,2,0,Low
2023,3,Tuesday,2,Punjab,Faisalabad,Provincial Highway,Good,Clear,Street Light,Truck/Lorry,1,Over Speeding,0,0,1,0,5,1,Medium
2023,10,Friday,17,Sindh,Kashmore,Provincial Highway,Poor,Clear,Daylight,Motorcycle,3,Mobile Phone Use,1,0,0,0,2,1,Medium
2021,12,Friday,8,Punjab,Lahore,National Highway,Good,Extreme Heat,Daylight,Rickshaw,1,Wrong Overtaking,1,0,0,1,0,0,Low
2023,4,Wednesday,20,Sindh,Nawabshah,Urban Road,Poor,Clear,No Light,Bus/Coach,3,Drunk Driving,1,0,0,0,1,0,Low
2022,3,Tuesday,14,Sindh,Jacobabad,Rural Road,Average,Foggy,Daylight,Motorcycle,1,Mechanical Failure,0,0,0,0,5,0,Medium
2019,1,Sunday,7,Sindh,Hyderabad,Provincial Highway,Average,Clear,Daylight,Bus/Coach,1,Road Condition,1,1,0,1,0,0,Low
2022,7,Tuesday,8,Sindh,Karachi,Urban Road,Poor,Clear,Daylight,Rickshaw,1,Wrong Overtaking,1,0,0,0,1,0,Low
2018,7,Saturday,10,KPK,Kohat,Provincial Highway,Poor,Foggy,Street Light,Motorcycle,3,Signal Violation,0,1,0,0,7,0,High
2018,8,Sunday,22,KPK,Bannu,Provincial Highway,Poor,Clear,Street Light,Truck/Lorry,1,Over Speeding,0,1,1,0,2,1,Medium
2019,10,Sunday,13,Punjab,Sargodha,Provincial Highway,Good,Extreme Heat,Daylight,Motorcycle,2,Signal Violation,1,1,0,0,4,1,Medium
2023,10,Tuesday,19,KPK,Kohat,Urban Road,Average,Rainy,No Light,Motorcycle,1,Wrong Overtaking,1,0,0,0,10,2,High
2021,10,Saturday,16,KPK,Kohat,Provincial Highway,Average,Clear,Street Light,Motorcycle,2,Road Condition,0,1,0,0,0,0,Low
2022,11,Friday,14,Punjab,Sheikhupura,National Highway,Under Repair,Dusty/Smoggy,Daylight,Bus/Coach,3,Pedestrian Error,0,0,0,1,0,1,Low
2020,1,Wednesday,11,Punjab,Rahim Yar Khan,Provincial Highway,Good,Foggy,Daylight,Truck/Lorry,2,Mechanical Failure,0,0,0,1,4,0,Medium
2021,10,Sunday,17,KPK,Mansehra,Motorway,Average,Rainy,Daylight,Car/Taxi,3,Road Condition,1,1,0,0,0,0,Low