year,month,day_of_week,hour_of_day,province,district,road_type,road_condition,weather_condition,lighting_condition,vehicle_type,vehicles_involved,accident_cause,is_rush_hour,is_weekend,is_night,is_foggy_month,num_injured,num_killed,severity
2018,10,Saturday,10,Sindh,Kashmore,Urban Road,Average,Clear,Daylight,Motorcycle,2,Mechanical Failure,0,1,0,0,0,0,Low
2021,2,Monday,22,KPK,Mansehra,Rural Road,Poor,Clear,Street Light,Bus/Coach,1,Mechanical Failure,0,0,1,1,0,1,Low
2023,6,Thursday,8,Sindh,Sukkur,Urban Road,Average,Foggy,Street Light,Car/Taxi,2,Over Speeding,1,0,0,0,4,1,Medium
2021,7,Sunday,7,AJK,Rawalakot,Urban Road,Average,Rainy,Street Light,Car/Taxi,3,Over Speeding,1,1,0,0,5,1,Medium
2020,1,Sunday,13,Islamabad,Islamabad,Urban Road,Average,Clear,Daylight,Van/Pickup,3,Mobile Phone Use,1,1,0,1,2,0,Low
2019,5,Friday,8,Punjab,Sheikhupura,National Highway,Poor,Clear,Daylight,Car/Taxi,3,Road Condition,1,0,0,0,0,0,Low
2021,12,Saturday,18,Punjab,Sheikhupura,Urban Road,Good,Rainy,Daylight,Motorcycle,2,Over Speeding,1,1,0,1,2,1,Medium
2022,7,Monday,13,Sindh,Mirpur Khas,Urban Road,Average,Rainy,No Light,Other,4,Signal Violation,1,0,0,0,1,0,Low
2023,1,Friday,18,Punjab,Rahim Yar Khan,Rural Road,Good,Dusty/Smoggy,Daylight,Bus/Coach,1,Road Condition,1,0,0,1,1,0,Low
2020,4,Wednesday,9,Punjab,Sialkot,National Highway,Average,Clear,Daylight,Motorcycle,2,Driver Fatigue,1,0,0,0,4,0,High
2022,7,Thursday,17,KPK,Nowshera,Provincial Highway,Good,Rainy,Daylight,Bus/Coach,2,Signal Violation,1,0,0,0,5,0,Medium
2020,11,Saturday,10,Balochistan,Sibi,National Highway,Average,Clear,Daylight,Car/Taxi,1,Pedestrian Error,0,1,0,1,0,0,Low
2020,2,Sunday,19,Balochistan,Loralai,National Highway,Average,Dusty/Smoggy,No Light,Motorcycle,2,Road Condition,1,1,0,1,3,1,High
2018,1,Monday,21,Punjab,Gujranwala,Rural Road,Average,Dusty/Smoggy,No Light,Motorcycle,2,Wrong Overtaking,0,0,0,1,3,0,Medium
2022,3,Monday,8,KPK,Charsadda,National Highway,Average,Clear,Dawn/Dusk,Car/Taxi,2,Signal Violation,1,0,0,0,1,0,Low
2023,6,Friday,7,Sindh,Dadu,Provincial Highway,Good,Clear,No Light,Motorcycle,3,Pedestrian Error,1,0,0,0,3,1,Medium
2019,6,Saturday,6,Punjab,Rawalpindi,National Highway,Poor,Clear,Daylight,Motorcycle,3,Drunk Driving,0,1,0,0,2,1,High
2018,3,Sunday,4,Sindh,Sukkur,National Highway,Poor,Rainy,No Light,Bus/Coach,2,Pedestrian Error,0,1,1,0,4,0,Medium
2020,10,Saturday,23,Balochistan,Hub,Urban Road,Poor,Rainy,No Light,Motorcycle,4,Signal Violation,0,1,1,0,6,2,High
2022,5,Wednesday,10,Sindh,Hyderabad,Provincial Highway,Average,Clear,Daylight,Motorcycle,2,Road Condition,0,0,0,0,0,0,Low
2018,5,Friday,20,Gilgit-Baltistan,Gilgit,Provincial Highway,Good,Rainy,No Light,Motorcycle,3,Mobile Phone Use,1,0,0,0,3,0,Medium
2022,6,Monday,18,Sindh,Thatta,Urban Road,Average,Clear,Dawn/Dusk,Motorcycle,3,Pedestrian Error,1,0,0,0,2,0,Low
2020,12,Sunday,10,Sindh,Kashmore,National Highway,Poor,Foggy,Daylight,Van/Pickup,1,Mechanical Failure,0,1,0,1,2,0,Medium
2023,11,Sunday,16,Punjab,Gujranwala,Provincial Highway,Good,Clear,Dawn/Dusk,Motorcycle,2,Road Condition,0,1,0,1,4,2,Medium
2019,1,Tuesday,7,Punjab,Gujranwala,Motorway,Under Repair,Clear,Daylight,Motorcycle,1,Signal Violation,1,0,0,1,1,0,Medium
2023,4,Friday,20,Sindh,Nawabshah,National Highway,Good,Clear,Street Light,Motorcycle,3,Road Condition,1,0,0,0,5,2,Medium
2022,5,Friday,8,Sindh,Thatta,Rural Road,Average,Clear,Street Light,Motorcycle,1,Over Speeding,1,0,0,0,5,0,High
2022,4,Tuesday,11,Sindh,Thatta,Rural Road,Average,Clear,Daylight,Car/Taxi,2,Mobile Phone Use,0,0,0,0,1,0,Low
2023,3,Thursday,12,Sindh,Thatta,Rural Road,Good,Rainy,Daylight,Motorcycle,2,Wrong Overtaking,1,0,0,0,2,1,Medium
2022,6,Wednesday,19,Balochistan,Quetta,National Highway,Good,Dusty/Smoggy,Dawn/Dusk,Rickshaw,1,Pedestrian Error,1,0,0,0,4,0,Medium
2022,5,Thursday,20,Punjab,Lahore,Rural Road,Average,Clear,No Light,Motorcycle,4,Over Speeding,1,0,0,0,4,0,High
2022,6,Friday,14,Sindh,Kashmore,Provincial Highway,Poor,Clear,Daylight,Car/Taxi,1,Over Speeding,0,0,0,0,1,2,Medium
2019,4,Saturday,6,KPK,Peshawar,National Highway,Average,Clear,Daylight,Motorcycle,2,Signal Violation,0,1,0,0,4,2,High
2023,3,Saturday,15,Punjab,Bahawalpur,Urban Road,Poor,Clear,Daylight,Motorcycle,2,Over Speeding,0,1,0,0,1,1,Medium
2023,12,Monday,9,Islamabad,Islamabad,Urban Road,Average,Foggy,Daylight,Car/Taxi,1,Wrong Overtaking,1,0,0,1,0,0,Low
2022,3,Wednesday,7,KPK,Dera Ismail Khan,Provincial Highway,Poor,Foggy,Daylight,Motorcycle,3,Over Speeding,1,0,0,0,5,2,High
2023,12,Saturday,12,Punjab,Multan,Provincial Highway,Good,Rainy,Street Light,Car/Taxi,2,Road Condition,1,1,0,1,2,0,Medium
2021,4,Friday,5,Balochistan,Khuzdar,Provincial Highway,Average,Clear,Dawn/Dusk,Van/Pickup,3,Signal Violation,0,0,1,0,5,0,Medium
2021,3,Tuesday,19,Islamabad,Islamabad,Provincial Highway,Average,Clear,Dawn/Dusk,Motorcycle,1,Over Speeding,1,0,0,0,5,0,High
2023,6,Sunday,14,KPK,Mardan,Provincial Highway,Good,Clear,Daylight,Motorcycle,1,Signal Violation,0,1,0,0,4,1,Medium
2022,7,Saturday,9,Sindh,Kashmore,Provincial Highway,Good,Dusty/Smoggy,Street Light,Bus/Coach,1,Signal Violation,1,1,0,0,0,0,Low
2022,9,Saturday,6,Gilgit-Baltistan,Gilgit,National Highway,Good,Rainy,Daylight,Rickshaw,3,Over Speeding,0,1,0,0,11,2,High
2022,1,Friday,7,Punjab,Multan,Rural Road,Good,Clear,Daylight,Bus/Coach,3,Over Speeding,1,0,0,1,0,1,Low
2021,6,Sunday,19,Sindh,Thatta,Rural Road,Average,Dusty/Smoggy,Street Light,Motorcycle,1,Wrong Overtaking,1,1,0,0,1,2,Medium
2021,5,Saturday,21,Punjab,Lahore,Urban Road,Poor,Rainy,Street Light,Car/Taxi,4,Signal Violation,0,1,0,0,2,0,Low
2018,8,Thursday,17,Sindh,Karachi,Rural Road,Good,Rainy,Daylight,Car/Taxi,1,Pedestrian Error,1,0,0,0,2,0,Low
2023,6,Wednesday,20,Islamabad,Islamabad,Provincial Highway,Under Repair,Clear,Street Light,Car/Taxi,1,Drunk Driving,1,0,0,0,2,0,Low
2018,10,Friday,3,KPK,Mansehra,National Highway,Average,Clear,No Light,Motorcycle,1,Road Condition,0,0,1,0,8,2,High
2019,2,Thursday,21,KPK,Bannu,National Highway,Good,Clear,No Light,Bus/Coach,1,Signal Violation,0,0,0,1,3,0,High
2022,12,Thursday,22,Punjab,Lahore,National Highway,Poor,Clear,No Light,Car/Taxi,3,Over Speeding,0,0,1,1,1,0,Medium
2021,3,Thursday,22,Islamabad,Islamabad,National Highway,Under Repair,Rainy,Street Light,Motorcycle,1,Over Speeding,0,0,1,0,6,2,High
2022,10,Tuesday,20,Punjab,Gujranwala,National Highway,Good,Clear,Street Light,Motorcycle,2,Drunk Driving,1,0,0,0,3,4,High
2018,12,Friday,11,Punjab,Sheikhupura,Urban Road,Average,Clear,Dawn/Dusk,Motorcycle,1,Over Speeding,0,0,0,1,3,0,Medium
2019,3,Friday,9,Sindh,Thatta,Rural Road,Average,Foggy,Dawn/Dusk,Car/Taxi,3,Driver Fatigue,1,0,0,0,3,0,Medium
2019,10,Monday,12,Punjab,Bahawalpur,Urban Road,Average,Clear,Street Light,Rickshaw,1,Signal Violation,1,0,0,0,2,0,Low
2020,4,Friday,8,Punjab,Sheikhupura,Urban Road,Good,Dusty/Smoggy,Dawn/Dusk,Motorcycle,2,Over Speeding,1,0,0,0,1,0,Medium
2020,6,Monday,10,Islamabad,Islamabad,National Highway,Poor,Rainy,Daylight,Rickshaw,2,Over Speeding,0,0,0,0,10,0,High
2020,12,Wednesday,20,Sindh,Jacobabad,Provincial Highway,Average,Clear,Street Light,Truck/Lorry,2,Pedestrian Error,1,0,0,1,2,0,Low
2022,5,Friday,19,Islamabad,Islamabad,Provincial Highway,Good,Clear,Dawn/Dusk,Motorcycle,2,Over Speeding,1,0,0,0,3,2,High
2021,11,Wednesday,0,Sindh,Dadu,National Highway,Good,Clear,No Light,Other,3,Driver Fatigue,0,0,1,1,10,2,High
2021,4,Sunday,6,Punjab,Bahawalpur,National Highway,Good,Foggy,Daylight,Truck/Lorry,3,Wrong Overtaking,0,1,0,0,9,2,High
2018,6,Thursday,7,Punjab,Sialkot,Provincial Highway,Good,Rainy,Daylight,Motorcycle,1,Wrong Overtaking,1,0,0,0,6,2,High
2022,5,Saturday,6,Balochistan,Hub,Urban Road,Good,Clear,Daylight,Motorcycle,3,Over Speeding,0,1,0,0,5,1,High
2022,10,Sunday,7,Punjab,Rawalpindi,National Highway,Good,Clear,Daylight,Van/Pickup,3,Pedestrian Error,1,1,0,0,3,0,Medium
2020,8,Wednesday,7,Sindh,Sukkur,Provincial Highway,Under Repair,Clear,Daylight,Motorcycle,2,Wrong Overtaking,1,0,0,0,5,0,High
2021,7,Saturday,22,Punjab,Sargodha,Provincial Highway,Good,Foggy,Street Light,Car/Taxi,3,Over Speeding,0,1,1,0,4,1,Medium
2021,11,Sunday,14,KPK,Peshawar,Provincial Highway,Good,Clear,Dawn/Dusk,Car/Taxi,2,Weather Condition,0,1,0,1,0,0,Low
2022,9,Monday,15,Punjab,Rahim Yar Khan,National Highway,Average,Clear,Daylight,Motorcycle,2,Over Speeding,0,0,0,0,2,2,High
2020,8,Tuesday,14,Punjab,Sialkot,Urban Road,Average,Rainy,Dawn/Dusk,Van/Pickup,3,Wrong Overtaking,0,0,0,0,2,1,Medium
2022,12,Friday,21,KPK,Kohat,Provincial Highway,Good,Extreme Heat,No Light,Rickshaw,1,Signal Violation,0,0,0,1,0,0,Low
2021,2,Friday,8,Punjab,Lahore,National Highway,Average,Clear,Daylight,Motorcycle,3,Wrong Overtaking,1,0,0,1,1,0,Medium
2023,3,Wednesday,17,Sindh,Mirpur Khas,Urban Road,Good,Dusty/Smoggy,Daylight,Car/Taxi,1,Driver Fatigue,1,0,0,0,2,0,Low
2019,5,Friday,13,KPK,Abbottabad,Provincial Highway,Poor,Foggy,Daylight,Truck/Lorry,3,Wrong Overtaking,1,0,0,0,5,0,Medium
2019,2,Saturday,10,KPK,Mansehra,Motorway,Poor,Extreme Heat,Daylight,Rickshaw,2,Over Speeding,0,1,0,1,2,0,Medium
2021,12,Sunday,11,Punjab,Lahore,National Highway,Average,Clear,Daylight,Motorcycle,1,Signal Violation,0,1,0,1,2,0,Medium
2019,5,Monday,6,KPK,Bannu,Provincial Highway,Good,Foggy,Daylight,Truck/Lorry,2,Wrong Overtaking,0,0,0,0,3,3,High
2018,1,Tuesday,21,Islamabad,Islamabad,Urban Road,Good,Clear,No Light,Truck/Lorry,2,Wrong Overtaking,0,0,0,1,3,0,Medium
2022,12,Monday,22,Sindh,Hyderabad,Provincial Highway,Good,Clear,No Light,Rickshaw,2,Pedestrian Error,0,0,1,1,2,0,Low
2021,10,Wednesday,11,KPK,Charsadda,National Highway,Good,Clear,Street Light,Van/Pickup,2,Mobile Phone Use,0,0,0,0,0,0,Low
2018,4,Saturday,19,Balochistan,Zhob,Rural Road,Average,Rainy,Street Light,Motorcycle,1,Wrong Overtaking,1,1,0,0,1,0,Medium
2019,2,Tuesday,15,Balochistan,Khuzdar,Provincial Highway,Poor,Dusty/Smoggy,Daylight,Motorcycle,2,Pedestrian Error,0,0,0,1,2,1,Low
2023,6,Wednesday,10,Punjab,Faisalabad,Rural Road,Poor,Foggy,Street Light,Rickshaw,1,Wrong Overtaking,0,0,0,0,1,0,Low
2018,10,Saturday,13,Gilgit-Baltistan,Gilgit,Urban Road,Good,Clear,Daylight,Rickshaw,1,Signal Violation,1,1,0,0,0,0,Low
2019,6,Wednesday,11,Punjab,Faisalabad,Provincial Highway,Average,Foggy,Daylight,Other,2,Signal Violation,0,0,0,0,0,0,Low
2023,12,Thursday,22,AJK,Mirpur,Urban Road,Good,Clear,No Light,Car/Taxi,2,Driver Fatigue,0,0,1,1,2,0,Low
2020,8,Tuesday,13,Punjab,Multan,National Highway,Good,Rainy,Dawn/Dusk,Motorcycle,3,Road Condition,1,0,0,0,10,0,High
2022,5,Saturday,7,Sindh,Hyderabad,Motorway,Average,Clear,Daylight,Van/Pickup,2,Signal Violation,1,1,0,0,0,0,Low
2022,3,Saturday,10,Balochistan,Hub,Urban Road,Good,Foggy,Daylight,Car/Taxi,1,Wrong Overtaking,0,1,0,0,1,1,Low
2019,12,Wednesday,17,Punjab,Faisalabad,National Highway,Average,Clear,Daylight,Car/Taxi,3,Pedestrian Error,1,0,0,1,3,0,Medium
2023,7,Monday,18,Punjab,Lahore,Rural Road,Good,Clear,Daylight,Rickshaw,3,Wrong Overtaking,1,0,0,0,1,0,Low
2022,10,Wednesday,19,Sindh,Sukkur,Rural Road,Average,Extreme Heat,No Light,Car/Taxi,1,Pedestrian Error,1,0,0,0,2,0,Low
2019,6,Wednesday,15,KPK,Swat,Provincial Highway,Average,Clear,Daylight,Car/Taxi,2,Over Speeding,0,0,0,0,4,0,Medium
2022,1,Monday,19,Punjab,Gujranwala,National Highway,Good,Rainy,Street Light,Bicycle,3,Pedestrian Error,1,0,0,1,2,1,High
2022,6,Sunday,20,Sindh,Larkana,Provincial Highway,Good,Rainy,Street Light,Bus/Coach,3,Wrong Overtaking,1,1,0,0,5,0,Medium
2020,2,Monday,8,Sindh,Hyderabad,Urban Road,Good,Foggy,Daylight,Van/Pickup,2,Road Condition,1,0,0,1,1,0,Low
2021,1,Monday,11,Punjab,Faisalabad,Rural Road,Under Repair,Rainy,Daylight,Motorcycle,2,Over Speeding,0,0,0,1,7,2,High
2023,9,Wednesday,18,Sindh,Hyderabad,National Highway,Average,Clear,Daylight,Motorcycle,1,Mechanical Failure,1,0,0,0,3,0,High
2021,4,Friday,1,Punjab,Sialkot,Provincial Highway,Average,Clear,No Light,Rickshaw,2,Mechanical Failure,0,0,1,0,1,0,Low
2021,12,Monday,18,Punjab,Rahim Yar Khan,Motorway,Good,Foggy,Daylight,Motorcycle,3,Over Speeding,1,0,0,1,4,0,High
2023,5,Tuesday,20,KPK,Abbottabad,Rural Road,Good,Dusty/Smoggy,Street Light,Bus/Coach,3,Wrong Overtaking,1,0,0,0,2,0,Low
2023,5,Wednesday,18,Balochistan,Khuzdar,Provincial Highway,Under Repair,Clear,Daylight,Rickshaw,1,Over Speeding,1,0,0,0,3,0,Medium
2023,10,Saturday,16,Sindh,Nawabshah,Provincial Highway,Good,Clear,Street Light,Bus/Coach,4,Signal Violation,0,1,0,0,4,1,Medium
2019,1,Tuesday,9,Punjab,Lahore,Urban Road,Good,Dusty/Smoggy,Daylight,Truck/Lorry,2,Over Speeding,1,0,0,1,4,1,Medium
2022,5,Monday,14,KPK,Mansehra,Rural Road,Good,Clear,Daylight,Motorcycle,1,Over Speeding,0,0,0,0,3,2,High
2018,2,Wednesday,14,Balochistan,Hub,National Highway,Good,Rainy,Daylight,Car/Taxi,4,Wrong Overtaking,0,0,0,1,5,1,Medium
2020,5,Tuesday,10,Sindh,Sukkur,Rural Road,Good,Clear,Daylight,Motorcycle,2,Over Speeding,0,0,0,0,3,0,Medium
2023,12,Sunday,8,Sindh,Dadu,National Highway,Average,Foggy,Daylight,Car/Taxi,2,Over Speeding,1,1,0,1,4,0,Medium
2020,1,Saturday,12,Gilgit-Baltistan,Hunza,Urban Road,Good,Dusty/Smoggy,Daylight,Car/Taxi,1,Mechanical Failure,1,1,0,1,2,0,Low
2020,7,Friday,20,Sindh,Mirpur Khas,National Highway,Poor,Clear,Street Light,Rickshaw,2,Road Condition,1,0,0,0,2,0,Low
2022,11,Friday,10,KPK,Peshawar,National Highway,Poor,Dusty/Smoggy,Daylight,Car/Taxi,2,Signal Violation,0,0,0,1,3,1,Medium
2023,4,Thursday,15,Sindh,Mirpur Khas,National Highway,Good,Clear,Daylight,Van/Pickup,1,Mechanical Failure,0,0,0,0,0,0,Low
2021,1,Sunday,11,Punjab,Faisalabad,National Highway,Average,Clear,Daylight,Bus/Coach,2,Weather Condition,0,1,0,1,1,0,Medium
2020,11,Friday,17,Punjab,Multan,Rural Road,Average,Dusty/Smoggy,No Light,Bus/Coach,2,Mechanical Failure,1,0,0,1,2,0,Low
2022,12,Sunday,16,KPK,Abbottabad,National Highway,Good,Dusty/Smoggy,Daylight,Truck/Lorry,4,Over Speeding,0,1,0,1,1,1,Medium
2021,3,Friday,10,Sindh,Dadu,Rural Road,Good,Clear,Dawn/Dusk,Motorcycle,3,Drunk Driving,0,0,0,0,8,1,High
2019,1,Sunday,23,Punjab,Gujranwala,Urban Road,Average,Clear,No Light,Bicycle,1,Over Speeding,0,1,1,1,4,0,High
2020,6,Friday,19,Punjab,Bahawalpur,Urban Road,Average,Clear,Street Light,Car/Taxi,1,Driver Fatigue,1,0,0,0,1,0,Low
2021,6,Tuesday,14,Balochistan,Quetta,Rural Road,Average,Foggy,Daylight,Motorcycle,1,Over Speeding,0,0,0,0,5,0,Medium
2018,1,Saturday,13,Balochistan,Zhob,Motorway,Poor,Extreme Heat,Daylight,Car/Taxi,2,Over Speeding,1,1,0,1,1,0,Medium
2019,11,Friday,18,Sindh,Jacobabad,National Highway,Average,Clear,Street Light,Motorcycle,2,Mechanical Failure,1,0,0,1,1,0,Medium
2021,10,Friday,5,KPK,Swat,Rural Road,Good,Clear,Dawn/Dusk,Bus/Coach,4,Driver Fatigue,0,0,1,0,5,2,Medium
2018,12,Sunday,18,Punjab,Sargodha,National Highway,Average,Clear,Daylight,Motorcycle,1,Road Condition,1,1,0,1,9,1,High
2021,12,Sunday,8,Sindh,Nawabshah,Urban Road,Poor,Foggy,Daylight,Truck/Lorry,2,Pedestrian Error,1,1,0,1,0,0,Low
2021,11,Monday,13,Sindh,Nawabshah,Provincial Highway,Poor,Foggy,Daylight,Motorcycle,1,Wrong Overtaking,1,0,0,1,3,0,Medium
2019,4,Wednesday,13,Sindh,Sukkur,National Highway,Good,Dusty/Smoggy,Daylight,Motorcycle,3,Drunk Driving,1,0,0,0,10,4,High
2023,5,Sunday,13,Sindh,Sukkur,Provincial Highway,Under Repair,Dusty/Smoggy,Daylight,Motorcycle,2,Over Speeding,1,1,0,0,5,1,High
2018,11,Sunday,19,Sindh,Hyderabad,Provincial Highway,Average,Extreme Heat,Dawn/Dusk,Rickshaw,2,Over Speeding,1,1,0,1,0,0,Low
2020,12,Sunday,8,Punjab,Rawalpindi,National Highway,Poor,Dusty/Smoggy,No Light,Bus/Coach,3,Over Speeding,1,1,0,1,2,2,High
2022,1,Tuesday,13,Punjab,Sargodha,National Highway,Good,Clear,Daylight,Motorcycle,4,Wrong Overtaking,1,0,0,1,3,1,Medium
2023,10,Wednesday,21,Balochistan,Turbat,Urban Road,Poor,Clear,No Light,Motorcycle,1,Over Speeding,0,0,0,0,5,2,Medium
2023,11,Wednesday,8,Punjab,Gujranwala,National Highway,Average,Foggy,Daylight,Car/Taxi,1,Over Speeding,1,0,0,1,5,0,Medium
2021,2,Sunday,14,Punjab,Multan,Provincial Highway,Poor,Clear,Daylight,Motorcycle,2,Driver Fatigue,0,1,0,1,3,1,Medium
2019,2,Sunday,7,Sindh,Larkana,Rural Road,Good,Clear,Daylight,Motorcycle,1,Road Condition,1,1,0,1,5,0,Medium
2018,12,Tuesday,20,Punjab,Sargodha,Provincial Highway,Good,Clear,Street Light,Truck/Lorry,1,Over Speeding,1,0,0,1,3,1,Medium
2022,3,Friday,17,Sindh,Karachi,Rural Road,Poor,Clear,Dawn/Dusk,Motorcycle,2,Drunk Driving,1,0,0,0,3,0,Medium
2023,7,Monday,15,Sindh,Karachi,Rural Road,Under Repair,Clear,Daylight,Rickshaw,2,Mobile Phone Use,0,0,0,0,2,0,Low
2022,12,Thursday,16,Punjab,Sargodha,National Highway,Average,Rainy,Daylight,Rickshaw,2,Pedestrian Error,0,0,0,1,1,2,Medium
2021,10,Sunday,0,Punjab,Multan,Urban Road,Good,Clear,Street Light,Bus/Coach,3,Wrong Overtaking,0,1,1,0,0,0,Low
2021,11,Monday,7,Punjab,Lahore,National Highway,Poor,Foggy,Daylight,Car/Taxi,3,Mechanical Failure,1,0,0,1,2,2,Medium
2022,5,Thursday,12,Sindh,Hyderabad,National Highway,Under Repair,Foggy,Daylight,Motorcycle,4,Pedestrian Error,1,0,0,0,3,0,Medium
2022,10,Sunday,20,Balochistan,Gwadar,Provincial Highway,Under Repair,Foggy,No Light,Motorcycle,3,Mechanical Failure,1,1,0,0,4,1,Medium
2021,3,Saturday,18,Punjab,Gujranwala,Urban Road,Good,Foggy,Daylight,Bus/Coach,3,Driver Fatigue,1,1,0,0,7,1,High
2021,7,Monday,18,KPK,Nowshera,Rural Road,Poor,Foggy,Daylight,Motorcycle,2,Road Condition,1,0,0,0,4,0,Medium
2020,2,Tuesday,18,KPK,Dera Ismail Khan,Rural Road,Average,Extreme Heat,Daylight,Rickshaw,3,Drunk Driving,1,0,0,1,2,0,Low
2023,7,Sunday,16,Punjab,Faisalabad,Motorway,Poor,Foggy,Daylight,Car/Taxi,2,Road Condition,0,1,0,0,5,0,Medium
2021,7,Sunday,23,KPK,Swat,National Highway,Under Repair,Clear,Street Light,Motorcycle,1,Wrong Overtaking,0,1,1,0,5,1,High
2021,2,Thursday,6,KPK,Kohat,Provincial Highway,Average,Extreme Heat,No Light,Rickshaw,1,Wrong Overtaking,0,0,0,1,0,0,Low
2022,7,Tuesday,7,KPK,Swat,National Highway,Good,Clear,Street Light,Motorcycle,4,Over Speeding,1,0,0,0,8,1,High
2022,1,Thursday,14,Balochistan,Dera Bugti,Provincial Highway,Under Repair,Clear,Daylight,Van/Pickup,1,Mechanical Failure,0,0,0,1,1,0,Low
2023,7,Thursday,10,Punjab,Sargodha,Urban Road,Good,Clear,Daylight,Car/Taxi,2,Driver Fatigue,0,0,0,0,2,1,Low
2023,5,Sunday,23,Punjab,Faisalabad,Rural Road,Good,Extreme Heat,Street Light,Motorcycle,3,Mobile Phone Use,0,1,1,0,2,0,Medium
2022,6,Thursday,17,Sindh,Nawabshah,National Highway,Average,Dusty/Smoggy,Daylight,Rickshaw,1,Pedestrian Error,1,0,0,0,2,0,Low
2019,12,Saturday,18,Punjab,Rahim Yar Khan,Rural Road,Good,Clear,Street Light,Van/Pickup,2,Over Speeding,1,1,0,1,0,0,Low
2019,3,Saturday,4,Punjab,Rawalpindi,Rural Road,Poor,Clear,No Light,Rickshaw,2,Signal Violation,0,1,1,0,2,1,Medium
2021,8,Friday,16,Balochistan,Gwadar,Provincial Highway,Good,Clear,Daylight,Motorcycle,3,Pedestrian Error,0,0,0,0,1,0,Medium
2020,1,Wednesday,20,Sindh,Thatta,Provincial Highway,Under Repair,Clear,Street Light,Rickshaw,2,Over Speeding,1,0,0,1,0,0,Low
2022,5,Thursday,14,Sindh,Nawabshah,National Highway,Good,Rainy,Daylight,Bicycle,2,Over Speeding,0,0,0,0,3,1,High
2019,7,Sunday,13,Punjab,Rahim Yar Khan,Rural Road,Average,Clear,Dawn/Dusk,Bicycle,1,Pedestrian Error,1,1,0,0,2,0,Medium
2023,5,Thursday,18,Punjab,Sargodha,Provincial Highway,Good,Rainy,Daylight,Rickshaw,2,Signal Violation,1,0,0,0,5,1,Medium
2020,8,Sunday,10,Punjab,Rawalpindi,Urban Road,Good,Dusty/Smoggy,Daylight,Car/Taxi,1,Wrong Overtaking,0,1,0,0,2,0,Low
2020,3,Saturday,9,KPK,Bannu,Motorway,Under Repair,Foggy,Daylight,Motorcycle,2,Mobile Phone Use,1,1,0,0,4,0,Medium
2019,4,Thursday,6,AJK,Muzaffarabad,Urban Road,Poor,Extreme Heat,Street Light,Truck/Lorry,2,Over Speeding,0,0,0,0,4,0,Medium
2020,7,Sunday,15,Sindh,Karachi,Provincial Highway,Good,Rainy,Daylight,Rickshaw,3,Signal Violation,0,1,0,0,5,1,Medium
2020,11,Sunday,16,Punjab,Gujranwala,Rural Road,Average,Foggy,Daylight,Car/Taxi,2,Over Speeding,0,1,0,1,0,0,Low
2018,11,Saturday,12,KPK,Swat,Rural Road,Good,Dusty/Smoggy,Daylight,Motorcycle,2,Over Speeding,1,1,0,1,4,1,Medium
2019,8,Wednesday,9,Balochistan,Hub,Urban Road,Good,Clear,Daylight,Motorcycle,2,Driver Fatigue,1,0,0,0,8,1,High
2018,12,Thursday,20,Islamabad,Islamabad,Motorway,Poor,Clear,Street Light,Motorcycle,2,Wrong Overtaking,1,0,0,1,2,2,High
2023,7,Monday,20,Sindh,Karachi,Rural Road,Good,Clear,Street Light,Car/Taxi,1,Over Speeding,1,0,0,0,3,1,Medium
2019,12,Sunday,20,Sindh,Nawabshah,National Highway,Good,Clear,No Light,Bus/Coach,1,Pedestrian Error,1,1,0,1,2,0,Medium
2022,9,Wednesday,7,Sindh,Larkana,Rural Road,Poor,Clear,Daylight,Motorcycle,3,Over Speeding,1,0,0,0,2,1,Medium
2022,6,Saturday,20,Punjab,Lahore,National Highway,Under Repair,Rainy,No Light,Motorcycle,2,Over Speeding,1,1,0,0,4,2,High
2023,10,Friday,21,Sindh,Mirpur Khas,Motorway,Under Repair,Clear,Street Light,Rickshaw,1,Over Speeding,0,0,0,0,4,1,High
2018,12,Saturday,18,KPK,Swat,Urban Road,Good,Dusty/Smoggy,Daylight,Car/Taxi,1,Over Speeding,1,1,0,1,4,0,Medium
2019,10,Friday,8,KPK,Mardan,Urban Road,Good,Dusty/Smoggy,Daylight,Motorcycle,2,Over Speeding,1,0,0,0,2,0,Medium
2021,2,Saturday,8,Sindh,Mirpur Khas,Rural Road,Good,Clear,Daylight,Motorcycle,3,Pedestrian Error,1,1,0,1,0,0,Low
2023,9,Wednesday,15,KPK,Mardan,Rural Road,Good,Clear,Daylight,Car/Taxi,2,Signal Violation,0,0,0,0,2,0,Low
2023,2,Saturday,9,Sindh,Sukkur,National Highway,Poor,Clear,Daylight,Truck/Lorry,1,Over Speeding,1,1,0,1,5,0,High
2018,5,Monday,11,Punjab,Sialkot,National Highway,Average,Clear,Daylight,Motorcycle,3,Road Condition,0,0,0,0,10,3,High
2019,9,Sunday,14,Balochistan,Quetta,National Highway,Good,Extreme Heat,Daylight,Car/Taxi,3,Signal Violation,0,1,0,0,1,0,Low
2023,8,Saturday,13,Sindh,Jacobabad,National Highway,Average,Foggy,Daylight,Truck/Lorry,2,Pedestrian Error,1,1,0,0,9,2,High
2020,4,Sunday,17,KPK,Mardan,Rural Road,Average,Clear,Daylight,Motorcycle,2,Pedestrian Error,1,1,0,0,1,1,Low
2020,12,Tuesday,18,Punjab,Bahawalpur,Provincial Highway,Poor,Rainy,Daylight,Car/Taxi,1,Mechanical Failure,1,0,0,1,0,0,Low
2021,11,Wednesday,10,Balochistan,Khuzdar,National Highway,Average,Rainy,Daylight,Motorcycle,3,Wrong Overtaking,0,0,0,1,7,0,High