year,month,day_of_week,hour_of_day,province,district,road_type,road_condition,weather_condition,lighting_condition,vehicle_type,vehicles_involved,accident_cause,is_rush_hour,is_weekend,is_night,is_foggy_month,num_injured,num_killed,severity
2021,10,Tuesday,20,Sindh,Dadu,National Highway,Good,Clear,Street Light,Bus/Coach,1,Pedestrian Error,1,0,0,0,0,0,Low
2021,5,Thursday,2,KPK,Peshawar,Provincial Highway,Average,Clear,No Light,Truck/Lorry,2,Wrong Overtaking,0,0,1,0,4,2,High
2022,3,Thursday,15,Islamabad,Islamabad,Urban Road,Good,Clear,Daylight,Van/Pickup,1,Signal Violation,0,0,0,0,2,1,Low
2023,8,Wednesday,13,Balochistan,Gwadar,Urban Road,Poor,Rainy,Daylight,Motorcycle,4,Wrong Overtaking,1,0,0,0,3,1,Medium
2019,2,Saturday,6,Sindh,Nawabshah,Provincial Highway,Average,Extreme Heat,Daylight,Truck/Lorry,2,Road Condition,0,1,0,1,5,1,Medium
2023,1,Sunday,19,Punjab,Sargodha,Rural Road,Poor,Clear,Dawn/Dusk,Motorcycle,2,Drunk Driving,1,1,0,1,4,1,High
2020,7,Monday,10,Islamabad,Islamabad,Urban Road,Average,Clear,Street Light,Motorcycle,2,Weather Condition,0,0,0,0,2,0,Medium
2023,3,Friday,22,AJK,Muzaffarabad,National Highway,Under Repair,Clear,Street Light,Motorcycle,1,Over Speeding,0,0,1,0,6,1,High
2023,5,Thursday,21,Punjab,Sargodha,Provincial Highway,Under Repair,Rainy,Street Light,Motorcycle,3,Mechanical Failure,0,0,0,0,1,1,Medium
2023,6,Friday,15,Sindh,Hyderabad,Urban Road,Good,Foggy,Street Light,Motorcycle,2,Driver Fatigue,0,0,0,0,9,1,High
2021,6,Thursday,21,Sindh,Mirpur Khas,Motorway,Good,Clear,Street Light,Motorcycle,2,Over Speeding,0,0,0,0,4,3,High
2022,7,Saturday,12,Punjab,Rawalpindi,National Highway,Under Repair,Clear,Daylight,Motorcycle,1,Road Condition,1,1,0,0,2,0,Medium
2019,1,Friday,19,Punjab,Bahawalpur,National Highway,Good,Rainy,Daylight,Car/Taxi,1,Over Speeding,1,0,0,1,8,0,High
2022,8,Sunday,19,Sindh,Larkana,National Highway,Under Repair,Clear,Dawn/Dusk,Car/Taxi,3,Mechanical Failure,1,1,0,0,0,0,Low
2019,6,Sunday,8,Islamabad,Islamabad,Provincial Highway,Under Repair,Clear,No Light,Car/Taxi,4,Pedestrian Error,1,1,0,0,0,0,Low
2023,5,Thursday,11,Punjab,Sheikhupura,Rural Road,Average,Rainy,No Light,Motorcycle,1,Wrong Overtaking,0,0,0,0,3,0,Medium
2023,10,Sunday,21,Balochistan,Dera Bugti,Provincial Highway,Good,Extreme Heat,No Light,Rickshaw,2,Over Speeding,0,1,0,0,3,1,Medium
2021,1,Monday,16,Balochistan,Loralai,Rural Road,Good,Rainy,Street Light,Motorcycle,4,Wrong Overtaking,0,0,0,1,4,0,Medium
2022,2,Friday,15,Balochistan,Gwadar,National Highway,Average,Rainy,No Light,Motorcycle,2,Over Speeding,0,0,0,1,11,0,High
2021,5,Monday,8,Punjab,Gujranwala,Rural Road,Good,Clear,Daylight,Car/Taxi,2,Over Speeding,1,0,0,0,5,0,Medium
2022,1,Sunday,16,Sindh,Kashmore,National Highway,Poor,Rainy,No Light,Car/Taxi,2,Over Speeding,0,1,0,1,5,1,Medium
2023,7,Sunday,18,Punjab,Bahawalpur,Urban Road,Poor,Foggy,Street Light,Motorcycle,3,Over Speeding,1,1,0,0,1,0,Medium
2021,4,Wednesday,17,Islamabad,Islamabad,Provincial Highway,Good,Rainy,Daylight,Car/Taxi,1,Driver Fatigue,1,0,0,0,3,1,Medium
2018,4,Saturday,17,Sindh,Jacobabad,Rural Road,Poor,Clear,Daylight,Motorcycle,1,Weather Condition,1,1,0,0,0,0,Low
2019,6,Saturday,19,Punjab,Bahawalpur,National Highway,Good,Clear,Dawn/Dusk,Motorcycle,1,Signal Violation,1,1,0,0,11,3,High
2019,3,Thursday,0,Punjab,Gujranwala,Rural Road,Average,Rainy,No Light,Motorcycle,3,Pedestrian Error,0,0,1,0,5,1,Medium
2023,9,Friday,17,Sindh,Karachi,Provincial Highway,Good,Foggy,Daylight,Car/Taxi,1,Road Condition,1,0,0,0,0,0,Low
2020,6,Thursday,17,Islamabad,Islamabad,National Highway,Poor,Dusty/Smoggy,Daylight,Car/Taxi,1,Road Condition,1,0,0,0,2,0,Medium
2023,7,Thursday,12,Sindh,Dadu,Rural Road,Under Repair,Clear,Daylight,Rickshaw,2,Weather Condition,1,0,0,0,2,0,Low
2022,6,Thursday,20,KPK,Swat,National Highway,Under Repair,Clear,Street Light,Rickshaw,2,Road Condition,1,0,0,0,2,0,Low
2019,4,Saturday,19,Punjab,Lahore,Urban Road,Good,Clear,Street Light,Rickshaw,2,Pedestrian Error,1,1,0,0,0,0,Low
2021,11,Friday,13,Balochistan,Sibi,Provincial Highway,Good,Rainy,Daylight,Motorcycle,2,Mobile Phone Use,1,0,0,1,4,1,Medium
2019,2,Wednesday,13,Sindh,Larkana,Rural Road,Poor,Foggy,Daylight,Bus/Coach,1,Road Condition,1,0,0,1,2,0,Low
2023,4,Wednesday,22,Islamabad,Islamabad,Urban Road,Good,Clear,No Light,Motorcycle,3,Over Speeding,0,0,1,0,2,0,Medium
2022,9,Tuesday,16,Sindh,Sukkur,Urban Road,Good,Foggy,Daylight,Motorcycle,2,Over Speeding,0,0,0,0,5,0,High
2021,5,Wednesday,10,KPK,Mansehra,Provincial Highway,Poor,Clear,Daylight,Car/Taxi,2,Signal Violation,0,0,0,0,2,0,Low
2020,12,Thursday,17,Sindh,Nawabshah,Urban Road,Good,Rainy,Daylight,Motorcycle,1,Wrong Overtaking,1,0,0,1,5,1,Medium
2021,11,Sunday,18,Punjab,Sialkot,Provincial Highway,Poor,Rainy,Dawn/Dusk,Car/Taxi,1,Driver Fatigue,1,1,0,1,4,0,High
2021,5,Friday,11,Punjab,Faisalabad,Provincial Highway,Good,Foggy,Daylight,Motorcycle,1,Wrong Overtaking,0,0,0,0,1,0,Medium
2023,7,Thursday,21,Punjab,Sargodha,National Highway,Poor,Clear,No Light,Motorcycle,3,Road Condition,0,0,0,0,2,1,Medium
2018,6,Friday,11,Sindh,Mirpur Khas,National Highway,Good,Rainy,Daylight,Rickshaw,1,Over Speeding,0,0,0,0,4,1,Medium
2020,10,Wednesday,22,Sindh,Thatta,Motorway,Good,Clear,Street Light,Car/Taxi,2,Over Speeding,0,0,1,0,3,1,High
2023,5,Wednesday,11,Punjab,Gujranwala,Rural Road,Poor,Rainy,Daylight,Rickshaw,4,Mechanical Failure,0,0,0,0,2,0,Low
2023,8,Thursday,19,Sindh,Larkana,Rural Road,Poor,Clear,No Light,Motorcycle,1,Over Speeding,1,0,0,0,5,1,Medium
2018,11,Tuesday,6,Sindh,Mirpur Khas,National Highway,Average,Clear,Daylight,Motorcycle,4,Over Speeding,0,0,0,1,8,0,High
2023,10,Friday,17,Sindh,Larkana,Provincial Highway,Good,Foggy,Dawn/Dusk,Motorcycle,3,Road Condition,1,0,0,0,4,1,Medium
2021,5,Sunday,19,Punjab,Multan,National Highway,Poor,Clear,No Light,Car/Taxi,2,Over Speeding,1,1,0,0,4,0,Medium
2021,6,Monday,20,Sindh,Dadu,Provincial Highway,Poor,Rainy,Street Light,Motorcycle,2,Over Speeding,1,0,0,0,10,1,High
2023,10,Friday,13,Punjab,Gujranwala,Urban Road,Good,Clear,Daylight,Motorcycle,1,Over Speeding,1,0,0,0,1,1,Medium
2020,7,Friday,13,Punjab,Sialkot,Provincial Highway,Average,Foggy,Daylight,Bus/Coach,1,Over Speeding,1,0,0,0,4,0,High
2019,4,Tuesday,21,Sindh,Dadu,Rural Road,Poor,Clear,Street Light,Truck/Lorry,3,Over Speeding,0,0,0,0,1,0,Low
2022,9,Wednesday,8,Punjab,Rahim Yar Khan,Urban Road,Good,Dusty/Smoggy,Daylight,Motorcycle,3,Driver Fatigue,1,0,0,0,2,0,Medium
2022,1,Thursday,21,Balochistan,Hub,Provincial Highway,Average,Clear,No Light,Car/Taxi,4,Over Speeding,0,0,0,1,5,1,Medium
2019,6,Wednesday,14,Islamabad,Islamabad,National Highway,Poor,Clear,Dawn/Dusk,Other,1,Drunk Driving,0,0,0,0,1,0,Medium
2022,1,Monday,7,KPK,Swat,Provincial Highway,Good,Clear,Daylight,Motorcycle,2,Signal Violation,1,0,0,1,1,0,Medium
2022,4,Friday,8,Punjab,Bahawalpur,Rural Road,Average,Clear,Daylight,Car/Taxi,2,Driver Fatigue,1,0,0,0,5,0,Medium
2022,7,Thursday,12,Sindh,Sukkur,Rural Road,Poor,Clear,Daylight,Motorcycle,3,Over Speeding,1,0,0,0,5,1,Medium
2019,9,Monday,13,Sindh,Kashmore,National Highway,Poor,Clear,Daylight,Motorcycle,3,Wrong Overtaking,1,0,0,0,4,1,High
2020,9,Saturday,15,Punjab,Sheikhupura,Provincial Highway,Good,Foggy,Daylight,Car/Taxi,2,Mechanical Failure,0,1,0,0,2,0,Low
2019,6,Tuesday,13,Punjab,Gujranwala,Urban Road,Average,Clear,Daylight,Car/Taxi,3,Wrong Overtaking,1,0,0,0,0,0,Low
2023,12,Friday,13,Punjab,Gujranwala,Urban Road,Good,Clear,Daylight,Motorcycle,2,Drunk Driving,1,0,0,1,3,1,Medium
2021,12,Saturday,10,Punjab,Sheikhupura,National Highway,Under Repair,Foggy,Daylight,Truck/Lorry,2,Road Condition,0,1,0,1,1,0,Medium
2022,4,Tuesday,9,Sindh,Hyderabad,Urban Road,Good,Clear,Daylight,Car/Taxi,1,Mechanical Failure,1,0,0,0,0,0,Low
2022,10,Tuesday,15,Balochistan,Quetta,Provincial Highway,Good,Clear,Daylight,Van/Pickup,2,Wrong Overtaking,0,0,0,0,0,0,Low
2020,6,Saturday,23,Punjab,Lahore,Provincial Highway,Good,Clear,Street Light,Motorcycle,4,Mechanical Failure,0,1,1,0,2,1,Medium
2019,6,Saturday,14,Punjab,Lahore,Urban Road,Good,Rainy,Street Light,Bicycle,3,Drunk Driving,0,1,0,0,3,3,High
2019,12,Tuesday,0,Punjab,Bahawalpur,National Highway,Good,Foggy,Street Light,Bicycle,3,Signal Violation,0,0,1,1,7,2,High
2022,9,Friday,18,Punjab,Gujranwala,National Highway,Average,Foggy,Daylight,Car/Taxi,2,Pedestrian Error,1,0,0,0,2,1,Medium
2020,6,Wednesday,9,Punjab,Faisalabad,National Highway,Good,Clear,Daylight,Car/Taxi,1,Wrong Overtaking,1,0,0,0,5,0,Medium
2022,11,Saturday,11,Punjab,Rahim Yar Khan,Provincial Highway,Good,Clear,Daylight,Bus/Coach,1,Signal Violation,0,1,0,1,3,0,Medium
2023,6,Tuesday,0,Punjab,Sargodha,Provincial Highway,Good,Foggy,Street Light,Car/Taxi,1,Wrong Overtaking,0,0,1,0,1,0,Medium
2021,3,Monday,23,KPK,Charsadda,Rural Road,Good,Foggy,No Light,Motorcycle,2,Road Condition,0,0,1,0,4,0,Medium
2020,5,Monday,13,Sindh,Mirpur Khas,Provincial Highway,Good,Extreme Heat,Daylight,Motorcycle,2,Mobile Phone Use,1,0,0,0,2,1,Medium
2023,3,Tuesday,16,Balochistan,Hub,Urban Road,Good,Rainy,Daylight,Bus/Coach,2,Over Speeding,0,0,0,0,4,0,Medium
2020,10,Tuesday,22,KPK,Swat,Motorway,Good,Rainy,No Light,Rickshaw,1,Pedestrian Error,0,0,1,0,8,2,High
2022,9,Saturday,1,Punjab,Sargodha,Urban Road,Poor,Dusty/Smoggy,No Light,Motorcycle,1,Wrong Overtaking,0,1,1,0,1,0,Medium
2023,3,Sunday,20,KPK,Charsadda,Provincial Highway,Under Repair,Rainy,No Light,Motorcycle,1,Drunk Driving,1,1,0,0,7,3,High
2023,1,Monday,22,Punjab,Sheikhupura,Provincial Highway,Good,Clear,No Light,Car/Taxi,2,Signal Violation,0,0,1,1,4,0,Medium
2020,5,Saturday,9,Sindh,Nawabshah,Provincial Highway,Poor,Clear,Daylight,Car/Taxi,3,Signal Violation,1,1,0,0,0,0,Low
2021,6,Tuesday,3,Punjab,Faisalabad,Provincial Highway,Average,Clear,Street Light,Motorcycle,1,Over Speeding,0,0,1,0,8,1,High
2022,12,Tuesday,14,Punjab,Faisalabad,Provincial Highway,Average,Foggy,Daylight,Bus/Coach,2,Signal Violation,0,0,0,1,2,0,Medium
2022,11,Monday,8,Sindh,Sukkur,National Highway,Poor,Clear,Daylight,Motorcycle,1,Signal Violation,1,0,0,1,3,1,Medium
2022,6,Friday,8,Punjab,Gujranwala,National Highway,Average,Clear,Daylight,Motorcycle,3,Over Speeding,1,0,0,0,8,3,High
2019,4,Wednesday,10,Punjab,Bahawalpur,Provincial Highway,Good,Clear,Dawn/Dusk,Motorcycle,1,Wrong Overtaking,0,0,0,0,2,1,Medium
2020,6,Wednesday,6,Punjab,Bahawalpur,Urban Road,Poor,Clear,Daylight,Motorcycle,2,Wrong Overtaking,0,0,0,0,4,1,Medium
2020,12,Sunday,11,KPK,Bannu,National Highway,Good,Clear,Daylight,Motorcycle,1,Driver Fatigue,0,1,0,1,10,2,High
2022,10,Saturday,23,Punjab,Lahore,National Highway,Good,Rainy,Street Light,Motorcycle,2,Drunk Driving,0,1,1,0,7,0,High
2023,12,Monday,9,Sindh,Mirpur Khas,Provincial Highway,Poor,Rainy,No Light,Car/Taxi,2,Road Condition,1,0,0,1,1,0,Low
2018,1,Wednesday,2,KPK,Charsadda,Urban Road,Under Repair,Rainy,No Light,Car/Taxi,2,Over Speeding,0,0,1,1,2,1,Medium
2020,11,Thursday,13,Punjab,Rahim Yar Khan,Rural Road,Good,Foggy,Daylight,Motorcycle,2,Wrong Overtaking,1,0,0,1,1,0,Medium
2022,5,Monday,18,KPK,Abbottabad,Urban Road,Under Repair,Clear,Street Light,Motorcycle,1,Wrong Overtaking,1,0,0,0,0,0,Low
2018,8,Sunday,20,KPK,Abbottabad,National Highway,Average,Dusty/Smoggy,Street Light,Bicycle,2,Driver Fatigue,1,1,0,0,7,3,High
2023,3,Wednesday,22,AJK,Rawalakot,National Highway,Good,Rainy,Street Light,Motorcycle,1,Over Speeding,0,0,1,0,9,1,High
2018,1,Saturday,20,Sindh,Nawabshah,National Highway,Average,Clear,Street Light,Car/Taxi,3,Signal Violation,1,1,0,1,0,0,Low
2023,6,Monday,13,Punjab,Multan,Provincial Highway,Poor,Clear,Daylight,Motorcycle,2,Driver Fatigue,1,0,0,0,4,2,Medium
2020,7,Thursday,13,KPK,Charsadda,Provincial Highway,Poor,Foggy,No Light,Truck/Lorry,2,Wrong Overtaking,1,0,0,0,4,1,Medium
2023,10,Tuesday,9,Punjab,Sargodha,Provincial Highway,Poor,Clear,Daylight,Motorcycle,3,Drunk Driving,1,0,0,0,11,0,High
2020,11,Wednesday,8,Punjab,Lahore,National Highway,Average,Dusty/Smoggy,Daylight,Motorcycle,2,Over Speeding,1,0,0,1,6,2,High
2020,1,Friday,20,Punjab,Bahawalpur,National Highway,Average,Clear,Street Light,Motorcycle,3,Over Speeding,1,0,0,1,8,2,High
2021,4,Monday,17,KPK,Kohat,Rural Road,Good,Clear,Daylight,Motorcycle,3,Signal Violation,1,0,0,0,3,0,Medium
2022,2,Monday,15,Punjab,Sialkot,Urban Road,Poor,Foggy,Daylight,Bus/Coach,1,Wrong Overtaking,0,0,0,1,5,0,Medium
2022,2,Wednesday,14,Sindh,Jacobabad,Rural Road,Good,Clear,Daylight,Car/Taxi,2,Signal Violation,0,0,0,1,2,1,Low
2022,2,Monday,15,Punjab,Gujranwala,Provincial Highway,Good,Clear,Daylight,Motorcycle,1,Over Speeding,0,0,0,1,10,2,High
2023,2,Friday,23,Sindh,Dadu,Urban Road,Good,Clear,No Light,Motorcycle,3,Over Speeding,0,0,1,1,3,1,Medium
2019,5,Sunday,8,Sindh,Thatta,National Highway,Good,Rainy,Street Light,Motorcycle,3,Driver Fatigue,1,1,0,0,8,1,High
2021,10,Tuesday,9,Punjab,Sargodha,Provincial Highway,Average,Clear,Daylight,Motorcycle,3,Mobile Phone Use,1,0,0,0,5,0,Medium
2019,12,Sunday,10,Punjab,Bahawalpur,Rural Road,Good,Clear,Dawn/Dusk,Bus/Coach,2,Over Speeding,0,1,0,1,1,0,Medium
2023,5,Sunday,19,Punjab,Rawalpindi,National Highway,Poor,Foggy,Dawn/Dusk,Car/Taxi,2,Signal Violation,1,1,0,0,11,2,High
2021,2,Sunday,6,Punjab,Multan,National Highway,Poor,Extreme Heat,Daylight,Car/Taxi,2,Pedestrian Error,0,1,0,1,2,1,Low
2022,8,Thursday,18,Sindh,Hyderabad,Rural Road,Poor,Clear,Daylight,Motorcycle,1,Road Condition,1,0,0,0,1,0,Low
2021,1,Friday,10,Islamabad,Islamabad,Provincial Highway,Good,Clear,Daylight,Rickshaw,3,Wrong Overtaking,0,0,0,1,2,0,Low
2021,2,Saturday,7,Sindh,Karachi,National Highway,Average,Clear,Daylight,Motorcycle,2,Mechanical Failure,1,1,0,1,5,1,High
2023,7,Thursday,15,KPK,Abbottabad,Urban Road,Poor,Clear,Daylight,Rickshaw,3,Over Speeding,0,0,0,0,1,1,Medium
2023,12,Sunday,6,AJK,Muzaffarabad,Provincial Highway,Average,Clear,Daylight,Car/Taxi,3,Wrong Overtaking,0,1,0,1,5,2,Medium
2020,8,Saturday,13,Sindh,Thatta,Rural Road,Average,Dusty/Smoggy,Street Light,Motorcycle,1,Signal Violation,1,1,0,0,1,0,Medium
2021,7,Sunday,21,Punjab,Lahore,Provincial Highway,Good,Clear,No Light,Truck/Lorry,2,Over Speeding,0,1,0,0,4,0,Medium
2023,4,Wednesday,13,Islamabad,Islamabad,Rural Road,Good,Foggy,Daylight,Car/Taxi,2,Over Speeding,1,0,0,0,3,0,Medium
2022,6,Friday,20,KPK,Charsadda,Urban Road,Average,Foggy,No Light,Car/Taxi,2,Signal Violation,1,0,0,0,1,1,Medium
2020,4,Friday,17,Islamabad,Islamabad,Provincial Highway,Good,Foggy,Daylight,Motorcycle,2,Weather Condition,1,0,0,0,4,0,Medium
2018,1,Sunday,10,Sindh,Sukkur,Motorway,Average,Foggy,Daylight,Rickshaw,3,Mechanical Failure,0,1,0,1,2,2,Medium
2022,7,Thursday,8,KPK,Nowshera,Provincial Highway,Good,Clear,Daylight,Truck/Lorry,3,Wrong Overtaking,1,0,0,0,0,0,Low
2023,9,Saturday,9,Balochistan,Quetta,Rural Road,Average,Foggy,Daylight,Motorcycle,1,Signal Violation,1,1,0,0,3,0,Medium
2019,2,Thursday,8,KPK,Swat,National Highway,Good,Clear,Daylight,Motorcycle,1,Pedestrian Error,1,0,0,1,7,0,High
2023,12,Wednesday,21,Sindh,Sukkur,Rural Road,Average,Extreme Heat,Street Light,Motorcycle,3,Drunk Driving,0,0,0,1,2,1,Medium
2018,7,Monday,8,Sindh,Hyderabad,Urban Road,Average,Clear,Daylight,Bus/Coach,4,Pedestrian Error,1,0,0,0,1,0,Low
2021,6,Saturday,9,KPK,Dera Ismail Khan,Urban Road,Good,Clear,Daylight,Truck/Lorry,3,Mechanical Failure,1,1,0,0,2,0,Low
2018,5,Wednesday,0,KPK,Dera Ismail Khan,Provincial Highway,Average,Foggy,Street Light,Car/Taxi,2,Mobile Phone Use,0,0,1,0,3,0,Medium
2021,12,Wednesday,6,Punjab,Gujranwala,Provincial Highway,Good,Foggy,Dawn/Dusk,Motorcycle,2,Wrong Overtaking,0,0,0,1,11,2,High
2020,5,Saturday,15,Sindh,Larkana,Provincial Highway,Average,Clear,Daylight,Bus/Coach,2,Pedestrian Error,0,1,0,0,1,1,Medium
2023,10,Tuesday,20,Sindh,Karachi,Provincial Highway,Good,Clear,Street Light,Car/Taxi,1,Mechanical Failure,1,0,0,0,2,0,Low
2022,1,Wednesday,17,Punjab,Sheikhupura,Provincial Highway,Poor,Clear,Daylight,Motorcycle,2,Driver Fatigue,1,0,0,1,2,2,High
2021,9,Friday,12,Punjab,Sargodha,Motorway,Poor,Dusty/Smoggy,Street Light,Motorcycle,2,Over Speeding,1,0,0,0,10,1,High
2022,9,Wednesday,14,Punjab,Sialkot,National Highway,Poor,Foggy,Daylight,Rickshaw,2,Signal Violation,0,0,0,0,1,0,Medium
2023,10,Tuesday,8,Balochistan,Loralai,Rural Road,Good,Clear,Daylight,Motorcycle,2,Over Speeding,1,0,0,0,2,2,Medium
2020,11,Saturday,19,Punjab,Rahim Yar Khan,National Highway,Good,Clear,Dawn/Dusk,Motorcycle,2,Over Speeding,1,1,0,1,6,1,High
2023,1,Monday,13,Sindh,Karachi,Provincial Highway,Average,Foggy,Daylight,Car/Taxi,2,Over Speeding,1,0,0,1,1,1,Medium
2023,1,Tuesday,9,KPK,Mansehra,National Highway,Under Repair,Clear,Daylight,Motorcycle,1,Mechanical Failure,1,0,0,1,1,2,Medium
2022,7,Thursday,13,Punjab,Lahore,Urban Road,Average,Clear,Daylight,Rickshaw,1,Driver Fatigue,1,0,0,0,1,0,Low
2018,1,Sunday,20,Punjab,Bahawalpur,Urban Road,Good,Clear,No Light,Rickshaw,4,Signal Violation,1,1,0,1,1,0,Low
2020,1,Wednesday,8,Islamabad,Islamabad,National Highway,Good,Clear,No Light,Car/Taxi,1,Over Speeding,1,0,0,1,6,1,High
2019,12,Friday,22,KPK,Swat,Provincial Highway,Average,Foggy,No Light,Bus/Coach,1,Over Speeding,0,0,1,1,8,1,High
2021,6,Thursday,18,Punjab,Sialkot,Provincial Highway,Average,Clear,Daylight,Motorcycle,2,Signal Violation,1,0,0,0,4,0,Medium
2021,2,Sunday,10,KPK,Mardan,Provincial Highway,Average,Clear,Daylight,Rickshaw,1,Wrong Overtaking,0,1,0,1,0,0,Low
2023,10,Saturday,17,KPK,Dera Ismail Khan,National Highway,Average,Clear,Street Light,Motorcycle,3,Signal Violation,1,1,0,0,11,0,High
2021,8,Sunday,12,KPK,Mardan,National Highway,Average,Clear,Daylight,Motorcycle,1,Mechanical Failure,1,1,0,0,4,0,Medium
2021,4,Thursday,9,Punjab,Faisalabad,Provincial Highway,Poor,Dusty/Smoggy,Daylight,Rickshaw,2,Driver Fatigue,1,0,0,0,2,0,Medium
2018,8,Saturday,8,Sindh,Nawabshah,Provincial Highway,Average,Foggy,Daylight,Car/Taxi,4,Signal Violation,1,1,0,0,1,0,Medium
2023,10,Wednesday,16,KPK,Abbottabad,Provincial Highway,Good,Clear,Daylight,Car/Taxi,3,Over Speeding,0,0,0,0,0,0,Low
2021,2,Tuesday,7,Punjab,Sheikhupura,Rural Road,Average,Clear,Daylight,Truck/Lorry,1,Wrong Overtaking,1,0,0,1,1,0,Low
2021,1,Monday,8,Punjab,Rawalpindi,National Highway,Good,Clear,Daylight,Car/Taxi,2,Drunk Driving,1,0,0,1,3,0,High
2023,8,Saturday,17,Punjab,Rawalpindi,National Highway,Good,Rainy,Street Light,Car/Taxi,3,Over Speeding,1,1,0,0,3,1,Medium
2023,7,Tuesday,16,Sindh,Sukkur,Provincial Highway,Average,Dusty/Smoggy,Street Light,Motorcycle,2,Wrong Overtaking,0,0,0,0,4,2,High
2022,2,Monday,20,Punjab,Sargodha,Urban Road,Poor,Dusty/Smoggy,Street Light,Bicycle,2,Driver Fatigue,1,0,0,1,5,1,High
2021,6,Tuesday,7,Punjab,Lahore,Motorway,Good,Dusty/Smoggy,Dawn/Dusk,Motorcycle,3,Over Speeding,1,0,0,0,7,1,High
2023,10,Thursday,20,KPK,Abbottabad,Provincial Highway,Good,Dusty/Smoggy,No Light,Car/Taxi,2,Wrong Overtaking,1,0,0,0,2,0,Low
2022,6,Friday,20,Punjab,Bahawalpur,National Highway,Poor,Clear,No Light,Rickshaw,2,Signal Violation,1,0,0,0,4,0,Medium
2019,3,Friday,17,Punjab,Rawalpindi,Provincial Highway,Good,Foggy,Street Light,Rickshaw,1,Signal Violation,1,0,0,0,1,1,Medium
2021,7,Tuesday,13,KPK,Charsadda,Rural Road,Good,Foggy,Daylight,Motorcycle,2,Over Speeding,1,0,0,0,9,1,High
2022,5,Sunday,6,Sindh,Karachi,Rural Road,Good,Clear,Daylight,Truck/Lorry,1,Pedestrian Error,0,1,0,0,1,0,Low
2023,2,Friday,14,KPK,Swat,Rural Road,Average,Rainy,Daylight,Rickshaw,1,Over Speeding,0,0,0,1,1,0,Low
2023,1,Saturday,20,Punjab,Faisalabad,Provincial Highway,Good,Clear,No Light,Bus/Coach,2,Mechanical Failure,1,1,0,1,1,0,Low
2021,11,Sunday,21,Punjab,Bahawalpur,Urban Road,Good,Clear,Street Light,Car/Taxi,1,Wrong Overtaking,0,1,0,1,2,0,Low
2018,1,Thursday,15,Sindh,Thatta,National Highway,Good,Clear,Daylight,Car/Taxi,4,Mechanical Failure,0,0,0,1,2,0,Low
2019,7,Tuesday,9,AJK,Muzaffarabad,Provincial Highway,Poor,Rainy,Daylight,Motorcycle,3,Signal Violation,1,0,0,0,1,0,Medium
2022,6,Friday,16,Punjab,Rawalpindi,Provincial Highway,Good,Rainy,Daylight,Car/Taxi,2,Road Condition,0,0,0,0,1,0,Low
2020,5,Sunday,18,KPK,Dera Ismail Khan,Provincial Highway,Average,Clear,Daylight,Motorcycle,1,Signal Violation,1,1,0,0,7,0,High
2018,6,Monday,18,Punjab,Faisalabad,Rural Road,Average,Clear,Daylight,Truck/Lorry,1,Pedestrian Error,1,0,0,0,1,0,Low
2020,4,Sunday,10,Punjab,Sargodha,National Highway,Good,Clear,Daylight,Bus/Coach,3,Wrong Overtaking,0,1,0,0,2,1,Medium
2022,3,Thursday,7,Punjab,Sargodha,Rural Road,Poor,Dusty/Smoggy,Daylight,Car/Taxi,2,Mechanical Failure,1,0,0,0,1,0,Low
2022,2,Sunday,9,Balochistan,Hub,Rural Road,Average,Rainy,No Light,Motorcycle,1,Road Condition,1,1,0,1,2,1,Medium
2020,1,Friday,19,Punjab,Gujranwala,Provincial Highway,Average,Clear,Dawn/Dusk,Motorcycle,1,Wrong Overtaking,1,0,0,1,4,2,Medium
2023,5,Sunday,11,Punjab,Sialkot,Urban Road,Under Repair,Clear,Daylight,Motorcycle,2,Mechanical Failure,0,1,0,0,3,0,Medium
2023,1,Thursday,19,KPK,Mansehra,Rural Road,Good,Clear,Street Light,Car/Taxi,2,Wrong Overtaking,1,0,0,1,2,1,Low
2021,2,Monday,18,Punjab,Sargodha,Rural Road,Poor,Clear,Daylight,Motorcycle,2,Wrong Overtaking,1,0,0,1,5,0,Medium
2023,7,Saturday,7,Punjab,Rahim Yar Khan,Urban Road,Good,Clear,No Light,Car/Taxi,3,Wrong Overtaking,1,1,0,0,2,0,Low
2020,12,Saturday,20,Punjab,Rahim Yar Khan,Motorway,Under Repair,Clear,Street Light,Car/Taxi,4,Wrong Overtaking,1,1,0,1,1,0,Medium
2023,7,Thursday,17,Islamabad,Islamabad,Rural Road,Good,Clear,No Light,Truck/Lorry,3,Over Speeding,1,0,0,0,3,1,Medium
2020,2,Sunday,12,Punjab,Gujranwala,National Highway,Average,Extreme Heat,Daylight,Car/Taxi,1,Wrong Overtaking,1,1,0,1,3,1,Medium
2020,8,Saturday,13,Gilgit-Baltistan,Gilgit,Urban Road,Good,Dusty/Smoggy,Daylight,Motorcycle,1,Drunk Driving,1,1,0,0,2,0,Medium
2021,12,Thursday,23,Punjab,Rawalpindi,National Highway,Under Repair,Clear,Street Light,Motorcycle,1,Wrong Overtaking,0,0,1,1,2,0,High
2022,4,Tuesday,8,Punjab,Multan,Provincial Highway,Good,Clear,Daylight,Car/Taxi,2,Road Condition,1,0,0,0,2,0,Low