year,month,day_of_week,hour_of_day,province,district,road_type,road_condition,weather_condition,lighting_condition,vehicle_type,vehicles_involved,accident_cause,is_rush_hour,is_weekend,is_night,is_foggy_month,num_injured,num_killed,severity
2019,11,Sunday,3,Balochistan,Turbat,National Highway,Under Repair,Clear,Street Light,Car/Taxi,2,Signal Violation,0,1,1,1,10,3,High
2021,12,Friday,13,Sindh,Hyderabad,Provincial Highway,Under Repair,Foggy,Daylight,Motorcycle,2,Wrong Overtaking,1,0,0,1,5,2,High
2023,11,Sunday,8,Punjab,Rahim Yar Khan,Provincial Highway,Poor,Foggy,Daylight,Van/Pickup,1,Signal Violation,1,1,0,1,2,0,Low
2021,5,Thursday,10,Sindh,Karachi,Rural Road,Good,Clear,Daylight,Car/Taxi,3,Road Condition,0,0,0,0,1,0,Low
2022,1,Thursday,0,Punjab,Lahore,Rural Road,Good,Dusty/Smoggy,Street Light,Motorcycle,1,Mechanical Failure,0,0,1,1,3,0,Medium
2022,6,Monday,13,Sindh,Jacobabad,National Highway,Good,Clear,Street Light,Truck/Lorry,1,Pedestrian Error,1,0,0,0,0,0,Low
2023,3,Saturday,12,Sindh,Dadu,Urban Road,Good,Clear,Daylight,Van/Pickup,2,Wrong Overtaking,1,1,0,0,2,0,Low
2022,11,Tuesday,18,Punjab,Rahim Yar Khan,National Highway,Good,Clear,Daylight,Car/Taxi,2,Over Speeding,1,0,0,1,3,0,Medium
2023,3,Saturday,14,Balochistan,Gwadar,Provincial Highway,Average,Clear,Dawn/Dusk,Bicycle,2,Road Condition,0,1,0,0,4,1,Medium
2021,2,Thursday,4,Sindh,Dadu,National Highway,Good,Clear,Street Light,Van/Pickup,1,Over Speeding,0,0,1,1,2,1,Medium
2023,10,Wednesday,19,Punjab,Multan,Rural Road,Good,Clear,Street Light,Motorcycle,2,Signal Violation,1,0,0,0,1,0,Low
2023,3,Friday,16,Punjab,Sheikhupura,National Highway,Good,Foggy,Daylight,Truck/Lorry,4,Road Condition,0,0,0,0,3,1,High
2020,2,Sunday,15,Balochistan,Sibi,National Highway,Poor,Rainy,Daylight,Car/Taxi,1,Drunk Driving,0,1,0,1,4,2,High
2023,11,Friday,10,Punjab,Sargodha,National Highway,Poor,Clear,Daylight,Truck/Lorry,2,Wrong Overtaking,0,0,0,1,3,1,Medium
2023,8,Tuesday,21,Sindh,Jacobabad,Provincial Highway,Average,Clear,No Light,Bus/Coach,1,Over Speeding,0,0,0,0,3,1,Medium
2023,8,Sunday,6,Islamabad,Islamabad,National Highway,Good,Clear,Daylight,Car/Taxi,1,Wrong Overtaking,0,1,0,0,2,0,Low
2023,11,Saturday,10,Sindh,Dadu,Provincial Highway,Under Repair,Clear,Daylight,Motorcycle,4,Pedestrian Error,0,1,0,1,2,0,Medium
2018,6,Tuesday,2,KPK,Nowshera,National Highway,Poor,Clear,No Light,Car/Taxi,2,Drunk Driving,0,0,1,0,4,1,High
2023,7,Tuesday,17,Punjab,Sargodha,National Highway,Under Repair,Rainy,Daylight,Motorcycle,3,Road Condition,1,0,0,0,7,1,High
2020,12,Saturday,21,KPK,Abbottabad,Provincial Highway,Good,Rainy,No Light,Car/Taxi,1,Signal Violation,0,1,0,1,3,0,Medium
2023,7,Tuesday,10,Punjab,Sargodha,Urban Road,Average,Dusty/Smoggy,Daylight,Motorcycle,1,Wrong Overtaking,0,0,0,0,3,0,Medium
2021,10,Friday,11,Balochistan,Hub,Rural Road,Good,Clear,Daylight,Car/Taxi,2,Over Speeding,0,0,0,0,1,0,Medium
2023,2,Wednesday,14,Punjab,Faisalabad,Provincial Highway,Good,Clear,Dawn/Dusk,Bus/Coach,1,Over Speeding,0,0,0,1,8,2,High
2023,1,Saturday,21,Punjab,Sargodha,National Highway,Good,Clear,No Light,Bicycle,4,Over Speeding,0,1,0,1,11,0,High
2021,12,Sunday,4,Punjab,Lahore,Motorway,Good,Clear,No Light,Motorcycle,2,Over Speeding,0,1,1,1,3,1,High
2022,4,Wednesday,9,Punjab,Gujranwala,Urban Road,Good,Clear,Street Light,Motorcycle,2,Over Speeding,1,0,0,0,7,0,High
2023,5,Wednesday,19,Punjab,Sargodha,Urban Road,Good,Foggy,Dawn/Dusk,Car/Taxi,2,Pedestrian Error,1,0,0,0,2,0,Low
2021,7,Friday,14,Balochistan,Loralai,National Highway,Average,Rainy,Daylight,Bicycle,2,Over Speeding,0,0,0,0,6,1,High
2018,5,Saturday,8,Islamabad,Islamabad,Provincial Highway,Average,Clear,Street Light,Motorcycle,1,Wrong Overtaking,1,1,0,0,2,0,Medium
2020,5,Friday,15,KPK,Kohat,Urban Road,Good,Clear,Daylight,Car/Taxi,2,Drunk Driving,0,0,0,0,3,0,Medium
2022,6,Thursday,3,Punjab,Sargodha,National Highway,Poor,Clear,No Light,Rickshaw,3,Pedestrian Error,0,0,1,0,1,1,Low
2020,10,Wednesday,18,Punjab,Bahawalpur,National Highway,Good,Clear,Daylight,Motorcycle,3,Over Speeding,1,0,0,0,2,1,High
2021,5,Thursday,17,Islamabad,Islamabad,Rural Road,Under Repair,Foggy,Daylight,Motorcycle,2,Road Condition,1,0,0,0,1,2,Medium
2023,11,Wednesday,12,Punjab,Rahim Yar Khan,National Highway,Average,Extreme Heat,Daylight,Rickshaw,2,Wrong Overtaking,1,0,0,1,2,0,Low
2020,10,Saturday,14,Sindh,Mirpur Khas,Urban Road,Average,Clear,Daylight,Motorcycle,2,Wrong Overtaking,0,1,0,0,4,0,Medium
2023,7,Saturday,12,Punjab,Rahim Yar Khan,Provincial Highway,Good,Clear,Daylight,Motorcycle,1,Wrong Overtaking,1,1,0,0,3,0,Medium
2021,4,Friday,11,Gilgit-Baltistan,Skardu,Urban Road,Average,Clear,Daylight,Car/Taxi,2,Wrong Overtaking,0,0,0,0,1,0,Low
2020,7,Sunday,23,Punjab,Sargodha,National Highway,Poor,Clear,No Light,Motorcycle,2,Over Speeding,0,1,1,0,9,1,High
2021,12,Tuesday,17,Punjab,Sargodha,National Highway,Poor,Foggy,Daylight,Van/Pickup,2,Pedestrian Error,1,0,0,1,1,0,Medium
2023,11,Sunday,12,KPK,Kohat,National Highway,Average,Clear,Daylight,Motorcycle,3,Road Condition,1,1,0,1,5,1,High
2021,6,Friday,23,Punjab,Faisalabad,Rural Road,Under Repair,Clear,Street Light,Rickshaw,2,Mobile Phone Use,0,0,1,0,1,0,Low
2021,9,Sunday,11,Sindh,Nawabshah,Rural Road,Average,Clear,Daylight,Rickshaw,1,Drunk Driving,0,1,0,0,4,0,Medium
2022,1,Saturday,18,Punjab,Gujranwala,Urban Road,Poor,Dusty/Smoggy,Daylight,Rickshaw,2,Mechanical Failure,1,1,0,1,0,0,Low
2023,6,Saturday,8,Sindh,Nawabshah,National Highway,Good,Clear,Daylight,Rickshaw,1,Driver Fatigue,1,1,0,0,11,2,High
2018,9,Wednesday,8,Punjab,Rawalpindi,Urban Road,Average,Rainy,Daylight,Rickshaw,2,Driver Fatigue,1,0,0,0,4,0,Medium
2022,8,Friday,20,Sindh,Karachi,Provincial Highway,Good,Dusty/Smoggy,No Light,Car/Taxi,3,Mechanical Failure,1,0,0,0,1,0,Low
2023,5,Saturday,8,Balochistan,Sibi,National Highway,Average,Clear,Daylight,Truck/Lorry,3,Mechanical Failure,1,1,0,0,3,0,Medium
2022,6,Friday,17,AJK,Mirpur,National Highway,Average,Clear,Daylight,Motorcycle,3,Drunk Driving,1,0,0,0,11,2,High
2021,10,Tuesday,18,KPK,Peshawar,National Highway,Good,Clear,Dawn/Dusk,Rickshaw,1,Driver Fatigue,1,0,0,0,2,0,Medium
2019,1,Wednesday,21,KPK,Dera Ismail Khan,Urban Road,Average,Clear,Street Light,Motorcycle,2,Driver Fatigue,0,0,0,1,6,3,High
2021,11,Friday,7,Sindh,Dadu,Urban Road,Average,Clear,Daylight,Rickshaw,2,Over Speeding,1,0,0,1,0,0,Low
2018,1,Thursday,12,Punjab,Rahim Yar Khan,National Highway,Good,Clear,Daylight,Rickshaw,2,Over Speeding,1,0,0,1,1,1,Medium
2021,12,Tuesday,20,KPK,Swat,Urban Road,Good,Dusty/Smoggy,No Light,Motorcycle,1,Signal Violation,1,0,0,1,3,2,Medium
2022,6,Thursday,16,Punjab,Bahawalpur,National Highway,Poor,Foggy,Daylight,Truck/Lorry,3,Pedestrian Error,0,0,0,0,3,1,Medium
2020,5,Sunday,7,Punjab,Sialkot,Provincial Highway,Good,Clear,Daylight,Rickshaw,2,Wrong Overtaking,1,1,0,0,2,0,Low
2020,6,Sunday,14,KPK,Charsadda,National Highway,Poor,Clear,Daylight,Motorcycle,3,Wrong Overtaking,0,1,0,0,6,0,High
2023,3,Friday,13,Sindh,Thatta,Provincial Highway,Good,Clear,Daylight,Motorcycle,2,Mechanical Failure,1,0,0,0,4,0,Medium
2021,3,Friday,17,Punjab,Faisalabad,Rural Road,Under Repair,Clear,Daylight,Motorcycle,1,Signal Violation,1,0,0,0,2,0,Low
2018,11,Sunday,11,KPK,Abbottabad,Provincial Highway,Good,Foggy,Daylight,Bicycle,2,Signal Violation,0,1,0,1,10,0,High
2023,6,Monday,10,Islamabad,Islamabad,Rural Road,Poor,Clear,Daylight,Motorcycle,2,Signal Violation,0,0,0,0,1,0,Medium
2021,9,Sunday,10,Sindh,Dadu,National Highway,Good,Clear,No Light,Car/Taxi,2,Over Speeding,0,1,0,0,3,3,High
2019,2,Thursday,13,KPK,Mardan,National Highway,Good,Clear,Dawn/Dusk,Car/Taxi,2,Wrong Overtaking,1,0,0,1,3,1,Medium
2021,12,Tuesday,19,Punjab,Multan,Urban Road,Good,Clear,Street Light,Rickshaw,2,Road Condition,1,0,0,1,1,0,Low
2022,2,Saturday,19,AJK,Muzaffarabad,National Highway,Under Repair,Foggy,Dawn/Dusk,Motorcycle,2,Weather Condition,1,1,0,1,11,1,High
2022,8,Saturday,5,Punjab,Multan,Provincial Highway,Poor,Foggy,Dawn/Dusk,Car/Taxi,4,Pedestrian Error,0,1,1,0,1,0,Medium
2023,9,Saturday,15,Balochistan,Khuzdar,Urban Road,Poor,Rainy,Daylight,Motorcycle,2,Road Condition,0,1,0,0,1,0,Low
2018,7,Friday,12,Islamabad,Islamabad,National Highway,Poor,Clear,Daylight,Car/Taxi,1,Wrong Overtaking,1,0,0,0,0,0,Low
2023,11,Saturday,3,KPK,Swat,National Highway,Average,Clear,No Light,Car/Taxi,2,Driver Fatigue,0,1,1,1,9,2,High
2019,7,Friday,18,KPK,Abbottabad,Rural Road,Good,Rainy,Street Light,Motorcycle,3,Wrong Overtaking,1,0,0,0,2,0,Medium
2022,6,Sunday,13,Sindh,Mirpur Khas,National Highway,Average,Foggy,No Light,Car/Taxi,1,Wrong Overtaking,1,1,0,0,4,1,Medium
2023,4,Monday,19,Balochistan,Gwadar,Urban Road,Average,Rainy,Dawn/Dusk,Bus/Coach,2,Wrong Overtaking,1,0,0,0,3,0,Medium
2022,11,Monday,21,KPK,Bannu,Urban Road,Average,Clear,Street Light,Motorcycle,1,Over Speeding,0,0,0,1,1,0,Medium
2023,4,Saturday,20,Punjab,Gujranwala,Rural Road,Average,Clear,No Light,Motorcycle,3,Over Speeding,1,1,0,0,3,0,Medium
2018,6,Friday,15,Punjab,Gujranwala,Provincial Highway,Good,Clear,Dawn/Dusk,Rickshaw,2,Over Speeding,0,0,0,0,1,0,Medium
2021,11,Tuesday,10,Sindh,Hyderabad,Provincial Highway,Good,Clear,Daylight,Rickshaw,2,Wrong Overtaking,0,0,0,1,5,1,Medium
2021,7,Wednesday,4,Balochistan,Gwadar,Motorway,Good,Clear,Street Light,Car/Taxi,1,Pedestrian Error,0,0,1,0,1,0,Medium
2020,5,Thursday,17,Balochistan,Gwadar,National Highway,Good,Rainy,Daylight,Motorcycle,3,Mechanical Failure,1,0,0,0,3,1,Medium
2023,3,Wednesday,22,KPK,Kohat,Urban Road,Good,Clear,No Light,Truck/Lorry,3,Wrong Overtaking,0,0,1,0,3,0,Medium
2020,12,Saturday,17,Punjab,Gujranwala,Urban Road,Average,Rainy,Street Light,Bus/Coach,2,Road Condition,1,1,0,1,1,0,Low
2023,9,Sunday,3,Sindh,Larkana,National Highway,Good,Dusty/Smoggy,Street Light,Bus/Coach,1,Wrong Overtaking,0,1,1,0,11,1,High
2019,11,Wednesday,6,Sindh,Kashmore,National Highway,Poor,Rainy,Daylight,Car/Taxi,2,Signal Violation,0,0,0,1,5,0,Medium
2023,12,Monday,11,KPK,Mardan,National Highway,Poor,Clear,Daylight,Van/Pickup,2,Mechanical Failure,0,0,0,1,2,0,Medium
2023,8,Saturday,14,Punjab,Sargodha,Provincial Highway,Good,Dusty/Smoggy,Daylight,Motorcycle,1,Wrong Overtaking,0,1,0,0,2,1,Medium
2022,4,Saturday,13,KPK,Dera Ismail Khan,Motorway,Good,Clear,Dawn/Dusk,Rickshaw,2,Over Speeding,1,1,0,0,4,1,Medium
2020,8,Wednesday,0,Sindh,Hyderabad,Provincial Highway,Poor,Clear,No Light,Car/Taxi,1,Over Speeding,0,0,1,0,5,2,Medium
2022,5,Saturday,15,Sindh,Jacobabad,Urban Road,Average,Dusty/Smoggy,Daylight,Rickshaw,2,Over Speeding,0,1,0,0,1,1,Low
2023,2,Saturday,11,KPK,Bannu,Urban Road,Average,Clear,Daylight,Motorcycle,2,Over Speeding,0,1,0,1,5,1,Medium
2020,2,Wednesday,16,Sindh,Thatta,National Highway,Average,Foggy,Daylight,Motorcycle,1,Wrong Overtaking,0,0,0,1,3,2,High
2021,12,Sunday,22,Punjab,Sheikhupura,Rural Road,Poor,Clear,Street Light,Motorcycle,2,Over Speeding,0,1,1,1,7,2,High
2021,11,Wednesday,19,Balochistan,Chaman,Motorway,Under Repair,Clear,Dawn/Dusk,Car/Taxi,4,Over Speeding,1,0,0,1,5,2,Medium
2020,12,Monday,15,Punjab,Faisalabad,Provincial Highway,Good,Clear,Dawn/Dusk,Car/Taxi,2,Over Speeding,0,0,0,1,4,0,Medium
2018,10,Monday,7,KPK,Bannu,Urban Road,Poor,Clear,Street Light,Motorcycle,2,Signal Violation,1,0,0,0,2,0,Medium
2019,12,Friday,19,Punjab,Sargodha,National Highway,Good,Dusty/Smoggy,Dawn/Dusk,Car/Taxi,2,Pedestrian Error,1,0,0,1,2,0,Low
2021,8,Monday,6,KPK,Swat,National Highway,Average,Clear,Daylight,Car/Taxi,2,Wrong Overtaking,0,0,0,0,1,1,Medium
2020,6,Friday,18,Balochistan,Dera Bugti,Urban Road,Average,Dusty/Smoggy,Dawn/Dusk,Van/Pickup,1,Mobile Phone Use,1,0,0,0,0,1,Low
2023,1,Thursday,21,Punjab,Sargodha,National Highway,Poor,Clear,No Light,Van/Pickup,1,Over Speeding,0,0,0,1,1,0,Medium
2023,6,Sunday,15,AJK,Muzaffarabad,Provincial Highway,Poor,Extreme Heat,Daylight,Motorcycle,1,Over Speeding,0,1,0,0,5,1,Medium
2022,11,Friday,9,Punjab,Lahore,Provincial Highway,Poor,Clear,Street Light,Car/Taxi,3,Wrong Overtaking,1,0,0,1,0,0,Low
2019,6,Sunday,12,Punjab,Multan,National Highway,Good,Clear,Street Light,Bicycle,4,Mechanical Failure,1,1,0,0,5,1,Medium
2023,4,Saturday,22,Balochistan,Sibi,Provincial Highway,Good,Rainy,Street Light,Motorcycle,2,Driver Fatigue,0,1,1,0,5,1,High
2020,10,Monday,16,KPK,Dera Ismail Khan,Provincial Highway,Under Repair,Clear,Daylight,Car/Taxi,4,Wrong Overtaking,0,0,0,0,2,0,Low
2018,12,Monday,20,Punjab,Multan,National Highway,Average,Extreme Heat,No Light,Car/Taxi,2,Over Speeding,1,0,0,1,4,1,High
2021,9,Saturday,16,Islamabad,Islamabad,National Highway,Good,Clear,Daylight,Car/Taxi,1,Over Speeding,0,1,0,0,4,0,Medium
2018,12,Tuesday,12,KPK,Nowshera,National Highway,Poor,Foggy,Daylight,Car/Taxi,2,Road Condition,1,0,0,1,3,0,Medium
2020,7,Sunday,18,Punjab,Faisalabad,Rural Road,Under Repair,Extreme Heat,Daylight,Motorcycle,2,Wrong Overtaking,1,1,0,0,5,1,Medium
2023,12,Monday,8,Balochistan,Khuzdar,National Highway,Average,Clear,Daylight,Car/Taxi,3,Wrong Overtaking,1,0,0,1,5,1,Medium
2022,4,Saturday,13,Sindh,Thatta,Rural Road,Good,Clear,Daylight,Bus/Coach,2,Pedestrian Error,1,1,0,0,0,0,Low
2018,3,Sunday,19,Punjab,Lahore,National Highway,Under Repair,Clear,Dawn/Dusk,Motorcycle,2,Over Speeding,1,1,0,0,6,2,High
2019,12,Friday,11,KPK,Abbottabad,Provincial Highway,Good,Foggy,Daylight,Motorcycle,2,Over Speeding,0,0,0,1,7,1,High
2023,1,Tuesday,20,KPK,Charsadda,Urban Road,Good,Clear,Street Light,Motorcycle,2,Over Speeding,1,0,0,1,8,0,High
2019,10,Monday,13,Sindh,Nawabshah,Urban Road,Poor,Clear,Daylight,Car/Taxi,2,Pedestrian Error,1,0,0,0,2,0,Low
2019,8,Monday,18,Balochistan,Dera Bugti,National Highway,Good,Extreme Heat,Daylight,Car/Taxi,2,Mechanical Failure,1,0,0,0,1,0,Low
2021,7,Friday,22,Balochistan,Sibi,Urban Road,Good,Clear,No Light,Motorcycle,1,Wrong Overtaking,0,0,1,0,3,1,Medium
2021,7,Wednesday,18,Punjab,Gujranwala,Urban Road,Good,Clear,Dawn/Dusk,Car/Taxi,2,Pedestrian Error,1,0,0,0,1,0,Low
2019,1,Thursday,8,Balochistan,Sibi,Rural Road,Good,Foggy,Daylight,Truck/Lorry,1,Signal Violation,1,0,0,1,5,2,Medium
2022,9,Friday,21,Punjab,Sheikhupura,Provincial Highway,Good,Rainy,Street Light,Car/Taxi,1,Over Speeding,0,0,0,0,3,0,Medium
2021,4,Friday,16,Sindh,Kashmore,Urban Road,Good,Foggy,Daylight,Bicycle,2,Wrong Overtaking,0,0,0,0,3,1,Medium
2019,11,Saturday,9,AJK,Rawalakot,Rural Road,Average,Rainy,Daylight,Car/Taxi,3,Driver Fatigue,1,1,0,1,3,0,Medium
2018,11,Tuesday,14,KPK,Charsadda,Rural Road,Good,Clear,Dawn/Dusk,Motorcycle,2,Mechanical Failure,0,0,0,1,2,0,Low
2020,10,Tuesday,19,Punjab,Rahim Yar Khan,Provincial Highway,Average,Clear,Street Light,Motorcycle,2,Over Speeding,1,0,0,0,9,2,High
2018,4,Saturday,19,Sindh,Karachi,Provincial Highway,Poor,Clear,Daylight,Car/Taxi,1,Pedestrian Error,1,1,0,0,1,0,Low
2019,4,Thursday,12,Sindh,Thatta,Rural Road,Poor,Foggy,Daylight,Motorcycle,1,Wrong Overtaking,1,0,0,0,4,0,Medium
2020,5,Tuesday,4,Punjab,Bahawalpur,Urban Road,Average,Foggy,Street Light,Truck/Lorry,1,Over Speeding,0,0,1,0,3,0,Medium
2021,2,Saturday,20,Balochistan,Dera Bugti,National Highway,Good,Clear,Street Light,Car/Taxi,2,Signal Violation,1,1,0,1,2,0,Low
2023,5,Friday,17,KPK,Dera Ismail Khan,National Highway,Average,Clear,Street Light,Motorcycle,1,Signal Violation,1,0,0,0,2,4,High
2021,7,Sunday,12,KPK,Abbottabad,Urban Road,Poor,Clear,Daylight,Bus/Coach,2,Over Speeding,1,1,0,0,0,0,Low
2022,6,Wednesday,17,Sindh,Dadu,Provincial Highway,Good,Dusty/Smoggy,Daylight,Bus/Coach,3,Wrong Overtaking,1,0,0,0,5,1,Medium
2019,3,Friday,19,Punjab,Bahawalpur,Urban Road,Good,Rainy,Street Light,Car/Taxi,4,Driver Fatigue,1,0,0,0,1,0,Low
2020,12,Sunday,21,Balochistan,Dera Bugti,Motorway,Average,Rainy,Street Light,Motorcycle,3,Wrong Overtaking,0,1,0,1,4,2,High
2021,3,Friday,7,Punjab,Sargodha,Rural Road,Good,Rainy,Daylight,Car/Taxi,4,Road Condition,1,0,0,0,1,1,Low
2021,9,Thursday,19,Punjab,Faisalabad,National Highway,Under Repair,Clear,Street Light,Motorcycle,2,Road Condition,1,0,0,0,4,1,Medium
2022,11,Thursday,13,AJK,Muzaffarabad,National Highway,Average,Clear,Street Light,Car/Taxi,2,Over Speeding,1,0,0,1,9,4,High
2022,5,Sunday,8,Balochistan,Hub,Urban Road,Poor,Rainy,Daylight,Motorcycle,2,Mechanical Failure,1,1,0,0,2,0,Low
2022,12,Thursday,17,Sindh,Karachi,National Highway,Average,Foggy,Daylight,Car/Taxi,3,Driver Fatigue,1,0,0,1,8,1,High
2019,6,Sunday,10,Punjab,Multan,Provincial Highway,Poor,Clear,Daylight,Motorcycle,1,Road Condition,0,1,0,0,0,0,Low
2019,11,Monday,7,Punjab,Multan,National Highway,Poor,Clear,Daylight,Car/Taxi,2,Over Speeding,1,0,0,1,3,0,Medium
2023,4,Tuesday,8,Sindh,Hyderabad,National Highway,Good,Rainy,Dawn/Dusk,Car/Taxi,2,Over Speeding,1,0,0,0,8,2,High
2022,1,Monday,20,Sindh,Larkana,Rural Road,Good,Foggy,Street Light,Rickshaw,2,Wrong Overtaking,1,0,0,1,2,1,Medium
2018,9,Friday,10,KPK,Peshawar,Rural Road,Average,Foggy,Daylight,Motorcycle,2,Mechanical Failure,0,0,0,0,1,0,Low
2023,2,Monday,10,KPK,Mardan,National Highway,Good,Dusty/Smoggy,Daylight,Motorcycle,2,Signal Violation,0,0,0,1,6,3,High
2019,12,Wednesday,19,Sindh,Thatta,Provincial Highway,Average,Clear,Dawn/Dusk,Van/Pickup,1,Driver Fatigue,1,0,0,1,2,0,Medium
2018,12,Monday,12,Sindh,Larkana,Urban Road,Average,Rainy,Daylight,Van/Pickup,1,Pedestrian Error,1,0,0,1,2,1,Low
2022,2,Monday,22,KPK,Swat,Provincial Highway,Good,Clear,Street Light,Other,3,Pedestrian Error,0,0,1,1,5,0,Medium
2022,3,Thursday,3,KPK,Charsadda,Rural Road,Average,Dusty/Smoggy,No Light,Bus/Coach,3,Wrong Overtaking,0,0,1,0,0,0,Low
2021,5,Friday,21,Islamabad,Islamabad,Urban Road,Good,Rainy,Street Light,Motorcycle,3,Over Speeding,0,0,0,0,9,2,High
2018,2,Friday,12,Balochistan,Sibi,Provincial Highway,Good,Clear,Daylight,Motorcycle,2,Mechanical Failure,1,0,0,1,2,0,Medium
2019,5,Saturday,19,Punjab,Bahawalpur,Rural Road,Good,Rainy,Street Light,Rickshaw,3,Road Condition,1,1,0,0,0,0,Low
2023,2,Saturday,19,Islamabad,Islamabad,National Highway,Good,Clear,Dawn/Dusk,Rickshaw,2,Mobile Phone Use,1,1,0,1,1,1,Medium
2021,3,Wednesday,21,Punjab,Lahore,National Highway,Average,Clear,No Light,Car/Taxi,2,Signal Violation,0,0,0,0,1,0,Low
2022,5,Sunday,22,Gilgit-Baltistan,Hunza,Motorway,Good,Clear,No Light,Motorcycle,1,Drunk Driving,0,1,1,0,9,1,High
2020,11,Sunday,17,KPK,Charsadda,Urban Road,Good,Foggy,Daylight,Rickshaw,2,Signal Violation,1,1,0,1,1,0,Low
2018,7,Monday,7,Sindh,Dadu,Rural Road,Poor,Clear,Daylight,Motorcycle,2,Driver Fatigue,1,0,0,0,6,2,High
2020,4,Tuesday,17,Punjab,Multan,Motorway,Good,Clear,Daylight,Rickshaw,2,Over Speeding,1,0,0,0,1,0,Medium
2022,4,Tuesday,9,Punjab,Bahawalpur,Urban Road,Good,Rainy,Daylight,Car/Taxi,2,Over Speeding,1,0,0,0,3,0,Medium
2023,11,Sunday,4,Punjab,Rahim Yar Khan,Provincial Highway,Average,Clear,No Light,Van/Pickup,4,Driver Fatigue,0,1,1,1,2,0,Medium
2018,11,Saturday,10,Balochistan,Hub,Motorway,Average,Clear,Daylight,Motorcycle,1,Signal Violation,0,1,0,1,5,0,High
2022,5,Sunday,8,Sindh,Karachi,Urban Road,Good,Foggy,Daylight,Truck/Lorry,1,Wrong Overtaking,1,1,0,0,1,2,Medium
2022,4,Monday,13,Sindh,Jacobabad,Motorway,Average,Rainy,Daylight,Motorcycle,1,Wrong Overtaking,1,0,0,0,8,2,High
2020,7,Wednesday,7,Islamabad,Islamabad,National Highway,Average,Clear,Street Light,Motorcycle,1,Road Condition,1,0,0,0,3,1,Medium
2020,11,Sunday,9,Punjab,Faisalabad,Rural Road,Poor,Clear,Daylight,Car/Taxi,3,Signal Violation,1,1,0,1,1,0,Low
2019,2,Wednesday,20,KPK,Kohat,Provincial Highway,Good,Foggy,No Light,Van/Pickup,3,Signal Violation,1,0,0,1,0,0,Low
2020,12,Friday,20,Sindh,Karachi,National Highway,Average,Clear,Street Light,Other,2,Over Speeding,1,0,0,1,1,1,Medium
2021,12,Saturday,1,Punjab,Gujranwala,Rural Road,Good,Clear,Street Light,Motorcycle,4,Signal Violation,0,1,1,1,8,1,High
2022,12,Thursday,6,Balochistan,Zhob,National Highway,Good,Clear,Daylight,Van/Pickup,1,Driver Fatigue,0,0,0,1,7,0,High
2019,11,Saturday,10,KPK,Bannu,Motorway,Under Repair,Clear,Daylight,Motorcycle,1,Over Speeding,0,1,0,1,7,1,High
2022,4,Tuesday,13,Punjab,Rahim Yar Khan,Motorway,Average,Rainy,Daylight,Car/Taxi,1,Signal Violation,1,0,0,0,1,1,Medium
2019,5,Wednesday,2,Sindh,Sukkur,Rural Road,Poor,Rainy,Street Light,Rickshaw,2,Over Speeding,0,0,1,0,5,0,Medium
2023,12,Thursday,12,Balochistan,Khuzdar,National Highway,Average,Dusty/Smoggy,Daylight,Motorcycle,2,Wrong Overtaking,1,0,0,1,9,1,High
2022,10,Friday,5,Punjab,Lahore,Provincial Highway,Good,Clear,No Light,Motorcycle,3,Signal Violation,0,0,1,0,9,0,High
2023,9,Saturday,17,Punjab,Sialkot,Urban Road,Good,Foggy,Daylight,Motorcycle,1,Over Speeding,1,1,0,0,4,0,Medium
2021,7,Saturday,19,KPK,Swat,Urban Road,Average,Dusty/Smoggy,No Light,Bus/Coach,2,Over Speeding,1,1,0,0,5,0,Medium
2023,6,Thursday,6,Balochistan,Turbat,National Highway,Poor,Clear,Daylight,Bicycle,2,Drunk Driving,0,0,0,0,7,2,High
2020,10,Friday,12,KPK,Swat,Rural Road,Good,Foggy,Daylight,Motorcycle,2,Over Speeding,1,0,0,0,9,0,High
2019,1,Friday,15,Punjab,Sheikhupura,Rural Road,Poor,Clear,Daylight,Motorcycle,2,Wrong Overtaking,0,0,0,1,1,1,Low
2019,10,Thursday,1,Sindh,Sukkur,National Highway,Good,Clear,Street Light,Car/Taxi,2,Driver Fatigue,0,0,1,0,5,4,High
2018,8,Thursday,21,KPK,Charsadda,Provincial Highway,Good,Rainy,No Light,Car/Taxi,2,Road Condition,0,0,0,0,2,0,Low
2021,7,Monday,19,Punjab,Gujranwala,National Highway,Average,Rainy,Street Light,Motorcycle,2,Over Speeding,1,0,0,0,4,0,High
2023,4,Sunday,13,Sindh,Mirpur Khas,Rural Road,Average,Clear,Daylight,Rickshaw,2,Signal Violation,1,1,0,0,1,1,Low
2022,1,Sunday,22,KPK,Nowshera,Rural Road,Under Repair,Foggy,Street Light,Car/Taxi,1,Wrong Overtaking,0,1,1,1,0,0,Low
2023,6,Saturday,7,Balochistan,Hub,National Highway,Good,Clear,Daylight,Van/Pickup,3,Over Speeding,1,1,0,0,9,1,High
2022,4,Wednesday,15,Punjab,Sargodha,Motorway,Poor,Rainy,Dawn/Dusk,Motorcycle,2,Mobile Phone Use,0,0,0,0,5,0,Medium
2019,9,Tuesday,19,Punjab,Faisalabad,Motorway,Good,Foggy,Dawn/Dusk,Truck/Lorry,3,Wrong Overtaking,1,0,0,0,3,4,High
2018,12,Wednesday,17,Sindh,Karachi,Provincial Highway,Good,Clear,Daylight,Car/Taxi,2,Pedestrian Error,1,0,0,1,2,0,Low
2022,9,Friday,22,KPK,Dera Ismail Khan,National Highway,Poor,Clear,No Light,Motorcycle,2,Over Speeding,0,0,1,0,11,2,High