year,month,day_of_week,hour_of_day,province,district,road_type,road_condition,weather_condition,lighting_condition,vehicle_type,vehicles_involved,accident_cause,is_rush_hour,is_weekend,is_night,is_foggy_month,num_injured,num_killed,severity
2020,12,Thursday,11,KPK,Nowshera,Rural Road,Poor,Rainy,Daylight,Bus/Coach,2,Wrong Overtaking,0,0,0,1,5,0,Medium
2023,12,Monday,21,Punjab,Gujranwala,Provincial Highway,Good,Clear,No Light,Truck/Lorry,3,Wrong Overtaking,0,0,0,1,1,0,Medium
2022,10,Saturday,8,Punjab,Sargodha,National Highway,Poor,Rainy,Daylight,Motorcycle,1,Driver Fatigue,1,1,0,0,11,1,High
2023,4,Thursday,8,KPK,Peshawar,Rural Road,Good,Clear,Daylight,Bicycle,1,Over Speeding,1,0,0,0,2,0,Medium
2023,4,Sunday,14,Balochistan,Loralai,Rural Road,Good,Rainy,Daylight,Motorcycle,2,Over Speeding,0,1,0,0,6,4,High
2023,8,Tuesday,19,KPK,Peshawar,National Highway,Poor,Rainy,No Light,Motorcycle,2,Mechanical Failure,1,0,0,0,3,1,Medium
2020,1,Thursday,14,Sindh,Sukkur,Urban Road,Poor,Clear,Daylight,Truck/Lorry,2,Pedestrian Error,0,0,0,1,1,0,Low
2022,6,Saturday,9,AJK,Rawalakot,Rural Road,Good,Dusty/Smoggy,Street Light,Motorcycle,1,Over Speeding,1,1,0,0,1,1,Medium
2019,4,Saturday,11,Sindh,Sukkur,Urban Road,Poor,Clear,Daylight,Bicycle,2,Signal Violation,0,1,0,0,4,0,Medium
2019,7,Friday,12,Sindh,Mirpur Khas,National Highway,Good,Clear,No Light,Car/Taxi,2,Over Speeding,1,0,0,0,1,0,Medium
2023,1,Friday,16,Punjab,Faisalabad,National Highway,Poor,Clear,Dawn/Dusk,Motorcycle,2,Drunk Driving,0,0,0,1,9,4,High
2023,8,Tuesday,2,Islamabad,Islamabad,Urban Road,Good,Clear,No Light,Motorcycle,4,Wrong Overtaking,0,0,1,0,9,2,High
2023,12,Monday,19,Sindh,Karachi,National Highway,Poor,Foggy,Dawn/Dusk,Motorcycle,3,Mechanical Failure,1,0,0,1,5,0,Medium
2021,7,Thursday,18,Punjab,Sialkot,Provincial Highway,Average,Rainy,Daylight,Car/Taxi,3,Over Speeding,1,0,0,0,5,0,High
2021,12,Wednesday,23,Punjab,Rahim Yar Khan,Motorway,Poor,Clear,Street Light,Motorcycle,2,Wrong Overtaking,0,0,1,1,3,1,High
2021,10,Thursday,8,Punjab,Rahim Yar Khan,National Highway,Good,Rainy,Daylight,Truck/Lorry,3,Mechanical Failure,1,0,0,0,11,1,High
2021,10,Saturday,11,Punjab,Multan,Provincial Highway,Good,Clear,Street Light,Motorcycle,2,Wrong Overtaking,0,1,0,0,4,0,Medium
2022,7,Friday,12,Punjab,Lahore,Provincial Highway,Under Repair,Clear,Daylight,Car/Taxi,1,Signal Violation,1,0,0,0,5,0,Medium
2020,5,Wednesday,23,Islamabad,Islamabad,National Highway,Under Repair,Foggy,Street Light,Rickshaw,3,Mechanical Failure,0,0,1,0,4,0,Medium
2023,11,Tuesday,21,Punjab,Sheikhupura,Urban Road,Good,Clear,No Light,Car/Taxi,2,Mechanical Failure,0,0,0,1,0,0,Low
2023,8,Monday,20,Sindh,Jacobabad,Provincial Highway,Good,Extreme Heat,Street Light,Car/Taxi,2,Pedestrian Error,1,0,0,0,1,0,Low
2023,7,Sunday,19,Punjab,Sialkot,Provincial Highway,Average,Clear,No Light,Motorcycle,1,Road Condition,1,1,0,0,1,0,Low
2022,10,Friday,14,KPK,Swat,Rural Road,Good,Clear,Daylight,Rickshaw,1,Drunk Driving,0,0,0,0,0,0,Low
2022,2,Friday,22,Sindh,Jacobabad,Rural Road,Good,Rainy,No Light,Rickshaw,2,Pedestrian Error,0,0,1,1,2,0,Low
2023,8,Monday,16,Punjab,Sargodha,Provincial Highway,Good,Foggy,No Light,Rickshaw,1,Pedestrian Error,0,0,0,0,3,0,Medium
2019,1,Wednesday,13,Balochistan,Chaman,Rural Road,Poor,Clear,Dawn/Dusk,Motorcycle,3,Road Condition,1,0,0,1,3,2,Medium
2023,9,Sunday,22,KPK,Bannu,Motorway,Poor,Clear,Street Light,Van/Pickup,1,Mechanical Failure,0,1,1,0,1,0,Medium
2020,11,Friday,13,Islamabad,Islamabad,Provincial Highway,Average,Clear,No Light,Motorcycle,2,Drunk Driving,1,0,0,1,9,2,High
2018,1,Thursday,7,Punjab,Rahim Yar Khan,National Highway,Under Repair,Dusty/Smoggy,Daylight,Motorcycle,3,Over Speeding,1,0,0,1,10,0,High
2019,1,Sunday,0,Sindh,Karachi,Urban Road,Average,Foggy,No Light,Car/Taxi,3,Wrong Overtaking,0,1,1,1,2,1,Medium
2023,2,Wednesday,8,Gilgit-Baltistan,Gilgit,Urban Road,Good,Foggy,Daylight,Motorcycle,1,Over Speeding,1,0,0,1,7,1,High
2022,7,Sunday,13,KPK,Abbottabad,Urban Road,Average,Dusty/Smoggy,Dawn/Dusk,Van/Pickup,2,Pedestrian Error,1,1,0,0,0,0,Low
2018,6,Saturday,11,KPK,Mansehra,National Highway,Good,Dusty/Smoggy,Daylight,Other,2,Signal Violation,0,1,0,0,0,0,Low
2020,11,Monday,15,Sindh,Mirpur Khas,Urban Road,Good,Clear,Daylight,Bicycle,1,Driver Fatigue,0,0,0,1,3,0,Medium
2021,6,Friday,9,KPK,Dera Ismail Khan,Provincial Highway,Average,Foggy,Daylight,Truck/Lorry,2,Wrong Overtaking,1,0,0,0,4,0,Medium
2023,8,Saturday,8,KPK,Bannu,Rural Road,Under Repair,Extreme Heat,Dawn/Dusk,Motorcycle,4,Drunk Driving,1,1,0,0,4,0,Medium
2023,4,Friday,20,Punjab,Rahim Yar Khan,National Highway,Good,Clear,Street Light,Other,1,Driver Fatigue,1,0,0,0,5,0,Medium
2022,12,Saturday,12,KPK,Mardan,Urban Road,Good,Clear,Dawn/Dusk,Motorcycle,1,Over Speeding,1,1,0,1,3,1,High
2022,8,Saturday,15,KPK,Swat,Rural Road,Average,Clear,Daylight,Motorcycle,2,Road Condition,0,1,0,0,2,0,Low
2022,6,Thursday,16,Punjab,Gujranwala,National Highway,Good,Rainy,Daylight,Car/Taxi,2,Over Speeding,0,0,0,0,6,0,High
2021,4,Sunday,21,Punjab,Sialkot,Rural Road,Average,Clear,Street Light,Truck/Lorry,3,Over Speeding,0,1,0,0,3,1,Medium
2019,4,Sunday,13,Punjab,Rahim Yar Khan,Provincial Highway,Average,Clear,Daylight,Car/Taxi,3,Signal Violation,1,1,0,0,1,0,Medium
2023,10,Saturday,18,Balochistan,Khuzdar,Rural Road,Poor,Rainy,Daylight,Car/Taxi,2,Drunk Driving,1,1,0,0,2,1,Medium
2021,5,Sunday,3,KPK,Mardan,Rural Road,Average,Foggy,No Light,Car/Taxi,1,Wrong Overtaking,0,1,1,0,2,0,Medium
2021,12,Wednesday,6,Sindh,Thatta,National Highway,Poor,Foggy,Daylight,Van/Pickup,2,Pedestrian Error,0,0,0,1,4,0,Medium
2021,3,Thursday,19,KPK,Bannu,Rural Road,Poor,Extreme Heat,Dawn/Dusk,Car/Taxi,1,Over Speeding,1,0,0,0,0,0,Low
2023,10,Sunday,13,Sindh,Hyderabad,Provincial Highway,Good,Clear,Daylight,Car/Taxi,2,Over Speeding,1,1,0,0,2,0,Medium
2023,7,Saturday,6,Balochistan,Khuzdar,Provincial Highway,Under Repair,Clear,No Light,Bus/Coach,2,Over Speeding,0,1,0,0,3,1,Medium
2020,6,Tuesday,6,Punjab,Sialkot,Urban Road,Poor,Clear,Daylight,Motorcycle,3,Signal Violation,0,0,0,0,0,0,Low
2022,10,Friday,8,KPK,Kohat,Provincial Highway,Poor,Dusty/Smoggy,Street Light,Car/Taxi,2,Over Speeding,1,0,0,0,0,0,Low
2021,6,Friday,7,Punjab,Bahawalpur,Urban Road,Good,Extreme Heat,Daylight,Motorcycle,4,Signal Violation,1,0,0,0,2,0,Medium
2023,4,Saturday,20,Punjab,Gujranwala,National Highway,Good,Rainy,Street Light,Motorcycle,3,Driver Fatigue,1,1,0,0,2,1,High
2023,3,Thursday,10,Punjab,Sheikhupura,Urban Road,Under Repair,Clear,No Light,Car/Taxi,2,Over Speeding,0,0,0,0,0,0,Low
2021,2,Saturday,16,Sindh,Karachi,Urban Road,Average,Clear,Daylight,Truck/Lorry,2,Wrong Overtaking,0,1,0,1,5,1,Medium
2022,11,Sunday,8,Balochistan,Zhob,Urban Road,Poor,Foggy,Dawn/Dusk,Motorcycle,1,Mechanical Failure,1,1,0,1,1,0,Low
2023,8,Friday,21,Sindh,Jacobabad,Rural Road,Good,Clear,Street Light,Motorcycle,2,Wrong Overtaking,0,0,0,0,5,1,Medium
2022,7,Friday,3,Punjab,Faisalabad,Urban Road,Average,Extreme Heat,No Light,Truck/Lorry,3,Over Speeding,0,0,1,0,1,1,Medium
2022,3,Wednesday,7,Gilgit-Baltistan,Skardu,National Highway,Poor,Foggy,Daylight,Motorcycle,2,Mechanical Failure,1,0,0,0,11,3,High
2020,9,Saturday,10,Punjab,Lahore,National Highway,Good,Clear,Daylight,Motorcycle,1,Over Speeding,0,1,0,0,4,1,High
2019,7,Tuesday,18,AJK,Mirpur,National Highway,Under Repair,Rainy,Street Light,Motorcycle,3,Driver Fatigue,1,0,0,0,3,1,High
2023,4,Friday,16,Islamabad,Islamabad,Rural Road,Good,Clear,Street Light,Car/Taxi,3,Mechanical Failure,0,0,0,0,1,0,Low
2020,4,Wednesday,17,Sindh,Sukkur,Urban Road,Good,Clear,Street Light,Motorcycle,2,Over Speeding,1,0,0,0,7,1,High
2018,8,Tuesday,9,Punjab,Faisalabad,Motorway,Average,Clear,Daylight,Motorcycle,2,Mechanical Failure,1,0,0,0,4,0,Medium
2022,2,Saturday,12,KPK,Nowshera,National Highway,Good,Foggy,Street Light,Car/Taxi,1,Driver Fatigue,1,1,0,1,4,2,High
2023,10,Wednesday,12,Balochistan,Sibi,Rural Road,Average,Clear,Street Light,Bus/Coach,1,Signal Violation,1,0,0,0,2,0,Low
2023,7,Friday,18,Sindh,Sukkur,Provincial Highway,Average,Foggy,Dawn/Dusk,Car/Taxi,2,Over Speeding,1,0,0,0,6,0,High
2023,9,Sunday,7,Punjab,Rawalpindi,Rural Road,Poor,Foggy,Daylight,Motorcycle,3,Mechanical Failure,1,1,0,0,4,1,Medium
2022,6,Thursday,13,KPK,Bannu,Rural Road,Under Repair,Extreme Heat,Daylight,Rickshaw,2,Over Speeding,1,0,0,0,0,1,Low
2019,8,Friday,12,Sindh,Dadu,Rural Road,Good,Rainy,Daylight,Bus/Coach,4,Pedestrian Error,1,0,0,0,2,0,Low
2018,7,Monday,14,Punjab,Bahawalpur,Provincial Highway,Average,Clear,Street Light,Motorcycle,1,Over Speeding,0,0,0,0,5,0,Medium
2023,11,Monday,21,Islamabad,Islamabad,Rural Road,Good,Foggy,No Light,Motorcycle,2,Signal Violation,0,0,0,1,3,0,Medium
2020,1,Friday,10,Islamabad,Islamabad,National Highway,Under Repair,Foggy,Daylight,Motorcycle,1,Over Speeding,0,0,0,1,7,1,High
2019,1,Sunday,17,Punjab,Rawalpindi,Rural Road,Average,Clear,Street Light,Car/Taxi,2,Pedestrian Error,1,1,0,1,0,0,Low
2023,5,Thursday,23,Punjab,Rahim Yar Khan,National Highway,Good,Clear,Street Light,Motorcycle,3,Wrong Overtaking,0,0,1,0,11,1,High
2020,1,Wednesday,11,Sindh,Nawabshah,National Highway,Average,Clear,Daylight,Motorcycle,3,Over Speeding,0,0,0,1,4,2,High
2022,12,Monday,5,Punjab,Multan,Rural Road,Good,Clear,Dawn/Dusk,Motorcycle,1,Signal Violation,0,0,1,1,1,1,Medium
2022,8,Wednesday,16,Punjab,Sialkot,Urban Road,Good,Clear,Daylight,Rickshaw,2,Over Speeding,0,0,0,0,1,0,Medium
2019,11,Saturday,21,Balochistan,Chaman,Rural Road,Good,Clear,No Light,Rickshaw,4,Road Condition,0,1,0,1,0,0,Low
2023,3,Thursday,19,Gilgit-Baltistan,Gilgit,Urban Road,Good,Foggy,Dawn/Dusk,Motorcycle,2,Signal Violation,1,0,0,0,3,0,Medium
2023,4,Wednesday,16,Punjab,Multan,National Highway,Good,Rainy,Daylight,Bus/Coach,4,Signal Violation,0,0,0,0,7,3,High
2022,5,Friday,11,KPK,Dera Ismail Khan,National Highway,Poor,Clear,Daylight,Motorcycle,2,Driver Fatigue,0,0,0,0,4,1,High
2021,2,Sunday,23,Punjab,Faisalabad,Provincial Highway,Poor,Foggy,No Light,Car/Taxi,2,Wrong Overtaking,0,1,1,1,1,1,Medium
2020,8,Sunday,13,Punjab,Lahore,National Highway,Good,Clear,Daylight,Motorcycle,3,Wrong Overtaking,1,1,0,0,6,2,High
2022,6,Saturday,16,Punjab,Lahore,Provincial Highway,Good,Foggy,Daylight,Car/Taxi,4,Over Speeding,0,1,0,0,4,2,High
2023,8,Thursday,18,Punjab,Sheikhupura,National Highway,Average,Clear,Dawn/Dusk,Bus/Coach,2,Mechanical Failure,1,0,0,0,1,1,Medium
2021,9,Wednesday,8,Sindh,Dadu,Rural Road,Good,Clear,No Light,Car/Taxi,1,Pedestrian Error,1,0,0,0,1,0,Low
2020,10,Tuesday,19,KPK,Dera Ismail Khan,Urban Road,Poor,Extreme Heat,Dawn/Dusk,Motorcycle,3,Over Speeding,1,0,0,0,4,1,Medium
2020,10,Friday,20,Sindh,Hyderabad,Rural Road,Poor,Clear,Street Light,Motorcycle,3,Pedestrian Error,1,0,0,0,1,0,Low
2020,5,Wednesday,12,Sindh,Karachi,Provincial Highway,Poor,Foggy,Daylight,Motorcycle,2,Signal Violation,1,0,0,0,2,0,Medium
2023,8,Friday,21,Punjab,Sialkot,Rural Road,Good,Dusty/Smoggy,No Light,Truck/Lorry,2,Wrong Overtaking,0,0,0,0,1,0,Low
2019,10,Monday,10,KPK,Kohat,Urban Road,Poor,Foggy,Dawn/Dusk,Motorcycle,2,Driver Fatigue,0,0,0,0,6,2,High
2022,12,Friday,8,Punjab,Faisalabad,National Highway,Poor,Foggy,Daylight,Bus/Coach,1,Signal Violation,1,0,0,1,3,4,High
2023,3,Friday,6,Punjab,Gujranwala,Provincial Highway,Average,Dusty/Smoggy,Daylight,Car/Taxi,2,Road Condition,0,0,0,0,0,0,Low
2023,3,Saturday,20,Punjab,Faisalabad,Urban Road,Average,Foggy,No Light,Motorcycle,2,Pedestrian Error,1,1,0,0,5,0,Medium
2019,1,Friday,19,Punjab,Faisalabad,Provincial Highway,Poor,Foggy,Dawn/Dusk,Motorcycle,2,Signal Violation,1,0,0,1,3,2,Medium
2023,10,Tuesday,10,Sindh,Jacobabad,Rural Road,Good,Clear,Daylight,Motorcycle,1,Mechanical Failure,0,0,0,0,1,1,Medium
2021,8,Friday,12,Punjab,Bahawalpur,National Highway,Good,Rainy,Street Light,Car/Taxi,2,Mechanical Failure,1,0,0,0,5,1,Medium
2023,3,Monday,22,KPK,Bannu,Provincial Highway,Poor,Clear,No Light,Car/Taxi,2,Drunk Driving,0,0,1,0,4,0,Medium
2022,9,Monday,23,Balochistan,Hub,Provincial Highway,Good,Clear,Street Light,Motorcycle,3,Drunk Driving,0,0,1,0,8,4,High
2020,4,Monday,12,Punjab,Gujranwala,Urban Road,Under Repair,Rainy,Daylight,Motorcycle,1,Driver Fatigue,1,0,0,0,10,1,High
2018,10,Saturday,8,Sindh,Thatta,National Highway,Good,Foggy,No Light,Motorcycle,1,Signal Violation,1,1,0,0,8,1,High
2018,1,Saturday,19,Sindh,Karachi,Rural Road,Good,Foggy,Dawn/Dusk,Motorcycle,2,Over Speeding,1,1,0,1,10,3,High
2018,7,Wednesday,8,AJK,Muzaffarabad,Provincial Highway,Poor,Clear,Daylight,Motorcycle,2,Signal Violation,1,0,0,0,5,0,Medium
2022,10,Saturday,20,Punjab,Gujranwala,Rural Road,Poor,Clear,No Light,Rickshaw,1,Signal Violation,1,1,0,0,1,0,Low
2018,8,Wednesday,9,KPK,Bannu,National Highway,Good,Rainy,Daylight,Motorcycle,2,Signal Violation,1,0,0,0,11,3,High
2023,4,Tuesday,6,Punjab,Multan,Provincial Highway,Good,Rainy,Daylight,Car/Taxi,1,Drunk Driving,0,0,0,0,3,1,Medium
2020,2,Monday,22,Sindh,Larkana,National Highway,Good,Rainy,Street Light,Bus/Coach,2,Mechanical Failure,0,0,1,1,1,0,Medium
2019,5,Saturday,17,Punjab,Sheikhupura,Provincial Highway,Good,Clear,Daylight,Bus/Coach,1,Over Speeding,1,1,0,0,5,3,High
2019,1,Friday,12,Punjab,Sargodha,National Highway,Good,Clear,Dawn/Dusk,Motorcycle,2,Over Speeding,1,0,0,1,11,2,High
2020,1,Wednesday,20,Punjab,Faisalabad,National Highway,Under Repair,Foggy,Street Light,Car/Taxi,2,Mechanical Failure,1,0,0,1,1,0,Medium
2020,11,Sunday,20,Punjab,Faisalabad,National Highway,Average,Foggy,No Light,Motorcycle,1,Over Speeding,1,1,0,1,5,2,High
2022,6,Tuesday,18,Punjab,Bahawalpur,Provincial Highway,Average,Dusty/Smoggy,Daylight,Motorcycle,1,Over Speeding,1,0,0,0,1,0,Medium
2020,5,Wednesday,10,KPK,Swat,Motorway,Average,Rainy,Daylight,Motorcycle,1,Over Speeding,0,0,0,0,10,0,High
2023,10,Sunday,16,Sindh,Kashmore,National Highway,Average,Foggy,Daylight,Motorcycle,3,Over Speeding,0,1,0,0,4,4,High
2022,9,Friday,8,Sindh,Mirpur Khas,National Highway,Good,Clear,Daylight,Motorcycle,1,Pedestrian Error,1,0,0,0,4,1,Medium
2020,12,Sunday,23,Punjab,Lahore,Provincial Highway,Good,Rainy,No Light,Truck/Lorry,4,Mechanical Failure,0,1,1,1,3,1,Medium
2023,6,Friday,12,Punjab,Multan,Rural Road,Average,Rainy,Daylight,Car/Taxi,2,Wrong Overtaking,1,0,0,0,1,0,Low
2021,11,Tuesday,1,Balochistan,Zhob,Urban Road,Good,Clear,No Light,Car/Taxi,1,Mechanical Failure,0,0,1,1,0,1,Low
2021,5,Saturday,23,Punjab,Sargodha,Provincial Highway,Good,Foggy,Street Light,Car/Taxi,2,Pedestrian Error,0,1,1,0,1,2,Medium
2020,1,Wednesday,12,Balochistan,Zhob,Rural Road,Poor,Clear,Dawn/Dusk,Motorcycle,3,Signal Violation,1,0,0,1,2,1,Medium
2023,7,Sunday,19,Balochistan,Turbat,Provincial Highway,Good,Clear,Dawn/Dusk,Motorcycle,2,Drunk Driving,1,1,0,0,5,1,Medium
2021,3,Tuesday,13,Punjab,Sargodha,Rural Road,Under Repair,Clear,Daylight,Car/Taxi,2,Drunk Driving,1,0,0,0,0,0,Low
2021,8,Thursday,17,Balochistan,Gwadar,Provincial Highway,Good,Extreme Heat,Daylight,Motorcycle,2,Signal Violation,1,0,0,0,11,1,High
2019,11,Saturday,6,Sindh,Jacobabad,Rural Road,Good,Clear,Daylight,Truck/Lorry,1,Driver Fatigue,0,1,0,1,3,0,Medium
2020,12,Friday,17,Sindh,Kashmore,Urban Road,Average,Foggy,Daylight,Motorcycle,1,Over Speeding,1,0,0,1,6,2,High
2023,1,Monday,13,Balochistan,Turbat,Urban Road,Good,Clear,Daylight,Motorcycle,1,Road Condition,1,0,0,1,1,0,Medium
2020,11,Wednesday,10,Punjab,Rawalpindi,Rural Road,Good,Clear,Daylight,Motorcycle,2,Road Condition,0,0,0,1,2,0,Low
2023,9,Wednesday,10,KPK,Kohat,Motorway,Good,Clear,Daylight,Truck/Lorry,2,Wrong Overtaking,0,0,0,0,5,0,Medium
2021,6,Tuesday,15,KPK,Swat,Rural Road,Average,Foggy,Daylight,Bus/Coach,2,Signal Violation,0,0,0,0,2,0,Low
2021,10,Sunday,9,KPK,Kohat,National Highway,Poor,Extreme Heat,Daylight,Car/Taxi,2,Signal Violation,1,1,0,0,1,0,Low
2023,5,Saturday,20,KPK,Dera Ismail Khan,National Highway,Average,Clear,No Light,Motorcycle,2,Over Speeding,1,1,0,0,7,0,High
2022,5,Sunday,7,Punjab,Rahim Yar Khan,Motorway,Average,Clear,Daylight,Motorcycle,4,Road Condition,1,1,0,0,4,1,Medium
2018,3,Thursday,12,Punjab,Multan,Provincial Highway,Good,Clear,Daylight,Van/Pickup,1,Wrong Overtaking,1,0,0,0,2,1,Medium
2018,9,Friday,18,Islamabad,Islamabad,National Highway,Poor,Foggy,Daylight,Rickshaw,1,Driver Fatigue,1,0,0,0,6,1,High
2020,1,Saturday,16,Punjab,Rawalpindi,National Highway,Good,Clear,No Light,Bicycle,2,Over Speeding,0,1,0,1,6,0,High
2023,7,Thursday,11,Sindh,Mirpur Khas,National Highway,Good,Rainy,Daylight,Motorcycle,3,Over Speeding,0,0,0,0,2,0,High
2018,8,Thursday,15,Punjab,Rawalpindi,Provincial Highway,Good,Clear,Daylight,Motorcycle,4,Over Speeding,0,0,0,0,9,2,High
2022,12,Wednesday,10,Punjab,Sargodha,National Highway,Average,Clear,Daylight,Motorcycle,2,Wrong Overtaking,0,0,0,1,2,1,High
2023,11,Saturday,22,Punjab,Gujranwala,National Highway,Poor,Clear,No Light,Motorcycle,3,Over Speeding,0,1,1,1,8,2,High
2020,5,Sunday,14,Punjab,Gujranwala,Urban Road,Average,Clear,Dawn/Dusk,Rickshaw,4,Wrong Overtaking,0,1,0,0,1,0,Low
2023,7,Sunday,13,Sindh,Dadu,National Highway,Average,Clear,Daylight,Motorcycle,2,Pedestrian Error,1,1,0,0,3,1,Medium
2023,8,Tuesday,9,Balochistan,Hub,National Highway,Average,Dusty/Smoggy,Daylight,Rickshaw,2,Over Speeding,1,0,0,0,1,0,Medium
2018,2,Tuesday,8,Sindh,Mirpur Khas,Rural Road,Average,Clear,No Light,Car/Taxi,2,Over Speeding,1,0,0,1,2,0,Low
2023,4,Wednesday,19,Sindh,Karachi,National Highway,Average,Foggy,Dawn/Dusk,Car/Taxi,3,Road Condition,1,0,0,0,2,1,Medium
2023,1,Monday,7,Sindh,Sukkur,Provincial Highway,Average,Clear,Daylight,Other,4,Wrong Overtaking,1,0,0,1,1,0,Low
2018,11,Wednesday,18,Balochistan,Quetta,National Highway,Good,Clear,Daylight,Motorcycle,3,Pedestrian Error,1,0,0,1,1,0,Medium
2018,12,Thursday,19,KPK,Mansehra,Urban Road,Good,Rainy,No Light,Motorcycle,2,Wrong Overtaking,1,0,0,1,8,4,High
2022,5,Friday,17,Punjab,Faisalabad,Provincial Highway,Poor,Clear,Dawn/Dusk,Bicycle,2,Wrong Overtaking,1,0,0,0,4,0,Medium
2022,1,Tuesday,11,Sindh,Mirpur Khas,Urban Road,Average,Foggy,Street Light,Rickshaw,4,Wrong Overtaking,0,0,0,1,3,0,Medium
2020,8,Saturday,14,KPK,Bannu,Provincial Highway,Poor,Clear,Daylight,Motorcycle,1,Mobile Phone Use,0,1,0,0,1,0,Medium
2023,2,Tuesday,19,KPK,Mansehra,Provincial Highway,Good,Rainy,Dawn/Dusk,Bus/Coach,1,Mobile Phone Use,1,0,0,1,2,0,Low
2020,5,Sunday,21,Balochistan,Loralai,Urban Road,Under Repair,Clear,No Light,Motorcycle,1,Signal Violation,0,1,0,0,5,0,Medium
2018,4,Thursday,7,Punjab,Sheikhupura,Provincial Highway,Good,Clear,Dawn/Dusk,Rickshaw,2,Mechanical Failure,1,0,0,0,2,0,Low
2023,5,Wednesday,14,AJK,Mirpur,Rural Road,Average,Clear,Daylight,Car/Taxi,4,Over Speeding,0,0,0,0,2,0,Medium
2023,10,Thursday,19,Punjab,Sargodha,Urban Road,Good,Foggy,Street Light,Motorcycle,1,Over Speeding,1,0,0,0,2,0,Medium
2023,8,Thursday,18,Punjab,Rawalpindi,Urban Road,Average,Clear,Dawn/Dusk,Rickshaw,3,Pedestrian Error,1,0,0,0,0,0,Low
2023,7,Monday,12,Sindh,Larkana,National Highway,Average,Rainy,Street Light,Motorcycle,2,Wrong Overtaking,1,0,0,0,8,0,High
2018,12,Thursday,18,Punjab,Rawalpindi,National Highway,Poor,Clear,Street Light,Car/Taxi,4,Wrong Overtaking,1,0,0,1,2,0,Medium
2018,10,Wednesday,22,KPK,Mansehra,Urban Road,Good,Clear,Street Light,Van/Pickup,2,Pedestrian Error,0,0,1,0,1,0,Low
2023,12,Saturday,18,Balochistan,Hub,Provincial Highway,Average,Clear,Daylight,Truck/Lorry,2,Signal Violation,1,1,0,1,1,0,Medium
2023,5,Wednesday,16,Islamabad,Islamabad,Urban Road,Average,Foggy,Daylight,Car/Taxi,1,Over Speeding,0,0,0,0,3,0,Medium
2018,12,Friday,7,Sindh,Karachi,Urban Road,Average,Clear,Daylight,Car/Taxi,1,Pedestrian Error,1,0,0,1,2,0,Low
2023,1,Thursday,7,Sindh,Kashmore,Provincial Highway,Under Repair,Rainy,Daylight,Motorcycle,1,Over Speeding,1,0,0,1,2,3,High
2023,12,Thursday,14,Gilgit-Baltistan,Skardu,Provincial Highway,Good,Clear,Daylight,Motorcycle,3,Wrong Overtaking,0,0,0,1,3,0,Medium
2018,8,Sunday,14,Sindh,Jacobabad,Urban Road,Poor,Clear,Daylight,Motorcycle,2,Over Speeding,0,1,0,0,2,0,High
2022,10,Friday,17,Islamabad,Islamabad,Provincial Highway,Good,Clear,Daylight,Motorcycle,2,Wrong Overtaking,1,0,0,0,4,3,High
2023,12,Sunday,21,Balochistan,Turbat,National Highway,Under Repair,Dusty/Smoggy,Street Light,Motorcycle,2,Signal Violation,0,1,0,1,4,0,Medium
2019,1,Tuesday,19,Punjab,Gujranwala,Provincial Highway,Good,Clear,Street Light,Motorcycle,2,Wrong Overtaking,1,0,0,1,2,1,Medium
2021,11,Friday,10,Punjab,Sheikhupura,Urban Road,Poor,Foggy,Daylight,Motorcycle,1,Driver Fatigue,0,0,0,1,5,2,High
2020,12,Saturday,3,Sindh,Larkana,Urban Road,Good,Foggy,Street Light,Rickshaw,2,Road Condition,0,1,1,1,5,0,Medium
2023,12,Wednesday,6,Balochistan,Zhob,National Highway,Good,Clear,Daylight,Bicycle,2,Pedestrian Error,0,0,0,1,5,2,Medium
2023,6,Thursday,5,KPK,Swat,Rural Road,Poor,Clear,No Light,Motorcycle,2,Wrong Overtaking,0,0,1,0,4,0,Medium
2018,10,Wednesday,10,Sindh,Jacobabad,Rural Road,Good,Clear,Dawn/Dusk,Motorcycle,2,Over Speeding,0,0,0,0,4,1,Medium
2019,1,Sunday,1,Punjab,Sheikhupura,National Highway,Good,Clear,Street Light,Truck/Lorry,2,Road Condition,0,1,1,1,4,0,High
2018,7,Thursday,18,Punjab,Sialkot,Provincial Highway,Poor,Clear,Daylight,Car/Taxi,1,Mechanical Failure,1,0,0,0,1,0,Low
2020,12,Friday,8,Islamabad,Islamabad,National Highway,Average,Dusty/Smoggy,Dawn/Dusk,Bicycle,1,Wrong Overtaking,1,0,0,1,5,2,High
2020,5,Sunday,21,Sindh,Kashmore,Provincial Highway,Under Repair,Foggy,No Light,Car/Taxi,1,Wrong Overtaking,0,1,0,0,5,0,Medium
2023,3,Friday,22,Sindh,Kashmore,National Highway,Poor,Rainy,Street Light,Motorcycle,2,Wrong Overtaking,0,0,1,0,3,0,High
2022,11,Thursday,7,Balochistan,Khuzdar,Urban Road,Good,Clear,Daylight,Car/Taxi,1,Over Speeding,1,0,0,1,1,2,Medium
2019,4,Monday,9,Balochistan,Chaman,National Highway,Good,Clear,Daylight,Motorcycle,2,Over Speeding,1,0,0,0,11,2,High
2020,1,Sunday,15,Sindh,Dadu,Rural Road,Average,Clear,Dawn/Dusk,Motorcycle,4,Over Speeding,0,1,0,1,1,0,Medium
2019,3,Friday,6,Sindh,Karachi,Provincial Highway,Good,Extreme Heat,Daylight,Motorcycle,2,Road Condition,0,0,0,0,1,0,Low