year,month,day_of_week,hour_of_day,province,district,road_type,road_condition,weather_condition,lighting_condition,vehicle_type,vehicles_involved,accident_cause,is_rush_hour,is_weekend,is_night,is_foggy_month,num_injured,num_killed,severity
2018,9,Tuesday,13,KPK,Charsadda,Rural Road,Average,Foggy,Street Light,Bicycle,1,Road Condition,1,0,0,0,2,1,Medium
2020,12,Wednesday,7,Punjab,Sialkot,Provincial Highway,Good,Rainy,Dawn/Dusk,Motorcycle,1,Over Speeding,1,0,0,1,9,0,High
2018,11,Sunday,5,Sindh,Karachi,National Highway,Poor,Foggy,Dawn/Dusk,Rickshaw,3,Pedestrian Error,0,1,1,1,5,0,Medium
2023,9,Saturday,12,Punjab,Sheikhupura,National Highway,Good,Clear,Daylight,Bus/Coach,2,Wrong Overtaking,1,1,0,0,4,2,Medium
2021,8,Saturday,7,KPK,Peshawar,Urban Road,Good,Clear,Daylight,Bus/Coach,2,Road Condition,1,1,0,0,0,0,Low
2019,9,Thursday,19,Gilgit-Baltistan,Hunza,National Highway,Good,Foggy,No Light,Rickshaw,3,Mechanical Failure,1,0,0,0,1,0,Low
2022,7,Wednesday,20,Islamabad,Islamabad,National Highway,Poor,Clear,Street Light,Car/Taxi,1,Over Speeding,1,0,0,0,6,4,High
2022,9,Sunday,19,Punjab,Bahawalpur,Rural Road,Under Repair,Rainy,Dawn/Dusk,Motorcycle,2,Over Speeding,1,1,0,0,2,0,Medium
2018,1,Saturday,20,Sindh,Karachi,National Highway,Poor,Clear,No Light,Van/Pickup,2,Mechanical Failure,1,1,0,1,1,1,Low
2023,11,Tuesday,11,Punjab,Bahawalpur,Provincial Highway,Average,Clear,Daylight,Car/Taxi,1,Wrong Overtaking,0,0,0,1,0,0,Low
2022,8,Saturday,7,Punjab,Faisalabad,Provincial Highway,Poor,Rainy,Daylight,Car/Taxi,2,Driver Fatigue,1,1,0,0,11,0,High
2018,5,Thursday,14,Sindh,Hyderabad,National Highway,Average,Clear,Daylight,Motorcycle,4,Wrong Overtaking,0,0,0,0,10,0,High
2023,10,Tuesday,4,KPK,Dera Ismail Khan,Urban Road,Under Repair,Clear,Street Light,Motorcycle,3,Over Speeding,0,0,1,0,4,1,High
2022,12,Saturday,18,Punjab,Bahawalpur,Urban Road,Average,Clear,Daylight,Motorcycle,1,Pedestrian Error,1,1,0,1,1,0,Low
2023,6,Saturday,16,Punjab,Multan,National Highway,Average,Clear,Daylight,Bus/Coach,3,Over Speeding,0,1,0,0,2,2,High
2018,7,Saturday,19,Sindh,Jacobabad,Provincial Highway,Good,Clear,Street Light,Truck/Lorry,2,Over Speeding,1,1,0,0,1,2,Medium
2018,9,Sunday,7,Punjab,Rahim Yar Khan,Rural Road,Good,Extreme Heat,No Light,Motorcycle,2,Drunk Driving,1,1,0,0,6,0,High
2023,1,Saturday,14,Punjab,Rahim Yar Khan,Motorway,Good,Dusty/Smoggy,Daylight,Bus/Coach,1,Over Speeding,0,1,0,1,2,0,Medium
2023,1,Wednesday,17,Sindh,Kashmore,Rural Road,Good,Clear,Daylight,Car/Taxi,3,Signal Violation,1,0,0,1,2,0,Low
2022,12,Sunday,8,Sindh,Mirpur Khas,National Highway,Average,Rainy,Daylight,Car/Taxi,2,Mechanical Failure,1,1,0,1,2,1,Medium
2020,7,Tuesday,18,Sindh,Hyderabad,Motorway,Average,Clear,No Light,Motorcycle,1,Over Speeding,1,0,0,0,5,3,High
2023,1,Sunday,13,Punjab,Faisalabad,Rural Road,Good,Rainy,Daylight,Car/Taxi,2,Road Condition,1,1,0,1,2,0,Low
2021,11,Friday,4,Punjab,Bahawalpur,Provincial Highway,Good,Rainy,No Light,Bus/Coach,3,Wrong Overtaking,0,0,1,1,4,3,High
2019,6,Monday,11,Punjab,Rawalpindi,Provincial Highway,Average,Clear,Street Light,Motorcycle,1,Wrong Overtaking,0,0,0,0,4,2,Medium
2021,7,Monday,18,Punjab,Rahim Yar Khan,Provincial Highway,Poor,Clear,Daylight,Motorcycle,2,Weather Condition,1,0,0,0,1,1,Medium
2021,6,Tuesday,15,Punjab,Bahawalpur,Rural Road,Good,Clear,Daylight,Motorcycle,1,Mechanical Failure,0,0,0,0,0,0,Low
2018,3,Tuesday,19,KPK,Abbottabad,Motorway,Average,Clear,Street Light,Rickshaw,2,Over Speeding,1,0,0,0,5,1,Medium
2023,12,Sunday,10,Punjab,Gujranwala,National Highway,Average,Clear,Daylight,Bus/Coach,3,Wrong Overtaking,0,1,0,1,6,1,High
2019,1,Sunday,7,Punjab,Rawalpindi,Motorway,Good,Clear,Daylight,Motorcycle,2,Signal Violation,1,1,0,1,9,0,High
2018,12,Wednesday,14,Punjab,Lahore,Motorway,Average,Clear,Daylight,Motorcycle,1,Over Speeding,0,0,0,1,6,0,High
2022,5,Friday,11,Sindh,Dadu,Provincial Highway,Poor,Clear,Daylight,Motorcycle,1,Mechanical Failure,0,0,0,0,5,2,Medium
2021,12,Wednesday,13,Punjab,Gujranwala,Rural Road,Good,Foggy,Daylight,Motorcycle,2,Over Speeding,1,0,0,1,2,0,Medium
2019,1,Wednesday,14,Punjab,Rawalpindi,Provincial Highway,Poor,Clear,Daylight,Motorcycle,2,Road Condition,0,0,0,1,1,0,Low
2018,8,Sunday,18,Punjab,Multan,Urban Road,Good,Dusty/Smoggy,Street Light,Motorcycle,2,Wrong Overtaking,1,1,0,0,4,0,Medium
2019,5,Wednesday,22,Islamabad,Islamabad,Provincial Highway,Good,Dusty/Smoggy,Street Light,Motorcycle,1,Road Condition,0,0,1,0,11,0,High
2022,2,Saturday,21,Balochistan,Zhob,Urban Road,Poor,Rainy,Street Light,Motorcycle,2,Wrong Overtaking,0,1,0,1,9,3,High
2019,8,Sunday,15,KPK,Charsadda,National Highway,Average,Clear,Daylight,Motorcycle,2,Signal Violation,0,1,0,0,2,2,Medium
2023,3,Sunday,12,Punjab,Faisalabad,National Highway,Poor,Clear,Daylight,Motorcycle,2,Drunk Driving,1,1,0,0,9,1,High
2018,4,Sunday,12,Punjab,Faisalabad,National Highway,Average,Clear,Daylight,Motorcycle,2,Wrong Overtaking,1,1,0,0,6,0,High
2023,12,Monday,12,KPK,Abbottabad,Rural Road,Good,Dusty/Smoggy,Daylight,Motorcycle,1,Over Speeding,1,0,0,1,5,0,High
2020,6,Saturday,9,Punjab,Sialkot,Urban Road,Good,Dusty/Smoggy,Street Light,Bicycle,3,Signal Violation,1,1,0,0,1,1,Low
2021,2,Tuesday,4,Sindh,Dadu,Provincial Highway,Good,Clear,No Light,Motorcycle,2,Over Speeding,0,0,1,1,5,2,High
2023,3,Saturday,19,Sindh,Dadu,National Highway,Good,Foggy,No Light,Motorcycle,2,Wrong Overtaking,1,1,0,0,9,2,High
2019,6,Friday,3,Sindh,Kashmore,Urban Road,Under Repair,Foggy,No Light,Motorcycle,2,Pedestrian Error,0,0,1,0,6,1,High
2023,7,Saturday,17,Punjab,Sheikhupura,National Highway,Average,Clear,Daylight,Truck/Lorry,3,Over Speeding,1,1,0,0,3,1,High
2019,9,Friday,22,Punjab,Sheikhupura,National Highway,Good,Foggy,No Light,Rickshaw,1,Over Speeding,0,0,1,0,4,0,High
2022,6,Saturday,4,KPK,Mansehra,Motorway,Good,Clear,Street Light,Motorcycle,1,Over Speeding,0,1,1,0,4,1,High
2019,9,Monday,8,KPK,Dera Ismail Khan,Urban Road,Good,Clear,Daylight,Motorcycle,2,Wrong Overtaking,1,0,0,0,5,1,Medium
2018,6,Thursday,6,KPK,Abbottabad,National Highway,Average,Dusty/Smoggy,No Light,Motorcycle,1,Driver Fatigue,0,0,0,0,7,0,High
2020,10,Friday,9,Punjab,Gujranwala,Rural Road,Average,Rainy,Daylight,Motorcycle,2,Pedestrian Error,1,0,0,0,1,0,Low
2022,11,Sunday,7,KPK,Mansehra,Urban Road,Average,Clear,Daylight,Bicycle,2,Mechanical Failure,1,1,0,1,2,0,Low
2022,1,Saturday,21,Islamabad,Islamabad,Provincial Highway,Average,Clear,No Light,Car/Taxi,2,Pedestrian Error,0,1,0,1,1,0,Low
2023,8,Wednesday,6,KPK,Bannu,Provincial Highway,Average,Foggy,Dawn/Dusk,Car/Taxi,3,Over Speeding,0,0,0,0,4,0,Medium
2023,12,Sunday,0,Punjab,Sheikhupura,Provincial Highway,Good,Foggy,Street Light,Truck/Lorry,2,Pedestrian Error,0,1,1,1,4,0,Medium
2019,11,Wednesday,5,KPK,Abbottabad,Urban Road,Good,Clear,Dawn/Dusk,Truck/Lorry,1,Over Speeding,0,0,1,1,3,4,High
2023,2,Wednesday,2,Sindh,Jacobabad,Provincial Highway,Average,Rainy,No Light,Motorcycle,3,Mechanical Failure,0,0,1,1,5,1,High
2021,6,Sunday,13,Balochistan,Sibi,Provincial Highway,Good,Clear,Daylight,Bus/Coach,1,Road Condition,1,1,0,0,2,0,Low
2019,12,Wednesday,12,KPK,Abbottabad,Rural Road,Good,Foggy,Daylight,Motorcycle,1,Pedestrian Error,1,0,0,1,3,0,Medium
2020,7,Saturday,9,KPK,Dera Ismail Khan,National Highway,Good,Clear,Daylight,Van/Pickup,2,Mobile Phone Use,1,1,0,0,0,0,Low
2022,2,Wednesday,23,KPK,Kohat,Provincial Highway,Average,Clear,Street Light,Bicycle,4,Wrong Overtaking,0,0,1,1,2,0,Medium
2023,9,Saturday,14,Punjab,Lahore,Provincial Highway,Average,Extreme Heat,Dawn/Dusk,Car/Taxi,1,Signal Violation,0,1,0,0,2,1,Low
2020,1,Sunday,15,Sindh,Dadu,National Highway,Good,Clear,Daylight,Car/Taxi,2,Wrong Overtaking,0,1,0,1,5,0,Medium
2022,4,Saturday,23,Punjab,Rahim Yar Khan,National Highway,Poor,Clear,Street Light,Bicycle,4,Wrong Overtaking,0,1,1,0,9,2,High
2020,4,Wednesday,18,Sindh,Karachi,Provincial Highway,Under Repair,Clear,Daylight,Rickshaw,2,Driver Fatigue,1,0,0,0,1,1,Medium
2022,8,Saturday,9,KPK,Swat,Urban Road,Average,Dusty/Smoggy,Daylight,Bus/Coach,3,Over Speeding,1,1,0,0,4,0,Medium
2023,4,Sunday,7,Sindh,Larkana,Rural Road,Average,Clear,Daylight,Motorcycle,3,Wrong Overtaking,1,1,0,0,5,0,Medium
2018,6,Friday,8,Punjab,Bahawalpur,Rural Road,Average,Clear,Daylight,Motorcycle,2,Over Speeding,1,0,0,0,2,1,High
2023,4,Sunday,13,Punjab,Gujranwala,Urban Road,Under Repair,Foggy,Daylight,Car/Taxi,2,Over Speeding,1,1,0,0,3,0,Medium
2021,4,Sunday,0,Punjab,Rawalpindi,Provincial Highway,Under Repair,Clear,Street Light,Van/Pickup,1,Drunk Driving,0,1,1,0,9,1,High
2022,12,Wednesday,14,KPK,Peshawar,Provincial Highway,Poor,Clear,Daylight,Motorcycle,3,Wrong Overtaking,0,0,0,1,1,0,Medium
2018,1,Friday,1,KPK,Peshawar,Rural Road,Average,Foggy,Street Light,Motorcycle,3,Signal Violation,0,0,1,1,7,0,High
2022,12,Wednesday,20,KPK,Swat,Rural Road,Poor,Clear,No Light,Motorcycle,2,Road Condition,1,0,0,1,0,0,Low
2019,8,Friday,16,Punjab,Sargodha,National Highway,Good,Clear,Dawn/Dusk,Motorcycle,3,Road Condition,0,0,0,0,3,1,Medium
2018,1,Wednesday,7,Punjab,Bahawalpur,Provincial Highway,Under Repair,Clear,Daylight,Motorcycle,3,Over Speeding,1,0,0,1,9,1,High
2019,9,Monday,4,Balochistan,Quetta,Rural Road,Good,Foggy,No Light,Motorcycle,3,Road Condition,0,0,1,0,5,2,Medium
2022,5,Friday,12,Punjab,Bahawalpur,Urban Road,Good,Clear,Daylight,Motorcycle,1,Over Speeding,1,0,0,0,1,0,Medium
2018,3,Sunday,6,KPK,Kohat,Provincial Highway,Poor,Clear,Daylight,Bus/Coach,2,Mobile Phone Use,0,1,0,0,0,0,Low
2022,11,Sunday,18,KPK,Mansehra,Provincial Highway,Poor,Clear,Street Light,Bicycle,2,Wrong Overtaking,1,1,0,1,4,0,High
2023,10,Saturday,20,Sindh,Thatta,Motorway,Good,Foggy,No Light,Car/Taxi,3,Signal Violation,1,1,0,0,1,2,Medium
2023,9,Sunday,17,Sindh,Kashmore,Rural Road,Poor,Dusty/Smoggy,Daylight,Motorcycle,1,Wrong Overtaking,1,1,0,0,1,0,Medium
2022,5,Saturday,6,Punjab,Lahore,Urban Road,Under Repair,Foggy,Daylight,Motorcycle,2,Signal Violation,0,1,0,0,1,1,Medium
2018,9,Friday,8,Islamabad,Islamabad,Motorway,Average,Clear,Daylight,Truck/Lorry,1,Over Speeding,1,0,0,0,6,2,High
2021,6,Tuesday,2,Punjab,Lahore,Rural Road,Average,Rainy,No Light,Motorcycle,2,Driver Fatigue,0,0,1,0,6,1,High
2019,10,Monday,16,Punjab,Bahawalpur,National Highway,Average,Clear,Daylight,Motorcycle,2,Driver Fatigue,0,0,0,0,4,1,High
2022,5,Wednesday,11,Sindh,Thatta,National Highway,Poor,Clear,Daylight,Motorcycle,2,Over Speeding,0,0,0,0,9,2,High
2019,11,Tuesday,6,Punjab,Multan,Urban Road,Average,Extreme Heat,Daylight,Motorcycle,2,Over Speeding,0,0,0,1,8,0,High
2022,2,Sunday,11,KPK,Kohat,National Highway,Average,Dusty/Smoggy,Street Light,Bus/Coach,2,Wrong Overtaking,0,1,0,1,4,1,Medium
2019,10,Friday,10,Sindh,Dadu,Motorway,Good,Rainy,Daylight,Motorcycle,2,Over Speeding,0,0,0,0,5,2,High
2021,6,Saturday,20,Punjab,Faisalabad,Urban Road,Average,Clear,No Light,Car/Taxi,2,Mobile Phone Use,1,1,0,0,0,1,Low
2022,3,Friday,9,Punjab,Lahore,National Highway,Good,Foggy,Daylight,Car/Taxi,3,Pedestrian Error,1,0,0,0,2,0,Medium
2022,9,Thursday,11,Punjab,Sargodha,Motorway,Good,Clear,Daylight,Motorcycle,1,Over Speeding,0,0,0,0,9,0,High
2020,12,Tuesday,20,Punjab,Rahim Yar Khan,Rural Road,Average,Clear,No Light,Motorcycle,1,Over Speeding,1,0,0,1,1,1,Medium
2018,11,Monday,16,Punjab,Multan,National Highway,Under Repair,Clear,Daylight,Car/Taxi,2,Wrong Overtaking,0,0,0,1,5,1,Medium
2018,4,Saturday,8,KPK,Nowshera,Provincial Highway,Average,Foggy,Daylight,Bicycle,2,Over Speeding,1,1,0,0,11,1,High
2022,8,Sunday,18,Punjab,Rawalpindi,National Highway,Poor,Rainy,Daylight,Motorcycle,2,Over Speeding,1,1,0,0,2,0,High
2022,7,Monday,13,Punjab,Multan,National Highway,Good,Extreme Heat,Daylight,Rickshaw,3,Over Speeding,1,0,0,0,3,1,Medium
2023,4,Tuesday,11,Punjab,Rahim Yar Khan,Urban Road,Good,Clear,Daylight,Motorcycle,3,Driver Fatigue,0,0,0,0,1,0,Medium
2023,8,Tuesday,20,Sindh,Thatta,National Highway,Good,Clear,No Light,Car/Taxi,2,Mechanical Failure,1,0,0,0,1,2,Medium
2022,8,Friday,13,KPK,Peshawar,National Highway,Poor,Extreme Heat,Daylight,Rickshaw,3,Road Condition,1,0,0,0,0,0,Low
2022,12,Friday,7,Islamabad,Islamabad,National Highway,Under Repair,Clear,Daylight,Motorcycle,4,Road Condition,1,0,0,1,7,0,High
2021,5,Tuesday,17,Punjab,Sargodha,Urban Road,Poor,Dusty/Smoggy,Daylight,Bus/Coach,2,Driver Fatigue,1,0,0,0,2,0,Low
2018,8,Monday,2,Punjab,Sargodha,Provincial Highway,Poor,Foggy,No Light,Motorcycle,1,Driver Fatigue,0,0,1,0,6,0,High
2021,4,Saturday,12,Punjab,Sialkot,Rural Road,Poor,Clear,Daylight,Car/Taxi,2,Over Speeding,1,1,0,0,2,0,Low
2019,4,Wednesday,18,Punjab,Lahore,Rural Road,Average,Clear,Dawn/Dusk,Motorcycle,2,Road Condition,1,0,0,0,0,0,Low
2022,1,Tuesday,18,KPK,Dera Ismail Khan,National Highway,Average,Clear,Street Light,Car/Taxi,1,Over Speeding,1,0,0,1,4,1,Medium
2023,2,Tuesday,0,KPK,Swat,Rural Road,Poor,Clear,No Light,Car/Taxi,2,Signal Violation,0,0,1,1,1,0,Low
2018,12,Saturday,6,Punjab,Bahawalpur,National Highway,Under Repair,Clear,Daylight,Car/Taxi,4,Wrong Overtaking,0,1,0,1,2,0,Low
2018,6,Saturday,14,KPK,Mardan,Urban Road,Average,Clear,Daylight,Rickshaw,4,Drunk Driving,0,1,0,0,1,1,Medium
2018,11,Monday,6,Balochistan,Dera Bugti,National Highway,Average,Foggy,Daylight,Car/Taxi,1,Over Speeding,0,0,0,1,9,0,High
2019,1,Friday,10,Balochistan,Turbat,Urban Road,Good,Foggy,Street Light,Car/Taxi,3,Over Speeding,0,0,0,1,3,2,Medium
2020,12,Monday,11,Punjab,Gujranwala,Rural Road,Good,Clear,Daylight,Rickshaw,1,Over Speeding,0,0,0,1,0,0,Low
2021,9,Monday,17,Punjab,Lahore,Urban Road,Good,Rainy,Daylight,Car/Taxi,2,Over Speeding,1,0,0,0,4,1,Medium
2019,12,Saturday,16,Punjab,Bahawalpur,National Highway,Poor,Rainy,Dawn/Dusk,Bus/Coach,2,Wrong Overtaking,0,1,0,1,4,0,Medium
2020,2,Monday,23,Punjab,Rahim Yar Khan,Provincial Highway,Good,Clear,No Light,Motorcycle,2,Over Speeding,0,0,1,1,4,2,High
2020,5,Saturday,18,Sindh,Larkana,Provincial Highway,Poor,Rainy,Daylight,Car/Taxi,2,Wrong Overtaking,1,1,0,0,5,1,Medium
2020,7,Tuesday,19,Balochistan,Zhob,National Highway,Poor,Clear,Street Light,Motorcycle,3,Mobile Phone Use,1,0,0,0,2,1,Medium
2019,3,Friday,16,Punjab,Sialkot,Provincial Highway,Average,Clear,Street Light,Motorcycle,1,Wrong Overtaking,0,0,0,0,5,0,Medium
2023,6,Saturday,17,Sindh,Larkana,Provincial Highway,Average,Dusty/Smoggy,Daylight,Car/Taxi,2,Wrong Overtaking,1,1,0,0,1,0,Low
2021,1,Wednesday,6,KPK,Kohat,National Highway,Good,Foggy,Daylight,Motorcycle,2,Mechanical Failure,0,0,0,1,1,1,Medium
2020,2,Tuesday,13,Punjab,Sialkot,National Highway,Poor,Clear,Daylight,Motorcycle,4,Drunk Driving,1,0,0,1,11,1,High
2018,5,Monday,13,Punjab,Lahore,Provincial Highway,Average,Foggy,Daylight,Car/Taxi,4,Drunk Driving,1,0,0,0,5,0,Medium
2018,8,Friday,10,KPK,Mansehra,Rural Road,Good,Clear,Street Light,Bus/Coach,2,Driver Fatigue,0,0,0,0,2,1,Low
2022,11,Tuesday,17,KPK,Nowshera,Rural Road,Good,Clear,Daylight,Truck/Lorry,2,Road Condition,1,0,0,1,1,0,Low
2018,7,Friday,20,Islamabad,Islamabad,Rural Road,Good,Clear,No Light,Rickshaw,3,Mechanical Failure,1,0,0,0,0,0,Low
2023,8,Saturday,17,Balochistan,Zhob,Urban Road,Good,Rainy,Daylight,Car/Taxi,2,Over Speeding,1,1,0,0,1,0,Low
2018,11,Thursday,12,KPK,Swat,Urban Road,Good,Foggy,Dawn/Dusk,Rickshaw,2,Driver Fatigue,1,0,0,1,3,0,Medium
2019,10,Wednesday,8,KPK,Mansehra,Urban Road,Poor,Rainy,Daylight,Bus/Coach,1,Drunk Driving,1,0,0,0,2,0,Medium
2020,3,Sunday,7,Punjab,Faisalabad,Provincial Highway,Average,Extreme Heat,Daylight,Other,2,Over Speeding,1,1,0,0,4,0,Medium
2023,12,Thursday,23,KPK,Peshawar,National Highway,Average,Rainy,Street Light,Motorcycle,2,Over Speeding,0,0,1,1,9,2,High
2023,5,Monday,7,Islamabad,Islamabad,National Highway,Poor,Foggy,Daylight,Motorcycle,1,Wrong Overtaking,1,0,0,0,10,1,High
2018,7,Sunday,10,Punjab,Sialkot,Urban Road,Poor,Foggy,Daylight,Motorcycle,2,Signal Violation,0,1,0,0,5,0,Medium
2018,2,Saturday,13,Punjab,Lahore,Rural Road,Average,Clear,Daylight,Motorcycle,3,Pedestrian Error,1,1,0,1,0,0,Low
2019,12,Sunday,22,Sindh,Kashmore,National Highway,Good,Clear,No Light,Motorcycle,1,Mobile Phone Use,0,1,1,1,2,1,High
2020,6,Tuesday,4,Islamabad,Islamabad,Urban Road,Poor,Clear,Street Light,Car/Taxi,1,Driver Fatigue,0,0,1,0,3,1,Medium
2018,1,Monday,5,Punjab,Multan,Rural Road,Average,Rainy,Dawn/Dusk,Car/Taxi,2,Road Condition,0,0,1,1,1,0,Low
2018,11,Sunday,13,KPK,Mansehra,Rural Road,Good,Foggy,Dawn/Dusk,Motorcycle,1,Signal Violation,1,1,0,1,4,0,High
2023,12,Friday,12,KPK,Mansehra,National Highway,Good,Clear,Daylight,Motorcycle,1,Road Condition,1,0,0,1,2,1,Medium
2022,12,Thursday,20,KPK,Charsadda,National Highway,Average,Clear,Street Light,Van/Pickup,1,Over Speeding,1,0,0,1,4,0,High
2022,5,Saturday,9,Sindh,Karachi,Provincial Highway,Good,Clear,Dawn/Dusk,Motorcycle,3,Road Condition,1,1,0,0,2,2,Medium
2022,8,Thursday,20,Islamabad,Islamabad,National Highway,Good,Clear,Street Light,Motorcycle,1,Wrong Overtaking,1,0,0,0,6,1,High
2018,8,Tuesday,16,Punjab,Lahore,National Highway,Average,Clear,Daylight,Truck/Lorry,2,Over Speeding,0,0,0,0,2,2,High
2021,1,Tuesday,22,Punjab,Bahawalpur,National Highway,Average,Clear,Street Light,Rickshaw,1,Road Condition,0,0,1,1,5,1,Medium
2022,2,Thursday,19,Punjab,Gujranwala,Urban Road,Poor,Clear,Dawn/Dusk,Rickshaw,1,Wrong Overtaking,1,0,0,1,1,0,Low
2022,5,Monday,15,Punjab,Gujranwala,Urban Road,Average,Rainy,Daylight,Truck/Lorry,4,Drunk Driving,0,0,0,0,11,2,High
2021,3,Thursday,16,Punjab,Rahim Yar Khan,Urban Road,Average,Clear,Daylight,Bus/Coach,1,Driver Fatigue,0,0,0,0,2,2,Medium
2021,9,Sunday,18,Punjab,Rawalpindi,Urban Road,Average,Clear,Daylight,Car/Taxi,3,Over Speeding,1,1,0,0,2,0,Low
2023,4,Wednesday,22,KPK,Dera Ismail Khan,National Highway,Good,Clear,No Light,Truck/Lorry,2,Over Speeding,0,0,1,0,7,1,High
2020,12,Tuesday,11,Punjab,Rahim Yar Khan,National Highway,Good,Clear,Daylight,Motorcycle,2,Over Speeding,0,0,0,1,9,1,High
2018,12,Sunday,22,KPK,Bannu,National Highway,Poor,Dusty/Smoggy,No Light,Motorcycle,3,Road Condition,0,1,1,1,4,2,High
2023,10,Sunday,11,Punjab,Rahim Yar Khan,National Highway,Good,Clear,No Light,Motorcycle,3,Driver Fatigue,0,1,0,0,3,2,High
2022,4,Monday,18,Punjab,Bahawalpur,Provincial Highway,Poor,Clear,Daylight,Motorcycle,4,Road Condition,1,0,0,0,1,0,Low
2023,4,Monday,11,Punjab,Rahim Yar Khan,National Highway,Average,Extreme Heat,Daylight,Motorcycle,3,Signal Violation,0,0,0,0,5,2,Medium
2022,11,Wednesday,8,Punjab,Bahawalpur,Urban Road,Poor,Clear,Daylight,Motorcycle,2,Over Speeding,1,0,0,1,1,1,Medium
2023,5,Friday,17,Punjab,Rawalpindi,Provincial Highway,Poor,Rainy,Street Light,Motorcycle,1,Pedestrian Error,1,0,0,0,8,0,High
2019,12,Saturday,18,Punjab,Sheikhupura,Rural Road,Good,Clear,Street Light,Car/Taxi,2,Over Speeding,1,1,0,1,0,0,Low
2018,4,Tuesday,13,Sindh,Mirpur Khas,Urban Road,Poor,Clear,Dawn/Dusk,Motorcycle,1,Wrong Overtaking,1,0,0,0,5,0,Medium
2018,3,Sunday,10,Punjab,Lahore,Rural Road,Poor,Clear,Daylight,Car/Taxi,2,Wrong Overtaking,0,1,0,0,0,0,Low
2021,12,Thursday,20,Punjab,Faisalabad,Rural Road,Poor,Clear,No Light,Bicycle,2,Over Speeding,1,0,0,1,3,1,Medium
2018,3,Tuesday,7,Punjab,Sargodha,Urban Road,Good,Clear,Daylight,Car/Taxi,2,Over Speeding,1,0,0,0,0,0,Low
2022,9,Saturday,7,Balochistan,Quetta,Urban Road,Average,Rainy,Street Light,Motorcycle,2,Wrong Overtaking,1,1,0,0,9,0,High
2023,12,Thursday,15,Punjab,Faisalabad,National Highway,Good,Extreme Heat,Daylight,Truck/Lorry,2,Wrong Overtaking,0,0,0,1,4,0,Medium
2018,7,Wednesday,13,Punjab,Gujranwala,Provincial Highway,Poor,Clear,Daylight,Motorcycle,2,Over Speeding,1,0,0,0,10,1,High
2022,11,Saturday,7,Punjab,Gujranwala,National Highway,Poor,Rainy,Daylight,Motorcycle,3,Mobile Phone Use,1,1,0,1,2,2,High
2018,9,Sunday,21,KPK,Mansehra,National Highway,Under Repair,Foggy,Street Light,Truck/Lorry,2,Mobile Phone Use,0,1,0,0,5,1,Medium
2022,2,Sunday,18,Sindh,Nawabshah,National Highway,Average,Clear,Daylight,Bus/Coach,1,Pedestrian Error,1,1,0,1,2,0,Medium
2023,7,Thursday,3,Punjab,Sheikhupura,National Highway,Average,Extreme Heat,No Light,Rickshaw,2,Drunk Driving,0,0,1,0,3,0,Medium
2023,5,Saturday,13,KPK,Nowshera,Urban Road,Average,Clear,Daylight,Car/Taxi,2,Wrong Overtaking,1,1,0,0,0,0,Low
2022,11,Sunday,9,Sindh,Thatta,Rural Road,Good,Foggy,Daylight,Motorcycle,2,Mobile Phone Use,1,1,0,1,2,0,Low
2022,9,Monday,9,Punjab,Gujranwala,National Highway,Average,Dusty/Smoggy,Daylight,Truck/Lorry,2,Road Condition,1,0,0,0,0,0,Low
2019,7,Saturday,19,Punjab,Sheikhupura,Provincial Highway,Average,Rainy,Dawn/Dusk,Car/Taxi,1,Wrong Overtaking,1,1,0,0,4,0,Medium
2021,8,Wednesday,20,AJK,Mirpur,Rural Road,Poor,Clear,No Light,Motorcycle,3,Signal Violation,1,0,0,0,4,1,Medium
2019,12,Wednesday,9,Sindh,Jacobabad,Provincial Highway,Average,Clear,Daylight,Car/Taxi,2,Drunk Driving,1,0,0,1,5,0,Medium
2020,8,Tuesday,21,Sindh,Hyderabad,Rural Road,Average,Clear,No Light,Rickshaw,2,Drunk Driving,0,0,0,0,0,0,Low
2022,10,Sunday,21,Punjab,Bahawalpur,Provincial Highway,Average,Foggy,No Light,Rickshaw,3,Over Speeding,0,1,0,0,1,0,Medium
2020,10,Tuesday,19,KPK,Kohat,Urban Road,Good,Dusty/Smoggy,No Light,Motorcycle,1,Weather Condition,1,0,0,0,4,1,Medium
2018,1,Thursday,18,Punjab,Bahawalpur,Rural Road,Average,Extreme Heat,Daylight,Car/Taxi,1,Weather Condition,1,0,0,1,2,0,Low
2020,7,Wednesday,5,Punjab,Gujranwala,Rural Road,Average,Clear,No Light,Van/Pickup,2,Wrong Overtaking,0,0,1,0,3,1,Medium
2019,6,Sunday,13,Sindh,Sukkur,Provincial Highway,Good,Rainy,Daylight,Car/Taxi,1,Wrong Overtaking,1,1,0,0,2,0,Medium
2023,7,Friday,7,Sindh,Sukkur,National Highway,Good,Clear,Daylight,Motorcycle,2,Signal Violation,1,0,0,0,2,0,High
2019,1,Friday,6,AJK,Mirpur,Provincial Highway,Good,Clear,Daylight,Car/Taxi,3,Wrong Overtaking,0,0,0,1,0,0,Low
2018,6,Sunday,20,Punjab,Sargodha,Provincial Highway,Average,Clear,No Light,Truck/Lorry,3,Wrong Overtaking,1,1,0,0,0,1,Low
2023,2,Friday,9,Sindh,Jacobabad,Urban Road,Good,Clear,Daylight,Rickshaw,2,Over Speeding,1,0,0,1,2,0,Low
2019,3,Wednesday,7,Punjab,Rawalpindi,Provincial Highway,Good,Clear,Daylight,Motorcycle,1,Signal Violation,1,0,0,0,5,1,Medium