year,month,day_of_week,hour_of_day,province,district,road_type,road_condition,weather_condition,lighting_condition,vehicle_type,vehicles_involved,accident_cause,is_rush_hour,is_weekend,is_night,is_foggy_month,num_injured,num_killed,severity
2020,10,Wednesday,19,KPK,Mardan,Motorway,Good,Foggy,Dawn/Dusk,Van/Pickup,3,Over Speeding,1,0,0,0,5,1,High
2023,10,Monday,8,Punjab,Gujranwala,Provincial Highway,Average,Rainy,Daylight,Motorcycle,2,Wrong Overtaking,1,0,0,0,9,1,High
2019,10,Friday,11,Sindh,Sukkur,National Highway,Under Repair,Foggy,Daylight,Car/Taxi,3,Wrong Overtaking,0,0,0,0,1,1,Medium
2019,4,Tuesday,12,Punjab,Sargodha,Rural Road,Good,Clear,Daylight,Motorcycle,1,Mechanical Failure,1,0,0,0,0,0,Low
2020,1,Sunday,18,Sindh,Sukkur,Motorway,Good,Clear,Daylight,Car/Taxi,1,Mobile Phone Use,1,1,0,1,0,0,Low
2020,11,Thursday,19,Sindh,Thatta,Provincial Highway,Good,Clear,Street Light,Motorcycle,1,Wrong Overtaking,1,0,0,1,2,2,High
2019,5,Friday,19,Punjab,Sargodha,National Highway,Under Repair,Clear,Dawn/Dusk,Rickshaw,2,Drunk Driving,1,0,0,0,9,3,High
2021,9,Thursday,13,Sindh,Thatta,National Highway,Good,Clear,Dawn/Dusk,Bus/Coach,3,Driver Fatigue,1,0,0,0,3,0,Medium
2020,2,Wednesday,12,Punjab,Lahore,Rural Road,Poor,Clear,Daylight,Motorcycle,1,Driver Fatigue,1,0,0,1,3,1,Medium
2019,1,Friday,17,KPK,Nowshera,Provincial Highway,Good,Clear,Daylight,Rickshaw,1,Wrong Overtaking,1,0,0,1,0,0,Low
2022,12,Saturday,13,Sindh,Larkana,National Highway,Good,Extreme Heat,Street Light,Motorcycle,1,Wrong Overtaking,1,1,0,1,5,0,High
2018,3,Wednesday,18,Balochistan,Sibi,Rural Road,Good,Clear,No Light,Motorcycle,3,Over Speeding,1,0,0,0,10,1,High
2023,2,Monday,15,Punjab,Multan,Provincial Highway,Average,Foggy,No Light,Truck/Lorry,3,Over Speeding,0,0,0,1,5,0,Medium
2021,11,Wednesday,21,Punjab,Multan,Urban Road,Good,Foggy,No Light,Car/Taxi,1,Over Speeding,0,0,0,1,4,0,Medium
2020,8,Thursday,10,Punjab,Rawalpindi,National Highway,Good,Clear,Daylight,Motorcycle,2,Road Condition,0,0,0,0,9,1,High
2022,12,Sunday,15,Punjab,Lahore,National Highway,Average,Clear,Daylight,Car/Taxi,1,Pedestrian Error,0,1,0,1,0,0,Low
2021,10,Tuesday,13,Punjab,Rawalpindi,National Highway,Average,Clear,Daylight,Car/Taxi,1,Over Speeding,1,0,0,0,5,0,Medium
2022,2,Wednesday,8,Punjab,Rahim Yar Khan,Urban Road,Average,Foggy,Daylight,Rickshaw,2,Drunk Driving,1,0,0,1,2,0,Low
2020,11,Tuesday,20,Balochistan,Hub,Rural Road,Under Repair,Foggy,Street Light,Rickshaw,3,Wrong Overtaking,1,0,0,1,0,0,Low
2020,6,Tuesday,18,Sindh,Kashmore,Rural Road,Good,Clear,Daylight,Car/Taxi,3,Over Speeding,1,0,0,0,1,0,Low
2023,11,Monday,16,Sindh,Karachi,Rural Road,Poor,Extreme Heat,Daylight,Motorcycle,3,Over Speeding,0,0,0,1,5,0,Medium
2020,7,Thursday,13,KPK,Mardan,Provincial Highway,Under Repair,Foggy,Daylight,Motorcycle,2,Wrong Overtaking,1,0,0,0,7,1,High
2020,12,Sunday,18,Punjab,Lahore,Provincial Highway,Average,Clear,Dawn/Dusk,Motorcycle,2,Mobile Phone Use,1,1,0,1,3,2,Medium
2022,5,Wednesday,17,Balochistan,Chaman,Motorway,Average,Clear,Daylight,Car/Taxi,3,Wrong Overtaking,1,0,0,0,5,0,Medium
2023,3,Monday,5,Sindh,Dadu,Urban Road,Good,Clear,Dawn/Dusk,Motorcycle,1,Pedestrian Error,0,0,1,0,1,0,Low
2021,11,Friday,11,Punjab,Sargodha,National Highway,Average,Rainy,Dawn/Dusk,Car/Taxi,3,Drunk Driving,0,0,0,1,4,0,Medium
2023,7,Sunday,12,KPK,Peshawar,National Highway,Good,Foggy,Dawn/Dusk,Rickshaw,2,Signal Violation,1,1,0,0,5,3,High
2018,12,Monday,18,Sindh,Larkana,Urban Road,Under Repair,Clear,Daylight,Van/Pickup,2,Mechanical Failure,1,0,0,1,2,1,Low
2019,12,Tuesday,23,Sindh,Thatta,Rural Road,Good,Clear,No Light,Car/Taxi,1,Pedestrian Error,0,0,1,1,0,0,Low
2021,7,Sunday,20,Balochistan,Sibi,Rural Road,Average,Foggy,No Light,Car/Taxi,2,Mobile Phone Use,1,1,0,0,2,0,Low
2018,9,Tuesday,17,Balochistan,Gwadar,Urban Road,Good,Clear,Dawn/Dusk,Car/Taxi,1,Over Speeding,1,0,0,0,1,0,Low
2022,6,Friday,12,Balochistan,Turbat,National Highway,Poor,Rainy,Daylight,Truck/Lorry,3,Over Speeding,1,0,0,0,9,0,High
2021,11,Monday,17,Punjab,Faisalabad,National Highway,Good,Clear,Daylight,Bus/Coach,1,Wrong Overtaking,1,0,0,1,5,1,Medium
2022,10,Friday,21,KPK,Swat,Rural Road,Poor,Foggy,Street Light,Car/Taxi,2,Over Speeding,0,0,0,0,2,0,Low
2022,1,Thursday,13,Punjab,Bahawalpur,Rural Road,Poor,Clear,Daylight,Motorcycle,1,Signal Violation,1,0,0,1,4,0,Medium
2021,5,Tuesday,4,KPK,Mansehra,National Highway,Average,Clear,Street Light,Motorcycle,2,Over Speeding,0,0,1,0,4,3,High
2023,12,Friday,1,Punjab,Rahim Yar Khan,Rural Road,Under Repair,Clear,Street Light,Bus/Coach,1,Road Condition,0,0,1,1,2,0,Low
2018,9,Sunday,17,Sindh,Thatta,Urban Road,Poor,Clear,Daylight,Rickshaw,1,Over Speeding,1,1,0,0,2,1,Low
2018,10,Sunday,9,Balochistan,Turbat,Rural Road,Poor,Clear,Daylight,Motorcycle,2,Signal Violation,1,1,0,0,3,0,Medium
2018,5,Tuesday,6,KPK,Abbottabad,Urban Road,Poor,Clear,Daylight,Car/Taxi,3,Wrong Overtaking,0,0,0,0,0,0,Low
2021,1,Monday,6,Islamabad,Islamabad,Rural Road,Under Repair,Rainy,Daylight,Bus/Coach,1,Signal Violation,0,0,0,1,2,0,Medium
2021,11,Monday,22,Punjab,Rahim Yar Khan,Rural Road,Average,Clear,Street Light,Motorcycle,1,Over Speeding,0,0,1,1,2,1,High
2018,11,Friday,12,Punjab,Sialkot,National Highway,Good,Clear,Street Light,Car/Taxi,2,Wrong Overtaking,1,0,0,1,3,2,Medium
2023,6,Friday,16,Balochistan,Dera Bugti,National Highway,Average,Clear,Dawn/Dusk,Motorcycle,3,Wrong Overtaking,0,0,0,0,11,2,High
2021,4,Thursday,12,Sindh,Karachi,Provincial Highway,Under Repair,Clear,Daylight,Motorcycle,2,Wrong Overtaking,1,0,0,0,9,2,High
2021,2,Monday,23,Balochistan,Zhob,National Highway,Good,Rainy,No Light,Car/Taxi,2,Over Speeding,0,0,1,1,10,2,High
2020,5,Wednesday,14,KPK,Mansehra,National Highway,Average,Rainy,No Light,Bus/Coach,2,Over Speeding,0,0,0,0,9,0,High
2023,12,Monday,22,Balochistan,Quetta,Urban Road,Average,Clear,Street Light,Bicycle,3,Wrong Overtaking,0,0,1,1,5,0,Medium
2021,10,Sunday,17,Sindh,Sukkur,National Highway,Poor,Clear,Daylight,Car/Taxi,4,Signal Violation,1,1,0,0,1,1,Low
2019,8,Friday,14,KPK,Peshawar,Urban Road,Average,Foggy,Dawn/Dusk,Motorcycle,3,Driver Fatigue,0,0,0,0,7,1,High
2022,1,Thursday,12,Punjab,Sialkot,Provincial Highway,Good,Clear,Daylight,Motorcycle,2,Road Condition,1,0,0,1,2,0,Medium
2019,10,Friday,21,Islamabad,Islamabad,National Highway,Good,Dusty/Smoggy,No Light,Rickshaw,1,Over Speeding,0,0,0,0,5,0,Medium
2021,8,Monday,20,Punjab,Sheikhupura,Rural Road,Average,Clear,Street Light,Car/Taxi,4,Over Speeding,1,0,0,0,1,0,Low
2020,8,Wednesday,5,Punjab,Sialkot,Provincial Highway,Average,Clear,Dawn/Dusk,Rickshaw,1,Signal Violation,0,0,1,0,4,0,Medium
2019,2,Monday,12,Sindh,Nawabshah,National Highway,Poor,Clear,Daylight,Car/Taxi,2,Mechanical Failure,1,0,0,1,2,0,Low
2020,1,Sunday,18,KPK,Mardan,National Highway,Good,Clear,Daylight,Motorcycle,2,Mechanical Failure,1,1,0,1,3,0,Medium
2022,6,Tuesday,17,KPK,Peshawar,Rural Road,Poor,Clear,No Light,Rickshaw,2,Signal Violation,1,0,0,0,2,0,Low
2022,5,Tuesday,12,Punjab,Multan,National Highway,Good,Clear,Street Light,Car/Taxi,2,Signal Violation,1,0,0,0,0,1,Low
2018,4,Friday,22,KPK,Bannu,Provincial Highway,Average,Rainy,No Light,Motorcycle,1,Wrong Overtaking,0,0,1,0,6,2,High
2019,10,Sunday,17,Balochistan,Quetta,Rural Road,Average,Foggy,Daylight,Motorcycle,1,Road Condition,1,1,0,0,1,0,Medium
2018,7,Saturday,23,Sindh,Jacobabad,Urban Road,Poor,Clear,Street Light,Bus/Coach,2,Wrong Overtaking,0,1,1,0,3,0,Medium
2022,12,Wednesday,14,Punjab,Rawalpindi,Rural Road,Average,Clear,Daylight,Truck/Lorry,2,Wrong Overtaking,0,0,0,1,5,0,Medium
2018,7,Monday,20,Sindh,Dadu,Urban Road,Average,Foggy,No Light,Other,4,Road Condition,1,0,0,0,0,0,Low
2023,7,Sunday,7,Balochistan,Turbat,National Highway,Poor,Clear,Daylight,Car/Taxi,2,Road Condition,1,1,0,0,1,0,Medium
2023,9,Monday,21,Balochistan,Turbat,Rural Road,Good,Clear,No Light,Motorcycle,3,Over Speeding,0,0,0,0,4,1,Medium
2020,3,Wednesday,13,Punjab,Sargodha,National Highway,Average,Dusty/Smoggy,Street Light,Truck/Lorry,2,Over Speeding,1,0,0,0,8,0,High
2021,4,Thursday,15,Punjab,Bahawalpur,National Highway,Under Repair,Extreme Heat,Daylight,Motorcycle,3,Mobile Phone Use,0,0,0,0,3,1,High
2023,11,Saturday,10,Punjab,Lahore,Rural Road,Poor,Clear,Daylight,Car/Taxi,2,Over Speeding,0,1,0,1,2,0,Low
2019,12,Thursday,17,Sindh,Dadu,National Highway,Good,Clear,Dawn/Dusk,Motorcycle,3,Wrong Overtaking,1,0,0,1,5,1,Medium
2019,8,Wednesday,20,Sindh,Jacobabad,Motorway,Good,Clear,Street Light,Car/Taxi,3,Over Speeding,1,0,0,0,5,0,Medium
2022,9,Sunday,19,Sindh,Sukkur,Urban Road,Average,Clear,Dawn/Dusk,Van/Pickup,2,Pedestrian Error,1,1,0,0,1,0,Low
2023,6,Tuesday,8,KPK,Nowshera,Provincial Highway,Average,Foggy,Street Light,Van/Pickup,3,Pedestrian Error,1,0,0,0,2,0,Low
2020,10,Tuesday,2,Punjab,Sialkot,National Highway,Under Repair,Clear,No Light,Car/Taxi,1,Over Speeding,0,0,1,0,4,1,High
2019,7,Friday,8,Punjab,Bahawalpur,National Highway,Good,Foggy,Daylight,Motorcycle,2,Pedestrian Error,1,0,0,0,8,1,High
2023,6,Monday,8,Punjab,Bahawalpur,Urban Road,Good,Foggy,Daylight,Truck/Lorry,2,Mobile Phone Use,1,0,0,0,2,0,Low
2020,1,Tuesday,20,Punjab,Lahore,National Highway,Under Repair,Rainy,Street Light,Motorcycle,2,Over Speeding,1,0,0,1,5,0,High
2018,10,Thursday,22,KPK,Swat,National Highway,Good,Rainy,No Light,Motorcycle,1,Signal Violation,0,0,1,0,5,1,High
2023,2,Thursday,21,Punjab,Faisalabad,National Highway,Poor,Foggy,Street Light,Motorcycle,4,Over Speeding,0,0,0,1,4,2,High
2018,10,Saturday,10,Sindh,Thatta,Provincial Highway,Average,Clear,Daylight,Truck/Lorry,1,Road Condition,0,1,0,0,1,2,Medium
2023,10,Saturday,23,Punjab,Bahawalpur,Rural Road,Average,Clear,No Light,Motorcycle,1,Pedestrian Error,0,1,1,0,1,0,Medium
2023,12,Monday,11,Sindh,Sukkur,Urban Road,Good,Clear,Daylight,Car/Taxi,1,Road Condition,0,0,0,1,0,0,Low
2022,2,Friday,19,Sindh,Larkana,Provincial Highway,Average,Clear,No Light,Car/Taxi,4,Road Condition,1,0,0,1,2,0,Low
2022,1,Monday,9,Punjab,Lahore,National Highway,Good,Foggy,No Light,Rickshaw,2,Over Speeding,1,0,0,1,8,1,High
2023,8,Friday,23,Sindh,Larkana,Urban Road,Good,Clear,No Light,Car/Taxi,2,Wrong Overtaking,0,0,1,0,0,0,Low
2021,5,Sunday,11,Punjab,Gujranwala,Provincial Highway,Average,Clear,Dawn/Dusk,Bicycle,1,Pedestrian Error,0,1,0,0,3,0,Medium
2022,7,Tuesday,14,Sindh,Thatta,Rural Road,Good,Rainy,Daylight,Rickshaw,2,Over Speeding,0,0,0,0,5,0,Medium
2021,6,Friday,12,KPK,Swat,National Highway,Good,Rainy,Daylight,Bus/Coach,2,Over Speeding,1,0,0,0,2,2,High
2018,9,Wednesday,19,Sindh,Mirpur Khas,Rural Road,Good,Dusty/Smoggy,Dawn/Dusk,Motorcycle,2,Wrong Overtaking,1,0,0,0,3,0,Medium
2023,10,Thursday,17,KPK,Abbottabad,Rural Road,Good,Rainy,Daylight,Motorcycle,3,Mobile Phone Use,1,0,0,0,0,0,Low
2019,7,Sunday,12,Punjab,Rawalpindi,National Highway,Average,Clear,No Light,Car/Taxi,3,Signal Violation,1,1,0,0,0,0,Low
2023,3,Saturday,10,Punjab,Gujranwala,Provincial Highway,Poor,Clear,Daylight,Motorcycle,3,Wrong Overtaking,0,1,0,0,2,1,Medium
2020,1,Saturday,19,Punjab,Faisalabad,National Highway,Average,Rainy,Daylight,Motorcycle,2,Pedestrian Error,1,1,0,1,4,0,High
2019,6,Thursday,6,Punjab,Lahore,National Highway,Good,Clear,Daylight,Car/Taxi,1,Pedestrian Error,0,0,0,0,2,0,Low
2023,3,Thursday,12,Punjab,Gujranwala,Provincial Highway,Under Repair,Foggy,Street Light,Car/Taxi,1,Over Speeding,1,0,0,0,3,1,High
2019,10,Sunday,20,Sindh,Kashmore,National Highway,Poor,Clear,Street Light,Car/Taxi,2,Driver Fatigue,1,1,0,0,4,1,Medium
2020,9,Monday,18,KPK,Peshawar,Provincial Highway,Average,Extreme Heat,Daylight,Van/Pickup,2,Over Speeding,1,0,0,0,1,1,Medium
2023,11,Sunday,15,KPK,Kohat,Provincial Highway,Poor,Clear,Daylight,Car/Taxi,3,Over Speeding,0,1,0,1,1,0,Low
2021,12,Sunday,14,KPK,Swat,National Highway,Good,Clear,Daylight,Motorcycle,1,Road Condition,0,1,0,1,3,0,Medium
2018,4,Sunday,20,Sindh,Kashmore,National Highway,Average,Rainy,Street Light,Car/Taxi,4,Wrong Overtaking,1,1,0,0,5,1,Medium
2021,12,Wednesday,21,Punjab,Bahawalpur,Provincial Highway,Good,Clear,Street Light,Rickshaw,2,Road Condition,0,0,0,1,1,0,Low
2023,2,Monday,20,Sindh,Hyderabad,National Highway,Poor,Clear,No Light,Van/Pickup,1,Mechanical Failure,1,0,0,1,0,0,Low
2023,11,Wednesday,23,Punjab,Sargodha,Urban Road,Average,Foggy,Street Light,Bus/Coach,2,Pedestrian Error,0,0,1,1,5,0,Medium
2021,5,Saturday,12,Sindh,Thatta,National Highway,Good,Clear,Daylight,Motorcycle,3,Over Speeding,1,1,0,0,6,2,High
2023,8,Monday,3,KPK,Kohat,National Highway,Average,Foggy,No Light,Motorcycle,1,Mechanical Failure,0,0,1,0,2,2,High
2023,5,Sunday,10,Sindh,Sukkur,National Highway,Average,Dusty/Smoggy,Daylight,Truck/Lorry,2,Over Speeding,0,1,0,0,8,4,High
2022,9,Thursday,14,Punjab,Sialkot,National Highway,Good,Dusty/Smoggy,Daylight,Motorcycle,2,Road Condition,0,0,0,0,6,1,High
2023,6,Sunday,13,Islamabad,Islamabad,Provincial Highway,Good,Rainy,Street Light,Car/Taxi,2,Wrong Overtaking,1,1,0,0,1,1,Medium
2022,6,Sunday,22,Punjab,Lahore,Rural Road,Good,Clear,Street Light,Motorcycle,2,Signal Violation,0,1,1,0,4,1,Medium
2019,1,Friday,5,Balochistan,Khuzdar,Provincial Highway,Average,Extreme Heat,Dawn/Dusk,Motorcycle,1,Mechanical Failure,0,0,1,1,5,0,Medium
2022,5,Friday,2,KPK,Bannu,Rural Road,Good,Clear,Street Light,Bus/Coach,3,Over Speeding,0,0,1,0,4,2,High
2020,1,Sunday,6,Punjab,Rahim Yar Khan,Urban Road,Good,Foggy,Dawn/Dusk,Car/Taxi,2,Over Speeding,0,1,0,1,1,0,Medium
2023,12,Wednesday,10,Punjab,Gujranwala,Urban Road,Good,Dusty/Smoggy,Dawn/Dusk,Bus/Coach,2,Over Speeding,0,0,0,1,4,1,Medium
2019,7,Monday,18,Islamabad,Islamabad,Provincial Highway,Good,Rainy,Daylight,Bicycle,2,Over Speeding,1,0,0,0,10,1,High
2019,6,Monday,7,Sindh,Nawabshah,Rural Road,Average,Clear,Daylight,Rickshaw,3,Wrong Overtaking,1,0,0,0,2,0,Low
2022,12,Sunday,18,Punjab,Sheikhupura,National Highway,Good,Extreme Heat,Daylight,Bicycle,2,Wrong Overtaking,1,1,0,1,5,0,Medium
2023,10,Saturday,13,Sindh,Hyderabad,Urban Road,Poor,Foggy,Dawn/Dusk,Car/Taxi,4,Over Speeding,1,1,0,0,2,0,Medium
2018,12,Friday,11,Sindh,Jacobabad,Urban Road,Average,Rainy,Street Light,Car/Taxi,3,Pedestrian Error,0,0,0,1,1,0,Low
2023,6,Thursday,8,Punjab,Sialkot,National Highway,Poor,Clear,Street Light,Motorcycle,2,Signal Violation,1,0,0,0,5,1,High
2018,11,Friday,14,Punjab,Sheikhupura,National Highway,Good,Clear,Daylight,Motorcycle,3,Over Speeding,0,0,0,1,2,0,High
2018,1,Friday,16,Punjab,Lahore,National Highway,Average,Rainy,Daylight,Car/Taxi,1,Mechanical Failure,0,0,0,1,0,0,Low
2019,1,Sunday,6,Punjab,Multan,National Highway,Poor,Clear,Daylight,Car/Taxi,2,Signal Violation,0,1,0,1,5,2,Medium
2023,11,Saturday,12,Punjab,Rawalpindi,Rural Road,Poor,Foggy,No Light,Van/Pickup,2,Weather Condition,1,1,0,1,1,0,Low
2021,1,Saturday,13,Punjab,Lahore,National Highway,Good,Clear,Daylight,Rickshaw,2,Over Speeding,1,1,0,1,4,2,High
2021,10,Sunday,18,Punjab,Multan,Provincial Highway,Good,Rainy,Daylight,Bus/Coach,3,Driver Fatigue,1,1,0,0,7,2,High
2023,12,Saturday,5,Punjab,Rahim Yar Khan,Urban Road,Good,Clear,Daylight,Bus/Coach,2,Road Condition,0,1,1,1,1,0,Medium
2022,6,Thursday,11,Islamabad,Islamabad,Provincial Highway,Under Repair,Rainy,Street Light,Motorcycle,1,Drunk Driving,0,0,0,0,4,0,High
2018,12,Sunday,15,Sindh,Nawabshah,National Highway,Good,Clear,Daylight,Motorcycle,3,Over Speeding,0,1,0,1,2,1,High
2018,11,Saturday,8,Sindh,Karachi,Motorway,Poor,Clear,Daylight,Car/Taxi,3,Signal Violation,1,1,0,1,1,0,Medium
2019,3,Saturday,12,Sindh,Dadu,National Highway,Good,Clear,Street Light,Motorcycle,4,Drunk Driving,1,1,0,0,8,2,High
2020,12,Wednesday,9,Punjab,Gujranwala,Urban Road,Average,Dusty/Smoggy,Daylight,Car/Taxi,3,Over Speeding,1,0,0,1,1,0,Medium
2023,12,Wednesday,20,Balochistan,Khuzdar,Urban Road,Average,Clear,No Light,Car/Taxi,2,Weather Condition,1,0,0,1,2,0,Low
2018,3,Wednesday,9,Sindh,Dadu,National Highway,Average,Rainy,Daylight,Other,2,Driver Fatigue,1,0,0,0,3,1,Medium
2018,5,Tuesday,13,Sindh,Kashmore,Rural Road,Poor,Extreme Heat,Daylight,Van/Pickup,2,Pedestrian Error,1,0,0,0,0,1,Low
2020,7,Tuesday,13,Islamabad,Islamabad,Provincial Highway,Average,Clear,Daylight,Bicycle,3,Wrong Overtaking,1,0,0,0,8,4,High
2022,12,Tuesday,0,KPK,Peshawar,Urban Road,Average,Clear,No Light,Motorcycle,1,Over Speeding,0,0,1,1,2,0,High
2021,12,Sunday,18,Punjab,Faisalabad,National Highway,Good,Rainy,Daylight,Motorcycle,2,Over Speeding,1,1,0,1,3,0,High
2023,12,Monday,19,Islamabad,Islamabad,National Highway,Good,Clear,No Light,Truck/Lorry,2,Mechanical Failure,1,0,0,1,1,0,Low
2018,10,Saturday,9,Balochistan,Chaman,National Highway,Average,Foggy,Dawn/Dusk,Motorcycle,2,Over Speeding,1,1,0,0,10,1,High
2022,11,Saturday,2,Islamabad,Islamabad,National Highway,Good,Clear,No Light,Car/Taxi,1,Mobile Phone Use,0,1,1,1,4,0,Medium
2018,9,Wednesday,14,Punjab,Rawalpindi,Urban Road,Poor,Dusty/Smoggy,Daylight,Car/Taxi,2,Wrong Overtaking,0,0,0,0,0,0,Low
2019,2,Thursday,13,Islamabad,Islamabad,Provincial Highway,Average,Foggy,Street Light,Car/Taxi,2,Signal Violation,1,0,0,1,4,0,Medium
2019,1,Sunday,0,Sindh,Kashmore,Provincial Highway,Poor,Rainy,Street Light,Motorcycle,2,Signal Violation,0,1,1,1,6,0,High
2021,6,Tuesday,20,KPK,Bannu,Urban Road,Average,Clear,Street Light,Bus/Coach,3,Road Condition,1,0,0,0,0,1,Low
2018,6,Monday,19,Punjab,Gujranwala,National Highway,Good,Clear,Daylight,Motorcycle,2,Driver Fatigue,1,0,0,0,4,0,High
2021,11,Saturday,7,Punjab,Sheikhupura,National Highway,Poor,Clear,Dawn/Dusk,Rickshaw,2,Over Speeding,1,1,0,1,4,1,Medium
2020,2,Wednesday,9,Punjab,Lahore,Rural Road,Average,Clear,Daylight,Truck/Lorry,4,Wrong Overtaking,1,0,0,1,2,0,Low
2021,12,Wednesday,8,Sindh,Mirpur Khas,Provincial Highway,Good,Rainy,Daylight,Car/Taxi,3,Signal Violation,1,0,0,1,0,0,Low
2019,4,Friday,17,Punjab,Multan,National Highway,Poor,Clear,Daylight,Motorcycle,1,Over Speeding,1,0,0,0,4,2,High
2021,8,Saturday,8,Punjab,Sargodha,Provincial Highway,Good,Clear,Daylight,Motorcycle,3,Wrong Overtaking,1,1,0,0,3,1,Medium
2020,12,Friday,13,Islamabad,Islamabad,National Highway,Poor,Foggy,Daylight,Car/Taxi,4,Wrong Overtaking,1,0,0,1,4,0,Medium
2020,12,Thursday,13,KPK,Peshawar,Provincial Highway,Average,Foggy,Daylight,Motorcycle,1,Drunk Driving,1,0,0,1,4,2,High
2018,1,Thursday,20,Sindh,Sukkur,Rural Road,Poor,Clear,Street Light,Van/Pickup,1,Mechanical Failure,1,0,0,1,0,0,Low
2018,10,Sunday,20,KPK,Kohat,Urban Road,Average,Foggy,Street Light,Car/Taxi,1,Weather Condition,1,1,0,0,0,0,Low
2022,1,Tuesday,12,Sindh,Thatta,Urban Road,Poor,Clear,Daylight,Motorcycle,2,Road Condition,1,0,0,1,1,0,Low
2020,2,Monday,8,Punjab,Bahawalpur,National Highway,Good,Foggy,Daylight,Motorcycle,2,Over Speeding,1,0,0,1,6,1,High
2023,2,Monday,19,Sindh,Sukkur,Rural Road,Under Repair,Clear,No Light,Car/Taxi,3,Wrong Overtaking,1,0,0,1,2,0,Low
2018,7,Thursday,19,KPK,Kohat,Rural Road,Average,Rainy,Street Light,Car/Taxi,2,Signal Violation,1,0,0,0,0,0,Low
2022,9,Thursday,18,Punjab,Sheikhupura,Rural Road,Good,Dusty/Smoggy,Daylight,Rickshaw,1,Wrong Overtaking,1,0,0,0,1,0,Low
2021,8,Wednesday,19,Punjab,Faisalabad,Provincial Highway,Poor,Clear,Dawn/Dusk,Rickshaw,4,Signal Violation,1,0,0,0,1,0,Medium
2022,6,Monday,14,Punjab,Sargodha,National Highway,Average,Clear,Daylight,Motorcycle,1,Signal Violation,0,0,0,0,5,1,High
2022,2,Monday,12,Sindh,Jacobabad,Provincial Highway,Average,Clear,Daylight,Truck/Lorry,4,Mobile Phone Use,1,0,0,1,2,0,Low
2022,8,Wednesday,17,Punjab,Faisalabad,Provincial Highway,Under Repair,Clear,Dawn/Dusk,Motorcycle,1,Over Speeding,1,0,0,0,4,2,Medium
2019,7,Monday,21,KPK,Mansehra,Urban Road,Average,Rainy,No Light,Motorcycle,3,Driver Fatigue,0,0,0,0,4,1,High
2023,7,Wednesday,17,Punjab,Bahawalpur,Urban Road,Poor,Foggy,Daylight,Van/Pickup,1,Mechanical Failure,1,0,0,0,0,0,Low
2020,6,Saturday,3,KPK,Abbottabad,Rural Road,Good,Clear,No Light,Motorcycle,2,Drunk Driving,0,1,1,0,4,2,High
2023,12,Wednesday,20,Islamabad,Islamabad,Provincial Highway,Good,Dusty/Smoggy,No Light,Motorcycle,2,Wrong Overtaking,1,0,0,1,3,0,Medium
2022,1,Sunday,20,Balochistan,Sibi,Rural Road,Average,Clear,Street Light,Car/Taxi,1,Pedestrian Error,1,1,0,1,2,0,Low
2021,3,Saturday,21,KPK,Charsadda,Urban Road,Poor,Clear,Street Light,Car/Taxi,2,Over Speeding,0,1,0,0,2,0,Low
2023,4,Friday,11,Punjab,Rawalpindi,Rural Road,Good,Clear,Daylight,Bicycle,3,Over Speeding,0,0,0,0,2,0,High
2021,2,Friday,19,KPK,Nowshera,National Highway,Good,Clear,Street Light,Car/Taxi,1,Wrong Overtaking,1,0,0,1,2,0,Low
2021,6,Thursday,9,Sindh,Thatta,Motorway,Good,Foggy,Daylight,Rickshaw,1,Road Condition,1,0,0,0,2,0,Medium
2019,6,Saturday,22,KPK,Peshawar,Urban Road,Good,Clear,No Light,Car/Taxi,2,Signal Violation,0,1,1,0,1,1,Medium
2022,6,Monday,11,Balochistan,Khuzdar,Provincial Highway,Good,Clear,Daylight,Bus/Coach,1,Wrong Overtaking,0,0,0,0,3,2,Medium
2018,4,Sunday,18,Punjab,Rahim Yar Khan,Provincial Highway,Good,Clear,Daylight,Car/Taxi,2,Over Speeding,1,1,0,0,3,0,Medium
2023,9,Saturday,19,Sindh,Dadu,Urban Road,Average,Clear,Dawn/Dusk,Motorcycle,2,Mobile Phone Use,1,1,0,0,2,0,Low
2020,5,Tuesday,12,Punjab,Sargodha,National Highway,Average,Foggy,Daylight,Car/Taxi,1,Over Speeding,1,0,0,0,10,0,High
2019,7,Sunday,19,Punjab,Lahore,Rural Road,Average,Rainy,Dawn/Dusk,Car/Taxi,1,Over Speeding,1,1,0,0,5,0,Medium
2021,11,Friday,16,Sindh,Mirpur Khas,Provincial Highway,Good,Clear,No Light,Car/Taxi,1,Signal Violation,0,0,0,1,2,0,Low
2023,9,Sunday,6,Sindh,Kashmore,Urban Road,Good,Clear,No Light,Car/Taxi,2,Road Condition,0,1,0,0,1,0,Low
2020,12,Friday,10,Sindh,Sukkur,Provincial Highway,Average,Clear,Daylight,Truck/Lorry,2,Driver Fatigue,0,0,0,1,4,0,Medium
2023,7,Sunday,18,KPK,Mardan,Rural Road,Poor,Rainy,Daylight,Motorcycle,1,Wrong Overtaking,1,1,0,0,3,1,Medium
2018,9,Friday,22,Sindh,Karachi,Urban Road,Poor,Foggy,No Light,Motorcycle,2,Over Speeding,0,0,1,0,8,0,High
2022,3,Monday,12,Islamabad,Islamabad,Provincial Highway,Average,Clear,Daylight,Rickshaw,2,Over Speeding,1,0,0,0,4,0,Medium
2021,10,Monday,1,KPK,Mardan,Provincial Highway,Good,Foggy,No Light,Rickshaw,4,Mechanical Failure,0,0,1,0,5,2,Medium