year,month,day_of_week,hour_of_day,province,district,road_type,road_condition,weather_condition,lighting_condition,vehicle_type,vehicles_involved,accident_cause,is_rush_hour,is_weekend,is_night,is_foggy_month,num_injured,num_killed,severity
2021,11,Sunday,12,AJK,Muzaffarabad,National Highway,Poor,Clear,Daylight,Motorcycle,1,Over Speeding,1,1,0,1,4,4,High
2021,11,Tuesday,13,KPK,Mansehra,National Highway,Poor,Clear,Daylight,Motorcycle,2,Road Condition,1,0,0,1,2,3,High
2023,7,Tuesday,22,Sindh,Dadu,National Highway,Average,Clear,Street Light,Motorcycle,3,Signal Violation,0,0,1,0,2,1,High
2023,8,Saturday,10,Punjab,Rawalpindi,Provincial Highway,Good,Clear,Daylight,Car/Taxi,4,Signal Violation,0,1,0,0,0,0,Low
2022,6,Wednesday,14,KPK,Dera Ismail Khan,Motorway,Average,Rainy,Daylight,Motorcycle,2,Wrong Overtaking,0,0,0,0,10,0,High
2021,6,Wednesday,13,KPK,Dera Ismail Khan,National Highway,Good,Rainy,Daylight,Truck/Lorry,1,Pedestrian Error,1,0,0,0,3,0,Medium
2021,8,Friday,7,KPK,Peshawar,Motorway,Good,Dusty/Smoggy,Daylight,Motorcycle,2,Wrong Overtaking,1,0,0,0,11,2,High
2020,1,Sunday,23,KPK,Mansehra,Motorway,Average,Clear,No Light,Rickshaw,2,Signal Violation,0,1,1,1,4,0,Medium
2021,9,Tuesday,9,Balochistan,Zhob,Motorway,Good,Clear,Daylight,Motorcycle,2,Over Speeding,1,0,0,0,6,3,High
2019,4,Sunday,19,Punjab,Faisalabad,Provincial Highway,Good,Clear,Daylight,Rickshaw,2,Mobile Phone Use,1,1,0,0,1,0,Low
2022,7,Saturday,14,Sindh,Larkana,Provincial Highway,Average,Rainy,Daylight,Rickshaw,2,Road Condition,0,1,0,0,3,0,Medium
2021,5,Tuesday,18,Sindh,Mirpur Khas,Urban Road,Average,Clear,Daylight,Motorcycle,2,Mobile Phone Use,1,0,0,0,0,0,Low
2021,4,Sunday,20,Punjab,Sialkot,Provincial Highway,Average,Dusty/Smoggy,No Light,Motorcycle,2,Driver Fatigue,1,1,0,0,4,1,Medium
2020,1,Tuesday,23,AJK,Mirpur,National Highway,Good,Clear,Street Light,Rickshaw,1,Over Speeding,0,0,1,1,7,2,High
2021,2,Wednesday,9,KPK,Mardan,Provincial Highway,Poor,Clear,Street Light,Bus/Coach,2,Signal Violation,1,0,0,1,5,0,Medium
2018,1,Monday,12,Punjab,Gujranwala,Urban Road,Average,Clear,Daylight,Rickshaw,1,Mechanical Failure,1,0,0,1,2,0,Low
2020,10,Sunday,21,Punjab,Gujranwala,Provincial Highway,Good,Foggy,No Light,Car/Taxi,2,Over Speeding,0,1,0,0,3,0,High
2023,4,Friday,19,KPK,Dera Ismail Khan,Provincial Highway,Poor,Clear,Street Light,Motorcycle,4,Wrong Overtaking,1,0,0,0,2,1,Medium
2023,6,Wednesday,15,Punjab,Faisalabad,Rural Road,Poor,Rainy,Daylight,Motorcycle,1,Wrong Overtaking,0,0,0,0,3,0,Medium
2018,3,Monday,5,Sindh,Jacobabad,Motorway,Average,Clear,No Light,Van/Pickup,3,Over Speeding,0,0,1,0,9,1,High
2018,12,Friday,9,Punjab,Rahim Yar Khan,National Highway,Average,Clear,Daylight,Bus/Coach,3,Signal Violation,1,0,0,1,7,0,High
2018,7,Saturday,6,Balochistan,Turbat,Rural Road,Average,Clear,Daylight,Motorcycle,2,Over Speeding,0,1,0,0,10,1,High
2023,6,Wednesday,18,KPK,Peshawar,National Highway,Poor,Foggy,Daylight,Motorcycle,2,Drunk Driving,1,0,0,0,8,1,High
2023,12,Wednesday,21,Punjab,Sialkot,Motorway,Average,Clear,Street Light,Van/Pickup,3,Signal Violation,0,0,0,1,3,0,Medium
2020,5,Sunday,12,Balochistan,Quetta,Rural Road,Average,Foggy,Daylight,Car/Taxi,1,Signal Violation,1,1,0,0,2,0,Low
2023,10,Wednesday,8,Balochistan,Gwadar,Rural Road,Good,Dusty/Smoggy,No Light,Motorcycle,3,Road Condition,1,0,0,0,2,0,Low
2020,3,Monday,8,Sindh,Larkana,Provincial Highway,Good,Clear,Daylight,Motorcycle,2,Road Condition,1,0,0,0,4,1,Medium
2022,5,Saturday,13,Punjab,Sialkot,Provincial Highway,Average,Clear,Daylight,Motorcycle,2,Mobile Phone Use,1,1,0,0,4,0,Medium
2021,3,Monday,18,KPK,Kohat,National Highway,Good,Clear,Daylight,Rickshaw,2,Over Speeding,1,0,0,0,3,0,Medium
2022,5,Tuesday,11,Punjab,Multan,National Highway,Poor,Rainy,Dawn/Dusk,Truck/Lorry,1,Mechanical Failure,0,0,0,0,2,0,Medium
2021,5,Wednesday,19,Sindh,Nawabshah,Urban Road,Good,Clear,Dawn/Dusk,Motorcycle,2,Pedestrian Error,1,0,0,0,2,0,Low
2021,5,Saturday,8,Punjab,Rahim Yar Khan,National Highway,Average,Dusty/Smoggy,Daylight,Motorcycle,2,Pedestrian Error,1,1,0,0,1,0,Medium
2023,11,Monday,12,Sindh,Mirpur Khas,Rural Road,Average,Foggy,Daylight,Motorcycle,2,Mechanical Failure,1,0,0,1,4,2,Medium
2018,9,Saturday,19,Punjab,Sargodha,Rural Road,Good,Clear,Dawn/Dusk,Bus/Coach,2,Over Speeding,1,1,0,0,2,1,Medium
2020,5,Friday,20,KPK,Kohat,Urban Road,Poor,Foggy,Street Light,Truck/Lorry,3,Driver Fatigue,1,0,0,0,5,0,Medium
2021,6,Thursday,6,Punjab,Sheikhupura,Urban Road,Poor,Clear,Daylight,Motorcycle,2,Wrong Overtaking,0,0,0,0,0,0,Low
2019,4,Sunday,8,Sindh,Sukkur,Rural Road,Average,Clear,No Light,Motorcycle,1,Over Speeding,1,1,0,0,5,2,Medium
2018,2,Friday,21,KPK,Mardan,Provincial Highway,Poor,Foggy,No Light,Motorcycle,1,Driver Fatigue,0,0,0,1,7,3,High
2023,8,Saturday,18,Punjab,Lahore,National Highway,Under Repair,Foggy,Daylight,Rickshaw,4,Road Condition,1,1,0,0,1,0,Low
2019,6,Saturday,3,KPK,Kohat,Provincial Highway,Average,Clear,Street Light,Motorcycle,2,Driver Fatigue,0,1,1,0,10,4,High
2023,12,Sunday,21,Punjab,Bahawalpur,Rural Road,Good,Clear,Street Light,Motorcycle,1,Wrong Overtaking,0,1,0,1,3,0,Medium
2020,7,Thursday,19,KPK,Bannu,National Highway,Poor,Clear,Dawn/Dusk,Motorcycle,1,Signal Violation,1,0,0,0,11,1,High
2019,12,Wednesday,2,Sindh,Sukkur,Urban Road,Poor,Dusty/Smoggy,Street Light,Motorcycle,2,Over Speeding,0,0,1,1,11,2,High
2020,8,Saturday,20,Sindh,Jacobabad,Motorway,Good,Rainy,No Light,Van/Pickup,2,Mechanical Failure,1,1,0,0,0,1,Low
2019,2,Tuesday,8,Punjab,Multan,Rural Road,Under Repair,Rainy,Daylight,Motorcycle,3,Wrong Overtaking,1,0,0,1,4,1,Medium
2019,5,Sunday,22,Punjab,Sargodha,National Highway,Average,Dusty/Smoggy,No Light,Rickshaw,3,Signal Violation,0,1,1,0,5,1,Medium
2022,6,Saturday,16,Punjab,Gujranwala,Urban Road,Average,Clear,Dawn/Dusk,Truck/Lorry,1,Wrong Overtaking,0,1,0,0,1,0,Low
2021,10,Tuesday,17,Balochistan,Zhob,Provincial Highway,Average,Clear,Daylight,Rickshaw,1,Over Speeding,1,0,0,0,3,1,Medium
2021,11,Saturday,22,Sindh,Thatta,Urban Road,Good,Clear,Street Light,Motorcycle,4,Wrong Overtaking,0,1,1,1,2,1,High
2020,11,Monday,17,AJK,Mirpur,Urban Road,Good,Rainy,Dawn/Dusk,Van/Pickup,1,Wrong Overtaking,1,0,0,1,0,0,Low
2019,12,Wednesday,7,Balochistan,Dera Bugti,Urban Road,Good,Clear,Daylight,Bus/Coach,2,Signal Violation,1,0,0,1,1,0,Low
2020,9,Saturday,8,Balochistan,Sibi,National Highway,Average,Clear,Dawn/Dusk,Car/Taxi,3,Mechanical Failure,1,1,0,0,3,0,Medium
2022,11,Thursday,12,Sindh,Thatta,Urban Road,Good,Clear,Daylight,Motorcycle,2,Road Condition,1,0,0,1,2,0,Low
2021,5,Wednesday,13,Punjab,Sialkot,Rural Road,Poor,Clear,Daylight,Motorcycle,1,Road Condition,1,0,0,0,3,0,Medium
2020,7,Wednesday,19,Balochistan,Hub,Provincial Highway,Good,Clear,Dawn/Dusk,Car/Taxi,1,Mechanical Failure,1,0,0,0,2,0,Low
2018,12,Saturday,17,Punjab,Multan,Provincial Highway,Average,Clear,Daylight,Bus/Coach,2,Road Condition,1,1,0,1,2,0,Low
2020,12,Tuesday,8,Sindh,Hyderabad,National Highway,Good,Clear,Daylight,Motorcycle,2,Signal Violation,1,0,0,1,1,1,Medium
2021,12,Friday,18,Balochistan,Chaman,Urban Road,Average,Clear,Daylight,Motorcycle,1,Over Speeding,1,0,0,1,3,4,High
2020,6,Monday,1,Sindh,Sukkur,Provincial Highway,Average,Clear,No Light,Motorcycle,3,Over Speeding,0,0,1,0,10,2,High
2018,7,Sunday,1,Punjab,Sialkot,Urban Road,Good,Clear,No Light,Rickshaw,2,Signal Violation,0,1,1,0,1,0,Medium
2019,1,Monday,10,Punjab,Lahore,Provincial Highway,Average,Dusty/Smoggy,Dawn/Dusk,Truck/Lorry,3,Weather Condition,0,0,0,1,2,0,Low
2018,12,Thursday,18,AJK,Muzaffarabad,Provincial Highway,Average,Clear,No Light,Bicycle,2,Wrong Overtaking,1,0,0,1,3,0,Medium
2019,8,Wednesday,18,Gilgit-Baltistan,Hunza,Rural Road,Under Repair,Rainy,Daylight,Car/Taxi,4,Over Speeding,1,0,0,0,4,1,Medium
2022,12,Wednesday,19,KPK,Peshawar,National Highway,Poor,Foggy,Street Light,Rickshaw,3,Pedestrian Error,1,0,0,1,5,0,Medium
2022,11,Sunday,9,Balochistan,Loralai,National Highway,Poor,Extreme Heat,Daylight,Motorcycle,2,Wrong Overtaking,1,1,0,1,7,1,High
2022,10,Monday,6,Punjab,Bahawalpur,Urban Road,Poor,Clear,Daylight,Bus/Coach,2,Signal Violation,0,0,0,0,0,0,Low
2018,11,Friday,17,Punjab,Rahim Yar Khan,Provincial Highway,Average,Clear,Daylight,Car/Taxi,1,Wrong Overtaking,1,0,0,1,0,0,Low
2018,12,Wednesday,11,Punjab,Sheikhupura,Urban Road,Good,Rainy,Daylight,Van/Pickup,4,Pedestrian Error,0,0,0,1,0,0,Low
2018,6,Friday,23,Punjab,Multan,Rural Road,Poor,Dusty/Smoggy,Street Light,Motorcycle,2,Over Speeding,0,0,1,0,11,1,High
2020,8,Saturday,13,Punjab,Faisalabad,Provincial Highway,Average,Clear,Street Light,Rickshaw,2,Signal Violation,1,1,0,0,5,1,Medium
2020,7,Friday,5,Punjab,Bahawalpur,Motorway,Good,Clear,Dawn/Dusk,Car/Taxi,2,Pedestrian Error,0,0,1,0,0,1,Low
2019,9,Sunday,11,Sindh,Dadu,Provincial Highway,Good,Clear,Daylight,Truck/Lorry,1,Mechanical Failure,0,1,0,0,0,0,Low
2023,4,Saturday,18,Punjab,Multan,Urban Road,Good,Rainy,Daylight,Rickshaw,2,Wrong Overtaking,1,1,0,0,2,0,Low
2022,10,Saturday,19,Punjab,Sialkot,Rural Road,Poor,Foggy,No Light,Motorcycle,2,Over Speeding,1,1,0,0,11,1,High
2020,5,Tuesday,8,Balochistan,Hub,Provincial Highway,Poor,Rainy,Daylight,Truck/Lorry,2,Road Condition,1,0,0,0,3,0,Medium
2019,8,Tuesday,16,Punjab,Sheikhupura,National Highway,Under Repair,Rainy,Daylight,Motorcycle,3,Over Speeding,0,0,0,0,8,1,High
2019,10,Friday,13,Punjab,Multan,National Highway,Good,Clear,Daylight,Rickshaw,2,Wrong Overtaking,1,0,0,0,2,0,Low
2021,7,Saturday,16,Punjab,Sargodha,Provincial Highway,Poor,Clear,Daylight,Motorcycle,1,Over Speeding,0,1,0,0,10,1,High
2022,8,Wednesday,15,KPK,Mardan,Rural Road,Average,Clear,No Light,Motorcycle,2,Wrong Overtaking,0,0,0,0,2,0,Low
2019,11,Wednesday,18,Sindh,Karachi,Provincial Highway,Average,Clear,Daylight,Bus/Coach,2,Signal Violation,1,0,0,1,5,1,Medium
2021,11,Sunday,13,Sindh,Karachi,Provincial Highway,Under Repair,Clear,Daylight,Van/Pickup,2,Over Speeding,1,1,0,1,3,0,Medium
2023,6,Monday,21,Punjab,Gujranwala,Rural Road,Average,Rainy,No Light,Rickshaw,4,Wrong Overtaking,0,0,0,0,0,0,Low
2021,10,Saturday,17,Sindh,Jacobabad,Rural Road,Average,Clear,Street Light,Motorcycle,3,Wrong Overtaking,1,1,0,0,5,0,Medium
2022,1,Thursday,15,Punjab,Gujranwala,Rural Road,Average,Rainy,Daylight,Car/Taxi,1,Wrong Overtaking,0,0,0,1,0,0,Low
2023,8,Friday,17,Punjab,Multan,Urban Road,Good,Clear,Daylight,Motorcycle,2,Signal Violation,1,0,0,0,1,0,Medium
2022,6,Wednesday,17,Sindh,Dadu,National Highway,Good,Clear,Dawn/Dusk,Motorcycle,1,Road Condition,1,0,0,0,6,2,High
2021,12,Sunday,7,Balochistan,Turbat,Provincial Highway,Average,Rainy,Daylight,Motorcycle,1,Road Condition,1,1,0,1,3,2,Medium
2019,1,Tuesday,13,Punjab,Faisalabad,Provincial Highway,Average,Clear,Street Light,Motorcycle,3,Over Speeding,1,0,0,1,1,0,Medium
2018,2,Saturday,22,KPK,Dera Ismail Khan,National Highway,Good,Foggy,No Light,Motorcycle,2,Over Speeding,0,1,1,1,8,4,High
2021,6,Friday,18,Punjab,Lahore,Provincial Highway,Good,Clear,Daylight,Bicycle,1,Over Speeding,1,0,0,0,1,2,Medium
2019,6,Friday,9,Punjab,Gujranwala,National Highway,Under Repair,Dusty/Smoggy,Daylight,Motorcycle,4,Mobile Phone Use,1,0,0,0,1,1,Medium
2023,12,Sunday,18,Punjab,Gujranwala,National Highway,Good,Foggy,Daylight,Bus/Coach,2,Over Speeding,1,1,0,1,3,2,High
2022,5,Sunday,21,Balochistan,Quetta,Urban Road,Under Repair,Clear,No Light,Motorcycle,2,Over Speeding,0,1,0,0,1,0,Medium
2021,6,Wednesday,19,Punjab,Sialkot,Urban Road,Poor,Clear,No Light,Truck/Lorry,2,Wrong Overtaking,1,0,0,0,0,0,Low
2018,4,Monday,18,Sindh,Mirpur Khas,Provincial Highway,Good,Clear,Daylight,Car/Taxi,1,Wrong Overtaking,1,0,0,0,2,0,Low
2019,8,Sunday,8,Punjab,Sargodha,Provincial Highway,Good,Clear,Daylight,Motorcycle,2,Mechanical Failure,1,1,0,0,3,1,Medium
2019,12,Friday,11,Sindh,Karachi,Motorway,Poor,Clear,Daylight,Motorcycle,4,Wrong Overtaking,0,0,0,1,7,4,High
2020,11,Monday,13,Punjab,Rawalpindi,National Highway,Good,Foggy,Daylight,Car/Taxi,1,Pedestrian Error,1,0,0,1,4,0,Medium
2022,9,Friday,8,Punjab,Rahim Yar Khan,Provincial Highway,Good,Clear,Daylight,Motorcycle,3,Signal Violation,1,0,0,0,1,0,Medium
2021,5,Friday,11,KPK,Bannu,National Highway,Good,Extreme Heat,Daylight,Motorcycle,2,Wrong Overtaking,0,0,0,0,3,1,High
2023,3,Wednesday,18,KPK,Mansehra,Rural Road,Poor,Foggy,Daylight,Car/Taxi,2,Over Speeding,1,0,0,0,2,0,Medium
2023,2,Saturday,17,Punjab,Faisalabad,National Highway,Average,Extreme Heat,Daylight,Car/Taxi,1,Mechanical Failure,1,1,0,1,1,0,Low
2023,12,Saturday,18,Sindh,Dadu,Rural Road,Average,Clear,Daylight,Rickshaw,1,Over Speeding,1,1,0,1,0,1,Low
2019,11,Tuesday,10,Punjab,Rawalpindi,Urban Road,Under Repair,Dusty/Smoggy,Street Light,Motorcycle,1,Pedestrian Error,0,0,0,1,1,0,Low
2019,5,Tuesday,16,KPK,Abbottabad,Rural Road,Poor,Clear,Daylight,Car/Taxi,2,Signal Violation,0,0,0,0,0,0,Low
2020,5,Friday,13,KPK,Mardan,Rural Road,Average,Foggy,Daylight,Rickshaw,2,Mechanical Failure,1,0,0,0,2,0,Low
2022,10,Saturday,9,Punjab,Gujranwala,Urban Road,Good,Rainy,Daylight,Motorcycle,2,Wrong Overtaking,1,1,0,0,4,1,Medium
2022,8,Sunday,9,Balochistan,Khuzdar,Urban Road,Good,Rainy,Daylight,Bus/Coach,2,Mobile Phone Use,1,1,0,0,2,0,Low
2022,12,Saturday,20,Punjab,Sialkot,Rural Road,Poor,Clear,Street Light,Bicycle,3,Driver Fatigue,1,1,0,1,10,1,High
2020,11,Friday,11,Punjab,Gujranwala,National Highway,Poor,Foggy,Dawn/Dusk,Bicycle,1,Over Speeding,0,0,0,1,3,3,High
2022,5,Saturday,7,KPK,Bannu,Urban Road,Under Repair,Dusty/Smoggy,Daylight,Rickshaw,2,Mobile Phone Use,1,1,0,0,2,0,Low
2023,12,Sunday,10,Punjab,Rahim Yar Khan,National Highway,Average,Clear,Daylight,Motorcycle,2,Drunk Driving,0,1,0,1,3,3,High
2019,6,Tuesday,1,Punjab,Rahim Yar Khan,Rural Road,Average,Clear,Street Light,Car/Taxi,1,Pedestrian Error,0,0,1,0,0,0,Low
2023,3,Friday,5,Punjab,Rawalpindi,Rural Road,Good,Extreme Heat,Dawn/Dusk,Motorcycle,1,Mechanical Failure,0,0,1,0,2,0,Low
2018,8,Wednesday,12,KPK,Abbottabad,Urban Road,Good,Clear,Daylight,Motorcycle,3,Over Speeding,1,0,0,0,7,0,High
2021,9,Thursday,9,Punjab,Multan,Rural Road,Good,Clear,Daylight,Car/Taxi,3,Driver Fatigue,1,0,0,0,1,0,Low
2023,11,Saturday,5,Punjab,Gujranwala,Motorway,Poor,Clear,No Light,Car/Taxi,2,Over Speeding,0,1,1,1,3,1,High
2020,12,Monday,12,Punjab,Rahim Yar Khan,National Highway,Poor,Foggy,Daylight,Bicycle,2,Wrong Overtaking,1,0,0,1,5,0,High
2021,4,Saturday,23,Punjab,Bahawalpur,National Highway,Poor,Extreme Heat,Street Light,Motorcycle,3,Wrong Overtaking,0,1,1,0,8,3,High
2019,11,Monday,13,KPK,Mardan,Provincial Highway,Average,Rainy,Daylight,Car/Taxi,2,Signal Violation,1,0,0,1,4,0,Medium
2023,7,Wednesday,14,Punjab,Rahim Yar Khan,Rural Road,Poor,Foggy,Daylight,Car/Taxi,1,Pedestrian Error,0,0,0,0,2,1,Low
2019,4,Monday,17,KPK,Peshawar,Rural Road,Good,Foggy,Street Light,Motorcycle,2,Driver Fatigue,1,0,0,0,5,1,Medium
2023,5,Wednesday,17,Sindh,Jacobabad,Rural Road,Good,Clear,No Light,Motorcycle,1,Signal Violation,1,0,0,0,2,0,Low
2020,4,Saturday,11,Punjab,Bahawalpur,Rural Road,Under Repair,Foggy,Daylight,Car/Taxi,1,Signal Violation,0,1,0,0,0,0,Low
2023,2,Thursday,13,Sindh,Mirpur Khas,Rural Road,Average,Extreme Heat,Daylight,Motorcycle,1,Road Condition,1,0,0,1,1,0,Low
2020,3,Friday,17,KPK,Charsadda,Provincial Highway,Good,Clear,Daylight,Rickshaw,2,Signal Violation,1,0,0,0,1,1,Low
2023,3,Friday,6,Sindh,Thatta,Rural Road,Poor,Clear,Daylight,Rickshaw,1,Road Condition,0,0,0,0,1,0,Low
2020,11,Thursday,15,Balochistan,Gwadar,Provincial Highway,Good,Clear,Daylight,Car/Taxi,2,Over Speeding,0,0,0,1,2,0,Low
2023,10,Wednesday,8,Islamabad,Islamabad,Rural Road,Good,Foggy,Daylight,Bus/Coach,3,Over Speeding,1,0,0,0,9,2,High
2018,3,Wednesday,12,KPK,Dera Ismail Khan,Rural Road,Good,Clear,Daylight,Van/Pickup,2,Over Speeding,1,0,0,0,4,1,Medium
2020,3,Friday,11,AJK,Rawalakot,Provincial Highway,Good,Rainy,Daylight,Rickshaw,2,Over Speeding,0,0,0,0,4,1,Medium
2019,4,Sunday,9,Sindh,Sukkur,National Highway,Average,Clear,Street Light,Bicycle,3,Drunk Driving,1,1,0,0,10,0,High
2018,11,Saturday,20,Punjab,Sheikhupura,Provincial Highway,Average,Foggy,Street Light,Bus/Coach,1,Signal Violation,1,1,0,1,9,2,High
2020,12,Wednesday,12,Sindh,Larkana,National Highway,Good,Extreme Heat,Daylight,Car/Taxi,2,Road Condition,1,0,0,1,2,0,Low
2023,5,Friday,23,Punjab,Sialkot,Urban Road,Average,Clear,Street Light,Motorcycle,2,Driver Fatigue,0,0,1,0,4,1,High
2023,6,Sunday,10,Punjab,Faisalabad,Urban Road,Good,Rainy,Daylight,Truck/Lorry,1,Wrong Overtaking,0,1,0,0,1,0,Medium
2019,9,Thursday,16,Sindh,Jacobabad,Provincial Highway,Poor,Extreme Heat,Daylight,Motorcycle,2,Over Speeding,0,0,0,0,6,0,High
2022,5,Tuesday,8,Punjab,Sargodha,Urban Road,Good,Clear,Daylight,Van/Pickup,2,Pedestrian Error,1,0,0,0,0,0,Low
2021,3,Saturday,20,Punjab,Sialkot,Provincial Highway,Average,Clear,No Light,Car/Taxi,1,Signal Violation,1,1,0,0,2,0,Low
2022,12,Friday,9,Punjab,Lahore,Urban Road,Average,Rainy,Street Light,Car/Taxi,2,Wrong Overtaking,1,0,0,1,0,0,Low
2022,2,Thursday,0,Punjab,Faisalabad,National Highway,Good,Clear,No Light,Car/Taxi,3,Over Speeding,0,0,1,1,8,2,High
2023,11,Saturday,8,Punjab,Rawalpindi,Urban Road,Average,Foggy,Daylight,Motorcycle,2,Mobile Phone Use,1,1,0,1,2,0,Medium
2020,7,Monday,17,KPK,Abbottabad,Urban Road,Good,Clear,Daylight,Bus/Coach,2,Over Speeding,1,0,0,0,2,1,Medium
2023,5,Saturday,19,Punjab,Sialkot,National Highway,Poor,Clear,Dawn/Dusk,Motorcycle,2,Wrong Overtaking,1,1,0,0,3,0,Medium
2023,10,Thursday,19,KPK,Charsadda,National Highway,Average,Clear,Dawn/Dusk,Car/Taxi,2,Over Speeding,1,0,0,0,5,1,Medium
2021,5,Monday,11,Balochistan,Khuzdar,National Highway,Average,Rainy,Daylight,Motorcycle,1,Over Speeding,0,0,0,0,10,2,High
2022,12,Tuesday,8,KPK,Swat,Rural Road,Good,Rainy,Daylight,Car/Taxi,4,Wrong Overtaking,1,0,0,1,2,0,Low
2021,9,Saturday,3,Punjab,Sheikhupura,Urban Road,Good,Rainy,Street Light,Motorcycle,2,Wrong Overtaking,0,1,1,0,6,2,High
2021,1,Friday,9,KPK,Charsadda,Provincial Highway,Poor,Foggy,Daylight,Motorcycle,1,Mechanical Failure,1,0,0,1,2,0,Medium
2019,5,Monday,12,Punjab,Bahawalpur,Rural Road,Under Repair,Clear,Daylight,Motorcycle,3,Over Speeding,1,0,0,0,8,1,High
2023,9,Monday,8,KPK,Peshawar,Rural Road,Good,Clear,Daylight,Car/Taxi,1,Weather Condition,1,0,0,0,1,0,Low
2023,8,Tuesday,6,Punjab,Sheikhupura,National Highway,Good,Rainy,Daylight,Van/Pickup,1,Over Speeding,0,0,0,0,9,4,High
2023,4,Wednesday,12,Sindh,Jacobabad,Motorway,Good,Rainy,Daylight,Motorcycle,3,Over Speeding,1,0,0,0,4,0,High
2019,6,Saturday,9,KPK,Dera Ismail Khan,Rural Road,Good,Foggy,Daylight,Car/Taxi,2,Over Speeding,1,1,0,0,0,0,Low
2020,5,Tuesday,7,Sindh,Larkana,Provincial Highway,Poor,Foggy,Daylight,Motorcycle,1,Pedestrian Error,1,0,0,0,2,0,Medium
2018,7,Friday,21,Sindh,Nawabshah,Urban Road,Good,Foggy,Street Light,Motorcycle,2,Wrong Overtaking,0,0,0,0,4,1,High
2022,3,Sunday,20,Punjab,Lahore,Provincial Highway,Good,Clear,No Light,Motorcycle,1,Road Condition,1,1,0,0,2,1,Medium
2020,2,Monday,8,Sindh,Thatta,Provincial Highway,Poor,Rainy,Daylight,Motorcycle,1,Wrong Overtaking,1,0,0,1,3,0,High
2022,6,Tuesday,11,Sindh,Dadu,National Highway,Good,Dusty/Smoggy,Daylight,Car/Taxi,2,Over Speeding,0,0,0,0,4,0,Medium
2022,9,Monday,11,Sindh,Dadu,Urban Road,Good,Foggy,Daylight,Motorcycle,1,Wrong Overtaking,0,0,0,0,3,2,Medium
2022,6,Sunday,18,Punjab,Sheikhupura,National Highway,Good,Clear,Street Light,Car/Taxi,1,Pedestrian Error,1,1,0,0,2,0,Low
2023,1,Tuesday,16,Punjab,Lahore,Urban Road,Good,Extreme Heat,Daylight,Motorcycle,2,Pedestrian Error,0,0,0,1,1,0,Low
2021,1,Thursday,11,Punjab,Rahim Yar Khan,Urban Road,Average,Dusty/Smoggy,Daylight,Motorcycle,1,Signal Violation,0,0,0,1,1,0,Medium
2018,11,Friday,17,KPK,Dera Ismail Khan,Motorway,Good,Clear,Dawn/Dusk,Car/Taxi,2,Road Condition,1,0,0,1,1,0,Low
2019,11,Saturday,9,Sindh,Kashmore,National Highway,Average,Rainy,Daylight,Motorcycle,1,Wrong Overtaking,1,1,0,1,10,1,High
2023,12,Friday,8,Punjab,Sheikhupura,Urban Road,Good,Clear,Street Light,Motorcycle,1,Driver Fatigue,1,0,0,1,2,3,High
2023,4,Friday,13,Punjab,Rahim Yar Khan,National Highway,Good,Clear,Daylight,Motorcycle,3,Over Speeding,1,0,0,0,6,4,High
2019,5,Friday,16,Sindh,Nawabshah,Urban Road,Average,Clear,Daylight,Bus/Coach,2,Over Speeding,0,0,0,0,4,2,Medium
2021,3,Sunday,12,Balochistan,Zhob,Provincial Highway,Good,Foggy,Daylight,Bus/Coach,1,Wrong Overtaking,1,1,0,0,3,1,High
2023,1,Saturday,19,Punjab,Lahore,Provincial Highway,Under Repair,Clear,No Light,Motorcycle,4,Over Speeding,1,1,0,1,4,0,High
2021,3,Wednesday,15,Sindh,Hyderabad,Urban Road,Poor,Dusty/Smoggy,Street Light,Motorcycle,2,Over Speeding,0,0,0,0,1,0,Medium
2019,11,Sunday,17,Balochistan,Dera Bugti,Urban Road,Poor,Clear,Dawn/Dusk,Rickshaw,1,Road Condition,1,1,0,1,0,0,Low
2023,7,Sunday,17,Punjab,Bahawalpur,Urban Road,Poor,Extreme Heat,Daylight,Rickshaw,2,Signal Violation,1,1,0,0,0,0,Low
2020,8,Tuesday,22,Punjab,Faisalabad,National Highway,Good,Clear,Street Light,Motorcycle,1,Over Speeding,0,0,1,0,9,2,High
2021,12,Wednesday,13,Balochistan,Dera Bugti,Rural Road,Average,Clear,Daylight,Truck/Lorry,2,Over Speeding,1,0,0,1,3,1,Medium
2022,6,Wednesday,18,Punjab,Sheikhupura,Rural Road,Average,Rainy,Street Light,Bicycle,1,Over Speeding,1,0,0,0,4,0,High
2023,10,Tuesday,16,Sindh,Larkana,National Highway,Good,Clear,Daylight,Van/Pickup,2,Over Speeding,0,0,0,0,3,0,Medium
2018,7,Saturday,8,Sindh,Larkana,National Highway,Good,Extreme Heat,Street Light,Motorcycle,2,Wrong Overtaking,1,1,0,0,5,0,Medium
2020,10,Friday,8,Punjab,Gujranwala,Provincial Highway,Good,Foggy,Daylight,Bus/Coach,2,Mobile Phone Use,1,0,0,0,1,0,Low
2021,9,Wednesday,15,Punjab,Sargodha,Urban Road,Average,Rainy,Daylight,Bus/Coach,2,Mechanical Failure,0,0,0,0,4,1,Medium
2019,10,Saturday,14,Sindh,Karachi,Provincial Highway,Good,Clear,Daylight,Car/Taxi,3,Over Speeding,0,1,0,0,2,0,Medium
2019,5,Friday,14,KPK,Bannu,Provincial Highway,Average,Clear,No Light,Truck/Lorry,4,Wrong Overtaking,0,0,0,0,3,0,Medium
2020,9,Monday,11,Punjab,Sialkot,Motorway,Good,Dusty/Smoggy,Daylight,Car/Taxi,3,Wrong Overtaking,0,0,0,0,5,1,Medium