year,month,day_of_week,hour_of_day,province,district,road_type,road_condition,weather_condition,lighting_condition,vehicle_type,vehicles_involved,accident_cause,is_rush_hour,is_weekend,is_night,is_foggy_month,num_injured,num_killed,severity
2021,11,Monday,14,KPK,Kohat,Provincial Highway,Good,Rainy,Daylight,Motorcycle,2,Over Speeding,0,0,0,1,4,0,High
2021,11,Monday,19,Sindh,Mirpur Khas,Urban Road,Good,Extreme Heat,Dawn/Dusk,Motorcycle,3,Wrong Overtaking,1,0,0,1,5,2,Medium
2023,5,Monday,18,Punjab,Lahore,Rural Road,Good,Clear,Dawn/Dusk,Motorcycle,4,Mechanical Failure,1,0,0,0,0,1,Low
2019,4,Thursday,8,KPK,Peshawar,National Highway,Poor,Extreme Heat,Dawn/Dusk,Truck/Lorry,2,Over Speeding,1,0,0,0,5,1,High
2023,5,Sunday,9,Punjab,Sargodha,Motorway,Good,Rainy,Daylight,Car/Taxi,3,Driver Fatigue,1,1,0,0,2,1,High
2021,4,Saturday,21,Sindh,Hyderabad,National Highway,Average,Dusty/Smoggy,No Light,Motorcycle,3,Pedestrian Error,0,1,0,0,5,0,Medium
2023,8,Sunday,16,Sindh,Larkana,Provincial Highway,Poor,Dusty/Smoggy,Daylight,Van/Pickup,3,Signal Violation,0,1,0,0,3,0,Medium
2019,2,Saturday,12,Sindh,Thatta,Urban Road,Good,Foggy,Dawn/Dusk,Bicycle,2,Drunk Driving,1,1,0,1,6,0,High
2019,10,Tuesday,8,Punjab,Sialkot,Urban Road,Under Repair,Clear,Daylight,Rickshaw,2,Drunk Driving,1,0,0,0,1,0,Low
2022,10,Friday,20,KPK,Swat,National Highway,Average,Clear,Street Light,Van/Pickup,1,Over Speeding,1,0,0,0,5,0,Medium
2019,12,Sunday,22,Sindh,Jacobabad,National Highway,Good,Clear,Street Light,Motorcycle,1,Over Speeding,0,1,1,1,9,1,High
2019,4,Tuesday,20,Sindh,Jacobabad,National Highway,Good,Clear,Street Light,Motorcycle,3,Mobile Phone Use,1,0,0,0,2,1,Medium
2020,12,Tuesday,9,Balochistan,Quetta,Urban Road,Poor,Clear,Daylight,Motorcycle,1,Signal Violation,1,0,0,1,2,0,Low
2021,12,Wednesday,13,Gilgit-Baltistan,Gilgit,National Highway,Good,Foggy,Daylight,Motorcycle,2,Wrong Overtaking,1,0,0,1,4,1,High
2022,8,Tuesday,4,Sindh,Mirpur Khas,Urban Road,Good,Clear,Street Light,Bus/Coach,1,Mechanical Failure,0,0,1,0,1,0,Low
2023,1,Friday,22,Punjab,Sargodha,National Highway,Poor,Rainy,No Light,Car/Taxi,1,Over Speeding,0,0,1,1,7,0,High
2022,2,Monday,20,KPK,Mansehra,National Highway,Good,Rainy,Street Light,Motorcycle,2,Over Speeding,1,0,0,1,7,0,High
2018,9,Thursday,9,Punjab,Lahore,Provincial Highway,Average,Extreme Heat,Daylight,Motorcycle,1,Signal Violation,1,0,0,0,9,2,High
2019,8,Wednesday,19,Sindh,Jacobabad,Provincial Highway,Average,Foggy,Dawn/Dusk,Motorcycle,2,Wrong Overtaking,1,0,0,0,3,1,High
2023,2,Monday,5,Sindh,Karachi,National Highway,Good,Rainy,Daylight,Motorcycle,2,Over Speeding,0,0,1,1,10,1,High
2023,12,Monday,6,AJK,Mirpur,Rural Road,Good,Clear,Daylight,Car/Taxi,2,Over Speeding,0,0,0,1,0,0,Low
2021,2,Tuesday,10,Gilgit-Baltistan,Skardu,Provincial Highway,Under Repair,Clear,Daylight,Motorcycle,4,Mobile Phone Use,0,0,0,1,5,0,Medium
2022,5,Saturday,19,KPK,Dera Ismail Khan,Provincial Highway,Good,Rainy,No Light,Car/Taxi,3,Over Speeding,1,1,0,0,2,0,Medium
2023,10,Friday,17,Sindh,Jacobabad,Rural Road,Average,Clear,Daylight,Motorcycle,3,Wrong Overtaking,1,0,0,0,2,1,Medium
2019,10,Wednesday,5,Sindh,Karachi,National Highway,Good,Rainy,Dawn/Dusk,Rickshaw,2,Over Speeding,0,0,1,0,2,0,High
2022,2,Tuesday,16,Punjab,Gujranwala,National Highway,Under Repair,Clear,Dawn/Dusk,Motorcycle,1,Road Condition,0,0,0,1,4,0,Medium
2018,7,Tuesday,23,KPK,Abbottabad,Rural Road,Poor,Clear,Street Light,Car/Taxi,1,Over Speeding,0,0,1,0,0,0,Low
2018,6,Saturday,17,KPK,Swat,Urban Road,Good,Clear,Daylight,Motorcycle,3,Road Condition,1,1,0,0,2,0,Medium
2023,10,Wednesday,18,KPK,Charsadda,National Highway,Poor,Foggy,Daylight,Bus/Coach,2,Over Speeding,1,0,0,0,5,1,High
2021,12,Wednesday,13,Punjab,Sheikhupura,Urban Road,Average,Clear,Daylight,Motorcycle,2,Over Speeding,1,0,0,1,3,0,Medium
2022,1,Monday,14,Punjab,Sialkot,Provincial Highway,Good,Clear,Daylight,Motorcycle,2,Mechanical Failure,0,0,0,1,2,0,Low
2019,5,Thursday,12,Sindh,Hyderabad,National Highway,Average,Extreme Heat,Daylight,Motorcycle,1,Pedestrian Error,1,0,0,0,5,0,Medium
2023,11,Friday,8,Punjab,Faisalabad,Rural Road,Under Repair,Foggy,Street Light,Motorcycle,1,Over Speeding,1,0,0,1,5,1,Medium
2022,4,Sunday,14,Punjab,Sheikhupura,Urban Road,Average,Rainy,Daylight,Car/Taxi,2,Road Condition,0,1,0,0,2,0,Low
2021,6,Thursday,11,Punjab,Sheikhupura,Urban Road,Average,Clear,Daylight,Motorcycle,2,Road Condition,0,0,0,0,2,1,Medium
2019,7,Friday,18,Islamabad,Islamabad,Motorway,Poor,Foggy,Daylight,Motorcycle,2,Over Speeding,1,0,0,0,8,2,High
2019,6,Thursday,3,KPK,Dera Ismail Khan,Rural Road,Good,Clear,No Light,Rickshaw,4,Road Condition,0,0,1,0,0,0,Low
2018,9,Monday,6,Sindh,Jacobabad,Provincial Highway,Good,Foggy,Daylight,Truck/Lorry,3,Wrong Overtaking,0,0,0,0,11,3,High
2023,6,Tuesday,23,Punjab,Multan,Provincial Highway,Poor,Clear,Street Light,Motorcycle,2,Over Speeding,0,0,1,0,8,1,High
2018,1,Monday,15,Punjab,Multan,Provincial Highway,Average,Clear,Daylight,Rickshaw,2,Road Condition,0,0,0,1,2,0,Low
2019,3,Saturday,15,Punjab,Faisalabad,Rural Road,Good,Clear,Daylight,Motorcycle,2,Drunk Driving,0,1,0,0,3,4,High
2020,11,Tuesday,15,Sindh,Kashmore,Motorway,Good,Clear,Daylight,Truck/Lorry,1,Mechanical Failure,0,0,0,1,2,0,Low
2022,6,Saturday,12,KPK,Mansehra,Rural Road,Good,Foggy,No Light,Motorcycle,1,Over Speeding,1,1,0,0,4,0,Medium
2020,2,Friday,15,Punjab,Sargodha,National Highway,Average,Foggy,Daylight,Motorcycle,3,Over Speeding,0,0,0,1,5,1,High
2023,7,Monday,0,Punjab,Sargodha,Rural Road,Poor,Clear,Street Light,Bus/Coach,2,Mechanical Failure,0,0,1,0,4,0,Medium
2023,4,Saturday,9,Punjab,Sialkot,National Highway,Good,Clear,Daylight,Motorcycle,1,Mobile Phone Use,1,1,0,0,11,2,High
2018,1,Tuesday,9,KPK,Mansehra,Provincial Highway,Good,Clear,Daylight,Car/Taxi,3,Wrong Overtaking,1,0,0,1,2,0,Low
2019,12,Friday,18,Balochistan,Hub,National Highway,Good,Foggy,Daylight,Bus/Coach,2,Over Speeding,1,0,0,1,6,2,High
2018,11,Friday,19,KPK,Charsadda,Provincial Highway,Good,Clear,Dawn/Dusk,Rickshaw,1,Wrong Overtaking,1,0,0,1,1,0,Medium
2021,4,Sunday,18,Sindh,Mirpur Khas,National Highway,Good,Clear,Daylight,Van/Pickup,4,Mechanical Failure,1,1,0,0,2,0,Low
2023,12,Tuesday,13,Punjab,Sheikhupura,Rural Road,Poor,Clear,Daylight,Car/Taxi,2,Signal Violation,1,0,0,1,1,1,Low
2023,2,Tuesday,16,KPK,Nowshera,Urban Road,Good,Clear,Daylight,Motorcycle,2,Driver Fatigue,0,0,0,1,1,1,Medium
2020,1,Thursday,5,Punjab,Faisalabad,National Highway,Good,Foggy,Dawn/Dusk,Rickshaw,2,Signal Violation,0,0,1,1,2,1,High
2023,5,Monday,6,Punjab,Rawalpindi,Provincial Highway,Average,Clear,Daylight,Truck/Lorry,2,Wrong Overtaking,0,0,0,0,1,1,Medium
2020,10,Sunday,15,Punjab,Bahawalpur,Rural Road,Poor,Clear,Daylight,Motorcycle,1,Over Speeding,0,1,0,0,5,0,Medium
2019,5,Saturday,18,Punjab,Sheikhupura,Urban Road,Good,Clear,Daylight,Car/Taxi,3,Signal Violation,1,1,0,0,0,0,Low
2023,3,Wednesday,8,Punjab,Bahawalpur,Urban Road,Good,Rainy,Daylight,Motorcycle,3,Drunk Driving,1,0,0,0,2,1,Medium
2023,3,Sunday,18,KPK,Mardan,Provincial Highway,Average,Clear,No Light,Car/Taxi,2,Drunk Driving,1,1,0,0,2,0,Low
2019,12,Monday,10,Punjab,Rahim Yar Khan,Provincial Highway,Poor,Clear,Daylight,Bicycle,1,Wrong Overtaking,0,0,0,1,8,1,High
2022,4,Wednesday,15,Balochistan,Hub,Rural Road,Poor,Foggy,Daylight,Van/Pickup,1,Over Speeding,0,0,0,0,0,0,Low
2021,6,Friday,13,Balochistan,Sibi,Urban Road,Poor,Rainy,Daylight,Rickshaw,2,Signal Violation,1,0,0,0,2,0,Low
2019,7,Sunday,19,Sindh,Thatta,Rural Road,Poor,Clear,Dawn/Dusk,Car/Taxi,4,Wrong Overtaking,1,1,0,0,0,0,Low
2023,10,Tuesday,17,Punjab,Multan,Rural Road,Average,Clear,Daylight,Car/Taxi,3,Mechanical Failure,1,0,0,0,1,0,Low
2021,2,Saturday,11,Sindh,Jacobabad,Rural Road,Good,Foggy,Daylight,Motorcycle,2,Signal Violation,0,1,0,1,2,0,High
2023,12,Thursday,14,KPK,Abbottabad,Rural Road,Average,Foggy,Daylight,Motorcycle,1,Mechanical Failure,0,0,0,1,2,0,Medium
2023,8,Thursday,19,Punjab,Rawalpindi,Rural Road,Average,Dusty/Smoggy,Dawn/Dusk,Car/Taxi,1,Drunk Driving,1,0,0,0,2,0,Low
2020,1,Sunday,13,KPK,Abbottabad,National Highway,Average,Clear,Daylight,Motorcycle,1,Over Speeding,1,1,0,1,4,2,High
2023,8,Friday,21,KPK,Mansehra,National Highway,Good,Rainy,Street Light,Rickshaw,3,Wrong Overtaking,0,0,0,0,1,0,Medium
2023,12,Thursday,10,AJK,Muzaffarabad,Provincial Highway,Average,Clear,Dawn/Dusk,Bus/Coach,1,Over Speeding,0,0,0,1,2,0,Medium
2020,1,Wednesday,16,KPK,Bannu,Provincial Highway,Poor,Foggy,Daylight,Truck/Lorry,2,Weather Condition,0,0,0,1,3,0,Medium
2018,11,Thursday,19,Punjab,Rawalpindi,National Highway,Poor,Clear,Dawn/Dusk,Rickshaw,3,Pedestrian Error,1,0,0,1,2,0,Medium
2021,1,Friday,16,Sindh,Sukkur,Provincial Highway,Good,Clear,Daylight,Car/Taxi,2,Signal Violation,0,0,0,1,2,0,Low
2022,12,Friday,20,Punjab,Bahawalpur,Provincial Highway,Good,Rainy,Street Light,Motorcycle,1,Wrong Overtaking,1,0,0,1,4,1,High
2021,3,Tuesday,17,Punjab,Bahawalpur,Rural Road,Good,Clear,Daylight,Rickshaw,4,Over Speeding,1,0,0,0,1,0,Low
2019,6,Tuesday,18,KPK,Dera Ismail Khan,Provincial Highway,Average,Rainy,Daylight,Bus/Coach,4,Signal Violation,1,0,0,0,4,1,Medium
2021,6,Monday,10,Balochistan,Loralai,Urban Road,Poor,Extreme Heat,Daylight,Car/Taxi,2,Over Speeding,0,0,0,0,4,0,Medium
2020,7,Saturday,16,AJK,Muzaffarabad,Rural Road,Good,Clear,Daylight,Truck/Lorry,4,Road Condition,0,1,0,0,2,1,Low
2019,3,Sunday,23,Punjab,Gujranwala,National Highway,Good,Rainy,No Light,Van/Pickup,1,Driver Fatigue,0,1,1,0,8,0,High
2019,6,Thursday,7,Punjab,Sheikhupura,Provincial Highway,Good,Foggy,Daylight,Motorcycle,2,Mechanical Failure,1,0,0,0,3,0,Medium
2019,12,Thursday,3,Sindh,Jacobabad,Urban Road,Average,Clear,No Light,Motorcycle,3,Over Speeding,0,0,1,1,9,1,High
2020,12,Friday,10,Punjab,Rawalpindi,Urban Road,Good,Clear,Daylight,Motorcycle,2,Pedestrian Error,0,0,0,1,2,0,Low
2020,5,Wednesday,17,Punjab,Bahawalpur,National Highway,Good,Clear,Dawn/Dusk,Motorcycle,1,Pedestrian Error,1,0,0,0,2,1,Medium
2018,6,Saturday,18,KPK,Kohat,Provincial Highway,Average,Extreme Heat,Daylight,Motorcycle,2,Signal Violation,1,1,0,0,3,4,High
2023,11,Friday,21,KPK,Dera Ismail Khan,National Highway,Poor,Foggy,Street Light,Motorcycle,1,Signal Violation,0,0,0,1,9,1,High
2021,10,Tuesday,14,Balochistan,Turbat,Rural Road,Good,Dusty/Smoggy,Daylight,Other,2,Drunk Driving,0,0,0,0,0,0,Low
2020,8,Wednesday,0,Sindh,Hyderabad,Provincial Highway,Average,Foggy,Street Light,Rickshaw,2,Over Speeding,0,0,1,0,3,2,High
2022,12,Saturday,17,Sindh,Nawabshah,Provincial Highway,Good,Clear,Street Light,Other,3,Wrong Overtaking,1,1,0,1,0,0,Low
2021,6,Monday,10,KPK,Abbottabad,Motorway,Good,Clear,Daylight,Bicycle,2,Over Speeding,0,0,0,0,8,3,High
2020,6,Tuesday,19,Punjab,Sialkot,Rural Road,Under Repair,Rainy,Dawn/Dusk,Van/Pickup,2,Pedestrian Error,1,0,0,0,0,0,Low
2018,4,Tuesday,22,KPK,Abbottabad,Provincial Highway,Poor,Rainy,Street Light,Motorcycle,1,Over Speeding,0,0,1,0,10,1,High
2018,5,Monday,12,Punjab,Multan,National Highway,Good,Rainy,Daylight,Truck/Lorry,2,Over Speeding,1,0,0,0,3,1,High
2022,1,Monday,14,KPK,Dera Ismail Khan,Urban Road,Good,Rainy,Daylight,Motorcycle,3,Drunk Driving,0,0,0,1,7,0,High
2018,8,Saturday,10,KPK,Mansehra,Urban Road,Average,Clear,Daylight,Motorcycle,1,Over Speeding,0,1,0,0,9,2,High
2020,8,Wednesday,8,Punjab,Sargodha,Provincial Highway,Poor,Foggy,Street Light,Motorcycle,2,Mobile Phone Use,1,0,0,0,4,1,High
2022,12,Friday,8,KPK,Peshawar,Provincial Highway,Average,Clear,Daylight,Rickshaw,2,Road Condition,1,0,0,1,1,0,Low
2023,11,Saturday,8,Punjab,Sheikhupura,Rural Road,Average,Clear,Daylight,Motorcycle,3,Signal Violation,1,1,0,1,3,1,Medium
2023,9,Thursday,8,Sindh,Jacobabad,National Highway,Good,Clear,Daylight,Motorcycle,3,Over Speeding,1,0,0,0,10,3,High
2018,5,Monday,17,KPK,Bannu,National Highway,Good,Clear,Dawn/Dusk,Rickshaw,1,Weather Condition,1,0,0,0,2,0,Medium
2022,10,Saturday,16,KPK,Peshawar,Urban Road,Average,Clear,Daylight,Motorcycle,1,Driver Fatigue,0,1,0,0,7,0,High
2022,6,Thursday,12,AJK,Mirpur,National Highway,Average,Rainy,Dawn/Dusk,Car/Taxi,3,Over Speeding,1,0,0,0,6,4,High
2021,9,Saturday,16,Punjab,Rawalpindi,Urban Road,Good,Clear,Street Light,Rickshaw,2,Pedestrian Error,0,1,0,0,0,0,Low
2019,6,Thursday,6,Sindh,Larkana,National Highway,Good,Foggy,Daylight,Car/Taxi,2,Mechanical Failure,0,0,0,0,5,1,Medium
2020,9,Thursday,16,Balochistan,Khuzdar,Urban Road,Average,Clear,Daylight,Motorcycle,3,Over Speeding,0,0,0,0,6,2,High
2023,11,Thursday,9,Sindh,Mirpur Khas,Provincial Highway,Good,Clear,Daylight,Motorcycle,1,Over Speeding,1,0,0,1,2,0,Medium
2019,4,Friday,15,Balochistan,Turbat,Provincial Highway,Poor,Clear,Dawn/Dusk,Truck/Lorry,2,Over Speeding,0,0,0,0,2,0,Medium
2022,2,Monday,19,Sindh,Hyderabad,National Highway,Average,Foggy,No Light,Motorcycle,2,Road Condition,1,0,0,1,1,0,Medium
2019,4,Wednesday,19,KPK,Nowshera,National Highway,Under Repair,Clear,No Light,Motorcycle,4,Drunk Driving,1,0,0,0,9,1,High
2019,6,Saturday,20,Balochistan,Gwadar,Urban Road,Average,Rainy,No Light,Bus/Coach,2,Signal Violation,1,1,0,0,0,0,Low
2022,1,Thursday,10,Balochistan,Gwadar,National Highway,Poor,Clear,Street Light,Rickshaw,3,Signal Violation,0,0,0,1,5,0,Medium
2022,5,Thursday,15,Balochistan,Chaman,National Highway,Good,Clear,Daylight,Motorcycle,1,Drunk Driving,0,0,0,0,9,1,High
2020,4,Monday,19,Punjab,Sargodha,National Highway,Good,Foggy,Dawn/Dusk,Motorcycle,1,Road Condition,1,0,0,0,2,3,High
2023,1,Friday,17,Sindh,Hyderabad,Motorway,Poor,Clear,Daylight,Motorcycle,2,Mechanical Failure,1,0,0,1,4,1,Medium
2019,8,Wednesday,21,Punjab,Gujranwala,National Highway,Good,Clear,No Light,Truck/Lorry,2,Over Speeding,0,0,0,0,2,1,Medium
2021,10,Friday,14,Punjab,Rawalpindi,Rural Road,Good,Clear,Daylight,Motorcycle,3,Signal Violation,0,0,0,0,5,0,Medium
2023,10,Wednesday,16,Sindh,Hyderabad,Rural Road,Poor,Rainy,Daylight,Van/Pickup,1,Pedestrian Error,0,0,0,0,1,0,Low
2020,1,Sunday,10,Islamabad,Islamabad,Provincial Highway,Average,Clear,Daylight,Bicycle,2,Wrong Overtaking,0,1,0,1,5,0,Medium
2023,6,Friday,8,Sindh,Mirpur Khas,Urban Road,Average,Foggy,Daylight,Motorcycle,1,Wrong Overtaking,1,0,0,0,4,2,Medium
2022,5,Friday,8,Balochistan,Khuzdar,National Highway,Under Repair,Clear,Daylight,Car/Taxi,3,Mechanical Failure,1,0,0,0,0,1,Low
2022,12,Sunday,14,Islamabad,Islamabad,Urban Road,Good,Foggy,Daylight,Car/Taxi,2,Over Speeding,0,1,0,1,2,0,Medium
2018,5,Tuesday,21,Punjab,Rawalpindi,Motorway,Average,Dusty/Smoggy,No Light,Van/Pickup,2,Mobile Phone Use,0,0,0,0,0,0,Low
2019,10,Saturday,10,Punjab,Bahawalpur,Provincial Highway,Under Repair,Clear,Daylight,Motorcycle,1,Road Condition,0,1,0,0,5,0,Medium
2018,6,Monday,14,Punjab,Rawalpindi,Provincial Highway,Good,Clear,Daylight,Bicycle,1,Wrong Overtaking,0,0,0,0,2,1,Medium
2022,3,Thursday,11,Sindh,Jacobabad,Provincial Highway,Average,Clear,Daylight,Other,2,Pedestrian Error,0,0,0,0,1,0,Low
2022,3,Wednesday,15,Punjab,Bahawalpur,Provincial Highway,Under Repair,Clear,Daylight,Rickshaw,1,Over Speeding,0,0,0,0,5,0,Medium
2022,7,Saturday,17,KPK,Kohat,Provincial Highway,Good,Rainy,Daylight,Truck/Lorry,1,Wrong Overtaking,1,1,0,0,2,0,Medium
2020,12,Saturday,20,Punjab,Gujranwala,Urban Road,Poor,Clear,No Light,Van/Pickup,1,Wrong Overtaking,1,1,0,1,2,0,Low
2019,9,Saturday,22,Punjab,Rawalpindi,Rural Road,Under Repair,Clear,Street Light,Rickshaw,1,Over Speeding,0,1,1,0,2,0,Low
2023,5,Thursday,18,Punjab,Sargodha,Rural Road,Average,Clear,Daylight,Motorcycle,1,Pedestrian Error,1,0,0,0,0,0,Low
2022,11,Friday,7,Sindh,Nawabshah,National Highway,Good,Foggy,Daylight,Bus/Coach,2,Over Speeding,1,0,0,1,11,1,High
2022,4,Saturday,16,Balochistan,Loralai,National Highway,Good,Clear,Daylight,Rickshaw,1,Over Speeding,0,1,0,0,3,0,Medium
2023,12,Tuesday,10,Islamabad,Islamabad,Motorway,Good,Rainy,Daylight,Bicycle,4,Road Condition,0,0,0,1,7,1,High
2021,11,Thursday,7,Balochistan,Dera Bugti,Rural Road,Good,Clear,Daylight,Car/Taxi,2,Over Speeding,1,0,0,1,4,1,Medium
2020,8,Saturday,18,Punjab,Multan,Provincial Highway,Average,Clear,Daylight,Truck/Lorry,1,Signal Violation,1,1,0,0,5,1,Medium
2021,1,Tuesday,6,Sindh,Sukkur,Motorway,Good,Clear,Daylight,Car/Taxi,1,Over Speeding,0,0,0,1,6,1,High
2022,8,Thursday,10,Sindh,Jacobabad,National Highway,Poor,Foggy,Street Light,Car/Taxi,1,Signal Violation,0,0,0,0,3,0,Medium
2021,1,Friday,11,Punjab,Rawalpindi,Motorway,Average,Foggy,Daylight,Rickshaw,1,Over Speeding,0,0,0,1,7,1,High
2020,7,Thursday,18,Sindh,Sukkur,National Highway,Poor,Rainy,Daylight,Motorcycle,2,Over Speeding,1,0,0,0,9,2,High
2022,6,Thursday,5,Punjab,Multan,Rural Road,Under Repair,Rainy,Street Light,Bus/Coach,1,Road Condition,0,0,1,0,4,0,Medium
2023,3,Saturday,17,Punjab,Rahim Yar Khan,Provincial Highway,Average,Foggy,No Light,Motorcycle,1,Over Speeding,1,1,0,0,3,2,High
2020,12,Wednesday,13,Punjab,Lahore,Provincial Highway,Poor,Clear,Daylight,Motorcycle,2,Signal Violation,1,0,0,1,7,0,High
2022,1,Saturday,13,AJK,Rawalakot,National Highway,Poor,Foggy,Street Light,Motorcycle,1,Signal Violation,1,1,0,1,3,1,High
2022,7,Saturday,17,KPK,Mardan,Rural Road,Average,Extreme Heat,Daylight,Car/Taxi,3,Pedestrian Error,1,1,0,0,1,0,Low
2020,6,Sunday,22,Punjab,Rawalpindi,Rural Road,Poor,Clear,Street Light,Truck/Lorry,3,Wrong Overtaking,0,1,1,0,2,1,Medium
2022,9,Monday,9,Balochistan,Zhob,Urban Road,Good,Clear,Daylight,Car/Taxi,2,Over Speeding,1,0,0,0,5,0,Medium
2023,7,Friday,14,Islamabad,Islamabad,National Highway,Average,Clear,Dawn/Dusk,Rickshaw,1,Over Speeding,0,0,0,0,11,0,High
2018,9,Tuesday,18,KPK,Swat,Urban Road,Good,Clear,Daylight,Bus/Coach,1,Over Speeding,1,0,0,0,1,0,Medium
2020,1,Thursday,12,Sindh,Dadu,Urban Road,Poor,Rainy,Daylight,Motorcycle,2,Over Speeding,1,0,0,1,9,2,High
2023,12,Friday,12,Punjab,Sargodha,Provincial Highway,Under Repair,Clear,Daylight,Motorcycle,2,Over Speeding,1,0,0,1,2,2,High
2022,10,Sunday,13,Sindh,Mirpur Khas,National Highway,Average,Clear,Daylight,Motorcycle,3,Signal Violation,1,1,0,0,5,4,High
2022,4,Friday,13,Sindh,Kashmore,National Highway,Under Repair,Clear,Street Light,Truck/Lorry,3,Signal Violation,1,0,0,0,4,1,Medium
2020,6,Sunday,22,Islamabad,Islamabad,Provincial Highway,Average,Dusty/Smoggy,Street Light,Car/Taxi,1,Road Condition,0,1,1,0,1,0,Low
2021,10,Saturday,14,KPK,Bannu,Urban Road,Good,Clear,Daylight,Rickshaw,2,Wrong Overtaking,0,1,0,0,2,0,Low
2020,12,Saturday,9,Punjab,Sargodha,Rural Road,Average,Clear,Dawn/Dusk,Bicycle,3,Drunk Driving,1,1,0,1,1,0,Medium
2020,1,Friday,23,Sindh,Nawabshah,Urban Road,Good,Clear,No Light,Motorcycle,2,Over Speeding,0,0,1,1,11,3,High
2018,3,Friday,18,Sindh,Larkana,Provincial Highway,Good,Clear,Daylight,Truck/Lorry,1,Mechanical Failure,1,0,0,0,2,0,Low
2022,5,Sunday,9,KPK,Kohat,Rural Road,Average,Dusty/Smoggy,Daylight,Motorcycle,2,Mobile Phone Use,1,1,0,0,0,0,Low
2022,4,Monday,4,Punjab,Sialkot,Provincial Highway,Average,Clear,No Light,Motorcycle,2,Wrong Overtaking,0,0,1,0,2,0,Medium
2022,7,Saturday,19,KPK,Peshawar,Provincial Highway,Under Repair,Clear,Daylight,Motorcycle,3,Signal Violation,1,1,0,0,2,0,High
2019,7,Sunday,18,Punjab,Faisalabad,Urban Road,Good,Foggy,Daylight,Car/Taxi,2,Over Speeding,1,1,0,0,4,0,Medium
2022,3,Friday,9,Punjab,Faisalabad,Provincial Highway,Good,Foggy,Daylight,Car/Taxi,3,Driver Fatigue,1,0,0,0,2,0,High
2021,12,Wednesday,12,KPK,Nowshera,Provincial Highway,Good,Clear,Daylight,Truck/Lorry,2,Over Speeding,1,0,0,1,3,1,Medium
2022,9,Wednesday,19,Punjab,Rawalpindi,Rural Road,Good,Dusty/Smoggy,No Light,Rickshaw,2,Wrong Overtaking,1,0,0,0,0,0,Low
2022,8,Monday,20,KPK,Swat,National Highway,Average,Clear,Street Light,Motorcycle,2,Pedestrian Error,1,0,0,0,3,0,Medium
2023,6,Saturday,3,Punjab,Sheikhupura,Urban Road,Average,Clear,No Light,Rickshaw,1,Over Speeding,0,1,1,0,3,2,Medium
2023,12,Sunday,9,AJK,Muzaffarabad,Urban Road,Good,Clear,Street Light,Car/Taxi,2,Wrong Overtaking,1,1,0,1,2,0,Low
2023,9,Wednesday,0,KPK,Abbottabad,Urban Road,Good,Clear,Street Light,Motorcycle,2,Over Speeding,0,0,1,0,11,1,High
2023,11,Friday,9,Punjab,Sargodha,Urban Road,Average,Clear,Dawn/Dusk,Rickshaw,1,Wrong Overtaking,1,0,0,1,1,0,Low
2022,7,Thursday,6,KPK,Kohat,National Highway,Good,Clear,Daylight,Truck/Lorry,2,Drunk Driving,0,0,0,0,4,1,Medium
2022,12,Monday,7,Punjab,Sargodha,Provincial Highway,Good,Rainy,Dawn/Dusk,Car/Taxi,3,Wrong Overtaking,1,0,0,1,5,0,Medium
2023,12,Wednesday,19,Sindh,Dadu,Provincial Highway,Good,Clear,Dawn/Dusk,Motorcycle,2,Wrong Overtaking,1,0,0,1,3,0,Medium
2021,3,Tuesday,15,Punjab,Rahim Yar Khan,Rural Road,Under Repair,Rainy,Daylight,Bus/Coach,4,Signal Violation,0,0,0,0,5,1,Medium
2020,6,Saturday,18,Punjab,Lahore,National Highway,Good,Clear,Daylight,Motorcycle,1,Over Speeding,1,1,0,0,3,1,High
2020,1,Monday,14,AJK,Mirpur,Provincial Highway,Good,Rainy,Dawn/Dusk,Motorcycle,2,Weather Condition,0,0,0,1,9,2,High
2022,1,Wednesday,15,Punjab,Sheikhupura,National Highway,Good,Clear,Dawn/Dusk,Motorcycle,1,Over Speeding,0,0,0,1,9,3,High
2019,4,Saturday,21,Sindh,Karachi,Provincial Highway,Good,Foggy,Street Light,Motorcycle,1,Wrong Overtaking,0,1,0,0,3,4,High
2022,10,Friday,20,Punjab,Sialkot,National Highway,Poor,Clear,Street Light,Motorcycle,2,Signal Violation,1,0,0,0,9,1,High
2020,6,Friday,16,KPK,Abbottabad,Provincial Highway,Under Repair,Rainy,Daylight,Motorcycle,2,Drunk Driving,0,0,0,0,6,1,High
2019,1,Sunday,11,Punjab,Rahim Yar Khan,Rural Road,Good,Clear,Daylight,Car/Taxi,1,Wrong Overtaking,0,1,0,1,2,0,Low
2023,4,Sunday,15,Punjab,Bahawalpur,Rural Road,Poor,Clear,Daylight,Bus/Coach,3,Road Condition,0,1,0,0,0,0,Low
2018,6,Tuesday,22,Punjab,Rahim Yar Khan,Rural Road,Good,Foggy,No Light,Motorcycle,1,Driver Fatigue,0,0,1,0,3,2,High
2023,4,Saturday,19,Punjab,Sargodha,Provincial Highway,Poor,Clear,Daylight,Truck/Lorry,1,Over Speeding,1,1,0,0,2,0,Medium
2023,8,Friday,8,Islamabad,Islamabad,Rural Road,Good,Dusty/Smoggy,Dawn/Dusk,Car/Taxi,2,Wrong Overtaking,1,0,0,0,0,1,Low
2022,10,Sunday,15,Balochistan,Gwadar,Provincial Highway,Under Repair,Rainy,Daylight,Motorcycle,2,Over Speeding,0,1,0,0,9,2,High