year,month,day_of_week,hour_of_day,province,district,road_type,road_condition,weather_condition,lighting_condition,vehicle_type,vehicles_involved,accident_cause,is_rush_hour,is_weekend,is_night,is_foggy_month,num_injured,num_killed,severity
2023,2,Monday,9,Balochistan,Gwadar,Urban Road,Good,Clear,Daylight,Car/Taxi,2,Wrong Overtaking,1,0,0,1,0,0,Low
2018,12,Tuesday,16,Punjab,Bahawalpur,Provincial Highway,Average,Clear,Daylight,Bicycle,3,Mechanical Failure,0,0,0,1,1,2,Medium
2020,5,Saturday,7,Punjab,Sialkot,National Highway,Average,Rainy,Daylight,Car/Taxi,1,Over Speeding,1,1,0,0,11,3,High
2018,4,Sunday,10,Sindh,Jacobabad,Provincial Highway,Average,Foggy,Daylight,Car/Taxi,2,Over Speeding,0,1,0,0,3,1,High
2020,9,Sunday,12,AJK,Muzaffarabad,Rural Road,Good,Clear,Daylight,Motorcycle,1,Wrong Overtaking,1,1,0,0,2,1,Medium
2023,6,Friday,16,Sindh,Larkana,Provincial Highway,Good,Rainy,Daylight,Van/Pickup,3,Pedestrian Error,0,0,0,0,2,0,Low
2023,1,Saturday,8,Punjab,Lahore,Provincial Highway,Average,Clear,Daylight,Motorcycle,2,Signal Violation,1,1,0,1,2,1,Medium
2019,1,Tuesday,13,KPK,Nowshera,Motorway,Good,Clear,Daylight,Bicycle,1,Mechanical Failure,1,0,0,1,4,1,Medium
2023,11,Friday,11,Punjab,Multan,Provincial Highway,Under Repair,Dusty/Smoggy,Daylight,Motorcycle,3,Mechanical Failure,0,0,0,1,4,0,Medium
2020,3,Saturday,21,Balochistan,Hub,Urban Road,Good,Clear,Street Light,Motorcycle,2,Wrong Overtaking,0,1,0,0,4,0,Medium
2022,5,Saturday,17,AJK,Muzaffarabad,Rural Road,Good,Foggy,Daylight,Car/Taxi,1,Mechanical Failure,1,1,0,0,2,0,Low
2020,1,Friday,6,Islamabad,Islamabad,Urban Road,Average,Dusty/Smoggy,Daylight,Motorcycle,2,Over Speeding,0,0,0,1,1,2,Medium
2021,6,Friday,22,Punjab,Faisalabad,National Highway,Good,Clear,Street Light,Truck/Lorry,1,Road Condition,0,0,1,0,1,1,Medium
2022,6,Saturday,14,Sindh,Hyderabad,Motorway,Good,Clear,Street Light,Rickshaw,3,Weather Condition,0,1,0,0,5,0,Medium
2019,6,Tuesday,22,Sindh,Dadu,National Highway,Average,Clear,No Light,Rickshaw,1,Wrong Overtaking,0,0,1,0,2,0,Medium
2019,7,Friday,9,Punjab,Sialkot,Provincial Highway,Under Repair,Clear,Daylight,Car/Taxi,3,Over Speeding,1,0,0,0,0,0,Low
2019,11,Thursday,17,Sindh,Thatta,Rural Road,Good,Clear,Daylight,Car/Taxi,2,Wrong Overtaking,1,0,0,1,1,0,Low
2022,7,Friday,18,Sindh,Nawabshah,National Highway,Average,Clear,Daylight,Van/Pickup,2,Driver Fatigue,1,0,0,0,2,0,Medium
2018,7,Friday,15,Punjab,Rawalpindi,Rural Road,Good,Rainy,Daylight,Bus/Coach,3,Road Condition,0,0,0,0,2,0,Low
2022,4,Thursday,0,Punjab,Rawalpindi,Provincial Highway,Average,Foggy,No Light,Truck/Lorry,3,Signal Violation,0,0,1,0,2,2,High
2021,11,Monday,19,Punjab,Gujranwala,Urban Road,Average,Foggy,No Light,Rickshaw,1,Driver Fatigue,1,0,0,1,3,1,Medium
2019,7,Sunday,8,Islamabad,Islamabad,Motorway,Good,Clear,Daylight,Rickshaw,3,Over Speeding,1,1,0,0,1,1,Medium
2023,11,Wednesday,1,KPK,Abbottabad,Rural Road,Average,Clear,No Light,Motorcycle,2,Mechanical Failure,0,0,1,1,1,2,Medium
2018,5,Thursday,18,KPK,Mardan,National Highway,Poor,Clear,Dawn/Dusk,Van/Pickup,1,Signal Violation,1,0,0,0,1,0,Medium
2021,10,Monday,20,Punjab,Multan,Rural Road,Good,Clear,No Light,Motorcycle,2,Road Condition,1,0,0,0,0,0,Low
2020,9,Tuesday,17,Sindh,Larkana,Urban Road,Average,Clear,Daylight,Rickshaw,4,Over Speeding,1,0,0,0,1,0,Low
2020,3,Monday,3,Punjab,Sheikhupura,Urban Road,Average,Foggy,Street Light,Car/Taxi,1,Driver Fatigue,0,0,1,0,5,2,Medium
2022,9,Monday,7,KPK,Nowshera,Provincial Highway,Under Repair,Rainy,Daylight,Motorcycle,1,Mechanical Failure,1,0,0,0,3,2,Medium
2021,9,Thursday,18,Sindh,Thatta,Urban Road,Poor,Foggy,Daylight,Motorcycle,3,Mechanical Failure,1,0,0,0,4,0,Medium
2020,7,Saturday,16,Balochistan,Quetta,Provincial Highway,Poor,Clear,Daylight,Car/Taxi,3,Over Speeding,0,1,0,0,5,1,Medium
2023,8,Monday,20,Punjab,Sargodha,Rural Road,Average,Rainy,No Light,Rickshaw,2,Road Condition,1,0,0,0,1,0,Low
2018,12,Thursday,12,Punjab,Rahim Yar Khan,Urban Road,Good,Clear,Daylight,Bus/Coach,2,Mechanical Failure,1,0,0,1,0,0,Low
2023,12,Friday,21,Balochistan,Sibi,Rural Road,Poor,Clear,No Light,Truck/Lorry,1,Mechanical Failure,0,0,0,1,2,0,Low
2018,11,Saturday,17,Balochistan,Sibi,National Highway,Poor,Dusty/Smoggy,Daylight,Motorcycle,3,Signal Violation,1,1,0,1,5,0,High
2021,5,Friday,9,Sindh,Mirpur Khas,Urban Road,Average,Rainy,Daylight,Car/Taxi,3,Over Speeding,1,0,0,0,2,0,Low
2023,10,Monday,9,Punjab,Lahore,Provincial Highway,Under Repair,Clear,Daylight,Motorcycle,2,Wrong Overtaking,1,0,0,0,3,0,Medium
2022,8,Thursday,17,Sindh,Nawabshah,Rural Road,Average,Dusty/Smoggy,Daylight,Motorcycle,1,Drunk Driving,1,0,0,0,1,0,Medium
2023,11,Monday,16,Sindh,Sukkur,National Highway,Good,Clear,No Light,Motorcycle,2,Over Speeding,0,0,0,1,6,3,High
2019,8,Saturday,16,KPK,Nowshera,National Highway,Poor,Foggy,Daylight,Motorcycle,2,Road Condition,0,1,0,0,7,0,High
2020,6,Saturday,20,KPK,Charsadda,Rural Road,Poor,Clear,Street Light,Rickshaw,2,Wrong Overtaking,1,1,0,0,1,0,Low
2022,5,Wednesday,20,Punjab,Sialkot,Rural Road,Good,Clear,No Light,Motorcycle,2,Drunk Driving,1,0,0,0,1,2,Medium
2022,9,Sunday,11,KPK,Mardan,National Highway,Good,Rainy,Street Light,Rickshaw,4,Signal Violation,0,1,0,0,2,0,Medium
2019,12,Thursday,23,Punjab,Rahim Yar Khan,Motorway,Poor,Dusty/Smoggy,No Light,Bus/Coach,2,Wrong Overtaking,0,0,1,1,5,0,Medium
2021,1,Monday,8,Punjab,Rahim Yar Khan,Urban Road,Average,Rainy,Daylight,Motorcycle,4,Signal Violation,1,0,0,1,5,0,Medium
2023,7,Saturday,14,Punjab,Sheikhupura,Motorway,Good,Clear,Daylight,Motorcycle,4,Wrong Overtaking,0,1,0,0,8,1,High
2023,1,Friday,21,Punjab,Sargodha,Provincial Highway,Average,Clear,No Light,Car/Taxi,2,Wrong Overtaking,0,0,0,1,2,0,Low
2022,12,Friday,6,KPK,Bannu,Rural Road,Good,Clear,No Light,Motorcycle,1,Driver Fatigue,0,0,0,1,7,1,High
2023,2,Friday,11,Sindh,Hyderabad,Rural Road,Good,Foggy,Dawn/Dusk,Car/Taxi,1,Mechanical Failure,0,0,0,1,2,0,Low
2018,4,Thursday,7,Sindh,Nawabshah,National Highway,Average,Rainy,Daylight,Other,3,Signal Violation,1,0,0,0,1,1,Medium
2019,9,Saturday,18,Sindh,Dadu,National Highway,Poor,Foggy,Daylight,Car/Taxi,1,Signal Violation,1,1,0,0,7,2,High
2019,10,Tuesday,23,AJK,Mirpur,National Highway,Average,Foggy,Street Light,Bus/Coach,1,Mechanical Failure,0,0,1,0,4,0,Medium
2023,4,Thursday,12,Balochistan,Hub,Provincial Highway,Poor,Clear,Daylight,Car/Taxi,2,Over Speeding,1,0,0,0,1,1,Medium
2020,6,Sunday,23,Balochistan,Dera Bugti,Provincial Highway,Good,Clear,Street Light,Rickshaw,1,Pedestrian Error,0,1,1,0,3,0,Medium
2019,10,Thursday,20,Punjab,Faisalabad,Provincial Highway,Poor,Rainy,No Light,Motorcycle,1,Signal Violation,1,0,0,0,7,2,High
2022,6,Saturday,10,Punjab,Sargodha,Urban Road,Poor,Clear,Daylight,Rickshaw,3,Over Speeding,0,1,0,0,1,0,Low
2022,2,Friday,15,Sindh,Thatta,Urban Road,Poor,Foggy,Dawn/Dusk,Motorcycle,2,Drunk Driving,0,0,0,1,5,4,High
2018,8,Sunday,16,Sindh,Thatta,Urban Road,Good,Rainy,Daylight,Motorcycle,3,Wrong Overtaking,0,1,0,0,3,0,Medium
2021,7,Sunday,22,Punjab,Faisalabad,Provincial Highway,Good,Foggy,No Light,Motorcycle,2,Wrong Overtaking,0,1,1,0,7,3,High
2021,5,Monday,5,Punjab,Multan,National Highway,Poor,Foggy,Dawn/Dusk,Car/Taxi,2,Over Speeding,0,0,1,0,11,0,High
2019,5,Saturday,22,Sindh,Thatta,Provincial Highway,Average,Clear,No Light,Truck/Lorry,2,Mechanical Failure,0,1,1,0,1,0,Medium
2022,6,Saturday,21,Sindh,Larkana,National Highway,Good,Clear,Street Light,Motorcycle,2,Drunk Driving,0,1,0,0,4,2,High
2022,4,Saturday,17,Sindh,Kashmore,Rural Road,Good,Clear,Street Light,Motorcycle,1,Road Condition,1,1,0,0,5,0,Medium
2020,10,Saturday,11,KPK,Nowshera,National Highway,Average,Foggy,Daylight,Motorcycle,2,Road Condition,0,1,0,0,7,0,High
2020,12,Saturday,7,Sindh,Larkana,National Highway,Poor,Dusty/Smoggy,Street Light,Motorcycle,1,Wrong Overtaking,1,1,0,1,2,1,Medium
2022,7,Wednesday,7,Punjab,Sheikhupura,Provincial Highway,Good,Clear,Street Light,Bicycle,1,Over Speeding,1,0,0,0,6,0,High
2021,6,Thursday,16,Sindh,Dadu,Rural Road,Good,Clear,Daylight,Bus/Coach,2,Signal Violation,0,0,0,0,2,0,Medium
2023,6,Saturday,17,AJK,Rawalakot,Rural Road,Poor,Clear,Daylight,Motorcycle,2,Wrong Overtaking,1,1,0,0,0,0,Low
2019,4,Saturday,13,Punjab,Multan,Urban Road,Poor,Clear,Daylight,Motorcycle,3,Over Speeding,1,1,0,0,10,2,High
2018,6,Tuesday,5,Sindh,Sukkur,National Highway,Poor,Foggy,Dawn/Dusk,Bus/Coach,1,Mechanical Failure,0,0,1,0,11,3,High
2018,12,Friday,17,Punjab,Multan,Motorway,Good,Clear,Street Light,Car/Taxi,2,Mobile Phone Use,1,0,0,1,2,0,Low
2019,11,Monday,7,Punjab,Sheikhupura,Urban Road,Average,Extreme Heat,Dawn/Dusk,Truck/Lorry,3,Wrong Overtaking,1,0,0,1,2,1,Low
2019,2,Wednesday,19,Sindh,Jacobabad,National Highway,Poor,Clear,Dawn/Dusk,Car/Taxi,3,Over Speeding,1,0,0,1,3,0,Medium
2021,12,Saturday,11,Sindh,Larkana,Urban Road,Poor,Rainy,Daylight,Motorcycle,1,Signal Violation,0,1,0,1,5,1,Medium
2021,7,Saturday,22,Sindh,Dadu,National Highway,Good,Clear,No Light,Motorcycle,1,Wrong Overtaking,0,1,1,0,3,3,High
2022,5,Wednesday,19,Punjab,Sheikhupura,Provincial Highway,Poor,Dusty/Smoggy,Dawn/Dusk,Car/Taxi,4,Wrong Overtaking,1,0,0,0,2,0,Low
2022,1,Thursday,7,Sindh,Karachi,National Highway,Average,Clear,Daylight,Motorcycle,4,Wrong Overtaking,1,0,0,1,2,2,High
2019,12,Saturday,12,Punjab,Sheikhupura,National Highway,Average,Clear,Daylight,Rickshaw,1,Over Speeding,1,1,0,1,5,1,Medium
2021,10,Sunday,12,Punjab,Bahawalpur,Rural Road,Good,Clear,No Light,Bus/Coach,4,Wrong Overtaking,1,1,0,0,2,2,Medium
2022,6,Saturday,22,Punjab,Rawalpindi,National Highway,Poor,Clear,Street Light,Motorcycle,2,Pedestrian Error,0,1,1,0,3,1,Medium
2019,3,Monday,22,Balochistan,Chaman,Urban Road,Poor,Foggy,Street Light,Motorcycle,2,Over Speeding,0,0,1,0,10,1,High
2019,12,Wednesday,6,Punjab,Multan,National Highway,Good,Clear,Dawn/Dusk,Motorcycle,1,Over Speeding,0,0,0,1,11,2,High
2023,6,Friday,4,Punjab,Faisalabad,Provincial Highway,Poor,Rainy,No Light,Car/Taxi,3,Over Speeding,0,0,1,0,8,3,High
2021,3,Thursday,6,Punjab,Sialkot,Rural Road,Good,Foggy,No Light,Motorcycle,2,Road Condition,0,0,0,0,1,0,Low
2023,9,Tuesday,17,Sindh,Hyderabad,Rural Road,Poor,Rainy,Dawn/Dusk,Van/Pickup,1,Over Speeding,1,0,0,0,1,0,Low
2021,9,Saturday,9,KPK,Nowshera,National Highway,Good,Clear,Dawn/Dusk,Motorcycle,1,Driver Fatigue,1,1,0,0,3,1,High
2022,9,Friday,2,KPK,Peshawar,National Highway,Average,Clear,No Light,Bus/Coach,2,Signal Violation,0,0,1,0,4,1,Medium
2022,7,Sunday,15,KPK,Swat,Urban Road,Poor,Foggy,Daylight,Rickshaw,3,Drunk Driving,0,1,0,0,2,0,Medium
2018,9,Wednesday,12,Punjab,Bahawalpur,Urban Road,Good,Clear,Dawn/Dusk,Motorcycle,1,Wrong Overtaking,1,0,0,0,5,0,Medium
2018,7,Wednesday,11,Balochistan,Loralai,National Highway,Under Repair,Clear,Daylight,Motorcycle,2,Wrong Overtaking,0,0,0,0,8,1,High
2023,6,Friday,19,Punjab,Sargodha,Urban Road,Poor,Clear,Dawn/Dusk,Motorcycle,4,Drunk Driving,1,0,0,0,5,3,High
2018,8,Saturday,19,Punjab,Sargodha,National Highway,Under Repair,Clear,No Light,Car/Taxi,1,Driver Fatigue,1,1,0,0,6,3,High
2019,1,Thursday,20,KPK,Dera Ismail Khan,National Highway,Average,Clear,No Light,Motorcycle,2,Mechanical Failure,1,0,0,1,5,1,High
2023,3,Monday,13,Sindh,Jacobabad,Rural Road,Poor,Clear,Daylight,Other,3,Signal Violation,1,0,0,0,0,0,Low
2022,9,Monday,12,Punjab,Sargodha,Rural Road,Good,Clear,Daylight,Car/Taxi,4,Over Speeding,1,0,0,0,4,0,Medium
2022,9,Monday,21,Islamabad,Islamabad,National Highway,Average,Clear,No Light,Motorcycle,2,Over Speeding,0,0,0,0,8,1,High
2018,1,Wednesday,7,Sindh,Jacobabad,Urban Road,Average,Clear,Daylight,Car/Taxi,1,Over Speeding,1,0,0,1,0,0,Low
2019,2,Sunday,8,Sindh,Mirpur Khas,Provincial Highway,Good,Clear,Dawn/Dusk,Motorcycle,1,Over Speeding,1,1,0,1,2,1,Medium
2021,10,Wednesday,19,Punjab,Sargodha,Provincial Highway,Average,Clear,Dawn/Dusk,Motorcycle,2,Weather Condition,1,0,0,0,3,0,Medium
2022,5,Saturday,2,Punjab,Gujranwala,Urban Road,Average,Foggy,Street Light,Motorcycle,1,Over Speeding,0,1,1,0,9,2,High
2023,12,Sunday,21,Islamabad,Islamabad,National Highway,Poor,Clear,No Light,Motorcycle,2,Over Speeding,0,1,0,1,2,0,High
2023,6,Monday,19,KPK,Nowshera,Provincial Highway,Good,Clear,Dawn/Dusk,Car/Taxi,3,Over Speeding,1,0,0,0,5,1,Medium
2018,1,Tuesday,7,Sindh,Larkana,Rural Road,Good,Clear,Daylight,Rickshaw,4,Wrong Overtaking,1,0,0,1,0,0,Low
2020,7,Friday,19,Sindh,Thatta,Urban Road,Average,Clear,Dawn/Dusk,Motorcycle,2,Mechanical Failure,1,0,0,0,1,0,Low
2022,11,Sunday,19,Balochistan,Loralai,National Highway,Good,Clear,Daylight,Motorcycle,3,Wrong Overtaking,1,1,0,1,8,0,High
2018,2,Friday,20,Sindh,Nawabshah,Provincial Highway,Poor,Clear,Street Light,Car/Taxi,1,Signal Violation,1,0,0,1,0,1,Low
2020,12,Saturday,20,Punjab,Sialkot,Rural Road,Average,Foggy,Street Light,Motorcycle,3,Mobile Phone Use,1,1,0,1,2,2,Medium
2023,12,Wednesday,17,KPK,Kohat,Rural Road,Good,Clear,Street Light,Car/Taxi,2,Driver Fatigue,1,0,0,1,2,0,Low
2023,6,Saturday,6,Sindh,Hyderabad,National Highway,Under Repair,Foggy,Dawn/Dusk,Motorcycle,1,Wrong Overtaking,0,1,0,0,8,1,High
2021,10,Tuesday,21,Islamabad,Islamabad,National Highway,Good,Foggy,No Light,Motorcycle,1,Mechanical Failure,0,0,0,0,4,0,Medium
2020,1,Friday,13,KPK,Mansehra,Urban Road,Under Repair,Clear,Street Light,Bus/Coach,2,Drunk Driving,1,0,0,1,1,0,Medium
2022,8,Thursday,14,Punjab,Bahawalpur,Urban Road,Average,Clear,Daylight,Car/Taxi,2,Pedestrian Error,0,0,0,0,1,0,Low
2023,11,Friday,16,Punjab,Faisalabad,Urban Road,Poor,Clear,Daylight,Motorcycle,2,Driver Fatigue,0,0,0,1,3,1,Medium
2018,1,Friday,6,Sindh,Nawabshah,Provincial Highway,Poor,Clear,Daylight,Car/Taxi,1,Signal Violation,0,0,0,1,3,0,Medium
2018,7,Wednesday,0,KPK,Mardan,National Highway,Good,Clear,Street Light,Motorcycle,2,Wrong Overtaking,0,0,1,0,5,2,High
2023,12,Friday,2,Punjab,Bahawalpur,National Highway,Good,Clear,No Light,Motorcycle,1,Signal Violation,0,0,1,1,5,2,High
2023,6,Saturday,18,Sindh,Larkana,National Highway,Under Repair,Clear,Daylight,Car/Taxi,1,Wrong Overtaking,1,1,0,0,0,0,Low
2022,7,Thursday,20,KPK,Dera Ismail Khan,Rural Road,Poor,Rainy,No Light,Rickshaw,1,Over Speeding,1,0,0,0,0,0,Low
2022,7,Sunday,7,Punjab,Bahawalpur,National Highway,Poor,Dusty/Smoggy,Daylight,Rickshaw,1,Pedestrian Error,1,1,0,0,2,1,Low
2019,6,Tuesday,13,KPK,Mansehra,National Highway,Average,Clear,Daylight,Motorcycle,2,Over Speeding,1,0,0,0,9,1,High
2022,5,Friday,12,Punjab,Bahawalpur,Urban Road,Average,Clear,Daylight,Motorcycle,2,Pedestrian Error,1,0,0,0,2,1,Medium
2021,11,Wednesday,19,Punjab,Rahim Yar Khan,National Highway,Good,Clear,No Light,Car/Taxi,4,Driver Fatigue,1,0,0,1,2,0,Medium
2019,10,Friday,18,Punjab,Rahim Yar Khan,Motorway,Poor,Rainy,Street Light,Car/Taxi,2,Wrong Overtaking,1,0,0,0,5,0,Medium
2018,6,Sunday,15,Sindh,Dadu,Urban Road,Good,Clear,Daylight,Van/Pickup,3,Over Speeding,0,1,0,0,1,0,Low
2022,12,Monday,13,AJK,Rawalakot,Provincial Highway,Good,Foggy,Daylight,Motorcycle,4,Signal Violation,1,0,0,1,8,2,High
2019,7,Saturday,21,KPK,Peshawar,Provincial Highway,Poor,Dusty/Smoggy,Street Light,Motorcycle,3,Mobile Phone Use,0,1,0,0,0,0,Low
2018,9,Tuesday,15,Punjab,Lahore,Rural Road,Average,Dusty/Smoggy,Daylight,Rickshaw,1,Wrong Overtaking,0,0,0,0,1,0,Low
2023,1,Sunday,17,Punjab,Lahore,Urban Road,Good,Extreme Heat,Daylight,Bus/Coach,2,Drunk Driving,1,1,0,1,4,2,Medium
2019,8,Saturday,23,Sindh,Hyderabad,Rural Road,Average,Clear,No Light,Car/Taxi,2,Pedestrian Error,0,1,1,0,2,0,Low
2022,11,Sunday,14,Punjab,Rawalpindi,National Highway,Under Repair,Clear,Daylight,Motorcycle,2,Over Speeding,0,1,0,1,3,0,High
2019,10,Monday,19,KPK,Mansehra,Motorway,Good,Clear,Dawn/Dusk,Car/Taxi,3,Over Speeding,1,0,0,0,9,4,High
2021,3,Saturday,16,Punjab,Sheikhupura,National Highway,Good,Rainy,Daylight,Car/Taxi,3,Over Speeding,0,1,0,0,5,1,High
2021,12,Sunday,7,Punjab,Bahawalpur,Urban Road,Under Repair,Foggy,Daylight,Car/Taxi,2,Pedestrian Error,1,1,0,1,2,0,Low
2020,9,Friday,8,Punjab,Rawalpindi,Provincial Highway,Average,Clear,Daylight,Rickshaw,2,Over Speeding,1,0,0,0,1,0,Low
2020,12,Monday,20,KPK,Mardan,Urban Road,Good,Extreme Heat,Street Light,Rickshaw,1,Road Condition,1,0,0,1,2,0,Low
2019,7,Monday,9,Punjab,Sargodha,Rural Road,Good,Dusty/Smoggy,Dawn/Dusk,Truck/Lorry,1,Pedestrian Error,1,0,0,0,0,0,Low
2023,7,Saturday,6,Punjab,Sheikhupura,National Highway,Good,Foggy,Daylight,Car/Taxi,2,Signal Violation,0,1,0,0,5,0,Medium
2023,8,Sunday,18,Sindh,Thatta,Provincial Highway,Good,Clear,No Light,Truck/Lorry,2,Over Speeding,1,1,0,0,4,0,Medium
2018,3,Friday,8,Sindh,Mirpur Khas,Motorway,Average,Clear,Daylight,Car/Taxi,2,Wrong Overtaking,1,0,0,0,1,0,Medium
2020,4,Tuesday,18,Islamabad,Islamabad,Rural Road,Average,Clear,Dawn/Dusk,Car/Taxi,2,Road Condition,1,0,0,0,1,0,Low
2022,12,Wednesday,18,Punjab,Faisalabad,National Highway,Under Repair,Foggy,Dawn/Dusk,Motorcycle,1,Over Speeding,1,0,0,1,9,0,High
2020,8,Wednesday,18,Punjab,Gujranwala,Rural Road,Good,Foggy,Street Light,Motorcycle,3,Signal Violation,1,0,0,0,3,0,Medium
2023,7,Friday,11,Sindh,Nawabshah,Rural Road,Good,Foggy,Daylight,Car/Taxi,2,Drunk Driving,0,0,0,0,2,1,Medium
2021,12,Monday,14,Punjab,Sargodha,Urban Road,Poor,Clear,Daylight,Motorcycle,2,Wrong Overtaking,0,0,0,1,2,0,Medium
2021,2,Tuesday,20,Punjab,Sheikhupura,National Highway,Poor,Clear,No Light,Rickshaw,2,Driver Fatigue,1,0,0,1,5,1,Medium
2023,5,Thursday,17,Punjab,Sialkot,National Highway,Poor,Foggy,Daylight,Rickshaw,1,Over Speeding,1,0,0,0,9,2,High
2021,12,Monday,13,Balochistan,Hub,National Highway,Good,Clear,Daylight,Bus/Coach,3,Over Speeding,1,0,0,1,5,2,High
2019,10,Tuesday,18,Punjab,Sargodha,Provincial Highway,Good,Rainy,Daylight,Bus/Coach,1,Wrong Overtaking,1,0,0,0,2,1,Medium
2022,5,Saturday,9,KPK,Abbottabad,Provincial Highway,Average,Rainy,Daylight,Motorcycle,2,Over Speeding,1,1,0,0,8,0,High
2023,3,Thursday,23,Islamabad,Islamabad,National Highway,Good,Rainy,No Light,Motorcycle,2,Wrong Overtaking,0,0,1,0,7,1,High
2023,1,Monday,22,Islamabad,Islamabad,Provincial Highway,Average,Clear,Street Light,Motorcycle,1,Mobile Phone Use,0,0,1,1,2,2,Medium
2023,12,Tuesday,17,Sindh,Dadu,Provincial Highway,Poor,Rainy,No Light,Motorcycle,4,Signal Violation,1,0,0,1,9,2,High
2022,9,Thursday,23,AJK,Muzaffarabad,National Highway,Average,Dusty/Smoggy,No Light,Other,3,Mechanical Failure,0,0,1,0,5,0,Medium
2023,3,Monday,9,Sindh,Dadu,National Highway,Average,Foggy,No Light,Rickshaw,1,Signal Violation,1,0,0,0,2,0,Medium
2019,5,Monday,21,Punjab,Rawalpindi,National Highway,Good,Clear,No Light,Motorcycle,1,Over Speeding,0,0,0,0,7,1,High
2023,12,Thursday,17,Balochistan,Chaman,Provincial Highway,Average,Dusty/Smoggy,Daylight,Motorcycle,2,Signal Violation,1,0,0,1,10,1,High
2021,8,Tuesday,17,Sindh,Jacobabad,National Highway,Good,Clear,Daylight,Motorcycle,2,Over Speeding,1,0,0,0,5,1,High
2022,11,Saturday,19,Punjab,Multan,Urban Road,Good,Clear,Street Light,Car/Taxi,2,Drunk Driving,1,1,0,1,1,0,Low
2018,5,Saturday,18,KPK,Dera Ismail Khan,Urban Road,Good,Clear,Daylight,Motorcycle,4,Mechanical Failure,1,1,0,0,3,2,Medium
2019,7,Sunday,18,Sindh,Nawabshah,National Highway,Average,Foggy,Street Light,Motorcycle,1,Wrong Overtaking,1,1,0,0,8,1,High
2020,8,Saturday,20,Balochistan,Gwadar,National Highway,Good,Clear,Street Light,Car/Taxi,2,Over Speeding,1,1,0,0,3,0,Medium
2021,9,Wednesday,11,KPK,Abbottabad,Provincial Highway,Good,Clear,Daylight,Car/Taxi,2,Drunk Driving,0,0,0,0,4,1,Medium
2020,6,Saturday,12,Punjab,Sialkot,Provincial Highway,Average,Clear,Daylight,Motorcycle,2,Pedestrian Error,1,1,0,0,1,0,Low
2018,4,Friday,6,Punjab,Sargodha,National Highway,Under Repair,Foggy,Daylight,Car/Taxi,3,Wrong Overtaking,0,0,0,0,5,0,High
2023,6,Thursday,17,KPK,Charsadda,Rural Road,Under Repair,Clear,No Light,Motorcycle,1,Over Speeding,1,0,0,0,5,1,High
2018,6,Thursday,17,Sindh,Hyderabad,Provincial Highway,Poor,Dusty/Smoggy,Daylight,Motorcycle,1,Mechanical Failure,1,0,0,0,1,0,Medium
2021,10,Saturday,18,Punjab,Bahawalpur,Urban Road,Average,Clear,Daylight,Motorcycle,2,Road Condition,1,1,0,0,1,0,Low
2023,6,Thursday,22,Punjab,Lahore,National Highway,Average,Foggy,Street Light,Car/Taxi,1,Signal Violation,0,0,1,0,8,1,High
2022,2,Saturday,8,Punjab,Rahim Yar Khan,Provincial Highway,Under Repair,Clear,Daylight,Bus/Coach,1,Over Speeding,1,1,0,1,5,1,High
2023,8,Sunday,5,Sindh,Thatta,National Highway,Poor,Clear,Dawn/Dusk,Van/Pickup,3,Weather Condition,0,1,1,0,3,1,Medium
2023,3,Friday,22,Punjab,Bahawalpur,Rural Road,Poor,Dusty/Smoggy,No Light,Motorcycle,4,Over Speeding,0,0,1,0,10,1,High
2020,9,Monday,14,Punjab,Lahore,Urban Road,Average,Clear,Daylight,Truck/Lorry,1,Road Condition,0,0,0,0,2,0,Low
2023,3,Friday,13,Sindh,Karachi,Provincial Highway,Good,Rainy,Dawn/Dusk,Van/Pickup,1,Drunk Driving,1,0,0,0,5,0,Medium
2018,11,Thursday,21,Punjab,Sargodha,National Highway,Good,Foggy,Street Light,Rickshaw,4,Mechanical Failure,0,0,0,1,5,1,Medium
2018,1,Wednesday,8,Punjab,Sialkot,National Highway,Good,Dusty/Smoggy,Daylight,Bus/Coach,2,Drunk Driving,1,0,0,1,4,0,Medium
2020,11,Wednesday,6,Balochistan,Gwadar,Urban Road,Poor,Foggy,Daylight,Motorcycle,1,Drunk Driving,0,0,0,1,3,2,High
2022,5,Friday,19,KPK,Mardan,Provincial Highway,Good,Foggy,No Light,Bicycle,2,Wrong Overtaking,1,0,0,0,1,1,Medium
2022,10,Tuesday,15,Punjab,Sheikhupura,National Highway,Poor,Rainy,Daylight,Motorcycle,3,Signal Violation,0,0,0,0,11,0,High
2022,1,Saturday,14,Balochistan,Turbat,National Highway,Poor,Clear,Dawn/Dusk,Bus/Coach,1,Signal Violation,0,1,0,1,3,0,Medium
2020,4,Friday,6,Punjab,Multan,Urban Road,Good,Rainy,Street Light,Motorcycle,3,Over Speeding,0,0,0,0,5,2,High
2023,1,Wednesday,21,Sindh,Sukkur,Urban Road,Good,Clear,Street Light,Motorcycle,2,Mechanical Failure,0,0,0,1,2,0,Low
2021,1,Friday,1,Punjab,Faisalabad,National Highway,Average,Foggy,No Light,Bus/Coach,3,Over Speeding,0,0,1,1,5,0,High
2018,12,Thursday,18,KPK,Nowshera,Provincial Highway,Average,Clear,Daylight,Motorcycle,2,Mobile Phone Use,1,0,0,1,0,0,Low
2018,6,Thursday,17,Punjab,Gujranwala,National Highway,Poor,Clear,Daylight,Car/Taxi,1,Mechanical Failure,1,0,0,0,4,1,Medium