year,month,day_of_week,hour_of_day,province,district,road_type,road_condition,weather_condition,lighting_condition,vehicle_type,vehicles_involved,accident_cause,is_rush_hour,is_weekend,is_night,is_foggy_month,num_injured,num_killed,severity
2023,7,Sunday,17,Punjab,Rahim Yar Khan,National Highway,Good,Extreme Heat,Daylight,Bicycle,3,Road Condition,1,1,0,0,8,1,High
2019,10,Saturday,23,Sindh,Dadu,Provincial Highway,Good,Foggy,No Light,Truck/Lorry,2,Drunk Driving,0,1,1,0,6,0,High
2023,6,Wednesday,22,KPK,Swat,Motorway,Good,Clear,Street Light,Car/Taxi,3,Signal Violation,0,0,1,0,4,0,Medium
2022,5,Thursday,8,Sindh,Hyderabad,Urban Road,Good,Clear,Street Light,Car/Taxi,2,Over Speeding,1,0,0,0,1,0,Low
2019,1,Thursday,1,KPK,Mansehra,Rural Road,Poor,Foggy,Street Light,Van/Pickup,2,Pedestrian Error,0,0,1,1,1,0,Low
2021,12,Tuesday,19,Sindh,Karachi,Rural Road,Average,Clear,Dawn/Dusk,Van/Pickup,2,Driver Fatigue,1,0,0,1,2,0,Low
2020,8,Sunday,14,KPK,Mardan,National Highway,Poor,Foggy,Daylight,Motorcycle,4,Mechanical Failure,0,1,0,0,8,1,High
2021,8,Thursday,6,Sindh,Jacobabad,National Highway,Good,Clear,Daylight,Bus/Coach,2,Driver Fatigue,0,0,0,0,7,2,High
2020,11,Tuesday,14,Punjab,Sargodha,National Highway,Average,Clear,Street Light,Truck/Lorry,2,Wrong Overtaking,0,0,0,1,1,0,Medium
2021,9,Monday,19,Balochistan,Hub,Urban Road,Good,Clear,Dawn/Dusk,Motorcycle,4,Wrong Overtaking,1,0,0,0,2,0,Low
2020,9,Friday,12,KPK,Mansehra,National Highway,Poor,Clear,Daylight,Car/Taxi,1,Pedestrian Error,1,0,0,0,2,0,Low
2023,4,Saturday,13,Islamabad,Islamabad,National Highway,Under Repair,Clear,Daylight,Car/Taxi,2,Driver Fatigue,1,1,0,0,1,0,Medium
2023,1,Sunday,21,Sindh,Larkana,Provincial Highway,Good,Dusty/Smoggy,Street Light,Motorcycle,2,Over Speeding,0,1,0,1,4,2,High
2019,1,Saturday,4,KPK,Mardan,Provincial Highway,Poor,Extreme Heat,No Light,Car/Taxi,3,Wrong Overtaking,0,1,1,1,2,2,Medium
2022,1,Tuesday,10,Balochistan,Loralai,National Highway,Average,Foggy,Daylight,Van/Pickup,4,Pedestrian Error,0,0,0,1,4,0,Medium
2022,5,Sunday,19,Punjab,Rahim Yar Khan,Rural Road,Poor,Rainy,Street Light,Motorcycle,2,Over Speeding,1,1,0,0,9,0,High
2020,2,Sunday,10,Balochistan,Hub,Urban Road,Good,Clear,Street Light,Car/Taxi,1,Over Speeding,0,1,0,1,1,0,Medium
2019,6,Tuesday,5,Punjab,Sheikhupura,National Highway,Average,Clear,Street Light,Car/Taxi,2,Weather Condition,0,0,1,0,5,0,Medium
2020,3,Sunday,18,Punjab,Sargodha,Provincial Highway,Good,Extreme Heat,Dawn/Dusk,Motorcycle,2,Drunk Driving,1,1,0,0,1,0,Medium
2020,5,Friday,8,Punjab,Faisalabad,National Highway,Average,Dusty/Smoggy,Daylight,Other,2,Mechanical Failure,1,0,0,0,0,0,Low
2018,11,Sunday,7,Sindh,Karachi,Provincial Highway,Average,Foggy,Daylight,Motorcycle,2,Driver Fatigue,1,1,0,1,2,2,High
2018,4,Wednesday,6,Punjab,Rawalpindi,Provincial Highway,Good,Clear,Daylight,Car/Taxi,1,Over Speeding,0,0,0,0,2,0,Low
2022,10,Thursday,13,Punjab,Bahawalpur,Rural Road,Average,Clear,Daylight,Bus/Coach,1,Wrong Overtaking,1,0,0,0,1,1,Medium
2019,6,Monday,13,Sindh,Nawabshah,Urban Road,Under Repair,Clear,Daylight,Motorcycle,4,Wrong Overtaking,1,0,0,0,0,0,Low
2018,8,Thursday,18,Sindh,Hyderabad,Provincial Highway,Good,Extreme Heat,Daylight,Car/Taxi,1,Over Speeding,1,0,0,0,2,2,Medium
2019,12,Monday,12,Balochistan,Loralai,National Highway,Good,Dusty/Smoggy,Daylight,Rickshaw,4,Over Speeding,1,0,0,1,2,2,Medium
2022,4,Friday,7,Punjab,Bahawalpur,Motorway,Good,Rainy,Daylight,Bus/Coach,1,Road Condition,1,0,0,0,6,0,High
2023,1,Thursday,8,Punjab,Multan,Rural Road,Good,Clear,Street Light,Car/Taxi,1,Wrong Overtaking,1,0,0,1,2,0,Low
2023,3,Thursday,20,Punjab,Bahawalpur,Provincial Highway,Good,Clear,Street Light,Car/Taxi,1,Over Speeding,1,0,0,0,2,0,Medium
2020,11,Sunday,20,Sindh,Kashmore,Provincial Highway,Average,Clear,Street Light,Truck/Lorry,1,Over Speeding,1,1,0,1,5,0,Medium
2018,4,Friday,19,Punjab,Multan,Urban Road,Under Repair,Clear,Dawn/Dusk,Bicycle,1,Signal Violation,1,0,0,0,0,0,Low
2020,11,Friday,4,Punjab,Rawalpindi,Provincial Highway,Average,Clear,No Light,Bus/Coach,1,Pedestrian Error,0,0,1,1,1,0,Low
2022,8,Tuesday,3,Sindh,Thatta,National Highway,Average,Dusty/Smoggy,No Light,Car/Taxi,2,Over Speeding,0,0,1,0,5,0,Medium
2020,8,Sunday,12,Balochistan,Turbat,Urban Road,Average,Clear,Street Light,Motorcycle,2,Pedestrian Error,1,1,0,0,1,0,Medium
2020,1,Thursday,19,Punjab,Multan,Rural Road,Average,Rainy,Dawn/Dusk,Motorcycle,2,Wrong Overtaking,1,0,0,1,2,0,Medium
2023,5,Tuesday,13,Sindh,Jacobabad,National Highway,Poor,Clear,Street Light,Car/Taxi,3,Road Condition,1,0,0,0,0,0,Low
2023,1,Monday,17,Punjab,Lahore,Provincial Highway,Good,Foggy,Daylight,Truck/Lorry,2,Wrong Overtaking,1,0,0,1,2,0,Medium
2020,2,Thursday,11,Punjab,Faisalabad,National Highway,Poor,Foggy,Daylight,Motorcycle,4,Mechanical Failure,0,0,0,1,4,2,High
2021,11,Friday,5,Punjab,Gujranwala,Urban Road,Poor,Clear,No Light,Truck/Lorry,2,Over Speeding,0,0,1,1,8,0,High
2020,9,Monday,12,Sindh,Dadu,Rural Road,Average,Clear,Daylight,Car/Taxi,2,Drunk Driving,1,0,0,0,1,0,Low
2019,2,Sunday,19,Sindh,Karachi,Provincial Highway,Average,Clear,Dawn/Dusk,Rickshaw,3,Driver Fatigue,1,1,0,1,0,0,Low
2019,1,Tuesday,18,Balochistan,Khuzdar,National Highway,Good,Clear,Street Light,Motorcycle,2,Wrong Overtaking,1,0,0,1,3,3,High
2020,3,Sunday,4,Balochistan,Zhob,Urban Road,Average,Clear,No Light,Motorcycle,4,Over Speeding,0,1,1,0,1,0,Medium
2019,11,Wednesday,21,Sindh,Jacobabad,Provincial Highway,Average,Clear,Street Light,Car/Taxi,1,Over Speeding,0,0,0,1,1,0,Low
2018,8,Friday,8,Punjab,Sialkot,Provincial Highway,Good,Rainy,Daylight,Motorcycle,2,Driver Fatigue,1,0,0,0,3,1,High
2018,2,Wednesday,8,KPK,Nowshera,Provincial Highway,Average,Clear,Daylight,Bicycle,3,Mechanical Failure,1,0,0,1,4,1,Medium
2018,3,Tuesday,22,KPK,Charsadda,Rural Road,Good,Dusty/Smoggy,No Light,Motorcycle,2,Over Speeding,0,0,1,0,3,4,High
2023,12,Saturday,10,KPK,Dera Ismail Khan,Provincial Highway,Poor,Clear,Street Light,Motorcycle,2,Mechanical Failure,0,1,0,1,2,0,Low
2022,12,Thursday,13,Punjab,Sialkot,Provincial Highway,Poor,Clear,Daylight,Car/Taxi,2,Over Speeding,1,0,0,1,1,0,Low
2022,12,Monday,9,KPK,Peshawar,National Highway,Under Repair,Foggy,No Light,Car/Taxi,1,Over Speeding,1,0,0,1,4,0,High
2023,8,Monday,11,Balochistan,Gwadar,Provincial Highway,Good,Rainy,Daylight,Car/Taxi,3,Pedestrian Error,0,0,0,0,0,0,Low
2019,7,Friday,15,Sindh,Karachi,Rural Road,Good,Clear,Daylight,Motorcycle,3,Wrong Overtaking,0,0,0,0,5,1,Medium
2021,8,Tuesday,20,KPK,Kohat,National Highway,Poor,Dusty/Smoggy,Street Light,Motorcycle,1,Over Speeding,1,0,0,0,4,1,High
2021,2,Friday,9,KPK,Charsadda,National Highway,Good,Clear,Daylight,Bus/Coach,2,Over Speeding,1,0,0,1,3,3,High
2022,6,Sunday,13,Sindh,Hyderabad,Provincial Highway,Good,Clear,Daylight,Motorcycle,4,Wrong Overtaking,1,1,0,0,1,0,Medium
2022,10,Thursday,10,KPK,Kohat,National Highway,Poor,Clear,Daylight,Rickshaw,1,Over Speeding,0,0,0,0,3,0,High
2019,11,Saturday,21,KPK,Mansehra,Rural Road,Under Repair,Clear,No Light,Motorcycle,1,Pedestrian Error,0,1,0,1,0,0,Low
2018,6,Tuesday,2,Balochistan,Khuzdar,Urban Road,Poor,Clear,Street Light,Motorcycle,3,Wrong Overtaking,0,0,1,0,3,4,High
2021,4,Wednesday,2,Islamabad,Islamabad,Rural Road,Good,Clear,No Light,Car/Taxi,1,Over Speeding,0,0,1,0,0,0,Low
2021,12,Friday,7,Sindh,Hyderabad,Urban Road,Average,Foggy,Daylight,Car/Taxi,3,Mobile Phone Use,1,0,0,1,2,0,Low
2023,11,Sunday,8,Punjab,Multan,Urban Road,Under Repair,Clear,Daylight,Bus/Coach,1,Signal Violation,1,1,0,1,1,0,Medium
2020,12,Friday,8,Punjab,Rahim Yar Khan,Provincial Highway,Good,Extreme Heat,Daylight,Bicycle,2,Mobile Phone Use,1,0,0,1,3,0,Medium
2022,4,Saturday,1,Islamabad,Islamabad,Provincial Highway,Good,Clear,Street Light,Rickshaw,1,Pedestrian Error,0,1,1,0,0,1,Low
2019,1,Sunday,6,Punjab,Rahim Yar Khan,Urban Road,Good,Clear,Dawn/Dusk,Motorcycle,2,Driver Fatigue,0,1,0,1,2,0,Medium
2023,6,Thursday,19,Punjab,Rahim Yar Khan,National Highway,Poor,Clear,Dawn/Dusk,Rickshaw,2,Over Speeding,1,0,0,0,10,0,High
2021,12,Sunday,16,Sindh,Thatta,National Highway,Average,Rainy,Daylight,Motorcycle,1,Wrong Overtaking,0,1,0,1,5,4,High
2022,8,Saturday,12,Punjab,Faisalabad,National Highway,Good,Clear,Daylight,Motorcycle,2,Mobile Phone Use,1,1,0,0,5,4,High
2019,5,Thursday,19,Sindh,Sukkur,National Highway,Under Repair,Clear,Dawn/Dusk,Motorcycle,3,Drunk Driving,1,0,0,0,10,1,High
2020,2,Tuesday,6,KPK,Mardan,National Highway,Average,Clear,Daylight,Motorcycle,2,Over Speeding,0,0,0,1,9,0,High
2020,7,Thursday,23,Punjab,Lahore,Rural Road,Average,Clear,Street Light,Van/Pickup,1,Driver Fatigue,0,0,1,0,3,0,Medium
2020,6,Wednesday,20,KPK,Peshawar,National Highway,Good,Clear,Street Light,Bus/Coach,1,Over Speeding,1,0,0,0,2,0,Medium
2022,10,Thursday,19,KPK,Dera Ismail Khan,National Highway,Average,Clear,Dawn/Dusk,Rickshaw,3,Over Speeding,1,0,0,0,1,2,Medium
2020,11,Friday,14,Sindh,Sukkur,National Highway,Average,Foggy,Street Light,Motorcycle,2,Signal Violation,0,0,0,1,3,2,High
2021,3,Friday,20,Punjab,Lahore,Provincial Highway,Good,Clear,No Light,Motorcycle,3,Over Speeding,1,0,0,0,7,2,High
2023,1,Monday,12,Balochistan,Chaman,National Highway,Poor,Clear,Daylight,Bicycle,2,Pedestrian Error,1,0,0,1,2,1,Medium
2023,2,Friday,10,Punjab,Lahore,Rural Road,Good,Clear,Daylight,Bicycle,4,Over Speeding,0,0,0,1,7,1,High
2020,5,Monday,23,Punjab,Rawalpindi,National Highway,Average,Rainy,No Light,Car/Taxi,2,Pedestrian Error,0,0,1,0,1,0,Medium
2021,5,Thursday,19,Sindh,Kashmore,Rural Road,Good,Foggy,Street Light,Truck/Lorry,3,Drunk Driving,1,0,0,0,2,1,Medium
2021,6,Friday,18,Islamabad,Islamabad,Rural Road,Poor,Extreme Heat,Dawn/Dusk,Bus/Coach,2,Wrong Overtaking,1,0,0,0,2,2,Medium
2021,5,Friday,23,Sindh,Dadu,Urban Road,Good,Rainy,No Light,Motorcycle,2,Over Speeding,0,0,1,0,6,3,High
2020,11,Monday,18,KPK,Abbottabad,Provincial Highway,Good,Foggy,No Light,Motorcycle,1,Road Condition,1,0,0,1,4,1,Medium
2019,2,Monday,18,Sindh,Dadu,National Highway,Average,Clear,Daylight,Car/Taxi,2,Road Condition,1,0,0,1,4,1,Medium
2019,9,Sunday,8,Punjab,Lahore,National Highway,Average,Rainy,Daylight,Bus/Coach,1,Mechanical Failure,1,1,0,0,10,2,High
2020,5,Saturday,20,Punjab,Sialkot,Urban Road,Good,Extreme Heat,No Light,Bus/Coach,4,Over Speeding,1,1,0,0,1,0,Medium
2019,7,Thursday,8,Punjab,Sargodha,Rural Road,Average,Clear,Daylight,Motorcycle,2,Road Condition,1,0,0,0,0,0,Low
2022,6,Saturday,21,Punjab,Multan,National Highway,Under Repair,Clear,No Light,Car/Taxi,1,Signal Violation,0,1,0,0,3,0,Medium
2023,2,Tuesday,11,Sindh,Larkana,Provincial Highway,Good,Clear,Daylight,Rickshaw,2,Signal Violation,0,0,0,1,1,0,Low
2023,2,Friday,15,Punjab,Sheikhupura,Urban Road,Good,Clear,Daylight,Motorcycle,2,Weather Condition,0,0,0,1,4,0,Medium
2020,9,Friday,20,Balochistan,Gwadar,Provincial Highway,Average,Foggy,Street Light,Motorcycle,2,Signal Violation,1,0,0,0,1,1,Medium
2022,8,Tuesday,12,AJK,Muzaffarabad,Rural Road,Good,Foggy,Daylight,Car/Taxi,3,Wrong Overtaking,1,0,0,0,2,1,Medium
2023,4,Wednesday,10,Sindh,Jacobabad,Provincial Highway,Average,Dusty/Smoggy,Daylight,Bus/Coach,2,Over Speeding,0,0,0,0,4,2,Medium
2022,9,Friday,14,Sindh,Nawabshah,Provincial Highway,Good,Clear,Street Light,Motorcycle,2,Over Speeding,0,0,0,0,11,4,High
2023,11,Wednesday,8,Punjab,Multan,Provincial Highway,Poor,Clear,Street Light,Truck/Lorry,2,Over Speeding,1,0,0,1,3,1,Medium
2018,3,Monday,16,Sindh,Thatta,Rural Road,Average,Clear,Daylight,Van/Pickup,1,Mechanical Failure,0,0,0,0,2,0,Low
2022,12,Tuesday,7,Sindh,Dadu,National Highway,Good,Rainy,Daylight,Motorcycle,4,Over Speeding,1,0,0,1,3,2,High
2023,6,Wednesday,7,Punjab,Gujranwala,Provincial Highway,Poor,Foggy,Daylight,Rickshaw,3,Driver Fatigue,1,0,0,0,4,2,High
2023,7,Friday,10,Punjab,Bahawalpur,Rural Road,Poor,Extreme Heat,Daylight,Van/Pickup,2,Wrong Overtaking,0,0,0,0,0,0,Low
2020,12,Friday,18,Sindh,Larkana,Provincial Highway,Average,Clear,Daylight,Rickshaw,1,Over Speeding,1,0,0,1,0,0,Low
2023,2,Tuesday,21,Sindh,Kashmore,Provincial Highway,Good,Foggy,Street Light,Rickshaw,1,Wrong Overtaking,0,0,0,1,4,0,Medium
2020,4,Sunday,15,KPK,Bannu,Rural Road,Good,Foggy,Daylight,Motorcycle,3,Over Speeding,0,1,0,0,9,0,High
2019,3,Wednesday,10,Islamabad,Islamabad,Provincial Highway,Good,Rainy,Dawn/Dusk,Truck/Lorry,3,Over Speeding,0,0,0,0,10,2,High
2022,7,Wednesday,19,KPK,Nowshera,Rural Road,Average,Foggy,Street Light,Bicycle,3,Wrong Overtaking,1,0,0,0,3,0,Medium
2020,12,Friday,21,Punjab,Bahawalpur,Urban Road,Good,Clear,Street Light,Car/Taxi,4,Signal Violation,0,0,0,1,0,0,Low
2022,1,Friday,10,KPK,Peshawar,Urban Road,Average,Clear,No Light,Motorcycle,2,Signal Violation,0,0,0,1,1,1,Medium
2018,6,Sunday,16,Sindh,Nawabshah,Rural Road,Average,Clear,Daylight,Rickshaw,1,Over Speeding,0,1,0,0,2,0,Low
2021,12,Sunday,0,KPK,Peshawar,Rural Road,Good,Clear,No Light,Bicycle,1,Signal Violation,0,1,1,1,5,2,High
2023,5,Friday,14,Balochistan,Loralai,Provincial Highway,Good,Clear,Dawn/Dusk,Bus/Coach,3,Wrong Overtaking,0,0,0,0,0,0,Low
2019,7,Saturday,8,Punjab,Multan,Provincial Highway,Average,Clear,Daylight,Car/Taxi,1,Signal Violation,1,1,0,0,3,2,Medium
2023,8,Monday,2,Punjab,Sargodha,Urban Road,Average,Clear,No Light,Motorcycle,1,Pedestrian Error,0,0,1,0,2,1,Medium
2019,4,Wednesday,23,Sindh,Karachi,National Highway,Poor,Rainy,No Light,Truck/Lorry,4,Driver Fatigue,0,0,1,0,2,0,High
2020,6,Tuesday,9,Punjab,Rahim Yar Khan,National Highway,Good,Rainy,Daylight,Motorcycle,1,Wrong Overtaking,1,0,0,0,11,1,High
2022,1,Friday,10,KPK,Abbottabad,Motorway,Average,Foggy,Daylight,Car/Taxi,2,Wrong Overtaking,0,0,0,1,4,1,Medium
2019,5,Sunday,14,KPK,Abbottabad,Provincial Highway,Good,Clear,Daylight,Motorcycle,2,Signal Violation,0,1,0,0,4,2,High
2019,1,Friday,9,Punjab,Sheikhupura,Provincial Highway,Good,Clear,Daylight,Car/Taxi,4,Over Speeding,1,0,0,1,1,0,Low
2021,6,Tuesday,3,Sindh,Nawabshah,National Highway,Average,Foggy,No Light,Car/Taxi,2,Road Condition,0,0,1,0,5,1,Medium
2021,8,Wednesday,5,Sindh,Jacobabad,Urban Road,Good,Foggy,Dawn/Dusk,Motorcycle,1,Driver Fatigue,0,0,1,0,10,1,High
2021,5,Thursday,15,Punjab,Bahawalpur,Rural Road,Poor,Clear,Street Light,Motorcycle,3,Over Speeding,0,0,0,0,2,1,Medium
2018,11,Monday,19,KPK,Kohat,Motorway,Poor,Clear,Dawn/Dusk,Bicycle,2,Over Speeding,1,0,0,1,4,3,High
2021,6,Friday,15,Sindh,Larkana,Provincial Highway,Poor,Clear,Daylight,Motorcycle,2,Over Speeding,0,0,0,0,4,0,Medium
2021,4,Thursday,18,Sindh,Sukkur,Rural Road,Average,Rainy,No Light,Motorcycle,2,Signal Violation,1,0,0,0,5,0,Medium
2022,3,Friday,14,KPK,Mansehra,Provincial Highway,Good,Clear,Daylight,Motorcycle,2,Road Condition,0,0,0,0,1,1,Medium
2023,4,Monday,9,KPK,Dera Ismail Khan,Rural Road,Poor,Clear,Daylight,Van/Pickup,1,Driver Fatigue,1,0,0,0,0,0,Low
2022,9,Monday,9,Punjab,Sargodha,National Highway,Average,Rainy,Daylight,Car/Taxi,3,Over Speeding,1,0,0,0,1,0,Medium
2020,3,Tuesday,21,KPK,Mardan,Provincial Highway,Average,Dusty/Smoggy,Street Light,Motorcycle,1,Over Speeding,0,0,0,0,4,2,High
2018,9,Sunday,18,Sindh,Hyderabad,Rural Road,Average,Clear,Daylight,Motorcycle,2,Signal Violation,1,1,0,0,1,1,Medium
2022,4,Saturday,13,KPK,Dera Ismail Khan,Provincial Highway,Poor,Clear,Daylight,Car/Taxi,2,Over Speeding,1,1,0,0,2,1,Low
2019,11,Saturday,21,Punjab,Faisalabad,Urban Road,Good,Extreme Heat,Street Light,Car/Taxi,4,Wrong Overtaking,0,1,0,1,0,0,Low
2018,6,Wednesday,8,Punjab,Bahawalpur,Urban Road,Average,Clear,Street Light,Bus/Coach,1,Over Speeding,1,0,0,0,5,0,Medium
2018,7,Wednesday,3,KPK,Peshawar,National Highway,Good,Clear,No Light,Motorcycle,4,Driver Fatigue,0,0,1,0,3,2,High
2023,11,Thursday,7,Punjab,Rawalpindi,National Highway,Under Repair,Clear,Daylight,Motorcycle,3,Wrong Overtaking,1,0,0,1,4,4,High
2021,7,Sunday,20,Sindh,Jacobabad,National Highway,Good,Extreme Heat,No Light,Motorcycle,2,Wrong Overtaking,1,1,0,0,6,2,High
2018,6,Monday,7,Sindh,Karachi,Provincial Highway,Average,Rainy,Daylight,Rickshaw,2,Driver Fatigue,1,0,0,0,5,1,Medium
2022,11,Wednesday,14,Sindh,Hyderabad,Urban Road,Poor,Clear,Daylight,Motorcycle,1,Driver Fatigue,0,0,0,1,4,0,Medium
2021,12,Saturday,20,Punjab,Gujranwala,National Highway,Poor,Rainy,Street Light,Motorcycle,1,Over Speeding,1,1,0,1,6,0,High
2019,11,Sunday,13,Punjab,Multan,Urban Road,Average,Clear,Daylight,Car/Taxi,4,Mechanical Failure,1,1,0,1,0,0,Low
2019,7,Wednesday,18,Punjab,Rawalpindi,National Highway,Poor,Clear,Daylight,Motorcycle,2,Pedestrian Error,1,0,0,0,5,0,High
2020,3,Friday,5,Sindh,Thatta,National Highway,Average,Rainy,Street Light,Car/Taxi,3,Pedestrian Error,0,0,1,0,5,0,Medium
2018,8,Thursday,19,Balochistan,Sibi,Urban Road,Average,Clear,Dawn/Dusk,Car/Taxi,2,Wrong Overtaking,1,0,0,0,2,0,Low
2021,1,Saturday,15,Punjab,Faisalabad,Rural Road,Average,Clear,Street Light,Van/Pickup,1,Signal Violation,0,1,0,1,1,0,Low
2019,7,Friday,17,KPK,Dera Ismail Khan,Urban Road,Average,Clear,Daylight,Motorcycle,2,Signal Violation,1,0,0,0,1,2,Medium
2022,9,Saturday,18,Punjab,Sialkot,Provincial Highway,Good,Clear,Daylight,Car/Taxi,1,Over Speeding,1,1,0,0,4,1,Medium
2019,6,Saturday,12,Balochistan,Sibi,Rural Road,Poor,Clear,Daylight,Rickshaw,2,Wrong Overtaking,1,1,0,0,2,0,Low
2021,11,Monday,9,Punjab,Sargodha,National Highway,Under Repair,Clear,Street Light,Motorcycle,2,Over Speeding,1,0,0,1,7,1,High
2020,9,Thursday,22,Punjab,Sialkot,National Highway,Average,Clear,No Light,Bicycle,1,Road Condition,0,0,1,0,6,1,High
2023,6,Tuesday,13,KPK,Bannu,National Highway,Average,Foggy,Daylight,Bus/Coach,2,Pedestrian Error,1,0,0,0,9,3,High
2021,5,Thursday,12,Sindh,Jacobabad,Provincial Highway,Poor,Dusty/Smoggy,Street Light,Motorcycle,1,Driver Fatigue,1,0,0,0,5,0,High
2023,5,Saturday,12,Punjab,Faisalabad,Urban Road,Good,Rainy,Daylight,Rickshaw,3,Over Speeding,1,1,0,0,3,0,Medium
2020,12,Saturday,23,Punjab,Sargodha,Rural Road,Poor,Foggy,No Light,Truck/Lorry,2,Road Condition,0,1,1,1,1,1,Medium
2018,2,Tuesday,22,Punjab,Sialkot,Urban Road,Poor,Clear,No Light,Motorcycle,3,Over Speeding,0,0,1,1,3,2,High
2020,1,Monday,14,KPK,Abbottabad,Provincial Highway,Good,Clear,Daylight,Motorcycle,2,Road Condition,0,0,0,1,2,2,Medium
2022,3,Saturday,8,Islamabad,Islamabad,National Highway,Good,Foggy,Daylight,Motorcycle,3,Wrong Overtaking,1,1,0,0,4,0,High
2021,8,Tuesday,18,Punjab,Rahim Yar Khan,Rural Road,Good,Clear,Daylight,Bus/Coach,2,Pedestrian Error,1,0,0,0,2,0,Low
2018,5,Saturday,13,Sindh,Karachi,Urban Road,Under Repair,Clear,Daylight,Car/Taxi,2,Wrong Overtaking,1,1,0,0,0,0,Low
2022,6,Thursday,17,Punjab,Lahore,Provincial Highway,Poor,Clear,Daylight,Motorcycle,2,Over Speeding,1,0,0,0,5,0,High
2022,12,Sunday,9,Punjab,Sheikhupura,Provincial Highway,Good,Clear,Daylight,Car/Taxi,2,Driver Fatigue,1,1,0,1,2,0,Medium
2022,12,Saturday,19,Sindh,Dadu,Provincial Highway,Average,Foggy,Dawn/Dusk,Motorcycle,2,Wrong Overtaking,1,1,0,1,6,4,High
2023,6,Wednesday,16,KPK,Kohat,Rural Road,Average,Clear,Daylight,Motorcycle,2,Drunk Driving,0,0,0,0,11,2,High
2019,6,Wednesday,17,Punjab,Faisalabad,Urban Road,Poor,Foggy,Daylight,Bus/Coach,1,Pedestrian Error,1,0,0,0,2,0,Low
2019,2,Sunday,9,KPK,Abbottabad,National Highway,Average,Clear,No Light,Car/Taxi,3,Pedestrian Error,1,1,0,1,1,0,Low
2021,8,Friday,7,Punjab,Sialkot,Rural Road,Good,Rainy,Daylight,Car/Taxi,3,Signal Violation,1,0,0,0,1,0,Medium
2019,7,Sunday,3,KPK,Charsadda,Provincial Highway,Good,Rainy,No Light,Truck/Lorry,1,Mobile Phone Use,0,1,1,0,2,0,Medium
2018,6,Thursday,7,Sindh,Dadu,Urban Road,Average,Dusty/Smoggy,Street Light,Motorcycle,2,Mechanical Failure,1,0,0,0,2,1,Low
2019,11,Monday,18,Punjab,Sialkot,National Highway,Poor,Clear,Daylight,Car/Taxi,2,Pedestrian Error,1,0,0,1,3,1,Medium
2023,2,Saturday,13,KPK,Kohat,Provincial Highway,Good,Clear,Daylight,Car/Taxi,2,Over Speeding,1,1,0,1,2,0,Low
2023,6,Sunday,5,Punjab,Lahore,Provincial Highway,Average,Clear,Dawn/Dusk,Car/Taxi,3,Mechanical Failure,0,1,1,0,0,0,Low
2021,7,Wednesday,9,Punjab,Sargodha,Urban Road,Average,Clear,Daylight,Car/Taxi,3,Over Speeding,1,0,0,0,1,2,Medium
2021,9,Thursday,13,Punjab,Rahim Yar Khan,Urban Road,Average,Foggy,Daylight,Motorcycle,2,Over Speeding,1,0,0,0,2,0,Medium
2021,11,Thursday,22,Punjab,Gujranwala,National Highway,Good,Foggy,Street Light,Motorcycle,2,Drunk Driving,0,0,1,1,7,2,High
2021,11,Wednesday,21,Punjab,Lahore,Urban Road,Good,Extreme Heat,No Light,Motorcycle,3,Road Condition,0,0,0,1,0,1,Low
2020,11,Friday,9,Punjab,Gujranwala,Provincial Highway,Average,Foggy,Daylight,Motorcycle,1,Driver Fatigue,1,0,0,1,3,3,High
2018,12,Sunday,3,Punjab,Multan,Urban Road,Good,Foggy,No Light,Bus/Coach,2,Wrong Overtaking,0,1,1,1,9,2,High
2023,10,Saturday,11,Punjab,Multan,National Highway,Good,Rainy,Daylight,Bus/Coach,2,Drunk Driving,0,1,0,0,8,1,High
2022,5,Friday,16,Islamabad,Islamabad,National Highway,Good,Clear,Daylight,Rickshaw,2,Mechanical Failure,0,0,0,0,2,0,Low
2020,9,Friday,14,KPK,Charsadda,Motorway,Poor,Clear,Daylight,Van/Pickup,2,Over Speeding,0,0,0,0,9,0,High
2020,2,Wednesday,8,Punjab,Faisalabad,Provincial Highway,Poor,Foggy,Daylight,Bus/Coach,1,Wrong Overtaking,1,0,0,1,1,0,Medium
2023,12,Saturday,17,KPK,Bannu,National Highway,Good,Clear,Daylight,Motorcycle,2,Pedestrian Error,1,1,0,1,3,0,Medium
2023,11,Saturday,23,KPK,Abbottabad,Provincial Highway,Good,Rainy,Street Light,Bus/Coach,2,Over Speeding,0,1,1,1,11,2,High
2023,3,Friday,12,Punjab,Sialkot,Urban Road,Average,Clear,Daylight,Motorcycle,2,Drunk Driving,1,0,0,0,6,0,High
2021,12,Monday,11,Punjab,Faisalabad,Provincial Highway,Good,Rainy,Daylight,Motorcycle,2,Over Speeding,0,0,0,1,6,0,High
2023,4,Saturday,12,Balochistan,Sibi,National Highway,Poor,Clear,Daylight,Motorcycle,2,Road Condition,1,1,0,0,1,0,Medium
2023,10,Thursday,20,KPK,Peshawar,Provincial Highway,Average,Foggy,Street Light,Bus/Coach,2,Pedestrian Error,1,0,0,0,3,1,Medium
2022,1,Thursday,6,KPK,Charsadda,Rural Road,Good,Rainy,Daylight,Motorcycle,1,Mobile Phone Use,0,0,0,1,1,2,Medium
2022,7,Monday,18,Sindh,Kashmore,Provincial Highway,Good,Clear,Street Light,Truck/Lorry,2,Mechanical Failure,1,0,0,0,2,0,Low