year,month,day_of_week,hour_of_day,province,district,road_type,road_condition,weather_condition,lighting_condition,vehicle_type,vehicles_involved,accident_cause,is_rush_hour,is_weekend,is_night,is_foggy_month,num_injured,num_killed,severity
2021,9,Sunday,11,KPK,Abbottabad,Provincial Highway,Poor,Clear,Street Light,Bus/Coach,3,Pedestrian Error,0,1,0,0,2,0,Low
2019,7,Sunday,20,Sindh,Nawabshah,Rural Road,Poor,Rainy,No Light,Bus/Coach,3,Wrong Overtaking,1,1,0,0,1,0,Low
2020,10,Wednesday,18,KPK,Abbottabad,Provincial Highway,Poor,Clear,Dawn/Dusk,Van/Pickup,3,Over Speeding,1,0,0,0,4,0,Medium
2019,7,Tuesday,14,KPK,Mansehra,Urban Road,Poor,Dusty/Smoggy,Daylight,Motorcycle,3,Driver Fatigue,0,0,0,0,2,0,Medium
2022,8,Tuesday,16,Punjab,Lahore,Urban Road,Under Repair,Clear,Daylight,Car/Taxi,3,Mechanical Failure,0,0,0,0,0,0,Low
2019,9,Saturday,20,Sindh,Jacobabad,Provincial Highway,Average,Foggy,No Light,Motorcycle,4,Over Speeding,1,1,0,0,5,1,High
2021,12,Tuesday,10,Sindh,Nawabshah,Rural Road,Average,Clear,Daylight,Truck/Lorry,1,Road Condition,0,0,0,1,0,0,Low
2019,1,Tuesday,13,Punjab,Sargodha,Urban Road,Good,Extreme Heat,Daylight,Motorcycle,1,Driver Fatigue,1,0,0,1,5,0,Medium
2023,7,Saturday,16,Punjab,Gujranwala,Motorway,Poor,Clear,Daylight,Motorcycle,2,Signal Violation,0,1,0,0,3,1,Medium
2023,11,Friday,7,Balochistan,Chaman,National Highway,Average,Foggy,Daylight,Car/Taxi,4,Drunk Driving,1,0,0,1,9,1,High
2023,6,Sunday,21,Islamabad,Islamabad,Provincial Highway,Poor,Extreme Heat,No Light,Car/Taxi,1,Over Speeding,0,1,0,0,5,0,Medium
2022,7,Thursday,23,KPK,Bannu,Urban Road,Poor,Foggy,Street Light,Motorcycle,4,Wrong Overtaking,0,0,1,0,1,0,Medium
2022,8,Saturday,9,Punjab,Sheikhupura,National Highway,Good,Foggy,Daylight,Motorcycle,1,Mechanical Failure,1,1,0,0,11,1,High
2023,6,Monday,18,Punjab,Sialkot,National Highway,Poor,Clear,Daylight,Motorcycle,2,Over Speeding,1,0,0,0,3,2,High
2021,5,Wednesday,13,Punjab,Bahawalpur,Urban Road,Good,Clear,Street Light,Car/Taxi,1,Over Speeding,1,0,0,0,3,0,Medium
2020,12,Tuesday,16,Sindh,Jacobabad,Motorway,Good,Foggy,Daylight,Car/Taxi,2,Wrong Overtaking,0,0,0,1,4,1,Medium
2022,2,Wednesday,14,KPK,Kohat,Rural Road,Under Repair,Clear,No Light,Bus/Coach,3,Wrong Overtaking,0,0,0,1,2,1,Low
2018,10,Tuesday,21,Balochistan,Loralai,Provincial Highway,Average,Extreme Heat,No Light,Bus/Coach,3,Pedestrian Error,0,0,0,0,3,0,Medium
2019,12,Monday,19,Balochistan,Quetta,National Highway,Good,Clear,Daylight,Rickshaw,2,Mobile Phone Use,1,0,0,1,2,0,Low
2018,1,Sunday,9,Punjab,Gujranwala,National Highway,Good,Clear,Daylight,Bus/Coach,3,Driver Fatigue,1,1,0,1,3,1,Medium
2019,9,Thursday,20,Punjab,Multan,Provincial Highway,Good,Clear,No Light,Van/Pickup,3,Over Speeding,1,0,0,0,0,0,Low
2018,3,Thursday,12,Balochistan,Hub,Provincial Highway,Under Repair,Foggy,Daylight,Rickshaw,2,Over Speeding,1,0,0,0,4,0,Medium
2020,11,Sunday,19,Balochistan,Loralai,Urban Road,Poor,Dusty/Smoggy,Street Light,Car/Taxi,3,Wrong Overtaking,1,1,0,1,1,0,Low
2022,11,Tuesday,18,Sindh,Kashmore,Provincial Highway,Average,Clear,Daylight,Motorcycle,2,Over Speeding,1,0,0,1,5,0,Medium
2021,5,Wednesday,17,Sindh,Mirpur Khas,Provincial Highway,Average,Foggy,Daylight,Truck/Lorry,1,Road Condition,1,0,0,0,2,0,Low
2020,3,Monday,8,Sindh,Hyderabad,Rural Road,Average,Dusty/Smoggy,Daylight,Motorcycle,2,Over Speeding,1,0,0,0,3,0,Medium
2020,11,Friday,13,Sindh,Mirpur Khas,Provincial Highway,Average,Clear,Daylight,Car/Taxi,2,Drunk Driving,1,0,0,1,1,0,Low
2022,1,Thursday,7,Punjab,Faisalabad,National Highway,Poor,Dusty/Smoggy,Daylight,Bus/Coach,1,Signal Violation,1,0,0,1,10,0,High
2020,12,Tuesday,20,Punjab,Faisalabad,Provincial Highway,Good,Clear,No Light,Motorcycle,2,Signal Violation,1,0,0,1,2,0,Medium
2018,12,Saturday,11,Sindh,Thatta,Rural Road,Poor,Clear,Daylight,Motorcycle,2,Over Speeding,0,1,0,1,3,1,Medium
2023,2,Tuesday,9,Punjab,Faisalabad,Provincial Highway,Poor,Foggy,Street Light,Truck/Lorry,2,Over Speeding,1,0,0,1,1,1,Medium
2020,1,Wednesday,4,Gilgit-Baltistan,Skardu,Urban Road,Poor,Clear,Street Light,Motorcycle,4,Pedestrian Error,0,0,1,1,2,0,Medium
2022,2,Monday,15,Punjab,Lahore,Rural Road,Average,Clear,Daylight,Motorcycle,2,Mechanical Failure,0,0,0,1,0,0,Low
2019,11,Tuesday,5,Sindh,Sukkur,National Highway,Good,Foggy,Dawn/Dusk,Motorcycle,1,Wrong Overtaking,0,0,1,1,4,1,High
2018,10,Thursday,9,Sindh,Kashmore,Provincial Highway,Poor,Foggy,Daylight,Rickshaw,1,Mechanical Failure,1,0,0,0,1,0,Low
2018,7,Friday,17,Sindh,Kashmore,Provincial Highway,Good,Foggy,Daylight,Motorcycle,3,Over Speeding,1,0,0,0,10,1,High
2020,6,Tuesday,8,Punjab,Sargodha,Provincial Highway,Good,Rainy,Daylight,Car/Taxi,2,Mobile Phone Use,1,0,0,0,2,0,Low
2018,7,Sunday,15,Sindh,Karachi,National Highway,Poor,Clear,Daylight,Car/Taxi,4,Mechanical Failure,0,1,0,0,2,0,Low
2018,7,Friday,14,Punjab,Lahore,National Highway,Good,Clear,Dawn/Dusk,Motorcycle,1,Road Condition,0,0,0,0,2,0,Medium
2023,1,Thursday,16,Punjab,Sargodha,Provincial Highway,Average,Clear,Daylight,Car/Taxi,2,Over Speeding,0,0,0,1,2,0,Low
2021,2,Sunday,7,Punjab,Rawalpindi,Rural Road,Good,Clear,Dawn/Dusk,Motorcycle,1,Over Speeding,1,1,0,1,7,0,High
2022,7,Thursday,23,Punjab,Sialkot,National Highway,Average,Clear,No Light,Car/Taxi,1,Over Speeding,0,0,1,0,7,0,High
2018,12,Monday,3,Islamabad,Islamabad,National Highway,Poor,Clear,Street Light,Motorcycle,1,Wrong Overtaking,0,0,1,1,7,1,High
2019,1,Sunday,19,KPK,Nowshera,National Highway,Average,Dusty/Smoggy,No Light,Van/Pickup,2,Over Speeding,1,1,0,1,5,0,High
2019,7,Tuesday,6,Punjab,Lahore,National Highway,Good,Clear,Daylight,Rickshaw,2,Weather Condition,0,0,0,0,1,0,Low
2023,8,Friday,10,Islamabad,Islamabad,Provincial Highway,Good,Clear,Daylight,Bus/Coach,2,Mobile Phone Use,0,0,0,0,0,0,Low
2023,10,Thursday,6,Punjab,Multan,Provincial Highway,Good,Clear,No Light,Van/Pickup,2,Over Speeding,0,0,0,0,1,0,Medium
2022,1,Tuesday,16,Punjab,Rawalpindi,Rural Road,Good,Rainy,Daylight,Rickshaw,1,Wrong Overtaking,0,0,0,1,1,0,Low
2023,2,Monday,19,Punjab,Sheikhupura,National Highway,Poor,Clear,Dawn/Dusk,Motorcycle,1,Signal Violation,1,0,0,1,1,2,Medium
2018,10,Friday,21,KPK,Charsadda,National Highway,Poor,Clear,Street Light,Motorcycle,1,Over Speeding,0,0,0,0,2,1,High
2021,6,Monday,13,Sindh,Jacobabad,Urban Road,Average,Foggy,Dawn/Dusk,Motorcycle,1,Over Speeding,1,0,0,0,5,4,High
2023,10,Saturday,23,Punjab,Sheikhupura,Provincial Highway,Average,Clear,Street Light,Bus/Coach,3,Driver Fatigue,0,1,1,0,1,2,Medium
2018,5,Wednesday,15,Punjab,Sheikhupura,Provincial Highway,Good,Clear,Dawn/Dusk,Bicycle,3,Road Condition,0,0,0,0,2,0,Low
2023,12,Friday,9,Sindh,Karachi,Rural Road,Good,Foggy,Daylight,Rickshaw,2,Signal Violation,1,0,0,1,3,1,Medium
2022,8,Wednesday,18,Sindh,Kashmore,National Highway,Average,Clear,Daylight,Rickshaw,2,Road Condition,1,0,0,0,1,0,Low
2023,7,Tuesday,6,KPK,Nowshera,Provincial Highway,Good,Clear,Daylight,Car/Taxi,1,Pedestrian Error,0,0,0,0,2,0,Low
2023,2,Tuesday,7,Sindh,Jacobabad,Provincial Highway,Good,Clear,Dawn/Dusk,Motorcycle,1,Signal Violation,1,0,0,1,3,2,High
2022,11,Tuesday,15,KPK,Bannu,Provincial Highway,Average,Extreme Heat,Daylight,Car/Taxi,2,Mechanical Failure,0,0,0,1,2,0,Low
2020,1,Wednesday,22,KPK,Mansehra,National Highway,Good,Dusty/Smoggy,Street Light,Rickshaw,1,Wrong Overtaking,0,0,1,1,3,1,Medium
2020,2,Thursday,10,Sindh,Nawabshah,Urban Road,Average,Clear,Daylight,Car/Taxi,3,Wrong Overtaking,0,0,0,1,2,0,Low
2020,9,Thursday,19,Punjab,Rawalpindi,Urban Road,Average,Foggy,Dawn/Dusk,Car/Taxi,4,Pedestrian Error,1,0,0,0,0,0,Low
2021,8,Tuesday,14,Punjab,Lahore,Urban Road,Good,Foggy,No Light,Rickshaw,4,Road Condition,0,0,0,0,2,0,Low
2019,2,Friday,10,Sindh,Nawabshah,Provincial Highway,Good,Foggy,Daylight,Motorcycle,2,Signal Violation,0,0,0,1,4,0,Medium
2020,2,Sunday,11,KPK,Peshawar,Rural Road,Under Repair,Extreme Heat,Daylight,Rickshaw,2,Mechanical Failure,0,1,0,1,2,0,Low
2023,1,Sunday,10,Punjab,Gujranwala,Provincial Highway,Average,Clear,Daylight,Car/Taxi,2,Signal Violation,0,1,0,1,5,2,Medium
2020,8,Sunday,20,Sindh,Sukkur,National Highway,Good,Clear,No Light,Motorcycle,2,Signal Violation,1,1,0,0,6,3,High
2023,7,Sunday,17,Punjab,Rahim Yar Khan,Rural Road,Poor,Dusty/Smoggy,Daylight,Truck/Lorry,1,Over Speeding,1,1,0,0,3,0,Medium
2023,5,Saturday,22,Punjab,Sheikhupura,National Highway,Under Repair,Clear,Street Light,Car/Taxi,1,Over Speeding,0,1,1,0,2,0,Medium
2019,5,Friday,22,Punjab,Lahore,Motorway,Average,Clear,Street Light,Motorcycle,1,Over Speeding,0,0,1,0,2,1,High
2021,9,Friday,19,Punjab,Rawalpindi,Provincial Highway,Poor,Clear,Street Light,Motorcycle,1,Mechanical Failure,1,0,0,0,3,0,Medium
2023,3,Monday,21,Punjab,Rawalpindi,Urban Road,Good,Dusty/Smoggy,Street Light,Motorcycle,1,Signal Violation,0,0,0,0,1,0,Low
2022,12,Sunday,18,Punjab,Lahore,Provincial Highway,Average,Foggy,Daylight,Motorcycle,1,Mechanical Failure,1,1,0,1,1,0,Medium
2020,3,Sunday,18,Sindh,Karachi,Rural Road,Good,Clear,Daylight,Bicycle,2,Drunk Driving,1,1,0,0,1,0,Medium
2023,1,Sunday,18,Punjab,Sheikhupura,National Highway,Good,Rainy,Daylight,Motorcycle,1,Signal Violation,1,1,0,1,8,4,High
2019,2,Wednesday,12,Sindh,Karachi,Provincial Highway,Average,Clear,Daylight,Bus/Coach,1,Over Speeding,1,0,0,1,4,0,Medium
2019,1,Wednesday,9,Punjab,Rawalpindi,National Highway,Good,Foggy,Street Light,Car/Taxi,3,Pedestrian Error,1,0,0,1,2,1,Medium
2018,1,Thursday,8,Punjab,Rawalpindi,Provincial Highway,Average,Foggy,Daylight,Bus/Coach,1,Pedestrian Error,1,0,0,1,2,0,Medium
2020,10,Monday,2,Sindh,Kashmore,National Highway,Good,Clear,No Light,Car/Taxi,3,Drunk Driving,0,0,1,0,11,4,High
2023,9,Monday,14,KPK,Charsadda,Provincial Highway,Good,Clear,Daylight,Van/Pickup,1,Over Speeding,0,0,0,0,4,0,Medium
2023,8,Sunday,19,KPK,Kohat,National Highway,Average,Clear,No Light,Motorcycle,4,Signal Violation,1,1,0,0,4,0,Medium
2023,5,Wednesday,17,Punjab,Multan,Provincial Highway,Average,Clear,Daylight,Bus/Coach,2,Mechanical Failure,1,0,0,0,0,0,Low
2021,12,Monday,8,Sindh,Jacobabad,Provincial Highway,Good,Clear,Daylight,Motorcycle,2,Road Condition,1,0,0,1,4,2,Medium
2023,11,Monday,18,Punjab,Sargodha,Rural Road,Good,Clear,Daylight,Bus/Coach,3,Signal Violation,1,0,0,1,2,0,Low
2021,1,Sunday,20,KPK,Abbottabad,Provincial Highway,Good,Extreme Heat,No Light,Motorcycle,1,Signal Violation,1,1,0,1,2,3,High
2018,5,Sunday,20,Punjab,Rawalpindi,Urban Road,Average,Rainy,No Light,Van/Pickup,1,Wrong Overtaking,1,1,0,0,0,0,Low
2022,11,Tuesday,21,KPK,Swat,Rural Road,Good,Clear,Street Light,Bus/Coach,2,Pedestrian Error,0,0,0,1,2,0,Low
2021,3,Thursday,22,Sindh,Hyderabad,Rural Road,Average,Clear,Street Light,Motorcycle,2,Wrong Overtaking,0,0,1,0,5,0,Medium
2018,12,Tuesday,14,KPK,Mardan,Urban Road,Average,Foggy,No Light,Car/Taxi,2,Signal Violation,0,0,0,1,1,0,Low
2019,4,Wednesday,21,AJK,Mirpur,Rural Road,Good,Foggy,No Light,Motorcycle,2,Drunk Driving,0,0,0,0,8,0,High
2021,7,Monday,21,Balochistan,Loralai,Provincial Highway,Average,Foggy,Street Light,Motorcycle,2,Pedestrian Error,0,0,0,0,3,1,Medium
2019,5,Wednesday,6,Sindh,Sukkur,Urban Road,Poor,Rainy,Daylight,Rickshaw,1,Road Condition,0,0,0,0,2,0,Low
2023,11,Monday,19,Balochistan,Hub,National Highway,Average,Clear,Daylight,Motorcycle,3,Signal Violation,1,0,0,1,10,1,High
2023,5,Friday,14,Punjab,Faisalabad,Urban Road,Average,Rainy,Daylight,Car/Taxi,2,Wrong Overtaking,0,0,0,0,3,2,Medium
2021,5,Tuesday,14,Punjab,Lahore,Motorway,Average,Foggy,Daylight,Car/Taxi,3,Signal Violation,0,0,0,0,2,0,Medium
2023,5,Sunday,14,Sindh,Dadu,Provincial Highway,Poor,Foggy,Daylight,Bus/Coach,1,Weather Condition,0,1,0,0,1,0,Medium
2021,2,Saturday,8,AJK,Mirpur,National Highway,Average,Clear,Daylight,Truck/Lorry,1,Over Speeding,1,1,0,1,4,1,Medium
2019,11,Saturday,16,KPK,Swat,Provincial Highway,Average,Clear,Daylight,Car/Taxi,3,Mobile Phone Use,0,1,0,1,0,1,Low
2021,3,Monday,2,Punjab,Sheikhupura,Provincial Highway,Good,Clear,No Light,Motorcycle,2,Over Speeding,0,0,1,0,9,1,High
2022,3,Wednesday,13,KPK,Kohat,Urban Road,Poor,Clear,No Light,Motorcycle,2,Signal Violation,1,0,0,0,2,1,Medium
2021,8,Tuesday,17,Punjab,Gujranwala,National Highway,Average,Foggy,Daylight,Motorcycle,2,Weather Condition,1,0,0,0,4,1,High
2021,1,Friday,3,Sindh,Sukkur,Rural Road,Good,Rainy,No Light,Motorcycle,1,Driver Fatigue,0,0,1,1,6,2,High
2019,6,Monday,10,Punjab,Gujranwala,Provincial Highway,Good,Clear,Dawn/Dusk,Car/Taxi,4,Driver Fatigue,0,0,0,0,1,0,Medium
2020,12,Wednesday,13,Punjab,Rahim Yar Khan,Urban Road,Average,Clear,Daylight,Rickshaw,2,Pedestrian Error,1,0,0,1,1,0,Low
2021,2,Saturday,20,Punjab,Sialkot,National Highway,Good,Clear,Street Light,Motorcycle,1,Drunk Driving,1,1,0,1,11,2,High
2021,6,Friday,10,KPK,Mardan,Provincial Highway,Average,Foggy,Daylight,Car/Taxi,1,Wrong Overtaking,0,0,0,0,1,0,Medium
2019,7,Friday,19,Sindh,Mirpur Khas,National Highway,Average,Clear,Daylight,Bicycle,2,Over Speeding,1,0,0,0,11,1,High
2021,11,Friday,22,Punjab,Sargodha,Provincial Highway,Good,Clear,Street Light,Car/Taxi,1,Road Condition,0,0,1,1,5,1,Medium
2023,3,Thursday,19,Punjab,Bahawalpur,National Highway,Poor,Foggy,Dawn/Dusk,Motorcycle,2,Over Speeding,1,0,0,0,10,1,High
2019,1,Sunday,16,KPK,Swat,National Highway,Average,Dusty/Smoggy,Daylight,Motorcycle,2,Wrong Overtaking,0,1,0,1,6,1,High
2023,3,Tuesday,1,Islamabad,Islamabad,Provincial Highway,Good,Extreme Heat,No Light,Rickshaw,1,Over Speeding,0,0,1,0,1,1,Medium
2021,9,Tuesday,23,Balochistan,Zhob,National Highway,Average,Clear,No Light,Motorcycle,1,Over Speeding,0,0,1,0,9,1,High
2023,2,Sunday,6,Punjab,Rawalpindi,Rural Road,Under Repair,Dusty/Smoggy,Daylight,Motorcycle,2,Road Condition,0,1,0,1,2,1,Medium
2018,1,Tuesday,9,Punjab,Gujranwala,Provincial Highway,Good,Clear,Daylight,Car/Taxi,1,Road Condition,1,0,0,1,1,0,Low
2023,12,Monday,18,Punjab,Sialkot,Rural Road,Poor,Clear,Street Light,Motorcycle,2,Road Condition,1,0,0,1,2,0,Low
2019,1,Saturday,13,Punjab,Rawalpindi,Provincial Highway,Average,Foggy,Daylight,Motorcycle,2,Wrong Overtaking,1,1,0,1,4,3,High
2023,9,Monday,21,Sindh,Dadu,National Highway,Poor,Rainy,Street Light,Motorcycle,3,Wrong Overtaking,0,0,0,0,3,2,High
2022,8,Thursday,13,Punjab,Lahore,Provincial Highway,Poor,Clear,Daylight,Motorcycle,4,Wrong Overtaking,1,0,0,0,1,0,Medium
2021,9,Wednesday,17,Balochistan,Khuzdar,Provincial Highway,Average,Clear,Daylight,Car/Taxi,1,Over Speeding,1,0,0,0,0,0,Low
2023,2,Wednesday,22,KPK,Charsadda,Provincial Highway,Average,Foggy,No Light,Rickshaw,4,Road Condition,0,0,1,1,5,1,Medium
2020,4,Monday,6,Punjab,Multan,Urban Road,Average,Extreme Heat,Daylight,Motorcycle,2,Mechanical Failure,0,0,0,0,2,1,Medium
2021,2,Tuesday,17,Sindh,Mirpur Khas,Urban Road,Poor,Dusty/Smoggy,Daylight,Rickshaw,4,Drunk Driving,1,0,0,1,1,0,Low
2020,3,Friday,7,Sindh,Larkana,Rural Road,Average,Clear,Daylight,Motorcycle,3,Mechanical Failure,1,0,0,0,0,1,Low
2018,7,Sunday,17,Sindh,Hyderabad,Provincial Highway,Average,Clear,Daylight,Rickshaw,1,Wrong Overtaking,1,1,0,0,1,1,Low
2018,2,Sunday,10,Balochistan,Loralai,National Highway,Poor,Clear,Daylight,Rickshaw,3,Wrong Overtaking,0,1,0,1,1,0,Medium
2018,1,Saturday,8,Punjab,Faisalabad,Urban Road,Poor,Foggy,Daylight,Car/Taxi,1,Signal Violation,1,1,0,1,0,0,Low
2022,3,Sunday,12,KPK,Nowshera,Provincial Highway,Average,Dusty/Smoggy,Daylight,Motorcycle,1,Signal Violation,1,1,0,0,4,1,High
2022,3,Sunday,7,Punjab,Rahim Yar Khan,National Highway,Average,Foggy,Daylight,Van/Pickup,4,Over Speeding,1,1,0,0,4,0,High
2019,4,Friday,20,Sindh,Jacobabad,Urban Road,Poor,Clear,No Light,Truck/Lorry,3,Signal Violation,1,0,0,0,2,1,Low
2023,5,Monday,16,Sindh,Nawabshah,Urban Road,Poor,Clear,Street Light,Car/Taxi,1,Over Speeding,0,0,0,0,1,0,Low
2023,4,Saturday,16,Punjab,Sheikhupura,National Highway,Good,Foggy,Daylight,Motorcycle,1,Signal Violation,0,1,0,0,11,3,High
2022,10,Wednesday,14,Punjab,Faisalabad,Provincial Highway,Good,Foggy,Daylight,Motorcycle,3,Signal Violation,0,0,0,0,7,3,High
2021,7,Saturday,18,Punjab,Bahawalpur,Rural Road,Average,Clear,Daylight,Motorcycle,1,Wrong Overtaking,1,1,0,0,2,0,Medium
2018,1,Thursday,22,Punjab,Bahawalpur,Urban Road,Good,Rainy,No Light,Motorcycle,2,Over Speeding,0,0,1,1,10,3,High
2023,6,Thursday,20,Sindh,Mirpur Khas,Urban Road,Good,Clear,No Light,Bicycle,3,Mechanical Failure,1,0,0,0,1,0,Low
2021,11,Saturday,13,Gilgit-Baltistan,Skardu,Urban Road,Good,Clear,Daylight,Car/Taxi,3,Signal Violation,1,1,0,1,1,0,Low
2021,11,Thursday,19,Punjab,Sheikhupura,Urban Road,Average,Clear,Street Light,Car/Taxi,3,Wrong Overtaking,1,0,0,1,1,0,Low
2023,9,Monday,13,Punjab,Faisalabad,Urban Road,Good,Clear,Daylight,Motorcycle,1,Wrong Overtaking,1,0,0,0,2,0,Medium
2019,8,Wednesday,20,Punjab,Sargodha,Urban Road,Good,Clear,No Light,Truck/Lorry,2,Over Speeding,1,0,0,0,1,0,Medium
2023,9,Sunday,18,Punjab,Gujranwala,Rural Road,Poor,Extreme Heat,Daylight,Motorcycle,2,Wrong Overtaking,1,1,0,0,1,1,Medium
2020,4,Wednesday,10,Punjab,Bahawalpur,Provincial Highway,Average,Clear,Daylight,Motorcycle,2,Over Speeding,0,0,0,0,5,1,Medium
2023,9,Tuesday,6,Sindh,Dadu,Urban Road,Good,Clear,Dawn/Dusk,Bicycle,2,Mobile Phone Use,0,0,0,0,2,0,Medium
2023,6,Friday,3,Balochistan,Gwadar,Rural Road,Poor,Clear,Street Light,Bicycle,1,Over Speeding,0,0,1,0,3,0,Medium
2022,12,Friday,19,Balochistan,Loralai,National Highway,Average,Rainy,Dawn/Dusk,Bicycle,3,Over Speeding,1,0,0,1,3,2,High
2022,1,Saturday,17,Punjab,Lahore,Provincial Highway,Average,Clear,Daylight,Bus/Coach,1,Pedestrian Error,1,1,0,1,4,0,Medium
2020,7,Monday,14,Punjab,Rahim Yar Khan,National Highway,Good,Clear,Street Light,Motorcycle,3,Road Condition,0,0,0,0,2,2,Medium
2020,5,Sunday,21,Sindh,Karachi,Provincial Highway,Poor,Clear,Street Light,Motorcycle,3,Mechanical Failure,0,1,0,0,4,2,Medium
2022,12,Thursday,19,Punjab,Faisalabad,National Highway,Average,Clear,Dawn/Dusk,Car/Taxi,1,Over Speeding,1,0,0,1,4,0,Medium
2021,1,Sunday,13,KPK,Swat,Urban Road,Average,Clear,Street Light,Motorcycle,2,Over Speeding,1,1,0,1,4,1,High
2019,1,Thursday,10,Sindh,Dadu,Rural Road,Good,Rainy,Daylight,Motorcycle,2,Over Speeding,0,0,0,1,9,0,High
2020,6,Sunday,7,Punjab,Sargodha,Provincial Highway,Average,Clear,Daylight,Bus/Coach,2,Road Condition,1,1,0,0,5,1,Medium
2022,6,Monday,5,Punjab,Sargodha,Provincial Highway,Poor,Rainy,Street Light,Bicycle,1,Over Speeding,0,0,1,0,8,1,High
2019,3,Wednesday,7,Balochistan,Zhob,Urban Road,Average,Rainy,Daylight,Bus/Coach,3,Road Condition,1,0,0,0,2,0,Low
2022,11,Tuesday,7,Sindh,Larkana,National Highway,Average,Extreme Heat,Street Light,Car/Taxi,3,Wrong Overtaking,1,0,0,1,1,0,Medium
2020,5,Friday,20,KPK,Bannu,Rural Road,Poor,Clear,Street Light,Motorcycle,1,Over Speeding,1,0,0,0,5,1,Medium
2020,3,Monday,18,Punjab,Sialkot,National Highway,Poor,Rainy,Daylight,Van/Pickup,3,Mechanical Failure,1,0,0,0,5,0,Medium
2021,7,Friday,20,KPK,Peshawar,National Highway,Average,Clear,Street Light,Motorcycle,3,Signal Violation,1,0,0,0,9,3,High
2021,3,Saturday,10,Punjab,Sialkot,National Highway,Average,Extreme Heat,Daylight,Motorcycle,1,Over Speeding,0,1,0,0,4,0,High
2023,6,Thursday,6,KPK,Dera Ismail Khan,Provincial Highway,Average,Foggy,Daylight,Car/Taxi,2,Weather Condition,0,0,0,0,2,0,Low
2019,5,Friday,9,KPK,Abbottabad,National Highway,Average,Foggy,Daylight,Rickshaw,2,Wrong Overtaking,1,0,0,0,1,1,Medium
2022,4,Wednesday,19,Punjab,Lahore,Rural Road,Under Repair,Clear,Dawn/Dusk,Bicycle,1,Wrong Overtaking,1,0,0,0,5,1,Medium
2019,11,Sunday,5,Punjab,Lahore,Rural Road,Good,Foggy,Dawn/Dusk,Motorcycle,1,Wrong Overtaking,0,1,1,1,2,1,High
2018,5,Tuesday,12,Sindh,Hyderabad,Provincial Highway,Poor,Rainy,Daylight,Rickshaw,2,Over Speeding,1,0,0,0,3,0,High
2021,1,Friday,19,Sindh,Nawabshah,National Highway,Good,Foggy,No Light,Truck/Lorry,1,Over Speeding,1,0,0,1,10,1,High
2020,2,Thursday,17,Sindh,Dadu,Rural Road,Poor,Clear,Daylight,Car/Taxi,2,Signal Violation,1,0,0,1,0,0,Low
2020,5,Monday,9,KPK,Mardan,National Highway,Average,Extreme Heat,Daylight,Motorcycle,2,Over Speeding,1,0,0,0,9,1,High
2023,2,Sunday,5,KPK,Kohat,Rural Road,Poor,Foggy,Daylight,Motorcycle,1,Mobile Phone Use,0,1,1,1,2,2,High
2021,7,Monday,15,Sindh,Thatta,Urban Road,Good,Clear,Daylight,Car/Taxi,2,Signal Violation,0,0,0,0,2,0,Low
2023,8,Thursday,20,Sindh,Karachi,Rural Road,Good,Rainy,Street Light,Van/Pickup,3,Wrong Overtaking,1,0,0,0,2,0,Medium
2021,5,Monday,21,Punjab,Multan,Provincial Highway,Good,Clear,No Light,Motorcycle,1,Mechanical Failure,0,0,0,0,4,0,Medium
2020,11,Thursday,16,Punjab,Lahore,Rural Road,Good,Clear,Daylight,Rickshaw,3,Driver Fatigue,0,0,0,1,2,1,Medium
2022,2,Sunday,20,Sindh,Nawabshah,Rural Road,Good,Rainy,Street Light,Car/Taxi,1,Pedestrian Error,1,1,0,1,1,0,Low
2023,4,Thursday,22,KPK,Bannu,National Highway,Average,Clear,No Light,Car/Taxi,1,Drunk Driving,0,0,1,0,11,1,High
2018,9,Saturday,13,KPK,Charsadda,Provincial Highway,Average,Clear,Daylight,Car/Taxi,2,Over Speeding,1,1,0,0,4,2,Medium
2020,4,Wednesday,2,KPK,Mansehra,Urban Road,Good,Clear,No Light,Bus/Coach,2,Signal Violation,0,0,1,0,1,1,Medium
2019,1,Thursday,20,Sindh,Sukkur,National Highway,Average,Clear,No Light,Motorcycle,2,Signal Violation,1,0,0,1,5,0,Medium
2021,7,Monday,17,Punjab,Faisalabad,Rural Road,Good,Foggy,Daylight,Motorcycle,1,Wrong Overtaking,1,0,0,0,4,2,Medium
2023,7,Saturday,23,Sindh,Thatta,Provincial Highway,Average,Dusty/Smoggy,Street Light,Bus/Coach,4,Pedestrian Error,0,1,1,0,5,0,Medium
2020,5,Friday,21,Punjab,Faisalabad,Rural Road,Poor,Foggy,No Light,Car/Taxi,3,Pedestrian Error,0,0,0,0,1,0,Low
2020,2,Saturday,18,Sindh,Hyderabad,Urban Road,Good,Clear,Dawn/Dusk,Motorcycle,3,Over Speeding,1,1,0,1,3,1,Medium
2018,3,Saturday,6,Punjab,Sheikhupura,Provincial Highway,Average,Rainy,Daylight,Rickshaw,1,Over Speeding,0,1,0,0,4,1,High
2020,10,Monday,18,Punjab,Sialkot,Rural Road,Poor,Rainy,Daylight,Motorcycle,2,Over Speeding,1,0,0,0,2,0,Medium
2018,1,Saturday,12,Sindh,Hyderabad,National Highway,Good,Foggy,Dawn/Dusk,Bus/Coach,2,Driver Fatigue,1,1,0,1,6,2,High
2023,6,Thursday,23,Punjab,Gujranwala,National Highway,Good,Foggy,No Light,Bus/Coach,1,Wrong Overtaking,0,0,1,0,2,0,High