year,month,day_of_week,hour_of_day,province,district,road_type,road_condition,weather_condition,lighting_condition,vehicle_type,vehicles_involved,accident_cause,is_rush_hour,is_weekend,is_night,is_foggy_month,num_injured,num_killed,severity
2022,7,Thursday,10,Sindh,Kashmore,Provincial Highway,Good,Clear,Daylight,Car/Taxi,2,Signal Violation,0,0,0,0,5,1,Medium
2022,11,Saturday,17,Sindh,Kashmore,Provincial Highway,Average,Clear,Daylight,Other,2,Over Speeding,1,1,0,1,1,0,Medium
2019,5,Monday,22,KPK,Nowshera,Provincial Highway,Good,Clear,No Light,Bicycle,2,Wrong Overtaking,0,0,1,0,10,2,High
2019,6,Sunday,14,Punjab,Rahim Yar Khan,Provincial Highway,Poor,Extreme Heat,Street Light,Motorcycle,4,Pedestrian Error,0,1,0,0,0,0,Low
2023,12,Friday,13,Punjab,Gujranwala,Rural Road,Good,Clear,Daylight,Motorcycle,3,Driver Fatigue,1,0,0,1,2,0,Medium
2019,12,Friday,22,KPK,Dera Ismail Khan,Motorway,Average,Clear,Street Light,Car/Taxi,2,Mobile Phone Use,0,0,1,1,1,0,Low
2022,8,Saturday,15,Punjab,Multan,Urban Road,Poor,Clear,No Light,Motorcycle,3,Pedestrian Error,0,1,0,0,0,0,Low
2023,7,Monday,8,Balochistan,Hub,Urban Road,Average,Rainy,Daylight,Bicycle,1,Over Speeding,1,0,0,0,3,2,High
2019,6,Tuesday,12,Punjab,Sheikhupura,Rural Road,Good,Clear,Daylight,Motorcycle,1,Pedestrian Error,1,0,0,0,2,0,Low
2023,1,Tuesday,18,Sindh,Mirpur Khas,Provincial Highway,Good,Clear,Daylight,Van/Pickup,2,Driver Fatigue,1,0,0,1,5,0,Medium
2020,8,Monday,11,Punjab,Lahore,Provincial Highway,Average,Clear,Daylight,Motorcycle,2,Signal Violation,0,0,0,0,3,2,Medium
2022,7,Sunday,19,Punjab,Sialkot,Motorway,Under Repair,Clear,Dawn/Dusk,Truck/Lorry,1,Over Speeding,1,1,0,0,3,0,Medium
2020,10,Sunday,12,Balochistan,Sibi,Provincial Highway,Poor,Clear,Daylight,Motorcycle,2,Driver Fatigue,1,1,0,0,3,0,Medium
2022,2,Tuesday,18,Sindh,Karachi,Urban Road,Good,Rainy,Daylight,Motorcycle,3,Wrong Overtaking,1,0,0,1,9,2,High
2023,4,Friday,11,KPK,Kohat,Motorway,Average,Foggy,Daylight,Bus/Coach,1,Mechanical Failure,0,0,0,0,3,1,Medium
2022,9,Saturday,18,Punjab,Bahawalpur,National Highway,Poor,Clear,Street Light,Car/Taxi,2,Over Speeding,1,1,0,0,2,0,Medium
2019,11,Thursday,19,Islamabad,Islamabad,Urban Road,Average,Clear,Daylight,Bus/Coach,1,Wrong Overtaking,1,0,0,1,2,0,Low
2020,8,Wednesday,21,Sindh,Hyderabad,Rural Road,Poor,Foggy,No Light,Motorcycle,2,Wrong Overtaking,0,0,0,0,3,0,Medium
2021,3,Wednesday,14,Punjab,Lahore,Urban Road,Good,Clear,Daylight,Motorcycle,1,Over Speeding,0,0,0,0,9,2,High
2018,10,Wednesday,21,Punjab,Multan,Urban Road,Average,Clear,No Light,Motorcycle,2,Driver Fatigue,0,0,0,0,3,1,Medium
2020,6,Tuesday,13,Punjab,Multan,Rural Road,Good,Rainy,Daylight,Rickshaw,2,Road Condition,1,0,0,0,2,0,Low
2018,11,Sunday,17,Punjab,Lahore,National Highway,Poor,Clear,No Light,Motorcycle,2,Over Speeding,1,1,0,1,11,0,High
2023,9,Monday,21,Balochistan,Chaman,National Highway,Good,Foggy,Street Light,Car/Taxi,4,Signal Violation,0,0,0,0,2,1,High
2019,6,Sunday,8,Punjab,Multan,Provincial Highway,Good,Clear,Daylight,Car/Taxi,1,Mechanical Failure,1,1,0,0,2,0,Low
2019,4,Wednesday,10,Punjab,Multan,Urban Road,Good,Clear,Daylight,Truck/Lorry,2,Over Speeding,0,0,0,0,2,0,Medium
2018,12,Wednesday,10,Punjab,Rawalpindi,National Highway,Under Repair,Rainy,Street Light,Motorcycle,3,Signal Violation,0,0,0,1,11,1,High
2021,3,Sunday,5,Punjab,Bahawalpur,Rural Road,Average,Dusty/Smoggy,Dawn/Dusk,Motorcycle,2,Signal Violation,0,1,1,0,4,0,Medium
2021,10,Saturday,17,Punjab,Bahawalpur,National Highway,Good,Clear,Daylight,Motorcycle,1,Wrong Overtaking,1,1,0,0,7,2,High
2020,9,Thursday,18,Punjab,Rawalpindi,Urban Road,Poor,Clear,Daylight,Bus/Coach,4,Over Speeding,1,0,0,0,3,0,Medium
2023,11,Thursday,13,Punjab,Sargodha,Urban Road,Good,Dusty/Smoggy,Daylight,Car/Taxi,2,Mechanical Failure,1,0,0,1,2,0,Low
2021,3,Tuesday,22,Sindh,Hyderabad,Urban Road,Good,Rainy,Street Light,Truck/Lorry,3,Wrong Overtaking,0,0,1,0,5,0,Medium
2019,1,Friday,8,Punjab,Multan,Urban Road,Under Repair,Extreme Heat,Daylight,Motorcycle,1,Wrong Overtaking,1,0,0,1,2,0,Low
2018,1,Wednesday,17,Balochistan,Khuzdar,Motorway,Good,Clear,Daylight,Car/Taxi,1,Over Speeding,1,0,0,1,7,0,High
2021,6,Friday,1,Sindh,Karachi,National Highway,Poor,Clear,No Light,Bus/Coach,2,Drunk Driving,0,0,1,0,10,2,High
2021,10,Thursday,8,Sindh,Thatta,Rural Road,Good,Rainy,Daylight,Motorcycle,2,Mechanical Failure,1,0,0,0,0,0,Low
2021,4,Wednesday,9,Islamabad,Islamabad,National Highway,Good,Clear,Daylight,Motorcycle,2,Wrong Overtaking,1,0,0,0,1,0,Medium
2023,4,Thursday,14,Sindh,Larkana,Provincial Highway,Poor,Extreme Heat,Dawn/Dusk,Car/Taxi,2,Drunk Driving,0,0,0,0,4,0,Medium
2023,2,Wednesday,12,Sindh,Sukkur,Rural Road,Good,Clear,Street Light,Car/Taxi,1,Mechanical Failure,1,0,0,1,0,0,Low
2018,3,Friday,19,Punjab,Sheikhupura,Provincial Highway,Poor,Foggy,Street Light,Motorcycle,1,Driver Fatigue,1,0,0,0,9,2,High
2022,7,Tuesday,12,KPK,Kohat,Urban Road,Good,Foggy,Daylight,Motorcycle,4,Driver Fatigue,1,0,0,0,3,0,Medium
2023,6,Monday,21,Punjab,Gujranwala,National Highway,Good,Clear,No Light,Bus/Coach,3,Over Speeding,0,0,0,0,4,2,Medium
2019,1,Friday,18,Sindh,Sukkur,National Highway,Good,Foggy,Daylight,Motorcycle,2,Signal Violation,1,0,0,1,9,2,High
2023,8,Monday,14,Sindh,Larkana,Provincial Highway,Average,Clear,Street Light,Car/Taxi,2,Drunk Driving,0,0,0,0,0,0,Low
2021,1,Tuesday,16,Sindh,Sukkur,Urban Road,Good,Clear,Daylight,Motorcycle,2,Wrong Overtaking,0,0,0,1,4,0,Medium
2019,1,Monday,20,KPK,Mardan,Urban Road,Good,Rainy,No Light,Truck/Lorry,2,Over Speeding,1,0,0,1,4,1,Medium
2023,4,Monday,11,Punjab,Multan,Urban Road,Poor,Extreme Heat,Daylight,Motorcycle,2,Signal Violation,0,0,0,0,0,0,Low
2020,10,Monday,18,Punjab,Sargodha,Provincial Highway,Average,Rainy,No Light,Motorcycle,1,Over Speeding,1,0,0,0,4,3,High
2018,3,Wednesday,12,Sindh,Larkana,Rural Road,Good,Clear,Daylight,Van/Pickup,2,Over Speeding,1,0,0,0,3,2,Medium
2022,1,Sunday,14,Islamabad,Islamabad,Urban Road,Good,Clear,Daylight,Motorcycle,2,Over Speeding,0,1,0,1,7,1,High
2023,5,Saturday,7,KPK,Mardan,Provincial Highway,Good,Foggy,Daylight,Other,2,Wrong Overtaking,1,1,0,0,1,2,Medium
2023,1,Sunday,12,Punjab,Multan,National Highway,Average,Extreme Heat,Daylight,Motorcycle,3,Over Speeding,1,1,0,1,7,0,High
2023,7,Saturday,18,Islamabad,Islamabad,Provincial Highway,Under Repair,Foggy,Street Light,Motorcycle,2,Over Speeding,1,1,0,0,3,1,High
2018,6,Saturday,9,Punjab,Sheikhupura,Motorway,Good,Clear,Daylight,Rickshaw,2,Over Speeding,1,1,0,0,5,0,Medium
2019,12,Tuesday,11,AJK,Mirpur,Rural Road,Average,Foggy,Street Light,Car/Taxi,2,Wrong Overtaking,0,0,0,1,0,0,Low
2023,12,Wednesday,22,Punjab,Lahore,Rural Road,Under Repair,Extreme Heat,Street Light,Motorcycle,2,Over Speeding,0,0,1,1,2,0,Medium
2022,8,Saturday,10,Gilgit-Baltistan,Hunza,Urban Road,Average,Clear,Daylight,Motorcycle,3,Mobile Phone Use,0,1,0,0,0,1,Low
2019,12,Saturday,17,Punjab,Sheikhupura,National Highway,Poor,Clear,Daylight,Car/Taxi,4,Over Speeding,1,1,0,1,1,0,Medium
2018,7,Friday,5,KPK,Abbottabad,Urban Road,Good,Clear,Street Light,Motorcycle,1,Drunk Driving,0,0,1,0,3,1,High
2018,11,Saturday,17,KPK,Bannu,Provincial Highway,Good,Foggy,Daylight,Van/Pickup,1,Pedestrian Error,1,1,0,1,2,1,Low
2020,5,Sunday,9,KPK,Bannu,Urban Road,Average,Clear,Daylight,Car/Taxi,3,Over Speeding,1,1,0,0,1,0,Medium
2022,5,Tuesday,8,KPK,Kohat,Urban Road,Good,Clear,Daylight,Rickshaw,1,Mechanical Failure,1,0,0,0,1,0,Low
2022,7,Friday,20,Sindh,Dadu,Rural Road,Good,Foggy,No Light,Car/Taxi,2,Mechanical Failure,1,0,0,0,1,0,Low
2023,6,Tuesday,8,Punjab,Rawalpindi,National Highway,Poor,Foggy,Daylight,Rickshaw,2,Drunk Driving,1,0,0,0,6,2,High
2020,6,Friday,18,Punjab,Sargodha,Provincial Highway,Poor,Rainy,Daylight,Motorcycle,2,Wrong Overtaking,1,0,0,0,2,1,Medium
2022,5,Friday,8,Sindh,Nawabshah,Rural Road,Good,Clear,Daylight,Bus/Coach,1,Driver Fatigue,1,0,0,0,1,1,Low
2020,5,Monday,9,Sindh,Hyderabad,Motorway,Average,Extreme Heat,Daylight,Truck/Lorry,1,Over Speeding,1,0,0,0,5,2,High
2018,6,Sunday,9,Punjab,Sheikhupura,National Highway,Average,Clear,Daylight,Car/Taxi,2,Mechanical Failure,1,1,0,0,1,1,Medium
2023,7,Thursday,14,Punjab,Rahim Yar Khan,Provincial Highway,Average,Dusty/Smoggy,Daylight,Car/Taxi,3,Wrong Overtaking,0,0,0,0,2,0,Low
2023,12,Friday,9,Sindh,Larkana,National Highway,Good,Clear,Daylight,Car/Taxi,2,Driver Fatigue,1,0,0,1,5,1,Medium
2020,12,Saturday,14,KPK,Charsadda,Urban Road,Average,Clear,Daylight,Car/Taxi,1,Pedestrian Error,0,1,0,1,1,0,Low
2023,6,Thursday,20,Balochistan,Khuzdar,Urban Road,Good,Foggy,Street Light,Bus/Coach,3,Over Speeding,1,0,0,0,2,1,Medium
2021,1,Saturday,11,Punjab,Gujranwala,Urban Road,Average,Clear,Street Light,Motorcycle,1,Wrong Overtaking,0,1,0,1,1,0,Low
2022,8,Saturday,13,Islamabad,Islamabad,Rural Road,Poor,Extreme Heat,Dawn/Dusk,Rickshaw,1,Over Speeding,1,1,0,0,2,0,Low
2022,2,Monday,7,Islamabad,Islamabad,National Highway,Average,Clear,Daylight,Motorcycle,2,Wrong Overtaking,1,0,0,1,5,0,Medium
2019,12,Tuesday,6,Punjab,Lahore,National Highway,Average,Clear,Daylight,Motorcycle,1,Over Speeding,0,0,0,1,9,2,High
2019,11,Saturday,23,Sindh,Dadu,Rural Road,Good,Rainy,No Light,Motorcycle,2,Road Condition,0,1,1,1,2,0,Medium
2023,4,Sunday,10,Sindh,Larkana,Motorway,Good,Clear,Daylight,Motorcycle,2,Pedestrian Error,0,1,0,0,3,1,Medium
2021,5,Friday,16,Sindh,Sukkur,Provincial Highway,Average,Foggy,Dawn/Dusk,Rickshaw,1,Road Condition,0,0,0,0,1,0,Low
2022,8,Wednesday,22,Sindh,Kashmore,National Highway,Average,Rainy,No Light,Motorcycle,2,Mechanical Failure,0,0,1,0,3,0,High
2022,12,Tuesday,20,Sindh,Kashmore,Urban Road,Good,Clear,Street Light,Motorcycle,2,Drunk Driving,1,0,0,1,6,3,High
2019,7,Friday,20,Punjab,Faisalabad,National Highway,Good,Clear,No Light,Truck/Lorry,3,Wrong Overtaking,1,0,0,0,5,1,Medium
2018,1,Sunday,1,Punjab,Lahore,National Highway,Good,Clear,Street Light,Car/Taxi,2,Over Speeding,0,1,1,1,4,0,High
2022,4,Friday,21,Punjab,Bahawalpur,Provincial Highway,Poor,Clear,Street Light,Motorcycle,2,Over Speeding,0,0,0,0,2,0,Medium
2019,2,Thursday,9,KPK,Bannu,Provincial Highway,Under Repair,Dusty/Smoggy,Daylight,Motorcycle,2,Road Condition,1,0,0,1,3,1,Medium
2021,7,Monday,21,Punjab,Sargodha,Urban Road,Good,Clear,Street Light,Motorcycle,2,Driver Fatigue,0,0,0,0,4,0,Medium
2022,3,Monday,23,KPK,Dera Ismail Khan,National Highway,Average,Clear,Street Light,Motorcycle,2,Wrong Overtaking,0,0,1,0,11,2,High
2020,4,Saturday,13,Punjab,Sheikhupura,Rural Road,Good,Rainy,Daylight,Bus/Coach,2,Driver Fatigue,1,1,0,0,2,1,Medium
2022,1,Thursday,10,Punjab,Faisalabad,National Highway,Poor,Clear,Daylight,Bus/Coach,2,Over Speeding,0,0,0,1,4,2,High
2023,11,Saturday,7,Balochistan,Dera Bugti,Provincial Highway,Good,Clear,No Light,Van/Pickup,2,Pedestrian Error,1,1,0,1,0,0,Low
2019,12,Thursday,7,Punjab,Gujranwala,National Highway,Good,Clear,Daylight,Motorcycle,3,Over Speeding,1,0,0,1,7,1,High
2020,6,Tuesday,17,Punjab,Sheikhupura,Urban Road,Poor,Foggy,Street Light,Other,3,Wrong Overtaking,1,0,0,0,1,0,Low
2020,1,Saturday,21,AJK,Rawalakot,Urban Road,Average,Clear,No Light,Truck/Lorry,2,Signal Violation,0,1,0,1,3,0,Medium
2021,8,Friday,21,Sindh,Thatta,Urban Road,Average,Clear,Street Light,Car/Taxi,2,Road Condition,0,0,0,0,0,0,Low
2021,3,Friday,17,Punjab,Lahore,Provincial Highway,Good,Clear,Daylight,Rickshaw,3,Road Condition,1,0,0,0,0,0,Low
2021,9,Thursday,16,Punjab,Sheikhupura,National Highway,Average,Foggy,Daylight,Motorcycle,1,Signal Violation,0,0,0,0,4,1,High
2018,6,Wednesday,16,Balochistan,Zhob,Rural Road,Average,Extreme Heat,Daylight,Car/Taxi,2,Drunk Driving,0,0,0,0,1,0,Low
2019,5,Tuesday,9,Sindh,Nawabshah,Urban Road,Good,Rainy,Daylight,Motorcycle,2,Wrong Overtaking,1,0,0,0,4,1,Medium
2023,8,Tuesday,0,Punjab,Bahawalpur,Urban Road,Poor,Clear,Street Light,Motorcycle,1,Road Condition,0,0,1,0,1,0,Low
2023,6,Friday,14,Balochistan,Khuzdar,National Highway,Good,Clear,Daylight,Motorcycle,4,Signal Violation,0,0,0,0,8,0,High
2021,5,Friday,11,Sindh,Karachi,Urban Road,Poor,Extreme Heat,Daylight,Motorcycle,3,Mobile Phone Use,0,0,0,0,1,1,Medium
2021,8,Wednesday,17,AJK,Mirpur,Rural Road,Good,Foggy,Street Light,Motorcycle,3,Road Condition,1,0,0,0,4,2,Medium
2018,11,Tuesday,22,Punjab,Sialkot,National Highway,Poor,Clear,No Light,Rickshaw,1,Wrong Overtaking,0,0,1,1,4,0,Medium
2021,9,Monday,10,Sindh,Thatta,National Highway,Poor,Clear,Daylight,Car/Taxi,2,Wrong Overtaking,0,0,0,0,4,2,Medium
2023,3,Friday,12,Punjab,Multan,National Highway,Good,Extreme Heat,Daylight,Motorcycle,2,Pedestrian Error,1,0,0,0,4,0,Medium
2022,11,Friday,15,Sindh,Nawabshah,Urban Road,Average,Foggy,Daylight,Motorcycle,2,Mechanical Failure,0,0,0,1,0,0,Low
2023,9,Friday,17,Punjab,Multan,National Highway,Good,Clear,Daylight,Motorcycle,2,Over Speeding,1,0,0,0,2,1,High
2020,10,Tuesday,17,Punjab,Rahim Yar Khan,Rural Road,Poor,Rainy,Daylight,Rickshaw,4,Mechanical Failure,1,0,0,0,0,0,Low
2020,1,Sunday,3,Punjab,Rawalpindi,National Highway,Poor,Extreme Heat,Street Light,Rickshaw,3,Wrong Overtaking,0,1,1,1,1,0,Medium
2023,8,Saturday,13,Punjab,Sialkot,Motorway,Good,Extreme Heat,Daylight,Car/Taxi,1,Signal Violation,1,1,0,0,3,2,Medium
2020,9,Tuesday,18,Islamabad,Islamabad,National Highway,Good,Clear,Daylight,Motorcycle,1,Road Condition,1,0,0,0,5,1,Medium
2023,11,Saturday,10,Punjab,Lahore,National Highway,Under Repair,Clear,No Light,Motorcycle,1,Over Speeding,0,1,0,1,10,2,High
2019,4,Sunday,10,Sindh,Mirpur Khas,Motorway,Average,Clear,Daylight,Bicycle,1,Driver Fatigue,0,1,0,0,8,1,High
2021,6,Wednesday,13,Sindh,Nawabshah,Urban Road,Poor,Clear,Daylight,Van/Pickup,2,Wrong Overtaking,1,0,0,0,0,0,Low
2022,8,Friday,7,KPK,Mansehra,Motorway,Good,Foggy,Daylight,Motorcycle,2,Pedestrian Error,1,0,0,0,9,0,High
2019,10,Saturday,8,KPK,Abbottabad,Provincial Highway,Good,Extreme Heat,Dawn/Dusk,Motorcycle,1,Signal Violation,1,1,0,0,1,2,Medium
2023,7,Wednesday,20,KPK,Kohat,Rural Road,Under Repair,Clear,No Light,Bus/Coach,1,Driver Fatigue,1,0,0,0,2,0,Medium
2022,5,Thursday,8,Islamabad,Islamabad,Rural Road,Good,Rainy,Daylight,Motorcycle,1,Drunk Driving,1,0,0,0,4,0,High
2023,5,Sunday,19,KPK,Abbottabad,Rural Road,Poor,Clear,Dawn/Dusk,Motorcycle,3,Over Speeding,1,1,0,0,4,0,Medium
2020,3,Saturday,22,KPK,Kohat,Provincial Highway,Poor,Extreme Heat,Street Light,Motorcycle,1,Signal Violation,0,1,1,0,8,0,High
2022,10,Saturday,17,Sindh,Sukkur,National Highway,Average,Clear,Daylight,Rickshaw,1,Wrong Overtaking,1,1,0,0,1,0,Low
2019,3,Sunday,11,Sindh,Hyderabad,Provincial Highway,Average,Clear,Daylight,Car/Taxi,1,Pedestrian Error,0,1,0,0,1,0,Low
2023,1,Saturday,19,Sindh,Thatta,Rural Road,Average,Clear,Street Light,Motorcycle,2,Wrong Overtaking,1,1,0,1,2,0,Low
2022,5,Thursday,20,Punjab,Multan,National Highway,Good,Clear,No Light,Motorcycle,3,Signal Violation,1,0,0,0,2,1,High
2022,9,Monday,19,Punjab,Bahawalpur,National Highway,Good,Clear,No Light,Bus/Coach,2,Over Speeding,1,0,0,0,1,2,Medium
2022,6,Tuesday,19,Punjab,Bahawalpur,Provincial Highway,Good,Extreme Heat,Dawn/Dusk,Rickshaw,2,Weather Condition,1,0,0,0,2,0,Low
2018,7,Wednesday,9,Punjab,Sialkot,National Highway,Poor,Clear,No Light,Rickshaw,2,Driver Fatigue,1,0,0,0,3,0,Medium
2022,7,Thursday,20,Sindh,Nawabshah,National Highway,Poor,Clear,No Light,Motorcycle,3,Over Speeding,1,0,0,0,7,0,High
2023,12,Sunday,3,Punjab,Multan,Provincial Highway,Poor,Clear,No Light,Motorcycle,2,Over Speeding,0,1,1,1,5,0,High
2021,9,Tuesday,14,Sindh,Nawabshah,National Highway,Good,Clear,Daylight,Car/Taxi,3,Signal Violation,0,0,0,0,2,2,Medium
2019,7,Wednesday,6,Balochistan,Zhob,Urban Road,Under Repair,Clear,Daylight,Car/Taxi,2,Mechanical Failure,0,0,0,0,1,0,Low
2018,1,Saturday,9,Punjab,Rahim Yar Khan,Urban Road,Good,Clear,Daylight,Rickshaw,3,Over Speeding,1,1,0,1,2,1,Low
2022,6,Monday,9,Punjab,Gujranwala,Urban Road,Average,Clear,Daylight,Rickshaw,2,Pedestrian Error,1,0,0,0,1,0,Low
2021,2,Wednesday,16,Punjab,Rahim Yar Khan,Rural Road,Poor,Clear,Daylight,Rickshaw,2,Signal Violation,0,0,0,1,2,0,Low
2022,12,Saturday,16,Balochistan,Zhob,Rural Road,Good,Clear,Daylight,Bus/Coach,1,Wrong Overtaking,0,1,0,1,0,0,Low
2023,6,Monday,17,Islamabad,Islamabad,Motorway,Under Repair,Rainy,Daylight,Bus/Coach,3,Mechanical Failure,1,0,0,0,3,0,Medium
2019,12,Monday,14,Balochistan,Dera Bugti,Rural Road,Good,Rainy,Dawn/Dusk,Bus/Coach,4,Wrong Overtaking,0,0,0,1,2,0,Low
2022,8,Wednesday,16,Punjab,Gujranwala,Provincial Highway,Good,Clear,Daylight,Car/Taxi,2,Over Speeding,0,0,0,0,5,0,Medium
2022,10,Monday,21,Punjab,Bahawalpur,Provincial Highway,Good,Dusty/Smoggy,Street Light,Car/Taxi,2,Wrong Overtaking,0,0,0,0,1,0,Low
2022,9,Friday,21,AJK,Rawalakot,Rural Road,Good,Clear,No Light,Bus/Coach,3,Over Speeding,0,0,0,0,5,1,Medium
2023,1,Saturday,21,Punjab,Bahawalpur,Urban Road,Average,Extreme Heat,Street Light,Motorcycle,3,Driver Fatigue,0,1,0,1,3,0,High
2022,10,Saturday,6,Punjab,Rawalpindi,National Highway,Poor,Clear,Dawn/Dusk,Motorcycle,2,Wrong Overtaking,0,1,0,0,5,1,High
2019,1,Friday,18,Punjab,Gujranwala,Urban Road,Good,Rainy,Daylight,Rickshaw,1,Over Speeding,1,0,0,1,5,1,Medium
2021,2,Friday,14,Islamabad,Islamabad,Motorway,Poor,Clear,Daylight,Other,1,Pedestrian Error,0,0,0,1,2,0,Low
2023,5,Saturday,10,Punjab,Sargodha,Provincial Highway,Good,Rainy,Street Light,Motorcycle,1,Road Condition,0,1,0,0,4,0,High
2021,6,Tuesday,9,Islamabad,Islamabad,Rural Road,Good,Foggy,Daylight,Truck/Lorry,1,Over Speeding,1,0,0,0,3,1,High
2018,11,Wednesday,9,Punjab,Rahim Yar Khan,National Highway,Good,Clear,Daylight,Truck/Lorry,2,Signal Violation,1,0,0,1,8,1,High
2022,6,Sunday,13,KPK,Charsadda,Provincial Highway,Good,Clear,Daylight,Motorcycle,1,Signal Violation,1,1,0,0,2,1,Medium
2021,5,Monday,5,Punjab,Sargodha,Rural Road,Average,Clear,Street Light,Car/Taxi,1,Over Speeding,0,0,1,0,4,0,Medium
2020,6,Friday,7,Punjab,Sargodha,National Highway,Poor,Clear,Street Light,Car/Taxi,2,Over Speeding,1,0,0,0,1,0,Medium
2021,12,Tuesday,18,Sindh,Karachi,National Highway,Average,Clear,Street Light,Van/Pickup,2,Wrong Overtaking,1,0,0,1,0,0,Low
2022,10,Tuesday,10,Sindh,Mirpur Khas,Rural Road,Under Repair,Foggy,Daylight,Bicycle,2,Driver Fatigue,0,0,0,0,3,0,Medium
2021,11,Saturday,15,KPK,Dera Ismail Khan,Rural Road,Good,Clear,Dawn/Dusk,Car/Taxi,2,Wrong Overtaking,0,1,0,1,1,0,Low
2023,6,Saturday,13,AJK,Rawalakot,National Highway,Poor,Clear,Street Light,Truck/Lorry,1,Signal Violation,1,1,0,0,2,2,Medium
2018,11,Wednesday,8,Punjab,Multan,Urban Road,Poor,Foggy,Daylight,Motorcycle,2,Pedestrian Error,1,0,0,1,2,0,Medium
2019,2,Wednesday,19,Punjab,Rahim Yar Khan,Provincial Highway,Good,Clear,No Light,Motorcycle,2,Over Speeding,1,0,0,1,4,1,High
2019,6,Monday,8,Sindh,Nawabshah,Provincial Highway,Poor,Clear,Daylight,Bus/Coach,1,Over Speeding,1,0,0,0,3,1,Medium
2023,7,Friday,17,Balochistan,Sibi,Provincial Highway,Average,Clear,Daylight,Car/Taxi,2,Drunk Driving,1,0,0,0,2,1,Medium
2023,11,Tuesday,19,KPK,Swat,National Highway,Poor,Foggy,Dawn/Dusk,Truck/Lorry,4,Weather Condition,1,0,0,1,1,0,Medium
2019,6,Thursday,8,Sindh,Kashmore,Provincial Highway,Under Repair,Clear,Daylight,Other,3,Pedestrian Error,1,0,0,0,2,0,Low
2020,11,Monday,11,KPK,Nowshera,Urban Road,Good,Dusty/Smoggy,Daylight,Motorcycle,1,Over Speeding,0,0,0,1,2,0,Medium
2023,7,Sunday,0,Punjab,Faisalabad,National Highway,Good,Clear,No Light,Van/Pickup,2,Road Condition,0,1,1,0,2,0,Low
2018,1,Monday,21,Punjab,Rawalpindi,Rural Road,Poor,Clear,Street Light,Motorcycle,2,Drunk Driving,0,0,0,1,2,2,Medium
2022,1,Tuesday,14,Sindh,Thatta,Urban Road,Average,Clear,Street Light,Rickshaw,1,Pedestrian Error,0,0,0,1,0,0,Low
2018,11,Thursday,18,KPK,Abbottabad,Rural Road,Under Repair,Clear,Daylight,Motorcycle,2,Road Condition,1,0,0,1,0,1,Low
2022,8,Tuesday,18,Sindh,Dadu,National Highway,Poor,Rainy,No Light,Bicycle,2,Signal Violation,1,0,0,0,2,1,High
2022,9,Saturday,23,Sindh,Larkana,Provincial Highway,Good,Clear,No Light,Rickshaw,3,Over Speeding,0,1,1,0,8,2,High
2022,4,Thursday,0,Sindh,Kashmore,National Highway,Good,Foggy,Street Light,Motorcycle,2,Wrong Overtaking,0,0,1,0,9,1,High
2022,12,Wednesday,14,Sindh,Sukkur,National Highway,Poor,Clear,Street Light,Truck/Lorry,4,Road Condition,0,0,0,1,1,0,Low
2023,12,Friday,18,Balochistan,Turbat,Provincial Highway,Poor,Clear,Daylight,Car/Taxi,1,Signal Violation,1,0,0,1,2,0,Low
2022,7,Friday,22,Sindh,Hyderabad,National Highway,Under Repair,Foggy,No Light,Motorcycle,2,Road Condition,0,0,1,0,8,1,High
2022,12,Friday,16,Punjab,Lahore,Urban Road,Good,Foggy,Street Light,Motorcycle,2,Wrong Overtaking,0,0,0,1,11,1,High
2023,12,Friday,19,KPK,Swat,Provincial Highway,Good,Clear,Street Light,Van/Pickup,2,Over Speeding,1,0,0,1,3,2,Medium
2020,1,Sunday,8,Sindh,Jacobabad,Rural Road,Average,Clear,Daylight,Motorcycle,2,Signal Violation,1,1,0,1,2,0,Low
2023,6,Monday,7,KPK,Swat,Provincial Highway,Under Repair,Clear,Daylight,Bus/Coach,4,Wrong Overtaking,1,0,0,0,0,0,Low
2019,6,Thursday,18,Balochistan,Turbat,Motorway,Good,Foggy,Daylight,Car/Taxi,2,Wrong Overtaking,1,0,0,0,3,1,Medium
2021,6,Saturday,14,Punjab,Sialkot,Urban Road,Good,Clear,Daylight,Motorcycle,2,Over Speeding,0,1,0,0,2,0,Medium
2023,8,Tuesday,21,Sindh,Thatta,Urban Road,Under Repair,Clear,Street Light,Truck/Lorry,2,Wrong Overtaking,0,0,0,0,1,0,Low
2021,6,Thursday,1,Sindh,Hyderabad,Rural Road,Average,Clear,No Light,Car/Taxi,3,Wrong Overtaking,0,0,1,0,2,0,Low
2022,5,Friday,9,Punjab,Faisalabad,National Highway,Good,Clear,Street Light,Truck/Lorry,2,Drunk Driving,1,0,0,0,3,0,Medium
2023,4,Sunday,9,Balochistan,Zhob,Urban Road,Under Repair,Clear,Daylight,Bus/Coach,2,Wrong Overtaking,1,1,0,0,2,0,Low
2023,4,Thursday,16,KPK,Abbottabad,Rural Road,Average,Foggy,Daylight,Motorcycle,2,Over Speeding,0,0,0,0,1,2,Medium
2022,9,Tuesday,7,KPK,Abbottabad,Motorway,Good,Clear,Street Light,Car/Taxi,3,Pedestrian Error,1,0,0,0,0,0,Low
2022,11,Saturday,6,KPK,Charsadda,Urban Road,Average,Clear,Daylight,Other,3,Over Speeding,0,1,0,1,1,1,Low
2019,12,Sunday,13,Punjab,Rawalpindi,Urban Road,Good,Clear,Street Light,Motorcycle,2,Road Condition,1,1,0,1,2,0,Low