year,month,day_of_week,hour_of_day,province,district,road_type,road_condition,weather_condition,lighting_condition,vehicle_type,vehicles_involved,accident_cause,is_rush_hour,is_weekend,is_night,is_foggy_month,num_injured,num_killed,severity
2022,1,Thursday,12,KPK,Mansehra,Urban Road,Poor,Foggy,Dawn/Dusk,Motorcycle,1,Wrong Overtaking,1,0,0,1,2,0,Medium
2019,2,Wednesday,9,KPK,Peshawar,National Highway,Good,Clear,Daylight,Car/Taxi,1,Pedestrian Error,1,0,0,1,4,1,Medium
2018,12,Wednesday,21,Balochistan,Khuzdar,Provincial Highway,Poor,Clear,No Light,Rickshaw,2,Pedestrian Error,0,0,0,1,2,0,Low
2022,2,Monday,8,Sindh,Mirpur Khas,National Highway,Average,Foggy,No Light,Car/Taxi,2,Over Speeding,1,0,0,1,1,1,Medium
2021,5,Wednesday,7,Sindh,Kashmore,National Highway,Poor,Clear,Daylight,Rickshaw,2,Road Condition,1,0,0,0,4,0,Medium
2020,9,Thursday,11,Punjab,Multan,Provincial Highway,Poor,Foggy,Daylight,Motorcycle,2,Over Speeding,0,0,0,0,2,1,High
2022,10,Tuesday,14,Balochistan,Chaman,Urban Road,Average,Clear,Daylight,Motorcycle,2,Over Speeding,0,0,0,0,1,1,Medium
2023,7,Sunday,9,Sindh,Mirpur Khas,Motorway,Good,Clear,Dawn/Dusk,Truck/Lorry,2,Signal Violation,1,1,0,0,4,0,Medium
2020,12,Friday,19,Sindh,Karachi,National Highway,Average,Extreme Heat,No Light,Car/Taxi,3,Over Speeding,1,0,0,1,1,0,Medium
2023,10,Thursday,17,Punjab,Rahim Yar Khan,Rural Road,Average,Clear,Daylight,Car/Taxi,4,Over Speeding,1,0,0,0,2,0,Low
2018,7,Friday,14,Sindh,Kashmore,Rural Road,Poor,Dusty/Smoggy,Dawn/Dusk,Motorcycle,1,Over Speeding,0,0,0,0,7,1,High
2023,8,Wednesday,13,Punjab,Lahore,Urban Road,Good,Rainy,Daylight,Motorcycle,1,Over Speeding,1,0,0,0,4,1,Medium
2021,11,Saturday,6,Islamabad,Islamabad,National Highway,Poor,Foggy,Dawn/Dusk,Motorcycle,2,Driver Fatigue,0,1,0,1,4,4,High
2018,6,Tuesday,8,Balochistan,Khuzdar,Rural Road,Good,Dusty/Smoggy,No Light,Car/Taxi,2,Over Speeding,1,0,0,0,1,0,Low
2019,6,Tuesday,21,Punjab,Gujranwala,Motorway,Average,Rainy,No Light,Motorcycle,3,Drunk Driving,0,0,0,0,10,3,High
2019,6,Monday,11,Sindh,Sukkur,National Highway,Good,Rainy,Daylight,Motorcycle,2,Wrong Overtaking,0,0,0,0,4,1,High
2023,7,Friday,8,Sindh,Mirpur Khas,National Highway,Poor,Rainy,Daylight,Truck/Lorry,1,Wrong Overtaking,1,0,0,0,11,1,High
2020,2,Wednesday,17,KPK,Peshawar,Rural Road,Poor,Rainy,Daylight,Car/Taxi,2,Over Speeding,1,0,0,1,1,0,Low
2018,4,Friday,11,KPK,Peshawar,National Highway,Poor,Rainy,Daylight,Car/Taxi,3,Over Speeding,0,0,0,0,8,0,High
2023,11,Sunday,23,Gilgit-Baltistan,Hunza,Urban Road,Good,Clear,No Light,Motorcycle,2,Driver Fatigue,0,1,1,1,2,0,High
2023,4,Friday,18,Punjab,Gujranwala,Motorway,Average,Clear,Dawn/Dusk,Bus/Coach,2,Drunk Driving,1,0,0,0,7,3,High
2021,9,Saturday,19,Punjab,Faisalabad,Provincial Highway,Under Repair,Clear,Dawn/Dusk,Motorcycle,1,Drunk Driving,1,1,0,0,11,0,High
2020,3,Thursday,12,Sindh,Dadu,Provincial Highway,Average,Foggy,Daylight,Rickshaw,2,Over Speeding,1,0,0,0,3,2,Medium
2021,6,Friday,19,KPK,Bannu,National Highway,Under Repair,Foggy,Dawn/Dusk,Rickshaw,1,Driver Fatigue,1,0,0,0,5,1,High
2022,5,Thursday,17,Punjab,Sheikhupura,Provincial Highway,Average,Rainy,Street Light,Motorcycle,2,Over Speeding,1,0,0,0,2,1,High
2019,4,Thursday,11,Punjab,Multan,National Highway,Poor,Dusty/Smoggy,Daylight,Truck/Lorry,3,Pedestrian Error,0,0,0,0,1,0,Low
2023,9,Wednesday,8,KPK,Swat,Motorway,Good,Foggy,Daylight,Motorcycle,1,Drunk Driving,1,0,0,0,8,2,High
2022,6,Friday,14,KPK,Bannu,National Highway,Good,Foggy,Dawn/Dusk,Bus/Coach,4,Over Speeding,0,0,0,0,2,0,High
2021,7,Saturday,17,Punjab,Lahore,Motorway,Good,Clear,Daylight,Car/Taxi,3,Drunk Driving,1,1,0,0,3,2,Medium
2020,6,Saturday,16,Balochistan,Chaman,National Highway,Good,Clear,Daylight,Motorcycle,3,Wrong Overtaking,0,1,0,0,3,1,High
2022,7,Saturday,7,Punjab,Lahore,National Highway,Under Repair,Clear,Daylight,Car/Taxi,1,Mobile Phone Use,1,1,0,0,1,0,Low
2020,3,Thursday,12,Punjab,Sargodha,National Highway,Average,Foggy,Daylight,Motorcycle,2,Mobile Phone Use,1,0,0,0,5,0,High
2021,10,Saturday,16,Punjab,Sialkot,National Highway,Good,Rainy,No Light,Rickshaw,2,Wrong Overtaking,0,1,0,0,5,1,Medium
2018,2,Tuesday,13,Balochistan,Chaman,National Highway,Good,Clear,Street Light,Motorcycle,2,Driver Fatigue,1,0,0,1,10,0,High
2019,12,Saturday,12,KPK,Kohat,National Highway,Average,Clear,Dawn/Dusk,Bus/Coach,1,Drunk Driving,1,1,0,1,11,3,High
2022,5,Sunday,21,Punjab,Bahawalpur,National Highway,Average,Rainy,Street Light,Car/Taxi,2,Road Condition,0,1,0,0,1,0,Medium
2020,2,Wednesday,18,Punjab,Sialkot,Rural Road,Average,Clear,Street Light,Car/Taxi,2,Wrong Overtaking,1,0,0,1,0,0,Low
2023,12,Friday,13,KPK,Bannu,Provincial Highway,Poor,Rainy,Daylight,Motorcycle,2,Pedestrian Error,1,0,0,1,3,0,Medium
2023,7,Monday,7,Sindh,Sukkur,Rural Road,Poor,Rainy,No Light,Truck/Lorry,2,Pedestrian Error,1,0,0,0,2,0,Low
2020,10,Monday,8,AJK,Rawalakot,Provincial Highway,Average,Foggy,No Light,Rickshaw,4,Weather Condition,1,0,0,0,4,0,Medium
2021,1,Saturday,18,KPK,Mardan,Provincial Highway,Average,Clear,Dawn/Dusk,Rickshaw,2,Signal Violation,1,1,0,1,1,0,Medium
2018,1,Tuesday,9,Punjab,Sialkot,Rural Road,Under Repair,Clear,Daylight,Motorcycle,1,Over Speeding,1,0,0,1,1,1,Medium
2022,5,Saturday,14,KPK,Charsadda,Provincial Highway,Average,Clear,Daylight,Car/Taxi,1,Wrong Overtaking,0,1,0,0,1,0,Low
2021,6,Tuesday,9,Punjab,Rawalpindi,Urban Road,Poor,Rainy,No Light,Motorcycle,2,Wrong Overtaking,1,0,0,0,4,1,Medium
2022,11,Friday,0,Islamabad,Islamabad,Provincial Highway,Good,Clear,Street Light,Motorcycle,1,Road Condition,0,0,1,1,1,0,Medium
2022,5,Sunday,9,Punjab,Lahore,National Highway,Good,Clear,Daylight,Bus/Coach,3,Signal Violation,1,1,0,0,4,0,Medium
2019,2,Monday,14,Punjab,Gujranwala,Urban Road,Good,Clear,Daylight,Van/Pickup,3,Over Speeding,0,0,0,1,2,0,Low
2023,11,Monday,19,Sindh,Larkana,National Highway,Poor,Clear,Street Light,Motorcycle,2,Over Speeding,1,0,0,1,5,2,High
2021,12,Saturday,9,Punjab,Rawalpindi,Provincial Highway,Poor,Clear,Daylight,Other,4,Mechanical Failure,1,1,0,1,1,0,Low
2022,3,Wednesday,21,Punjab,Sialkot,National Highway,Good,Clear,Street Light,Bus/Coach,2,Wrong Overtaking,0,0,0,0,3,0,High
2019,1,Thursday,18,Sindh,Mirpur Khas,National Highway,Good,Rainy,Dawn/Dusk,Motorcycle,3,Wrong Overtaking,1,0,0,1,10,1,High
2023,6,Friday,14,Sindh,Sukkur,Rural Road,Under Repair,Clear,Daylight,Motorcycle,2,Over Speeding,0,0,0,0,3,1,Medium
2022,11,Friday,9,Sindh,Hyderabad,Urban Road,Average,Clear,Daylight,Motorcycle,3,Wrong Overtaking,1,0,0,1,5,0,Medium
2018,12,Thursday,7,Balochistan,Khuzdar,National Highway,Good,Clear,Street Light,Car/Taxi,3,Mechanical Failure,1,0,0,1,2,0,Low
2019,12,Friday,8,Sindh,Kashmore,Provincial Highway,Poor,Clear,Daylight,Motorcycle,2,Over Speeding,1,0,0,1,5,0,Medium
2020,4,Tuesday,21,Islamabad,Islamabad,Motorway,Average,Foggy,No Light,Motorcycle,1,Signal Violation,0,0,0,0,4,2,High
2020,8,Saturday,20,Punjab,Multan,Provincial Highway,Average,Clear,Street Light,Motorcycle,2,Road Condition,1,1,0,0,1,0,Low
2023,9,Friday,10,Punjab,Sheikhupura,National Highway,Good,Clear,Daylight,Car/Taxi,1,Over Speeding,0,0,0,0,3,1,Medium
2019,7,Tuesday,13,Sindh,Nawabshah,Provincial Highway,Good,Clear,Dawn/Dusk,Rickshaw,2,Over Speeding,1,0,0,0,2,1,Medium
2019,3,Tuesday,12,Punjab,Sialkot,National Highway,Average,Clear,Daylight,Motorcycle,2,Mobile Phone Use,1,0,0,0,8,2,High
2022,2,Thursday,20,Punjab,Lahore,Urban Road,Good,Clear,Street Light,Motorcycle,1,Over Speeding,1,0,0,1,2,2,Medium
2020,11,Tuesday,22,Balochistan,Dera Bugti,National Highway,Under Repair,Extreme Heat,No Light,Motorcycle,1,Drunk Driving,0,0,1,1,7,4,High
2022,3,Sunday,4,Sindh,Larkana,Rural Road,Good,Rainy,No Light,Motorcycle,2,Over Speeding,0,1,1,0,7,3,High
2020,11,Monday,9,Punjab,Rawalpindi,National Highway,Good,Clear,Daylight,Motorcycle,2,Signal Violation,1,0,0,1,3,0,Medium
2021,4,Saturday,19,KPK,Swat,National Highway,Average,Clear,Street Light,Van/Pickup,2,Pedestrian Error,1,1,0,0,0,0,Low
2021,10,Monday,5,Punjab,Faisalabad,Provincial Highway,Good,Foggy,Dawn/Dusk,Car/Taxi,2,Pedestrian Error,0,0,1,0,0,0,Low
2018,1,Tuesday,11,Sindh,Kashmore,Provincial Highway,Average,Foggy,Daylight,Car/Taxi,2,Over Speeding,0,0,0,1,2,0,Medium
2022,9,Thursday,7,Punjab,Sheikhupura,Urban Road,Good,Foggy,No Light,Motorcycle,3,Driver Fatigue,1,0,0,0,2,0,Medium
2021,3,Thursday,11,Punjab,Sialkot,National Highway,Good,Clear,Daylight,Car/Taxi,2,Over Speeding,0,0,0,0,10,1,High
2022,11,Tuesday,14,Punjab,Lahore,Urban Road,Poor,Foggy,Daylight,Motorcycle,1,Road Condition,0,0,0,1,5,0,Medium
2018,5,Friday,13,Balochistan,Gwadar,Urban Road,Good,Rainy,Dawn/Dusk,Motorcycle,1,Pedestrian Error,1,0,0,0,0,0,Low
2020,5,Wednesday,18,Punjab,Gujranwala,National Highway,Average,Extreme Heat,Daylight,Motorcycle,2,Pedestrian Error,1,0,0,0,5,1,High
2023,7,Monday,16,Sindh,Hyderabad,National Highway,Good,Clear,Street Light,Motorcycle,3,Signal Violation,0,0,0,0,1,0,Medium
2023,1,Sunday,10,Punjab,Sargodha,National Highway,Poor,Clear,Dawn/Dusk,Car/Taxi,1,Wrong Overtaking,0,1,0,1,2,0,Medium
2023,11,Saturday,11,Punjab,Multan,Provincial Highway,Good,Rainy,Daylight,Car/Taxi,2,Driver Fatigue,0,1,0,1,4,2,Medium
2022,11,Friday,4,Sindh,Mirpur Khas,Urban Road,Good,Clear,No Light,Car/Taxi,2,Mechanical Failure,0,0,1,1,1,1,Low
2019,5,Friday,19,Sindh,Thatta,Rural Road,Poor,Clear,Daylight,Truck/Lorry,3,Wrong Overtaking,1,0,0,0,1,0,Low
2020,7,Monday,9,KPK,Nowshera,National Highway,Under Repair,Foggy,Dawn/Dusk,Motorcycle,2,Mobile Phone Use,1,0,0,0,3,1,High
2023,5,Friday,2,Balochistan,Khuzdar,National Highway,Poor,Rainy,No Light,Car/Taxi,2,Wrong Overtaking,0,0,1,0,3,2,High
2023,11,Tuesday,19,Punjab,Gujranwala,National Highway,Poor,Clear,Dawn/Dusk,Car/Taxi,1,Over Speeding,1,0,0,1,7,0,High
2018,5,Thursday,11,Punjab,Bahawalpur,National Highway,Good,Clear,Daylight,Motorcycle,1,Over Speeding,0,0,0,0,6,0,High
2023,7,Tuesday,18,Balochistan,Dera Bugti,National Highway,Under Repair,Foggy,Daylight,Bicycle,3,Pedestrian Error,1,0,0,0,5,2,Medium
2020,1,Sunday,10,AJK,Rawalakot,National Highway,Good,Clear,Daylight,Van/Pickup,2,Wrong Overtaking,0,1,0,1,5,0,Medium
2018,5,Friday,7,Sindh,Dadu,Rural Road,Good,Foggy,Daylight,Motorcycle,2,Signal Violation,1,0,0,0,4,0,High
2019,9,Thursday,22,Sindh,Hyderabad,Provincial Highway,Poor,Clear,Street Light,Motorcycle,1,Signal Violation,0,0,1,0,4,2,High
2022,12,Sunday,14,Punjab,Gujranwala,Rural Road,Average,Dusty/Smoggy,Daylight,Motorcycle,1,Mechanical Failure,0,1,0,1,0,1,Low
2023,8,Sunday,12,Sindh,Karachi,Rural Road,Average,Clear,Daylight,Motorcycle,1,Over Speeding,1,1,0,0,4,0,Medium
2018,5,Monday,12,Punjab,Sialkot,Provincial Highway,Average,Clear,No Light,Car/Taxi,4,Mobile Phone Use,1,0,0,0,0,0,Low
2021,8,Friday,22,Gilgit-Baltistan,Gilgit,Urban Road,Average,Foggy,Street Light,Car/Taxi,4,Over Speeding,0,0,1,0,7,0,High
2018,1,Friday,7,Punjab,Sargodha,Provincial Highway,Poor,Clear,Dawn/Dusk,Car/Taxi,2,Over Speeding,1,0,0,1,3,1,Medium
2021,12,Tuesday,10,Punjab,Sialkot,Rural Road,Good,Foggy,Daylight,Bus/Coach,1,Signal Violation,0,0,0,1,4,0,Medium
2020,11,Thursday,19,Sindh,Nawabshah,National Highway,Good,Foggy,Dawn/Dusk,Motorcycle,2,Pedestrian Error,1,0,0,1,2,0,Medium
2021,9,Saturday,8,Punjab,Sialkot,Provincial Highway,Good,Clear,Daylight,Motorcycle,1,Wrong Overtaking,1,1,0,0,4,1,Medium
2019,12,Sunday,18,Sindh,Thatta,National Highway,Poor,Foggy,Daylight,Van/Pickup,4,Mechanical Failure,1,1,0,1,5,0,Medium
2019,1,Monday,20,AJK,Muzaffarabad,Rural Road,Poor,Foggy,Street Light,Truck/Lorry,2,Mechanical Failure,1,0,0,1,2,0,Medium
2020,6,Sunday,9,Sindh,Larkana,Urban Road,Poor,Foggy,No Light,Truck/Lorry,1,Driver Fatigue,1,1,0,0,4,0,Medium
2020,10,Tuesday,18,Balochistan,Khuzdar,Urban Road,Average,Rainy,Street Light,Rickshaw,3,Wrong Overtaking,1,0,0,0,2,0,Low
2023,7,Sunday,10,Punjab,Sargodha,Rural Road,Good,Dusty/Smoggy,Daylight,Motorcycle,3,Mobile Phone Use,0,1,0,0,2,0,Low
2023,11,Sunday,18,Punjab,Bahawalpur,Urban Road,Average,Foggy,Dawn/Dusk,Truck/Lorry,2,Over Speeding,1,1,0,1,5,0,Medium
2022,8,Wednesday,8,Islamabad,Islamabad,Provincial Highway,Poor,Dusty/Smoggy,Daylight,Motorcycle,2,Road Condition,1,0,0,0,2,2,Medium
2022,10,Saturday,20,Punjab,Rawalpindi,Provincial Highway,Poor,Clear,Street Light,Rickshaw,2,Wrong Overtaking,1,1,0,0,1,0,Medium
2022,9,Friday,11,KPK,Mansehra,Provincial Highway,Under Repair,Rainy,Dawn/Dusk,Motorcycle,1,Over Speeding,0,0,0,0,8,1,High
2018,10,Tuesday,17,Sindh,Jacobabad,National Highway,Average,Foggy,Daylight,Motorcycle,2,Mechanical Failure,1,0,0,0,4,1,High
2020,9,Friday,21,Punjab,Sargodha,Rural Road,Average,Clear,No Light,Motorcycle,4,Over Speeding,0,0,0,0,4,0,Medium
2023,6,Saturday,12,Sindh,Hyderabad,National Highway,Average,Dusty/Smoggy,Dawn/Dusk,Car/Taxi,2,Mechanical Failure,1,1,0,0,1,0,Low
2021,6,Tuesday,10,KPK,Charsadda,Urban Road,Poor,Foggy,Daylight,Motorcycle,2,Over Speeding,0,0,0,0,7,1,High
2022,6,Saturday,9,Islamabad,Islamabad,National Highway,Average,Dusty/Smoggy,Street Light,Truck/Lorry,4,Signal Violation,1,1,0,0,2,0,Medium
2022,11,Sunday,10,Punjab,Rahim Yar Khan,Provincial Highway,Average,Dusty/Smoggy,Daylight,Rickshaw,2,Wrong Overtaking,0,1,0,1,1,0,Low
2023,11,Friday,10,KPK,Mansehra,Urban Road,Under Repair,Clear,Daylight,Car/Taxi,2,Drunk Driving,0,0,0,1,5,0,Medium
2023,7,Sunday,13,Punjab,Sialkot,National Highway,Average,Clear,Daylight,Motorcycle,1,Over Speeding,1,1,0,0,6,2,High
2023,3,Saturday,16,KPK,Abbottabad,Provincial Highway,Average,Clear,Daylight,Rickshaw,2,Drunk Driving,0,1,0,0,5,1,Medium
2022,1,Sunday,11,Punjab,Sialkot,Provincial Highway,Good,Clear,Daylight,Truck/Lorry,3,Over Speeding,0,1,0,1,2,1,Medium
2023,3,Tuesday,21,Sindh,Dadu,Motorway,Under Repair,Clear,Street Light,Rickshaw,1,Signal Violation,0,0,0,0,2,1,Medium
2020,2,Tuesday,20,Punjab,Sialkot,Urban Road,Under Repair,Clear,No Light,Car/Taxi,1,Over Speeding,1,0,0,1,1,0,Low
2023,9,Sunday,23,Punjab,Multan,Urban Road,Good,Clear,Street Light,Rickshaw,2,Wrong Overtaking,0,1,1,0,2,0,Low
2023,2,Tuesday,16,KPK,Bannu,Provincial Highway,Under Repair,Clear,Daylight,Motorcycle,2,Drunk Driving,0,0,0,1,7,4,High
2021,12,Tuesday,14,Punjab,Sialkot,National Highway,Poor,Extreme Heat,Daylight,Motorcycle,2,Over Speeding,0,0,0,1,4,1,High
2022,8,Wednesday,14,KPK,Mansehra,National Highway,Poor,Clear,Daylight,Motorcycle,4,Over Speeding,0,0,0,0,8,2,High
2022,6,Saturday,10,Sindh,Thatta,Provincial Highway,Poor,Dusty/Smoggy,Daylight,Motorcycle,2,Wrong Overtaking,0,1,0,0,4,1,Medium
2019,2,Monday,19,Punjab,Faisalabad,Urban Road,Good,Rainy,Dawn/Dusk,Motorcycle,2,Over Speeding,1,0,0,1,2,1,High
2020,4,Thursday,18,Punjab,Faisalabad,National Highway,Good,Clear,Dawn/Dusk,Motorcycle,2,Wrong Overtaking,1,0,0,0,3,0,Medium
2022,6,Saturday,19,Balochistan,Dera Bugti,National Highway,Average,Clear,Dawn/Dusk,Rickshaw,1,Over Speeding,1,1,0,0,11,0,High
2022,9,Monday,21,AJK,Rawalakot,Urban Road,Good,Clear,No Light,Motorcycle,4,Signal Violation,0,0,0,0,2,0,Low
2021,8,Wednesday,7,Punjab,Gujranwala,Urban Road,Average,Rainy,Daylight,Car/Taxi,2,Signal Violation,1,0,0,0,2,0,Low
2019,12,Thursday,3,Punjab,Sheikhupura,Provincial Highway,Average,Foggy,Street Light,Car/Taxi,3,Over Speeding,0,0,1,1,4,1,Medium
2020,12,Saturday,10,Punjab,Lahore,Provincial Highway,Poor,Foggy,Daylight,Car/Taxi,2,Signal Violation,0,1,0,1,2,0,Medium
2020,12,Sunday,18,KPK,Peshawar,National Highway,Average,Clear,Daylight,Truck/Lorry,1,Wrong Overtaking,1,1,0,1,1,1,Medium
2021,6,Thursday,8,Sindh,Hyderabad,Rural Road,Good,Foggy,Daylight,Car/Taxi,1,Over Speeding,1,0,0,0,4,2,Medium
2019,5,Tuesday,17,Punjab,Multan,National Highway,Good,Clear,Daylight,Bicycle,3,Wrong Overtaking,1,0,0,0,4,1,High
2023,8,Saturday,16,Punjab,Sargodha,National Highway,Good,Clear,Daylight,Rickshaw,4,Road Condition,0,1,0,0,1,0,Medium
2023,2,Tuesday,11,KPK,Abbottabad,National Highway,Poor,Clear,Daylight,Other,1,Pedestrian Error,0,0,0,1,0,0,Low
2018,10,Friday,7,Punjab,Rawalpindi,National Highway,Under Repair,Clear,No Light,Rickshaw,2,Driver Fatigue,1,0,0,0,3,0,Medium
2023,3,Thursday,6,KPK,Mansehra,Urban Road,Good,Clear,Daylight,Motorcycle,3,Over Speeding,0,0,0,0,3,0,Medium
2023,2,Saturday,15,Punjab,Rahim Yar Khan,Motorway,Average,Rainy,Daylight,Motorcycle,2,Wrong Overtaking,0,1,0,1,6,0,High
2023,12,Monday,1,KPK,Abbottabad,Urban Road,Average,Extreme Heat,Street Light,Motorcycle,2,Driver Fatigue,0,0,1,1,8,2,High
2023,1,Saturday,10,Sindh,Jacobabad,Rural Road,Good,Foggy,Daylight,Truck/Lorry,3,Wrong Overtaking,0,1,0,1,2,0,Low
2019,9,Tuesday,18,Sindh,Jacobabad,Urban Road,Good,Rainy,Daylight,Bus/Coach,4,Over Speeding,1,0,0,0,6,0,High
2020,2,Friday,9,Sindh,Larkana,Urban Road,Good,Clear,Daylight,Truck/Lorry,1,Signal Violation,1,0,0,1,0,0,Low
2020,6,Saturday,7,Sindh,Kashmore,Provincial Highway,Average,Extreme Heat,Street Light,Motorcycle,3,Wrong Overtaking,1,1,0,0,5,0,Medium
2023,8,Friday,14,Sindh,Mirpur Khas,Urban Road,Average,Foggy,Daylight,Car/Taxi,2,Driver Fatigue,0,0,0,0,2,1,Medium
2021,10,Sunday,7,Punjab,Gujranwala,Provincial Highway,Good,Rainy,Street Light,Car/Taxi,2,Over Speeding,1,1,0,0,8,2,High
2023,12,Saturday,19,AJK,Muzaffarabad,Provincial Highway,Average,Clear,Daylight,Truck/Lorry,1,Over Speeding,1,1,0,1,3,1,Medium
2023,3,Monday,19,Balochistan,Dera Bugti,Rural Road,Under Repair,Dusty/Smoggy,Dawn/Dusk,Motorcycle,3,Road Condition,1,0,0,0,2,0,Low
2019,9,Saturday,0,Sindh,Kashmore,National Highway,Poor,Foggy,Street Light,Car/Taxi,2,Pedestrian Error,0,1,1,0,2,0,Medium
2019,7,Sunday,16,Punjab,Rawalpindi,Provincial Highway,Poor,Foggy,Street Light,Motorcycle,2,Over Speeding,0,1,0,0,9,2,High
2023,10,Tuesday,11,Punjab,Gujranwala,Urban Road,Good,Clear,Daylight,Truck/Lorry,2,Over Speeding,0,0,0,0,3,2,Medium
2021,6,Thursday,11,Balochistan,Hub,Rural Road,Average,Foggy,Daylight,Truck/Lorry,2,Pedestrian Error,0,0,0,0,1,0,Low
2022,3,Monday,9,Islamabad,Islamabad,Rural Road,Good,Foggy,Daylight,Motorcycle,4,Driver Fatigue,1,0,0,0,6,2,High
2023,2,Thursday,18,Punjab,Sialkot,Urban Road,Poor,Rainy,Street Light,Motorcycle,1,Signal Violation,1,0,0,1,10,1,High
2023,1,Friday,16,KPK,Peshawar,Urban Road,Poor,Foggy,Daylight,Motorcycle,2,Wrong Overtaking,0,0,0,1,2,0,Medium
2022,1,Friday,19,Sindh,Nawabshah,Provincial Highway,Good,Extreme Heat,No Light,Motorcycle,1,Over Speeding,1,0,0,1,5,0,High
2018,11,Tuesday,6,Punjab,Gujranwala,Rural Road,Good,Clear,Daylight,Rickshaw,2,Over Speeding,0,0,0,1,0,0,Low
2018,5,Sunday,18,Sindh,Dadu,Provincial Highway,Good,Foggy,Daylight,Motorcycle,2,Over Speeding,1,1,0,0,2,1,High
2021,7,Saturday,23,KPK,Swat,Rural Road,Average,Extreme Heat,Street Light,Car/Taxi,2,Mechanical Failure,0,1,1,0,1,0,Low
2022,11,Wednesday,16,Punjab,Sialkot,National Highway,Good,Dusty/Smoggy,Daylight,Truck/Lorry,1,Drunk Driving,0,0,0,1,5,0,Medium
2023,11,Tuesday,13,Punjab,Sargodha,National Highway,Under Repair,Clear,Daylight,Bus/Coach,4,Signal Violation,1,0,0,1,5,3,High
2020,11,Saturday,18,Punjab,Faisalabad,Urban Road,Poor,Clear,Daylight,Car/Taxi,3,Wrong Overtaking,1,1,0,1,1,0,Low
2022,12,Monday,21,Balochistan,Zhob,Urban Road,Average,Clear,No Light,Car/Taxi,1,Road Condition,0,0,0,1,1,1,Low
2019,1,Sunday,18,Sindh,Mirpur Khas,Provincial Highway,Under Repair,Rainy,Daylight,Van/Pickup,1,Over Speeding,1,1,0,1,8,2,High
2022,12,Tuesday,22,Sindh,Thatta,Urban Road,Under Repair,Clear,No Light,Motorcycle,1,Road Condition,0,0,1,1,2,0,Medium
2020,11,Thursday,19,KPK,Mansehra,National Highway,Good,Rainy,Dawn/Dusk,Truck/Lorry,3,Road Condition,1,0,0,1,3,0,Medium
2020,6,Thursday,19,AJK,Rawalakot,National Highway,Under Repair,Rainy,Street Light,Motorcycle,2,Pedestrian Error,1,0,0,0,8,1,High
2022,3,Friday,15,Punjab,Lahore,Urban Road,Poor,Clear,Street Light,Rickshaw,2,Driver Fatigue,0,0,0,0,1,0,Low
2019,10,Sunday,7,Punjab,Rawalpindi,Urban Road,Good,Rainy,Daylight,Motorcycle,2,Driver Fatigue,1,1,0,0,6,1,High
2018,2,Saturday,17,Punjab,Rawalpindi,National Highway,Average,Foggy,Daylight,Motorcycle,2,Wrong Overtaking,1,1,0,1,7,2,High
2019,4,Saturday,7,Balochistan,Sibi,Motorway,Good,Clear,Daylight,Car/Taxi,3,Road Condition,1,1,0,0,2,0,Low
2019,12,Wednesday,5,Punjab,Sialkot,National Highway,Good,Dusty/Smoggy,Dawn/Dusk,Motorcycle,4,Wrong Overtaking,0,0,1,1,2,3,High
2023,12,Wednesday,9,KPK,Nowshera,Provincial Highway,Average,Clear,Daylight,Car/Taxi,2,Pedestrian Error,1,0,0,1,0,0,Low
2019,9,Tuesday,22,Punjab,Sargodha,Provincial Highway,Average,Rainy,Street Light,Bus/Coach,2,Wrong Overtaking,0,0,1,0,5,1,Medium
2020,1,Monday,6,Sindh,Hyderabad,Urban Road,Good,Dusty/Smoggy,Daylight,Truck/Lorry,1,Wrong Overtaking,0,0,0,1,0,0,Low
2021,9,Tuesday,13,Punjab,Faisalabad,National Highway,Average,Clear,Daylight,Motorcycle,3,Over Speeding,1,0,0,0,9,3,High
2023,2,Saturday,1,Punjab,Gujranwala,National Highway,Poor,Foggy,Street Light,Motorcycle,2,Over Speeding,0,1,1,1,8,0,High
2021,4,Friday,12,Punjab,Faisalabad,National Highway,Poor,Clear,Daylight,Car/Taxi,1,Over Speeding,1,0,0,0,4,1,High
2023,1,Tuesday,17,Sindh,Larkana,Provincial Highway,Average,Clear,Street Light,Rickshaw,1,Signal Violation,1,0,0,1,0,0,Low
2018,1,Wednesday,9,KPK,Peshawar,Rural Road,Poor,Foggy,Daylight,Truck/Lorry,1,Over Speeding,1,0,0,1,8,1,High
2019,7,Saturday,15,Islamabad,Islamabad,Urban Road,Poor,Foggy,Street Light,Car/Taxi,3,Pedestrian Error,0,1,0,0,0,0,Low
2019,4,Sunday,10,Punjab,Sheikhupura,Provincial Highway,Average,Clear,No Light,Car/Taxi,2,Drunk Driving,0,1,0,0,4,1,Medium
2022,12,Thursday,12,KPK,Charsadda,Rural Road,Good,Foggy,Daylight,Car/Taxi,1,Over Speeding,1,0,0,1,2,1,Medium
2020,11,Friday,6,Balochistan,Turbat,Rural Road,Good,Dusty/Smoggy,Daylight,Car/Taxi,1,Drunk Driving,0,0,0,1,5,1,Medium
2023,5,Saturday,9,Punjab,Sheikhupura,Urban Road,Good,Clear,Daylight,Motorcycle,1,Wrong Overtaking,1,1,0,0,0,0,Low
2022,12,Friday,8,Sindh,Jacobabad,Rural Road,Good,Clear,Daylight,Motorcycle,2,Signal Violation,1,0,0,1,0,0,Low
2023,7,Saturday,13,Sindh,Dadu,National Highway,Good,Clear,Daylight,Motorcycle,3,Wrong Overtaking,1,1,0,0,8,0,High
2023,8,Sunday,8,Punjab,Multan,Rural Road,Average,Clear,Dawn/Dusk,Car/Taxi,4,Mechanical Failure,1,1,0,0,2,0,Low