year,month,day_of_week,hour_of_day,province,district,road_type,road_condition,weather_condition,lighting_condition,vehicle_type,vehicles_involved,accident_cause,is_rush_hour,is_weekend,is_night,is_foggy_month,num_injured,num_killed,severity
2022,7,Sunday,19,Punjab,Multan,Rural Road,Good,Clear,Dawn/Dusk,Car/Taxi,3,Over Speeding,1,1,0,0,2,0,Low
2021,11,Monday,8,Punjab,Faisalabad,Provincial Highway,Average,Dusty/Smoggy,Daylight,Car/Taxi,2,Mechanical Failure,1,0,0,1,1,0,Low
2023,4,Monday,6,Sindh,Mirpur Khas,Motorway,Good,Clear,Daylight,Car/Taxi,2,Over Speeding,0,0,0,0,3,0,Medium
2021,4,Sunday,19,Punjab,Faisalabad,National Highway,Average,Clear,Dawn/Dusk,Rickshaw,2,Over Speeding,1,1,0,0,2,1,Medium
2020,12,Friday,9,Punjab,Sargodha,National Highway,Average,Clear,Dawn/Dusk,Bicycle,2,Driver Fatigue,1,0,0,1,3,0,High
2021,8,Friday,15,KPK,Swat,Urban Road,Poor,Dusty/Smoggy,Daylight,Motorcycle,1,Mechanical Failure,0,0,0,0,2,0,Low
2019,7,Friday,11,Punjab,Sheikhupura,Rural Road,Good,Clear,Daylight,Car/Taxi,1,Signal Violation,0,0,0,0,2,0,Low
2022,12,Friday,16,Punjab,Sargodha,National Highway,Average,Clear,Daylight,Motorcycle,2,Over Speeding,0,0,0,1,11,2,High
2023,11,Sunday,17,Punjab,Faisalabad,Rural Road,Good,Clear,Daylight,Motorcycle,1,Mobile Phone Use,1,1,0,1,0,0,Low
2022,4,Monday,20,Gilgit-Baltistan,Gilgit,Urban Road,Under Repair,Foggy,No Light,Bus/Coach,1,Pedestrian Error,1,0,0,0,1,0,Medium
2023,12,Friday,12,Punjab,Sialkot,Rural Road,Poor,Dusty/Smoggy,Street Light,Motorcycle,1,Mechanical Failure,1,0,0,1,1,0,Low
2021,3,Sunday,4,Punjab,Multan,Provincial Highway,Poor,Clear,Street Light,Rickshaw,2,Road Condition,0,1,1,0,1,0,Low
2018,5,Monday,11,Punjab,Sialkot,Rural Road,Good,Clear,Daylight,Rickshaw,3,Road Condition,0,0,0,0,1,0,Low
2019,6,Thursday,18,Punjab,Rawalpindi,Provincial Highway,Under Repair,Clear,Daylight,Car/Taxi,1,Drunk Driving,1,0,0,0,1,1,Medium
2023,7,Friday,16,Sindh,Larkana,Rural Road,Average,Clear,Daylight,Motorcycle,1,Mechanical Failure,0,0,0,0,0,0,Low
2020,10,Friday,19,Islamabad,Islamabad,National Highway,Under Repair,Clear,Street Light,Motorcycle,2,Pedestrian Error,1,0,0,0,4,0,Medium
2018,6,Sunday,8,Sindh,Kashmore,Motorway,Good,Rainy,Daylight,Motorcycle,3,Wrong Overtaking,1,1,0,0,3,1,High
2023,9,Wednesday,21,Punjab,Sargodha,Provincial Highway,Average,Dusty/Smoggy,No Light,Car/Taxi,1,Over Speeding,0,0,0,0,5,1,Medium
2018,5,Tuesday,18,Punjab,Gujranwala,Motorway,Poor,Dusty/Smoggy,Daylight,Van/Pickup,3,Mechanical Failure,1,0,0,0,2,0,Medium
2022,2,Wednesday,19,Punjab,Sargodha,National Highway,Good,Clear,Dawn/Dusk,Motorcycle,2,Driver Fatigue,1,0,0,1,3,1,High
2021,2,Saturday,18,Punjab,Bahawalpur,Rural Road,Good,Clear,Daylight,Truck/Lorry,2,Signal Violation,1,1,0,1,3,0,Medium
2020,3,Thursday,20,KPK,Charsadda,Urban Road,Good,Clear,No Light,Motorcycle,1,Road Condition,1,0,0,0,2,0,Medium
2022,6,Saturday,20,Sindh,Larkana,Rural Road,Good,Foggy,No Light,Car/Taxi,1,Over Speeding,1,1,0,0,5,1,Medium
2020,7,Tuesday,21,Punjab,Multan,National Highway,Good,Rainy,No Light,Motorcycle,1,Over Speeding,0,0,0,0,2,1,High
2022,7,Friday,14,Punjab,Rawalpindi,Urban Road,Poor,Foggy,Dawn/Dusk,Motorcycle,4,Over Speeding,0,0,0,0,4,0,High
2021,9,Monday,18,Punjab,Faisalabad,Rural Road,Good,Extreme Heat,Street Light,Truck/Lorry,2,Road Condition,1,0,0,0,1,0,Low
2023,4,Thursday,19,KPK,Peshawar,Rural Road,Average,Rainy,Dawn/Dusk,Truck/Lorry,2,Over Speeding,1,0,0,0,2,2,High
2021,6,Saturday,7,Sindh,Larkana,National Highway,Under Repair,Foggy,Daylight,Bicycle,3,Over Speeding,1,1,0,0,3,0,High
2022,11,Monday,20,KPK,Kohat,Provincial Highway,Good,Extreme Heat,No Light,Car/Taxi,1,Wrong Overtaking,1,0,0,1,2,1,Low
2018,7,Monday,8,Sindh,Mirpur Khas,Rural Road,Poor,Rainy,Daylight,Rickshaw,1,Over Speeding,1,0,0,0,1,1,Low
2021,11,Saturday,5,Punjab,Multan,Rural Road,Average,Clear,No Light,Van/Pickup,2,Wrong Overtaking,0,1,1,1,1,0,Medium
2019,9,Friday,10,Islamabad,Islamabad,Urban Road,Average,Rainy,Daylight,Motorcycle,2,Pedestrian Error,0,0,0,0,1,2,Medium
2022,8,Sunday,17,Punjab,Multan,Provincial Highway,Average,Rainy,Daylight,Motorcycle,4,Over Speeding,1,1,0,0,10,0,High
2022,4,Sunday,8,Punjab,Faisalabad,Urban Road,Good,Clear,Daylight,Motorcycle,3,Over Speeding,1,1,0,0,3,0,Medium
2023,3,Sunday,12,KPK,Charsadda,Provincial Highway,Under Repair,Rainy,Daylight,Motorcycle,2,Wrong Overtaking,1,1,0,0,3,0,High
2019,1,Sunday,15,Punjab,Faisalabad,Urban Road,Poor,Clear,Daylight,Rickshaw,2,Wrong Overtaking,0,1,0,1,0,0,Low
2023,6,Monday,2,Punjab,Gujranwala,Urban Road,Good,Foggy,No Light,Motorcycle,2,Over Speeding,0,0,1,0,8,4,High
2023,2,Friday,14,Balochistan,Sibi,National Highway,Poor,Rainy,Daylight,Car/Taxi,3,Mechanical Failure,0,0,0,1,5,0,Medium
2020,9,Saturday,23,Sindh,Mirpur Khas,Urban Road,Poor,Clear,Street Light,Motorcycle,2,Road Condition,0,1,1,0,2,1,Medium
2023,9,Saturday,6,Punjab,Lahore,National Highway,Average,Clear,Dawn/Dusk,Motorcycle,1,Mechanical Failure,0,1,0,0,5,0,Medium
2021,4,Wednesday,13,Sindh,Dadu,Provincial Highway,Good,Rainy,Daylight,Car/Taxi,1,Drunk Driving,1,0,0,0,9,3,High
2021,1,Friday,6,KPK,Dera Ismail Khan,Provincial Highway,Good,Foggy,Daylight,Truck/Lorry,2,Signal Violation,0,0,0,1,10,1,High
2019,1,Thursday,11,Punjab,Sheikhupura,Motorway,Poor,Clear,Dawn/Dusk,Motorcycle,2,Mechanical Failure,0,0,0,1,2,2,Medium
2018,7,Sunday,22,Sindh,Karachi,National Highway,Good,Foggy,No Light,Other,1,Driver Fatigue,0,1,1,0,2,0,High
2021,9,Thursday,11,AJK,Muzaffarabad,Rural Road,Poor,Clear,Daylight,Motorcycle,1,Over Speeding,0,0,0,0,3,1,Medium
2022,8,Wednesday,10,Islamabad,Islamabad,Rural Road,Good,Clear,Daylight,Van/Pickup,2,Road Condition,0,0,0,0,2,0,Low
2022,3,Monday,20,Sindh,Sukkur,National Highway,Poor,Foggy,Street Light,Motorcycle,3,Over Speeding,1,0,0,0,10,0,High
2020,5,Thursday,18,Punjab,Sheikhupura,National Highway,Average,Clear,Dawn/Dusk,Motorcycle,2,Mobile Phone Use,1,0,0,0,5,0,High
2019,7,Wednesday,22,KPK,Mardan,Rural Road,Good,Dusty/Smoggy,Street Light,Motorcycle,3,Wrong Overtaking,0,0,1,0,8,1,High
2023,4,Monday,20,Punjab,Faisalabad,Urban Road,Under Repair,Rainy,Street Light,Motorcycle,1,Signal Violation,1,0,0,0,3,2,Medium
2022,12,Sunday,18,KPK,Nowshera,Rural Road,Good,Dusty/Smoggy,Daylight,Motorcycle,1,Over Speeding,1,1,0,1,2,1,Medium
2021,10,Wednesday,19,Punjab,Sargodha,Provincial Highway,Poor,Clear,Street Light,Car/Taxi,1,Driver Fatigue,1,0,0,0,1,0,Medium
2022,9,Wednesday,15,KPK,Swat,National Highway,Average,Foggy,Daylight,Motorcycle,2,Wrong Overtaking,0,0,0,0,4,1,High
2023,11,Sunday,9,Punjab,Gujranwala,Rural Road,Average,Foggy,Daylight,Bicycle,2,Road Condition,1,1,0,1,1,0,Low
2019,3,Friday,12,Islamabad,Islamabad,Provincial Highway,Average,Clear,Street Light,Motorcycle,2,Drunk Driving,1,0,0,0,2,1,Medium
2018,8,Wednesday,19,Punjab,Sheikhupura,National Highway,Good,Clear,No Light,Motorcycle,2,Wrong Overtaking,1,0,0,0,9,3,High
2022,2,Wednesday,14,Punjab,Sialkot,National Highway,Average,Clear,Street Light,Van/Pickup,2,Mobile Phone Use,0,0,0,1,2,0,Medium
2022,5,Tuesday,13,KPK,Mardan,Rural Road,Poor,Clear,Daylight,Car/Taxi,3,Signal Violation,1,0,0,0,2,1,Low
2021,3,Saturday,6,Punjab,Sargodha,Urban Road,Under Repair,Foggy,Street Light,Rickshaw,2,Mechanical Failure,0,1,0,0,2,0,Low
2022,1,Sunday,6,Sindh,Kashmore,Urban Road,Good,Clear,Daylight,Rickshaw,2,Road Condition,0,1,0,1,2,0,Low
2023,6,Sunday,13,Islamabad,Islamabad,Urban Road,Average,Clear,No Light,Motorcycle,2,Driver Fatigue,1,1,0,0,3,0,Medium
2020,12,Tuesday,15,Sindh,Mirpur Khas,Motorway,Average,Clear,Daylight,Motorcycle,2,Driver Fatigue,0,0,0,1,5,2,High
2020,6,Sunday,12,KPK,Bannu,National Highway,Poor,Rainy,Daylight,Motorcycle,4,Over Speeding,1,1,0,0,3,0,High
2018,7,Sunday,4,Punjab,Faisalabad,Urban Road,Poor,Clear,Street Light,Motorcycle,2,Signal Violation,0,1,1,0,6,2,High
2018,7,Saturday,23,KPK,Nowshera,Rural Road,Good,Foggy,No Light,Motorcycle,2,Over Speeding,0,1,1,0,10,2,High
2023,3,Tuesday,18,Punjab,Gujranwala,National Highway,Average,Rainy,Daylight,Motorcycle,1,Mechanical Failure,1,0,0,0,4,2,High
2021,11,Sunday,15,Sindh,Karachi,Urban Road,Average,Clear,Daylight,Rickshaw,2,Mobile Phone Use,0,1,0,1,2,0,Low
2023,6,Sunday,8,KPK,Peshawar,National Highway,Good,Clear,Daylight,Bus/Coach,2,Signal Violation,1,1,0,0,10,2,High
2023,7,Tuesday,17,Sindh,Karachi,Motorway,Average,Clear,Daylight,Truck/Lorry,2,Over Speeding,1,0,0,0,3,1,High
2018,9,Saturday,7,AJK,Muzaffarabad,Urban Road,Good,Clear,Daylight,Motorcycle,4,Pedestrian Error,1,1,0,0,0,0,Low
2020,11,Wednesday,8,KPK,Peshawar,Provincial Highway,Average,Foggy,Dawn/Dusk,Other,3,Signal Violation,1,0,0,1,1,0,Low
2022,1,Tuesday,2,KPK,Bannu,National Highway,Good,Clear,Street Light,Truck/Lorry,1,Wrong Overtaking,0,0,1,1,3,1,Medium
2021,12,Sunday,11,Sindh,Dadu,Rural Road,Average,Clear,Daylight,Rickshaw,2,Wrong Overtaking,0,1,0,1,1,0,Low
2019,2,Saturday,17,Punjab,Bahawalpur,Provincial Highway,Good,Clear,Daylight,Motorcycle,2,Driver Fatigue,1,1,0,1,5,1,High
2022,6,Tuesday,13,Punjab,Gujranwala,Urban Road,Poor,Foggy,Daylight,Bus/Coach,1,Over Speeding,1,0,0,0,3,1,Medium
2022,5,Tuesday,22,Punjab,Sheikhupura,Urban Road,Average,Clear,No Light,Truck/Lorry,1,Pedestrian Error,0,0,1,0,0,0,Low
2020,2,Thursday,21,Punjab,Faisalabad,Urban Road,Average,Clear,No Light,Van/Pickup,4,Over Speeding,0,0,0,1,0,0,Low
2022,12,Sunday,12,Islamabad,Islamabad,National Highway,Average,Clear,Daylight,Bus/Coach,2,Wrong Overtaking,1,1,0,1,8,2,High
2018,6,Saturday,13,Punjab,Rawalpindi,National Highway,Good,Rainy,Daylight,Motorcycle,1,Signal Violation,1,1,0,0,7,1,High
2018,7,Friday,18,KPK,Abbottabad,Provincial Highway,Good,Foggy,Daylight,Car/Taxi,2,Driver Fatigue,1,0,0,0,4,1,Medium
2020,6,Sunday,18,Sindh,Larkana,National Highway,Under Repair,Clear,Daylight,Car/Taxi,1,Over Speeding,1,1,0,0,5,1,Medium
2018,12,Monday,9,Sindh,Hyderabad,Urban Road,Poor,Clear,Daylight,Motorcycle,1,Pedestrian Error,1,0,0,1,2,0,Medium
2022,11,Sunday,18,Sindh,Kashmore,Urban Road,Average,Foggy,Daylight,Car/Taxi,2,Road Condition,1,1,0,1,1,0,Low
2019,1,Sunday,20,Punjab,Multan,Motorway,Under Repair,Dusty/Smoggy,Street Light,Bicycle,2,Over Speeding,1,1,0,1,7,2,High
2022,6,Thursday,14,Balochistan,Quetta,National Highway,Good,Rainy,Daylight,Motorcycle,3,Over Speeding,0,0,0,0,2,1,High
2023,7,Monday,11,Balochistan,Loralai,Urban Road,Poor,Foggy,Street Light,Truck/Lorry,2,Wrong Overtaking,0,0,0,0,5,0,Medium
2023,5,Tuesday,14,Sindh,Mirpur Khas,Provincial Highway,Good,Clear,Daylight,Car/Taxi,4,Wrong Overtaking,0,0,0,0,1,0,Low
2022,7,Wednesday,9,Balochistan,Gwadar,National Highway,Average,Clear,Daylight,Motorcycle,3,Signal Violation,1,0,0,0,2,1,High
2023,12,Monday,5,Punjab,Faisalabad,Provincial Highway,Average,Foggy,Dawn/Dusk,Car/Taxi,2,Wrong Overtaking,0,0,1,1,2,0,High
2019,10,Thursday,8,Punjab,Bahawalpur,Rural Road,Good,Clear,Daylight,Car/Taxi,3,Signal Violation,1,0,0,0,2,0,Low
2020,12,Monday,12,Sindh,Sukkur,Provincial Highway,Good,Clear,Daylight,Van/Pickup,2,Wrong Overtaking,1,0,0,1,1,0,Low
2020,9,Thursday,22,Balochistan,Hub,Provincial Highway,Poor,Clear,No Light,Car/Taxi,3,Over Speeding,0,0,1,0,1,0,Medium
2023,12,Monday,18,Punjab,Rawalpindi,Rural Road,Good,Clear,Dawn/Dusk,Car/Taxi,2,Pedestrian Error,1,0,0,1,2,0,Low
2019,4,Saturday,0,Sindh,Kashmore,Provincial Highway,Poor,Extreme Heat,Street Light,Bus/Coach,2,Mobile Phone Use,0,1,1,0,4,1,Medium
2019,6,Saturday,19,Punjab,Sargodha,Provincial Highway,Poor,Foggy,Dawn/Dusk,Truck/Lorry,1,Wrong Overtaking,1,1,0,0,2,0,Medium
2018,5,Wednesday,7,AJK,Mirpur,National Highway,Good,Clear,Daylight,Car/Taxi,2,Road Condition,1,0,0,0,5,1,Medium
2022,5,Thursday,23,KPK,Bannu,Urban Road,Under Repair,Clear,No Light,Car/Taxi,2,Wrong Overtaking,0,0,1,0,0,0,Low
2020,4,Saturday,6,Punjab,Lahore,Rural Road,Good,Clear,Daylight,Rickshaw,2,Over Speeding,0,1,0,0,2,0,Low
2018,12,Tuesday,12,AJK,Muzaffarabad,Rural Road,Good,Dusty/Smoggy,Street Light,Motorcycle,2,Wrong Overtaking,1,0,0,1,2,0,Medium
2018,1,Saturday,7,Punjab,Gujranwala,Urban Road,Poor,Clear,Daylight,Car/Taxi,1,Road Condition,1,1,0,1,1,0,Low
2022,9,Sunday,13,Sindh,Mirpur Khas,Provincial Highway,Poor,Clear,Daylight,Car/Taxi,1,Mobile Phone Use,1,1,0,0,2,0,Low
2020,5,Thursday,19,Punjab,Sargodha,National Highway,Average,Clear,Street Light,Motorcycle,2,Over Speeding,1,0,0,0,6,1,High
2023,11,Saturday,21,Punjab,Lahore,Provincial Highway,Average,Rainy,No Light,Rickshaw,2,Pedestrian Error,0,1,0,1,2,2,Medium
2023,9,Saturday,10,Punjab,Bahawalpur,National Highway,Good,Extreme Heat,Daylight,Bicycle,2,Wrong Overtaking,0,1,0,0,10,3,High
2021,7,Monday,13,Punjab,Sargodha,Provincial Highway,Average,Clear,Dawn/Dusk,Bicycle,2,Signal Violation,1,0,0,0,3,0,Medium
2023,11,Monday,12,Islamabad,Islamabad,Urban Road,Average,Clear,Daylight,Car/Taxi,3,Driver Fatigue,1,0,0,1,3,1,Medium
2019,6,Saturday,7,Sindh,Thatta,Rural Road,Average,Foggy,Street Light,Motorcycle,2,Mobile Phone Use,1,1,0,0,1,0,Low
2023,8,Tuesday,16,Punjab,Lahore,Provincial Highway,Good,Clear,Daylight,Car/Taxi,1,Signal Violation,0,0,0,0,2,2,Medium
2019,3,Saturday,17,Sindh,Sukkur,National Highway,Good,Clear,Daylight,Car/Taxi,3,Road Condition,1,1,0,0,5,0,Medium
2023,2,Sunday,14,KPK,Mansehra,Provincial Highway,Average,Clear,Street Light,Motorcycle,3,Wrong Overtaking,0,1,0,1,3,0,Medium
2020,7,Thursday,11,AJK,Rawalakot,Provincial Highway,Average,Foggy,Daylight,Motorcycle,1,Drunk Driving,0,0,0,0,9,1,High
2021,10,Sunday,17,Sindh,Sukkur,Provincial Highway,Under Repair,Foggy,Dawn/Dusk,Motorcycle,2,Over Speeding,1,1,0,0,11,2,High
2021,2,Friday,5,KPK,Bannu,National Highway,Poor,Foggy,Street Light,Car/Taxi,2,Mechanical Failure,0,0,1,1,10,2,High
2020,6,Tuesday,21,Punjab,Gujranwala,Urban Road,Good,Foggy,Street Light,Bus/Coach,2,Signal Violation,0,0,0,0,1,0,Medium
2018,3,Saturday,18,Punjab,Sargodha,National Highway,Under Repair,Clear,Daylight,Truck/Lorry,1,Wrong Overtaking,1,1,0,0,2,0,Medium
2023,4,Saturday,21,Sindh,Jacobabad,Provincial Highway,Average,Clear,Street Light,Motorcycle,1,Signal Violation,0,1,0,0,5,0,Medium
2021,6,Tuesday,9,Punjab,Gujranwala,National Highway,Good,Clear,Daylight,Motorcycle,3,Wrong Overtaking,1,0,0,0,8,1,High
2020,12,Friday,13,Sindh,Larkana,Motorway,Good,Dusty/Smoggy,Daylight,Motorcycle,2,Mechanical Failure,1,0,0,1,4,2,High
2021,1,Saturday,11,KPK,Bannu,Rural Road,Average,Clear,Daylight,Bicycle,1,Wrong Overtaking,0,1,0,1,3,0,Medium
2021,3,Wednesday,13,Punjab,Multan,Urban Road,Average,Foggy,Daylight,Motorcycle,2,Signal Violation,1,0,0,0,7,1,High
2022,7,Wednesday,20,Islamabad,Islamabad,Provincial Highway,Average,Clear,No Light,Motorcycle,2,Drunk Driving,1,0,0,0,3,0,Medium
2023,12,Sunday,18,AJK,Rawalakot,Rural Road,Poor,Clear,Dawn/Dusk,Rickshaw,1,Over Speeding,1,1,0,1,0,0,Low
2021,8,Tuesday,0,Sindh,Jacobabad,National Highway,Poor,Clear,No Light,Motorcycle,4,Wrong Overtaking,0,0,1,0,3,2,High
2023,6,Monday,11,Sindh,Hyderabad,Urban Road,Good,Clear,Street Light,Motorcycle,1,Wrong Overtaking,0,0,0,0,4,0,Medium
2018,1,Friday,18,Punjab,Bahawalpur,Provincial Highway,Under Repair,Dusty/Smoggy,Daylight,Bicycle,4,Driver Fatigue,1,0,0,1,3,1,Medium
2022,6,Sunday,10,Punjab,Multan,National Highway,Average,Extreme Heat,Street Light,Bus/Coach,3,Over Speeding,0,1,0,0,10,0,High
2023,8,Saturday,17,AJK,Muzaffarabad,National Highway,Average,Clear,Daylight,Other,1,Driver Fatigue,1,1,0,0,1,1,Medium
2022,12,Sunday,18,Punjab,Gujranwala,National Highway,Good,Extreme Heat,Street Light,Car/Taxi,1,Wrong Overtaking,1,1,0,1,3,0,Medium
2022,8,Thursday,20,Punjab,Lahore,Provincial Highway,Good,Clear,No Light,Truck/Lorry,3,Wrong Overtaking,1,0,0,0,2,0,Low
2021,2,Sunday,6,Punjab,Multan,Rural Road,Good,Dusty/Smoggy,Daylight,Car/Taxi,1,Over Speeding,0,1,0,1,0,0,Low
2023,12,Monday,16,KPK,Nowshera,National Highway,Under Repair,Clear,Daylight,Motorcycle,2,Pedestrian Error,0,0,0,1,4,1,Medium
2022,4,Saturday,23,Punjab,Multan,Urban Road,Average,Clear,Street Light,Car/Taxi,1,Over Speeding,0,1,1,0,1,1,Low
2019,8,Sunday,6,Balochistan,Turbat,National Highway,Average,Clear,Daylight,Car/Taxi,3,Driver Fatigue,0,1,0,0,8,2,High
2018,9,Sunday,14,Punjab,Gujranwala,National Highway,Average,Foggy,No Light,Car/Taxi,3,Signal Violation,0,1,0,0,9,1,High
2020,3,Sunday,13,Balochistan,Loralai,National Highway,Good,Clear,Daylight,Motorcycle,3,Signal Violation,1,1,0,0,10,1,High
2022,11,Tuesday,4,AJK,Rawalakot,Provincial Highway,Good,Dusty/Smoggy,No Light,Motorcycle,1,Wrong Overtaking,0,0,1,1,6,1,High
2019,10,Thursday,9,KPK,Mansehra,Provincial Highway,Average,Rainy,Daylight,Motorcycle,3,Driver Fatigue,1,0,0,0,3,1,High
2020,12,Monday,8,Sindh,Larkana,National Highway,Average,Clear,Daylight,Motorcycle,1,Mobile Phone Use,1,0,0,1,5,1,Medium
2022,8,Thursday,16,Punjab,Rawalpindi,Provincial Highway,Average,Clear,Daylight,Car/Taxi,2,Over Speeding,0,0,0,0,5,0,Medium
2021,1,Monday,23,Islamabad,Islamabad,National Highway,Average,Clear,No Light,Truck/Lorry,2,Pedestrian Error,0,0,1,1,5,0,Medium
2022,12,Thursday,19,KPK,Dera Ismail Khan,Provincial Highway,Average,Foggy,Dawn/Dusk,Motorcycle,3,Wrong Overtaking,1,0,0,1,5,0,Medium
2023,11,Thursday,13,Punjab,Lahore,Urban Road,Good,Dusty/Smoggy,Daylight,Van/Pickup,2,Wrong Overtaking,1,0,0,1,1,1,Low
2019,12,Monday,18,Sindh,Thatta,Rural Road,Good,Clear,Daylight,Car/Taxi,1,Signal Violation,1,0,0,1,0,0,Low
2020,7,Friday,13,Punjab,Sialkot,Provincial Highway,Poor,Clear,No Light,Van/Pickup,2,Signal Violation,1,0,0,0,0,0,Low
2020,5,Thursday,9,Sindh,Kashmore,National Highway,Good,Foggy,Daylight,Car/Taxi,2,Over Speeding,1,0,0,0,4,1,High
2021,7,Friday,12,Punjab,Rawalpindi,Provincial Highway,Good,Clear,Daylight,Rickshaw,2,Road Condition,1,0,0,0,0,0,Low
2023,1,Friday,19,Sindh,Karachi,Provincial Highway,Good,Foggy,Daylight,Car/Taxi,2,Over Speeding,1,0,0,1,6,3,High
2021,7,Sunday,7,KPK,Swat,Provincial Highway,Good,Clear,Daylight,Car/Taxi,2,Road Condition,1,1,0,0,2,0,Low
2021,9,Friday,8,Punjab,Multan,Provincial Highway,Good,Clear,Dawn/Dusk,Car/Taxi,2,Pedestrian Error,1,0,0,0,1,0,Low
2019,11,Saturday,13,Islamabad,Islamabad,Rural Road,Poor,Extreme Heat,Daylight,Car/Taxi,3,Wrong Overtaking,1,1,0,1,1,0,Low
2019,12,Friday,16,KPK,Charsadda,Provincial Highway,Good,Foggy,Daylight,Other,2,Weather Condition,0,0,0,1,3,0,Medium
2023,12,Friday,19,Sindh,Nawabshah,National Highway,Good,Clear,Dawn/Dusk,Motorcycle,2,Pedestrian Error,1,0,0,1,3,0,Medium
2022,12,Thursday,9,Balochistan,Khuzdar,Rural Road,Good,Clear,Daylight,Car/Taxi,2,Wrong Overtaking,1,0,0,1,0,0,Low
2019,1,Monday,17,Balochistan,Hub,Provincial Highway,Poor,Foggy,Daylight,Motorcycle,2,Signal Violation,1,0,0,1,7,1,High
2020,8,Saturday,16,KPK,Mansehra,Urban Road,Good,Foggy,Daylight,Van/Pickup,2,Wrong Overtaking,0,1,0,0,2,0,Low
2020,6,Friday,7,Punjab,Gujranwala,Urban Road,Poor,Foggy,Daylight,Motorcycle,2,Pedestrian Error,1,0,0,0,5,0,Medium
2023,7,Wednesday,21,Sindh,Hyderabad,Rural Road,Poor,Dusty/Smoggy,Street Light,Motorcycle,1,Signal Violation,0,0,0,0,3,0,Medium
2018,7,Sunday,11,Balochistan,Zhob,Urban Road,Poor,Foggy,Daylight,Rickshaw,2,Weather Condition,0,1,0,0,0,0,Low
2019,1,Tuesday,15,Sindh,Thatta,National Highway,Poor,Foggy,Daylight,Car/Taxi,3,Signal Violation,0,0,0,1,9,2,High
2019,5,Wednesday,10,Sindh,Thatta,Rural Road,Average,Foggy,Dawn/Dusk,Motorcycle,1,Road Condition,0,0,0,0,3,2,Medium
2022,2,Saturday,23,Islamabad,Islamabad,Provincial Highway,Average,Clear,Street Light,Bus/Coach,4,Wrong Overtaking,0,1,1,1,2,0,Medium
2022,8,Thursday,14,Punjab,Sialkot,Provincial Highway,Poor,Foggy,Daylight,Motorcycle,1,Pedestrian Error,0,0,0,0,1,0,Medium
2019,2,Thursday,12,Punjab,Rawalpindi,Provincial Highway,Average,Clear,Daylight,Motorcycle,2,Driver Fatigue,1,0,0,1,1,0,Medium
2021,6,Tuesday,14,Balochistan,Chaman,Motorway,Good,Clear,Daylight,Motorcycle,2,Over Speeding,0,0,0,0,7,2,High
2023,7,Saturday,16,Punjab,Lahore,National Highway,Average,Foggy,Street Light,Bus/Coach,4,Road Condition,0,1,0,0,5,1,Medium
2020,7,Wednesday,12,Punjab,Sargodha,Rural Road,Average,Clear,Daylight,Motorcycle,2,Over Speeding,1,0,0,0,5,1,Medium
2022,1,Saturday,21,Islamabad,Islamabad,Rural Road,Good,Foggy,No Light,Car/Taxi,3,Pedestrian Error,0,1,0,1,2,0,Low
2020,11,Monday,10,KPK,Charsadda,National Highway,Poor,Dusty/Smoggy,Daylight,Motorcycle,1,Driver Fatigue,0,0,0,1,8,2,High
2021,8,Wednesday,5,Sindh,Mirpur Khas,Provincial Highway,Average,Clear,No Light,Truck/Lorry,2,Wrong Overtaking,0,0,1,0,10,4,High
2022,12,Wednesday,15,Sindh,Larkana,Rural Road,Good,Foggy,Daylight,Bicycle,1,Driver Fatigue,0,0,0,1,7,1,High
2020,7,Monday,8,Punjab,Gujranwala,Motorway,Average,Foggy,Daylight,Car/Taxi,1,Over Speeding,1,0,0,0,3,1,High
2020,9,Thursday,3,Sindh,Karachi,National Highway,Good,Rainy,No Light,Van/Pickup,2,Signal Violation,0,0,1,0,1,0,Medium
2022,12,Tuesday,17,Sindh,Nawabshah,National Highway,Under Repair,Dusty/Smoggy,Daylight,Motorcycle,2,Mobile Phone Use,1,0,0,1,6,1,High
2021,1,Friday,22,Punjab,Rahim Yar Khan,Urban Road,Good,Clear,Street Light,Bus/Coach,1,Wrong Overtaking,0,0,1,1,1,0,Low
2023,2,Saturday,17,KPK,Kohat,National Highway,Good,Rainy,Street Light,Car/Taxi,2,Over Speeding,1,1,0,1,5,1,Medium
2022,8,Thursday,12,Punjab,Gujranwala,National Highway,Under Repair,Clear,Daylight,Car/Taxi,2,Over Speeding,1,0,0,0,1,0,Medium
2022,1,Friday,13,Punjab,Gujranwala,Provincial Highway,Poor,Dusty/Smoggy,Daylight,Motorcycle,2,Signal Violation,1,0,0,1,6,1,High
2018,12,Sunday,17,Punjab,Sheikhupura,Urban Road,Good,Foggy,Daylight,Motorcycle,3,Wrong Overtaking,1,1,0,1,3,3,High
2022,1,Sunday,8,Punjab,Sheikhupura,Provincial Highway,Poor,Extreme Heat,Street Light,Motorcycle,3,Signal Violation,1,1,0,1,2,0,Medium
2022,2,Thursday,9,Balochistan,Chaman,Rural Road,Poor,Extreme Heat,Dawn/Dusk,Other,2,Over Speeding,1,0,0,1,1,0,Low
2023,6,Monday,22,Punjab,Rahim Yar Khan,Provincial Highway,Poor,Clear,No Light,Car/Taxi,1,Pedestrian Error,0,0,1,0,1,0,Low
2020,2,Thursday,22,Punjab,Sheikhupura,Provincial Highway,Poor,Clear,No Light,Motorcycle,3,Over Speeding,0,0,1,1,5,1,High