year,month,day_of_week,hour_of_day,province,district,road_type,road_condition,weather_condition,lighting_condition,vehicle_type,vehicles_involved,accident_cause,is_rush_hour,is_weekend,is_night,is_foggy_month,num_injured,num_killed,severity
2018,7,Saturday,5,Punjab,Gujranwala,Provincial Highway,Good,Clear,No Light,Motorcycle,1,Wrong Overtaking,0,1,1,0,4,1,High
2019,7,Sunday,20,Sindh,Hyderabad,National Highway,Good,Clear,Street Light,Truck/Lorry,3,Pedestrian Error,1,1,0,0,1,1,Medium
2019,6,Sunday,3,Punjab,Faisalabad,Provincial Highway,Good,Clear,Street Light,Rickshaw,2,Over Speeding,0,1,1,0,3,1,High
2023,10,Friday,18,Punjab,Rahim Yar Khan,Rural Road,Good,Rainy,No Light,Motorcycle,2,Drunk Driving,1,0,0,0,3,2,High
2022,5,Tuesday,20,KPK,Charsadda,Provincial Highway,Average,Rainy,No Light,Motorcycle,1,Signal Violation,1,0,0,0,7,2,High
2023,11,Monday,11,KPK,Abbottabad,National Highway,Good,Dusty/Smoggy,Daylight,Motorcycle,1,Signal Violation,0,0,0,1,6,0,High
2021,2,Sunday,22,Balochistan,Quetta,Urban Road,Good,Dusty/Smoggy,Street Light,Truck/Lorry,2,Signal Violation,0,1,1,1,3,1,Medium
2022,8,Friday,9,Balochistan,Turbat,Provincial Highway,Poor,Clear,Daylight,Motorcycle,1,Over Speeding,1,0,0,0,5,0,High
2023,8,Tuesday,5,Punjab,Sialkot,Urban Road,Average,Foggy,Street Light,Motorcycle,1,Wrong Overtaking,0,0,1,0,9,0,High
2023,9,Tuesday,19,KPK,Nowshera,Rural Road,Good,Clear,No Light,Motorcycle,2,Wrong Overtaking,1,0,0,0,3,1,Medium
2020,9,Monday,12,Sindh,Kashmore,Urban Road,Good,Extreme Heat,Daylight,Motorcycle,2,Road Condition,1,0,0,0,2,0,Low
2023,12,Saturday,10,Punjab,Sialkot,Rural Road,Good,Clear,Daylight,Motorcycle,2,Mechanical Failure,0,1,0,1,2,0,Medium
2019,8,Saturday,12,Punjab,Lahore,Provincial Highway,Average,Foggy,Daylight,Truck/Lorry,4,Driver Fatigue,1,1,0,0,4,0,High
2018,11,Monday,8,Punjab,Lahore,Provincial Highway,Good,Clear,Daylight,Car/Taxi,3,Over Speeding,1,0,0,1,5,0,Medium
2020,1,Saturday,14,Punjab,Sialkot,Rural Road,Average,Foggy,Daylight,Motorcycle,3,Over Speeding,0,1,0,1,2,1,Medium
2022,2,Friday,22,Punjab,Sargodha,Provincial Highway,Good,Foggy,Street Light,Car/Taxi,2,Over Speeding,0,0,1,1,4,1,Medium
2021,6,Friday,22,Islamabad,Islamabad,Provincial Highway,Good,Rainy,Street Light,Bus/Coach,2,Wrong Overtaking,0,0,1,0,5,0,Medium
2020,5,Thursday,18,Balochistan,Quetta,Urban Road,Poor,Clear,Street Light,Truck/Lorry,2,Wrong Overtaking,1,0,0,0,1,0,Low
2020,6,Sunday,21,Sindh,Thatta,Rural Road,Good,Foggy,Street Light,Bus/Coach,2,Pedestrian Error,0,1,0,0,5,1,Medium
2019,2,Wednesday,15,Punjab,Gujranwala,Urban Road,Average,Foggy,Daylight,Car/Taxi,1,Driver Fatigue,0,0,0,1,2,1,Low
2022,10,Thursday,11,Punjab,Rawalpindi,Urban Road,Poor,Clear,No Light,Car/Taxi,1,Over Speeding,0,0,0,0,0,0,Low
2022,6,Monday,18,Sindh,Nawabshah,National Highway,Average,Foggy,Dawn/Dusk,Rickshaw,2,Over Speeding,1,0,0,0,9,0,High
2023,3,Monday,20,Sindh,Mirpur Khas,National Highway,Good,Extreme Heat,No Light,Rickshaw,2,Over Speeding,1,0,0,0,3,0,Medium
2023,3,Thursday,16,KPK,Dera Ismail Khan,Provincial Highway,Average,Clear,Daylight,Motorcycle,4,Road Condition,0,0,0,0,1,1,Medium
2020,7,Monday,8,Punjab,Sialkot,Urban Road,Poor,Clear,Daylight,Van/Pickup,3,Signal Violation,1,0,0,0,2,1,Low
2023,6,Friday,12,Punjab,Lahore,Urban Road,Average,Clear,Daylight,Car/Taxi,1,Drunk Driving,1,0,0,0,0,0,Low
2019,8,Tuesday,1,AJK,Mirpur,National Highway,Good,Rainy,No Light,Motorcycle,1,Over Speeding,0,0,1,0,9,2,High
2022,12,Friday,10,Punjab,Lahore,National Highway,Average,Foggy,Daylight,Bus/Coach,1,Drunk Driving,0,0,0,1,6,0,High
2020,7,Monday,8,Punjab,Gujranwala,National Highway,Good,Dusty/Smoggy,Daylight,Car/Taxi,4,Over Speeding,1,0,0,0,4,1,High
2021,7,Saturday,18,Punjab,Gujranwala,Urban Road,Good,Foggy,Daylight,Motorcycle,2,Road Condition,1,1,0,0,2,2,Medium
2018,3,Saturday,0,Punjab,Sialkot,Urban Road,Average,Extreme Heat,No Light,Motorcycle,1,Mechanical Failure,0,1,1,0,2,0,Low
2023,3,Tuesday,6,KPK,Dera Ismail Khan,Rural Road,Average,Foggy,Daylight,Motorcycle,4,Over Speeding,0,0,0,0,4,0,Medium
2022,7,Wednesday,12,KPK,Dera Ismail Khan,National Highway,Poor,Dusty/Smoggy,Daylight,Car/Taxi,1,Over Speeding,1,0,0,0,5,2,High
2019,5,Saturday,8,Punjab,Bahawalpur,National Highway,Average,Clear,Daylight,Car/Taxi,2,Wrong Overtaking,1,1,0,0,1,1,Medium
2021,4,Saturday,12,Punjab,Sargodha,Rural Road,Poor,Clear,Daylight,Bus/Coach,4,Over Speeding,1,1,0,0,4,2,Medium
2023,7,Thursday,9,KPK,Nowshera,Urban Road,Good,Rainy,Daylight,Motorcycle,1,Road Condition,1,0,0,0,5,0,Medium
2018,1,Tuesday,7,Punjab,Bahawalpur,Motorway,Poor,Rainy,Daylight,Car/Taxi,1,Mechanical Failure,1,0,0,1,2,2,Medium
2019,3,Tuesday,13,Punjab,Sargodha,Provincial Highway,Average,Clear,Daylight,Motorcycle,2,Over Speeding,1,0,0,0,5,1,Medium
2022,5,Saturday,15,Balochistan,Hub,Rural Road,Good,Clear,Daylight,Motorcycle,2,Over Speeding,0,1,0,0,3,0,Medium
2021,11,Thursday,8,KPK,Bannu,Provincial Highway,Average,Clear,Daylight,Car/Taxi,1,Signal Violation,1,0,0,1,3,0,Medium
2020,10,Thursday,6,KPK,Swat,Urban Road,Average,Clear,Daylight,Motorcycle,1,Driver Fatigue,0,0,0,0,2,2,Medium
2019,12,Tuesday,2,Sindh,Larkana,Urban Road,Good,Extreme Heat,Street Light,Truck/Lorry,3,Drunk Driving,0,0,1,1,4,0,High
2018,5,Thursday,20,Punjab,Rahim Yar Khan,Urban Road,Poor,Clear,No Light,Truck/Lorry,1,Wrong Overtaking,1,0,0,0,1,0,Low
2022,2,Saturday,8,Islamabad,Islamabad,National Highway,Good,Extreme Heat,Daylight,Motorcycle,1,Driver Fatigue,1,1,0,1,3,3,High
2023,6,Saturday,18,Sindh,Dadu,National Highway,Average,Foggy,Daylight,Motorcycle,3,Mechanical Failure,1,1,0,0,4,3,High
2023,9,Monday,12,Punjab,Sargodha,Urban Road,Average,Clear,Daylight,Car/Taxi,3,Signal Violation,1,0,0,0,0,0,Low
2020,12,Thursday,14,Punjab,Lahore,Provincial Highway,Poor,Clear,Daylight,Van/Pickup,2,Over Speeding,0,0,0,1,2,0,Low
2022,2,Thursday,23,Punjab,Rawalpindi,Rural Road,Good,Clear,No Light,Bicycle,2,Driver Fatigue,0,0,1,1,2,1,Medium
2022,8,Monday,7,Punjab,Sialkot,Rural Road,Good,Dusty/Smoggy,Street Light,Bus/Coach,2,Driver Fatigue,1,0,0,0,4,0,Medium
2018,3,Friday,15,Punjab,Sialkot,Provincial Highway,Good,Clear,Dawn/Dusk,Motorcycle,2,Wrong Overtaking,0,0,0,0,1,0,Medium
2021,7,Tuesday,7,Punjab,Lahore,Urban Road,Good,Dusty/Smoggy,Daylight,Car/Taxi,2,Drunk Driving,1,0,0,0,2,0,Medium
2022,2,Monday,5,Punjab,Sheikhupura,National Highway,Good,Extreme Heat,Daylight,Motorcycle,3,Road Condition,0,0,1,1,4,3,High
2019,11,Friday,8,Punjab,Rahim Yar Khan,Urban Road,Good,Clear,Daylight,Rickshaw,4,Over Speeding,1,0,0,1,1,0,Low
2023,11,Tuesday,18,Punjab,Sargodha,Provincial Highway,Average,Clear,Daylight,Car/Taxi,1,Over Speeding,1,0,0,1,2,0,Medium
2018,9,Saturday,8,Punjab,Rahim Yar Khan,Provincial Highway,Average,Extreme Heat,Daylight,Bus/Coach,2,Signal Violation,1,1,0,0,0,0,Low
2020,3,Friday,9,Punjab,Sialkot,Rural Road,Good,Foggy,Daylight,Rickshaw,1,Pedestrian Error,1,0,0,0,2,0,Low
2018,12,Saturday,6,Punjab,Multan,Provincial Highway,Good,Clear,Dawn/Dusk,Motorcycle,1,Wrong Overtaking,0,1,0,1,3,0,Medium
2021,10,Sunday,14,Punjab,Lahore,National Highway,Average,Clear,Daylight,Bus/Coach,1,Over Speeding,0,1,0,0,4,2,High
2023,12,Tuesday,2,Sindh,Dadu,Urban Road,Good,Clear,No Light,Motorcycle,2,Driver Fatigue,0,0,1,1,9,2,High
2019,6,Saturday,13,Punjab,Gujranwala,Urban Road,Average,Clear,Dawn/Dusk,Car/Taxi,2,Over Speeding,1,1,0,0,1,0,Medium
2023,6,Tuesday,23,Punjab,Sheikhupura,Rural Road,Average,Clear,No Light,Bicycle,3,Driver Fatigue,0,0,1,0,11,4,High
2019,12,Sunday,3,Islamabad,Islamabad,Urban Road,Good,Foggy,No Light,Car/Taxi,2,Road Condition,0,1,1,1,2,1,Low
2020,1,Friday,19,Sindh,Jacobabad,Motorway,Good,Clear,No Light,Motorcycle,1,Road Condition,1,0,0,1,9,2,High
2023,12,Monday,12,KPK,Swat,National Highway,Under Repair,Dusty/Smoggy,Daylight,Car/Taxi,2,Over Speeding,1,0,0,1,5,1,Medium
2023,6,Saturday,20,KPK,Mardan,Urban Road,Good,Foggy,No Light,Motorcycle,2,Driver Fatigue,1,1,0,0,2,0,Medium
2023,10,Sunday,18,Punjab,Bahawalpur,National Highway,Under Repair,Dusty/Smoggy,Street Light,Bus/Coach,2,Pedestrian Error,1,1,0,0,1,1,Medium
2021,6,Saturday,9,Sindh,Dadu,Rural Road,Good,Dusty/Smoggy,Daylight,Car/Taxi,2,Road Condition,1,1,0,0,2,1,Low
2023,5,Thursday,7,Sindh,Karachi,National Highway,Good,Clear,Daylight,Motorcycle,1,Wrong Overtaking,1,0,0,0,11,1,High
2021,5,Wednesday,17,Punjab,Sargodha,Motorway,Poor,Rainy,Daylight,Bus/Coach,2,Road Condition,1,0,0,0,3,1,Medium
2020,7,Saturday,9,KPK,Swat,Rural Road,Good,Clear,Daylight,Car/Taxi,3,Wrong Overtaking,1,1,0,0,0,0,Low
2022,8,Monday,17,KPK,Charsadda,Motorway,Poor,Dusty/Smoggy,No Light,Car/Taxi,1,Wrong Overtaking,1,0,0,0,4,0,Medium
2022,4,Monday,0,Punjab,Lahore,Rural Road,Good,Clear,No Light,Car/Taxi,3,Signal Violation,0,0,1,0,1,1,Medium
2019,12,Friday,12,Punjab,Faisalabad,National Highway,Poor,Clear,Daylight,Motorcycle,2,Signal Violation,1,0,0,1,5,0,High
2020,7,Sunday,20,Punjab,Rahim Yar Khan,National Highway,Good,Clear,Street Light,Car/Taxi,2,Over Speeding,1,1,0,0,10,4,High
2022,5,Tuesday,10,Punjab,Rahim Yar Khan,National Highway,Average,Foggy,Daylight,Car/Taxi,1,Pedestrian Error,0,0,0,0,1,2,Medium
2018,5,Tuesday,22,Punjab,Sargodha,National Highway,Good,Clear,No Light,Rickshaw,3,Signal Violation,0,0,1,0,5,0,Medium
2020,8,Monday,0,Punjab,Sialkot,Provincial Highway,Under Repair,Clear,Street Light,Motorcycle,2,Pedestrian Error,0,0,1,0,2,0,Medium
2023,1,Monday,9,Punjab,Lahore,Provincial Highway,Good,Clear,Daylight,Motorcycle,3,Over Speeding,1,0,0,1,5,0,Medium
2018,4,Saturday,7,Islamabad,Islamabad,Rural Road,Good,Clear,Daylight,Motorcycle,1,Signal Violation,1,1,0,0,1,0,Medium
2021,12,Tuesday,0,Sindh,Nawabshah,National Highway,Poor,Foggy,No Light,Motorcycle,2,Wrong Overtaking,0,0,1,1,4,2,High
2022,9,Sunday,9,Sindh,Jacobabad,National Highway,Under Repair,Clear,Daylight,Motorcycle,3,Wrong Overtaking,1,1,0,0,5,2,High
2020,6,Friday,1,Punjab,Sargodha,Provincial Highway,Good,Clear,No Light,Motorcycle,3,Wrong Overtaking,0,0,1,0,1,1,Medium
2019,9,Sunday,21,Punjab,Bahawalpur,National Highway,Good,Foggy,No Light,Van/Pickup,2,Wrong Overtaking,0,1,0,0,9,0,High
2019,6,Saturday,10,KPK,Mansehra,National Highway,Good,Clear,Daylight,Motorcycle,2,Over Speeding,0,1,0,0,3,0,High
2022,4,Wednesday,0,Punjab,Faisalabad,Provincial Highway,Average,Clear,No Light,Motorcycle,1,Wrong Overtaking,0,0,1,0,11,1,High
2023,10,Friday,18,Punjab,Sargodha,Urban Road,Good,Clear,Daylight,Car/Taxi,2,Over Speeding,1,0,0,0,2,0,Low
2018,5,Saturday,13,KPK,Peshawar,Urban Road,Good,Rainy,Dawn/Dusk,Motorcycle,2,Over Speeding,1,1,0,0,2,0,Medium
2020,1,Saturday,7,Punjab,Lahore,National Highway,Under Repair,Clear,Dawn/Dusk,Motorcycle,3,Over Speeding,1,1,0,1,11,2,High
2022,7,Wednesday,18,Punjab,Sialkot,Urban Road,Poor,Rainy,Daylight,Car/Taxi,1,Driver Fatigue,1,0,0,0,2,0,Medium
2021,3,Sunday,9,AJK,Mirpur,Provincial Highway,Average,Clear,Street Light,Bicycle,1,Wrong Overtaking,1,1,0,0,3,1,Medium
2022,12,Thursday,19,Punjab,Sialkot,Rural Road,Poor,Clear,Daylight,Bicycle,1,Road Condition,1,0,0,1,0,0,Low
2022,10,Sunday,17,KPK,Peshawar,Rural Road,Good,Clear,Daylight,Motorcycle,4,Mobile Phone Use,1,1,0,0,1,0,Low
2022,12,Friday,14,Islamabad,Islamabad,Rural Road,Good,Foggy,Daylight,Motorcycle,1,Driver Fatigue,0,0,0,1,4,3,High
2021,1,Wednesday,18,Punjab,Bahawalpur,Motorway,Good,Clear,Daylight,Motorcycle,2,Over Speeding,1,0,0,1,7,2,High
2023,12,Wednesday,11,Balochistan,Sibi,Provincial Highway,Good,Clear,Daylight,Motorcycle,3,Wrong Overtaking,0,0,0,1,1,1,Medium
2022,3,Sunday,0,Punjab,Bahawalpur,National Highway,Good,Rainy,No Light,Motorcycle,1,Over Speeding,0,1,1,0,5,1,High
2020,11,Thursday,20,Balochistan,Quetta,National Highway,Good,Clear,Street Light,Bus/Coach,1,Road Condition,1,0,0,1,1,0,Low
2023,8,Friday,8,Punjab,Bahawalpur,Rural Road,Average,Clear,Daylight,Motorcycle,1,Over Speeding,1,0,0,0,2,1,Medium
2018,6,Wednesday,11,AJK,Muzaffarabad,Urban Road,Good,Foggy,Daylight,Truck/Lorry,3,Signal Violation,0,0,0,0,5,1,Medium
2021,6,Friday,22,Sindh,Nawabshah,National Highway,Under Repair,Foggy,No Light,Van/Pickup,4,Road Condition,0,0,1,0,1,0,Medium
2022,11,Wednesday,15,Sindh,Sukkur,Urban Road,Good,Clear,Dawn/Dusk,Rickshaw,2,Pedestrian Error,0,0,0,1,1,0,Low
2021,10,Thursday,12,KPK,Nowshera,Rural Road,Average,Foggy,Daylight,Motorcycle,2,Mechanical Failure,1,0,0,0,0,0,Low
2023,12,Thursday,14,Sindh,Dadu,Urban Road,Average,Clear,Daylight,Car/Taxi,3,Wrong Overtaking,0,0,0,1,2,0,Low
2018,11,Saturday,19,Punjab,Rawalpindi,Rural Road,Poor,Clear,Street Light,Car/Taxi,1,Wrong Overtaking,1,1,0,1,1,0,Low
2023,10,Monday,22,Punjab,Rawalpindi,Rural Road,Poor,Dusty/Smoggy,Street Light,Motorcycle,2,Wrong Overtaking,0,0,1,0,2,0,Medium
2019,12,Tuesday,17,Punjab,Bahawalpur,Urban Road,Average,Foggy,Daylight,Car/Taxi,3,Over Speeding,1,0,0,1,1,0,Medium
2018,7,Monday,18,Sindh,Karachi,Rural Road,Good,Foggy,Daylight,Bus/Coach,4,Over Speeding,1,0,0,0,1,1,Medium
2021,9,Wednesday,8,KPK,Peshawar,Rural Road,Good,Foggy,Daylight,Motorcycle,3,Driver Fatigue,1,0,0,0,11,1,High
2020,1,Friday,12,Sindh,Hyderabad,National Highway,Average,Dusty/Smoggy,Daylight,Rickshaw,2,Over Speeding,1,0,0,1,5,0,Medium
2023,3,Monday,19,Punjab,Rahim Yar Khan,National Highway,Average,Rainy,No Light,Car/Taxi,2,Signal Violation,1,0,0,0,4,0,Medium
2023,1,Sunday,9,KPK,Peshawar,Rural Road,Average,Clear,Daylight,Truck/Lorry,2,Road Condition,1,1,0,1,1,0,Low
2023,2,Friday,13,Punjab,Sialkot,Urban Road,Poor,Clear,Dawn/Dusk,Bicycle,2,Signal Violation,1,0,0,1,1,0,Medium
2022,1,Tuesday,18,KPK,Dera Ismail Khan,National Highway,Good,Foggy,Daylight,Motorcycle,2,Mobile Phone Use,1,0,0,1,10,2,High
2021,3,Wednesday,16,Punjab,Sheikhupura,National Highway,Average,Clear,Daylight,Car/Taxi,2,Wrong Overtaking,0,0,0,0,2,0,Medium
2021,11,Friday,19,Punjab,Bahawalpur,Motorway,Under Repair,Dusty/Smoggy,Dawn/Dusk,Bus/Coach,1,Over Speeding,1,0,0,1,11,2,High
2020,1,Thursday,14,Sindh,Sukkur,Provincial Highway,Good,Clear,Daylight,Truck/Lorry,1,Over Speeding,0,0,0,1,4,0,Medium
2023,10,Wednesday,8,Punjab,Lahore,Urban Road,Average,Clear,Daylight,Car/Taxi,2,Road Condition,1,0,0,0,1,0,Low
2021,12,Saturday,8,Punjab,Sialkot,Rural Road,Good,Clear,Daylight,Car/Taxi,2,Signal Violation,1,1,0,1,2,0,Low
2022,8,Monday,9,Sindh,Jacobabad,National Highway,Under Repair,Foggy,Dawn/Dusk,Car/Taxi,1,Wrong Overtaking,1,0,0,0,1,0,Medium
2019,7,Friday,17,Sindh,Hyderabad,Provincial Highway,Good,Extreme Heat,Daylight,Motorcycle,2,Over Speeding,1,0,0,0,5,2,High
2018,6,Monday,8,Sindh,Dadu,National Highway,Under Repair,Rainy,Daylight,Motorcycle,1,Over Speeding,1,0,0,0,8,0,High
2020,11,Thursday,21,AJK,Mirpur,Motorway,Average,Rainy,Street Light,Car/Taxi,1,Over Speeding,0,0,0,1,11,1,High
2022,5,Saturday,0,Sindh,Jacobabad,Motorway,Average,Foggy,No Light,Motorcycle,2,Mechanical Failure,0,1,1,0,6,1,High
2022,7,Friday,12,Sindh,Hyderabad,National Highway,Average,Clear,Daylight,Bus/Coach,1,Drunk Driving,1,0,0,0,8,4,High
2023,8,Monday,13,Punjab,Faisalabad,Urban Road,Average,Clear,Daylight,Truck/Lorry,2,Over Speeding,1,0,0,0,2,0,Low
2019,1,Monday,21,Sindh,Nawabshah,Urban Road,Average,Foggy,No Light,Motorcycle,3,Wrong Overtaking,0,0,0,1,1,0,Medium
2020,12,Wednesday,17,Punjab,Faisalabad,National Highway,Under Repair,Rainy,Daylight,Van/Pickup,3,Signal Violation,1,0,0,1,2,0,Medium
2019,6,Saturday,18,Sindh,Sukkur,National Highway,Good,Clear,Dawn/Dusk,Rickshaw,2,Over Speeding,1,1,0,0,10,2,High
2020,2,Monday,9,Punjab,Sheikhupura,Rural Road,Good,Foggy,Daylight,Motorcycle,1,Over Speeding,1,0,0,1,11,2,High
2020,12,Sunday,5,Punjab,Sargodha,Rural Road,Average,Clear,Dawn/Dusk,Bus/Coach,1,Drunk Driving,0,1,1,1,3,0,Medium
2019,2,Sunday,10,Sindh,Kashmore,Urban Road,Poor,Clear,Daylight,Motorcycle,4,Signal Violation,0,1,0,1,5,2,Medium
2020,4,Wednesday,21,KPK,Kohat,Rural Road,Poor,Clear,No Light,Motorcycle,4,Wrong Overtaking,0,0,0,0,2,0,Low
2018,12,Monday,12,Punjab,Bahawalpur,Urban Road,Poor,Clear,Daylight,Truck/Lorry,3,Driver Fatigue,1,0,0,1,4,0,Medium
2019,1,Monday,8,Punjab,Multan,Urban Road,Good,Rainy,Daylight,Motorcycle,2,Over Speeding,1,0,0,1,4,2,High
2019,6,Saturday,20,Sindh,Jacobabad,National Highway,Under Repair,Clear,Street Light,Motorcycle,1,Signal Violation,1,1,0,0,10,1,High
2022,10,Tuesday,18,KPK,Nowshera,Urban Road,Average,Clear,Street Light,Car/Taxi,2,Mechanical Failure,1,0,0,0,1,0,Low
2023,9,Friday,17,Punjab,Sheikhupura,National Highway,Poor,Rainy,Daylight,Car/Taxi,1,Road Condition,1,0,0,0,3,0,Medium
2020,2,Saturday,22,Sindh,Jacobabad,Provincial Highway,Good,Clear,No Light,Car/Taxi,2,Signal Violation,0,1,1,1,2,0,Low
2022,8,Saturday,6,Punjab,Rahim Yar Khan,Provincial Highway,Good,Rainy,Daylight,Motorcycle,1,Over Speeding,0,1,0,0,5,1,High
2023,6,Wednesday,22,Punjab,Faisalabad,National Highway,Good,Foggy,No Light,Car/Taxi,2,Road Condition,0,0,1,0,5,0,Medium
2022,4,Tuesday,14,Sindh,Sukkur,National Highway,Poor,Clear,Daylight,Car/Taxi,2,Road Condition,0,0,0,0,1,1,Low
2019,8,Sunday,11,Punjab,Sheikhupura,Urban Road,Average,Clear,Daylight,Car/Taxi,3,Over Speeding,0,1,0,0,2,1,Medium
2023,4,Sunday,1,Sindh,Larkana,Urban Road,Good,Clear,Street Light,Motorcycle,1,Over Speeding,0,1,1,0,8,1,High
2022,1,Sunday,21,Islamabad,Islamabad,Urban Road,Good,Rainy,No Light,Car/Taxi,2,Wrong Overtaking,0,1,0,1,1,1,Low
2021,8,Saturday,12,KPK,Dera Ismail Khan,Provincial Highway,Poor,Extreme Heat,Daylight,Motorcycle,1,Mechanical Failure,1,1,0,0,2,0,Medium
2019,12,Tuesday,21,KPK,Swat,National Highway,Average,Clear,No Light,Bus/Coach,1,Signal Violation,0,0,0,1,2,1,Medium
2021,4,Tuesday,18,Sindh,Kashmore,Rural Road,Good,Clear,Daylight,Motorcycle,4,Over Speeding,1,0,0,0,1,0,Medium
2023,3,Saturday,2,Balochistan,Sibi,Motorway,Poor,Rainy,Street Light,Van/Pickup,3,Wrong Overtaking,0,1,1,0,1,0,Medium
2023,11,Sunday,23,Punjab,Sialkot,Urban Road,Good,Clear,No Light,Truck/Lorry,2,Driver Fatigue,0,1,1,1,8,1,High
2018,7,Sunday,14,Sindh,Dadu,Rural Road,Good,Foggy,Daylight,Motorcycle,3,Over Speeding,0,1,0,0,11,1,High
2020,8,Tuesday,9,Sindh,Dadu,Urban Road,Poor,Rainy,Daylight,Van/Pickup,1,Over Speeding,1,0,0,0,4,0,Medium
2020,5,Wednesday,23,Balochistan,Khuzdar,Provincial Highway,Good,Extreme Heat,No Light,Motorcycle,3,Signal Violation,0,0,1,0,2,0,Medium
2023,3,Monday,12,Punjab,Sialkot,Provincial Highway,Poor,Clear,Daylight,Motorcycle,3,Driver Fatigue,1,0,0,0,2,1,Medium
2022,11,Thursday,14,Punjab,Sialkot,Rural Road,Good,Foggy,Daylight,Bus/Coach,2,Over Speeding,0,0,0,1,2,1,Medium
2019,5,Sunday,20,AJK,Rawalakot,Provincial Highway,Under Repair,Rainy,Street Light,Rickshaw,4,Signal Violation,1,1,0,0,1,0,Medium
2019,12,Friday,17,Punjab,Lahore,Urban Road,Good,Clear,Daylight,Motorcycle,2,Pedestrian Error,1,0,0,1,1,0,Low
2021,6,Monday,0,Punjab,Rawalpindi,Provincial Highway,Good,Extreme Heat,Street Light,Motorcycle,2,Mechanical Failure,0,0,1,0,2,0,Medium
2021,9,Sunday,17,Sindh,Jacobabad,National Highway,Poor,Clear,Daylight,Bus/Coach,2,Over Speeding,1,1,0,0,7,3,High
2020,12,Sunday,10,Sindh,Jacobabad,Urban Road,Average,Clear,Daylight,Rickshaw,2,Wrong Overtaking,0,1,0,1,1,0,Low
2019,8,Sunday,6,KPK,Nowshera,Urban Road,Good,Foggy,Daylight,Motorcycle,2,Signal Violation,0,1,0,0,1,0,Medium
2023,7,Thursday,12,Sindh,Kashmore,Urban Road,Average,Rainy,Daylight,Van/Pickup,1,Road Condition,1,0,0,0,0,0,Low
2022,6,Tuesday,6,Sindh,Dadu,Rural Road,Good,Clear,No Light,Car/Taxi,4,Road Condition,0,0,0,0,0,0,Low
2021,9,Wednesday,7,Punjab,Rahim Yar Khan,Provincial Highway,Good,Rainy,Daylight,Truck/Lorry,1,Wrong Overtaking,1,0,0,0,3,1,High
2022,4,Friday,12,Sindh,Karachi,Rural Road,Good,Foggy,Daylight,Rickshaw,2,Road Condition,1,0,0,0,2,0,Low
2023,11,Wednesday,11,Punjab,Faisalabad,Rural Road,Good,Rainy,Daylight,Car/Taxi,1,Pedestrian Error,0,0,0,1,2,0,Low
2018,8,Friday,10,Punjab,Rawalpindi,Urban Road,Good,Dusty/Smoggy,Street Light,Truck/Lorry,3,Drunk Driving,0,0,0,0,1,0,Medium
2022,6,Friday,12,Islamabad,Islamabad,Rural Road,Good,Clear,Daylight,Car/Taxi,1,Mechanical Failure,1,0,0,0,1,0,Low
2021,10,Friday,20,Punjab,Faisalabad,Rural Road,Average,Clear,Street Light,Motorcycle,2,Over Speeding,1,0,0,0,2,0,Medium
2023,12,Monday,16,KPK,Mardan,Provincial Highway,Poor,Foggy,Daylight,Truck/Lorry,2,Over Speeding,0,0,0,1,5,2,Medium
2020,9,Sunday,7,Balochistan,Khuzdar,Urban Road,Average,Clear,Daylight,Truck/Lorry,2,Drunk Driving,1,1,0,0,5,1,Medium
2021,12,Thursday,8,Punjab,Sargodha,National Highway,Good,Dusty/Smoggy,Daylight,Car/Taxi,2,Driver Fatigue,1,0,0,1,1,0,Medium
2023,2,Monday,10,Punjab,Gujranwala,Urban Road,Under Repair,Rainy,Daylight,Motorcycle,1,Over Speeding,0,0,0,1,3,0,Medium
2020,11,Friday,10,Sindh,Dadu,Urban Road,Good,Foggy,Daylight,Rickshaw,2,Over Speeding,0,0,0,1,2,2,Medium
2023,4,Monday,20,Punjab,Bahawalpur,Provincial Highway,Average,Clear,No Light,Motorcycle,3,Over Speeding,1,0,0,0,7,0,High
2023,1,Wednesday,0,KPK,Mardan,National Highway,Under Repair,Clear,Street Light,Bus/Coach,4,Mobile Phone Use,0,0,1,1,2,1,Medium
2018,10,Saturday,9,Punjab,Gujranwala,Provincial Highway,Good,Rainy,Daylight,Car/Taxi,4,Pedestrian Error,1,1,0,0,5,0,Medium
2018,9,Saturday,16,AJK,Muzaffarabad,National Highway,Average,Clear,Daylight,Bus/Coach,2,Over Speeding,0,1,0,0,6,0,High
2022,5,Saturday,17,Balochistan,Khuzdar,National Highway,Good,Rainy,Daylight,Motorcycle,2,Wrong Overtaking,1,1,0,0,9,3,High
2023,2,Friday,0,Balochistan,Hub,National Highway,Good,Clear,Street Light,Car/Taxi,3,Wrong Overtaking,0,0,1,1,1,0,Medium
2018,7,Saturday,18,Punjab,Sheikhupura,Rural Road,Good,Dusty/Smoggy,Daylight,Motorcycle,2,Driver Fatigue,1,1,0,0,5,1,High
2020,6,Friday,12,Punjab,Sheikhupura,Rural Road,Average,Clear,Daylight,Car/Taxi,3,Signal Violation,1,0,0,0,2,0,Low
2020,8,Monday,4,Punjab,Rawalpindi,Rural Road,Poor,Clear,Street Light,Car/Taxi,2,Mechanical Failure,0,0,1,0,2,0,Low
2022,6,Thursday,13,KPK,Mansehra,National Highway,Average,Rainy,Daylight,Rickshaw,4,Wrong Overtaking,1,0,0,0,2,0,Medium
2021,11,Monday,9,Punjab,Rahim Yar Khan,Provincial Highway,Average,Extreme Heat,Daylight,Van/Pickup,1,Wrong Overtaking,1,0,0,1,3,1,Medium