year,month,day_of_week,hour_of_day,province,district,road_type,road_condition,weather_condition,lighting_condition,vehicle_type,vehicles_involved,accident_cause,is_rush_hour,is_weekend,is_night,is_foggy_month,num_injured,num_killed,severity
2019,11,Tuesday,8,KPK,Dera Ismail Khan,Provincial Highway,Good,Clear,Dawn/Dusk,Rickshaw,2,Over Speeding,1,0,0,1,4,0,Medium
2020,4,Saturday,18,Sindh,Nawabshah,Provincial Highway,Poor,Foggy,Daylight,Car/Taxi,1,Wrong Overtaking,1,1,0,0,1,0,Low
2020,4,Monday,20,Sindh,Dadu,National Highway,Average,Clear,No Light,Car/Taxi,2,Over Speeding,1,0,0,0,2,1,Medium
2019,10,Tuesday,11,Sindh,Nawabshah,Provincial Highway,Poor,Dusty/Smoggy,Daylight,Other,3,Signal Violation,0,0,0,0,2,0,Low
2021,12,Wednesday,11,Sindh,Sukkur,National Highway,Poor,Rainy,Daylight,Motorcycle,1,Road Condition,0,0,0,1,4,2,Medium
2022,12,Thursday,9,Punjab,Sargodha,Rural Road,Good,Extreme Heat,Dawn/Dusk,Car/Taxi,2,Pedestrian Error,1,0,0,1,1,0,Low
2020,7,Monday,7,Punjab,Lahore,Rural Road,Poor,Foggy,Daylight,Motorcycle,2,Over Speeding,1,0,0,0,10,2,High
2020,9,Sunday,10,Sindh,Sukkur,National Highway,Average,Clear,Daylight,Rickshaw,2,Signal Violation,0,1,0,0,2,0,Medium
2019,4,Sunday,18,KPK,Abbottabad,Motorway,Good,Rainy,Daylight,Motorcycle,2,Wrong Overtaking,1,1,0,0,3,3,High
2022,8,Monday,10,Punjab,Lahore,Provincial Highway,Average,Clear,Daylight,Motorcycle,3,Mechanical Failure,0,0,0,0,4,0,Medium
2020,8,Wednesday,19,KPK,Peshawar,Provincial Highway,Good,Rainy,Dawn/Dusk,Car/Taxi,4,Pedestrian Error,1,0,0,0,2,1,Low
2022,10,Friday,12,KPK,Charsadda,Provincial Highway,Poor,Foggy,Daylight,Van/Pickup,3,Mechanical Failure,1,0,0,0,1,0,Low
2019,4,Thursday,10,Punjab,Bahawalpur,Rural Road,Good,Clear,Daylight,Car/Taxi,1,Road Condition,0,0,0,0,0,0,Low
2021,2,Tuesday,14,Sindh,Dadu,National Highway,Poor,Clear,Dawn/Dusk,Car/Taxi,1,Road Condition,0,0,0,1,0,0,Low
2019,9,Monday,15,Punjab,Rahim Yar Khan,Urban Road,Poor,Clear,Daylight,Car/Taxi,4,Wrong Overtaking,0,0,0,0,1,0,Low
2021,10,Sunday,21,Punjab,Sialkot,Urban Road,Average,Clear,Street Light,Rickshaw,1,Over Speeding,0,1,0,0,0,0,Low
2021,6,Saturday,5,KPK,Charsadda,Motorway,Poor,Clear,Daylight,Motorcycle,2,Driver Fatigue,0,1,1,0,6,1,High
2022,5,Saturday,12,Gilgit-Baltistan,Gilgit,Urban Road,Poor,Clear,Dawn/Dusk,Rickshaw,2,Road Condition,1,1,0,0,0,0,Low
2023,3,Thursday,14,Sindh,Larkana,Motorway,Average,Foggy,Daylight,Car/Taxi,3,Drunk Driving,0,0,0,0,5,0,High
2020,3,Friday,11,Balochistan,Hub,Provincial Highway,Average,Rainy,Dawn/Dusk,Van/Pickup,2,Road Condition,0,0,0,0,2,0,Low
2020,1,Monday,8,Sindh,Thatta,National Highway,Average,Clear,Dawn/Dusk,Motorcycle,1,Road Condition,1,0,0,1,2,1,Medium
2019,7,Sunday,6,Sindh,Hyderabad,Motorway,Poor,Clear,Daylight,Motorcycle,2,Wrong Overtaking,0,1,0,0,5,0,Medium
2019,2,Monday,20,Sindh,Kashmore,Provincial Highway,Poor,Foggy,Street Light,Bicycle,3,Wrong Overtaking,1,0,0,1,10,2,High
2020,12,Thursday,8,Punjab,Multan,Urban Road,Good,Foggy,Daylight,Bus/Coach,4,Mechanical Failure,1,0,0,1,2,0,Low
2022,4,Friday,22,Punjab,Lahore,Provincial Highway,Good,Clear,No Light,Motorcycle,1,Road Condition,0,0,1,0,4,3,High
2022,7,Friday,11,Sindh,Thatta,National Highway,Poor,Clear,Daylight,Car/Taxi,1,Wrong Overtaking,0,0,0,0,4,0,Medium
2020,4,Wednesday,19,Sindh,Hyderabad,Motorway,Average,Clear,Street Light,Truck/Lorry,3,Over Speeding,1,0,0,0,7,4,High
2021,3,Sunday,15,Sindh,Hyderabad,Urban Road,Poor,Clear,Daylight,Truck/Lorry,2,Signal Violation,0,1,0,0,5,1,Medium
2020,5,Thursday,8,KPK,Kohat,Provincial Highway,Average,Extreme Heat,Daylight,Car/Taxi,2,Mechanical Failure,1,0,0,0,0,0,Low
2018,1,Saturday,18,Punjab,Lahore,Urban Road,Good,Clear,Dawn/Dusk,Truck/Lorry,3,Pedestrian Error,1,1,0,1,2,0,Low
2022,2,Monday,16,Punjab,Sialkot,Provincial Highway,Average,Clear,Daylight,Motorcycle,3,Road Condition,0,0,0,1,1,0,Low
2019,4,Sunday,22,Punjab,Bahawalpur,Motorway,Average,Clear,No Light,Rickshaw,4,Road Condition,0,1,1,0,0,0,Low
2018,8,Monday,18,Punjab,Sargodha,National Highway,Under Repair,Clear,Daylight,Car/Taxi,3,Over Speeding,1,0,0,0,2,1,Medium
2023,8,Saturday,6,Balochistan,Dera Bugti,Rural Road,Average,Clear,Daylight,Car/Taxi,3,Pedestrian Error,0,1,0,0,1,0,Low
2023,6,Saturday,21,KPK,Mansehra,Provincial Highway,Good,Rainy,No Light,Motorcycle,4,Mechanical Failure,0,1,0,0,6,4,High
2022,12,Saturday,4,Punjab,Lahore,National Highway,Poor,Clear,Street Light,Motorcycle,1,Driver Fatigue,0,1,1,1,9,4,High
2022,11,Sunday,4,KPK,Bannu,Rural Road,Good,Extreme Heat,No Light,Car/Taxi,2,Mechanical Failure,0,1,1,1,2,0,Low
2022,8,Tuesday,14,Sindh,Jacobabad,Urban Road,Good,Rainy,Daylight,Motorcycle,3,Signal Violation,0,0,0,0,3,1,High
2019,12,Friday,18,Sindh,Sukkur,National Highway,Good,Rainy,Daylight,Truck/Lorry,1,Wrong Overtaking,1,0,0,1,6,1,High
2023,11,Monday,20,AJK,Mirpur,National Highway,Good,Clear,Street Light,Rickshaw,2,Signal Violation,1,0,0,1,5,0,Medium
2018,12,Tuesday,5,Sindh,Larkana,Urban Road,Poor,Clear,No Light,Bicycle,2,Over Speeding,0,0,1,1,7,2,High
2023,2,Saturday,13,Balochistan,Khuzdar,National Highway,Good,Clear,Dawn/Dusk,Truck/Lorry,1,Wrong Overtaking,1,1,0,1,4,2,Medium
2022,5,Saturday,18,Balochistan,Gwadar,National Highway,Average,Extreme Heat,Daylight,Rickshaw,2,Pedestrian Error,1,1,0,0,3,0,Medium
2021,4,Friday,11,Punjab,Lahore,Provincial Highway,Good,Clear,Street Light,Motorcycle,1,Wrong Overtaking,0,0,0,0,4,0,High
2023,12,Friday,15,Punjab,Rawalpindi,Rural Road,Poor,Dusty/Smoggy,Daylight,Bus/Coach,1,Road Condition,0,0,0,1,2,0,Low
2018,4,Monday,18,Sindh,Mirpur Khas,Urban Road,Good,Rainy,Daylight,Car/Taxi,4,Driver Fatigue,1,0,0,0,3,0,Medium
2020,11,Friday,14,KPK,Kohat,Provincial Highway,Good,Clear,Street Light,Bus/Coach,1,Wrong Overtaking,0,0,0,1,1,0,Medium
2023,5,Friday,13,KPK,Bannu,National Highway,Under Repair,Clear,Daylight,Bus/Coach,2,Over Speeding,1,0,0,0,3,1,Medium
2020,9,Saturday,9,KPK,Kohat,Provincial Highway,Poor,Clear,Daylight,Car/Taxi,2,Over Speeding,1,1,0,0,1,0,Low
2021,4,Tuesday,5,Sindh,Karachi,Rural Road,Poor,Dusty/Smoggy,Dawn/Dusk,Motorcycle,1,Wrong Overtaking,0,0,1,0,1,2,Medium
2023,12,Thursday,22,KPK,Kohat,Provincial Highway,Average,Clear,Street Light,Motorcycle,2,Road Condition,0,0,1,1,3,0,Medium
2023,2,Monday,5,KPK,Nowshera,Urban Road,Good,Clear,Street Light,Bicycle,1,Over Speeding,0,0,1,1,2,1,Medium
2021,12,Sunday,8,Punjab,Multan,National Highway,Average,Foggy,Daylight,Motorcycle,1,Road Condition,1,1,0,1,5,0,Medium
2019,3,Sunday,18,Punjab,Sargodha,Urban Road,Good,Clear,Dawn/Dusk,Bicycle,3,Wrong Overtaking,1,1,0,0,0,0,Low
2023,9,Monday,19,Sindh,Kashmore,National Highway,Poor,Clear,Dawn/Dusk,Car/Taxi,4,Signal Violation,1,0,0,0,3,0,Medium
2023,12,Sunday,20,KPK,Mardan,National Highway,Good,Clear,No Light,Rickshaw,2,Pedestrian Error,1,1,0,1,1,0,Medium
2021,1,Tuesday,10,Sindh,Hyderabad,Provincial Highway,Average,Rainy,Daylight,Motorcycle,1,Wrong Overtaking,0,0,0,1,11,4,High
2023,7,Friday,18,Punjab,Sargodha,Provincial Highway,Good,Clear,Daylight,Bus/Coach,1,Mechanical Failure,1,0,0,0,0,0,Low
2018,3,Tuesday,8,Punjab,Rawalpindi,Urban Road,Good,Clear,Daylight,Rickshaw,1,Drunk Driving,1,0,0,0,2,2,Medium
2021,8,Friday,21,KPK,Nowshera,Provincial Highway,Under Repair,Clear,No Light,Car/Taxi,1,Pedestrian Error,0,0,0,0,2,0,Low
2019,9,Tuesday,21,Islamabad,Islamabad,National Highway,Good,Clear,Street Light,Car/Taxi,4,Over Speeding,0,0,0,0,3,1,High
2021,12,Sunday,18,Islamabad,Islamabad,National Highway,Average,Rainy,Daylight,Motorcycle,3,Mechanical Failure,1,1,0,1,11,1,High
2023,4,Monday,18,Sindh,Sukkur,Urban Road,Good,Clear,Daylight,Motorcycle,2,Wrong Overtaking,1,0,0,0,0,0,Low
2019,12,Tuesday,20,Balochistan,Zhob,Urban Road,Under Repair,Clear,No Light,Truck/Lorry,2,Over Speeding,1,0,0,1,1,0,Low
2020,7,Thursday,4,Punjab,Sargodha,Provincial Highway,Good,Clear,Street Light,Car/Taxi,4,Driver Fatigue,0,0,1,0,4,0,Medium
2022,2,Thursday,19,Balochistan,Hub,Rural Road,Good,Rainy,Dawn/Dusk,Bus/Coach,2,Mechanical Failure,1,0,0,1,0,1,Low
2020,1,Tuesday,20,Sindh,Jacobabad,Urban Road,Under Repair,Clear,No Light,Truck/Lorry,2,Wrong Overtaking,1,0,0,1,2,0,Low
2018,3,Wednesday,14,KPK,Swat,National Highway,Good,Dusty/Smoggy,Daylight,Car/Taxi,2,Over Speeding,0,0,0,0,2,1,Medium
2019,6,Friday,18,Punjab,Lahore,Urban Road,Average,Foggy,Daylight,Car/Taxi,2,Driver Fatigue,1,0,0,0,1,0,Medium
2020,9,Friday,8,Balochistan,Chaman,National Highway,Good,Foggy,Daylight,Motorcycle,1,Mechanical Failure,1,0,0,0,2,0,Medium
2019,3,Thursday,20,Sindh,Kashmore,National Highway,Average,Clear,No Light,Rickshaw,2,Drunk Driving,1,0,0,0,3,0,Medium
2021,11,Thursday,17,Punjab,Rahim Yar Khan,Rural Road,Poor,Foggy,Daylight,Motorcycle,3,Wrong Overtaking,1,0,0,1,2,1,Medium
2022,8,Thursday,20,Punjab,Faisalabad,Rural Road,Good,Clear,No Light,Car/Taxi,1,Over Speeding,1,0,0,0,0,0,Low
2019,12,Thursday,16,Punjab,Sheikhupura,Urban Road,Good,Foggy,Daylight,Car/Taxi,1,Signal Violation,0,0,0,1,1,1,Medium
2022,4,Sunday,20,Sindh,Nawabshah,National Highway,Good,Foggy,No Light,Truck/Lorry,1,Driver Fatigue,1,1,0,0,4,0,High
2022,7,Wednesday,16,Punjab,Gujranwala,Provincial Highway,Under Repair,Clear,Daylight,Car/Taxi,1,Weather Condition,0,0,0,0,0,0,Low
2023,9,Sunday,20,Sindh,Nawabshah,National Highway,Average,Extreme Heat,No Light,Car/Taxi,2,Over Speeding,1,1,0,0,7,1,High
2020,5,Tuesday,22,KPK,Dera Ismail Khan,National Highway,Good,Rainy,No Light,Car/Taxi,4,Wrong Overtaking,0,0,1,0,9,2,High
2018,3,Tuesday,7,AJK,Muzaffarabad,Rural Road,Average,Clear,Daylight,Car/Taxi,2,Wrong Overtaking,1,0,0,0,1,0,Low
2022,6,Saturday,19,Punjab,Multan,Rural Road,Poor,Clear,Dawn/Dusk,Motorcycle,2,Drunk Driving,1,1,0,0,4,0,Medium
2023,5,Wednesday,20,Punjab,Sialkot,Rural Road,Average,Clear,No Light,Car/Taxi,2,Pedestrian Error,1,0,0,0,1,0,Low
2021,1,Tuesday,12,Punjab,Sialkot,National Highway,Poor,Clear,Daylight,Motorcycle,1,Over Speeding,1,0,0,1,4,3,High
2023,1,Thursday,19,Punjab,Sialkot,Provincial Highway,Poor,Rainy,Dawn/Dusk,Motorcycle,1,Over Speeding,1,0,0,1,11,4,High
2019,1,Wednesday,9,KPK,Nowshera,Rural Road,Poor,Extreme Heat,Daylight,Rickshaw,1,Signal Violation,1,0,0,1,1,0,Low
2022,4,Wednesday,1,Sindh,Dadu,Provincial Highway,Good,Rainy,Street Light,Car/Taxi,2,Over Speeding,0,0,1,0,9,4,High
2018,10,Friday,5,Sindh,Dadu,National Highway,Good,Clear,Dawn/Dusk,Bus/Coach,2,Mechanical Failure,0,0,1,0,5,3,High
2019,11,Saturday,17,Punjab,Rawalpindi,Urban Road,Average,Extreme Heat,Daylight,Car/Taxi,4,Mechanical Failure,1,1,0,1,0,0,Low
2023,12,Thursday,19,KPK,Swat,Urban Road,Poor,Rainy,Street Light,Car/Taxi,3,Signal Violation,1,0,0,1,0,1,Low
2018,10,Saturday,13,AJK,Muzaffarabad,Provincial Highway,Poor,Extreme Heat,No Light,Motorcycle,3,Driver Fatigue,1,1,0,0,5,1,High
2022,1,Monday,19,Sindh,Karachi,Provincial Highway,Average,Clear,Dawn/Dusk,Car/Taxi,2,Road Condition,1,0,0,1,0,1,Low
2021,7,Friday,23,Islamabad,Islamabad,Provincial Highway,Average,Clear,Street Light,Rickshaw,2,Road Condition,0,0,1,0,0,0,Low
2021,11,Saturday,21,Punjab,Multan,National Highway,Good,Clear,Street Light,Motorcycle,3,Signal Violation,0,1,0,1,3,1,High
2020,3,Wednesday,19,Punjab,Sialkot,Provincial Highway,Under Repair,Foggy,Street Light,Motorcycle,1,Over Speeding,1,0,0,0,3,0,High
2020,5,Wednesday,10,Islamabad,Islamabad,Provincial Highway,Good,Clear,Street Light,Motorcycle,3,Over Speeding,0,0,0,0,4,0,Medium
2021,12,Tuesday,17,KPK,Abbottabad,Provincial Highway,Good,Clear,Daylight,Car/Taxi,3,Over Speeding,1,0,0,1,1,0,Medium
2022,1,Sunday,16,Punjab,Gujranwala,Provincial Highway,Good,Rainy,Daylight,Car/Taxi,2,Mechanical Failure,0,1,0,1,0,0,Low
2020,5,Tuesday,18,Punjab,Sheikhupura,Provincial Highway,Poor,Clear,Daylight,Car/Taxi,4,Road Condition,1,0,0,0,0,0,Low
2023,1,Thursday,18,Sindh,Karachi,Provincial Highway,Under Repair,Foggy,Daylight,Car/Taxi,3,Wrong Overtaking,1,0,0,1,2,0,Medium
2020,6,Thursday,20,KPK,Peshawar,Urban Road,Under Repair,Clear,Street Light,Truck/Lorry,3,Mechanical Failure,1,0,0,0,2,0,Low
2021,9,Tuesday,12,Balochistan,Turbat,Provincial Highway,Average,Foggy,Daylight,Rickshaw,2,Signal Violation,1,0,0,0,0,0,Low
2022,10,Saturday,13,Punjab,Sialkot,Rural Road,Under Repair,Clear,Daylight,Bicycle,4,Mobile Phone Use,1,1,0,0,1,0,Low
2022,5,Monday,20,Sindh,Kashmore,National Highway,Average,Clear,No Light,Car/Taxi,1,Mechanical Failure,1,0,0,0,2,1,Low
2021,3,Saturday,2,Sindh,Dadu,National Highway,Average,Clear,No Light,Motorcycle,3,Over Speeding,0,1,1,0,6,1,High
2020,10,Friday,17,Sindh,Thatta,Urban Road,Average,Clear,No Light,Rickshaw,3,Mechanical Failure,1,0,0,0,1,0,Low
2019,7,Monday,4,Sindh,Mirpur Khas,National Highway,Good,Foggy,Street Light,Motorcycle,1,Wrong Overtaking,0,0,1,0,5,2,High
2021,1,Friday,8,Sindh,Thatta,Rural Road,Good,Clear,Daylight,Bicycle,1,Pedestrian Error,1,0,0,1,1,0,Low
2023,11,Monday,19,Punjab,Gujranwala,National Highway,Average,Clear,Dawn/Dusk,Rickshaw,1,Signal Violation,1,0,0,1,4,0,Medium
2023,12,Saturday,19,Sindh,Kashmore,Rural Road,Good,Foggy,Street Light,Motorcycle,2,Pedestrian Error,1,1,0,1,2,0,Low
2023,12,Thursday,19,Punjab,Rahim Yar Khan,Urban Road,Good,Clear,Dawn/Dusk,Truck/Lorry,2,Over Speeding,1,0,0,1,3,0,Medium
2019,12,Sunday,17,Punjab,Rawalpindi,National Highway,Good,Clear,Daylight,Motorcycle,3,Over Speeding,1,1,0,1,2,0,High
2018,3,Tuesday,13,Punjab,Sargodha,National Highway,Poor,Clear,Dawn/Dusk,Motorcycle,1,Wrong Overtaking,1,0,0,0,2,1,Medium
2022,6,Tuesday,9,Punjab,Sialkot,Urban Road,Good,Extreme Heat,Daylight,Bus/Coach,1,Over Speeding,1,0,0,0,1,0,Low
2023,7,Saturday,0,Sindh,Jacobabad,Rural Road,Average,Dusty/Smoggy,Street Light,Motorcycle,2,Wrong Overtaking,0,1,1,0,5,1,Medium
2020,9,Saturday,4,Punjab,Gujranwala,Provincial Highway,Good,Extreme Heat,No Light,Motorcycle,2,Wrong Overtaking,0,1,1,0,9,3,High
2023,11,Monday,12,Sindh,Thatta,National Highway,Average,Clear,Daylight,Bicycle,3,Drunk Driving,1,0,0,1,8,3,High
2022,1,Friday,12,AJK,Rawalakot,Provincial Highway,Average,Foggy,Daylight,Motorcycle,2,Mechanical Failure,1,0,0,1,9,0,High
2022,9,Saturday,16,Punjab,Gujranwala,Provincial Highway,Average,Dusty/Smoggy,Daylight,Van/Pickup,1,Driver Fatigue,0,1,0,0,4,2,Medium
2022,1,Sunday,10,Punjab,Rahim Yar Khan,Rural Road,Poor,Clear,Daylight,Car/Taxi,2,Signal Violation,0,1,0,1,0,1,Low
2019,11,Saturday,13,KPK,Nowshera,National Highway,Good,Clear,Daylight,Car/Taxi,3,Weather Condition,1,1,0,1,2,0,Low
2023,11,Saturday,23,Punjab,Multan,Provincial Highway,Under Repair,Clear,Street Light,Motorcycle,4,Drunk Driving,0,1,1,1,5,3,High
2023,11,Saturday,8,Sindh,Jacobabad,National Highway,Good,Clear,Daylight,Motorcycle,3,Wrong Overtaking,1,1,0,1,1,0,Medium
2019,2,Thursday,10,Punjab,Sialkot,Provincial Highway,Good,Foggy,Daylight,Rickshaw,1,Wrong Overtaking,0,0,0,1,4,0,Medium
2023,5,Friday,23,Punjab,Faisalabad,National Highway,Average,Clear,Street Light,Motorcycle,2,Wrong Overtaking,0,0,1,0,9,1,High
2019,9,Friday,20,Balochistan,Turbat,National Highway,Average,Extreme Heat,Street Light,Motorcycle,1,Mobile Phone Use,1,0,0,0,1,1,Medium
2021,8,Friday,8,Punjab,Rahim Yar Khan,Provincial Highway,Good,Extreme Heat,Dawn/Dusk,Bus/Coach,2,Pedestrian Error,1,0,0,0,0,0,Low
2020,4,Monday,15,Punjab,Sargodha,Motorway,Under Repair,Clear,Daylight,Bicycle,3,Over Speeding,0,0,0,0,9,2,High
2023,8,Saturday,19,Punjab,Sargodha,Provincial Highway,Good,Clear,Dawn/Dusk,Truck/Lorry,1,Over Speeding,1,1,0,0,11,3,High
2018,6,Wednesday,8,Punjab,Rawalpindi,Provincial Highway,Average,Clear,Daylight,Rickshaw,1,Pedestrian Error,1,0,0,0,2,0,Low
2019,12,Wednesday,5,Punjab,Rawalpindi,National Highway,Good,Clear,No Light,Car/Taxi,1,Pedestrian Error,0,0,1,1,3,1,Medium
2019,7,Friday,19,Punjab,Faisalabad,Motorway,Good,Clear,Dawn/Dusk,Van/Pickup,2,Drunk Driving,1,0,0,0,7,0,High
2022,6,Wednesday,2,Sindh,Kashmore,Urban Road,Good,Clear,Street Light,Car/Taxi,1,Over Speeding,0,0,1,0,2,1,Medium
2020,9,Wednesday,13,KPK,Dera Ismail Khan,National Highway,Under Repair,Dusty/Smoggy,Daylight,Car/Taxi,4,Road Condition,1,0,0,0,1,0,Low
2019,7,Wednesday,15,Sindh,Nawabshah,Urban Road,Under Repair,Foggy,Daylight,Truck/Lorry,2,Mechanical Failure,0,0,0,0,1,0,Low
2022,6,Wednesday,1,Sindh,Nawabshah,Rural Road,Good,Clear,No Light,Car/Taxi,4,Drunk Driving,0,0,1,0,2,0,Low
2020,6,Thursday,15,KPK,Bannu,National Highway,Good,Clear,No Light,Motorcycle,2,Mobile Phone Use,0,0,0,0,5,1,Medium
2022,6,Tuesday,6,Gilgit-Baltistan,Skardu,Motorway,Average,Foggy,Daylight,Motorcycle,3,Mobile Phone Use,0,0,0,0,3,2,Medium
2021,11,Thursday,20,Sindh,Thatta,Rural Road,Under Repair,Clear,No Light,Car/Taxi,1,Over Speeding,1,0,0,1,5,0,Medium
2018,5,Monday,10,Islamabad,Islamabad,Rural Road,Average,Clear,Daylight,Rickshaw,1,Wrong Overtaking,0,0,0,0,0,0,Low
2022,11,Monday,18,Sindh,Mirpur Khas,Provincial Highway,Average,Foggy,Daylight,Motorcycle,2,Over Speeding,1,0,0,1,2,2,High
2022,5,Friday,19,KPK,Charsadda,Urban Road,Poor,Foggy,Street Light,Bus/Coach,2,Road Condition,1,0,0,0,4,1,Medium
2020,5,Wednesday,18,Sindh,Hyderabad,Urban Road,Good,Foggy,Daylight,Bus/Coach,2,Wrong Overtaking,1,0,0,0,3,1,Medium
2021,7,Saturday,15,Balochistan,Sibi,Rural Road,Good,Clear,Daylight,Motorcycle,2,Road Condition,0,1,0,0,1,0,Medium
2023,7,Monday,18,Sindh,Nawabshah,Urban Road,Poor,Rainy,Daylight,Rickshaw,4,Signal Violation,1,0,0,0,0,0,Low
2023,11,Sunday,18,KPK,Kohat,National Highway,Poor,Foggy,Daylight,Truck/Lorry,2,Over Speeding,1,1,0,1,8,1,High
2022,10,Friday,18,Sindh,Hyderabad,National Highway,Good,Foggy,No Light,Truck/Lorry,1,Wrong Overtaking,1,0,0,0,5,3,High
2021,5,Wednesday,22,Balochistan,Dera Bugti,National Highway,Good,Clear,No Light,Van/Pickup,3,Road Condition,0,0,1,0,0,0,Low
2021,12,Friday,14,Gilgit-Baltistan,Gilgit,National Highway,Average,Clear,No Light,Rickshaw,3,Wrong Overtaking,0,0,0,1,2,0,Low
2018,8,Thursday,17,Punjab,Rawalpindi,National Highway,Good,Clear,Daylight,Car/Taxi,1,Pedestrian Error,1,0,0,0,1,0,Low
2018,2,Monday,20,Sindh,Kashmore,National Highway,Average,Foggy,No Light,Truck/Lorry,2,Pedestrian Error,1,0,0,1,4,1,Medium
2018,12,Friday,16,Punjab,Bahawalpur,Urban Road,Average,Extreme Heat,Daylight,Motorcycle,2,Wrong Overtaking,0,0,0,1,1,0,Medium
2022,2,Thursday,13,Punjab,Sargodha,Rural Road,Good,Clear,No Light,Motorcycle,4,Wrong Overtaking,1,0,0,1,3,0,Medium
2018,2,Monday,18,Islamabad,Islamabad,Provincial Highway,Under Repair,Extreme Heat,Dawn/Dusk,Motorcycle,2,Signal Violation,1,0,0,1,7,0,High
2018,12,Thursday,11,Sindh,Dadu,Rural Road,Average,Clear,Street Light,Bus/Coach,1,Over Speeding,0,0,0,1,3,0,Medium
2022,1,Friday,18,Punjab,Sargodha,National Highway,Good,Clear,Dawn/Dusk,Truck/Lorry,2,Road Condition,1,0,0,1,4,0,Medium
2022,9,Thursday,11,KPK,Kohat,National Highway,Poor,Clear,Daylight,Bus/Coach,1,Driver Fatigue,0,0,0,0,2,2,Medium
2019,2,Saturday,5,Sindh,Karachi,Provincial Highway,Poor,Clear,Dawn/Dusk,Motorcycle,3,Wrong Overtaking,0,1,1,1,2,1,High
2019,8,Friday,12,Punjab,Multan,National Highway,Poor,Rainy,Daylight,Car/Taxi,2,Over Speeding,1,0,0,0,4,1,Medium
2023,9,Sunday,17,Punjab,Gujranwala,Rural Road,Average,Clear,Daylight,Motorcycle,1,Mechanical Failure,1,1,0,0,0,0,Low
2023,9,Sunday,22,Sindh,Dadu,Provincial Highway,Poor,Clear,No Light,Truck/Lorry,2,Wrong Overtaking,0,1,1,0,5,0,Medium
2023,7,Tuesday,13,Punjab,Gujranwala,National Highway,Good,Clear,Daylight,Motorcycle,3,Over Speeding,1,0,0,0,9,1,High
2022,8,Friday,10,Punjab,Sheikhupura,National Highway,Good,Clear,Street Light,Rickshaw,2,Road Condition,0,0,0,0,0,0,Low
2022,12,Monday,9,Punjab,Gujranwala,Urban Road,Good,Extreme Heat,Daylight,Car/Taxi,1,Wrong Overtaking,1,0,0,1,2,0,Low
2021,1,Sunday,18,Balochistan,Sibi,Provincial Highway,Good,Foggy,Street Light,Motorcycle,3,Road Condition,1,1,0,1,5,0,Medium
2022,4,Saturday,17,Punjab,Sialkot,Provincial Highway,Good,Clear,Street Light,Car/Taxi,3,Pedestrian Error,1,1,0,0,2,0,Low
2018,8,Tuesday,22,KPK,Dera Ismail Khan,National Highway,Poor,Rainy,No Light,Car/Taxi,2,Drunk Driving,0,0,1,0,6,2,High
2019,3,Tuesday,12,Sindh,Karachi,Provincial Highway,Poor,Clear,Daylight,Car/Taxi,4,Signal Violation,1,0,0,0,0,0,Low
2020,11,Sunday,9,Punjab,Multan,Urban Road,Good,Clear,Daylight,Motorcycle,3,Signal Violation,1,1,0,1,3,0,Medium
2020,12,Sunday,9,Sindh,Kashmore,Provincial Highway,Poor,Clear,Daylight,Motorcycle,2,Wrong Overtaking,1,1,0,1,4,1,Medium
2018,3,Thursday,6,Sindh,Kashmore,Provincial Highway,Average,Foggy,Daylight,Car/Taxi,2,Wrong Overtaking,0,0,0,0,1,0,Low
2023,7,Saturday,6,Balochistan,Khuzdar,Urban Road,Good,Rainy,Daylight,Car/Taxi,2,Pedestrian Error,0,1,0,0,0,0,Low
2021,8,Friday,8,Balochistan,Sibi,National Highway,Good,Extreme Heat,Daylight,Car/Taxi,1,Mechanical Failure,1,0,0,0,1,0,Low
2018,7,Saturday,17,Punjab,Lahore,Urban Road,Poor,Rainy,Daylight,Motorcycle,1,Road Condition,1,1,0,0,2,1,Low
2023,9,Thursday,23,KPK,Nowshera,Provincial Highway,Poor,Clear,Street Light,Motorcycle,2,Wrong Overtaking,0,0,1,0,2,1,Medium
2018,12,Tuesday,12,Punjab,Lahore,National Highway,Good,Clear,No Light,Other,4,Pedestrian Error,1,0,0,1,1,0,Low
2020,11,Sunday,4,Punjab,Sialkot,Urban Road,Good,Foggy,No Light,Motorcycle,2,Over Speeding,0,1,1,1,6,1,High
2020,12,Thursday,12,Punjab,Faisalabad,Provincial Highway,Good,Clear,Daylight,Motorcycle,3,Mechanical Failure,1,0,0,1,2,0,Medium
2018,11,Monday,18,KPK,Nowshera,Urban Road,Good,Clear,Daylight,Motorcycle,3,Driver Fatigue,1,0,0,1,6,1,High
2022,8,Friday,16,Punjab,Faisalabad,National Highway,Good,Clear,Daylight,Bus/Coach,1,Signal Violation,0,0,0,0,1,1,Medium
2019,9,Saturday,6,Sindh,Sukkur,Rural Road,Good,Clear,Daylight,Truck/Lorry,2,Pedestrian Error,0,1,0,0,2,0,Low
2020,1,Monday,13,KPK,Dera Ismail Khan,National Highway,Average,Rainy,Daylight,Truck/Lorry,2,Wrong Overtaking,1,0,0,1,6,4,High
2019,4,Saturday,1,KPK,Kohat,Rural Road,Average,Clear,No Light,Car/Taxi,2,Driver Fatigue,0,1,1,0,5,0,Medium
2022,3,Tuesday,17,Balochistan,Hub,Provincial Highway,Good,Clear,Dawn/Dusk,Motorcycle,2,Signal Violation,1,0,0,0,6,3,High
2021,12,Sunday,15,Punjab,Sialkot,Provincial Highway,Good,Rainy,Daylight,Truck/Lorry,1,Pedestrian Error,0,1,0,1,3,0,Medium