year,month,day_of_week,hour_of_day,province,district,road_type,road_condition,weather_condition,lighting_condition,vehicle_type,vehicles_involved,accident_cause,is_rush_hour,is_weekend,is_night,is_foggy_month,num_injured,num_killed,severity
2019,11,Monday,23,Sindh,Jacobabad,Provincial Highway,Average,Dusty/Smoggy,No Light,Van/Pickup,1,Over Speeding,0,0,1,1,1,1,Medium
2020,7,Friday,18,Balochistan,Loralai,Provincial Highway,Good,Clear,Daylight,Motorcycle,1,Pedestrian Error,1,0,0,0,2,0,Medium
2022,9,Friday,19,Punjab,Lahore,Provincial Highway,Under Repair,Foggy,Dawn/Dusk,Car/Taxi,2,Over Speeding,1,0,0,0,1,1,Medium
2023,1,Friday,8,KPK,Mansehra,Rural Road,Average,Clear,No Light,Bus/Coach,3,Wrong Overtaking,1,0,0,1,1,0,Low
2021,4,Thursday,7,Punjab,Lahore,Provincial Highway,Average,Foggy,Daylight,Van/Pickup,1,Wrong Overtaking,1,0,0,0,3,1,Medium
2020,2,Thursday,22,KPK,Mansehra,Provincial Highway,Average,Foggy,Street Light,Car/Taxi,2,Road Condition,0,0,1,1,3,1,Medium
2023,8,Friday,9,KPK,Bannu,National Highway,Average,Clear,Daylight,Motorcycle,2,Over Speeding,1,0,0,0,3,2,High
2023,6,Thursday,11,Islamabad,Islamabad,National Highway,Good,Foggy,Daylight,Motorcycle,1,Wrong Overtaking,0,0,0,0,5,1,High
2020,6,Wednesday,15,Sindh,Larkana,Provincial Highway,Average,Clear,Daylight,Rickshaw,1,Over Speeding,0,0,0,0,0,0,Low
2022,6,Friday,7,Balochistan,Turbat,Rural Road,Average,Clear,Daylight,Car/Taxi,1,Mechanical Failure,1,0,0,0,0,0,Low
2021,7,Tuesday,10,Punjab,Multan,National Highway,Good,Foggy,Daylight,Car/Taxi,4,Pedestrian Error,0,0,0,0,1,0,Medium
2020,5,Monday,16,Sindh,Jacobabad,Motorway,Good,Foggy,Daylight,Car/Taxi,2,Driver Fatigue,0,0,0,0,5,0,Medium
2021,10,Friday,15,Sindh,Sukkur,Urban Road,Poor,Extreme Heat,Daylight,Car/Taxi,1,Over Speeding,0,0,0,0,1,1,Low
2023,1,Saturday,4,Sindh,Kashmore,Urban Road,Good,Clear,No Light,Motorcycle,2,Wrong Overtaking,0,1,1,1,6,1,High
2020,3,Tuesday,10,Sindh,Nawabshah,Urban Road,Good,Clear,Daylight,Motorcycle,2,Driver Fatigue,0,0,0,0,3,2,Medium
2019,11,Friday,18,Islamabad,Islamabad,Urban Road,Good,Clear,Daylight,Car/Taxi,3,Drunk Driving,1,0,0,1,2,0,Low
2021,9,Saturday,11,Punjab,Rahim Yar Khan,Motorway,Average,Foggy,Daylight,Truck/Lorry,1,Wrong Overtaking,0,1,0,0,1,1,Medium
2021,12,Wednesday,8,Punjab,Faisalabad,National Highway,Average,Clear,Daylight,Rickshaw,2,Over Speeding,1,0,0,1,4,1,Medium
2022,6,Monday,7,Islamabad,Islamabad,Urban Road,Under Repair,Clear,Daylight,Van/Pickup,3,Over Speeding,1,0,0,0,1,0,Low
2020,11,Monday,3,Sindh,Hyderabad,Rural Road,Good,Dusty/Smoggy,No Light,Bus/Coach,1,Mobile Phone Use,0,0,1,1,5,1,Medium
2020,5,Wednesday,9,Sindh,Karachi,Urban Road,Poor,Clear,Daylight,Motorcycle,3,Signal Violation,1,0,0,0,5,0,Medium
2018,2,Friday,6,Punjab,Rahim Yar Khan,National Highway,Good,Foggy,Daylight,Car/Taxi,1,Signal Violation,0,0,0,1,1,0,Medium
2023,11,Saturday,11,Punjab,Faisalabad,National Highway,Under Repair,Clear,Daylight,Van/Pickup,2,Over Speeding,0,1,0,1,5,1,Medium
2020,7,Friday,10,Punjab,Sargodha,Provincial Highway,Average,Foggy,Daylight,Bus/Coach,2,Pedestrian Error,0,0,0,0,4,0,Medium
2021,10,Wednesday,18,Punjab,Gujranwala,Provincial Highway,Under Repair,Dusty/Smoggy,Street Light,Car/Taxi,3,Signal Violation,1,0,0,0,0,0,Low
2022,1,Saturday,6,Sindh,Larkana,National Highway,Good,Foggy,Daylight,Car/Taxi,2,Over Speeding,0,1,0,1,7,1,High
2022,10,Friday,16,KPK,Nowshera,Rural Road,Average,Dusty/Smoggy,Daylight,Motorcycle,2,Wrong Overtaking,0,0,0,0,2,0,Low
2022,4,Monday,7,Balochistan,Sibi,Rural Road,Good,Clear,Daylight,Motorcycle,2,Wrong Overtaking,1,0,0,0,3,0,Medium
2019,12,Sunday,8,Punjab,Bahawalpur,Rural Road,Poor,Rainy,Street Light,Car/Taxi,2,Wrong Overtaking,1,1,0,1,2,0,Medium
2023,7,Monday,3,Punjab,Rahim Yar Khan,Provincial Highway,Average,Clear,Street Light,Motorcycle,2,Wrong Overtaking,0,0,1,0,10,3,High
2021,7,Friday,13,Sindh,Hyderabad,Provincial Highway,Good,Clear,Daylight,Motorcycle,2,Over Speeding,1,0,0,0,9,4,High
2018,6,Wednesday,9,Punjab,Lahore,Urban Road,Average,Foggy,Daylight,Motorcycle,2,Mechanical Failure,1,0,0,0,1,1,Medium
2020,5,Monday,12,KPK,Bannu,National Highway,Average,Clear,Daylight,Motorcycle,1,Over Speeding,1,0,0,0,3,1,High
2023,12,Thursday,19,Sindh,Sukkur,Provincial Highway,Good,Dusty/Smoggy,Dawn/Dusk,Car/Taxi,4,Road Condition,1,0,0,1,0,0,Low
2021,2,Sunday,18,Islamabad,Islamabad,National Highway,Average,Clear,Daylight,Motorcycle,4,Wrong Overtaking,1,1,0,1,5,2,High
2023,1,Thursday,16,Punjab,Sheikhupura,Urban Road,Average,Foggy,Daylight,Car/Taxi,2,Over Speeding,0,0,0,1,2,0,Medium
2018,11,Monday,22,Punjab,Sargodha,Provincial Highway,Good,Extreme Heat,No Light,Motorcycle,3,Signal Violation,0,0,1,1,5,1,High
2018,8,Monday,19,Punjab,Sialkot,Provincial Highway,Good,Clear,Dawn/Dusk,Bicycle,1,Over Speeding,1,0,0,0,4,2,High
2021,3,Friday,9,Punjab,Rawalpindi,National Highway,Average,Foggy,Street Light,Motorcycle,2,Wrong Overtaking,1,0,0,0,6,2,High
2018,8,Saturday,19,KPK,Abbottabad,Provincial Highway,Poor,Foggy,Dawn/Dusk,Car/Taxi,2,Mobile Phone Use,1,1,0,0,1,0,Low
2021,11,Monday,9,Islamabad,Islamabad,National Highway,Poor,Extreme Heat,Daylight,Motorcycle,2,Drunk Driving,1,0,0,1,6,0,High
2020,7,Friday,11,Punjab,Lahore,Urban Road,Good,Dusty/Smoggy,Daylight,Bus/Coach,2,Wrong Overtaking,0,0,0,0,4,0,Medium
2023,12,Monday,5,Punjab,Gujranwala,Rural Road,Poor,Clear,Street Light,Motorcycle,3,Over Speeding,0,0,1,1,1,0,Medium
2020,11,Friday,12,Punjab,Rahim Yar Khan,Rural Road,Poor,Clear,Street Light,Motorcycle,2,Road Condition,1,0,0,1,0,0,Low
2022,12,Thursday,9,Sindh,Mirpur Khas,Provincial Highway,Average,Dusty/Smoggy,Street Light,Motorcycle,4,Wrong Overtaking,1,0,0,1,4,0,High
2023,5,Sunday,12,Sindh,Kashmore,Provincial Highway,Under Repair,Clear,Daylight,Motorcycle,2,Wrong Overtaking,1,1,0,0,1,0,Medium
2019,7,Monday,6,KPK,Peshawar,National Highway,Poor,Rainy,Daylight,Motorcycle,1,Mechanical Failure,0,0,0,0,10,0,High
2023,9,Wednesday,19,KPK,Nowshera,National Highway,Good,Dusty/Smoggy,No Light,Motorcycle,1,Over Speeding,1,0,0,0,10,2,High
2018,8,Monday,9,Sindh,Thatta,Rural Road,Good,Clear,Daylight,Motorcycle,3,Road Condition,1,0,0,0,2,0,Low
2023,1,Sunday,11,Sindh,Hyderabad,Urban Road,Average,Foggy,Daylight,Car/Taxi,2,Driver Fatigue,0,1,0,1,2,0,Medium
2023,10,Saturday,6,Balochistan,Chaman,Motorway,Under Repair,Clear,Street Light,Car/Taxi,2,Wrong Overtaking,0,1,0,0,2,0,Low
2023,6,Saturday,15,Punjab,Rahim Yar Khan,Provincial Highway,Good,Rainy,Daylight,Car/Taxi,3,Wrong Overtaking,0,1,0,0,2,1,Low
2023,4,Thursday,14,Punjab,Lahore,Provincial Highway,Average,Clear,Daylight,Rickshaw,1,Road Condition,0,0,0,0,2,0,Low
2022,7,Monday,1,Punjab,Rahim Yar Khan,National Highway,Good,Clear,No Light,Motorcycle,2,Drunk Driving,0,0,1,0,3,0,High
2018,5,Thursday,9,Punjab,Lahore,Urban Road,Good,Rainy,No Light,Car/Taxi,3,Signal Violation,1,0,0,0,1,0,Low
2021,11,Saturday,17,Punjab,Rahim Yar Khan,National Highway,Average,Rainy,Daylight,Bus/Coach,1,Wrong Overtaking,1,1,0,1,11,2,High
2019,1,Sunday,16,Punjab,Gujranwala,Provincial Highway,Average,Rainy,Street Light,Car/Taxi,1,Signal Violation,0,1,0,1,0,0,Low
2022,12,Tuesday,1,Punjab,Bahawalpur,Motorway,Good,Clear,Street Light,Other,3,Signal Violation,0,0,1,1,1,1,Medium
2022,8,Friday,12,KPK,Bannu,Rural Road,Poor,Dusty/Smoggy,Daylight,Motorcycle,2,Driver Fatigue,1,0,0,0,4,0,Medium
2018,11,Thursday,13,Sindh,Jacobabad,National Highway,Good,Clear,Daylight,Motorcycle,3,Pedestrian Error,1,0,0,1,5,2,Medium
2022,4,Friday,12,Punjab,Bahawalpur,Provincial Highway,Good,Foggy,No Light,Bus/Coach,3,Over Speeding,1,0,0,0,7,0,High
2022,6,Thursday,23,KPK,Kohat,Rural Road,Poor,Rainy,No Light,Motorcycle,2,Wrong Overtaking,0,0,1,0,4,2,High
2023,5,Friday,18,KPK,Dera Ismail Khan,National Highway,Good,Foggy,Daylight,Motorcycle,2,Driver Fatigue,1,0,0,0,8,1,High
2019,8,Monday,5,Punjab,Sialkot,Provincial Highway,Good,Rainy,Dawn/Dusk,Motorcycle,2,Road Condition,0,0,1,0,2,0,Medium
2023,11,Monday,17,AJK,Muzaffarabad,National Highway,Poor,Extreme Heat,Dawn/Dusk,Truck/Lorry,2,Signal Violation,1,0,0,1,7,0,High
2019,11,Saturday,8,Punjab,Sargodha,Rural Road,Under Repair,Clear,Daylight,Van/Pickup,2,Road Condition,1,1,0,1,2,0,Low
2021,9,Saturday,18,KPK,Bannu,Provincial Highway,Under Repair,Foggy,Daylight,Bus/Coach,4,Pedestrian Error,1,1,0,0,3,0,Medium
2022,2,Sunday,22,Islamabad,Islamabad,National Highway,Poor,Clear,No Light,Motorcycle,2,Over Speeding,0,1,1,1,3,1,High
2021,1,Wednesday,22,KPK,Abbottabad,National Highway,Under Repair,Rainy,Street Light,Motorcycle,2,Over Speeding,0,0,1,1,5,3,High
2023,8,Monday,18,KPK,Nowshera,Urban Road,Good,Clear,No Light,Truck/Lorry,1,Signal Violation,1,0,0,0,1,0,Low
2023,2,Friday,14,Balochistan,Quetta,Provincial Highway,Good,Dusty/Smoggy,Daylight,Rickshaw,1,Wrong Overtaking,0,0,0,1,2,0,Medium
2023,1,Monday,11,Punjab,Sheikhupura,National Highway,Good,Clear,Daylight,Truck/Lorry,3,Over Speeding,0,0,0,1,4,0,Medium
2019,7,Friday,6,Punjab,Sialkot,Provincial Highway,Good,Rainy,Daylight,Motorcycle,3,Mobile Phone Use,0,0,0,0,1,0,Medium
2019,11,Sunday,21,Sindh,Sukkur,Urban Road,Average,Foggy,Street Light,Car/Taxi,3,Signal Violation,0,1,0,1,1,0,Low
2023,7,Wednesday,9,Balochistan,Turbat,Provincial Highway,Average,Clear,Daylight,Motorcycle,2,Over Speeding,1,0,0,0,10,4,High
2018,5,Sunday,19,Sindh,Mirpur Khas,Rural Road,Average,Clear,No Light,Motorcycle,3,Mobile Phone Use,1,1,0,0,1,1,Low
2022,12,Friday,15,AJK,Rawalakot,National Highway,Good,Clear,No Light,Car/Taxi,4,Wrong Overtaking,0,0,0,1,4,0,Medium
2018,9,Saturday,13,Punjab,Faisalabad,Urban Road,Average,Rainy,Daylight,Motorcycle,2,Signal Violation,1,1,0,0,4,1,Medium
2020,6,Wednesday,12,KPK,Mardan,Urban Road,Average,Foggy,Daylight,Van/Pickup,3,Wrong Overtaking,1,0,0,0,0,0,Low
2022,11,Sunday,21,Islamabad,Islamabad,National Highway,Good,Clear,No Light,Car/Taxi,1,Wrong Overtaking,0,1,0,1,1,0,Medium
2023,11,Sunday,18,Sindh,Hyderabad,National Highway,Average,Foggy,Daylight,Bus/Coach,2,Over Speeding,1,1,0,1,8,2,High
2020,11,Thursday,5,Islamabad,Islamabad,Urban Road,Poor,Clear,Dawn/Dusk,Rickshaw,4,Wrong Overtaking,0,0,1,1,2,0,Low
2019,11,Saturday,18,Punjab,Gujranwala,Rural Road,Poor,Clear,Daylight,Motorcycle,2,Over Speeding,1,1,0,1,2,1,High
2022,11,Saturday,19,Islamabad,Islamabad,National Highway,Good,Dusty/Smoggy,Dawn/Dusk,Car/Taxi,3,Pedestrian Error,1,1,0,1,2,1,Low
2020,6,Tuesday,14,Balochistan,Khuzdar,Provincial Highway,Good,Clear,Daylight,Motorcycle,3,Driver Fatigue,0,0,0,0,1,0,Medium
2019,1,Wednesday,7,Punjab,Sialkot,National Highway,Average,Dusty/Smoggy,Street Light,Motorcycle,4,Over Speeding,1,0,0,1,6,1,High
2018,8,Saturday,3,Sindh,Kashmore,Rural Road,Average,Rainy,No Light,Truck/Lorry,1,Wrong Overtaking,0,1,1,0,9,1,High
2018,7,Sunday,22,Sindh,Sukkur,Provincial Highway,Good,Dusty/Smoggy,Street Light,Motorcycle,2,Driver Fatigue,0,1,1,0,4,2,High
2018,5,Friday,7,Punjab,Gujranwala,Urban Road,Under Repair,Clear,Daylight,Motorcycle,1,Pedestrian Error,1,0,0,0,0,0,Low
2023,12,Wednesday,5,Punjab,Bahawalpur,Provincial Highway,Under Repair,Clear,Street Light,Motorcycle,4,Over Speeding,0,0,1,1,8,1,High
2022,6,Wednesday,7,Punjab,Bahawalpur,Provincial Highway,Good,Rainy,Daylight,Motorcycle,3,Wrong Overtaking,1,0,0,0,2,0,Medium
2023,6,Sunday,2,Sindh,Larkana,Provincial Highway,Good,Clear,No Light,Bicycle,1,Road Condition,0,1,1,0,4,0,Medium
2021,1,Friday,18,Sindh,Jacobabad,National Highway,Under Repair,Foggy,Daylight,Bicycle,2,Wrong Overtaking,1,0,0,1,10,1,High
2023,9,Monday,14,Islamabad,Islamabad,Urban Road,Good,Rainy,Dawn/Dusk,Car/Taxi,2,Over Speeding,0,0,0,0,4,0,Medium
2019,10,Wednesday,17,Punjab,Lahore,Motorway,Good,Clear,Daylight,Motorcycle,1,Pedestrian Error,1,0,0,0,4,1,Medium
2023,12,Saturday,9,Sindh,Hyderabad,National Highway,Under Repair,Dusty/Smoggy,Street Light,Car/Taxi,1,Mechanical Failure,1,1,0,1,1,0,Low
2022,4,Sunday,15,Punjab,Lahore,Provincial Highway,Good,Clear,Daylight,Car/Taxi,3,Signal Violation,0,1,0,0,0,0,Low
2023,9,Sunday,11,KPK,Swat,Provincial Highway,Good,Foggy,Daylight,Car/Taxi,2,Over Speeding,0,1,0,0,2,0,Medium
2018,7,Sunday,20,Balochistan,Zhob,National Highway,Good,Dusty/Smoggy,No Light,Rickshaw,2,Signal Violation,1,1,0,0,4,1,Medium
2019,8,Sunday,8,Punjab,Faisalabad,Rural Road,Good,Clear,Daylight,Truck/Lorry,1,Signal Violation,1,1,0,0,2,0,Low
2019,4,Sunday,22,Punjab,Faisalabad,Rural Road,Poor,Clear,No Light,Motorcycle,2,Wrong Overtaking,0,1,1,0,2,0,Medium
2023,11,Saturday,22,Sindh,Jacobabad,Motorway,Average,Clear,No Light,Rickshaw,2,Over Speeding,0,1,1,1,5,1,Medium
2021,7,Monday,12,Punjab,Bahawalpur,National Highway,Average,Clear,Dawn/Dusk,Truck/Lorry,3,Wrong Overtaking,1,0,0,0,10,1,High
2021,12,Sunday,17,Punjab,Faisalabad,Urban Road,Under Repair,Clear,Daylight,Bus/Coach,1,Drunk Driving,1,1,0,1,3,0,Medium
2023,10,Sunday,10,Punjab,Bahawalpur,Provincial Highway,Good,Clear,Daylight,Truck/Lorry,2,Pedestrian Error,0,1,0,0,0,0,Low
2023,5,Sunday,22,Punjab,Multan,Urban Road,Average,Clear,No Light,Motorcycle,3,Over Speeding,0,1,1,0,3,0,Medium
2022,7,Monday,21,KPK,Mansehra,Rural Road,Under Repair,Clear,Street Light,Motorcycle,2,Wrong Overtaking,0,0,0,0,1,0,Low
2022,6,Thursday,19,Islamabad,Islamabad,Provincial Highway,Average,Clear,Dawn/Dusk,Motorcycle,3,Over Speeding,1,0,0,0,5,1,High
2020,11,Monday,18,Sindh,Hyderabad,National Highway,Poor,Foggy,Daylight,Car/Taxi,1,Over Speeding,1,0,0,1,8,1,High
2022,3,Sunday,17,Punjab,Sheikhupura,Provincial Highway,Average,Foggy,Daylight,Car/Taxi,2,Wrong Overtaking,1,1,0,0,4,0,Medium
2019,5,Monday,8,Punjab,Bahawalpur,Rural Road,Poor,Clear,Daylight,Motorcycle,2,Wrong Overtaking,1,0,0,0,1,0,Low
2023,1,Saturday,17,Islamabad,Islamabad,Urban Road,Good,Foggy,No Light,Rickshaw,2,Road Condition,1,1,0,1,0,1,Low
2019,8,Tuesday,20,Balochistan,Dera Bugti,Urban Road,Poor,Clear,No Light,Car/Taxi,1,Signal Violation,1,0,0,0,1,0,Low
2019,2,Saturday,12,Punjab,Multan,Motorway,Good,Extreme Heat,Daylight,Van/Pickup,2,Mobile Phone Use,1,1,0,1,2,0,Low
2020,8,Monday,19,Balochistan,Khuzdar,Urban Road,Good,Foggy,Dawn/Dusk,Motorcycle,1,Pedestrian Error,1,0,0,0,4,0,Medium
2019,12,Saturday,11,Islamabad,Islamabad,Urban Road,Good,Foggy,Daylight,Bus/Coach,1,Signal Violation,0,1,0,1,5,0,Medium
2023,10,Friday,21,Punjab,Lahore,Urban Road,Good,Clear,No Light,Motorcycle,2,Road Condition,0,0,0,0,1,1,Medium
2022,12,Sunday,12,KPK,Kohat,Provincial Highway,Good,Clear,Street Light,Bus/Coach,1,Signal Violation,1,1,0,1,1,0,Low
2023,9,Wednesday,14,Sindh,Sukkur,Provincial Highway,Under Repair,Foggy,Dawn/Dusk,Motorcycle,2,Wrong Overtaking,0,0,0,0,11,1,High
2019,12,Friday,0,Punjab,Multan,Rural Road,Good,Clear,No Light,Motorcycle,1,Road Condition,0,0,1,1,1,0,Low
2019,5,Monday,22,Punjab,Faisalabad,National Highway,Good,Clear,No Light,Motorcycle,2,Over Speeding,0,0,1,0,4,1,High
2019,8,Friday,20,Punjab,Sheikhupura,Urban Road,Good,Foggy,Street Light,Car/Taxi,1,Over Speeding,1,0,0,0,4,0,Medium
2023,10,Wednesday,19,Islamabad,Islamabad,Urban Road,Poor,Clear,Dawn/Dusk,Motorcycle,3,Over Speeding,1,0,0,0,1,0,Medium
2020,7,Thursday,5,KPK,Swat,Provincial Highway,Average,Foggy,Dawn/Dusk,Car/Taxi,3,Driver Fatigue,0,0,1,0,4,1,Medium
2022,9,Wednesday,19,Punjab,Multan,Provincial Highway,Good,Clear,No Light,Car/Taxi,2,Mobile Phone Use,1,0,0,0,2,0,Low
2023,8,Sunday,17,Sindh,Kashmore,Provincial Highway,Poor,Clear,Daylight,Car/Taxi,1,Pedestrian Error,1,1,0,0,0,0,Low
2019,3,Sunday,9,Punjab,Gujranwala,Urban Road,Average,Foggy,Street Light,Car/Taxi,2,Over Speeding,1,1,0,0,1,0,Medium
2023,7,Sunday,11,Sindh,Thatta,Urban Road,Average,Foggy,Daylight,Car/Taxi,3,Mechanical Failure,0,1,0,0,2,0,Low
2023,4,Thursday,20,KPK,Charsadda,National Highway,Average,Dusty/Smoggy,Street Light,Motorcycle,1,Wrong Overtaking,1,0,0,0,11,1,High
2023,7,Thursday,19,Sindh,Mirpur Khas,Provincial Highway,Good,Foggy,Street Light,Car/Taxi,1,Over Speeding,1,0,0,0,4,1,High
2022,1,Friday,21,Punjab,Multan,National Highway,Good,Clear,No Light,Rickshaw,4,Wrong Overtaking,0,0,0,1,1,0,Medium
2022,10,Wednesday,13,Punjab,Sargodha,Urban Road,Good,Foggy,Daylight,Motorcycle,2,Wrong Overtaking,1,0,0,0,3,0,Medium
2021,5,Wednesday,8,Sindh,Kashmore,Urban Road,Good,Clear,Daylight,Truck/Lorry,3,Over Speeding,1,0,0,0,2,0,Medium
2022,3,Saturday,20,KPK,Abbottabad,Urban Road,Good,Rainy,No Light,Truck/Lorry,1,Wrong Overtaking,1,1,0,0,2,0,Low
2020,7,Wednesday,10,Sindh,Karachi,National Highway,Good,Clear,Daylight,Motorcycle,2,Signal Violation,0,0,0,0,7,1,High
2023,8,Sunday,9,Sindh,Sukkur,Provincial Highway,Poor,Clear,Daylight,Truck/Lorry,2,Signal Violation,1,1,0,0,2,0,Medium
2023,6,Saturday,19,KPK,Nowshera,Provincial Highway,Average,Rainy,No Light,Motorcycle,2,Mobile Phone Use,1,1,0,0,5,0,Medium
2023,9,Tuesday,18,Sindh,Nawabshah,Urban Road,Good,Clear,Daylight,Motorcycle,2,Pedestrian Error,1,0,0,0,1,0,Low
2018,10,Wednesday,5,AJK,Mirpur,Urban Road,Good,Clear,Street Light,Rickshaw,1,Mechanical Failure,0,0,1,0,1,0,Low
2020,10,Tuesday,4,Punjab,Lahore,Provincial Highway,Average,Clear,No Light,Motorcycle,1,Wrong Overtaking,0,0,1,0,7,1,High
2022,12,Sunday,21,Balochistan,Turbat,Rural Road,Average,Clear,Street Light,Motorcycle,2,Signal Violation,0,1,0,1,4,0,Medium
2023,9,Saturday,19,Punjab,Rawalpindi,National Highway,Good,Clear,Dawn/Dusk,Motorcycle,2,Over Speeding,1,1,0,0,6,4,High
2018,9,Tuesday,23,Sindh,Kashmore,Provincial Highway,Poor,Clear,Street Light,Car/Taxi,3,Signal Violation,0,0,1,0,0,0,Low
2023,11,Friday,20,Sindh,Kashmore,Rural Road,Poor,Clear,No Light,Truck/Lorry,1,Over Speeding,1,0,0,1,5,1,Medium
2019,7,Thursday,9,Punjab,Gujranwala,Rural Road,Good,Rainy,Daylight,Car/Taxi,1,Over Speeding,1,0,0,0,2,0,Low
2023,10,Thursday,2,Islamabad,Islamabad,Motorway,Good,Rainy,Street Light,Motorcycle,1,Over Speeding,0,0,1,0,7,3,High
2021,2,Saturday,13,Punjab,Sheikhupura,National Highway,Good,Rainy,Daylight,Car/Taxi,2,Pedestrian Error,1,1,0,1,1,0,Medium
2023,6,Tuesday,17,KPK,Charsadda,Rural Road,Good,Rainy,Daylight,Bus/Coach,1,Over Speeding,1,0,0,0,2,0,Medium
2021,7,Tuesday,9,KPK,Peshawar,Urban Road,Poor,Foggy,Street Light,Motorcycle,2,Over Speeding,1,0,0,0,3,0,Medium
2022,2,Friday,8,Punjab,Bahawalpur,Motorway,Under Repair,Rainy,Daylight,Bus/Coach,2,Mechanical Failure,1,0,0,1,4,0,Medium
2022,11,Sunday,17,AJK,Mirpur,Provincial Highway,Good,Rainy,Daylight,Motorcycle,2,Signal Violation,1,1,0,1,11,0,High
2023,11,Friday,21,Sindh,Larkana,Rural Road,Average,Clear,Street Light,Van/Pickup,2,Over Speeding,0,0,0,1,1,0,Low
2021,4,Sunday,13,Balochistan,Hub,Motorway,Average,Clear,Daylight,Motorcycle,2,Over Speeding,1,1,0,0,2,2,High
2022,4,Sunday,12,KPK,Kohat,National Highway,Good,Clear,Daylight,Motorcycle,2,Mechanical Failure,1,1,0,0,1,1,Medium
2022,5,Monday,17,Sindh,Sukkur,Urban Road,Under Repair,Dusty/Smoggy,Daylight,Bicycle,2,Mobile Phone Use,1,0,0,0,4,1,Medium
2023,4,Monday,20,Punjab,Bahawalpur,National Highway,Poor,Rainy,Street Light,Motorcycle,3,Signal Violation,1,0,0,0,11,0,High
2022,1,Friday,19,KPK,Abbottabad,Urban Road,Good,Extreme Heat,Dawn/Dusk,Van/Pickup,1,Drunk Driving,1,0,0,1,1,0,Low
2019,10,Monday,17,Punjab,Lahore,Provincial Highway,Poor,Extreme Heat,Daylight,Motorcycle,2,Over Speeding,1,0,0,0,9,2,High
2023,11,Sunday,15,Sindh,Mirpur Khas,National Highway,Average,Clear,No Light,Rickshaw,2,Signal Violation,0,1,0,1,0,0,Low
2021,9,Monday,16,Punjab,Bahawalpur,Rural Road,Good,Extreme Heat,Daylight,Rickshaw,1,Over Speeding,0,0,0,0,1,0,Low
2019,2,Thursday,14,Punjab,Sialkot,National Highway,Poor,Rainy,Dawn/Dusk,Motorcycle,3,Signal Violation,0,0,0,1,6,1,High
2020,6,Saturday,6,Punjab,Gujranwala,National Highway,Poor,Clear,Daylight,Motorcycle,3,Mechanical Failure,0,1,0,0,3,4,High
2020,1,Friday,7,Balochistan,Quetta,Rural Road,Average,Clear,Daylight,Motorcycle,1,Pedestrian Error,1,0,0,1,5,1,Medium
2018,7,Sunday,11,Sindh,Sukkur,Urban Road,Good,Clear,No Light,Van/Pickup,4,Driver Fatigue,0,1,0,0,5,1,Medium
2021,8,Wednesday,3,KPK,Abbottabad,Rural Road,Average,Clear,No Light,Motorcycle,3,Signal Violation,0,0,1,0,1,1,Medium
2021,12,Wednesday,23,Balochistan,Sibi,Provincial Highway,Average,Clear,No Light,Van/Pickup,1,Drunk Driving,0,0,1,1,4,0,Medium
2023,10,Thursday,9,KPK,Charsadda,Provincial Highway,Good,Clear,Daylight,Car/Taxi,1,Mechanical Failure,1,0,0,0,0,0,Low
2021,1,Sunday,19,Punjab,Sheikhupura,Urban Road,Good,Clear,Dawn/Dusk,Van/Pickup,2,Driver Fatigue,1,1,0,1,0,1,Low
2022,10,Monday,9,Sindh,Hyderabad,Provincial Highway,Poor,Rainy,No Light,Motorcycle,4,Signal Violation,1,0,0,0,5,0,Medium
2021,5,Friday,18,AJK,Muzaffarabad,Rural Road,Poor,Clear,Daylight,Car/Taxi,2,Road Condition,1,0,0,0,2,0,Low
2018,5,Wednesday,4,Punjab,Bahawalpur,Provincial Highway,Good,Rainy,Street Light,Car/Taxi,3,Drunk Driving,0,0,1,0,4,2,High
2018,7,Thursday,8,Sindh,Sukkur,Urban Road,Average,Dusty/Smoggy,Daylight,Motorcycle,4,Signal Violation,1,0,0,0,2,0,Low
2019,2,Sunday,18,Sindh,Thatta,National Highway,Good,Foggy,Daylight,Truck/Lorry,1,Over Speeding,1,1,0,1,11,2,High
2023,10,Tuesday,19,Punjab,Gujranwala,Provincial Highway,Poor,Clear,Street Light,Motorcycle,1,Road Condition,1,0,0,0,1,0,Medium
2020,6,Thursday,12,Islamabad,Islamabad,National Highway,Good,Clear,Daylight,Truck/Lorry,1,Over Speeding,1,0,0,0,10,1,High
2020,5,Sunday,5,Punjab,Rahim Yar Khan,Rural Road,Good,Clear,Dawn/Dusk,Motorcycle,2,Driver Fatigue,0,1,1,0,2,0,High
2023,6,Saturday,16,Punjab,Sheikhupura,Provincial Highway,Average,Rainy,No Light,Van/Pickup,2,Pedestrian Error,0,1,0,0,1,0,Low
2022,7,Wednesday,20,Islamabad,Islamabad,Provincial Highway,Under Repair,Clear,Street Light,Motorcycle,3,Driver Fatigue,1,0,0,0,11,2,High
2022,5,Tuesday,14,KPK,Mardan,National Highway,Under Repair,Clear,Daylight,Motorcycle,2,Over Speeding,0,0,0,0,2,2,High
2021,7,Wednesday,19,Punjab,Lahore,National Highway,Poor,Extreme Heat,Dawn/Dusk,Motorcycle,2,Wrong Overtaking,1,0,0,0,5,1,Medium
2020,6,Wednesday,12,Punjab,Faisalabad,Urban Road,Average,Clear,Street Light,Bus/Coach,1,Signal Violation,1,0,0,0,0,0,Low
2023,8,Sunday,21,Islamabad,Islamabad,Provincial Highway,Average,Dusty/Smoggy,Street Light,Motorcycle,2,Driver Fatigue,0,1,0,0,5,0,Medium