year,month,day_of_week,hour_of_day,province,district,road_type,road_condition,weather_condition,lighting_condition,vehicle_type,vehicles_involved,accident_cause,is_rush_hour,is_weekend,is_night,is_foggy_month,num_injured,num_killed,severity
2023,12,Sunday,8,Punjab,Faisalabad,Urban Road,Poor,Clear,Dawn/Dusk,Motorcycle,2,Pedestrian Error,1,1,0,1,1,0,Low
2019,2,Monday,21,Sindh,Nawabshah,Motorway,Average,Clear,Street Light,Motorcycle,2,Signal Violation,0,0,0,1,4,0,High
2020,11,Friday,21,Punjab,Sheikhupura,National Highway,Average,Dusty/Smoggy,Street Light,Motorcycle,1,Signal Violation,0,0,0,1,5,1,Medium
2021,4,Tuesday,13,Gilgit-Baltistan,Hunza,Provincial Highway,Under Repair,Rainy,Daylight,Bus/Coach,2,Over Speeding,1,0,0,0,3,0,High
2023,12,Sunday,9,KPK,Bannu,Provincial Highway,Average,Clear,Daylight,Car/Taxi,3,Over Speeding,1,1,0,1,3,0,Medium
2023,10,Saturday,18,Sindh,Nawabshah,Urban Road,Average,Clear,Daylight,Motorcycle,3,Over Speeding,1,1,0,0,4,1,Medium
2023,8,Friday,11,KPK,Abbottabad,National Highway,Average,Foggy,Daylight,Car/Taxi,2,Over Speeding,0,0,0,0,6,1,High
2020,8,Saturday,10,Balochistan,Gwadar,Provincial Highway,Average,Clear,Daylight,Car/Taxi,2,Signal Violation,0,1,0,0,2,0,Low
2019,5,Monday,7,Islamabad,Islamabad,Provincial Highway,Poor,Clear,Daylight,Motorcycle,3,Road Condition,1,0,0,0,0,0,Low
2019,9,Tuesday,19,KPK,Kohat,National Highway,Poor,Foggy,Dawn/Dusk,Motorcycle,1,Over Speeding,1,0,0,0,10,2,High
2022,12,Tuesday,23,Balochistan,Turbat,Rural Road,Good,Foggy,No Light,Car/Taxi,2,Mechanical Failure,0,0,1,1,1,0,Low
2021,7,Sunday,12,Punjab,Rahim Yar Khan,National Highway,Average,Dusty/Smoggy,Daylight,Car/Taxi,1,Signal Violation,1,1,0,0,4,0,Medium
2020,10,Monday,8,Punjab,Sheikhupura,National Highway,Average,Foggy,Daylight,Car/Taxi,1,Mechanical Failure,1,0,0,0,4,1,Medium
2019,11,Saturday,13,KPK,Peshawar,Provincial Highway,Poor,Extreme Heat,Daylight,Bicycle,2,Mechanical Failure,1,1,0,1,3,0,Medium
2020,2,Thursday,18,KPK,Peshawar,National Highway,Good,Clear,Daylight,Car/Taxi,3,Signal Violation,1,0,0,1,4,1,Medium
2022,9,Monday,11,Balochistan,Hub,National Highway,Average,Clear,Daylight,Bus/Coach,2,Road Condition,0,0,0,0,1,1,Low
2020,10,Monday,21,Punjab,Multan,Rural Road,Under Repair,Dusty/Smoggy,No Light,Car/Taxi,3,Mechanical Failure,0,0,0,0,2,0,Low
2023,7,Friday,3,KPK,Dera Ismail Khan,Rural Road,Good,Clear,No Light,Other,3,Road Condition,0,0,1,0,0,1,Low
2022,6,Friday,20,Sindh,Nawabshah,Urban Road,Poor,Clear,No Light,Motorcycle,3,Road Condition,1,0,0,0,1,0,Low
2018,9,Sunday,19,KPK,Dera Ismail Khan,Urban Road,Poor,Clear,Street Light,Car/Taxi,1,Wrong Overtaking,1,1,0,0,2,0,Low
2022,9,Thursday,10,Punjab,Sheikhupura,Urban Road,Average,Foggy,Daylight,Rickshaw,4,Driver Fatigue,0,0,0,0,5,0,Medium
2022,1,Thursday,17,KPK,Peshawar,Motorway,Good,Foggy,Daylight,Car/Taxi,2,Weather Condition,1,0,0,1,5,0,Medium
2022,4,Saturday,20,Punjab,Lahore,Urban Road,Good,Clear,No Light,Motorcycle,1,Road Condition,1,1,0,0,0,0,Low
2022,10,Saturday,7,KPK,Nowshera,National Highway,Good,Clear,Daylight,Truck/Lorry,2,Over Speeding,1,1,0,0,4,0,Medium
2021,9,Monday,5,Sindh,Sukkur,Rural Road,Poor,Clear,No Light,Motorcycle,2,Over Speeding,0,0,1,0,6,0,High
2021,1,Monday,19,Sindh,Kashmore,Provincial Highway,Poor,Clear,Dawn/Dusk,Car/Taxi,1,Signal Violation,1,0,0,1,0,0,Low
2022,6,Tuesday,4,KPK,Dera Ismail Khan,National Highway,Average,Dusty/Smoggy,No Light,Motorcycle,2,Weather Condition,0,0,1,0,1,2,Medium
2023,12,Sunday,18,Islamabad,Islamabad,Rural Road,Poor,Clear,Daylight,Motorcycle,2,Mobile Phone Use,1,1,0,1,0,0,Low
2021,5,Thursday,10,Punjab,Rahim Yar Khan,National Highway,Good,Extreme Heat,Daylight,Bus/Coach,2,Over Speeding,0,0,0,0,3,0,Medium
2023,7,Sunday,18,KPK,Abbottabad,Rural Road,Average,Rainy,Daylight,Motorcycle,3,Wrong Overtaking,1,1,0,0,4,0,Medium
2020,7,Monday,14,Punjab,Sheikhupura,Provincial Highway,Average,Clear,Daylight,Motorcycle,3,Over Speeding,0,0,0,0,3,0,Medium
2019,12,Sunday,12,Balochistan,Hub,Provincial Highway,Poor,Foggy,Daylight,Motorcycle,1,Road Condition,1,1,0,1,3,0,Medium
2023,5,Sunday,5,Sindh,Jacobabad,Urban Road,Good,Clear,No Light,Car/Taxi,3,Pedestrian Error,0,1,1,0,0,0,Low
2023,6,Thursday,22,Sindh,Nawabshah,Rural Road,Under Repair,Extreme Heat,No Light,Motorcycle,2,Over Speeding,0,0,1,0,3,0,Medium
2020,8,Wednesday,10,KPK,Peshawar,Provincial Highway,Poor,Clear,Daylight,Motorcycle,2,Wrong Overtaking,0,0,0,0,5,0,Medium
2020,1,Friday,11,Sindh,Larkana,Provincial Highway,Good,Dusty/Smoggy,Daylight,Car/Taxi,3,Driver Fatigue,0,0,0,1,1,0,Low
2020,5,Friday,16,Punjab,Bahawalpur,National Highway,Average,Foggy,Daylight,Bus/Coach,2,Pedestrian Error,0,0,0,0,2,2,Medium
2022,1,Saturday,8,Gilgit-Baltistan,Hunza,National Highway,Good,Clear,Daylight,Bus/Coach,1,Road Condition,1,1,0,1,2,0,Low
2023,9,Wednesday,11,Sindh,Mirpur Khas,Provincial Highway,Average,Rainy,Dawn/Dusk,Van/Pickup,2,Mechanical Failure,0,0,0,0,0,0,Low
2023,12,Monday,20,Sindh,Mirpur Khas,Urban Road,Under Repair,Clear,Street Light,Truck/Lorry,2,Over Speeding,1,0,0,1,1,0,Medium
2020,3,Sunday,22,Sindh,Dadu,Urban Road,Poor,Clear,No Light,Car/Taxi,3,Over Speeding,0,1,1,0,0,0,Low
2023,10,Thursday,17,Balochistan,Sibi,Urban Road,Average,Clear,Daylight,Car/Taxi,2,Weather Condition,1,0,0,0,0,0,Low
2021,3,Saturday,12,Punjab,Sialkot,National Highway,Average,Clear,Daylight,Motorcycle,2,Wrong Overtaking,1,1,0,0,7,2,High
2022,7,Saturday,22,Punjab,Sheikhupura,National Highway,Average,Foggy,No Light,Van/Pickup,2,Signal Violation,0,1,1,0,4,0,High
2022,7,Wednesday,8,Punjab,Sargodha,Provincial Highway,Good,Foggy,Daylight,Rickshaw,2,Signal Violation,1,0,0,0,1,0,Low
2021,2,Friday,7,Sindh,Nawabshah,Urban Road,Under Repair,Foggy,Daylight,Car/Taxi,1,Over Speeding,1,0,0,1,1,0,Low
2023,7,Thursday,14,Punjab,Faisalabad,Urban Road,Poor,Rainy,Daylight,Car/Taxi,2,Pedestrian Error,0,0,0,0,1,0,Low
2018,1,Wednesday,7,KPK,Abbottabad,Urban Road,Average,Rainy,Dawn/Dusk,Car/Taxi,1,Signal Violation,1,0,0,1,2,1,Medium
2021,8,Monday,20,Punjab,Sheikhupura,National Highway,Poor,Clear,No Light,Car/Taxi,1,Driver Fatigue,1,0,0,0,4,0,Medium
2020,1,Thursday,12,KPK,Peshawar,Provincial Highway,Average,Clear,Daylight,Rickshaw,2,Driver Fatigue,1,0,0,1,2,0,Low
2021,2,Saturday,10,KPK,Nowshera,Urban Road,Average,Extreme Heat,Daylight,Motorcycle,3,Mobile Phone Use,0,1,0,1,1,0,Medium
2023,10,Thursday,6,Punjab,Lahore,National Highway,Good,Clear,Daylight,Car/Taxi,1,Driver Fatigue,0,0,0,0,6,2,High
2018,4,Monday,18,Punjab,Rahim Yar Khan,Urban Road,Poor,Clear,Street Light,Motorcycle,4,Pedestrian Error,1,0,0,0,2,0,Low
2023,5,Thursday,18,KPK,Nowshera,National Highway,Average,Clear,Daylight,Motorcycle,2,Over Speeding,1,0,0,0,6,2,High
2022,4,Tuesday,8,KPK,Charsadda,Provincial Highway,Average,Foggy,Daylight,Car/Taxi,2,Over Speeding,1,0,0,0,4,2,High
2018,7,Thursday,10,KPK,Abbottabad,Provincial Highway,Poor,Foggy,Daylight,Van/Pickup,2,Pedestrian Error,0,0,0,0,2,0,Low
2021,12,Saturday,18,Punjab,Faisalabad,Provincial Highway,Poor,Rainy,Dawn/Dusk,Car/Taxi,2,Over Speeding,1,1,0,1,4,0,Medium
2022,6,Thursday,5,Islamabad,Islamabad,National Highway,Good,Clear,Daylight,Truck/Lorry,2,Over Speeding,0,0,1,0,5,0,High
2018,1,Friday,13,KPK,Kohat,National Highway,Good,Rainy,Daylight,Bicycle,1,Signal Violation,1,0,0,1,9,3,High
2021,7,Friday,12,Punjab,Rawalpindi,Urban Road,Poor,Foggy,Daylight,Car/Taxi,2,Over Speeding,1,0,0,0,2,0,Medium
2021,10,Sunday,10,Sindh,Kashmore,National Highway,Under Repair,Clear,Daylight,Motorcycle,3,Driver Fatigue,0,1,0,0,4,1,High
2021,3,Tuesday,12,KPK,Nowshera,National Highway,Average,Clear,Dawn/Dusk,Van/Pickup,1,Over Speeding,1,0,0,0,2,2,Medium
2021,12,Monday,20,Punjab,Rahim Yar Khan,Rural Road,Good,Clear,No Light,Bus/Coach,2,Driver Fatigue,1,0,0,1,2,0,Low
2022,1,Friday,12,Balochistan,Turbat,Rural Road,Good,Clear,Daylight,Motorcycle,2,Mechanical Failure,1,0,0,1,2,0,Low
2018,3,Thursday,9,KPK,Nowshera,Provincial Highway,Good,Rainy,Daylight,Bus/Coach,2,Mechanical Failure,1,0,0,0,1,1,Low
2019,12,Thursday,17,Punjab,Faisalabad,National Highway,Average,Clear,Daylight,Motorcycle,1,Wrong Overtaking,1,0,0,1,6,1,High
2019,2,Friday,13,Balochistan,Loralai,Urban Road,Average,Clear,Daylight,Motorcycle,2,Over Speeding,1,0,0,1,6,1,High
2020,2,Friday,17,Punjab,Sargodha,Provincial Highway,Average,Foggy,Dawn/Dusk,Motorcycle,4,Wrong Overtaking,1,0,0,1,1,0,Medium
2021,1,Tuesday,7,Sindh,Larkana,National Highway,Average,Clear,Dawn/Dusk,Bus/Coach,1,Over Speeding,1,0,0,1,5,4,High
2022,9,Friday,8,KPK,Dera Ismail Khan,Rural Road,Average,Dusty/Smoggy,Daylight,Bus/Coach,2,Pedestrian Error,1,0,0,0,2,1,Low
2023,8,Monday,13,Sindh,Sukkur,Urban Road,Under Repair,Rainy,Daylight,Car/Taxi,4,Signal Violation,1,0,0,0,2,0,Low
2019,7,Sunday,12,Sindh,Dadu,Urban Road,Good,Clear,Daylight,Van/Pickup,2,Over Speeding,1,1,0,0,1,0,Low
2022,5,Saturday,10,Punjab,Lahore,Urban Road,Poor,Clear,Daylight,Motorcycle,1,Mechanical Failure,0,1,0,0,1,0,Low
2020,10,Friday,21,Sindh,Larkana,National Highway,Poor,Foggy,No Light,Motorcycle,2,Mechanical Failure,0,0,0,0,10,1,High
2022,1,Saturday,19,Sindh,Kashmore,Provincial Highway,Good,Foggy,Street Light,Motorcycle,3,Mobile Phone Use,1,1,0,1,10,2,High
2023,8,Monday,13,Sindh,Larkana,National Highway,Average,Extreme Heat,Street Light,Motorcycle,1,Over Speeding,1,0,0,0,4,1,High
2019,12,Tuesday,4,Sindh,Thatta,National Highway,Poor,Rainy,Street Light,Car/Taxi,2,Wrong Overtaking,0,0,1,1,5,1,Medium
2019,1,Monday,21,Sindh,Larkana,Provincial Highway,Good,Clear,No Light,Car/Taxi,2,Mobile Phone Use,0,0,0,1,2,0,Low
2023,6,Friday,15,Sindh,Kashmore,Provincial Highway,Poor,Clear,No Light,Car/Taxi,1,Over Speeding,0,0,0,0,3,1,Medium
2018,10,Saturday,17,Sindh,Mirpur Khas,National Highway,Under Repair,Clear,Daylight,Motorcycle,3,Road Condition,1,1,0,0,4,0,Medium
2023,2,Sunday,12,Punjab,Multan,Urban Road,Good,Extreme Heat,Daylight,Bicycle,1,Driver Fatigue,1,1,0,1,1,0,Medium
2020,12,Wednesday,13,Punjab,Lahore,Motorway,Poor,Foggy,Daylight,Truck/Lorry,4,Signal Violation,1,0,0,1,6,1,High
2019,6,Sunday,8,Sindh,Thatta,Rural Road,Poor,Clear,Daylight,Van/Pickup,1,Mechanical Failure,1,1,0,0,1,0,Low
2023,3,Monday,12,Punjab,Faisalabad,Urban Road,Good,Clear,Dawn/Dusk,Car/Taxi,4,Road Condition,1,0,0,0,1,0,Low
2020,9,Friday,18,Punjab,Rahim Yar Khan,Rural Road,Average,Clear,Daylight,Bus/Coach,2,Wrong Overtaking,1,0,0,0,0,0,Low
2020,7,Friday,12,Punjab,Gujranwala,Provincial Highway,Poor,Extreme Heat,Daylight,Motorcycle,3,Mechanical Failure,1,0,0,0,5,0,Medium
2020,6,Wednesday,5,Punjab,Rahim Yar Khan,Rural Road,Good,Clear,Daylight,Car/Taxi,1,Drunk Driving,0,0,1,0,2,0,Low
2021,6,Tuesday,14,Punjab,Faisalabad,Rural Road,Average,Clear,Daylight,Car/Taxi,1,Drunk Driving,0,0,0,0,0,0,Low
2019,4,Saturday,8,Punjab,Gujranwala,Urban Road,Good,Foggy,Daylight,Rickshaw,4,Drunk Driving,1,1,0,0,0,1,Low
2019,10,Thursday,7,Punjab,Multan,Rural Road,Good,Foggy,Daylight,Truck/Lorry,2,Over Speeding,1,0,0,0,5,1,Medium
2018,8,Sunday,21,Punjab,Rahim Yar Khan,National Highway,Average,Clear,Street Light,Bus/Coach,2,Pedestrian Error,0,1,0,0,0,0,Low
2021,7,Monday,12,Punjab,Sialkot,National Highway,Average,Clear,Street Light,Motorcycle,2,Road Condition,1,0,0,0,2,0,Medium
2021,6,Tuesday,11,Punjab,Rawalpindi,Provincial Highway,Under Repair,Extreme Heat,Daylight,Car/Taxi,2,Mechanical Failure,0,0,0,0,0,0,Low
2022,8,Tuesday,20,KPK,Mansehra,Provincial Highway,Average,Clear,No Light,Motorcycle,1,Wrong Overtaking,1,0,0,0,10,0,High
2021,11,Friday,13,Punjab,Faisalabad,National Highway,Good,Clear,Daylight,Motorcycle,2,Wrong Overtaking,1,0,0,1,2,1,Medium
2022,10,Wednesday,6,Sindh,Sukkur,Provincial Highway,Poor,Clear,Street Light,Car/Taxi,2,Over Speeding,0,0,0,0,5,0,Medium
2019,10,Thursday,18,Punjab,Faisalabad,Motorway,Good,Rainy,Daylight,Motorcycle,1,Pedestrian Error,1,0,0,0,1,0,Medium
2018,9,Sunday,8,Punjab,Gujranwala,National Highway,Good,Clear,Daylight,Car/Taxi,2,Over Speeding,1,1,0,0,2,0,Medium
2020,5,Tuesday,18,Sindh,Mirpur Khas,National Highway,Under Repair,Rainy,Daylight,Motorcycle,2,Driver Fatigue,1,0,0,0,2,1,High
2021,7,Monday,5,Sindh,Thatta,National Highway,Average,Clear,Street Light,Motorcycle,2,Signal Violation,0,0,1,0,11,0,High
2023,6,Thursday,6,Punjab,Sialkot,Provincial Highway,Good,Clear,Daylight,Van/Pickup,2,Driver Fatigue,0,0,0,0,1,1,Medium
2020,4,Tuesday,10,Punjab,Sargodha,National Highway,Poor,Clear,Daylight,Rickshaw,2,Road Condition,0,0,0,0,2,1,Medium
2023,1,Wednesday,12,Punjab,Sheikhupura,Rural Road,Average,Clear,Daylight,Motorcycle,1,Mobile Phone Use,1,0,0,1,5,0,Medium
2023,10,Wednesday,9,KPK,Swat,National Highway,Good,Clear,Street Light,Bus/Coach,2,Driver Fatigue,1,0,0,0,9,0,High
2022,2,Monday,11,Punjab,Sialkot,National Highway,Poor,Clear,Dawn/Dusk,Car/Taxi,1,Signal Violation,0,0,0,1,1,0,Low
2023,1,Sunday,20,Punjab,Sargodha,Rural Road,Average,Clear,No Light,Car/Taxi,2,Over Speeding,1,1,0,1,2,0,Low
2019,4,Friday,13,KPK,Abbottabad,National Highway,Average,Foggy,Daylight,Motorcycle,1,Over Speeding,1,0,0,0,4,0,High
2020,3,Tuesday,14,Punjab,Bahawalpur,Rural Road,Good,Dusty/Smoggy,Daylight,Motorcycle,2,Signal Violation,0,0,0,0,1,0,Low
2020,11,Saturday,18,Punjab,Multan,Provincial Highway,Under Repair,Clear,Daylight,Motorcycle,2,Over Speeding,1,1,0,1,2,1,High
2019,6,Wednesday,9,Punjab,Multan,Provincial Highway,Good,Foggy,Daylight,Car/Taxi,2,Wrong Overtaking,1,0,0,0,4,0,Medium
2019,6,Wednesday,9,Punjab,Faisalabad,National Highway,Poor,Clear,Daylight,Motorcycle,2,Driver Fatigue,1,0,0,0,9,1,High
2023,1,Tuesday,8,Punjab,Sheikhupura,Rural Road,Under Repair,Clear,Daylight,Motorcycle,1,Mechanical Failure,1,0,0,1,1,0,Low
2021,11,Thursday,12,Islamabad,Islamabad,National Highway,Average,Foggy,Daylight,Motorcycle,2,Drunk Driving,1,0,0,1,8,0,High
2022,12,Wednesday,16,Balochistan,Sibi,Urban Road,Average,Clear,Daylight,Motorcycle,3,Road Condition,0,0,0,1,3,1,Medium
2018,6,Friday,19,Punjab,Rahim Yar Khan,Provincial Highway,Poor,Clear,Street Light,Motorcycle,3,Over Speeding,1,0,0,0,11,2,High
2023,6,Monday,20,Sindh,Kashmore,Provincial Highway,Good,Dusty/Smoggy,Street Light,Car/Taxi,3,Wrong Overtaking,1,0,0,0,1,0,Medium
2023,1,Wednesday,18,Sindh,Mirpur Khas,Urban Road,Good,Dusty/Smoggy,Street Light,Motorcycle,4,Signal Violation,1,0,0,1,5,0,Medium
2023,8,Friday,18,Sindh,Thatta,National Highway,Average,Clear,Daylight,Motorcycle,1,Over Speeding,1,0,0,0,5,1,High
2020,6,Friday,7,KPK,Charsadda,National Highway,Good,Clear,Daylight,Car/Taxi,1,Wrong Overtaking,1,0,0,0,4,0,Medium
2023,7,Wednesday,16,Sindh,Karachi,National Highway,Poor,Clear,Daylight,Van/Pickup,2,Over Speeding,0,0,0,0,2,2,High
2018,2,Tuesday,22,Punjab,Rawalpindi,Rural Road,Good,Clear,Street Light,Motorcycle,3,Mobile Phone Use,0,0,1,1,1,1,Medium
2019,1,Monday,18,Punjab,Faisalabad,Rural Road,Average,Dusty/Smoggy,Daylight,Motorcycle,2,Pedestrian Error,1,0,0,1,0,0,Low
2019,9,Friday,9,Balochistan,Hub,Urban Road,Average,Clear,No Light,Motorcycle,1,Mechanical Failure,1,0,0,0,2,0,Low
2021,10,Sunday,9,Punjab,Rawalpindi,National Highway,Good,Clear,Daylight,Motorcycle,1,Over Speeding,1,1,0,0,3,3,High
2021,6,Sunday,16,Balochistan,Loralai,Provincial Highway,Average,Extreme Heat,Daylight,Car/Taxi,2,Signal Violation,0,1,0,0,0,0,Low
2023,6,Saturday,20,KPK,Mardan,Provincial Highway,Poor,Clear,No Light,Motorcycle,1,Driver Fatigue,1,1,0,0,4,0,Medium
2023,3,Thursday,17,Punjab,Rawalpindi,Provincial Highway,Good,Foggy,Daylight,Car/Taxi,2,Mobile Phone Use,1,0,0,0,1,0,Low
2023,8,Thursday,13,Punjab,Sargodha,Provincial Highway,Poor,Extreme Heat,Daylight,Bus/Coach,1,Over Speeding,1,0,0,0,3,0,Medium
2023,5,Thursday,13,Punjab,Rawalpindi,National Highway,Poor,Clear,Street Light,Truck/Lorry,2,Drunk Driving,1,0,0,0,7,3,High
2021,8,Saturday,13,Sindh,Sukkur,Provincial Highway,Poor,Clear,Street Light,Motorcycle,1,Over Speeding,1,1,0,0,2,0,Medium
2021,7,Saturday,9,Sindh,Mirpur Khas,National Highway,Average,Clear,Daylight,Motorcycle,2,Over Speeding,1,1,0,0,6,1,High
2023,5,Saturday,11,KPK,Peshawar,Provincial Highway,Poor,Foggy,Daylight,Bus/Coach,2,Wrong Overtaking,0,1,0,0,1,0,Medium
2020,11,Thursday,20,Sindh,Sukkur,Rural Road,Poor,Clear,No Light,Truck/Lorry,2,Over Speeding,1,0,0,1,1,0,Medium
2023,5,Sunday,8,Punjab,Faisalabad,Rural Road,Under Repair,Clear,Daylight,Motorcycle,2,Drunk Driving,1,1,0,0,6,0,High
2023,5,Tuesday,23,KPK,Mardan,Provincial Highway,Poor,Dusty/Smoggy,No Light,Car/Taxi,1,Over Speeding,0,0,1,0,6,1,High
2020,4,Saturday,9,Islamabad,Islamabad,Provincial Highway,Average,Foggy,Daylight,Rickshaw,4,Over Speeding,1,1,0,0,3,1,High
2022,9,Monday,15,Balochistan,Khuzdar,Provincial Highway,Good,Rainy,Street Light,Car/Taxi,1,Mechanical Failure,0,0,0,0,2,0,Medium
2022,8,Thursday,10,Sindh,Hyderabad,National Highway,Good,Foggy,Street Light,Car/Taxi,3,Wrong Overtaking,0,0,0,0,4,1,Medium
2019,12,Thursday,14,Punjab,Rawalpindi,National Highway,Good,Clear,Street Light,Car/Taxi,3,Wrong Overtaking,0,0,0,1,5,1,Medium
2019,10,Tuesday,8,Punjab,Gujranwala,Motorway,Average,Clear,Street Light,Motorcycle,4,Mechanical Failure,1,0,0,0,2,0,Medium
2023,6,Tuesday,11,Punjab,Rahim Yar Khan,National Highway,Poor,Clear,Daylight,Truck/Lorry,3,Driver Fatigue,0,0,0,0,4,1,Medium
2023,7,Monday,18,KPK,Dera Ismail Khan,Provincial Highway,Good,Clear,Street Light,Car/Taxi,3,Wrong Overtaking,1,0,0,0,1,0,Low
2022,5,Sunday,12,Sindh,Jacobabad,Provincial Highway,Poor,Extreme Heat,Daylight,Motorcycle,2,Over Speeding,1,1,0,0,4,1,High
2023,12,Wednesday,1,Sindh,Larkana,National Highway,Good,Dusty/Smoggy,No Light,Bus/Coach,2,Signal Violation,0,0,1,1,7,3,High
2022,7,Wednesday,7,Balochistan,Loralai,Urban Road,Poor,Clear,Daylight,Motorcycle,3,Over Speeding,1,0,0,0,7,1,High
2019,7,Monday,9,Punjab,Gujranwala,Provincial Highway,Good,Clear,Daylight,Bus/Coach,1,Over Speeding,1,0,0,0,4,0,Medium
2023,10,Saturday,5,Islamabad,Islamabad,Rural Road,Good,Clear,Street Light,Rickshaw,1,Wrong Overtaking,0,1,1,0,0,0,Low
2023,1,Wednesday,13,Punjab,Sheikhupura,Urban Road,Good,Clear,Daylight,Motorcycle,2,Wrong Overtaking,1,0,0,1,1,0,Low
2022,12,Wednesday,16,Punjab,Multan,Provincial Highway,Good,Clear,Daylight,Car/Taxi,2,Signal Violation,0,0,0,1,1,0,Low
2023,6,Tuesday,8,KPK,Abbottabad,Provincial Highway,Average,Clear,Daylight,Rickshaw,3,Wrong Overtaking,1,0,0,0,2,0,Low
2018,3,Saturday,21,Islamabad,Islamabad,National Highway,Poor,Dusty/Smoggy,No Light,Car/Taxi,1,Wrong Overtaking,0,1,0,0,2,0,Medium
2021,12,Saturday,18,KPK,Mardan,Provincial Highway,Poor,Clear,Daylight,Motorcycle,2,Driver Fatigue,1,1,0,1,5,1,Medium
2023,8,Sunday,18,KPK,Dera Ismail Khan,Rural Road,Good,Clear,Street Light,Motorcycle,1,Pedestrian Error,1,1,0,0,0,0,Low
2021,4,Friday,20,Balochistan,Gwadar,Provincial Highway,Average,Clear,Street Light,Motorcycle,4,Over Speeding,1,0,0,0,8,3,High
2020,1,Saturday,12,Sindh,Hyderabad,Urban Road,Average,Extreme Heat,Dawn/Dusk,Motorcycle,3,Road Condition,1,1,0,1,2,0,Low
2022,3,Monday,15,KPK,Swat,Provincial Highway,Poor,Clear,Daylight,Other,2,Drunk Driving,0,0,0,0,2,0,Medium
2018,11,Sunday,9,Punjab,Rawalpindi,Provincial Highway,Average,Clear,Daylight,Motorcycle,1,Drunk Driving,1,1,0,1,5,0,Medium
2023,2,Tuesday,17,Punjab,Sheikhupura,National Highway,Good,Clear,Daylight,Rickshaw,1,Wrong Overtaking,1,0,0,1,2,0,Low
2022,11,Wednesday,16,Sindh,Mirpur Khas,National Highway,Average,Clear,Daylight,Bus/Coach,1,Drunk Driving,0,0,0,1,6,2,High
2022,12,Wednesday,1,KPK,Abbottabad,National Highway,Good,Clear,Street Light,Motorcycle,3,Wrong Overtaking,0,0,1,1,2,2,High
2021,2,Saturday,6,Punjab,Sargodha,Rural Road,Average,Foggy,Daylight,Motorcycle,1,Signal Violation,0,1,0,1,9,1,High
2022,10,Monday,10,Punjab,Faisalabad,National Highway,Average,Foggy,Daylight,Motorcycle,2,Road Condition,0,0,0,0,2,0,Medium
2019,12,Saturday,15,Islamabad,Islamabad,Motorway,Good,Foggy,Daylight,Bicycle,2,Wrong Overtaking,0,1,0,1,11,2,High
2023,5,Wednesday,13,Sindh,Kashmore,Urban Road,Good,Foggy,Daylight,Truck/Lorry,3,Pedestrian Error,1,0,0,0,2,0,Low
2020,3,Sunday,1,AJK,Mirpur,National Highway,Poor,Foggy,Street Light,Motorcycle,2,Weather Condition,0,1,1,0,6,2,High
2023,11,Saturday,11,Balochistan,Quetta,Provincial Highway,Average,Dusty/Smoggy,Daylight,Motorcycle,2,Wrong Overtaking,0,1,0,1,7,0,High
2020,2,Friday,20,Sindh,Thatta,Rural Road,Good,Rainy,Street Light,Car/Taxi,4,Mechanical Failure,1,0,0,1,2,0,Low
2023,2,Friday,17,Punjab,Sialkot,National Highway,Good,Rainy,Daylight,Rickshaw,2,Pedestrian Error,1,0,0,1,1,1,Low
2021,7,Thursday,19,Punjab,Bahawalpur,National Highway,Good,Dusty/Smoggy,No Light,Motorcycle,1,Signal Violation,1,0,0,0,1,0,Medium
2021,4,Thursday,23,Punjab,Multan,National Highway,Good,Extreme Heat,No Light,Motorcycle,1,Signal Violation,0,0,1,0,5,1,High
2022,7,Saturday,9,Sindh,Sukkur,Provincial Highway,Average,Foggy,Daylight,Motorcycle,3,Road Condition,1,1,0,0,5,0,Medium
2023,9,Thursday,20,Punjab,Rahim Yar Khan,National Highway,Good,Rainy,Street Light,Motorcycle,3,Over Speeding,1,0,0,0,4,3,High
2022,3,Saturday,11,KPK,Swat,National Highway,Under Repair,Clear,Dawn/Dusk,Car/Taxi,2,Wrong Overtaking,0,1,0,0,1,0,Low
2021,1,Thursday,9,KPK,Nowshera,Motorway,Good,Clear,Daylight,Car/Taxi,1,Drunk Driving,1,0,0,1,8,1,High
2022,6,Saturday,20,Punjab,Sialkot,Urban Road,Average,Clear,Street Light,Car/Taxi,4,Mechanical Failure,1,1,0,0,0,0,Low
2023,6,Sunday,8,KPK,Bannu,National Highway,Average,Clear,Street Light,Van/Pickup,1,Wrong Overtaking,1,1,0,0,4,0,Medium
2018,1,Saturday,18,Punjab,Sargodha,National Highway,Poor,Extreme Heat,Daylight,Motorcycle,1,Road Condition,1,1,0,1,2,0,Medium
2023,4,Monday,1,Punjab,Rawalpindi,Provincial Highway,Poor,Foggy,No Light,Motorcycle,2,Over Speeding,0,0,1,0,2,2,High
2019,8,Tuesday,21,Punjab,Rahim Yar Khan,Provincial Highway,Poor,Clear,No Light,Motorcycle,1,Wrong Overtaking,0,0,0,0,6,1,High
2018,12,Sunday,17,Punjab,Gujranwala,Urban Road,Average,Foggy,Daylight,Car/Taxi,3,Mechanical Failure,1,1,0,1,0,0,Low
2022,5,Tuesday,9,KPK,Charsadda,Urban Road,Average,Foggy,Daylight,Motorcycle,2,Signal Violation,1,0,0,0,4,2,High