year,month,day_of_week,hour_of_day,province,district,road_type,road_condition,weather_condition,lighting_condition,vehicle_type,vehicles_involved,accident_cause,is_rush_hour,is_weekend,is_night,is_foggy_month,num_injured,num_killed,severity
2020,1,Monday,18,Sindh,Mirpur Khas,Provincial Highway,Good,Foggy,Daylight,Truck/Lorry,1,Wrong Overtaking,1,0,0,1,2,2,High
2021,12,Thursday,17,Sindh,Mirpur Khas,Urban Road,Poor,Clear,Daylight,Truck/Lorry,4,Signal Violation,1,0,0,1,2,0,Medium
2022,6,Wednesday,21,KPK,Abbottabad,Provincial Highway,Poor,Clear,Street Light,Rickshaw,1,Over Speeding,0,0,0,0,0,0,Low
2023,7,Thursday,11,Sindh,Larkana,Provincial Highway,Good,Clear,Street Light,Motorcycle,1,Over Speeding,0,0,0,0,11,1,High
2018,5,Saturday,17,Sindh,Dadu,National Highway,Average,Dusty/Smoggy,Daylight,Motorcycle,1,Over Speeding,1,1,0,0,10,2,High
2019,7,Saturday,15,Balochistan,Sibi,National Highway,Good,Clear,Daylight,Car/Taxi,2,Road Condition,0,1,0,0,1,0,Low
2023,7,Saturday,11,Sindh,Sukkur,Provincial Highway,Average,Rainy,Daylight,Van/Pickup,1,Mechanical Failure,0,1,0,0,0,0,Low
2023,8,Saturday,22,KPK,Kohat,Rural Road,Good,Clear,No Light,Motorcycle,4,Signal Violation,0,1,1,0,4,0,High
2023,6,Monday,21,KPK,Charsadda,Urban Road,Good,Foggy,Street Light,Truck/Lorry,3,Wrong Overtaking,0,0,0,0,2,2,Medium
2022,4,Monday,20,Punjab,Gujranwala,Rural Road,Average,Clear,Street Light,Rickshaw,2,Over Speeding,1,0,0,0,0,0,Low
2018,7,Monday,22,Sindh,Jacobabad,National Highway,Good,Clear,Street Light,Motorcycle,1,Wrong Overtaking,0,0,1,0,11,1,High
2023,1,Thursday,0,KPK,Dera Ismail Khan,Urban Road,Good,Rainy,No Light,Van/Pickup,2,Mechanical Failure,0,0,1,1,2,1,Medium
2020,4,Friday,12,KPK,Abbottabad,Provincial Highway,Under Repair,Rainy,Daylight,Motorcycle,2,Over Speeding,1,0,0,0,7,2,High
2022,6,Friday,9,Punjab,Faisalabad,Provincial Highway,Good,Clear,Dawn/Dusk,Motorcycle,2,Signal Violation,1,0,0,0,5,2,High
2019,4,Wednesday,22,Punjab,Faisalabad,Provincial Highway,Good,Clear,No Light,Car/Taxi,1,Over Speeding,0,0,1,0,1,0,Medium
2021,6,Sunday,16,Sindh,Dadu,National Highway,Average,Foggy,Daylight,Rickshaw,2,Signal Violation,0,1,0,0,4,0,Medium
2022,3,Thursday,1,Punjab,Lahore,Provincial Highway,Average,Clear,Street Light,Rickshaw,2,Over Speeding,0,0,1,0,8,3,High
2021,5,Wednesday,18,Punjab,Lahore,Provincial Highway,Average,Clear,Daylight,Motorcycle,1,Pedestrian Error,1,0,0,0,3,0,Medium
2020,4,Friday,14,Punjab,Faisalabad,National Highway,Average,Clear,Daylight,Car/Taxi,2,Over Speeding,0,0,0,0,5,1,Medium
2022,6,Wednesday,19,Punjab,Sialkot,Provincial Highway,Good,Rainy,Dawn/Dusk,Rickshaw,4,Pedestrian Error,1,0,0,0,1,0,Medium
2019,6,Monday,20,Punjab,Sialkot,National Highway,Poor,Foggy,Street Light,Motorcycle,2,Driver Fatigue,1,0,0,0,9,2,High
2020,3,Monday,18,KPK,Mansehra,National Highway,Poor,Clear,Daylight,Car/Taxi,1,Driver Fatigue,1,0,0,0,3,1,Medium
2023,1,Monday,6,Punjab,Sialkot,National Highway,Good,Clear,Daylight,Motorcycle,1,Wrong Overtaking,0,0,0,1,3,2,High
2019,6,Saturday,12,Sindh,Nawabshah,Provincial Highway,Good,Clear,Daylight,Car/Taxi,2,Road Condition,1,1,0,0,2,0,Low
2022,7,Friday,20,Sindh,Thatta,National Highway,Good,Clear,No Light,Motorcycle,3,Over Speeding,1,0,0,0,7,3,High
2021,12,Sunday,16,KPK,Mansehra,Urban Road,Average,Rainy,Daylight,Rickshaw,3,Over Speeding,0,1,0,1,5,1,Medium
2022,11,Monday,17,Punjab,Sheikhupura,National Highway,Average,Clear,Street Light,Truck/Lorry,1,Signal Violation,1,0,0,1,11,1,High
2020,7,Tuesday,8,Punjab,Gujranwala,Urban Road,Good,Clear,Street Light,Car/Taxi,2,Signal Violation,1,0,0,0,0,0,Low
2018,12,Sunday,11,Balochistan,Gwadar,Motorway,Good,Clear,Daylight,Motorcycle,2,Driver Fatigue,0,1,0,1,10,0,High
2022,2,Tuesday,8,KPK,Peshawar,Urban Road,Good,Clear,Daylight,Car/Taxi,2,Wrong Overtaking,1,0,0,1,0,0,Low
2023,1,Sunday,7,Sindh,Hyderabad,National Highway,Good,Clear,Daylight,Car/Taxi,2,Driver Fatigue,1,1,0,1,3,2,Medium
2020,11,Saturday,18,Punjab,Multan,Provincial Highway,Average,Extreme Heat,Daylight,Motorcycle,2,Driver Fatigue,1,1,0,1,5,0,High
2023,3,Friday,7,Punjab,Sheikhupura,National Highway,Average,Dusty/Smoggy,Daylight,Motorcycle,2,Pedestrian Error,1,0,0,0,1,0,Medium
2018,4,Sunday,7,Punjab,Multan,Urban Road,Under Repair,Clear,Daylight,Bus/Coach,2,Driver Fatigue,1,1,0,0,1,1,Medium
2022,7,Saturday,11,Punjab,Bahawalpur,Provincial Highway,Good,Extreme Heat,Dawn/Dusk,Rickshaw,3,Wrong Overtaking,0,1,0,0,2,1,Medium
2022,12,Friday,6,Punjab,Faisalabad,Provincial Highway,Under Repair,Clear,Street Light,Van/Pickup,2,Mobile Phone Use,0,0,0,1,0,0,Low
2023,11,Monday,7,Punjab,Lahore,National Highway,Average,Clear,Daylight,Motorcycle,3,Over Speeding,1,0,0,1,6,2,High
2022,10,Monday,18,Punjab,Sheikhupura,National Highway,Good,Clear,Daylight,Car/Taxi,1,Mechanical Failure,1,0,0,0,2,0,Low
2021,11,Thursday,21,KPK,Dera Ismail Khan,Motorway,Good,Clear,No Light,Rickshaw,2,Over Speeding,0,0,0,1,3,0,Medium
2022,6,Tuesday,12,KPK,Mansehra,National Highway,Good,Clear,Daylight,Motorcycle,1,Drunk Driving,1,0,0,0,9,1,High
2019,4,Tuesday,14,Punjab,Rahim Yar Khan,Motorway,Poor,Clear,Daylight,Motorcycle,2,Over Speeding,0,0,0,0,4,4,High
2019,7,Thursday,17,AJK,Muzaffarabad,Motorway,Poor,Clear,Daylight,Rickshaw,2,Over Speeding,1,0,0,0,4,0,Medium
2020,3,Monday,3,KPK,Abbottabad,Provincial Highway,Good,Clear,No Light,Car/Taxi,3,Driver Fatigue,0,0,1,0,7,1,High
2023,3,Friday,16,Punjab,Sheikhupura,National Highway,Average,Clear,Daylight,Car/Taxi,3,Over Speeding,0,0,0,0,10,2,High
2020,5,Sunday,19,Punjab,Faisalabad,Urban Road,Average,Clear,Dawn/Dusk,Bicycle,2,Over Speeding,1,1,0,0,5,0,Medium
2020,6,Saturday,19,Punjab,Rahim Yar Khan,Provincial Highway,Poor,Dusty/Smoggy,No Light,Car/Taxi,2,Over Speeding,1,1,0,0,2,0,Low
2022,1,Friday,16,KPK,Charsadda,Provincial Highway,Good,Rainy,Daylight,Motorcycle,4,Wrong Overtaking,0,0,0,1,2,2,High
2021,1,Monday,9,Punjab,Multan,Urban Road,Poor,Clear,Daylight,Truck/Lorry,2,Over Speeding,1,0,0,1,1,0,Medium
2022,10,Monday,7,Punjab,Sargodha,National Highway,Average,Clear,Daylight,Car/Taxi,2,Wrong Overtaking,1,0,0,0,0,0,Low
2022,8,Thursday,20,Sindh,Thatta,Rural Road,Poor,Clear,No Light,Car/Taxi,3,Signal Violation,1,0,0,0,1,0,Low
2022,1,Saturday,6,KPK,Peshawar,Urban Road,Poor,Clear,Daylight,Rickshaw,2,Road Condition,0,1,0,1,1,0,Low
2021,5,Thursday,7,Punjab,Rahim Yar Khan,National Highway,Average,Clear,Daylight,Bus/Coach,2,Signal Violation,1,0,0,0,10,0,High
2023,10,Monday,11,Sindh,Karachi,National Highway,Average,Clear,Daylight,Car/Taxi,3,Road Condition,0,0,0,0,0,1,Low
2019,2,Tuesday,5,Punjab,Sheikhupura,Urban Road,Average,Clear,Street Light,Truck/Lorry,1,Driver Fatigue,0,0,1,1,1,0,Medium
2018,10,Friday,12,Sindh,Dadu,Urban Road,Good,Clear,Daylight,Bicycle,4,Over Speeding,1,0,0,0,3,0,Medium
2020,10,Wednesday,8,Punjab,Rahim Yar Khan,Provincial Highway,Poor,Rainy,Daylight,Car/Taxi,3,Mobile Phone Use,1,0,0,0,1,0,Low
2022,12,Saturday,16,Sindh,Karachi,National Highway,Poor,Extreme Heat,Daylight,Motorcycle,2,Over Speeding,0,1,0,1,2,0,High
2023,4,Sunday,9,Sindh,Mirpur Khas,National Highway,Good,Clear,Daylight,Car/Taxi,2,Wrong Overtaking,1,1,0,0,1,0,Medium
2020,12,Wednesday,21,Punjab,Multan,Provincial Highway,Average,Clear,Street Light,Motorcycle,3,Over Speeding,0,0,0,1,4,0,Medium
2023,8,Friday,12,Punjab,Rahim Yar Khan,Urban Road,Poor,Clear,Street Light,Motorcycle,1,Driver Fatigue,1,0,0,0,3,0,Medium
2023,4,Friday,14,Punjab,Multan,National Highway,Average,Clear,Street Light,Motorcycle,1,Over Speeding,0,0,0,0,3,2,High
2020,5,Monday,19,Punjab,Faisalabad,Urban Road,Poor,Dusty/Smoggy,Street Light,Car/Taxi,1,Driver Fatigue,1,0,0,0,3,0,Medium
2020,11,Saturday,21,Punjab,Gujranwala,Provincial Highway,Poor,Clear,Street Light,Motorcycle,3,Wrong Overtaking,0,1,0,1,5,0,Medium
2021,5,Wednesday,17,Punjab,Faisalabad,Motorway,Under Repair,Rainy,Daylight,Motorcycle,2,Over Speeding,1,0,0,0,2,0,High
2023,8,Thursday,13,Punjab,Rawalpindi,Rural Road,Poor,Clear,No Light,Car/Taxi,1,Mechanical Failure,1,0,0,0,2,0,Low
2018,2,Friday,8,Punjab,Bahawalpur,Provincial Highway,Poor,Rainy,Daylight,Motorcycle,1,Mechanical Failure,1,0,0,1,5,0,Medium
2022,4,Friday,13,Balochistan,Sibi,National Highway,Good,Clear,Street Light,Motorcycle,3,Signal Violation,1,0,0,0,10,3,High
2020,2,Tuesday,23,Balochistan,Sibi,Urban Road,Good,Clear,No Light,Rickshaw,3,Mechanical Failure,0,0,1,1,1,0,Low
2022,6,Friday,3,Punjab,Sargodha,Urban Road,Good,Clear,Street Light,Truck/Lorry,2,Mechanical Failure,0,0,1,0,1,0,Low
2022,7,Tuesday,8,Sindh,Larkana,Provincial Highway,Average,Clear,Daylight,Motorcycle,1,Road Condition,1,0,0,0,4,0,Medium
2019,9,Saturday,17,Islamabad,Islamabad,Provincial Highway,Poor,Clear,Daylight,Motorcycle,2,Over Speeding,1,1,0,0,3,1,High
2020,6,Tuesday,13,Sindh,Dadu,Urban Road,Good,Clear,Daylight,Motorcycle,3,Mechanical Failure,1,0,0,0,2,0,Low
2020,5,Thursday,16,Balochistan,Quetta,Provincial Highway,Average,Clear,Daylight,Truck/Lorry,4,Mechanical Failure,0,0,0,0,0,0,Low
2020,12,Friday,15,KPK,Mardan,Provincial Highway,Average,Clear,Dawn/Dusk,Rickshaw,1,Over Speeding,0,0,0,1,3,1,Medium
2019,7,Tuesday,2,Islamabad,Islamabad,Rural Road,Good,Dusty/Smoggy,Street Light,Rickshaw,2,Road Condition,0,0,1,0,2,0,Low
2021,12,Sunday,19,Punjab,Rahim Yar Khan,National Highway,Good,Clear,Dawn/Dusk,Motorcycle,1,Over Speeding,1,1,0,1,5,2,High
2022,3,Monday,0,Punjab,Gujranwala,Urban Road,Good,Clear,Street Light,Rickshaw,2,Mobile Phone Use,0,0,1,0,1,0,Low
2018,8,Friday,11,Punjab,Gujranwala,Rural Road,Average,Clear,Daylight,Motorcycle,3,Over Speeding,0,0,0,0,1,1,Medium
2022,12,Friday,5,Sindh,Mirpur Khas,Rural Road,Poor,Rainy,Daylight,Motorcycle,1,Over Speeding,0,0,1,1,8,2,High
2023,5,Saturday,10,Sindh,Thatta,Urban Road,Average,Clear,Daylight,Bus/Coach,2,Signal Violation,0,1,0,0,3,0,Medium
2023,10,Monday,5,Punjab,Rahim Yar Khan,National Highway,Good,Clear,No Light,Motorcycle,3,Over Speeding,0,0,1,0,5,1,High
2021,1,Saturday,5,Punjab,Faisalabad,National Highway,Average,Rainy,Dawn/Dusk,Motorcycle,3,Signal Violation,0,1,1,1,3,1,High
2020,12,Friday,14,KPK,Dera Ismail Khan,Urban Road,Good,Clear,Daylight,Motorcycle,2,Signal Violation,0,0,0,1,1,0,Medium
2020,11,Monday,12,Punjab,Sheikhupura,Provincial Highway,Good,Clear,Dawn/Dusk,Motorcycle,2,Wrong Overtaking,1,0,0,1,2,2,High
2023,12,Wednesday,16,Sindh,Mirpur Khas,National Highway,Good,Rainy,Daylight,Motorcycle,1,Wrong Overtaking,0,0,0,1,11,2,High
2022,1,Saturday,19,KPK,Nowshera,National Highway,Average,Clear,No Light,Truck/Lorry,2,Over Speeding,1,1,0,1,3,3,High
2020,4,Tuesday,18,Sindh,Dadu,Provincial Highway,Average,Clear,Daylight,Other,2,Pedestrian Error,1,0,0,0,0,0,Low
2019,2,Saturday,18,Punjab,Gujranwala,Urban Road,Average,Clear,Daylight,Truck/Lorry,2,Mechanical Failure,1,1,0,1,1,0,Low
2018,10,Saturday,21,Balochistan,Gwadar,Rural Road,Under Repair,Extreme Heat,Street Light,Truck/Lorry,2,Over Speeding,0,1,0,0,2,0,Medium
2021,10,Tuesday,17,Punjab,Sheikhupura,Provincial Highway,Average,Rainy,Street Light,Bus/Coach,1,Mechanical Failure,1,0,0,0,1,0,Low
2019,1,Sunday,19,KPK,Charsadda,Urban Road,Good,Clear,No Light,Motorcycle,2,Signal Violation,1,1,0,1,1,0,Low
2023,7,Thursday,13,KPK,Abbottabad,National Highway,Poor,Dusty/Smoggy,Dawn/Dusk,Car/Taxi,1,Over Speeding,1,0,0,0,3,2,High
2023,5,Saturday,21,Sindh,Larkana,Provincial Highway,Good,Clear,No Light,Other,2,Road Condition,0,1,0,0,1,0,Low
2021,7,Sunday,22,Sindh,Dadu,Urban Road,Good,Clear,No Light,Car/Taxi,3,Mobile Phone Use,0,1,1,0,1,0,Low
2022,3,Tuesday,2,Punjab,Lahore,Provincial Highway,Poor,Foggy,No Light,Motorcycle,1,Mechanical Failure,0,0,1,0,2,0,Medium
2022,7,Friday,16,Balochistan,Loralai,Provincial Highway,Good,Clear,Dawn/Dusk,Truck/Lorry,1,Over Speeding,0,0,0,0,4,0,Medium
2021,7,Tuesday,22,Punjab,Rahim Yar Khan,Urban Road,Good,Rainy,No Light,Motorcycle,3,Over Speeding,0,0,1,0,5,1,High
2023,7,Saturday,19,Sindh,Sukkur,Urban Road,Poor,Foggy,Dawn/Dusk,Car/Taxi,2,Signal Violation,1,1,0,0,1,1,Low
2019,12,Sunday,8,Punjab,Rahim Yar Khan,Rural Road,Poor,Clear,Daylight,Van/Pickup,2,Driver Fatigue,1,1,0,1,0,0,Low
2019,5,Monday,16,Islamabad,Islamabad,Urban Road,Good,Clear,No Light,Car/Taxi,3,Wrong Overtaking,0,0,0,0,0,0,Low
2020,6,Sunday,18,Islamabad,Islamabad,Provincial Highway,Poor,Foggy,Street Light,Truck/Lorry,1,Pedestrian Error,1,1,0,0,1,0,Low
2023,5,Tuesday,6,KPK,Nowshera,National Highway,Good,Dusty/Smoggy,Daylight,Truck/Lorry,1,Driver Fatigue,0,0,0,0,9,2,High
2022,7,Thursday,12,Sindh,Dadu,Rural Road,Under Repair,Extreme Heat,Street Light,Motorcycle,2,Road Condition,1,0,0,0,1,0,Low
2018,11,Saturday,13,Punjab,Rahim Yar Khan,Provincial Highway,Poor,Clear,Dawn/Dusk,Truck/Lorry,3,Wrong Overtaking,1,1,0,1,4,0,Medium
2020,12,Tuesday,16,Sindh,Karachi,Motorway,Average,Foggy,Daylight,Bus/Coach,1,Wrong Overtaking,0,0,0,1,5,2,High
2021,10,Friday,15,KPK,Swat,National Highway,Good,Rainy,Daylight,Car/Taxi,2,Mechanical Failure,0,0,0,0,3,0,Medium
2021,3,Wednesday,13,Sindh,Sukkur,Urban Road,Good,Clear,Dawn/Dusk,Car/Taxi,1,Signal Violation,1,0,0,0,0,0,Low
2018,12,Wednesday,14,Sindh,Nawabshah,Provincial Highway,Poor,Clear,Daylight,Rickshaw,1,Over Speeding,0,0,0,1,1,1,Low
2020,7,Friday,2,Balochistan,Gwadar,National Highway,Good,Extreme Heat,No Light,Truck/Lorry,2,Over Speeding,0,0,1,0,3,1,High
2023,5,Saturday,18,Punjab,Gujranwala,Provincial Highway,Good,Foggy,Daylight,Car/Taxi,2,Drunk Driving,1,1,0,0,4,0,Medium
2020,6,Saturday,23,Balochistan,Hub,Motorway,Good,Clear,Street Light,Motorcycle,2,Mechanical Failure,0,1,1,0,11,2,High
2021,6,Sunday,21,Sindh,Sukkur,Rural Road,Good,Clear,Street Light,Rickshaw,2,Wrong Overtaking,0,1,0,0,0,0,Low
2020,3,Thursday,10,Punjab,Sargodha,Motorway,Good,Clear,Daylight,Motorcycle,1,Mobile Phone Use,0,0,0,0,4,0,Medium
2020,2,Sunday,7,KPK,Mansehra,National Highway,Average,Rainy,Daylight,Motorcycle,2,Over Speeding,1,1,0,1,10,2,High
2020,12,Saturday,21,Balochistan,Sibi,Rural Road,Poor,Rainy,Street Light,Motorcycle,4,Over Speeding,0,1,0,1,2,0,High
2022,2,Monday,7,Sindh,Mirpur Khas,Urban Road,Good,Clear,Daylight,Van/Pickup,2,Wrong Overtaking,1,0,0,1,1,0,Low
2022,5,Saturday,6,Sindh,Sukkur,Provincial Highway,Average,Dusty/Smoggy,Daylight,Rickshaw,2,Over Speeding,0,1,0,0,1,1,Medium
2021,5,Thursday,17,KPK,Kohat,Urban Road,Poor,Dusty/Smoggy,Daylight,Motorcycle,3,Over Speeding,1,0,0,0,4,1,Medium
2018,4,Sunday,7,Balochistan,Dera Bugti,Urban Road,Good,Rainy,Daylight,Truck/Lorry,1,Drunk Driving,1,1,0,0,11,2,High
2019,10,Tuesday,22,AJK,Muzaffarabad,National Highway,Good,Foggy,No Light,Motorcycle,2,Over Speeding,0,0,1,0,5,2,High
2023,7,Saturday,9,Punjab,Gujranwala,Rural Road,Average,Foggy,Street Light,Car/Taxi,1,Pedestrian Error,1,1,0,0,0,0,Low
2022,4,Friday,13,Sindh,Jacobabad,Motorway,Good,Clear,Daylight,Motorcycle,2,Pedestrian Error,1,0,0,0,2,0,High
2020,5,Thursday,21,KPK,Peshawar,Rural Road,Poor,Clear,No Light,Bus/Coach,4,Over Speeding,0,0,0,0,1,0,Medium
2019,11,Friday,11,Sindh,Jacobabad,Motorway,Average,Foggy,Street Light,Car/Taxi,3,Wrong Overtaking,0,0,0,1,2,0,Medium
2020,7,Saturday,9,Sindh,Larkana,Urban Road,Average,Extreme Heat,Daylight,Bicycle,2,Mobile Phone Use,1,1,0,0,2,0,Low
2018,3,Saturday,7,Sindh,Mirpur Khas,National Highway,Good,Clear,Daylight,Motorcycle,2,Signal Violation,1,1,0,0,2,0,High
2019,7,Wednesday,12,Punjab,Bahawalpur,National Highway,Good,Extreme Heat,Daylight,Motorcycle,2,Signal Violation,1,0,0,0,2,0,Medium
2022,8,Wednesday,14,Punjab,Bahawalpur,Rural Road,Average,Clear,No Light,Truck/Lorry,1,Wrong Overtaking,0,0,0,0,1,0,Medium
2018,10,Monday,11,Punjab,Gujranwala,Provincial Highway,Average,Rainy,Dawn/Dusk,Car/Taxi,2,Driver Fatigue,0,0,0,0,10,1,High
2023,12,Friday,22,Sindh,Hyderabad,Provincial Highway,Average,Foggy,Street Light,Car/Taxi,2,Road Condition,0,0,1,1,4,0,Medium
2019,3,Friday,14,Punjab,Sialkot,Rural Road,Good,Clear,Daylight,Car/Taxi,1,Driver Fatigue,0,0,0,0,2,0,Low
2022,6,Friday,17,Balochistan,Zhob,Urban Road,Average,Clear,Daylight,Motorcycle,2,Road Condition,1,0,0,0,2,0,Low
2019,2,Tuesday,20,Punjab,Lahore,Urban Road,Good,Clear,No Light,Motorcycle,2,Mechanical Failure,1,0,0,1,2,1,Low
2019,10,Monday,16,Punjab,Gujranwala,Provincial Highway,Average,Clear,Daylight,Motorcycle,1,Signal Violation,0,0,0,0,3,0,Medium
2018,12,Sunday,19,AJK,Mirpur,Motorway,Good,Clear,Street Light,Bus/Coach,2,Over Speeding,1,1,0,1,4,2,High
2021,12,Sunday,19,Sindh,Larkana,Rural Road,Good,Clear,Dawn/Dusk,Car/Taxi,1,Pedestrian Error,1,1,0,1,2,0,Low
2018,2,Monday,14,Punjab,Lahore,Provincial Highway,Average,Clear,Daylight,Bus/Coach,2,Signal Violation,0,0,0,1,5,0,Medium
2019,12,Monday,15,Balochistan,Chaman,Urban Road,Good,Clear,Daylight,Car/Taxi,2,Pedestrian Error,0,0,0,1,2,0,Low
2018,6,Saturday,18,KPK,Charsadda,Urban Road,Good,Clear,Daylight,Motorcycle,1,Mechanical Failure,1,1,0,0,0,0,Low
2018,11,Thursday,14,Sindh,Hyderabad,Provincial Highway,Good,Rainy,Daylight,Bus/Coach,2,Over Speeding,0,0,0,1,9,3,High
2020,12,Wednesday,8,Balochistan,Dera Bugti,National Highway,Under Repair,Dusty/Smoggy,Daylight,Motorcycle,1,Wrong Overtaking,1,0,0,1,10,4,High
2021,6,Tuesday,20,Punjab,Sheikhupura,Motorway,Good,Clear,No Light,Car/Taxi,2,Driver Fatigue,1,0,0,0,5,3,High
2018,6,Wednesday,11,Punjab,Rawalpindi,Urban Road,Good,Clear,Daylight,Car/Taxi,1,Road Condition,0,0,0,0,1,0,Low
2023,3,Saturday,19,KPK,Abbottabad,Urban Road,Good,Rainy,Daylight,Motorcycle,3,Wrong Overtaking,1,1,0,0,4,2,Medium
2022,7,Monday,18,Punjab,Multan,National Highway,Under Repair,Foggy,Daylight,Rickshaw,4,Road Condition,1,0,0,0,5,1,Medium
2019,12,Friday,20,Islamabad,Islamabad,National Highway,Good,Clear,No Light,Motorcycle,1,Over Speeding,1,0,0,1,10,2,High
2021,11,Thursday,7,Punjab,Sargodha,Urban Road,Average,Clear,Daylight,Motorcycle,3,Pedestrian Error,1,0,0,1,0,1,Low
2022,4,Friday,18,Punjab,Faisalabad,Motorway,Average,Foggy,Daylight,Motorcycle,2,Over Speeding,1,0,0,0,3,4,High
2021,1,Wednesday,8,Sindh,Kashmore,Urban Road,Average,Rainy,Daylight,Car/Taxi,1,Wrong Overtaking,1,0,0,1,3,0,Medium
2022,8,Wednesday,7,KPK,Mardan,Urban Road,Good,Clear,Daylight,Motorcycle,2,Mechanical Failure,1,0,0,0,1,1,Medium
2021,5,Friday,14,Punjab,Sheikhupura,National Highway,Average,Rainy,Daylight,Van/Pickup,3,Pedestrian Error,0,0,0,0,1,2,Medium
2021,3,Friday,12,Punjab,Multan,Provincial Highway,Good,Clear,Street Light,Van/Pickup,1,Pedestrian Error,1,0,0,0,2,0,Low
2021,8,Thursday,13,AJK,Rawalakot,National Highway,Poor,Rainy,No Light,Bus/Coach,1,Mechanical Failure,1,0,0,0,3,0,Medium
2018,7,Saturday,12,Balochistan,Loralai,Provincial Highway,Average,Foggy,Daylight,Bus/Coach,4,Signal Violation,1,1,0,0,1,0,Medium
2021,12,Friday,0,Punjab,Sheikhupura,Provincial Highway,Average,Clear,No Light,Motorcycle,2,Over Speeding,0,0,1,1,9,1,High
2020,1,Tuesday,20,Sindh,Jacobabad,Provincial Highway,Good,Clear,Street Light,Car/Taxi,2,Signal Violation,1,0,0,1,2,0,Low
2022,6,Thursday,7,Sindh,Mirpur Khas,National Highway,Poor,Clear,No Light,Motorcycle,3,Over Speeding,1,0,0,0,5,0,High
2022,3,Saturday,12,Balochistan,Quetta,Urban Road,Average,Clear,Daylight,Motorcycle,2,Over Speeding,1,1,0,0,3,1,High
2022,3,Thursday,22,Sindh,Dadu,Rural Road,Good,Clear,No Light,Motorcycle,1,Wrong Overtaking,0,0,1,0,9,4,High
2020,5,Friday,7,KPK,Charsadda,National Highway,Good,Clear,Street Light,Motorcycle,3,Over Speeding,1,0,0,0,3,1,High
2022,3,Wednesday,12,Balochistan,Hub,National Highway,Good,Rainy,No Light,Car/Taxi,1,Wrong Overtaking,1,0,0,0,4,0,Medium
2018,1,Tuesday,16,Sindh,Dadu,Rural Road,Poor,Foggy,Dawn/Dusk,Motorcycle,2,Wrong Overtaking,0,0,0,1,4,0,Medium
2022,5,Friday,14,Punjab,Bahawalpur,Rural Road,Under Repair,Clear,Daylight,Van/Pickup,2,Over Speeding,0,0,0,0,1,0,Medium
2022,10,Sunday,8,Sindh,Larkana,Urban Road,Good,Foggy,Daylight,Motorcycle,2,Driver Fatigue,1,1,0,0,9,2,High
2019,11,Saturday,0,Balochistan,Turbat,Provincial Highway,Average,Foggy,No Light,Motorcycle,3,Over Speeding,0,1,1,1,11,2,High
2023,2,Tuesday,8,Sindh,Dadu,Provincial Highway,Good,Clear,Daylight,Motorcycle,2,Wrong Overtaking,1,0,0,1,3,0,Medium
2019,10,Sunday,13,Balochistan,Sibi,Urban Road,Good,Clear,Daylight,Motorcycle,2,Over Speeding,1,1,0,0,11,0,High
2021,10,Thursday,9,Balochistan,Loralai,National Highway,Average,Clear,Daylight,Motorcycle,1,Wrong Overtaking,1,0,0,0,4,0,Medium
2021,12,Monday,6,Punjab,Bahawalpur,Urban Road,Average,Foggy,Daylight,Motorcycle,1,Signal Violation,0,0,0,1,2,0,Medium
2022,1,Monday,13,Sindh,Larkana,Provincial Highway,Good,Clear,Daylight,Car/Taxi,3,Wrong Overtaking,1,0,0,1,1,0,Low
2018,9,Monday,23,KPK,Dera Ismail Khan,Provincial Highway,Poor,Dusty/Smoggy,No Light,Car/Taxi,4,Over Speeding,0,0,1,0,2,1,Medium
2018,11,Sunday,18,Punjab,Multan,National Highway,Poor,Foggy,Daylight,Motorcycle,1,Mechanical Failure,1,1,0,1,2,1,High
2023,1,Tuesday,4,Sindh,Karachi,National Highway,Good,Clear,Street Light,Rickshaw,2,Mechanical Failure,0,0,1,1,4,0,Medium
2019,6,Saturday,20,Punjab,Sheikhupura,Rural Road,Poor,Clear,Street Light,Rickshaw,2,Pedestrian Error,1,1,0,0,2,0,Low
2020,6,Thursday,7,Balochistan,Dera Bugti,Provincial Highway,Average,Rainy,Daylight,Motorcycle,2,Wrong Overtaking,1,0,0,0,6,1,High
2023,5,Sunday,9,Islamabad,Islamabad,National Highway,Good,Rainy,Street Light,Motorcycle,2,Over Speeding,1,1,0,0,6,2,High
2020,8,Friday,9,Punjab,Sheikhupura,National Highway,Poor,Foggy,Dawn/Dusk,Other,4,Signal Violation,1,0,0,0,1,0,Medium
2020,5,Saturday,16,KPK,Kohat,Rural Road,Poor,Clear,Daylight,Rickshaw,2,Over Speeding,0,1,0,0,2,0,Low
2020,2,Thursday,13,Sindh,Jacobabad,Rural Road,Good,Clear,Daylight,Motorcycle,1,Signal Violation,1,0,0,1,0,0,Low
2020,11,Saturday,17,KPK,Abbottabad,Rural Road,Good,Rainy,No Light,Rickshaw,2,Pedestrian Error,1,1,0,1,2,1,Low
2021,7,Tuesday,15,KPK,Charsadda,National Highway,Poor,Dusty/Smoggy,Daylight,Truck/Lorry,2,Over Speeding,0,0,0,0,2,0,High
2018,7,Tuesday,17,Punjab,Sheikhupura,Urban Road,Good,Foggy,Daylight,Motorcycle,2,Pedestrian Error,1,0,0,0,3,0,Medium
2023,8,Friday,6,Punjab,Bahawalpur,Provincial Highway,Average,Clear,Dawn/Dusk,Car/Taxi,1,Road Condition,0,0,0,0,0,0,Low