year,month,day_of_week,hour_of_day,province,district,road_type,road_condition,weather_condition,lighting_condition,vehicle_type,vehicles_involved,accident_cause,is_rush_hour,is_weekend,is_night,is_foggy_month,num_injured,num_killed,severity
2021,2,Thursday,21,Punjab,Gujranwala,Provincial Highway,Poor,Clear,No Light,Rickshaw,1,Wrong Overtaking,0,0,0,1,0,0,Low
2023,10,Wednesday,5,Islamabad,Islamabad,Rural Road,Good,Clear,Dawn/Dusk,Motorcycle,1,Signal Violation,0,0,1,0,2,2,Medium
2018,5,Saturday,19,Sindh,Nawabshah,Rural Road,Good,Clear,Street Light,Motorcycle,3,Pedestrian Error,1,1,0,0,3,0,Medium
2019,6,Friday,10,AJK,Rawalakot,Urban Road,Average,Clear,Daylight,Motorcycle,1,Drunk Driving,0,0,0,0,1,0,Medium
2021,10,Sunday,21,Sindh,Sukkur,National Highway,Average,Foggy,Street Light,Motorcycle,3,Over Speeding,0,1,0,0,11,1,High
2019,7,Friday,20,Sindh,Jacobabad,Provincial Highway,Good,Extreme Heat,No Light,Motorcycle,2,Wrong Overtaking,1,0,0,0,8,1,High
2020,6,Sunday,12,KPK,Bannu,National Highway,Good,Clear,Daylight,Car/Taxi,2,Pedestrian Error,1,1,0,0,0,0,Low
2018,2,Sunday,9,KPK,Bannu,Rural Road,Good,Clear,No Light,Motorcycle,1,Over Speeding,1,1,0,1,8,0,High
2020,5,Saturday,20,Punjab,Faisalabad,National Highway,Good,Dusty/Smoggy,No Light,Bicycle,1,Driver Fatigue,1,1,0,0,5,4,High
2021,10,Wednesday,20,Punjab,Sargodha,National Highway,Poor,Rainy,Street Light,Motorcycle,2,Mechanical Failure,1,0,0,0,6,2,High
2018,3,Monday,18,Punjab,Bahawalpur,Urban Road,Good,Dusty/Smoggy,Daylight,Bus/Coach,1,Over Speeding,1,0,0,0,3,1,Medium
2019,11,Sunday,0,KPK,Peshawar,Rural Road,Good,Dusty/Smoggy,No Light,Motorcycle,2,Road Condition,0,1,1,1,2,0,Low
2022,1,Wednesday,14,KPK,Dera Ismail Khan,National Highway,Good,Dusty/Smoggy,Daylight,Van/Pickup,4,Over Speeding,0,0,0,1,6,0,High
2020,6,Saturday,13,Punjab,Multan,Provincial Highway,Under Repair,Extreme Heat,Daylight,Motorcycle,2,Driver Fatigue,1,1,0,0,6,2,High
2023,10,Wednesday,13,Punjab,Sheikhupura,Urban Road,Poor,Clear,Daylight,Motorcycle,3,Over Speeding,1,0,0,0,10,1,High
2023,4,Friday,18,Sindh,Dadu,Provincial Highway,Good,Clear,Daylight,Bicycle,2,Driver Fatigue,1,0,0,0,7,1,High
2023,1,Sunday,12,Sindh,Mirpur Khas,Urban Road,Average,Clear,Daylight,Rickshaw,2,Weather Condition,1,1,0,1,0,0,Low
2022,7,Monday,19,Sindh,Jacobabad,National Highway,Good,Clear,Dawn/Dusk,Motorcycle,1,Road Condition,1,0,0,0,3,1,Medium
2022,3,Friday,9,AJK,Rawalakot,Urban Road,Good,Clear,Daylight,Bus/Coach,3,Over Speeding,1,0,0,0,1,0,Low
2023,6,Saturday,12,KPK,Mansehra,Provincial Highway,Good,Rainy,No Light,Motorcycle,2,Wrong Overtaking,1,1,0,0,9,1,High
2019,3,Saturday,17,Punjab,Multan,Rural Road,Average,Clear,No Light,Motorcycle,1,Over Speeding,1,1,0,0,7,3,High
2021,7,Tuesday,12,Punjab,Sargodha,National Highway,Good,Clear,Daylight,Car/Taxi,2,Signal Violation,1,0,0,0,5,2,Medium
2019,6,Sunday,14,Punjab,Rawalpindi,National Highway,Poor,Foggy,Daylight,Motorcycle,2,Mechanical Failure,0,1,0,0,4,0,Medium
2022,7,Saturday,5,Punjab,Lahore,National Highway,Good,Extreme Heat,Dawn/Dusk,Motorcycle,3,Over Speeding,0,1,1,0,3,1,High
2022,8,Saturday,20,KPK,Mardan,National Highway,Poor,Clear,No Light,Car/Taxi,2,Over Speeding,1,1,0,0,3,1,Medium
2023,1,Thursday,21,Punjab,Sargodha,Urban Road,Good,Foggy,No Light,Motorcycle,2,Mechanical Failure,0,0,0,1,2,0,Low
2020,8,Tuesday,17,Sindh,Kashmore,National Highway,Good,Rainy,Street Light,Car/Taxi,2,Pedestrian Error,1,0,0,0,3,0,Medium
2022,11,Friday,18,Sindh,Larkana,Provincial Highway,Average,Clear,Daylight,Motorcycle,3,Road Condition,1,0,0,1,1,1,Medium
2019,6,Saturday,16,Punjab,Sargodha,Urban Road,Good,Rainy,Daylight,Bus/Coach,1,Road Condition,0,1,0,0,5,1,Medium
2021,6,Sunday,19,Punjab,Bahawalpur,National Highway,Good,Clear,Street Light,Van/Pickup,3,Signal Violation,1,1,0,0,1,1,Medium
2018,6,Saturday,23,KPK,Nowshera,Rural Road,Average,Clear,No Light,Car/Taxi,1,Wrong Overtaking,0,1,1,0,3,0,Medium
2021,11,Wednesday,9,Balochistan,Hub,National Highway,Good,Clear,Daylight,Car/Taxi,2,Road Condition,1,0,0,1,5,0,Medium
2019,2,Thursday,11,Punjab,Lahore,National Highway,Average,Clear,Daylight,Motorcycle,2,Pedestrian Error,0,0,0,1,1,0,Medium
2020,10,Tuesday,7,Sindh,Nawabshah,Rural Road,Good,Foggy,Daylight,Motorcycle,1,Road Condition,1,0,0,0,3,0,Medium
2021,12,Tuesday,9,Sindh,Jacobabad,Urban Road,Average,Foggy,Street Light,Truck/Lorry,3,Pedestrian Error,1,0,0,1,0,0,Low
2023,1,Thursday,10,KPK,Swat,Urban Road,Poor,Foggy,Daylight,Rickshaw,1,Road Condition,0,0,0,1,0,0,Low
2021,4,Tuesday,13,KPK,Abbottabad,Rural Road,Good,Clear,Daylight,Bus/Coach,3,Road Condition,1,0,0,0,1,0,Low
2021,9,Thursday,13,Balochistan,Zhob,Urban Road,Poor,Clear,Daylight,Van/Pickup,3,Pedestrian Error,1,0,0,0,2,0,Low
2023,12,Thursday,14,Punjab,Rahim Yar Khan,Rural Road,Good,Clear,Daylight,Car/Taxi,2,Signal Violation,0,0,0,1,2,0,Low
2023,5,Tuesday,20,Punjab,Rawalpindi,Rural Road,Average,Dusty/Smoggy,No Light,Car/Taxi,2,Signal Violation,1,0,0,0,0,0,Low
2022,2,Monday,21,KPK,Dera Ismail Khan,Motorway,Good,Clear,No Light,Motorcycle,3,Wrong Overtaking,0,0,0,1,2,0,Medium
2023,6,Wednesday,13,Balochistan,Chaman,Rural Road,Good,Dusty/Smoggy,Street Light,Car/Taxi,2,Road Condition,1,0,0,0,1,0,Low
2020,3,Sunday,13,Punjab,Gujranwala,Urban Road,Average,Clear,Dawn/Dusk,Motorcycle,3,Road Condition,1,1,0,0,0,0,Low
2021,11,Tuesday,12,Sindh,Nawabshah,National Highway,Poor,Clear,Daylight,Motorcycle,2,Wrong Overtaking,1,0,0,1,5,0,Medium
2022,6,Thursday,5,Punjab,Rawalpindi,Urban Road,Under Repair,Rainy,No Light,Car/Taxi,3,Wrong Overtaking,0,0,1,0,5,0,Medium
2022,2,Friday,7,Balochistan,Quetta,National Highway,Under Repair,Clear,Daylight,Car/Taxi,2,Over Speeding,1,0,0,1,1,0,Medium
2021,6,Sunday,21,KPK,Peshawar,National Highway,Good,Clear,Street Light,Motorcycle,2,Weather Condition,0,1,0,0,3,1,High
2022,2,Sunday,14,Punjab,Gujranwala,National Highway,Good,Clear,Daylight,Bus/Coach,2,Over Speeding,0,1,0,1,10,0,High
2022,12,Thursday,23,Sindh,Mirpur Khas,Provincial Highway,Good,Foggy,No Light,Motorcycle,1,Mechanical Failure,0,0,1,1,1,0,Medium
2021,3,Monday,13,Sindh,Karachi,Urban Road,Average,Foggy,Daylight,Motorcycle,2,Over Speeding,1,0,0,0,5,0,High
2019,11,Tuesday,20,Punjab,Sialkot,National Highway,Good,Rainy,Street Light,Rickshaw,2,Drunk Driving,1,0,0,1,3,0,Medium
2020,6,Friday,17,Balochistan,Sibi,National Highway,Average,Foggy,Daylight,Other,2,Pedestrian Error,1,0,0,0,4,2,Medium
2019,7,Saturday,23,Punjab,Multan,Urban Road,Average,Foggy,Street Light,Truck/Lorry,2,Wrong Overtaking,0,1,1,0,4,1,High
2022,1,Saturday,13,Sindh,Thatta,National Highway,Poor,Foggy,Daylight,Motorcycle,1,Over Speeding,1,1,0,1,10,1,High
2018,7,Monday,22,Sindh,Jacobabad,Provincial Highway,Good,Clear,Street Light,Motorcycle,2,Wrong Overtaking,0,0,1,0,5,0,Medium
2021,9,Thursday,7,KPK,Mansehra,National Highway,Poor,Foggy,Dawn/Dusk,Motorcycle,2,Drunk Driving,1,0,0,0,8,0,High
2020,12,Thursday,19,Punjab,Faisalabad,Provincial Highway,Poor,Rainy,Dawn/Dusk,Truck/Lorry,2,Road Condition,1,0,0,1,5,1,Medium
2019,5,Saturday,19,Sindh,Dadu,Provincial Highway,Good,Clear,Dawn/Dusk,Car/Taxi,1,Wrong Overtaking,1,1,0,0,4,0,Medium
2022,7,Monday,9,Punjab,Rahim Yar Khan,Rural Road,Good,Foggy,Daylight,Motorcycle,4,Over Speeding,1,0,0,0,3,0,Medium
2021,7,Thursday,10,KPK,Mansehra,Provincial Highway,Average,Clear,Daylight,Van/Pickup,3,Driver Fatigue,0,0,0,0,4,0,Medium
2020,5,Monday,9,Punjab,Rahim Yar Khan,Rural Road,Good,Extreme Heat,Dawn/Dusk,Truck/Lorry,1,Wrong Overtaking,1,0,0,0,5,1,Medium
2023,7,Monday,9,KPK,Peshawar,Provincial Highway,Average,Clear,Daylight,Motorcycle,2,Over Speeding,1,0,0,0,4,2,Medium
2023,1,Friday,6,Sindh,Kashmore,National Highway,Average,Clear,Daylight,Motorcycle,2,Over Speeding,0,0,0,1,10,1,High
2021,9,Saturday,8,Punjab,Gujranwala,Rural Road,Average,Clear,Dawn/Dusk,Motorcycle,3,Mechanical Failure,1,1,0,0,1,0,Low
2023,8,Sunday,9,Punjab,Sialkot,Provincial Highway,Good,Clear,Daylight,Motorcycle,4,Wrong Overtaking,1,1,0,0,4,0,Medium
2023,4,Saturday,19,Punjab,Bahawalpur,Provincial Highway,Good,Rainy,No Light,Car/Taxi,2,Wrong Overtaking,1,1,0,0,1,1,Medium
2022,5,Wednesday,8,Balochistan,Dera Bugti,National Highway,Good,Clear,Daylight,Motorcycle,1,Over Speeding,1,0,0,0,6,3,High
2023,6,Saturday,8,Sindh,Larkana,Urban Road,Poor,Clear,Street Light,Bicycle,2,Road Condition,1,1,0,0,2,0,Low
2019,7,Sunday,12,Balochistan,Sibi,Rural Road,Under Repair,Clear,Daylight,Car/Taxi,4,Over Speeding,1,1,0,0,1,0,Low
2020,7,Saturday,5,Punjab,Rawalpindi,National Highway,Poor,Foggy,Dawn/Dusk,Car/Taxi,4,Road Condition,0,1,1,0,2,0,Medium
2020,3,Tuesday,13,Punjab,Bahawalpur,National Highway,Under Repair,Clear,Daylight,Rickshaw,1,Signal Violation,1,0,0,0,3,1,Medium
2019,8,Sunday,10,Islamabad,Islamabad,Rural Road,Poor,Rainy,Daylight,Car/Taxi,3,Driver Fatigue,0,1,0,0,1,0,Medium
2020,10,Tuesday,10,KPK,Mardan,Provincial Highway,Poor,Clear,Daylight,Rickshaw,2,Mechanical Failure,0,0,0,0,0,0,Low
2020,7,Sunday,19,KPK,Mansehra,Rural Road,Average,Dusty/Smoggy,No Light,Van/Pickup,1,Drunk Driving,1,1,0,0,0,0,Low
2022,2,Saturday,9,Balochistan,Quetta,Urban Road,Good,Extreme Heat,Daylight,Bicycle,3,Signal Violation,1,1,0,1,3,1,Medium
2022,7,Sunday,11,AJK,Rawalakot,Rural Road,Poor,Clear,Daylight,Van/Pickup,1,Drunk Driving,0,1,0,0,2,0,Low
2023,3,Wednesday,11,Punjab,Multan,Urban Road,Good,Foggy,Daylight,Motorcycle,3,Over Speeding,0,0,0,0,7,0,High
2022,6,Thursday,8,Punjab,Rahim Yar Khan,National Highway,Average,Clear,Daylight,Bicycle,2,Pedestrian Error,1,0,0,0,10,4,High
2023,7,Saturday,18,Punjab,Sheikhupura,Urban Road,Good,Clear,Street Light,Motorcycle,2,Signal Violation,1,1,0,0,3,0,Medium
2021,3,Sunday,11,KPK,Nowshera,Provincial Highway,Good,Foggy,Daylight,Rickshaw,1,Road Condition,0,1,0,0,2,0,Low
2023,9,Saturday,13,Punjab,Rahim Yar Khan,National Highway,Average,Clear,Daylight,Bus/Coach,4,Pedestrian Error,1,1,0,0,5,1,Medium
2020,12,Wednesday,17,Sindh,Kashmore,Rural Road,Average,Rainy,Dawn/Dusk,Rickshaw,2,Mechanical Failure,1,0,0,1,0,0,Low
2018,1,Sunday,11,Balochistan,Gwadar,Motorway,Good,Foggy,Daylight,Bus/Coach,2,Signal Violation,0,1,0,1,4,2,High
2022,5,Sunday,7,KPK,Nowshera,Urban Road,Average,Clear,Daylight,Truck/Lorry,2,Over Speeding,1,1,0,0,1,0,Low
2021,9,Thursday,11,Punjab,Rawalpindi,National Highway,Average,Clear,Daylight,Motorcycle,2,Mechanical Failure,0,0,0,0,5,0,Medium
2020,9,Sunday,6,Sindh,Larkana,Provincial Highway,Good,Clear,Daylight,Car/Taxi,1,Over Speeding,0,1,0,0,2,1,Low
2018,5,Friday,11,Punjab,Lahore,Provincial Highway,Good,Dusty/Smoggy,No Light,Van/Pickup,2,Over Speeding,0,0,0,0,1,0,Medium
2022,12,Saturday,9,Sindh,Karachi,Rural Road,Good,Extreme Heat,Daylight,Motorcycle,2,Over Speeding,1,1,0,1,5,1,High
2020,4,Wednesday,8,Punjab,Multan,Urban Road,Good,Foggy,No Light,Motorcycle,1,Over Speeding,1,0,0,0,3,2,Medium
2019,5,Tuesday,17,Punjab,Sheikhupura,National Highway,Average,Clear,Daylight,Car/Taxi,2,Over Speeding,1,0,0,0,10,1,High
2020,9,Friday,13,KPK,Peshawar,National Highway,Average,Foggy,Daylight,Motorcycle,1,Wrong Overtaking,1,0,0,0,3,3,High
2022,5,Sunday,16,Islamabad,Islamabad,Provincial Highway,Good,Rainy,Daylight,Motorcycle,1,Driver Fatigue,0,1,0,0,8,2,High
2021,2,Saturday,3,Islamabad,Islamabad,Urban Road,Poor,Clear,No Light,Car/Taxi,3,Wrong Overtaking,0,1,1,1,0,0,Low
2021,11,Sunday,12,Punjab,Faisalabad,Urban Road,Good,Rainy,Street Light,Car/Taxi,2,Pedestrian Error,1,1,0,1,1,0,Low
2022,2,Saturday,2,KPK,Kohat,Urban Road,Average,Clear,No Light,Car/Taxi,1,Pedestrian Error,0,1,1,1,2,0,Low
2021,7,Friday,11,KPK,Nowshera,National Highway,Average,Clear,Daylight,Motorcycle,3,Over Speeding,0,0,0,0,10,2,High
2019,5,Monday,8,KPK,Mardan,Rural Road,Poor,Clear,Daylight,Motorcycle,2,Over Speeding,1,0,0,0,3,1,Medium
2020,2,Wednesday,14,Balochistan,Loralai,National Highway,Good,Foggy,Daylight,Car/Taxi,1,Wrong Overtaking,0,0,0,1,5,1,Medium
2023,3,Friday,21,AJK,Muzaffarabad,Provincial Highway,Good,Rainy,No Light,Car/Taxi,2,Over Speeding,0,0,0,0,1,1,Medium
2023,7,Friday,11,Punjab,Sialkot,National Highway,Average,Clear,Daylight,Car/Taxi,1,Over Speeding,0,0,0,0,4,2,Medium
2019,3,Tuesday,4,KPK,Abbottabad,National Highway,Average,Clear,No Light,Van/Pickup,1,Wrong Overtaking,0,0,1,0,3,2,Medium
2020,7,Sunday,20,KPK,Dera Ismail Khan,Urban Road,Poor,Clear,No Light,Motorcycle,2,Wrong Overtaking,1,1,0,0,1,0,Low
2022,12,Saturday,7,Punjab,Sialkot,Urban Road,Good,Clear,Daylight,Car/Taxi,4,Wrong Overtaking,1,1,0,1,0,0,Low
2018,10,Sunday,23,Punjab,Faisalabad,Provincial Highway,Poor,Rainy,Street Light,Van/Pickup,1,Signal Violation,0,1,1,0,10,0,High
2023,12,Thursday,21,Punjab,Rahim Yar Khan,Urban Road,Good,Dusty/Smoggy,Street Light,Car/Taxi,2,Pedestrian Error,0,0,0,1,1,0,Low
2019,8,Friday,11,Balochistan,Dera Bugti,Urban Road,Average,Foggy,Daylight,Truck/Lorry,2,Pedestrian Error,0,0,0,0,0,0,Low
2023,12,Monday,15,Balochistan,Hub,Urban Road,Average,Clear,Daylight,Rickshaw,2,Pedestrian Error,0,0,0,1,0,0,Low
2023,12,Monday,20,Sindh,Mirpur Khas,Urban Road,Good,Clear,Street Light,Car/Taxi,1,Signal Violation,1,0,0,1,1,0,Low
2019,12,Monday,14,Sindh,Nawabshah,National Highway,Poor,Rainy,Daylight,Motorcycle,1,Over Speeding,0,0,0,1,4,2,High
2022,8,Friday,7,Punjab,Rawalpindi,Urban Road,Average,Foggy,Daylight,Car/Taxi,3,Road Condition,1,0,0,0,1,0,Low
2023,11,Saturday,14,KPK,Mardan,Urban Road,Average,Clear,Street Light,Motorcycle,3,Over Speeding,0,1,0,1,5,1,Medium
2021,4,Saturday,10,Punjab,Rawalpindi,Provincial Highway,Good,Clear,Daylight,Motorcycle,2,Over Speeding,0,1,0,0,4,0,Medium
2018,5,Monday,20,Sindh,Larkana,Provincial Highway,Good,Clear,Street Light,Rickshaw,2,Mobile Phone Use,1,0,0,0,1,0,Low
2019,6,Tuesday,9,Balochistan,Chaman,National Highway,Poor,Rainy,Daylight,Motorcycle,3,Over Speeding,1,0,0,0,6,4,High
2020,5,Monday,4,Sindh,Jacobabad,Rural Road,Average,Clear,Street Light,Truck/Lorry,2,Wrong Overtaking,0,0,1,0,1,0,Low
2023,10,Wednesday,0,Sindh,Karachi,Provincial Highway,Good,Dusty/Smoggy,No Light,Motorcycle,2,Over Speeding,0,0,1,0,8,2,High
2023,5,Friday,13,Punjab,Sargodha,Provincial Highway,Good,Clear,Street Light,Rickshaw,1,Signal Violation,1,0,0,0,1,0,Medium
2022,1,Thursday,11,Punjab,Rawalpindi,Rural Road,Good,Clear,Daylight,Van/Pickup,2,Wrong Overtaking,0,0,0,1,1,0,Low
2020,2,Friday,1,KPK,Swat,Provincial Highway,Average,Clear,No Light,Motorcycle,3,Drunk Driving,0,0,1,1,9,3,High
2019,1,Thursday,18,Punjab,Rahim Yar Khan,Provincial Highway,Good,Foggy,Daylight,Motorcycle,2,Over Speeding,1,0,0,1,8,1,High
2023,11,Saturday,16,Punjab,Sargodha,National Highway,Average,Rainy,Daylight,Van/Pickup,1,Road Condition,0,1,0,1,2,0,Low
2021,2,Sunday,6,Punjab,Faisalabad,Urban Road,Poor,Foggy,Street Light,Motorcycle,2,Wrong Overtaking,0,1,0,1,2,0,High
2020,11,Wednesday,8,Sindh,Dadu,Provincial Highway,Average,Clear,Dawn/Dusk,Motorcycle,1,Road Condition,1,0,0,1,3,2,Medium
2022,12,Saturday,9,Punjab,Gujranwala,Rural Road,Poor,Rainy,Daylight,Bus/Coach,1,Over Speeding,1,1,0,1,1,0,Medium
2022,12,Saturday,6,Sindh,Larkana,Rural Road,Poor,Dusty/Smoggy,Daylight,Motorcycle,2,Mechanical Failure,0,1,0,1,0,0,Low
2022,11,Tuesday,14,Sindh,Dadu,National Highway,Average,Clear,Daylight,Truck/Lorry,4,Signal Violation,0,0,0,1,11,1,High
2021,7,Monday,23,Punjab,Sheikhupura,Urban Road,Good,Clear,No Light,Motorcycle,2,Over Speeding,0,0,1,0,4,1,High
2018,7,Thursday,11,Punjab,Faisalabad,Urban Road,Good,Foggy,Daylight,Motorcycle,3,Signal Violation,0,0,0,0,1,0,Medium
2021,5,Wednesday,23,KPK,Bannu,Rural Road,Under Repair,Foggy,No Light,Van/Pickup,1,Signal Violation,0,0,1,0,1,1,Medium
2022,12,Tuesday,9,Sindh,Karachi,Motorway,Average,Clear,Street Light,Truck/Lorry,4,Pedestrian Error,1,0,0,1,2,0,Medium
2018,2,Thursday,11,Punjab,Lahore,Provincial Highway,Good,Clear,Street Light,Bus/Coach,2,Driver Fatigue,0,0,0,1,4,0,Medium
2020,10,Friday,14,Sindh,Nawabshah,Urban Road,Good,Rainy,Daylight,Van/Pickup,1,Driver Fatigue,0,0,0,0,3,1,Medium
2021,3,Wednesday,11,Punjab,Lahore,Rural Road,Poor,Rainy,Daylight,Car/Taxi,3,Over Speeding,0,0,0,0,2,0,Low
2022,12,Tuesday,19,Punjab,Sialkot,Urban Road,Average,Clear,Dawn/Dusk,Bus/Coach,2,Mechanical Failure,1,0,0,1,0,0,Low
2022,5,Wednesday,18,Sindh,Nawabshah,National Highway,Good,Extreme Heat,Daylight,Rickshaw,3,Mechanical Failure,1,0,0,0,0,0,Low
2020,6,Wednesday,20,Punjab,Sheikhupura,National Highway,Poor,Foggy,Street Light,Car/Taxi,1,Wrong Overtaking,1,0,0,0,3,1,Medium
2020,4,Friday,14,Sindh,Jacobabad,Urban Road,Good,Rainy,Daylight,Motorcycle,2,Over Speeding,0,0,0,0,3,0,Medium
2021,7,Friday,22,Punjab,Faisalabad,Motorway,Average,Clear,Street Light,Motorcycle,2,Over Speeding,0,0,1,0,7,2,High
2020,4,Wednesday,21,Punjab,Lahore,National Highway,Good,Clear,No Light,Car/Taxi,2,Mechanical Failure,0,0,0,0,2,0,Low
2019,2,Tuesday,14,Punjab,Rawalpindi,Rural Road,Good,Clear,Daylight,Rickshaw,2,Signal Violation,0,0,0,1,1,0,Low
2022,7,Sunday,12,Punjab,Faisalabad,Motorway,Poor,Foggy,Daylight,Motorcycle,3,Pedestrian Error,1,1,0,0,4,0,Medium
2019,1,Sunday,18,Balochistan,Chaman,National Highway,Average,Clear,Daylight,Rickshaw,2,Road Condition,1,1,0,1,2,0,Medium
2019,6,Friday,16,Punjab,Rahim Yar Khan,National Highway,Poor,Rainy,Daylight,Car/Taxi,1,Mechanical Failure,0,0,0,0,4,1,Medium
2019,12,Friday,8,Gilgit-Baltistan,Hunza,Provincial Highway,Good,Foggy,Daylight,Motorcycle,2,Over Speeding,1,0,0,1,4,2,High
2020,5,Thursday,21,Islamabad,Islamabad,Provincial Highway,Average,Foggy,No Light,Motorcycle,2,Mechanical Failure,0,0,0,0,5,1,Medium
2020,3,Monday,11,Sindh,Kashmore,National Highway,Good,Clear,Daylight,Motorcycle,4,Wrong Overtaking,0,0,0,0,5,2,Medium
2023,10,Thursday,19,KPK,Swat,Motorway,Average,Extreme Heat,Dawn/Dusk,Motorcycle,2,Wrong Overtaking,1,0,0,0,1,0,Medium
2019,5,Friday,13,Islamabad,Islamabad,National Highway,Poor,Clear,Dawn/Dusk,Motorcycle,1,Signal Violation,1,0,0,0,2,1,Medium
2019,1,Wednesday,12,Punjab,Rawalpindi,National Highway,Poor,Clear,Daylight,Car/Taxi,1,Over Speeding,1,0,0,1,4,1,Medium
2023,5,Friday,17,Punjab,Faisalabad,National Highway,Average,Foggy,Daylight,Motorcycle,2,Wrong Overtaking,1,0,0,0,4,0,High
2021,5,Friday,1,Punjab,Lahore,Provincial Highway,Average,Clear,No Light,Rickshaw,4,Wrong Overtaking,0,0,1,0,1,0,Low
2022,6,Wednesday,8,Sindh,Jacobabad,Urban Road,Under Repair,Clear,Daylight,Truck/Lorry,2,Over Speeding,1,0,0,0,0,0,Low
2022,1,Friday,13,Punjab,Faisalabad,National Highway,Under Repair,Clear,Daylight,Motorcycle,3,Mechanical Failure,1,0,0,1,5,0,Medium
2018,9,Sunday,19,Islamabad,Islamabad,Rural Road,Good,Clear,Dawn/Dusk,Motorcycle,4,Mobile Phone Use,1,1,0,0,1,0,Low
2020,12,Friday,18,Sindh,Karachi,Rural Road,Poor,Rainy,Daylight,Car/Taxi,4,Driver Fatigue,1,0,0,1,2,1,Medium
2018,1,Wednesday,8,Balochistan,Zhob,Motorway,Under Repair,Clear,Daylight,Motorcycle,1,Wrong Overtaking,1,0,0,1,5,1,High
2019,11,Wednesday,13,Punjab,Multan,Provincial Highway,Poor,Clear,Daylight,Motorcycle,4,Over Speeding,1,0,0,1,4,1,High
2018,10,Saturday,7,KPK,Abbottabad,National Highway,Average,Clear,Daylight,Motorcycle,2,Mobile Phone Use,1,1,0,0,4,1,Medium
2023,11,Monday,6,Sindh,Hyderabad,Urban Road,Good,Dusty/Smoggy,Daylight,Bus/Coach,1,Signal Violation,0,0,0,1,1,0,Low
2021,3,Tuesday,18,Punjab,Sialkot,National Highway,Good,Rainy,Daylight,Motorcycle,1,Wrong Overtaking,1,0,0,0,10,1,High
2020,12,Tuesday,20,Balochistan,Gwadar,Provincial Highway,Average,Foggy,Street Light,Motorcycle,2,Wrong Overtaking,1,0,0,1,11,1,High
2022,6,Sunday,23,Sindh,Kashmore,National Highway,Poor,Clear,No Light,Motorcycle,2,Over Speeding,0,1,1,0,3,1,High
2021,12,Tuesday,19,Punjab,Sialkot,Urban Road,Poor,Clear,Dawn/Dusk,Car/Taxi,3,Wrong Overtaking,1,0,0,1,0,0,Low
2018,7,Thursday,13,AJK,Mirpur,Rural Road,Average,Clear,Daylight,Bicycle,3,Signal Violation,1,0,0,0,2,0,Low
2019,6,Tuesday,5,Sindh,Dadu,Provincial Highway,Average,Foggy,Dawn/Dusk,Truck/Lorry,1,Signal Violation,0,0,1,0,2,0,Medium
2021,9,Wednesday,11,Punjab,Sialkot,National Highway,Average,Clear,Daylight,Bus/Coach,1,Pedestrian Error,0,0,0,0,5,0,Medium
2022,12,Friday,18,Punjab,Sialkot,National Highway,Average,Clear,Daylight,Motorcycle,1,Over Speeding,1,0,0,1,4,1,High
2020,5,Wednesday,14,Sindh,Dadu,National Highway,Good,Dusty/Smoggy,Street Light,Motorcycle,2,Signal Violation,0,0,0,0,7,0,High
2022,2,Tuesday,9,Sindh,Larkana,National Highway,Good,Foggy,Daylight,Car/Taxi,1,Over Speeding,1,0,0,1,10,2,High
2020,7,Monday,7,Sindh,Thatta,Provincial Highway,Good,Dusty/Smoggy,Daylight,Motorcycle,1,Over Speeding,1,0,0,0,5,0,Medium
2022,8,Thursday,13,KPK,Swat,National Highway,Poor,Dusty/Smoggy,Daylight,Bus/Coach,2,Over Speeding,1,0,0,0,3,2,High
2020,4,Thursday,1,Punjab,Sargodha,National Highway,Good,Rainy,Street Light,Truck/Lorry,3,Pedestrian Error,0,0,1,0,4,0,Medium
2021,10,Thursday,9,Punjab,Sheikhupura,Provincial Highway,Average,Clear,Daylight,Motorcycle,1,Driver Fatigue,1,0,0,0,11,1,High
2022,11,Sunday,20,KPK,Abbottabad,National Highway,Poor,Rainy,Street Light,Van/Pickup,2,Pedestrian Error,1,1,0,1,2,0,Medium
2021,6,Friday,15,Sindh,Mirpur Khas,Provincial Highway,Good,Clear,Daylight,Car/Taxi,3,Mechanical Failure,0,0,0,0,0,0,Low
2019,11,Thursday,20,Punjab,Lahore,National Highway,Poor,Clear,Street Light,Motorcycle,1,Road Condition,1,0,0,1,4,2,Medium
2019,7,Monday,12,Punjab,Multan,National Highway,Good,Clear,Daylight,Motorcycle,1,Mechanical Failure,1,0,0,0,1,0,Medium
2023,9,Friday,15,Islamabad,Islamabad,Rural Road,Under Repair,Clear,Daylight,Motorcycle,1,Over Speeding,0,0,0,0,5,1,Medium
2020,11,Sunday,6,Balochistan,Khuzdar,Urban Road,Average,Foggy,Daylight,Motorcycle,3,Signal Violation,0,1,0,1,6,0,High
2019,8,Sunday,19,KPK,Abbottabad,National Highway,Under Repair,Clear,Dawn/Dusk,Van/Pickup,2,Wrong Overtaking,1,1,0,0,4,0,Medium
2019,10,Tuesday,13,Punjab,Sialkot,Provincial Highway,Good,Foggy,Daylight,Motorcycle,1,Pedestrian Error,1,0,0,0,4,1,High
2019,4,Friday,14,Sindh,Nawabshah,Provincial Highway,Poor,Foggy,Daylight,Rickshaw,2,Pedestrian Error,0,0,0,0,2,0,Low
2020,11,Saturday,19,Punjab,Faisalabad,Rural Road,Poor,Rainy,Street Light,Rickshaw,1,Signal Violation,1,1,0,1,2,0,Low