year,month,day_of_week,hour_of_day,province,district,road_type,road_condition,weather_condition,lighting_condition,vehicle_type,vehicles_involved,accident_cause,is_rush_hour,is_weekend,is_night,is_foggy_month,num_injured,num_killed,severity
2022,12,Tuesday,20,KPK,Mansehra,National Highway,Good,Clear,Street Light,Car/Taxi,2,Mechanical Failure,1,0,0,1,2,1,Medium
2023,4,Wednesday,11,KPK,Mardan,Urban Road,Average,Clear,Daylight,Bus/Coach,2,Wrong Overtaking,0,0,0,0,2,0,Low
2020,2,Monday,18,Sindh,Kashmore,Rural Road,Good,Foggy,Daylight,Truck/Lorry,3,Road Condition,1,0,0,1,0,0,Low
2020,3,Monday,7,Punjab,Faisalabad,Urban Road,Average,Rainy,Daylight,Truck/Lorry,4,Wrong Overtaking,1,0,0,0,2,0,Medium
2023,12,Monday,16,KPK,Bannu,Rural Road,Good,Clear,Dawn/Dusk,Car/Taxi,1,Over Speeding,0,0,0,1,1,0,Low
2022,12,Friday,19,KPK,Charsadda,Urban Road,Good,Clear,Street Light,Motorcycle,2,Pedestrian Error,1,0,0,1,1,1,Medium
2020,6,Tuesday,11,Sindh,Jacobabad,National Highway,Good,Clear,Daylight,Car/Taxi,2,Driver Fatigue,0,0,0,0,9,0,High
2021,7,Monday,14,KPK,Peshawar,Provincial Highway,Average,Clear,Street Light,Bus/Coach,1,Mechanical Failure,0,0,0,0,2,0,Low
2022,8,Monday,10,Punjab,Rawalpindi,National Highway,Average,Rainy,Daylight,Car/Taxi,1,Over Speeding,0,0,0,0,3,1,High
2023,8,Friday,10,KPK,Bannu,Provincial Highway,Average,Foggy,Daylight,Rickshaw,4,Wrong Overtaking,0,0,0,0,2,0,Low
2018,12,Saturday,14,Sindh,Jacobabad,Provincial Highway,Good,Foggy,Dawn/Dusk,Car/Taxi,3,Signal Violation,0,1,0,1,3,0,Medium
2018,6,Saturday,17,Punjab,Sialkot,Urban Road,Poor,Rainy,Daylight,Motorcycle,4,Signal Violation,1,1,0,0,2,0,Medium
2020,5,Friday,18,KPK,Nowshera,National Highway,Good,Clear,Daylight,Motorcycle,1,Wrong Overtaking,1,0,0,0,2,1,Medium
2021,7,Saturday,21,Sindh,Dadu,Provincial Highway,Under Repair,Clear,No Light,Rickshaw,2,Over Speeding,0,1,0,0,2,1,Medium
2020,3,Saturday,17,Sindh,Dadu,Urban Road,Average,Dusty/Smoggy,Daylight,Motorcycle,3,Wrong Overtaking,1,1,0,0,0,0,Low
2020,11,Tuesday,19,Punjab,Rahim Yar Khan,Provincial Highway,Poor,Clear,Dawn/Dusk,Rickshaw,1,Driver Fatigue,1,0,0,1,3,2,Medium
2023,7,Thursday,1,Punjab,Sheikhupura,Rural Road,Average,Rainy,No Light,Car/Taxi,1,Wrong Overtaking,0,0,1,0,3,2,Medium
2023,9,Friday,17,Gilgit-Baltistan,Skardu,Urban Road,Average,Foggy,Daylight,Car/Taxi,3,Over Speeding,1,0,0,0,5,2,Medium
2023,10,Thursday,19,Sindh,Nawabshah,Urban Road,Good,Rainy,Street Light,Motorcycle,3,Mechanical Failure,1,0,0,0,3,0,Medium
2023,8,Friday,14,Punjab,Lahore,Provincial Highway,Average,Dusty/Smoggy,Daylight,Bicycle,2,Signal Violation,0,0,0,0,2,1,Medium
2018,7,Friday,23,Balochistan,Gwadar,National Highway,Poor,Foggy,No Light,Motorcycle,1,Road Condition,0,0,1,0,7,0,High
2023,8,Sunday,12,Punjab,Bahawalpur,Urban Road,Average,Clear,Daylight,Car/Taxi,2,Signal Violation,1,1,0,0,1,0,Low
2021,4,Sunday,22,Punjab,Gujranwala,National Highway,Poor,Foggy,No Light,Car/Taxi,2,Over Speeding,0,1,1,0,3,0,High
2020,9,Thursday,7,Punjab,Lahore,Rural Road,Under Repair,Clear,Street Light,Motorcycle,2,Road Condition,1,0,0,0,1,0,Low
2019,3,Wednesday,12,Islamabad,Islamabad,Rural Road,Average,Clear,No Light,Motorcycle,3,Mobile Phone Use,1,0,0,0,0,0,Low
2021,12,Tuesday,10,Punjab,Sialkot,Urban Road,Poor,Clear,Dawn/Dusk,Car/Taxi,1,Road Condition,0,0,0,1,0,0,Low
2022,7,Monday,14,KPK,Peshawar,National Highway,Good,Clear,Daylight,Motorcycle,3,Drunk Driving,0,0,0,0,7,4,High
2019,9,Thursday,20,Sindh,Karachi,Rural Road,Poor,Clear,No Light,Car/Taxi,1,Over Speeding,1,0,0,0,2,0,Low
2023,7,Wednesday,15,Punjab,Lahore,National Highway,Average,Foggy,No Light,Rickshaw,3,Road Condition,0,0,0,0,4,1,Medium
2018,11,Thursday,18,Punjab,Sargodha,Provincial Highway,Good,Clear,Dawn/Dusk,Bus/Coach,3,Pedestrian Error,1,0,0,1,5,0,Medium
2021,3,Wednesday,15,Punjab,Rahim Yar Khan,National Highway,Poor,Foggy,Daylight,Van/Pickup,3,Pedestrian Error,0,0,0,0,1,0,Low
2022,5,Saturday,14,AJK,Rawalakot,Urban Road,Good,Clear,Daylight,Motorcycle,2,Signal Violation,0,1,0,0,2,0,Medium
2023,12,Sunday,2,KPK,Nowshera,Provincial Highway,Good,Clear,No Light,Motorcycle,4,Over Speeding,0,1,1,1,8,1,High
2021,3,Monday,2,Balochistan,Chaman,Motorway,Average,Clear,No Light,Bus/Coach,1,Signal Violation,0,0,1,0,4,0,High
2019,3,Monday,17,Punjab,Sialkot,Provincial Highway,Good,Foggy,Daylight,Car/Taxi,2,Pedestrian Error,1,0,0,0,1,0,Low
2022,2,Monday,17,Punjab,Rahim Yar Khan,National Highway,Average,Clear,Daylight,Van/Pickup,2,Driver Fatigue,1,0,0,1,2,0,Medium
2023,11,Monday,3,Sindh,Nawabshah,Motorway,Good,Clear,Street Light,Rickshaw,2,Over Speeding,0,0,1,1,8,1,High
2018,2,Tuesday,19,Sindh,Nawabshah,National Highway,Poor,Clear,Street Light,Van/Pickup,3,Over Speeding,1,0,0,1,3,0,High
2021,7,Tuesday,14,KPK,Peshawar,Urban Road,Good,Foggy,Daylight,Motorcycle,3,Drunk Driving,0,0,0,0,5,2,Medium
2023,12,Monday,7,KPK,Mardan,Provincial Highway,Under Repair,Clear,Daylight,Motorcycle,4,Over Speeding,1,0,0,1,8,1,High
2018,6,Friday,20,Balochistan,Khuzdar,National Highway,Poor,Clear,Street Light,Bus/Coach,1,Wrong Overtaking,1,0,0,0,1,0,Medium
2022,11,Saturday,21,Punjab,Bahawalpur,Urban Road,Poor,Clear,No Light,Motorcycle,1,Over Speeding,0,1,0,1,2,1,High
2019,3,Monday,8,KPK,Charsadda,National Highway,Good,Clear,Dawn/Dusk,Rickshaw,2,Mechanical Failure,1,0,0,0,1,0,Low
2019,6,Wednesday,16,Sindh,Karachi,Urban Road,Under Repair,Clear,Daylight,Motorcycle,1,Wrong Overtaking,0,0,0,0,2,0,Medium
2023,6,Thursday,18,Sindh,Mirpur Khas,Provincial Highway,Good,Foggy,Daylight,Motorcycle,2,Over Speeding,1,0,0,0,2,2,High
2020,7,Thursday,11,Sindh,Larkana,Urban Road,Good,Clear,Daylight,Bicycle,4,Road Condition,0,0,0,0,1,0,Low
2023,12,Tuesday,17,Balochistan,Quetta,Urban Road,Good,Clear,Daylight,Motorcycle,2,Over Speeding,1,0,0,1,4,2,Medium
2021,7,Thursday,8,Sindh,Nawabshah,Rural Road,Average,Clear,Daylight,Van/Pickup,1,Road Condition,1,0,0,0,1,0,Low
2020,12,Thursday,13,Punjab,Sargodha,Provincial Highway,Good,Clear,Street Light,Motorcycle,1,Wrong Overtaking,1,0,0,1,2,1,Medium
2021,5,Tuesday,21,Sindh,Karachi,Provincial Highway,Poor,Clear,No Light,Bicycle,1,Weather Condition,0,0,0,0,2,0,Medium
2022,6,Saturday,8,Islamabad,Islamabad,Urban Road,Under Repair,Foggy,Daylight,Motorcycle,1,Wrong Overtaking,1,1,0,0,6,1,High
2018,4,Thursday,12,KPK,Peshawar,Rural Road,Average,Clear,Daylight,Car/Taxi,1,Pedestrian Error,1,0,0,0,2,1,Low
2021,9,Wednesday,19,Punjab,Sialkot,Provincial Highway,Poor,Rainy,No Light,Motorcycle,1,Drunk Driving,1,0,0,0,9,2,High
2020,8,Tuesday,14,KPK,Abbottabad,Rural Road,Average,Rainy,Daylight,Car/Taxi,1,Over Speeding,0,0,0,0,5,0,Medium
2021,7,Wednesday,1,Punjab,Gujranwala,Rural Road,Good,Dusty/Smoggy,No Light,Truck/Lorry,1,Over Speeding,0,0,1,0,5,1,Medium
2019,11,Monday,12,Punjab,Sialkot,National Highway,Good,Rainy,Daylight,Motorcycle,2,Over Speeding,1,0,0,1,2,1,High
2021,6,Monday,10,Sindh,Sukkur,Provincial Highway,Good,Extreme Heat,Street Light,Rickshaw,1,Mobile Phone Use,0,0,0,0,0,0,Low
2023,2,Wednesday,7,Sindh,Kashmore,Provincial Highway,Good,Clear,Daylight,Motorcycle,1,Wrong Overtaking,1,0,0,1,2,1,High
2018,6,Sunday,8,Punjab,Rawalpindi,National Highway,Good,Clear,Daylight,Van/Pickup,2,Wrong Overtaking,1,1,0,0,1,0,Medium
2022,8,Monday,19,KPK,Kohat,Motorway,Average,Foggy,Dawn/Dusk,Truck/Lorry,4,Wrong Overtaking,1,0,0,0,1,0,Medium
2023,1,Friday,16,Balochistan,Loralai,Provincial Highway,Good,Clear,Daylight,Car/Taxi,2,Pedestrian Error,0,0,0,1,2,0,Low
2022,4,Saturday,18,Sindh,Karachi,Urban Road,Average,Rainy,Daylight,Rickshaw,2,Signal Violation,1,1,0,0,1,0,Medium
2022,3,Wednesday,21,Punjab,Lahore,Rural Road,Good,Clear,Street Light,Truck/Lorry,2,Signal Violation,0,0,0,0,4,0,Medium
2022,6,Monday,19,Punjab,Sheikhupura,Urban Road,Poor,Clear,Dawn/Dusk,Motorcycle,1,Pedestrian Error,1,0,0,0,2,0,Low
2018,7,Saturday,13,Punjab,Rahim Yar Khan,Provincial Highway,Average,Clear,Dawn/Dusk,Truck/Lorry,3,Over Speeding,1,1,0,0,3,2,Medium
2018,3,Monday,20,Punjab,Bahawalpur,Rural Road,Average,Clear,No Light,Rickshaw,4,Over Speeding,1,0,0,0,0,0,Low
2020,2,Tuesday,9,Balochistan,Chaman,Urban Road,Average,Clear,Dawn/Dusk,Car/Taxi,1,Pedestrian Error,1,0,0,1,1,0,Low
2018,8,Thursday,16,Sindh,Nawabshah,Rural Road,Average,Clear,Street Light,Motorcycle,3,Mechanical Failure,0,0,0,0,2,0,Low
2023,3,Friday,16,Punjab,Rahim Yar Khan,Urban Road,Good,Dusty/Smoggy,Daylight,Car/Taxi,2,Road Condition,0,0,0,0,1,0,Low
2021,9,Friday,19,Punjab,Sargodha,National Highway,Poor,Clear,Daylight,Rickshaw,3,Over Speeding,1,0,0,0,1,0,Medium
2020,2,Tuesday,21,Islamabad,Islamabad,Urban Road,Average,Clear,No Light,Motorcycle,1,Over Speeding,0,0,0,1,5,0,Medium
2018,6,Tuesday,22,Sindh,Nawabshah,Rural Road,Under Repair,Dusty/Smoggy,Street Light,Bus/Coach,2,Weather Condition,0,0,1,0,0,0,Low
2021,5,Thursday,23,Sindh,Sukkur,Rural Road,Under Repair,Rainy,No Light,Motorcycle,2,Over Speeding,0,0,1,0,11,3,High
2020,6,Tuesday,5,Sindh,Jacobabad,National Highway,Poor,Rainy,Dawn/Dusk,Car/Taxi,2,Over Speeding,0,0,1,0,11,1,High
2022,4,Sunday,18,Punjab,Sargodha,Provincial Highway,Good,Clear,Daylight,Motorcycle,2,Mechanical Failure,1,1,0,0,2,1,Medium
2023,9,Monday,23,AJK,Mirpur,Provincial Highway,Average,Clear,Street Light,Bus/Coach,4,Road Condition,0,0,1,0,5,0,Medium
2022,3,Tuesday,17,Punjab,Rawalpindi,National Highway,Average,Clear,Dawn/Dusk,Motorcycle,4,Road Condition,1,0,0,0,8,2,High
2020,10,Thursday,18,KPK,Mardan,National Highway,Average,Foggy,Daylight,Motorcycle,1,Driver Fatigue,1,0,0,0,11,4,High
2019,7,Tuesday,18,Punjab,Lahore,Motorway,Average,Rainy,Daylight,Bicycle,2,Over Speeding,1,0,0,0,9,3,High
2022,12,Wednesday,11,Sindh,Dadu,National Highway,Poor,Extreme Heat,Street Light,Motorcycle,2,Signal Violation,0,0,0,1,10,1,High
2019,4,Saturday,17,Balochistan,Loralai,National Highway,Good,Clear,Daylight,Van/Pickup,2,Over Speeding,1,1,0,0,2,0,Medium
2022,1,Sunday,17,KPK,Kohat,Rural Road,Good,Dusty/Smoggy,Daylight,Truck/Lorry,2,Wrong Overtaking,1,1,0,1,0,0,Low
2020,12,Saturday,15,Punjab,Gujranwala,Motorway,Good,Foggy,Daylight,Motorcycle,4,Over Speeding,0,1,0,1,8,2,High
2021,7,Sunday,12,Sindh,Larkana,Urban Road,Good,Clear,Street Light,Motorcycle,1,Wrong Overtaking,1,1,0,0,5,1,Medium
2022,2,Thursday,14,Punjab,Sheikhupura,Provincial Highway,Good,Clear,Daylight,Motorcycle,1,Over Speeding,0,0,0,1,9,0,High
2020,10,Thursday,21,Islamabad,Islamabad,Rural Road,Poor,Extreme Heat,No Light,Motorcycle,2,Signal Violation,0,0,0,0,5,2,Medium
2021,8,Sunday,12,KPK,Swat,Rural Road,Poor,Dusty/Smoggy,Dawn/Dusk,Other,4,Over Speeding,1,1,0,0,2,0,Low
2021,3,Tuesday,20,Punjab,Sargodha,Rural Road,Good,Clear,Street Light,Car/Taxi,1,Pedestrian Error,1,0,0,0,1,0,Low
2021,7,Saturday,8,Punjab,Bahawalpur,Urban Road,Poor,Foggy,Daylight,Car/Taxi,2,Wrong Overtaking,1,1,0,0,5,0,Medium
2022,1,Friday,19,Punjab,Rahim Yar Khan,National Highway,Good,Clear,Dawn/Dusk,Bus/Coach,2,Road Condition,1,0,0,1,3,1,Medium
2022,12,Wednesday,17,KPK,Kohat,Provincial Highway,Poor,Rainy,Street Light,Rickshaw,1,Signal Violation,1,0,0,1,4,1,Medium
2021,11,Saturday,10,Sindh,Kashmore,Rural Road,Under Repair,Dusty/Smoggy,Daylight,Car/Taxi,2,Wrong Overtaking,0,1,0,1,2,0,Low
2023,7,Monday,14,Punjab,Sheikhupura,Provincial Highway,Average,Clear,Daylight,Car/Taxi,2,Driver Fatigue,0,0,0,0,0,0,Low
2021,2,Sunday,12,Balochistan,Hub,Provincial Highway,Poor,Extreme Heat,Daylight,Car/Taxi,2,Wrong Overtaking,1,1,0,1,0,0,Low
2021,3,Friday,18,Punjab,Sheikhupura,Urban Road,Good,Rainy,Street Light,Bus/Coach,2,Signal Violation,1,0,0,0,4,2,Medium
2022,7,Friday,12,Punjab,Rahim Yar Khan,Urban Road,Good,Rainy,Daylight,Motorcycle,2,Over Speeding,1,0,0,0,5,1,High
2018,9,Sunday,10,Punjab,Sheikhupura,Rural Road,Good,Clear,Daylight,Truck/Lorry,1,Signal Violation,0,1,0,0,1,0,Low
2018,12,Saturday,10,Punjab,Rahim Yar Khan,National Highway,Good,Clear,Daylight,Other,3,Over Speeding,0,1,0,1,5,0,High
2023,7,Tuesday,2,Sindh,Sukkur,Urban Road,Poor,Clear,Street Light,Car/Taxi,2,Drunk Driving,0,0,1,0,3,0,Medium
2023,3,Monday,8,Sindh,Karachi,National Highway,Poor,Clear,No Light,Motorcycle,3,Signal Violation,1,0,0,0,7,2,High
2023,7,Thursday,15,Punjab,Lahore,Rural Road,Poor,Foggy,Daylight,Motorcycle,2,Pedestrian Error,0,0,0,0,0,1,Low
2019,3,Wednesday,10,Punjab,Sialkot,Urban Road,Poor,Clear,Daylight,Motorcycle,1,Road Condition,0,0,0,0,1,0,Low
2021,7,Monday,11,Punjab,Sheikhupura,Provincial Highway,Poor,Clear,Daylight,Car/Taxi,1,Pedestrian Error,0,0,0,0,0,0,Low
2022,10,Friday,10,Punjab,Sargodha,Urban Road,Average,Clear,Daylight,Car/Taxi,2,Pedestrian Error,0,0,0,0,0,0,Low
2018,2,Thursday,20,Punjab,Faisalabad,Urban Road,Good,Clear,No Light,Car/Taxi,3,Road Condition,1,0,0,1,0,0,Low
2021,1,Monday,13,Punjab,Sialkot,National Highway,Good,Extreme Heat,Daylight,Motorcycle,2,Wrong Overtaking,1,0,0,1,3,1,High
2022,5,Friday,6,Punjab,Sheikhupura,Provincial Highway,Under Repair,Rainy,Daylight,Bus/Coach,1,Wrong Overtaking,0,0,0,0,5,1,Medium
2020,3,Thursday,9,KPK,Abbottabad,National Highway,Average,Clear,Daylight,Rickshaw,2,Wrong Overtaking,1,0,0,0,3,0,Medium
2018,11,Friday,12,Punjab,Sialkot,Rural Road,Average,Clear,Daylight,Motorcycle,4,Signal Violation,1,0,0,1,2,1,Medium
2022,4,Sunday,15,KPK,Nowshera,National Highway,Average,Clear,Daylight,Motorcycle,2,Over Speeding,0,1,0,0,10,0,High
2023,2,Saturday,18,Punjab,Faisalabad,National Highway,Good,Clear,Daylight,Rickshaw,1,Driver Fatigue,1,1,0,1,4,1,Medium
2023,3,Tuesday,4,Sindh,Dadu,Rural Road,Poor,Foggy,Street Light,Car/Taxi,1,Driver Fatigue,0,0,1,0,5,1,Medium
2022,8,Saturday,8,KPK,Dera Ismail Khan,Rural Road,Good,Rainy,Daylight,Motorcycle,3,Signal Violation,1,1,0,0,5,2,High
2021,1,Saturday,18,Sindh,Kashmore,National Highway,Average,Rainy,Street Light,Bicycle,3,Road Condition,1,1,0,1,4,0,High
2023,6,Saturday,12,Punjab,Gujranwala,Provincial Highway,Good,Clear,Daylight,Motorcycle,4,Pedestrian Error,1,1,0,0,5,0,Medium
2019,8,Wednesday,5,Punjab,Sialkot,Urban Road,Poor,Clear,Dawn/Dusk,Car/Taxi,1,Drunk Driving,0,0,1,0,1,0,Medium
2019,7,Tuesday,2,KPK,Mardan,Rural Road,Under Repair,Clear,No Light,Motorcycle,2,Over Speeding,0,0,1,0,9,0,High
2023,6,Saturday,13,Sindh,Jacobabad,Provincial Highway,Average,Clear,Street Light,Motorcycle,1,Over Speeding,1,1,0,0,8,1,High
2021,3,Wednesday,21,Punjab,Multan,Rural Road,Good,Clear,No Light,Car/Taxi,2,Signal Violation,0,0,0,0,1,0,Low
2018,3,Monday,11,Islamabad,Islamabad,Provincial Highway,Good,Clear,Daylight,Motorcycle,1,Signal Violation,0,0,0,0,6,2,High
2020,6,Wednesday,18,Sindh,Mirpur Khas,Urban Road,Average,Clear,Daylight,Motorcycle,1,Over Speeding,1,0,0,0,2,0,Medium
2020,12,Monday,13,KPK,Nowshera,National Highway,Average,Foggy,Street Light,Truck/Lorry,2,Pedestrian Error,1,0,0,1,3,1,Medium
2021,8,Thursday,11,Punjab,Sialkot,Urban Road,Poor,Clear,Daylight,Motorcycle,2,Wrong Overtaking,0,0,0,0,2,1,Medium
2018,6,Wednesday,5,Punjab,Gujranwala,National Highway,Good,Clear,Daylight,Motorcycle,2,Over Speeding,0,0,1,0,11,0,High
2018,1,Saturday,7,Sindh,Sukkur,Provincial Highway,Average,Extreme Heat,Dawn/Dusk,Rickshaw,2,Mechanical Failure,1,1,0,1,0,0,Low
2022,8,Saturday,8,Sindh,Nawabshah,Urban Road,Poor,Clear,Daylight,Car/Taxi,2,Wrong Overtaking,1,1,0,0,1,0,Low
2022,4,Monday,17,Punjab,Sialkot,Provincial Highway,Average,Clear,Daylight,Motorcycle,1,Pedestrian Error,1,0,0,0,1,0,Medium
2018,1,Tuesday,8,Sindh,Nawabshah,Rural Road,Good,Extreme Heat,Dawn/Dusk,Truck/Lorry,2,Driver Fatigue,1,0,0,1,2,1,Medium
2022,12,Monday,23,KPK,Peshawar,Urban Road,Poor,Foggy,No Light,Bicycle,1,Over Speeding,0,0,1,1,2,1,High
2023,6,Tuesday,10,Punjab,Faisalabad,National Highway,Poor,Clear,Street Light,Car/Taxi,2,Driver Fatigue,0,0,0,0,8,2,High
2021,2,Wednesday,16,KPK,Bannu,Urban Road,Average,Clear,Street Light,Motorcycle,1,Over Speeding,0,0,0,1,2,3,High
2019,12,Friday,22,Punjab,Sheikhupura,National Highway,Average,Dusty/Smoggy,Street Light,Motorcycle,1,Drunk Driving,0,0,1,1,7,2,High
2021,2,Friday,15,Sindh,Dadu,Provincial Highway,Poor,Rainy,Daylight,Car/Taxi,3,Over Speeding,0,0,0,1,7,2,High
2023,1,Tuesday,16,Punjab,Gujranwala,Urban Road,Poor,Foggy,Daylight,Truck/Lorry,1,Over Speeding,0,0,0,1,5,1,Medium
2022,4,Saturday,8,Sindh,Mirpur Khas,National Highway,Average,Dusty/Smoggy,Daylight,Car/Taxi,1,Road Condition,1,1,0,0,2,0,Medium
2021,4,Monday,18,Punjab,Multan,National Highway,Good,Clear,Daylight,Car/Taxi,2,Wrong Overtaking,1,0,0,0,4,1,Medium
2023,12,Saturday,21,KPK,Charsadda,Provincial Highway,Good,Clear,Street Light,Bicycle,1,Wrong Overtaking,0,1,0,1,4,1,Medium
2022,7,Wednesday,9,Sindh,Thatta,Provincial Highway,Poor,Foggy,Daylight,Car/Taxi,1,Mechanical Failure,1,0,0,0,2,0,Medium
2022,11,Friday,12,Sindh,Hyderabad,National Highway,Good,Clear,Daylight,Motorcycle,2,Pedestrian Error,1,0,0,1,11,1,High
2023,1,Sunday,14,Balochistan,Sibi,Urban Road,Good,Clear,Daylight,Bus/Coach,3,Over Speeding,0,1,0,1,2,0,Medium
2021,7,Sunday,21,Punjab,Lahore,National Highway,Poor,Rainy,Street Light,Motorcycle,2,Signal Violation,0,1,0,0,8,2,High
2023,6,Sunday,5,Sindh,Larkana,Urban Road,Good,Rainy,Dawn/Dusk,Car/Taxi,2,Drunk Driving,0,1,1,0,5,1,High
2021,1,Saturday,18,Punjab,Rawalpindi,Urban Road,Average,Clear,Daylight,Bus/Coach,2,Road Condition,1,1,0,1,0,0,Low
2021,10,Thursday,9,Islamabad,Islamabad,Urban Road,Good,Rainy,Daylight,Rickshaw,2,Signal Violation,1,0,0,0,1,0,Medium
2021,7,Monday,17,KPK,Mardan,Provincial Highway,Good,Clear,Daylight,Truck/Lorry,4,Road Condition,1,0,0,0,0,0,Low
2021,2,Thursday,22,KPK,Dera Ismail Khan,Urban Road,Average,Clear,No Light,Motorcycle,2,Over Speeding,0,0,1,1,4,1,High
2022,7,Thursday,17,Punjab,Lahore,Provincial Highway,Good,Foggy,Daylight,Rickshaw,1,Over Speeding,1,0,0,0,8,0,High
2020,7,Wednesday,16,Punjab,Sheikhupura,Urban Road,Good,Clear,Daylight,Motorcycle,2,Road Condition,0,0,0,0,2,0,Medium
2020,10,Sunday,21,Punjab,Gujranwala,Urban Road,Good,Clear,Street Light,Rickshaw,1,Road Condition,0,1,0,0,2,0,Low
2021,11,Friday,11,Sindh,Larkana,National Highway,Under Repair,Extreme Heat,Daylight,Rickshaw,3,Over Speeding,0,0,0,1,2,2,Medium
2023,1,Thursday,16,Punjab,Lahore,National Highway,Poor,Clear,Dawn/Dusk,Van/Pickup,1,Wrong Overtaking,0,0,0,1,2,0,Low
2022,10,Saturday,22,Punjab,Rahim Yar Khan,National Highway,Poor,Clear,Street Light,Motorcycle,2,Mechanical Failure,0,1,1,0,1,0,Medium
2019,12,Wednesday,10,Sindh,Nawabshah,National Highway,Good,Dusty/Smoggy,Daylight,Motorcycle,1,Over Speeding,0,0,0,1,11,0,High
2022,1,Thursday,20,KPK,Mansehra,Rural Road,Average,Dusty/Smoggy,No Light,Rickshaw,1,Pedestrian Error,1,0,0,1,1,1,Low
2019,12,Friday,18,Punjab,Sargodha,Urban Road,Under Repair,Clear,Daylight,Van/Pickup,1,Wrong Overtaking,1,0,0,1,0,1,Low
2023,12,Friday,9,Balochistan,Loralai,Provincial Highway,Good,Rainy,Dawn/Dusk,Motorcycle,2,Mechanical Failure,1,0,0,1,5,0,Medium
2018,5,Wednesday,7,Punjab,Faisalabad,National Highway,Good,Foggy,Daylight,Motorcycle,3,Over Speeding,1,0,0,0,7,1,High
2018,2,Friday,13,Punjab,Sialkot,Provincial Highway,Good,Clear,Daylight,Bus/Coach,2,Road Condition,1,0,0,1,2,0,Low
2022,7,Saturday,13,KPK,Abbottabad,Rural Road,Good,Clear,Daylight,Motorcycle,1,Drunk Driving,1,1,0,0,3,3,High
2020,6,Thursday,10,Sindh,Hyderabad,Urban Road,Average,Clear,Daylight,Motorcycle,2,Over Speeding,0,0,0,0,3,0,Medium
2023,11,Tuesday,13,Islamabad,Islamabad,Provincial Highway,Good,Clear,Dawn/Dusk,Bus/Coach,4,Signal Violation,1,0,0,1,2,0,Low
2019,2,Sunday,16,Sindh,Larkana,Rural Road,Average,Clear,Daylight,Car/Taxi,3,Wrong Overtaking,0,1,0,1,1,0,Low
2018,12,Monday,22,Islamabad,Islamabad,Urban Road,Poor,Clear,Street Light,Bus/Coach,2,Over Speeding,0,0,1,1,7,0,High
2021,12,Saturday,21,Punjab,Sargodha,National Highway,Good,Rainy,No Light,Motorcycle,2,Wrong Overtaking,0,1,0,1,2,1,High
2020,6,Tuesday,11,Sindh,Mirpur Khas,Urban Road,Good,Dusty/Smoggy,Daylight,Motorcycle,3,Wrong Overtaking,0,0,0,0,2,1,Medium
2021,8,Sunday,13,Gilgit-Baltistan,Skardu,Urban Road,Good,Clear,Daylight,Car/Taxi,3,Over Speeding,1,1,0,0,1,0,Low
2021,1,Saturday,18,Punjab,Sargodha,Rural Road,Poor,Clear,Daylight,Motorcycle,1,Road Condition,1,1,0,1,5,1,Medium
2021,4,Friday,13,Punjab,Rahim Yar Khan,Urban Road,Good,Clear,Daylight,Car/Taxi,2,Signal Violation,1,0,0,0,0,0,Low
2021,6,Friday,13,Punjab,Multan,Urban Road,Good,Clear,Dawn/Dusk,Rickshaw,2,Mechanical Failure,1,0,0,0,1,0,Low
2021,3,Saturday,15,Balochistan,Quetta,Rural Road,Average,Clear,Daylight,Bus/Coach,1,Over Speeding,0,1,0,0,5,0,Medium
2021,7,Sunday,21,Sindh,Nawabshah,Rural Road,Good,Dusty/Smoggy,No Light,Motorcycle,4,Wrong Overtaking,0,1,0,0,1,0,Low
2022,4,Wednesday,5,Sindh,Thatta,Provincial Highway,Good,Dusty/Smoggy,No Light,Motorcycle,1,Driver Fatigue,0,0,1,0,10,2,High
2018,1,Tuesday,8,KPK,Peshawar,National Highway,Good,Clear,Dawn/Dusk,Motorcycle,2,Drunk Driving,1,0,0,1,11,0,High
2021,4,Tuesday,22,KPK,Nowshera,National Highway,Average,Foggy,Street Light,Motorcycle,2,Drunk Driving,0,0,1,0,4,3,High
2020,3,Saturday,20,Sindh,Jacobabad,National Highway,Good,Clear,No Light,Motorcycle,2,Mechanical Failure,1,1,0,0,4,1,Medium
2021,8,Tuesday,10,Balochistan,Quetta,Provincial Highway,Good,Clear,Daylight,Motorcycle,2,Over Speeding,0,0,0,0,5,1,High
2021,7,Wednesday,20,Sindh,Hyderabad,Urban Road,Good,Rainy,No Light,Bus/Coach,2,Over Speeding,1,0,0,0,3,0,Medium
2023,1,Thursday,7,KPK,Dera Ismail Khan,National Highway,Average,Extreme Heat,Street Light,Bus/Coach,2,Road Condition,1,0,0,1,1,1,Medium
2019,11,Saturday,15,Punjab,Faisalabad,Urban Road,Average,Clear,Street Light,Car/Taxi,4,Signal Violation,0,1,0,1,0,0,Low
2020,5,Sunday,16,Punjab,Rahim Yar Khan,National Highway,Poor,Dusty/Smoggy,Street Light,Car/Taxi,2,Over Speeding,0,1,0,0,3,1,Medium
2022,7,Friday,12,Balochistan,Gwadar,Provincial Highway,Poor,Clear,Daylight,Car/Taxi,2,Road Condition,1,0,0,0,0,0,Low
2019,12,Tuesday,6,Punjab,Faisalabad,Urban Road,Average,Clear,Daylight,Car/Taxi,2,Driver Fatigue,0,0,0,1,2,0,Low
2023,9,Sunday,6,Punjab,Gujranwala,Provincial Highway,Average,Clear,Daylight,Bus/Coach,1,Signal Violation,0,1,0,0,4,0,Medium