year,month,day_of_week,hour_of_day,province,district,road_type,road_condition,weather_condition,lighting_condition,vehicle_type,vehicles_involved,accident_cause,is_rush_hour,is_weekend,is_night,is_foggy_month,num_injured,num_killed,severity
2018,7,Thursday,13,KPK,Charsadda,National Highway,Poor,Clear,Daylight,Motorcycle,3,Pedestrian Error,1,0,0,0,6,1,High
2023,12,Saturday,18,Sindh,Hyderabad,Rural Road,Good,Clear,Daylight,Other,1,Mechanical Failure,1,1,0,1,0,0,Low
2023,11,Saturday,19,Punjab,Bahawalpur,Provincial Highway,Average,Rainy,Dawn/Dusk,Motorcycle,3,Signal Violation,1,1,0,1,1,1,Medium
2021,4,Wednesday,10,KPK,Swat,Rural Road,Under Repair,Foggy,Daylight,Car/Taxi,1,Pedestrian Error,0,0,0,0,1,0,Low
2019,3,Friday,7,Sindh,Jacobabad,Rural Road,Poor,Clear,Daylight,Bus/Coach,3,Over Speeding,1,0,0,0,5,0,Medium
2020,7,Monday,8,Balochistan,Zhob,Urban Road,Average,Clear,Daylight,Motorcycle,1,Over Speeding,1,0,0,0,1,1,Medium
2018,2,Tuesday,21,Sindh,Larkana,National Highway,Poor,Foggy,No Light,Truck/Lorry,3,Wrong Overtaking,0,0,0,1,1,1,Medium
2023,1,Friday,11,Punjab,Sialkot,Rural Road,Average,Rainy,Daylight,Bus/Coach,3,Mechanical Failure,0,0,0,1,0,0,Low
2022,7,Sunday,19,Punjab,Rawalpindi,Rural Road,Poor,Clear,Dawn/Dusk,Motorcycle,2,Signal Violation,1,1,0,0,1,0,Medium
2023,1,Tuesday,2,Punjab,Rahim Yar Khan,Rural Road,Good,Foggy,No Light,Motorcycle,4,Wrong Overtaking,0,0,1,1,2,0,High
2022,7,Wednesday,19,Punjab,Multan,National Highway,Good,Clear,Dawn/Dusk,Motorcycle,3,Signal Violation,1,0,0,0,8,2,High
2023,9,Thursday,19,Punjab,Multan,Provincial Highway,Poor,Rainy,Daylight,Motorcycle,1,Wrong Overtaking,1,0,0,0,5,3,High
2019,7,Sunday,8,Islamabad,Islamabad,National Highway,Poor,Clear,Daylight,Motorcycle,2,Over Speeding,1,1,0,0,7,1,High
2023,9,Sunday,19,Balochistan,Sibi,Urban Road,Good,Foggy,Street Light,Motorcycle,3,Mechanical Failure,1,1,0,0,5,1,Medium
2018,6,Saturday,8,Sindh,Karachi,Rural Road,Average,Clear,Daylight,Car/Taxi,2,Over Speeding,1,1,0,0,5,0,Medium
2020,11,Monday,21,Punjab,Bahawalpur,Urban Road,Average,Clear,Street Light,Car/Taxi,2,Road Condition,0,0,0,1,0,0,Low
2018,9,Friday,9,Punjab,Sheikhupura,Provincial Highway,Average,Clear,Dawn/Dusk,Car/Taxi,2,Over Speeding,1,0,0,0,0,0,Low
2018,3,Saturday,8,Punjab,Bahawalpur,Rural Road,Poor,Clear,Daylight,Truck/Lorry,3,Pedestrian Error,1,1,0,0,1,0,Low
2018,9,Friday,19,Balochistan,Hub,National Highway,Good,Clear,Dawn/Dusk,Car/Taxi,1,Wrong Overtaking,1,0,0,0,5,0,Medium
2023,3,Thursday,18,Sindh,Thatta,National Highway,Average,Clear,Street Light,Motorcycle,1,Mechanical Failure,1,0,0,0,4,0,Medium
2019,7,Sunday,6,KPK,Kohat,Urban Road,Average,Clear,Daylight,Motorcycle,2,Driver Fatigue,0,1,0,0,5,0,Medium
2023,7,Friday,6,Sindh,Jacobabad,Motorway,Average,Clear,Daylight,Motorcycle,3,Road Condition,0,0,0,0,2,0,Medium
2022,8,Tuesday,11,Sindh,Larkana,Provincial Highway,Poor,Extreme Heat,Street Light,Motorcycle,4,Over Speeding,0,0,0,0,11,3,High
2021,2,Friday,16,Sindh,Kashmore,Provincial Highway,Poor,Dusty/Smoggy,Daylight,Truck/Lorry,3,Wrong Overtaking,0,0,0,1,2,0,Low
2020,9,Saturday,15,Punjab,Sialkot,Provincial Highway,Good,Rainy,No Light,Rickshaw,3,Drunk Driving,0,1,0,0,5,2,Medium
2022,9,Monday,7,Sindh,Nawabshah,National Highway,Poor,Extreme Heat,Daylight,Motorcycle,2,Pedestrian Error,1,0,0,0,7,1,High
2020,7,Thursday,17,Balochistan,Zhob,Provincial Highway,Poor,Foggy,Dawn/Dusk,Other,2,Pedestrian Error,1,0,0,0,0,0,Low
2023,11,Saturday,13,Sindh,Karachi,Provincial Highway,Average,Clear,Daylight,Motorcycle,2,Signal Violation,1,1,0,1,8,1,High
2020,4,Wednesday,23,Sindh,Sukkur,Provincial Highway,Good,Clear,No Light,Motorcycle,2,Over Speeding,0,0,1,0,9,3,High
2022,11,Saturday,6,Sindh,Karachi,National Highway,Average,Dusty/Smoggy,Daylight,Motorcycle,2,Signal Violation,0,1,0,1,1,0,Medium
2023,8,Thursday,16,Punjab,Sheikhupura,Urban Road,Good,Rainy,Daylight,Motorcycle,2,Pedestrian Error,0,0,0,0,1,1,Medium
2021,9,Friday,20,Sindh,Sukkur,National Highway,Poor,Rainy,Street Light,Motorcycle,3,Road Condition,1,0,0,0,1,0,Medium
2020,8,Saturday,18,Punjab,Bahawalpur,Rural Road,Under Repair,Clear,Daylight,Motorcycle,2,Pedestrian Error,1,1,0,0,2,0,Low
2023,3,Sunday,5,Islamabad,Islamabad,National Highway,Good,Clear,Dawn/Dusk,Motorcycle,1,Wrong Overtaking,0,1,1,0,6,2,High
2019,12,Saturday,7,Punjab,Gujranwala,National Highway,Poor,Clear,Daylight,Car/Taxi,2,Wrong Overtaking,1,1,0,1,4,0,Medium
2022,8,Friday,22,Sindh,Jacobabad,Motorway,Good,Dusty/Smoggy,No Light,Motorcycle,2,Road Condition,0,0,1,0,3,1,High
2023,6,Friday,15,Punjab,Faisalabad,Provincial Highway,Good,Rainy,Daylight,Bus/Coach,2,Over Speeding,0,0,0,0,5,0,Medium
2020,12,Tuesday,3,Punjab,Multan,Urban Road,Average,Foggy,No Light,Motorcycle,1,Over Speeding,0,0,1,1,3,0,High
2023,10,Saturday,13,Sindh,Larkana,Rural Road,Under Repair,Foggy,Dawn/Dusk,Motorcycle,3,Drunk Driving,1,1,0,0,9,1,High
2022,2,Wednesday,9,AJK,Rawalakot,Provincial Highway,Good,Clear,Daylight,Motorcycle,3,Wrong Overtaking,1,0,0,1,2,1,Medium
2019,10,Sunday,21,KPK,Mardan,Provincial Highway,Average,Rainy,No Light,Motorcycle,2,Over Speeding,0,1,0,0,3,3,High
2021,12,Wednesday,9,Punjab,Rahim Yar Khan,National Highway,Average,Foggy,Dawn/Dusk,Motorcycle,4,Signal Violation,1,0,0,1,11,1,High
2019,7,Tuesday,17,Sindh,Dadu,National Highway,Poor,Rainy,Daylight,Car/Taxi,1,Signal Violation,1,0,0,0,10,2,High
2022,12,Sunday,10,Punjab,Faisalabad,Urban Road,Under Repair,Clear,No Light,Truck/Lorry,2,Over Speeding,0,1,0,1,1,0,Low
2020,4,Tuesday,19,Sindh,Karachi,Provincial Highway,Poor,Rainy,Dawn/Dusk,Car/Taxi,2,Pedestrian Error,1,0,0,0,2,0,Low
2023,9,Friday,13,Punjab,Gujranwala,National Highway,Poor,Clear,Street Light,Bus/Coach,4,Signal Violation,1,0,0,0,6,0,High
2021,5,Friday,7,KPK,Charsadda,Urban Road,Average,Foggy,Dawn/Dusk,Rickshaw,1,Drunk Driving,1,0,0,0,4,0,Medium
2023,1,Wednesday,18,Punjab,Bahawalpur,Urban Road,Poor,Clear,Daylight,Bicycle,2,Mechanical Failure,1,0,0,1,3,1,Medium
2018,5,Wednesday,16,Punjab,Gujranwala,Urban Road,Good,Clear,Dawn/Dusk,Car/Taxi,4,Over Speeding,0,0,0,0,3,0,Medium
2021,6,Friday,18,Balochistan,Quetta,Provincial Highway,Good,Clear,Daylight,Bicycle,3,Road Condition,1,0,0,0,2,1,Medium
2021,12,Saturday,9,Islamabad,Islamabad,Rural Road,Good,Clear,No Light,Car/Taxi,1,Over Speeding,1,1,0,1,1,0,Low
2023,8,Thursday,17,Punjab,Sargodha,Provincial Highway,Good,Extreme Heat,Daylight,Motorcycle,2,Signal Violation,1,0,0,0,4,0,Medium
2023,6,Wednesday,20,Punjab,Sargodha,Provincial Highway,Good,Clear,No Light,Motorcycle,1,Wrong Overtaking,1,0,0,0,8,2,High
2020,2,Friday,6,KPK,Dera Ismail Khan,Urban Road,Average,Rainy,Daylight,Motorcycle,1,Pedestrian Error,0,0,0,1,1,0,Low
2018,6,Saturday,20,Sindh,Jacobabad,National Highway,Average,Clear,No Light,Car/Taxi,3,Road Condition,1,1,0,0,0,0,Low
2021,12,Wednesday,5,Islamabad,Islamabad,Rural Road,Average,Clear,No Light,Rickshaw,2,Road Condition,0,0,1,1,1,1,Low
2020,11,Friday,9,Punjab,Sialkot,Rural Road,Poor,Rainy,Daylight,Motorcycle,1,Mechanical Failure,1,0,0,1,5,0,Medium
2018,8,Monday,10,Punjab,Faisalabad,National Highway,Good,Rainy,Daylight,Bicycle,2,Over Speeding,0,0,0,0,8,0,High
2022,2,Friday,22,Punjab,Bahawalpur,Urban Road,Average,Dusty/Smoggy,No Light,Motorcycle,1,Signal Violation,0,0,1,1,2,1,Medium
2022,6,Sunday,17,Sindh,Karachi,Provincial Highway,Good,Foggy,Daylight,Motorcycle,2,Road Condition,1,1,0,0,4,1,Medium
2020,3,Monday,18,KPK,Peshawar,National Highway,Average,Rainy,No Light,Rickshaw,1,Over Speeding,1,0,0,0,2,0,High
2020,3,Wednesday,15,KPK,Nowshera,National Highway,Good,Clear,No Light,Motorcycle,1,Signal Violation,0,0,0,0,4,1,Medium
2018,5,Thursday,13,Balochistan,Quetta,Urban Road,Good,Extreme Heat,Daylight,Car/Taxi,1,Over Speeding,1,0,0,0,4,0,Medium
2018,8,Thursday,6,Punjab,Multan,National Highway,Average,Rainy,Daylight,Rickshaw,2,Pedestrian Error,0,0,0,0,0,0,Low
2020,12,Sunday,13,KPK,Dera Ismail Khan,National Highway,Good,Clear,No Light,Motorcycle,3,Signal Violation,1,1,0,1,3,1,High
2021,7,Tuesday,20,KPK,Mansehra,Urban Road,Good,Dusty/Smoggy,No Light,Bus/Coach,1,Road Condition,1,0,0,0,1,0,Low
2018,5,Saturday,8,KPK,Kohat,Provincial Highway,Average,Dusty/Smoggy,Daylight,Car/Taxi,1,Over Speeding,1,1,0,0,2,0,Medium
2023,5,Thursday,8,Punjab,Sheikhupura,Provincial Highway,Poor,Clear,Dawn/Dusk,Car/Taxi,3,Weather Condition,1,0,0,0,0,0,Low
2020,3,Tuesday,20,Sindh,Thatta,Rural Road,Good,Rainy,No Light,Truck/Lorry,2,Mechanical Failure,1,0,0,0,2,0,Low
2018,7,Tuesday,19,Sindh,Sukkur,Rural Road,Average,Clear,Dawn/Dusk,Motorcycle,1,Wrong Overtaking,1,0,0,0,2,1,Medium
2021,1,Saturday,7,Sindh,Sukkur,Urban Road,Good,Clear,Daylight,Motorcycle,2,Drunk Driving,1,1,0,1,3,1,Medium
2019,12,Wednesday,1,Punjab,Sialkot,National Highway,Good,Dusty/Smoggy,No Light,Bus/Coach,1,Over Speeding,0,0,1,1,9,1,High
2023,4,Monday,23,KPK,Abbottabad,Urban Road,Poor,Clear,Street Light,Other,2,Over Speeding,0,0,1,0,2,0,Low
2018,4,Wednesday,17,KPK,Peshawar,National Highway,Under Repair,Clear,Daylight,Bus/Coach,1,Over Speeding,1,0,0,0,2,0,High
2018,7,Wednesday,18,Punjab,Sialkot,Provincial Highway,Poor,Clear,Street Light,Motorcycle,1,Drunk Driving,1,0,0,0,2,0,High
2020,5,Friday,22,Sindh,Karachi,National Highway,Good,Foggy,No Light,Rickshaw,3,Over Speeding,0,0,1,0,8,2,High
2023,9,Sunday,8,Sindh,Hyderabad,Urban Road,Good,Clear,Daylight,Motorcycle,2,Signal Violation,1,1,0,0,3,1,Medium
2021,8,Thursday,19,KPK,Bannu,National Highway,Good,Dusty/Smoggy,Street Light,Motorcycle,2,Wrong Overtaking,1,0,0,0,5,4,High
2023,12,Monday,11,KPK,Mardan,National Highway,Poor,Extreme Heat,Daylight,Motorcycle,2,Wrong Overtaking,0,0,0,1,4,1,Medium
2022,12,Friday,21,Sindh,Hyderabad,National Highway,Average,Rainy,No Light,Car/Taxi,1,Road Condition,0,0,0,1,2,0,Medium
2021,4,Monday,10,Sindh,Mirpur Khas,Urban Road,Poor,Clear,No Light,Car/Taxi,2,Signal Violation,0,0,0,0,0,1,Low
2023,6,Saturday,11,Punjab,Multan,Rural Road,Poor,Clear,Daylight,Rickshaw,1,Pedestrian Error,0,1,0,0,0,0,Low
2020,9,Thursday,17,Punjab,Multan,Provincial Highway,Average,Dusty/Smoggy,No Light,Car/Taxi,4,Wrong Overtaking,1,0,0,0,1,0,Low
2021,10,Thursday,15,Punjab,Rahim Yar Khan,Rural Road,Average,Dusty/Smoggy,Daylight,Bicycle,4,Signal Violation,0,0,0,0,1,0,Medium
2020,4,Tuesday,17,Punjab,Rawalpindi,Rural Road,Average,Dusty/Smoggy,Daylight,Motorcycle,2,Wrong Overtaking,1,0,0,0,2,0,Medium
2020,10,Sunday,1,KPK,Swat,Provincial Highway,Good,Clear,No Light,Bus/Coach,2,Mechanical Failure,0,1,1,0,1,1,Low
2019,5,Tuesday,4,AJK,Rawalakot,Provincial Highway,Good,Clear,Street Light,Bus/Coach,1,Mechanical Failure,0,0,1,0,1,0,Medium
2019,1,Friday,13,Punjab,Rawalpindi,Motorway,Poor,Dusty/Smoggy,Dawn/Dusk,Car/Taxi,4,Over Speeding,1,0,0,1,1,1,Medium
2021,4,Monday,0,Islamabad,Islamabad,Rural Road,Average,Clear,No Light,Motorcycle,4,Over Speeding,0,0,1,0,4,0,Medium
2021,9,Saturday,15,Sindh,Nawabshah,Rural Road,Good,Foggy,Daylight,Truck/Lorry,2,Over Speeding,0,1,0,0,7,4,High
2020,7,Thursday,17,Punjab,Rawalpindi,Urban Road,Average,Rainy,Daylight,Motorcycle,1,Wrong Overtaking,1,0,0,0,5,0,Medium
2021,11,Wednesday,6,Punjab,Sialkot,National Highway,Poor,Extreme Heat,Daylight,Van/Pickup,2,Over Speeding,0,0,0,1,4,0,High
2023,5,Wednesday,18,KPK,Dera Ismail Khan,Urban Road,Poor,Clear,Daylight,Rickshaw,1,Signal Violation,1,0,0,0,1,1,Low
2023,12,Saturday,23,KPK,Peshawar,Rural Road,Average,Dusty/Smoggy,Street Light,Bus/Coach,1,Signal Violation,0,1,1,1,0,0,Low
2020,5,Wednesday,22,Punjab,Rawalpindi,Rural Road,Average,Clear,No Light,Car/Taxi,3,Over Speeding,0,0,1,0,4,0,Medium
2022,7,Saturday,17,Punjab,Multan,Rural Road,Average,Clear,Daylight,Car/Taxi,2,Over Speeding,1,1,0,0,1,0,Low
2020,7,Thursday,12,Balochistan,Gwadar,Rural Road,Average,Rainy,Daylight,Car/Taxi,1,Road Condition,1,0,0,0,0,0,Low
2023,3,Sunday,16,Punjab,Multan,Provincial Highway,Poor,Clear,Daylight,Car/Taxi,1,Road Condition,0,1,0,0,0,0,Low
2021,11,Friday,23,KPK,Peshawar,Provincial Highway,Poor,Clear,Street Light,Bus/Coach,2,Road Condition,0,0,1,1,5,0,Medium
2021,8,Tuesday,17,Punjab,Faisalabad,National Highway,Good,Rainy,Daylight,Motorcycle,1,Pedestrian Error,1,0,0,0,5,1,Medium
2022,3,Tuesday,11,Sindh,Karachi,Rural Road,Poor,Extreme Heat,Daylight,Van/Pickup,4,Over Speeding,0,0,0,0,2,0,Medium
2020,7,Tuesday,9,Sindh,Larkana,Urban Road,Average,Clear,No Light,Motorcycle,2,Driver Fatigue,1,0,0,0,11,0,High
2018,5,Sunday,23,Sindh,Dadu,Rural Road,Good,Foggy,No Light,Rickshaw,3,Over Speeding,0,1,1,0,5,0,Medium
2019,12,Saturday,19,Punjab,Bahawalpur,Motorway,Average,Clear,No Light,Motorcycle,1,Signal Violation,1,1,0,1,11,1,High
2021,12,Saturday,19,Punjab,Lahore,Rural Road,Good,Rainy,Street Light,Car/Taxi,2,Pedestrian Error,1,1,0,1,2,0,Low
2019,3,Friday,10,KPK,Charsadda,National Highway,Good,Clear,Daylight,Motorcycle,1,Over Speeding,0,0,0,0,2,3,High
2020,8,Saturday,21,Punjab,Faisalabad,National Highway,Good,Foggy,No Light,Car/Taxi,2,Over Speeding,0,1,0,0,9,1,High
2019,2,Saturday,5,Sindh,Mirpur Khas,Rural Road,Poor,Dusty/Smoggy,No Light,Van/Pickup,2,Over Speeding,0,1,1,1,2,0,Low
2023,1,Saturday,8,Balochistan,Sibi,Urban Road,Good,Clear,Daylight,Van/Pickup,2,Drunk Driving,1,1,0,1,0,0,Low
2022,7,Monday,10,KPK,Bannu,Provincial Highway,Under Repair,Foggy,No Light,Rickshaw,1,Signal Violation,0,0,0,0,3,0,Medium
2023,2,Friday,2,Punjab,Lahore,National Highway,Good,Clear,Street Light,Motorcycle,3,Wrong Overtaking,0,0,1,1,5,1,High
2019,11,Friday,20,Sindh,Dadu,Provincial Highway,Poor,Clear,No Light,Motorcycle,4,Pedestrian Error,1,0,0,1,2,0,Low
2022,7,Friday,9,Sindh,Nawabshah,Rural Road,Good,Rainy,Daylight,Bicycle,3,Over Speeding,1,0,0,0,2,3,High
2019,7,Saturday,8,Punjab,Lahore,National Highway,Poor,Clear,Daylight,Motorcycle,2,Wrong Overtaking,1,1,0,0,11,0,High
2022,8,Monday,9,Punjab,Sargodha,Provincial Highway,Average,Clear,No Light,Car/Taxi,2,Driver Fatigue,1,0,0,0,3,0,Medium
2019,7,Tuesday,12,Punjab,Rawalpindi,National Highway,Poor,Clear,Daylight,Motorcycle,1,Wrong Overtaking,1,0,0,0,7,2,High
2019,1,Tuesday,8,Sindh,Mirpur Khas,Rural Road,Under Repair,Extreme Heat,Street Light,Bicycle,1,Mechanical Failure,1,0,0,1,1,1,Medium
2022,4,Sunday,19,KPK,Swat,Rural Road,Poor,Extreme Heat,Dawn/Dusk,Rickshaw,3,Mobile Phone Use,1,1,0,0,2,0,Low
2021,12,Tuesday,0,Balochistan,Khuzdar,Provincial Highway,Good,Clear,No Light,Motorcycle,2,Mechanical Failure,0,0,1,1,3,0,Medium
2022,5,Saturday,14,KPK,Abbottabad,National Highway,Good,Clear,Daylight,Motorcycle,2,Driver Fatigue,0,1,0,0,8,2,High
2022,8,Monday,18,Sindh,Larkana,Provincial Highway,Good,Rainy,Daylight,Motorcycle,2,Over Speeding,1,0,0,0,5,0,High
2020,5,Tuesday,10,Islamabad,Islamabad,Rural Road,Average,Clear,Daylight,Car/Taxi,1,Pedestrian Error,0,0,0,0,1,0,Low
2023,5,Sunday,8,Sindh,Sukkur,Provincial Highway,Poor,Clear,Daylight,Motorcycle,3,Wrong Overtaking,1,1,0,0,4,1,Medium
2021,11,Friday,9,Sindh,Nawabshah,Rural Road,Poor,Extreme Heat,Dawn/Dusk,Motorcycle,2,Wrong Overtaking,1,0,0,1,4,0,Medium
2022,10,Saturday,0,Balochistan,Turbat,Rural Road,Good,Foggy,Street Light,Bus/Coach,1,Road Condition,0,1,1,0,1,0,Medium
2022,3,Sunday,23,Punjab,Lahore,Rural Road,Good,Clear,Street Light,Rickshaw,2,Pedestrian Error,0,1,1,0,2,0,Low
2022,6,Sunday,21,Punjab,Sheikhupura,Provincial Highway,Good,Clear,Street Light,Motorcycle,1,Over Speeding,0,1,0,0,11,2,High
2019,11,Sunday,18,KPK,Nowshera,Urban Road,Average,Extreme Heat,Daylight,Van/Pickup,2,Road Condition,1,1,0,1,2,0,Low
2022,2,Saturday,12,Balochistan,Quetta,National Highway,Under Repair,Foggy,Daylight,Motorcycle,1,Drunk Driving,1,1,0,1,9,1,High
2023,10,Tuesday,12,Punjab,Bahawalpur,Provincial Highway,Average,Clear,Daylight,Rickshaw,3,Road Condition,1,0,0,0,2,0,Low
2022,9,Monday,23,KPK,Peshawar,Provincial Highway,Average,Foggy,No Light,Other,1,Over Speeding,0,0,1,0,8,1,High
2023,5,Thursday,14,Sindh,Karachi,National Highway,Good,Dusty/Smoggy,Dawn/Dusk,Motorcycle,2,Over Speeding,0,0,0,0,6,0,High
2021,5,Tuesday,7,KPK,Mansehra,Motorway,Good,Clear,Daylight,Bus/Coach,1,Pedestrian Error,1,0,0,0,5,0,Medium
2023,6,Thursday,17,Punjab,Rahim Yar Khan,Provincial Highway,Good,Rainy,Daylight,Motorcycle,1,Over Speeding,1,0,0,0,8,1,High
2019,5,Friday,7,AJK,Muzaffarabad,Provincial Highway,Poor,Clear,Dawn/Dusk,Motorcycle,2,Wrong Overtaking,1,0,0,0,5,4,High
2018,10,Saturday,12,Balochistan,Khuzdar,National Highway,Average,Foggy,Daylight,Bicycle,1,Road Condition,1,1,0,0,1,0,Medium
2023,12,Wednesday,18,Punjab,Faisalabad,National Highway,Average,Clear,No Light,Car/Taxi,3,Pedestrian Error,1,0,0,1,0,0,Low
2021,2,Tuesday,20,Balochistan,Dera Bugti,National Highway,Average,Rainy,Street Light,Motorcycle,2,Driver Fatigue,1,0,0,1,8,2,High
2018,12,Friday,6,Balochistan,Quetta,Urban Road,Under Repair,Clear,Daylight,Motorcycle,1,Pedestrian Error,0,0,0,1,4,0,Medium
2019,10,Saturday,16,Sindh,Nawabshah,Urban Road,Poor,Rainy,Street Light,Car/Taxi,2,Wrong Overtaking,0,1,0,0,1,0,Low
2019,9,Sunday,23,Islamabad,Islamabad,National Highway,Poor,Clear,Street Light,Bus/Coach,4,Wrong Overtaking,0,1,1,0,9,2,High
2022,8,Saturday,16,AJK,Muzaffarabad,Rural Road,Good,Foggy,Daylight,Motorcycle,1,Mobile Phone Use,0,1,0,0,1,1,Medium
2021,12,Monday,8,Punjab,Rahim Yar Khan,Rural Road,Poor,Clear,Daylight,Motorcycle,1,Pedestrian Error,1,0,0,1,0,0,Low
2023,6,Friday,19,Punjab,Sargodha,Urban Road,Average,Dusty/Smoggy,No Light,Motorcycle,1,Over Speeding,1,0,0,0,3,1,Medium
2021,12,Sunday,20,Punjab,Gujranwala,Provincial Highway,Good,Clear,No Light,Motorcycle,1,Pedestrian Error,1,1,0,1,2,0,Low
2021,12,Tuesday,14,Sindh,Nawabshah,Urban Road,Poor,Foggy,Street Light,Van/Pickup,2,Mechanical Failure,0,0,0,1,2,0,Low
2023,3,Wednesday,16,Punjab,Faisalabad,National Highway,Poor,Clear,Daylight,Truck/Lorry,1,Over Speeding,0,0,0,0,10,0,High
2022,6,Sunday,23,Punjab,Lahore,National Highway,Poor,Foggy,No Light,Van/Pickup,3,Over Speeding,0,1,1,0,4,1,High
2022,3,Sunday,10,AJK,Mirpur,Urban Road,Poor,Rainy,Daylight,Car/Taxi,2,Over Speeding,0,1,0,0,1,0,Medium
2019,5,Monday,6,KPK,Mardan,National Highway,Average,Foggy,Daylight,Motorcycle,2,Over Speeding,0,0,0,0,9,2,High
2023,1,Sunday,12,Balochistan,Khuzdar,Urban Road,Good,Foggy,No Light,Motorcycle,3,Mechanical Failure,1,1,0,1,4,0,Medium
2018,3,Sunday,11,AJK,Muzaffarabad,Urban Road,Good,Foggy,Daylight,Car/Taxi,1,Wrong Overtaking,0,1,0,0,2,2,Medium
2023,6,Monday,10,Punjab,Bahawalpur,Provincial Highway,Good,Foggy,Dawn/Dusk,Car/Taxi,2,Road Condition,0,0,0,0,2,0,Medium
2019,8,Wednesday,23,KPK,Nowshera,Rural Road,Good,Foggy,No Light,Motorcycle,2,Wrong Overtaking,0,0,1,0,1,0,Medium
2022,10,Saturday,10,Punjab,Rahim Yar Khan,Provincial Highway,Good,Rainy,Daylight,Bus/Coach,3,Signal Violation,0,1,0,0,2,0,Medium
2020,6,Thursday,19,Sindh,Thatta,Rural Road,Good,Clear,No Light,Motorcycle,2,Signal Violation,1,0,0,0,5,2,Medium
2022,6,Saturday,7,Punjab,Gujranwala,Urban Road,Good,Clear,Daylight,Car/Taxi,1,Wrong Overtaking,1,1,0,0,1,0,Low
2022,5,Saturday,21,Punjab,Sialkot,National Highway,Poor,Clear,Street Light,Bus/Coach,2,Pedestrian Error,0,1,0,0,0,0,Low
2020,6,Friday,10,Punjab,Rawalpindi,Urban Road,Good,Rainy,Daylight,Car/Taxi,2,Driver Fatigue,0,0,0,0,4,0,Medium
2022,7,Wednesday,8,Sindh,Jacobabad,Rural Road,Average,Foggy,Daylight,Truck/Lorry,1,Over Speeding,1,0,0,0,2,0,Medium
2018,9,Friday,17,Islamabad,Islamabad,National Highway,Poor,Rainy,Daylight,Motorcycle,3,Pedestrian Error,1,0,0,0,4,3,High
2021,7,Friday,0,Punjab,Multan,National Highway,Good,Rainy,No Light,Car/Taxi,1,Over Speeding,0,0,1,0,4,0,High
2023,11,Monday,17,Sindh,Hyderabad,Urban Road,Good,Clear,Daylight,Motorcycle,2,Mechanical Failure,1,0,0,1,0,0,Low
2022,1,Thursday,16,KPK,Nowshera,Motorway,Average,Clear,Dawn/Dusk,Motorcycle,2,Driver Fatigue,0,0,0,1,4,1,High
2021,11,Thursday,21,Sindh,Nawabshah,Provincial Highway,Good,Foggy,No Light,Motorcycle,1,Over Speeding,0,0,0,1,5,0,High
2021,8,Wednesday,17,Balochistan,Quetta,National Highway,Good,Foggy,Dawn/Dusk,Motorcycle,3,Road Condition,1,0,0,0,4,1,Medium
2018,6,Wednesday,20,Punjab,Sheikhupura,National Highway,Poor,Rainy,No Light,Rickshaw,1,Wrong Overtaking,1,0,0,0,4,0,Medium
2023,3,Monday,7,Punjab,Sheikhupura,Urban Road,Average,Rainy,Daylight,Motorcycle,4,Wrong Overtaking,1,0,0,0,2,3,High
2023,3,Tuesday,9,Punjab,Rahim Yar Khan,National Highway,Average,Extreme Heat,Daylight,Rickshaw,1,Over Speeding,1,0,0,0,5,0,Medium
2021,12,Saturday,15,Sindh,Sukkur,Urban Road,Poor,Clear,Street Light,Motorcycle,1,Road Condition,0,1,0,1,5,0,Medium
2023,7,Tuesday,8,Punjab,Rahim Yar Khan,Provincial Highway,Good,Rainy,Street Light,Car/Taxi,2,Signal Violation,1,0,0,0,3,0,Medium
2022,11,Wednesday,19,Punjab,Lahore,Urban Road,Average,Dusty/Smoggy,No Light,Van/Pickup,1,Pedestrian Error,1,0,0,1,1,0,Low
2020,6,Friday,17,KPK,Nowshera,Provincial Highway,Average,Clear,Daylight,Bus/Coach,4,Road Condition,1,0,0,0,0,1,Low
2023,8,Sunday,12,Punjab,Multan,National Highway,Good,Extreme Heat,Daylight,Motorcycle,2,Signal Violation,1,1,0,0,4,0,Medium
2020,3,Monday,3,Sindh,Sukkur,National Highway,Good,Clear,Street Light,Motorcycle,1,Over Speeding,0,0,1,0,7,0,High
2021,6,Sunday,14,Islamabad,Islamabad,Urban Road,Poor,Rainy,Daylight,Motorcycle,3,Wrong Overtaking,0,1,0,0,1,1,Medium
2023,11,Friday,13,Sindh,Thatta,National Highway,Poor,Foggy,Daylight,Motorcycle,4,Road Condition,1,0,0,1,3,2,High
2019,11,Thursday,7,Sindh,Dadu,Provincial Highway,Poor,Clear,Daylight,Rickshaw,1,Wrong Overtaking,1,0,0,1,1,0,Low
2021,6,Tuesday,21,Punjab,Bahawalpur,Urban Road,Good,Clear,No Light,Motorcycle,1,Over Speeding,0,0,0,0,4,4,High
2021,1,Friday,20,Sindh,Larkana,Provincial Highway,Average,Clear,No Light,Van/Pickup,2,Over Speeding,1,0,0,1,4,2,Medium
2019,5,Friday,6,KPK,Nowshera,Provincial Highway,Poor,Foggy,Daylight,Motorcycle,1,Road Condition,0,0,0,0,9,1,High
2021,10,Saturday,21,KPK,Mardan,Rural Road,Poor,Foggy,No Light,Car/Taxi,1,Wrong Overtaking,0,1,0,0,0,0,Low
2023,10,Friday,13,Sindh,Karachi,Rural Road,Good,Rainy,Daylight,Motorcycle,1,Weather Condition,1,0,0,0,0,0,Low
2019,7,Thursday,11,KPK,Peshawar,Rural Road,Average,Foggy,Daylight,Truck/Lorry,1,Signal Violation,0,0,0,0,0,0,Low